排名,詞彙,出現次數
1,嘖嘖野田雀,2
2,嘖野田雀不,2
3,野田雀不知,2
4,田雀不知軀,2
5,雀不知軀體,2
6,不知軀體微,2
7,知軀體微閑,2
8,軀體微閑穿,2
9,體微閑穿深,2
10,微閑穿深蒿,2
11,閑穿深蒿裏,2
12,穿深蒿裏爭,2
13,深蒿裏爭食,2
14,蒿裏爭食複,2
15,裏爭食複爭,2
16,爭食複爭飛,2
17,食複爭飛窮,2
18,複爭飛窮老,2
19,爭飛窮老一,2
20,飛窮老一頹,2
21,窮老一頹舍,2
22,老一頹舍棗,2
23,一頹舍棗多,2
24,頹舍棗多桑,2
25,舍棗多桑樹,2
26,棗多桑樹稀,2
27,多桑樹稀無,2
28,桑樹稀無棗,2
29,樹稀無棗猶,2
30,稀無棗猶可,2
31,無棗猶可食,2
32,棗猶可食無,2
33,猶可食無桑,2
34,可食無桑何,2
35,食無桑何以,2
36,無桑何以衣,2
37,桑何以衣蕭,2
38,何以衣蕭條,2
39,以衣蕭條空,2
40,衣蕭條空倉,2
41,蕭條空倉暮,2
42,條空倉暮相,2
43,空倉暮相引,2
44,倉暮相引時,2
45,暮相引時來,2
46,相引時來歸,2
47,路豈不捷渚,2
48,豈不捷渚田,2
49,不捷渚田豈,2
50,捷渚田豈不,2
51,渚田豈不肥,2
52,田豈不肥水,2
53,豈不肥水長,2
54,不肥水長路,2
55,肥水長路且,2
56,水長路且壞,2
57,長路且壞惻,2
58,路且壞惻惻,2
59,且壞惻惻與,2
60,壞惻惻與心,2
61,惻惻與心違,2
62,菱葉疏獨往,2
63,葉疏獨往方,2
64,疏獨往方自,2
65,獨往方自得,2
66,往方自得恥,2
67,方自得恥邀,2
68,自得恥邀淇,2
69,得恥邀淇上,2
70,恥邀淇上姝,2
71,邀淇上姝廣,2
72,淇上姝廣江,2
73,上姝廣江無,2
74,姝廣江無術,2
75,廣江無術阡,2
76,江無術阡大,2
77,無術阡大澤,2
78,術阡大澤絕,2
79,阡大澤絕方,2
80,大澤絕方隅,2
81,澤絕方隅浪,2
82,絕方隅浪中,2
83,方隅浪中海,2
84,隅浪中海童,2
85,浪中海童語,2
86,中海童語流,2
87,海童語流下,2
88,童語流下鮫,2
89,語流下鮫人,2
90,流下鮫人居,2
91,下鮫人居春,2
92,鮫人居春雁,2
93,人居春雁時,2
94,居春雁時隱,2
95,春雁時隱舟,2
96,雁時隱舟新,2
97,複滿湖采采,2
98,滿湖采采乘,2
99,湖采采乘日,2
100,采采乘日暮,2
101,采乘日暮不,2
102,乘日暮不思,2
103,日暮不思賢,2
104,暮不思賢與,2
105,不思賢與愚,2
106,思賢與愚濁,2
107,賢與愚濁水,2
108,與愚濁水菱,2
109,愚濁水菱葉,2
110,濁水菱葉肥,2
111,水菱葉肥清,2
112,菱葉肥清水,2
113,葉肥清水菱,2
114,肥清水菱葉,2
115,清水菱葉鮮,2
116,水菱葉鮮義,2
117,菱葉鮮義不,2
118,葉鮮義不游,2
119,鮮義不游濁,2
120,義不游濁水,2
121,不游濁水志,2
122,游濁水志士,2
123,濁水志士多,2
124,水志士多苦,2
125,志士多苦言,2
126,士多苦言潮,2
127,多苦言潮沒,2
128,苦言潮沒具,2
129,言潮沒具區,2
130,潮沒具區藪,2
131,沒具區藪潦,2
132,具區藪潦深,2
133,區藪潦深雲,2
134,藪潦深雲夢,2
135,潦深雲夢田,2
136,深雲夢田朝,2
137,雲夢田朝隨,2
138,夢田朝隨北,2
139,田朝隨北風,2
140,朝隨北風去,2
141,隨北風去暮,2
142,北風去暮逐,2
143,風去暮逐南,2
144,去暮逐南風,2
145,浦口多漁家,2
146,口多漁家相,2
147,多漁家相與,2
148,漁家相與邀,2
149,家相與邀我,2
150,相與邀我船,2
151,與邀我船飯,2
152,邀我船飯稻,2
153,我船飯稻以,2
154,船飯稻以終,2
155,飯稻以終日,2
156,稻以終日羹,2
157,以終日羹蓴,2
158,終日羹蓴將,2
159,日羹蓴將永,2
160,羹蓴將永年,2
161,蓴將永年方,2
162,將永年方冬,2
163,永年方冬水,2
164,年方冬水物,2
165,方冬水物窮,2
166,冬水物窮又,2
167,水物窮又欲,2
168,物窮又欲休,2
169,窮又欲休山,2
170,又欲休山樊,2
171,欲休山樊盡,2
172,休山樊盡室,2
173,山樊盡室相,2
174,樊盡室相隨,2
175,盡室相隨從,2
176,室相隨從所,2
177,相隨從所貴,2
178,隨從所貴無,2
179,從所貴無憂,2
180,所貴無憂患,2
181,漢家秦地月,1
182,家秦地月流,1
183,秦地月流影,1
184,地月流影照,1
185,月流影照明,1
186,流影照明妃,1
187,影照明妃一,1
188,照明妃一上,1
189,明妃一上玉,1
190,妃一上玉關,1
191,一上玉關道,1
192,上玉關道天,1
193,玉關道天涯,1
194,關道天涯去,1
195,道天涯去不,1
196,天涯去不歸,1
197,涯去不歸昭,1
198,去不歸昭君,1
199,不歸昭君拂,1
200,歸昭君拂玉,1
201,昭君拂玉鞍,1
202,君拂玉鞍上,1
203,拂玉鞍上馬,1
204,玉鞍上馬啼,1
205,鞍上馬啼紅,1
206,上馬啼紅頰,1
207,馬啼紅頰今,1
208,啼紅頰今日,1
209,紅頰今日漢,1
210,頰今日漢宮,1
211,今日漢宮人,1
212,日漢宮人明,1
213,漢宮人明朝,1
214,宮人明朝胡,1
215,人明朝胡地,1
216,明朝胡地妾,1
217,朝胡地妾長,1
218,胡地妾長歌,1
219,地妾長歌破,1
220,妾長歌破衣,1
221,長歌破衣襟,1
222,歌破衣襟短,1
223,破衣襟短歌,1
224,衣襟短歌斷,1
225,襟短歌斷白,1
226,短歌斷白髮,1
227,歌斷白髮秦,1
228,斷白髮秦王,1
229,白髮秦王不,1
230,髮秦王不可,1
231,秦王不可見,1
232,王不可見旦,1
233,不可見旦夕,1
234,可見旦夕成,1
235,見旦夕成內,1
236,旦夕成內熱,1
237,夕成內熱渴,1
238,成內熱渴飲,1
239,內熱渴飲壺,1
240,熱渴飲壺中,1
241,渴飲壺中酒,1
242,飲壺中酒饑,1
243,壺中酒饑拔,1
244,中酒饑拔隴,1
245,酒饑拔隴頭,1
246,饑拔隴頭粟,1
247,拔隴頭粟淒,1
248,隴頭粟淒淒,1
249,頭粟淒淒四,1
250,粟淒淒四月,1
251,淒淒四月蘭,1
252,淒四月蘭千,1
253,四月蘭千里,1
254,月蘭千里一,1
255,蘭千里一時,1
256,千里一時綠,1
257,里一時綠夜,1
258,一時綠夜峰,1
259,時綠夜峰何,1
260,綠夜峰何離,1
261,夜峰何離離,1
262,峰何離離月,1
263,何離離月明,1
264,離離月明落,1
265,離月明落石,1
266,月明落石底,1
267,明落石底裴,1
268,落石底裴回,1
269,石底裴回沿,1
270,底裴回沿石,1
271,裴回沿石尋,1
272,回沿石尋照,1
273,沿石尋照出,1
274,石尋照出高,1
275,尋照出高峰,1
276,照出高峰外,1
277,出高峰外不,1
278,高峰外不得,1
279,峰外不得與,1
280,外不得與之,1
281,不得與之游,1
282,得與之游歌,1
283,與之游歌成,1
284,之游歌成鬢,1
285,游歌成鬢先,1
286,歌成鬢先改,1
287,成鬢先改嘖,1
288,鬢先改嘖嘖,1
289,先改嘖嘖野,1
290,改嘖嘖野田,1
291,引時來歸邪,1
292,時來歸邪路,1
293,來歸邪路豈,1
294,歸邪路豈不,1
295,邪路豈不捷,1
296,惻與心違淺,1
297,與心違淺渚,1
298,心違淺渚荷,1
299,違淺渚荷花,1
300,淺渚荷花繁,1
301,渚荷花繁深,1
302,荷花繁深塘,1
303,花繁深塘菱,1
304,繁深塘菱葉,1
305,深塘菱葉疏,1
306,塘菱葉疏獨,1
307,時隱舟新荷,1
308,隱舟新荷複,1
309,舟新荷複滿,1
310,新荷複滿湖,1
311,荷複滿湖采,1
312,暮逐南風還,1
313,逐南風還浦,1
314,南風還浦口,1
315,風還浦口多,1
316,還浦口多漁,1
317,貴無憂患入,1
318,無憂患入與,1
319,憂患入與真,1
320,患入與真主,1
321,入與真主言,1
322,與真主言有,1
323,真主言有騎,1
324,主言有騎天,1
325,言有騎天馬,1
326,有騎天馬來,1
327,騎天馬來但,1
328,天馬來但有,1
329,馬來但有華,1
330,來但有華清,1
331,但有華清宮,1
332,有華清宮不,1
333,華清宮不用,1
334,清宮不用神,1
335,宮不用神明,1
336,不用神明台,1
337,用神明台肅,1
338,神明台肅肅,1
339,明台肅肅長,1
340,台肅肅長自,1
341,肅肅長自閑,1
342,肅長自閑門,1
343,長自閑門靜,1
344,自閑門靜無,1
345,閑門靜無人,1
346,門靜無人開,1
347,靜無人開嘖,1
348,無人開嘖嘖,1
349,人開嘖嘖野,1
350,開嘖嘖野田,1
351,引時來歸斜,1
352,時來歸斜路,1
353,來歸斜路豈,1
354,歸斜路豈不,1
355,斜路豈不捷,1
356,惻與心違山,1
357,與心違山北,1
358,心違山北饒,1
359,違山北饒朽,1
360,山北饒朽木,1
361,北饒朽木山,1
362,饒朽木山南,1
363,朽木山南多,1
364,木山南多枯,1
365,山南多枯枝,1
366,南多枯枝枯,1
367,多枯枝枯枝,1
368,枯枝枯枝作,1
369,枝枯枝作采,1
370,枯枝作采薪,1
371,枝作采薪爨,1
372,作采薪爨室,1
373,采薪爨室私,1
374,薪爨室私自,1
375,爨室私自知,1
376,室私自知詰,1
377,私自知詰朝,1
378,自知詰朝礪,1
379,知詰朝礪斧,1
380,詰朝礪斧尋,1
381,朝礪斧尋視,1
382,礪斧尋視暮,1
383,斧尋視暮行,1
384,尋視暮行歌,1
385,視暮行歌歸,1
386,暮行歌歸先,1
387,行歌歸先雪,1
388,歌歸先雪隱,1
389,歸先雪隱薜,1
390,先雪隱薜荔,1
391,雪隱薜荔迎,1
392,隱薜荔迎暄,1
393,薜荔迎暄臥,1
394,荔迎暄臥茅,1
395,迎暄臥茅茨,1
396,暄臥茅茨清,1
397,臥茅茨清澗,1
398,茅茨清澗日,1
399,茨清澗日濯,1
400,清澗日濯足,1
401,澗日濯足喬,1
402,日濯足喬木,1
403,濯足喬木時,1
404,足喬木時曝,1
405,喬木時曝衣,1
406,木時曝衣終,1
407,時曝衣終年,1
408,曝衣終年登,1
409,衣終年登險,1
410,終年登險阻,1
411,年登險阻不,1
412,登險阻不復,1
413,險阻不復憂,1
414,阻不復憂安,1
415,不復憂安危,1
416,復憂安危蕩,1
417,憂安危蕩漾,1
418,安危蕩漾與,1
419,危蕩漾與神,1
420,蕩漾與神游,1
421,漾與神游莫,1
422,與神游莫知,1
423,神游莫知是,1
424,游莫知是與,1
425,莫知是與非,1
426,知是與非澤,1
427,是與非澤魚,1
428,與非澤魚好,1
429,非澤魚好鳴,1
430,澤魚好鳴水,1
431,魚好鳴水溪,1
432,好鳴水溪魚,1
433,鳴水溪魚好,1
434,水溪魚好上,1
435,溪魚好上流,1
436,魚好上流漁,1
437,好上流漁梁,1
438,上流漁梁不,1
439,流漁梁不得,1
440,漁梁不得意,1
441,梁不得意下,1
442,不得意下渚,1
443,得意下渚潛,1
444,意下渚潛垂,1
445,下渚潛垂鉤,1
446,渚潛垂鉤亂,1
447,潛垂鉤亂荇,1
448,垂鉤亂荇時,1
449,鉤亂荇時礙,1
450,亂荇時礙楫,1
451,荇時礙楫新,1
452,時礙楫新蘆,1
453,礙楫新蘆複,1
454,楫新蘆複隱,1
455,新蘆複隱舟,1
456,蘆複隱舟靜,1
457,複隱舟靜言,1
458,隱舟靜言念,1
459,舟靜言念終,1
460,靜言念終始,1
461,言念終始安,1
462,念終始安坐,1
463,終始安坐看,1
464,始安坐看沉,1
465,安坐看沉浮,1
466,坐看沉浮素,1
467,看沉浮素發,1
468,沉浮素發隨,1
469,浮素發隨風,1
470,素發隨風揚,1
471,發隨風揚遠,1
472,隨風揚遠心,1
473,風揚遠心與,1
474,揚遠心與雲,1
475,遠心與雲遊,1
476,心與雲遊逆,1
477,與雲遊逆浪,1
478,雲遊逆浪還,1
479,遊逆浪還極,1
480,逆浪還極浦,1
481,浪還極浦信,1
482,還極浦信潮,1
483,極浦信潮下,1
484,浦信潮下滄,1
485,信潮下滄洲,1
486,潮下滄洲非,1
487,下滄洲非為,1
488,滄洲非為徇,1
489,洲非為徇形,1
490,非為徇形役,1
491,為徇形役所,1
492,徇形役所樂,1
493,形役所樂在,1
494,役所樂在行,1
495,所樂在行休,1
496,樂在行休不,1
497,在行休不言,1
498,行休不言牧,1
499,休不言牧田,1
500,不言牧田遠,1
501,言牧田遠不,1
502,牧田遠不道,1
503,田遠不道牧,1
504,遠不道牧陂,1
505,不道牧陂深,1
506,道牧陂深所,1
507,牧陂深所念,1
508,陂深所念牛,1
509,深所念牛馴,1
510,所念牛馴擾,1
511,念牛馴擾不,1
512,牛馴擾不亂,1
513,馴擾不亂牧,1
514,擾不亂牧童,1
515,不亂牧童心,1
516,亂牧童心圓,1
517,牧童心圓笠,1
518,童心圓笠覆,1
519,心圓笠覆我,1
520,圓笠覆我首,1
521,笠覆我首長,1
522,覆我首長蓑,1
523,我首長蓑披,1
524,首長蓑披我,1
525,長蓑披我襟,1
526,蓑披我襟方,1
527,披我襟方將,1
528,我襟方將憂,1
529,襟方將憂暑,1
530,方將憂暑雨,1
531,將憂暑雨亦,1
532,憂暑雨亦以,1
533,暑雨亦以懼,1
534,雨亦以懼寒,1
535,亦以懼寒陰,1
536,以懼寒陰大,1
537,懼寒陰大牛,1
538,寒陰大牛隱,1
539,陰大牛隱層,1
540,大牛隱層阪,1
541,牛隱層阪小,1
542,隱層阪小牛,1
543,層阪小牛穿,1
544,阪小牛穿近,1
545,小牛穿近林,1
546,牛穿近林同,1
547,穿近林同類,1
548,近林同類相,1
549,林同類相鼓,1
550,同類相鼓舞,1
551,類相鼓舞觸,1
552,相鼓舞觸物,1
553,鼓舞觸物成,1
554,舞觸物成謳,1
555,觸物成謳吟,1
556,物成謳吟取,1
557,成謳吟取樂,1
558,謳吟取樂須,1
559,吟取樂須臾,1
560,取樂須臾間,1
561,樂須臾間寧,1
562,須臾間寧問,1
563,臾間寧問聲,1
564,間寧問聲與,1
565,寧問聲與音,1
566,問聲與音淺,1
567,聲與音淺渚,1
568,與音淺渚荇,1
569,音淺渚荇花,1
570,淺渚荇花繁,1
571,渚荇花繁深,1
572,荇花繁深潭,1
573,花繁深潭菱,1
574,繁深潭菱葉,1
575,深潭菱葉疏,1
576,潭菱葉疏獨,1
577,時隱舟新萍,1
578,隱舟新萍複,1
579,舟新萍複滿,1
580,新萍複滿湖,1
581,萍複滿湖采,1
582,暮逐南風旋,1
583,逐南風旋浦,1
584,南風旋浦口,1
585,風旋浦口多,1
586,旋浦口多漁,1
587,貴無憂患曝,1
588,無憂患曝暄,1
589,憂患曝暄理,1
590,患曝暄理新,1
591,曝暄理新翳,1
592,暄理新翳迎,1
593,理新翳迎春,1
594,新翳迎春射,1
595,翳迎春射鳴,1
596,迎春射鳴雉,1
597,春射鳴雉原,1
598,射鳴雉原田,1
599,鳴雉原田遙,1
600,雉原田遙一,1
601,原田遙一色,1
602,田遙一色皋,1
603,遙一色皋陸,1
604,一色皋陸曠,1
605,色皋陸曠千,1
606,皋陸曠千里,1
607,陸曠千里遙,1
608,曠千里遙聞,1
609,千里遙聞咿,1
610,里遙聞咿喔,1
611,遙聞咿喔聲,1
612,聞咿喔聲時,1
613,咿喔聲時見,1
614,喔聲時見雙,1
615,聲時見雙飛,1
616,時見雙飛起,1
617,見雙飛起冪,1
618,雙飛起冪疏,1
619,飛起冪疏蒿,1
620,起冪疏蒿下,1
621,冪疏蒿下毰,1
622,疏蒿下毰毸,1
623,蒿下毰毸深,1
624,下毰毸深叢,1
625,毰毸深叢裏,1
626,毸深叢裏顧,1
627,深叢裏顧敵,1
628,叢裏顧敵已,1
629,裏顧敵已忘,1
630,顧敵已忘生,1
631,敵已忘生爭,1
632,已忘生爭雄,1
633,忘生爭雄方,1
634,生爭雄方決,1
635,爭雄方決死,1
636,雄方決死仁,1
637,方決死仁心,1
638,決死仁心貴,1
639,死仁心貴勇,1
640,仁心貴勇義,1
641,心貴勇義豈,1
642,貴勇義豈能,1
643,勇義豈能複,1
644,義豈能複傷,1
645,豈能複傷此,1
646,能複傷此超,1
647,複傷此超遙,1
648,傷此超遙下,1
649,此超遙下故,1
650,超遙下故墟,1
651,遙下故墟迢,1
652,下故墟迢遞,1
653,故墟迢遞回,1
654,墟迢遞回高,1
655,迢遞回高畤,1
656,遞回高畤大,1
657,回高畤大夫,1
658,高畤大夫昔,1
659,畤大夫昔何,1
660,大夫昔何苦,1
661,夫昔何苦取,1
662,昔何苦取笑,1
663,何苦取笑歡,1
664,苦取笑歡妻,1
665,取笑歡妻子,1
666,笑歡妻子寒,1
667,歡妻子寒亦,1
668,妻子寒亦不,1
669,子寒亦不憂,1
670,寒亦不憂雪,1
671,亦不憂雪饑,1
672,不憂雪饑亦,1
673,憂雪饑亦不,1
674,雪饑亦不食,1
675,饑亦不食人,1
676,亦不食人人,1
677,不食人人肉,1
678,食人人肉豈,1
679,人人肉豈不,1
680,人肉豈不甘,1
681,肉豈不甘所,1
682,豈不甘所惡,1
683,不甘所惡傷,1
684,甘所惡傷明,1
685,所惡傷明神,1
686,惡傷明神太,1
687,傷明神太室,1
688,明神太室為,1
689,神太室為我,1
690,太室為我宅,1
691,室為我宅孟,1
692,為我宅孟門,1
693,我宅孟門為,1
694,宅孟門為我,1
695,孟門為我鄰,1
696,門為我鄰百,1
697,為我鄰百獸,1
698,我鄰百獸為,1
699,鄰百獸為我,1
700,百獸為我膳,1
701,獸為我膳五,1
702,為我膳五龍,1
703,我膳五龍為,1
704,膳五龍為我,1
705,五龍為我賓,1
706,龍為我賓蒙,1
707,為我賓蒙馬,1
708,我賓蒙馬一,1
709,賓蒙馬一何,1
710,蒙馬一何威,1
711,馬一何威浮,1
712,一何威浮江,1
713,何威浮江一,1
714,威浮江一以,1
715,浮江一以仁,1
716,江一以仁彩,1
717,一以仁彩章,1
718,以仁彩章耀,1
719,仁彩章耀朝,1
720,彩章耀朝日,1
721,章耀朝日爪,1
722,耀朝日爪牙,1
723,朝日爪牙雄,1
724,日爪牙雄武,1
725,爪牙雄武臣,1
726,牙雄武臣高,1
727,雄武臣高雲,1
728,武臣高雲逐,1
729,臣高雲逐氣,1
730,高雲逐氣浮,1
731,雲逐氣浮厚,1
732,逐氣浮厚地,1
733,氣浮厚地隨,1
734,浮厚地隨聲,1
735,厚地隨聲震,1
736,地隨聲震君,1
737,隨聲震君能,1
738,聲震君能賈,1
739,震君能賈餘,1
740,君能賈餘勇,1
741,能賈餘勇日,1
742,賈餘勇日夕,1
743,餘勇日夕長,1
744,勇日夕長相,1
745,日夕長相親,1
746,夕長相親停,1
747,長相親停車,1
748,相親停車渭,1
749,親停車渭陽,1
750,停車渭陽暮,1
751,車渭陽暮望,1
752,渭陽暮望望,1
753,陽暮望望入,1
754,暮望望入秦,1
755,望望入秦京,1
756,望入秦京不,1
757,入秦京不見,1
758,秦京不見鵷,1
759,京不見鵷鸞,1
760,不見鵷鸞道,1
761,見鵷鸞道如,1
762,鵷鸞道如聞,1
763,鸞道如聞歌,1
764,道如聞歌吹,1
765,如聞歌吹聲,1
766,聞歌吹聲鄉,1
767,歌吹聲鄉魂,1
768,吹聲鄉魂涉,1
769,聲鄉魂涉江,1
770,鄉魂涉江水,1
771,魂涉江水客,1
772,涉江水客路,1
773,江水客路指,1
774,水客路指蒲,1
775,客路指蒲城,1
776,路指蒲城獨,1
777,指蒲城獨有,1
778,蒲城獨有故,1
779,城獨有故樓,1
780,獨有故樓月,1
781,有故樓月今,1
782,故樓月今來,1
783,樓月今來亭,1
784,月今來亭上,1
785,今來亭上明,1
786,來亭上明上,1
787,亭上明上在,1
788,上明上在蓬,1
789,明上在蓬萊,1
790,上在蓬萊宮,1
791,在蓬萊宮莫,1
792,蓬萊宮莫若,1
793,萊宮莫若居,1
794,宮莫若居華,1
795,莫若居華清,1
796,若居華清朝,1
797,居華清朝朝,1
798,華清朝朝禮,1
799,清朝朝禮玄,1
800,朝朝禮玄閣,1
801,朝禮玄閣日,1
802,禮玄閣日日,1
803,玄閣日日聞,1
804,閣日日聞體,1
805,日日聞體輕,1
806,日聞體輕大,1
807,聞體輕大聖,1
808,體輕大聖不,1
809,輕大聖不私,1
810,大聖不私己,1
811,聖不私己精,1
812,不私己精禋,1
813,私己精禋為,1
814,己精禋為群,1
815,精禋為群氓,1
816,禋為群氓上,1
817,為群氓上出,1
818,群氓上出蓬,1
819,氓上出蓬萊,1
820,上出蓬萊時,1
821,出蓬萊時六,1
822,蓬萊時六龍,1
823,萊時六龍儼,1
824,時六龍儼齊,1
825,六龍儼齊首,1
826,龍儼齊首長,1
827,儼齊首長道,1
828,齊首長道舒,1
829,首長道舒羽,1
830,長道舒羽儀,1
831,道舒羽儀彤,1
832,舒羽儀彤雲,1
833,羽儀彤雲映,1
834,儀彤雲映前,1
835,彤雲映前後,1
836,雲映前後天,1
837,映前後天聲,1
838,前後天聲殷,1
839,後天聲殷宇,1
840,天聲殷宇宙,1
841,聲殷宇宙真,1
842,殷宇宙真氣,1
843,宇宙真氣到,1
844,宙真氣到林,1
845,真氣到林藪,1
846,氣到林藪昔,1
847,到林藪昔在,1
848,林藪昔在軒,1
849,藪昔在軒轅,1
850,昔在軒轅朝,1
851,在軒轅朝五,1
852,軒轅朝五城,1
853,轅朝五城十,1
854,朝五城十二,1
855,五城十二樓,1
856,城十二樓今,1
857,十二樓今我,1
858,二樓今我神,1
859,樓今我神泉,1
860,今我神泉宮,1
861,我神泉宮獨,1
862,神泉宮獨在,1
863,泉宮獨在驪,1
864,宮獨在驪山,1
865,獨在驪山陬,1
866,在驪山陬群,1
867,驪山陬群方,1
868,山陬群方趨,1
869,陬群方趨順,1
870,群方趨順動,1
871,方趨順動百,1
872,趨順動百辟,1
873,順動百辟隨,1
874,動百辟隨天,1
875,百辟隨天遊,1
876,辟隨天遊正,1
877,隨天遊正月,1
878,天遊正月開,1
879,遊正月開陽,1
880,正月開陽和,1
881,月開陽和通,1
882,開陽和通門,1
883,陽和通門緝,1
884,和通門緝元,1
885,通門緝元化,1
886,門緝元化穆,1
887,緝元化穆穆,1
888,元化穆穆睟,1
889,化穆穆睟容,1
890,穆穆睟容歸,1
891,穆睟容歸豈,1
892,睟容歸豈為,1
893,容歸豈為明,1
894,歸豈為明燈,1
895,豈為明燈夜,1
896,為明燈夜高,1
897,明燈夜高山,1
898,燈夜高山大,1
899,夜高山大風,1
900,高山大風起,1
901,山大風起肅,1
902,大風起肅肅,1
903,風起肅肅隨,1
904,起肅肅隨龍,1
905,肅肅隨龍駕,1
906,肅隨龍駕上,1
907,隨龍駕上林,1
908,龍駕上林神,1
909,駕上林神君,1
910,上林神君宮,1
911,林神君宮此,1
912,神君宮此地,1
913,君宮此地即,1
914,宮此地即明,1
915,此地即明庭,1
916,地即明庭山,1
917,即明庭山開,1
918,明庭山開鴻,1
919,庭山開鴻蒙,1
920,山開鴻蒙色,1
921,開鴻蒙色天,1
922,鴻蒙色天轉,1
923,蒙色天轉招,1
924,色天轉招搖,1
925,天轉招搖星,1
926,轉招搖星三,1
927,招搖星三雪,1
928,搖星三雪報,1
929,星三雪報大,1
930,三雪報大有,1
931,雪報大有孰,1
932,報大有孰為,1
933,大有孰為非,1
934,有孰為非我,1
935,孰為非我靈,1
936,為非我靈磐,1
937,非我靈磐石,1
938,我靈磐石青,1
939,靈磐石青岩,1
940,磐石青岩下,1
941,石青岩下松,1
942,青岩下松生,1
943,岩下松生磐,1
944,下松生磐石,1
945,松生磐石中,1
946,生磐石中冬,1
947,磐石中冬春,1
948,石中冬春無,1
949,中冬春無異,1
950,冬春無異色,1
951,春無異色朝,1
952,無異色朝暮,1
953,異色朝暮有,1
954,色朝暮有清,1
955,朝暮有清風,1
956,暮有清風五,1
957,有清風五鬣,1
958,清風五鬣何,1
959,風五鬣何人,1
960,五鬣何人采,1
961,鬣何人采西,1
962,何人采西山,1
963,人采西山舊,1
964,采西山舊兩,1
965,西山舊兩童,1
966,山舊兩童得,1
967,舊兩童得從,1
968,兩童得從軒,1
969,童得從軒墀,1
970,得從軒墀下,1
971,從軒墀下殊,1
972,軒墀下殊勝,1
973,墀下殊勝松,1
974,下殊勝松柏,1
975,殊勝松柏林,1
976,勝松柏林生,1
977,松柏林生枝,1
978,柏林生枝逐,1
979,林生枝逐架,1
980,生枝逐架遠,1
981,枝逐架遠吐,1
982,逐架遠吐葉,1
983,架遠吐葉向,1
984,遠吐葉向門,1
985,吐葉向門深,1
986,葉向門深何,1
987,向門深何許,1
988,門深何許答,1
989,深何許答君,1
990,何許答君子,1
991,許答君子簷,1
992,答君子簷間,1
993,君子簷間朝,1
994,子簷間朝暝,1
995,簷間朝暝陰,1
996,間朝暝陰舞,1
997,朝暝陰舞鶴,1
998,暝陰舞鶴傍,1
999,陰舞鶴傍池,1
1000,舞鶴傍池邊,1
1001,鶴傍池邊水,1
1002,傍池邊水清,1
1003,池邊水清毛,1
1004,邊水清毛羽,1
1005,水清毛羽鮮,1
1006,清毛羽鮮立,1
1007,毛羽鮮立如,1
1008,羽鮮立如依,1
1009,鮮立如依岸,1
1010,立如依岸雪,1
1011,如依岸雪飛,1
1012,依岸雪飛似,1
1013,岸雪飛似向,1
1014,雪飛似向池,1
1015,飛似向池泉,1
1016,似向池泉江,1
1017,向池泉江海,1
1018,池泉江海雖,1
1019,泉江海雖言,1
1020,江海雖言曠,1
1021,海雖言曠無,1
1022,雖言曠無如,1
1023,言曠無如君,1
1024,曠無如君子,1
1025,無如君子前,1
1026,如君子前垂,1
1027,君子前垂釣,1
1028,子前垂釣綠,1
1029,前垂釣綠灣,1
1030,垂釣綠灣春,1
1031,釣綠灣春春,1
1032,綠灣春春深,1
1033,灣春春深杏,1
1034,春春深杏花,1
1035,春深杏花亂,1
1036,深杏花亂潭,1
1037,杏花亂潭清,1
1038,花亂潭清疑,1
1039,亂潭清疑水,1
1040,潭清疑水淺,1
1041,清疑水淺荷,1
1042,疑水淺荷動,1
1043,水淺荷動知,1
1044,淺荷動知魚,1
1045,荷動知魚散,1
1046,動知魚散日,1
1047,知魚散日暮,1
1048,魚散日暮待,1
1049,散日暮待情,1
1050,日暮待情人,1
1051,暮待情人維,1
1052,待情人維舟,1
1053,情人維舟綠,1
1054,人維舟綠楊,1
1055,維舟綠楊岸,1
1056,舟綠楊岸幽,1
1057,綠楊岸幽人,1
1058,楊岸幽人下,1
1059,岸幽人下山,1
1060,幽人下山徑,1
1061,人下山徑去,1
1062,下山徑去去,1
1063,山徑去去夾,1
1064,徑去去夾青,1
1065,去去夾青林,1
1066,去夾青林滑,1
1067,夾青林滑處,1
1068,青林滑處莓,1
1069,林滑處莓苔,1
1070,滑處莓苔濕,1
1071,處莓苔濕暗,1
1072,莓苔濕暗中,1
1073,苔濕暗中蘿,1
1074,濕暗中蘿薜,1
1075,暗中蘿薜深,1
1076,中蘿薜深春,1
1077,蘿薜深春朝,1
1078,薜深春朝煙,1
1079,深春朝煙雨,1
1080,春朝煙雨散,1
1081,朝煙雨散猶,1
1082,煙雨散猶帶,1
1083,雨散猶帶浮,1
1084,散猶帶浮雲,1
1085,猶帶浮雲陰,1
1086,帶浮雲陰門,1
1087,浮雲陰門外,1
1088,雲陰門外車,1
1089,陰門外車馬,1
1090,門外車馬喧,1
1091,外車馬喧門,1
1092,車馬喧門裏,1
1093,馬喧門裏宮,1
1094,喧門裏宮殿,1
1095,門裏宮殿清,1
1096,裏宮殿清行,1
1097,宮殿清行即,1
1098,殿清行即翳,1
1099,清行即翳若,1
1100,行即翳若木,1
1101,即翳若木坐,1
1102,翳若木坐即,1
1103,若木坐即吹,1
1104,木坐即吹玉,1
1105,坐即吹玉笙,1
1106,即吹玉笙所,1
1107,吹玉笙所喧,1
1108,玉笙所喧既,1
1109,笙所喧既非,1
1110,所喧既非我,1
1111,喧既非我真,1
1112,既非我真道,1
1113,非我真道其,1
1114,我真道其冥,1
1115,真道其冥冥,1
1116,道其冥冥真,1
1117,其冥冥真人,1
1118,冥冥真人上,1
1119,冥真人上清,1
1120,真人上清室,1
1121,人上清室乃,1
1122,上清室乃在,1
1123,清室乃在中,1
1124,室乃在中峰,1
1125,乃在中峰前,1
1126,在中峰前花,1
1127,中峰前花霧,1
1128,峰前花霧生,1
1129,前花霧生玉,1
1130,花霧生玉井,1
1131,霧生玉井霓,1
1132,生玉井霓裳,1
1133,玉井霓裳畫,1
1134,井霓裳畫列,1
1135,霓裳畫列仙,1
1136,裳畫列仙念,1
1137,畫列仙念茲,1
1138,列仙念茲宮,1
1139,仙念茲宮故,1
1140,念茲宮故宇,1
1141,茲宮故宇多,1
1142,宮故宇多此,1
1143,故宇多此地,1
1144,宇多此地新,1
1145,多此地新泉,1
1146,此地新泉松,1
1147,地新泉松柏,1
1148,新泉松柏有,1
1149,泉松柏有清,1
1150,松柏有清陰,1
1151,柏有清陰薜,1
1152,有清陰薜蘿,1
1153,清陰薜蘿亦,1
1154,陰薜蘿亦自,1
1155,薜蘿亦自妍,1
1156,蘿亦自妍一,1
1157,亦自妍一聞,1
1158,自妍一聞步,1
1159,妍一聞步虛,1
1160,一聞步虛子,1
1161,聞步虛子又,1
1162,步虛子又話,1
1163,虛子又話逍,1
1164,子又話逍遙,1
1165,又話逍遙篇,1
1166,話逍遙篇忽,1
1167,逍遙篇忽若,1
1168,遙篇忽若在,1
1169,篇忽若在雲,1
1170,忽若在雲漢,1
1171,若在雲漢風,1
1172,在雲漢風中,1
1173,雲漢風中意,1
1174,漢風中意泠,1
1175,風中意泠然,1
1176,中意泠然精,1
1177,意泠然精思,1
1178,泠然精思莫,1
1179,然精思莫知,1
1180,精思莫知日,1
1181,思莫知日意,1
1182,莫知日意靜,1
1183,知日意靜如,1
1184,日意靜如空,1
1185,意靜如空虛,1
1186,靜如空虛三,1
1187,如空虛三鳥,1
1188,空虛三鳥自,1
1189,虛三鳥自來,1
1190,三鳥自來去,1
1191,鳥自來去九,1
1192,自來去九光,1
1193,來去九光遙,1
1194,去九光遙卷,1
1195,九光遙卷舒,1
1196,光遙卷舒新,1
1197,遙卷舒新池,1
1198,卷舒新池近,1
1199,舒新池近天,1
1200,新池近天井,1
1201,池近天井玉,1
1202,近天井玉宇,1
1203,天井玉宇停,1
1204,井玉宇停雲,1
1205,玉宇停雲車,1
1206,宇停雲車餘,1
1207,停雲車餘亦,1
1208,雲車餘亦苦,1
1209,車餘亦苦山,1
1210,餘亦苦山路,1
1211,亦苦山路洗,1
1212,苦山路洗心,1
1213,山路洗心祈,1
1214,路洗心祈道,1
1215,洗心祈道書,1
1216,心祈道書高,1
1217,祈道書高天,1
1218,道書高天風,1
1219,書高天風雨,1
1220,高天風雨散,1
1221,天風雨散清,1
1222,風雨散清氣,1
1223,雨散清氣在,1
1224,散清氣在園,1
1225,清氣在園林,1
1226,氣在園林況,1
1227,在園林況我,1
1228,園林況我夜,1
1229,林況我夜初,1
1230,況我夜初靜,1
1231,我夜初靜當,1
1232,夜初靜當軒,1
1233,初靜當軒鳴,1
1234,靜當軒鳴綠,1
1235,當軒鳴綠琴,1
1236,軒鳴綠琴雲,1
1237,鳴綠琴雲開,1
1238,綠琴雲開北,1
1239,琴雲開北堂,1
1240,雲開北堂月,1
1241,開北堂月庭,1
1242,北堂月庭滿,1
1243,堂月庭滿南,1
1244,月庭滿南山,1
1245,庭滿南山陰,1
1246,滿南山陰不,1
1247,南山陰不見,1
1248,山陰不見長,1
1249,陰不見長裾,1
1250,不見長裾者,1
1251,見長裾者空,1
1252,長裾者空歌,1
1253,裾者空歌遊,1
1254,者空歌遊子,1
1255,空歌遊子吟,1
1256,歌遊子吟暮,1
1257,遊子吟暮聲,1
1258,子吟暮聲雜,1
1259,吟暮聲雜初,1
1260,暮聲雜初雁,1
1261,聲雜初雁夜,1
1262,雜初雁夜色,1
1263,初雁夜色涵,1
1264,雁夜色涵早,1
1265,夜色涵早秋,1
1266,色涵早秋獨,1
1267,涵早秋獨見,1
1268,早秋獨見海,1
1269,秋獨見海中,1
1270,獨見海中月,1
1271,見海中月照,1
1272,海中月照君,1
1273,中月照君池,1
1274,月照君池上,1
1275,照君池上樓,1
1276,君池上樓山,1
1277,池上樓山雲,1
1278,上樓山雲拂,1
1279,樓山雲拂高,1
1280,山雲拂高棟,1
1281,雲拂高棟天,1
1282,拂高棟天漢,1
1283,高棟天漢入,1
1284,棟天漢入雲,1
1285,天漢入雲流,1
1286,漢入雲流不,1
1287,入雲流不惜,1
1288,雲流不惜朝,1
1289,流不惜朝光,1
1290,不惜朝光滿,1
1291,惜朝光滿其,1
1292,朝光滿其如,1
1293,光滿其如千,1
1294,滿其如千里,1
1295,其如千里遊,1
1296,如千里遊高,1
1297,千里遊高位,1
1298,里遊高位莫,1
1299,遊高位莫能,1
1300,高位莫能舍,1
1301,位莫能舍舍,1
1302,莫能舍舍之,1
1303,能舍舍之世,1
1304,舍舍之世所,1
1305,舍之世所賢,1
1306,之世所賢雲,1
1307,世所賢雲車,1
1308,所賢雲車游,1
1309,賢雲車游日,1
1310,雲車游日華,1
1311,車游日華豈,1
1312,游日華豈比,1
1313,日華豈比龍,1
1314,華豈比龍樓,1
1315,豈比龍樓前,1
1316,比龍樓前寢,1
1317,龍樓前寢疾,1
1318,樓前寢疾乃,1
1319,前寢疾乃就,1
1320,寢疾乃就枕,1
1321,疾乃就枕情,1
1322,乃就枕情感,1
1323,就枕情感唯,1
1324,枕情感唯靈,1
1325,情感唯靈仙,1
1326,感唯靈仙帝,1
1327,唯靈仙帝鴻,1
1328,靈仙帝鴻思,1
1329,仙帝鴻思道,1
1330,帝鴻思道宗,1
1331,鴻思道宗臣,1
1332,思道宗臣彭,1
1333,道宗臣彭亦,1
1334,宗臣彭亦長,1
1335,臣彭亦長年,1
1336,彭亦長年天,1
1337,亦長年天書,1
1338,長年天書加,1
1339,年天書加羽,1
1340,天書加羽服,1
1341,書加羽服又,1
1342,加羽服又許,1
1343,羽服又許歸,1
1344,服又許歸東,1
1345,又許歸東川,1
1346,許歸東川鏡,1
1347,歸東川鏡水,1
1348,東川鏡水涵,1
1349,川鏡水涵太,1
1350,鏡水涵太清,1
1351,水涵太清禹,1
1352,涵太清禹山,1
1353,太清禹山朝,1
1354,清禹山朝上,1
1355,禹山朝上玄,1
1356,山朝上玄誠,1
1357,朝上玄誠亡,1
1358,上玄誠亡真,1
1359,玄誠亡真混,1
1360,誠亡真混沌,1
1361,亡真混沌玉,1
1362,真混沌玉立,1
1363,混沌玉立方,1
1364,沌玉立方嬋,1
1365,玉立方嬋娟,1
1366,立方嬋娟素,1
1367,方嬋娟素業,1
1368,嬋娟素業作,1
1369,娟素業作仙,1
1370,素業作仙居,1
1371,業作仙居子,1
1372,作仙居子孫,1
1373,仙居子孫當,1
1374,居子孫當自,1
1375,子孫當自傳,1
1376,孫當自傳門,1
1377,當自傳門多,1
1378,自傳門多松,1
1379,傳門多松柏,1
1380,門多松柏樹,1
1381,多松柏樹篋,1
1382,松柏樹篋有,1
1383,柏樹篋有逍,1
1384,樹篋有逍遙,1
1385,篋有逍遙篇,1
1386,有逍遙篇獨,1
1387,逍遙篇獨往,1
1388,遙篇獨往不,1
1389,篇獨往不可,1
1390,獨往不可群,1
1391,往不可群滄,1
1392,不可群滄海,1
1393,可群滄海成,1
1394,群滄海成桑,1
1395,滄海成桑田,1
1396,海成桑田清,1
1397,成桑田清晨,1
1398,桑田清晨登,1
1399,田清晨登仙,1
1400,清晨登仙峰,1
1401,晨登仙峰峰,1
1402,登仙峰峰遠,1
1403,仙峰峰遠行,1
1404,峰峰遠行未,1
1405,峰遠行未極,1
1406,遠行未極江,1
1407,行未極江海,1
1408,未極江海霽,1
1409,極江海霽初,1
1410,江海霽初景,1
1411,海霽初景草,1
1412,霽初景草木,1
1413,初景草木含,1
1414,景草木含新,1
1415,草木含新色,1
1416,木含新色而,1
1417,含新色而我,1
1418,新色而我任,1
1419,色而我任天,1
1420,而我任天和,1
1421,我任天和此,1
1422,任天和此時,1
1423,天和此時聊,1
1424,和此時聊動,1
1425,此時聊動息,1
1426,時聊動息望,1
1427,聊動息望鄉,1
1428,動息望鄉白,1
1429,息望鄉白雲,1
1430,望鄉白雲裏,1
1431,鄉白雲裏發,1
1432,白雲裏發棹,1
1433,雲裏發棹清,1
1434,裏發棹清溪,1
1435,發棹清溪側,1
1436,棹清溪側松,1
1437,清溪側松柏,1
1438,溪側松柏生,1
1439,側松柏生深,1
1440,松柏生深山,1
1441,柏生深山無,1
1442,生深山無心,1
1443,深山無心自,1
1444,山無心自貞,1
1445,無心自貞直,1
1446,心自貞直當,1
1447,自貞直當晝,1
1448,貞直當晝暑,1
1449,直當晝暑氣,1
1450,當晝暑氣盛,1
1451,晝暑氣盛鳥,1
1452,暑氣盛鳥雀,1
1453,氣盛鳥雀靜,1
1454,盛鳥雀靜不,1
1455,鳥雀靜不飛,1
1456,雀靜不飛念,1
1457,靜不飛念君,1
1458,不飛念君高,1
1459,飛念君高梧,1
1460,念君高梧陰,1
1461,君高梧陰複,1
1462,高梧陰複解,1
1463,梧陰複解山,1
1464,陰複解山中,1
1465,複解山中衣,1
1466,解山中衣數,1
1467,山中衣數片,1
1468,中衣數片遠,1
1469,衣數片遠雲,1
1470,數片遠雲度,1
1471,片遠雲度曾,1
1472,遠雲度曾不,1
1473,雲度曾不蔽,1
1474,度曾不蔽炎,1
1475,曾不蔽炎暉,1
1476,不蔽炎暉淹,1
1477,蔽炎暉淹留,1
1478,炎暉淹留膳,1
1479,暉淹留膳茶,1
1480,淹留膳茶粥,1
1481,留膳茶粥共,1
1482,膳茶粥共我,1
1483,茶粥共我飯,1
1484,粥共我飯蕨,1
1485,共我飯蕨薇,1
1486,我飯蕨薇敝,1
1487,飯蕨薇敝廬,1
1488,蕨薇敝廬既,1
1489,薇敝廬既不,1
1490,敝廬既不遠,1
1491,廬既不遠日,1
1492,既不遠日暮,1
1493,不遠日暮徐,1
1494,遠日暮徐徐,1
1495,日暮徐徐歸,1
1496,暮徐徐歸十,1
1497,徐徐歸十年,1
1498,徐歸十年別,1
1499,歸十年別鄉,1
1500,十年別鄉縣,1
1501,年別鄉縣西,1
1502,別鄉縣西雲,1
1503,鄉縣西雲入,1
1504,縣西雲入皇,1
1505,西雲入皇州,1
1506,雲入皇州此,1
1507,入皇州此意,1
1508,皇州此意在,1
1509,州此意在觀,1
1510,此意在觀國,1
1511,意在觀國不,1
1512,在觀國不言,1
1513,觀國不言空,1
1514,國不言空遠,1
1515,不言空遠遊,1
1516,言空遠遊九,1
1517,空遠遊九衢,1
1518,遠遊九衢平,1
1519,遊九衢平若,1
1520,九衢平若水,1
1521,衢平若水利,1
1522,平若水利往,1
1523,若水利往無,1
1524,水利往無輕,1
1525,利往無輕舟,1
1526,往無輕舟北,1
1527,無輕舟北洛,1
1528,輕舟北洛反,1
1529,舟北洛反初,1
1530,北洛反初路,1
1531,洛反初路東,1
1532,反初路東江,1
1533,初路東江還,1
1534,路東江還故,1
1535,東江還故丘,1
1536,江還故丘春,1
1537,還故丘春山,1
1538,故丘春山多,1
1539,丘春山多秀,1
1540,春山多秀木,1
1541,山多秀木碧,1
1542,多秀木碧澗,1
1543,秀木碧澗盡,1
1544,木碧澗盡清,1
1545,碧澗盡清流,1
1546,澗盡清流不,1
1547,盡清流不見,1
1548,清流不見子,1
1549,流不見子桑,1
1550,不見子桑扈,1
1551,見子桑扈當,1
1552,子桑扈當從,1
1553,桑扈當從方,1
1554,扈當從方外,1
1555,當從方外求,1
1556,從方外求世,1
1557,方外求世業,1
1558,外求世業傳,1
1559,求世業傳儒,1
1560,世業傳儒行,1
1561,業傳儒行行,1
1562,傳儒行行成,1
1563,儒行行成非,1
1564,行行成非不,1
1565,行成非不榮,1
1566,成非不榮其,1
1567,非不榮其如,1
1568,不榮其如懷,1
1569,榮其如懷獨,1
1570,其如懷獨善,1
1571,如懷獨善況,1
1572,懷獨善況以,1
1573,獨善況以聞,1
1574,善況以聞長,1
1575,況以聞長生,1
1576,以聞長生家,1
1577,聞長生家近,1
1578,長生家近華,1
1579,生家近華陽,1
1580,家近華陽洞,1
1581,近華陽洞早,1
1582,華陽洞早年,1
1583,陽洞早年深,1
1584,洞早年深此,1
1585,早年深此情,1
1586,年深此情巾,1
1587,深此情巾車,1
1588,此情巾車雲,1
1589,情巾車雲路,1
1590,巾車雲路入,1
1591,車雲路入理,1
1592,雲路入理棹,1
1593,路入理棹瑤,1
1594,入理棹瑤溪,1
1595,理棹瑤溪行,1
1596,棹瑤溪行天,1
1597,瑤溪行天地,1
1598,溪行天地朝,1
1599,行天地朝光,1
1600,天地朝光滿,1
1601,地朝光滿江,1
1602,朝光滿江山,1
1603,光滿江山春,1
1604,滿江山春色,1
1605,江山春色明,1
1606,山春色明王,1
1607,春色明王庭,1
1608,色明王庭有,1
1609,明王庭有軒,1
1610,王庭有軒冕,1
1611,庭有軒冕此,1
1612,有軒冕此日,1
1613,軒冕此日方,1
1614,冕此日方知,1
1615,此日方知輕,1
1616,日方知輕平,1
1617,方知輕平生,1
1618,知輕平生非,1
1619,輕平生非作,1
1620,平生非作者,1
1621,生非作者望,1
1622,非作者望古,1
1623,作者望古懷,1
1624,者望古懷清,1
1625,望古懷清芬,1
1626,古懷清芬心,1
1627,懷清芬心以,1
1628,清芬心以道,1
1629,芬心以道為,1
1630,心以道為際,1
1631,以道為際行,1
1632,道為際行將,1
1633,為際行將時,1
1634,際行將時不,1
1635,行將時不群,1
1636,將時不群茲,1
1637,時不群茲山,1
1638,不群茲山在,1
1639,群茲山在人,1
1640,茲山在人境,1
1641,山在人境靈,1
1642,在人境靈貺,1
1643,人境靈貺久,1
1644,境靈貺久傳,1
1645,靈貺久傳聞,1
1646,貺久傳聞遠,1
1647,久傳聞遠勢,1
1648,傳聞遠勢一,1
1649,聞遠勢一峰,1
1650,遠勢一峰出,1
1651,勢一峰出近,1
1652,一峰出近形,1
1653,峰出近形千,1
1654,出近形千嶂,1
1655,近形千嶂分,1
1656,形千嶂分冬,1
1657,千嶂分冬春,1
1658,嶂分冬春有,1
1659,分冬春有茂,1
1660,冬春有茂草,1
1661,春有茂草朝,1
1662,有茂草朝暮,1
1663,茂草朝暮多,1
1664,草朝暮多鮮,1
1665,朝暮多鮮雲,1
1666,暮多鮮雲此,1
1667,多鮮雲此去,1
1668,鮮雲此去亦,1
1669,雲此去亦何,1
1670,此去亦何極,1
1671,去亦何極但,1
1672,亦何極但言,1
1673,何極但言西,1
1674,極但言西日,1
1675,但言西日曛,1
1676,言西日曛昔,1
1677,西日曛昔賢,1
1678,日曛昔賢居,1
1679,曛昔賢居柱,1
1680,昔賢居柱下,1
1681,賢居柱下今,1
1682,居柱下今我,1
1683,柱下今我去,1
1684,下今我去人,1
1685,今我去人間,1
1686,我去人間良,1
1687,去人間良以,1
1688,人間良以直,1
1689,間良以直心,1
1690,良以直心曠,1
1691,以直心曠兼,1
1692,直心曠兼之,1
1693,心曠兼之外,1
1694,曠兼之外視,1
1695,兼之外視閑,1
1696,之外視閑垂,1
1697,外視閑垂綸,1
1698,視閑垂綸非,1
1699,閑垂綸非釣,1
1700,垂綸非釣國,1
1701,綸非釣國好,1
1702,非釣國好學,1
1703,釣國好學異,1
1704,國好學異希,1
1705,好學異希顏,1
1706,學異希顏落,1
1707,異希顏落日,1
1708,希顏落日登,1
1709,顏落日登高,1
1710,落日登高嶼,1
1711,日登高嶼悠,1
1712,登高嶼悠然,1
1713,高嶼悠然望,1
1714,嶼悠然望遠,1
1715,悠然望遠山,1
1716,然望遠山溪,1
1717,望遠山溪流,1
1718,遠山溪流碧,1
1719,山溪流碧水,1
1720,溪流碧水去,1
1721,流碧水去雲,1
1722,碧水去雲帶,1
1723,水去雲帶清,1
1724,去雲帶清陰,1
1725,雲帶清陰還,1
1726,帶清陰還想,1
1727,清陰還想見,1
1728,陰還想見中,1
1729,還想見中林,1
1730,想見中林士,1
1731,見中林士岩,1
1732,中林士岩扉,1
1733,林士岩扉長,1
1734,士岩扉長不,1
1735,岩扉長不關,1
1736,扉長不關名,1
1737,長不關名嶽,1
1738,不關名嶽征,1
1739,關名嶽征仙,1
1740,名嶽征仙事,1
1741,嶽征仙事清,1
1742,征仙事清都,1
1743,仙事清都訪,1
1744,事清都訪道,1
1745,清都訪道書,1
1746,都訪道書山,1
1747,訪道書山門,1
1748,道書山門入,1
1749,書山門入松,1
1750,山門入松柏,1
1751,門入松柏天,1
1752,入松柏天路,1
1753,松柏天路涵,1
1754,柏天路涵空,1
1755,天路涵空虛,1
1756,路涵空虛南,1
1757,涵空虛南極,1
1758,空虛南極見,1
1759,虛南極見朝,1
1760,南極見朝采,1
1761,極見朝采西,1
1762,見朝采西潭,1
1763,朝采西潭聞,1
1764,采西潭聞夜,1
1765,西潭聞夜漁,1
1766,潭聞夜漁遠,1
1767,聞夜漁遠心,1
1768,夜漁遠心尚,1
1769,漁遠心尚雲,1
1770,遠心尚雲宿,1
1771,心尚雲宿浪,1
1772,尚雲宿浪跡,1
1773,雲宿浪跡出,1
1774,宿浪跡出林,1
1775,浪跡出林居,1
1776,跡出林居為,1
1777,出林居為己,1
1778,林居為己存,1
1779,居為己存實,1
1780,為己存實際,1
1781,己存實際忘,1
1782,存實際忘形,1
1783,實際忘形同,1
1784,際忘形同化,1
1785,忘形同化初,1
1786,形同化初此,1
1787,同化初此行,1
1788,化初此行良,1
1789,初此行良已,1
1790,此行良已矣,1
1791,行良已矣不,1
1792,良已矣不樂,1
1793,已矣不樂複,1
1794,矣不樂複何,1
1795,不樂複何如,1
1796,樂複何如一,1
1797,複何如一山,1
1798,何如一山盡,1
1799,如一山盡天,1
1800,一山盡天苑,1
1801,山盡天苑一,1
1802,盡天苑一峰,1
1803,天苑一峰開,1
1804,苑一峰開道,1
1805,一峰開道宮,1
1806,峰開道宮道,1
1807,開道宮道花,1
1808,道宮道花飛,1
1809,宮道花飛羽,1
1810,道花飛羽衛,1
1811,花飛羽衛天,1
1812,飛羽衛天鳥,1
1813,羽衛天鳥遊,1
1814,衛天鳥遊雲,1
1815,天鳥遊雲空,1
1816,鳥遊雲空玉,1
1817,遊雲空玉殿,1
1818,雲空玉殿俯,1
1819,空玉殿俯玄,1
1820,玉殿俯玄水,1
1821,殿俯玄水春,1
1822,俯玄水春旗,1
1823,玄水春旗搖,1
1824,水春旗搖素,1
1825,春旗搖素風,1
1826,旗搖素風夾,1
1827,搖素風夾門,1
1828,素風夾門小,1
1829,風夾門小松,1
1830,夾門小松柏,1
1831,門小松柏覆,1
1832,小松柏覆井,1
1833,松柏覆井新,1
1834,柏覆井新梧,1
1835,覆井新梧桐,1
1836,井新梧桐自,1
1837,新梧桐自昔,1
1838,梧桐自昔大,1
1839,桐自昔大仙,1
1840,自昔大仙下,1
1841,昔大仙下乃,1
1842,大仙下乃知,1
1843,仙下乃知元,1
1844,下乃知元化,1
1845,乃知元化功,1
1846,知元化功神,1
1847,元化功神皇,1
1848,化功神皇作,1
1849,功神皇作桂,1
1850,神皇作桂館,1
1851,皇作桂館此,1
1852,作桂館此意,1
1853,桂館此意與,1
1854,館此意與天,1
1855,此意與天通,1
1856,意與天通真,1
1857,與天通真王,1
1858,天通真王清,1
1859,通真王清淨,1
1860,真王清淨子,1
1861,王清淨子燕,1
1862,清淨子燕居,1
1863,淨子燕居複,1
1864,子燕居複行,1
1865,燕居複行心,1
1866,居複行心結,1
1867,複行心結宇,1
1868,行心結宇鄰,1
1869,心結宇鄰居,1
1870,結宇鄰居邑,1
1871,宇鄰居邑寤,1
1872,鄰居邑寤言,1
1873,居邑寤言非,1
1874,邑寤言非遠,1
1875,寤言非遠尋,1
1876,言非遠尋丹,1
1877,非遠尋丹青,1
1878,遠尋丹青丈,1
1879,尋丹青丈室,1
1880,丹青丈室滿,1
1881,青丈室滿草,1
1882,丈室滿草樹,1
1883,室滿草樹一,1
1884,滿草樹一庭,1
1885,草樹一庭深,1
1886,樹一庭深秀,1
1887,一庭深秀色,1
1888,庭深秀色玄,1
1889,深秀色玄冬,1
1890,秀色玄冬發,1
1891,色玄冬發交,1
1892,玄冬發交枝,1
1893,冬發交枝白,1
1894,發交枝白日,1
1895,交枝白日陰,1
1896,枝白日陰江,1
1897,白日陰江流,1
1898,日陰江流映,1
1899,陰江流映朱,1
1900,江流映朱戶,1
1901,流映朱戶山,1
1902,映朱戶山鳥,1
1903,朱戶山鳥鳴,1
1904,戶山鳥鳴香,1
1905,山鳥鳴香林,1
1906,鳥鳴香林獨,1
1907,鳴香林獨住,1
1908,香林獨住已,1
1909,林獨住已寂,1
1910,獨住已寂寂,1
1911,住已寂寂安,1
1912,已寂寂安知,1
1913,寂寂安知浮,1
1914,寂安知浮與,1
1915,安知浮與沉,1
1916,知浮與沉西,1
1917,浮與沉西下,1
1918,與沉西下長,1
1919,沉西下長樂,1
1920,西下長樂阪,1
1921,下長樂阪東,1
1922,長樂阪東入,1
1923,樂阪東入新,1
1924,阪東入新豐,1
1925,東入新豐道,1
1926,入新豐道雨,1
1927,新豐道雨多,1
1928,豐道雨多車,1
1929,道雨多車馬,1
1930,雨多車馬稀,1
1931,多車馬稀道,1
1932,車馬稀道上,1
1933,馬稀道上生,1
1934,稀道上生秋,1
1935,道上生秋草,1
1936,上生秋草太,1
1937,生秋草太陰,1
1938,秋草太陰蔽,1
1939,草太陰蔽皋,1
1940,太陰蔽皋陸,1
1941,陰蔽皋陸莫,1
1942,蔽皋陸莫知,1
1943,皋陸莫知晚,1
1944,陸莫知晚與,1
1945,莫知晚與早,1
1946,知晚與早雷,1
1947,晚與早雷雨,1
1948,與早雷雨杳,1
1949,早雷雨杳冥,1
1950,雷雨杳冥冥,1
1951,雨杳冥冥川,1
1952,杳冥冥川穀,1
1953,冥冥川穀漫,1
1954,冥川穀漫浩,1
1955,川穀漫浩浩,1
1956,穀漫浩浩詔,1
1957,漫浩浩詔書,1
1958,浩浩詔書植,1
1959,浩詔書植嘉,1
1960,詔書植嘉木,1
1961,書植嘉木眾,1
1962,植嘉木眾言,1
1963,嘉木眾言桃,1
1964,木眾言桃李,1
1965,眾言桃李好,1
1966,言桃李好自,1
1967,桃李好自愧,1
1968,李好自愧無,1
1969,好自愧無此,1
1970,自愧無此容,1
1971,愧無此容歸,1
1972,無此容歸從,1
1973,此容歸從漢,1
1974,容歸從漢陰,1
1975,歸從漢陰老,1
1976,從漢陰老河,1
1977,漢陰老河洲,1
1978,陰老河洲多,1
1979,老河洲多青,1
1980,河洲多青草,1
1981,洲多青草朝,1
1982,多青草朝暮,1
1983,青草朝暮增,1
1984,草朝暮增客,1
1985,朝暮增客愁,1
1986,暮增客愁客,1
1987,增客愁客愁,1
1988,客愁客愁惜,1
1989,愁客愁惜朝,1
1990,客愁惜朝暮,1
1991,愁惜朝暮枉,1
1992,惜朝暮枉渚,1
1993,朝暮枉渚暫,1
1994,暮枉渚暫停,1
1995,枉渚暫停舟,1
1996,渚暫停舟中,1
1997,暫停舟中宵,1
1998,停舟中宵大,1
1999,舟中宵大川,1
2000,中宵大川靜,1
2001,宵大川靜解,1
2002,大川靜解纜,1
2003,川靜解纜逐,1
2004,靜解纜逐歸,1
2005,解纜逐歸流,1
2006,纜逐歸流浦,1
2007,逐歸流浦漵,1
2008,歸流浦漵既,1
2009,流浦漵既清,1
2010,浦漵既清曠,1
2011,漵既清曠沿,1
2012,既清曠沿洄,1
2013,清曠沿洄非,1
2014,曠沿洄非阻,1
2015,沿洄非阻修,1
2016,洄非阻修登,1
2017,非阻修登艫,1
2018,阻修登艫望,1
2019,修登艫望落,1
2020,登艫望落月,1
2021,艫望落月擊,1
2022,望落月擊汰,1
2023,落月擊汰悲,1
2024,月擊汰悲新,1
2025,擊汰悲新秋,1
2026,汰悲新秋倘,1
2027,悲新秋倘遇,1
2028,新秋倘遇乘,1
2029,秋倘遇乘槎,1
2030,倘遇乘槎客,1
2031,遇乘槎客永,1
2032,乘槎客永言,1
2033,槎客永言星,1
2034,客永言星漢,1
2035,永言星漢遊,1
2036,言星漢遊鳥,1
2037,星漢遊鳥雀,1
2038,漢遊鳥雀知,1
2039,遊鳥雀知天,1
2040,鳥雀知天雪,1
2041,雀知天雪群,1
2042,知天雪群飛,1
2043,天雪群飛複,1
2044,雪群飛複群,1
2045,群飛複群鳴,1
2046,飛複群鳴原,1
2047,複群鳴原田,1
2048,群鳴原田無,1
2049,鳴原田無遺,1
2050,原田無遺粟,1
2051,田無遺粟日,1
2052,無遺粟日暮,1
2053,遺粟日暮滿,1
2054,粟日暮滿空,1
2055,日暮滿空城,1
2056,暮滿空城達,1
2057,滿空城達士,1
2058,空城達士憂,1
2059,城達士憂世,1
2060,達士憂世務,1
2061,士憂世務鄙,1
2062,憂世務鄙夫,1
2063,世務鄙夫念,1
2064,務鄙夫念王,1
2065,鄙夫念王程,1
2066,夫念王程晨,1
2067,念王程晨過,1
2068,王程晨過彈,1
2069,程晨過彈箏,1
2070,晨過彈箏峽,1
2071,過彈箏峽馬,1
2072,彈箏峽馬足,1
2073,箏峽馬足淩,1
2074,峽馬足淩兢,1
2075,馬足淩兢行,1
2076,足淩兢行雙,1
2077,淩兢行雙壁,1
2078,兢行雙壁隱,1
2079,行雙壁隱靈,1
2080,雙壁隱靈曜,1
2081,壁隱靈曜莫,1
2082,隱靈曜莫能,1
2083,靈曜莫能知,1
2084,曜莫能知晦,1
2085,莫能知晦明,1
2086,能知晦明皚,1
2087,知晦明皚皚,1
2088,晦明皚皚堅,1
2089,明皚皚堅冰,1
2090,皚皚堅冰白,1
2091,皚堅冰白漫,1
2092,堅冰白漫漫,1
2093,冰白漫漫陰,1
2094,白漫漫陰雲,1
2095,漫漫陰雲平,1
2096,漫陰雲平始,1
2097,陰雲平始信,1
2098,雲平始信古,1
2099,平始信古人,1
2100,始信古人言,1
2101,信古人言苦,1
2102,古人言苦節,1
2103,人言苦節不,1
2104,言苦節不可,1
2105,苦節不可貞,1
2106,節不可貞行,1
2107,不可貞行子,1
2108,可貞行子苦,1
2109,貞行子苦風,1
2110,行子苦風潮,1
2111,子苦風潮維,1
2112,苦風潮維舟,1
2113,風潮維舟未,1
2114,潮維舟未能,1
2115,維舟未能發,1
2116,舟未能發宵,1
2117,未能發宵分,1
2118,能發宵分卷,1
2119,發宵分卷前,1
2120,宵分卷前幔,1
2121,分卷前幔臥,1
2122,卷前幔臥視,1
2123,前幔臥視清,1
2124,幔臥視清秋,1
2125,臥視清秋月,1
2126,視清秋月四,1
2127,清秋月四澤,1
2128,秋月四澤蒹,1
2129,月四澤蒹葭,1
2130,四澤蒹葭深,1
2131,澤蒹葭深中,1
2132,蒹葭深中洲,1
2133,葭深中洲煙,1
2134,深中洲煙火,1
2135,中洲煙火絕,1
2136,洲煙火絕蒼,1
2137,煙火絕蒼蒼,1
2138,火絕蒼蒼水,1
2139,絕蒼蒼水霧,1
2140,蒼蒼水霧起,1
2141,蒼水霧起落,1
2142,水霧起落落,1
2143,霧起落落疏,1
2144,起落落疏星,1
2145,落落疏星沒,1
2146,落疏星沒所,1
2147,疏星沒所遇,1
2148,星沒所遇盡,1
2149,沒所遇盡漁,1
2150,所遇盡漁商,1
2151,遇盡漁商與,1
2152,盡漁商與言,1
2153,漁商與言多,1
2154,商與言多楚,1
2155,與言多楚越,1
2156,言多楚越其,1
2157,多楚越其如,1
2158,楚越其如念,1
2159,越其如念極,1
2160,其如念極浦,1
2161,如念極浦又,1
2162,念極浦又以,1
2163,極浦又以思,1
2164,浦又以思明,1
2165,又以思明哲,1
2166,以思明哲常,1
2167,思明哲常若,1
2168,明哲常若千,1
2169,哲常若千里,1
2170,常若千里餘,1
2171,若千里餘況,1
2172,千里餘況之,1
2173,里餘況之異,1
2174,餘況之異鄉,1
2175,況之異鄉別,1
2176,之異鄉別方,1
2177,異鄉別方塘,1
2178,鄉別方塘深,1
2179,別方塘深且,1
2180,方塘深且廣,1
2181,塘深且廣伊,1
2182,深且廣伊昔,1
2183,且廣伊昔俯,1
2184,廣伊昔俯吾,1
2185,伊昔俯吾廬,1
2186,昔俯吾廬環,1
2187,俯吾廬環岸,1
2188,吾廬環岸垂,1
2189,廬環岸垂綠,1
2190,環岸垂綠柳,1
2191,岸垂綠柳盈,1
2192,垂綠柳盈澤,1
2193,綠柳盈澤發,1
2194,柳盈澤發紅,1
2195,盈澤發紅蕖,1
2196,澤發紅蕖上,1
2197,發紅蕖上延,1
2198,紅蕖上延北,1
2199,蕖上延北原,1
2200,上延北原秀,1
2201,延北原秀下,1
2202,北原秀下屬,1
2203,原秀下屬幽,1
2204,秀下屬幽人,1
2205,下屬幽人居,1
2206,屬幽人居暑,1
2207,幽人居暑雨,1
2208,人居暑雨若,1
2209,居暑雨若混,1
2210,暑雨若混沌,1
2211,雨若混沌清,1
2212,若混沌清明,1
2213,混沌清明如,1
2214,沌清明如空,1
2215,清明如空虛,1
2216,明如空虛此,1
2217,如空虛此鄉,1
2218,空虛此鄉多,1
2219,虛此鄉多隱,1
2220,此鄉多隱逸,1
2221,鄉多隱逸水,1
2222,多隱逸水陸,1
2223,隱逸水陸見,1
2224,逸水陸見樵,1
2225,水陸見樵漁,1
2226,陸見樵漁廢,1
2227,見樵漁廢賞,1
2228,樵漁廢賞亦,1
2229,漁廢賞亦何,1
2230,廢賞亦何貴,1
2231,賞亦何貴為,1
2232,亦何貴為歡,1
2233,何貴為歡良,1
2234,貴為歡良易,1
2235,為歡良易攄,1
2236,歡良易攄且,1
2237,良易攄且言,1
2238,易攄且言重,1
2239,攄且言重觀,1
2240,且言重觀國,1
2241,言重觀國當,1
2242,重觀國當此,1
2243,觀國當此賦,1
2244,國當此賦歸,1
2245,當此賦歸歟,1
2246,此賦歸歟晨,1
2247,賦歸歟晨登,1
2248,歸歟晨登涼,1
2249,歟晨登涼風,1
2250,晨登涼風台,1
2251,登涼風台暮,1
2252,涼風台暮走,1
2253,風台暮走邯,1
2254,台暮走邯鄲,1
2255,暮走邯鄲道,1
2256,走邯鄲道曜,1
2257,邯鄲道曜靈,1
2258,鄲道曜靈何,1
2259,道曜靈何赫,1
2260,曜靈何赫烈,1
2261,靈何赫烈四,1
2262,何赫烈四野,1
2263,赫烈四野無,1
2264,烈四野無青,1
2265,四野無青草,1
2266,野無青草大,1
2267,無青草大軍,1
2268,青草大軍北,1
2269,草大軍北集,1
2270,大軍北集燕,1
2271,軍北集燕天,1
2272,北集燕天子,1
2273,集燕天子西,1
2274,燕天子西居,1
2275,天子西居鎬,1
2276,子西居鎬婦,1
2277,西居鎬婦人,1
2278,居鎬婦人役,1
2279,鎬婦人役州,1
2280,婦人役州縣,1
2281,人役州縣丁,1
2282,役州縣丁男,1
2283,州縣丁男事,1
2284,縣丁男事征,1
2285,丁男事征討,1
2286,男事征討老,1
2287,事征討老幼,1
2288,征討老幼相,1
2289,討老幼相別,1
2290,老幼相別離,1
2291,幼相別離哭,1
2292,相別離哭泣,1
2293,別離哭泣無,1
2294,離哭泣無昏,1
2295,哭泣無昏早,1
2296,泣無昏早稼,1
2297,無昏早稼穡,1
2298,昏早稼穡既,1
2299,早稼穡既殄,1
2300,稼穡既殄絕,1
2301,穡既殄絕川,1
2302,既殄絕川澤,1
2303,殄絕川澤複,1
2304,絕川澤複枯,1
2305,川澤複枯槁,1
2306,澤複枯槁曠,1
2307,複枯槁曠哉,1
2308,枯槁曠哉遠,1
2309,槁曠哉遠此,1
2310,曠哉遠此憂,1
2311,哉遠此憂冥,1
2312,遠此憂冥冥,1
2313,此憂冥冥商,1
2314,憂冥冥商山,1
2315,冥冥商山皓,1
2316,冥商山皓東,1
2317,商山皓東風,1
2318,山皓東風吹,1
2319,皓東風吹大,1
2320,東風吹大河,1
2321,風吹大河河,1
2322,吹大河河水,1
2323,大河河水如,1
2324,河河水如倒,1
2325,河水如倒流,1
2326,水如倒流河,1
2327,如倒流河洲,1
2328,倒流河洲塵,1
2329,流河洲塵沙,1
2330,河洲塵沙起,1
2331,洲塵沙起有,1
2332,塵沙起有若,1
2333,沙起有若黃,1
2334,起有若黃雲,1
2335,有若黃雲浮,1
2336,若黃雲浮赬,1
2337,黃雲浮赬霞,1
2338,雲浮赬霞燒,1
2339,浮赬霞燒廣,1
2340,赬霞燒廣澤,1
2341,霞燒廣澤洪,1
2342,燒廣澤洪曜,1
2343,廣澤洪曜赫,1
2344,澤洪曜赫高,1
2345,洪曜赫高丘,1
2346,曜赫高丘野,1
2347,赫高丘野老,1
2348,高丘野老泣,1
2349,丘野老泣相,1
2350,野老泣相語,1
2351,老泣相語無,1
2352,泣相語無地,1
2353,相語無地可,1
2354,語無地可蔭,1
2355,無地可蔭休,1
2356,地可蔭休翰,1
2357,可蔭休翰林,1
2358,蔭休翰林有,1
2359,休翰林有客,1
2360,翰林有客卿,1
2361,林有客卿獨,1
2362,有客卿獨負,1
2363,客卿獨負蒼,1
2364,卿獨負蒼生,1
2365,獨負蒼生憂,1
2366,負蒼生憂中,1
2367,蒼生憂中夜,1
2368,生憂中夜起,1
2369,憂中夜起躑,1
2370,中夜起躑躅,1
2371,夜起躑躅思,1
2372,起躑躅思欲,1
2373,躑躅思欲獻,1
2374,躅思欲獻厥,1
2375,思欲獻厥謀,1
2376,欲獻厥謀君,1
2377,獻厥謀君門,1
2378,厥謀君門峻,1
2379,謀君門峻且,1
2380,君門峻且深,1
2381,門峻且深踠,1
2382,峻且深踠足,1
2383,且深踠足空,1
2384,深踠足空夷,1
2385,踠足空夷猶,1
2386,足空夷猶混,1
2387,空夷猶混沌,1
2388,夷猶混沌本,1
2389,猶混沌本無,1
2390,混沌本無象,1
2391,沌本無象末,1
2392,本無象末路,1
2393,無象末路多,1
2394,象末路多是,1
2395,末路多是非,1
2396,路多是非達,1
2397,多是非達士,1
2398,是非達士志,1
2399,非達士志寥,1
2400,達士志寥廓,1
2401,士志寥廓所,1
2402,志寥廓所在,1
2403,寥廓所在能,1
2404,廓所在能忘,1
2405,所在能忘機,1
2406,在能忘機耕,1
2407,能忘機耕鑿,1
2408,忘機耕鑿時,1
2409,機耕鑿時未,1
2410,耕鑿時未至,1
2411,鑿時未至還,1
2412,時未至還山,1
2413,未至還山聊,1
2414,至還山聊采,1
2415,還山聊采薇,1
2416,山聊采薇虎,1
2417,聊采薇虎豹,1
2418,采薇虎豹對,1
2419,薇虎豹對我,1
2420,虎豹對我蹲,1
2421,豹對我蹲鸑,1
2422,對我蹲鸑鷟,1
2423,我蹲鸑鷟旁,1
2424,蹲鸑鷟旁我,1
2425,鸑鷟旁我飛,1
2426,鷟旁我飛仙,1
2427,旁我飛仙人,1
2428,我飛仙人空,1
2429,飛仙人空中,1
2430,仙人空中來,1
2431,人空中來謂,1
2432,空中來謂我,1
2433,中來謂我勿,1
2434,來謂我勿複,1
2435,謂我勿複歸,1
2436,我勿複歸格,1
2437,勿複歸格澤,1
2438,複歸格澤為,1
2439,歸格澤為君,1
2440,格澤為君駕,1
2441,澤為君駕虹,1
2442,為君駕虹蜺,1
2443,君駕虹蜺為,1
2444,駕虹蜺為君,1
2445,虹蜺為君衣,1
2446,蜺為君衣西,1
2447,為君衣西遊,1
2448,君衣西遊昆,1
2449,衣西遊昆侖,1
2450,西遊昆侖墟,1
2451,遊昆侖墟可,1
2452,昆侖墟可與,1
2453,侖墟可與世,1
2454,墟可與世人,1
2455,可與世人違,1
2456,與世人違秋,1
2457,世人違秋氣,1
2458,人違秋氣肅,1
2459,違秋氣肅天,1
2460,秋氣肅天地,1
2461,氣肅天地太,1
2462,肅天地太行,1
2463,天地太行高,1
2464,地太行高崔,1
2465,太行高崔嵬,1
2466,行高崔嵬猿,1
2467,高崔嵬猿狖,1
2468,崔嵬猿狖清,1
2469,嵬猿狖清夜,1
2470,猿狖清夜吟,1
2471,狖清夜吟其,1
2472,清夜吟其聲,1
2473,夜吟其聲一,1
2474,吟其聲一何,1
2475,其聲一何哀,1
2476,聲一何哀寂,1
2477,一何哀寂寞,1
2478,何哀寂寞掩,1
2479,哀寂寞掩圭,1
2480,寂寞掩圭蓽,1
2481,寞掩圭蓽夢,1
2482,掩圭蓽夢寐,1
2483,圭蓽夢寐游,1
2484,蓽夢寐游蓬,1
2485,夢寐游蓬萊,1
2486,寐游蓬萊琪,1
2487,游蓬萊琪樹,1
2488,蓬萊琪樹遠,1
2489,萊琪樹遠亭,1
2490,琪樹遠亭亭,1
2491,樹遠亭亭玉,1
2492,遠亭亭玉堂,1
2493,亭亭玉堂雲,1
2494,亭玉堂雲中,1
2495,玉堂雲中開,1
2496,堂雲中開洪,1
2497,雲中開洪崖,1
2498,中開洪崖吹,1
2499,開洪崖吹簫,1
2500,洪崖吹簫管,1
2501,崖吹簫管玉,1
2502,吹簫管玉女,1
2503,簫管玉女飄,1
2504,管玉女飄颻,1
2505,玉女飄颻來,1
2506,女飄颻來雨,1
2507,飄颻來雨師,1
2508,颻來雨師既,1
2509,來雨師既先,1
2510,雨師既先後,1
2511,師既先後道,1
2512,既先後道路,1
2513,先後道路無,1
2514,後道路無纖,1
2515,道路無纖埃,1
2516,路無纖埃鄙,1
2517,無纖埃鄙哉,1
2518,纖埃鄙哉楚,1
2519,埃鄙哉楚襄,1
2520,鄙哉楚襄王,1
2521,哉楚襄王獨,1
2522,楚襄王獨好,1
2523,襄王獨好陽,1
2524,王獨好陽雲,1
2525,獨好陽雲台,1
2526,好陽雲台世,1
2527,陽雲台世業,1
2528,雲台世業江,1
2529,台世業江湖,1
2530,世業江湖側,1
2531,業江湖側郊,1
2532,江湖側郊原,1
2533,湖側郊原休,1
2534,側郊原休沐,1
2535,郊原休沐處,1
2536,原休沐處獨,1
2537,休沐處獨言,1
2538,沐處獨言五,1
2539,處獨言五日,1
2540,獨言五日歸,1
2541,言五日歸未,1
2542,五日歸未道,1
2543,日歸未道千,1
2544,歸未道千秋,1
2545,未道千秋去,1
2546,道千秋去鄉,1
2547,千秋去鄉亭,1
2548,秋去鄉亭春,1
2549,去鄉亭春水,1
2550,鄉亭春水綠,1
2551,亭春水綠昌,1
2552,春水綠昌閣,1
2553,水綠昌閣寒,1
2554,綠昌閣寒光,1
2555,昌閣寒光暮,1
2556,閣寒光暮昔,1
2557,寒光暮昔為,1
2558,光暮昔為晝,1
2559,暮昔為晝錦,1
2560,昔為晝錦游,1
2561,為晝錦游今,1
2562,晝錦游今成,1
2563,錦游今成逝,1
2564,游今成逝川,1
2565,今成逝川路,1
2566,成逝川路歸,1
2567,逝川路歸路,1
2568,川路歸路秦,1
2569,路歸路秦城,1
2570,歸路秦城下,1
2571,路秦城下寒,1
2572,秦城下寒雲,1
2573,城下寒雲慘,1
2574,下寒雲慘平,1
2575,寒雲慘平田,1
2576,雲慘平田故,1
2577,慘平田故園,1
2578,平田故園滄,1
2579,田故園滄海,1
2580,故園滄海邊,1
2581,園滄海邊綠,1
2582,滄海邊綠柳,1
2583,海邊綠柳覆,1
2584,邊綠柳覆平,1
2585,綠柳覆平川,1
2586,柳覆平川送,1
2587,覆平川送客,1
2588,平川送客異,1
2589,川送客異他,1
2590,送客異他日,1
2591,客異他日還,1
2592,異他日還舟,1
2593,他日還舟殊,1
2594,日還舟殊昔,1
2595,還舟殊昔年,1
2596,舟殊昔年華,1
2597,殊昔年華亭,1
2598,昔年華亭有,1
2599,年華亭有明,1
2600,華亭有明日,1
2601,亭有明日長,1
2602,有明日長向,1
2603,明日長向隴,1
2604,日長向隴頭,1
2605,長向隴頭懸,1
2606,向隴頭懸劍,1
2607,隴頭懸劍水,1
2608,頭懸劍水千,1
2609,懸劍水千人,1
2610,劍水千人石,1
2611,水千人石荊,1
2612,千人石荊江,1
2613,人石荊江萬,1
2614,石荊江萬里,1
2615,荊江萬里流,1
2616,江萬里流英,1
2617,萬里流英英,1
2618,里流英英有,1
2619,流英英有君,1
2620,英英有君子,1
2621,英有君子才,1
2622,有君子才德,1
2623,君子才德滿,1
2624,子才德滿中,1
2625,才德滿中州,1
2626,德滿中州明,1
2627,滿中州明道,1
2628,中州明道俟,1
2629,州明道俟良,1
2630,明道俟良佐,1
2631,道俟良佐惟,1
2632,俟良佐惟賢,1
2633,良佐惟賢初,1
2634,佐惟賢初薄,1
2635,惟賢初薄遊,1
2636,賢初薄遊生,1
2637,初薄遊生涯,1
2638,薄遊生涯一,1
2639,遊生涯一朝,1
2640,生涯一朝盡,1
2641,涯一朝盡寂,1
2642,一朝盡寂寞,1
2643,朝盡寂寞夜,1
2644,盡寂寞夜台,1
2645,寂寞夜台幽,1
2646,寞夜台幽金,1
2647,夜台幽金堂,1
2648,台幽金堂策,1
2649,幽金堂策令,1
2650,金堂策令名,1
2651,堂策令名仙,1
2652,策令名仙掖,1
2653,令名仙掖居,1
2654,名仙掖居清,1
2655,仙掖居清位,1
2656,掖居清位鳴,1
2657,居清位鳴玉,1
2658,清位鳴玉朝,1
2659,位鳴玉朝雙,1
2660,鳴玉朝雙闕,1
2661,玉朝雙闕垂,1
2662,朝雙闕垂纓,1
2663,雙闕垂纓遊,1
2664,闕垂纓遊兩,1
2665,垂纓遊兩地,1
2666,纓遊兩地朝,1
2667,遊兩地朝夕,1
2668,兩地朝夕既,1
2669,地朝夕既論,1
2670,朝夕既論思,1
2671,夕既論思春,1
2672,既論思春秋,1
2673,論思春秋仍,1
2674,思春秋仍書,1
2675,春秋仍書事,1
2676,秋仍書事何,1
2677,仍書事何言,1
2678,書事何言魯,1
2679,事何言魯聲,1
2680,何言魯聲伯,1
2681,言魯聲伯忽,1
2682,魯聲伯忽下,1
2683,聲伯忽下瓊,1
2684,伯忽下瓊珠,1
2685,忽下瓊珠淚,1
2686,下瓊珠淚令,1
2687,瓊珠淚令德,1
2688,珠淚令德棄,1
2689,淚令德棄人,1
2690,令德棄人世,1
2691,德棄人世明,1
2692,棄人世明朝,1
2693,人世明朝降,1
2694,世明朝降寵,1
2695,明朝降寵章,1
2696,朝降寵章起,1
2697,降寵章起居,1
2698,寵章起居存,1
2699,章起居存有,1
2700,起居存有位,1
2701,居存有位著,1
2702,存有位著作,1
2703,有位著作沒,1
2704,位著作沒為,1
2705,著作沒為郎,1
2706,作沒為郎寒,1
2707,沒為郎寒水,1
2708,為郎寒水落,1
2709,郎寒水落南,1
2710,寒水落南浦,1
2711,水落南浦月,1
2712,落南浦月華,1
2713,南浦月華虛,1
2714,浦月華虛北,1
2715,月華虛北堂,1
2716,華虛北堂松,1
2717,虛北堂松門,1
2718,北堂松門一,1
2719,堂松門一長,1
2720,松門一長想,1
2721,門一長想仿,1
2722,一長想仿佛,1
2723,長想仿佛見,1
2724,想仿佛見清,1
2725,仿佛見清揚,1
2726,佛見清揚落,1
2727,見清揚落葉,1
2728,清揚落葉滿,1
2729,揚落葉滿山,1
2730,落葉滿山砌,1
2731,葉滿山砌蒼,1
2732,滿山砌蒼煙,1
2733,山砌蒼煙埋,1
2734,砌蒼煙埋竹,1
2735,蒼煙埋竹扉,1
2736,煙埋竹扉遠,1
2737,埋竹扉遠懷,1
2738,竹扉遠懷青,1
2739,扉遠懷青冥,1
2740,遠懷青冥士,1
2741,懷青冥士書,1
2742,青冥士書劍,1
2743,冥士書劍常,1
2744,士書劍常相,1
2745,書劍常相依,1
2746,劍常相依霜,1
2747,常相依霜臥,1
2748,相依霜臥眇,1
2749,依霜臥眇茲,1
2750,霜臥眇茲地,1
2751,臥眇茲地琴,1
2752,眇茲地琴言,1
2753,茲地琴言紛,1
2754,地琴言紛已,1
2755,琴言紛已違,1
2756,言紛已違衡,1
2757,紛已違衡陽,1
2758,已違衡陽今,1
2759,違衡陽今萬,1
2760,衡陽今萬里,1
2761,陽今萬里南,1
2762,今萬里南雁,1
2763,萬里南雁將,1
2764,里南雁將何,1
2765,南雁將何歸,1
2766,雁將何歸出,1
2767,將何歸出徑,1
2768,何歸出徑惜,1
2769,歸出徑惜松,1
2770,出徑惜松引,1
2771,徑惜松引入,1
2772,惜松引入舟,1
2773,松引入舟憐,1
2774,引入舟憐釣,1
2775,入舟憐釣磯,1
2776,舟憐釣磯西,1
2777,憐釣磯西林,1
2778,釣磯西林有,1
2779,磯西林有明,1
2780,西林有明月,1
2781,林有明月夜,1
2782,有明月夜久,1
2783,明月夜久空,1
2784,月夜久空微,1
2785,夜久空微微,1
2786,久空微微冬,1
2787,空微微冬暮,1
2788,微微冬暮久,1
2789,微冬暮久無,1
2790,冬暮久無樂,1
2791,暮久無樂西,1
2792,久無樂西行,1
2793,無樂西行至,1
2794,樂西行至長,1
2795,西行至長安,1
2796,行至長安故,1
2797,至長安故人,1
2798,長安故人處,1
2799,安故人處東,1
2800,故人處東第,1
2801,人處東第清,1
2802,處東第清夜,1
2803,東第清夜多,1
2804,第清夜多新,1
2805,清夜多新歡,1
2806,夜多新歡廣,1
2807,多新歡廣庭,1
2808,新歡廣庭竹,1
2809,歡廣庭竹陰,1
2810,廣庭竹陰靜,1
2811,庭竹陰靜華,1
2812,竹陰靜華池,1
2813,陰靜華池月,1
2814,靜華池月色,1
2815,華池月色寒,1
2816,池月色寒知,1
2817,月色寒知音,1
2818,色寒知音盡,1
2819,寒知音盡詞,1
2820,知音盡詞客,1
2821,音盡詞客方,1
2822,盡詞客方見,1
2823,詞客方見交,1
2824,客方見交情,1
2825,方見交情難,1
2826,見交情難神,1
2827,交情難神道,1
2828,情難神道本,1
2829,難神道本無,1
2830,神道本無已,1
2831,道本無已成,1
2832,本無已成化,1
2833,無已成化亦,1
2834,已成化亦自,1
2835,成化亦自然,1
2836,化亦自然君,1
2837,亦自然君居,1
2838,自然君居寥,1
2839,然君居寥天,1
2840,君居寥天上,1
2841,居寥天上德,1
2842,寥天上德在,1
2843,天上德在玉,1
2844,上德在玉華,1
2845,德在玉華泉,1
2846,在玉華泉真,1
2847,玉華泉真游,1
2848,華泉真游踐,1
2849,泉真游踐王,1
2850,真游踐王豫,1
2851,游踐王豫永,1
2852,踐王豫永日,1
2853,王豫永日遲,1
2854,豫永日遲雲,1
2855,永日遲雲仙,1
2856,日遲雲仙表,1
2857,遲雲仙表微,1
2858,雲仙表微在,1
2859,仙表微在營,1
2860,表微在營道,1
2861,微在營道明,1
2862,在營道明祀,1
2863,營道明祀將,1
2864,道明祀將祈,1
2865,明祀將祈年,1
2866,祀將祈年靈,1
2867,將祈年靈山,1
2868,祈年靈山俯,1
2869,年靈山俯新,1
2870,靈山俯新邑,1
2871,山俯新邑松,1
2872,俯新邑松上,1
2873,新邑松上生,1
2874,邑松上生彩,1
2875,松上生彩煙,1
2876,上生彩煙豈,1
2877,生彩煙豈知,1
2878,彩煙豈知穆,1
2879,煙豈知穆天,1
2880,豈知穆天子,1
2881,知穆天子遠,1
2882,穆天子遠去,1
2883,天子遠去瑤,1
2884,子遠去瑤池,1
2885,遠去瑤池邊,1
2886,去瑤池邊覆,1
2887,瑤池邊覆舟,1
2888,池邊覆舟無,1
2889,邊覆舟無伯,1
2890,覆舟無伯夷,1
2891,舟無伯夷覆,1
2892,無伯夷覆車,1
2893,伯夷覆車無,1
2894,夷覆車無仲,1
2895,覆車無仲尼,1
2896,車無仲尼自,1
2897,無仲尼自咎,1
2898,仲尼自咎失,1
2899,尼自咎失明,1
2900,自咎失明義,1
2901,咎失明義甯,1
2902,失明義甯由,1
2903,明義甯由貝,1
2904,義甯由貝錦,1
2905,甯由貝錦詩,1
2906,由貝錦詩松,1
2907,貝錦詩松柏,1
2908,錦詩松柏日,1
2909,詩松柏日已,1
2910,松柏日已堅,1
2911,柏日已堅桃,1
2912,日已堅桃李,1
2913,已堅桃李日,1
2914,堅桃李日以,1
2915,桃李日以滋,1
2916,李日以滋顧,1
2917,日以滋顧己,1
2918,以滋顧己獨,1
2919,滋顧己獨暗,1
2920,顧己獨暗昧,1
2921,己獨暗昧所,1
2922,獨暗昧所居,1
2923,暗昧所居成,1
2924,昧所居成蒺,1
2925,所居成蒺藜,1
2926,居成蒺藜大,1
2927,成蒺藜大賢,1
2928,蒺藜大賢薦,1
2929,藜大賢薦時,1
2930,大賢薦時文,1
2931,賢薦時文醜,1
2932,薦時文醜婦,1
2933,時文醜婦用,1
2934,文醜婦用蛾,1
2935,醜婦用蛾眉,1
2936,婦用蛾眉惕,1
2937,用蛾眉惕惕,1
2938,蛾眉惕惕愧,1
2939,眉惕惕愧不,1
2940,惕惕愧不已,1
2941,惕愧不已豈,1
2942,愧不已豈敢,1
2943,不已豈敢論,1
2944,已豈敢論其,1
2945,豈敢論其私,1
2946,敢論其私方,1
2947,論其私方朔,1
2948,其私方朔既,1
2949,私方朔既有,1
2950,方朔既有言,1
2951,朔既有言子,1
2952,既有言子建,1
2953,有言子建亦,1
2954,言子建亦有,1
2955,子建亦有詩,1
2956,建亦有詩惻,1
2957,亦有詩惻隱,1
2958,有詩惻隱及,1
2959,詩惻隱及先,1
2960,惻隱及先世,1
2961,隱及先世析,1
2962,及先世析薪,1
2963,先世析薪成,1
2964,世析薪成自,1
2965,析薪成自悲,1
2966,薪成自悲靈,1
2967,成自悲靈鳥,1
2968,自悲靈鳥酬,1
2969,悲靈鳥酬德,1
2970,靈鳥酬德輝,1
2971,鳥酬德輝黃,1
2972,酬德輝黃雀,1
2973,德輝黃雀報,1
2974,輝黃雀報仁,1
2975,黃雀報仁慈,1
2976,雀報仁慈若,1
2977,報仁慈若公,1
2978,仁慈若公庶,1
2979,慈若公庶伏,1
2980,若公庶伏罪,1
2981,公庶伏罪此,1
2982,庶伏罪此事,1
2983,伏罪此事安,1
2984,罪此事安能,1
2985,此事安能遲,1
2986,事安能遲秋,1
2987,安能遲秋山,1
2988,能遲秋山下,1
2989,遲秋山下映,1
2990,秋山下映宮,1
2991,山下映宮宮,1
2992,下映宮宮色,1
2993,映宮宮色宜,1
2994,宮宮色宜朝,1
2995,宮色宜朝陽,1
2996,色宜朝陽迢,1
2997,宜朝陽迢遞,1
2998,朝陽迢遞在,1
2999,陽迢遞在半,1
3000,迢遞在半嶺,1
3001,遞在半嶺參,1
3002,在半嶺參差,1
3003,半嶺參差非,1
3004,嶺參差非一,1
3005,參差非一行,1
3006,差非一行燕,1
3007,非一行燕息,1
3008,一行燕息雲,1
3009,行燕息雲滿,1
3010,燕息雲滿門,1
3011,息雲滿門出,1
3012,雲滿門出遊,1
3013,滿門出遊花,1
3014,門出遊花隱,1
3015,出遊花隱房,1
3016,遊花隱房二,1
3017,花隱房二尊,1
3018,隱房二尊此,1
3019,房二尊此成,1
3020,二尊此成道,1
3021,尊此成道禪,1
3022,此成道禪宇,1
3023,成道禪宇遙,1
3024,道禪宇遙相,1
3025,禪宇遙相望,1
3026,宇遙相望鳳,1
3027,遙相望鳳鐸,1
3028,相望鳳鐸天,1
3029,望鳳鐸天中,1
3030,鳳鐸天中鳴,1
3031,鐸天中鳴岩,1
3032,天中鳴岩梯,1
3033,中鳴岩梯松,1
3034,鳴岩梯松下,1
3035,岩梯松下長,1
3036,梯松下長山,1
3037,松下長山墟,1
3038,下長山墟響,1
3039,長山墟響信,1
3040,山墟響信鼓,1
3041,墟響信鼓蘅,1
3042,響信鼓蘅薄,1
3043,信鼓蘅薄生,1
3044,鼓蘅薄生蕙,1
3045,蘅薄生蕙香,1
3046,薄生蕙香起,1
3047,生蕙香起滅,1
3048,蕙香起滅一,1
3049,香起滅一以,1
3050,起滅一以雪,1
3051,滅一以雪往,1
3052,一以雪往來,1
3053,以雪往來亦,1
3054,雪往來亦誠,1
3055,往來亦誠亡,1
3056,來亦誠亡悲,1
3057,亦誠亡悲哉,1
3058,誠亡悲哉門,1
3059,亡悲哉門弟,1
3060,悲哉門弟子,1
3061,哉門弟子要,1
3062,門弟子要自,1
3063,弟子要自知,1
3064,子要自知心,1
3065,要自知心長,1
3066,自知心長暮,1
3067,知心長暮春,1
3068,心長暮春天,1
3069,長暮春天氣,1
3070,暮春天氣和,1
3071,春天氣和登,1
3072,天氣和登嶺,1
3073,氣和登嶺望,1
3074,和登嶺望層,1
3075,登嶺望層城,1
3076,嶺望層城朝,1
3077,望層城朝日,1
3078,層城朝日懸,1
3079,城朝日懸清,1
3080,朝日懸清景,1
3081,日懸清景巍,1
3082,懸清景巍峨,1
3083,清景巍峨宮,1
3084,景巍峨宮殿,1
3085,巍峨宮殿明,1
3086,峨宮殿明聖,1
3087,宮殿明聖君,1
3088,殿明聖君常,1
3089,明聖君常臨,1
3090,聖君常臨朝,1
3091,君常臨朝達,1
3092,常臨朝達士,1
3093,臨朝達士複,1
3094,朝達士複懸,1
3095,達士複懸衡,1
3096,士複懸衡道,1
3097,複懸衡道近,1
3098,懸衡道近無,1
3099,衡道近無艮,1
3100,道近無艮足,1
3101,近無艮足歸,1
3102,無艮足歸來,1
3103,艮足歸來臥,1
3104,足歸來臥山,1
3105,歸來臥山楹,1
3106,來臥山楹靈,1
3107,臥山楹靈階,1
3108,山楹靈階曝,1
3109,楹靈階曝仙,1
3110,靈階曝仙書,1
3111,階曝仙書深,1
3112,曝仙書深室,1
3113,仙書深室煉,1
3114,書深室煉金,1
3115,深室煉金英,1
3116,室煉金英春,1
3117,煉金英春岩,1
3118,金英春岩松,1
3119,英春岩松柏,1
3120,春岩松柏秀,1
3121,岩松柏秀晨,1
3122,松柏秀晨路,1
3123,柏秀晨路鶤,1
3124,秀晨路鶤雞,1
3125,晨路鶤雞鳴,1
3126,路鶤雞鳴羽,1
3127,鶤雞鳴羽化,1
3128,雞鳴羽化既,1
3129,鳴羽化既有,1
3130,羽化既有言,1
3131,化既有言無,1
3132,既有言無然,1
3133,有言無然悲,1
3134,言無然悲不,1
3135,無然悲不成,1
3136,然悲不成中,1
3137,悲不成中歲,1
3138,不成中歲尚,1
3139,成中歲尚微,1
3140,中歲尚微道,1
3141,歲尚微道始,1
3142,尚微道始知,1
3143,微道始知將,1
3144,道始知將穀,1
3145,始知將穀神,1
3146,知將穀神抗,1
3147,將穀神抗策,1
3148,穀神抗策還,1
3149,神抗策還南,1
3150,抗策還南山,1
3151,策還南山水,1
3152,還南山水木,1
3153,南山水木自,1
3154,山水木自相,1
3155,水木自相親,1
3156,木自相親深,1
3157,自相親深林,1
3158,相親深林開,1
3159,親深林開一,1
3160,深林開一道,1
3161,林開一道青,1
3162,開一道青嶂,1
3163,一道青嶂成,1
3164,道青嶂成四,1
3165,青嶂成四鄰,1
3166,嶂成四鄰平,1
3167,成四鄰平明,1
3168,四鄰平明去,1
3169,鄰平明去采,1
3170,平明去采薇,1
3171,明去采薇日,1
3172,去采薇日入,1
3173,采薇日入行,1
3174,薇日入行刈,1
3175,日入行刈薪,1
3176,入行刈薪雲,1
3177,行刈薪雲歸,1
3178,刈薪雲歸萬,1
3179,薪雲歸萬壑,1
3180,雲歸萬壑暗,1
3181,歸萬壑暗雪,1
3182,萬壑暗雪罷,1
3183,壑暗雪罷千,1
3184,暗雪罷千崖,1
3185,雪罷千崖春,1
3186,罷千崖春始,1
3187,千崖春始看,1
3188,崖春始看玄,1
3189,春始看玄鳥,1
3190,始看玄鳥來,1
3191,看玄鳥來已,1
3192,玄鳥來已見,1
3193,鳥來已見瑤,1
3194,來已見瑤華,1
3195,已見瑤華新,1
3196,見瑤華新寄,1
3197,瑤華新寄言,1
3198,華新寄言搴,1
3199,新寄言搴芳,1
3200,寄言搴芳者,1
3201,言搴芳者無,1
3202,搴芳者無乃,1
3203,芳者無乃後,1
3204,者無乃後時,1
3205,無乃後時人,1
3206,乃後時人蔔,1
3207,後時人蔔築,1
3208,時人蔔築青,1
3209,人蔔築青岩,1
3210,蔔築青岩裏,1
3211,築青岩裏雲,1
3212,青岩裏雲蘿,1
3213,岩裏雲蘿四,1
3214,裏雲蘿四垂,1
3215,雲蘿四垂陰,1
3216,蘿四垂陰虛,1
3217,四垂陰虛室,1
3218,垂陰虛室若,1
3219,陰虛室若無,1
3220,虛室若無人,1
3221,室若無人喬,1
3222,若無人喬木,1
3223,無人喬木自,1
3224,人喬木自成,1
3225,喬木自成林,1
3226,木自成林時,1
3227,自成林時有,1
3228,成林時有清,1
3229,林時有清風,1
3230,時有清風至,1
3231,有清風至側,1
3232,清風至側聞,1
3233,風至側聞樵,1
3234,至側聞樵采,1
3235,側聞樵采音,1
3236,聞樵采音鳳,1
3237,樵采音鳳凰,1
3238,采音鳳凰鳴,1
3239,音鳳凰鳴南,1
3240,鳳凰鳴南岡,1
3241,凰鳴南岡望,1
3242,鳴南岡望望,1
3243,南岡望望隔,1
3244,岡望望隔層,1
3245,望望隔層岑,1
3246,望隔層岑既,1
3247,隔層岑既言,1
3248,層岑既言山,1
3249,岑既言山路,1
3250,既言山路遠,1
3251,言山路遠複,1
3252,山路遠複道,1
3253,路遠複道溪,1
3254,遠複道溪流,1
3255,複道溪流深,1
3256,道溪流深偓,1
3257,溪流深偓佺,1
3258,流深偓佺空,1
3259,深偓佺空中,1
3260,偓佺空中游,1
3261,佺空中游虯,1
3262,空中游虯龍,1
3263,中游虯龍水,1
3264,游虯龍水間,1
3265,虯龍水間吟,1
3266,龍水間吟何,1
3267,水間吟何當,1
3268,間吟何當見,1
3269,吟何當見輕,1
3270,何當見輕翼,1
3271,當見輕翼為,1
3272,見輕翼為我,1
3273,輕翼為我達,1
3274,翼為我達遠,1
3275,為我達遠心,1
3276,我達遠心空,1
3277,達遠心空中,1
3278,遠心空中望,1
3279,心空中望小,1
3280,空中望小山,1
3281,中望小山山,1
3282,望小山山下,1
3283,小山山下見,1
3284,山山下見餘,1
3285,山下見餘雪,1
3286,下見餘雪皎,1
3287,見餘雪皎皎,1
3288,餘雪皎皎河,1
3289,雪皎皎河漢,1
3290,皎皎河漢女,1
3291,皎河漢女在,1
3292,河漢女在茲,1
3293,漢女在茲養,1
3294,女在茲養真,1
3295,在茲養真骨,1
3296,茲養真骨登,1
3297,養真骨登門,1
3298,真骨登門駭,1
3299,骨登門駭天,1
3300,登門駭天書,1
3301,門駭天書啟,1
3302,駭天書啟鑰,1
3303,天書啟鑰問,1
3304,書啟鑰問仙,1
3305,啟鑰問仙訣,1
3306,鑰問仙訣池,1
3307,問仙訣池光,1
3308,仙訣池光搖,1
3309,訣池光搖水,1
3310,池光搖水霧,1
3311,光搖水霧燈,1
3312,搖水霧燈色,1
3313,水霧燈色連,1
3314,霧燈色連松,1
3315,燈色連松月,1
3316,色連松月合,1
3317,連松月合磚,1
3318,松月合磚起,1
3319,月合磚起花,1
3320,合磚起花台,1
3321,磚起花台折,1
3322,起花台折草,1
3323,花台折草成,1
3324,台折草成玉,1
3325,折草成玉節,1
3326,草成玉節天,1
3327,成玉節天雞,1
3328,玉節天雞弄,1
3329,節天雞弄白,1
3330,天雞弄白羽,1
3331,雞弄白羽王,1
3332,弄白羽王母,1
3333,白羽王母垂,1
3334,羽王母垂玄,1
3335,王母垂玄發,1
3336,母垂玄發北,1
3337,垂玄發北有,1
3338,玄發北有上,1
3339,發北有上年,1
3340,北有上年宮,1
3341,有上年宮一,1
3342,上年宮一路,1
3343,年宮一路在,1
3344,宮一路在雲,1
3345,一路在雲霓,1
3346,路在雲霓上,1
3347,在雲霓上心,1
3348,雲霓上心方,1
3349,霓上心方向,1
3350,上心方向道,1
3351,心方向道時,1
3352,方向道時複,1
3353,向道時複朝,1
3354,道時複朝金,1
3355,時複朝金闕,1
3356,複朝金闕太,1
3357,朝金闕太室,1
3358,金闕太室三,1
3359,闕太室三招,1
3360,太室三招提,1
3361,室三招提其,1
3362,三招提其趣,1
3363,招提其趣皆,1
3364,提其趣皆不,1
3365,其趣皆不同,1
3366,趣皆不同不,1
3367,皆不同不同,1
3368,不同不同非,1
3369,同不同非一,1
3370,不同非一趣,1
3371,同非一趣況,1
3372,非一趣況是,1
3373,一趣況是天,1
3374,趣況是天游,1
3375,況是天游宮,1
3376,是天游宮雙,1
3377,天游宮雙嶺,1
3378,游宮雙嶺前,1
3379,宮雙嶺前夾,1
3380,雙嶺前夾門,1
3381,嶺前夾門閣,1
3382,前夾門閣道,1
3383,夾門閣道複,1
3384,門閣道複橫,1
3385,閣道複橫空,1
3386,道複橫空寶,1
3387,複橫空寶坊,1
3388,橫空寶坊若,1
3389,空寶坊若花,1
3390,寶坊若花積,1
3391,坊若花積宛,1
3392,若花積宛轉,1
3393,花積宛轉不,1
3394,積宛轉不可,1
3395,宛轉不可窮,1
3396,轉不可窮流,1
3397,不可窮流泉,1
3398,可窮流泉自,1
3399,窮流泉自成,1
3400,流泉自成池,1
3401,泉自成池清,1
3402,自成池清松,1
3403,成池清松信,1
3404,池清松信饒,1
3405,清松信饒風,1
3406,松信饒風秋,1
3407,信饒風秋晏,1
3408,饒風秋晏景,1
3409,風秋晏景氣,1
3410,秋晏景氣迥,1
3411,晏景氣迥皛,1
3412,景氣迥皛明,1
3413,氣迥皛明丹,1
3414,迥皛明丹素,1
3415,皛明丹素功,1
3416,明丹素功將,1
3417,丹素功將近,1
3418,素功將近隱,1
3419,功將近隱者,1
3420,將近隱者鄰,1
3421,近隱者鄰遠,1
3422,隱者鄰遠與,1
3423,者鄰遠與西,1
3424,鄰遠與西山,1
3425,遠與西山通,1
3426,與西山通大,1
3427,西山通大師,1
3428,山通大師假,1
3429,通大師假惠,1
3430,大師假惠照,1
3431,師假惠照念,1
3432,假惠照念以,1
3433,惠照念以息,1
3434,照念以息微,1
3435,念以息微躬,1
3436,以息微躬校,1
3437,息微躬校文,1
3438,微躬校文在,1
3439,躬校文在仙,1
3440,校文在仙掖,1
3441,文在仙掖每,1
3442,在仙掖每有,1
3443,仙掖每有滄,1
3444,掖每有滄洲,1
3445,每有滄洲心,1
3446,有滄洲心況,1
3447,滄洲心況以,1
3448,洲心況以北,1
3449,心況以北窗,1
3450,況以北窗下,1
3451,以北窗下夢,1
3452,北窗下夢游,1
3453,窗下夢游清,1
3454,下夢游清溪,1
3455,夢游清溪陰,1
3456,游清溪陰春,1
3457,清溪陰春看,1
3458,溪陰春看湖,1
3459,陰春看湖水,1
3460,春看湖水漫,1
3461,看湖水漫夜,1
3462,湖水漫夜入,1
3463,水漫夜入回,1
3464,漫夜入回塘,1
3465,夜入回塘深,1
3466,入回塘深往,1
3467,回塘深往往,1
3468,塘深往往纜,1
3469,深往往纜垂,1
3470,往往纜垂葛,1
3471,往纜垂葛出,1
3472,纜垂葛出舟,1
3473,垂葛出舟望,1
3474,葛出舟望前,1
3475,出舟望前林,1
3476,舟望前林山,1
3477,望前林山人,1
3478,前林山人松,1
3479,林山人松下,1
3480,山人松下飯,1
3481,人松下飯釣,1
3482,松下飯釣客,1
3483,下飯釣客蘆,1
3484,飯釣客蘆中,1
3485,釣客蘆中吟,1
3486,客蘆中吟小,1
3487,蘆中吟小隱,1
3488,中吟小隱何,1
3489,吟小隱何足,1
3490,小隱何足貴,1
3491,隱何足貴長,1
3492,何足貴長年,1
3493,足貴長年固,1
3494,貴長年固可,1
3495,長年固可尋,1
3496,年固可尋還,1
3497,固可尋還車,1
3498,可尋還車首,1
3499,尋還車首東,1
3500,還車首東道,1
3501,車首東道惠,1
3502,首東道惠言,1
3503,東道惠言若,1
3504,道惠言若黃,1
3505,惠言若黃金,1
3506,言若黃金以,1
3507,若黃金以我,1
3508,黃金以我采,1
3509,金以我采薇,1
3510,以我采薇意,1
3511,我采薇意傳,1
3512,采薇意傳之,1
3513,薇意傳之天,1
3514,意傳之天姥,1
3515,傳之天姥岑,1
3516,之天姥岑仲,1
3517,天姥岑仲夏,1
3518,姥岑仲夏日,1
3519,岑仲夏日中,1
3520,仲夏日中時,1
3521,夏日中時草,1
3522,日中時草木,1
3523,中時草木看,1
3524,時草木看欲,1
3525,草木看欲燋,1
3526,木看欲燋田,1
3527,看欲燋田家,1
3528,欲燋田家惜,1
3529,燋田家惜工,1
3530,田家惜工力,1
3531,家惜工力把,1
3532,惜工力把鋤,1
3533,工力把鋤來,1
3534,力把鋤來東,1
3535,把鋤來東皋,1
3536,鋤來東皋顧,1
3537,來東皋顧望,1
3538,東皋顧望浮,1
3539,皋顧望浮雲,1
3540,顧望浮雲陰,1
3541,望浮雲陰往,1
3542,浮雲陰往往,1
3543,雲陰往往誤,1
3544,陰往往誤傷,1
3545,往往誤傷苗,1
3546,往誤傷苗歸,1
3547,誤傷苗歸來,1
3548,傷苗歸來悲,1
3549,苗歸來悲困,1
3550,歸來悲困極,1
3551,來悲困極兄,1
3552,悲困極兄嫂,1
3553,困極兄嫂共,1
3554,極兄嫂共相,1
3555,兄嫂共相譊,1
3556,嫂共相譊無,1
3557,共相譊無錢,1
3558,相譊無錢可,1
3559,譊無錢可沽,1
3560,無錢可沽酒,1
3561,錢可沽酒何,1
3562,可沽酒何以,1
3563,沽酒何以解,1
3564,酒何以解劬,1
3565,何以解劬勞,1
3566,以解劬勞夜,1
3567,解劬勞夜深,1
3568,劬勞夜深星,1
3569,勞夜深星漢,1
3570,夜深星漢明,1
3571,深星漢明庭,1
3572,星漢明庭宇,1
3573,漢明庭宇虛,1
3574,明庭宇虛寥,1
3575,庭宇虛寥寥,1
3576,宇虛寥寥高,1
3577,虛寥寥高柳,1
3578,寥寥高柳三,1
3579,寥高柳三五,1
3580,高柳三五株,1
3581,柳三五株可,1
3582,三五株可以,1
3583,五株可以獨,1
3584,株可以獨逍,1
3585,可以獨逍遙,1
3586,以獨逍遙北,1
3587,獨逍遙北山,1
3588,逍遙北山種,1
3589,遙北山種松,1
3590,北山種松柏,1
3591,山種松柏南,1
3592,種松柏南山,1
3593,松柏南山種,1
3594,柏南山種蒺,1
3595,南山種蒺藜,1
3596,山種蒺藜出,1
3597,種蒺藜出入,1
3598,蒺藜出入雖,1
3599,藜出入雖同,1
3600,出入雖同趣,1
3601,入雖同趣所,1
3602,雖同趣所向,1
3603,同趣所向各,1
3604,趣所向各有,1
3605,所向各有宜,1
3606,向各有宜孔,1
3607,各有宜孔丘,1
3608,有宜孔丘貴,1
3609,宜孔丘貴仁,1
3610,孔丘貴仁義,1
3611,丘貴仁義老,1
3612,貴仁義老氏,1
3613,仁義老氏好,1
3614,義老氏好無,1
3615,老氏好無為,1
3616,氏好無為我,1
3617,好無為我心,1
3618,無為我心若,1
3619,為我心若虛,1
3620,我心若虛空,1
3621,心若虛空此,1
3622,若虛空此道,1
3623,虛空此道將,1
3624,空此道將安,1
3625,此道將安施,1
3626,道將安施暫,1
3627,將安施暫過,1
3628,安施暫過伊,1
3629,施暫過伊闕,1
3630,暫過伊闕間,1
3631,過伊闕間晼,1
3632,伊闕間晼晚,1
3633,闕間晼晚三,1
3634,間晼晚三伏,1
3635,晼晚三伏時,1
3636,晚三伏時高,1
3637,三伏時高閣,1
3638,伏時高閣入,1
3639,時高閣入雲,1
3640,高閣入雲中,1
3641,閣入雲中芙,1
3642,入雲中芙蓉,1
3643,雲中芙蓉滿,1
3644,中芙蓉滿清,1
3645,芙蓉滿清池,1
3646,蓉滿清池要,1
3647,滿清池要自,1
3648,清池要自非,1
3649,池要自非我,1
3650,要自非我室,1
3651,自非我室還,1
3652,非我室還望,1
3653,我室還望南,1
3654,室還望南山,1
3655,還望南山陲,1
3656,望南山陲野,1
3657,南山陲野老,1
3658,山陲野老本,1
3659,陲野老本貧,1
3660,野老本貧賤,1
3661,老本貧賤冒,1
3662,本貧賤冒暑,1
3663,貧賤冒暑鋤,1
3664,賤冒暑鋤瓜,1
3665,冒暑鋤瓜田,1
3666,暑鋤瓜田一,1
3667,鋤瓜田一畦,1
3668,瓜田一畦未,1
3669,田一畦未及,1
3670,一畦未及終,1
3671,畦未及終樹,1
3672,未及終樹下,1
3673,及終樹下高,1
3674,終樹下高枕,1
3675,樹下高枕眠,1
3676,下高枕眠荷,1
3677,高枕眠荷蓧,1
3678,枕眠荷蓧者,1
3679,眠荷蓧者誰,1
3680,荷蓧者誰子,1
3681,蓧者誰子皤,1
3682,者誰子皤皤,1
3683,誰子皤皤來,1
3684,子皤皤來息,1
3685,皤皤來息肩,1
3686,皤來息肩不,1
3687,來息肩不復,1
3688,息肩不復問,1
3689,肩不復問鄉,1
3690,不復問鄉墟,1
3691,復問鄉墟相,1
3692,問鄉墟相見,1
3693,鄉墟相見但,1
3694,墟相見但依,1
3695,相見但依然,1
3696,見但依然腹,1
3697,但依然腹中,1
3698,依然腹中無,1
3699,然腹中無一,1
3700,腹中無一物,1
3701,中無一物高,1
3702,無一物高話,1
3703,一物高話羲,1
3704,物高話羲皇,1
3705,高話羲皇年,1
3706,話羲皇年落,1
3707,羲皇年落日,1
3708,皇年落日臨,1
3709,年落日臨層,1
3710,落日臨層隅,1
3711,日臨層隅逍,1
3712,臨層隅逍遙,1
3713,層隅逍遙望,1
3714,隅逍遙望晴,1
3715,逍遙望晴川,1
3716,遙望晴川使,1
3717,望晴川使婦,1
3718,晴川使婦提,1
3719,川使婦提蠶,1
3720,使婦提蠶筐,1
3721,婦提蠶筐呼,1
3722,提蠶筐呼兒,1
3723,蠶筐呼兒榜,1
3724,筐呼兒榜漁,1
3725,呼兒榜漁船,1
3726,兒榜漁船悠,1
3727,榜漁船悠悠,1
3728,漁船悠悠泛,1
3729,船悠悠泛綠,1
3730,悠悠泛綠水,1
3731,悠泛綠水去,1
3732,泛綠水去摘,1
3733,綠水去摘浦,1
3734,水去摘浦中,1
3735,去摘浦中蓮,1
3736,摘浦中蓮蓮,1
3737,浦中蓮蓮花,1
3738,中蓮蓮花豔,1
3739,蓮蓮花豔且,1
3740,蓮花豔且美,1
3741,花豔且美使,1
3742,豔且美使我,1
3743,且美使我不,1
3744,美使我不能,1
3745,使我不能還,1
3746,我不能還浮,1
3747,不能還浮雲,1
3748,能還浮雲在,1
3749,還浮雲在虛,1
3750,浮雲在虛空,1
3751,雲在虛空隨,1
3752,在虛空隨風,1
3753,虛空隨風複,1
3754,空隨風複卷,1
3755,隨風複卷舒,1
3756,風複卷舒我,1
3757,複卷舒我心,1
3758,卷舒我心方,1
3759,舒我心方處,1
3760,我心方處順,1
3761,心方處順動,1
3762,方處順動作,1
3763,處順動作何,1
3764,順動作何憂,1
3765,動作何憂虞,1
3766,作何憂虞但,1
3767,何憂虞但言,1
3768,憂虞但言嬰,1
3769,虞但言嬰世,1
3770,但言嬰世網,1
3771,言嬰世網不,1
3772,嬰世網不復,1
3773,世網不復得,1
3774,網不復得閒,1
3775,不復得閒居,1
3776,復得閒居迢,1
3777,得閒居迢遞,1
3778,閒居迢遞別,1
3779,居迢遞別東,1
3780,迢遞別東國,1
3781,遞別東國超,1
3782,別東國超遙,1
3783,東國超遙來,1
3784,國超遙來西,1
3785,超遙來西都,1
3786,遙來西都見,1
3787,來西都見人,1
3788,西都見人乃,1
3789,都見人乃恭,1
3790,見人乃恭敬,1
3791,人乃恭敬曾,1
3792,乃恭敬曾不,1
3793,恭敬曾不問,1
3794,敬曾不問賢,1
3795,曾不問賢愚,1
3796,不問賢愚雖,1
3797,問賢愚雖若,1
3798,賢愚雖若不,1
3799,愚雖若不能,1
3800,雖若不能言,1
3801,若不能言中,1
3802,不能言中心,1
3803,能言中心亦,1
3804,言中心亦難,1
3805,中心亦難誣,1
3806,心亦難誣故,1
3807,亦難誣故鄉,1
3808,難誣故鄉滿,1
3809,誣故鄉滿親,1
3810,故鄉滿親戚,1
3811,鄉滿親戚道,1
3812,滿親戚道遠,1
3813,親戚道遠情,1
3814,戚道遠情日,1
3815,道遠情日疏,1
3816,遠情日疏偶,1
3817,情日疏偶欲,1
3818,日疏偶欲陳,1
3819,疏偶欲陳此,1
3820,偶欲陳此意,1
3821,欲陳此意複,1
3822,陳此意複無,1
3823,此意複無南,1
3824,意複無南飛,1
3825,複無南飛鳧,1
3826,無南飛鳧草,1
3827,南飛鳧草木,1
3828,飛鳧草木花,1
3829,鳧草木花葉,1
3830,草木花葉生,1
3831,木花葉生相,1
3832,花葉生相與,1
3833,葉生相與命,1
3834,生相與命為,1
3835,相與命為春,1
3836,與命為春當,1
3837,命為春當非,1
3838,為春當非草,1
3839,春當非草木,1
3840,當非草木意,1
3841,非草木意信,1
3842,草木意信是,1
3843,木意信是故,1
3844,意信是故時,1
3845,信是故時人,1
3846,是故時人靜,1
3847,故時人靜念,1
3848,時人靜念惻,1
3849,人靜念惻群,1
3850,靜念惻群物,1
3851,念惻群物何,1
3852,惻群物何由,1
3853,群物何由知,1
3854,物何由知至,1
3855,何由知至真,1
3856,由知至真狂,1
3857,知至真狂歌,1
3858,至真狂歌問,1
3859,真狂歌問夫,1
3860,狂歌問夫子,1
3861,歌問夫子夫,1
3862,問夫子夫子,1
3863,夫子夫子莫,1
3864,子夫子莫能,1
3865,夫子莫能陳,1
3866,子莫能陳鳳,1
3867,莫能陳鳳凰,1
3868,能陳鳳凰飛,1
3869,陳鳳凰飛且,1
3870,鳳凰飛且鳴,1
3871,凰飛且鳴容,1
3872,飛且鳴容裔,1
3873,且鳴容裔下,1
3874,鳴容裔下天,1
3875,容裔下天津,1
3876,裔下天津清,1
3877,下天津清淨,1
3878,天津清淨無,1
3879,津清淨無言,1
3880,清淨無言語,1
3881,淨無言語茲,1
3882,無言語茲焉,1
3883,言語茲焉庶,1
3884,語茲焉庶可,1
3885,茲焉庶可親,1
3886,焉庶可親黃,1
3887,庶可親黃河,1
3888,可親黃河流,1
3889,親黃河流向,1
3890,黃河流向東,1
3891,河流向東弱,1
3892,流向東弱水,1
3893,向東弱水流,1
3894,東弱水流向,1
3895,弱水流向西,1
3896,水流向西趨,1
3897,流向西趨舍,1
3898,向西趨舍各,1
3899,西趨舍各有,1
3900,趨舍各有異,1
3901,舍各有異造,1
3902,各有異造化,1
3903,有異造化安,1
3904,異造化安能,1
3905,造化安能齊,1
3906,化安能齊妾,1
3907,安能齊妾本,1
3908,能齊妾本邯,1
3909,齊妾本邯鄲,1
3910,妾本邯鄲女,1
3911,本邯鄲女生,1
3912,邯鄲女生長,1
3913,鄲女生長在,1
3914,女生長在叢,1
3915,生長在叢台,1
3916,長在叢台既,1
3917,在叢台既聞,1
3918,叢台既聞容,1
3919,台既聞容見,1
3920,既聞容見寵,1
3921,聞容見寵複,1
3922,容見寵複想,1
3923,見寵複想玄,1
3924,寵複想玄為,1
3925,複想玄為妻,1
3926,想玄為妻刻,1
3927,玄為妻刻畫,1
3928,為妻刻畫尚,1
3929,妻刻畫尚風,1
3930,刻畫尚風流,1
3931,畫尚風流幸,1
3932,尚風流幸會,1
3933,風流幸會君,1
3934,流幸會君招,1
3935,幸會君招攜,1
3936,會君招攜逶,1
3937,君招攜逶迤,1
3938,招攜逶迤歌,1
3939,攜逶迤歌舞,1
3940,逶迤歌舞座,1
3941,迤歌舞座婉,1
3942,歌舞座婉孌,1
3943,舞座婉孌芙,1
3944,座婉孌芙蓉,1
3945,婉孌芙蓉閨,1
3946,孌芙蓉閨日,1
3947,芙蓉閨日月,1
3948,蓉閨日月方,1
3949,閨日月方向,1
3950,日月方向除,1
3951,月方向除恩,1
3952,方向除恩愛,1
3953,向除恩愛忽,1
3954,除恩愛忽焉,1
3955,恩愛忽焉暌,1
3956,愛忽焉暌棄,1
3957,忽焉暌棄置,1
3958,焉暌棄置誰,1
3959,暌棄置誰複,1
3960,棄置誰複道,1
3961,置誰複道但,1
3962,誰複道但悲,1
3963,複道但悲生,1
3964,道但悲生不,1
3965,但悲生不諧,1
3966,悲生不諧羨,1
3967,生不諧羨彼,1
3968,不諧羨彼匹,1
3969,諧羨彼匹婦,1
3970,羨彼匹婦意,1
3971,彼匹婦意偕,1
3972,匹婦意偕老,1
3973,婦意偕老常,1
3974,意偕老常同,1
3975,偕老常同棲,1
3976,老常同棲日,1
3977,常同棲日暮,1
3978,同棲日暮登,1
3979,棲日暮登春,1
3980,日暮登春山,1
3981,暮登春山山,1
3982,登春山山鮮,1
3983,春山山鮮雲,1
3984,山山鮮雲複,1
3985,山鮮雲複輕,1
3986,鮮雲複輕遠,1
3987,雲複輕遠近,1
3988,複輕遠近看,1
3989,輕遠近看春,1
3990,遠近看春色,1
3991,近看春色踟,1
3992,看春色踟躕,1
3993,春色踟躕新,1
3994,色踟躕新月,1
3995,踟躕新月明,1
3996,躕新月明仙,1
3997,新月明仙人,1
3998,月明仙人浮,1
3999,明仙人浮丘,1
4000,仙人浮丘公,1
4001,人浮丘公對,1
4002,浮丘公對月,1
4003,丘公對月時,1
4004,公對月時吹,1
4005,對月時吹笙,1
4006,月時吹笙丹,1
4007,時吹笙丹鳥,1
4008,吹笙丹鳥飛,1
4009,笙丹鳥飛熠,1
4010,丹鳥飛熠熠,1
4011,鳥飛熠熠蒼,1
4012,飛熠熠蒼蠅,1
4013,熠熠蒼蠅亂,1
4014,熠蒼蠅亂營,1
4015,蒼蠅亂營營,1
4016,蠅亂營營群,1
4017,亂營營群動,1
4018,營營群動汩,1
4019,營群動汩吾,1
4020,群動汩吾真,1
4021,動汩吾真訛,1
4022,汩吾真訛言,1
4023,吾真訛言傷,1
4024,真訛言傷我,1
4025,訛言傷我情,1
4026,言傷我情安,1
4027,傷我情安得,1
4028,我情安得如,1
4029,情安得如子,1
4030,安得如子晉,1
4031,得如子晉與,1
4032,如子晉與之,1
4033,子晉與之遊,1
4034,晉與之遊太,1
4035,與之遊太清,1
4036,之遊太清耽,1
4037,遊太清耽耽,1
4038,太清耽耽銅,1
4039,清耽耽銅鞮,1
4040,耽耽銅鞮宮,1
4041,耽銅鞮宮遙,1
4042,銅鞮宮遙望,1
4043,鞮宮遙望長,1
4044,宮遙望長數,1
4045,遙望長數裏,1
4046,望長數裏賓,1
4047,長數裏賓客,1
4048,數裏賓客無,1
4049,裏賓客無多,1
4050,賓客無多少,1
4051,客無多少出,1
4052,無多少出入,1
4053,多少出入皆,1
4054,少出入皆珠,1
4055,出入皆珠履,1
4056,入皆珠履朴,1
4057,皆珠履朴儒,1
4058,珠履朴儒亦,1
4059,履朴儒亦何,1
4060,朴儒亦何為,1
4061,儒亦何為辛,1
4062,亦何為辛苦,1
4063,何為辛苦讀,1
4064,為辛苦讀舊,1
4065,辛苦讀舊史,1
4066,苦讀舊史不,1
4067,讀舊史不道,1
4068,舊史不道無,1
4069,史不道無家,1
4070,不道無家舍,1
4071,道無家舍效,1
4072,無家舍效他,1
4073,家舍效他養,1
4074,舍效他養妻,1
4075,效他養妻子,1
4076,他養妻子冽,1
4077,養妻子冽冽,1
4078,妻子冽冽玄,1
4079,子冽冽玄冬,1
4080,冽冽玄冬暮,1
4081,冽玄冬暮衣,1
4082,玄冬暮衣裳,1
4083,冬暮衣裳無,1
4084,暮衣裳無准,1
4085,衣裳無准擬,1
4086,裳無准擬偶,1
4087,無准擬偶然,1
4088,准擬偶然著,1
4089,擬偶然著道,1
4090,偶然著道書,1
4091,然著道書神,1
4092,著道書神人,1
4093,道書神人養,1
4094,書神人養生,1
4095,神人養生理,1
4096,人養生理公,1
4097,養生理公卿,1
4098,生理公卿時,1
4099,理公卿時見,1
4100,公卿時見賞,1
4101,卿時見賞賜,1
4102,時見賞賜賚,1
4103,見賞賜賚難,1
4104,賞賜賚難具,1
4105,賜賚難具紀,1
4106,賚難具紀莫,1
4107,難具紀莫問,1
4108,具紀莫問身,1
4109,紀莫問身後,1
4110,莫問身後事,1
4111,問身後事且,1
4112,身後事且論,1
4113,後事且論朝,1
4114,事且論朝夕,1
4115,且論朝夕是,1
4116,論朝夕是空,1
4117,朝夕是空山,1
4118,夕是空山暮,1
4119,是空山暮雨,1
4120,空山暮雨來,1
4121,山暮雨來眾,1
4122,暮雨來眾鳥,1
4123,雨來眾鳥竟,1
4124,來眾鳥竟棲,1
4125,眾鳥竟棲息,1
4126,鳥竟棲息斯,1
4127,竟棲息斯須,1
4128,棲息斯須照,1
4129,息斯須照夕,1
4130,斯須照夕陽,1
4131,須照夕陽雙,1
4132,照夕陽雙雙,1
4133,夕陽雙雙複,1
4134,陽雙雙複撫,1
4135,雙雙複撫翼,1
4136,雙複撫翼我,1
4137,複撫翼我念,1
4138,撫翼我念天,1
4139,翼我念天時,1
4140,我念天時好,1
4141,念天時好東,1
4142,天時好東田,1
4143,時好東田有,1
4144,好東田有稼,1
4145,東田有稼穡,1
4146,田有稼穡浮,1
4147,有稼穡浮雲,1
4148,稼穡浮雲蔽,1
4149,穡浮雲蔽川,1
4150,浮雲蔽川原,1
4151,雲蔽川原新,1
4152,蔽川原新流,1
4153,川原新流集,1
4154,原新流集溝,1
4155,新流集溝洫,1
4156,流集溝洫裴,1
4157,集溝洫裴回,1
4158,溝洫裴回顧,1
4159,洫裴回顧衡,1
4160,裴回顧衡宇,1
4161,回顧衡宇僮,1
4162,顧衡宇僮僕,1
4163,衡宇僮僕邀,1
4164,宇僮僕邀我,1
4165,僮僕邀我食,1
4166,僕邀我食臥,1
4167,邀我食臥覽,1
4168,我食臥覽床,1
4169,食臥覽床頭,1
4170,臥覽床頭書,1
4171,覽床頭書睡,1
4172,床頭書睡看,1
4173,頭書睡看機,1
4174,書睡看機中,1
4175,睡看機中織,1
4176,看機中織想,1
4177,機中織想見,1
4178,中織想見明,1
4179,織想見明膏,1
4180,想見明膏煎,1
4181,見明膏煎中,1
4182,明膏煎中夜,1
4183,膏煎中夜起,1
4184,煎中夜起唧,1
4185,中夜起唧唧,1
4186,夜起唧唧四,1
4187,起唧唧四鄰,1
4188,唧唧四鄰競,1
4189,唧四鄰競豐,1
4190,四鄰競豐屋,1
4191,鄰競豐屋我,1
4192,競豐屋我獨,1
4193,豐屋我獨好,1
4194,屋我獨好卑,1
4195,我獨好卑室,1
4196,獨好卑室窈,1
4197,好卑室窈窕,1
4198,卑室窈窕高,1
4199,室窈窕高臺,1
4200,窈窕高臺中,1
4201,窕高臺中時,1
4202,高臺中時聞,1
4203,臺中時聞撫,1
4204,中時聞撫新,1
4205,時聞撫新瑟,1
4206,聞撫新瑟狂,1
4207,撫新瑟狂飆,1
4208,新瑟狂飆動,1
4209,瑟狂飆動地,1
4210,狂飆動地起,1
4211,飆動地起拔,1
4212,動地起拔木,1
4213,地起拔木乃,1
4214,起拔木乃非,1
4215,拔木乃非一,1
4216,木乃非一相,1
4217,乃非一相顧,1
4218,非一相顧始,1
4219,一相顧始知,1
4220,相顧始知悲,1
4221,顧始知悲中,1
4222,始知悲中心,1
4223,知悲中心憂,1
4224,悲中心憂且,1
4225,中心憂且栗,1
4226,心憂且栗蚩,1
4227,憂且栗蚩蚩,1
4228,且栗蚩蚩命,1
4229,栗蚩蚩命子,1
4230,蚩蚩命子弟,1
4231,蚩命子弟恨,1
4232,命子弟恨不,1
4233,子弟恨不居,1
4234,弟恨不居高,1
4235,恨不居高秩,1
4236,不居高秩日,1
4237,居高秩日入,1
4238,高秩日入賓,1
4239,秩日入賓從,1
4240,日入賓從歸,1
4241,入賓從歸清,1
4242,賓從歸清晨,1
4243,從歸清晨冠,1
4244,歸清晨冠蓋,1
4245,清晨冠蓋出,1
4246,晨冠蓋出中,1
4247,冠蓋出中庭,1
4248,蓋出中庭有,1
4249,出中庭有奇,1
4250,中庭有奇樹,1
4251,庭有奇樹榮,1
4252,有奇樹榮早,1
4253,奇樹榮早衰,1
4254,樹榮早衰複,1
4255,榮早衰複疾,1
4256,早衰複疾此,1
4257,衰複疾此道,1
4258,複疾此道猶,1
4259,疾此道猶不,1
4260,此道猶不知,1
4261,道猶不知微,1
4262,猶不知微言,1
4263,不知微言安,1
4264,知微言安可,1
4265,微言安可述,1
4266,言安可述真,1
4267,安可述真人,1
4268,可述真人居,1
4269,述真人居閬,1
4270,真人居閬風,1
4271,人居閬風時,1
4272,居閬風時奏,1
4273,閬風時奏清,1
4274,風時奏清商,1
4275,時奏清商音,1
4276,奏清商音聽,1
4277,清商音聽者,1
4278,商音聽者即,1
4279,音聽者即王,1
4280,聽者即王母,1
4281,者即王母泠,1
4282,即王母泠泠,1
4283,王母泠泠和,1
4284,母泠泠和瑟,1
4285,泠泠和瑟琴,1
4286,泠和瑟琴坐,1
4287,和瑟琴坐對,1
4288,瑟琴坐對三,1
4289,琴坐對三花,1
4290,坐對三花枝,1
4291,對三花枝行,1
4292,三花枝行隨,1
4293,花枝行隨五,1
4294,枝行隨五雲,1
4295,行隨五雲陰,1
4296,隨五雲陰天,1
4297,五雲陰天長,1
4298,雲陰天長昆,1
4299,陰天長昆侖,1
4300,天長昆侖小,1
4301,長昆侖小日,1
4302,昆侖小日久,1
4303,侖小日久蓬,1
4304,小日久蓬萊,1
4305,日久蓬萊深,1
4306,久蓬萊深上,1
4307,蓬萊深上由,1
4308,萊深上由玉,1
4309,深上由玉華,1
4310,上由玉華宮,1
4311,由玉華宮下,1
4312,玉華宮下視,1
4313,華宮下視首,1
4314,宮下視首陽,1
4315,下視首陽岑,1
4316,視首陽岑神,1
4317,首陽岑神州,1
4318,陽岑神州亦,1
4319,岑神州亦清,1
4320,神州亦清淨,1
4321,州亦清淨要,1
4322,亦清淨要自,1
4323,清淨要自有,1
4324,淨要自有浮,1
4325,要自有浮沉,1
4326,自有浮沉惻,1
4327,有浮沉惻惻,1
4328,浮沉惻惻苦,1
4329,沉惻惻苦哉,1
4330,惻惻苦哉行,1
4331,惻苦哉行呱,1
4332,苦哉行呱呱,1
4333,哉行呱呱遊,1
4334,行呱呱遊子,1
4335,呱呱遊子吟,1
4336,呱遊子吟廬,1
4337,遊子吟廬山,1
4338,子吟廬山逢,1
4339,吟廬山逢若,1
4340,廬山逢若士,1
4341,山逢若士思,1
4342,逢若士思欲,1
4343,若士思欲化,1
4344,士思欲化黃,1
4345,思欲化黃金,1
4346,欲化黃金雨,1
4347,化黃金雨雪,1
4348,黃金雨雪沒,1
4349,金雨雪沒太,1
4350,雨雪沒太山,1
4351,雪沒太山誰,1
4352,沒太山誰能,1
4353,太山誰能無,1
4354,山誰能無歸,1
4355,誰能無歸心,1
4356,能無歸心逍,1
4357,無歸心逍遙,1
4358,歸心逍遙在,1
4359,心逍遙在雲,1
4360,逍遙在雲漢,1
4361,遙在雲漢可,1
4362,在雲漢可以,1
4363,雲漢可以來,1
4364,漢可以來相,1
4365,可以來相尋,1
4366,以來相尋春,1
4367,來相尋春至,1
4368,相尋春至鶬,1
4369,尋春至鶬鶊,1
4370,春至鶬鶊鳴,1
4371,至鶬鶊鳴薄,1
4372,鶬鶊鳴薄言,1
4373,鶊鳴薄言向,1
4374,鳴薄言向田,1
4375,薄言向田墅,1
4376,言向田墅不,1
4377,向田墅不能,1
4378,田墅不能自,1
4379,墅不能自力,1
4380,不能自力作,1
4381,能自力作黽,1
4382,自力作黽勉,1
4383,力作黽勉娶,1
4384,作黽勉娶鄰,1
4385,黽勉娶鄰女,1
4386,勉娶鄰女既,1
4387,娶鄰女既念,1
4388,鄰女既念生,1
4389,女既念生子,1
4390,既念生子孫,1
4391,念生子孫方,1
4392,生子孫方思,1
4393,子孫方思廣,1
4394,孫方思廣田,1
4395,方思廣田圃,1
4396,思廣田圃閒,1
4397,廣田圃閒時,1
4398,田圃閒時相,1
4399,圃閒時相顧,1
4400,閒時相顧笑,1
4401,時相顧笑喜,1
4402,相顧笑喜悅,1
4403,顧笑喜悅好,1
4404,笑喜悅好禾,1
4405,喜悅好禾黍,1
4406,悅好禾黍夜,1
4407,好禾黍夜夜,1
4408,禾黍夜夜登,1
4409,黍夜夜登嘯,1
4410,夜夜登嘯台,1
4411,夜登嘯台南,1
4412,登嘯台南望,1
4413,嘯台南望洞,1
4414,台南望洞庭,1
4415,南望洞庭渚,1
4416,望洞庭渚百,1
4417,洞庭渚百草,1
4418,庭渚百草被,1
4419,渚百草被霜,1
4420,百草被霜露,1
4421,草被霜露秋,1
4422,被霜露秋山,1
4423,霜露秋山響,1
4424,露秋山響砧,1
4425,秋山響砧杵,1
4426,山響砧杵卻,1
4427,響砧杵卻羨,1
4428,砧杵卻羨故,1
4429,杵卻羨故年,1
4430,卻羨故年時,1
4431,羨故年時中,1
4432,故年時中情,1
4433,年時中情無,1
4434,時中情無所,1
4435,中情無所取,1
4436,情無所取眾,1
4437,無所取眾人,1
4438,所取眾人恥,1
4439,取眾人恥貧,1
4440,眾人恥貧賤,1
4441,人恥貧賤相,1
4442,恥貧賤相與,1
4443,貧賤相與尚,1
4444,賤相與尚膏,1
4445,相與尚膏腴,1
4446,與尚膏腴我,1
4447,尚膏腴我情,1
4448,膏腴我情既,1
4449,腴我情既浩,1
4450,我情既浩蕩,1
4451,情既浩蕩所,1
4452,既浩蕩所樂,1
4453,浩蕩所樂在,1
4454,蕩所樂在畋,1
4455,所樂在畋漁,1
4456,樂在畋漁山,1
4457,在畋漁山澤,1
4458,畋漁山澤時,1
4459,漁山澤時晦,1
4460,山澤時晦暝,1
4461,澤時晦暝歸,1
4462,時晦暝歸家,1
4463,晦暝歸家暫,1
4464,暝歸家暫閒,1
4465,歸家暫閒居,1
4466,家暫閒居滿,1
4467,暫閒居滿園,1
4468,閒居滿園植,1
4469,居滿園植葵,1
4470,滿園植葵藿,1
4471,園植葵藿繞,1
4472,植葵藿繞屋,1
4473,葵藿繞屋樹,1
4474,藿繞屋樹桑,1
4475,繞屋樹桑榆,1
4476,屋樹桑榆禽,1
4477,樹桑榆禽雀,1
4478,桑榆禽雀知,1
4479,榆禽雀知我,1
4480,禽雀知我閑,1
4481,雀知我閑翔,1
4482,知我閑翔集,1
4483,我閑翔集依,1
4484,閑翔集依我,1
4485,翔集依我廬,1
4486,集依我廬所,1
4487,依我廬所願,1
4488,我廬所願在,1
4489,廬所願在優,1
4490,所願在優遊,1
4491,願在優遊州,1
4492,在優遊州縣,1
4493,優遊州縣莫,1
4494,遊州縣莫相,1
4495,州縣莫相呼,1
4496,縣莫相呼日,1
4497,莫相呼日與,1
4498,相呼日與南,1
4499,呼日與南山,1
4500,日與南山老,1
4501,與南山老兀,1
4502,南山老兀然,1
4503,山老兀然傾,1
4504,老兀然傾一,1
4505,兀然傾一壺,1
4506,然傾一壺逍,1
4507,傾一壺逍遙,1
4508,一壺逍遙阡,1
4509,壺逍遙阡陌,1
4510,逍遙阡陌上,1
4511,遙阡陌上遠,1
4512,阡陌上遠近,1
4513,陌上遠近無,1
4514,上遠近無相,1
4515,遠近無相識,1
4516,近無相識落,1
4517,無相識落日,1
4518,相識落日照,1
4519,識落日照秋,1
4520,落日照秋山,1
4521,日照秋山千,1
4522,照秋山千岩,1
4523,秋山千岩同,1
4524,山千岩同一,1
4525,千岩同一色,1
4526,岩同一色網,1
4527,同一色網罟,1
4528,一色網罟繞,1
4529,色網罟繞深,1
4530,網罟繞深莽,1
4531,罟繞深莽鷹,1
4532,繞深莽鷹鸇,1
4533,深莽鷹鸇始,1
4534,莽鷹鸇始輕,1
4535,鷹鸇始輕翼,1
4536,鸇始輕翼獵,1
4537,始輕翼獵馬,1
4538,輕翼獵馬既,1
4539,翼獵馬既如,1
4540,獵馬既如風,1
4541,馬既如風奔,1
4542,既如風奔獸,1
4543,如風奔獸莫,1
4544,風奔獸莫敢,1
4545,奔獸莫敢息,1
4546,獸莫敢息駐,1
4547,莫敢息駐旗,1
4548,敢息駐旗滄,1
4549,息駐旗滄海,1
4550,駐旗滄海上,1
4551,旗滄海上犒,1
4552,滄海上犒士,1
4553,海上犒士吳,1
4554,上犒士吳宮,1
4555,犒士吳宮側,1
4556,士吳宮側楚,1
4557,吳宮側楚國,1
4558,宮側楚國有,1
4559,側楚國有夫,1
4560,楚國有夫人,1
4561,國有夫人性,1
4562,有夫人性情,1
4563,夫人性情本,1
4564,人性情本貞,1
4565,性情本貞直,1
4566,情本貞直鮮,1
4567,本貞直鮮禽,1
4568,貞直鮮禽徒,1
4569,直鮮禽徒自,1
4570,鮮禽徒自致,1
4571,禽徒自致終,1
4572,徒自致終歲,1
4573,自致終歲竟,1
4574,致終歲竟不,1
4575,終歲竟不食,1
4576,歲竟不食田,1
4577,竟不食田家,1
4578,不食田家趨,1
4579,食田家趨壟,1
4580,田家趨壟畝,1
4581,家趨壟畝當,1
4582,趨壟畝當晝,1
4583,壟畝當晝掩,1
4584,畝當晝掩虛,1
4585,當晝掩虛關,1
4586,晝掩虛關鄰,1
4587,掩虛關鄰里,1
4588,虛關鄰里無,1
4589,關鄰里無煙,1
4590,鄰里無煙火,1
4591,里無煙火兒,1
4592,無煙火兒童,1
4593,煙火兒童共,1
4594,火兒童共幽,1
4595,兒童共幽閒,1
4596,童共幽閒桔,1
4597,共幽閒桔槔,1
4598,幽閒桔槔懸,1
4599,閒桔槔懸空,1
4600,桔槔懸空圃,1
4601,槔懸空圃雞,1
4602,懸空圃雞犬,1
4603,空圃雞犬滿,1
4604,圃雞犬滿桑,1
4605,雞犬滿桑間,1
4606,犬滿桑間時,1
4607,滿桑間時來,1
4608,桑間時來農,1
4609,間時來農事,1
4610,時來農事隙,1
4611,來農事隙采,1
4612,農事隙采藥,1
4613,事隙采藥遊,1
4614,隙采藥遊名,1
4615,采藥遊名山,1
4616,藥遊名山但,1
4617,遊名山但言,1
4618,名山但言所,1
4619,山但言所采,1
4620,但言所采多,1
4621,言所采多不,1
4622,所采多不念,1
4623,采多不念路,1
4624,多不念路險,1
4625,不念路險艱,1
4626,念路險艱人,1
4627,路險艱人生,1
4628,險艱人生如,1
4629,艱人生如蜉,1
4630,人生如蜉蝣,1
4631,生如蜉蝣一,1
4632,如蜉蝣一往,1
4633,蜉蝣一往不,1
4634,蝣一往不可,1
4635,一往不可攀,1
4636,往不可攀君,1
4637,不可攀君看,1
4638,可攀君看西,1
4639,攀君看西王,1
4640,君看西王母,1
4641,看西王母千,1
4642,西王母千載,1
4643,王母千載美,1
4644,母千載美容,1
4645,千載美容顏,1
4646,載美容顏平,1
4647,美容顏平生,1
4648,容顏平生養,1
4649,顏平生養情,1
4650,平生養情性,1
4651,生養情性不,1
4652,養情性不復,1
4653,情性不復計,1
4654,性不復計憂,1
4655,不復計憂樂,1
4656,復計憂樂去,1
4657,計憂樂去家,1
4658,憂樂去家行,1
4659,樂去家行賣,1
4660,去家行賣畚,1
4661,家行賣畚留,1
4662,行賣畚留滯,1
4663,賣畚留滯南,1
4664,畚留滯南陽,1
4665,留滯南陽郭,1
4666,滯南陽郭秋,1
4667,南陽郭秋至,1
4668,陽郭秋至黍,1
4669,郭秋至黍苗,1
4670,秋至黍苗黃,1
4671,至黍苗黃無,1
4672,黍苗黃無人,1
4673,苗黃無人可,1
4674,黃無人可刈,1
4675,無人可刈獲,1
4676,人可刈獲稚,1
4677,可刈獲稚子,1
4678,刈獲稚子朝,1
4679,獲稚子朝未,1
4680,稚子朝未飯,1
4681,子朝未飯把,1
4682,朝未飯把竿,1
4683,未飯把竿逐,1
4684,飯把竿逐鳥,1
4685,把竿逐鳥雀,1
4686,竿逐鳥雀忽,1
4687,逐鳥雀忽見,1
4688,鳥雀忽見梁,1
4689,雀忽見梁將,1
4690,忽見梁將軍,1
4691,見梁將軍乘,1
4692,梁將軍乘車,1
4693,將軍乘車出,1
4694,軍乘車出宛,1
4695,乘車出宛洛,1
4696,車出宛洛意,1
4697,出宛洛意氣,1
4698,宛洛意氣軼,1
4699,洛意氣軼道,1
4700,意氣軼道路,1
4701,氣軼道路光,1
4702,軼道路光輝,1
4703,道路光輝滿,1
4704,路光輝滿墟,1
4705,光輝滿墟落,1
4706,輝滿墟落安,1
4707,滿墟落安知,1
4708,墟落安知負,1
4709,落安知負薪,1
4710,安知負薪者,1
4711,知負薪者咥,1
4712,負薪者咥咥,1
4713,薪者咥咥笑,1
4714,者咥咥笑輕,1
4715,咥咥笑輕薄,1
4716,咥笑輕薄楚,1
4717,笑輕薄楚山,1
4718,輕薄楚山有,1
4719,薄楚山有高,1
4720,楚山有高士,1
4721,山有高士梁,1
4722,有高士梁國,1
4723,高士梁國有,1
4724,士梁國有遺,1
4725,梁國有遺老,1
4726,國有遺老築,1
4727,有遺老築室,1
4728,遺老築室既,1
4729,老築室既相,1
4730,築室既相鄰,1
4731,室既相鄰向,1
4732,既相鄰向田,1
4733,相鄰向田複,1
4734,鄰向田複同,1
4735,向田複同道,1
4736,田複同道糗,1
4737,複同道糗糒,1
4738,同道糗糒常,1
4739,道糗糒常共,1
4740,糗糒常共飯,1
4741,糒常共飯兒,1
4742,常共飯兒孫,1
4743,共飯兒孫每,1
4744,飯兒孫每更,1
4745,兒孫每更抱,1
4746,孫每更抱忘,1
4747,每更抱忘此,1
4748,更抱忘此耕,1
4749,抱忘此耕耨,1
4750,忘此耕耨勞,1
4751,此耕耨勞愧,1
4752,耕耨勞愧彼,1
4753,耨勞愧彼風,1
4754,勞愧彼風雨,1
4755,愧彼風雨好,1
4756,彼風雨好蟪,1
4757,風雨好蟪蛄,1
4758,雨好蟪蛄鳴,1
4759,好蟪蛄鳴空,1
4760,蟪蛄鳴空澤,1
4761,蛄鳴空澤鶗,1
4762,鳴空澤鶗鴂,1
4763,空澤鶗鴂傷,1
4764,澤鶗鴂傷秋,1
4765,鶗鴂傷秋草,1
4766,鴂傷秋草日,1
4767,傷秋草日夕,1
4768,秋草日夕寒,1
4769,草日夕寒風,1
4770,日夕寒風來,1
4771,夕寒風來衣,1
4772,寒風來衣裳,1
4773,風來衣裳苦,1
4774,來衣裳苦不,1
4775,衣裳苦不早,1
4776,裳苦不早梧,1
4777,苦不早梧桐,1
4778,不早梧桐蔭,1
4779,早梧桐蔭我,1
4780,梧桐蔭我門,1
4781,桐蔭我門薜,1
4782,蔭我門薜荔,1
4783,我門薜荔網,1
4784,門薜荔網我,1
4785,薜荔網我屋,1
4786,荔網我屋迢,1
4787,網我屋迢迢,1
4788,我屋迢迢兩,1
4789,屋迢迢兩夫,1
4790,迢迢兩夫婦,1
4791,迢兩夫婦朝,1
4792,兩夫婦朝出,1
4793,夫婦朝出暮,1
4794,婦朝出暮還,1
4795,朝出暮還宿,1
4796,出暮還宿稼,1
4797,暮還宿稼穡,1
4798,還宿稼穡既,1
4799,宿稼穡既自,1
4800,稼穡既自種,1
4801,穡既自種牛,1
4802,既自種牛羊,1
4803,自種牛羊還,1
4804,種牛羊還自,1
4805,牛羊還自牧,1
4806,羊還自牧日,1
4807,還自牧日旰,1
4808,自牧日旰懶,1
4809,牧日旰懶耕,1
4810,日旰懶耕鋤,1
4811,旰懶耕鋤登,1
4812,懶耕鋤登高,1
4813,耕鋤登高望,1
4814,鋤登高望川,1
4815,登高望川陸,1
4816,高望川陸空,1
4817,望川陸空山,1
4818,川陸空山足,1
4819,陸空山足禽,1
4820,空山足禽獸,1
4821,山足禽獸墟,1
4822,足禽獸墟落,1
4823,禽獸墟落多,1
4824,獸墟落多喬,1
4825,墟落多喬木,1
4826,落多喬木白,1
4827,多喬木白馬,1
4828,喬木白馬誰,1
4829,木白馬誰家,1
4830,白馬誰家兒,1
4831,馬誰家兒聯,1
4832,誰家兒聯翩,1
4833,家兒聯翩相,1
4834,兒聯翩相馳,1
4835,聯翩相馳逐,1
4836,翩相馳逐種,1
4837,相馳逐種桑,1
4838,馳逐種桑百,1
4839,逐種桑百餘,1
4840,種桑百餘樹,1
4841,桑百餘樹種,1
4842,百餘樹種黍,1
4843,餘樹種黍三,1
4844,樹種黍三十,1
4845,種黍三十畝,1
4846,黍三十畝衣,1
4847,三十畝衣食,1
4848,十畝衣食既,1
4849,畝衣食既有,1
4850,衣食既有餘,1
4851,食既有餘時,1
4852,既有餘時時,1
4853,有餘時時會,1
4854,餘時時會親,1
4855,時時會親友,1
4856,時會親友夏,1
4857,會親友夏來,1
4858,親友夏來菰,1
4859,友夏來菰米,1
4860,夏來菰米飯,1
4861,來菰米飯秋,1
4862,菰米飯秋至,1
4863,米飯秋至菊,1
4864,飯秋至菊花,1
4865,秋至菊花酒,1
4866,至菊花酒孺,1
4867,菊花酒孺人,1
4868,花酒孺人喜,1
4869,酒孺人喜逢,1
4870,孺人喜逢迎,1
4871,人喜逢迎稚,1
4872,喜逢迎稚子,1
4873,逢迎稚子解,1
4874,迎稚子解趨,1
4875,稚子解趨走,1
4876,子解趨走日,1
4877,解趨走日暮,1
4878,趨走日暮閑,1
4879,走日暮閑園,1
4880,日暮閑園裏,1
4881,暮閑園裏團,1
4882,閑園裏團團,1
4883,園裏團團蔭,1
4884,裏團團蔭榆,1
4885,團團蔭榆柳,1
4886,團蔭榆柳酩,1
4887,蔭榆柳酩酊,1
4888,榆柳酩酊乘,1
4889,柳酩酊乘夜,1
4890,酩酊乘夜歸,1
4891,酊乘夜歸涼,1
4892,乘夜歸涼風,1
4893,夜歸涼風吹,1
4894,歸涼風吹戶,1
4895,涼風吹戶牖,1
4896,風吹戶牖清,1
4897,吹戶牖清淺,1
4898,戶牖清淺望,1
4899,牖清淺望河,1
4900,清淺望河漢,1
4901,淺望河漢低,1
4902,望河漢低昂,1
4903,河漢低昂看,1
4904,漢低昂看北,1
4905,低昂看北斗,1
4906,昂看北斗數,1
4907,看北斗數甕,1
4908,北斗數甕猶,1
4909,斗數甕猶未,1
4910,數甕猶未開,1
4911,甕猶未開明,1
4912,猶未開明朝,1
4913,未開明朝能,1
4914,開明朝能飲,1
4915,明朝能飲否,1
4916,朝能飲否朝,1
4917,能飲否朝隨,1
4918,飲否朝隨秋,1
4919,否朝隨秋雲,1
4920,朝隨秋雲陰,1
4921,隨秋雲陰乃,1
4922,秋雲陰乃至,1
4923,雲陰乃至青,1
4924,陰乃至青松,1
4925,乃至青松林,1
4926,至青松林花,1
4927,青松林花閣,1
4928,松林花閣空,1
4929,林花閣空中,1
4930,花閣空中遠,1
4931,閣空中遠方,1
4932,空中遠方池,1
4933,中遠方池岩,1
4934,遠方池岩下,1
4935,方池岩下深,1
4936,池岩下深竹,1
4937,岩下深竹風,1
4938,下深竹風亂,1
4939,深竹風亂天,1
4940,竹風亂天語,1
4941,風亂天語溪,1
4942,亂天語溪響,1
4943,天語溪響成,1
4944,語溪響成龍,1
4945,溪響成龍吟,1
4946,響成龍吟試,1
4947,成龍吟試問,1
4948,龍吟試問真,1
4949,吟試問真君,1
4950,試問真君子,1
4951,問真君子游,1
4952,真君子游山,1
4953,君子游山非,1
4954,子游山非世,1
4955,游山非世心,1
4956,山非世心精,1
4957,非世心精廬,1
4958,世心精廬不,1
4959,心精廬不住,1
4960,精廬不住子,1
4961,廬不住子自,1
4962,不住子自有,1
4963,住子自有無,1
4964,子自有無生,1
4965,自有無生鄉,1
4966,有無生鄉過,1
4967,無生鄉過客,1
4968,生鄉過客知,1
4969,鄉過客知何,1
4970,過客知何道,1
4971,客知何道裴,1
4972,知何道裴回,1
4973,何道裴回雁,1
4974,道裴回雁子,1
4975,裴回雁子堂,1
4976,回雁子堂浮,1
4977,雁子堂浮雲,1
4978,子堂浮雲歸,1
4979,堂浮雲歸故,1
4980,浮雲歸故嶺,1
4981,雲歸故嶺落,1
4982,歸故嶺落月,1
4983,故嶺落月還,1
4984,嶺落月還西,1
4985,落月還西方,1
4986,月還西方日,1
4987,還西方日夕,1
4988,西方日夕虛,1
4989,方日夕虛空,1
4990,日夕虛空裏,1
4991,夕虛空裏時,1
4992,虛空裏時時,1
4993,空裏時時聞,1
4994,裏時時聞異,1
4995,時時聞異香,1
4996,時聞異香遙,1
4997,聞異香遙山,1
4998,異香遙山起,1
4999,香遙山起真,1
5000,遙山起真宇,1
5001,山起真宇西,1
5002,起真宇西向,1
5003,真宇西向盡,1
5004,宇西向盡花,1
5005,西向盡花林,1
5006,向盡花林下,1
5007,盡花林下見,1
5008,花林下見宮,1
5009,林下見宮殿,1
5010,下見宮殿小,1
5011,見宮殿小上,1
5012,宮殿小上看,1
5013,殿小上看廊,1
5014,小上看廊廡,1
5015,上看廊廡深,1
5016,看廊廡深苑,1
5017,廊廡深苑花,1
5018,廡深苑花落,1
5019,深苑花落池,1
5020,苑花落池水,1
5021,花落池水天,1
5022,落池水天語,1
5023,池水天語聞,1
5024,水天語聞松,1
5025,天語聞松音,1
5026,語聞松音君,1
5027,聞松音君子,1
5028,松音君子又,1
5029,音君子又知,1
5030,君子又知我,1
5031,子又知我焚,1
5032,又知我焚香,1
5033,知我焚香期,1
5034,我焚香期化,1
5035,焚香期化心,1
5036,香期化心南,1
5037,期化心南陽,1
5038,化心南陽隱,1
5039,心南陽隱居,1
5040,南陽隱居者,1
5041,陽隱居者築,1
5042,隱居者築室,1
5043,居者築室丹,1
5044,者築室丹溪,1
5045,築室丹溪源,1
5046,室丹溪源溪,1
5047,丹溪源溪冷,1
5048,溪源溪冷懼,1
5049,源溪冷懼秋,1
5050,溪冷懼秋晏,1
5051,冷懼秋晏室,1
5052,懼秋晏室寒,1
5053,秋晏室寒欣,1
5054,晏室寒欣景,1
5055,室寒欣景暾,1
5056,寒欣景暾山,1
5057,欣景暾山雞,1
5058,景暾山雞鳴,1
5059,暾山雞鳴菌,1
5060,山雞鳴菌閣,1
5061,雞鳴菌閣水,1
5062,鳴菌閣水霧,1
5063,菌閣水霧入,1
5064,閣水霧入衡,1
5065,水霧入衡門,1
5066,霧入衡門東,1
5067,入衡門東嶺,1
5068,衡門東嶺或,1
5069,門東嶺或舒,1
5070,東嶺或舒嘯,1
5071,嶺或舒嘯北,1
5072,或舒嘯北窗,1
5073,舒嘯北窗時,1
5074,嘯北窗時討,1
5075,北窗時討論,1
5076,窗時討論封,1
5077,時討論封君,1
5078,討論封君渭,1
5079,論封君渭陽,1
5080,封君渭陽竹,1
5081,君渭陽竹逸,1
5082,渭陽竹逸士,1
5083,陽竹逸士漢,1
5084,竹逸士漢陰,1
5085,逸士漢陰園,1
5086,士漢陰園何,1
5087,漢陰園何必,1
5088,陰園何必崆,1
5089,園何必崆峒,1
5090,何必崆峒上,1
5091,必崆峒上獨,1
5092,崆峒上獨為,1
5093,峒上獨為堯,1
5094,上獨為堯所,1
5095,獨為堯所尊,1
5096,為堯所尊田,1
5097,堯所尊田家,1
5098,所尊田家俯,1
5099,尊田家俯長,1
5100,田家俯長道,1
5101,家俯長道邀,1
5102,俯長道邀我,1
5103,長道邀我避,1
5104,道邀我避炎,1
5105,邀我避炎氛,1
5106,我避炎氛當,1
5107,避炎氛當暑,1
5108,炎氛當暑日,1
5109,氛當暑日方,1
5110,當暑日方晝,1
5111,暑日方晝高,1
5112,日方晝高天,1
5113,方晝高天無,1
5114,晝高天無片,1
5115,高天無片雲,1
5116,天無片雲桑,1
5117,無片雲桑間,1
5118,片雲桑間禾,1
5119,雲桑間禾黍,1
5120,桑間禾黍氣,1
5121,間禾黍氣柳,1
5122,禾黍氣柳下,1
5123,黍氣柳下牛,1
5124,氣柳下牛羊,1
5125,柳下牛羊群,1
5126,下牛羊群野,1
5127,牛羊群野雀,1
5128,羊群野雀棲,1
5129,群野雀棲空,1
5130,野雀棲空屋,1
5131,雀棲空屋晨,1
5132,棲空屋晨昏,1
5133,空屋晨昏不,1
5134,屋晨昏不復,1
5135,晨昏不復聞,1
5136,昏不復聞前,1
5137,不復聞前登,1
5138,復聞前登澳,1
5139,聞前登澳梁,1
5140,前登澳梁阪,1
5141,登澳梁阪極,1
5142,澳梁阪極望,1
5143,梁阪極望溫,1
5144,阪極望溫泉,1
5145,極望溫泉分,1
5146,望溫泉分逆,1
5147,溫泉分逆旅,1
5148,泉分逆旅方,1
5149,分逆旅方三,1
5150,逆旅方三舍,1
5151,旅方三舍西,1
5152,方三舍西山,1
5153,三舍西山猶,1
5154,舍西山猶未,1
5155,西山猶未曛,1
5156,山猶未曛主,1
5157,猶未曛主家,1
5158,未曛主家隱,1
5159,曛主家隱溪,1
5160,主家隱溪口,1
5161,家隱溪口微,1
5162,隱溪口微路,1
5163,溪口微路入,1
5164,口微路入花,1
5165,微路入花源,1
5166,路入花源數,1
5167,入花源數日,1
5168,花源數日朝,1
5169,源數日朝青,1
5170,數日朝青閣,1
5171,日朝青閣彩,1
5172,朝青閣彩雲,1
5173,青閣彩雲獨,1
5174,閣彩雲獨在,1
5175,彩雲獨在門,1
5176,雲獨在門雙,1
5177,獨在門雙樓,1
5178,在門雙樓夾,1
5179,門雙樓夾一,1
5180,雙樓夾一殿,1
5181,樓夾一殿玉,1
5182,夾一殿玉女,1
5183,一殿玉女侍,1
5184,殿玉女侍玄,1
5185,玉女侍玄元,1
5186,女侍玄元扶,1
5187,侍玄元扶橑,1
5188,玄元扶橑盡,1
5189,元扶橑盡蟠,1
5190,扶橑盡蟠木,1
5191,橑盡蟠木步,1
5192,盡蟠木步簷,1
5193,蟠木步簷多,1
5194,木步簷多畫,1
5195,步簷多畫翻,1
5196,簷多畫翻新,1
5197,多畫翻新松,1
5198,畫翻新松引,1
5199,翻新松引天,1
5200,新松引天籟,1
5201,松引天籟小,1
5202,引天籟小柏,1
5203,天籟小柏繞,1
5204,籟小柏繞山,1
5205,小柏繞山樊,1
5206,柏繞山樊坐,1
5207,繞山樊坐弄,1
5208,山樊坐弄竹,1
5209,樊坐弄竹陰,1
5210,坐弄竹陰遠,1
5211,弄竹陰遠行,1
5212,竹陰遠行隨,1
5213,陰遠行隨溪,1
5214,遠行隨溪水,1
5215,行隨溪水喧,1
5216,隨溪水喧石,1
5217,溪水喧石池,1
5218,水喧石池辨,1
5219,喧石池辨春,1
5220,石池辨春色,1
5221,池辨春色林,1
5222,辨春色林獸,1
5223,春色林獸知,1
5224,色林獸知人,1
5225,林獸知人言,1
5226,獸知人言未,1
5227,知人言未逐,1
5228,人言未逐鳳,1
5229,言未逐鳳凰,1
5230,未逐鳳凰去,1
5231,逐鳳凰去真,1
5232,鳳凰去真宮,1
5233,凰去真宮在,1
5234,去真宮在此,1
5235,真宮在此原,1
5236,宮在此原全,1
5237,在此原全神,1
5238,此原全神不,1
5239,原全神不言,1
5240,全神不言命,1
5241,神不言命所,1
5242,不言命所尚,1
5243,言命所尚道,1
5244,命所尚道家,1
5245,所尚道家流,1
5246,尚道家流迨,1
5247,道家流迨此,1
5248,家流迨此遠,1
5249,流迨此遠南,1
5250,迨此遠南楚,1
5251,此遠南楚遂,1
5252,遠南楚遂令,1
5253,南楚遂令思,1
5254,楚遂令思北,1
5255,遂令思北遊,1
5256,令思北遊先,1
5257,思北遊先生,1
5258,北遊先生秀,1
5259,遊先生秀衡,1
5260,先生秀衡岳,1
5261,生秀衡岳玉,1
5262,秀衡岳玉立,1
5263,衡岳玉立居,1
5264,岳玉立居玄,1
5265,玉立居玄丘,1
5266,立居玄丘門,1
5267,居玄丘門帶,1
5268,玄丘門帶江,1
5269,丘門帶江山,1
5270,門帶江山靜,1
5271,帶江山靜房,1
5272,江山靜房隨,1
5273,山靜房隨瑤,1
5274,靜房隨瑤草,1
5275,房隨瑤草幽,1
5276,隨瑤草幽逍,1
5277,瑤草幽逍遙,1
5278,草幽逍遙三,1
5279,幽逍遙三花,1
5280,逍遙三花發,1
5281,遙三花發罔,1
5282,三花發罔象,1
5283,花發罔象五,1
5284,發罔象五雲,1
5285,罔象五雲浮,1
5286,象五雲浮自,1
5287,五雲浮自有,1
5288,雲浮自有太,1
5289,浮自有太清,1
5290,自有太清紀,1
5291,有太清紀曾,1
5292,太清紀曾垂,1
5293,清紀曾垂華,1
5294,紀曾垂華髮,1
5295,曾垂華髮憂,1
5296,垂華髮憂大,1
5297,華髮憂大年,1
5298,髮憂大年方,1
5299,憂大年方橐,1
5300,大年方橐鑰,1
5301,年方橐鑰小,1
5302,方橐鑰小智,1
5303,橐鑰小智即,1
5304,鑰小智即蜉,1
5305,小智即蜉蝣,1
5306,智即蜉蝣七,1
5307,即蜉蝣七日,1
5308,蜉蝣七日赤,1
5309,蝣七日赤龍,1
5310,七日赤龍至,1
5311,日赤龍至莫,1
5312,赤龍至莫令,1
5313,龍至莫令餘,1
5314,至莫令餘獨,1
5315,莫令餘獨留,1
5316,令餘獨留朝,1
5317,餘獨留朝出,1
5318,獨留朝出猛,1
5319,留朝出猛獸,1
5320,朝出猛獸林,1
5321,出猛獸林躨,1
5322,猛獸林躨跜,1
5323,獸林躨跜登,1
5324,林躨跜登高,1
5325,躨跜登高峰,1
5326,跜登高峰僮,1
5327,登高峰僮僕,1
5328,高峰僮僕履,1
5329,峰僮僕履雲,1
5330,僮僕履雲霧,1
5331,僕履雲霧隨,1
5332,履雲霧隨我,1
5333,雲霧隨我行,1
5334,霧隨我行太,1
5335,隨我行太空,1
5336,我行太空羲,1
5337,行太空羲和,1
5338,太空羲和舒,1
5339,空羲和舒靈,1
5340,羲和舒靈暉,1
5341,和舒靈暉倏,1
5342,舒靈暉倏忽,1
5343,靈暉倏忽西,1
5344,暉倏忽西極,1
5345,倏忽西極通,1
5346,忽西極通回,1
5347,西極通回首,1
5348,極通回首望,1
5349,通回首望涇,1
5350,回首望涇渭,1
5351,首望涇渭隱,1
5352,望涇渭隱隱,1
5353,涇渭隱隱如,1
5354,渭隱隱如長,1
5355,隱隱如長虹,1
5356,隱如長虹九,1
5357,如長虹九逵,1
5358,長虹九逵合,1
5359,虹九逵合蒼,1
5360,九逵合蒼蕪,1
5361,逵合蒼蕪五,1
5362,合蒼蕪五陵,1
5363,蒼蕪五陵遙,1
5364,蕪五陵遙瞳,1
5365,五陵遙瞳蒙,1
5366,陵遙瞳蒙鹿,1
5367,遙瞳蒙鹿遊,1
5368,瞳蒙鹿遊大,1
5369,蒙鹿遊大明,1
5370,鹿遊大明殿,1
5371,遊大明殿霧,1
5372,大明殿霧濕,1
5373,明殿霧濕華,1
5374,殿霧濕華清,1
5375,霧濕華清宮,1
5376,濕華清宮網,1
5377,華清宮網羅,1
5378,清宮網羅蠛,1
5379,宮網羅蠛蠓,1
5380,網羅蠛蠓時,1
5381,羅蠛蠓時顧,1
5382,蠛蠓時顧齒,1
5383,蠓時顧齒熊,1
5384,時顧齒熊羆,1
5385,顧齒熊羆鋒,1
5386,齒熊羆鋒失,1
5387,熊羆鋒失途,1
5388,羆鋒失途走,1
5389,鋒失途走江,1
5390,失途走江漢,1
5391,途走江漢不,1
5392,走江漢不能,1
5393,江漢不能有,1
5394,漢不能有其,1
5395,不能有其功,1
5396,能有其功氣,1
5397,有其功氣逐,1
5398,其功氣逐招,1
5399,功氣逐招搖,1
5400,氣逐招搖星,1
5401,逐招搖星魂,1
5402,招搖星魂隨,1
5403,搖星魂隨閶,1
5404,星魂隨閶闔,1
5405,魂隨閶闔風,1
5406,隨閶闔風惟,1
5407,閶闔風惟言,1
5408,闔風惟言宇,1
5409,風惟言宇宙,1
5410,惟言宇宙清,1
5411,言宇宙清複,1
5412,宇宙清複使,1
5413,宙清複使車,1
5414,清複使車書,1
5415,複使車書同,1
5416,使車書同林,1
5417,車書同林木,1
5418,書同林木被,1
5419,同林木被繁,1
5420,林木被繁霜,1
5421,木被繁霜合,1
5422,被繁霜合遝,1
5423,繁霜合遝連,1
5424,霜合遝連山,1
5425,合遝連山紅,1
5426,遝連山紅鵬,1
5427,連山紅鵬鶚,1
5428,山紅鵬鶚勵,1
5429,紅鵬鶚勵羽,1
5430,鵬鶚勵羽翼,1
5431,鶚勵羽翼俯,1
5432,勵羽翼俯視,1
5433,羽翼俯視荊,1
5434,翼俯視荊棘,1
5435,俯視荊棘叢,1
5436,視荊棘叢誓,1
5437,荊棘叢誓將,1
5438,棘叢誓將食,1
5439,叢誓將食鶬,1
5440,誓將食鶬鴞,1
5441,將食鶬鴞然,1
5442,食鶬鴞然後,1
5443,鶬鴞然後歸,1
5444,鴞然後歸崆,1
5445,然後歸崆峒,1
5446,後歸崆峒溫,1
5447,歸崆峒溫泉,1
5448,崆峒溫泉作,1
5449,峒溫泉作天,1
5450,溫泉作天邑,1
5451,泉作天邑直,1
5452,作天邑直北,1
5453,天邑直北開,1
5454,邑直北開新,1
5455,直北開新洲,1
5456,北開新洲未,1
5457,開新洲未有,1
5458,新洲未有菰,1
5459,洲未有菰蒲,1
5460,未有菰蒲生,1
5461,有菰蒲生即,1
5462,菰蒲生即聞,1
5463,蒲生即聞鳧,1
5464,生即聞鳧雁,1
5465,即聞鳧雁遊,1
5466,聞鳧雁遊六,1
5467,鳧雁遊六亭,1
5468,雁遊六亭在,1
5469,遊六亭在高,1
5470,六亭在高岸,1
5471,亭在高岸數,1
5472,在高岸數島,1
5473,高岸數島居,1
5474,岸數島居中,1
5475,數島居中流,1
5476,島居中流晦,1
5477,居中流晦日,1
5478,中流晦日望,1
5479,流晦日望清,1
5480,晦日望清波,1
5481,日望清波相,1
5482,望清波相與,1
5483,清波相與期,1
5484,波相與期泛,1
5485,相與期泛遊,1
5486,與期泛遊西,1
5487,期泛遊西道,1
5488,泛遊西道苦,1
5489,遊西道苦轉,1
5490,西道苦轉轂,1
5491,道苦轉轂北,1
5492,苦轉轂北堤,1
5493,轉轂北堤疲,1
5494,轂北堤疲行,1
5495,北堤疲行舟,1
5496,堤疲行舟清,1
5497,疲行舟清泠,1
5498,行舟清泠水,1
5499,舟清泠水木,1
5500,清泠水木陰,1
5501,泠水木陰才,1
5502,水木陰才可,1
5503,木陰才可適,1
5504,陰才可適我,1
5505,才可適我憂,1
5506,可適我憂五,1
5507,適我憂五年,1
5508,我憂五年一,1
5509,憂五年一巡,1
5510,五年一巡狩,1
5511,年一巡狩西,1
5512,一巡狩西幸,1
5513,巡狩西幸過,1
5514,狩西幸過東,1
5515,西幸過東畿,1
5516,幸過東畿周,1
5517,過東畿周國,1
5518,東畿周國易,1
5519,畿周國易居,1
5520,周國易居守,1
5521,國易居守周,1
5522,易居守周人,1
5523,居守周人多,1
5524,守周人多怨,1
5525,周人多怨思,1
5526,人多怨思君,1
5527,多怨思君王,1
5528,怨思君王敷,1
5529,思君王敷惠,1
5530,君王敷惠政,1
5531,王敷惠政程,1
5532,敷惠政程作,1
5533,惠政程作貴,1
5534,政程作貴從,1
5535,程作貴從時,1
5536,作貴從時大,1
5537,貴從時大廈,1
5538,從時大廈非,1
5539,時大廈非一,1
5540,大廈非一木,1
5541,廈非一木沉,1
5542,非一木沉沉,1
5543,一木沉沉臨,1
5544,木沉沉臨九,1
5545,沉沉臨九逵,1
5546,沉臨九逵慶,1
5547,臨九逵慶雲,1
5548,九逵慶雲宿,1
5549,逵慶雲宿飛,1
5550,慶雲宿飛棟,1
5551,雲宿飛棟嘉,1
5552,宿飛棟嘉樹,1
5553,飛棟嘉樹羅,1
5554,棟嘉樹羅青,1
5555,嘉樹羅青墀,1
5556,樹羅青墀疏,1
5557,羅青墀疏屏,1
5558,青墀疏屏宜,1
5559,墀疏屏宜朝,1
5560,疏屏宜朝享,1
5561,屏宜朝享方,1
5562,宜朝享方塘,1
5563,朝享方塘堪,1
5564,享方塘堪水,1
5565,方塘堪水嬉,1
5566,塘堪水嬉雲,1
5567,堪水嬉雲中,1
5568,水嬉雲中仰,1
5569,嬉雲中仰華,1
5570,雲中仰華蓋,1
5571,中仰華蓋桁,1
5572,仰華蓋桁下,1
5573,華蓋桁下望,1
5574,蓋桁下望春,1
5575,桁下望春旗,1
5576,下望春旗天,1
5577,望春旗天意,1
5578,春旗天意知,1
5579,旗天意知如,1
5580,天意知如此,1
5581,意知如此星,1
5582,知如此星言,1
5583,如此星言歸,1
5584,此星言歸洛,1
5585,星言歸洛師,1
5586,言歸洛師天,1
5587,歸洛師天紀,1
5588,洛師天紀啟,1
5589,師天紀啟真,1
5590,天紀啟真命,1
5591,紀啟真命君,1
5592,啟真命君生,1
5593,真命君生臣,1
5594,命君生臣亦,1
5595,君生臣亦生,1
5596,生臣亦生乃,1
5597,臣亦生乃知,1
5598,亦生乃知赤,1
5599,生乃知赤帝,1
5600,乃知赤帝子,1
5601,知赤帝子複,1
5602,赤帝子複有,1
5603,帝子複有蒼,1
5604,子複有蒼龍,1
5605,複有蒼龍精,1
5606,有蒼龍精神,1
5607,蒼龍精神武,1
5608,龍精神武建,1
5609,精神武建皇,1
5610,神武建皇極,1
5611,武建皇極文,1
5612,建皇極文昌,1
5613,皇極文昌開,1
5614,極文昌開將,1
5615,文昌開將星,1
5616,昌開將星超,1
5617,開將星超超,1
5618,將星超超渭,1
5619,星超超渭濱,1
5620,超超渭濱器,1
5621,超渭濱器落,1
5622,渭濱器落落,1
5623,濱器落落山,1
5624,器落落山西,1
5625,落落山西名,1
5626,落山西名畫,1
5627,山西名畫閫,1
5628,西名畫閫入,1
5629,名畫閫入受,1
5630,畫閫入受脤,1
5631,閫入受脤鑿,1
5632,入受脤鑿門,1
5633,受脤鑿門出,1
5634,脤鑿門出扞,1
5635,鑿門出扞城,1
5636,門出扞城戎,1
5637,出扞城戎人,1
5638,扞城戎人昧,1
5639,城戎人昧正,1
5640,戎人昧正朔,1
5641,人昧正朔我,1
5642,昧正朔我有,1
5643,正朔我有軒,1
5644,朔我有軒轅,1
5645,我有軒轅兵,1
5646,有軒轅兵隴,1
5647,軒轅兵隴路,1
5648,轅兵隴路起,1
5649,兵隴路起豐,1
5650,隴路起豐鎬,1
5651,路起豐鎬關,1
5652,起豐鎬關雲,1
5653,豐鎬關雲隨,1
5654,鎬關雲隨旆,1
5655,關雲隨旆旌,1
5656,雲隨旆旌河,1
5657,隨旆旌河湟,1
5658,旆旌河湟訓,1
5659,旌河湟訓兵,1
5660,河湟訓兵甲,1
5661,湟訓兵甲義,1
5662,訓兵甲義勇,1
5663,兵甲義勇方,1
5664,甲義勇方橫,1
5665,義勇方橫行,1
5666,勇方橫行韓,1
5667,方橫行韓魏,1
5668,橫行韓魏多,1
5669,行韓魏多銳,1
5670,韓魏多銳士,1
5671,魏多銳士蹶,1
5672,多銳士蹶張,1
5673,銳士蹶張在,1
5674,士蹶張在幕,1
5675,蹶張在幕庭,1
5676,張在幕庭大,1
5677,在幕庭大非,1
5678,幕庭大非四,1
5679,庭大非四決,1
5680,大非四決軋,1
5681,非四決軋石,1
5682,四決軋石堡,1
5683,決軋石堡高,1
5684,軋石堡高崢,1
5685,石堡高崢嶸,1
5686,堡高崢嶸攻,1
5687,高崢嶸攻伐,1
5688,崢嶸攻伐若,1
5689,嶸攻伐若振,1
5690,攻伐若振槁,1
5691,伐若振槁孰,1
5692,若振槁孰雲,1
5693,振槁孰雲非,1
5694,槁孰雲非神,1
5695,孰雲非神明,1
5696,雲非神明嘉,1
5697,非神明嘉謀,1
5698,神明嘉謀即,1
5699,明嘉謀即天,1
5700,嘉謀即天意,1
5701,謀即天意驟,1
5702,即天意驟勝,1
5703,天意驟勝由,1
5704,意驟勝由師,1
5705,驟勝由師貞,1
5706,勝由師貞枯,1
5707,由師貞枯草,1
5708,師貞枯草被,1
5709,貞枯草被西,1
5710,枯草被西陸,1
5711,草被西陸烈,1
5712,被西陸烈風,1
5713,西陸烈風昏,1
5714,陸烈風昏太,1
5715,烈風昏太清,1
5716,風昏太清戢,1
5717,昏太清戢戈,1
5718,太清戢戈旄,1
5719,清戢戈旄頭,1
5720,戢戈旄頭落,1
5721,戈旄頭落牧,1
5722,旄頭落牧馬,1
5723,頭落牧馬昆,1
5724,落牧馬昆侖,1
5725,牧馬昆侖平,1
5726,馬昆侖平賓,1
5727,昆侖平賓從,1
5728,侖平賓從儼,1
5729,平賓從儼冠,1
5730,賓從儼冠蓋,1
5731,從儼冠蓋封,1
5732,儼冠蓋封山,1
5733,冠蓋封山紀,1
5734,蓋封山紀天,1
5735,封山紀天聲,1
5736,山紀天聲來,1
5737,紀天聲來朝,1
5738,天聲來朝芙,1
5739,聲來朝芙蓉,1
5740,來朝芙蓉闕,1
5741,朝芙蓉闕鳴,1
5742,芙蓉闕鳴玉,1
5743,蓉闕鳴玉飄,1
5744,闕鳴玉飄華,1
5745,鳴玉飄華纓,1
5746,玉飄華纓直,1
5747,飄華纓直道,1
5748,華纓直道濟,1
5749,纓直道濟時,1
5750,直道濟時憲,1
5751,道濟時憲天,1
5752,濟時憲天邦,1
5753,時憲天邦遂,1
5754,憲天邦遂輕,1
5755,天邦遂輕刑,1
5756,邦遂輕刑抗,1
5757,遂輕刑抗書,1
5758,輕刑抗書報,1
5759,刑抗書報知,1
5760,抗書報知己,1
5761,書報知己松,1
5762,報知己松柏,1
5763,知己松柏亦,1
5764,己松柏亦以,1
5765,松柏亦以榮,1
5766,柏亦以榮嘉,1
5767,亦以榮嘉命,1
5768,以榮嘉命列,1
5769,榮嘉命列上,1
5770,嘉命列上第,1
5771,命列上第德,1
5772,列上第德輝,1
5773,上第德輝照,1
5774,第德輝照天,1
5775,德輝照天京,1
5776,輝照天京在,1
5777,照天京在車,1
5778,天京在車持,1
5779,京在車持簡,1
5780,在車持簡墨,1
5781,車持簡墨粲,1
5782,持簡墨粲粲,1
5783,簡墨粲粲皆,1
5784,墨粲粲皆詞,1
5785,粲粲皆詞英,1
5786,粲皆詞英顧,1
5787,皆詞英顧我,1
5788,詞英顧我搶,1
5789,英顧我搶榆,1
5790,顧我搶榆者,1
5791,我搶榆者莫,1
5792,搶榆者莫能,1
5793,榆者莫能翔,1
5794,者莫能翔青,1
5795,莫能翔青冥,1
5796,能翔青冥游,1
5797,翔青冥游燕,1
5798,青冥游燕非,1
5799,冥游燕非騏,1
5800,游燕非騏驥,1
5801,燕非騏驥躑,1
5802,非騏驥躑躅,1
5803,騏驥躑躅思,1
5804,驥躑躅思長,1
5805,躑躅思長鳴,1
5806,躅思長鳴直,1
5807,思長鳴直道,1
5808,長鳴直道已,1
5809,鳴直道已三,1
5810,直道已三出,1
5811,道已三出幸,1
5812,已三出幸從,1
5813,三出幸從江,1
5814,出幸從江上,1
5815,幸從江上回,1
5816,從江上回新,1
5817,江上回新居,1
5818,上回新居茅,1
5819,回新居茅茨,1
5820,新居茅茨迥,1
5821,居茅茨迥起,1
5822,茅茨迥起見,1
5823,茨迥起見秋,1
5824,迥起見秋雲,1
5825,起見秋雲開,1
5826,見秋雲開十,1
5827,秋雲開十裏,1
5828,雲開十裏次,1
5829,開十裏次舟,1
5830,十裏次舟楫,1
5831,裏次舟楫二,1
5832,次舟楫二橋,1
5833,舟楫二橋交,1
5834,楫二橋交往,1
5835,二橋交往來,1
5836,橋交往來楚,1
5837,交往來楚言,1
5838,往來楚言滿,1
5839,來楚言滿鄰,1
5840,楚言滿鄰里,1
5841,言滿鄰里雁,1
5842,滿鄰里雁叫,1
5843,鄰里雁叫喧,1
5844,里雁叫喧池,1
5845,雁叫喧池台,1
5846,叫喧池台魚,1
5847,喧池台魚鱉,1
5848,池台魚鱉樂,1
5849,台魚鱉樂仁,1
5850,魚鱉樂仁政,1
5851,鱉樂仁政浮,1
5852,樂仁政浮沉,1
5853,仁政浮沉亦,1
5854,政浮沉亦至,1
5855,浮沉亦至哉,1
5856,沉亦至哉小,1
5857,亦至哉小山,1
5858,至哉小山宜,1
5859,哉小山宜大,1
5860,小山宜大隱,1
5861,山宜大隱要,1
5862,宜大隱要自,1
5863,大隱要自望,1
5864,隱要自望蓬,1
5865,要自望蓬萊,1
5866,自望蓬萊伊,1
5867,望蓬萊伊昔,1
5868,蓬萊伊昔好,1
5869,萊伊昔好觀,1
5870,伊昔好觀國,1
5871,昔好觀國自,1
5872,好觀國自鄉,1
5873,觀國自鄉西,1
5874,國自鄉西入,1
5875,自鄉西入秦,1
5876,鄉西入秦往,1
5877,西入秦往復,1
5878,入秦往復萬,1
5879,秦往復萬餘,1
5880,往復萬餘裏,1
5881,復萬餘裏相,1
5882,萬餘裏相逢,1
5883,餘裏相逢皆,1
5884,裏相逢皆眾,1
5885,相逢皆眾人,1
5886,逢皆眾人大,1
5887,皆眾人大君,1
5888,眾人大君幸,1
5889,人大君幸東,1
5890,大君幸東嶽,1
5891,君幸東嶽世,1
5892,幸東嶽世哲,1
5893,東嶽世哲扈,1
5894,嶽世哲扈時,1
5895,世哲扈時巡,1
5896,哲扈時巡予,1
5897,扈時巡予亦,1
5898,時巡予亦從,1
5899,巡予亦從此,1
5900,予亦從此去,1
5901,亦從此去閒,1
5902,從此去閒居,1
5903,此去閒居清,1
5904,去閒居清洛,1
5905,閒居清洛濱,1
5906,居清洛濱稍,1
5907,清洛濱稍稍,1
5908,洛濱稍稍寒,1
5909,濱稍稍寒木,1
5910,稍稍寒木直,1
5911,稍寒木直彩,1
5912,寒木直彩彩,1
5913,木直彩彩陽,1
5914,直彩彩陽華,1
5915,彩彩陽華新,1
5916,彩陽華新迭,1
5917,陽華新迭宕,1
5918,華新迭宕孔,1
5919,新迭宕孔文,1
5920,迭宕孔文舉,1
5921,宕孔文舉風,1
5922,孔文舉風流,1
5923,文舉風流石,1
5924,舉風流石季,1
5925,風流石季倫,1
5926,流石季倫妙,1
5927,石季倫妙年,1
5928,季倫妙年一,1
5929,倫妙年一相,1
5930,妙年一相得,1
5931,年一相得白,1
5932,一相得白首,1
5933,相得白首定,1
5934,得白首定相,1
5935,白首定相親,1
5936,首定相親重,1
5937,定相親重此,1
5938,相親重此虛,1
5939,親重此虛賓,1
5940,重此虛賓館,1
5941,此虛賓館歡,1
5942,虛賓館歡言,1
5943,賓館歡言冬,1
5944,館歡言冬及,1
5945,歡言冬及春,1
5946,言冬及春哲,1
5947,冬及春哲兄,1
5948,及春哲兄盛,1
5949,春哲兄盛文,1
5950,哲兄盛文史,1
5951,兄盛文史出,1
5952,盛文史出入,1
5953,文史出入馳,1
5954,史出入馳高,1
5955,出入馳高軌,1
5956,入馳高軌令,1
5957,馳高軌令德,1
5958,高軌令德本,1
5959,軌令德本同,1
5960,令德本同人,1
5961,德本同人深,1
5962,本同人深心,1
5963,同人深心重,1
5964,人深心重知,1
5965,深心重知己,1
5966,心重知己絳,1
5967,重知己絳衣,1
5968,知己絳衣朝,1
5969,己絳衣朝聖,1
5970,絳衣朝聖主,1
5971,衣朝聖主紗,1
5972,朝聖主紗帳,1
5973,聖主紗帳延,1
5974,主紗帳延才,1
5975,紗帳延才子,1
5976,帳延才子伯,1
5977,延才子伯淮,1
5978,才子伯淮與,1
5979,子伯淮與季,1
5980,伯淮與季江,1
5981,淮與季江清,1
5982,與季江清浚,1
5983,季江清浚各,1
5984,江清浚各孤,1
5985,清浚各孤峙,1
5986,浚各孤峙群,1
5987,各孤峙群芳,1
5988,孤峙群芳趨,1
5989,峙群芳趨泛,1
5990,群芳趨泛愛,1
5991,芳趨泛愛萬,1
5992,趨泛愛萬物,1
5993,泛愛萬物通,1
5994,愛萬物通情,1
5995,萬物通情理,1
5996,物通情理而,1
5997,通情理而我,1
5998,情理而我信,1
5999,理而我信空,1
6000,而我信空虛,1
6001,我信空虛提,1
6002,信空虛提攜,1
6003,空虛提攜過,1
6004,虛提攜過杞,1
6005,提攜過杞梓,1
6006,攜過杞梓夫,1
6007,過杞梓夫君,1
6008,杞梓夫君美,1
6009,梓夫君美聲,1
6010,夫君美聲德,1
6011,君美聲德直,1
6012,美聲德直道,1
6013,聲德直道期,1
6014,德直道期終,1
6015,直道期終始,1
6016,道期終始孰,1
6017,期終始孰謂,1
6018,終始孰謂忽,1
6019,始孰謂忽離,1
6020,孰謂忽離居,1
6021,謂忽離居優,1
6022,忽離居優遊,1
6023,離居優遊鄭,1
6024,居優遊鄭東,1
6025,優遊鄭東裏,1
6026,遊鄭東裏東,1
6027,鄭東裏東裏,1
6028,東裏東裏近,1
6029,裏東裏近王,1
6030,東裏近王城,1
6031,裏近王城山,1
6032,近王城山連,1
6033,王城山連路,1
6034,城山連路亦,1
6035,山連路亦平,1
6036,連路亦平何,1
6037,路亦平何言,1
6038,亦平何言相,1
6039,平何言相去,1
6040,何言相去遠,1
6041,言相去遠閑,1
6042,相去遠閑言,1
6043,去遠閑言獨,1
6044,遠閑言獨淒,1
6045,閑言獨淒清,1
6046,言獨淒清萬,1
6047,獨淒清萬里,1
6048,淒清萬里鴻,1
6049,清萬里鴻雁,1
6050,萬里鴻雁度,1
6051,里鴻雁度四,1
6052,鴻雁度四鄰,1
6053,雁度四鄰砧,1
6054,度四鄰砧杵,1
6055,四鄰砧杵鳴,1
6056,鄰砧杵鳴其,1
6057,砧杵鳴其如,1
6058,杵鳴其如久,1
6059,鳴其如久離,1
6060,其如久離別,1
6061,如久離別重,1
6062,久離別重以,1
6063,離別重以霜,1
6064,別重以霜風,1
6065,重以霜風驚,1
6066,以霜風驚河,1
6067,霜風驚河流,1
6068,風驚河流有,1
6069,驚河流有深,1
6070,河流有深曲,1
6071,流有深曲舟,1
6072,有深曲舟子,1
6073,深曲舟子莫,1
6074,曲舟子莫能,1
6075,舟子莫能知,1
6076,子莫能知弭,1
6077,莫能知弭棹,1
6078,能知弭棹臨,1
6079,知弭棹臨沙,1
6080,弭棹臨沙嶼,1
6081,棹臨沙嶼微,1
6082,臨沙嶼微吟,1
6083,沙嶼微吟西,1
6084,嶼微吟西日,1
6085,微吟西日馳,1
6086,吟西日馳平,1
6087,西日馳平明,1
6088,日馳平明春,1
6089,馳平明春色,1
6090,平明春色霽,1
6091,明春色霽兩,1
6092,春色霽兩岸,1
6093,色霽兩岸好,1
6094,霽兩岸好風,1
6095,兩岸好風吹,1
6096,岸好風吹去,1
6097,好風吹去去,1
6098,風吹去去川,1
6099,吹去去川途,1
6100,去去川途盡,1
6101,去川途盡悠,1
6102,川途盡悠悠,1
6103,途盡悠悠親,1
6104,盡悠悠親友,1
6105,悠悠親友離,1
6106,悠親友離漢,1
6107,親友離漢宮,1
6108,友離漢宮成,1
6109,離漢宮成羽,1
6110,漢宮成羽翼,1
6111,宮成羽翼伊,1
6112,成羽翼伊水,1
6113,羽翼伊水弄,1
6114,翼伊水弄參,1
6115,伊水弄參差,1
6116,水弄參差為,1
6117,弄參差為惜,1
6118,參差為惜淮,1
6119,差為惜淮南,1
6120,為惜淮南子,1
6121,惜淮南子如,1
6122,淮南子如何,1
6123,南子如何攀,1
6124,子如何攀桂,1
6125,如何攀桂枝,1
6126,何攀桂枝渭,1
6127,攀桂枝渭水,1
6128,桂枝渭水收,1
6129,枝渭水收暮,1
6130,渭水收暮雨,1
6131,水收暮雨處,1
6132,收暮雨處處,1
6133,暮雨處處多,1
6134,雨處處多新,1
6135,處處多新澤,1
6136,處多新澤宮,1
6137,多新澤宮苑,1
6138,新澤宮苑傍,1
6139,澤宮苑傍山,1
6140,宮苑傍山明,1
6141,苑傍山明雲,1
6142,傍山明雲林,1
6143,山明雲林帶,1
6144,明雲林帶天,1
6145,雲林帶天碧,1
6146,林帶天碧君,1
6147,帶天碧君子,1
6148,天碧君子聳,1
6149,碧君子聳高,1
6150,君子聳高駕,1
6151,子聳高駕英,1
6152,聳高駕英聲,1
6153,高駕英聲邈,1
6154,駕英聲邈今,1
6155,英聲邈今昔,1
6156,聲邈今昔鏘,1
6157,邈今昔鏘佩,1
6158,今昔鏘佩出,1
6159,昔鏘佩出中,1
6160,鏘佩出中台,1
6161,佩出中台彯,1
6162,出中台彯纓,1
6163,中台彯纓入,1
6164,台彯纓入仙,1
6165,彯纓入仙掖,1
6166,纓入仙掖夙,1
6167,入仙掖夙心,1
6168,仙掖夙心幸,1
6169,掖夙心幸清,1
6170,夙心幸清鑒,1
6171,心幸清鑒晚,1
6172,幸清鑒晚志,1
6173,清鑒晚志欣,1
6174,鑒晚志欣良,1
6175,晚志欣良覿,1
6176,志欣良覿鳴,1
6177,欣良覿鳴盜,1
6178,良覿鳴盜非,1
6179,覿鳴盜非足,1
6180,鳴盜非足征,1
6181,盜非足征願,1
6182,非足征願言,1
6183,足征願言同,1
6184,征願言同下,1
6185,願言同下客,1
6186,言同下客南,1
6187,同下客南國,1
6188,下客南國久,1
6189,客南國久為,1
6190,南國久為思,1
6191,國久為思西,1
6192,久為思西都,1
6193,為思西都嘗,1
6194,思西都嘗作,1
6195,西都嘗作賓,1
6196,都嘗作賓雲,1
6197,嘗作賓雲開,1
6198,作賓雲開天,1
6199,賓雲開天地,1
6200,雲開天地色,1
6201,開天地色日,1
6202,天地色日照,1
6203,地色日照山,1
6204,色日照山河,1
6205,日照山河春,1
6206,照山河春善,1
6207,山河春善聽,1
6208,河春善聽在,1
6209,春善聽在知,1
6210,善聽在知己,1
6211,聽在知己揚,1
6212,在知己揚光,1
6213,知己揚光唯,1
6214,己揚光唯達,1
6215,揚光唯達人,1
6216,光唯達人妙,1
6217,唯達人妙年,1
6218,達人妙年弄,1
6219,人妙年弄柔,1
6220,妙年弄柔翰,1
6221,年弄柔翰弱,1
6222,弄柔翰弱冠,1
6223,柔翰弱冠偶,1
6224,翰弱冠偶良,1
6225,弱冠偶良晨,1
6226,冠偶良晨擢,1
6227,偶良晨擢第,1
6228,良晨擢第文,1
6229,晨擢第文昌,1
6230,擢第文昌閣,1
6231,第文昌閣還,1
6232,文昌閣還家,1
6233,昌閣還家滄,1
6234,閣還家滄海,1
6235,還家滄海濱,1
6236,家滄海濱寸,1
6237,滄海濱寸心,1
6238,海濱寸心何,1
6239,濱寸心何所,1
6240,寸心何所望,1
6241,心何所望東,1
6242,何所望東掖,1
6243,所望東掖有,1
6244,望東掖有賢,1
6245,東掖有賢臣,1
6246,掖有賢臣自,1
6247,有賢臣自初,1
6248,賢臣自初賓,1
6249,臣自初賓上,1
6250,自初賓上國,1
6251,初賓上國乃,1
6252,賓上國乃到,1
6253,上國乃到鄒,1
6254,國乃到鄒人,1
6255,乃到鄒人鄉,1
6256,到鄒人鄉曾,1
6257,鄒人鄉曾點,1
6258,人鄉曾點與,1
6259,鄉曾點與曾,1
6260,曾點與曾子,1
6261,點與曾子俱,1
6262,與曾子俱升,1
6263,曾子俱升闕,1
6264,子俱升闕裏,1
6265,俱升闕裏堂,1
6266,升闕裏堂武,1
6267,闕裏堂武皇,1
6268,裏堂武皇恢,1
6269,堂武皇恢大,1
6270,武皇恢大略,1
6271,皇恢大略逸,1
6272,恢大略逸翮,1
6273,大略逸翮思,1
6274,略逸翮思寥,1
6275,逸翮思寥廓,1
6276,翮思寥廓三,1
6277,思寥廓三居,1
6278,寥廓三居清,1
6279,廓三居清憲,1
6280,三居清憲台,1
6281,居清憲台兩,1
6282,清憲台兩拜,1
6283,憲台兩拜文,1
6284,台兩拜文昌,1
6285,兩拜文昌閣,1
6286,拜文昌閣為,1
6287,文昌閣為道,1
6288,昌閣為道既,1
6289,閣為道既貞,1
6290,為道既貞信,1
6291,道既貞信處,1
6292,既貞信處名,1
6293,貞信處名猶,1
6294,信處名猶謇,1
6295,處名猶謇諤,1
6296,名猶謇諤鐵,1
6297,猶謇諤鐵柱,1
6298,謇諤鐵柱勵,1
6299,諤鐵柱勵風,1
6300,鐵柱勵風威,1
6301,柱勵風威錦,1
6302,勵風威錦軸,1
6303,風威錦軸含,1
6304,威錦軸含光,1
6305,錦軸含光輝,1
6306,軸含光輝夜,1
6307,含光輝夜聞,1
6308,光輝夜聞持,1
6309,輝夜聞持簡,1
6310,夜聞持簡立,1
6311,聞持簡立朝,1
6312,持簡立朝看,1
6313,簡立朝看伏,1
6314,立朝看伏奏,1
6315,朝看伏奏歸,1
6316,看伏奏歸洞,1
6317,伏奏歸洞門,1
6318,奏歸洞門清,1
6319,歸洞門清佩,1
6320,洞門清佩響,1
6321,門清佩響廣,1
6322,清佩響廣路,1
6323,佩響廣路玉,1
6324,響廣路玉珂,1
6325,廣路玉珂飛,1
6326,路玉珂飛驤,1
6327,玉珂飛驤首,1
6328,珂飛驤首入,1
6329,飛驤首入丹,1
6330,驤首入丹掖,1
6331,首入丹掖摶,1
6332,入丹掖摶空,1
6333,丹掖摶空趨,1
6334,掖摶空趨太,1
6335,摶空趨太微,1
6336,空趨太微絲,1
6337,趨太微絲綸,1
6338,太微絲綸逢,1
6339,微絲綸逢聖,1
6340,絲綸逢聖主,1
6341,綸逢聖主出,1
6342,逢聖主出入,1
6343,聖主出入飄,1
6344,主出入飄華,1
6345,出入飄華組,1
6346,入飄華組愔,1
6347,飄華組愔愔,1
6348,華組愔愔宿,1
6349,組愔愔宿帝,1
6350,愔愔宿帝梧,1
6351,愔宿帝梧侃,1
6352,宿帝梧侃侃,1
6353,帝梧侃侃居,1
6354,梧侃侃居文,1
6355,侃侃居文府,1
6356,侃居文府海,1
6357,居文府海內,1
6358,文府海內語,1
6359,府海內語三,1
6360,海內語三獨,1
6361,內語三獨朝,1
6362,語三獨朝端,1
6363,三獨朝端謀,1
6364,獨朝端謀六,1
6365,朝端謀六戶,1
6366,端謀六戶善,1
6367,謀六戶善計,1
6368,六戶善計在,1
6369,戶善計在弘,1
6370,善計在弘羊,1
6371,計在弘羊清,1
6372,在弘羊清嚴,1
6373,弘羊清嚴歸,1
6374,羊清嚴歸仲,1
6375,清嚴歸仲舉,1
6376,嚴歸仲舉侍,1
6377,歸仲舉侍郎,1
6378,仲舉侍郎跨,1
6379,舉侍郎跨方,1
6380,侍郎跨方朔,1
6381,郎跨方朔中,1
6382,跨方朔中丞,1
6383,方朔中丞蔑,1
6384,朔中丞蔑周,1
6385,中丞蔑周處,1
6386,丞蔑周處天,1
6387,蔑周處天眷,1
6388,周處天眷擇,1
6389,處天眷擇循,1
6390,天眷擇循良,1
6391,眷擇循良惟,1
6392,擇循良惟賢,1
6393,循良惟賢降,1
6394,良惟賢降寵,1
6395,惟賢降寵章,1
6396,賢降寵章分,1
6397,降寵章分符,1
6398,寵章分符指,1
6399,章分符指聊,1
6400,分符指聊攝,1
6401,符指聊攝為,1
6402,指聊攝為政,1
6403,聊攝為政本,1
6404,攝為政本農,1
6405,為政本農桑,1
6406,政本農桑籍,1
6407,本農桑籍籍,1
6408,農桑籍籍歌,1
6409,桑籍籍歌五,1
6410,籍籍歌五袴,1
6411,籍歌五袴祁,1
6412,歌五袴祁祁,1
6413,五袴祁祁頌,1
6414,袴祁祁頌千,1
6415,祁祁頌千箱,1
6416,祁頌千箱隨,1
6417,頌千箱隨車,1
6418,千箱隨車微,1
6419,箱隨車微雨,1
6420,隨車微雨灑,1
6421,車微雨灑逐,1
6422,微雨灑逐扇,1
6423,雨灑逐扇清,1
6424,灑逐扇清風,1
6425,逐扇清風颺,1
6426,扇清風颺既,1
6427,清風颺既以,1
6428,風颺既以遷,1
6429,颺既以遷列,1
6430,既以遷列國,1
6431,以遷列國複,1
6432,遷列國複茲,1
6433,列國複茲鄰,1
6434,國複茲鄰帝,1
6435,複茲鄰帝鄉,1
6436,茲鄰帝鄉褰,1
6437,鄰帝鄉褰帷,1
6438,帝鄉褰帷乃,1
6439,鄉褰帷乃仍,1
6440,褰帷乃仍舊,1
6441,帷乃仍舊坐,1
6442,乃仍舊坐嘯,1
6443,仍舊坐嘯非,1
6444,舊坐嘯非更,1
6445,坐嘯非更張,1
6446,嘯非更張居,1
6447,非更張居敬,1
6448,更張居敬物,1
6449,張居敬物無,1
6450,居敬物無擾,1
6451,敬物無擾履,1
6452,物無擾履端,1
6453,無擾履端人,1
6454,擾履端人自,1
6455,履端人自康,1
6456,端人自康薄,1
6457,人自康薄遊,1
6458,自康薄遊出,1
6459,康薄遊出京,1
6460,薄遊出京邑,1
6461,遊出京邑引,1
6462,出京邑引領,1
6463,京邑引領東,1
6464,邑引領東南,1
6465,引領東南望,1
6466,領東南望林,1
6467,東南望林晚,1
6468,南望林晚鳥,1
6469,望林晚鳥雀,1
6470,林晚鳥雀噪,1
6471,晚鳥雀噪田,1
6472,鳥雀噪田秋,1
6473,雀噪田秋稼,1
6474,噪田秋稼穡,1
6475,田秋稼穡黃,1
6476,秋稼穡黃成,1
6477,稼穡黃成皋,1
6478,穡黃成皋天,1
6479,黃成皋天地,1
6480,成皋天地險,1
6481,皋天地險廣,1
6482,天地險廣武,1
6483,地險廣武征,1
6484,險廣武征戰,1
6485,廣武征戰場,1
6486,武征戰場道,1
6487,征戰場道喪,1
6488,戰場道喪苦,1
6489,場道喪苦兵,1
6490,道喪苦兵賦,1
6491,喪苦兵賦時,1
6492,苦兵賦時來,1
6493,兵賦時來開,1
6494,賦時來開井,1
6495,時來開井疆,1
6496,來開井疆霏,1
6497,開井疆霏霏,1
6498,井疆霏霏渠,1
6499,疆霏霏渠門,1
6500,霏霏渠門色,1
6501,霏渠門色晻,1
6502,渠門色晻晻,1
6503,門色晻晻制,1
6504,色晻晻制岩,1
6505,晻晻制岩光,1
6506,晻制岩光徒,1
6507,制岩光徒念,1
6508,岩光徒念京,1
6509,光徒念京索,1
6510,徒念京索近,1
6511,念京索近獨,1
6512,京索近獨悲,1
6513,索近獨悲溱,1
6514,近獨悲溱洧,1
6515,獨悲溱洧長,1
6516,悲溱洧長大,1
6517,溱洧長大明,1
6518,洧長大明潛,1
6519,長大明潛照,1
6520,大明潛照耀,1
6521,明潛照耀淑,1
6522,潛照耀淑慝,1
6523,照耀淑慝自,1
6524,耀淑慝自昭,1
6525,淑慝自昭彰,1
6526,慝自昭彰昔,1
6527,自昭彰昔歲,1
6528,昭彰昔歲幸,1
6529,彰昔歲幸西,1
6530,昔歲幸西土,1
6531,歲幸西土今,1
6532,幸西土今茲,1
6533,西土今茲歸,1
6534,土今茲歸洛,1
6535,今茲歸洛陽,1
6536,茲歸洛陽同,1
6537,歸洛陽同焉,1
6538,洛陽同焉知,1
6539,陽同焉知鄭,1
6540,同焉知鄭伯,1
6541,焉知鄭伯當,1
6542,知鄭伯當輔,1
6543,鄭伯當輔我,1
6544,伯當輔我周,1
6545,當輔我周王,1
6546,輔我周王橘,1
6547,我周王橘柚,1
6548,周王橘柚植,1
6549,王橘柚植寒,1
6550,橘柚植寒陵,1
6551,柚植寒陵芙,1
6552,植寒陵芙蓉,1
6553,寒陵芙蓉蒂,1
6554,陵芙蓉蒂修,1
6555,芙蓉蒂修阪,1
6556,蓉蒂修阪無,1
6557,蒂修阪無言,1
6558,修阪無言不,1
6559,阪無言不得,1
6560,無言不得意,1
6561,言不得意得,1
6562,不得意得意,1
6563,得意得意何,1
6564,意得意何由,1
6565,得意何由展,1
6566,意何由展況,1
6567,何由展況我,1
6568,由展況我行,1
6569,展況我行且,1
6570,況我行且徒,1
6571,我行且徒而,1
6572,行且徒而君,1
6573,且徒而君往,1
6574,徒而君往猶,1
6575,而君往猶蹇,1
6576,君往猶蹇既,1
6577,往猶蹇既傷,1
6578,猶蹇既傷人,1
6579,蹇既傷人事,1
6580,既傷人事近,1
6581,傷人事近複,1
6582,人事近複言,1
6583,事近複言天,1
6584,近複言天道,1
6585,複言天道遠,1
6586,言天道遠薄,1
6587,天道遠薄暮,1
6588,道遠薄暮入,1
6589,遠薄暮入空,1
6590,薄暮入空亭,1
6591,暮入空亭中,1
6592,入空亭中夜,1
6593,空亭中夜不,1
6594,亭中夜不能,1
6595,中夜不能飯,1
6596,夜不能飯南,1
6597,不能飯南聽,1
6598,能飯南聽鴻,1
6599,飯南聽鴻雁,1
6600,南聽鴻雁盡,1
6601,聽鴻雁盡西,1
6602,鴻雁盡西見,1
6603,雁盡西見招,1
6604,盡西見招搖,1
6605,西見招搖轉,1
6606,見招搖轉千,1
6607,招搖轉千門,1
6608,搖轉千門漢,1
6609,轉千門漢王,1
6610,千門漢王宮,1
6611,門漢王宮百,1
6612,漢王宮百里,1
6613,王宮百里周,1
6614,宮百里周王,1
6615,百里周王苑,1
6616,里周王苑杲,1
6617,周王苑杲杲,1
6618,王苑杲杲初,1
6619,苑杲杲初景,1
6620,杲杲初景出,1
6621,杲初景出油,1
6622,初景出油油,1
6623,景出油油鮮,1
6624,出油油鮮雲,1
6625,油油鮮雲卷,1
6626,油鮮雲卷會,1
6627,鮮雲卷會朝,1
6628,雲卷會朝幸,1
6629,卷會朝幸歲,1
6630,會朝幸歲正,1
6631,朝幸歲正校,1
6632,幸歲正校獵,1
6633,歲正校獵從,1
6634,正校獵從新,1
6635,校獵從新獮,1
6636,獵從新獮念,1
6637,從新獮念君,1
6638,新獮念君久,1
6639,獮念君久京,1
6640,念君久京國,1
6641,君久京國雙,1
6642,久京國雙涕,1
6643,京國雙涕如,1
6644,國雙涕如露,1
6645,雙涕如露泫,1
6646,涕如露泫無,1
6647,如露泫無人,1
6648,露泫無人薦,1
6649,泫無人薦子,1
6650,無人薦子雲,1
6651,人薦子雲太,1
6652,薦子雲太息,1
6653,子雲太息竟,1
6654,雲太息竟誰,1
6655,太息竟誰辨,1
6656,息竟誰辨曰,1
6657,竟誰辨曰予,1
6658,誰辨曰予輕,1
6659,辨曰予輕皎,1
6660,曰予輕皎潔,1
6661,予輕皎潔坦,1
6662,輕皎潔坦率,1
6663,皎潔坦率賓,1
6664,潔坦率賓混,1
6665,坦率賓混元,1
6666,率賓混元忽,1
6667,賓混元忽乃,1
6668,混元忽乃異,1
6669,元忽乃異群,1
6670,忽乃異群萃,1
6671,乃異群萃高,1
6672,異群萃高歌,1
6673,群萃高歌信,1
6674,萃高歌信陵,1
6675,高歌信陵門,1
6676,歌信陵門信,1
6677,信陵門信陵,1
6678,陵門信陵好,1
6679,門信陵好賓,1
6680,信陵好賓客,1
6681,陵好賓客清,1
6682,好賓客清夜,1
6683,賓客清夜開,1
6684,客清夜開華,1
6685,清夜開華軒,1
6686,夜開華軒月,1
6687,開華軒月光,1
6688,華軒月光麗,1
6689,軒月光麗池,1
6690,月光麗池閣,1
6691,光麗池閣野,1
6692,麗池閣野氣,1
6693,池閣野氣浮,1
6694,閣野氣浮林,1
6695,野氣浮林園,1
6696,氣浮林園偶,1
6697,浮林園偶坐,1
6698,林園偶坐爛,1
6699,園偶坐爛明,1
6700,偶坐爛明星,1
6701,坐爛明星歸,1
6702,爛明星歸志,1
6703,明星歸志潛,1
6704,星歸志潛崩,1
6705,歸志潛崩奔,1
6706,志潛崩奔漾,1
6707,潛崩奔漾舟,1
6708,崩奔漾舟清,1
6709,奔漾舟清潭,1
6710,漾舟清潭裏,1
6711,舟清潭裏慰,1
6712,清潭裏慰我,1
6713,潭裏慰我別,1
6714,裏慰我別離,1
6715,慰我別離魂,1
6716,我別離魂落,1
6717,別離魂落日,1
6718,離魂落日下,1
6719,魂落日下西,1
6720,落日下西山,1
6721,日下西山左,1
6722,下西山左右,1
6723,西山左右慘,1
6724,山左右慘無,1
6725,左右慘無言,1
6726,右慘無言蕭,1
6727,慘無言蕭條,1
6728,無言蕭條風,1
6729,言蕭條風雨,1
6730,蕭條風雨散,1
6731,條風雨散窅,1
6732,風雨散窅靄,1
6733,雨散窅靄江,1
6734,散窅靄江湖,1
6735,窅靄江湖昏,1
6736,靄江湖昏秋,1
6737,江湖昏秋荷,1
6738,湖昏秋荷尚,1
6739,昏秋荷尚幽,1
6740,秋荷尚幽鬱,1
6741,荷尚幽鬱暮,1
6742,尚幽鬱暮鳥,1
6743,幽鬱暮鳥複,1
6744,鬱暮鳥複翩,1
6745,暮鳥複翩翻,1
6746,鳥複翩翻紙,1
6747,複翩翻紙筆,1
6748,翩翻紙筆亦,1
6749,翻紙筆亦何,1
6750,紙筆亦何為,1
6751,筆亦何為寫,1
6752,亦何為寫我,1
6753,何為寫我心,1
6754,為寫我心中,1
6755,寫我心中冤,1
6756,我心中冤北,1
6757,心中冤北陵,1
6758,中冤北陵散,1
6759,冤北陵散寒,1
6760,北陵散寒鳥,1
6761,陵散寒鳥西,1
6762,散寒鳥西山,1
6763,寒鳥西山照,1
6764,鳥西山照初,1
6765,西山照初日,1
6766,山照初日婉,1
6767,照初日婉孌,1
6768,初日婉孌晉,1
6769,日婉孌晉陽,1
6770,婉孌晉陽京,1
6771,孌晉陽京踟,1
6772,晉陽京踟躕,1
6773,陽京踟躕野,1
6774,京踟躕野人,1
6775,踟躕野人室,1
6776,躕野人室南,1
6777,野人室南軒,1
6778,人室南軒草,1
6779,室南軒草間,1
6780,南軒草間去,1
6781,軒草間去後,1
6782,草間去後乘,1
6783,間去後乘林,1
6784,去後乘林中,1
6785,後乘林中出,1
6786,乘林中出靄,1
6787,林中出靄靄,1
6788,中出靄靄長,1
6789,出靄靄長路,1
6790,靄靄長路暖,1
6791,靄長路暖遲,1
6792,長路暖遲遲,1
6793,路暖遲遲狹,1
6794,暖遲遲狹路,1
6795,遲遲狹路歸,1
6796,遲狹路歸蜉,1
6797,狹路歸蜉蝣,1
6798,路歸蜉蝣時,1
6799,歸蜉蝣時蔽,1
6800,蜉蝣時蔽月,1
6801,蝣時蔽月枳,1
6802,時蔽月枳棘,1
6803,蔽月枳棘複,1
6804,月枳棘複傷,1
6805,枳棘複傷衣,1
6806,棘複傷衣城,1
6807,複傷衣城上,1
6808,傷衣城上東,1
6809,衣城上東風,1
6810,城上東風起,1
6811,上東風起河,1
6812,東風起河邊,1
6813,風起河邊早,1
6814,起河邊早雁,1
6815,河邊早雁飛,1
6816,邊早雁飛夏,1
6817,早雁飛夏王,1
6818,雁飛夏王紀,1
6819,飛夏王紀冬,1
6820,夏王紀冬令,1
6821,王紀冬令殷,1
6822,紀冬令殷人,1
6823,冬令殷人乃,1
6824,令殷人乃正,1
6825,殷人乃正月,1
6826,人乃正月涯,1
6827,乃正月涯口,1
6828,正月涯口度,1
6829,月涯口度新,1
6830,涯口度新雲,1
6831,口度新雲山,1
6832,度新雲山陰,1
6833,新雲山陰留,1
6834,雲山陰留故,1
6835,山陰留故雪,1
6836,陰留故雪幸,1
6837,留故雪幸逢,1
6838,故雪幸逢耆,1
6839,雪幸逢耆耋,1
6840,幸逢耆耋話,1
6841,逢耆耋話餘,1
6842,耆耋話餘待,1
6843,耋話餘待親,1
6844,話餘待親鄰,1
6845,餘待親鄰別,1
6846,待親鄰別總,1
6847,親鄰別總轡,1
6848,鄰別總轡出,1
6849,別總轡出叢,1
6850,總轡出叢薄,1
6851,轡出叢薄歇,1
6852,出叢薄歇鞍,1
6853,叢薄歇鞍登,1
6854,薄歇鞍登峻,1
6855,歇鞍登峻隅,1
6856,鞍登峻隅春,1
6857,登峻隅春源,1
6858,峻隅春源既,1
6859,隅春源既蕩,1
6860,春源既蕩漭,1
6861,源既蕩漭伏,1
6862,既蕩漭伏戰,1
6863,蕩漭伏戰亦,1
6864,漭伏戰亦睢,1
6865,伏戰亦睢盱,1
6866,戰亦睢盱未,1
6867,亦睢盱未獲,1
6868,睢盱未獲遵,1
6869,盱未獲遵平,1
6870,未獲遵平道,1
6871,獲遵平道徒,1
6872,遵平道徒言,1
6873,平道徒言信,1
6874,道徒言信薄,1
6875,徒言信薄夫,1
6876,言信薄夫本,1
6877,信薄夫本自,1
6878,薄夫本自江,1
6879,夫本自江海,1
6880,本自江海人,1
6881,自江海人且,1
6882,江海人且無,1
6883,海人且無寥,1
6884,人且無寥廓,1
6885,且無寥廓志,1
6886,無寥廓志大,1
6887,寥廓志大明,1
6888,廓志大明耀,1
6889,志大明耀天,1
6890,大明耀天宇,1
6891,明耀天宇靄,1
6892,耀天宇靄靄,1
6893,天宇靄靄風,1
6894,宇靄靄風雨,1
6895,靄靄風雨被,1
6896,靄風雨被迢,1
6897,風雨被迢遞,1
6898,雨被迢遞別,1
6899,被迢遞別荊,1
6900,迢遞別荊吳,1
6901,遞別荊吳飄,1
6902,別荊吳飄颻,1
6903,荊吳飄颻涉,1
6904,吳飄颻涉沂,1
6905,飄颻涉沂泗,1
6906,颻涉沂泗廣,1
6907,涉沂泗廣川,1
6908,沂泗廣川俟,1
6909,泗廣川俟舟,1
6910,廣川俟舟楫,1
6911,川俟舟楫峻,1
6912,俟舟楫峻阪,1
6913,舟楫峻阪傷,1
6914,楫峻阪傷騏,1
6915,峻阪傷騏驥,1
6916,阪傷騏驥蹭,1
6917,傷騏驥蹭蹬,1
6918,騏驥蹭蹬失,1
6919,驥蹭蹬失歸,1
6920,蹭蹬失歸道,1
6921,蹬失歸道崎,1
6922,失歸道崎嶇,1
6923,歸道崎嶇從,1
6924,道崎嶇從下,1
6925,崎嶇從下位,1
6926,嶇從下位西,1
6927,從下位西出,1
6928,下位西出太,1
6929,位西出太華,1
6930,西出太華陰,1
6931,出太華陰北,1
6932,太華陰北走,1
6933,華陰北走少,1
6934,陰北走少梁,1
6935,北走少梁地,1
6936,走少梁地蔥,1
6937,少梁地蔥蘢,1
6938,梁地蔥蘢墟,1
6939,地蔥蘢墟落,1
6940,蔥蘢墟落色,1
6941,蘢墟落色泱,1
6942,墟落色泱漭,1
6943,落色泱漭關,1
6944,色泱漭關河,1
6945,泱漭關河氣,1
6946,漭關河氣恥,1
6947,關河氣恥從,1
6948,河氣恥從俠,1
6949,氣恥從俠烈,1
6950,恥從俠烈游,1
6951,從俠烈游甘,1
6952,俠烈游甘為,1
6953,烈游甘為刀,1
6954,游甘為刀筆,1
6955,甘為刀筆吏,1
6956,為刀筆吏寶,1
6957,刀筆吏寶劍,1
6958,筆吏寶劍茱,1
6959,吏寶劍茱萸,1
6960,寶劍茱萸匣,1
6961,劍茱萸匣豈,1
6962,茱萸匣豈忘,1
6963,萸匣豈忘知,1
6964,匣豈忘知音,1
6965,豈忘知音貴,1
6966,忘知音貴大,1
6967,知音貴大道,1
6968,音貴大道且,1
6969,貴大道且泛,1
6970,大道且泛然,1
6971,道且泛然沉,1
6972,且泛然沉浮,1
6973,泛然沉浮未,1
6974,然沉浮未雲,1
6975,沉浮未雲異,1
6976,浮未雲異五,1
6977,未雲異五月,1
6978,雲異五月黃,1
6979,異五月黃梅,1
6980,五月黃梅時,1
6981,月黃梅時陰,1
6982,黃梅時陰氣,1
6983,梅時陰氣蔽,1
6984,時陰氣蔽遠,1
6985,陰氣蔽遠邇,1
6986,氣蔽遠邇濃,1
6987,蔽遠邇濃雲,1
6988,遠邇濃雲連,1
6989,邇濃雲連晦,1
6990,濃雲連晦朔,1
6991,雲連晦朔菰,1
6992,連晦朔菰菜,1
6993,晦朔菰菜生,1
6994,朔菰菜生鄰,1
6995,菰菜生鄰里,1
6996,菜生鄰里落,1
6997,生鄰里落日,1
6998,鄰里落日燒,1
6999,里落日燒霞,1
7000,落日燒霞明,1
7001,日燒霞明農,1
7002,燒霞明農夫,1
7003,霞明農夫知,1
7004,明農夫知雨,1
7005,農夫知雨止,1
7006,夫知雨止幾,1
7007,知雨止幾悲,1
7008,雨止幾悲衽,1
7009,止幾悲衽席,1
7010,幾悲衽席濕,1
7011,悲衽席濕長,1
7012,衽席濕長歎,1
7013,席濕長歎垣,1
7014,濕長歎垣牆,1
7015,長歎垣牆毀,1
7016,歎垣牆毀曭,1
7017,垣牆毀曭朗,1
7018,牆毀曭朗天,1
7019,毀曭朗天宇,1
7020,曭朗天宇開,1
7021,朗天宇開家,1
7022,天宇開家族,1
7023,宇開家族躍,1
7024,開家族躍以,1
7025,家族躍以喜,1
7026,族躍以喜渙,1
7027,躍以喜渙汗,1
7028,以喜渙汗發,1
7029,喜渙汗發大,1
7030,渙汗發大號,1
7031,汗發大號坤,1
7032,發大號坤元,1
7033,大號坤元更,1
7034,號坤元更資,1
7035,坤元更資始,1
7036,元更資始散,1
7037,更資始散衣,1
7038,資始散衣出,1
7039,始散衣出中,1
7040,散衣出中園,1
7041,衣出中園小,1
7042,出中園小徑,1
7043,中園小徑尚,1
7044,園小徑尚滑,1
7045,小徑尚滑履,1
7046,徑尚滑履池,1
7047,尚滑履池光,1
7048,滑履池光搖,1
7049,履池光搖萬,1
7050,池光搖萬象,1
7051,光搖萬象倏,1
7052,搖萬象倏忽,1
7053,萬象倏忽滅,1
7054,象倏忽滅複,1
7055,倏忽滅複起,1
7056,忽滅複起嘉,1
7057,滅複起嘉樹,1
7058,複起嘉樹如,1
7059,起嘉樹如我,1
7060,嘉樹如我心,1
7061,樹如我心欣,1
7062,如我心欣欣,1
7063,我心欣欣豈,1
7064,心欣欣豈雲,1
7065,欣欣豈雲已,1
7066,欣豈雲已北,1
7067,豈雲已北河,1
7068,雲已北河旄,1
7069,已北河旄星,1
7070,北河旄星隕,1
7071,河旄星隕鬼,1
7072,旄星隕鬼方,1
7073,星隕鬼方獮,1
7074,隕鬼方獮林,1
7075,鬼方獮林胡,1
7076,方獮林胡群,1
7077,獮林胡群師,1
7078,林胡群師舞,1
7079,胡群師舞弓,1
7080,群師舞弓矢,1
7081,師舞弓矢電,1
7082,舞弓矢電發,1
7083,弓矢電發歸,1
7084,矢電發歸燕,1
7085,電發歸燕墟,1
7086,發歸燕墟皇,1
7087,歸燕墟皇皇,1
7088,燕墟皇皇軒,1
7089,墟皇皇軒轅,1
7090,皇皇軒轅君,1
7091,皇軒轅君贊,1
7092,軒轅君贊贊,1
7093,轅君贊贊皋,1
7094,君贊贊皋陶,1
7095,贊贊皋陶謨,1
7096,贊皋陶謨方,1
7097,皋陶謨方思,1
7098,陶謨方思壯,1
7099,謨方思壯軍,1
7100,方思壯軍實,1
7101,思壯軍實遠,1
7102,壯軍實遠近,1
7103,軍實遠近遞,1
7104,實遠近遞生,1
7105,遠近遞生俘,1
7106,近遞生俘車,1
7107,遞生俘車馬,1
7108,生俘車馬踐,1
7109,俘車馬踐大,1
7110,車馬踐大逵,1
7111,馬踐大逵合,1
7112,踐大逵合遝,1
7113,大逵合遝成,1
7114,逵合遝成深,1
7115,合遝成深渠,1
7116,遝成深渠牧,1
7117,成深渠牧人,1
7118,深渠牧人過,1
7119,渠牧人過橐,1
7120,牧人過橐駝,1
7121,人過橐駝校,1
7122,過橐駝校正,1
7123,橐駝校正引,1
7124,駝校正引騊,1
7125,校正引騊駼,1
7126,正引騊駼烈,1
7127,引騊駼烈風,1
7128,騊駼烈風朝,1
7129,駼烈風朝送,1
7130,烈風朝送寒,1
7131,風朝送寒雲,1
7132,朝送寒雲雪,1
7133,送寒雲雪靄,1
7134,寒雲雪靄天,1
7135,雲雪靄天隅,1
7136,雪靄天隅草,1
7137,靄天隅草木,1
7138,天隅草木同,1
7139,隅草木同一,1
7140,草木同一色,1
7141,木同一色誰,1
7142,同一色誰能,1
7143,一色誰能辨,1
7144,色誰能辨榮,1
7145,誰能辨榮枯,1
7146,能辨榮枯四,1
7147,辨榮枯四履,1
7148,榮枯四履封,1
7149,枯四履封元,1
7150,四履封元戎,1
7151,履封元戎百,1
7152,封元戎百金,1
7153,元戎百金酬,1
7154,戎百金酬勇,1
7155,百金酬勇夫,1
7156,金酬勇夫大,1
7157,酬勇夫大邦,1
7158,勇夫大邦武,1
7159,夫大邦武功,1
7160,大邦武功爵,1
7161,邦武功爵固,1
7162,武功爵固與,1
7163,功爵固與炎,1
7164,爵固與炎皇,1
7165,固與炎皇殊,1
7166,與炎皇殊鬼,1
7167,炎皇殊鬼方,1
7168,皇殊鬼方生,1
7169,殊鬼方生獫,1
7170,鬼方生獫狁,1
7171,方生獫狁時,1
7172,生獫狁時寇,1
7173,獫狁時寇盧,1
7174,狁時寇盧龍,1
7175,時寇盧龍營,1
7176,寇盧龍營帝,1
7177,盧龍營帝念,1
7178,龍營帝念霍,1
7179,營帝念霍嫖,1
7180,帝念霍嫖姚,1
7181,念霍嫖姚詔,1
7182,霍嫖姚詔發,1
7183,嫖姚詔發咸,1
7184,姚詔發咸林,1
7185,詔發咸林兵,1
7186,發咸林兵天,1
7187,咸林兵天星,1
7188,林兵天星下,1
7189,兵天星下文,1
7190,天星下文閣,1
7191,星下文閣簡,1
7192,下文閣簡師,1
7193,文閣簡師臨,1
7194,閣簡師臨我,1
7195,簡師臨我城,1
7196,師臨我城三,1
7197,臨我城三陌,1
7198,我城三陌觀,1
7199,城三陌觀勇,1
7200,三陌觀勇夫,1
7201,陌觀勇夫五,1
7202,觀勇夫五餌,1
7203,勇夫五餌謀,1
7204,夫五餌謀長,1
7205,五餌謀長纓,1
7206,餌謀長纓雷,1
7207,謀長纓雷野,1
7208,長纓雷野大,1
7209,纓雷野大車,1
7210,雷野大車發,1
7211,野大車發震,1
7212,大車發震雲,1
7213,車發震雲靈,1
7214,發震雲靈鼓,1
7215,震雲靈鼓鳴,1
7216,雲靈鼓鳴太,1
7217,靈鼓鳴太華,1
7218,鼓鳴太華色,1
7219,鳴太華色莽,1
7220,太華色莽蒼,1
7221,華色莽蒼清,1
7222,色莽蒼清渭,1
7223,莽蒼清渭風,1
7224,蒼清渭風交,1
7225,清渭風交橫,1
7226,渭風交橫胡,1
7227,風交橫胡馬,1
7228,交橫胡馬悲,1
7229,橫胡馬悲雨,1
7230,胡馬悲雨雪,1
7231,馬悲雨雪詩,1
7232,悲雨雪詩人,1
7233,雨雪詩人歌,1
7234,雪詩人歌旆,1
7235,詩人歌旆旌,1
7236,人歌旆旌閼,1
7237,歌旆旌閼氏,1
7238,旆旌閼氏為,1
7239,旌閼氏為女,1
7240,閼氏為女奴,1
7241,氏為女奴單,1
7242,為女奴單于,1
7243,女奴單于作,1
7244,奴單于作邊,1
7245,單于作邊氓,1
7246,于作邊氓神,1
7247,作邊氓神皇,1
7248,邊氓神皇麒,1
7249,氓神皇麒麟,1
7250,神皇麒麟閣,1
7251,皇麒麟閣大,1
7252,麒麟閣大將,1
7253,麟閣大將不,1
7254,閣大將不書,1
7255,大將不書名,1
7256,將不書名太,1
7257,不書名太史,1
7258,書名太史登,1
7259,名太史登觀,1
7260,太史登觀台,1
7261,史登觀台天,1
7262,登觀台天街,1
7263,觀台天街耀,1
7264,台天街耀旄,1
7265,天街耀旄頭,1
7266,街耀旄頭大,1
7267,耀旄頭大君,1
7268,旄頭大君忽,1
7269,頭大君忽霆,1
7270,大君忽霆震,1
7271,君忽霆震詔,1
7272,忽霆震詔爵,1
7273,霆震詔爵冠,1
7274,震詔爵冠軍,1
7275,詔爵冠軍侯,1
7276,爵冠軍侯南,1
7277,冠軍侯南必,1
7278,軍侯南必梁,1
7279,侯南必梁孫,1
7280,南必梁孫源,1
7281,必梁孫源西,1
7282,梁孫源西將,1
7283,孫源西將圉,1
7284,源西將圉昆,1
7285,西將圉昆丘,1
7286,將圉昆丘河,1
7287,圉昆丘河隴,1
7288,昆丘河隴征,1
7289,丘河隴征擊,1
7290,河隴征擊卒,1
7291,隴征擊卒虎,1
7292,征擊卒虎符,1
7293,擊卒虎符到,1
7294,卒虎符到我,1
7295,虎符到我州,1
7296,符到我州朝,1
7297,到我州朝集,1
7298,我州朝集咸,1
7299,州朝集咸林,1
7300,朝集咸林城,1
7301,集咸林城師,1
7302,咸林城師言,1
7303,林城師言亂,1
7304,城師言亂啁,1
7305,師言亂啁啾,1
7306,言亂啁啾殺,1
7307,亂啁啾殺氣,1
7308,啁啾殺氣變,1
7309,啾殺氣變木,1
7310,殺氣變木德,1
7311,氣變木德凜,1
7312,變木德凜凜,1
7313,木德凜凜如,1
7314,德凜凜如高,1
7315,凜凜如高秋,1
7316,凜如高秋元,1
7317,如高秋元戎,1
7318,高秋元戎啟,1
7319,秋元戎啟神,1
7320,元戎啟神皇,1
7321,戎啟神皇廟,1
7322,啟神皇廟堂,1
7323,神皇廟堂發,1
7324,皇廟堂發嘉,1
7325,廟堂發嘉謀,1
7326,堂發嘉謀息,1
7327,發嘉謀息兵,1
7328,嘉謀息兵業,1
7329,謀息兵業稼,1
7330,息兵業稼穡,1
7331,兵業稼穡歸,1
7332,業稼穡歸馬,1
7333,稼穡歸馬複,1
7334,穡歸馬複休,1
7335,歸馬複休牛,1
7336,馬複休牛和,1
7337,複休牛和風,1
7338,休牛和風開,1
7339,牛和風開陰,1
7340,和風開陰雪,1
7341,風開陰雪大,1
7342,開陰雪大耀,1
7343,陰雪大耀中,1
7344,雪大耀中天,1
7345,大耀中天流,1
7346,耀中天流歡,1
7347,中天流歡聲,1
7348,天流歡聲殷,1
7349,流歡聲殷河,1
7350,歡聲殷河嶽,1
7351,聲殷河嶽涵,1
7352,殷河嶽涵蕩,1
7353,河嶽涵蕩非,1
7354,嶽涵蕩非煙,1
7355,涵蕩非煙浮,1
7356,蕩非煙浮邦,1
7357,非煙浮邦牧,1
7358,煙浮邦牧新,1
7359,浮邦牧新下,1
7360,邦牧新下車,1
7361,牧新下車德,1
7362,新下車德禮,1
7363,下車德禮彼,1
7364,車德禮彼甿,1
7365,德禮彼甿謳,1
7366,禮彼甿謳乾,1
7367,彼甿謳乾坤,1
7368,甿謳乾坤日,1
7369,謳乾坤日交,1
7370,乾坤日交泰,1
7371,坤日交泰吾,1
7372,日交泰吾亦,1
7373,交泰吾亦遂,1
7374,泰吾亦遂優,1
7375,吾亦遂優遊,1
7376,亦遂優遊河,1
7377,遂優遊河水,1
7378,優遊河水日,1
7379,遊河水日夜,1
7380,河水日夜流,1
7381,水日夜流客,1
7382,日夜流客心,1
7383,夜流客心多,1
7384,流客心多殷,1
7385,客心多殷憂,1
7386,心多殷憂維,1
7387,多殷憂維梢,1
7388,殷憂維梢曆,1
7389,憂維梢曆宋,1
7390,維梢曆宋國,1
7391,梢曆宋國結,1
7392,曆宋國結纜,1
7393,宋國結纜登,1
7394,國結纜登商,1
7395,結纜登商丘,1
7396,纜登商丘漢,1
7397,登商丘漢皇,1
7398,商丘漢皇封,1
7399,丘漢皇封子,1
7400,漢皇封子弟,1
7401,皇封子弟周,1
7402,封子弟周室,1
7403,子弟周室命,1
7404,弟周室命諸,1
7405,周室命諸侯,1
7406,室命諸侯搖,1
7407,命諸侯搖搖,1
7408,諸侯搖搖世,1
7409,侯搖搖世祀,1
7410,搖搖世祀怨,1
7411,搖世祀怨傷,1
7412,世祀怨傷古,1
7413,祀怨傷古複,1
7414,怨傷古複兼,1
7415,傷古複兼秋,1
7416,古複兼秋鳴,1
7417,複兼秋鳴鴻,1
7418,兼秋鳴鴻念,1
7419,秋鳴鴻念極,1
7420,鳴鴻念極浦,1
7421,鴻念極浦征,1
7422,念極浦征旅,1
7423,極浦征旅慕,1
7424,浦征旅慕前,1
7425,征旅慕前儔,1
7426,旅慕前儔太,1
7427,慕前儔太息,1
7428,前儔太息梁,1
7429,儔太息梁王,1
7430,太息梁王苑,1
7431,息梁王苑時,1
7432,梁王苑時非,1
7433,王苑時非牧,1
7434,苑時非牧馬,1
7435,時非牧馬遊,1
7436,非牧馬遊新,1
7437,牧馬遊新宮,1
7438,馬遊新宮驪,1
7439,遊新宮驪山,1
7440,新宮驪山陰,1
7441,宮驪山陰龍,1
7442,驪山陰龍袞,1
7443,山陰龍袞時,1
7444,陰龍袞時出,1
7445,龍袞時出豫,1
7446,袞時出豫朝,1
7447,時出豫朝陽,1
7448,出豫朝陽照,1
7449,豫朝陽照羽,1
7450,朝陽照羽儀,1
7451,陽照羽儀清,1
7452,照羽儀清吹,1
7453,羽儀清吹肅,1
7454,儀清吹肅逵,1
7455,清吹肅逵路,1
7456,吹肅逵路群,1
7457,肅逵路群鴉,1
7458,逵路群鴉隨,1
7459,路群鴉隨天,1
7460,群鴉隨天車,1
7461,鴉隨天車夜,1
7462,隨天車夜滿,1
7463,天車夜滿新,1
7464,車夜滿新豐,1
7465,夜滿新豐樹,1
7466,滿新豐樹所,1
7467,新豐樹所思,1
7468,豐樹所思在,1
7469,樹所思在腐,1
7470,所思在腐餘,1
7471,思在腐餘不,1
7472,在腐餘不復,1
7473,腐餘不復憂,1
7474,餘不復憂霜,1
7475,不復憂霜露,1
7476,復憂霜露河,1
7477,憂霜露河低,1
7478,霜露河低宮,1
7479,露河低宮閣,1
7480,河低宮閣深,1
7481,低宮閣深燈,1
7482,宮閣深燈影,1
7483,閣深燈影鼓,1
7484,深燈影鼓鐘,1
7485,燈影鼓鐘曙,1
7486,影鼓鐘曙繽,1
7487,鼓鐘曙繽紛,1
7488,鐘曙繽紛集,1
7489,曙繽紛集寒,1
7490,繽紛集寒枝,1
7491,紛集寒枝矯,1
7492,集寒枝矯翼,1
7493,寒枝矯翼時,1
7494,枝矯翼時相,1
7495,矯翼時相顧,1
7496,翼時相顧塚,1
7497,時相顧塚宰,1
7498,相顧塚宰收,1
7499,顧塚宰收琳,1
7500,塚宰收琳琅,1
7501,宰收琳琅侍,1
7502,收琳琅侍臣,1
7503,琳琅侍臣盡,1
7504,琅侍臣盡鴛,1
7505,侍臣盡鴛鷺,1
7506,臣盡鴛鷺高,1
7507,盡鴛鷺高舉,1
7508,鴛鷺高舉摩,1
7509,鷺高舉摩太,1
7510,高舉摩太清,1
7511,舉摩太清永,1
7512,摩太清永絕,1
7513,太清永絕矰,1
7514,清永絕矰繳,1
7515,永絕矰繳懼,1
7516,絕矰繳懼茲,1
7517,矰繳懼茲禽,1
7518,繳懼茲禽亦,1
7519,懼茲禽亦翱,1
7520,茲禽亦翱翔,1
7521,禽亦翱翔不,1
7522,亦翱翔不以,1
7523,翱翔不以微,1
7524,翔不以微小,1
7525,不以微小故,1
7526,以微小故皇,1
7527,微小故皇家,1
7528,小故皇家有,1
7529,故皇家有恆,1
7530,皇家有恆憲,1
7531,家有恆憲齋,1
7532,有恆憲齋祭,1
7533,恆憲齋祭崇,1
7534,憲齋祭崇明,1
7535,齋祭崇明祀,1
7536,祭崇明祀嚴,1
7537,崇明祀嚴車,1
7538,明祀嚴車伊,1
7539,祀嚴車伊洛,1
7540,嚴車伊洛間,1
7541,車伊洛間受,1
7542,伊洛間受誓,1
7543,洛間受誓文,1
7544,間受誓文昌,1
7545,受誓文昌裏,1
7546,誓文昌裏沉,1
7547,文昌裏沉沉,1
7548,昌裏沉沉雲,1
7549,裏沉沉雲閣,1
7550,沉沉雲閣見,1
7551,沉雲閣見稍,1
7552,雲閣見稍稍,1
7553,閣見稍稍城,1
7554,見稍稍城烏,1
7555,稍稍城烏起,1
7556,稍城烏起曙,1
7557,城烏起曙色,1
7558,烏起曙色照,1
7559,起曙色照衣,1
7560,曙色照衣冠,1
7561,色照衣冠虛,1
7562,照衣冠虛庭,1
7563,衣冠虛庭鳴,1
7564,冠虛庭鳴劍,1
7565,虛庭鳴劍履,1
7566,庭鳴劍履裴,1
7567,鳴劍履裴回,1
7568,劍履裴回念,1
7569,履裴回念私,1
7570,裴回念私覿,1
7571,回念私覿悵,1
7572,念私覿悵望,1
7573,私覿悵望臨,1
7574,覿悵望臨清,1
7575,悵望臨清汜,1
7576,望臨清汜點,1
7577,臨清汜點翰,1
7578,清汜點翰欲,1
7579,汜點翰欲何,1
7580,點翰欲何言,1
7581,翰欲何言相,1
7582,欲何言相思,1
7583,何言相思從,1
7584,言相思從此,1
7585,相思從此始,1
7586,思從此始東,1
7587,從此始東望,1
7588,此始東望春,1
7589,始東望春明,1
7590,東望春明門,1
7591,望春明門駕,1
7592,春明門駕言,1
7593,明門駕言聊,1
7594,門駕言聊出,1
7595,駕言聊出遊,1
7596,言聊出遊南,1
7597,聊出遊南行,1
7598,出遊南行小,1
7599,遊南行小徑,1
7600,南行小徑盡,1
7601,行小徑盡綠,1
7602,小徑盡綠竹,1
7603,徑盡綠竹臨,1
7604,盡綠竹臨清,1
7605,綠竹臨清流,1
7606,竹臨清流君,1
7607,臨清流君出,1
7608,清流君出罷,1
7609,流君出罷六,1
7610,君出罷六安,1
7611,出罷六安居,1
7612,罷六安居此,1
7613,六安居此澹,1
7614,安居此澹忘,1
7615,居此澹忘憂,1
7616,此澹忘憂園,1
7617,澹忘憂園林,1
7618,忘憂園林與,1
7619,憂園林與城,1
7620,園林與城市,1
7621,林與城市閭,1
7622,與城市閭裏,1
7623,城市閭裏隨,1
7624,市閭裏隨人,1
7625,閭裏隨人幽,1
7626,裏隨人幽披,1
7627,隨人幽披顏,1
7628,人幽披顏辟,1
7629,幽披顏辟衡,1
7630,披顏辟衡闈,1
7631,顏辟衡闈置,1
7632,辟衡闈置酒,1
7633,衡闈置酒登,1
7634,闈置酒登崇,1
7635,置酒登崇丘,1
7636,酒登崇丘山,1
7637,登崇丘山河,1
7638,崇丘山河臨,1
7639,丘山河臨咫,1
7640,山河臨咫尺,1
7641,河臨咫尺宇,1
7642,臨咫尺宇宙,1
7643,咫尺宇宙窮,1
7644,尺宇宙窮寸,1
7645,宇宙窮寸眸,1
7646,宙窮寸眸是,1
7647,窮寸眸是時,1
7648,寸眸是時春,1
7649,眸是時春載,1
7650,是時春載陽,1
7651,時春載陽佳,1
7652,春載陽佳氣,1
7653,載陽佳氣滿,1
7654,陽佳氣滿皇,1
7655,佳氣滿皇州,1
7656,氣滿皇州宮,1
7657,滿皇州宮殿,1
7658,皇州宮殿碧,1
7659,州宮殿碧雲,1
7660,宮殿碧雲裏,1
7661,殿碧雲裏鴛,1
7662,碧雲裏鴛鴦,1
7663,雲裏鴛鴦初,1
7664,裏鴛鴦初命,1
7665,鴛鴦初命儔,1
7666,鴦初命儔良,1
7667,初命儔良辰,1
7668,命儔良辰方,1
7669,儔良辰方在,1
7670,良辰方在茲,1
7671,辰方在茲志,1
7672,方在茲志士,1
7673,在茲志士安,1
7674,茲志士安得,1
7675,志士安得休,1
7676,士安得休成,1
7677,安得休成名,1
7678,得休成名苟,1
7679,休成名苟有,1
7680,成名苟有地,1
7681,名苟有地何,1
7682,苟有地何必,1
7683,有地何必東,1
7684,地何必東陵,1
7685,何必東陵侯,1
7686,必東陵侯玄,1
7687,東陵侯玄鳥,1
7688,陵侯玄鳥雙,1
7689,侯玄鳥雙雙,1
7690,玄鳥雙雙飛,1
7691,鳥雙雙飛杏,1
7692,雙雙飛杏林,1
7693,雙飛杏林初,1
7694,飛杏林初發,1
7695,杏林初發花,1
7696,林初發花喣,1
7697,初發花喣偷,1
7698,發花喣偷命,1
7699,花喣偷命僮,1
7700,喣偷命僮僕,1
7701,偷命僮僕可,1
7702,命僮僕可以,1
7703,僮僕可以樹,1
7704,僕可以樹桑,1
7705,可以樹桑麻,1
7706,以樹桑麻清,1
7707,樹桑麻清旦,1
7708,桑麻清旦理,1
7709,麻清旦理犁,1
7710,清旦理犁鋤,1
7711,旦理犁鋤日,1
7712,理犁鋤日入,1
7713,犁鋤日入未,1
7714,鋤日入未還,1
7715,日入未還家,1
7716,入未還家有,1
7717,未還家有客,1
7718,還家有客山,1
7719,家有客山中,1
7720,有客山中至,1
7721,客山中至言,1
7722,山中至言傳,1
7723,中至言傳故,1
7724,至言傳故人,1
7725,言傳故人訊,1
7726,傳故人訊蕩,1
7727,故人訊蕩漾,1
7728,人訊蕩漾敷,1
7729,訊蕩漾敷遠,1
7730,蕩漾敷遠情,1
7731,漾敷遠情飄,1
7732,敷遠情飄颻,1
7733,遠情飄颻吐,1
7734,情飄颻吐清,1
7735,飄颻吐清韻,1
7736,颻吐清韻猗,1
7737,吐清韻猗歟,1
7738,清韻猗歟春,1
7739,韻猗歟春皋,1
7740,猗歟春皋上,1
7741,歟春皋上無,1
7742,春皋上無乃,1
7743,皋上無乃成,1
7744,上無乃成秋,1
7745,無乃成秋興,1
7746,乃成秋興念,1
7747,成秋興念別,1
7748,秋興念別求,1
7749,興念別求須,1
7750,念別求須臾,1
7751,別求須臾忽,1
7752,求須臾忽至,1
7753,須臾忽至嚶,1
7754,臾忽至嚶鳴,1
7755,忽至嚶鳴時,1
7756,至嚶鳴時菜,1
7757,嚶鳴時菜田,1
7758,鳴時菜田燒,1
7759,時菜田燒故,1
7760,菜田燒故草,1
7761,田燒故草初,1
7762,燒故草初樹,1
7763,故草初樹養,1
7764,草初樹養新,1
7765,初樹養新枝,1
7766,樹養新枝所,1
7767,養新枝所寓,1
7768,新枝所寓非,1
7769,枝所寓非幽,1
7770,所寓非幽深,1
7771,寓非幽深夢,1
7772,非幽深夢寐,1
7773,幽深夢寐相,1
7774,深夢寐相追,1
7775,夢寐相追隨,1
7776,寐相追隨依,1
7777,相追隨依依,1
7778,追隨依依親,1
7779,隨依依親隴,1
7780,依依親隴畝,1
7781,依親隴畝寂,1
7782,親隴畝寂寂,1
7783,隴畝寂寂無,1
7784,畝寂寂無鄰,1
7785,寂寂無鄰里,1
7786,寂無鄰里不,1
7787,無鄰里不聞,1
7788,鄰里不聞雞,1
7789,里不聞雞犬,1
7790,不聞雞犬音,1
7791,聞雞犬音日,1
7792,雞犬音日見,1
7793,犬音日見和,1
7794,音日見和風,1
7795,日見和風起,1
7796,見和風起賴,1
7797,和風起賴君,1
7798,風起賴君遺,1
7799,起賴君遺掞,1
7800,賴君遺掞藻,1
7801,君遺掞藻憂,1
7802,遺掞藻憂來,1
7803,掞藻憂來散,1
7804,藻憂來散能,1
7805,憂來散能弭,1
7806,來散能弭慶,1
7807,散能弭慶門,1
7808,能弭慶門疊,1
7809,弭慶門疊華,1
7810,慶門疊華組,1
7811,門疊華組盛,1
7812,疊華組盛列,1
7813,華組盛列鐘,1
7814,組盛列鐘英,1
7815,盛列鐘英彥,1
7816,列鐘英彥貞,1
7817,鐘英彥貞信,1
7818,英彥貞信發,1
7819,彥貞信發天,1
7820,貞信發天姿,1
7821,信發天姿文,1
7822,發天姿文明,1
7823,天姿文明葉,1
7824,姿文明葉邦,1
7825,文明葉邦選,1
7826,明葉邦選為,1
7827,葉邦選為情,1
7828,邦選為情貴,1
7829,選為情貴深,1
7830,為情貴深遠,1
7831,情貴深遠作,1
7832,貴深遠作德,1
7833,深遠作德齊,1
7834,遠作德齊隱,1
7835,作德齊隱見,1
7836,德齊隱見別,1
7837,齊隱見別業,1
7838,隱見別業在,1
7839,見別業在春,1
7840,別業在春山,1
7841,業在春山懷,1
7842,在春山懷歸,1
7843,春山懷歸出,1
7844,山懷歸出芳,1
7845,懷歸出芳甸,1
7846,歸出芳甸逖,1
7847,出芳甸逖聽,1
7848,芳甸逖聽多,1
7849,甸逖聽多時,1
7850,逖聽多時友,1
7851,聽多時友招,1
7852,多時友招邀,1
7853,時友招邀及,1
7854,友招邀及浮,1
7855,招邀及浮賤,1
7856,邀及浮賤朝,1
7857,及浮賤朝沿,1
7858,浮賤朝沿霸,1
7859,賤朝沿霸水,1
7860,朝沿霸水窮,1
7861,沿霸水窮暮,1
7862,霸水窮暮矚,1
7863,水窮暮矚藍,1
7864,窮暮矚藍田,1
7865,暮矚藍田遍,1
7866,矚藍田遍百,1
7867,藍田遍百花,1
7868,田遍百花照,1
7869,遍百花照阡,1
7870,百花照阡陌,1
7871,花照阡陌萬,1
7872,照阡陌萬木,1
7873,阡陌萬木森,1
7874,陌萬木森鄉,1
7875,萬木森鄉縣,1
7876,木森鄉縣澗,1
7877,森鄉縣澗淨,1
7878,鄉縣澗淨綠,1
7879,縣澗淨綠蘿,1
7880,澗淨綠蘿深,1
7881,淨綠蘿深岩,1
7882,綠蘿深岩暄,1
7883,蘿深岩暄新,1
7884,深岩暄新鳥,1
7885,岩暄新鳥轉,1
7886,暄新鳥轉依,1
7887,新鳥轉依然,1
7888,鳥轉依然造,1
7889,轉依然造華,1
7890,依然造華薄,1
7891,然造華薄豁,1
7892,造華薄豁爾,1
7893,華薄豁爾開,1
7894,薄豁爾開靈,1
7895,豁爾開靈院,1
7896,爾開靈院淹,1
7897,開靈院淹留,1
7898,靈院淹留火,1
7899,院淹留火禁,1
7900,淹留火禁辰,1
7901,留火禁辰愉,1
7902,火禁辰愉樂,1
7903,禁辰愉樂弦,1
7904,辰愉樂弦歌,1
7905,愉樂弦歌宴,1
7906,樂弦歌宴肅,1
7907,弦歌宴肅肅,1
7908,歌宴肅肅列,1
7909,宴肅肅列樽,1
7910,肅肅列樽俎,1
7911,肅列樽俎鏘,1
7912,列樽俎鏘鏘,1
7913,樽俎鏘鏘引,1
7914,俎鏘鏘引纓,1
7915,鏘鏘引纓弁,1
7916,鏘引纓弁天,1
7917,引纓弁天籟,1
7918,纓弁天籟激,1
7919,弁天籟激微,1
7920,天籟激微風,1
7921,籟激微風陽,1
7922,激微風陽光,1
7923,微風陽光轢,1
7924,風陽光轢奔,1
7925,陽光轢奔箭,1
7926,光轢奔箭以,1
7927,轢奔箭以茲,1
7928,奔箭以茲小,1
7929,箭以茲小人,1
7930,以茲小人腹,1
7931,茲小人腹不,1
7932,小人腹不勝,1
7933,人腹不勝君,1
7934,腹不勝君子,1
7935,不勝君子饌,1
7936,勝君子饌是,1
7937,君子饌是日,1
7938,子饌是日既,1
7939,饌是日既低,1
7940,是日既低迷,1
7941,日既低迷中,1
7942,既低迷中宵,1
7943,低迷中宵方,1
7944,迷中宵方眄,1
7945,中宵方眄眩,1
7946,宵方眄眩枕,1
7947,方眄眩枕上,1
7948,眄眩枕上思,1
7949,眩枕上思獨,1
7950,枕上思獨往,1
7951,上思獨往胸,1
7952,思獨往胸中,1
7953,獨往胸中理,1
7954,往胸中理交,1
7955,胸中理交戰,1
7956,中理交戰碧,1
7957,理交戰碧雲,1
7958,交戰碧雲暗,1
7959,戰碧雲暗雨,1
7960,碧雲暗雨來,1
7961,雲暗雨來舊,1
7962,暗雨來舊原,1
7963,雨來舊原芳,1
7964,來舊原芳色,1
7965,舊原芳色變,1
7966,原芳色變歡,1
7967,芳色變歡然,1
7968,色變歡然自,1
7969,變歡然自此,1
7970,歡然自此絕,1
7971,然自此絕心,1
7972,自此絕心賞,1
7973,此絕心賞何,1
7974,絕心賞何由,1
7975,心賞何由見,1
7976,賞何由見鴻,1
7977,何由見鴻蒙,1
7978,由見鴻蒙已,1
7979,見鴻蒙已笑,1
7980,鴻蒙已笑雲,1
7981,蒙已笑雲列,1
7982,已笑雲列缺,1
7983,笑雲列缺仍,1
7984,雲列缺仍揮,1
7985,列缺仍揮電,1
7986,缺仍揮電忽,1
7987,仍揮電忽與,1
7988,揮電忽與去,1
7989,電忽與去人,1
7990,忽與去人遠,1
7991,與去人遠俄,1
7992,去人遠俄逢,1
7993,人遠俄逢歸,1
7994,遠俄逢歸者,1
7995,俄逢歸者便,1
7996,逢歸者便想,1
7997,歸者便想像,1
7998,者便想像玉,1
7999,便想像玉泉,1
8000,想像玉泉宮,1
8001,像玉泉宮依,1
8002,玉泉宮依稀,1
8003,泉宮依稀明,1
8004,宮依稀明月,1
8005,依稀明月殿,1
8006,稀明月殿峰,1
8007,明月殿峰巒,1
8008,月殿峰巒若,1
8009,殿峰巒若登,1
8010,峰巒若登陟,1
8011,巒若登陟水,1
8012,若登陟水木,1
8013,登陟水木以,1
8014,陟水木以遊,1
8015,水木以遊衍,1
8016,木以遊衍息,1
8017,以遊衍息心,1
8018,遊衍息心幸,1
8019,衍息心幸自,1
8020,息心幸自忘,1
8021,心幸自忘點,1
8022,幸自忘點翰,1
8023,自忘點翰仍,1
8024,忘點翰仍留,1
8025,點翰仍留眷,1
8026,翰仍留眷恨,1
8027,仍留眷恨無,1
8028,留眷恨無荊,1
8029,眷恨無荊文,1
8030,恨無荊文璧,1
8031,無荊文璧以,1
8032,荊文璧以答,1
8033,文璧以答丹,1
8034,璧以答丹青,1
8035,以答丹青絢,1
8036,答丹青絢厥,1
8037,丹青絢厥初,1
8038,青絢厥初遊,1
8039,絢厥初遊太,1
8040,厥初遊太學,1
8041,初遊太學相,1
8042,遊太學相與,1
8043,太學相與極,1
8044,學相與極周,1
8045,相與極周旋,1
8046,與極周旋含,1
8047,極周旋含采,1
8048,周旋含采共,1
8049,旋含采共朝,1
8050,含采共朝暮,1
8051,采共朝暮知,1
8052,共朝暮知言,1
8053,朝暮知言同,1
8054,暮知言同古,1
8055,知言同古先,1
8056,言同古先孟,1
8057,同古先孟陽,1
8058,古先孟陽題,1
8059,先孟陽題劍,1
8060,孟陽題劍閣,1
8061,陽題劍閣子,1
8062,題劍閣子雲,1
8063,劍閣子雲獻,1
8064,閣子雲獻甘,1
8065,子雲獻甘泉,1
8066,雲獻甘泉斯,1
8067,獻甘泉斯須,1
8068,甘泉斯須曠,1
8069,泉斯須曠千,1
8070,斯須曠千里,1
8071,須曠千里婉,1
8072,曠千里婉娩,1
8073,千里婉娩將,1
8074,里婉娩將十,1
8075,婉娩將十年,1
8076,娩將十年今,1
8077,將十年今來,1
8078,十年今來豔,1
8079,年今來豔陽,1
8080,今來豔陽月,1
8081,來豔陽月好,1
8082,豔陽月好鳥,1
8083,陽月好鳥鳴,1
8084,月好鳥鳴翩,1
8085,好鳥鳴翩翩,1
8086,鳥鳴翩翩同,1
8087,鳴翩翩同聲,1
8088,翩翩同聲既,1
8089,翩同聲既求,1
8090,同聲既求友,1
8091,聲既求友不,1
8092,既求友不肖,1
8093,求友不肖亦,1
8094,友不肖亦懷,1
8095,不肖亦懷賢,1
8096,肖亦懷賢引,1
8097,亦懷賢引領,1
8098,懷賢引領遲,1
8099,賢引領遲芳,1
8100,引領遲芳信,1
8101,領遲芳信果,1
8102,遲芳信果枉,1
8103,芳信果枉瑤,1
8104,信果枉瑤華,1
8105,果枉瑤華篇,1
8106,枉瑤華篇成,1
8107,瑤華篇成頌,1
8108,華篇成頌非,1
8109,篇成頌非其,1
8110,成頌非其德,1
8111,頌非其德高,1
8112,非其德高文,1
8113,其德高文徒,1
8114,德高文徒自,1
8115,高文徒自妍,1
8116,文徒自妍聲,1
8117,徒自妍聲塵,1
8118,自妍聲塵邈,1
8119,妍聲塵邈超,1
8120,聲塵邈超越,1
8121,塵邈超越比,1
8122,邈超越比興,1
8123,超越比興起,1
8124,越比興起孤,1
8125,比興起孤絕,1
8126,興起孤絕始,1
8127,起孤絕始信,1
8128,孤絕始信郢,1
8129,絕始信郢中,1
8130,始信郢中人,1
8131,信郢中人乃,1
8132,郢中人乃能,1
8133,中人乃能歌,1
8134,人乃能歌白,1
8135,乃能歌白雪,1
8136,能歌白雪跂,1
8137,歌白雪跂予,1
8138,白雪跂予北,1
8139,雪跂予北堂,1
8140,跂予北堂夜,1
8141,予北堂夜搖,1
8142,北堂夜搖筆,1
8143,堂夜搖筆酬,1
8144,夜搖筆酬明,1
8145,搖筆酬明哲,1
8146,筆酬明哲綠,1
8147,酬明哲綠竹,1
8148,明哲綠竹動,1
8149,哲綠竹動清,1
8150,綠竹動清風,1
8151,竹動清風層,1
8152,動清風層軒,1
8153,清風層軒靜,1
8154,風層軒靜華,1
8155,層軒靜華月,1
8156,軒靜華月想,1
8157,靜華月想像,1
8158,華月想像南,1
8159,月想像南山,1
8160,想像南山下,1
8161,像南山下恬,1
8162,南山下恬然,1
8163,山下恬然謝,1
8164,下恬然謝朝,1
8165,恬然謝朝列,1
8166,然謝朝列猶,1
8167,謝朝列猶恐,1
8168,朝列猶恐鶗,1
8169,列猶恐鶗鴂,1
8170,猶恐鶗鴂鳴,1
8171,恐鶗鴂鳴坐,1
8172,鶗鴂鳴坐看,1
8173,鴂鳴坐看芳,1
8174,鳴坐看芳草,1
8175,坐看芳草歇,1
8176,看芳草歇邀,1
8177,芳草歇邀以,1
8178,草歇邀以青,1
8179,歇邀以青松,1
8180,邀以青松色,1
8181,以青松色同,1
8182,青松色同之,1
8183,松色同之白,1
8184,色同之白華,1
8185,同之白華潔,1
8186,之白華潔永,1
8187,白華潔永願,1
8188,華潔永願登,1
8189,潔永願登龍,1
8190,永願登龍門,1
8191,願登龍門相,1
8192,登龍門相將,1
8193,龍門相將持,1
8194,門相將持此,1
8195,相將持此節,1
8196,將持此節僕,1
8197,持此節僕人,1
8198,此節僕人理,1
8199,節僕人理車,1
8200,僕人理車騎,1
8201,人理車騎西,1
8202,理車騎西出,1
8203,車騎西出金,1
8204,騎西出金光,1
8205,西出金光逵,1
8206,出金光逵蒼,1
8207,金光逵蒼蒼,1
8208,光逵蒼蒼白,1
8209,逵蒼蒼白帝,1
8210,蒼蒼白帝郊,1
8211,蒼白帝郊我,1
8212,白帝郊我將,1
8213,帝郊我將游,1
8214,郊我將游靈,1
8215,我將游靈池,1
8216,將游靈池太,1
8217,游靈池太陰,1
8218,靈池太陰連,1
8219,池太陰連晦,1
8220,太陰連晦朔,1
8221,陰連晦朔雨,1
8222,連晦朔雨與,1
8223,晦朔雨與天,1
8224,朔雨與天根,1
8225,雨與天根違,1
8226,與天根違淒,1
8227,天根違淒風,1
8228,根違淒風披,1
8229,違淒風披田,1
8230,淒風披田原,1
8231,風披田原橫,1
8232,披田原橫汙,1
8233,田原橫汙益,1
8234,原橫汙益山,1
8235,橫汙益山陂,1
8236,汙益山陂農,1
8237,益山陂農畯,1
8238,山陂農畯盡,1
8239,陂農畯盡顛,1
8240,農畯盡顛沛,1
8241,畯盡顛沛顧,1
8242,盡顛沛顧望,1
8243,顛沛顧望稼,1
8244,沛顧望稼穡,1
8245,顧望稼穡悲,1
8246,望稼穡悲皇,1
8247,稼穡悲皇靈,1
8248,穡悲皇靈惻,1
8249,悲皇靈惻群,1
8250,皇靈惻群甿,1
8251,靈惻群甿神,1
8252,惻群甿神政,1
8253,群甿神政張,1
8254,甿神政張天,1
8255,神政張天維,1
8256,政張天維坤,1
8257,張天維坤紀,1
8258,天維坤紀戮,1
8259,維坤紀戮屏,1
8260,坤紀戮屏翳,1
8261,紀戮屏翳元,1
8262,戮屏翳元綱,1
8263,屏翳元綱扶,1
8264,翳元綱扶逶,1
8265,元綱扶逶迤,1
8266,綱扶逶迤回,1
8267,扶逶迤回塘,1
8268,逶迤回塘清,1
8269,迤回塘清滄,1
8270,回塘清滄流,1
8271,塘清滄流大,1
8272,清滄流大曜,1
8273,滄流大曜懸,1
8274,流大曜懸金,1
8275,大曜懸金暉,1
8276,曜懸金暉秋,1
8277,懸金暉秋色,1
8278,金暉秋色浮,1
8279,暉秋色浮渾,1
8280,秋色浮渾沌,1
8281,色浮渾沌清,1
8282,浮渾沌清光,1
8283,渾沌清光隨,1
8284,沌清光隨漣,1
8285,清光隨漣漪,1
8286,光隨漣漪豫,1
8287,隨漣漪豫章,1
8288,漣漪豫章盡,1
8289,漪豫章盡莓,1
8290,豫章盡莓苔,1
8291,章盡莓苔柳,1
8292,盡莓苔柳杞,1
8293,莓苔柳杞成,1
8294,苔柳杞成枯,1
8295,柳杞成枯枝,1
8296,杞成枯枝驟,1
8297,成枯枝驟聞,1
8298,枯枝驟聞漢,1
8299,枝驟聞漢天,1
8300,驟聞漢天子,1
8301,聞漢天子征,1
8302,漢天子征彼,1
8303,天子征彼西,1
8304,子征彼西南,1
8305,征彼西南夷,1
8306,彼西南夷伐,1
8307,西南夷伐棘,1
8308,南夷伐棘開,1
8309,夷伐棘開洪,1
8310,伐棘開洪淵,1
8311,棘開洪淵秉,1
8312,開洪淵秉旄,1
8313,洪淵秉旄訓,1
8314,淵秉旄訓我,1
8315,秉旄訓我師,1
8316,旄訓我師震,1
8317,訓我師震雲,1
8318,我師震雲靈,1
8319,師震雲靈鼉,1
8320,震雲靈鼉鼓,1
8321,雲靈鼉鼓照,1
8322,靈鼉鼓照水,1
8323,鼉鼓照水蛟,1
8324,鼓照水蛟龍,1
8325,照水蛟龍旗,1
8326,水蛟龍旗銳,1
8327,蛟龍旗銳士,1
8328,龍旗銳士千,1
8329,旗銳士千萬,1
8330,銳士千萬人,1
8331,士千萬人猛,1
8332,千萬人猛氣,1
8333,萬人猛氣如,1
8334,人猛氣如熊,1
8335,猛氣如熊羆,1
8336,氣如熊羆刑,1
8337,如熊羆刑罰,1
8338,熊羆刑罰一,1
8339,羆刑罰一以,1
8340,刑罰一以正,1
8341,罰一以正干,1
8342,一以正干戈,1
8343,以正干戈自,1
8344,正干戈自有,1
8345,干戈自有儀,1
8346,戈自有儀坐,1
8347,自有儀坐作,1
8348,有儀坐作河,1
8349,儀坐作河漢,1
8350,坐作河漢傾,1
8351,作河漢傾進,1
8352,河漢傾進退,1
8353,漢傾進退樓,1
8354,傾進退樓船,1
8355,進退樓船飛,1
8356,退樓船飛羽,1
8357,樓船飛羽發,1
8358,船飛羽發鴻,1
8359,飛羽發鴻雁,1
8360,羽發鴻雁落,1
8361,發鴻雁落檜,1
8362,鴻雁落檜動,1
8363,雁落檜動芙,1
8364,落檜動芙蓉,1
8365,檜動芙蓉披,1
8366,動芙蓉披峨,1
8367,芙蓉披峨峨,1
8368,蓉披峨峨三,1
8369,披峨峨三雲,1
8370,峨峨三雲宮,1
8371,峨三雲宮肅,1
8372,三雲宮肅肅,1
8373,雲宮肅肅振,1
8374,宮肅肅振旅,1
8375,肅肅振旅歸,1
8376,肅振旅歸惡,1
8377,振旅歸惡德,1
8378,旅歸惡德忽,1
8379,歸惡德忽小,1
8380,惡德忽小丑,1
8381,德忽小丑器,1
8382,忽小丑器用,1
8383,小丑器用窮,1
8384,丑器用窮地,1
8385,器用窮地貲,1
8386,用窮地貲上,1
8387,窮地貲上兵,1
8388,地貲上兵貴,1
8389,貲上兵貴伐,1
8390,上兵貴伐謀,1
8391,兵貴伐謀此,1
8392,貴伐謀此道,1
8393,伐謀此道不,1
8394,謀此道不能,1
8395,此道不能為,1
8396,道不能為籲,1
8397,不能為籲哉,1
8398,能為籲哉蒸,1
8399,為籲哉蒸人,1
8400,籲哉蒸人苦,1
8401,哉蒸人苦始,1
8402,蒸人苦始曰,1
8403,人苦始曰征,1
8404,苦始曰征伐,1
8405,始曰征伐非,1
8406,曰征伐非穆,1
8407,征伐非穆穆,1
8408,伐非穆穆軒,1
8409,非穆穆軒轅,1
8410,穆穆軒轅朝,1
8411,穆軒轅朝耀,1
8412,軒轅朝耀德,1
8413,轅朝耀德守,1
8414,朝耀德守方,1
8415,耀德守方陲,1
8416,德守方陲君,1
8417,守方陲君臣,1
8418,方陲君臣日,1
8419,陲君臣日安,1
8420,君臣日安閒,1
8421,臣日安閒遠,1
8422,日安閒遠近,1
8423,安閒遠近無,1
8424,閒遠近無怨,1
8425,遠近無怨思,1
8426,近無怨思石,1
8427,無怨思石鯨,1
8428,怨思石鯨既,1
8429,思石鯨既蹭,1
8430,石鯨既蹭蹬,1
8431,鯨既蹭蹬女,1
8432,既蹭蹬女牛,1
8433,蹭蹬女牛亦,1
8434,蹬女牛亦流,1
8435,女牛亦流離,1
8436,牛亦流離猵,1
8437,亦流離猵獺,1
8438,流離猵獺遊,1
8439,離猵獺遊渚,1
8440,猵獺遊渚隅,1
8441,獺遊渚隅葭,1
8442,遊渚隅葭蘆,1
8443,渚隅葭蘆生,1
8444,隅葭蘆生漘,1
8445,葭蘆生漘湄,1
8446,蘆生漘湄坎,1
8447,生漘湄坎埳,1
8448,漘湄坎埳四,1
8449,湄坎埳四十,1
8450,坎埳四十裏,1
8451,埳四十裏填,1
8452,四十裏填遊,1
8453,十裏填遊今,1
8454,裏填遊今已,1
8455,填遊今已微,1
8456,遊今已微江,1
8457,今已微江伯,1
8458,已微江伯方,1
8459,微江伯方翱,1
8460,江伯方翱翔,1
8461,伯方翱翔天,1
8462,方翱翔天吳,1
8463,翱翔天吳亟,1
8464,翔天吳亟往,1
8465,天吳亟往來,1
8466,吳亟往來桑,1
8467,亟往來桑榆,1
8468,往來桑榆慘,1
8469,來桑榆慘無,1
8470,桑榆慘無色,1
8471,榆慘無色佇,1
8472,慘無色佇立,1
8473,無色佇立暮,1
8474,色佇立暮霏,1
8475,佇立暮霏霏,1
8476,立暮霏霏老,1
8477,暮霏霏老幼,1
8478,霏霏老幼樵,1
8479,霏老幼樵木,1
8480,老幼樵木還,1
8481,幼樵木還賓,1
8482,樵木還賓從,1
8483,木還賓從回,1
8484,還賓從回鞿,1
8485,賓從回鞿羈,1
8486,從回鞿羈帝,1
8487,回鞿羈帝夢,1
8488,鞿羈帝夢鮮,1
8489,羈帝夢鮮魚,1
8490,帝夢鮮魚索,1
8491,夢鮮魚索明,1
8492,鮮魚索明月,1
8493,魚索明月當,1
8494,索明月當報,1
8495,明月當報時,1
8496,月當報時金,1
8497,當報時金祠,1
8498,報時金祠起,1
8499,時金祠起真,1
8500,金祠起真宇,1
8501,祠起真宇直,1
8502,起真宇直上,1
8503,真宇直上青,1
8504,宇直上青雲,1
8505,直上青雲垂,1
8506,上青雲垂地,1
8507,青雲垂地靜,1
8508,雲垂地靜我,1
8509,垂地靜我亦,1
8510,地靜我亦閑,1
8511,靜我亦閑登,1
8512,我亦閑登之,1
8513,亦閑登之秋,1
8514,閑登之秋清,1
8515,登之秋清時,1
8516,之秋清時蒼,1
8517,秋清時蒼蕪,1
8518,清時蒼蕪宜,1
8519,時蒼蕪宜春,1
8520,蒼蕪宜春苑,1
8521,蕪宜春苑片,1
8522,宜春苑片碧,1
8523,春苑片碧昆,1
8524,苑片碧昆明,1
8525,片碧昆明池,1
8526,碧昆明池誰,1
8527,昆明池誰道,1
8528,明池誰道天,1
8529,池誰道天漢,1
8530,誰道天漢高,1
8531,道天漢高逍,1
8532,天漢高逍遙,1
8533,漢高逍遙方,1
8534,高逍遙方在,1
8535,逍遙方在茲,1
8536,遙方在茲虛,1
8537,方在茲虛形,1
8538,在茲虛形賓,1
8539,茲虛形賓太,1
8540,虛形賓太極,1
8541,形賓太極攜,1
8542,賓太極攜手,1
8543,太極攜手行,1
8544,極攜手行翠,1
8545,攜手行翠微,1
8546,手行翠微雷,1
8547,行翠微雷雨,1
8548,翠微雷雨傍,1
8549,微雷雨傍杳,1
8550,雷雨傍杳冥,1
8551,雨傍杳冥鬼,1
8552,傍杳冥鬼神,1
8553,杳冥鬼神中,1
8554,冥鬼神中躨,1
8555,鬼神中躨跜,1
8556,神中躨跜靈,1
8557,中躨跜靈變,1
8558,躨跜靈變在,1
8559,跜靈變在倏,1
8560,靈變在倏忽,1
8561,變在倏忽莫,1
8562,在倏忽莫能,1
8563,倏忽莫能窮,1
8564,忽莫能窮天,1
8565,莫能窮天涯,1
8566,能窮天涯冠,1
8567,窮天涯冠上,1
8568,天涯冠上閶,1
8569,涯冠上閶闔,1
8570,冠上閶闔開,1
8571,上閶闔開履,1
8572,閶闔開履下,1
8573,闔開履下鴻,1
8574,開履下鴻雁,1
8575,履下鴻雁飛,1
8576,下鴻雁飛宮,1
8577,鴻雁飛宮室,1
8578,雁飛宮室低,1
8579,飛宮室低邐,1
8580,宮室低邐迤,1
8581,室低邐迤群,1
8582,低邐迤群山,1
8583,邐迤群山小,1
8584,迤群山小參,1
8585,群山小參差,1
8586,山小參差俯,1
8587,小參差俯仰,1
8588,參差俯仰宇,1
8589,差俯仰宇宙,1
8590,俯仰宇宙空,1
8591,仰宇宙空庶,1
8592,宇宙空庶隨,1
8593,宙空庶隨了,1
8594,空庶隨了義,1
8595,庶隨了義歸,1
8596,隨了義歸崱,1
8597,了義歸崱屴,1
8598,義歸崱屴非,1
8599,歸崱屴非大,1
8600,崱屴非大廈,1
8601,屴非大廈久,1
8602,非大廈久居,1
8603,大廈久居亦,1
8604,廈久居亦以,1
8605,久居亦以危,1
8606,居亦以危天,1
8607,亦以危天靜,1
8608,以危天靜終,1
8609,危天靜終南,1
8610,天靜終南高,1
8611,靜終南高俯,1
8612,終南高俯映,1
8613,南高俯映江,1
8614,高俯映江水,1
8615,俯映江水明,1
8616,映江水明有,1
8617,江水明有若,1
8618,水明有若蓬,1
8619,明有若蓬萊,1
8620,有若蓬萊下,1
8621,若蓬萊下淺,1
8622,蓬萊下淺深,1
8623,萊下淺深見,1
8624,下淺深見澄,1
8625,淺深見澄瀛,1
8626,深見澄瀛群,1
8627,見澄瀛群峰,1
8628,澄瀛群峰懸,1
8629,瀛群峰懸中,1
8630,群峰懸中流,1
8631,峰懸中流石,1
8632,懸中流石壁,1
8633,中流石壁如,1
8634,流石壁如瑤,1
8635,石壁如瑤瓊,1
8636,壁如瑤瓊魚,1
8637,如瑤瓊魚龍,1
8638,瑤瓊魚龍隱,1
8639,瓊魚龍隱蒼,1
8640,魚龍隱蒼翠,1
8641,龍隱蒼翠鳥,1
8642,隱蒼翠鳥獸,1
8643,蒼翠鳥獸遊,1
8644,翠鳥獸遊清,1
8645,鳥獸遊清泠,1
8646,獸遊清泠菰,1
8647,遊清泠菰蒲,1
8648,清泠菰蒲林,1
8649,泠菰蒲林下,1
8650,菰蒲林下秋,1
8651,蒲林下秋薜,1
8652,林下秋薜荔,1
8653,下秋薜荔波,1
8654,秋薜荔波中,1
8655,薜荔波中輕,1
8656,荔波中輕山,1
8657,波中輕山戛,1
8658,中輕山戛浴,1
8659,輕山戛浴蘭,1
8660,山戛浴蘭址,1
8661,戛浴蘭址水,1
8662,浴蘭址水若,1
8663,蘭址水若居,1
8664,址水若居雲,1
8665,水若居雲屏,1
8666,若居雲屏嵐,1
8667,居雲屏嵐氣,1
8668,雲屏嵐氣浮,1
8669,屏嵐氣浮渚,1
8670,嵐氣浮渚宮,1
8671,氣浮渚宮孤,1
8672,浮渚宮孤光,1
8673,渚宮孤光隨,1
8674,宮孤光隨曜,1
8675,孤光隨曜靈,1
8676,光隨曜靈陰,1
8677,隨曜靈陰陰,1
8678,曜靈陰陰豫,1
8679,靈陰陰豫章,1
8680,陰陰豫章館,1
8681,陰豫章館宛,1
8682,豫章館宛宛,1
8683,章館宛宛百,1
8684,館宛宛百花,1
8685,宛宛百花亭,1
8686,宛百花亭大,1
8687,百花亭大君,1
8688,花亭大君及,1
8689,亭大君及群,1
8690,大君及群臣,1
8691,君及群臣宴,1
8692,及群臣宴樂,1
8693,群臣宴樂方,1
8694,臣宴樂方嚶,1
8695,宴樂方嚶鳴,1
8696,樂方嚶鳴吾,1
8697,方嚶鳴吾党,1
8698,嚶鳴吾党二,1
8699,鳴吾党二三,1
8700,吾党二三子,1
8701,党二三子蕭,1
8702,二三子蕭辰,1
8703,三子蕭辰怡,1
8704,子蕭辰怡性,1
8705,蕭辰怡性情,1
8706,辰怡性情逍,1
8707,怡性情逍遙,1
8708,性情逍遙滄,1
8709,情逍遙滄洲,1
8710,逍遙滄洲時,1
8711,遙滄洲時乃,1
8712,滄洲時乃在,1
8713,洲時乃在長,1
8714,時乃在長安,1
8715,乃在長安城,1
8716,在長安城昆,1
8717,長安城昆明,1
8718,安城昆明濱,1
8719,城昆明濱滇,1
8720,昆明濱滇池,1
8721,明濱滇池蠢,1
8722,濱滇池蠢爾,1
8723,滇池蠢爾敢,1
8724,池蠢爾敢逆,1
8725,蠢爾敢逆常,1
8726,爾敢逆常天,1
8727,敢逆常天星,1
8728,逆常天星耀,1
8729,常天星耀鈇,1
8730,天星耀鈇鑕,1
8731,星耀鈇鑕吊,1
8732,耀鈇鑕吊彼,1
8733,鈇鑕吊彼西,1
8734,鑕吊彼西南,1
8735,吊彼西南方,1
8736,彼西南方塚,1
8737,西南方塚宰,1
8738,南方塚宰統,1
8739,方塚宰統元,1
8740,塚宰統元戎,1
8741,宰統元戎太,1
8742,統元戎太守,1
8743,元戎太守齒,1
8744,戎太守齒軍,1
8745,太守齒軍行,1
8746,守齒軍行囊,1
8747,齒軍行囊括,1
8748,軍行囊括千,1
8749,行囊括千萬,1
8750,囊括千萬里,1
8751,括千萬里矢,1
8752,千萬里矢謨,1
8753,萬里矢謨在,1
8754,里矢謨在廟,1
8755,矢謨在廟堂,1
8756,謨在廟堂耀,1
8757,在廟堂耀耀,1
8758,廟堂耀耀金,1
8759,堂耀耀金虎,1
8760,耀耀金虎符,1
8761,耀金虎符一,1
8762,金虎符一息,1
8763,虎符一息到,1
8764,符一息到炎,1
8765,一息到炎荒,1
8766,息到炎荒搜,1
8767,到炎荒搜兵,1
8768,炎荒搜兵自,1
8769,荒搜兵自交,1
8770,搜兵自交趾,1
8771,兵自交趾茇,1
8772,自交趾茇舍,1
8773,交趾茇舍出,1
8774,趾茇舍出瀘,1
8775,茇舍出瀘陽,1
8776,舍出瀘陽群,1
8777,出瀘陽群山,1
8778,瀘陽群山高,1
8779,陽群山高嶄,1
8780,群山高嶄岩,1
8781,山高嶄岩淩,1
8782,高嶄岩淩越,1
8783,嶄岩淩越如,1
8784,岩淩越如鳥,1
8785,淩越如鳥翔,1
8786,越如鳥翔封,1
8787,如鳥翔封豕,1
8788,鳥翔封豕驟,1
8789,翔封豕驟跧,1
8790,封豕驟跧伏,1
8791,豕驟跧伏巨,1
8792,驟跧伏巨象,1
8793,跧伏巨象遙,1
8794,伏巨象遙披,1
8795,巨象遙披攘,1
8796,象遙披攘回,1
8797,遙披攘回溪,1
8798,披攘回溪深,1
8799,攘回溪深天,1
8800,回溪深天淵,1
8801,溪深天淵揭,1
8802,深天淵揭厲,1
8803,天淵揭厲逾,1
8804,淵揭厲逾舟,1
8805,揭厲逾舟梁,1
8806,厲逾舟梁玄,1
8807,逾舟梁玄武,1
8808,舟梁玄武掃,1
8809,梁玄武掃孤,1
8810,玄武掃孤蜮,1
8811,武掃孤蜮蛟,1
8812,掃孤蜮蛟龍,1
8813,孤蜮蛟龍除,1
8814,蜮蛟龍除方,1
8815,蛟龍除方良,1
8816,龍除方良雷,1
8817,除方良雷霆,1
8818,方良雷霆隨,1
8819,良雷霆隨神,1
8820,雷霆隨神兵,1
8821,霆隨神兵硼,1
8822,隨神兵硼磕,1
8823,神兵硼磕動,1
8824,兵硼磕動穹,1
8825,硼磕動穹蒼,1
8826,磕動穹蒼斬,1
8827,動穹蒼斬伐,1
8828,穹蒼斬伐若,1
8829,蒼斬伐若草,1
8830,斬伐若草木,1
8831,伐若草木系,1
8832,若草木系縲,1
8833,草木系縲同,1
8834,木系縲同犬,1
8835,系縲同犬羊,1
8836,縲同犬羊餘,1
8837,同犬羊餘醜,1
8838,犬羊餘醜隱,1
8839,羊餘醜隱弭,1
8840,餘醜隱弭河,1
8841,醜隱弭河啁,1
8842,隱弭河啁啾,1
8843,弭河啁啾亂,1
8844,河啁啾亂行,1
8845,啁啾亂行藏,1
8846,啾亂行藏君,1
8847,亂行藏君子,1
8848,行藏君子惡,1
8849,藏君子惡薄,1
8850,君子惡薄險,1
8851,子惡薄險王,1
8852,惡薄險王師,1
8853,薄險王師恥,1
8854,險王師恥重,1
8855,王師恥重傷,1
8856,師恥重傷廣,1
8857,恥重傷廣車,1
8858,重傷廣車設,1
8859,傷廣車設罝,1
8860,廣車設罝梁,1
8861,車設罝梁太,1
8862,設罝梁太白,1
8863,罝梁太白收,1
8864,梁太白收光,1
8865,太白收光芒,1
8866,白收光芒邊,1
8867,收光芒邊吏,1
8868,光芒邊吏靜,1
8869,芒邊吏靜縣,1
8870,邊吏靜縣道,1
8871,吏靜縣道新,1
8872,靜縣道新書,1
8873,縣道新書行,1
8874,道新書行紀,1
8875,新書行紀綱,1
8876,書行紀綱劍,1
8877,行紀綱劍關,1
8878,紀綱劍關掉,1
8879,綱劍關掉鞅,1
8880,劍關掉鞅歸,1
8881,關掉鞅歸武,1
8882,掉鞅歸武弁,1
8883,鞅歸武弁朝,1
8884,歸武弁朝建,1
8885,武弁朝建章,1
8886,弁朝建章龍,1
8887,朝建章龍樓,1
8888,建章龍樓加,1
8889,章龍樓加命,1
8890,龍樓加命服,1
8891,樓加命服獬,1
8892,加命服獬豸,1
8893,命服獬豸擁,1
8894,服獬豸擁秋,1
8895,獬豸擁秋霜,1
8896,豸擁秋霜邦,1
8897,擁秋霜邦人,1
8898,秋霜邦人頌,1
8899,霜邦人頌靈,1
8900,邦人頌靈旗,1
8901,人頌靈旗側,1
8902,頌靈旗側聽,1
8903,靈旗側聽何,1
8904,旗側聽何洋,1
8905,側聽何洋洋,1
8906,聽何洋洋京,1
8907,何洋洋京觀,1
8908,洋洋京觀在,1
8909,洋京觀在七,1
8910,京觀在七德,1
8911,觀在七德休,1
8912,在七德休哉,1
8913,七德休哉我,1
8914,德休哉我神,1
8915,休哉我神皇,1
8916,哉我神皇天,1
8917,我神皇天卿,1
8918,神皇天卿小,1
8919,皇天卿小塚,1
8920,天卿小塚宰,1
8921,卿小塚宰道,1
8922,小塚宰道大,1
8923,塚宰道大名,1
8924,宰道大名亦,1
8925,道大名亦大,1
8926,大名亦大醜,1
8927,名亦大醜正,1
8928,亦大醜正在,1
8929,大醜正在權,1
8930,醜正在權臣,1
8931,正在權臣建,1
8932,在權臣建旟,1
8933,權臣建旟千,1
8934,臣建旟千裏,1
8935,建旟千裏外,1
8936,旟千裏外楚,1
8937,千裏外楚山,1
8938,裏外楚山俯,1
8939,外楚山俯江,1
8940,楚山俯江漢,1
8941,山俯江漢汴,1
8942,俯江漢汴水,1
8943,江漢汴水連,1
8944,漢汴水連譙,1
8945,汴水連譙沛,1
8946,水連譙沛兩,1
8947,連譙沛兩持,1
8948,譙沛兩持方,1
8949,沛兩持方伯,1
8950,兩持方伯珪,1
8951,持方伯珪再,1
8952,方伯珪再轉,1
8953,伯珪再轉諸,1
8954,珪再轉諸侯,1
8955,再轉諸侯蓋,1
8956,轉諸侯蓋恬,1
8957,諸侯蓋恬淡,1
8958,侯蓋恬淡輕,1
8959,蓋恬淡輕黜,1
8960,恬淡輕黜陟,1
8961,淡輕黜陟優,1
8962,輕黜陟優遊,1
8963,黜陟優遊邈,1
8964,陟優遊邈千,1
8965,優遊邈千載,1
8966,遊邈千載幹,1
8967,邈千載幹象,1
8968,千載幹象變,1
8969,載幹象變台,1
8970,幹象變台衡,1
8971,象變台衡群,1
8972,變台衡群賢,1
8973,台衡群賢盡,1
8974,衡群賢盡交,1
8975,群賢盡交泰,1
8976,賢盡交泰聿,1
8977,盡交泰聿徠,1
8978,交泰聿徠股,1
8979,泰聿徠股肱,1
8980,聿徠股肱郡,1
8981,徠股肱郡河,1
8982,股肱郡河嶽,1
8983,肱郡河嶽即,1
8984,郡河嶽即襟,1
8985,河嶽即襟帶,1
8986,嶽即襟帶盛,1
8987,即襟帶盛德,1
8988,襟帶盛德滋,1
8989,帶盛德滋冀,1
8990,盛德滋冀方,1
8991,德滋冀方仁,1
8992,滋冀方仁風,1
8993,冀方仁風清,1
8994,方仁風清汾,1
8995,仁風清汾澮,1
8996,風清汾澮四,1
8997,清汾澮四封,1
8998,汾澮四封盡,1
8999,澮四封盡高,1
9000,四封盡高足,1
9001,封盡高足相,1
9002,盡高足相府,1
9003,高足相府軺,1
9004,足相府軺車,1
9005,相府軺車最,1
9006,府軺車最超,1
9007,軺車最超超,1
9008,車最超超青,1
9009,最超超青雲,1
9010,超超青雲器,1
9011,超青雲器婉,1
9012,青雲器婉婉,1
9013,雲器婉婉竹,1
9014,器婉婉竹林,1
9015,婉婉竹林會,1
9016,婉竹林會賤,1
9017,竹林會賤士,1
9018,林會賤士敢,1
9019,會賤士敢知,1
9020,賤士敢知言,1
9021,士敢知言成,1
9022,敢知言成頌,1
9023,知言成頌文,1
9024,言成頌文明,1
9025,成頌文明代,1
9026,頌文明代燕,1
9027,文明代燕雀,1
9028,明代燕雀依,1
9029,代燕雀依大,1
9030,燕雀依大廈,1
9031,雀依大廈期,1
9032,依大廈期之,1
9033,大廈期之保,1
9034,廈期之保貞,1
9035,期之保貞悔,1
9036,之保貞悔生,1
9037,保貞悔生理,1
9038,貞悔生理無,1
9039,悔生理無不,1
9040,生理無不盡,1
9041,理無不盡念,1
9042,無不盡念君,1
9043,不盡念君在,1
9044,盡念君在中,1
9045,念君在中年,1
9046,君在中年遊,1
9047,在中年遊道,1
9048,中年遊道雖,1
9049,年遊道雖未,1
9050,遊道雖未深,1
9051,道雖未深舉,1
9052,雖未深舉世,1
9053,未深舉世莫,1
9054,深舉世莫能,1
9055,舉世莫能賢,1
9056,世莫能賢筮,1
9057,莫能賢筮仕,1
9058,能賢筮仕苦,1
9059,賢筮仕苦貧,1
9060,筮仕苦貧賤,1
9061,仕苦貧賤為,1
9062,苦貧賤為客,1
9063,貧賤為客少,1
9064,賤為客少田,1
9065,為客少田園,1
9066,客少田園膏,1
9067,少田園膏腴,1
9068,田園膏腴不,1
9069,園膏腴不可,1
9070,膏腴不可求,1
9071,腴不可求乃,1
9072,不可求乃在,1
9073,可求乃在許,1
9074,求乃在許西,1
9075,乃在許西偏,1
9076,在許西偏四,1
9077,許西偏四鄰,1
9078,西偏四鄰盡,1
9079,偏四鄰盡桑,1
9080,四鄰盡桑柘,1
9081,鄰盡桑柘咫,1
9082,盡桑柘咫尺,1
9083,桑柘咫尺開,1
9084,柘咫尺開牆,1
9085,咫尺開牆垣,1
9086,尺開牆垣內,1
9087,開牆垣內艱,1
9088,牆垣內艱未,1
9089,垣內艱未及,1
9090,內艱未及虞,1
9091,艱未及虞形,1
9092,未及虞形影,1
9093,及虞形影隨,1
9094,虞形影隨化,1
9095,形影隨化遷,1
9096,影隨化遷茅,1
9097,隨化遷茅茨,1
9098,化遷茅茨俯,1
9099,遷茅茨俯苫,1
9100,茅茨俯苫蓋,1
9101,茨俯苫蓋雙,1
9102,俯苫蓋雙殯,1
9103,苫蓋雙殯兩,1
9104,蓋雙殯兩楹,1
9105,雙殯兩楹間,1
9106,殯兩楹間時,1
9107,兩楹間時聞,1
9108,楹間時聞孤,1
9109,間時聞孤女,1
9110,時聞孤女號,1
9111,聞孤女號迥,1
9112,孤女號迥出,1
9113,女號迥出陌,1
9114,號迥出陌與,1
9115,迥出陌與阡,1
9116,出陌與阡慈,1
9117,陌與阡慈烏,1
9118,與阡慈烏亂,1
9119,阡慈烏亂飛,1
9120,慈烏亂飛鳴,1
9121,烏亂飛鳴猛,1
9122,亂飛鳴猛獸,1
9123,飛鳴猛獸亦,1
9124,鳴猛獸亦以,1
9125,猛獸亦以跧,1
9126,獸亦以跧故,1
9127,亦以跧故人,1
9128,以跧故人王,1
9129,跧故人王夫,1
9130,故人王夫子,1
9131,人王夫子靜,1
9132,王夫子靜念,1
9133,夫子靜念無,1
9134,子靜念無生,1
9135,靜念無生篇,1
9136,念無生篇哀,1
9137,無生篇哀樂,1
9138,生篇哀樂久,1
9139,篇哀樂久已,1
9140,哀樂久已絕,1
9141,樂久已絕聞,1
9142,久已絕聞之,1
9143,已絕聞之將,1
9144,絕聞之將泫,1
9145,聞之將泫然,1
9146,之將泫然太,1
9147,將泫然太陽,1
9148,泫然太陽蔽,1
9149,然太陽蔽空,1
9150,太陽蔽空虛,1
9151,陽蔽空虛雨,1
9152,蔽空虛雨雪,1
9153,空虛雨雪浮,1
9154,虛雨雪浮蒼,1
9155,雨雪浮蒼山,1
9156,雪浮蒼山迢,1
9157,浮蒼山迢遞,1
9158,蒼山迢遞親,1
9159,山迢遞親靈,1
9160,迢遞親靈櫬,1
9161,遞親靈櫬顧,1
9162,親靈櫬顧予,1
9163,靈櫬顧予悲,1
9164,櫬顧予悲絕,1
9165,顧予悲絕弦,1
9166,予悲絕弦處,1
9167,悲絕弦處順,1
9168,絕弦處順與,1
9169,弦處順與安,1
9170,處順與安時,1
9171,順與安時及,1
9172,與安時及此,1
9173,安時及此乃,1
9174,時及此乃空,1
9175,及此乃空言,1
9176,此乃空言赫,1
9177,乃空言赫赫,1
9178,空言赫赫明,1
9179,言赫赫明天,1
9180,赫赫明天子,1
9181,赫明天子翹,1
9182,明天子翹翹,1
9183,天子翹翹群,1
9184,子翹翹群秀,1
9185,翹翹群秀才,1
9186,翹群秀才昭,1
9187,群秀才昭昭,1
9188,秀才昭昭皇,1
9189,才昭昭皇宇,1
9190,昭昭皇宇廣,1
9191,昭皇宇廣隱,1
9192,皇宇廣隱隱,1
9193,宇廣隱隱雲,1
9194,廣隱隱雲門,1
9195,隱隱雲門開,1
9196,隱雲門開搖,1
9197,雲門開搖曳,1
9198,門開搖曳君,1
9199,開搖曳君初,1
9200,搖曳君初起,1
9201,曳君初起聯,1
9202,君初起聯翩,1
9203,初起聯翩予,1
9204,起聯翩予複,1
9205,聯翩予複來,1
9206,翩予複來茲,1
9207,予複來茲年,1
9208,複來茲年不,1
9209,來茲年不得,1
9210,茲年不得意,1
9211,年不得意相,1
9212,不得意相命,1
9213,得意相命遊,1
9214,意相命遊靈,1
9215,相命遊靈台,1
9216,命遊靈台驊,1
9217,遊靈台驊騮,1
9218,靈台驊騮多,1
9219,台驊騮多逸,1
9220,驊騮多逸氣,1
9221,騮多逸氣琳,1
9222,多逸氣琳琅,1
9223,逸氣琳琅有,1
9224,氣琳琅有清,1
9225,琳琅有清響,1
9226,琅有清響聯,1
9227,有清響聯行,1
9228,清響聯行擊,1
9229,響聯行擊水,1
9230,聯行擊水飛,1
9231,行擊水飛獨,1
9232,擊水飛獨影,1
9233,水飛獨影淩,1
9234,飛獨影淩虛,1
9235,獨影淩虛上,1
9236,影淩虛上關,1
9237,淩虛上關河,1
9238,虛上關河施,1
9239,上關河施芳,1
9240,關河施芳聽,1
9241,河施芳聽江,1
9242,施芳聽江海,1
9243,芳聽江海徼,1
9244,聽江海徼新,1
9245,江海徼新賞,1
9246,海徼新賞斂,1
9247,徼新賞斂衽,1
9248,新賞斂衽歸,1
9249,賞斂衽歸故,1
9250,斂衽歸故山,1
9251,衽歸故山敷,1
9252,歸故山敷言,1
9253,故山敷言播,1
9254,山敷言播天,1
9255,敷言播天壤,1
9256,言播天壤雲,1
9257,播天壤雲峰,1
9258,天壤雲峰雖,1
9259,壤雲峰雖有,1
9260,雲峰雖有異,1
9261,峰雖有異楚,1
9262,雖有異楚越,1
9263,有異楚越幸,1
9264,異楚越幸相,1
9265,楚越幸相親,1
9266,越幸相親既,1
9267,幸相親既別,1
9268,相親既別複,1
9269,親既別複遊,1
9270,既別複遊處,1
9271,別複遊處道,1
9272,複遊處道深,1
9273,遊處道深情,1
9274,處道深情更,1
9275,道深情更殷,1
9276,深情更殷下,1
9277,情更殷下愚,1
9278,更殷下愚忝,1
9279,殷下愚忝聞,1
9280,下愚忝聞見,1
9281,愚忝聞見上,1
9282,忝聞見上德,1
9283,聞見上德猶,1
9284,見上德猶邅,1
9285,上德猶邅迍,1
9286,德猶邅迍偃,1
9287,猶邅迍偃仰,1
9288,邅迍偃仰東,1
9289,迍偃仰東城,1
9290,偃仰東城曲,1
9291,仰東城曲樓,1
9292,東城曲樓遲,1
9293,城曲樓遲依,1
9294,曲樓遲依水,1
9295,樓遲依水濱,1
9296,遲依水濱脫,1
9297,依水濱脫巾,1
9298,水濱脫巾從,1
9299,濱脫巾從會,1
9300,脫巾從會府,1
9301,巾從會府結,1
9302,從會府結綬,1
9303,會府結綬歸,1
9304,府結綬歸海,1
9305,結綬歸海裔,1
9306,綬歸海裔親,1
9307,歸海裔親知,1
9308,海裔親知送,1
9309,裔親知送河,1
9310,親知送河門,1
9311,知送河門邦,1
9312,送河門邦族,1
9313,河門邦族迎,1
9314,門邦族迎江,1
9315,邦族迎江澨,1
9316,族迎江澨夫,1
9317,迎江澨夫子,1
9318,江澨夫子安,1
9319,澨夫子安恬,1
9320,夫子安恬淡,1
9321,子安恬淡他,1
9322,安恬淡他人,1
9323,恬淡他人悵,1
9324,淡他人悵迢,1
9325,他人悵迢遞,1
9326,人悵迢遞飛,1
9327,悵迢遞飛艎,1
9328,迢遞飛艎既,1
9329,遞飛艎既眇,1
9330,飛艎既眇然,1
9331,艎既眇然洲,1
9332,既眇然洲渚,1
9333,眇然洲渚徒,1
9334,然洲渚徒虧,1
9335,洲渚徒虧蔽,1
9336,渚徒虧蔽人,1
9337,徒虧蔽人謀,1
9338,虧蔽人謀固,1
9339,蔽人謀固無,1
9340,人謀固無准,1
9341,謀固無准天,1
9342,固無准天德,1
9343,無准天德諒,1
9344,准天德諒難,1
9345,天德諒難知,1
9346,德諒難知高,1
9347,諒難知高名,1
9348,難知高名處,1
9349,知高名處下,1
9350,高名處下位,1
9351,名處下位逸,1
9352,處下位逸翮,1
9353,下位逸翮棲,1
9354,位逸翮棲卑,1
9355,逸翮棲卑枝,1
9356,翮棲卑枝去,1
9357,棲卑枝去去,1
9358,卑枝去去水,1
9359,枝去去水中,1
9360,去去水中沚,1
9361,去水中沚搖,1
9362,水中沚搖搖,1
9363,中沚搖搖天,1
9364,沚搖搖天一,1
9365,搖搖天一涯,1
9366,搖天一涯蓬,1
9367,天一涯蓬壺,1
9368,一涯蓬壺不,1
9369,涯蓬壺不可,1
9370,蓬壺不可見,1
9371,壺不可見來,1
9372,不可見來泛,1
9373,可見來泛躍,1
9374,見來泛躍龍,1
9375,來泛躍龍池,1
9376,泛躍龍池江,1
9377,躍龍池江上,1
9378,龍池江上楓,1
9379,池江上楓林,1
9380,江上楓林秋,1
9381,上楓林秋江,1
9382,楓林秋江中,1
9383,林秋江中秋,1
9384,秋江中秋水,1
9385,江中秋水流,1
9386,中秋水流清,1
9387,秋水流清晨,1
9388,水流清晨惜,1
9389,流清晨惜分,1
9390,清晨惜分袂,1
9391,晨惜分袂秋,1
9392,惜分袂秋日,1
9393,分袂秋日尚,1
9394,袂秋日尚同,1
9395,秋日尚同舟,1
9396,日尚同舟落,1
9397,尚同舟落潮,1
9398,同舟落潮洗,1
9399,舟落潮洗魚,1
9400,落潮洗魚浦,1
9401,潮洗魚浦傾,1
9402,洗魚浦傾荷,1
9403,魚浦傾荷枕,1
9404,浦傾荷枕驛,1
9405,傾荷枕驛樓,1
9406,荷枕驛樓明,1
9407,枕驛樓明年,1
9408,驛樓明年菊,1
9409,樓明年菊花,1
9410,明年菊花熟,1
9411,年菊花熟洛,1
9412,菊花熟洛東,1
9413,花熟洛東泛,1
9414,熟洛東泛觴,1
9415,洛東泛觴遊,1
9416,東泛觴遊衡,1
9417,泛觴遊衡山,1
9418,觴遊衡山法,1
9419,遊衡山法王,1
9420,衡山法王子,1
9421,山法王子慧,1
9422,法王子慧見,1
9423,王子慧見息,1
9424,子慧見息諸,1
9425,慧見息諸苦,1
9426,見息諸苦落,1
9427,息諸苦落發,1
9428,諸苦落發自,1
9429,苦落發自南,1
9430,落發自南州,1
9431,發自南州燕,1
9432,自南州燕居,1
9433,南州燕居在,1
9434,州燕居在西,1
9435,燕居在西土,1
9436,居在西土養,1
9437,在西土養正,1
9438,西土養正不,1
9439,土養正不因,1
9440,養正不因晦,1
9441,正不因晦得,1
9442,不因晦得中,1
9443,因晦得中寧,1
9444,晦得中寧患,1
9445,得中寧患旅,1
9446,中寧患旅曠,1
9447,寧患旅曠然,1
9448,患旅曠然長,1
9449,旅曠然長虛,1
9450,曠然長虛閑,1
9451,然長虛閑即,1
9452,長虛閑即理,1
9453,虛閑即理寄,1
9454,閑即理寄行,1
9455,即理寄行補,1
9456,理寄行補四,1
9457,寄行補四句,1
9458,行補四句了,1
9459,補四句了自,1
9460,四句了自性,1
9461,句了自性一,1
9462,了自性一音,1
9463,自性一音亦,1
9464,性一音亦非,1
9465,一音亦非取,1
9466,音亦非取橘,1
9467,亦非取橘柚,1
9468,非取橘柚故,1
9469,取橘柚故園,1
9470,橘柚故園枝,1
9471,柚故園枝隨,1
9472,故園枝隨人,1
9473,園枝隨人植,1
9474,枝隨人植庭,1
9475,隨人植庭戶,1
9476,人植庭戶我,1
9477,植庭戶我地,1
9478,庭戶我地少,1
9479,戶我地少安,1
9480,我地少安住,1
9481,地少安住念,1
9482,少安住念天,1
9483,安住念天時,1
9484,住念天時啟,1
9485,念天時啟處,1
9486,天時啟處憲,1
9487,時啟處憲卿,1
9488,啟處憲卿文,1
9489,處憲卿文昌,1
9490,憲卿文昌歸,1
9491,卿文昌歸愉,1
9492,文昌歸愉悅,1
9493,昌歸愉悅來,1
9494,歸愉悅來晤,1
9495,愉悅來晤語,1
9496,悅來晤語車,1
9497,來晤語車騎,1
9498,晤語車騎踐,1
9499,語車騎踐香,1
9500,車騎踐香草,1
9501,騎踐香草僕,1
9502,踐香草僕人,1
9503,香草僕人沐,1
9504,草僕人沐花,1
9505,僕人沐花雨,1
9506,人沐花雨長,1
9507,沐花雨長風,1
9508,花雨長風散,1
9509,雨長風散繁,1
9510,長風散繁雲,1
9511,風散繁雲萬,1
9512,散繁雲萬里,1
9513,繁雲萬里靜,1
9514,雲萬里靜天,1
9515,萬里靜天宇,1
9516,里靜天宇起,1
9517,靜天宇起滅,1
9518,天宇起滅信,1
9519,宇起滅信易,1
9520,起滅信易覺,1
9521,滅信易覺清,1
9522,信易覺清真,1
9523,易覺清真知,1
9524,覺清真知有,1
9525,清真知有所,1
9526,真知有所逍,1
9527,知有所逍遙,1
9528,有所逍遙高,1
9529,所逍遙高殿,1
9530,逍遙高殿陰,1
9531,遙高殿陰六,1
9532,高殿陰六月,1
9533,殿陰六月無,1
9534,陰六月無炎,1
9535,六月無炎暑,1
9536,月無炎暑微,1
9537,無炎暑微言,1
9538,炎暑微言發,1
9539,暑微言發新,1
9540,微言發新偈,1
9541,言發新偈粲,1
9542,發新偈粲粲,1
9543,新偈粲粲如,1
9544,偈粲粲如懸,1
9545,粲粲如懸圃,1
9546,粲如懸圃直,1
9547,如懸圃直心,1
9548,懸圃直心視,1
9549,圃直心視惠,1
9550,直心視惠光,1
9551,心視惠光在,1
9552,視惠光在此,1
9553,惠光在此大,1
9554,光在此大法,1
9555,在此大法鼓,1
9556,此大法鼓烈,1
9557,大法鼓烈風,1
9558,法鼓烈風起,1
9559,鼓烈風起江,1
9560,烈風起江漢,1
9561,風起江漢白,1
9562,起江漢白浪,1
9563,江漢白浪忽,1
9564,漢白浪忽如,1
9565,白浪忽如山,1
9566,浪忽如山方,1
9567,忽如山方伯,1
9568,如山方伯驟,1
9569,山方伯驟勤,1
9570,方伯驟勤王,1
9571,伯驟勤王杞,1
9572,驟勤王杞人,1
9573,勤王杞人亦,1
9574,王杞人亦憂,1
9575,杞人亦憂天,1
9576,人亦憂天酆,1
9577,亦憂天酆鎬,1
9578,憂天酆鎬頃,1
9579,天酆鎬頃霾,1
9580,酆鎬頃霾晦,1
9581,鎬頃霾晦雲,1
9582,頃霾晦雲龍,1
9583,霾晦雲龍召,1
9584,晦雲龍召我,1
9585,雲龍召我賢,1
9586,龍召我賢車,1
9587,召我賢車騎,1
9588,我賢車騎北,1
9589,賢車騎北艱,1
9590,車騎北艱苦,1
9591,騎北艱苦艅,1
9592,北艱苦艅艎,1
9593,艱苦艅艎西,1
9594,苦艅艎西溯,1
9595,艅艎西溯沿,1
9596,艎西溯沿水,1
9597,西溯沿水靈,1
9598,溯沿水靈靜,1
9599,沿水靈靜湍,1
9600,水靈靜湍瀨,1
9601,靈靜湍瀨猛,1
9602,靜湍瀨猛獸,1
9603,湍瀨猛獸趨,1
9604,瀨猛獸趨後,1
9605,猛獸趨後先,1
9606,獸趨後先龍,1
9607,趨後先龍樓,1
9608,後先龍樓開,1
9609,先龍樓開新,1
9610,龍樓開新陽,1
9611,樓開新陽萬,1
9612,開新陽萬里,1
9613,新陽萬里出,1
9614,陽萬里出雲,1
9615,萬里出雲間,1
9616,里出雲間宇,1
9617,出雲間宇宙,1
9618,雲間宇宙既,1
9619,間宇宙既焜,1
9620,宇宙既焜耀,1
9621,宙既焜耀崇,1
9622,既焜耀崇德,1
9623,焜耀崇德濟,1
9624,耀崇德濟巨,1
9625,崇德濟巨川,1
9626,德濟巨川受,1
9627,濟巨川受命,1
9628,巨川受命在,1
9629,川受命在神,1
9630,受命在神宗,1
9631,命在神宗振,1
9632,在神宗振兵,1
9633,神宗振兵猶,1
9634,宗振兵猶軒,1
9635,振兵猶軒轅,1
9636,兵猶軒轅煌,1
9637,猶軒轅煌煌,1
9638,軒轅煌煌逾,1
9639,轅煌煌逾涿,1
9640,煌煌逾涿鹿,1
9641,煌逾涿鹿穆,1
9642,逾涿鹿穆穆,1
9643,涿鹿穆穆更,1
9644,鹿穆穆更坤,1
9645,穆穆更坤元,1
9646,穆更坤元明,1
9647,更坤元明王,1
9648,坤元明王朝,1
9649,元明王朝太,1
9650,明王朝太階,1
9651,王朝太階遠,1
9652,朝太階遠邇,1
9653,太階遠邇望,1
9654,階遠邇望嘉,1
9655,遠邇望嘉言,1
9656,邇望嘉言遊,1
9657,望嘉言遊子,1
9658,嘉言遊子淡,1
9659,言遊子淡何,1
9660,遊子淡何思,1
9661,子淡何思江,1
9662,淡何思江湖,1
9663,何思江湖將,1
9664,思江湖將永,1
9665,江湖將永年,1
9666,湖將永年直,1
9667,將永年直道,1
9668,永年直道時,1
9669,年直道時莫,1
9670,直道時莫親,1
9671,道時莫親起,1
9672,時莫親起羞,1
9673,莫親起羞見,1
9674,親起羞見讒,1
9675,起羞見讒口,1
9676,羞見讒口輿,1
9677,見讒口輿人,1
9678,讒口輿人是,1
9679,口輿人是非,1
9680,輿人是非怪,1
9681,人是非怪西,1
9682,是非怪西子,1
9683,非怪西子言,1
9684,怪西子言有,1
9685,西子言有咎,1
9686,子言有咎誣,1
9687,言有咎誣善,1
9688,有咎誣善不,1
9689,咎誣善不足,1
9690,誣善不足悲,1
9691,善不足悲失,1
9692,不足悲失聽,1
9693,足悲失聽一,1
9694,悲失聽一何,1
9695,失聽一何醜,1
9696,聽一何醜大,1
9697,一何醜大來,1
9698,何醜大來敢,1
9699,醜大來敢遐,1
9700,大來敢遐望,1
9701,來敢遐望小,1
9702,敢遐望小往,1
9703,遐望小往且,1
9704,望小往且虛,1
9705,小往且虛受,1
9706,往且虛受中,1
9707,且虛受中夜,1
9708,虛受中夜囹,1
9709,受中夜囹圄,1
9710,中夜囹圄深,1
9711,夜囹圄深初,1
9712,囹圄深初秋,1
9713,圄深初秋縲,1
9714,深初秋縲絏,1
9715,初秋縲絏久,1
9716,秋縲絏久疏,1
9717,縲絏久疏螢,1
9718,絏久疏螢出,1
9719,久疏螢出暗,1
9720,疏螢出暗草,1
9721,螢出暗草朔,1
9722,出暗草朔風,1
9723,暗草朔風鳴,1
9724,草朔風鳴衰,1
9725,朔風鳴衰柳,1
9726,風鳴衰柳河,1
9727,鳴衰柳河漢,1
9728,衰柳河漢低,1
9729,柳河漢低在,1
9730,河漢低在戶,1
9731,漢低在戶蠨,1
9732,低在戶蠨蛸,1
9733,在戶蠨蛸垂,1
9734,戶蠨蛸垂向,1
9735,蠨蛸垂向牖,1
9736,蛸垂向牖雁,1
9737,垂向牖雁聲,1
9738,向牖雁聲遠,1
9739,牖雁聲遠天,1
9740,雁聲遠天末,1
9741,聲遠天末涼,1
9742,遠天末涼氣,1
9743,天末涼氣生,1
9744,末涼氣生霽,1
9745,涼氣生霽後,1
9746,氣生霽後負,1
9747,生霽後負戶,1
9748,霽後負戶愁,1
9749,後負戶愁讀,1
9750,負戶愁讀書,1
9751,戶愁讀書劍,1
9752,愁讀書劍光,1
9753,讀書劍光忿,1
9754,書劍光忿沖,1
9755,劍光忿沖鬥,1
9756,光忿沖鬥哀,1
9757,忿沖鬥哀哀,1
9758,沖鬥哀哀害,1
9759,鬥哀哀害神,1
9760,哀哀害神理,1
9761,哀害神理惻,1
9762,害神理惻惻,1
9763,神理惻惻傷,1
9764,理惻惻傷慈,1
9765,惻惻傷慈母,1
9766,惻傷慈母妻,1
9767,傷慈母妻子,1
9768,慈母妻子垂,1
9769,母妻子垂涕,1
9770,妻子垂涕泣,1
9771,子垂涕泣家,1
9772,垂涕泣家僮,1
9773,涕泣家僮日,1
9774,泣家僮日奔,1
9775,家僮日奔走,1
9776,僮日奔走書,1
9777,日奔走書詞,1
9778,奔走書詞苦,1
9779,走書詞苦人,1
9780,書詞苦人吏,1
9781,詞苦人吏饋,1
9782,苦人吏饋食,1
9783,人吏饋食勞,1
9784,吏饋食勞交,1
9785,饋食勞交友,1
9786,食勞交友寒,1
9787,勞交友寒服,1
9788,交友寒服猶,1
9789,友寒服猶未,1
9790,寒服猶未成,1
9791,服猶未成繁,1
9792,猶未成繁霜,1
9793,未成繁霜漸,1
9794,成繁霜漸將,1
9795,繁霜漸將厚,1
9796,霜漸將厚吉,1
9797,漸將厚吉凶,1
9798,將厚吉凶問,1
9799,厚吉凶問詹,1
9800,吉凶問詹尹,1
9801,凶問詹尹倚,1
9802,問詹尹倚伏,1
9803,詹尹倚伏信,1
9804,尹倚伏信北,1
9805,倚伏信北叟,1
9806,伏信北叟鬼,1
9807,信北叟鬼哭,1
9808,北叟鬼哭知,1
9809,叟鬼哭知己,1
9810,鬼哭知己冤,1
9811,哭知己冤鳥,1
9812,知己冤鳥言,1
9813,己冤鳥言誠,1
9814,冤鳥言誠所,1
9815,鳥言誠所誘,1
9816,言誠所誘諸,1
9817,誠所誘諸公,1
9818,所誘諸公深,1
9819,誘諸公深惠,1
9820,諸公深惠愛,1
9821,公深惠愛朝,1
9822,深惠愛朝夕,1
9823,惠愛朝夕相,1
9824,愛朝夕相左,1
9825,朝夕相左右,1
9826,夕相左右束,1
9827,相左右束濕,1
9828,左右束濕雖,1
9829,右束濕雖欲,1
9830,束濕雖欲操,1
9831,濕雖欲操鉤,1
9832,雖欲操鉤金,1
9833,欲操鉤金庶,1
9834,操鉤金庶無,1
9835,鉤金庶無負,1
9836,金庶無負傷,1
9837,庶無負傷羅,1
9838,無負傷羅念,1
9839,負傷羅念搖,1
9840,傷羅念搖翮,1
9841,羅念搖翮踠,1
9842,念搖翮踠足,1
9843,搖翮踠足思,1
9844,翮踠足思驤,1
9845,踠足思驤首,1
9846,足思驤首瑾,1
9847,思驤首瑾瑜,1
9848,驤首瑾瑜頗,1
9849,首瑾瑜頗匿,1
9850,瑾瑜頗匿瑕,1
9851,瑜頗匿瑕邦,1
9852,頗匿瑕邦國,1
9853,匿瑕邦國方,1
9854,瑕邦國方含,1
9855,邦國方含垢,1
9856,國方含垢眷,1
9857,方含垢眷言,1
9858,含垢眷言出,1
9859,垢眷言出深,1
9860,眷言出深阱,1
9861,言出深阱永,1
9862,出深阱永日,1
9863,深阱永日常,1
9864,阱永日常攜,1
9865,永日常攜手,1
9866,日常攜手北,1
9867,常攜手北伐,1
9868,攜手北伐昧,1
9869,手北伐昧天,1
9870,北伐昧天造,1
9871,伐昧天造王,1
9872,昧天造王師,1
9873,天造王師示,1
9874,造王師示有,1
9875,王師示有征,1
9876,師示有征轅,1
9877,示有征轅門,1
9878,有征轅門統,1
9879,征轅門統元,1
9880,轅門統元律,1
9881,門統元律帝,1
9882,統元律帝室,1
9883,元律帝室命,1
9884,律帝室命宗,1
9885,帝室命宗英,1
9886,室命宗英靈,1
9887,命宗英靈威,1
9888,宗英靈威方,1
9889,英靈威方首,1
9890,靈威方首事,1
9891,威方首事仗,1
9892,方首事仗鉞,1
9893,首事仗鉞按,1
9894,事仗鉞按邊,1
9895,仗鉞按邊城,1
9896,鉞按邊城膏,1
9897,按邊城膏雨,1
9898,邊城膏雨被,1
9899,城膏雨被春,1
9900,膏雨被春草,1
9901,雨被春草黃,1
9902,被春草黃雲,1
9903,春草黃雲浮,1
9904,草黃雲浮太,1
9905,黃雲浮太清,1
9906,雲浮太清文,1
9907,浮太清文儒,1
9908,太清文儒托,1
9909,清文儒托後,1
9910,文儒托後乘,1
9911,儒托後乘武,1
9912,托後乘武旅,1
9913,後乘武旅趨,1
9914,乘武旅趨前,1
9915,武旅趨前旌,1
9916,旅趨前旌出,1
9917,趨前旌出車,1
9918,前旌出車發,1
9919,旌出車發西,1
9920,出車發西洛,1
9921,車發西洛營,1
9922,發西洛營軍,1
9923,西洛營軍臨,1
9924,洛營軍臨北,1
9925,營軍臨北平,1
9926,軍臨北平曰,1
9927,臨北平曰予,1
9928,北平曰予深,1
9929,平曰予深固,1
9930,曰予深固陋,1
9931,予深固陋志,1
9932,深固陋志氣,1
9933,固陋志氣頗,1
9934,陋志氣頗縱,1
9935,志氣頗縱橫,1
9936,氣頗縱橫嘗,1
9937,頗縱橫嘗思,1
9938,縱橫嘗思驃,1
9939,橫嘗思驃騎,1
9940,嘗思驃騎幕,1
9941,思驃騎幕願,1
9942,驃騎幕願逐,1
9943,騎幕願逐嫖,1
9944,幕願逐嫖姚,1
9945,願逐嫖姚兵,1
9946,逐嫖姚兵惟,1
9947,嫖姚兵惟賢,1
9948,姚兵惟賢美,1
9949,兵惟賢美無,1
9950,惟賢美無度,1
9951,賢美無度海,1
9952,美無度海內,1
9953,無度海內依,1
9954,度海內依揚,1
9955,海內依揚聲,1
9956,內依揚聲河,1
9957,依揚聲河間,1
9958,揚聲河間舊,1
9959,聲河間舊相,1
9960,河間舊相許,1
9961,間舊相許車,1
9962,舊相許車騎,1
9963,相許車騎日,1
9964,許車騎日逢,1
9965,車騎日逢迎,1
9966,騎日逢迎折,1
9967,日逢迎折節,1
9968,逢迎折節下,1
9969,迎折節下謀,1
9970,折節下謀士,1
9971,節下謀士深,1
9972,下謀士深心,1
9973,謀士深心論,1
9974,士深心論客,1
9975,深心論客卿,1
9976,心論客卿忠,1
9977,論客卿忠言,1
9978,客卿忠言雖,1
9979,卿忠言雖未,1
9980,忠言雖未列,1
9981,言雖未列庶,1
9982,雖未列庶以,1
9983,未列庶以知,1
9984,列庶以知君,1
9985,庶以知君誠,1
9986,以知君誠高,1
9987,知君誠高高,1
9988,君誠高高琅,1
9989,誠高高琅琊,1
9990,高高琅琊台,1
9991,高琅琊台台,1
9992,琅琊台台下,1
9993,琊台台下生,1
9994,台台下生菌,1
9995,台下生菌簵,1
9996,下生菌簵照,1
9997,生菌簵照車,1
9998,菌簵照車十,1
9999,簵照車十二,1
10000,照車十二乘,1
10001,車十二乘光,1
10002,十二乘光彩,1
10003,二乘光彩不,1
10004,乘光彩不足,1
10005,光彩不足諭,1
10006,彩不足諭既,1
10007,不足諭既當,1
10008,足諭既當少,1
10009,諭既當少微,1
10010,既當少微星,1
10011,當少微星複,1
10012,少微星複隱,1
10013,微星複隱高,1
10014,星複隱高山,1
10015,複隱高山霧,1
10016,隱高山霧金,1
10017,高山霧金丘,1
10018,山霧金丘華,1
10019,霧金丘華陽,1
10020,金丘華陽下,1
10021,丘華陽下仙,1
10022,華陽下仙伯,1
10023,陽下仙伯養,1
10024,下仙伯養晦,1
10025,仙伯養晦處,1
10026,伯養晦處茅,1
10027,養晦處茅茨,1
10028,晦處茅茨對,1
10029,處茅茨對三,1
10030,茅茨對三峰,1
10031,茨對三峰梧,1
10032,對三峰梧桐,1
10033,三峰梧桐開,1
10034,峰梧桐開一,1
10035,梧桐開一路,1
10036,桐開一路神,1
10037,開一路神溪,1
10038,一路神溪繞,1
10039,路神溪繞皋,1
10040,神溪繞皋陸,1
10041,溪繞皋陸樵,1
10042,繞皋陸樵牧,1
10043,皋陸樵牧自,1
10044,陸樵牧自成,1
10045,樵牧自成趣,1
10046,牧自成趣時,1
10047,自成趣時登,1
10048,成趣時登青,1
10049,趣時登青冥,1
10050,時登青冥遊,1
10051,登青冥遊若,1
10052,青冥遊若從,1
10053,冥遊若從天,1
10054,遊若從天江,1
10055,若從天江度,1
10056,從天江度墟,1
10057,天江度墟裏,1
10058,江度墟裏獻,1
10059,度墟裏獻薇,1
10060,墟裏獻薇蕨,1
10061,裏獻薇蕨群,1
10062,獻薇蕨群公,1
10063,薇蕨群公致,1
10064,蕨群公致衣,1
10065,群公致衣縷,1
10066,公致衣縷深,1
10067,致衣縷深沉,1
10068,衣縷深沉複,1
10069,縷深沉複清,1
10070,深沉複清淨,1
10071,沉複清淨偃,1
10072,複清淨偃仰,1
10073,清淨偃仰視,1
10074,淨偃仰視太,1
10075,偃仰視太素,1
10076,仰視太素猛,1
10077,視太素猛獸,1
10078,太素猛獸識,1
10079,素猛獸識賓,1
10080,猛獸識賓僕,1
10081,獸識賓僕赬,1
10082,識賓僕赬霞,1
10083,賓僕赬霞知,1
10084,僕赬霞知早,1
10085,赬霞知早暮,1
10086,霞知早暮峨,1
10087,知早暮峨峨,1
10088,早暮峨峨雲,1
10089,暮峨峨雲龍,1
10090,峨峨雲龍開,1
10091,峨雲龍開忽,1
10092,雲龍開忽有,1
10093,龍開忽有方,1
10094,開忽有方伯,1
10095,忽有方伯遇,1
10096,有方伯遇達,1
10097,方伯遇達人,1
10098,伯遇達人無,1
10099,遇達人無不,1
10100,達人無不可,1
10101,人無不可壯,1
10102,無不可壯志,1
10103,不可壯志且,1
10104,可壯志且馳,1
10105,壯志且馳騖,1
10106,志且馳騖融,1
10107,且馳騖融泄,1
10108,馳騖融泄長,1
10109,騖融泄長雞,1
10110,融泄長雞鳴,1
10111,泄長雞鳴演,1
10112,長雞鳴演紛,1
10113,雞鳴演紛大,1
10114,鳴演紛大鵬,1
10115,演紛大鵬翥,1
10116,紛大鵬翥赤,1
10117,大鵬翥赤墀,1
10118,鵬翥赤墀高,1
10119,翥赤墀高崱,1
10120,赤墀高崱屴,1
10121,墀高崱屴一,1
10122,高崱屴一見,1
10123,崱屴一見如,1
10124,屴一見如三,1
10125,一見如三顧,1
10126,見如三顧禮,1
10127,如三顧禮服,1
10128,三顧禮服正,1
10129,顧禮服正邦,1
10130,禮服正邦祀,1
10131,服正邦祀刑,1
10132,正邦祀刑冠,1
10133,邦祀刑冠肅,1
10134,祀刑冠肅王,1
10135,刑冠肅王度,1
10136,冠肅王度三,1
10137,肅王度三辰,1
10138,王度三辰明,1
10139,度三辰明昭,1
10140,三辰明昭代,1
10141,辰明昭代光,1
10142,明昭代光啟,1
10143,昭代光啟玄,1
10144,代光啟玄元,1
10145,光啟玄元祚,1
10146,啟玄元祚章,1
10147,玄元祚章台,1
10148,元祚章台收,1
10149,祚章台收杞,1
10150,章台收杞梓,1
10151,台收杞梓太,1
10152,收杞梓太液,1
10153,杞梓太液滿,1
10154,梓太液滿鵷,1
10155,太液滿鵷鷺,1
10156,液滿鵷鷺豐,1
10157,滿鵷鷺豐澤,1
10158,鵷鷺豐澤耀,1
10159,鷺豐澤耀純,1
10160,豐澤耀純仁,1
10161,澤耀純仁八,1
10162,耀純仁八方,1
10163,純仁八方晏,1
10164,仁八方晏黔,1
10165,八方晏黔庶,1
10166,方晏黔庶沉,1
10167,晏黔庶沉沉,1
10168,黔庶沉沉閶,1
10169,庶沉沉閶闔,1
10170,沉沉閶闔起,1
10171,沉閶闔起殷,1
10172,閶闔起殷殷,1
10173,闔起殷殷蓬,1
10174,起殷殷蓬萊,1
10175,殷殷蓬萊曙,1
10176,殷蓬萊曙旌,1
10177,蓬萊曙旌戟,1
10178,萊曙旌戟儼,1
10179,曙旌戟儼成,1
10180,旌戟儼成行,1
10181,戟儼成行雞,1
10182,儼成行雞人,1
10183,成行雞人傳,1
10184,行雞人傳發,1
10185,雞人傳發煦,1
10186,人傳發煦翔,1
10187,傳發煦翔翼,1
10188,發煦翔翼一,1
10189,煦翔翼一如,1
10190,翔翼一如鶚,1
10191,翼一如鶚百,1
10192,一如鶚百辟,1
10193,如鶚百辟莫,1
10194,鶚百辟莫不,1
10195,百辟莫不懼,1
10196,辟莫不懼清,1
10197,莫不懼清廟,1
10198,不懼清廟奉,1
10199,懼清廟奉烝,1
10200,清廟奉烝嘗,1
10201,廟奉烝嘗靈,1
10202,奉烝嘗靈山,1
10203,烝嘗靈山扈,1
10204,嘗靈山扈鑾,1
10205,靈山扈鑾輅,1
10206,山扈鑾輅天,1
10207,扈鑾輅天街,1
10208,鑾輅天街時,1
10209,輅天街時蹴,1
10210,天街時蹴踘,1
10211,街時蹴踘直,1
10212,時蹴踘直指,1
10213,蹴踘直指宴,1
10214,踘直指宴梐,1
10215,直指宴梐枑,1
10216,指宴梐枑四,1
10217,宴梐枑四月,1
10218,梐枑四月純,1
10219,枑四月純陽,1
10220,四月純陽初,1
10221,月純陽初雷,1
10222,純陽初雷雨,1
10223,陽初雷雨始,1
10224,初雷雨始奮,1
10225,雷雨始奮豫,1
10226,雨始奮豫逆,1
10227,始奮豫逆星,1
10228,奮豫逆星孛,1
10229,豫逆星孛皇,1
10230,逆星孛皇極,1
10231,星孛皇極鈇,1
10232,孛皇極鈇鑕,1
10233,皇極鈇鑕靜,1
10234,極鈇鑕靜天,1
10235,鈇鑕靜天步,1
10236,鑕靜天步酆,1
10237,靜天步酆鎬,1
10238,天步酆鎬舒,1
10239,步酆鎬舒曜,1
10240,酆鎬舒曜靈,1
10241,鎬舒曜靈干,1
10242,舒曜靈干戈,1
10243,曜靈干戈藏,1
10244,靈干戈藏武,1
10245,干戈藏武庫,1
10246,戈藏武庫析,1
10247,藏武庫析增,1
10248,武庫析增廣,1
10249,庫析增廣運,1
10250,析增廣運直,1
10251,增廣運直道,1
10252,廣運直道有,1
10253,運直道有好,1
10254,直道有好惡,1
10255,道有好惡回,1
10256,有好惡回跡,1
10257,好惡回跡清,1
10258,惡回跡清憲,1
10259,回跡清憲台,1
10260,跡清憲台傳,1
10261,清憲台傳騎,1
10262,憲台傳騎東,1
10263,台傳騎東南,1
10264,傳騎東南去,1
10265,騎東南去列,1
10266,東南去列城,1
10267,南去列城異,1
10268,去列城異疇,1
10269,列城異疇昔,1
10270,城異疇昔近,1
10271,異疇昔近餞,1
10272,疇昔近餞寡,1
10273,昔近餞寡徒,1
10274,近餞寡徒禦,1
10275,餞寡徒禦纏,1
10276,寡徒禦纏綿,1
10277,徒禦纏綿西,1
10278,禦纏綿西關,1
10279,纏綿西關道,1
10280,綿西關道婉,1
10281,西關道婉孌,1
10282,關道婉孌新,1
10283,道婉孌新豐,1
10284,婉孌新豐樹,1
10285,孌新豐樹伊,1
10286,新豐樹伊洛,1
10287,豐樹伊洛不,1
10288,樹伊洛不敢,1
10289,伊洛不敢息,1
10290,洛不敢息淮,1
10291,不敢息淮河,1
10292,敢息淮河任,1
10293,息淮河任沿,1
10294,淮河任沿溯,1
10295,河任沿溯鄉,1
10296,任沿溯鄉亭,1
10297,沿溯鄉亭茱,1
10298,溯鄉亭茱萸,1
10299,鄉亭茱萸津,1
10300,亭茱萸津先,1
10301,茱萸津先後,1
10302,萸津先後非,1
10303,津先後非疏,1
10304,先後非疏附,1
10305,後非疏附炎,1
10306,非疏附炎時,1
10307,疏附炎時方,1
10308,附炎時方怵,1
10309,炎時方怵惕,1
10310,時方怵惕有,1
10311,方怵惕有若,1
10312,怵惕有若踐,1
10313,惕有若踐霜,1
10314,有若踐霜露,1
10315,若踐霜露惆,1
10316,踐霜露惆悵,1
10317,霜露惆悵長,1
10318,露惆悵長岑,1
10319,惆悵長岑長,1
10320,悵長岑長寂,1
10321,長岑長寂寞,1
10322,岑長寂寞梁,1
10323,長寂寞梁王,1
10324,寂寞梁王傅,1
10325,寞梁王傅紛,1
10326,梁王傅紛吾,1
10327,王傅紛吾家,1
10328,傅紛吾家延,1
10329,紛吾家延州,1
10330,吾家延州結,1
10331,家延州結友,1
10332,延州結友在,1
10333,州結友在童,1
10334,結友在童孺,1
10335,友在童孺岑,1
10336,在童孺岑陽,1
10337,童孺岑陽沐,1
10338,孺岑陽沐天,1
10339,岑陽沐天德,1
10340,陽沐天德邦,1
10341,沐天德邦邑,1
10342,天德邦邑持,1
10343,德邦邑持民,1
10344,邦邑持民務,1
10345,邑持民務躑,1
10346,持民務躑躅,1
10347,民務躑躅望,1
10348,務躑躅望朝,1
10349,躑躅望朝陰,1
10350,躅望朝陰如,1
10351,望朝陰如何,1
10352,朝陰如何複,1
10353,陰如何複淪,1
10354,如何複淪誤,1
10355,何複淪誤牙,1
10356,複淪誤牙曠,1
10357,淪誤牙曠三,1
10358,誤牙曠三千,1
10359,牙曠三千里,1
10360,曠三千里擊,1
10361,三千里擊轅,1
10362,千里擊轅非,1
10363,里擊轅非所,1
10364,擊轅非所慕,1
10365,轅非所慕秋,1
10366,非所慕秋濤,1
10367,所慕秋濤聯,1
10368,慕秋濤聯滄,1
10369,秋濤聯滄溟,1
10370,濤聯滄溟舟,1
10371,聯滄溟舟楫,1
10372,滄溟舟楫湊,1
10373,溟舟楫湊北,1
10374,舟楫湊北固,1
10375,楫湊北固江,1
10376,湊北固江汜,1
10377,北固江汜日,1
10378,固江汜日綿,1
10379,江汜日綿眇,1
10380,汜日綿眇朝,1
10381,日綿眇朝夕,1
10382,綿眇朝夕空,1
10383,眇朝夕空寐,1
10384,朝夕空寐寤,1
10385,夕空寐寤中,1
10386,空寐寤中洞,1
10387,寐寤中洞松,1
10388,寤中洞松栝,1
10389,中洞松栝新,1
10390,洞松栝新東,1
10391,松栝新東皋,1
10392,栝新東皋阡,1
10393,新東皋阡陌,1
10394,東皋阡陌故,1
10395,皋阡陌故餘,1
10396,阡陌故餘輝,1
10397,陌故餘輝方,1
10398,故餘輝方焜,1
10399,餘輝方焜耀,1
10400,輝方焜耀可,1
10401,方焜耀可以,1
10402,焜耀可以歡,1
10403,耀可以歡邑,1
10404,可以歡邑聚,1
10405,以歡邑聚南,1
10406,歡邑聚南華,1
10407,邑聚南華在,1
10408,聚南華在濠,1
10409,南華在濠上,1
10410,華在濠上誰,1
10411,在濠上誰辯,1
10412,濠上誰辯魏,1
10413,上誰辯魏王,1
10414,誰辯魏王瓠,1
10415,辯魏王瓠登,1
10416,魏王瓠登陟,1
10417,王瓠登陟芙,1
10418,瓠登陟芙蓉,1
10419,登陟芙蓉樓,1
10420,陟芙蓉樓為,1
10421,芙蓉樓為我,1
10422,蓉樓為我時,1
10423,樓為我時一,1
10424,為我時一賦,1
10425,我時一賦夙,1
10426,時一賦夙駕,1
10427,一賦夙駕出,1
10428,賦夙駕出東,1
10429,夙駕出東城,1
10430,駕出東城城,1
10431,出東城城傍,1
10432,東城城傍早,1
10433,城城傍早霞,1
10434,城傍早霞散,1
10435,傍早霞散初,1
10436,早霞散初日,1
10437,霞散初日照,1
10438,散初日照龍,1
10439,初日照龍闕,1
10440,日照龍闕峨,1
10441,照龍闕峨峨,1
10442,龍闕峨峨在,1
10443,闕峨峨在天,1
10444,峨峨在天半,1
10445,峨在天半壯,1
10446,在天半壯哉,1
10447,天半壯哉麗,1
10448,半壯哉麗百,1
10449,壯哉麗百常,1
10450,哉麗百常美,1
10451,麗百常美矣,1
10452,百常美矣崇,1
10453,常美矣崇兩,1
10454,美矣崇兩觀,1
10455,矣崇兩觀俯,1
10456,崇兩觀俯視,1
10457,兩觀俯視趨,1
10458,觀俯視趨朝,1
10459,俯視趨朝客,1
10460,視趨朝客簪,1
10461,趨朝客簪佩,1
10462,朝客簪佩何,1
10463,客簪佩何璀,1
10464,簪佩何璀璨,1
10465,佩何璀璨而,1
10466,何璀璨而我,1
10467,璀璨而我送,1
10468,璨而我送將,1
10469,而我送將歸,1
10470,我送將歸裴,1
10471,送將歸裴回,1
10472,將歸裴回霸,1
10473,歸裴回霸陵,1
10474,裴回霸陵岸,1
10475,回霸陵岸北,1
10476,霸陵岸北雲,1
10477,陵岸北雲去,1
10478,岸北雲去吳,1
10479,北雲去吳越,1
10480,雲去吳越南,1
10481,去吳越南雁,1
10482,吳越南雁離,1
10483,越南雁離江,1
10484,南雁離江漢,1
10485,雁離江漢伊,1
10486,離江漢伊昔,1
10487,江漢伊昔蹈,1
10488,漢伊昔蹈丘,1
10489,伊昔蹈丘園,1
10490,昔蹈丘園翩,1
10491,蹈丘園翩翩,1
10492,丘園翩翩理,1
10493,園翩翩理文,1
10494,翩翩理文翰,1
10495,翩理文翰高,1
10496,理文翰高談,1
10497,文翰高談閔,1
10498,翰高談閔仲,1
10499,高談閔仲叔,1
10500,談閔仲叔逸,1
10501,閔仲叔逸氣,1
10502,仲叔逸氣劉,1
10503,叔逸氣劉公,1
10504,逸氣劉公幹,1
10505,氣劉公幹每,1
10506,劉公幹每言,1
10507,公幹每言竹,1
10508,幹每言竹柏,1
10509,每言竹柏貞,1
10510,言竹柏貞嘗,1
10511,竹柏貞嘗輕,1
10512,柏貞嘗輕朝,1
10513,貞嘗輕朝市,1
10514,嘗輕朝市玩,1
10515,輕朝市玩山,1
10516,朝市玩山晝,1
10517,市玩山晝猿,1
10518,玩山晝猿狖,1
10519,山晝猿狖靜,1
10520,晝猿狖靜溪,1
10521,猿狖靜溪曛,1
10522,狖靜溪曛魚,1
10523,靜溪曛魚鳥,1
10524,溪曛魚鳥亂,1
10525,曛魚鳥亂寧,1
10526,魚鳥亂寧止,1
10527,鳥亂寧止臥,1
10528,亂寧止臥崆,1
10529,寧止臥崆峒,1
10530,止臥崆峒直,1
10531,臥崆峒直雲,1
10532,崆峒直雲期,1
10533,峒直雲期汗,1
10534,直雲期汗漫,1
10535,雲期汗漫聖,1
10536,期汗漫聖君,1
10537,汗漫聖君既,1
10538,漫聖君既理,1
10539,聖君既理曆,1
10540,君既理曆族,1
10541,既理曆族士,1
10542,理曆族士咸,1
10543,曆族士咸炳,1
10544,族士咸炳煥,1
10545,士咸炳煥矯,1
10546,咸炳煥矯首,1
10547,炳煥矯首來,1
10548,煥矯首來天,1
10549,矯首來天池,1
10550,首來天池振,1
10551,來天池振羽,1
10552,天池振羽泛,1
10553,池振羽泛漪,1
10554,振羽泛漪瀾,1
10555,羽泛漪瀾元,1
10556,泛漪瀾元淑,1
10557,漪瀾元淑命,1
10558,瀾元淑命不,1
10559,元淑命不達,1
10560,淑命不達伯,1
10561,命不達伯鸞,1
10562,不達伯鸞吟,1
10563,達伯鸞吟可,1
10564,伯鸞吟可歎,1
10565,鸞吟可歎東,1
10566,吟可歎東去,1
10567,可歎東去姑,1
10568,歎東去姑蘇,1
10569,東去姑蘇台,1
10570,去姑蘇台乃,1
10571,姑蘇台乃過,1
10572,蘇台乃過陟,1
10573,台乃過陟陽,1
10574,乃過陟陽館,1
10575,過陟陽館舍,1
10576,陟陽館舍轡,1
10577,陽館舍轡函,1
10578,館舍轡函關,1
10579,舍轡函關道,1
10580,轡函關道浮,1
10581,函關道浮舟,1
10582,關道浮舟滄,1
10583,道浮舟滄海,1
10584,浮舟滄海畔,1
10585,舟滄海畔耳,1
10586,滄海畔耳目,1
10587,海畔耳目曠,1
10588,畔耳目曠暄,1
10589,耳目曠暄涼,1
10590,目曠暄涼懷,1
10591,曠暄涼懷抱,1
10592,暄涼懷抱盈,1
10593,涼懷抱盈悲,1
10594,懷抱盈悲惋,1
10595,抱盈悲惋沉,1
10596,盈悲惋沉沉,1
10597,悲惋沉沉青,1
10598,惋沉沉青歲,1
10599,沉沉青歲晚,1
10600,沉青歲晚靄,1
10601,青歲晚靄靄,1
10602,歲晚靄靄秋,1
10603,晚靄靄秋雲,1
10604,靄靄秋雲換,1
10605,靄秋雲換自,1
10606,秋雲換自言,1
10607,雲換自言永,1
10608,換自言永遁,1
10609,自言永遁棲,1
10610,言永遁棲無,1
10611,永遁棲無複,1
10612,遁棲無複從,1
10613,棲無複從羈,1
10614,無複從羈絆,1
10615,複從羈絆揮,1
10616,從羈絆揮手,1
10617,羈絆揮手謝,1
10618,絆揮手謝知,1
10619,揮手謝知己,1
10620,手謝知己知,1
10621,謝知己知己,1
10622,知己知己莫,1
10623,己知己莫能,1
10624,知己莫能贊,1
10625,己莫能贊恍,1
10626,莫能贊恍惚,1
10627,能贊恍惚登,1
10628,贊恍惚登高,1
10629,恍惚登高嶺,1
10630,惚登高嶺裴,1
10631,登高嶺裴回,1
10632,高嶺裴回看,1
10633,嶺裴回看落,1
10634,裴回看落日,1
10635,回看落日遙,1
10636,看落日遙想,1
10637,落日遙想仲,1
10638,日遙想仲長,1
10639,遙想仲長園,1
10640,想仲長園如,1
10641,仲長園如親,1
10642,長園如親幼,1
10643,園如親幼安,1
10644,如親幼安室,1
10645,親幼安室春,1
10646,幼安室春渚,1
10647,安室春渚菖,1
10648,室春渚菖蒲,1
10649,春渚菖蒲登,1
10650,渚菖蒲登山,1
10651,菖蒲登山中,1
10652,蒲登山中撥,1
10653,登山中撥穀,1
10654,山中撥穀鳴,1
10655,中撥穀鳴相,1
10656,撥穀鳴相思,1
10657,穀鳴相思不,1
10658,鳴相思不道,1
10659,相思不道遠,1
10660,思不道遠太,1
10661,不道遠太息,1
10662,道遠太息未,1
10663,遠太息未知,1
10664,太息未知情,1
10665,息未知情意,1
10666,未知情意君,1
10667,知情意君來,1
10668,情意君來此,1
10669,意君來此地,1
10670,君來此地時,1
10671,來此地時複,1
10672,此地時複疏,1
10673,地時複疏林,1
10674,時複疏林薄,1
10675,複疏林薄中,1
10676,疏林薄中夜,1
10677,林薄中夜掃,1
10678,薄中夜掃閑,1
10679,中夜掃閑門,1
10680,夜掃閑門迎,1
10681,掃閑門迎晨,1
10682,閑門迎晨閉,1
10683,門迎晨閉菌,1
10684,迎晨閉菌閣,1
10685,晨閉菌閣屣,1
10686,閉菌閣屣履,1
10687,菌閣屣履清,1
10688,閣屣履清池,1
10689,屣履清池上,1
10690,履清池上家,1
10691,清池上家童,1
10692,池上家童奉,1
10693,上家童奉信,1
10694,家童奉信歸,1
10695,童奉信歸憂,1
10696,奉信歸憂隨,1
10697,信歸憂隨落,1
10698,歸憂隨落花,1
10699,憂隨落花散,1
10700,隨落花散目,1
10701,落花散目送,1
10702,花散目送歸,1
10703,散目送歸雲,1
10704,目送歸雲飛,1
10705,送歸雲飛故,1
10706,歸雲飛故交,1
10707,雲飛故交在,1
10708,飛故交在天,1
10709,故交在天末,1
10710,交在天末心,1
10711,在天末心知,1
10712,天末心知複,1
10713,末心知複千,1
10714,心知複千里,1
10715,知複千里無,1
10716,複千里無人,1
10717,千里無人暫,1
10718,里無人暫往,1
10719,無人暫往來,1
10720,人暫往來獨,1
10721,暫往來獨作,1
10722,往來獨作中,1
10723,來獨作中林,1
10724,獨作中林士,1
10725,作中林士故,1
10726,中林士故園,1
10727,林士故園至,1
10728,士故園至新,1
10729,故園至新浦,1
10730,園至新浦遙,1
10731,至新浦遙複,1
10732,新浦遙複未,1
10733,浦遙複未百,1
10734,遙複未百里,1
10735,複未百里北,1
10736,未百里北望,1
10737,百里北望是,1
10738,里北望是他,1
10739,北望是他邦,1
10740,望是他邦紛,1
10741,是他邦紛吾,1
10742,他邦紛吾即,1
10743,邦紛吾即遊,1
10744,紛吾即遊士,1
10745,吾即遊士潮,1
10746,即遊士潮來,1
10747,遊士潮來津,1
10748,士潮來津門,1
10749,潮來津門啟,1
10750,來津門啟罷,1
10751,津門啟罷楫,1
10752,門啟罷楫信,1
10753,啟罷楫信流,1
10754,罷楫信流水,1
10755,楫信流水客,1
10756,信流水客意,1
10757,流水客意乃,1
10758,水客意乃成,1
10759,客意乃成歡,1
10760,意乃成歡舟,1
10761,乃成歡舟人,1
10762,成歡舟人亦,1
10763,歡舟人亦相,1
10764,舟人亦相喜,1
10765,人亦相喜遲,1
10766,亦相喜遲遲,1
10767,相喜遲遲菱,1
10768,喜遲遲菱荇,1
10769,遲遲菱荇上,1
10770,遲菱荇上泛,1
10771,菱荇上泛泛,1
10772,荇上泛泛菰,1
10773,上泛泛菰蒲,1
10774,泛泛菰蒲裏,1
10775,泛菰蒲裏漸,1
10776,菰蒲裏漸聞,1
10777,蒲裏漸聞商,1
10778,裏漸聞商旅,1
10779,漸聞商旅喧,1
10780,聞商旅喧猶,1
10781,商旅喧猶見,1
10782,旅喧猶見鳧,1
10783,喧猶見鳧鷖,1
10784,猶見鳧鷖起,1
10785,見鳧鷖起市,1
10786,鳧鷖起市亭,1
10787,鷖起市亭忽,1
10788,起市亭忽雲,1
10789,市亭忽雲構,1
10790,亭忽雲構方,1
10791,忽雲構方物,1
10792,雲構方物如,1
10793,構方物如山,1
10794,方物如山峙,1
10795,物如山峙吳,1
10796,如山峙吳王,1
10797,山峙吳王昔,1
10798,峙吳王昔喪,1
10799,吳王昔喪元,1
10800,王昔喪元隋,1
10801,昔喪元隋帝,1
10802,喪元隋帝又,1
10803,元隋帝又滅,1
10804,隋帝又滅祀,1
10805,帝又滅祀停,1
10806,又滅祀停艫,1
10807,滅祀停艫一,1
10808,祀停艫一以,1
10809,停艫一以眺,1
10810,艫一以眺太,1
10811,一以眺太息,1
10812,以眺太息興,1
10813,眺太息興亡,1
10814,太息興亡理,1
10815,息興亡理秋,1
10816,興亡理秋苑,1
10817,亡理秋苑故,1
10818,理秋苑故池,1
10819,秋苑故池田,1
10820,苑故池田宮,1
10821,故池田宮門,1
10822,池田宮門新,1
10823,田宮門新柳,1
10824,宮門新柳杞,1
10825,門新柳杞我,1
10826,新柳杞我行,1
10827,柳杞我行苦,1
10828,杞我行苦炎,1
10829,我行苦炎月,1
10830,行苦炎月乃,1
10831,苦炎月乃及,1
10832,炎月乃及清,1
10833,月乃及清昊,1
10834,乃及清昊始,1
10835,及清昊始此,1
10836,清昊始此地,1
10837,昊始此地日,1
10838,始此地日逢,1
10839,此地日逢迎,1
10840,地日逢迎終,1
10841,日逢迎終思,1
10842,逢迎終思隱,1
10843,迎終思隱君,1
10844,終思隱君子,1
10845,思隱君子莫,1
10846,隱君子莫言,1
10847,君子莫言異,1
10848,子莫言異舒,1
10849,莫言異舒卷,1
10850,言異舒卷形,1
10851,異舒卷形音,1
10852,舒卷形音在,1
10853,卷形音在心,1
10854,形音在心耳,1
10855,音在心耳高,1
10856,在心耳高第,1
10857,心耳高第後,1
10858,耳高第後歸,1
10859,高第後歸道,1
10860,第後歸道乃,1
10861,後歸道乃居,1
10862,歸道乃居玉,1
10863,道乃居玉華,1
10864,乃居玉華宮,1
10865,居玉華宮逍,1
10866,玉華宮逍遙,1
10867,華宮逍遙人,1
10868,宮逍遙人間,1
10869,逍遙人間世,1
10870,遙人間世不,1
10871,人間世不異,1
10872,間世不異浮,1
10873,世不異浮丘,1
10874,不異浮丘公,1
10875,異浮丘公甘,1
10876,浮丘公甘寢,1
10877,丘公甘寢何,1
10878,公甘寢何秉,1
10879,甘寢何秉羽,1
10880,寢何秉羽出,1
10881,何秉羽出門,1
10882,秉羽出門忽,1
10883,羽出門忽從,1
10884,出門忽從戎,1
10885,門忽從戎方,1
10886,忽從戎方將,1
10887,從戎方將遊,1
10888,戎方將遊昆,1
10889,方將遊昆侖,1
10890,將遊昆侖又,1
10891,遊昆侖又欲,1
10892,昆侖又欲小,1
10893,侖又欲小崆,1
10894,又欲小崆峒,1
10895,欲小崆峒進,1
10896,小崆峒進退,1
10897,崆峒進退既,1
10898,峒進退既在,1
10899,進退既在我,1
10900,退既在我歸,1
10901,既在我歸來,1
10902,在我歸來長,1
10903,我歸來長安,1
10904,歸來長安中,1
10905,來長安中焚,1
10906,長安中焚香,1
10907,安中焚香東,1
10908,中焚香東海,1
10909,焚香東海君,1
10910,香東海君侍,1
10911,東海君侍坐,1
10912,海君侍坐西,1
10913,君侍坐西山,1
10914,侍坐西山童,1
10915,坐西山童善,1
10916,西山童善行,1
10917,山童善行無,1
10918,童善行無轍,1
10919,善行無轍跡,1
10920,行無轍跡吾,1
10921,無轍跡吾亦,1
10922,轍跡吾亦安,1
10923,跡吾亦安能,1
10924,吾亦安能窮,1
10925,亦安能窮但,1
10926,安能窮但見,1
10927,能窮但見神,1
10928,窮但見神色,1
10929,但見神色閑,1
10930,見神色閑中,1
10931,神色閑中心,1
10932,色閑中心如,1
10933,閑中心如虛,1
10934,中心如虛空,1
10935,心如虛空期,1
10936,如虛空期之,1
10937,虛空期之比,1
10938,空期之比天,1
10939,期之比天老,1
10940,之比天老真,1
10941,比天老真德,1
10942,天老真德輔,1
10943,老真德輔帝,1
10944,真德輔帝鴻,1
10945,德輔帝鴻清,1
10946,輔帝鴻清旦,1
10947,帝鴻清旦曆,1
10948,鴻清旦曆香,1
10949,清旦曆香岩,1
10950,旦曆香岩岩,1
10951,曆香岩岩徑,1
10952,香岩岩徑紆,1
10953,岩岩徑紆複,1
10954,岩徑紆複直,1
10955,徑紆複直花,1
10956,紆複直花林,1
10957,複直花林開,1
10958,直花林開宿,1
10959,花林開宿霧,1
10960,林開宿霧遊,1
10961,開宿霧遊目,1
10962,宿霧遊目清,1
10963,霧遊目清霄,1
10964,遊目清霄極,1
10965,目清霄極分,1
10966,清霄極分明,1
10967,霄極分明窗,1
10968,極分明窗戶,1
10969,分明窗戶中,1
10970,明窗戶中遠,1
10971,窗戶中遠近,1
10972,戶中遠近山,1
10973,中遠近山川,1
10974,遠近山川色,1
10975,近山川色金,1
10976,山川色金沙,1
10977,川色金沙童,1
10978,色金沙童子,1
10979,金沙童子戲,1
10980,沙童子戲香,1
10981,童子戲香飯,1
10982,子戲香飯諸,1
10983,戲香飯諸天,1
10984,香飯諸天食,1
10985,飯諸天食叫,1
10986,諸天食叫叫,1
10987,天食叫叫海,1
10988,食叫叫海鴻,1
10989,叫叫海鴻聲,1
10990,叫海鴻聲軒,1
10991,海鴻聲軒軒,1
10992,鴻聲軒軒江,1
10993,聲軒軒江燕,1
10994,軒軒江燕翼,1
10995,軒江燕翼寄,1
10996,江燕翼寄言,1
10997,燕翼寄言清,1
10998,翼寄言清淨,1
10999,寄言清淨者,1
11000,言清淨者閭,1
11001,清淨者閭閻,1
11002,淨者閭閻徒,1
11003,者閭閻徒自,1
11004,閭閻徒自踣,1
11005,閻徒自踣下,1
11006,徒自踣下位,1
11007,自踣下位日,1
11008,踣下位日趨,1
11009,下位日趨走,1
11010,位日趨走久,1
11011,日趨走久之,1
11012,趨走久之賓,1
11013,走久之賓會,1
11014,久之賓會疏,1
11015,之賓會疏空,1
11016,賓會疏空遲,1
11017,會疏空遲偶,1
11018,疏空遲偶詞,1
11019,空遲偶詞賦,1
11020,遲偶詞賦所,1
11021,偶詞賦所愧,1
11022,詞賦所愧比,1
11023,賦所愧比園,1
11024,所愧比園廬,1
11025,愧比園廬朝,1
11026,比園廬朝念,1
11027,園廬朝念池,1
11028,廬朝念池上,1
11029,朝念池上酌,1
11030,念池上酌暮,1
11031,池上酌暮逢,1
11032,上酌暮逢林,1
11033,酌暮逢林下,1
11034,暮逢林下書,1
11035,逢林下書方,1
11036,林下書方將,1
11037,下書方將固,1
11038,書方將固封,1
11039,方將固封守,1
11040,將固封守暫,1
11041,固封守暫欲,1
11042,封守暫欲混,1
11043,守暫欲混畋,1
11044,暫欲混畋漁,1
11045,欲混畋漁衰,1
11046,混畋漁衰柳,1
11047,畋漁衰柳隱,1
11048,漁衰柳隱長,1
11049,衰柳隱長路,1
11050,柳隱長路秋,1
11051,隱長路秋雲,1
11052,長路秋雲滿,1
11053,路秋雲滿太,1
11054,秋雲滿太虛,1
11055,雲滿太虛遙,1
11056,滿太虛遙遙,1
11057,太虛遙遙望,1
11058,虛遙遙望左,1
11059,遙遙望左右,1
11060,遙望左右日,1
11061,望左右日入,1
11062,左右日入未,1
11063,右日入未回,1
11064,日入未回車,1
11065,入未回車日,1
11066,未回車日入,1
11067,回車日入清,1
11068,車日入清風,1
11069,日入清風至,1
11070,入清風至知,1
11071,清風至知君,1
11072,風至知君在,1
11073,至知君在西,1
11074,知君在西偏,1
11075,君在西偏車,1
11076,在西偏車輿,1
11077,西偏車輿既,1
11078,偏車輿既成,1
11079,車輿既成列,1
11080,輿既成列賓,1
11081,既成列賓僕,1
11082,成列賓僕複,1
11083,列賓僕複能,1
11084,賓僕複能賢,1
11085,僕複能賢迢,1
11086,複能賢迢遞,1
11087,能賢迢遞下,1
11088,賢迢遞下墟,1
11089,迢遞下墟阪,1
11090,遞下墟阪逍,1
11091,下墟阪逍遙,1
11092,墟阪逍遙看,1
11093,阪逍遙看井,1
11094,逍遙看井田,1
11095,遙看井田蒼,1
11096,看井田蒼山,1
11097,井田蒼山起,1
11098,田蒼山起暮,1
11099,蒼山起暮雨,1
11100,山起暮雨極,1
11101,起暮雨極浦,1
11102,暮雨極浦浮,1
11103,雨極浦浮長,1
11104,極浦浮長煙,1
11105,浦浮長煙服,1
11106,浮長煙服義,1
11107,長煙服義大,1
11108,煙服義大如,1
11109,服義大如志,1
11110,義大如志交,1
11111,大如志交歡,1
11112,如志交歡數,1
11113,志交歡數盡,1
11114,交歡數盡年,1
11115,歡數盡年寧,1
11116,數盡年寧言,1
11117,盡年寧言十,1
11118,年寧言十餘,1
11119,寧言十餘裏,1
11120,言十餘裏不,1
11121,十餘裏不見,1
11122,餘裏不見空,1
11123,裏不見空來,1
11124,不見空來還,1
11125,見空來還初,1
11126,空來還初年,1
11127,來還初年雨,1
11128,還初年雨候,1
11129,初年雨候遲,1
11130,年雨候遲鞏,1
11131,雨候遲鞏洛,1
11132,候遲鞏洛河,1
11133,遲鞏洛河流,1
11134,鞏洛河流小,1
11135,洛河流小搖,1
11136,河流小搖搖,1
11137,流小搖搖芳,1
11138,小搖搖芳草,1
11139,搖搖芳草岸,1
11140,搖芳草岸屢,1
11141,芳草岸屢見,1
11142,草岸屢見春,1
11143,岸屢見春山,1
11144,屢見春山曉,1
11145,見春山曉清,1
11146,春山曉清露,1
11147,山曉清露洗,1
11148,曉清露洗雲,1
11149,清露洗雲林,1
11150,露洗雲林輕,1
11151,洗雲林輕波,1
11152,雲林輕波戲,1
11153,林輕波戲魚,1
11154,輕波戲魚鳥,1
11155,波戲魚鳥唯,1
11156,戲魚鳥唯言,1
11157,魚鳥唯言故,1
11158,鳥唯言故人,1
11159,唯言故人遠,1
11160,言故人遠不,1
11161,故人遠不念,1
11162,人遠不念鄉,1
11163,遠不念鄉川,1
11164,不念鄉川眇,1
11165,念鄉川眇舟,1
11166,鄉川眇舟楫,1
11167,川眇舟楫去,1
11168,眇舟楫去瀠,1
11169,舟楫去瀠回,1
11170,楫去瀠回湍,1
11171,去瀠回湍漵,1
11172,瀠回湍漵行,1
11173,回湍漵行奔,1
11174,湍漵行奔峭,1
11175,漵行奔峭寄,1
11176,行奔峭寄書,1
11177,奔峭寄書千,1
11178,峭寄書千里,1
11179,寄書千里路,1
11180,書千里路莫,1
11181,千里路莫道,1
11182,里路莫道南,1
11183,路莫道南鴻,1
11184,莫道南鴻少,1
11185,道南鴻少春,1
11186,南鴻少春風,1
11187,鴻少春風搖,1
11188,少春風搖雜,1
11189,春風搖雜樹,1
11190,風搖雜樹言,1
11191,搖雜樹言別,1
11192,雜樹言別還,1
11193,樹言別還江,1
11194,言別還江汜,1
11195,別還江汜堅,1
11196,還江汜堅冰,1
11197,江汜堅冰生,1
11198,汜堅冰生綠,1
11199,堅冰生綠潭,1
11200,冰生綠潭又,1
11201,生綠潭又客,1
11202,綠潭又客三,1
11203,潭又客三千,1
11204,又客三千里,1
11205,客三千里兆,1
11206,三千里兆夢,1
11207,千里兆夢唯,1
11208,里兆夢唯顏,1
11209,兆夢唯顏色,1
11210,夢唯顏色懸,1
11211,唯顏色懸情,1
11212,顏色懸情乃,1
11213,色懸情乃文,1
11214,懸情乃文史,1
11215,情乃文史滌,1
11216,乃文史滌耳,1
11217,文史滌耳貴,1
11218,史滌耳貴清,1
11219,滌耳貴清言,1
11220,耳貴清言披,1
11221,貴清言披歡,1
11222,清言披歡遲,1
11223,言披歡遲玉,1
11224,披歡遲玉趾,1
11225,歡遲玉趾秦,1
11226,遲玉趾秦城,1
11227,玉趾秦城疑,1
11228,趾秦城疑舊,1
11229,秦城疑舊廬,1
11230,城疑舊廬佇,1
11231,疑舊廬佇立,1
11232,舊廬佇立問,1
11233,廬佇立問焉,1
11234,佇立問焉如,1
11235,立問焉如稚,1
11236,問焉如稚子,1
11237,焉如稚子跪,1
11238,如稚子跪而,1
11239,稚子跪而說,1
11240,子跪而說還,1
11241,跪而說還山,1
11242,而說還山將,1
11243,說還山將隱,1
11244,還山將隱居,1
11245,山將隱居竹,1
11246,將隱居竹林,1
11247,隱居竹林既,1
11248,居竹林既深,1
11249,竹林既深遠,1
11250,林既深遠松,1
11251,既深遠松宇,1
11252,深遠松宇複,1
11253,遠松宇複清,1
11254,松宇複清虛,1
11255,宇複清虛跡,1
11256,複清虛跡迥,1
11257,清虛跡迥事,1
11258,虛跡迥事多,1
11259,跡迥事多逸,1
11260,迥事多逸心,1
11261,事多逸心安,1
11262,多逸心安趣,1
11263,逸心安趣有,1
11264,心安趣有餘,1
11265,安趣有餘石,1
11266,趣有餘石門,1
11267,有餘石門動,1
11268,餘石門動高,1
11269,石門動高韻,1
11270,門動高韻草,1
11271,動高韻草堂,1
11272,高韻草堂新,1
11273,韻草堂新著,1
11274,草堂新著書,1
11275,堂新著書鶱,1
11276,新著書鶱飛,1
11277,著書鶱飛久,1
11278,書鶱飛久超,1
11279,鶱飛久超絕,1
11280,飛久超絕蹇,1
11281,久超絕蹇足,1
11282,超絕蹇足空,1
11283,絕蹇足空躊,1
11284,蹇足空躊躇,1
11285,足空躊躇猶,1
11286,空躊躇猶有,1
11287,躊躇猶有昔,1
11288,躇猶有昔時,1
11289,猶有昔時意,1
11290,有昔時意望,1
11291,昔時意望君,1
11292,時意望君當,1
11293,意望君當照,1
11294,望君當照車,1
11295,君當照車驅,1
11296,當照車驅車,1
11297,照車驅車當,1
11298,車驅車當六,1
11299,驅車當六國,1
11300,車當六國何,1
11301,當六國何以,1
11302,六國何以須,1
11303,國何以須潛,1
11304,何以須潛默,1
11305,以須潛默聖,1
11306,須潛默聖主,1
11307,潛默聖主常,1
11308,默聖主常征,1
11309,聖主常征賢,1
11310,主常征賢群,1
11311,常征賢群公,1
11312,征賢群公每,1
11313,賢群公每舉,1
11314,群公每舉德,1
11315,公每舉德此,1
11316,每舉德此時,1
11317,舉德此時方,1
11318,德此時方獨,1
11319,此時方獨往,1
11320,時方獨往身,1
11321,方獨往身志,1
11322,獨往身志將,1
11323,往身志將何,1
11324,身志將何欲,1
11325,志將何欲願,1
11326,將何欲願謝,1
11327,何欲願謝山,1
11328,欲願謝山中,1
11329,願謝山中人,1
11330,謝山中人回,1
11331,山中人回車,1
11332,中人回車首,1
11333,人回車首歸,1
11334,回車首歸躅,1
11335,車首歸躅漢,1
11336,首歸躅漢皇,1
11337,歸躅漢皇思,1
11338,躅漢皇思舊,1
11339,漢皇思舊邑,1
11340,皇思舊邑秦,1
11341,思舊邑秦地,1
11342,舊邑秦地作,1
11343,邑秦地作新,1
11344,秦地作新豐,1
11345,地作新豐南,1
11346,作新豐南出,1
11347,新豐南出華,1
11348,豐南出華陽,1
11349,南出華陽路,1
11350,出華陽路西,1
11351,華陽路西分,1
11352,陽路西分長,1
11353,路西分長樂,1
11354,西分長樂宮,1
11355,分長樂宮安,1
11356,長樂宮安知,1
11357,樂宮安知天,1
11358,宮安知天地,1
11359,安知天地久,1
11360,知天地久不,1
11361,天地久不與,1
11362,地久不與昔,1
11363,久不與昔年,1
11364,不與昔年同,1
11365,與昔年同雞,1
11366,昔年同雞犬,1
11367,年同雞犬暮,1
11368,同雞犬暮聲,1
11369,雞犬暮聲合,1
11370,犬暮聲合城,1
11371,暮聲合城池,1
11372,聲合城池秋,1
11373,合城池秋霽,1
11374,城池秋霽空,1
11375,池秋霽空紛,1
11376,秋霽空紛吾,1
11377,霽空紛吾從,1
11378,空紛吾從此,1
11379,紛吾從此去,1
11380,吾從此去望,1
11381,從此去望極,1
11382,此去望極咸,1
11383,去望極咸陽,1
11384,望極咸陽中,1
11385,極咸陽中不,1
11386,咸陽中不見,1
11387,陽中不見芸,1
11388,中不見芸香,1
11389,不見芸香閣,1
11390,見芸香閣徒,1
11391,芸香閣徒思,1
11392,香閣徒思文,1
11393,閣徒思文雅,1
11394,徒思文雅雄,1
11395,思文雅雄朝,1
11396,文雅雄朝行,1
11397,雅雄朝行敷,1
11398,雄朝行敷水,1
11399,朝行敷水上,1
11400,行敷水上暮,1
11401,敷水上暮出,1
11402,水上暮出華,1
11403,上暮出華山,1
11404,暮出華山東,1
11405,出華山東高,1
11406,華山東高館,1
11407,山東高館宿,1
11408,東高館宿初,1
11409,高館宿初靜,1
11410,館宿初靜長,1
11411,宿初靜長亭,1
11412,初靜長亭秋,1
11413,靜長亭秋轉,1
11414,長亭秋轉空,1
11415,亭秋轉空日,1
11416,秋轉空日餘,1
11417,轉空日餘久,1
11418,空日餘久淪,1
11419,日餘久淪汩,1
11420,餘久淪汩重,1
11421,久淪汩重此,1
11422,淪汩重此聞,1
11423,汩重此聞霜,1
11424,重此聞霜風,1
11425,此聞霜風淅,1
11426,聞霜風淅瀝,1
11427,霜風淅瀝入,1
11428,風淅瀝入溪,1
11429,淅瀝入溪樹,1
11430,瀝入溪樹颼,1
11431,入溪樹颼飀,1
11432,溪樹颼飀驚,1
11433,樹颼飀驚夕,1
11434,颼飀驚夕鴻,1
11435,飀驚夕鴻淒,1
11436,驚夕鴻淒然,1
11437,夕鴻淒然望,1
11438,鴻淒然望伊,1
11439,淒然望伊洛,1
11440,然望伊洛如,1
11441,望伊洛如見,1
11442,伊洛如見息,1
11443,洛如見息陽,1
11444,如見息陽宮,1
11445,見息陽宮舊,1
11446,息陽宮舊識,1
11447,陽宮舊識無,1
11448,宮舊識無高,1
11449,舊識無高位,1
11450,識無高位新,1
11451,無高位新知,1
11452,高位新知盡,1
11453,位新知盡固,1
11454,新知盡固窮,1
11455,知盡固窮夫,1
11456,盡固窮夫君,1
11457,固窮夫君獨,1
11458,窮夫君獨輕,1
11459,夫君獨輕舉,1
11460,君獨輕舉遠,1
11461,獨輕舉遠近,1
11462,輕舉遠近善,1
11463,舉遠近善文,1
11464,遠近善文雄,1
11465,近善文雄豈,1
11466,善文雄豈念,1
11467,文雄豈念千,1
11468,雄豈念千里,1
11469,豈念千里駕,1
11470,念千里駕崎,1
11471,千里駕崎嶇,1
11472,里駕崎嶇秦,1
11473,駕崎嶇秦塞,1
11474,崎嶇秦塞中,1
11475,嶇秦塞中傾,1
11476,秦塞中傾蓋,1
11477,塞中傾蓋洛,1
11478,中傾蓋洛之,1
11479,傾蓋洛之濱,1
11480,蓋洛之濱依,1
11481,洛之濱依然,1
11482,之濱依然心,1
11483,濱依然心事,1
11484,依然心事親,1
11485,然心事親龍,1
11486,心事親龍門,1
11487,事親龍門何,1
11488,親龍門何以,1
11489,龍門何以峻,1
11490,門何以峻曾,1
11491,何以峻曾是,1
11492,以峻曾是好,1
11493,峻曾是好詞,1
11494,曾是好詞人,1
11495,是好詞人珥,1
11496,好詞人珥筆,1
11497,詞人珥筆朝,1
11498,人珥筆朝文,1
11499,珥筆朝文陛,1
11500,筆朝文陛含,1
11501,朝文陛含章,1
11502,文陛含章諷,1
11503,陛含章諷紫,1
11504,含章諷紫宸,1
11505,章諷紫宸帝,1
11506,諷紫宸帝城,1
11507,紫宸帝城多,1
11508,宸帝城多壯,1
11509,帝城多壯觀,1
11510,城多壯觀被,1
11511,多壯觀被服,1
11512,壯觀被服長,1
11513,觀被服長如,1
11514,被服長如春,1
11515,服長如春天,1
11516,長如春天子,1
11517,如春天子儉,1
11518,春天子儉為,1
11519,天子儉為德,1
11520,子儉為德而,1
11521,儉為德而能,1
11522,為德而能清,1
11523,德而能清約,1
11524,而能清約身,1
11525,能清約身公,1
11526,清約身公卿,1
11527,約身公卿盡,1
11528,身公卿盡虛,1
11529,公卿盡虛位,1
11530,卿盡虛位天,1
11531,盡虛位天下,1
11532,虛位天下自,1
11533,位天下自趣,1
11534,天下自趣塵,1
11535,下自趣塵如,1
11536,自趣塵如君,1
11537,趣塵如君物,1
11538,塵如君物望,1
11539,如君物望美,1
11540,君物望美令,1
11541,物望美令德,1
11542,望美令德聲,1
11543,美令德聲何,1
11544,令德聲何已,1
11545,德聲何已高,1
11546,聲何已高帝,1
11547,何已高帝黜,1
11548,已高帝黜儒,1
11549,高帝黜儒生,1
11550,帝黜儒生文,1
11551,黜儒生文皇,1
11552,儒生文皇謫,1
11553,生文皇謫才,1
11554,文皇謫才子,1
11555,皇謫才子朝,1
11556,謫才子朝廷,1
11557,才子朝廷非,1
11558,子朝廷非不,1
11559,朝廷非不盛,1
11560,廷非不盛譴,1
11561,非不盛譴謫,1
11562,不盛譴謫良,1
11563,盛譴謫良難,1
11564,譴謫良難恃,1
11565,謫良難恃路,1
11566,良難恃路出,1
11567,難恃路出大,1
11568,恃路出大江,1
11569,路出大江陰,1
11570,出大江陰川,1
11571,大江陰川行,1
11572,江陰川行碧,1
11573,陰川行碧峰,1
11574,川行碧峰裏,1
11575,行碧峰裏斯,1
11576,碧峰裏斯言,1
11577,峰裏斯言徒,1
11578,裏斯言徒自,1
11579,斯言徒自玷,1
11580,言徒自玷白,1
11581,徒自玷白玉,1
11582,自玷白玉豈,1
11583,玷白玉豈為,1
11584,白玉豈為滓,1
11585,玉豈為滓希,1
11586,豈為滓希聲,1
11587,為滓希聲盡,1
11588,滓希聲盡眾,1
11589,希聲盡眾人,1
11590,聲盡眾人深,1
11591,盡眾人深識,1
11592,眾人深識唯,1
11593,人深識唯知,1
11594,深識唯知己,1
11595,識唯知己知,1
11596,唯知己知己,1
11597,知己知己怨,1
11598,己知己怨生,1
11599,知己怨生離,1
11600,己怨生離悠,1
11601,怨生離悠悠,1
11602,生離悠悠天,1
11603,離悠悠天一,1
11604,悠悠天一涯,1
11605,悠天一涯寸,1
11606,天一涯寸心,1
11607,一涯寸心因,1
11608,涯寸心因夢,1
11609,寸心因夢斷,1
11610,心因夢斷孤,1
11611,因夢斷孤憤,1
11612,夢斷孤憤為,1
11613,斷孤憤為年,1
11614,孤憤為年移,1
11615,憤為年移花,1
11616,為年移花滿,1
11617,年移花滿芙,1
11618,移花滿芙蓉,1
11619,花滿芙蓉闕,1
11620,滿芙蓉闕春,1
11621,芙蓉闕春深,1
11622,蓉闕春深朝,1
11623,闕春深朝夕,1
11624,春深朝夕池,1
11625,深朝夕池空,1
11626,朝夕池空令,1
11627,夕池空令千,1
11628,池空令千萬,1
11629,空令千萬里,1
11630,令千萬里長,1
11631,千萬里長望,1
11632,萬里長望白,1
11633,里長望白雲,1
11634,長望白雲垂,1
11635,望白雲垂萬,1
11636,白雲垂萬國,1
11637,雲垂萬國朝,1
11638,垂萬國朝天,1
11639,萬國朝天中,1
11640,國朝天中東,1
11641,朝天中東隅,1
11642,天中東隅道,1
11643,中東隅道最,1
11644,東隅道最長,1
11645,隅道最長吾,1
11646,道最長吾生,1
11647,最長吾生美,1
11648,長吾生美無,1
11649,吾生美無度,1
11650,生美無度高,1
11651,美無度高駕,1
11652,無度高駕仕,1
11653,度高駕仕春,1
11654,高駕仕春坊,1
11655,駕仕春坊出,1
11656,仕春坊出入,1
11657,春坊出入蓬,1
11658,坊出入蓬山,1
11659,出入蓬山裏,1
11660,入蓬山裏逍,1
11661,蓬山裏逍遙,1
11662,山裏逍遙伊,1
11663,裏逍遙伊水,1
11664,逍遙伊水傍,1
11665,遙伊水傍伯,1
11666,伊水傍伯鸞,1
11667,水傍伯鸞游,1
11668,傍伯鸞游太,1
11669,伯鸞游太學,1
11670,鸞游太學中,1
11671,游太學中夜,1
11672,太學中夜一,1
11673,學中夜一相,1
11674,中夜一相望,1
11675,夜一相望落,1
11676,一相望落日,1
11677,相望落日懸,1
11678,望落日懸高,1
11679,落日懸高殿,1
11680,日懸高殿秋,1
11681,懸高殿秋風,1
11682,高殿秋風入,1
11683,殿秋風入洞,1
11684,秋風入洞房,1
11685,風入洞房屢,1
11686,入洞房屢言,1
11687,洞房屢言相,1
11688,房屢言相去,1
11689,屢言相去遠,1
11690,言相去遠不,1
11691,相去遠不覺,1
11692,去遠不覺生,1
11693,遠不覺生朝,1
11694,不覺生朝光,1
11695,覺生朝光天,1
11696,生朝光天都,1
11697,朝光天都分,1
11698,光天都分禮,1
11699,天都分禮閣,1
11700,都分禮閣肅,1
11701,分禮閣肅肅,1
11702,禮閣肅肅臨,1
11703,閣肅肅臨清,1
11704,肅肅臨清渠,1
11705,肅臨清渠春,1
11706,臨清渠春山,1
11707,清渠春山照,1
11708,渠春山照前,1
11709,春山照前屏,1
11710,山照前屏高,1
11711,照前屏高槐,1
11712,前屏高槐蔭,1
11713,屏高槐蔭內,1
11714,高槐蔭內除,1
11715,槐蔭內除惟,1
11716,蔭內除惟賢,1
11717,內除惟賢尚,1
11718,除惟賢尚廩,1
11719,惟賢尚廩祿,1
11720,賢尚廩祿弟,1
11721,尚廩祿弟去,1
11722,廩祿弟去兄,1
11723,祿弟去兄來,1
11724,弟去兄來居,1
11725,去兄來居文,1
11726,兄來居文雅,1
11727,來居文雅更,1
11728,居文雅更驤,1
11729,文雅更驤首,1
11730,雅更驤首風,1
11731,更驤首風流,1
11732,驤首風流信,1
11733,首風流信有,1
11734,風流信有餘,1
11735,流信有餘中,1
11736,信有餘中年,1
11737,有餘中年幸,1
11738,餘中年幸從,1
11739,中年幸從事,1
11740,年幸從事乃,1
11741,幸從事乃遇,1
11742,從事乃遇兩,1
11743,事乃遇兩吹,1
11744,乃遇兩吹噓,1
11745,遇兩吹噓何,1
11746,兩吹噓何以,1
11747,吹噓何以知,1
11748,噓何以知君,1
11749,何以知君子,1
11750,以知君子交,1
11751,知君子交情,1
11752,君子交情複,1
11753,子交情複淡,1
11754,交情複淡如,1
11755,情複淡如春,1
11756,複淡如春草,1
11757,淡如春草生,1
11758,如春草生洞,1
11759,春草生洞渚,1
11760,草生洞渚春,1
11761,生洞渚春風,1
11762,洞渚春風入,1
11763,渚春風入上,1
11764,春風入上林,1
11765,風入上林春,1
11766,入上林春皋,1
11767,上林春皋有,1
11768,林春皋有黃,1
11769,春皋有黃鶴,1
11770,皋有黃鶴撫,1
11771,有黃鶴撫翮,1
11772,黃鶴撫翮未,1
11773,鶴撫翮未揚,1
11774,撫翮未揚音,1
11775,翮未揚音王,1
11776,未揚音王屋,1
11777,揚音王屋嘗,1
11778,音王屋嘗嘉,1
11779,王屋嘗嘉遁,1
11780,屋嘗嘉遁伊,1
11781,嘗嘉遁伊川,1
11782,嘉遁伊川複,1
11783,遁伊川複陸,1
11784,伊川複陸沉,1
11785,川複陸沉張,1
11786,複陸沉張弦,1
11787,陸沉張弦鶤,1
11788,沉張弦鶤雞,1
11789,張弦鶤雞弄,1
11790,弦鶤雞弄閉,1
11791,鶤雞弄閉室,1
11792,雞弄閉室蓬,1
11793,弄閉室蓬蒿,1
11794,閉室蓬蒿深,1
11795,室蓬蒿深避,1
11796,蓬蒿深避地,1
11797,蒿深避地歌,1
11798,深避地歌三,1
11799,避地歌三樂,1
11800,地歌三樂遊,1
11801,歌三樂遊山,1
11802,三樂遊山賦,1
11803,樂遊山賦九,1
11804,遊山賦九吟,1
11805,山賦九吟大,1
11806,賦九吟大君,1
11807,九吟大君思,1
11808,吟大君思左,1
11809,大君思左右,1
11810,君思左右無,1
11811,思左右無乃,1
11812,左右無乃化,1
11813,右無乃化黃,1
11814,無乃化黃金,1
11815,乃化黃金華,1
11816,化黃金華山,1
11817,黃金華山薄,1
11818,金華山薄游,1
11819,華山薄游者,1
11820,山薄游者玄,1
11821,薄游者玄發,1
11822,游者玄發當,1
11823,者玄發當青,1
11824,玄發當青春,1
11825,發當青春道,1
11826,當青春道德,1
11827,青春道德同,1
11828,春道德同仙,1
11829,道德同仙吏,1
11830,德同仙吏尊,1
11831,同仙吏尊卑,1
11832,仙吏尊卑即,1
11833,吏尊卑即丈,1
11834,尊卑即丈人,1
11835,卑即丈人縣,1
11836,即丈人縣城,1
11837,丈人縣城俯,1
11838,人縣城俯京,1
11839,縣城俯京路,1
11840,城俯京路獲,1
11841,俯京路獲見,1
11842,京路獲見官,1
11843,路獲見官舍,1
11844,獲見官舍裏,1
11845,見官舍裏淹,1
11846,官舍裏淹留,1
11847,舍裏淹留瓊,1
11848,裏淹留瓊樹,1
11849,淹留瓊樹枝,1
11850,留瓊樹枝謔,1
11851,瓊樹枝謔浪,1
11852,樹枝謔浪春,1
11853,枝謔浪春泉,1
11854,謔浪春泉水,1
11855,浪春泉水昔,1
11856,春泉水昔餘,1
11857,泉水昔餘在,1
11858,水昔餘在天,1
11859,昔餘在天目,1
11860,餘在天目總,1
11861,在天目總角,1
11862,天目總角奉,1
11863,目總角奉遊,1
11864,總角奉遊從,1
11865,角奉遊從寒,1
11866,奉遊從寒暑,1
11867,遊從寒暑遞,1
11868,從寒暑遞來,1
11869,寒暑遞來往,1
11870,暑遞來往今,1
11871,遞來往今複,1
11872,來往今複蓮,1
11873,往今複蓮花,1
11874,今複蓮花峰,1
11875,複蓮花峰別,1
11876,蓮花峰別情,1
11877,花峰別情無,1
11878,峰別情無遠,1
11879,別情無遠近,1
11880,情無遠近道,1
11881,無遠近道別,1
11882,遠近道別方,1
11883,近道別方愁,1
11884,道別方愁予,1
11885,別方愁予孰,1
11886,方愁予孰想,1
11887,愁予孰想古,1
11888,予孰想古人,1
11889,孰想古人言,1
11890,想古人言乃,1
11891,古人言乃知,1
11892,人言乃知悲,1
11893,言乃知悲風,1
11894,乃知悲風雨,1
11895,知悲風雨薄,1
11896,悲風雨薄游,1
11897,風雨薄游何,1
11898,雨薄游何所,1
11899,薄游何所愧,1
11900,游何所愧所,1
11901,何所愧所愧,1
11902,所愧所愧在,1
11903,愧所愧在閒,1
11904,所愧在閒居,1
11905,愧在閒居親,1
11906,在閒居親故,1
11907,閒居親故不,1
11908,居親故不來,1
11909,親故不來往,1
11910,故不來往中,1
11911,不來往中園,1
11912,來往中園時,1
11913,往中園時讀,1
11914,中園時讀書,1
11915,園時讀書步,1
11916,時讀書步欄,1
11917,讀書步欄滴,1
11918,書步欄滴餘,1
11919,步欄滴餘雪,1
11920,欄滴餘雪春,1
11921,滴餘雪春塘,1
11922,餘雪春塘抽,1
11923,雪春塘抽新,1
11924,春塘抽新蒲,1
11925,塘抽新蒲梧,1
11926,抽新蒲梧桐,1
11927,新蒲梧桐漸,1
11928,蒲梧桐漸覆,1
11929,梧桐漸覆井,1
11930,桐漸覆井時,1
11931,漸覆井時鳥,1
11932,覆井時鳥自,1
11933,井時鳥自相,1
11934,時鳥自相呼,1
11935,鳥自相呼悠,1
11936,自相呼悠然,1
11937,相呼悠然念,1
11938,呼悠然念故,1
11939,悠然念故鄉,1
11940,然念故鄉乃,1
11941,念故鄉乃在,1
11942,故鄉乃在天,1
11943,鄉乃在天一,1
11944,乃在天一隅,1
11945,在天一隅安,1
11946,天一隅安得,1
11947,一隅安得如,1
11948,隅安得如浮,1
11949,安得如浮雲,1
11950,得如浮雲來,1
11951,如浮雲來往,1
11952,浮雲來往方,1
11953,雲來往方須,1
11954,來往方須臾,1
11955,往方須臾洛,1
11956,方須臾洛城,1
11957,須臾洛城本,1
11958,臾洛城本天,1
11959,洛城本天邑,1
11960,城本天邑洛,1
11961,本天邑洛水,1
11962,天邑洛水即,1
11963,邑洛水即天,1
11964,洛水即天池,1
11965,水即天池君,1
11966,即天池君王,1
11967,天池君王既,1
11968,池君王既行,1
11969,君王既行幸,1
11970,王既行幸法,1
11971,既行幸法子,1
11972,行幸法子複,1
11973,幸法子複來,1
11974,法子複來儀,1
11975,子複來儀虛,1
11976,複來儀虛室,1
11977,來儀虛室香,1
11978,儀虛室香花,1
11979,虛室香花滿,1
11980,室香花滿清,1
11981,香花滿清川,1
11982,花滿清川楊,1
11983,滿清川楊柳,1
11984,清川楊柳垂,1
11985,川楊柳垂乘,1
11986,楊柳垂乘閑,1
11987,柳垂乘閑道,1
11988,垂乘閑道歸,1
11989,乘閑道歸去,1
11990,閑道歸去遠,1
11991,道歸去遠意,1
11992,歸去遠意誰,1
11993,去遠意誰能,1
11994,遠意誰能知,1
11995,意誰能知秋,1
11996,誰能知秋風,1
11997,能知秋風隕,1
11998,知秋風隕群,1
11999,秋風隕群木,1
12000,風隕群木眾,1
12001,隕群木眾草,1
12002,群木眾草下,1
12003,木眾草下嚴,1
12004,眾草下嚴霜,1
12005,草下嚴霜複,1
12006,下嚴霜複問,1
12007,嚴霜複問子,1
12008,霜複問子何,1
12009,複問子何如,1
12010,問子何如自,1
12011,子何如自言,1
12012,何如自言之,1
12013,如自言之帝,1
12014,自言之帝鄉,1
12015,言之帝鄉豈,1
12016,之帝鄉豈無,1
12017,帝鄉豈無親,1
12018,鄉豈無親所,1
12019,豈無親所愛,1
12020,無親所愛將,1
12021,親所愛將欲,1
12022,所愛將欲濟,1
12023,愛將欲濟時,1
12024,將欲濟時康,1
12025,欲濟時康握,1
12026,濟時康握手,1
12027,時康握手別,1
12028,康握手別征,1
12029,握手別征駕,1
12030,手別征駕返,1
12031,別征駕返悲,1
12032,征駕返悲岐,1
12033,駕返悲岐路,1
12034,返悲岐路長,1
12035,悲岐路長新,1
12036,岐路長新豐,1
12037,路長新豐主,1
12038,長新豐主人,1
12039,新豐主人新,1
12040,豐主人新酒,1
12041,主人新酒熟,1
12042,人新酒熟舊,1
12043,新酒熟舊客,1
12044,酒熟舊客還,1
12045,熟舊客還歸,1
12046,舊客還歸舊,1
12047,客還歸舊堂,1
12048,還歸舊堂宿,1
12049,歸舊堂宿滿,1
12050,舊堂宿滿酌,1
12051,堂宿滿酌香,1
12052,宿滿酌香含,1
12053,滿酌香含北,1
12054,酌香含北砌,1
12055,香含北砌花,1
12056,含北砌花盈,1
12057,北砌花盈尊,1
12058,砌花盈尊色,1
12059,花盈尊色泛,1
12060,盈尊色泛南,1
12061,尊色泛南軒,1
12062,色泛南軒竹,1
12063,泛南軒竹雲,1
12064,南軒竹雲散,1
12065,軒竹雲散天,1
12066,竹雲散天高,1
12067,雲散天高秋,1
12068,散天高秋月,1
12069,天高秋月明,1
12070,高秋月明東,1
12071,秋月明東家,1
12072,月明東家少,1
12073,明東家少女,1
12074,東家少女解,1
12075,家少女解秦,1
12076,少女解秦箏,1
12077,女解秦箏醉,1
12078,解秦箏醉來,1
12079,秦箏醉來忘,1
12080,箏醉來忘卻,1
12081,醉來忘卻巴,1
12082,來忘卻巴陵,1
12083,忘卻巴陵道,1
12084,卻巴陵道夢,1
12085,巴陵道夢中,1
12086,陵道夢中疑,1
12087,道夢中疑是,1
12088,夢中疑是洛,1
12089,中疑是洛陽,1
12090,疑是洛陽城,1
12091,是洛陽城君,1
12092,洛陽城君不,1
12093,陽城君不見,1
12094,城君不見宋,1
12095,君不見宋公,1
12096,不見宋公仗,1
12097,見宋公仗鉞,1
12098,宋公仗鉞誅,1
12099,公仗鉞誅燕,1
12100,仗鉞誅燕後,1
12101,鉞誅燕後英,1
12102,誅燕後英雄,1
12103,燕後英雄踴,1
12104,後英雄踴躍,1
12105,英雄踴躍爭,1
12106,雄踴躍爭趨,1
12107,踴躍爭趨走,1
12108,躍爭趨走小,1
12109,爭趨走小會,1
12110,趨走小會衣,1
12111,走小會衣冠,1
12112,小會衣冠呂,1
12113,會衣冠呂梁,1
12114,衣冠呂梁壑,1
12115,冠呂梁壑大,1
12116,呂梁壑大征,1
12117,梁壑大征甲,1
12118,壑大征甲卒,1
12119,大征甲卒碻,1
12120,征甲卒碻磝,1
12121,甲卒碻磝口,1
12122,卒碻磝口天,1
12123,碻磝口天門,1
12124,磝口天門神,1
12125,口天門神武,1
12126,天門神武樹,1
12127,門神武樹元,1
12128,神武樹元勳,1
12129,武樹元勳九,1
12130,樹元勳九日,1
12131,元勳九日茱,1
12132,勳九日茱萸,1
12133,九日茱萸饗,1
12134,日茱萸饗六,1
12135,茱萸饗六軍,1
12136,萸饗六軍泛,1
12137,饗六軍泛泛,1
12138,六軍泛泛樓,1
12139,軍泛泛樓船,1
12140,泛泛樓船遊,1
12141,泛樓船遊極,1
12142,樓船遊極浦,1
12143,船遊極浦搖,1
12144,遊極浦搖搖,1
12145,極浦搖搖歌,1
12146,浦搖搖歌吹,1
12147,搖搖歌吹動,1
12148,搖歌吹動浮,1
12149,歌吹動浮雲,1
12150,吹動浮雲居,1
12151,動浮雲居人,1
12152,浮雲居人滿,1
12153,雲居人滿目,1
12154,居人滿目市,1
12155,人滿目市朝,1
12156,滿目市朝變,1
12157,目市朝變霸,1
12158,市朝變霸業,1
12159,朝變霸業猶,1
12160,變霸業猶存,1
12161,霸業猶存齊,1
12162,業猶存齊楚,1
12163,猶存齊楚甸,1
12164,存齊楚甸泗,1
12165,齊楚甸泗水,1
12166,楚甸泗水南,1
12167,甸泗水南流,1
12168,泗水南流桐,1
12169,水南流桐柏,1
12170,南流桐柏川,1
12171,流桐柏川沂,1
12172,桐柏川沂山,1
12173,柏川沂山北,1
12174,川沂山北走,1
12175,沂山北走琅,1
12176,山北走琅琊,1
12177,北走琅琊縣,1
12178,走琅琊縣滄,1
12179,琅琊縣滄海,1
12180,琊縣滄海沉,1
12181,縣滄海沉沉,1
12182,滄海沉沉晨,1
12183,海沉沉晨霧,1
12184,沉沉晨霧開,1
12185,沉晨霧開彭,1
12186,晨霧開彭城,1
12187,霧開彭城烈,1
12188,開彭城烈烈,1
12189,彭城烈烈秋,1
12190,城烈烈秋風,1
12191,烈烈秋風來,1
12192,烈秋風來少,1
12193,秋風來少年,1
12194,風來少年自,1
12195,來少年自古,1
12196,少年自古未,1
12197,年自古未得,1
12198,自古未得意,1
12199,古未得意日,1
12200,未得意日暮,1
12201,得意日暮蕭,1
12202,意日暮蕭條,1
12203,日暮蕭條登,1
12204,暮蕭條登古,1
12205,蕭條登古台,1
12206,條登古台取,1
12207,登古台取勝,1
12208,古台取勝小,1
12209,台取勝小非,1
12210,取勝小非用,1
12211,勝小非用來,1
12212,小非用來朝,1
12213,非用來朝明,1
12214,用來朝明光,1
12215,來朝明光殿,1
12216,朝明光殿東,1
12217,明光殿東平,1
12218,光殿東平不,1
12219,殿東平不足,1
12220,東平不足先,1
12221,平不足先夢,1
12222,不足先夢出,1
12223,足先夢出鳳,1
12224,先夢出鳳林,1
12225,夢出鳳林間,1
12226,出鳳林間夢,1
12227,鳳林間夢還,1
12228,林間夢還滄,1
12229,間夢還滄海,1
12230,夢還滄海闕,1
12231,還滄海闕萬,1
12232,滄海闕萬里,1
12233,海闕萬里盡,1
12234,闕萬里盡陰,1
12235,萬里盡陰色,1
12236,里盡陰色豈,1
12237,盡陰色豈為,1
12238,陰色豈為我,1
12239,色豈為我離,1
12240,豈為我離別,1
12241,為我離別馬,1
12242,我離別馬上,1
12243,離別馬上吹,1
12244,別馬上吹笛,1
12245,馬上吹笛起,1
12246,上吹笛起寒,1
12247,吹笛起寒風,1
12248,笛起寒風道,1
12249,起寒風道傍,1
12250,寒風道傍舞,1
12251,風道傍舞劍,1
12252,道傍舞劍飛,1
12253,傍舞劍飛春,1
12254,舞劍飛春雪,1
12255,劍飛春雪男,1
12256,飛春雪男兒,1
12257,春雪男兒懸,1
12258,雪男兒懸弧,1
12259,男兒懸弧非,1
12260,兒懸弧非一,1
12261,懸弧非一日,1
12262,弧非一日君,1
12263,非一日君去,1
12264,一日君去成,1
12265,日君去成高,1
12266,君去成高節,1
12267,去成高節青,1
12268,成高節青楓,1
12269,高節青楓江,1
12270,節青楓江上,1
12271,青楓江上滄,1
12272,楓江上滄浪,1
12273,江上滄浪吟,1
12274,上滄浪吟白,1
12275,滄浪吟白月,1
12276,浪吟白月宮,1
12277,吟白月宮中,1
12278,白月宮中鸚,1
12279,月宮中鸚鵡,1
12280,宮中鸚鵡林,1
12281,中鸚鵡林非,1
12282,鸚鵡林非有,1
12283,鵡林非有淨,1
12284,林非有淨清,1
12285,非有淨清心,1
12286,有淨清心同,1
12287,淨清心同道,1
12288,清心同道同,1
12289,心同道同房,1
12290,同道同房若,1
12291,道同房若斷,1
12292,同房若斷金,1
12293,房若斷金離,1
12294,若斷金離居,1
12295,斷金離居忽,1
12296,金離居忽有,1
12297,離居忽有雲,1
12298,居忽有雲山,1
12299,忽有雲山意,1
12300,有雲山意清,1
12301,雲山意清韻,1
12302,山意清韻遙,1
12303,意清韻遙轉,1
12304,清韻遙轉舟,1
12305,韻遙轉舟楫,1
12306,遙轉舟楫事,1
12307,轉舟楫事去,1
12308,舟楫事去時,1
12309,楫事去時能,1
12310,事去時能憶,1
12311,去時能憶竹,1
12312,時能憶竹園,1
12313,能憶竹園游,1
12314,憶竹園游來,1
12315,竹園游來時,1
12316,園游來時莫,1
12317,游來時莫忘,1
12318,來時莫忘桃,1
12319,時莫忘桃園,1
12320,莫忘桃園記,1
12321,忘桃園記嫋,1
12322,桃園記嫋嫋,1
12323,園記嫋嫋長,1
12324,記嫋嫋長數,1
12325,嫋嫋長數尋,1
12326,嫋長數尋青,1
12327,長數尋青青,1
12328,數尋青青不,1
12329,尋青青不作,1
12330,青青不作林,1
12331,青不作林一,1
12332,不作林一莖,1
12333,作林一莖獨,1
12334,林一莖獨秀,1
12335,一莖獨秀當,1
12336,莖獨秀當庭,1
12337,獨秀當庭心,1
12338,秀當庭心數,1
12339,當庭心數枝,1
12340,庭心數枝分,1
12341,心數枝分作,1
12342,數枝分作滿,1
12343,枝分作滿庭,1
12344,分作滿庭陰,1
12345,作滿庭陰春,1
12346,滿庭陰春日,1
12347,庭陰春日遲,1
12348,陰春日遲遲,1
12349,春日遲遲欲,1
12350,日遲遲欲將,1
12351,遲遲欲將半,1
12352,遲欲將半庭,1
12353,欲將半庭影,1
12354,將半庭影離,1
12355,半庭影離離,1
12356,庭影離離正,1
12357,影離離正堪,1
12358,離離正堪玩,1
12359,離正堪玩枝,1
12360,正堪玩枝上,1
12361,堪玩枝上鶯,1
12362,玩枝上鶯嬌,1
12363,枝上鶯嬌不,1
12364,上鶯嬌不畏,1
12365,鶯嬌不畏人,1
12366,嬌不畏人葉,1
12367,不畏人葉底,1
12368,畏人葉底蛾,1
12369,人葉底蛾飛,1
12370,葉底蛾飛自,1
12371,底蛾飛自相,1
12372,蛾飛自相亂,1
12373,飛自相亂秦,1
12374,自相亂秦家,1
12375,相亂秦家女,1
12376,亂秦家女兒,1
12377,秦家女兒愛,1
12378,家女兒愛芳,1
12379,女兒愛芳菲,1
12380,兒愛芳菲畫,1
12381,愛芳菲畫眉,1
12382,芳菲畫眉相,1
12383,菲畫眉相伴,1
12384,畫眉相伴采,1
12385,眉相伴采葳,1
12386,相伴采葳蕤,1
12387,伴采葳蕤高,1
12388,采葳蕤高處,1
12389,葳蕤高處紅,1
12390,蕤高處紅須,1
12391,高處紅須欲,1
12392,處紅須欲就,1
12393,紅須欲就手,1
12394,須欲就手低,1
12395,欲就手低邊,1
12396,就手低邊綠,1
12397,手低邊綠刺,1
12398,低邊綠刺已,1
12399,邊綠刺已牽,1
12400,綠刺已牽衣,1
12401,刺已牽衣蒲,1
12402,已牽衣蒲萄,1
12403,牽衣蒲萄架,1
12404,衣蒲萄架上,1
12405,蒲萄架上朝,1
12406,萄架上朝光,1
12407,架上朝光滿,1
12408,上朝光滿楊,1
12409,朝光滿楊柳,1
12410,光滿楊柳園,1
12411,滿楊柳園中,1
12412,楊柳園中暝,1
12413,柳園中暝鳥,1
12414,園中暝鳥飛,1
12415,中暝鳥飛連,1
12416,暝鳥飛連袂,1
12417,鳥飛連袂踏,1
12418,飛連袂踏歌,1
12419,連袂踏歌從,1
12420,袂踏歌從此,1
12421,踏歌從此去,1
12422,歌從此去風,1
12423,從此去風吹,1
12424,此去風吹香,1
12425,去風吹香氣,1
12426,風吹香氣逐,1
12427,吹香氣逐人,1
12428,香氣逐人歸,1
12429,氣逐人歸今,1
12430,逐人歸今之,1
12431,人歸今之太,1
12432,歸今之太守,1
12433,今之太守古,1
12434,之太守古諸,1
12435,太守古諸侯,1
12436,守古諸侯出,1
12437,古諸侯出入,1
12438,諸侯出入雙,1
12439,侯出入雙旌,1
12440,出入雙旌垂,1
12441,入雙旌垂七,1
12442,雙旌垂七旒,1
12443,旌垂七旒朝,1
12444,垂七旒朝覽,1
12445,七旒朝覽干,1
12446,旒朝覽干戈,1
12447,朝覽干戈時,1
12448,覽干戈時聽,1
12449,干戈時聽訟,1
12450,戈時聽訟暮,1
12451,時聽訟暮延,1
12452,聽訟暮延賓,1
12453,訟暮延賓客,1
12454,暮延賓客複,1
12455,延賓客複登,1
12456,賓客複登樓,1
12457,客複登樓西,1
12458,複登樓西山,1
12459,登樓西山漠,1
12460,樓西山漠漠,1
12461,西山漠漠崦,1
12462,山漠漠崦嵫,1
12463,漠漠崦嵫色,1
12464,漠崦嵫色北,1
12465,崦嵫色北渚,1
12466,嵫色北渚沉,1
12467,色北渚沉沉,1
12468,北渚沉沉江,1
12469,渚沉沉江漢,1
12470,沉沉江漢流,1
12471,沉江漢流良,1
12472,江漢流良宵,1
12473,漢流良宵清,1
12474,流良宵清淨,1
12475,良宵清淨方,1
12476,宵清淨方高,1
12477,清淨方高會,1
12478,淨方高會繡,1
12479,方高會繡服,1
12480,高會繡服光,1
12481,會繡服光輝,1
12482,繡服光輝聯,1
12483,服光輝聯皂,1
12484,光輝聯皂蓋,1
12485,輝聯皂蓋魚,1
12486,聯皂蓋魚龍,1
12487,皂蓋魚龍恍,1
12488,蓋魚龍恍惚,1
12489,魚龍恍惚階,1
12490,龍恍惚階墀,1
12491,恍惚階墀下,1
12492,惚階墀下雲,1
12493,階墀下雲霧,1
12494,墀下雲霧杳,1
12495,下雲霧杳冥,1
12496,雲霧杳冥窗,1
12497,霧杳冥窗戶,1
12498,杳冥窗戶外,1
12499,冥窗戶外水,1
12500,窗戶外水靈,1
12501,戶外水靈慷,1
12502,外水靈慷慨,1
12503,水靈慷慨行,1
12504,靈慷慨行泣,1
12505,慷慨行泣珠,1
12506,慨行泣珠遊,1
12507,行泣珠遊女,1
12508,泣珠遊女飄,1
12509,珠遊女飄颻,1
12510,遊女飄颻思,1
12511,女飄颻思解,1
12512,飄颻思解佩,1
12513,颻思解佩蒼,1
12514,思解佩蒼蒼,1
12515,解佩蒼蒼低,1
12516,佩蒼蒼低月,1
12517,蒼蒼低月半,1
12518,蒼低月半遙,1
12519,低月半遙城,1
12520,月半遙城落,1
12521,半遙城落落,1
12522,遙城落落疏,1
12523,城落落疏星,1
12524,落落疏星滿,1
12525,落疏星滿太,1
12526,疏星滿太清,1
12527,星滿太清不,1
12528,滿太清不分,1
12529,太清不分開,1
12530,清不分開襟,1
12531,不分開襟悲,1
12532,分開襟悲楚,1
12533,開襟悲楚奏,1
12534,襟悲楚奏願,1
12535,悲楚奏願言,1
12536,楚奏願言吹,1
12537,奏願言吹笛,1
12538,願言吹笛退,1
12539,言吹笛退胡,1
12540,吹笛退胡兵,1
12541,笛退胡兵軒,1
12542,退胡兵軒後,1
12543,胡兵軒後青,1
12544,兵軒後青丘,1
12545,軒後青丘埋,1
12546,後青丘埋猰,1
12547,青丘埋猰貐,1
12548,丘埋猰貐周,1
12549,埋猰貐周王,1
12550,猰貐周王白,1
12551,貐周王白羽,1
12552,周王白羽掃,1
12553,王白羽掃欃,1
12554,白羽掃欃槍,1
12555,羽掃欃槍期,1
12556,掃欃槍期君,1
12557,欃槍期君武,1
12558,槍期君武節,1
12559,期君武節朝,1
12560,君武節朝龍,1
12561,武節朝龍闕,1
12562,節朝龍闕餘,1
12563,朝龍闕餘亦,1
12564,龍闕餘亦翱,1
12565,闕餘亦翱翔,1
12566,餘亦翱翔歸,1
12567,亦翱翔歸玉,1
12568,翱翔歸玉京,1
12569,翔歸玉京他,1
12570,歸玉京他日,1
12571,玉京他日曾,1
12572,京他日曾游,1
12573,他日曾游魏,1
12574,日曾游魏魏,1
12575,曾游魏魏家,1
12576,游魏魏家餘,1
12577,魏魏家餘趾,1
12578,魏家餘趾存,1
12579,家餘趾存可,1
12580,餘趾存可憐,1
12581,趾存可憐宮,1
12582,存可憐宮殿,1
12583,可憐宮殿所,1
12584,憐宮殿所但,1
12585,宮殿所但見,1
12586,殿所但見桑,1
12587,所但見桑榆,1
12588,但見桑榆繁,1
12589,見桑榆繁此,1
12590,桑榆繁此去,1
12591,榆繁此去拜,1
12592,繁此去拜新,1
12593,此去拜新職,1
12594,去拜新職為,1
12595,拜新職為榮,1
12596,新職為榮近,1
12597,職為榮近故,1
12598,為榮近故園,1
12599,榮近故園高,1
12600,近故園高陽,1
12601,故園高陽八,1
12602,園高陽八才,1
12603,高陽八才子,1
12604,陽八才子況,1
12605,八才子況複,1
12606,才子況複在,1
12607,子況複在君,1
12608,況複在君門,1
12609,複在君門明,1
12610,在君門明牧,1
12611,君門明牧念,1
12612,門明牧念行,1
12613,明牧念行子,1
12614,牧念行子又,1
12615,念行子又言,1
12616,行子又言悲,1
12617,子又言悲解,1
12618,又言悲解攜,1
12619,言悲解攜初,1
12620,悲解攜初筵,1
12621,解攜初筵方,1
12622,攜初筵方落,1
12623,初筵方落日,1
12624,筵方落日醉,1
12625,方落日醉止,1
12626,落日醉止到,1
12627,日醉止到鳴,1
12628,醉止到鳴雞,1
12629,止到鳴雞過,1
12630,到鳴雞過客,1
12631,鳴雞過客來,1
12632,雞過客來自,1
12633,過客來自北,1
12634,客來自北大,1
12635,來自北大軍,1
12636,自北大軍居,1
12637,北大軍居在,1
12638,大軍居在西,1
12639,軍居在西丘,1
12640,居在西丘家,1
12641,在西丘家如,1
12642,西丘家如討,1
12643,丘家如討逆,1
12644,家如討逆敢,1
12645,如討逆敢以,1
12646,討逆敢以庶,1
12647,逆敢以庶盤,1
12648,敢以庶盤溪,1
12649,以庶盤溪東,1
12650,庶盤溪東城,1
12651,盤溪東城別,1
12652,溪東城別故,1
12653,東城別故人,1
12654,城別故人臘,1
12655,別故人臘月,1
12656,故人臘月遲,1
12657,人臘月遲芳,1
12658,臘月遲芳辰,1
12659,月遲芳辰不,1
12660,遲芳辰不惜,1
12661,芳辰不惜孤,1
12662,辰不惜孤舟,1
12663,不惜孤舟去,1
12664,惜孤舟去其,1
12665,孤舟去其如,1
12666,舟去其如兩,1
12667,去其如兩地,1
12668,其如兩地春,1
12669,如兩地春花,1
12670,兩地春花明,1
12671,地春花明洛,1
12672,春花明洛陽,1
12673,花明洛陽苑,1
12674,明洛陽苑水,1
12675,洛陽苑水綠,1
12676,陽苑水綠小,1
12677,苑水綠小平,1
12678,水綠小平津,1
12679,綠小平津是,1
12680,小平津是日,1
12681,平津是日不,1
12682,津是日不相,1
12683,是日不相見,1
12684,日不相見鶯,1
12685,不相見鶯聲,1
12686,相見鶯聲徒,1
12687,見鶯聲徒自,1
12688,鶯聲徒自新,1
12689,聲徒自新楚,1
12690,徒自新楚國,1
12691,自新楚國千,1
12692,新楚國千里,1
12693,楚國千里遠,1
12694,國千里遠孰,1
12695,千里遠孰知,1
12696,里遠孰知方,1
12697,遠孰知方寸,1
12698,孰知方寸違,1
12699,知方寸違春,1
12700,方寸違春遊,1
12701,寸違春遊歡,1
12702,違春遊歡有,1
12703,春遊歡有客,1
12704,遊歡有客夕,1
12705,歡有客夕寢,1
12706,有客夕寢賦,1
12707,客夕寢賦無,1
12708,夕寢賦無衣,1
12709,寢賦無衣江,1
12710,賦無衣江水,1
12711,無衣江水帶,1
12712,衣江水帶冰,1
12713,江水帶冰綠,1
12714,水帶冰綠桃,1
12715,帶冰綠桃花,1
12716,冰綠桃花隨,1
12717,綠桃花隨雨,1
12718,桃花隨雨飛,1
12719,花隨雨飛九,1
12720,隨雨飛九歌,1
12721,雨飛九歌有,1
12722,飛九歌有深,1
12723,九歌有深意,1
12724,歌有深意捐,1
12725,有深意捐佩,1
12726,深意捐佩乃,1
12727,意捐佩乃言,1
12728,捐佩乃言歸,1
12729,佩乃言歸明,1
12730,乃言歸明月,1
12731,言歸明月掛,1
12732,歸明月掛青,1
12733,明月掛青天,1
12734,月掛青天遙,1
12735,掛青天遙遙,1
12736,青天遙遙如,1
12737,天遙遙如目,1
12738,遙遙如目前,1
12739,遙如目前故,1
12740,如目前故人,1
12741,目前故人游,1
12742,前故人游畫,1
12743,故人游畫閣,1
12744,人游畫閣卻,1
12745,游畫閣卻望,1
12746,畫閣卻望似,1
12747,閣卻望似雲,1
12748,卻望似雲邊,1
12749,望似雲邊水,1
12750,似雲邊水宿,1
12751,雲邊水宿依,1
12752,邊水宿依漁,1
12753,水宿依漁父,1
12754,宿依漁父歌,1
12755,依漁父歌聲,1
12756,漁父歌聲好,1
12757,父歌聲好採,1
12758,歌聲好採蓮,1
12759,聲好採蓮採,1
12760,好採蓮採蓮,1
12761,採蓮採蓮江,1
12762,蓮採蓮江上,1
12763,採蓮江上曲,1
12764,蓮江上曲今,1
12765,江上曲今夕,1
12766,上曲今夕為,1
12767,曲今夕為君,1
12768,今夕為君傳,1
12769,夕為君傳郊,1
12770,為君傳郊外,1
12771,君傳郊外亭,1
12772,傳郊外亭皋,1
12773,郊外亭皋遠,1
12774,外亭皋遠野,1
12775,亭皋遠野中,1
12776,皋遠野中岐,1
12777,遠野中岐路,1
12778,野中岐路分,1
12779,中岐路分苑,1
12780,岐路分苑門,1
12781,路分苑門臨,1
12782,分苑門臨渭,1
12783,苑門臨渭水,1
12784,門臨渭水山,1
12785,臨渭水山翠,1
12786,渭水山翠雜,1
12787,水山翠雜春,1
12788,山翠雜春雲,1
12789,翠雜春雲秦,1
12790,雜春雲秦閣,1
12791,春雲秦閣多,1
12792,雲秦閣多遺,1
12793,秦閣多遺典,1
12794,閣多遺典吳,1
12795,多遺典吳台,1
12796,遺典吳台訪,1
12797,典吳台訪闕,1
12798,吳台訪闕文,1
12799,台訪闕文君,1
12800,訪闕文君王,1
12801,闕文君王思,1
12802,文君王思校,1
12803,君王思校理,1
12804,王思校理莫,1
12805,思校理莫滯,1
12806,校理莫滯清,1
12807,理莫滯清江,1
12808,莫滯清江濆,1
12809,滯清江濆寒,1
12810,清江濆寒潮,1
12811,江濆寒潮信,1
12812,濆寒潮信未,1
12813,寒潮信未起,1
12814,潮信未起出,1
12815,信未起出浦,1
12816,未起出浦纜,1
12817,起出浦纜孤,1
12818,出浦纜孤舟,1
12819,浦纜孤舟一,1
12820,纜孤舟一夜,1
12821,孤舟一夜苦,1
12822,舟一夜苦風,1
12823,一夜苦風浪,1
12824,夜苦風浪自,1
12825,苦風浪自然,1
12826,風浪自然增,1
12827,浪自然增旅,1
12828,自然增旅愁,1
12829,然增旅愁吳,1
12830,增旅愁吳山,1
12831,旅愁吳山遲,1
12832,愁吳山遲海,1
12833,吳山遲海月,1
12834,山遲海月楚,1
12835,遲海月楚火,1
12836,海月楚火照,1
12837,月楚火照江,1
12838,楚火照江流,1
12839,火照江流欲,1
12840,照江流欲有,1
12841,江流欲有知,1
12842,流欲有知音,1
12843,欲有知音者,1
12844,有知音者異,1
12845,知音者異鄉,1
12846,音者異鄉誰,1
12847,者異鄉誰可,1
12848,異鄉誰可求,1
12849,鄉誰可求朝,1
12850,誰可求朝游,1
12851,可求朝游天,1
12852,求朝游天苑,1
12853,朝游天苑外,1
12854,游天苑外忽,1
12855,天苑外忽見,1
12856,苑外忽見法,1
12857,外忽見法筵,1
12858,忽見法筵開,1
12859,見法筵開山,1
12860,法筵開山勢,1
12861,筵開山勢當,1
12862,開山勢當空,1
12863,山勢當空出,1
12864,勢當空出雲,1
12865,當空出雲陰,1
12866,空出雲陰滿,1
12867,出雲陰滿地,1
12868,雲陰滿地來,1
12869,陰滿地來疏,1
12870,滿地來疏鐘,1
12871,地來疏鐘清,1
12872,來疏鐘清月,1
12873,疏鐘清月殿,1
12874,鐘清月殿幽,1
12875,清月殿幽梵,1
12876,月殿幽梵靜,1
12877,殿幽梵靜花,1
12878,幽梵靜花台,1
12879,梵靜花台日,1
12880,靜花台日暮,1
12881,花台日暮香,1
12882,台日暮香林,1
12883,日暮香林下,1
12884,暮香林下飄,1
12885,香林下飄飄,1
12886,林下飄飄仙,1
12887,下飄飄仙步,1
12888,飄飄仙步回,1
12889,飄仙步回禪,1
12890,仙步回禪宮,1
12891,步回禪宮分,1
12892,回禪宮分兩,1
12893,禪宮分兩地,1
12894,宮分兩地釋,1
12895,分兩地釋子,1
12896,兩地釋子一,1
12897,地釋子一為,1
12898,釋子一為心,1
12899,子一為心入,1
12900,一為心入道,1
12901,為心入道無,1
12902,心入道無來,1
12903,入道無來去,1
12904,道無來去清,1
12905,無來去清言,1
12906,來去清言見,1
12907,去清言見古,1
12908,清言見古今,1
12909,言見古今江,1
12910,見古今江寒,1
12911,古今江寒池,1
12912,今江寒池水,1
12913,江寒池水綠,1
12914,寒池水綠山,1
12915,池水綠山暝,1
12916,水綠山暝竹,1
12917,綠山暝竹園,1
12918,山暝竹園深,1
12919,暝竹園深別,1
12920,竹園深別有,1
12921,園深別有中,1
12922,深別有中天,1
12923,別有中天月,1
12924,有中天月遙,1
12925,中天月遙遙,1
12926,天月遙遙散,1
12927,月遙遙散夕,1
12928,遙遙散夕陰,1
12929,遙散夕陰山,1
12930,散夕陰山中,1
12931,夕陰山中有,1
12932,陰山中有流,1
12933,山中有流水,1
12934,中有流水借,1
12935,有流水借問,1
12936,流水借問不,1
12937,水借問不知,1
12938,借問不知名,1
12939,問不知名映,1
12940,不知名映地,1
12941,知名映地為,1
12942,名映地為天,1
12943,映地為天色,1
12944,地為天色飛,1
12945,為天色飛空,1
12946,天色飛空作,1
12947,色飛空作雨,1
12948,飛空作雨聲,1
12949,空作雨聲轉,1
12950,作雨聲轉來,1
12951,雨聲轉來深,1
12952,聲轉來深澗,1
12953,轉來深澗滿,1
12954,來深澗滿分,1
12955,深澗滿分出,1
12956,澗滿分出小,1
12957,滿分出小池,1
12958,分出小池平,1
12959,出小池平恬,1
12960,小池平恬澹,1
12961,池平恬澹無,1
12962,平恬澹無人,1
12963,恬澹無人見,1
12964,澹無人見年,1
12965,無人見年年,1
12966,人見年年長,1
12967,見年年長自,1
12968,年年長自清,1
12969,年長自清上,1
12970,長自清上士,1
12971,自清上士既,1
12972,清上士既開,1
12973,上士既開天,1
12974,士既開天中,1
12975,既開天中朝,1
12976,開天中朝為,1
12977,天中朝為得,1
12978,中朝為得賢,1
12979,朝為得賢青,1
12980,為得賢青雲,1
12981,得賢青雲方,1
12982,賢青雲方羽,1
12983,青雲方羽翼,1
12984,雲方羽翼畫,1
12985,方羽翼畫省,1
12986,羽翼畫省比,1
12987,翼畫省比神,1
12988,畫省比神仙,1
12989,省比神仙委,1
12990,比神仙委佩,1
12991,神仙委佩雲,1
12992,仙委佩雲霄,1
12993,委佩雲霄裏,1
12994,佩雲霄裏含,1
12995,雲霄裏含香,1
12996,霄裏含香日,1
12997,裏含香日月,1
12998,含香日月前,1
12999,香日月前君,1
13000,日月前君王,1
13001,月前君王儻,1
13002,前君王儻借,1
13003,君王儻借問,1
13004,王儻借問客,1
13005,儻借問客有,1
13006,借問客有上,1
13007,問客有上林,1
13008,客有上林篇,1
13009,有上林篇皇,1
13010,上林篇皇州,1
13011,林篇皇州月,1
13012,篇皇州月初,1
13013,皇州月初曉,1
13014,州月初曉處,1
13015,月初曉處處,1
13016,初曉處處鼓,1
13017,曉處處鼓鐘,1
13018,處處鼓鐘喧,1
13019,處鼓鐘喧樹,1
13020,鼓鐘喧樹出,1
13021,鐘喧樹出蓬,1
13022,喧樹出蓬萊,1
13023,樹出蓬萊殿,1
13024,出蓬萊殿城,1
13025,蓬萊殿城開,1
13026,萊殿城開閶,1
13027,殿城開閶闔,1
13028,城開閶闔門,1
13029,開閶闔門近,1
13030,閶闔門近臣,1
13031,闔門近臣朝,1
13032,門近臣朝瑣,1
13033,近臣朝瑣闥,1
13034,臣朝瑣闥詞,1
13035,朝瑣闥詞客,1
13036,瑣闥詞客向,1
13037,闥詞客向文,1
13038,詞客向文園,1
13039,客向文園獨,1
13040,向文園獨有,1
13041,文園獨有三,1
13042,園獨有三川,1
13043,獨有三川路,1
13044,有三川路空,1
13045,三川路空傷,1
13046,川路空傷遊,1
13047,路空傷遊子,1
13048,空傷遊子魂,1
13049,傷遊子魂門,1
13050,遊子魂門生,1
13051,子魂門生故,1
13052,魂門生故來,1
13053,門生故來往,1
13054,生故來往知,1
13055,故來往知欲,1
13056,來往知欲命,1
13057,往知欲命浮,1
13058,知欲命浮觴,1
13059,欲命浮觴忽,1
13060,命浮觴忽奉,1
13061,浮觴忽奉朝,1
13062,觴忽奉朝青,1
13063,忽奉朝青閣,1
13064,奉朝青閣回,1
13065,朝青閣回車,1
13066,青閣回車入,1
13067,閣回車入上,1
13068,回車入上陽,1
13069,車入上陽落,1
13070,入上陽落花,1
13071,上陽落花滿,1
13072,陽落花滿春,1
13073,落花滿春水,1
13074,花滿春水疏,1
13075,滿春水疏柳,1
13076,春水疏柳映,1
13077,水疏柳映新,1
13078,疏柳映新塘,1
13079,柳映新塘是,1
13080,映新塘是日,1
13081,新塘是日歸,1
13082,塘是日歸來,1
13083,是日歸來暮,1
13084,日歸來暮勞,1
13085,歸來暮勞君,1
13086,來暮勞君奏,1
13087,暮勞君奏雅,1
13088,勞君奏雅章,1
13089,君奏雅章青,1
13090,奏雅章青闕,1
13091,雅章青闕朝,1
13092,章青闕朝初,1
13093,青闕朝初退,1
13094,闕朝初退白,1
13095,朝初退白雲,1
13096,初退白雲遙,1
13097,退白雲遙在,1
13098,白雲遙在天,1
13099,雲遙在天非,1
13100,遙在天非關,1
13101,在天非關取,1
13102,天非關取雷,1
13103,非關取雷雨,1
13104,關取雷雨故,1
13105,取雷雨故欲,1
13106,雷雨故欲伴,1
13107,雨故欲伴神,1
13108,故欲伴神仙,1
13109,欲伴神仙泛,1
13110,伴神仙泛灩,1
13111,神仙泛灩鵷,1
13112,仙泛灩鵷池,1
13113,泛灩鵷池曲,1
13114,灩鵷池曲飄,1
13115,鵷池曲飄颻,1
13116,池曲飄颻瑣,1
13117,曲飄颻瑣闥,1
13118,飄颻瑣闥前,1
13119,颻瑣闥前猶,1
13120,瑣闥前猶多,1
13121,闥前猶多遠,1
13122,前猶多遠山,1
13123,猶多遠山意,1
13124,多遠山意幸,1
13125,遠山意幸入,1
13126,山意幸入侍,1
13127,意幸入侍臣,1
13128,幸入侍臣篇,1
13129,入侍臣篇故,1
13130,侍臣篇故壇,1
13131,臣篇故壇何,1
13132,篇故壇何肅,1
13133,故壇何肅肅,1
13134,壇何肅肅中,1
13135,何肅肅中野,1
13136,肅肅中野自,1
13137,肅中野自無,1
13138,中野自無喧,1
13139,野自無喧烈,1
13140,自無喧烈火,1
13141,無喧烈火見,1
13142,喧烈火見陳,1
13143,烈火見陳信,1
13144,火見陳信颺,1
13145,見陳信颺言,1
13146,陳信颺言聞,1
13147,信颺言聞永,1
13148,颺言聞永存,1
13149,言聞永存房,1
13150,聞永存房星,1
13151,永存房星隱,1
13152,存房星隱曙,1
13153,房星隱曙色,1
13154,星隱曙色朔,1
13155,隱曙色朔風,1
13156,曙色朔風動,1
13157,色朔風動寒,1
13158,朔風動寒原,1
13159,風動寒原今,1
13160,動寒原今日,1
13161,寒原今日歌,1
13162,原今日歌天,1
13163,今日歌天馬,1
13164,日歌天馬非,1
13165,歌天馬非關,1
13166,天馬非關征,1
13167,馬非關征大,1
13168,非關征大宛,1
13169,關征大宛聖,1
13170,征大宛聖主,1
13171,大宛聖主禦,1
13172,宛聖主禦青,1
13173,聖主禦青春,1
13174,主禦青春綸,1
13175,禦青春綸言,1
13176,青春綸言命,1
13177,春綸言命使,1
13178,綸言命使臣,1
13179,言命使臣將,1
13180,命使臣將修,1
13181,使臣將修風,1
13182,臣將修風伯,1
13183,將修風伯祀,1
13184,修風伯祀更,1
13185,風伯祀更福,1
13186,伯祀更福太,1
13187,祀更福太平,1
13188,更福太平人,1
13189,福太平人帟,1
13190,太平人帟幕,1
13191,平人帟幕宵,1
13192,人帟幕宵聯,1
13193,帟幕宵聯事,1
13194,幕宵聯事壇,1
13195,宵聯事壇場,1
13196,聯事壇場曉,1
13197,事壇場曉降,1
13198,壇場曉降神,1
13199,場曉降神帝,1
13200,曉降神帝心,1
13201,降神帝心矜,1
13202,神帝心矜動,1
13203,帝心矜動物,1
13204,心矜動物非,1
13205,矜動物非為,1
13206,動物非為屬,1
13207,物非為屬車,1
13208,非為屬車人,1
13209,為屬車人泊,1
13210,屬車人泊舟,1
13211,車人泊舟伊,1
13212,人泊舟伊川,1
13213,泊舟伊川右,1
13214,舟伊川右正,1
13215,伊川右正見,1
13216,川右正見野,1
13217,右正見野人,1
13218,正見野人歸,1
13219,見野人歸日,1
13220,野人歸日暮,1
13221,人歸日暮春,1
13222,歸日暮春山,1
13223,日暮春山綠,1
13224,暮春山綠我,1
13225,春山綠我心,1
13226,山綠我心清,1
13227,綠我心清且,1
13228,我心清且微,1
13229,心清且微岩,1
13230,清且微岩聲,1
13231,且微岩聲風,1
13232,微岩聲風雨,1
13233,岩聲風雨度,1
13234,聲風雨度水,1
13235,風雨度水氣,1
13236,雨度水氣雲,1
13237,度水氣雲霞,1
13238,水氣雲霞飛,1
13239,氣雲霞飛複,1
13240,雲霞飛複有,1
13241,霞飛複有金,1
13242,飛複有金門,1
13243,複有金門客,1
13244,有金門客來,1
13245,金門客來參,1
13246,門客來參蘿,1
13247,客來參蘿薜,1
13248,來參蘿薜衣,1
13249,參蘿薜衣白,1
13250,蘿薜衣白雪,1
13251,薜衣白雪宜,1
13252,衣白雪宜新,1
13253,白雪宜新舞,1
13254,雪宜新舞清,1
13255,宜新舞清宵,1
13256,新舞清宵召,1
13257,舞清宵召楚,1
13258,清宵召楚妃,1
13259,宵召楚妃嬌,1
13260,召楚妃嬌童,1
13261,楚妃嬌童攜,1
13262,妃嬌童攜錦,1
13263,嬌童攜錦薦,1
13264,童攜錦薦侍,1
13265,攜錦薦侍女,1
13266,錦薦侍女整,1
13267,薦侍女整羅,1
13268,侍女整羅衣,1
13269,女整羅衣花,1
13270,整羅衣花映,1
13271,羅衣花映垂,1
13272,衣花映垂鬟,1
13273,花映垂鬟轉,1
13274,映垂鬟轉香,1
13275,垂鬟轉香迎,1
13276,鬟轉香迎步,1
13277,轉香迎步履,1
13278,香迎步履飛,1
13279,迎步履飛徐,1
13280,步履飛徐徐,1
13281,履飛徐徐斂,1
13282,飛徐徐斂長,1
13283,徐徐斂長袖,1
13284,徐斂長袖雙,1
13285,斂長袖雙燭,1
13286,長袖雙燭送,1
13287,袖雙燭送將,1
13288,雙燭送將歸,1
13289,燭送將歸河,1
13290,送將歸河橋,1
13291,將歸河橋送,1
13292,歸河橋送客,1
13293,河橋送客舟,1
13294,橋送客舟河,1
13295,送客舟河水,1
13296,客舟河水正,1
13297,舟河水正安,1
13298,河水正安流,1
13299,水正安流遠,1
13300,正安流遠見,1
13301,安流遠見輕,1
13302,流遠見輕橈,1
13303,遠見輕橈動,1
13304,見輕橈動遙,1
13305,輕橈動遙憐,1
13306,橈動遙憐故,1
13307,動遙憐故國,1
13308,遙憐故國遊,1
13309,憐故國遊海,1
13310,故國遊海禽,1
13311,國遊海禽逢,1
13312,遊海禽逢早,1
13313,海禽逢早雁,1
13314,禽逢早雁江,1
13315,逢早雁江月,1
13316,早雁江月值,1
13317,雁江月值新,1
13318,江月值新秋,1
13319,月值新秋一,1
13320,值新秋一聽,1
13321,新秋一聽南,1
13322,秋一聽南津,1
13323,一聽南津曲,1
13324,聽南津曲分,1
13325,南津曲分明,1
13326,津曲分明散,1
13327,曲分明散別,1
13328,分明散別愁,1
13329,明散別愁二,1
13330,散別愁二月,1
13331,別愁二月清,1
13332,愁二月清江,1
13333,二月清江外,1
13334,月清江外遙,1
13335,清江外遙遙,1
13336,江外遙遙餞,1
13337,外遙遙餞故,1
13338,遙遙餞故人,1
13339,遙餞故人南,1
13340,餞故人南山,1
13341,故人南山晴,1
13342,人南山晴有,1
13343,南山晴有雪,1
13344,山晴有雪東,1
13345,晴有雪東陌,1
13346,有雪東陌霽,1
13347,雪東陌霽無,1
13348,東陌霽無塵,1
13349,陌霽無塵騎,1
13350,霽無塵騎別,1
13351,無塵騎別章,1
13352,塵騎別章台,1
13353,騎別章台晚,1
13354,別章台晚舟,1
13355,章台晚舟行,1
13356,台晚舟行洛,1
13357,晚舟行洛水,1
13358,舟行洛水春,1
13359,行洛水春知,1
13360,洛水春知君,1
13361,水春知君梁,1
13362,春知君梁苑,1
13363,知君梁苑去,1
13364,君梁苑去日,1
13365,梁苑去日見,1
13366,苑去日見白,1
13367,去日見白華,1
13368,日見白華新,1
13369,見白華新洛,1
13370,白華新洛城,1
13371,華新洛城春,1
13372,新洛城春雨,1
13373,洛城春雨霽,1
13374,城春雨霽相,1
13375,春雨霽相送,1
13376,雨霽相送下,1
13377,霽相送下江,1
13378,相送下江鄉,1
13379,送下江鄉樹,1
13380,下江鄉樹綠,1
13381,江鄉樹綠天,1
13382,鄉樹綠天津,1
13383,樹綠天津道,1
13384,綠天津道山,1
13385,天津道山明,1
13386,津道山明伊,1
13387,道山明伊水,1
13388,山明伊水陽,1
13389,明伊水陽孤,1
13390,伊水陽孤舟,1
13391,水陽孤舟從,1
13392,陽孤舟從此,1
13393,孤舟從此去,1
13394,舟從此去客,1
13395,從此去客思,1
13396,此去客思一,1
13397,去客思一何,1
13398,客思一何長,1
13399,思一何長直,1
13400,一何長直望,1
13401,何長直望清,1
13402,長直望清波,1
13403,直望清波里,1
13404,望清波里唯,1
13405,清波里唯餘,1
13406,波里唯餘落,1
13407,里唯餘落日,1
13408,唯餘落日光,1
13409,餘落日光越,1
13410,落日光越城,1
13411,日光越城臨,1
13412,光越城臨渤,1
13413,越城臨渤澥,1
13414,城臨渤澥晉,1
13415,臨渤澥晉國,1
13416,渤澥晉國在,1
13417,澥晉國在河,1
13418,晉國在河汾,1
13419,國在河汾仙,1
13420,在河汾仙綬,1
13421,河汾仙綬兩,1
13422,汾仙綬兩鄉,1
13423,仙綬兩鄉意,1
13424,綬兩鄉意青,1
13425,兩鄉意青郊,1
13426,鄉意青郊一,1
13427,意青郊一路,1
13428,青郊一路分,1
13429,郊一路分野,1
13430,一路分野棠,1
13431,路分野棠春,1
13432,分野棠春未,1
13433,野棠春未發,1
13434,棠春未發田,1
13435,春未發田雀,1
13436,未發田雀暮,1
13437,發田雀暮成,1
13438,田雀暮成群,1
13439,雀暮成群他,1
13440,暮成群他日,1
13441,成群他日思,1
13442,群他日思吳,1
13443,他日思吳會,1
13444,日思吳會嘗,1
13445,思吳會嘗因,1
13446,吳會嘗因西,1
13447,會嘗因西北,1
13448,嘗因西北雲,1
13449,因西北雲清,1
13450,西北雲清洛,1
13451,北雲清洛帶,1
13452,雲清洛帶芝,1
13453,清洛帶芝田,1
13454,洛帶芝田東,1
13455,帶芝田東流,1
13456,芝田東流入,1
13457,田東流入大,1
13458,東流入大川,1
13459,流入大川舟,1
13460,入大川舟輕,1
13461,大川舟輕水,1
13462,川舟輕水複,1
13463,舟輕水複急,1
13464,輕水複急別,1
13465,水複急別望,1
13466,複急別望杳,1
13467,急別望杳如,1
13468,別望杳如仙,1
13469,望杳如仙細,1
13470,杳如仙細草,1
13471,如仙細草生,1
13472,仙細草生春,1
13473,細草生春岸,1
13474,草生春岸明,1
13475,生春岸明霞,1
13476,春岸明霞散,1
13477,岸明霞散早,1
13478,明霞散早天,1
13479,霞散早天送,1
13480,散早天送君,1
13481,早天送君唯,1
13482,天送君唯一,1
13483,送君唯一曲,1
13484,君唯一曲當,1
13485,唯一曲當是,1
13486,一曲當是白,1
13487,曲當是白華,1
13488,當是白華篇,1
13489,是白華篇西,1
13490,白華篇西方,1
13491,華篇西方有,1
13492,篇西方有六,1
13493,西方有六國,1
13494,方有六國國,1
13495,有六國國國,1
13496,六國國國願,1
13497,國國國願來,1
13498,國國願來賓,1
13499,國願來賓聖,1
13500,願來賓聖主,1
13501,來賓聖主今,1
13502,賓聖主今無,1
13503,聖主今無外,1
13504,主今無外懷,1
13505,今無外懷柔,1
13506,無外懷柔遣,1
13507,外懷柔遣使,1
13508,懷柔遣使臣,1
13509,柔遣使臣大,1
13510,遣使臣大夫,1
13511,使臣大夫開,1
13512,臣大夫開幕,1
13513,大夫開幕府,1
13514,夫開幕府才,1
13515,開幕府才子,1
13516,幕府才子作,1
13517,府才子作行,1
13518,才子作行人,1
13519,子作行人解,1
13520,作行人解劍,1
13521,行人解劍聊,1
13522,人解劍聊相,1
13523,解劍聊相送,1
13524,劍聊相送邊,1
13525,聊相送邊城,1
13526,相送邊城二,1
13527,送邊城二月,1
13528,邊城二月春,1
13529,城二月春落,1
13530,二月春落日,1
13531,月春落日臨,1
13532,春落日臨禦,1
13533,落日臨禦溝,1
13534,日臨禦溝送,1
13535,臨禦溝送君,1
13536,禦溝送君還,1
13537,溝送君還北,1
13538,送君還北州,1
13539,君還北州樹,1
13540,還北州樹涼,1
13541,北州樹涼征,1
13542,州樹涼征馬,1
13543,樹涼征馬去,1
13544,涼征馬去路,1
13545,征馬去路暝,1
13546,馬去路暝歸,1
13547,去路暝歸人,1
13548,路暝歸人愁,1
13549,暝歸人愁吳,1
13550,歸人愁吳岳,1
13551,人愁吳岳夏,1
13552,愁吳岳夏雲,1
13553,吳岳夏雲盡,1
13554,岳夏雲盡渭,1
13555,夏雲盡渭河,1
13556,雲盡渭河秋,1
13557,盡渭河秋水,1
13558,渭河秋水流,1
13559,河秋水流東,1
13560,秋水流東籬,1
13561,水流東籬摘,1
13562,流東籬摘芳,1
13563,東籬摘芳菊,1
13564,籬摘芳菊想,1
13565,摘芳菊想見,1
13566,芳菊想見竹,1
13567,菊想見竹林,1
13568,想見竹林遊,1
13569,見竹林遊柱,1
13570,竹林遊柱史,1
13571,林遊柱史回,1
13572,遊柱史回清,1
13573,柱史回清憲,1
13574,史回清憲謫,1
13575,回清憲謫居,1
13576,清憲謫居臨,1
13577,憲謫居臨漢,1
13578,謫居臨漢川,1
13579,居臨漢川遲,1
13580,臨漢川遲君,1
13581,漢川遲君千,1
13582,川遲君千里,1
13583,遲君千里駕,1
13584,君千里駕方,1
13585,千里駕方外,1
13586,里駕方外賞,1
13587,駕方外賞雲,1
13588,方外賞雲泉,1
13589,外賞雲泉路,1
13590,賞雲泉路斷,1
13591,雲泉路斷因,1
13592,泉路斷因春,1
13593,路斷因春水,1
13594,斷因春水山,1
13595,因春水山深,1
13596,春水山深隔,1
13597,水山深隔暝,1
13598,山深隔暝煙,1
13599,深隔暝煙湘,1
13600,隔暝煙湘江,1
13601,暝煙湘江見,1
13602,煙湘江見遊,1
13603,湘江見遊女,1
13604,江見遊女寄,1
13605,見遊女寄摘,1
13606,遊女寄摘一,1
13607,女寄摘一枝,1
13608,寄摘一枝蓮,1
13609,摘一枝蓮相,1
13610,一枝蓮相送,1
13611,枝蓮相送隴,1
13612,蓮相送隴山,1
13613,相送隴山頭,1
13614,送隴山頭東,1
13615,隴山頭東西,1
13616,山頭東西隴,1
13617,頭東西隴水,1
13618,東西隴水流,1
13619,西隴水流從,1
13620,隴水流從來,1
13621,水流從來心,1
13622,流從來心膽,1
13623,從來心膽盛,1
13624,來心膽盛今,1
13625,心膽盛今日,1
13626,膽盛今日為,1
13627,盛今日為君,1
13628,今日為君愁,1
13629,日為君愁暗,1
13630,為君愁暗雪,1
13631,君愁暗雪迷,1
13632,愁暗雪迷征,1
13633,暗雪迷征路,1
13634,雪迷征路寒,1
13635,迷征路寒雲,1
13636,征路寒雲隱,1
13637,路寒雲隱戍,1
13638,寒雲隱戍樓,1
13639,雲隱戍樓唯,1
13640,隱戍樓唯餘,1
13641,戍樓唯餘旌,1
13642,樓唯餘旌旆,1
13643,唯餘旌旆影,1
13644,餘旌旆影相,1
13645,旌旆影相逐,1
13646,旆影相逐去,1
13647,影相逐去悠,1
13648,相逐去悠悠,1
13649,逐去悠悠朝,1
13650,去悠悠朝看,1
13651,悠悠朝看法,1
13652,悠朝看法雲,1
13653,朝看法雲散,1
13654,看法雲散知,1
13655,法雲散知有,1
13656,雲散知有至,1
13657,散知有至人,1
13658,知有至人還,1
13659,有至人還送,1
13660,至人還送客,1
13661,人還送客臨,1
13662,還送客臨伊,1
13663,送客臨伊水,1
13664,客臨伊水行,1
13665,臨伊水行車,1
13666,伊水行車出,1
13667,水行車出故,1
13668,行車出故關,1
13669,車出故關天,1
13670,出故關天花,1
13671,故關天花滿,1
13672,關天花滿南,1
13673,天花滿南國,1
13674,花滿南國精,1
13675,滿南國精舍,1
13676,南國精舍在,1
13677,國精舍在空,1
13678,精舍在空山,1
13679,舍在空山雖,1
13680,在空山雖複,1
13681,空山雖複時,1
13682,山雖複時來,1
13683,雖複時來去,1
13684,複時來去中,1
13685,時來去中心,1
13686,來去中心長,1
13687,去中心長日,1
13688,中心長日閑,1
13689,心長日閑落,1
13690,長日閑落日,1
13691,日閑落日吹,1
13692,閑落日吹簫,1
13693,落日吹簫管,1
13694,日吹簫管清,1
13695,吹簫管清池,1
13696,簫管清池發,1
13697,管清池發棹,1
13698,清池發棹歌,1
13699,池發棹歌船,1
13700,發棹歌船爭,1
13701,棹歌船爭先,1
13702,歌船爭先後,1
13703,船爭先後渡,1
13704,爭先後渡岸,1
13705,先後渡岸激,1
13706,後渡岸激去,1
13707,渡岸激去來,1
13708,岸激去來波,1
13709,激去來波水,1
13710,去來波水葉,1
13711,來波水葉藏,1
13712,波水葉藏魚,1
13713,水葉藏魚鳥,1
13714,葉藏魚鳥林,1
13715,藏魚鳥林花,1
13716,魚鳥林花間,1
13717,鳥林花間綺,1
13718,林花間綺羅,1
13719,花間綺羅踟,1
13720,間綺羅踟躕,1
13721,綺羅踟躕仙,1
13722,羅踟躕仙女,1
13723,踟躕仙女處,1
13724,躕仙女處猶,1
13725,仙女處猶似,1
13726,女處猶似望,1
13727,處猶似望天,1
13728,猶似望天河,1
13729,似望天河一,1
13730,望天河一作,1
13731,天河一作雲,1
13732,河一作雲峰,1
13733,一作雲峰別,1
13734,作雲峰別三,1
13735,雲峰別三看,1
13736,峰別三看花,1
13737,別三看花柳,1
13738,三看花柳朝,1
13739,看花柳朝青,1
13740,花柳朝青山,1
13741,柳朝青山隔,1
13742,朝青山隔遠,1
13743,青山隔遠路,1
13744,山隔遠路明,1
13745,隔遠路明月,1
13746,遠路明月空,1
13747,路明月空長,1
13748,明月空長霄,1
13749,月空長霄鵲,1
13750,空長霄鵲浴,1
13751,長霄鵲浴西,1
13752,霄鵲浴西江,1
13753,鵲浴西江雨,1
13754,浴西江雨雞,1
13755,西江雨雞鳴,1
13756,江雨雞鳴東,1
13757,雨雞鳴東海,1
13758,雞鳴東海潮,1
13759,鳴東海潮此,1
13760,東海潮此情,1
13761,海潮此情勞,1
13762,潮此情勞夢,1
13763,此情勞夢寐,1
13764,情勞夢寐況,1
13765,勞夢寐況道,1
13766,夢寐況道雙,1
13767,寐況道雙林,1
13768,況道雙林遙,1
13769,道雙林遙山,1
13770,雙林遙山中,1
13771,林遙山中人,1
13772,遙山中人不,1
13773,山中人不見,1
13774,中人不見雲,1
13775,人不見雲去,1
13776,不見雲去夕,1
13777,見雲去夕陽,1
13778,雲去夕陽過,1
13779,去夕陽過淺,1
13780,夕陽過淺瀨,1
13781,陽過淺瀨寒,1
13782,過淺瀨寒魚,1
13783,淺瀨寒魚少,1
13784,瀨寒魚少叢,1
13785,寒魚少叢蘭,1
13786,魚少叢蘭秋,1
13787,少叢蘭秋蝶,1
13788,叢蘭秋蝶多,1
13789,蘭秋蝶多老,1
13790,秋蝶多老年,1
13791,蝶多老年疏,1
13792,多老年疏世,1
13793,老年疏世事,1
13794,年疏世事幽,1
13795,疏世事幽性,1
13796,世事幽性樂,1
13797,事幽性樂天,1
13798,幽性樂天和,1
13799,性樂天和酒,1
13800,樂天和酒熟,1
13801,天和酒熟思,1
13802,和酒熟思才,1
13803,酒熟思才子,1
13804,熟思才子溪,1
13805,思才子溪頭,1
13806,才子溪頭望,1
13807,子溪頭望玉,1
13808,溪頭望玉珂,1
13809,頭望玉珂大,1
13810,望玉珂大道,1
13811,玉珂大道啟,1
13812,珂大道啟元,1
13813,大道啟元命,1
13814,道啟元命時,1
13815,啟元命時人,1
13816,元命時人居,1
13817,命時人居太,1
13818,時人居太康,1
13819,人居太康中,1
13820,居太康中朝,1
13821,太康中朝發,1
13822,康中朝發玄,1
13823,中朝發玄澤,1
13824,朝發玄澤下,1
13825,發玄澤下國,1
13826,玄澤下國被,1
13827,澤下國被天,1
13828,下國被天光,1
13829,國被天光明,1
13830,被天光明詔,1
13831,天光明詔始,1
13832,光明詔始端,1
13833,明詔始端午,1
13834,詔始端午初,1
13835,始端午初筵,1
13836,端午初筵當,1
13837,午初筵當履,1
13838,初筵當履霜,1
13839,筵當履霜鼓,1
13840,當履霜鼓鼙,1
13841,履霜鼓鼙迎,1
13842,霜鼓鼙迎爽,1
13843,鼓鼙迎爽氣,1
13844,鼙迎爽氣羽,1
13845,迎爽氣羽鑰,1
13846,爽氣羽鑰映,1
13847,氣羽鑰映新,1
13848,羽鑰映新陽,1
13849,鑰映新陽太,1
13850,映新陽太守,1
13851,新陽太守即,1
13852,陽太守即懸,1
13853,太守即懸圃,1
13854,守即懸圃淮,1
13855,即懸圃淮夷,1
13856,懸圃淮夷成,1
13857,圃淮夷成葆,1
13858,淮夷成葆疆,1
13859,夷成葆疆小,1
13860,成葆疆小臣,1
13861,葆疆小臣慚,1
13862,疆小臣慚下,1
13863,小臣慚下位,1
13864,臣慚下位拜,1
13865,慚下位拜手,1
13866,下位拜手頌,1
13867,位拜手頌靈,1
13868,拜手頌靈長,1
13869,手頌靈長公,1
13870,頌靈長公府,1
13871,靈長公府傳,1
13872,長公府傳休,1
13873,公府傳休沐,1
13874,府傳休沐私,1
13875,傳休沐私庭,1
13876,休沐私庭效,1
13877,沐私庭效陸,1
13878,私庭效陸沉,1
13879,庭效陸沉方,1
13880,效陸沉方知,1
13881,陸沉方知從,1
13882,沉方知從大,1
13883,方知從大隱,1
13884,知從大隱非,1
13885,從大隱非複,1
13886,大隱非複在,1
13887,隱非複在幽,1
13888,非複在幽林,1
13889,複在幽林闕,1
13890,在幽林闕下,1
13891,幽林闕下忠,1
13892,林闕下忠貞,1
13893,闕下忠貞志,1
13894,下忠貞志人,1
13895,忠貞志人間,1
13896,貞志人間孝,1
13897,志人間孝友,1
13898,人間孝友心,1
13899,間孝友心既,1
13900,孝友心既將,1
13901,友心既將冠,1
13902,心既將冠蓋,1
13903,既將冠蓋雅,1
13904,將冠蓋雅仍,1
13905,冠蓋雅仍與,1
13906,蓋雅仍與薜,1
13907,雅仍與薜蘿,1
13908,仍與薜蘿深,1
13909,與薜蘿深寒,1
13910,薜蘿深寒變,1
13911,蘿深寒變中,1
13912,深寒變中園,1
13913,寒變中園柳,1
13914,變中園柳春,1
13915,中園柳春歸,1
13916,園柳春歸上,1
13917,柳春歸上苑,1
13918,春歸上苑禽,1
13919,歸上苑禽池,1
13920,上苑禽池涵,1
13921,苑禽池涵青,1
13922,禽池涵青草,1
13923,池涵青草色,1
13924,涵青草色山,1
13925,青草色山帶,1
13926,草色山帶白,1
13927,色山帶白雲,1
13928,山帶白雲陰,1
13929,帶白雲陰潘,1
13930,白雲陰潘岳,1
13931,雲陰潘岳閒,1
13932,陰潘岳閒居,1
13933,潘岳閒居賦,1
13934,岳閒居賦鐘,1
13935,閒居賦鐘期,1
13936,居賦鐘期流,1
13937,賦鐘期流水,1
13938,鐘期流水琴,1
13939,期流水琴一,1
13940,流水琴一經,1
13941,水琴一經當,1
13942,琴一經當自,1
13943,一經當自足,1
13944,經當自足何,1
13945,當自足何用,1
13946,自足何用遺,1
13947,足何用遺黃,1
13948,何用遺黃金,1
13949,用遺黃金彩,1
13950,遺黃金彩服,1
13951,黃金彩服去,1
13952,金彩服去江,1
13953,彩服去江汜,1
13954,服去江汜白,1
13955,去江汜白雲,1
13956,江汜白雲生,1
13957,汜白雲生大,1
13958,白雲生大樑,1
13959,雲生大樑星,1
13960,生大樑星辰,1
13961,大樑星辰動,1
13962,樑星辰動異,1
13963,星辰動異色,1
13964,辰動異色羔,1
13965,動異色羔雁,1
13966,異色羔雁成,1
13967,色羔雁成新,1
13968,羔雁成新行,1
13969,雁成新行日,1
13970,成新行日望,1
13971,新行日望天,1
13972,行日望天朝,1
13973,日望天朝近,1
13974,望天朝近時,1
13975,天朝近時憂,1
13976,朝近時憂郢,1
13977,近時憂郢路,1
13978,時憂郢路長,1
13979,憂郢路長情,1
13980,郢路長情言,1
13981,路長情言間,1
13982,長情言間薖,1
13983,情言間薖軸,1
13984,言間薖軸惠,1
13985,間薖軸惠念,1
13986,薖軸惠念及,1
13987,軸惠念及滄,1
13988,惠念及滄浪,1
13989,念及滄浪松,1
13990,及滄浪松柏,1
13991,滄浪松柏以,1
13992,浪松柏以之,1
13993,松柏以之茂,1
13994,柏以之茂江,1
13995,以之茂江湖,1
13996,之茂江湖亦,1
13997,茂江湖亦自,1
13998,江湖亦自忘,1
13999,湖亦自忘賈,1
14000,亦自忘賈生,1
14001,自忘賈生方,1
14002,忘賈生方吊,1
14003,賈生方吊屈,1
14004,生方吊屈豈,1
14005,方吊屈豈敢,1
14006,吊屈豈敢比,1
14007,屈豈敢比南,1
14008,豈敢比南昌,1
14009,敢比南昌眾,1
14010,比南昌眾星,1
14011,南昌眾星已,1
14012,昌眾星已窮,1
14013,眾星已窮次,1
14014,星已窮次青,1
14015,已窮次青帝,1
14016,窮次青帝方,1
14017,次青帝方行,1
14018,青帝方行春,1
14019,帝方行春永,1
14020,方行春永感,1
14021,行春永感易,1
14022,春永感易成,1
14023,永感易成戚,1
14024,感易成戚離,1
14025,易成戚離居,1
14026,成戚離居難,1
14027,戚離居難重,1
14028,離居難重陳,1
14029,居難重陳闔,1
14030,難重陳闔門,1
14031,重陳闔門守,1
14032,陳闔門守初,1
14033,闔門守初夜,1
14034,門守初夜燎,1
14035,守初夜燎火,1
14036,初夜燎火到,1
14037,夜燎火到清,1
14038,燎火到清晨,1
14039,火到清晨或,1
14040,到清晨或念,1
14041,清晨或念無,1
14042,晨或念無生,1
14043,或念無生法,1
14044,念無生法多,1
14045,無生法多傷,1
14046,生法多傷未,1
14047,法多傷未出,1
14048,多傷未出塵,1
14049,傷未出塵廣,1
14050,未出塵廣庭,1
14051,出塵廣庭日,1
14052,塵廣庭日將,1
14053,廣庭日將晏,1
14054,庭日將晏虛,1
14055,日將晏虛室,1
14056,將晏虛室自,1
14057,晏虛室自為,1
14058,虛室自為賓,1
14059,室自為賓願,1
14060,自為賓願以,1
14061,為賓願以桑,1
14062,賓願以桑榆,1
14063,願以桑榆末,1
14064,以桑榆末常,1
14065,桑榆末常逢,1
14066,榆末常逢甲,1
14067,末常逢甲子,1
14068,常逢甲子新,1
14069,逢甲子新肅,1
14070,甲子新肅穆,1
14071,子新肅穆郊,1
14072,新肅穆郊禋,1
14073,肅穆郊禋畢,1
14074,穆郊禋畢工,1
14075,郊禋畢工歌,1
14076,禋畢工歌賞,1
14077,畢工歌賞事,1
14078,工歌賞事並,1
14079,歌賞事並三,1
14080,賞事並三朝,1
14081,事並三朝遵,1
14082,並三朝遵湛,1
14083,三朝遵湛露,1
14084,朝遵湛露一,1
14085,遵湛露一道,1
14086,湛露一道洽,1
14087,露一道洽仁,1
14088,一道洽仁明,1
14089,道洽仁明布,1
14090,洽仁明布德,1
14091,仁明布德言,1
14092,明布德言皆,1
14093,布德言皆應,1
14094,德言皆應無,1
14095,言皆應無為,1
14096,皆應無為物,1
14097,應無為物自,1
14098,無為物自成,1
14099,為物自成花,1
14100,物自成花添,1
14101,自成花添羅,1
14102,成花添羅綺,1
14103,花添羅綺色,1
14104,添羅綺色鶯,1
14105,羅綺色鶯亂,1
14106,綺色鶯亂管,1
14107,色鶯亂管弦,1
14108,鶯亂管弦聲,1
14109,亂管弦聲獨,1
14110,管弦聲獨有,1
14111,弦聲獨有同,1
14112,聲獨有同高,1
14113,獨有同高唱,1
14114,有同高唱空,1
14115,同高唱空陪,1
14116,高唱空陪樂,1
14117,唱空陪樂太,1
14118,空陪樂太平,1
14119,陪樂太平聖,1
14120,樂太平聖君,1
14121,太平聖君封,1
14122,平聖君封太,1
14123,聖君封太嶽,1
14124,君封太嶽十,1
14125,封太嶽十月,1
14126,太嶽十月建,1
14127,嶽十月建行,1
14128,十月建行旃,1
14129,月建行旃輦,1
14130,建行旃輦路,1
14131,行旃輦路開,1
14132,旃輦路開千,1
14133,輦路開千里,1
14134,路開千里寒,1
14135,開千里寒雲,1
14136,千里寒雲霽,1
14137,里寒雲霽九,1
14138,寒雲霽九天,1
14139,雲霽九天故,1
14140,霽九天故人,1
14141,九天故人多,1
14142,天故人多侍,1
14143,故人多侍從,1
14144,人多侍從二,1
14145,多侍從二子,1
14146,侍從二子留,1
14147,從二子留伊,1
14148,二子留伊川,1
14149,子留伊川河,1
14150,留伊川河兗,1
14151,伊川河兗冰,1
14152,川河兗冰初,1
14153,河兗冰初合,1
14154,兗冰初合關,1
14155,冰初合關城,1
14156,初合關城月,1
14157,合關城月屢,1
14158,關城月屢圓,1
14159,城月屢圓暝,1
14160,月屢圓暝過,1
14161,屢圓暝過滎,1
14162,圓暝過滎水,1
14163,暝過滎水上,1
14164,過滎水上聞,1
14165,滎水上聞說,1
14166,水上聞說鄭,1
14167,上聞說鄭卿,1
14168,聞說鄭卿賢,1
14169,說鄭卿賢材,1
14170,鄭卿賢材蔽,1
14171,卿賢材蔽行,1
14172,賢材蔽行人,1
14173,材蔽行人右,1
14174,蔽行人右名,1
14175,行人右名居,1
14176,人右名居東,1
14177,右名居東裏,1
14178,名居東裏先,1
14179,居東裏先制,1
14180,東裏先制岩,1
14181,裏先制岩開,1
14182,先制岩開別,1
14183,制岩開別業,1
14184,岩開別業桑,1
14185,開別業桑柘,1
14186,別業桑柘亦,1
14187,業桑柘亦依,1
14188,桑柘亦依然,1
14189,柘亦依然待,1
14190,亦依然待至,1
14191,依然待至金,1
14192,然待至金園,1
14193,待至金園側,1
14194,至金園側相,1
14195,金園側相將,1
14196,園側相將居,1
14197,側相將居一,1
14198,相將居一廛,1
14199,將居一廛大,1
14200,居一廛大夫,1
14201,一廛大夫沉,1
14202,廛大夫沉楚,1
14203,大夫沉楚水,1
14204,夫沉楚水千,1
14205,沉楚水千祀,1
14206,楚水千祀國,1
14207,水千祀國人,1
14208,千祀國人哀,1
14209,祀國人哀習,1
14210,國人哀習棹,1
14211,人哀習棹江,1
14212,哀習棹江流,1
14213,習棹江流長,1
14214,棹江流長迎,1
14215,江流長迎神,1
14216,流長迎神雨,1
14217,長迎神雨霧,1
14218,迎神雨霧開,1
14219,神雨霧開標,1
14220,雨霧開標隨,1
14221,霧開標隨綠,1
14222,開標隨綠雲,1
14223,標隨綠雲動,1
14224,隨綠雲動船,1
14225,綠雲動船逆,1
14226,雲動船逆清,1
14227,動船逆清波,1
14228,船逆清波來,1
14229,逆清波來下,1
14230,清波來下怖,1
14231,波來下怖魚,1
14232,來下怖魚龍,1
14233,下怖魚龍起,1
14234,怖魚龍起上,1
14235,魚龍起上驚,1
14236,龍起上驚鳧,1
14237,起上驚鳧雁,1
14238,上驚鳧雁回,1
14239,驚鳧雁回能,1
14240,鳧雁回能令,1
14241,雁回能令秋,1
14242,回能令秋大,1
14243,能令秋大有,1
14244,令秋大有鼓,1
14245,秋大有鼓吹,1
14246,大有鼓吹遠,1
14247,有鼓吹遠相,1
14248,鼓吹遠相催,1
14249,吹遠相催璧,1
14250,遠相催璧池,1
14251,相催璧池忝,1
14252,催璧池忝門,1
14253,璧池忝門子,1
14254,池忝門子俄,1
14255,忝門子俄頃,1
14256,門子俄頃變,1
14257,子俄頃變炎,1
14258,俄頃變炎涼,1
14259,頃變炎涼綠,1
14260,變炎涼綠竹,1
14261,炎涼綠竹深,1
14262,涼綠竹深虛,1
14263,綠竹深虛館,1
14264,竹深虛館清,1
14265,深虛館清流,1
14266,虛館清流響,1
14267,館清流響洞,1
14268,清流響洞房,1
14269,流響洞房園,1
14270,響洞房園林,1
14271,洞房園林在,1
14272,房園林在建,1
14273,園林在建業,1
14274,林在建業新,1
14275,在建業新友,1
14276,建業新友去,1
14277,業新友去咸,1
14278,新友去咸陽,1
14279,友去咸陽中,1
14280,去咸陽中夜,1
14281,咸陽中夜鼓,1
14282,陽中夜鼓鐘,1
14283,中夜鼓鐘靜,1
14284,夜鼓鐘靜初,1
14285,鼓鐘靜初秋,1
14286,鐘靜初秋漏,1
14287,靜初秋漏刻,1
14288,初秋漏刻長,1
14289,秋漏刻長浮,1
14290,漏刻長浮雲,1
14291,刻長浮雲開,1
14292,長浮雲開太,1
14293,浮雲開太室,1
14294,雲開太室華,1
14295,開太室華蓋,1
14296,太室華蓋上,1
14297,室華蓋上明,1
14298,華蓋上明堂,1
14299,蓋上明堂空,1
14300,上明堂空此,1
14301,明堂空此遠,1
14302,堂空此遠相,1
14303,空此遠相望,1
14304,此遠相望勞,1
14305,遠相望勞歌,1
14306,相望勞歌還,1
14307,望勞歌還自,1
14308,勞歌還自傷,1
14309,歌還自傷桑,1
14310,還自傷桑柘,1
14311,自傷桑柘悠,1
14312,傷桑柘悠悠,1
14313,桑柘悠悠水,1
14314,柘悠悠水蘸,1
14315,悠悠水蘸堤,1
14316,悠水蘸堤晚,1
14317,水蘸堤晚風,1
14318,蘸堤晚風晴,1
14319,堤晚風晴景,1
14320,晚風晴景不,1
14321,風晴景不妨,1
14322,晴景不妨犁,1
14323,景不妨犁高,1
14324,不妨犁高機,1
14325,妨犁高機猶,1
14326,犁高機猶織,1
14327,高機猶織臥,1
14328,機猶織臥蠶,1
14329,猶織臥蠶子,1
14330,織臥蠶子下,1
14331,臥蠶子下阪,1
14332,蠶子下阪饑,1
14333,子下阪饑逢,1
14334,下阪饑逢餉,1
14335,阪饑逢餉饁,1
14336,饑逢餉饁妻,1
14337,逢餉饁妻杏,1
14338,餉饁妻杏色,1
14339,饁妻杏色滿,1
14340,妻杏色滿林,1
14341,杏色滿林羊,1
14342,色滿林羊酪,1
14343,滿林羊酪熟,1
14344,林羊酪熟麥,1
14345,羊酪熟麥涼,1
14346,酪熟麥涼浮,1
14347,熟麥涼浮壟,1
14348,麥涼浮壟雉,1
14349,涼浮壟雉媒,1
14350,浮壟雉媒低,1
14351,壟雉媒低生,1
14352,雉媒低生時,1
14353,媒低生時樂,1
14354,低生時樂死,1
14355,生時樂死皆,1
14356,時樂死皆由,1
14357,樂死皆由命,1
14358,死皆由命事,1
14359,皆由命事在,1
14360,由命事在皇,1
14361,命事在皇天,1
14362,事在皇天志,1
14363,在皇天志不,1
14364,皇天志不迷,1
14365,天志不迷洛,1
14366,志不迷洛水,1
14367,不迷洛水春,1
14368,迷洛水春冰,1
14369,洛水春冰開,1
14370,水春冰開洛,1
14371,春冰開洛城,1
14372,冰開洛城春,1
14373,開洛城春水,1
14374,洛城春水綠,1
14375,城春水綠朝,1
14376,春水綠朝看,1
14377,水綠朝看大,1
14378,綠朝看大道,1
14379,朝看大道上,1
14380,看大道上落,1
14381,大道上落花,1
14382,道上落花亂,1
14383,上落花亂馬,1
14384,落花亂馬足,1
14385,花亂馬足劇,1
14386,亂馬足劇孟,1
14387,馬足劇孟不,1
14388,足劇孟不知,1
14389,劇孟不知名,1
14390,孟不知名千,1
14391,不知名千金,1
14392,知名千金買,1
14393,名千金買寶,1
14394,千金買寶劍,1
14395,金買寶劍出,1
14396,買寶劍出入,1
14397,寶劍出入平,1
14398,劍出入平津,1
14399,出入平津邸,1
14400,入平津邸自,1
14401,平津邸自言,1
14402,津邸自言嬌,1
14403,邸自言嬌且,1
14404,自言嬌且豔,1
14405,言嬌且豔大,1
14406,嬌且豔大道,1
14407,且豔大道直,1
14408,豔大道直如,1
14409,大道直如發,1
14410,道直如發春,1
14411,直如發春日,1
14412,如發春日佳,1
14413,發春日佳氣,1
14414,春日佳氣多,1
14415,日佳氣多五,1
14416,佳氣多五陵,1
14417,氣多五陵貴,1
14418,多五陵貴公,1
14419,五陵貴公子,1
14420,陵貴公子雙,1
14421,貴公子雙雙,1
14422,公子雙雙鳴,1
14423,子雙雙鳴玉,1
14424,雙雙鳴玉珂,1
14425,雙鳴玉珂春,1
14426,鳴玉珂春風,1
14427,玉珂春風二,1
14428,珂春風二月,1
14429,春風二月時,1
14430,風二月時道,1
14431,二月時道傍,1
14432,月時道傍柳,1
14433,時道傍柳堪,1
14434,道傍柳堪把,1
14435,傍柳堪把上,1
14436,柳堪把上枝,1
14437,堪把上枝覆,1
14438,把上枝覆官,1
14439,上枝覆官閣,1
14440,枝覆官閣下,1
14441,覆官閣下枝,1
14442,官閣下枝覆,1
14443,閣下枝覆車,1
14444,下枝覆車馬,1
14445,枝覆車馬洛,1
14446,覆車馬洛水,1
14447,車馬洛水照,1
14448,馬洛水照千,1
14449,洛水照千門,1
14450,水照千門千,1
14451,照千門千門,1
14452,千門千門碧,1
14453,門千門碧空,1
14454,千門碧空裏,1
14455,門碧空裏少,1
14456,碧空裏少年,1
14457,空裏少年不,1
14458,裏少年不得,1
14459,少年不得志,1
14460,年不得志走,1
14461,不得志走馬,1
14462,得志走馬遊,1
14463,志走馬遊新,1
14464,走馬遊新市,1
14465,馬遊新市竹,1
14466,遊新市竹吹,1
14467,新市竹吹留,1
14468,市竹吹留歌,1
14469,竹吹留歌扇,1
14470,吹留歌扇蓮,1
14471,留歌扇蓮香,1
14472,歌扇蓮香入,1
14473,扇蓮香入舞,1
14474,蓮香入舞衣,1
14475,香入舞衣前,1
14476,入舞衣前溪,1
14477,舞衣前溪多,1
14478,衣前溪多曲,1
14479,前溪多曲漵,1
14480,溪多曲漵乘,1
14481,多曲漵乘興,1
14482,曲漵乘興莫,1
14483,漵乘興莫先,1
14484,乘興莫先歸,1
14485,興莫先歸鳴,1
14486,莫先歸鳴鞭,1
14487,先歸鳴鞭過,1
14488,歸鳴鞭過酒,1
14489,鳴鞭過酒肆,1
14490,鞭過酒肆袨,1
14491,過酒肆袨服,1
14492,酒肆袨服遊,1
14493,肆袨服遊倡,1
14494,袨服遊倡門,1
14495,服遊倡門百,1
14496,遊倡門百萬,1
14497,倡門百萬一,1
14498,門百萬一時,1
14499,百萬一時盡,1
14500,萬一時盡含,1
14501,一時盡含情,1
14502,時盡含情無,1
14503,盡含情無片,1
14504,含情無片言,1
14505,情無片言西,1
14506,無片言西行,1
14507,片言西行一,1
14508,言西行一千,1
14509,西行一千里,1
14510,行一千里暝,1
14511,一千里暝色,1
14512,千里暝色生,1
14513,里暝色生寒,1
14514,暝色生寒樹,1
14515,色生寒樹暗,1
14516,生寒樹暗聞,1
14517,寒樹暗聞歌,1
14518,樹暗聞歌吹,1
14519,暗聞歌吹聲,1
14520,聞歌吹聲知,1
14521,歌吹聲知是,1
14522,吹聲知是長,1
14523,聲知是長安,1
14524,知是長安路,1
14525,是長安路綠,1
14526,長安路綠江,1
14527,安路綠江深,1
14528,路綠江深見,1
14529,綠江深見底,1
14530,江深見底高,1
14531,深見底高浪,1
14532,見底高浪直,1
14533,底高浪直翻,1
14534,高浪直翻空,1
14535,浪直翻空慣,1
14536,直翻空慣是,1
14537,翻空慣是湖,1
14538,空慣是湖邊,1
14539,慣是湖邊住,1
14540,是湖邊住舟,1
14541,湖邊住舟輕,1
14542,邊住舟輕不,1
14543,住舟輕不畏,1
14544,舟輕不畏風,1
14545,輕不畏風逐,1
14546,不畏風逐流,1
14547,畏風逐流牽,1
14548,風逐流牽荇,1
14549,逐流牽荇葉,1
14550,流牽荇葉緣,1
14551,牽荇葉緣岸,1
14552,荇葉緣岸摘,1
14553,葉緣岸摘蘆,1
14554,緣岸摘蘆苗,1
14555,岸摘蘆苗為,1
14556,摘蘆苗為惜,1
14557,蘆苗為惜鴛,1
14558,苗為惜鴛鴦,1
14559,為惜鴛鴦鳥,1
14560,惜鴛鴦鳥輕,1
14561,鴛鴦鳥輕輕,1
14562,鴦鳥輕輕動,1
14563,鳥輕輕動畫,1
14564,輕輕動畫橈,1
14565,輕動畫橈日,1
14566,動畫橈日暮,1
14567,畫橈日暮長,1
14568,橈日暮長江,1
14569,日暮長江裏,1
14570,暮長江裏相,1
14571,長江裏相邀,1
14572,江裏相邀歸,1
14573,裏相邀歸渡,1
14574,相邀歸渡頭,1
14575,邀歸渡頭落,1
14576,歸渡頭落花,1
14577,渡頭落花如,1
14578,頭落花如有,1
14579,落花如有意,1
14580,花如有意來,1
14581,如有意來去,1
14582,有意來去逐,1
14583,意來去逐船,1
14584,來去逐船流,1
14585,去逐船流隔,1
14586,逐船流隔江,1
14587,船流隔江看,1
14588,流隔江看樹,1
14589,隔江看樹色,1
14590,江看樹色沿,1
14591,看樹色沿月,1
14592,樹色沿月聽,1
14593,色沿月聽歌,1
14594,沿月聽歌聲,1
14595,月聽歌聲不,1
14596,聽歌聲不是,1
14597,歌聲不是長,1
14598,聲不是長幹,1
14599,不是長幹住,1
14600,是長幹住那,1
14601,長幹住那從,1
14602,幹住那從此,1
14603,住那從此路,1
14604,那從此路行,1
14605,從此路行一,1
14606,此路行一雁,1
14607,路行一雁過,1
14608,行一雁過連,1
14609,一雁過連營,1
14610,雁過連營繁,1
14611,過連營繁霜,1
14612,連營繁霜覆,1
14613,營繁霜覆古,1
14614,繁霜覆古城,1
14615,霜覆古城胡,1
14616,覆古城胡笳,1
14617,古城胡笳在,1
14618,城胡笳在何,1
14619,胡笳在何處,1
14620,笳在何處半,1
14621,在何處半夜,1
14622,何處半夜起,1
14623,處半夜起邊,1
14624,半夜起邊聲,1
14625,夜起邊聲山,1
14626,起邊聲山北,1
14627,邊聲山北天,1
14628,聲山北天泉,1
14629,山北天泉苑,1
14630,北天泉苑山,1
14631,天泉苑山西,1
14632,泉苑山西鳳,1
14633,苑山西鳳女,1
14634,山西鳳女家,1
14635,西鳳女家不,1
14636,鳳女家不言,1
14637,女家不言沁,1
14638,家不言沁園,1
14639,不言沁園好,1
14640,言沁園好獨,1
14641,沁園好獨隱,1
14642,園好獨隱武,1
14643,好獨隱武陵,1
14644,獨隱武陵花,1
14645,隱武陵花滄,1
14646,武陵花滄浪,1
14647,陵花滄浪臨,1
14648,花滄浪臨古,1
14649,滄浪臨古道,1
14650,浪臨古道道,1
14651,臨古道道上,1
14652,古道道上若,1
14653,道道上若成,1
14654,道上若成塵,1
14655,上若成塵自,1
14656,若成塵自有,1
14657,成塵自有滄,1
14658,塵自有滄浪,1
14659,自有滄浪峽,1
14660,有滄浪峽誰,1
14661,滄浪峽誰為,1
14662,浪峽誰為無,1
14663,峽誰為無事,1
14664,誰為無事人,1
14665,為無事人真,1
14666,無事人真門,1
14667,事人真門迥,1
14668,人真門迥向,1
14669,真門迥向北,1
14670,門迥向北馳,1
14671,迥向北馳道,1
14672,向北馳道直,1
14673,北馳道直向,1
14674,馳道直向西,1
14675,道直向西為,1
14676,直向西為與,1
14677,向西為與天,1
14678,西為與天光,1
14679,為與天光近,1
14680,與天光近雲,1
14681,天光近雲色,1
14682,光近雲色成,1
14683,近雲色成虹,1
14684,雲色成虹霓,1
14685,色成虹霓西,1
14686,成虹霓西行,1
14687,虹霓西行隴,1
14688,霓西行隴上,1
14689,西行隴上泣,1
14690,行隴上泣胡,1
14691,隴上泣胡天,1
14692,上泣胡天南,1
14693,泣胡天南向,1
14694,胡天南向雲,1
14695,天南向雲中,1
14696,南向雲中指,1
14697,向雲中指渭,1
14698,雲中指渭川,1
14699,中指渭川毳,1
14700,指渭川毳幕,1
14701,渭川毳幕夜,1
14702,川毳幕夜來,1
14703,毳幕夜來時,1
14704,幕夜來時宛,1
14705,夜來時宛轉,1
14706,來時宛轉何,1
14707,時宛轉何由,1
14708,宛轉何由得,1
14709,轉何由得似,1
14710,何由得似漢,1
14711,由得似漢王,1
14712,得似漢王邊,1
14713,似漢王邊胡,1
14714,漢王邊胡王,1
14715,王邊胡王知,1
14716,邊胡王知妾,1
14717,胡王知妾不,1
14718,王知妾不勝,1
14719,知妾不勝悲,1
14720,妾不勝悲樂,1
14721,不勝悲樂府,1
14722,勝悲樂府皆,1
14723,悲樂府皆傳,1
14724,樂府皆傳漢,1
14725,府皆傳漢國,1
14726,皆傳漢國辭,1
14727,傳漢國辭朝,1
14728,漢國辭朝來,1
14729,國辭朝來馬,1
14730,辭朝來馬上,1
14731,朝來馬上箜,1
14732,來馬上箜篌,1
14733,馬上箜篌引,1
14734,上箜篌引稍,1
14735,箜篌引稍似,1
14736,篌引稍似宮,1
14737,引稍似宮中,1
14738,稍似宮中閑,1
14739,似宮中閑夜,1
14740,宮中閑夜時,1
14741,中閑夜時日,1
14742,閑夜時日暮,1
14743,夜時日暮驚,1
14744,時日暮驚沙,1
14745,日暮驚沙亂,1
14746,暮驚沙亂雪,1
14747,驚沙亂雪飛,1
14748,沙亂雪飛傍,1
14749,亂雪飛傍人,1
14750,雪飛傍人相,1
14751,飛傍人相勸,1
14752,傍人相勸易,1
14753,人相勸易羅,1
14754,相勸易羅衣,1
14755,勸易羅衣強,1
14756,易羅衣強來,1
14757,羅衣強來前,1
14758,衣強來前殿,1
14759,強來前殿看,1
14760,來前殿看歌,1
14761,前殿看歌舞,1
14762,殿看歌舞共,1
14763,看歌舞共待,1
14764,歌舞共待單,1
14765,舞共待單于,1
14766,共待單于夜,1
14767,待單于夜獵,1
14768,單于夜獵歸,1
14769,于夜獵歸彩,1
14770,夜獵歸彩騎,1
14771,獵歸彩騎雙,1
14772,歸彩騎雙雙,1
14773,彩騎雙雙引,1
14774,騎雙雙引寶,1
14775,雙雙引寶車,1
14776,雙引寶車羌,1
14777,引寶車羌笛,1
14778,寶車羌笛兩,1
14779,車羌笛兩兩,1
14780,羌笛兩兩奏,1
14781,笛兩兩奏胡,1
14782,兩兩奏胡笳,1
14783,兩奏胡笳若,1
14784,奏胡笳若為,1
14785,胡笳若為別,1
14786,笳若為別得,1
14787,若為別得橫,1
14788,為別得橫橋,1
14789,別得橫橋路,1
14790,得橫橋路莫,1
14791,橫橋路莫隱,1
14792,橋路莫隱宮,1
14793,路莫隱宮中,1
14794,莫隱宮中玉,1
14795,隱宮中玉樹,1
14796,宮中玉樹花,1
14797,中玉樹花紅,1
14798,玉樹花紅荷,1
14799,樹花紅荷碧,1
14800,花紅荷碧筱,1
14801,紅荷碧筱夜,1
14802,荷碧筱夜相,1
14803,碧筱夜相鮮,1
14804,筱夜相鮮皂,1
14805,夜相鮮皂蓋,1
14806,相鮮皂蓋蘭,1
14807,鮮皂蓋蘭橈,1
14808,皂蓋蘭橈浮,1
14809,蓋蘭橈浮翠,1
14810,蘭橈浮翠筵,1
14811,橈浮翠筵舟,1
14812,浮翠筵舟中,1
14813,翠筵舟中對,1
14814,筵舟中對舞,1
14815,舟中對舞邯,1
14816,中對舞邯鄲,1
14817,對舞邯鄲曲,1
14818,舞邯鄲曲月,1
14819,邯鄲曲月下,1
14820,鄲曲月下雙,1
14821,曲月下雙彈,1
14822,月下雙彈盧,1
14823,下雙彈盧女,1
14824,雙彈盧女弦,1
14825,彈盧女弦青,1
14826,盧女弦青林,1
14827,女弦青林碧,1
14828,弦青林碧嶼,1
14829,青林碧嶼暗,1
14830,林碧嶼暗相,1
14831,碧嶼暗相期,1
14832,嶼暗相期緩,1
14833,暗相期緩楫,1
14834,相期緩楫揮,1
14835,期緩楫揮觥,1
14836,緩楫揮觥欲,1
14837,楫揮觥欲賦,1
14838,揮觥欲賦詩,1
14839,觥欲賦詩借,1
14840,欲賦詩借問,1
14841,賦詩借問高,1
14842,詩借問高歌,1
14843,借問高歌凡,1
14844,問高歌凡幾,1
14845,高歌凡幾轉,1
14846,歌凡幾轉河,1
14847,凡幾轉河低,1
14848,幾轉河低月,1
14849,轉河低月落,1
14850,河低月落五,1
14851,低月落五更,1
14852,月落五更時,1
14853,落五更時朝,1
14854,五更時朝來,1
14855,更時朝來仙,1
14856,時朝來仙閣,1
14857,朝來仙閣聽,1
14858,來仙閣聽弦,1
14859,仙閣聽弦歌,1
14860,閣聽弦歌暝,1
14861,聽弦歌暝入,1
14862,弦歌暝入花,1
14863,歌暝入花亭,1
14864,暝入花亭見,1
14865,入花亭見綺,1
14866,花亭見綺羅,1
14867,亭見綺羅池,1
14868,見綺羅池邊,1
14869,綺羅池邊命,1
14870,羅池邊命酒,1
14871,池邊命酒憐,1
14872,邊命酒憐風,1
14873,命酒憐風月,1
14874,酒憐風月浦,1
14875,憐風月浦口,1
14876,風月浦口回,1
14877,月浦口回船,1
14878,浦口回船惜,1
14879,口回船惜芰,1
14880,回船惜芰荷,1
14881,船惜芰荷朦,1
14882,惜芰荷朦朧,1
14883,芰荷朦朧竹,1
14884,荷朦朧竹影,1
14885,朦朧竹影蔽,1
14886,朧竹影蔽岩,1
14887,竹影蔽岩扉,1
14888,影蔽岩扉淡,1
14889,蔽岩扉淡蕩,1
14890,岩扉淡蕩荷,1
14891,扉淡蕩荷風,1
14892,淡蕩荷風飄,1
14893,蕩荷風飄舞,1
14894,荷風飄舞衣,1
14895,風飄舞衣舟,1
14896,飄舞衣舟尋,1
14897,舞衣舟尋綠,1
14898,衣舟尋綠水,1
14899,舟尋綠水宵,1
14900,尋綠水宵將,1
14901,綠水宵將半,1
14902,水宵將半月,1
14903,宵將半月隱,1
14904,將半月隱青,1
14905,半月隱青林,1
14906,月隱青林人,1
14907,隱青林人未,1
14908,青林人未歸,1
14909,林人未歸花,1
14910,人未歸花潭,1
14911,未歸花潭竹,1
14912,歸花潭竹嶼,1
14913,花潭竹嶼傍,1
14914,潭竹嶼傍幽,1
14915,竹嶼傍幽蹊,1
14916,嶼傍幽蹊畫,1
14917,傍幽蹊畫楫,1
14918,幽蹊畫楫浮,1
14919,蹊畫楫浮空,1
14920,畫楫浮空入,1
14921,楫浮空入夜,1
14922,浮空入夜溪,1
14923,空入夜溪芰,1
14924,入夜溪芰荷,1
14925,夜溪芰荷覆,1
14926,溪芰荷覆水,1
14927,芰荷覆水船,1
14928,荷覆水船難,1
14929,覆水船難進,1
14930,水船難進歌,1
14931,船難進歌舞,1
14932,難進歌舞留,1
14933,進歌舞留人,1
14934,歌舞留人月,1
14935,舞留人月易,1
14936,留人月易低,1
14937,人月易低華,1
14938,月易低華陽,1
14939,易低華陽洞,1
14940,低華陽洞口,1
14941,華陽洞口片,1
14942,陽洞口片雲,1
14943,洞口片雲飛,1
14944,口片雲飛細,1
14945,片雲飛細雨,1
14946,雲飛細雨濛,1
14947,飛細雨濛濛,1
14948,細雨濛濛欲,1
14949,雨濛濛欲濕,1
14950,濛濛欲濕衣,1
14951,濛欲濕衣玉,1
14952,欲濕衣玉簫,1
14953,濕衣玉簫遍,1
14954,衣玉簫遍滿,1
14955,玉簫遍滿仙,1
14956,簫遍滿仙壇,1
14957,遍滿仙壇上,1
14958,滿仙壇上應,1
14959,仙壇上應是,1
14960,壇上應是茅,1
14961,上應是茅家,1
14962,應是茅家兄,1
14963,是茅家兄弟,1
14964,茅家兄弟歸,1
14965,家兄弟歸新,1
14966,兄弟歸新林,1
14967,弟歸新林二,1
14968,歸新林二月,1
14969,新林二月孤,1
14970,林二月孤舟,1
14971,二月孤舟還,1
14972,月孤舟還水,1
14973,孤舟還水滿,1
14974,舟還水滿清,1
14975,還水滿清江,1
14976,水滿清江花,1
14977,滿清江花滿,1
14978,清江花滿山,1
14979,江花滿山借,1
14980,花滿山借問,1
14981,滿山借問故,1
14982,山借問故園,1
14983,借問故園隱,1
14984,問故園隱君,1
14985,故園隱君子,1
14986,園隱君子時,1
14987,隱君子時時,1
14988,君子時時來,1
14989,子時時來往,1
14990,時時來往住,1
14991,時來往住人,1
14992,來往住人間,1
