排名,詞彙,出現次數
1,嘖嘖野田,2
2,嘖野田雀,2
3,野田雀不,2
4,田雀不知,2
5,雀不知軀,2
6,不知軀體,2
7,知軀體微,2
8,軀體微閑,2
9,體微閑穿,2
10,微閑穿深,2
11,閑穿深蒿,2
12,穿深蒿裏,2
13,深蒿裏爭,2
14,蒿裏爭食,2
15,裏爭食複,2
16,爭食複爭,2
17,食複爭飛,2
18,複爭飛窮,2
19,爭飛窮老,2
20,飛窮老一,2
21,窮老一頹,2
22,老一頹舍,2
23,一頹舍棗,2
24,頹舍棗多,2
25,舍棗多桑,2
26,棗多桑樹,2
27,多桑樹稀,2
28,桑樹稀無,2
29,樹稀無棗,2
30,稀無棗猶,2
31,無棗猶可,2
32,棗猶可食,2
33,猶可食無,2
34,可食無桑,2
35,食無桑何,2
36,無桑何以,2
37,桑何以衣,2
38,何以衣蕭,2
39,以衣蕭條,2
40,衣蕭條空,2
41,蕭條空倉,2
42,條空倉暮,2
43,空倉暮相,2
44,倉暮相引,2
45,暮相引時,2
46,相引時來,2
47,引時來歸,2
48,路豈不捷,2
49,豈不捷渚,2
50,不捷渚田,2
51,捷渚田豈,2
52,渚田豈不,2
53,田豈不肥,2
54,豈不肥水,2
55,不肥水長,2
56,肥水長路,2
57,水長路且,2
58,長路且壞,2
59,路且壞惻,2
60,且壞惻惻,2
61,壞惻惻與,2
62,惻惻與心,2
63,惻與心違,2
64,菱葉疏獨,2
65,葉疏獨往,2
66,疏獨往方,2
67,獨往方自,2
68,往方自得,2
69,方自得恥,2
70,自得恥邀,2
71,得恥邀淇,2
72,恥邀淇上,2
73,邀淇上姝,2
74,淇上姝廣,2
75,上姝廣江,2
76,姝廣江無,2
77,廣江無術,2
78,江無術阡,2
79,無術阡大,2
80,術阡大澤,2
81,阡大澤絕,2
82,大澤絕方,2
83,澤絕方隅,2
84,絕方隅浪,2
85,方隅浪中,2
86,隅浪中海,2
87,浪中海童,2
88,中海童語,2
89,海童語流,2
90,童語流下,2
91,語流下鮫,2
92,流下鮫人,2
93,下鮫人居,2
94,鮫人居春,2
95,人居春雁,2
96,居春雁時,2
97,春雁時隱,2
98,雁時隱舟,2
99,時隱舟新,2
100,複滿湖采,2
101,滿湖采采,2
102,湖采采乘,2
103,采采乘日,2
104,采乘日暮,2
105,乘日暮不,2
106,日暮不思,2
107,暮不思賢,2
108,不思賢與,2
109,思賢與愚,2
110,賢與愚濁,2
111,與愚濁水,2
112,愚濁水菱,2
113,濁水菱葉,2
114,水菱葉肥,2
115,菱葉肥清,2
116,葉肥清水,2
117,肥清水菱,2
118,清水菱葉,2
119,水菱葉鮮,2
120,菱葉鮮義,2
121,葉鮮義不,2
122,鮮義不游,2
123,義不游濁,2
124,不游濁水,2
125,游濁水志,2
126,濁水志士,2
127,水志士多,2
128,志士多苦,2
129,士多苦言,2
130,多苦言潮,2
131,苦言潮沒,2
132,言潮沒具,2
133,潮沒具區,2
134,沒具區藪,2
135,具區藪潦,2
136,區藪潦深,2
137,藪潦深雲,2
138,潦深雲夢,2
139,深雲夢田,2
140,雲夢田朝,2
141,夢田朝隨,2
142,田朝隨北,2
143,朝隨北風,2
144,隨北風去,2
145,北風去暮,2
146,風去暮逐,2
147,去暮逐南,2
148,暮逐南風,2
149,浦口多漁,2
150,口多漁家,2
151,多漁家相,2
152,漁家相與,2
153,家相與邀,2
154,相與邀我,2
155,與邀我船,2
156,邀我船飯,2
157,我船飯稻,2
158,船飯稻以,2
159,飯稻以終,2
160,稻以終日,2
161,以終日羹,2
162,終日羹蓴,2
163,日羹蓴將,2
164,羹蓴將永,2
165,蓴將永年,2
166,將永年方,2
167,永年方冬,2
168,年方冬水,2
169,方冬水物,2
170,冬水物窮,2
171,水物窮又,2
172,物窮又欲,2
173,窮又欲休,2
174,又欲休山,2
175,欲休山樊,2
176,休山樊盡,2
177,山樊盡室,2
178,樊盡室相,2
179,盡室相隨,2
180,室相隨從,2
181,相隨從所,2
182,隨從所貴,2
183,從所貴無,2
184,所貴無憂,2
185,貴無憂患,2
186,聞歌吹聲,2
187,落落疏星,2
188,言相去遠,2
189,知己知己,2
190,漢家秦地,1
191,家秦地月,1
192,秦地月流,1
193,地月流影,1
194,月流影照,1
195,流影照明,1
196,影照明妃,1
197,照明妃一,1
198,明妃一上,1
199,妃一上玉,1
200,一上玉關,1
201,上玉關道,1
202,玉關道天,1
203,關道天涯,1
204,道天涯去,1
205,天涯去不,1
206,涯去不歸,1
207,去不歸昭,1
208,不歸昭君,1
209,歸昭君拂,1
210,昭君拂玉,1
211,君拂玉鞍,1
212,拂玉鞍上,1
213,玉鞍上馬,1
214,鞍上馬啼,1
215,上馬啼紅,1
216,馬啼紅頰,1
217,啼紅頰今,1
218,紅頰今日,1
219,頰今日漢,1
220,今日漢宮,1
221,日漢宮人,1
222,漢宮人明,1
223,宮人明朝,1
224,人明朝胡,1
225,明朝胡地,1
226,朝胡地妾,1
227,胡地妾長,1
228,地妾長歌,1
229,妾長歌破,1
230,長歌破衣,1
231,歌破衣襟,1
232,破衣襟短,1
233,衣襟短歌,1
234,襟短歌斷,1
235,短歌斷白,1
236,歌斷白髮,1
237,斷白髮秦,1
238,白髮秦王,1
239,髮秦王不,1
240,秦王不可,1
241,王不可見,1
242,不可見旦,1
243,可見旦夕,1
244,見旦夕成,1
245,旦夕成內,1
246,夕成內熱,1
247,成內熱渴,1
248,內熱渴飲,1
249,熱渴飲壺,1
250,渴飲壺中,1
251,飲壺中酒,1
252,壺中酒饑,1
253,中酒饑拔,1
254,酒饑拔隴,1
255,饑拔隴頭,1
256,拔隴頭粟,1
257,隴頭粟淒,1
258,頭粟淒淒,1
259,粟淒淒四,1
260,淒淒四月,1
261,淒四月蘭,1
262,四月蘭千,1
263,月蘭千里,1
264,蘭千里一,1
265,千里一時,1
266,里一時綠,1
267,一時綠夜,1
268,時綠夜峰,1
269,綠夜峰何,1
270,夜峰何離,1
271,峰何離離,1
272,何離離月,1
273,離離月明,1
274,離月明落,1
275,月明落石,1
276,明落石底,1
277,落石底裴,1
278,石底裴回,1
279,底裴回沿,1
280,裴回沿石,1
281,回沿石尋,1
282,沿石尋照,1
283,石尋照出,1
284,尋照出高,1
285,照出高峰,1
286,出高峰外,1
287,高峰外不,1
288,峰外不得,1
289,外不得與,1
290,不得與之,1
291,得與之游,1
292,與之游歌,1
293,之游歌成,1
294,游歌成鬢,1
295,歌成鬢先,1
296,成鬢先改,1
297,鬢先改嘖,1
298,先改嘖嘖,1
299,改嘖嘖野,1
300,時來歸邪,1
301,來歸邪路,1
302,歸邪路豈,1
303,邪路豈不,1
304,與心違淺,1
305,心違淺渚,1
306,違淺渚荷,1
307,淺渚荷花,1
308,渚荷花繁,1
309,荷花繁深,1
310,花繁深塘,1
311,繁深塘菱,1
312,深塘菱葉,1
313,塘菱葉疏,1
314,隱舟新荷,1
315,舟新荷複,1
316,新荷複滿,1
317,荷複滿湖,1
318,逐南風還,1
319,南風還浦,1
320,風還浦口,1
321,還浦口多,1
322,無憂患入,1
323,憂患入與,1
324,患入與真,1
325,入與真主,1
326,與真主言,1
327,真主言有,1
328,主言有騎,1
329,言有騎天,1
330,有騎天馬,1
331,騎天馬來,1
332,天馬來但,1
333,馬來但有,1
334,來但有華,1
335,但有華清,1
336,有華清宮,1
337,華清宮不,1
338,清宮不用,1
339,宮不用神,1
340,不用神明,1
341,用神明台,1
342,神明台肅,1
343,明台肅肅,1
344,台肅肅長,1
345,肅肅長自,1
346,肅長自閑,1
347,長自閑門,1
348,自閑門靜,1
349,閑門靜無,1
350,門靜無人,1
351,靜無人開,1
352,無人開嘖,1
353,人開嘖嘖,1
354,開嘖嘖野,1
355,時來歸斜,1
356,來歸斜路,1
357,歸斜路豈,1
358,斜路豈不,1
359,與心違山,1
360,心違山北,1
361,違山北饒,1
362,山北饒朽,1
363,北饒朽木,1
364,饒朽木山,1
365,朽木山南,1
366,木山南多,1
367,山南多枯,1
368,南多枯枝,1
369,多枯枝枯,1
370,枯枝枯枝,1
371,枝枯枝作,1
372,枯枝作采,1
373,枝作采薪,1
374,作采薪爨,1
375,采薪爨室,1
376,薪爨室私,1
377,爨室私自,1
378,室私自知,1
379,私自知詰,1
380,自知詰朝,1
381,知詰朝礪,1
382,詰朝礪斧,1
383,朝礪斧尋,1
384,礪斧尋視,1
385,斧尋視暮,1
386,尋視暮行,1
387,視暮行歌,1
388,暮行歌歸,1
389,行歌歸先,1
390,歌歸先雪,1
391,歸先雪隱,1
392,先雪隱薜,1
393,雪隱薜荔,1
394,隱薜荔迎,1
395,薜荔迎暄,1
396,荔迎暄臥,1
397,迎暄臥茅,1
398,暄臥茅茨,1
399,臥茅茨清,1
400,茅茨清澗,1
401,茨清澗日,1
402,清澗日濯,1
403,澗日濯足,1
404,日濯足喬,1
405,濯足喬木,1
406,足喬木時,1
407,喬木時曝,1
408,木時曝衣,1
409,時曝衣終,1
410,曝衣終年,1
411,衣終年登,1
412,終年登險,1
413,年登險阻,1
414,登險阻不,1
415,險阻不復,1
416,阻不復憂,1
417,不復憂安,1
418,復憂安危,1
419,憂安危蕩,1
420,安危蕩漾,1
421,危蕩漾與,1
422,蕩漾與神,1
423,漾與神游,1
424,與神游莫,1
425,神游莫知,1
426,游莫知是,1
427,莫知是與,1
428,知是與非,1
429,是與非澤,1
430,與非澤魚,1
431,非澤魚好,1
432,澤魚好鳴,1
433,魚好鳴水,1
434,好鳴水溪,1
435,鳴水溪魚,1
436,水溪魚好,1
437,溪魚好上,1
438,魚好上流,1
439,好上流漁,1
440,上流漁梁,1
441,流漁梁不,1
442,漁梁不得,1
443,梁不得意,1
444,不得意下,1
445,得意下渚,1
446,意下渚潛,1
447,下渚潛垂,1
448,渚潛垂鉤,1
449,潛垂鉤亂,1
450,垂鉤亂荇,1
451,鉤亂荇時,1
452,亂荇時礙,1
453,荇時礙楫,1
454,時礙楫新,1
455,礙楫新蘆,1
456,楫新蘆複,1
457,新蘆複隱,1
458,蘆複隱舟,1
459,複隱舟靜,1
460,隱舟靜言,1
461,舟靜言念,1
462,靜言念終,1
463,言念終始,1
464,念終始安,1
465,終始安坐,1
466,始安坐看,1
467,安坐看沉,1
468,坐看沉浮,1
469,看沉浮素,1
470,沉浮素發,1
471,浮素發隨,1
472,素發隨風,1
473,發隨風揚,1
474,隨風揚遠,1
475,風揚遠心,1
476,揚遠心與,1
477,遠心與雲,1
478,心與雲遊,1
479,與雲遊逆,1
480,雲遊逆浪,1
481,遊逆浪還,1
482,逆浪還極,1
483,浪還極浦,1
484,還極浦信,1
485,極浦信潮,1
486,浦信潮下,1
487,信潮下滄,1
488,潮下滄洲,1
489,下滄洲非,1
490,滄洲非為,1
491,洲非為徇,1
492,非為徇形,1
493,為徇形役,1
494,徇形役所,1
495,形役所樂,1
496,役所樂在,1
497,所樂在行,1
498,樂在行休,1
499,在行休不,1
500,行休不言,1
501,休不言牧,1
502,不言牧田,1
503,言牧田遠,1
504,牧田遠不,1
505,田遠不道,1
506,遠不道牧,1
507,不道牧陂,1
508,道牧陂深,1
509,牧陂深所,1
510,陂深所念,1
511,深所念牛,1
512,所念牛馴,1
513,念牛馴擾,1
514,牛馴擾不,1
515,馴擾不亂,1
516,擾不亂牧,1
517,不亂牧童,1
518,亂牧童心,1
519,牧童心圓,1
520,童心圓笠,1
521,心圓笠覆,1
522,圓笠覆我,1
523,笠覆我首,1
524,覆我首長,1
525,我首長蓑,1
526,首長蓑披,1
527,長蓑披我,1
528,蓑披我襟,1
529,披我襟方,1
530,我襟方將,1
531,襟方將憂,1
532,方將憂暑,1
533,將憂暑雨,1
534,憂暑雨亦,1
535,暑雨亦以,1
536,雨亦以懼,1
537,亦以懼寒,1
538,以懼寒陰,1
539,懼寒陰大,1
540,寒陰大牛,1
541,陰大牛隱,1
542,大牛隱層,1
543,牛隱層阪,1
544,隱層阪小,1
545,層阪小牛,1
546,阪小牛穿,1
547,小牛穿近,1
548,牛穿近林,1
549,穿近林同,1
550,近林同類,1
551,林同類相,1
552,同類相鼓,1
553,類相鼓舞,1
554,相鼓舞觸,1
555,鼓舞觸物,1
556,舞觸物成,1
557,觸物成謳,1
558,物成謳吟,1
559,成謳吟取,1
560,謳吟取樂,1
561,吟取樂須,1
562,取樂須臾,1
563,樂須臾間,1
564,須臾間寧,1
565,臾間寧問,1
566,間寧問聲,1
567,寧問聲與,1
568,問聲與音,1
569,聲與音淺,1
570,與音淺渚,1
571,音淺渚荇,1
572,淺渚荇花,1
573,渚荇花繁,1
574,荇花繁深,1
575,花繁深潭,1
576,繁深潭菱,1
577,深潭菱葉,1
578,潭菱葉疏,1
579,隱舟新萍,1
580,舟新萍複,1
581,新萍複滿,1
582,萍複滿湖,1
583,逐南風旋,1
584,南風旋浦,1
585,風旋浦口,1
586,旋浦口多,1
587,無憂患曝,1
588,憂患曝暄,1
589,患曝暄理,1
590,曝暄理新,1
591,暄理新翳,1
592,理新翳迎,1
593,新翳迎春,1
594,翳迎春射,1
595,迎春射鳴,1
596,春射鳴雉,1
597,射鳴雉原,1
598,鳴雉原田,1
599,雉原田遙,1
600,原田遙一,1
601,田遙一色,1
602,遙一色皋,1
603,一色皋陸,1
604,色皋陸曠,1
605,皋陸曠千,1
606,陸曠千里,1
607,曠千里遙,1
608,千里遙聞,1
609,里遙聞咿,1
610,遙聞咿喔,1
611,聞咿喔聲,1
612,咿喔聲時,1
613,喔聲時見,1
614,聲時見雙,1
615,時見雙飛,1
616,見雙飛起,1
617,雙飛起冪,1
618,飛起冪疏,1
619,起冪疏蒿,1
620,冪疏蒿下,1
621,疏蒿下毰,1
622,蒿下毰毸,1
623,下毰毸深,1
624,毰毸深叢,1
625,毸深叢裏,1
626,深叢裏顧,1
627,叢裏顧敵,1
628,裏顧敵已,1
629,顧敵已忘,1
630,敵已忘生,1
631,已忘生爭,1
632,忘生爭雄,1
633,生爭雄方,1
634,爭雄方決,1
635,雄方決死,1
636,方決死仁,1
637,決死仁心,1
638,死仁心貴,1
639,仁心貴勇,1
640,心貴勇義,1
641,貴勇義豈,1
642,勇義豈能,1
643,義豈能複,1
644,豈能複傷,1
645,能複傷此,1
646,複傷此超,1
647,傷此超遙,1
648,此超遙下,1
649,超遙下故,1
650,遙下故墟,1
651,下故墟迢,1
652,故墟迢遞,1
653,墟迢遞回,1
654,迢遞回高,1
655,遞回高畤,1
656,回高畤大,1
657,高畤大夫,1
658,畤大夫昔,1
659,大夫昔何,1
660,夫昔何苦,1
661,昔何苦取,1
662,何苦取笑,1
663,苦取笑歡,1
664,取笑歡妻,1
665,笑歡妻子,1
666,歡妻子寒,1
667,妻子寒亦,1
668,子寒亦不,1
669,寒亦不憂,1
670,亦不憂雪,1
671,不憂雪饑,1
672,憂雪饑亦,1
673,雪饑亦不,1
674,饑亦不食,1
675,亦不食人,1
676,不食人人,1
677,食人人肉,1
678,人人肉豈,1
679,人肉豈不,1
680,肉豈不甘,1
681,豈不甘所,1
682,不甘所惡,1
683,甘所惡傷,1
684,所惡傷明,1
685,惡傷明神,1
686,傷明神太,1
687,明神太室,1
688,神太室為,1
689,太室為我,1
690,室為我宅,1
691,為我宅孟,1
692,我宅孟門,1
693,宅孟門為,1
694,孟門為我,1
695,門為我鄰,1
696,為我鄰百,1
697,我鄰百獸,1
698,鄰百獸為,1
699,百獸為我,1
700,獸為我膳,1
701,為我膳五,1
702,我膳五龍,1
703,膳五龍為,1
704,五龍為我,1
705,龍為我賓,1
706,為我賓蒙,1
707,我賓蒙馬,1
708,賓蒙馬一,1
709,蒙馬一何,1
710,馬一何威,1
711,一何威浮,1
712,何威浮江,1
713,威浮江一,1
714,浮江一以,1
715,江一以仁,1
716,一以仁彩,1
717,以仁彩章,1
718,仁彩章耀,1
719,彩章耀朝,1
720,章耀朝日,1
721,耀朝日爪,1
722,朝日爪牙,1
723,日爪牙雄,1
724,爪牙雄武,1
725,牙雄武臣,1
726,雄武臣高,1
727,武臣高雲,1
728,臣高雲逐,1
729,高雲逐氣,1
730,雲逐氣浮,1
731,逐氣浮厚,1
732,氣浮厚地,1
733,浮厚地隨,1
734,厚地隨聲,1
735,地隨聲震,1
736,隨聲震君,1
737,聲震君能,1
738,震君能賈,1
739,君能賈餘,1
740,能賈餘勇,1
741,賈餘勇日,1
742,餘勇日夕,1
743,勇日夕長,1
744,日夕長相,1
745,夕長相親,1
746,長相親停,1
747,相親停車,1
748,親停車渭,1
749,停車渭陽,1
750,車渭陽暮,1
751,渭陽暮望,1
752,陽暮望望,1
753,暮望望入,1
754,望望入秦,1
755,望入秦京,1
756,入秦京不,1
757,秦京不見,1
758,京不見鵷,1
759,不見鵷鸞,1
760,見鵷鸞道,1
761,鵷鸞道如,1
762,鸞道如聞,1
763,道如聞歌,1
764,如聞歌吹,1
765,歌吹聲鄉,1
766,吹聲鄉魂,1
767,聲鄉魂涉,1
768,鄉魂涉江,1
769,魂涉江水,1
770,涉江水客,1
771,江水客路,1
772,水客路指,1
773,客路指蒲,1
774,路指蒲城,1
775,指蒲城獨,1
776,蒲城獨有,1
777,城獨有故,1
778,獨有故樓,1
779,有故樓月,1
780,故樓月今,1
781,樓月今來,1
782,月今來亭,1
783,今來亭上,1
784,來亭上明,1
785,亭上明上,1
786,上明上在,1
787,明上在蓬,1
788,上在蓬萊,1
789,在蓬萊宮,1
790,蓬萊宮莫,1
791,萊宮莫若,1
792,宮莫若居,1
793,莫若居華,1
794,若居華清,1
795,居華清朝,1
796,華清朝朝,1
797,清朝朝禮,1
798,朝朝禮玄,1
799,朝禮玄閣,1
800,禮玄閣日,1
801,玄閣日日,1
802,閣日日聞,1
803,日日聞體,1
804,日聞體輕,1
805,聞體輕大,1
806,體輕大聖,1
807,輕大聖不,1
808,大聖不私,1
809,聖不私己,1
810,不私己精,1
811,私己精禋,1
812,己精禋為,1
813,精禋為群,1
814,禋為群氓,1
815,為群氓上,1
816,群氓上出,1
817,氓上出蓬,1
818,上出蓬萊,1
819,出蓬萊時,1
820,蓬萊時六,1
821,萊時六龍,1
822,時六龍儼,1
823,六龍儼齊,1
824,龍儼齊首,1
825,儼齊首長,1
826,齊首長道,1
827,首長道舒,1
828,長道舒羽,1
829,道舒羽儀,1
830,舒羽儀彤,1
831,羽儀彤雲,1
832,儀彤雲映,1
833,彤雲映前,1
834,雲映前後,1
835,映前後天,1
836,前後天聲,1
837,後天聲殷,1
838,天聲殷宇,1
839,聲殷宇宙,1
840,殷宇宙真,1
841,宇宙真氣,1
842,宙真氣到,1
843,真氣到林,1
844,氣到林藪,1
845,到林藪昔,1
846,林藪昔在,1
847,藪昔在軒,1
848,昔在軒轅,1
849,在軒轅朝,1
850,軒轅朝五,1
851,轅朝五城,1
852,朝五城十,1
853,五城十二,1
854,城十二樓,1
855,十二樓今,1
856,二樓今我,1
857,樓今我神,1
858,今我神泉,1
859,我神泉宮,1
860,神泉宮獨,1
861,泉宮獨在,1
862,宮獨在驪,1
863,獨在驪山,1
864,在驪山陬,1
865,驪山陬群,1
866,山陬群方,1
867,陬群方趨,1
868,群方趨順,1
869,方趨順動,1
870,趨順動百,1
871,順動百辟,1
872,動百辟隨,1
873,百辟隨天,1
874,辟隨天遊,1
875,隨天遊正,1
876,天遊正月,1
877,遊正月開,1
878,正月開陽,1
879,月開陽和,1
880,開陽和通,1
881,陽和通門,1
882,和通門緝,1
883,通門緝元,1
884,門緝元化,1
885,緝元化穆,1
886,元化穆穆,1
887,化穆穆睟,1
888,穆穆睟容,1
889,穆睟容歸,1
890,睟容歸豈,1
891,容歸豈為,1
892,歸豈為明,1
893,豈為明燈,1
894,為明燈夜,1
895,明燈夜高,1
896,燈夜高山,1
897,夜高山大,1
898,高山大風,1
899,山大風起,1
900,大風起肅,1
901,風起肅肅,1
902,起肅肅隨,1
903,肅肅隨龍,1
904,肅隨龍駕,1
905,隨龍駕上,1
906,龍駕上林,1
907,駕上林神,1
908,上林神君,1
909,林神君宮,1
910,神君宮此,1
911,君宮此地,1
912,宮此地即,1
913,此地即明,1
914,地即明庭,1
915,即明庭山,1
916,明庭山開,1
917,庭山開鴻,1
918,山開鴻蒙,1
919,開鴻蒙色,1
920,鴻蒙色天,1
921,蒙色天轉,1
922,色天轉招,1
923,天轉招搖,1
924,轉招搖星,1
925,招搖星三,1
926,搖星三雪,1
927,星三雪報,1
928,三雪報大,1
929,雪報大有,1
930,報大有孰,1
931,大有孰為,1
932,有孰為非,1
933,孰為非我,1
934,為非我靈,1
935,非我靈磐,1
936,我靈磐石,1
937,靈磐石青,1
938,磐石青岩,1
939,石青岩下,1
940,青岩下松,1
941,岩下松生,1
942,下松生磐,1
943,松生磐石,1
944,生磐石中,1
945,磐石中冬,1
946,石中冬春,1
947,中冬春無,1
948,冬春無異,1
949,春無異色,1
950,無異色朝,1
951,異色朝暮,1
952,色朝暮有,1
953,朝暮有清,1
954,暮有清風,1
955,有清風五,1
956,清風五鬣,1
957,風五鬣何,1
958,五鬣何人,1
959,鬣何人采,1
960,何人采西,1
961,人采西山,1
962,采西山舊,1
963,西山舊兩,1
964,山舊兩童,1
965,舊兩童得,1
966,兩童得從,1
967,童得從軒,1
968,得從軒墀,1
969,從軒墀下,1
970,軒墀下殊,1
971,墀下殊勝,1
972,下殊勝松,1
973,殊勝松柏,1
974,勝松柏林,1
975,松柏林生,1
976,柏林生枝,1
977,林生枝逐,1
978,生枝逐架,1
979,枝逐架遠,1
980,逐架遠吐,1
981,架遠吐葉,1
982,遠吐葉向,1
983,吐葉向門,1
984,葉向門深,1
985,向門深何,1
986,門深何許,1
987,深何許答,1
988,何許答君,1
989,許答君子,1
990,答君子簷,1
991,君子簷間,1
992,子簷間朝,1
993,簷間朝暝,1
994,間朝暝陰,1
995,朝暝陰舞,1
996,暝陰舞鶴,1
997,陰舞鶴傍,1
998,舞鶴傍池,1
999,鶴傍池邊,1
1000,傍池邊水,1
1001,池邊水清,1
1002,邊水清毛,1
1003,水清毛羽,1
1004,清毛羽鮮,1
1005,毛羽鮮立,1
1006,羽鮮立如,1
1007,鮮立如依,1
1008,立如依岸,1
1009,如依岸雪,1
1010,依岸雪飛,1
1011,岸雪飛似,1
1012,雪飛似向,1
1013,飛似向池,1
1014,似向池泉,1
1015,向池泉江,1
1016,池泉江海,1
1017,泉江海雖,1
1018,江海雖言,1
1019,海雖言曠,1
1020,雖言曠無,1
1021,言曠無如,1
1022,曠無如君,1
1023,無如君子,1
1024,如君子前,1
1025,君子前垂,1
1026,子前垂釣,1
1027,前垂釣綠,1
1028,垂釣綠灣,1
1029,釣綠灣春,1
1030,綠灣春春,1
1031,灣春春深,1
1032,春春深杏,1
1033,春深杏花,1
1034,深杏花亂,1
1035,杏花亂潭,1
1036,花亂潭清,1
1037,亂潭清疑,1
1038,潭清疑水,1
1039,清疑水淺,1
1040,疑水淺荷,1
1041,水淺荷動,1
1042,淺荷動知,1
1043,荷動知魚,1
1044,動知魚散,1
1045,知魚散日,1
1046,魚散日暮,1
1047,散日暮待,1
1048,日暮待情,1
1049,暮待情人,1
1050,待情人維,1
1051,情人維舟,1
1052,人維舟綠,1
1053,維舟綠楊,1
1054,舟綠楊岸,1
1055,綠楊岸幽,1
1056,楊岸幽人,1
1057,岸幽人下,1
1058,幽人下山,1
1059,人下山徑,1
1060,下山徑去,1
1061,山徑去去,1
1062,徑去去夾,1
1063,去去夾青,1
1064,去夾青林,1
1065,夾青林滑,1
1066,青林滑處,1
1067,林滑處莓,1
1068,滑處莓苔,1
1069,處莓苔濕,1
1070,莓苔濕暗,1
1071,苔濕暗中,1
1072,濕暗中蘿,1
1073,暗中蘿薜,1
1074,中蘿薜深,1
1075,蘿薜深春,1
1076,薜深春朝,1
1077,深春朝煙,1
1078,春朝煙雨,1
1079,朝煙雨散,1
1080,煙雨散猶,1
1081,雨散猶帶,1
1082,散猶帶浮,1
1083,猶帶浮雲,1
1084,帶浮雲陰,1
1085,浮雲陰門,1
1086,雲陰門外,1
1087,陰門外車,1
1088,門外車馬,1
1089,外車馬喧,1
1090,車馬喧門,1
1091,馬喧門裏,1
1092,喧門裏宮,1
1093,門裏宮殿,1
1094,裏宮殿清,1
1095,宮殿清行,1
1096,殿清行即,1
1097,清行即翳,1
1098,行即翳若,1
1099,即翳若木,1
1100,翳若木坐,1
1101,若木坐即,1
1102,木坐即吹,1
1103,坐即吹玉,1
1104,即吹玉笙,1
1105,吹玉笙所,1
1106,玉笙所喧,1
1107,笙所喧既,1
1108,所喧既非,1
1109,喧既非我,1
1110,既非我真,1
1111,非我真道,1
1112,我真道其,1
1113,真道其冥,1
1114,道其冥冥,1
1115,其冥冥真,1
1116,冥冥真人,1
1117,冥真人上,1
1118,真人上清,1
1119,人上清室,1
1120,上清室乃,1
1121,清室乃在,1
1122,室乃在中,1
1123,乃在中峰,1
1124,在中峰前,1
1125,中峰前花,1
1126,峰前花霧,1
1127,前花霧生,1
1128,花霧生玉,1
1129,霧生玉井,1
1130,生玉井霓,1
1131,玉井霓裳,1
1132,井霓裳畫,1
1133,霓裳畫列,1
1134,裳畫列仙,1
1135,畫列仙念,1
1136,列仙念茲,1
1137,仙念茲宮,1
1138,念茲宮故,1
1139,茲宮故宇,1
1140,宮故宇多,1
1141,故宇多此,1
1142,宇多此地,1
1143,多此地新,1
1144,此地新泉,1
1145,地新泉松,1
1146,新泉松柏,1
1147,泉松柏有,1
1148,松柏有清,1
1149,柏有清陰,1
1150,有清陰薜,1
1151,清陰薜蘿,1
1152,陰薜蘿亦,1
1153,薜蘿亦自,1
1154,蘿亦自妍,1
1155,亦自妍一,1
1156,自妍一聞,1
1157,妍一聞步,1
1158,一聞步虛,1
1159,聞步虛子,1
1160,步虛子又,1
1161,虛子又話,1
1162,子又話逍,1
1163,又話逍遙,1
1164,話逍遙篇,1
1165,逍遙篇忽,1
1166,遙篇忽若,1
1167,篇忽若在,1
1168,忽若在雲,1
1169,若在雲漢,1
1170,在雲漢風,1
1171,雲漢風中,1
1172,漢風中意,1
1173,風中意泠,1
1174,中意泠然,1
1175,意泠然精,1
1176,泠然精思,1
1177,然精思莫,1
1178,精思莫知,1
1179,思莫知日,1
1180,莫知日意,1
1181,知日意靜,1
1182,日意靜如,1
1183,意靜如空,1
1184,靜如空虛,1
1185,如空虛三,1
1186,空虛三鳥,1
1187,虛三鳥自,1
1188,三鳥自來,1
1189,鳥自來去,1
1190,自來去九,1
1191,來去九光,1
1192,去九光遙,1
1193,九光遙卷,1
1194,光遙卷舒,1
1195,遙卷舒新,1
1196,卷舒新池,1
1197,舒新池近,1
1198,新池近天,1
1199,池近天井,1
1200,近天井玉,1
1201,天井玉宇,1
1202,井玉宇停,1
1203,玉宇停雲,1
1204,宇停雲車,1
1205,停雲車餘,1
1206,雲車餘亦,1
1207,車餘亦苦,1
1208,餘亦苦山,1
1209,亦苦山路,1
1210,苦山路洗,1
1211,山路洗心,1
1212,路洗心祈,1
1213,洗心祈道,1
1214,心祈道書,1
1215,祈道書高,1
1216,道書高天,1
1217,書高天風,1
1218,高天風雨,1
1219,天風雨散,1
1220,風雨散清,1
1221,雨散清氣,1
1222,散清氣在,1
1223,清氣在園,1
1224,氣在園林,1
1225,在園林況,1
1226,園林況我,1
1227,林況我夜,1
1228,況我夜初,1
1229,我夜初靜,1
1230,夜初靜當,1
1231,初靜當軒,1
1232,靜當軒鳴,1
1233,當軒鳴綠,1
1234,軒鳴綠琴,1
1235,鳴綠琴雲,1
1236,綠琴雲開,1
1237,琴雲開北,1
1238,雲開北堂,1
1239,開北堂月,1
1240,北堂月庭,1
1241,堂月庭滿,1
1242,月庭滿南,1
1243,庭滿南山,1
1244,滿南山陰,1
1245,南山陰不,1
1246,山陰不見,1
1247,陰不見長,1
1248,不見長裾,1
1249,見長裾者,1
1250,長裾者空,1
1251,裾者空歌,1
1252,者空歌遊,1
1253,空歌遊子,1
1254,歌遊子吟,1
1255,遊子吟暮,1
1256,子吟暮聲,1
1257,吟暮聲雜,1
1258,暮聲雜初,1
1259,聲雜初雁,1
1260,雜初雁夜,1
1261,初雁夜色,1
1262,雁夜色涵,1
1263,夜色涵早,1
1264,色涵早秋,1
1265,涵早秋獨,1
1266,早秋獨見,1
1267,秋獨見海,1
1268,獨見海中,1
1269,見海中月,1
1270,海中月照,1
1271,中月照君,1
1272,月照君池,1
1273,照君池上,1
1274,君池上樓,1
1275,池上樓山,1
1276,上樓山雲,1
1277,樓山雲拂,1
1278,山雲拂高,1
1279,雲拂高棟,1
1280,拂高棟天,1
1281,高棟天漢,1
1282,棟天漢入,1
1283,天漢入雲,1
1284,漢入雲流,1
1285,入雲流不,1
1286,雲流不惜,1
1287,流不惜朝,1
1288,不惜朝光,1
1289,惜朝光滿,1
1290,朝光滿其,1
1291,光滿其如,1
1292,滿其如千,1
1293,其如千里,1
1294,如千里遊,1
1295,千里遊高,1
1296,里遊高位,1
1297,遊高位莫,1
1298,高位莫能,1
1299,位莫能舍,1
1300,莫能舍舍,1
1301,能舍舍之,1
1302,舍舍之世,1
1303,舍之世所,1
1304,之世所賢,1
1305,世所賢雲,1
1306,所賢雲車,1
1307,賢雲車游,1
1308,雲車游日,1
1309,車游日華,1
1310,游日華豈,1
1311,日華豈比,1
1312,華豈比龍,1
1313,豈比龍樓,1
1314,比龍樓前,1
1315,龍樓前寢,1
1316,樓前寢疾,1
1317,前寢疾乃,1
1318,寢疾乃就,1
1319,疾乃就枕,1
1320,乃就枕情,1
1321,就枕情感,1
1322,枕情感唯,1
1323,情感唯靈,1
1324,感唯靈仙,1
1325,唯靈仙帝,1
1326,靈仙帝鴻,1
1327,仙帝鴻思,1
1328,帝鴻思道,1
1329,鴻思道宗,1
1330,思道宗臣,1
1331,道宗臣彭,1
1332,宗臣彭亦,1
1333,臣彭亦長,1
1334,彭亦長年,1
1335,亦長年天,1
1336,長年天書,1
1337,年天書加,1
1338,天書加羽,1
1339,書加羽服,1
1340,加羽服又,1
1341,羽服又許,1
1342,服又許歸,1
1343,又許歸東,1
1344,許歸東川,1
1345,歸東川鏡,1
1346,東川鏡水,1
1347,川鏡水涵,1
1348,鏡水涵太,1
1349,水涵太清,1
1350,涵太清禹,1
1351,太清禹山,1
1352,清禹山朝,1
1353,禹山朝上,1
1354,山朝上玄,1
1355,朝上玄誠,1
1356,上玄誠亡,1
1357,玄誠亡真,1
1358,誠亡真混,1
1359,亡真混沌,1
1360,真混沌玉,1
1361,混沌玉立,1
1362,沌玉立方,1
1363,玉立方嬋,1
1364,立方嬋娟,1
1365,方嬋娟素,1
1366,嬋娟素業,1
1367,娟素業作,1
1368,素業作仙,1
1369,業作仙居,1
1370,作仙居子,1
1371,仙居子孫,1
1372,居子孫當,1
1373,子孫當自,1
1374,孫當自傳,1
1375,當自傳門,1
1376,自傳門多,1
1377,傳門多松,1
1378,門多松柏,1
1379,多松柏樹,1
1380,松柏樹篋,1
1381,柏樹篋有,1
1382,樹篋有逍,1
1383,篋有逍遙,1
1384,有逍遙篇,1
1385,逍遙篇獨,1
1386,遙篇獨往,1
1387,篇獨往不,1
1388,獨往不可,1
1389,往不可群,1
1390,不可群滄,1
1391,可群滄海,1
1392,群滄海成,1
1393,滄海成桑,1
1394,海成桑田,1
1395,成桑田清,1
1396,桑田清晨,1
1397,田清晨登,1
1398,清晨登仙,1
1399,晨登仙峰,1
1400,登仙峰峰,1
1401,仙峰峰遠,1
1402,峰峰遠行,1
1403,峰遠行未,1
1404,遠行未極,1
1405,行未極江,1
1406,未極江海,1
1407,極江海霽,1
1408,江海霽初,1
1409,海霽初景,1
1410,霽初景草,1
1411,初景草木,1
1412,景草木含,1
1413,草木含新,1
1414,木含新色,1
1415,含新色而,1
1416,新色而我,1
1417,色而我任,1
1418,而我任天,1
1419,我任天和,1
1420,任天和此,1
1421,天和此時,1
1422,和此時聊,1
1423,此時聊動,1
1424,時聊動息,1
1425,聊動息望,1
1426,動息望鄉,1
1427,息望鄉白,1
1428,望鄉白雲,1
1429,鄉白雲裏,1
1430,白雲裏發,1
1431,雲裏發棹,1
1432,裏發棹清,1
1433,發棹清溪,1
1434,棹清溪側,1
1435,清溪側松,1
1436,溪側松柏,1
1437,側松柏生,1
1438,松柏生深,1
1439,柏生深山,1
1440,生深山無,1
1441,深山無心,1
1442,山無心自,1
1443,無心自貞,1
1444,心自貞直,1
1445,自貞直當,1
1446,貞直當晝,1
1447,直當晝暑,1
1448,當晝暑氣,1
1449,晝暑氣盛,1
1450,暑氣盛鳥,1
1451,氣盛鳥雀,1
1452,盛鳥雀靜,1
1453,鳥雀靜不,1
1454,雀靜不飛,1
1455,靜不飛念,1
1456,不飛念君,1
1457,飛念君高,1
1458,念君高梧,1
1459,君高梧陰,1
1460,高梧陰複,1
1461,梧陰複解,1
1462,陰複解山,1
1463,複解山中,1
1464,解山中衣,1
1465,山中衣數,1
1466,中衣數片,1
1467,衣數片遠,1
1468,數片遠雲,1
1469,片遠雲度,1
1470,遠雲度曾,1
1471,雲度曾不,1
1472,度曾不蔽,1
1473,曾不蔽炎,1
1474,不蔽炎暉,1
1475,蔽炎暉淹,1
1476,炎暉淹留,1
1477,暉淹留膳,1
1478,淹留膳茶,1
1479,留膳茶粥,1
1480,膳茶粥共,1
1481,茶粥共我,1
1482,粥共我飯,1
1483,共我飯蕨,1
1484,我飯蕨薇,1
1485,飯蕨薇敝,1
1486,蕨薇敝廬,1
1487,薇敝廬既,1
1488,敝廬既不,1
1489,廬既不遠,1
1490,既不遠日,1
1491,不遠日暮,1
1492,遠日暮徐,1
1493,日暮徐徐,1
1494,暮徐徐歸,1
1495,徐徐歸十,1
1496,徐歸十年,1
1497,歸十年別,1
1498,十年別鄉,1
1499,年別鄉縣,1
1500,別鄉縣西,1
1501,鄉縣西雲,1
1502,縣西雲入,1
1503,西雲入皇,1
1504,雲入皇州,1
1505,入皇州此,1
1506,皇州此意,1
1507,州此意在,1
1508,此意在觀,1
1509,意在觀國,1
1510,在觀國不,1
1511,觀國不言,1
1512,國不言空,1
1513,不言空遠,1
1514,言空遠遊,1
1515,空遠遊九,1
1516,遠遊九衢,1
1517,遊九衢平,1
1518,九衢平若,1
1519,衢平若水,1
1520,平若水利,1
1521,若水利往,1
1522,水利往無,1
1523,利往無輕,1
1524,往無輕舟,1
1525,無輕舟北,1
1526,輕舟北洛,1
1527,舟北洛反,1
1528,北洛反初,1
1529,洛反初路,1
1530,反初路東,1
1531,初路東江,1
1532,路東江還,1
1533,東江還故,1
1534,江還故丘,1
1535,還故丘春,1
1536,故丘春山,1
1537,丘春山多,1
1538,春山多秀,1
1539,山多秀木,1
1540,多秀木碧,1
1541,秀木碧澗,1
1542,木碧澗盡,1
1543,碧澗盡清,1
1544,澗盡清流,1
1545,盡清流不,1
1546,清流不見,1
1547,流不見子,1
1548,不見子桑,1
1549,見子桑扈,1
1550,子桑扈當,1
1551,桑扈當從,1
1552,扈當從方,1
1553,當從方外,1
1554,從方外求,1
1555,方外求世,1
1556,外求世業,1
1557,求世業傳,1
1558,世業傳儒,1
1559,業傳儒行,1
1560,傳儒行行,1
1561,儒行行成,1
1562,行行成非,1
1563,行成非不,1
1564,成非不榮,1
1565,非不榮其,1
1566,不榮其如,1
1567,榮其如懷,1
1568,其如懷獨,1
1569,如懷獨善,1
1570,懷獨善況,1
1571,獨善況以,1
1572,善況以聞,1
1573,況以聞長,1
1574,以聞長生,1
1575,聞長生家,1
1576,長生家近,1
1577,生家近華,1
1578,家近華陽,1
1579,近華陽洞,1
1580,華陽洞早,1
1581,陽洞早年,1
1582,洞早年深,1
1583,早年深此,1
1584,年深此情,1
1585,深此情巾,1
1586,此情巾車,1
1587,情巾車雲,1
1588,巾車雲路,1
1589,車雲路入,1
1590,雲路入理,1
1591,路入理棹,1
1592,入理棹瑤,1
1593,理棹瑤溪,1
1594,棹瑤溪行,1
1595,瑤溪行天,1
1596,溪行天地,1
1597,行天地朝,1
1598,天地朝光,1
1599,地朝光滿,1
1600,朝光滿江,1
1601,光滿江山,1
1602,滿江山春,1
1603,江山春色,1
1604,山春色明,1
1605,春色明王,1
1606,色明王庭,1
1607,明王庭有,1
1608,王庭有軒,1
1609,庭有軒冕,1
1610,有軒冕此,1
1611,軒冕此日,1
1612,冕此日方,1
1613,此日方知,1
1614,日方知輕,1
1615,方知輕平,1
1616,知輕平生,1
1617,輕平生非,1
1618,平生非作,1
1619,生非作者,1
1620,非作者望,1
1621,作者望古,1
1622,者望古懷,1
1623,望古懷清,1
1624,古懷清芬,1
1625,懷清芬心,1
1626,清芬心以,1
1627,芬心以道,1
1628,心以道為,1
1629,以道為際,1
1630,道為際行,1
1631,為際行將,1
1632,際行將時,1
1633,行將時不,1
1634,將時不群,1
1635,時不群茲,1
1636,不群茲山,1
1637,群茲山在,1
1638,茲山在人,1
1639,山在人境,1
1640,在人境靈,1
1641,人境靈貺,1
1642,境靈貺久,1
1643,靈貺久傳,1
1644,貺久傳聞,1
1645,久傳聞遠,1
1646,傳聞遠勢,1
1647,聞遠勢一,1
1648,遠勢一峰,1
1649,勢一峰出,1
1650,一峰出近,1
1651,峰出近形,1
1652,出近形千,1
1653,近形千嶂,1
1654,形千嶂分,1
1655,千嶂分冬,1
1656,嶂分冬春,1
1657,分冬春有,1
1658,冬春有茂,1
1659,春有茂草,1
1660,有茂草朝,1
1661,茂草朝暮,1
1662,草朝暮多,1
1663,朝暮多鮮,1
1664,暮多鮮雲,1
1665,多鮮雲此,1
1666,鮮雲此去,1
1667,雲此去亦,1
1668,此去亦何,1
1669,去亦何極,1
1670,亦何極但,1
1671,何極但言,1
1672,極但言西,1
1673,但言西日,1
1674,言西日曛,1
1675,西日曛昔,1
1676,日曛昔賢,1
1677,曛昔賢居,1
1678,昔賢居柱,1
1679,賢居柱下,1
1680,居柱下今,1
1681,柱下今我,1
1682,下今我去,1
1683,今我去人,1
1684,我去人間,1
1685,去人間良,1
1686,人間良以,1
1687,間良以直,1
1688,良以直心,1
1689,以直心曠,1
1690,直心曠兼,1
1691,心曠兼之,1
1692,曠兼之外,1
1693,兼之外視,1
1694,之外視閑,1
1695,外視閑垂,1
1696,視閑垂綸,1
1697,閑垂綸非,1
1698,垂綸非釣,1
1699,綸非釣國,1
1700,非釣國好,1
1701,釣國好學,1
1702,國好學異,1
1703,好學異希,1
1704,學異希顏,1
1705,異希顏落,1
1706,希顏落日,1
1707,顏落日登,1
1708,落日登高,1
1709,日登高嶼,1
1710,登高嶼悠,1
1711,高嶼悠然,1
1712,嶼悠然望,1
1713,悠然望遠,1
1714,然望遠山,1
1715,望遠山溪,1
1716,遠山溪流,1
1717,山溪流碧,1
1718,溪流碧水,1
1719,流碧水去,1
1720,碧水去雲,1
1721,水去雲帶,1
1722,去雲帶清,1
1723,雲帶清陰,1
1724,帶清陰還,1
1725,清陰還想,1
1726,陰還想見,1
1727,還想見中,1
1728,想見中林,1
1729,見中林士,1
1730,中林士岩,1
1731,林士岩扉,1
1732,士岩扉長,1
1733,岩扉長不,1
1734,扉長不關,1
1735,長不關名,1
1736,不關名嶽,1
1737,關名嶽征,1
1738,名嶽征仙,1
1739,嶽征仙事,1
1740,征仙事清,1
1741,仙事清都,1
1742,事清都訪,1
1743,清都訪道,1
1744,都訪道書,1
1745,訪道書山,1
1746,道書山門,1
1747,書山門入,1
1748,山門入松,1
1749,門入松柏,1
1750,入松柏天,1
1751,松柏天路,1
1752,柏天路涵,1
1753,天路涵空,1
1754,路涵空虛,1
1755,涵空虛南,1
1756,空虛南極,1
1757,虛南極見,1
1758,南極見朝,1
1759,極見朝采,1
1760,見朝采西,1
1761,朝采西潭,1
1762,采西潭聞,1
1763,西潭聞夜,1
1764,潭聞夜漁,1
1765,聞夜漁遠,1
1766,夜漁遠心,1
1767,漁遠心尚,1
1768,遠心尚雲,1
1769,心尚雲宿,1
1770,尚雲宿浪,1
1771,雲宿浪跡,1
1772,宿浪跡出,1
1773,浪跡出林,1
1774,跡出林居,1
1775,出林居為,1
1776,林居為己,1
1777,居為己存,1
1778,為己存實,1
1779,己存實際,1
1780,存實際忘,1
1781,實際忘形,1
1782,際忘形同,1
1783,忘形同化,1
1784,形同化初,1
1785,同化初此,1
1786,化初此行,1
1787,初此行良,1
1788,此行良已,1
1789,行良已矣,1
1790,良已矣不,1
1791,已矣不樂,1
1792,矣不樂複,1
1793,不樂複何,1
1794,樂複何如,1
1795,複何如一,1
1796,何如一山,1
1797,如一山盡,1
1798,一山盡天,1
1799,山盡天苑,1
1800,盡天苑一,1
1801,天苑一峰,1
1802,苑一峰開,1
1803,一峰開道,1
1804,峰開道宮,1
1805,開道宮道,1
1806,道宮道花,1
1807,宮道花飛,1
1808,道花飛羽,1
1809,花飛羽衛,1
1810,飛羽衛天,1
1811,羽衛天鳥,1
1812,衛天鳥遊,1
1813,天鳥遊雲,1
1814,鳥遊雲空,1
1815,遊雲空玉,1
1816,雲空玉殿,1
1817,空玉殿俯,1
1818,玉殿俯玄,1
1819,殿俯玄水,1
1820,俯玄水春,1
1821,玄水春旗,1
1822,水春旗搖,1
1823,春旗搖素,1
1824,旗搖素風,1
1825,搖素風夾,1
1826,素風夾門,1
1827,風夾門小,1
1828,夾門小松,1
1829,門小松柏,1
1830,小松柏覆,1
1831,松柏覆井,1
1832,柏覆井新,1
1833,覆井新梧,1
1834,井新梧桐,1
1835,新梧桐自,1
1836,梧桐自昔,1
1837,桐自昔大,1
1838,自昔大仙,1
1839,昔大仙下,1
1840,大仙下乃,1
1841,仙下乃知,1
1842,下乃知元,1
1843,乃知元化,1
1844,知元化功,1
1845,元化功神,1
1846,化功神皇,1
1847,功神皇作,1
1848,神皇作桂,1
1849,皇作桂館,1
1850,作桂館此,1
1851,桂館此意,1
1852,館此意與,1
1853,此意與天,1
1854,意與天通,1
1855,與天通真,1
1856,天通真王,1
1857,通真王清,1
1858,真王清淨,1
1859,王清淨子,1
1860,清淨子燕,1
1861,淨子燕居,1
1862,子燕居複,1
1863,燕居複行,1
1864,居複行心,1
1865,複行心結,1
1866,行心結宇,1
1867,心結宇鄰,1
1868,結宇鄰居,1
1869,宇鄰居邑,1
1870,鄰居邑寤,1
1871,居邑寤言,1
1872,邑寤言非,1
1873,寤言非遠,1
1874,言非遠尋,1
1875,非遠尋丹,1
1876,遠尋丹青,1
1877,尋丹青丈,1
1878,丹青丈室,1
1879,青丈室滿,1
1880,丈室滿草,1
1881,室滿草樹,1
1882,滿草樹一,1
1883,草樹一庭,1
1884,樹一庭深,1
1885,一庭深秀,1
1886,庭深秀色,1
1887,深秀色玄,1
1888,秀色玄冬,1
1889,色玄冬發,1
1890,玄冬發交,1
1891,冬發交枝,1
1892,發交枝白,1
1893,交枝白日,1
1894,枝白日陰,1
1895,白日陰江,1
1896,日陰江流,1
1897,陰江流映,1
1898,江流映朱,1
1899,流映朱戶,1
1900,映朱戶山,1
1901,朱戶山鳥,1
1902,戶山鳥鳴,1
1903,山鳥鳴香,1
1904,鳥鳴香林,1
1905,鳴香林獨,1
1906,香林獨住,1
1907,林獨住已,1
1908,獨住已寂,1
1909,住已寂寂,1
1910,已寂寂安,1
1911,寂寂安知,1
1912,寂安知浮,1
1913,安知浮與,1
1914,知浮與沉,1
1915,浮與沉西,1
1916,與沉西下,1
1917,沉西下長,1
1918,西下長樂,1
1919,下長樂阪,1
1920,長樂阪東,1
1921,樂阪東入,1
1922,阪東入新,1
1923,東入新豐,1
1924,入新豐道,1
1925,新豐道雨,1
1926,豐道雨多,1
1927,道雨多車,1
1928,雨多車馬,1
1929,多車馬稀,1
1930,車馬稀道,1
1931,馬稀道上,1
1932,稀道上生,1
1933,道上生秋,1
1934,上生秋草,1
1935,生秋草太,1
1936,秋草太陰,1
1937,草太陰蔽,1
1938,太陰蔽皋,1
1939,陰蔽皋陸,1
1940,蔽皋陸莫,1
1941,皋陸莫知,1
1942,陸莫知晚,1
1943,莫知晚與,1
1944,知晚與早,1
1945,晚與早雷,1
1946,與早雷雨,1
1947,早雷雨杳,1
1948,雷雨杳冥,1
1949,雨杳冥冥,1
1950,杳冥冥川,1
1951,冥冥川穀,1
1952,冥川穀漫,1
1953,川穀漫浩,1
1954,穀漫浩浩,1
1955,漫浩浩詔,1
1956,浩浩詔書,1
1957,浩詔書植,1
1958,詔書植嘉,1
1959,書植嘉木,1
1960,植嘉木眾,1
1961,嘉木眾言,1
1962,木眾言桃,1
1963,眾言桃李,1
1964,言桃李好,1
1965,桃李好自,1
1966,李好自愧,1
1967,好自愧無,1
1968,自愧無此,1
1969,愧無此容,1
1970,無此容歸,1
1971,此容歸從,1
1972,容歸從漢,1
1973,歸從漢陰,1
1974,從漢陰老,1
1975,漢陰老河,1
1976,陰老河洲,1
1977,老河洲多,1
1978,河洲多青,1
1979,洲多青草,1
1980,多青草朝,1
1981,青草朝暮,1
1982,草朝暮增,1
1983,朝暮增客,1
1984,暮增客愁,1
1985,增客愁客,1
1986,客愁客愁,1
1987,愁客愁惜,1
1988,客愁惜朝,1
1989,愁惜朝暮,1
1990,惜朝暮枉,1
1991,朝暮枉渚,1
1992,暮枉渚暫,1
1993,枉渚暫停,1
1994,渚暫停舟,1
1995,暫停舟中,1
1996,停舟中宵,1
1997,舟中宵大,1
1998,中宵大川,1
1999,宵大川靜,1
2000,大川靜解,1
2001,川靜解纜,1
2002,靜解纜逐,1
2003,解纜逐歸,1
2004,纜逐歸流,1
2005,逐歸流浦,1
2006,歸流浦漵,1
2007,流浦漵既,1
2008,浦漵既清,1
2009,漵既清曠,1
2010,既清曠沿,1
2011,清曠沿洄,1
2012,曠沿洄非,1
2013,沿洄非阻,1
2014,洄非阻修,1
2015,非阻修登,1
2016,阻修登艫,1
2017,修登艫望,1
2018,登艫望落,1
2019,艫望落月,1
2020,望落月擊,1
2021,落月擊汰,1
2022,月擊汰悲,1
2023,擊汰悲新,1
2024,汰悲新秋,1
2025,悲新秋倘,1
2026,新秋倘遇,1
2027,秋倘遇乘,1
2028,倘遇乘槎,1
2029,遇乘槎客,1
2030,乘槎客永,1
2031,槎客永言,1
2032,客永言星,1
2033,永言星漢,1
2034,言星漢遊,1
2035,星漢遊鳥,1
2036,漢遊鳥雀,1
2037,遊鳥雀知,1
2038,鳥雀知天,1
2039,雀知天雪,1
2040,知天雪群,1
2041,天雪群飛,1
2042,雪群飛複,1
2043,群飛複群,1
2044,飛複群鳴,1
2045,複群鳴原,1
2046,群鳴原田,1
2047,鳴原田無,1
2048,原田無遺,1
2049,田無遺粟,1
2050,無遺粟日,1
2051,遺粟日暮,1
2052,粟日暮滿,1
2053,日暮滿空,1
2054,暮滿空城,1
2055,滿空城達,1
2056,空城達士,1
2057,城達士憂,1
2058,達士憂世,1
2059,士憂世務,1
2060,憂世務鄙,1
2061,世務鄙夫,1
2062,務鄙夫念,1
2063,鄙夫念王,1
2064,夫念王程,1
2065,念王程晨,1
2066,王程晨過,1
2067,程晨過彈,1
2068,晨過彈箏,1
2069,過彈箏峽,1
2070,彈箏峽馬,1
2071,箏峽馬足,1
2072,峽馬足淩,1
2073,馬足淩兢,1
2074,足淩兢行,1
2075,淩兢行雙,1
2076,兢行雙壁,1
2077,行雙壁隱,1
2078,雙壁隱靈,1
2079,壁隱靈曜,1
2080,隱靈曜莫,1
2081,靈曜莫能,1
2082,曜莫能知,1
2083,莫能知晦,1
2084,能知晦明,1
2085,知晦明皚,1
2086,晦明皚皚,1
2087,明皚皚堅,1
2088,皚皚堅冰,1
2089,皚堅冰白,1
2090,堅冰白漫,1
2091,冰白漫漫,1
2092,白漫漫陰,1
2093,漫漫陰雲,1
2094,漫陰雲平,1
2095,陰雲平始,1
2096,雲平始信,1
2097,平始信古,1
2098,始信古人,1
2099,信古人言,1
2100,古人言苦,1
2101,人言苦節,1
2102,言苦節不,1
2103,苦節不可,1
2104,節不可貞,1
2105,不可貞行,1
2106,可貞行子,1
2107,貞行子苦,1
2108,行子苦風,1
2109,子苦風潮,1
2110,苦風潮維,1
2111,風潮維舟,1
2112,潮維舟未,1
2113,維舟未能,1
2114,舟未能發,1
2115,未能發宵,1
2116,能發宵分,1
2117,發宵分卷,1
2118,宵分卷前,1
2119,分卷前幔,1
2120,卷前幔臥,1
2121,前幔臥視,1
2122,幔臥視清,1
2123,臥視清秋,1
2124,視清秋月,1
2125,清秋月四,1
2126,秋月四澤,1
2127,月四澤蒹,1
2128,四澤蒹葭,1
2129,澤蒹葭深,1
2130,蒹葭深中,1
2131,葭深中洲,1
2132,深中洲煙,1
2133,中洲煙火,1
2134,洲煙火絕,1
2135,煙火絕蒼,1
2136,火絕蒼蒼,1
2137,絕蒼蒼水,1
2138,蒼蒼水霧,1
2139,蒼水霧起,1
2140,水霧起落,1
2141,霧起落落,1
2142,起落落疏,1
2143,落疏星沒,1
2144,疏星沒所,1
2145,星沒所遇,1
2146,沒所遇盡,1
2147,所遇盡漁,1
2148,遇盡漁商,1
2149,盡漁商與,1
2150,漁商與言,1
2151,商與言多,1
2152,與言多楚,1
2153,言多楚越,1
2154,多楚越其,1
2155,楚越其如,1
2156,越其如念,1
2157,其如念極,1
2158,如念極浦,1
2159,念極浦又,1
2160,極浦又以,1
2161,浦又以思,1
2162,又以思明,1
2163,以思明哲,1
2164,思明哲常,1
2165,明哲常若,1
2166,哲常若千,1
2167,常若千里,1
2168,若千里餘,1
2169,千里餘況,1
2170,里餘況之,1
2171,餘況之異,1
2172,況之異鄉,1
2173,之異鄉別,1
2174,異鄉別方,1
2175,鄉別方塘,1
2176,別方塘深,1
2177,方塘深且,1
2178,塘深且廣,1
2179,深且廣伊,1
2180,且廣伊昔,1
2181,廣伊昔俯,1
2182,伊昔俯吾,1
2183,昔俯吾廬,1
2184,俯吾廬環,1
2185,吾廬環岸,1
2186,廬環岸垂,1
2187,環岸垂綠,1
2188,岸垂綠柳,1
2189,垂綠柳盈,1
2190,綠柳盈澤,1
2191,柳盈澤發,1
2192,盈澤發紅,1
2193,澤發紅蕖,1
2194,發紅蕖上,1
2195,紅蕖上延,1
2196,蕖上延北,1
2197,上延北原,1
2198,延北原秀,1
2199,北原秀下,1
2200,原秀下屬,1
2201,秀下屬幽,1
2202,下屬幽人,1
2203,屬幽人居,1
2204,幽人居暑,1
2205,人居暑雨,1
2206,居暑雨若,1
2207,暑雨若混,1
2208,雨若混沌,1
2209,若混沌清,1
2210,混沌清明,1
2211,沌清明如,1
2212,清明如空,1
2213,明如空虛,1
2214,如空虛此,1
2215,空虛此鄉,1
2216,虛此鄉多,1
2217,此鄉多隱,1
2218,鄉多隱逸,1
2219,多隱逸水,1
2220,隱逸水陸,1
2221,逸水陸見,1
2222,水陸見樵,1
2223,陸見樵漁,1
2224,見樵漁廢,1
2225,樵漁廢賞,1
2226,漁廢賞亦,1
2227,廢賞亦何,1
2228,賞亦何貴,1
2229,亦何貴為,1
2230,何貴為歡,1
2231,貴為歡良,1
2232,為歡良易,1
2233,歡良易攄,1
2234,良易攄且,1
2235,易攄且言,1
2236,攄且言重,1
2237,且言重觀,1
2238,言重觀國,1
2239,重觀國當,1
2240,觀國當此,1
2241,國當此賦,1
2242,當此賦歸,1
2243,此賦歸歟,1
2244,賦歸歟晨,1
2245,歸歟晨登,1
2246,歟晨登涼,1
2247,晨登涼風,1
2248,登涼風台,1
2249,涼風台暮,1
2250,風台暮走,1
2251,台暮走邯,1
2252,暮走邯鄲,1
2253,走邯鄲道,1
2254,邯鄲道曜,1
2255,鄲道曜靈,1
2256,道曜靈何,1
2257,曜靈何赫,1
2258,靈何赫烈,1
2259,何赫烈四,1
2260,赫烈四野,1
2261,烈四野無,1
2262,四野無青,1
2263,野無青草,1
2264,無青草大,1
2265,青草大軍,1
2266,草大軍北,1
2267,大軍北集,1
2268,軍北集燕,1
2269,北集燕天,1
2270,集燕天子,1
2271,燕天子西,1
2272,天子西居,1
2273,子西居鎬,1
2274,西居鎬婦,1
2275,居鎬婦人,1
2276,鎬婦人役,1
2277,婦人役州,1
2278,人役州縣,1
2279,役州縣丁,1
2280,州縣丁男,1
2281,縣丁男事,1
2282,丁男事征,1
2283,男事征討,1
2284,事征討老,1
2285,征討老幼,1
2286,討老幼相,1
2287,老幼相別,1
2288,幼相別離,1
2289,相別離哭,1
2290,別離哭泣,1
2291,離哭泣無,1
2292,哭泣無昏,1
2293,泣無昏早,1
2294,無昏早稼,1
2295,昏早稼穡,1
2296,早稼穡既,1
2297,稼穡既殄,1
2298,穡既殄絕,1
2299,既殄絕川,1
2300,殄絕川澤,1
2301,絕川澤複,1
2302,川澤複枯,1
2303,澤複枯槁,1
2304,複枯槁曠,1
2305,枯槁曠哉,1
2306,槁曠哉遠,1
2307,曠哉遠此,1
2308,哉遠此憂,1
2309,遠此憂冥,1
2310,此憂冥冥,1
2311,憂冥冥商,1
2312,冥冥商山,1
2313,冥商山皓,1
2314,商山皓東,1
2315,山皓東風,1
2316,皓東風吹,1
2317,東風吹大,1
2318,風吹大河,1
2319,吹大河河,1
2320,大河河水,1
2321,河河水如,1
2322,河水如倒,1
2323,水如倒流,1
2324,如倒流河,1
2325,倒流河洲,1
2326,流河洲塵,1
2327,河洲塵沙,1
2328,洲塵沙起,1
2329,塵沙起有,1
2330,沙起有若,1
2331,起有若黃,1
2332,有若黃雲,1
2333,若黃雲浮,1
2334,黃雲浮赬,1
2335,雲浮赬霞,1
2336,浮赬霞燒,1
2337,赬霞燒廣,1
2338,霞燒廣澤,1
2339,燒廣澤洪,1
2340,廣澤洪曜,1
2341,澤洪曜赫,1
2342,洪曜赫高,1
2343,曜赫高丘,1
2344,赫高丘野,1
2345,高丘野老,1
2346,丘野老泣,1
2347,野老泣相,1
2348,老泣相語,1
2349,泣相語無,1
2350,相語無地,1
2351,語無地可,1
2352,無地可蔭,1
2353,地可蔭休,1
2354,可蔭休翰,1
2355,蔭休翰林,1
2356,休翰林有,1
2357,翰林有客,1
2358,林有客卿,1
2359,有客卿獨,1
2360,客卿獨負,1
2361,卿獨負蒼,1
2362,獨負蒼生,1
2363,負蒼生憂,1
2364,蒼生憂中,1
2365,生憂中夜,1
2366,憂中夜起,1
2367,中夜起躑,1
2368,夜起躑躅,1
2369,起躑躅思,1
2370,躑躅思欲,1
2371,躅思欲獻,1
2372,思欲獻厥,1
2373,欲獻厥謀,1
2374,獻厥謀君,1
2375,厥謀君門,1
2376,謀君門峻,1
2377,君門峻且,1
2378,門峻且深,1
2379,峻且深踠,1
2380,且深踠足,1
2381,深踠足空,1
2382,踠足空夷,1
2383,足空夷猶,1
2384,空夷猶混,1
2385,夷猶混沌,1
2386,猶混沌本,1
2387,混沌本無,1
2388,沌本無象,1
2389,本無象末,1
2390,無象末路,1
2391,象末路多,1
2392,末路多是,1
2393,路多是非,1
2394,多是非達,1
2395,是非達士,1
2396,非達士志,1
2397,達士志寥,1
2398,士志寥廓,1
2399,志寥廓所,1
2400,寥廓所在,1
2401,廓所在能,1
2402,所在能忘,1
2403,在能忘機,1
2404,能忘機耕,1
2405,忘機耕鑿,1
2406,機耕鑿時,1
2407,耕鑿時未,1
2408,鑿時未至,1
2409,時未至還,1
2410,未至還山,1
2411,至還山聊,1
2412,還山聊采,1
2413,山聊采薇,1
2414,聊采薇虎,1
2415,采薇虎豹,1
2416,薇虎豹對,1
2417,虎豹對我,1
2418,豹對我蹲,1
2419,對我蹲鸑,1
2420,我蹲鸑鷟,1
2421,蹲鸑鷟旁,1
2422,鸑鷟旁我,1
2423,鷟旁我飛,1
2424,旁我飛仙,1
2425,我飛仙人,1
2426,飛仙人空,1
2427,仙人空中,1
2428,人空中來,1
2429,空中來謂,1
2430,中來謂我,1
2431,來謂我勿,1
2432,謂我勿複,1
2433,我勿複歸,1
2434,勿複歸格,1
2435,複歸格澤,1
2436,歸格澤為,1
2437,格澤為君,1
2438,澤為君駕,1
2439,為君駕虹,1
2440,君駕虹蜺,1
2441,駕虹蜺為,1
2442,虹蜺為君,1
2443,蜺為君衣,1
2444,為君衣西,1
2445,君衣西遊,1
2446,衣西遊昆,1
2447,西遊昆侖,1
2448,遊昆侖墟,1
2449,昆侖墟可,1
2450,侖墟可與,1
2451,墟可與世,1
2452,可與世人,1
2453,與世人違,1
2454,世人違秋,1
2455,人違秋氣,1
2456,違秋氣肅,1
2457,秋氣肅天,1
2458,氣肅天地,1
2459,肅天地太,1
2460,天地太行,1
2461,地太行高,1
2462,太行高崔,1
2463,行高崔嵬,1
2464,高崔嵬猿,1
2465,崔嵬猿狖,1
2466,嵬猿狖清,1
2467,猿狖清夜,1
2468,狖清夜吟,1
2469,清夜吟其,1
2470,夜吟其聲,1
2471,吟其聲一,1
2472,其聲一何,1
2473,聲一何哀,1
2474,一何哀寂,1
2475,何哀寂寞,1
2476,哀寂寞掩,1
2477,寂寞掩圭,1
2478,寞掩圭蓽,1
2479,掩圭蓽夢,1
2480,圭蓽夢寐,1
2481,蓽夢寐游,1
2482,夢寐游蓬,1
2483,寐游蓬萊,1
2484,游蓬萊琪,1
2485,蓬萊琪樹,1
2486,萊琪樹遠,1
2487,琪樹遠亭,1
2488,樹遠亭亭,1
2489,遠亭亭玉,1
2490,亭亭玉堂,1
2491,亭玉堂雲,1
2492,玉堂雲中,1
2493,堂雲中開,1
2494,雲中開洪,1
2495,中開洪崖,1
2496,開洪崖吹,1
2497,洪崖吹簫,1
2498,崖吹簫管,1
2499,吹簫管玉,1
2500,簫管玉女,1
2501,管玉女飄,1
2502,玉女飄颻,1
2503,女飄颻來,1
2504,飄颻來雨,1
2505,颻來雨師,1
2506,來雨師既,1
2507,雨師既先,1
2508,師既先後,1
2509,既先後道,1
2510,先後道路,1
2511,後道路無,1
2512,道路無纖,1
2513,路無纖埃,1
2514,無纖埃鄙,1
2515,纖埃鄙哉,1
2516,埃鄙哉楚,1
2517,鄙哉楚襄,1
2518,哉楚襄王,1
2519,楚襄王獨,1
2520,襄王獨好,1
2521,王獨好陽,1
2522,獨好陽雲,1
2523,好陽雲台,1
2524,陽雲台世,1
2525,雲台世業,1
2526,台世業江,1
2527,世業江湖,1
2528,業江湖側,1
2529,江湖側郊,1
2530,湖側郊原,1
2531,側郊原休,1
2532,郊原休沐,1
2533,原休沐處,1
2534,休沐處獨,1
2535,沐處獨言,1
2536,處獨言五,1
2537,獨言五日,1
2538,言五日歸,1
2539,五日歸未,1
2540,日歸未道,1
2541,歸未道千,1
2542,未道千秋,1
2543,道千秋去,1
2544,千秋去鄉,1
2545,秋去鄉亭,1
2546,去鄉亭春,1
2547,鄉亭春水,1
2548,亭春水綠,1
2549,春水綠昌,1
2550,水綠昌閣,1
2551,綠昌閣寒,1
2552,昌閣寒光,1
2553,閣寒光暮,1
2554,寒光暮昔,1
2555,光暮昔為,1
2556,暮昔為晝,1
2557,昔為晝錦,1
2558,為晝錦游,1
2559,晝錦游今,1
2560,錦游今成,1
2561,游今成逝,1
2562,今成逝川,1
2563,成逝川路,1
2564,逝川路歸,1
2565,川路歸路,1
2566,路歸路秦,1
2567,歸路秦城,1
2568,路秦城下,1
2569,秦城下寒,1
2570,城下寒雲,1
2571,下寒雲慘,1
2572,寒雲慘平,1
2573,雲慘平田,1
2574,慘平田故,1
2575,平田故園,1
2576,田故園滄,1
2577,故園滄海,1
2578,園滄海邊,1
2579,滄海邊綠,1
2580,海邊綠柳,1
2581,邊綠柳覆,1
2582,綠柳覆平,1
2583,柳覆平川,1
2584,覆平川送,1
2585,平川送客,1
2586,川送客異,1
2587,送客異他,1
2588,客異他日,1
2589,異他日還,1
2590,他日還舟,1
2591,日還舟殊,1
2592,還舟殊昔,1
2593,舟殊昔年,1
2594,殊昔年華,1
2595,昔年華亭,1
2596,年華亭有,1
2597,華亭有明,1
2598,亭有明日,1
2599,有明日長,1
2600,明日長向,1
2601,日長向隴,1
2602,長向隴頭,1
2603,向隴頭懸,1
2604,隴頭懸劍,1
2605,頭懸劍水,1
2606,懸劍水千,1
2607,劍水千人,1
2608,水千人石,1
2609,千人石荊,1
2610,人石荊江,1
2611,石荊江萬,1
2612,荊江萬里,1
2613,江萬里流,1
2614,萬里流英,1
2615,里流英英,1
2616,流英英有,1
2617,英英有君,1
2618,英有君子,1
2619,有君子才,1
2620,君子才德,1
2621,子才德滿,1
2622,才德滿中,1
2623,德滿中州,1
2624,滿中州明,1
2625,中州明道,1
2626,州明道俟,1
2627,明道俟良,1
2628,道俟良佐,1
2629,俟良佐惟,1
2630,良佐惟賢,1
2631,佐惟賢初,1
2632,惟賢初薄,1
2633,賢初薄遊,1
2634,初薄遊生,1
2635,薄遊生涯,1
2636,遊生涯一,1
2637,生涯一朝,1
2638,涯一朝盡,1
2639,一朝盡寂,1
2640,朝盡寂寞,1
2641,盡寂寞夜,1
2642,寂寞夜台,1
2643,寞夜台幽,1
2644,夜台幽金,1
2645,台幽金堂,1
2646,幽金堂策,1
2647,金堂策令,1
2648,堂策令名,1
2649,策令名仙,1
2650,令名仙掖,1
2651,名仙掖居,1
2652,仙掖居清,1
2653,掖居清位,1
2654,居清位鳴,1
2655,清位鳴玉,1
2656,位鳴玉朝,1
2657,鳴玉朝雙,1
2658,玉朝雙闕,1
2659,朝雙闕垂,1
2660,雙闕垂纓,1
2661,闕垂纓遊,1
2662,垂纓遊兩,1
2663,纓遊兩地,1
2664,遊兩地朝,1
2665,兩地朝夕,1
2666,地朝夕既,1
2667,朝夕既論,1
2668,夕既論思,1
2669,既論思春,1
2670,論思春秋,1
2671,思春秋仍,1
2672,春秋仍書,1
2673,秋仍書事,1
2674,仍書事何,1
2675,書事何言,1
2676,事何言魯,1
2677,何言魯聲,1
2678,言魯聲伯,1
2679,魯聲伯忽,1
2680,聲伯忽下,1
2681,伯忽下瓊,1
2682,忽下瓊珠,1
2683,下瓊珠淚,1
2684,瓊珠淚令,1
2685,珠淚令德,1
2686,淚令德棄,1
2687,令德棄人,1
2688,德棄人世,1
2689,棄人世明,1
2690,人世明朝,1
2691,世明朝降,1
2692,明朝降寵,1
2693,朝降寵章,1
2694,降寵章起,1
2695,寵章起居,1
2696,章起居存,1
2697,起居存有,1
2698,居存有位,1
2699,存有位著,1
2700,有位著作,1
2701,位著作沒,1
2702,著作沒為,1
2703,作沒為郎,1
2704,沒為郎寒,1
2705,為郎寒水,1
2706,郎寒水落,1
2707,寒水落南,1
2708,水落南浦,1
2709,落南浦月,1
2710,南浦月華,1
2711,浦月華虛,1
2712,月華虛北,1
2713,華虛北堂,1
2714,虛北堂松,1
2715,北堂松門,1
2716,堂松門一,1
2717,松門一長,1
2718,門一長想,1
2719,一長想仿,1
2720,長想仿佛,1
2721,想仿佛見,1
2722,仿佛見清,1
2723,佛見清揚,1
2724,見清揚落,1
2725,清揚落葉,1
2726,揚落葉滿,1
2727,落葉滿山,1
2728,葉滿山砌,1
2729,滿山砌蒼,1
2730,山砌蒼煙,1
2731,砌蒼煙埋,1
2732,蒼煙埋竹,1
2733,煙埋竹扉,1
2734,埋竹扉遠,1
2735,竹扉遠懷,1
2736,扉遠懷青,1
2737,遠懷青冥,1
2738,懷青冥士,1
2739,青冥士書,1
2740,冥士書劍,1
2741,士書劍常,1
2742,書劍常相,1
2743,劍常相依,1
2744,常相依霜,1
2745,相依霜臥,1
2746,依霜臥眇,1
2747,霜臥眇茲,1
2748,臥眇茲地,1
2749,眇茲地琴,1
2750,茲地琴言,1
2751,地琴言紛,1
2752,琴言紛已,1
2753,言紛已違,1
2754,紛已違衡,1
2755,已違衡陽,1
2756,違衡陽今,1
2757,衡陽今萬,1
2758,陽今萬里,1
2759,今萬里南,1
2760,萬里南雁,1
2761,里南雁將,1
2762,南雁將何,1
2763,雁將何歸,1
2764,將何歸出,1
2765,何歸出徑,1
2766,歸出徑惜,1
2767,出徑惜松,1
2768,徑惜松引,1
2769,惜松引入,1
2770,松引入舟,1
2771,引入舟憐,1
2772,入舟憐釣,1
2773,舟憐釣磯,1
2774,憐釣磯西,1
2775,釣磯西林,1
2776,磯西林有,1
2777,西林有明,1
2778,林有明月,1
2779,有明月夜,1
2780,明月夜久,1
2781,月夜久空,1
2782,夜久空微,1
2783,久空微微,1
2784,空微微冬,1
2785,微微冬暮,1
2786,微冬暮久,1
2787,冬暮久無,1
2788,暮久無樂,1
2789,久無樂西,1
2790,無樂西行,1
2791,樂西行至,1
2792,西行至長,1
2793,行至長安,1
2794,至長安故,1
2795,長安故人,1
2796,安故人處,1
2797,故人處東,1
2798,人處東第,1
2799,處東第清,1
2800,東第清夜,1
2801,第清夜多,1
2802,清夜多新,1
2803,夜多新歡,1
2804,多新歡廣,1
2805,新歡廣庭,1
2806,歡廣庭竹,1
2807,廣庭竹陰,1
2808,庭竹陰靜,1
2809,竹陰靜華,1
2810,陰靜華池,1
2811,靜華池月,1
2812,華池月色,1
2813,池月色寒,1
2814,月色寒知,1
2815,色寒知音,1
2816,寒知音盡,1
2817,知音盡詞,1
2818,音盡詞客,1
2819,盡詞客方,1
2820,詞客方見,1
2821,客方見交,1
2822,方見交情,1
2823,見交情難,1
2824,交情難神,1
2825,情難神道,1
2826,難神道本,1
2827,神道本無,1
2828,道本無已,1
2829,本無已成,1
2830,無已成化,1
2831,已成化亦,1
2832,成化亦自,1
2833,化亦自然,1
2834,亦自然君,1
2835,自然君居,1
2836,然君居寥,1
2837,君居寥天,1
2838,居寥天上,1
2839,寥天上德,1
2840,天上德在,1
2841,上德在玉,1
2842,德在玉華,1
2843,在玉華泉,1
2844,玉華泉真,1
2845,華泉真游,1
2846,泉真游踐,1
2847,真游踐王,1
2848,游踐王豫,1
2849,踐王豫永,1
2850,王豫永日,1
2851,豫永日遲,1
2852,永日遲雲,1
2853,日遲雲仙,1
2854,遲雲仙表,1
2855,雲仙表微,1
2856,仙表微在,1
2857,表微在營,1
2858,微在營道,1
2859,在營道明,1
2860,營道明祀,1
2861,道明祀將,1
2862,明祀將祈,1
2863,祀將祈年,1
2864,將祈年靈,1
2865,祈年靈山,1
2866,年靈山俯,1
2867,靈山俯新,1
2868,山俯新邑,1
2869,俯新邑松,1
2870,新邑松上,1
2871,邑松上生,1
2872,松上生彩,1
2873,上生彩煙,1
2874,生彩煙豈,1
2875,彩煙豈知,1
2876,煙豈知穆,1
2877,豈知穆天,1
2878,知穆天子,1
2879,穆天子遠,1
2880,天子遠去,1
2881,子遠去瑤,1
2882,遠去瑤池,1
2883,去瑤池邊,1
2884,瑤池邊覆,1
2885,池邊覆舟,1
2886,邊覆舟無,1
2887,覆舟無伯,1
2888,舟無伯夷,1
2889,無伯夷覆,1
2890,伯夷覆車,1
2891,夷覆車無,1
2892,覆車無仲,1
2893,車無仲尼,1
2894,無仲尼自,1
2895,仲尼自咎,1
2896,尼自咎失,1
2897,自咎失明,1
2898,咎失明義,1
2899,失明義甯,1
2900,明義甯由,1
2901,義甯由貝,1
2902,甯由貝錦,1
2903,由貝錦詩,1
2904,貝錦詩松,1
2905,錦詩松柏,1
2906,詩松柏日,1
2907,松柏日已,1
2908,柏日已堅,1
2909,日已堅桃,1
2910,已堅桃李,1
2911,堅桃李日,1
2912,桃李日以,1
2913,李日以滋,1
2914,日以滋顧,1
2915,以滋顧己,1
2916,滋顧己獨,1
2917,顧己獨暗,1
2918,己獨暗昧,1
2919,獨暗昧所,1
2920,暗昧所居,1
2921,昧所居成,1
2922,所居成蒺,1
2923,居成蒺藜,1
2924,成蒺藜大,1
2925,蒺藜大賢,1
2926,藜大賢薦,1
2927,大賢薦時,1
2928,賢薦時文,1
2929,薦時文醜,1
2930,時文醜婦,1
2931,文醜婦用,1
2932,醜婦用蛾,1
2933,婦用蛾眉,1
2934,用蛾眉惕,1
2935,蛾眉惕惕,1
2936,眉惕惕愧,1
2937,惕惕愧不,1
2938,惕愧不已,1
2939,愧不已豈,1
2940,不已豈敢,1
2941,已豈敢論,1
2942,豈敢論其,1
2943,敢論其私,1
2944,論其私方,1
2945,其私方朔,1
2946,私方朔既,1
2947,方朔既有,1
2948,朔既有言,1
2949,既有言子,1
2950,有言子建,1
2951,言子建亦,1
2952,子建亦有,1
2953,建亦有詩,1
2954,亦有詩惻,1
2955,有詩惻隱,1
2956,詩惻隱及,1
2957,惻隱及先,1
2958,隱及先世,1
2959,及先世析,1
2960,先世析薪,1
2961,世析薪成,1
2962,析薪成自,1
2963,薪成自悲,1
2964,成自悲靈,1
2965,自悲靈鳥,1
2966,悲靈鳥酬,1
2967,靈鳥酬德,1
2968,鳥酬德輝,1
2969,酬德輝黃,1
2970,德輝黃雀,1
2971,輝黃雀報,1
2972,黃雀報仁,1
2973,雀報仁慈,1
2974,報仁慈若,1
2975,仁慈若公,1
2976,慈若公庶,1
2977,若公庶伏,1
2978,公庶伏罪,1
2979,庶伏罪此,1
2980,伏罪此事,1
2981,罪此事安,1
2982,此事安能,1
2983,事安能遲,1
2984,安能遲秋,1
2985,能遲秋山,1
2986,遲秋山下,1
2987,秋山下映,1
2988,山下映宮,1
2989,下映宮宮,1
2990,映宮宮色,1
2991,宮宮色宜,1
2992,宮色宜朝,1
2993,色宜朝陽,1
2994,宜朝陽迢,1
2995,朝陽迢遞,1
2996,陽迢遞在,1
2997,迢遞在半,1
2998,遞在半嶺,1
2999,在半嶺參,1
3000,半嶺參差,1
3001,嶺參差非,1
3002,參差非一,1
3003,差非一行,1
3004,非一行燕,1
3005,一行燕息,1
3006,行燕息雲,1
3007,燕息雲滿,1
3008,息雲滿門,1
3009,雲滿門出,1
3010,滿門出遊,1
3011,門出遊花,1
3012,出遊花隱,1
3013,遊花隱房,1
3014,花隱房二,1
3015,隱房二尊,1
3016,房二尊此,1
3017,二尊此成,1
3018,尊此成道,1
3019,此成道禪,1
3020,成道禪宇,1
3021,道禪宇遙,1
3022,禪宇遙相,1
3023,宇遙相望,1
3024,遙相望鳳,1
3025,相望鳳鐸,1
3026,望鳳鐸天,1
3027,鳳鐸天中,1
3028,鐸天中鳴,1
3029,天中鳴岩,1
3030,中鳴岩梯,1
3031,鳴岩梯松,1
3032,岩梯松下,1
3033,梯松下長,1
3034,松下長山,1
3035,下長山墟,1
3036,長山墟響,1
3037,山墟響信,1
3038,墟響信鼓,1
3039,響信鼓蘅,1
3040,信鼓蘅薄,1
3041,鼓蘅薄生,1
3042,蘅薄生蕙,1
3043,薄生蕙香,1
3044,生蕙香起,1
3045,蕙香起滅,1
3046,香起滅一,1
3047,起滅一以,1
3048,滅一以雪,1
3049,一以雪往,1
3050,以雪往來,1
3051,雪往來亦,1
3052,往來亦誠,1
3053,來亦誠亡,1
3054,亦誠亡悲,1
3055,誠亡悲哉,1
3056,亡悲哉門,1
3057,悲哉門弟,1
3058,哉門弟子,1
3059,門弟子要,1
3060,弟子要自,1
3061,子要自知,1
3062,要自知心,1
3063,自知心長,1
3064,知心長暮,1
3065,心長暮春,1
3066,長暮春天,1
3067,暮春天氣,1
3068,春天氣和,1
3069,天氣和登,1
3070,氣和登嶺,1
3071,和登嶺望,1
3072,登嶺望層,1
3073,嶺望層城,1
3074,望層城朝,1
3075,層城朝日,1
3076,城朝日懸,1
3077,朝日懸清,1
3078,日懸清景,1
3079,懸清景巍,1
3080,清景巍峨,1
3081,景巍峨宮,1
3082,巍峨宮殿,1
3083,峨宮殿明,1
3084,宮殿明聖,1
3085,殿明聖君,1
3086,明聖君常,1
3087,聖君常臨,1
3088,君常臨朝,1
3089,常臨朝達,1
3090,臨朝達士,1
3091,朝達士複,1
3092,達士複懸,1
3093,士複懸衡,1
3094,複懸衡道,1
3095,懸衡道近,1
3096,衡道近無,1
3097,道近無艮,1
3098,近無艮足,1
3099,無艮足歸,1
3100,艮足歸來,1
3101,足歸來臥,1
3102,歸來臥山,1
3103,來臥山楹,1
3104,臥山楹靈,1
3105,山楹靈階,1
3106,楹靈階曝,1
3107,靈階曝仙,1
3108,階曝仙書,1
3109,曝仙書深,1
3110,仙書深室,1
3111,書深室煉,1
3112,深室煉金,1
3113,室煉金英,1
3114,煉金英春,1
3115,金英春岩,1
3116,英春岩松,1
3117,春岩松柏,1
3118,岩松柏秀,1
3119,松柏秀晨,1
3120,柏秀晨路,1
3121,秀晨路鶤,1
3122,晨路鶤雞,1
3123,路鶤雞鳴,1
3124,鶤雞鳴羽,1
3125,雞鳴羽化,1
3126,鳴羽化既,1
3127,羽化既有,1
3128,化既有言,1
3129,既有言無,1
3130,有言無然,1
3131,言無然悲,1
3132,無然悲不,1
3133,然悲不成,1
3134,悲不成中,1
3135,不成中歲,1
3136,成中歲尚,1
3137,中歲尚微,1
3138,歲尚微道,1
3139,尚微道始,1
3140,微道始知,1
3141,道始知將,1
3142,始知將穀,1
3143,知將穀神,1
3144,將穀神抗,1
3145,穀神抗策,1
3146,神抗策還,1
3147,抗策還南,1
3148,策還南山,1
3149,還南山水,1
3150,南山水木,1
3151,山水木自,1
3152,水木自相,1
3153,木自相親,1
3154,自相親深,1
3155,相親深林,1
3156,親深林開,1
3157,深林開一,1
3158,林開一道,1
3159,開一道青,1
3160,一道青嶂,1
3161,道青嶂成,1
3162,青嶂成四,1
3163,嶂成四鄰,1
3164,成四鄰平,1
3165,四鄰平明,1
3166,鄰平明去,1
3167,平明去采,1
3168,明去采薇,1
3169,去采薇日,1
3170,采薇日入,1
3171,薇日入行,1
3172,日入行刈,1
3173,入行刈薪,1
3174,行刈薪雲,1
3175,刈薪雲歸,1
3176,薪雲歸萬,1
3177,雲歸萬壑,1
3178,歸萬壑暗,1
3179,萬壑暗雪,1
3180,壑暗雪罷,1
3181,暗雪罷千,1
3182,雪罷千崖,1
3183,罷千崖春,1
3184,千崖春始,1
3185,崖春始看,1
3186,春始看玄,1
3187,始看玄鳥,1
3188,看玄鳥來,1
3189,玄鳥來已,1
3190,鳥來已見,1
3191,來已見瑤,1
3192,已見瑤華,1
3193,見瑤華新,1
3194,瑤華新寄,1
3195,華新寄言,1
3196,新寄言搴,1
3197,寄言搴芳,1
3198,言搴芳者,1
3199,搴芳者無,1
3200,芳者無乃,1
3201,者無乃後,1
3202,無乃後時,1
3203,乃後時人,1
3204,後時人蔔,1
3205,時人蔔築,1
3206,人蔔築青,1
3207,蔔築青岩,1
3208,築青岩裏,1
3209,青岩裏雲,1
3210,岩裏雲蘿,1
3211,裏雲蘿四,1
3212,雲蘿四垂,1
3213,蘿四垂陰,1
3214,四垂陰虛,1
3215,垂陰虛室,1
3216,陰虛室若,1
3217,虛室若無,1
3218,室若無人,1
3219,若無人喬,1
3220,無人喬木,1
3221,人喬木自,1
3222,喬木自成,1
3223,木自成林,1
3224,自成林時,1
3225,成林時有,1
3226,林時有清,1
3227,時有清風,1
3228,有清風至,1
3229,清風至側,1
3230,風至側聞,1
3231,至側聞樵,1
3232,側聞樵采,1
3233,聞樵采音,1
3234,樵采音鳳,1
3235,采音鳳凰,1
3236,音鳳凰鳴,1
3237,鳳凰鳴南,1
3238,凰鳴南岡,1
3239,鳴南岡望,1
3240,南岡望望,1
3241,岡望望隔,1
3242,望望隔層,1
3243,望隔層岑,1
3244,隔層岑既,1
3245,層岑既言,1
3246,岑既言山,1
3247,既言山路,1
3248,言山路遠,1
3249,山路遠複,1
3250,路遠複道,1
3251,遠複道溪,1
3252,複道溪流,1
3253,道溪流深,1
3254,溪流深偓,1
3255,流深偓佺,1
3256,深偓佺空,1
3257,偓佺空中,1
3258,佺空中游,1
3259,空中游虯,1
3260,中游虯龍,1
3261,游虯龍水,1
3262,虯龍水間,1
3263,龍水間吟,1
3264,水間吟何,1
3265,間吟何當,1
3266,吟何當見,1
3267,何當見輕,1
3268,當見輕翼,1
3269,見輕翼為,1
3270,輕翼為我,1
3271,翼為我達,1
3272,為我達遠,1
3273,我達遠心,1
3274,達遠心空,1
3275,遠心空中,1
3276,心空中望,1
3277,空中望小,1
3278,中望小山,1
3279,望小山山,1
3280,小山山下,1
3281,山山下見,1
3282,山下見餘,1
3283,下見餘雪,1
3284,見餘雪皎,1
3285,餘雪皎皎,1
3286,雪皎皎河,1
3287,皎皎河漢,1
3288,皎河漢女,1
3289,河漢女在,1
3290,漢女在茲,1
3291,女在茲養,1
3292,在茲養真,1
3293,茲養真骨,1
3294,養真骨登,1
3295,真骨登門,1
3296,骨登門駭,1
3297,登門駭天,1
3298,門駭天書,1
3299,駭天書啟,1
3300,天書啟鑰,1
3301,書啟鑰問,1
3302,啟鑰問仙,1
3303,鑰問仙訣,1
3304,問仙訣池,1
3305,仙訣池光,1
3306,訣池光搖,1
3307,池光搖水,1
3308,光搖水霧,1
3309,搖水霧燈,1
3310,水霧燈色,1
3311,霧燈色連,1
3312,燈色連松,1
3313,色連松月,1
3314,連松月合,1
3315,松月合磚,1
3316,月合磚起,1
3317,合磚起花,1
3318,磚起花台,1
3319,起花台折,1
3320,花台折草,1
3321,台折草成,1
3322,折草成玉,1
3323,草成玉節,1
3324,成玉節天,1
3325,玉節天雞,1
3326,節天雞弄,1
3327,天雞弄白,1
3328,雞弄白羽,1
3329,弄白羽王,1
3330,白羽王母,1
3331,羽王母垂,1
3332,王母垂玄,1
3333,母垂玄發,1
3334,垂玄發北,1
3335,玄發北有,1
3336,發北有上,1
3337,北有上年,1
3338,有上年宮,1
3339,上年宮一,1
3340,年宮一路,1
3341,宮一路在,1
3342,一路在雲,1
3343,路在雲霓,1
3344,在雲霓上,1
3345,雲霓上心,1
3346,霓上心方,1
3347,上心方向,1
3348,心方向道,1
3349,方向道時,1
3350,向道時複,1
3351,道時複朝,1
3352,時複朝金,1
3353,複朝金闕,1
3354,朝金闕太,1
3355,金闕太室,1
3356,闕太室三,1
3357,太室三招,1
3358,室三招提,1
3359,三招提其,1
3360,招提其趣,1
3361,提其趣皆,1
3362,其趣皆不,1
3363,趣皆不同,1
3364,皆不同不,1
3365,不同不同,1
3366,同不同非,1
3367,不同非一,1
3368,同非一趣,1
3369,非一趣況,1
3370,一趣況是,1
3371,趣況是天,1
3372,況是天游,1
3373,是天游宮,1
3374,天游宮雙,1
3375,游宮雙嶺,1
3376,宮雙嶺前,1
3377,雙嶺前夾,1
3378,嶺前夾門,1
3379,前夾門閣,1
3380,夾門閣道,1
3381,門閣道複,1
3382,閣道複橫,1
3383,道複橫空,1
3384,複橫空寶,1
3385,橫空寶坊,1
3386,空寶坊若,1
3387,寶坊若花,1
3388,坊若花積,1
3389,若花積宛,1
3390,花積宛轉,1
3391,積宛轉不,1
3392,宛轉不可,1
3393,轉不可窮,1
3394,不可窮流,1
3395,可窮流泉,1
3396,窮流泉自,1
3397,流泉自成,1
3398,泉自成池,1
3399,自成池清,1
3400,成池清松,1
3401,池清松信,1
3402,清松信饒,1
3403,松信饒風,1
3404,信饒風秋,1
3405,饒風秋晏,1
3406,風秋晏景,1
3407,秋晏景氣,1
3408,晏景氣迥,1
3409,景氣迥皛,1
3410,氣迥皛明,1
3411,迥皛明丹,1
3412,皛明丹素,1
3413,明丹素功,1
3414,丹素功將,1
3415,素功將近,1
3416,功將近隱,1
3417,將近隱者,1
3418,近隱者鄰,1
3419,隱者鄰遠,1
3420,者鄰遠與,1
3421,鄰遠與西,1
3422,遠與西山,1
3423,與西山通,1
3424,西山通大,1
3425,山通大師,1
3426,通大師假,1
3427,大師假惠,1
3428,師假惠照,1
3429,假惠照念,1
3430,惠照念以,1
3431,照念以息,1
3432,念以息微,1
3433,以息微躬,1
3434,息微躬校,1
3435,微躬校文,1
3436,躬校文在,1
3437,校文在仙,1
3438,文在仙掖,1
3439,在仙掖每,1
3440,仙掖每有,1
3441,掖每有滄,1
3442,每有滄洲,1
3443,有滄洲心,1
3444,滄洲心況,1
3445,洲心況以,1
3446,心況以北,1
3447,況以北窗,1
3448,以北窗下,1
3449,北窗下夢,1
3450,窗下夢游,1
3451,下夢游清,1
3452,夢游清溪,1
3453,游清溪陰,1
3454,清溪陰春,1
3455,溪陰春看,1
3456,陰春看湖,1
3457,春看湖水,1
3458,看湖水漫,1
3459,湖水漫夜,1
3460,水漫夜入,1
3461,漫夜入回,1
3462,夜入回塘,1
3463,入回塘深,1
3464,回塘深往,1
3465,塘深往往,1
3466,深往往纜,1
3467,往往纜垂,1
3468,往纜垂葛,1
3469,纜垂葛出,1
3470,垂葛出舟,1
3471,葛出舟望,1
3472,出舟望前,1
3473,舟望前林,1
3474,望前林山,1
3475,前林山人,1
3476,林山人松,1
3477,山人松下,1
3478,人松下飯,1
3479,松下飯釣,1
3480,下飯釣客,1
3481,飯釣客蘆,1
3482,釣客蘆中,1
3483,客蘆中吟,1
3484,蘆中吟小,1
3485,中吟小隱,1
3486,吟小隱何,1
3487,小隱何足,1
3488,隱何足貴,1
3489,何足貴長,1
3490,足貴長年,1
3491,貴長年固,1
3492,長年固可,1
3493,年固可尋,1
3494,固可尋還,1
3495,可尋還車,1
3496,尋還車首,1
3497,還車首東,1
3498,車首東道,1
3499,首東道惠,1
3500,東道惠言,1
3501,道惠言若,1
3502,惠言若黃,1
3503,言若黃金,1
3504,若黃金以,1
3505,黃金以我,1
3506,金以我采,1
3507,以我采薇,1
3508,我采薇意,1
3509,采薇意傳,1
3510,薇意傳之,1
3511,意傳之天,1
3512,傳之天姥,1
3513,之天姥岑,1
3514,天姥岑仲,1
3515,姥岑仲夏,1
3516,岑仲夏日,1
3517,仲夏日中,1
3518,夏日中時,1
3519,日中時草,1
3520,中時草木,1
3521,時草木看,1
3522,草木看欲,1
3523,木看欲燋,1
3524,看欲燋田,1
3525,欲燋田家,1
3526,燋田家惜,1
3527,田家惜工,1
3528,家惜工力,1
3529,惜工力把,1
3530,工力把鋤,1
3531,力把鋤來,1
3532,把鋤來東,1
3533,鋤來東皋,1
3534,來東皋顧,1
3535,東皋顧望,1
3536,皋顧望浮,1
3537,顧望浮雲,1
3538,望浮雲陰,1
3539,浮雲陰往,1
3540,雲陰往往,1
3541,陰往往誤,1
3542,往往誤傷,1
3543,往誤傷苗,1
3544,誤傷苗歸,1
3545,傷苗歸來,1
3546,苗歸來悲,1
3547,歸來悲困,1
3548,來悲困極,1
3549,悲困極兄,1
3550,困極兄嫂,1
3551,極兄嫂共,1
3552,兄嫂共相,1
3553,嫂共相譊,1
3554,共相譊無,1
3555,相譊無錢,1
3556,譊無錢可,1
3557,無錢可沽,1
3558,錢可沽酒,1
3559,可沽酒何,1
3560,沽酒何以,1
3561,酒何以解,1
3562,何以解劬,1
3563,以解劬勞,1
3564,解劬勞夜,1
3565,劬勞夜深,1
3566,勞夜深星,1
3567,夜深星漢,1
3568,深星漢明,1
3569,星漢明庭,1
3570,漢明庭宇,1
3571,明庭宇虛,1
3572,庭宇虛寥,1
3573,宇虛寥寥,1
3574,虛寥寥高,1
3575,寥寥高柳,1
3576,寥高柳三,1
3577,高柳三五,1
3578,柳三五株,1
3579,三五株可,1
3580,五株可以,1
3581,株可以獨,1
3582,可以獨逍,1
3583,以獨逍遙,1
3584,獨逍遙北,1
3585,逍遙北山,1
3586,遙北山種,1
3587,北山種松,1
3588,山種松柏,1
3589,種松柏南,1
3590,松柏南山,1
3591,柏南山種,1
3592,南山種蒺,1
3593,山種蒺藜,1
3594,種蒺藜出,1
3595,蒺藜出入,1
3596,藜出入雖,1
3597,出入雖同,1
3598,入雖同趣,1
3599,雖同趣所,1
3600,同趣所向,1
3601,趣所向各,1
3602,所向各有,1
3603,向各有宜,1
3604,各有宜孔,1
3605,有宜孔丘,1
3606,宜孔丘貴,1
3607,孔丘貴仁,1
3608,丘貴仁義,1
3609,貴仁義老,1
3610,仁義老氏,1
3611,義老氏好,1
3612,老氏好無,1
3613,氏好無為,1
3614,好無為我,1
3615,無為我心,1
3616,為我心若,1
3617,我心若虛,1
3618,心若虛空,1
3619,若虛空此,1
3620,虛空此道,1
3621,空此道將,1
3622,此道將安,1
3623,道將安施,1
3624,將安施暫,1
3625,安施暫過,1
3626,施暫過伊,1
3627,暫過伊闕,1
3628,過伊闕間,1
3629,伊闕間晼,1
3630,闕間晼晚,1
3631,間晼晚三,1
3632,晼晚三伏,1
3633,晚三伏時,1
3634,三伏時高,1
3635,伏時高閣,1
3636,時高閣入,1
3637,高閣入雲,1
3638,閣入雲中,1
3639,入雲中芙,1
3640,雲中芙蓉,1
3641,中芙蓉滿,1
3642,芙蓉滿清,1
3643,蓉滿清池,1
3644,滿清池要,1
3645,清池要自,1
3646,池要自非,1
3647,要自非我,1
3648,自非我室,1
3649,非我室還,1
3650,我室還望,1
3651,室還望南,1
3652,還望南山,1
3653,望南山陲,1
3654,南山陲野,1
3655,山陲野老,1
3656,陲野老本,1
3657,野老本貧,1
3658,老本貧賤,1
3659,本貧賤冒,1
3660,貧賤冒暑,1
3661,賤冒暑鋤,1
3662,冒暑鋤瓜,1
3663,暑鋤瓜田,1
3664,鋤瓜田一,1
3665,瓜田一畦,1
3666,田一畦未,1
3667,一畦未及,1
3668,畦未及終,1
3669,未及終樹,1
3670,及終樹下,1
3671,終樹下高,1
3672,樹下高枕,1
3673,下高枕眠,1
3674,高枕眠荷,1
3675,枕眠荷蓧,1
3676,眠荷蓧者,1
3677,荷蓧者誰,1
3678,蓧者誰子,1
3679,者誰子皤,1
3680,誰子皤皤,1
3681,子皤皤來,1
3682,皤皤來息,1
3683,皤來息肩,1
3684,來息肩不,1
3685,息肩不復,1
3686,肩不復問,1
3687,不復問鄉,1
3688,復問鄉墟,1
3689,問鄉墟相,1
3690,鄉墟相見,1
3691,墟相見但,1
3692,相見但依,1
3693,見但依然,1
3694,但依然腹,1
3695,依然腹中,1
3696,然腹中無,1
3697,腹中無一,1
3698,中無一物,1
3699,無一物高,1
3700,一物高話,1
3701,物高話羲,1
3702,高話羲皇,1
3703,話羲皇年,1
3704,羲皇年落,1
3705,皇年落日,1
3706,年落日臨,1
3707,落日臨層,1
3708,日臨層隅,1
3709,臨層隅逍,1
3710,層隅逍遙,1
3711,隅逍遙望,1
3712,逍遙望晴,1
3713,遙望晴川,1
3714,望晴川使,1
3715,晴川使婦,1
3716,川使婦提,1
3717,使婦提蠶,1
3718,婦提蠶筐,1
3719,提蠶筐呼,1
3720,蠶筐呼兒,1
3721,筐呼兒榜,1
3722,呼兒榜漁,1
3723,兒榜漁船,1
3724,榜漁船悠,1
3725,漁船悠悠,1
3726,船悠悠泛,1
3727,悠悠泛綠,1
3728,悠泛綠水,1
3729,泛綠水去,1
3730,綠水去摘,1
3731,水去摘浦,1
3732,去摘浦中,1
3733,摘浦中蓮,1
3734,浦中蓮蓮,1
3735,中蓮蓮花,1
3736,蓮蓮花豔,1
3737,蓮花豔且,1
3738,花豔且美,1
3739,豔且美使,1
3740,且美使我,1
3741,美使我不,1
3742,使我不能,1
3743,我不能還,1
3744,不能還浮,1
3745,能還浮雲,1
3746,還浮雲在,1
3747,浮雲在虛,1
3748,雲在虛空,1
3749,在虛空隨,1
3750,虛空隨風,1
3751,空隨風複,1
3752,隨風複卷,1
3753,風複卷舒,1
3754,複卷舒我,1
3755,卷舒我心,1
3756,舒我心方,1
3757,我心方處,1
3758,心方處順,1
3759,方處順動,1
3760,處順動作,1
3761,順動作何,1
3762,動作何憂,1
3763,作何憂虞,1
3764,何憂虞但,1
3765,憂虞但言,1
3766,虞但言嬰,1
3767,但言嬰世,1
3768,言嬰世網,1
3769,嬰世網不,1
3770,世網不復,1
3771,網不復得,1
3772,不復得閒,1
3773,復得閒居,1
3774,得閒居迢,1
3775,閒居迢遞,1
3776,居迢遞別,1
3777,迢遞別東,1
3778,遞別東國,1
3779,別東國超,1
3780,東國超遙,1
3781,國超遙來,1
3782,超遙來西,1
3783,遙來西都,1
3784,來西都見,1
3785,西都見人,1
3786,都見人乃,1
3787,見人乃恭,1
3788,人乃恭敬,1
3789,乃恭敬曾,1
3790,恭敬曾不,1
3791,敬曾不問,1
3792,曾不問賢,1
3793,不問賢愚,1
3794,問賢愚雖,1
3795,賢愚雖若,1
3796,愚雖若不,1
3797,雖若不能,1
3798,若不能言,1
3799,不能言中,1
3800,能言中心,1
3801,言中心亦,1
3802,中心亦難,1
3803,心亦難誣,1
3804,亦難誣故,1
3805,難誣故鄉,1
3806,誣故鄉滿,1
3807,故鄉滿親,1
3808,鄉滿親戚,1
3809,滿親戚道,1
3810,親戚道遠,1
3811,戚道遠情,1
3812,道遠情日,1
3813,遠情日疏,1
3814,情日疏偶,1
3815,日疏偶欲,1
3816,疏偶欲陳,1
3817,偶欲陳此,1
3818,欲陳此意,1
3819,陳此意複,1
3820,此意複無,1
3821,意複無南,1
3822,複無南飛,1
3823,無南飛鳧,1
3824,南飛鳧草,1
3825,飛鳧草木,1
3826,鳧草木花,1
3827,草木花葉,1
3828,木花葉生,1
3829,花葉生相,1
3830,葉生相與,1
3831,生相與命,1
3832,相與命為,1
3833,與命為春,1
3834,命為春當,1
3835,為春當非,1
3836,春當非草,1
3837,當非草木,1
3838,非草木意,1
3839,草木意信,1
3840,木意信是,1
3841,意信是故,1
3842,信是故時,1
3843,是故時人,1
3844,故時人靜,1
3845,時人靜念,1
3846,人靜念惻,1
3847,靜念惻群,1
3848,念惻群物,1
3849,惻群物何,1
3850,群物何由,1
3851,物何由知,1
3852,何由知至,1
3853,由知至真,1
3854,知至真狂,1
3855,至真狂歌,1
3856,真狂歌問,1
3857,狂歌問夫,1
3858,歌問夫子,1
3859,問夫子夫,1
3860,夫子夫子,1
3861,子夫子莫,1
3862,夫子莫能,1
3863,子莫能陳,1
3864,莫能陳鳳,1
3865,能陳鳳凰,1
3866,陳鳳凰飛,1
3867,鳳凰飛且,1
3868,凰飛且鳴,1
3869,飛且鳴容,1
3870,且鳴容裔,1
3871,鳴容裔下,1
3872,容裔下天,1
3873,裔下天津,1
3874,下天津清,1
3875,天津清淨,1
3876,津清淨無,1
3877,清淨無言,1
3878,淨無言語,1
3879,無言語茲,1
3880,言語茲焉,1
3881,語茲焉庶,1
3882,茲焉庶可,1
3883,焉庶可親,1
3884,庶可親黃,1
3885,可親黃河,1
3886,親黃河流,1
3887,黃河流向,1
3888,河流向東,1
3889,流向東弱,1
3890,向東弱水,1
3891,東弱水流,1
3892,弱水流向,1
3893,水流向西,1
3894,流向西趨,1
3895,向西趨舍,1
3896,西趨舍各,1
3897,趨舍各有,1
3898,舍各有異,1
3899,各有異造,1
3900,有異造化,1
3901,異造化安,1
3902,造化安能,1
3903,化安能齊,1
3904,安能齊妾,1
3905,能齊妾本,1
3906,齊妾本邯,1
3907,妾本邯鄲,1
3908,本邯鄲女,1
3909,邯鄲女生,1
3910,鄲女生長,1
3911,女生長在,1
3912,生長在叢,1
3913,長在叢台,1
3914,在叢台既,1
3915,叢台既聞,1
3916,台既聞容,1
3917,既聞容見,1
3918,聞容見寵,1
3919,容見寵複,1
3920,見寵複想,1
3921,寵複想玄,1
3922,複想玄為,1
3923,想玄為妻,1
3924,玄為妻刻,1
3925,為妻刻畫,1
3926,妻刻畫尚,1
3927,刻畫尚風,1
3928,畫尚風流,1
3929,尚風流幸,1
3930,風流幸會,1
3931,流幸會君,1
3932,幸會君招,1
3933,會君招攜,1
3934,君招攜逶,1
3935,招攜逶迤,1
3936,攜逶迤歌,1
3937,逶迤歌舞,1
3938,迤歌舞座,1
3939,歌舞座婉,1
3940,舞座婉孌,1
3941,座婉孌芙,1
3942,婉孌芙蓉,1
3943,孌芙蓉閨,1
3944,芙蓉閨日,1
3945,蓉閨日月,1
3946,閨日月方,1
3947,日月方向,1
3948,月方向除,1
3949,方向除恩,1
3950,向除恩愛,1
3951,除恩愛忽,1
3952,恩愛忽焉,1
3953,愛忽焉暌,1
3954,忽焉暌棄,1
3955,焉暌棄置,1
3956,暌棄置誰,1
3957,棄置誰複,1
3958,置誰複道,1
3959,誰複道但,1
3960,複道但悲,1
3961,道但悲生,1
3962,但悲生不,1
3963,悲生不諧,1
3964,生不諧羨,1
3965,不諧羨彼,1
3966,諧羨彼匹,1
3967,羨彼匹婦,1
3968,彼匹婦意,1
3969,匹婦意偕,1
3970,婦意偕老,1
3971,意偕老常,1
3972,偕老常同,1
3973,老常同棲,1
3974,常同棲日,1
3975,同棲日暮,1
3976,棲日暮登,1
3977,日暮登春,1
3978,暮登春山,1
3979,登春山山,1
3980,春山山鮮,1
3981,山山鮮雲,1
3982,山鮮雲複,1
3983,鮮雲複輕,1
3984,雲複輕遠,1
3985,複輕遠近,1
3986,輕遠近看,1
3987,遠近看春,1
3988,近看春色,1
3989,看春色踟,1
3990,春色踟躕,1
3991,色踟躕新,1
3992,踟躕新月,1
3993,躕新月明,1
3994,新月明仙,1
3995,月明仙人,1
3996,明仙人浮,1
3997,仙人浮丘,1
3998,人浮丘公,1
3999,浮丘公對,1
4000,丘公對月,1
4001,公對月時,1
4002,對月時吹,1
4003,月時吹笙,1
4004,時吹笙丹,1
4005,吹笙丹鳥,1
4006,笙丹鳥飛,1
4007,丹鳥飛熠,1
4008,鳥飛熠熠,1
4009,飛熠熠蒼,1
4010,熠熠蒼蠅,1
4011,熠蒼蠅亂,1
4012,蒼蠅亂營,1
4013,蠅亂營營,1
4014,亂營營群,1
4015,營營群動,1
4016,營群動汩,1
4017,群動汩吾,1
4018,動汩吾真,1
4019,汩吾真訛,1
4020,吾真訛言,1
4021,真訛言傷,1
4022,訛言傷我,1
4023,言傷我情,1
4024,傷我情安,1
4025,我情安得,1
4026,情安得如,1
4027,安得如子,1
4028,得如子晉,1
4029,如子晉與,1
4030,子晉與之,1
4031,晉與之遊,1
4032,與之遊太,1
4033,之遊太清,1
4034,遊太清耽,1
4035,太清耽耽,1
4036,清耽耽銅,1
4037,耽耽銅鞮,1
4038,耽銅鞮宮,1
4039,銅鞮宮遙,1
4040,鞮宮遙望,1
4041,宮遙望長,1
4042,遙望長數,1
4043,望長數裏,1
4044,長數裏賓,1
4045,數裏賓客,1
4046,裏賓客無,1
4047,賓客無多,1
4048,客無多少,1
4049,無多少出,1
4050,多少出入,1
4051,少出入皆,1
4052,出入皆珠,1
4053,入皆珠履,1
4054,皆珠履朴,1
4055,珠履朴儒,1
4056,履朴儒亦,1
4057,朴儒亦何,1
4058,儒亦何為,1
4059,亦何為辛,1
4060,何為辛苦,1
4061,為辛苦讀,1
4062,辛苦讀舊,1
4063,苦讀舊史,1
4064,讀舊史不,1
4065,舊史不道,1
4066,史不道無,1
4067,不道無家,1
4068,道無家舍,1
4069,無家舍效,1
4070,家舍效他,1
4071,舍效他養,1
4072,效他養妻,1
4073,他養妻子,1
4074,養妻子冽,1
4075,妻子冽冽,1
4076,子冽冽玄,1
4077,冽冽玄冬,1
4078,冽玄冬暮,1
4079,玄冬暮衣,1
4080,冬暮衣裳,1
4081,暮衣裳無,1
4082,衣裳無准,1
4083,裳無准擬,1
4084,無准擬偶,1
4085,准擬偶然,1
4086,擬偶然著,1
4087,偶然著道,1
4088,然著道書,1
4089,著道書神,1
4090,道書神人,1
4091,書神人養,1
4092,神人養生,1
4093,人養生理,1
4094,養生理公,1
4095,生理公卿,1
4096,理公卿時,1
4097,公卿時見,1
4098,卿時見賞,1
4099,時見賞賜,1
4100,見賞賜賚,1
4101,賞賜賚難,1
4102,賜賚難具,1
4103,賚難具紀,1
4104,難具紀莫,1
4105,具紀莫問,1
4106,紀莫問身,1
4107,莫問身後,1
4108,問身後事,1
4109,身後事且,1
4110,後事且論,1
4111,事且論朝,1
4112,且論朝夕,1
4113,論朝夕是,1
4114,朝夕是空,1
4115,夕是空山,1
4116,是空山暮,1
4117,空山暮雨,1
4118,山暮雨來,1
4119,暮雨來眾,1
4120,雨來眾鳥,1
4121,來眾鳥竟,1
4122,眾鳥竟棲,1
4123,鳥竟棲息,1
4124,竟棲息斯,1
4125,棲息斯須,1
4126,息斯須照,1
4127,斯須照夕,1
4128,須照夕陽,1
4129,照夕陽雙,1
4130,夕陽雙雙,1
4131,陽雙雙複,1
4132,雙雙複撫,1
4133,雙複撫翼,1
4134,複撫翼我,1
4135,撫翼我念,1
4136,翼我念天,1
4137,我念天時,1
4138,念天時好,1
4139,天時好東,1
4140,時好東田,1
4141,好東田有,1
4142,東田有稼,1
4143,田有稼穡,1
4144,有稼穡浮,1
4145,稼穡浮雲,1
4146,穡浮雲蔽,1
4147,浮雲蔽川,1
4148,雲蔽川原,1
4149,蔽川原新,1
4150,川原新流,1
4151,原新流集,1
4152,新流集溝,1
4153,流集溝洫,1
4154,集溝洫裴,1
4155,溝洫裴回,1
4156,洫裴回顧,1
4157,裴回顧衡,1
4158,回顧衡宇,1
4159,顧衡宇僮,1
4160,衡宇僮僕,1
4161,宇僮僕邀,1
4162,僮僕邀我,1
4163,僕邀我食,1
4164,邀我食臥,1
4165,我食臥覽,1
4166,食臥覽床,1
4167,臥覽床頭,1
4168,覽床頭書,1
4169,床頭書睡,1
4170,頭書睡看,1
4171,書睡看機,1
4172,睡看機中,1
4173,看機中織,1
4174,機中織想,1
4175,中織想見,1
4176,織想見明,1
4177,想見明膏,1
4178,見明膏煎,1
4179,明膏煎中,1
4180,膏煎中夜,1
4181,煎中夜起,1
4182,中夜起唧,1
4183,夜起唧唧,1
4184,起唧唧四,1
4185,唧唧四鄰,1
4186,唧四鄰競,1
4187,四鄰競豐,1
4188,鄰競豐屋,1
4189,競豐屋我,1
4190,豐屋我獨,1
4191,屋我獨好,1
4192,我獨好卑,1
4193,獨好卑室,1
4194,好卑室窈,1
4195,卑室窈窕,1
4196,室窈窕高,1
4197,窈窕高臺,1
4198,窕高臺中,1
4199,高臺中時,1
4200,臺中時聞,1
4201,中時聞撫,1
4202,時聞撫新,1
4203,聞撫新瑟,1
4204,撫新瑟狂,1
4205,新瑟狂飆,1
4206,瑟狂飆動,1
4207,狂飆動地,1
4208,飆動地起,1
4209,動地起拔,1
4210,地起拔木,1
4211,起拔木乃,1
4212,拔木乃非,1
4213,木乃非一,1
4214,乃非一相,1
4215,非一相顧,1
4216,一相顧始,1
4217,相顧始知,1
4218,顧始知悲,1
4219,始知悲中,1
4220,知悲中心,1
4221,悲中心憂,1
4222,中心憂且,1
4223,心憂且栗,1
4224,憂且栗蚩,1
4225,且栗蚩蚩,1
4226,栗蚩蚩命,1
4227,蚩蚩命子,1
4228,蚩命子弟,1
4229,命子弟恨,1
4230,子弟恨不,1
4231,弟恨不居,1
4232,恨不居高,1
4233,不居高秩,1
4234,居高秩日,1
4235,高秩日入,1
4236,秩日入賓,1
4237,日入賓從,1
4238,入賓從歸,1
4239,賓從歸清,1
4240,從歸清晨,1
4241,歸清晨冠,1
4242,清晨冠蓋,1
4243,晨冠蓋出,1
4244,冠蓋出中,1
4245,蓋出中庭,1
4246,出中庭有,1
4247,中庭有奇,1
4248,庭有奇樹,1
4249,有奇樹榮,1
4250,奇樹榮早,1
4251,樹榮早衰,1
4252,榮早衰複,1
4253,早衰複疾,1
4254,衰複疾此,1
4255,複疾此道,1
4256,疾此道猶,1
4257,此道猶不,1
4258,道猶不知,1
4259,猶不知微,1
4260,不知微言,1
4261,知微言安,1
4262,微言安可,1
4263,言安可述,1
4264,安可述真,1
4265,可述真人,1
4266,述真人居,1
4267,真人居閬,1
4268,人居閬風,1
4269,居閬風時,1
4270,閬風時奏,1
4271,風時奏清,1
4272,時奏清商,1
4273,奏清商音,1
4274,清商音聽,1
4275,商音聽者,1
4276,音聽者即,1
4277,聽者即王,1
4278,者即王母,1
4279,即王母泠,1
4280,王母泠泠,1
4281,母泠泠和,1
4282,泠泠和瑟,1
4283,泠和瑟琴,1
4284,和瑟琴坐,1
4285,瑟琴坐對,1
4286,琴坐對三,1
4287,坐對三花,1
4288,對三花枝,1
4289,三花枝行,1
4290,花枝行隨,1
4291,枝行隨五,1
4292,行隨五雲,1
4293,隨五雲陰,1
4294,五雲陰天,1
4295,雲陰天長,1
4296,陰天長昆,1
4297,天長昆侖,1
4298,長昆侖小,1
4299,昆侖小日,1
4300,侖小日久,1
4301,小日久蓬,1
4302,日久蓬萊,1
4303,久蓬萊深,1
4304,蓬萊深上,1
4305,萊深上由,1
4306,深上由玉,1
4307,上由玉華,1
4308,由玉華宮,1
4309,玉華宮下,1
4310,華宮下視,1
4311,宮下視首,1
4312,下視首陽,1
4313,視首陽岑,1
4314,首陽岑神,1
4315,陽岑神州,1
4316,岑神州亦,1
4317,神州亦清,1
4318,州亦清淨,1
4319,亦清淨要,1
4320,清淨要自,1
4321,淨要自有,1
4322,要自有浮,1
4323,自有浮沉,1
4324,有浮沉惻,1
4325,浮沉惻惻,1
4326,沉惻惻苦,1
4327,惻惻苦哉,1
4328,惻苦哉行,1
4329,苦哉行呱,1
4330,哉行呱呱,1
4331,行呱呱遊,1
4332,呱呱遊子,1
4333,呱遊子吟,1
4334,遊子吟廬,1
4335,子吟廬山,1
4336,吟廬山逢,1
4337,廬山逢若,1
4338,山逢若士,1
4339,逢若士思,1
4340,若士思欲,1
4341,士思欲化,1
4342,思欲化黃,1
4343,欲化黃金,1
4344,化黃金雨,1
4345,黃金雨雪,1
4346,金雨雪沒,1
4347,雨雪沒太,1
4348,雪沒太山,1
4349,沒太山誰,1
4350,太山誰能,1
4351,山誰能無,1
4352,誰能無歸,1
4353,能無歸心,1
4354,無歸心逍,1
4355,歸心逍遙,1
4356,心逍遙在,1
4357,逍遙在雲,1
4358,遙在雲漢,1
4359,在雲漢可,1
4360,雲漢可以,1
4361,漢可以來,1
4362,可以來相,1
4363,以來相尋,1
4364,來相尋春,1
4365,相尋春至,1
4366,尋春至鶬,1
4367,春至鶬鶊,1
4368,至鶬鶊鳴,1
4369,鶬鶊鳴薄,1
4370,鶊鳴薄言,1
4371,鳴薄言向,1
4372,薄言向田,1
4373,言向田墅,1
4374,向田墅不,1
4375,田墅不能,1
4376,墅不能自,1
4377,不能自力,1
4378,能自力作,1
4379,自力作黽,1
4380,力作黽勉,1
4381,作黽勉娶,1
4382,黽勉娶鄰,1
4383,勉娶鄰女,1
4384,娶鄰女既,1
4385,鄰女既念,1
4386,女既念生,1
4387,既念生子,1
4388,念生子孫,1
4389,生子孫方,1
4390,子孫方思,1
4391,孫方思廣,1
4392,方思廣田,1
4393,思廣田圃,1
4394,廣田圃閒,1
4395,田圃閒時,1
4396,圃閒時相,1
4397,閒時相顧,1
4398,時相顧笑,1
4399,相顧笑喜,1
4400,顧笑喜悅,1
4401,笑喜悅好,1
4402,喜悅好禾,1
4403,悅好禾黍,1
4404,好禾黍夜,1
4405,禾黍夜夜,1
4406,黍夜夜登,1
4407,夜夜登嘯,1
4408,夜登嘯台,1
4409,登嘯台南,1
4410,嘯台南望,1
4411,台南望洞,1
4412,南望洞庭,1
4413,望洞庭渚,1
4414,洞庭渚百,1
4415,庭渚百草,1
4416,渚百草被,1
4417,百草被霜,1
4418,草被霜露,1
4419,被霜露秋,1
4420,霜露秋山,1
4421,露秋山響,1
4422,秋山響砧,1
4423,山響砧杵,1
4424,響砧杵卻,1
4425,砧杵卻羨,1
4426,杵卻羨故,1
4427,卻羨故年,1
4428,羨故年時,1
4429,故年時中,1
4430,年時中情,1
4431,時中情無,1
4432,中情無所,1
4433,情無所取,1
4434,無所取眾,1
4435,所取眾人,1
4436,取眾人恥,1
4437,眾人恥貧,1
4438,人恥貧賤,1
4439,恥貧賤相,1
4440,貧賤相與,1
4441,賤相與尚,1
4442,相與尚膏,1
4443,與尚膏腴,1
4444,尚膏腴我,1
4445,膏腴我情,1
4446,腴我情既,1
4447,我情既浩,1
4448,情既浩蕩,1
4449,既浩蕩所,1
4450,浩蕩所樂,1
4451,蕩所樂在,1
4452,所樂在畋,1
4453,樂在畋漁,1
4454,在畋漁山,1
4455,畋漁山澤,1
4456,漁山澤時,1
4457,山澤時晦,1
4458,澤時晦暝,1
4459,時晦暝歸,1
4460,晦暝歸家,1
4461,暝歸家暫,1
4462,歸家暫閒,1
4463,家暫閒居,1
4464,暫閒居滿,1
4465,閒居滿園,1
4466,居滿園植,1
4467,滿園植葵,1
4468,園植葵藿,1
4469,植葵藿繞,1
4470,葵藿繞屋,1
4471,藿繞屋樹,1
4472,繞屋樹桑,1
4473,屋樹桑榆,1
4474,樹桑榆禽,1
4475,桑榆禽雀,1
4476,榆禽雀知,1
4477,禽雀知我,1
4478,雀知我閑,1
4479,知我閑翔,1
4480,我閑翔集,1
4481,閑翔集依,1
4482,翔集依我,1
4483,集依我廬,1
4484,依我廬所,1
4485,我廬所願,1
4486,廬所願在,1
4487,所願在優,1
4488,願在優遊,1
4489,在優遊州,1
4490,優遊州縣,1
4491,遊州縣莫,1
4492,州縣莫相,1
4493,縣莫相呼,1
4494,莫相呼日,1
4495,相呼日與,1
4496,呼日與南,1
4497,日與南山,1
4498,與南山老,1
4499,南山老兀,1
4500,山老兀然,1
4501,老兀然傾,1
4502,兀然傾一,1
4503,然傾一壺,1
4504,傾一壺逍,1
4505,一壺逍遙,1
4506,壺逍遙阡,1
4507,逍遙阡陌,1
4508,遙阡陌上,1
4509,阡陌上遠,1
4510,陌上遠近,1
4511,上遠近無,1
4512,遠近無相,1
4513,近無相識,1
4514,無相識落,1
4515,相識落日,1
4516,識落日照,1
4517,落日照秋,1
4518,日照秋山,1
4519,照秋山千,1
4520,秋山千岩,1
4521,山千岩同,1
4522,千岩同一,1
4523,岩同一色,1
4524,同一色網,1
4525,一色網罟,1
4526,色網罟繞,1
4527,網罟繞深,1
4528,罟繞深莽,1
4529,繞深莽鷹,1
4530,深莽鷹鸇,1
4531,莽鷹鸇始,1
4532,鷹鸇始輕,1
4533,鸇始輕翼,1
4534,始輕翼獵,1
4535,輕翼獵馬,1
4536,翼獵馬既,1
4537,獵馬既如,1
4538,馬既如風,1
4539,既如風奔,1
4540,如風奔獸,1
4541,風奔獸莫,1
4542,奔獸莫敢,1
4543,獸莫敢息,1
4544,莫敢息駐,1
4545,敢息駐旗,1
4546,息駐旗滄,1
4547,駐旗滄海,1
4548,旗滄海上,1
4549,滄海上犒,1
4550,海上犒士,1
4551,上犒士吳,1
4552,犒士吳宮,1
4553,士吳宮側,1
4554,吳宮側楚,1
4555,宮側楚國,1
4556,側楚國有,1
4557,楚國有夫,1
4558,國有夫人,1
4559,有夫人性,1
4560,夫人性情,1
4561,人性情本,1
4562,性情本貞,1
4563,情本貞直,1
4564,本貞直鮮,1
4565,貞直鮮禽,1
4566,直鮮禽徒,1
4567,鮮禽徒自,1
4568,禽徒自致,1
4569,徒自致終,1
4570,自致終歲,1
4571,致終歲竟,1
4572,終歲竟不,1
4573,歲竟不食,1
4574,竟不食田,1
4575,不食田家,1
4576,食田家趨,1
4577,田家趨壟,1
4578,家趨壟畝,1
4579,趨壟畝當,1
4580,壟畝當晝,1
4581,畝當晝掩,1
4582,當晝掩虛,1
4583,晝掩虛關,1
4584,掩虛關鄰,1
4585,虛關鄰里,1
4586,關鄰里無,1
4587,鄰里無煙,1
4588,里無煙火,1
4589,無煙火兒,1
4590,煙火兒童,1
4591,火兒童共,1
4592,兒童共幽,1
4593,童共幽閒,1
4594,共幽閒桔,1
4595,幽閒桔槔,1
4596,閒桔槔懸,1
4597,桔槔懸空,1
4598,槔懸空圃,1
4599,懸空圃雞,1
4600,空圃雞犬,1
4601,圃雞犬滿,1
4602,雞犬滿桑,1
4603,犬滿桑間,1
4604,滿桑間時,1
4605,桑間時來,1
4606,間時來農,1
4607,時來農事,1
4608,來農事隙,1
4609,農事隙采,1
4610,事隙采藥,1
4611,隙采藥遊,1
4612,采藥遊名,1
4613,藥遊名山,1
4614,遊名山但,1
4615,名山但言,1
4616,山但言所,1
4617,但言所采,1
4618,言所采多,1
4619,所采多不,1
4620,采多不念,1
4621,多不念路,1
4622,不念路險,1
4623,念路險艱,1
4624,路險艱人,1
4625,險艱人生,1
4626,艱人生如,1
4627,人生如蜉,1
4628,生如蜉蝣,1
4629,如蜉蝣一,1
4630,蜉蝣一往,1
4631,蝣一往不,1
4632,一往不可,1
4633,往不可攀,1
4634,不可攀君,1
4635,可攀君看,1
4636,攀君看西,1
4637,君看西王,1
4638,看西王母,1
4639,西王母千,1
4640,王母千載,1
4641,母千載美,1
4642,千載美容,1
4643,載美容顏,1
4644,美容顏平,1
4645,容顏平生,1
4646,顏平生養,1
4647,平生養情,1
4648,生養情性,1
4649,養情性不,1
4650,情性不復,1
4651,性不復計,1
4652,不復計憂,1
4653,復計憂樂,1
4654,計憂樂去,1
4655,憂樂去家,1
4656,樂去家行,1
4657,去家行賣,1
4658,家行賣畚,1
4659,行賣畚留,1
4660,賣畚留滯,1
4661,畚留滯南,1
4662,留滯南陽,1
4663,滯南陽郭,1
4664,南陽郭秋,1
4665,陽郭秋至,1
4666,郭秋至黍,1
4667,秋至黍苗,1
4668,至黍苗黃,1
4669,黍苗黃無,1
4670,苗黃無人,1
4671,黃無人可,1
4672,無人可刈,1
4673,人可刈獲,1
4674,可刈獲稚,1
4675,刈獲稚子,1
4676,獲稚子朝,1
4677,稚子朝未,1
4678,子朝未飯,1
4679,朝未飯把,1
4680,未飯把竿,1
4681,飯把竿逐,1
4682,把竿逐鳥,1
4683,竿逐鳥雀,1
4684,逐鳥雀忽,1
4685,鳥雀忽見,1
4686,雀忽見梁,1
4687,忽見梁將,1
4688,見梁將軍,1
4689,梁將軍乘,1
4690,將軍乘車,1
4691,軍乘車出,1
4692,乘車出宛,1
4693,車出宛洛,1
4694,出宛洛意,1
4695,宛洛意氣,1
4696,洛意氣軼,1
4697,意氣軼道,1
4698,氣軼道路,1
4699,軼道路光,1
4700,道路光輝,1
4701,路光輝滿,1
4702,光輝滿墟,1
4703,輝滿墟落,1
4704,滿墟落安,1
4705,墟落安知,1
4706,落安知負,1
4707,安知負薪,1
4708,知負薪者,1
4709,負薪者咥,1
4710,薪者咥咥,1
4711,者咥咥笑,1
4712,咥咥笑輕,1
4713,咥笑輕薄,1
4714,笑輕薄楚,1
4715,輕薄楚山,1
4716,薄楚山有,1
4717,楚山有高,1
4718,山有高士,1
4719,有高士梁,1
4720,高士梁國,1
4721,士梁國有,1
4722,梁國有遺,1
4723,國有遺老,1
4724,有遺老築,1
4725,遺老築室,1
4726,老築室既,1
4727,築室既相,1
4728,室既相鄰,1
4729,既相鄰向,1
4730,相鄰向田,1
4731,鄰向田複,1
4732,向田複同,1
4733,田複同道,1
4734,複同道糗,1
4735,同道糗糒,1
4736,道糗糒常,1
4737,糗糒常共,1
4738,糒常共飯,1
4739,常共飯兒,1
4740,共飯兒孫,1
4741,飯兒孫每,1
4742,兒孫每更,1
4743,孫每更抱,1
4744,每更抱忘,1
4745,更抱忘此,1
4746,抱忘此耕,1
4747,忘此耕耨,1
4748,此耕耨勞,1
4749,耕耨勞愧,1
4750,耨勞愧彼,1
4751,勞愧彼風,1
4752,愧彼風雨,1
4753,彼風雨好,1
4754,風雨好蟪,1
4755,雨好蟪蛄,1
4756,好蟪蛄鳴,1
4757,蟪蛄鳴空,1
4758,蛄鳴空澤,1
4759,鳴空澤鶗,1
4760,空澤鶗鴂,1
4761,澤鶗鴂傷,1
4762,鶗鴂傷秋,1
4763,鴂傷秋草,1
4764,傷秋草日,1
4765,秋草日夕,1
4766,草日夕寒,1
4767,日夕寒風,1
4768,夕寒風來,1
4769,寒風來衣,1
4770,風來衣裳,1
4771,來衣裳苦,1
4772,衣裳苦不,1
4773,裳苦不早,1
4774,苦不早梧,1
4775,不早梧桐,1
4776,早梧桐蔭,1
4777,梧桐蔭我,1
4778,桐蔭我門,1
4779,蔭我門薜,1
4780,我門薜荔,1
4781,門薜荔網,1
4782,薜荔網我,1
4783,荔網我屋,1
4784,網我屋迢,1
4785,我屋迢迢,1
4786,屋迢迢兩,1
4787,迢迢兩夫,1
4788,迢兩夫婦,1
4789,兩夫婦朝,1
4790,夫婦朝出,1
4791,婦朝出暮,1
4792,朝出暮還,1
4793,出暮還宿,1
4794,暮還宿稼,1
4795,還宿稼穡,1
4796,宿稼穡既,1
4797,稼穡既自,1
4798,穡既自種,1
4799,既自種牛,1
4800,自種牛羊,1
4801,種牛羊還,1
4802,牛羊還自,1
4803,羊還自牧,1
4804,還自牧日,1
4805,自牧日旰,1
4806,牧日旰懶,1
4807,日旰懶耕,1
4808,旰懶耕鋤,1
4809,懶耕鋤登,1
4810,耕鋤登高,1
4811,鋤登高望,1
4812,登高望川,1
4813,高望川陸,1
4814,望川陸空,1
4815,川陸空山,1
4816,陸空山足,1
4817,空山足禽,1
4818,山足禽獸,1
4819,足禽獸墟,1
4820,禽獸墟落,1
4821,獸墟落多,1
4822,墟落多喬,1
4823,落多喬木,1
4824,多喬木白,1
4825,喬木白馬,1
4826,木白馬誰,1
4827,白馬誰家,1
4828,馬誰家兒,1
4829,誰家兒聯,1
4830,家兒聯翩,1
4831,兒聯翩相,1
4832,聯翩相馳,1
4833,翩相馳逐,1
4834,相馳逐種,1
4835,馳逐種桑,1
4836,逐種桑百,1
4837,種桑百餘,1
4838,桑百餘樹,1
4839,百餘樹種,1
4840,餘樹種黍,1
4841,樹種黍三,1
4842,種黍三十,1
4843,黍三十畝,1
4844,三十畝衣,1
4845,十畝衣食,1
4846,畝衣食既,1
4847,衣食既有,1
4848,食既有餘,1
4849,既有餘時,1
4850,有餘時時,1
4851,餘時時會,1
4852,時時會親,1
4853,時會親友,1
4854,會親友夏,1
4855,親友夏來,1
4856,友夏來菰,1
4857,夏來菰米,1
4858,來菰米飯,1
4859,菰米飯秋,1
4860,米飯秋至,1
4861,飯秋至菊,1
4862,秋至菊花,1
4863,至菊花酒,1
4864,菊花酒孺,1
4865,花酒孺人,1
4866,酒孺人喜,1
4867,孺人喜逢,1
4868,人喜逢迎,1
4869,喜逢迎稚,1
4870,逢迎稚子,1
4871,迎稚子解,1
4872,稚子解趨,1
4873,子解趨走,1
4874,解趨走日,1
4875,趨走日暮,1
4876,走日暮閑,1
4877,日暮閑園,1
4878,暮閑園裏,1
4879,閑園裏團,1
4880,園裏團團,1
4881,裏團團蔭,1
4882,團團蔭榆,1
4883,團蔭榆柳,1
4884,蔭榆柳酩,1
4885,榆柳酩酊,1
4886,柳酩酊乘,1
4887,酩酊乘夜,1
4888,酊乘夜歸,1
4889,乘夜歸涼,1
4890,夜歸涼風,1
4891,歸涼風吹,1
4892,涼風吹戶,1
4893,風吹戶牖,1
4894,吹戶牖清,1
4895,戶牖清淺,1
4896,牖清淺望,1
4897,清淺望河,1
4898,淺望河漢,1
4899,望河漢低,1
4900,河漢低昂,1
4901,漢低昂看,1
4902,低昂看北,1
4903,昂看北斗,1
4904,看北斗數,1
4905,北斗數甕,1
4906,斗數甕猶,1
4907,數甕猶未,1
4908,甕猶未開,1
4909,猶未開明,1
4910,未開明朝,1
4911,開明朝能,1
4912,明朝能飲,1
4913,朝能飲否,1
4914,能飲否朝,1
4915,飲否朝隨,1
4916,否朝隨秋,1
4917,朝隨秋雲,1
4918,隨秋雲陰,1
4919,秋雲陰乃,1
4920,雲陰乃至,1
4921,陰乃至青,1
4922,乃至青松,1
4923,至青松林,1
4924,青松林花,1
4925,松林花閣,1
4926,林花閣空,1
4927,花閣空中,1
4928,閣空中遠,1
4929,空中遠方,1
4930,中遠方池,1
4931,遠方池岩,1
4932,方池岩下,1
4933,池岩下深,1
4934,岩下深竹,1
4935,下深竹風,1
4936,深竹風亂,1
4937,竹風亂天,1
4938,風亂天語,1
4939,亂天語溪,1
4940,天語溪響,1
4941,語溪響成,1
4942,溪響成龍,1
4943,響成龍吟,1
4944,成龍吟試,1
4945,龍吟試問,1
4946,吟試問真,1
4947,試問真君,1
4948,問真君子,1
4949,真君子游,1
4950,君子游山,1
4951,子游山非,1
4952,游山非世,1
4953,山非世心,1
4954,非世心精,1
4955,世心精廬,1
4956,心精廬不,1
4957,精廬不住,1
4958,廬不住子,1
4959,不住子自,1
4960,住子自有,1
4961,子自有無,1
4962,自有無生,1
4963,有無生鄉,1
4964,無生鄉過,1
4965,生鄉過客,1
4966,鄉過客知,1
4967,過客知何,1
4968,客知何道,1
4969,知何道裴,1
4970,何道裴回,1
4971,道裴回雁,1
4972,裴回雁子,1
4973,回雁子堂,1
4974,雁子堂浮,1
4975,子堂浮雲,1
4976,堂浮雲歸,1
4977,浮雲歸故,1
4978,雲歸故嶺,1
4979,歸故嶺落,1
4980,故嶺落月,1
4981,嶺落月還,1
4982,落月還西,1
4983,月還西方,1
4984,還西方日,1
4985,西方日夕,1
4986,方日夕虛,1
4987,日夕虛空,1
4988,夕虛空裏,1
4989,虛空裏時,1
4990,空裏時時,1
4991,裏時時聞,1
4992,時時聞異,1
4993,時聞異香,1
4994,聞異香遙,1
4995,異香遙山,1
4996,香遙山起,1
4997,遙山起真,1
4998,山起真宇,1
4999,起真宇西,1
5000,真宇西向,1
5001,宇西向盡,1
5002,西向盡花,1
5003,向盡花林,1
5004,盡花林下,1
5005,花林下見,1
5006,林下見宮,1
5007,下見宮殿,1
5008,見宮殿小,1
5009,宮殿小上,1
5010,殿小上看,1
5011,小上看廊,1
5012,上看廊廡,1
5013,看廊廡深,1
5014,廊廡深苑,1
5015,廡深苑花,1
5016,深苑花落,1
5017,苑花落池,1
5018,花落池水,1
5019,落池水天,1
5020,池水天語,1
5021,水天語聞,1
5022,天語聞松,1
5023,語聞松音,1
5024,聞松音君,1
5025,松音君子,1
5026,音君子又,1
5027,君子又知,1
5028,子又知我,1
5029,又知我焚,1
5030,知我焚香,1
5031,我焚香期,1
5032,焚香期化,1
5033,香期化心,1
5034,期化心南,1
5035,化心南陽,1
5036,心南陽隱,1
5037,南陽隱居,1
5038,陽隱居者,1
5039,隱居者築,1
5040,居者築室,1
5041,者築室丹,1
5042,築室丹溪,1
5043,室丹溪源,1
5044,丹溪源溪,1
5045,溪源溪冷,1
5046,源溪冷懼,1
5047,溪冷懼秋,1
5048,冷懼秋晏,1
5049,懼秋晏室,1
5050,秋晏室寒,1
5051,晏室寒欣,1
5052,室寒欣景,1
5053,寒欣景暾,1
5054,欣景暾山,1
5055,景暾山雞,1
5056,暾山雞鳴,1
5057,山雞鳴菌,1
5058,雞鳴菌閣,1
5059,鳴菌閣水,1
5060,菌閣水霧,1
5061,閣水霧入,1
5062,水霧入衡,1
5063,霧入衡門,1
5064,入衡門東,1
5065,衡門東嶺,1
5066,門東嶺或,1
5067,東嶺或舒,1
5068,嶺或舒嘯,1
5069,或舒嘯北,1
5070,舒嘯北窗,1
5071,嘯北窗時,1
5072,北窗時討,1
5073,窗時討論,1
5074,時討論封,1
5075,討論封君,1
5076,論封君渭,1
5077,封君渭陽,1
5078,君渭陽竹,1
5079,渭陽竹逸,1
5080,陽竹逸士,1
5081,竹逸士漢,1
5082,逸士漢陰,1
5083,士漢陰園,1
5084,漢陰園何,1
5085,陰園何必,1
5086,園何必崆,1
5087,何必崆峒,1
5088,必崆峒上,1
5089,崆峒上獨,1
5090,峒上獨為,1
5091,上獨為堯,1
5092,獨為堯所,1
5093,為堯所尊,1
5094,堯所尊田,1
5095,所尊田家,1
5096,尊田家俯,1
5097,田家俯長,1
5098,家俯長道,1
5099,俯長道邀,1
5100,長道邀我,1
5101,道邀我避,1
5102,邀我避炎,1
5103,我避炎氛,1
5104,避炎氛當,1
5105,炎氛當暑,1
5106,氛當暑日,1
5107,當暑日方,1
5108,暑日方晝,1
5109,日方晝高,1
5110,方晝高天,1
5111,晝高天無,1
5112,高天無片,1
5113,天無片雲,1
5114,無片雲桑,1
5115,片雲桑間,1
5116,雲桑間禾,1
5117,桑間禾黍,1
5118,間禾黍氣,1
5119,禾黍氣柳,1
5120,黍氣柳下,1
5121,氣柳下牛,1
5122,柳下牛羊,1
5123,下牛羊群,1
5124,牛羊群野,1
5125,羊群野雀,1
5126,群野雀棲,1
5127,野雀棲空,1
5128,雀棲空屋,1
5129,棲空屋晨,1
5130,空屋晨昏,1
5131,屋晨昏不,1
5132,晨昏不復,1
5133,昏不復聞,1
5134,不復聞前,1
5135,復聞前登,1
5136,聞前登澳,1
5137,前登澳梁,1
5138,登澳梁阪,1
5139,澳梁阪極,1
5140,梁阪極望,1
5141,阪極望溫,1
5142,極望溫泉,1
5143,望溫泉分,1
5144,溫泉分逆,1
5145,泉分逆旅,1
5146,分逆旅方,1
5147,逆旅方三,1
5148,旅方三舍,1
5149,方三舍西,1
5150,三舍西山,1
5151,舍西山猶,1
5152,西山猶未,1
5153,山猶未曛,1
5154,猶未曛主,1
5155,未曛主家,1
5156,曛主家隱,1
5157,主家隱溪,1
5158,家隱溪口,1
5159,隱溪口微,1
5160,溪口微路,1
5161,口微路入,1
5162,微路入花,1
5163,路入花源,1
5164,入花源數,1
5165,花源數日,1
5166,源數日朝,1
5167,數日朝青,1
5168,日朝青閣,1
5169,朝青閣彩,1
5170,青閣彩雲,1
5171,閣彩雲獨,1
5172,彩雲獨在,1
5173,雲獨在門,1
5174,獨在門雙,1
5175,在門雙樓,1
5176,門雙樓夾,1
5177,雙樓夾一,1
5178,樓夾一殿,1
5179,夾一殿玉,1
5180,一殿玉女,1
5181,殿玉女侍,1
5182,玉女侍玄,1
5183,女侍玄元,1
5184,侍玄元扶,1
5185,玄元扶橑,1
5186,元扶橑盡,1
5187,扶橑盡蟠,1
5188,橑盡蟠木,1
5189,盡蟠木步,1
5190,蟠木步簷,1
5191,木步簷多,1
5192,步簷多畫,1
5193,簷多畫翻,1
5194,多畫翻新,1
5195,畫翻新松,1
5196,翻新松引,1
5197,新松引天,1
5198,松引天籟,1
5199,引天籟小,1
5200,天籟小柏,1
5201,籟小柏繞,1
5202,小柏繞山,1
5203,柏繞山樊,1
5204,繞山樊坐,1
5205,山樊坐弄,1
5206,樊坐弄竹,1
5207,坐弄竹陰,1
5208,弄竹陰遠,1
5209,竹陰遠行,1
5210,陰遠行隨,1
5211,遠行隨溪,1
5212,行隨溪水,1
5213,隨溪水喧,1
5214,溪水喧石,1
5215,水喧石池,1
5216,喧石池辨,1
5217,石池辨春,1
5218,池辨春色,1
5219,辨春色林,1
5220,春色林獸,1
5221,色林獸知,1
5222,林獸知人,1
5223,獸知人言,1
5224,知人言未,1
5225,人言未逐,1
5226,言未逐鳳,1
5227,未逐鳳凰,1
5228,逐鳳凰去,1
5229,鳳凰去真,1
5230,凰去真宮,1
5231,去真宮在,1
5232,真宮在此,1
5233,宮在此原,1
5234,在此原全,1
5235,此原全神,1
5236,原全神不,1
5237,全神不言,1
5238,神不言命,1
5239,不言命所,1
5240,言命所尚,1
5241,命所尚道,1
5242,所尚道家,1
5243,尚道家流,1
5244,道家流迨,1
5245,家流迨此,1
5246,流迨此遠,1
5247,迨此遠南,1
5248,此遠南楚,1
5249,遠南楚遂,1
5250,南楚遂令,1
5251,楚遂令思,1
5252,遂令思北,1
5253,令思北遊,1
5254,思北遊先,1
5255,北遊先生,1
5256,遊先生秀,1
5257,先生秀衡,1
5258,生秀衡岳,1
5259,秀衡岳玉,1
5260,衡岳玉立,1
5261,岳玉立居,1
5262,玉立居玄,1
5263,立居玄丘,1
5264,居玄丘門,1
5265,玄丘門帶,1
5266,丘門帶江,1
5267,門帶江山,1
5268,帶江山靜,1
5269,江山靜房,1
5270,山靜房隨,1
5271,靜房隨瑤,1
5272,房隨瑤草,1
5273,隨瑤草幽,1
5274,瑤草幽逍,1
5275,草幽逍遙,1
5276,幽逍遙三,1
5277,逍遙三花,1
5278,遙三花發,1
5279,三花發罔,1
5280,花發罔象,1
5281,發罔象五,1
5282,罔象五雲,1
5283,象五雲浮,1
5284,五雲浮自,1
5285,雲浮自有,1
5286,浮自有太,1
5287,自有太清,1
5288,有太清紀,1
5289,太清紀曾,1
5290,清紀曾垂,1
5291,紀曾垂華,1
5292,曾垂華髮,1
5293,垂華髮憂,1
5294,華髮憂大,1
5295,髮憂大年,1
5296,憂大年方,1
5297,大年方橐,1
5298,年方橐鑰,1
5299,方橐鑰小,1
5300,橐鑰小智,1
5301,鑰小智即,1
5302,小智即蜉,1
5303,智即蜉蝣,1
5304,即蜉蝣七,1
5305,蜉蝣七日,1
5306,蝣七日赤,1
5307,七日赤龍,1
5308,日赤龍至,1
5309,赤龍至莫,1
5310,龍至莫令,1
5311,至莫令餘,1
5312,莫令餘獨,1
5313,令餘獨留,1
5314,餘獨留朝,1
5315,獨留朝出,1
5316,留朝出猛,1
5317,朝出猛獸,1
5318,出猛獸林,1
5319,猛獸林躨,1
5320,獸林躨跜,1
5321,林躨跜登,1
5322,躨跜登高,1
5323,跜登高峰,1
5324,登高峰僮,1
5325,高峰僮僕,1
5326,峰僮僕履,1
5327,僮僕履雲,1
5328,僕履雲霧,1
5329,履雲霧隨,1
5330,雲霧隨我,1
5331,霧隨我行,1
5332,隨我行太,1
5333,我行太空,1
5334,行太空羲,1
5335,太空羲和,1
5336,空羲和舒,1
5337,羲和舒靈,1
5338,和舒靈暉,1
5339,舒靈暉倏,1
5340,靈暉倏忽,1
5341,暉倏忽西,1
5342,倏忽西極,1
5343,忽西極通,1
5344,西極通回,1
5345,極通回首,1
5346,通回首望,1
5347,回首望涇,1
5348,首望涇渭,1
5349,望涇渭隱,1
5350,涇渭隱隱,1
5351,渭隱隱如,1
5352,隱隱如長,1
5353,隱如長虹,1
5354,如長虹九,1
5355,長虹九逵,1
5356,虹九逵合,1
5357,九逵合蒼,1
5358,逵合蒼蕪,1
5359,合蒼蕪五,1
5360,蒼蕪五陵,1
5361,蕪五陵遙,1
5362,五陵遙瞳,1
5363,陵遙瞳蒙,1
5364,遙瞳蒙鹿,1
5365,瞳蒙鹿遊,1
5366,蒙鹿遊大,1
5367,鹿遊大明,1
5368,遊大明殿,1
5369,大明殿霧,1
5370,明殿霧濕,1
5371,殿霧濕華,1
5372,霧濕華清,1
5373,濕華清宮,1
5374,華清宮網,1
5375,清宮網羅,1
5376,宮網羅蠛,1
5377,網羅蠛蠓,1
5378,羅蠛蠓時,1
5379,蠛蠓時顧,1
5380,蠓時顧齒,1
5381,時顧齒熊,1
5382,顧齒熊羆,1
5383,齒熊羆鋒,1
5384,熊羆鋒失,1
5385,羆鋒失途,1
5386,鋒失途走,1
5387,失途走江,1
5388,途走江漢,1
5389,走江漢不,1
5390,江漢不能,1
5391,漢不能有,1
5392,不能有其,1
5393,能有其功,1
5394,有其功氣,1
5395,其功氣逐,1
5396,功氣逐招,1
5397,氣逐招搖,1
5398,逐招搖星,1
5399,招搖星魂,1
5400,搖星魂隨,1
5401,星魂隨閶,1
5402,魂隨閶闔,1
5403,隨閶闔風,1
5404,閶闔風惟,1
5405,闔風惟言,1
5406,風惟言宇,1
5407,惟言宇宙,1
5408,言宇宙清,1
5409,宇宙清複,1
5410,宙清複使,1
5411,清複使車,1
5412,複使車書,1
5413,使車書同,1
5414,車書同林,1
5415,書同林木,1
5416,同林木被,1
5417,林木被繁,1
5418,木被繁霜,1
5419,被繁霜合,1
5420,繁霜合遝,1
5421,霜合遝連,1
5422,合遝連山,1
5423,遝連山紅,1
5424,連山紅鵬,1
5425,山紅鵬鶚,1
5426,紅鵬鶚勵,1
5427,鵬鶚勵羽,1
5428,鶚勵羽翼,1
5429,勵羽翼俯,1
5430,羽翼俯視,1
5431,翼俯視荊,1
5432,俯視荊棘,1
5433,視荊棘叢,1
5434,荊棘叢誓,1
5435,棘叢誓將,1
5436,叢誓將食,1
5437,誓將食鶬,1
5438,將食鶬鴞,1
5439,食鶬鴞然,1
5440,鶬鴞然後,1
5441,鴞然後歸,1
5442,然後歸崆,1
5443,後歸崆峒,1
5444,歸崆峒溫,1
5445,崆峒溫泉,1
5446,峒溫泉作,1
5447,溫泉作天,1
5448,泉作天邑,1
5449,作天邑直,1
5450,天邑直北,1
5451,邑直北開,1
5452,直北開新,1
5453,北開新洲,1
5454,開新洲未,1
5455,新洲未有,1
5456,洲未有菰,1
5457,未有菰蒲,1
5458,有菰蒲生,1
5459,菰蒲生即,1
5460,蒲生即聞,1
5461,生即聞鳧,1
5462,即聞鳧雁,1
5463,聞鳧雁遊,1
5464,鳧雁遊六,1
5465,雁遊六亭,1
5466,遊六亭在,1
5467,六亭在高,1
5468,亭在高岸,1
5469,在高岸數,1
5470,高岸數島,1
5471,岸數島居,1
5472,數島居中,1
5473,島居中流,1
5474,居中流晦,1
5475,中流晦日,1
5476,流晦日望,1
5477,晦日望清,1
5478,日望清波,1
5479,望清波相,1
5480,清波相與,1
5481,波相與期,1
5482,相與期泛,1
5483,與期泛遊,1
5484,期泛遊西,1
5485,泛遊西道,1
5486,遊西道苦,1
5487,西道苦轉,1
5488,道苦轉轂,1
5489,苦轉轂北,1
5490,轉轂北堤,1
5491,轂北堤疲,1
5492,北堤疲行,1
5493,堤疲行舟,1
5494,疲行舟清,1
5495,行舟清泠,1
5496,舟清泠水,1
5497,清泠水木,1
5498,泠水木陰,1
5499,水木陰才,1
5500,木陰才可,1
5501,陰才可適,1
5502,才可適我,1
5503,可適我憂,1
5504,適我憂五,1
5505,我憂五年,1
5506,憂五年一,1
5507,五年一巡,1
5508,年一巡狩,1
5509,一巡狩西,1
5510,巡狩西幸,1
5511,狩西幸過,1
5512,西幸過東,1
5513,幸過東畿,1
5514,過東畿周,1
5515,東畿周國,1
5516,畿周國易,1
5517,周國易居,1
5518,國易居守,1
5519,易居守周,1
5520,居守周人,1
5521,守周人多,1
5522,周人多怨,1
5523,人多怨思,1
5524,多怨思君,1
5525,怨思君王,1
5526,思君王敷,1
5527,君王敷惠,1
5528,王敷惠政,1
5529,敷惠政程,1
5530,惠政程作,1
5531,政程作貴,1
5532,程作貴從,1
5533,作貴從時,1
5534,貴從時大,1
5535,從時大廈,1
5536,時大廈非,1
5537,大廈非一,1
5538,廈非一木,1
5539,非一木沉,1
5540,一木沉沉,1
5541,木沉沉臨,1
5542,沉沉臨九,1
5543,沉臨九逵,1
5544,臨九逵慶,1
5545,九逵慶雲,1
5546,逵慶雲宿,1
5547,慶雲宿飛,1
5548,雲宿飛棟,1
5549,宿飛棟嘉,1
5550,飛棟嘉樹,1
5551,棟嘉樹羅,1
5552,嘉樹羅青,1
5553,樹羅青墀,1
5554,羅青墀疏,1
5555,青墀疏屏,1
5556,墀疏屏宜,1
5557,疏屏宜朝,1
5558,屏宜朝享,1
5559,宜朝享方,1
5560,朝享方塘,1
5561,享方塘堪,1
5562,方塘堪水,1
5563,塘堪水嬉,1
5564,堪水嬉雲,1
5565,水嬉雲中,1
5566,嬉雲中仰,1
5567,雲中仰華,1
5568,中仰華蓋,1
5569,仰華蓋桁,1
5570,華蓋桁下,1
5571,蓋桁下望,1
5572,桁下望春,1
5573,下望春旗,1
5574,望春旗天,1
5575,春旗天意,1
5576,旗天意知,1
5577,天意知如,1
5578,意知如此,1
5579,知如此星,1
5580,如此星言,1
5581,此星言歸,1
5582,星言歸洛,1
5583,言歸洛師,1
5584,歸洛師天,1
5585,洛師天紀,1
5586,師天紀啟,1
5587,天紀啟真,1
5588,紀啟真命,1
5589,啟真命君,1
5590,真命君生,1
5591,命君生臣,1
5592,君生臣亦,1
5593,生臣亦生,1
5594,臣亦生乃,1
5595,亦生乃知,1
5596,生乃知赤,1
5597,乃知赤帝,1
5598,知赤帝子,1
5599,赤帝子複,1
5600,帝子複有,1
5601,子複有蒼,1
5602,複有蒼龍,1
5603,有蒼龍精,1
5604,蒼龍精神,1
5605,龍精神武,1
5606,精神武建,1
5607,神武建皇,1
5608,武建皇極,1
5609,建皇極文,1
5610,皇極文昌,1
5611,極文昌開,1
5612,文昌開將,1
5613,昌開將星,1
5614,開將星超,1
5615,將星超超,1
5616,星超超渭,1
5617,超超渭濱,1
5618,超渭濱器,1
5619,渭濱器落,1
5620,濱器落落,1
5621,器落落山,1
5622,落落山西,1
5623,落山西名,1
5624,山西名畫,1
5625,西名畫閫,1
5626,名畫閫入,1
5627,畫閫入受,1
5628,閫入受脤,1
5629,入受脤鑿,1
5630,受脤鑿門,1
5631,脤鑿門出,1
5632,鑿門出扞,1
5633,門出扞城,1
5634,出扞城戎,1
5635,扞城戎人,1
5636,城戎人昧,1
5637,戎人昧正,1
5638,人昧正朔,1
5639,昧正朔我,1
5640,正朔我有,1
5641,朔我有軒,1
5642,我有軒轅,1
5643,有軒轅兵,1
5644,軒轅兵隴,1
5645,轅兵隴路,1
5646,兵隴路起,1
5647,隴路起豐,1
5648,路起豐鎬,1
5649,起豐鎬關,1
5650,豐鎬關雲,1
5651,鎬關雲隨,1
5652,關雲隨旆,1
5653,雲隨旆旌,1
5654,隨旆旌河,1
5655,旆旌河湟,1
5656,旌河湟訓,1
5657,河湟訓兵,1
5658,湟訓兵甲,1
5659,訓兵甲義,1
5660,兵甲義勇,1
5661,甲義勇方,1
5662,義勇方橫,1
5663,勇方橫行,1
5664,方橫行韓,1
5665,橫行韓魏,1
5666,行韓魏多,1
5667,韓魏多銳,1
5668,魏多銳士,1
5669,多銳士蹶,1
5670,銳士蹶張,1
5671,士蹶張在,1
5672,蹶張在幕,1
5673,張在幕庭,1
5674,在幕庭大,1
5675,幕庭大非,1
5676,庭大非四,1
5677,大非四決,1
5678,非四決軋,1
5679,四決軋石,1
5680,決軋石堡,1
5681,軋石堡高,1
5682,石堡高崢,1
5683,堡高崢嶸,1
5684,高崢嶸攻,1
5685,崢嶸攻伐,1
5686,嶸攻伐若,1
5687,攻伐若振,1
5688,伐若振槁,1
5689,若振槁孰,1
5690,振槁孰雲,1
5691,槁孰雲非,1
5692,孰雲非神,1
5693,雲非神明,1
5694,非神明嘉,1
5695,神明嘉謀,1
5696,明嘉謀即,1
5697,嘉謀即天,1
5698,謀即天意,1
5699,即天意驟,1
5700,天意驟勝,1
5701,意驟勝由,1
5702,驟勝由師,1
5703,勝由師貞,1
5704,由師貞枯,1
5705,師貞枯草,1
5706,貞枯草被,1
5707,枯草被西,1
5708,草被西陸,1
5709,被西陸烈,1
5710,西陸烈風,1
5711,陸烈風昏,1
5712,烈風昏太,1
5713,風昏太清,1
5714,昏太清戢,1
5715,太清戢戈,1
5716,清戢戈旄,1
5717,戢戈旄頭,1
5718,戈旄頭落,1
5719,旄頭落牧,1
5720,頭落牧馬,1
5721,落牧馬昆,1
5722,牧馬昆侖,1
5723,馬昆侖平,1
5724,昆侖平賓,1
5725,侖平賓從,1
5726,平賓從儼,1
5727,賓從儼冠,1
5728,從儼冠蓋,1
5729,儼冠蓋封,1
5730,冠蓋封山,1
5731,蓋封山紀,1
5732,封山紀天,1
5733,山紀天聲,1
5734,紀天聲來,1
5735,天聲來朝,1
5736,聲來朝芙,1
5737,來朝芙蓉,1
5738,朝芙蓉闕,1
5739,芙蓉闕鳴,1
5740,蓉闕鳴玉,1
5741,闕鳴玉飄,1
5742,鳴玉飄華,1
5743,玉飄華纓,1
5744,飄華纓直,1
5745,華纓直道,1
5746,纓直道濟,1
5747,直道濟時,1
5748,道濟時憲,1
5749,濟時憲天,1
5750,時憲天邦,1
5751,憲天邦遂,1
5752,天邦遂輕,1
5753,邦遂輕刑,1
5754,遂輕刑抗,1
5755,輕刑抗書,1
5756,刑抗書報,1
5757,抗書報知,1
5758,書報知己,1
5759,報知己松,1
5760,知己松柏,1
5761,己松柏亦,1
5762,松柏亦以,1
5763,柏亦以榮,1
5764,亦以榮嘉,1
5765,以榮嘉命,1
5766,榮嘉命列,1
5767,嘉命列上,1
5768,命列上第,1
5769,列上第德,1
5770,上第德輝,1
5771,第德輝照,1
5772,德輝照天,1
5773,輝照天京,1
5774,照天京在,1
5775,天京在車,1
5776,京在車持,1
5777,在車持簡,1
5778,車持簡墨,1
5779,持簡墨粲,1
5780,簡墨粲粲,1
5781,墨粲粲皆,1
5782,粲粲皆詞,1
5783,粲皆詞英,1
5784,皆詞英顧,1
5785,詞英顧我,1
5786,英顧我搶,1
5787,顧我搶榆,1
5788,我搶榆者,1
5789,搶榆者莫,1
5790,榆者莫能,1
5791,者莫能翔,1
5792,莫能翔青,1
5793,能翔青冥,1
5794,翔青冥游,1
5795,青冥游燕,1
5796,冥游燕非,1
5797,游燕非騏,1
5798,燕非騏驥,1
5799,非騏驥躑,1
5800,騏驥躑躅,1
5801,驥躑躅思,1
5802,躑躅思長,1
5803,躅思長鳴,1
5804,思長鳴直,1
5805,長鳴直道,1
5806,鳴直道已,1
5807,直道已三,1
5808,道已三出,1
5809,已三出幸,1
5810,三出幸從,1
5811,出幸從江,1
5812,幸從江上,1
5813,從江上回,1
5814,江上回新,1
5815,上回新居,1
5816,回新居茅,1
5817,新居茅茨,1
5818,居茅茨迥,1
5819,茅茨迥起,1
5820,茨迥起見,1
5821,迥起見秋,1
5822,起見秋雲,1
5823,見秋雲開,1
5824,秋雲開十,1
5825,雲開十裏,1
5826,開十裏次,1
5827,十裏次舟,1
5828,裏次舟楫,1
5829,次舟楫二,1
5830,舟楫二橋,1
5831,楫二橋交,1
5832,二橋交往,1
5833,橋交往來,1
5834,交往來楚,1
5835,往來楚言,1
5836,來楚言滿,1
5837,楚言滿鄰,1
5838,言滿鄰里,1
5839,滿鄰里雁,1
5840,鄰里雁叫,1
5841,里雁叫喧,1
5842,雁叫喧池,1
5843,叫喧池台,1
5844,喧池台魚,1
5845,池台魚鱉,1
5846,台魚鱉樂,1
5847,魚鱉樂仁,1
5848,鱉樂仁政,1
5849,樂仁政浮,1
5850,仁政浮沉,1
5851,政浮沉亦,1
5852,浮沉亦至,1
5853,沉亦至哉,1
5854,亦至哉小,1
5855,至哉小山,1
5856,哉小山宜,1
5857,小山宜大,1
5858,山宜大隱,1
5859,宜大隱要,1
5860,大隱要自,1
5861,隱要自望,1
5862,要自望蓬,1
5863,自望蓬萊,1
5864,望蓬萊伊,1
5865,蓬萊伊昔,1
5866,萊伊昔好,1
5867,伊昔好觀,1
5868,昔好觀國,1
5869,好觀國自,1
5870,觀國自鄉,1
5871,國自鄉西,1
5872,自鄉西入,1
5873,鄉西入秦,1
5874,西入秦往,1
5875,入秦往復,1
5876,秦往復萬,1
5877,往復萬餘,1
5878,復萬餘裏,1
5879,萬餘裏相,1
5880,餘裏相逢,1
5881,裏相逢皆,1
5882,相逢皆眾,1
5883,逢皆眾人,1
5884,皆眾人大,1
5885,眾人大君,1
5886,人大君幸,1
5887,大君幸東,1
5888,君幸東嶽,1
5889,幸東嶽世,1
5890,東嶽世哲,1
5891,嶽世哲扈,1
5892,世哲扈時,1
5893,哲扈時巡,1
5894,扈時巡予,1
5895,時巡予亦,1
5896,巡予亦從,1
5897,予亦從此,1
5898,亦從此去,1
5899,從此去閒,1
5900,此去閒居,1
5901,去閒居清,1
5902,閒居清洛,1
5903,居清洛濱,1
5904,清洛濱稍,1
5905,洛濱稍稍,1
5906,濱稍稍寒,1
5907,稍稍寒木,1
5908,稍寒木直,1
5909,寒木直彩,1
5910,木直彩彩,1
5911,直彩彩陽,1
5912,彩彩陽華,1
5913,彩陽華新,1
5914,陽華新迭,1
5915,華新迭宕,1
5916,新迭宕孔,1
5917,迭宕孔文,1
5918,宕孔文舉,1
5919,孔文舉風,1
5920,文舉風流,1
5921,舉風流石,1
5922,風流石季,1
5923,流石季倫,1
5924,石季倫妙,1
5925,季倫妙年,1
5926,倫妙年一,1
5927,妙年一相,1
5928,年一相得,1
5929,一相得白,1
5930,相得白首,1
5931,得白首定,1
5932,白首定相,1
5933,首定相親,1
5934,定相親重,1
5935,相親重此,1
5936,親重此虛,1
5937,重此虛賓,1
5938,此虛賓館,1
5939,虛賓館歡,1
5940,賓館歡言,1
5941,館歡言冬,1
5942,歡言冬及,1
5943,言冬及春,1
5944,冬及春哲,1
5945,及春哲兄,1
5946,春哲兄盛,1
5947,哲兄盛文,1
5948,兄盛文史,1
5949,盛文史出,1
5950,文史出入,1
5951,史出入馳,1
5952,出入馳高,1
5953,入馳高軌,1
5954,馳高軌令,1
5955,高軌令德,1
5956,軌令德本,1
5957,令德本同,1
5958,德本同人,1
5959,本同人深,1
5960,同人深心,1
5961,人深心重,1
5962,深心重知,1
5963,心重知己,1
5964,重知己絳,1
5965,知己絳衣,1
5966,己絳衣朝,1
5967,絳衣朝聖,1
5968,衣朝聖主,1
5969,朝聖主紗,1
5970,聖主紗帳,1
5971,主紗帳延,1
5972,紗帳延才,1
5973,帳延才子,1
5974,延才子伯,1
5975,才子伯淮,1
5976,子伯淮與,1
5977,伯淮與季,1
5978,淮與季江,1
5979,與季江清,1
5980,季江清浚,1
5981,江清浚各,1
5982,清浚各孤,1
5983,浚各孤峙,1
5984,各孤峙群,1
5985,孤峙群芳,1
5986,峙群芳趨,1
5987,群芳趨泛,1
5988,芳趨泛愛,1
5989,趨泛愛萬,1
5990,泛愛萬物,1
5991,愛萬物通,1
5992,萬物通情,1
5993,物通情理,1
5994,通情理而,1
5995,情理而我,1
5996,理而我信,1
5997,而我信空,1
5998,我信空虛,1
5999,信空虛提,1
6000,空虛提攜,1
6001,虛提攜過,1
6002,提攜過杞,1
6003,攜過杞梓,1
6004,過杞梓夫,1
6005,杞梓夫君,1
6006,梓夫君美,1
6007,夫君美聲,1
6008,君美聲德,1
6009,美聲德直,1
6010,聲德直道,1
6011,德直道期,1
6012,直道期終,1
6013,道期終始,1
6014,期終始孰,1
6015,終始孰謂,1
6016,始孰謂忽,1
6017,孰謂忽離,1
6018,謂忽離居,1
6019,忽離居優,1
6020,離居優遊,1
6021,居優遊鄭,1
6022,優遊鄭東,1
6023,遊鄭東裏,1
6024,鄭東裏東,1
6025,東裏東裏,1
6026,裏東裏近,1
6027,東裏近王,1
6028,裏近王城,1
6029,近王城山,1
6030,王城山連,1
6031,城山連路,1
6032,山連路亦,1
6033,連路亦平,1
6034,路亦平何,1
6035,亦平何言,1
6036,平何言相,1
6037,何言相去,1
6038,相去遠閑,1
6039,去遠閑言,1
6040,遠閑言獨,1
6041,閑言獨淒,1
6042,言獨淒清,1
6043,獨淒清萬,1
6044,淒清萬里,1
6045,清萬里鴻,1
6046,萬里鴻雁,1
6047,里鴻雁度,1
6048,鴻雁度四,1
6049,雁度四鄰,1
6050,度四鄰砧,1
6051,四鄰砧杵,1
6052,鄰砧杵鳴,1
6053,砧杵鳴其,1
6054,杵鳴其如,1
6055,鳴其如久,1
6056,其如久離,1
6057,如久離別,1
6058,久離別重,1
6059,離別重以,1
6060,別重以霜,1
6061,重以霜風,1
6062,以霜風驚,1
6063,霜風驚河,1
6064,風驚河流,1
6065,驚河流有,1
6066,河流有深,1
6067,流有深曲,1
6068,有深曲舟,1
6069,深曲舟子,1
6070,曲舟子莫,1
6071,舟子莫能,1
6072,子莫能知,1
6073,莫能知弭,1
6074,能知弭棹,1
6075,知弭棹臨,1
6076,弭棹臨沙,1
6077,棹臨沙嶼,1
6078,臨沙嶼微,1
6079,沙嶼微吟,1
6080,嶼微吟西,1
6081,微吟西日,1
6082,吟西日馳,1
6083,西日馳平,1
6084,日馳平明,1
6085,馳平明春,1
6086,平明春色,1
6087,明春色霽,1
6088,春色霽兩,1
6089,色霽兩岸,1
6090,霽兩岸好,1
6091,兩岸好風,1
6092,岸好風吹,1
6093,好風吹去,1
6094,風吹去去,1
6095,吹去去川,1
6096,去去川途,1
6097,去川途盡,1
6098,川途盡悠,1
6099,途盡悠悠,1
6100,盡悠悠親,1
6101,悠悠親友,1
6102,悠親友離,1
6103,親友離漢,1
6104,友離漢宮,1
6105,離漢宮成,1
6106,漢宮成羽,1
6107,宮成羽翼,1
6108,成羽翼伊,1
6109,羽翼伊水,1
6110,翼伊水弄,1
6111,伊水弄參,1
6112,水弄參差,1
6113,弄參差為,1
6114,參差為惜,1
6115,差為惜淮,1
6116,為惜淮南,1
6117,惜淮南子,1
6118,淮南子如,1
6119,南子如何,1
6120,子如何攀,1
6121,如何攀桂,1
6122,何攀桂枝,1
6123,攀桂枝渭,1
6124,桂枝渭水,1
6125,枝渭水收,1
6126,渭水收暮,1
6127,水收暮雨,1
6128,收暮雨處,1
6129,暮雨處處,1
6130,雨處處多,1
6131,處處多新,1
6132,處多新澤,1
6133,多新澤宮,1
6134,新澤宮苑,1
6135,澤宮苑傍,1
6136,宮苑傍山,1
6137,苑傍山明,1
6138,傍山明雲,1
6139,山明雲林,1
6140,明雲林帶,1
6141,雲林帶天,1
6142,林帶天碧,1
6143,帶天碧君,1
6144,天碧君子,1
6145,碧君子聳,1
6146,君子聳高,1
6147,子聳高駕,1
6148,聳高駕英,1
6149,高駕英聲,1
6150,駕英聲邈,1
6151,英聲邈今,1
6152,聲邈今昔,1
6153,邈今昔鏘,1
6154,今昔鏘佩,1
6155,昔鏘佩出,1
6156,鏘佩出中,1
6157,佩出中台,1
6158,出中台彯,1
6159,中台彯纓,1
6160,台彯纓入,1
6161,彯纓入仙,1
6162,纓入仙掖,1
6163,入仙掖夙,1
6164,仙掖夙心,1
6165,掖夙心幸,1
6166,夙心幸清,1
6167,心幸清鑒,1
6168,幸清鑒晚,1
6169,清鑒晚志,1
6170,鑒晚志欣,1
6171,晚志欣良,1
6172,志欣良覿,1
6173,欣良覿鳴,1
6174,良覿鳴盜,1
6175,覿鳴盜非,1
6176,鳴盜非足,1
6177,盜非足征,1
6178,非足征願,1
6179,足征願言,1
6180,征願言同,1
6181,願言同下,1
6182,言同下客,1
6183,同下客南,1
6184,下客南國,1
6185,客南國久,1
6186,南國久為,1
6187,國久為思,1
6188,久為思西,1
6189,為思西都,1
6190,思西都嘗,1
6191,西都嘗作,1
6192,都嘗作賓,1
6193,嘗作賓雲,1
6194,作賓雲開,1
6195,賓雲開天,1
6196,雲開天地,1
6197,開天地色,1
6198,天地色日,1
6199,地色日照,1
6200,色日照山,1
6201,日照山河,1
6202,照山河春,1
6203,山河春善,1
6204,河春善聽,1
6205,春善聽在,1
6206,善聽在知,1
6207,聽在知己,1
6208,在知己揚,1
6209,知己揚光,1
6210,己揚光唯,1
6211,揚光唯達,1
6212,光唯達人,1
6213,唯達人妙,1
6214,達人妙年,1
6215,人妙年弄,1
6216,妙年弄柔,1
6217,年弄柔翰,1
6218,弄柔翰弱,1
6219,柔翰弱冠,1
6220,翰弱冠偶,1
6221,弱冠偶良,1
6222,冠偶良晨,1
6223,偶良晨擢,1
6224,良晨擢第,1
6225,晨擢第文,1
6226,擢第文昌,1
6227,第文昌閣,1
6228,文昌閣還,1
6229,昌閣還家,1
6230,閣還家滄,1
6231,還家滄海,1
6232,家滄海濱,1
6233,滄海濱寸,1
6234,海濱寸心,1
6235,濱寸心何,1
6236,寸心何所,1
6237,心何所望,1
6238,何所望東,1
6239,所望東掖,1
6240,望東掖有,1
6241,東掖有賢,1
6242,掖有賢臣,1
6243,有賢臣自,1
6244,賢臣自初,1
6245,臣自初賓,1
6246,自初賓上,1
6247,初賓上國,1
6248,賓上國乃,1
6249,上國乃到,1
6250,國乃到鄒,1
6251,乃到鄒人,1
6252,到鄒人鄉,1
6253,鄒人鄉曾,1
6254,人鄉曾點,1
6255,鄉曾點與,1
6256,曾點與曾,1
6257,點與曾子,1
6258,與曾子俱,1
6259,曾子俱升,1
6260,子俱升闕,1
6261,俱升闕裏,1
6262,升闕裏堂,1
6263,闕裏堂武,1
6264,裏堂武皇,1
6265,堂武皇恢,1
6266,武皇恢大,1
6267,皇恢大略,1
6268,恢大略逸,1
6269,大略逸翮,1
6270,略逸翮思,1
6271,逸翮思寥,1
6272,翮思寥廓,1
6273,思寥廓三,1
6274,寥廓三居,1
6275,廓三居清,1
6276,三居清憲,1
6277,居清憲台,1
6278,清憲台兩,1
6279,憲台兩拜,1
6280,台兩拜文,1
6281,兩拜文昌,1
6282,拜文昌閣,1
6283,文昌閣為,1
6284,昌閣為道,1
6285,閣為道既,1
6286,為道既貞,1
6287,道既貞信,1
6288,既貞信處,1
6289,貞信處名,1
6290,信處名猶,1
6291,處名猶謇,1
6292,名猶謇諤,1
6293,猶謇諤鐵,1
6294,謇諤鐵柱,1
6295,諤鐵柱勵,1
6296,鐵柱勵風,1
6297,柱勵風威,1
6298,勵風威錦,1
6299,風威錦軸,1
6300,威錦軸含,1
6301,錦軸含光,1
6302,軸含光輝,1
6303,含光輝夜,1
6304,光輝夜聞,1
6305,輝夜聞持,1
6306,夜聞持簡,1
6307,聞持簡立,1
6308,持簡立朝,1
6309,簡立朝看,1
6310,立朝看伏,1
6311,朝看伏奏,1
6312,看伏奏歸,1
6313,伏奏歸洞,1
6314,奏歸洞門,1
6315,歸洞門清,1
6316,洞門清佩,1
6317,門清佩響,1
6318,清佩響廣,1
6319,佩響廣路,1
6320,響廣路玉,1
6321,廣路玉珂,1
6322,路玉珂飛,1
6323,玉珂飛驤,1
6324,珂飛驤首,1
6325,飛驤首入,1
6326,驤首入丹,1
6327,首入丹掖,1
6328,入丹掖摶,1
6329,丹掖摶空,1
6330,掖摶空趨,1
6331,摶空趨太,1
6332,空趨太微,1
6333,趨太微絲,1
6334,太微絲綸,1
6335,微絲綸逢,1
6336,絲綸逢聖,1
6337,綸逢聖主,1
6338,逢聖主出,1
6339,聖主出入,1
6340,主出入飄,1
6341,出入飄華,1
6342,入飄華組,1
6343,飄華組愔,1
6344,華組愔愔,1
6345,組愔愔宿,1
6346,愔愔宿帝,1
6347,愔宿帝梧,1
6348,宿帝梧侃,1
6349,帝梧侃侃,1
6350,梧侃侃居,1
6351,侃侃居文,1
6352,侃居文府,1
6353,居文府海,1
6354,文府海內,1
6355,府海內語,1
6356,海內語三,1
6357,內語三獨,1
6358,語三獨朝,1
6359,三獨朝端,1
6360,獨朝端謀,1
6361,朝端謀六,1
6362,端謀六戶,1
6363,謀六戶善,1
6364,六戶善計,1
6365,戶善計在,1
6366,善計在弘,1
6367,計在弘羊,1
6368,在弘羊清,1
6369,弘羊清嚴,1
6370,羊清嚴歸,1
6371,清嚴歸仲,1
6372,嚴歸仲舉,1
6373,歸仲舉侍,1
6374,仲舉侍郎,1
6375,舉侍郎跨,1
6376,侍郎跨方,1
6377,郎跨方朔,1
6378,跨方朔中,1
6379,方朔中丞,1
6380,朔中丞蔑,1
6381,中丞蔑周,1
6382,丞蔑周處,1
6383,蔑周處天,1
6384,周處天眷,1
6385,處天眷擇,1
6386,天眷擇循,1
6387,眷擇循良,1
6388,擇循良惟,1
6389,循良惟賢,1
6390,良惟賢降,1
6391,惟賢降寵,1
6392,賢降寵章,1
6393,降寵章分,1
6394,寵章分符,1
6395,章分符指,1
6396,分符指聊,1
6397,符指聊攝,1
6398,指聊攝為,1
6399,聊攝為政,1
6400,攝為政本,1
6401,為政本農,1
6402,政本農桑,1
6403,本農桑籍,1
6404,農桑籍籍,1
6405,桑籍籍歌,1
6406,籍籍歌五,1
6407,籍歌五袴,1
6408,歌五袴祁,1
6409,五袴祁祁,1
6410,袴祁祁頌,1
6411,祁祁頌千,1
6412,祁頌千箱,1
6413,頌千箱隨,1
6414,千箱隨車,1
6415,箱隨車微,1
6416,隨車微雨,1
6417,車微雨灑,1
6418,微雨灑逐,1
6419,雨灑逐扇,1
6420,灑逐扇清,1
6421,逐扇清風,1
6422,扇清風颺,1
6423,清風颺既,1
6424,風颺既以,1
6425,颺既以遷,1
6426,既以遷列,1
6427,以遷列國,1
6428,遷列國複,1
6429,列國複茲,1
6430,國複茲鄰,1
6431,複茲鄰帝,1
6432,茲鄰帝鄉,1
6433,鄰帝鄉褰,1
6434,帝鄉褰帷,1
6435,鄉褰帷乃,1
6436,褰帷乃仍,1
6437,帷乃仍舊,1
6438,乃仍舊坐,1
6439,仍舊坐嘯,1
6440,舊坐嘯非,1
6441,坐嘯非更,1
6442,嘯非更張,1
6443,非更張居,1
6444,更張居敬,1
6445,張居敬物,1
6446,居敬物無,1
6447,敬物無擾,1
6448,物無擾履,1
6449,無擾履端,1
6450,擾履端人,1
6451,履端人自,1
6452,端人自康,1
6453,人自康薄,1
6454,自康薄遊,1
6455,康薄遊出,1
6456,薄遊出京,1
6457,遊出京邑,1
6458,出京邑引,1
6459,京邑引領,1
6460,邑引領東,1
6461,引領東南,1
6462,領東南望,1
6463,東南望林,1
6464,南望林晚,1
6465,望林晚鳥,1
6466,林晚鳥雀,1
6467,晚鳥雀噪,1
6468,鳥雀噪田,1
6469,雀噪田秋,1
6470,噪田秋稼,1
6471,田秋稼穡,1
6472,秋稼穡黃,1
6473,稼穡黃成,1
6474,穡黃成皋,1
6475,黃成皋天,1
6476,成皋天地,1
6477,皋天地險,1
6478,天地險廣,1
6479,地險廣武,1
6480,險廣武征,1
6481,廣武征戰,1
6482,武征戰場,1
6483,征戰場道,1
6484,戰場道喪,1
6485,場道喪苦,1
6486,道喪苦兵,1
6487,喪苦兵賦,1
6488,苦兵賦時,1
6489,兵賦時來,1
6490,賦時來開,1
6491,時來開井,1
6492,來開井疆,1
6493,開井疆霏,1
6494,井疆霏霏,1
6495,疆霏霏渠,1
6496,霏霏渠門,1
6497,霏渠門色,1
6498,渠門色晻,1
6499,門色晻晻,1
6500,色晻晻制,1
6501,晻晻制岩,1
6502,晻制岩光,1
6503,制岩光徒,1
6504,岩光徒念,1
6505,光徒念京,1
6506,徒念京索,1
6507,念京索近,1
6508,京索近獨,1
6509,索近獨悲,1
6510,近獨悲溱,1
6511,獨悲溱洧,1
6512,悲溱洧長,1
6513,溱洧長大,1
6514,洧長大明,1
6515,長大明潛,1
6516,大明潛照,1
6517,明潛照耀,1
6518,潛照耀淑,1
6519,照耀淑慝,1
6520,耀淑慝自,1
6521,淑慝自昭,1
6522,慝自昭彰,1
6523,自昭彰昔,1
6524,昭彰昔歲,1
6525,彰昔歲幸,1
6526,昔歲幸西,1
6527,歲幸西土,1
6528,幸西土今,1
6529,西土今茲,1
6530,土今茲歸,1
6531,今茲歸洛,1
6532,茲歸洛陽,1
6533,歸洛陽同,1
6534,洛陽同焉,1
6535,陽同焉知,1
6536,同焉知鄭,1
6537,焉知鄭伯,1
6538,知鄭伯當,1
6539,鄭伯當輔,1
6540,伯當輔我,1
6541,當輔我周,1
6542,輔我周王,1
6543,我周王橘,1
6544,周王橘柚,1
6545,王橘柚植,1
6546,橘柚植寒,1
6547,柚植寒陵,1
6548,植寒陵芙,1
6549,寒陵芙蓉,1
6550,陵芙蓉蒂,1
6551,芙蓉蒂修,1
6552,蓉蒂修阪,1
6553,蒂修阪無,1
6554,修阪無言,1
6555,阪無言不,1
6556,無言不得,1
6557,言不得意,1
6558,不得意得,1
6559,得意得意,1
6560,意得意何,1
6561,得意何由,1
6562,意何由展,1
6563,何由展況,1
6564,由展況我,1
6565,展況我行,1
6566,況我行且,1
6567,我行且徒,1
6568,行且徒而,1
6569,且徒而君,1
6570,徒而君往,1
6571,而君往猶,1
6572,君往猶蹇,1
6573,往猶蹇既,1
6574,猶蹇既傷,1
6575,蹇既傷人,1
6576,既傷人事,1
6577,傷人事近,1
6578,人事近複,1
6579,事近複言,1
6580,近複言天,1
6581,複言天道,1
6582,言天道遠,1
6583,天道遠薄,1
6584,道遠薄暮,1
6585,遠薄暮入,1
6586,薄暮入空,1
6587,暮入空亭,1
6588,入空亭中,1
6589,空亭中夜,1
6590,亭中夜不,1
6591,中夜不能,1
6592,夜不能飯,1
6593,不能飯南,1
6594,能飯南聽,1
6595,飯南聽鴻,1
6596,南聽鴻雁,1
6597,聽鴻雁盡,1
6598,鴻雁盡西,1
6599,雁盡西見,1
6600,盡西見招,1
6601,西見招搖,1
6602,見招搖轉,1
6603,招搖轉千,1
6604,搖轉千門,1
6605,轉千門漢,1
6606,千門漢王,1
6607,門漢王宮,1
6608,漢王宮百,1
6609,王宮百里,1
6610,宮百里周,1
6611,百里周王,1
6612,里周王苑,1
6613,周王苑杲,1
6614,王苑杲杲,1
6615,苑杲杲初,1
6616,杲杲初景,1
6617,杲初景出,1
6618,初景出油,1
6619,景出油油,1
6620,出油油鮮,1
6621,油油鮮雲,1
6622,油鮮雲卷,1
6623,鮮雲卷會,1
6624,雲卷會朝,1
6625,卷會朝幸,1
6626,會朝幸歲,1
6627,朝幸歲正,1
6628,幸歲正校,1
6629,歲正校獵,1
6630,正校獵從,1
6631,校獵從新,1
6632,獵從新獮,1
6633,從新獮念,1
6634,新獮念君,1
6635,獮念君久,1
6636,念君久京,1
6637,君久京國,1
6638,久京國雙,1
6639,京國雙涕,1
6640,國雙涕如,1
6641,雙涕如露,1
6642,涕如露泫,1
6643,如露泫無,1
6644,露泫無人,1
6645,泫無人薦,1
6646,無人薦子,1
6647,人薦子雲,1
6648,薦子雲太,1
6649,子雲太息,1
6650,雲太息竟,1
6651,太息竟誰,1
6652,息竟誰辨,1
6653,竟誰辨曰,1
6654,誰辨曰予,1
6655,辨曰予輕,1
6656,曰予輕皎,1
6657,予輕皎潔,1
6658,輕皎潔坦,1
6659,皎潔坦率,1
6660,潔坦率賓,1
6661,坦率賓混,1
6662,率賓混元,1
6663,賓混元忽,1
6664,混元忽乃,1
6665,元忽乃異,1
6666,忽乃異群,1
6667,乃異群萃,1
6668,異群萃高,1
6669,群萃高歌,1
6670,萃高歌信,1
6671,高歌信陵,1
6672,歌信陵門,1
6673,信陵門信,1
6674,陵門信陵,1
6675,門信陵好,1
6676,信陵好賓,1
6677,陵好賓客,1
6678,好賓客清,1
6679,賓客清夜,1
6680,客清夜開,1
6681,清夜開華,1
6682,夜開華軒,1
6683,開華軒月,1
6684,華軒月光,1
6685,軒月光麗,1
6686,月光麗池,1
6687,光麗池閣,1
6688,麗池閣野,1
6689,池閣野氣,1
6690,閣野氣浮,1
6691,野氣浮林,1
6692,氣浮林園,1
6693,浮林園偶,1
6694,林園偶坐,1
6695,園偶坐爛,1
6696,偶坐爛明,1
6697,坐爛明星,1
6698,爛明星歸,1
6699,明星歸志,1
6700,星歸志潛,1
6701,歸志潛崩,1
6702,志潛崩奔,1
6703,潛崩奔漾,1
6704,崩奔漾舟,1
6705,奔漾舟清,1
6706,漾舟清潭,1
6707,舟清潭裏,1
6708,清潭裏慰,1
6709,潭裏慰我,1
6710,裏慰我別,1
6711,慰我別離,1
6712,我別離魂,1
6713,別離魂落,1
6714,離魂落日,1
6715,魂落日下,1
6716,落日下西,1
6717,日下西山,1
6718,下西山左,1
6719,西山左右,1
6720,山左右慘,1
6721,左右慘無,1
6722,右慘無言,1
6723,慘無言蕭,1
6724,無言蕭條,1
6725,言蕭條風,1
6726,蕭條風雨,1
6727,條風雨散,1
6728,風雨散窅,1
6729,雨散窅靄,1
6730,散窅靄江,1
6731,窅靄江湖,1
6732,靄江湖昏,1
6733,江湖昏秋,1
6734,湖昏秋荷,1
6735,昏秋荷尚,1
6736,秋荷尚幽,1
6737,荷尚幽鬱,1
6738,尚幽鬱暮,1
6739,幽鬱暮鳥,1
6740,鬱暮鳥複,1
6741,暮鳥複翩,1
6742,鳥複翩翻,1
6743,複翩翻紙,1
6744,翩翻紙筆,1
6745,翻紙筆亦,1
6746,紙筆亦何,1
6747,筆亦何為,1
6748,亦何為寫,1
6749,何為寫我,1
6750,為寫我心,1
6751,寫我心中,1
6752,我心中冤,1
6753,心中冤北,1
6754,中冤北陵,1
6755,冤北陵散,1
6756,北陵散寒,1
6757,陵散寒鳥,1
6758,散寒鳥西,1
6759,寒鳥西山,1
6760,鳥西山照,1
6761,西山照初,1
6762,山照初日,1
6763,照初日婉,1
6764,初日婉孌,1
6765,日婉孌晉,1
6766,婉孌晉陽,1
6767,孌晉陽京,1
6768,晉陽京踟,1
6769,陽京踟躕,1
6770,京踟躕野,1
6771,踟躕野人,1
6772,躕野人室,1
6773,野人室南,1
6774,人室南軒,1
6775,室南軒草,1
6776,南軒草間,1
6777,軒草間去,1
6778,草間去後,1
6779,間去後乘,1
6780,去後乘林,1
6781,後乘林中,1
6782,乘林中出,1
6783,林中出靄,1
6784,中出靄靄,1
6785,出靄靄長,1
6786,靄靄長路,1
6787,靄長路暖,1
6788,長路暖遲,1
6789,路暖遲遲,1
6790,暖遲遲狹,1
6791,遲遲狹路,1
6792,遲狹路歸,1
6793,狹路歸蜉,1
6794,路歸蜉蝣,1
6795,歸蜉蝣時,1
6796,蜉蝣時蔽,1
6797,蝣時蔽月,1
6798,時蔽月枳,1
6799,蔽月枳棘,1
6800,月枳棘複,1
6801,枳棘複傷,1
6802,棘複傷衣,1
6803,複傷衣城,1
6804,傷衣城上,1
6805,衣城上東,1
6806,城上東風,1
6807,上東風起,1
6808,東風起河,1
6809,風起河邊,1
6810,起河邊早,1
6811,河邊早雁,1
6812,邊早雁飛,1
6813,早雁飛夏,1
6814,雁飛夏王,1
6815,飛夏王紀,1
6816,夏王紀冬,1
6817,王紀冬令,1
6818,紀冬令殷,1
6819,冬令殷人,1
6820,令殷人乃,1
6821,殷人乃正,1
6822,人乃正月,1
6823,乃正月涯,1
6824,正月涯口,1
6825,月涯口度,1
6826,涯口度新,1
6827,口度新雲,1
6828,度新雲山,1
6829,新雲山陰,1
6830,雲山陰留,1
6831,山陰留故,1
6832,陰留故雪,1
6833,留故雪幸,1
6834,故雪幸逢,1
6835,雪幸逢耆,1
6836,幸逢耆耋,1
6837,逢耆耋話,1
6838,耆耋話餘,1
6839,耋話餘待,1
6840,話餘待親,1
6841,餘待親鄰,1
6842,待親鄰別,1
6843,親鄰別總,1
6844,鄰別總轡,1
6845,別總轡出,1
6846,總轡出叢,1
6847,轡出叢薄,1
6848,出叢薄歇,1
6849,叢薄歇鞍,1
6850,薄歇鞍登,1
6851,歇鞍登峻,1
6852,鞍登峻隅,1
6853,登峻隅春,1
6854,峻隅春源,1
6855,隅春源既,1
6856,春源既蕩,1
6857,源既蕩漭,1
6858,既蕩漭伏,1
6859,蕩漭伏戰,1
6860,漭伏戰亦,1
6861,伏戰亦睢,1
6862,戰亦睢盱,1
6863,亦睢盱未,1
6864,睢盱未獲,1
6865,盱未獲遵,1
6866,未獲遵平,1
6867,獲遵平道,1
6868,遵平道徒,1
6869,平道徒言,1
6870,道徒言信,1
6871,徒言信薄,1
6872,言信薄夫,1
6873,信薄夫本,1
6874,薄夫本自,1
6875,夫本自江,1
6876,本自江海,1
6877,自江海人,1
6878,江海人且,1
6879,海人且無,1
6880,人且無寥,1
6881,且無寥廓,1
6882,無寥廓志,1
6883,寥廓志大,1
6884,廓志大明,1
6885,志大明耀,1
6886,大明耀天,1
6887,明耀天宇,1
6888,耀天宇靄,1
6889,天宇靄靄,1
6890,宇靄靄風,1
6891,靄靄風雨,1
6892,靄風雨被,1
6893,風雨被迢,1
6894,雨被迢遞,1
6895,被迢遞別,1
6896,迢遞別荊,1
6897,遞別荊吳,1
6898,別荊吳飄,1
6899,荊吳飄颻,1
6900,吳飄颻涉,1
6901,飄颻涉沂,1
6902,颻涉沂泗,1
6903,涉沂泗廣,1
6904,沂泗廣川,1
6905,泗廣川俟,1
6906,廣川俟舟,1
6907,川俟舟楫,1
6908,俟舟楫峻,1
6909,舟楫峻阪,1
6910,楫峻阪傷,1
6911,峻阪傷騏,1
6912,阪傷騏驥,1
6913,傷騏驥蹭,1
6914,騏驥蹭蹬,1
6915,驥蹭蹬失,1
6916,蹭蹬失歸,1
6917,蹬失歸道,1
6918,失歸道崎,1
6919,歸道崎嶇,1
6920,道崎嶇從,1
6921,崎嶇從下,1
6922,嶇從下位,1
6923,從下位西,1
6924,下位西出,1
6925,位西出太,1
6926,西出太華,1
6927,出太華陰,1
6928,太華陰北,1
6929,華陰北走,1
6930,陰北走少,1
6931,北走少梁,1
6932,走少梁地,1
6933,少梁地蔥,1
6934,梁地蔥蘢,1
6935,地蔥蘢墟,1
6936,蔥蘢墟落,1
6937,蘢墟落色,1
6938,墟落色泱,1
6939,落色泱漭,1
6940,色泱漭關,1
6941,泱漭關河,1
6942,漭關河氣,1
6943,關河氣恥,1
6944,河氣恥從,1
6945,氣恥從俠,1
6946,恥從俠烈,1
6947,從俠烈游,1
6948,俠烈游甘,1
6949,烈游甘為,1
6950,游甘為刀,1
6951,甘為刀筆,1
6952,為刀筆吏,1
6953,刀筆吏寶,1
6954,筆吏寶劍,1
6955,吏寶劍茱,1
6956,寶劍茱萸,1
6957,劍茱萸匣,1
6958,茱萸匣豈,1
6959,萸匣豈忘,1
6960,匣豈忘知,1
6961,豈忘知音,1
6962,忘知音貴,1
6963,知音貴大,1
6964,音貴大道,1
6965,貴大道且,1
6966,大道且泛,1
6967,道且泛然,1
6968,且泛然沉,1
6969,泛然沉浮,1
6970,然沉浮未,1
6971,沉浮未雲,1
6972,浮未雲異,1
6973,未雲異五,1
6974,雲異五月,1
6975,異五月黃,1
6976,五月黃梅,1
6977,月黃梅時,1
6978,黃梅時陰,1
6979,梅時陰氣,1
6980,時陰氣蔽,1
6981,陰氣蔽遠,1
6982,氣蔽遠邇,1
6983,蔽遠邇濃,1
6984,遠邇濃雲,1
6985,邇濃雲連,1
6986,濃雲連晦,1
6987,雲連晦朔,1
6988,連晦朔菰,1
6989,晦朔菰菜,1
6990,朔菰菜生,1
6991,菰菜生鄰,1
6992,菜生鄰里,1
6993,生鄰里落,1
6994,鄰里落日,1
6995,里落日燒,1
6996,落日燒霞,1
6997,日燒霞明,1
6998,燒霞明農,1
6999,霞明農夫,1
7000,明農夫知,1
7001,農夫知雨,1
7002,夫知雨止,1
7003,知雨止幾,1
7004,雨止幾悲,1
7005,止幾悲衽,1
7006,幾悲衽席,1
7007,悲衽席濕,1
7008,衽席濕長,1
7009,席濕長歎,1
7010,濕長歎垣,1
7011,長歎垣牆,1
7012,歎垣牆毀,1
7013,垣牆毀曭,1
7014,牆毀曭朗,1
7015,毀曭朗天,1
7016,曭朗天宇,1
7017,朗天宇開,1
7018,天宇開家,1
7019,宇開家族,1
7020,開家族躍,1
7021,家族躍以,1
7022,族躍以喜,1
7023,躍以喜渙,1
7024,以喜渙汗,1
7025,喜渙汗發,1
7026,渙汗發大,1
7027,汗發大號,1
7028,發大號坤,1
7029,大號坤元,1
7030,號坤元更,1
7031,坤元更資,1
7032,元更資始,1
7033,更資始散,1
7034,資始散衣,1
7035,始散衣出,1
7036,散衣出中,1
7037,衣出中園,1
7038,出中園小,1
7039,中園小徑,1
7040,園小徑尚,1
7041,小徑尚滑,1
7042,徑尚滑履,1
7043,尚滑履池,1
7044,滑履池光,1
7045,履池光搖,1
7046,池光搖萬,1
7047,光搖萬象,1
7048,搖萬象倏,1
7049,萬象倏忽,1
7050,象倏忽滅,1
7051,倏忽滅複,1
7052,忽滅複起,1
7053,滅複起嘉,1
7054,複起嘉樹,1
7055,起嘉樹如,1
7056,嘉樹如我,1
7057,樹如我心,1
7058,如我心欣,1
7059,我心欣欣,1
7060,心欣欣豈,1
7061,欣欣豈雲,1
7062,欣豈雲已,1
7063,豈雲已北,1
7064,雲已北河,1
7065,已北河旄,1
7066,北河旄星,1
7067,河旄星隕,1
7068,旄星隕鬼,1
7069,星隕鬼方,1
7070,隕鬼方獮,1
7071,鬼方獮林,1
7072,方獮林胡,1
7073,獮林胡群,1
7074,林胡群師,1
7075,胡群師舞,1
7076,群師舞弓,1
7077,師舞弓矢,1
7078,舞弓矢電,1
7079,弓矢電發,1
7080,矢電發歸,1
7081,電發歸燕,1
7082,發歸燕墟,1
7083,歸燕墟皇,1
7084,燕墟皇皇,1
7085,墟皇皇軒,1
7086,皇皇軒轅,1
7087,皇軒轅君,1
7088,軒轅君贊,1
7089,轅君贊贊,1
7090,君贊贊皋,1
7091,贊贊皋陶,1
7092,贊皋陶謨,1
7093,皋陶謨方,1
7094,陶謨方思,1
7095,謨方思壯,1
7096,方思壯軍,1
7097,思壯軍實,1
7098,壯軍實遠,1
7099,軍實遠近,1
7100,實遠近遞,1
7101,遠近遞生,1
7102,近遞生俘,1
7103,遞生俘車,1
7104,生俘車馬,1
7105,俘車馬踐,1
7106,車馬踐大,1
7107,馬踐大逵,1
7108,踐大逵合,1
7109,大逵合遝,1
7110,逵合遝成,1
7111,合遝成深,1
7112,遝成深渠,1
7113,成深渠牧,1
7114,深渠牧人,1
7115,渠牧人過,1
7116,牧人過橐,1
7117,人過橐駝,1
7118,過橐駝校,1
7119,橐駝校正,1
7120,駝校正引,1
7121,校正引騊,1
7122,正引騊駼,1
7123,引騊駼烈,1
7124,騊駼烈風,1
7125,駼烈風朝,1
7126,烈風朝送,1
7127,風朝送寒,1
7128,朝送寒雲,1
7129,送寒雲雪,1
7130,寒雲雪靄,1
7131,雲雪靄天,1
7132,雪靄天隅,1
7133,靄天隅草,1
7134,天隅草木,1
7135,隅草木同,1
7136,草木同一,1
7137,木同一色,1
7138,同一色誰,1
7139,一色誰能,1
7140,色誰能辨,1
7141,誰能辨榮,1
7142,能辨榮枯,1
7143,辨榮枯四,1
7144,榮枯四履,1
7145,枯四履封,1
7146,四履封元,1
7147,履封元戎,1
7148,封元戎百,1
7149,元戎百金,1
7150,戎百金酬,1
7151,百金酬勇,1
7152,金酬勇夫,1
7153,酬勇夫大,1
7154,勇夫大邦,1
7155,夫大邦武,1
7156,大邦武功,1
7157,邦武功爵,1
7158,武功爵固,1
7159,功爵固與,1
7160,爵固與炎,1
7161,固與炎皇,1
7162,與炎皇殊,1
7163,炎皇殊鬼,1
7164,皇殊鬼方,1
7165,殊鬼方生,1
7166,鬼方生獫,1
7167,方生獫狁,1
7168,生獫狁時,1
7169,獫狁時寇,1
7170,狁時寇盧,1
7171,時寇盧龍,1
7172,寇盧龍營,1
7173,盧龍營帝,1
7174,龍營帝念,1
7175,營帝念霍,1
7176,帝念霍嫖,1
7177,念霍嫖姚,1
7178,霍嫖姚詔,1
7179,嫖姚詔發,1
7180,姚詔發咸,1
7181,詔發咸林,1
7182,發咸林兵,1
7183,咸林兵天,1
7184,林兵天星,1
7185,兵天星下,1
7186,天星下文,1
7187,星下文閣,1
7188,下文閣簡,1
7189,文閣簡師,1
7190,閣簡師臨,1
7191,簡師臨我,1
7192,師臨我城,1
7193,臨我城三,1
7194,我城三陌,1
7195,城三陌觀,1
7196,三陌觀勇,1
7197,陌觀勇夫,1
7198,觀勇夫五,1
7199,勇夫五餌,1
7200,夫五餌謀,1
7201,五餌謀長,1
7202,餌謀長纓,1
7203,謀長纓雷,1
7204,長纓雷野,1
7205,纓雷野大,1
7206,雷野大車,1
7207,野大車發,1
7208,大車發震,1
7209,車發震雲,1
7210,發震雲靈,1
7211,震雲靈鼓,1
7212,雲靈鼓鳴,1
7213,靈鼓鳴太,1
7214,鼓鳴太華,1
7215,鳴太華色,1
7216,太華色莽,1
7217,華色莽蒼,1
7218,色莽蒼清,1
7219,莽蒼清渭,1
7220,蒼清渭風,1
7221,清渭風交,1
7222,渭風交橫,1
7223,風交橫胡,1
7224,交橫胡馬,1
7225,橫胡馬悲,1
7226,胡馬悲雨,1
7227,馬悲雨雪,1
7228,悲雨雪詩,1
7229,雨雪詩人,1
7230,雪詩人歌,1
7231,詩人歌旆,1
7232,人歌旆旌,1
7233,歌旆旌閼,1
7234,旆旌閼氏,1
7235,旌閼氏為,1
7236,閼氏為女,1
7237,氏為女奴,1
7238,為女奴單,1
7239,女奴單于,1
7240,奴單于作,1
7241,單于作邊,1
7242,于作邊氓,1
7243,作邊氓神,1
7244,邊氓神皇,1
7245,氓神皇麒,1
7246,神皇麒麟,1
7247,皇麒麟閣,1
7248,麒麟閣大,1
7249,麟閣大將,1
7250,閣大將不,1
7251,大將不書,1
7252,將不書名,1
7253,不書名太,1
7254,書名太史,1
7255,名太史登,1
7256,太史登觀,1
7257,史登觀台,1
7258,登觀台天,1
7259,觀台天街,1
7260,台天街耀,1
7261,天街耀旄,1
7262,街耀旄頭,1
7263,耀旄頭大,1
7264,旄頭大君,1
7265,頭大君忽,1
7266,大君忽霆,1
7267,君忽霆震,1
7268,忽霆震詔,1
7269,霆震詔爵,1
7270,震詔爵冠,1
7271,詔爵冠軍,1
7272,爵冠軍侯,1
7273,冠軍侯南,1
7274,軍侯南必,1
7275,侯南必梁,1
7276,南必梁孫,1
7277,必梁孫源,1
7278,梁孫源西,1
7279,孫源西將,1
7280,源西將圉,1
7281,西將圉昆,1
7282,將圉昆丘,1
7283,圉昆丘河,1
7284,昆丘河隴,1
7285,丘河隴征,1
7286,河隴征擊,1
7287,隴征擊卒,1
7288,征擊卒虎,1
7289,擊卒虎符,1
7290,卒虎符到,1
7291,虎符到我,1
7292,符到我州,1
7293,到我州朝,1
7294,我州朝集,1
7295,州朝集咸,1
7296,朝集咸林,1
7297,集咸林城,1
7298,咸林城師,1
7299,林城師言,1
7300,城師言亂,1
7301,師言亂啁,1
7302,言亂啁啾,1
7303,亂啁啾殺,1
7304,啁啾殺氣,1
7305,啾殺氣變,1
7306,殺氣變木,1
7307,氣變木德,1
7308,變木德凜,1
7309,木德凜凜,1
7310,德凜凜如,1
7311,凜凜如高,1
7312,凜如高秋,1
7313,如高秋元,1
7314,高秋元戎,1
7315,秋元戎啟,1
7316,元戎啟神,1
7317,戎啟神皇,1
7318,啟神皇廟,1
7319,神皇廟堂,1
7320,皇廟堂發,1
7321,廟堂發嘉,1
7322,堂發嘉謀,1
7323,發嘉謀息,1
7324,嘉謀息兵,1
7325,謀息兵業,1
7326,息兵業稼,1
7327,兵業稼穡,1
7328,業稼穡歸,1
7329,稼穡歸馬,1
7330,穡歸馬複,1
7331,歸馬複休,1
7332,馬複休牛,1
7333,複休牛和,1
7334,休牛和風,1
7335,牛和風開,1
7336,和風開陰,1
7337,風開陰雪,1
7338,開陰雪大,1
7339,陰雪大耀,1
7340,雪大耀中,1
7341,大耀中天,1
7342,耀中天流,1
7343,中天流歡,1
7344,天流歡聲,1
7345,流歡聲殷,1
7346,歡聲殷河,1
7347,聲殷河嶽,1
7348,殷河嶽涵,1
7349,河嶽涵蕩,1
7350,嶽涵蕩非,1
7351,涵蕩非煙,1
7352,蕩非煙浮,1
7353,非煙浮邦,1
7354,煙浮邦牧,1
7355,浮邦牧新,1
7356,邦牧新下,1
7357,牧新下車,1
7358,新下車德,1
7359,下車德禮,1
7360,車德禮彼,1
7361,德禮彼甿,1
7362,禮彼甿謳,1
7363,彼甿謳乾,1
7364,甿謳乾坤,1
7365,謳乾坤日,1
7366,乾坤日交,1
7367,坤日交泰,1
7368,日交泰吾,1
7369,交泰吾亦,1
7370,泰吾亦遂,1
7371,吾亦遂優,1
7372,亦遂優遊,1
7373,遂優遊河,1
7374,優遊河水,1
7375,遊河水日,1
7376,河水日夜,1
7377,水日夜流,1
7378,日夜流客,1
7379,夜流客心,1
7380,流客心多,1
7381,客心多殷,1
7382,心多殷憂,1
7383,多殷憂維,1
7384,殷憂維梢,1
7385,憂維梢曆,1
7386,維梢曆宋,1
7387,梢曆宋國,1
7388,曆宋國結,1
7389,宋國結纜,1
7390,國結纜登,1
7391,結纜登商,1
7392,纜登商丘,1
7393,登商丘漢,1
7394,商丘漢皇,1
7395,丘漢皇封,1
7396,漢皇封子,1
7397,皇封子弟,1
7398,封子弟周,1
7399,子弟周室,1
7400,弟周室命,1
7401,周室命諸,1
7402,室命諸侯,1
7403,命諸侯搖,1
7404,諸侯搖搖,1
7405,侯搖搖世,1
7406,搖搖世祀,1
7407,搖世祀怨,1
7408,世祀怨傷,1
7409,祀怨傷古,1
7410,怨傷古複,1
7411,傷古複兼,1
7412,古複兼秋,1
7413,複兼秋鳴,1
7414,兼秋鳴鴻,1
7415,秋鳴鴻念,1
7416,鳴鴻念極,1
7417,鴻念極浦,1
7418,念極浦征,1
7419,極浦征旅,1
7420,浦征旅慕,1
7421,征旅慕前,1
7422,旅慕前儔,1
7423,慕前儔太,1
7424,前儔太息,1
7425,儔太息梁,1
7426,太息梁王,1
7427,息梁王苑,1
7428,梁王苑時,1
7429,王苑時非,1
7430,苑時非牧,1
7431,時非牧馬,1
7432,非牧馬遊,1
7433,牧馬遊新,1
7434,馬遊新宮,1
7435,遊新宮驪,1
7436,新宮驪山,1
7437,宮驪山陰,1
7438,驪山陰龍,1
7439,山陰龍袞,1
7440,陰龍袞時,1
7441,龍袞時出,1
7442,袞時出豫,1
7443,時出豫朝,1
7444,出豫朝陽,1
7445,豫朝陽照,1
7446,朝陽照羽,1
7447,陽照羽儀,1
7448,照羽儀清,1
7449,羽儀清吹,1
7450,儀清吹肅,1
7451,清吹肅逵,1
7452,吹肅逵路,1
7453,肅逵路群,1
7454,逵路群鴉,1
7455,路群鴉隨,1
7456,群鴉隨天,1
7457,鴉隨天車,1
7458,隨天車夜,1
7459,天車夜滿,1
7460,車夜滿新,1
7461,夜滿新豐,1
7462,滿新豐樹,1
7463,新豐樹所,1
7464,豐樹所思,1
7465,樹所思在,1
7466,所思在腐,1
7467,思在腐餘,1
7468,在腐餘不,1
7469,腐餘不復,1
7470,餘不復憂,1
7471,不復憂霜,1
7472,復憂霜露,1
7473,憂霜露河,1
7474,霜露河低,1
7475,露河低宮,1
7476,河低宮閣,1
7477,低宮閣深,1
7478,宮閣深燈,1
7479,閣深燈影,1
7480,深燈影鼓,1
7481,燈影鼓鐘,1
7482,影鼓鐘曙,1
7483,鼓鐘曙繽,1
7484,鐘曙繽紛,1
7485,曙繽紛集,1
7486,繽紛集寒,1
7487,紛集寒枝,1
7488,集寒枝矯,1
7489,寒枝矯翼,1
7490,枝矯翼時,1
7491,矯翼時相,1
7492,翼時相顧,1
7493,時相顧塚,1
7494,相顧塚宰,1
7495,顧塚宰收,1
7496,塚宰收琳,1
7497,宰收琳琅,1
7498,收琳琅侍,1
7499,琳琅侍臣,1
7500,琅侍臣盡,1
7501,侍臣盡鴛,1
7502,臣盡鴛鷺,1
7503,盡鴛鷺高,1
7504,鴛鷺高舉,1
7505,鷺高舉摩,1
7506,高舉摩太,1
7507,舉摩太清,1
7508,摩太清永,1
7509,太清永絕,1
7510,清永絕矰,1
7511,永絕矰繳,1
7512,絕矰繳懼,1
7513,矰繳懼茲,1
7514,繳懼茲禽,1
7515,懼茲禽亦,1
7516,茲禽亦翱,1
7517,禽亦翱翔,1
7518,亦翱翔不,1
7519,翱翔不以,1
7520,翔不以微,1
7521,不以微小,1
7522,以微小故,1
7523,微小故皇,1
7524,小故皇家,1
7525,故皇家有,1
7526,皇家有恆,1
7527,家有恆憲,1
7528,有恆憲齋,1
7529,恆憲齋祭,1
7530,憲齋祭崇,1
7531,齋祭崇明,1
7532,祭崇明祀,1
7533,崇明祀嚴,1
7534,明祀嚴車,1
7535,祀嚴車伊,1
7536,嚴車伊洛,1
7537,車伊洛間,1
7538,伊洛間受,1
7539,洛間受誓,1
7540,間受誓文,1
7541,受誓文昌,1
7542,誓文昌裏,1
7543,文昌裏沉,1
7544,昌裏沉沉,1
7545,裏沉沉雲,1
7546,沉沉雲閣,1
7547,沉雲閣見,1
7548,雲閣見稍,1
7549,閣見稍稍,1
7550,見稍稍城,1
7551,稍稍城烏,1
7552,稍城烏起,1
7553,城烏起曙,1
7554,烏起曙色,1
7555,起曙色照,1
7556,曙色照衣,1
7557,色照衣冠,1
7558,照衣冠虛,1
7559,衣冠虛庭,1
7560,冠虛庭鳴,1
7561,虛庭鳴劍,1
7562,庭鳴劍履,1
7563,鳴劍履裴,1
7564,劍履裴回,1
7565,履裴回念,1
7566,裴回念私,1
7567,回念私覿,1
7568,念私覿悵,1
7569,私覿悵望,1
7570,覿悵望臨,1
7571,悵望臨清,1
7572,望臨清汜,1
7573,臨清汜點,1
7574,清汜點翰,1
7575,汜點翰欲,1
7576,點翰欲何,1
7577,翰欲何言,1
7578,欲何言相,1
7579,何言相思,1
7580,言相思從,1
7581,相思從此,1
7582,思從此始,1
7583,從此始東,1
7584,此始東望,1
7585,始東望春,1
7586,東望春明,1
7587,望春明門,1
7588,春明門駕,1
7589,明門駕言,1
7590,門駕言聊,1
7591,駕言聊出,1
7592,言聊出遊,1
7593,聊出遊南,1
7594,出遊南行,1
7595,遊南行小,1
7596,南行小徑,1
7597,行小徑盡,1
7598,小徑盡綠,1
7599,徑盡綠竹,1
7600,盡綠竹臨,1
7601,綠竹臨清,1
7602,竹臨清流,1
7603,臨清流君,1
7604,清流君出,1
7605,流君出罷,1
7606,君出罷六,1
7607,出罷六安,1
7608,罷六安居,1
7609,六安居此,1
7610,安居此澹,1
7611,居此澹忘,1
7612,此澹忘憂,1
7613,澹忘憂園,1
7614,忘憂園林,1
7615,憂園林與,1
7616,園林與城,1
7617,林與城市,1
7618,與城市閭,1
7619,城市閭裏,1
7620,市閭裏隨,1
7621,閭裏隨人,1
7622,裏隨人幽,1
7623,隨人幽披,1
7624,人幽披顏,1
7625,幽披顏辟,1
7626,披顏辟衡,1
7627,顏辟衡闈,1
7628,辟衡闈置,1
7629,衡闈置酒,1
7630,闈置酒登,1
7631,置酒登崇,1
7632,酒登崇丘,1
7633,登崇丘山,1
7634,崇丘山河,1
7635,丘山河臨,1
7636,山河臨咫,1
7637,河臨咫尺,1
7638,臨咫尺宇,1
7639,咫尺宇宙,1
7640,尺宇宙窮,1
7641,宇宙窮寸,1
7642,宙窮寸眸,1
7643,窮寸眸是,1
7644,寸眸是時,1
7645,眸是時春,1
7646,是時春載,1
7647,時春載陽,1
7648,春載陽佳,1
7649,載陽佳氣,1
7650,陽佳氣滿,1
7651,佳氣滿皇,1
7652,氣滿皇州,1
7653,滿皇州宮,1
7654,皇州宮殿,1
7655,州宮殿碧,1
7656,宮殿碧雲,1
7657,殿碧雲裏,1
7658,碧雲裏鴛,1
7659,雲裏鴛鴦,1
7660,裏鴛鴦初,1
7661,鴛鴦初命,1
7662,鴦初命儔,1
7663,初命儔良,1
7664,命儔良辰,1
7665,儔良辰方,1
7666,良辰方在,1
7667,辰方在茲,1
7668,方在茲志,1
7669,在茲志士,1
7670,茲志士安,1
7671,志士安得,1
7672,士安得休,1
7673,安得休成,1
7674,得休成名,1
7675,休成名苟,1
7676,成名苟有,1
7677,名苟有地,1
7678,苟有地何,1
7679,有地何必,1
7680,地何必東,1
7681,何必東陵,1
7682,必東陵侯,1
7683,東陵侯玄,1
7684,陵侯玄鳥,1
7685,侯玄鳥雙,1
7686,玄鳥雙雙,1
7687,鳥雙雙飛,1
7688,雙雙飛杏,1
7689,雙飛杏林,1
7690,飛杏林初,1
7691,杏林初發,1
7692,林初發花,1
7693,初發花喣,1
7694,發花喣偷,1
7695,花喣偷命,1
7696,喣偷命僮,1
7697,偷命僮僕,1
7698,命僮僕可,1
7699,僮僕可以,1
7700,僕可以樹,1
7701,可以樹桑,1
7702,以樹桑麻,1
7703,樹桑麻清,1
7704,桑麻清旦,1
7705,麻清旦理,1
7706,清旦理犁,1
7707,旦理犁鋤,1
7708,理犁鋤日,1
7709,犁鋤日入,1
7710,鋤日入未,1
7711,日入未還,1
7712,入未還家,1
7713,未還家有,1
7714,還家有客,1
7715,家有客山,1
7716,有客山中,1
7717,客山中至,1
7718,山中至言,1
7719,中至言傳,1
7720,至言傳故,1
7721,言傳故人,1
7722,傳故人訊,1
7723,故人訊蕩,1
7724,人訊蕩漾,1
7725,訊蕩漾敷,1
7726,蕩漾敷遠,1
7727,漾敷遠情,1
7728,敷遠情飄,1
7729,遠情飄颻,1
7730,情飄颻吐,1
7731,飄颻吐清,1
7732,颻吐清韻,1
7733,吐清韻猗,1
7734,清韻猗歟,1
7735,韻猗歟春,1
7736,猗歟春皋,1
7737,歟春皋上,1
7738,春皋上無,1
7739,皋上無乃,1
7740,上無乃成,1
7741,無乃成秋,1
7742,乃成秋興,1
7743,成秋興念,1
7744,秋興念別,1
7745,興念別求,1
7746,念別求須,1
7747,別求須臾,1
7748,求須臾忽,1
7749,須臾忽至,1
7750,臾忽至嚶,1
7751,忽至嚶鳴,1
7752,至嚶鳴時,1
7753,嚶鳴時菜,1
7754,鳴時菜田,1
7755,時菜田燒,1
7756,菜田燒故,1
7757,田燒故草,1
7758,燒故草初,1
7759,故草初樹,1
7760,草初樹養,1
7761,初樹養新,1
7762,樹養新枝,1
7763,養新枝所,1
7764,新枝所寓,1
7765,枝所寓非,1
7766,所寓非幽,1
7767,寓非幽深,1
7768,非幽深夢,1
7769,幽深夢寐,1
7770,深夢寐相,1
7771,夢寐相追,1
7772,寐相追隨,1
7773,相追隨依,1
7774,追隨依依,1
7775,隨依依親,1
7776,依依親隴,1
7777,依親隴畝,1
7778,親隴畝寂,1
7779,隴畝寂寂,1
7780,畝寂寂無,1
7781,寂寂無鄰,1
7782,寂無鄰里,1
7783,無鄰里不,1
7784,鄰里不聞,1
7785,里不聞雞,1
7786,不聞雞犬,1
7787,聞雞犬音,1
7788,雞犬音日,1
7789,犬音日見,1
7790,音日見和,1
7791,日見和風,1
7792,見和風起,1
7793,和風起賴,1
7794,風起賴君,1
7795,起賴君遺,1
7796,賴君遺掞,1
7797,君遺掞藻,1
7798,遺掞藻憂,1
7799,掞藻憂來,1
7800,藻憂來散,1
7801,憂來散能,1
7802,來散能弭,1
7803,散能弭慶,1
7804,能弭慶門,1
7805,弭慶門疊,1
7806,慶門疊華,1
7807,門疊華組,1
7808,疊華組盛,1
7809,華組盛列,1
7810,組盛列鐘,1
7811,盛列鐘英,1
7812,列鐘英彥,1
7813,鐘英彥貞,1
7814,英彥貞信,1
7815,彥貞信發,1
7816,貞信發天,1
7817,信發天姿,1
7818,發天姿文,1
7819,天姿文明,1
7820,姿文明葉,1
7821,文明葉邦,1
7822,明葉邦選,1
7823,葉邦選為,1
7824,邦選為情,1
7825,選為情貴,1
7826,為情貴深,1
7827,情貴深遠,1
7828,貴深遠作,1
7829,深遠作德,1
7830,遠作德齊,1
7831,作德齊隱,1
7832,德齊隱見,1
7833,齊隱見別,1
7834,隱見別業,1
7835,見別業在,1
7836,別業在春,1
7837,業在春山,1
7838,在春山懷,1
7839,春山懷歸,1
7840,山懷歸出,1
7841,懷歸出芳,1
7842,歸出芳甸,1
7843,出芳甸逖,1
7844,芳甸逖聽,1
7845,甸逖聽多,1
7846,逖聽多時,1
7847,聽多時友,1
7848,多時友招,1
7849,時友招邀,1
7850,友招邀及,1
7851,招邀及浮,1
7852,邀及浮賤,1
7853,及浮賤朝,1
7854,浮賤朝沿,1
7855,賤朝沿霸,1
7856,朝沿霸水,1
7857,沿霸水窮,1
7858,霸水窮暮,1
7859,水窮暮矚,1
7860,窮暮矚藍,1
7861,暮矚藍田,1
7862,矚藍田遍,1
7863,藍田遍百,1
7864,田遍百花,1
7865,遍百花照,1
7866,百花照阡,1
7867,花照阡陌,1
7868,照阡陌萬,1
7869,阡陌萬木,1
7870,陌萬木森,1
7871,萬木森鄉,1
7872,木森鄉縣,1
7873,森鄉縣澗,1
7874,鄉縣澗淨,1
7875,縣澗淨綠,1
7876,澗淨綠蘿,1
7877,淨綠蘿深,1
7878,綠蘿深岩,1
7879,蘿深岩暄,1
7880,深岩暄新,1
7881,岩暄新鳥,1
7882,暄新鳥轉,1
7883,新鳥轉依,1
7884,鳥轉依然,1
7885,轉依然造,1
7886,依然造華,1
7887,然造華薄,1
7888,造華薄豁,1
7889,華薄豁爾,1
7890,薄豁爾開,1
7891,豁爾開靈,1
7892,爾開靈院,1
7893,開靈院淹,1
7894,靈院淹留,1
7895,院淹留火,1
7896,淹留火禁,1
7897,留火禁辰,1
7898,火禁辰愉,1
7899,禁辰愉樂,1
7900,辰愉樂弦,1
7901,愉樂弦歌,1
7902,樂弦歌宴,1
7903,弦歌宴肅,1
7904,歌宴肅肅,1
7905,宴肅肅列,1
7906,肅肅列樽,1
7907,肅列樽俎,1
7908,列樽俎鏘,1
7909,樽俎鏘鏘,1
7910,俎鏘鏘引,1
7911,鏘鏘引纓,1
7912,鏘引纓弁,1
7913,引纓弁天,1
7914,纓弁天籟,1
7915,弁天籟激,1
7916,天籟激微,1
7917,籟激微風,1
7918,激微風陽,1
7919,微風陽光,1
7920,風陽光轢,1
7921,陽光轢奔,1
7922,光轢奔箭,1
7923,轢奔箭以,1
7924,奔箭以茲,1
7925,箭以茲小,1
7926,以茲小人,1
7927,茲小人腹,1
7928,小人腹不,1
7929,人腹不勝,1
7930,腹不勝君,1
7931,不勝君子,1
7932,勝君子饌,1
7933,君子饌是,1
7934,子饌是日,1
7935,饌是日既,1
7936,是日既低,1
7937,日既低迷,1
7938,既低迷中,1
7939,低迷中宵,1
7940,迷中宵方,1
7941,中宵方眄,1
7942,宵方眄眩,1
7943,方眄眩枕,1
7944,眄眩枕上,1
7945,眩枕上思,1
7946,枕上思獨,1
7947,上思獨往,1
7948,思獨往胸,1
7949,獨往胸中,1
7950,往胸中理,1
7951,胸中理交,1
7952,中理交戰,1
7953,理交戰碧,1
7954,交戰碧雲,1
7955,戰碧雲暗,1
7956,碧雲暗雨,1
7957,雲暗雨來,1
7958,暗雨來舊,1
7959,雨來舊原,1
7960,來舊原芳,1
7961,舊原芳色,1
7962,原芳色變,1
7963,芳色變歡,1
7964,色變歡然,1
7965,變歡然自,1
7966,歡然自此,1
7967,然自此絕,1
7968,自此絕心,1
7969,此絕心賞,1
7970,絕心賞何,1
7971,心賞何由,1
7972,賞何由見,1
7973,何由見鴻,1
7974,由見鴻蒙,1
7975,見鴻蒙已,1
7976,鴻蒙已笑,1
7977,蒙已笑雲,1
7978,已笑雲列,1
7979,笑雲列缺,1
7980,雲列缺仍,1
7981,列缺仍揮,1
7982,缺仍揮電,1
7983,仍揮電忽,1
7984,揮電忽與,1
7985,電忽與去,1
7986,忽與去人,1
7987,與去人遠,1
7988,去人遠俄,1
7989,人遠俄逢,1
7990,遠俄逢歸,1
7991,俄逢歸者,1
7992,逢歸者便,1
7993,歸者便想,1
7994,者便想像,1
7995,便想像玉,1
7996,想像玉泉,1
7997,像玉泉宮,1
7998,玉泉宮依,1
7999,泉宮依稀,1
8000,宮依稀明,1
8001,依稀明月,1
8002,稀明月殿,1
8003,明月殿峰,1
8004,月殿峰巒,1
8005,殿峰巒若,1
8006,峰巒若登,1
8007,巒若登陟,1
8008,若登陟水,1
8009,登陟水木,1
8010,陟水木以,1
8011,水木以遊,1
8012,木以遊衍,1
8013,以遊衍息,1
8014,遊衍息心,1
8015,衍息心幸,1
8016,息心幸自,1
8017,心幸自忘,1
8018,幸自忘點,1
8019,自忘點翰,1
8020,忘點翰仍,1
8021,點翰仍留,1
8022,翰仍留眷,1
8023,仍留眷恨,1
8024,留眷恨無,1
8025,眷恨無荊,1
8026,恨無荊文,1
8027,無荊文璧,1
8028,荊文璧以,1
8029,文璧以答,1
8030,璧以答丹,1
8031,以答丹青,1
8032,答丹青絢,1
8033,丹青絢厥,1
8034,青絢厥初,1
8035,絢厥初遊,1
8036,厥初遊太,1
8037,初遊太學,1
8038,遊太學相,1
8039,太學相與,1
8040,學相與極,1
8041,相與極周,1
8042,與極周旋,1
8043,極周旋含,1
8044,周旋含采,1
8045,旋含采共,1
8046,含采共朝,1
8047,采共朝暮,1
8048,共朝暮知,1
8049,朝暮知言,1
8050,暮知言同,1
8051,知言同古,1
8052,言同古先,1
8053,同古先孟,1
8054,古先孟陽,1
8055,先孟陽題,1
8056,孟陽題劍,1
8057,陽題劍閣,1
8058,題劍閣子,1
8059,劍閣子雲,1
8060,閣子雲獻,1
8061,子雲獻甘,1
8062,雲獻甘泉,1
8063,獻甘泉斯,1
8064,甘泉斯須,1
8065,泉斯須曠,1
8066,斯須曠千,1
8067,須曠千里,1
8068,曠千里婉,1
8069,千里婉娩,1
8070,里婉娩將,1
8071,婉娩將十,1
8072,娩將十年,1
8073,將十年今,1
8074,十年今來,1
8075,年今來豔,1
8076,今來豔陽,1
8077,來豔陽月,1
8078,豔陽月好,1
8079,陽月好鳥,1
8080,月好鳥鳴,1
8081,好鳥鳴翩,1
8082,鳥鳴翩翩,1
8083,鳴翩翩同,1
8084,翩翩同聲,1
8085,翩同聲既,1
8086,同聲既求,1
8087,聲既求友,1
8088,既求友不,1
8089,求友不肖,1
8090,友不肖亦,1
8091,不肖亦懷,1
8092,肖亦懷賢,1
8093,亦懷賢引,1
8094,懷賢引領,1
8095,賢引領遲,1
8096,引領遲芳,1
8097,領遲芳信,1
8098,遲芳信果,1
8099,芳信果枉,1
8100,信果枉瑤,1
8101,果枉瑤華,1
8102,枉瑤華篇,1
8103,瑤華篇成,1
8104,華篇成頌,1
8105,篇成頌非,1
8106,成頌非其,1
8107,頌非其德,1
8108,非其德高,1
8109,其德高文,1
8110,德高文徒,1
8111,高文徒自,1
8112,文徒自妍,1
8113,徒自妍聲,1
8114,自妍聲塵,1
8115,妍聲塵邈,1
8116,聲塵邈超,1
8117,塵邈超越,1
8118,邈超越比,1
8119,超越比興,1
8120,越比興起,1
8121,比興起孤,1
8122,興起孤絕,1
8123,起孤絕始,1
8124,孤絕始信,1
8125,絕始信郢,1
8126,始信郢中,1
8127,信郢中人,1
8128,郢中人乃,1
8129,中人乃能,1
8130,人乃能歌,1
8131,乃能歌白,1
8132,能歌白雪,1
8133,歌白雪跂,1
8134,白雪跂予,1
8135,雪跂予北,1
8136,跂予北堂,1
8137,予北堂夜,1
8138,北堂夜搖,1
8139,堂夜搖筆,1
8140,夜搖筆酬,1
8141,搖筆酬明,1
8142,筆酬明哲,1
8143,酬明哲綠,1
8144,明哲綠竹,1
8145,哲綠竹動,1
8146,綠竹動清,1
8147,竹動清風,1
8148,動清風層,1
8149,清風層軒,1
8150,風層軒靜,1
8151,層軒靜華,1
8152,軒靜華月,1
8153,靜華月想,1
8154,華月想像,1
8155,月想像南,1
8156,想像南山,1
8157,像南山下,1
8158,南山下恬,1
8159,山下恬然,1
8160,下恬然謝,1
8161,恬然謝朝,1
8162,然謝朝列,1
8163,謝朝列猶,1
8164,朝列猶恐,1
8165,列猶恐鶗,1
8166,猶恐鶗鴂,1
8167,恐鶗鴂鳴,1
8168,鶗鴂鳴坐,1
8169,鴂鳴坐看,1
8170,鳴坐看芳,1
8171,坐看芳草,1
8172,看芳草歇,1
8173,芳草歇邀,1
8174,草歇邀以,1
8175,歇邀以青,1
8176,邀以青松,1
8177,以青松色,1
8178,青松色同,1
8179,松色同之,1
8180,色同之白,1
8181,同之白華,1
8182,之白華潔,1
8183,白華潔永,1
8184,華潔永願,1
8185,潔永願登,1
8186,永願登龍,1
8187,願登龍門,1
8188,登龍門相,1
8189,龍門相將,1
8190,門相將持,1
8191,相將持此,1
8192,將持此節,1
8193,持此節僕,1
8194,此節僕人,1
8195,節僕人理,1
8196,僕人理車,1
8197,人理車騎,1
8198,理車騎西,1
8199,車騎西出,1
8200,騎西出金,1
8201,西出金光,1
8202,出金光逵,1
8203,金光逵蒼,1
8204,光逵蒼蒼,1
8205,逵蒼蒼白,1
8206,蒼蒼白帝,1
8207,蒼白帝郊,1
8208,白帝郊我,1
8209,帝郊我將,1
8210,郊我將游,1
8211,我將游靈,1
8212,將游靈池,1
8213,游靈池太,1
8214,靈池太陰,1
8215,池太陰連,1
8216,太陰連晦,1
8217,陰連晦朔,1
8218,連晦朔雨,1
8219,晦朔雨與,1
8220,朔雨與天,1
8221,雨與天根,1
8222,與天根違,1
8223,天根違淒,1
8224,根違淒風,1
8225,違淒風披,1
8226,淒風披田,1
8227,風披田原,1
8228,披田原橫,1
8229,田原橫汙,1
8230,原橫汙益,1
8231,橫汙益山,1
8232,汙益山陂,1
8233,益山陂農,1
8234,山陂農畯,1
8235,陂農畯盡,1
8236,農畯盡顛,1
8237,畯盡顛沛,1
8238,盡顛沛顧,1
8239,顛沛顧望,1
8240,沛顧望稼,1
8241,顧望稼穡,1
8242,望稼穡悲,1
8243,稼穡悲皇,1
8244,穡悲皇靈,1
8245,悲皇靈惻,1
8246,皇靈惻群,1
8247,靈惻群甿,1
8248,惻群甿神,1
8249,群甿神政,1
8250,甿神政張,1
8251,神政張天,1
8252,政張天維,1
8253,張天維坤,1
8254,天維坤紀,1
8255,維坤紀戮,1
8256,坤紀戮屏,1
8257,紀戮屏翳,1
8258,戮屏翳元,1
8259,屏翳元綱,1
8260,翳元綱扶,1
8261,元綱扶逶,1
8262,綱扶逶迤,1
8263,扶逶迤回,1
8264,逶迤回塘,1
8265,迤回塘清,1
8266,回塘清滄,1
8267,塘清滄流,1
8268,清滄流大,1
8269,滄流大曜,1
8270,流大曜懸,1
8271,大曜懸金,1
8272,曜懸金暉,1
8273,懸金暉秋,1
8274,金暉秋色,1
8275,暉秋色浮,1
8276,秋色浮渾,1
8277,色浮渾沌,1
8278,浮渾沌清,1
8279,渾沌清光,1
8280,沌清光隨,1
8281,清光隨漣,1
8282,光隨漣漪,1
8283,隨漣漪豫,1
8284,漣漪豫章,1
8285,漪豫章盡,1
8286,豫章盡莓,1
8287,章盡莓苔,1
8288,盡莓苔柳,1
8289,莓苔柳杞,1
8290,苔柳杞成,1
8291,柳杞成枯,1
8292,杞成枯枝,1
8293,成枯枝驟,1
8294,枯枝驟聞,1
8295,枝驟聞漢,1
8296,驟聞漢天,1
8297,聞漢天子,1
8298,漢天子征,1
8299,天子征彼,1
8300,子征彼西,1
8301,征彼西南,1
8302,彼西南夷,1
8303,西南夷伐,1
8304,南夷伐棘,1
8305,夷伐棘開,1
8306,伐棘開洪,1
8307,棘開洪淵,1
8308,開洪淵秉,1
8309,洪淵秉旄,1
8310,淵秉旄訓,1
8311,秉旄訓我,1
8312,旄訓我師,1
8313,訓我師震,1
8314,我師震雲,1
8315,師震雲靈,1
8316,震雲靈鼉,1
8317,雲靈鼉鼓,1
8318,靈鼉鼓照,1
8319,鼉鼓照水,1
8320,鼓照水蛟,1
8321,照水蛟龍,1
8322,水蛟龍旗,1
8323,蛟龍旗銳,1
8324,龍旗銳士,1
8325,旗銳士千,1
8326,銳士千萬,1
8327,士千萬人,1
8328,千萬人猛,1
8329,萬人猛氣,1
8330,人猛氣如,1
8331,猛氣如熊,1
8332,氣如熊羆,1
8333,如熊羆刑,1
8334,熊羆刑罰,1
8335,羆刑罰一,1
8336,刑罰一以,1
8337,罰一以正,1
8338,一以正干,1
8339,以正干戈,1
8340,正干戈自,1
8341,干戈自有,1
8342,戈自有儀,1
8343,自有儀坐,1
8344,有儀坐作,1
8345,儀坐作河,1
8346,坐作河漢,1
8347,作河漢傾,1
8348,河漢傾進,1
8349,漢傾進退,1
8350,傾進退樓,1
8351,進退樓船,1
8352,退樓船飛,1
8353,樓船飛羽,1
8354,船飛羽發,1
8355,飛羽發鴻,1
8356,羽發鴻雁,1
8357,發鴻雁落,1
8358,鴻雁落檜,1
8359,雁落檜動,1
8360,落檜動芙,1
8361,檜動芙蓉,1
8362,動芙蓉披,1
8363,芙蓉披峨,1
8364,蓉披峨峨,1
8365,披峨峨三,1
8366,峨峨三雲,1
8367,峨三雲宮,1
8368,三雲宮肅,1
8369,雲宮肅肅,1
8370,宮肅肅振,1
8371,肅肅振旅,1
8372,肅振旅歸,1
8373,振旅歸惡,1
8374,旅歸惡德,1
8375,歸惡德忽,1
8376,惡德忽小,1
8377,德忽小丑,1
8378,忽小丑器,1
8379,小丑器用,1
8380,丑器用窮,1
8381,器用窮地,1
8382,用窮地貲,1
8383,窮地貲上,1
8384,地貲上兵,1
8385,貲上兵貴,1
8386,上兵貴伐,1
8387,兵貴伐謀,1
8388,貴伐謀此,1
8389,伐謀此道,1
8390,謀此道不,1
8391,此道不能,1
8392,道不能為,1
8393,不能為籲,1
8394,能為籲哉,1
8395,為籲哉蒸,1
8396,籲哉蒸人,1
8397,哉蒸人苦,1
8398,蒸人苦始,1
8399,人苦始曰,1
8400,苦始曰征,1
8401,始曰征伐,1
8402,曰征伐非,1
8403,征伐非穆,1
8404,伐非穆穆,1
8405,非穆穆軒,1
8406,穆穆軒轅,1
8407,穆軒轅朝,1
8408,軒轅朝耀,1
8409,轅朝耀德,1
8410,朝耀德守,1
8411,耀德守方,1
8412,德守方陲,1
8413,守方陲君,1
8414,方陲君臣,1
8415,陲君臣日,1
8416,君臣日安,1
8417,臣日安閒,1
8418,日安閒遠,1
8419,安閒遠近,1
8420,閒遠近無,1
8421,遠近無怨,1
8422,近無怨思,1
8423,無怨思石,1
8424,怨思石鯨,1
8425,思石鯨既,1
8426,石鯨既蹭,1
8427,鯨既蹭蹬,1
8428,既蹭蹬女,1
8429,蹭蹬女牛,1
8430,蹬女牛亦,1
8431,女牛亦流,1
8432,牛亦流離,1
8433,亦流離猵,1
8434,流離猵獺,1
8435,離猵獺遊,1
8436,猵獺遊渚,1
8437,獺遊渚隅,1
8438,遊渚隅葭,1
8439,渚隅葭蘆,1
8440,隅葭蘆生,1
8441,葭蘆生漘,1
8442,蘆生漘湄,1
8443,生漘湄坎,1
8444,漘湄坎埳,1
8445,湄坎埳四,1
8446,坎埳四十,1
8447,埳四十裏,1
8448,四十裏填,1
8449,十裏填遊,1
8450,裏填遊今,1
8451,填遊今已,1
8452,遊今已微,1
8453,今已微江,1
8454,已微江伯,1
8455,微江伯方,1
8456,江伯方翱,1
8457,伯方翱翔,1
8458,方翱翔天,1
8459,翱翔天吳,1
8460,翔天吳亟,1
8461,天吳亟往,1
8462,吳亟往來,1
8463,亟往來桑,1
8464,往來桑榆,1
8465,來桑榆慘,1
8466,桑榆慘無,1
8467,榆慘無色,1
8468,慘無色佇,1
8469,無色佇立,1
8470,色佇立暮,1
8471,佇立暮霏,1
8472,立暮霏霏,1
8473,暮霏霏老,1
8474,霏霏老幼,1
8475,霏老幼樵,1
8476,老幼樵木,1
8477,幼樵木還,1
8478,樵木還賓,1
8479,木還賓從,1
8480,還賓從回,1
8481,賓從回鞿,1
8482,從回鞿羈,1
8483,回鞿羈帝,1
8484,鞿羈帝夢,1
8485,羈帝夢鮮,1
8486,帝夢鮮魚,1
8487,夢鮮魚索,1
8488,鮮魚索明,1
8489,魚索明月,1
8490,索明月當,1
8491,明月當報,1
8492,月當報時,1
8493,當報時金,1
8494,報時金祠,1
8495,時金祠起,1
8496,金祠起真,1
8497,祠起真宇,1
8498,起真宇直,1
8499,真宇直上,1
8500,宇直上青,1
8501,直上青雲,1
8502,上青雲垂,1
8503,青雲垂地,1
8504,雲垂地靜,1
8505,垂地靜我,1
8506,地靜我亦,1
8507,靜我亦閑,1
8508,我亦閑登,1
8509,亦閑登之,1
8510,閑登之秋,1
8511,登之秋清,1
8512,之秋清時,1
8513,秋清時蒼,1
8514,清時蒼蕪,1
8515,時蒼蕪宜,1
8516,蒼蕪宜春,1
8517,蕪宜春苑,1
8518,宜春苑片,1
8519,春苑片碧,1
8520,苑片碧昆,1
8521,片碧昆明,1
8522,碧昆明池,1
8523,昆明池誰,1
8524,明池誰道,1
8525,池誰道天,1
8526,誰道天漢,1
8527,道天漢高,1
8528,天漢高逍,1
8529,漢高逍遙,1
8530,高逍遙方,1
8531,逍遙方在,1
8532,遙方在茲,1
8533,方在茲虛,1
8534,在茲虛形,1
8535,茲虛形賓,1
8536,虛形賓太,1
8537,形賓太極,1
8538,賓太極攜,1
8539,太極攜手,1
8540,極攜手行,1
8541,攜手行翠,1
8542,手行翠微,1
8543,行翠微雷,1
8544,翠微雷雨,1
8545,微雷雨傍,1
8546,雷雨傍杳,1
8547,雨傍杳冥,1
8548,傍杳冥鬼,1
8549,杳冥鬼神,1
8550,冥鬼神中,1
8551,鬼神中躨,1
8552,神中躨跜,1
8553,中躨跜靈,1
8554,躨跜靈變,1
8555,跜靈變在,1
8556,靈變在倏,1
8557,變在倏忽,1
8558,在倏忽莫,1
8559,倏忽莫能,1
8560,忽莫能窮,1
8561,莫能窮天,1
8562,能窮天涯,1
8563,窮天涯冠,1
8564,天涯冠上,1
8565,涯冠上閶,1
8566,冠上閶闔,1
8567,上閶闔開,1
8568,閶闔開履,1
8569,闔開履下,1
8570,開履下鴻,1
8571,履下鴻雁,1
8572,下鴻雁飛,1
8573,鴻雁飛宮,1
8574,雁飛宮室,1
8575,飛宮室低,1
8576,宮室低邐,1
8577,室低邐迤,1
8578,低邐迤群,1
8579,邐迤群山,1
8580,迤群山小,1
8581,群山小參,1
8582,山小參差,1
8583,小參差俯,1
8584,參差俯仰,1
8585,差俯仰宇,1
8586,俯仰宇宙,1
8587,仰宇宙空,1
8588,宇宙空庶,1
8589,宙空庶隨,1
8590,空庶隨了,1
8591,庶隨了義,1
8592,隨了義歸,1
8593,了義歸崱,1
8594,義歸崱屴,1
8595,歸崱屴非,1
8596,崱屴非大,1
8597,屴非大廈,1
8598,非大廈久,1
8599,大廈久居,1
8600,廈久居亦,1
8601,久居亦以,1
8602,居亦以危,1
8603,亦以危天,1
8604,以危天靜,1
8605,危天靜終,1
8606,天靜終南,1
8607,靜終南高,1
8608,終南高俯,1
8609,南高俯映,1
8610,高俯映江,1
8611,俯映江水,1
8612,映江水明,1
8613,江水明有,1
8614,水明有若,1
8615,明有若蓬,1
8616,有若蓬萊,1
8617,若蓬萊下,1
8618,蓬萊下淺,1
8619,萊下淺深,1
8620,下淺深見,1
8621,淺深見澄,1
8622,深見澄瀛,1
8623,見澄瀛群,1
8624,澄瀛群峰,1
8625,瀛群峰懸,1
8626,群峰懸中,1
8627,峰懸中流,1
8628,懸中流石,1
8629,中流石壁,1
8630,流石壁如,1
8631,石壁如瑤,1
8632,壁如瑤瓊,1
8633,如瑤瓊魚,1
8634,瑤瓊魚龍,1
8635,瓊魚龍隱,1
8636,魚龍隱蒼,1
8637,龍隱蒼翠,1
8638,隱蒼翠鳥,1
8639,蒼翠鳥獸,1
8640,翠鳥獸遊,1
8641,鳥獸遊清,1
8642,獸遊清泠,1
8643,遊清泠菰,1
8644,清泠菰蒲,1
8645,泠菰蒲林,1
8646,菰蒲林下,1
8647,蒲林下秋,1
8648,林下秋薜,1
8649,下秋薜荔,1
8650,秋薜荔波,1
8651,薜荔波中,1
8652,荔波中輕,1
8653,波中輕山,1
8654,中輕山戛,1
8655,輕山戛浴,1
8656,山戛浴蘭,1
8657,戛浴蘭址,1
8658,浴蘭址水,1
8659,蘭址水若,1
8660,址水若居,1
8661,水若居雲,1
8662,若居雲屏,1
8663,居雲屏嵐,1
8664,雲屏嵐氣,1
8665,屏嵐氣浮,1
8666,嵐氣浮渚,1
8667,氣浮渚宮,1
8668,浮渚宮孤,1
8669,渚宮孤光,1
8670,宮孤光隨,1
8671,孤光隨曜,1
8672,光隨曜靈,1
8673,隨曜靈陰,1
8674,曜靈陰陰,1
8675,靈陰陰豫,1
8676,陰陰豫章,1
8677,陰豫章館,1
8678,豫章館宛,1
8679,章館宛宛,1
8680,館宛宛百,1
8681,宛宛百花,1
8682,宛百花亭,1
8683,百花亭大,1
8684,花亭大君,1
8685,亭大君及,1
8686,大君及群,1
8687,君及群臣,1
8688,及群臣宴,1
8689,群臣宴樂,1
8690,臣宴樂方,1
8691,宴樂方嚶,1
8692,樂方嚶鳴,1
8693,方嚶鳴吾,1
8694,嚶鳴吾党,1
8695,鳴吾党二,1
8696,吾党二三,1
8697,党二三子,1
8698,二三子蕭,1
8699,三子蕭辰,1
8700,子蕭辰怡,1
8701,蕭辰怡性,1
8702,辰怡性情,1
8703,怡性情逍,1
8704,性情逍遙,1
8705,情逍遙滄,1
8706,逍遙滄洲,1
8707,遙滄洲時,1
8708,滄洲時乃,1
8709,洲時乃在,1
8710,時乃在長,1
8711,乃在長安,1
8712,在長安城,1
8713,長安城昆,1
8714,安城昆明,1
8715,城昆明濱,1
8716,昆明濱滇,1
8717,明濱滇池,1
8718,濱滇池蠢,1
8719,滇池蠢爾,1
8720,池蠢爾敢,1
8721,蠢爾敢逆,1
8722,爾敢逆常,1
8723,敢逆常天,1
8724,逆常天星,1
8725,常天星耀,1
8726,天星耀鈇,1
8727,星耀鈇鑕,1
8728,耀鈇鑕吊,1
8729,鈇鑕吊彼,1
8730,鑕吊彼西,1
8731,吊彼西南,1
8732,彼西南方,1
8733,西南方塚,1
8734,南方塚宰,1
8735,方塚宰統,1
8736,塚宰統元,1
8737,宰統元戎,1
8738,統元戎太,1
8739,元戎太守,1
8740,戎太守齒,1
8741,太守齒軍,1
8742,守齒軍行,1
8743,齒軍行囊,1
8744,軍行囊括,1
8745,行囊括千,1
8746,囊括千萬,1
8747,括千萬里,1
8748,千萬里矢,1
8749,萬里矢謨,1
8750,里矢謨在,1
8751,矢謨在廟,1
8752,謨在廟堂,1
8753,在廟堂耀,1
8754,廟堂耀耀,1
8755,堂耀耀金,1
8756,耀耀金虎,1
8757,耀金虎符,1
8758,金虎符一,1
8759,虎符一息,1
8760,符一息到,1
8761,一息到炎,1
8762,息到炎荒,1
8763,到炎荒搜,1
8764,炎荒搜兵,1
8765,荒搜兵自,1
8766,搜兵自交,1
8767,兵自交趾,1
8768,自交趾茇,1
8769,交趾茇舍,1
8770,趾茇舍出,1
8771,茇舍出瀘,1
8772,舍出瀘陽,1
8773,出瀘陽群,1
8774,瀘陽群山,1
8775,陽群山高,1
8776,群山高嶄,1
8777,山高嶄岩,1
8778,高嶄岩淩,1
8779,嶄岩淩越,1
8780,岩淩越如,1
8781,淩越如鳥,1
8782,越如鳥翔,1
8783,如鳥翔封,1
8784,鳥翔封豕,1
8785,翔封豕驟,1
8786,封豕驟跧,1
8787,豕驟跧伏,1
8788,驟跧伏巨,1
8789,跧伏巨象,1
8790,伏巨象遙,1
8791,巨象遙披,1
8792,象遙披攘,1
8793,遙披攘回,1
8794,披攘回溪,1
8795,攘回溪深,1
8796,回溪深天,1
8797,溪深天淵,1
8798,深天淵揭,1
8799,天淵揭厲,1
8800,淵揭厲逾,1
8801,揭厲逾舟,1
8802,厲逾舟梁,1
8803,逾舟梁玄,1
8804,舟梁玄武,1
8805,梁玄武掃,1
8806,玄武掃孤,1
8807,武掃孤蜮,1
8808,掃孤蜮蛟,1
8809,孤蜮蛟龍,1
8810,蜮蛟龍除,1
8811,蛟龍除方,1
8812,龍除方良,1
8813,除方良雷,1
8814,方良雷霆,1
8815,良雷霆隨,1
8816,雷霆隨神,1
8817,霆隨神兵,1
8818,隨神兵硼,1
8819,神兵硼磕,1
8820,兵硼磕動,1
8821,硼磕動穹,1
8822,磕動穹蒼,1
8823,動穹蒼斬,1
8824,穹蒼斬伐,1
8825,蒼斬伐若,1
8826,斬伐若草,1
8827,伐若草木,1
8828,若草木系,1
8829,草木系縲,1
8830,木系縲同,1
8831,系縲同犬,1
8832,縲同犬羊,1
8833,同犬羊餘,1
8834,犬羊餘醜,1
8835,羊餘醜隱,1
8836,餘醜隱弭,1
8837,醜隱弭河,1
8838,隱弭河啁,1
8839,弭河啁啾,1
8840,河啁啾亂,1
8841,啁啾亂行,1
8842,啾亂行藏,1
8843,亂行藏君,1
8844,行藏君子,1
8845,藏君子惡,1
8846,君子惡薄,1
8847,子惡薄險,1
8848,惡薄險王,1
8849,薄險王師,1
8850,險王師恥,1
8851,王師恥重,1
8852,師恥重傷,1
8853,恥重傷廣,1
8854,重傷廣車,1
8855,傷廣車設,1
8856,廣車設罝,1
8857,車設罝梁,1
8858,設罝梁太,1
8859,罝梁太白,1
8860,梁太白收,1
8861,太白收光,1
8862,白收光芒,1
8863,收光芒邊,1
8864,光芒邊吏,1
8865,芒邊吏靜,1
8866,邊吏靜縣,1
8867,吏靜縣道,1
8868,靜縣道新,1
8869,縣道新書,1
8870,道新書行,1
8871,新書行紀,1
8872,書行紀綱,1
8873,行紀綱劍,1
8874,紀綱劍關,1
8875,綱劍關掉,1
8876,劍關掉鞅,1
8877,關掉鞅歸,1
8878,掉鞅歸武,1
8879,鞅歸武弁,1
8880,歸武弁朝,1
8881,武弁朝建,1
8882,弁朝建章,1
8883,朝建章龍,1
8884,建章龍樓,1
8885,章龍樓加,1
8886,龍樓加命,1
8887,樓加命服,1
8888,加命服獬,1
8889,命服獬豸,1
8890,服獬豸擁,1
8891,獬豸擁秋,1
8892,豸擁秋霜,1
8893,擁秋霜邦,1
8894,秋霜邦人,1
8895,霜邦人頌,1
8896,邦人頌靈,1
8897,人頌靈旗,1
8898,頌靈旗側,1
8899,靈旗側聽,1
8900,旗側聽何,1
8901,側聽何洋,1
8902,聽何洋洋,1
8903,何洋洋京,1
8904,洋洋京觀,1
8905,洋京觀在,1
8906,京觀在七,1
8907,觀在七德,1
8908,在七德休,1
8909,七德休哉,1
8910,德休哉我,1
8911,休哉我神,1
8912,哉我神皇,1
8913,我神皇天,1
8914,神皇天卿,1
8915,皇天卿小,1
8916,天卿小塚,1
8917,卿小塚宰,1
8918,小塚宰道,1
8919,塚宰道大,1
8920,宰道大名,1
8921,道大名亦,1
8922,大名亦大,1
8923,名亦大醜,1
8924,亦大醜正,1
8925,大醜正在,1
8926,醜正在權,1
8927,正在權臣,1
8928,在權臣建,1
8929,權臣建旟,1
8930,臣建旟千,1
8931,建旟千裏,1
8932,旟千裏外,1
8933,千裏外楚,1
8934,裏外楚山,1
8935,外楚山俯,1
8936,楚山俯江,1
8937,山俯江漢,1
8938,俯江漢汴,1
8939,江漢汴水,1
8940,漢汴水連,1
8941,汴水連譙,1
8942,水連譙沛,1
8943,連譙沛兩,1
8944,譙沛兩持,1
8945,沛兩持方,1
8946,兩持方伯,1
8947,持方伯珪,1
8948,方伯珪再,1
8949,伯珪再轉,1
8950,珪再轉諸,1
8951,再轉諸侯,1
8952,轉諸侯蓋,1
8953,諸侯蓋恬,1
8954,侯蓋恬淡,1
8955,蓋恬淡輕,1
8956,恬淡輕黜,1
8957,淡輕黜陟,1
8958,輕黜陟優,1
8959,黜陟優遊,1
8960,陟優遊邈,1
8961,優遊邈千,1
8962,遊邈千載,1
8963,邈千載幹,1
8964,千載幹象,1
8965,載幹象變,1
8966,幹象變台,1
8967,象變台衡,1
8968,變台衡群,1
8969,台衡群賢,1
8970,衡群賢盡,1
8971,群賢盡交,1
8972,賢盡交泰,1
8973,盡交泰聿,1
8974,交泰聿徠,1
8975,泰聿徠股,1
8976,聿徠股肱,1
8977,徠股肱郡,1
8978,股肱郡河,1
8979,肱郡河嶽,1
8980,郡河嶽即,1
8981,河嶽即襟,1
8982,嶽即襟帶,1
8983,即襟帶盛,1
8984,襟帶盛德,1
8985,帶盛德滋,1
8986,盛德滋冀,1
8987,德滋冀方,1
8988,滋冀方仁,1
8989,冀方仁風,1
8990,方仁風清,1
8991,仁風清汾,1
8992,風清汾澮,1
8993,清汾澮四,1
8994,汾澮四封,1
8995,澮四封盡,1
8996,四封盡高,1
8997,封盡高足,1
8998,盡高足相,1
8999,高足相府,1
9000,足相府軺,1
9001,相府軺車,1
9002,府軺車最,1
9003,軺車最超,1
9004,車最超超,1
9005,最超超青,1
9006,超超青雲,1
9007,超青雲器,1
9008,青雲器婉,1
9009,雲器婉婉,1
9010,器婉婉竹,1
9011,婉婉竹林,1
9012,婉竹林會,1
9013,竹林會賤,1
9014,林會賤士,1
9015,會賤士敢,1
9016,賤士敢知,1
9017,士敢知言,1
9018,敢知言成,1
9019,知言成頌,1
9020,言成頌文,1
9021,成頌文明,1
9022,頌文明代,1
9023,文明代燕,1
9024,明代燕雀,1
9025,代燕雀依,1
9026,燕雀依大,1
9027,雀依大廈,1
9028,依大廈期,1
9029,大廈期之,1
9030,廈期之保,1
9031,期之保貞,1
9032,之保貞悔,1
9033,保貞悔生,1
9034,貞悔生理,1
9035,悔生理無,1
9036,生理無不,1
9037,理無不盡,1
9038,無不盡念,1
9039,不盡念君,1
9040,盡念君在,1
9041,念君在中,1
9042,君在中年,1
9043,在中年遊,1
9044,中年遊道,1
9045,年遊道雖,1
9046,遊道雖未,1
9047,道雖未深,1
9048,雖未深舉,1
9049,未深舉世,1
9050,深舉世莫,1
9051,舉世莫能,1
9052,世莫能賢,1
9053,莫能賢筮,1
9054,能賢筮仕,1
9055,賢筮仕苦,1
9056,筮仕苦貧,1
9057,仕苦貧賤,1
9058,苦貧賤為,1
9059,貧賤為客,1
9060,賤為客少,1
9061,為客少田,1
9062,客少田園,1
9063,少田園膏,1
9064,田園膏腴,1
9065,園膏腴不,1
9066,膏腴不可,1
9067,腴不可求,1
9068,不可求乃,1
9069,可求乃在,1
9070,求乃在許,1
9071,乃在許西,1
9072,在許西偏,1
9073,許西偏四,1
9074,西偏四鄰,1
9075,偏四鄰盡,1
9076,四鄰盡桑,1
9077,鄰盡桑柘,1
9078,盡桑柘咫,1
9079,桑柘咫尺,1
9080,柘咫尺開,1
9081,咫尺開牆,1
9082,尺開牆垣,1
9083,開牆垣內,1
9084,牆垣內艱,1
9085,垣內艱未,1
9086,內艱未及,1
9087,艱未及虞,1
9088,未及虞形,1
9089,及虞形影,1
9090,虞形影隨,1
9091,形影隨化,1
9092,影隨化遷,1
9093,隨化遷茅,1
9094,化遷茅茨,1
9095,遷茅茨俯,1
9096,茅茨俯苫,1
9097,茨俯苫蓋,1
9098,俯苫蓋雙,1
9099,苫蓋雙殯,1
9100,蓋雙殯兩,1
9101,雙殯兩楹,1
9102,殯兩楹間,1
9103,兩楹間時,1
9104,楹間時聞,1
9105,間時聞孤,1
9106,時聞孤女,1
9107,聞孤女號,1
9108,孤女號迥,1
9109,女號迥出,1
9110,號迥出陌,1
9111,迥出陌與,1
9112,出陌與阡,1
9113,陌與阡慈,1
9114,與阡慈烏,1
9115,阡慈烏亂,1
9116,慈烏亂飛,1
9117,烏亂飛鳴,1
9118,亂飛鳴猛,1
9119,飛鳴猛獸,1
9120,鳴猛獸亦,1
9121,猛獸亦以,1
9122,獸亦以跧,1
9123,亦以跧故,1
9124,以跧故人,1
9125,跧故人王,1
9126,故人王夫,1
9127,人王夫子,1
9128,王夫子靜,1
9129,夫子靜念,1
9130,子靜念無,1
9131,靜念無生,1
9132,念無生篇,1
9133,無生篇哀,1
9134,生篇哀樂,1
9135,篇哀樂久,1
9136,哀樂久已,1
9137,樂久已絕,1
9138,久已絕聞,1
9139,已絕聞之,1
9140,絕聞之將,1
9141,聞之將泫,1
9142,之將泫然,1
9143,將泫然太,1
9144,泫然太陽,1
9145,然太陽蔽,1
9146,太陽蔽空,1
9147,陽蔽空虛,1
9148,蔽空虛雨,1
9149,空虛雨雪,1
9150,虛雨雪浮,1
9151,雨雪浮蒼,1
9152,雪浮蒼山,1
9153,浮蒼山迢,1
9154,蒼山迢遞,1
9155,山迢遞親,1
9156,迢遞親靈,1
9157,遞親靈櫬,1
9158,親靈櫬顧,1
9159,靈櫬顧予,1
9160,櫬顧予悲,1
9161,顧予悲絕,1
9162,予悲絕弦,1
9163,悲絕弦處,1
9164,絕弦處順,1
9165,弦處順與,1
9166,處順與安,1
9167,順與安時,1
9168,與安時及,1
9169,安時及此,1
9170,時及此乃,1
9171,及此乃空,1
9172,此乃空言,1
9173,乃空言赫,1
9174,空言赫赫,1
9175,言赫赫明,1
9176,赫赫明天,1
9177,赫明天子,1
9178,明天子翹,1
9179,天子翹翹,1
9180,子翹翹群,1
9181,翹翹群秀,1
9182,翹群秀才,1
9183,群秀才昭,1
9184,秀才昭昭,1
9185,才昭昭皇,1
9186,昭昭皇宇,1
9187,昭皇宇廣,1
9188,皇宇廣隱,1
9189,宇廣隱隱,1
9190,廣隱隱雲,1
9191,隱隱雲門,1
9192,隱雲門開,1
9193,雲門開搖,1
9194,門開搖曳,1
9195,開搖曳君,1
9196,搖曳君初,1
9197,曳君初起,1
9198,君初起聯,1
9199,初起聯翩,1
9200,起聯翩予,1
9201,聯翩予複,1
9202,翩予複來,1
9203,予複來茲,1
9204,複來茲年,1
9205,來茲年不,1
9206,茲年不得,1
9207,年不得意,1
9208,不得意相,1
9209,得意相命,1
9210,意相命遊,1
9211,相命遊靈,1
9212,命遊靈台,1
9213,遊靈台驊,1
9214,靈台驊騮,1
9215,台驊騮多,1
9216,驊騮多逸,1
9217,騮多逸氣,1
9218,多逸氣琳,1
9219,逸氣琳琅,1
9220,氣琳琅有,1
9221,琳琅有清,1
9222,琅有清響,1
9223,有清響聯,1
9224,清響聯行,1
9225,響聯行擊,1
9226,聯行擊水,1
9227,行擊水飛,1
9228,擊水飛獨,1
9229,水飛獨影,1
9230,飛獨影淩,1
9231,獨影淩虛,1
9232,影淩虛上,1
9233,淩虛上關,1
9234,虛上關河,1
9235,上關河施,1
9236,關河施芳,1
9237,河施芳聽,1
9238,施芳聽江,1
9239,芳聽江海,1
9240,聽江海徼,1
9241,江海徼新,1
9242,海徼新賞,1
9243,徼新賞斂,1
9244,新賞斂衽,1
9245,賞斂衽歸,1
9246,斂衽歸故,1
9247,衽歸故山,1
9248,歸故山敷,1
9249,故山敷言,1
9250,山敷言播,1
9251,敷言播天,1
9252,言播天壤,1
9253,播天壤雲,1
9254,天壤雲峰,1
9255,壤雲峰雖,1
9256,雲峰雖有,1
9257,峰雖有異,1
9258,雖有異楚,1
9259,有異楚越,1
9260,異楚越幸,1
9261,楚越幸相,1
9262,越幸相親,1
9263,幸相親既,1
9264,相親既別,1
9265,親既別複,1
9266,既別複遊,1
9267,別複遊處,1
9268,複遊處道,1
9269,遊處道深,1
9270,處道深情,1
9271,道深情更,1
9272,深情更殷,1
9273,情更殷下,1
9274,更殷下愚,1
9275,殷下愚忝,1
9276,下愚忝聞,1
9277,愚忝聞見,1
9278,忝聞見上,1
9279,聞見上德,1
9280,見上德猶,1
9281,上德猶邅,1
9282,德猶邅迍,1
9283,猶邅迍偃,1
9284,邅迍偃仰,1
9285,迍偃仰東,1
9286,偃仰東城,1
9287,仰東城曲,1
9288,東城曲樓,1
9289,城曲樓遲,1
9290,曲樓遲依,1
9291,樓遲依水,1
9292,遲依水濱,1
9293,依水濱脫,1
9294,水濱脫巾,1
9295,濱脫巾從,1
9296,脫巾從會,1
9297,巾從會府,1
9298,從會府結,1
9299,會府結綬,1
9300,府結綬歸,1
9301,結綬歸海,1
9302,綬歸海裔,1
9303,歸海裔親,1
9304,海裔親知,1
9305,裔親知送,1
9306,親知送河,1
9307,知送河門,1
9308,送河門邦,1
9309,河門邦族,1
9310,門邦族迎,1
9311,邦族迎江,1
9312,族迎江澨,1
9313,迎江澨夫,1
9314,江澨夫子,1
9315,澨夫子安,1
9316,夫子安恬,1
9317,子安恬淡,1
9318,安恬淡他,1
9319,恬淡他人,1
9320,淡他人悵,1
9321,他人悵迢,1
9322,人悵迢遞,1
9323,悵迢遞飛,1
9324,迢遞飛艎,1
9325,遞飛艎既,1
9326,飛艎既眇,1
9327,艎既眇然,1
9328,既眇然洲,1
9329,眇然洲渚,1
9330,然洲渚徒,1
9331,洲渚徒虧,1
9332,渚徒虧蔽,1
9333,徒虧蔽人,1
9334,虧蔽人謀,1
9335,蔽人謀固,1
9336,人謀固無,1
9337,謀固無准,1
9338,固無准天,1
9339,無准天德,1
9340,准天德諒,1
9341,天德諒難,1
9342,德諒難知,1
9343,諒難知高,1
9344,難知高名,1
9345,知高名處,1
9346,高名處下,1
9347,名處下位,1
9348,處下位逸,1
9349,下位逸翮,1
9350,位逸翮棲,1
9351,逸翮棲卑,1
9352,翮棲卑枝,1
9353,棲卑枝去,1
9354,卑枝去去,1
9355,枝去去水,1
9356,去去水中,1
9357,去水中沚,1
9358,水中沚搖,1
9359,中沚搖搖,1
9360,沚搖搖天,1
9361,搖搖天一,1
9362,搖天一涯,1
9363,天一涯蓬,1
9364,一涯蓬壺,1
9365,涯蓬壺不,1
9366,蓬壺不可,1
9367,壺不可見,1
9368,不可見來,1
9369,可見來泛,1
9370,見來泛躍,1
9371,來泛躍龍,1
9372,泛躍龍池,1
9373,躍龍池江,1
9374,龍池江上,1
9375,池江上楓,1
9376,江上楓林,1
9377,上楓林秋,1
9378,楓林秋江,1
9379,林秋江中,1
9380,秋江中秋,1
9381,江中秋水,1
9382,中秋水流,1
9383,秋水流清,1
9384,水流清晨,1
9385,流清晨惜,1
9386,清晨惜分,1
9387,晨惜分袂,1
9388,惜分袂秋,1
9389,分袂秋日,1
9390,袂秋日尚,1
9391,秋日尚同,1
9392,日尚同舟,1
9393,尚同舟落,1
9394,同舟落潮,1
9395,舟落潮洗,1
9396,落潮洗魚,1
9397,潮洗魚浦,1
9398,洗魚浦傾,1
9399,魚浦傾荷,1
9400,浦傾荷枕,1
9401,傾荷枕驛,1
9402,荷枕驛樓,1
9403,枕驛樓明,1
9404,驛樓明年,1
9405,樓明年菊,1
9406,明年菊花,1
9407,年菊花熟,1
9408,菊花熟洛,1
9409,花熟洛東,1
9410,熟洛東泛,1
9411,洛東泛觴,1
9412,東泛觴遊,1
9413,泛觴遊衡,1
9414,觴遊衡山,1
9415,遊衡山法,1
9416,衡山法王,1
9417,山法王子,1
9418,法王子慧,1
9419,王子慧見,1
9420,子慧見息,1
9421,慧見息諸,1
9422,見息諸苦,1
9423,息諸苦落,1
9424,諸苦落發,1
9425,苦落發自,1
9426,落發自南,1
9427,發自南州,1
9428,自南州燕,1
9429,南州燕居,1
9430,州燕居在,1
9431,燕居在西,1
9432,居在西土,1
9433,在西土養,1
9434,西土養正,1
9435,土養正不,1
9436,養正不因,1
9437,正不因晦,1
9438,不因晦得,1
9439,因晦得中,1
9440,晦得中寧,1
9441,得中寧患,1
9442,中寧患旅,1
9443,寧患旅曠,1
9444,患旅曠然,1
9445,旅曠然長,1
9446,曠然長虛,1
9447,然長虛閑,1
9448,長虛閑即,1
9449,虛閑即理,1
9450,閑即理寄,1
9451,即理寄行,1
9452,理寄行補,1
9453,寄行補四,1
9454,行補四句,1
9455,補四句了,1
9456,四句了自,1
9457,句了自性,1
9458,了自性一,1
9459,自性一音,1
9460,性一音亦,1
9461,一音亦非,1
9462,音亦非取,1
9463,亦非取橘,1
9464,非取橘柚,1
9465,取橘柚故,1
9466,橘柚故園,1
9467,柚故園枝,1
9468,故園枝隨,1
9469,園枝隨人,1
9470,枝隨人植,1
9471,隨人植庭,1
9472,人植庭戶,1
9473,植庭戶我,1
9474,庭戶我地,1
9475,戶我地少,1
9476,我地少安,1
9477,地少安住,1
9478,少安住念,1
9479,安住念天,1
9480,住念天時,1
9481,念天時啟,1
9482,天時啟處,1
9483,時啟處憲,1
9484,啟處憲卿,1
9485,處憲卿文,1
9486,憲卿文昌,1
9487,卿文昌歸,1
9488,文昌歸愉,1
9489,昌歸愉悅,1
9490,歸愉悅來,1
9491,愉悅來晤,1
9492,悅來晤語,1
9493,來晤語車,1
9494,晤語車騎,1
9495,語車騎踐,1
9496,車騎踐香,1
9497,騎踐香草,1
9498,踐香草僕,1
9499,香草僕人,1
9500,草僕人沐,1
9501,僕人沐花,1
9502,人沐花雨,1
9503,沐花雨長,1
9504,花雨長風,1
9505,雨長風散,1
9506,長風散繁,1
9507,風散繁雲,1
9508,散繁雲萬,1
9509,繁雲萬里,1
9510,雲萬里靜,1
9511,萬里靜天,1
9512,里靜天宇,1
9513,靜天宇起,1
9514,天宇起滅,1
9515,宇起滅信,1
9516,起滅信易,1
9517,滅信易覺,1
9518,信易覺清,1
9519,易覺清真,1
9520,覺清真知,1
9521,清真知有,1
9522,真知有所,1
9523,知有所逍,1
9524,有所逍遙,1
9525,所逍遙高,1
9526,逍遙高殿,1
9527,遙高殿陰,1
9528,高殿陰六,1
9529,殿陰六月,1
9530,陰六月無,1
9531,六月無炎,1
9532,月無炎暑,1
9533,無炎暑微,1
9534,炎暑微言,1
9535,暑微言發,1
9536,微言發新,1
9537,言發新偈,1
9538,發新偈粲,1
9539,新偈粲粲,1
9540,偈粲粲如,1
9541,粲粲如懸,1
9542,粲如懸圃,1
9543,如懸圃直,1
9544,懸圃直心,1
9545,圃直心視,1
9546,直心視惠,1
9547,心視惠光,1
9548,視惠光在,1
9549,惠光在此,1
9550,光在此大,1
9551,在此大法,1
9552,此大法鼓,1
9553,大法鼓烈,1
9554,法鼓烈風,1
9555,鼓烈風起,1
9556,烈風起江,1
9557,風起江漢,1
9558,起江漢白,1
9559,江漢白浪,1
9560,漢白浪忽,1
9561,白浪忽如,1
9562,浪忽如山,1
9563,忽如山方,1
9564,如山方伯,1
9565,山方伯驟,1
9566,方伯驟勤,1
9567,伯驟勤王,1
9568,驟勤王杞,1
9569,勤王杞人,1
9570,王杞人亦,1
9571,杞人亦憂,1
9572,人亦憂天,1
9573,亦憂天酆,1
9574,憂天酆鎬,1
9575,天酆鎬頃,1
9576,酆鎬頃霾,1
9577,鎬頃霾晦,1
9578,頃霾晦雲,1
9579,霾晦雲龍,1
9580,晦雲龍召,1
9581,雲龍召我,1
9582,龍召我賢,1
9583,召我賢車,1
9584,我賢車騎,1
9585,賢車騎北,1
9586,車騎北艱,1
9587,騎北艱苦,1
9588,北艱苦艅,1
9589,艱苦艅艎,1
9590,苦艅艎西,1
9591,艅艎西溯,1
9592,艎西溯沿,1
9593,西溯沿水,1
9594,溯沿水靈,1
9595,沿水靈靜,1
9596,水靈靜湍,1
9597,靈靜湍瀨,1
9598,靜湍瀨猛,1
9599,湍瀨猛獸,1
9600,瀨猛獸趨,1
9601,猛獸趨後,1
9602,獸趨後先,1
9603,趨後先龍,1
9604,後先龍樓,1
9605,先龍樓開,1
9606,龍樓開新,1
9607,樓開新陽,1
9608,開新陽萬,1
9609,新陽萬里,1
9610,陽萬里出,1
9611,萬里出雲,1
9612,里出雲間,1
9613,出雲間宇,1
9614,雲間宇宙,1
9615,間宇宙既,1
9616,宇宙既焜,1
9617,宙既焜耀,1
9618,既焜耀崇,1
9619,焜耀崇德,1
9620,耀崇德濟,1
9621,崇德濟巨,1
9622,德濟巨川,1
9623,濟巨川受,1
9624,巨川受命,1
9625,川受命在,1
9626,受命在神,1
9627,命在神宗,1
9628,在神宗振,1
9629,神宗振兵,1
9630,宗振兵猶,1
9631,振兵猶軒,1
9632,兵猶軒轅,1
9633,猶軒轅煌,1
9634,軒轅煌煌,1
9635,轅煌煌逾,1
9636,煌煌逾涿,1
9637,煌逾涿鹿,1
9638,逾涿鹿穆,1
9639,涿鹿穆穆,1
9640,鹿穆穆更,1
9641,穆穆更坤,1
9642,穆更坤元,1
9643,更坤元明,1
9644,坤元明王,1
9645,元明王朝,1
9646,明王朝太,1
9647,王朝太階,1
9648,朝太階遠,1
9649,太階遠邇,1
9650,階遠邇望,1
9651,遠邇望嘉,1
9652,邇望嘉言,1
9653,望嘉言遊,1
9654,嘉言遊子,1
9655,言遊子淡,1
9656,遊子淡何,1
9657,子淡何思,1
9658,淡何思江,1
9659,何思江湖,1
9660,思江湖將,1
9661,江湖將永,1
9662,湖將永年,1
9663,將永年直,1
9664,永年直道,1
9665,年直道時,1
9666,直道時莫,1
9667,道時莫親,1
9668,時莫親起,1
9669,莫親起羞,1
9670,親起羞見,1
9671,起羞見讒,1
9672,羞見讒口,1
9673,見讒口輿,1
9674,讒口輿人,1
9675,口輿人是,1
9676,輿人是非,1
9677,人是非怪,1
9678,是非怪西,1
9679,非怪西子,1
9680,怪西子言,1
9681,西子言有,1
9682,子言有咎,1
9683,言有咎誣,1
9684,有咎誣善,1
9685,咎誣善不,1
9686,誣善不足,1
9687,善不足悲,1
9688,不足悲失,1
9689,足悲失聽,1
9690,悲失聽一,1
9691,失聽一何,1
9692,聽一何醜,1
9693,一何醜大,1
9694,何醜大來,1
9695,醜大來敢,1
9696,大來敢遐,1
9697,來敢遐望,1
9698,敢遐望小,1
9699,遐望小往,1
9700,望小往且,1
9701,小往且虛,1
9702,往且虛受,1
9703,且虛受中,1
9704,虛受中夜,1
9705,受中夜囹,1
9706,中夜囹圄,1
9707,夜囹圄深,1
9708,囹圄深初,1
9709,圄深初秋,1
9710,深初秋縲,1
9711,初秋縲絏,1
9712,秋縲絏久,1
9713,縲絏久疏,1
9714,絏久疏螢,1
9715,久疏螢出,1
9716,疏螢出暗,1
9717,螢出暗草,1
9718,出暗草朔,1
9719,暗草朔風,1
9720,草朔風鳴,1
9721,朔風鳴衰,1
9722,風鳴衰柳,1
9723,鳴衰柳河,1
9724,衰柳河漢,1
9725,柳河漢低,1
9726,河漢低在,1
9727,漢低在戶,1
9728,低在戶蠨,1
9729,在戶蠨蛸,1
9730,戶蠨蛸垂,1
9731,蠨蛸垂向,1
9732,蛸垂向牖,1
9733,垂向牖雁,1
9734,向牖雁聲,1
9735,牖雁聲遠,1
9736,雁聲遠天,1
9737,聲遠天末,1
9738,遠天末涼,1
9739,天末涼氣,1
9740,末涼氣生,1
9741,涼氣生霽,1
9742,氣生霽後,1
9743,生霽後負,1
9744,霽後負戶,1
9745,後負戶愁,1
9746,負戶愁讀,1
9747,戶愁讀書,1
9748,愁讀書劍,1
9749,讀書劍光,1
9750,書劍光忿,1
9751,劍光忿沖,1
9752,光忿沖鬥,1
9753,忿沖鬥哀,1
9754,沖鬥哀哀,1
9755,鬥哀哀害,1
9756,哀哀害神,1
9757,哀害神理,1
9758,害神理惻,1
9759,神理惻惻,1
9760,理惻惻傷,1
9761,惻惻傷慈,1
9762,惻傷慈母,1
9763,傷慈母妻,1
9764,慈母妻子,1
9765,母妻子垂,1
9766,妻子垂涕,1
9767,子垂涕泣,1
9768,垂涕泣家,1
9769,涕泣家僮,1
9770,泣家僮日,1
9771,家僮日奔,1
9772,僮日奔走,1
9773,日奔走書,1
9774,奔走書詞,1
9775,走書詞苦,1
9776,書詞苦人,1
9777,詞苦人吏,1
9778,苦人吏饋,1
9779,人吏饋食,1
9780,吏饋食勞,1
9781,饋食勞交,1
9782,食勞交友,1
9783,勞交友寒,1
9784,交友寒服,1
9785,友寒服猶,1
9786,寒服猶未,1
9787,服猶未成,1
9788,猶未成繁,1
9789,未成繁霜,1
9790,成繁霜漸,1
9791,繁霜漸將,1
9792,霜漸將厚,1
9793,漸將厚吉,1
9794,將厚吉凶,1
9795,厚吉凶問,1
9796,吉凶問詹,1
9797,凶問詹尹,1
9798,問詹尹倚,1
9799,詹尹倚伏,1
9800,尹倚伏信,1
9801,倚伏信北,1
9802,伏信北叟,1
9803,信北叟鬼,1
9804,北叟鬼哭,1
9805,叟鬼哭知,1
9806,鬼哭知己,1
9807,哭知己冤,1
9808,知己冤鳥,1
9809,己冤鳥言,1
9810,冤鳥言誠,1
9811,鳥言誠所,1
9812,言誠所誘,1
9813,誠所誘諸,1
9814,所誘諸公,1
9815,誘諸公深,1
9816,諸公深惠,1
9817,公深惠愛,1
9818,深惠愛朝,1
9819,惠愛朝夕,1
9820,愛朝夕相,1
9821,朝夕相左,1
9822,夕相左右,1
9823,相左右束,1
9824,左右束濕,1
9825,右束濕雖,1
9826,束濕雖欲,1
9827,濕雖欲操,1
9828,雖欲操鉤,1
9829,欲操鉤金,1
9830,操鉤金庶,1
9831,鉤金庶無,1
9832,金庶無負,1
9833,庶無負傷,1
9834,無負傷羅,1
9835,負傷羅念,1
9836,傷羅念搖,1
9837,羅念搖翮,1
9838,念搖翮踠,1
9839,搖翮踠足,1
9840,翮踠足思,1
9841,踠足思驤,1
9842,足思驤首,1
9843,思驤首瑾,1
9844,驤首瑾瑜,1
9845,首瑾瑜頗,1
9846,瑾瑜頗匿,1
9847,瑜頗匿瑕,1
9848,頗匿瑕邦,1
9849,匿瑕邦國,1
9850,瑕邦國方,1
9851,邦國方含,1
9852,國方含垢,1
9853,方含垢眷,1
9854,含垢眷言,1
9855,垢眷言出,1
9856,眷言出深,1
9857,言出深阱,1
9858,出深阱永,1
9859,深阱永日,1
9860,阱永日常,1
9861,永日常攜,1
9862,日常攜手,1
9863,常攜手北,1
9864,攜手北伐,1
9865,手北伐昧,1
9866,北伐昧天,1
9867,伐昧天造,1
9868,昧天造王,1
9869,天造王師,1
9870,造王師示,1
9871,王師示有,1
9872,師示有征,1
9873,示有征轅,1
9874,有征轅門,1
9875,征轅門統,1
9876,轅門統元,1
9877,門統元律,1
9878,統元律帝,1
9879,元律帝室,1
9880,律帝室命,1
9881,帝室命宗,1
9882,室命宗英,1
9883,命宗英靈,1
9884,宗英靈威,1
9885,英靈威方,1
9886,靈威方首,1
9887,威方首事,1
9888,方首事仗,1
9889,首事仗鉞,1
9890,事仗鉞按,1
9891,仗鉞按邊,1
9892,鉞按邊城,1
9893,按邊城膏,1
9894,邊城膏雨,1
9895,城膏雨被,1
9896,膏雨被春,1
9897,雨被春草,1
9898,被春草黃,1
9899,春草黃雲,1
9900,草黃雲浮,1
9901,黃雲浮太,1
9902,雲浮太清,1
9903,浮太清文,1
9904,太清文儒,1
9905,清文儒托,1
9906,文儒托後,1
9907,儒托後乘,1
9908,托後乘武,1
9909,後乘武旅,1
9910,乘武旅趨,1
9911,武旅趨前,1
9912,旅趨前旌,1
9913,趨前旌出,1
9914,前旌出車,1
9915,旌出車發,1
9916,出車發西,1
9917,車發西洛,1
9918,發西洛營,1
9919,西洛營軍,1
9920,洛營軍臨,1
9921,營軍臨北,1
9922,軍臨北平,1
9923,臨北平曰,1
9924,北平曰予,1
9925,平曰予深,1
9926,曰予深固,1
9927,予深固陋,1
9928,深固陋志,1
9929,固陋志氣,1
9930,陋志氣頗,1
9931,志氣頗縱,1
9932,氣頗縱橫,1
9933,頗縱橫嘗,1
9934,縱橫嘗思,1
9935,橫嘗思驃,1
9936,嘗思驃騎,1
9937,思驃騎幕,1
9938,驃騎幕願,1
9939,騎幕願逐,1
9940,幕願逐嫖,1
9941,願逐嫖姚,1
9942,逐嫖姚兵,1
9943,嫖姚兵惟,1
9944,姚兵惟賢,1
9945,兵惟賢美,1
9946,惟賢美無,1
9947,賢美無度,1
9948,美無度海,1
9949,無度海內,1
9950,度海內依,1
9951,海內依揚,1
9952,內依揚聲,1
9953,依揚聲河,1
9954,揚聲河間,1
9955,聲河間舊,1
9956,河間舊相,1
9957,間舊相許,1
9958,舊相許車,1
9959,相許車騎,1
9960,許車騎日,1
9961,車騎日逢,1
9962,騎日逢迎,1
9963,日逢迎折,1
9964,逢迎折節,1
9965,迎折節下,1
9966,折節下謀,1
9967,節下謀士,1
9968,下謀士深,1
9969,謀士深心,1
9970,士深心論,1
9971,深心論客,1
9972,心論客卿,1
9973,論客卿忠,1
9974,客卿忠言,1
9975,卿忠言雖,1
9976,忠言雖未,1
9977,言雖未列,1
9978,雖未列庶,1
9979,未列庶以,1
9980,列庶以知,1
9981,庶以知君,1
9982,以知君誠,1
9983,知君誠高,1
9984,君誠高高,1
9985,誠高高琅,1
9986,高高琅琊,1
9987,高琅琊台,1
9988,琅琊台台,1
9989,琊台台下,1
9990,台台下生,1
9991,台下生菌,1
9992,下生菌簵,1
9993,生菌簵照,1
9994,菌簵照車,1
9995,簵照車十,1
9996,照車十二,1
9997,車十二乘,1
9998,十二乘光,1
9999,二乘光彩,1
10000,乘光彩不,1
10001,光彩不足,1
10002,彩不足諭,1
10003,不足諭既,1
10004,足諭既當,1
10005,諭既當少,1
10006,既當少微,1
10007,當少微星,1
10008,少微星複,1
10009,微星複隱,1
10010,星複隱高,1
10011,複隱高山,1
10012,隱高山霧,1
10013,高山霧金,1
10014,山霧金丘,1
10015,霧金丘華,1
10016,金丘華陽,1
10017,丘華陽下,1
10018,華陽下仙,1
10019,陽下仙伯,1
10020,下仙伯養,1
10021,仙伯養晦,1
10022,伯養晦處,1
10023,養晦處茅,1
10024,晦處茅茨,1
10025,處茅茨對,1
10026,茅茨對三,1
10027,茨對三峰,1
10028,對三峰梧,1
10029,三峰梧桐,1
10030,峰梧桐開,1
10031,梧桐開一,1
10032,桐開一路,1
10033,開一路神,1
10034,一路神溪,1
10035,路神溪繞,1
10036,神溪繞皋,1
10037,溪繞皋陸,1
10038,繞皋陸樵,1
10039,皋陸樵牧,1
10040,陸樵牧自,1
10041,樵牧自成,1
10042,牧自成趣,1
10043,自成趣時,1
10044,成趣時登,1
10045,趣時登青,1
10046,時登青冥,1
10047,登青冥遊,1
10048,青冥遊若,1
10049,冥遊若從,1
10050,遊若從天,1
10051,若從天江,1
10052,從天江度,1
10053,天江度墟,1
10054,江度墟裏,1
10055,度墟裏獻,1
10056,墟裏獻薇,1
10057,裏獻薇蕨,1
10058,獻薇蕨群,1
10059,薇蕨群公,1
10060,蕨群公致,1
10061,群公致衣,1
10062,公致衣縷,1
10063,致衣縷深,1
10064,衣縷深沉,1
10065,縷深沉複,1
10066,深沉複清,1
10067,沉複清淨,1
10068,複清淨偃,1
10069,清淨偃仰,1
10070,淨偃仰視,1
10071,偃仰視太,1
10072,仰視太素,1
10073,視太素猛,1
10074,太素猛獸,1
10075,素猛獸識,1
10076,猛獸識賓,1
10077,獸識賓僕,1
10078,識賓僕赬,1
10079,賓僕赬霞,1
10080,僕赬霞知,1
10081,赬霞知早,1
10082,霞知早暮,1
10083,知早暮峨,1
10084,早暮峨峨,1
10085,暮峨峨雲,1
10086,峨峨雲龍,1
10087,峨雲龍開,1
10088,雲龍開忽,1
10089,龍開忽有,1
10090,開忽有方,1
10091,忽有方伯,1
10092,有方伯遇,1
10093,方伯遇達,1
10094,伯遇達人,1
10095,遇達人無,1
10096,達人無不,1
10097,人無不可,1
10098,無不可壯,1
10099,不可壯志,1
10100,可壯志且,1
10101,壯志且馳,1
10102,志且馳騖,1
10103,且馳騖融,1
10104,馳騖融泄,1
10105,騖融泄長,1
10106,融泄長雞,1
10107,泄長雞鳴,1
10108,長雞鳴演,1
10109,雞鳴演紛,1
10110,鳴演紛大,1
10111,演紛大鵬,1
10112,紛大鵬翥,1
10113,大鵬翥赤,1
10114,鵬翥赤墀,1
10115,翥赤墀高,1
10116,赤墀高崱,1
10117,墀高崱屴,1
10118,高崱屴一,1
10119,崱屴一見,1
10120,屴一見如,1
10121,一見如三,1
10122,見如三顧,1
10123,如三顧禮,1
10124,三顧禮服,1
10125,顧禮服正,1
10126,禮服正邦,1
10127,服正邦祀,1
10128,正邦祀刑,1
10129,邦祀刑冠,1
10130,祀刑冠肅,1
10131,刑冠肅王,1
10132,冠肅王度,1
10133,肅王度三,1
10134,王度三辰,1
10135,度三辰明,1
10136,三辰明昭,1
10137,辰明昭代,1
10138,明昭代光,1
10139,昭代光啟,1
10140,代光啟玄,1
10141,光啟玄元,1
10142,啟玄元祚,1
10143,玄元祚章,1
10144,元祚章台,1
10145,祚章台收,1
10146,章台收杞,1
10147,台收杞梓,1
10148,收杞梓太,1
10149,杞梓太液,1
10150,梓太液滿,1
10151,太液滿鵷,1
10152,液滿鵷鷺,1
10153,滿鵷鷺豐,1
10154,鵷鷺豐澤,1
10155,鷺豐澤耀,1
10156,豐澤耀純,1
10157,澤耀純仁,1
10158,耀純仁八,1
10159,純仁八方,1
10160,仁八方晏,1
10161,八方晏黔,1
10162,方晏黔庶,1
10163,晏黔庶沉,1
10164,黔庶沉沉,1
10165,庶沉沉閶,1
10166,沉沉閶闔,1
10167,沉閶闔起,1
10168,閶闔起殷,1
10169,闔起殷殷,1
10170,起殷殷蓬,1
10171,殷殷蓬萊,1
10172,殷蓬萊曙,1
10173,蓬萊曙旌,1
10174,萊曙旌戟,1
10175,曙旌戟儼,1
10176,旌戟儼成,1
10177,戟儼成行,1
10178,儼成行雞,1
10179,成行雞人,1
10180,行雞人傳,1
10181,雞人傳發,1
10182,人傳發煦,1
10183,傳發煦翔,1
10184,發煦翔翼,1
10185,煦翔翼一,1
10186,翔翼一如,1
10187,翼一如鶚,1
10188,一如鶚百,1
10189,如鶚百辟,1
10190,鶚百辟莫,1
10191,百辟莫不,1
10192,辟莫不懼,1
10193,莫不懼清,1
10194,不懼清廟,1
10195,懼清廟奉,1
10196,清廟奉烝,1
10197,廟奉烝嘗,1
10198,奉烝嘗靈,1
10199,烝嘗靈山,1
10200,嘗靈山扈,1
10201,靈山扈鑾,1
10202,山扈鑾輅,1
10203,扈鑾輅天,1
10204,鑾輅天街,1
10205,輅天街時,1
10206,天街時蹴,1
10207,街時蹴踘,1
10208,時蹴踘直,1
10209,蹴踘直指,1
10210,踘直指宴,1
10211,直指宴梐,1
10212,指宴梐枑,1
10213,宴梐枑四,1
10214,梐枑四月,1
10215,枑四月純,1
10216,四月純陽,1
10217,月純陽初,1
10218,純陽初雷,1
10219,陽初雷雨,1
10220,初雷雨始,1
10221,雷雨始奮,1
10222,雨始奮豫,1
10223,始奮豫逆,1
10224,奮豫逆星,1
10225,豫逆星孛,1
10226,逆星孛皇,1
10227,星孛皇極,1
10228,孛皇極鈇,1
10229,皇極鈇鑕,1
10230,極鈇鑕靜,1
10231,鈇鑕靜天,1
10232,鑕靜天步,1
10233,靜天步酆,1
10234,天步酆鎬,1
10235,步酆鎬舒,1
10236,酆鎬舒曜,1
10237,鎬舒曜靈,1
10238,舒曜靈干,1
10239,曜靈干戈,1
10240,靈干戈藏,1
10241,干戈藏武,1
10242,戈藏武庫,1
10243,藏武庫析,1
10244,武庫析增,1
10245,庫析增廣,1
10246,析增廣運,1
10247,增廣運直,1
10248,廣運直道,1
10249,運直道有,1
10250,直道有好,1
10251,道有好惡,1
10252,有好惡回,1
10253,好惡回跡,1
10254,惡回跡清,1
10255,回跡清憲,1
10256,跡清憲台,1
10257,清憲台傳,1
10258,憲台傳騎,1
10259,台傳騎東,1
10260,傳騎東南,1
10261,騎東南去,1
10262,東南去列,1
10263,南去列城,1
10264,去列城異,1
10265,列城異疇,1
10266,城異疇昔,1
10267,異疇昔近,1
10268,疇昔近餞,1
10269,昔近餞寡,1
10270,近餞寡徒,1
10271,餞寡徒禦,1
10272,寡徒禦纏,1
10273,徒禦纏綿,1
10274,禦纏綿西,1
10275,纏綿西關,1
10276,綿西關道,1
10277,西關道婉,1
10278,關道婉孌,1
10279,道婉孌新,1
10280,婉孌新豐,1
10281,孌新豐樹,1
10282,新豐樹伊,1
10283,豐樹伊洛,1
10284,樹伊洛不,1
10285,伊洛不敢,1
10286,洛不敢息,1
10287,不敢息淮,1
10288,敢息淮河,1
10289,息淮河任,1
10290,淮河任沿,1
10291,河任沿溯,1
10292,任沿溯鄉,1
10293,沿溯鄉亭,1
10294,溯鄉亭茱,1
10295,鄉亭茱萸,1
10296,亭茱萸津,1
10297,茱萸津先,1
10298,萸津先後,1
10299,津先後非,1
10300,先後非疏,1
10301,後非疏附,1
10302,非疏附炎,1
10303,疏附炎時,1
10304,附炎時方,1
10305,炎時方怵,1
10306,時方怵惕,1
10307,方怵惕有,1
10308,怵惕有若,1
10309,惕有若踐,1
10310,有若踐霜,1
10311,若踐霜露,1
10312,踐霜露惆,1
10313,霜露惆悵,1
10314,露惆悵長,1
10315,惆悵長岑,1
10316,悵長岑長,1
10317,長岑長寂,1
10318,岑長寂寞,1
10319,長寂寞梁,1
10320,寂寞梁王,1
10321,寞梁王傅,1
10322,梁王傅紛,1
10323,王傅紛吾,1
10324,傅紛吾家,1
10325,紛吾家延,1
10326,吾家延州,1
10327,家延州結,1
10328,延州結友,1
10329,州結友在,1
10330,結友在童,1
10331,友在童孺,1
10332,在童孺岑,1
10333,童孺岑陽,1
10334,孺岑陽沐,1
10335,岑陽沐天,1
10336,陽沐天德,1
10337,沐天德邦,1
10338,天德邦邑,1
10339,德邦邑持,1
10340,邦邑持民,1
10341,邑持民務,1
10342,持民務躑,1
10343,民務躑躅,1
10344,務躑躅望,1
10345,躑躅望朝,1
10346,躅望朝陰,1
10347,望朝陰如,1
10348,朝陰如何,1
10349,陰如何複,1
10350,如何複淪,1
10351,何複淪誤,1
10352,複淪誤牙,1
10353,淪誤牙曠,1
10354,誤牙曠三,1
10355,牙曠三千,1
10356,曠三千里,1
10357,三千里擊,1
10358,千里擊轅,1
10359,里擊轅非,1
10360,擊轅非所,1
10361,轅非所慕,1
10362,非所慕秋,1
10363,所慕秋濤,1
10364,慕秋濤聯,1
10365,秋濤聯滄,1
10366,濤聯滄溟,1
10367,聯滄溟舟,1
10368,滄溟舟楫,1
10369,溟舟楫湊,1
10370,舟楫湊北,1
10371,楫湊北固,1
10372,湊北固江,1
10373,北固江汜,1
10374,固江汜日,1
10375,江汜日綿,1
10376,汜日綿眇,1
10377,日綿眇朝,1
10378,綿眇朝夕,1
10379,眇朝夕空,1
10380,朝夕空寐,1
10381,夕空寐寤,1
10382,空寐寤中,1
10383,寐寤中洞,1
10384,寤中洞松,1
10385,中洞松栝,1
10386,洞松栝新,1
10387,松栝新東,1
10388,栝新東皋,1
10389,新東皋阡,1
10390,東皋阡陌,1
10391,皋阡陌故,1
10392,阡陌故餘,1
10393,陌故餘輝,1
10394,故餘輝方,1
10395,餘輝方焜,1
10396,輝方焜耀,1
10397,方焜耀可,1
10398,焜耀可以,1
10399,耀可以歡,1
10400,可以歡邑,1
10401,以歡邑聚,1
10402,歡邑聚南,1
10403,邑聚南華,1
10404,聚南華在,1
10405,南華在濠,1
10406,華在濠上,1
10407,在濠上誰,1
10408,濠上誰辯,1
10409,上誰辯魏,1
10410,誰辯魏王,1
10411,辯魏王瓠,1
10412,魏王瓠登,1
10413,王瓠登陟,1
10414,瓠登陟芙,1
10415,登陟芙蓉,1
10416,陟芙蓉樓,1
10417,芙蓉樓為,1
10418,蓉樓為我,1
10419,樓為我時,1
10420,為我時一,1
10421,我時一賦,1
10422,時一賦夙,1
10423,一賦夙駕,1
10424,賦夙駕出,1
10425,夙駕出東,1
10426,駕出東城,1
10427,出東城城,1
10428,東城城傍,1
10429,城城傍早,1
10430,城傍早霞,1
10431,傍早霞散,1
10432,早霞散初,1
10433,霞散初日,1
10434,散初日照,1
10435,初日照龍,1
10436,日照龍闕,1
10437,照龍闕峨,1
10438,龍闕峨峨,1
10439,闕峨峨在,1
10440,峨峨在天,1
10441,峨在天半,1
10442,在天半壯,1
10443,天半壯哉,1
10444,半壯哉麗,1
10445,壯哉麗百,1
10446,哉麗百常,1
10447,麗百常美,1
10448,百常美矣,1
10449,常美矣崇,1
10450,美矣崇兩,1
10451,矣崇兩觀,1
10452,崇兩觀俯,1
10453,兩觀俯視,1
10454,觀俯視趨,1
10455,俯視趨朝,1
10456,視趨朝客,1
10457,趨朝客簪,1
10458,朝客簪佩,1
10459,客簪佩何,1
10460,簪佩何璀,1
10461,佩何璀璨,1
10462,何璀璨而,1
10463,璀璨而我,1
10464,璨而我送,1
10465,而我送將,1
10466,我送將歸,1
10467,送將歸裴,1
10468,將歸裴回,1
10469,歸裴回霸,1
10470,裴回霸陵,1
10471,回霸陵岸,1
10472,霸陵岸北,1
10473,陵岸北雲,1
10474,岸北雲去,1
10475,北雲去吳,1
10476,雲去吳越,1
10477,去吳越南,1
10478,吳越南雁,1
10479,越南雁離,1
10480,南雁離江,1
10481,雁離江漢,1
10482,離江漢伊,1
10483,江漢伊昔,1
10484,漢伊昔蹈,1
10485,伊昔蹈丘,1
10486,昔蹈丘園,1
10487,蹈丘園翩,1
10488,丘園翩翩,1
10489,園翩翩理,1
10490,翩翩理文,1
10491,翩理文翰,1
10492,理文翰高,1
10493,文翰高談,1
10494,翰高談閔,1
10495,高談閔仲,1
10496,談閔仲叔,1
10497,閔仲叔逸,1
10498,仲叔逸氣,1
10499,叔逸氣劉,1
10500,逸氣劉公,1
10501,氣劉公幹,1
10502,劉公幹每,1
10503,公幹每言,1
10504,幹每言竹,1
10505,每言竹柏,1
10506,言竹柏貞,1
10507,竹柏貞嘗,1
10508,柏貞嘗輕,1
10509,貞嘗輕朝,1
10510,嘗輕朝市,1
10511,輕朝市玩,1
10512,朝市玩山,1
10513,市玩山晝,1
10514,玩山晝猿,1
10515,山晝猿狖,1
10516,晝猿狖靜,1
10517,猿狖靜溪,1
10518,狖靜溪曛,1
10519,靜溪曛魚,1
10520,溪曛魚鳥,1
10521,曛魚鳥亂,1
10522,魚鳥亂寧,1
10523,鳥亂寧止,1
10524,亂寧止臥,1
10525,寧止臥崆,1
10526,止臥崆峒,1
10527,臥崆峒直,1
10528,崆峒直雲,1
10529,峒直雲期,1
10530,直雲期汗,1
10531,雲期汗漫,1
10532,期汗漫聖,1
10533,汗漫聖君,1
10534,漫聖君既,1
10535,聖君既理,1
10536,君既理曆,1
10537,既理曆族,1
10538,理曆族士,1
10539,曆族士咸,1
10540,族士咸炳,1
10541,士咸炳煥,1
10542,咸炳煥矯,1
10543,炳煥矯首,1
10544,煥矯首來,1
10545,矯首來天,1
10546,首來天池,1
10547,來天池振,1
10548,天池振羽,1
10549,池振羽泛,1
10550,振羽泛漪,1
10551,羽泛漪瀾,1
10552,泛漪瀾元,1
10553,漪瀾元淑,1
10554,瀾元淑命,1
10555,元淑命不,1
10556,淑命不達,1
10557,命不達伯,1
10558,不達伯鸞,1
10559,達伯鸞吟,1
10560,伯鸞吟可,1
10561,鸞吟可歎,1
10562,吟可歎東,1
10563,可歎東去,1
10564,歎東去姑,1
10565,東去姑蘇,1
10566,去姑蘇台,1
10567,姑蘇台乃,1
10568,蘇台乃過,1
10569,台乃過陟,1
10570,乃過陟陽,1
10571,過陟陽館,1
10572,陟陽館舍,1
10573,陽館舍轡,1
10574,館舍轡函,1
10575,舍轡函關,1
10576,轡函關道,1
10577,函關道浮,1
10578,關道浮舟,1
10579,道浮舟滄,1
10580,浮舟滄海,1
10581,舟滄海畔,1
10582,滄海畔耳,1
10583,海畔耳目,1
10584,畔耳目曠,1
10585,耳目曠暄,1
10586,目曠暄涼,1
10587,曠暄涼懷,1
10588,暄涼懷抱,1
10589,涼懷抱盈,1
10590,懷抱盈悲,1
10591,抱盈悲惋,1
10592,盈悲惋沉,1
10593,悲惋沉沉,1
10594,惋沉沉青,1
10595,沉沉青歲,1
10596,沉青歲晚,1
10597,青歲晚靄,1
10598,歲晚靄靄,1
10599,晚靄靄秋,1
10600,靄靄秋雲,1
10601,靄秋雲換,1
10602,秋雲換自,1
10603,雲換自言,1
10604,換自言永,1
10605,自言永遁,1
10606,言永遁棲,1
10607,永遁棲無,1
10608,遁棲無複,1
10609,棲無複從,1
10610,無複從羈,1
10611,複從羈絆,1
10612,從羈絆揮,1
10613,羈絆揮手,1
10614,絆揮手謝,1
10615,揮手謝知,1
10616,手謝知己,1
10617,謝知己知,1
10618,己知己莫,1
10619,知己莫能,1
10620,己莫能贊,1
10621,莫能贊恍,1
10622,能贊恍惚,1
10623,贊恍惚登,1
10624,恍惚登高,1
10625,惚登高嶺,1
10626,登高嶺裴,1
10627,高嶺裴回,1
10628,嶺裴回看,1
10629,裴回看落,1
10630,回看落日,1
10631,看落日遙,1
10632,落日遙想,1
10633,日遙想仲,1
10634,遙想仲長,1
10635,想仲長園,1
10636,仲長園如,1
10637,長園如親,1
10638,園如親幼,1
10639,如親幼安,1
10640,親幼安室,1
10641,幼安室春,1
10642,安室春渚,1
10643,室春渚菖,1
10644,春渚菖蒲,1
10645,渚菖蒲登,1
10646,菖蒲登山,1
10647,蒲登山中,1
10648,登山中撥,1
10649,山中撥穀,1
10650,中撥穀鳴,1
10651,撥穀鳴相,1
10652,穀鳴相思,1
10653,鳴相思不,1
10654,相思不道,1
10655,思不道遠,1
10656,不道遠太,1
10657,道遠太息,1
10658,遠太息未,1
10659,太息未知,1
10660,息未知情,1
10661,未知情意,1
10662,知情意君,1
10663,情意君來,1
10664,意君來此,1
10665,君來此地,1
10666,來此地時,1
10667,此地時複,1
10668,地時複疏,1
10669,時複疏林,1
10670,複疏林薄,1
10671,疏林薄中,1
10672,林薄中夜,1
10673,薄中夜掃,1
10674,中夜掃閑,1
10675,夜掃閑門,1
10676,掃閑門迎,1
10677,閑門迎晨,1
10678,門迎晨閉,1
10679,迎晨閉菌,1
10680,晨閉菌閣,1
10681,閉菌閣屣,1
10682,菌閣屣履,1
10683,閣屣履清,1
10684,屣履清池,1
10685,履清池上,1
10686,清池上家,1
10687,池上家童,1
10688,上家童奉,1
10689,家童奉信,1
10690,童奉信歸,1
10691,奉信歸憂,1
10692,信歸憂隨,1
10693,歸憂隨落,1
10694,憂隨落花,1
10695,隨落花散,1
10696,落花散目,1
10697,花散目送,1
10698,散目送歸,1
10699,目送歸雲,1
10700,送歸雲飛,1
10701,歸雲飛故,1
10702,雲飛故交,1
10703,飛故交在,1
10704,故交在天,1
10705,交在天末,1
10706,在天末心,1
10707,天末心知,1
10708,末心知複,1
10709,心知複千,1
10710,知複千里,1
10711,複千里無,1
10712,千里無人,1
10713,里無人暫,1
10714,無人暫往,1
10715,人暫往來,1
10716,暫往來獨,1
10717,往來獨作,1
10718,來獨作中,1
10719,獨作中林,1
10720,作中林士,1
10721,中林士故,1
10722,林士故園,1
10723,士故園至,1
10724,故園至新,1
10725,園至新浦,1
10726,至新浦遙,1
10727,新浦遙複,1
10728,浦遙複未,1
10729,遙複未百,1
10730,複未百里,1
10731,未百里北,1
10732,百里北望,1
10733,里北望是,1
10734,北望是他,1
10735,望是他邦,1
10736,是他邦紛,1
10737,他邦紛吾,1
10738,邦紛吾即,1
10739,紛吾即遊,1
10740,吾即遊士,1
10741,即遊士潮,1
10742,遊士潮來,1
10743,士潮來津,1
10744,潮來津門,1
10745,來津門啟,1
10746,津門啟罷,1
10747,門啟罷楫,1
10748,啟罷楫信,1
10749,罷楫信流,1
10750,楫信流水,1
10751,信流水客,1
10752,流水客意,1
10753,水客意乃,1
10754,客意乃成,1
10755,意乃成歡,1
10756,乃成歡舟,1
10757,成歡舟人,1
10758,歡舟人亦,1
10759,舟人亦相,1
10760,人亦相喜,1
10761,亦相喜遲,1
10762,相喜遲遲,1
10763,喜遲遲菱,1
10764,遲遲菱荇,1
10765,遲菱荇上,1
10766,菱荇上泛,1
10767,荇上泛泛,1
10768,上泛泛菰,1
10769,泛泛菰蒲,1
10770,泛菰蒲裏,1
10771,菰蒲裏漸,1
10772,蒲裏漸聞,1
10773,裏漸聞商,1
10774,漸聞商旅,1
10775,聞商旅喧,1
10776,商旅喧猶,1
10777,旅喧猶見,1
10778,喧猶見鳧,1
10779,猶見鳧鷖,1
10780,見鳧鷖起,1
10781,鳧鷖起市,1
10782,鷖起市亭,1
10783,起市亭忽,1
10784,市亭忽雲,1
10785,亭忽雲構,1
10786,忽雲構方,1
10787,雲構方物,1
10788,構方物如,1
10789,方物如山,1
10790,物如山峙,1
10791,如山峙吳,1
10792,山峙吳王,1
10793,峙吳王昔,1
10794,吳王昔喪,1
10795,王昔喪元,1
10796,昔喪元隋,1
10797,喪元隋帝,1
10798,元隋帝又,1
10799,隋帝又滅,1
10800,帝又滅祀,1
10801,又滅祀停,1
10802,滅祀停艫,1
10803,祀停艫一,1
10804,停艫一以,1
10805,艫一以眺,1
10806,一以眺太,1
10807,以眺太息,1
10808,眺太息興,1
10809,太息興亡,1
10810,息興亡理,1
10811,興亡理秋,1
10812,亡理秋苑,1
10813,理秋苑故,1
10814,秋苑故池,1
10815,苑故池田,1
10816,故池田宮,1
10817,池田宮門,1
10818,田宮門新,1
10819,宮門新柳,1
10820,門新柳杞,1
10821,新柳杞我,1
10822,柳杞我行,1
10823,杞我行苦,1
10824,我行苦炎,1
10825,行苦炎月,1
10826,苦炎月乃,1
10827,炎月乃及,1
10828,月乃及清,1
10829,乃及清昊,1
10830,及清昊始,1
10831,清昊始此,1
10832,昊始此地,1
10833,始此地日,1
10834,此地日逢,1
10835,地日逢迎,1
10836,日逢迎終,1
10837,逢迎終思,1
10838,迎終思隱,1
10839,終思隱君,1
10840,思隱君子,1
10841,隱君子莫,1
10842,君子莫言,1
10843,子莫言異,1
10844,莫言異舒,1
10845,言異舒卷,1
10846,異舒卷形,1
10847,舒卷形音,1
10848,卷形音在,1
10849,形音在心,1
10850,音在心耳,1
10851,在心耳高,1
10852,心耳高第,1
10853,耳高第後,1
10854,高第後歸,1
10855,第後歸道,1
10856,後歸道乃,1
10857,歸道乃居,1
10858,道乃居玉,1
10859,乃居玉華,1
10860,居玉華宮,1
10861,玉華宮逍,1
10862,華宮逍遙,1
10863,宮逍遙人,1
10864,逍遙人間,1
10865,遙人間世,1
10866,人間世不,1
10867,間世不異,1
10868,世不異浮,1
10869,不異浮丘,1
10870,異浮丘公,1
10871,浮丘公甘,1
10872,丘公甘寢,1
10873,公甘寢何,1
10874,甘寢何秉,1
10875,寢何秉羽,1
10876,何秉羽出,1
10877,秉羽出門,1
10878,羽出門忽,1
10879,出門忽從,1
10880,門忽從戎,1
10881,忽從戎方,1
10882,從戎方將,1
10883,戎方將遊,1
10884,方將遊昆,1
10885,將遊昆侖,1
10886,遊昆侖又,1
10887,昆侖又欲,1
10888,侖又欲小,1
10889,又欲小崆,1
10890,欲小崆峒,1
10891,小崆峒進,1
10892,崆峒進退,1
10893,峒進退既,1
10894,進退既在,1
10895,退既在我,1
10896,既在我歸,1
10897,在我歸來,1
10898,我歸來長,1
10899,歸來長安,1
10900,來長安中,1
10901,長安中焚,1
10902,安中焚香,1
10903,中焚香東,1
10904,焚香東海,1
10905,香東海君,1
10906,東海君侍,1
10907,海君侍坐,1
10908,君侍坐西,1
10909,侍坐西山,1
10910,坐西山童,1
10911,西山童善,1
10912,山童善行,1
10913,童善行無,1
10914,善行無轍,1
10915,行無轍跡,1
10916,無轍跡吾,1
10917,轍跡吾亦,1
10918,跡吾亦安,1
10919,吾亦安能,1
10920,亦安能窮,1
10921,安能窮但,1
10922,能窮但見,1
10923,窮但見神,1
10924,但見神色,1
10925,見神色閑,1
10926,神色閑中,1
10927,色閑中心,1
10928,閑中心如,1
10929,中心如虛,1
10930,心如虛空,1
10931,如虛空期,1
10932,虛空期之,1
10933,空期之比,1
10934,期之比天,1
10935,之比天老,1
10936,比天老真,1
10937,天老真德,1
10938,老真德輔,1
10939,真德輔帝,1
10940,德輔帝鴻,1
10941,輔帝鴻清,1
10942,帝鴻清旦,1
10943,鴻清旦曆,1
10944,清旦曆香,1
10945,旦曆香岩,1
10946,曆香岩岩,1
10947,香岩岩徑,1
10948,岩岩徑紆,1
10949,岩徑紆複,1
10950,徑紆複直,1
10951,紆複直花,1
10952,複直花林,1
10953,直花林開,1
10954,花林開宿,1
10955,林開宿霧,1
10956,開宿霧遊,1
10957,宿霧遊目,1
10958,霧遊目清,1
10959,遊目清霄,1
10960,目清霄極,1
10961,清霄極分,1
10962,霄極分明,1
10963,極分明窗,1
10964,分明窗戶,1
10965,明窗戶中,1
10966,窗戶中遠,1
10967,戶中遠近,1
10968,中遠近山,1
10969,遠近山川,1
10970,近山川色,1
10971,山川色金,1
10972,川色金沙,1
10973,色金沙童,1
10974,金沙童子,1
10975,沙童子戲,1
10976,童子戲香,1
10977,子戲香飯,1
10978,戲香飯諸,1
10979,香飯諸天,1
10980,飯諸天食,1
10981,諸天食叫,1
10982,天食叫叫,1
10983,食叫叫海,1
10984,叫叫海鴻,1
10985,叫海鴻聲,1
10986,海鴻聲軒,1
10987,鴻聲軒軒,1
10988,聲軒軒江,1
10989,軒軒江燕,1
10990,軒江燕翼,1
10991,江燕翼寄,1
10992,燕翼寄言,1
10993,翼寄言清,1
10994,寄言清淨,1
10995,言清淨者,1
10996,清淨者閭,1
10997,淨者閭閻,1
10998,者閭閻徒,1
10999,閭閻徒自,1
11000,閻徒自踣,1
11001,徒自踣下,1
11002,自踣下位,1
11003,踣下位日,1
11004,下位日趨,1
11005,位日趨走,1
11006,日趨走久,1
11007,趨走久之,1
11008,走久之賓,1
11009,久之賓會,1
11010,之賓會疏,1
11011,賓會疏空,1
11012,會疏空遲,1
11013,疏空遲偶,1
11014,空遲偶詞,1
11015,遲偶詞賦,1
11016,偶詞賦所,1
11017,詞賦所愧,1
11018,賦所愧比,1
11019,所愧比園,1
11020,愧比園廬,1
11021,比園廬朝,1
11022,園廬朝念,1
11023,廬朝念池,1
11024,朝念池上,1
11025,念池上酌,1
11026,池上酌暮,1
11027,上酌暮逢,1
11028,酌暮逢林,1
11029,暮逢林下,1
11030,逢林下書,1
11031,林下書方,1
11032,下書方將,1
11033,書方將固,1
11034,方將固封,1
11035,將固封守,1
11036,固封守暫,1
11037,封守暫欲,1
11038,守暫欲混,1
11039,暫欲混畋,1
11040,欲混畋漁,1
11041,混畋漁衰,1
11042,畋漁衰柳,1
11043,漁衰柳隱,1
11044,衰柳隱長,1
11045,柳隱長路,1
11046,隱長路秋,1
11047,長路秋雲,1
11048,路秋雲滿,1
11049,秋雲滿太,1
11050,雲滿太虛,1
11051,滿太虛遙,1
11052,太虛遙遙,1
11053,虛遙遙望,1
11054,遙遙望左,1
11055,遙望左右,1
11056,望左右日,1
11057,左右日入,1
11058,右日入未,1
11059,日入未回,1
11060,入未回車,1
11061,未回車日,1
11062,回車日入,1
11063,車日入清,1
11064,日入清風,1
11065,入清風至,1
11066,清風至知,1
11067,風至知君,1
11068,至知君在,1
11069,知君在西,1
11070,君在西偏,1
11071,在西偏車,1
11072,西偏車輿,1
11073,偏車輿既,1
11074,車輿既成,1
11075,輿既成列,1
11076,既成列賓,1
11077,成列賓僕,1
11078,列賓僕複,1
11079,賓僕複能,1
11080,僕複能賢,1
11081,複能賢迢,1
11082,能賢迢遞,1
11083,賢迢遞下,1
11084,迢遞下墟,1
11085,遞下墟阪,1
11086,下墟阪逍,1
11087,墟阪逍遙,1
11088,阪逍遙看,1
11089,逍遙看井,1
11090,遙看井田,1
11091,看井田蒼,1
11092,井田蒼山,1
11093,田蒼山起,1
11094,蒼山起暮,1
11095,山起暮雨,1
11096,起暮雨極,1
11097,暮雨極浦,1
11098,雨極浦浮,1
11099,極浦浮長,1
11100,浦浮長煙,1
11101,浮長煙服,1
11102,長煙服義,1
11103,煙服義大,1
11104,服義大如,1
11105,義大如志,1
11106,大如志交,1
11107,如志交歡,1
11108,志交歡數,1
11109,交歡數盡,1
11110,歡數盡年,1
11111,數盡年寧,1
11112,盡年寧言,1
11113,年寧言十,1
11114,寧言十餘,1
11115,言十餘裏,1
11116,十餘裏不,1
11117,餘裏不見,1
11118,裏不見空,1
11119,不見空來,1
11120,見空來還,1
11121,空來還初,1
11122,來還初年,1
11123,還初年雨,1
11124,初年雨候,1
11125,年雨候遲,1
11126,雨候遲鞏,1
11127,候遲鞏洛,1
11128,遲鞏洛河,1
11129,鞏洛河流,1
11130,洛河流小,1
11131,河流小搖,1
11132,流小搖搖,1
11133,小搖搖芳,1
11134,搖搖芳草,1
11135,搖芳草岸,1
11136,芳草岸屢,1
11137,草岸屢見,1
11138,岸屢見春,1
11139,屢見春山,1
11140,見春山曉,1
11141,春山曉清,1
11142,山曉清露,1
11143,曉清露洗,1
11144,清露洗雲,1
11145,露洗雲林,1
11146,洗雲林輕,1
11147,雲林輕波,1
11148,林輕波戲,1
11149,輕波戲魚,1
11150,波戲魚鳥,1
11151,戲魚鳥唯,1
11152,魚鳥唯言,1
11153,鳥唯言故,1
11154,唯言故人,1
11155,言故人遠,1
11156,故人遠不,1
11157,人遠不念,1
11158,遠不念鄉,1
11159,不念鄉川,1
11160,念鄉川眇,1
11161,鄉川眇舟,1
11162,川眇舟楫,1
11163,眇舟楫去,1
11164,舟楫去瀠,1
11165,楫去瀠回,1
11166,去瀠回湍,1
11167,瀠回湍漵,1
11168,回湍漵行,1
11169,湍漵行奔,1
11170,漵行奔峭,1
11171,行奔峭寄,1
11172,奔峭寄書,1
11173,峭寄書千,1
11174,寄書千里,1
11175,書千里路,1
11176,千里路莫,1
11177,里路莫道,1
11178,路莫道南,1
11179,莫道南鴻,1
11180,道南鴻少,1
11181,南鴻少春,1
11182,鴻少春風,1
11183,少春風搖,1
11184,春風搖雜,1
11185,風搖雜樹,1
11186,搖雜樹言,1
11187,雜樹言別,1
11188,樹言別還,1
11189,言別還江,1
11190,別還江汜,1
11191,還江汜堅,1
11192,江汜堅冰,1
11193,汜堅冰生,1
11194,堅冰生綠,1
11195,冰生綠潭,1
11196,生綠潭又,1
11197,綠潭又客,1
11198,潭又客三,1
11199,又客三千,1
11200,客三千里,1
11201,三千里兆,1
11202,千里兆夢,1
11203,里兆夢唯,1
11204,兆夢唯顏,1
11205,夢唯顏色,1
11206,唯顏色懸,1
11207,顏色懸情,1
11208,色懸情乃,1
11209,懸情乃文,1
11210,情乃文史,1
11211,乃文史滌,1
11212,文史滌耳,1
11213,史滌耳貴,1
11214,滌耳貴清,1
11215,耳貴清言,1
11216,貴清言披,1
11217,清言披歡,1
11218,言披歡遲,1
11219,披歡遲玉,1
11220,歡遲玉趾,1
11221,遲玉趾秦,1
11222,玉趾秦城,1
11223,趾秦城疑,1
11224,秦城疑舊,1
11225,城疑舊廬,1
11226,疑舊廬佇,1
11227,舊廬佇立,1
11228,廬佇立問,1
11229,佇立問焉,1
11230,立問焉如,1
11231,問焉如稚,1
11232,焉如稚子,1
11233,如稚子跪,1
11234,稚子跪而,1
11235,子跪而說,1
11236,跪而說還,1
11237,而說還山,1
11238,說還山將,1
11239,還山將隱,1
11240,山將隱居,1
11241,將隱居竹,1
11242,隱居竹林,1
11243,居竹林既,1
11244,竹林既深,1
11245,林既深遠,1
11246,既深遠松,1
11247,深遠松宇,1
11248,遠松宇複,1
11249,松宇複清,1
11250,宇複清虛,1
11251,複清虛跡,1
11252,清虛跡迥,1
11253,虛跡迥事,1
11254,跡迥事多,1
11255,迥事多逸,1
11256,事多逸心,1
11257,多逸心安,1
11258,逸心安趣,1
11259,心安趣有,1
11260,安趣有餘,1
11261,趣有餘石,1
11262,有餘石門,1
11263,餘石門動,1
11264,石門動高,1
11265,門動高韻,1
11266,動高韻草,1
11267,高韻草堂,1
11268,韻草堂新,1
11269,草堂新著,1
11270,堂新著書,1
11271,新著書鶱,1
11272,著書鶱飛,1
11273,書鶱飛久,1
11274,鶱飛久超,1
11275,飛久超絕,1
11276,久超絕蹇,1
11277,超絕蹇足,1
11278,絕蹇足空,1
11279,蹇足空躊,1
11280,足空躊躇,1
11281,空躊躇猶,1
11282,躊躇猶有,1
11283,躇猶有昔,1
11284,猶有昔時,1
11285,有昔時意,1
11286,昔時意望,1
11287,時意望君,1
11288,意望君當,1
11289,望君當照,1
11290,君當照車,1
11291,當照車驅,1
11292,照車驅車,1
11293,車驅車當,1
11294,驅車當六,1
11295,車當六國,1
11296,當六國何,1
11297,六國何以,1
11298,國何以須,1
11299,何以須潛,1
11300,以須潛默,1
11301,須潛默聖,1
11302,潛默聖主,1
11303,默聖主常,1
11304,聖主常征,1
11305,主常征賢,1
11306,常征賢群,1
11307,征賢群公,1
11308,賢群公每,1
11309,群公每舉,1
11310,公每舉德,1
11311,每舉德此,1
11312,舉德此時,1
11313,德此時方,1
11314,此時方獨,1
11315,時方獨往,1
11316,方獨往身,1
11317,獨往身志,1
11318,往身志將,1
11319,身志將何,1
11320,志將何欲,1
11321,將何欲願,1
11322,何欲願謝,1
11323,欲願謝山,1
11324,願謝山中,1
11325,謝山中人,1
11326,山中人回,1
11327,中人回車,1
11328,人回車首,1
11329,回車首歸,1
11330,車首歸躅,1
11331,首歸躅漢,1
11332,歸躅漢皇,1
11333,躅漢皇思,1
11334,漢皇思舊,1
11335,皇思舊邑,1
11336,思舊邑秦,1
11337,舊邑秦地,1
11338,邑秦地作,1
11339,秦地作新,1
11340,地作新豐,1
11341,作新豐南,1
11342,新豐南出,1
11343,豐南出華,1
11344,南出華陽,1
11345,出華陽路,1
11346,華陽路西,1
11347,陽路西分,1
11348,路西分長,1
11349,西分長樂,1
11350,分長樂宮,1
11351,長樂宮安,1
11352,樂宮安知,1
11353,宮安知天,1
11354,安知天地,1
11355,知天地久,1
11356,天地久不,1
11357,地久不與,1
11358,久不與昔,1
11359,不與昔年,1
11360,與昔年同,1
11361,昔年同雞,1
11362,年同雞犬,1
11363,同雞犬暮,1
11364,雞犬暮聲,1
11365,犬暮聲合,1
11366,暮聲合城,1
11367,聲合城池,1
11368,合城池秋,1
11369,城池秋霽,1
11370,池秋霽空,1
11371,秋霽空紛,1
11372,霽空紛吾,1
11373,空紛吾從,1
11374,紛吾從此,1
11375,吾從此去,1
11376,從此去望,1
11377,此去望極,1
11378,去望極咸,1
11379,望極咸陽,1
11380,極咸陽中,1
11381,咸陽中不,1
11382,陽中不見,1
11383,中不見芸,1
11384,不見芸香,1
11385,見芸香閣,1
11386,芸香閣徒,1
11387,香閣徒思,1
11388,閣徒思文,1
11389,徒思文雅,1
11390,思文雅雄,1
11391,文雅雄朝,1
11392,雅雄朝行,1
11393,雄朝行敷,1
11394,朝行敷水,1
11395,行敷水上,1
11396,敷水上暮,1
11397,水上暮出,1
11398,上暮出華,1
11399,暮出華山,1
11400,出華山東,1
11401,華山東高,1
11402,山東高館,1
11403,東高館宿,1
11404,高館宿初,1
11405,館宿初靜,1
11406,宿初靜長,1
11407,初靜長亭,1
11408,靜長亭秋,1
11409,長亭秋轉,1
11410,亭秋轉空,1
11411,秋轉空日,1
11412,轉空日餘,1
11413,空日餘久,1
11414,日餘久淪,1
11415,餘久淪汩,1
11416,久淪汩重,1
11417,淪汩重此,1
11418,汩重此聞,1
11419,重此聞霜,1
11420,此聞霜風,1
11421,聞霜風淅,1
11422,霜風淅瀝,1
11423,風淅瀝入,1
11424,淅瀝入溪,1
11425,瀝入溪樹,1
11426,入溪樹颼,1
11427,溪樹颼飀,1
11428,樹颼飀驚,1
11429,颼飀驚夕,1
11430,飀驚夕鴻,1
11431,驚夕鴻淒,1
11432,夕鴻淒然,1
11433,鴻淒然望,1
11434,淒然望伊,1
11435,然望伊洛,1
11436,望伊洛如,1
11437,伊洛如見,1
11438,洛如見息,1
11439,如見息陽,1
11440,見息陽宮,1
11441,息陽宮舊,1
11442,陽宮舊識,1
11443,宮舊識無,1
11444,舊識無高,1
11445,識無高位,1
11446,無高位新,1
11447,高位新知,1
11448,位新知盡,1
11449,新知盡固,1
11450,知盡固窮,1
11451,盡固窮夫,1
11452,固窮夫君,1
11453,窮夫君獨,1
11454,夫君獨輕,1
11455,君獨輕舉,1
11456,獨輕舉遠,1
11457,輕舉遠近,1
11458,舉遠近善,1
11459,遠近善文,1
11460,近善文雄,1
11461,善文雄豈,1
11462,文雄豈念,1
11463,雄豈念千,1
11464,豈念千里,1
11465,念千里駕,1
11466,千里駕崎,1
11467,里駕崎嶇,1
11468,駕崎嶇秦,1
11469,崎嶇秦塞,1
11470,嶇秦塞中,1
11471,秦塞中傾,1
11472,塞中傾蓋,1
11473,中傾蓋洛,1
11474,傾蓋洛之,1
11475,蓋洛之濱,1
11476,洛之濱依,1
11477,之濱依然,1
11478,濱依然心,1
11479,依然心事,1
11480,然心事親,1
11481,心事親龍,1
11482,事親龍門,1
11483,親龍門何,1
11484,龍門何以,1
11485,門何以峻,1
11486,何以峻曾,1
11487,以峻曾是,1
11488,峻曾是好,1
11489,曾是好詞,1
11490,是好詞人,1
11491,好詞人珥,1
11492,詞人珥筆,1
11493,人珥筆朝,1
11494,珥筆朝文,1
11495,筆朝文陛,1
11496,朝文陛含,1
11497,文陛含章,1
11498,陛含章諷,1
11499,含章諷紫,1
11500,章諷紫宸,1
11501,諷紫宸帝,1
11502,紫宸帝城,1
11503,宸帝城多,1
11504,帝城多壯,1
11505,城多壯觀,1
11506,多壯觀被,1
11507,壯觀被服,1
11508,觀被服長,1
11509,被服長如,1
11510,服長如春,1
11511,長如春天,1
11512,如春天子,1
11513,春天子儉,1
11514,天子儉為,1
11515,子儉為德,1
11516,儉為德而,1
11517,為德而能,1
11518,德而能清,1
11519,而能清約,1
11520,能清約身,1
11521,清約身公,1
11522,約身公卿,1
11523,身公卿盡,1
11524,公卿盡虛,1
11525,卿盡虛位,1
11526,盡虛位天,1
11527,虛位天下,1
11528,位天下自,1
11529,天下自趣,1
11530,下自趣塵,1
11531,自趣塵如,1
11532,趣塵如君,1
11533,塵如君物,1
11534,如君物望,1
11535,君物望美,1
11536,物望美令,1
11537,望美令德,1
11538,美令德聲,1
11539,令德聲何,1
11540,德聲何已,1
11541,聲何已高,1
11542,何已高帝,1
11543,已高帝黜,1
11544,高帝黜儒,1
11545,帝黜儒生,1
11546,黜儒生文,1
11547,儒生文皇,1
11548,生文皇謫,1
11549,文皇謫才,1
11550,皇謫才子,1
11551,謫才子朝,1
11552,才子朝廷,1
11553,子朝廷非,1
11554,朝廷非不,1
11555,廷非不盛,1
11556,非不盛譴,1
11557,不盛譴謫,1
11558,盛譴謫良,1
11559,譴謫良難,1
11560,謫良難恃,1
11561,良難恃路,1
11562,難恃路出,1
11563,恃路出大,1
11564,路出大江,1
11565,出大江陰,1
11566,大江陰川,1
11567,江陰川行,1
11568,陰川行碧,1
11569,川行碧峰,1
11570,行碧峰裏,1
11571,碧峰裏斯,1
11572,峰裏斯言,1
11573,裏斯言徒,1
11574,斯言徒自,1
11575,言徒自玷,1
11576,徒自玷白,1
11577,自玷白玉,1
11578,玷白玉豈,1
11579,白玉豈為,1
11580,玉豈為滓,1
11581,豈為滓希,1
11582,為滓希聲,1
11583,滓希聲盡,1
11584,希聲盡眾,1
11585,聲盡眾人,1
11586,盡眾人深,1
11587,眾人深識,1
11588,人深識唯,1
11589,深識唯知,1
11590,識唯知己,1
11591,唯知己知,1
11592,己知己怨,1
11593,知己怨生,1
11594,己怨生離,1
11595,怨生離悠,1
11596,生離悠悠,1
11597,離悠悠天,1
11598,悠悠天一,1
11599,悠天一涯,1
11600,天一涯寸,1
11601,一涯寸心,1
11602,涯寸心因,1
11603,寸心因夢,1
11604,心因夢斷,1
11605,因夢斷孤,1
11606,夢斷孤憤,1
11607,斷孤憤為,1
11608,孤憤為年,1
11609,憤為年移,1
11610,為年移花,1
11611,年移花滿,1
11612,移花滿芙,1
11613,花滿芙蓉,1
11614,滿芙蓉闕,1
11615,芙蓉闕春,1
11616,蓉闕春深,1
11617,闕春深朝,1
11618,春深朝夕,1
11619,深朝夕池,1
11620,朝夕池空,1
11621,夕池空令,1
11622,池空令千,1
11623,空令千萬,1
11624,令千萬里,1
11625,千萬里長,1
11626,萬里長望,1
11627,里長望白,1
11628,長望白雲,1
11629,望白雲垂,1
11630,白雲垂萬,1
11631,雲垂萬國,1
11632,垂萬國朝,1
11633,萬國朝天,1
11634,國朝天中,1
11635,朝天中東,1
11636,天中東隅,1
11637,中東隅道,1
11638,東隅道最,1
11639,隅道最長,1
11640,道最長吾,1
11641,最長吾生,1
11642,長吾生美,1
11643,吾生美無,1
11644,生美無度,1
11645,美無度高,1
11646,無度高駕,1
11647,度高駕仕,1
11648,高駕仕春,1
11649,駕仕春坊,1
11650,仕春坊出,1
11651,春坊出入,1
11652,坊出入蓬,1
11653,出入蓬山,1
11654,入蓬山裏,1
11655,蓬山裏逍,1
11656,山裏逍遙,1
11657,裏逍遙伊,1
11658,逍遙伊水,1
11659,遙伊水傍,1
11660,伊水傍伯,1
11661,水傍伯鸞,1
11662,傍伯鸞游,1
11663,伯鸞游太,1
11664,鸞游太學,1
11665,游太學中,1
11666,太學中夜,1
11667,學中夜一,1
11668,中夜一相,1
11669,夜一相望,1
11670,一相望落,1
11671,相望落日,1
11672,望落日懸,1
11673,落日懸高,1
11674,日懸高殿,1
11675,懸高殿秋,1
11676,高殿秋風,1
11677,殿秋風入,1
11678,秋風入洞,1
11679,風入洞房,1
11680,入洞房屢,1
11681,洞房屢言,1
11682,房屢言相,1
11683,屢言相去,1
11684,相去遠不,1
11685,去遠不覺,1
11686,遠不覺生,1
11687,不覺生朝,1
11688,覺生朝光,1
11689,生朝光天,1
11690,朝光天都,1
11691,光天都分,1
11692,天都分禮,1
11693,都分禮閣,1
11694,分禮閣肅,1
11695,禮閣肅肅,1
11696,閣肅肅臨,1
11697,肅肅臨清,1
11698,肅臨清渠,1
11699,臨清渠春,1
11700,清渠春山,1
11701,渠春山照,1
11702,春山照前,1
11703,山照前屏,1
11704,照前屏高,1
11705,前屏高槐,1
11706,屏高槐蔭,1
11707,高槐蔭內,1
11708,槐蔭內除,1
11709,蔭內除惟,1
11710,內除惟賢,1
11711,除惟賢尚,1
11712,惟賢尚廩,1
11713,賢尚廩祿,1
11714,尚廩祿弟,1
11715,廩祿弟去,1
11716,祿弟去兄,1
11717,弟去兄來,1
11718,去兄來居,1
11719,兄來居文,1
11720,來居文雅,1
11721,居文雅更,1
11722,文雅更驤,1
11723,雅更驤首,1
11724,更驤首風,1
11725,驤首風流,1
11726,首風流信,1
11727,風流信有,1
11728,流信有餘,1
11729,信有餘中,1
11730,有餘中年,1
11731,餘中年幸,1
11732,中年幸從,1
11733,年幸從事,1
11734,幸從事乃,1
11735,從事乃遇,1
11736,事乃遇兩,1
11737,乃遇兩吹,1
11738,遇兩吹噓,1
11739,兩吹噓何,1
11740,吹噓何以,1
11741,噓何以知,1
11742,何以知君,1
11743,以知君子,1
11744,知君子交,1
11745,君子交情,1
11746,子交情複,1
11747,交情複淡,1
11748,情複淡如,1
11749,複淡如春,1
11750,淡如春草,1
11751,如春草生,1
11752,春草生洞,1
11753,草生洞渚,1
11754,生洞渚春,1
11755,洞渚春風,1
11756,渚春風入,1
11757,春風入上,1
11758,風入上林,1
11759,入上林春,1
11760,上林春皋,1
11761,林春皋有,1
11762,春皋有黃,1
11763,皋有黃鶴,1
11764,有黃鶴撫,1
11765,黃鶴撫翮,1
11766,鶴撫翮未,1
11767,撫翮未揚,1
11768,翮未揚音,1
11769,未揚音王,1
11770,揚音王屋,1
11771,音王屋嘗,1
11772,王屋嘗嘉,1
11773,屋嘗嘉遁,1
11774,嘗嘉遁伊,1
11775,嘉遁伊川,1
11776,遁伊川複,1
11777,伊川複陸,1
11778,川複陸沉,1
11779,複陸沉張,1
11780,陸沉張弦,1
11781,沉張弦鶤,1
11782,張弦鶤雞,1
11783,弦鶤雞弄,1
11784,鶤雞弄閉,1
11785,雞弄閉室,1
11786,弄閉室蓬,1
11787,閉室蓬蒿,1
11788,室蓬蒿深,1
11789,蓬蒿深避,1
11790,蒿深避地,1
11791,深避地歌,1
11792,避地歌三,1
11793,地歌三樂,1
11794,歌三樂遊,1
11795,三樂遊山,1
11796,樂遊山賦,1
11797,遊山賦九,1
11798,山賦九吟,1
11799,賦九吟大,1
11800,九吟大君,1
11801,吟大君思,1
11802,大君思左,1
11803,君思左右,1
11804,思左右無,1
11805,左右無乃,1
11806,右無乃化,1
11807,無乃化黃,1
11808,乃化黃金,1
11809,化黃金華,1
11810,黃金華山,1
11811,金華山薄,1
11812,華山薄游,1
11813,山薄游者,1
11814,薄游者玄,1
11815,游者玄發,1
11816,者玄發當,1
11817,玄發當青,1
11818,發當青春,1
11819,當青春道,1
11820,青春道德,1
11821,春道德同,1
11822,道德同仙,1
11823,德同仙吏,1
11824,同仙吏尊,1
11825,仙吏尊卑,1
11826,吏尊卑即,1
11827,尊卑即丈,1
11828,卑即丈人,1
11829,即丈人縣,1
11830,丈人縣城,1
11831,人縣城俯,1
11832,縣城俯京,1
11833,城俯京路,1
11834,俯京路獲,1
11835,京路獲見,1
11836,路獲見官,1
11837,獲見官舍,1
11838,見官舍裏,1
11839,官舍裏淹,1
11840,舍裏淹留,1
11841,裏淹留瓊,1
11842,淹留瓊樹,1
11843,留瓊樹枝,1
11844,瓊樹枝謔,1
11845,樹枝謔浪,1
11846,枝謔浪春,1
11847,謔浪春泉,1
11848,浪春泉水,1
11849,春泉水昔,1
11850,泉水昔餘,1
11851,水昔餘在,1
11852,昔餘在天,1
11853,餘在天目,1
11854,在天目總,1
11855,天目總角,1
11856,目總角奉,1
11857,總角奉遊,1
11858,角奉遊從,1
11859,奉遊從寒,1
11860,遊從寒暑,1
11861,從寒暑遞,1
11862,寒暑遞來,1
11863,暑遞來往,1
11864,遞來往今,1
11865,來往今複,1
11866,往今複蓮,1
11867,今複蓮花,1
11868,複蓮花峰,1
11869,蓮花峰別,1
11870,花峰別情,1
11871,峰別情無,1
11872,別情無遠,1
11873,情無遠近,1
11874,無遠近道,1
11875,遠近道別,1
11876,近道別方,1
11877,道別方愁,1
11878,別方愁予,1
11879,方愁予孰,1
11880,愁予孰想,1
11881,予孰想古,1
11882,孰想古人,1
11883,想古人言,1
11884,古人言乃,1
11885,人言乃知,1
11886,言乃知悲,1
11887,乃知悲風,1
11888,知悲風雨,1
11889,悲風雨薄,1
11890,風雨薄游,1
11891,雨薄游何,1
11892,薄游何所,1
11893,游何所愧,1
11894,何所愧所,1
11895,所愧所愧,1
11896,愧所愧在,1
11897,所愧在閒,1
11898,愧在閒居,1
11899,在閒居親,1
11900,閒居親故,1
11901,居親故不,1
11902,親故不來,1
11903,故不來往,1
11904,不來往中,1
11905,來往中園,1
11906,往中園時,1
11907,中園時讀,1
11908,園時讀書,1
11909,時讀書步,1
11910,讀書步欄,1
11911,書步欄滴,1
11912,步欄滴餘,1
11913,欄滴餘雪,1
11914,滴餘雪春,1
11915,餘雪春塘,1
11916,雪春塘抽,1
11917,春塘抽新,1
11918,塘抽新蒲,1
11919,抽新蒲梧,1
11920,新蒲梧桐,1
11921,蒲梧桐漸,1
11922,梧桐漸覆,1
11923,桐漸覆井,1
11924,漸覆井時,1
11925,覆井時鳥,1
11926,井時鳥自,1
11927,時鳥自相,1
11928,鳥自相呼,1
11929,自相呼悠,1
11930,相呼悠然,1
11931,呼悠然念,1
11932,悠然念故,1
11933,然念故鄉,1
11934,念故鄉乃,1
11935,故鄉乃在,1
11936,鄉乃在天,1
11937,乃在天一,1
11938,在天一隅,1
11939,天一隅安,1
11940,一隅安得,1
11941,隅安得如,1
11942,安得如浮,1
11943,得如浮雲,1
11944,如浮雲來,1
11945,浮雲來往,1
11946,雲來往方,1
11947,來往方須,1
11948,往方須臾,1
11949,方須臾洛,1
11950,須臾洛城,1
11951,臾洛城本,1
11952,洛城本天,1
11953,城本天邑,1
11954,本天邑洛,1
11955,天邑洛水,1
11956,邑洛水即,1
11957,洛水即天,1
11958,水即天池,1
11959,即天池君,1
11960,天池君王,1
11961,池君王既,1
11962,君王既行,1
11963,王既行幸,1
11964,既行幸法,1
11965,行幸法子,1
11966,幸法子複,1
11967,法子複來,1
11968,子複來儀,1
11969,複來儀虛,1
11970,來儀虛室,1
11971,儀虛室香,1
11972,虛室香花,1
11973,室香花滿,1
11974,香花滿清,1
11975,花滿清川,1
11976,滿清川楊,1
11977,清川楊柳,1
11978,川楊柳垂,1
11979,楊柳垂乘,1
11980,柳垂乘閑,1
11981,垂乘閑道,1
11982,乘閑道歸,1
11983,閑道歸去,1
11984,道歸去遠,1
11985,歸去遠意,1
11986,去遠意誰,1
11987,遠意誰能,1
11988,意誰能知,1
11989,誰能知秋,1
11990,能知秋風,1
11991,知秋風隕,1
11992,秋風隕群,1
11993,風隕群木,1
11994,隕群木眾,1
11995,群木眾草,1
11996,木眾草下,1
11997,眾草下嚴,1
11998,草下嚴霜,1
11999,下嚴霜複,1
12000,嚴霜複問,1
12001,霜複問子,1
12002,複問子何,1
12003,問子何如,1
12004,子何如自,1
12005,何如自言,1
12006,如自言之,1
12007,自言之帝,1
12008,言之帝鄉,1
12009,之帝鄉豈,1
12010,帝鄉豈無,1
12011,鄉豈無親,1
12012,豈無親所,1
12013,無親所愛,1
12014,親所愛將,1
12015,所愛將欲,1
12016,愛將欲濟,1
12017,將欲濟時,1
12018,欲濟時康,1
12019,濟時康握,1
12020,時康握手,1
12021,康握手別,1
12022,握手別征,1
12023,手別征駕,1
12024,別征駕返,1
12025,征駕返悲,1
12026,駕返悲岐,1
12027,返悲岐路,1
12028,悲岐路長,1
12029,岐路長新,1
12030,路長新豐,1
12031,長新豐主,1
12032,新豐主人,1
12033,豐主人新,1
12034,主人新酒,1
12035,人新酒熟,1
12036,新酒熟舊,1
12037,酒熟舊客,1
12038,熟舊客還,1
12039,舊客還歸,1
12040,客還歸舊,1
12041,還歸舊堂,1
12042,歸舊堂宿,1
12043,舊堂宿滿,1
12044,堂宿滿酌,1
12045,宿滿酌香,1
12046,滿酌香含,1
12047,酌香含北,1
12048,香含北砌,1
12049,含北砌花,1
12050,北砌花盈,1
12051,砌花盈尊,1
12052,花盈尊色,1
12053,盈尊色泛,1
12054,尊色泛南,1
12055,色泛南軒,1
12056,泛南軒竹,1
12057,南軒竹雲,1
12058,軒竹雲散,1
12059,竹雲散天,1
12060,雲散天高,1
12061,散天高秋,1
12062,天高秋月,1
12063,高秋月明,1
12064,秋月明東,1
12065,月明東家,1
12066,明東家少,1
12067,東家少女,1
12068,家少女解,1
12069,少女解秦,1
12070,女解秦箏,1
12071,解秦箏醉,1
12072,秦箏醉來,1
12073,箏醉來忘,1
12074,醉來忘卻,1
12075,來忘卻巴,1
12076,忘卻巴陵,1
12077,卻巴陵道,1
12078,巴陵道夢,1
12079,陵道夢中,1
12080,道夢中疑,1
12081,夢中疑是,1
12082,中疑是洛,1
12083,疑是洛陽,1
12084,是洛陽城,1
12085,洛陽城君,1
12086,陽城君不,1
12087,城君不見,1
12088,君不見宋,1
12089,不見宋公,1
12090,見宋公仗,1
12091,宋公仗鉞,1
12092,公仗鉞誅,1
12093,仗鉞誅燕,1
12094,鉞誅燕後,1
12095,誅燕後英,1
12096,燕後英雄,1
12097,後英雄踴,1
12098,英雄踴躍,1
12099,雄踴躍爭,1
12100,踴躍爭趨,1
12101,躍爭趨走,1
12102,爭趨走小,1
12103,趨走小會,1
12104,走小會衣,1
12105,小會衣冠,1
12106,會衣冠呂,1
12107,衣冠呂梁,1
12108,冠呂梁壑,1
12109,呂梁壑大,1
12110,梁壑大征,1
12111,壑大征甲,1
12112,大征甲卒,1
12113,征甲卒碻,1
12114,甲卒碻磝,1
12115,卒碻磝口,1
12116,碻磝口天,1
12117,磝口天門,1
12118,口天門神,1
12119,天門神武,1
12120,門神武樹,1
12121,神武樹元,1
12122,武樹元勳,1
12123,樹元勳九,1
12124,元勳九日,1
12125,勳九日茱,1
12126,九日茱萸,1
12127,日茱萸饗,1
12128,茱萸饗六,1
12129,萸饗六軍,1
12130,饗六軍泛,1
12131,六軍泛泛,1
12132,軍泛泛樓,1
12133,泛泛樓船,1
12134,泛樓船遊,1
12135,樓船遊極,1
12136,船遊極浦,1
12137,遊極浦搖,1
12138,極浦搖搖,1
12139,浦搖搖歌,1
12140,搖搖歌吹,1
12141,搖歌吹動,1
12142,歌吹動浮,1
12143,吹動浮雲,1
12144,動浮雲居,1
12145,浮雲居人,1
12146,雲居人滿,1
12147,居人滿目,1
12148,人滿目市,1
12149,滿目市朝,1
12150,目市朝變,1
12151,市朝變霸,1
12152,朝變霸業,1
12153,變霸業猶,1
12154,霸業猶存,1
12155,業猶存齊,1
12156,猶存齊楚,1
12157,存齊楚甸,1
12158,齊楚甸泗,1
12159,楚甸泗水,1
12160,甸泗水南,1
12161,泗水南流,1
12162,水南流桐,1
12163,南流桐柏,1
12164,流桐柏川,1
12165,桐柏川沂,1
12166,柏川沂山,1
12167,川沂山北,1
12168,沂山北走,1
12169,山北走琅,1
12170,北走琅琊,1
12171,走琅琊縣,1
12172,琅琊縣滄,1
12173,琊縣滄海,1
12174,縣滄海沉,1
12175,滄海沉沉,1
12176,海沉沉晨,1
12177,沉沉晨霧,1
12178,沉晨霧開,1
12179,晨霧開彭,1
12180,霧開彭城,1
12181,開彭城烈,1
12182,彭城烈烈,1
12183,城烈烈秋,1
12184,烈烈秋風,1
12185,烈秋風來,1
12186,秋風來少,1
12187,風來少年,1
12188,來少年自,1
12189,少年自古,1
12190,年自古未,1
12191,自古未得,1
12192,古未得意,1
12193,未得意日,1
12194,得意日暮,1
12195,意日暮蕭,1
12196,日暮蕭條,1
12197,暮蕭條登,1
12198,蕭條登古,1
12199,條登古台,1
12200,登古台取,1
12201,古台取勝,1
12202,台取勝小,1
12203,取勝小非,1
12204,勝小非用,1
12205,小非用來,1
12206,非用來朝,1
12207,用來朝明,1
12208,來朝明光,1
12209,朝明光殿,1
12210,明光殿東,1
12211,光殿東平,1
12212,殿東平不,1
12213,東平不足,1
12214,平不足先,1
12215,不足先夢,1
12216,足先夢出,1
12217,先夢出鳳,1
12218,夢出鳳林,1
12219,出鳳林間,1
12220,鳳林間夢,1
12221,林間夢還,1
12222,間夢還滄,1
12223,夢還滄海,1
12224,還滄海闕,1
12225,滄海闕萬,1
12226,海闕萬里,1
12227,闕萬里盡,1
12228,萬里盡陰,1
12229,里盡陰色,1
12230,盡陰色豈,1
12231,陰色豈為,1
12232,色豈為我,1
12233,豈為我離,1
12234,為我離別,1
12235,我離別馬,1
12236,離別馬上,1
12237,別馬上吹,1
12238,馬上吹笛,1
12239,上吹笛起,1
12240,吹笛起寒,1
12241,笛起寒風,1
12242,起寒風道,1
12243,寒風道傍,1
12244,風道傍舞,1
12245,道傍舞劍,1
12246,傍舞劍飛,1
12247,舞劍飛春,1
12248,劍飛春雪,1
12249,飛春雪男,1
12250,春雪男兒,1
12251,雪男兒懸,1
12252,男兒懸弧,1
12253,兒懸弧非,1
12254,懸弧非一,1
12255,弧非一日,1
12256,非一日君,1
12257,一日君去,1
12258,日君去成,1
12259,君去成高,1
12260,去成高節,1
12261,成高節青,1
12262,高節青楓,1
12263,節青楓江,1
12264,青楓江上,1
12265,楓江上滄,1
12266,江上滄浪,1
12267,上滄浪吟,1
12268,滄浪吟白,1
12269,浪吟白月,1
12270,吟白月宮,1
12271,白月宮中,1
12272,月宮中鸚,1
12273,宮中鸚鵡,1
12274,中鸚鵡林,1
12275,鸚鵡林非,1
12276,鵡林非有,1
12277,林非有淨,1
12278,非有淨清,1
12279,有淨清心,1
12280,淨清心同,1
12281,清心同道,1
12282,心同道同,1
12283,同道同房,1
12284,道同房若,1
12285,同房若斷,1
12286,房若斷金,1
12287,若斷金離,1
12288,斷金離居,1
12289,金離居忽,1
12290,離居忽有,1
12291,居忽有雲,1
12292,忽有雲山,1
12293,有雲山意,1
12294,雲山意清,1
12295,山意清韻,1
12296,意清韻遙,1
12297,清韻遙轉,1
12298,韻遙轉舟,1
12299,遙轉舟楫,1
12300,轉舟楫事,1
12301,舟楫事去,1
12302,楫事去時,1
12303,事去時能,1
12304,去時能憶,1
12305,時能憶竹,1
12306,能憶竹園,1
12307,憶竹園游,1
12308,竹園游來,1
12309,園游來時,1
12310,游來時莫,1
12311,來時莫忘,1
12312,時莫忘桃,1
12313,莫忘桃園,1
12314,忘桃園記,1
12315,桃園記嫋,1
12316,園記嫋嫋,1
12317,記嫋嫋長,1
12318,嫋嫋長數,1
12319,嫋長數尋,1
12320,長數尋青,1
12321,數尋青青,1
12322,尋青青不,1
12323,青青不作,1
12324,青不作林,1
12325,不作林一,1
12326,作林一莖,1
12327,林一莖獨,1
12328,一莖獨秀,1
12329,莖獨秀當,1
12330,獨秀當庭,1
12331,秀當庭心,1
12332,當庭心數,1
12333,庭心數枝,1
12334,心數枝分,1
12335,數枝分作,1
12336,枝分作滿,1
12337,分作滿庭,1
12338,作滿庭陰,1
12339,滿庭陰春,1
12340,庭陰春日,1
12341,陰春日遲,1
12342,春日遲遲,1
12343,日遲遲欲,1
12344,遲遲欲將,1
12345,遲欲將半,1
12346,欲將半庭,1
12347,將半庭影,1
12348,半庭影離,1
12349,庭影離離,1
12350,影離離正,1
12351,離離正堪,1
12352,離正堪玩,1
12353,正堪玩枝,1
12354,堪玩枝上,1
12355,玩枝上鶯,1
12356,枝上鶯嬌,1
12357,上鶯嬌不,1
12358,鶯嬌不畏,1
12359,嬌不畏人,1
12360,不畏人葉,1
12361,畏人葉底,1
12362,人葉底蛾,1
12363,葉底蛾飛,1
12364,底蛾飛自,1
12365,蛾飛自相,1
12366,飛自相亂,1
12367,自相亂秦,1
12368,相亂秦家,1
12369,亂秦家女,1
12370,秦家女兒,1
12371,家女兒愛,1
12372,女兒愛芳,1
12373,兒愛芳菲,1
12374,愛芳菲畫,1
12375,芳菲畫眉,1
12376,菲畫眉相,1
12377,畫眉相伴,1
12378,眉相伴采,1
12379,相伴采葳,1
12380,伴采葳蕤,1
12381,采葳蕤高,1
12382,葳蕤高處,1
12383,蕤高處紅,1
12384,高處紅須,1
12385,處紅須欲,1
12386,紅須欲就,1
12387,須欲就手,1
12388,欲就手低,1
12389,就手低邊,1
12390,手低邊綠,1
12391,低邊綠刺,1
12392,邊綠刺已,1
12393,綠刺已牽,1
12394,刺已牽衣,1
12395,已牽衣蒲,1
12396,牽衣蒲萄,1
12397,衣蒲萄架,1
12398,蒲萄架上,1
12399,萄架上朝,1
12400,架上朝光,1
12401,上朝光滿,1
12402,朝光滿楊,1
12403,光滿楊柳,1
12404,滿楊柳園,1
12405,楊柳園中,1
12406,柳園中暝,1
12407,園中暝鳥,1
12408,中暝鳥飛,1
12409,暝鳥飛連,1
12410,鳥飛連袂,1
12411,飛連袂踏,1
12412,連袂踏歌,1
12413,袂踏歌從,1
12414,踏歌從此,1
12415,歌從此去,1
12416,從此去風,1
12417,此去風吹,1
12418,去風吹香,1
12419,風吹香氣,1
12420,吹香氣逐,1
12421,香氣逐人,1
12422,氣逐人歸,1
12423,逐人歸今,1
12424,人歸今之,1
12425,歸今之太,1
12426,今之太守,1
12427,之太守古,1
12428,太守古諸,1
12429,守古諸侯,1
12430,古諸侯出,1
12431,諸侯出入,1
12432,侯出入雙,1
12433,出入雙旌,1
12434,入雙旌垂,1
12435,雙旌垂七,1
12436,旌垂七旒,1
12437,垂七旒朝,1
12438,七旒朝覽,1
12439,旒朝覽干,1
12440,朝覽干戈,1
12441,覽干戈時,1
12442,干戈時聽,1
12443,戈時聽訟,1
12444,時聽訟暮,1
12445,聽訟暮延,1
12446,訟暮延賓,1
12447,暮延賓客,1
12448,延賓客複,1
12449,賓客複登,1
12450,客複登樓,1
12451,複登樓西,1
12452,登樓西山,1
12453,樓西山漠,1
12454,西山漠漠,1
12455,山漠漠崦,1
12456,漠漠崦嵫,1
12457,漠崦嵫色,1
12458,崦嵫色北,1
12459,嵫色北渚,1
12460,色北渚沉,1
12461,北渚沉沉,1
12462,渚沉沉江,1
12463,沉沉江漢,1
12464,沉江漢流,1
12465,江漢流良,1
12466,漢流良宵,1
12467,流良宵清,1
12468,良宵清淨,1
12469,宵清淨方,1
12470,清淨方高,1
12471,淨方高會,1
12472,方高會繡,1
12473,高會繡服,1
12474,會繡服光,1
12475,繡服光輝,1
12476,服光輝聯,1
12477,光輝聯皂,1
12478,輝聯皂蓋,1
12479,聯皂蓋魚,1
12480,皂蓋魚龍,1
12481,蓋魚龍恍,1
12482,魚龍恍惚,1
12483,龍恍惚階,1
12484,恍惚階墀,1
12485,惚階墀下,1
12486,階墀下雲,1
12487,墀下雲霧,1
12488,下雲霧杳,1
12489,雲霧杳冥,1
12490,霧杳冥窗,1
12491,杳冥窗戶,1
12492,冥窗戶外,1
12493,窗戶外水,1
12494,戶外水靈,1
12495,外水靈慷,1
12496,水靈慷慨,1
12497,靈慷慨行,1
12498,慷慨行泣,1
12499,慨行泣珠,1
12500,行泣珠遊,1
12501,泣珠遊女,1
12502,珠遊女飄,1
12503,遊女飄颻,1
12504,女飄颻思,1
12505,飄颻思解,1
12506,颻思解佩,1
12507,思解佩蒼,1
12508,解佩蒼蒼,1
12509,佩蒼蒼低,1
12510,蒼蒼低月,1
12511,蒼低月半,1
12512,低月半遙,1
12513,月半遙城,1
12514,半遙城落,1
12515,遙城落落,1
12516,城落落疏,1
12517,落疏星滿,1
12518,疏星滿太,1
12519,星滿太清,1
12520,滿太清不,1
12521,太清不分,1
12522,清不分開,1
12523,不分開襟,1
12524,分開襟悲,1
12525,開襟悲楚,1
12526,襟悲楚奏,1
12527,悲楚奏願,1
12528,楚奏願言,1
12529,奏願言吹,1
12530,願言吹笛,1
12531,言吹笛退,1
12532,吹笛退胡,1
12533,笛退胡兵,1
12534,退胡兵軒,1
12535,胡兵軒後,1
12536,兵軒後青,1
12537,軒後青丘,1
12538,後青丘埋,1
12539,青丘埋猰,1
12540,丘埋猰貐,1
12541,埋猰貐周,1
12542,猰貐周王,1
12543,貐周王白,1
12544,周王白羽,1
12545,王白羽掃,1
12546,白羽掃欃,1
12547,羽掃欃槍,1
12548,掃欃槍期,1
12549,欃槍期君,1
12550,槍期君武,1
12551,期君武節,1
12552,君武節朝,1
12553,武節朝龍,1
12554,節朝龍闕,1
12555,朝龍闕餘,1
12556,龍闕餘亦,1
12557,闕餘亦翱,1
12558,餘亦翱翔,1
12559,亦翱翔歸,1
12560,翱翔歸玉,1
12561,翔歸玉京,1
12562,歸玉京他,1
12563,玉京他日,1
12564,京他日曾,1
12565,他日曾游,1
12566,日曾游魏,1
12567,曾游魏魏,1
12568,游魏魏家,1
12569,魏魏家餘,1
12570,魏家餘趾,1
12571,家餘趾存,1
12572,餘趾存可,1
12573,趾存可憐,1
12574,存可憐宮,1
12575,可憐宮殿,1
12576,憐宮殿所,1
12577,宮殿所但,1
12578,殿所但見,1
12579,所但見桑,1
12580,但見桑榆,1
12581,見桑榆繁,1
12582,桑榆繁此,1
12583,榆繁此去,1
12584,繁此去拜,1
12585,此去拜新,1
12586,去拜新職,1
12587,拜新職為,1
12588,新職為榮,1
12589,職為榮近,1
12590,為榮近故,1
12591,榮近故園,1
12592,近故園高,1
12593,故園高陽,1
12594,園高陽八,1
12595,高陽八才,1
12596,陽八才子,1
12597,八才子況,1
12598,才子況複,1
12599,子況複在,1
12600,況複在君,1
12601,複在君門,1
12602,在君門明,1
12603,君門明牧,1
12604,門明牧念,1
12605,明牧念行,1
12606,牧念行子,1
12607,念行子又,1
12608,行子又言,1
12609,子又言悲,1
12610,又言悲解,1
12611,言悲解攜,1
12612,悲解攜初,1
12613,解攜初筵,1
12614,攜初筵方,1
12615,初筵方落,1
12616,筵方落日,1
12617,方落日醉,1
12618,落日醉止,1
12619,日醉止到,1
12620,醉止到鳴,1
12621,止到鳴雞,1
12622,到鳴雞過,1
12623,鳴雞過客,1
12624,雞過客來,1
12625,過客來自,1
12626,客來自北,1
12627,來自北大,1
12628,自北大軍,1
12629,北大軍居,1
12630,大軍居在,1
12631,軍居在西,1
12632,居在西丘,1
12633,在西丘家,1
12634,西丘家如,1
12635,丘家如討,1
12636,家如討逆,1
12637,如討逆敢,1
12638,討逆敢以,1
12639,逆敢以庶,1
12640,敢以庶盤,1
12641,以庶盤溪,1
12642,庶盤溪東,1
12643,盤溪東城,1
12644,溪東城別,1
12645,東城別故,1
12646,城別故人,1
12647,別故人臘,1
12648,故人臘月,1
12649,人臘月遲,1
12650,臘月遲芳,1
12651,月遲芳辰,1
12652,遲芳辰不,1
12653,芳辰不惜,1
12654,辰不惜孤,1
12655,不惜孤舟,1
12656,惜孤舟去,1
12657,孤舟去其,1
12658,舟去其如,1
12659,去其如兩,1
12660,其如兩地,1
12661,如兩地春,1
12662,兩地春花,1
12663,地春花明,1
12664,春花明洛,1
12665,花明洛陽,1
12666,明洛陽苑,1
12667,洛陽苑水,1
12668,陽苑水綠,1
12669,苑水綠小,1
12670,水綠小平,1
12671,綠小平津,1
12672,小平津是,1
12673,平津是日,1
12674,津是日不,1
12675,是日不相,1
12676,日不相見,1
12677,不相見鶯,1
12678,相見鶯聲,1
12679,見鶯聲徒,1
12680,鶯聲徒自,1
12681,聲徒自新,1
12682,徒自新楚,1
12683,自新楚國,1
12684,新楚國千,1
12685,楚國千里,1
12686,國千里遠,1
12687,千里遠孰,1
12688,里遠孰知,1
12689,遠孰知方,1
12690,孰知方寸,1
12691,知方寸違,1
12692,方寸違春,1
12693,寸違春遊,1
12694,違春遊歡,1
12695,春遊歡有,1
12696,遊歡有客,1
12697,歡有客夕,1
12698,有客夕寢,1
12699,客夕寢賦,1
12700,夕寢賦無,1
12701,寢賦無衣,1
12702,賦無衣江,1
12703,無衣江水,1
12704,衣江水帶,1
12705,江水帶冰,1
12706,水帶冰綠,1
12707,帶冰綠桃,1
12708,冰綠桃花,1
12709,綠桃花隨,1
12710,桃花隨雨,1
12711,花隨雨飛,1
12712,隨雨飛九,1
12713,雨飛九歌,1
12714,飛九歌有,1
12715,九歌有深,1
12716,歌有深意,1
12717,有深意捐,1
12718,深意捐佩,1
12719,意捐佩乃,1
12720,捐佩乃言,1
12721,佩乃言歸,1
12722,乃言歸明,1
12723,言歸明月,1
12724,歸明月掛,1
12725,明月掛青,1
12726,月掛青天,1
12727,掛青天遙,1
12728,青天遙遙,1
12729,天遙遙如,1
12730,遙遙如目,1
12731,遙如目前,1
12732,如目前故,1
12733,目前故人,1
12734,前故人游,1
12735,故人游畫,1
12736,人游畫閣,1
12737,游畫閣卻,1
12738,畫閣卻望,1
12739,閣卻望似,1
12740,卻望似雲,1
12741,望似雲邊,1
12742,似雲邊水,1
12743,雲邊水宿,1
12744,邊水宿依,1
12745,水宿依漁,1
12746,宿依漁父,1
12747,依漁父歌,1
12748,漁父歌聲,1
12749,父歌聲好,1
12750,歌聲好採,1
12751,聲好採蓮,1
12752,好採蓮採,1
12753,採蓮採蓮,1
12754,蓮採蓮江,1
12755,採蓮江上,1
12756,蓮江上曲,1
12757,江上曲今,1
12758,上曲今夕,1
12759,曲今夕為,1
12760,今夕為君,1
12761,夕為君傳,1
12762,為君傳郊,1
12763,君傳郊外,1
12764,傳郊外亭,1
12765,郊外亭皋,1
12766,外亭皋遠,1
12767,亭皋遠野,1
12768,皋遠野中,1
12769,遠野中岐,1
12770,野中岐路,1
12771,中岐路分,1
12772,岐路分苑,1
12773,路分苑門,1
12774,分苑門臨,1
12775,苑門臨渭,1
12776,門臨渭水,1
12777,臨渭水山,1
12778,渭水山翠,1
12779,水山翠雜,1
12780,山翠雜春,1
12781,翠雜春雲,1
12782,雜春雲秦,1
12783,春雲秦閣,1
12784,雲秦閣多,1
12785,秦閣多遺,1
12786,閣多遺典,1
12787,多遺典吳,1
12788,遺典吳台,1
12789,典吳台訪,1
12790,吳台訪闕,1
12791,台訪闕文,1
12792,訪闕文君,1
12793,闕文君王,1
12794,文君王思,1
12795,君王思校,1
12796,王思校理,1
12797,思校理莫,1
12798,校理莫滯,1
12799,理莫滯清,1
12800,莫滯清江,1
12801,滯清江濆,1
12802,清江濆寒,1
12803,江濆寒潮,1
12804,濆寒潮信,1
12805,寒潮信未,1
12806,潮信未起,1
12807,信未起出,1
12808,未起出浦,1
12809,起出浦纜,1
12810,出浦纜孤,1
12811,浦纜孤舟,1
12812,纜孤舟一,1
12813,孤舟一夜,1
12814,舟一夜苦,1
12815,一夜苦風,1
12816,夜苦風浪,1
12817,苦風浪自,1
12818,風浪自然,1
12819,浪自然增,1
12820,自然增旅,1
12821,然增旅愁,1
12822,增旅愁吳,1
12823,旅愁吳山,1
12824,愁吳山遲,1
12825,吳山遲海,1
12826,山遲海月,1
12827,遲海月楚,1
12828,海月楚火,1
12829,月楚火照,1
12830,楚火照江,1
12831,火照江流,1
12832,照江流欲,1
12833,江流欲有,1
12834,流欲有知,1
12835,欲有知音,1
12836,有知音者,1
12837,知音者異,1
12838,音者異鄉,1
12839,者異鄉誰,1
12840,異鄉誰可,1
12841,鄉誰可求,1
12842,誰可求朝,1
12843,可求朝游,1
12844,求朝游天,1
12845,朝游天苑,1
12846,游天苑外,1
12847,天苑外忽,1
12848,苑外忽見,1
12849,外忽見法,1
12850,忽見法筵,1
12851,見法筵開,1
12852,法筵開山,1
12853,筵開山勢,1
12854,開山勢當,1
12855,山勢當空,1
12856,勢當空出,1
12857,當空出雲,1
12858,空出雲陰,1
12859,出雲陰滿,1
12860,雲陰滿地,1
12861,陰滿地來,1
12862,滿地來疏,1
12863,地來疏鐘,1
12864,來疏鐘清,1
12865,疏鐘清月,1
12866,鐘清月殿,1
12867,清月殿幽,1
12868,月殿幽梵,1
12869,殿幽梵靜,1
12870,幽梵靜花,1
12871,梵靜花台,1
12872,靜花台日,1
12873,花台日暮,1
12874,台日暮香,1
12875,日暮香林,1
12876,暮香林下,1
12877,香林下飄,1
12878,林下飄飄,1
12879,下飄飄仙,1
12880,飄飄仙步,1
12881,飄仙步回,1
12882,仙步回禪,1
12883,步回禪宮,1
12884,回禪宮分,1
12885,禪宮分兩,1
12886,宮分兩地,1
12887,分兩地釋,1
12888,兩地釋子,1
12889,地釋子一,1
12890,釋子一為,1
12891,子一為心,1
12892,一為心入,1
12893,為心入道,1
12894,心入道無,1
12895,入道無來,1
12896,道無來去,1
12897,無來去清,1
12898,來去清言,1
12899,去清言見,1
12900,清言見古,1
12901,言見古今,1
12902,見古今江,1
12903,古今江寒,1
12904,今江寒池,1
12905,江寒池水,1
12906,寒池水綠,1
12907,池水綠山,1
12908,水綠山暝,1
12909,綠山暝竹,1
12910,山暝竹園,1
12911,暝竹園深,1
12912,竹園深別,1
12913,園深別有,1
12914,深別有中,1
12915,別有中天,1
12916,有中天月,1
12917,中天月遙,1
12918,天月遙遙,1
12919,月遙遙散,1
12920,遙遙散夕,1
12921,遙散夕陰,1
12922,散夕陰山,1
12923,夕陰山中,1
12924,陰山中有,1
12925,山中有流,1
12926,中有流水,1
12927,有流水借,1
12928,流水借問,1
12929,水借問不,1
12930,借問不知,1
12931,問不知名,1
12932,不知名映,1
12933,知名映地,1
12934,名映地為,1
12935,映地為天,1
12936,地為天色,1
12937,為天色飛,1
12938,天色飛空,1
12939,色飛空作,1
12940,飛空作雨,1
12941,空作雨聲,1
12942,作雨聲轉,1
12943,雨聲轉來,1
12944,聲轉來深,1
12945,轉來深澗,1
12946,來深澗滿,1
12947,深澗滿分,1
12948,澗滿分出,1
12949,滿分出小,1
12950,分出小池,1
12951,出小池平,1
12952,小池平恬,1
12953,池平恬澹,1
12954,平恬澹無,1
12955,恬澹無人,1
12956,澹無人見,1
12957,無人見年,1
12958,人見年年,1
12959,見年年長,1
12960,年年長自,1
12961,年長自清,1
12962,長自清上,1
12963,自清上士,1
12964,清上士既,1
12965,上士既開,1
12966,士既開天,1
12967,既開天中,1
12968,開天中朝,1
12969,天中朝為,1
12970,中朝為得,1
12971,朝為得賢,1
12972,為得賢青,1
12973,得賢青雲,1
12974,賢青雲方,1
12975,青雲方羽,1
12976,雲方羽翼,1
12977,方羽翼畫,1
12978,羽翼畫省,1
12979,翼畫省比,1
12980,畫省比神,1
12981,省比神仙,1
12982,比神仙委,1
12983,神仙委佩,1
12984,仙委佩雲,1
12985,委佩雲霄,1
12986,佩雲霄裏,1
12987,雲霄裏含,1
12988,霄裏含香,1
12989,裏含香日,1
12990,含香日月,1
12991,香日月前,1
12992,日月前君,1
12993,月前君王,1
12994,前君王儻,1
12995,君王儻借,1
12996,王儻借問,1
12997,儻借問客,1
12998,借問客有,1
12999,問客有上,1
13000,客有上林,1
13001,有上林篇,1
13002,上林篇皇,1
13003,林篇皇州,1
13004,篇皇州月,1
13005,皇州月初,1
13006,州月初曉,1
13007,月初曉處,1
13008,初曉處處,1
13009,曉處處鼓,1
13010,處處鼓鐘,1
13011,處鼓鐘喧,1
13012,鼓鐘喧樹,1
13013,鐘喧樹出,1
13014,喧樹出蓬,1
13015,樹出蓬萊,1
13016,出蓬萊殿,1
13017,蓬萊殿城,1
13018,萊殿城開,1
13019,殿城開閶,1
13020,城開閶闔,1
13021,開閶闔門,1
13022,閶闔門近,1
13023,闔門近臣,1
13024,門近臣朝,1
13025,近臣朝瑣,1
13026,臣朝瑣闥,1
13027,朝瑣闥詞,1
13028,瑣闥詞客,1
13029,闥詞客向,1
13030,詞客向文,1
13031,客向文園,1
13032,向文園獨,1
13033,文園獨有,1
13034,園獨有三,1
13035,獨有三川,1
13036,有三川路,1
13037,三川路空,1
13038,川路空傷,1
13039,路空傷遊,1
13040,空傷遊子,1
13041,傷遊子魂,1
13042,遊子魂門,1
13043,子魂門生,1
13044,魂門生故,1
13045,門生故來,1
13046,生故來往,1
13047,故來往知,1
13048,來往知欲,1
13049,往知欲命,1
13050,知欲命浮,1
13051,欲命浮觴,1
13052,命浮觴忽,1
13053,浮觴忽奉,1
13054,觴忽奉朝,1
13055,忽奉朝青,1
13056,奉朝青閣,1
13057,朝青閣回,1
13058,青閣回車,1
13059,閣回車入,1
13060,回車入上,1
13061,車入上陽,1
13062,入上陽落,1
13063,上陽落花,1
13064,陽落花滿,1
13065,落花滿春,1
13066,花滿春水,1
13067,滿春水疏,1
13068,春水疏柳,1
13069,水疏柳映,1
13070,疏柳映新,1
13071,柳映新塘,1
13072,映新塘是,1
13073,新塘是日,1
13074,塘是日歸,1
13075,是日歸來,1
13076,日歸來暮,1
13077,歸來暮勞,1
13078,來暮勞君,1
13079,暮勞君奏,1
13080,勞君奏雅,1
13081,君奏雅章,1
13082,奏雅章青,1
13083,雅章青闕,1
13084,章青闕朝,1
13085,青闕朝初,1
13086,闕朝初退,1
13087,朝初退白,1
13088,初退白雲,1
13089,退白雲遙,1
13090,白雲遙在,1
13091,雲遙在天,1
13092,遙在天非,1
13093,在天非關,1
13094,天非關取,1
13095,非關取雷,1
13096,關取雷雨,1
13097,取雷雨故,1
13098,雷雨故欲,1
13099,雨故欲伴,1
13100,故欲伴神,1
13101,欲伴神仙,1
13102,伴神仙泛,1
13103,神仙泛灩,1
13104,仙泛灩鵷,1
13105,泛灩鵷池,1
13106,灩鵷池曲,1
13107,鵷池曲飄,1
13108,池曲飄颻,1
13109,曲飄颻瑣,1
13110,飄颻瑣闥,1
13111,颻瑣闥前,1
13112,瑣闥前猶,1
13113,闥前猶多,1
13114,前猶多遠,1
13115,猶多遠山,1
13116,多遠山意,1
13117,遠山意幸,1
13118,山意幸入,1
13119,意幸入侍,1
13120,幸入侍臣,1
13121,入侍臣篇,1
13122,侍臣篇故,1
13123,臣篇故壇,1
13124,篇故壇何,1
13125,故壇何肅,1
13126,壇何肅肅,1
13127,何肅肅中,1
13128,肅肅中野,1
13129,肅中野自,1
13130,中野自無,1
13131,野自無喧,1
13132,自無喧烈,1
13133,無喧烈火,1
13134,喧烈火見,1
13135,烈火見陳,1
13136,火見陳信,1
13137,見陳信颺,1
13138,陳信颺言,1
13139,信颺言聞,1
13140,颺言聞永,1
13141,言聞永存,1
13142,聞永存房,1
13143,永存房星,1
13144,存房星隱,1
13145,房星隱曙,1
13146,星隱曙色,1
13147,隱曙色朔,1
13148,曙色朔風,1
13149,色朔風動,1
13150,朔風動寒,1
13151,風動寒原,1
13152,動寒原今,1
13153,寒原今日,1
13154,原今日歌,1
13155,今日歌天,1
13156,日歌天馬,1
13157,歌天馬非,1
13158,天馬非關,1
13159,馬非關征,1
13160,非關征大,1
13161,關征大宛,1
13162,征大宛聖,1
13163,大宛聖主,1
13164,宛聖主禦,1
13165,聖主禦青,1
13166,主禦青春,1
13167,禦青春綸,1
13168,青春綸言,1
13169,春綸言命,1
13170,綸言命使,1
13171,言命使臣,1
13172,命使臣將,1
13173,使臣將修,1
13174,臣將修風,1
13175,將修風伯,1
13176,修風伯祀,1
13177,風伯祀更,1
13178,伯祀更福,1
13179,祀更福太,1
13180,更福太平,1
13181,福太平人,1
13182,太平人帟,1
13183,平人帟幕,1
13184,人帟幕宵,1
13185,帟幕宵聯,1
13186,幕宵聯事,1
13187,宵聯事壇,1
13188,聯事壇場,1
13189,事壇場曉,1
13190,壇場曉降,1
13191,場曉降神,1
13192,曉降神帝,1
13193,降神帝心,1
13194,神帝心矜,1
13195,帝心矜動,1
13196,心矜動物,1
13197,矜動物非,1
13198,動物非為,1
13199,物非為屬,1
13200,非為屬車,1
13201,為屬車人,1
13202,屬車人泊,1
13203,車人泊舟,1
13204,人泊舟伊,1
13205,泊舟伊川,1
13206,舟伊川右,1
13207,伊川右正,1
13208,川右正見,1
13209,右正見野,1
13210,正見野人,1
13211,見野人歸,1
13212,野人歸日,1
13213,人歸日暮,1
13214,歸日暮春,1
13215,日暮春山,1
13216,暮春山綠,1
13217,春山綠我,1
13218,山綠我心,1
13219,綠我心清,1
13220,我心清且,1
13221,心清且微,1
13222,清且微岩,1
13223,且微岩聲,1
13224,微岩聲風,1
13225,岩聲風雨,1
13226,聲風雨度,1
13227,風雨度水,1
13228,雨度水氣,1
13229,度水氣雲,1
13230,水氣雲霞,1
13231,氣雲霞飛,1
13232,雲霞飛複,1
13233,霞飛複有,1
13234,飛複有金,1
13235,複有金門,1
13236,有金門客,1
13237,金門客來,1
13238,門客來參,1
13239,客來參蘿,1
13240,來參蘿薜,1
13241,參蘿薜衣,1
13242,蘿薜衣白,1
13243,薜衣白雪,1
13244,衣白雪宜,1
13245,白雪宜新,1
13246,雪宜新舞,1
13247,宜新舞清,1
13248,新舞清宵,1
13249,舞清宵召,1
13250,清宵召楚,1
13251,宵召楚妃,1
13252,召楚妃嬌,1
13253,楚妃嬌童,1
13254,妃嬌童攜,1
13255,嬌童攜錦,1
13256,童攜錦薦,1
13257,攜錦薦侍,1
13258,錦薦侍女,1
13259,薦侍女整,1
13260,侍女整羅,1
13261,女整羅衣,1
13262,整羅衣花,1
13263,羅衣花映,1
13264,衣花映垂,1
13265,花映垂鬟,1
13266,映垂鬟轉,1
13267,垂鬟轉香,1
13268,鬟轉香迎,1
13269,轉香迎步,1
13270,香迎步履,1
13271,迎步履飛,1
13272,步履飛徐,1
13273,履飛徐徐,1
13274,飛徐徐斂,1
13275,徐徐斂長,1
13276,徐斂長袖,1
13277,斂長袖雙,1
13278,長袖雙燭,1
13279,袖雙燭送,1
13280,雙燭送將,1
13281,燭送將歸,1
13282,送將歸河,1
13283,將歸河橋,1
13284,歸河橋送,1
13285,河橋送客,1
13286,橋送客舟,1
13287,送客舟河,1
13288,客舟河水,1
13289,舟河水正,1
13290,河水正安,1
13291,水正安流,1
13292,正安流遠,1
13293,安流遠見,1
13294,流遠見輕,1
13295,遠見輕橈,1
13296,見輕橈動,1
13297,輕橈動遙,1
13298,橈動遙憐,1
13299,動遙憐故,1
13300,遙憐故國,1
13301,憐故國遊,1
13302,故國遊海,1
13303,國遊海禽,1
13304,遊海禽逢,1
13305,海禽逢早,1
13306,禽逢早雁,1
13307,逢早雁江,1
13308,早雁江月,1
13309,雁江月值,1
13310,江月值新,1
13311,月值新秋,1
13312,值新秋一,1
13313,新秋一聽,1
13314,秋一聽南,1
13315,一聽南津,1
13316,聽南津曲,1
13317,南津曲分,1
13318,津曲分明,1
13319,曲分明散,1
13320,分明散別,1
13321,明散別愁,1
13322,散別愁二,1
13323,別愁二月,1
13324,愁二月清,1
13325,二月清江,1
13326,月清江外,1
13327,清江外遙,1
13328,江外遙遙,1
13329,外遙遙餞,1
13330,遙遙餞故,1
13331,遙餞故人,1
13332,餞故人南,1
13333,故人南山,1
13334,人南山晴,1
13335,南山晴有,1
13336,山晴有雪,1
13337,晴有雪東,1
13338,有雪東陌,1
13339,雪東陌霽,1
13340,東陌霽無,1
13341,陌霽無塵,1
13342,霽無塵騎,1
13343,無塵騎別,1
13344,塵騎別章,1
13345,騎別章台,1
13346,別章台晚,1
13347,章台晚舟,1
13348,台晚舟行,1
13349,晚舟行洛,1
13350,舟行洛水,1
13351,行洛水春,1
13352,洛水春知,1
13353,水春知君,1
13354,春知君梁,1
13355,知君梁苑,1
13356,君梁苑去,1
13357,梁苑去日,1
13358,苑去日見,1
13359,去日見白,1
13360,日見白華,1
13361,見白華新,1
13362,白華新洛,1
13363,華新洛城,1
13364,新洛城春,1
13365,洛城春雨,1
13366,城春雨霽,1
13367,春雨霽相,1
13368,雨霽相送,1
13369,霽相送下,1
13370,相送下江,1
13371,送下江鄉,1
13372,下江鄉樹,1
13373,江鄉樹綠,1
13374,鄉樹綠天,1
13375,樹綠天津,1
13376,綠天津道,1
13377,天津道山,1
13378,津道山明,1
13379,道山明伊,1
13380,山明伊水,1
13381,明伊水陽,1
13382,伊水陽孤,1
13383,水陽孤舟,1
13384,陽孤舟從,1
13385,孤舟從此,1
13386,舟從此去,1
13387,從此去客,1
13388,此去客思,1
13389,去客思一,1
13390,客思一何,1
13391,思一何長,1
13392,一何長直,1
13393,何長直望,1
13394,長直望清,1
13395,直望清波,1
13396,望清波里,1
13397,清波里唯,1
13398,波里唯餘,1
13399,里唯餘落,1
13400,唯餘落日,1
13401,餘落日光,1
13402,落日光越,1
13403,日光越城,1
13404,光越城臨,1
13405,越城臨渤,1
13406,城臨渤澥,1
13407,臨渤澥晉,1
13408,渤澥晉國,1
13409,澥晉國在,1
13410,晉國在河,1
13411,國在河汾,1
13412,在河汾仙,1
13413,河汾仙綬,1
13414,汾仙綬兩,1
13415,仙綬兩鄉,1
13416,綬兩鄉意,1
13417,兩鄉意青,1
13418,鄉意青郊,1
13419,意青郊一,1
13420,青郊一路,1
13421,郊一路分,1
13422,一路分野,1
13423,路分野棠,1
13424,分野棠春,1
13425,野棠春未,1
13426,棠春未發,1
13427,春未發田,1
13428,未發田雀,1
13429,發田雀暮,1
13430,田雀暮成,1
13431,雀暮成群,1
13432,暮成群他,1
13433,成群他日,1
13434,群他日思,1
13435,他日思吳,1
13436,日思吳會,1
13437,思吳會嘗,1
13438,吳會嘗因,1
13439,會嘗因西,1
13440,嘗因西北,1
13441,因西北雲,1
13442,西北雲清,1
13443,北雲清洛,1
13444,雲清洛帶,1
13445,清洛帶芝,1
13446,洛帶芝田,1
13447,帶芝田東,1
13448,芝田東流,1
13449,田東流入,1
13450,東流入大,1
13451,流入大川,1
13452,入大川舟,1
13453,大川舟輕,1
13454,川舟輕水,1
13455,舟輕水複,1
13456,輕水複急,1
13457,水複急別,1
13458,複急別望,1
13459,急別望杳,1
13460,別望杳如,1
13461,望杳如仙,1
13462,杳如仙細,1
13463,如仙細草,1
13464,仙細草生,1
13465,細草生春,1
13466,草生春岸,1
13467,生春岸明,1
13468,春岸明霞,1
13469,岸明霞散,1
13470,明霞散早,1
13471,霞散早天,1
13472,散早天送,1
13473,早天送君,1
13474,天送君唯,1
13475,送君唯一,1
13476,君唯一曲,1
13477,唯一曲當,1
13478,一曲當是,1
13479,曲當是白,1
13480,當是白華,1
13481,是白華篇,1
13482,白華篇西,1
13483,華篇西方,1
13484,篇西方有,1
13485,西方有六,1
13486,方有六國,1
13487,有六國國,1
13488,六國國國,1
13489,國國國願,1
13490,國國願來,1
13491,國願來賓,1
13492,願來賓聖,1
13493,來賓聖主,1
13494,賓聖主今,1
13495,聖主今無,1
13496,主今無外,1
13497,今無外懷,1
13498,無外懷柔,1
13499,外懷柔遣,1
13500,懷柔遣使,1
13501,柔遣使臣,1
13502,遣使臣大,1
13503,使臣大夫,1
13504,臣大夫開,1
13505,大夫開幕,1
13506,夫開幕府,1
13507,開幕府才,1
13508,幕府才子,1
13509,府才子作,1
13510,才子作行,1
13511,子作行人,1
13512,作行人解,1
13513,行人解劍,1
13514,人解劍聊,1
13515,解劍聊相,1
13516,劍聊相送,1
13517,聊相送邊,1
13518,相送邊城,1
13519,送邊城二,1
13520,邊城二月,1
13521,城二月春,1
13522,二月春落,1
13523,月春落日,1
13524,春落日臨,1
13525,落日臨禦,1
13526,日臨禦溝,1
13527,臨禦溝送,1
13528,禦溝送君,1
13529,溝送君還,1
13530,送君還北,1
13531,君還北州,1
13532,還北州樹,1
13533,北州樹涼,1
13534,州樹涼征,1
13535,樹涼征馬,1
13536,涼征馬去,1
13537,征馬去路,1
13538,馬去路暝,1
13539,去路暝歸,1
13540,路暝歸人,1
13541,暝歸人愁,1
13542,歸人愁吳,1
13543,人愁吳岳,1
13544,愁吳岳夏,1
13545,吳岳夏雲,1
13546,岳夏雲盡,1
13547,夏雲盡渭,1
13548,雲盡渭河,1
13549,盡渭河秋,1
13550,渭河秋水,1
13551,河秋水流,1
13552,秋水流東,1
13553,水流東籬,1
13554,流東籬摘,1
13555,東籬摘芳,1
13556,籬摘芳菊,1
13557,摘芳菊想,1
13558,芳菊想見,1
13559,菊想見竹,1
13560,想見竹林,1
13561,見竹林遊,1
13562,竹林遊柱,1
13563,林遊柱史,1
13564,遊柱史回,1
13565,柱史回清,1
13566,史回清憲,1
13567,回清憲謫,1
13568,清憲謫居,1
13569,憲謫居臨,1
13570,謫居臨漢,1
13571,居臨漢川,1
13572,臨漢川遲,1
13573,漢川遲君,1
13574,川遲君千,1
13575,遲君千里,1
13576,君千里駕,1
13577,千里駕方,1
13578,里駕方外,1
13579,駕方外賞,1
13580,方外賞雲,1
13581,外賞雲泉,1
13582,賞雲泉路,1
13583,雲泉路斷,1
13584,泉路斷因,1
13585,路斷因春,1
13586,斷因春水,1
13587,因春水山,1
13588,春水山深,1
13589,水山深隔,1
13590,山深隔暝,1
13591,深隔暝煙,1
13592,隔暝煙湘,1
13593,暝煙湘江,1
13594,煙湘江見,1
13595,湘江見遊,1
13596,江見遊女,1
13597,見遊女寄,1
13598,遊女寄摘,1
13599,女寄摘一,1
13600,寄摘一枝,1
13601,摘一枝蓮,1
13602,一枝蓮相,1
13603,枝蓮相送,1
13604,蓮相送隴,1
13605,相送隴山,1
13606,送隴山頭,1
13607,隴山頭東,1
13608,山頭東西,1
13609,頭東西隴,1
13610,東西隴水,1
13611,西隴水流,1
13612,隴水流從,1
13613,水流從來,1
13614,流從來心,1
13615,從來心膽,1
13616,來心膽盛,1
13617,心膽盛今,1
13618,膽盛今日,1
13619,盛今日為,1
13620,今日為君,1
13621,日為君愁,1
13622,為君愁暗,1
13623,君愁暗雪,1
13624,愁暗雪迷,1
13625,暗雪迷征,1
13626,雪迷征路,1
13627,迷征路寒,1
13628,征路寒雲,1
13629,路寒雲隱,1
13630,寒雲隱戍,1
13631,雲隱戍樓,1
13632,隱戍樓唯,1
13633,戍樓唯餘,1
13634,樓唯餘旌,1
13635,唯餘旌旆,1
13636,餘旌旆影,1
13637,旌旆影相,1
13638,旆影相逐,1
13639,影相逐去,1
13640,相逐去悠,1
13641,逐去悠悠,1
13642,去悠悠朝,1
13643,悠悠朝看,1
13644,悠朝看法,1
13645,朝看法雲,1
13646,看法雲散,1
13647,法雲散知,1
13648,雲散知有,1
13649,散知有至,1
13650,知有至人,1
13651,有至人還,1
13652,至人還送,1
13653,人還送客,1
13654,還送客臨,1
13655,送客臨伊,1
13656,客臨伊水,1
13657,臨伊水行,1
13658,伊水行車,1
13659,水行車出,1
13660,行車出故,1
13661,車出故關,1
13662,出故關天,1
13663,故關天花,1
13664,關天花滿,1
13665,天花滿南,1
13666,花滿南國,1
13667,滿南國精,1
13668,南國精舍,1
13669,國精舍在,1
13670,精舍在空,1
13671,舍在空山,1
13672,在空山雖,1
13673,空山雖複,1
13674,山雖複時,1
13675,雖複時來,1
13676,複時來去,1
13677,時來去中,1
13678,來去中心,1
13679,去中心長,1
13680,中心長日,1
13681,心長日閑,1
13682,長日閑落,1
13683,日閑落日,1
13684,閑落日吹,1
13685,落日吹簫,1
13686,日吹簫管,1
13687,吹簫管清,1
13688,簫管清池,1
13689,管清池發,1
13690,清池發棹,1
13691,池發棹歌,1
13692,發棹歌船,1
13693,棹歌船爭,1
13694,歌船爭先,1
13695,船爭先後,1
13696,爭先後渡,1
13697,先後渡岸,1
13698,後渡岸激,1
13699,渡岸激去,1
13700,岸激去來,1
13701,激去來波,1
13702,去來波水,1
13703,來波水葉,1
13704,波水葉藏,1
13705,水葉藏魚,1
13706,葉藏魚鳥,1
13707,藏魚鳥林,1
13708,魚鳥林花,1
13709,鳥林花間,1
13710,林花間綺,1
13711,花間綺羅,1
13712,間綺羅踟,1
13713,綺羅踟躕,1
13714,羅踟躕仙,1
13715,踟躕仙女,1
13716,躕仙女處,1
13717,仙女處猶,1
13718,女處猶似,1
13719,處猶似望,1
13720,猶似望天,1
13721,似望天河,1
13722,望天河一,1
13723,天河一作,1
13724,河一作雲,1
13725,一作雲峰,1
13726,作雲峰別,1
13727,雲峰別三,1
13728,峰別三看,1
13729,別三看花,1
13730,三看花柳,1
13731,看花柳朝,1
13732,花柳朝青,1
13733,柳朝青山,1
13734,朝青山隔,1
13735,青山隔遠,1
13736,山隔遠路,1
13737,隔遠路明,1
13738,遠路明月,1
13739,路明月空,1
13740,明月空長,1
13741,月空長霄,1
13742,空長霄鵲,1
13743,長霄鵲浴,1
13744,霄鵲浴西,1
13745,鵲浴西江,1
13746,浴西江雨,1
13747,西江雨雞,1
13748,江雨雞鳴,1
13749,雨雞鳴東,1
13750,雞鳴東海,1
13751,鳴東海潮,1
13752,東海潮此,1
13753,海潮此情,1
13754,潮此情勞,1
13755,此情勞夢,1
13756,情勞夢寐,1
13757,勞夢寐況,1
13758,夢寐況道,1
13759,寐況道雙,1
13760,況道雙林,1
13761,道雙林遙,1
13762,雙林遙山,1
13763,林遙山中,1
13764,遙山中人,1
13765,山中人不,1
13766,中人不見,1
13767,人不見雲,1
13768,不見雲去,1
13769,見雲去夕,1
13770,雲去夕陽,1
13771,去夕陽過,1
13772,夕陽過淺,1
13773,陽過淺瀨,1
13774,過淺瀨寒,1
13775,淺瀨寒魚,1
13776,瀨寒魚少,1
13777,寒魚少叢,1
13778,魚少叢蘭,1
13779,少叢蘭秋,1
13780,叢蘭秋蝶,1
13781,蘭秋蝶多,1
13782,秋蝶多老,1
13783,蝶多老年,1
13784,多老年疏,1
13785,老年疏世,1
13786,年疏世事,1
13787,疏世事幽,1
13788,世事幽性,1
13789,事幽性樂,1
13790,幽性樂天,1
13791,性樂天和,1
13792,樂天和酒,1
13793,天和酒熟,1
13794,和酒熟思,1
13795,酒熟思才,1
13796,熟思才子,1
13797,思才子溪,1
13798,才子溪頭,1
13799,子溪頭望,1
13800,溪頭望玉,1
13801,頭望玉珂,1
13802,望玉珂大,1
13803,玉珂大道,1
13804,珂大道啟,1
13805,大道啟元,1
13806,道啟元命,1
13807,啟元命時,1
13808,元命時人,1
13809,命時人居,1
13810,時人居太,1
13811,人居太康,1
13812,居太康中,1
13813,太康中朝,1
13814,康中朝發,1
13815,中朝發玄,1
13816,朝發玄澤,1
13817,發玄澤下,1
13818,玄澤下國,1
13819,澤下國被,1
13820,下國被天,1
13821,國被天光,1
13822,被天光明,1
13823,天光明詔,1
13824,光明詔始,1
13825,明詔始端,1
13826,詔始端午,1
13827,始端午初,1
13828,端午初筵,1
13829,午初筵當,1
13830,初筵當履,1
13831,筵當履霜,1
13832,當履霜鼓,1
13833,履霜鼓鼙,1
13834,霜鼓鼙迎,1
13835,鼓鼙迎爽,1
13836,鼙迎爽氣,1
13837,迎爽氣羽,1
13838,爽氣羽鑰,1
13839,氣羽鑰映,1
13840,羽鑰映新,1
13841,鑰映新陽,1
13842,映新陽太,1
13843,新陽太守,1
13844,陽太守即,1
13845,太守即懸,1
13846,守即懸圃,1
13847,即懸圃淮,1
13848,懸圃淮夷,1
13849,圃淮夷成,1
13850,淮夷成葆,1
13851,夷成葆疆,1
13852,成葆疆小,1
13853,葆疆小臣,1
13854,疆小臣慚,1
13855,小臣慚下,1
13856,臣慚下位,1
13857,慚下位拜,1
13858,下位拜手,1
13859,位拜手頌,1
13860,拜手頌靈,1
13861,手頌靈長,1
13862,頌靈長公,1
13863,靈長公府,1
13864,長公府傳,1
13865,公府傳休,1
13866,府傳休沐,1
13867,傳休沐私,1
13868,休沐私庭,1
13869,沐私庭效,1
13870,私庭效陸,1
13871,庭效陸沉,1
13872,效陸沉方,1
13873,陸沉方知,1
13874,沉方知從,1
13875,方知從大,1
13876,知從大隱,1
13877,從大隱非,1
13878,大隱非複,1
13879,隱非複在,1
13880,非複在幽,1
13881,複在幽林,1
13882,在幽林闕,1
13883,幽林闕下,1
13884,林闕下忠,1
13885,闕下忠貞,1
13886,下忠貞志,1
13887,忠貞志人,1
13888,貞志人間,1
13889,志人間孝,1
13890,人間孝友,1
13891,間孝友心,1
13892,孝友心既,1
13893,友心既將,1
13894,心既將冠,1
13895,既將冠蓋,1
13896,將冠蓋雅,1
13897,冠蓋雅仍,1
13898,蓋雅仍與,1
13899,雅仍與薜,1
13900,仍與薜蘿,1
13901,與薜蘿深,1
13902,薜蘿深寒,1
13903,蘿深寒變,1
13904,深寒變中,1
13905,寒變中園,1
13906,變中園柳,1
13907,中園柳春,1
13908,園柳春歸,1
13909,柳春歸上,1
13910,春歸上苑,1
13911,歸上苑禽,1
13912,上苑禽池,1
13913,苑禽池涵,1
13914,禽池涵青,1
13915,池涵青草,1
13916,涵青草色,1
13917,青草色山,1
13918,草色山帶,1
13919,色山帶白,1
13920,山帶白雲,1
13921,帶白雲陰,1
13922,白雲陰潘,1
13923,雲陰潘岳,1
13924,陰潘岳閒,1
13925,潘岳閒居,1
13926,岳閒居賦,1
13927,閒居賦鐘,1
13928,居賦鐘期,1
13929,賦鐘期流,1
13930,鐘期流水,1
13931,期流水琴,1
13932,流水琴一,1
13933,水琴一經,1
13934,琴一經當,1
13935,一經當自,1
13936,經當自足,1
13937,當自足何,1
13938,自足何用,1
13939,足何用遺,1
13940,何用遺黃,1
13941,用遺黃金,1
13942,遺黃金彩,1
13943,黃金彩服,1
13944,金彩服去,1
13945,彩服去江,1
13946,服去江汜,1
13947,去江汜白,1
13948,江汜白雲,1
13949,汜白雲生,1
13950,白雲生大,1
13951,雲生大樑,1
13952,生大樑星,1
13953,大樑星辰,1
13954,樑星辰動,1
13955,星辰動異,1
13956,辰動異色,1
13957,動異色羔,1
13958,異色羔雁,1
13959,色羔雁成,1
13960,羔雁成新,1
13961,雁成新行,1
13962,成新行日,1
13963,新行日望,1
13964,行日望天,1
13965,日望天朝,1
13966,望天朝近,1
13967,天朝近時,1
13968,朝近時憂,1
13969,近時憂郢,1
13970,時憂郢路,1
13971,憂郢路長,1
13972,郢路長情,1
13973,路長情言,1
13974,長情言間,1
13975,情言間薖,1
13976,言間薖軸,1
13977,間薖軸惠,1
13978,薖軸惠念,1
13979,軸惠念及,1
13980,惠念及滄,1
13981,念及滄浪,1
13982,及滄浪松,1
13983,滄浪松柏,1
13984,浪松柏以,1
13985,松柏以之,1
13986,柏以之茂,1
13987,以之茂江,1
13988,之茂江湖,1
13989,茂江湖亦,1
13990,江湖亦自,1
13991,湖亦自忘,1
13992,亦自忘賈,1
13993,自忘賈生,1
13994,忘賈生方,1
13995,賈生方吊,1
13996,生方吊屈,1
13997,方吊屈豈,1
13998,吊屈豈敢,1
13999,屈豈敢比,1
14000,豈敢比南,1
14001,敢比南昌,1
14002,比南昌眾,1
14003,南昌眾星,1
14004,昌眾星已,1
14005,眾星已窮,1
14006,星已窮次,1
14007,已窮次青,1
14008,窮次青帝,1
14009,次青帝方,1
14010,青帝方行,1
14011,帝方行春,1
14012,方行春永,1
14013,行春永感,1
14014,春永感易,1
14015,永感易成,1
14016,感易成戚,1
14017,易成戚離,1
14018,成戚離居,1
14019,戚離居難,1
14020,離居難重,1
14021,居難重陳,1
14022,難重陳闔,1
14023,重陳闔門,1
14024,陳闔門守,1
14025,闔門守初,1
14026,門守初夜,1
14027,守初夜燎,1
14028,初夜燎火,1
14029,夜燎火到,1
14030,燎火到清,1
14031,火到清晨,1
14032,到清晨或,1
14033,清晨或念,1
14034,晨或念無,1
14035,或念無生,1
14036,念無生法,1
14037,無生法多,1
14038,生法多傷,1
14039,法多傷未,1
14040,多傷未出,1
14041,傷未出塵,1
14042,未出塵廣,1
14043,出塵廣庭,1
14044,塵廣庭日,1
14045,廣庭日將,1
14046,庭日將晏,1
14047,日將晏虛,1
14048,將晏虛室,1
14049,晏虛室自,1
14050,虛室自為,1
14051,室自為賓,1
14052,自為賓願,1
14053,為賓願以,1
14054,賓願以桑,1
14055,願以桑榆,1
14056,以桑榆末,1
14057,桑榆末常,1
14058,榆末常逢,1
14059,末常逢甲,1
14060,常逢甲子,1
14061,逢甲子新,1
14062,甲子新肅,1
14063,子新肅穆,1
14064,新肅穆郊,1
14065,肅穆郊禋,1
14066,穆郊禋畢,1
14067,郊禋畢工,1
14068,禋畢工歌,1
14069,畢工歌賞,1
14070,工歌賞事,1
14071,歌賞事並,1
14072,賞事並三,1
14073,事並三朝,1
14074,並三朝遵,1
14075,三朝遵湛,1
14076,朝遵湛露,1
14077,遵湛露一,1
14078,湛露一道,1
14079,露一道洽,1
14080,一道洽仁,1
14081,道洽仁明,1
14082,洽仁明布,1
14083,仁明布德,1
14084,明布德言,1
14085,布德言皆,1
14086,德言皆應,1
14087,言皆應無,1
14088,皆應無為,1
14089,應無為物,1
14090,無為物自,1
14091,為物自成,1
14092,物自成花,1
14093,自成花添,1
14094,成花添羅,1
14095,花添羅綺,1
14096,添羅綺色,1
14097,羅綺色鶯,1
14098,綺色鶯亂,1
14099,色鶯亂管,1
14100,鶯亂管弦,1
14101,亂管弦聲,1
14102,管弦聲獨,1
14103,弦聲獨有,1
14104,聲獨有同,1
14105,獨有同高,1
14106,有同高唱,1
14107,同高唱空,1
14108,高唱空陪,1
14109,唱空陪樂,1
14110,空陪樂太,1
14111,陪樂太平,1
14112,樂太平聖,1
14113,太平聖君,1
14114,平聖君封,1
14115,聖君封太,1
14116,君封太嶽,1
14117,封太嶽十,1
14118,太嶽十月,1
14119,嶽十月建,1
14120,十月建行,1
14121,月建行旃,1
14122,建行旃輦,1
14123,行旃輦路,1
14124,旃輦路開,1
14125,輦路開千,1
14126,路開千里,1
14127,開千里寒,1
14128,千里寒雲,1
14129,里寒雲霽,1
14130,寒雲霽九,1
14131,雲霽九天,1
14132,霽九天故,1
14133,九天故人,1
14134,天故人多,1
14135,故人多侍,1
14136,人多侍從,1
14137,多侍從二,1
14138,侍從二子,1
14139,從二子留,1
14140,二子留伊,1
14141,子留伊川,1
14142,留伊川河,1
14143,伊川河兗,1
14144,川河兗冰,1
14145,河兗冰初,1
14146,兗冰初合,1
14147,冰初合關,1
14148,初合關城,1
14149,合關城月,1
14150,關城月屢,1
14151,城月屢圓,1
14152,月屢圓暝,1
14153,屢圓暝過,1
14154,圓暝過滎,1
14155,暝過滎水,1
14156,過滎水上,1
14157,滎水上聞,1
14158,水上聞說,1
14159,上聞說鄭,1
14160,聞說鄭卿,1
14161,說鄭卿賢,1
14162,鄭卿賢材,1
14163,卿賢材蔽,1
14164,賢材蔽行,1
14165,材蔽行人,1
14166,蔽行人右,1
14167,行人右名,1
14168,人右名居,1
14169,右名居東,1
14170,名居東裏,1
14171,居東裏先,1
14172,東裏先制,1
14173,裏先制岩,1
14174,先制岩開,1
14175,制岩開別,1
14176,岩開別業,1
14177,開別業桑,1
14178,別業桑柘,1
14179,業桑柘亦,1
14180,桑柘亦依,1
14181,柘亦依然,1
14182,亦依然待,1
14183,依然待至,1
14184,然待至金,1
14185,待至金園,1
14186,至金園側,1
14187,金園側相,1
14188,園側相將,1
14189,側相將居,1
14190,相將居一,1
14191,將居一廛,1
14192,居一廛大,1
14193,一廛大夫,1
14194,廛大夫沉,1
14195,大夫沉楚,1
14196,夫沉楚水,1
14197,沉楚水千,1
14198,楚水千祀,1
14199,水千祀國,1
14200,千祀國人,1
14201,祀國人哀,1
14202,國人哀習,1
14203,人哀習棹,1
14204,哀習棹江,1
14205,習棹江流,1
14206,棹江流長,1
14207,江流長迎,1
14208,流長迎神,1
14209,長迎神雨,1
14210,迎神雨霧,1
14211,神雨霧開,1
14212,雨霧開標,1
14213,霧開標隨,1
14214,開標隨綠,1
14215,標隨綠雲,1
14216,隨綠雲動,1
14217,綠雲動船,1
14218,雲動船逆,1
14219,動船逆清,1
14220,船逆清波,1
14221,逆清波來,1
14222,清波來下,1
14223,波來下怖,1
14224,來下怖魚,1
14225,下怖魚龍,1
14226,怖魚龍起,1
14227,魚龍起上,1
14228,龍起上驚,1
14229,起上驚鳧,1
14230,上驚鳧雁,1
14231,驚鳧雁回,1
14232,鳧雁回能,1
14233,雁回能令,1
14234,回能令秋,1
14235,能令秋大,1
14236,令秋大有,1
14237,秋大有鼓,1
14238,大有鼓吹,1
14239,有鼓吹遠,1
14240,鼓吹遠相,1
14241,吹遠相催,1
14242,遠相催璧,1
14243,相催璧池,1
14244,催璧池忝,1
14245,璧池忝門,1
14246,池忝門子,1
14247,忝門子俄,1
14248,門子俄頃,1
14249,子俄頃變,1
14250,俄頃變炎,1
14251,頃變炎涼,1
14252,變炎涼綠,1
14253,炎涼綠竹,1
14254,涼綠竹深,1
14255,綠竹深虛,1
14256,竹深虛館,1
14257,深虛館清,1
14258,虛館清流,1
14259,館清流響,1
14260,清流響洞,1
14261,流響洞房,1
14262,響洞房園,1
14263,洞房園林,1
14264,房園林在,1
14265,園林在建,1
14266,林在建業,1
14267,在建業新,1
14268,建業新友,1
14269,業新友去,1
14270,新友去咸,1
14271,友去咸陽,1
14272,去咸陽中,1
14273,咸陽中夜,1
14274,陽中夜鼓,1
14275,中夜鼓鐘,1
14276,夜鼓鐘靜,1
14277,鼓鐘靜初,1
14278,鐘靜初秋,1
14279,靜初秋漏,1
14280,初秋漏刻,1
14281,秋漏刻長,1
14282,漏刻長浮,1
14283,刻長浮雲,1
14284,長浮雲開,1
14285,浮雲開太,1
14286,雲開太室,1
14287,開太室華,1
14288,太室華蓋,1
14289,室華蓋上,1
14290,華蓋上明,1
14291,蓋上明堂,1
14292,上明堂空,1
14293,明堂空此,1
14294,堂空此遠,1
14295,空此遠相,1
14296,此遠相望,1
14297,遠相望勞,1
14298,相望勞歌,1
14299,望勞歌還,1
14300,勞歌還自,1
14301,歌還自傷,1
14302,還自傷桑,1
14303,自傷桑柘,1
14304,傷桑柘悠,1
14305,桑柘悠悠,1
14306,柘悠悠水,1
14307,悠悠水蘸,1
14308,悠水蘸堤,1
14309,水蘸堤晚,1
14310,蘸堤晚風,1
14311,堤晚風晴,1
14312,晚風晴景,1
14313,風晴景不,1
14314,晴景不妨,1
14315,景不妨犁,1
14316,不妨犁高,1
14317,妨犁高機,1
14318,犁高機猶,1
14319,高機猶織,1
14320,機猶織臥,1
14321,猶織臥蠶,1
14322,織臥蠶子,1
14323,臥蠶子下,1
14324,蠶子下阪,1
14325,子下阪饑,1
14326,下阪饑逢,1
14327,阪饑逢餉,1
14328,饑逢餉饁,1
14329,逢餉饁妻,1
14330,餉饁妻杏,1
14331,饁妻杏色,1
14332,妻杏色滿,1
14333,杏色滿林,1
14334,色滿林羊,1
14335,滿林羊酪,1
14336,林羊酪熟,1
14337,羊酪熟麥,1
14338,酪熟麥涼,1
14339,熟麥涼浮,1
14340,麥涼浮壟,1
14341,涼浮壟雉,1
14342,浮壟雉媒,1
14343,壟雉媒低,1
14344,雉媒低生,1
14345,媒低生時,1
14346,低生時樂,1
14347,生時樂死,1
14348,時樂死皆,1
14349,樂死皆由,1
14350,死皆由命,1
14351,皆由命事,1
14352,由命事在,1
14353,命事在皇,1
14354,事在皇天,1
14355,在皇天志,1
14356,皇天志不,1
14357,天志不迷,1
14358,志不迷洛,1
14359,不迷洛水,1
14360,迷洛水春,1
14361,洛水春冰,1
14362,水春冰開,1
14363,春冰開洛,1
14364,冰開洛城,1
14365,開洛城春,1
14366,洛城春水,1
14367,城春水綠,1
14368,春水綠朝,1
14369,水綠朝看,1
14370,綠朝看大,1
14371,朝看大道,1
14372,看大道上,1
14373,大道上落,1
14374,道上落花,1
14375,上落花亂,1
14376,落花亂馬,1
14377,花亂馬足,1
14378,亂馬足劇,1
14379,馬足劇孟,1
14380,足劇孟不,1
14381,劇孟不知,1
14382,孟不知名,1
14383,不知名千,1
14384,知名千金,1
14385,名千金買,1
14386,千金買寶,1
14387,金買寶劍,1
14388,買寶劍出,1
14389,寶劍出入,1
14390,劍出入平,1
14391,出入平津,1
14392,入平津邸,1
14393,平津邸自,1
14394,津邸自言,1
14395,邸自言嬌,1
14396,自言嬌且,1
14397,言嬌且豔,1
14398,嬌且豔大,1
14399,且豔大道,1
14400,豔大道直,1
14401,大道直如,1
14402,道直如發,1
14403,直如發春,1
14404,如發春日,1
14405,發春日佳,1
14406,春日佳氣,1
14407,日佳氣多,1
14408,佳氣多五,1
14409,氣多五陵,1
14410,多五陵貴,1
14411,五陵貴公,1
14412,陵貴公子,1
14413,貴公子雙,1
14414,公子雙雙,1
14415,子雙雙鳴,1
14416,雙雙鳴玉,1
14417,雙鳴玉珂,1
14418,鳴玉珂春,1
14419,玉珂春風,1
14420,珂春風二,1
14421,春風二月,1
14422,風二月時,1
14423,二月時道,1
14424,月時道傍,1
14425,時道傍柳,1
14426,道傍柳堪,1
14427,傍柳堪把,1
14428,柳堪把上,1
14429,堪把上枝,1
14430,把上枝覆,1
14431,上枝覆官,1
14432,枝覆官閣,1
14433,覆官閣下,1
14434,官閣下枝,1
14435,閣下枝覆,1
14436,下枝覆車,1
14437,枝覆車馬,1
14438,覆車馬洛,1
14439,車馬洛水,1
14440,馬洛水照,1
14441,洛水照千,1
14442,水照千門,1
14443,照千門千,1
14444,千門千門,1
14445,門千門碧,1
14446,千門碧空,1
14447,門碧空裏,1
14448,碧空裏少,1
14449,空裏少年,1
14450,裏少年不,1
14451,少年不得,1
14452,年不得志,1
14453,不得志走,1
14454,得志走馬,1
14455,志走馬遊,1
14456,走馬遊新,1
14457,馬遊新市,1
14458,遊新市竹,1
14459,新市竹吹,1
14460,市竹吹留,1
14461,竹吹留歌,1
14462,吹留歌扇,1
14463,留歌扇蓮,1
14464,歌扇蓮香,1
14465,扇蓮香入,1
14466,蓮香入舞,1
14467,香入舞衣,1
14468,入舞衣前,1
14469,舞衣前溪,1
14470,衣前溪多,1
14471,前溪多曲,1
14472,溪多曲漵,1
14473,多曲漵乘,1
14474,曲漵乘興,1
14475,漵乘興莫,1
14476,乘興莫先,1
14477,興莫先歸,1
14478,莫先歸鳴,1
14479,先歸鳴鞭,1
14480,歸鳴鞭過,1
14481,鳴鞭過酒,1
14482,鞭過酒肆,1
14483,過酒肆袨,1
14484,酒肆袨服,1
14485,肆袨服遊,1
14486,袨服遊倡,1
14487,服遊倡門,1
14488,遊倡門百,1
14489,倡門百萬,1
14490,門百萬一,1
14491,百萬一時,1
14492,萬一時盡,1
14493,一時盡含,1
14494,時盡含情,1
14495,盡含情無,1
14496,含情無片,1
14497,情無片言,1
14498,無片言西,1
14499,片言西行,1
14500,言西行一,1
14501,西行一千,1
14502,行一千里,1
14503,一千里暝,1
14504,千里暝色,1
14505,里暝色生,1
14506,暝色生寒,1
14507,色生寒樹,1
14508,生寒樹暗,1
14509,寒樹暗聞,1
14510,樹暗聞歌,1
14511,暗聞歌吹,1
14512,歌吹聲知,1
14513,吹聲知是,1
14514,聲知是長,1
14515,知是長安,1
14516,是長安路,1
14517,長安路綠,1
14518,安路綠江,1
14519,路綠江深,1
14520,綠江深見,1
14521,江深見底,1
14522,深見底高,1
14523,見底高浪,1
14524,底高浪直,1
14525,高浪直翻,1
14526,浪直翻空,1
14527,直翻空慣,1
14528,翻空慣是,1
14529,空慣是湖,1
14530,慣是湖邊,1
14531,是湖邊住,1
14532,湖邊住舟,1
14533,邊住舟輕,1
14534,住舟輕不,1
14535,舟輕不畏,1
14536,輕不畏風,1
14537,不畏風逐,1
14538,畏風逐流,1
14539,風逐流牽,1
14540,逐流牽荇,1
14541,流牽荇葉,1
14542,牽荇葉緣,1
14543,荇葉緣岸,1
14544,葉緣岸摘,1
14545,緣岸摘蘆,1
14546,岸摘蘆苗,1
14547,摘蘆苗為,1
14548,蘆苗為惜,1
14549,苗為惜鴛,1
14550,為惜鴛鴦,1
14551,惜鴛鴦鳥,1
14552,鴛鴦鳥輕,1
14553,鴦鳥輕輕,1
14554,鳥輕輕動,1
14555,輕輕動畫,1
14556,輕動畫橈,1
14557,動畫橈日,1
14558,畫橈日暮,1
14559,橈日暮長,1
14560,日暮長江,1
14561,暮長江裏,1
14562,長江裏相,1
14563,江裏相邀,1
14564,裏相邀歸,1
14565,相邀歸渡,1
14566,邀歸渡頭,1
14567,歸渡頭落,1
14568,渡頭落花,1
14569,頭落花如,1
14570,落花如有,1
14571,花如有意,1
14572,如有意來,1
14573,有意來去,1
14574,意來去逐,1
14575,來去逐船,1
14576,去逐船流,1
14577,逐船流隔,1
14578,船流隔江,1
14579,流隔江看,1
14580,隔江看樹,1
14581,江看樹色,1
14582,看樹色沿,1
14583,樹色沿月,1
14584,色沿月聽,1
14585,沿月聽歌,1
14586,月聽歌聲,1
14587,聽歌聲不,1
14588,歌聲不是,1
14589,聲不是長,1
14590,不是長幹,1
14591,是長幹住,1
14592,長幹住那,1
14593,幹住那從,1
14594,住那從此,1
14595,那從此路,1
14596,從此路行,1
14597,此路行一,1
14598,路行一雁,1
14599,行一雁過,1
14600,一雁過連,1
14601,雁過連營,1
14602,過連營繁,1
14603,連營繁霜,1
14604,營繁霜覆,1
14605,繁霜覆古,1
14606,霜覆古城,1
14607,覆古城胡,1
14608,古城胡笳,1
14609,城胡笳在,1
14610,胡笳在何,1
14611,笳在何處,1
14612,在何處半,1
14613,何處半夜,1
14614,處半夜起,1
14615,半夜起邊,1
14616,夜起邊聲,1
14617,起邊聲山,1
14618,邊聲山北,1
14619,聲山北天,1
14620,山北天泉,1
14621,北天泉苑,1
14622,天泉苑山,1
14623,泉苑山西,1
14624,苑山西鳳,1
14625,山西鳳女,1
14626,西鳳女家,1
14627,鳳女家不,1
14628,女家不言,1
14629,家不言沁,1
14630,不言沁園,1
14631,言沁園好,1
14632,沁園好獨,1
14633,園好獨隱,1
14634,好獨隱武,1
14635,獨隱武陵,1
14636,隱武陵花,1
14637,武陵花滄,1
14638,陵花滄浪,1
14639,花滄浪臨,1
14640,滄浪臨古,1
14641,浪臨古道,1
14642,臨古道道,1
14643,古道道上,1
14644,道道上若,1
14645,道上若成,1
14646,上若成塵,1
14647,若成塵自,1
14648,成塵自有,1
14649,塵自有滄,1
14650,自有滄浪,1
14651,有滄浪峽,1
14652,滄浪峽誰,1
14653,浪峽誰為,1
14654,峽誰為無,1
14655,誰為無事,1
14656,為無事人,1
14657,無事人真,1
14658,事人真門,1
14659,人真門迥,1
14660,真門迥向,1
14661,門迥向北,1
14662,迥向北馳,1
14663,向北馳道,1
14664,北馳道直,1
14665,馳道直向,1
14666,道直向西,1
14667,直向西為,1
14668,向西為與,1
14669,西為與天,1
14670,為與天光,1
14671,與天光近,1
14672,天光近雲,1
14673,光近雲色,1
14674,近雲色成,1
14675,雲色成虹,1
14676,色成虹霓,1
14677,成虹霓西,1
14678,虹霓西行,1
14679,霓西行隴,1
14680,西行隴上,1
14681,行隴上泣,1
14682,隴上泣胡,1
14683,上泣胡天,1
14684,泣胡天南,1
14685,胡天南向,1
14686,天南向雲,1
14687,南向雲中,1
14688,向雲中指,1
14689,雲中指渭,1
14690,中指渭川,1
14691,指渭川毳,1
14692,渭川毳幕,1
14693,川毳幕夜,1
14694,毳幕夜來,1
14695,幕夜來時,1
14696,夜來時宛,1
14697,來時宛轉,1
14698,時宛轉何,1
14699,宛轉何由,1
14700,轉何由得,1
14701,何由得似,1
14702,由得似漢,1
14703,得似漢王,1
14704,似漢王邊,1
14705,漢王邊胡,1
14706,王邊胡王,1
14707,邊胡王知,1
14708,胡王知妾,1
14709,王知妾不,1
14710,知妾不勝,1
14711,妾不勝悲,1
14712,不勝悲樂,1
14713,勝悲樂府,1
14714,悲樂府皆,1
14715,樂府皆傳,1
14716,府皆傳漢,1
14717,皆傳漢國,1
14718,傳漢國辭,1
14719,漢國辭朝,1
14720,國辭朝來,1
14721,辭朝來馬,1
14722,朝來馬上,1
14723,來馬上箜,1
14724,馬上箜篌,1
14725,上箜篌引,1
14726,箜篌引稍,1
14727,篌引稍似,1
14728,引稍似宮,1
14729,稍似宮中,1
14730,似宮中閑,1
14731,宮中閑夜,1
14732,中閑夜時,1
14733,閑夜時日,1
14734,夜時日暮,1
14735,時日暮驚,1
14736,日暮驚沙,1
14737,暮驚沙亂,1
14738,驚沙亂雪,1
14739,沙亂雪飛,1
14740,亂雪飛傍,1
14741,雪飛傍人,1
14742,飛傍人相,1
14743,傍人相勸,1
14744,人相勸易,1
14745,相勸易羅,1
14746,勸易羅衣,1
14747,易羅衣強,1
14748,羅衣強來,1
14749,衣強來前,1
14750,強來前殿,1
14751,來前殿看,1
14752,前殿看歌,1
14753,殿看歌舞,1
14754,看歌舞共,1
14755,歌舞共待,1
14756,舞共待單,1
14757,共待單于,1
14758,待單于夜,1
14759,單于夜獵,1
14760,于夜獵歸,1
14761,夜獵歸彩,1
14762,獵歸彩騎,1
14763,歸彩騎雙,1
14764,彩騎雙雙,1
14765,騎雙雙引,1
14766,雙雙引寶,1
14767,雙引寶車,1
14768,引寶車羌,1
14769,寶車羌笛,1
14770,車羌笛兩,1
14771,羌笛兩兩,1
14772,笛兩兩奏,1
14773,兩兩奏胡,1
14774,兩奏胡笳,1
14775,奏胡笳若,1
14776,胡笳若為,1
14777,笳若為別,1
14778,若為別得,1
14779,為別得橫,1
14780,別得橫橋,1
14781,得橫橋路,1
14782,橫橋路莫,1
14783,橋路莫隱,1
14784,路莫隱宮,1
14785,莫隱宮中,1
14786,隱宮中玉,1
14787,宮中玉樹,1
14788,中玉樹花,1
14789,玉樹花紅,1
14790,樹花紅荷,1
14791,花紅荷碧,1
14792,紅荷碧筱,1
14793,荷碧筱夜,1
14794,碧筱夜相,1
14795,筱夜相鮮,1
14796,夜相鮮皂,1
14797,相鮮皂蓋,1
14798,鮮皂蓋蘭,1
14799,皂蓋蘭橈,1
14800,蓋蘭橈浮,1
14801,蘭橈浮翠,1
14802,橈浮翠筵,1
14803,浮翠筵舟,1
14804,翠筵舟中,1
14805,筵舟中對,1
14806,舟中對舞,1
14807,中對舞邯,1
14808,對舞邯鄲,1
14809,舞邯鄲曲,1
14810,邯鄲曲月,1
14811,鄲曲月下,1
14812,曲月下雙,1
14813,月下雙彈,1
14814,下雙彈盧,1
14815,雙彈盧女,1
14816,彈盧女弦,1
14817,盧女弦青,1
14818,女弦青林,1
14819,弦青林碧,1
14820,青林碧嶼,1
14821,林碧嶼暗,1
14822,碧嶼暗相,1
14823,嶼暗相期,1
14824,暗相期緩,1
14825,相期緩楫,1
14826,期緩楫揮,1
14827,緩楫揮觥,1
14828,楫揮觥欲,1
14829,揮觥欲賦,1
14830,觥欲賦詩,1
14831,欲賦詩借,1
14832,賦詩借問,1
14833,詩借問高,1
14834,借問高歌,1
14835,問高歌凡,1
14836,高歌凡幾,1
14837,歌凡幾轉,1
14838,凡幾轉河,1
14839,幾轉河低,1
14840,轉河低月,1
14841,河低月落,1
14842,低月落五,1
14843,月落五更,1
14844,落五更時,1
14845,五更時朝,1
14846,更時朝來,1
14847,時朝來仙,1
14848,朝來仙閣,1
14849,來仙閣聽,1
14850,仙閣聽弦,1
14851,閣聽弦歌,1
14852,聽弦歌暝,1
14853,弦歌暝入,1
14854,歌暝入花,1
14855,暝入花亭,1
14856,入花亭見,1
14857,花亭見綺,1
14858,亭見綺羅,1
14859,見綺羅池,1
14860,綺羅池邊,1
14861,羅池邊命,1
14862,池邊命酒,1
14863,邊命酒憐,1
14864,命酒憐風,1
14865,酒憐風月,1
14866,憐風月浦,1
14867,風月浦口,1
14868,月浦口回,1
14869,浦口回船,1
14870,口回船惜,1
14871,回船惜芰,1
14872,船惜芰荷,1
14873,惜芰荷朦,1
14874,芰荷朦朧,1
14875,荷朦朧竹,1
14876,朦朧竹影,1
14877,朧竹影蔽,1
14878,竹影蔽岩,1
14879,影蔽岩扉,1
14880,蔽岩扉淡,1
14881,岩扉淡蕩,1
14882,扉淡蕩荷,1
14883,淡蕩荷風,1
14884,蕩荷風飄,1
14885,荷風飄舞,1
14886,風飄舞衣,1
14887,飄舞衣舟,1
14888,舞衣舟尋,1
14889,衣舟尋綠,1
14890,舟尋綠水,1
14891,尋綠水宵,1
14892,綠水宵將,1
14893,水宵將半,1
14894,宵將半月,1
14895,將半月隱,1
14896,半月隱青,1
14897,月隱青林,1
14898,隱青林人,1
14899,青林人未,1
14900,林人未歸,1
14901,人未歸花,1
14902,未歸花潭,1
14903,歸花潭竹,1
14904,花潭竹嶼,1
14905,潭竹嶼傍,1
14906,竹嶼傍幽,1
14907,嶼傍幽蹊,1
14908,傍幽蹊畫,1
14909,幽蹊畫楫,1
14910,蹊畫楫浮,1
14911,畫楫浮空,1
14912,楫浮空入,1
14913,浮空入夜,1
14914,空入夜溪,1
14915,入夜溪芰,1
14916,夜溪芰荷,1
14917,溪芰荷覆,1
14918,芰荷覆水,1
14919,荷覆水船,1
14920,覆水船難,1
14921,水船難進,1
14922,船難進歌,1
14923,難進歌舞,1
14924,進歌舞留,1
14925,歌舞留人,1
14926,舞留人月,1
14927,留人月易,1
14928,人月易低,1
14929,月易低華,1
14930,易低華陽,1
14931,低華陽洞,1
14932,華陽洞口,1
14933,陽洞口片,1
14934,洞口片雲,1
14935,口片雲飛,1
14936,片雲飛細,1
14937,雲飛細雨,1
14938,飛細雨濛,1
14939,細雨濛濛,1
14940,雨濛濛欲,1
14941,濛濛欲濕,1
14942,濛欲濕衣,1
14943,欲濕衣玉,1
14944,濕衣玉簫,1
14945,衣玉簫遍,1
14946,玉簫遍滿,1
14947,簫遍滿仙,1
14948,遍滿仙壇,1
14949,滿仙壇上,1
14950,仙壇上應,1
14951,壇上應是,1
14952,上應是茅,1
14953,應是茅家,1
14954,是茅家兄,1
14955,茅家兄弟,1
14956,家兄弟歸,1
14957,兄弟歸新,1
14958,弟歸新林,1
14959,歸新林二,1
14960,新林二月,1
14961,林二月孤,1
14962,二月孤舟,1
14963,月孤舟還,1
14964,孤舟還水,1
14965,舟還水滿,1
14966,還水滿清,1
14967,水滿清江,1
14968,滿清江花,1
14969,清江花滿,1
14970,江花滿山,1
14971,花滿山借,1
14972,滿山借問,1
14973,山借問故,1
14974,借問故園,1
14975,問故園隱,1
14976,故園隱君,1
14977,園隱君子,1
14978,隱君子時,1
14979,君子時時,1
14980,子時時來,1
14981,時時來往,1
14982,時來往住,1
14983,來往住人,1
14984,往住人間,1
