排名,詞彙,出現次數
1,名出鄉中,2
2,眠隨客醉,2
3,舊國歸何,2
4,鳳凰樓下,2
5,人人自理,2
6,事更相關,2
7,獻親冬集,2
8,親冬集書,2
9,蓮華峰下,2
10,華峰下郡,2
11,九陌鼓聲,2
12,陌鼓聲齊,2
13,來山鳥散,2
14,山歸未得,2
15,逢人話天,2
16,人話天命,2
17,話天命自,2
18,棋罷嫌無,2
19,此會誠堪,2
20,會誠堪惜,2
21,丁丁玉漏,2
22,啟雞人唱,2
23,報功嚴祀,1
24,功嚴祀典,1
25,嚴祀典寵,1
26,祀典寵詔,1
27,典寵詔下,1
28,寵詔下明,1
29,詔下明庭,1
30,下明庭酒,1
31,明庭酒氣,1
32,庭酒氣飄,1
33,酒氣飄林,1
34,氣飄林嶺,1
35,飄林嶺香,1
36,林嶺香煙,1
37,嶺香煙入,1
38,香煙入杳,1
39,煙入杳冥,1
40,入杳冥樂,1
41,杳冥樂清,1
42,冥樂清三,1
43,樂清三奏,1
44,清三奏備,1
45,三奏備詞,1
46,奏備詞直,1
47,備詞直百,1
48,詞直百神,1
49,直百神聽,1
50,百神聽衣,1
51,神聽衣拂,1
52,聽衣拂雲,1
53,衣拂雲霞,1
54,拂雲霞濕,1
55,雲霞濕詩,1
56,霞濕詩通,1
57,濕詩通水,1
58,詩通水石,1
59,通水石靈,1
60,水石靈何,1
61,石靈何因,1
62,靈何因逐,1
63,何因逐騶,1
64,因逐騶騎,1
65,逐騶騎暫,1
66,騶騎暫得,1
67,騎暫得到,1
68,暫得到岩,1
69,得到岩扃,1
70,到岩扃酬,1
71,岩扃酬恩,1
72,扃酬恩不,1
73,酬恩不顧,1
74,恩不顧名,1
75,不顧名走,1
76,顧名走馬,1
77,名走馬覺,1
78,走馬覺身,1
79,馬覺身輕,1
80,覺身輕迢,1
81,身輕迢遞,1
82,輕迢遞河,1
83,迢遞河邊,1
84,遞河邊路,1
85,河邊路蒼,1
86,邊路蒼茫,1
87,路蒼茫塞,1
88,蒼茫塞上,1
89,茫塞上城,1
90,塞上城沙,1
91,上城沙寒,1
92,城沙寒無,1
93,沙寒無宿,1
94,寒無宿雁,1
95,無宿雁虜,1
96,宿雁虜近,1
97,雁虜近少,1
98,虜近少閑,1
99,近少閑兵,1
100,少閑兵飲,1
101,閑兵飲罷,1
102,兵飲罷揮,1
103,飲罷揮鞭,1
104,罷揮鞭去,1
105,揮鞭去旁,1
106,鞭去旁人,1
107,去旁人意,1
108,旁人意氣,1
109,人意氣生,1
110,意氣生天,1
111,氣生天子,1
112,生天子念,1
113,天子念疲,1
114,子念疲民,1
115,念疲民分,1
116,疲民分憂,1
117,民分憂輟,1
118,分憂輟侍,1
119,憂輟侍臣,1
120,輟侍臣紅,1
121,侍臣紅旗,1
122,臣紅旗高,1
123,紅旗高起,1
124,旗高起焰,1
125,高起焰綠,1
126,起焰綠野,1
127,焰綠野靜,1
128,綠野靜無,1
129,野靜無塵,1
130,靜無塵闕,1
131,無塵闕下,1
132,塵闕下親,1
133,闕下親知,1
134,下親知別,1
135,親知別江,1
136,知別江南,1
137,別江南惠,1
138,江南惠化,1
139,南惠化新,1
140,惠化新朝,1
141,化新朝昏,1
142,新朝昏即,1
143,朝昏即千,1
144,昏即千里,1
145,即千里且,1
146,千里且願,1
147,里且願話,1
148,且願話逡,1
149,願話逡巡,1
150,話逡巡殷,1
151,逡巡殷勤,1
152,巡殷勤莫,1
153,殷勤莫遽,1
154,勤莫遽起,1
155,莫遽起四,1
156,遽起四坐,1
157,起四坐悉,1
158,四坐悉同,1
159,坐悉同袍,1
160,悉同袍世,1
161,同袍世上,1
162,袍世上詩,1
163,世上詩難,1
164,上詩難得,1
165,詩難得林,1
166,難得林中,1
167,得林中酒,1
168,林中酒更,1
169,中酒更高,1
170,酒更高隋,1
171,更高隋堤,1
172,高隋堤傍,1
173,隋堤傍楊,1
174,堤傍楊柳,1
175,傍楊柳楚,1
176,楊柳楚驛,1
177,柳楚驛在,1
178,楚驛在波,1
179,驛在波濤,1
180,在波濤別,1
181,波濤別後,1
182,濤別後書,1
183,別後書頻,1
184,後書頻寄,1
185,書頻寄無,1
186,頻寄無辭,1
187,寄無辭費,1
188,無辭費筆,1
189,辭費筆毫,1
190,費筆毫杭,1
191,筆毫杭人,1
192,毫杭人遮,1
193,杭人遮道,1
194,人遮道路,1
195,遮道路垂,1
196,道路垂泣,1
197,路垂泣浙,1
198,垂泣浙江,1
199,泣浙江前,1
200,浙江前譙,1
201,江前譙國,1
202,前譙國迎,1
203,譙國迎舟,1
204,國迎舟艦,1
205,迎舟艦行,1
206,舟艦行歌,1
207,艦行歌汴,1
208,行歌汴水,1
209,歌汴水邊,1
210,汴水邊周,1
211,水邊周旋,1
212,邊周旋君,1
213,周旋君量,1
214,旋君量遠,1
215,君量遠交,1
216,量遠交代,1
217,遠交代我,1
218,交代我才,1
219,代我才偏,1
220,我才偏寒,1
221,才偏寒日,1
222,偏寒日嚴,1
223,寒日嚴旌,1
224,日嚴旌戟,1
225,嚴旌戟晴,1
226,旌戟晴風,1
227,戟晴風出,1
228,晴風出管,1
229,風出管弦,1
230,出管弦一,1
231,管弦一杯,1
232,弦一杯誠,1
233,一杯誠淡,1
234,杯誠淡薄,1
235,誠淡薄四,1
236,淡薄四坐,1
237,薄四坐願,1
238,四坐願留,1
239,坐願留連,1
240,願留連異,1
241,留連異政,1
242,連異政承,1
243,異政承殊,1
244,政承殊澤,1
245,承殊澤應,1
246,殊澤應為,1
247,澤應為天,1
248,應為天下,1
249,為天下先,1
250,天下先餞,1
251,下先餞幕,1
252,先餞幕儼,1
253,餞幕儼征,1
254,幕儼征軒,1
255,儼征軒行,1
256,征軒行軍,1
257,軒行軍歸,1
258,行軍歸大,1
259,軍歸大藩,1
260,歸大藩山,1
261,大藩山程,1
262,藩山程度,1
263,山程度函,1
264,程度函谷,1
265,度函谷水,1
266,函谷水驛,1
267,谷水驛到,1
268,水驛到夷,1
269,驛到夷門,1
270,到夷門曉,1
271,夷門曉日,1
272,門曉日詩,1
273,曉日詩情,1
274,日詩情遠,1
275,詩情遠春,1
276,情遠春風,1
277,遠春風酒,1
278,春風酒色,1
279,風酒色渾,1
280,酒色渾逡,1
281,色渾逡巡,1
282,渾逡巡何,1
283,逡巡何足,1
284,巡何足貴,1
285,何足貴所,1
286,足貴所貴,1
287,貴所貴盡,1
288,所貴盡殘,1
289,貴盡殘樽,1
290,盡殘樽三,1
291,殘樽三十,1
292,樽三十年,1
293,三十年來,1
294,十年來天,1
295,年來天下,1
296,來天下名,1
297,天下名銜,1
298,下名銜恩,1
299,名銜恩東,1
300,銜恩東守,1
301,恩東守闔,1
302,東守闔閭,1
303,守闔閭城,1
304,闔閭城初,1
305,閭城初經,1
306,城初經咸,1
307,初經咸穀,1
308,經咸穀眠,1
309,咸穀眠山,1
310,穀眠山驛,1
311,眠山驛漸,1
312,山驛漸入,1
313,驛漸入梁,1
314,漸入梁園,1
315,入梁園問,1
316,梁園問水,1
317,園問水程,1
318,問水程霽,1
319,水程霽日,1
320,程霽日滿,1
321,霽日滿江,1
322,日滿江寒,1
323,滿江寒浪,1
324,江寒浪靜,1
325,寒浪靜春,1
326,浪靜春風,1
327,靜春風繞,1
328,春風繞郭,1
329,風繞郭白,1
330,繞郭白蘋,1
331,郭白蘋生,1
332,白蘋生虎,1
333,蘋生虎丘,1
334,生虎丘野,1
335,虎丘野寺,1
336,丘野寺吳,1
337,野寺吳中,1
338,寺吳中少,1
339,吳中少誰,1
340,中少誰伴,1
341,少誰伴吟,1
342,誰伴吟詩,1
343,伴吟詩月,1
344,吟詩月裏,1
345,詩月裏行,1
346,月裏行州,1
347,裏行州城,1
348,行州城全,1
349,州城全是,1
350,城全是故,1
351,全是故吳,1
352,是故吳宮,1
353,故吳宮香,1
354,吳宮香徑,1
355,宮香徑難,1
356,香徑難尋,1
357,徑難尋古,1
358,難尋古蘚,1
359,尋古蘚中,1
360,古蘚中雲,1
361,蘚中雲水,1
362,中雲水計,1
363,雲水計程,1
364,水計程千,1
365,計程千里,1
366,程千里遠,1
367,千里遠軒,1
368,里遠軒車,1
369,遠軒車送,1
370,軒車送別,1
371,車送別九,1
372,送別九衢,1
373,別九衢空,1
374,九衢空鶴,1
375,衢空鶴聲,1
376,空鶴聲高,1
377,鶴聲高下,1
378,聲高下聽,1
379,高下聽無,1
380,下聽無盡,1
381,聽無盡潮,1
382,無盡潮色,1
383,盡潮色朝,1
384,潮色朝昏,1
385,色朝昏望,1
386,朝昏望不,1
387,昏望不同,1
388,望不同太,1
389,不同太守,1
390,同太守吟,1
391,太守吟詩,1
392,守吟詩人,1
393,吟詩人自,1
394,詩人自理,1
395,人自理小,1
396,自理小齋,1
397,理小齋閑,1
398,小齋閑臥,1
399,齋閑臥白,1
400,閑臥白蘋,1
401,臥白蘋風,1
402,白蘋風上,1
403,蘋風上國,1
404,風上國羞,1
405,上國羞長,1
406,國羞長選,1
407,羞長選戎,1
408,長選戎裝,1
409,選戎裝貴,1
410,戎裝貴所,1
411,裝貴所從,1
412,貴所從山,1
413,所從山田,1
414,從山田依,1
415,山田依法,1
416,田依法種,1
417,依法種兵,1
418,法種兵食,1
419,種兵食及,1
420,兵食及時,1
421,食及時供,1
422,及時供水,1
423,時供水氣,1
424,供水氣詩,1
425,水氣詩書,1
426,氣詩書軟,1
427,詩書軟嵐,1
428,書軟嵐煙,1
429,軟嵐煙筆,1
430,嵐煙筆硯,1
431,煙筆硯濃,1
432,筆硯濃幾,1
433,硯濃幾時,1
434,濃幾時無,1
435,幾時無事,1
436,時無事擾,1
437,無事擾相,1
438,事擾相見,1
439,擾相見得,1
440,相見得從,1
441,見得從容,1
442,得從容見,1
443,從容見說,1
444,容見說為,1
445,見說為官,1
446,說為官處,1
447,為官處煙,1
448,官處煙霞,1
449,處煙霞思,1
450,煙霞思不,1
451,霞思不窮,1
452,思不窮夜,1
453,不窮夜猿,1
454,窮夜猿啼,1
455,夜猿啼戶,1
456,猿啼戶外,1
457,啼戶外瀑,1
458,戶外瀑水,1
459,外瀑水落,1
460,瀑水落廚,1
461,水落廚中,1
462,落廚中名,1
463,廚中名藥,1
464,中名藥人,1
465,名藥人難,1
466,藥人難識,1
467,人難識仙,1
468,難識仙山,1
469,識仙山路,1
470,仙山路易,1
471,山路易通,1
472,路易通還,1
473,易通還應,1
474,通還應施,1
475,還應施靜,1
476,應施靜化,1
477,施靜化誰,1
478,靜化誰複,1
479,化誰複與,1
480,誰複與君,1
481,複與君同,1
482,與君同失,1
483,君同失意,1
484,同失意尋,1
485,失意尋歸,1
486,意尋歸路,1
487,尋歸路親,1
488,歸路親知,1
489,路親知不,1
490,親知不復,1
491,知不復過,1
492,不復過家,1
493,復過家山,1
494,過家山去,1
495,家山去城,1
496,山去城遠,1
497,去城遠日,1
498,城遠日月,1
499,遠日月在,1
500,日月在船,1
501,月在船多,1
502,在船多楚,1
503,船多楚塞,1
504,多楚塞數,1
505,楚塞數逢,1
506,塞數逢雁,1
507,數逢雁浙,1
508,逢雁浙江,1
509,雁浙江長,1
510,浙江長有,1
511,江長有波,1
512,長有波秋,1
513,有波秋風,1
514,波秋風別,1
515,秋風別鄉,1
516,風別鄉老,1
517,別鄉老還,1
518,鄉老還聽,1
519,老還聽鹿,1
520,還聽鹿鳴,1
521,聽鹿鳴歌,1
522,鹿鳴歌春,1
523,鳴歌春色,1
524,歌春色三,1
525,春色三千,1
526,色三千里,1
527,三千里愁,1
528,千里愁人,1
529,里愁人意,1
530,愁人意未,1
531,人意未開,1
532,意未開木,1
533,未開木梢,1
534,開木梢穿,1
535,木梢穿棧,1
536,梢穿棧出,1
537,穿棧出雨,1
538,棧出雨勢,1
539,出雨勢隔,1
540,雨勢隔江,1
541,勢隔江來,1
542,隔江來荒,1
543,江來荒館,1
544,來荒館因,1
545,荒館因花,1
546,館因花宿,1
547,因花宿深,1
548,花宿深山,1
549,宿深山羨,1
550,深山羨客,1
551,山羨客回,1
552,羨客回相,1
553,客回相如,1
554,回相如何,1
555,相如何物,1
556,如何物在,1
557,何物在應,1
558,物在應只,1
559,在應只有,1
560,應只有琴,1
561,只有琴台,1
562,有琴台滿,1
563,琴台滿座,1
564,台滿座詩,1
565,滿座詩人,1
566,座詩人吟,1
567,詩人吟送,1
568,人吟送酒,1
569,吟送酒離,1
570,送酒離城,1
571,酒離城此,1
572,離城此會,1
573,城此會亦,1
574,此會亦應,1
575,會亦應稀,1
576,亦應稀春,1
577,應稀春風,1
578,稀春風下,1
579,春風下第,1
580,風下第時,1
581,下第時稱,1
582,第時稱屈,1
583,時稱屈秋,1
584,稱屈秋卷,1
585,屈秋卷呈,1
586,秋卷呈親,1
587,卷呈親自,1
588,呈親自束,1
589,親自束歸,1
590,自束歸日,1
591,束歸日晚,1
592,歸日晚山,1
593,日晚山花,1
594,晚山花當,1
595,山花當馬,1
596,花當馬落,1
597,當馬落天,1
598,馬落天陰,1
599,落天陰水,1
600,天陰水鳥,1
601,陰水鳥傍,1
602,水鳥傍船,1
603,鳥傍船飛,1
604,傍船飛江,1
605,船飛江邊,1
606,飛江邊道,1
607,江邊道路,1
608,邊道路多,1
609,道路多苔,1
610,路多苔蘚,1
611,多苔蘚塵,1
612,苔蘚塵土,1
613,蘚塵土無,1
614,塵土無由,1
615,土無由得,1
616,無由得上,1
617,由得上衣,1
618,得上衣不,1
619,上衣不道,1
620,衣不道弓,1
621,不道弓箭,1
622,道弓箭字,1
623,弓箭字罷,1
624,箭字罷官,1
625,字罷官唯,1
626,罷官唯醉,1
627,官唯醉眠,1
628,唯醉眠何,1
629,醉眠何人,1
630,眠何人薦,1
631,何人薦籌,1
632,人薦籌策,1
633,薦籌策走,1
634,籌策走馬,1
635,策走馬逐,1
636,走馬逐旌,1
637,馬逐旌旃,1
638,逐旌旃陣,1
639,旌旃陣變,1
640,旃陣變孤,1
641,陣變孤虛,1
642,變孤虛外,1
643,孤虛外功,1
644,虛外功成,1
645,外功成語,1
646,功成語笑,1
647,成語笑前,1
648,語笑前從,1
649,笑前從今,1
650,前從今巂,1
651,從今巂州,1
652,今巂州路,1
653,巂州路無,1
654,州路無複,1
655,路無複有,1
656,無複有烽,1
657,複有烽煙,1
658,有烽煙卻,1
659,烽煙卻縠,1
660,煙卻縠詩,1
661,卻縠詩書,1
662,縠詩書將,1
663,詩書將銜,1
664,書將銜恩,1
665,將銜恩赴,1
666,銜恩赴梓,1
667,恩赴梓州,1
668,赴梓州繞,1
669,梓州繞身,1
670,州繞身垂,1
671,繞身垂印,1
672,身垂印綬,1
673,垂印綬護,1
674,印綬護馬,1
675,綬護馬執,1
676,護馬執戈,1
677,馬執戈矛,1
678,執戈矛劍,1
679,戈矛劍閣,1
680,矛劍閣和,1
681,劍閣和銘,1
682,閣和銘峭,1
683,和銘峭巴,1
684,銘峭巴江,1
685,峭巴江帶,1
686,巴江帶字,1
687,江帶字流,1
688,帶字流從,1
689,字流從來,1
690,流從來皆,1
691,從來皆惜,1
692,來皆惜別,1
693,皆惜別此,1
694,惜別此別,1
695,別此別複,1
696,此別複何,1
697,別複何愁,1
698,複何愁上,1
699,何愁上將,1
700,愁上將得,1
701,上將得良,1
702,將得良策,1
703,得良策恩,1
704,良策恩威,1
705,策恩威作,1
706,恩威作長,1
707,威作長城,1
708,作長城如,1
709,長城如今,1
710,城如今並,1
711,如今並州,1
712,今並州北,1
713,並州北不,1
714,州北不見,1
715,北不見有,1
716,不見有胡,1
717,見有胡兵,1
718,有胡兵晉,1
719,胡兵晉野,1
720,兵晉野雨,1
721,晉野雨初,1
722,野雨初足,1
723,雨初足汾,1
724,初足汾河,1
725,足汾河波,1
726,汾河波亦,1
727,河波亦清,1
728,波亦清所,1
729,亦清所從,1
730,清所從古,1
731,所從古無,1
732,從古無比,1
733,古無比意,1
734,無比意氣,1
735,比意氣送,1
736,意氣送君,1
737,氣送君行,1
738,送君行我,1
739,君行我夢,1
740,行我夢何,1
741,我夢何曾,1
742,夢何曾應,1
743,何曾應看,1
744,曾應看君,1
745,應看君渡,1
746,看君渡滻,1
747,君渡滻川,1
748,渡滻川自,1
749,滻川自無,1
750,川自無仙,1
751,自無仙掌,1
752,無仙掌分,1
753,仙掌分非,1
754,掌分非是,1
755,分非是聖,1
756,非是聖心,1
757,是聖心偏,1
758,聖心偏徑,1
759,心偏徑草,1
760,偏徑草多,1
761,徑草多生,1
762,草多生藥,1
763,多生藥庭,1
764,生藥庭花,1
765,藥庭花半,1
766,庭花半落,1
767,花半落泉,1
768,半落泉人,1
769,落泉人間,1
770,泉人間有,1
771,人間有此,1
772,間有此郡,1
773,有此郡況,1
774,此郡況在,1
775,郡況在鳳,1
776,況在鳳城,1
777,在鳳城邊,1
778,鳳城邊赤,1
779,城邊赤府,1
780,邊赤府從,1
781,赤府從軍,1
782,府從軍美,1
783,從軍美儒,1
784,軍美儒衣,1
785,美儒衣結,1
786,儒衣結束,1
787,衣結束輕,1
788,結束輕涼,1
789,束輕涼飆,1
790,輕涼飆下,1
791,涼飆下山,1
792,飆下山寺,1
793,下山寺曉,1
794,山寺曉浪,1
795,寺曉浪滿,1
796,曉浪滿關,1
797,浪滿關城,1
798,滿關城閑,1
799,關城閑坐,1
800,城閑坐饒,1
801,閑坐饒詩,1
802,坐饒詩景,1
803,饒詩景高,1
804,詩景高眠,1
805,景高眠長,1
806,高眠長道,1
807,眠長道情,1
808,長道情將,1
809,道情將軍,1
810,情將軍不,1
811,將軍不戰,1
812,軍不戰術,1
813,不戰術計,1
814,戰術計日,1
815,術計日立,1
816,計日立功,1
817,日立功名,1
818,立功名吟,1
819,功名吟詩,1
820,名吟詩擲,1
821,吟詩擲酒,1
822,詩擲酒船,1
823,擲酒船仙,1
824,酒船仙掌,1
825,船仙掌白,1
826,仙掌白樓,1
827,掌白樓前,1
828,白樓前從,1
829,樓前從事,1
830,前從事關,1
831,從事關中,1
832,事關中貴,1
833,關中貴主,1
834,中貴主人,1
835,貴主人天,1
836,主人天下,1
837,人天下賢,1
838,天下賢此,1
839,下賢此生,1
840,賢此生無,1
841,此生無了,1
842,生無了日,1
843,無了日終,1
844,了日終歲,1
845,日終歲踏,1
846,終歲踏離,1
847,歲踏離筵,1
848,踏離筵何,1
849,離筵何計,1
850,筵何計因,1
851,何計因歸,1
852,計因歸去,1
853,因歸去深,1
854,歸去深山,1
855,去深山恣,1
856,深山恣意,1
857,山恣意眠,1
858,恣意眠僕,1
859,意眠僕射,1
860,眠僕射陂,1
861,僕射陂前,1
862,射陂前郡,1
863,陂前郡清,1
864,前郡清高,1
865,郡清高越,1
866,清高越四,1
867,高越四鄰,1
868,越四鄰丹,1
869,四鄰丹霄,1
870,鄰丹霄鳳,1
871,丹霄鳳詔,1
872,霄鳳詔下,1
873,鳳詔下太,1
874,詔下太守,1
875,下太守虎,1
876,太守虎符,1
877,守虎符新,1
878,虎符新霧,1
879,符新霧濕,1
880,新霧濕關,1
881,霧濕關城,1
882,濕關城月,1
883,關城月花,1
884,城月花香,1
885,月花香驛,1
886,花香驛路,1
887,香驛路塵,1
888,驛路塵連,1
889,路塵連枝,1
890,塵連枝相,1
891,連枝相庭,1
892,枝相庭樹,1
893,相庭樹歲,1
894,庭樹歲歲,1
895,樹歲歲一,1
896,歲歲一家,1
897,歲一家春,1
898,一家春炎,1
899,家春炎天,1
900,春炎天木,1
901,炎天木葉,1
902,天木葉焦,1
903,木葉焦曉,1
904,葉焦曉夕,1
905,焦曉夕絕,1
906,曉夕絕涼,1
907,夕絕涼飆,1
908,絕涼飆念,1
909,涼飆念子,1
910,飆念子獨,1
911,念子獨歸,1
912,子獨歸縣,1
913,獨歸縣何,1
914,歸縣何人,1
915,縣何人不,1
916,何人不在,1
917,人不在朝,1
918,不在朝市,1
919,在朝市連,1
920,朝市連風,1
921,市連風浪,1
922,連風浪動,1
923,風浪動帆,1
924,浪動帆徹,1
925,動帆徹海,1
926,帆徹海門,1
927,徹海門遙,1
928,海門遙飲,1
929,門遙飲盡,1
930,遙飲盡樽,1
931,飲盡樽中,1
932,盡樽中酒,1
933,樽中酒同,1
934,中酒同年,1
935,酒同年同,1
936,同年同寂,1
937,年同寂寥,1
938,同寂寥儒,1
939,寂寥儒有,1
940,寥儒有登,1
941,儒有登壇,1
942,有登壇貴,1
943,登壇貴何,1
944,壇貴何人,1
945,貴何人得,1
946,何人得此,1
947,人得此功,1
948,得此功紅,1
949,此功紅旗,1
950,功紅旗燒,1
951,紅旗燒密,1
952,旗燒密雪,1
953,燒密雪白,1
954,密雪白馬,1
955,雪白馬踏,1
956,白馬踏長,1
957,馬踏長風,1
958,踏長風斧,1
959,長風斧鉞,1
960,風斧鉞來,1
961,斧鉞來天,1
962,鉞來天上,1
963,來天上詩,1
964,天上詩書,1
965,上詩書理,1
966,詩書理漢,1
967,書理漢中,1
968,理漢中方,1
969,漢中方知,1
970,中方知百,1
971,方知百勝,1
972,知百勝略,1
973,百勝略應,1
974,勝略應不,1
975,略應不在,1
976,應不在彎,1
977,不在彎弓,1
978,在彎弓長,1
979,彎弓長年,1
980,弓長年離,1
981,長年離別,1
982,年離別情,1
983,離別情百,1
984,別情百盞,1
985,情百盞酒,1
986,百盞酒須,1
987,盞酒須傾,1
988,酒須傾詩,1
989,須傾詩外,1
990,傾詩外應,1
991,詩外應無,1
992,外應無思,1
993,應無思人,1
994,無思人間,1
995,思人間半,1
996,人間半是,1
997,間半是行,1
998,半是行路,1
999,是行路遙,1
1000,行路遙嘶,1
1001,路遙嘶白,1
1002,遙嘶白馬,1
1003,嘶白馬林,1
1004,白馬林斷,1
1005,馬林斷出,1
1006,林斷出紅,1
1007,斷出紅旌,1
1008,出紅旌功,1
1009,紅旌功業,1
1010,旌功業今,1
1011,功業今應,1
1012,業今應立,1
1013,今應立淮,1
1014,應立淮西,1
1015,立淮西有,1
1016,淮西有勁,1
1017,西有勁兵,1
1018,有勁兵一,1
1019,勁兵一缽,1
1020,兵一缽與,1
1021,一缽與三,1
1022,缽與三衣,1
1023,與三衣經,1
1024,三衣經行,1
1025,衣經行遠,1
1026,經行遠近,1
1027,行遠近隨,1
1028,遠近隨出,1
1029,近隨出家,1
1030,隨出家還,1
1031,出家還養,1
1032,家還養母,1
1033,還養母持,1
1034,養母持律,1
1035,母持律複,1
1036,持律複能,1
1037,律複能詩,1
1038,複能詩春,1
1039,能詩春雪,1
1040,詩春雪離,1
1041,春雪離京,1
1042,雪離京厚,1
1043,離京厚晨,1
1044,京厚晨鐘,1
1045,厚晨鐘近,1
1046,晨鐘近塞,1
1047,鐘近塞遲,1
1048,近塞遲亦,1
1049,塞遲亦知,1
1050,遲亦知蓮,1
1051,亦知蓮府,1
1052,知蓮府客,1
1053,蓮府客夜,1
1054,府客夜坐,1
1055,客夜坐喜,1
1056,夜坐喜同,1
1057,坐喜同師,1
1058,喜同師人,1
1059,同師人間,1
1060,師人間擾,1
1061,人間擾擾,1
1062,間擾擾唯,1
1063,擾擾唯閒,1
1064,擾唯閒事,1
1065,唯閒事自,1
1066,閒事自見,1
1067,事自見高,1
1068,自見高人,1
1069,見高人只,1
1070,高人只有,1
1071,人只有詩,1
1072,只有詩寂,1
1073,有詩寂寞,1
1074,詩寂寞嵩,1
1075,寂寞嵩峰,1
1076,寞嵩峰雲,1
1077,嵩峰雲外,1
1078,峰雲外寺,1
1079,雲外寺常,1
1080,外寺常多,1
1081,寺常多夢,1
1082,常多夢裏,1
1083,多夢裏過,1
1084,夢裏過齋,1
1085,裏過齋時,1
1086,過齋時城,1
1087,齋時城中,1
1088,時城中聽,1
1089,城中聽得,1
1090,中聽得新,1
1091,聽得新經,1
1092,得新經論,1
1093,新經論卻,1
1094,經論卻過,1
1095,論卻過關,1
1096,卻過關東,1
1097,過關東說,1
1098,關東說向,1
1099,東說向人,1
1100,說向人舊,1
1101,向人舊國,1
1102,人舊國門,1
1103,舊國門徒,1
1104,國門徒終,1
1105,門徒終日,1
1106,徒終日望,1
1107,終日望見,1
1108,日望見時,1
1109,望見時應,1
1110,見時應是,1
1111,時應是見,1
1112,應是見真,1
1113,是見真身,1
1114,見真身童,1
1115,真身童稚,1
1116,身童稚便,1
1117,童稚便知,1
1118,稚便知聞,1
1119,便知聞如,1
1120,知聞如今,1
1121,聞如今只,1
1122,如今只有,1
1123,今只有君,1
1124,只有君百,1
1125,有君百篇,1
1126,君百篇詩,1
1127,百篇詩盡,1
1128,篇詩盡和,1
1129,詩盡和一,1
1130,盡和一盞,1
1131,和一盞酒,1
1132,一盞酒須,1
1133,盞酒須分,1
1134,酒須分驛,1
1135,須分驛路,1
1136,分驛路多,1
1137,驛路多連,1
1138,路多連水,1
1139,多連水州,1
1140,連水州城,1
1141,水州城半,1
1142,州城半在,1
1143,城半在雲,1
1144,半在雲離,1
1145,在雲離情,1
1146,雲離情同,1
1147,離情同落,1
1148,情同落葉,1
1149,同落葉向,1
1150,落葉向晚,1
1151,葉向晚更,1
1152,向晚更紛,1
1153,晚更紛紛,1
1154,更紛紛早,1
1155,紛紛早得,1
1156,紛早得白,1
1157,早得白眉,1
1158,得白眉名,1
1159,白眉名之,1
1160,眉名之官,1
1161,名之官濠,1
1162,之官濠上,1
1163,官濠上城,1
1164,濠上城別,1
1165,上城別離,1
1166,城別離浮,1
1167,別離浮世,1
1168,離浮世事,1
1169,浮世事迢,1
1170,世事迢遞,1
1171,事迢遞長,1
1172,迢遞長年,1
1173,遞長年情,1
1174,長年情廣,1
1175,年情廣陌,1
1176,情廣陌垂,1
1177,廣陌垂花,1
1178,陌垂花影,1
1179,垂花影遙,1
1180,花影遙林,1
1181,影遙林起,1
1182,遙林起雨,1
1183,林起雨聲,1
1184,起雨聲出,1
1185,雨聲出關,1
1186,聲出關春,1
1187,出關春草,1
1188,關春草長,1
1189,春草長過,1
1190,草長過汴,1
1191,長過汴夏,1
1192,過汴夏雲,1
1193,汴夏雲生,1
1194,夏雲生黠,1
1195,雲生黠吏,1
1196,生黠吏先,1
1197,黠吏先潛,1
1198,吏先潛去,1
1199,先潛去疲,1
1200,潛去疲人,1
1201,去疲人相,1
1202,疲人相次,1
1203,人相次迎,1
1204,相次迎宴,1
1205,次迎宴餘,1
1206,迎宴餘和,1
1207,宴餘和酒,1
1208,餘和酒拜,1
1209,和酒拜魂,1
1210,酒拜魂夢,1
1211,拜魂夢共,1
1212,魂夢共東,1
1213,夢共東行,1
1214,共東行蘭,1
1215,東行蘭燭,1
1216,行蘭燭照,1
1217,蘭燭照重,1
1218,燭照重茵,1
1219,照重茵飛,1
1220,重茵飛杯,1
1221,茵飛杯複,1
1222,飛杯複幾,1
1223,杯複幾分,1
1224,複幾分主,1
1225,幾分主人,1
1226,分主人寒,1
1227,主人寒不,1
1228,人寒不寐,1
1229,寒不寐上,1
1230,不寐上客,1
1231,寐上客曉,1
1232,上客曉離,1
1233,客曉離群,1
1234,曉離群騎,1
1235,離群騎吏,1
1236,群騎吏緣,1
1237,騎吏緣青,1
1238,吏緣青壁,1
1239,緣青壁旌,1
1240,青壁旌旗,1
1241,壁旌旗度,1
1242,旌旗度白,1
1243,旗度白雲,1
1244,度白雲劍,1
1245,白雲劍銘,1
1246,雲劍銘生,1
1247,劍銘生蘚,1
1248,銘生蘚色,1
1249,生蘚色巴,1
1250,蘚色巴字,1
1251,色巴字疊,1
1252,巴字疊冰,1
1253,字疊冰文,1
1254,疊冰文華,1
1255,冰文華省,1
1256,文華省思,1
1257,華省思仙,1
1258,省思仙侶,1
1259,思仙侶疲,1
1260,仙侶疲民,1
1261,侶疲民愛,1
1262,疲民愛使,1
1263,民愛使君,1
1264,愛使君泠,1
1265,使君泠泠,1
1266,君泠泠唯,1
1267,泠泠唯自,1
1268,泠唯自適,1
1269,唯自適郡,1
1270,自適郡邸,1
1271,適郡邸有,1
1272,郡邸有誰,1
1273,邸有誰聞,1
1274,有誰聞主,1
1275,誰聞主人,1
1276,聞主人庭,1
1277,主人庭葉,1
1278,人庭葉黑,1
1279,庭葉黑詩,1
1280,葉黑詩稿,1
1281,黑詩稿更,1
1282,詩稿更誰,1
1283,稿更誰書,1
1284,更誰書闕,1
1285,誰書闕下,1
1286,書闕下科,1
1287,闕下科名,1
1288,下科名出,1
1289,科名出鄉,1
1290,出鄉中賦,1
1291,鄉中賦籍,1
1292,中賦籍除,1
1293,賦籍除山,1
1294,籍除山春,1
1295,除山春煙,1
1296,山春煙樹,1
1297,春煙樹眾,1
1298,煙樹眾江,1
1299,樹眾江遠,1
1300,眾江遠晚,1
1301,江遠晚帆,1
1302,遠晚帆疏,1
1303,晚帆疏吾,1
1304,帆疏吾亦,1
1305,疏吾亦家,1
1306,吾亦家吳,1
1307,亦家吳者,1
1308,家吳者無,1
1309,吳者無因,1
1310,者無因到,1
1311,無因到弊,1
1312,因到弊廬,1
1313,到弊廬路,1
1314,弊廬路岐,1
1315,廬路岐知,1
1316,路岐知不,1
1317,岐知不盡,1
1318,知不盡離,1
1319,不盡離別,1
1320,盡離別自,1
1321,離別自無,1
1322,別自無窮,1
1323,自無窮行,1
1324,無窮行客,1
1325,窮行客心,1
1326,行客心方,1
1327,客心方切,1
1328,心方切主,1
1329,方切主人,1
1330,切主人樽,1
1331,主人樽未,1
1332,人樽未空,1
1333,樽未空楚,1
1334,未空楚檣,1
1335,空楚檣收,1
1336,楚檣收月,1
1337,檣收月下,1
1338,收月下江,1
1339,月下江樹,1
1340,下江樹在,1
1341,江樹在潮,1
1342,樹在潮中,1
1343,在潮中人,1
1344,潮中人各,1
1345,中人各還,1
1346,人各還家,1
1347,各還家去,1
1348,還家去還,1
1349,家去還家,1
1350,去還家慶,1
1351,還家慶不,1
1352,家慶不同,1
1353,慶不同相,1
1354,不同相府,1
1355,同相府旌,1
1356,相府旌旄,1
1357,府旌旄重,1
1358,旌旄重還,1
1359,旄重還邀,1
1360,重還邀上,1
1361,還邀上客,1
1362,邀上客行,1
1363,上客行今,1
1364,客行今朝,1
1365,行今朝郭,1
1366,今朝郭門,1
1367,朝郭門路,1
1368,郭門路初,1
1369,門路初徹,1
1370,路初徹蔡,1
1371,初徹蔡州,1
1372,徹蔡州城,1
1373,蔡州城從,1
1374,州城從馬,1
1375,城從馬唯,1
1376,從馬唯提,1
1377,馬唯提酒,1
1378,唯提酒防,1
1379,提酒防身,1
1380,酒防身不,1
1381,防身不要,1
1382,身不要兵,1
1383,不要兵從,1
1384,要兵從來,1
1385,兵從來皆,1
1386,從來皆作,1
1387,來皆作使,1
1388,皆作使君,1
1389,作使君去,1
1390,使君去是,1
1391,君去是時,1
1392,去是時平,1
1393,是時平何,1
1394,時平何物,1
1395,平何物隨,1
1396,何物隨身,1
1397,物隨身去,1
1398,隨身去六,1
1399,身去六經,1
1400,去六經與,1
1401,六經與一,1
1402,經與一琴,1
1403,與一琴辭,1
1404,一琴辭家,1
1405,琴辭家計,1
1406,辭家計已,1
1407,家計已久,1
1408,計已久入,1
1409,已久入谷,1
1410,久入谷住,1
1411,入谷住應,1
1412,谷住應深,1
1413,住應深偶,1
1414,應深偶坐,1
1415,深偶坐僧,1
1416,偶坐僧同,1
1417,坐僧同石,1
1418,僧同石閒,1
1419,同石閒書,1
1420,石閒書葉,1
1421,閒書葉滿,1
1422,書葉滿林,1
1423,葉滿林業,1
1424,滿林業成,1
1425,林業成須,1
1426,業成須謁,1
1427,成須謁帝,1
1428,須謁帝無,1
1429,謁帝無貯,1
1430,帝無貯白,1
1431,無貯白雲,1
1432,貯白雲心,1
1433,白雲心懷,1
1434,雲心懷中,1
1435,心懷中天,1
1436,懷中天子,1
1437,中天子書,1
1438,天子書腰,1
1439,子書腰下,1
1440,書腰下使,1
1441,腰下使君,1
1442,下使君魚,1
1443,使君魚瀑,1
1444,君魚瀑布,1
1445,魚瀑布和,1
1446,瀑布和雲,1
1447,布和雲落,1
1448,和雲落仙,1
1449,雲落仙都,1
1450,落仙都與,1
1451,仙都與世,1
1452,都與世疏,1
1453,與世疏遠,1
1454,世疏遠程,1
1455,疏遠程兼,1
1456,遠程兼水,1
1457,程兼水陸,1
1458,兼水陸半,1
1459,水陸半歲,1
1460,陸半歲在,1
1461,半歲在舟,1
1462,歲在舟車,1
1463,在舟車相,1
1464,舟車相送,1
1465,車相送難,1
1466,相送難相,1
1467,送難相別,1
1468,難相別南,1
1469,相別南風,1
1470,別南風入,1
1471,南風入夏,1
1472,風入夏初,1
1473,入夏初白,1
1474,夏初白須,1
1475,初白須芸,1
1476,白須芸閣,1
1477,須芸閣吏,1
1478,芸閣吏羸,1
1479,閣吏羸馬,1
1480,吏羸馬月,1
1481,羸馬月中,1
1482,馬月中行,1
1483,月中行莊,1
1484,中行莊僻,1
1485,行莊僻難,1
1486,莊僻難尋,1
1487,僻難尋路,1
1488,難尋路官,1
1489,尋路官閑,1
1490,路官閑易,1
1491,官閑易出,1
1492,閑易出城,1
1493,易出城看,1
1494,出城看山,1
1495,城看山多,1
1496,看山多失,1
1497,山多失飯,1
1498,多失飯過,1
1499,失飯過寺,1
1500,飯過寺故,1
1501,過寺故題,1
1502,寺故題名,1
1503,故題名秋,1
1504,題名秋日,1
1505,名秋日田,1
1506,秋日田家,1
1507,日田家作,1
1508,田家作唯,1
1509,家作唯添,1
1510,作唯添集,1
1511,唯添集卷,1
1512,添集卷成,1
1513,集卷成詩,1
1514,卷成詩境,1
1515,成詩境西,1
1516,詩境西南,1
1517,境西南好,1
1518,西南好秋,1
1519,南好秋深,1
1520,好秋深晝,1
1521,秋深晝夜,1
1522,深晝夜蛩,1
1523,晝夜蛩人,1
1524,夜蛩人家,1
1525,蛩人家連,1
1526,人家連水,1
1527,家連水影,1
1528,連水影驛,1
1529,水影驛路,1
1530,影驛路在,1
1531,驛路在山,1
1532,路在山峰,1
1533,在山峰谷,1
1534,山峰谷靜,1
1535,峰谷靜雲,1
1536,谷靜雲生,1
1537,靜雲生石,1
1538,雲生石天,1
1539,生石天寒,1
1540,石天寒雪,1
1541,天寒雪覆,1
1542,寒雪覆松,1
1543,雪覆松我,1
1544,覆松我為,1
1545,松我為公,1
1546,我為公府,1
1547,為公府系,1
1548,公府系不,1
1549,府系不得,1
1550,系不得此,1
1551,不得此相,1
1552,得此相從,1
1553,此相從聖,1
1554,相從聖代,1
1555,從聖代無,1
1556,聖代無邪,1
1557,代無邪觸,1
1558,無邪觸空,1
1559,邪觸空林,1
1560,觸空林獬,1
1561,空林獬豸,1
1562,林獬豸歸,1
1563,獬豸歸誰,1
1564,豸歸誰知,1
1565,歸誰知隴,1
1566,誰知隴山,1
1567,知隴山鳥,1
1568,隴山鳥長,1
1569,山鳥長繞,1
1570,鳥長繞玉,1
1571,長繞玉樓,1
1572,繞玉樓飛,1
1573,玉樓飛風,1
1574,樓飛風雨,1
1575,飛風雨依,1
1576,風雨依山,1
1577,雨依山急,1
1578,依山急雲,1
1579,山急雲泉,1
1580,急雲泉入,1
1581,雲泉入郭,1
1582,泉入郭微,1
1583,入郭微無,1
1584,郭微無同,1
1585,微無同昔,1
1586,無同昔年,1
1587,同昔年別,1
1588,昔年別別,1
1589,年別別後,1
1590,別別後寄,1
1591,別後寄書,1
1592,後寄書稀,1
1593,寄書稀常,1
1594,書稀常省,1
1595,稀常省為,1
1596,常省為官,1
1597,省為官處,1
1598,為官處門,1
1599,官處門前,1
1600,處門前數,1
1601,門前數樹,1
1602,前數樹松,1
1603,數樹松尋,1
1604,樹松尋山,1
1605,松尋山屐,1
1606,尋山屐費,1
1607,山屐費齒,1
1608,屐費齒書,1
1609,費齒書石,1
1610,齒書石筆,1
1611,書石筆無,1
1612,石筆無鋒,1
1613,筆無鋒果,1
1614,無鋒果熟,1
1615,鋒果熟猿,1
1616,果熟猿偷,1
1617,熟猿偷亂,1
1618,猿偷亂花,1
1619,偷亂花繁,1
1620,亂花繁鳥,1
1621,花繁鳥語,1
1622,繁鳥語重,1
1623,鳥語重今,1
1624,語重今來,1
1625,重今來為,1
1626,今來為客,1
1627,來為客去,1
1628,為客去惜,1
1629,客去惜取,1
1630,去惜取最,1
1631,惜取最高,1
1632,取最高峰,1
1633,最高峰欲,1
1634,高峰欲出,1
1635,峰欲出還,1
1636,欲出還成,1
1637,出還成住,1
1638,還成住前,1
1639,成住前程,1
1640,住前程甚,1
1641,前程甚謫,1
1642,程甚謫遷,1
1643,甚謫遷佯,1
1644,謫遷佯眠,1
1645,遷佯眠隨,1
1646,佯眠隨客,1
1647,隨客醉愁,1
1648,客醉愁坐,1
1649,醉愁坐似,1
1650,愁坐似僧,1
1651,坐似僧禪,1
1652,似僧禪舊,1
1653,僧禪舊國,1
1654,禪舊國歸,1
1655,國歸何處,1
1656,歸何處春,1
1657,何處春山,1
1658,處春山買,1
1659,春山買欠,1
1660,山買欠錢,1
1661,買欠錢幾,1
1662,欠錢幾時,1
1663,錢幾時無,1
1664,幾時無一,1
1665,時無一事,1
1666,無一事長,1
1667,一事長在,1
1668,事長在故,1
1669,長在故人,1
1670,在故人邊,1
1671,故人邊山,1
1672,人邊山翁,1
1673,邊山翁來,1
1674,山翁來帝,1
1675,翁來帝裏,1
1676,來帝裏不,1
1677,帝裏不肯,1
1678,裏不肯住,1
1679,不肯住多,1
1680,肯住多時,1
1681,住多時塵,1
1682,多時塵土,1
1683,時塵土衣,1
1684,塵土衣裳,1
1685,土衣裳重,1
1686,衣裳重腥,1
1687,裳重腥膻,1
1688,重腥膻僕,1
1689,腥膻僕隸,1
1690,膻僕隸饑,1
1691,僕隸饑林,1
1692,隸饑林中,1
1693,饑林中愁,1
1694,林中愁不,1
1695,中愁不到,1
1696,愁不到城,1
1697,不到城外,1
1698,到城外老,1
1699,城外老應,1
1700,外老應遲,1
1701,老應遲喧,1
1702,應遲喧寂,1
1703,遲喧寂一,1
1704,喧寂一為,1
1705,寂一為別,1
1706,一為別相,1
1707,為別相逢,1
1708,別相逢未,1
1709,相逢未有,1
1710,逢未有期,1
1711,未有期兄,1
1712,有期兄寒,1
1713,期兄寒弟,1
1714,兄寒弟亦,1
1715,寒弟亦饑,1
1716,弟亦饑力,1
1717,亦饑力學,1
1718,饑力學少,1
1719,力學少閒,1
1720,學少閒時,1
1721,少閒時何,1
1722,閒時何路,1
1723,時何路免,1
1724,何路免為,1
1725,路免為客,1
1726,免為客無,1
1727,為客無門,1
1728,客無門賣,1
1729,無門賣得,1
1730,門賣得詩,1
1731,賣得詩幾,1
1732,得詩幾人,1
1733,詩幾人攜,1
1734,幾人攜酒,1
1735,人攜酒送,1
1736,攜酒送獨,1
1737,酒送獨我,1
1738,送獨我入,1
1739,獨我入山,1
1740,我入山遲,1
1741,入山遲少,1
1742,山遲少小,1
1743,遲少小同,1
1744,少小同居,1
1745,小同居止,1
1746,同居止今,1
1747,居止今朝,1
1748,止今朝始,1
1749,今朝始別,1
1750,朝始別離,1
1751,始別離鳳,1
1752,別離鳳凰,1
1753,離鳳凰樓,1
1754,凰樓下醉,1
1755,樓下醉醺,1
1756,下醉醺醺,1
1757,醉醺醺晚,1
1758,醺醺晚出,1
1759,醺晚出東,1
1760,晚出東門,1
1761,出東門蟬,1
1762,東門蟬漸,1
1763,門蟬漸聞,1
1764,蟬漸聞不,1
1765,漸聞不使,1
1766,聞不使鄉,1
1767,不使鄉人,1
1768,使鄉人治,1
1769,鄉人治驛,1
1770,人治驛路,1
1771,治驛路卻,1
1772,驛路卻將,1
1773,路卻將家,1
1774,卻將家累,1
1775,將家累宿,1
1776,家累宿山,1
1777,累宿山雲,1
1778,宿山雲閒,1
1779,山雲閒時,1
1780,雲閒時采,1
1781,閒時采藥,1
1782,時采藥隨,1
1783,采藥隨僧,1
1784,藥隨僧去,1
1785,隨僧去每,1
1786,僧去每月,1
1787,去每月請,1
1788,每月請錢,1
1789,月請錢共,1
1790,請錢共客,1
1791,錢共客分,1
1792,共客分縣,1
1793,客分縣吏,1
1794,分縣吏若,1
1795,縣吏若非,1
1796,吏若非三,1
1797,若非三載,1
1798,非三載滿,1
1799,三載滿自,1
1800,載滿自知,1
1801,滿自知無,1
1802,自知無計,1
1803,知無計更,1
1804,無計更尋,1
1805,計更尋君,1
1806,更尋君水,1
1807,尋君水石,1
1808,君水石隨,1
1809,水石隨緣,1
1810,石隨緣豈,1
1811,隨緣豈計,1
1812,緣豈計程,1
1813,豈計程東,1
1814,計程東吳,1
1815,程東吳相,1
1816,東吳相遇,1
1817,吳相遇別,1
1818,相遇別西,1
1819,遇別西京,1
1820,別西京夜,1
1821,西京夜禪,1
1822,京夜禪月,1
1823,夜禪月下,1
1824,禪月下袈,1
1825,月下袈裟,1
1826,下袈裟濕,1
1827,袈裟濕曉,1
1828,裟濕曉上,1
1829,濕曉上山,1
1830,曉上山巔,1
1831,上山巔錫,1
1832,山巔錫杖,1
1833,巔錫杖鳴,1
1834,錫杖鳴念,1
1835,杖鳴念我,1
1836,鳴念我為,1
1837,念我為官,1
1838,我為官應,1
1839,為官應易,1
1840,官應易老,1
1841,應易老羨,1
1842,易老羨師,1
1843,老羨師依,1
1844,羨師依佛,1
1845,師依佛學,1
1846,依佛學無,1
1847,佛學無生,1
1848,學無生越,1
1849,無生越中,1
1850,生越中多,1
1851,越中多有,1
1852,中多有前,1
1853,多有前朝,1
1854,有前朝寺,1
1855,前朝寺處,1
1856,朝寺處處,1
1857,寺處處鐵,1
1858,處處鐵鐘,1
1859,處鐵鐘石,1
1860,鐵鐘石磬,1
1861,鐘石磬聲,1
1862,石磬聲清,1
1863,磬聲清晨,1
1864,聲清晨相,1
1865,清晨相訪,1
1866,晨相訪立,1
1867,相訪立門,1
1868,訪立門前,1
1869,立門前麻,1
1870,門前麻履,1
1871,前麻履方,1
1872,麻履方袍,1
1873,履方袍一,1
1874,方袍一少,1
1875,袍一少年,1
1876,一少年懶,1
1877,少年懶讀,1
1878,年懶讀經,1
1879,懶讀經文,1
1880,讀經文求,1
1881,經文求作,1
1882,文求作佛,1
1883,求作佛願,1
1884,作佛願攻,1
1885,佛願攻詩,1
1886,願攻詩句,1
1887,攻詩句覓,1
1888,詩句覓升,1
1889,句覓升仙,1
1890,覓升仙芳,1
1891,升仙芳春,1
1892,仙芳春山,1
1893,芳春山影,1
1894,春山影花,1
1895,山影花連,1
1896,影花連寺,1
1897,花連寺獨,1
1898,連寺獨夜,1
1899,寺獨夜潮,1
1900,獨夜潮聲,1
1901,夜潮聲月,1
1902,潮聲月滿,1
1903,聲月滿船,1
1904,月滿船今,1
1905,滿船今日,1
1906,船今日送,1
1907,今日送行,1
1908,日送行偏,1
1909,送行偏惜,1
1910,行偏惜別,1
1911,偏惜別共,1
1912,惜別共師,1
1913,別共師文,1
1914,共師文字,1
1915,師文字有,1
1916,文字有因,1
1917,字有因緣,1
1918,有因緣餞,1
1919,因緣餞客,1
1920,緣餞客未,1
1921,餞客未歸,1
1922,客未歸城,1
1923,未歸城東,1
1924,歸城東來,1
1925,城東來騶,1
1926,東來騶騎,1
1927,來騶騎迎,1
1928,騶騎迎千,1
1929,騎迎千山,1
1930,迎千山嵩,1
1931,千山嵩嶽,1
1932,山嵩嶽峭,1
1933,嵩嶽峭百,1
1934,嶽峭百縣,1
1935,峭百縣洛,1
1936,百縣洛陽,1
1937,縣洛陽清,1
1938,洛陽清朔,1
1939,陽清朔雁,1
1940,清朔雁和,1
1941,朔雁和雲,1
1942,雁和雲度,1
1943,和雲度川,1
1944,雲度川風,1
1945,度川風吹,1
1946,川風吹雨,1
1947,風吹雨晴,1
1948,吹雨晴蘚,1
1949,雨晴蘚庭,1
1950,晴蘚庭公,1
1951,蘚庭公事,1
1952,庭公事暇,1
1953,公事暇應,1
1954,事暇應只,1
1955,暇應只獨,1
1956,應只獨吟,1
1957,只獨吟行,1
1958,獨吟行蕭,1
1959,吟行蕭關,1
1960,行蕭關路,1
1961,蕭關路絕,1
1962,關路絕久,1
1963,路絕久石,1
1964,絕久石堠,1
1965,久石堠亦,1
1966,石堠亦為,1
1967,堠亦為塵,1
1968,亦為塵護,1
1969,為塵護塞,1
1970,塵護塞空,1
1971,護塞空兵,1
1972,塞空兵帳,1
1973,空兵帳和,1
1974,兵帳和戎,1
1975,帳和戎在,1
1976,和戎在使,1
1977,戎在使臣,1
1978,在使臣風,1
1979,使臣風沙,1
1980,臣風沙去,1
1981,風沙去國,1
1982,沙去國遠,1
1983,去國遠雨,1
1984,國遠雨雪,1
1985,遠雨雪換,1
1986,雨雪換衣,1
1987,雪換衣頻,1
1988,換衣頻若,1
1989,衣頻若問,1
1990,頻若問涼,1
1991,若問涼州,1
1992,問涼州事,1
1993,涼州事涼,1
1994,州事涼州,1
1995,事涼州多,1
1996,涼州多漢,1
1997,州多漢人,1
1998,多漢人送,1
1999,漢人送客,1
2000,人送客客,1
2001,送客客為,1
2002,客客為誰,1
2003,客為誰朱,1
2004,為誰朱門,1
2005,誰朱門處,1
2006,朱門處士,1
2007,門處士稀,1
2008,處士稀唯,1
2009,士稀唯修,1
2010,稀唯修曾,1
2011,唯修曾子,1
2012,修曾子行,1
2013,曾子行不,1
2014,子行不著,1
2015,行不著老,1
2016,不著老萊,1
2017,著老萊衣,1
2018,老萊衣古,1
2019,萊衣古寺,1
2020,衣古寺隨,1
2021,古寺隨僧,1
2022,寺隨僧飯,1
2023,隨僧飯空,1
2024,僧飯空林,1
2025,飯空林共,1
2026,空林共鳥,1
2027,林共鳥歸,1
2028,共鳥歸壺,1
2029,鳥歸壺中,1
2030,歸壺中駐,1
2031,壺中駐年,1
2032,中駐年藥,1
2033,駐年藥燒,1
2034,年藥燒得,1
2035,藥燒得獻,1
2036,燒得獻庭,1
2037,得獻庭闈,1
2038,獻庭闈貴,1
2039,庭闈貴是,1
2040,闈貴是鴒,1
2041,貴是鴒原,1
2042,是鴒原在,1
2043,鴒原在紫,1
2044,原在紫微,1
2045,在紫微榮,1
2046,紫微榮逢,1
2047,微榮逢知,1
2048,榮逢知己,1
2049,逢知己領,1
2050,知己領黃,1
2051,己領黃扉,1
2052,領黃扉人,1
2053,黃扉人間,1
2054,扉人間盛,1
2055,人間盛事,1
2056,間盛事今,1
2057,盛事今全,1
2058,事今全得,1
2059,今全得江,1
2060,全得江上,1
2061,得江上政,1
2062,江上政聲,1
2063,上政聲複,1
2064,政聲複欲,1
2065,聲複欲歸,1
2066,複欲歸風,1
2067,欲歸風起,1
2068,歸風起滿,1
2069,風起滿城,1
2070,起滿城山,1
2071,滿城山果,1
2072,城山果落,1
2073,山果落雨,1
2074,果落雨餘,1
2075,落雨餘穿,1
2076,雨餘穿宅,1
2077,餘穿宅水,1
2078,穿宅水禽,1
2079,宅水禽飛,1
2080,水禽飛昔,1
2081,禽飛昔年,1
2082,飛昔年嘗,1
2083,昔年嘗作,1
2084,年嘗作毗,1
2085,嘗作毗陵,1
2086,作毗陵客,1
2087,毗陵客石,1
2088,陵客石峭,1
2089,客石峭泉,1
2090,石峭泉清,1
2091,峭泉清天,1
2092,泉清天下,1
2093,清天下稀,1
2094,天下稀詔,1
2095,下稀詔書,1
2096,稀詔書飛,1
2097,詔書飛下,1
2098,書飛下五,1
2099,飛下五雲,1
2100,下五雲間,1
2101,五雲間才,1
2102,雲間才子,1
2103,間才子分,1
2104,才子分符,1
2105,子分符不,1
2106,分符不等,1
2107,符不等閒,1
2108,不等閒驛,1
2109,等閒驛路,1
2110,閒驛路算,1
2111,驛路算程,1
2112,路算程多,1
2113,算程多是,1
2114,程多是水,1
2115,多是水州,1
2116,是水州圖,1
2117,水州圖管,1
2118,州圖管地,1
2119,圖管地少,1
2120,管地少於,1
2121,地少於山,1
2122,少於山江,1
2123,於山江頭,1
2124,山江頭斑,1
2125,江頭斑竹,1
2126,頭斑竹尋,1
2127,斑竹尋應,1
2128,竹尋應遍,1
2129,尋應遍洞,1
2130,應遍洞裏,1
2131,遍洞裏丹,1
2132,洞裏丹砂,1
2133,裏丹砂自,1
2134,丹砂自采,1
2135,砂自采還,1
2136,自采還清,1
2137,采還清淨,1
2138,還清淨化,1
2139,清淨化人,1
2140,淨化人人,1
2141,化人人自,1
2142,人自理終,1
2143,自理終朝,1
2144,理終朝無,1
2145,終朝無事,1
2146,朝無事更,1
2147,無事更相,1
2148,更相關獨,1
2149,相關獨向,1
2150,關獨向山,1
2151,獨向山中,1
2152,向山中覓,1
2153,山中覓紫,1
2154,中覓紫芝,1
2155,覓紫芝山,1
2156,紫芝山人,1
2157,芝山人勾,1
2158,山人勾引,1
2159,人勾引住,1
2160,勾引住多,1
2161,引住多時,1
2162,住多時摘,1
2163,多時摘花,1
2164,時摘花浸,1
2165,摘花浸酒,1
2166,花浸酒春,1
2167,浸酒春愁,1
2168,酒春愁盡,1
2169,春愁盡燒,1
2170,愁盡燒竹,1
2171,盡燒竹煎,1
2172,燒竹煎茶,1
2173,竹煎茶夜,1
2174,煎茶夜臥,1
2175,茶夜臥遲,1
2176,夜臥遲泉,1
2177,臥遲泉落,1
2178,遲泉落林,1
2179,泉落林梢,1
2180,落林梢多,1
2181,林梢多碎,1
2182,梢多碎滴,1
2183,多碎滴松,1
2184,碎滴松生,1
2185,滴松生石,1
2186,松生石底,1
2187,生石底足,1
2188,石底足旁,1
2189,底足旁枝,1
2190,足旁枝明,1
2191,旁枝明朝,1
2192,枝明朝卻,1
2193,明朝卻欲,1
2194,朝卻欲歸,1
2195,卻欲歸城,1
2196,欲歸城市,1
2197,歸城市問,1
2198,城市問我,1
2199,市問我來,1
2200,問我來期,1
2201,我來期總,1
2202,來期總不,1
2203,期總不知,1
2204,總不知餞,1
2205,不知餞席,1
2206,知餞席離,1
2207,餞席離人,1
2208,席離人起,1
2209,離人起貪,1
2210,人起貪程,1
2211,起貪程醉,1
2212,貪程醉不,1
2213,程醉不眠,1
2214,醉不眠風,1
2215,不眠風沙,1
2216,眠風沙移,1
2217,風沙移道,1
2218,沙移道路,1
2219,移道路僕,1
2220,道路僕馬,1
2221,路僕馬識,1
2222,僕馬識山,1
2223,馬識山川,1
2224,識山川塞,1
2225,山川塞樹,1
2226,川塞樹花,1
2227,塞樹花開,1
2228,樹花開小,1
2229,花開小關,1
2230,開小關城,1
2231,小關城雪,1
2232,關城雪下,1
2233,城雪下偏,1
2234,雪下偏胡,1
2235,下偏胡塵,1
2236,偏胡塵今,1
2237,胡塵今已,1
2238,塵今已盡,1
2239,今已盡應,1
2240,已盡應便,1
2241,盡應便促,1
2242,應便促朝,1
2243,便促朝天,1
2244,促朝天擲,1
2245,朝天擲筆,1
2246,天擲筆不,1
2247,擲筆不作,1
2248,筆不作尉,1
2249,不作尉戎,1
2250,作尉戎衣,1
2251,尉戎衣從,1
2252,戎衣從嫖,1
2253,衣從嫖姚,1
2254,從嫖姚嚴,1
2255,嫖姚嚴冬,1
2256,姚嚴冬入,1
2257,嚴冬入都,1
2258,冬入都門,1
2259,入都門僕,1
2260,都門僕馬,1
2261,門僕馬氣,1
2262,僕馬氣益,1
2263,馬氣益豪,1
2264,氣益豪沂,1
2265,益豪沂州,1
2266,豪沂州右,1
2267,沂州右鎮,1
2268,州右鎮雄,1
2269,右鎮雄士,1
2270,鎮雄士勇,1
2271,雄士勇旌,1
2272,士勇旌旗,1
2273,勇旌旗高,1
2274,旌旗高洛,1
2275,旗高洛東,1
2276,高洛東無,1
2277,洛東無憂,1
2278,東無憂虞,1
2279,無憂虞半,1
2280,憂虞半夜,1
2281,虞半夜開,1
2282,半夜開虎,1
2283,夜開虎牢,1
2284,開虎牢丈,1
2285,虎牢丈夫,1
2286,牢丈夫貴,1
2287,丈夫貴功,1
2288,夫貴功勳,1
2289,貴功勳不,1
2290,功勳不貴,1
2291,勳不貴爵,1
2292,不貴爵祿,1
2293,貴爵祿饒,1
2294,爵祿饒仰,1
2295,祿饒仰眠,1
2296,饒仰眠作,1
2297,仰眠作書,1
2298,眠作書生,1
2299,作書生衣,1
2300,書生衣食,1
2301,生衣食何,1
2302,衣食何由,1
2303,食何由銷,1
2304,何由銷任,1
2305,由銷任生,1
2306,銷任生非,1
2307,任生非常,1
2308,生非常才,1
2309,非常才臨,1
2310,常才臨事,1
2311,才臨事膽,1
2312,臨事膽不,1
2313,事膽不搖,1
2314,膽不搖必,1
2315,不搖必當,1
2316,搖必當展,1
2317,必當展長,1
2318,當展長畫,1
2319,展長畫逆,1
2320,長畫逆波,1
2321,畫逆波斬,1
2322,逆波斬鯨,1
2323,波斬鯨鼇,1
2324,斬鯨鼇九,1
2325,鯨鼇九陌,1
2326,鼇九陌塵,1
2327,九陌塵土,1
2328,陌塵土黑,1
2329,塵土黑話,1
2330,土黑話別,1
2331,黑話別立,1
2332,話別立遠,1
2333,別立遠郊,1
2334,立遠郊孟,1
2335,遠郊孟堅,1
2336,郊孟堅勒,1
2337,孟堅勒燕,1
2338,堅勒燕然,1
2339,勒燕然豈,1
2340,燕然豈獨,1
2341,然豈獨在,1
2342,豈獨在漢,1
2343,獨在漢朝,1
2344,在漢朝蜀,1
2345,漢朝蜀山,1
2346,朝蜀山高,1
2347,蜀山高岧,1
2348,山高岧嶢,1
2349,高岧嶢蜀,1
2350,岧嶢蜀客,1
2351,嶢蜀客無,1
2352,蜀客無平,1
2353,客無平才,1
2354,無平才日,1
2355,平才日飲,1
2356,才日飲錦,1
2357,日飲錦江,1
2358,飲錦江水,1
2359,錦江水文,1
2360,江水文章,1
2361,水文章盈,1
2362,文章盈其,1
2363,章盈其懷,1
2364,盈其懷十,1
2365,其懷十年,1
2366,懷十年作,1
2367,十年作貢,1
2368,年作貢賓,1
2369,作貢賓九,1
2370,貢賓九年,1
2371,賓九年多,1
2372,九年多邅,1
2373,年多邅回,1
2374,多邅回春,1
2375,邅回春來,1
2376,回春來登,1
2377,春來登高,1
2378,來登高科,1
2379,登高科升,1
2380,高科升天,1
2381,科升天得,1
2382,升天得梯,1
2383,天得梯階,1
2384,得梯階手,1
2385,梯階手持,1
2386,階手持冬,1
2387,手持冬集,1
2388,持冬集書,1
2389,冬集書還,1
2390,集書還家,1
2391,書還家獻,1
2392,還家獻庭,1
2393,家獻庭闈,1
2394,獻庭闈人,1
2395,庭闈人生,1
2396,闈人生此,1
2397,人生此為,1
2398,生此為榮,1
2399,此為榮得,1
2400,為榮得如,1
2401,榮得如君,1
2402,得如君者,1
2403,如君者稀,1
2404,君者稀李,1
2405,者稀李白,1
2406,稀李白蜀,1
2407,李白蜀道,1
2408,白蜀道難,1
2409,蜀道難羞,1
2410,道難羞為,1
2411,難羞為無,1
2412,羞為無成,1
2413,為無成歸,1
2414,無成歸子,1
2415,成歸子今,1
2416,歸子今稱,1
2417,子今稱意,1
2418,今稱意行,1
2419,稱意行所,1
2420,意行所曆,1
2421,行所曆安,1
2422,所曆安覺,1
2423,曆安覺危,1
2424,安覺危與,1
2425,覺危與子,1
2426,危與子久,1
2427,與子久相,1
2428,子久相從,1
2429,久相從今,1
2430,相從今朝,1
2431,從今朝忽,1
2432,今朝忽乖,1
2433,朝忽乖離,1
2434,忽乖離風,1
2435,乖離風飄,1
2436,離風飄海,1
2437,風飄海中,1
2438,飄海中船,1
2439,海中船會,1
2440,中船會合,1
2441,船會合難,1
2442,會合難自,1
2443,合難自期,1
2444,難自期長,1
2445,自期長安,1
2446,期長安米,1
2447,長安米價,1
2448,安米價高,1
2449,米價高伊,1
2450,價高伊我,1
2451,高伊我常,1
2452,伊我常渴,1
2453,我常渴饑,1
2454,常渴饑臨,1
2455,渴饑臨岐,1
2456,饑臨岐歌,1
2457,臨岐歌送,1
2458,岐歌送子,1
2459,歌送子無,1
2460,送子無聲,1
2461,子無聲但,1
2462,無聲但陳,1
2463,聲但陳詞,1
2464,但陳詞義,1
2465,陳詞義交,1
2466,詞義交外,1
2467,義交外不,1
2468,交外不親,1
2469,外不親利,1
2470,不親利交,1
2471,親利交內,1
2472,利交內相,1
2473,交內相違,1
2474,內相違勉,1
2475,相違勉子,1
2476,違勉子慎,1
2477,勉子慎其,1
2478,子慎其道,1
2479,慎其道急,1
2480,其道急若,1
2481,道急若食,1
2482,急若食與,1
2483,若食與衣,1
2484,食與衣苦,1
2485,與衣苦爇,1
2486,衣苦爇道,1
2487,苦爇道路,1
2488,爇道路赤,1
2489,道路赤行,1
2490,路赤行人,1
2491,赤行人念,1
2492,行人念前,1
2493,人念前馳,1
2494,念前馳一,1
2495,前馳一杯,1
2496,馳一杯不,1
2497,一杯不可,1
2498,杯不可輕,1
2499,不可輕遠,1
2500,可輕遠別,1
2501,輕遠別方,1
2502,遠別方自,1
2503,別方自茲,1
2504,方自茲鄱,1
2505,自茲鄱陽,1
2506,茲鄱陽勝,1
2507,鄱陽勝事,1
2508,陽勝事聞,1
2509,勝事聞難,1
2510,事聞難比,1
2511,聞難比千,1
2512,難比千里,1
2513,比千里連,1
2514,千里連連,1
2515,里連連是,1
2516,連連是稻,1
2517,連是稻畦,1
2518,是稻畦山,1
2519,稻畦山寺,1
2520,畦山寺去,1
2521,山寺去時,1
2522,寺去時通,1
2523,去時通水,1
2524,時通水路,1
2525,通水路郡,1
2526,水路郡圖,1
2527,路郡圖開,1
2528,郡圖開處,1
2529,圖開處是,1
2530,開處是詩,1
2531,處是詩題,1
2532,是詩題化,1
2533,詩題化行,1
2534,題化行應,1
2535,化行應免,1
2536,行應免農,1
2537,應免農人,1
2538,免農人困,1
2539,農人困庭,1
2540,人困庭靜,1
2541,困庭靜惟,1
2542,庭靜惟多,1
2543,靜惟多野,1
2544,惟多野鶴,1
2545,多野鶴棲,1
2546,野鶴棲飲,1
2547,鶴棲飲罷,1
2548,棲飲罷春,1
2549,飲罷春明,1
2550,罷春明門,1
2551,春明門外,1
2552,明門外別,1
2553,門外別蕭,1
2554,外別蕭條,1
2555,別蕭條驛,1
2556,蕭條驛路,1
2557,條驛路夕,1
2558,驛路夕陽,1
2559,路夕陽低,1
2560,夕陽低東,1
2561,陽低東門,1
2562,低東門送,1
2563,東門送客,1
2564,門送客道,1
2565,送客道春,1
2566,客道春色,1
2567,道春色如,1
2568,春色如死,1
2569,色如死灰,1
2570,如死灰一,1
2571,死灰一客,1
2572,灰一客失,1
2573,一客失意,1
2574,客失意行,1
2575,失意行十,1
2576,意行十客,1
2577,行十客顏,1
2578,十客顏色,1
2579,客顏色低,1
2580,顏色低住,1
2581,色低住者,1
2582,低住者既,1
2583,住者既無,1
2584,者既無家,1
2585,既無家去,1
2586,無家去者,1
2587,家去者又,1
2588,去者又非,1
2589,者又非歸,1
2590,又非歸窮,1
2591,非歸窮愁,1
2592,歸窮愁一,1
2593,窮愁一成,1
2594,愁一成疾,1
2595,一成疾百,1
2596,成疾百藥,1
2597,疾百藥不,1
2598,百藥不可,1
2599,藥不可治,1
2600,不可治子,1
2601,可治子賢,1
2602,治子賢我,1
2603,子賢我且,1
2604,賢我且愚,1
2605,我且愚命,1
2606,且愚命分,1
2607,愚命分不,1
2608,命分不合,1
2609,分不合齊,1
2610,不合齊誰,1
2611,合齊誰開,1
2612,齊誰開蹇,1
2613,誰開蹇躓,1
2614,開蹇躓門,1
2615,蹇躓門日,1
2616,躓門日日,1
2617,門日日同,1
2618,日日同遊,1
2619,日同遊棲,1
2620,同遊棲子,1
2621,遊棲子行,1
2622,棲子行何,1
2623,子行何所,1
2624,行何所之,1
2625,何所之切,1
2626,所之切切,1
2627,之切切食,1
2628,切切食與,1
2629,切食與衣,1
2630,食與衣誰,1
2631,與衣誰能,1
2632,衣誰能買,1
2633,誰能買仁,1
2634,能買仁義,1
2635,買仁義令,1
2636,仁義令子,1
2637,義令子無,1
2638,令子無寒,1
2639,子無寒饑,1
2640,無寒饑野,1
2641,寒饑野田,1
2642,饑野田不,1
2643,野田不生,1
2644,田不生草,1
2645,不生草四,1
2646,生草四向,1
2647,草四向生,1
2648,四向生路,1
2649,向生路岐,1
2650,生路岐士,1
2651,路岐士人,1
2652,岐士人甚,1
2653,士人甚商,1
2654,人甚商賈,1
2655,甚商賈終,1
2656,商賈終日,1
2657,賈終日須,1
2658,終日須東,1
2659,日須東西,1
2660,須東西鴻,1
2661,東西鴻雁,1
2662,西鴻雁春,1
2663,鴻雁春北,1
2664,雁春北去,1
2665,春北去秋,1
2666,北去秋風,1
2667,去秋風複,1
2668,秋風複南,1
2669,風複南飛,1
2670,複南飛勉,1
2671,南飛勉君,1
2672,飛勉君向,1
2673,勉君向前,1
2674,君向前路,1
2675,向前路無,1
2676,前路無失,1
2677,路無失相,1
2678,無失相見,1
2679,失相見期,1
2680,相見期士,1
2681,見期士有,1
2682,期士有經,1
2683,士有經世,1
2684,有經世籌,1
2685,經世籌自,1
2686,世籌自無,1
2687,籌自無活,1
2688,自無活身,1
2689,無活身策,1
2690,活身策求,1
2691,身策求食,1
2692,策求食道,1
2693,求食道路,1
2694,食道路間,1
2695,道路間勞,1
2696,路間勞困,1
2697,間勞困甚,1
2698,勞困甚徒,1
2699,困甚徒役,1
2700,甚徒役我,1
2701,徒役我身,1
2702,役我身與,1
2703,我身與子,1
2704,身與子同,1
2705,與子同日,1
2706,子同日被,1
2707,同日被饑,1
2708,日被饑寒,1
2709,被饑寒迫,1
2710,饑寒迫側,1
2711,寒迫側望,1
2712,迫側望卿,1
2713,側望卿相,1
2714,望卿相門,1
2715,卿相門難,1
2716,相門難入,1
2717,門難入堅,1
2718,難入堅如,1
2719,入堅如石,1
2720,堅如石為,1
2721,如石為農,1
2722,石為農昧,1
2723,為農昧耕,1
2724,農昧耕耘,1
2725,昧耕耘作,1
2726,耕耘作商,1
2727,耘作商迷,1
2728,作商迷貿,1
2729,商迷貿易,1
2730,迷貿易空,1
2731,貿易空把,1
2732,易空把書,1
2733,空把書卷,1
2734,把書卷行,1
2735,書卷行投,1
2736,卷行投人,1
2737,行投人買,1
2738,投人買罪,1
2739,人買罪責,1
2740,買罪責六,1
2741,罪責六月,1
2742,責六月南,1
2743,六月南風,1
2744,月南風多,1
2745,南風多苦,1
2746,風多苦旱,1
2747,多苦旱土,1
2748,苦旱土色,1
2749,旱土色赤,1
2750,土色赤坐,1
2751,色赤坐家,1
2752,赤坐家心,1
2753,坐家心尚,1
2754,家心尚焦,1
2755,心尚焦況,1
2756,尚焦況乃,1
2757,焦況乃遠,1
2758,況乃遠作,1
2759,乃遠作客,1
2760,遠作客羸,1
2761,作客羸馬,1
2762,客羸馬出,1
2763,羸馬出郭,1
2764,馬出郭門,1
2765,出郭門餞,1
2766,郭門餞飲,1
2767,門餞飲曉,1
2768,餞飲曉連,1
2769,飲曉連夕,1
2770,曉連夕願,1
2771,連夕願君,1
2772,夕願君似,1
2773,願君似醉,1
2774,君似醉腸,1
2775,似醉腸莫,1
2776,醉腸莫謾,1
2777,腸莫謾生,1
2778,莫謾生憂,1
2779,謾生憂戚,1
2780,生憂戚勸,1
2781,憂戚勸君,1
2782,戚勸君緩,1
2783,勸君緩上,1
2784,君緩上車,1
2785,緩上車鄉,1
2786,上車鄉里,1
2787,車鄉里有,1
2788,鄉里有吾,1
2789,里有吾廬,1
2790,有吾廬未,1
2791,吾廬未得,1
2792,廬未得同,1
2793,未得同歸,1
2794,得同歸去,1
2795,同歸去空,1
2796,歸去空令,1
2797,去空令相,1
2798,空令相見,1
2799,令相見疏,1
2800,相見疏山,1
2801,見疏山晴,1
2802,疏山晴棲,1
2803,山晴棲鶴,1
2804,晴棲鶴起,1
2805,棲鶴起天,1
2806,鶴起天曉,1
2807,起天曉落,1
2808,天曉落潮,1
2809,曉落潮初,1
2810,落潮初此,1
2811,潮初此慶,1
2812,初此慶將,1
2813,此慶將誰,1
2814,慶將誰比,1
2815,將誰比獻,1
2816,誰比獻親,1
2817,比獻親冬,1
2818,冬集書鄉,1
2819,集書鄉書,1
2820,書鄉書落,1
2821,鄉書落姓,1
2822,書落姓名,1
2823,落姓名太,1
2824,姓名太守,1
2825,名太守拜,1
2826,太守拜親,1
2827,守拜親榮,1
2828,拜親榮訪,1
2829,親榮訪我,1
2830,榮訪我波,1
2831,訪我波濤,1
2832,我波濤郡,1
2833,波濤郡還,1
2834,濤郡還家,1
2835,郡還家霧,1
2836,還家霧雨,1
2837,家霧雨城,1
2838,霧雨城海,1
2839,雨城海山,1
2840,城海山窗,1
2841,海山窗外,1
2842,山窗外近,1
2843,窗外近鏡,1
2844,外近鏡水,1
2845,近鏡水世,1
2846,鏡水世間,1
2847,水世間清,1
2848,世間清何,1
2849,間清何計,1
2850,清何計隨,1
2851,何計隨君,1
2852,計隨君去,1
2853,隨君去鄰,1
2854,君去鄰牆,1
2855,去鄰牆過,1
2856,鄰牆過此,1
2857,牆過此生,1
2858,過此生白,1
2859,此生白雲,1
2860,生白雲修,1
2861,白雲修道,1
2862,雲修道者,1
2863,修道者歸,1
2864,道者歸去,1
2865,者歸去春,1
2866,歸去春風,1
2867,去春風前,1
2868,春風前玉,1
2869,風前玉簡,1
2870,前玉簡通,1
2871,玉簡通仙,1
2872,簡通仙籍,1
2873,通仙籍金,1
2874,仙籍金丹,1
2875,籍金丹駐,1
2876,金丹駐母,1
2877,丹駐母年,1
2878,駐母年錦,1
2879,母年錦文,1
2880,年錦文江,1
2881,錦文江一,1
2882,文江一色,1
2883,江一色酒,1
2884,一色酒氣,1
2885,色酒氣雨,1
2886,酒氣雨相,1
2887,氣雨相連,1
2888,雨相連眾,1
2889,相連眾說,1
2890,連眾說君,1
2891,眾說君平,1
2892,說君平死,1
2893,君平死真,1
2894,平死真師,1
2895,死真師易,1
2896,真師易義,1
2897,師易義全,1
2898,易義全送,1
2899,義全送君,1
2900,全送君一,1
2901,送君一壺,1
2902,君一壺酒,1
2903,一壺酒相,1
2904,壺酒相別,1
2905,酒相別野,1
2906,相別野庭,1
2907,別野庭邊,1
2908,野庭邊馬,1
2909,庭邊馬上,1
2910,邊馬上過,1
2911,馬上過秋,1
2912,上過秋色,1
2913,過秋色舟,1
2914,秋色舟中,1
2915,色舟中到,1
2916,舟中到錦,1
2917,中到錦川,1
2918,到錦川峽,1
2919,錦川峽猿,1
2920,川峽猿啼,1
2921,峽猿啼夜,1
2922,猿啼夜雨,1
2923,啼夜雨蜀,1
2924,夜雨蜀鳥,1
2925,雨蜀鳥噪,1
2926,蜀鳥噪晨,1
2927,鳥噪晨煙,1
2928,噪晨煙莫,1
2929,晨煙莫便,1
2930,煙莫便不,1
2931,莫便不回,1
2932,便不回首,1
2933,不回首風,1
2934,回首風光,1
2935,首風光促,1
2936,風光促幾,1
2937,光促幾年,1
2938,促幾年迢,1
2939,幾年迢遞,1
2940,年迢遞三,1
2941,迢遞三千,1
2942,遞三千里,1
2943,三千里西,1
2944,千里西南,1
2945,里西南是,1
2946,西南是去,1
2947,南是去程,1
2948,是去程杜,1
2949,去程杜陵,1
2950,程杜陵家,1
2951,杜陵家已,1
2952,陵家已盡,1
2953,家已盡蜀,1
2954,已盡蜀國,1
2955,盡蜀國客,1
2956,蜀國客重,1
2957,國客重行,1
2958,客重行雪,1
2959,重行雪照,1
2960,行雪照巴,1
2961,雪照巴江,1
2962,照巴江色,1
2963,巴江色風,1
2964,江色風吹,1
2965,色風吹棧,1
2966,風吹棧閣,1
2967,吹棧閣聲,1
2968,棧閣聲馬,1
2969,閣聲馬嘶,1
2970,聲馬嘶山,1
2971,馬嘶山稍,1
2972,嘶山稍暖,1
2973,山稍暖人,1
2974,稍暖人語,1
2975,暖人語店,1
2976,人語店初,1
2977,語店初明,1
2978,店初明旅,1
2979,初明旅夢,1
2980,明旅夢心,1
2981,旅夢心多,1
2982,夢心多感,1
2983,心多感孤,1
2984,多感孤吟,1
2985,感孤吟氣,1
2986,孤吟氣不,1
2987,吟氣不平,1
2988,氣不平誰,1
2989,不平誰為,1
2990,平誰為李,1
2991,誰為李白,1
2992,為李白後,1
2993,李白後為,1
2994,白後為訪,1
2995,後為訪錦,1
2996,為訪錦官,1
2997,訪錦官城,1
2998,錦官城年,1
2999,官城年少,1
3000,城年少登,1
3001,年少登科,1
3002,少登科客,1
3003,登科客從,1
3004,科客從軍,1
3005,客從軍詔,1
3006,從軍詔命,1
3007,軍詔命新,1
3008,詔命新行,1
3009,命新行裝,1
3010,新行裝有,1
3011,行裝有兵,1
3012,裝有兵器,1
3013,有兵器祖,1
3014,兵器祖席,1
3015,器祖席盡,1
3016,祖席盡詩,1
3017,席盡詩人,1
3018,盡詩人細,1
3019,詩人細雨,1
3020,人細雨湘,1
3021,細雨湘城,1
3022,雨湘城暮,1
3023,湘城暮微,1
3024,城暮微風,1
3025,暮微風楚,1
3026,微風楚水,1
3027,風楚水春,1
3028,楚水春潯,1
3029,水春潯陽,1
3030,春潯陽應,1
3031,潯陽應足,1
3032,陽應足雁,1
3033,應足雁夢,1
3034,足雁夢澤,1
3035,雁夢澤豈,1
3036,夢澤豈無,1
3037,澤豈無塵,1
3038,豈無塵猿,1
3039,無塵猿叫,1
3040,塵猿叫來,1
3041,猿叫來山,1
3042,叫來山頂,1
3043,來山頂潮,1
3044,山頂潮痕,1
3045,頂潮痕在,1
3046,潮痕在樹,1
3047,痕在樹身,1
3048,在樹身從,1
3049,樹身從容,1
3050,身從容多,1
3051,從容多暇,1
3052,容多暇日,1
3053,多暇日佳,1
3054,暇日佳句,1
3055,日佳句寄,1
3056,佳句寄須,1
3057,句寄須頻,1
3058,寄須頻李,1
3059,須頻李白,1
3060,頻李白墳,1
3061,李白墳三,1
3062,白墳三尺,1
3063,墳三尺嵯,1
3064,三尺嵯峨,1
3065,尺嵯峨萬,1
3066,嵯峨萬古,1
3067,峨萬古名,1
3068,萬古名因,1
3069,古名因君,1
3070,名因君還,1
3071,因君還故,1
3072,君還故里,1
3073,還故里為,1
3074,故里為我,1
3075,里為我吊,1
3076,為我吊先,1
3077,我吊先生,1
3078,吊先生晴,1
3079,先生晴日,1
3080,生晴日移,1
3081,晴日移虹,1
3082,日移虹影,1
3083,移虹影空,1
3084,虹影空山,1
3085,影空山出,1
3086,空山出鶴,1
3087,山出鶴聲,1
3088,出鶴聲老,1
3089,鶴聲老郎,1
3090,聲老郎閑,1
3091,老郎閑未,1
3092,郎閑未得,1
3093,閑未得無,1
3094,未得無計,1
3095,得無計此,1
3096,無計此中,1
3097,計此中行,1
3098,此中行出,1
3099,中行出家,1
3100,行出家侍,1
3101,出家侍母,1
3102,家侍母前,1
3103,侍母前至,1
3104,母前至孝,1
3105,前至孝自,1
3106,至孝自通,1
3107,孝自通禪,1
3108,自通禪伏,1
3109,通禪伏日,1
3110,禪伏日江,1
3111,伏日江頭,1
3112,日江頭別,1
3113,江頭別秋,1
3114,頭別秋風,1
3115,別秋風檣,1
3116,秋風檣下,1
3117,風檣下眠,1
3118,檣下眠鳥,1
3119,下眠鳥聲,1
3120,眠鳥聲猿,1
3121,鳥聲猿更,1
3122,聲猿更促,1
3123,猿更促石,1
3124,更促石色,1
3125,促石色樹,1
3126,石色樹相,1
3127,色樹相連,1
3128,樹相連此,1
3129,相連此路,1
3130,連此路多,1
3131,此路多如,1
3132,路多如此,1
3133,多如此師,1
3134,如此師行,1
3135,此師行亦,1
3136,師行亦有,1
3137,行亦有緣,1
3138,亦有緣萬,1
3139,有緣萬疊,1
3140,緣萬疊赤,1
3141,萬疊赤城,1
3142,疊赤城路,1
3143,赤城路終,1
3144,城路終年,1
3145,路終年遊,1
3146,終年遊客,1
3147,年遊客稀,1
3148,遊客稀朝,1
3149,客稀朝來,1
3150,稀朝來送,1
3151,朝來送師,1
3152,來送師去,1
3153,送師去自,1
3154,師去自覺,1
3155,去自覺有,1
3156,自覺有家,1
3157,覺有家非,1
3158,有家非石,1
3159,家非石淨,1
3160,非石淨山,1
3161,石淨山光,1
3162,淨山光遠,1
3163,山光遠雲,1
3164,光遠雲深,1
3165,遠雲深海,1
3166,雲深海色,1
3167,深海色微,1
3168,海色微此,1
3169,色微此詩,1
3170,微此詩成,1
3171,此詩成亦,1
3172,詩成亦鄙,1
3173,成亦鄙為,1
3174,亦鄙為我,1
3175,鄙為我寫,1
3176,為我寫岩,1
3177,我寫岩扉,1
3178,寫岩扉重,1
3179,岩扉重重,1
3180,扉重重吳,1
3181,重重吳越,1
3182,重吳越浙,1
3183,吳越浙江,1
3184,越浙江潮,1
3185,浙江潮刺,1
3186,江潮刺史,1
3187,潮刺史何,1
3188,刺史何門,1
3189,史何門始,1
3190,何門始得,1
3191,門始得消,1
3192,始得消五,1
3193,得消五字,1
3194,消五字州,1
3195,五字州人,1
3196,字州人唯,1
3197,州人唯有,1
3198,人唯有此,1
3199,唯有此四,1
3200,有此四鄰,1
3201,此四鄰風,1
3202,四鄰風景,1
3203,鄰風景合,1
3204,風景合相,1
3205,景合相饒,1
3206,合相饒橘,1
3207,相饒橘村,1
3208,饒橘村籬,1
3209,橘村籬落,1
3210,村籬落香,1
3211,籬落香潛,1
3212,落香潛度,1
3213,香潛度竹,1
3214,潛度竹寺,1
3215,度竹寺虛,1
3216,竹寺虛空,1
3217,寺虛空翠,1
3218,虛空翠自,1
3219,空翠自飄,1
3220,翠自飄君,1
3221,自飄君去,1
3222,飄君去九,1
3223,君去九衢,1
3224,去九衢須,1
3225,九衢須說,1
3226,衢須說我,1
3227,須說我病,1
3228,說我病成,1
3229,我病成疏,1
3230,病成疏懶,1
3231,成疏懶懶,1
3232,疏懶懶趨,1
3233,懶懶趨朝,1
3234,懶趨朝石,1
3235,趨朝石橋,1
3236,朝石橋寺,1
3237,石橋寺裏,1
3238,橋寺裏最,1
3239,寺裏最清,1
3240,裏最清涼,1
3241,最清涼聞,1
3242,清涼聞說,1
3243,涼聞說茆,1
3244,聞說茆庵,1
3245,說茆庵寄,1
3246,茆庵寄上,1
3247,庵寄上方,1
3248,寄上方林,1
3249,上方林外,1
3250,方林外猿,1
3251,林外猿聲,1
3252,外猿聲連,1
3253,猿聲連院,1
3254,聲連院磬,1
3255,連院磬月,1
3256,院磬月中,1
3257,磬月中潮,1
3258,月中潮色,1
3259,中潮色到,1
3260,潮色到禪,1
3261,色到禪床,1
3262,到禪床他,1
3263,禪床他生,1
3264,床他生念,1
3265,他生念我,1
3266,生念我身,1
3267,念我身何,1
3268,我身何在,1
3269,身何在此,1
3270,何在此世,1
3271,在此世唯,1
3272,此世唯師,1
3273,世唯師性,1
3274,唯師性亦,1
3275,師性亦忘,1
3276,性亦忘九,1
3277,亦忘九陌,1
3278,忘九陌相,1
3279,九陌相逢,1
3280,陌相逢千,1
3281,相逢千里,1
3282,逢千里別,1
3283,千里別青,1
3284,里別青山,1
3285,別青山重,1
3286,青山重疊,1
3287,山重疊樹,1
3288,重疊樹蒼,1
3289,疊樹蒼蒼,1
3290,樹蒼蒼踏,1
3291,蒼蒼踏碎,1
3292,蒼踏碎作,1
3293,踏碎作賦,1
3294,碎作賦筆,1
3295,作賦筆驅,1
3296,賦筆驅車,1
3297,筆驅車出,1
3298,驅車出上,1
3299,車出上京,1
3300,出上京離,1
3301,上京離筵,1
3302,京離筵俯,1
3303,離筵俯岐,1
3304,筵俯岐路,1
3305,俯岐路四,1
3306,岐路四坐,1
3307,路四坐半,1
3308,四坐半公,1
3309,坐半公卿,1
3310,半公卿守,1
3311,公卿守命,1
3312,卿守命貧,1
3313,守命貧難,1
3314,命貧難擲,1
3315,貧難擲憂,1
3316,難擲憂身,1
3317,擲憂身夢,1
3318,憂身夢數,1
3319,身夢數驚,1
3320,夢數驚今,1
3321,數驚今朝,1
3322,驚今朝赴,1
3323,今朝赴知,1
3324,朝赴知己,1
3325,赴知己休,1
3326,知己休詠,1
3327,己休詠苦,1
3328,休詠苦辛,1
3329,詠苦辛行,1
3330,苦辛行子,1
3331,辛行子規,1
3332,行子規啼,1
3333,子規啼欲,1
3334,規啼欲死,1
3335,啼欲死君,1
3336,欲死君聽,1
3337,死君聽固,1
3338,君聽固無,1
3339,聽固無愁,1
3340,固無愁闕,1
3341,無愁闕下,1
3342,愁闕下聲,1
3343,闕下聲名,1
3344,下聲名出,1
3345,聲名出鄉,1
3346,出鄉中意,1
3347,鄉中意氣,1
3348,中意氣遊,1
3349,意氣遊東,1
3350,氣遊東川,1
3351,遊東川橫,1
3352,東川橫劍,1
3353,川橫劍閣,1
3354,橫劍閣南,1
3355,劍閣南斗,1
3356,閣南斗近,1
3357,南斗近刀,1
3358,斗近刀州,1
3359,近刀州神,1
3360,刀州神聖,1
3361,州神聖題,1
3362,神聖題前,1
3363,聖題前字,1
3364,題前字千,1
3365,前字千人,1
3366,字千人看,1
3367,千人看不,1
3368,人看不休,1
3369,看不休秋,1
3370,不休秋風,1
3371,休秋風離,1
3372,秋風離九,1
3373,風離九陌,1
3374,離九陌心,1
3375,九陌心事,1
3376,陌心事豈,1
3377,心事豈雲,1
3378,事豈雲安,1
3379,豈雲安曾,1
3380,雲安曾是,1
3381,安曾是求,1
3382,曾是求名,1
3383,是求名苦,1
3384,求名苦當,1
3385,名苦當知,1
3386,苦當知此,1
3387,當知此去,1
3388,知此去難,1
3389,此去難辛,1
3390,去難辛勤,1
3391,難辛勤程,1
3392,辛勤程自,1
3393,勤程自遠,1
3394,程自遠寂,1
3395,自遠寂寞,1
3396,遠寂寞夜,1
3397,寂寞夜多,1
3398,寞夜多寒,1
3399,夜多寒詩,1
3400,多寒詩句,1
3401,寒詩句無,1
3402,詩句無人,1
3403,句無人識,1
3404,無人識應,1
3405,人識應須,1
3406,識應須把,1
3407,應須把劍,1
3408,須把劍看,1
3409,把劍看慈,1
3410,劍看慈恩,1
3411,看慈恩塔,1
3412,慈恩塔上,1
3413,恩塔上名,1
3414,塔上名昨,1
3415,上名昨日,1
3416,名昨日敗,1
3417,昨日敗垂,1
3418,日敗垂成,1
3419,敗垂成賃,1
3420,垂成賃舍,1
3421,成賃舍應,1
3422,賃舍應無,1
3423,舍應無直,1
3424,應無直居,1
3425,無直居山,1
3426,直居山豈,1
3427,居山豈釣,1
3428,山豈釣聲,1
3429,豈釣聲半,1
3430,釣聲半年,1
3431,聲半年猶,1
3432,半年猶小,1
3433,年猶小隱,1
3434,猶小隱數,1
3435,小隱數日,1
3436,隱數日得,1
3437,數日得閒,1
3438,日得閒行,1
3439,得閒行映,1
3440,閒行映竹,1
3441,行映竹窺,1
3442,映竹窺猿,1
3443,竹窺猿劇,1
3444,窺猿劇尋,1
3445,猿劇尋雲,1
3446,劇尋雲探,1
3447,尋雲探鶴,1
3448,雲探鶴情,1
3449,探鶴情愛,1
3450,鶴情愛花,1
3451,情愛花高,1
3452,愛花高酒,1
3453,花高酒戶,1
3454,高酒戶煮,1
3455,酒戶煮藥,1
3456,戶煮藥汙,1
3457,煮藥汙茶,1
3458,藥汙茶鐺,1
3459,汙茶鐺莫,1
3460,茶鐺莫便,1
3461,鐺莫便多,1
3462,莫便多時,1
3463,便多時住,1
3464,多時住煙,1
3465,時住煙霄,1
3466,住煙霄路,1
3467,煙霄路在,1
3468,霄路在城,1
3469,路在城赤,1
3470,在城赤墀,1
3471,城赤墀賜,1
3472,赤墀賜對,1
3473,墀賜對使,1
3474,賜對使殊,1
3475,對使殊方,1
3476,使殊方官,1
3477,殊方官重,1
3478,方官重霜,1
3479,官重霜台,1
3480,重霜台紫,1
3481,霜台紫綬,1
3482,台紫綬光,1
3483,紫綬光玉,1
3484,綬光玉節,1
3485,光玉節在,1
3486,玉節在船,1
3487,節在船清,1
3488,在船清海,1
3489,船清海怪,1
3490,清海怪金,1
3491,海怪金函,1
3492,怪金函開,1
3493,金函開詔,1
3494,函開詔拜,1
3495,開詔拜夷,1
3496,詔拜夷王,1
3497,拜夷王雲,1
3498,夷王雲晴,1
3499,王雲晴漸,1
3500,雲晴漸覺,1
3501,晴漸覺山,1
3502,漸覺山川,1
3503,覺山川異,1
3504,山川異風,1
3505,川異風便,1
3506,異風便那,1
3507,風便那知,1
3508,便那知道,1
3509,那知道路,1
3510,知道路長,1
3511,道路長誰,1
3512,路長誰得,1
3513,長誰得似,1
3514,誰得似君,1
3515,得似君將,1
3516,似君將雨,1
3517,君將雨露,1
3518,將雨露海,1
3519,雨露海東,1
3520,露海東萬,1
3521,海東萬里,1
3522,東萬里灑,1
3523,萬里灑扶,1
3524,里灑扶桑,1
3525,灑扶桑荊,1
3526,扶桑荊州,1
3527,桑荊州勝,1
3528,荊州勝事,1
3529,州勝事眾,1
3530,勝事眾皆,1
3531,事眾皆聞,1
3532,眾皆聞幕,1
3533,皆聞幕下,1
3534,聞幕下今,1
3535,幕下今朝,1
3536,下今朝又,1
3537,今朝又得,1
3538,朝又得君,1
3539,又得君才,1
3540,得君才子,1
3541,君才子何,1
3542,才子何須,1
3543,子何須藉,1
3544,何須藉科,1
3545,須藉科第,1
3546,藉科第男,1
3547,科第男兒,1
3548,第男兒終,1
3549,男兒終久,1
3550,兒終久要,1
3551,終久要功,1
3552,久要功勳,1
3553,要功勳江,1
3554,功勳江村,1
3555,勳江村竹,1
3556,江村竹樹,1
3557,村竹樹多,1
3558,竹樹多於,1
3559,樹多於草,1
3560,多於草山,1
3561,於草山路,1
3562,草山路塵,1
3563,山路塵埃,1
3564,路塵埃半,1
3565,塵埃半是,1
3566,埃半是雲,1
3567,半是雲新,1
3568,是雲新什,1
3569,雲新什定,1
3570,新什定知,1
3571,什定知饒,1
3572,定知饒景,1
3573,知饒景思,1
3574,饒景思不,1
3575,景思不應,1
3576,思不應一,1
3577,不應一向,1
3578,應一向賦,1
3579,一向賦從,1
3580,向賦從軍,1
3581,賦從軍曉,1
3582,從軍曉陌,1
3583,軍曉陌事,1
3584,曉陌事戎,1
3585,陌事戎裝,1
3586,事戎裝風,1
3587,戎裝風流,1
3588,裝風流粉,1
3589,風流粉署,1
3590,流粉署郎,1
3591,粉署郎機,1
3592,署郎機籌,1
3593,郎機籌通,1
3594,機籌通變,1
3595,籌通變化,1
3596,通變化除,1
3597,變化除拜,1
3598,化除拜出,1
3599,除拜出尋,1
3600,拜出尋常,1
3601,出尋常地,1
3602,尋常地冷,1
3603,常地冷饒,1
3604,地冷饒霜,1
3605,冷饒霜氣,1
3606,饒霜氣山,1
3607,霜氣山高,1
3608,氣山高礙,1
3609,山高礙雁,1
3610,高礙雁行,1
3611,礙雁行應,1
3612,雁行應無,1
3613,行應無離,1
3614,應無離別,1
3615,無離別恨,1
3616,離別恨車,1
3617,別恨車馬,1
3618,恨車馬自,1
3619,車馬自生,1
3620,馬自生光,1
3621,自生光故,1
3622,生光故園,1
3623,光故園偏,1
3624,故園偏接,1
3625,園偏接近,1
3626,偏接近霅,1
3627,接近霅水,1
3628,近霅水洞,1
3629,霅水洞庭,1
3630,水洞庭邊,1
3631,洞庭邊歸,1
3632,庭邊歸去,1
3633,邊歸去知,1
3634,歸去知何,1
3635,去知何日,1
3636,知何日相,1
3637,何日相逢,1
3638,日相逢各,1
3639,相逢各長,1
3640,逢各長年,1
3641,各長年山,1
3642,長年山川,1
3643,年山川南,1
3644,山川南北,1
3645,川南北路,1
3646,南北路風,1
3647,北路風雪,1
3648,路風雪別,1
3649,風雪別離,1
3650,雪別離天,1
3651,別離天楚,1
3652,離天楚色,1
3653,天楚色窮,1
3654,楚色窮冬,1
3655,色窮冬燒,1
3656,窮冬燒淮,1
3657,冬燒淮聲,1
3658,燒淮聲獨,1
3659,淮聲獨夜,1
3660,聲獨夜船,1
3661,獨夜船從,1
3662,夜船從軍,1
3663,船從軍丞,1
3664,從軍丞相,1
3665,軍丞相府,1
3666,丞相府談,1
3667,相府談笑,1
3668,府談笑酒,1
3669,談笑酒杯,1
3670,笑酒杯前,1
3671,酒杯前寄,1
3672,杯前寄家,1
3673,前寄家臨,1
3674,寄家臨禹,1
3675,家臨禹穴,1
3676,臨禹穴乘,1
3677,禹穴乘傳,1
3678,穴乘傳出,1
3679,乘傳出秦,1
3680,傳出秦關,1
3681,出秦關霜,1
3682,秦關霜落,1
3683,關霜落橘,1
3684,霜落橘滿,1
3685,落橘滿地,1
3686,橘滿地潮,1
3687,滿地潮來,1
3688,地潮來帆,1
3689,潮來帆近,1
3690,來帆近山,1
3691,帆近山相,1
3692,近山相門,1
3693,山相門賓,1
3694,相門賓益,1
3695,門賓益貴,1
3696,賓益貴水,1
3697,益貴水國,1
3698,貴水國事,1
3699,水國事多,1
3700,國事多閑,1
3701,事多閑晨,1
3702,多閑晨省,1
3703,閑晨省高,1
3704,晨省高堂,1
3705,省高堂後,1
3706,高堂後餘,1
3707,堂後餘歡,1
3708,後餘歡杯,1
3709,餘歡杯酒,1
3710,歡杯酒間,1
3711,杯酒間獻,1
3712,酒間獻親,1
3713,間獻親冬,1
3714,冬集書比,1
3715,集書比橘,1
3716,書比橘複,1
3717,比橘複何,1
3718,橘複何如,1
3719,複何如此,1
3720,何如此去,1
3721,如此去關,1
3722,此去關山,1
3723,去關山遠,1
3724,關山遠相,1
3725,山遠相思,1
3726,遠相思笑,1
3727,相思笑語,1
3728,思笑語疏,1
3729,笑語疏路,1
3730,語疏路尋,1
3731,疏路尋丹,1
3732,路尋丹壑,1
3733,尋丹壑斷,1
3734,丹壑斷人,1
3735,壑斷人近,1
3736,斷人近白,1
3737,人近白雲,1
3738,近白雲居,1
3739,白雲居幽,1
3740,雲居幽石,1
3741,居幽石題,1
3742,幽石題名,1
3743,石題名處,1
3744,題名處憑,1
3745,名處憑君,1
3746,處憑君亦,1
3747,憑君亦記,1
3748,君亦記餘,1
3749,亦記餘羅,1
3750,記餘羅刹,1
3751,餘羅刹樓,1
3752,羅刹樓頭,1
3753,刹樓頭醉,1
3754,樓頭醉送,1
3755,頭醉送君,1
3756,醉送君西,1
3757,送君西入,1
3758,君西入京,1
3759,西入京秦,1
3760,入京秦吳,1
3761,京秦吳無,1
3762,秦吳無限,1
3763,吳無限地,1
3764,無限地山,1
3765,限地山水,1
3766,地山水半,1
3767,山水半分,1
3768,水半分程,1
3769,半分程海,1
3770,分程海上,1
3771,程海上煙,1
3772,海上煙霞,1
3773,上煙霞濕,1
3774,煙霞濕關,1
3775,霞濕關中,1
3776,濕關中日,1
3777,關中日月,1
3778,中日月明,1
3779,日月明登,1
3780,月明登科,1
3781,明登科舊,1
3782,登科舊鄉,1
3783,科舊鄉里,1
3784,舊鄉里當,1
3785,鄉里當為,1
3786,里當為改,1
3787,當為改嘉,1
3788,為改嘉名,1
3789,改嘉名謝,1
3790,嘉名謝守,1
3791,名謝守青,1
3792,謝守青山,1
3793,守青山宅,1
3794,青山宅山,1
3795,山宅山孤,1
3796,宅山孤宅,1
3797,山孤宅亦,1
3798,孤宅亦平,1
3799,宅亦平池,1
3800,亦平池塘,1
3801,平池塘無,1
3802,池塘無複,1
3803,塘無複見,1
3804,無複見春,1
3805,複見春草,1
3806,見春草野,1
3807,春草野中,1
3808,草野中生,1
3809,野中生常,1
3810,中生常日,1
3811,生常日登,1
3812,常日登樓,1
3813,日登樓望,1
3814,登樓望今,1
3815,樓望今朝,1
3816,望今朝送,1
3817,今朝送客,1
3818,朝送客行,1
3819,送客行殷,1
3820,客行殷勤,1
3821,行殷勤拂,1
3822,殷勤拂石,1
3823,勤拂石壁,1
3824,拂石壁為,1
3825,石壁為我,1
3826,壁為我一,1
3827,為我一書,1
3828,我一書名,1
3829,一書名萬,1
3830,書名萬法,1
3831,名萬法空,1
3832,萬法空門,1
3833,法空門裏,1
3834,空門裏師,1
3835,門裏師修,1
3836,裏師修曆,1
3837,師修曆幾,1
3838,修曆幾生,1
3839,曆幾生過,1
3840,幾生過來,1
3841,生過來心,1
3842,過來心已,1
3843,來心已悟,1
3844,心已悟未,1
3845,已悟未到,1
3846,悟未到行,1
3847,未到行彌,1
3848,到行彌精,1
3849,行彌精溪,1
3850,彌精溪寂,1
3851,精溪寂鐘,1
3852,溪寂鐘還,1
3853,寂鐘還度,1
3854,鐘還度林,1
3855,還度林昏,1
3856,度林昏錫,1
3857,林昏錫獨,1
3858,昏錫獨鳴,1
3859,錫獨鳴朝,1
3860,獨鳴朝簪,1
3861,鳴朝簪抽,1
3862,朝簪抽未,1
3863,簪抽未得,1
3864,抽未得此,1
3865,未得此別,1
3866,得此別豈,1
3867,此別豈忘,1
3868,別豈忘情,1
3869,豈忘情吏,1
3870,忘情吏事,1
3871,情吏事日,1
3872,吏事日紛,1
3873,事日紛然,1
3874,日紛然無,1
3875,紛然無因,1
3876,然無因到,1
3877,無因到佛,1
3878,因到佛前,1
3879,到佛前勞,1
3880,佛前勞師,1
3881,前勞師相,1
3882,勞師相借,1
3883,師相借問,1
3884,相借問知,1
3885,借問知我,1
3886,問知我亦,1
3887,知我亦通,1
3888,我亦通禪,1
3889,亦通禪古,1
3890,通禪古寺,1
3891,禪古寺杉,1
3892,古寺杉松,1
3893,寺杉松出,1
3894,杉松出殘,1
3895,松出殘陽,1
3896,出殘陽鐘,1
3897,殘陽鐘磬,1
3898,陽鐘磬連,1
3899,鐘磬連草,1
3900,磬連草庵,1
3901,連草庵磐,1
3902,草庵磐石,1
3903,庵磐石上,1
3904,磐石上歸,1
3905,石上歸此,1
3906,上歸此是,1
3907,歸此是因,1
3908,此是因緣,1
3909,是因緣結,1
3910,因緣結得,1
3911,緣結得隨,1
3912,結得隨緣,1
3913,得隨緣伴,1
3914,隨緣伴蟬,1
3915,緣伴蟬鳴,1
3916,伴蟬鳴方,1
3917,蟬鳴方出,1
3918,鳴方出關,1
3919,方出關新,1
3920,出關新經,1
3921,關新經譯,1
3922,新經譯舊,1
3923,經譯舊寺,1
3924,譯舊寺故,1
3925,舊寺故國,1
3926,寺故國與,1
3927,故國與誰,1
3928,國與誰還,1
3929,與誰還齋,1
3930,誰還齋為,1
3931,還齋為無,1
3932,齋為無鐘,1
3933,為無鐘早,1
3934,無鐘早心,1
3935,鐘早心因,1
3936,早心因罷,1
3937,心因罷講,1
3938,因罷講閑,1
3939,罷講閑東,1
3940,講閑東南,1
3941,閑東南數,1
3942,東南數千,1
3943,南數千里,1
3944,數千里何,1
3945,千里何處,1
3946,里何處不,1
3947,何處不逢,1
3948,處不逢山,1
3949,不逢山大,1
3950,逢山大地,1
3951,山大地無,1
3952,大地無生,1
3953,地無生理,1
3954,無生理吳,1
3955,生理吳中,1
3956,理吳中豈,1
3957,吳中豈是,1
3958,中豈是歸,1
3959,豈是歸自,1
3960,是歸自翻,1
3961,歸自翻貝,1
3962,自翻貝葉,1
3963,翻貝葉偈,1
3964,貝葉偈人,1
3965,葉偈人施,1
3966,偈人施福,1
3967,人施福田,1
3968,施福田衣,1
3969,福田衣夏,1
3970,田衣夏盡,1
3971,衣夏盡灘,1
3972,夏盡灘聲,1
3973,盡灘聲出,1
3974,灘聲出潮,1
3975,聲出潮來,1
3976,出潮來日,1
3977,潮來日色,1
3978,來日色微,1
3979,日色微郡,1
3980,色微郡齋,1
3981,微郡齋師,1
3982,郡齋師去,1
3983,齋師去後,1
3984,師去後寂,1
3985,去後寂寞,1
3986,後寂寞夜,1
3987,寂寞夜吟,1
3988,寞夜吟稀,1
3989,夜吟稀日,1
3990,吟稀日日,1
3991,稀日日攻,1
3992,日日攻詩,1
3993,日攻詩亦,1
3994,攻詩亦自,1
3995,詩亦自強,1
3996,亦自強年,1
3997,自強年年,1
3998,強年年供,1
3999,年年供應,1
4000,年供應在,1
4001,供應在名,1
4002,應在名場,1
4003,在名場春,1
4004,名場春風,1
4005,場春風驛,1
4006,春風驛路,1
4007,風驛路歸,1
4008,驛路歸何,1
4009,路歸何處,1
4010,歸何處紫,1
4011,何處紫閣,1
4012,處紫閣山,1
4013,紫閣山邊,1
4014,閣山邊是,1
4015,山邊是草,1
4016,邊是草堂,1
4017,是草堂師,1
4018,草堂師向,1
4019,堂師向邊,1
4020,師向邊頭,1
4021,向邊頭去,1
4022,邊頭去邊,1
4023,頭去邊人,1
4024,去邊人業,1
4025,邊人業障,1
4026,人業障輕,1
4027,業障輕腥,1
4028,障輕腥膻,1
4029,輕腥膻齋,1
4030,腥膻齋自,1
4031,膻齋自潔,1
4032,齋自潔部,1
4033,自潔部落,1
4034,潔部落講,1
4035,部落講還,1
4036,落講還成,1
4037,講還成傳,1
4038,還成傳教,1
4039,成傳教多,1
4040,傳教多離,1
4041,教多離寺,1
4042,多離寺隨,1
4043,離寺隨緣,1
4044,寺隨緣不,1
4045,隨緣不計,1
4046,緣不計程,1
4047,不計程三,1
4048,計程三千,1
4049,程三千世,1
4050,三千世界,1
4051,千世界內,1
4052,世界內何,1
4053,界內何處,1
4054,內何處是,1
4055,何處是無,1
4056,處是無生,1
4057,是無生師,1
4058,無生師經,1
4059,生師經非,1
4060,師經非紙,1
4061,經非紙上,1
4062,非紙上師,1
4063,紙上師佛,1
4064,上師佛在,1
4065,師佛在心,1
4066,佛在心中,1
4067,在心中覺,1
4068,心中覺路,1
4069,中覺路何,1
4070,覺路何曾,1
4071,路何曾異,1
4072,何曾異行,1
4073,曾異行人,1
4074,異行人自,1
4075,行人自不,1
4076,人自不同,1
4077,自不同水,1
4078,不同水雲,1
4079,同水雲晴,1
4080,水雲晴亦,1
4081,雲晴亦雨,1
4082,晴亦雨山,1
4083,亦雨山木,1
4084,雨山木夜,1
4085,山木夜多,1
4086,木夜多風,1
4087,夜多風聞,1
4088,多風聞結,1
4089,風聞結西,1
4090,聞結西方,1
4091,結西方社,1
4092,西方社尚,1
4093,方社尚書,1
4094,社尚書待,1
4095,尚書待遠,1
4096,書待遠公,1
4097,待遠公昨,1
4098,遠公昨來,1
4099,公昨來送,1
4100,昨來送君,1
4101,來送君處,1
4102,送君處亦,1
4103,君處亦是,1
4104,處亦是九,1
4105,亦是九衢,1
4106,是九衢中,1
4107,九衢中此,1
4108,衢中此日,1
4109,中此日殷,1
4110,此日殷勤,1
4111,日殷勤別,1
4112,殷勤別前,1
4113,勤別前時,1
4114,別前時寂,1
4115,前時寂寞,1
4116,時寂寞同,1
4117,寂寞同鳥,1
4118,寞同鳥啼,1
4119,同鳥啼寒,1
4120,鳥啼寒食,1
4121,啼寒食雨,1
4122,寒食雨花,1
4123,食雨花落,1
4124,雨花落暮,1
4125,花落暮春,1
4126,落暮春風,1
4127,暮春風向,1
4128,春風向晚,1
4129,風向晚離,1
4130,向晚離人,1
4131,晚離人起,1
4132,離人起筵,1
4133,人起筵收,1
4134,起筵收樽,1
4135,筵收樽未,1
4136,收樽未空,1
4137,樽未空我,1
4138,未空我住,1
4139,空我住浙,1
4140,我住浙江,1
4141,住浙江西,1
4142,浙江西君,1
4143,江西君去,1
4144,西君去浙,1
4145,君去浙江,1
4146,去浙江東,1
4147,浙江東日,1
4148,江東日日,1
4149,東日日心,1
4150,日日心來,1
4151,日心來往,1
4152,心來往不,1
4153,來往不畏,1
4154,往不畏浙,1
4155,不畏浙江,1
4156,畏浙江風,1
4157,浙江風東,1
4158,江風東門,1
4159,風東門攜,1
4160,東門攜酒,1
4161,門攜酒送,1
4162,攜酒送廷,1
4163,酒送廷評,1
4164,送廷評結,1
4165,廷評結束,1
4166,評結束從,1
4167,結束從軍,1
4168,束從軍塞,1
4169,從軍塞上,1
4170,軍塞上行,1
4171,塞上行深,1
4172,上行深磧,1
4173,行深磧路,1
4174,深磧路移,1
4175,磧路移唯,1
4176,路移唯馬,1
4177,移唯馬覺,1
4178,唯馬覺斷,1
4179,馬覺斷蓬,1
4180,覺斷蓬風,1
4181,斷蓬風起,1
4182,蓬風起與,1
4183,風起與雕,1
4184,起與雕平,1
4185,與雕平煙,1
4186,雕平煙生,1
4187,平煙生遠,1
4188,煙生遠戍,1
4189,生遠戍侵,1
4190,遠戍侵雲,1
4191,戍侵雲色,1
4192,侵雲色冰,1
4193,雲色冰疊,1
4194,色冰疊黃,1
4195,冰疊黃河,1
4196,疊黃河長,1
4197,黃河長雪,1
4198,河長雪聲,1
4199,長雪聲須,1
4200,雪聲須鑿,1
4201,聲須鑿燕,1
4202,須鑿燕然,1
4203,鑿燕然山,1
4204,燕然山上,1
4205,然山上石,1
4206,山上石登,1
4207,上石登科,1
4208,石登科記,1
4209,登科記裏,1
4210,科記裏是,1
4211,記裏是閑,1
4212,裏是閑名,1
4213,是閑名幾,1
4214,閑名幾年,1
4215,名幾年山,1
4216,幾年山下,1
4217,年山下事,1
4218,山下事仙,1
4219,下事仙翁,1
4220,事仙翁名,1
4221,仙翁名在,1
4222,翁名在長,1
4223,名在長生,1
4224,在長生籙,1
4225,長生籙籍,1
4226,生籙籍中,1
4227,籙籍中燒,1
4228,籍中燒得,1
4229,中燒得藥,1
4230,燒得藥成,1
4231,得藥成須,1
4232,藥成須寄,1
4233,成須寄我,1
4234,須寄我曾,1
4235,寄我曾為,1
4236,我曾為主,1
4237,曾為主簿,1
4238,為主簿與,1
4239,主簿與君,1
4240,簿與君同,1
4241,與君同日,1
4242,君同日日,1
4243,同日日思,1
4244,日日思朝,1
4245,日思朝位,1
4246,思朝位偷,1
4247,朝位偷閒,1
4248,位偷閒城,1
4249,偷閒城外,1
4250,閒城外行,1
4251,城外行唯,1
4252,外行唯求,1
4253,行唯求采,1
4254,唯求采藥,1
4255,求采藥者,1
4256,采藥者不,1
4257,藥者不道,1
4258,者不道在,1
4259,不道在官,1
4260,道在官名,1
4261,在官名好,1
4262,官名好異,1
4263,名好異嫌,1
4264,好異嫌山,1
4265,異嫌山淺,1
4266,嫌山淺尋,1
4267,山淺尋幽,1
4268,淺尋幽喜,1
4269,尋幽喜徑,1
4270,幽喜徑生,1
4271,喜徑生病,1
4272,徑生病來,1
4273,生病來文,1
4274,病來文字,1
4275,來文字拙,1
4276,文字拙不,1
4277,字拙不要,1
4278,拙不要把,1
4279,不要把歸,1
4280,要把歸城,1
4281,把歸城懶,1
4282,歸城懶作,1
4283,城懶作住,1
4284,懶作住山,1
4285,作住山人,1
4286,住山人貧,1
4287,山人貧家,1
4288,人貧家日,1
4289,貧家日賃,1
4290,家日賃身,1
4291,日賃身書,1
4292,賃身書多,1
4293,身書多筆,1
4294,書多筆漸,1
4295,多筆漸重,1
4296,筆漸重睡,1
4297,漸重睡少,1
4298,重睡少枕,1
4299,睡少枕長,1
4300,少枕長新,1
4301,枕長新野,1
4302,長新野客,1
4303,新野客狂,1
4304,野客狂無,1
4305,客狂無過,1
4306,狂無過詩,1
4307,無過詩仙,1
4308,過詩仙瘦,1
4309,詩仙瘦始,1
4310,仙瘦始真,1
4311,瘦始真秋,1
4312,始真秋風,1
4313,真秋風千,1
4314,秋風千里,1
4315,風千里去,1
4316,千里去誰,1
4317,里去誰與,1
4318,去誰與我,1
4319,誰與我相,1
4320,與我相親,1
4321,我相親病,1
4322,相親病童,1
4323,親病童隨,1
4324,病童隨瘦,1
4325,童隨瘦馬,1
4326,隨瘦馬難,1
4327,瘦馬難算,1
4328,馬難算往,1
4329,難算往來,1
4330,算往來程,1
4331,往來程野,1
4332,來程野寺,1
4333,程野寺僧,1
4334,野寺僧相,1
4335,寺僧相送,1
4336,僧相送河,1
4337,相送河橋,1
4338,送河橋酒,1
4339,河橋酒滯,1
4340,橋酒滯行,1
4341,酒滯行足,1
4342,滯行足愁,1
4343,行足愁無,1
4344,足愁無道,1
4345,愁無道性,1
4346,無道性久,1
4347,道性久客,1
4348,性久客會,1
4349,久客會人,1
4350,客會人情,1
4351,會人情何,1
4352,人情何計,1
4353,情何計羈,1
4354,何計羈窮,1
4355,計羈窮盡,1
4356,羈窮盡同,1
4357,窮盡同居,1
4358,盡同居不,1
4359,同居不出,1
4360,居不出城,1
4361,不出城記,1
4362,出城記得,1
4363,城記得春,1
4364,記得春闈,1
4365,得春闈同,1
4366,春闈同席,1
4367,闈同席試,1
4368,同席試逡,1
4369,席試逡巡,1
4370,試逡巡何,1
4371,逡巡何啻,1
4372,巡何啻十,1
4373,何啻十年,1
4374,啻十年餘,1
4375,十年餘今,1
4376,年餘今日,1
4377,餘今日相,1
4378,今日相逢,1
4379,日相逢又,1
4380,相逢又相,1
4381,逢又相送,1
4382,又相送予,1
4383,相送予乘,1
4384,送予乘五,1
4385,予乘五馬,1
4386,乘五馬子,1
4387,五馬子單,1
4388,馬子單車,1
4389,子單車酒,1
4390,單車酒闌,1
4391,車酒闌歌,1
4392,酒闌歌罷,1
4393,闌歌罷更,1
4394,歌罷更遲,1
4395,罷更遲留,1
4396,更遲留攜,1
4397,遲留攜手,1
4398,留攜手思,1
4399,攜手思量,1
4400,手思量憑,1
4401,思量憑翠,1
4402,量憑翠樓,1
4403,憑翠樓桃,1
4404,翠樓桃李,1
4405,樓桃李容,1
4406,桃李容華,1
4407,李容華猶,1
4408,容華猶歎,1
4409,華猶歎月,1
4410,猶歎月風,1
4411,歎月風流,1
4412,月風流才,1
4413,風流才器,1
4414,流才器亦,1
4415,才器亦悲,1
4416,器亦悲秋,1
4417,亦悲秋光,1
4418,悲秋光陰,1
4419,秋光陰不,1
4420,光陰不覺,1
4421,陰不覺朝,1
4422,不覺朝昏,1
4423,覺朝昏過,1
4424,朝昏過岐,1
4425,昏過岐路,1
4426,過岐路無,1
4427,岐路無窮,1
4428,路無窮早,1
4429,無窮早晚,1
4430,窮早晚休,1
4431,早晚休似,1
4432,晚休似把,1
4433,休似把剪,1
4434,似把剪刀,1
4435,把剪刀裁,1
4436,剪刀裁別,1
4437,刀裁別恨,1
4438,裁別恨兩,1
4439,別恨兩人,1
4440,恨兩人分,1
4441,兩人分得,1
4442,人分得一,1
4443,分得一般,1
4444,得一般愁,1
4445,一般愁山,1
4446,般愁山川,1
4447,愁山川重,1
4448,山川重疊,1
4449,川重疊遠,1
4450,重疊遠茫,1
4451,疊遠茫茫,1
4452,遠茫茫欲,1
4453,茫茫欲別,1
4454,茫欲別先,1
4455,欲別先憂,1
4456,別先憂別,1
4457,先憂別恨,1
4458,憂別恨長,1
4459,別恨長紅,1
4460,恨長紅芍,1
4461,長紅芍藥,1
4462,紅芍藥花,1
4463,芍藥花雖,1
4464,藥花雖共,1
4465,花雖共醉,1
4466,雖共醉綠,1
4467,共醉綠蘼,1
4468,醉綠蘼蕪,1
4469,綠蘼蕪影,1
4470,蘼蕪影又,1
4471,蕪影又分,1
4472,影又分將,1
4473,又分將鴛,1
4474,分將鴛鴦,1
4475,將鴛鴦有,1
4476,鴛鴦有路,1
4477,鴦有路高,1
4478,有路高低,1
4479,路高低去,1
4480,高低去鴻,1
4481,低去鴻雁,1
4482,去鴻雁南,1
4483,鴻雁南飛,1
4484,雁南飛一,1
4485,南飛一兩,1
4486,飛一兩行,1
4487,一兩行惆,1
4488,兩行惆悵,1
4489,行惆悵與,1
4490,惆悵與君,1
4491,悵與君煙,1
4492,與君煙景,1
4493,君煙景迥,1
4494,煙景迥不,1
4495,景迥不知,1
4496,迥不知何,1
4497,不知何日,1
4498,知何日到,1
4499,何日到瀟,1
4500,日到瀟湘,1
4501,到瀟湘醉,1
4502,瀟湘醉與,1
4503,湘醉與江,1
4504,醉與江濤,1
4505,與江濤別,1
4506,江濤別江,1
4507,濤別江濤,1
4508,別江濤惜,1
4509,江濤惜我,1
4510,濤惜我遊,1
4511,惜我遊他,1
4512,我遊他年,1
4513,遊他年婚,1
4514,他年婚嫁,1
4515,年婚嫁了,1
4516,婚嫁了終,1
4517,嫁了終老,1
4518,了終老此,1
4519,終老此江,1
4520,老此江頭,1
4521,此江頭憔,1
4522,江頭憔悴,1
4523,頭憔悴王,1
4524,憔悴王居,1
4525,悴王居士,1
4526,王居士顛,1
4527,居士顛狂,1
4528,士顛狂不,1
4529,顛狂不稱,1
4530,狂不稱時,1
4531,不稱時天,1
4532,稱時天公,1
4533,時天公與,1
4534,天公與貧,1
4535,公與貧病,1
4536,與貧病時,1
4537,貧病時輩,1
4538,病時輩複,1
4539,時輩複輕,1
4540,輩複輕欺,1
4541,複輕欺茅,1
4542,輕欺茅屋,1
4543,欺茅屋隨,1
4544,茅屋隨年,1
4545,屋隨年借,1
4546,隨年借盤,1
4547,年借盤餐,1
4548,借盤餐逐,1
4549,盤餐逐日,1
4550,餐逐日移,1
4551,逐日移棄,1
4552,日移棄嫌,1
4553,移棄嫌官,1
4554,棄嫌官似,1
4555,嫌官似夢,1
4556,官似夢珍,1
4557,似夢珍重,1
4558,夢珍重酒,1
4559,珍重酒如,1
4560,重酒如師,1
4561,酒如師無,1
4562,如師無竹,1
4563,師無竹栽,1
4564,無竹栽蘆,1
4565,竹栽蘆看,1
4566,栽蘆看思,1
4567,蘆看思山,1
4568,看思山疊,1
4569,思山疊石,1
4570,山疊石為,1
4571,疊石為靜,1
4572,石為靜窗,1
4573,為靜窗留,1
4574,靜窗留客,1
4575,窗留客話,1
4576,留客話古,1
4577,客話古寺,1
4578,話古寺覓,1
4579,古寺覓僧,1
4580,寺覓僧棋,1
4581,覓僧棋瘦,1
4582,僧棋瘦馬,1
4583,棋瘦馬寒,1
4584,瘦馬寒來,1
4585,馬寒來死,1
4586,寒來死羸,1
4587,來死羸童,1
4588,死羸童餓,1
4589,羸童餓得,1
4590,童餓得癡,1
4591,餓得癡唯,1
4592,得癡唯應,1
4593,癡唯應尋,1
4594,唯應尋阮,1
4595,應尋阮籍,1
4596,尋阮籍心,1
4597,阮籍心事,1
4598,籍心事遠,1
4599,心事遠相,1
4600,事遠相知,1
4601,遠相知去,1
4602,相知去年,1
4603,知去年別,1
4604,去年別君,1
4605,年別君時,1
4606,別君時同,1
4607,君時同宿,1
4608,時同宿黎,1
4609,同宿黎陽,1
4610,宿黎陽城,1
4611,黎陽城黃,1
4612,陽城黃河,1
4613,城黃河凍,1
4614,黃河凍欲,1
4615,河凍欲合,1
4616,凍欲合船,1
4617,欲合船入,1
4618,合船入冰,1
4619,船入冰罅,1
4620,入冰罅行,1
4621,冰罅行君,1
4622,罅行君為,1
4623,行君為使,1
4624,君為使滑,1
4625,為使滑州,1
4626,使滑州我,1
4627,滑州我來,1
4628,州我來西,1
4629,我來西入,1
4630,來西入京,1
4631,西入京丈,1
4632,入京丈夫,1
4633,京丈夫不,1
4634,丈夫不泣,1
4635,夫不泣別,1
4636,不泣別旁,1
4637,泣別旁人,1
4638,別旁人歎,1
4639,旁人歎無,1
4640,人歎無情,1
4641,歎無情到,1
4642,無情到京,1
4643,情到京就,1
4644,到京就省,1
4645,京就省試,1
4646,就省試落,1
4647,省試落籍,1
4648,試落籍先,1
4649,落籍先有,1
4650,籍先有名,1
4651,先有名慚,1
4652,有名慚辱,1
4653,名慚辱鄉,1
4654,慚辱鄉薦,1
4655,辱鄉薦書,1
4656,鄉薦書忽,1
4657,薦書忽欲,1
4658,書忽欲自,1
4659,忽欲自受,1
4660,欲自受刑,1
4661,自受刑還,1
4662,受刑還家,1
4663,刑還家豈,1
4664,還家豈無,1
4665,家豈無路,1
4666,豈無路羞,1
4667,無路羞為,1
4668,路羞為路,1
4669,羞為路人,1
4670,為路人輕,1
4671,路人輕決,1
4672,人輕決心,1
4673,輕決心住,1
4674,決心住城,1
4675,心住城中,1
4676,住城中百,1
4677,城中百敗,1
4678,中百敗望,1
4679,百敗望一,1
4680,敗望一成,1
4681,望一成腐,1
4682,一成腐草,1
4683,成腐草眾,1
4684,腐草眾所,1
4685,草眾所棄,1
4686,眾所棄猶,1
4687,所棄猶能,1
4688,棄猶能化,1
4689,猶能化為,1
4690,能化為螢,1
4691,化為螢豈,1
4692,為螢豈我,1
4693,螢豈我愚,1
4694,豈我愚暗,1
4695,我愚暗身,1
4696,愚暗身終,1
4697,暗身終久,1
4698,身終久不,1
4699,終久不發,1
4700,久不發明,1
4701,不發明所,1
4702,發明所悲,1
4703,明所悲道,1
4704,所悲道路,1
4705,悲道路長,1
4706,道路長親,1
4707,路長親愛,1
4708,長親愛難,1
4709,親愛難合,1
4710,愛難合併,1
4711,難合併還,1
4712,合併還如,1
4713,併還如舟,1
4714,還如舟與,1
4715,如舟與車,1
4716,舟與車奔,1
4717,與車奔走,1
4718,車奔走各,1
4719,奔走各異,1
4720,走各異程,1
4721,各異程耳,1
4722,異程耳目,1
4723,程耳目甚,1
4724,耳目甚短,1
4725,目甚短狹,1
4726,甚短狹背,1
4727,短狹背面,1
4728,狹背面若,1
4729,背面若聾,1
4730,面若聾盲,1
4731,若聾盲安,1
4732,聾盲安得,1
4733,盲安得學,1
4734,安得學白,1
4735,得學白日,1
4736,學白日遠,1
4737,白日遠見,1
4738,日遠見君,1
4739,遠見君儀,1
4740,見君儀形,1
4741,君儀形出,1
4742,儀形出處,1
4743,形出處難,1
4744,出處難相,1
4745,處難相見,1
4746,難相見同,1
4747,相見同城,1
4748,見同城似,1
4749,同城似異,1
4750,城似異鄉,1
4751,似異鄉點,1
4752,異鄉點兵,1
4753,鄉點兵尋,1
4754,點兵尋戶,1
4755,兵尋戶籍,1
4756,尋戶籍燒,1
4757,戶籍燒藥,1
4758,籍燒藥試,1
4759,燒藥試仙,1
4760,藥試仙方,1
4761,試仙方事,1
4762,仙方事校,1
4763,方事校千,1
4764,事校千般,1
4765,校千般別,1
4766,千般別心,1
4767,般別心還,1
4768,別心還一,1
4769,心還一種,1
4770,還一種忙,1
4771,一種忙黃,1
4772,種忙黃金,1
4773,忙黃金如,1
4774,黃金如化,1
4775,金如化得,1
4776,如化得相,1
4777,化得相寄,1
4778,得相寄亦,1
4779,相寄亦何,1
4780,寄亦何妨,1
4781,亦何妨微,1
4782,何妨微俸,1
4783,妨微俸還,1
4784,微俸還同,1
4785,俸還同請,1
4786,還同請唯,1
4787,同請唯君,1
4788,請唯君獨,1
4789,唯君獨自,1
4790,君獨自閑,1
4791,獨自閑地,1
4792,自閑地偏,1
4793,閑地偏無,1
4794,地偏無驛,1
4795,偏無驛路,1
4796,無驛路藥,1
4797,驛路藥賤,1
4798,路藥賤管,1
4799,藥賤管仙,1
4800,賤管仙山,1
4801,管仙山月,1
4802,仙山月色,1
4803,山月色生,1
4804,月色生松,1
4805,色生松裏,1
4806,生松裏泉,1
4807,松裏泉聲,1
4808,裏泉聲在,1
4809,泉聲在石,1
4810,聲在石間,1
4811,在石間吟,1
4812,石間吟詩,1
4813,間吟詩複,1
4814,吟詩複飲,1
4815,詩複飲酒,1
4816,複飲酒何,1
4817,飲酒何事,1
4818,酒何事更,1
4819,何事更相,1
4820,更相關詩,1
4821,相關詩新,1
4822,關詩新得,1
4823,詩新得意,1
4824,新得意恣,1
4825,得意恣狂,1
4826,意恣狂疏,1
4827,恣狂疏揮,1
4828,狂疏揮手,1
4829,疏揮手終,1
4830,揮手終朝,1
4831,手終朝力,1
4832,終朝力有,1
4833,朝力有餘,1
4834,力有餘今,1
4835,有餘今到,1
4836,餘今到詩,1
4837,今到詩家,1
4838,到詩家渾,1
4839,詩家渾手,1
4840,家渾手戰,1
4841,渾手戰欲,1
4842,手戰欲題,1
4843,戰欲題名,1
4844,欲題名字,1
4845,題名字倩,1
4846,名字倩人,1
4847,字倩人書,1
4848,倩人書年,1
4849,人書年長,1
4850,書年長方,1
4851,年長方慕,1
4852,長方慕道,1
4853,方慕道金,1
4854,慕道金丹,1
4855,道金丹事,1
4856,金丹事參,1
4857,丹事參差,1
4858,事參差故,1
4859,參差故園,1
4860,差故園歸,1
4861,故園歸未,1
4862,園歸未得,1
4863,歸未得秋,1
4864,未得秋風,1
4865,得秋風思,1
4866,秋風思難,1
4867,風思難持,1
4868,思難持蹇,1
4869,難持蹇拙,1
4870,持蹇拙公,1
4871,蹇拙公府,1
4872,拙公府棄,1
4873,公府棄朴,1
4874,府棄朴靜,1
4875,棄朴靜高,1
4876,朴靜高人,1
4877,靜高人知,1
4878,高人知以,1
4879,人知以我,1
4880,知以我齊,1
4881,以我齊杖,1
4882,我齊杖屨,1
4883,齊杖屨昏,1
4884,杖屨昏旭,1
4885,屨昏旭詎,1
4886,昏旭詎相,1
4887,旭詎相離,1
4888,詎相離吟,1
4889,相離吟詩,1
4890,離吟詩紅,1
4891,吟詩紅葉,1
4892,詩紅葉寺,1
4893,紅葉寺對,1
4894,葉寺對酒,1
4895,寺對酒黃,1
4896,對酒黃菊,1
4897,酒黃菊籬,1
4898,黃菊籬所,1
4899,菊籬所賞,1
4900,籬所賞未,1
4901,所賞未及,1
4902,賞未及畢,1
4903,未及畢後,1
4904,及畢後遊,1
4905,畢後遊良,1
4906,後遊良有,1
4907,遊良有期,1
4908,良有期粲,1
4909,有期粲粲,1
4910,期粲粲華,1
4911,粲粲華省,1
4912,粲華省步,1
4913,華省步屑,1
4914,省步屑屑,1
4915,步屑屑旅,1
4916,屑屑旅客,1
4917,屑旅客姿,1
4918,旅客姿未,1
4919,客姿未同,1
4920,姿未同山,1
4921,未同山中,1
4922,同山中去,1
4923,山中去固,1
4924,中去固當,1
4925,去固當殊,1
4926,固當殊路,1
4927,當殊路岐,1
4928,殊路岐歲,1
4929,路岐歲滿,1
4930,岐歲滿休,1
4931,歲滿休為,1
4932,滿休為吏,1
4933,休為吏吟,1
4934,為吏吟詩,1
4935,吏吟詩著,1
4936,吟詩著白,1
4937,詩著白衣,1
4938,著白衣愛,1
4939,白衣愛山,1
4940,衣愛山閑,1
4941,愛山閑臥,1
4942,山閑臥久,1
4943,閑臥久在,1
4944,臥久在世,1
4945,久在世此,1
4946,在世此心,1
4947,世此心稀,1
4948,此心稀聽,1
4949,心稀聽鶴,1
4950,稀聽鶴向,1
4951,聽鶴向風,1
4952,鶴向風立,1
4953,向風立捕,1
4954,風立捕魚,1
4955,立捕魚乘,1
4956,捕魚乘月,1
4957,魚乘月歸,1
4958,乘月歸此,1
4959,月歸此君,1
4960,歸此君才,1
4961,此君才不,1
4962,君才不及,1
4963,才不及謬,1
4964,不及謬得,1
4965,及謬得侍,1
4966,謬得侍彤,1
4967,得侍彤闈,1
4968,侍彤闈自,1
4969,彤闈自聞,1
4970,闈自聞憔,1
4971,自聞憔客,1
4972,聞憔客說,1
4973,憔客說無,1
4974,客說無計,1
4975,說無計得,1
4976,無計得相,1
4977,計得相尋,1
4978,得相尋幾,1
4979,相尋幾世,1
4980,尋幾世傳,1
4981,幾世傳高,1
4982,世傳高臥,1
4983,傳高臥全,1
4984,高臥全家,1
4985,臥全家在,1
4986,全家在一,1
4987,家在一林,1
4988,在一林養,1
4989,一林養情,1
4990,林養情書,1
4991,養情書覽,1
4992,情書覽苦,1
4993,書覽苦采,1
4994,覽苦采藥,1
4995,苦采藥路,1
4996,采藥路多,1
4997,藥路多深,1
4998,路多深願,1
4999,多深願得,1
5000,深願得為,1
5001,願得為鄰,1
5002,得為鄰里,1
5003,為鄰里誰,1
5004,鄰里誰能,1
5005,里誰能說,1
5006,誰能說此,1
5007,能說此心,1
5008,說此心日,1
5009,此心日日,1
5010,心日日新,1
5011,日日新詩,1
5012,日新詩出,1
5013,新詩出城,1
5014,詩出城中,1
5015,出城中寫,1
5016,城中寫不,1
5017,中寫不禁,1
5018,寫不禁清,1
5019,不禁清高,1
5020,禁清高疑,1
5021,清高疑對,1
5022,高疑對竹,1
5023,疑對竹閒,1
5024,對竹閒雅,1
5025,竹閒雅勝,1
5026,閒雅勝聞,1
5027,雅勝聞琴,1
5028,勝聞琴門,1
5029,聞琴門戶,1
5030,琴門戶饒,1
5031,門戶饒秋,1
5032,戶饒秋景,1
5033,饒秋景兒,1
5034,秋景兒童,1
5035,景兒童解,1
5036,兒童解冷,1
5037,童解冷吟,1
5038,解冷吟雲,1
5039,冷吟雲山,1
5040,吟雲山今,1
5041,雲山今作,1
5042,山今作主,1
5043,今作主還,1
5044,作主還借,1
5045,主還借外,1
5046,還借外人,1
5047,借外人尋,1
5048,外人尋故,1
5049,人尋故人,1
5050,尋故人為,1
5051,故人為吏,1
5052,人為吏隱,1
5053,為吏隱高,1
5054,吏隱高臥,1
5055,隱高臥簿,1
5056,高臥簿書,1
5057,臥簿書間,1
5058,簿書間繞,1
5059,書間繞院,1
5060,間繞院唯,1
5061,繞院唯栽,1
5062,院唯栽藥,1
5063,唯栽藥逢,1
5064,栽藥逢僧,1
5065,藥逢僧只,1
5066,逢僧只說,1
5067,僧只說山,1
5068,只說山此,1
5069,說山此宵,1
5070,山此宵歡,1
5071,此宵歡不,1
5072,宵歡不接,1
5073,歡不接窮,1
5074,不接窮歲,1
5075,接窮歲信,1
5076,窮歲信空,1
5077,歲信空還,1
5078,信空還何,1
5079,空還何計,1
5080,還何計相,1
5081,何計相尋,1
5082,計相尋去,1
5083,相尋去嚴,1
5084,尋去嚴風,1
5085,去嚴風雪,1
5086,嚴風雪滿,1
5087,風雪滿關,1
5088,雪滿關天,1
5089,滿關天寒,1
5090,關天寒漸,1
5091,天寒漸覺,1
5092,寒漸覺雁,1
5093,漸覺雁聲,1
5094,覺雁聲疏,1
5095,雁聲疏新,1
5096,聲疏新月,1
5097,疏新月微,1
5098,新月微微,1
5099,月微微玉,1
5100,微微玉漏,1
5101,微玉漏初,1
5102,玉漏初海,1
5103,漏初海嶠,1
5104,初海嶠只,1
5105,海嶠只宜,1
5106,嶠只宜今,1
5107,只宜今日,1
5108,宜今日去,1
5109,今日去故,1
5110,日去故鄉,1
5111,去故鄉已,1
5112,故鄉已過,1
5113,鄉已過十,1
5114,已過十年,1
5115,過十年餘,1
5116,十年餘發,1
5117,年餘發稀,1
5118,餘發稀豈,1
5119,發稀豈易,1
5120,稀豈易勝,1
5121,豈易勝玄,1
5122,易勝玄冕,1
5123,勝玄冕眼,1
5124,玄冕眼暗,1
5125,冕眼暗應,1
5126,眼暗應難,1
5127,暗應難寫,1
5128,應難寫諫,1
5129,難寫諫書,1
5130,寫諫書閣,1
5131,諫書閣下,1
5132,書閣下群,1
5133,閣下群公,1
5134,下群公盡,1
5135,群公盡高,1
5136,公盡高思,1
5137,盡高思誰,1
5138,高思誰能,1
5139,思誰能攜,1
5140,誰能攜酒,1
5141,能攜酒訪,1
5142,攜酒訪貧,1
5143,酒訪貧居,1
5144,訪貧居梵,1
5145,貧居梵書,1
5146,居梵書鈔,1
5147,梵書鈔律,1
5148,書鈔律千,1
5149,鈔律千餘,1
5150,律千餘紙,1
5151,千餘紙淨,1
5152,餘紙淨院,1
5153,紙淨院焚,1
5154,淨院焚香,1
5155,院焚香獨,1
5156,焚香獨受,1
5157,香獨受持,1
5158,獨受持童,1
5159,受持童子,1
5160,持童子病,1
5161,童子病來,1
5162,子病來煙,1
5163,病來煙火,1
5164,來煙火絕,1
5165,煙火絕清,1
5166,火絕清泉,1
5167,絕清泉漱,1
5168,清泉漱口,1
5169,泉漱口過,1
5170,漱口過齋,1
5171,口過齋時,1
5172,過齋時郡,1
5173,齋時郡中,1
5174,時郡中饒,1
5175,郡中饒野,1
5176,中饒野興,1
5177,饒野興過,1
5178,野興過客,1
5179,興過客亦,1
5180,過客亦淹,1
5181,客亦淹留,1
5182,亦淹留看,1
5183,淹留看月,1
5184,留看月江,1
5185,看月江樓,1
5186,月江樓曉,1
5187,江樓曉尋,1
5188,樓曉尋山,1
5189,曉尋山石,1
5190,尋山石徑,1
5191,山石徑秋,1
5192,石徑秋意,1
5193,徑秋意歸,1
5194,秋意歸何,1
5195,意歸何處,1
5196,歸何處老,1
5197,何處老誰,1
5198,處老誰免,1
5199,老誰免此,1
5200,誰免此生,1
5201,免此生愁,1
5202,此生愁長,1
5203,生愁長愛,1
5204,愁長愛東,1
5205,長愛東林,1
5206,愛東林子,1
5207,東林子安,1
5208,林子安禪,1
5209,子安禪百,1
5210,安禪百事,1
5211,禪百事休,1
5212,百事休幽,1
5213,事休幽處,1
5214,休幽處尋,1
5215,幽處尋書,1
5216,處尋書坐,1
5217,尋書坐朝,1
5218,書坐朝朝,1
5219,坐朝朝閉,1
5220,朝朝閉竹,1
5221,朝閉竹扉,1
5222,閉竹扉山,1
5223,竹扉山僧,1
5224,扉山僧封,1
5225,山僧封茗,1
5226,僧封茗寄,1
5227,封茗寄野,1
5228,茗寄野客,1
5229,寄野客乞,1
5230,野客乞詩,1
5231,客乞詩歸,1
5232,乞詩歸秋,1
5233,詩歸秋卷,1
5234,歸秋卷多,1
5235,秋卷多唯,1
5236,卷多唯好,1
5237,多唯好時,1
5238,唯好時名,1
5239,好時名屈,1
5240,時名屈更,1
5241,名屈更肥,1
5242,屈更肥明,1
5243,更肥明年,1
5244,肥明年取,1
5245,明年取前,1
5246,年取前字,1
5247,取前字杯,1
5248,前字杯酒,1
5249,字杯酒賽,1
5250,杯酒賽春,1
5251,酒賽春輝,1
5252,賽春輝閉,1
5253,春輝閉門,1
5254,輝閉門常,1
5255,閉門常不,1
5256,門常不出,1
5257,常不出惟,1
5258,不出惟覺,1
5259,出惟覺長,1
5260,惟覺長庭,1
5261,覺長庭莎,1
5262,長庭莎朋,1
5263,庭莎朋友,1
5264,莎朋友來,1
5265,朋友來看,1
5266,友來看少,1
5267,來看少詩,1
5268,看少詩書,1
5269,少詩書臥,1
5270,詩書臥讀,1
5271,書臥讀多,1
5272,臥讀多命,1
5273,讀多命隨,1
5274,多命隨才,1
5275,命隨才共,1
5276,隨才共薄,1
5277,才共薄愁,1
5278,共薄愁與,1
5279,薄愁與醉,1
5280,愁與醉相,1
5281,與醉相和,1
5282,醉相和珍,1
5283,相和珍重,1
5284,和珍重君,1
5285,珍重君名,1
5286,重君名字,1
5287,君名字新,1
5288,名字新登,1
5289,字新登甲,1
5290,新登甲乙,1
5291,登甲乙科,1
5292,甲乙科九,1
5293,乙科九衢,1
5294,科九衢名,1
5295,九衢名與,1
5296,衢名與利,1
5297,名與利無,1
5298,與利無計,1
5299,利無計擾,1
5300,無計擾閒,1
5301,計擾閒人,1
5302,擾閒人道,1
5303,閒人道遠,1
5304,人道遠期,1
5305,道遠期輕,1
5306,遠期輕世,1
5307,期輕世才,1
5308,輕世才高,1
5309,世才高貴,1
5310,才高貴重,1
5311,高貴重身,1
5312,貴重身石,1
5313,重身石脂,1
5314,身石脂稀,1
5315,石脂稀勝,1
5316,脂稀勝乳,1
5317,稀勝乳玉,1
5318,勝乳玉粉,1
5319,乳玉粉細,1
5320,玉粉細於,1
5321,粉細於塵,1
5322,細於塵骨,1
5323,於塵骨換,1
5324,塵骨換肌,1
5325,骨換肌膚,1
5326,換肌膚膩,1
5327,肌膚膩心,1
5328,膚膩心靈,1
5329,膩心靈氣,1
5330,心靈氣色,1
5331,靈氣色真,1
5332,氣色真嵩,1
5333,色真嵩山,1
5334,真嵩山高,1
5335,嵩山高到,1
5336,山高到日,1
5337,高到日洛,1
5338,到日洛水,1
5339,日洛水暖,1
5340,洛水暖如,1
5341,水暖如春,1
5342,暖如春居,1
5343,如春居住,1
5344,春居住應,1
5345,居住應安,1
5346,住應安穩,1
5347,應安穩黃,1
5348,安穩黃金,1
5349,穩黃金幾,1
5350,黃金幾灶,1
5351,金幾灶新,1
5352,幾灶新終,1
5353,灶新終日,1
5354,新終日自,1
5355,終日自纏,1
5356,日自纏繞,1
5357,自纏繞此,1
5358,纏繞此身,1
5359,繞此身無,1
5360,此身無適,1
5361,身無適緣,1
5362,無適緣萬,1
5363,適緣萬愁,1
5364,緣萬愁生,1
5365,萬愁生雨,1
5366,愁生雨夜,1
5367,生雨夜百,1
5368,雨夜百病,1
5369,夜百病湊,1
5370,百病湊衰,1
5371,病湊衰年,1
5372,湊衰年多,1
5373,衰年多睡,1
5374,年多睡憎,1
5375,多睡憎明,1
5376,睡憎明屋,1
5377,憎明屋慵,1
5378,明屋慵行,1
5379,屋慵行待,1
5380,慵行待暖,1
5381,行待暖天,1
5382,待暖天瘡,1
5383,暖天瘡頭,1
5384,天瘡頭梳,1
5385,瘡頭梳有,1
5386,頭梳有虱,1
5387,梳有虱風,1
5388,有虱風耳,1
5389,虱風耳亂,1
5390,風耳亂無,1
5391,耳亂無蟬,1
5392,亂無蟬換,1
5393,無蟬換白,1
5394,蟬換白方,1
5395,換白方多,1
5396,白方多錯,1
5397,方多錯回,1
5398,多錯回金,1
5399,錯回金法,1
5400,回金法不,1
5401,金法不全,1
5402,法不全家,1
5403,不全家貧,1
5404,全家貧何,1
5405,家貧何所,1
5406,貧何所怨,1
5407,何所怨將,1
5408,所怨將在,1
5409,怨將在老,1
5410,將在老僧,1
5411,在老僧邊,1
5412,老僧邊數,1
5413,僧邊數杯,1
5414,邊數杯黃,1
5415,數杯黃菊,1
5416,杯黃菊酒,1
5417,黃菊酒千,1
5418,菊酒千里,1
5419,酒千里白,1
5420,千里白雲,1
5421,里白雲天,1
5422,白雲天上,1
5423,雲天上國,1
5424,天上國名,1
5425,上國名方,1
5426,國名方振,1
5427,名方振戎,1
5428,方振戎州,1
5429,振戎州病,1
5430,戎州病未,1
5431,州病未痊,1
5432,病未痊靜,1
5433,未痊靜愁,1
5434,痊靜愁惟,1
5435,靜愁惟憶,1
5436,愁惟憶醉,1
5437,惟憶醉閑,1
5438,憶醉閑走,1
5439,醉閑走不,1
5440,閑走不勝,1
5441,走不勝眠,1
5442,不勝眠惆,1
5443,勝眠惆悵,1
5444,眠惆悵東,1
5445,惆悵東門,1
5446,悵東門別,1
5447,東門別相,1
5448,門別相逢,1
5449,別相逢知,1
5450,相逢知幾,1
5451,逢知幾年,1
5452,知幾年九,1
5453,幾年九衢,1
5454,年九衢寒,1
5455,九衢寒霧,1
5456,衢寒霧斂,1
5457,寒霧斂雙,1
5458,霧斂雙闕,1
5459,斂雙闕曙,1
5460,雙闕曙光,1
5461,闕曙光分,1
5462,曙光分彩,1
5463,光分彩仗,1
5464,分彩仗迎,1
5465,彩仗迎春,1
5466,仗迎春日,1
5467,迎春日香,1
5468,春日香煙,1
5469,日香煙接,1
5470,香煙接瑞,1
5471,煙接瑞雪,1
5472,接瑞雪佩,1
5473,瑞雪佩聲,1
5474,雪佩聲清,1
5475,佩聲清漏,1
5476,聲清漏間,1
5477,清漏間天,1
5478,漏間天語,1
5479,間天語侍,1
5480,天語侍臣,1
5481,語侍臣聞,1
5482,侍臣聞莫,1
5483,臣聞莫笑,1
5484,聞莫笑馮,1
5485,莫笑馮唐,1
5486,笑馮唐老,1
5487,馮唐老還,1
5488,唐老還來,1
5489,老還來謁,1
5490,還來謁聖,1
5491,來謁聖君,1
5492,謁聖君秋,1
5493,聖君秋思,1
5494,君秋思朝,1
5495,秋思朝來,1
5496,思朝來起,1
5497,朝來起侵,1
5498,來起侵人,1
5499,起侵人暑,1
5500,侵人暑稍,1
5501,人暑稍微,1
5502,暑稍微曉,1
5503,稍微曉眠,1
5504,微曉眠離,1
5505,曉眠離北,1
5506,眠離北戶,1
5507,離北戶午,1
5508,北戶午飯,1
5509,戶午飯尚,1
5510,午飯尚生,1
5511,飯尚生衣,1
5512,尚生衣山,1
5513,生衣山靜,1
5514,衣山靜雲,1
5515,山靜雲初,1
5516,靜雲初白,1
5517,雲初白枝,1
5518,初白枝高,1
5519,白枝高果,1
5520,枝高果漸,1
5521,高果漸稀,1
5522,果漸稀聞,1
5523,漸稀聞君,1
5524,稀聞君家,1
5525,聞君家海,1
5526,君家海上,1
5527,家海上莫,1
5528,海上莫與,1
5529,上莫與燕,1
5530,莫與燕同,1
5531,與燕同歸,1
5532,燕同歸汴,1
5533,同歸汴水,1
5534,歸汴水從,1
5535,汴水從今,1
5536,水從今不,1
5537,從今不復,1
5538,今不復渾,1
5539,不復渾秋,1
5540,復渾秋風,1
5541,渾秋風鼙,1
5542,秋風鼙鼓,1
5543,風鼙鼓動,1
5544,鼙鼓動城,1
5545,鼓動城根,1
5546,動城根梁,1
5547,城根梁園,1
5548,根梁園台,1
5549,梁園台館,1
5550,園台館關,1
5551,台館關東,1
5552,館關東少,1
5553,關東少相,1
5554,東少相府,1
5555,少相府旌,1
5556,相府旌旗,1
5557,府旌旗天,1
5558,旌旗天下,1
5559,旗天下尊,1
5560,天下尊詩,1
5561,下尊詩好,1
5562,尊詩好四,1
5563,詩好四方,1
5564,好四方誰,1
5565,四方誰敢,1
5566,方誰敢和,1
5567,誰敢和政,1
5568,敢和政成,1
5569,和政成三,1
5570,政成三郡,1
5571,成三郡自,1
5572,三郡自無,1
5573,郡自無冤,1
5574,自無冤幾,1
5575,無冤幾時,1
5576,冤幾時詔,1
5577,幾時詔下,1
5578,時詔下歸,1
5579,詔下歸丹,1
5580,下歸丹闕,1
5581,歸丹闕還,1
5582,丹闕還領,1
5583,闕還領千,1
5584,還領千官,1
5585,領千官入,1
5586,千官入閣,1
5587,官入閣門,1
5588,入閣門闕,1
5589,閣門闕下,1
5590,門闕下高,1
5591,闕下高眠,1
5592,下高眠過,1
5593,高眠過十,1
5594,眠過十旬,1
5595,過十旬南,1
5596,十旬南宮,1
5597,旬南宮印,1
5598,南宮印綬,1
5599,宮印綬乞,1
5600,印綬乞離,1
5601,綬乞離身,1
5602,乞離身詩,1
5603,離身詩中,1
5604,身詩中得,1
5605,詩中得意,1
5606,中得意應,1
5607,得意應千,1
5608,意應千首,1
5609,應千首海,1
5610,千首海內,1
5611,首海內嫌,1
5612,海內嫌官,1
5613,內嫌官只,1
5614,嫌官只一,1
5615,官只一人,1
5616,只一人賓,1
5617,一人賓客,1
5618,人賓客分,1
5619,賓客分司,1
5620,客分司真,1
5621,分司真是,1
5622,司真是隱,1
5623,真是隱山,1
5624,是隱山泉,1
5625,隱山泉繞,1
5626,山泉繞宅,1
5627,泉繞宅豈,1
5628,繞宅豈辭,1
5629,宅豈辭貧,1
5630,豈辭貧竹,1
5631,辭貧竹齋,1
5632,貧竹齋晚,1
5633,竹齋晚起,1
5634,齋晚起多,1
5635,晚起多無,1
5636,起多無事,1
5637,多無事唯,1
5638,無事唯到,1
5639,事唯到龍,1
5640,唯到龍門,1
5641,到龍門寺,1
5642,龍門寺裏,1
5643,門寺裏頻,1
5644,寺裏頻千,1
5645,裏頻千官,1
5646,頻千官曉,1
5647,千官曉立,1
5648,官曉立爐,1
5649,曉立爐煙,1
5650,立爐煙裏,1
5651,爐煙裏立,1
5652,煙裏立近,1
5653,裏立近丹,1
5654,立近丹墀,1
5655,近丹墀是,1
5656,丹墀是起,1
5657,墀是起居,1
5658,是起居彩,1
5659,起居彩筆,1
5660,居彩筆專,1
5661,彩筆專書,1
5662,筆專書皇,1
5663,專書皇帝,1
5664,書皇帝語,1
5665,皇帝語書,1
5666,帝語書成,1
5667,語書成幾,1
5668,書成幾卷,1
5669,成幾卷太,1
5670,幾卷太平,1
5671,卷太平書,1
5672,太平書少,1
5673,平書少在,1
5674,書少在兵,1
5675,少在兵馬,1
5676,在兵馬間,1
5677,兵馬間長,1
5678,馬間長還,1
5679,間長還系,1
5680,長還系戎,1
5681,還系戎職,1
5682,系戎職雞,1
5683,戎職雞飛,1
5684,職雞飛不,1
5685,雞飛不得,1
5686,飛不得遠,1
5687,不得遠豈,1
5688,得遠豈要,1
5689,遠豈要生,1
5690,豈要生羽,1
5691,要生羽翼,1
5692,生羽翼三,1
5693,羽翼三年,1
5694,翼三年城,1
5695,三年城中,1
5696,年城中游,1
5697,城中游與,1
5698,中游與君,1
5699,游與君最,1
5700,與君最相,1
5701,君最相識,1
5702,最相識應,1
5703,相識應知,1
5704,識應知我,1
5705,應知我中,1
5706,知我中腸,1
5707,我中腸不,1
5708,中腸不苟,1
5709,腸不苟念,1
5710,不苟念衣,1
5711,苟念衣食,1
5712,念衣食主,1
5713,衣食主人,1
5714,食主人樹,1
5715,主人樹勳,1
5716,人樹勳名,1
5717,樹勳名欲,1
5718,勳名欲滅,1
5719,名欲滅天,1
5720,欲滅天下,1
5721,滅天下賊,1
5722,天下賊愚,1
5723,下賊愚雖,1
5724,賊愚雖乏,1
5725,愚雖乏智,1
5726,雖乏智謀,1
5727,乏智謀願,1
5728,智謀願陳,1
5729,謀願陳一,1
5730,願陳一夫,1
5731,陳一夫力,1
5732,一夫力人,1
5733,夫力人生,1
5734,力人生須,1
5735,人生須氣,1
5736,生須氣健,1
5737,須氣健饑,1
5738,氣健饑凍,1
5739,健饑凍縛,1
5740,饑凍縛不,1
5741,凍縛不得,1
5742,縛不得睡,1
5743,不得睡當,1
5744,得睡當一,1
5745,睡當一席,1
5746,當一席寬,1
5747,一席寬覺,1
5748,席寬覺乃,1
5749,寬覺乃千,1
5750,覺乃千里,1
5751,乃千里窄,1
5752,千里窄古,1
5753,里窄古人,1
5754,窄古人不,1
5755,古人不懼,1
5756,人不懼死,1
5757,不懼死所,1
5758,懼死所懼,1
5759,死所懼死,1
5760,所懼死無,1
5761,懼死無益,1
5762,死無益至,1
5763,無益至交,1
5764,益至交不,1
5765,至交不可,1
5766,交不可合,1
5767,不可合一,1
5768,可合一合,1
5769,合一合難,1
5770,一合難離,1
5771,合難離坼,1
5772,難離坼君,1
5773,離坼君嘗,1
5774,坼君嘗相,1
5775,君嘗相勸,1
5776,嘗相勸勉,1
5777,相勸勉苦,1
5778,勸勉苦語,1
5779,勉苦語毒,1
5780,苦語毒胸,1
5781,語毒胸臆,1
5782,毒胸臆百,1
5783,胸臆百年,1
5784,臆百年心,1
5785,百年心知,1
5786,年心知同,1
5787,心知同誰,1
5788,知同誰限,1
5789,同誰限河,1
5790,誰限河南,1
5791,限河南北,1
5792,河南北安,1
5793,南北安康,1
5794,北安康雖,1
5795,安康雖好,1
5796,康雖好郡,1
5797,雖好郡刺,1
5798,好郡刺史,1
5799,郡刺史是,1
5800,刺史是憨,1
5801,史是憨翁,1
5802,是憨翁買,1
5803,憨翁買酒,1
5804,翁買酒終,1
5805,買酒終朝,1
5806,酒終朝飲,1
5807,終朝飲吟,1
5808,朝飲吟詩,1
5809,飲吟詩一,1
5810,吟詩一室,1
5811,詩一室空,1
5812,一室空自,1
5813,室空自知,1
5814,空自知為,1
5815,自知為政,1
5816,知為政拙,1
5817,為政拙眾,1
5818,政拙眾亦,1
5819,拙眾亦覺,1
5820,眾亦覺心,1
5821,亦覺心公,1
5822,覺心公親,1
5823,心公親事,1
5824,公親事星,1
5825,親事星河,1
5826,事星河在,1
5827,星河在憂,1
5828,河在憂人,1
5829,在憂人骨,1
5830,憂人骨肉,1
5831,人骨肉同,1
5832,骨肉同簿,1
5833,肉同簿書,1
5834,同簿書嵐,1
5835,簿書嵐色,1
5836,書嵐色裏,1
5837,嵐色裏鼓,1
5838,色裏鼓角,1
5839,裏鼓角水,1
5840,鼓角水聲,1
5841,角水聲中,1
5842,水聲中井,1
5843,聲中井邑,1
5844,中井邑神,1
5845,井邑神州,1
5846,邑神州接,1
5847,神州接帆,1
5848,州接帆檣,1
5849,接帆檣海,1
5850,帆檣海路,1
5851,檣海路通,1
5852,海路通野,1
5853,路通野亭,1
5854,通野亭晴,1
5855,野亭晴帶,1
5856,亭晴帶霧,1
5857,晴帶霧竹,1
5858,帶霧竹寺,1
5859,霧竹寺夏,1
5860,竹寺夏多,1
5861,寺夏多風,1
5862,夏多風溉,1
5863,多風溉稻,1
5864,風溉稻長,1
5865,溉稻長洲,1
5866,稻長洲白,1
5867,長洲白燒,1
5868,洲白燒林,1
5869,白燒林遠,1
5870,燒林遠岫,1
5871,林遠岫紅,1
5872,遠岫紅舊,1
5873,岫紅舊山,1
5874,紅舊山期,1
5875,舊山期已,1
5876,山期已失,1
5877,期已失芳,1
5878,已失芳草,1
5879,失芳草思,1
5880,芳草思何,1
5881,草思何窮,1
5882,思何窮林,1
5883,何窮林下,1
5884,窮林下無,1
5885,林下無相,1
5886,下無相笑,1
5887,無相笑男,1
5888,相笑男兒,1
5889,笑男兒五,1
5890,男兒五馬,1
5891,兒五馬雄,1
5892,五馬雄峭,1
5893,馬雄峭行,1
5894,雄峭行得,1
5895,峭行得如,1
5896,行得如如,1
5897,得如如誰,1
5898,如如誰分,1
5899,如誰分聖,1
5900,誰分聖與,1
5901,分聖與愚,1
5902,聖與愚不,1
5903,與愚不眠,1
5904,愚不眠知,1
5905,不眠知夢,1
5906,眠知夢妄,1
5907,知夢妄無,1
5908,夢妄無號,1
5909,妄無號免,1
5910,無號免人,1
5911,號免人呼,1
5912,免人呼山,1
5913,人呼山海,1
5914,呼山海禪,1
5915,山海禪皆,1
5916,海禪皆遍,1
5917,禪皆遍華,1
5918,皆遍華夷,1
5919,遍華夷佛,1
5920,華夷佛豈,1
5921,夷佛豈殊,1
5922,佛豈殊何,1
5923,豈殊何因,1
5924,殊何因接,1
5925,何因接師,1
5926,因接師話,1
5927,接師話清,1
5928,師話清淨,1
5929,話清淨在,1
5930,清淨在斯,1
5931,淨在斯須,1
5932,在斯須此,1
5933,斯須此生,1
5934,須此生修,1
5935,此生修道,1
5936,生修道淺,1
5937,修道淺愁,1
5938,道淺愁見,1
5939,淺愁見未,1
5940,愁見未來,1
5941,見未來身,1
5942,未來身誰,1
5943,來身誰為,1
5944,身誰為傳,1
5945,誰為傳真,1
5946,為傳真諦,1
5947,傳真諦唯,1
5948,真諦唯應,1
5949,諦唯應是,1
5950,唯應是上,1
5951,應是上人,1
5952,是上人自,1
5953,上人自悲,1
5954,人自悲年,1
5955,自悲年已,1
5956,悲年已長,1
5957,年已長漸,1
5958,已長漸覺,1
5959,長漸覺事,1
5960,漸覺事難,1
5961,覺事難親,1
5962,事難親不,1
5963,難親不向,1
5964,親不向禪,1
5965,不向禪門,1
5966,向禪門去,1
5967,禪門去他,1
5968,門去他門,1
5969,去他門無,1
5970,他門無了,1
5971,門無了因,1
5972,無了因幽,1
5973,了因幽居,1
5974,因幽居鄰,1
5975,幽居鄰里,1
5976,居鄰里少,1
5977,鄰里少江,1
5978,里少江際,1
5979,少江際複,1
5980,江際複山,1
5981,際複山阿,1
5982,複山阿潮,1
5983,山阿潮去,1
5984,阿潮去蟬,1
5985,潮去蟬聲,1
5986,去蟬聲出,1
5987,蟬聲出天,1
5988,聲出天晴,1
5989,出天晴鶴,1
5990,天晴鶴語,1
5991,晴鶴語多,1
5992,鶴語多老,1
5993,語多老人,1
5994,多老人能,1
5995,老人能步,1
5996,人能步蹇,1
5997,能步蹇才,1
5998,步蹇才子,1
5999,蹇才子奈,1
6000,才子奈貧,1
6001,子奈貧何,1
6002,奈貧何曾,1
6003,貧何曾見,1
6004,何曾見春,1
6005,曾見春官,1
6006,見春官語,1
6007,春官語年,1
6008,官語年來,1
6009,語年來虛,1
6010,年來虛甲,1
6011,來虛甲科,1
6012,虛甲科別,1
6013,甲科別路,1
6014,科別路在,1
6015,別路在春,1
6016,路在春色,1
6017,在春色故,1
6018,春色故人,1
6019,色故人雲,1
6020,故人雲夢,1
6021,人雲夢中,1
6022,雲夢中鳥,1
6023,夢中鳥啼,1
6024,中鳥啼三,1
6025,鳥啼三月,1
6026,啼三月雨,1
6027,三月雨蝶,1
6028,月雨蝶舞,1
6029,雨蝶舞百,1
6030,蝶舞百花,1
6031,舞百花風,1
6032,百花風煙,1
6033,花風煙束,1
6034,風煙束遠,1
6035,煙束遠山,1
6036,束遠山碧,1
6037,遠山碧霞,1
6038,山碧霞欹,1
6039,碧霞欹落,1
6040,霞欹落照,1
6041,欹落照紅,1
6042,落照紅想,1
6043,照紅想君,1
6044,紅想君登,1
6045,想君登此,1
6046,君登此興,1
6047,登此興回,1
6048,此興回首,1
6049,興回首念,1
6050,回首念飄,1
6051,首念飄蓬,1
6052,念飄蓬天,1
6053,飄蓬天府,1
6054,蓬天府鹿,1
6055,天府鹿鳴,1
6056,府鹿鳴客,1
6057,鹿鳴客幽,1
6058,鳴客幽山,1
6059,客幽山秋,1
6060,幽山秋未,1
6061,山秋未歸,1
6062,秋未歸我,1
6063,未歸我知,1
6064,歸我知方,1
6065,我知方甚,1
6066,知方甚愛,1
6067,方甚愛眾,1
6068,甚愛眾說,1
6069,愛眾說以,1
6070,眾說以為,1
6071,說以為非,1
6072,以為非隔,1
6073,為非隔屋,1
6074,非隔屋聞,1
6075,隔屋聞泉,1
6076,屋聞泉細,1
6077,聞泉細和,1
6078,泉細和雲,1
6079,細和雲見,1
6080,和雲見鶴,1
6081,雲見鶴微,1
6082,見鶴微新,1
6083,鶴微新詩,1
6084,微新詩此,1
6085,新詩此處,1
6086,詩此處得,1
6087,此處得清,1
6088,處得清峭,1
6089,得清峭比,1
6090,清峭比應,1
6091,峭比應稀,1
6092,比應稀長,1
6093,應稀長沙,1
6094,稀長沙事,1
6095,長沙事可,1
6096,沙事可悲,1
6097,事可悲普,1
6098,可悲普掾,1
6099,悲普掾罪,1
6100,普掾罪誰,1
6101,掾罪誰知,1
6102,罪誰知千,1
6103,誰知千載,1
6104,知千載人,1
6105,千載人空,1
6106,載人空盡,1
6107,人空盡一,1
6108,空盡一家,1
6109,盡一家冤,1
6110,一家冤不,1
6111,家冤不移,1
6112,冤不移吟,1
6113,不移吟寒,1
6114,移吟寒應,1
6115,吟寒應齒,1
6116,寒應齒落,1
6117,應齒落才,1
6118,齒落才峭,1
6119,落才峭自,1
6120,才峭自名,1
6121,峭自名垂,1
6122,自名垂地,1
6123,名垂地遠,1
6124,垂地遠山,1
6125,地遠山重,1
6126,遠山重疊,1
6127,山重疊難,1
6128,重疊難傳,1
6129,疊難傳相,1
6130,難傳相憶,1
6131,傳相憶詞,1
6132,相憶詞採,1
6133,憶詞採茶,1
6134,詞採茶溪,1
6135,採茶溪路,1
6136,茶溪路好,1
6137,溪路好花,1
6138,路好花影,1
6139,好花影半,1
6140,花影半浮,1
6141,影半浮沉,1
6142,半浮沉畫,1
6143,浮沉畫舸,1
6144,沉畫舸僧,1
6145,畫舸僧同,1
6146,舸僧同上,1
6147,僧同上春,1
6148,同上春山,1
6149,上春山客,1
6150,春山客共,1
6151,山客共尋,1
6152,客共尋芳,1
6153,共尋芳新,1
6154,尋芳新生,1
6155,芳新生石,1
6156,新生石際,1
6157,生石際幽,1
6158,石際幽嫩,1
6159,際幽嫩在,1
6160,幽嫩在山,1
6161,嫩在山陰,1
6162,在山陰色,1
6163,山陰色是,1
6164,陰色是春,1
6165,色是春光,1
6166,是春光染,1
6167,春光染香,1
6168,光染香驚,1
6169,染香驚日,1
6170,香驚日氣,1
6171,驚日氣侵,1
6172,日氣侵試,1
6173,氣侵試嘗,1
6174,侵試嘗應,1
6175,試嘗應酒,1
6176,嘗應酒醒,1
6177,應酒醒封,1
6178,酒醒封進,1
6179,醒封進定,1
6180,封進定恩,1
6181,進定恩深,1
6182,定恩深芳,1
6183,恩深芳貽,1
6184,深芳貽千,1
6185,芳貽千裏,1
6186,貽千裏外,1
6187,千裏外怡,1
6188,裏外怡怡,1
6189,外怡怡太,1
6190,怡怡太府,1
6191,怡太府吟,1
6192,太府吟家,1
6193,府吟家寄,1
6194,吟家寄秦,1
6195,家寄秦城,1
6196,寄秦城非,1
6197,秦城非本,1
6198,城非本心,1
6199,非本心偶,1
6200,本心偶然,1
6201,心偶然頭,1
6202,偶然頭上,1
6203,然頭上有,1
6204,頭上有朝,1
6205,上有朝簪,1
6206,有朝簪自,1
6207,朝簪自當,1
6208,簪自當台,1
6209,自當台直,1
6210,當台直無,1
6211,台直無因,1
6212,直無因醉,1
6213,無因醉一,1
6214,因醉一別,1
6215,醉一別詩,1
6216,一別詩宗,1
6217,別詩宗更,1
6218,詩宗更懶,1
6219,宗更懶吟,1
6220,更懶吟世,1
6221,懶吟世事,1
6222,吟世事每,1
6223,世事每將,1
6224,事每將愁,1
6225,每將愁見,1
6226,將愁見擾,1
6227,愁見擾年,1
6228,見擾年光,1
6229,擾年光唯,1
6230,年光唯與,1
6231,光唯與老,1
6232,唯與老相,1
6233,與老相侵,1
6234,老相侵欲,1
6235,相侵欲知,1
6236,侵欲知居,1
6237,欲知居處,1
6238,知居處堪,1
6239,居處堪長,1
6240,處堪長久,1
6241,堪長久須,1
6242,長久須向,1
6243,久須向山,1
6244,須向山中,1
6245,向山中學,1
6246,山中學煮,1
6247,中學煮金,1
6248,學煮金寂,1
6249,煮金寂寞,1
6250,金寂寞荒,1
6251,寂寞荒原,1
6252,寞荒原下,1
6253,荒原下南,1
6254,原下南山,1
6255,下南山只,1
6256,南山只隔,1
6257,山只隔籬,1
6258,只隔籬家,1
6259,隔籬家貧,1
6260,籬家貧唯,1
6261,家貧唯我,1
6262,貧唯我並,1
6263,唯我並詩,1
6264,我並詩好,1
6265,並詩好複,1
6266,詩好複誰,1
6267,好複誰知,1
6268,複誰知草,1
6269,誰知草色,1
6270,知草色無,1
6271,草色無窮,1
6272,色無窮處,1
6273,無窮處蟲,1
6274,窮處蟲聲,1
6275,處蟲聲少,1
6276,蟲聲少盡,1
6277,聲少盡時,1
6278,少盡時朝,1
6279,盡時朝昏,1
6280,時朝昏鼓,1
6281,朝昏鼓不,1
6282,昏鼓不到,1
6283,鼓不到閑,1
6284,不到閑臥,1
6285,到閑臥益,1
6286,閑臥益相,1
6287,臥益相宜,1
6288,益相宜百,1
6289,相宜百門,1
6290,宜百門坡,1
6291,百門坡上,1
6292,門坡上住,1
6293,坡上住石,1
6294,上住石屋,1
6295,住石屋兩,1
6296,石屋兩三,1
6297,屋兩三間,1
6298,兩三間日,1
6299,三間日月,1
6300,間日月難,1
6301,日月難教,1
6302,月難教老,1
6303,難教老妻,1
6304,教老妻兒,1
6305,老妻兒乞,1
6306,妻兒乞與,1
6307,兒乞與閑,1
6308,乞與閑仙,1
6309,與閑仙經,1
6310,閑仙經揀,1
6311,仙經揀客,1
6312,經揀客問,1
6313,揀客問藥,1
6314,客問藥債,1
6315,問藥債煮,1
6316,藥債煮金,1
6317,債煮金還,1
6318,煮金還何,1
6319,金還何計,1
6320,還何計能,1
6321,何計能相,1
6322,計能相訪,1
6323,能相訪終,1
6324,相訪終身,1
6325,訪終身得,1
6326,終身得在,1
6327,身得在山,1
6328,得在山相,1
6329,在山相別,1
6330,山相別何,1
6331,相別何容,1
6332,別何容易,1
6333,何容易相,1
6334,容易相逢,1
6335,易相逢便,1
6336,相逢便歲,1
6337,逢便歲年,1
6338,便歲年客,1
6339,歲年客來,1
6340,年客來嫌,1
6341,客來嫌路,1
6342,來嫌路遠,1
6343,嫌路遠誰,1
6344,路遠誰得,1
6345,遠誰得到,1
6346,誰得到君,1
6347,得到君邊,1
6348,到君邊嶽,1
6349,君邊嶽色,1
6350,邊嶽色鳥,1
6351,嶽色鳥啼,1
6352,色鳥啼裏,1
6353,鳥啼裏鐘,1
6354,啼裏鐘聲,1
6355,裏鐘聲竹,1
6356,鐘聲竹影,1
6357,聲竹影前,1
6358,竹影前只,1
6359,影前只應,1
6360,前只應訪,1
6361,只應訪支,1
6362,應訪支遁,1
6363,訪支遁時,1
6364,支遁時得,1
6365,遁時得話,1
6366,時得話詩,1
6367,得話詩篇,1
6368,話詩篇洛,1
6369,詩篇洛下,1
6370,篇洛下攻,1
6371,洛下攻詩,1
6372,下攻詩客,1
6373,攻詩客相,1
6374,詩客相逢,1
6375,客相逢只,1
6376,相逢只是,1
6377,逢只是吟,1
6378,只是吟夜,1
6379,是吟夜觴,1
6380,吟夜觴歡,1
6381,夜觴歡稍,1
6382,觴歡稍靜,1
6383,歡稍靜寒,1
6384,稍靜寒屋,1
6385,靜寒屋坐,1
6386,寒屋坐多,1
6387,屋坐多深,1
6388,坐多深烏,1
6389,多深烏府,1
6390,深烏府偶,1
6391,烏府偶為,1
6392,府偶為吏,1
6393,偶為吏滄,1
6394,為吏滄江,1
6395,吏滄江長,1
6396,滄江長在,1
6397,江長在心,1
6398,長在心憶,1
6399,在心憶君,1
6400,心憶君難,1
6401,憶君難就,1
6402,君難就寢,1
6403,難就寢燭,1
6404,就寢燭滅,1
6405,寢燭滅複,1
6406,燭滅複星,1
6407,滅複星沉,1
6408,複星沉毛,1
6409,星沉毛女,1
6410,沉毛女峰,1
6411,毛女峰前,1
6412,女峰前郡,1
6413,峰前郡煙,1
6414,前郡煙霞,1
6415,郡煙霞氣,1
6416,煙霞氣轉,1
6417,霞氣轉清,1
6418,氣轉清庭,1
6419,轉清庭分,1
6420,清庭分靈,1
6421,庭分靈掌,1
6422,分靈掌影,1
6423,靈掌影窗,1
6424,掌影窗度,1
6425,影窗度瀑,1
6426,窗度瀑泉,1
6427,度瀑泉聲,1
6428,瀑泉聲蘚,1
6429,泉聲蘚徑,1
6430,聲蘚徑人,1
6431,蘚徑人稀,1
6432,徑人稀到,1
6433,人稀到松,1
6434,稀到松齋,1
6435,到松齋藥,1
6436,松齋藥自,1
6437,齋藥自生,1
6438,藥自生常,1
6439,自生常餐,1
6440,生常餐亦,1
6441,常餐亦芝,1
6442,餐亦芝朮,1
6443,亦芝朮閑,1
6444,芝朮閑客,1
6445,朮閑客是,1
6446,閑客是公,1
6447,客是公卿,1
6448,是公卿看,1
6449,公卿看水,1
6450,卿看水逢,1
6451,看水逢仙,1
6452,水逢仙鶴,1
6453,逢仙鶴登,1
6454,仙鶴登樓,1
6455,鶴登樓見,1
6456,登樓見帝,1
6457,樓見帝城,1
6458,見帝城養,1
6459,帝城養生,1
6460,城養生非,1
6461,養生非酒,1
6462,生非酒病,1
6463,非酒病難,1
6464,酒病難隱,1
6465,病難隱是,1
6466,難隱是詩,1
6467,隱是詩名,1
6468,是詩名省,1
6469,詩名省署,1
6470,名省署嘗,1
6471,省署嘗連,1
6472,署嘗連步,1
6473,嘗連步江,1
6474,連步江皋,1
6475,步江皋欲,1
6476,江皋欲獨,1
6477,皋欲獨耕,1
6478,欲獨耕偶,1
6479,獨耕偶題,1
6480,耕偶題無,1
6481,偶題無六,1
6482,題無六義,1
6483,無六義聊,1
6484,六義聊以,1
6485,義聊以達,1
6486,聊以達微,1
6487,以達微誠,1
6488,達微誠蕭,1
6489,微誠蕭蕭,1
6490,誠蕭蕭一,1
6491,蕭蕭一畝,1
6492,蕭一畝宮,1
6493,一畝宮種,1
6494,畝宮種菊,1
6495,宮種菊十,1
6496,種菊十餘,1
6497,菊十餘叢,1
6498,十餘叢採,1
6499,餘叢採摘,1
6500,叢採摘和,1
6501,採摘和芳,1
6502,摘和芳露,1
6503,和芳露封,1
6504,芳露封題,1
6505,露封題寄,1
6506,封題寄病,1
6507,題寄病翁,1
6508,寄病翁熟,1
6509,病翁熟宜,1
6510,翁熟宜茶,1
6511,熟宜茶鼎,1
6512,宜茶鼎裏,1
6513,茶鼎裏餐,1
6514,鼎裏餐稱,1
6515,裏餐稱石,1
6516,餐稱石甌,1
6517,稱石甌中,1
6518,石甌中香,1
6519,甌中香潔,1
6520,中香潔將,1
6521,香潔將何,1
6522,潔將何比,1
6523,將何比從,1
6524,何比從來,1
6525,比從來味,1
6526,從來味不,1
6527,來味不同,1
6528,味不同張,1
6529,不同張頤,1
6530,同張頤任,1
6531,張頤任酒,1
6532,頤任酒澆,1
6533,任酒澆開,1
6534,酒澆開眼,1
6535,澆開眼信,1
6536,開眼信花,1
6537,眼信花燒,1
6538,信花燒舊,1
6539,花燒舊國,1
6540,燒舊國歸,1
6541,國歸何滯,1
6542,歸何滯新,1
6543,何滯新知,1
6544,滯新知別,1
6545,新知別又,1
6546,知別又遙,1
6547,別又遙夜,1
6548,又遙夜行,1
6549,遙夜行篙,1
6550,夜行篙觸,1
6551,行篙觸石,1
6552,篙觸石晚,1
6553,觸石晚泊,1
6554,石晚泊纜,1
6555,晚泊纜依,1
6556,泊纜依橋,1
6557,纜依橋若,1
6558,依橋若未,1
6559,橋若未重,1
6560,若未重相,1
6561,未重相見,1
6562,重相見無,1
6563,相見無門,1
6564,見無門解,1
6565,無門解寂,1
6566,門解寂寥,1
6567,解寂寥石,1
6568,寂寥石窗,1
6569,寥石窗紫,1
6570,石窗紫蘚,1
6571,窗紫蘚牆,1
6572,紫蘚牆此,1
6573,蘚牆此世,1
6574,牆此世此,1
6575,此世此清,1
6576,世此清涼,1
6577,此清涼研,1
6578,清涼研露,1
6579,涼研露題,1
6580,研露題詩,1
6581,露題詩潔,1
6582,題詩潔消,1
6583,詩潔消冰,1
6584,潔消冰煮,1
6585,消冰煮茗,1
6586,冰煮茗香,1
6587,煮茗香閑,1
6588,茗香閑雲,1
6589,香閑雲春,1
6590,閑雲春影,1
6591,雲春影薄,1
6592,春影薄孤,1
6593,影薄孤磬,1
6594,薄孤磬夜,1
6595,孤磬夜聲,1
6596,磬夜聲長,1
6597,夜聲長何,1
6598,聲長何計,1
6599,長何計休,1
6600,何計休為,1
6601,計休為吏,1
6602,休為吏從,1
6603,為吏從師,1
6604,吏從師老,1
6605,從師老草,1
6606,師老草堂,1
6607,老草堂白,1
6608,草堂白閣,1
6609,堂白閣峰,1
6610,白閣峰頭,1
6611,閣峰頭雪,1
6612,峰頭雪城,1
6613,頭雪城中,1
6614,雪城中望,1
6615,城中望亦,1
6616,中望亦寒,1
6617,望亦寒高,1
6618,亦寒高僧,1
6619,寒高僧多,1
6620,高僧多默,1
6621,僧多默坐,1
6622,多默坐清,1
6623,默坐清夜,1
6624,坐清夜到,1
6625,清夜到明,1
6626,夜到明看,1
6627,到明看世,1
6628,明看世上,1
6629,看世上無,1
6630,世上無諸,1
6631,上無諸苦,1
6632,無諸苦林,1
6633,諸苦林間,1
6634,苦林間只,1
6635,林間只一,1
6636,間只一餐,1
6637,只一餐嘗,1
6638,一餐嘗聞,1
6639,餐嘗聞南,1
6640,嘗聞南北,1
6641,聞南北教,1
6642,南北教所,1
6643,北教所得,1
6644,教所得比,1
6645,所得比師,1
6646,得比師難,1
6647,比師難暑,1
6648,師難暑天,1
6649,難暑天難,1
6650,暑天難可,1
6651,天難可度,1
6652,難可度豈,1
6653,可度豈複,1
6654,度豈複更,1
6655,豈複更持,1
6656,複更持觴,1
6657,更持觴樹,1
6658,持觴樹裏,1
6659,觴樹裏鳴,1
6660,樹裏鳴蟬,1
6661,裏鳴蟬咽,1
6662,鳴蟬咽宮,1
6663,蟬咽宮中,1
6664,咽宮中午,1
6665,宮中午漏,1
6666,中午漏長,1
6667,午漏長病,1
6668,漏長病夫,1
6669,長病夫心,1
6670,病夫心益,1
6671,夫心益躁,1
6672,心益躁靜,1
6673,益躁靜者,1
6674,躁靜者室,1
6675,靜者室應,1
6676,者室應涼,1
6677,室應涼幾,1
6678,應涼幾欲,1
6679,涼幾欲相,1
6680,幾欲相尋,1
6681,欲相尋去,1
6682,相尋去紅,1
6683,尋去紅塵,1
6684,去紅塵滿,1
6685,紅塵滿路,1
6686,塵滿路旁,1
6687,滿路旁貧,1
6688,路旁貧居,1
6689,旁貧居雀,1
6690,貧居雀喧,1
6691,居雀喧噪,1
6692,雀喧噪況,1
6693,喧噪況乃,1
6694,噪況乃靜,1
6695,況乃靜巷,1
6696,乃靜巷陌,1
6697,靜巷陌夜,1
6698,巷陌夜眠,1
6699,陌夜眠睡,1
6700,夜眠睡不,1
6701,眠睡不成,1
6702,睡不成空,1
6703,不成空庭,1
6704,成空庭聞,1
6705,空庭聞露,1
6706,庭聞露滴,1
6707,聞露滴旁,1
6708,露滴旁有,1
6709,滴旁有一,1
6710,旁有一杯,1
6711,有一杯酒,1
6712,一杯酒歡,1
6713,杯酒歡然,1
6714,酒歡然如,1
6715,歡然如對,1
6716,然如對客,1
6717,如對客月,1
6718,對客月光,1
6719,客月光久,1
6720,月光久逾,1
6721,光久逾明,1
6722,久逾明照,1
6723,逾明照得,1
6724,明照得筆,1
6725,照得筆墨,1
6726,得筆墨白,1
6727,筆墨白平,1
6728,墨白平生,1
6729,白平生志,1
6730,平生志舒,1
6731,生志舒豁,1
6732,志舒豁難,1
6733,舒豁難可,1
6734,豁難可似,1
6735,難可似茲,1
6736,可似茲夕,1
6737,似茲夕四,1
6738,茲夕四肢,1
6739,夕四肢得,1
6740,四肢得自,1
6741,肢得自便,1
6742,得自便雖,1
6743,自便雖勞,1
6744,便雖勞不,1
6745,雖勞不為,1
6746,勞不為役,1
6747,不為役故,1
6748,為役故人,1
6749,役故人山,1
6750,故人山中,1
6751,人山中住,1
6752,山中住善,1
6753,中住善治,1
6754,住善治活,1
6755,善治活身,1
6756,治活身策,1
6757,活身策五,1
6758,身策五穀,1
6759,策五穀口,1
6760,五穀口不,1
6761,穀口不嘗,1
6762,口不嘗比,1
6763,不嘗比僧,1
6764,嘗比僧更,1
6765,比僧更閑,1
6766,僧更閑寂,1
6767,更閑寂我,1
6768,閑寂我今,1
6769,寂我今暫,1
6770,我今暫得,1
6771,今暫得安,1
6772,暫得安自,1
6773,得安自謂,1
6774,安自謂脫,1
6775,自謂脫幽,1
6776,謂脫幽戚,1
6777,脫幽戚君,1
6778,幽戚君身,1
6779,戚君身長,1
6780,君身長逍,1
6781,身長逍遙,1
6782,長逍遙日,1
6783,逍遙日月,1
6784,遙日月爭,1
6785,日月爭老,1
6786,月爭老得,1
6787,爭老得蓮,1
6788,老得蓮華,1
6789,得蓮華峰,1
6790,峰下郡仙,1
6791,下郡仙洞,1
6792,郡仙洞亦,1
6793,仙洞亦難,1
6794,洞亦難勝,1
6795,亦難勝閭,1
6796,難勝閭裏,1
6797,勝閭裏蒼,1
6798,閭裏蒼苔,1
6799,裏蒼苔水,1
6800,蒼苔水虛,1
6801,苔水虛空,1
6802,水虛空瀑,1
6803,虛空瀑布,1
6804,空瀑布冰,1
6805,瀑布冰酒,1
6806,布冰酒香,1
6807,冰酒香和,1
6808,酒香和藥,1
6809,香和藥熟,1
6810,和藥熟山,1
6811,藥熟山峭,1
6812,熟山峭過,1
6813,山峭過雲,1
6814,峭過雲登,1
6815,過雲登清,1
6816,雲登清淨,1
6817,登清淨黎,1
6818,清淨黎人,1
6819,淨黎人泰,1
6820,黎人泰唯,1
6821,人泰唯憂,1
6822,泰唯憂急,1
6823,唯憂急詔,1
6824,憂急詔征,1
6825,急詔征秋,1
6826,詔征秋氣,1
6827,征秋氣日,1
6828,秋氣日騷,1
6829,氣日騷騷,1
6830,日騷騷星,1
6831,騷騷星星,1
6832,騷星星雙,1
6833,星星雙鬢,1
6834,星雙鬢毛,1
6835,雙鬢毛涼,1
6836,鬢毛涼天,1
6837,毛涼天吟,1
6838,涼天吟自,1
6839,天吟自遠,1
6840,吟自遠清,1
6841,自遠清夜,1
6842,遠清夜夢,1
6843,清夜夢還,1
6844,夜夢還高,1
6845,夢還高林,1
6846,還高林下,1
6847,高林下期,1
6848,林下期同,1
6849,下期同去,1
6850,期同去人,1
6851,同去人間,1
6852,去人間共,1
6853,人間共是,1
6854,間共是勞,1
6855,共是勞頭,1
6856,是勞頭巾,1
6857,勞頭巾何,1
6858,頭巾何所,1
6859,巾何所直,1
6860,何所直且,1
6861,所直且漉,1
6862,直且漉甕,1
6863,且漉甕頭,1
6864,漉甕頭糟,1
6865,甕頭糟相,1
6866,頭糟相思,1
6867,糟相思春,1
6868,相思春樹,1
6869,思春樹綠,1
6870,春樹綠千,1
6871,樹綠千里,1
6872,綠千里亦,1
6873,千里亦依,1
6874,里亦依依,1
6875,亦依依鄠,1
6876,依依鄠杜,1
6877,依鄠杜月,1
6878,鄠杜月頻,1
6879,杜月頻滿,1
6880,月頻滿瀟,1
6881,頻滿瀟湘,1
6882,滿瀟湘人,1
6883,瀟湘人不,1
6884,湘人不歸,1
6885,人不歸桂,1
6886,不歸桂花,1
6887,歸桂花風,1
6888,桂花風畔,1
6889,花風畔落,1
6890,風畔落煙,1
6891,畔落煙草,1
6892,落煙草蝶,1
6893,煙草蝶雙,1
6894,草蝶雙飛,1
6895,蝶雙飛一,1
6896,雙飛一別,1
6897,飛一別無,1
6898,一別無消,1
6899,別無消息,1
6900,無消息水,1
6901,消息水南,1
6902,息水南車,1
6903,水南車跡,1
6904,南車跡稀,1
6905,車跡稀陽,1
6906,跡稀陽和,1
6907,稀陽和潛,1
6908,陽和潛發,1
6909,和潛發蕩,1
6910,潛發蕩寒,1
6911,發蕩寒陰,1
6912,蕩寒陰便,1
6913,寒陰便使,1
6914,陰便使川,1
6915,便使川原,1
6916,使川原景,1
6917,川原景象,1
6918,原景象深,1
6919,景象深入,1
6920,象深入戶,1
6921,深入戶風,1
6922,入戶風泉,1
6923,戶風泉聲,1
6924,風泉聲瀝,1
6925,泉聲瀝瀝,1
6926,聲瀝瀝當,1
6927,瀝瀝當軒,1
6928,瀝當軒雲,1
6929,當軒雲岫,1
6930,軒雲岫影,1
6931,雲岫影沉,1
6932,岫影沉沉,1
6933,影沉沉殘,1
6934,沉沉殘雲,1
6935,沉殘雲帶,1
6936,殘雲帶雨,1
6937,雲帶雨輕,1
6938,帶雨輕飄,1
6939,雨輕飄雪,1
6940,輕飄雪嫩,1
6941,飄雪嫩柳,1
6942,雪嫩柳含,1
6943,嫩柳含煙,1
6944,柳含煙小,1
6945,含煙小綻,1
6946,煙小綻金,1
6947,小綻金雖,1
6948,綻金雖有,1
6949,金雖有眼,1
6950,雖有眼前,1
6951,有眼前詩,1
6952,眼前詩酒,1
6953,前詩酒興,1
6954,詩酒興邀,1
6955,酒興邀遊,1
6956,興邀遊爭,1
6957,邀遊爭得,1
6958,遊爭得稱,1
6959,爭得稱閒,1
6960,得稱閒心,1
6961,稱閒心千,1
6962,閒心千騎,1
6963,心千騎紅,1
6964,千騎紅旗,1
6965,騎紅旗不,1
6966,紅旗不可,1
6967,旗不可攀,1
6968,不可攀水,1
6969,可攀水頭,1
6970,攀水頭獨,1
6971,水頭獨立,1
6972,頭獨立暮,1
6973,獨立暮方,1
6974,立暮方還,1
6975,暮方還家,1
6976,方還家人,1
6977,還家人怪,1
6978,家人怪我,1
6979,人怪我渾,1
6980,怪我渾如,1
6981,我渾如病,1
6982,渾如病尊,1
6983,如病尊酒,1
6984,病尊酒休,1
6985,尊酒休傾,1
6986,酒休傾筆,1
6987,休傾筆硯,1
6988,傾筆硯間,1
6989,筆硯間才,1
6990,硯間才歸,1
6991,間才歸龍,1
6992,才歸龍尾,1
6993,歸龍尾含,1
6994,龍尾含雞,1
6995,尾含雞舌,1
6996,含雞舌更,1
6997,雞舌更立,1
6998,舌更立螭,1
6999,更立螭頭,1
7000,立螭頭運,1
7001,螭頭運兔,1
7002,頭運兔毫,1
7003,運兔毫閶,1
7004,兔毫閶闔,1
7005,毫閶闔欲,1
7006,閶闔欲開,1
7007,闔欲開金,1
7008,欲開金漏,1
7009,開金漏盡,1
7010,金漏盡冕,1
7011,漏盡冕旒,1
7012,盡冕旒初,1
7013,冕旒初坐,1
7014,旒初坐禦,1
7015,初坐禦香,1
7016,坐禦香高,1
7017,禦香高獨,1
7018,香高獨施,1
7019,高獨施清,1
7020,獨施清靜,1
7021,施清靜化,1
7022,清靜化千,1
7023,靜化千里,1
7024,化千里管,1
7025,千里管橫,1
7026,里管橫汾,1
7027,管橫汾黎,1
7028,橫汾黎庶,1
7029,汾黎庶應,1
7030,黎庶應深,1
7031,庶應深感,1
7032,應深感朝,1
7033,深感朝廷,1
7034,感朝廷亦,1
7035,朝廷亦細,1
7036,廷亦細聞,1
7037,亦細聞心,1
7038,細聞心期,1
7039,聞心期在,1
7040,心期在黃,1
7041,期在黃老,1
7042,在黃老家,1
7043,黃老家事,1
7044,老家事是,1
7045,家事是功,1
7046,事是功勳,1
7047,是功勳物,1
7048,功勳物外,1
7049,勳物外須,1
7050,物外須仙,1
7051,外須仙侶,1
7052,須仙侶人,1
7053,仙侶人間,1
7054,侶人間要,1
7055,人間要使,1
7056,間要使君,1
7057,要使君花,1
7058,使君花多,1
7059,君花多勻,1
7060,花多勻地,1
7061,多勻地落,1
7062,勻地落山,1
7063,地落山近,1
7064,落山近滿,1
7065,山近滿廳,1
7066,近滿廳雲,1
7067,滿廳雲戎,1
7068,廳雲戎客,1
7069,雲戎客無,1
7070,戎客無因,1
7071,客無因去,1
7072,無因去西,1
7073,因去西看,1
7074,去西看白,1
7075,西看白日,1
7076,看白日曛,1
7077,白日曛太,1
7078,日曛太行,1
7079,曛太行山,1
7080,太行山下,1
7081,行山下路,1
7082,山下路荊,1
7083,下路荊棘,1
7084,路荊棘昨,1
7085,荊棘昨來,1
7086,棘昨來平,1
7087,昨來平一,1
7088,來平一自,1
7089,平一自開,1
7090,一自開元,1
7091,自開元後,1
7092,開元後今,1
7093,元後今逢,1
7094,後今逢上,1
7095,今逢上客,1
7096,逢上客行,1
7097,上客行地,1
7098,客行地形,1
7099,行地形吞,1
7100,地形吞北,1
7101,形吞北虜,1
7102,吞北虜人,1
7103,北虜人事,1
7104,虜人事接,1
7105,人事接東,1
7106,事接東京,1
7107,接東京掃,1
7108,東京掃灑,1
7109,京掃灑氛,1
7110,掃灑氛埃,1
7111,灑氛埃靜,1
7112,氛埃靜遊,1
7113,埃靜遊從,1
7114,靜遊從氣,1
7115,遊從氣概,1
7116,從氣概生,1
7117,氣概生薊,1
7118,概生薊門,1
7119,生薊門春,1
7120,薊門春不,1
7121,門春不豔,1
7122,春不豔淇,1
7123,不豔淇水,1
7124,豔淇水暖,1
7125,淇水暖還,1
7126,水暖還清,1
7127,暖還清看,1
7128,還清看野,1
7129,清看野風,1
7130,看野風情,1
7131,野風情遠,1
7132,風情遠尋,1
7133,情遠尋花,1
7134,遠尋花酒,1
7135,尋花酒病,1
7136,花酒病成,1
7137,酒病成官,1
7138,病成官閑,1
7139,成官閑身,1
7140,官閑身自,1
7141,閑身自在,1
7142,身自在詩,1
7143,自在詩逸,1
7144,在詩逸語,1
7145,詩逸語縱,1
7146,逸語縱橫,1
7147,語縱橫車,1
7148,縱橫車馬,1
7149,橫車馬回,1
7150,車馬回應,1
7151,馬回應晚,1
7152,回應晚煙,1
7153,應晚煙光,1
7154,晚煙光滿,1
7155,煙光滿去,1
7156,光滿去程,1
7157,滿去程腰,1
7158,去程腰間,1
7159,程腰間垂,1
7160,腰間垂印,1
7161,間垂印囊,1
7162,垂印囊白,1
7163,印囊白髮,1
7164,囊白髮未,1
7165,白髮未歸,1
7166,髮未歸鄉,1
7167,未歸鄉還,1
7168,歸鄉還往,1
7169,鄉還往應,1
7170,還往應相,1
7171,往應相責,1
7172,應相責朝,1
7173,相責朝昏,1
7174,責朝昏亦,1
7175,朝昏亦自,1
7176,昏亦自傷,1
7177,亦自傷窮,1
7178,自傷窮愁,1
7179,傷窮愁山,1
7180,窮愁山影,1
7181,愁山影峭,1
7182,山影峭獨,1
7183,影峭獨夜,1
7184,峭獨夜漏,1
7185,獨夜漏聲,1
7186,夜漏聲長,1
7187,漏聲長寂,1
7188,聲長寂寞,1
7189,長寂寞難,1
7190,寂寞難成,1
7191,寞難成寐,1
7192,難成寐寒,1
7193,成寐寒燈,1
7194,寐寒燈侵,1
7195,寒燈侵曉,1
7196,燈侵曉光,1
7197,侵曉光精,1
7198,曉光精心,1
7199,光精心奉,1
7200,精心奉北,1
7201,心奉北宗,1
7202,奉北宗微,1
7203,北宗微宦,1
7204,宗微宦在,1
7205,微宦在南,1
7206,宦在南宮,1
7207,在南宮舉,1
7208,南宮舉世,1
7209,宮舉世勞,1
7210,舉世勞為,1
7211,世勞為適,1
7212,勞為適開,1
7213,為適開門,1
7214,適開門事,1
7215,開門事不,1
7216,門事不窮,1
7217,事不窮年,1
7218,不窮年來,1
7219,窮年來複,1
7220,年來複幾,1
7221,來複幾日,1
7222,複幾日蟬,1
7223,幾日蟬去,1
7224,日蟬去又,1
7225,蟬去又鳴,1
7226,去又鳴鴻,1
7227,又鳴鴻衰,1
7228,鳴鴻衰疾,1
7229,鴻衰疾誰,1
7230,衰疾誰人,1
7231,疾誰人問,1
7232,誰人問閒,1
7233,人問閒情,1
7234,問閒情與,1
7235,閒情與酒,1
7236,情與酒通,1
7237,與酒通四,1
7238,酒通四鄰,1
7239,通四鄰寒,1
7240,四鄰寒稍,1
7241,鄰寒稍靜,1
7242,寒稍靜九,1
7243,稍靜九陌,1
7244,靜九陌夜,1
7245,九陌夜方,1
7246,陌夜方空,1
7247,夜方空知,1
7248,方空知老,1
7249,空知老何,1
7250,知老何山,1
7251,老何山是,1
7252,何山是思,1
7253,山是思歸,1
7254,是思歸愚,1
7255,思歸愚穀,1
7256,歸愚穀中,1
7257,愚穀中十,1
7258,穀中十二,1
7259,中十二門,1
7260,十二門中,1
7261,二門中寺,1
7262,門中寺詩,1
7263,中寺詩僧,1
7264,寺詩僧寺,1
7265,詩僧寺獨,1
7266,僧寺獨幽,1
7267,寺獨幽多,1
7268,獨幽多年,1
7269,幽多年松,1
7270,多年松色,1
7271,年松色別,1
7272,松色別後,1
7273,色別後夜,1
7274,別後夜磬,1
7275,後夜磬聲,1
7276,夜磬聲秋,1
7277,磬聲秋見,1
7278,聲秋見世,1
7279,秋見世慮,1
7280,見世慮皆,1
7281,世慮皆盡,1
7282,慮皆盡來,1
7283,皆盡來生,1
7284,盡來生事,1
7285,來生事更,1
7286,生事更修,1
7287,事更修終,1
7288,更修終須,1
7289,修終須執,1
7290,終須執瓶,1
7291,須執瓶缽,1
7292,執瓶缽相,1
7293,瓶缽相逐,1
7294,缽相逐入,1
7295,相逐入牛,1
7296,逐入牛頭,1
7297,入牛頭日,1
7298,牛頭日出,1
7299,頭日出月,1
7300,日出月複,1
7301,出月複沒,1
7302,月複沒悠,1
7303,複沒悠悠,1
7304,沒悠悠昏,1
7305,悠悠昏與,1
7306,悠昏與明,1
7307,昏與明修,1
7308,與明修持,1
7309,明修持經,1
7310,修持經幾,1
7311,持經幾劫,1
7312,經幾劫清,1
7313,幾劫清淨,1
7314,劫清淨到,1
7315,清淨到今,1
7316,淨到今生,1
7317,到今生林,1
7318,今生林下,1
7319,生林下知,1
7320,林下知無,1
7321,下知無相,1
7322,知無相人,1
7323,無相人間,1
7324,相人間苦,1
7325,人間苦是,1
7326,間苦是情,1
7327,苦是情終,1
7328,是情終期,1
7329,情終期逐,1
7330,終期逐師,1
7331,期逐師去,1
7332,逐師去不,1
7333,師去不擬,1
7334,去不擬老,1
7335,不擬老塵,1
7336,擬老塵纓,1
7337,老塵纓尋,1
7338,塵纓尋常,1
7339,纓尋常自,1
7340,尋常自怪,1
7341,常自怪詩,1
7342,自怪詩無,1
7343,怪詩無味,1
7344,詩無味雖,1
7345,無味雖被,1
7346,味雖被人,1
7347,雖被人吟,1
7348,被人吟不,1
7349,人吟不喜,1
7350,吟不喜聞,1
7351,不喜聞見,1
7352,喜聞見說,1
7353,聞見說與,1
7354,見說與君,1
7355,說與君同,1
7356,與君同一,1
7357,君同一格,1
7358,同一格數,1
7359,一格數篇,1
7360,格數篇到,1
7361,數篇到火,1
7362,篇到火卻,1
7363,到火卻休,1
7364,火卻休焚,1
7365,卻休焚悄,1
7366,休焚悄悄,1
7367,焚悄悄掩,1
7368,悄悄掩門,1
7369,悄掩門扉,1
7370,掩門扉窮,1
7371,門扉窮窘,1
7372,扉窮窘自,1
7373,窮窘自維,1
7374,窘自維縶,1
7375,自維縶世,1
7376,維縶世途,1
7377,縶世途已,1
7378,世途已昧,1
7379,途已昧履,1
7380,已昧履生,1
7381,昧履生計,1
7382,履生計複,1
7383,生計複乖,1
7384,計複乖緝,1
7385,複乖緝疏,1
7386,乖緝疏我,1
7387,緝疏我非,1
7388,疏我非常,1
7389,我非常性,1
7390,非常性端,1
7391,常性端峭,1
7392,性端峭爾,1
7393,端峭爾孤,1
7394,峭爾孤立,1
7395,爾孤立往,1
7396,孤立往還,1
7397,立往還縱,1
7398,往還縱雲,1
7399,還縱雲久,1
7400,縱雲久貧,1
7401,雲久貧蹇,1
7402,久貧蹇豈,1
7403,貧蹇豈自,1
7404,蹇豈自習,1
7405,豈自習所,1
7406,自習所居,1
7407,習所居率,1
7408,所居率荒,1
7409,居率荒野,1
7410,率荒野寧,1
7411,荒野寧似,1
7412,野寧似在,1
7413,寧似在京,1
7414,似在京邑,1
7415,在京邑院,1
7416,京邑院落,1
7417,邑院落夕,1
7418,院落夕彌,1
7419,落夕彌空,1
7420,夕彌空蟲,1
7421,彌空蟲聲,1
7422,空蟲聲雁,1
7423,蟲聲雁相,1
7424,聲雁相及,1
7425,雁相及衣,1
7426,相及衣巾,1
7427,及衣巾半,1
7428,衣巾半僧,1
7429,巾半僧施,1
7430,半僧施蔬,1
7431,僧施蔬藥,1
7432,施蔬藥常,1
7433,蔬藥常自,1
7434,藥常自拾,1
7435,常自拾凜,1
7436,自拾凜凜,1
7437,拾凜凜寢,1
7438,凜凜寢席,1
7439,凜寢席單,1
7440,寢席單翳,1
7441,席單翳翳,1
7442,單翳翳灶,1
7443,翳翳灶煙,1
7444,翳灶煙濕,1
7445,灶煙濕頹,1
7446,煙濕頹籬,1
7447,濕頹籬裏,1
7448,頹籬裏人,1
7449,籬裏人度,1
7450,裏人度敗,1
7451,人度敗壁,1
7452,度敗壁鄰,1
7453,敗壁鄰燈,1
7454,壁鄰燈入,1
7455,鄰燈入曉,1
7456,燈入曉思,1
7457,入曉思已,1
7458,曉思已暫,1
7459,思已暫舒,1
7460,已暫舒暮,1
7461,暫舒暮愁,1
7462,舒暮愁還,1
7463,暮愁還更,1
7464,愁還更集,1
7465,還更集風,1
7466,更集風淒,1
7467,集風淒林,1
7468,風淒林葉,1
7469,淒林葉萎,1
7470,林葉萎苔,1
7471,葉萎苔糝,1
7472,萎苔糝行,1
7473,苔糝行徑,1
7474,糝行徑澀,1
7475,行徑澀海,1
7476,徑澀海嶠,1
7477,澀海嶠誓,1
7478,海嶠誓同,1
7479,嶠誓同歸,1
7480,誓同歸橡,1
7481,同歸橡栗,1
7482,歸橡栗充,1
7483,橡栗充朝,1
7484,栗充朝給,1
7485,充朝給逍,1
7486,朝給逍遙,1
7487,給逍遙罾,1
7488,逍遙罾繳,1
7489,遙罾繳外,1
7490,罾繳外高,1
7491,繳外高鳥,1
7492,外高鳥與,1
7493,高鳥與潛,1
7494,鳥與潛魚,1
7495,與潛魚闕,1
7496,潛魚闕下,1
7497,魚闕下無,1
7498,闕下無朝,1
7499,下無朝籍,1
7500,無朝籍林,1
7501,朝籍林間,1
7502,籍林間有,1
7503,林間有詔,1
7504,間有詔書,1
7505,有詔書夜,1
7506,詔書夜眠,1
7507,書夜眠青,1
7508,夜眠青玉,1
7509,眠青玉洞,1
7510,青玉洞曉,1
7511,玉洞曉飯,1
7512,洞曉飯白,1
7513,曉飯白雲,1
7514,飯白雲蔬,1
7515,白雲蔬四,1
7516,雲蔬四海,1
7517,蔬四海人,1
7518,四海人空,1
7519,海人空老,1
7520,人空老九,1
7521,空老九華,1
7522,老九華君,1
7523,九華君獨,1
7524,華君獨居,1
7525,君獨居此,1
7526,獨居此心,1
7527,居此心誰,1
7528,此心誰複,1
7529,心誰複識,1
7530,誰複識日,1
7531,複識日與,1
7532,識日與世,1
7533,日與世情,1
7534,與世情疏,1
7535,世情疏是,1
7536,情疏是法,1
7537,疏是法修,1
7538,是法修行,1
7539,法修行遍,1
7540,修行遍方,1
7541,行遍方棲,1
7542,遍方棲不,1
7543,方棲不二,1
7544,棲不二門,1
7545,不二門隨,1
7546,二門隨緣,1
7547,門隨緣嫌,1
7548,隨緣嫌寺,1
7549,緣嫌寺著,1
7550,嫌寺著見,1
7551,寺著見性,1
7552,著見性覺,1
7553,見性覺經,1
7554,性覺經繁,1
7555,覺經繁所,1
7556,經繁所歎,1
7557,繁所歎身,1
7558,所歎身將,1
7559,歎身將老,1
7560,身將老始,1
7561,將老始聞,1
7562,老始聞師,1
7563,始聞師一,1
7564,聞師一言,1
7565,師一言塵,1
7566,一言塵沙,1
7567,言塵沙千,1
7568,塵沙千萬,1
7569,沙千萬劫,1
7570,千萬劫劫,1
7571,萬劫劫盡,1
7572,劫劫盡佛,1
7573,劫盡佛長,1
7574,盡佛長存,1
7575,佛長存漢,1
7576,長存漢朝,1
7577,存漢朝共,1
7578,漢朝共許,1
7579,朝共許賈,1
7580,共許賈生,1
7581,許賈生賢,1
7582,賈生賢遷,1
7583,生賢遷謫,1
7584,賢遷謫還,1
7585,遷謫還應,1
7586,謫還應是,1
7587,還應是宿,1
7588,應是宿緣,1
7589,是宿緣仰,1
7590,宿緣仰德,1
7591,緣仰德多,1
7592,仰德多時,1
7593,德多時方,1
7594,多時方會,1
7595,時方會面,1
7596,方會面拜,1
7597,會面拜兄,1
7598,面拜兄何,1
7599,拜兄何暇,1
7600,兄何暇更,1
7601,何暇更論,1
7602,暇更論年,1
7603,更論年嵩,1
7604,論年嵩山,1
7605,年嵩山晴,1
7606,嵩山晴色,1
7607,山晴色來,1
7608,晴色來城,1
7609,色來城裏,1
7610,來城裏洛,1
7611,城裏洛水,1
7612,裏洛水寒,1
7613,洛水寒光,1
7614,水寒光出,1
7615,寒光出岸,1
7616,光出岸邊,1
7617,出岸邊清,1
7618,岸邊清景,1
7619,邊清景早,1
7620,清景早朝,1
7621,景早朝吟,1
7622,早朝吟麗,1
7623,朝吟麗思,1
7624,吟麗思題,1
7625,麗思題詩,1
7626,思題詩應,1
7627,題詩應費,1
7628,詩應費益,1
7629,應費益州,1
7630,費益州箋,1
7631,益州箋冬,1
7632,州箋冬冬,1
7633,箋冬冬九,1
7634,冬冬九陌,1
7635,冬九陌鼓,1
7636,鼓聲齊百,1
7637,聲齊百辟,1
7638,齊百辟朝,1
7639,百辟朝天,1
7640,辟朝天馬,1
7641,朝天馬亂,1
7642,天馬亂嘶,1
7643,馬亂嘶月,1
7644,亂嘶月照,1
7645,嘶月照濃,1
7646,月照濃霜,1
7647,照濃霜寒,1
7648,濃霜寒更,1
7649,霜寒更遠,1
7650,寒更遠風,1
7651,更遠風吹,1
7652,遠風吹紅,1
7653,風吹紅燭,1
7654,吹紅燭舉,1
7655,紅燭舉還,1
7656,燭舉還低,1
7657,舉還低官,1
7658,還低官清,1
7659,低官清立,1
7660,官清立在,1
7661,清立在金,1
7662,立在金爐,1
7663,在金爐北,1
7664,金爐北仗,1
7665,爐北仗下,1
7666,北仗下歸,1
7667,仗下歸眠,1
7668,下歸眠玉,1
7669,歸眠玉殿,1
7670,眠玉殿西,1
7671,玉殿西莫,1
7672,殿西莫笑,1
7673,西莫笑老,1
7674,莫笑老人,1
7675,笑老人多,1
7676,老人多獨,1
7677,人多獨出,1
7678,多獨出晴,1
7679,獨出晴山,1
7680,出晴山荒,1
7681,晴山荒景,1
7682,山荒景覓,1
7683,荒景覓詩,1
7684,景覓詩題,1
7685,覓詩題霜,1
7686,詩題霜月,1
7687,題霜月靜,1
7688,霜月靜幽,1
7689,月靜幽居,1
7690,靜幽居閑,1
7691,幽居閑吟,1
7692,居閑吟夢,1
7693,閑吟夢覺,1
7694,吟夢覺初,1
7695,夢覺初秋,1
7696,覺初秋深,1
7697,初秋深夜,1
7698,秋深夜迢,1
7699,深夜迢遞,1
7700,夜迢遞年,1
7701,迢遞年長,1
7702,遞年長意,1
7703,年長意蕭,1
7704,長意蕭疏,1
7705,意蕭疏海,1
7706,蕭疏海上,1
7707,疏海上歸,1
7708,海上歸難,1
7709,上歸難遂,1
7710,歸難遂人,1
7711,難遂人間,1
7712,遂人間事,1
7713,人間事盡,1
7714,間事盡虛,1
7715,事盡虛賴,1
7716,盡虛賴師,1
7717,虛賴師方,1
7718,賴師方便,1
7719,師方便語,1
7720,方便語漸,1
7721,便語漸得,1
7722,語漸得識,1
7723,漸得識真,1
7724,得識真如,1
7725,識真如夜,1
7726,真如夜歸,1
7727,如夜歸曉,1
7728,夜歸曉出,1
7729,歸曉出滿,1
7730,曉出滿衣,1
7731,出滿衣塵,1
7732,滿衣塵轉,1
7733,衣塵轉覺,1
7734,塵轉覺才,1
7735,轉覺才名,1
7736,覺才名帶,1
7737,才名帶累,1
7738,名帶累身,1
7739,帶累身莫,1
7740,累身莫覓,1
7741,身莫覓舊,1
7742,莫覓舊來,1
7743,覓舊來終,1
7744,舊來終日,1
7745,來終日醉,1
7746,終日醉世,1
7747,日醉世間,1
7748,醉世間杯,1
7749,世間杯酒,1
7750,間杯酒屬,1
7751,杯酒屬閒,1
7752,酒屬閒人,1
7753,屬閒人昨,1
7754,閒人昨秋,1
7755,人昨秋今,1
7756,昨秋今複,1
7757,秋今複春,1
7758,今複春役,1
7759,複春役役,1
7760,春役役是,1
7761,役役是非,1
7762,役是非身,1
7763,是非身海,1
7764,非身海上,1
7765,身海上無,1
7766,海上無歸,1
7767,上無歸路,1
7768,無歸路城,1
7769,歸路城中,1
7770,路城中作,1
7771,城中作老,1
7772,中作老人,1
7773,作老人流,1
7774,老人流年,1
7775,人流年何,1
7776,流年何處,1
7777,年何處在,1
7778,何處在白,1
7779,處在白日,1
7780,在白日每,1
7781,白日每朝,1
7782,日每朝新,1
7783,每朝新聞,1
7784,朝新聞有,1
7785,新聞有長,1
7786,聞有長生,1
7787,有長生術,1
7788,長生術將,1
7789,生術將求,1
7790,術將求未,1
7791,將求未有,1
7792,求未有因,1
7793,未有因蹇,1
7794,有因蹇鈍,1
7795,因蹇鈍無,1
7796,蹇鈍無大,1
7797,鈍無大計,1
7798,無大計酷,1
7799,大計酷嗜,1
7800,計酷嗜進,1
7801,酷嗜進士,1
7802,嗜進士名,1
7803,進士名為,1
7804,士名為文,1
7805,名為文性,1
7806,為文性不,1
7807,文性不高,1
7808,性不高三,1
7809,不高三年,1
7810,高三年住,1
7811,三年住西,1
7812,年住西京,1
7813,住西京相,1
7814,西京相府,1
7815,京相府執,1
7816,相府執文,1
7817,府執文柄,1
7818,執文柄念,1
7819,文柄念其,1
7820,柄念其心,1
7821,念其心專,1
7822,其心專精,1
7823,心專精薄,1
7824,專精薄藝,1
7825,精薄藝不,1
7826,薄藝不退,1
7827,藝不退辱,1
7828,不退辱特,1
7829,退辱特列,1
7830,辱特列為,1
7831,特列為門,1
7832,列為門生,1
7833,為門生事,1
7834,門生事出,1
7835,生事出自,1
7836,事出自非,1
7837,出自非意,1
7838,自非意喜,1
7839,非意喜常,1
7840,意喜常少,1
7841,喜常少於,1
7842,常少於驚,1
7843,少於驚春,1
7844,於驚春榜,1
7845,驚春榜四,1
7846,春榜四散,1
7847,榜四散飛,1
7848,四散飛數,1
7849,散飛數日,1
7850,飛數日遍,1
7851,數日遍八,1
7852,日遍八紘,1
7853,遍八紘眼,1
7854,八紘眼始,1
7855,紘眼始見,1
7856,眼始見花,1
7857,始見花發,1
7858,見花發耳,1
7859,花發耳得,1
7860,發耳得聞,1
7861,耳得聞鳥,1
7862,得聞鳥鳴,1
7863,聞鳥鳴免,1
7864,鳥鳴免同,1
7865,鳴免同去,1
7866,免同去年,1
7867,同去年春,1
7868,去年春兀,1
7869,年春兀兀,1
7870,春兀兀聾,1
7871,兀兀聾與,1
7872,兀聾與盲,1
7873,聾與盲家,1
7874,與盲家寄,1
7875,盲家寄河,1
7876,家寄河朔,1
7877,寄河朔間,1
7878,河朔間道,1
7879,朔間道路,1
7880,間道路出,1
7881,道路出陝,1
7882,路出陝城,1
7883,出陝城暌,1
7884,陝城暌違,1
7885,城暌違逾,1
7886,暌違逾十,1
7887,違逾十年,1
7888,逾十年一,1
7889,十年一會,1
7890,年一會豁,1
7891,一會豁素,1
7892,會豁素誠,1
7893,豁素誠同,1
7894,素誠同遊,1
7895,誠同遊山,1
7896,同遊山水,1
7897,遊山水窮,1
7898,山水窮狂,1
7899,水窮狂飲,1
7900,窮狂飲飛,1
7901,狂飲飛大,1
7902,飲飛大觥,1
7903,飛大觥起,1
7904,大觥起坐,1
7905,觥起坐不,1
7906,起坐不相,1
7907,坐不相離,1
7908,不相離有,1
7909,相離有若,1
7910,離有若親,1
7911,有若親弟,1
7912,若親弟兄,1
7913,親弟兄中,1
7914,弟兄中外,1
7915,兄中外無,1
7916,中外無親,1
7917,外無親疏,1
7918,無親疏所,1
7919,親疏所算,1
7920,疏所算在,1
7921,所算在其,1
7922,算在其情,1
7923,在其情久,1
7924,其情久客,1
7925,情久客貴,1
7926,久客貴優,1
7927,客貴優饒,1
7928,貴優饒一,1
7929,優饒一醉,1
7930,饒一醉舊,1
7931,一醉舊疾,1
7932,醉舊疾平,1
7933,舊疾平家,1
7934,疾平家遠,1
7935,平家遠歸,1
7936,家遠歸思,1
7937,遠歸思切,1
7938,歸思切風,1
7939,思切風雨,1
7940,切風雨甚,1
7941,風雨甚亦,1
7942,雨甚亦行,1
7943,甚亦行到,1
7944,亦行到茲,1
7945,行到茲戀,1
7946,到茲戀仁,1
7947,茲戀仁賢,1
7948,戀仁賢淹,1
7949,仁賢淹滯,1
7950,賢淹滯一,1
7951,淹滯一月,1
7952,滯一月程,1
7953,一月程新,1
7954,月程新詩,1
7955,程新詩忽,1
7956,新詩忽見,1
7957,詩忽見示,1
7958,忽見示氣,1
7959,見示氣逸,1
7960,示氣逸言,1
7961,氣逸言縱,1
7962,逸言縱橫,1
7963,言縱橫纏,1
7964,縱橫纏綿,1
7965,橫纏綿意,1
7966,纏綿意千,1
7967,綿意千里,1
7968,意千里騷,1
7969,千里騷雅,1
7970,里騷雅文,1
7971,騷雅文發,1
7972,雅文發明,1
7973,文發明永,1
7974,發明永晝,1
7975,明永晝吟,1
7976,永晝吟不,1
7977,晝吟不休,1
7978,吟不休咽,1
7979,不休咽喉,1
7980,休咽喉幹,1
7981,咽喉幹無,1
7982,喉幹無聲,1
7983,幹無聲羈,1
7984,無聲羈貧,1
7985,聲羈貧重,1
7986,羈貧重金,1
7987,貧重金玉,1
7988,重金玉今,1
7989,金玉今日,1
7990,玉今日金,1
7991,今日金玉,1
7992,日金玉輕,1
7993,金玉輕幾,1
7994,玉輕幾歲,1
7995,輕幾歲亂,1
7996,幾歲亂軍,1
7997,歲亂軍裏,1
7998,亂軍裏蔣,1
7999,軍裏蔣亭,1
8000,裏蔣亭名,1
8001,蔣亭名不,1
8002,亭名不銷,1
8003,名不銷無,1
8004,不銷無人,1
8005,銷無人知,1
8006,無人知舊,1
8007,人知舊徑,1
8008,知舊徑有,1
8009,舊徑有藥,1
8010,徑有藥長,1
8011,有藥長新,1
8012,藥長新苗,1
8013,長新苗樹,1
8014,新苗樹宿,1
8015,苗樹宿山,1
8016,樹宿山禽,1
8017,宿山禽靜,1
8018,山禽靜池,1
8019,禽靜池通,1
8020,靜池通野,1
8021,池通野水,1
8022,通野水遙,1
8023,野水遙何,1
8024,水遙何因,1
8025,遙何因同,1
8026,何因同此,1
8027,因同此醉,1
8028,同此醉永,1
8029,此醉永望,1
8030,醉永望思,1
8031,永望思蕭,1
8032,望思蕭條,1
8033,思蕭條獨,1
8034,蕭條獨在,1
8035,條獨在山,1
8036,獨在山阿,1
8037,在山阿裏,1
8038,山阿裏朝,1
8039,阿裏朝朝,1
8040,裏朝朝遂,1
8041,朝朝遂性,1
8042,朝遂性情,1
8043,遂性情曉,1
8044,性情曉泉,1
8045,情曉泉和,1
8046,曉泉和雨,1
8047,泉和雨落,1
8048,和雨落秋,1
8049,雨落秋草,1
8050,落秋草上,1
8051,秋草上階,1
8052,草上階生,1
8053,上階生因,1
8054,階生因客,1
8055,生因客始,1
8056,因客始沽,1
8057,客始沽酒,1
8058,始沽酒借,1
8059,沽酒借書,1
8060,酒借書方,1
8061,借書方到,1
8062,書方到城,1
8063,方到城詩,1
8064,到城詩情,1
8065,城詩情聊,1
8066,詩情聊自,1
8067,情聊自遣,1
8068,聊自遣不,1
8069,自遣不是,1
8070,遣不是趁,1
8071,不是趁聲,1
8072,是趁聲名,1
8073,趁聲名不,1
8074,聲名不得,1
8075,名不得之,1
8076,不得之仁,1
8077,得之仁消,1
8078,之仁消息,1
8079,仁消息久,1
8080,消息久秋,1
8081,息久秋來,1
8082,久秋來體,1
8083,秋來體色,1
8084,來體色複,1
8085,體色複何,1
8086,色複何如,1
8087,複何如苦,1
8088,何如苦將,1
8089,如苦將杯,1
8090,苦將杯酒,1
8091,將杯酒判,1
8092,杯酒判身,1
8093,酒判身病,1
8094,判身病狂,1
8095,身病狂作,1
8096,病狂作文,1
8097,狂作文章,1
8098,作文章信,1
8099,文章信手,1
8100,章信手書,1
8101,信手書官,1
8102,手書官職,1
8103,書官職卑,1
8104,官職卑微,1
8105,職卑微從,1
8106,卑微從客,1
8107,微從客笑,1
8108,從客笑性,1
8109,客笑性靈,1
8110,笑性靈閑,1
8111,性靈閑野,1
8112,靈閑野向,1
8113,閑野向錢,1
8114,野向錢疏,1
8115,向錢疏幾,1
8116,錢疏幾時,1
8117,疏幾時身,1
8118,幾時身計,1
8119,時身計渾,1
8120,身計渾無,1
8121,計渾無事,1
8122,渾無事揀,1
8123,無事揀取,1
8124,事揀取深,1
8125,揀取深山,1
8126,取深山一,1
8127,深山一處,1
8128,山一處居,1
8129,一處居蟬,1
8130,處居蟬稀,1
8131,居蟬稀蟲,1
8132,蟬稀蟲唧,1
8133,稀蟲唧唧,1
8134,蟲唧唧露,1
8135,唧唧露重,1
8136,唧露重思,1
8137,露重思悠,1
8138,重思悠悠,1
8139,思悠悠靜,1
8140,悠悠靜者,1
8141,悠靜者多,1
8142,靜者多便,1
8143,者多便夜,1
8144,多便夜豪,1
8145,便夜豪家,1
8146,夜豪家不,1
8147,豪家不見,1
8148,家不見秋,1
8149,不見秋同,1
8150,見秋同歸,1
8151,秋同歸方,1
8152,同歸方欲,1
8153,歸方欲就,1
8154,方欲就微,1
8155,欲就微恙,1
8156,就微恙幾,1
8157,微恙幾時,1
8158,恙幾時瘳,1
8159,幾時瘳今,1
8160,時瘳今日,1
8161,瘳今日滄,1
8162,今日滄江,1
8163,日滄江上,1
8164,滄江上何,1
8165,江上何人,1
8166,上何人理,1
8167,何人理釣,1
8168,人理釣舟,1
8169,理釣舟路,1
8170,釣舟路岐,1
8171,舟路岐何,1
8172,路岐何渺,1
8173,岐何渺邈,1
8174,何渺邈在,1
8175,渺邈在客,1
8176,邈在客易,1
8177,在客易蹉,1
8178,客易蹉跎,1
8179,易蹉跎卻,1
8180,蹉跎卻是,1
8181,跎卻是去,1
8182,卻是去家,1
8183,是去家遠,1
8184,去家遠因,1
8185,家遠因循,1
8186,遠因循住,1
8187,因循住日,1
8188,循住日多,1
8189,住日多幾,1
8190,日多幾看,1
8191,多幾看春,1
8192,幾看春草,1
8193,看春草綠,1
8194,春草綠又,1
8195,草綠又見,1
8196,綠又見塞,1
8197,又見塞鴻,1
8198,見塞鴻過,1
8199,塞鴻過未,1
8200,鴻過未有,1
8201,過未有進,1
8202,未有進身,1
8203,有進身處,1
8204,進身處忍,1
8205,身處忍教,1
8206,處忍教拋,1
8207,忍教拋薜,1
8208,教拋薜蘿,1
8209,拋薜蘿日,1
8210,薜蘿日暮,1
8211,蘿日暮掩,1
8212,日暮掩重,1
8213,暮掩重扉,1
8214,掩重扉抽,1
8215,重扉抽簪,1
8216,扉抽簪複,1
8217,抽簪複解,1
8218,簪複解衣,1
8219,複解衣漏,1
8220,解衣漏聲,1
8221,衣漏聲林,1
8222,漏聲林下,1
8223,聲林下靜,1
8224,林下靜螢,1
8225,下靜螢色,1
8226,靜螢色月,1
8227,螢色月中,1
8228,色月中微,1
8229,月中微秋,1
8230,中微秋霽,1
8231,微秋霽露,1
8232,秋霽露華,1
8233,霽露華結,1
8234,露華結夜,1
8235,華結夜深,1
8236,結夜深人,1
8237,夜深人語,1
8238,深人語稀,1
8239,人語稀殷,1
8240,語稀殷勤,1
8241,稀殷勤故,1
8242,殷勤故山,1
8243,勤故山路,1
8244,故山路誰,1
8245,山路誰與,1
8246,路誰與我,1
8247,誰與我同,1
8248,與我同歸,1
8249,我同歸窮,1
8250,同歸窮節,1
8251,歸窮節彌,1
8252,窮節彌慘,1
8253,節彌慘栗,1
8254,彌慘栗我,1
8255,慘栗我詎,1
8256,栗我詎自,1
8257,我詎自雲,1
8258,詎自雲樂,1
8259,自雲樂伊,1
8260,雲樂伊人,1
8261,樂伊人嬰,1
8262,伊人嬰疾,1
8263,人嬰疾恙,1
8264,嬰疾恙所,1
8265,疾恙所對,1
8266,恙所對唯,1
8267,所對唯苦,1
8268,對唯苦藥,1
8269,唯苦藥寂,1
8270,苦藥寂寞,1
8271,藥寂寞行,1
8272,寂寞行稍,1
8273,寞行稍稀,1
8274,行稍稀清,1
8275,稍稀清羸,1
8276,稀清羸餐,1
8277,清羸餐自,1
8278,羸餐自薄,1
8279,餐自薄幽,1
8280,自薄幽齋,1
8281,薄幽齋外,1
8282,幽齋外浮,1
8283,齋外浮事,1
8284,外浮事夢,1
8285,浮事夢寐,1
8286,事夢寐亦,1
8287,夢寐亦簡,1
8288,寐亦簡略,1
8289,亦簡略雪,1
8290,簡略雪戶,1
8291,略雪戶掩,1
8292,雪戶掩複,1
8293,戶掩複明,1
8294,掩複明風,1
8295,複明風簾,1
8296,明風簾卷,1
8297,風簾卷還,1
8298,簾卷還落,1
8299,卷還落方,1
8300,還落方持,1
8301,落方持數,1
8302,方持數杯,1
8303,持數杯酒,1
8304,數杯酒勉,1
8305,杯酒勉子,1
8306,酒勉子同,1
8307,勉子同斟,1
8308,子同斟酌,1
8309,同斟酌白,1
8310,斟酌白石,1
8311,酌白石師,1
8312,白石師何,1
8313,石師何在,1
8314,師何在師,1
8315,何在師禪,1
8316,在師禪白,1
8317,師禪白石,1
8318,禪白石中,1
8319,白石中無,1
8320,石中無情,1
8321,中無情雲,1
8322,無情雲可,1
8323,情雲可比,1
8324,雲可比不,1
8325,可比不食,1
8326,比不食鳥,1
8327,不食鳥難,1
8328,食鳥難同,1
8329,鳥難同屨,1
8330,難同屨下,1
8331,同屨下蒼,1
8332,屨下蒼苔,1
8333,下蒼苔雪,1
8334,蒼苔雪龕,1
8335,苔雪龕前,1
8336,雪龕前瀑,1
8337,龕前瀑布,1
8338,前瀑布風,1
8339,瀑布風相,1
8340,布風相尋,1
8341,風相尋未,1
8342,相尋未有,1
8343,尋未有計,1
8344,未有計只,1
8345,有計只是,1
8346,計只是禮,1
8347,只是禮虛,1
8348,是禮虛空,1
8349,禮虛空疏,1
8350,虛空疏拙,1
8351,空疏拙只,1
8352,疏拙只如,1
8353,拙只如此,1
8354,只如此此,1
8355,如此此身,1
8356,此此身誰,1
8357,此身誰與,1
8358,身誰與同,1
8359,誰與同高,1
8360,與同高情,1
8361,同高情向,1
8362,高情向酒,1
8363,情向酒上,1
8364,向酒上無,1
8365,酒上無事,1
8366,上無事在,1
8367,無事在山,1
8368,事在山中,1
8369,在山中漸,1
8370,山中漸老,1
8371,中漸老病,1
8372,漸老病難,1
8373,老病難理,1
8374,病難理久,1
8375,難理久貧,1
8376,理久貧吟,1
8377,久貧吟益,1
8378,貧吟益空,1
8379,吟益空賴,1
8380,益空賴君,1
8381,空賴君時,1
8382,賴君時訪,1
8383,君時訪宿,1
8384,時訪宿不,1
8385,訪宿不避,1
8386,宿不避北,1
8387,不避北齋,1
8388,避北齋風,1
8389,北齋風晨,1
8390,齋風晨餐,1
8391,風晨餐夜,1
8392,晨餐夜複,1
8393,餐夜複眠,1
8394,夜複眠日,1
8395,複眠日與,1
8396,眠日與月,1
8397,日與月相,1
8398,與月相連,1
8399,月相連天,1
8400,相連天下,1
8401,連天下誰,1
8402,天下誰無,1
8403,下誰無病,1
8404,誰無病人,1
8405,無病人間,1
8406,病人間樂,1
8407,人間樂是,1
8408,間樂是禪,1
8409,樂是禪幾,1
8410,是禪幾生,1
8411,禪幾生通,1
8412,幾生通佛,1
8413,生通佛性,1
8414,通佛性一,1
8415,佛性一室,1
8416,性一室但,1
8417,一室但香,1
8418,室但香煙,1
8419,但香煙結,1
8420,香煙結得,1
8421,煙結得無,1
8422,結得無為,1
8423,得無為社,1
8424,無為社還,1
8425,為社還應,1
8426,社還應有,1
8427,還應有宿,1
8428,應有宿緣,1
8429,有宿緣不,1
8430,宿緣不行,1
8431,緣不行門,1
8432,不行門外,1
8433,行門外地,1
8434,門外地齋,1
8435,外地齋戒,1
8436,地齋戒得,1
8437,齋戒得清,1
8438,戒得清真,1
8439,得清真長,1
8440,清真長食,1
8441,真長食施,1
8442,長食施來,1
8443,食施來飯,1
8444,施來飯深,1
8445,來飯深居,1
8446,飯深居鎖,1
8447,深居鎖定,1
8448,居鎖定身,1
8449,鎖定身朝,1
8450,定身朝昏,1
8451,身朝昏常,1
8452,朝昏常傍,1
8453,昏常傍佛,1
8454,常傍佛起,1
8455,傍佛起坐,1
8456,佛起坐省,1
8457,起坐省逢,1
8458,坐省逢人,1
8459,省逢人非,1
8460,逢人非獨,1
8461,人非獨心,1
8462,非獨心常,1
8463,獨心常淨,1
8464,心常淨衣,1
8465,常淨衣無,1
8466,淨衣無一,1
8467,衣無一點,1
8468,無一點塵,1
8469,一點塵縣,1
8470,點塵縣齋,1
8471,塵縣齋還,1
8472,縣齋還寂,1
8473,齋還寂寞,1
8474,還寂寞夕,1
8475,寂寞夕雨,1
8476,寞夕雨洗,1
8477,夕雨洗蒼,1
8478,雨洗蒼苔,1
8479,洗蒼苔清,1
8480,蒼苔清氣,1
8481,苔清氣燈,1
8482,清氣燈微,1
8483,氣燈微潤,1
8484,燈微潤寒,1
8485,微潤寒聲,1
8486,潤寒聲竹,1
8487,寒聲竹共,1
8488,聲竹共來,1
8489,竹共來蟲,1
8490,共來蟲移,1
8491,來蟲移上,1
8492,蟲移上階,1
8493,移上階近,1
8494,上階近客,1
8495,階近客起,1
8496,近客起到,1
8497,客起到門,1
8498,起到門回,1
8499,到門回想,1
8500,門回想得,1
8501,回想得吟,1
8502,想得吟詩,1
8503,得吟詩處,1
8504,吟詩處唯,1
8505,詩處唯應,1
8506,處唯應對,1
8507,唯應對酒,1
8508,應對酒杯,1
8509,對酒杯別,1
8510,酒杯別君,1
8511,杯別君須,1
8512,別君須臾,1
8513,君須臾間,1
8514,須臾間曆,1
8515,臾間曆日,1
8516,間曆日兩,1
8517,曆日兩度,1
8518,日兩度新,1
8519,兩度新念,1
8520,度新念彼,1
8521,新念彼白,1
8522,念彼白日,1
8523,彼白日長,1
8524,白日長複,1
8525,日長複值,1
8526,長複值人,1
8527,複值人事,1
8528,值人事並,1
8529,人事並未,1
8530,事並未改,1
8531,並未改當,1
8532,未改當時,1
8533,改當時居,1
8534,當時居心,1
8535,時居心事,1
8536,居心事如,1
8537,心事如野,1
8538,事如野雲,1
8539,如野雲朝,1
8540,野雲朝朝,1
8541,雲朝朝恣,1
8542,朝朝恣行,1
8543,朝恣行坐,1
8544,恣行坐百,1
8545,行坐百事,1
8546,坐百事都,1
8547,百事都不,1
8548,事都不聞,1
8549,都不聞奈,1
8550,不聞奈何,1
8551,聞奈何道,1
8552,奈何道未,1
8553,何道未盡,1
8554,道未盡出,1
8555,未盡出山,1
8556,盡出山最,1
8557,出山最艱,1
8558,山最艱辛,1
8559,最艱辛奔,1
8560,艱辛奔走,1
8561,辛奔走衢,1
8562,奔走衢路,1
8563,走衢路間,1
8564,衢路間四,1
8565,路間四枝,1
8566,間四枝不,1
8567,四枝不屬,1
8568,枝不屬身,1
8569,不屬身名,1
8570,屬身名在,1
8571,身名在進,1
8572,名在進士,1
8573,在進士場,1
8574,進士場筆,1
8575,士場筆毫,1
8576,場筆毫爭,1
8577,筆毫爭等,1
8578,毫爭等倫,1
8579,爭等倫我,1
8580,等倫我性,1
8581,倫我性本,1
8582,我性本樸,1
8583,性本樸直,1
8584,本樸直詞,1
8585,樸直詞理,1
8586,直詞理安,1
8587,詞理安得,1
8588,理安得文,1
8589,安得文縱,1
8590,得文縱然,1
8591,文縱然自,1
8592,縱然自稱,1
8593,然自稱心,1
8594,自稱心又,1
8595,稱心又不,1
8596,心又不合,1
8597,又不合眾,1
8598,不合眾人,1
8599,合眾人以,1
8600,眾人以此,1
8601,人以此名,1
8602,以此名字,1
8603,此名字低,1
8604,名字低不,1
8605,字低不如,1
8606,低不如風,1
8607,不如風中,1
8608,如風中塵,1
8609,風中塵昨,1
8610,中塵昨逢,1
8611,塵昨逢賣,1
8612,昨逢賣藥,1
8613,逢賣藥客,1
8614,賣藥客雲,1
8615,藥客雲是,1
8616,客雲是居,1
8617,雲是居山,1
8618,是居山鄰,1
8619,居山鄰說,1
8620,山鄰說君,1
8621,鄰說君憶,1
8622,說君憶我,1
8623,君憶我心,1
8624,憶我心憔,1
8625,我心憔悴,1
8626,心憔悴其,1
8627,憔悴其形,1
8628,悴其形神,1
8629,其形神昔,1
8630,形神昔是,1
8631,神昔是同,1
8632,昔是同枝,1
8633,是同枝鳥,1
8634,同枝鳥今,1
8635,枝鳥今作,1
8636,鳥今作萬,1
8637,今作萬里,1
8638,作萬里分,1
8639,萬里分萬,1
8640,里分萬里,1
8641,分萬里亦,1
8642,萬里亦未,1
8643,里亦未遙,1
8644,亦未遙喧,1
8645,未遙喧靜,1
8646,遙喧靜終,1
8647,喧靜終難,1
8648,靜終難群,1
8649,終難群羈,1
8650,難群羈滯,1
8651,群羈滯多,1
8652,羈滯多共,1
8653,滯多共趣,1
8654,多共趣屢,1
8655,共趣屢屢,1
8656,趣屢屢同,1
8657,屢屢同室,1
8658,屢同室眠,1
8659,同室眠稍,1
8660,室眠稍暇,1
8661,眠稍暇更,1
8662,稍暇更訪,1
8663,暇更訪詣,1
8664,更訪詣寧,1
8665,訪詣寧唯,1
8666,詣寧唯候,1
8667,寧唯候招,1
8668,唯候招延,1
8669,候招延愧,1
8670,招延愧君,1
8671,延愧君備,1
8672,愧君備蔬,1
8673,君備蔬藥,1
8674,備蔬藥識,1
8675,蔬藥識我,1
8676,藥識我性,1
8677,識我性所,1
8678,我性所便,1
8679,性所便罷,1
8680,所便罷吏,1
8681,便罷吏童,1
8682,罷吏童僕,1
8683,吏童僕去,1
8684,童僕去灑,1
8685,僕去灑掃,1
8686,去灑掃或,1
8687,灑掃或自,1
8688,掃或自專,1
8689,或自專古,1
8690,自專古巷,1
8691,專古巷人,1
8692,古巷人易,1
8693,巷人易息,1
8694,人易息疏,1
8695,易息疏迥,1
8696,息疏迥自,1
8697,疏迥自江,1
8698,迥自江邊,1
8699,自江邊幸,1
8700,江邊幸當,1
8701,邊幸當中,1
8702,幸當中秋,1
8703,當中秋夕,1
8704,中秋夕複,1
8705,秋夕複此,1
8706,夕複此無,1
8707,複此無雲,1
8708,此無雲天,1
8709,無雲天月,1
8710,雲天月華,1
8711,天月華更,1
8712,月華更漏,1
8713,華更漏清,1
8714,更漏清露,1
8715,漏清露葉,1
8716,清露葉光,1
8717,露葉光彩,1
8718,葉光彩鮮,1
8719,光彩鮮四,1
8720,彩鮮四鄰,1
8721,鮮四鄰亦,1
8722,四鄰亦悄,1
8723,鄰亦悄悄,1
8724,亦悄悄中,1
8725,悄悄中懷,1
8726,悄中懷益,1
8727,中懷益纏,1
8728,懷益纏綿,1
8729,益纏綿茲,1
8730,纏綿茲境,1
8731,綿茲境罕,1
8732,茲境罕能,1
8733,境罕能致,1
8734,罕能致居,1
8735,能致居閑,1
8736,致居閑得,1
8737,居閑得彌,1
8738,閑得彌偏,1
8739,得彌偏數,1
8740,彌偏數杯,1
8741,偏數杯罷,1
8742,數杯罷複,1
8743,杯罷複飲,1
8744,罷複飲共,1
8745,複飲共想,1
8746,飲共想山,1
8747,共想山中,1
8748,想山中年,1
8749,山中年將,1
8750,中年將軍,1
8751,年將軍身,1
8752,將軍身在,1
8753,軍身在城,1
8754,身在城詎,1
8755,在城詎得,1
8756,城詎得虜,1
8757,詎得虜塵,1
8758,得虜塵清,1
8759,虜塵清釀,1
8760,塵清釀酒,1
8761,清釀酒邀,1
8762,釀酒邀閑,1
8763,酒邀閑客,1
8764,邀閑客吟,1
8765,閑客吟詩,1
8766,客吟詩直,1
8767,吟詩直禁,1
8768,詩直禁營,1
8769,直禁營蒼,1
8770,禁營蒼鷹,1
8771,營蒼鷹春,1
8772,蒼鷹春不,1
8773,鷹春不下,1
8774,春不下戰,1
8775,不下戰馬,1
8776,下戰馬夜,1
8777,戰馬夜空,1
8778,馬夜空鳴,1
8779,夜空鳴碣,1
8780,空鳴碣石,1
8781,鳴碣石應,1
8782,碣石應無,1
8783,石應無業,1
8784,應無業皇,1
8785,無業皇州,1
8786,業皇州獨,1
8787,皇州獨有,1
8788,州獨有名,1
8789,獨有名上,1
8790,有名上山,1
8791,名上山嫌,1
8792,上山嫌髀,1
8793,山嫌髀重,1
8794,嫌髀重拔,1
8795,髀重拔劍,1
8796,重拔劍歎,1
8797,拔劍歎衣,1
8798,劍歎衣生,1
8799,歎衣生公,1
8800,衣生公議,1
8801,生公議今,1
8802,公議今如,1
8803,議今如此,1
8804,今如此登,1
8805,如此登壇,1
8806,此登壇到,1
8807,登壇到即,1
8808,壇到即行,1
8809,到即行會,1
8810,即行會解,1
8811,行會解如,1
8812,會解如來,1
8813,解如來意,1
8814,如來意僧,1
8815,來意僧家,1
8816,意僧家獨,1
8817,僧家獨有,1
8818,家獨有君,1
8819,獨有君開,1
8820,有君開經,1
8821,君開經對,1
8822,開經對天,1
8823,經對天子,1
8824,對天子騎,1
8825,天子騎馬,1
8826,子騎馬過,1
8827,騎馬過聲,1
8828,馬過聲聞,1
8829,過聲聞本,1
8830,聲聞本寺,1
8831,聞本寺遠,1
8832,本寺遠於,1
8833,寺遠於日,1
8834,遠於日新,1
8835,於日新詩,1
8836,日新詩高,1
8837,新詩高似,1
8838,詩高似雲,1
8839,高似雲熱,1
8840,似雲熱時,1
8841,雲熱時吟,1
8842,熱時吟一,1
8843,時吟一句,1
8844,吟一句涼,1
8845,一句涼冷,1
8846,句涼冷勝,1
8847,涼冷勝秋,1
8848,冷勝秋分,1
8849,勝秋分先,1
8850,秋分先生,1
8851,分先生自,1
8852,先生自說,1
8853,生自說瀛,1
8854,自說瀛洲,1
8855,說瀛洲路,1
8856,瀛洲路多,1
8857,洲路多在,1
8858,路多在青,1
8859,多在青松,1
8860,在青松白,1
8861,青松白石,1
8862,松白石間,1
8863,白石間海,1
8864,石間海岸,1
8865,間海岸夜,1
8866,海岸夜中,1
8867,岸夜中常,1
8868,夜中常見,1
8869,中常見日,1
8870,常見日仙,1
8871,見日仙宮,1
8872,日仙宮深,1
8873,仙宮深處,1
8874,宮深處卻,1
8875,深處卻無,1
8876,處卻無山,1
8877,卻無山犬,1
8878,無山犬隨,1
8879,山犬隨鶴,1
8880,犬隨鶴去,1
8881,隨鶴去游,1
8882,鶴去游諸,1
8883,去游諸洞,1
8884,游諸洞龍,1
8885,諸洞龍作,1
8886,洞龍作人,1
8887,龍作人來,1
8888,作人來問,1
8889,人來問大,1
8890,來問大還,1
8891,問大還今,1
8892,大還今日,1
8893,還今日偶,1
8894,今日偶聞,1
8895,日偶聞塵,1
8896,偶聞塵外,1
8897,聞塵外事,1
8898,塵外事朝,1
8899,外事朝簪,1
8900,事朝簪未,1
8901,朝簪未擲,1
8902,簪未擲複,1
8903,未擲複何,1
8904,擲複何顏,1
8905,複何顏一,1
8906,何顏一住,1
8907,顏一住毗,1
8908,一住毗陵,1
8909,住毗陵寺,1
8910,毗陵寺師,1
8911,陵寺師應,1
8912,寺師應只,1
8913,師應只信,1
8914,應只信緣,1
8915,只信緣院,1
8916,信緣院貧,1
8917,緣院貧人,1
8918,院貧人施,1
8919,貧人施食,1
8920,人施食窗,1
8921,施食窗靜,1
8922,食窗靜鳥,1
8923,窗靜鳥窺,1
8924,靜鳥窺禪,1
8925,鳥窺禪古,1
8926,窺禪古磬,1
8927,禪古磬聲,1
8928,古磬聲難,1
8929,磬聲難盡,1
8930,聲難盡秋,1
8931,難盡秋燈,1
8932,盡秋燈色,1
8933,秋燈色更,1
8934,燈色更鮮,1
8935,色更鮮仍,1
8936,更鮮仍聞,1
8937,鮮仍聞開,1
8938,仍聞開講,1
8939,聞開講日,1
8940,開講日湖,1
8941,講日湖上,1
8942,日湖上少,1
8943,湖上少魚,1
8944,上少魚船,1
8945,少魚船怕,1
8946,魚船怕見,1
8947,船怕見世,1
8948,怕見世間,1
8949,見世間事,1
8950,世間事削,1
8951,間事削頭,1
8952,事削頭披,1
8953,削頭披佛,1
8954,頭披佛衣,1
8955,披佛衣年,1
8956,佛衣年小,1
8957,衣年小未,1
8958,年小未受,1
8959,小未受戒,1
8960,未受戒會,1
8961,受戒會解,1
8962,戒會解如,1
8963,會解如老,1
8964,解如老師,1
8965,如老師天,1
8966,老師天與,1
8967,師天與出,1
8968,天與出家,1
8969,與出家腸,1
8970,出家腸一,1
8971,家腸一食,1
8972,腸一食齋,1
8973,一食齋不,1
8974,食齋不饑,1
8975,齋不饑麻,1
8976,不饑麻履,1
8977,饑麻履踏,1
8978,麻履踏雪,1
8979,履踏雪路,1
8980,踏雪路與,1
8981,雪路與馬,1
8982,路與馬不,1
8983,與馬不肯,1
8984,馬不肯騎,1
8985,不肯騎嫌,1
8986,肯騎嫌我,1
8987,騎嫌我身,1
8988,嫌我身腥,1
8989,我身腥膻,1
8990,身腥膻似,1
8991,腥膻似我,1
8992,膻似我見,1
8993,似我見戎,1
8994,我見戎夷,1
8995,見戎夷彼,1
8996,戎夷彼此,1
8997,夷彼此見,1
8998,彼此見會,1
8999,此見會異,1
9000,見會異對,1
9001,會異對面,1
9002,異對面成,1
9003,對面成別,1
9004,面成別離,1
9005,成別離我,1
9006,別離我師,1
9007,離我師文,1
9008,我師文宣,1
9009,師文宣王,1
9010,文宣王立,1
9011,宣王立教,1
9012,王立教垂,1
9013,立教垂書,1
9014,教垂書詩,1
9015,垂書詩但,1
9016,書詩但全,1
9017,詩但全仁,1
9018,但全仁義,1
9019,全仁義心,1
9020,仁義心自,1
9021,義心自然,1
9022,心自然便,1
9023,自然便慈,1
9024,然便慈悲,1
9025,便慈悲兩,1
9026,慈悲兩教,1
9027,悲兩教大,1
9028,兩教大體,1
9029,教大體同,1
9030,大體同無,1
9031,體同無處,1
9032,同無處辨,1
9033,無處辨是,1
9034,處辨是非,1
9035,辨是非莫,1
9036,是非莫以,1
9037,非莫以衣,1
9038,莫以衣服,1
9039,以衣服別,1
9040,衣服別到,1
9041,服別到頭,1
9042,別到頭不,1
9043,到頭不相,1
9044,頭不相知,1
9045,不相知絕,1
9046,相知絕妙,1
9047,知絕妙江,1
9048,絕妙江南,1
9049,妙江南曲,1
9050,江南曲淒,1
9051,南曲淒涼,1
9052,曲淒涼怨,1
9053,淒涼怨女,1
9054,涼怨女詩,1
9055,怨女詩古,1
9056,女詩古風,1
9057,詩古風無,1
9058,古風無手,1
9059,風無手敵,1
9060,無手敵新,1
9061,手敵新語,1
9062,敵新語是,1
9063,新語是人,1
9064,語是人知,1
9065,是人知飛,1
9066,人知飛動,1
9067,知飛動應,1
9068,飛動應由,1
9069,動應由格,1
9070,應由格功,1
9071,由格功夫,1
9072,格功夫過,1
9073,功夫過卻,1
9074,夫過卻奇,1
9075,過卻奇麟,1
9076,卻奇麟台,1
9077,奇麟台添,1
9078,麟台添集,1
9079,台添集卷,1
9080,添集卷樂,1
9081,集卷樂府,1
9082,卷樂府換,1
9083,樂府換歌,1
9084,府換歌詞,1
9085,換歌詞李,1
9086,歌詞李白,1
9087,詞李白應,1
9088,李白應先,1
9089,白應先拜,1
9090,應先拜劉,1
9091,先拜劉禎,1
9092,拜劉禎必,1
9093,劉禎必自,1
9094,禎必自疑,1
9095,必自疑貧,1
9096,自疑貧須,1
9097,疑貧須君,1
9098,貧須君子,1
9099,須君子救,1
9100,君子救病,1
9101,子救病合,1
9102,救病合國,1
9103,病合國家,1
9104,合國家醫,1
9105,國家醫野,1
9106,家醫野客,1
9107,醫野客開,1
9108,野客開山,1
9109,客開山借,1
9110,開山借鄰,1
9111,山借鄰僧,1
9112,借鄰僧與,1
9113,鄰僧與米,1
9114,僧與米炊,1
9115,與米炊甘,1
9116,米炊甘貧,1
9117,炊甘貧辭,1
9118,甘貧辭聘,1
9119,貧辭聘幣,1
9120,辭聘幣依,1
9121,聘幣依選,1
9122,幣依選受,1
9123,依選受官,1
9124,選受官資,1
9125,受官資多,1
9126,官資多見,1
9127,資多見愁,1
9128,多見愁連,1
9129,見愁連曉,1
9130,愁連曉稀,1
9131,連曉稀聞,1
9132,曉稀聞債,1
9133,稀聞債盡,1
9134,聞債盡時,1
9135,債盡時聖,1
9136,盡時聖朝,1
9137,時聖朝文,1
9138,聖朝文物,1
9139,朝文物盛,1
9140,文物盛太,1
9141,物盛太祝,1
9142,盛太祝獨,1
9143,太祝獨低,1
9144,祝獨低眉,1
9145,獨低眉繞,1
9146,低眉繞籬,1
9147,眉繞籬栽,1
9148,繞籬栽杏,1
9149,籬栽杏種,1
9150,栽杏種黃,1
9151,杏種黃精,1
9152,種黃精曉,1
9153,黃精曉侍,1
9154,精曉侍爐,1
9155,曉侍爐煙,1
9156,侍爐煙暮,1
9157,爐煙暮出,1
9158,煙暮出城,1
9159,暮出城萬,1
9160,出城萬事,1
9161,城萬事將,1
9162,萬事將身,1
9163,事將身求,1
9164,將身求總,1
9165,身求總易,1
9166,求總易學,1
9167,總易學君,1
9168,易學君難,1
9169,學君難得,1
9170,君難得是,1
9171,難得是長,1
9172,得是長生,1
9173,是長生久,1
9174,長生久向,1
9175,生久向空,1
9176,久向空門,1
9177,向空門隱,1
9178,空門隱交,1
9179,門隱交親,1
9180,隱交親亦,1
9181,交親亦不,1
9182,親亦不知,1
9183,亦不知文,1
9184,不知文高,1
9185,知文高輕,1
9186,文高輕古,1
9187,高輕古意,1
9188,輕古意官,1
9189,古意官冷,1
9190,意官冷似,1
9191,官冷似前,1
9192,冷似前資,1
9193,似前資老,1
9194,前資老覺,1
9195,資老覺僧,1
9196,老覺僧齋,1
9197,覺僧齋健,1
9198,僧齋健貧,1
9199,齋健貧還,1
9200,健貧還酒,1
9201,貧還酒債,1
9202,還酒債遲,1
9203,酒債遲仙,1
9204,債遲仙方,1
9205,遲仙方小,1
9206,仙方小字,1
9207,方小字寫,1
9208,小字寫行,1
9209,字寫行坐,1
9210,寫行坐把,1
9211,行坐把相,1
9212,坐把相隨,1
9213,把相隨憲,1
9214,相隨憲皇,1
9215,隨憲皇十,1
9216,憲皇十一,1
9217,皇十一祀,1
9218,十一祀共,1
9219,一祀共得,1
9220,祀共得春,1
9221,共得春闈,1
9222,得春闈書,1
9223,春闈書道,1
9224,闈書道直,1
9225,書道直淹,1
9226,道直淹曹,1
9227,直淹曹掾,1
9228,淹曹掾命,1
9229,曹掾命通,1
9230,掾命通侍,1
9231,命通侍玉,1
9232,通侍玉除,1
9233,侍玉除浮,1
9234,玉除浮生,1
9235,除浮生年,1
9236,浮生年月,1
9237,生年月促,1
9238,年月促九,1
9239,月促九陌,1
9240,促九陌笑,1
9241,九陌笑言,1
9242,陌笑言疏,1
9243,笑言疏何,1
9244,言疏何計,1
9245,疏何計同,1
9246,何計同歸,1
9247,計同歸去,1
9248,同歸去滄,1
9249,歸去滄江,1
9250,去滄江有,1
9251,滄江有弊,1
9252,江有弊廬,1
9253,有弊廬自,1
9254,弊廬自君,1
9255,廬自君離,1
9256,自君離海,1
9257,君離海上,1
9258,離海上垂,1
9259,海上垂釣,1
9260,上垂釣更,1
9261,垂釣更何,1
9262,釣更何人,1
9263,更何人獨,1
9264,何人獨宿,1
9265,人獨宿空,1
9266,獨宿空堂,1
9267,宿空堂雨,1
9268,空堂雨閑,1
9269,堂雨閑行,1
9270,雨閑行九,1
9271,閑行九陌,1
9272,行九陌塵,1
9273,九陌塵避,1
9274,陌塵避時,1
9275,塵避時曾,1
9276,避時曾變,1
9277,時曾變姓,1
9278,曾變姓救,1
9279,變姓救難,1
9280,姓救難似,1
9281,救難似嫌,1
9282,難似嫌身,1
9283,似嫌身何,1
9284,嫌身何處,1
9285,身何處相,1
9286,何處相期,1
9287,處相期宿,1
9288,相期宿咸,1
9289,期宿咸陽,1
9290,宿咸陽酒,1
9291,咸陽酒市,1
9292,陽酒市春,1
9293,酒市春西,1
9294,市春西方,1
9295,春西方清,1
9296,西方清淨,1
9297,方清淨路,1
9298,清淨路此,1
9299,淨路此路,1
9300,路此路出,1
9301,此路出何,1
9302,路出何門,1
9303,出何門見,1
9304,何門見說,1
9305,門見說師,1
9306,見說師知,1
9307,說師知處,1
9308,師知處從,1
9309,知處從來,1
9310,處從來佛,1
9311,從來佛不,1
9312,來佛不言,1
9313,佛不言今,1
9314,不言今生,1
9315,言今生多,1
9316,今生多病,1
9317,生多病惱,1
9318,多病惱自,1
9319,病惱自曉,1
9320,惱自曉至,1
9321,自曉至黃,1
9322,曉至黃昏,1
9323,至黃昏唯,1
9324,黃昏唯寐,1
9325,昏唯寐方,1
9326,唯寐方無,1
9327,寐方無事,1
9328,方無事那,1
9329,無事那堪,1
9330,事那堪夢,1
9331,那堪夢亦,1
9332,堪夢亦喧,1
9333,夢亦喧先,1
9334,亦喧先生,1
9335,喧先生居,1
9336,先生居處,1
9337,生居處僻,1
9338,居處僻荊,1
9339,處僻荊棘,1
9340,僻荊棘與,1
9341,荊棘與牆,1
9342,棘與牆齊,1
9343,與牆齊酒,1
9344,牆齊酒好,1
9345,齊酒好寧,1
9346,酒好寧論,1
9347,好寧論價,1
9348,寧論價詩,1
9349,論價詩狂,1
9350,價詩狂不,1
9351,詩狂不著,1
9352,狂不著題,1
9353,不著題燒,1
9354,著題燒成,1
9355,題燒成度,1
9356,燒成度世,1
9357,成度世藥,1
9358,度世藥踏,1
9359,世藥踏盡,1
9360,藥踏盡上,1
9361,踏盡上山,1
9362,盡上山梯,1
9363,上山梯懶,1
9364,山梯懶聽,1
9365,梯懶聽閒,1
9366,懶聽閒人,1
9367,聽閒人語,1
9368,閒人語爭,1
9369,人語爭如,1
9370,語爭如穀,1
9371,爭如穀鳥,1
9372,如穀鳥啼,1
9373,穀鳥啼只,1
9374,鳥啼只辮,1
9375,啼只辮麻,1
9376,只辮麻為,1
9377,辮麻為衲,1
9378,麻為衲此,1
9379,為衲此中,1
9380,衲此中經,1
9381,此中經幾,1
9382,中經幾春,1
9383,經幾春庵,1
9384,幾春庵前,1
9385,春庵前多,1
9386,庵前多猛,1
9387,前多猛獸,1
9388,多猛獸徑,1
9389,猛獸徑小,1
9390,獸徑小絕,1
9391,徑小絕行,1
9392,小絕行人,1
9393,絕行人泉,1
9394,行人泉近,1
9395,人泉近濆,1
9396,泉近濆瓶,1
9397,近濆瓶履,1
9398,濆瓶履山,1
9399,瓶履山深,1
9400,履山深少,1
9401,山深少垢,1
9402,深少垢塵,1
9403,少垢塵想,1
9404,垢塵想師,1
9405,塵想師正,1
9406,想師正法,1
9407,師正法指,1
9408,正法指喻,1
9409,法指喻我,1
9410,指喻我獨,1
9411,喻我獨迷,1
9412,我獨迷津,1
9413,獨迷津賢,1
9414,迷津賢哲,1
9415,津賢哲論,1
9416,賢哲論獨,1
9417,哲論獨誕,1
9418,論獨誕吾,1
9419,獨誕吾宗,1
9420,誕吾宗次,1
9421,吾宗次定,1
9422,宗次定今,1
9423,次定今詩,1
9424,定今詩吟,1
9425,今詩吟天,1
9426,詩吟天地,1
9427,吟天地廣,1
9428,天地廣覺,1
9429,地廣覺印,1
9430,廣覺印果,1
9431,覺印果因,1
9432,印果因深,1
9433,果因深教,1
9434,因深教演,1
9435,深教演歸,1
9436,教演歸恭,1
9437,演歸恭敬,1
9438,歸恭敬名,1
9439,恭敬名標,1
9440,敬名標中,1
9441,名標中外,1
9442,標中外欽,1
9443,中外欽既,1
9444,外欽既能,1
9445,欽既能施,1
9446,既能施六,1
9447,能施六度,1
9448,施六度了,1
9449,六度了悟,1
9450,度了悟達,1
9451,了悟達雙,1
9452,悟達雙林,1
9453,達雙林七,1
9454,雙林七十,1
9455,林七十未,1
9456,七十未成,1
9457,十未成事,1
9458,未成事終,1
9459,成事終南,1
9460,事終南蒼,1
9461,終南蒼鬢,1
9462,南蒼鬢翁,1
9463,蒼鬢翁老,1
9464,鬢翁老來,1
9465,翁老來詩,1
9466,老來詩興,1
9467,來詩興苦,1
9468,詩興苦貧,1
9469,興苦貧去,1
9470,苦貧去酒,1
9471,貧去酒腸,1
9472,去酒腸空,1
9473,酒腸空蟠,1
9474,腸空蟠蟄,1
9475,空蟠蟄身,1
9476,蟠蟄身仍,1
9477,蟄身仍病,1
9478,身仍病鵬,1
9479,仍病鵬摶,1
9480,病鵬摶力,1
9481,鵬摶力未,1
9482,摶力未通,1
9483,力未通已,1
9484,未通已無,1
9485,通已無燒,1
9486,已無燒藥,1
9487,無燒藥本,1
9488,燒藥本唯,1
9489,藥本唯有,1
9490,本唯有著,1
9491,唯有著書,1
9492,有著書功,1
9493,著書功白,1
9494,書功白馬,1
9495,功白馬時,1
9496,白馬時何,1
9497,馬時何晚,1
9498,時何晚青,1
9499,何晚青龍,1
9500,晚青龍歲,1
9501,青龍歲欲,1
9502,龍歲欲終,1
9503,歲欲終生,1
9504,欲終生涯,1
9505,終生涯枯,1
9506,生涯枯葉,1
9507,涯枯葉下,1
9508,枯葉下家,1
9509,葉下家口,1
9510,下家口亂,1
9511,家口亂雲,1
9512,口亂雲中,1
9513,亂雲中潭,1
9514,雲中潭靜,1
9515,中潭靜魚,1
9516,潭靜魚驚,1
9517,靜魚驚水,1
9518,魚驚水天,1
9519,驚水天晴,1
9520,水天晴鶴,1
9521,天晴鶴唳,1
9522,晴鶴唳風,1
9523,鶴唳風悲,1
9524,唳風悲君,1
9525,風悲君還,1
9526,悲君還姓,1
9527,君還姓傅,1
9528,還姓傅獨,1
9529,姓傅獨不,1
9530,傅獨不夢,1
9531,獨不夢高,1
9532,不夢高宗,1
9533,夢高宗平,1
9534,高宗平日,1
9535,宗平日時,1
9536,平日時風,1
9537,日時風好,1
9538,時風好涕,1
9539,風好涕流,1
9540,好涕流讒,1
9541,涕流讒書,1
9542,流讒書雖,1
9543,讒書雖盛,1
9544,書雖盛一,1
9545,雖盛一名,1
9546,盛一名休,1
9547,一名休寰,1
9548,名休寰區,1
9549,休寰區歎,1
9550,寰區歎屈,1
9551,區歎屈瞻,1
9552,歎屈瞻天,1
9553,屈瞻天問,1
9554,瞻天問夷,1
9555,天問夷貊,1
9556,問夷貊聞,1
9557,夷貊聞詩,1
9558,貊聞詩過,1
9559,聞詩過海,1
9560,詩過海求,1
9561,過海求向,1
9562,海求向夕,1
9563,求向夕便,1
9564,向夕便思,1
9565,夕便思青,1
9566,便思青瑣,1
9567,思青瑣拜,1
9568,青瑣拜近,1
9569,瑣拜近年,1
9570,拜近年尋,1
9571,近年尋伴,1
9572,年尋伴赤,1
9573,尋伴赤松,1
9574,伴赤松遊,1
9575,赤松遊何,1
9576,松遊何當,1
9577,遊何當世,1
9578,何當世祖,1
9579,當世祖從,1
9580,世祖從人,1
9581,祖從人望,1
9582,從人望早,1
9583,人望早以,1
9584,望早以公,1
9585,早以公台,1
9586,以公台命,1
9587,公台命卓,1
9588,台命卓侯,1
9589,命卓侯縣,1
9590,卓侯縣去,1
9591,侯縣去帝,1
9592,縣去帝城,1
9593,去帝城遠,1
9594,帝城遠為,1
9595,城遠為官,1
9596,遠為官與,1
9597,為官與隱,1
9598,官與隱齊,1
9599,與隱齊馬,1
9600,隱齊馬隨,1
9601,齊馬隨山,1
9602,馬隨山鹿,1
9603,隨山鹿放,1
9604,山鹿放雞,1
9605,鹿放雞雜,1
9606,放雞雜野,1
9607,雞雜野禽,1
9608,雜野禽棲,1
9609,野禽棲繞,1
9610,禽棲繞舍,1
9611,棲繞舍惟,1
9612,繞舍惟藤,1
9613,舍惟藤架,1
9614,惟藤架侵,1
9615,藤架侵階,1
9616,架侵階是,1
9617,侵階是藥,1
9618,階是藥畦,1
9619,是藥畦更,1
9620,藥畦更師,1
9621,畦更師嵇,1
9622,更師嵇叔,1
9623,師嵇叔夜,1
9624,嵇叔夜不,1
9625,叔夜不擬,1
9626,夜不擬作,1
9627,不擬作書,1
9628,擬作書題,1
9629,作書題方,1
9630,書題方拙,1
9631,題方拙天,1
9632,方拙天然,1
9633,拙天然性,1
9634,天然性為,1
9635,然性為官,1
9636,性為官是,1
9637,為官是事,1
9638,官是事疏,1
9639,是事疏惟,1
9640,事疏惟尋,1
9641,疏惟尋向,1
9642,惟尋向山,1
9643,尋向山路,1
9644,向山路不,1
9645,山路不寄,1
9646,路不寄入,1
9647,不寄入城,1
9648,寄入城書,1
9649,入城書因,1
9650,城書因病,1
9651,書因病多,1
9652,因病多收,1
9653,病多收藥,1
9654,多收藥緣,1
9655,收藥緣餐,1
9656,藥緣餐學,1
9657,緣餐學釣,1
9658,餐學釣魚,1
9659,學釣魚養,1
9660,釣魚養身,1
9661,魚養身成,1
9662,養身成好,1
9663,身成好事,1
9664,成好事此,1
9665,好事此外,1
9666,事此外更,1
9667,此外更空,1
9668,外更空虛,1
9669,更空虛微,1
9670,空虛微官,1
9671,虛微官如,1
9672,微官如馬,1
9673,官如馬足,1
9674,如馬足只,1
9675,馬足只是,1
9676,足只是在,1
9677,只是在泥,1
9678,是在泥塵,1
9679,在泥塵到,1
9680,泥塵到處,1
9681,塵到處貧,1
9682,到處貧隨,1
9683,處貧隨我,1
9684,貧隨我終,1
9685,隨我終年,1
9686,我終年老,1
9687,終年老趁,1
9688,年老趁人,1
9689,老趁人簿,1
9690,趁人簿書,1
9691,人簿書銷,1
9692,簿書銷眼,1
9693,書銷眼力,1
9694,銷眼力杯,1
9695,眼力杯酒,1
9696,力杯酒耗,1
9697,杯酒耗心,1
9698,酒耗心神,1
9699,耗心神早,1
9700,心神早作,1
9701,神早作歸,1
9702,早作歸休,1
9703,作歸休計,1
9704,歸休計深,1
9705,休計深居,1
9706,計深居養,1
9707,深居養此,1
9708,居養此身,1
9709,養此身簿,1
9710,此身簿書,1
9711,身簿書多,1
9712,簿書多不,1
9713,書多不會,1
9714,多不會薄,1
9715,不會薄俸,1
9716,會薄俸亦,1
9717,薄俸亦難,1
9718,俸亦難銷,1
9719,亦難銷醉,1
9720,難銷醉臥,1
9721,銷醉臥慵,1
9722,醉臥慵開,1
9723,臥慵開眼,1
9724,慵開眼閑,1
9725,開眼閑行,1
9726,眼閑行懶,1
9727,閑行懶系,1
9728,行懶系腰,1
9729,懶系腰移,1
9730,系腰移花,1
9731,腰移花兼,1
9732,移花兼蝶,1
9733,花兼蝶至,1
9734,兼蝶至買,1
9735,蝶至買石,1
9736,至買石得,1
9737,買石得雲,1
9738,石得雲饒,1
9739,得雲饒且,1
9740,雲饒且自,1
9741,饒且自心,1
9742,且自心中,1
9743,自心中樂,1
9744,心中樂從,1
9745,中樂從他,1
9746,樂從他笑,1
9747,從他笑寂,1
9748,他笑寂寥,1
9749,笑寂寥曉,1
9750,寂寥曉鐘,1
9751,寥曉鐘驚,1
9752,曉鐘驚睡,1
9753,鐘驚睡覺,1
9754,驚睡覺事,1
9755,睡覺事事,1
9756,覺事事便,1
9757,事事便相,1
9758,事便相關,1
9759,便相關小,1
9760,相關小市,1
9761,關小市柴,1
9762,小市柴薪,1
9763,市柴薪貴,1
9764,柴薪貴貧,1
9765,薪貴貧家,1
9766,貴貧家砧,1
9767,貧家砧杵,1
9768,家砧杵閑,1
9769,砧杵閑讀,1
9770,杵閑讀書,1
9771,閑讀書多,1
9772,讀書多旋,1
9773,書多旋忘,1
9774,多旋忘賒,1
9775,旋忘賒酒,1
9776,忘賒酒數,1
9777,賒酒數空,1
9778,酒數空還,1
9779,數空還長,1
9780,空還長羨,1
9781,還長羨劉,1
9782,長羨劉伶,1
9783,羨劉伶輩,1
9784,劉伶輩高,1
9785,伶輩高眠,1
9786,輩高眠出,1
9787,高眠出世,1
9788,眠出世間,1
9789,出世間性,1
9790,世間性疏,1
9791,間性疏常,1
9792,性疏常愛,1
9793,疏常愛臥,1
9794,常愛臥親,1
9795,愛臥親故,1
9796,臥親故笑,1
9797,親故笑悠,1
9798,故笑悠悠,1
9799,笑悠悠縱,1
9800,悠悠縱出,1
9801,悠縱出多,1
9802,縱出多攜,1
9803,出多攜枕,1
9804,多攜枕因,1
9805,攜枕因衙,1
9806,枕因衙始,1
9807,因衙始裹,1
9808,衙始裹頭,1
9809,始裹頭上,1
9810,裹頭上山,1
9811,頭上山方,1
9812,上山方覺,1
9813,山方覺老,1
9814,方覺老過,1
9815,覺老過寺,1
9816,老過寺暫,1
9817,過寺暫忘,1
9818,寺暫忘愁,1
9819,暫忘愁三,1
9820,忘愁三考,1
9821,愁三考千,1
9822,三考千餘,1
9823,考千餘日,1
9824,千餘日低,1
9825,餘日低腰,1
9826,日低腰不,1
9827,低腰不擬,1
9828,腰不擬休,1
9829,不擬休客,1
9830,擬休客至,1
9831,休客至皆,1
9832,客至皆相,1
9833,至皆相笑,1
9834,皆相笑詩,1
9835,相笑詩書,1
9836,笑詩書滿,1
9837,詩書滿臥,1
9838,書滿臥床,1
9839,滿臥床愛,1
9840,臥床愛閑,1
9841,床愛閑求,1
9842,愛閑求病,1
9843,閑求病假,1
9844,求病假因,1
9845,病假因醉,1
9846,假因醉棄,1
9847,因醉棄官,1
9848,醉棄官方,1
9849,棄官方鬢,1
9850,官方鬢髮,1
9851,方鬢髮寒,1
9852,鬢髮寒唯,1
9853,髮寒唯短,1
9854,寒唯短衣,1
9855,唯短衣衫,1
9856,短衣衫瘦,1
9857,衣衫瘦漸,1
9858,衫瘦漸長,1
9859,瘦漸長自,1
9860,漸長自嫌,1
9861,長自嫌多,1
9862,自嫌多檢,1
9863,嫌多檢束,1
9864,多檢束不,1
9865,檢束不似,1
9866,束不似舊,1
9867,不似舊來,1
9868,似舊來狂,1
9869,舊來狂一,1
9870,來狂一日,1
9871,狂一日看,1
9872,一日看除,1
9873,日看除目,1
9874,看除目終,1
9875,除目終年,1
9876,目終年損,1
9877,終年損道,1
9878,年損道心,1
9879,損道心山,1
9880,道心山宜,1
9881,心山宜沖,1
9882,山宜沖雪,1
9883,宜沖雪上,1
9884,沖雪上詩,1
9885,雪上詩好,1
9886,上詩好帶,1
9887,詩好帶風,1
9888,好帶風吟,1
9889,帶風吟野,1
9890,風吟野客,1
9891,吟野客嫌,1
9892,野客嫌知,1
9893,客嫌知印,1
9894,嫌知印家,1
9895,知印家人,1
9896,印家人笑,1
9897,家人笑買,1
9898,人笑買琴,1
9899,笑買琴只,1
9900,買琴只應,1
9901,琴只應隨,1
9902,只應隨分,1
9903,應隨分過,1
9904,隨分過已,1
9905,分過已是,1
9906,過已是錯,1
9907,已是錯彌,1
9908,是錯彌深,1
9909,錯彌深鄰,1
9910,彌深鄰里,1
9911,深鄰里皆,1
9912,鄰里皆相,1
9913,里皆相愛,1
9914,皆相愛門,1
9915,相愛門開,1
9916,愛門開數,1
9917,門開數見,1
9918,開數見過,1
9919,數見過秋,1
9920,見過秋涼,1
9921,過秋涼送,1
9922,秋涼送客,1
9923,涼送客遠,1
9924,送客遠夜,1
9925,客遠夜靜,1
9926,遠夜靜詠,1
9927,夜靜詠詩,1
9928,靜詠詩多,1
9929,詠詩多就,1
9930,詩多就架,1
9931,多就架題,1
9932,就架題書,1
9933,架題書目,1
9934,題書目尋,1
9935,書目尋欄,1
9936,目尋欄記,1
9937,尋欄記藥,1
9938,欄記藥窠,1
9939,記藥窠到,1
9940,藥窠到官,1
9941,窠到官無,1
9942,到官無別,1
9943,官無別事,1
9944,無別事種,1
9945,別事種得,1
9946,事種得滿,1
9947,種得滿庭,1
9948,得滿庭莎,1
9949,滿庭莎窮,1
9950,庭莎窮達,1
9951,莎窮達天,1
9952,窮達天應,1
9953,達天應與,1
9954,天應與人,1
9955,應與人間,1
9956,與人間事,1
9957,人間事莫,1
9958,間事莫論,1
9959,事莫論微,1
9960,莫論微官,1
9961,論微官長,1
9962,微官長似,1
9963,官長似客,1
9964,長似客遠,1
9965,似客遠縣,1
9966,客遠縣豈,1
9967,遠縣豈勝,1
9968,縣豈勝村,1
9969,豈勝村竟,1
9970,勝村竟日,1
9971,村竟日多,1
9972,竟日多無,1
9973,日多無食,1
9974,多無食連,1
9975,無食連宵,1
9976,食連宵不,1
9977,連宵不閉,1
9978,宵不閉門,1
9979,不閉門齋,1
9980,閉門齋心,1
9981,門齋心調,1
9982,齋心調筆,1
9983,心調筆硯,1
9984,調筆硯唯,1
9985,筆硯唯寫,1
9986,硯唯寫五,1
9987,唯寫五千,1
9988,寫五千言,1
9989,五千言縣,1
9990,千言縣僻,1
9991,言縣僻仍,1
9992,縣僻仍牢,1
9993,僻仍牢落,1
9994,仍牢落遊,1
9995,牢落遊人,1
9996,落遊人到,1
9997,遊人到便,1
9998,人到便回,1
9999,到便回路,1
10000,便回路當,1
10001,回路當邊,1
10002,路當邊地,1
10003,當邊地去,1
10004,邊地去村,1
10005,地去村入,1
10006,去村入郭,1
10007,村入郭門,1
10008,入郭門來,1
10009,郭門來酒,1
10010,門來酒戶,1
10011,來酒戶愁,1
10012,酒戶愁偏,1
10013,戶愁偏長,1
10014,愁偏長詩,1
10015,偏長詩情,1
10016,長詩情病,1
10017,詩情病不,1
10018,情病不開,1
10019,病不開可,1
10020,不開可曾,1
10021,開可曾衙,1
10022,可曾衙小,1
10023,曾衙小吏,1
10024,衙小吏恐,1
10025,小吏恐謂,1
10026,吏恐謂踏,1
10027,恐謂踏青,1
10028,謂踏青苔,1
10029,踏青苔自,1
10030,青苔自下,1
10031,苔自下青,1
10032,自下青山,1
10033,下青山路,1
10034,青山路三,1
10035,山路三年,1
10036,路三年著,1
10037,三年著綠,1
10038,年著綠衣,1
10039,著綠衣官,1
10040,綠衣官卑,1
10041,衣官卑食,1
10042,官卑食肉,1
10043,卑食肉僭,1
10044,食肉僭才,1
10045,肉僭才短,1
10046,僭才短事,1
10047,才短事人,1
10048,短事人非,1
10049,事人非野,1
10050,人非野客,1
10051,非野客教,1
10052,野客教長,1
10053,客教長醉,1
10054,教長醉高,1
10055,長醉高僧,1
10056,醉高僧勸,1
10057,高僧勸早,1
10058,僧勸早歸,1
10059,勸早歸不,1
10060,早歸不知,1
10061,歸不知何,1
10062,不知何計,1
10063,知何計是,1
10064,何計是免,1
10065,計是免與,1
10066,是免與本,1
10067,免與本心,1
10068,與本心違,1
10069,本心違月,1
10070,心違月出,1
10071,違月出方,1
10072,月出方能,1
10073,出方能起,1
10074,方能起庭,1
10075,能起庭前,1
10076,起庭前看,1
10077,庭前看種,1
10078,前看種莎,1
10079,看種莎吏,1
10080,種莎吏來,1
10081,莎吏來山,1
10082,吏來山鳥,1
10083,山鳥散酒,1
10084,鳥散酒熟,1
10085,散酒熟野,1
10086,酒熟野人,1
10087,熟野人過,1
10088,野人過岐,1
10089,人過岐路,1
10090,過岐路荒,1
10091,岐路荒城,1
10092,路荒城少,1
10093,荒城少煙,1
10094,城少煙霞,1
10095,少煙霞遠,1
10096,煙霞遠岫,1
10097,霞遠岫多,1
10098,遠岫多同,1
10099,岫多同官,1
10100,多同官數,1
10101,同官數相,1
10102,官數相引,1
10103,數相引下,1
10104,相引下馬,1
10105,引下馬上,1
10106,下馬上西,1
10107,馬上西坡,1
10108,上西坡作,1
10109,西坡作吏,1
10110,坡作吏荒,1
10111,作吏荒城,1
10112,吏荒城裏,1
10113,荒城裏窮,1
10114,城裏窮愁,1
10115,裏窮愁欲,1
10116,窮愁欲不,1
10117,愁欲不勝,1
10118,欲不勝病,1
10119,不勝病多,1
10120,勝病多唯,1
10121,病多唯識,1
10122,多唯識藥,1
10123,唯識藥年,1
10124,識藥年老,1
10125,藥年老漸,1
10126,年老漸親,1
10127,老漸親僧,1
10128,漸親僧夢,1
10129,親僧夢覺,1
10130,僧夢覺空,1
10131,夢覺空堂,1
10132,覺空堂月,1
10133,空堂月詩,1
10134,堂月詩成,1
10135,月詩成滿,1
10136,詩成滿硯,1
10137,成滿硯冰,1
10138,滿硯冰故,1
10139,硯冰故人,1
10140,冰故人多,1
10141,故人多得,1
10142,人多得路,1
10143,多得路寂,1
10144,得路寂寞,1
10145,路寂寞不,1
10146,寂寞不相,1
10147,寞不相稱,1
10148,不相稱誰,1
10149,相稱誰念,1
10150,稱誰念東,1
10151,誰念東山,1
10152,念東山客,1
10153,東山客棲,1
10154,山客棲棲,1
10155,客棲棲守,1
10156,棲棲守印,1
10157,棲守印床,1
10158,守印床何,1
10159,印床何年,1
10160,床何年得,1
10161,何年得事,1
10162,年得事盡,1
10163,得事盡終,1
10164,事盡終日,1
10165,盡終日逐,1
10166,終日逐人,1
10167,日逐人忙,1
10168,逐人忙醉,1
10169,人忙醉臥,1
10170,忙醉臥誰,1
10171,醉臥誰知,1
10172,臥誰知叫,1
10173,誰知叫閒,1
10174,知叫閒書,1
10175,叫閒書不,1
10176,閒書不著,1
10177,書不著行,1
10178,不著行人,1
10179,著行人間,1
10180,行人間長,1
10181,人間長檢,1
10182,間長檢束,1
10183,長檢束與,1
10184,檢束與此,1
10185,束與此豈,1
10186,與此豈相,1
10187,此豈相當,1
10188,豈相當朝,1
10189,相當朝朝,1
10190,當朝朝眉,1
10191,朝朝眉不,1
10192,朝眉不展,1
10193,眉不展多,1
10194,不展多病,1
10195,展多病怕,1
10196,多病怕逢,1
10197,病怕逢迎,1
10198,怕逢迎引,1
10199,逢迎引水,1
10200,迎引水遠,1
10201,引水遠通,1
10202,水遠通澗,1
10203,遠通澗壘,1
10204,通澗壘山,1
10205,澗壘山高,1
10206,壘山高過,1
10207,山高過城,1
10208,高過城秋,1
10209,過城秋燈,1
10210,城秋燈照,1
10211,秋燈照樹,1
10212,燈照樹色,1
10213,照樹色寒,1
10214,樹色寒雨,1
10215,色寒雨落,1
10216,寒雨落池,1
10217,雨落池聲,1
10218,落池聲好,1
10219,池聲好是,1
10220,聲好是吟,1
10221,好是吟詩,1
10222,是吟詩夜,1
10223,吟詩夜披,1
10224,詩夜披衣,1
10225,夜披衣坐,1
10226,披衣坐到,1
10227,衣坐到明,1
10228,坐到明簿,1
10229,到明簿籍,1
10230,明簿籍誰,1
10231,簿籍誰能,1
10232,籍誰能問,1
10233,誰能問風,1
10234,能問風寒,1
10235,問風寒趁,1
10236,風寒趁早,1
10237,寒趁早眠,1
10238,趁早眠每,1
10239,早眠每旬,1
10240,眠每旬常,1
10241,每旬常乞,1
10242,旬常乞假,1
10243,常乞假隔,1
10244,乞假隔月,1
10245,假隔月探,1
10246,隔月探支,1
10247,月探支錢,1
10248,探支錢還,1
10249,支錢還往,1
10250,錢還往嫌,1
10251,還往嫌詩,1
10252,往嫌詩僻,1
10253,嫌詩僻親,1
10254,詩僻親情,1
10255,僻親情怪,1
10256,親情怪酒,1
10257,情怪酒顛,1
10258,怪酒顛謀,1
10259,酒顛謀身,1
10260,顛謀身須,1
10261,謀身須上,1
10262,身須上計,1
10263,須上計終,1
10264,上計終久,1
10265,計終久是,1
10266,終久是歸,1
10267,久是歸田,1
10268,是歸田閉,1
10269,歸田閉門,1
10270,田閉門風,1
10271,閉門風雨,1
10272,門風雨裏,1
10273,風雨裏落,1
10274,雨裏落葉,1
10275,裏落葉與,1
10276,落葉與階,1
10277,葉與階齊,1
10278,與階齊野,1
10279,階齊野客,1
10280,齊野客嫌,1
10281,野客嫌杯,1
10282,客嫌杯小,1
10283,嫌杯小山,1
10284,杯小山翁,1
10285,小山翁喜,1
10286,山翁喜枕,1
10287,翁喜枕低,1
10288,喜枕低聽,1
10289,枕低聽琴,1
10290,低聽琴知,1
10291,聽琴知道,1
10292,琴知道性,1
10293,知道性尋,1
10294,道性尋藥,1
10295,性尋藥得,1
10296,尋藥得詩,1
10297,藥得詩題,1
10298,得詩題誰,1
10299,詩題誰更,1
10300,題誰更能,1
10301,誰更能騎,1
10302,更能騎馬,1
10303,能騎馬閑,1
10304,騎馬閑行,1
10305,馬閑行只,1
10306,閑行只杖,1
10307,行只杖藜,1
10308,只杖藜腥,1
10309,杖藜腥膻,1
10310,藜腥膻都,1
10311,腥膻都不,1
10312,膻都不食,1
10313,都不食稍,1
10314,不食稍稍,1
10315,食稍稍覺,1
10316,稍稍覺神,1
10317,稍覺神清,1
10318,覺神清夜,1
10319,神清夜犬,1
10320,清夜犬因,1
10321,夜犬因風,1
10322,犬因風吠,1
10323,因風吠鄰,1
10324,風吠鄰雞,1
10325,吠鄰雞帶,1
10326,鄰雞帶雨,1
10327,雞帶雨鳴,1
10328,帶雨鳴守,1
10329,雨鳴守官,1
10330,鳴守官常,1
10331,守官常臥,1
10332,官常臥病,1
10333,常臥病學,1
10334,臥病學道,1
10335,病學道別,1
10336,學道別稱,1
10337,道別稱名,1
10338,別稱名小,1
10339,稱名小有,1
10340,名小有洞,1
10341,小有洞中,1
10342,有洞中路,1
10343,洞中路誰,1
10344,中路誰能,1
10345,路誰能引,1
10346,誰能引我,1
10347,能引我行,1
10348,引我行宦,1
10349,我行宦名,1
10350,行宦名渾,1
10351,宦名渾不,1
10352,名渾不計,1
10353,渾不計酒,1
10354,不計酒熟,1
10355,計酒熟且,1
10356,酒熟且開,1
10357,熟且開封,1
10358,且開封晴,1
10359,開封晴月,1
10360,封晴月銷,1
10361,晴月銷燈,1
10362,月銷燈色,1
10363,銷燈色寒,1
10364,燈色寒天,1
10365,色寒天挫,1
10366,寒天挫筆,1
10367,天挫筆鋒,1
10368,挫筆鋒驚,1
10369,筆鋒驚禽,1
10370,鋒驚禽時,1
10371,驚禽時並,1
10372,禽時並起,1
10373,時並起閑,1
10374,並起閑客,1
10375,起閑客數,1
10376,閑客數相,1
10377,客數相逢,1
10378,數相逢舊,1
10379,相逢舊國,1
10380,逢舊國蕭,1
10381,舊國蕭條,1
10382,國蕭條思,1
10383,蕭條思青,1
10384,條思青山,1
10385,思青山隔,1
10386,青山隔幾,1
10387,山隔幾重,1
10388,隔幾重假,1
10389,幾重假日,1
10390,重假日多,1
10391,假日多無,1
10392,日多無事,1
10393,多無事誰,1
10394,無事誰知,1
10395,事誰知我,1
10396,誰知我獨,1
10397,知我獨忙,1
10398,我獨忙移,1
10399,獨忙移山,1
10400,忙移山入,1
10401,移山入縣,1
10402,山入縣宅,1
10403,入縣宅種,1
10404,縣宅種竹,1
10405,宅種竹上,1
10406,種竹上城,1
10407,竹上城牆,1
10408,上城牆驚,1
10409,城牆驚蝶,1
10410,牆驚蝶遺,1
10411,驚蝶遺花,1
10412,蝶遺花蕊,1
10413,遺花蕊遊,1
10414,花蕊遊蜂,1
10415,蕊遊蜂帶,1
10416,遊蜂帶蜜,1
10417,蜂帶蜜香,1
10418,帶蜜香唯,1
10419,蜜香唯愁,1
10420,香唯愁明,1
10421,唯愁明早,1
10422,愁明早出,1
10423,明早出端,1
10424,早出端坐,1
10425,出端坐吏,1
10426,端坐吏人,1
10427,坐吏人旁,1
10428,吏人旁門,1
10429,人旁門外,1
10430,旁門外青,1
10431,門外青山,1
10432,外青山路,1
10433,青山路因,1
10434,山路因循,1
10435,路因循自,1
10436,因循自不,1
10437,循自不歸,1
10438,自不歸養,1
10439,不歸養生,1
10440,歸養生宜,1
10441,養生宜縣,1
10442,生宜縣僻,1
10443,宜縣僻說,1
10444,縣僻說品,1
10445,僻說品喜,1
10446,說品喜官,1
10447,品喜官微,1
10448,喜官微淨,1
10449,官微淨愛,1
10450,微淨愛山,1
10451,淨愛山僧,1
10452,愛山僧飯,1
10453,山僧飯閑,1
10454,僧飯閑披,1
10455,飯閑披野,1
10456,閑披野客,1
10457,披野客衣,1
10458,野客衣誰,1
10459,客衣誰憐,1
10460,衣誰憐幽,1
10461,誰憐幽谷,1
10462,憐幽谷鳥,1
10463,幽谷鳥不,1
10464,谷鳥不解,1
10465,鳥不解入,1
10466,不解入城,1
10467,解入城飛,1
10468,入城飛一,1
10469,城飛一官,1
10470,飛一官無,1
10471,一官無限,1
10472,官無限日,1
10473,無限日愁,1
10474,限日愁悶,1
10475,日愁悶欲,1
10476,愁悶欲何,1
10477,悶欲何如,1
10478,欲何如掃,1
10479,何如掃舍,1
10480,如掃舍驚,1
10481,掃舍驚巢,1
10482,舍驚巢燕,1
10483,驚巢燕尋,1
10484,巢燕尋方,1
10485,燕尋方落,1
10486,尋方落壁,1
10487,方落壁魚,1
10488,落壁魚從,1
10489,壁魚從僧,1
10490,魚從僧乞,1
10491,從僧乞淨,1
10492,僧乞淨水,1
10493,乞淨水憑,1
10494,淨水憑客,1
10495,水憑客報,1
10496,憑客報閒,1
10497,客報閒書,1
10498,報閒書白,1
10499,閒書白髮,1
10500,書白髮誰,1
10501,白髮誰能,1
10502,髮誰能鑷,1
10503,誰能鑷年,1
10504,能鑷年來,1
10505,鑷年來四,1
10506,年來四十,1
10507,來四十餘,1
10508,四十餘朝,1
10509,十餘朝朝,1
10510,餘朝朝門,1
10511,朝朝門不,1
10512,朝門不閉,1
10513,門不閉長,1
10514,不閉長似,1
10515,閉長似在,1
10516,長似在山,1
10517,似在山時,1
10518,在山時賓,1
10519,山時賓客,1
10520,時賓客抽,1
10521,賓客抽書,1
10522,客抽書讀,1
10523,抽書讀兒,1
10524,書讀兒童,1
10525,讀兒童斫,1
10526,兒童斫竹,1
10527,童斫竹騎,1
10528,斫竹騎久,1
10529,竹騎久貧,1
10530,騎久貧還,1
10531,久貧還易,1
10532,貧還易老,1
10533,還易老多,1
10534,易老多病,1
10535,老多病懶,1
10536,多病懶能,1
10537,病懶能醫,1
10538,懶能醫道,1
10539,能醫道友,1
10540,醫道友應,1
10541,道友應相,1
10542,友應相怪,1
10543,應相怪休,1
10544,相怪休官,1
10545,怪休官日,1
10546,休官日已,1
10547,官日已遲,1
10548,日已遲戚,1
10549,已遲戚戚,1
10550,遲戚戚常,1
10551,戚戚常無,1
10552,戚常無思,1
10553,常無思循,1
10554,無思循資,1
10555,思循資格,1
10556,循資格上,1
10557,資格上官,1
10558,格上官閒,1
10559,上官閒人,1
10560,官閒人得,1
10561,閒人得事,1
10562,人得事晚,1
10563,得事晚常,1
10564,事晚常骨,1
10565,晚常骨覓,1
10566,常骨覓仙,1
10567,骨覓仙難,1
10568,覓仙難醉,1
10569,仙難醉臥,1
10570,難醉臥疑,1
10571,醉臥疑身,1
10572,臥疑身病,1
10573,疑身病貧,1
10574,身病貧居,1
10575,病貧居覺,1
10576,貧居覺道,1
10577,居覺道寬,1
10578,覺道寬新,1
10579,道寬新詩,1
10580,寬新詩久,1
10581,新詩久不,1
10582,詩久不寫,1
10583,久不寫自,1
10584,不寫自算,1
10585,寫自算少,1
10586,自算少人,1
10587,算少人看,1
10588,少人看漫,1
10589,人看漫作,1
10590,看漫作容,1
10591,漫作容身,1
10592,作容身計,1
10593,容身計今,1
10594,身計今知,1
10595,計今知拙,1
10596,今知拙有,1
10597,知拙有餘,1
10598,拙有餘青,1
10599,有餘青衫,1
10600,餘青衫迎,1
10601,青衫迎驛,1
10602,衫迎驛使,1
10603,迎驛使白,1
10604,驛使白髮,1
10605,使白髮憶,1
10606,白髮憶山,1
10607,髮憶山居,1
10608,憶山居道,1
10609,山居道友,1
10610,居道友憐,1
10611,道友憐蔬,1
10612,友憐蔬食,1
10613,憐蔬食吏,1
10614,蔬食吏人,1
10615,食吏人嫌,1
10616,吏人嫌草,1
10617,人嫌草書,1
10618,嫌草書須,1
10619,草書須為,1
10620,書須為長,1
10621,須為長久,1
10622,為長久事,1
10623,長久事歸,1
10624,久事歸去,1
10625,事歸去自,1
10626,歸去自耕,1
10627,去自耕鋤,1
10628,自耕鋤主,1
10629,耕鋤主印,1
10630,鋤主印三,1
10631,主印三年,1
10632,印三年坐,1
10633,三年坐山,1
10634,年坐山居,1
10635,坐山居百,1
10636,山居百事,1
10637,居百事休,1
10638,百事休焚,1
10639,事休焚香,1
10640,休焚香開,1
10641,焚香開敕,1
10642,香開敕庫,1
10643,開敕庫踏,1
10644,敕庫踏月,1
10645,庫踏月上,1
10646,踏月上城,1
10647,月上城樓,1
10648,上城樓飲,1
10649,城樓飲酒,1
10650,樓飲酒多,1
10651,飲酒多成,1
10652,酒多成病,1
10653,多成病吟,1
10654,成病吟詩,1
10655,病吟詩易,1
10656,吟詩易長,1
10657,詩易長愁,1
10658,易長愁殷,1
10659,長愁殷勤,1
10660,愁殷勤問,1
10661,殷勤問漁,1
10662,勤問漁者,1
10663,問漁者暫,1
10664,漁者暫借,1
10665,者暫借手,1
10666,暫借手中,1
10667,借手中鉤,1
10668,手中鉤長,1
10669,中鉤長憶,1
10670,鉤長憶青,1
10671,長憶青山,1
10672,憶青山下,1
10673,青山下深,1
10674,山下深居,1
10675,下深居遂,1
10676,深居遂性,1
10677,居遂性情,1
10678,遂性情壘,1
10679,性情壘階,1
10680,情壘階溪,1
10681,壘階溪石,1
10682,階溪石淨,1
10683,溪石淨燒,1
10684,石淨燒竹,1
10685,淨燒竹灶,1
10686,燒竹灶煙,1
10687,竹灶煙輕,1
10688,灶煙輕點,1
10689,煙輕點筆,1
10690,輕點筆圖,1
10691,點筆圖雲,1
10692,筆圖雲勢,1
10693,圖雲勢彈,1
10694,雲勢彈琴,1
10695,勢彈琴學,1
10696,彈琴學鳥,1
10697,琴學鳥聲,1
10698,學鳥聲今,1
10699,鳥聲今朝,1
10700,聲今朝知,1
10701,今朝知縣,1
10702,朝知縣印,1
10703,知縣印夢,1
10704,縣印夢裏,1
10705,印夢裏百,1
10706,夢裏百憂,1
10707,裏百憂生,1
10708,百憂生自,1
10709,憂生自知,1
10710,生自知狂,1
10711,自知狂僻,1
10712,知狂僻性,1
10713,狂僻性吏,1
10714,僻性吏事,1
10715,性吏事固,1
10716,吏事固相,1
10717,事固相疏,1
10718,固相疏只,1
10719,相疏只是,1
10720,疏只是看,1
10721,只是看山,1
10722,是看山立,1
10723,看山立無,1
10724,山立無嫌,1
10725,立無嫌出,1
10726,無嫌出縣,1
10727,嫌出縣居,1
10728,出縣居印,1
10729,縣居印朱,1
10730,居印朱沾,1
10731,印朱沾墨,1
10732,朱沾墨硯,1
10733,沾墨硯戶,1
10734,墨硯戶籍,1
10735,硯戶籍雜,1
10736,戶籍雜經,1
10737,籍雜經書,1
10738,雜經書月,1
10739,經書月俸,1
10740,書月俸尋,1
10741,月俸尋常,1
10742,俸尋常請,1
10743,尋常請無,1
10744,常請無妨,1
10745,請無妨乏,1
10746,無妨乏鬥,1
10747,妨乏鬥儲,1
10748,乏鬥儲作,1
10749,鬥儲作吏,1
10750,儲作吏無,1
10751,作吏無能,1
10752,吏無能事,1
10753,無能事為,1
10754,能事為文,1
10755,事為文舊,1
10756,為文舊致,1
10757,文舊致功,1
10758,舊致功詩,1
10759,致功詩標,1
10760,功詩標八,1
10761,詩標八病,1
10762,標八病外,1
10763,八病外心,1
10764,病外心落,1
10765,外心落百,1
10766,心落百憂,1
10767,落百憂中,1
10768,百憂中拜,1
10769,憂中拜別,1
10770,中拜別登,1
10771,拜別登朝,1
10772,別登朝客,1
10773,登朝客歸,1
10774,朝客歸依,1
10775,客歸依煉,1
10776,歸依煉藥,1
10777,依煉藥翁,1
10778,煉藥翁不,1
10779,藥翁不知,1
10780,翁不知還,1
10781,不知還往,1
10782,知還往內,1
10783,還往內誰,1
10784,往內誰與,1
10785,內誰與此,1
10786,誰與此心,1
10787,與此心同,1
10788,此心同乍,1
10789,心同乍拋,1
10790,同乍拋衫,1
10791,乍拋衫笏,1
10792,拋衫笏覺,1
10793,衫笏覺身,1
10794,笏覺身輕,1
10795,覺身輕依,1
10796,身輕依舊,1
10797,輕依舊還,1
10798,依舊還稱,1
10799,舊還稱學,1
10800,還稱學道,1
10801,稱學道名,1
10802,學道名欲,1
10803,道名欲泥,1
10804,名欲泥山,1
10805,欲泥山僧,1
10806,泥山僧分,1
10807,山僧分屋,1
10808,僧分屋住,1
10809,分屋住羞,1
10810,屋住羞從,1
10811,住羞從野,1
10812,羞從野老,1
10813,從野老借,1
10814,野老借牛,1
10815,老借牛耕,1
10816,借牛耕妻,1
10817,牛耕妻兒,1
10818,耕妻兒盡,1
10819,妻兒盡怕,1
10820,兒盡怕為,1
10821,盡怕為逋,1
10822,怕為逋客,1
10823,為逋客親,1
10824,逋客親故,1
10825,客親故相,1
10826,親故相邀,1
10827,故相邀遣,1
10828,相邀遣到,1
10829,邀遣到城,1
10830,遣到城無,1
10831,到城無奈,1
10832,城無奈同,1
10833,無奈同官,1
10834,奈同官珍,1
10835,同官珍重,1
10836,官珍重意,1
10837,珍重意幾,1
10838,重意幾回,1
10839,意幾回臨,1
10840,幾回臨路,1
10841,回臨路卻,1
10842,臨路卻休,1
10843,路卻休行,1
10844,卻休行青,1
10845,休行青衫,1
10846,行青衫脫,1
10847,青衫脫下,1
10848,衫脫下便,1
10849,脫下便狂,1
10850,下便狂歌,1
10851,便狂歌種,1
10852,狂歌種薤,1
10853,歌種薤栽,1
10854,種薤栽莎,1
10855,薤栽莎劚,1
10856,栽莎劚古,1
10857,莎劚古坡,1
10858,劚古坡野,1
10859,古坡野客,1
10860,坡野客相,1
10861,野客相逢,1
10862,客相逢添,1
10863,相逢添酒,1
10864,逢添酒病,1
10865,添酒病春,1
10866,酒病春山,1
10867,病春山暫,1
10868,春山暫上,1
10869,山暫上著,1
10870,暫上著詩,1
10871,上著詩魔,1
10872,著詩魔亦,1
10873,詩魔亦知,1
10874,魔亦知官,1
10875,亦知官罷,1
10876,知官罷貧,1
10877,官罷貧還,1
10878,罷貧還甚,1
10879,貧還甚且,1
10880,還甚且喜,1
10881,甚且喜閑,1
10882,且喜閑來,1
10883,喜閑來睡,1
10884,閑來睡得,1
10885,來睡得多,1
10886,睡得多欲,1
10887,得多欲與,1
10888,多欲與九,1
10889,欲與九衢,1
10890,與九衢親,1
10891,九衢親故,1
10892,衢親故別,1
10893,親故別明,1
10894,故別明朝,1
10895,別明朝拄,1
10896,明朝拄杖,1
10897,朝拄杖始,1
10898,拄杖始經,1
10899,杖始經過,1
10900,始經過九,1
10901,經過九陌,1
10902,過九陌宅,1
10903,九陌宅重,1
10904,陌宅重重,1
10905,宅重重何,1
10906,重重何門,1
10907,重何門憐,1
10908,何門憐此,1
10909,門憐此翁,1
10910,憐此翁荒,1
10911,此翁荒庭,1
10912,翁荒庭唯,1
10913,荒庭唯菊,1
10914,庭唯菊茂,1
10915,唯菊茂幽,1
10916,菊茂幽徑,1
10917,茂幽徑與,1
10918,幽徑與山,1
10919,徑與山通,1
10920,與山通落,1
10921,山通落葉,1
10922,通落葉帶,1
10923,落葉帶衣,1
10924,葉帶衣上,1
10925,帶衣上閑,1
10926,衣上閑雲,1
10927,上閑雲來,1
10928,閑雲來酒,1
10929,雲來酒中,1
10930,來酒中此,1
10931,酒中此心,1
10932,中此心誰,1
10933,此心誰得,1
10934,心誰得見,1
10935,誰得見林,1
10936,得見林下,1
10937,見林下鹿,1
10938,林下鹿應,1
10939,下鹿應同,1
10940,鹿應同先,1
10941,應同先憶,1
10942,同先憶花,1
10943,先憶花時,1
10944,憶花時節,1
10945,花時節家,1
10946,時節家山,1
10947,節家山聽,1
10948,家山聽更,1
10949,山聽更歸,1
10950,聽更歸愛,1
10951,更歸愛詩,1
10952,歸愛詩看,1
10953,愛詩看古,1
10954,詩看古集,1
10955,看古集憶,1
10956,古集憶酒,1
10957,集憶酒典,1
10958,憶酒典寒,1
10959,酒典寒衣,1
10960,典寒衣睡,1
10961,寒衣睡少,1
10962,衣睡少身,1
10963,睡少身還,1
10964,少身還健,1
10965,身還健愁,1
10966,還健愁多,1
10967,健愁多食,1
10968,愁多食不,1
10969,多食不肥,1
10970,食不肥自,1
10971,不肥自憐,1
10972,肥自憐疏,1
10973,自憐疏懶,1
10974,憐疏懶性,1
10975,疏懶性無,1
10976,懶性無事,1
10977,性無事出,1
10978,無事出門,1
10979,事出門稀,1
10980,出門稀閒,1
10981,門稀閒居,1
10982,稀閒居無,1
10983,閒居無事,1
10984,居無事擾,1
10985,無事擾舊,1
10986,事擾舊病,1
10987,擾舊病亦,1
10988,舊病亦多,1
10989,病亦多痊,1
10990,亦多痊選,1
10991,多痊選字,1
10992,痊選字詩,1
10993,選字詩中,1
10994,字詩中老,1
10995,詩中老看,1
10996,中老看山,1
10997,老看山屋,1
10998,看山屋外,1
10999,山屋外眠,1
11000,屋外眠片,1
11001,外眠片霞,1
11002,眠片霞侵,1
11003,片霞侵落,1
11004,霞侵落日,1
11005,侵落日繁,1
11006,落日繁葉,1
11007,日繁葉咽,1
11008,繁葉咽鳴,1
11009,葉咽鳴蟬,1
11010,咽鳴蟬對,1
11011,鳴蟬對此,1
11012,蟬對此心,1
11013,對此心還,1
11014,此心還樂,1
11015,心還樂誰,1
11016,還樂誰知,1
11017,樂誰知乏,1
11018,誰知乏酒,1
11019,知乏酒錢,1
11020,乏酒錢不,1
11021,酒錢不自,1
11022,錢不自識,1
11023,不自識疏,1
11024,自識疏鄙,1
11025,識疏鄙終,1
11026,疏鄙終年,1
11027,鄙終年住,1
11028,終年住在,1
11029,年住在城,1
11030,住在城過,1
11031,在城過門,1
11032,城過門無,1
11033,過門無馬,1
11034,門無馬跡,1
11035,無馬跡滿,1
11036,馬跡滿宅,1
11037,跡滿宅是,1
11038,滿宅是蟬,1
11039,宅是蟬聲,1
11040,是蟬聲帶,1
11041,蟬聲帶病,1
11042,聲帶病吟,1
11043,帶病吟雖,1
11044,病吟雖苦,1
11045,吟雖苦休,1
11046,雖苦休官,1
11047,苦休官夢,1
11048,休官夢已,1
11049,官夢已清,1
11050,夢已清何,1
11051,已清何當,1
11052,清何當學,1
11053,何當學禪,1
11054,當學禪觀,1
11055,學禪觀依,1
11056,禪觀依止,1
11057,觀依止古,1
11058,依止古先,1
11059,止古先生,1
11060,古先生受,1
11061,先生受得,1
11062,生受得山,1
11063,受得山野,1
11064,得山野性,1
11065,山野性住,1
11066,野性住城,1
11067,性住城多,1
11068,住城多事,1
11069,城多事違,1
11070,多事違青,1
11071,事違青山,1
11072,違青山在,1
11073,青山在宅,1
11074,山在宅南,1
11075,在宅南回,1
11076,宅南回首,1
11077,南回首東,1
11078,回首東西,1
11079,首東西稀,1
11080,東西稀淺,1
11081,西稀淺淺,1
11082,稀淺淺一,1
11083,淺淺一井,1
11084,淺一井泉,1
11085,一井泉數,1
11086,井泉數家,1
11087,泉數家同,1
11088,數家同汲,1
11089,家同汲之,1
11090,同汲之獨,1
11091,汲之獨我,1
11092,之獨我惡,1
11093,獨我惡水,1
11094,我惡水濁,1
11095,惡水濁鑿,1
11096,水濁鑿井,1
11097,濁鑿井庭,1
11098,鑿井庭之,1
11099,井庭之陲,1
11100,庭之陲自,1
11101,之陲自鑿,1
11102,陲自鑿還,1
11103,自鑿還自,1
11104,鑿還自飲,1
11105,還自飲亦,1
11106,自飲亦為,1
11107,飲亦為眾,1
11108,亦為眾所,1
11109,為眾所非,1
11110,眾所非籲,1
11111,所非籲嗟,1
11112,非籲嗟世,1
11113,籲嗟世間,1
11114,嗟世間事,1
11115,世間事潔,1
11116,間事潔身,1
11117,事潔身誠,1
11118,潔身誠難,1
11119,身誠難為,1
11120,誠難為日,1
11121,難為日出,1
11122,為日出窮,1
11123,日出窮巷,1
11124,出窮巷喜,1
11125,窮巷喜溫,1
11126,巷喜溫然,1
11127,喜溫然勝,1
11128,溫然勝重,1
11129,然勝重衣,1
11130,勝重衣重,1
11131,重衣重衣,1
11132,衣重衣豈,1
11133,重衣豈不,1
11134,衣豈不暖,1
11135,豈不暖所,1
11136,不暖所暖,1
11137,暖所暖人,1
11138,所暖人不,1
11139,暖人不齊,1
11140,人不齊兀,1
11141,不齊兀兀,1
11142,齊兀兀複,1
11143,兀兀複行,1
11144,兀複行行,1
11145,複行行不,1
11146,行行不離,1
11147,行不離階,1
11148,不離階與,1
11149,離階與墀,1
11150,階與墀丈,1
11151,與墀丈夫,1
11152,墀丈夫非,1
11153,丈夫非馬,1
11154,夫非馬蹄,1
11155,非馬蹄安,1
11156,馬蹄安得,1
11157,蹄安得知,1
11158,安得知路,1
11159,得知路岐,1
11160,知路岐窮,1
11161,路岐窮賤,1
11162,岐窮賤餐,1
11163,窮賤餐茹,1
11164,賤餐茹薄,1
11165,餐茹薄興,1
11166,茹薄興與,1
11167,薄興與養,1
11168,興與養性,1
11169,與養性宜,1
11170,養性宜乃,1
11171,性宜乃知,1
11172,宜乃知長,1
11173,乃知長生,1
11174,知長生術,1
11175,長生術豪,1
11176,生術豪貴,1
11177,術豪貴難,1
11178,豪貴難得,1
11179,貴難得之,1
11180,難得之終,1
11181,得之終年,1
11182,之終年城,1
11183,終年城裏,1
11184,年城裏住,1
11185,城裏住門,1
11186,裏住門戶,1
11187,住門戶似,1
11188,門戶似山,1
11189,戶似山林,1
11190,似山林客,1
11191,山林客怪,1
11192,林客怪身,1
11193,客怪身名,1
11194,怪身名晚,1
11195,身名晚妻,1
11196,名晚妻嫌,1
11197,晚妻嫌酒,1
11198,妻嫌酒病,1
11199,嫌酒病深,1
11200,酒病深寫,1
11201,病深寫方,1
11202,深寫方多,1
11203,寫方多識,1
11204,方多識藥,1
11205,多識藥失,1
11206,識藥失譜,1
11207,藥失譜廢,1
11208,失譜廢彈,1
11209,譜廢彈琴,1
11210,廢彈琴文,1
11211,彈琴文字,1
11212,琴文字非,1
11213,文字非經,1
11214,字非經濟,1
11215,非經濟空,1
11216,經濟空虛,1
11217,濟空虛用,1
11218,空虛用破,1
11219,虛用破心,1
11220,用破心休,1
11221,破心休看,1
11222,心休看小,1
11223,休看小字,1
11224,看小字大,1
11225,小字大書,1
11226,字大書名,1
11227,大書名向,1
11228,書名向日,1
11229,名向日持,1
11230,向日持經,1
11231,日持經眼,1
11232,持經眼卻,1
11233,經眼卻明,1
11234,眼卻明時,1
11235,卻明時過,1
11236,明時過無,1
11237,時過無心,1
11238,過無心求,1
11239,無心求富,1
11240,心求富貴,1
11241,求富貴身,1
11242,富貴身閑,1
11243,貴身閑不,1
11244,身閑不夢,1
11245,閑不夢見,1
11246,不夢見公,1
11247,夢見公卿,1
11248,見公卿因,1
11249,公卿因尋,1
11250,卿因尋岳,1
11251,因尋岳寺,1
11252,尋岳寺葷,1
11253,岳寺葷辛,1
11254,寺葷辛斷,1
11255,葷辛斷自,1
11256,辛斷自到,1
11257,斷自到王,1
11258,自到王城,1
11259,到王城禮,1
11260,王城禮數,1
11261,城禮數生,1
11262,禮數生斜,1
11263,數生斜月,1
11264,生斜月照,1
11265,斜月照床,1
11266,月照床新,1
11267,照床新睡,1
11268,床新睡覺,1
11269,新睡覺西,1
11270,睡覺西風,1
11271,覺西風半,1
11272,西風半夜,1
11273,風半夜鶴,1
11274,半夜鶴來,1
11275,夜鶴來聲,1
11276,鶴來聲三,1
11277,來聲三年,1
11278,聲三年賃,1
11279,三年賃舍,1
11280,年賃舍親,1
11281,賃舍親仁,1
11282,舍親仁裏,1
11283,親仁裏寂,1
11284,仁裏寂寞,1
11285,裏寂寞何,1
11286,寂寞何曾,1
11287,寞何曾似,1
11288,何曾似在,1
11289,曾似在城,1
11290,似在城飲,1
11291,在城飲酒,1
11292,城飲酒自,1
11293,飲酒自緣,1
11294,酒自緣防,1
11295,自緣防冷,1
11296,緣防冷病,1
11297,防冷病尋,1
11298,冷病尋人,1
11299,病尋人多,1
11300,尋人多是,1
11301,人多是為,1
11302,多是為閑,1
11303,是為閑行,1
11304,為閑行軒,1
11305,閑行軒車,1
11306,行軒車無,1
11307,軒車無路,1
11308,車無路通,1
11309,無路通門,1
11310,路通門巷,1
11311,通門巷親,1
11312,門巷親友,1
11313,巷親友因,1
11314,親友因詩,1
11315,友因詩道,1
11316,因詩道姓,1
11317,詩道姓名,1
11318,道姓名自,1
11319,姓名自別,1
11320,名自別青,1
11321,自別青山,1
11322,別青山歸,1
11323,青山歸未,1
11324,歸未得羨,1
11325,未得羨君,1
11326,得羨君長,1
11327,羨君長聽,1
11328,君長聽石,1
11329,長聽石泉,1
11330,聽石泉聲,1
11331,石泉聲客,1
11332,泉聲客行,1
11333,聲客行野,1
11334,客行野田,1
11335,行野田間,1
11336,野田間比,1
11337,田間比屋,1
11338,間比屋皆,1
11339,比屋皆閉,1
11340,屋皆閉戶,1
11341,皆閉戶借,1
11342,閉戶借問,1
11343,戶借問屋,1
11344,借問屋中,1
11345,問屋中人,1
11346,屋中人盡,1
11347,中人盡去,1
11348,人盡去作,1
11349,盡去作商,1
11350,去作商賈,1
11351,作商賈官,1
11352,商賈官家,1
11353,賈官家不,1
11354,官家不稅,1
11355,家不稅商,1
11356,不稅商稅,1
11357,稅商稅農,1
11358,商稅農服,1
11359,稅農服作,1
11360,農服作苦,1
11361,服作苦居,1
11362,作苦居人,1
11363,苦居人盡,1
11364,居人盡東,1
11365,人盡東西,1
11366,盡東西道,1
11367,東西道路,1
11368,西道路侵,1
11369,道路侵壟,1
11370,路侵壟畝,1
11371,侵壟畝采,1
11372,壟畝采玉,1
11373,畝采玉上,1
11374,采玉上山,1
11375,玉上山顛,1
11376,上山顛探,1
11377,山顛探珠,1
11378,顛探珠入,1
11379,探珠入水,1
11380,珠入水府,1
11381,入水府邊,1
11382,水府邊兵,1
11383,府邊兵索,1
11384,邊兵索衣,1
11385,兵索衣食,1
11386,索衣食此,1
11387,衣食此物,1
11388,食此物同,1
11389,此物同泥,1
11390,物同泥土,1
11391,同泥土古,1
11392,泥土古來,1
11393,土古來一,1
11394,古來一人,1
11395,來一人耕,1
11396,一人耕三,1
11397,人耕三人,1
11398,耕三人食,1
11399,三人食猶,1
11400,人食猶饑,1
11401,食猶饑如,1
11402,猶饑如今,1
11403,饑如今千,1
11404,如今千萬,1
11405,今千萬家,1
11406,千萬家無,1
11407,萬家無一,1
11408,家無一把,1
11409,無一把鋤,1
11410,一把鋤犁,1
11411,把鋤犁我,1
11412,鋤犁我倉,1
11413,犁我倉常,1
11414,我倉常空,1
11415,倉常空虛,1
11416,常空虛我,1
11417,空虛我田,1
11418,虛我田生,1
11419,我田生蒺,1
11420,田生蒺藜,1
11421,生蒺藜上,1
11422,蒺藜上天,1
11423,藜上天不,1
11424,上天不雨,1
11425,天不雨粟,1
11426,不雨粟何,1
11427,雨粟何由,1
11428,粟何由活,1
11429,何由活烝,1
11430,由活烝黎,1
11431,活烝黎居,1
11432,烝黎居止,1
11433,黎居止日,1
11434,居止日蕭,1
11435,止日蕭條,1
11436,日蕭條庭,1
11437,蕭條庭前,1
11438,條庭前唯,1
11439,庭前唯藥,1
11440,前唯藥苗,1
11441,唯藥苗身,1
11442,藥苗身閑,1
11443,苗身閑眠,1
11444,身閑眠自,1
11445,閑眠自久,1
11446,眠自久眼,1
11447,自久眼荖,1
11448,久眼荖視,1
11449,眼荖視還,1
11450,荖視還遙,1
11451,視還遙簷,1
11452,還遙簷燕,1
11453,遙簷燕酬,1
11454,簷燕酬鶯,1
11455,燕酬鶯語,1
11456,酬鶯語鄰,1
11457,鶯語鄰花,1
11458,語鄰花雜,1
11459,鄰花雜絮,1
11460,花雜絮飄,1
11461,雜絮飄客,1
11462,絮飄客來,1
11463,飄客來無,1
11464,客來無酒,1
11465,來無酒飲,1
11466,無酒飲搔,1
11467,酒飲搔首,1
11468,飲搔首擲,1
11469,搔首擲空,1
11470,首擲空瓢,1
11471,擲空瓢深,1
11472,空瓢深閉,1
11473,瓢深閉柴,1
11474,深閉柴門,1
11475,閉柴門長,1
11476,柴門長不,1
11477,門長不出,1
11478,長不出功,1
11479,不出功夫,1
11480,出功夫自,1
11481,功夫自課,1
11482,夫自課少,1
11483,自課少閒,1
11484,課少閒時,1
11485,少閒時翻,1
11486,閒時翻音,1
11487,時翻音免,1
11488,翻音免問,1
11489,音免問他,1
11490,免問他人,1
11491,問他人字,1
11492,他人字覆,1
11493,人字覆局,1
11494,字覆局何,1
11495,覆局何勞,1
11496,局何勞對,1
11497,何勞對手,1
11498,勞對手棋,1
11499,對手棋生,1
11500,手棋生計,1
11501,棋生計如,1
11502,生計如雲,1
11503,計如雲無,1
11504,如雲無定,1
11505,雲無定所,1
11506,無定所窮,1
11507,定所窮愁,1
11508,所窮愁似,1
11509,窮愁似影,1
11510,愁似影每,1
11511,似影每相,1
11512,影每相隨,1
11513,每相隨到,1
11514,相隨到頭,1
11515,隨到頭歸,1
11516,到頭歸向,1
11517,頭歸向青,1
11518,歸向青山,1
11519,向青山是,1
11520,青山是塵,1
11521,山是塵路,1
11522,是塵路茫,1
11523,塵路茫茫,1
11524,路茫茫欲,1
11525,茫茫欲告,1
11526,茫欲告誰,1
11527,欲告誰寂,1
11528,告誰寂寞,1
11529,誰寂寞日,1
11530,寂寞日何,1
11531,寞日何為,1
11532,日何為閒,1
11533,何為閒居,1
11534,為閒居春,1
11535,閒居春色,1
11536,居春色遲,1
11537,春色遲驚,1
11538,色遲驚風,1
11539,遲驚風起,1
11540,驚風起庭,1
11541,風起庭雪,1
11542,起庭雪寒,1
11543,庭雪寒雨,1
11544,雪寒雨長,1
11545,寒雨長簷,1
11546,雨長簷澌,1
11547,長簷澌強,1
11548,簷澌強飲,1
11549,澌強飲樽,1
11550,強飲樽中,1
11551,飲樽中酒,1
11552,樽中酒嘲,1
11553,中酒嘲山,1
11554,酒嘲山世,1
11555,嘲山世外,1
11556,山世外詩,1
11557,世外詩此,1
11558,外詩此生,1
11559,詩此生仍,1
11560,此生仍且,1
11561,生仍且在,1
11562,仍且在難,1
11563,且在難與,1
11564,在難與老,1
11565,難與老相,1
11566,與老相離,1
11567,老相離秋,1
11568,相離秋來,1
11569,離秋來梨,1
11570,秋來梨果,1
11571,來梨果熟,1
11572,梨果熟行,1
11573,果熟行哭,1
11574,熟行哭小,1
11575,行哭小兒,1
11576,哭小兒饑,1
11577,小兒饑鄰,1
11578,兒饑鄰富,1
11579,饑鄰富雞,1
11580,鄰富雞長,1
11581,富雞長往,1
11582,雞長往莊,1
11583,長往莊貧,1
11584,往莊貧客,1
11585,莊貧客漸,1
11586,貧客漸稀,1
11587,客漸稀借,1
11588,漸稀借牛,1
11589,稀借牛耕,1
11590,借牛耕地,1
11591,牛耕地晚,1
11592,耕地晚賣,1
11593,地晚賣樹,1
11594,晚賣樹納,1
11595,賣樹納錢,1
11596,樹納錢遲,1
11597,納錢遲牆,1
11598,錢遲牆下,1
11599,遲牆下當,1
11600,牆下當官,1
11601,下當官道,1
11602,當官道依,1
11603,官道依前,1
11604,道依前夾,1
11605,依前夾竹,1
11606,前夾竹籬,1
11607,夾竹籬野,1
11608,竹籬野人,1
11609,籬野人慣,1
11610,野人慣去,1
11611,人慣去山,1
11612,慣去山中,1
11613,去山中住,1
11614,山中住自,1
11615,中住自到,1
11616,住自到城,1
11617,自到城來,1
11618,到城來悶,1
11619,城來悶不,1
11620,來悶不勝,1
11621,悶不勝宮,1
11622,不勝宮樹,1
11623,勝宮樹蟬,1
11624,宮樹蟬聲,1
11625,樹蟬聲多,1
11626,蟬聲多卻,1
11627,聲多卻樂,1
11628,多卻樂侯,1
11629,卻樂侯門,1
11630,樂侯門月,1
11631,侯門月色,1
11632,門月色少,1
11633,月色少於,1
11634,色少於燈,1
11635,少於燈饑,1
11636,於燈饑來,1
11637,燈饑來唯,1
11638,饑來唯擬,1
11639,來唯擬重,1
11640,唯擬重餐,1
11641,擬重餐藥,1
11642,重餐藥歸,1
11643,餐藥歸去,1
11644,藥歸去還,1
11645,歸去還應,1
11646,去還應只,1
11647,還應只別,1
11648,應只別僧,1
11649,只別僧聞,1
11650,別僧聞道,1
11651,僧聞道舊,1
11652,聞道舊溪,1
11653,道舊溪茆,1
11654,舊溪茆屋,1
11655,溪茆屋畔,1
11656,茆屋畔春,1
11657,屋畔春風,1
11658,畔春風新,1
11659,春風新上,1
11660,風新上數,1
11661,新上數枝,1
11662,上數枝藤,1
11663,數枝藤為,1
11664,枝藤為客,1
11665,藤為客久,1
11666,為客久未,1
11667,客久未歸,1
11668,久未歸寒,1
11669,未歸寒山,1
11670,歸寒山獨,1
11671,寒山獨掩,1
11672,山獨掩扉,1
11673,獨掩扉曉,1
11674,掩扉曉來,1
11675,扉曉來山,1
11676,曉來山鳥,1
11677,山鳥散雨,1
11678,鳥散雨過,1
11679,散雨過杏,1
11680,雨過杏花,1
11681,過杏花稀,1
11682,杏花稀天,1
11683,花稀天遠,1
11684,稀天遠雲,1
11685,天遠雲空,1
11686,遠雲空積,1
11687,雲空積溪,1
11688,空積溪深,1
11689,積溪深水,1
11690,溪深水自,1
11691,深水自微,1
11692,水自微此,1
11693,自微此情,1
11694,微此情對,1
11695,此情對春,1
11696,情對春色,1
11697,對春色盡,1
11698,春色盡醉,1
11699,色盡醉欲,1
11700,盡醉欲忘,1
11701,醉欲忘機,1
11702,欲忘機十,1
11703,忘機十年,1
11704,機十年通,1
11705,十年通籍,1
11706,年通籍入,1
11707,通籍入金,1
11708,籍入金門,1
11709,入金門自,1
11710,金門自愧,1
11711,門自愧名,1
11712,自愧名微,1
11713,愧名微枉,1
11714,名微枉搢,1
11715,微枉搢紳,1
11716,枉搢紳煉,1
11717,搢紳煉得,1
11718,紳煉得丹,1
11719,煉得丹砂,1
11720,得丹砂疑,1
11721,丹砂疑不,1
11722,砂疑不食,1
11723,疑不食從,1
11724,不食從茲,1
11725,食從茲白,1
11726,從茲白髮,1
11727,茲白髮日,1
11728,白髮日相,1
11729,髮日相親,1
11730,日相親家,1
11731,相親家山,1
11732,親家山迢,1
11733,家山迢遞,1
11734,山迢遞迴,1
11735,迢遞迴無,1
11736,遞迴無路,1
11737,迴無路杯,1
11738,無路杯酒,1
11739,路杯酒稀,1
11740,杯酒稀疏,1
11741,酒稀疏病,1
11742,稀疏病到,1
11743,疏病到身,1
11744,病到身漢,1
11745,到身漢有,1
11746,身漢有馮,1
11747,漢有馮唐,1
11748,有馮唐唐,1
11749,馮唐唐有,1
11750,唐唐有我,1
11751,唐有我老,1
11752,有我老為,1
11753,我老為郎,1
11754,老為郎吏,1
11755,為郎吏更,1
11756,郎吏更何,1
11757,吏更何人,1
11758,更何人旅,1
11759,何人旅人,1
11760,人旅人無,1
11761,旅人無事,1
11762,人無事喜,1
11763,無事喜終,1
11764,事喜終日,1
11765,喜終日思,1
11766,終日思悠,1
11767,日思悠悠,1
11768,思悠悠逢,1
11769,悠悠逢酒,1
11770,悠逢酒嫌,1
11771,逢酒嫌杯,1
11772,酒嫌杯淺,1
11773,嫌杯淺尋,1
11774,杯淺尋書,1
11775,淺尋書怕,1
11776,尋書怕字,1
11777,書怕字稠,1
11778,怕字稠貧,1
11779,字稠貧來,1
11780,稠貧來許,1
11781,貧來許錢,1
11782,來許錢聖,1
11783,許錢聖夢,1
11784,錢聖夢覺,1
11785,聖夢覺見,1
11786,夢覺見身,1
11787,覺見身愁,1
11788,見身愁寂,1
11789,身愁寂寞,1
11790,愁寂寞中,1
11791,寂寞中林,1
11792,寞中林下,1
11793,中林下饑,1
11794,林下饑鷹,1
11795,下饑鷹望,1
11796,饑鷹望到,1
11797,鷹望到秋,1
11798,望到秋夜,1
11799,到秋夜睡,1
11800,秋夜睡常,1
11801,夜睡常驚,1
11802,睡常驚起,1
11803,常驚起春,1
11804,驚起春光,1
11805,起春光屬,1
11806,春光屬野,1
11807,光屬野夫,1
11808,屬野夫新,1
11809,野夫新銜,1
11810,夫新銜添,1
11811,新銜添一,1
11812,銜添一字,1
11813,添一字舊,1
11814,一字舊友,1
11815,字舊友遜,1
11816,舊友遜前,1
11817,友遜前途,1
11818,遜前途喜,1
11819,前途喜過,1
11820,途喜過還,1
11821,喜過還疑,1
11822,過還疑夢,1
11823,還疑夢狂,1
11824,疑夢狂來,1
11825,夢狂來不,1
11826,狂來不似,1
11827,來不似儒,1
11828,不似儒愛,1
11829,似儒愛花,1
11830,儒愛花持,1
11831,愛花持燭,1
11832,花持燭看,1
11833,持燭看憶,1
11834,燭看憶酒,1
11835,看憶酒犯,1
11836,憶酒犯街,1
11837,酒犯街沽,1
11838,犯街沽天,1
11839,街沽天上,1
11840,沽天上名,1
11841,天上名應,1
11842,上名應定,1
11843,名應定人,1
11844,應定人間,1
11845,定人間盛,1
11846,人間盛更,1
11847,間盛更無,1
11848,盛更無報,1
11849,更無報恩,1
11850,無報恩丞,1
11851,報恩丞相,1
11852,恩丞相合,1
11853,丞相合何,1
11854,相合何啻,1
11855,合何啻殺,1
11856,何啻殺微,1
11857,啻殺微軀,1
11858,殺微軀年,1
11859,微軀年年,1
11860,軀年年九,1
11861,年年九陌,1
11862,年九陌看,1
11863,九陌看春,1
11864,陌看春還,1
11865,看春還舊,1
11866,春還舊隱,1
11867,還舊隱空,1
11868,舊隱空勞,1
11869,隱空勞夢,1
11870,空勞夢寐,1
11871,勞夢寐間,1
11872,夢寐間遲,1
11873,寐間遲日,1
11874,間遲日逍,1
11875,遲日逍遙,1
11876,日逍遙芸,1
11877,逍遙芸草,1
11878,遙芸草長,1
11879,芸草長聖,1
11880,草長聖朝,1
11881,長聖朝清,1
11882,聖朝清淨,1
11883,朝清淨諫,1
11884,清淨諫臣,1
11885,淨諫臣閑,1
11886,諫臣閑偶,1
11887,臣閑偶逢,1
11888,閑偶逢遊,1
11889,偶逢遊客,1
11890,逢遊客同,1
11891,遊客同傾,1
11892,客同傾酒,1
11893,同傾酒自,1
11894,傾酒自有,1
11895,酒自有前,1
11896,自有前騶,1
11897,有前騶恥,1
11898,前騶恥見,1
11899,騶恥見山,1
11900,恥見山道,1
11901,見山道侶,1
11902,山道侶書,1
11903,道侶書來,1
11904,侶書來相,1
11905,書來相責,1
11906,來相責誚,1
11907,相責誚朝,1
11908,責誚朝朝,1
11909,誚朝朝欲,1
11910,朝朝欲報,1
11911,朝欲報作,1
11912,欲報作何,1
11913,報作何顏,1
11914,作何顏憶,1
11915,何顏憶昔,1
11916,顏憶昔未,1
11917,憶昔未出,1
11918,昔未出身,1
11919,未出身索,1
11920,出身索寞,1
11921,身索寞無,1
11922,索寞無精,1
11923,寞無精神,1
11924,無精神逢,1
11925,精神逢人,1
11926,神逢人話,1
11927,天命自賤,1
11928,命自賤如,1
11929,自賤如埃,1
11930,賤如埃塵,1
11931,如埃塵君,1
11932,埃塵君今,1
11933,塵君今才,1
11934,君今才出,1
11935,今才出身,1
11936,才出身颯,1
11937,出身颯爽,1
11938,身颯爽鞍,1
11939,颯爽鞍馬,1
11940,爽鞍馬春,1
11941,鞍馬春逢,1
11942,馬春逢人,1
11943,春逢人話,1
11944,天命自重,1
11945,命自重如,1
11946,自重如千,1
11947,重如千鈞,1
11948,如千鈞信,1
11949,千鈞信涉,1
11950,鈞信涉名,1
11951,信涉名利,1
11952,涉名利道,1
11953,名利道舉,1
11954,利道舉動,1
11955,道舉動皆,1
11956,舉動皆喪,1
11957,動皆喪真,1
11958,皆喪真君,1
11959,喪真君今,1
11960,真君今自,1
11961,君今自世,1
11962,今自世情,1
11963,自世情何,1
11964,世情何況,1
11965,情何況天,1
11966,何況天下,1
11967,況天下人,1
11968,天下人閑,1
11969,下人閑處,1
11970,人閑處無,1
11971,閑處無人,1
11972,處無人到,1
11973,無人到乖,1
11974,人到乖疏,1
11975,到乖疏稱,1
11976,乖疏稱野,1
11977,疏稱野情,1
11978,稱野情日,1
11979,野情日高,1
11980,情日高搔,1
11981,日高搔首,1
11982,高搔首起,1
11983,搔首起林,1
11984,首起林下,1
11985,起林下散,1
11986,林下散衣,1
11987,下散衣行,1
11988,散衣行泉,1
11989,衣行泉引,1
11990,行泉引窗,1
11991,泉引窗前,1
11992,引窗前過,1
11993,窗前過雲,1
11994,前過雲看,1
11995,過雲看石,1
11996,雲看石罅,1
11997,看石罅生,1
11998,石罅生別,1
11999,罅生別來,1
12000,生別來愁,1
12001,別來愁欲,1
12002,來愁欲老,1
12003,愁欲老虛,1
12004,欲老虛負,1
12005,老虛負出,1
12006,虛負出山,1
12007,負出山名,1
12008,出山名客,1
12009,山名客行,1
12010,名客行無,1
12011,客行無定,1
12012,行無定止,1
12013,無定止終,1
12014,定止終日,1
12015,止終日路,1
12016,終日路岐,1
12017,日路岐間,1
12018,路岐間馬,1
12019,岐間馬為,1
12020,間馬為賒,1
12021,馬為賒來,1
12022,為賒來貴,1
12023,賒來貴僮,1
12024,來貴僮緣,1
12025,貴僮緣借,1
12026,僮緣借得,1
12027,緣借得頑,1
12028,借得頑詩,1
12029,得頑詩書,1
12030,頑詩書愁,1
12031,詩書愁觸,1
12032,書愁觸雨,1
12033,愁觸雨店,1
12034,觸雨店舍,1
12035,雨店舍喜,1
12036,店舍喜逢,1
12037,舍喜逢山,1
12038,喜逢山舊,1
12039,逢山舊業,1
12040,山舊業嵩,1
12041,舊業嵩陽,1
12042,業嵩陽下,1
12043,嵩陽下三,1
12044,陽下三年,1
12045,下三年未,1
12046,三年未得,1
12047,年未得還,1
12048,未得還半,1
12049,得還半年,1
12050,還半年留,1
12051,半年留醉,1
12052,年留醉待,1
12053,留醉待花,1
12054,醉待花開,1
12055,待花開曉,1
12056,花開曉去,1
12057,開曉去迎,1
12058,曉去迎春,1
12059,去迎春夜,1
12060,迎春夜始,1
12061,春夜始回,1
12062,夜始回風,1
12063,始回風暖,1
12064,回風暖慢,1
12065,風暖慢行,1
12066,暖慢行尋,1
12067,慢行尋曲,1
12068,行尋曲水,1
12069,尋曲水天,1
12070,曲水天晴,1
12071,水天晴遠,1
12072,天晴遠望,1
12073,晴遠望立,1
12074,遠望立高,1
12075,望立高臺,1
12076,立高臺亦,1
12077,高臺亦知,1
12078,臺亦知無,1
12079,亦知無處,1
12080,知無處將,1
12081,無處將詩,1
12082,處將詩請,1
12083,將詩請唯,1
12084,詩請唯得,1
12085,請唯得終,1
12086,唯得終朝,1
12087,得終朝把,1
12088,終朝把酒,1
12089,朝把酒催,1
12090,把酒催今,1
12091,酒催今日,1
12092,催今日柳,1
12093,今日柳條,1
12094,日柳條全,1
12095,柳條全弄,1
12096,條全弄色,1
12097,全弄色遊,1
12098,弄色遊人,1
12099,色遊人相,1
12100,遊人相伴,1
12101,人相伴看,1
12102,相伴看春,1
12103,伴看春來,1
12104,看春來正,1
12105,春來正月,1
12106,來正月一,1
12107,正月一日,1
12108,月一日後,1
12109,一日後尋,1
12110,日後尋春,1
12111,後尋春更,1
12112,尋春更不,1
12113,春更不眠,1
12114,更不眠自,1
12115,不眠自知,1
12116,眠自知還,1
12117,自知還近,1
12118,知還近僻,1
12119,還近僻眾,1
12120,近僻眾說,1
12121,僻眾說過,1
12122,眾說過於,1
12123,說過於顛,1
12124,過於顛看,1
12125,於顛看水,1
12126,顛看水甯,1
12127,看水甯依,1
12128,水甯依路,1
12129,甯依路登,1
12130,依路登山,1
12131,路登山欲,1
12132,登山欲到,1
12133,山欲到天,1
12134,欲到天悠,1
12135,到天悠悠,1
12136,天悠悠芳,1
12137,悠悠芳思,1
12138,悠芳思起,1
12139,芳思起多,1
12140,思起多是,1
12141,起多是晚,1
12142,多是晚風,1
12143,是晚風前,1
12144,晚風前官,1
12145,風前官卑,1
12146,前官卑長,1
12147,官卑長少,1
12148,卑長少事,1
12149,長少事縣,1
12150,少事縣僻,1
12151,事縣僻又,1
12152,縣僻又無,1
12153,僻又無城,1
12154,又無城未,1
12155,無城未曉,1
12156,城未曉沖,1
12157,未曉沖寒,1
12158,曉沖寒起,1
12159,沖寒起迎,1
12160,寒起迎春,1
12161,起迎春忍,1
12162,迎春忍病,1
12163,春忍病行,1
12164,忍病行樹,1
12165,病行樹枝,1
12166,行樹枝風,1
12167,樹枝風掉,1
12168,枝風掉軟,1
12169,風掉軟菜,1
12170,掉軟菜甲,1
12171,軟菜甲土,1
12172,菜甲土浮,1
12173,甲土浮輕,1
12174,土浮輕好,1
12175,浮輕好個,1
12176,輕好個林,1
12177,好個林間,1
12178,個林間鵲,1
12179,林間鵲今,1
12180,間鵲今朝,1
12181,鵲今朝足,1
12182,今朝足喜,1
12183,朝足喜聲,1
12184,足喜聲詩,1
12185,喜聲詩酒,1
12186,聲詩酒相,1
12187,詩酒相牽,1
12188,酒相牽引,1
12189,相牽引朝,1
12190,牽引朝朝,1
12191,引朝朝思,1
12192,朝朝思不,1
12193,朝思不窮,1
12194,思不窮苔,1
12195,不窮苔痕,1
12196,窮苔痕雪,1
12197,苔痕雪水,1
12198,痕雪水裏,1
12199,雪水裏春,1
12200,水裏春色,1
12201,裏春色竹,1
12202,春色竹煙,1
12203,色竹煙中,1
12204,竹煙中迎,1
12205,煙中迎雨,1
12206,中迎雨緣,1
12207,迎雨緣池,1
12208,雨緣池草,1
12209,緣池草摧,1
12210,池草摧花,1
12211,草摧花倚,1
12212,摧花倚樹,1
12213,花倚樹風,1
12214,倚樹風書,1
12215,樹風書非,1
12216,風書非名,1
12217,書非名利,1
12218,非名利事,1
12219,名利事愛,1
12220,利事愛此,1
12221,事愛此少,1
12222,愛此少人,1
12223,此少人同,1
12224,少人同塵,1
12225,人同塵中,1
12226,同塵中主,1
12227,塵中主印,1
12228,中主印吏,1
12229,主印吏誰,1
12230,印吏誰遣,1
12231,吏誰遣有,1
12232,誰遣有高,1
12233,遣有高情,1
12234,有高情趁,1
12235,高情趁暖,1
12236,情趁暖簷,1
12237,趁暖簷前,1
12238,暖簷前坐,1
12239,簷前坐尋,1
12240,前坐尋芳,1
12241,坐尋芳樹,1
12242,尋芳樹底,1
12243,芳樹底行,1
12244,樹底行土,1
12245,底行土融,1
12246,行土融凝,1
12247,土融凝墅,1
12248,融凝墅色,1
12249,凝墅色冰,1
12250,墅色冰敗,1
12251,色冰敗滿,1
12252,冰敗滿池,1
12253,敗滿池聲,1
12254,滿池聲漸,1
12255,池聲漸覺,1
12256,聲漸覺春,1
12257,漸覺春相,1
12258,覺春相泥,1
12259,春相泥朝,1
12260,相泥朝來,1
12261,泥朝來睡,1
12262,朝來睡不,1
12263,來睡不輕,1
12264,睡不輕疏,1
12265,不輕疏頑,1
12266,輕疏頑無,1
12267,疏頑無異,1
12268,頑無異事,1
12269,無異事隨,1
12270,異事隨例,1
12271,事隨例但,1
12272,隨例但添,1
12273,例但添年,1
12274,但添年舊,1
12275,添年舊曆,1
12276,年舊曆藏,1
12277,舊曆藏深,1
12278,曆藏深篋,1
12279,藏深篋新,1
12280,深篋新衣,1
12281,篋新衣薄,1
12282,新衣薄絮,1
12283,衣薄絮綿,1
12284,薄絮綿暖,1
12285,絮綿暖風,1
12286,綿暖風渾,1
12287,暖風渾酒,1
12288,風渾酒色,1
12289,渾酒色晴,1
12290,酒色晴日,1
12291,色晴日暢,1
12292,晴日暢琴,1
12293,日暢琴弦,1
12294,暢琴弦同,1
12295,琴弦同伴,1
12296,弦同伴無,1
12297,同伴無辭,1
12298,伴無辭困,1
12299,無辭困遊,1
12300,辭困遊春,1
12301,困遊春貴,1
12302,遊春貴在,1
12303,春貴在先,1
12304,貴在先看,1
12305,在先看春,1
12306,先看春長,1
12307,看春長不,1
12308,春長不足,1
12309,長不足豈,1
12310,不足豈更,1
12311,足豈更覺,1
12312,豈更覺身,1
12313,更覺身勞,1
12314,覺身勞寺,1
12315,身勞寺裏,1
12316,勞寺裏花,1
12317,寺裏花枝,1
12318,裏花枝淨,1
12319,花枝淨山,1
12320,枝淨山中,1
12321,淨山中水,1
12322,山中水色,1
12323,中水色高,1
12324,水色高嫩,1
12325,色高嫩雲,1
12326,高嫩雲輕,1
12327,嫩雲輕似,1
12328,雲輕似絮,1
12329,輕似絮新,1
12330,似絮新草,1
12331,絮新草細,1
12332,新草細如,1
12333,草細如毛,1
12334,細如毛並,1
12335,如毛並起,1
12336,毛並起詩,1
12337,並起詩人,1
12338,起詩人思,1
12339,詩人思還,1
12340,人思還應,1
12341,思還應費,1
12342,還應費筆,1
12343,應費筆毫,1
12344,費筆毫悠,1
12345,筆毫悠悠,1
12346,毫悠悠小,1
12347,悠悠小縣,1
12348,悠小縣吏,1
12349,小縣吏憔,1
12350,縣吏憔悴,1
12351,吏憔悴入,1
12352,憔悴入新,1
12353,悴入新年,1
12354,入新年遠,1
12355,新年遠思,1
12356,年遠思遭,1
12357,遠思遭詩,1
12358,思遭詩惱,1
12359,遭詩惱閒,1
12360,詩惱閒情,1
12361,惱閒情被,1
12362,閒情被酒,1
12363,情被酒牽,1
12364,被酒牽戀,1
12365,酒牽戀花,1
12366,牽戀花林,1
12367,戀花林下,1
12368,花林下飲,1
12369,林下飲愛,1
12370,下飲愛草,1
12371,飲愛草野,1
12372,愛草野中,1
12373,草野中眠,1
12374,野中眠疏,1
12375,中眠疏懶,1
12376,眠疏懶今,1
12377,疏懶今成,1
12378,懶今成性,1
12379,今成性誰,1
12380,成性誰人,1
12381,性誰人肯,1
12382,誰人肯更,1
12383,人肯更憐,1
12384,肯更憐處,1
12385,更憐處處,1
12386,憐處處春,1
12387,處處春光,1
12388,處春光遍,1
12389,春光遍遊,1
12390,光遍遊人,1
12391,遍遊人亦,1
12392,遊人亦不,1
12393,人亦不稀,1
12394,亦不稀向,1
12395,不稀向陽,1
12396,稀向陽傾,1
12397,向陽傾冷,1
12398,陽傾冷酒,1
12399,傾冷酒看,1
12400,冷酒看影,1
12401,酒看影試,1
12402,看影試新,1
12403,影試新衣,1
12404,試新衣嫩,1
12405,新衣嫩樹,1
12406,衣嫩樹行,1
12407,嫩樹行移,1
12408,樹行移長,1
12409,行移長幽,1
12410,移長幽禽,1
12411,長幽禽語,1
12412,幽禽語旋,1
12413,禽語旋飛,1
12414,語旋飛同,1
12415,旋飛同來,1
12416,飛同來皆,1
12417,同來皆去,1
12418,來皆去盡,1
12419,皆去盡沖,1
12420,去盡沖夜,1
12421,盡沖夜獨,1
12422,沖夜獨吟,1
12423,夜獨吟歸,1
12424,獨吟歸朝,1
12425,吟歸朝朝,1
12426,歸朝朝看,1
12427,朝朝看春,1
12428,朝看春色,1
12429,看春色春,1
12430,春色春色,1
12431,色春色似,1
12432,春色似相,1
12433,色似相憐,1
12434,似相憐酒,1
12435,相憐酒醒,1
12436,憐酒醒鶯,1
12437,酒醒鶯啼,1
12438,醒鶯啼裏,1
12439,鶯啼裏詩,1
12440,啼裏詩成,1
12441,裏詩成蝶,1
12442,詩成蝶舞,1
12443,成蝶舞前,1
12444,蝶舞前摘,1
12445,舞前摘花,1
12446,前摘花盈,1
12447,摘花盈手,1
12448,花盈手露,1
12449,盈手露折,1
12450,手露折竹,1
12451,露折竹滿,1
12452,折竹滿庭,1
12453,竹滿庭煙,1
12454,滿庭煙親,1
12455,庭煙親故,1
12456,煙親故多,1
12457,親故多相,1
12458,故多相笑,1
12459,多相笑疏,1
12460,相笑疏狂,1
12461,笑疏狂似,1
12462,疏狂似少,1
12463,狂似少年,1
12464,似少年卑,1
12465,少年卑官,1
12466,年卑官還,1
12467,卑官還不,1
12468,官還不惡,1
12469,還不惡行,1
12470,不惡行止,1
12471,惡行止得,1
12472,行止得逍,1
12473,止得逍遙,1
12474,得逍遙晴,1
12475,逍遙晴野,1
12476,遙晴野花,1
12477,晴野花侵,1
12478,野花侵路,1
12479,花侵路春,1
12480,侵路春陂,1
12481,路春陂水,1
12482,春陂水上,1
12483,陂水上橋,1
12484,水上橋塵,1
12485,上橋塵埃,1
12486,橋塵埃生,1
12487,塵埃生暖,1
12488,埃生暖色,1
12489,生暖色藥,1
12490,暖色藥草,1
12491,色藥草長,1
12492,藥草長新,1
12493,草長新苗,1
12494,長新苗看,1
12495,新苗看卻,1
12496,苗看卻煙,1
12497,看卻煙光,1
12498,卻煙光散,1
12499,煙光散狂,1
12500,光散狂風,1
12501,散狂風處,1
12502,狂風處處,1
12503,風處處飄,1
12504,處處飄身,1
12505,處飄身被,1
12506,飄身被春,1
12507,身被春光,1
12508,被春光引,1
12509,春光引經,1
12510,光引經時,1
12511,引經時更,1
12512,經時更不,1
12513,時更不歸,1
12514,更不歸嚼,1
12515,不歸嚼花,1
12516,歸嚼花香,1
12517,嚼花香滿,1
12518,花香滿口,1
12519,香滿口書,1
12520,滿口書竹,1
12521,口書竹粉,1
12522,書竹粉黏,1
12523,竹粉黏衣,1
12524,粉黏衣弄,1
12525,黏衣弄日,1
12526,衣弄日鶯,1
12527,弄日鶯狂,1
12528,日鶯狂語,1
12529,鶯狂語迎,1
12530,狂語迎風,1
12531,語迎風蝶,1
12532,迎風蝶倒,1
12533,風蝶倒飛,1
12534,蝶倒飛自,1
12535,倒飛自知,1
12536,飛自知疏,1
12537,自知疏懶,1
12538,知疏懶性,1
12539,疏懶性得,1
12540,懶性得事,1
12541,性得事亦,1
12542,得事亦應,1
12543,事亦應稀,1
12544,亦應稀曉,1
12545,應稀曉脫,1
12546,稀曉脫青,1
12547,曉脫青衫,1
12548,脫青衫出,1
12549,青衫出閑,1
12550,衫出閑行,1
12551,出閑行氣,1
12552,閑行氣味,1
12553,行氣味長,1
12554,氣味長一,1
12555,味長一瓶,1
12556,長一瓶春,1
12557,一瓶春酒,1
12558,瓶春酒色,1
12559,春酒色數,1
12560,酒色數頃,1
12561,色數頃野,1
12562,數頃野花,1
12563,頃野花香,1
12564,野花香朝,1
12565,花香朝客,1
12566,香朝客聞,1
12567,朝客聞應,1
12568,客聞應羨,1
12569,聞應羨山,1
12570,應羨山僧,1
12571,羨山僧見,1
12572,山僧見亦,1
12573,僧見亦狂,1
12574,見亦狂不,1
12575,亦狂不將,1
12576,狂不將僮,1
12577,不將僮僕,1
12578,將僮僕去,1
12579,僮僕去恐,1
12580,僕去恐為,1
12581,去恐為損,1
12582,恐為損風,1
12583,為損風光,1
12584,損風光閒,1
12585,風光閒人,1
12586,光閒人只,1
12587,閒人只是,1
12588,人只是愛,1
12589,只是愛春,1
12590,是愛春光,1
12591,愛春光迎,1
12592,春光迎得,1
12593,光迎得春,1
12594,迎得春來,1
12595,得春來喜,1
12596,春來喜欲,1
12597,來喜欲狂,1
12598,喜欲狂買,1
12599,欲狂買酒,1
12600,狂買酒怕,1
12601,買酒怕遲,1
12602,酒怕遲教,1
12603,怕遲教走,1
12604,遲教走馬,1
12605,教走馬看,1
12606,走馬看花,1
12607,馬看花嫌,1
12608,看花嫌遠,1
12609,花嫌遠自,1
12610,嫌遠自移,1
12611,遠自移床,1
12612,自移床嬌,1
12613,移床嬌鶯,1
12614,床嬌鶯語,1
12615,嬌鶯語足,1
12616,鶯語足方,1
12617,語足方離,1
12618,足方離樹,1
12619,方離樹戲,1
12620,離樹戲蝶,1
12621,樹戲蝶飛,1
12622,戲蝶飛高,1
12623,蝶飛高始,1
12624,飛高始過,1
12625,高始過牆,1
12626,始過牆顛,1
12627,過牆顛倒,1
12628,牆顛倒醉,1
12629,顛倒醉眠,1
12630,倒醉眠三,1
12631,醉眠三數,1
12632,眠三數日,1
12633,三數日人,1
12634,數日人間,1
12635,日人間百,1
12636,人間百事,1
12637,間百事不,1
12638,百事不思,1
12639,事不思量,1
12640,不思量春,1
12641,思量春來,1
12642,量春來眠,1
12643,春來眠不,1
12644,來眠不得,1
12645,眠不得誰,1
12646,不得誰複,1
12647,得誰複念,1
12648,誰複念生,1
12649,複念生涯,1
12650,念生涯夜,1
12651,生涯夜聽,1
12652,涯夜聽四,1
12653,夜聽四鄰,1
12654,聽四鄰樂,1
12655,四鄰樂朝,1
12656,鄰樂朝尋,1
12657,樂朝尋九,1
12658,朝尋九陌,1
12659,尋九陌花,1
12660,九陌花輕,1
12661,陌花輕煙,1
12662,花輕煙浮,1
12663,輕煙浮草,1
12664,煙浮草色,1
12665,浮草色微,1
12666,草色微雨,1
12667,色微雨濯,1
12668,微雨濯年,1
12669,雨濯年華,1
12670,濯年華乞,1
12671,年華乞假,1
12672,華乞假非,1
12673,乞假非關,1
12674,假非關病,1
12675,非關病朝,1
12676,關病朝衣,1
12677,病朝衣在,1
12678,朝衣在酒,1
12679,衣在酒家,1
12680,在酒家野,1
12681,酒家野步,1
12682,家野步出,1
12683,野步出茆,1
12684,步出茆齋,1
12685,出茆齋閑,1
12686,茆齋閑行,1
12687,齋閑行坐,1
12688,閑行坐石,1
12689,行坐石台,1
12690,坐石台久,1
12691,石台久悲,1
12692,台久悲鄉,1
12693,久悲鄉路,1
12694,悲鄉路遠,1
12695,鄉路遠猶,1
12696,路遠猶喜,1
12697,遠猶喜杏,1
12698,猶喜杏花,1
12699,喜杏花開,1
12700,杏花開鷗,1
12701,花開鷗鷺,1
12702,開鷗鷺皆,1
12703,鷗鷺皆飛,1
12704,鷺皆飛去,1
12705,皆飛去帆,1
12706,飛去帆檣,1
12707,去帆檣何,1
12708,帆檣何處,1
12709,檣何處來,1
12710,何處來因,1
12711,處來因凝,1
12712,來因凝千,1
12713,因凝千里,1
12714,凝千里目,1
12715,千里目落,1
12716,里目落日,1
12717,目落日尚,1
12718,落日尚徘,1
12719,日尚徘徊,1
12720,尚徘徊廣,1
12721,徘徊廣陵,1
12722,徊廣陵寒,1
12723,廣陵寒食,1
12724,陵寒食天,1
12725,寒食天無,1
12726,食天無霧,1
12727,天無霧複,1
12728,無霧複無,1
12729,霧複無煙,1
12730,複無煙暖,1
12731,無煙暖日,1
12732,煙暖日凝,1
12733,暖日凝花,1
12734,日凝花柳,1
12735,凝花柳春,1
12736,花柳春風,1
12737,柳春風散,1
12738,春風散管,1
12739,風散管弦,1
12740,散管弦園,1
12741,管弦園林,1
12742,弦園林多,1
12743,園林多是,1
12744,林多是宅,1
12745,多是宅車,1
12746,是宅車馬,1
12747,宅車馬少,1
12748,車馬少於,1
12749,馬少於船,1
12750,少於船莫,1
12751,於船莫喚,1
12752,船莫喚遊,1
12753,莫喚遊人,1
12754,喚遊人住,1
12755,遊人住遊,1
12756,人住遊人,1
12757,住遊人困,1
12758,遊人困不,1
12759,人困不眠,1
12760,困不眠滿,1
12761,不眠滿郭,1
12762,眠滿郭是,1
12763,滿郭是春,1
12764,郭是春光,1
12765,是春光街,1
12766,春光街衢,1
12767,光街衢土,1
12768,街衢土亦,1
12769,衢土亦香,1
12770,土亦香竹,1
12771,亦香竹風,1
12772,香竹風輕,1
12773,竹風輕履,1
12774,風輕履舄,1
12775,輕履舄花,1
12776,履舄花露,1
12777,舄花露膩,1
12778,花露膩衣,1
12779,露膩衣裳,1
12780,膩衣裳穀,1
12781,衣裳穀鳥,1
12782,裳穀鳥鳴,1
12783,穀鳥鳴還,1
12784,鳥鳴還豔,1
12785,鳴還豔山,1
12786,還豔山夫,1
12787,豔山夫到,1
12788,山夫到更,1
12789,夫到更狂,1
12790,到更狂可,1
12791,更狂可憐,1
12792,狂可憐遊,1
12793,可憐遊賞,1
12794,憐遊賞地,1
12795,遊賞地煬,1
12796,賞地煬帝,1
12797,地煬帝國,1
12798,煬帝國傾,1
12799,帝國傾亡,1
12800,國傾亡江,1
12801,傾亡江北,1
12802,亡江北煙,1
12803,江北煙光,1
12804,北煙光裏,1
12805,煙光裏淮,1
12806,光裏淮南,1
12807,裏淮南勝,1
12808,淮南勝事,1
12809,南勝事多,1
12810,勝事多市,1
12811,事多市鄽,1
12812,多市鄽持,1
12813,市鄽持燭,1
12814,鄽持燭入,1
12815,持燭入鄰,1
12816,燭入鄰里,1
12817,入鄰里漾,1
12818,鄰里漾船,1
12819,里漾船過,1
12820,漾船過有,1
12821,船過有地,1
12822,過有地惟,1
12823,有地惟栽,1
12824,地惟栽竹,1
12825,惟栽竹無,1
12826,栽竹無家,1
12827,竹無家不,1
12828,無家不養,1
12829,家不養鵝,1
12830,不養鵝春,1
12831,養鵝春風,1
12832,鵝春風蕩,1
12833,春風蕩城,1
12834,風蕩城郭,1
12835,蕩城郭滿,1
12836,城郭滿耳,1
12837,郭滿耳是,1
12838,滿耳是笙,1
12839,耳是笙歌,1
12840,是笙歌今,1
12841,笙歌今朝,1
12842,歌今朝一,1
12843,今朝一百,1
12844,朝一百五,1
12845,一百五出,1
12846,百五出戶,1
12847,五出戶雨,1
12848,出戶雨初,1
12849,戶雨初晴,1
12850,雨初晴舞,1
12851,初晴舞愛,1
12852,晴舞愛雙,1
12853,舞愛雙飛,1
12854,愛雙飛蝶,1
12855,雙飛蝶歌,1
12856,飛蝶歌聞,1
12857,蝶歌聞百,1
12858,歌聞百囀,1
12859,聞百囀鶯,1
12860,百囀鶯江,1
12861,囀鶯江深,1
12862,鶯江深青,1
12863,江深青草,1
12864,深青草岸,1
12865,青草岸花,1
12866,草岸花滿,1
12867,岸花滿白,1
12868,花滿白雲,1
12869,滿白雲城,1
12870,白雲城為,1
12871,雲城為政,1
12872,城為政多,1
12873,為政多孱,1
12874,政多孱懦,1
12875,多孱懦應,1
12876,孱懦應無,1
12877,懦應無酷,1
12878,應無酷吏,1
12879,無酷吏名,1
12880,酷吏名出,1
12881,吏名出城,1
12882,名出城煙,1
12883,出城煙火,1
12884,城煙火少,1
12885,煙火少況,1
12886,火少況複,1
12887,少況複是,1
12888,況複是今,1
12889,複是今朝,1
12890,是今朝閑,1
12891,今朝閑坐,1
12892,朝閑坐將,1
12893,閑坐將誰,1
12894,坐將誰語,1
12895,將誰語臨,1
12896,誰語臨觴,1
12897,語臨觴只,1
12898,臨觴只自,1
12899,觴只自謠,1
12900,只自謠階,1
12901,自謠階前,1
12902,謠階前春,1
12903,階前春蘚,1
12904,前春蘚遍,1
12905,春蘚遍衣,1
12906,蘚遍衣上,1
12907,遍衣上落,1
12908,衣上落花,1
12909,上落花飄,1
12910,落花飄伎,1
12911,花飄伎樂,1
12912,飄伎樂州,1
12913,伎樂州人,1
12914,樂州人戲,1
12915,州人戲使,1
12916,人戲使君,1
12917,戲使君心,1
12918,使君心寂,1
12919,君心寂寥,1
12920,心寂寥窮,1
12921,寂寥窮巷,1
12922,寥窮巷少,1
12923,窮巷少芳,1
12924,巷少芳菲,1
12925,少芳菲蒼,1
12926,芳菲蒼苔,1
12927,菲蒼苔一,1
12928,蒼苔一徑,1
12929,苔一徑微,1
12930,一徑微酒,1
12931,徑微酒醒,1
12932,微酒醒聞,1
12933,酒醒聞客,1
12934,醒聞客別,1
12935,聞客別年,1
12936,客別年長,1
12937,別年長送,1
12938,年長送春,1
12939,長送春歸,1
12940,送春歸宿,1
12941,春歸宿願,1
12942,歸宿願眠,1
12943,宿願眠雲,1
12944,願眠雲嶠,1
12945,眠雲嶠浮,1
12946,雲嶠浮名,1
12947,嶠浮名系,1
12948,浮名系鎖,1
12949,名系鎖闈,1
12950,系鎖闈未,1
12951,鎖闈未因,1
12952,闈未因丞,1
12953,未因丞相,1
12954,因丞相庇,1
12955,丞相庇難,1
12956,相庇難得,1
12957,庇難得脫,1
12958,難得脫朝,1
12959,得脫朝衣,1
12960,脫朝衣寂,1
12961,朝衣寂寂,1
12962,衣寂寂春,1
12963,寂寂春將,1
12964,寂春將老,1
12965,春將老閒,1
12966,將老閒人,1
12967,老閒人強,1
12968,閒人強自,1
12969,人強自歡,1
12970,強自歡迎,1
12971,自歡迎風,1
12972,歡迎風鶯,1
12973,迎風鶯語,1
12974,風鶯語澀,1
12975,鶯語澀帶,1
12976,語澀帶雨,1
12977,澀帶雨蝶,1
12978,帶雨蝶飛,1
12979,雨蝶飛難,1
12980,蝶飛難傍,1
12981,飛難傍砌,1
12982,難傍砌木,1
12983,傍砌木初,1
12984,砌木初長,1
12985,木初長眠,1
12986,初長眠花,1
12987,長眠花景,1
12988,眠花景漸,1
12989,花景漸闌,1
12990,景漸闌臨,1
12991,漸闌臨軒,1
12992,闌臨軒平,1
12993,臨軒平目,1
12994,軒平目望,1
12995,平目望情,1
12996,目望情思,1
12997,望情思若,1
12998,情思若為,1
12999,思若為寬,1
13000,若為寬昨,1
13001,為寬昨迎,1
13002,寬昨迎今,1
13003,昨迎今複,1
13004,迎今複送,1
13005,今複送來,1
13006,複送來晚,1
13007,送來晚去,1
13008,來晚去逡,1
13009,晚去逡巡,1
13010,去逡巡芳,1
13011,逡巡芳盡,1
13012,巡芳盡空,1
13013,芳盡空繁,1
13014,盡空繁樹,1
13015,空繁樹愁,1
13016,繁樹愁多,1
13017,樹愁多獨,1
13018,愁多獨病,1
13019,多獨病身,1
13020,獨病身靜,1
13021,病身靜思,1
13022,身靜思傾,1
13023,靜思傾酒,1
13024,思傾酒懶,1
13025,傾酒懶閑,1
13026,酒懶閑望,1
13027,懶閑望上,1
13028,閑望上樓,1
13029,望上樓頻,1
13030,上樓頻為,1
13031,樓頻為向,1
13032,頻為向春,1
13033,為向春風,1
13034,向春風道,1
13035,春風道明,1
13036,風道明年,1
13037,道明年早,1
13038,明年早報,1
13039,年早報春,1
13040,早報春留,1
13041,報春留春,1
13042,春留春不,1
13043,留春不得,1
13044,春不得被,1
13045,不得被春,1
13046,得被春欺,1
13047,被春欺春,1
13048,春欺春若,1
13049,欺春若無,1
13050,春若無情,1
13051,若無情遣,1
13052,無情遣泥,1
13053,情遣泥誰,1
13054,遣泥誰寂,1
13055,泥誰寂寞,1
13056,誰寂寞自,1
13057,寂寞自疑,1
13058,寞自疑生,1
13059,自疑生冷,1
13060,疑生冷病,1
13061,生冷病淒,1
13062,冷病淒涼,1
13063,病淒涼還,1
13064,淒涼還似,1
13065,涼還似別,1
13066,還似別親,1
13067,似別親知,1
13068,別親知隨,1
13069,親知隨風,1
13070,知隨風未,1
13071,隨風未辨,1
13072,風未辨歸,1
13073,未辨歸何,1
13074,辨歸何處,1
13075,歸何處澆,1
13076,何處澆酒,1
13077,處澆酒唯,1
13078,澆酒唯求,1
13079,酒唯求住,1
13080,唯求住少,1
13081,求住少時,1
13082,住少時一,1
13083,少時一去,1
13084,時一去近,1
13085,一去近當,1
13086,去近當三,1
13087,近當三百,1
13088,當三百日,1
13089,三百日從,1
13090,百日從朝,1
13091,日從朝至,1
13092,從朝至夜,1
13093,朝至夜是,1
13094,至夜是相,1
13095,夜是相思,1
13096,是相思閑,1
13097,相思閑齋,1
13098,思閑齋深,1
13099,閑齋深夜,1
13100,齋深夜靜,1
13101,深夜靜獨,1
13102,夜靜獨坐,1
13103,靜獨坐又,1
13104,獨坐又閑,1
13105,坐又閑行,1
13106,又閑行密,1
13107,閑行密樹,1
13108,行密樹月,1
13109,密樹月籠,1
13110,樹月籠影,1
13111,月籠影疏,1
13112,籠影疏籬,1
13113,影疏籬水,1
13114,疏籬水隔,1
13115,籬水隔聲,1
13116,水隔聲斷,1
13117,隔聲斷猿,1
13118,聲斷猿時,1
13119,斷猿時叫,1
13120,猿時叫穀,1
13121,時叫穀棲,1
13122,叫穀棲鳥,1
13123,穀棲鳥每,1
13124,棲鳥每搖,1
13125,鳥每搖檉,1
13126,每搖檉寂,1
13127,搖檉寂寞,1
13128,檉寂寞求,1
13129,寂寞求名,1
13130,寞求名士,1
13131,求名士誰,1
13132,名士誰知,1
13133,士誰知此,1
13134,誰知此夕,1
13135,知此夕情,1
13136,此夕情秋,1
13137,夕情秋來,1
13138,情秋來不,1
13139,秋來不復,1
13140,來不復眠,1
13141,不復眠但,1
13142,復眠但覺,1
13143,眠但覺思,1
13144,但覺思悠,1
13145,覺思悠然,1
13146,思悠然菊,1
13147,悠然菊色,1
13148,然菊色欲,1
13149,菊色欲經,1
13150,色欲經露,1
13151,欲經露蟲,1
13152,經露蟲聲,1
13153,露蟲聲漸,1
13154,蟲聲漸替,1
13155,聲漸替蟬,1
13156,漸替蟬詩,1
13157,替蟬詩情,1
13158,蟬詩情生,1
13159,詩情生酒,1
13160,情生酒裏,1
13161,生酒裏心,1
13162,酒裏心事,1
13163,裏心事在,1
13164,心事在山,1
13165,事在山邊,1
13166,在山邊舊,1
13167,山邊舊裏,1
13168,邊舊裏無,1
13169,舊裏無因,1
13170,裏無因到,1
13171,無因到西,1
13172,因到西風,1
13173,到西風又,1
13174,西風又一,1
13175,風又一年,1
13176,又一年昨,1
13177,一年昨宵,1
13178,年昨宵白,1
13179,昨宵白露,1
13180,宵白露下,1
13181,白露下秋,1
13182,露下秋氣,1
13183,下秋氣滿,1
13184,秋氣滿山,1
13185,氣滿山城,1
13186,滿山城風,1
13187,山城風勁,1
13188,城風勁衣,1
13189,風勁衣巾,1
13190,勁衣巾脆,1
13191,衣巾脆窗,1
13192,巾脆窗虛,1
13193,脆窗虛筆,1
13194,窗虛筆墨,1
13195,虛筆墨輕,1
13196,筆墨輕臨,1
13197,墨輕臨書,1
13198,輕臨書愛,1
13199,臨書愛真,1
13200,書愛真跡,1
13201,愛真跡避,1
13202,真跡避酒,1
13203,跡避酒怕,1
13204,避酒怕狂,1
13205,酒怕狂名,1
13206,怕狂名只,1
13207,狂名只擬,1
13208,名只擬隨,1
13209,只擬隨麋,1
13210,擬隨麋鹿,1
13211,隨麋鹿悠,1
13212,麋鹿悠悠,1
13213,鹿悠悠過,1
13214,悠悠過一,1
13215,悠過一生,1
13216,過一生疏,1
13217,一生疏散,1
13218,生疏散永,1
13219,疏散永無,1
13220,散永無事,1
13221,永無事不,1
13222,無事不眠,1
13223,事不眠常,1
13224,不眠常夜,1
13225,眠常夜分,1
13226,常夜分月,1
13227,夜分月中,1
13228,分月中松,1
13229,月中松露,1
13230,中松露滴,1
13231,松露滴風,1
13232,露滴風引,1
13233,滴風引鶴,1
13234,風引鶴同,1
13235,引鶴同聞,1
13236,鶴同聞酒,1
13237,同聞酒熟,1
13238,聞酒熟菊,1
13239,酒熟菊還,1
13240,熟菊還芳,1
13241,菊還芳花,1
13242,還芳花飄,1
13243,芳花飄盞,1
13244,花飄盞亦,1
13245,飄盞亦香,1
13246,盞亦香與,1
13247,亦香與君,1
13248,香與君先,1
13249,與君先一,1
13250,君先一醉,1
13251,先一醉舉,1
13252,一醉舉世,1
13253,醉舉世待,1
13254,舉世待重,1
13255,世待重陽,1
13256,待重陽風,1
13257,重陽風色,1
13258,陽風色初,1
13259,風色初晴,1
13260,色初晴利,1
13261,初晴利蟲,1
13262,晴利蟲聲,1
13263,利蟲聲向,1
13264,蟲聲向晚,1
13265,聲向晚長,1
13266,向晚長此,1
13267,晚長此時,1
13268,長此時如,1
13269,此時如不,1
13270,時如不飲,1
13271,如不飲心,1
13272,不飲心事,1
13273,飲心事亦,1
13274,心事亦應,1
13275,事亦應傷,1
13276,亦應傷帝,1
13277,應傷帝裏,1
13278,傷帝裏閒,1
13279,帝裏閒人,1
13280,裏閒人少,1
13281,閒人少誰,1
13282,人少誰同,1
13283,少誰同把,1
13284,誰同把酒,1
13285,同把酒杯,1
13286,把酒杯硯,1
13287,酒杯硯山,1
13288,杯硯山籬,1
13289,硯山籬下,1
13290,山籬下菊,1
13291,籬下菊今,1
13292,下菊今日,1
13293,菊今日幾,1
13294,今日幾枝,1
13295,日幾枝開,1
13296,幾枝開曉,1
13297,枝開曉角,1
13298,開曉角驚,1
13299,曉角驚眠,1
13300,角驚眠起,1
13301,驚眠起秋,1
13302,眠起秋風,1
13303,起秋風引,1
13304,秋風引病,1
13305,風引病來,1
13306,引病來長,1
13307,病來長年,1
13308,來長年歸,1
13309,長年歸思,1
13310,年歸思切,1
13311,歸思切更,1
13312,思切更值,1
13313,切更值雁,1
13314,更值雁聲,1
13315,值雁聲催,1
13316,雁聲催蕭,1
13317,聲催蕭蕭,1
13318,催蕭蕭晚,1
13319,蕭蕭晚景,1
13320,蕭晚景寒,1
13321,晚景寒獨,1
13322,景寒獨立,1
13323,寒獨立望,1
13324,獨立望江,1
13325,立望江壖,1
13326,望江壖沙,1
13327,江壖沙渚,1
13328,壖沙渚幾,1
13329,沙渚幾行,1
13330,渚幾行雁,1
13331,幾行雁風,1
13332,行雁風灣,1
13333,雁風灣一,1
13334,風灣一隻,1
13335,灣一隻船,1
13336,一隻船落,1
13337,隻船落霞,1
13338,船落霞澄,1
13339,落霞澄返,1
13340,霞澄返照,1
13341,澄返照孤,1
13342,返照孤嶼,1
13343,照孤嶼隔,1
13344,孤嶼隔微,1
13345,嶼隔微煙,1
13346,隔微煙極,1
13347,微煙極目,1
13348,煙極目思,1
13349,極目思無,1
13350,目思無盡,1
13351,思無盡鄉,1
13352,無盡鄉心,1
13353,盡鄉心到,1
13354,鄉心到眼,1
13355,心到眼前,1
13356,到眼前衰,1
13357,眼前衰殘,1
13358,前衰殘歸,1
13359,衰殘歸未,1
13360,殘歸未遂,1
13361,歸未遂寂,1
13362,未遂寂寞,1
13363,遂寂寞此,1
13364,寂寞此宵,1
13365,寞此宵情,1
13366,此宵情舊,1
13367,宵情舊國,1
13368,情舊國當,1
13369,舊國當千,1
13370,國當千里,1
13371,當千里新,1
13372,千里新年,1
13373,里新年隔,1
13374,新年隔數,1
13375,年隔數更,1
13376,隔數更寒,1
13377,數更寒猶,1
13378,更寒猶近,1
13379,寒猶近北,1
13380,猶近北峭,1
13381,近北峭風,1
13382,北峭風漸,1
13383,峭風漸向,1
13384,風漸向東,1
13385,漸向東生,1
13386,向東生誰,1
13387,東生誰見,1
13388,生誰見長,1
13389,誰見長安,1
13390,見長安陌,1
13391,長安陌晨,1
13392,安陌晨鐘,1
13393,陌晨鐘度,1
13394,晨鐘度火,1
13395,鐘度火城,1
13396,度火城殷,1
13397,火城殷勤,1
13398,城殷勤惜,1
13399,殷勤惜此,1
13400,勤惜此夜,1
13401,惜此夜此,1
13402,此夜此夜,1
13403,夜此夜在,1
13404,此夜在逡,1
13405,夜在逡巡,1
13406,在逡巡燭,1
13407,逡巡燭盡,1
13408,巡燭盡年,1
13409,燭盡年還,1
13410,盡年還別,1
13411,年還別雞,1
13412,還別雞鳴,1
13413,別雞鳴老,1
13414,雞鳴老更,1
13415,鳴老更新,1
13416,老更新儺,1
13417,更新儺聲,1
13418,新儺聲方,1
13419,儺聲方去,1
13420,聲方去疫,1
13421,方去疫酒,1
13422,去疫酒色,1
13423,疫酒色已,1
13424,酒色已迎,1
13425,色已迎春,1
13426,已迎春明,1
13427,迎春明日,1
13428,春明日持,1
13429,明日持杯,1
13430,日持杯處,1
13431,持杯處誰,1
13432,杯處誰為,1
13433,處誰為最,1
13434,誰為最後,1
13435,為最後人,1
13436,最後人年,1
13437,後人年年,1
13438,人年年到,1
13439,年年到此,1
13440,年到此日,1
13441,到此日瀝,1
13442,此日瀝酒,1
13443,日瀝酒拜,1
13444,瀝酒拜街,1
13445,酒拜街中,1
13446,拜街中萬,1
13447,街中萬戶,1
13448,中萬戶千,1
13449,萬戶千門,1
13450,戶千門看,1
13451,千門看無,1
13452,門看無人,1
13453,看無人不,1
13454,無人不送,1
13455,人不送窮,1
13456,不送窮送,1
13457,送窮送窮,1
13458,窮送窮窮,1
13459,送窮窮不,1
13460,窮窮不去,1
13461,窮不去相,1
13462,不去相泥,1
13463,去相泥欲,1
13464,相泥欲何,1
13465,泥欲何為,1
13466,欲何為今,1
13467,何為今日,1
13468,為今日官,1
13469,今日官家,1
13470,日官家宅,1
13471,官家宅淹,1
13472,家宅淹留,1
13473,宅淹留又,1
13474,淹留又幾,1
13475,留又幾時,1
13476,又幾時古,1
13477,幾時古人,1
13478,時古人皆,1
13479,古人皆恨,1
13480,人皆恨別,1
13481,皆恨別此,1
13482,恨別此別,1
13483,別此別恨,1
13484,此別恨消,1
13485,別恨消魂,1
13486,恨消魂只,1
13487,消魂只是,1
13488,魂只是空,1
13489,只是空相,1
13490,是空相送,1
13491,空相送年,1
13492,相送年年,1
13493,送年年不,1
13494,年年不出,1
13495,年不出門,1
13496,不出門靄,1
13497,出門靄靄,1
13498,門靄靄紛,1
13499,靄靄紛紛,1
13500,靄紛紛不,1
13501,紛紛不可,1
13502,紛不可窮,1
13503,不可窮戛,1
13504,可窮戛笙,1
13505,窮戛笙歌,1
13506,戛笙歌處,1
13507,笙歌處盡,1
13508,歌處盡隨,1
13509,處盡隨龍,1
13510,盡隨龍來,1
13511,隨龍來依,1
13512,龍來依銀,1
13513,來依銀漢,1
13514,依銀漢一,1
13515,銀漢一千,1
13516,漢一千里,1
13517,一千里歸,1
13518,千里歸傍,1
13519,里歸傍巫,1
13520,歸傍巫山,1
13521,傍巫山十,1
13522,巫山十二,1
13523,山十二峰,1
13524,十二峰呈,1
13525,二峰呈瑞,1
13526,峰呈瑞每,1
13527,呈瑞每聞,1
13528,瑞每聞開,1
13529,每聞開麗,1
13530,聞開麗色,1
13531,開麗色避,1
13532,麗色避風,1
13533,色避風仍,1
13534,避風仍見,1
13535,風仍見掛,1
13536,仍見掛喬,1
13537,見掛喬松,1
13538,掛喬松憐,1
13539,喬松憐君,1
13540,松憐君翠,1
13541,憐君翠染,1
13542,君翠染雙,1
13543,翠染雙蟬,1
13544,染雙蟬鬢,1
13545,雙蟬鬢鏡,1
13546,蟬鬢鏡裏,1
13547,鬢鏡裏朝,1
13548,鏡裏朝朝,1
13549,裏朝朝近,1
13550,朝朝近玉,1
13551,朝近玉容,1
13552,近玉容愁,1
13553,玉容愁雲,1
13554,容愁雲殘,1
13555,愁雲殘臘,1
13556,雲殘臘下,1
13557,殘臘下陽,1
13558,臘下陽臺,1
13559,下陽臺混,1
13560,陽臺混卻,1
13561,臺混卻乾,1
13562,混卻乾坤,1
13563,卻乾坤六,1
13564,乾坤六出,1
13565,坤六出開,1
13566,六出開與,1
13567,出開與月,1
13568,開與月交,1
13569,與月交光,1
13570,月交光呈,1
13571,交光呈瑞,1
13572,光呈瑞色,1
13573,呈瑞色共,1
13574,瑞色共花,1
13575,色共花爭,1
13576,共花爭豔,1
13577,花爭豔傍,1
13578,爭豔傍寒,1
13579,豔傍寒梅,1
13580,傍寒梅飛,1
13581,寒梅飛隨,1
13582,梅飛隨郢,1
13583,飛隨郢客,1
13584,隨郢客歌,1
13585,郢客歌聲,1
13586,客歌聲遠,1
13587,歌聲遠散,1
13588,聲遠散逐,1
13589,遠散逐宮,1
13590,散逐宮娥,1
13591,逐宮娥舞,1
13592,宮娥舞袖,1
13593,娥舞袖回,1
13594,舞袖回其,1
13595,袖回其那,1
13596,回其那知,1
13597,其那知音,1
13598,那知音不,1
13599,知音不相,1
13600,音不相見,1
13601,不相見剡,1
13602,相見剡溪,1
13603,見剡溪乘,1
13604,剡溪乘興,1
13605,溪乘興為,1
13606,乘興為君,1
13607,興為君來,1
13608,為君來霏,1
13609,君來霏微,1
13610,來霏微著,1
13611,霏微著草,1
13612,微著草樹,1
13613,著草樹漸,1
13614,草樹漸布,1
13615,樹漸布與,1
13616,漸布與階,1
13617,布與階平,1
13618,與階平遠,1
13619,階平遠近,1
13620,平遠近如,1
13621,遠近如空,1
13622,近如空色,1
13623,如空色飄,1
13624,空色飄颺,1
13625,色飄颺無,1
13626,飄颺無落,1
13627,颺無落聲,1
13628,無落聲飛,1
13629,落聲飛鴉,1
13630,聲飛鴉疑,1
13631,飛鴉疑翅,1
13632,鴉疑翅重,1
13633,疑翅重去,1
13634,翅重去馬,1
13635,重去馬覺,1
13636,去馬覺蹄,1
13637,馬覺蹄輕,1
13638,覺蹄輕遙,1
13639,蹄輕遙想,1
13640,輕遙想故,1
13641,遙想故山,1
13642,想故山下,1
13643,故山下樵,1
13644,山下樵夫,1
13645,下樵夫應,1
13646,樵夫應滯,1
13647,夫應滯行,1
13648,應滯行銀,1
13649,滯行銀輪,1
13650,行銀輪玉,1
13651,銀輪玉兔,1
13652,輪玉兔向,1
13653,玉兔向東,1
13654,兔向東流,1
13655,向東流瑩,1
13656,東流瑩淨,1
13657,流瑩淨三,1
13658,瑩淨三更,1
13659,淨三更正,1
13660,三更正好,1
13661,更正好遊,1
13662,正好遊一,1
13663,好遊一片,1
13664,遊一片黑,1
13665,一片黑雲,1
13666,片黑雲何,1
13667,黑雲何處,1
13668,雲何處起,1
13669,何處起皂,1
13670,處起皂羅,1
13671,起皂羅籠,1
13672,皂羅籠卻,1
13673,羅籠卻水,1
13674,籠卻水精,1
13675,卻水精球,1
13676,水精球亭,1
13677,精球亭亭,1
13678,球亭亭千,1
13679,亭亭千萬,1
13680,亭千萬里,1
13681,千萬里三,1
13682,萬里三五,1
13683,里三五複,1
13684,三五複秋,1
13685,五複秋中,1
13686,複秋中此,1
13687,秋中此夕,1
13688,中此夕光,1
13689,此夕光應,1
13690,夕光應絕,1
13691,光應絕常,1
13692,應絕常時,1
13693,絕常時思,1
13694,常時思不,1
13695,時思不同,1
13696,思不同九,1
13697,不同九霄,1
13698,同九霄微,1
13699,九霄微有,1
13700,霄微有露,1
13701,微有露四,1
13702,有露四海,1
13703,露四海靜,1
13704,四海靜無,1
13705,海靜無風,1
13706,靜無風惆,1
13707,無風惆悵,1
13708,風惆悵逡,1
13709,惆悵逡巡,1
13710,悵逡巡別,1
13711,逡巡別誰,1
13712,巡別誰能,1
13713,別誰能看,1
13714,誰能看碧,1
13715,能看碧空,1
13716,看碧空長,1
13717,碧空長空,1
13718,空長空埃,1
13719,長空埃壒,1
13720,空埃壒滅,1
13721,埃壒滅皎,1
13722,壒滅皎皎,1
13723,滅皎皎月,1
13724,皎皎月華,1
13725,皎月華臨,1
13726,月華臨色,1
13727,華臨色正,1
13728,臨色正秋,1
13729,色正秋將,1
13730,正秋將半,1
13731,秋將半光,1
13732,將半光鮮,1
13733,半光鮮夜,1
13734,光鮮夜自,1
13735,鮮夜自深,1
13736,夜自深九,1
13737,自深九霄,1
13738,深九霄晴,1
13739,九霄晴更,1
13740,霄晴更徹,1
13741,晴更徹四,1
13742,更徹四野,1
13743,徹四野氣,1
13744,四野氣難,1
13745,野氣難侵,1
13746,氣難侵靜,1
13747,難侵靜照,1
13748,侵靜照遙,1
13749,靜照遙山,1
13750,照遙山出,1
13751,遙山出孤,1
13752,山出孤明,1
13753,出孤明列,1
13754,孤明列宿,1
13755,明列宿沉,1
13756,列宿沉高,1
13757,宿沉高人,1
13758,沉高人應,1
13759,高人應不,1
13760,人應不寐,1
13761,應不寐驚,1
13762,不寐驚鵲,1
13763,寐驚鵲複,1
13764,驚鵲複何,1
13765,鵲複何心,1
13766,複何心漏,1
13767,何心漏盡,1
13768,心漏盡東,1
13769,漏盡東方,1
13770,盡東方曉,1
13771,東方曉佳,1
13772,方曉佳期,1
13773,曉佳期何,1
13774,佳期何處,1
13775,期何處尋,1
13776,何處尋銀,1
13777,處尋銀漢,1
13778,尋銀漢波,1
13779,銀漢波瀾,1
13780,漢波瀾溢,1
13781,波瀾溢經,1
13782,瀾溢經旬,1
13783,溢經旬雨,1
13784,經旬雨未,1
13785,旬雨未休,1
13786,雨未休細,1
13787,未休細聽,1
13788,休細聽宜,1
13789,細聽宜隔,1
13790,聽宜隔牖,1
13791,宜隔牖遠,1
13792,隔牖遠望,1
13793,牖遠望憶,1
13794,遠望憶高,1
13795,望憶高樓,1
13796,憶高樓風,1
13797,高樓風急,1
13798,樓風急飄,1
13799,風急飄還,1
13800,急飄還斷,1
13801,飄還斷雲,1
13802,還斷雲低,1
13803,斷雲低落,1
13804,雲低落更,1
13805,低落更稠,1
13806,落更稠走,1
13807,更稠走童,1
13808,稠走童驚,1
13809,走童驚掣,1
13810,童驚掣電,1
13811,驚掣電饑,1
13812,掣電饑鳥,1
13813,電饑鳥啄,1
13814,饑鳥啄浮,1
13815,鳥啄浮漚,1
13816,啄浮漚絲,1
13817,浮漚絲網,1
13818,漚絲網張,1
13819,絲網張空,1
13820,網張空際,1
13821,張空際蛛,1
13822,空際蛛繩,1
13823,際蛛繩續,1
13824,蛛繩續瓦,1
13825,繩續瓦溝,1
13826,續瓦溝青,1
13827,瓦溝青蛙,1
13828,溝青蛙多,1
13829,青蛙多入,1
13830,蛙多入戶,1
13831,多入戶潢,1
13832,入戶潢潦,1
13833,戶潢潦欲,1
13834,潢潦欲勝,1
13835,潦欲勝舟,1
13836,欲勝舟雷,1
13837,勝舟雷怒,1
13838,舟雷怒疑,1
13839,雷怒疑山,1
13840,怒疑山破,1
13841,疑山破池,1
13842,山破池渾,1
13843,破池渾似,1
13844,池渾似土,1
13845,渾似土流,1
13846,似土流灰,1
13847,土流灰人,1
13848,流灰人漫,1
13849,灰人漫禳,1
13850,人漫禳厭,1
13851,漫禳厭水,1
13852,禳厭水馬,1
13853,厭水馬恣,1
13854,水馬恣沈,1
13855,馬恣沈浮,1
13856,恣沈浮廣,1
13857,沈浮廣陌,1
13858,浮廣陌應,1
13859,廣陌應翻,1
13860,陌應翻浪,1
13861,應翻浪貧,1
13862,翻浪貧居,1
13863,浪貧居恐,1
13864,貧居恐作,1
13865,居恐作湫,1
13866,恐作湫陽,1
13867,作湫陽精,1
13868,湫陽精藏,1
13869,陽精藏不,1
13870,精藏不耀,1
13871,藏不耀陰,1
13872,不耀陰氣,1
13873,耀陰氣盛,1
13874,陰氣盛難,1
13875,氣盛難收,1
13876,盛難收遠,1
13877,難收遠色,1
13878,收遠色重,1
13879,遠色重林,1
13880,色重林暮,1
13881,重林暮繁,1
13882,林暮繁聲,1
13883,暮繁聲四,1
13884,繁聲四壁,1
13885,聲四壁秋,1
13886,四壁秋望,1
13887,壁秋望晴,1
13888,秋望晴思,1
13889,望晴思見,1
13890,晴思見日,1
13891,思見日防,1
13892,見日防冷,1
13893,日防冷欲,1
13894,防冷欲披,1
13895,冷欲披裘,1
13896,欲披裘枕,1
13897,披裘枕潤,1
13898,裘枕潤眠,1
13899,枕潤眠還,1
13900,潤眠還懶,1
13901,眠還懶車,1
13902,還懶車羸,1
13903,懶車羸出,1
13904,車羸出轉,1
13905,羸出轉憂,1
13906,出轉憂散,1
13907,轉憂散空,1
13908,憂散空煙,1
13909,散空煙漠,1
13910,空煙漠漠,1
13911,煙漠漠迸,1
13912,漠漠迸溜,1
13913,漠迸溜竹,1
13914,迸溜竹修,1
13915,溜竹修修,1
13916,竹修修樹,1
13917,修修樹暗,1
13918,修樹暗蟬,1
13919,樹暗蟬吟,1
13920,暗蟬吟咽,1
13921,蟬吟咽巢,1
13922,吟咽巢傾,1
13923,咽巢傾燕,1
13924,巢傾燕語,1
13925,傾燕語愁,1
13926,燕語愁琴,1
13927,語愁琴書,1
13928,愁琴書涼,1
13929,琴書涼簟,1
13930,書涼簟淨,1
13931,涼簟淨燈,1
13932,簟淨燈燭,1
13933,淨燈燭夜,1
13934,燈燭夜窗,1
13935,燭夜窗幽,1
13936,夜窗幽天,1
13937,窗幽天下,1
13938,幽天下那,1
13939,天下那能,1
13940,下那能向,1
13941,那能向龍,1
13942,能向龍邊,1
13943,向龍邊豈,1
13944,龍邊豈易,1
13945,邊豈易求,1
13946,豈易求濕,1
13947,易求濕煙,1
13948,求濕煙凝,1
13949,濕煙凝灶,1
13950,煙凝灶額,1
13951,凝灶額荒,1
13952,灶額荒草,1
13953,額荒草覆,1
13954,荒草覆牆,1
13955,草覆牆頭,1
13956,覆牆頭酒,1
13957,牆頭酒思,1
13958,頭酒思淒,1
13959,酒思淒方,1
13960,思淒方罷,1
13961,淒方罷詩,1
13962,方罷詩情,1
13963,罷詩情耿,1
13964,詩情耿始,1
13965,情耿始抽,1
13966,耿始抽下,1
13967,始抽下床,1
13968,抽下床先,1
13969,下床先仗,1
13970,床先仗屐,1
13971,先仗屐汲,1
13972,仗屐汲井,1
13973,屐汲井恐,1
13974,汲井恐飄,1
13975,井恐飄甌,1
13976,恐飄甌危,1
13977,飄甌危坐,1
13978,甌危坐徒,1
13979,危坐徒相,1
13980,坐徒相憶,1
13981,徒相憶佳,1
13982,相憶佳期,1
13983,憶佳期未,1
13984,佳期未有,1
13985,期未有由,1
13986,未有由勞,1
13987,有由勞君,1
13988,由勞君寄,1
13989,勞君寄新,1
13990,君寄新什,1
13991,寄新什終,1
13992,新什終日,1
13993,什終日不,1
13994,終日不能,1
13995,日不能酬,1
13996,不能酬清,1
13997,能酬清氣,1
13998,酬清氣潤,1
13999,清氣潤華,1
14000,氣潤華屋,1
14001,潤華屋東,1
14002,華屋東風,1
14003,屋東風吹,1
14004,東風吹雨,1
14005,風吹雨勻,1
14006,吹雨勻花,1
14007,雨勻花低,1
14008,勻花低驚,1
14009,花低驚豔,1
14010,低驚豔重,1
14011,驚豔重竹,1
14012,豔重竹淨,1
14013,重竹淨覺,1
14014,竹淨覺聲,1
14015,淨覺聲真,1
14016,覺聲真山,1
14017,聲真山際,1
14018,真山際凝,1
14019,山際凝如,1
14020,際凝如霧,1
14021,凝如霧雲,1
14022,如霧雲中,1
14023,霧雲中散,1
14024,雲中散似,1
14025,中散似塵,1
14026,散似塵蕭,1
14027,似塵蕭蕭,1
14028,塵蕭蕭下,1
14029,蕭蕭下碧,1
14030,蕭下碧落,1
14031,下碧落點,1
14032,碧落點點,1
14033,落點點救,1
14034,點點救生,1
14035,點救生民,1
14036,救生民緩,1
14037,生民緩灑,1
14038,民緩灑雷,1
14039,緩灑雷霆,1
14040,灑雷霆細,1
14041,雷霆細微,1
14042,霆細微沾,1
14043,細微沾瓦,1
14044,微沾瓦礫,1
14045,沾瓦礫新,1
14046,瓦礫新詩,1
14047,礫新詩成,1
14048,新詩成難,1
14049,詩成難繼,1
14050,成難繼和,1
14051,難繼和造,1
14052,繼和造化,1
14053,和造化筆,1
14054,造化筆通,1
14055,化筆通神,1
14056,筆通神凶,1
14057,通神凶神,1
14058,神凶神扇,1
14059,凶神扇惡,1
14060,神扇惡神,1
14061,扇惡神行,1
14062,惡神行洶,1
14063,神行洶湧,1
14064,行洶湧挨,1
14065,洶湧挨排,1
14066,湧挨排白,1
14067,挨排白霧,1
14068,排白霧生,1
14069,白霧生風,1
14070,霧生風擊,1
14071,生風擊水,1
14072,風擊水凹,1
14073,擊水凹波,1
14074,水凹波撲,1
14075,凹波撲凸,1
14076,波撲凸雨,1
14077,撲凸雨漴,1
14078,凸雨漴山,1
14079,雨漴山口,1
14080,漴山口地,1
14081,山口地嵌,1
14082,口地嵌坑,1
14083,地嵌坑龍,1
14084,嵌坑龍噴,1
14085,坑龍噴黑,1
14086,龍噴黑氣,1
14087,噴黑氣翻,1
14088,黑氣翻騰,1
14089,氣翻騰滾,1
14090,翻騰滾鬼,1
14091,騰滾鬼掣,1
14092,滾鬼掣紅,1
14093,鬼掣紅光,1
14094,掣紅光劈,1
14095,紅光劈劃,1
14096,光劈劃揁,1
14097,劈劃揁哮,1
14098,劃揁哮吼,1
14099,揁哮吼忽,1
14100,哮吼忽雷,1
14101,吼忽雷聲,1
14102,忽雷聲揭,1
14103,雷聲揭石,1
14104,聲揭石滿,1
14105,揭石滿天,1
14106,石滿天啾,1
14107,滿天啾唧,1
14108,天啾唧鬧,1
14109,啾唧鬧轟,1
14110,唧鬧轟轟,1
14111,鬧轟轟江,1
14112,轟轟江昏,1
14113,轟江昏山,1
14114,江昏山半,1
14115,昏山半晴,1
14116,山半晴南,1
14117,半晴南阻,1
14118,晴南阻絕,1
14119,南阻絕人,1
14120,阻絕人行,1
14121,絕人行葭,1
14122,人行葭菼,1
14123,行葭菼連,1
14124,葭菼連雲,1
14125,菼連雲色,1
14126,連雲色松,1
14127,雲色松杉,1
14128,色松杉共,1
14129,松杉共雨,1
14130,杉共雨聲,1
14131,共雨聲早,1
14132,雨聲早秋,1
14133,聲早秋仍,1
14134,早秋仍燕,1
14135,秋仍燕舞,1
14136,仍燕舞深,1
14137,燕舞深夜,1
14138,舞深夜更,1
14139,深夜更鼉,1
14140,夜更鼉鳴,1
14141,更鼉鳴為,1
14142,鼉鳴為報,1
14143,鳴為報迷,1
14144,為報迷津,1
14145,報迷津客,1
14146,迷津客訛,1
14147,津客訛言,1
14148,客訛言未,1
14149,訛言未可,1
14150,言未可輕,1
14151,未可輕亭,1
14152,可輕亭亭,1
14153,輕亭亭白,1
14154,亭亭白雲,1
14155,亭白雲榭,1
14156,白雲榭下,1
14157,雲榭下有,1
14158,榭下有清,1
14159,下有清江,1
14160,有清江流,1
14161,清江流見,1
14162,江流見江,1
14163,流見江不,1
14164,見江不得,1
14165,江不得親,1
14166,不得親不,1
14167,得親不如,1
14168,親不如波,1
14169,不如波上,1
14170,如波上鷗,1
14171,波上鷗有,1
14172,上鷗有榭,1
14173,鷗有榭江,1
14174,有榭江可,1
14175,榭江可見,1
14176,江可見無,1
14177,可見無榭,1
14178,見無榭無,1
14179,無榭無雙,1
14180,榭無雙眸,1
14181,無雙眸僮,1
14182,雙眸僮僕,1
14183,眸僮僕不,1
14184,僮僕不到,1
14185,僕不到閾,1
14186,不到閾雙,1
14187,到閾雙扉,1
14188,閾雙扉常,1
14189,雙扉常自,1
14190,扉常自關,1
14191,常自關四,1
14192,自關四壁,1
14193,關四壁畫,1
14194,四壁畫遠,1
14195,壁畫遠水,1
14196,畫遠水堂,1
14197,遠水堂前,1
14198,水堂前聳,1
14199,堂前聳秋,1
14200,前聳秋山,1
14201,聳秋山時,1
14202,秋山時聞,1
14203,山時聞有,1
14204,時聞有仙,1
14205,聞有仙鼠,1
14206,有仙鼠竊,1
14207,仙鼠竊藥,1
14208,鼠竊藥簷,1
14209,竊藥簷隙,1
14210,藥簷隙間,1
14211,簷隙間編,1
14212,隙間編草,1
14213,間編草覆,1
14214,編草覆柏,1
14215,草覆柏椽,1
14216,覆柏椽軒,1
14217,柏椽軒扉,1
14218,椽軒扉皆,1
14219,軒扉皆竹,1
14220,扉皆竹織,1
14221,皆竹織合,1
14222,竹織合成,1
14223,織合成似,1
14224,合成似僧,1
14225,成似僧居,1
14226,似僧居學,1
14227,僧居學僧,1
14228,居學僧居,1
14229,學僧居未,1
14230,僧居未得,1
14231,居未得有,1
14232,未得有時,1
14233,得有時公,1
14234,有時公府,1
14235,時公府勞,1
14236,公府勞還,1
14237,府勞還複,1
14238,勞還複來,1
14239,還複來此,1
14240,複來此息,1
14241,來此息盤,1
14242,此息盤盤,1
14243,息盤盤松,1
14244,盤盤松上,1
14245,盤松上蓋,1
14246,松上蓋下,1
14247,上蓋下覆,1
14248,蓋下覆青,1
14249,下覆青石,1
14250,覆青石壇,1
14251,青石壇月,1
14252,石壇月中,1
14253,壇月中零,1
14254,月中零露,1
14255,中零露垂,1
14256,零露垂日,1
14257,露垂日出,1
14258,垂日出露,1
14259,日出露尚,1
14260,出露尚漙,1
14261,露尚漙山,1
14262,尚漙山翁,1
14263,漙山翁稱,1
14264,山翁稱絕,1
14265,翁稱絕境,1
14266,稱絕境海,1
14267,絕境海橋,1
14268,境海橋無,1
14269,海橋無所,1
14270,橋無所觀,1
14271,無所觀藥,1
14272,所觀藥院,1
14273,觀藥院徑,1
14274,藥院徑亦,1
14275,院徑亦高,1
14276,徑亦高往,1
14277,亦高往來,1
14278,高往來踏,1
14279,往來踏葼,1
14280,來踏葼影,1
14281,踏葼影方,1
14282,葼影方當,1
14283,影方當繁,1
14284,方當繁暑,1
14285,當繁暑日,1
14286,繁暑日草,1
14287,暑日草屩,1
14288,日草屩微,1
14289,草屩微微,1
14290,屩微微冷,1
14291,微微冷愛,1
14292,微冷愛此,1
14293,冷愛此不,1
14294,愛此不能,1
14295,此不能行,1
14296,不能行折,1
14297,能行折薪,1
14298,行折薪坐,1
14299,折薪坐煎,1
14300,薪坐煎茗,1
14301,坐煎茗種,1
14302,煎茗種竹,1
14303,茗種竹愛,1
14304,種竹愛庭,1
14305,竹愛庭際,1
14306,愛庭際亦,1
14307,庭際亦以,1
14308,際亦以資,1
14309,亦以資玩,1
14310,以資玩賞,1
14311,資玩賞窮,1
14312,玩賞窮秋,1
14313,賞窮秋雨,1
14314,窮秋雨蕭,1
14315,秋雨蕭條,1
14316,雨蕭條但,1
14317,蕭條但見,1
14318,條但見牆,1
14319,但見牆垣,1
14320,見牆垣長,1
14321,牆垣長宣,1
14322,垣長宣尼,1
14323,長宣尼高,1
14324,宣尼高數,1
14325,尼高數仞,1
14326,高數仞固,1
14327,數仞固應,1
14328,仞固應非,1
14329,固應非土,1
14330,應非土壤,1
14331,非土壤布,1
14332,土壤布石,1
14333,壤布石滿,1
14334,布石滿山,1
14335,石滿山庭,1
14336,滿山庭磷,1
14337,山庭磷磷,1
14338,庭磷磷潔,1
14339,磷磷潔還,1
14340,磷潔還清,1
14341,潔還清幽,1
14342,還清幽人,1
14343,清幽人常,1
14344,幽人常履,1
14345,人常履此,1
14346,常履此月,1
14347,履此月下,1
14348,此月下屐,1
14349,月下屐齒,1
14350,下屐齒鳴,1
14351,屐齒鳴藥,1
14352,齒鳴藥草,1
14353,鳴藥草枝,1
14354,藥草枝葉,1
14355,草枝葉動,1
14356,枝葉動似,1
14357,葉動似向,1
14358,動似向山,1
14359,似向山中,1
14360,向山中生,1
14361,山中生茅,1
14362,中生茅堂,1
14363,生茅堂階,1
14364,茅堂階豈,1
14365,堂階豈高,1
14366,階豈高數,1
14367,豈高數寸,1
14368,高數寸是,1
14369,數寸是苔,1
14370,寸是苔蘚,1
14371,是苔蘚只,1
14372,苔蘚只恐,1
14373,蘚只恐秋,1
14374,只恐秋雨,1
14375,恐秋雨中,1
14376,秋雨中窗,1
14377,雨中窗戶,1
14378,中窗戶亦,1
14379,窗戶亦不,1
14380,戶亦不濺,1
14381,亦不濺眼,1
14382,不濺眼前,1
14383,濺眼前無,1
14384,眼前無此,1
14385,前無此物,1
14386,無此物我,1
14387,此物我情,1
14388,物我情何,1
14389,我情何由,1
14390,情何由遣,1
14391,何由遣芭,1
14392,由遣芭蕉,1
14393,遣芭蕉叢,1
14394,芭蕉叢叢,1
14395,蕉叢叢生,1
14396,叢叢生月,1
14397,叢生月照,1
14398,生月照參,1
14399,月照參差,1
14400,照參差影,1
14401,參差影數,1
14402,差影數葉,1
14403,影數葉大,1
14404,數葉大如,1
14405,葉大如牆,1
14406,大如牆作,1
14407,如牆作我,1
14408,牆作我門,1
14409,作我門之,1
14410,我門之屏,1
14411,門之屏稍,1
14412,之屏稍稍,1
14413,屏稍稍聞,1
14414,稍稍聞見,1
14415,稍聞見稀,1
14416,聞見稀耳,1
14417,見稀耳目,1
14418,稀耳目得,1
14419,耳目得安,1
14420,目得安靜,1
14421,得安靜桃,1
14422,安靜桃花,1
14423,靜桃花四,1
14424,桃花四散,1
14425,花四散飛,1
14426,四散飛桃,1
14427,散飛桃子,1
14428,飛桃子壓,1
14429,桃子壓枝,1
14430,子壓枝垂,1
14431,壓枝垂寂,1
14432,枝垂寂寂,1
14433,垂寂寂青,1
14434,寂寂青陰,1
14435,寂青陰裏,1
14436,青陰裏幽,1
14437,陰裏幽人,1
14438,裏幽人舉,1
14439,幽人舉步,1
14440,人舉步遲,1
14441,舉步遲殷,1
14442,步遲殷勤,1
14443,遲殷勤念,1
14444,殷勤念此,1
14445,勤念此徑,1
14446,念此徑我,1
14447,此徑我去,1
14448,徑我去複,1
14449,我去複來,1
14450,去複來誰,1
14451,複來誰方,1
14452,來誰方塘,1
14453,誰方塘菡,1
14454,方塘菡萏,1
14455,塘菡萏高,1
14456,菡萏高繁,1
14457,萏高繁豔,1
14458,高繁豔相,1
14459,繁豔相照,1
14460,豔相照耀,1
14461,相照耀幽,1
14462,照耀幽人,1
14463,耀幽人夜,1
14464,幽人夜眠,1
14465,人夜眠起,1
14466,夜眠起忽,1
14467,眠起忽疑,1
14468,起忽疑野,1
14469,忽疑野中,1
14470,疑野中燒,1
14471,野中燒曉,1
14472,中燒曉尋,1
14473,燒曉尋不,1
14474,曉尋不知,1
14475,尋不知休,1
14476,不知休白,1
14477,知休白石,1
14478,休白石岸,1
14479,白石岸亦,1
14480,石岸亦峭,1
14481,岸亦峭濛,1
14482,亦峭濛濛,1
14483,峭濛濛紫,1
14484,濛濛紫花,1
14485,濛紫花藤,1
14486,紫花藤下,1
14487,花藤下複,1
14488,藤下複清,1
14489,下複清溪,1
14490,複清溪水,1
14491,清溪水若,1
14492,溪水若遣,1
14493,水若遣隨,1
14494,若遣隨波,1
14495,遣隨波流,1
14496,隨波流不,1
14497,波流不如,1
14498,流不如風,1
14499,不如風飄,1
14500,如風飄起,1
14501,風飄起風,1
14502,飄起風飄,1
14503,起風飄或,1
14504,風飄或近,1
14505,飄或近堤,1
14506,或近堤隨,1
14507,近堤隨波,1
14508,堤隨波千,1
14509,隨波千萬,1
14510,波千萬里,1
14511,千萬里曉,1
14512,萬里曉向,1
14513,里曉向潭,1
14514,曉向潭上,1
14515,向潭上行,1
14516,潭上行夕,1
14517,上行夕就,1
14518,行夕就潭,1
14519,夕就潭邊,1
14520,就潭邊宿,1
14521,潭邊宿清,1
14522,邊宿清冷,1
14523,宿清冷無,1
14524,清冷無波,1
14525,冷無波瀾,1
14526,無波瀾潎,1
14527,波瀾潎潎,1
14528,瀾潎潎魚,1
14529,潎潎魚相,1
14530,潎魚相逐,1
14531,魚相逐釣,1
14532,相逐釣翁,1
14533,逐釣翁坐,1
14534,釣翁坐不,1
14535,翁坐不起,1
14536,坐不起見,1
14537,不起見我,1
14538,起見我往,1
14539,見我往來,1
14540,我往來熟,1
14541,往來熟此,1
14542,來熟此路,1
14543,熟此路何,1
14544,此路何瀟,1
14545,路何瀟灑,1
14546,何瀟灑永,1
14547,瀟灑永無,1
14548,灑永無公,1
14549,永無公卿,1
14550,無公卿跡,1
14551,公卿跡日,1
14552,卿跡日日,1
14553,跡日日多,1
14554,日日多往,1
14555,日多往來,1
14556,多往來藜,1
14557,往來藜杖,1
14558,來藜杖與,1
14559,藜杖與桑,1
14560,杖與桑屐,1
14561,與桑屐路,1
14562,桑屐路邊,1
14563,屐路邊何,1
14564,路邊何所,1
14565,邊何所有,1
14566,何所有磊,1
14567,所有磊磊,1
14568,有磊磊青,1
14569,磊磊青淥,1
14570,磊青淥石,1
14571,青淥石念,1
14572,淥石念昔,1
14573,石念昔有,1
14574,念昔有此,1
14575,昔有此峰,1
14576,有此峰在,1
14577,此峰在彼,1
14578,峰在彼江,1
14579,在彼江陵,1
14580,彼江陵先,1
14581,江陵先舉,1
14582,陵先舉世,1
14583,先舉世未,1
14584,舉世未能,1
14585,世未能知,1
14586,未能知愚,1
14587,能知愚亦,1
14588,知愚亦望,1
14589,愚亦望同,1
14590,亦望同賢,1
14591,望同賢我,1
14592,同賢我來,1
14593,賢我來心,1
14594,我來心益,1
14595,來心益悶,1
14596,心益悶欲,1
14597,益悶欲上,1
14598,悶欲上天,1
14599,欲上天公,1
14600,上天公箋,1
14601,天公箋不,1
14602,公箋不與,1
14603,箋不與江,1
14604,不與江水,1
14605,與江水接,1
14606,江水接自,1
14607,水接自出,1
14608,接自出林,1
14609,自出林中,1
14610,出林中央,1
14611,林中央穿,1
14612,中央穿花,1
14613,央穿花複,1
14614,穿花複遠,1
14615,花複遠水,1
14616,複遠水一,1
14617,遠水一山,1
14618,水一山聞,1
14619,一山聞杏,1
14620,山聞杏香,1
14621,聞杏香我,1
14622,杏香我來,1
14623,香我來持,1
14624,我來持茗,1
14625,來持茗甌,1
14626,持茗甌日,1
14627,茗甌日屢,1
14628,甌日屢此,1
14629,日屢此來,1
14630,屢此來嘗,1
14631,此來嘗葉,1
14632,來嘗葉葉,1
14633,嘗葉葉新,1
14634,葉葉新春,1
14635,葉新春筠,1
14636,新春筠下,1
14637,春筠下複,1
14638,筠下複清,1
14639,下複清淺,1
14640,複清淺流,1
14641,清淺流微,1
14642,淺流微風,1
14643,流微風屢,1
14644,微風屢此,1
14645,風屢此來,1
14646,屢此來決,1
14647,此來決決,1
14648,來決決複,1
14649,決決複修,1
14650,決複修修,1
14651,複修修詩,1
14652,修修詩人,1
14653,修詩人月,1
14654,詩人月下,1
14655,人月下吟,1
14656,月下吟月,1
14657,下吟月墮,1
14658,吟月墮吟,1
14659,月墮吟不,1
14660,墮吟不休,1
14661,吟不休森,1
14662,不休森森,1
14663,休森森楓,1
14664,森森楓樹,1
14665,森楓樹林,1
14666,楓樹林護,1
14667,樹林護此,1
14668,林護此石,1
14669,護此石門,1
14670,此石門堰,1
14671,石門堰杏,1
14672,門堰杏堤,1
14673,堰杏堤數,1
14674,杏堤數裏,1
14675,堤數裏餘,1
14676,數裏餘楓,1
14677,裏餘楓影,1
14678,餘楓影覆,1
14679,楓影覆亦,1
14680,影覆亦遍,1
14681,覆亦遍鸕,1
14682,亦遍鸕鷀,1
14683,遍鸕鷀與,1
14684,鸕鷀與釣,1
14685,鷀與釣童,1
14686,與釣童質,1
14687,釣童質異,1
14688,童質異同,1
14689,質異同所,1
14690,異同所願,1
14691,同所願散,1
14692,所願散漫,1
14693,願散漫複,1
14694,散漫複潺,1
14695,漫複潺湲,1
14696,複潺湲半,1
14697,潺湲半砂,1
14698,湲半砂半,1
14699,半砂半和,1
14700,砂半和石,1
14701,半和石清,1
14702,和石清風,1
14703,石清風波,1
14704,清風波亦,1
14705,風波亦無,1
14706,波亦無歷,1
14707,亦無歷歷,1
14708,無歷歷魚,1
14709,歷歷魚可,1
14710,歷魚可搦,1
14711,魚可搦我,1
14712,可搦我來,1
14713,搦我來亦,1
14714,我來亦屢,1
14715,來亦屢久,1
14716,亦屢久歸,1
14717,屢久歸路,1
14718,久歸路常,1
14719,歸路常日,1
14720,路常日夕,1
14721,常日夕舊,1
14722,日夕舊山,1
14723,夕舊山寧,1
14724,舊山寧要,1
14725,山寧要去,1
14726,寧要去此,1
14727,要去此有,1
14728,去此有濯,1
14729,此有濯纓,1
14730,有濯纓泉,1
14731,濯纓泉曉,1
14732,纓泉曉景,1
14733,泉曉景松,1
14734,曉景松枝,1
14735,景松枝覆,1
14736,松枝覆秋,1
14737,枝覆秋光,1
14738,覆秋光月,1
14739,秋光月色,1
14740,光月色連,1
14741,月色連行,1
14742,色連行尋,1
14743,連行尋屐,1
14744,行尋屐齒,1
14745,尋屐齒盡,1
14746,屐齒盡坐,1
14747,齒盡坐對,1
14748,盡坐對角,1
14749,坐對角巾,1
14750,對角巾偏,1
14751,角巾偏寂,1
14752,巾偏寂寂,1
14753,偏寂寂幽,1
14754,寂寂幽棲,1
14755,寂幽棲處,1
14756,幽棲處無,1
14757,棲處無妨,1
14758,處無妨請,1
14759,無妨請俸,1
14760,妨請俸錢,1
14761,請俸錢由,1
14762,俸錢由釣,1
14763,錢由釣起,1
14764,由釣起茅,1
14765,釣起茅亭,1
14766,起茅亭柴,1
14767,茅亭柴扉,1
14768,亭柴扉複,1
14769,柴扉複竹,1
14770,扉複竹楹,1
14771,複竹楹波,1
14772,竹楹波清,1
14773,楹波清見,1
14774,波清見絲,1
14775,清見絲影,1
14776,見絲影坐,1
14777,絲影坐久,1
14778,影坐久識,1
14779,坐久識魚,1
14780,久識魚情,1
14781,識魚情白,1
14782,魚情白鳥,1
14783,情白鳥依,1
14784,白鳥依窗,1
14785,鳥依窗宿,1
14786,依窗宿青,1
14787,窗宿青蒲,1
14788,宿青蒲傍,1
14789,青蒲傍砌,1
14790,蒲傍砌生,1
14791,傍砌生欲,1
14792,砌生欲同,1
14793,生欲同漁,1
14794,欲同漁父,1
14795,同漁父舍,1
14796,漁父舍須,1
14797,父舍須自,1
14798,舍須自減,1
14799,須自減逢,1
14800,自減逢迎,1
14801,減逢迎幽,1
14802,逢迎幽島,1
14803,迎幽島蘚,1
14804,幽島蘚層,1
14805,島蘚層層,1
14806,蘚層層詩,1
14807,層層詩人,1
14808,層詩人日,1
14809,詩人日日,1
14810,人日日登,1
14811,日日登坐,1
14812,日登坐危,1
14813,登坐危石,1
14814,坐危石是,1
14815,危石是榻,1
14816,石是榻吟,1
14817,是榻吟冷,1
14818,榻吟冷唾,1
14819,吟冷唾成,1
14820,冷唾成冰,1
14821,唾成冰靜,1
14822,成冰靜對,1
14823,冰靜對唯,1
14824,靜對唯秋,1
14825,對唯秋水,1
14826,唯秋水同,1
14827,秋水同來,1
14828,水同來但,1
14829,同來但老,1
14830,來但老僧,1
14831,但老僧竹,1
14832,老僧竹枝,1
14833,僧竹枝題,1
14834,竹枝題字,1
14835,枝題字處,1
14836,題字處小,1
14837,字處小篆,1
14838,處小篆複,1
14839,小篆複誰,1
14840,篆複誰能,1
14841,複誰能微,1
14842,誰能微徑,1
14843,能微徑嬋,1
14844,微徑嬋娟,1
14845,徑嬋娟裏,1
14846,嬋娟裏唯,1
14847,娟裏唯聞,1
14848,裏唯聞靜,1
14849,唯聞靜者,1
14850,聞靜者知,1
14851,靜者知跡,1
14852,者知跡深,1
14853,知跡深苔,1
14854,跡深苔長,1
14855,深苔長處,1
14856,苔長處步,1
14857,長處步狹,1
14858,處步狹筍,1
14859,步狹筍生,1
14860,狹筍生時,1
14861,筍生時高,1
14862,生時高是,1
14863,時高是連,1
14864,高是連幽,1
14865,是連幽樹,1
14866,連幽樹窮,1
14867,幽樹窮應,1
14868,樹窮應到,1
14869,窮應到曲,1
14870,應到曲池,1
14871,到曲池紗,1
14872,曲池紗巾,1
14873,池紗巾靈,1
14874,紗巾靈壽,1
14875,巾靈壽杖,1
14876,靈壽杖行,1
14877,壽杖行樂,1
14878,杖行樂複,1
14879,行樂複相,1
14880,樂複相宜,1
14881,複相宜不,1
14882,相宜不上,1
14883,宜不上酒,1
14884,不上酒家,1
14885,上酒家樓,1
14886,酒家樓池,1
14887,家樓池邊,1
14888,樓池邊日,1
14889,池邊日獻,1
14890,邊日獻酬,1
14891,日獻酬杯,1
14892,獻酬杯來,1
14893,酬杯來轉,1
14894,杯來轉巴,1
14895,來轉巴字,1
14896,轉巴字客,1
14897,巴字客坐,1
14898,字客坐繞,1
14899,客坐繞方,1
14900,坐繞方流,1
14901,繞方流酹,1
14902,方流酹滴,1
14903,流酹滴苔,1
14904,酹滴苔紋,1
14905,滴苔紋斷,1
14906,苔紋斷泉,1
14907,紋斷泉連,1
14908,斷泉連石,1
14909,泉連石岸,1
14910,連石岸秋,1
14911,石岸秋若,1
14912,岸秋若能,1
14913,秋若能山,1
14914,若能山下,1
14915,能山下置,1
14916,山下置歲,1
14917,下置歲晚,1
14918,置歲晚願,1
14919,歲晚願同,1
14920,晚願同遊,1
14921,願同遊泉,1
14922,同遊泉眼,1
14923,遊泉眼高,1
14924,泉眼高千,1
14925,眼高千尺,1
14926,高千尺山,1
14927,千尺山僧,1
14928,尺山僧取,1
14929,山僧取得,1
14930,僧取得歸,1
14931,取得歸架,1
14932,得歸架空,1
14933,歸架空橫,1
14934,架空橫竹,1
14935,空橫竹引,1
14936,橫竹引鑿,1
14937,竹引鑿石,1
14938,引鑿石透,1
14939,鑿石透渠,1
14940,石透渠飛,1
14941,透渠飛洗,1
14942,渠飛洗藥,1
14943,飛洗藥溪,1
14944,洗藥溪流,1
14945,藥溪流濁,1
14946,溪流濁澆,1
14947,流濁澆花,1
14948,濁澆花雨,1
14949,澆花雨力,1
14950,花雨力微,1
14951,雨力微朝,1
14952,力微朝昏,1
14953,微朝昏長,1
14954,朝昏長繞,1
14955,昏長繞看,1
14956,長繞看護,1
14957,繞看護惜,1
14958,看護惜似,1
14959,護惜似持,1
14960,惜似持衣,1
14961,似持衣數,1
14962,持衣數日,1
14963,衣數日自,1
14964,數日自穿,1
14965,日自穿池,1
14966,自穿池引,1
14967,穿池引泉,1
14968,池引泉來,1
14969,引泉來近,1
14970,泉來近陂,1
14971,來近陂尋,1
14972,近陂尋渠,1
14973,陂尋渠通,1
14974,尋渠通咽,1
14975,渠通咽處,1
14976,通咽處繞,1
14977,咽處繞岸,1
14978,處繞岸待,1
14979,繞岸待清,1
14980,岸待清時,1
14981,待清時深,1
14982,清時深好,1
14983,時深好求,1
14984,深好求魚,1
14985,好求魚養,1
14986,求魚養閑,1
14987,魚養閑堪,1
14988,養閑堪與,1
14989,閑堪與鶴,1
14990,堪與鶴期,1
14991,與鶴期幽,1
14992,鶴期幽聲,1
14993,期幽聲聽,1
14994,幽聲聽難,1
14995,聲聽難盡,1
14996,聽難盡入,1
14997,難盡入夜,1
14998,盡入夜睡,1
14999,入夜睡常,1
15000,夜睡常遲,1
15001,睡常遲浮,1
15002,常遲浮萍,1
15003,遲浮萍重,1
15004,浮萍重疊,1
15005,萍重疊水,1
15006,重疊水團,1
15007,疊水團圓,1
15008,水團圓客,1
15009,團圓客繞,1
15010,圓客繞千,1
15011,客繞千遭,1
15012,繞千遭屐,1
15013,千遭屐齒,1
15014,遭屐齒痕,1
15015,屐齒痕莫,1
15016,齒痕莫驚,1
15017,痕莫驚池,1
15018,莫驚池裏,1
15019,驚池裏尋,1
15020,池裏尋常,1
15021,裏尋常滿,1
15022,尋常滿一,1
15023,常滿一井,1
15024,滿一井清,1
15025,一井清泉,1
15026,井清泉是,1
15027,清泉是上,1
15028,泉是上源,1
15029,是上源我,1
15030,上源我嘗,1
15031,源我嘗遊,1
15032,我嘗遊太,1
15033,嘗遊太湖,1
15034,遊太湖愛,1
15035,太湖愛石,1
15036,湖愛石青,1
15037,愛石青嵯,1
15038,石青嵯峨,1
15039,青嵯峨波,1
15040,嵯峨波瀾,1
15041,峨波瀾取,1
15042,波瀾取不,1
15043,瀾取不得,1
15044,取不得自,1
15045,不得自後,1
15046,得自後長,1
15047,自後長咨,1
15048,後長咨嗟,1
15049,長咨嗟奇,1
15050,咨嗟奇哉,1
15051,嗟奇哉賣,1
15052,奇哉賣石,1
15053,哉賣石翁,1
15054,賣石翁不,1
15055,石翁不傍,1
15056,翁不傍豪,1
15057,不傍豪貴,1
15058,傍豪貴家,1
15059,豪貴家負,1
15060,貴家負石,1
15061,家負石聽,1
15062,負石聽苦,1
15063,石聽苦吟,1
15064,聽苦吟雖,1
15065,苦吟雖貧,1
15066,吟雖貧亦,1
15067,雖貧亦來,1
15068,貧亦來過,1
15069,亦來過貴,1
15070,來過貴我,1
15071,過貴我辨,1
15072,貴我辨識,1
15073,我辨識精,1
15074,辨識精取,1
15075,識精取價,1
15076,精取價複,1
15077,取價複不,1
15078,價複不多,1
15079,複不多比,1
15080,不多比之,1
15081,多比之昔,1
15082,比之昔所,1
15083,之昔所見,1
15084,昔所見珍,1
15085,所見珍怪,1
15086,見珍怪頗,1
15087,珍怪頗更,1
15088,怪頗更加,1
15089,頗更加背,1
15090,更加背面,1
15091,加背面淙,1
15092,背面淙注,1
15093,面淙注痕,1
15094,淙注痕孔,1
15095,注痕孔隙,1
15096,痕孔隙若,1
15097,孔隙若琢,1
15098,隙若琢磨,1
15099,若琢磨水,1
15100,琢磨水稱,1
15101,磨水稱至,1
15102,水稱至柔,1
15103,稱至柔物,1
15104,至柔物湖,1
15105,柔物湖乃,1
15106,物湖乃生,1
15107,湖乃生壯,1
15108,乃生壯波,1
15109,生壯波或,1
15110,壯波或雲,1
15111,波或雲此,1
15112,或雲此天,1
15113,雲此天生,1
15114,此天生嵌,1
15115,天生嵌空,1
15116,生嵌空亦,1
15117,嵌空亦非,1
15118,空亦非他,1
15119,亦非他氣,1
15120,非他氣質,1
15121,他氣質偶,1
15122,氣質偶不,1
15123,質偶不合,1
15124,偶不合如,1
15125,不合如地,1
15126,合如地生,1
15127,如地生江,1
15128,地生江河,1
15129,生江河置,1
15130,江河置之,1
15131,河置之書,1
15132,置之書房,1
15133,之書房前,1
15134,書房前曉,1
15135,房前曉霧,1
15136,前曉霧常,1
15137,曉霧常紛,1
15138,霧常紛羅,1
15139,常紛羅碧,1
15140,紛羅碧光,1
15141,羅碧光入,1
15142,碧光入四,1
15143,光入四鄰,1
15144,入四鄰牆,1
15145,四鄰牆壁,1
15146,鄰牆壁難,1
15147,牆壁難蔽,1
15148,壁難蔽遮,1
15149,難蔽遮客,1
15150,蔽遮客來,1
15151,遮客來謂,1
15152,客來謂我,1
15153,來謂我宅,1
15154,謂我宅忽,1
15155,我宅忽若,1
15156,宅忽若岩,1
15157,忽若岩之,1
15158,若岩之阿,1
15159,岩之阿補,1
15160,之阿補天,1
15161,阿補天殘,1
15162,補天殘片,1
15163,天殘片女,1
15164,殘片女媧,1
15165,片女媧拋,1
15166,女媧拋撲,1
15167,媧拋撲落,1
15168,拋撲落禪,1
15169,撲落禪門,1
15170,落禪門壓,1
15171,禪門壓地,1
15172,門壓地坳,1
15173,壓地坳霹,1
15174,地坳霹靂,1
15175,坳霹靂劃,1
15176,霹靂劃深,1
15177,靂劃深龍,1
15178,劃深龍舊,1
15179,深龍舊攫,1
15180,龍舊攫屈,1
15181,舊攫屈盤,1
15182,攫屈盤痕,1
15183,屈盤痕淺,1
15184,盤痕淺虎,1
15185,痕淺虎新,1
15186,淺虎新抓,1
15187,虎新抓苔,1
15188,新抓苔黏,1
15189,抓苔黏月,1
15190,苔黏月眼,1
15191,黏月眼風,1
15192,月眼風挑,1
15193,眼風挑剔,1
15194,風挑剔塵,1
15195,挑剔塵結,1
15196,剔塵結雲,1
15197,塵結雲頭,1
15198,結雲頭雨,1
15199,雲頭雨磕,1
15200,頭雨磕敲,1
15201,雨磕敲秋,1
15202,磕敲秋至,1
15203,敲秋至莫,1
15204,秋至莫言,1
15205,至莫言長,1
15206,莫言長矻,1
15207,言長矻立,1
15208,長矻立春,1
15209,矻立春來,1
15210,立春來自,1
15211,春來自有,1
15212,來自有薜,1
15213,自有薜蘿,1
15214,有薜蘿交,1
15215,薜蘿交樓,1
15216,蘿交樓有,1
15217,交樓有章,1
15218,樓有章亭,1
15219,有章亭號,1
15220,章亭號濤,1
15221,亭號濤來,1
15222,號濤來自,1
15223,濤來自古,1
15224,來自古今,1
15225,自古今勢,1
15226,古今勢連,1
15227,今勢連滄,1
15228,勢連滄海,1
15229,連滄海闊,1
15230,滄海闊色,1
15231,海闊色比,1
15232,闊色比白,1
15233,色比白雲,1
15234,比白雲深,1
15235,白雲深怒,1
15236,雲深怒雪,1
15237,深怒雪驅,1
15238,怒雪驅寒,1
15239,雪驅寒氣,1
15240,驅寒氣狂,1
15241,寒氣狂雷,1
15242,氣狂雷散,1
15243,狂雷散大,1
15244,雷散大音,1
15245,散大音浪,1
15246,大音浪高,1
15247,音浪高風,1
15248,浪高風更,1
15249,高風更起,1
15250,風更起波,1
15251,更起波急,1
15252,起波急石,1
15253,波急石難,1
15254,急石難沈,1
15255,石難沈鳥,1
15256,難沈鳥懼,1
15257,沈鳥懼多,1
15258,鳥懼多遙,1
15259,懼多遙過,1
15260,多遙過龍,1
15261,遙過龍驚,1
15262,過龍驚不,1
15263,龍驚不敢,1
15264,驚不敢吟,1
15265,不敢吟坳,1
15266,敢吟坳如,1
15267,吟坳如開,1
15268,坳如開玉,1
15269,如開玉穴,1
15270,開玉穴危,1
15271,玉穴危似,1
15272,穴危似走,1
15273,危似走瓊,1
15274,似走瓊岑,1
15275,走瓊岑但,1
15276,瓊岑但褫,1
15277,岑但褫千,1
15278,但褫千人,1
15279,褫千人魄,1
15280,千人魄那,1
15281,人魄那知,1
15282,魄那知伍,1
15283,那知伍相,1
15284,知伍相心,1
15285,伍相心岸,1
15286,相心岸摧,1
15287,心岸摧連,1
15288,岸摧連古,1
15289,摧連古道,1
15290,連古道洲,1
15291,古道洲漲,1
15292,道洲漲踣,1
15293,洲漲踣叢,1
15294,漲踣叢林,1
15295,踣叢林跳,1
15296,叢林跳沫,1
15297,林跳沫山,1
15298,跳沫山皆,1
15299,沫山皆濕,1
15300,山皆濕當,1
15301,皆濕當江,1
15302,濕當江日,1
15303,當江日半,1
15304,江日半陰,1
15305,日半陰天,1
15306,半陰天然,1
15307,陰天然與,1
15308,天然與禹,1
15309,然與禹鑿,1
15310,與禹鑿此,1
15311,禹鑿此理,1
15312,鑿此理遣,1
15313,此理遣誰,1
15314,理遣誰尋,1
15315,遣誰尋賃,1
15316,誰尋賃居,1
15317,尋賃居求,1
15318,賃居求賤,1
15319,居求賤處,1
15320,求賤處深,1
15321,賤處深僻,1
15322,處深僻任,1
15323,深僻任人,1
15324,僻任人嫌,1
15325,任人嫌蓋,1
15326,人嫌蓋地,1
15327,嫌蓋地花,1
15328,蓋地花如,1
15329,地花如繡,1
15330,花如繡當,1
15331,如繡當門,1
15332,繡當門竹,1
15333,當門竹勝,1
15334,門竹勝簾,1
15335,竹勝簾勸,1
15336,勝簾勸僧,1
15337,簾勸僧嘗,1
15338,勸僧嘗藥,1
15339,僧嘗藥酒,1
15340,嘗藥酒教,1
15341,藥酒教僕,1
15342,酒教僕辨,1
15343,教僕辨書,1
15344,僕辨書簽,1
15345,辨書簽庭,1
15346,書簽庭際,1
15347,簽庭際山,1
15348,庭際山宜,1
15349,際山宜小,1
15350,山宜小休,1
15351,宜小休令,1
15352,小休令著,1
15353,休令著石,1
15354,令著石添,1
15355,著石添營,1
15356,石添營營,1
15357,添營營是,1
15358,營營是與,1
15359,營是與非,1
15360,是與非前,1
15361,與非前樂,1
15362,非前樂後,1
15363,前樂後還,1
15364,樂後還悲,1
15365,後還悲今,1
15366,還悲今世,1
15367,悲今世已,1
15368,今世已如,1
15369,世已如此,1
15370,已如此他,1
15371,如此他生,1
15372,此他生願,1
15373,他生願似,1
15374,生願似師,1
15375,願似師禪,1
15376,似師禪房,1
15377,師禪房空,1
15378,禪房空旦,1
15379,房空旦暮,1
15380,空旦暮畫,1
15381,旦暮畫壁,1
15382,暮畫壁半,1
15383,畫壁半陳,1
15384,壁半陳隋,1
15385,半陳隋繞,1
15386,陳隋繞徑,1
15387,隋繞徑蒼,1
15388,繞徑蒼苔,1
15389,徑蒼苔跡,1
15390,蒼苔跡幽,1
15391,苔跡幽人,1
15392,跡幽人來,1
15393,幽人來是,1
15394,人來是誰,1
15395,來是誰千,1
15396,是誰千重,1
15397,誰千重山,1
15398,千重山崦,1
15399,重山崦裏,1
15400,山崦裏樓,1
15401,崦裏樓閣,1
15402,裏樓閣影,1
15403,樓閣影參,1
15404,閣影參差,1
15405,影參差未,1
15406,參差未暇,1
15407,差未暇尋,1
15408,未暇尋僧,1
15409,暇尋僧院,1
15410,尋僧院先,1
15411,僧院先看,1
15412,院先看置,1
15413,先看置寺,1
15414,看置寺碑,1
15415,置寺碑竹,1
15416,寺碑竹深,1
15417,碑竹深行,1
15418,竹深行漸,1
15419,深行漸暗,1
15420,行漸暗石,1
15421,漸暗石穩,1
15422,暗石穩坐,1
15423,石穩坐多,1
15424,穩坐多時,1
15425,坐多時古,1
15426,多時古塔,1
15427,時古塔蟲,1
15428,古塔蟲蛇,1
15429,塔蟲蛇善,1
15430,蟲蛇善陰,1
15431,蛇善陰廊,1
15432,善陰廊鳥,1
15433,陰廊鳥雀,1
15434,廊鳥雀癡,1
15435,鳥雀癡雲,1
15436,雀癡雲開,1
15437,癡雲開上,1
15438,雲開上界,1
15439,開上界近,1
15440,上界近泉,1
15441,界近泉落,1
15442,近泉落下,1
15443,泉落下方,1
15444,落下方遲,1
15445,下方遲為,1
15446,方遲為愛,1
15447,遲為愛青,1
15448,為愛青桐,1
15449,愛青桐葉,1
15450,青桐葉因,1
15451,桐葉因題,1
15452,葉因題滿,1
15453,因題滿樹,1
15454,題滿樹詩,1
15455,滿樹詩此,1
15456,樹詩此女,1
15457,詩此女骨,1
15458,此女骨為,1
15459,女骨為土,1
15460,骨為土貞,1
15461,為土貞名,1
15462,土貞名不,1
15463,貞名不可,1
15464,名不可移,1
15465,不可移精,1
15466,可移精靈,1
15467,移精靈閟,1
15468,精靈閟何,1
15469,靈閟何處,1
15470,閟何處蘋,1
15471,何處蘋藻,1
15472,處蘋藻奠,1
15473,蘋藻奠空,1
15474,藻奠空祠,1
15475,奠空祠水,1
15476,空祠水石,1
15477,祠水石生,1
15478,水石生異,1
15479,石生異狀,1
15480,生異狀杉,1
15481,異狀杉松,1
15482,狀杉松無,1
15483,杉松無病,1
15484,松無病枝,1
15485,無病枝我,1
15486,病枝我來,1
15487,枝我來方,1
15488,我來方謝,1
15489,來方謝雨,1
15490,方謝雨延,1
15491,謝雨延滯,1
15492,雨延滯失,1
15493,延滯失歸,1
15494,滯失歸期,1
15495,失歸期帝,1
15496,歸期帝裏,1
15497,期帝裏誰,1
15498,帝裏誰無,1
15499,裏誰無宅,1
15500,誰無宅青,1
15501,無宅青山,1
15502,宅青山只,1
15503,青山只屬,1
15504,山只屬君,1
15505,只屬君閑,1
15506,屬君閑窗,1
15507,君閑窗連,1
15508,閑窗連竹,1
15509,窗連竹色,1
15510,連竹色幽,1
15511,竹色幽砌,1
15512,色幽砌上,1
15513,幽砌上苔,1
15514,砌上苔文,1
15515,上苔文遠,1
15516,苔文遠近,1
15517,文遠近高,1
15518,遠近高低,1
15519,近高低樹,1
15520,高低樹東,1
15521,低樹東西,1
15522,樹東西南,1
15523,東西南北,1
15524,西南北雲,1
15525,南北雲朝,1
15526,北雲朝朝,1
15527,雲朝朝常,1
15528,朝朝常獨,1
15529,朝常獨見,1
15530,常獨見免,1
15531,獨見免被,1
15532,見免被四,1
15533,免被四鄰,1
15534,被四鄰分,1
15535,四鄰分入,1
15536,鄰分入門,1
15537,分入門塵,1
15538,入門塵外,1
15539,門塵外思,1
15540,塵外思苔,1
15541,外思苔徑,1
15542,思苔徑藥,1
15543,苔徑藥苗,1
15544,徑藥苗間,1
15545,藥苗間洞,1
15546,苗間洞裏,1
15547,間洞裏應,1
15548,洞裏應生,1
15549,裏應生玉,1
15550,應生玉庭,1
15551,生玉庭前,1
15552,玉庭前自,1
15553,庭前自有,1
15554,前自有山,1
15555,自有山帝,1
15556,有山帝城,1
15557,山帝城唯,1
15558,帝城唯此,1
15559,城唯此靜,1
15560,唯此靜朝,1
15561,此靜朝客,1
15562,靜朝客更,1
15563,朝客更誰,1
15564,客更誰閑,1
15565,更誰閑野,1
15566,誰閑野鶴,1
15567,閑野鶴松,1
15568,野鶴松中,1
15569,鶴松中語,1
15570,松中語時,1
15571,中語時時,1
15572,語時時去,1
15573,時時去複,1
15574,時去複還,1
15575,去複還春,1
15576,複還春入,1
15577,還春入池,1
15578,春入池亭,1
15579,入池亭好,1
15580,池亭好風,1
15581,亭好風光,1
15582,好風光暖,1
15583,風光暖更,1
15584,光暖更鮮,1
15585,暖更鮮尋,1
15586,更鮮尋芳,1
15587,鮮尋芳行,1
15588,尋芳行不,1
15589,芳行不困,1
15590,行不困逐,1
15591,不困逐勝,1
15592,困逐勝坐,1
15593,逐勝坐還,1
15594,勝坐還遷,1
15595,坐還遷細,1
15596,還遷細草,1
15597,遷細草亂,1
15598,細草亂如,1
15599,草亂如發,1
15600,亂如發幽,1
15601,如發幽禽,1
15602,發幽禽鳴,1
15603,幽禽鳴似,1
15604,禽鳴似弦,1
15605,鳴似弦苔,1
15606,似弦苔文,1
15607,弦苔文翻,1
15608,苔文翻古,1
15609,文翻古篆,1
15610,翻古篆石,1
15611,古篆石色,1
15612,篆石色學,1
15613,石色學秋,1
15614,色學秋天,1
15615,學秋天花,1
15616,秋天花落,1
15617,天花落能,1
15618,花落能漂,1
15619,落能漂酒,1
15620,能漂酒萍,1
15621,漂酒萍開,1
15622,酒萍開解,1
15623,萍開解避,1
15624,開解避船,1
15625,解避船暫,1
15626,避船暫來,1
15627,船暫來還,1
15628,暫來還愈,1
15629,來還愈疾,1
15630,還愈疾久,1
15631,愈疾久住,1
15632,疾久住合,1
15633,久住合成,1
15634,住合成仙,1
15635,合成仙迸,1
15636,成仙迸筍,1
15637,仙迸筍支,1
15638,迸筍支階,1
15639,筍支階起,1
15640,支階起垂,1
15641,階起垂藤,1
15642,起垂藤壓,1
15643,垂藤壓樹,1
15644,藤壓樹偏,1
15645,壓樹偏此,1
15646,樹偏此生,1
15647,偏此生應,1
15648,此生應借,1
15649,生應借看,1
15650,應借看自,1
15651,借看自計,1
15652,看自計買,1
15653,自計買無,1
15654,計買無錢,1
15655,買無錢每,1
15656,無錢每日,1
15657,錢每日樹,1
15658,每日樹邊,1
15659,日樹邊消,1
15660,樹邊消一,1
15661,邊消一日,1
15662,消一日繞,1
15663,一日繞池,1
15664,日繞池行,1
15665,繞池行過,1
15666,池行過又,1
15667,行過又須,1
15668,過又須行,1
15669,又須行異,1
15670,須行異花,1
15671,行異花多,1
15672,異花多是,1
15673,花多是非,1
15674,多是非時,1
15675,是非時有,1
15676,非時有好,1
15677,時有好竹,1
15678,有好竹皆,1
15679,好竹皆當,1
15680,竹皆當要,1
15681,皆當要處,1
15682,當要處生,1
15683,要處生斜,1
15684,處生斜立,1
15685,生斜立小,1
15686,斜立小橋,1
15687,立小橋看,1
15688,小橋看島,1
15689,橋看島勢,1
15690,看島勢遠,1
15691,島勢遠移,1
15692,勢遠移幽,1
15693,遠移幽石,1
15694,移幽石作,1
15695,幽石作泉,1
15696,石作泉聲,1
15697,作泉聲浮,1
15698,泉聲浮萍,1
15699,聲浮萍著,1
15700,浮萍著岸,1
15701,萍著岸風,1
15702,著岸風吹,1
15703,岸風吹歇,1
15704,風吹歇水,1
15705,吹歇水面,1
15706,歇水面無,1
15707,水面無塵,1
15708,面無塵晚,1
15709,無塵晚更,1
15710,塵晚更清,1
15711,晚更清每,1
15712,更清每來,1
15713,清每來歸,1
15714,每來歸意,1
15715,來歸意懶,1
15716,歸意懶都,1
15717,意懶都尉,1
15718,懶都尉似,1
15719,都尉似山,1
15720,尉似山人,1
15721,似山人台,1
15722,山人台榭,1
15723,人台榭棲,1
15724,台榭棲雙,1
15725,榭棲雙鷺,1
15726,棲雙鷺松,1
15727,雙鷺松篁,1
15728,鷺松篁隔,1
15729,松篁隔四,1
15730,篁隔四鄰,1
15731,隔四鄰迸,1
15732,四鄰迸泉,1
15733,鄰迸泉清,1
15734,迸泉清勝,1
15735,泉清勝雨,1
15736,清勝雨深,1
15737,勝雨深洞,1
15738,雨深洞暖,1
15739,深洞暖如,1
15740,洞暖如春,1
15741,暖如春更,1
15742,如春更看,1
15743,春更看題,1
15744,更看題詩,1
15745,看題詩處,1
15746,題詩處前,1
15747,詩處前軒,1
15748,處前軒粉,1
15749,前軒粉壁,1
15750,軒粉壁新,1
15751,粉壁新舊,1
15752,壁新舊隱,1
15753,新舊隱即,1
15754,舊隱即雲,1
15755,隱即雲林,1
15756,即雲林思,1
15757,雲林思歸,1
15758,林思歸日,1
15759,思歸日日,1
15760,歸日日深,1
15761,日日深如,1
15762,日深如今,1
15763,深如今來,1
15764,如今來此,1
15765,今來此地,1
15766,來此地無,1
15767,此地無複,1
15768,地無複有,1
15769,無複有前,1
15770,複有前心,1
15771,有前心古,1
15772,前心古石,1
15773,心古石生,1
15774,古石生靈,1
15775,石生靈草,1
15776,生靈草長,1
15777,靈草長松,1
15778,草長松棲,1
15779,長松棲異,1
15780,松棲異禽,1
15781,棲異禽暮,1
15782,異禽暮潮,1
15783,禽暮潮簷,1
15784,暮潮簷下,1
15785,潮簷下過,1
15786,簷下過濺,1
15787,下過濺浪,1
15788,過濺浪濕,1
15789,濺浪濕衣,1
15790,浪濕衣襟,1
15791,濕衣襟東,1
15792,衣襟東園,1
15793,襟東園連,1
15794,東園連宅,1
15795,園連宅起,1
15796,連宅起勝,1
15797,宅起勝事,1
15798,起勝事與,1
15799,勝事與心,1
15800,事與心期,1
15801,與心期幽,1
15802,心期幽洞,1
15803,期幽洞自,1
15804,幽洞自生,1
15805,洞自生藥,1
15806,自生藥新,1
15807,生藥新篁,1
15808,藥新篁迸,1
15809,新篁迸入,1
15810,篁迸入池,1
15811,迸入池密,1
15812,入池密林,1
15813,池密林行,1
15814,密林行不,1
15815,林行不盡,1
15816,行不盡芳,1
15817,不盡芳草,1
15818,盡芳草坐,1
15819,芳草坐難,1
15820,草坐難移,1
15821,坐難移石,1
15822,難移石翠,1
15823,移石翠疑,1
15824,石翠疑無,1
15825,翠疑無質,1
15826,疑無質鶯,1
15827,無質鶯歌,1
15828,質鶯歌似,1
15829,鶯歌似有,1
15830,歌似有詞,1
15831,似有詞莎,1
15832,有詞莎台,1
15833,詞莎台高,1
15834,莎台高出,1
15835,台高出樹,1
15836,高出樹蘚,1
15837,出樹蘚壁,1
15838,樹蘚壁淨,1
15839,蘚壁淨題,1
15840,壁淨題詩,1
15841,淨題詩我,1
15842,題詩我獨,1
15843,詩我獨多,1
15844,我獨多來,1
15845,獨多來賞,1
15846,多來賞九,1
15847,來賞九衢,1
15848,賞九衢人,1
15849,九衢人不,1
15850,衢人不知,1
15851,人不知幽,1
15852,不知幽棲,1
15853,知幽棲一,1
15854,幽棲一畝,1
15855,棲一畝宮,1
15856,一畝宮清,1
15857,畝宮清峭,1
15858,宮清峭似,1
15859,清峭似山,1
15860,峭似山峰,1
15861,似山峰鄰,1
15862,山峰鄰里,1
15863,峰鄰里不,1
15864,鄰里不通,1
15865,里不通徑,1
15866,不通徑俸,1
15867,通徑俸錢,1
15868,徑俸錢唯,1
15869,俸錢唯買,1
15870,錢唯買松,1
15871,唯買松野,1
15872,買松野人,1
15873,松野人時,1
15874,野人時寄,1
15875,人時寄宿,1
15876,時寄宿穀,1
15877,寄宿穀鳥,1
15878,宿穀鳥自,1
15879,穀鳥自相,1
15880,鳥自相逢,1
15881,自相逢朝,1
15882,相逢朝路,1
15883,逢朝路床,1
15884,朝路床前,1
15885,路床前是,1
15886,床前是誰,1
15887,前是誰知,1
15888,是誰知曉,1
15889,誰知曉起,1
15890,知曉起慵,1
15891,曉起慵焚,1
15892,起慵焚香,1
15893,慵焚香書,1
15894,焚香書院,1
15895,香書院最,1
15896,書院最風,1
15897,院最風流,1
15898,最風流莎,1
15899,風流莎草,1
15900,流莎草緣,1
15901,莎草緣牆,1
15902,草緣牆綠,1
15903,緣牆綠蘚,1
15904,牆綠蘚秋,1
15905,綠蘚秋近,1
15906,蘚秋近砌,1
15907,秋近砌別,1
15908,近砌別穿,1
15909,砌別穿澆,1
15910,別穿澆藥,1
15911,穿澆藥井,1
15912,澆藥井臨,1
15913,藥井臨街,1
15914,井臨街新,1
15915,臨街新起,1
15916,街新起看,1
15917,新起看山,1
15918,起看山樓,1
15919,看山樓棲,1
15920,山樓棲禽,1
15921,樓棲禽戀,1
15922,棲禽戀竹,1
15923,禽戀竹明,1
15924,戀竹明猶,1
15925,竹明猶在,1
15926,明猶在閑,1
15927,猶在閑客,1
15928,在閑客觀,1
15929,閑客觀花,1
15930,客觀花夜,1
15931,觀花夜未,1
15932,花夜未休,1
15933,夜未休好,1
15934,未休好是,1
15935,休好是暗,1
15936,好是暗移,1
15937,是暗移城,1
15938,暗移城裏,1
15939,移城裏宅,1
15940,城裏宅清,1
15941,裏宅清涼,1
15942,宅清涼渾,1
15943,清涼渾得,1
15944,涼渾得似,1
15945,渾得似江,1
15946,得似江頭,1
15947,似江頭心,1
15948,江頭心在,1
15949,頭心在林,1
15950,心在林泉,1
15951,在林泉身,1
15952,林泉身在,1
15953,泉身在城,1
15954,身在城鳳,1
15955,在城鳳凰,1
15956,城鳳凰樓,1
15957,凰樓下得,1
15958,樓下得閒,1
15959,下得閒名,1
15960,得閒名洞,1
15961,閒名洞中,1
15962,名洞中見,1
15963,洞中見鑿,1
15964,中見鑿尋,1
15965,見鑿尋仙,1
15966,鑿尋仙路,1
15967,尋仙路月,1
15968,仙路月裏,1
15969,路月裏猶,1
15970,月裏猶燒,1
15971,裏猶燒煮,1
15972,猶燒煮藥,1
15973,燒煮藥鐺,1
15974,煮藥鐺數,1
15975,藥鐺數樹,1
15976,鐺數樹異,1
15977,數樹異花,1
15978,樹異花皆,1
15979,異花皆敕,1
15980,花皆敕賜,1
15981,皆敕賜並,1
15982,敕賜並竿,1
15983,賜並竿修,1
15984,並竿修竹,1
15985,竿修竹自,1
15986,修竹自天,1
15987,竹自天生,1
15988,自天生詩,1
15989,天生詩人,1
15990,生詩人多,1
15991,詩人多說,1
15992,人多說離,1
15993,多說離君,1
15994,說離君宅,1
15995,離君宅不,1
15996,君宅不得,1
15997,宅不得青,1
15998,不得青苔,1
15999,得青苔地,1
16000,青苔地上,1
16001,苔地上行,1
16002,地上行亭,1
16003,上行亭亭,1
16004,行亭亭河,1
16005,亭亭河上,1
16006,亭河上亭,1
16007,河上亭魚,1
16008,上亭魚躑,1
16009,亭魚躑水,1
16010,魚躑水禽,1
16011,躑水禽鳴,1
16012,水禽鳴九,1
16013,禽鳴九曲,1
16014,鳴九曲何,1
16015,九曲何時,1
16016,曲何時盡,1
16017,何時盡千,1
16018,時盡千峰,1
16019,盡千峰今,1
16020,千峰今日,1
16021,峰今日清,1
16022,今日清晨,1
16023,日清晨光,1
16024,清晨光秋,1
16025,晨光秋更,1
16026,光秋更遠,1
16027,秋更遠暑,1
16028,更遠暑氣,1
16029,遠暑氣夏,1
16030,暑氣夏常,1
16031,氣夏常輕,1
16032,夏常輕杯,1
16033,常輕杯裏,1
16034,輕杯裏移,1
16035,杯裏移檣,1
16036,裏移檣影,1
16037,移檣影琴,1
16038,檣影琴中,1
16039,影琴中有,1
16040,琴中有浪,1
16041,中有浪聲,1
16042,有浪聲岸,1
16043,浪聲岸莎,1
16044,聲岸莎連,1
16045,岸莎連砌,1
16046,莎連砌靜,1
16047,連砌靜漁,1
16048,砌靜漁火,1
16049,靜漁火入,1
16050,漁火入窗,1
16051,火入窗明,1
16052,入窗明來,1
16053,窗明來此,1
16054,明來此多,1
16055,來此多沈,1
16056,此多沈醉,1
16057,多沈醉神,1
16058,沈醉神高,1
16059,醉神高無,1
16060,神高無宿,1
16061,高無宿酲,1
16062,無宿酲亭,1
16063,宿酲亭亭,1
16064,酲亭亭新,1
16065,亭亭新閣,1
16066,亭新閣成,1
16067,新閣成風,1
16068,閣成風景,1
16069,成風景益,1
16070,風景益鮮,1
16071,景益鮮明,1
16072,益鮮明石,1
16073,鮮明石盡,1
16074,明石盡太,1
16075,石盡太湖,1
16076,盡太湖色,1
16077,太湖色水,1
16078,湖色水多,1
16079,色水多湘,1
16080,水多湘渚,1
16081,多湘渚聲,1
16082,湘渚聲翠,1
16083,渚聲翠筠,1
16084,聲翠筠和,1
16085,翠筠和粉,1
16086,筠和粉長,1
16087,和粉長零,1
16088,粉長零露,1
16089,長零露逐,1
16090,零露逐荷,1
16091,露逐荷傾,1
16092,逐荷傾時,1
16093,荷傾時倚,1
16094,傾時倚高,1
16095,時倚高窗,1
16096,倚高窗望,1
16097,高窗望幽,1
16098,窗望幽尋,1
16099,望幽尋小,1
16100,幽尋小徑,1
16101,尋小徑行,1
16102,小徑行林,1
16103,徑行林疏,1
16104,行林疏看,1
16105,林疏看鳥,1
16106,疏看鳥語,1
16107,看鳥語池,1
16108,鳥語池近,1
16109,語池近識,1
16110,池近識魚,1
16111,近識魚情,1
16112,識魚情政,1
16113,魚情政暇,1
16114,情政暇招,1
16115,政暇招閑,1
16116,暇招閑客,1
16117,招閑客唯,1
16118,閑客唯將,1
16119,客唯將酒,1
16120,唯將酒送,1
16121,將酒送迎,1
16122,酒送迎平,1
16123,送迎平陽,1
16124,迎平陽池,1
16125,平陽池館,1
16126,陽池館枕,1
16127,池館枕秦,1
16128,館枕秦川,1
16129,枕秦川門,1
16130,秦川門鎖,1
16131,川門鎖南,1
16132,門鎖南山,1
16133,鎖南山一,1
16134,南山一帶,1
16135,山一帶煙,1
16136,一帶煙素,1
16137,帶煙素奈,1
16138,煙素奈花,1
16139,素奈花開,1
16140,奈花開西,1
16141,花開西子,1
16142,開西子面,1
16143,西子面綠,1
16144,子面綠榆,1
16145,面綠榆枝,1
16146,綠榆枝種,1
16147,榆枝種沈,1
16148,枝種沈郎,1
16149,種沈郎錢,1
16150,沈郎錢裝,1
16151,郎錢裝簾,1
16152,錢裝簾玳,1
16153,裝簾玳瑁,1
16154,簾玳瑁隨,1
16155,玳瑁隨風,1
16156,瑁隨風落,1
16157,隨風落庭,1
16158,風落庭岸,1
16159,落庭岸鵁,1
16160,庭岸鵁鶄,1
16161,岸鵁鶄趁,1
16162,鵁鶄趁暖,1
16163,鶄趁暖眠,1
16164,趁暖眠寂,1
16165,暖眠寂寞,1
16166,眠寂寞空,1
16167,寂寞空餘,1
16168,寞空餘歌,1
16169,空餘歌舞,1
16170,餘歌舞地,1
16171,歌舞地玉,1
16172,舞地玉簫,1
16173,地玉簫驚,1
16174,玉簫驚起,1
16175,簫驚起鳳,1
16176,驚起鳳歸,1
16177,起鳳歸天,1
16178,鳳歸天卿,1
16179,歸天卿仕,1
16180,天卿仕在,1
16181,卿仕在關,1
16182,仕在關東,1
16183,在關東林,1
16184,關東林居,1
16185,東林居思,1
16186,林居思不,1
16187,居思不窮,1
16188,思不窮朝,1
16189,不窮朝衣,1
16190,窮朝衣掛,1
16191,朝衣掛壁,1
16192,衣掛壁上,1
16193,掛壁上廄,1
16194,壁上廄馬,1
16195,上廄馬放,1
16196,廄馬放田,1
16197,馬放田中,1
16198,放田中隅,1
16199,田中隅坐,1
16200,中隅坐唯,1
16201,隅坐唯禪,1
16202,坐唯禪子,1
16203,唯禪子隨,1
16204,禪子隨行,1
16205,子隨行只,1
16206,隨行只藥,1
16207,行只藥童,1
16208,只藥童砌,1
16209,藥童砌莎,1
16210,童砌莎留,1
16211,砌莎留宿,1
16212,莎留宿露,1
16213,留宿露庭,1
16214,宿露庭竹,1
16215,露庭竹出,1
16216,庭竹出清,1
16217,竹出清風,1
16218,出清風濃,1
16219,清風濃翠,1
16220,風濃翠生,1
16221,濃翠生苔,1
16222,翠生苔點,1
16223,生苔點辛,1
16224,苔點辛香,1
16225,點辛香發,1
16226,辛香發桂,1
16227,香發桂叢,1
16228,發桂叢蓮,1
16229,桂叢蓮池,1
16230,叢蓮池伊,1
16231,蓮池伊水,1
16232,池伊水入,1
16233,伊水入石,1
16234,水入石徑,1
16235,入石徑遠,1
16236,石徑遠山,1
16237,徑遠山通,1
16238,遠山通愚,1
16239,山通愚者,1
16240,通愚者心,1
16241,愚者心還,1
16242,者心還靜,1
16243,心還靜高,1
16244,還靜高人,1
16245,靜高人跡,1
16246,高人跡自,1
16247,人跡自同,1
16248,跡自同無,1
16249,自同無能,1
16250,同無能相,1
16251,無能相近,1
16252,能相近住,1
16253,相近住終,1
16254,近住終日,1
16255,住終日羨,1
16256,終日羨鄰,1
16257,日羨鄰翁,1
16258,羨鄰翁秋,1
16259,鄰翁秋賦,1
16260,翁秋賦春,1
16261,秋賦春還,1
16262,賦春還計,1
16263,春還計盡,1
16264,還計盡違,1
16265,計盡違自,1
16266,盡違自知,1
16267,違自知身,1
16268,自知身是,1
16269,知身是拙,1
16270,身是拙求,1
16271,是拙求知,1
16272,拙求知惟,1
16273,求知惟思,1
16274,知惟思曠,1
16275,惟思曠海,1
16276,思曠海無,1
16277,曠海無休,1
16278,海無休日,1
16279,無休日卻,1
16280,休日卻喜,1
16281,日卻喜孤,1
16282,卻喜孤舟,1
16283,喜孤舟似,1
16284,孤舟似去,1
16285,舟似去時,1
16286,似去時連,1
16287,去時連浦,1
16288,時連浦一,1
16289,連浦一程,1
16290,浦一程兼,1
16291,一程兼汴,1
16292,程兼汴宋,1
16293,兼汴宋夾,1
16294,汴宋夾堤,1
16295,宋夾堤千,1
16296,夾堤千柳,1
16297,堤千柳雜,1
16298,千柳雜唐,1
16299,柳雜唐隋,1
16300,雜唐隋從,1
16301,唐隋從來,1
16302,隋從來此,1
16303,從來此恨,1
16304,來此恨皆,1
16305,此恨皆前,1
16306,恨皆前達,1
16307,皆前達敢,1
16308,前達敢負,1
16309,達敢負吾,1
16310,敢負吾君,1
16311,負吾君作,1
16312,吾君作楚,1
16313,君作楚詞,1
16314,作楚詞引,1
16315,楚詞引水,1
16316,詞引水穿,1
16317,引水穿風,1
16318,水穿風竹,1
16319,穿風竹幽,1
16320,風竹幽聲,1
16321,竹幽聲勝,1
16322,幽聲勝遠,1
16323,聲勝遠溪,1
16324,勝遠溪裁,1
16325,遠溪裁衣,1
16326,溪裁衣延,1
16327,裁衣延野,1
16328,衣延野客,1
16329,延野客翦,1
16330,野客翦翅,1
16331,客翦翅養,1
16332,翦翅養山,1
16333,翅養山雞,1
16334,養山雞酒,1
16335,山雞酒熟,1
16336,雞酒熟聽,1
16337,酒熟聽琴,1
16338,熟聽琴酌,1
16339,聽琴酌詩,1
16340,琴酌詩成,1
16341,酌詩成削,1
16342,詩成削樹,1
16343,成削樹題,1
16344,削樹題惟,1
16345,樹題惟愁,1
16346,題惟愁春,1
16347,惟愁春氣,1
16348,愁春氣暖,1
16349,春氣暖松,1
16350,氣暖松下,1
16351,暖松下雪,1
16352,松下雪和,1
16353,下雪和泥,1
16354,雪和泥閒,1
16355,和泥閒居,1
16356,泥閒居晝,1
16357,閒居晝掩,1
16358,居晝掩扉,1
16359,晝掩扉門,1
16360,掩扉門柳,1
16361,扉門柳蔭,1
16362,門柳蔭蔬,1
16363,柳蔭蔬畦,1
16364,蔭蔬畦因,1
16365,蔬畦因病,1
16366,畦因病方,1
16367,因病方收,1
16368,病方收藥,1
16369,方收藥尋,1
16370,收藥尋僧,1
16371,藥尋僧始,1
16372,尋僧始度,1
16373,僧始度溪,1
16374,始度溪少,1
16375,度溪少逢,1
16376,溪少逢人,1
16377,少逢人到,1
16378,逢人到戶,1
16379,人到戶時,1
16380,到戶時有,1
16381,戶時有燕,1
16382,時有燕銜,1
16383,有燕銜泥,1
16384,燕銜泥蕭,1
16385,銜泥蕭灑,1
16386,泥蕭灑身,1
16387,蕭灑身無,1
16388,灑身無事,1
16389,身無事名,1
16390,無事名高,1
16391,事名高孰,1
16392,名高孰與,1
16393,高孰與齊,1
16394,孰與齊憶,1
16395,與齊憶師,1
16396,齊憶師眠,1
16397,憶師眠複,1
16398,師眠複起,1
16399,眠複起永,1
16400,複起永夜,1
16401,起永夜思,1
16402,永夜思迢,1
16403,夜思迢迢,1
16404,思迢迢月,1
16405,迢迢月下,1
16406,迢月下門,1
16407,月下門方,1
16408,下門方掩,1
16409,門方掩林,1
16410,方掩林中,1
16411,掩林中寺,1
16412,林中寺更,1
16413,中寺更遙,1
16414,寺更遙鐘,1
16415,更遙鐘聲,1
16416,遙鐘聲空,1
16417,鐘聲空下,1
16418,聲空下界,1
16419,空下界池,1
16420,下界池色,1
16421,界池色在,1
16422,池色在清,1
16423,色在清宵,1
16424,在清宵終,1
16425,清宵終擬,1
16426,宵終擬修,1
16427,終擬修禪,1
16428,擬修禪觀,1
16429,修禪觀窗,1
16430,禪觀窗間,1
16431,觀窗間卷,1
16432,窗間卷欲,1
16433,間卷欲燒,1
16434,卷欲燒清,1
16435,欲燒清羸,1
16436,燒清羸一,1
16437,清羸一飯,1
16438,羸一飯師,1
16439,一飯師閑,1
16440,飯師閑院,1
16441,師閑院亦,1
16442,閑院亦披,1
16443,院亦披衣,1
16444,亦披衣應,1
16445,披衣應詔,1
16446,衣應詔常,1
16447,應詔常翻,1
16448,詔常翻譯,1
16449,常翻譯修,1
16450,翻譯修心,1
16451,譯修心出,1
16452,修心出是,1
16453,心出是非,1
16454,出是非雪,1
16455,是非雪中,1
16456,非雪中疏,1
16457,雪中疏磬,1
16458,中疏磬度,1
16459,疏磬度林,1
16460,磬度林際,1
16461,度林際晚,1
16462,林際晚風,1
16463,際晚風歸,1
16464,晚風歸蔬,1
16465,風歸蔬食,1
16466,歸蔬食常,1
16467,蔬食常來,1
16468,食常來此,1
16469,常來此人,1
16470,來此人間,1
16471,此人間護,1
16472,人間護淨,1
16473,間護淨稀,1
16474,護淨稀九,1
16475,淨稀九經,1
16476,稀九經通,1
16477,九經通大,1
16478,經通大義,1
16479,通大義內,1
16480,大義內典,1
16481,義內典自,1
16482,內典自應,1
16483,典自應精,1
16484,自應精簾,1
16485,應精簾冷,1
16486,精簾冷連,1
16487,簾冷連松,1
16488,冷連松影,1
16489,連松影苔,1
16490,松影苔深,1
16491,影苔深減,1
16492,苔深減履,1
16493,深減履聲,1
16494,減履聲相,1
16495,履聲相逢,1
16496,聲相逢幸,1
16497,相逢幸此,1
16498,逢幸此日,1
16499,幸此日相,1
16500,此日相失,1
16501,日相失恐,1
16502,相失恐來,1
16503,失恐來生,1
16504,恐來生覺,1
16505,來生覺路,1
16506,生覺路何,1
16507,覺路何門,1
16508,路何門去,1
16509,何門去師,1
16510,門去師須,1
16511,去師須引,1
16512,師須引我,1
16513,須引我行,1
16514,引我行九,1
16515,我行九陌,1
16516,行九陌最,1
16517,九陌最幽,1
16518,陌最幽寺,1
16519,最幽寺吾,1
16520,幽寺吾師,1
16521,寺吾師院,1
16522,吾師院複,1
16523,師院複深,1
16524,院複深煙,1
16525,複深煙霜,1
16526,深煙霜同,1
16527,煙霜同覆,1
16528,霜同覆屋,1
16529,同覆屋松,1
16530,覆屋松竹,1
16531,屋松竹雜,1
16532,松竹雜成,1
16533,竹雜成林,1
16534,雜成林鳥,1
16535,成林鳥語,1
16536,林鳥語境,1
16537,鳥語境彌,1
16538,語境彌寂,1
16539,境彌寂客,1
16540,彌寂客來,1
16541,寂客來機,1
16542,客來機自,1
16543,來機自沈,1
16544,機自沈早,1
16545,自沈早知,1
16546,沈早知能,1
16547,早知能到,1
16548,知能到此,1
16549,能到此應,1
16550,到此應不,1
16551,此應不戴,1
16552,應不戴朝,1
16553,不戴朝簪,1
16554,戴朝簪上,1
16555,朝簪上國,1
16556,簪上國千,1
16557,上國千餘,1
16558,國千餘裏,1
16559,千餘裏逢,1
16560,餘裏逢春,1
16561,裏逢春且,1
16562,逢春且勝,1
16563,春且勝遊,1
16564,且勝遊暫,1
16565,勝遊暫聞,1
16566,遊暫聞新,1
16567,暫聞新鳥,1
16568,聞新鳥戲,1
16569,新鳥戲似,1
16570,鳥戲似解,1
16571,戲似解旅,1
16572,似解旅人,1
16573,解旅人愁,1
16574,旅人愁野,1
16575,人愁野色,1
16576,愁野色吞,1
16577,野色吞山,1
16578,色吞山盡,1
16579,吞山盡江,1
16580,山盡江煙,1
16581,盡江煙襯,1
16582,江煙襯水,1
16583,煙襯水流,1
16584,襯水流村,1
16585,水流村醪,1
16586,流村醪須,1
16587,村醪須一,1
16588,醪須一醉,1
16589,須一醉無,1
16590,一醉無恨,1
16591,醉無恨滯,1
16592,無恨滯行,1
16593,恨滯行舟,1
16594,滯行舟不,1
16595,行舟不吃,1
16596,舟不吃胡,1
16597,不吃胡麻,1
16598,吃胡麻飯,1
16599,胡麻飯杯,1
16600,麻飯杯中,1
16601,飯杯中自,1
16602,杯中自得,1
16603,中自得仙,1
16604,自得仙隔,1
16605,得仙隔籬,1
16606,仙隔籬招,1
16607,隔籬招好,1
16608,籬招好客,1
16609,招好客掃,1
16610,好客掃室,1
16611,客掃室置,1
16612,掃室置芳,1
16613,室置芳筵,1
16614,置芳筵家,1
16615,芳筵家醞,1
16616,筵家醞香,1
16617,家醞香醪,1
16618,醞香醪嫩,1
16619,香醪嫩時,1
16620,醪嫩時新,1
16621,嫩時新異,1
16622,時新異果,1
16623,新異果鮮,1
16624,異果鮮夜,1
16625,果鮮夜深,1
16626,鮮夜深唯,1
16627,夜深唯畏,1
16628,深唯畏曉,1
16629,唯畏曉坐,1
16630,畏曉坐穩,1
16631,曉坐穩豈,1
16632,坐穩豈思,1
16633,穩豈思眠,1
16634,豈思眠棋,1
16635,思眠棋罷,1
16636,眠棋罷嫌,1
16637,罷嫌無敵,1
16638,嫌無敵詩,1
16639,無敵詩成,1
16640,敵詩成貴,1
16641,詩成貴在,1
16642,成貴在前,1
16643,貴在前明,1
16644,在前明朝,1
16645,前明朝題,1
16646,明朝題壁,1
16647,朝題壁上,1
16648,題壁上誰,1
16649,壁上誰得,1
16650,上誰得眾,1
16651,誰得眾人,1
16652,得眾人傳,1
16653,眾人傳有,1
16654,人傳有相,1
16655,傳有相無,1
16656,有相無相,1
16657,相無相身,1
16658,無相身唯,1
16659,相身唯師,1
16660,身唯師說,1
16661,唯師說始,1
16662,師說始真,1
16663,說始真修,1
16664,始真修篁,1
16665,真修篁半,1
16666,修篁半庭,1
16667,篁半庭影,1
16668,半庭影清,1
16669,庭影清磬,1
16670,影清磬幾,1
16671,清磬幾僧,1
16672,磬幾僧鄰,1
16673,幾僧鄰古,1
16674,僧鄰古壁,1
16675,鄰古壁丹,1
16676,古壁丹青,1
16677,壁丹青落,1
16678,丹青落虛,1
16679,青落虛簷,1
16680,落虛簷鳥,1
16681,虛簷鳥雀,1
16682,簷鳥雀馴,1
16683,鳥雀馴伊,1
16684,雀馴伊餘,1
16685,馴伊餘求,1
16686,伊餘求了,1
16687,餘求了義,1
16688,求了義羸,1
16689,了義羸馬,1
16690,義羸馬往,1
16691,羸馬往來,1
16692,馬往來頻,1
16693,往來頻寥,1
16694,來頻寥寥,1
16695,頻寥寥聽,1
16696,寥寥聽不,1
16697,寥聽不盡,1
16698,聽不盡孤,1
16699,不盡孤磬,1
16700,盡孤磬與,1
16701,孤磬與疏,1
16702,磬與疏鐘,1
16703,與疏鐘煩,1
16704,疏鐘煩惱,1
16705,鐘煩惱師,1
16706,煩惱師長,1
16707,惱師長別,1
16708,師長別清,1
16709,長別清涼,1
16710,別清涼我,1
16711,清涼我暫,1
16712,涼我暫逢,1
16713,我暫逢蟻,1
16714,暫逢蟻行,1
16715,逢蟻行經,1
16716,蟻行經古,1
16717,行經古蘚,1
16718,經古蘚鶴,1
16719,古蘚鶴毳,1
16720,蘚鶴毳落,1
16721,鶴毳落深,1
16722,毳落深松,1
16723,落深松自,1
16724,深松自想,1
16725,松自想歸,1
16726,自想歸時,1
16727,想歸時路,1
16728,歸時路塵,1
16729,時路塵埃,1
16730,路塵埃複,1
16731,塵埃複幾,1
16732,埃複幾重,1
16733,複幾重寺,1
16734,幾重寺對,1
16735,重寺對遠,1
16736,寺對遠山,1
16737,對遠山起,1
16738,遠山起幽,1
16739,山起幽居,1
16740,起幽居仍,1
16741,幽居仍是,1
16742,居仍是師,1
16743,仍是師斜,1
16744,是師斜陽,1
16745,師斜陽通,1
16746,斜陽通暗,1
16747,陽通暗隙,1
16748,通暗隙殘,1
16749,暗隙殘雪,1
16750,隙殘雪落,1
16751,殘雪落疏,1
16752,雪落疏籬,1
16753,落疏籬松,1
16754,疏籬松靜,1
16755,籬松靜鶴,1
16756,松靜鶴棲,1
16757,靜鶴棲定,1
16758,鶴棲定廊,1
16759,棲定廊虛,1
16760,定廊虛鐘,1
16761,廊虛鐘盡,1
16762,虛鐘盡遲,1
16763,鐘盡遲朝,1
16764,盡遲朝朝,1
16765,遲朝朝趨,1
16766,朝朝趨府,1
16767,朝趨府吏,1
16768,趨府吏來,1
16769,府吏來此,1
16770,吏來此是,1
16771,來此是相,1
16772,此是相宜,1
16773,是相宜偶,1
16774,相宜偶尋,1
16775,宜偶尋靈,1
16776,偶尋靈跡,1
16777,尋靈跡去,1
16778,靈跡去幽,1
16779,跡去幽徑,1
16780,去幽徑入,1
16781,幽徑入氳,1
16782,徑入氳氛,1
16783,入氳氛轉,1
16784,氳氛轉壑,1
16785,氛轉壑驚,1
16786,轉壑驚飛,1
16787,壑驚飛鳥,1
16788,驚飛鳥穿,1
16789,飛鳥穿山,1
16790,鳥穿山踏,1
16791,穿山踏亂,1
16792,山踏亂雲,1
16793,踏亂雲水,1
16794,亂雲水從,1
16795,雲水從岩,1
16796,水從岩下,1
16797,從岩下落,1
16798,岩下落溪,1
16799,下落溪向,1
16800,落溪向寺,1
16801,溪向寺前,1
16802,向寺前分,1
16803,寺前分釋,1
16804,前分釋子,1
16805,分釋子遊,1
16806,釋子遊何,1
16807,子遊何處,1
16808,遊何處空,1
16809,何處空堂,1
16810,處空堂日,1
16811,空堂日漸,1
16812,堂日漸曛,1
16813,日漸曛閑,1
16814,漸曛閑立,1
16815,曛閑立津,1
16816,閑立津橋,1
16817,立津橋上,1
16818,津橋上寒,1
16819,橋上寒光,1
16820,上寒光動,1
16821,寒光動遠,1
16822,光動遠林,1
16823,動遠林皇,1
16824,遠林皇宮,1
16825,林皇宮對,1
16826,皇宮對嵩,1
16827,宮對嵩頂,1
16828,對嵩頂清,1
16829,嵩頂清洛,1
16830,頂清洛貫,1
16831,清洛貫城,1
16832,洛貫城心,1
16833,貫城心雪,1
16834,城心雪路,1
16835,心雪路初,1
16836,雪路初晴,1
16837,路初晴出,1
16838,初晴出人,1
16839,晴出人家,1
16840,出人家向,1
16841,人家向晚,1
16842,家向晚深,1
16843,向晚深自,1
16844,晚深自從,1
16845,深自從王,1
16846,自從王在,1
16847,從王在鎬,1
16848,王在鎬天,1
16849,在鎬天寶,1
16850,鎬天寶至,1
16851,天寶至如,1
16852,寶至如今,1
16853,至如今年,1
16854,如今年長,1
16855,今年長歸,1
16856,年長歸何,1
16857,長歸何處,1
16858,歸何處青,1
16859,何處青山,1
16860,處青山未,1
16861,青山未有,1
16862,山未有家,1
16863,未有家賞,1
16864,有家賞春,1
16865,家賞春無,1
16866,賞春無酒,1
16867,春無酒飲,1
16868,無酒飲多,1
16869,酒飲多看,1
16870,飲多看寺,1
16871,多看寺中,1
16872,看寺中花,1
16873,寺中花曉,1
16874,中花曉上,1
16875,花曉上上,1
16876,曉上上方,1
16877,上上方高,1
16878,上方高處,1
16879,方高處立,1
16880,高處立路,1
16881,處立路人,1
16882,立路人羨,1
16883,路人羨我,1
16884,人羨我此,1
16885,羨我此時,1
16886,我此時身,1
16887,此時身白,1
16888,時身白雲,1
16889,身白雲向,1
16890,白雲向我,1
16891,雲向我頭,1
16892,向我頭上,1
16893,我頭上過,1
16894,頭上過我,1
16895,上過我更,1
16896,過我更羨,1
16897,我更羨他,1
16898,更羨他雲,1
16899,羨他雲路,1
16900,他雲路人,1
16901,雲路人策,1
16902,路人策杖,1
16903,人策杖度,1
16904,策杖度溪,1
16905,杖度溪橋,1
16906,度溪橋雲,1
16907,溪橋雲深,1
16908,橋雲深步,1
16909,雲深步數,1
16910,深步數勞,1
16911,步數勞青,1
16912,數勞青猿,1
16913,勞青猿吟,1
16914,青猿吟嶺,1
16915,猿吟嶺際,1
16916,吟嶺際白,1
16917,嶺際白鶴,1
16918,際白鶴坐,1
16919,白鶴坐松,1
16920,鶴坐松梢,1
16921,坐松梢天,1
16922,松梢天外,1
16923,梢天外浮,1
16924,天外浮煙,1
16925,外浮煙遠,1
16926,浮煙遠山,1
16927,煙遠山根,1
16928,遠山根野,1
16929,山根野水,1
16930,根野水交,1
16931,野水交自,1
16932,水交自緣,1
16933,交自緣名,1
16934,自緣名利,1
16935,緣名利系,1
16936,名利系好,1
16937,利系好此,1
16938,系好此結,1
16939,好此結蓬,1
16940,此結蓬茆,1
16941,結蓬茆踏,1
16942,蓬茆踏得,1
16943,茆踏得度,1
16944,踏得度溪,1
16945,得度溪灣,1
16946,度溪灣晨,1
16947,溪灣晨遊,1
16948,灣晨遊暮,1
16949,晨遊暮不,1
16950,遊暮不還,1
16951,暮不還月,1
16952,不還月明,1
16953,還月明松,1
16954,月明松影,1
16955,明松影路,1
16956,松影路春,1
16957,影路春滿,1
16958,路春滿杏,1
16959,春滿杏花,1
16960,滿杏花山,1
16961,杏花山戲,1
16962,花山戲狖,1
16963,山戲狖跳,1
16964,戲狖跳林,1
16965,狖跳林末,1
16966,跳林末高,1
16967,林末高僧,1
16968,末高僧住,1
16969,高僧住石,1
16970,僧住石間,1
16971,住石間未,1
16972,石間未肯,1
16973,間未肯離,1
16974,未肯離腰,1
16975,肯離腰組,1
16976,離腰組來,1
16977,腰組來此,1
16978,組來此複,1
16979,來此複何,1
16980,此複何顏,1
16981,複何顏行,1
16982,何顏行行,1
16983,顏行行方,1
16984,行行方避,1
16985,行方避夢,1
16986,方避夢又,1
16987,避夢又到,1
16988,夢又到謝,1
16989,又到謝亭,1
16990,到謝亭來,1
16991,謝亭來舉,1
16992,亭來舉世,1
16993,來舉世皆,1
16994,舉世皆如,1
16995,世皆如此,1
16996,皆如此伊,1
16997,如此伊餘,1
16998,此伊餘何,1
16999,伊餘何處,1
17000,餘何處回,1
17001,何處回竹,1
17002,處回竹鮮,1
17003,回竹鮮多,1
17004,竹鮮多透,1
17005,鮮多透石,1
17006,多透石泉,1
17007,透石泉潔,1
17008,石泉潔亦,1
17009,泉潔亦無,1
17010,潔亦無苔,1
17011,亦無苔坐,1
17012,無苔坐與,1
17013,苔坐與僧,1
17014,坐與僧同,1
17015,與僧同語,1
17016,僧同語誰,1
17017,同語誰能,1
17018,語誰能顧,1
17019,誰能顧酒,1
17020,能顧酒杯,1
17021,顧酒杯終,1
17022,酒杯終日,1
17023,杯終日遊,1
17024,終日遊山,1
17025,日遊山困,1
17026,遊山困今,1
17027,山困今朝,1
17028,困今朝始,1
17029,今朝始傍,1
17030,朝始傍河,1
17031,始傍河尋,1
17032,傍河尋芳,1
17033,河尋芳愁,1
17034,尋芳愁路,1
17035,芳愁路盡,1
17036,愁路盡逢,1
17037,路盡逢景,1
17038,盡逢景畏,1
17039,逢景畏人,1
17040,景畏人多,1
17041,畏人多鳥,1
17042,人多鳥語,1
17043,多鳥語催,1
17044,鳥語催沽,1
17045,語催沽酒,1
17046,催沽酒魚,1
17047,沽酒魚來,1
17048,酒魚來似,1
17049,魚來似聽,1
17050,來似聽歌,1
17051,似聽歌醉,1
17052,聽歌醉時,1
17053,歌醉時眠,1
17054,醉時眠石,1
17055,時眠石上,1
17056,眠石上肢,1
17057,石上肢體,1
17058,上肢體自,1
17059,肢體自婆,1
17060,體自婆娑,1
17061,自婆娑閑,1
17062,婆娑閑上,1
17063,娑閑上津,1
17064,閑上津橋,1
17065,上津橋立,1
17066,津橋立天,1
17067,橋立天涯,1
17068,立天涯一,1
17069,天涯一望,1
17070,涯一望間,1
17071,一望間秋,1
17072,望間秋風,1
17073,間秋風波,1
17074,秋風波上,1
17075,風波上岸,1
17076,波上岸旭,1
17077,上岸旭日,1
17078,岸旭日氣,1
17079,旭日氣連,1
17080,日氣連山,1
17081,氣連山偶,1
17082,連山偶聖,1
17083,山偶聖今,1
17084,偶聖今方,1
17085,聖今方變,1
17086,今方變朝,1
17087,方變朝宗,1
17088,變朝宗豈,1
17089,朝宗豈複,1
17090,宗豈複還,1
17091,豈複還昆,1
17092,複還昆侖,1
17093,還昆侖在,1
17094,昆侖在蕃,1
17095,侖在蕃界,1
17096,在蕃界作,1
17097,蕃界作將,1
17098,界作將亦,1
17099,作將亦何,1
17100,將亦何顏,1
17101,亦何顏秋,1
17102,何顏秋蟾,1
17103,顏秋蟾流,1
17104,秋蟾流異,1
17105,蟾流異彩,1
17106,流異彩齋,1
17107,異彩齋潔,1
17108,彩齋潔上,1
17109,齋潔上壇,1
17110,潔上壇行,1
17111,上壇行天,1
17112,壇行天近,1
17113,行天近星,1
17114,天近星辰,1
17115,近星辰大,1
17116,星辰大山,1
17117,辰大山深,1
17118,大山深世,1
17119,山深世界,1
17120,深世界清,1
17121,世界清仙,1
17122,界清仙飆,1
17123,清仙飆石,1
17124,仙飆石上,1
17125,飆石上起,1
17126,石上起海,1
17127,上起海日,1
17128,起海日夜,1
17129,海日夜中,1
17130,日夜中明,1
17131,夜中明何,1
17132,中明何計,1
17133,明何計長,1
17134,何計長來,1
17135,計長來此,1
17136,長來此閑,1
17137,來此閑眠,1
17138,此閑眠過,1
17139,閑眠過一,1
17140,眠過一生,1
17141,過一生性,1
17142,一生性同,1
17143,生性同相,1
17144,性同相見,1
17145,同相見易,1
17146,相見易紫,1
17147,見易紫府,1
17148,易紫府共,1
17149,紫府共閑,1
17150,府共閑行,1
17151,共閑行陰,1
17152,閑行陰徑,1
17153,行陰徑紅,1
17154,陰徑紅桃,1
17155,徑紅桃落,1
17156,紅桃落秋,1
17157,桃落秋壇,1
17158,落秋壇白,1
17159,秋壇白石,1
17160,壇白石生,1
17161,白石生蘚,1
17162,石生蘚文,1
17163,生蘚文連,1
17164,蘚文連竹,1
17165,文連竹色,1
17166,連竹色鶴,1
17167,竹色鶴語,1
17168,色鶴語應,1
17169,鶴語應松,1
17170,語應松聲,1
17171,應松聲風,1
17172,松聲風定,1
17173,聲風定藥,1
17174,風定藥香,1
17175,定藥香細,1
17176,藥香細樹,1
17177,香細樹聲,1
17178,細樹聲泉,1
17179,樹聲泉氣,1
17180,聲泉氣清,1
17181,泉氣清垂,1
17182,氣清垂簷,1
17183,清垂簷靈,1
17184,垂簷靈草,1
17185,簷靈草影,1
17186,靈草影繞,1
17187,草影繞壁,1
17188,影繞壁古,1
17189,繞壁古山,1
17190,壁古山名,1
17191,古山名圍,1
17192,山名圍外,1
17193,名圍外坊,1
17194,圍外坊無,1
17195,外坊無禁,1
17196,坊無禁歸,1
17197,無禁歸時,1
17198,禁歸時踏,1
17199,歸時踏月,1
17200,時踏月明,1
17201,踏月明暑,1
17202,月明暑月,1
17203,明暑月放,1
17204,暑月放朝,1
17205,月放朝頻,1
17206,放朝頻青,1
17207,朝頻青槐,1
17208,頻青槐路,1
17209,青槐路絕,1
17210,槐路絕塵,1
17211,路絕塵雨,1
17212,絕塵雨晴,1
17213,塵雨晴江,1
17214,雨晴江色,1
17215,晴江色出,1
17216,江色出風,1
17217,色出風動,1
17218,出風動草,1
17219,風動草香,1
17220,動草香新,1
17221,草香新獨,1
17222,香新獨立,1
17223,新獨立分,1
17224,獨立分幽,1
17225,立分幽島,1
17226,分幽島同,1
17227,幽島同行,1
17228,島同行得,1
17229,同行得靜,1
17230,行得靜人,1
17231,得靜人此,1
17232,靜人此歡,1
17233,人此歡宜,1
17234,此歡宜稍,1
17235,歡宜稍滯,1
17236,宜稍滯此,1
17237,稍滯此去,1
17238,滯此去與,1
17239,此去與誰,1
17240,去與誰親,1
17241,與誰親曉,1
17242,誰親曉看,1
17243,親曉看樓,1
17244,曉看樓殿,1
17245,看樓殿更,1
17246,樓殿更鮮,1
17247,殿更鮮明,1
17248,更鮮明遙,1
17249,鮮明遙隔,1
17250,明遙隔朱,1
17251,遙隔朱欄,1
17252,隔朱欄見,1
17253,朱欄見鹿,1
17254,欄見鹿行,1
17255,見鹿行武,1
17256,鹿行武帝,1
17257,行武帝自,1
17258,武帝自知,1
17259,帝自知身,1
17260,自知身不,1
17261,知身不死,1
17262,身不死教,1
17263,不死教修,1
17264,死教修玉,1
17265,教修玉殿,1
17266,修玉殿號,1
17267,玉殿號長,1
17268,殿號長生,1
17269,號長生避,1
17270,長生避暑,1
17271,生避暑高,1
17272,避暑高樓,1
17273,暑高樓上,1
17274,高樓上平,1
17275,樓上平蕪,1
17276,上平蕪望,1
17277,平蕪望不,1
17278,蕪望不窮,1
17279,望不窮鳥,1
17280,不窮鳥窮,1
17281,窮鳥窮山,1
17282,鳥窮山色,1
17283,窮山色去,1
17284,山色去人,1
17285,色去人歇,1
17286,去人歇樹,1
17287,人歇樹陰,1
17288,歇樹陰中,1
17289,樹陰中數,1
17290,陰中數帶,1
17291,中數帶長,1
17292,數帶長河,1
17293,帶長河水,1
17294,長河水千,1
17295,河水千條,1
17296,水千條弱,1
17297,千條弱柳,1
17298,條弱柳風,1
17299,弱柳風暗,1
17300,柳風暗思,1
17301,風暗思多,1
17302,暗思多少,1
17303,思多少事,1
17304,多少事懶,1
17305,少事懶話,1
17306,事懶話與,1
17307,懶話與芝,1
17308,話與芝翁,1
17309,與芝翁高,1
17310,芝翁高樓,1
17311,翁高樓初,1
17312,高樓初霽,1
17313,樓初霽後,1
17314,初霽後遠,1
17315,霽後遠望,1
17316,後遠望思,1
17317,遠望思無,1
17318,望思無窮,1
17319,思無窮雨,1
17320,無窮雨洗,1
17321,窮雨洗青,1
17322,雨洗青山,1
17323,洗青山淨,1
17324,青山淨春,1
17325,山淨春蒸,1
17326,淨春蒸大,1
17327,春蒸大野,1
17328,蒸大野融,1
17329,大野融碧,1
17330,野融碧池,1
17331,融碧池舒,1
17332,碧池舒暖,1
17333,池舒暖景,1
17334,舒暖景弱,1
17335,暖景弱柳,1
17336,景弱柳嚲,1
17337,弱柳嚲和,1
17338,柳嚲和風,1
17339,嚲和風為,1
17340,和風為有,1
17341,風為有登,1
17342,為有登臨,1
17343,有登臨興,1
17344,登臨興獨,1
17345,臨興獨吟,1
17346,興獨吟落,1
17347,獨吟落照,1
17348,吟落照中,1
17349,落照中官,1
17350,照中官散,1
17351,中官散有,1
17352,官散有閒,1
17353,散有閒情,1
17354,有閒情登,1
17355,閒情登樓,1
17356,情登樓步,1
17357,登樓步稍,1
17358,樓步稍輕,1
17359,步稍輕窗,1
17360,稍輕窗雲,1
17361,輕窗雲帶,1
17362,窗雲帶雨,1
17363,雲帶雨氣,1
17364,帶雨氣林,1
17365,雨氣林鳥,1
17366,氣林鳥雜,1
17367,林鳥雜人,1
17368,鳥雜人聲,1
17369,雜人聲曉,1
17370,人聲曉日,1
17371,聲曉日襟,1
17372,曉日襟前,1
17373,日襟前度,1
17374,襟前度微,1
17375,前度微風,1
17376,度微風酒,1
17377,微風酒上,1
17378,風酒上生,1
17379,酒上生城,1
17380,上生城中,1
17381,生城中會,1
17382,城中會難,1
17383,中會難得,1
17384,會難得掃,1
17385,難得掃壁,1
17386,得掃壁各,1
17387,掃壁各書,1
17388,壁各書名,1
17389,各書名故,1
17390,書名故人,1
17391,名故人九,1
17392,故人九寺,1
17393,人九寺長,1
17394,九寺長邀,1
17395,寺長邀我,1
17396,長邀我此,1
17397,邀我此同,1
17398,我此同歡,1
17399,此同歡永,1
17400,同歡永夜,1
17401,歡永夜開,1
17402,永夜開筵,1
17403,夜開筵靜,1
17404,開筵靜中,1
17405,筵靜中年,1
17406,靜中年飲,1
17407,中年飲酒,1
17408,年飲酒難,1
17409,飲酒難微,1
17410,酒難微風,1
17411,難微風侵,1
17412,微風侵燭,1
17413,風侵燭影,1
17414,侵燭影疊,1
17415,燭影疊漏,1
17416,影疊漏過,1
17417,疊漏過林,1
17418,漏過林端,1
17419,過林端臘,1
17420,林端臘後,1
17421,端臘後分,1
17422,臘後分朝,1
17423,後分朝日,1
17424,分朝日天,1
17425,朝日天明,1
17426,日天明幾,1
17427,天明幾刻,1
17428,明幾刻殘,1
17429,幾刻殘詩,1
17430,刻殘詩家,1
17431,殘詩家會,1
17432,詩家會詩,1
17433,家會詩客,1
17434,會詩客池,1
17435,詩客池閣,1
17436,客池閣曉,1
17437,池閣曉初,1
17438,閣曉初晴,1
17439,曉初晴鳥,1
17440,初晴鳥盡,1
17441,晴鳥盡山,1
17442,鳥盡山中,1
17443,盡山中語,1
17444,山中語琴,1
17445,中語琴多,1
17446,語琴多譜,1
17447,琴多譜外,1
17448,多譜外聲,1
17449,譜外聲映,1
17450,外聲映花,1
17451,聲映花相,1
17452,映花相勸,1
17453,花相勸酒,1
17454,相勸酒入,1
17455,勸酒入洞,1
17456,酒入洞各,1
17457,入洞各題,1
17458,洞各題名,1
17459,各題名疏,1
17460,題名疏野,1
17461,名疏野常,1
17462,疏野常如,1
17463,野常如此,1
17464,常如此誰,1
17465,如此誰人,1
17466,此誰人信,1
17467,誰人信在,1
17468,人信在城,1
17469,信在城軍,1
17470,在城軍城,1
17471,城軍城夜,1
17472,軍城夜禁,1
17473,城夜禁樂,1
17474,夜禁樂飲,1
17475,禁樂飲酒,1
17476,樂飲酒每,1
17477,飲酒每題,1
17478,酒每題詩,1
17479,每題詩坐,1
17480,題詩坐穩,1
17481,詩坐穩吟,1
17482,坐穩吟難,1
17483,穩吟難盡,1
17484,吟難盡寒,1
17485,難盡寒多,1
17486,盡寒多醉,1
17487,寒多醉較,1
17488,多醉較遲,1
17489,醉較遲遠,1
17490,較遲遠鐘,1
17491,遲遠鐘驚,1
17492,遠鐘驚漏,1
17493,鐘驚漏壓,1
17494,驚漏壓微,1
17495,漏壓微月,1
17496,壓微月被,1
17497,微月被燈,1
17498,月被燈欺,1
17499,被燈欺此,1
17500,燈欺此會,1
17501,欺此會誠,1
17502,誠堪惜天,1
17503,堪惜天明,1
17504,惜天明是,1
17505,天明是別,1
17506,明是別離,1
17507,是別離花,1
17508,別離花落,1
17509,離花落鶯,1
17510,花落鶯飛,1
17511,落鶯飛深,1
17512,鶯飛深院,1
17513,飛深院靜,1
17514,深院靜滿,1
17515,院靜滿堂,1
17516,靜滿堂賓,1
17517,滿堂賓客,1
17518,堂賓客盡,1
17519,賓客盡詩,1
17520,客盡詩人,1
17521,盡詩人城,1
17522,詩人城中,1
17523,人城中杯,1
17524,城中杯酒,1
17525,中杯酒家,1
17526,杯酒家家,1
17527,酒家家有,1
17528,家家有唯,1
17529,家有唯是,1
17530,有唯是君,1
17531,唯是君家,1
17532,是君家酒,1
17533,君家酒送,1
17534,家酒送春,1
17535,酒送春竹,1
17536,送春竹裏,1
17537,春竹裏開,1
17538,竹裏開華,1
17539,裏開華館,1
17540,開華館珍,1
17541,華館珍羞,1
17542,館珍羞次,1
17543,珍羞次第,1
17544,羞次第嘗,1
17545,次第嘗春,1
17546,第嘗春風,1
17547,嘗春風酒,1
17548,春風酒影,1
17549,風酒影動,1
17550,酒影動晴,1
17551,影動晴日,1
17552,動晴日樂,1
17553,晴日樂聲,1
17554,日樂聲長,1
17555,樂聲長久,1
17556,聲長久坐,1
17557,長久坐難,1
17558,久坐難辭,1
17559,坐難辭醉,1
17560,難辭醉衰,1
17561,辭醉衰年,1
17562,醉衰年亦,1
17563,衰年亦暫,1
17564,年亦暫狂,1
17565,亦暫狂殷,1
17566,暫狂殷勤,1
17567,狂殷勤還,1
17568,殷勤還繼,1
17569,勤還繼燭,1
17570,還繼燭永,1
17571,繼燭永夕,1
17572,燭永夕夢,1
17573,永夕夢相,1
17574,夕夢相妨,1
17575,夢相妨牆,1
17576,相妨牆北,1
17577,妨牆北走,1
17578,牆北走紅,1
17579,北走紅塵,1
17580,走紅塵牆,1
17581,紅塵牆東,1
17582,塵牆東接,1
17583,牆東接白,1
17584,東接白雲,1
17585,接白雲山,1
17586,白雲山光,1
17587,雲山光衣,1
17588,山光衣上,1
17589,光衣上見,1
17590,衣上見藥,1
17591,上見藥氣,1
17592,見藥氣酒,1
17593,藥氣酒中,1
17594,氣酒中聞,1
17595,酒中聞此,1
17596,中聞此會,1
17597,聞此會誠,1
17598,誠堪惜窮,1
17599,堪惜窮秋,1
17600,惜窮秋日,1
17601,窮秋日又,1
17602,秋日又曛,1
17603,日又曛人,1
17604,又曛人間,1
17605,曛人間唯,1
17606,人間唯有,1
17607,間唯有醉,1
17608,唯有醉醉,1
17609,有醉醉後,1
17610,醉醉後複,1
17611,醉後複何,1
17612,後複何雲,1
17613,複何雲九,1
17614,何雲九寺,1
17615,雲九寺名,1
17616,九寺名卿,1
17617,寺名卿才,1
17618,名卿才思,1
17619,卿才思雄,1
17620,才思雄邀,1
17621,思雄邀歡,1
17622,雄邀歡筆,1
17623,邀歡筆下,1
17624,歡筆下與,1
17625,筆下與杯,1
17626,下與杯中,1
17627,與杯中六,1
17628,杯中六街,1
17629,中六街鼓,1
17630,六街鼓絕,1
17631,街鼓絕塵,1
17632,鼓絕塵埃,1
17633,絕塵埃息,1
17634,塵埃息四,1
17635,埃息四座,1
17636,息四座筵,1
17637,四座筵開,1
17638,座筵開語,1
17639,筵開語笑,1
17640,開語笑同,1
17641,語笑同焰,1
17642,笑同焰焰,1
17643,同焰焰蘭,1
17644,焰焰蘭缸,1
17645,焰蘭缸明,1
17646,蘭缸明狹,1
17647,缸明狹室,1
17648,明狹室丁,1
17649,狹室丁丁,1
17650,室丁丁玉,1
17651,丁玉漏發,1
17652,玉漏發深,1
17653,漏發深宮,1
17654,發深宮即,1
17655,深宮即聽,1
17656,宮即聽雞,1
17657,即聽雞唱,1
17658,聽雞唱天,1
17659,雞唱天門,1
17660,唱天門曉,1
17661,天門曉吏,1
17662,門曉吏事,1
17663,曉吏事相,1
17664,吏事相牽,1
17665,事相牽西,1
17666,相牽西複,1
17667,牽西複東,1
17668,西複東聞,1
17669,複東聞君,1
17670,東聞君有,1
17671,聞君有美,1
17672,君有美酒,1
17673,有美酒與,1
17674,美酒與我,1
17675,酒與我正,1
17676,與我正相,1
17677,我正相宜,1
17678,正相宜溢,1
17679,相宜溢甕,1
17680,宜溢甕清,1
17681,溢甕清如,1
17682,甕清如水,1
17683,清如水黏,1
17684,如水黏杯,1
17685,水黏杯半,1
17686,黏杯半似,1
17687,杯半似脂,1
17688,半似脂豈,1
17689,似脂豈唯,1
17690,脂豈唯消,1
17691,豈唯消舊,1
17692,唯消舊病,1
17693,消舊病且,1
17694,舊病且要,1
17695,病且要引,1
17696,且要引新,1
17697,要引新詩,1
17698,引新詩況,1
17699,新詩況此,1
17700,詩況此便,1
17701,況此便便,1
17702,此便便腹,1
17703,便便腹無,1
17704,便腹無非,1
17705,腹無非是,1
17706,無非是滿,1
17707,非是滿卮,1
17708,是滿卮老,1
17709,滿卮老人,1
17710,卮老人罷,1
17711,老人罷卮,1
17712,人罷卮酒,1
17713,罷卮酒不,1
17714,卮酒不醉,1
17715,酒不醉已,1
17716,不醉已經,1
17717,醉已經年,1
17718,已經年自,1
17719,經年自飲,1
17720,年自飲君,1
17721,自飲君家,1
17722,飲君家酒,1
17723,君家酒一,1
17724,家酒一杯,1
17725,酒一杯三,1
17726,一杯三日,1
17727,杯三日眠,1
17728,三日眠味,1
17729,日眠味輕,1
17730,眠味輕花,1
17731,味輕花上,1
17732,輕花上露,1
17733,花上露色,1
17734,上露色似,1
17735,露色似洞,1
17736,色似洞中,1
17737,似洞中泉,1
17738,洞中泉莫,1
17739,中泉莫厭,1
17740,泉莫厭時,1
17741,莫厭時時,1
17742,厭時時寄,1
17743,時時寄須,1
17744,時寄須知,1
17745,寄須知法,1
17746,須知法未,1
17747,知法未傳,1
17748,法未傳嫩,1
17749,未傳嫩綠,1
17750,傳嫩綠微,1
17751,嫩綠微黃,1
17752,綠微黃碧,1
17753,微黃碧澗,1
17754,黃碧澗春,1
17755,碧澗春采,1
17756,澗春采時,1
17757,春采時聞,1
17758,采時聞道,1
17759,時聞道斷,1
17760,聞道斷葷,1
17761,道斷葷辛,1
17762,斷葷辛不,1
17763,葷辛不將,1
17764,辛不將錢,1
17765,不將錢買,1
17766,將錢買將,1
17767,錢買將詩,1
17768,買將詩乞,1
17769,將詩乞借,1
17770,詩乞借問,1
17771,乞借問山,1
17772,借問山翁,1
17773,問山翁有,1
17774,山翁有幾,1
17775,翁有幾人,1
17776,有幾人直,1
17777,幾人直廬,1
17778,人直廬仙,1
17779,直廬仙掖,1
17780,廬仙掖近,1
17781,仙掖近春,1
17782,掖近春氣,1
17783,近春氣曙,1
17784,春氣曙猶,1
17785,氣曙猶寒,1
17786,曙猶寒隱,1
17787,猶寒隱隱,1
17788,寒隱隱銀,1
17789,隱隱銀河,1
17790,隱銀河在,1
17791,銀河在丁,1
17792,河在丁丁,1
17793,在丁丁玉,1
17794,丁玉漏殘,1
17795,玉漏殘微,1
17796,漏殘微風,1
17797,殘微風飄,1
17798,微風飄更,1
17799,風飄更切,1
17800,飄更切萬,1
17801,更切萬籟,1
17802,切萬籟雜,1
17803,萬籟雜應,1
17804,籟雜應難,1
17805,雜應難鳳,1
17806,應難鳳閣,1
17807,難鳳閣明,1
17808,鳳閣明初,1
17809,閣明初啟,1
17810,明初啟雞,1
17811,初啟雞人,1
17812,雞人唱漸,1
17813,人唱漸闌,1
17814,唱漸闌靜,1
17815,漸闌靜宜,1
17816,闌靜宜來,1
17817,靜宜來禁,1
17818,宜來禁裏,1
17819,來禁裏清,1
17820,禁裏清是,1
17821,裏清是下,1
17822,清是下雲,1
17823,是下雲端,1
17824,下雲端我,1
17825,雲端我識,1
17826,端我識朝,1
17827,我識朝天,1
17828,識朝天路,1
17829,朝天路從,1
17830,天路從容,1
17831,路從容自,1
17832,從容自整,1
17833,容自整冠,1
17834,自整冠符,1
17835,整冠符印,1
17836,冠符印懸,1
17837,符印懸腰,1
17838,印懸腰下,1
17839,懸腰下東,1
17840,腰下東山,1
17841,下東山不,1
17842,東山不得,1
17843,山不得歸,1
17844,不得歸獨,1
17845,得歸獨行,1
17846,歸獨行南,1
17847,獨行南北,1
17848,行南北近,1
17849,南北近漸,1
17850,北近漸老,1
17851,近漸老往,1
17852,漸老往還,1
17853,老往還稀,1
17854,往還稀迸,1
17855,還稀迸筍,1
17856,稀迸筍侵,1
17857,迸筍侵窗,1
17858,筍侵窗長,1
17859,侵窗長驚,1
17860,窗長驚蟬,1
17861,長驚蟬出,1
17862,驚蟬出樹,1
17863,蟬出樹飛,1
17864,出樹飛田,1
17865,樹飛田田,1
17866,飛田田池,1
17867,田田池上,1
17868,田池上葉,1
17869,池上葉長,1
17870,上葉長是,1
17871,葉長是使,1
17872,長是使君,1
17873,是使君衣,1
17874,使君衣西,1
17875,君衣西園,1
17876,衣西園春,1
17877,西園春欲,1
17878,園春欲盡,1
17879,春欲盡芳,1
17880,欲盡芳草,1
17881,盡芳草徑,1
17882,芳草徑難,1
17883,草徑難分,1
17884,徑難分靜,1
17885,難分靜語,1
17886,分靜語唯,1
17887,靜語唯幽,1
17888,語唯幽鳥,1
17889,唯幽鳥閑,1
17890,幽鳥閑眠,1
17891,鳥閑眠獨,1
17892,閑眠獨使,1
17893,眠獨使君,1
17894,獨使君密,1
17895,使君密林,1
17896,君密林生,1
17897,密林生雨,1
17898,林生雨氣,1
17899,生雨氣古,1
17900,雨氣古石,1
17901,氣古石帶,1
17902,古石帶潮,1
17903,石帶潮文,1
17904,帶潮文雖,1
17905,潮文雖去,1
17906,文雖去清,1
17907,雖去清秋,1
17908,去清秋遠,1
17909,清秋遠朝,1
17910,秋遠朝朝,1
17911,遠朝朝見,1
17912,朝朝見白,1
17913,朝見白雲,1
17914,見白雲錢,1
17915,白雲錢塘,1
17916,雲錢塘刺,1
17917,錢塘刺史,1
17918,塘刺史謾,1
17919,刺史謾題,1
17920,史謾題詩,1
17921,謾題詩貧,1
17922,題詩貧褊,1
17923,詩貧褊無,1
17924,貧褊無恩,1
17925,褊無恩懦,1
17926,無恩懦少,1
17927,恩懦少威,1
17928,懦少威春,1
17929,少威春盡,1
17930,威春盡酒,1
17931,春盡酒杯,1
17932,盡酒杯花,1
17933,酒杯花影,1
17934,杯花影在,1
17935,花影在潮,1
17936,影在潮回,1
17937,在潮回畫,1
17938,潮回畫檻,1
17939,回畫檻水,1
17940,畫檻水聲,1
17941,檻水聲微,1
17942,水聲微閑,1
17943,聲微閑吟,1
17944,微閑吟山,1
17945,閑吟山際,1
17946,吟山際邀,1
17947,山際邀僧,1
17948,際邀僧上,1
17949,邀僧上暮,1
17950,僧上暮入,1
17951,上暮入林,1
17952,暮入林中,1
17953,入林中看,1
17954,林中看鶴,1
17955,中看鶴歸,1
17956,看鶴歸無,1
17957,鶴歸無術,1
17958,歸無術理,1
17959,無術理人,1
17960,術理人人,1
17961,理人人自,1
17962,人自理朝,1
17963,自理朝朝,1
17964,理朝朝漸,1
17965,朝朝漸覺,1
17966,朝漸覺簿,1
17967,漸覺簿書,1
17968,覺簿書稀,1
17969,簿書稀默,1
17970,書稀默默,1
17971,稀默默滄,1
17972,默默滄江,1
17973,默滄江老,1
17974,滄江老官,1
17975,江老官分,1
17976,老官分右,1
17977,官分右掖,1
17978,分右掖榮,1
17979,右掖榮立,1
17980,掖榮立朝,1
17981,榮立朝班,1
17982,立朝班近,1
17983,朝班近殿,1
17984,班近殿奏,1
17985,近殿奏直,1
17986,殿奏直上,1
17987,奏直上知,1
17988,直上知名,1
17989,上知名曉,1
17990,知名曉霧,1
17991,名曉霧和,1
17992,曉霧和香,1
17993,霧和香氣,1
17994,和香氣晴,1
17995,香氣晴樓,1
17996,氣晴樓下,1
17997,晴樓下樂,1
17998,樓下樂聲,1
17999,下樂聲蜀,1
18000,樂聲蜀箋,1
18001,聲蜀箋金,1
18002,蜀箋金屑,1
18003,箋金屑膩,1
18004,金屑膩月,1
18005,屑膩月兔,1
18006,膩月兔筆,1
18007,月兔筆毫,1
18008,兔筆毫精,1
18009,筆毫精禁,1
18010,毫精禁樹,1
18011,精禁樹霏,1
18012,禁樹霏煙,1
18013,樹霏煙覆,1
18014,霏煙覆宮,1
18015,煙覆宮牆,1
18016,覆宮牆瑞,1
18017,宮牆瑞草,1
18018,牆瑞草生,1
18019,瑞草生露,1
18020,草生露盤,1
18021,生露盤秋,1
18022,露盤秋更,1
18023,盤秋更出,1
18024,秋更出玉,1
18025,更出玉漏,1
18026,出玉漏晝,1
18027,玉漏晝還,1
18028,漏晝還清,1
18029,晝還清碧,1
18030,還清碧蘚,1
18031,清碧蘚無,1
18032,碧蘚無塵,1
18033,蘚無塵染,1
18034,無塵染寒,1
18035,塵染寒蟬,1
18036,染寒蟬似,1
18037,寒蟬似鳥,1
18038,蟬似鳥鳴,1
18039,似鳥鳴竹,1
18040,鳥鳴竹深,1
18041,鳴竹深雲,1
18042,竹深雲自,1
18043,深雲自宿,1
18044,雲自宿天,1
18045,自宿天近,1
18046,宿天近日,1
18047,天近日先,1
18048,近日先明,1
18049,日先明孱,1
18050,先明孱懦,1
18051,明孱懦難,1
18052,孱懦難封,1
18053,懦難封詔,1
18054,難封詔疏,1
18055,封詔疏愚,1
18056,詔疏愚但,1
18057,疏愚但擲,1
18058,愚但擲觥,1
18059,但擲觥素,1
18060,擲觥素餐,1
18061,觥素餐終,1
18062,素餐終日,1
18063,餐終日足,1
18064,終日足寧,1
18065,日足寧免,1
18066,足寧免眾,1
18067,寧免眾人,1
18068,免眾人輕,1
18069,眾人輕臨,1
18070,人輕臨江,1
18071,輕臨江府,1
18072,臨江府署,1
18073,江府署清,1
18074,府署清閑,1
18075,署清閑臥,1
18076,清閑臥複,1
18077,閑臥複閑,1
18078,臥複閑行,1
18079,複閑行苔,1
18080,閑行苔蘚,1
18081,行苔蘚疏,1
18082,苔蘚疏塵,1
18083,蘚疏塵色,1
18084,疏塵色梧,1
18085,塵色梧桐,1
18086,色梧桐出,1
18087,梧桐出雨,1
18088,桐出雨聲,1
18089,出雨聲漸,1
18090,雨聲漸除,1
18091,聲漸除身,1
18092,漸除身外,1
18093,除身外事,1
18094,身外事暗,1
18095,外事暗作,1
18096,事暗作道,1
18097,暗作道家,1
18098,作道家名,1
18099,道家名更,1
18100,家名更喜,1
18101,名更喜仙,1
18102,更喜仙山,1
18103,喜仙山近,1
18104,仙山近庭,1
18105,山近庭前,1
18106,近庭前藥,1
18107,庭前藥自,1
18108,前藥自生,1
18109,藥自生十,1
18110,自生十日,1
18111,生十日公,1
18112,十日公府,1
18113,日公府靜,1
18114,公府靜巾,1
18115,府靜巾櫛,1
18116,靜巾櫛起,1
18117,巾櫛起清,1
18118,櫛起清晨,1
18119,起清晨寒,1
18120,清晨寒蟬,1
18121,晨寒蟬近,1
18122,寒蟬近衰,1
18123,蟬近衰柳,1
18124,近衰柳古,1
18125,衰柳古木,1
18126,柳古木似,1
18127,古木似高,1
18128,木似高人,1
18129,似高人學,1
18130,高人學佛,1
18131,人學佛寧,1
18132,學佛寧憂,1
18133,佛寧憂老,1
18134,寧憂老為,1
18135,憂老為儒,1
18136,老為儒自,1
18137,為儒自喜,1
18138,儒自喜貧,1
18139,自喜貧海,1
18140,喜貧海山,1
18141,貧海山歸,1
18142,海山歸未,1
18143,歸未得芝,1
18144,未得芝朮,1
18145,得芝朮夢,1
18146,芝朮夢中,1
18147,朮夢中春,1
18148,夢中春宮,1
18149,中春宮殿,1
18150,春宮殿半,1
18151,宮殿半山,1
18152,殿半山上,1
18153,半山上人,1
18154,山上人家,1
18155,上人家向,1
18156,人家向下,1
18157,家向下居,1
18158,向下居古,1
18159,下居古廳,1
18160,居古廳眠,1
18161,古廳眠易,1
18162,廳眠易魘,1
18163,眠易魘老,1
18164,易魘老吏,1
18165,魘老吏語,1
18166,老吏語多,1
18167,吏語多虛,1
18168,語多虛雨,1
18169,多虛雨水,1
18170,虛雨水澆,1
18171,雨水澆荒,1
18172,水澆荒竹,1
18173,澆荒竹溪,1
18174,荒竹溪沙,1
18175,竹溪沙擁,1
18176,溪沙擁廢,1
18177,沙擁廢渠,1
18178,擁廢渠聖,1
18179,廢渠聖朝,1
18180,渠聖朝收,1
18181,聖朝收外,1
18182,朝收外府,1
18183,收外府皆,1
18184,外府皆是,1
18185,府皆是九,1
18186,皆是九天,1
18187,是九天除,1
18188,九天除鼓,1
18189,天除鼓絕,1
18190,除鼓絕門,1
18191,鼓絕門方,1
18192,絕門方掩,1
18193,門方掩蕭,1
18194,方掩蕭條,1
18195,掩蕭條作,1
18196,蕭條作吏,1
18197,條作吏心,1
18198,作吏心露,1
18199,吏心露垂,1
18200,心露垂庭,1
18201,露垂庭際,1
18202,垂庭際草,1
18203,庭際草螢,1
18204,際草螢照,1
18205,草螢照竹,1
18206,螢照竹間,1
18207,照竹間禽,1
18208,竹間禽棋,1
18209,間禽棋罷,1
18210,禽棋罷嫌,1
18211,罷嫌無月,1
18212,嫌無月眠,1
18213,無月眠遲,1
18214,月眠遲聽,1
18215,眠遲聽盡,1
18216,遲聽盡砧,1
18217,聽盡砧還,1
18218,盡砧還知,1
18219,砧還知未,1
18220,還知未離,1
18221,知未離此,1
18222,未離此時,1
18223,離此時複,1
18224,此時複更,1
18225,時複更相,1
18226,複更相尋,1
18227,更相尋竹,1
18228,相尋竹屋,1
18229,尋竹屋臨,1
18230,竹屋臨江,1
18231,屋臨江岸,1
18232,臨江岸清,1
18233,江岸清宵,1
18234,岸清宵興,1
18235,清宵興自,1
18236,宵興自長,1
18237,興自長夜,1
18238,自長夜深,1
18239,長夜深傾,1
18240,夜深傾北,1
18241,深傾北斗,1
18242,傾北斗葉,1
18243,北斗葉落,1
18244,斗葉落映,1
18245,葉落映橫,1
18246,落映橫塘,1
18247,映橫塘渚,1
18248,橫塘渚鬧,1
18249,塘渚鬧漁,1
18250,渚鬧漁歌,1
18251,鬧漁歌響,1
18252,漁歌響風,1
18253,歌響風和,1
18254,響風和角,1
18255,風和角粽,1
18256,和角粽香,1
18257,角粽香卻,1
18258,粽香卻愁,1
18259,香卻愁南,1
18260,卻愁南去,1
18261,愁南去棹,1
18262,南去棹早,1
18263,去棹早晚,1
18264,棹早晚到,1
18265,早晚到瀟,1
18266,晚到瀟湘,1
18267,到瀟湘左,1
18268,瀟湘左右,1
18269,湘左右分,1
18270,左右分京,1
18271,右分京闕,1
18272,分京闕黃,1
18273,京闕黃河,1
18274,闕黃河與,1
18275,黃河與宅,1
18276,河與宅連,1
18277,與宅連何,1
18278,宅連何功,1
18279,連何功來,1
18280,何功來此,1
18281,功來此地,1
18282,來此地竊,1
18283,此地竊位,1
18284,地竊位已,1
18285,竊位已經,1
18286,位已經年,1
18287,已經年天,1
18288,經年天下,1
18289,年天下才,1
18290,天下才彌,1
18291,下才彌小,1
18292,才彌小關,1
18293,彌小關中,1
18294,小關中鎮,1
18295,關中鎮最,1
18296,中鎮最先,1
18297,鎮最先隴,1
18298,最先隴山,1
18299,先隴山望,1
18300,隴山望可,1
18301,山望可見,1
18302,望可見惆,1
18303,可見惆悵,1
18304,見惆悵是,1
18305,惆悵是窮,1
18306,悵是窮邊,1
18307,是窮邊兼,1
18308,窮邊兼秩,1
18309,邊兼秩恩,1
18310,兼秩恩歸,1
18311,秩恩歸第,1
18312,恩歸第一,1
18313,歸第一流,1
18314,第一流時,1
18315,一流時尋,1
18316,流時尋仙,1
18317,時尋仙路,1
18318,尋仙路向,1
18319,仙路向瀛,1
18320,路向瀛洲,1
18321,向瀛洲鐘,1
18322,瀛洲鐘聲,1
18323,洲鐘聲迢,1
18324,鐘聲迢遞,1
18325,聲迢遞銀,1
18326,迢遞銀河,1
18327,遞銀河曉,1
18328,銀河曉林,1
18329,河曉林色,1
18330,曉林色蔥,1
18331,林色蔥籠,1
18332,色蔥籠玉,1
18333,蔥籠玉露,1
18334,籠玉露秋,1
18335,玉露秋紫,1
18336,露秋紫殿,1
18337,秋紫殿講,1
18338,紫殿講筵,1
18339,殿講筵鄰,1
18340,講筵鄰御,1
18341,筵鄰御座,1
18342,鄰御座青,1
18343,御座青宮,1
18344,座青宮賓,1
18345,青宮賓榻,1
18346,宮賓榻入,1
18347,賓榻入龍,1
18348,榻入龍樓,1
18349,入龍樓從,1
18350,龍樓從來,1
18351,樓從來共,1
18352,從來共結,1
18353,來共結歸,1
18354,共結歸山,1
18355,結歸山侶,1
18356,歸山侶今,1
18357,山侶今日,1
18358,侶今日多,1
18359,今日多應,1
18360,日多應獨,1
18361,多應獨自,1
18362,應獨自休,1
18363,獨自休南,1
18364,自休南山,1
18365,休南山雪,1
18366,南山雪色,1
18367,山雪色徹,1
18368,雪色徹皇,1
18369,色徹皇州,1
18370,徹皇州鐘,1
18371,皇州鐘鼓,1
18372,州鐘鼓聲,1
18373,鐘鼓聲交,1
18374,鼓聲交曉,1
18375,聲交曉氣,1
18376,交曉氣浮,1
18377,曉氣浮鴛,1
18378,氣浮鴛鷺,1
18379,浮鴛鷺簪,1
18380,鴛鷺簪裾,1
18381,鷺簪裾上,1
18382,簪裾上龍,1
18383,裾上龍尾,1
18384,上龍尾蓬,1
18385,龍尾蓬萊,1
18386,尾蓬萊宮,1
18387,蓬萊宮殿,1
18388,萊宮殿壓,1
18389,宮殿壓鼇,1
18390,殿壓鼇頭,1
18391,壓鼇頭夕,1
18392,鼇頭夕郎,1
18393,頭夕郎夜,1
18394,夕郎夜直,1
18395,郎夜直吟,1
18396,夜直吟仙,1
18397,直吟仙掖,1
18398,吟仙掖天,1
18399,仙掖天樂,1
18400,掖天樂和,1
18401,天樂和聲,1
18402,樂和聲下,1
18403,和聲下禁,1
18404,聲下禁樓,1
18405,下禁樓贈,1
18406,禁樓贈答,1
18407,樓贈答詩,1
18408,贈答詩成,1
18409,答詩成才,1
18410,詩成才思,1
18411,成才思敵,1
18412,才思敵病,1
18413,思敵病夫,1
18414,敵病夫欲,1
18415,病夫欲和,1
18416,夫欲和幾,1
18417,欲和幾朝,1
18418,和幾朝愁,1
18419,幾朝愁魚,1
18420,朝愁魚鑰,1
18421,愁魚鑰千,1
18422,魚鑰千門,1
18423,鑰千門啟,1
18424,千門啟雞,1
18425,門啟雞人,1
18426,雞人唱曉,1
18427,人唱曉傳,1
18428,唱曉傳冕,1
18429,曉傳冕旒,1
18430,傳冕旒臨,1
18431,冕旒臨玉,1
18432,旒臨玉殿,1
18433,臨玉殿丞,1
18434,玉殿丞相,1
18435,殿丞相入,1
18436,丞相入爐,1
18437,相入爐煙,1
18438,入爐煙列,1
18439,爐煙列位,1
18440,煙列位同,1
18441,列位同居,1
18442,位同居左,1
18443,同居左分,1
18444,居左分行,1
18445,左分行忝,1
18446,分行忝在,1
18447,行忝在前,1
18448,忝在前仰,1
18449,在前仰聞,1
18450,前仰聞天,1
18451,仰聞天語,1
18452,聞天語近,1
18453,天語近俯,1
18454,語近俯拜,1
18455,近俯拜佩,1
18456,俯拜佩聲,1
18457,拜佩聲連,1
18458,佩聲連彩,1
18459,聲連彩仗,1
18460,連彩仗祥,1
18461,彩仗祥光,1
18462,仗祥光動,1
18463,祥光動彤,1
18464,光動彤庭,1
18465,動彤庭霽,1
18466,彤庭霽色,1
18467,庭霽色鮮,1
18468,霽色鮮威,1
18469,色鮮威儀,1
18470,鮮威儀誰,1
18471,威儀誰可,1
18472,儀誰可紀,1
18473,誰可紀柱,1
18474,可紀柱史,1
18475,紀柱史有,1
18476,柱史有新,1
18477,史有新篇,1
18478,有新篇聖,1
18479,新篇聖朝,1
18480,篇聖朝同,1
18481,聖朝同舜,1
18482,朝同舜日,1
18483,同舜日作,1
18484,舜日作相,1
18485,日作相有,1
18486,作相有夔,1
18487,相有夔龍,1
18488,有夔龍理,1
18489,夔龍理化,1
18490,龍理化知,1
18491,理化知無,1
18492,化知無外,1
18493,知無外烝,1
18494,無外烝黎,1
18495,外烝黎盡,1
18496,烝黎盡可,1
18497,黎盡可封,1
18498,盡可封燮,1
18499,可封燮和,1
18500,封燮和皆,1
18501,燮和皆達,1
18502,和皆達識,1
18503,皆達識出,1
18504,達識出入,1
18505,識出入並,1
18506,出入並登,1
18507,入並登庸,1
18508,並登庸武,1
18509,登庸武騎,1
18510,庸武騎增,1
18511,武騎增餘,1
18512,騎增餘勇,1
18513,增餘勇儒,1
18514,餘勇儒冠,1
18515,勇儒冠貴,1
18516,儒冠貴所,1
18517,冠貴所從,1
18518,貴所從贈,1
18519,所從贈詩,1
18520,從贈詩全,1
18521,贈詩全六,1
18522,詩全六義,1
18523,全六義出,1
18524,六義出鎮,1
18525,義出鎮越,1
18526,出鎮越千,1
18527,鎮越千峰,1
18528,越千峰連,1
18529,千峰連日,1
18530,峰連日陳,1
18531,連日陳天,1
18532,日陳天樂,1
18533,陳天樂芳,1
18534,天樂芳筵,1
18535,樂芳筵疊,1
18536,芳筵疊酒,1
18537,筵疊酒鐘,1
18538,疊酒鐘烏,1
18539,酒鐘烏台,1
18540,鐘烏台情,1
18541,烏台情已,1
18542,台情已洽,1
18543,情已洽鳳,1
18544,已洽鳳閣,1
18545,洽鳳閣分,1
18546,鳳閣分彌,1
18547,閣分彌濃,1
18548,分彌濃棧,1
18549,彌濃棧轉,1
18550,濃棧轉旌,1
18551,棧轉旌搖,1
18552,轉旌搖水,1
18553,旌搖水崖,1
18554,搖水崖高,1
18555,水崖高馬,1
18556,崖高馬蹋,1
18557,高馬蹋松,1
18558,馬蹋松恩,1
18559,蹋松恩深,1
18560,松恩深施,1
18561,恩深施遠,1
18562,深施遠俗,1
18563,施遠俗化,1
18564,遠俗化美,1
18565,俗化美見,1
18566,化美見前,1
18567,美見前蹤,1
18568,見前蹤江,1
18569,前蹤江曉,1
18570,蹤江曉流,1
18571,江曉流巴,1
18572,曉流巴字,1
18573,流巴字山,1
18574,巴字山晴,1
18575,字山晴聳,1
18576,山晴聳劍,1
18577,晴聳劍峰,1
18578,聳劍峰雙,1
18579,劍峰雙油,1
18580,峰雙油擁,1
18581,雙油擁上,1
18582,油擁上宰,1
18583,擁上宰四,1
18584,上宰四海,1
18585,宰四海羨,1
18586,四海羨臨,1
18587,海羨臨邛,1
18588,羨臨邛先,1
18589,臨邛先路,1
18590,邛先路聲,1
18591,先路聲華,1
18592,路聲華遠,1
18593,聲華遠離,1
18594,華遠離京,1
18595,遠離京詔,1
18596,離京詔旨,1
18597,京詔旨重,1
18598,詔旨重歲,1
18599,旨重歲除,1
18600,重歲除今,1
18601,歲除今向,1
18602,除今向盡,1
18603,今向盡春,1
18604,向盡春色,1
18605,盡春色即,1
18606,春色即相,1
18607,色即相逢,1
18608,即相逢嫩,1
18609,相逢嫩葉,1
18610,逢嫩葉抽,1
18611,嫩葉抽赬,1
18612,葉抽赬蕊,1
18613,抽赬蕊新,1
18614,赬蕊新苔,1
18615,蕊新苔長,1
18616,新苔長翠,1
18617,苔長翠茸,1
18618,長翠茸冰,1
18619,翠茸冰銷,1
18620,茸冰銷魚,1
18621,冰銷魚潎,1
18622,銷魚潎潎,1
18623,魚潎潎林,1
18624,潎潎林暖,1
18625,潎林暖鳥,1
18626,林暖鳥噰,1
18627,暖鳥噰噰,1
18628,鳥噰噰泉,1
18629,噰噰泉落,1
18630,噰泉落聞,1
18631,泉落聞難,1
18632,落聞難盡,1
18633,聞難盡花,1
18634,難盡花開,1
18635,盡花開看,1
18636,花開看不,1
18637,開看不供,1
18638,看不供青,1
18639,不供青城,1
18640,供青城方,1
18641,青城方眷,1
18642,城方眷戀,1
18643,方眷戀黃,1
18644,眷戀黃閣,1
18645,戀黃閣竟,1
18646,黃閣竟從,1
18647,閣竟從容,1
18648,竟從容計,1
18649,從容計日,1
18650,容計日歸,1
18651,計日歸台,1
18652,日歸台席,1
18653,歸台席還,1
18654,台席還聽,1
18655,席還聽長,1
18656,還聽長樂,1
18657,聽長樂鐘,1
18658,長樂鐘西,1
18659,樂鐘西亭,1
18660,鐘西亭秋,1
18661,西亭秋望,1
18662,亭秋望好,1
18663,秋望好寧,1
18664,望好寧要,1
18665,好寧要更,1
18666,寧要更垂,1
18667,要更垂簾,1
18668,更垂簾夫,1
18669,垂簾夫子,1
18670,簾夫子牆,1
18671,夫子牆還,1
18672,子牆還峻,1
18673,牆還峻酂,1
18674,還峻酂侯,1
18675,峻酂侯宅,1
18676,酂侯宅過,1
18677,侯宅過謙,1
18678,宅過謙微,1
18679,過謙微風,1
18680,謙微風紅,1
18681,微風紅葉,1
18682,風紅葉下,1
18683,紅葉下新,1
18684,葉下新雨,1
18685,下新雨綠,1
18686,新雨綠苔,1
18687,雨綠苔黏,1
18688,綠苔黏窗,1
18689,苔黏窗外,1
18690,黏窗外松,1
18691,窗外松初,1
18692,外松初長,1
18693,松初長欄,1
18694,初長欄中,1
18695,長欄中藥,1
18696,欄中藥旋,1
18697,中藥旋添,1
18698,藥旋添海,1
18699,旋添海圖,1
18700,添海圖裝,1
18701,海圖裝玉,1
18702,圖裝玉軸,1
18703,裝玉軸書,1
18704,玉軸書目,1
18705,軸書目記,1
18706,書目記牙,1
18707,目記牙籤,1
18708,記牙籤竹,1
18709,牙籤竹色,1
18710,籤竹色晴,1
18711,竹色晴連,1
18712,色晴連地,1
18713,晴連地山,1
18714,連地山光,1
18715,地山光遠,1
18716,山光遠入,1
18717,光遠入簷,1
18718,遠入簷酒,1
18719,入簷酒濃,1
18720,簷酒濃杯,1
18721,酒濃杯稍,1
18722,濃杯稍重,1
18723,杯稍重詩,1
18724,稍重詩冷,1
18725,重詩冷語,1
18726,詩冷語多,1
18727,冷語多尖,1
18728,語多尖屬,1
18729,多尖屬和,1
18730,尖屬和才,1
18731,屬和才雖,1
18732,和才雖淺,1
18733,才雖淺題,1
18734,雖淺題高,1
18735,淺題高免,1
18736,題高免客,1
18737,高免客嫌,1
18738,免客嫌官,1
18739,客嫌官清,1
18740,嫌官清書,1
18741,官清書府,1
18742,清書府足,1
18743,書府足閒,1
18744,府足閒時,1
18745,足閒時曉,1
18746,閒時曉起,1
18747,時曉起攀,1
18748,曉起攀花,1
18749,起攀花折,1
18750,攀花折柳,1
18751,花折柳枝,1
18752,折柳枝九,1
18753,柳枝九陌,1
18754,枝九陌城,1
18755,九陌城中,1
18756,陌城中尋,1
18757,城中尋不,1
18758,中尋不盡,1
18759,尋不盡千,1
18760,不盡千峰,1
18761,盡千峰寺,1
18762,千峰寺裏,1
18763,峰寺裏看,1
18764,寺裏看相,1
18765,裏看相宜,1
18766,看相宜高,1
18767,相宜高人,1
18768,宜高人酒,1
18769,高人酒味,1
18770,人酒味多,1
18771,酒味多和,1
18772,味多和藥,1
18773,多和藥自,1
18774,和藥自古,1
18775,藥自古風,1
18776,自古風光,1
18777,古風光只,1
18778,風光只屬,1
18779,光只屬詩,1
18780,只屬詩見,1
18781,屬詩見說,1
18782,詩見說往,1
18783,見說往來,1
18784,說往來多,1
18785,往來多靜,1
18786,來多靜者,1
18787,多靜者未,1
18788,靜者未知,1
18789,者未知前,1
18790,未知前日,1
18791,知前日更,1
18792,前日更逢,1
18793,日更逢誰,1
18794,更逢誰笑,1
18795,逢誰笑辭,1
18796,誰笑辭聘,1
18797,笑辭聘禮,1
18798,辭聘禮深,1
18799,聘禮深坊,1
18800,禮深坊住,1
18801,深坊住門,1
18802,坊住門館,1
18803,住門館長,1
18804,門館長閑,1
18805,館長閑似,1
18806,長閑似退,1
18807,閑似退居,1
18808,似退居太,1
18809,退居太學,1
18810,居太學官,1
18811,太學官資,1
18812,學官資清,1
18813,官資清品,1
18814,資清品秩,1
18815,清品秩高,1
18816,品秩高人,1
18817,秩高人公,1
18818,高人公事,1
18819,人公事說,1
18820,公事說經,1
18821,事說經書,1
18822,說經書年,1
18823,經書年華,1
18824,書年華未,1
18825,年華未是,1
18826,華未是登,1
18827,未是登朝,1
18828,是登朝晚,1
18829,登朝晚春,1
18830,朝晚春色,1
18831,晚春色何,1
18832,春色何因,1
18833,色何因向,1
18834,何因向酒,1
18835,因向酒疏,1
18836,向酒疏且,1
18837,酒疏且看,1
18838,疏且看牡,1
18839,且看牡丹,1
18840,看牡丹吟,1
18841,牡丹吟麗,1
18842,丹吟麗句,1
18843,吟麗句不,1
18844,麗句不知,1
18845,句不知此,1
18846,不知此外,1
18847,知此外複,1
18848,此外複何,1
18849,外複何如,1
18850,複何如獻,1
18851,何如獻壽,1
18852,如獻壽人,1
18853,獻壽人皆,1
18854,壽人皆慶,1
18855,人皆慶南,1
18856,皆慶南山,1
18857,慶南山複,1
18858,南山複北,1
18859,山複北堂,1
18860,複北堂從,1
18861,北堂從今,1
18862,堂從今千,1
18863,從今千萬,1
18864,今千萬日,1
18865,千萬日此,1
18866,萬日此日,1
18867,日此日又,1
18868,此日又初,1
18869,日又初長,1
18870,又初長結,1
18871,初長結構,1
18872,長結構立,1
18873,結構立嘉,1
18874,構立嘉名,1
18875,立嘉名軒,1
18876,嘉名軒窗,1
18877,名軒窗四,1
18878,軒窗四面,1
18879,窗四面明,1
18880,四面明丘,1
18881,面明丘牆,1
18882,明丘牆高,1
18883,丘牆高莫,1
18884,牆高莫比,1
18885,高莫比蕭,1
18886,莫比蕭宅,1
18887,比蕭宅僻,1
18888,蕭宅僻還,1
18889,宅僻還清,1
18890,僻還清池,1
18891,還清池際,1
18892,清池際龜,1
18893,池際龜潛,1
18894,際龜潛戲,1
18895,龜潛戲庭,1
18896,潛戲庭前,1
18897,戲庭前藥,1
18898,庭前藥旋,1
18899,前藥旋生,1
18900,藥旋生樹,1
18901,旋生樹深,1
18902,生樹深簷,1
18903,樹深簷稍,1
18904,深簷稍邃,1
18905,簷稍邃石,1
18906,稍邃石峭,1
18907,邃石峭徑,1
18908,石峭徑難,1
18909,峭徑難平,1
18910,徑難平道,1
18911,難平道曠,1
18912,平道曠襟,1
18913,道曠襟情,1
18914,曠襟情遠,1
18915,襟情遠神,1
18916,情遠神閑,1
18917,遠神閑視,1
18918,神閑視聽,1
18919,閑視聽精,1
18920,視聽精古,1
18921,聽精古今,1
18922,精古今功,1
18923,古今功獨,1
18924,今功獨出,1
18925,功獨出大,1
18926,獨出大小,1
18927,出大小隱,1
18928,大小隱俱,1
18929,小隱俱成,1
18930,隱俱成曙,1
18931,俱成曙雨,1
18932,成曙雨新,1
18933,曙雨新苔,1
18934,雨新苔色,1
18935,新苔色秋,1
18936,苔色秋風,1
18937,色秋風長,1
18938,秋風長桂,1
18939,風長桂聲,1
18940,長桂聲攜,1
18941,桂聲攜詩,1
18942,聲攜詩就,1
18943,攜詩就竹,1
18944,詩就竹寫,1
18945,就竹寫取,1
18946,竹寫取酒,1
18947,寫取酒對,1
18948,取酒對花,1
18949,酒對花傾,1
18950,對花傾古,1
18951,花傾古寺,1
18952,傾古寺招,1
18953,古寺招僧,1
18954,寺招僧飯,1
18955,招僧飯方,1
18956,僧飯方塘,1
18957,飯方塘看,1
18958,方塘看鶴,1
18959,塘看鶴行,1
18960,看鶴行人,1
18961,鶴行人間,1
18962,行人間無,1
18963,人間無此,1
18964,間無此貴,1
18965,無此貴半,1
18966,此貴半仗,1
18967,貴半仗暮,1
18968,半仗暮歸,1
18969,仗暮歸城,1
18970,暮歸城茅,1
18971,歸城茅屋,1
18972,城茅屋臨,1
18973,茅屋臨江,1
18974,屋臨江起,1
18975,臨江起登,1
18976,江起登庸,1
18977,起登庸複,1
18978,登庸複應,1
18979,庸複應期,1
18980,複應期遙,1
18981,應期遙知,1
18982,期遙知歸,1
18983,遙知歸去,1
18984,知歸去日,1
18985,歸去日自,1
18986,去日自致,1
18987,日自致太,1
18988,自致太平,1
18989,致太平時,1
18990,太平時幽,1
18991,平時幽藥,1
18992,時幽藥禪,1
18993,幽藥禪僧,1
18994,藥禪僧護,1
18995,禪僧護高,1
18996,僧護高窗,1
18997,護高窗宿,1
18998,高窗宿鳥,1
18999,窗宿鳥窺,1
19000,宿鳥窺行,1
19001,鳥窺行人,1
19002,窺行人盡,1
19003,行人盡歌,1
19004,人盡歌詠,1
19005,盡歌詠唯,1
19006,歌詠唯子,1
19007,詠唯子獨,1
19008,唯子獨能,1
19009,子獨能詩,1
19010,獨能詩天,1
19011,能詩天福,1
19012,詩天福坤,1
19013,天福坤維,1
19014,福坤維厚,1
19015,坤維厚忠,1
19016,維厚忠賢,1
19017,厚忠賢擁,1
19018,忠賢擁節,1
19019,賢擁節旄,1
19020,擁節旄江,1
19021,節旄江同,1
19022,旄江同渭,1
19023,江同渭濱,1
19024,同渭濱遠,1
19025,渭濱遠山,1
19026,濱遠山似,1
19027,遠山似傅,1
19028,山似傅岩,1
19029,似傅岩高,1
19030,傅岩高元,1
19031,岩高元氣,1
19032,高元氣符,1
19033,元氣符才,1
19034,氣符才格,1
19035,符才格文,1
19036,才格文星,1
19037,格文星照,1
19038,文星照筆,1
19039,星照筆毫,1
19040,照筆毫五,1
19041,筆毫五言,1
19042,毫五言全,1
19043,五言全麗,1
19044,言全麗則,1
19045,全麗則六,1
19046,麗則六義,1
19047,則六義出,1
19048,六義出風,1
19049,義出風騷,1
19050,出風騷聖,1
19051,風騷聖日,1
19052,騷聖日麻,1
19053,聖日麻雙,1
19054,日麻雙下,1
19055,麻雙下洪,1
19056,雙下洪爐,1
19057,下洪爐柄,1
19058,洪爐柄共,1
19059,爐柄共操,1
19060,柄共操寵,1
19061,共操寵榮,1
19062,操寵榮連,1
19063,寵榮連雨,1
19064,榮連雨露,1
19065,連雨露先,1
19066,雨露先後,1
19067,露先後比,1
19068,先後比蕭,1
19069,後比蕭曹,1
19070,比蕭曹唱,1
19071,蕭曹唱絕,1
19072,曹唱絕時,1
19073,唱絕時難,1
19074,絕時難和,1
19075,時難和吟,1
19076,難和吟多,1
19077,和吟多客,1
19078,吟多客詎,1
19079,多客詎勞,1
19080,客詎勞四,1
19081,詎勞四方,1
19082,勞四方雖,1
19083,四方雖紙,1
19084,方雖紙貴,1
19085,雖紙貴誰,1
19086,紙貴誰怕,1
19087,貴誰怕費,1
19088,誰怕費錢,1
19089,怕費錢刀,1
19090,費錢刀寒,1
19091,錢刀寒日,1
19092,刀寒日南,1
19093,寒日南宮,1
19094,日南宮晚,1
19095,南宮晚閑,1
19096,宮晚閑吟,1
19097,晚閑吟半,1
19098,閑吟半醉,1
19099,吟半醉歸,1
19100,半醉歸位,1
19101,醉歸位高,1
19102,歸位高行,1
19103,位高行路,1
19104,高行路靜,1
19105,行路靜詩,1
19106,路靜詩好,1
19107,靜詩好和,1
19108,詩好和人,1
19109,好和人稀,1
19110,和人稀古,1
19111,人稀古樹,1
19112,稀古樹苔,1
19113,古樹苔文,1
19114,樹苔文匝,1
19115,苔文匝遙,1
19116,文匝遙峰,1
19117,匝遙峰雪,1
19118,遙峰雪色,1
19119,峰雪色微,1
19120,雪色微寧,1
19121,色微寧知,1
19122,微寧知逢,1
19123,寧知逢彩,1
19124,知逢彩筆,1
19125,逢彩筆寂,1
19126,彩筆寂寞,1
19127,筆寂寞有,1
19128,寂寞有光,1
19129,寞有光輝,1
19130,有光輝聖,1
19131,光輝聖代,1
19132,輝聖代無,1
19133,聖代無為,1
19134,代無為化,1
19135,無為化郎,1
19136,為化郎中,1
19137,化郎中似,1
19138,郎中似散,1
19139,中似散仙,1
19140,似散仙晚,1
19141,散仙晚眠,1
19142,仙晚眠隨,1
19143,晚眠隨客,1
19144,隨客醉夜,1
19145,客醉夜坐,1
19146,醉夜坐學,1
19147,夜坐學僧,1
19148,坐學僧禪,1
19149,學僧禪酒,1
19150,僧禪酒用,1
19151,禪酒用林,1
19152,酒用林花,1
19153,用林花釀,1
19154,林花釀茶,1
19155,花釀茶將,1
19156,釀茶將野,1
19157,茶將野水,1
19158,將野水煎,1
19159,野水煎人,1
19160,水煎人生,1
19161,煎人生知,1
19162,人生知此,1
19163,生知此味,1
19164,知此味獨,1
19165,此味獨恨,1
19166,味獨恨少,1
19167,獨恨少因,1
19168,恨少因緣,1
19169,少因緣罷,1
19170,因緣罷草,1
19171,緣罷草王,1
19172,罷草王言,1
19173,草王言星,1
19174,王言星歲,1
19175,言星歲久,1
19176,星歲久嵩,1
19177,歲久嵩高,1
19178,久嵩高山,1
19179,嵩高山色,1
19180,高山色日,1
19181,山色日相,1
19182,色日相親,1
19183,日相親蕭,1
19184,相親蕭條,1
19185,親蕭條雨,1
19186,蕭條雨夜,1
19187,條雨夜吟,1
19188,雨夜吟連,1
19189,夜吟連曉,1
19190,吟連曉撩,1
19191,連曉撩亂,1
19192,曉撩亂花,1
19193,撩亂花時,1
19194,亂花時看,1
19195,花時看盡,1
19196,時看盡春,1
19197,看盡春此,1
19198,盡春此世,1
19199,春此世逍,1
19200,此世逍遙,1
19201,世逍遙應,1
19202,逍遙應獨,1
19203,遙應獨得,1
19204,應獨得古,1
19205,獨得古來,1
19206,得古來閒,1
19207,古來閒散,1
19208,來閒散有,1
19209,閒散有誰,1
19210,散有誰鄰,1
19211,有誰鄰林,1
19212,誰鄰林中,1
19213,鄰林中長,1
19214,林中長老,1
19215,中長老呼,1
19216,長老呼居,1
19217,老呼居士,1
19218,呼居士天,1
19219,居士天下,1
19220,士天下書,1
19221,天下書生,1
19222,下書生仰,1
19223,書生仰達,1
19224,生仰達人,1
19225,仰達人酒,1
19226,達人酒挈,1
19227,人酒挈數,1
19228,酒挈數瓶,1
19229,挈數瓶杯,1
19230,數瓶杯亦,1
19231,瓶杯亦闊,1
19232,杯亦闊詩,1
19233,亦闊詩成,1
19234,闊詩成千,1
19235,詩成千首,1
19236,成千首語,1
19237,千首語皆,1
19238,首語皆新,1
19239,語皆新綸,1
19240,皆新綸闈,1
19241,新綸闈並,1
19242,綸闈並命,1
19243,闈並命誠,1
19244,並命誠宜,1
19245,命誠宜賀,1
19246,誠宜賀不,1
19247,宜賀不念,1
19248,賀不念衰,1
19249,不念衰年,1
19250,念衰年寄,1
19251,衰年寄上,1
19252,年寄上頻,1
19253,寄上頻九,1
19254,上頻九陌,1
19255,頻九陌喧,1
19256,九陌喧喧,1
19257,陌喧喧騎,1
19258,喧喧騎吏,1
19259,喧騎吏催,1
19260,騎吏催百,1
19261,吏催百官,1
19262,催百官拜,1
19263,百官拜表,1
19264,官拜表禁,1
19265,拜表禁城,1
19266,表禁城開,1
19267,禁城開林,1
19268,城開林疏,1
19269,開林疏曉,1
19270,林疏曉日,1
19271,疏曉日明,1
19272,曉日明紅,1
19273,日明紅葉,1
19274,明紅葉塵,1
19275,紅葉塵靜,1
19276,葉塵靜寒,1
19277,塵靜寒霜,1
19278,靜寒霜覆,1
19279,寒霜覆綠,1
19280,霜覆綠苔,1
19281,覆綠苔玉,1
19282,綠苔玉佩,1
19283,苔玉佩聲,1
19284,玉佩聲微,1
19285,佩聲微班,1
19286,聲微班始,1
19287,微班始定,1
19288,班始定金,1
19289,始定金函,1
19290,定金函光,1
19291,金函光動,1
19292,函光動按,1
19293,光動按初,1
19294,動按初來,1
19295,按初來此,1
19296,初來此時,1
19297,來此時共,1
19298,此時共想,1
19299,時共想朝,1
19300,共想朝天,1
19301,想朝天客,1
19302,朝天客謝,1
19303,天客謝食,1
19304,客謝食方,1
19305,謝食方從,1
19306,食方從閣,1
19307,方從閣裏,1
19308,從閣裏回,1
19309,閣裏回往,1
19310,裏回往還,1
19311,回往還知,1
19312,往還知分,1
19313,還知分熟,1
19314,知分熟酬,1
19315,分熟酬贈,1
19316,熟酬贈思,1
19317,酬贈思同,1
19318,贈思同新,1
19319,思同新嗜,1
19320,同新嗜飲,1
19321,新嗜飲殷,1
19322,嗜飲殷偏,1
19323,飲殷偏逸,1
19324,殷偏逸閑,1
19325,偏逸閑吟,1
19326,逸閑吟卿,1
19327,閑吟卿亦,1
19328,吟卿亦貧,1
19329,卿亦貧古,1
19330,亦貧古苔,1
19331,貧古苔寒,1
19332,古苔寒更,1
19333,苔寒更翠,1
19334,寒更翠修,1
19335,更翠修竹,1
19336,翠修竹靜,1
19337,修竹靜無,1
19338,竹靜無鄰,1
19339,靜無鄰促,1
19340,無鄰促席,1
19341,鄰促席燈,1
19342,促席燈浮,1
19343,席燈浮酒,1
19344,燈浮酒聽,1
19345,浮酒聽鴻,1
19346,酒聽鴻霜,1
19347,聽鴻霜滿,1
19348,鴻霜滿身,1
19349,霜滿身淺,1
19350,滿身淺才,1
19351,身淺才唯,1
19352,淺才唯是,1
19353,才唯是我,1
19354,唯是我高,1
19355,是我高論,1
19356,我高論更,1
19357,高論更何,1
19358,論更何人,1
19359,更何人攜,1
19360,何人攜手,1
19361,人攜手宜,1
19362,攜手宜相,1
19363,手宜相訪,1
19364,宜相訪窮,1
19365,相訪窮行,1
19366,訪窮行少,1
19367,窮行少路,1
19368,行少路塵,1
19369,少路塵淅,1
19370,路塵淅淅,1
19371,塵淅淅複,1
19372,淅淅複修,1
19373,淅複修修,1
19374,複修修涼,1
19375,修修涼風,1
19376,修涼風似,1
19377,涼風似水,1
19378,風似水流,1
19379,似水流此,1
19380,水流此生,1
19381,流此生難,1
19382,此生難免,1
19383,生難免老,1
19384,難免老舉,1
19385,免老舉世,1
19386,老舉世大,1
19387,舉世大同,1
19388,世大同愁,1
19389,大同愁螢,1
19390,同愁螢影,1
19391,愁螢影明,1
19392,螢影明苔,1
19393,影明苔蘚,1
19394,明苔蘚鴻,1
19395,苔蘚鴻聲,1
19396,蘚鴻聲傍,1
19397,鴻聲傍鬥,1
19398,聲傍鬥牛,1
19399,傍鬥牛猶,1
19400,鬥牛猶分,1
19401,牛猶分省,1
19402,猶分省署,1
19403,分省署直,1
19404,省署直何,1
19405,署直何日,1
19406,直何日是,1
19407,何日是歸,1
19408,日是歸休,1
19409,是歸休辭,1
19410,歸休辭得,1
19411,休辭得官,1
19412,辭得官來,1
19413,得官來疾,1
19414,官來疾漸,1
19415,來疾漸平,1
19416,疾漸平世,1
19417,漸平世間,1
19418,平世間難,1
19419,世間難有,1
19420,間難有此,1
19421,難有此高,1
19422,有此高情,1
19423,此高情新,1
19424,高情新秋,1
19425,情新秋月,1
19426,新秋月滿,1
19427,秋月滿南,1
19428,月滿南溪,1
19429,滿南溪裏,1
19430,南溪裏引,1
19431,溪裏引客,1
19432,裏引客乘,1
19433,引客乘船,1
19434,客乘船處,1
19435,乘船處處,1
19436,船處處行,1
19437,處處行蓮,1
19438,處行蓮華,1
19439,行蓮華峰,1
19440,峰下郡齋,1
19441,下郡齋前,1
19442,郡齋前繞,1
19443,齋前繞砌,1
19444,前繞砌穿,1
19445,繞砌穿池,1
19446,砌穿池貯,1
19447,穿池貯瀑,1
19448,池貯瀑泉,1
19449,貯瀑泉君,1
19450,瀑泉君到,1
19451,泉君到亦,1
19452,君到亦應,1
19453,到亦應閑,1
19454,亦應閑不,1
19455,應閑不得,1
19456,閑不得主,1
19457,不得主人,1
19458,得主人草,1
19459,主人草聖,1
19460,人草聖複,1
19461,草聖複詩,1
19462,聖複詩仙,1
19463,複詩仙九,1
19464,詩仙九衢,1
19465,仙九衢難,1
19466,九衢難會,1
19467,衢難會宿,1
19468,難會宿況,1
19469,會宿況複,1
19470,宿況複是,1
19471,況複是寒,1
19472,複是寒天,1
19473,是寒天朝,1
19474,寒天朝客,1
19475,天朝客清,1
19476,朝客清貧,1
19477,客清貧老,1
19478,清貧老林,1
19479,貧老林僧,1
19480,老林僧默,1
19481,林僧默悟,1
19482,僧默悟禪,1
19483,默悟禪眠,1
19484,悟禪眠遲,1
19485,禪眠遲消,1
19486,眠遲消漏,1
19487,遲消漏水,1
19488,消漏水吟,1
19489,漏水吟苦,1
19490,水吟苦墮,1
19491,吟苦墮寒,1
19492,苦墮寒涎,1
19493,墮寒涎異,1
19494,寒涎異日,1
19495,涎異日來,1
19496,異日來尋,1
19497,日來尋我,1
19498,來尋我滄,1
19499,尋我滄江,1
19500,我滄江有,1
19501,滄江有釣,1
19502,江有釣船,1
19503,有釣船霜,1
19504,釣船霜台,1
19505,船霜台同,1
19506,霜台同處,1
19507,台同處軒,1
19508,同處軒窗,1
19509,處軒窗接,1
19510,軒窗接粉,1
19511,窗接粉署,1
19512,接粉署先,1
19513,粉署先登,1
19514,署先登語,1
19515,先登語笑,1
19516,登語笑疏,1
19517,語笑疏皓,1
19518,笑疏皓月,1
19519,疏皓月滿,1
19520,皓月滿簾,1
19521,月滿簾聽,1
19522,滿簾聽玉,1
19523,簾聽玉漏,1
19524,聽玉漏紫,1
19525,玉漏紫泥,1
19526,漏紫泥盈,1
19527,紫泥盈手,1
19528,泥盈手發,1
19529,盈手發天,1
19530,手發天書,1
19531,發天書吟,1
19532,天書吟詩,1
19533,書吟詩清,1
19534,吟詩清美,1
19535,詩清美招,1
19536,清美招閑,1
19537,美招閑客,1
19538,招閑客對,1
19539,閑客對酒,1
19540,客對酒逍,1
19541,對酒逍遙,1
19542,酒逍遙臥,1
19543,逍遙臥直,1
19544,遙臥直廬,1
19545,臥直廬榮,1
19546,直廬榮貴,1
19547,廬榮貴人,1
19548,榮貴人間,1
19549,貴人間難,1
19550,人間難有,1
19551,間難有比,1
19552,難有比相,1
19553,有比相公,1
19554,比相公離,1
19555,相公離此,1
19556,公離此十,1
19557,離此十年,1
19558,此十年餘,1
19559,十年餘河,1
19560,年餘河傾,1
19561,餘河傾月,1
19562,河傾月向,1
19563,傾月向西,1
19564,月向西九,1
19565,向西九陌,1
19566,西九陌鼓,1
19567,鼓聲齊塵,1
19568,聲齊塵靜,1
19569,齊塵靜霜,1
19570,塵靜霜華,1
19571,靜霜華遠,1
19572,霜華遠煙,1
19573,華遠煙生,1
19574,遠煙生曙,1
19575,煙生曙色,1
19576,生曙色低,1
19577,曙色低禁,1
19578,色低禁門,1
19579,低禁門人,1
19580,禁門人已,1
19581,門人已度,1
19582,人已度宮,1
19583,已度宮樹,1
19584,度宮樹鳥,1
19585,宮樹鳥猶,1
19586,樹鳥猶棲,1
19587,鳥猶棲疏,1
19588,猶棲疏懶,1
19589,棲疏懶勞,1
19590,疏懶勞相,1
19591,懶勞相問,1
19592,勞相問登,1
19593,相問登山,1
19594,問登山有,1
19595,登山有舊,1
19596,山有舊梯,1
19597,有舊梯新,1
19598,舊梯新居,1
19599,梯新居多,1
19600,新居多野,1
19601,居多野思,1
19602,多野思不,1
19603,野思不似,1
19604,思不似在,1
19605,不似在京,1
19606,似在京城,1
19607,在京城牆,1
19608,京城牆上,1
19609,城牆上雲,1
19610,牆上雲相,1
19611,上雲相壓,1
19612,雲相壓庭,1
19613,相壓庭前,1
19614,壓庭前竹,1
19615,庭前竹亂,1
19616,前竹亂生,1
19617,竹亂生尋,1
19618,亂生尋師,1
19619,生尋師望,1
19620,尋師望藥,1
19621,師望藥力,1
19622,望藥力依,1
19623,藥力依譜,1
19624,力依譜上,1
19625,依譜上琴,1
19626,譜上琴聲,1
19627,上琴聲好,1
19628,琴聲好是,1
19629,聲好是中,1
19630,好是中秋,1
19631,是中秋夜,1
19632,中秋夜無,1
19633,秋夜無塵,1
19634,夜無塵有,1
19635,無塵有月,1
19636,塵有月明,1
19637,有月明四,1
19638,月明四郊,1
19639,明四郊初,1
19640,四郊初雨,1
19641,郊初雨歇,1
19642,初雨歇高,1
19643,雨歇高樹,1
19644,歇高樹滴,1
19645,高樹滴猶,1
19646,樹滴猶殘,1
19647,滴猶殘池,1
19648,猶殘池滿,1
19649,殘池滿紅,1
19650,池滿紅蓮,1
19651,滿紅蓮濕,1
19652,紅蓮濕雲,1
19653,蓮濕雲收,1
19654,濕雲收綠,1
19655,雲收綠野,1
19656,收綠野寬,1
19657,綠野寬花,1
19658,野寬花開,1
19659,寬花開半,1
19660,花開半山,1
19661,開半山曉,1
19662,半山曉竹,1
19663,山曉竹動,1
19664,曉竹動數,1
19665,竹動數村,1
19666,動數村寒,1
19667,數村寒鬥,1
19668,村寒鬥雀,1
19669,寒鬥雀翻,1
19670,鬥雀翻衣,1
19671,雀翻衣袂,1
19672,翻衣袂驚,1
19673,衣袂驚魚,1
19674,袂驚魚觸,1
19675,驚魚觸釣,1
19676,魚觸釣竿,1
19677,觸釣竿樽,1
19678,釣竿樽前,1
19679,竿樽前多,1
19680,樽前多野,1
19681,前多野客,1
19682,多野客膝,1
19683,野客膝下,1
19684,客膝下盡,1
19685,膝下盡郎,1
19686,下盡郎官,1
19687,盡郎官劚,1
19688,郎官劚石,1
19689,官劚石通,1
19690,劚石通泉,1
19691,石通泉脈,1
19692,通泉脈移,1
19693,泉脈移松,1
19694,脈移松出,1
19695,移松出藥,1
19696,松出藥欄,1
19697,出藥欄關,1
19698,藥欄關東,1
19699,欄關東分,1
19700,關東分務,1
19701,東分務重,1
19702,分務重天,1
19703,務重天下,1
19704,重天下似,1
19705,天下似公,1
19706,下似公難,1
19707,似公難半,1
19708,公難半醉,1
19709,難半醉思,1
19710,半醉思韋,1
19711,醉思韋白,1
19712,思韋白題,1
19713,韋白題詩,1
19714,白題詩染,1
19715,題詩染彩,1
19716,詩染彩翰,1
19717,染彩翰閑,1
19718,彩翰閑臥,1
19719,翰閑臥襟,1
19720,閑臥襟情,1
19721,臥襟情遠,1
19722,襟情遠西,1
19723,情遠西風,1
19724,遠西風菊,1
19725,西風菊漸,1
19726,風菊漸芳,1
19727,菊漸芳虛,1
19728,漸芳虛窗,1
19729,芳虛窗通,1
19730,虛窗通曉,1
19731,窗通曉景,1
19732,通曉景珍,1
19733,曉景珍簟,1
19734,景珍簟卷,1
19735,珍簟卷秋,1
19736,簟卷秋光,1
19737,卷秋光果,1
19738,秋光果墜,1
19739,光果墜青,1
19740,果墜青莎,1
19741,墜青莎徑,1
19742,青莎徑塵,1
19743,莎徑塵離,1
19744,徑塵離綠,1
19745,塵離綠蘚,1
19746,離綠蘚牆,1
19747,綠蘚牆藥,1
19748,蘚牆藥奩,1
19749,牆藥奩開,1
19750,藥奩開靜,1
19751,奩開靜室,1
19752,開靜室書,1
19753,靜室書閣,1
19754,室書閣出,1
19755,書閣出叢,1
19756,閣出叢篁,1
19757,出叢篁對,1
19758,叢篁對酒,1
19759,篁對酒吟,1
19760,對酒吟難,1
19761,酒吟難盡,1
19762,吟難盡思,1
19763,難盡思山,1
19764,盡思山夢,1
19765,思山夢稍,1
19766,山夢稍長,1
19767,夢稍長王,1
19768,稍長王言,1
19769,長王言生,1
19770,王言生彩,1
19771,言生彩筆,1
19772,生彩筆朝,1
19773,彩筆朝服,1
19774,筆朝服惹,1
19775,朝服惹爐,1
19776,服惹爐香,1
19777,惹爐香松,1
19778,爐香松影,1
19779,香松影幽,1
19780,松影幽連,1
19781,影幽連砌,1
19782,幽連砌蟲,1
19783,連砌蟲聲,1
19784,砌蟲聲冷,1
19785,蟲聲冷到,1
19786,聲冷到床,1
19787,冷到床詩,1
19788,到床詩成,1
19789,床詩成誰,1
19790,詩成誰敢,1
19791,成誰敢和,1
19792,誰敢和清,1
19793,敢和清思,1
19794,和清思若,1
19795,清思若懷,1
19796,思若懷霜,1
19797,若懷霜今,1
19798,懷霜今朝,1
19799,霜今朝街,1
19800,今朝街鼓,1
19801,朝街鼓何,1
19802,街鼓何人,1
19803,鼓何人聽,1
19804,何人聽朝,1
19805,人聽朝客,1
19806,聽朝客開,1
19807,朝客開門,1
19808,客開門對,1
19809,開門對雪,1
19810,門對雪眠,1
19811,對雪眠豈,1
19812,雪眠豈比,1
19813,眠豈比直,1
19814,豈比直廬,1
19815,比直廬丹,1
19816,直廬丹禁,1
19817,廬丹禁裏,1
19818,丹禁裏九,1
19819,禁裏九重,1
19820,裏九重天,1
19821,九重天近,1
19822,重天近色,1
19823,天近色彌,1
19824,近色彌鮮,1
19825,色彌鮮一,1
19826,彌鮮一年,1
19827,鮮一年離,1
19828,一年離九,1
19829,年離九陌,1
19830,離九陌壁,1
19831,九陌壁上,1
19832,陌壁上掛,1
19833,壁上掛朝,1
19834,上掛朝袍,1
19835,掛朝袍物,1
19836,朝袍物外,1
19837,袍物外詩,1
19838,物外詩情,1
19839,外詩情遠,1
19840,詩情遠人,1
19841,情遠人間,1
19842,遠人間酒,1
19843,人間酒味,1
19844,間酒味高,1
19845,酒味高思,1
19846,味高思歸,1
19847,高思歸知,1
19848,思歸知病,1
19849,歸知病長,1
19850,知病長失,1
19851,病長失寢,1
19852,長失寢覺,1
19853,失寢覺神,1
19854,寢覺神勞,1
19855,覺神勞衰,1
19856,神勞衰老,1
19857,勞衰老無,1
19858,衰老無多,1
19859,老無多思,1
19860,無多思因,1
19861,多思因君,1
19862,思因君把,1
19863,因君把筆,1
19864,君把筆毫,1
19865,把筆毫一,1
19866,筆毫一會,1
19867,毫一會一,1
19868,一會一分,1
19869,會一分離,1
19870,一分離貧,1
19871,分離貧遊,1
19872,離貧遊少,1
19873,貧遊少定,1
19874,遊少定期,1
19875,少定期酒,1
19876,定期酒多,1
19877,期酒多為,1
19878,酒多為客,1
19879,多為客穩,1
19880,為客穩米,1
19881,客穩米貴,1
19882,穩米貴入,1
19883,米貴入城,1
19884,貴入城遲,1
19885,入城遲晴,1
19886,城遲晴日,1
19887,遲晴日偷,1
19888,晴日偷將,1
19889,日偷將睡,1
19890,偷將睡秋,1
19891,將睡秋山,1
19892,睡秋山乞,1
19893,秋山乞與,1
19894,山乞與詩,1
19895,乞與詩縱,1
19896,與詩縱然,1
19897,詩縱然眉,1
19898,縱然眉得,1
19899,然眉得展,1
19900,眉得展不,1
19901,得展不似,1
19902,展不似見,1
19903,不似見君,1
19904,似見君時,1
19905,見君時不,1
19906,君時不來,1
19907,時不來知,1
19908,不來知盡,1
19909,來知盡怪,1
19910,知盡怪失,1
19911,盡怪失意,1
19912,怪失意懶,1
19913,失意懶春,1
19914,意懶春遊,1
19915,懶春遊聞,1
19916,春遊聞鳥,1
19917,遊聞鳥寧,1
19918,聞鳥寧驚,1
19919,鳥寧驚夢,1
19920,寧驚夢看,1
19921,驚夢看花,1
19922,夢看花怕,1
19923,看花怕引,1
19924,花怕引愁,1
19925,怕引愁賭,1
19926,引愁賭棋,1
19927,愁賭棋招,1
19928,賭棋招敵,1
19929,棋招敵手,1
19930,招敵手沽,1
19931,敵手沽酒,1
19932,手沽酒自,1
19933,沽酒自扶,1
19934,酒自扶頭,1
19935,自扶頭何,1
19936,扶頭何似,1
19937,頭何似華,1
19938,何似華筵,1
19939,似華筵上,1
19940,華筵上推,1
19941,筵上推辭,1
19942,上推辭候,1
19943,推辭候到,1
19944,辭候到籌,1
19945,候到籌冬,1
19946,到籌冬日,1
19947,籌冬日易,1
19948,冬日易慘,1
19949,日易慘惡,1
19950,易慘惡暴,1
19951,慘惡暴風,1
19952,惡暴風拔,1
19953,暴風拔山,1
19954,風拔山根,1
19955,拔山根塵,1
19956,山根塵沙,1
19957,根塵沙落,1
19958,塵沙落黃,1
19959,沙落黃河,1
19960,落黃河濁,1
19961,黃河濁波,1
19962,河濁波如,1
19963,濁波如地,1
19964,波如地翻,1
19965,如地翻飛,1
19966,地翻飛鳥,1
19967,翻飛鳥皆,1
19968,飛鳥皆束,1
19969,鳥皆束翼,1
19970,皆束翼居,1
19971,束翼居人,1
19972,翼居人不,1
19973,居人不開,1
19974,人不開門,1
19975,不開門獨,1
19976,開門獨我,1
19977,門獨我赴,1
19978,獨我赴省,1
19979,我赴省期,1
19980,赴省期冒,1
19981,省期冒此,1
19982,期冒此馳,1
19983,冒此馳轂,1
19984,此馳轂轅,1
19985,馳轂轅陝,1
19986,轂轅陝城,1
19987,轅陝城城,1
19988,陝城城西,1
19989,城城西邊,1
19990,城西邊逢,1
19991,西邊逢子,1
19992,邊逢子亦,1
19993,逢子亦且,1
19994,子亦且奔,1
19995,亦且奔所,1
19996,且奔所趨,1
19997,奔所趨事,1
19998,所趨事一,1
19999,趨事一心,1
20000,事一心相,1
20001,一心相見,1
20002,心相見如,1
20003,相見如弟,1
20004,見如弟昆,1
20005,如弟昆我,1
20006,弟昆我慘,1
20007,昆我慘得,1
20008,我慘得子,1
20009,慘得子舒,1
20010,得子舒我,1
20011,子舒我寒,1
20012,舒我寒得,1
20013,我寒得子,1
20014,寒得子溫,1
20015,得子溫同,1
20016,子溫同行,1
20017,溫同行十,1
20018,同行十日,1
20019,行十日程,1
20020,十日程僮,1
20021,日程僮僕,1
20022,程僮僕性,1
20023,僮僕性亦,1
20024,僕性亦敦,1
20025,性亦敦到,1
20026,亦敦到京,1
20027,敦到京人,1
20028,到京人事,1
20029,京人事多,1
20030,人事多日,1
20031,事多日無,1
20032,多日無閑,1
20033,日無閑精,1
20034,無閑精魂,1
20035,閑精魂念,1
20036,精魂念子,1
20037,魂念子珍,1
20038,念子珍重,1
20039,子珍重我,1
20040,珍重我吐,1
20041,重我吐辭,1
20042,我吐辭發,1
20043,吐辭發蒙,1
20044,辭發蒙昏,1
20045,發蒙昏反,1
20046,蒙昏反復,1
20047,昏反復千,1
20048,反復千萬,1
20049,復千萬意,1
20050,千萬意一,1
20051,萬意一百,1
20052,意一百六,1
20053,一百六十,1
20054,百六十言,1
20055,六十言格,1
20056,十言格高,1
20057,言格高思,1
20058,格高思清,1
20059,高思清冷,1
20060,思清冷山,1
20061,清冷山低,1
20062,冷山低濟,1
20063,山低濟渾,1
20064,低濟渾渾,1
20065,濟渾渾嘗,1
20066,渾渾嘗聞,1
20067,渾嘗聞朋,1
20068,嘗聞朋友,1
20069,聞朋友惠,1
20070,朋友惠贈,1
20071,友惠贈言,1
20072,惠贈言始,1
20073,贈言始為,1
20074,言始為恩,1
20075,始為恩金,1
20076,為恩金玉,1
20077,恩金玉日,1
20078,金玉日消,1
20079,玉日消費,1
20080,日消費好,1
20081,消費好句,1
20082,費好句長,1
20083,好句長存,1
20084,句長存存,1
20085,長存存倒,1
20086,存存倒篚,1
20087,存倒篚別,1
20088,倒篚別收,1
20089,篚別收貯,1
20090,別收貯不,1
20091,收貯不與,1
20092,貯不與俗,1
20093,不與俗士,1
20094,與俗士論,1
20095,俗士論每,1
20096,士論每當,1
20097,論每當清,1
20098,每當清夜,1
20099,當清夜吟,1
20100,清夜吟使,1
20101,夜吟使我,1
20102,吟使我如,1
20103,使我如哀,1
20104,我如哀猿,1
20105,如哀猿閒,1
20106,哀猿閒居,1
20107,猿閒居多,1
20108,閒居多僻,1
20109,居多僻靜,1
20110,多僻靜猶,1
20111,僻靜猶恐,1
20112,靜猶恐道,1
20113,猶恐道相,1
20114,恐道相違,1
20115,道相違只,1
20116,相違只是,1
20117,違只是夜,1
20118,只是夜深,1
20119,是夜深坐,1
20120,夜深坐那,1
20121,深坐那堪,1
20122,坐那堪春,1
20123,那堪春未,1
20124,堪春未歸,1
20125,春未歸嫩,1
20126,未歸嫩苔,1
20127,歸嫩苔粘,1
20128,嫩苔粘野,1
20129,苔粘野色,1
20130,粘野色香,1
20131,野色香絮,1
20132,色香絮撲,1
20133,香絮撲人,1
20134,絮撲人衣,1
20135,撲人衣縱,1
20136,人衣縱有,1
20137,衣縱有野,1
20138,縱有野僧,1
20139,有野僧到,1
20140,野僧到終,1
20141,僧到終朝,1
20142,到終朝不,1
20143,終朝不話,1
20144,朝不話非,1
20145,不話非本,1
20146,話非本求,1
20147,非本求仙,1
20148,本求仙郡,1
20149,求仙郡是,1
20150,仙郡是閒,1
20151,郡是閒居,1
20152,是閒居豈,1
20153,閒居豈向,1
20154,居豈向郎,1
20155,豈向郎官,1
20156,向郎官更,1
20157,郎官更有,1
20158,官更有書,1
20159,更有書溪,1
20160,有書溪石,1
20161,書溪石誰,1
20162,溪石誰思,1
20163,石誰思玉,1
20164,誰思玉匠,1
20165,思玉匠愛,1
20166,玉匠愛煙,1
20167,匠愛煙鴻,1
20168,愛煙鴻願,1
20169,煙鴻願與,1
20170,鴻願與弋,1
20171,願與弋人,1
20172,與弋人疏,1
20173,弋人疏自,1
20174,人疏自來,1
20175,疏自來江,1
20176,自來江上,1
20177,來江上眠,1
20178,江上眠方,1
20179,上眠方穩,1
20180,眠方穩舊,1
20181,方穩舊在,1
20182,穩舊在城,1
20183,舊在城中,1
20184,在城中病,1
20185,城中病悉,1
20186,中病悉除,1
20187,病悉除唯,1
20188,悉除唯見,1
20189,除唯見君,1
20190,唯見君詩,1
20191,見君詩難,1
20192,君詩難便,1
20193,詩難便舍,1
20194,難便舍寒,1
20195,便舍寒宵,1
20196,舍寒宵吟,1
20197,寒宵吟到,1
20198,宵吟到曉,1
20199,吟到曉更,1
20200,到曉更初,1
20201,曉更初昨,1
20202,更初昨是,1
20203,初昨是兒,1
20204,昨是兒童,1
20205,是兒童今,1
20206,兒童今是,1
20207,童今是翁,1
20208,今是翁人,1
20209,是翁人間,1
20210,翁人間日,1
20211,人間日月,1
20212,間日月急,1
20213,日月急如,1
20214,月急如風,1
20215,急如風常,1
20216,如風常聞,1
20217,風常聞欲,1
20218,常聞欲向,1
20219,聞欲向滄,1
20220,欲向滄江,1
20221,向滄江去,1
20222,滄江去除,1
20223,江去除我,1
20224,去除我無,1
20225,除我無人,1
20226,我無人與,1
20227,無人與子,1
20228,人與子同,1
20229,與子同看,1
20230,子同看月,1
20231,同看月空,1
20232,看月空門,1
20233,月空門裏,1
20234,空門裏詩,1
20235,門裏詩家,1
20236,裏詩家境,1
20237,詩家境有,1
20238,家境有餘,1
20239,境有餘露,1
20240,有餘露寒,1
20241,餘露寒僧,1
20242,露寒僧梵,1
20243,寒僧梵出,1
20244,僧梵出林,1
20245,梵出林靜,1
20246,出林靜鳥,1
20247,林靜鳥巢,1
20248,靜鳥巢疏,1
20249,鳥巢疏遠,1
20250,巢疏遠色,1
20251,疏遠色當,1
20252,遠色當秋,1
20253,色當秋半,1
20254,當秋半清,1
20255,秋半清光,1
20256,半清光勝,1
20257,清光勝夜,1
20258,光勝夜初,1
20259,勝夜初獨,1
20260,夜初獨無,1
20261,初獨無臺,1
20262,獨無臺上,1
20263,無臺上思,1
20264,臺上思寂,1
20265,上思寂寞,1
20266,思寂寞守,1
20267,寂寞守吾,1
20268,寞守吾廬,1
20269,守吾廬下,1
20270,吾廬下伏,1
20271,廬下伏秋,1
20272,下伏秋期,1
20273,伏秋期近,1
20274,秋期近還,1
20275,期近還知,1
20276,近還知扇,1
20277,還知扇漸,1
20278,知扇漸疏,1
20279,扇漸疏驚,1
20280,漸疏驚飆,1
20281,疏驚飆墜,1
20282,驚飆墜鄰,1
20283,飆墜鄰果,1
20284,墜鄰果暴,1
20285,鄰果暴雨,1
20286,果暴雨落,1
20287,暴雨落江,1
20288,雨落江魚,1
20289,落江魚貴,1
20290,江魚貴寺,1
20291,魚貴寺雖,1
20292,貴寺雖同,1
20293,寺雖同秩,1
20294,雖同秩閑,1
20295,同秩閑曹,1
20296,秩閑曹只,1
20297,閑曹只管,1
20298,曹只管書,1
20299,只管書朝,1
20300,管書朝朝,1
20301,書朝朝廊,1
20302,朝朝廊下,1
20303,朝廊下食,1
20304,廊下食相,1
20305,下食相庇,1
20306,食相庇在,1
20307,相庇在肴,1
20308,庇在肴菹,1
20309,在肴菹棲,1
20310,肴菹棲棲,1
20311,菹棲棲滄,1
20312,棲棲滄海,1
20313,棲滄海一,1
20314,滄海一耕,1
20315,海一耕人,1
20316,一耕人詔,1
20317,耕人詔遣,1
20318,人詔遣江,1
20319,詔遣江邊,1
20320,遣江邊作,1
20321,江邊作使,1
20322,邊作使君,1
20323,作使君山,1
20324,使君山頂,1
20325,君山頂雨,1
20326,山頂雨餘,1
20327,頂雨餘青,1
20328,雨餘青到,1
20329,餘青到地,1
20330,青到地濤,1
20331,到地濤頭,1
20332,地濤頭風,1
20333,濤頭風起,1
20334,頭風起白,1
20335,風起白連,1
20336,起白連雲,1
20337,白連雲詩,1
20338,連雲詩成,1
20339,雲詩成客,1
20340,詩成客見,1
20341,成客見書,1
20342,客見書牆,1
20343,見書牆和,1
20344,書牆和藥,1
20345,牆和藥熟,1
20346,和藥熟僧,1
20347,藥熟僧來,1
20348,熟僧來就,1
20349,僧來就鼎,1
20350,來就鼎分,1
20351,就鼎分珍,1
20352,鼎分珍重,1
20353,分珍重來,1
20354,珍重來章,1
20355,重來章相,1
20356,來章相借,1
20357,章相借分,1
20358,相借分芳,1
20359,借分芳名,1
20360,分芳名未,1
20361,芳名未識,1
20362,名未識已,1
20363,未識已曾,1
20364,識已曾聞,1
20365,已曾聞粟,1
20366,曾聞粟如,1
20367,聞粟如流,1
20368,粟如流水,1
20369,如流水帛,1
20370,流水帛如,1
20371,水帛如山,1
20372,帛如山依,1
20373,如山依念,1
20374,山依念倉,1
20375,依念倉邊,1
20376,念倉邊語,1
20377,倉邊語笑,1
20378,邊語笑間,1
20379,語笑間篇,1
20380,笑間篇什,1
20381,間篇什縱,1
20382,篇什縱橫,1
20383,什縱橫文,1
20384,縱橫文案,1
20385,橫文案少,1
20386,文案少親,1
20387,案少親朋,1
20388,少親朋撩,1
20389,親朋撩亂,1
20390,朋撩亂吏,1
20391,撩亂吏人,1
20392,亂吏人閑,1
20393,吏人閑杯,1
20394,人閑杯觴,1
20395,閑杯觴引,1
20396,杯觴引滿,1
20397,觴引滿從,1
20398,引滿從衣,1
20399,滿從衣濕,1
20400,從衣濕牆,1
20401,衣濕牆壁,1
20402,濕牆壁書,1
20403,牆壁書多,1
20404,壁書多任,1
20405,書多任手,1
20406,多任手頑,1
20407,任手頑遙,1
20408,手頑遙賀,1
20409,頑遙賀來,1
20410,遙賀來年,1
20411,賀來年二,1
20412,來年二三,1
20413,年二三月,1
20414,二三月彩,1
20415,三月彩衣,1
20416,月彩衣先,1
20417,彩衣先輩,1
20418,衣先輩過,1
20419,先輩過春,1
20420,輩過春關,1
20421,過春關貢,1
20422,春關貢籍,1
20423,關貢籍常,1
20424,貢籍常同,1
20425,籍常同府,1
20426,常同府周,1
20427,同府周行,1
20428,府周行今,1
20429,周行今一,1
20430,行今一時,1
20431,今一時諫,1
20432,一時諫曹,1
20433,時諫曹誠,1
20434,諫曹誠已,1
20435,曹誠已忝,1
20436,誠已忝京,1
20437,已忝京邑,1
20438,忝京邑豈,1
20439,京邑豈相,1
20440,邑豈相宜,1
20441,豈相宜黑,1
20442,相宜黑髮,1
20443,宜黑髮年,1
20444,黑髮年來,1
20445,髮年來盡,1
20446,年來盡滄,1
20447,來盡滄江,1
20448,盡滄江歸,1
20449,滄江歸去,1
20450,江歸去遲,1
20451,歸去遲何,1
20452,去遲何時,1
20453,遲何時得,1
20454,何時得攜,1
20455,時得攜手,1
20456,得攜手林,1
20457,攜手林下,1
20458,手林下靜,1
20459,林下靜吟,1
20460,下靜吟詩,1
20461,靜吟詩以,1
20462,吟詩以病,1
20463,詩以病辭,1
20464,以病辭朝,1
20465,病辭朝謁,1
20466,辭朝謁迂,1
20467,朝謁迂疏,1
20468,謁迂疏種,1
20469,迂疏種藥,1
20470,疏種藥翁,1
20471,種藥翁心,1
20472,藥翁心彌,1
20473,翁心彌念,1
20474,心彌念魚,1
20475,彌念魚鳥,1
20476,念魚鳥詔,1
20477,魚鳥詔遣,1
20478,鳥詔遣理,1
20479,詔遣理兵,1
20480,遣理兵戎,1
20481,理兵戎繞,1
20482,兵戎繞戶,1
20483,戎繞戶旌,1
20484,繞戶旌旗,1
20485,戶旌旗影,1
20486,旌旗影吹,1
20487,旗影吹人,1
20488,影吹人鼓,1
20489,吹人鼓角,1
20490,人鼓角風,1
20491,鼓角風雪,1
20492,角風雪晴,1
20493,風雪晴嵩,1
20494,雪晴嵩嶽,1
20495,晴嵩嶽頂,1
20496,嵩嶽頂樹,1
20497,嶽頂樹老,1
20498,頂樹老陝,1
20499,樹老陝城,1
20500,老陝城宮,1
20501,陝城宮蒞,1
20502,城宮蒞職,1
20503,宮蒞職才,1
20504,蒞職才微,1
20505,職才微薄,1
20506,才微薄歸,1
20507,微薄歸山,1
20508,薄歸山路,1
20509,歸山路未,1
20510,山路未通,1
20511,路未通名,1
20512,未通名卿,1
20513,通名卿詩,1
20514,名卿詩句,1
20515,卿詩句峭,1
20516,詩句峭誚,1
20517,句峭誚我,1
20518,峭誚我在,1
20519,誚我在關,1
20520,我在關東,1
20521,在關東未,1
20522,關東未得,1
20523,東未得滄,1
20524,未得滄江,1
20525,得滄江外,1
20526,滄江外衰,1
20527,江外衰殘,1
20528,外衰殘讀,1
20529,衰殘讀藥,1
20530,殘讀藥書,1
20531,讀藥書聖,1
20532,藥書聖朝,1
20533,書聖朝優,1
20534,聖朝優上,1
20535,朝優上秩,1
20536,優上秩仁,1
20537,上秩仁裏,1
20538,秩仁裏許,1
20539,仁裏許閒,1
20540,裏許閒居,1
20541,許閒居樹,1
20542,閒居樹對,1
20543,居樹對枝,1
20544,樹對枝相,1
20545,對枝相接,1
20546,枝相接泉,1
20547,相接泉同,1
20548,接泉同井,1
20549,泉同井不,1
20550,同井不疏,1
20551,井不疏酬,1
20552,不疏酬章,1
20553,疏酬章深,1
20554,酬章深自,1
20555,章深自鄙,1
20556,深自鄙欲,1
20557,自鄙欲寄,1
20558,鄙欲寄複,1
20559,欲寄複躊,1
20560,寄複躊躇,1
20561,複躊躇幽,1
20562,躊躇幽齋,1
20563,躇幽齋琴,1
20564,幽齋琴思,1
20565,齋琴思靜,1
20566,琴思靜晚,1
20567,思靜晚下,1
20568,靜晚下紫,1
20569,晚下紫宸,1
20570,下紫宸朝,1
20571,紫宸朝舊,1
20572,宸朝舊隱,1
20573,朝舊隱同,1
20574,舊隱同溪,1
20575,隱同溪遠,1
20576,同溪遠周,1
20577,溪遠周行,1
20578,遠周行隔,1
20579,周行隔品,1
20580,行隔品遙,1
20581,隔品遙深,1
20582,品遙深槐,1
20583,遙深槐蟬,1
20584,深槐蟬唧,1
20585,槐蟬唧唧,1
20586,蟬唧唧疏,1
20587,唧唧疏竹,1
20588,唧疏竹雨,1
20589,疏竹雨蕭,1
20590,竹雨蕭蕭,1
20591,雨蕭蕭不,1
20592,蕭蕭不是,1
20593,蕭不是相,1
20594,不是相尋,1
20595,是相尋懶,1
20596,相尋懶煩,1
20597,尋懶煩君,1
20598,懶煩君舉,1
20599,煩君舉酒,1
20600,君舉酒瓢,1
20601,舉酒瓢日,1
20602,酒瓢日日,1
20603,瓢日日在,1
20604,日日在心,1
20605,日在心中,1
20606,在心中青,1
20607,心中青山,1
20608,中青山青,1
20609,青山青桂,1
20610,山青桂叢,1
20611,青桂叢高,1
20612,桂叢高人,1
20613,叢高人多,1
20614,高人多愛,1
20615,人多愛靜,1
20616,多愛靜歸,1
20617,愛靜歸路,1
20618,靜歸路亦,1
20619,歸路亦應,1
20620,路亦應同,1
20621,亦應同罷,1
20622,應同罷吏,1
20623,同罷吏方,1
20624,罷吏方無,1
20625,吏方無病,1
20626,方無病因,1
20627,無病因僧,1
20628,病因僧得,1
20629,因僧得解,1
20630,僧得解空,1
20631,得解空新,1
20632,解空新詩,1
20633,空新詩勞,1
20634,新詩勞見,1
20635,詩勞見問,1
20636,勞見問吟,1
20637,見問吟對,1
20638,問吟對竹,1
20639,吟對竹林,1
20640,對竹林風,1
20641,竹林風筐,1
20642,林風筐封,1
20643,風筐封紫,1
20644,筐封紫葡,1
20645,封紫葡萄,1
20646,紫葡萄筒,1
20647,葡萄筒卷,1
20648,萄筒卷白,1
20649,筒卷白茸,1
20650,卷白茸毛,1
20651,白茸毛臥,1
20652,茸毛臥暖,1
20653,毛臥暖身,1
20654,臥暖身應,1
20655,暖身應健,1
20656,身應健含,1
20657,應健含消,1
20658,健含消齒,1
20659,含消齒免,1
20660,消齒免勞,1
20661,齒免勞衾,1
20662,免勞衾衣,1
20663,勞衾衣疏,1
20664,衾衣疏不,1
20665,衣疏不稱,1
20666,疏不稱梨,1
20667,不稱梨栗,1
20668,稱梨栗鄙,1
20669,梨栗鄙難,1
20670,栗鄙難高,1
20671,鄙難高曉,1
20672,難高曉起,1
20673,高曉起題,1
20674,曉起題詩,1
20675,起題詩報,1
20676,題詩報寒,1
20677,詩報寒澌,1
20678,報寒澌滿,1
20679,寒澌滿筆,1
20680,澌滿筆毫,1
20681,滿筆毫皇,1
20682,筆毫皇恩,1
20683,毫皇恩特,1
20684,皇恩特許,1
20685,恩特許拜,1
20686,特許拜杭,1
20687,許拜杭壇,1
20688,拜杭壇欲,1
20689,杭壇欲謝,1
20690,壇欲謝旌,1
20691,欲謝旌旄,1
20692,謝旌旄去,1
20693,旌旄去就,1
20694,旄去就難,1
20695,去就難偷,1
20696,就難偷擬,1
20697,難偷擬白,1
20698,偷擬白頭,1
20699,擬白頭瞻,1
20700,白頭瞻畫,1
20701,頭瞻畫戟,1
20702,瞻畫戟四,1
20703,畫戟四神,1
20704,戟四神俱,1
20705,四神俱散,1
20706,神俱散發,1
20707,俱散發毛,1
20708,散發毛寒,1
20709,發毛寒得,1
20710,毛寒得陪,1
20711,寒得陪桃,1
20712,得陪桃李,1
20713,陪桃李植,1
20714,桃李植芳,1
20715,李植芳叢,1
20716,植芳叢別,1
20717,芳叢別感,1
20718,叢別感生,1
20719,別感生成,1
20720,感生成太,1
20721,生成太昊,1
20722,成太昊功,1
20723,太昊功今,1
20724,昊功今日,1
20725,功今日無,1
20726,今日無言,1
20727,日無言春,1
20728,無言春雨,1
20729,言春雨後,1
20730,春雨後似,1
20731,雨後似含,1
20732,後似含冷,1
20733,似含冷涕,1
20734,含冷涕謝,1
20735,冷涕謝東,1
20736,涕謝東風,1
20737,謝東風上,1
20738,東風上方,1
20739,風上方清,1
20740,上方清淨,1
20741,方清淨無,1
20742,清淨無因,1
20743,淨無因住,1
20744,無因住唯,1
20745,因住唯願,1
20746,住唯願他,1
20747,唯願他生,1
20748,願他生得,1
20749,他生得住,1
20750,生得住持,1
20751,得住持只,1
20752,住持只恐,1
20753,持只恐無,1
20754,只恐無生,1
20755,恐無生複,1
20756,無生複無,1
20757,生複無我,1
20758,複無我不,1
20759,無我不知,1
20760,我不知何,1
20761,不知何處,1
20762,知何處更,1
20763,何處更逢,1
20764,處更逢師,1
20765,更逢師道,1
20766,逢師道同,1
20767,師道同無,1
20768,道同無宿,1
20769,同無宿約,1
20770,無宿約三,1
20771,宿約三伏,1
20772,約三伏自,1
20773,三伏自從,1
20774,伏自從容,1
20775,自從容窗,1
20776,從容窗豁,1
20777,容窗豁山,1
20778,窗豁山侵,1
20779,豁山侵座,1
20780,山侵座扇,1
20781,侵座扇搖,1
20782,座扇搖風,1
20783,扇搖風下,1
20784,搖風下松,1
20785,風下松客,1
20786,下松客吟,1
20787,松客吟多,1
20788,客吟多繞,1
20789,吟多繞竹,1
20790,多繞竹僧,1
20791,繞竹僧飯,1
20792,竹僧飯只,1
20793,僧飯只憑,1
20794,飯只憑鐘,1
20795,只憑鐘向,1
20796,憑鐘向晚,1
20797,鐘向晚分,1
20798,向晚分歸,1
20799,晚分歸路,1
20800,分歸路莓,1
20801,歸路莓苔,1
20802,路莓苔行,1
20803,莓苔行跡,1
20804,苔行跡重,1
20805,行跡重窮,1
20806,跡重窮居,1
20807,重窮居稀,1
20808,窮居稀出,1
20809,居稀出入,1
20810,稀出入門,1
20811,出入門戶,1
20812,入門戶滿,1
20813,門戶滿塵,1
20814,戶滿塵埃,1
20815,滿塵埃病,1
20816,塵埃病少,1
20817,埃病少閒,1
20818,病少閒人,1
20819,少閒人問,1
20820,閒人問貧,1
20821,人問貧唯,1
20822,問貧唯密,1
20823,貧唯密友,1
20824,唯密友來,1
20825,密友來茅,1
20826,友來茅齋,1
20827,來茅齋從,1
20828,茅齋從掃,1
20829,齋從掃破,1
20830,從掃破藥,1
20831,掃破藥酒,1
20832,破藥酒遣,1
20833,藥酒遣生,1
20834,酒遣生開,1
20835,遣生開多,1
20836,生開多事,1
20837,開多事經,1
20838,多事經時,1
20839,事經時別,1
20840,經時別還,1
20841,時別還愁,1
20842,別還愁不,1
20843,還愁不宿,1
20844,愁不宿回,1
20845,不宿回就,1
20846,宿回就林,1
20847,回就林燒,1
20848,就林燒嫩,1
20849,林燒嫩筍,1
20850,燒嫩筍繞,1
20851,嫩筍繞樹,1
20852,筍繞樹揀,1
20853,繞樹揀香,1
20854,樹揀香梅,1
20855,揀香梅相,1
20856,香梅相對,1
20857,梅相對題,1
20858,相對題新,1
20859,對題新什,1
20860,題新什遲,1
20861,新什遲成,1
20862,什遲成舉,1
20863,遲成舉罰,1
20864,成舉罰杯,1
20865,舉罰杯布,1
20866,罰杯布囊,1
20867,杯布囊懸,1
20868,布囊懸蹇,1
20869,囊懸蹇驢,1
20870,懸蹇驢千,1
20871,蹇驢千里,1
20872,驢千里到,1
20873,千里到貧,1
20874,里到貧居,1
20875,到貧居飲,1
20876,貧居飲酒,1
20877,居飲酒誰,1
20878,飲酒誰堪,1
20879,酒誰堪伴,1
20880,誰堪伴留,1
20881,堪伴留詩,1
20882,伴留詩自,1
20883,留詩自與,1
20884,詩自與書,1
20885,自與書愛,1
20886,與書愛眠,1
20887,書愛眠知,1
20888,愛眠知不,1
20889,眠知不醉,1
20890,知不醉省,1
20891,不醉省語,1
20892,醉省語似,1
20893,省語似相,1
20894,語似相疏,1
20895,似相疏軍,1
20896,相疏軍吏,1
20897,疏軍吏衣,1
20898,軍吏衣裳,1
20899,吏衣裳窄,1
20900,衣裳窄還,1
20901,裳窄還應,1
20902,窄還應暗,1
20903,還應暗笑,1
20904,應暗笑餘,1
20905,暗笑餘欲,1
20906,笑餘欲出,1
20907,餘欲出心,1
20908,欲出心還,1
20909,出心還懶,1
20910,心還懶閑,1
20911,還懶閑吟,1
20912,懶閑吟繞,1
20913,閑吟繞寢,1
20914,吟繞寢床,1
20915,繞寢床道,1
20916,寢床道書,1
20917,床道書蟲,1
20918,道書蟲食,1
20919,書蟲食盡,1
20920,蟲食盡酒,1
20921,食盡酒律,1
20922,盡酒律客,1
20923,酒律客偷,1
20924,律客偷將,1
20925,客偷將愁,1
20926,偷將愁至,1
20927,將愁至為,1
20928,愁至為多,1
20929,至為多病,1
20930,為多病貧,1
20931,多病貧來,1
20932,病貧來減,1
20933,貧來減得,1
20934,來減得狂,1
20935,減得狂見,1
20936,得狂見君,1
20937,狂見君何,1
20938,見君何所,1
20939,君何所似,1
20940,何所似如,1
20941,所似如熱,1
20942,似如熱得,1
20943,如熱得清,1
20944,熱得清涼,1
20945,得清涼曉,1
20946,清涼曉立,1
20947,涼曉立侍,1
20948,曉立侍爐,1
20949,立侍爐煙,1
20950,侍爐煙夜,1
20951,爐煙夜歸,1
20952,煙夜歸蓬,1
20953,夜歸蓬蓽,1
20954,歸蓬蓽眠,1
20955,蓬蓽眠露,1
20956,蓽眠露華,1
20957,眠露華明,1
20958,露華明菊,1
20959,華明菊上,1
20960,明菊上螢,1
20961,菊上螢影,1
20962,上螢影滅,1
20963,螢影滅燈,1
20964,影滅燈前,1
20965,滅燈前清,1
20966,燈前清漏,1
20967,前清漏和,1
20968,清漏和砧,1
20969,漏和砧疊,1
20970,和砧疊棲,1
20971,砧疊棲禽,1
20972,疊棲禽與,1
20973,棲禽與葉,1
20974,禽與葉連,1
20975,與葉連高,1
20976,葉連高人,1
20977,連高人來,1
20978,高人來此,1
20979,人來此宿,1
20980,來此宿為,1
20981,此宿為似,1
20982,宿為似在,1
20983,為似在山,1
20984,似在山顛,1
20985,在山顛雨,1
20986,山顛雨裏,1
20987,顛雨裏難,1
20988,雨裏難逢,1
20989,裏難逢客,1
20990,難逢客閑,1
20991,逢客閑吟,1
20992,客閑吟不,1
20993,閑吟不復,1
20994,吟不復眠,1
20995,不復眠蟲,1
20996,復眠蟲聲,1
20997,眠蟲聲秋,1
20998,蟲聲秋並,1
20999,聲秋並起,1
21000,秋並起林,1
21001,並起林色,1
21002,起林色夜,1
21003,林色夜相,1
21004,色夜相連,1
21005,夜相連愛,1
21006,相連愛酒,1
21007,連愛酒此,1
21008,愛酒此生,1
21009,酒此生裏,1
21010,此生裏趨,1
21011,生裏趨朝,1
21012,裏趨朝未,1
21013,趨朝未老,1
21014,朝未老前,1
21015,未老前終,1
21016,老前終須,1
21017,前終須攜,1
21018,終須攜手,1
21019,須攜手去,1
21020,攜手去滄,1
21021,手去滄海,1
21022,去滄海棹,1
21023,滄海棹魚,1
21024,海棹魚船,1
21025,棹魚船客,1
21026,魚船客來,1
21027,船客來初,1
21028,客來初夜,1
21029,來初夜裏,1
21030,初夜裏藥,1
21031,夜裏藥酒,1
21032,裏藥酒自,1
21033,藥酒自開,1
21034,酒自開封,1
21035,自開封老,1
21036,開封老漸,1
21037,封老漸多,1
21038,老漸多歸,1
21039,漸多歸思,1
21040,多歸思貧,1
21041,歸思貧惟,1
21042,思貧惟長,1
21043,貧惟長病,1
21044,惟長病容,1
21045,長病容苦,1
21046,病容苦寒,1
21047,容苦寒燈,1
21048,苦寒燈焰,1
21049,寒燈焰細,1
21050,燈焰細近,1
21051,焰細近曉,1
21052,細近曉鼓,1
21053,近曉鼓聲,1
21054,曉鼓聲重,1
21055,鼓聲重僧,1
21056,聲重僧可,1
21057,重僧可還,1
21058,僧可還相,1
21059,可還相舍,1
21060,還相舍深,1
21061,相舍深居,1
21062,舍深居閉,1
21063,深居閉古,1
21064,居閉古松,1
21065,閉古松內,1
21066,古松內殿,1
21067,松內殿臣,1
21068,內殿臣相,1
21069,殿臣相命,1
21070,臣相命開,1
21071,相命開樽,1
21072,命開樽話,1
21073,開樽話舊,1
21074,樽話舊時,1
21075,話舊時夜,1
21076,舊時夜鐘,1
21077,時夜鐘催,1
21078,夜鐘催鳥,1
21079,鐘催鳥絕,1
21080,催鳥絕積,1
21081,鳥絕積雪,1
21082,絕積雪阻,1
21083,積雪阻僧,1
21084,雪阻僧期,1
21085,阻僧期林,1
21086,僧期林靜,1
21087,期林靜寒,1
21088,林靜寒聲,1
21089,靜寒聲遠,1
21090,寒聲遠天,1
21091,聲遠天陰,1
21092,遠天陰曙,1
21093,天陰曙色,1
21094,陰曙色遲,1
21095,曙色遲今,1
21096,色遲今宵,1
21097,遲今宵複,1
21098,今宵複何,1
21099,宵複何夕,1
21100,複何夕鳴,1
21101,何夕鳴佩,1
21102,夕鳴佩坐,1
21103,鳴佩坐相,1
21104,佩坐相隨,1
21105,坐相隨訪,1
21106,相隨訪師,1
21107,隨訪師師,1
21108,訪師師不,1
21109,師師不遇,1
21110,師不遇禮,1
21111,不遇禮佛,1
21112,遇禮佛佛,1
21113,禮佛佛無,1
21114,佛佛無言,1
21115,佛無言依,1
21116,無言依舊,1
21117,言依舊將,1
21118,依舊將煩,1
21119,舊將煩惱,1
21120,將煩惱黃,1
21121,煩惱黃昏,1
21122,惱黃昏入,1
21123,黃昏入宅,1
21124,昏入宅門,1
21125,入宅門忍,1
21126,宅門忍寒,1
21127,門忍寒停,1
21128,忍寒停酒,1
21129,寒停酒待,1
21130,停酒待君,1
21131,酒待君來,1
21132,待君來酒,1
21133,君來酒作,1
21134,來酒作淩,1
21135,酒作淩澌,1
21136,作淩澌火,1
21137,淩澌火作,1
21138,澌火作灰,1
21139,火作灰半,1
21140,作灰半夜,1
21141,灰半夜出,1
21142,半夜出門,1
21143,夜出門重,1
21144,出門重立,1
21145,門重立望,1
21146,重立望月,1
21147,立望月明,1
21148,望月明先,1
21149,月明先自,1
21150,明先自下,1
21151,先自下高,1
21152,自下高臺,1
21153,下高臺入,1
21154,高臺入門,1
21155,臺入門愁,1
21156,入門愁自,1
21157,門愁自散,1
21158,愁自散不,1
21159,自散不假,1
21160,散不假見,1
21161,不假見僧,1
21162,假見僧翁,1
21163,見僧翁花,1
21164,僧翁花落,1
21165,翁花落煎,1
21166,花落煎茶,1
21167,落煎茶水,1
21168,煎茶水松,1
21169,茶水松生,1
21170,水松生醒,1
21171,松生醒酒,1
21172,生醒酒風,1
21173,醒酒風拂,1
21174,酒風拂床,1
21175,風拂床尋,1
21176,拂床尋古,1
21177,床尋古畫,1
21178,尋古畫拔,1
21179,古畫拔刺,1
21180,畫拔刺看,1
21181,拔刺看新,1
21182,刺看新叢,1
21183,看新叢別,1
21184,新叢別有,1
21185,叢別有遊,1
21186,別有遊人,1
21187,有遊人見,1
21188,遊人見多,1
21189,人見多疑,1
21190,見多疑住,1
21191,多疑住此,1
21192,疑住此中,1
21193,住此中蕙,1
21194,此中蕙帶,1
21195,中蕙帶纏,1
21196,蕙帶纏腰,1
21197,帶纏腰複,1
21198,纏腰複野,1
21199,腰複野蔬,1
21200,複野蔬一,1
21201,野蔬一莊,1
21202,蔬一莊水,1
21203,一莊水竹,1
21204,莊水竹數,1
21205,水竹數房,1
21206,竹數房書,1
21207,數房書舉,1
21208,房書舉頭,1
21209,書舉頭忽,1
21210,舉頭忽見,1
21211,頭忽見南,1
21212,忽見南山,1
21213,見南山雪,1
21214,南山雪便,1
21215,山雪便說,1
21216,雪便說休,1
21217,便說休官,1
21218,說休官相,1
21219,休官相近,1
21220,官相近居,1
21221,相近居繞,1
21222,近居繞鬢,1
21223,居繞鬢滄,1
21224,繞鬢滄浪,1
21225,鬢滄浪有,1
21226,滄浪有幾,1
21227,浪有幾莖,1
21228,有幾莖珥,1
21229,幾莖珥貂,1
21230,莖珥貂相,1
21231,珥貂相問,1
21232,貂相問夕,1
21233,相問夕郎,1
21234,問夕郎驚,1
21235,夕郎驚只,1
21236,郎驚只應,1
21237,驚只應為,1
21238,只應為酒,1
21239,應為酒微,1
21240,為酒微微,1
21241,酒微微變,1
21242,微微變不,1
21243,微變不是,1
21244,變不是因,1
21245,不是因年,1
21246,是因年漸,1
21247,因年漸漸,1
21248,年漸漸生,1
21249,漸漸生東,1
21250,漸生東觀,1
21251,生東觀詩,1
21252,東觀詩成,1
21253,觀詩成號,1
21254,詩成號良,1
21255,成號良史,1
21256,號良史中,1
21257,良史中台,1
21258,史中台官,1
21259,中台官罷,1
21260,台官罷揖,1
21261,官罷揖高,1
21262,罷揖高名,1
21263,揖高名即,1
21264,高名即提,1
21265,名即提彩,1
21266,即提彩筆,1
21267,提彩筆裁,1
21268,彩筆裁天,1
21269,筆裁天詔,1
21270,裁天詔誰,1
21271,天詔誰得,1
21272,詔誰得吟,1
21273,誰得吟詩,1
21274,得吟詩自,1
21275,吟詩自在,1
21276,詩自在行,1
21277,自在行曉,1
21278,在行曉起,1
21279,行曉起閑,1
21280,曉起閑看,1
21281,起閑看雨,1
21282,閑看雨垂,1
21283,看雨垂簷,1
21284,雨垂簷自,1
21285,垂簷自滴,1
21286,簷自滴階,1
21287,自滴階風,1
21288,滴階風清,1
21289,階風清想,1
21290,風清想林,1
21291,清想林壑,1
21292,想林壑雲,1
21293,林壑雲濕,1
21294,壑雲濕似,1
21295,雲濕似江,1
21296,濕似江淮,1
21297,似江淮石,1
21298,江淮石信,1
21299,淮石信浮,1
21300,石信浮漚,1
21301,信浮漚重,1
21302,浮漚重泥,1
21303,漚重泥從,1
21304,重泥從積,1
21305,泥從積蘚,1
21306,從積蘚埋,1
21307,積蘚埋氣,1
21308,蘚埋氣消,1
21309,埋氣消濃,1
21310,氣消濃酒,1
21311,消濃酒力,1
21312,濃酒力心,1
21313,酒力心助,1
21314,力心助獨,1
21315,心助獨吟,1
21316,助獨吟懷,1
21317,獨吟懷颯,1
21318,吟懷颯颯,1
21319,懷颯颯通,1
21320,颯颯通琴,1
21321,颯通琴韻,1
21322,通琴韻蕭,1
21323,琴韻蕭蕭,1
21324,韻蕭蕭靜,1
21325,蕭蕭靜竹,1
21326,蕭靜竹齋,1
21327,靜竹齋彩,1
21328,竹齋彩毫,1
21329,齋彩毫無,1
21330,彩毫無限,1
21331,毫無限思,1
21332,無限思念,1
21333,限思念與,1
21334,思念與夕,1
21335,念與夕郎,1
21336,與夕郎乖,1
21337,夕郎乖疏,1
21338,郎乖疏散,1
21339,乖疏散無,1
21340,疏散無世,1
21341,散無世用,1
21342,無世用為,1
21343,世用為文,1
21344,用為文乏,1
21345,為文乏天,1
21346,文乏天格,1
21347,乏天格把,1
21348,天格把筆,1
21349,格把筆日,1
21350,把筆日不,1
21351,筆日不休,1
21352,日不休忽,1
21353,不休忽忽,1
21354,休忽忽有,1
21355,忽忽有所,1
21356,忽有所得,1
21357,有所得所,1
21358,所得所得,1
21359,得所得良,1
21360,所得良自,1
21361,得良自慰,1
21362,良自慰不,1
21363,自慰不求,1
21364,慰不求他,1
21365,不求他人,1
21366,求他人識,1
21367,他人識子,1
21368,人識子獨,1
21369,識子獨訪,1
21370,子獨訪我,1
21371,獨訪我來,1
21372,訪我來致,1
21373,我來致詩,1
21374,來致詩過,1
21375,致詩過相,1
21376,詩過相飾,1
21377,過相飾君,1
21378,相飾君子,1
21379,飾君子無,1
21380,君子無浮,1
21381,子無浮言,1
21382,無浮言此,1
21383,浮言此詩,1
21384,言此詩應,1
21385,此詩應亦,1
21386,詩應亦直,1
21387,應亦直但,1
21388,亦直但慮,1
21389,直但慮憂,1
21390,但慮憂我,1
21391,慮憂我深,1
21392,憂我深鑒,1
21393,我深鑒亦,1
21394,深鑒亦隨,1
21395,鑒亦隨之,1
21396,亦隨之惑,1
21397,隨之惑子,1
21398,之惑子在,1
21399,惑子在名,1
21400,子在名場,1
21401,在名場中,1
21402,名場中屢,1
21403,場中屢戰,1
21404,中屢戰還,1
21405,屢戰還屢,1
21406,戰還屢北,1
21407,還屢北我,1
21408,屢北我無,1
21409,北我無數,1
21410,我無數子,1
21411,無數子明,1
21412,數子明端,1
21413,子明端坐,1
21414,明端坐空,1
21415,端坐空歎,1
21416,坐空歎息,1
21417,空歎息昨,1
21418,歎息昨聞,1
21419,息昨聞過,1
21420,昨聞過春,1
21421,聞過春關,1
21422,過春關名,1
21423,春關名系,1
21424,關名系吏,1
21425,名系吏部,1
21426,系吏部籍,1
21427,吏部籍三,1
21428,部籍三十,1
21429,籍三十登,1
21430,三十登高,1
21431,十登高科,1
21432,登高科前,1
21433,高科前塗,1
21434,科前塗浩,1
21435,前塗浩難,1
21436,塗浩難測,1
21437,浩難測詩,1
21438,難測詩人,1
21439,測詩人多,1
21440,詩人多峭,1
21441,人多峭冷,1
21442,多峭冷如,1
21443,峭冷如水,1
21444,冷如水在,1
21445,如水在胸,1
21446,水在胸臆,1
21447,在胸臆豈,1
21448,胸臆豈隨,1
21449,臆豈隨尋,1
21450,豈隨尋常,1
21451,隨尋常人,1
21452,尋常人五,1
21453,常人五藏,1
21454,人五藏為,1
21455,五藏為酒,1
21456,藏為酒食,1
21457,為酒食期,1
21458,酒食期來,1
21459,食期來作,1
21460,期來作酬,1
21461,來作酬章,1
21462,作酬章危,1
21463,酬章危坐,1
21464,章危坐吟,1
21465,危坐吟到,1
21466,坐吟到夕,1
21467,吟到夕難,1
21468,到夕難為,1
21469,夕難為間,1
21470,難為間其,1
21471,為間其辭,1
21472,間其辭益,1
21473,其辭益貴,1
21474,辭益貴我,1
21475,益貴我紙,1
21476,貴我紙墨,1
21477,我紙墨四,1
21478,紙墨四松,1
21479,墨四松相,1
21480,四松相對,1
21481,松相對植,1
21482,相對植蒼,1
21483,對植蒼翠,1
21484,植蒼翠映,1
21485,蒼翠映中,1
21486,翠映中台,1
21487,映中台擢,1
21488,中台擢幹,1
21489,台擢幹淩,1
21490,擢幹淩空,1
21491,幹淩空去,1
21492,淩空去移,1
21493,空去移根,1
21494,去移根劚,1
21495,移根劚石,1
21496,根劚石開,1
21497,劚石開陰,1
21498,石開陰陽,1
21499,開陰陽氣,1
21500,陰陽氣潛,1
21501,陽氣潛煦,1
21502,氣潛煦造,1
21503,潛煦造化,1
21504,煦造化手,1
21505,造化手親,1
21506,化手親栽,1
21507,手親栽日,1
21508,親栽日月,1
21509,栽日月滋,1
21510,日月滋佳,1
21511,月滋佳色,1
21512,滋佳色煙,1
21513,佳色煙霄,1
21514,色煙霄長,1
21515,煙霄長異,1
21516,霄長異材,1
21517,長異材清,1
21518,異材清音,1
21519,材清音勝,1
21520,清音勝在,1
21521,音勝在澗,1
21522,勝在澗寒,1
21523,在澗寒影,1
21524,澗寒影遍,1
21525,寒影遍生,1
21526,影遍生苔,1
21527,遍生苔靜,1
21528,生苔靜繞,1
21529,苔靜繞霜,1
21530,靜繞霜沾,1
21531,繞霜沾履,1
21532,霜沾履閑,1
21533,沾履閑看,1
21534,履閑看酒,1
21535,閑看酒滿,1
21536,看酒滿杯,1
21537,酒滿杯同,1
21538,滿杯同榮,1
21539,杯同榮朱,1
21540,同榮朱戶,1
21541,榮朱戶際,1
21542,朱戶際永,1
21543,戶際永日,1
21544,際永日白,1
21545,永日白雲,1
21546,日白雲隈,1
21547,白雲隈密,1
21548,雲隈密葉,1
21549,隈密葉聞,1
21550,密葉聞風,1
21551,葉聞風度,1
21552,聞風度高,1
21553,風度高枝,1
21554,度高枝見,1
21555,高枝見鶴,1
21556,枝見鶴來,1
21557,見鶴來賞,1
21558,鶴來賞心,1
21559,來賞心難,1
21560,賞心難可,1
21561,心難可盡,1
21562,難可盡麗,1
21563,可盡麗什,1
21564,盡麗什妙,1
21565,麗什妙難,1
21566,什妙難裁,1
21567,妙難裁此,1
21568,難裁此地,1
21569,裁此地無,1
21570,此地無因,1
21571,地無因到,1
21572,無因到迴,1
21573,因到迴圈,1
21574,到迴圈幾,1
21575,迴圈幾百,1
21576,圈幾百回,1
21577,幾百回葩,1
21578,百回葩疊,1
21579,回葩疊萼,1
21580,葩疊萼相,1
21581,疊萼相重,1
21582,萼相重燒,1
21583,相重燒欄,1
21584,重燒欄複,1
21585,燒欄複照,1
21586,欄複照空,1
21587,複照空妍,1
21588,照空妍姿,1
21589,空妍姿朝,1
21590,妍姿朝景,1
21591,姿朝景裏,1
21592,朝景裏醉,1
21593,景裏醉豔,1
21594,裏醉豔晚,1
21595,醉豔晚煙,1
21596,豔晚煙中,1
21597,晚煙中乍,1
21598,煙中乍怪,1
21599,中乍怪霞,1
21600,乍怪霞臨,1
21601,怪霞臨砌,1
21602,霞臨砌還,1
21603,臨砌還疑,1
21604,砌還疑燭,1
21605,還疑燭出,1
21606,疑燭出籠,1
21607,燭出籠繞,1
21608,出籠繞行,1
21609,籠繞行驚,1
21610,繞行驚地,1
21611,行驚地赤,1
21612,驚地赤移,1
21613,地赤移坐,1
21614,赤移坐覺,1
21615,移坐覺衣,1
21616,坐覺衣紅,1
21617,覺衣紅殷,1
21618,衣紅殷麗,1
21619,紅殷麗開,1
21620,殷麗開繁,1
21621,麗開繁朵,1
21622,開繁朵香,1
21623,繁朵香濃,1
21624,朵香濃發,1
21625,香濃發幾,1
21626,濃發幾叢,1
21627,發幾叢裁,1
21628,幾叢裁綃,1
21629,叢裁綃樣,1
21630,裁綃樣豈,1
21631,綃樣豈似,1
21632,樣豈似染,1
21633,豈似染茜,1
21634,似染茜色,1
21635,染茜色寧,1
21636,茜色寧同,1
21637,色寧同嫩,1
21638,寧同嫩畏,1
21639,同嫩畏人,1
21640,嫩畏人看,1
21641,畏人看損,1
21642,人看損鮮,1
21643,看損鮮愁,1
21644,損鮮愁日,1
21645,鮮愁日炙,1
21646,愁日炙融,1
21647,日炙融嬋,1
21648,炙融嬋娟,1
21649,融嬋娟涵,1
21650,嬋娟涵宿,1
21651,娟涵宿露,1
21652,涵宿露爛,1
21653,宿露爛熳,1
21654,露爛熳抵,1
21655,爛熳抵春,1
21656,熳抵春風,1
21657,抵春風縱,1
21658,春風縱賞,1
21659,風縱賞襟,1
21660,縱賞襟情,1
21661,賞襟情合,1
21662,襟情合閑,1
21663,情合閑吟,1
21664,合閑吟景,1
21665,閑吟景思,1
21666,吟景思通,1
21667,景思通客,1
21668,思通客來,1
21669,通客來歸,1
21670,客來歸盡,1
21671,來歸盡懶,1
21672,歸盡懶鶯,1
21673,盡懶鶯戀,1
21674,懶鶯戀語,1
21675,鶯戀語無,1
21676,戀語無窮,1
21677,語無窮萬,1
21678,無窮萬物,1
21679,窮萬物珍,1
21680,萬物珍那,1
21681,物珍那比,1
21682,珍那比千,1
21683,那比千金,1
21684,比千金買,1
21685,千金買不,1
21686,金買不充,1
21687,買不充如,1
21688,不充如今,1
21689,充如今難,1
21690,如今難更,1
21691,今難更有,1
21692,難更有縱,1
21693,更有縱有,1
21694,有縱有在,1
21695,縱有在仙,1
21696,有在仙宮,1
21697,在仙宮芙,1
21698,仙宮芙蓉,1
21699,宮芙蓉池,1
21700,芙蓉池裏,1
21701,蓉池裏葉,1
21702,池裏葉田,1
21703,裏葉田田,1
21704,葉田田一,1
21705,田田一本,1
21706,田一本雙,1
21707,一本雙花,1
21708,本雙花出,1
21709,雙花出碧,1
21710,花出碧泉,1
21711,出碧泉濃,1
21712,碧泉濃淡,1
21713,泉濃淡共,1
21714,濃淡共妍,1
21715,淡共妍香,1
21716,共妍香各,1
21717,妍香各散,1
21718,香各散東,1
21719,各散東西,1
21720,散東西分,1
21721,東西分豔,1
21722,西分豔蒂,1
21723,分豔蒂相,1
21724,豔蒂相連,1
21725,蒂相連自,1
21726,相連自知,1
21727,連自知政,1
21728,自知政術,1
21729,知政術無,1
21730,政術無他,1
21731,術無他異,1
21732,無他異縱,1
21733,他異縱是,1
21734,異縱是禎,1
21735,縱是禎祥,1
21736,是禎祥亦,1
21737,禎祥亦偶,1
21738,祥亦偶然,1
21739,亦偶然四,1
21740,偶然四野,1
21741,然四野人,1
21742,四野人聞,1
21743,野人聞皆,1
21744,人聞皆盡,1
21745,聞皆盡喜,1
21746,皆盡喜爭,1
21747,盡喜爭來,1
21748,喜爭來入,1
21749,爭來入郭,1
21750,來入郭看,1
21751,入郭看嘉,1
21752,郭看嘉蓮,1
21753,看嘉蓮欲,1
21754,嘉蓮欲種,1
21755,蓮欲種數,1
21756,欲種數莖,1
21757,種數莖葦,1
21758,數莖葦出,1
21759,莖葦出門,1
21760,葦出門來,1
21761,出門來往,1
21762,門來往頻,1
21763,來往頻近,1
21764,往頻近陂,1
21765,頻近陂收,1
21766,近陂收本,1
21767,陂收本土,1
21768,收本土選,1
21769,本土選地,1
21770,土選地問,1
21771,選地問幽,1
21772,地問幽人,1
21773,問幽人靜,1
21774,幽人靜看,1
21775,人靜看唯,1
21776,靜看唯思,1
21777,看唯思長,1
21778,唯思長初,1
21779,思長初移,1
21780,長初移未,1
21781,初移未覺,1
21782,移未覺勻,1
21783,未覺勻坐,1
21784,覺勻坐中,1
21785,勻坐中尋,1
21786,坐中尋竹,1
21787,中尋竹客,1
21788,尋竹客將,1
21789,竹客將去,1
21790,客將去更,1
21791,將去更逡,1
21792,去更逡巡,1
21793,更逡巡擬,1
21794,逡巡擬服,1
21795,巡擬服松,1
21796,擬服松花,1
21797,服松花無,1
21798,松花無處,1
21799,花無處學,1
21800,無處學嵩,1
21801,處學嵩陽,1
21802,學嵩陽道,1
21803,嵩陽道士,1
21804,陽道士忽,1
21805,道士忽相,1
21806,士忽相教,1
21807,忽相教今,1
21808,相教今朝,1
21809,教今朝試,1
21810,今朝試上,1
21811,朝試上高,1
21812,試上高枝,1
21813,上高枝采,1
21814,高枝采不,1
21815,枝采不覺,1
21816,采不覺傾,1
21817,不覺傾翻,1
21818,覺傾翻仙,1
21819,傾翻仙鶴,1
21820,翻仙鶴巢,1
21821,仙鶴巢黃,1
21822,鶴巢黃金,1
21823,巢黃金色,1
21824,黃金色未,1
21825,金色未足,1
21826,色未足摘,1
21827,未足摘取,1
21828,足摘取且,1
21829,摘取且嘗,1
21830,取且嘗新,1
21831,且嘗新若,1
21832,嘗新若待,1
21833,新若待重,1
21834,若待重陽,1
21835,待重陽日,1
21836,重陽日何,1
21837,陽日何曾,1
21838,日何曾異,1
21839,何曾異眾,1
21840,曾異眾人,1
21841,異眾人黃,1
21842,眾人黃金,1
21843,人黃金絲,1
21844,黃金絲掛,1
21845,金絲掛粉,1
21846,絲掛粉牆,1
21847,掛粉牆頭,1
21848,粉牆頭動,1
21849,牆頭動似,1
21850,頭動似顛,1
21851,動似顛狂,1
21852,似顛狂靜,1
21853,顛狂靜似,1
21854,狂靜似愁,1
21855,靜似愁遊,1
21856,似愁遊客,1
21857,愁遊客見,1
21858,遊客見時,1
21859,客見時心,1
21860,見時心自,1
21861,時心自醉,1
21862,心自醉無,1
21863,自醉無因,1
21864,醉無因得,1
21865,無因得見,1
21866,因得見謝,1
21867,得見謝家,1
21868,見謝家樓,1
21869,謝家樓葉,1
21870,家樓葉葉,1
21871,樓葉葉如,1
21872,葉葉如眉,1
21873,葉如眉翠,1
21874,如眉翠色,1
21875,眉翠色濃,1
21876,翠色濃黃,1
21877,色濃黃鶯,1
21878,濃黃鶯偏,1
21879,黃鶯偏戀,1
21880,鶯偏戀語,1
21881,偏戀語從,1
21882,戀語從容,1
21883,語從容橋,1
21884,從容橋邊,1
21885,容橋邊陌,1
21886,橋邊陌上,1
21887,邊陌上無,1
21888,陌上無人,1
21889,上無人識,1
21890,無人識雨,1
21891,人識雨濕,1
21892,識雨濕煙,1
21893,雨濕煙和,1
21894,濕煙和思,1
21895,煙和思萬,1
21896,和思萬重,1
21897,思萬重江,1
21898,萬重江上,1
21899,重江上東,1
21900,江上東西,1
21901,上東西離,1
21902,東西離別,1
21903,西離別饒,1
21904,離別饒舊,1
21905,別饒舊條,1
21906,饒舊條折,1
21907,舊條折盡,1
21908,條折盡折,1
21909,折盡折新,1
21910,盡折新條,1
21911,折新條亦,1
21912,新條亦知,1
21913,條亦知春,1
21914,亦知春色,1
21915,知春色人,1
21916,春色人將,1
21917,色人將去,1
21918,人將去猶,1
21919,將去猶勝,1
21920,去猶勝狂,1
21921,猶勝狂風,1
21922,勝狂風取,1
21923,狂風取次,1
21924,風取次飄,1
21925,取次飄二,1
21926,次飄二月,1
21927,飄二月楊,1
21928,二月楊花,1
21929,月楊花觸,1
21930,楊花觸處,1
21931,花觸處飛,1
21932,觸處飛悠,1
21933,處飛悠悠,1
21934,飛悠悠漠,1
21935,悠悠漠漠,1
21936,悠漠漠自,1
21937,漠漠自東,1
21938,漠自東西,1
21939,自東西謝,1
21940,東西謝家,1
21941,西謝家詠,1
21942,謝家詠雪,1
21943,家詠雪徒,1
21944,詠雪徒相,1
21945,雪徒相比,1
21946,徒相比吹,1
21947,相比吹落,1
21948,比吹落庭,1
21949,吹落庭前,1
21950,落庭前便,1
21951,庭前便作,1
21952,前便作泥,1
21953,便作泥江,1
21954,作泥江亭,1
21955,泥江亭楊,1
21956,江亭楊柳,1
21957,亭楊柳折,1
21958,楊柳折還,1
21959,柳折還垂,1
21960,折還垂月,1
21961,還垂月照,1
21962,垂月照深,1
21963,月照深黃,1
21964,照深黃幾,1
21965,深黃幾樹,1
21966,黃幾樹絲,1
21967,幾樹絲見,1
21968,樹絲見說,1
21969,絲見說隋,1
21970,見說隋堤,1
21971,說隋堤枯,1
21972,隋堤枯已,1
21973,堤枯已盡,1
21974,枯已盡年,1
21975,已盡年年,1
21976,盡年年行,1
21977,年年行客,1
21978,年行客怪,1
21979,行客怪春,1
21980,客怪春遲,1
21981,怪春遲秋,1
21982,春遲秋蛩,1
21983,遲秋蛩聲,1
21984,秋蛩聲尚,1
21985,蛩聲尚在,1
21986,聲尚在切,1
21987,尚在切切,1
21988,在切切起,1
21989,切切起蒼,1
21990,切起蒼苔,1
21991,起蒼苔久,1
21992,蒼苔久是,1
21993,苔久是忘,1
21994,久是忘情,1
21995,是忘情者,1
21996,忘情者今,1
21997,情者今還,1
21998,者今還有,1
21999,今還有事,1
22000,還有事來,1
22001,有事來微,1
22002,事來微霜,1
22003,來微霜風,1
22004,微霜風稍,1
22005,霜風稍靜,1
22006,風稍靜圓,1
22007,稍靜圓月,1
22008,靜圓月霧,1
22009,圓月霧初,1
22010,月霧初開,1
22011,霧初開此,1
22012,初開此思,1
22013,開此思誰,1
22014,此思誰能,1
22015,思誰能遣,1
22016,誰能遣應,1
22017,能遣應須,1
22018,遣應須執,1
22019,應須執酒,1
22020,須執酒杯,1
22021,執酒杯往,1
22022,酒杯往年,1
22023,杯往年六,1
22024,往年六月,1
22025,年六月蟬,1
22026,六月蟬應,1
22027,月蟬應到,1
22028,蟬應到每,1
22029,應到每到,1
22030,到每到聞,1
22031,每到聞時,1
22032,到聞時骨,1
22033,聞時骨欲,1
22034,時骨欲驚,1
22035,骨欲驚今,1
22036,欲驚今日,1
22037,驚今日槐,1
22038,今日槐花,1
22039,日槐花還,1
22040,槐花還似,1
22041,花還似發,1
22042,還似發卻,1
22043,似發卻愁,1
22044,發卻愁聽,1
22045,卻愁聽盡,1
22046,愁聽盡更,1
22047,聽盡更無,1
22048,盡更無聲,1
22049,更無聲秋,1
22050,無聲秋來,1
22051,聲秋來吟,1
22052,秋來吟更,1
22053,來吟更苦,1
22054,吟更苦半,1
22055,更苦半咽,1
22056,苦半咽半,1
22057,半咽半隨,1
22058,咽半隨風,1
22059,半隨風禪,1
22060,隨風禪客,1
22061,風禪客心,1
22062,禪客心應,1
22063,客心應亂,1
22064,心應亂愁,1
22065,應亂愁人,1
22066,亂愁人耳,1
22067,愁人耳願,1
22068,人耳願聾,1
22069,耳願聾雨,1
22070,願聾雨晴,1
22071,聾雨晴煙,1
22072,雨晴煙樹,1
22073,晴煙樹裏,1
22074,煙樹裏日,1
22075,樹裏日晚,1
22076,裏日晚古,1
22077,日晚古城,1
22078,晚古城中,1
22079,古城中遠,1
22080,城中遠思,1
22081,中遠思應,1
22082,遠思應難,1
22083,思應難盡,1
22084,應難盡誰,1
22085,難盡誰當,1
22086,盡誰當與,1
22087,誰當與我,1
22088,當與我同,1
22089,與我同羽,1
22090,我同羽毛,1
22091,同羽毛生,1
22092,羽毛生未,1
22093,毛生未齊,1
22094,生未齊嶛,1
22095,未齊嶛峭,1
22096,齊嶛峭醜,1
22097,嶛峭醜於,1
22098,峭醜於雞,1
22099,醜於雞夜,1
22100,於雞夜夜,1
22101,雞夜夜穿,1
22102,夜夜穿籠,1
22103,夜穿籠出,1
22104,穿籠出擣,1
22105,籠出擣衣,1
22106,出擣衣砧,1
22107,擣衣砧上,1
22108,衣砧上棲,1
22109,砧上棲春,1
22110,上棲春來,1
22111,棲春來深,1
22112,春來深谷,1
22113,來深谷雪,1
22114,深谷雪方,1
22115,谷雪方消,1
22116,雪方消鶯,1
22117,方消鶯別,1
22118,消鶯別寒,1
22119,鶯別寒林,1
22120,別寒林傍,1
22121,寒林傍翠,1
22122,林傍翠條,1
22123,傍翠條到,1
22124,翠條到處,1
22125,條到處為,1
22126,到處為憐,1
22127,處為憐煙,1
22128,為憐煙景,1
22129,憐煙景好,1
22130,煙景好隔,1
22131,景好隔簾,1
22132,好隔簾多,1
22133,隔簾多愛,1
22134,簾多愛語,1
22135,多愛語聲,1
22136,愛語聲嬌,1
22137,語聲嬌不,1
22138,聲嬌不同,1
22139,嬌不同蜀,1
22140,不同蜀魄,1
22141,同蜀魄啼,1
22142,蜀魄啼殘,1
22143,魄啼殘月,1
22144,啼殘月唯,1
22145,殘月唯逐,1
22146,月唯逐天,1
22147,唯逐天雞,1
22148,逐天雞轉,1
22149,天雞轉詰,1
22150,雞轉詰朝,1
22151,轉詰朝少,1
22152,詰朝少婦,1
22153,朝少婦聽,1
22154,少婦聽時,1
22155,婦聽時思,1
22156,聽時思舊,1
22157,時思舊曲,1
22158,思舊曲玉,1
22159,舊曲玉樓,1
22160,曲玉樓從,1
22161,玉樓從此,1
22162,樓從此動,1
22163,從此動雲,1
22164,此動雲韶,1
22165,動雲韶臥,1
22166,雲韶臥來,1
22167,韶臥來扶,1
22168,臥來扶不,1
22169,來扶不起,1
22170,扶不起唯,1
22171,不起唯向,1
22172,起唯向主,1
22173,唯向主人,1
22174,向主人嘶,1
22175,主人嘶惆,1
22176,人嘶惆悵,1
22177,嘶惆悵東,1
22178,惆悵東郊,1
22179,悵東郊道,1
22180,東郊道秋,1
22181,郊道秋來,1
22182,道秋來雨,1
22183,秋來雨作,1
22184,來雨作泥,1
22185,雨作泥鑄,1
22186,作泥鑄為,1
22187,泥鑄為明,1
22188,鑄為明鏡,1
22189,為明鏡絕,1
22190,明鏡絕塵,1
22191,鏡絕塵埃,1
22192,絕塵埃翡,1
22193,塵埃翡翠,1
22194,埃翡翠窗,1
22195,翡翠窗前,1
22196,翠窗前掛,1
22197,窗前掛玉,1
22198,前掛玉台,1
22199,掛玉台繡,1
22200,玉台繡帶,1
22201,台繡帶共,1
22202,繡帶共尋,1
22203,帶共尋龍,1
22204,共尋龍口,1
22205,尋龍口出,1
22206,龍口出菱,1
22207,口出菱花,1
22208,出菱花爭,1
22209,菱花爭向,1
22210,花爭向匣,1
22211,爭向匣中,1
22212,向匣中開,1
22213,匣中開孤,1
22214,中開孤光,1
22215,開孤光常,1
22216,孤光常見,1
22217,光常見鸞,1
22218,常見鸞蹤,1
22219,見鸞蹤在,1
22220,鸞蹤在分,1
22221,蹤在分處,1
22222,在分處還,1
22223,分處還因,1
22224,處還因鵲,1
22225,還因鵲影,1
22226,因鵲影回,1
22227,鵲影回好,1
22228,影回好是,1
22229,回好是照,1
22230,好是照身,1
22231,是照身宜,1
22232,照身宜謝,1
22233,身宜謝女,1
22234,宜謝女嫦,1
22235,謝女嫦娥,1
22236,女嫦娥飛,1
22237,嫦娥飛向,1
22238,娥飛向玉,1
22239,飛向玉宮,1
22240,向玉宮來,1
22241,玉宮來時,1
22242,宮來時人,1
22243,來時人嫌,1
22244,時人嫌古,1
22245,人嫌古畫,1
22246,嫌古畫倚,1
22247,古畫倚壁,1
22248,畫倚壁不,1
22249,倚壁不曾,1
22250,壁不曾收,1
22251,不曾收露,1
22252,曾收露滴,1
22253,收露滴膠,1
22254,露滴膠山,1
22255,滴膠山斷,1
22256,膠山斷風,1
22257,山斷風吹,1
22258,斷風吹絹,1
22259,風吹絹海,1
22260,吹絹海秋,1
22261,絹海秋殘,1
22262,海秋殘雪,1
22263,秋殘雪飛,1
22264,殘雪飛屋,1
22265,雪飛屋裏,1
22266,飛屋裏片,1
22267,屋裏片水,1
22268,裏片水落,1
22269,片水落床,1
22270,水落床頭,1
22271,落床頭尚,1
22272,床頭尚勝,1
22273,頭尚勝凡,1
22274,尚勝凡花,1
22275,勝凡花鳥,1
22276,凡花鳥君,1
22277,花鳥君能,1
22278,鳥君能補,1
22279,君能補綴,1
22280,能補綴不,1
22281,補綴不荒,1
22282,綴不荒田,1
22283,不荒田一,1
22284,荒田一片,1
22285,田一片石,1
22286,一片石文,1
22287,片石文字,1
22288,石文字滿,1
22289,文字滿青,1
22290,字滿青苔,1
22291,滿青苔不,1
22292,青苔不是,1
22293,苔不是逢,1
22294,不是逢閑,1
22295,是逢閑客,1
22296,逢閑客何,1
22297,閑客何人,1
22298,客何人肯,1
22299,何人肯讀,1
22300,人肯讀來,1
22301,肯讀來僻,1
22302,讀來僻性,1
22303,來僻性愛,1
22304,僻性愛古,1
22305,性愛古物,1
22306,愛古物終,1
22307,古物終歲,1
22308,物終歲求,1
22309,終歲求不,1
22310,歲求不獲,1
22311,求不獲昨,1
22312,不獲昨朝,1
22313,獲昨朝得,1
22314,昨朝得古,1
22315,朝得古硯,1
22316,得古硯黃,1
22317,古硯黃河,1
22318,硯黃河灘,1
22319,黃河灘之,1
22320,河灘之側,1
22321,灘之側念,1
22322,之側念此,1
22323,側念此黃,1
22324,念此黃河,1
22325,此黃河中,1
22326,黃河中應,1
22327,河中應有,1
22328,中應有昔,1
22329,應有昔人,1
22330,有昔人宅,1
22331,昔人宅宅,1
22332,人宅宅亦,1
22333,宅宅亦作,1
22334,宅亦作流,1
22335,亦作流水,1
22336,作流水斯,1
22337,流水斯硯,1
22338,水斯硯未,1
22339,斯硯未變,1
22340,硯未變易,1
22341,未變易波,1
22342,變易波瀾,1
22343,易波瀾所,1
22344,波瀾所激,1
22345,瀾所激觸,1
22346,所激觸背,1
22347,激觸背面,1
22348,觸背面生,1
22349,背面生罅,1
22350,面生罅隙,1
22351,生罅隙質,1
22352,罅隙質狀,1
22353,隙質狀樸,1
22354,質狀樸且,1
22355,狀樸且醜,1
22356,樸且醜今,1
22357,且醜今人,1
22358,醜今人作,1
22359,今人作不,1
22360,人作不得,1
22361,作不得捧,1
22362,不得捧持,1
22363,得捧持且,1
22364,捧持且驚,1
22365,持且驚歎,1
22366,且驚歎不,1
22367,驚歎不敢,1
22368,歎不敢施,1
22369,不敢施筆,1
22370,敢施筆墨,1
22371,施筆墨或,1
22372,筆墨或恐,1
22373,墨或恐先,1
22374,或恐先聖,1
22375,恐先聖人,1
22376,先聖人嘗,1
22377,聖人嘗用,1
22378,人嘗用修,1
22379,嘗用修六,1
22380,用修六籍,1
22381,修六籍置,1
22382,六籍置之,1
22383,籍置之潔,1
22384,置之潔淨,1
22385,之潔淨室,1
22386,潔淨室一,1
22387,淨室一日,1
22388,室一日三,1
22389,一日三磨,1
22390,日三磨拭,1
22391,三磨拭大,1
22392,磨拭大喜,1
22393,拭大喜豪,1
22394,大喜豪貴,1
22395,喜豪貴嫌,1
22396,豪貴嫌久,1
22397,貴嫌久長,1
22398,嫌久長得,1
22399,久長得保,1
22400,長得保惜,1
22401,得保惜湖,1
22402,保惜湖南,1
22403,惜湖南譙,1
22404,湖南譙國,1
22405,南譙國盡,1
22406,譙國盡英,1
22407,國盡英髦,1
22408,盡英髦心,1
22409,英髦心事,1
22410,髦心事相,1
22411,心事相期,1
22412,事相期節,1
22413,相期節義,1
22414,期節義高,1
22415,節義高解,1
22416,義高解下,1
22417,高解下佩,1
22418,解下佩刀,1
22419,下佩刀無,1
22420,佩刀無所,1
22421,刀無所惜,1
22422,無所惜新,1
22423,所惜新聞,1
22424,惜新聞天,1
22425,新聞天子,1
22426,聞天子付,1
22427,天子付三,1
22428,子付三刀,1
22429,付三刀衰,1
22430,三刀衰病,1
22431,刀衰病近,1
22432,衰病近來,1
22433,病近來行,1
22434,近來行少,1
22435,來行少力,1
22436,行少力光,1
22437,少力光公,1
22438,力光公乞,1
22439,光公乞我,1
22440,公乞我百,1
22441,乞我百齡,1
22442,我百齡藤,1
22443,百齡藤閑,1
22444,齡藤閑來,1
22445,藤閑來杖,1
22446,閑來杖此,1
22447,來杖此向,1
22448,杖此向何,1
22449,此向何處,1
22450,向何處過,1
22451,何處過水,1
22452,處過水緣,1
22453,過水緣山,1
22454,水緣山只,1
22455,緣山只訪,1
22456,山只訪僧,1
22457,只訪僧貴,1
22458,訪僧貴游,1
22459,僧貴游多,1
22460,貴游多愛,1
22461,游多愛向,1
22462,多愛向深,1
22463,愛向深春,1
22464,向深春到,1
22465,深春到處,1
22466,春到處香,1
22467,到處香凝,1
22468,處香凝數,1
22469,香凝數裏,1
22470,凝數裏塵,1
22471,數裏塵紅,1
22472,裏塵紅杏,1
22473,塵紅杏花,1
22474,紅杏花開,1
22475,杏花開連,1
22476,花開連錦,1
22477,開連錦障,1
22478,連錦障綠,1
22479,錦障綠楊,1
22480,障綠楊陰,1
22481,綠楊陰合,1
22482,楊陰合拂,1
22483,陰合拂朱,1
22484,合拂朱輪,1
22485,拂朱輪鳳,1
22486,朱輪鳳凰,1
22487,輪鳳凰尊,1
22488,鳳凰尊畔,1
22489,凰尊畔飛,1
22490,尊畔飛金,1
22491,畔飛金盞,1
22492,飛金盞絲,1
22493,金盞絲竹,1
22494,盞絲竹聲,1
22495,絲竹聲中,1
22496,竹聲中醉,1
22497,聲中醉玉,1
22498,中醉玉人,1
22499,醉玉人日,1
22500,玉人日暮,1
22501,人日暮垂,1
22502,日暮垂鞭,1
22503,暮垂鞭共,1
22504,垂鞭共歸,1
22505,鞭共歸去,1
22506,共歸去西,1
22507,歸去西園,1
22508,去西園賓,1
22509,西園賓客,1
22510,園賓客附,1
22511,賓客附龍,1
22512,客附龍鱗,1
22513,附龍鱗將,1
22514,龍鱗將軍,1
22515,鱗將軍作,1
22516,將軍作鎮,1
22517,軍作鎮古,1
22518,作鎮古汧,1
22519,鎮古汧洲,1
22520,古汧洲水,1
22521,汧洲水膩,1
22522,洲水膩山,1
22523,水膩山春,1
22524,膩山春節,1
22525,山春節氣,1
22526,春節氣柔,1
22527,節氣柔清,1
22528,氣柔清夜,1
22529,柔清夜滿,1
22530,清夜滿城,1
22531,夜滿城絲,1
22532,滿城絲管,1
22533,城絲管散,1
22534,絲管散行,1
22535,管散行人,1
22536,散行人不,1
22537,行人不信,1
22538,人不信是,1
22539,不信是邊,1
22540,信是邊頭,1
22541,是邊頭箭,1
22542,邊頭箭利,1
22543,頭箭利弓,1
22544,箭利弓調,1
22545,利弓調四,1
22546,弓調四鎮,1
22547,調四鎮兵,1
22548,四鎮兵蕃,1
22549,鎮兵蕃人,1
22550,兵蕃人不,1
22551,蕃人不敢,1
22552,人不敢近,1
22553,不敢近東,1
22554,敢近東行,1
22555,近東行沿,1
22556,東行沿邊,1
22557,行沿邊千,1
22558,沿邊千里,1
22559,邊千里渾,1
22560,千里渾無,1
22561,里渾無事,1
22562,渾無事唯,1
22563,無事唯見,1
22564,事唯見平,1
22565,唯見平安,1
22566,見平安火,1
22567,平安火入,1
22568,安火入城,1
22569,火入城聖,1
22570,入城聖朝,1
22571,城聖朝能,1
22572,聖朝能用,1
22573,朝能用將,1
22574,能用將破,1
22575,用將破敵,1
22576,將破敵速,1
22577,破敵速如,1
22578,敵速如神,1
22579,速如神掉,1
22580,如神掉劍,1
22581,神掉劍龍,1
22582,掉劍龍纏,1
22583,劍龍纏臂,1
22584,龍纏臂開,1
22585,纏臂開旗,1
22586,臂開旗火,1
22587,開旗火滿,1
22588,旗火滿身,1
22589,火滿身積,1
22590,滿身積屍,1
22591,身積屍川,1
22592,積屍川沒,1
22593,屍川沒岸,1
22594,川沒岸流,1
22595,沒岸流血,1
22596,岸流血野,1
22597,流血野無,1
22598,血野無塵,1
22599,野無塵今,1
22600,無塵今日,1
22601,塵今日當,1
22602,今日當場,1
22603,日當場舞,1
22604,當場舞應,1
22605,場舞應知,1
22606,舞應知是,1
22607,應知是戰,1
22608,知是戰人,1
22609,是戰人晝,1
22610,戰人晝渡,1
22611,人晝渡黃,1
22612,晝渡黃河,1
22613,渡黃河水,1
22614,黃河水將,1
22615,河水將軍,1
22616,水將軍險,1
22617,將軍險用,1
22618,軍險用師,1
22619,險用師雪,1
22620,用師雪光,1
22621,師雪光偏,1
22622,雪光偏著,1
22623,光偏著甲,1
22624,偏著甲風,1
22625,著甲風力,1
22626,甲風力不,1
22627,風力不禁,1
22628,力不禁旗,1
22629,不禁旗陣,1
22630,禁旗陣變,1
22631,旗陣變龍,1
22632,陣變龍蛇,1
22633,變龍蛇活,1
22634,龍蛇活軍,1
22635,蛇活軍雄,1
22636,活軍雄鼓,1
22637,軍雄鼓角,1
22638,雄鼓角知,1
22639,鼓角知今,1
22640,角知今朝,1
22641,知今朝重,1
22642,今朝重起,1
22643,朝重起舞,1
22644,重起舞記,1
22645,起舞記得,1
22646,舞記得戰,1
22647,記得戰酣,1
22648,得戰酣時,1
22649,戰酣時破,1
22650,酣時破虜,1
22651,時破虜行,1
22652,破虜行千,1
22653,虜行千里,1
22654,行千里三,1
22655,千里三軍,1
22656,里三軍意,1
22657,三軍意氣,1
22658,軍意氣粗,1
22659,意氣粗展,1
22660,氣粗展旗,1
22661,粗展旗遮,1
22662,展旗遮日,1
22663,旗遮日黑,1
22664,遮日黑驅,1
22665,日黑驅馬,1
22666,黑驅馬飲,1
22667,驅馬飲河,1
22668,馬飲河枯,1
22669,飲河枯鄰,1
22670,河枯鄰境,1
22671,枯鄰境求,1
22672,鄰境求兵,1
22673,境求兵略,1
22674,求兵略皇,1
22675,兵略皇恩,1
22676,略皇恩索,1
22677,皇恩索陣,1
22678,恩索陣圖,1
22679,索陣圖元,1
22680,陣圖元和,1
22681,圖元和太,1
22682,元和太平,1
22683,和太平樂,1
22684,太平樂自,1
22685,平樂自古,1
22686,樂自古恐,1
22687,自古恐應,1
22688,古恐應無,1
22689,恐應無每,1
22690,應無每日,1
22691,無每日尋,1
22692,每日尋兵,1
22693,日尋兵籍,1
22694,尋兵籍經,1
22695,兵籍經年,1
22696,籍經年別,1
22697,經年別酒,1
22698,年別酒徒,1
22699,別酒徒眼,1
22700,酒徒眼疼,1
22701,徒眼疼長,1
22702,眼疼長不,1
22703,疼長不校,1
22704,長不校肺,1
22705,不校肺病,1
22706,校肺病且,1
22707,肺病且還,1
22708,病且還無,1
22709,且還無僮,1
22710,還無僮僕,1
22711,無僮僕驚,1
22712,僮僕驚衣,1
22713,僕驚衣窄,1
22714,驚衣窄親,1
22715,衣窄親情,1
22716,窄親情覺,1
22717,親情覺語,1
22718,情覺語粗,1
22719,覺語粗幾,1
22720,語粗幾時,1
22721,粗幾時得,1
22722,幾時得歸,1
22723,時得歸去,1
22724,得歸去依,1
22725,歸去依舊,1
22726,去依舊作,1
22727,依舊作山,1
22728,舊作山夫,1
22729,作山夫朝,1
22730,山夫朝朝,1
22731,夫朝朝十,1
22732,朝朝十指,1
22733,朝十指痛,1
22734,十指痛唯,1
22735,指痛唯署,1
22736,痛唯署點,1
22737,唯署點兵,1
22738,署點兵符,1
22739,點兵符貧,1
22740,兵符貧賤,1
22741,符貧賤依,1
22742,貧賤依前,1
22743,賤依前在,1
22744,依前在顛,1
22745,前在顛狂,1
22746,在顛狂一,1
22747,顛狂一半,1
22748,狂一半無,1
22749,一半無身,1
22750,半無身慚,1
22751,無身慚山,1
22752,身慚山友,1
22753,慚山友棄,1
22754,山友棄膽,1
22755,友棄膽賴,1
22756,棄膽賴酒,1
22757,膽賴酒杯,1
22758,賴酒杯扶,1
22759,酒杯扶誰,1
22760,杯扶誰道,1
22761,扶誰道從,1
22762,誰道從軍,1
22763,道從軍樂,1
22764,從軍樂年,1
22765,軍樂年來,1
22766,樂年來鑷,1
22767,年來鑷白,1
22768,來鑷白須,1
22769,鑷白須從,1
22770,白須從諫,1
22771,須從諫停,1
22772,從諫停東,1
22773,諫停東幸,1
22774,停東幸垂,1
22775,東幸垂衣,1
22776,幸垂衣寶,1
22777,垂衣寶曆,1
22778,衣寶曆昌,1
22779,寶曆昌漢,1
22780,曆昌漢昭,1
22781,昌漢昭登,1
22782,漢昭登位,1
22783,昭登位少,1
22784,登位少周,1
22785,位少周代,1
22786,少周代蔔,1
22787,周代蔔年,1
22788,代蔔年長,1
22789,蔔年長彩,1
22790,年長彩仗,1
22791,長彩仗三,1
22792,彩仗三清,1
22793,仗三清路,1
22794,三清路麻,1
22795,清路麻衣,1
22796,路麻衣萬,1
22797,麻衣萬國,1
22798,衣萬國喪,1
22799,萬國喪玄,1
22800,國喪玄宮,1
22801,喪玄宮今,1
22802,玄宮今一,1
22803,宮今一閉,1
22804,今一閉終,1
22805,一閉終古,1
22806,閉終古柏,1
22807,終古柏蒼,1
22808,古柏蒼蒼,1
22809,柏蒼蒼晚,1
22810,蒼蒼晚色,1
22811,蒼晚色啟,1
22812,晚色啟重,1
22813,色啟重扉,1
22814,啟重扉旌,1
22815,重扉旌旗,1
22816,扉旌旗路,1
22817,旌旗路漸,1
22818,旗路漸移,1
22819,路漸移荊,1
22820,漸移荊山,1
22821,移荊山鼎,1
22822,荊山鼎成,1
22823,山鼎成日,1
22824,鼎成日湘,1
22825,成日湘浦,1
22826,日湘浦竹,1
22827,湘浦竹斑,1
22828,浦竹斑時,1
22829,竹斑時臣,1
22830,斑時臣子,1
22831,時臣子終,1
22832,臣子終身,1
22833,子終身感,1
22834,終身感山,1
22835,身感山園,1
22836,感山園七,1
22837,山園七月,1
22838,園七月期,1
22839,七月期金,1
22840,月期金莖,1
22841,期金莖看,1
22842,金莖看尚,1
22843,莖看尚在,1
22844,看尚在承,1
22845,尚在承露,1
22846,在承露複,1
22847,承露複何,1
22848,露複何為,1
22849,複何為紫,1
22850,何為紫陌,1
22851,為紫陌起,1
22852,紫陌起仙,1
22853,陌起仙飆,1
22854,起仙飆川,1
22855,仙飆川原,1
22856,飆川原共,1
22857,川原共寂,1
22858,原共寂寥,1
22859,共寂寥靈,1
22860,寂寥靈輴,1
22861,寥靈輴萬,1
22862,靈輴萬國,1
22863,輴萬國護,1
22864,萬國護儀,1
22865,國護儀殿,1
22866,護儀殿百,1
22867,儀殿百神,1
22868,殿百神朝,1
22869,百神朝漏,1
22870,神朝漏滴,1
22871,朝漏滴秋,1
22872,漏滴秋風,1
22873,滴秋風路,1
22874,秋風路笳,1
22875,風路笳吟,1
22876,路笳吟灞,1
22877,笳吟灞水,1
22878,吟灞水橋,1
22879,灞水橋微,1
22880,水橋微臣,1
22881,橋微臣空,1
22882,微臣空感,1
22883,臣空感咽,1
22884,空感咽踴,1
22885,感咽踴絕,1
22886,咽踴絕覺,1
22887,踴絕覺天,1
22888,絕覺天遙,1
22889,覺天遙垂,1
22890,天遙垂拱,1
22891,遙垂拱開,1
22892,垂拱開成,1
22893,拱開成化,1
22894,開成化愔,1
22895,成化愔愔,1
22896,化愔愔雅,1
22897,愔愔雅樂,1
22898,愔雅樂全,1
22899,雅樂全千,1
22900,樂全千官,1
22901,全千官方,1
22902,千官方就,1
22903,官方就日,1
22904,方就日四,1
22905,就日四海,1
22906,日四海忽,1
22907,四海忽無,1
22908,海忽無天,1
22909,忽無天堯,1
22910,無天堯舜,1
22911,天堯舜非,1
22912,堯舜非傳,1
22913,舜非傳子,1
22914,非傳子殷,1
22915,傳子殷周,1
22916,子殷周但,1
22917,殷周但蔔,1
22918,周但蔔年,1
22919,但蔔年聖,1
22920,蔔年聖功,1
22921,年聖功青,1
22922,聖功青史,1
22923,功青史外,1
22924,青史外刊,1
22925,史外刊石,1
22926,外刊石在,1
22927,刊石在陵,1
22928,石在陵前,1
22929,在陵前代,1
22930,陵前代以,1
22931,前代以無,1
22932,代以無為,1
22933,以無為理,1
22934,無為理車,1
22935,為理車書,1
22936,理車書萬,1
22937,車書萬國,1
22938,書萬國同,1
22939,萬國同繼,1
22940,國同繼兄,1
22941,同繼兄還,1
22942,繼兄還付,1
22943,兄還付弟,1
22944,還付弟授,1
22945,付弟授聖,1
22946,弟授聖悉,1
22947,授聖悉推,1
22948,聖悉推公,1
22949,悉推公雲,1
22950,推公雲霧,1
22951,公雲霧疑,1
22952,雲霧疑無,1
22953,霧疑無日,1
22954,疑無日笳,1
22955,無日笳簫,1
22956,日笳簫別,1
22957,笳簫別起,1
22958,簫別起風,1
22959,別起風金,1
22960,起風金莖,1
22961,風金莖難,1
22962,金莖難複,1
22963,莖難複見,1
22964,難複見寒,1
22965,複見寒露,1
22966,見寒露落,1
22967,寒露落空,1
22968,露落空中,1
22969,落空中龍,1
22970,空中龍歸,1
22971,中龍歸攀,1
22972,龍歸攀不,1
22973,歸攀不得,1
22974,攀不得髯,1
22975,不得髯在,1
22976,得髯在侍,1
22977,髯在侍臣,1
22978,在侍臣邊,1
22979,侍臣邊徹,1
22980,臣邊徹奠,1
22981,邊徹奠新,1
22982,徹奠新阡,1
22983,奠新阡起,1
22984,新阡起登,1
22985,阡起登山,1
22986,起登山吉,1
22987,登山吉從,1
22988,山吉從全,1
22989,吉從全關,1
22990,從全關河,1
22991,全關河佳,1
22992,關河佳氣,1
22993,河佳氣散,1
22994,佳氣散夷,1
22995,氣散夷夏,1
22996,散夷夏哭,1
22997,夷夏哭聲,1
22998,夏哭聲連,1
22999,哭聲連寂,1
23000,聲連寂寞,1
23001,連寂寞玄,1
23002,寂寞玄宮,1
23003,寞玄宮閉,1
23004,玄宮閉朝,1
23005,宮閉朝昏,1
23006,閉朝昏千,1
23007,朝昏千萬,1
23008,昏千萬年,1
23009,千萬年曉,1
23010,萬年曉漏,1
23011,年曉漏啟,1
23012,曉漏啟嚴,1
23013,漏啟嚴城,1
23014,啟嚴城宮,1
23015,嚴城宮臣,1
23016,城宮臣縞,1
23017,宮臣縞素,1
23018,臣縞素行,1
23019,縞素行靈,1
23020,素行靈儀,1
23021,行靈儀先,1
23022,靈儀先鹵,1
23023,儀先鹵簿,1
23024,先鹵簿新,1
23025,鹵簿新諡,1
23026,簿新諡在,1
23027,新諡在銘,1
23028,諡在銘旌,1
23029,在銘旌雲,1
23030,銘旌雲晦,1
23031,旌雲晦郊,1
23032,雲晦郊原,1
23033,晦郊原色,1
23034,郊原色風,1
23035,原色風連,1
23036,色風連霰,1
23037,風連霰雪,1
23038,連霰雪聲,1
23039,霰雪聲淒,1
23040,雪聲淒涼,1
23041,聲淒涼望,1
23042,淒涼望苑,1
23043,涼望苑路,1
23044,望苑路春,1
23045,苑路春草,1
23046,路春草即,1
23047,春草即應,1
23048,草即應生,1
23049,即應生寒,1
23050,應生寒日,1
23051,生寒日青,1
23052,寒日青宮,1
23053,日青宮閉,1
23054,青宮閉玄,1
23055,宮閉玄堂,1
23056,閉玄堂渭,1
23057,玄堂渭水,1
23058,堂渭水濱,1
23059,渭水濱華,1
23060,水濱華夷,1
23061,濱華夷箋,1
23062,華夷箋乍,1
23063,夷箋乍絕,1
23064,箋乍絕凶,1
23065,乍絕凶吉,1
23066,絕凶吉禮,1
23067,凶吉禮空,1
23068,吉禮空新,1
23069,禮空新薤,1
23070,空新薤露,1
23071,新薤露歌,1
23072,薤露歌連,1
23073,露歌連哭,1
23074,歌連哭泉,1
23075,連哭泉扉,1
23076,哭泉扉夜,1
23077,泉扉夜作,1
23078,扉夜作晨,1
23079,夜作晨吹,1
23080,作晨吹笙,1
23081,晨吹笙今,1
23082,吹笙今一,1
23083,笙今一去,1
23084,今一去千,1
23085,一去千古,1
23086,去千古在,1
23087,千古在逡,1
23088,古在逡巡,1
23089,在逡巡服,1
23090,逡巡服儒,1
23091,巡服儒師,1
23092,服儒師道,1
23093,儒師道旨,1
23094,師道旨糲,1
23095,道旨糲食,1
23096,旨糲食臥,1
23097,糲食臥中,1
23098,食臥中林,1
23099,臥中林誰,1
23100,中林誰識,1
23101,林誰識先,1
23102,誰識先生,1
23103,識先生事,1
23104,先生事無,1
23105,生事無身,1
23106,事無身是,1
23107,無身是本,1
23108,身是本心,1
23109,是本心空,1
23110,本心空山,1
23111,心空山流,1
23112,空山流水,1
23113,山流水遠,1
23114,流水遠故,1
23115,水遠故國,1
23116,遠故國白,1
23117,故國白雲,1
23118,國白雲深,1
23119,白雲深日,1
23120,雲深日夕,1
23121,深日夕誰,1
23122,日夕誰來,1
23123,夕誰來哭,1
23124,誰來哭唯,1
23125,來哭唯應,1
23126,哭唯應猿,1
23127,唯應猿鳥,1
23128,應猿鳥吟,1
23129,猿鳥吟修,1
23130,鳥吟修短,1
23131,吟修短皆,1
23132,修短皆由,1
23133,短皆由命,1
23134,皆由命暗,1
23135,由命暗懷,1
23136,命暗懷師,1
23137,暗懷師出,1
23138,懷師出塵,1
23139,師出塵豈,1
23140,出塵豈知,1
23141,塵豈知修,1
23142,豈知修道,1
23143,知修道者,1
23144,修道者難,1
23145,道者難免,1
23146,者難免不,1
23147,難免不亡,1
23148,免不亡身,1
23149,不亡身永,1
23150,亡身永秘,1
23151,身永秘黃,1
23152,永秘黃庭,1
23153,秘黃庭訣,1
23154,黃庭訣高,1
23155,庭訣高懸,1
23156,訣高懸漉,1
23157,高懸漉酒,1
23158,懸漉酒巾,1
23159,漉酒巾可,1
23160,酒巾可憐,1
23161,巾可憐白,1
23162,可憐白犬,1
23163,憐白犬子,1
23164,白犬子閑,1
23165,犬子閑吠,1
23166,子閑吠遠,1
23167,閑吠遠行,1
23168,吠遠行人,1
23169,遠行人白,1
23170,行人白日,1
23171,人白日西,1
23172,白日西邊,1
23173,日西邊沒,1
23174,西邊沒滄,1
23175,邊沒滄波,1
23176,沒滄波東,1
23177,滄波東去,1
23178,波東去流,1
23179,東去流名,1
23180,去流名雖,1
23181,流名雖千,1
23182,名雖千古,1
23183,雖千古在,1
23184,千古在身,1
23185,古在身已,1
23186,在身已一,1
23187,身已一生,1
23188,已一生休,1
23189,一生休豈,1
23190,生休豈料,1
23191,休豈料文,1
23192,豈料文章,1
23193,料文章遠,1
23194,文章遠那,1
23195,章遠那知,1
23196,遠那知瑞,1
23197,那知瑞草,1
23198,知瑞草秋,1
23199,瑞草秋曾,1
23200,草秋曾聞,1
23201,秋曾聞有,1
23202,曾聞有書,1
23203,聞有書劍,1
23204,有書劍應,1
23205,書劍應是,1
23206,劍應是別,1
23207,應是別人,1
23208,是別人收,1
23209,別人收杳,1
23210,人收杳杳,1
23211,收杳杳黃,1
23212,杳杳黃泉,1
23213,杳黃泉下,1
23214,黃泉下嗟,1
23215,泉下嗟君,1
23216,下嗟君向,1
23217,嗟君向此,1
23218,君向此行,1
23219,向此行有,1
23220,此行有名,1
23221,行有名傳,1
23222,有名傳後,1
23223,名傳後世,1
23224,傳後世無,1
23225,後世無子,1
23226,世無子過,1
23227,無子過今,1
23228,子過今生,1
23229,過今生新,1
23230,今生新墓,1
23231,生新墓松,1
23232,新墓松三,1
23233,墓松三尺,1
23234,松三尺空,1
23235,三尺空階,1
23236,尺空階月,1
23237,空階月二,1
23238,階月二更,1
23239,月二更從,1
23240,二更從今,1
23241,更從今舊,1
23242,從今舊詩,1
23243,今舊詩卷,1
23244,舊詩卷人,1
23245,詩卷人覓,1
23246,卷人覓寫,1
23247,人覓寫應,1
23248,覓寫應爭,1
23249,寫應爭真,1
23250,應爭真珠,1
23251,爭真珠為,1
23252,真珠為土,1
23253,珠為土玉,1
23254,為土玉為,1
23255,土玉為塵,1
23256,玉為塵未,1
23257,為塵未識,1
23258,塵未識遙,1
23259,未識遙聞,1
23260,識遙聞鼻,1
23261,遙聞鼻亦,1
23262,聞鼻亦辛,1
23263,鼻亦辛天,1
23264,亦辛天上,1
23265,辛天上還,1
23266,天上還應,1
23267,上還應收,1
23268,還應收至,1
23269,應收至寶,1
23270,收至寶世,1
23271,至寶世間,1
23272,寶世間難,1
23273,世間難得,1
23274,間難得是,1
23275,難得是佳,1
23276,得是佳人,1
23277,是佳人朱,1
23278,佳人朱絲,1
23279,人朱絲自,1
23280,朱絲自斷,1
23281,絲自斷虛,1
23282,自斷虛銀,1
23283,斷虛銀燭,1
23284,虛銀燭紅,1
23285,銀燭紅粉,1
23286,燭紅粉潛,1
23287,紅粉潛銷,1
23288,粉潛銷冷,1
23289,潛銷冷繡,1
23290,銷冷繡裀,1
23291,冷繡裀見,1
23292,繡裀見說,1
23293,裀見說忘,1
23294,見說忘情,1
23295,說忘情唯,1
23296,忘情唯有,1
23297,情唯有酒,1
23298,唯有酒夕,1
23299,有酒夕陽,1
23300,酒夕陽對,1
23301,夕陽對酒,1
23302,陽對酒更,1
23303,對酒更傷,1
23304,酒更傷神,1
23305,更傷神新,1
23306,傷神新詩,1
23307,神新詩十,1
23308,新詩十九,1
23309,詩十九首,1
23310,十九首麗,1
23311,九首麗格,1
23312,首麗格出,1
23313,麗格出青,1
23314,格出青冥,1
23315,出青冥得,1
23316,青冥得處,1
23317,冥得處神,1
23318,得處神應,1
23319,處神應駭,1
23320,神應駭成,1
23321,應駭成時,1
23322,駭成時力,1
23323,成時力盡,1
23324,時力盡停,1
23325,力盡停正,1
23326,盡停正愁,1
23327,停正愁聞,1
23328,正愁聞更,1
23329,愁聞更喜,1
23330,聞更喜沈,1
23331,更喜沈醉,1
23332,喜沈醉見,1
23333,沈醉見還,1
23334,醉見還醒,1
23335,見還醒自,1
23336,還醒自是,1
23337,醒自是天,1
23338,自是天才,1
23339,是天才健,1
23340,天才健非,1
23341,才健非關,1
23342,健非關筆,1
23343,非關筆硯,1
23344,關筆硯靈,1
23345,筆硯靈新,1
23346,硯靈新詩,1
23347,靈新詩盈,1
23348,新詩盈道,1
23349,詩盈道路,1
23350,盈道路清,1
23351,道路清韻,1
23352,路清韻似,1
23353,清韻似敲,1
23354,韻似敲金,1
23355,似敲金調,1
23356,敲金調格,1
23357,金調格江,1
23358,調格江山,1
23359,格江山峻,1
23360,江山峻功,1
23361,山峻功夫,1
23362,峻功夫日,1
23363,功夫日月,1
23364,夫日月深,1
23365,日月深蜀,1
23366,月深蜀箋,1
23367,深蜀箋方,1
23368,蜀箋方入,1
23369,箋方入寫,1
23370,方入寫越,1
23371,入寫越客,1
23372,寫越客始,1
23373,越客始消,1
23374,客始消吟,1
23375,始消吟後,1
23376,消吟後輩,1
23377,吟後輩難,1
23378,後輩難知,1
23379,輩難知處,1
23380,難知處朝,1
23381,知處朝朝,1
23382,處朝朝枉,1
23383,朝朝枉用,1
23384,朝枉用心,1
23385,枉用心欲,1
23386,用心欲識,1
23387,心欲識為,1
23388,欲識為詩,1
23389,識為詩苦,1
23390,為詩苦秋,1
23391,詩苦秋霜,1
23392,苦秋霜若,1
23393,秋霜若在,1
23394,霜若在心,1
23395,若在心神,1
23396,在心神清,1
23397,心神清方,1
23398,神清方耿,1
23399,清方耿耿,1
23400,方耿耿氣,1
23401,耿耿氣肅,1
23402,耿氣肅覺,1
23403,氣肅覺沉,1
23404,肅覺沉沉,1
23405,覺沉沉皓,1
23406,沉沉皓素,1
23407,沉皓素中,1
23408,皓素中方,1
23409,素中方委,1
23410,中方委嚴,1
23411,方委嚴凝,1
23412,委嚴凝得,1
23413,嚴凝得更,1
23414,凝得更深,1
23415,得更深依,1
23416,更深依稀,1
23417,深依稀輕,1
23418,依稀輕夕,1
23419,稀輕夕渚,1
23420,輕夕渚仿,1
23421,夕渚仿佛,1
23422,渚仿佛在,1
23423,仿佛在寒,1
23424,佛在寒林,1
23425,在寒林思,1
23426,寒林思勁,1
23427,林思勁淒,1
23428,思勁淒孤,1
23429,勁淒孤韻,1
23430,淒孤韻聲,1
23431,孤韻聲酸,1
23432,韻聲酸激,1
23433,聲酸激冷,1
23434,酸激冷吟,1
23435,激冷吟還,1
23436,冷吟還如,1
23437,吟還如飲,1
23438,還如飲冰,1
23439,如飲冰士,1
23440,飲冰士勵,1
23441,冰士勵節,1
23442,士勵節望,1
23443,勵節望知,1
23444,節望知音,1
23445,望知音無,1
23446,知音無生,1
23447,音無生深,1
23448,無生深旨,1
23449,生深旨誠,1
23450,深旨誠難,1
23451,旨誠難解,1
23452,誠難解唯,1
23453,難解唯是,1
23454,解唯是師,1
23455,唯是師言,1
23456,是師言得,1
23457,師言得正,1
23458,言得正真,1
23459,得正真遠,1
23460,正真遠近,1
23461,真遠近持,1
23462,遠近持齋,1
23463,近持齋來,1
23464,持齋來諦,1
23465,齋來諦聽,1
23466,來諦聽酒,1
23467,諦聽酒坊,1
23468,聽酒坊魚,1
23469,酒坊魚市,1
23470,坊魚市盡,1
23471,魚市盡無,1
23472,市盡無人,1
23473,盡無人健,1
23474,無人健夫,1
23475,人健夫結,1
23476,健夫結束,1
23477,夫結束執,1
23478,結束執旌,1
23479,束執旌旗,1
23480,執旌旗曉,1
23481,旌旗曉度,1
23482,旗曉度長,1
23483,曉度長江,1
23484,度長江自,1
23485,長江自合,1
23486,江自合圍,1
23487,自合圍野,1
23488,合圍野外,1
23489,圍野外狐,1
23490,野外狐狸,1
23491,外狐狸搜,1
23492,狐狸搜得,1
23493,狸搜得盡,1
23494,搜得盡天,1
23495,得盡天邊,1
23496,盡天邊鴻,1
23497,天邊鴻雁,1
23498,邊鴻雁射,1
23499,鴻雁射來,1
23500,雁射來稀,1
23501,射來稀蒼,1
23502,來稀蒼鷹,1
23503,稀蒼鷹落,1
23504,蒼鷹落日,1
23505,鷹落日饑,1
23506,落日饑唯,1
23507,日饑唯急,1
23508,饑唯急白,1
23509,唯急白馬,1
23510,急白馬平,1
23511,白馬平川,1
23512,馬平川走,1
23513,平川走似,1
23514,川走似飛,1
23515,走似飛蠟,1
23516,似飛蠟節,1
23517,飛蠟節畋,1
23518,蠟節畋遊,1
23519,節畋遊非,1
23520,畋遊非為,1
23521,遊非為己,1
23522,非為己莫,1
23523,為己莫驚,1
23524,己莫驚刺,1
23525,莫驚刺史,1
23526,驚刺史夜,1
23527,刺史夜深,1
23528,史夜深歸,1
23529,夜深歸生,1
23530,深歸生靈,1
23531,歸生靈蘇,1
23532,生靈蘇息,1
23533,靈蘇息到,1
23534,蘇息到元,1
23535,息到元和,1
23536,到元和上,1
23537,元和上將,1
23538,和上將功,1
23539,上將功成,1
23540,將功成自,1
23541,功成自執,1
23542,成自執戈,1
23543,自執戈煙,1
23544,執戈煙霧,1
23545,戈煙霧掃,1
23546,煙霧掃開,1
23547,霧掃開尊,1
23548,掃開尊北,1
23549,開尊北嶽,1
23550,尊北嶽蛟,1
23551,北嶽蛟龍,1
23552,嶽蛟龍斬,1
23553,蛟龍斬斷,1
23554,龍斬斷淨,1
23555,斬斷淨南,1
23556,斷淨南河,1
23557,淨南河旗,1
23558,南河旗回,1
23559,河旗回海,1
23560,旗回海眼,1
23561,回海眼軍,1
23562,海眼軍容,1
23563,眼軍容壯,1
23564,軍容壯兵,1
23565,容壯兵合,1
23566,壯兵合天,1
23567,兵合天心,1
23568,合天心殺,1
23569,天心殺氣,1
23570,心殺氣多,1
23571,殺氣多從,1
23572,氣多從此,1
23573,多從此四,1
23574,從此四方,1
23575,此四方無,1
23576,四方無一,1
23577,方無一事,1
23578,無一事朝,1
23579,一事朝朝,1
23580,事朝朝雨,1
23581,朝朝雨露,1
23582,朝雨露是,1
23583,雨露是恩,1
23584,露是恩波,1
23585,是恩波枉,1
23586,恩波枉為,1
23587,波枉為鄉,1
23588,枉為鄉里,1
23589,為鄉里舉,1
23590,鄉里舉射,1
23591,里舉射鵠,1
23592,舉射鵠藝,1
23593,射鵠藝渾,1
23594,鵠藝渾疏,1
23595,藝渾疏歸,1
23596,渾疏歸路,1
23597,疏歸路羞,1
23598,歸路羞人,1
23599,路羞人問,1
23600,羞人問春,1
23601,人問春城,1
23602,問春城賃,1
23603,春城賃舍,1
23604,城賃舍居,1
23605,賃舍居閉,1
23606,舍居閉門,1
23607,居閉門辭,1
23608,閉門辭雜,1
23609,門辭雜客,1
23610,辭雜客開,1
23611,雜客開篋,1
23612,客開篋讀,1
23613,開篋讀生,1
23614,篋讀生書,1
23615,讀生書以,1
23616,生書以此,1
23617,書以此投,1
23618,以此投知,1
23619,此投知己,1
23620,投知己還,1
23621,知己還因,1
23622,己還因勝,1
23623,還因勝自,1
23624,因勝自餘,1
23625,勝自餘親,1
23626,自餘親戚,1
23627,餘親戚多,1
23628,親戚多離,1
23629,戚多離散,1
23630,多離散三,1
23631,離散三年,1
23632,散三年獨,1
23633,三年獨在,1
23634,年獨在城,1
23635,獨在城貧,1
23636,在城貧居,1
23637,城貧居深,1
23638,貧居深穩,1
23639,居深穩臥,1
23640,深穩臥晚,1
23641,穩臥晚學,1
23642,臥晚學愛,1
23643,晚學愛閑,1
23644,學愛閑名,1
23645,愛閑名小,1
23646,閑名小弟,1
23647,名小弟有,1
23648,小弟有書,1
23649,弟有書至,1
23650,有書至異,1
23651,書至異鄉,1
23652,至異鄉無,1
23653,異鄉無地,1
23654,鄉無地行,1
23655,無地行悲,1
23656,地行悲歡,1
23657,行悲歡相,1
23658,悲歡相並,1
23659,歡相並起,1
23660,相並起何,1
23661,並起何處,1
23662,起何處說,1
23663,何處說心,1
23664,處說心情,1
23665,說心情三,1
23666,心情三年,1
23667,情三年病,1
23668,三年病不,1
23669,年病不出,1
23670,病不出苔,1
23671,不出苔蘚,1
23672,出苔蘚滿,1
23673,苔蘚滿藤,1
23674,蘚滿藤鞋,1
23675,滿藤鞋倚,1
23676,藤鞋倚壁,1
23677,鞋倚壁看,1
23678,倚壁看經,1
23679,壁看經坐,1
23680,看經坐聞,1
23681,經坐聞鐘,1
23682,坐聞鐘吃,1
23683,聞鐘吃藥,1
23684,鐘吃藥齋,1
23685,吃藥齋茶,1
23686,藥齋茶煙,1
23687,齋茶煙熏,1
23688,茶煙熏殺,1
23689,煙熏殺竹,1
23690,熏殺竹簷,1
23691,殺竹簷雨,1
23692,竹簷雨滴,1
23693,簷雨滴穿,1
23694,雨滴穿階,1
23695,滴穿階無,1
23696,穿階無暇,1
23697,階無暇頻,1
23698,無暇頻相,1
23699,暇頻相訪,1
23700,頻相訪秋,1
23701,相訪秋風,1
23702,訪秋風寂,1
23703,秋風寂寞,1
23704,風寂寞懷,1
23705,寂寞懷一,1
23706,寞懷一辭,1
23707,懷一辭山,1
23708,一辭山舍,1
23709,辭山舍廢,1
23710,山舍廢躬,1
23711,舍廢躬耕,1
23712,廢躬耕無,1
23713,躬耕無事,1
23714,耕無事悠,1
23715,無事悠悠,1
23716,事悠悠住,1
23717,悠悠住帝,1
23718,悠住帝城,1
23719,住帝城為,1
23720,帝城為客,1
23721,城為客衣,1
23722,為客衣裳,1
23723,客衣裳多,1
23724,衣裳多不,1
23725,裳多不穩,1
23726,多不穩和,1
23727,不穩和人,1
23728,穩和人詩,1
23729,和人詩句,1
23730,人詩句固,1
23731,詩句固難,1
23732,句固難精,1
23733,固難精幾,1
23734,難精幾年,1
23735,精幾年秋,1
23736,幾年秋賦,1
23737,年秋賦唯,1
23738,秋賦唯知,1
23739,賦唯知病,1
23740,唯知病昨,1
23741,知病昨日,1
23742,病昨日春,1
23743,昨日春闈,1
23744,日春闈偶,1
23745,春闈偶有,1
23746,闈偶有名,1
23747,偶有名卻,1
23748,有名卻出,1
23749,名卻出關,1
23750,卻出關東,1
23751,出關東悲,1
23752,關東悲複,1
23753,東悲複喜,1
23754,悲複喜歸,1
23755,複喜歸尋,1
23756,喜歸尋弟,1
23757,歸尋弟妹,1
23758,尋弟妹別,1
23759,弟妹別仁,1
23760,妹別仁兄,1
23761,別仁兄明,1
23762,仁兄明明,1
23763,兄明明複,1
23764,明明複夜,1
23765,明複夜夜,1
23766,複夜夜鬍,1
23767,夜夜鬍子,1
23768,夜鬍子即,1
23769,鬍子即成,1
23770,子即成翁,1
23771,即成翁唯,1
23772,成翁唯是,1
23773,翁唯是真,1
23774,唯是真知,1
23775,是真知性,1
23776,真知性不,1
23777,知性不來,1
23778,性不來生,1
23779,不來生滅,1
23780,來生滅中,1
23781,生滅中為,1
23782,滅中為底,1
23783,中為底胡,1
23784,為底胡姬,1
23785,底胡姬酒,1
23786,胡姬酒長,1
23787,姬酒長來,1
23788,酒長來白,1
23789,長來白鼻,1
23790,來白鼻騧,1
23791,白鼻騧摘,1
23792,鼻騧摘蓮,1
23793,騧摘蓮拋,1
23794,摘蓮拋水,1
23795,蓮拋水上,1
23796,拋水上郎,1
23797,水上郎意,1
23798,上郎意在,1
23799,郎意在浮,1
23800,意在浮花,1
23801,在浮花入,1
23802,浮花入門,1
23803,花入門石,1
23804,入門石徑,1
23805,門石徑半,1
23806,石徑半高,1
23807,徑半高低,1
23808,半高低閑,1
23809,高低閑處,1
23810,低閑處無,1
23811,閑處無非,1
23812,處無非是,1
23813,無非是藥,1
23814,非是藥畦,1
23815,是藥畦致,1
23816,藥畦致得,1
23817,畦致得仙,1
23818,致得仙禽,1
23819,得仙禽無,1
23820,仙禽無去,1
23821,禽無去意,1
23822,無去意花,1
23823,去意花間,1
23824,意花間舞,1
23825,花間舞罷,1
23826,間舞罷洞,1
23827,舞罷洞中,1
23828,罷洞中棲,1
23829,洞中棲舊,1
23830,中棲舊客,1
23831,棲舊客常,1
23832,舊客常樂,1
23833,客常樂坊,1
23834,常樂坊井,1
23835,樂坊井泉,1
23836,坊井泉濁,1
23837,井泉濁而,1
23838,泉濁而鹹,1
23839,濁而鹹新,1
23840,而鹹新屋,1
23841,鹹新屋新,1
23842,新屋新昌,1
23843,屋新昌裏,1
23844,新昌裏井,1
23845,昌裏井泉,1
23846,裏井泉清,1
23847,井泉清而,1
23848,泉清而甘,1
23849,清而甘僮,1
23850,而甘僮僕,1
23851,甘僮僕慣,1
23852,僮僕慣苦,1
23853,僕慣苦飲,1
23854,慣苦飲食,1
23855,苦飲食美,1
23856,飲食美翻,1
23857,食美翻憎,1
23858,美翻憎嫌,1
23859,翻憎嫌朝,1
23860,憎嫌朝朝,1
23861,嫌朝朝忍,1
23862,朝朝忍饑,1
23863,朝忍饑行,1
23864,忍饑行戚,1
23865,饑行戚戚,1
23866,行戚戚如,1
23867,戚戚如難,1
23868,戚如難堪,1
23869,如難堪中,1
23870,難堪中下,1
23871,堪中下無,1
23872,中下無正,1
23873,下無正性,1
23874,無正性所,1
23875,正性所習,1
23876,性所習便,1
23877,所習便淫,1
23878,習便淫耽,1
23879,便淫耽一,1
23880,淫耽一染,1
23881,耽一染不,1
23882,一染不可,1
23883,染不可變,1
23884,不可變甚,1
23885,可變甚于,1
23886,變甚于茜,1
23887,甚于茜與,1
23888,于茜與藍,1
23889,茜與藍近,1
23890,與藍近貧,1
23891,藍近貧日,1
23892,近貧日益,1
23893,貧日益廉,1
23894,日益廉近,1
23895,益廉近富,1
23896,廉近富日,1
23897,近富日益,1
23898,富日益貪,1
23899,日益貪以,1
23900,益貪以此,1
23901,貪以此當,1
23902,以此當自,1
23903,此當自警,1
23904,當自警慎,1
23905,自警慎勿,1
23906,警慎勿信,1
23907,慎勿信邪,1
23908,勿信邪讒,1
23909,信邪讒磧,1
23910,邪讒磧露,1
23911,讒磧露黃,1
23912,磧露黃雲,1
23913,露黃雲下,1
23914,黃雲下凝,1
23915,雲下凝寒,1
23916,下凝寒鼓,1
23917,凝寒鼓不,1
23918,寒鼓不鳴,1
23919,鼓不鳴戰,1
23920,不鳴戰須,1
23921,鳴戰須移,1
23922,戰須移死,1
23923,須移死地,1
23924,移死地軍,1
23925,死地軍諱,1
23926,地軍諱殺,1
23927,軍諱殺降,1
23928,諱殺降兵,1
23929,殺降兵印,1
23930,降兵印馬,1
23931,兵印馬秋,1
23932,印馬秋遮,1
23933,馬秋遮虜,1
23934,秋遮虜蒸,1
23935,遮虜蒸沙,1
23936,虜蒸沙夜,1
23937,蒸沙夜築,1
23938,沙夜築城,1
23939,夜築城舊,1
23940,築城舊鄉,1
23941,城舊鄉歸,1
23942,舊鄉歸不,1
23943,鄉歸不得,1
23944,歸不得都,1
23945,不得都尉,1
23946,得都尉負,1
23947,都尉負功,1
23948,尉負功名,1
23949,負功名濫,1
23950,功名濫得,1
23951,名濫得進,1
23952,濫得進士,1
23953,得進士名,1
23954,進士名才,1
23955,士名才用,1
23956,名才用苦,1
23957,才用苦不,1
23958,用苦不長,1
23959,苦不長性,1
23960,不長性癖,1
23961,長性癖藝,1
23962,性癖藝亦,1
23963,癖藝亦獨,1
23964,藝亦獨十,1
23965,亦獨十年,1
23966,獨十年作,1
23967,十年作詩,1
23968,年作詩章,1
23969,作詩章六,1
23970,詩章六義,1
23971,章六義雖,1
23972,六義雖粗,1
23973,義雖粗成,1
23974,雖粗成名,1
23975,粗成名字,1
23976,成名字猶,1
23977,名字猶未,1
23978,字猶未揚,1
23979,猶未揚將,1
23980,未揚將軍,1
23981,揚將軍俯,1
23982,將軍俯招,1
23983,軍俯招引,1
23984,俯招引遣,1
23985,招引遣脫,1
23986,引遣脫儒,1
23987,遣脫儒衣,1
23988,脫儒衣裳,1
23989,儒衣裳常,1
23990,衣裳常恐,1
23991,裳常恐虛,1
23992,常恐虛受,1
23993,恐虛受恩,1
23994,虛受恩不,1
23995,受恩不慣,1
23996,恩不慣把,1
23997,不慣把刀,1
23998,慣把刀槍,1
23999,把刀槍又,1
24000,刀槍又無,1
24001,槍又無遠,1
24002,又無遠籌,1
24003,無遠籌略,1
24004,遠籌略坐,1
24005,籌略坐使,1
24006,略坐使虜,1
24007,坐使虜滅,1
24008,使虜滅亡,1
24009,虜滅亡昨,1
24010,滅亡昨來,1
24011,亡昨來發,1
24012,昨來發兵,1
24013,來發兵師,1
24014,發兵師各,1
24015,兵師各各,1
24016,師各各赴,1
24017,各各赴戰,1
24018,各赴戰場,1
24019,赴戰場顧,1
24020,戰場顧我,1
24021,場顧我同,1
24022,顧我同老,1
24023,我同老弱,1
24024,同老弱不,1
24025,老弱不得,1
24026,弱不得隨,1
24027,不得隨戎,1
24028,得隨戎行,1
24029,隨戎行丈,1
24030,戎行丈夫,1
24031,行丈夫生,1
24032,丈夫生世,1
24033,夫生世間,1
24034,生世間職,1
24035,世間職分,1
24036,間職分貴,1
24037,職分貴所,1
24038,分貴所當,1
24039,貴所當從,1
24040,所當從軍,1
24041,當從軍不,1
24042,從軍不出,1
24043,軍不出門,1
24044,不出門豈,1
24045,出門豈異,1
24046,門豈異病,1
24047,豈異病在,1
24048,異病在床,1
24049,病在床誰,1
24050,在床誰不,1
24051,床誰不戀,1
24052,誰不戀其,1
24053,不戀其家,1
24054,戀其家其,1
24055,其家其家,1
24056,家其家無,1
24057,其家無風,1
24058,家無風霜,1
24059,無風霜鷹,1
24060,風霜鷹鶻,1
24061,霜鷹鶻念,1
24062,鷹鶻念搏,1
24063,鶻念搏擊,1
24064,念搏擊豈,1
24065,搏擊豈貴,1
24066,擊豈貴食,1
24067,豈貴食滿,1
24068,貴食滿腸,1
24069,食滿腸江,1
24070,滿腸江頭,1
24071,腸江頭數,1
24072,江頭數頃,1
24073,頭數頃杏,1
24074,數頃杏花,1
24075,頃杏花開,1
24076,杏花開車,1
24077,花開車馬,1
24078,開車馬爭,1
24079,車馬爭先,1
24080,馬爭先盡,1
24081,爭先盡此,1
24082,先盡此來,1
24083,盡此來欲,1
24084,此來欲待,1
24085,來欲待無,1
24086,欲待無人,1
24087,待無人連,1
24088,無人連夜,1
24089,人連夜看,1
24090,連夜看黃,1
24091,夜看黃昏,1
24092,看黃昏樹,1
24093,黃昏樹樹,1
24094,昏樹樹滿,1
24095,樹樹滿塵,1
24096,樹滿塵埃,1
24097,滿塵埃日,1
24098,塵埃日日,1
24099,埃日日門,1
24100,日日門長,1
24101,日門長閉,1
24102,門長閉憐,1
24103,長閉憐家,1
24104,閉憐家亦,1
24105,憐家亦懶,1
24106,家亦懶過,1
24107,亦懶過頭,1
24108,懶過頭風,1
24109,過頭風春,1
24110,頭風春飲,1
24111,風春飲苦,1
24112,春飲苦眼,1
24113,飲苦眼暈,1
24114,苦眼暈夜,1
24115,眼暈夜書,1
24116,暈夜書多,1
24117,夜書多幽,1
24118,書多幽鳥,1
24119,多幽鳥偏,1
24120,幽鳥偏棲,1
24121,鳥偏棲竹,1
24122,偏棲竹凡,1
24123,棲竹凡人,1
24124,竹凡人笑,1
24125,凡人笑種,1
24126,人笑種莎,1
24127,笑種莎近,1
24128,種莎近來,1
24129,莎近來難,1
24130,近來難得,1
24131,來難得酒,1
24132,難得酒無,1
24133,得酒無計,1
24134,酒無計奈,1
24135,無計奈愁,1
24136,計奈愁何,1
24137,奈愁何天,1
24138,愁何天遙,1
24139,何天遙來,1
24140,天遙來雁,1
24141,遙來雁小,1
24142,來雁小江,1
24143,雁小江闊,1
24144,小江闊去,1
24145,江闊去帆,1
24146,闊去帆孤,1
24147,去帆孤南,1
24148,帆孤南陌,1
24149,孤南陌遊,1
24150,南陌遊人,1
24151,陌遊人回,1
24152,遊人回首,1
24153,人回首去,1
24154,回首去東,1
24155,首去東林,1
24156,去東林道,1
24157,東林道者,1
24158,林道者杖,1
24159,道者杖藜,1
24160,者杖藜歸,1
24161,杖藜歸萄,1
24162,藜歸萄藤,1
24163,歸萄藤洞,1
24164,萄藤洞庭,1
24165,藤洞庭頭,1
24166,洞庭頭引,1
24167,庭頭引葉,1
24168,頭引葉漾,1
24169,引葉漾盈,1
24170,葉漾盈搖,1
24171,漾盈搖皎,1
24172,盈搖皎潔,1
24173,搖皎潔鉤,1
24174,皎潔鉤高,1
24175,潔鉤高掛,1
24176,鉤高掛玲,1
24177,高掛玲瓏,1
24178,掛玲瓏影,1
24179,玲瓏影落,1
24180,瓏影落寮,1
24181,影落寮陰,1
24182,落寮陰煙,1
24183,寮陰煙壓,1
24184,陰煙壓幽,1
24185,煙壓幽屋,1
24186,壓幽屋蒙,1
24187,幽屋蒙密,1
24188,屋蒙密夢,1
24189,蒙密夢冥,1
24190,密夢冥苗,1
24191,夢冥苗清,1
24192,冥苗清秋,1
24193,苗清秋青,1
24194,清秋青且,1
24195,秋青且翠,1
24196,青且翠冬,1
24197,且翠冬到,1
24198,翠冬到凍,1
24199,冬到凍都,1
24200,到凍都凋,1
24201,凍都凋素,1
24202,都凋素月,1
24203,凋素月閑,1
24204,素月閑秋,1
24205,月閑秋景,1
24206,閑秋景騷,1
24207,秋景騷人,1
24208,景騷人泛,1
24209,騷人泛洞,1
24210,人泛洞庭,1
24211,泛洞庭滄,1
24212,洞庭滄波,1
24213,庭滄波正,1
24214,滄波正澄,1
24215,波正澄霽,1
24216,正澄霽涼,1
24217,澄霽涼葉,1
24218,霽涼葉未,1
24219,涼葉未飄,1
24220,葉未飄零,1
24221,未飄零練,1
24222,飄零練彩,1
24223,零練彩凝,1
24224,練彩凝葭,1
24225,彩凝葭菼,1
24226,凝葭菼霜,1
24227,葭菼霜容,1
24228,菼霜容靜,1
24229,霜容靜杳,1
24230,容靜杳冥,1
24231,靜杳冥曉,1
24232,杳冥曉棲,1
24233,冥曉棲河,1
24234,曉棲河畔,1
24235,棲河畔鶴,1
24236,河畔鶴宵,1
24237,畔鶴宵映,1
24238,鶴宵映渚,1
24239,宵映渚邊,1
24240,映渚邊螢,1
24241,渚邊螢圓,1
24242,邊螢圓彩,1
24243,螢圓彩含,1
24244,圓彩含珠,1
24245,彩含珠魄,1
24246,含珠魄微,1
24247,珠魄微飆,1
24248,魄微飆發,1
24249,微飆發桂,1
24250,飆發桂馨,1
24251,發桂馨誰,1
24252,桂馨誰憐,1
24253,馨誰憐采,1
24254,誰憐采蘋,1
24255,憐采蘋客,1
24256,采蘋客此,1
24257,蘋客此夜,1
24258,客此夜宿,1
24259,此夜宿孤,1
24260,夜宿孤汀,1
