排名,詞彙,出現次數
1,何處,19
2,故人,17
3,日夕,12
4,夕陽,11
5,平生,11
6,從此,10
7,日暮,10
8,不見,9
9,江上,9
10,山水,9
11,白雲,8
12,千里,8
13,歸來,7
14,田園,7
15,何時,7
16,青山,7
17,攜手,6
18,往來,6
19,鄉園,6
20,相思,6
21,萬里,6
22,滄洲,6
23,幽人,6
24,峴山,6
25,垂釣,6
26,聞君,6
27,予亦,6
28,南山,6
29,田家,6
30,主人,6
31,故園,6
32,江山,6
33,鹿門,5
34,重陽,5
35,明月,5
36,鶺鴒,5
37,才子,5
38,長沙,5
39,知音,5
40,茫茫,5
41,書劍,5
42,征帆,5
43,竹林,5
44,百里,5
45,相逢,5
46,赤城,5
47,此去,5
48,何必,5
49,掛席,5
50,舟楫,5
51,雲夢,5
52,今日,5
53,清風,5
54,依然,5
55,洞庭,5
56,登臨,5
57,山公,5
58,弦歌,5
59,行樂,4
60,泛舟,4
61,如昨,4
62,門山,4
63,草木,4
64,登高,4
65,時見,4
66,渡頭,4
67,何當,4
68,載酒,4
69,我來,4
70,因君,4
71,夕望,4
72,不可,4
73,遲爾,4
74,三十,4
75,世人,4
76,開軒,4
77,香氣,4
78,佇立,4
79,日已,4
80,鴻鵠,4
81,山河,4
82,不知,4
83,左右,4
84,門庭,4
85,神仙,4
86,氛氳,4
87,雞鳴,4
88,翠微,4
89,羊公,4
90,神女,4
91,涼風,4
92,明發,4
93,中流,4
94,耆舊,4
95,武陵,4
96,棹歌,4
97,何如,4
98,殷勤,4
99,沿洄,4
100,意在,4
101,不覺,4
102,衣冠,4
103,彭澤,4
104,相催,4
105,年年,4
106,同聲,4
107,豫章,4
108,客中,4
109,非吾,4
110,池上,4
111,向夕,4
112,峴首,4
113,華省,4
114,歲寒,4
115,芰荷,4
116,樓臺,4
117,春草,3
118,草生,3
119,二三,3
120,三月,3
121,珠彈,3
122,游女,3
123,羅襪,3
124,莫同,3
125,為誰,3
126,與君,3
127,山歸,3
128,北窗,3
129,林園,3
130,勞歌,3
131,試登,3
132,天邊,3
133,來共,3
134,不聞,3
135,南楚,3
136,扁舟,3
137,承歡,3
138,問津,3
139,因聲,3
140,我行,3
141,耶溪,3
142,望京,3
143,知己,3
144,朝來,3
145,欲知,3
146,風送,3
147,恨無,3
148,五色,3
149,南飛,3
150,風吹,3
151,與故,3
152,吳會,3
153,蹉跎,3
154,歡娛,3
155,分飛,3
156,誰能,3
157,能不,3
158,裴回,3
159,鶴樓,3
160,雲去,3
161,溜下,3
162,山山,3
163,日入,3
164,杖策,3
165,聞鐘,3
166,此山,3
167,靜者,3
168,階下,3
169,洲趣,3
170,沙岸,3
171,一登,3
172,登眺,3
173,落景,3
174,舟子,3
175,遠公,3
176,乘流,3
177,停午,3
178,石壁,3
179,精舍,3
180,舊遊,3
181,鷁舟,3
182,采樵,3
183,覯止,3
184,物情,3
185,華頂,3
186,伏枕,3
187,令人,3
188,明朝,3
189,臨流,3
190,三徑,3
191,猶未,3
192,自多,3
193,日落,3
194,利涉,3
195,潯陽,3
196,因之,3
197,吊屈,3
198,魏闕,3
199,舟行,3
200,方知,3
201,歸路,3
202,在山,3
203,白髮,3
204,花落,3
205,送別,3
206,妝成,3
207,來窺,3
208,楊柳,3
209,征馬,3
210,桃源,3
211,江中,3
212,逶迤,3
213,莫相,3
214,飛去,3
215,朝朝,3
216,陽臺,3
217,去不,3
218,江村,3
219,月照,3
220,紅粉,3
221,青樓,3
222,群公,3
223,菊花,3
224,洛陽,3
225,拂衣,3
226,林間,3
227,殊未,3
228,欲臥,3
229,水國,3
230,京華,3
231,孤帆,3
232,寒食,3
233,自有,3
234,江路,3
235,始見,3
236,將尋,3
237,郭外,3
238,永懷,3
239,異縣,3
240,未有,3
241,楚材,3
242,池台,3
243,山川,3
244,有贈,3
245,禹穴,3
246,居士,3
247,漢陰,3
248,故鄉,3
249,開筵,3
250,授衣,3
251,雲物,3
252,支遁,3
253,右軍,3
254,物華,3
255,文章,3
256,天寒,3
257,青嶂,3
258,疑是,3
259,茅齋,3
260,落日,3
261,雞黍,3
262,家家,3
263,解酲,3
264,謝公,3
265,鄉思,3
266,梅花,3
267,處處,3
268,情多,3
269,大堤,2
270,堤行,2
271,樂處,2
272,處車,2
273,車馬,2
274,馬相,2
275,相馳,2
276,馳突,2
277,突歲,2
278,歲歲,2
279,歲春,2
280,生踏,2
281,踏青,2
282,青二,2
283,月王,2
284,王孫,2
285,孫挾,2
286,挾珠,2
287,彈游,2
288,女矜,2
289,矜羅,2
290,襪攜,2
291,手今,2
292,今莫,2
293,同江,2
294,江花,2
295,花為,2
296,誰發,2
297,清江,2
298,江水,2
299,水落,2
300,落沙,2
301,回潭,2
302,石下,2
303,歌自,2
304,自逸,2
305,憶與,2
306,舟如,2
307,昨日,2
308,返照,2
309,非一,2
310,南望,2
311,將晚,2
312,久不,2
313,翠羽,2
314,雲山,2
315,夢思,2
316,歌詠,2
317,詠歌,2
318,複何,2
319,何為,2
320,同心,2
321,恨別,2
322,相知,2
323,賈誼,2
324,安仁,2
325,無由,2
326,若有,2
327,北山,2
328,是清,2
329,清秋,2
330,秋發,2
331,邊樹,2
332,陽節,2
333,讀書,2
334,閉門,2
335,垂堂,2
336,江湖,2
337,千峰,2
338,萬壑,2
339,聞猿,2
340,夢魂,2
341,淚沾,2
342,三巴,2
343,望不,2
344,家襄,2
345,王夢,2
346,留滯,2
347,接袂,2
348,沿月,2
349,嘗讀,2
350,征君,2
351,趣自,2
352,棲棲,2
353,上國,2
354,風塵,2
355,明主,2
356,不及,2
357,窗下,2
358,采芝,2
359,今來,2
360,林湍,2
361,香界,2
362,春水,2
363,鏡湖,2
364,滄海,2
365,故國,2
366,天末,2
367,朝端,2
368,時方,2
369,所思,2
370,大江,2
371,京口,2
372,煙波,2
373,我心,2
374,目極,2
375,楓樹,2
376,樹林,2
377,星霜,2
378,夜吟,2
379,詩禮,2
380,趨庭,2
381,頗亦,2
382,命不,2
383,朝不,2
384,不足,2
385,夫子,2
386,感激,2
387,安能,2
388,秦楚,2
389,翻飛,2
390,無生,2
391,常欲,2
392,歸舊,2
393,支公,2
394,煩惱,2
395,山林,2
396,花藥,2
397,朝夕,2
398,夕涼,2
399,竹露,2
400,無知,2
401,懷故,2
402,勞夢,2
403,捲簾,2
404,夜聲,2
405,空佇,2
406,江海,2
407,漁浦,2
408,隨波,2
409,故林,2
410,已遠,2
411,群木,2
412,羽人,2
413,吾觀,2
414,君負,2
415,金張,2
416,十上,2
417,上空,2
418,來棄,2
419,園老,2
420,羽翼,2
421,岐路,2
422,人不,2
423,不相,2
424,相識,2
425,去去,2
426,去日,2
427,日千,2
428,茫天,2
429,天一,2
430,梅福,2
431,鵠志,2
432,余亦,2
433,三江,2
434,送君,2
435,君不,2
436,見日,2
437,迷處,2
438,處所,2
439,嵩汝,2
440,石徑,2
441,越鄉,2
442,飛黃,2
443,黃鶴,2
444,蒼梧,2
445,沿溜,2
446,閒居,2
447,風物,2
448,休沐,2
449,林下,2
450,對酒,2
451,將歸,2
452,歸白,2
453,白社,2
454,山常,2
455,遊清,2
456,傲吏,2
457,似入,2
458,窈窕,2
459,春色,2
460,狹斜,2
461,斜道,2
462,綺席,2
463,翠花,2
464,心迷,2
465,談笑,2
466,無間,2
467,名山,2
468,在空,2
469,空翠,2
470,不寐,2
471,山僧,2
472,林端,2
473,願言,2
474,謂予,2
475,結交,2
476,松柏,2
477,怪石,2
478,人亦,2
479,願承,2
480,喜得,2
481,海行,2
482,風帆,2
483,探討,2
484,息陰,2
485,高步,2
486,紛吾,2
487,遠遊,2
488,三山,2
489,石潭,2
490,槎頭,2
491,美人,2
492,始知,2
493,暝還,2
494,遠山,2
495,緬懷,2
496,城標,2
497,海嶠,2
498,風泉,2
499,音何,2
500,山下,2
501,來往,2
502,再逢,2
503,群壑,2
504,松月,2
505,泉滿,2
506,樵人,2
507,歸欲,2
508,之子,2
509,臨泛,2
510,白首,2
511,不得,2
512,候明,2
513,平湖,2
514,湖中,2
515,空香,2
516,香爐,2
517,上日,2
518,瀑布,2
519,茲懷,2
520,寄言,2
521,棲者,2
522,興來,2
523,莫辨,2
524,淺岩,2
525,岩潭,2
526,龐德,2
527,德公,2
528,采藥,2
529,芝朮,2
530,意未,2
531,西山,2
532,彩翠,2
533,生結,2
534,山精,2
535,形勝,2
536,襄陽,2
537,會稽,2
538,眾山,2
539,登陟,2
540,花處,2
541,還歸,2
542,歸騎,2
543,思舊,2
544,虎溪,2
545,釣坐,2
546,水清,2
547,藤間,2
548,傳聞,2
549,於此,2
550,避驄,2
551,百城,2
552,城樓,2
553,躬耕,2
554,耕者,2
555,草澤,2
556,子平,2
557,俱懷,2
558,鴒心,2
559,琴上,2
560,春餘,2
561,餘草,2
562,忽聞,2
563,桃花,2
564,花源,2
565,藥來,2
566,歸客,2
567,疇昔,2
568,吾道,2
569,偃息,2
570,天臺,2
571,日出,2
572,雲外,2
573,莓苔,2
574,長自,2
575,自然,2
576,室無,2
577,不暫,2
578,自南,2
579,園中,2
580,閑歸,2
581,事雲,2
582,柴扉,2
583,弊廬,2
584,隔塵,2
585,推遷,2
586,丘園,2
587,沖天,2
588,羨鴻,2
589,望斷,2
590,斷金,2
591,金馬,2
592,甘泉,2
593,垂藤,2
594,山風,2
595,蘿衣,2
596,子乘,2
597,五湖,2
598,三湘,2
599,金門,2
600,臥聞,2
601,暗相,2
602,常晏,2
603,照影,2
604,千金,2
605,行五,2
606,在茲,2
607,里沿,2
608,從茲,2
609,既雲,2
610,知歲,2
611,所適,2
612,有待,2
613,乘槎,2
614,在何,2
615,積雪,2
616,半酣,2
617,衫袖,2
618,一杯,2
619,予意,2
620,寄語,2
621,如何,2
622,久離,2
623,離別,2
624,爭攀,2
625,相示,2
626,人心,2
627,愁思,2
628,柳色,2
629,風景,2
630,思歸,2
631,驚秋,2
632,江島,2
633,人何,2
634,時山,2
635,池邊,2
636,日相,2
637,相隨,2
638,芙蓉,2
639,一朝,2
640,意氣,2
641,此地,2
642,此中,2
643,松子,2
644,子家,2
645,愛江,2
646,灘頭,2
647,行雲,2
648,曉氛,2
649,山寺,2
650,人隨,2
651,餘亦,2
652,乘舟,2
653,煙樹,2
654,樹忽,2
655,龐公,2
656,扉松,2
657,惟有,2
658,夜來,2
659,秦城,2
660,舊來,2
661,處青,2
662,可憐,2
663,寂寞,2
664,高深,2
665,無能,2
666,鐘期,2
667,伴玉,2
668,玉人,2
669,洛川,2
670,日南,2
671,南歸,2
672,歸楚,2
673,陽日,2
674,八月,2
675,月湖,2
676,湖水,2
677,夢澤,2
678,陽城,2
679,城欲,2
680,空有,2
681,羨魚,2
682,金徽,2
683,誰知,2
684,去高,2
685,山南,2
686,其如,2
687,智者,2
688,柳林,2
689,來取,2
690,取醉,2
691,九日,2
692,掛帆,2
693,風俗,2
694,興多,2
695,夕波,2
696,經過,2
697,歸臥,2
698,無喧,2
699,忘言,2
700,荊吳,2
701,海潮,2
702,相將,2
703,一丘,2
704,東林,2
705,黃金,2
706,壯志,2
707,相去,2
708,帆天,2
709,同舟,2
710,成周,2
711,浮杯,2
712,上巳,2
713,鬥雞,2
714,走馬,2
715,堂前,2
716,府掾,2
717,柏台,2
718,酒過,2
719,園欲,2
720,山陰,2
721,遠近,2
722,近江,2
723,蘭亭,2
724,松門,2
725,客心,2
726,孤舟,2
727,吾土,2
728,遙寄,2
729,風波,2
730,鳥來,2
731,巴東,2
732,處是,2
733,遊子,2
734,迷津,2
735,家春,2
736,雨足,2
737,半空,2
738,空裏,2
739,聊題,2
740,一時,2
741,海上,2
742,汗漫,2
743,子去,2
744,旅館,2
745,客思,2
746,人留,2
747,前程,2
748,欲識,2
749,野曠,2
750,北澗,2
751,幽棲,2
752,秋峴,2
753,可見,2
754,宜城,2
755,離群,2
756,雨滴,2
757,歲早,2
758,欲寄,2
759,寄誰,2
760,落雁,2
761,雁南,2
762,我家,2
763,盡孤,2
764,欲有,2
765,有問,2
766,簾坐,2
767,庭陰,2
768,邸第,2
769,第開,2
770,喬木,2
771,彩衣,2
772,秦川,2
773,文舉,2
774,誰不,2
775,邊庭,2
776,庭去,2
777,生一,2
778,夫君,2
779,今夜,2
780,空自,2
781,欲尋,2
782,當路,2
783,庭闈,2
784,楚關,2
785,白眉,2
786,西江,2
787,北固,2
788,軒車,2
789,來青,2
790,青陽,2
791,祖道,2
792,冠列,2
793,國無,2
794,君從,2
795,夕見,2
796,離家,2
797,一片,2
798,必五,2
799,花春,2
800,應是,2
801,仙子,2
802,相期,2
803,老萊,2
804,斜日,2
805,望秦,2
806,勤王,2
807,二月,2
808,牛渚,2
809,南風,2
810,新年,2
811,分手,2
812,手戀,2
813,朋情,2
814,還向,2
815,留客,2
816,客醉,2
817,客獨,2
818,章行,2
819,行隨,2
820,南國,2
821,未逢,2
822,楚河,2
823,亦同,2
824,筵舊,2
825,明日,2
826,日遠,2
827,空望,2
828,郢門,2
829,自嶓,2
830,嶓塚,2
831,維桑,2
832,我開,2
833,雲雨,2
834,誰憐,2
835,者歲,2
836,吳楚,2
837,出江,2
838,遠何,2
839,念爾,2
840,白日,2
841,畫堂,2
842,平陽,2
843,新聲,2
844,子夜,2
845,從來,2
846,茲夕,2
847,歌宰,2
848,省舊,2
849,更聞,2
850,物是,2
851,甲第,2
852,開金,2
853,池養,2
854,養右,2
855,軍鵝,2
856,入花,2
857,舞鶴,2
858,未起,2
859,簫管,2
860,落花,2
861,酒伴,2
862,玉指,2
863,臥不,2
864,覺曉,2
865,江城,2
866,子文,2
867,人事,2
868,事有,2
869,青林,2
870,山藏,2
871,餐霞,2
872,不憚,2
873,和者,2
874,泛湖,2
875,不羨,2
876,塵外,2
877,獨步,2
878,何在,2
879,花林,2
880,源裏,2
881,嶂合,2
882,坐聽,2
883,猿嘯,2
884,聞雷,2
885,雷震,2
886,府中,2
887,招賢,2
888,水亭,2
889,晚來,2
890,松竹,2
891,山鳥,2
892,水石,2
893,皇華,2
894,魚龍,2
895,使君,2
896,自愛,2
897,東南,2
898,隱侯,2
899,見江,2
900,晨風,2
901,隱居,2
902,再來,2
903,竹嶼,2
904,無人,2
905,同歡,2
906,回瞻,2
907,下山,2
908,山路,2
909,樵子,2
910,無風,2
911,蜜房,2
912,四時,2
913,戶庭,2
914,吟臥,2
915,今宵,2
916,崔徐,2
917,知無,2
918,竹池,2
919,結構,2
920,蓮花,2
921,人有,2
922,歲月,2
923,青松,2
924,講席,2
925,雨晴,2
926,去天,2
927,下來,2
928,草堂,2
929,園廬,2
930,微尚,2
931,趣不,2
932,無俗,2
933,月柳,2
934,洞湖,2
935,樵風,2
936,府僚,2
937,人具,2
938,具雞,2
939,稚子,2
940,誰道,2
941,道山,2
942,騎馬,2
943,春鳥,2
944,歌妓,2
945,歸山,2
946,山郭,2
947,不才,2
948,歲除,2
949,愁不,2
950,山近,2
951,邵平,2
952,歲時,2
953,新正,2
954,望青,2
955,風潮,2
956,今何,2
957,坐看,2
958,十載,2
959,遍山,2
960,山出,2
961,隨江,2
962,氣色,2
963,河漢,2
964,迢迢,2
965,鬥牛,2
966,星羅,2
967,歌空,2
968,裏失,2
969,山複,2
970,複水,2
971,接長,2
972,榜人,2
973,迢遞,2
974,客愁,2
975,人煙,2
976,客行,2
977,誰為,2
978,孤嶼,2
979,廨宇,2
980,失路,2
981,舟泊,2
982,就枕,2
983,楓葉,2
984,今朝,2
985,落帽,2
986,一別,2
987,餘春,2
988,守歲,2
989,佳人,2
990,縫衣,2
991,無處,2
992,以意,2
993,髻鬟,2
994,那堪,2
995,漸看,2
996,管弦,2
997,水濱,2
998,花伴,2
999,鴻漸,2
1000,荊國,2
1001,丞相,2
1002,相閣,2
1003,薊門,2
1004,空複,2
1005,蒼生,2
1006,放溜,2
1007,來風,2
1008,意不,2
1009,不淺,2
1010,謠吟,2
1011,流水,2
1012,江漢,2
1013,躍馬,2
1014,去矣,2
1015,碧溪,2
1016,曲島,2
1017,折芰,2
1018,公有,2
1019,數年,2
1020,信斷,2
1021,山對,2
1022,箏柱,2
1023,天涯,2
1024,郎官,2
1025,尋幽,2
1026,習池,2
1027,複幾,2
1028,四海,2
1029,功德,2
1030,章推,2
1031,炎暑,2
1032,翰墨,2
1033,接水,2
1034,地偏,2
1035,臘月,2
1036,盡綠,2
1037,風感,2
1038,平田,2
1039,入雲,2
1040,帆何,2
1041,鳥飛,2
1042,遊俠,2
1043,發悠,1
1044,悠悠,1
1045,悠清,1
1046,水水,1
1047,沙嶼,1
1048,嶼出,1
1049,出回,1
1050,潭石,1
1051,下深,1
1052,深綠,1
1053,綠筱,1
1054,筱岸,1
1055,岸傍,1
1056,傍密,1
1057,密鮫,1
1058,鮫人,1
1059,人潛,1
1060,潛不,1
1061,見漁,1
1062,漁父,1
1063,父歌,1
1064,逸憶,1
1065,君別,1
1066,別時,1
1067,時泛,1
1068,陽開,1
1069,開返,1
1070,照中,1
1071,中坐,1
1072,坐興,1
1073,興非,1
1074,一南,1
1075,望鹿,1
1076,來恨,1
1077,恨如,1
1078,如失,1
1079,失南,1
1080,南陌,1
1081,陌春,1
1082,春將,1
1083,晚北,1
1084,窗猶,1
1085,猶臥,1
1086,臥病,1
1087,病林,1
1088,園久,1
1089,不遊,1
1090,遊草,1
1091,木一,1
1092,一何,1
1093,何盛,1
1094,盛狹,1
1095,狹逕,1
1096,逕花,1
1097,花障,1
1098,障迷,1
1099,迷閒,1
1100,閒庭,1
1101,庭竹,1
1102,竹掃,1
1103,掃淨,1
1104,淨翠,1
1105,羽戲,1
1106,戲蘭,1
1107,蘭苕,1
1108,苕赬,1
1109,赬鱗,1
1110,鱗動,1
1111,動荷,1
1112,荷柄,1
1113,柄念,1
1114,念我,1
1115,我平,1
1116,生好,1
1117,好江,1
1118,江鄉,1
1119,鄉遠,1
1120,遠從,1
1121,從政,1
1122,政雲,1
1123,山阻,1
1124,阻夢,1
1125,思衾,1
1126,衾枕,1
1127,枕勞,1
1128,詠複,1
1129,為同,1
1130,心恨,1
1131,別離,1
1132,離世,1
1133,世途,1
1134,途皆,1
1135,皆自,1
1136,自媚,1
1137,媚流,1
1138,流俗,1
1139,俗寡,1
1140,寡相,1
1141,知賈,1
1142,誼才,1
1143,才空,1
1144,空逸,1
1145,逸安,1
1146,仁鬢,1
1147,鬢欲,1
1148,欲絲,1
1149,絲遙,1
1150,遙情,1
1151,情每,1
1152,每東,1
1153,東注,1
1154,注奔,1
1155,奔晷,1
1156,晷複,1
1157,複西,1
1158,西馳,1
1159,馳常,1
1160,常恐,1
1161,恐填,1
1162,填溝,1
1163,溝壑,1
1164,壑無,1
1165,由振,1
1166,振羽,1
1167,羽儀,1
1168,儀窮,1
1169,窮通,1
1170,通若,1
1171,有命,1
1172,命欲,1
1173,欲向,1
1174,向論,1
1175,論中,1
1176,中推,1
1177,推北,1
1178,山白,1
1179,雲裏,1
1180,裏隱,1
1181,隱者,1
1182,者自,1
1183,自怡,1
1184,怡悅,1
1185,悅相,1
1186,相望,1
1187,望試,1
1188,高心,1
1189,心飛,1
1190,飛逐,1
1191,逐鳥,1
1192,鳥滅,1
1193,滅愁,1
1194,愁因,1
1195,因薄,1
1196,薄暮,1
1197,暮起,1
1198,起興,1
1199,興是,1
1200,發時,1
1201,見歸,1
1202,歸村,1
1203,村人,1
1204,人沙,1
1205,沙行,1
1206,行渡,1
1207,頭歇,1
1208,歇天,1
1209,樹若,1
1210,若薺,1
1211,薺江,1
1212,江畔,1
1213,畔舟,1
1214,如月,1
1215,月何,1
1216,當載,1
1217,酒來,1
1218,共醉,1
1219,醉重,1
1220,節吾,1
1221,吾昔,1
1222,昔與,1
1223,與爾,1
1224,爾輩,1
1225,輩讀,1
1226,書常,1
1227,常閉,1
1228,門未,1
1229,未嘗,1
1230,嘗冒,1
1231,冒湍,1
1232,湍險,1
1233,險豈,1
1234,豈顧,1
1235,顧垂,1
1236,堂言,1
1237,言自,1
1238,自此,1
1239,此曆,1
1240,曆江,1
1241,湖辛,1
1242,辛勤,1
1243,勤難,1
1244,難具,1
1245,具論,1
1246,論往,1
1247,來行,1
1248,行旅,1
1249,旅弊,1
1250,弊開,1
1251,開鑿,1
1252,鑿禹,1
1253,禹功,1
1254,功存,1
1255,存壁,1
1256,壁立,1
1257,立千,1
1258,峰峻,1
1259,峻潈,1
1260,潈流,1
1261,流萬,1
1262,壑奔,1
1263,奔我,1
1264,來凡,1
1265,凡幾,1
1266,幾宿,1
1267,宿無,1
1268,無夕,1
1269,夕不,1
1270,猿浦,1
1271,浦上,1
1272,上搖,1
1273,搖歸,1
1274,歸戀,1
1275,戀舟,1
1276,舟中,1
1277,中失,1
1278,失夢,1
1279,魂淚,1
1280,沾明,1
1281,月峽,1
1282,峽心,1
1283,心斷,1
1284,斷鶺,1
1285,鴒原,1
1286,原離,1
1287,離闊,1
1288,闊星,1
1289,星難,1
1290,難聚,1
1291,聚秋,1
1292,秋深,1
1293,深露,1
1294,露已,1
1295,已繁,1
1296,繁因,1
1297,君下,1
1298,下南,1
1299,楚書,1
1300,書此,1
1301,此示,1
1302,示鄉,1
1303,園桂,1
1304,桂水,1
1305,水通,1
1306,通百,1
1307,百越,1
1308,越扁,1
1309,舟期,1
1310,期曉,1
1311,曉發,1
1312,發荊,1
1313,荊雲,1
1314,雲蔽,1
1315,蔽三,1
1316,巴夕,1
1317,見家,1
1318,襄王,1
1319,夢行,1
1320,行雨,1
1321,雨才,1
1322,子謫,1
1323,謫長,1
1324,沙長,1
1325,沙饒,1
1326,饒瘴,1
1327,瘴癘,1
1328,癘胡,1
1329,胡為,1
1330,為苦,1
1331,苦留,1
1332,滯久,1
1333,久別,1
1334,別思,1
1335,思款,1
1336,款顏,1
1337,顏承,1
1338,歡懷,1
1339,懷接,1
1340,袂接,1
1341,袂杳,1
1342,杳無,1
1343,由徒,1
1344,徒增,1
1345,增旅,1
1346,旅泊,1
1347,泊愁,1
1348,愁清,1
1349,清猿,1
1350,猿不,1
1351,可聽,1
1352,聽沿,1
1353,月下,1
1354,下湘,1
1355,湘流,1
1356,流大,1
1357,發嘗,1
1358,讀高,1
1359,高士,1
1360,士傳,1
1361,傳最,1
1362,最嘉,1
1363,嘉陶,1
1364,陶征,1
1365,君日,1
1366,日耽,1
1367,耽田,1
1368,園趣,1
1369,自謂,1
1370,謂羲,1
1371,羲皇,1
1372,皇人,1
1373,人予,1
1374,予複,1
1375,為者,1
1376,者棲,1
1377,棲徒,1
1378,徒問,1
1379,津中,1
1380,中年,1
1381,年廢,1
1382,廢丘,1
1383,丘壑,1
1384,壑上,1
1385,國旅,1
1386,旅風,1
1387,塵忠,1
1388,忠欲,1
1389,欲事,1
1390,事明,1
1391,主孝,1
1392,孝思,1
1393,思侍,1
1394,侍老,1
1395,老親,1
1396,親歸,1
1397,來當,1
1398,當炎,1
1399,炎夏,1
1400,夏耕,1
1401,耕稼,1
1402,稼不,1
1403,及春,1
1404,春扇,1
1405,扇枕,1
1406,枕北,1
1407,下采,1
1408,芝南,1
1409,南澗,1
1410,澗濱,1
1411,濱因,1
1412,聲謝,1
1413,謝同,1
1414,同列,1
1415,列吾,1
1416,吾慕,1
1417,慕潁,1
1418,潁陽,1
1419,陽真,1
1420,真我,1
1421,行適,1
1422,適諸,1
1423,諸越,1
1424,越夢,1
1425,夢寐,1
1426,寐懷,1
1427,懷所,1
1428,所歡,1
1429,歡久,1
1430,久負,1
1431,負獨,1
1432,獨往,1
1433,往願,1
1434,願今,1
1435,來恣,1
1436,恣遊,1
1437,遊盤,1
1438,盤台,1
1439,台嶺,1
1440,嶺踐,1
1441,踐磴,1
1442,磴石,1
1443,石耶,1
1444,溪溯,1
1445,溯林,1
1446,湍舍,1
1447,舍舟,1
1448,舟入,1
1449,入香,1
1450,界登,1
1451,登閣,1
1452,閣憩,1
1453,憩旃,1
1454,旃檀,1
1455,檀晴,1
1456,晴山,1
1457,山秦,1
1458,秦望,1
1459,望近,1
1460,近春,1
1461,水鏡,1
1462,湖寬,1
1463,寬遠,1
1464,遠懷,1
1465,懷佇,1
1466,佇應,1
1467,應接,1
1468,接卑,1
1469,卑位,1
1470,位徒,1
1471,徒勞,1
1472,勞安,1
1473,安白,1
1474,雲日,1
1475,夕滯,1
1476,滯滄,1
1477,海去,1
1478,去來,1
1479,來觀,1
1480,觀故,1
1481,國眇,1
1482,眇天,1
1483,末良,1
1484,良朋,1
1485,朋在,1
1486,在朝,1
1487,端遲,1
1488,爾同,1
1489,同攜,1
1490,手何,1
1491,方掛,1
1492,掛冠,1
1493,冠所,1
1494,思在,1
1495,在建,1
1496,建業,1
1497,業欲,1
1498,欲往,1
1499,往大,1
1500,江深,1
1501,深日,1
1502,口煙,1
1503,波愁,1
1504,愁我,1
1505,心心,1
1506,心馳,1
1507,馳茅,1
1508,茅山,1
1509,山洞,1
1510,洞目,1
1511,極楓,1
1512,林不,1
1513,見少,1
1514,少微,1
1515,微星,1
1516,星星,1
1517,霜勞,1
1518,勞夜,1
1519,吟維,1
1520,維先,1
1521,先自,1
1522,自鄒,1
1523,鄒魯,1
1524,魯家,1
1525,家世,1
1526,世重,1
1527,重儒,1
1528,儒風,1
1529,風詩,1
1530,禮襲,1
1531,襲遺,1
1532,遺訓,1
1533,訓趨,1
1534,庭沾,1
1535,沾末,1
1536,末躬,1
1537,躬晝,1
1538,晝夜,1
1539,夜常,1
1540,常自,1
1541,自強,1
1542,強詞,1
1543,詞翰,1
1544,翰頗,1
1545,亦工,1
1546,工三,1
1547,十既,1
1548,既成,1
1549,成立,1
1550,立嗟,1
1551,嗟籲,1
1552,籲命,1
1553,不通,1
1554,通慈,1
1555,慈親,1
1556,親向,1
1557,向羸,1
1558,羸老,1
1559,老喜,1
1560,喜懼,1
1561,懼在,1
1562,在深,1
1563,深衷,1
1564,衷甘,1
1565,甘脆,1
1566,脆朝,1
1567,足簞,1
1568,簞瓢,1
1569,瓢夕,1
1570,夕屢,1
1571,屢空,1
1572,空執,1
1573,執鞭,1
1574,鞭慕,1
1575,慕夫,1
1576,子捧,1
1577,捧檄,1
1578,檄懷,1
1579,懷毛,1
1580,毛公,1
1581,公感,1
1582,激遂,1
1583,遂彈,1
1584,彈冠,1
1585,冠安,1
1586,能守,1
1587,守固,1
1588,固窮,1
1589,窮當,1
1590,當途,1
1591,途訴,1
1592,訴知,1
1593,己投,1
1594,投刺,1
1595,刺匪,1
1596,匪求,1
1597,求蒙,1
1598,蒙秦,1
1599,楚邈,1
1600,邈離,1
1601,離異,1
1602,異翻,1
1603,飛何,1
1604,何日,1
1605,日同,1
1606,同幼,1
1607,幼聞,1
1608,聞無,1
1609,生理,1
1610,理常,1
1611,欲觀,1
1612,觀此,1
1613,此身,1
1614,身心,1
1615,心跡,1
1616,跡罕,1
1617,罕兼,1
1618,兼遂,1
1619,遂崎,1
1620,崎嶇,1
1621,嶇多,1
1622,多在,1
1623,在塵,1
1624,塵晚,1
1625,晚途,1
1626,途歸,1
1627,舊壑,1
1628,壑偶,1
1629,偶與,1
1630,與支,1
1631,公鄰,1
1632,鄰導,1
1633,導以,1
1634,以微,1
1635,微妙,1
1636,妙法,1
1637,法結,1
1638,結為,1
1639,為清,1
1640,清淨,1
1641,淨因,1
1642,因煩,1
1643,惱業,1
1644,業頓,1
1645,頓舍,1
1646,舍山,1
1647,林情,1
1648,情轉,1
1649,轉殷,1
1650,殷朝,1
1651,來問,1
1652,問疑,1
1653,疑義,1
1654,義夕,1
1655,夕話,1
1656,話得,1
1657,得清,1
1658,清真,1
1659,真墨,1
1660,墨妙,1
1661,妙稱,1
1662,稱古,1
1663,古絕,1
1664,絕詞,1
1665,詞華,1
1666,華驚,1
1667,驚世,1
1668,人禪,1
1669,禪房,1
1670,房閉,1
1671,閉虛,1
1672,虛靜,1
1673,靜花,1
1674,藥連,1
1675,連冬,1
1676,冬春,1
1677,春平,1
1678,平石,1
1679,石藉,1
1680,藉琴,1
1681,琴硯,1
1682,硯落,1
1683,落泉,1
1684,泉灑,1
1685,灑衣,1
1686,衣巾,1
1687,巾欲,1
1688,知冥,1
1689,冥滅,1
1690,滅意,1
1691,意朝,1
1692,夕海,1
1693,海鷗,1
1694,鷗馴,1
1695,馴山,1
1696,山光,1
1697,光忽,1
1698,忽西,1
1699,西落,1
1700,落池,1
1701,池月,1
1702,月漸,1
1703,漸東,1
1704,東上,1
1705,上散,1
1706,散發,1
1707,發乘,1
1708,乘夕,1
1709,涼開,1
1710,軒臥,1
1711,臥閑,1
1712,閑敞,1
1713,敞荷,1
1714,荷風,1
1715,送香,1
1716,氣竹,1
1717,露滴,1
1718,滴清,1
1719,清響,1
1720,響欲,1
1721,欲取,1
1722,取鳴,1
1723,鳴琴,1
1724,琴彈,1
1725,彈恨,1
1726,音賞,1
1727,賞感,1
1728,感此,1
1729,此懷,1
1730,人中,1
1731,中宵,1
1732,宵勞,1
1733,夢想,1
1734,想秋,1
1735,秋空,1
1736,空明,1
1737,月懸,1
1738,懸光,1
1739,光彩,1
1740,彩露,1
1741,露沾,1
1742,沾濕,1
1743,濕驚,1
1744,驚鵲,1
1745,鵲棲,1
1746,棲未,1
1747,未定,1
1748,定飛,1
1749,飛螢,1
1750,螢捲,1
1751,簾入,1
1752,入庭,1
1753,庭槐,1
1754,槐寒,1
1755,寒影,1
1756,影疏,1
1757,疏鄰,1
1758,鄰杵,1
1759,杵夜,1
1760,聲急,1
1761,急佳,1
1762,佳期,1
1763,期曠,1
1764,曠何,1
1765,何許,1
1766,許望,1
1767,望望,1
1768,望空,1
1769,立枳,1
1770,枳棘,1
1771,棘君,1
1772,君尚,1
1773,尚棲,1
1774,棲匏,1
1775,匏瓜,1
1776,瓜吾,1
1777,吾豈,1
1778,豈系,1
1779,系念,1
1780,念離,1
1781,離當,1
1782,當夏,1
1783,夏首,1
1784,首漂,1
1785,漂泊,1
1786,泊指,1
1787,指炎,1
1788,炎裔,1
1789,裔江,1
1790,海非,1
1791,非墮,1
1792,墮游,1
1793,游田,1
1794,園失,1
1795,失歸,1
1796,歸計,1
1797,計定,1
1798,定山,1
1799,山既,1
1800,既早,1
1801,早發,1
1802,發漁,1
1803,浦亦,1
1804,亦宵,1
1805,宵濟,1
1806,濟泛,1
1807,泛泛,1
1808,泛隨,1
1809,波瀾,1
1810,瀾行,1
1811,行行,1
1812,行任,1
1813,任艫,1
1814,艫枻,1
1815,枻故,1
1816,林日,1
1817,遠群,1
1818,木坐,1
1819,坐成,1
1820,成翳,1
1821,翳羽,1
1822,人在,1
1823,在丹,1
1824,丹丘,1
1825,丘吾,1
1826,吾亦,1
1827,亦從,1
1828,此逝,1
1829,逝吾,1
1830,觀鷦,1
1831,鷦鷯,1
1832,鷯賦,1
1833,賦君,1
1834,負王,1
1835,王佐,1
1836,佐才,1
1837,才惜,1
1838,惜無,1
1839,無金,1
1840,張援,1
1841,援十,1
1842,空歸,1
1843,棄置,1
1844,置鄉,1
1845,老翻,1
1846,飛羽,1
1847,翼摧,1
1848,摧故,1
1849,人今,1
1850,今在,1
1851,在位,1
1852,位岐,1
1853,路莫,1
1854,莫遲,1
1855,遲回,1
1856,回五,1
1857,色憐,1
1858,憐鳳,1
1859,鳳雛,1
1860,雛南,1
1861,飛適,1
1862,適鷓,1
1863,鷓鴣,1
1864,鴣楚,1
1865,楚人,1
1866,識何,1
1867,處求,1
1868,求椅,1
1869,椅梧,1
1870,梧去,1
1871,里茫,1
1872,一隅,1
1873,隅安,1
1874,能與,1
1875,與斥,1
1876,斥鷃,1
1877,鷃決,1
1878,決起,1
1879,起但,1
1880,但槍,1
1881,槍榆,1
1882,榆朝,1
1883,朝乘,1
1884,乘汴,1
1885,汴河,1
1886,河流,1
1887,流夕,1
1888,夕次,1
1889,次譙,1
1890,譙縣,1
1891,縣界,1
1892,界幸,1
1893,幸值,1
1894,值西,1
1895,西風,1
1896,吹得,1
1897,得與,1
1898,人會,1
1899,會君,1
1900,君學,1
1901,學梅,1
1902,福隱,1
1903,隱余,1
1904,余從,1
1905,從伯,1
1906,伯鸞,1
1907,鸞邁,1
1908,邁別,1
1909,別後,1
1910,後能,1
1911,能相,1
1912,思浮,1
1913,浮雲,1
1914,雲在,1
1915,在吳,1
1916,會吾,1
1917,觀非,1
1918,非常,1
1919,常者,1
1920,者碌,1
1921,碌碌,1
1922,碌在,1
1923,在目,1
1924,目前,1
1925,前君,1
1926,負鴻,1
1927,志蹉,1
1928,跎書,1
1929,劍年,1
1930,年一,1
1931,一聞,1
1932,聞邊,1
1933,邊烽,1
1934,烽動,1
1935,動萬,1
1936,里忽,1
1937,忽爭,1
1938,爭先,1
1939,先余,1
1940,亦赴,1
1941,赴京,1
1942,京國,1
1943,國何,1
1944,當獻,1
1945,獻凱,1
1946,凱還,1
1947,還疾,1
1948,疾風,1
1949,吹征,1
1950,帆倏,1
1951,倏爾,1
1952,爾向,1
1953,向空,1
1954,空沒,1
1955,沒千,1
1956,里在,1
1957,在俄,1
1958,俄頃,1
1959,頃三,1
1960,江坐,1
1961,坐超,1
1962,超忽,1
1963,忽向,1
1964,向來,1
1965,共歡,1
1966,娛日,1
1967,夕成,1
1968,成楚,1
1969,楚越,1
1970,越落,1
1971,落羽,1
1972,羽更,1
1973,更分,1
1974,飛誰,1
1975,不驚,1
1976,驚骨,1
1977,骨送,1
1978,相見,1
1979,暮獨,1
1980,獨愁,1
1981,愁緒,1
1982,緒江,1
1983,空裴,1
1984,回天,1
1985,邊迷,1
1986,所郡,1
1987,郡邑,1
1988,邑經,1
1989,經樊,1
1990,樊鄧,1
1991,鄧山,1
1992,河入,1
1993,入嵩,1
1994,汝蒲,1
1995,蒲輪,1
1996,輪去,1
1997,去漸,1
1998,漸遙,1
1999,遙石,1
2000,徑徒,1
2001,徒延,1
2002,延佇,1
2003,佇以,1
2004,以我,1
2005,我越,1
2006,鄉客,1
2007,客逢,1
2008,逢君,1
2009,君謫,1
2010,謫居,1
2011,居者,1
2012,者分,1
2013,樓流,1
2014,流落,1
2015,落蒼,1
2016,梧野,1
2017,野驛,1
2018,驛使,1
2019,使乘,1
2020,乘雲,1
2021,去征,1
2022,帆沿,1
2023,下不,1
2024,知從,1
2025,此分,1
2026,分還,1
2027,還袂,1
2028,袂何,1
2029,時把,1
2030,把閒,1
2031,居枕,1
2032,枕清,1
2033,清洛,1
2034,洛左,1
2035,右接,1
2036,接大,1
2037,大野,1
2038,野門,1
2039,庭無,1
2040,無雜,1
2041,雜賓,1
2042,賓車,1
2043,車轍,1
2044,轍多,1
2045,多長,1
2046,長者,1
2047,者是,1
2048,是時,1
2049,方盛,1
2050,盛夏,1
2051,夏風,1
2052,物自,1
2053,自瀟,1
2054,瀟灑,1
2055,灑五,1
2056,五日,1
2057,日休,1
2058,沐歸,1
2059,歸相,1
2060,相攜,1
2061,攜竹,1
2062,下開,1
2063,開襟,1
2064,襟成,1
2065,成歡,1
2066,歡趣,1
2067,趣對,1
2068,酒不,1
2069,不能,1
2070,能罷,1
2071,罷煙,1
2072,煙暝,1
2073,暝棲,1
2074,棲鳥,1
2075,鳥迷,1
2076,迷余,1
2077,余將,1
2078,社歸,1
2079,來臥,1
2080,臥青,1
2081,常夢,1
2082,夢遊,1
2083,清都,1
2084,都漆,1
2085,漆園,1
2086,園有,1
2087,有傲,1
2088,吏惠,1
2089,惠好,1
2090,好在,1
2091,在招,1
2092,招呼,1
2093,呼書,1
2094,書幌,1
2095,幌神,1
2096,仙籙,1
2097,籙畫,1
2098,畫屏,1
2099,屏山,1
2100,山海,1
2101,海圖,1
2102,圖酌,1
2103,酌霞,1
2104,霞複,1
2105,複對,1
2106,對此,1
2107,此宛,1
2108,宛似,1
2109,入蓬,1
2110,蓬壺,1
2111,壺窈,1
2112,窕夕,1
2113,陽佳,1
2114,佳豐,1
2115,豐茸,1
2116,茸春,1
2117,色好,1
2118,好欲,1
2119,欲覓,1
2120,覓淹,1
2121,淹留,1
2122,留處,1
2123,處無,1
2124,無過,1
2125,過狹,1
2126,道綺,1
2127,席捲,1
2128,捲龍,1
2129,龍須,1
2130,須香,1
2131,香杯,1
2132,杯浮,1
2133,浮瑪,1
2134,瑪瑙,1
2135,瑙北,1
2136,北林,1
2137,林積,1
2138,積修,1
2139,修樹,1
2140,樹南,1
2141,南池,1
2142,池生,1
2143,生別,1
2144,別島,1
2145,島手,1
2146,手撥,1
2147,撥金,1
2148,金翠,1
2149,花心,1
2150,迷玉,1
2151,玉紅,1
2152,紅草,1
2153,草談,1
2154,笑光,1
2155,光六,1
2156,六義,1
2157,義發,1
2158,發論,1
2159,論明,1
2160,明三,1
2161,三倒,1
2162,倒座,1
2163,座非,1
2164,非陳,1
2165,陳子,1
2166,子驚,1
2167,驚門,1
2168,門還,1
2169,還魏,1
2170,魏公,1
2171,公掃,1
2172,掃榮,1
2173,榮辱,1
2174,辱應,1
2175,應無,1
2176,間歡,1
2177,娛當,1
2178,當共,1
2179,共保,1
2180,保朝,1
2181,朝遊,1
2182,遊訪,1
2183,訪名,1
2184,山遠,1
2185,遠在,1
2186,翠氛,1
2187,氳亙,1
2188,亙百,1
2189,里日,1
2190,入行,1
2191,行始,1
2192,始至,1
2193,至杖,1
2194,策尋,1
2195,尋故,1
2196,人解,1
2197,解鞭,1
2198,鞭暫,1
2199,暫停,1
2200,停騎,1
2201,騎石,1
2202,石門,1
2203,門殊,1
2204,殊豁,1
2205,豁險,1
2206,險篁,1
2207,篁徑,1
2208,徑轉,1
2209,轉森,1
2210,森邃,1
2211,邃法,1
2212,法侶,1
2213,侶欣,1
2214,欣相,1
2215,逢清,1
2216,清談,1
2217,談曉,1
2218,曉不,1
2219,寐平,1
2220,生慕,1
2221,慕真,1
2222,真隱,1
2223,隱累,1
2224,累日,1
2225,日探,1
2226,探奇,1
2227,奇異,1
2228,異野,1
2229,野老,1
2230,老朝,1
2231,朝入,1
2232,入田,1
2233,田山,1
2234,僧暮,1
2235,暮歸,1
2236,歸寺,1
2237,寺松,1
2238,松泉,1
2239,泉多,1
2240,多逸,1
2241,逸響,1
2242,響苔,1
2243,苔壁,1
2244,壁饒,1
2245,饒古,1
2246,古意,1
2247,意谷,1
2248,谷口,1
2249,口聞,1
2250,鐘聲,1
2251,聲林,1
2252,端識,1
2253,識香,1
2254,氣願,1
2255,言投,1
2256,投此,1
2257,山身,1
2258,身世,1
2259,世兩,1
2260,兩相,1
2261,相棄,1
2262,棄謂,1
2263,予獨,1
2264,獨迷,1
2265,迷方,1
2266,方逢,1
2267,逢子,1
2268,子亦,1
2269,亦在,1
2270,在野,1
2271,野結,1
2272,交指,1
2273,指松,1
2274,柏問,1
2275,問法,1
2276,法尋,1
2277,尋蘭,1
2278,蘭若,1
2279,若小,1
2280,小溪,1
2281,溪劣,1
2282,劣容,1
2283,容舟,1
2284,舟怪,1
2285,石屢,1
2286,屢驚,1
2287,驚馬,1
2288,馬所,1
2289,所居,1
2290,居最,1
2291,最幽,1
2292,幽絕,1
2293,絕所,1
2294,所住,1
2295,住皆,1
2296,皆靜,1
2297,者雲,1
2298,雲簇,1
2299,簇興,1
2300,興座,1
2301,座隅,1
2302,隅天,1
2303,天空,1
2304,空落,1
2305,落階,1
2306,下上,1
2307,上人,1
2308,亦何,1
2309,何聞,1
2310,聞塵,1
2311,塵念,1
2312,念都,1
2313,都已,1
2314,已舍,1
2315,舍四,1
2316,四禪,1
2317,禪合,1
2318,合真,1
2319,真如,1
2320,如一,1
2321,一切,1
2322,切是,1
2323,是虛,1
2324,虛假,1
2325,假願,1
2326,承甘,1
2327,甘露,1
2328,露潤,1
2329,潤喜,1
2330,得惠,1
2331,惠風,1
2332,風灑,1
2333,灑依,1
2334,依止,1
2335,止托,1
2336,托山,1
2337,山門,1
2338,門誰,1
2339,能效,1
2340,效丘,1
2341,丘也,1
2342,也海,1
2343,行信,1
2344,信風,1
2345,帆夕,1
2346,夕宿,1
2347,宿逗,1
2348,逗雲,1
2349,雲島,1
2350,島緬,1
2351,緬尋,1
2352,尋滄,1
2353,趣近,1
2354,近愛,1
2355,愛赤,1
2356,城好,1
2357,好捫,1
2358,捫蘿,1
2359,蘿亦,1
2360,亦踐,1
2361,踐苔,1
2362,苔輟,1
2363,輟棹,1
2364,棹恣,1
2365,恣探,1
2366,討息,1
2367,陰憩,1
2368,憩桐,1
2369,桐柏,1
2370,柏采,1
2371,采秀,1
2372,秀弄,1
2373,弄芝,1
2374,芝草,1
2375,草鶴,1
2376,鶴唳,1
2377,唳清,1
2378,清露,1
2379,露垂,1
2380,垂雞,1
2381,鳴信,1
2382,信潮,1
2383,潮早,1
2384,早願,1
2385,言解,1
2386,解纓,1
2387,纓紱,1
2388,紱從,1
2389,去煩,1
2390,惱高,1
2391,步淩,1
2392,淩四,1
2393,四明,1
2394,明玄,1
2395,玄蹤,1
2396,蹤得,1
2397,得三,1
2398,三老,1
2399,老紛,1
2400,吾遠,1
2401,遊意,1
2402,意學,1
2403,學彼,1
2404,彼長,1
2405,長生,1
2406,生道,1
2407,道日,1
2408,望三,1
2409,山雲,1
2410,雲濤,1
2411,濤空,1
2412,空浩,1
2413,浩浩,1
2414,浩石,1
2415,潭傍,1
2416,傍隈,1
2417,隈隩,1
2418,隩沙,1
2419,岸曉,1
2420,曉夤,1
2421,夤緣,1
2422,緣試,1
2423,試垂,1
2424,垂竹,1
2425,竹竿,1
2426,竿釣,1
2427,釣果,1
2428,果得,1
2429,得槎,1
2430,頭鯿,1
2431,鯿美,1
2432,人騁,1
2433,騁金,1
2434,金錯,1
2435,錯纖,1
2436,纖手,1
2437,手膾,1
2438,膾紅,1
2439,紅鮮,1
2440,鮮因,1
2441,因謝,1
2442,謝陸,1
2443,陸內,1
2444,內史,1
2445,史蓴,1
2446,蓴羹,1
2447,羹何,1
2448,何足,1
2449,足傳,1
2450,傳翠,1
2451,微終,1
2452,終南,1
2453,南裏,1
2454,裏雨,1
2455,雨後,1
2456,後宜,1
2457,宜返,1
2458,照閉,1
2459,閉關,1
2460,關久,1
2461,久沈,1
2462,沈冥,1
2463,冥杖,1
2464,策一,1
2465,眺遂,1
2466,遂造,1
2467,造幽,1
2468,人室,1
2469,室始,1
2470,知靜,1
2471,者妙,1
2472,妙儒,1
2473,儒道,1
2474,道雖,1
2475,雖異,1
2476,異門,1
2477,門雲,1
2478,雲林,1
2479,林頗,1
2480,頗同,1
2481,同調,1
2482,調兩,1
2483,兩心,1
2484,心相,1
2485,相喜,1
2486,得畢,1
2487,畢景,1
2488,景共,1
2489,共談,1
2490,笑暝,1
2491,還高,1
2492,高窗,1
2493,窗眠,1
2494,眠時,1
2495,見遠,1
2496,山燒,1
2497,燒緬,1
2498,懷赤,1
2499,標更,1
2500,更憶,1
2501,憶臨,1
2502,臨海,1
2503,嶠風,1
2504,泉有,1
2505,有清,1
2506,清音,1
2507,必蘇,1
2508,蘇門,1
2509,門嘯,1
2510,嘯羊,1
2511,公峴,1
2512,下神,1
2513,女漢,1
2514,漢皋,1
2515,皋曲,1
2516,曲雪,1
2517,雪罷,1
2518,罷冰,1
2519,冰複,1
2520,複開,1
2521,開春,1
2522,春潭,1
2523,潭千,1
2524,千丈,1
2525,丈綠,1
2526,綠輕,1
2527,輕舟,1
2528,舟恣,1
2529,恣來,1
2530,往探,1
2531,探玩,1
2532,玩無,1
2533,無厭,1
2534,厭足,1
2535,足波,1
2536,波影,1
2537,影搖,1
2538,搖妓,1
2539,妓釵,1
2540,釵沙,1
2541,沙光,1
2542,光逐,1
2543,逐人,1
2544,人目,1
2545,目傾,1
2546,傾杯,1
2547,杯魚,1
2548,魚鳥,1
2549,鳥醉,1
2550,醉聯,1
2551,聯句,1
2552,句鶯,1
2553,鶯花,1
2554,花續,1
2555,續良,1
2556,良會,1
2557,會難,1
2558,難再,1
2559,逢日,1
2560,入須,1
2561,須秉,1
2562,秉燭,1
2563,燭夕,1
2564,陽度,1
2565,度西,1
2566,西嶺,1
2567,嶺群,1
2568,壑倏,1
2569,倏已,1
2570,已暝,1
2571,暝松,1
2572,月生,1
2573,生夜,1
2574,夜涼,1
2575,滿清,1
2576,清聽,1
2577,聽樵,1
2578,人歸,1
2579,欲盡,1
2580,盡煙,1
2581,煙鳥,1
2582,鳥棲,1
2583,棲初,1
2584,初定,1
2585,定之,1
2586,子期,1
2587,期宿,1
2588,宿來,1
2589,來孤,1
2590,孤琴,1
2591,琴候,1
2592,候蘿,1
2593,蘿徑,1
2594,徑落,1
2595,景餘,1
2596,餘清,1
2597,清輝,1
2598,輝輕,1
2599,輕橈,1
2600,橈弄,1
2601,弄溪,1
2602,溪渚,1
2603,渚澄,1
2604,澄明,1
2605,明愛,1
2606,愛水,1
2607,水物,1
2608,物臨,1
2609,泛何,1
2610,何容,1
2611,容與,1
2612,與白,1
2613,首垂,1
2614,釣翁,1
2615,翁新,1
2616,新妝,1
2617,妝浣,1
2618,浣紗,1
2619,紗女,1
2620,女相,1
2621,相看,1
2622,看似,1
2623,似相,1
2624,識脈,1
2625,脈脈,1
2626,脈不,1
2627,得語,1
2628,語太,1
2629,太虛,1
2630,虛生,1
2631,生月,1
2632,月暈,1
2633,暈舟,1
2634,子知,1
2635,知天,1
2636,天風,1
2637,風掛,1
2638,席候,1
2639,發眇,1
2640,眇漫,1
2641,漫平,1
2642,中中,1
2643,流見,1
2644,見匡,1
2645,匡阜,1
2646,阜勢,1
2647,勢壓,1
2648,壓九,1
2649,九江,1
2650,江雄,1
2651,雄黤,1
2652,黤黕,1
2653,黕容,1
2654,容霽,1
2655,霽色,1
2656,色崢,1
2657,崢嶸,1
2658,嶸當,1
2659,當曉,1
2660,曉空,1
2661,爐初,1
2662,初上,1
2663,日瀑,1
2664,布噴,1
2665,噴成,1
2666,成虹,1
2667,虹久,1
2668,久欲,1
2669,欲追,1
2670,追尚,1
2671,尚子,1
2672,子況,1
2673,況茲,1
2674,懷遠,1
2675,公我,1
2676,來限,1
2677,限於,1
2678,於役,1
2679,役未,1
2680,未暇,1
2681,暇息,1
2682,息微,1
2683,微躬,1
2684,躬淮,1
2685,淮海,1
2686,海途,1
2687,途將,1
2688,將半,1
2689,半星,1
2690,霜歲,1
2691,歲欲,1
2692,欲窮,1
2693,窮寄,1
2694,言岩,1
2695,岩棲,1
2696,者畢,1
2697,畢趣,1
2698,趣當,1
2699,當來,1
2700,來同,1
2701,同清,1
2702,清曉,1
2703,曉因,1
2704,因興,1
2705,來乘,1
2706,流越,1
2707,越江,1
2708,江峴,1
2709,峴沙,1
2710,沙禽,1
2711,禽近,1
2712,近方,1
2713,方識,1
2714,識浦,1
2715,浦樹,1
2716,樹遙,1
2717,遙莫,1
2718,辨漸,1
2719,漸至,1
2720,至鹿,1
2721,山明,1
2722,明翠,1
2723,微淺,1
2724,潭多,1
2725,多屈,1
2726,屈曲,1
2727,曲舟,1
2728,楫屢,1
2729,屢回,1
2730,回轉,1
2731,轉昔,1
2732,昔聞,1
2733,聞龐,1
2734,公采,1
2735,藥遂,1
2736,遂不,1
2737,不返,1
2738,返金,1
2739,金澗,1
2740,澗餌,1
2741,餌芝,1
2742,朮石,1
2743,石床,1
2744,床臥,1
2745,臥苔,1
2746,苔蘚,1
2747,蘚紛,1
2748,吾感,1
2749,感耆,1
2750,舊結,1
2751,結攬,1
2752,攬事,1
2753,事攀,1
2754,攀踐,1
2755,踐隱,1
2756,隱跡,1
2757,跡今,1
2758,今尚,1
2759,尚存,1
2760,存高,1
2761,高風,1
2762,風邈,1
2763,邈已,1
2764,遠白,1
2765,雲何,1
2766,時去,1
2767,去丹,1
2768,丹桂,1
2769,桂空,1
2770,空偃,1
2771,偃蹇,1
2772,蹇探,1
2773,討意,1
2774,未窮,1
2775,窮回,1
2776,回艇,1
2777,艇夕,1
2778,陽晚,1
2779,晚西,1
2780,山多,1
2781,多奇,1
2782,奇狀,1
2783,狀秀,1
2784,秀出,1
2785,出倚,1
2786,倚前,1
2787,前楹,1
2788,楹停,1
2789,午收,1
2790,收彩,1
2791,翠夕,1
2792,陽照,1
2793,照分,1
2794,分明,1
2795,明吾,1
2796,吾師,1
2797,師住,1
2798,住其,1
2799,其下,1
2800,下禪,1
2801,禪坐,1
2802,坐證,1
2803,證無,1
2804,結廬,1
2805,廬就,1
2806,就嵌,1
2807,嵌窟,1
2808,窟剪,1
2809,剪苕,1
2810,苕通,1
2811,通往,1
2812,往行,1
2813,行談,1
2814,談空,1
2815,空對,1
2816,對樵,1
2817,樵叟,1
2818,叟授,1
2819,授法,1
2820,法與,1
2821,與山,1
2822,精日,1
2823,暮方,1
2824,方辭,1
2825,辭去,1
2826,去田,1
2827,園歸,1
2828,歸冶,1
2829,冶城,1
2830,城山,1
2831,水觀,1
2832,觀形,1
2833,勝襄,1
2834,陽美,1
2835,美會,1
2836,稽最,1
2837,最高,1
2838,高唯,1
2839,唯望,1
2840,望楚,1
2841,楚曾,1
2842,曾未,1
2843,未一,1
2844,一攀,1
2845,攀躋,1
2846,躋石,1
2847,壁疑,1
2848,疑削,1
2849,削成,1
2850,成眾,1
2851,山比,1
2852,比全,1
2853,全低,1
2854,低晴,1
2855,晴明,1
2856,明試,1
2857,陟目,1
2858,極無,1
2859,無端,1
2860,端倪,1
2861,倪雲,1
2862,夢掌,1
2863,掌中,1
2864,中小,1
2865,小武,1
2866,陵花,1
2867,處迷,1
2868,迷暝,1
2869,騎下,1
2870,下蘿,1
2871,蘿月,1
2872,月映,1
2873,映深,1
2874,深溪,1
2875,溪停,1
2876,午聞,1
2877,聞山,1
2878,山鐘,1
2879,鐘起,1
2880,起行,1
2881,行散,1
2882,散愁,1
2883,愁疾,1
2884,疾尋,1
2885,尋林,1
2886,林采,1
2887,芝去,1
2888,去轉,1
2889,轉穀,1
2890,穀松,1
2891,松翠,1
2892,翠密,1
2893,密傍,1
2894,傍見,1
2895,見精,1
2896,舍開,1
2897,開長,1
2898,長廊,1
2899,廊飯,1
2900,飯僧,1
2901,僧畢,1
2902,畢石,1
2903,石渠,1
2904,渠流,1
2905,流雪,1
2906,雪水,1
2907,水金,1
2908,金子,1
2909,子耀,1
2910,耀霜,1
2911,霜橘,1
2912,橘竹,1
2913,竹房,1
2914,房思,1
2915,遊過,1
2916,過憩,1
2917,憩終,1
2918,終永,1
2919,永日,1
2920,入洞,1
2921,洞窺,1
2922,窺石,1
2923,石髓,1
2924,髓傍,1
2925,傍崖,1
2926,崖采,1
2927,采蜂,1
2928,蜂蜜,1
2929,蜜日,1
2930,暮辭,1
2931,辭遠,1
2932,公虎,1
2933,溪相,1
2934,相送,1
2935,送出,1
2936,出垂,1
2937,坐磐,1
2938,磐石,1
2939,石水,1
2940,清心,1
2941,心亦,1
2942,亦閑,1
2943,閑魚,1
2944,魚行,1
2945,行潭,1
2946,潭樹,1
2947,樹下,1
2948,下猿,1
2949,猿掛,1
2950,掛島,1
2951,島藤,1
2952,間游,1
2953,女昔,1
2954,昔解,1
2955,解佩,1
2956,佩傳,1
2957,聞於,1
2958,山求,1
2959,求之,1
2960,之不,1
2961,可得,1
2962,得沿,1
2963,月棹,1
2964,歌還,1
2965,還津,1
2966,津無,1
2967,無蛟,1
2968,蛟龍,1
2969,龍患,1
2970,患日,1
2971,夕常,1
2972,常安,1
2973,安流,1
2974,流本,1
2975,本欲,1
2976,欲避,1
2977,驄馬,1
2978,馬何,1
2979,如同,1
2980,同鷁,1
2981,舟豈,1
2982,豈伊,1
2983,伊今,1
2984,日幸,1
2985,幸曾,1
2986,曾是,1
2987,是昔,1
2988,昔年,1
2989,年遊,1
2990,遊莫,1
2991,莫奏,1
2992,奏琴,1
2993,琴中,1
2994,中鶴,1
2995,鶴且,1
2996,且隨,1
2997,波上,1
2998,上鷗,1
2999,鷗堤,1
3000,堤緣,1
3001,緣九,1
3002,九裏,1
3003,裏郭,1
3004,郭山,1
3005,山面,1
3006,面百,1
3007,樓自,1
3008,自顧,1
3009,顧躬,1
3010,者才,1
3011,才非,1
3012,非管,1
3013,管樂,1
3014,樂儔,1
3015,儔聞,1
3016,君薦,1
3017,薦草,1
3018,澤從,1
3019,此泛,1
3020,泛滄,1
3021,洲吾,1
3022,吾與,1
3023,與二,1
3024,三子,1
3025,交深,1
3026,深俱,1
3027,懷鴻,1
3028,志昔,1
3029,昔有,1
3030,有鶺,1
3031,心逸,1
3032,逸氣,1
3033,氣假,1
3034,假毫,1
3035,毫翰,1
3036,翰清,1
3037,風在,1
3038,在竹,1
3039,林達,1
3040,達是,1
3041,是酒,1
3042,酒中,1
3043,中趣,1
3044,趣琴,1
3045,上偶,1
3046,偶然,1
3047,然音,1
3048,音春,1
3049,木繁,1
3050,繁耕,1
3051,耕種,1
3052,種滿,1
3053,滿田,1
3054,園酌,1
3055,酌酒,1
3056,酒聊,1
3057,聊自,1
3058,自勸,1
3059,勸農,1
3060,農夫,1
3061,夫安,1
3062,安與,1
3063,與言,1
3064,言忽,1
3065,聞荊,1
3066,荊山,1
3067,山子,1
3068,子時,1
3069,時出,1
3070,出桃,1
3071,源采,1
3072,樵過,1
3073,過北,1
3074,北穀,1
3075,穀賣,1
3076,賣藥,1
3077,來西,1
3078,西村,1
3079,村村,1
3080,村煙,1
3081,煙日,1
3082,日雲,1
3083,雲夕,1
3084,夕榛,1
3085,榛路,1
3086,路有,1
3087,有歸,1
3088,客杖,1
3089,策前,1
3090,前相,1
3091,逢依,1
3092,然是,1
3093,是疇,1
3094,昔邂,1
3095,邂逅,1
3096,逅歡,1
3097,歡覯,1
3098,止殷,1
3099,勤敘,1
3100,敘離,1
3101,離隔,1
3102,隔謂,1
3103,予搏,1
3104,搏扶,1
3105,扶桑,1
3106,桑輕,1
3107,輕舉,1
3108,舉振,1
3109,振六,1
3110,六翮,1
3111,翮奈,1
3112,奈何,1
3113,何偶,1
3114,偶昌,1
3115,昌運,1
3116,運獨,1
3117,獨見,1
3118,見遺,1
3119,遺草,1
3120,澤既,1
3121,既笑,1
3122,笑接,1
3123,接輿,1
3124,輿狂,1
3125,狂仍,1
3126,仍憐,1
3127,憐孔,1
3128,孔丘,1
3129,丘厄,1
3130,厄物,1
3131,情趨,1
3132,趨勢,1
3133,勢利,1
3134,利吾,1
3135,道貴,1
3136,貴閑,1
3137,閑寂,1
3138,寂偃,1
3139,息西,1
3140,下門,1
3141,庭罕,1
3142,罕人,1
3143,人跡,1
3144,跡何,1
3145,時還,1
3146,還清,1
3147,清溪,1
3148,溪從,1
3149,從爾,1
3150,爾煉,1
3151,煉丹,1
3152,丹液,1
3153,液仙,1
3154,仙穴,1
3155,穴逢,1
3156,逢羽,1
3157,人停,1
3158,停艫,1
3159,艫向,1
3160,向前,1
3161,前拜,1
3162,拜問,1
3163,問余,1
3164,余涉,1
3165,涉風,1
3166,風水,1
3167,水何,1
3168,處遠,1
3169,遠行,1
3170,行邁,1
3171,邁登,1
3172,登陸,1
3173,陸尋,1
3174,尋天,1
3175,臺順,1
3176,順流,1
3177,流下,1
3178,下吳,1
3179,會茲,1
3180,茲山,1
3181,山夙,1
3182,夙所,1
3183,所尚,1
3184,尚安,1
3185,安得,1
3186,得問,1
3187,問靈,1
3188,靈怪,1
3189,怪上,1
3190,上逼,1
3191,逼青,1
3192,青天,1
3193,天高,1
3194,高俯,1
3195,俯臨,1
3196,臨滄,1
3197,海大,1
3198,大雞,1
3199,鳴見,1
3200,出常,1
3201,常覿,1
3202,覿仙,1
3203,仙人,1
3204,人旆,1
3205,旆往,1
3206,來赤,1
3207,城中,1
3208,中逍,1
3209,逍遙,1
3210,遙白,1
3211,外莓,1
3212,苔異,1
3213,異人,1
3214,人間,1
3215,間瀑,1
3216,布當,1
3217,當空,1
3218,空界,1
3219,界福,1
3220,福庭,1
3221,庭長,1
3222,然華,1
3223,頂舊,1
3224,舊稱,1
3225,稱最,1
3226,最永,1
3227,永此,1
3228,此從,1
3229,從之,1
3230,之游,1
3231,游何,1
3232,當濟,1
3233,濟所,1
3234,所屆,1
3235,屆伏,1
3236,枕舊,1
3237,遊曠,1
3238,曠笙,1
3239,笙簧,1
3240,簧勞,1
3241,思平,1
3242,生重,1
3243,重交,1
3244,交結,1
3245,結迨,1
3246,迨此,1
3247,此令,1
3248,人疑,1
3249,疑冰,1
3250,冰室,1
3251,無暖,1
3252,暖氣,1
3253,氣炎,1
3254,炎雲,1
3255,雲空,1
3256,空赫,1
3257,赫曦,1
3258,曦隙,1
3259,隙駒,1
3260,駒不,1
3261,暫駐,1
3262,駐日,1
3263,日聽,1
3264,聽涼,1
3265,涼蟬,1
3266,蟬悲,1
3267,悲壯,1
3268,壯圖,1
3269,圖哀,1
3270,哀未,1
3271,未立,1
3272,立斑,1
3273,斑白,1
3274,白恨,1
3275,恨吾,1
3276,吾衰,1
3277,衰夫,1
3278,子自,1
3279,楚緬,1
3280,懷嵩,1
3281,汝期,1
3282,期顧,1
3283,顧予,1
3284,予衡,1
3285,衡茅,1
3286,茅下,1
3287,下兼,1
3288,兼致,1
3289,致稟,1
3290,稟物,1
3291,物資,1
3292,資脫,1
3293,脫分,1
3294,分趨,1
3295,庭禮,1
3296,禮殷,1
3297,勤伐,1
3298,伐木,1
3299,木詩,1
3300,詩脫,1
3301,脫君,1
3302,君車,1
3303,車前,1
3304,前鞅,1
3305,鞅設,1
3306,設我,1
3307,我園,1
3308,中葵,1
3309,葵鬥,1
3310,鬥酒,1
3311,酒須,1
3312,須寒,1
3313,寒興,1
3314,興明,1
3315,朝難,1
3316,難重,1
3317,重持,1
3318,持閑,1
3319,歸日,1
3320,日無,1
3321,無事,1
3322,雲臥,1
3323,臥晝,1
3324,晝不,1
3325,不起,1
3326,起有,1
3327,有客,1
3328,客款,1
3329,款柴,1
3330,扉自,1
3331,自雲,1
3332,雲巢,1
3333,巢居,1
3334,居子,1
3335,子居,1
3336,居閑,1
3337,閑好,1
3338,好芝,1
3339,朮采,1
3340,來城,1
3341,城市,1
3342,市家,1
3343,家在,1
3344,在鹿,1
3345,常游,1
3346,游澗,1
3347,澗澤,1
3348,澤水,1
3349,水手,1
3350,手持,1
3351,持白,1
3352,白羽,1
3353,羽扇,1
3354,扇腳,1
3355,腳步,1
3356,步青,1
3357,青芒,1
3358,芒履,1
3359,履聞,1
3360,聞道,1
3361,道鶴,1
3362,鶴書,1
3363,書征,1
3364,征臨,1
3365,流還,1
3366,還洗,1
3367,洗耳,1
3368,耳弊,1
3369,廬隔,1
3370,塵喧,1
3371,喧惟,1
3372,惟先,1
3373,先養,1
3374,養恬,1
3375,恬素,1
3376,素卜,1
3377,卜鄰,1
3378,鄰近,1
3379,近三,1
3380,徑植,1
3381,植果,1
3382,果盈,1
3383,盈千,1
3384,千樹,1
3385,樹粵,1
3386,粵余,1
3387,余任,1
3388,任推,1
3389,遷三,1
3390,十猶,1
3391,未遇,1
3392,遇書,1
3393,劍時,1
3394,時將,1
3395,晚丘,1
3396,園日,1
3397,已暮,1
3398,暮晨,1
3399,晨興,1
3400,興自,1
3401,多懷,1
3402,懷晝,1
3403,晝坐,1
3404,坐常,1
3405,常寡,1
3406,寡悟,1
3407,悟沖,1
3408,天羨,1
3409,鵠爭,1
3410,爭食,1
3411,食羞,1
3412,羞雞,1
3413,雞鶩,1
3414,鶩望,1
3415,馬門,1
3416,門勞,1
3417,歌采,1
3418,樵路,1
3419,路鄉,1
3420,鄉曲,1
3421,曲無,1
3422,己朝,1
3423,端乏,1
3424,乏親,1
3425,親故,1
3426,故誰,1
3427,能為,1
3428,為揚,1
3429,揚雄,1
3430,雄一,1
3431,一薦,1
3432,薦甘,1
3433,泉賦,1
3434,賦采,1
3435,人深,1
3436,深山,1
3437,山深,1
3438,深樹,1
3439,樹重,1
3440,重疊,1
3441,疊橋,1
3442,橋崩,1
3443,崩臥,1
3444,臥槎,1
3445,槎擁,1
3446,擁路,1
3447,路險,1
3448,險垂,1
3449,藤接,1
3450,接日,1
3451,落伴,1
3452,伴將,1
3453,將稀,1
3454,稀山,1
3455,風拂,1
3456,拂蘿,1
3457,衣長,1
3458,長歌,1
3459,歌負,1
3460,負輕,1
3461,輕策,1
3462,策平,1
3463,平野,1
3464,野望,1
3465,望煙,1
3466,煙歸,1
3467,歸大,1
3468,江分,1
3469,分九,1
3470,九流,1
3471,流淼,1
3472,淼淼,1
3473,淼成,1
3474,成水,1
3475,水鄉,1
3476,鄉舟,1
3477,乘利,1
3478,涉往,1
3479,來至,1
3480,至潯,1
3481,陽因,1
3482,之泛,1
3483,泛五,1
3484,湖流,1
3485,流浪,1
3486,浪經,1
3487,經三,1
3488,湘觀,1
3489,觀濤,1
3490,濤壯,1
3491,壯枚,1
3492,枚發,1
3493,發吊,1
3494,屈痛,1
3495,痛沉,1
3496,沉湘,1
3497,湘魏,1
3498,闕心,1
3499,心恒,1
3500,恒在,1
3501,在金,1
3502,門詔,1
3503,詔不,1
3504,不忘,1
3505,忘遙,1
3506,遙憐,1
3507,憐上,1
3508,上林,1
3509,林雁,1
3510,雁冰,1
3511,冰泮,1
3512,泮也,1
3513,也回,1
3514,回翔,1
3515,翔東,1
3516,東旭,1
3517,旭早,1
3518,早光,1
3519,光芒,1
3520,芒渚,1
3521,渚禽,1
3522,禽已,1
3523,已驚,1
3524,驚聒,1
3525,聒臥,1
3526,聞漁,1
3527,浦口,1
3528,口橈,1
3529,橈聲,1
3530,聲暗,1
3531,相撥,1
3532,撥日,1
3533,出氣,1
3534,氣象,1
3535,象分,1
3536,分始,1
3537,知江,1
3538,湖闊,1
3539,闊美,1
3540,人常,1
3541,晏起,1
3542,起照,1
3543,影弄,1
3544,弄流,1
3545,流沫,1
3546,沫飲,1
3547,飲水,1
3548,水畏,1
3549,畏驚,1
3550,驚猿,1
3551,猿祭,1
3552,祭魚,1
3553,魚時,1
3554,見獺,1
3555,獺舟,1
3556,行自,1
3557,自無,1
3558,無悶,1
3559,悶況,1
3560,況值,1
3561,值晴,1
3562,晴景,1
3563,景豁,1
3564,豁予,1
3565,予奉,1
3566,奉垂,1
3567,堂誡,1
3568,誡千,1
3569,金非,1
3570,非所,1
3571,所輕,1
3572,輕為,1
3573,為多,1
3574,多山,1
3575,水樂,1
3576,樂頻,1
3577,頻作,1
3578,作泛,1
3579,五嶽,1
3580,嶽追,1
3581,追向,1
3582,向子,1
3583,子三,1
3584,湘吊,1
3585,屈平,1
3586,湖經,1
3587,經洞,1
3588,庭闊,1
3589,闊江,1
3590,江入,1
3591,入新,1
3592,新安,1
3593,安清,1
3594,清複,1
3595,複聞,1
3596,聞嚴,1
3597,嚴陵,1
3598,陵瀨,1
3599,瀨乃,1
3600,乃在,1
3601,茲湍,1
3602,湍路,1
3603,路疊,1
3604,疊障,1
3605,障數,1
3606,數百,1
3607,洄非,1
3608,一趣,1
3609,趣彩,1
3610,翠相,1
3611,相氛,1
3612,氳別,1
3613,別流,1
3614,流亂,1
3615,亂奔,1
3616,奔注,1
3617,注釣,1
3618,釣磯,1
3619,磯平,1
3620,平可,1
3621,可坐,1
3622,坐苔,1
3623,苔磴,1
3624,磴滑,1
3625,滑難,1
3626,難步,1
3627,步猿,1
3628,猿飲,1
3629,飲石,1
3630,下潭,1
3631,潭鳥,1
3632,鳥還,1
3633,還日,1
3634,日邊,1
3635,樹觀,1
3636,觀奇,1
3637,奇恨,1
3638,恨來,1
3639,來晚,1
3640,晚倚,1
3641,倚棹,1
3642,棹惜,1
3643,惜將,1
3644,將暮,1
3645,暮揮,1
3646,揮手,1
3647,手弄,1
3648,弄潺,1
3649,潺湲,1
3650,湲從,1
3651,茲洗,1
3652,洗塵,1
3653,塵慮,1
3654,慮仲,1
3655,仲尼,1
3656,尼既,1
3657,雲歿,1
3658,歿余,1
3659,亦浮,1
3660,浮於,1
3661,於海,1
3662,海昏,1
3663,昏見,1
3664,見斗,1
3665,斗柄,1
3666,柄回,1
3667,回方,1
3668,歲星,1
3669,星改,1
3670,改虛,1
3671,虛舟,1
3672,舟任,1
3673,任所,1
3674,適垂,1
3675,釣非,1
3676,非有,1
3677,待為,1
3678,為問,1
3679,問乘,1
3680,槎人,1
3681,人滄,1
3682,洲複,1
3683,複誰,1
3684,誰在,1
3685,在我,1
3686,行滯,1
3687,滯宛,1
3688,宛許,1
3689,許日,1
3690,京豫,1
3691,豫曠,1
3692,曠野,1
3693,野莽,1
3694,莽茫,1
3695,茫鄉,1
3696,鄉山,1
3697,山在,1
3698,處孤,1
3699,孤煙,1
3700,煙村,1
3701,村際,1
3702,際起,1
3703,起歸,1
3704,歸雁,1
3705,雁天,1
3706,邊去,1
3707,去積,1
3708,雪覆,1
3709,覆平,1
3710,平皋,1
3711,皋饑,1
3712,饑鷹,1
3713,鷹捉,1
3714,捉寒,1
3715,寒兔,1
3716,兔少,1
3717,少年,1
3718,年弄,1
3719,弄文,1
3720,文墨,1
3721,墨屬,1
3722,屬意,1
3723,在章,1
3724,章句,1
3725,句十,1
3726,上恥,1
3727,恥還,1
3728,還家,1
3729,家裴,1
3730,回守,1
3731,守歸,1
3732,路阮,1
3733,阮籍,1
3734,籍推,1
3735,推名,1
3736,名飲,1
3737,飲清,1
3738,風滿,1
3739,滿竹,1
3740,林半,1
3741,酣下,1
3742,下衫,1
3743,袖拂,1
3744,拂拭,1
3745,拭龍,1
3746,龍唇,1
3747,唇琴,1
3748,琴一,1
3749,杯彈,1
3750,彈一,1
3751,一曲,1
3752,曲不,1
3753,覺夕,1
3754,陽沉,1
3755,沉予,1
3756,水聞,1
3757,聞之,1
3758,之諧,1
3759,諧夙,1
3760,夙心,1
3761,心妾,1
3762,妾有,1
3763,有盤,1
3764,盤龍,1
3765,龍鏡,1
3766,鏡清,1
3767,清光,1
3768,光常,1
3769,常晝,1
3770,晝發,1
3771,發自,1
3772,自從,1
3773,從生,1
3774,生塵,1
3775,塵埃,1
3776,埃有,1
3777,有若,1
3778,若霧,1
3779,霧中,1
3780,中月,1
3781,月愁,1
3782,愁來,1
3783,來試,1
3784,試取,1
3785,取照,1
3786,照坐,1
3787,坐歎,1
3788,歎生,1
3789,生白,1
3790,髮寄,1
3791,語邊,1
3792,邊塞,1
3793,塞人,1
3794,人如,1
3795,何久,1
3796,別明,1
3797,發覽,1
3798,覽群,1
3799,群物,1
3800,物萬,1
3801,萬木,1
3802,木何,1
3803,何陰,1
3804,陰森,1
3805,森凝,1
3806,凝霜,1
3807,霜漸,1
3808,漸漸,1
3809,漸水,1
3810,水庭,1
3811,庭橘,1
3812,橘似,1
3813,似懸,1
3814,懸金,1
3815,金女,1
3816,女伴,1
3817,伴爭,1
3818,攀摘,1
3819,摘摘,1
3820,摘窺,1
3821,窺礙,1
3822,礙葉,1
3823,葉深,1
3824,深並,1
3825,並生,1
3826,生憐,1
3827,憐共,1
3828,共蒂,1
3829,蒂相,1
3830,示感,1
3831,感同,1
3832,心骨,1
3833,骨刺,1
3834,刺紅,1
3835,紅羅,1
3836,羅被,1
3837,被香,1
3838,香黏,1
3839,黏翠,1
3840,羽簪,1
3841,簪擎,1
3842,擎來,1
3843,來玉,1
3844,玉盤,1
3845,盤裏,1
3846,裏全,1
3847,全勝,1
3848,勝在,1
3849,在幽,1
3850,幽林,1
3851,中有,1
3852,有早,1
3853,早梅,1
3854,梅年,1
3855,年例,1
3856,例犯,1
3857,犯寒,1
3858,寒開,1
3859,開少,1
3860,少婦,1
3861,婦曾,1
3862,曾攀,1
3863,攀折,1
3864,折將,1
3865,歸插,1
3866,插鏡,1
3867,鏡臺,1
3868,臺猶,1
3869,猶言,1
3870,言看,1
3871,看不,1
3872,足更,1
3873,更欲,1
3874,欲剪,1
3875,剪刀,1
3876,刀裁,1
3877,裁帝,1
3878,帝裏,1
3879,裏重,1
3880,重清,1
3881,清明,1
3882,明人,1
3883,心自,1
3884,自愁,1
3885,思車,1
3886,車聲,1
3887,聲上,1
3888,上路,1
3889,路合,1
3890,合柳,1
3891,色東,1
3892,東城,1
3893,城翠,1
3894,落草,1
3895,草齊,1
3896,齊生,1
3897,生鶯,1
3898,鶯飛,1
3899,飛蝶,1
3900,蝶雙,1
3901,雙戲,1
3902,戲空,1
3903,空堂,1
3904,堂坐,1
3905,坐相,1
3906,相憶,1
3907,憶酌,1
3908,酌茗,1
3909,茗聊,1
3910,聊代,1
3911,代醉,1
3912,醉昔,1
3913,昔時,1
3914,時風,1
3915,景登,1
3916,臨地,1
3917,地今,1
3918,日衣,1
3919,冠送,1
3920,別筵,1
3921,筵醉,1
3922,醉坐,1
3923,坐自,1
3924,自傾,1
3925,傾彭,1
3926,澤酒,1
3927,酒思,1
3928,歸長,1
3929,長望,1
3930,望白,1
3931,雲天,1
3932,天洞,1
3933,庭一,1
3934,一葉,1
3935,葉驚,1
3936,秋早,1
3937,早濩,1
3938,濩落,1
3939,落空,1
3940,空嗟,1
3941,嗟滯,1
3942,滯江,1
3943,島寄,1
3944,語朝,1
3945,朝廷,1
3946,廷當,1
3947,當世,1
3948,時重,1
3949,重見,1
3950,見長,1
3951,長安,1
3952,安道,1
3953,道當,1
3954,當昔,1
3955,昔襄,1
3956,陽雄,1
3957,雄盛,1
3958,盛時,1
3959,公常,1
3960,常醉,1
3961,醉習,1
3962,習家,1
3963,家池,1
3964,池池,1
3965,邊釣,1
3966,釣女,1
3967,女日,1
3968,隨妝,1
3969,成照,1
3970,影競,1
3971,競來,1
3972,窺澄,1
3973,澄波,1
3974,波澹,1
3975,澹澹,1
3976,澹芙,1
3977,蓉發,1
3978,發綠,1
3979,綠岸,1
3980,岸毿,1
3981,毿毿,1
3982,毿楊,1
3983,柳垂,1
3984,垂一,1
3985,朝物,1
3986,物變,1
3987,變人,1
3988,亦非,1
3989,非四,1
3990,四面,1
3991,面荒,1
3992,荒涼,1
3993,涼人,1
3994,人徑,1
3995,徑稀,1
3996,稀意,1
3997,氣豪,1
3998,豪華,1
3999,華何,1
4000,處在,1
4001,空餘,1
4002,草露,1
4003,露濕,1
4004,濕羅,1
4005,羅衣,1
4006,衣此,1
4007,地朝,1
4008,來餞,1
4009,餞行,1
4010,行者,1
4011,者翻,1
4012,翻向,1
4013,向此,1
4014,中牧,1
4015,牧征,1
4016,馬征,1
4017,馬分,1
4018,飛日,1
4019,日漸,1
4020,漸斜,1
4021,斜見,1
4022,見此,1
4023,此空,1
4024,空為,1
4025,為人,1
4026,人所,1
4027,所嗟,1
4028,嗟殷,1
4029,勤為,1
4030,為訪,1
4031,訪桃,1
4032,源路,1
4033,路予,1
4034,亦歸,1
4035,來松,1
4036,家昔,1
4037,昔登,1
4038,登江,1
4039,上黃,1
4040,樓遙,1
4041,遙愛,1
4042,中鸚,1
4043,鸚鵡,1
4044,鵡洲,1
4045,洲洲,1
4046,洲勢,1
4047,勢逶,1
4048,迤繞,1
4049,繞碧,1
4050,碧流,1
4051,流鴛,1
4052,鴛鴦,1
4053,鴦鸂,1
4054,鸂鶒,1
4055,鶒滿,1
4056,滿灘,1
4057,頭灘,1
4058,頭日,1
4059,沙磧,1
4060,磧長,1
4061,長金,1
4062,金沙,1
4063,沙熠,1
4064,熠熠,1
4065,熠動,1
4066,動飆,1
4067,飆光,1
4068,光舟,1
4069,舟人,1
4070,人牽,1
4071,牽錦,1
4072,錦纜,1
4073,纜浣,1
4074,浣女,1
4075,女結,1
4076,結羅,1
4077,羅裳,1
4078,裳月,1
4079,月明,1
4080,明全,1
4081,全見,1
4082,見蘆,1
4083,蘆花,1
4084,花白,1
4085,白風,1
4086,風起,1
4087,起遙,1
4088,遙聞,1
4089,聞杜,1
4090,杜若,1
4091,若香,1
4092,香君,1
4093,君行,1
4094,行采,1
4095,采采,1
4096,采莫,1
4097,相忘,1
4098,忘君,1
4099,見巫,1
4100,巫山,1
4101,山神,1
4102,女作,1
4103,作行,1
4104,雲霏,1
4105,霏紅,1
4106,紅遝,1
4107,遝翠,1
4108,翠曉,1
4109,氳嬋,1
4110,嬋娟,1
4111,娟流,1
4112,流入,1
4113,入楚,1
4114,楚王,1
4115,夢倏,1
4116,倏忽,1
4117,忽還,1
4118,還隨,1
4119,隨零,1
4120,零雨,1
4121,雨分,1
4122,分空,1
4123,空中,1
4124,中飛,1
4125,去複,1
4126,複飛,1
4127,飛來,1
4128,來朝,1
4129,朝暮,1
4130,暮暮,1
4131,暮下,1
4132,下陽,1
4133,臺愁,1
4134,愁君,1
4135,君此,1
4136,去為,1
4137,為仙,1
4138,仙尉,1
4139,尉便,1
4140,便逐,1
4141,逐行,1
4142,不回,1
4143,回山,1
4144,寺鐘,1
4145,鐘鳴,1
4146,鳴晝,1
4147,晝已,1
4148,已昏,1
4149,昏漁,1
4150,漁梁,1
4151,梁渡,1
4152,頭爭,1
4153,爭渡,1
4154,渡喧,1
4155,喧人,1
4156,隨沙,1
4157,沙路,1
4158,路向,1
4159,向江,1
4160,村餘,1
4161,亦乘,1
4162,舟歸,1
4163,歸鹿,1
4164,門鹿,1
4165,門月,1
4166,照開,1
4167,開煙,1
4168,忽到,1
4169,到龐,1
4170,公棲,1
4171,棲隱,1
4172,隱處,1
4173,處岩,1
4174,岩扉,1
4175,松徑,1
4176,徑長,1
4177,長寂,1
4178,寂寥,1
4179,寥惟,1
4180,有幽,1
4181,人夜,1
4182,來去,1
4183,去秦,1
4184,城舊,1
4185,來稱,1
4186,稱窈,1
4187,窕漢,1
4188,漢家,1
4189,家更,1
4190,更衣,1
4191,衣應,1
4192,應不,1
4193,不少,1
4194,少紅,1
4195,粉邀,1
4196,邀君,1
4197,君在,1
4198,樓苦,1
4199,苦夜,1
4200,夜長,1
4201,長難,1
4202,難曉,1
4203,曉長,1
4204,長樂,1
4205,樂宮,1
4206,宮中,1
4207,中鐘,1
4208,鐘暗,1
4209,暗來,1
4210,來可,1
4211,憐歌,1
4212,歌舞,1
4213,舞慣,1
4214,慣相,1
4215,催歡,1
4216,娛此,1
4217,此事,1
4218,事今,1
4219,今寂,1
4220,寞惟,1
4221,有年,1
4222,年陵,1
4223,陵樹,1
4224,樹哀,1
4225,哀蔓,1
4226,蔓草,1
4227,草蔽,1
4228,蔽極,1
4229,極野,1
4230,野蘭,1
4231,蘭芝,1
4232,芝結,1
4233,結孤,1
4234,孤根,1
4235,根眾,1
4236,眾音,1
4237,何其,1
4238,其繁,1
4239,繁伯,1
4240,伯牙,1
4241,牙獨,1
4242,獨不,1
4243,不喧,1
4244,喧當,1
4245,當時,1
4246,時高,1
4247,深意,1
4248,意舉,1
4249,舉世,1
4250,世無,1
4251,能分,1
4252,分鐘,1
4253,期一,1
4254,一見,1
4255,見知,1
4256,知山,1
4257,水千,1
4258,千秋,1
4259,秋聞,1
4260,聞爾,1
4261,爾其,1
4262,其保,1
4263,保靜,1
4264,靜節,1
4265,節薄,1
4266,薄俗,1
4267,俗徒,1
4268,徒云,1
4269,云云,1
4270,云忽,1
4271,忽示,1
4272,示登,1
4273,高作,1
4274,作能,1
4275,能寬,1
4276,寬旅,1
4277,旅寓,1
4278,寓情,1
4279,情弦,1
4280,歌既,1
4281,既多,1
4282,多暇,1
4283,暇山,1
4284,水思,1
4285,思微,1
4286,微清,1
4287,清草,1
4288,草得,1
4289,得風,1
4290,風光,1
4291,光動,1
4292,動虹,1
4293,虹因,1
4294,因雨,1
4295,雨氣,1
4296,氣成,1
4297,成謬,1
4298,謬承,1
4299,承巴,1
4300,巴里,1
4301,里和,1
4302,和非,1
4303,非敢,1
4304,敢應,1
4305,應同,1
4306,聲風,1
4307,吹沙,1
4308,沙海,1
4309,海雪,1
4310,雪漸,1
4311,漸作,1
4312,作柳,1
4313,柳園,1
4314,園春,1
4315,春宛,1
4316,宛轉,1
4317,轉隨,1
4318,隨香,1
4319,香騎,1
4320,騎輕,1
4321,輕盈,1
4322,盈伴,1
4323,人歌,1
4324,歌疑,1
4325,疑郢,1
4326,郢中,1
4327,中客,1
4328,客態,1
4329,態比,1
4330,比洛,1
4331,川神,1
4332,神今,1
4333,楚雙,1
4334,雙飛,1
4335,飛似,1
4336,入秦,1
4337,楚萬,1
4338,萬重,1
4339,日群,1
4340,公賞,1
4341,賞宴,1
4342,宴來,1
4343,共乘,1
4344,乘休,1
4345,沐暇,1
4346,暇同,1
4347,同醉,1
4348,醉菊,1
4349,花杯,1
4350,杯逸,1
4351,逸思,1
4352,思高,1
4353,高秋,1
4354,發歡,1
4355,歡情,1
4356,情落,1
4357,景催,1
4358,催國,1
4359,國人,1
4360,人咸,1
4361,咸寡,1
4362,寡和,1
4363,和遙,1
4364,遙愧,1
4365,愧洛,1
4366,陽才,1
4367,才八,1
4368,水平,1
4369,平涵,1
4370,涵虛,1
4371,虛混,1
4372,混太,1
4373,太清,1
4374,清氣,1
4375,氣蒸,1
4376,蒸雲,1
4377,澤波,1
4378,波撼,1
4379,撼岳,1
4380,岳陽,1
4381,欲濟,1
4382,濟無,1
4383,無舟,1
4384,楫端,1
4385,端居,1
4386,居恥,1
4387,恥聖,1
4388,聖明,1
4389,明坐,1
4390,坐觀,1
4391,觀垂,1
4392,釣者,1
4393,者空,1
4394,有羨,1
4395,魚情,1
4396,情蜀,1
4397,蜀琴,1
4398,琴久,1
4399,不弄,1
4400,弄玉,1
4401,玉匣,1
4402,匣細,1
4403,細塵,1
4404,塵生,1
4405,生絲,1
4406,絲脆,1
4407,脆弦,1
4408,弦將,1
4409,將斷,1
4410,徽色,1
4411,色尚,1
4412,尚榮,1
4413,榮知,1
4414,音徒,1
4415,徒自,1
4416,自惜,1
4417,惜聾,1
4418,聾俗,1
4419,俗本,1
4420,本相,1
4421,相輕,1
4422,輕不,1
4423,不遇,1
4424,遇鐘,1
4425,期聽,1
4426,聽誰,1
4427,知鸞,1
4428,鸞鳳,1
4429,鳳聲,1
4430,聲拂,1
4431,衣何,1
4432,處去,1
4433,高枕,1
4434,枕南,1
4435,南欲,1
4436,欲徇,1
4437,徇五,1
4438,五鬥,1
4439,鬥祿,1
4440,祿其,1
4441,如七,1
4442,七不,1
4443,不堪,1
4444,堪早,1
4445,早朝,1
4446,朝非,1
4447,非晚,1
4448,晚起,1
4449,起束,1
4450,束帶,1
4451,帶異,1
4452,異抽,1
4453,抽簪,1
4454,簪因,1
4455,因向,1
4456,向智,1
4457,者說,1
4458,說游,1
4459,游魚,1
4460,魚思,1
4461,舊潭,1
4462,潭聞,1
4463,君息,1
4464,陰地,1
4465,地東,1
4466,東郭,1
4467,郭柳,1
4468,間左,1
4469,右瀍,1
4470,瀍澗,1
4471,澗水,1
4472,水門,1
4473,庭緱,1
4474,緱氏,1
4475,氏山,1
4476,山抱,1
4477,抱琴,1
4478,琴來,1
4479,醉垂,1
4480,坐乘,1
4481,乘閑,1
4482,客莫,1
4483,相待,1
4484,待尋,1
4485,尋源,1
4486,源殊,1
4487,未還,1
4488,還龍,1
4489,龍沙,1
4490,沙豫,1
4491,章北,1
4492,北九,1
4493,日掛,1
4494,帆過,1
4495,過風,1
4496,俗因,1
4497,因時,1
4498,見湖,1
4499,湖山,1
4500,山發,1
4501,發興,1
4502,多客,1
4503,中誰,1
4504,誰送,1
4505,送酒,1
4506,酒棹,1
4507,棹裏,1
4508,裏自,1
4509,自成,1
4510,成歌,1
4511,歌歌,1
4512,歌竟,1
4513,竟乘,1
4514,流去,1
4515,去滔,1
4516,滔滔,1
4517,滔任,1
4518,任夕,1
4519,波正,1
4520,正字,1
4521,字芸,1
4522,芸香,1
4523,香閣,1
4524,閣幽,1
4525,人竹,1
4526,竹素,1
4527,素園,1
4528,園經,1
4529,過宛,1
4530,宛如,1
4531,昨歸,1
4532,臥寂,1
4533,寂無,1
4534,喧高,1
4535,高鳥,1
4536,鳥能,1
4537,能擇,1
4538,擇木,1
4539,木羝,1
4540,羝羊,1
4541,羊漫,1
4542,漫觸,1
4543,觸藩,1
4544,藩物,1
4545,情今,1
4546,今已,1
4547,已見,1
4548,見從,1
4549,此願,1
4550,願忘,1
4551,言洞,1
4552,庭秋,1
4553,秋正,1
4554,正闊,1
4555,闊餘,1
4556,餘欲,1
4557,欲泛,1
4558,泛歸,1
4559,歸船,1
4560,船莫,1
4561,辨荊,1
4562,吳地,1
4563,地唯,1
4564,唯餘,1
4565,餘水,1
4566,水共,1
4567,共天,1
4568,天渺,1
4569,渺彌,1
4570,彌江,1
4571,江樹,1
4572,樹沒,1
4573,沒合,1
4574,合遝,1
4575,遝海,1
4576,潮連,1
4577,連遲,1
4578,爾為,1
4579,為舟,1
4580,楫相,1
4581,將濟,1
4582,濟巨,1
4583,巨川,1
4584,川一,1
4585,丘常,1
4586,臥三,1
4587,徑苦,1
4588,苦無,1
4589,無資,1
4590,資北,1
4591,北土,1
4592,土非,1
4593,吾願,1
4594,願東,1
4595,林懷,1
4596,懷我,1
4597,我師,1
4598,師黃,1
4599,金然,1
4600,然桂,1
4601,桂盡,1
4602,盡壯,1
4603,志逐,1
4604,逐年,1
4605,年衰,1
4606,衰日,1
4607,風至,1
4608,至聞,1
4609,聞蟬,1
4610,蟬但,1
4611,但益,1
4612,益悲,1
4613,悲我,1
4614,行窮,1
4615,窮水,1
4616,國君,1
4617,君使,1
4618,使入,1
4619,入京,1
4620,華相,1
4621,里孤,1
4622,一涯,1
4623,涯臥,1
4624,聞海,1
4625,潮至,1
4626,至起,1
4627,起視,1
4628,視江,1
4629,江月,1
4630,月斜,1
4631,斜借,1
4632,借問,1
4633,問同,1
4634,舟客,1
4635,客何,1
4636,時到,1
4637,到永,1
4638,永嘉,1
4639,嘉卜,1
4640,卜洛,1
4641,洛成,1
4642,周地,1
4643,地浮,1
4644,杯上,1
4645,巳筵,1
4646,筵鬥,1
4647,雞寒,1
4648,食下,1
4649,下走,1
4650,馬射,1
4651,射堂,1
4652,前垂,1
4653,垂柳,1
4654,柳金,1
4655,金堤,1
4656,堤合,1
4657,合平,1
4658,平沙,1
4659,沙翠,1
4660,翠幕,1
4661,幕連,1
4662,連不,1
4663,知王,1
4664,王逸,1
4665,逸少,1
4666,少何,1
4667,處會,1
4668,會群,1
4669,群賢,1
4670,賢故,1
4671,人荊,1
4672,荊府,1
4673,掾尚,1
4674,尚有,1
4675,有柏,1
4676,台威,1
4677,威移,1
4678,移職,1
4679,職自,1
4680,自樊,1
4681,樊衍,1
4682,衍芳,1
4683,芳聲,1
4684,聲聞,1
4685,聞帝,1
4686,帝畿,1
4687,畿昔,1
4688,昔余,1
4689,余臥,1
4690,臥林,1
4691,林巷,1
4692,巷載,1
4693,過柴,1
4694,松菊,1
4695,菊無,1
4696,無時,1
4697,時賞,1
4698,賞鄉,1
4699,欲懶,1
4700,懶歸,1
4701,歸春,1
4702,春堤,1
4703,堤楊,1
4704,柳發,1
4705,發憶,1
4706,人期,1
4707,期草,1
4708,木本,1
4709,本無,1
4710,無意,1
4711,意榮,1
4712,榮枯,1
4713,枯自,1
4714,有時,1
4715,陰定,1
4716,定遠,1
4717,思不,1
4718,及蘭,1
4719,亭會,1
4720,會空,1
4721,空吟,1
4722,吟祓,1
4723,祓禊,1
4724,禊詩,1
4725,詩江,1
4726,路經,1
4727,經廬,1
4728,廬阜,1
4729,阜松,1
4730,門入,1
4731,入虎,1
4732,溪聞,1
4733,君尋,1
4734,尋寂,1
4735,寂樂,1
4736,樂清,1
4737,清夜,1
4738,夜宿,1
4739,宿招,1
4740,招提,1
4741,提石,1
4742,石鏡,1
4743,鏡山,1
4744,精怯,1
4745,怯禪,1
4746,禪枝,1
4747,枝怖,1
4748,怖鴿,1
4749,鴿棲,1
4750,棲一,1
4751,一燈,1
4752,燈如,1
4753,如悟,1
4754,悟道,1
4755,道為,1
4756,為照,1
4757,照客,1
4758,迷山,1
4759,山暝,1
4760,暝聞,1
4761,猿愁,1
4762,愁滄,1
4763,滄江,1
4764,江急,1
4765,急夜,1
4766,夜流,1
4767,流風,1
4768,風鳴,1
4769,鳴兩,1
4770,兩岸,1
4771,岸葉,1
4772,葉月,1
4773,照一,1
4774,一孤,1
4775,舟建,1
4776,建德,1
4777,德非,1
4778,土維,1
4779,維揚,1
4780,揚憶,1
4781,憶舊,1
4782,遊還,1
4783,還將,1
4784,將兩,1
4785,兩行,1
4786,行淚,1
4787,淚遙,1
4788,寄海,1
4789,海西,1
4790,西頭,1
4791,頭沿,1
4792,沿溯,1
4793,溯非,1
4794,非便,1
4795,便習,1
4796,習風,1
4797,波厭,1
4798,厭苦,1
4799,苦辛,1
4800,辛忽,1
4801,聞遷,1
4802,遷穀,1
4803,穀鳥,1
4804,來報,1
4805,報五,1
4806,五陵,1
4807,陵春,1
4808,春嶺,1
4809,嶺北,1
4810,北回,1
4811,回征,1
4812,帆巴,1
4813,東問,1
4814,問故,1
4815,人桃,1
4816,源何,1
4817,是遊,1
4818,子正,1
4819,正迷,1
4820,津田,1
4821,春事,1
4822,事起,1
4823,起丁,1
4824,丁壯,1
4825,壯就,1
4826,就東,1
4827,東陂,1
4828,陂殷,1
4829,殷殷,1
4830,殷雷,1
4831,雷聲,1
4832,聲作,1
4833,作森,1
4834,森森,1
4835,森雨,1
4836,足垂,1
4837,垂海,1
4838,海虹,1
4839,虹晴,1
4840,晴始,1
4841,見河,1
4842,河柳,1
4843,柳潤,1
4844,潤初,1
4845,初移,1
4846,移予,1
4847,在耕,1
4848,耕鑿,1
4849,鑿因,1
4850,君問,1
4851,問土,1
4852,土宜,1
4853,宜行,1
4854,行乏,1
4855,乏憩,1
4856,憩予,1
4857,予駕,1
4858,駕依,1
4859,然見,1
4860,見汝,1
4861,汝墳,1
4862,墳洛,1
4863,川方,1
4864,方罷,1
4865,罷雪,1
4866,雪嵩,1
4867,嵩嶂,1
4868,嶂有,1
4869,有殘,1
4870,殘雲,1
4871,雲曳,1
4872,曳曳,1
4873,曳半,1
4874,裏明,1
4875,明明,1
4876,明五,1
4877,色分,1
4878,分聊,1
4879,題一,1
4880,時興,1
4881,興因,1
4882,因寄,1
4883,寄盧,1
4884,盧征,1
4885,君海,1
4886,上求,1
4887,求仙,1
4888,仙客,1
4889,客三,1
4890,山望,1
4891,望幾,1
4892,幾時,1
4893,時焚,1
4894,焚香,1
4895,香宿,1
4896,宿華,1
4897,頂裛,1
4898,裛露,1
4899,露采,1
4900,采靈,1
4901,靈芝,1
4902,芝屢,1
4903,屢躡,1
4904,躡莓,1
4905,苔滑,1
4906,滑將,1
4907,尋汗,1
4908,漫期,1
4909,期倘,1
4910,倘因,1
4911,因松,1
4912,去長,1
4913,長與,1
4914,與世,1
4915,人辭,1
4916,辭犯,1
4917,犯霜,1
4918,霜驅,1
4919,驅曉,1
4920,曉駕,1
4921,駕數,1
4922,數裏,1
4923,裏見,1
4924,見唐,1
4925,唐城,1
4926,城旅,1
4927,館歸,1
4928,歸心,1
4929,心逼,1
4930,逼荒,1
4931,荒村,1
4932,村客,1
4933,思盈,1
4934,盈訪,1
4935,訪人,1
4936,留後,1
4937,後信,1
4938,信策,1
4939,策蹇,1
4940,蹇赴,1
4941,赴前,1
4942,程欲,1
4943,識離,1
4944,離魂,1
4945,魂斷,1
4946,斷長,1
4947,長空,1
4948,空聽,1
4949,聽雁,1
4950,雁聲,1
4951,聲弊,1
4952,廬在,1
4953,在郭,1
4954,外素,1
4955,素產,1
4956,產惟,1
4957,惟田,1
4958,園左,1
4959,右林,1
4960,林野,1
4961,曠不,1
4962,聞朝,1
4963,朝市,1
4964,市喧,1
4965,喧釣,1
4966,釣竿,1
4967,竿垂,1
4968,垂北,1
4969,澗樵,1
4970,樵唱,1
4971,唱入,1
4972,入南,1
4973,南軒,1
4974,軒書,1
4975,書取,1
4976,取幽,1
4977,棲事,1
4978,事將,1
4979,尋靜,1
4980,者論,1
4981,論養,1
4982,養疾,1
4983,疾衡,1
4984,衡簷,1
4985,簷下,1
4986,下由,1
4987,由來,1
4988,來浩,1
4989,浩氣,1
4990,氣真,1
4991,真五,1
4992,五行,1
4993,行將,1
4994,將禁,1
4995,禁火,1
4996,火十,1
4997,十步,1
4998,步任,1
4999,任尋,1
5000,尋春,1
5001,春致,1
5002,致敬,1
5003,敬惟,1
5004,惟桑,1
5005,桑梓,1
5006,梓邀,1
5007,邀歡,1
5008,歡即,1
5009,即主,1
5010,人回,1
5011,回看,1
5012,看後,1
5013,後凋,1
5014,凋色,1
5015,色青,1
5016,青翠,1
5017,翠有,1
5018,有松,1
5019,松筠,1
5020,筠去,1
5021,去國,1
5022,國似,1
5023,似如,1
5024,昨倏,1
5025,倏然,1
5026,然經,1
5027,經杪,1
5028,杪秋,1
5029,山不,1
5030,見風,1
5031,景令,1
5032,人愁,1
5033,愁誰,1
5034,誰采,1
5035,采籬,1
5036,籬下,1
5037,下菊,1
5038,菊應,1
5039,應閑,1
5040,閑池,1
5041,上樓,1
5042,樓宜,1
5043,城多,1
5044,多美,1
5045,美酒,1
5046,酒歸,1
5047,歸與,1
5048,與葛,1
5049,葛強,1
5050,強遊,1
5051,遊向,1
5052,夕槐,1
5053,槐煙,1
5054,煙起,1
5055,起蔥,1
5056,蔥蘢,1
5057,蘢池,1
5058,池館,1
5059,館曛,1
5060,曛客,1
5061,中無,1
5062,無偶,1
5063,偶坐,1
5064,坐關,1
5065,關外,1
5066,外惜,1
5067,惜離,1
5068,群燭,1
5069,燭至,1
5070,至螢,1
5071,螢光,1
5072,光滅,1
5073,滅荷,1
5074,荷枯,1
5075,枯雨,1
5076,滴聞,1
5077,聞永,1
5078,懷芸,1
5079,芸閣,1
5080,閣友,1
5081,友寂,1
5082,寞滯,1
5083,滯揚,1
5084,揚雲,1
5085,雲朝,1
5086,來登,1
5087,陟處,1
5088,處不,1
5089,不似,1
5090,似豔,1
5091,豔陽,1
5092,陽時,1
5093,時異,1
5094,縣殊,1
5095,殊風,1
5096,物羈,1
5097,羈懷,1
5098,懷多,1
5099,多所,1
5100,思剪,1
5101,剪花,1
5102,花驚,1
5103,驚歲,1
5104,早看,1
5105,看柳,1
5106,柳訝,1
5107,訝春,1
5108,春遲,1
5109,遲未,1
5110,有南,1
5111,飛雁,1
5112,雁裁,1
5113,裁書,1
5114,書欲,1
5115,誰木,1
5116,木落,1
5117,南度,1
5118,度北,1
5119,北風,1
5120,風江,1
5121,上寒,1
5122,寒我,1
5123,襄水,1
5124,水上,1
5125,上遙,1
5126,遙隔,1
5127,隔楚,1
5128,楚雲,1
5129,雲端,1
5130,端鄉,1
5131,鄉淚,1
5132,淚客,1
5133,中盡,1
5134,天際,1
5135,際看,1
5136,看迷,1
5137,津欲,1
5138,問平,1
5139,平海,1
5140,海夕,1
5141,夕漫,1
5142,漫漫,1
5143,漫林,1
5144,園雖,1
5145,雖少,1
5146,少事,1
5147,事幽,1
5148,幽獨,1
5149,獨自,1
5150,多違,1
5151,違向,1
5152,夕開,1
5153,開簾,1
5154,坐庭,1
5155,陰落,1
5156,景微,1
5157,微鳥,1
5158,鳥過,1
5159,過煙,1
5160,樹宿,1
5161,宿螢,1
5162,螢傍,1
5163,傍水,1
5164,水軒,1
5165,軒飛,1
5166,飛感,1
5167,感念,1
5168,念同,1
5169,同懷,1
5170,懷子,1
5171,子京,1
5172,華去,1
5173,不歸,1
5174,歸上,1
5175,國山,1
5176,河列,1
5177,列賢,1
5178,賢王,1
5179,王邸,1
5180,開故,1
5181,人分,1
5182,分職,1
5183,職去,1
5184,去潘,1
5185,潘令,1
5186,令寵,1
5187,寵行,1
5188,行來,1
5189,來冠,1
5190,冠蓋,1
5191,蓋趨,1
5192,趨梁,1
5193,梁苑,1
5194,苑江,1
5195,江湘,1
5196,湘失,1
5197,失楚,1
5198,材豫,1
5199,豫愁,1
5200,愁軒,1
5201,軒騎,1
5202,騎動,1
5203,動賓,1
5204,賓客,1
5205,客散,1
5206,散池,1
5207,台夕,1
5208,夕曛,1
5209,曛山,1
5210,山照,1
5211,照滅,1
5212,滅送,1
5213,送客,1
5214,客出,1
5215,出柴,1
5216,柴門,1
5217,門惆,1
5218,惆悵,1
5219,悵野,1
5220,野中,1
5221,中別,1
5222,別殷,1
5223,勤岐,1
5224,路言,1
5225,言茂,1
5226,茂林,1
5227,林予,1
5228,予偃,1
5229,息喬,1
5230,木爾,1
5231,爾飛,1
5232,飛翻,1
5233,翻無,1
5234,無使,1
5235,使穀,1
5236,穀風,1
5237,風誚,1
5238,誚須,1
5239,須令,1
5240,令友,1
5241,友道,1
5242,道存,1
5243,存十,1
5244,十五,1
5245,五彩,1
5246,衣年,1
5247,年承,1
5248,歡慈,1
5249,慈母,1
5250,母前,1
5251,前孝,1
5252,孝廉,1
5253,廉因,1
5254,因歲,1
5255,歲貢,1
5256,貢懷,1
5257,懷橘,1
5258,橘向,1
5259,向秦,1
5260,川四,1
5261,四座,1
5262,座推,1
5263,推文,1
5264,舉中,1
5265,中郎,1
5266,郎許,1
5267,許仲,1
5268,仲宣,1
5269,宣泛,1
5270,舟江,1
5271,上別,1
5272,別誰,1
5273,不仰,1
5274,仰神,1
5275,仙我,1
5276,家南,1
5277,南渡,1
5278,頭慣,1
5279,慣習,1
5280,習野,1
5281,野人,1
5282,人舟,1
5283,舟日,1
5284,夕弄,1
5285,弄清,1
5286,清淺,1
5287,淺林,1
5288,湍逆,1
5289,逆上,1
5290,上流,1
5291,流山,1
5292,河據,1
5293,據形,1
5294,勝天,1
5295,天地,1
5296,地生,1
5297,生豪,1
5298,豪酋,1
5299,酋君,1
5300,君意,1
5301,在利,1
5302,利往,1
5303,往知,1
5304,音期,1
5305,期自,1
5306,自投,1
5307,投才,1
5308,才有,1
5309,有幕,1
5310,幕中,1
5311,中士,1
5312,士甯,1
5313,甯無,1
5314,無塞,1
5315,塞上,1
5316,上勳,1
5317,勳漢,1
5318,漢兵,1
5319,兵將,1
5320,將滅,1
5321,滅虜,1
5322,虜王,1
5323,王粲,1
5324,粲始,1
5325,始從,1
5326,從軍,1
5327,軍旌,1
5328,旌旆,1
5329,旆邊,1
5330,去山,1
5331,川地,1
5332,地脈,1
5333,脈分,1
5334,分平,1
5335,一匕,1
5336,匕首,1
5337,首感,1
5338,激贈,1
5339,贈夫,1
5340,君聞,1
5341,君馳,1
5342,馳彩,1
5343,彩騎,1
5344,騎躞,1
5345,躞蹀,1
5346,蹀指,1
5347,指南,1
5348,南荊,1
5349,荊為,1
5350,為結,1
5351,結潘,1
5352,潘楊,1
5353,楊好,1
5354,好言,1
5355,言過,1
5356,過鄢,1
5357,鄢郢,1
5358,郢城,1
5359,城摽,1
5360,摽梅,1
5361,梅詩,1
5362,詩有,1
5363,贈羔,1
5364,羔雁,1
5365,雁禮,1
5366,禮將,1
5367,將行,1
5368,行今,1
5369,夜神,1
5370,仙女,1
5371,女應,1
5372,應來,1
5373,來感,1
5374,感夢,1
5375,夢情,1
5376,情寂,1
5377,寂寂,1
5378,寂竟,1
5379,竟何,1
5380,何待,1
5381,待朝,1
5382,朝空,1
5383,自歸,1
5384,尋芳,1
5385,芳草,1
5386,草去,1
5387,去惜,1
5388,惜與,1
5389,人違,1
5390,違當,1
5391,路誰,1
5392,誰相,1
5393,相假,1
5394,假知,1
5395,音世,1
5396,世所,1
5397,所稀,1
5398,稀只,1
5399,只應,1
5400,應守,1
5401,守索,1
5402,索寞,1
5403,寞還,1
5404,還掩,1
5405,掩故,1
5406,園扉,1
5407,扉兄,1
5408,兄弟,1
5409,弟游,1
5410,游吳,1
5411,吳國,1
5412,國庭,1
5413,闈戀,1
5414,戀楚,1
5415,關已,1
5416,已多,1
5417,多新,1
5418,新歲,1
5419,歲感,1
5420,感更,1
5421,更餞,1
5422,餞白,1
5423,眉還,1
5424,歸泛,1
5425,泛西,1
5426,水離,1
5427,離筵,1
5428,筵北,1
5429,固山,1
5430,山鄉,1
5431,贈梅,1
5432,梅柳,1
5433,柳著,1
5434,著先,1
5435,先攀,1
5436,攀貴,1
5437,貴賤,1
5438,賤平,1
5439,生隔,1
5440,隔軒,1
5441,車是,1
5442,是日,1
5443,日來,1
5444,陽一,1
5445,一覯,1
5446,止雲,1
5447,雲路,1
5448,路豁,1
5449,豁然,1
5450,然開,1
5451,開祖,1
5452,道衣,1
5453,列分,1
5454,分亭,1
5455,亭驛,1
5456,驛騎,1
5457,騎催,1
5458,催方,1
5459,方期,1
5460,期九,1
5461,日聚,1
5462,聚還,1
5463,還待,1
5464,待二,1
5465,二星,1
5466,星回,1
5467,回清,1
5468,清旦,1
5469,旦江,1
5470,江天,1
5471,天迥,1
5472,迥涼,1
5473,風西,1
5474,西北,1
5475,北吹,1
5476,吹白,1
5477,雲向,1
5478,向吳,1
5479,會征,1
5480,帆亦,1
5481,亦相,1
5482,隨想,1
5483,想到,1
5484,到耶,1
5485,溪日,1
5486,日應,1
5487,應探,1
5488,探禹,1
5489,穴奇,1
5490,奇仙,1
5491,仙書,1
5492,書倘,1
5493,倘相,1
5494,示予,1
5495,予在,1
5496,在此,1
5497,山陲,1
5498,陲水,1
5499,無邊,1
5500,邊際,1
5501,際舟,1
5502,行共,1
5503,共使,1
5504,使風,1
5505,風羨,1
5506,羨君,1
5507,去朝,1
5508,見鄉,1
5509,鄉中,1
5510,中予,1
5511,亦離,1
5512,家久,1
5513,久南,1
5514,歸恨,1
5515,恨不,1
5516,不同,1
5517,同音,1
5518,音書,1
5519,書若,1
5520,問江,1
5521,上會,1
5522,會相,1
5523,逢男,1
5524,男兒,1
5525,兒一,1
5526,片氣,1
5527,氣何,1
5528,五車,1
5529,車書,1
5530,書好,1
5531,好勇,1
5532,勇方,1
5533,方過,1
5534,過我,1
5535,我多,1
5536,多才,1
5537,才便,1
5538,便起,1
5539,起予,1
5540,予運,1
5541,運籌,1
5542,籌將,1
5543,將入,1
5544,入幕,1
5545,幕養,1
5546,養拙,1
5547,拙就,1
5548,就閒,1
5549,居正,1
5550,正待,1
5551,待功,1
5552,功名,1
5553,名遂,1
5554,遂從,1
5555,從君,1
5556,君繼,1
5557,繼兩,1
5558,兩疏,1
5559,疏桃,1
5560,水漲,1
5561,漲之,1
5562,子忽,1
5563,忽乘,1
5564,流峴,1
5565,首辭,1
5566,辭蛟,1
5567,蛟浦,1
5568,浦江,1
5569,中問,1
5570,問鶴,1
5571,樓贈,1
5572,贈君,1
5573,君青,1
5574,青竹,1
5575,竹杖,1
5576,杖送,1
5577,送爾,1
5578,爾白,1
5579,白蘋,1
5580,蘋洲,1
5581,洲應,1
5582,是神,1
5583,子相,1
5584,期汗,1
5585,漫遊,1
5586,遊公,1
5587,公子,1
5588,子戀,1
5589,戀庭,1
5590,闈勞,1
5591,歌涉,1
5592,涉海,1
5593,海涯,1
5594,涯水,1
5595,水乘,1
5596,楫去,1
5597,去親,1
5598,親望,1
5599,望老,1
5600,萊歸,1
5601,歸斜,1
5602,日催,1
5603,催烏,1
5604,烏鳥,1
5605,鳥清,1
5606,江照,1
5607,照彩,1
5608,衣平,1
5609,生急,1
5610,急難,1
5611,難意,1
5612,意遙,1
5613,遙仰,1
5614,仰鶺,1
5615,鴒飛,1
5616,飛片,1
5617,片玉,1
5618,玉來,1
5619,來誇,1
5620,誇楚,1
5621,楚治,1
5622,治中,1
5623,中作,1
5624,作主,1
5625,人江,1
5626,山增,1
5627,增潤,1
5628,潤色,1
5629,色詞,1
5630,詞賦,1
5631,賦動,1
5632,動陽,1
5633,陽春,1
5634,春別,1
5635,別館,1
5636,館當,1
5637,當虛,1
5638,虛敞,1
5639,敞離,1
5640,離情,1
5641,情任,1
5642,任吐,1
5643,吐伸,1
5644,伸因,1
5645,聲兩,1
5646,兩京,1
5647,京舊,1
5648,舊誰,1
5649,誰念,1
5650,念臥,1
5651,臥漳,1
5652,漳濱,1
5653,濱楚,1
5654,關望,1
5655,秦國,1
5656,國相,1
5657,去千,1
5658,里餘,1
5659,餘州,1
5660,州縣,1
5661,縣勤,1
5662,王事,1
5663,事山,1
5664,河轉,1
5665,轉使,1
5666,使車,1
5667,車祖,1
5668,祖筵,1
5669,筵江,1
5670,上列,1
5671,列離,1
5672,離恨,1
5673,別前,1
5674,前書,1
5675,書願,1
5676,願及,1
5677,及芳,1
5678,芳年,1
5679,年賞,1
5680,賞嬌,1
5681,嬌鶯,1
5682,鶯二,1
5683,月初,1
5684,初早,1
5685,早聞,1
5686,聞牛,1
5687,渚詠,1
5688,詠今,1
5689,今見,1
5690,見鶺,1
5691,心羽,1
5692,翼嗟,1
5693,嗟零,1
5694,零落,1
5695,落悲,1
5696,悲鳴,1
5697,鳴別,1
5698,別故,1
5699,林蒼,1
5700,梧白,1
5701,雲遠,1
5702,遠煙,1
5703,煙水,1
5704,水洞,1
5705,庭深,1
5706,深萬,1
5707,里獨,1
5708,獨飛,1
5709,去南,1
5710,風遲,1
5711,爾音,1
5712,音舊,1
5713,舊國,1
5714,國余,1
5715,余歸,1
5716,楚新,1
5717,年子,1
5718,子北,1
5719,北征,1
5720,征掛,1
5721,帆愁,1
5722,愁海,1
5723,海路,1
5724,路分,1
5725,戀朋,1
5726,情日,1
5727,夕故,1
5728,園意,1
5729,意汀,1
5730,汀洲,1
5731,洲春,1
5732,生何,1
5733,時一,1
5734,杯酒,1
5735,酒重,1
5736,重與,1
5737,與季,1
5738,季鷹,1
5739,鷹傾,1
5740,傾吾,1
5741,道昧,1
5742,昧所,1
5743,適驅,1
5744,驅車,1
5745,車還,1
5746,向東,1
5747,東主,1
5748,人開,1
5749,開舊,1
5750,舊館,1
5751,館留,1
5752,醉新,1
5753,新豐,1
5754,豐樹,1
5755,樹繞,1
5756,繞溫,1
5757,溫泉,1
5758,泉綠,1
5759,綠塵,1
5760,塵遮,1
5761,遮晚,1
5762,晚日,1
5763,日紅,1
5764,紅拂,1
5765,衣從,1
5766,步躡,1
5767,躡華,1
5768,華嵩,1
5769,嵩何,1
5770,何幸,1
5771,幸遇,1
5772,遇休,1
5773,休明,1
5774,明觀,1
5775,觀光,1
5776,光來,1
5777,來上,1
5778,上京,1
5779,京相,1
5780,逢武,1
5781,陵客,1
5782,獨送,1
5783,送豫,1
5784,隨牒,1
5785,牒牽,1
5786,牽黃,1
5787,黃綬,1
5788,綬離,1
5789,群會,1
5790,會墨,1
5791,墨卿,1
5792,卿江,1
5793,江南,1
5794,南佳,1
5795,佳麗,1
5796,麗地,1
5797,地山,1
5798,水舊,1
5799,舊難,1
5800,難名,1
5801,名南,1
5802,國辛,1
5803,辛居,1
5804,士言,1
5805,言歸,1
5806,舊竹,1
5807,林未,1
5808,逢調,1
5809,調鼎,1
5810,鼎用,1
5811,用徒,1
5812,徒有,1
5813,有濟,1
5814,濟川,1
5815,川心,1
5816,心予,1
5817,亦忘,1
5818,忘機,1
5819,機者,1
5820,者田,1
5821,園在,1
5822,在漢,1
5823,陰因,1
5824,君故,1
5825,鄉去,1
5826,去遙,1
5827,寄式,1
5828,式微,1
5829,微吟,1
5830,吟惜,1
5831,惜爾,1
5832,爾懷,1
5833,懷其,1
5834,其寶,1
5835,寶迷,1
5836,迷邦,1
5837,邦倦,1
5838,倦客,1
5839,客遊,1
5840,遊江,1
5841,山曆,1
5842,曆全,1
5843,全楚,1
5844,河洛,1
5845,洛越,1
5846,越成,1
5847,周道,1
5848,道路,1
5849,路疲,1
5850,疲千,1
5851,里鄉,1
5852,老一,1
5853,丘知,1
5854,知君,1
5855,君命,1
5856,不偶,1
5857,偶同,1
5858,同病,1
5859,病亦,1
5860,同憂,1
5861,憂奉,1
5862,奉使,1
5863,使推,1
5864,推能,1
5865,能者,1
5866,者勤,1
5867,王不,1
5868,暫閑,1
5869,閑觀,1
5870,觀風,1
5871,風隨,1
5872,隨按,1
5873,按察,1
5874,察乘,1
5875,乘騎,1
5876,騎度,1
5877,度荊,1
5878,荊關,1
5879,關送,1
5880,別登,1
5881,登何,1
5882,處開,1
5883,舊峴,1
5884,山征,1
5885,征軒,1
5886,軒明,1
5887,遠空,1
5888,望郢,1
5889,門間,1
5890,間導,1
5891,導漾,1
5892,漾自,1
5893,塚東,1
5894,東流,1
5895,流為,1
5896,為漢,1
5897,漢川,1
5898,川維,1
5899,桑君,1
5900,君有,1
5901,有意,1
5902,意解,1
5903,解纜,1
5904,纜我,1
5905,筵雲,1
5906,雨從,1
5907,茲別,1
5908,別林,1
5909,端意,1
5910,意渺,1
5911,渺然,1
5912,然尺,1
5913,尺書,1
5914,書能,1
5915,不吝,1
5916,吝時,1
5917,時望,1
5918,望鯉,1
5919,鯉魚,1
5920,魚傳,1
5921,傳西,1
5922,西上,1
5923,上游,1
5924,游江,1
5925,江西,1
5926,西臨,1
5927,流恨,1
5928,恨解,1
5929,解攜,1
5930,攜千,1
5931,千山,1
5932,山疊,1
5933,疊成,1
5934,成嶂,1
5935,嶂萬,1
5936,萬水,1
5937,水瀉,1
5938,瀉為,1
5939,為溪,1
5940,溪石,1
5941,石淺,1
5942,淺流,1
5943,流難,1
5944,難溯,1
5945,溯藤,1
5946,藤長,1
5947,長險,1
5948,險易,1
5949,易躋,1
5950,躋誰,1
5951,憐問,1
5952,津者,1
5953,歲晏,1
5954,晏此,1
5955,中迷,1
5956,迷士,1
5957,士有,1
5958,有不,1
5959,得志,1
5960,志棲,1
5961,棲吳,1
5962,楚間,1
5963,間廣,1
5964,廣陵,1
5965,陵相,1
5966,相遇,1
5967,遇罷,1
5968,罷彭,1
5969,彭蠡,1
5970,蠡泛,1
5971,舟還,1
5972,還檣,1
5973,檣出,1
5974,中樹,1
5975,樹波,1
5976,波連,1
5977,連海,1
5978,上山,1
5979,帆明,1
5980,處更,1
5981,更追,1
5982,追攀,1
5983,攀獻,1
5984,獻策,1
5985,策金,1
5986,門去,1
5987,去承,1
5988,歡彩,1
5989,彩服,1
5990,服違,1
5991,違以,1
5992,以吾,1
5993,吾一,1
5994,一日,1
5995,日長,1
5996,長念,1
5997,爾聚,1
5998,聚星,1
5999,星稀,1
6000,稀昏,1
6001,昏定,1
6002,定須,1
6003,須溫,1
6004,溫席,1
6005,席寒,1
6006,寒多,1
6007,多未,1
6008,未授,1
6009,衣桂,1
6010,桂枝,1
6011,枝如,1
6012,如已,1
6013,已擢,1
6014,擢早,1
6015,早逐,1
6016,逐雁,1
6017,飛白,1
6018,日既,1
6019,雲暮,1
6020,暮朱,1
6021,朱顏,1
6022,顏亦,1
6023,亦已,1
6024,已酡,1
6025,酡畫,1
6026,堂初,1
6027,初點,1
6028,點燭,1
6029,燭金,1
6030,金幌,1
6031,幌半,1
6032,半垂,1
6033,垂羅,1
6034,羅長,1
6035,長袖,1
6036,袖平,1
6037,陽曲,1
6038,曲新,1
6039,聲子,1
6040,夜歌,1
6041,歌從,1
6042,來慣,1
6043,慣留,1
6044,客茲,1
6045,夕為,1
6046,誰多,1
6047,多側,1
6048,側聽,1
6049,聽弦,1
6050,宰文,1
6051,文書,1
6052,書游,1
6053,游夏,1
6054,夏徒,1
6055,徒故,1
6056,園欣,1
6057,欣賞,1
6058,賞竹,1
6059,竹為,1
6060,為邑,1
6061,邑幸,1
6062,幸來,1
6063,來蘇,1
6064,蘇華,1
6065,省曾,1
6066,曾聯,1
6067,聯事,1
6068,事仙,1
6069,仙舟,1
6070,舟複,1
6071,複與,1
6072,與俱,1
6073,俱欲,1
6074,知臨,1
6075,泛久,1
6076,久荷,1
6077,荷露,1
6078,露漸,1
6079,漸成,1
6080,成珠,1
6081,珠邑,1
6082,邑有,1
6083,有弦,1
6084,宰翔,1
6085,翔鸞,1
6086,鸞狎,1
6087,狎野,1
6088,野鷗,1
6089,鷗眷,1
6090,眷言,1
6091,言華,1
6092,舊暫,1
6093,暫拂,1
6094,拂海,1
6095,海池,1
6096,池遊,1
6097,遊郁,1
6098,郁島,1
6099,島藏,1
6100,藏深,1
6101,深竹,1
6102,竹前,1
6103,前溪,1
6104,溪對,1
6105,對舞,1
6106,舞樓,1
6107,樓更,1
6108,聞書,1
6109,書即,1
6110,即事,1
6111,秋甲,1
6112,金穴,1
6113,穴榮,1
6114,榮期,1
6115,期樂,1
6116,樂自,1
6117,多櫪,1
6118,櫪嘶,1
6119,嘶支,1
6120,遁馬,1
6121,馬池,1
6122,鵝竹,1
6123,竹引,1
6124,引攜,1
6125,攜琴,1
6126,琴入,1
6127,花邀,1
6128,邀載,1
6129,過山,1
6130,公來,1
6131,醉時,1
6132,時唱,1
6133,唱接,1
6134,接歌,1
6135,歌言,1
6136,言避,1
6137,避一,1
6138,時暑,1
6139,暑池,1
6140,池亭,1
6141,亭五,1
6142,五月,1
6143,月開,1
6144,開喜,1
6145,喜逢,1
6146,逢金,1
6147,馬客,1
6148,客同,1
6149,同飲,1
6150,飲玉,1
6151,人杯,1
6152,杯舞,1
6153,鶴乘,1
6154,乘軒,1
6155,軒至,1
6156,至遊,1
6157,遊魚,1
6158,魚擁,1
6159,擁釣,1
6160,釣來,1
6161,來座,1
6162,座中,1
6163,中殊,1
6164,起簫,1
6165,管莫,1
6166,催林,1
6167,林臥,1
6168,臥愁,1
6169,愁春,1
6170,春盡,1
6171,盡開,1
6172,軒覽,1
6173,覽物,1
6174,華忽,1
6175,忽逢,1
6176,逢青,1
6177,青鳥,1
6178,鳥使,1
6179,使邀,1
6180,邀入,1
6181,入赤,1
6182,赤松,1
6183,松家,1
6184,家丹,1
6185,丹灶,1
6186,灶初,1
6187,初開,1
6188,開火,1
6189,火仙,1
6190,仙桃,1
6191,桃正,1
6192,正落,1
6193,花童,1
6194,童顏,1
6195,顏若,1
6196,若可,1
6197,可駐,1
6198,駐何,1
6199,何惜,1
6200,惜醉,1
6201,醉流,1
6202,流霞,1
6203,霞瑞,1
6204,瑞雪,1
6205,雪初,1
6206,初盈,1
6207,盈尺,1
6208,尺寒,1
6209,寒宵,1
6210,宵始,1
6211,始半,1
6212,半更,1
6213,更列,1
6214,列筵,1
6215,筵邀,1
6216,邀酒,1
6217,伴刻,1
6218,刻燭,1
6219,燭限,1
6220,限詩,1
6221,詩成,1
6222,成香,1
6223,香炭,1
6224,炭金,1
6225,金爐,1
6226,爐暖,1
6227,暖嬌,1
6228,嬌弦,1
6229,弦玉,1
6230,指清,1
6231,清醉,1
6232,醉來,1
6233,來方,1
6234,方欲,1
6235,曉雞,1
6236,鳴世,1
6237,世業,1
6238,業傳,1
6239,傳珪,1
6240,珪組,1
6241,組江,1
6242,城佐,1
6243,佐股,1
6244,股肱,1
6245,肱高,1
6246,高齋,1
6247,齋征,1
6248,征學,1
6249,學問,1
6250,問虛,1
6251,虛薄,1
6252,薄濫,1
6253,濫先,1
6254,先登,1
6255,登講,1
6256,講論,1
6257,論陪,1
6258,陪諸,1
6259,諸子,1
6260,章得,1
6261,得舊,1
6262,舊朋,1
6263,朋士,1
6264,士元,1
6265,元多,1
6266,多賞,1
6267,賞激,1
6268,激衰,1
6269,衰病,1
6270,病恨,1
6271,能人,1
6272,有代,1
6273,代謝,1
6274,謝往,1
6275,來成,1
6276,成古,1
6277,古今,1
6278,今江,1
6279,山留,1
6280,留勝,1
6281,勝跡,1
6282,跡我,1
6283,我輩,1
6284,輩複,1
6285,複登,1
6286,臨水,1
6287,落魚,1
6288,魚梁,1
6289,梁淺,1
6290,淺天,1
6291,寒夢,1
6292,澤深,1
6293,深羊,1
6294,公碑,1
6295,碑字,1
6296,字在,1
6297,在讀,1
6298,讀罷,1
6299,罷淚,1
6300,沾襟,1
6301,襟水,1
6302,水樓,1
6303,樓一,1
6304,眺半,1
6305,半出,1
6306,出青,1
6307,林高,1
6308,高帟,1
6309,帟幕,1
6310,幕英,1
6311,英僚,1
6312,僚敞,1
6313,敞芳,1
6314,芳筵,1
6315,筵下,1
6316,下客,1
6317,客叨,1
6318,叨山,1
6319,藏伯,1
6320,伯禹,1
6321,穴城,1
6322,城壓,1
6323,壓伍,1
6324,伍胥,1
6325,胥濤,1
6326,濤今,1
6327,日觀,1
6328,觀溟,1
6329,溟漲,1
6330,漲垂,1
6331,垂綸,1
6332,綸學,1
6333,學釣,1
6334,釣鼇,1
6335,鼇吾,1
6336,吾友,1
6337,友太,1
6338,太乙,1
6339,乙子,1
6340,子餐,1
6341,霞臥,1
6342,臥赤,1
6343,尋華,1
6344,頂去,1
6345,憚惡,1
6346,惡溪,1
6347,溪名,1
6348,名歇,1
6349,歇馬,1
6350,馬憑,1
6351,憑雲,1
6352,雲宿,1
6353,宿揚,1
6354,揚帆,1
6355,帆截,1
6356,截海,1
6357,行高,1
6358,高高,1
6359,高翠,1
6360,微裏,1
6361,裏遙,1
6362,遙見,1
6363,見石,1
6364,石樑,1
6365,樑橫,1
6366,橫秋,1
6367,秋入,1
6368,入詩,1
6369,詩人,1
6370,人意,1
6371,意巴,1
6372,巴歌,1
6373,歌和,1
6374,者稀,1
6375,稀泛,1
6376,湖同,1
6377,同逸,1
6378,逸旅,1
6379,旅吟,1
6380,吟會,1
6381,會是,1
6382,是思,1
6383,白簡,1
6384,簡徒,1
6385,徒推,1
6386,推薦,1
6387,薦滄,1
6388,洲已,1
6389,已拂,1
6390,衣杳,1
6391,杳冥,1
6392,冥雲,1
6393,外去,1
6394,去誰,1
6395,鴻飛,1
6396,飛掛,1
6397,席幾,1
6398,幾千,1
6399,里名,1
6400,山都,1
6401,都未,1
6402,逢泊,1
6403,泊舟,1
6404,舟潯,1
6405,陽郭,1
6406,郭始,1
6407,見香,1
6408,爐峰,1
6409,峰嘗,1
6410,讀遠,1
6411,公傳,1
6412,傳永,1
6413,懷塵,1
6414,外蹤,1
6415,蹤東,1
6416,林精,1
6417,舍近,1
6418,近日,1
6419,暮但,1
6420,但聞,1
6421,鐘獨,1
6422,步人,1
6423,在嵩,1
6424,嵩陽,1
6425,陽有,1
6426,有故,1
6427,故樓,1
6428,樓歲,1
6429,寒問,1
6430,問耆,1
6431,舊行,1
6432,行縣,1
6433,縣擁,1
6434,擁諸,1
6435,諸侯,1
6436,侯林,1
6437,林莽,1
6438,莽北,1
6439,北彌,1
6440,彌望,1
6441,望沮,1
6442,沮漳,1
6443,漳東,1
6444,東會,1
6445,會流,1
6446,流客,1
6447,中遇,1
6448,遇知,1
6449,己無,1
6450,無複,1
6451,複越,1
6452,鄉憂,1
6453,憂武,1
6454,陵川,1
6455,川路,1
6456,路狹,1
6457,狹前,1
6458,前棹,1
6459,棹入,1
6460,林莫,1
6461,莫測,1
6462,測幽,1
6463,幽源,1
6464,裏仙,1
6465,仙家,1
6466,家信,1
6467,信幾,1
6468,幾深,1
6469,深水,1
6470,水回,1
6471,回青,1
6472,合雲,1
6473,雲度,1
6474,度綠,1
6475,綠溪,1
6476,溪陰,1
6477,陰坐,1
6478,聽閑,1
6479,閑猿,1
6480,嘯彌,1
6481,彌清,1
6482,清塵,1
6483,外心,1
6484,心百,1
6485,里聞,1
6486,震鳴,1
6487,鳴弦,1
6488,弦暫,1
6489,暫輟,1
6490,輟彈,1
6491,彈府,1
6492,中連,1
6493,連騎,1
6494,騎出,1
6495,上待,1
6496,待潮,1
6497,潮觀,1
6498,觀照,1
6499,照日,1
6500,日秋,1
6501,秋雲,1
6502,雲迥,1
6503,迥浮,1
6504,浮天,1
6505,天渤,1
6506,渤澥,1
6507,澥寬,1
6508,寬驚,1
6509,驚濤,1
6510,濤來,1
6511,來似,1
6512,似雪,1
6513,雪一,1
6514,一坐,1
6515,坐凜,1
6516,凜生,1
6517,生寒,1
6518,寒主,1
6519,人新,1
6520,新邸,1
6521,第相,1
6522,相國,1
6523,國舊,1
6524,舊池,1
6525,台館,1
6526,館是,1
6527,是招,1
6528,賢辟,1
6529,辟樓,1
6530,樓因,1
6531,因教,1
6532,教舞,1
6533,舞開,1
6534,車人,1
6535,人已,1
6536,已散,1
6537,散簫,1
6538,管鳳,1
6539,鳳初,1
6540,初來,1
6541,來今,1
6542,日龍,1
6543,龍門,1
6544,門下,1
6545,下誰,1
6546,知文,1
6547,舉才,1
6548,才水,1
6549,亭涼,1
6550,涼氣,1
6551,氣多,1
6552,多閑,1
6553,閑棹,1
6554,棹晚,1
6555,來過,1
6556,過澗,1
6557,澗影,1
6558,影見,1
6559,見松,1
6560,竹潭,1
6561,潭香,1
6562,香聞,1
6563,聞芰,1
6564,荷野,1
6565,野童,1
6566,童扶,1
6567,扶醉,1
6568,醉舞,1
6569,舞山,1
6570,鳥助,1
6571,助酣,1
6572,酣歌,1
6573,歌幽,1
6574,幽賞,1
6575,賞未,1
6576,未雲,1
6577,雲遍,1
6578,遍煙,1
6579,煙光,1
6580,光奈,1
6581,奈夕,1
6582,夕何,1
6583,何故,1
6584,人來,1
6585,來自,1
6586,自遠,1
6587,遠邑,1
6588,邑宰,1
6589,宰複,1
6590,複初,1
6591,初臨,1
6592,臨執,1
6593,執手,1
6594,手恨,1
6595,恨為,1
6596,為別,1
6597,別同,1
6598,舟無,1
6599,無異,1
6600,異心,1
6601,心沿,1
6602,洄洲,1
6603,洲渚,1
6604,渚趣,1
6605,趣演,1
6606,演漾,1
6607,漾弦,1
6608,歌音,1
6609,音誰,1
6610,誰識,1
6611,識躬,1
6612,者年,1
6613,年梁,1
6614,梁甫,1
6615,甫吟,1
6616,吟共,1
6617,共喜,1
6618,喜年,1
6619,年華,1
6620,華好,1
6621,好來,1
6622,來游,1
6623,游水,1
6624,石間,1
6625,間煙,1
6626,煙容,1
6627,容開,1
6628,開遠,1
6629,遠樹,1
6630,樹春,1
6631,色滿,1
6632,滿幽,1
6633,幽山,1
6634,山壺,1
6635,壺酒,1
6636,酒朋,1
6637,情洽,1
6638,洽琴,1
6639,琴歌,1
6640,歌野,1
6641,野興,1
6642,興閑,1
6643,閑莫,1
6644,莫愁,1
6645,愁歸,1
6646,路暝,1
6647,暝招,1
6648,招月,1
6649,月伴,1
6650,伴人,1
6651,人還,1
6652,還南,1
6653,南紀,1
6654,紀西,1
6655,江闊,1
6656,闊皇,1
6657,華禦,1
6658,禦史,1
6659,史雄,1
6660,雄截,1
6661,截流,1
6662,流寧,1
6663,寧假,1
6664,假楫,1
6665,楫掛,1
6666,席自,1
6667,自生,1
6668,生風,1
6669,風僚,1
6670,僚寀,1
6671,寀爭,1
6672,攀鷁,1
6673,鷁魚,1
6674,龍亦,1
6675,亦避,1
6676,驄坐,1
6677,聽白,1
6678,白雪,1
6679,雪唱,1
6680,唱翻,1
6681,翻入,1
6682,入棹,1
6683,歌中,1
6684,中萬,1
6685,萬山,1
6686,山青,1
6687,嶂曲,1
6688,曲千,1
6689,千騎,1
6690,騎使,1
6691,君遊,1
6692,遊神,1
6693,女鳴,1
6694,鳴環,1
6695,環佩,1
6696,佩仙,1
6697,仙郎,1
6698,郎接,1
6699,接獻,1
6700,獻酬,1
6701,酬遍,1
6702,遍觀,1
6703,觀雲,1
6704,夢野,1
6705,野自,1
6706,樓何,1
6707,必東,1
6708,南守,1
6709,守空,1
6710,空傳,1
6711,傳沈,1
6712,沈隱,1
6713,侯海,1
6714,海亭,1
6715,亭秋,1
6716,秋日,1
6717,日望,1
6718,望委,1
6719,委曲,1
6720,曲見,1
6721,山染,1
6722,染翰,1
6723,翰聊,1
6724,題壁,1
6725,壁傾,1
6726,傾壺,1
6727,壺一,1
6728,一解,1
6729,解顏,1
6730,顏歌,1
6731,歌逢,1
6732,逢彭,1
6733,澤令,1
6734,令歸,1
6735,歸賞,1
6736,賞故,1
6737,園間,1
6738,間予,1
6739,亦將,1
6740,將琴,1
6741,琴史,1
6742,史棲,1
6743,棲遲,1
6744,遲共,1
6745,共取,1
6746,取閑,1
6747,閑河,1
6748,河縣,1
6749,縣柳,1
6750,林邊,1
6751,邊河,1
6752,河橋,1
6753,橋晚,1
6754,晚泊,1
6755,泊船,1
6756,船文,1
6757,文叨,1
6758,叨才,1
6759,子會,1
6760,會官,1
6761,官喜,1
6762,喜故,1
6763,人連,1
6764,連笑,1
6765,笑語,1
6766,語同,1
6767,同今,1
6768,今夕,1
6769,夕輕,1
6770,輕肥,1
6771,肥異,1
6772,異往,1
6773,往年,1
6774,年晨,1
6775,風理,1
6776,理歸,1
6777,歸棹,1
6778,棹吳,1
6779,楚各,1
6780,各依,1
6781,然傲,1
6782,吏非,1
6783,非凡,1
6784,凡吏,1
6785,吏名,1
6786,名流,1
6787,流即,1
6788,即道,1
6789,道流,1
6790,流隱,1
6791,居不,1
6792,見高,1
6793,高論,1
6794,論莫,1
6795,莫能,1
6796,能酬,1
6797,酬水,1
6798,水接,1
6799,接仙,1
6800,仙源,1
6801,源近,1
6802,近山,1
6803,藏鬼,1
6804,鬼穀,1
6805,穀幽,1
6806,幽再,1
6807,來迷,1
6808,所花,1
6809,花下,1
6810,下問,1
6811,問漁,1
6812,漁舟,1
6813,舟龍,1
6814,龍象,1
6815,象經,1
6816,經行,1
6817,行處,1
6818,處山,1
6819,山腰,1
6820,腰度,1
6821,度石,1
6822,石關,1
6823,關屢,1
6824,屢迷,1
6825,迷青,1
6826,合時,1
6827,時愛,1
6828,愛綠,1
6829,綠蘿,1
6830,蘿閑,1
6831,閑宴,1
6832,宴息,1
6833,息花,1
6834,下高,1
6835,高談,1
6836,談竹,1
6837,嶼間,1
6838,間寥,1
6839,寥寥,1
6840,寥隔,1
6841,塵事,1
6842,事疑,1
6843,是入,1
6844,入雞,1
6845,雞山,1
6846,山欣,1
6847,欣逢,1
6848,逢柏,1
6849,台友,1
6850,友共,1
6851,共謁,1
6852,謁聰,1
6853,聰公,1
6854,公禪,1
6855,禪石,1
6856,石室,1
6857,人到,1
6858,到繩,1
6859,繩床,1
6860,床見,1
6861,見虎,1
6862,虎眠,1
6863,眠陰,1
6864,陰崖,1
6865,崖常,1
6866,常抱,1
6867,抱雪,1
6868,雪枯,1
6869,枯澗,1
6870,澗為,1
6871,為生,1
6872,生泉,1
6873,泉出,1
6874,出處,1
6875,處雖,1
6876,雖雲,1
6877,雲異,1
6878,異同,1
6879,歡在,1
6880,在法,1
6881,法筵,1
6882,筵出,1
6883,出穀,1
6884,穀未,1
6885,未停,1
6886,午到,1
6887,到家,1
6888,家日,1
6889,已曛,1
6890,曛回,1
6891,瞻下,1
6892,路但,1
6893,但見,1
6894,見牛,1
6895,牛羊,1
6896,羊群,1
6897,群樵,1
6898,子暗,1
6899,相失,1
6900,失草,1
6901,草蟲,1
6902,蟲寒,1
6903,寒不,1
6904,聞衡,1
6905,衡門,1
6906,門猶,1
6907,未掩,1
6908,掩佇,1
6909,立望,1
6910,望夫,1
6911,君夏,1
6912,夏日,1
6913,日茅,1
6914,齋裏,1
6915,裏無,1
6916,風坐,1
6917,坐亦,1
6918,亦涼,1
6919,涼竹,1
6920,林深,1
6921,深筍,1
6922,筍穊,1
6923,穊藤,1
6924,藤架,1
6925,架引,1
6926,引梢,1
6927,梢長,1
6928,長燕,1
6929,燕覓,1
6930,覓巢,1
6931,巢窠,1
6932,窠處,1
6933,處蜂,1
6934,蜂來,1
6935,來造,1
6936,造蜜,1
6937,房物,1
6938,華皆,1
6939,皆可,1
6940,可玩,1
6941,玩花,1
6942,花蕊,1
6943,蕊四,1
6944,時芳,1
6945,芳釋,1
6946,釋子,1
6947,子彌,1
6948,彌天,1
6949,天秀,1
6950,秀將,1
6951,將軍,1
6952,軍武,1
6953,武庫,1
6954,庫才,1
6955,才橫,1
6956,橫行,1
6957,行塞,1
6958,塞北,1
6959,北盡,1
6960,盡獨,1
6961,步漢,1
6962,漢南,1
6963,南來,1
6964,來貝,1
6965,貝葉,1
6966,葉傳,1
6967,傳金,1
6968,金口,1
6969,口山,1
6970,山樓,1
6971,樓作,1
6972,作賦,1
6973,賦開,1
6974,開因,1
6975,君振,1
6976,振嘉,1
6977,嘉藻,1
6978,藻江,1
6979,江楚,1
6980,楚氣,1
6981,氣雄,1
6982,雄哉,1
6983,哉誤,1
6984,誤入,1
6985,入桃,1
6986,裏初,1
6987,初憐,1
6988,憐竹,1
6989,竹徑,1
6990,徑深,1
6991,深方,1
6992,知仙,1
6993,子宅,1
6994,宅未,1
6995,有世,1
6996,人尋,1
6997,尋舞,1
6998,鶴過,1
6999,過閑,1
7000,閑砌,1
7001,砌飛,1
7002,飛猿,1
7003,嘯密,1
7004,密林,1
7005,林漸,1
7006,漸通,1
7007,通玄,1
7008,玄妙,1
7009,妙理,1
7010,理深,1
7011,深得,1
7012,得坐,1
7013,坐忘,1
7014,忘心,1
7015,心支,1
7016,遁初,1
7017,初求,1
7018,求道,1
7019,道深,1
7020,深公,1
7021,公笑,1
7022,笑買,1
7023,買山,1
7024,山何,1
7025,如石,1
7026,石岩,1
7027,岩趣,1
7028,自入,1
7029,入戶,1
7030,庭間,1
7031,間苔,1
7032,苔澗,1
7033,澗春,1
7034,春泉,1
7035,滿蘿,1
7036,蘿軒,1
7037,軒夜,1
7038,夜月,1
7039,月閑,1
7040,閑能,1
7041,能令,1
7042,令許,1
7043,許玄,1
7044,玄度,1
7045,度吟,1
7046,知還,1
7047,還人,1
7048,事一,1
7049,朝盡,1
7050,盡荒,1
7051,荒蕪,1
7052,蕪三,1
7053,徑休,1
7054,休始,1
7055,始聞,1
7056,聞漳,1
7057,漳浦,1
7058,浦臥,1
7059,臥奄,1
7060,奄作,1
7061,作岱,1
7062,岱宗,1
7063,宗遊,1
7064,遊池,1
7065,池水,1
7066,水猶,1
7067,猶含,1
7068,含墨,1
7069,墨風,1
7070,風雲,1
7071,雲已,1
7072,已落,1
7073,落秋,1
7074,秋今,1
7075,宵泉,1
7076,泉壑,1
7077,壑裏,1
7078,裏何,1
7079,處覓,1
7080,覓藏,1
7081,藏舟,1
7082,舟彭,1
7083,澤先,1
7084,先生,1
7085,生柳,1
7086,柳山,1
7087,陰道,1
7088,道士,1
7089,士鵝,1
7090,鵝我,1
7091,來從,1
7092,從所,1
7093,所好,1
7094,好停,1
7095,停策,1
7096,策漢,1
7097,陰多,1
7098,多重,1
7099,重以,1
7100,以觀,1
7101,觀魚,1
7102,魚樂,1
7103,樂因,1
7104,之鼓,1
7105,鼓枻,1
7106,枻歌,1
7107,歌崔,1
7108,徐跡,1
7109,跡未,1
7110,未朽,1
7111,朽千,1
7112,千載,1
7113,載揖,1
7114,揖清,1
7115,清波,1
7116,波帶,1
7117,帶雪,1
7118,雪梅,1
7119,梅初,1
7120,初暖,1
7121,暖含,1
7122,含煙,1
7123,煙柳,1
7124,柳尚,1
7125,尚青,1
7126,青來,1
7127,窺童,1
7128,童子,1
7129,子偈,1
7130,偈得,1
7131,得聽,1
7132,聽法,1
7133,法王,1
7134,王經,1
7135,經會,1
7136,會理,1
7137,理知,1
7138,無我,1
7139,我觀,1
7140,觀空,1
7141,空厭,1
7142,厭有,1
7143,有形,1
7144,形迷,1
7145,迷心,1
7146,心應,1
7147,應覺,1
7148,覺悟,1
7149,悟客,1
7150,思未,1
7151,未遑,1
7152,遑寧,1
7153,寧給,1
7154,給園,1
7155,園支,1
7156,遁隱,1
7157,隱虛,1
7158,虛寂,1
7159,寂養,1
7160,養身,1
7161,身和,1
7162,和春,1
7163,春晚,1
7164,晚群,1
7165,木秀,1
7166,秀間,1
7167,間關,1
7168,關黃,1
7169,黃鳥,1
7170,鳥歌,1
7171,歌林,1
7172,林棲,1
7173,棲居,1
7174,士竹,1
7175,鵝炎,1
7176,炎月,1
7177,月北,1
7178,下清,1
7179,風期,1
7180,期再,1
7181,再過,1
7182,過義,1
7183,義公,1
7184,公習,1
7185,習禪,1
7186,禪處,1
7187,處結,1
7188,構依,1
7189,依空,1
7190,空林,1
7191,林戶,1
7192,戶外,1
7193,外一,1
7194,一峰,1
7195,峰秀,1
7196,秀階,1
7197,階前,1
7198,前群,1
7199,壑深,1
7200,深夕,1
7201,陽連,1
7202,連雨,1
7203,足空,1
7204,翠落,1
7205,落庭,1
7206,陰看,1
7207,看取,1
7208,取蓮,1
7209,花淨,1
7210,淨應,1
7211,應知,1
7212,知不,1
7213,不染,1
7214,染心,1
7215,心白,1
7216,白鶴,1
7217,鶴青,1
7218,青岩,1
7219,岩半,1
7220,半幽,1
7221,有隱,1
7222,居階,1
7223,階庭,1
7224,庭空,1
7225,空水,1
7226,石林,1
7227,林壑,1
7228,壑罷,1
7229,罷樵,1
7230,樵漁,1
7231,漁歲,1
7232,月青,1
7233,松老,1
7234,老風,1
7235,風霜,1
7236,霜苦,1
7237,苦竹,1
7238,竹疏,1
7239,疏睹,1
7240,睹茲,1
7241,懷舊,1
7242,舊業,1
7243,業回,1
7244,回策,1
7245,策返,1
7246,返吾,1
7247,吾廬,1
7248,廬精,1
7249,舍買,1
7250,買金,1
7251,金開,1
7252,開流,1
7253,流泉,1
7254,泉繞,1
7255,繞砌,1
7256,砌回,1
7257,回芰,1
7258,荷熏,1
7259,熏講,1
7260,席松,1
7261,柏映,1
7262,映香,1
7263,香台,1
7264,台法,1
7265,法雨,1
7266,晴飛,1
7267,天花,1
7268,花晝,1
7269,晝下,1
7270,來談,1
7271,談玄,1
7272,玄殊,1
7273,未已,1
7274,已歸,1
7275,騎夕,1
7276,陽催,1
7277,催池,1
7278,上青,1
7279,青蓮,1
7280,蓮宇,1
7281,宇林,1
7282,間白,1
7283,白馬,1
7284,馬泉,1
7285,泉故,1
7286,人成,1
7287,成異,1
7288,異物,1
7289,物過,1
7290,過客,1
7291,獨潸,1
7292,潸然,1
7293,然既,1
7294,既禮,1
7295,禮新,1
7296,新松,1
7297,松塔,1
7298,塔還,1
7299,還尋,1
7300,尋舊,1
7301,舊石,1
7302,石筵,1
7303,筵平,1
7304,生竹,1
7305,竹如,1
7306,如意,1
7307,意猶,1
7308,猶掛,1
7309,掛草,1
7310,前與,1
7311,君園,1
7312,廬並,1
7313,並微,1
7314,尚頗,1
7315,同耕,1
7316,耕釣,1
7317,釣方,1
7318,方自,1
7319,逸壺,1
7320,壺觴,1
7321,觴趣,1
7322,不空,1
7323,空門,1
7324,門無,1
7325,俗士,1
7326,士駕,1
7327,駕人,1
7328,有上,1
7329,上皇,1
7330,皇風,1
7331,風何,1
7332,處先,1
7333,先賢,1
7334,賢傳,1
7335,傳惟,1
7336,惟稱,1
7337,稱龐,1
7338,公弱,1
7339,弱歲,1
7340,早登,1
7341,登龍,1
7342,龍今,1
7343,來喜,1
7344,喜再,1
7345,逢如,1
7346,何春,1
7347,春月,1
7348,柳猶,1
7349,猶憶,1
7350,憶歲,1
7351,寒松,1
7352,松煙,1
7353,煙火,1
7354,火臨,1
7355,臨寒,1
7356,食笙,1
7357,笙歌,1
7358,歌達,1
7359,達曙,1
7360,曙鐘,1
7361,鐘喧,1
7362,喧喧,1
7363,喧鬥,1
7364,雞道,1
7365,道行,1
7366,樂羨,1
7367,羨朋,1
7368,朋從,1
7369,從聞,1
7370,聞就,1
7371,就龐,1
7372,公隱,1
7373,隱移,1
7374,移居,1
7375,居近,1
7376,近洞,1
7377,湖興,1
7378,來林,1
7379,林是,1
7380,是竹,1
7381,竹歸,1
7382,臥穀,1
7383,穀名,1
7384,名愚,1
7385,愚掛,1
7386,席樵,1
7387,風便,1
7388,便開,1
7389,軒琴,1
7390,琴月,1
7391,月孤,1
7392,孤歲,1
7393,寒何,1
7394,何用,1
7395,用賞,1
7396,賞霜,1
7397,霜落,1
7398,落故,1
7399,園蕪,1
7400,蕪府,1
7401,僚能,1
7402,能枉,1
7403,枉駕,1
7404,駕家,1
7405,家醞,1
7406,醞複,1
7407,複新,1
7408,新開,1
7409,開落,1
7410,日池,1
7411,上酌,1
7412,酌清,1
7413,風松,1
7414,松下,1
7415,來廚,1
7416,廚人,1
7417,黍稚,1
7418,子摘,1
7419,摘楊,1
7420,楊梅,1
7421,梅誰,1
7422,公醉,1
7423,醉猶,1
7424,猶能,1
7425,能騎,1
7426,馬回,1
7427,回二,1
7428,清家,1
7429,鳥鳴,1
7430,鳴林,1
7431,林花,1
7432,花掃,1
7433,掃更,1
7434,更落,1
7435,落徑,1
7436,徑草,1
7437,草踏,1
7438,踏還,1
7439,還生,1
7440,生酒,1
7441,伴來,1
7442,來相,1
7443,相命,1
7444,命開,1
7445,開尊,1
7446,尊共,1
7447,共解,1
7448,酲當,1
7449,當杯,1
7450,杯已,1
7451,已入,1
7452,入手,1
7453,手歌,1
7454,妓莫,1
7455,莫停,1
7456,停聲,1
7457,聲我,1
7458,我愛,1
7459,愛陶,1
7460,陶家,1
7461,家趣,1
7462,趣園,1
7463,園林,1
7464,林無,1
7465,俗情,1
7466,情春,1
7467,春雷,1
7468,雷百,1
7469,百卉,1
7470,卉坼,1
7471,坼寒,1
7472,食四,1
7473,四鄰,1
7474,鄰清,1
7475,清伏,1
7476,枕嗟,1
7477,嗟公,1
7478,公幹,1
7479,幹歸,1
7480,山羨,1
7481,羨子,1
7482,平年,1
7483,年白,1
7484,社客,1
7485,客空,1
7486,空滯,1
7487,滯洛,1
7488,城故,1
7489,黍邀,1
7490,邀我,1
7491,我至,1
7492,至田,1
7493,家綠,1
7494,綠樹,1
7495,樹村,1
7496,村邊,1
7497,邊合,1
7498,合青,1
7499,外斜,1
7500,斜開,1
7501,筵面,1
7502,面場,1
7503,場圃,1
7504,圃把,1
7505,把酒,1
7506,酒話,1
7507,話桑,1
7508,桑麻,1
7509,麻待,1
7510,待到,1
7511,到重,1
7512,日還,1
7513,還來,1
7514,來就,1
7515,就菊,1
7516,花山,1
7517,公能,1
7518,能飲,1
7519,飲酒,1
7520,酒居,1
7521,士好,1
7522,好彈,1
7523,彈箏,1
7524,箏世,1
7525,世外,1
7526,外交,1
7527,交初,1
7528,初得,1
7529,得林,1
7530,林中,1
7531,中契,1
7532,契已,1
7533,已並,1
7534,並納,1
7535,納涼,1
7536,風颯,1
7537,颯至,1
7538,至逃,1
7539,逃暑,1
7540,暑日,1
7541,日將,1
7542,將傾,1
7543,傾便,1
7544,便就,1
7545,就南,1
7546,南亭,1
7547,亭裏,1
7548,裏餘,1
7549,餘尊,1
7550,尊惜,1
7551,惜解,1
7552,酲北,1
7553,北闕,1
7554,闕休,1
7555,休上,1
7556,上書,1
7557,書南,1
7558,歸敝,1
7559,敝廬,1
7560,廬不,1
7561,才明,1
7562,主棄,1
7563,棄多,1
7564,多病,1
7565,病故,1
7566,人疏,1
7567,疏白,1
7568,髮催,1
7569,催年,1
7570,年老,1
7571,老青,1
7572,陽逼,1
7573,逼歲,1
7574,除永,1
7575,懷愁,1
7576,寐松,1
7577,月夜,1
7578,夜窗,1
7579,窗虛,1
7580,虛樵,1
7581,樵牧,1
7582,牧南,1
7583,近林,1
7584,林閭,1
7585,閭北,1
7586,北郭,1
7587,郭賒,1
7588,賒先,1
7589,先人,1
7590,留素,1
7591,素業,1
7592,業老,1
7593,老圃,1
7594,圃作,1
7595,作鄰,1
7596,鄰家,1
7597,家不,1
7598,不種,1
7599,種千,1
7600,千株,1
7601,株橘,1
7602,橘惟,1
7603,惟資,1
7604,資五,1
7605,色瓜,1
7606,瓜邵,1
7607,平能,1
7608,能就,1
7609,就我,1
7610,開徑,1
7611,徑剪,1
7612,剪蓬,1
7613,蓬麻,1
7614,麻家,1
7615,家本,1
7616,本洞,1
7617,湖上,1
7618,上歲,1
7619,時歸,1
7620,歸思,1
7621,思催,1
7622,催客,1
7623,心徒,1
7624,徒欲,1
7625,欲速,1
7626,速江,1
7627,路苦,1
7628,苦邅,1
7629,邅回,1
7630,回殘,1
7631,殘凍,1
7632,凍因,1
7633,因風,1
7634,風解,1
7635,解新,1
7636,正度,1
7637,度臘,1
7638,臘開,1
7639,開行,1
7640,行看,1
7641,看武,1
7642,武昌,1
7643,昌柳,1
7644,柳仿,1
7645,仿佛,1
7646,佛映,1
7647,映樓,1
7648,臺掛,1
7649,席東,1
7650,國遙,1
7651,遙舳,1
7652,舳艫,1
7653,艫爭,1
7654,爭利,1
7655,涉來,1
7656,往接,1
7657,接風,1
7658,潮問,1
7659,問我,1
7660,我今,1
7661,何去,1
7662,臺訪,1
7663,訪石,1
7664,石橋,1
7665,橋坐,1
7666,看霞,1
7667,霞色,1
7668,色曉,1
7669,曉疑,1
7670,是赤,1
7671,標皇,1
7672,皇皇,1
7673,皇三,1
7674,載書,1
7675,劍兩,1
7676,兩無,1
7677,無成,1
7678,成山,1
7679,水尋,1
7680,尋吳,1
7681,吳越,1
7682,越風,1
7683,塵厭,1
7684,厭洛,1
7685,洛京,1
7686,京扁,1
7687,舟泛,1
7688,湖海,1
7689,海長,1
7690,長揖,1
7691,揖謝,1
7692,公卿,1
7693,卿且,1
7694,且樂,1
7695,樂杯,1
7696,杯中,1
7697,中物,1
7698,物誰,1
7699,誰論,1
7700,論世,1
7701,世上,1
7702,上名,1
7703,名已,1
7704,已失,1
7705,失巴,1
7706,巴陵,1
7707,陵雨,1
7708,雨猶,1
7709,猶逢,1
7710,逢蜀,1
7711,蜀阪,1
7712,阪泥,1
7713,泥天,1
7714,天開,1
7715,開斜,1
7716,斜景,1
7717,景遍,1
7718,出晚,1
7719,晚雲,1
7720,雲低,1
7721,低餘,1
7722,餘濕,1
7723,濕猶,1
7724,猶沾,1
7725,沾草,1
7726,草殘,1
7727,殘流,1
7728,流尚,1
7729,尚入,1
7730,入溪,1
7731,溪今,1
7732,宵有,1
7733,有明,1
7734,月鄉,1
7735,思遠,1
7736,遠淒,1
7737,淒淒,1
7738,淒遠,1
7739,遊經,1
7740,經海,1
7741,嶠返,1
7742,返棹,1
7743,棹歸,1
7744,山阿,1
7745,阿日,1
7746,見喬,1
7747,木鄉,1
7748,鄉關,1
7749,關在,1
7750,在伐,1
7751,伐柯,1
7752,柯愁,1
7753,愁隨,1
7754,路盡,1
7755,盡喜,1
7756,喜入,1
7757,入郢,1
7758,門多,1
7759,多左,1
7760,右看,1
7761,看桑,1
7762,桑土,1
7763,土依,1
7764,然即,1
7765,即匪,1
7766,匪他,1
7767,他日,1
7768,暮馬,1
7769,馬行,1
7770,行疾,1
7771,疾城,1
7772,城荒,1
7773,荒人,1
7774,人住,1
7775,住稀,1
7776,稀聽,1
7777,聽歌,1
7778,歌知,1
7779,知近,1
7780,近楚,1
7781,楚投,1
7782,投館,1
7783,館忽,1
7784,忽如,1
7785,如歸,1
7786,歸魯,1
7787,魯堰,1
7788,堰田,1
7789,田疇,1
7790,疇廣,1
7791,廣章,1
7792,章陵,1
7793,陵氣,1
7794,色微,1
7795,微明,1
7796,朝拜,1
7797,拜嘉,1
7798,嘉慶,1
7799,慶須,1
7800,須著,1
7801,著老,1
7802,萊衣,1
7803,衣他,1
7804,他鄉,1
7805,鄉逢,1
7806,逢七,1
7807,七夕,1
7808,夕旅,1
7809,館益,1
7810,益羈,1
7811,羈愁,1
7812,見穿,1
7813,穿針,1
7814,針婦,1
7815,婦空,1
7816,空懷,1
7817,國樓,1
7818,樓緒,1
7819,緒風,1
7820,風初,1
7821,初減,1
7822,減熱,1
7823,熱新,1
7824,新月,1
7825,月始,1
7826,始臨,1
7827,臨秋,1
7828,秋誰,1
7829,誰忍,1
7830,忍窺,1
7831,窺河,1
7832,漢迢,1
7833,迢問,1
7834,問鬥,1
7835,牛星,1
7836,羅牛,1
7837,渚夕,1
7838,夕風,1
7839,風退,1
7840,退鷁,1
7841,舟遲,1
7842,遲浦,1
7843,浦漵,1
7844,漵嘗,1
7845,嘗同,1
7846,同宿,1
7847,宿煙,1
7848,波忽,1
7849,忽間,1
7850,間之,1
7851,之榜,1
7852,榜歌,1
7853,失船,1
7854,船火,1
7855,火望,1
7856,望中,1
7857,中疑,1
7858,疑明,1
7859,發泛,1
7860,泛潮,1
7861,潮海,1
7862,海茫,1
7863,茫何,1
7864,處期,1
7865,期瘴,1
7866,瘴氣,1
7867,氣曉,1
7868,氳南,1
7869,水雲,1
7870,雲鯤,1
7871,鯤飛,1
7872,飛今,1
7873,今始,1
7874,見鳥,1
7875,鳥墜,1
7876,墜舊,1
7877,來聞,1
7878,聞地,1
7879,地接,1
7880,沙近,1
7881,江從,1
7882,從汨,1
7883,汨渚,1
7884,渚分,1
7885,分賈,1
7886,賈生,1
7887,生曾,1
7888,曾吊,1
7889,屈予,1
7890,亦痛,1
7891,痛斯,1
7892,斯文,1
7893,文客,1
7894,客舟,1
7895,舟貪,1
7896,貪利,1
7897,涉暗,1
7898,暗裏,1
7899,裏渡,1
7900,渡湘,1
7901,湘川,1
7902,川露,1
7903,露氣,1
7904,氣聞,1
7905,聞芳,1
7906,芳杜,1
7907,杜歌,1
7908,歌聲,1
7909,聲識,1
7910,識採,1
7911,採蓮,1
7912,蓮榜,1
7913,人投,1
7914,投岸,1
7915,岸火,1
7916,火漁,1
7917,漁子,1
7918,子宿,1
7919,宿潭,1
7920,潭煙,1
7921,煙行,1
7922,行侶,1
7923,侶時,1
7924,時相,1
7925,相問,1
7926,問潯,1
7927,陽何,1
7928,處邊,1
7929,邊迢,1
7930,遞秦,1
7931,秦京,1
7932,京道,1
7933,道蒼,1
7934,蒼茫,1
7935,茫歲,1
7936,歲暮,1
7937,暮天,1
7938,天窮,1
7939,窮陰,1
7940,陰連,1
7941,連晦,1
7942,晦朔,1
7943,朔積,1
7944,雪滿,1
7945,滿山,1
7946,川落,1
7947,雁迷,1
7948,迷沙,1
7949,沙渚,1
7950,渚饑,1
7951,饑烏,1
7952,烏集,1
7953,集野,1
7954,野田,1
7955,田客,1
7956,愁空,1
7957,立不,1
7958,見有,1
7959,有人,1
7960,煙客,1
7961,行愁,1
7962,愁落,1
7963,日鄉,1
7964,思重,1
7965,重相,1
7966,催況,1
7967,況在,1
7968,在他,1
7969,他山,1
7970,山外,1
7971,外天,1
7972,寒夕,1
7973,夕鳥,1
7974,來雪,1
7975,雪深,1
7976,深迷,1
7977,迷郢,1
7978,郢路,1
7979,路雲,1
7980,雲暗,1
7981,暗失,1
7982,失陽,1
7983,臺可,1
7984,可歎,1
7985,歎悽,1
7986,悽惶,1
7987,惶子,1
7988,子高,1
7989,高歌,1
7990,歌誰,1
7991,為媒,1
7992,媒逆,1
7993,逆旅,1
7994,旅相,1
7995,逢處,1
7996,處江,1
7997,村日,1
7998,暮時,1
7999,時眾,1
8000,山遙,1
8001,遙對,1
8002,酒孤,1
8003,嶼共,1
8004,共題,1
8005,題詩,1
8006,詩廨,1
8007,宇鄰,1
8008,鄰蛟,1
8009,蛟室,1
8010,室人,1
8011,煙接,1
8012,接島,1
8013,島夷,1
8014,夷鄉,1
8015,園萬,1
8016,萬餘,1
8017,餘裏,1
8018,路一,1
8019,一相,1
8020,相悲,1
8021,悲川,1
8022,川暗,1
8023,暗夕,1
8024,陽盡,1
8025,泊岸,1
8026,岸初,1
8027,初嶺,1
8028,嶺猿,1
8029,猿相,1
8030,相叫,1
8031,叫嘯,1
8032,嘯潭,1
8033,潭嶂,1
8034,嶂似,1
8035,似空,1
8036,空虛,1
8037,虛就,1
8038,枕滅,1
8039,滅明,1
8040,明燭,1
8041,燭扣,1
8042,扣舷,1
8043,舷聞,1
8044,聞夜,1
8045,夜漁,1
8046,漁雞,1
8047,鳴問,1
8048,問何,1
8049,處人,1
8050,人物,1
8051,是秦,1
8052,秦餘,1
8053,餘桂,1
8054,桂楫,1
8055,楫中,1
8056,流望,1
8057,京江,1
8058,江兩,1
8059,兩畔,1
8060,畔明,1
8061,明林,1
8062,林開,1
8063,開揚,1
8064,揚子,1
8065,子驛,1
8066,驛山,1
8067,出潤,1
8068,潤州,1
8069,州城,1
8070,城海,1
8071,海盡,1
8072,盡邊,1
8073,邊陰,1
8074,陰靜,1
8075,靜江,1
8076,江寒,1
8077,寒朔,1
8078,朔吹,1
8079,吹生,1
8080,生更,1
8081,聞楓,1
8082,葉下,1
8083,下淅,1
8084,淅瀝,1
8085,瀝度,1
8086,度秋,1
8087,秋聲,1
8088,聲昨,1
8089,昨夜,1
8090,夜鬥,1
8091,鬥回,1
8092,回北,1
8093,北今,1
8094,朝歲,1
8095,歲起,1
8096,起東,1
8097,東我,1
8098,我年,1
8099,年已,1
8100,已強,1
8101,強仕,1
8102,仕無,1
8103,無祿,1
8104,祿尚,1
8105,尚憂,1
8106,憂農,1
8107,農桑,1
8108,桑野,1
8109,野就,1
8110,就耕,1
8111,耕父,1
8112,父荷,1
8113,荷鋤,1
8114,鋤隨,1
8115,隨牧,1
8116,牧童,1
8117,童田,1
8118,家占,1
8119,占氣,1
8120,氣候,1
8121,候共,1
8122,共說,1
8123,說此,1
8124,此年,1
8125,年豐,1
8126,豐初,1
8127,初九,1
8128,九未,1
8129,未成,1
8130,成旬,1
8131,旬重,1
8132,陽即,1
8133,即此,1
8134,此晨,1
8135,晨登,1
8136,高聞,1
8137,聞古,1
8138,古事,1
8139,事載,1
8140,酒訪,1
8141,訪幽,1
8142,人落,1
8143,帽恣,1
8144,恣歡,1
8145,歡飲,1
8146,飲授,1
8147,衣同,1
8148,同試,1
8149,試新,1
8150,新茱,1
8151,茱萸,1
8152,萸正,1
8153,正可,1
8154,可佩,1
8155,佩折,1
8156,折取,1
8157,取寄,1
8158,寄情,1
8159,情親,1
8160,親雲,1
8161,雲海,1
8162,海泛,1
8163,泛甌,1
8164,甌閩,1
8165,閩風,1
8166,潮泊,1
8167,泊島,1
8168,島濱,1
8169,濱何,1
8170,何知,1
8171,除夜,1
8172,夜得,1
8173,得見,1
8174,見故,1
8175,鄉親,1
8176,親餘,1
8177,餘是,1
8178,是乘,1
8179,槎客,1
8180,客君,1
8181,君為,1
8182,為失,1
8183,路人,1
8184,人平,1
8185,生複,1
8186,複能,1
8187,能幾,1
8188,幾一,1
8189,別十,1
8190,十餘,1
8191,春疇,1
8192,昔通,1
8193,通家,1
8194,家好,1
8195,好相,1
8196,間然,1
8197,然續,1
8198,續明,1
8199,明催,1
8200,催畫,1
8201,畫燭,1
8202,燭守,1
8203,歲接,1
8204,長筵,1
8205,舊曲,1
8206,曲梅,1
8207,花唱,1
8208,唱新,1
8209,正柏,1
8210,柏酒,1
8211,酒傳,1
8212,傳客,1
8213,隨處,1
8214,處樂,1
8215,樂不,1
8216,見度,1
8217,度年,1
8218,年閨,1
8219,閨夕,1
8220,夕綺,1
8221,綺窗,1
8222,窗閉,1
8223,閉佳,1
8224,人罷,1
8225,罷縫,1
8226,衣理,1
8227,理琴,1
8228,琴開,1
8229,開寶,1
8230,寶匣,1
8231,匣就,1
8232,枕臥,1
8233,臥重,1
8234,重幃,1
8235,幃夜,1
8236,夜久,1
8237,久燈,1
8238,燈花,1
8239,落熏,1
8240,熏籠,1
8241,籠香,1
8242,氣微,1
8243,微錦,1
8244,錦衾,1
8245,衾重,1
8246,重自,1
8247,自暖,1
8248,暖遮,1
8249,遮莫,1
8250,莫曉,1
8251,曉霜,1
8252,霜飛,1
8253,飛夫,1
8254,夫婿,1
8255,婿久,1
8256,別青,1
8257,樓空,1
8258,望歸,1
8259,歸妝,1
8260,成捲,1
8261,坐愁,1
8262,思懶,1
8263,懶縫,1
8264,衣燕,1
8265,燕子,1
8266,家入,1
8267,入楊,1
8268,楊花,1
8269,處飛,1
8270,飛空,1
8271,空床,1
8272,床難,1
8273,難獨,1
8274,獨守,1
8275,守誰,1
8276,為報,1
8277,報金,1
8278,徽佳,1
8279,人能,1
8280,能畫,1
8281,畫眉,1
8282,眉妝,1
8283,妝罷,1
8284,罷出,1
8285,出簾,1
8286,簾帷,1
8287,帷照,1
8288,照水,1
8289,水空,1
8290,愛折,1
8291,折花,1
8292,花將,1
8293,將遺,1
8294,遺誰,1
8295,誰春,1
8296,春情,1
8297,多豔,1
8298,豔逸,1
8299,逸春,1
8300,春意,1
8301,意倍,1
8302,倍相,1
8303,思愁,1
8304,愁心,1
8305,心極,1
8306,極楊,1
8307,柳一,1
8308,一種,1
8309,種亂,1
8310,亂如,1
8311,如絲,1
8312,絲一,1
8313,別隔,1
8314,隔炎,1
8315,炎涼,1
8316,涼君,1
8317,君衣,1
8318,衣忘,1
8319,忘短,1
8320,短長,1
8321,長裁,1
8322,裁縫,1
8323,縫無,1
8324,處等,1
8325,等以,1
8326,意忖,1
8327,忖情,1
8328,情量,1
8329,量畏,1
8330,畏瘦,1
8331,瘦疑,1
8332,疑傷,1
8333,傷窄,1
8334,窄防,1
8335,防寒,1
8336,寒更,1
8337,更厚,1
8338,厚裝,1
8339,裝半,1
8340,半啼,1
8341,啼封,1
8342,封裹,1
8343,裹了,1
8344,了知,1
8345,知欲,1
8346,誰將,1
8347,將豔,1
8348,豔色,1
8349,色本,1
8350,本傾,1
8351,傾城,1
8352,城分,1
8353,分香,1
8354,香更,1
8355,更有,1
8356,有情,1
8357,情髻,1
8358,鬟垂,1
8359,垂欲,1
8360,欲解,1
8361,解眉,1
8362,眉黛,1
8363,黛拂,1
8364,拂能,1
8365,能輕,1
8366,輕舞,1
8367,舞學,1
8368,學平,1
8369,陽態,1
8370,態歌,1
8371,歌翻,1
8372,翻子,1
8373,聲春,1
8374,春風,1
8375,風狹,1
8376,道含,1
8377,含笑,1
8378,笑待,1
8379,待逢,1
8380,逢迎,1
8381,迎少,1
8382,少小,1
8383,小學,1
8384,學書,1
8385,劍秦,1
8386,秦吳,1
8387,吳多,1
8388,多歲,1
8389,歲年,1
8390,年歸,1
8391,來一,1
8392,眺陵,1
8393,陵谷,1
8394,谷尚,1
8395,尚依,1
8396,然豈,1
8397,豈意,1
8398,意餐,1
8399,霞客,1
8400,客溘,1
8401,溘隨,1
8402,隨朝,1
8403,朝露,1
8404,露先,1
8405,先因,1
8406,之問,1
8407,問閭,1
8408,閭裏,1
8409,裏把,1
8410,把臂,1
8411,臂幾,1
8412,幾人,1
8413,人全,1
8414,全南,1
8415,無霜,1
8416,霜霰,1
8417,霰連,1
8418,連年,1
8419,年對,1
8420,對物,1
8421,華青,1
8422,林暗,1
8423,暗換,1
8424,換葉,1
8425,葉紅,1
8426,紅蕊,1
8427,蕊亦,1
8428,亦開,1
8429,開花,1
8430,春去,1
8431,去無,1
8432,無山,1
8433,鳥秋,1
8434,秋來,1
8435,來見,1
8436,見海,1
8437,海槎,1
8438,槎流,1
8439,流芳,1
8440,芳雖,1
8441,雖可,1
8442,可悅,1
8443,悅會,1
8444,會自,1
8445,自泣,1
8446,泣長,1
8447,沙迢,1
8448,遞三,1
8449,巴路,1
8450,路羈,1
8451,羈危,1
8452,危萬,1
8453,里身,1
8454,身亂,1
8455,亂山,1
8456,山殘,1
8457,殘雪,1
8458,雪夜,1
8459,夜孤,1
8460,孤燭,1
8461,燭異,1
8462,異鄉,1
8463,鄉人,1
8464,人漸,1
8465,漸與,1
8466,與骨,1
8467,骨肉,1
8468,肉遠,1
8469,遠轉,1
8470,轉于,1
8471,于奴,1
8472,奴僕,1
8473,僕親,1
8474,親那,1
8475,堪正,1
8476,正飄,1
8477,飄泊,1
8478,泊來,1
8479,來日,1
8480,日歲,1
8481,歲華,1
8482,華新,1
8483,新縣,1
8484,縣城,1
8485,城南,1
8486,南面,1
8487,面漢,1
8488,漢江,1
8489,江流,1
8490,流江,1
8491,江漲,1
8492,漲開,1
8493,開成,1
8494,成南,1
8495,南雍,1
8496,雍州,1
8497,州才,1
8498,乘春,1
8499,春來,1
8500,來騁,1
8501,騁望,1
8502,望群,1
8503,公暇,1
8504,暇日,1
8505,日坐,1
8506,坐銷,1
8507,銷憂,1
8508,憂樓,1
8509,臺晚,1
8510,晚映,1
8511,映青,1
8512,郭羅,1
8513,羅綺,1
8514,綺晴,1
8515,晴驕,1
8516,驕綠,1
8517,綠水,1
8518,水洲,1
8519,洲向,1
8520,波搖,1
8521,搖明,1
8522,月動,1
8523,動更,1
8524,更疑,1
8525,疑神,1
8526,女弄,1
8527,弄珠,1
8528,珠游,1
8529,游萬,1
8530,萬歲,1
8531,歲樓,1
8532,樓頭,1
8533,頭望,1
8534,望故,1
8535,鄉獨,1
8536,獨令,1
8537,令鄉,1
8538,思更,1
8539,更茫,1
8540,寒雁,1
8541,雁度,1
8542,度堪,1
8543,堪垂,1
8544,垂淚,1
8545,淚日,1
8546,落猿,1
8547,猿啼,1
8548,啼欲,1
8549,欲斷,1
8550,斷腸,1
8551,腸曲,1
8552,曲引,1
8553,引古,1
8554,古堤,1
8555,堤臨,1
8556,臨凍,1
8557,凍浦,1
8558,浦斜,1
8559,斜分,1
8560,分遠,1
8561,遠岸,1
8562,岸近,1
8563,近枯,1
8564,枯楊,1
8565,楊今,1
8566,朝偶,1
8567,偶見,1
8568,見同,1
8569,同袍,1
8570,袍友,1
8571,友卻,1
8572,卻喜,1
8573,喜家,1
8574,家書,1
8575,書寄,1
8576,寄八,1
8577,八行,1
8578,五更,1
8579,更鐘,1
8580,鐘漏,1
8581,漏欲,1
8582,欲相,1
8583,催四,1
8584,四氣,1
8585,氣推,1
8586,遷往,1
8587,往復,1
8588,復回,1
8589,回帳,1
8590,帳裏,1
8591,裏殘,1
8592,殘燈,1
8593,燈才,1
8594,才去,1
8595,去焰,1
8596,焰爐,1
8597,爐中,1
8598,中香,1
8599,氣盡,1
8600,盡成,1
8601,成灰,1
8602,灰漸,1
8603,看春,1
8604,春逼,1
8605,逼芙,1
8606,蓉枕,1
8607,枕頓,1
8608,頓覺,1
8609,覺寒,1
8610,寒銷,1
8611,銷竹,1
8612,竹葉,1
8613,葉杯,1
8614,杯守,1
8615,歲家,1
8616,家應,1
8617,應未,1
8618,未臥,1
8619,臥相,1
8620,思那,1
8621,那得,1
8622,得夢,1
8623,魂來,1
8624,樓曉,1
8625,曉日,1
8626,日珠,1
8627,珠簾,1
8628,簾映,1
8629,映紅,1
8630,粉春,1
8631,春妝,1
8632,妝寶,1
8633,寶鏡,1
8634,鏡催,1
8635,催已,1
8636,已厭,1
8637,厭交,1
8638,交歡,1
8639,歡憐,1
8640,憐枕,1
8641,枕席,1
8642,席相,1
8643,將遊,1
8644,遊戲,1
8645,戲繞,1
8646,繞池,1
8647,台坐,1
8648,坐時,1
8649,時衣,1
8650,衣帶,1
8651,帶縈,1
8652,縈纖,1
8653,纖草,1
8654,草行,1
8655,行即,1
8656,即裙,1
8657,裙裾,1
8658,裾掃,1
8659,掃落,1
8660,落梅,1
8661,梅更,1
8662,更道,1
8663,道明,1
8664,不當,1
8665,當作,1
8666,作相,1
8667,期共,1
8668,共鬥,1
8669,鬥管,1
8670,弦來,1
8671,來關,1
8672,關戍,1
8673,戍惟,1
8674,惟東,1
8675,東井,1
8676,井城,1
8677,城池,1
8678,池起,1
8679,起北,1
8680,北辰,1
8681,辰咸,1
8682,咸歌,1
8683,歌太,1
8684,太平,1
8685,平日,1
8686,日共,1
8687,共樂,1
8688,樂建,1
8689,建寅,1
8690,寅春,1
8691,春雪,1
8692,雪盡,1
8693,盡青,1
8694,山樹,1
8695,樹冰,1
8696,冰開,1
8697,開黑,1
8698,黑水,1
8699,濱草,1
8700,草迎,1
8701,迎金,1
8702,金埒,1
8703,埒馬,1
8704,馬花,1
8705,玉樓,1
8706,樓人,1
8707,人鴻,1
8708,看無,1
8709,無數,1
8710,數鶯,1
8711,鶯歌,1
8712,歌聽,1
8713,聽欲,1
8714,欲頻,1
8715,頻何,1
8716,當遂,1
8717,遂榮,1
8718,榮擢,1
8719,擢歸,1
8720,歸及,1
8721,及柳,1
8722,柳條,1
8723,條新,1
8724,新共,1
8725,共理,1
8726,理分,1
8727,分荊,1
8728,國招,1
8729,賢愧,1
8730,愧不,1
8731,不材,1
8732,材召,1
8733,召南,1
8734,風更,1
8735,更闡,1
8736,闡丞,1
8737,閣還,1
8738,還開,1
8739,開覯,1
8740,止欣,1
8741,欣眉,1
8742,眉睫,1
8743,睫沉,1
8744,沉淪,1
8745,淪拔,1
8746,拔草,1
8747,草萊,1
8748,萊坐,1
8749,坐登,1
8750,登徐,1
8751,徐孺,1
8752,孺榻,1
8753,榻頻,1
8754,頻接,1
8755,接李,1
8756,李膺,1
8757,膺杯,1
8758,杯始,1
8759,始慰,1
8760,慰蟬,1
8761,蟬鳴,1
8762,鳴柳,1
8763,柳俄,1
8764,俄看,1
8765,看雪,1
8766,雪間,1
8767,間梅,1
8768,梅四,1
8769,時年,1
8770,年鑰,1
8771,鑰盡,1
8772,盡千,1
8773,里客,1
8774,客程,1
8775,程催,1
8776,催日,1
8777,日下,1
8778,下瞻,1
8779,瞻歸,1
8780,歸翼,1
8781,翼沙,1
8782,沙邊,1
8783,邊厭,1
8784,厭曝,1
8785,曝鰓,1
8786,鰓佇,1
8787,佇聞,1
8788,聞宣,1
8789,宣室,1
8790,室召,1
8791,召星,1
8792,星象,1
8793,象列,1
8794,列三,1
8795,三台,1
8796,台薊,1
8797,門天,1
8798,天北,1
8799,北畔,1
8800,畔銅,1
8801,銅柱,1
8802,柱日,1
8803,南端,1
8804,端出,1
8805,出守,1
8806,守聲,1
8807,聲彌,1
8808,彌遠,1
8809,遠投,1
8810,投荒,1
8811,荒法,1
8812,法未,1
8813,未寬,1
8814,寬側,1
8815,側身,1
8816,身聊,1
8817,聊倚,1
8818,倚望,1
8819,望攜,1
8820,手莫,1
8821,歡白,1
8822,白璧,1
8823,璧無,1
8824,無瑕,1
8825,瑕玷,1
8826,玷青,1
8827,松有,1
8828,有歲,1
8829,寒府,1
8830,中丞,1
8831,閣江,1
8832,上使,1
8833,君灘,1
8834,灘興,1
8835,興盡,1
8836,盡回,1
8837,回舟,1
8838,舟去,1
8839,去方,1
8840,知行,1
8841,行路,1
8842,路難,1
8843,難望,1
8844,望秩,1
8845,秩宣,1
8846,宣王,1
8847,王命,1
8848,命齋,1
8849,齋心,1
8850,心待,1
8851,待漏,1
8852,漏行,1
8853,行青,1
8854,青衿,1
8855,衿列,1
8856,列胄,1
8857,胄子,1
8858,子從,1
8859,從事,1
8860,有參,1
8861,參卿,1
8862,卿五,1
8863,五馬,1
8864,馬尋,1
8865,尋歸,1
8866,路雙,1
8867,雙林,1
8868,林指,1
8869,指化,1
8870,化城,1
8871,城聞,1
8872,鐘度,1
8873,度門,1
8874,門近,1
8875,近照,1
8876,照膽,1
8877,膽玉,1
8878,玉泉,1
8879,泉清,1
8880,清皂,1
8881,皂蓋,1
8882,蓋依,1
8883,依松,1
8884,松憩,1
8885,憩緇,1
8886,緇徒,1
8887,徒擁,1
8888,擁錫,1
8889,錫迎,1
8890,迎天,1
8891,天宮,1
8892,宮上,1
8893,上兜,1
8894,兜率,1
8895,率沙,1
8896,沙界,1
8897,界豁,1
8898,豁迷,1
8899,迷明,1
8900,明欲,1
8901,欲就,1
8902,就終,1
8903,終焉,1
8904,焉志,1
8905,志恭,1
8906,恭聞,1
8907,聞智,1
8908,者名,1
8909,名人,1
8910,隨逝,1
8911,逝水,1
8912,水沒,1
8913,沒波,1
8914,波逐,1
8915,逐覆,1
8916,覆舟,1
8917,舟傾,1
8918,傾想,1
8919,想像,1
8920,像若,1
8921,若在,1
8922,在眼,1
8923,眼周,1
8924,周流,1
8925,流空,1
8926,複情,1
8927,情謝,1
8928,公還,1
8929,還欲,1
8930,臥誰,1
8931,誰與,1
8932,與濟,1
8933,濟蒼,1
8934,生放,1
8935,下松,1
8936,松滋,1
8937,滋登,1
8938,登舟,1
8939,舟命,1
8940,命楫,1
8941,楫師,1
8942,師詎,1
8943,詎忘,1
8944,忘經,1
8945,經濟,1
8946,濟日,1
8947,日不,1
8948,憚冱,1
8949,冱寒,1
8950,寒時,1
8951,時洗,1
8952,洗幘,1
8953,幘豈,1
8954,豈獨,1
8955,獨古,1
8956,古濯,1
8957,濯纓,1
8958,纓良,1
8959,良在,1
8960,茲政,1
8961,政成,1
8962,成人,1
8963,人自,1
8964,自理,1
8965,理機,1
8966,機息,1
8967,息鳥,1
8968,鳥無,1
8969,無疑,1
8970,疑雲,1
8971,物凝,1
8972,凝孤,1
8973,嶼江,1
8974,山辨,1
8975,辨四,1
8976,四維,1
8977,維晚,1
8978,風稍,1
8979,稍急,1
8980,急冬,1
8981,冬至,1
8982,至日,1
8983,日行,1
8984,行遲,1
8985,遲臘,1
8986,臘響,1
8987,響驚,1
8988,驚雲,1
8989,夢漁,1
8990,漁歌,1
8991,歌激,1
8992,激楚,1
8993,楚辭,1
8994,辭渚,1
8995,渚宮,1
8996,宮何,1
8997,是川,1
8998,川暝,1
8999,暝欲,1
9000,欲安,1
9001,安之,1
9002,之韓,1
9003,韓公,1
9004,公是,1
9005,是襄,1
9006,襄士,1
9007,士日,1
9008,日賞,1
9009,賞城,1
9010,城西,1
9011,西岑,1
9012,岑結,1
9013,構意,1
9014,潭趣,1
9015,趣轉,1
9016,轉深,1
9017,深皇,1
9018,華一,1
9019,一動,1
9020,動詠,1
9021,詠荊,1
9022,國幾,1
9023,幾謠,1
9024,吟舊,1
9025,舊徑,1
9026,徑蘭,1
9027,蘭勿,1
9028,勿剪,1
9029,剪新,1
9030,新堤,1
9031,堤柳,1
9032,柳欲,1
9033,欲陰,1
9034,陰砌,1
9035,砌傍,1
9036,傍餘,1
9037,餘怪,1
9038,石沙,1
9039,沙上,1
9040,上有,1
9041,有閑,1
9042,閑禽,1
9043,禽自,1
9044,自牧,1
9045,牧豫,1
9046,章郡,1
9047,郡空,1
9048,空瞻,1
9049,瞻楓,1
9050,林因,1
9051,聲寄,1
9052,寄流,1
9053,水善,1
9054,善聽,1
9055,聽在,1
9056,在知,1
9057,音耆,1
9058,舊眇,1
9059,眇不,1
9060,不接,1
9061,接崔,1
9062,徐無,1
9063,處尋,1
9064,尋物,1
9065,多貴,1
9066,貴遠,1
9067,遠賢,1
9068,賢俊,1
9069,俊豈,1
9070,豈無,1
9071,無今,1
9072,今遲,1
9073,爾長,1
9074,長江,1
9075,江暮,1
9076,暮澄,1
9077,澄清,1
9078,清一,1
9079,一洗,1
9080,洗心,1
9081,心返,1
9082,返耕,1
9083,耕意,1
9084,未遂,1
9085,遂日,1
9086,夕登,1
9087,登城,1
9088,城隅,1
9089,隅誰,1
9090,林近,1
9091,近坐,1
9092,坐為,1
9093,為符,1
9094,符竹,1
9095,竹拘,1
9096,拘麗,1
9097,麗譙,1
9098,譙非,1
9099,非改,1
9100,改作,1
9101,作軒,1
9102,軒檻,1
9103,檻是,1
9104,是新,1
9105,新圖,1
9106,圖遠,1
9107,遠水,1
9108,水自,1
9109,塚長,1
9110,長雲,1
9111,雲吞,1
9112,吞具,1
9113,具區,1
9114,區願,1
9115,願隨,1
9116,江燕,1
9117,燕賀,1
9118,賀羞,1
9119,羞逐,1
9120,逐府,1
9121,僚趨,1
9122,趨欲,1
9123,識狂,1
9124,狂歌,1
9125,歌者,1
9126,者丘,1
9127,園一,1
9128,一豎,1
9129,豎儒,1
9130,儒上,1
9131,上德,1
9132,德如,1
9133,如流,1
9134,水安,1
9135,仁道,1
9136,道若,1
9137,若山,1
9138,山聞,1
9139,君秉,1
9140,秉高,1
9141,高節,1
9142,節而,1
9143,而得,1
9144,得奉,1
9145,奉清,1
9146,清顏,1
9147,顏鴻,1
9148,漸升,1
9149,升儀,1
9150,儀羽,1
9151,羽牛,1
9152,牛刀,1
9153,刀列,1
9154,列下,1
9155,下班,1
9156,班處,1
9157,處腴,1
9158,腴能,1
9159,不潤,1
9160,潤居,1
9161,居劇,1
9162,劇體,1
9163,體常,1
9164,常閑,1
9165,閑去,1
9166,去詐,1
9167,詐人,1
9168,人無,1
9169,無諂,1
9170,諂除,1
9171,除邪,1
9172,邪吏,1
9173,吏息,1
9174,息奸,1
9175,奸欲,1
9176,知清,1
9177,清與,1
9178,與潔,1
9179,潔明,1
9180,照澄,1
9181,澄灣,1
9182,灣苦,1
9183,苦學,1
9184,學三,1
9185,載閉,1
9186,門江,1
9187,陰用,1
9188,用賢,1
9189,賢遭,1
9190,遭聖,1
9191,聖日,1
9192,日羈,1
9193,羈旅,1
9194,旅屬,1
9195,屬秋,1
9196,秋霖,1
9197,霖豈,1
9198,豈直,1
9199,直昏,1
9200,昏墊,1
9201,墊苦,1
9202,苦亦,1
9203,亦為,1
9204,為權,1
9205,權勢,1
9206,勢沈,1
9207,沈二,1
9208,二毛,1
9209,毛催,1
9210,催白,1
9211,髮百,1
9212,百鎰,1
9213,鎰罄,1
9214,罄黃,1
9215,金淚,1
9216,淚憶,1
9217,憶峴,1
9218,山墮,1
9219,墮愁,1
9220,愁懷,1
9221,懷湘,1
9222,湘水,1
9223,水深,1
9224,深謝,1
9225,公積,1
9226,積憤,1
9227,憤懣,1
9228,懣莊,1
9229,莊舄,1
9230,舄空,1
9231,空謠,1
9232,吟躍,1
9233,馬非,1
9234,吾事,1
9235,事狎,1
9236,狎鷗,1
9237,鷗宜,1
9238,宜我,1
9239,心寄,1
9240,言當,1
9241,路者,1
9242,者去,1
9243,矣北,1
9244,山岑,1
9245,岑別,1
9246,別業,1
9247,業聞,1
9248,聞新,1
9249,新制,1
9250,制同,1
9251,聲和,1
9252,者多,1
9253,多還,1
9254,還看,1
9255,看碧,1
9256,溪答,1
9257,答不,1
9258,羨綠,1
9259,綠珠,1
9260,珠歌,1
9261,有陽,1
9262,臺女,1
9263,女朝,1
9264,朝拾,1
9265,拾翠,1
9266,翠過,1
9267,過綺,1
9268,綺筵,1
9269,筵鋪,1
9270,鋪錦,1
9271,錦繡,1
9272,繡妝,1
9273,妝牖,1
9274,牖閉,1
9275,閉藤,1
9276,藤蘿,1
9277,蘿秩,1
9278,秩滿,1
9279,滿休,1
9280,休閒,1
9281,閒日,1
9282,日春,1
9283,餘景,1
9284,景氣,1
9285,氣和,1
9286,和仙,1
9287,仙鳧,1
9288,鳧能,1
9289,能作,1
9290,作伴,1
9291,伴羅,1
9292,襪共,1
9293,共淩,1
9294,淩波,1
9295,波曲,1
9296,島尋,1
9297,尋花,1
9298,藥回,1
9299,潭折,1
9300,荷更,1
9301,更憐,1
9302,憐斜,1
9303,日照,1
9304,照紅,1
9305,粉豔,1
9306,豔青,1
9307,青娥,1
9308,娥陳,1
9309,陳平,1
9310,平無,1
9311,無產,1
9312,產業,1
9313,業尼,1
9314,尼父,1
9315,父倦,1
9316,倦東,1
9317,東西,1
9318,西負,1
9319,負郭,1
9320,郭昔,1
9321,昔雲,1
9322,雲翳,1
9323,翳問,1
9324,津今,1
9325,今亦,1
9326,亦迷,1
9327,迷未,1
9328,未能,1
9329,能忘,1
9330,忘魏,1
9331,闕空,1
9332,空此,1
9333,此滯,1
9334,滯秦,1
9335,秦稽,1
9336,稽兩,1
9337,兩見,1
9338,見夏,1
9339,夏雲,1
9340,雲起,1
9341,起再,1
9342,再聞,1
9343,聞春,1
9344,鳥啼,1
9345,啼懷,1
9346,懷仙,1
9347,仙梅,1
9348,福市,1
9349,市訪,1
9350,訪舊,1
9351,舊若,1
9352,若耶,1
9353,溪聖,1
9354,聖主,1
9355,主賢,1
9356,賢為,1
9357,為寶,1
9358,寶君,1
9359,君何,1
9360,何隱,1
9361,隱遁,1
9362,遁棲,1
9363,棲述,1
9364,述職,1
9365,職撫,1
9366,撫荊,1
9367,荊衡,1
9368,衡分,1
9369,分符,1
9370,符襲,1
9371,襲寵,1
9372,寵榮,1
9373,榮往,1
9374,來看,1
9375,看擁,1
9376,擁傳,1
9377,傳前,1
9378,前後,1
9379,後賴,1
9380,賴專,1
9381,專城,1
9382,城勿,1
9383,勿翦,1
9384,翦棠,1
9385,棠猶,1
9386,猶在,1
9387,在波,1
9388,波澄,1
9389,澄水,1
9390,水更,1
9391,更清,1
9392,清重,1
9393,重推,1
9394,推江,1
9395,漢理,1
9396,理旋,1
9397,旋改,1
9398,改豫,1
9399,行召,1
9400,召父,1
9401,父多,1
9402,多遺,1
9403,遺愛,1
9404,愛羊,1
9405,有令,1
9406,令名,1
9407,名衣,1
9408,列祖,1
9409,道耆,1
9410,舊擁,1
9411,擁前,1
9412,前旌,1
9413,旌峴,1
9414,首晨,1
9415,送江,1
9416,江陵,1
9417,陵夜,1
9418,夜火,1
9419,火迎,1
9420,迎無,1
9421,無才,1
9422,才慚,1
9423,慚孺,1
9424,孺子,1
9425,子千,1
9426,里愧,1
9427,愧同,1
9428,聲念,1
9429,爾習,1
9430,習詩,1
9431,禮未,1
9432,未曾,1
9433,曾違,1
9434,違戶,1
9435,庭平,1
9436,生早,1
9437,早偏,1
9438,偏露,1
9439,露萬,1
9440,里更,1
9441,更飄,1
9442,飄零,1
9443,零坐,1
9444,坐棄,1
9445,棄三,1
9446,三牲,1
9447,牲養,1
9448,養行,1
9449,行觀,1
9450,觀八,1
9451,八陣,1
9452,陣形,1
9453,形飾,1
9454,飾裝,1
9455,裝辭,1
9456,辭故,1
9457,故里,1
9458,里謀,1
9459,謀策,1
9460,策赴,1
9461,赴邊,1
9462,庭壯,1
9463,志吞,1
9464,吞鴻,1
9465,鵠遙,1
9466,遙心,1
9467,心伴,1
9468,伴鶺,1
9469,鴒所,1
9470,所從,1
9471,從文,1
9472,文且,1
9473,且武,1
9474,武不,1
9475,不戰,1
9476,戰自,1
9477,自應,1
9478,應寧,1
9479,寧峴,1
9480,山江,1
9481,江岸,1
9482,岸曲,1
9483,曲郢,1
9484,郢水,1
9485,水郭,1
9486,郭門,1
9487,門前,1
9488,前自,1
9489,自古,1
9490,古登,1
9491,臨處,1
9492,處非,1
9493,非今,1
9494,今獨,1
9495,獨黯,1
9496,黯然,1
9497,然亭,1
9498,亭樓,1
9499,樓明,1
9500,明落,1
9501,落照,1
9502,照井,1
9503,井邑,1
9504,邑秀,1
9505,秀通,1
9506,通川,1
9507,川澗,1
9508,澗竹,1
9509,竹生,1
9510,生幽,1
9511,幽興,1
9512,興林,1
9513,林風,1
9514,風入,1
9515,入管,1
9516,弦再,1
9517,再飛,1
9518,飛鵬,1
9519,鵬激,1
9520,激水,1
9521,水一,1
9522,一舉,1
9523,舉鶴,1
9524,鶴沖,1
9525,天佇,1
9526,立三,1
9527,三荊,1
9528,荊使,1
9529,使看,1
9530,看君,1
9531,君駟,1
9532,駟馬,1
9533,馬旋,1
9534,旋洞,1
9535,去遠,1
9536,近楓,1
9537,葉早,1
9538,早驚,1
9539,首羊,1
9540,公愛,1
9541,愛長,1
9542,沙賈,1
9543,誼愁,1
9544,愁土,1
9545,土毛,1
9546,毛無,1
9547,無縞,1
9548,縞紵,1
9549,紵鄉,1
9550,鄉味,1
9551,味有,1
9552,有槎,1
9553,頭已,1
9554,已抱,1
9555,抱沈,1
9556,沈痼,1
9557,痼疾,1
9558,疾更,1
9559,更貽,1
9560,貽魑,1
9561,魑魅,1
9562,魅憂,1
9563,憂數,1
9564,年同,1
9565,同筆,1
9566,筆硯,1
9567,硯茲,1
9568,夕間,1
9569,間衾,1
9570,衾裯,1
9571,裯意,1
9572,氣今,1
9573,在相,1
9574,思望,1
9575,望鬥,1
9576,牛峴,1
9577,南郭,1
9578,外送,1
9579,別每,1
9580,每登,1
9581,臨沙,1
9582,岸江,1
9583,村近,1
9584,近松,1
9585,寺深,1
9586,深一,1
9587,一言,1
9588,言予,1
9589,予有,1
9590,贈三,1
9591,三峽,1
9592,峽爾,1
9593,爾將,1
9594,尋祖,1
9595,祖席,1
9596,席宜,1
9597,城酒,1
9598,酒征,1
9599,征途,1
9600,途雲,1
9601,夢林,1
9602,林蹉,1
9603,跎遊,1
9604,子意,1
9605,意眷,1
9606,眷戀,1
9607,戀故,1
9608,心去,1
9609,矣勿,1
9610,勿淹,1
9611,淹滯,1
9612,滯巴,1
9613,東猿,1
9614,猿夜,1
9615,吟自,1
9616,自君,1
9617,君理,1
9618,理畿,1
9619,畿甸,1
9620,甸予,1
9621,亦經,1
9622,經江,1
9623,江淮,1
9624,淮萬,1
9625,里書,1
9626,書信,1
9627,斷數,1
9628,年雲,1
9629,雨乖,1
9630,乖歸,1
9631,來休,1
9632,休浣,1
9633,浣日,1
9634,日始,1
9635,始得,1
9636,得賞,1
9637,賞心,1
9638,心諧,1
9639,諧朱,1
9640,朱紱,1
9641,紱恩,1
9642,恩雖,1
9643,雖重,1
9644,重滄,1
9645,趣每,1
9646,每懷,1
9647,懷樹,1
9648,樹低,1
9649,低新,1
9650,新舞,1
9651,舞閣,1
9652,閣山,1
9653,對舊,1
9654,舊書,1
9655,書齋,1
9656,齋何,1
9657,何以,1
9658,以發,1
9659,發秋,1
9660,秋興,1
9661,興陰,1
9662,陰蟲,1
9663,蟲鳴,1
9664,鳴夜,1
9665,夜階,1
9666,階甲,1
9667,第金,1
9668,張館,1
9669,館門,1
9670,庭車,1
9671,車騎,1
9672,騎多,1
9673,多家,1
9674,家封,1
9675,封漢,1
9676,漢陽,1
9677,陽郡,1
9678,郡文,1
9679,文會,1
9680,會楚,1
9681,材過,1
9682,過曲,1
9683,島浮,1
9684,浮觴,1
9685,觴酌,1
9686,酌前,1
9687,前山,1
9688,山入,1
9689,入詠,1
9690,妓堂,1
9691,堂花,1
9692,花映,1
9693,映發,1
9694,發書,1
9695,書閣,1
9696,閣柳,1
9697,柳逶,1
9698,迤玉,1
9699,指調,1
9700,調箏,1
9701,柱金,1
9702,金泥,1
9703,泥飾,1
9704,飾舞,1
9705,舞羅,1
9706,羅寧,1
9707,寧知,1
9708,知書,1
9709,劍者,1
9710,月獨,1
9711,獨蹉,1
9712,跎畫,1
9713,堂觀,1
9714,觀妙,1
9715,妙妓,1
9716,妓長,1
9717,長夜,1
9718,夜正,1
9719,正留,1
9720,留賓,1
9721,賓燭,1
9722,燭吐,1
9723,吐蓮,1
9724,花豔,1
9725,豔妝,1
9726,成桃,1
9727,桃李,1
9728,李春,1
9729,春髻,1
9730,鬟低,1
9731,低舞,1
9732,舞席,1
9733,席衫,1
9734,袖掩,1
9735,掩歌,1
9736,歌唇,1
9737,唇汗,1
9738,汗濕,1
9739,濕偏,1
9740,偏宜,1
9741,宜粉,1
9742,粉羅,1
9743,羅輕,1
9744,輕詎,1
9745,詎著,1
9746,著身,1
9747,身調,1
9748,調移,1
9749,移箏,1
9750,柱促,1
9751,促歡,1
9752,歡會,1
9753,會酒,1
9754,酒杯,1
9755,杯頻,1
9756,頻倘,1
9757,倘使,1
9758,使曹,1
9759,曹王,1
9760,王見,1
9761,見應,1
9762,應嫌,1
9763,嫌洛,1
9764,洛浦,1
9765,浦神,1
9766,神宇,1
9767,宇宙,1
9768,宙誰,1
9769,誰開,1
9770,開闢,1
9771,闢江,1
9772,山此,1
9773,此鬱,1
9774,鬱盤,1
9775,盤登,1
9776,臨今,1
9777,今古,1
9778,古用,1
9779,用風,1
9780,俗歲,1
9781,時觀,1
9782,觀地,1
9783,地理,1
9784,理荊,1
9785,荊州,1
9786,州分,1
9787,分天,1
9788,涯楚,1
9789,楚塞,1
9790,塞寬,1
9791,寬百,1
9792,城今,1
9793,今刺,1
9794,刺史,1
9795,史華,1
9796,舊郎,1
9797,官共,1
9798,共美,1
9799,美重,1
9800,節俱,1
9801,懷落,1
9802,帽歡,1
9803,歡酒,1
9804,酒邀,1
9805,邀彭,1
9806,澤載,1
9807,載琴,1
9808,琴輟,1
9809,輟武,1
9810,武城,1
9811,城彈,1
9812,彈獻,1
9813,獻壽,1
9814,壽先,1
9815,先浮,1
9816,浮菊,1
9817,菊尋,1
9818,幽或,1
9819,或藉,1
9820,藉蘭,1
9821,蘭煙,1
9822,煙虹,1
9823,虹鋪,1
9824,鋪藻,1
9825,藻翰,1
9826,翰松,1
9827,竹掛,1
9828,掛衣,1
9829,冠叔,1
9830,叔子,1
9831,子神,1
9832,神如,1
9833,如在,1
9834,公興,1
9835,興未,1
9836,未闌,1
9837,闌傳,1
9838,聞騎,1
9839,馬醉,1
9840,醉還,1
9841,向習,1
9842,池看,1
9843,看閣,1
9844,閣道,1
9845,道乘,1
9846,乘空,1
9847,空出,1
9848,出披,1
9849,披軒,1
9850,軒遠,1
9851,遠目,1
9852,目開,1
9853,開逶,1
9854,迤見,1
9855,江勢,1
9856,勢客,1
9857,客至,1
9858,至屢,1
9859,屢緣,1
9860,緣回,1
9861,回茲,1
9862,茲郡,1
9863,郡何,1
9864,何填,1
9865,填委,1
9866,委遙,1
9867,遙山,1
9868,幾哉,1
9869,哉蒼,1
9870,蒼蒼,1
9871,蒼皆,1
9872,皆草,1
9873,木處,1
9874,處盡,1
9875,盡樓,1
9876,臺驟,1
9877,驟雨,1
9878,雨一,1
9879,一陽,1
9880,陽散,1
9881,散行,1
9882,行舟,1
9883,舟四,1
9884,海來,1
9885,來鳥,1
9886,鳥歸,1
9887,歸餘,1
9888,餘興,1
9889,興遠,1
9890,遠周,1
9891,周覽,1
9892,覽更,1
9893,更裴,1
9894,回半,1
9895,空躋,1
9896,躋寶,1
9897,寶塔,1
9898,塔晴,1
9899,晴望,1
9900,望盡,1
9901,盡京,1
9902,華竹,1
9903,竹繞,1
9904,繞渭,1
9905,渭川,1
9906,川遍,1
9907,山連,1
9908,連上,1
9909,上苑,1
9910,苑斜,1
9911,斜四,1
9912,四門,1
9913,門開,1
9914,開帝,1
9915,帝宅,1
9916,宅阡,1
9917,阡陌,1
9918,陌俯,1
9919,俯人,1
9920,人家,1
9921,家累,1
9922,累劫,1
9923,劫從,1
9924,從初,1
9925,初地,1
9926,地為,1
9927,為童,1
9928,童憶,1
9929,憶聚,1
9930,聚沙,1
9931,沙一,1
9932,一窺,1
9933,窺功,1
9934,德見,1
9935,見彌,1
9936,彌益,1
9937,益道,1
9938,道心,1
9939,心加,1
9940,加坐,1
9941,坐覺,1
9942,覺諸,1
9943,諸天,1
9944,天近,1
9945,近空,1
9946,香送,1
9947,送落,1
9948,花試,1
9949,試覽,1
9950,覽鏡,1
9951,湖物,1
9952,物中,1
9953,流到,1
9954,到底,1
9955,底清,1
9956,清不,1
9957,知鱸,1
9958,鱸魚,1
9959,魚味,1
9960,味但,1
9961,但識,1
9962,識鷗,1
9963,鷗鳥,1
9964,鳥情,1
9965,情帆,1
9966,帆得,1
9967,得樵,1
9968,送春,1
9969,春逢,1
9970,逢穀,1
9971,穀雨,1
9972,晴將,1
9973,將探,1
9974,探夏,1
9975,夏禹,1
9976,穴稍,1
9977,稍背,1
9978,背越,1
9979,越王,1
9980,王城,1
9981,城府,1
9982,掾有,1
9983,有包,1
9984,包子,1
9985,推賀,1
9986,賀生,1
9987,生滄,1
9988,滄浪,1
9989,浪醉,1
9990,醉後,1
9991,後唱,1
9992,唱因,1
9993,因此,1
9994,此寄,1
9995,寄同,1
9996,聲誰,1
9997,誰家,1
9998,家無,1
9999,風月,1
10000,月此,1
10001,地有,1
10002,有琴,1
10003,琴尊,1
10004,尊山,1
10005,水會,1
10006,稽郡,1
10007,郡詩,1
10008,詩書,1
10009,書孔,1
10010,孔氏,1
10011,氏門,1
10012,門再,1
10013,來值,1
10014,值秋,1
10015,秋杪,1
10016,杪高,1
10017,高閣,1
10018,閣夜,1
10019,夜無,1
10020,喧華,1
10021,華燭,1
10022,燭罷,1
10023,罷然,1
10024,然蠟,1
10025,蠟清,1
10026,清弦,1
10027,弦方,1
10028,方奏,1
10029,奏鶤,1
10030,鶤沈,1
10031,沈生,1
10032,生隱,1
10033,侯胤,1
10034,胤朱,1
10035,朱子,1
10036,子買,1
10037,買臣,1
10038,臣孫,1
10039,孫好,1
10040,好我,1
10041,我意,1
10042,淺登,1
10043,登茲,1
10044,茲共,1
10045,共話,1
10046,話言,1
10047,言百,1
10048,里行,1
10049,行春,1
10050,春返,1
10051,返清,1
10052,清流,1
10053,流逸,1
10054,逸興,1
10055,多鷁,1
10056,舟隨,1
10057,隨雁,1
10058,雁泊,1
10059,泊江,1
10060,江火,1
10061,火共,1
10062,共星,1
10063,羅已,1
10064,已救,1
10065,救田,1
10066,家旱,1
10067,旱仍,1
10068,仍醫,1
10069,醫俗,1
10070,俗化,1
10071,化訛,1
10072,訛文,1
10073,推後,1
10074,後輩,1
10075,輩風,1
10076,風雅,1
10077,雅激,1
10078,激頹,1
10079,頹波,1
10080,波高,1
10081,高岸,1
10082,岸迷,1
10083,迷陵,1
10084,陵穀,1
10085,穀新,1
10086,聲滿,1
10087,滿棹,1
10088,歌猶,1
10089,猶憐,1
10090,憐不,1
10091,子白,1
10092,首未,1
10093,未登,1
10094,登科,1
10095,科石,1
10096,壁開,1
10097,金像,1
10098,像香,1
10099,香山,1
10100,山倚,1
10101,倚鐵,1
10102,鐵圍,1
10103,圍下,1
10104,下生,1
10105,生彌,1
10106,彌勒,1
10107,勒見,1
10108,見回,1
10109,回向,1
10110,向一,1
10111,一心,1
10112,心歸,1
10113,歸竹,1
10114,竹柏,1
10115,柏禪,1
10116,禪庭,1
10117,庭古,1
10118,古樓,1
10119,臺世,1
10120,世界,1
10121,界稀,1
10122,稀夕,1
10123,夕嵐,1
10124,嵐增,1
10125,增氣,1
10126,色餘,1
10127,餘照,1
10128,照發,1
10129,發光,1
10130,光輝,1
10131,輝講,1
10132,席邀,1
10133,邀談,1
10134,談柄,1
10135,柄泉,1
10136,泉堂,1
10137,堂施,1
10138,施浴,1
10139,浴衣,1
10140,衣願,1
10141,承功,1
10142,德水,1
10143,水從,1
10144,此濯,1
10145,濯塵,1
10146,塵機,1
10147,機郎,1
10148,官舊,1
10149,舊華,1
10150,省天,1
10151,天子,1
10152,子命,1
10153,命分,1
10154,分憂,1
10155,憂襄,1
10156,襄土,1
10157,土歲,1
10158,歲頻,1
10159,頻旱,1
10160,旱隨,1
10161,隨車,1
10162,車雨,1
10163,雨再,1
10164,再流,1
10165,流雲,1
10166,雲陰,1
10167,陰自,1
10168,河潤,1
10169,潤及,1
10170,及東,1
10171,東周,1
10172,周廨,1
10173,宇宜,1
10174,宜新,1
10175,新霽,1
10176,霽田,1
10177,家賀,1
10178,賀有,1
10179,有秋,1
10180,秋竹,1
10181,竹間,1
10182,間殘,1
10183,殘照,1
10184,照入,1
10185,入池,1
10186,上夕,1
10187,陽浮,1
10188,浮寄,1
10189,寄謝,1
10190,謝東,1
10191,東陽,1
10192,陽守,1
10193,守何,1
10194,如八,1
10195,八詠,1
10196,詠樓,1
10197,樓晚,1
10198,晚憩,1
10199,憩支,1
10200,公室,1
10201,室故,1
10202,人逢,1
10203,逢右,1
10204,軍軒,1
10205,軒窗,1
10206,窗避,1
10207,避炎,1
10208,暑翰,1
10209,墨動,1
10210,動新,1
10211,新文,1
10212,文竹,1
10213,竹蔽,1
10214,蔽簷,1
10215,簷前,1
10216,前日,1
10217,日雨,1
10218,雨隨,1
10219,隨階,1
10220,下雲,1
10221,雲周,1
10222,周遊,1
10223,清蔭,1
10224,蔭遍,1
10225,遍吟,1
10226,臥夕,1
10227,陽曛,1
10228,曛江,1
10229,江靜,1
10230,靜棹,1
10231,歌歇,1
10232,歇溪,1
10233,溪深,1
10234,深樵,1
10235,樵語,1
10236,語聞,1
10237,聞歸,1
10238,歸途,1
10239,途未,1
10240,未忍,1
10241,忍去,1
10242,去攜,1
10243,戀清,1
10244,清芬,1
10245,芬卜,1
10246,卜築,1
10247,築因,1
10248,因自,1
10249,然檀,1
10250,檀溪,1
10251,溪不,1
10252,不更,1
10253,更穿,1
10254,穿園,1
10255,廬二,1
10256,二友,1
10257,友接,1
10258,水竹,1
10259,竹數,1
10260,數家,1
10261,家連,1
10262,連直,1
10263,直與,1
10264,與南,1
10265,對非,1
10266,非關,1
10267,關選,1
10268,選地,1
10269,偏草,1
10270,堂時,1
10271,時偃,1
10272,偃曝,1
10273,曝蘭,1
10274,蘭枻,1
10275,枻日,1
10276,日周,1
10277,周旋,1
10278,旋外,1
10279,外事,1
10280,事情,1
10281,情都,1
10282,都遠,1
10283,遠中,1
10284,流性,1
10285,性所,1
10286,所便,1
10287,便閑,1
10288,閑垂,1
10289,垂太,1
10290,太公,1
10291,公釣,1
10292,釣興,1
10293,興發,1
10294,發子,1
10295,子猷,1
10296,猷船,1
10297,船餘,1
10298,亦幽,1
10299,者經,1
10300,過竊,1
10301,竊慕,1
10302,慕焉,1
10303,焉梅,1
10304,花殘,1
10305,殘臘,1
10306,色半,1
10307,半春,1
10308,春天,1
10309,天鳥,1
10310,鳥泊,1
10311,泊隨,1
10312,隨陽,1
10313,陽雁,1
10314,雁魚,1
10315,魚藏,1
10316,藏縮,1
10317,縮項,1
10318,項鯿,1
10319,鯿停,1
10320,停杯,1
10321,杯問,1
10322,問山,1
10323,山簡,1
10324,簡何,1
10325,何似,1
10326,似習,1
10327,邊郡,1
10328,郡守,1
10329,守虛,1
10330,虛陳,1
10331,陳榻,1
10332,榻林,1
10333,間召,1
10334,召楚,1
10335,材山,1
10336,川祈,1
10337,祈雨,1
10338,雨畢,1
10339,畢雲,1
10340,物喜,1
10341,喜晴,1
10342,晴開,1
10343,開抗,1
10344,抗禮,1
10345,禮尊,1
10346,尊縫,1
10347,縫掖,1
10348,掖臨,1
10349,流揖,1
10350,揖渡,1
10351,渡杯,1
10352,杯徒,1
10353,徒攀,1
10354,攀朱,1
10355,朱仲,1
10356,仲李,1
10357,李誰,1
10358,誰薦,1
10359,薦和,1
10360,和羹,1
10361,羹梅,1
10362,梅翰,1
10363,墨緣,1
10364,緣情,1
10365,情制,1
10366,制高,1
10367,深以,1
10368,意裁,1
10369,裁滄,1
10370,不遠,1
10371,必問,1
10372,問蓬,1
10373,蓬萊,1
10374,萊搖,1
10375,搖艇,1
10376,艇候,1
10377,發花,1
10378,源弄,1
10379,弄晚,1
10380,晚春,1
10381,春在,1
10382,山懷,1
10383,懷綺,1
10384,綺季,1
10385,季臨,1
10386,臨漢,1
10387,漢憶,1
10388,憶荀,1
10389,荀陳,1
10390,陳上,1
10391,巳期,1
10392,期三,1
10393,月浮,1
10394,杯興,1
10395,興十,1
10396,十旬,1
10397,旬坐,1
10398,坐歌,1
10399,待行,1
10400,樂恨,1
10401,無鄰,1
10402,鄰日,1
10403,日晚,1
10404,晚蘭,1
10405,亭北,1
10406,北煙,1
10407,煙開,1
10408,開曲,1
10409,曲水,1
10410,濱浴,1
10411,浴蠶,1
10412,蠶逢,1
10413,逢姹,1
10414,姹女,1
10415,女采,1
10416,采艾,1
10417,艾值,1
10418,值幽,1
10419,人石,1
10420,壁堪,1
10421,堪題,1
10422,題序,1
10423,序沙,1
10424,沙場,1
10425,場好,1
10426,好解,1
10427,解紳,1
10428,紳群,1
10429,公望,1
10430,不至,1
10431,至虛,1
10432,虛擲,1
10433,擲此,1
10434,此芳,1
10435,芳晨,1
10436,晨習,1
10437,習公,1
10438,有遺,1
10439,遺坐,1
10440,坐高,1
10441,高在,1
10442,在白,1
10443,雲陲,1
10444,陲樵,1
10445,子不,1
10446,見識,1
10447,識山,1
10448,僧賞,1
10449,賞自,1
10450,自知,1
10451,知以,1
10452,以餘,1
10453,餘為,1
10454,為好,1
10455,好事,1
10456,事攜,1
10457,手一,1
10458,一來,1
10459,窺竹,1
10460,露閑,1
10461,閑夜,1
10462,夜滴,1
10463,滴松,1
10464,松風,1
10465,風清,1
10466,清晝,1
10467,晝吹,1
10468,吹從,1
10469,來抱,1
10470,抱微,1
10471,尚況,1
10472,況複,1
10473,複感,1
10474,感前,1
10475,前規,1
10476,規於,1
10477,此無,1
10478,無奇,1
10479,奇策,1
10480,策蒼,1
10481,生奚,1
10482,奚以,1
10483,以為,1
10484,為八,1
10485,八解,1
10486,解禪,1
10487,禪林,1
10488,林秀,1
10489,秀三,1
10490,三明,1
10491,明給,1
10492,給苑,1
10493,苑才,1
10494,才地,1
10495,偏香,1
10496,界遠,1
10497,遠心,1
10498,心淨,1
10499,淨水,1
10500,亭開,1
10501,開傍,1
10502,傍險,1
10503,險山,1
10504,山查,1
10505,查立,1
10506,立尋,1
10507,幽石,1
10508,徑回,1
10509,回瑞,1
10510,瑞花,1
10511,花長,1
10512,自下,1
10513,下靈,1
10514,靈藥,1
10515,藥豈,1
10516,豈須,1
10517,須栽,1
10518,栽碧,1
10519,碧網,1
10520,網交,1
10521,交紅,1
10522,紅樹,1
10523,樹清,1
10524,清泉,1
10525,泉盡,1
10526,綠苔,1
10527,苔戲,1
10528,戲魚,1
10529,魚聞,1
10530,聞法,1
10531,法聚,1
10532,聚閑,1
10533,閑鳥,1
10534,鳥誦,1
10535,誦經,1
10536,經來,1
10537,棄象,1
10538,象玄,1
10539,玄應,1
10540,應悟,1
10541,悟忘,1
10542,言理,1
10543,理必,1
10544,必該,1
10545,該靜,1
10546,靜中,1
10547,中何,1
10548,何所,1
10549,所得,1
10550,得吟,1
10551,吟詠,1
10552,詠也,1
10553,也徒,1
10554,徒哉,1
10555,哉漾,1
10556,漾舟,1
10557,舟尋,1
10558,尋水,1
10559,水便,1
10560,便因,1
10561,因訪,1
10562,訪故,1
10563,人居,1
10564,居落,1
10565,日清,1
10566,清川,1
10567,川裏,1
10568,裏誰,1
10569,誰言,1
10570,言獨,1
10571,獨羨,1
10572,魚石,1
10573,潭窺,1
10574,窺洞,1
10575,洞徹,1
10576,徹沙,1
10577,岸曆,1
10578,曆紆,1
10579,紆徐,1
10580,徐竹,1
10581,嶼見,1
10582,見垂,1
10583,釣茅,1
10584,齋聞,1
10585,聞讀,1
10586,書款,1
10587,款言,1
10588,言忘,1
10589,忘景,1
10590,景夕,1
10591,夕清,1
10592,清興,1
10593,興屬,1
10594,屬涼,1
10595,涼初,1
10596,初回,1
10597,回也,1
10598,也一,1
10599,一瓢,1
10600,瓢飲,1
10601,飲賢,1
10602,賢哉,1
10603,哉常,1
10604,晏如,1
10605,如久,1
10606,久廢,1
10607,廢南,1
10608,山田,1
10609,田叨,1
10610,叨陪,1
10611,陪東,1
10612,東閣,1
10613,閣賢,1
10614,賢欲,1
10615,欲隨,1
10616,隨平,1
10617,平子,1
10618,去猶,1
10619,未獻,1
10620,獻甘,1
10621,泉枕,1
10622,枕籍,1
10623,籍琴,1
10624,琴書,1
10625,書滿,1
10626,滿褰,1
10627,褰帷,1
10628,帷遠,1
10629,遠岫,1
10630,岫連,1
10631,連我,1
10632,來如,1
10633,日庭,1
10634,庭樹,1
10635,忽鳴,1
10636,鳴蟬,1
10637,蟬促,1
10638,促織,1
10639,織驚,1
10640,驚寒,1
10641,寒女,1
10642,女秋,1
10643,秋風,1
10644,感長,1
10645,長年,1
10646,年授,1
10647,衣當,1
10648,當九,1
10649,九月,1
10650,月無,1
10651,無褐,1
10652,褐竟,1
10653,竟誰,1
10654,憐異,1
10655,縣非,1
10656,土連,1
10657,連山,1
10658,山盡,1
10659,綠篁,1
10660,篁平,1
10661,田出,1
10662,出郭,1
10663,郭少,1
10664,少盤,1
10665,盤阪,1
10666,阪入,1
10667,雲長,1
10668,長萬,1
10669,壑歸,1
10670,歸於,1
10671,於漢,1
10672,漢千,1
10673,峰劃,1
10674,劃彼,1
10675,彼蒼,1
10676,蒼猿,1
10677,猿聲,1
10678,聲亂,1
10679,亂楚,1
10680,楚峽,1
10681,峽人,1
10682,人語,1
10683,語帶,1
10684,帶巴,1
10685,巴鄉,1
10686,鄉石,1
10687,石上,1
10688,上攢,1
10689,攢椒,1
10690,椒樹,1
10691,樹藤,1
10692,間綴,1
10693,綴蜜,1
10694,房雪,1
10695,雪餘,1
10696,春未,1
10697,未暖,1
10698,暖嵐,1
10699,嵐解,1
10700,解晝,1
10701,晝初,1
10702,初陽,1
10703,陽征,1
10704,馬疲,1
10705,疲登,1
10706,登頓,1
10707,頓歸,1
10708,歸帆,1
10709,帆愛,1
10710,愛渺,1
10711,渺茫,1
10712,茫坐,1
10713,坐欣,1
10714,欣沿,1
10715,下信,1
10716,信宿,1
10717,宿見,1
10718,見維,1
10719,桑西,1
10720,西塞,1
10721,塞沿,1
10722,沿江,1
10723,島南,1
10724,南陵,1
10725,陵問,1
10726,問驛,1
10727,驛樓,1
10728,樓湖,1
10729,湖平,1
10730,平津,1
10731,津濟,1
10732,濟闊,1
10733,闊風,1
10734,風止,1
10735,止客,1
10736,客帆,1
10737,帆收,1
10738,收去,1
10739,去懷,1
10740,懷前,1
10741,前浦,1
10742,浦茫,1
10743,茫泛,1
10744,泛夕,1
10745,夕流,1
10746,流石,1
10747,石逢,1
10748,逢羅,1
10749,羅刹,1
10750,刹礙,1
10751,礙山,1
10752,山泊,1
10753,泊敬,1
10754,敬亭,1
10755,亭幽,1
10756,幽火,1
10757,火識,1
10758,識梅,1
10759,梅根,1
10760,根冶,1
10761,冶煙,1
10762,煙迷,1
10763,迷楊,1
10764,楊葉,1
10765,葉洲,1
10766,洲離,1
10767,家複,1
10768,水宿,1
10769,宿相,1
10770,相伴,1
10771,伴賴,1
10772,賴沙,1
10773,沙鷗,1
10774,鷗贛,1
10775,贛石,1
10776,石三,1
10777,三百,1
10778,洄千,1
10779,千嶂,1
10780,嶂間,1
10781,間沸,1
10782,沸聲,1
10783,聲常,1
10784,常活,1
10785,活活,1
10786,活洊,1
10787,洊勢,1
10788,勢亦,1
10789,亦潺,1
10790,潺潺,1
10791,潺跳,1
10792,跳沫,1
10793,沫魚,1
10794,龍沸,1
10795,沸垂,1
10796,藤猿,1
10797,猿狖,1
10798,狖攀,1
10799,攀榜,1
10800,人苦,1
10801,苦奔,1
10802,奔峭,1
10803,峭而,1
10804,而我,1
10805,我忘,1
10806,忘險,1
10807,險艱,1
10808,艱放,1
10809,溜情,1
10810,情彌,1
10811,彌愜,1
10812,愜登,1
10813,登艫,1
10814,艫目,1
10815,目自,1
10816,自閑,1
10817,閑暝,1
10818,暝帆,1
10819,處宿,1
10820,宿遙,1
10821,遙指,1
10822,指落,1
10823,落星,1
10824,星灣,1
10825,灣異,1
10826,縣天,1
10827,天隅,1
10828,隅僻,1
10829,僻孤,1
10830,帆海,1
10831,海畔,1
10832,畔過,1
10833,過往,1
10834,來鄉,1
10835,鄉信,1
10836,斷留,1
10837,滯客,1
10838,客情,1
10839,多臘,1
10840,月聞,1
10841,震東,1
10842,東風,1
10843,感歲,1
10844,歲和,1
10845,和蟄,1
10846,蟄蟲,1
10847,蟲驚,1
10848,驚戶,1
10849,戶穴,1
10850,穴巢,1
10851,巢鵲,1
10852,鵲眄,1
10853,眄庭,1
10854,庭柯,1
10855,柯徒,1
10856,徒對,1
10857,對芳,1
10858,芳尊,1
10859,尊酒,1
10860,酒其,1
10861,如伏,1
10862,枕何,1
10863,何歸,1
10864,歸嶼,1
10865,嶼理,1
10866,理舟,1
10867,楫江,1
10868,海正,1
10869,正無,1
10870,無波,1
10871,波四,1
10872,海重,1
10873,重然,1
10874,然諾,1
10875,諾吾,1
10876,吾嘗,1
10877,嘗聞,1
10878,聞白,1
10879,眉秦,1
10880,城游,1
10881,游俠,1
10882,俠客,1
10883,客相,1
10884,相得,1
10885,得半,1
10886,酣時,1
10887,時日,1
10888,暮田,1
10889,家遠,1
10890,山中,1
10891,中勿,1
10892,勿久,1
10893,久淹,1
10894,淹歸,1
10895,歸人,1
10896,人須,1
10897,須早,1
10898,早去,1
10899,去稚,1
10900,子望,1
10901,望陶,1
10902,陶潛,1
10903,潛峴,1
10904,首風,1
10905,風湍,1
10906,湍急,1
10907,急雲,1
10908,雲帆,1
10909,帆若,1
10910,若鳥,1
10911,飛憑,1
10912,憑軒,1
10913,軒試,1
10914,試一,1
10915,一問,1
10916,問張,1
10917,張翰,1
10918,翰欲,1
10919,欲來,1
10920,來歸,1
10921,歸遊,1
10922,遊人,1
10923,人武,1
10924,陵去,1
10925,去寶,1
10926,寶劍,1
10927,劍直,1
10928,直千,1
10929,金分,1
10930,手脫,1
10931,脫相,1
10932,相贈,1
10933,贈平,1
10934,片心,1
10935,心君,1
10936,君登,1
10937,登青,1
10938,青雲,1
10939,去予,1
10940,予望,1
10941,歸雲,1
10942,山從,1
10943,此別,1
10944,別淚,1
10945,淚濕,1
10946,濕薜,1
10947,薜蘿,1
10948,衣碧,1
10949,溪常,1
10950,常共,1
10951,共賞,1
10952,賞朱,1
10953,朱邸,1
10954,邸忽,1
10955,忽遷,1
10956,遷榮,1
10957,榮豫,1
10958,豫有,1
10959,有相,1
10960,思意,1
10961,意聞,1
10962,君琴,1
10963,上聲,1
10964,聲異,1
10965,異俗,1
10966,俗非,1
10967,非鄉,1
10968,鄉俗,1
10969,俗新,1
10970,年改,1
10971,改故,1
10972,故年,1
10973,年薊,1
10974,門看,1
10975,看火,1
10976,火樹,1
10977,樹疑,1
10978,是燭,1
10979,燭龍,1
10980,龍燃,1
10981,燃綺,1
10982,席鋪,1
10983,鋪蘭,1
10984,蘭杜,1
10985,杜珠,1
10986,珠盤,1
10987,盤折,1
10988,荷故,1
10989,園留,1
10990,留不,1
10991,不住,1
10992,住應,1
10993,是戀,1
10994,戀弦,1
10995,歌北,1
10996,澗流,1
10997,流恒,1
10998,恒滿,1
10999,滿浮,1
11000,浮舟,1
11001,舟觸,1
11002,觸處,1
11003,處通,1
11004,通沿,1
11005,洄自,1
11006,有趣,1
11007,趣何,1
11008,中春,1
11009,春眠,1
11010,眠不,1
11011,曉處,1
11012,處聞,1
11013,聞啼,1
11014,啼鳥,1
11015,鳥夜,1
11016,風雨,1
11017,雨聲,1
11018,聲花,1
11019,落知,1
11020,知多,1
11021,多少,1
11022,少洛,1
11023,陽訪,1
11024,訪才,1
11025,子江,1
11026,江嶺,1
11027,嶺作,1
11028,作流,1
11029,流人,1
11030,人聞,1
11031,聞說,1
11032,說梅,1
11033,花早,1
11034,早何,1
11035,如北,1
11036,北地,1
11037,地春,1
11038,春行,1
11039,行至,1
11040,至菊,1
11041,花潭,1
11042,潭村,1
11043,村西,1
11044,西日,1
11045,已斜,1
11046,斜主,1
11047,人登,1
11048,高去,1
11049,去雞,1
11050,雞犬,1
11051,犬空,1
11052,空在,1
11053,在家,1
11054,家花,1
11055,伴成,1
11056,成龍,1
11057,龍竹,1
11058,池分,1
11059,分躍,1
11060,馬溪,1
11061,溪田,1
11062,園人,1
11063,見疑,1
11064,疑向,1
11065,向洞,1
11066,洞中,1
11067,中棲,1
11068,棲北,1
11069,固臨,1
11070,臨京,1
11071,口夷,1
11072,夷山,1
11073,近海,1
11074,海濱,1
11075,濱江,1
11076,江風,1
11077,風白,1
11078,白浪,1
11079,浪起,1
11080,起愁,1
11081,愁殺,1
11082,殺渡,1
11083,頭人,1
11084,人珠,1
11085,彈繁,1
11086,繁華,1
11087,華子,1
11088,子金,1
11089,金羈,1
11090,羈遊,1
11091,俠人,1
11092,人酒,1
11093,酒酣,1
11094,酣白,1
11095,暮走,1
11096,馬入,1
11097,入紅,1
11098,紅塵,1
11099,塵八,1
11100,月觀,1
11101,觀潮,1
11102,潮罷,1
11103,罷三,1
11104,江越,1
11105,越海,1
11106,海潯,1
11107,潯回,1
11108,瞻魏,1
11109,闕路,1
11110,路空,1
11111,複子,1
11112,子牟,1
11113,牟心,1
11114,心移,1
11115,移舟,1
11116,泊煙,1
11117,煙渚,1
11118,渚日,1
11119,暮客,1
11120,愁新,1
11121,新野,1
11122,曠天,1
11123,天低,1
11124,低樹,1
11125,樹江,1
11126,江清,1
11127,清月,1
11128,月近,1
11129,近人,1
11130,人向,1
11131,夕問,1
11132,問舟,1
11133,子前,1
11134,程複,1
11135,幾多,1
11136,多灣,1
11137,灣頭,1
11138,頭正,1
11139,正堪,1
11140,堪泊,1
11141,泊淮,1
11142,淮裏,1
11143,裏足,1
11144,足風,1
11145,波客,1
11146,醉眠,1
11147,眠未,1
11148,起主,1
11149,人呼,1
11150,呼解,1
11151,酲已,1
11152,已言,1
11153,言雞,1
11154,黍熟,1
11155,熟複,1
11156,複道,1
11157,道甕,1
11158,甕頭,1
11159,頭清,1
11160,清渾,1
11161,渾成,1
11162,成紫,1
11163,紫檀,1
11164,檀金,1
11165,金屑,1
11166,屑文,1
11167,文作,1
11168,作得,1
11169,得琵,1
11170,琵琶,1
11171,琶聲,1
11172,聲入,1
11173,雲胡,1
11174,胡地,1
11175,地迢,1
11176,迢三,1
11177,三萬,1
11178,里那,1
11179,堪馬,1
11180,馬上,1
11181,上送,1
11182,送明,1
11183,明君,1
11184,君異,1
11185,異方,1
11186,方之,1
11187,之樂,1
11188,樂令,1
11189,人悲,1
11190,悲羌,1
11191,羌笛,1
11192,笛胡,1
11193,胡笳,1
11194,笳不,1
11195,不用,1
11196,用吹,1
11197,吹坐,1
11198,看今,1
11199,夜關,1
11200,關山,1
11201,山月,1
11202,月思,1
11203,思殺,1
11204,殺邊,1
11205,邊城,1
11206,城遊,1
11207,俠兒,1
11208,兒試,1
11209,登秦,1
11210,秦嶺,1
11211,嶺望,1
11212,川遙,1
11213,遙憶,1
11214,憶青,1
11215,青門,1
11216,門春,1
11217,春可,1
11218,憐仲,1
11219,仲月,1
11220,月送,1
11221,去瓜,1
11222,瓜時,1
11223,時須,1
11224,須及,1
11225,及邵,1
11226,田荊,1
11227,吳相,1
11228,相接,1
11229,水為,1
11230,為鄉,1
11231,鄉君,1
11232,君去,1
11233,去春,1
11234,春江,1
11235,江正,1
11236,正淼,1
11237,淼茫,1
11238,茫日,1
11239,暮征,1
11240,處泊,1
11241,泊天,1
11242,涯一,1
11243,一望,1
11244,斷人,1
11245,人腸,1
11246,腸潮,1
11247,潮落,1
11248,落江,1
11249,江平,1
11250,平未,1
11251,有風,1
11252,風扁,1
11253,舟共,1
11254,共濟,1
11255,濟與,1
11256,君同,1
11257,同時,1
11258,時時,1
11259,時引,1
11260,引領,1
11261,領望,1
11262,望天,1
11263,末何,1
11264,山是,1
11265,是越,1
11266,越中,1
11267,中不,1
11268,覺初,1
11269,初秋,1
11270,秋夜,1
11271,夜漸,1
11272,漸長,1
11273,長清,1
11274,風習,1
11275,習習,1
11276,習重,1
11277,重淒,1
11278,淒涼,1
11279,涼炎,1
11280,炎炎,1
11281,暑退,1
11282,退茅,1
11283,齋靜,1
11284,靜階,1
11285,下叢,1
11286,叢莎,1
11287,莎有,1
11288,有露,1
11289,露光,1
11290,光山,1
11291,山頭,1
11292,頭禪,1
11293,禪室,1
11294,室掛,1
11295,掛僧,1
11296,僧衣,1
11297,衣窗,1
11298,窗外,1
11299,外無,1
11300,人水,1
11301,水鳥,1
11302,黃昏,1
11303,昏半,1
11304,半在,1
11305,在下,1
11306,路卻,1
11307,卻聽,1
11308,聽泉,1
11309,泉聲,1
11310,聲戀,1
11311,戀翠,1
11312,微微,1
11313,微雲,1
11314,雲淡,1
11315,淡河,1
11316,漢疏,1
11317,疏雨,1
11318,滴梧,1
11319,梧桐,1
11320,桐逐,1
11321,逐逐,1
11322,逐懷,1
11323,懷良,1
11324,良馭,1
11325,馭蕭,1
11326,蕭蕭,1
11327,蕭顧,1
11328,顧樂,1
11329,樂鳴,1
11330,鳴省,1
11331,省試,1
11332,試騏,1
11333,騏驥,1
11334,驥長,1
11335,長鳴,1
11336,鳴詩,1
11337,詩見,1
11338,見丹,1
11339,丹陽,1
11340,陽集,1
