排名,詞彙,出現次數
1,胡為名利役來,1
2,為名利役來往,1
3,名利役來往老,1
4,利役來往老關,1
5,役來往老關河,1
6,來往老關河白,1
7,往老關河白髮,1
8,老關河白髮隨,1
9,關河白髮隨梳,1
10,河白髮隨梳少,1
11,白髮隨梳少青,1
12,髮隨梳少青山,1
13,隨梳少青山入,1
14,梳少青山入夢,1
15,少青山入夢多,1
16,青山入夢多途,1
17,山入夢多途窮,1
18,入夢多途窮憐,1
19,夢多途窮憐抱,1
20,多途窮憐抱疾,1
21,途窮憐抱疾世,1
22,窮憐抱疾世亂,1
23,憐抱疾世亂恥,1
24,抱疾世亂恥登,1
25,疾世亂恥登科,1
26,世亂恥登科卻,1
27,亂恥登科卻起,1
28,恥登科卻起漁,1
29,登科卻起漁舟,1
30,科卻起漁舟念,1
31,卻起漁舟念春,1
32,起漁舟念春風,1
33,漁舟念春風釣,1
34,舟念春風釣綠,1
35,念春風釣綠波,1
36,春風釣綠波承,1
37,風釣綠波承家,1
38,釣綠波承家居,1
39,綠波承家居闕,1
40,波承家居闕下,1
41,承家居闕下避,1
42,家居闕下避世,1
43,居闕下避世出,1
44,闕下避世出關,1
45,下避世出關東,1
46,避世出關東有,1
47,世出關東有酒,1
48,出關東有酒劉,1
49,關東有酒劉伶,1
50,東有酒劉伶醉,1
51,有酒劉伶醉無,1
52,酒劉伶醉無兒,1
53,劉伶醉無兒伯,1
54,伶醉無兒伯道,1
55,醉無兒伯道窮,1
56,無兒伯道窮新,1
57,兒伯道窮新詩,1
58,伯道窮新詩吟,1
59,道窮新詩吟閣,1
60,窮新詩吟閣賞,1
61,新詩吟閣賞舊,1
62,詩吟閣賞舊業,1
63,吟閣賞舊業釣,1
64,閣賞舊業釣台,1
65,賞舊業釣台空,1
66,舊業釣台空雨,1
67,業釣台空雨雪,1
68,釣台空雨雪還,1
69,台空雨雪還相,1
70,空雨雪還相訪,1
71,雨雪還相訪心,1
72,雪還相訪心懷,1
73,還相訪心懷與,1
74,相訪心懷與我,1
75,訪心懷與我同,1
76,心懷與我同葫,1
77,懷與我同葫蘆,1
78,與我同葫蘆窗,1
79,我同葫蘆窗畔,1
80,同葫蘆窗畔掛,1
81,葫蘆窗畔掛是,1
82,蘆窗畔掛是物,1
83,窗畔掛是物在,1
84,畔掛是物在其,1
85,掛是物在其間,1
86,是物在其間雪,1
87,物在其間雪色,1
88,在其間雪色老,1
89,其間雪色老人,1
90,間雪色老人鬢,1
91,雪色老人鬢桃,1
92,色老人鬢桃花,1
93,老人鬢桃花童,1
94,人鬢桃花童子,1
95,鬢桃花童子顏,1
96,桃花童子顏祭,1
97,花童子顏祭星,1
98,童子顏祭星秋,1
99,子顏祭星秋蔔,1
100,顏祭星秋蔔日,1
101,祭星秋蔔日采,1
102,星秋蔔日采藥,1
103,秋蔔日采藥曉,1
104,蔔日采藥曉登,1
105,日采藥曉登山,1
106,采藥曉登山舊,1
107,藥曉登山舊放,1
108,曉登山舊放長,1
109,登山舊放長生,1
110,山舊放長生鹿,1
111,舊放長生鹿時,1
112,放長生鹿時銜,1
113,長生鹿時銜瑞,1
114,生鹿時銜瑞草,1
115,鹿時銜瑞草還,1
116,時銜瑞草還香,1
117,銜瑞草還香廚,1
118,瑞草還香廚流,1
119,草還香廚流瀑,1
120,還香廚流瀑布,1
121,香廚流瀑布獨,1
122,廚流瀑布獨院,1
123,流瀑布獨院鎖,1
124,瀑布獨院鎖孤,1
125,布獨院鎖孤峰,1
126,獨院鎖孤峰紺,1
127,院鎖孤峰紺發,1
128,鎖孤峰紺發青,1
129,孤峰紺發青螺,1
130,峰紺發青螺長,1
131,紺發青螺長文,1
132,發青螺長文茵,1
133,青螺長文茵紫,1
134,螺長文茵紫豹,1
135,長文茵紫豹重,1
136,文茵紫豹重卵,1
137,茵紫豹重卵枯,1
138,紫豹重卵枯皆,1
139,豹重卵枯皆化,1
140,重卵枯皆化燕,1
141,卵枯皆化燕蜜,1
142,枯皆化燕蜜老,1
143,皆化燕蜜老卻,1
144,化燕蜜老卻成,1
145,燕蜜老卻成蜂,1
146,蜜老卻成蜂明,1
147,老卻成蜂明月,1
148,卻成蜂明月留,1
149,成蜂明月留人,1
150,蜂明月留人宿,1
151,明月留人宿秋,1
152,月留人宿秋聲,1
153,留人宿秋聲夜,1
154,人宿秋聲夜著,1
155,宿秋聲夜著松,1
156,秋聲夜著松孤,1
157,聲夜著松孤軍,1
158,夜著松孤軍前,1
159,著松孤軍前度,1
160,松孤軍前度戰,1
161,孤軍前度戰一,1
162,軍前度戰一敗,1
163,前度戰一敗一,1
164,度戰一敗一成,1
165,戰一敗一成功,1
166,一敗一成功卷,1
167,敗一成功卷旆,1
168,一成功卷旆早,1
169,成功卷旆早歸,1
170,功卷旆早歸國,1
171,卷旆早歸國臥,1
172,旆早歸國臥屍,1
173,早歸國臥屍猶,1
174,歸國臥屍猶臂,1
175,國臥屍猶臂弓,1
176,臥屍猶臂弓草,1
177,屍猶臂弓草間,1
178,猶臂弓草間腥,1
179,臂弓草間腥半,1
180,弓草間腥半在,1
181,草間腥半在沙,1
182,間腥半在沙上,1
183,腥半在沙上血,1
184,半在沙上血殘,1
185,在沙上血殘紅,1
186,沙上血殘紅傷,1
187,上血殘紅傷魄,1
188,血殘紅傷魄何,1
189,殘紅傷魄何為,1
190,紅傷魄何為者,1
191,傷魄何為者五,1
192,魄何為者五湖,1
193,何為者五湖垂,1
194,為者五湖垂釣,1
195,者五湖垂釣翁,1
196,五湖垂釣翁紅,1
197,湖垂釣翁紅顏,1
198,垂釣翁紅顏如,1
199,釣翁紅顏如朔,1
200,翁紅顏如朔雪,1
201,紅顏如朔雪日,1
202,顏如朔雪日爍,1
203,如朔雪日爍忽,1
204,朔雪日爍忽成,1
205,雪日爍忽成空,1
206,日爍忽成空淚,1
207,爍忽成空淚盡,1
208,忽成空淚盡黃,1
209,成空淚盡黃雲,1
210,空淚盡黃雲雨,1
211,淚盡黃雲雨塵,1
212,盡黃雲雨塵消,1
213,黃雲雨塵消白,1
214,雲雨塵消白草,1
215,雨塵消白草風,1
216,塵消白草風君,1
217,消白草風君心,1
218,白草風君心爭,1
219,草風君心爭不,1
220,風君心爭不悔,1
221,君心爭不悔恨,1
222,心爭不悔恨思,1
223,爭不悔恨思竟,1
224,不悔恨思竟何,1
225,悔恨思竟何窮,1
226,恨思竟何窮願,1
227,思竟何窮願化,1
228,竟何窮願化南,1
229,何窮願化南飛,1
230,窮願化南飛燕,1
231,願化南飛燕年,1
232,化南飛燕年年,1
233,南飛燕年年入,1
234,飛燕年年入漢,1
235,燕年年入漢宮,1
236,年年入漢宮壽,1
237,年入漢宮壽歲,1
238,入漢宮壽歲過,1
239,漢宮壽歲過於,1
240,宮壽歲過於百,1
241,壽歲過於百時,1
242,歲過於百時閑,1
243,過於百時閑到,1
244,於百時閑到上,1
245,百時閑到上京,1
246,時閑到上京餐,1
247,閑到上京餐松,1
248,到上京餐松雙,1
249,上京餐松雙鬢,1
250,京餐松雙鬢嫩,1
251,餐松雙鬢嫩絕,1
252,松雙鬢嫩絕粒,1
253,雙鬢嫩絕粒四,1
254,鬢嫩絕粒四支,1
255,嫩絕粒四支輕,1
256,絕粒四支輕雨,1
257,粒四支輕雨雪,1
258,四支輕雨雪思,1
259,支輕雨雪思中,1
260,輕雨雪思中嶽,1
261,雨雪思中嶽雲,1
262,雪思中嶽雲霞,1
263,思中嶽雲霞夢,1
264,中嶽雲霞夢赤,1
265,嶽雲霞夢赤城,1
266,雲霞夢赤城來,1
267,霞夢赤城來年,1
268,夢赤城來年期,1
269,赤城來年期壽,1
270,城來年期壽籙,1
271,來年期壽籙何,1
272,年期壽籙何處,1
273,期壽籙何處待,1
274,壽籙何處待先,1
275,籙何處待先生,1
276,何處待先生洪,1
277,處待先生洪流,1
278,待先生洪流盤,1
279,先生洪流盤砥,1
280,生洪流盤砥柱,1
281,洪流盤砥柱淮,1
282,流盤砥柱淮濟,1
283,盤砥柱淮濟不,1
284,砥柱淮濟不同,1
285,柱淮濟不同波,1
286,淮濟不同波莫,1
287,濟不同波莫訝,1
288,不同波莫訝清,1
289,同波莫訝清時,1
290,波莫訝清時少,1
291,莫訝清時少都,1
292,訝清時少都緣,1
293,清時少都緣曲,1
294,時少都緣曲處,1
295,少都緣曲處多,1
296,都緣曲處多遠,1
297,緣曲處多遠能,1
298,曲處多遠能通,1
299,處多遠能通玉,1
300,多遠能通玉塞,1
301,遠能通玉塞高,1
302,能通玉塞高複,1
303,通玉塞高複接,1
304,玉塞高複接銀,1
305,塞高複接銀河,1
306,高複接銀河大,1
307,複接銀河大禹,1
308,接銀河大禹成,1
309,銀河大禹成門,1
310,河大禹成門嶮,1
311,大禹成門嶮為,1
312,禹成門嶮為龍,1
313,成門嶮為龍始,1
314,門嶮為龍始得,1
315,嶮為龍始得過,1
316,為龍始得過久,1
317,龍始得過久別,1
318,始得過久別猿,1
319,得過久別猿啼,1
320,過久別猿啼寺,1
321,久別猿啼寺流,1
322,別猿啼寺流年,1
323,猿啼寺流年劫,1
324,啼寺流年劫逝,1
325,寺流年劫逝波,1
326,流年劫逝波舊,1
327,年劫逝波舊僧,1
328,劫逝波舊僧歸,1
329,逝波舊僧歸塔,1
330,波舊僧歸塔盡,1
331,舊僧歸塔盡古,1
332,僧歸塔盡古瓦,1
333,歸塔盡古瓦長,1
334,塔盡古瓦長松,1
335,盡古瓦長松多,1
336,古瓦長松多壁,1
337,瓦長松多壁蘚,1
338,長松多壁蘚昏,1
339,松多壁蘚昏題,1
340,多壁蘚昏題記,1
341,壁蘚昏題記窗,1
342,蘚昏題記窗螢,1
343,昏題記窗螢散,1
344,題記窗螢散薜,1
345,記窗螢散薜蘿,1
346,窗螢散薜蘿平,1
347,螢散薜蘿平生,1
348,散薜蘿平生英,1
349,薜蘿平生英壯,1
350,蘿平生英壯節,1
351,平生英壯節何,1
352,生英壯節何故,1
353,英壯節何故旋,1
354,壯節何故旋消,1
355,節何故旋消磨,1
356,何故旋消磨十,1
357,故旋消磨十載,1
358,旋消磨十載衣,1
359,消磨十載衣裘,1
360,磨十載衣裘盡,1
361,十載衣裘盡臨,1
362,載衣裘盡臨寒,1
363,衣裘盡臨寒隱,1
364,裘盡臨寒隱薜,1
365,盡臨寒隱薜蘿,1
366,臨寒隱薜蘿心,1
367,寒隱薜蘿心閑,1
368,隱薜蘿心閑緣,1
369,薜蘿心閑緣事,1
370,蘿心閑緣事少,1
371,心閑緣事少身,1
372,閑緣事少身老,1
373,緣事少身老愛,1
374,事少身老愛山,1
375,少身老愛山多,1
376,身老愛山多玉,1
377,老愛山多玉露,1
378,愛山多玉露催,1
379,山多玉露催收,1
380,多玉露催收菊,1
381,玉露催收菊金,1
382,露催收菊金風,1
383,催收菊金風促,1
384,收菊金風促剪,1
385,菊金風促剪禾,1
386,金風促剪禾燕,1
387,風促剪禾燕秦,1
388,促剪禾燕秦正,1
389,剪禾燕秦正戎,1
390,禾燕秦正戎馬,1
391,燕秦正戎馬林,1
392,秦正戎馬林下,1
393,正戎馬林下好,1
394,戎馬林下好婆,1
395,馬林下好婆娑,1
396,林下好婆娑不,1
397,下好婆娑不書,1
398,好婆娑不書胝,1
399,婆娑不書胝漸,1
400,娑不書胝漸穩,1
401,不書胝漸穩頻,1
402,書胝漸穩頻鑷,1
403,胝漸穩頻鑷鬢,1
404,漸穩頻鑷鬢無,1
405,穩頻鑷鬢無根,1
406,頻鑷鬢無根惟,1
407,鑷鬢無根惟有,1
408,鬢無根惟有經,1
409,無根惟有經邦,1
410,根惟有經邦事,1
411,惟有經邦事年,1
412,有經邦事年年,1
413,經邦事年年志,1
414,邦事年年志尚,1
415,事年年志尚存,1
416,年年志尚存紅,1
417,年志尚存紅筵,1
418,志尚存紅筵絲,1
419,尚存紅筵絲竹,1
420,存紅筵絲竹合,1
421,紅筵絲竹合用,1
422,筵絲竹合用爾,1
423,絲竹合用爾作,1
424,竹合用爾作歡,1
425,合用爾作歡娛,1
426,用爾作歡娛直,1
427,爾作歡娛直指,1
428,作歡娛直指寧,1
429,歡娛直指寧偏,1
430,娛直指寧偏黨,1
431,直指寧偏黨無,1
432,指寧偏黨無私,1
433,寧偏黨無私絕,1
434,偏黨無私絕覬,1
435,黨無私絕覬覦,1
436,無私絕覬覦當,1
437,私絕覬覦當歌,1
438,絕覬覦當歌誰,1
439,覬覦當歌誰擐,1
440,覦當歌誰擐袖,1
441,當歌誰擐袖應,1
442,歌誰擐袖應節,1
443,誰擐袖應節漸,1
444,擐袖應節漸輕,1
445,袖應節漸輕軀,1
446,應節漸輕軀恰,1
447,節漸輕軀恰與,1
448,漸輕軀恰與真,1
449,輕軀恰與真相,1
450,軀恰與真相似,1
451,恰與真相似氈,1
452,與真相似氈裘,1
453,真相似氈裘滿,1
454,相似氈裘滿頷,1
455,似氈裘滿頷須,1
456,氈裘滿頷須近,1
457,裘滿頷須近來,1
458,滿頷須近來吾,1
459,頷須近來吾道,1
460,須近來吾道少,1
461,近來吾道少慟,1
462,來吾道少慟哭,1
463,吾道少慟哭博,1
464,道少慟哭博陵,1
465,少慟哭博陵君,1
466,慟哭博陵君直,1
467,哭博陵君直節,1
468,博陵君直節岩,1
469,陵君直節岩前,1
470,君直節岩前竹,1
471,直節岩前竹孤,1
472,節岩前竹孤魂,1
473,岩前竹孤魂嶺,1
474,前竹孤魂嶺上,1
475,竹孤魂嶺上雲,1
476,孤魂嶺上雲縉,1
477,魂嶺上雲縉紳,1
478,嶺上雲縉紳傳,1
479,上雲縉紳傳確,1
480,雲縉紳傳確論,1
481,縉紳傳確論丞,1
482,紳傳確論丞相,1
483,傳確論丞相取,1
484,確論丞相取遺,1
485,論丞相取遺文,1
486,丞相取遺文廢,1
487,相取遺文廢卻,1
488,取遺文廢卻中,1
489,遺文廢卻中興,1
490,文廢卻中興策,1
491,廢卻中興策何,1
492,卻中興策何由,1
493,中興策何由免,1
494,興策何由免用,1
495,策何由免用軍,1
496,何由免用軍三,1
497,由免用軍三年,1
498,免用軍三年悲,1
499,用軍三年悲過,1
500,軍三年悲過隙,1
501,三年悲過隙一,1
502,年悲過隙一室,1
503,悲過隙一室類,1
504,過隙一室類銷,1
505,隙一室類銷冰,1
506,一室類銷冰妻,1
507,室類銷冰妻病,1
508,類銷冰妻病入,1
509,銷冰妻病入仙,1
510,冰妻病入仙觀,1
511,妻病入仙觀子,1
512,病入仙觀子窮,1
513,入仙觀子窮隨,1
514,仙觀子窮隨嶽,1
515,觀子窮隨嶽僧,1
516,子窮隨嶽僧荒,1
517,窮隨嶽僧荒丘,1
518,隨嶽僧荒丘寒,1
519,嶽僧荒丘寒有,1
520,僧荒丘寒有雨,1
521,荒丘寒有雨古,1
522,丘寒有雨古屋,1
523,寒有雨古屋夜,1
524,有雨古屋夜無,1
525,雨古屋夜無燈,1
526,古屋夜無燈往,1
527,屋夜無燈往日,1
528,夜無燈往日清,1
529,無燈往日清猷,1
530,燈往日清猷著,1
531,往日清猷著金,1
532,日清猷著金門,1
533,清猷著金門幾,1
534,猷著金門幾欲,1
535,著金門幾欲征,1
536,金門幾欲征不,1
537,門幾欲征不假,1
538,幾欲征不假陶,1
539,欲征不假陶熔,1
540,征不假陶熔妙,1
541,不假陶熔妙誰,1
542,假陶熔妙誰教,1
543,陶熔妙誰教羽,1
544,熔妙誰教羽翼,1
545,妙誰教羽翼全,1
546,誰教羽翼全五,1
547,教羽翼全五金,1
548,羽翼全五金池,1
549,翼全五金池畔,1
550,全五金池畔質,1
551,五金池畔質百,1
552,金池畔質百和,1
553,池畔質百和口,1
554,畔質百和口中,1
555,質百和口中煙,1
556,百和口中煙觜,1
557,和口中煙觜鈍,1
558,口中煙觜鈍魚,1
559,中煙觜鈍魚難,1
560,煙觜鈍魚難啄,1
561,觜鈍魚難啄心,1
562,鈍魚難啄心空,1
563,魚難啄心空火,1
564,難啄心空火自,1
565,啄心空火自燃,1
566,心空火自燃禦,1
567,空火自燃禦爐,1
568,火自燃禦爐如,1
569,自燃禦爐如有,1
570,燃禦爐如有闕,1
571,禦爐如有闕須,1
572,爐如有闕須進,1
573,如有闕須進聖,1
574,有闕須進聖君,1
575,闕須進聖君前,1
576,須進聖君前名,1
577,進聖君前名參,1
578,聖君前名參十,1
579,君前名參十二,1
580,前名參十二屬,1
581,名參十二屬花,1
582,參十二屬花入,1
583,十二屬花入羽,1
584,二屬花入羽毛,1
585,屬花入羽毛深,1
586,花入羽毛深守,1
587,入羽毛深守信,1
588,羽毛深守信催,1
589,毛深守信催朝,1
590,深守信催朝日,1
591,守信催朝日能,1
592,信催朝日能鳴,1
593,催朝日能鳴送,1
594,朝日能鳴送曉,1
595,日能鳴送曉陰,1
596,能鳴送曉陰峨,1
597,鳴送曉陰峨冠,1
598,送曉陰峨冠裝,1
599,曉陰峨冠裝瑞,1
600,陰峨冠裝瑞璧,1
601,峨冠裝瑞璧利,1
602,冠裝瑞璧利爪,1
603,裝瑞璧利爪削,1
604,瑞璧利爪削黃,1
605,璧利爪削黃金,1
606,利爪削黃金徒,1
607,爪削黃金徒有,1
608,削黃金徒有稻,1
609,黃金徒有稻粱,1
610,金徒有稻粱感,1
611,徒有稻粱感何,1
612,有稻粱感何由,1
613,稻粱感何由報,1
614,粱感何由報德,1
615,感何由報德音,1
616,何由報德音舉,1
617,由報德音舉翼,1
618,報德音舉翼淩,1
619,德音舉翼淩空,1
620,音舉翼淩空碧,1
621,舉翼淩空碧依,1
622,翼淩空碧依人,1
623,淩空碧依人到,1
624,空碧依人到大,1
625,碧依人到大邦,1
626,依人到大邦粉,1
627,人到大邦粉翎,1
628,到大邦粉翎棲,1
629,大邦粉翎棲畫,1
630,邦粉翎棲畫閣,1
631,粉翎棲畫閣雪,1
632,翎棲畫閣雪影,1
633,棲畫閣雪影拂,1
634,畫閣雪影拂瓊,1
635,閣雪影拂瓊窗,1
636,雪影拂瓊窗振,1
637,影拂瓊窗振鷺,1
638,拂瓊窗振鷺堪,1
639,瓊窗振鷺堪為,1
640,窗振鷺堪為侶,1
641,振鷺堪為侶鳴,1
642,鷺堪為侶鳴鳩,1
643,堪為侶鳴鳩好,1
644,為侶鳴鳩好作,1
645,侶鳴鳩好作雙,1
646,鳴鳩好作雙狎,1
647,鳩好作雙狎鷗,1
648,好作雙狎鷗歸,1
649,作雙狎鷗歸未,1
650,雙狎鷗歸未得,1
651,狎鷗歸未得睹,1
652,鷗歸未得睹爾,1
653,歸未得睹爾憶,1
654,未得睹爾憶晴,1
655,得睹爾憶晴江,1
656,睹爾憶晴江行,1
657,爾憶晴江行止,1
658,憶晴江行止竟,1
659,晴江行止竟何,1
660,江行止竟何從,1
661,行止竟何從深,1
662,止竟何從深溪,1
663,竟何從深溪與,1
664,何從深溪與古,1
665,從深溪與古峰,1
666,深溪與古峰青,1
667,溪與古峰青荷,1
668,與古峰青荷巢,1
669,古峰青荷巢瑞,1
670,峰青荷巢瑞質,1
671,青荷巢瑞質綠,1
672,荷巢瑞質綠水,1
673,巢瑞質綠水返,1
674,瑞質綠水返靈,1
675,質綠水返靈蹤,1
676,綠水返靈蹤鑽,1
677,水返靈蹤鑽骨,1
678,返靈蹤鑽骨神,1
679,靈蹤鑽骨神明,1
680,蹤鑽骨神明應,1
681,鑽骨神明應酬,1
682,骨神明應酬恩,1
683,神明應酬恩感,1
684,明應酬恩感激,1
685,應酬恩感激重,1
686,酬恩感激重仙,1
687,恩感激重仙翁,1
688,感激重仙翁求,1
689,激重仙翁求一,1
690,重仙翁求一卦,1
691,仙翁求一卦何,1
692,翁求一卦何日,1
693,求一卦何日脫,1
694,一卦何日脫龍,1
695,卦何日脫龍鍾,1
696,何日脫龍鍾日,1
697,日脫龍鍾日下,1
698,脫龍鍾日下征,1
699,龍鍾日下征良,1
700,鍾日下征良匠,1
701,日下征良匠宮,1
702,下征良匠宮中,1
703,征良匠宮中贈,1
704,良匠宮中贈阿,1
705,匠宮中贈阿嬌,1
706,宮中贈阿嬌瑞,1
707,中贈阿嬌瑞蓮,1
708,贈阿嬌瑞蓮開,1
709,阿嬌瑞蓮開二,1
710,嬌瑞蓮開二孕,1
711,瑞蓮開二孕瓊,1
712,蓮開二孕瓊縷,1
713,開二孕瓊縷織,1
714,二孕瓊縷織千,1
715,孕瓊縷織千條,1
716,瓊縷織千條蟬,1
717,縷織千條蟬翼,1
718,織千條蟬翼輕,1
719,千條蟬翼輕輕,1
720,條蟬翼輕輕結,1
721,蟬翼輕輕結花,1
722,翼輕輕結花紋,1
723,輕輕結花紋細,1
724,輕結花紋細細,1
725,結花紋細細挑,1
726,花紋細細挑舞,1
727,紋細細挑舞時,1
728,細細挑舞時紅,1
729,細挑舞時紅袖,1
730,挑舞時紅袖舉,1
731,舞時紅袖舉纖,1
732,時紅袖舉纖影,1
733,紅袖舉纖影透,1
734,袖舉纖影透龍,1
735,舉纖影透龍綃,1
736,纖影透龍綃劍,1
737,影透龍綃劍門,1
738,透龍綃劍門南,1
739,龍綃劍門南面,1
740,綃劍門南面樹,1
741,劍門南面樹移,1
742,門南面樹移向,1
743,南面樹移向會,1
744,面樹移向會仙,1
745,樹移向會仙亭,1
746,移向會仙亭錦,1
747,向會仙亭錦水,1
748,會仙亭錦水饒,1
749,仙亭錦水饒花,1
750,亭錦水饒花豔,1
751,錦水饒花豔岷,1
752,水饒花豔岷山,1
753,饒花豔岷山帶,1
754,花豔岷山帶葉,1
755,豔岷山帶葉青,1
756,岷山帶葉青文,1
757,山帶葉青文君,1
758,帶葉青文君慚,1
759,葉青文君慚婉,1
760,青文君慚婉娩,1
761,文君慚婉娩神,1
762,君慚婉娩神女,1
763,慚婉娩神女讓,1
764,婉娩神女讓娉,1
765,娩神女讓娉婷,1
766,神女讓娉婷爛,1
767,女讓娉婷爛熳,1
768,讓娉婷爛熳紅,1
769,娉婷爛熳紅兼,1
770,婷爛熳紅兼紫,1
771,爛熳紅兼紫飄,1
772,熳紅兼紫飄香,1
773,紅兼紫飄香入,1
774,兼紫飄香入繡,1
775,紫飄香入繡扃,1
776,飄香入繡扃十,1
777,香入繡扃十二,1
778,入繡扃十二瓊,1
779,繡扃十二瓊樓,1
780,扃十二瓊樓鎖,1
781,十二瓊樓鎖翠,1
782,二瓊樓鎖翠微,1
783,瓊樓鎖翠微暮,1
784,樓鎖翠微暮霞,1
785,鎖翠微暮霞遺,1
786,翠微暮霞遺卻,1
787,微暮霞遺卻六,1
788,暮霞遺卻六銖,1
789,霞遺卻六銖衣,1
790,遺卻六銖衣桐,1
791,卻六銖衣桐枯,1
792,六銖衣桐枯丹,1
793,銖衣桐枯丹穴,1
794,衣桐枯丹穴鳳,1
795,桐枯丹穴鳳何,1
796,枯丹穴鳳何去,1
797,丹穴鳳何去天,1
798,穴鳳何去天在,1
799,鳳何去天在鼎,1
800,何去天在鼎湖,1
801,去天在鼎湖龍,1
802,天在鼎湖龍不,1
803,在鼎湖龍不歸,1
804,鼎湖龍不歸簾,1
805,湖龍不歸簾影,1
806,龍不歸簾影罷,1
807,不歸簾影罷添,1
808,歸簾影罷添新,1
809,簾影罷添新翡,1
810,影罷添新翡翠,1
811,罷添新翡翠露,1
812,添新翡翠露華,1
813,新翡翠露華猶,1
814,翡翠露華猶濕,1
815,翠露華猶濕舊,1
816,露華猶濕舊珠,1
817,華猶濕舊珠璣,1
818,猶濕舊珠璣君,1
819,濕舊珠璣君王,1
820,舊珠璣君王魂,1
821,珠璣君王魂斷,1
822,璣君王魂斷驪,1
823,君王魂斷驪山,1
824,王魂斷驪山路,1
825,魂斷驪山路且,1
826,斷驪山路且向,1
827,驪山路且向蓬,1
828,山路且向蓬瀛,1
829,路且向蓬瀛伴,1
830,且向蓬瀛伴貴,1
831,向蓬瀛伴貴妃,1
832,蓬瀛伴貴妃腸,1
833,瀛伴貴妃腸斷,1
834,伴貴妃腸斷將,1
835,貴妃腸斷將軍,1
836,妃腸斷將軍改,1
837,腸斷將軍改葬,1
838,斷將軍改葬歸,1
839,將軍改葬歸錦,1
840,軍改葬歸錦囊,1
841,改葬歸錦囊香,1
842,葬歸錦囊香在,1
843,歸錦囊香在憶,1
844,錦囊香在憶當,1
845,囊香在憶當時,1
846,香在憶當時年,1
847,在憶當時年來,1
848,憶當時年來卻,1
849,當時年來卻恨,1
850,時年來卻恨相,1
851,年來卻恨相思,1
852,來卻恨相思樹,1
853,卻恨相思樹春,1
854,恨相思樹春至,1
855,相思樹春至不,1
856,思樹春至不生,1
857,樹春至不生連,1
858,春至不生連理,1
859,至不生連理枝,1
860,不生連理枝雪,1
861,生連理枝雪女,1
862,連理枝雪女塚,1
863,理枝雪女塚頭,1
864,枝雪女塚頭瑤,1
865,雪女塚頭瑤草,1
866,女塚頭瑤草合,1
867,塚頭瑤草合貴,1
868,頭瑤草合貴妃,1
869,瑤草合貴妃池,1
870,草合貴妃池裏,1
871,合貴妃池裏玉,1
872,貴妃池裏玉蓮,1
873,妃池裏玉蓮衰,1
874,池裏玉蓮衰霓,1
875,裏玉蓮衰霓裳,1
876,玉蓮衰霓裳舊,1
877,蓮衰霓裳舊曲,1
878,衰霓裳舊曲飛,1
879,霓裳舊曲飛霜,1
880,裳舊曲飛霜殿,1
881,舊曲飛霜殿夢,1
882,曲飛霜殿夢破,1
883,飛霜殿夢破魂,1
884,霜殿夢破魂驚,1
885,殿夢破魂驚絕,1
886,夢破魂驚絕後,1
887,破魂驚絕後期,1
888,魂驚絕後期天,1
889,驚絕後期天皇,1
890,絕後期天皇攘,1
891,後期天皇攘袂,1
892,期天皇攘袂敕,1
893,天皇攘袂敕神,1
894,皇攘袂敕神龍,1
895,攘袂敕神龍雨,1
896,袂敕神龍雨我,1
897,敕神龍雨我公,1
898,神龍雨我公田,1
899,龍雨我公田兆,1
900,雨我公田兆歲,1
901,我公田兆歲豐,1
902,公田兆歲豐幾,1
903,田兆歲豐幾日,1
904,兆歲豐幾日淋,1
905,歲豐幾日淋漓,1
906,豐幾日淋漓侵,1
907,幾日淋漓侵暮,1
908,日淋漓侵暮角,1
909,淋漓侵暮角數,1
910,漓侵暮角數宵,1
911,侵暮角數宵滂,1
912,暮角數宵滂沛,1
913,角數宵滂沛徹,1
914,數宵滂沛徹晨,1
915,宵滂沛徹晨鐘,1
916,滂沛徹晨鐘細,1
917,沛徹晨鐘細如,1
918,徹晨鐘細如春,1
919,晨鐘細如春霧,1
920,鐘細如春霧籠,1
921,細如春霧籠平,1
922,如春霧籠平野,1
923,春霧籠平野猛,1
924,霧籠平野猛似,1
925,籠平野猛似秋,1
926,平野猛似秋風,1
927,野猛似秋風擊,1
928,猛似秋風擊古,1
929,似秋風擊古松,1
930,秋風擊古松門,1
931,風擊古松門下,1
932,擊古松門下十,1
933,古松門下十年,1
934,松門下十年耕,1
935,門下十年耕稼,1
936,下十年耕稼者,1
937,十年耕稼者坐,1
938,年耕稼者坐來,1
939,耕稼者坐來偏,1
940,稼者坐來偏憶,1
941,者坐來偏憶翠,1
942,坐來偏憶翠微,1
943,來偏憶翠微峰,1
944,偏憶翠微峰飛,1
945,憶翠微峰飛書,1
946,翠微峰飛書一,1
947,微峰飛書一幅,1
948,峰飛書一幅錦,1
949,飛書一幅錦文,1
950,書一幅錦文回,1
951,一幅錦文回恨,1
952,幅錦文回恨寫,1
953,錦文回恨寫深,1
954,文回恨寫深情,1
955,回恨寫深情寄,1
956,恨寫深情寄雁,1
957,寫深情寄雁來,1
958,深情寄雁來機,1
959,情寄雁來機上,1
960,寄雁來機上月,1
961,雁來機上月殘,1
962,來機上月殘香,1
963,機上月殘香閣,1
964,上月殘香閣掩,1
965,月殘香閣掩樹,1
966,殘香閣掩樹梢,1
967,香閣掩樹梢煙,1
968,閣掩樹梢煙澹,1
969,掩樹梢煙澹綠,1
970,樹梢煙澹綠窗,1
971,梢煙澹綠窗開,1
972,煙澹綠窗開霏,1
973,澹綠窗開霏霏,1
974,綠窗開霏霏雨,1
975,窗開霏霏雨罷,1
976,開霏霏雨罷歌,1
977,霏霏雨罷歌終,1
978,霏雨罷歌終曲,1
979,雨罷歌終曲漠,1
980,罷歌終曲漠漠,1
981,歌終曲漠漠雲,1
982,終曲漠漠雲深,1
983,曲漠漠雲深酒,1
984,漠漠雲深酒滿,1
985,漠雲深酒滿杯,1
986,雲深酒滿杯歸,1
987,深酒滿杯歸日,1
988,酒滿杯歸日幾,1
989,滿杯歸日幾人,1
990,杯歸日幾人行,1
991,歸日幾人行問,1
992,日幾人行問卜,1
993,幾人行問卜徽,1
994,人行問卜徽音,1
995,行問卜徽音想,1
996,問卜徽音想望,1
997,卜徽音想望倚,1
998,徽音想望倚高,1
999,音想望倚高臺,1
1000,想望倚高臺輕,1
1001,望倚高臺輕帆,1
1002,倚高臺輕帆數,1
1003,高臺輕帆數點,1
1004,臺輕帆數點千,1
1005,輕帆數點千峰,1
1006,帆數點千峰碧,1
1007,數點千峰碧水,1
1008,點千峰碧水接,1
1009,千峰碧水接雲,1
1010,峰碧水接雲山,1
1011,碧水接雲山四,1
1012,水接雲山四望,1
1013,接雲山四望遙,1
1014,雲山四望遙晴,1
1015,山四望遙晴日,1
1016,四望遙晴日海,1
1017,望遙晴日海霞,1
1018,遙晴日海霞紅,1
1019,晴日海霞紅靄,1
1020,日海霞紅靄靄,1
1021,海霞紅靄靄曉,1
1022,霞紅靄靄曉天,1
1023,紅靄靄曉天江,1
1024,靄靄曉天江樹,1
1025,靄曉天江樹綠,1
1026,曉天江樹綠迢,1
1027,天江樹綠迢迢,1
1028,江樹綠迢迢清,1
1029,樹綠迢迢清波,1
1030,綠迢迢清波石,1
1031,迢迢清波石眼,1
1032,迢清波石眼泉,1
1033,清波石眼泉當,1
1034,波石眼泉當檻,1
1035,石眼泉當檻小,1
1036,眼泉當檻小徑,1
1037,泉當檻小徑松,1
1038,當檻小徑松門,1
1039,檻小徑松門寺,1
1040,小徑松門寺對,1
1041,徑松門寺對橋,1
1042,松門寺對橋明,1
1043,門寺對橋明月,1
1044,寺對橋明月釣,1
1045,對橋明月釣舟,1
1046,橋明月釣舟漁,1
1047,明月釣舟漁浦,1
1048,月釣舟漁浦遠,1
1049,釣舟漁浦遠傾,1
1050,舟漁浦遠傾山,1
1051,漁浦遠傾山雪,1
1052,浦遠傾山雪浪,1
1053,遠傾山雪浪暗,1
1054,傾山雪浪暗隨,1
1055,山雪浪暗隨潮,1
1056,雪浪暗隨潮不,1
1057,浪暗隨潮不把,1
1058,暗隨潮不把漁,1
1059,隨潮不把漁竿,1
1060,潮不把漁竿不,1
1061,不把漁竿不灌,1
1062,把漁竿不灌園,1
1063,漁竿不灌園策,1
1064,竿不灌園策筇,1
1065,不灌園策筇吟,1
1066,灌園策筇吟繞,1
1067,園策筇吟繞綠,1
1068,策筇吟繞綠蕪,1
1069,筇吟繞綠蕪村,1
1070,吟繞綠蕪村得,1
1071,繞綠蕪村得爭,1
1072,綠蕪村得爭野,1
1073,蕪村得爭野老,1
1074,村得爭野老眠,1
1075,得爭野老眠雲,1
1076,爭野老眠雲樂,1
1077,野老眠雲樂倍,1
1078,老眠雲樂倍感,1
1079,眠雲樂倍感閩,1
1080,雲樂倍感閩王,1
1081,樂倍感閩王與,1
1082,倍感閩王與善,1
1083,感閩王與善恩,1
1084,閩王與善恩鳥,1
1085,王與善恩鳥趁,1
1086,與善恩鳥趁竹,1
1087,善恩鳥趁竹風,1
1088,恩鳥趁竹風穿,1
1089,鳥趁竹風穿靜,1
1090,趁竹風穿靜戶,1
1091,竹風穿靜戶魚,1
1092,風穿靜戶魚吹,1
1093,穿靜戶魚吹煙,1
1094,靜戶魚吹煙浪,1
1095,戶魚吹煙浪噴,1
1096,魚吹煙浪噴晴,1
1097,吹煙浪噴晴軒,1
1098,煙浪噴晴軒何,1
1099,浪噴晴軒何人,1
1100,噴晴軒何人買,1
1101,晴軒何人買我,1
1102,軒何人買我安,1
1103,何人買我安貧,1
1104,人買我安貧趣,1
1105,買我安貧趣百,1
1106,我安貧趣百萬,1
1107,安貧趣百萬黃,1
1108,貧趣百萬黃金,1
1109,趣百萬黃金未,1
1110,百萬黃金未可,1
1111,萬黃金未可論,1
1112,黃金未可論古,1
1113,金未可論古往,1
1114,未可論古往今,1
1115,可論古往今來,1
1116,論古往今來恨,1
1117,古往今來恨莫,1
1118,往今來恨莫窮,1
1119,今來恨莫窮不,1
1120,來恨莫窮不如,1
1121,恨莫窮不如沈,1
1122,莫窮不如沈醉,1
1123,窮不如沈醉臥,1
1124,不如沈醉臥春,1
1125,如沈醉臥春風,1
1126,沈醉臥春風雀,1
1127,醉臥春風雀兒,1
1128,臥春風雀兒無,1
1129,春風雀兒無角,1
1130,風雀兒無角長,1
1131,雀兒無角長穿,1
1132,兒無角長穿屋,1
1133,無角長穿屋鸚,1
1134,角長穿屋鸚鵡,1
1135,長穿屋鸚鵡能,1
1136,穿屋鸚鵡能言,1
1137,屋鸚鵡能言卻,1
1138,鸚鵡能言卻入,1
1139,鵡能言卻入籠,1
1140,能言卻入籠柳,1
1141,言卻入籠柳惠,1
1142,卻入籠柳惠豈,1
1143,入籠柳惠豈嫌,1
1144,籠柳惠豈嫌居,1
1145,柳惠豈嫌居下,1
1146,惠豈嫌居下位,1
1147,豈嫌居下位朱,1
1148,嫌居下位朱雲,1
1149,居下位朱雲直,1
1150,下位朱雲直去,1
1151,位朱雲直去指,1
1152,朱雲直去指三,1
1153,雲直去指三公,1
1154,直去指三公閑,1
1155,去指三公閑思,1
1156,指三公閑思郭,1
1157,三公閑思郭令,1
1158,公閑思郭令長,1
1159,閑思郭令長安,1
1160,思郭令長安宅,1
1161,郭令長安宅草,1
1162,令長安宅草沒,1
1163,長安宅草沒匡,1
1164,安宅草沒匡牆,1
1165,宅草沒匡牆舊,1
1166,草沒匡牆舊事,1
1167,沒匡牆舊事空,1
1168,匡牆舊事空十,1
1169,牆舊事空十裏,1
1170,舊事空十裏煙,1
1171,事空十裏煙籠,1
1172,空十裏煙籠一,1
1173,十裏煙籠一徑,1
1174,裏煙籠一徑分,1
1175,煙籠一徑分故,1
1176,籠一徑分故人,1
1177,一徑分故人迢,1
1178,徑分故人迢遞,1
1179,分故人迢遞久,1
1180,故人迢遞久離,1
1181,人迢遞久離群,1
1182,迢遞久離群白,1
1183,遞久離群白雲,1
1184,久離群白雲明,1
1185,離群白雲明月,1
1186,群白雲明月皆,1
1187,白雲明月皆由,1
1188,雲明月皆由我,1
1189,明月皆由我碧,1
1190,月皆由我碧水,1
1191,皆由我碧水青,1
1192,由我碧水青山,1
1193,我碧水青山忽,1
1194,碧水青山忽贈,1
1195,水青山忽贈君,1
1196,青山忽贈君浮,1
1197,山忽贈君浮世,1
1198,忽贈君浮世宦,1
1199,贈君浮世宦名,1
1200,君浮世宦名渾,1
1201,浮世宦名渾似,1
1202,世宦名渾似夢,1
1203,宦名渾似夢半,1
1204,名渾似夢半生,1
1205,渾似夢半生勤,1
1206,似夢半生勤苦,1
1207,夢半生勤苦謾,1
1208,半生勤苦謾為,1
1209,生勤苦謾為文,1
1210,勤苦謾為文北,1
1211,苦謾為文北邙,1
1212,謾為文北邙坡,1
1213,為文北邙坡上,1
1214,文北邙坡上青,1
1215,北邙坡上青松,1
1216,邙坡上青松下,1
1217,坡上青松下儘,1
1218,上青松下儘是,1
1219,青松下儘是鏘,1
1220,松下儘是鏘金,1
1221,下儘是鏘金佩,1
1222,儘是鏘金佩玉,1
1223,是鏘金佩玉墳,1
1224,鏘金佩玉墳巧,1
1225,金佩玉墳巧者,1
1226,佩玉墳巧者多,1
1227,玉墳巧者多為,1
1228,墳巧者多為拙,1
1229,巧者多為拙者,1
1230,者多為拙者資,1
1231,多為拙者資良,1
1232,為拙者資良籌,1
1233,拙者資良籌第,1
1234,者資良籌第一,1
1235,資良籌第一在,1
1236,良籌第一在乘,1
1237,籌第一在乘時,1
1238,第一在乘時市,1
1239,一在乘時市門,1
1240,在乘時市門逐,1
1241,乘時市門逐利,1
1242,時市門逐利終,1
1243,市門逐利終身,1
1244,門逐利終身飽,1
1245,逐利終身飽穀,1
1246,利終身飽穀口,1
1247,終身飽穀口躬,1
1248,身飽穀口躬耕,1
1249,飽穀口躬耕盡,1
1250,穀口躬耕盡日,1
1251,口躬耕盡日饑,1
1252,躬耕盡日饑瓊,1
1253,耕盡日饑瓊玖,1
1254,盡日饑瓊玖鬻,1
1255,日饑瓊玖鬻來,1
1256,饑瓊玖鬻來燕,1
1257,瓊玖鬻來燕石,1
1258,玖鬻來燕石貴,1
1259,鬻來燕石貴蓬,1
1260,來燕石貴蓬蒿,1
1261,燕石貴蓬蒿芳,1
1262,石貴蓬蒿芳處,1
1263,貴蓬蒿芳處楚,1
1264,蓬蒿芳處楚蘭,1
1265,蒿芳處楚蘭衰,1
1266,芳處楚蘭衰高,1
1267,處楚蘭衰高皇,1
1268,楚蘭衰高皇冷,1
1269,蘭衰高皇冷笑,1
1270,衰高皇冷笑重,1
1271,高皇冷笑重瞳,1
1272,皇冷笑重瞳客,1
1273,冷笑重瞳客蓋,1
1274,笑重瞳客蓋世,1
1275,重瞳客蓋世拔,1
1276,瞳客蓋世拔山,1
1277,客蓋世拔山何,1
1278,蓋世拔山何所,1
1279,世拔山何所為,1
1280,拔山何所為潤,1
1281,山何所為潤屋,1
1282,何所為潤屋豐,1
1283,所為潤屋豐家,1
1284,為潤屋豐家莫,1
1285,潤屋豐家莫妄,1
1286,屋豐家莫妄求,1
1287,豐家莫妄求眼,1
1288,家莫妄求眼看,1
1289,莫妄求眼看多,1
1290,妄求眼看多是,1
1291,求眼看多是與,1
1292,眼看多是與身,1
1293,看多是與身讎,1
1294,多是與身讎百,1
1295,是與身讎百禽,1
1296,與身讎百禽羅,1
1297,身讎百禽羅得,1
1298,讎百禽羅得皆,1
1299,百禽羅得皆黃,1
1300,禽羅得皆黃口,1
1301,羅得皆黃口四,1
1302,得皆黃口四皓,1
1303,皆黃口四皓山,1
1304,黃口四皓山居,1
1305,口四皓山居始,1
1306,四皓山居始白,1
1307,皓山居始白頭,1
1308,山居始白頭玉,1
1309,居始白頭玉爍,1
1310,始白頭玉爍火,1
1311,白頭玉爍火光,1
1312,頭玉爍火光爭,1
1313,玉爍火光爭肯,1
1314,爍火光爭肯變,1
1315,火光爭肯變草,1
1316,光爭肯變草芳,1
1317,爭肯變草芳崎,1
1318,肯變草芳崎岸,1
1319,變草芳崎岸不,1
1320,草芳崎岸不曾,1
1321,芳崎岸不曾秋,1
1322,崎岸不曾秋朱,1
1323,岸不曾秋朱門,1
1324,不曾秋朱門粉,1
1325,曾秋朱門粉署,1
1326,秋朱門粉署何,1
1327,朱門粉署何由,1
1328,門粉署何由到,1
1329,粉署何由到空,1
1330,署何由到空寄,1
1331,何由到空寄新,1
1332,由到空寄新詩,1
1333,到空寄新詩謝,1
1334,空寄新詩謝列,1
1335,寄新詩謝列侯,1
1336,新詩謝列侯鶴,1
1337,詩謝列侯鶴性,1
1338,謝列侯鶴性松,1
1339,列侯鶴性松心,1
1340,侯鶴性松心合,1
1341,鶴性松心合在,1
1342,性松心合在山,1
1343,松心合在山五,1
1344,心合在山五侯,1
1345,合在山五侯門,1
1346,在山五侯門館,1
1347,山五侯門館怯,1
1348,五侯門館怯趨,1
1349,侯門館怯趨攀,1
1350,門館怯趨攀三,1
1351,館怯趨攀三年,1
1352,怯趨攀三年臥,1
1353,趨攀三年臥病,1
1354,攀三年臥病不,1
1355,三年臥病不能,1
1356,年臥病不能免,1
1357,臥病不能免一,1
1358,病不能免一日,1
1359,不能免一日受,1
1360,能免一日受恩,1
1361,免一日受恩方,1
1362,一日受恩方得,1
1363,日受恩方得還,1
1364,受恩方得還明,1
1365,恩方得還明月,1
1366,方得還明月送,1
1367,得還明月送人,1
1368,還明月送人沿,1
1369,明月送人沿驛,1
1370,月送人沿驛路,1
1371,送人沿驛路白,1
1372,人沿驛路白雲,1
1373,沿驛路白雲隨,1
1374,驛路白雲隨馬,1
1375,路白雲隨馬入,1
1376,白雲隨馬入柴,1
1377,雲隨馬入柴關,1
1378,隨馬入柴關笑,1
1379,馬入柴關笑他,1
1380,入柴關笑他範,1
1381,柴關笑他範蠡,1
1382,關笑他範蠡貪,1
1383,笑他範蠡貪婪,1
1384,他範蠡貪婪甚,1
1385,範蠡貪婪甚相,1
1386,蠡貪婪甚相罷,1
1387,貪婪甚相罷金,1
1388,婪甚相罷金多,1
1389,甚相罷金多始,1
1390,相罷金多始退,1
1391,罷金多始退閑,1
1392,金多始退閑閉,1
1393,多始退閑閉卻,1
1394,始退閑閉卻閑,1
1395,退閑閉卻閑門,1
1396,閑閉卻閑門臥,1
1397,閉卻閑門臥小,1
1398,卻閑門臥小窗,1
1399,閑門臥小窗更,1
1400,門臥小窗更何,1
1401,臥小窗更何人,1
1402,小窗更何人與,1
1403,窗更何人與療,1
1404,更何人與療膏,1
1405,何人與療膏肓,1
1406,人與療膏肓一,1
1407,與療膏肓一生,1
1408,療膏肓一生有,1
1409,膏肓一生有酒,1
1410,肓一生有酒唯,1
1411,一生有酒唯知,1
1412,生有酒唯知醉,1
1413,有酒唯知醉四,1
1414,酒唯知醉四大,1
1415,唯知醉四大無,1
1416,知醉四大無根,1
1417,醉四大無根可,1
1418,四大無根可預,1
1419,大無根可預量,1
1420,無根可預量骨,1
1421,根可預量骨冷,1
1422,可預量骨冷欲,1
1423,預量骨冷欲針,1
1424,量骨冷欲針先,1
1425,骨冷欲針先覺,1
1426,冷欲針先覺痛,1
1427,欲針先覺痛肉,1
1428,針先覺痛肉頑,1
1429,先覺痛肉頑頻,1
1430,覺痛肉頑頻灸,1
1431,痛肉頑頻灸不,1
1432,肉頑頻灸不成,1
1433,頑頻灸不成瘡,1
1434,頻灸不成瘡漳,1
1435,灸不成瘡漳濱,1
1436,不成瘡漳濱伏,1
1437,成瘡漳濱伏枕,1
1438,瘡漳濱伏枕文,1
1439,漳濱伏枕文園,1
1440,濱伏枕文園渴,1
1441,伏枕文園渴盜,1
1442,枕文園渴盜蹠,1
1443,文園渴盜蹠縱,1
1444,園渴盜蹠縱橫,1
1445,渴盜蹠縱橫似,1
1446,盜蹠縱橫似虎,1
1447,蹠縱橫似虎狼,1
1448,縱橫似虎狼閉,1
1449,橫似虎狼閉戶,1
1450,似虎狼閉戶開,1
1451,虎狼閉戶開窗,1
1452,狼閉戶開窗寢,1
1453,閉戶開窗寢又,1
1454,戶開窗寢又興,1
1455,開窗寢又興三,1
1456,窗寢又興三更,1
1457,寢又興三更時,1
1458,又興三更時節,1
1459,興三更時節也,1
1460,三更時節也如,1
1461,更時節也如冰,1
1462,時節也如冰長,1
1463,節也如冰長閑,1
1464,也如冰長閑便,1
1465,如冰長閑便是,1
1466,冰長閑便是忘,1
1467,長閑便是忘機,1
1468,閑便是忘機者,1
1469,便是忘機者不,1
1470,是忘機者不出,1
1471,忘機者不出真,1
1472,機者不出真如,1
1473,者不出真如過,1
1474,不出真如過夏,1
1475,出真如過夏僧,1
1476,真如過夏僧環,1
1477,如過夏僧環堵,1
1478,過夏僧環堵豈,1
1479,夏僧環堵豈慚,1
1480,僧環堵豈慚蝸,1
1481,環堵豈慚蝸作,1
1482,堵豈慚蝸作舍,1
1483,豈慚蝸作舍布,1
1484,慚蝸作舍布衣,1
1485,蝸作舍布衣寧,1
1486,作舍布衣寧假,1
1487,舍布衣寧假鶴,1
1488,布衣寧假鶴為,1
1489,衣寧假鶴為翎,1
1490,寧假鶴為翎薔,1
1491,假鶴為翎薔薇,1
1492,鶴為翎薔薇花,1
1493,為翎薔薇花盡,1
1494,翎薔薇花盡熏,1
1495,薔薇花盡熏風,1
1496,薇花盡熏風起,1
1497,花盡熏風起綠,1
1498,盡熏風起綠葉,1
1499,熏風起綠葉空,1
1500,風起綠葉空隨,1
1501,起綠葉空隨滿,1
1502,綠葉空隨滿架,1
1503,葉空隨滿架藤,1
1504,空隨滿架藤點,1
1505,隨滿架藤點蠟,1
1506,滿架藤點蠟燒,1
1507,架藤點蠟燒銀,1
1508,藤點蠟燒銀卻,1
1509,點蠟燒銀卻勝,1
1510,蠟燒銀卻勝栽,1
1511,燒銀卻勝栽九,1
1512,銀卻勝栽九華,1
1513,卻勝栽九華紅,1
1514,勝栽九華紅豔,1
1515,栽九華紅豔吐,1
1516,九華紅豔吐玫,1
1517,華紅豔吐玫瑰,1
1518,紅豔吐玫瑰獨,1
1519,豔吐玫瑰獨含,1
1520,吐玫瑰獨含冬,1
1521,玫瑰獨含冬夜,1
1522,瑰獨含冬夜寒,1
1523,獨含冬夜寒光,1
1524,含冬夜寒光拆,1
1525,冬夜寒光拆不,1
1526,夜寒光拆不傍,1
1527,寒光拆不傍春,1
1528,光拆不傍春風,1
1529,拆不傍春風暖,1
1530,不傍春風暖處,1
1531,傍春風暖處開,1
1532,春風暖處開難,1
1533,風暖處開難見,1
1534,暖處開難見只,1
1535,處開難見只因,1
1536,開難見只因能,1
1537,難見只因能送,1
1538,見只因能送喜,1
1539,只因能送喜莫,1
1540,因能送喜莫挑,1
1541,能送喜莫挑唯,1
1542,送喜莫挑唯恐,1
1543,喜莫挑唯恐墮,1
1544,莫挑唯恐墮成,1
1545,挑唯恐墮成灰,1
1546,唯恐墮成灰貪,1
1547,恐墮成灰貪膏,1
1548,墮成灰貪膏附,1
1549,成灰貪膏附熱,1
1550,灰貪膏附熱多,1
1551,貪膏附熱多相,1
1552,膏附熱多相誤,1
1553,附熱多相誤為,1
1554,熱多相誤為報,1
1555,多相誤為報飛,1
1556,相誤為報飛蛾,1
1557,誤為報飛蛾罷,1
1558,為報飛蛾罷拂,1
1559,報飛蛾罷拂來,1
1560,飛蛾罷拂來韋,1
1561,蛾罷拂來韋蒙,1
1562,罷拂來韋蒙屈,1
1563,拂來韋蒙屈指,1
1564,來韋蒙屈指許,1
1565,韋蒙屈指許非,1
1566,蒙屈指許非才,1
1567,屈指許非才三,1
1568,指許非才三載,1
1569,許非才三載長,1
1570,非才三載長安,1
1571,才三載長安共,1
1572,三載長安共酒,1
1573,載長安共酒杯,1
1574,長安共酒杯欲,1
1575,安共酒杯欲別,1
1576,共酒杯欲別未,1
1577,酒杯欲別未攀,1
1578,杯欲別未攀楊,1
1579,欲別未攀楊柳,1
1580,別未攀楊柳贈,1
1581,未攀楊柳贈相,1
1582,攀楊柳贈相留,1
1583,楊柳贈相留擬,1
1584,柳贈相留擬待,1
1585,贈相留擬待牡,1
1586,相留擬待牡丹,1
1587,留擬待牡丹開,1
1588,擬待牡丹開寒,1
1589,待牡丹開寒隨,1
1590,牡丹開寒隨禦,1
1591,丹開寒隨禦水,1
1592,開寒隨禦水波,1
1593,寒隨禦水波光,1
1594,隨禦水波光散,1
1595,禦水波光散暖,1
1596,水波光散暖逐,1
1597,波光散暖逐衡,1
1598,光散暖逐衡陽,1
1599,散暖逐衡陽雁,1
1600,暖逐衡陽雁影,1
1601,逐衡陽雁影來,1
1602,衡陽雁影來他,1
1603,陽雁影來他日,1
1604,雁影來他日因,1
1605,影來他日因書,1
1606,來他日因書問,1
1607,他日因書問衰,1
1608,日因書問衰颯,1
1609,因書問衰颯東,1
1610,書問衰颯東溪,1
1611,問衰颯東溪須,1
1612,衰颯東溪須訪,1
1613,颯東溪須訪子,1
1614,東溪須訪子陵,1
1615,溪須訪子陵台,1
1616,須訪子陵台愁,1
1617,訪子陵台愁花,1
1618,子陵台愁花變,1
1619,陵台愁花變出,1
1620,台愁花變出白,1
1621,愁花變出白髭,1
1622,花變出白髭須,1
1623,變出白髭須半,1
1624,出白髭須半世,1
1625,白髭須半世辛,1
1626,髭須半世辛勤,1
1627,須半世辛勤一,1
1628,半世辛勤一事,1
1629,世辛勤一事無,1
1630,辛勤一事無道,1
1631,勤一事無道在,1
1632,一事無道在或,1
1633,事無道在或期,1
1634,無道在或期君,1
1635,道在或期君夢,1
1636,在或期君夢想,1
1637,或期君夢想貧,1
1638,期君夢想貧來,1
1639,君夢想貧來爭,1
1640,夢想貧來爭奈,1
1641,想貧來爭奈鬼,1
1642,貧來爭奈鬼揶,1
1643,來爭奈鬼揶揄,1
1644,爭奈鬼揶揄馬,1
1645,奈鬼揶揄馬卿,1
1646,鬼揶揄馬卿自,1
1647,揶揄馬卿自愧,1
1648,揄馬卿自愧長,1
1649,馬卿自愧長嬰,1
1650,卿自愧長嬰疾,1
1651,自愧長嬰疾顏,1
1652,愧長嬰疾顏子,1
1653,長嬰疾顏子誰,1
1654,嬰疾顏子誰憐,1
1655,疾顏子誰憐不,1
1656,顏子誰憐不是,1
1657,子誰憐不是愚,1
1658,誰憐不是愚借,1
1659,憐不是愚借取,1
1660,不是愚借取秦,1
1661,是愚借取秦宮,1
1662,愚借取秦宮臺,1
1663,借取秦宮臺上,1
1664,取秦宮臺上鏡,1
1665,秦宮臺上鏡為,1
1666,宮臺上鏡為時,1
1667,臺上鏡為時開,1
1668,上鏡為時開照,1
1669,鏡為時開照漢,1
1670,為時開照漢妖,1
1671,時開照漢妖狐,1
1672,開照漢妖狐歲,1
1673,照漢妖狐歲閏,1
1674,漢妖狐歲閏堪,1
1675,妖狐歲閏堪憐,1
1676,狐歲閏堪憐曆,1
1677,歲閏堪憐曆候,1
1678,閏堪憐曆候遲,1
1679,堪憐曆候遲出,1
1680,憐曆候遲出門,1
1681,曆候遲出門惟,1
1682,候遲出門惟與,1
1683,遲出門惟與野,1
1684,出門惟與野雲,1
1685,門惟與野雲期,1
1686,惟與野雲期驚,1
1687,與野雲期驚魚,1
1688,野雲期驚魚擲,1
1689,雲期驚魚擲上,1
1690,期驚魚擲上綠,1
1691,驚魚擲上綠荷,1
1692,魚擲上綠荷芰,1
1693,擲上綠荷芰棲,1
1694,上綠荷芰棲鳥,1
1695,綠荷芰棲鳥啄,1
1696,荷芰棲鳥啄餘,1
1697,芰棲鳥啄餘紅,1
1698,棲鳥啄餘紅荔,1
1699,鳥啄餘紅荔枝,1
1700,啄餘紅荔枝末,1
1701,餘紅荔枝末路,1
1702,紅荔枝末路可,1
1703,荔枝末路可能,1
1704,枝末路可能長,1
1705,末路可能長薄,1
1706,路可能長薄命,1
1707,可能長薄命修,1
1708,能長薄命修途,1
1709,長薄命修途應,1
1710,薄命修途應合,1
1711,命修途應合有,1
1712,修途應合有良,1
1713,途應合有良時,1
1714,應合有良時市,1
1715,合有良時市頭,1
1716,有良時市頭相,1
1717,良時市頭相者,1
1718,時市頭相者休,1
1719,市頭相者休相,1
1720,頭相者休相戲,1
1721,相者休相戲蹙,1
1722,者休相戲蹙膝,1
1723,休相戲蹙膝先,1
1724,相戲蹙膝先生,1
1725,戲蹙膝先生半,1
1726,蹙膝先生半自,1
1727,膝先生半自知,1
1728,先生半自知八,1
1729,生半自知八角,1
1730,半自知八角紅,1
1731,自知八角紅亭,1
1732,知八角紅亭蔭,1
1733,八角紅亭蔭綠,1
1734,角紅亭蔭綠池,1
1735,紅亭蔭綠池一,1
1736,亭蔭綠池一朝,1
1737,蔭綠池一朝青,1
1738,綠池一朝青草,1
1739,池一朝青草蓋,1
1740,一朝青草蓋遺,1
1741,朝青草蓋遺基,1
1742,青草蓋遺基薔,1
1743,草蓋遺基薔薇,1
1744,蓋遺基薔薇藤,1
1745,遺基薔薇藤老,1
1746,基薔薇藤老開,1
1747,薔薇藤老開花,1
1748,薇藤老開花淺,1
1749,藤老開花淺翡,1
1750,老開花淺翡翠,1
1751,開花淺翡翠巢,1
1752,花淺翡翠巢空,1
1753,淺翡翠巢空落,1
1754,翡翠巢空落羽,1
1755,翠巢空落羽奇,1
1756,巢空落羽奇春,1
1757,空落羽奇春榜,1
1758,落羽奇春榜幾,1
1759,羽奇春榜幾深,1
1760,奇春榜幾深門,1
1761,春榜幾深門下,1
1762,榜幾深門下客,1
1763,幾深門下客樂,1
1764,深門下客樂章,1
1765,門下客樂章多,1
1766,下客樂章多取,1
1767,客樂章多取集,1
1768,樂章多取集中,1
1769,章多取集中詩,1
1770,多取集中詩平,1
1771,取集中詩平生,1
1772,集中詩平生德,1
1773,中詩平生德義,1
1774,詩平生德義人,1
1775,平生德義人間,1
1776,生德義人間誦,1
1777,德義人間誦身,1
1778,義人間誦身後,1
1779,人間誦身後何,1
1780,間誦身後何勞,1
1781,誦身後何勞更,1
1782,身後何勞更立,1
1783,後何勞更立碑,1
1784,何勞更立碑門,1
1785,勞更立碑門巷,1
1786,更立碑門巷蕭,1
1787,立碑門巷蕭條,1
1788,碑門巷蕭條引,1
1789,門巷蕭條引涕,1
1790,巷蕭條引涕洟,1
1791,蕭條引涕洟遺,1
1792,條引涕洟遺孤,1
1793,引涕洟遺孤三,1
1794,涕洟遺孤三歲,1
1795,洟遺孤三歲著,1
1796,遺孤三歲著麻,1
1797,孤三歲著麻衣,1
1798,三歲著麻衣綠,1
1799,歲著麻衣綠楊,1
1800,著麻衣綠楊樹,1
1801,麻衣綠楊樹老,1
1802,衣綠楊樹老垂,1
1803,綠楊樹老垂絲,1
1804,楊樹老垂絲短,1
1805,樹老垂絲短翠,1
1806,老垂絲短翠竹,1
1807,垂絲短翠竹林,1
1808,絲短翠竹林荒,1
1809,短翠竹林荒著,1
1810,翠竹林荒著筍,1
1811,竹林荒著筍稀,1
1812,林荒著筍稀結,1
1813,荒著筍稀結社,1
1814,著筍稀結社僧,1
1815,筍稀結社僧因,1
1816,稀結社僧因秋,1
1817,結社僧因秋朔,1
1818,社僧因秋朔吊,1
1819,僧因秋朔吊買,1
1820,因秋朔吊買書,1
1821,秋朔吊買書船,1
1822,朔吊買書船近,1
1823,吊買書船近葬,1
1824,買書船近葬時,1
1825,書船近葬時歸,1
1826,船近葬時歸平,1
1827,近葬時歸平生,1
1828,葬時歸平生欲,1
1829,時歸平生欲獻,1
1830,歸平生欲獻匡,1
1831,平生欲獻匡君,1
1832,生欲獻匡君策,1
1833,欲獻匡君策抱,1
1834,獻匡君策抱病,1
1835,匡君策抱病猶,1
1836,君策抱病猶言,1
1837,策抱病猶言未,1
1838,抱病猶言未息,1
1839,病猶言未息機,1
1840,猶言未息機綠,1
1841,言未息機綠樹,1
1842,未息機綠樹垂,1
1843,息機綠樹垂枝,1
1844,機綠樹垂枝蔭,1
1845,綠樹垂枝蔭四,1
1846,樹垂枝蔭四鄰,1
1847,垂枝蔭四鄰春,1
1848,枝蔭四鄰春風,1
1849,蔭四鄰春風還,1
1850,四鄰春風還似,1
1851,鄰春風還似舊,1
1852,春風還似舊時,1
1853,風還似舊時春,1
1854,還似舊時春年,1
1855,似舊時春年年,1
1856,舊時春年年燕,1
1857,時春年年燕是,1
1858,春年年燕是雕,1
1859,年年燕是雕梁,1
1860,年燕是雕梁主,1
1861,燕是雕梁主處,1
1862,是雕梁主處處,1
1863,雕梁主處處花,1
1864,梁主處處花隨,1
1865,主處處花隨落,1
1866,處處花隨落月,1
1867,處花隨落月塵,1
1868,花隨落月塵七,1
1869,隨落月塵七貴,1
1870,落月塵七貴竟,1
1871,月塵七貴竟為,1
1872,塵七貴竟為長,1
1873,七貴竟為長逝,1
1874,貴竟為長逝客,1
1875,竟為長逝客五,1
1876,為長逝客五侯,1
1877,長逝客五侯尋,1
1878,逝客五侯尋作,1
1879,客五侯尋作不,1
1880,五侯尋作不歸,1
1881,侯尋作不歸人,1
1882,尋作不歸人秋,1
1883,作不歸人秋槐,1
1884,不歸人秋槐影,1
1885,歸人秋槐影薄,1
1886,人秋槐影薄蟬,1
1887,秋槐影薄蟬聲,1
1888,槐影薄蟬聲盡,1
1889,影薄蟬聲盡休,1
1890,薄蟬聲盡休謂,1
1891,蟬聲盡休謂龍,1
1892,聲盡休謂龍門,1
1893,盡休謂龍門待,1
1894,休謂龍門待化,1
1895,謂龍門待化鱗,1
1896,龍門待化鱗左,1
1897,門待化鱗左右,1
1898,待化鱗左右澄,1
1899,化鱗左右澄漪,1
1900,鱗左右澄漪小,1
1901,左右澄漪小檻,1
1902,右澄漪小檻前,1
1903,澄漪小檻前直,1
1904,漪小檻前直堤,1
1905,小檻前直堤高,1
1906,檻前直堤高築,1
1907,前直堤高築古,1
1908,直堤高築古平,1
1909,堤高築古平川,1
1910,高築古平川十,1
1911,築古平川十分,1
1912,古平川十分春,1
1913,平川十分春水,1
1914,川十分春水雙,1
1915,十分春水雙簷,1
1916,分春水雙簷影,1
1917,春水雙簷影一,1
1918,水雙簷影一片,1
1919,雙簷影一片秋,1
1920,簷影一片秋空,1
1921,影一片秋空兩,1
1922,一片秋空兩月,1
1923,片秋空兩月懸,1
1924,秋空兩月懸前,1
1925,空兩月懸前岸,1
1926,兩月懸前岸好,1
1927,月懸前岸好山,1
1928,懸前岸好山搖,1
1929,前岸好山搖細,1
1930,岸好山搖細浪,1
1931,好山搖細浪夾,1
1932,山搖細浪夾門,1
1933,搖細浪夾門嘉,1
1934,細浪夾門嘉樹,1
1935,浪夾門嘉樹合,1
1936,夾門嘉樹合晴,1
1937,門嘉樹合晴煙,1
1938,嘉樹合晴煙坐,1
1939,樹合晴煙坐來,1
1940,合晴煙坐來暗,1
1941,晴煙坐來暗起,1
1942,煙坐來暗起江,1
1943,坐來暗起江湖,1
1944,來暗起江湖思,1
1945,暗起江湖思速,1
1946,起江湖思速問,1
1947,江湖思速問溪,1
1948,湖思速問溪翁,1
1949,思速問溪翁買,1
1950,速問溪翁買釣,1
1951,問溪翁買釣船,1
1952,溪翁買釣船北,1
1953,翁買釣船北園,1
1954,買釣船北園幹,1
1955,釣船北園幹葉,1
1956,船北園幹葉旋,1
1957,北園幹葉旋空,1
1958,園幹葉旋空枝,1
1959,幹葉旋空枝蘭,1
1960,葉旋空枝蘭蕙,1
1961,旋空枝蘭蕙還,1
1962,空枝蘭蕙還將,1
1963,枝蘭蕙還將眾,1
1964,蘭蕙還將眾草,1
1965,蕙還將眾草衰,1
1966,還將眾草衰籠,1
1967,將眾草衰籠鳥,1
1968,眾草衰籠鳥上,1
1969,草衰籠鳥上天,1
1970,衰籠鳥上天猶,1
1971,籠鳥上天猶有,1
1972,鳥上天猶有待,1
1973,上天猶有待病,1
1974,天猶有待病龍,1
1975,猶有待病龍興,1
1976,有待病龍興雨,1
1977,待病龍興雨豈,1
1978,病龍興雨豈無,1
1979,龍興雨豈無期,1
1980,興雨豈無期身,1
1981,雨豈無期身閑,1
1982,豈無期身閑不,1
1983,無期身閑不厭,1
1984,期身閑不厭頻,1
1985,身閑不厭頻來,1
1986,閑不厭頻來客,1
1987,不厭頻來客年,1
1988,厭頻來客年老,1
1989,頻來客年老偏,1
1990,來客年老偏憐,1
1991,客年老偏憐最,1
1992,年老偏憐最小,1
1993,老偏憐最小兒,1
1994,偏憐最小兒生,1
1995,憐最小兒生事,1
1996,最小兒生事罷,1
1997,小兒生事罷求,1
1998,兒生事罷求名,1
1999,生事罷求名與,1
2000,事罷求名與利,1
2001,罷求名與利一,1
2002,求名與利一窗,1
2003,名與利一窗書,1
2004,與利一窗書策,1
2005,利一窗書策是,1
2006,一窗書策是年,1
2007,窗書策是年支,1
2008,書策是年支難,1
2009,策是年支難求,1
2010,是年支難求珍,1
2011,年支難求珍箑,1
2012,支難求珍箑過,1
2013,難求珍箑過炎,1
2014,求珍箑過炎天,1
2015,珍箑過炎天遠,1
2016,箑過炎天遠就,1
2017,過炎天遠就金,1
2018,炎天遠就金貂,1
2019,天遠就金貂乞,1
2020,遠就金貂乞月,1
2021,就金貂乞月圓,1
2022,金貂乞月圓直,1
2023,貂乞月圓直在,1
2024,乞月圓直在引,1
2025,月圓直在引風,1
2026,圓直在引風欹,1
2027,直在引風欹角,1
2028,在引風欹角枕,1
2029,引風欹角枕且,1
2030,風欹角枕且圖,1
2031,欹角枕且圖遮,1
2032,角枕且圖遮日,1
2033,枕且圖遮日上,1
2034,且圖遮日上漁,1
2035,圖遮日上漁船,1
2036,遮日上漁船但,1
2037,日上漁船但令,1
2038,上漁船但令織,1
2039,漁船但令織取,1
2040,船但令織取無,1
2041,但令織取無花,1
2042,令織取無花簟,1
2043,織取無花簟不,1
2044,取無花簟不用,1
2045,無花簟不用挑,1
2046,花簟不用挑為,1
2047,簟不用挑為飲,1
2048,不用挑為飲露,1
2049,用挑為飲露蟬,1
2050,挑為飲露蟬莫,1
2051,為飲露蟬莫道,1
2052,飲露蟬莫道如,1
2053,露蟬莫道如今,1
2054,蟬莫道如今時,1
2055,莫道如今時較,1
2056,道如今時較晚,1
2057,如今時較晚也,1
2058,今時較晚也應,1
2059,時較晚也應留,1
2060,較晚也應留得,1
2061,晚也應留得到,1
2062,也應留得到明,1
2063,應留得到明年,1
2064,留得到明年齒,1
2065,得到明年齒發,1
2066,到明年齒發那,1
2067,明年齒發那能,1
2068,年齒發那能敵,1
2069,齒發那能敵歲,1
2070,發那能敵歲華,1
2071,那能敵歲華早,1
2072,能敵歲華早知,1
2073,敵歲華早知休,1
2074,歲華早知休去,1
2075,華早知休去避,1
2076,早知休去避塵,1
2077,知休去避塵沙,1
2078,休去避塵沙鬼,1
2079,去避塵沙鬼神,1
2080,避塵沙鬼神只,1
2081,塵沙鬼神只闞,1
2082,沙鬼神只闞高,1
2083,鬼神只闞高明,1
2084,神只闞高明裏,1
2085,只闞高明裏倚,1
2086,闞高明裏倚伏,1
2087,高明裏倚伏不,1
2088,明裏倚伏不幹,1
2089,裏倚伏不幹棲,1
2090,倚伏不幹棲隱,1
2091,伏不幹棲隱家,1
2092,不幹棲隱家陶,1
2093,幹棲隱家陶景,1
2094,棲隱家陶景豈,1
2095,隱家陶景豈全,1
2096,家陶景豈全輕,1
2097,陶景豈全輕組,1
2098,景豈全輕組綬,1
2099,豈全輕組綬留,1
2100,全輕組綬留侯,1
2101,輕組綬留侯非,1
2102,組綬留侯非獨,1
2103,綬留侯非獨愛,1
2104,留侯非獨愛煙,1
2105,侯非獨愛煙霞,1
2106,非獨愛煙霞贈,1
2107,獨愛煙霞贈君,1
2108,愛煙霞贈君吉,1
2109,煙霞贈君吉語,1
2110,霞贈君吉語堪,1
2111,贈君吉語堪銘,1
2112,君吉語堪銘座,1
2113,吉語堪銘座看,1
2114,語堪銘座看取,1
2115,堪銘座看取朝,1
2116,銘座看取朝開,1
2117,座看取朝開暮,1
2118,看取朝開暮落,1
2119,取朝開暮落花,1
2120,朝開暮落花憶,1
2121,開暮落花憶得,1
2122,暮落花憶得當,1
2123,落花憶得當年,1
2124,花憶得當年接,1
2125,憶得當年接善,1
2126,得當年接善鄰,1
2127,當年接善鄰苦,1
2128,年接善鄰苦將,1
2129,接善鄰苦將閒,1
2130,善鄰苦將閒事,1
2131,鄰苦將閒事強,1
2132,苦將閒事強夫,1
2133,將閒事強夫君,1
2134,閒事強夫君鬥,1
2135,事強夫君鬥開,1
2136,強夫君鬥開碧,1
2137,夫君鬥開碧沼,1
2138,君鬥開碧沼分,1
2139,鬥開碧沼分明,1
2140,開碧沼分明月,1
2141,碧沼分明月各,1
2142,沼分明月各領,1
2143,分明月各領青,1
2144,明月各領青山,1
2145,月各領青山占,1
2146,各領青山占白,1
2147,領青山占白雲,1
2148,青山占白雲近,1
2149,山占白雲近日,1
2150,占白雲近日藥,1
2151,白雲近日藥方,1
2152,雲近日藥方多,1
2153,近日藥方多繕,1
2154,日藥方多繕寫,1
2155,藥方多繕寫舊,1
2156,方多繕寫舊來,1
2157,多繕寫舊來詩,1
2158,繕寫舊來詩草,1
2159,寫舊來詩草半,1
2160,舊來詩草半燒,1
2161,來詩草半燒焚,1
2162,詩草半燒焚金,1
2163,草半燒焚金門,1
2164,半燒焚金門幾,1
2165,燒焚金門幾欲,1
2166,焚金門幾欲言,1
2167,金門幾欲言西,1
2168,門幾欲言西上,1
2169,幾欲言西上惆,1
2170,欲言西上惆悵,1
2171,言西上惆悵關,1
2172,西上惆悵關河,1
2173,上惆悵關河正,1
2174,惆悵關河正用,1
2175,悵關河正用軍,1
2176,關河正用軍將,1
2177,河正用軍將名,1
2178,正用軍將名將,1
2179,用軍將名將利,1
2180,軍將名將利已,1
2181,將名將利已無,1
2182,名將利已無緣,1
2183,將利已無緣深,1
2184,利已無緣深隱,1
2185,已無緣深隱清,1
2186,無緣深隱清溪,1
2187,緣深隱清溪擬,1
2188,深隱清溪擬學,1
2189,隱清溪擬學仙,1
2190,清溪擬學仙絕,1
2191,溪擬學仙絕卻,1
2192,擬學仙絕卻腥,1
2193,學仙絕卻腥膻,1
2194,仙絕卻腥膻勝,1
2195,絕卻腥膻勝服,1
2196,卻腥膻勝服藥,1
2197,腥膻勝服藥斷,1
2198,膻勝服藥斷除,1
2199,勝服藥斷除杯,1
2200,服藥斷除杯酒,1
2201,藥斷除杯酒合,1
2202,斷除杯酒合延,1
2203,除杯酒合延年,1
2204,杯酒合延年蝸,1
2205,酒合延年蝸牛,1
2206,合延年蝸牛殼,1
2207,延年蝸牛殼漏,1
2208,年蝸牛殼漏寧,1
2209,蝸牛殼漏寧同,1
2210,牛殼漏寧同舍,1
2211,殼漏寧同舍榆,1
2212,漏寧同舍榆莢,1
2213,寧同舍榆莢花,1
2214,同舍榆莢花開,1
2215,舍榆莢花開不,1
2216,榆莢花開不是,1
2217,莢花開不是錢,1
2218,花開不是錢鸞,1
2219,開不是錢鸞鶴,1
2220,不是錢鸞鶴久,1
2221,是錢鸞鶴久從,1
2222,錢鸞鶴久從籠,1
2223,鸞鶴久從籠檻,1
2224,鶴久從籠檻閉,1
2225,久從籠檻閉春,1
2226,從籠檻閉春風,1
2227,籠檻閉春風卻,1
2228,檻閉春風卻放,1
2229,閉春風卻放紙,1
2230,春風卻放紙為,1
2231,風卻放紙為鳶,1
2232,卻放紙為鳶酒,1
2233,放紙為鳶酒醒,1
2234,紙為鳶酒醒欲,1
2235,為鳶酒醒欲得,1
2236,鳶酒醒欲得適,1
2237,酒醒欲得適閒,1
2238,醒欲得適閒情,1
2239,欲得適閒情騎,1
2240,得適閒情騎馬,1
2241,適閒情騎馬那,1
2242,閒情騎馬那勝,1
2243,情騎馬那勝策,1
2244,騎馬那勝策杖,1
2245,馬那勝策杖行,1
2246,那勝策杖行天,1
2247,勝策杖行天暖,1
2248,策杖行天暖天,1
2249,杖行天暖天寒,1
2250,行天暖天寒三,1
2251,天暖天寒三月,1
2252,暖天寒三月暮,1
2253,天寒三月暮溪,1
2254,寒三月暮溪南,1
2255,三月暮溪南溪,1
2256,月暮溪南溪北,1
2257,暮溪南溪北兩,1
2258,溪南溪北兩村,1
2259,南溪北兩村名,1
2260,溪北兩村名沙,1
2261,北兩村名沙澄,1
2262,兩村名沙澄淺,1
2263,村名沙澄淺水,1
2264,名沙澄淺水魚,1
2265,沙澄淺水魚知,1
2266,澄淺水魚知釣,1
2267,淺水魚知釣花,1
2268,水魚知釣花落,1
2269,魚知釣花落平,1
2270,知釣花落平田,1
2271,釣花落平田鶴,1
2272,花落平田鶴見,1
2273,落平田鶴見耕,1
2274,平田鶴見耕望,1
2275,田鶴見耕望斷,1
2276,鶴見耕望斷長,1
2277,見耕望斷長安,1
2278,耕望斷長安故,1
2279,望斷長安故交,1
2280,斷長安故交遠,1
2281,長安故交遠來,1
2282,安故交遠來書,1
2283,故交遠來書未,1
2284,交遠來書未說,1
2285,遠來書未說九,1
2286,來書未說九河,1
2287,書未說九河清,1
2288,未說九河清夢,1
2289,說九河清夢斷,1
2290,九河清夢斷紗,1
2291,河清夢斷紗窗,1
2292,清夢斷紗窗半,1
2293,夢斷紗窗半夜,1
2294,斷紗窗半夜雷,1
2295,紗窗半夜雷別,1
2296,窗半夜雷別君,1
2297,半夜雷別君花,1
2298,夜雷別君花落,1
2299,雷別君花落又,1
2300,別君花落又花,1
2301,君花落又花開,1
2302,花落又花開漁,1
2303,落又花開漁陽,1
2304,又花開漁陽路,1
2305,花開漁陽路遠,1
2306,開漁陽路遠書,1
2307,漁陽路遠書難,1
2308,陽路遠書難寄,1
2309,路遠書難寄衡,1
2310,遠書難寄衡岳,1
2311,書難寄衡岳山,1
2312,難寄衡岳山高,1
2313,寄衡岳山高月,1
2314,衡岳山高月不,1
2315,岳山高月不來,1
2316,山高月不來玄,1
2317,高月不來玄燕,1
2318,月不來玄燕有,1
2319,不來玄燕有情,1
2320,來玄燕有情穿,1
2321,玄燕有情穿繡,1
2322,燕有情穿繡戶,1
2323,有情穿繡戶靈,1
2324,情穿繡戶靈龜,1
2325,穿繡戶靈龜無,1
2326,繡戶靈龜無應,1
2327,戶靈龜無應祝,1
2328,靈龜無應祝金,1
2329,龜無應祝金杯,1
2330,無應祝金杯人,1
2331,應祝金杯人生,1
2332,祝金杯人生若,1
2333,金杯人生若得,1
2334,杯人生若得長,1
2335,人生若得長相,1
2336,生若得長相對,1
2337,若得長相對螢,1
2338,得長相對螢火,1
2339,長相對螢火生,1
2340,相對螢火生煙,1
2341,對螢火生煙草,1
2342,螢火生煙草化,1
2343,火生煙草化灰,1
2344,生煙草化灰人,1
2345,煙草化灰人事,1
2346,草化灰人事飄,1
2347,化灰人事飄如,1
2348,灰人事飄如一,1
2349,人事飄如一炷,1
2350,事飄如一炷煙,1
2351,飄如一炷煙且,1
2352,如一炷煙且須,1
2353,一炷煙且須求,1
2354,炷煙且須求佛,1
2355,煙且須求佛與,1
2356,且須求佛與求,1
2357,須求佛與求仙,1
2358,求佛與求仙豐,1
2359,佛與求仙豐年,1
2360,與求仙豐年甲,1
2361,求仙豐年甲子,1
2362,仙豐年甲子春,1
2363,豐年甲子春無,1
2364,年甲子春無雨,1
2365,甲子春無雨良,1
2366,子春無雨良夜,1
2367,春無雨良夜庚,1
2368,無雨良夜庚申,1
2369,雨良夜庚申夏,1
2370,良夜庚申夏足,1
2371,夜庚申夏足眠,1
2372,庚申夏足眠顏,1
2373,申夏足眠顏氏,1
2374,夏足眠顏氏豈,1
2375,足眠顏氏豈嫌,1
2376,眠顏氏豈嫌瓢,1
2377,顏氏豈嫌瓢裏,1
2378,氏豈嫌瓢裏飲,1
2379,豈嫌瓢裏飲孟,1
2380,嫌瓢裏飲孟光,1
2381,瓢裏飲孟光非,1
2382,裏飲孟光非取,1
2383,飲孟光非取鏡,1
2384,孟光非取鏡中,1
2385,光非取鏡中妍,1
2386,非取鏡中妍平,1
2387,取鏡中妍平生,1
2388,鏡中妍平生生,1
2389,中妍平生生計,1
2390,妍平生生計何,1
2391,平生生計何為,1
2392,生生計何為者,1
2393,生計何為者三,1
2394,計何為者三徑,1
2395,何為者三徑蒼,1
2396,為者三徑蒼苔,1
2397,者三徑蒼苔十,1
2398,三徑蒼苔十畝,1
2399,徑蒼苔十畝田,1
2400,蒼苔十畝田休,1
2401,苔十畝田休說,1
2402,十畝田休說人,1
2403,畝田休說人間,1
2404,田休說人間有,1
2405,休說人間有陸,1
2406,說人間有陸沈,1
2407,人間有陸沈一,1
2408,間有陸沈一樽,1
2409,有陸沈一樽閑,1
2410,陸沈一樽閑待,1
2411,沈一樽閑待月,1
2412,一樽閑待月明,1
2413,樽閑待月明斟,1
2414,閑待月明斟時,1
2415,待月明斟時來,1
2416,月明斟時來不,1
2417,明斟時來不怕,1
2418,斟時來不怕滄,1
2419,時來不怕滄溟,1
2420,來不怕滄溟闊,1
2421,不怕滄溟闊道,1
2422,怕滄溟闊道大,1
2423,滄溟闊道大卻,1
2424,溟闊道大卻憂,1
2425,闊道大卻憂潢,1
2426,道大卻憂潢潦,1
2427,大卻憂潢潦深,1
2428,卻憂潢潦深白,1
2429,憂潢潦深白首,1
2430,潢潦深白首釣,1
2431,潦深白首釣魚,1
2432,深白首釣魚應,1
2433,白首釣魚應是,1
2434,首釣魚應是分,1
2435,釣魚應是分青,1
2436,魚應是分青雲,1
2437,應是分青雲幹,1
2438,是分青雲幹祿,1
2439,分青雲幹祿已,1
2440,青雲幹祿已無,1
2441,雲幹祿已無心,1
2442,幹祿已無心梓,1
2443,祿已無心梓桐,1
2444,已無心梓桐賦,1
2445,無心梓桐賦罷,1
2446,心梓桐賦罷相,1
2447,梓桐賦罷相如,1
2448,桐賦罷相如隱,1
2449,賦罷相如隱誰,1
2450,罷相如隱誰為,1
2451,相如隱誰為君,1
2452,如隱誰為君前,1
2453,隱誰為君前永,1
2454,誰為君前永夜,1
2455,為君前永夜吟,1
2456,君前永夜吟嘉,1
2457,前永夜吟嘉運,1
2458,永夜吟嘉運良,1
2459,夜吟嘉運良時,1
2460,吟嘉運良時兩,1
2461,嘉運良時兩阻,1
2462,運良時兩阻修,1
2463,良時兩阻修釣,1
2464,時兩阻修釣竿,1
2465,兩阻修釣竿蓑,1
2466,阻修釣竿蓑笠,1
2467,修釣竿蓑笠樂,1
2468,釣竿蓑笠樂林,1
2469,竿蓑笠樂林丘,1
2470,蓑笠樂林丘家,1
2471,笠樂林丘家無,1
2472,樂林丘家無寸,1
2473,林丘家無寸帛,1
2474,丘家無寸帛渾,1
2475,家無寸帛渾閒,1
2476,無寸帛渾閒事,1
2477,寸帛渾閒事身,1
2478,帛渾閒事身似,1
2479,渾閒事身似浮,1
2480,閒事身似浮雲,1
2481,事身似浮雲且,1
2482,身似浮雲且自,1
2483,似浮雲且自由,1
2484,浮雲且自由庭,1
2485,雲且自由庭際,1
2486,且自由庭際鳥,1
2487,自由庭際鳥啼,1
2488,由庭際鳥啼花,1
2489,庭際鳥啼花旋,1
2490,際鳥啼花旋落,1
2491,鳥啼花旋落潭,1
2492,啼花旋落潭心,1
2493,花旋落潭心月,1
2494,旋落潭心月在,1
2495,落潭心月在水,1
2496,潭心月在水空,1
2497,心月在水空流,1
2498,月在水空流晨,1
2499,在水空流晨炊,1
2500,水空流晨炊一,1
2501,空流晨炊一箸,1
2502,流晨炊一箸紅,1
2503,晨炊一箸紅銀,1
2504,炊一箸紅銀粒,1
2505,一箸紅銀粒憶,1
2506,箸紅銀粒憶著,1
2507,紅銀粒憶著長,1
2508,銀粒憶著長安,1
2509,粒憶著長安索,1
2510,憶著長安索米,1
2511,著長安索米秋,1
2512,長安索米秋綠,1
2513,安索米秋綠鬢,1
2514,索米秋綠鬢先,1
2515,米秋綠鬢先生,1
2516,秋綠鬢先生自,1
2517,綠鬢先生自出,1
2518,鬢先生自出林,1
2519,先生自出林孟,1
2520,生自出林孟光,1
2521,自出林孟光同,1
2522,出林孟光同樂,1
2523,林孟光同樂野,1
2524,孟光同樂野雲,1
2525,光同樂野雲深,1
2526,同樂野雲深躬,1
2527,樂野雲深躬耕,1
2528,野雲深躬耕為,1
2529,雲深躬耕為食,1
2530,深躬耕為食古,1
2531,躬耕為食古人,1
2532,耕為食古人操,1
2533,為食古人操非,1
2534,食古人操非織,1
2535,古人操非織不,1
2536,人操非織不衣,1
2537,操非織不衣賢,1
2538,非織不衣賢者,1
2539,織不衣賢者心,1
2540,不衣賢者心眼,1
2541,衣賢者心眼眾,1
2542,賢者心眼眾豈,1
2543,者心眼眾豈能,1
2544,心眼眾豈能分,1
2545,眼眾豈能分瑞,1
2546,眾豈能分瑞璧,1
2547,豈能分瑞璧舌,1
2548,能分瑞璧舌多,1
2549,分瑞璧舌多須,1
2550,瑞璧舌多須信,1
2551,璧舌多須信爍,1
2552,舌多須信爍良,1
2553,多須信爍良金,1
2554,須信爍良金君,1
2555,信爍良金君看,1
2556,爍良金君看黃,1
2557,良金君看黃閣,1
2558,金君看黃閣南,1
2559,君看黃閣南遷,1
2560,看黃閣南遷客,1
2561,黃閣南遷客一,1
2562,閣南遷客一過,1
2563,南遷客一過瀧,1
2564,遷客一過瀧州,1
2565,客一過瀧州絕,1
2566,一過瀧州絕好,1
2567,過瀧州絕好音,1
2568,瀧州絕好音驕,1
2569,州絕好音驕侈,1
2570,絕好音驕侈阽,1
2571,好音驕侈阽危,1
2572,音驕侈阽危儉,1
2573,驕侈阽危儉素,1
2574,侈阽危儉素牢,1
2575,阽危儉素牢鏡,1
2576,危儉素牢鏡中,1
2577,儉素牢鏡中形,1
2578,素牢鏡中形影,1
2579,牢鏡中形影豈,1
2580,鏡中形影豈能,1
2581,中形影豈能逃,1
2582,形影豈能逃石,1
2583,影豈能逃石家,1
2584,豈能逃石家恃,1
2585,能逃石家恃富,1
2586,逃石家恃富身,1
2587,石家恃富身還,1
2588,家恃富身還滅,1
2589,恃富身還滅顏,1
2590,富身還滅顏子,1
2591,身還滅顏子非,1
2592,還滅顏子非貧,1
2593,滅顏子非貧道,1
2594,顏子非貧道不,1
2595,子非貧道不遭,1
2596,非貧道不遭蝙,1
2597,貧道不遭蝙蝠,1
2598,道不遭蝙蝠亦,1
2599,不遭蝙蝠亦能,1
2600,遭蝙蝠亦能知,1
2601,蝙蝠亦能知日,1
2602,蝠亦能知日月,1
2603,亦能知日月鸞,1
2604,能知日月鸞鳳,1
2605,知日月鸞鳳那,1
2606,日月鸞鳳那肯,1
2607,月鸞鳳那肯啄,1
2608,鸞鳳那肯啄腥,1
2609,鳳那肯啄腥臊,1
2610,那肯啄腥臊古,1
2611,肯啄腥臊古今,1
2612,啄腥臊古今人,1
2613,腥臊古今人事,1
2614,臊古今人事惟,1
2615,古今人事惟堪,1
2616,今人事惟堪醉,1
2617,人事惟堪醉好,1
2618,事惟堪醉好脫,1
2619,惟堪醉好脫霜,1
2620,堪醉好脫霜裘,1
2621,醉好脫霜裘換,1
2622,好脫霜裘換綠,1
2623,脫霜裘換綠醪,1
2624,霜裘換綠醪龍,1
2625,裘換綠醪龍蟄,1
2626,換綠醪龍蟄蛇,1
2627,綠醪龍蟄蛇蟠,1
2628,醪龍蟄蛇蟠卻,1
2629,龍蟄蛇蟠卻待,1
2630,蟄蛇蟠卻待伸,1
2631,蛇蟠卻待伸和,1
2632,蟠卻待伸和光,1
2633,卻待伸和光何,1
2634,待伸和光何惜,1
2635,伸和光何惜且,1
2636,和光何惜且同,1
2637,光何惜且同塵,1
2638,何惜且同塵伍,1
2639,惜且同塵伍員,1
2640,且同塵伍員豈,1
2641,同塵伍員豈是,1
2642,塵伍員豈是吹,1
2643,伍員豈是吹簫,1
2644,員豈是吹簫者,1
2645,豈是吹簫者冀,1
2646,是吹簫者冀缺,1
2647,吹簫者冀缺非,1
2648,簫者冀缺非同,1
2649,者冀缺非同執,1
2650,冀缺非同執耒,1
2651,缺非同執耒人,1
2652,非同執耒人神,1
2653,同執耒人神劍,1
2654,執耒人神劍觸,1
2655,耒人神劍觸星,1
2656,人神劍觸星當,1
2657,神劍觸星當變,1
2658,劍觸星當變化,1
2659,觸星當變化良,1
2660,星當變化良金,1
2661,當變化良金成,1
2662,變化良金成器,1
2663,化良金成器在,1
2664,良金成器在陶,1
2665,金成器在陶鈞,1
2666,成器在陶鈞穰,1
2667,器在陶鈞穰侯,1
2668,在陶鈞穰侯休,1
2669,陶鈞穰侯休忌,1
2670,鈞穰侯休忌關,1
2671,穰侯休忌關東,1
2672,侯休忌關東客,1
2673,休忌關東客張,1
2674,忌關東客張祿,1
2675,關東客張祿先,1
2676,東客張祿先生,1
2677,客張祿先生竟,1
2678,張祿先生竟相,1
2679,祿先生竟相秦,1
2680,先生竟相秦休,1
2681,生竟相秦休說,1
2682,竟相秦休說雄,1
2683,相秦休說雄才,1
2684,秦休說雄才間,1
2685,休說雄才間代,1
2686,說雄才間代生,1
2687,雄才間代生到,1
2688,才間代生到頭,1
2689,間代生到頭難,1
2690,代生到頭難與,1
2691,生到頭難與運,1
2692,到頭難與運相,1
2693,頭難與運相爭,1
2694,難與運相爭時,1
2695,與運相爭時通,1
2696,運相爭時通有,1
2697,相爭時通有詔,1
2698,爭時通有詔征,1
2699,時通有詔征枚,1
2700,通有詔征枚乘,1
2701,有詔征枚乘世,1
2702,詔征枚乘世亂,1
2703,征枚乘世亂無,1
2704,枚乘世亂無人,1
2705,乘世亂無人薦,1
2706,世亂無人薦禰,1
2707,亂無人薦禰衡,1
2708,無人薦禰衡逐,1
2709,人薦禰衡逐日,1
2710,薦禰衡逐日莫,1
2711,禰衡逐日莫矜,1
2712,衡逐日莫矜駑,1
2713,逐日莫矜駑馬,1
2714,日莫矜駑馬步,1
2715,莫矜駑馬步司,1
2716,矜駑馬步司晨,1
2717,駑馬步司晨誰,1
2718,馬步司晨誰要,1
2719,步司晨誰要牝,1
2720,司晨誰要牝雞,1
2721,晨誰要牝雞鳴,1
2722,誰要牝雞鳴中,1
2723,要牝雞鳴中林,1
2724,牝雞鳴中林且,1
2725,雞鳴中林且作,1
2726,鳴中林且作煙,1
2727,中林且作煙霞,1
2728,林且作煙霞侶,1
2729,且作煙霞侶塵,1
2730,作煙霞侶塵滿,1
2731,煙霞侶塵滿關,1
2732,霞侶塵滿關河,1
2733,侶塵滿關河未,1
2734,塵滿關河未可,1
2735,滿關河未可行,1
2736,關河未可行逐,1
2737,河未可行逐臭,1
2738,未可行逐臭蒼,1
2739,可行逐臭蒼蠅,1
2740,行逐臭蒼蠅豈,1
2741,逐臭蒼蠅豈有,1
2742,臭蒼蠅豈有為,1
2743,蒼蠅豈有為清,1
2744,蠅豈有為清蟬,1
2745,豈有為清蟬吟,1
2746,有為清蟬吟露,1
2747,為清蟬吟露最,1
2748,清蟬吟露最高,1
2749,蟬吟露最高奇,1
2750,吟露最高奇多,1
2751,露最高奇多藏,1
2752,最高奇多藏苟,1
2753,高奇多藏苟得,1
2754,奇多藏苟得何,1
2755,多藏苟得何名,1
2756,藏苟得何名富,1
2757,苟得何名富飽,1
2758,得何名富飽食,1
2759,何名富飽食嗟,1
2760,名富飽食嗟來,1
2761,富飽食嗟來未,1
2762,飽食嗟來未勝,1
2763,食嗟來未勝饑,1
2764,嗟來未勝饑窮,1
2765,來未勝饑窮寂,1
2766,未勝饑窮寂不,1
2767,勝饑窮寂不妨,1
2768,饑窮寂不妨延,1
2769,窮寂不妨延壽,1
2770,寂不妨延壽考,1
2771,不妨延壽考貪,1
2772,妨延壽考貪狂,1
2773,延壽考貪狂總,1
2774,壽考貪狂總待,1
2775,考貪狂總待算,1
2776,貪狂總待算毫,1
2777,狂總待算毫釐,1
2778,總待算毫釐首,1
2779,待算毫釐首陽,1
2780,算毫釐首陽山,1
2781,毫釐首陽山翠,1
2782,釐首陽山翠千,1
2783,首陽山翠千年,1
2784,陽山翠千年在,1
2785,山翠千年在好,1
2786,翠千年在好奠,1
2787,千年在好奠冰,1
2788,年在好奠冰壺,1
2789,在好奠冰壺吊,1
2790,好奠冰壺吊伯,1
2791,奠冰壺吊伯夷,1
2792,冰壺吊伯夷看,1
2793,壺吊伯夷看遍,1
2794,吊伯夷看遍花,1
2795,伯夷看遍花無,1
2796,夷看遍花無勝,1
2797,看遍花無勝此,1
2798,遍花無勝此花,1
2799,花無勝此花剪,1
2800,無勝此花剪雲,1
2801,勝此花剪雲披,1
2802,此花剪雲披雪,1
2803,花剪雲披雪蘸,1
2804,剪雲披雪蘸丹,1
2805,雲披雪蘸丹砂,1
2806,披雪蘸丹砂開,1
2807,雪蘸丹砂開當,1
2808,蘸丹砂開當青,1
2809,丹砂開當青律,1
2810,砂開當青律二,1
2811,開當青律二三,1
2812,當青律二三月,1
2813,青律二三月破,1
2814,律二三月破卻,1
2815,二三月破卻長,1
2816,三月破卻長安,1
2817,月破卻長安千,1
2818,破卻長安千萬,1
2819,卻長安千萬家,1
2820,長安千萬家天,1
2821,安千萬家天縱,1
2822,千萬家天縱穠,1
2823,萬家天縱穠華,1
2824,家天縱穠華刳,1
2825,天縱穠華刳鄙,1
2826,縱穠華刳鄙吝,1
2827,穠華刳鄙吝春,1
2828,華刳鄙吝春教,1
2829,刳鄙吝春教妖,1
2830,鄙吝春教妖豔,1
2831,吝春教妖豔毒,1
2832,春教妖豔毒豪,1
2833,教妖豔毒豪奢,1
2834,妖豔毒豪奢不,1
2835,豔毒豪奢不隨,1
2836,毒豪奢不隨寒,1
2837,豪奢不隨寒令,1
2838,奢不隨寒令同,1
2839,不隨寒令同時,1
2840,隨寒令同時放,1
2841,寒令同時放倍,1
2842,令同時放倍種,1
2843,同時放倍種雙,1
2844,時放倍種雙松,1
2845,放倍種雙松與,1
2846,倍種雙松與辟,1
2847,種雙松與辟邪,1
2848,雙松與辟邪萬,1
2849,松與辟邪萬萬,1
2850,與辟邪萬萬花,1
2851,辟邪萬萬花中,1
2852,邪萬萬花中第,1
2853,萬萬花中第一,1
2854,萬花中第一流,1
2855,花中第一流淺,1
2856,中第一流淺霞,1
2857,第一流淺霞輕,1
2858,一流淺霞輕染,1
2859,流淺霞輕染嫩,1
2860,淺霞輕染嫩銀,1
2861,霞輕染嫩銀甌,1
2862,輕染嫩銀甌能,1
2863,染嫩銀甌能狂,1
2864,嫩銀甌能狂綺,1
2865,銀甌能狂綺陌,1
2866,甌能狂綺陌千,1
2867,能狂綺陌千金,1
2868,狂綺陌千金子,1
2869,綺陌千金子也,1
2870,陌千金子也惑,1
2871,千金子也惑朱,1
2872,金子也惑朱門,1
2873,子也惑朱門萬,1
2874,也惑朱門萬戶,1
2875,惑朱門萬戶侯,1
2876,朱門萬戶侯朝,1
2877,門萬戶侯朝日,1
2878,萬戶侯朝日照,1
2879,戶侯朝日照開,1
2880,侯朝日照開攜,1
2881,朝日照開攜酒,1
2882,日照開攜酒看,1
2883,照開攜酒看暮,1
2884,開攜酒看暮風,1
2885,攜酒看暮風吹,1
2886,酒看暮風吹落,1
2887,看暮風吹落繞,1
2888,暮風吹落繞欄,1
2889,風吹落繞欄收,1
2890,吹落繞欄收詩,1
2891,落繞欄收詩書,1
2892,繞欄收詩書滿,1
2893,欄收詩書滿架,1
2894,收詩書滿架塵,1
2895,詩書滿架塵埃,1
2896,書滿架塵埃撲,1
2897,滿架塵埃撲盡,1
2898,架塵埃撲盡日,1
2899,塵埃撲盡日無,1
2900,埃撲盡日無人,1
2901,撲盡日無人略,1
2902,盡日無人略舉,1
2903,日無人略舉頭,1
2904,無人略舉頭流,1
2905,人略舉頭流蘇,1
2906,略舉頭流蘇凝,1
2907,舉頭流蘇凝作,1
2908,頭流蘇凝作瑞,1
2909,流蘇凝作瑞華,1
2910,蘇凝作瑞華精,1
2911,凝作瑞華精仙,1
2912,作瑞華精仙閣,1
2913,瑞華精仙閣開,1
2914,華精仙閣開時,1
2915,精仙閣開時麗,1
2916,仙閣開時麗日,1
2917,閣開時麗日晴,1
2918,開時麗日晴霜,1
2919,時麗日晴霜月,1
2920,麗日晴霜月冷,1
2921,日晴霜月冷銷,1
2922,晴霜月冷銷銀,1
2923,霜月冷銷銀燭,1
2924,月冷銷銀燭焰,1
2925,冷銷銀燭焰寶,1
2926,銷銀燭焰寶甌,1
2927,銀燭焰寶甌圓,1
2928,燭焰寶甌圓印,1
2929,焰寶甌圓印彩,1
2930,寶甌圓印彩雲,1
2931,甌圓印彩雲英,1
2932,圓印彩雲英嬌,1
2933,印彩雲英嬌含,1
2934,彩雲英嬌含嫩,1
2935,雲英嬌含嫩臉,1
2936,英嬌含嫩臉春,1
2937,嬌含嫩臉春妝,1
2938,含嫩臉春妝薄,1
2939,嫩臉春妝薄紅,1
2940,臉春妝薄紅蘸,1
2941,春妝薄紅蘸香,1
2942,妝薄紅蘸香綃,1
2943,薄紅蘸香綃豔,1
2944,紅蘸香綃豔色,1
2945,蘸香綃豔色輕,1
2946,香綃豔色輕早,1
2947,綃豔色輕早晚,1
2948,豔色輕早晚有,1
2949,色輕早晚有人,1
2950,輕早晚有人天,1
2951,早晚有人天上,1
2952,晚有人天上去,1
2953,有人天上去寄,1
2954,人天上去寄他,1
2955,天上去寄他將,1
2956,上去寄他將贈,1
2957,去寄他將贈董,1
2958,寄他將贈董雙,1
2959,他將贈董雙成,1
2960,將贈董雙成爛,1
2961,贈董雙成爛銀,1
2962,董雙成爛銀基,1
2963,雙成爛銀基地,1
2964,成爛銀基地薄,1
2965,爛銀基地薄紅,1
2966,銀基地薄紅妝,1
2967,基地薄紅妝羞,1
2968,地薄紅妝羞殺,1
2969,薄紅妝羞殺千,1
2970,紅妝羞殺千花,1
2971,妝羞殺千花百,1
2972,羞殺千花百卉,1
2973,殺千花百卉芳,1
2974,千花百卉芳紫,1
2975,花百卉芳紫陌,1
2976,百卉芳紫陌昔,1
2977,卉芳紫陌昔曾,1
2978,芳紫陌昔曾遊,1
2979,紫陌昔曾遊寺,1
2980,陌昔曾遊寺看,1
2981,昔曾遊寺看朱,1
2982,曾遊寺看朱門,1
2983,遊寺看朱門今,1
2984,寺看朱門今在,1
2985,看朱門今在繞,1
2986,朱門今在繞欄,1
2987,門今在繞欄望,1
2988,今在繞欄望龍,1
2989,在繞欄望龍分,1
2990,繞欄望龍分夜,1
2991,欄望龍分夜雨,1
2992,望龍分夜雨資,1
2993,龍分夜雨資嬌,1
2994,分夜雨資嬌態,1
2995,夜雨資嬌態天,1
2996,雨資嬌態天與,1
2997,資嬌態天與春,1
2998,嬌態天與春風,1
2999,態天與春風發,1
3000,天與春風發好,1
3001,與春風發好香,1
3002,春風發好香多,1
3003,風發好香多著,1
3004,發好香多著黃,1
3005,好香多著黃金,1
3006,香多著黃金何,1
3007,多著黃金何處,1
3008,著黃金何處買,1
3009,黃金何處買輕,1
3010,金何處買輕橈,1
3011,何處買輕橈挑,1
3012,處買輕橈挑過,1
3013,買輕橈挑過鏡,1
3014,輕橈挑過鏡湖,1
3015,橈挑過鏡湖光,1
3016,挑過鏡湖光腸,1
3017,過鏡湖光腸斷,1
3018,鏡湖光腸斷東,1
3019,湖光腸斷東風,1
3020,光腸斷東風落,1
3021,腸斷東風落牡,1
3022,斷東風落牡丹,1
3023,東風落牡丹為,1
3024,風落牡丹為祥,1
3025,落牡丹為祥為,1
3026,牡丹為祥為瑞,1
3027,丹為祥為瑞久,1
3028,為祥為瑞久留,1
3029,祥為瑞久留難,1
3030,為瑞久留難青,1
3031,瑞久留難青春,1
3032,久留難青春不,1
3033,留難青春不駐,1
3034,難青春不駐堪,1
3035,青春不駐堪垂,1
3036,春不駐堪垂淚,1
3037,不駐堪垂淚紅,1
3038,駐堪垂淚紅豔,1
3039,堪垂淚紅豔已,1
3040,垂淚紅豔已空,1
3041,淚紅豔已空猶,1
3042,紅豔已空猶倚,1
3043,豔已空猶倚欄,1
3044,已空猶倚欄積,1
3045,空猶倚欄積蘚,1
3046,猶倚欄積蘚下,1
3047,倚欄積蘚下銷,1
3048,欄積蘚下銷香,1
3049,積蘚下銷香蕊,1
3050,蘚下銷香蕊盡,1
3051,下銷香蕊盡晴,1
3052,銷香蕊盡晴陽,1
3053,香蕊盡晴陽高,1
3054,蕊盡晴陽高照,1
3055,盡晴陽高照露,1
3056,晴陽高照露華,1
3057,陽高照露華幹,1
3058,高照露華幹明,1
3059,照露華幹明年,1
3060,露華幹明年萬,1
3061,華幹明年萬葉,1
3062,幹明年萬葉千,1
3063,明年萬葉千枝,1
3064,年萬葉千枝長,1
3065,萬葉千枝長倍,1
3066,葉千枝長倍發,1
3067,千枝長倍發芳,1
3068,枝長倍發芳菲,1
3069,長倍發芳菲借,1
3070,倍發芳菲借客,1
3071,發芳菲借客看,1
3072,芳菲借客看蓓,1
3073,菲借客看蓓蕾,1
3074,借客看蓓蕾抽,1
3075,客看蓓蕾抽開,1
3076,看蓓蕾抽開素,1
3077,蓓蕾抽開素練,1
3078,蕾抽開素練囊,1
3079,抽開素練囊瓊,1
3080,開素練囊瓊葩,1
3081,素練囊瓊葩熏,1
3082,練囊瓊葩熏出,1
3083,囊瓊葩熏出白,1
3084,瓊葩熏出白龍,1
3085,葩熏出白龍香,1
3086,熏出白龍香裁,1
3087,出白龍香裁分,1
3088,白龍香裁分楚,1
3089,龍香裁分楚女,1
3090,香裁分楚女朝,1
3091,裁分楚女朝雲,1
3092,分楚女朝雲片,1
3093,楚女朝雲片剪,1
3094,女朝雲片剪破,1
3095,朝雲片剪破姮,1
3096,雲片剪破姮娥,1
3097,片剪破姮娥夜,1
3098,剪破姮娥夜月,1
3099,破姮娥夜月光,1
3100,姮娥夜月光雪,1
3101,娥夜月光雪句,1
3102,夜月光雪句豈,1
3103,月光雪句豈須,1
3104,光雪句豈須征,1
3105,雪句豈須征柳,1
3106,句豈須征柳絮,1
3107,豈須征柳絮粉,1
3108,須征柳絮粉腮,1
3109,征柳絮粉腮應,1
3110,柳絮粉腮應恨,1
3111,絮粉腮應恨帖,1
3112,粉腮應恨帖梅,1
3113,腮應恨帖梅妝,1
3114,應恨帖梅妝檻,1
3115,恨帖梅妝檻邊,1
3116,帖梅妝檻邊幾,1
3117,梅妝檻邊幾笑,1
3118,妝檻邊幾笑東,1
3119,檻邊幾笑東籬,1
3120,邊幾笑東籬菊,1
3121,幾笑東籬菊冷,1
3122,笑東籬菊冷折,1
3123,東籬菊冷折金,1
3124,籬菊冷折金風,1
3125,菊冷折金風待,1
3126,冷折金風待降,1
3127,折金風待降霜,1
3128,金風待降霜綠,1
3129,風待降霜綠樹,1
3130,待降霜綠樹多,1
3131,降霜綠樹多和,1
3132,霜綠樹多和雪,1
3133,綠樹多和雪霰,1
3134,樹多和雪霰栽,1
3135,多和雪霰栽長,1
3136,和雪霰栽長安,1
3137,雪霰栽長安一,1
3138,霰栽長安一別,1
3139,栽長安一別十,1
3140,長安一別十年,1
3141,安一別十年來,1
3142,一別十年來王,1
3143,別十年來王侯,1
3144,十年來王侯買,1
3145,年來王侯買得,1
3146,來王侯買得價,1
3147,王侯買得價偏,1
3148,侯買得價偏重,1
3149,買得價偏重桃,1
3150,得價偏重桃李,1
3151,價偏重桃李落,1
3152,偏重桃李落殘,1
3153,重桃李落殘花,1
3154,桃李落殘花始,1
3155,李落殘花始開,1
3156,落殘花始開宋,1
3157,殘花始開宋玉,1
3158,花始開宋玉鄰,1
3159,始開宋玉鄰邊,1
3160,開宋玉鄰邊腮,1
3161,宋玉鄰邊腮正,1
3162,玉鄰邊腮正嫩,1
3163,鄰邊腮正嫩文,1
3164,邊腮正嫩文君,1
3165,腮正嫩文君機,1
3166,正嫩文君機上,1
3167,嫩文君機上錦,1
3168,文君機上錦初,1
3169,君機上錦初裁,1
3170,機上錦初裁滄,1
3171,上錦初裁滄洲,1
3172,錦初裁滄洲春,1
3173,初裁滄洲春暮,1
3174,裁滄洲春暮空,1
3175,滄洲春暮空腸,1
3176,洲春暮空腸斷,1
3177,春暮空腸斷畫,1
3178,暮空腸斷畫看,1
3179,空腸斷畫看猶,1
3180,腸斷畫看猶將,1
3181,斷畫看猶將勸,1
3182,畫看猶將勸酒,1
3183,看猶將勸酒杯,1
3184,猶將勸酒杯今,1
3185,將勸酒杯今日,1
3186,勸酒杯今日狂,1
3187,酒杯今日狂風,1
3188,杯今日狂風揭,1
3189,今日狂風揭錦,1
3190,日狂風揭錦筵,1
3191,狂風揭錦筵預,1
3192,風揭錦筵預愁,1
3193,揭錦筵預愁吹,1
3194,錦筵預愁吹落,1
3195,筵預愁吹落夕,1
3196,預愁吹落夕陽,1
3197,愁吹落夕陽天,1
3198,吹落夕陽天閑,1
3199,落夕陽天閑看,1
3200,夕陽天閑看紅,1
3201,陽天閑看紅豔,1
3202,天閑看紅豔只,1
3203,閑看紅豔只須,1
3204,看紅豔只須醉,1
3205,紅豔只須醉謾,1
3206,豔只須醉謾惜,1
3207,只須醉謾惜黃,1
3208,須醉謾惜黃金,1
3209,醉謾惜黃金豈,1
3210,謾惜黃金豈是,1
3211,惜黃金豈是賢,1
3212,黃金豈是賢南,1
3213,金豈是賢南國,1
3214,豈是賢南國好,1
3215,是賢南國好偷,1
3216,賢南國好偷誇,1
3217,南國好偷誇粉,1
3218,國好偷誇粉黛,1
3219,好偷誇粉黛漢,1
3220,偷誇粉黛漢宮,1
3221,誇粉黛漢宮宜,1
3222,粉黛漢宮宜摘,1
3223,黛漢宮宜摘贈,1
3224,漢宮宜摘贈神,1
3225,宮宜摘贈神仙,1
3226,宜摘贈神仙良,1
3227,摘贈神仙良時,1
3228,贈神仙良時雖,1
3229,神仙良時雖作,1
3230,仙良時雖作鶯,1
3231,良時雖作鶯花,1
3232,時雖作鶯花主,1
3233,雖作鶯花主白,1
3234,作鶯花主白馬,1
3235,鶯花主白馬王,1
3236,花主白馬王孫,1
3237,主白馬王孫恰,1
3238,白馬王孫恰少,1
3239,馬王孫恰少年,1
3240,王孫恰少年采,1
3241,孫恰少年采盡,1
3242,恰少年采盡汀,1
3243,少年采盡汀蘋,1
3244,年采盡汀蘋恨,1
3245,采盡汀蘋恨別,1
3246,盡汀蘋恨別離,1
3247,汀蘋恨別離鴛,1
3248,蘋恨別離鴛鴦,1
3249,恨別離鴛鴦鸂,1
3250,別離鴛鴦鸂鶒,1
3251,離鴛鴦鸂鶒總,1
3252,鴛鴦鸂鶒總雙,1
3253,鴦鸂鶒總雙飛,1
3254,鸂鶒總雙飛月,1
3255,鶒總雙飛月明,1
3256,總雙飛月明南,1
3257,雙飛月明南浦,1
3258,飛月明南浦夢,1
3259,月明南浦夢初,1
3260,明南浦夢初斷,1
3261,南浦夢初斷花,1
3262,浦夢初斷花落,1
3263,夢初斷花落洞,1
3264,初斷花落洞庭,1
3265,斷花落洞庭人,1
3266,花落洞庭人未,1
3267,落洞庭人未歸,1
3268,洞庭人未歸天,1
3269,庭人未歸天遠,1
3270,人未歸天遠有,1
3271,未歸天遠有書,1
3272,歸天遠有書隨,1
3273,天遠有書隨驛,1
3274,遠有書隨驛使,1
3275,有書隨驛使夜,1
3276,書隨驛使夜長,1
3277,隨驛使夜長無,1
3278,驛使夜長無燭,1
3279,使夜長無燭照,1
3280,夜長無燭照寒,1
3281,長無燭照寒機,1
3282,無燭照寒機年,1
3283,燭照寒機年來,1
3284,照寒機年來泣,1
3285,寒機年來泣淚,1
3286,機年來泣淚知,1
3287,年來泣淚知多,1
3288,來泣淚知多少,1
3289,泣淚知多少重,1
3290,淚知多少重疊,1
3291,知多少重疊成,1
3292,多少重疊成痕,1
3293,少重疊成痕在,1
3294,重疊成痕在繡,1
3295,疊成痕在繡衣,1
3296,成痕在繡衣芳,1
3297,痕在繡衣芳菲,1
3298,在繡衣芳菲移,1
3299,繡衣芳菲移自,1
3300,衣芳菲移自越,1
3301,芳菲移自越王,1
3302,菲移自越王台,1
3303,移自越王台最,1
3304,自越王台最似,1
3305,越王台最似薔,1
3306,王台最似薔薇,1
3307,台最似薔薇好,1
3308,最似薔薇好並,1
3309,似薔薇好並栽,1
3310,薔薇好並栽穠,1
3311,薇好並栽穠豔,1
3312,好並栽穠豔盡,1
3313,並栽穠豔盡憐,1
3314,栽穠豔盡憐勝,1
3315,穠豔盡憐勝彩,1
3316,豔盡憐勝彩繪,1
3317,盡憐勝彩繪嘉,1
3318,憐勝彩繪嘉名,1
3319,勝彩繪嘉名誰,1
3320,彩繪嘉名誰贈,1
3321,繪嘉名誰贈作,1
3322,嘉名誰贈作玫,1
3323,名誰贈作玫瑰,1
3324,誰贈作玫瑰春,1
3325,贈作玫瑰春藏,1
3326,作玫瑰春藏錦,1
3327,玫瑰春藏錦繡,1
3328,瑰春藏錦繡風,1
3329,春藏錦繡風吹,1
3330,藏錦繡風吹拆,1
3331,錦繡風吹拆天,1
3332,繡風吹拆天染,1
3333,風吹拆天染瓊,1
3334,吹拆天染瓊瑤,1
3335,拆天染瓊瑤日,1
3336,天染瓊瑤日照,1
3337,染瓊瑤日照開,1
3338,瓊瑤日照開為,1
3339,瑤日照開為報,1
3340,日照開為報朱,1
3341,照開為報朱衣,1
3342,開為報朱衣早,1
3343,為報朱衣早邀,1
3344,報朱衣早邀客,1
3345,朱衣早邀客莫,1
3346,衣早邀客莫教,1
3347,早邀客莫教零,1
3348,邀客莫教零落,1
3349,客莫教零落委,1
3350,莫教零落委蒼,1
3351,教零落委蒼苔,1
3352,零落委蒼苔瓊,1
3353,落委蒼苔瓊瑤,1
3354,委蒼苔瓊瑤初,1
3355,蒼苔瓊瑤初綻,1
3356,苔瓊瑤初綻嶺,1
3357,瓊瑤初綻嶺頭,1
3358,瑤初綻嶺頭葩,1
3359,初綻嶺頭葩蕊,1
3360,綻嶺頭葩蕊粉,1
3361,嶺頭葩蕊粉新,1
3362,頭葩蕊粉新妝,1
3363,葩蕊粉新妝姹,1
3364,蕊粉新妝姹女,1
3365,粉新妝姹女家,1
3366,新妝姹女家舉,1
3367,妝姹女家舉世,1
3368,姹女家舉世更,1
3369,女家舉世更誰,1
3370,家舉世更誰憐,1
3371,舉世更誰憐潔,1
3372,世更誰憐潔白,1
3373,更誰憐潔白癡,1
3374,誰憐潔白癡心,1
3375,憐潔白癡心皆,1
3376,潔白癡心皆盡,1
3377,白癡心皆盡愛,1
3378,癡心皆盡愛繁,1
3379,心皆盡愛繁華,1
3380,皆盡愛繁華玄,1
3381,盡愛繁華玄冥,1
3382,愛繁華玄冥借,1
3383,繁華玄冥借與,1
3384,華玄冥借與三,1
3385,玄冥借與三冬,1
3386,冥借與三冬景,1
3387,借與三冬景謝,1
3388,與三冬景謝氏,1
3389,三冬景謝氏輸,1
3390,冬景謝氏輸他,1
3391,景謝氏輸他六,1
3392,謝氏輸他六出,1
3393,氏輸他六出花,1
3394,輸他六出花結,1
3395,他六出花結實,1
3396,六出花結實和,1
3397,出花結實和羹,1
3398,花結實和羹知,1
3399,結實和羹知有,1
3400,實和羹知有日,1
3401,和羹知有日肯,1
3402,羹知有日肯隨,1
3403,知有日肯隨羌,1
3404,有日肯隨羌笛,1
3405,日肯隨羌笛落,1
3406,肯隨羌笛落天,1
3407,隨羌笛落天涯,1
3408,羌笛落天涯朱,1
3409,笛落天涯朱彈,1
3410,落天涯朱彈星,1
3411,天涯朱彈星丸,1
3412,涯朱彈星丸粲,1
3413,朱彈星丸粲日,1
3414,彈星丸粲日光,1
3415,星丸粲日光綠,1
3416,丸粲日光綠瓊,1
3417,粲日光綠瓊枝,1
3418,日光綠瓊枝散,1
3419,光綠瓊枝散小,1
3420,綠瓊枝散小香,1
3421,瓊枝散小香囊,1
3422,枝散小香囊龍,1
3423,散小香囊龍綃,1
3424,小香囊龍綃殼,1
3425,香囊龍綃殼綻,1
3426,囊龍綃殼綻紅,1
3427,龍綃殼綻紅紋,1
3428,綃殼綻紅紋粟,1
3429,殼綻紅紋粟魚,1
3430,綻紅紋粟魚目,1
3431,紅紋粟魚目珠,1
3432,紋粟魚目珠涵,1
3433,粟魚目珠涵白,1
3434,魚目珠涵白膜,1
3435,目珠涵白膜漿,1
3436,珠涵白膜漿梅,1
3437,涵白膜漿梅熟,1
3438,白膜漿梅熟已,1
3439,膜漿梅熟已過,1
3440,漿梅熟已過南,1
3441,梅熟已過南嶺,1
3442,熟已過南嶺雨,1
3443,已過南嶺雨橘,1
3444,過南嶺雨橘酸,1
3445,南嶺雨橘酸空,1
3446,嶺雨橘酸空待,1
3447,雨橘酸空待洞,1
3448,橘酸空待洞庭,1
3449,酸空待洞庭霜,1
3450,空待洞庭霜蠻,1
3451,待洞庭霜蠻山,1
3452,洞庭霜蠻山蹋,1
3453,庭霜蠻山蹋曉,1
3454,霜蠻山蹋曉和,1
3455,蠻山蹋曉和煙,1
3456,山蹋曉和煙摘,1
3457,蹋曉和煙摘拜,1
3458,曉和煙摘拜捧,1
3459,和煙摘拜捧金,1
3460,煙摘拜捧金盤,1
3461,摘拜捧金盤奉,1
3462,拜捧金盤奉越,1
3463,捧金盤奉越王,1
3464,金盤奉越王日,1
3465,盤奉越王日日,1
3466,奉越王日日熏,1
3467,越王日日熏風,1
3468,王日日熏風卷,1
3469,日日熏風卷瘴,1
3470,日熏風卷瘴煙,1
3471,熏風卷瘴煙南,1
3472,風卷瘴煙南園,1
3473,卷瘴煙南園珍,1
3474,瘴煙南園珍果,1
3475,煙南園珍果荔,1
3476,南園珍果荔枝,1
3477,園珍果荔枝先,1
3478,珍果荔枝先靈,1
3479,果荔枝先靈鴉,1
3480,荔枝先靈鴉啄,1
3481,枝先靈鴉啄破,1
3482,先靈鴉啄破瓊,1
3483,靈鴉啄破瓊津,1
3484,鴉啄破瓊津滴,1
3485,啄破瓊津滴寶,1
3486,破瓊津滴寶器,1
3487,瓊津滴寶器盛,1
3488,津滴寶器盛來,1
3489,滴寶器盛來蚌,1
3490,寶器盛來蚌腹,1
3491,器盛來蚌腹圓,1
3492,盛來蚌腹圓錦,1
3493,來蚌腹圓錦裏,1
3494,蚌腹圓錦裏只,1
3495,腹圓錦裏只聞,1
3496,圓錦裏只聞銷,1
3497,錦裏只聞銷醉,1
3498,裏只聞銷醉客,1
3499,只聞銷醉客蕊,1
3500,聞銷醉客蕊宮,1
3501,銷醉客蕊宮惟,1
3502,醉客蕊宮惟合,1
3503,客蕊宮惟合贈,1
3504,蕊宮惟合贈神,1
3505,宮惟合贈神仙,1
3506,惟合贈神仙何,1
3507,合贈神仙何人,1
3508,贈神仙何人刺,1
3509,神仙何人刺出,1
3510,仙何人刺出猩,1
3511,何人刺出猩猩,1
3512,人刺出猩猩血,1
3513,刺出猩猩血深,1
3514,出猩猩血深染,1
3515,猩猩血深染羅,1
3516,猩血深染羅紋,1
3517,血深染羅紋遍,1
3518,深染羅紋遍殼,1
3519,染羅紋遍殼鮮,1
3520,羅紋遍殼鮮桓,1
3521,紋遍殼鮮桓景,1
3522,遍殼鮮桓景登,1
3523,殼鮮桓景登高,1
3524,鮮桓景登高事,1
3525,桓景登高事可,1
3526,景登高事可尋,1
3527,登高事可尋黃,1
3528,高事可尋黃花,1
3529,事可尋黃花開,1
3530,可尋黃花開處,1
3531,尋黃花開處綠,1
3532,黃花開處綠畦,1
3533,花開處綠畦深,1
3534,開處綠畦深消,1
3535,處綠畦深消災,1
3536,綠畦深消災辟,1
3537,畦深消災辟惡,1
3538,深消災辟惡君,1
3539,消災辟惡君須,1
3540,災辟惡君須采,1
3541,辟惡君須采冷,1
3542,惡君須采冷露,1
3543,君須采冷露寒,1
3544,須采冷露寒霜,1
3545,采冷露寒霜我,1
3546,冷露寒霜我自,1
3547,露寒霜我自禁,1
3548,寒霜我自禁籬,1
3549,霜我自禁籬物,1
3550,我自禁籬物早,1
3551,自禁籬物早榮,1
3552,禁籬物早榮還,1
3553,籬物早榮還早,1
3554,物早榮還早謝,1
3555,早榮還早謝澗,1
3556,榮還早謝澗松,1
3557,還早謝澗松同,1
3558,早謝澗松同德,1
3559,謝澗松同德複,1
3560,澗松同德複同,1
3561,松同德複同心,1
3562,同德複同心陶,1
3563,德複同心陶公,1
3564,複同心陶公豈,1
3565,同心陶公豈是,1
3566,心陶公豈是居,1
3567,陶公豈是居貧,1
3568,公豈是居貧者,1
3569,豈是居貧者剩,1
3570,是居貧者剩有,1
3571,居貧者剩有東,1
3572,貧者剩有東籬,1
3573,者剩有東籬萬,1
3574,剩有東籬萬朵,1
3575,有東籬萬朵金,1
3576,東籬萬朵金澗,1
3577,籬萬朵金澗底,1
3578,萬朵金澗底陰,1
3579,朵金澗底陰森,1
3580,金澗底陰森驗,1
3581,澗底陰森驗筆,1
3582,底陰森驗筆精,1
3583,陰森驗筆精筆,1
3584,森驗筆精筆閑,1
3585,驗筆精筆閑開,1
3586,筆精筆閑開展,1
3587,精筆閑開展覺,1
3588,筆閑開展覺神,1
3589,閑開展覺神清,1
3590,開展覺神清曾,1
3591,展覺神清曾當,1
3592,覺神清曾當月,1
3593,神清曾當月照,1
3594,清曾當月照還,1
3595,曾當月照還無,1
3596,當月照還無影,1
3597,月照還無影若,1
3598,照還無影若許,1
3599,還無影若許風,1
3600,無影若許風吹,1
3601,影若許風吹合,1
3602,若許風吹合有,1
3603,許風吹合有聲,1
3604,風吹合有聲枝,1
3605,吹合有聲枝偃,1
3606,合有聲枝偃只,1
3607,有聲枝偃只應,1
3608,聲枝偃只應玄,1
3609,枝偃只應玄鶴,1
3610,偃只應玄鶴識,1
3611,只應玄鶴識根,1
3612,應玄鶴識根深,1
3613,玄鶴識根深且,1
3614,鶴識根深且與,1
3615,識根深且與茯,1
3616,根深且與茯苓,1
3617,深且與茯苓生,1
3618,且與茯苓生天,1
3619,與茯苓生天臺,1
3620,茯苓生天臺道,1
3621,苓生天臺道士,1
3622,生天臺道士頻,1
3623,天臺道士頻來,1
3624,臺道士頻來見,1
3625,道士頻來見說,1
3626,士頻來見說似,1
3627,頻來見說似株,1
3628,來見說似株株,1
3629,見說似株株倚,1
3630,說似株株倚赤,1
3631,似株株倚赤城,1
3632,株株倚赤城草,1
3633,株倚赤城草木,1
3634,倚赤城草木無,1
3635,赤城草木無情,1
3636,城草木無情亦,1
3637,草木無情亦可,1
3638,木無情亦可嗟,1
3639,無情亦可嗟重,1
3640,情亦可嗟重開,1
3641,亦可嗟重開明,1
3642,可嗟重開明鏡,1
3643,嗟重開明鏡照,1
3644,重開明鏡照無,1
3645,開明鏡照無涯,1
3646,明鏡照無涯菊,1
3647,鏡照無涯菊英,1
3648,照無涯菊英空,1
3649,無涯菊英空折,1
3650,涯菊英空折羅,1
3651,菊英空折羅含,1
3652,英空折羅含宅,1
3653,空折羅含宅榆,1
3654,折羅含宅榆莢,1
3655,羅含宅榆莢不,1
3656,含宅榆莢不生,1
3657,宅榆莢不生原,1
3658,榆莢不生原憲,1
3659,莢不生原憲家,1
3660,不生原憲家天,1
3661,生原憲家天命,1
3662,原憲家天命豈,1
3663,憲家天命豈憑,1
3664,家天命豈憑醫,1
3665,天命豈憑醫藥,1
3666,命豈憑醫藥石,1
3667,豈憑醫藥石世,1
3668,憑醫藥石世途,1
3669,醫藥石世途還,1
3670,藥石世途還要,1
3671,石世途還要辟,1
3672,世途還要辟蟲,1
3673,途還要辟蟲沙,1
3674,還要辟蟲沙仙,1
3675,要辟蟲沙仙翁,1
3676,辟蟲沙仙翁乞,1
3677,蟲沙仙翁乞取,1
3678,沙仙翁乞取金,1
3679,仙翁乞取金盤,1
3680,翁乞取金盤露,1
3681,乞取金盤露洗,1
3682,取金盤露洗卻,1
3683,金盤露洗卻蒼,1
3684,盤露洗卻蒼蒼,1
3685,露洗卻蒼蒼兩,1
3686,洗卻蒼蒼兩鬢,1
3687,卻蒼蒼兩鬢華,1
3688,蒼蒼兩鬢華澗,1
3689,蒼兩鬢華澗底,1
3690,兩鬢華澗底青,1
3691,鬢華澗底青松,1
3692,華澗底青松不,1
3693,澗底青松不染,1
3694,底青松不染塵,1
3695,青松不染塵未,1
3696,松不染塵未逢,1
3697,不染塵未逢良,1
3698,染塵未逢良匠,1
3699,塵未逢良匠競,1
3700,未逢良匠競誰,1
3701,逢良匠競誰分,1
3702,良匠競誰分龍,1
3703,匠競誰分龍盤,1
3704,競誰分龍盤勁,1
3705,誰分龍盤勁節,1
3706,分龍盤勁節岩,1
3707,龍盤勁節岩前,1
3708,盤勁節岩前見,1
3709,勁節岩前見鶴,1
3710,節岩前見鶴唳,1
3711,岩前見鶴唳翠,1
3712,前見鶴唳翠梢,1
3713,見鶴唳翠梢天,1
3714,鶴唳翠梢天上,1
3715,唳翠梢天上聞,1
3716,翠梢天上聞大,1
3717,梢天上聞大廈,1
3718,天上聞大廈可,1
3719,上聞大廈可營,1
3720,聞大廈可營誰,1
3721,大廈可營誰擇,1
3722,廈可營誰擇木,1
3723,可營誰擇木女,1
3724,營誰擇木女蘿,1
3725,誰擇木女蘿相,1
3726,擇木女蘿相附,1
3727,木女蘿相附欲,1
3728,女蘿相附欲淩,1
3729,蘿相附欲淩雲,1
3730,相附欲淩雲皇,1
3731,附欲淩雲皇王,1
3732,欲淩雲皇王自,1
3733,淩雲皇王自有,1
3734,雲皇王自有增,1
3735,皇王自有增封,1
3736,王自有增封日,1
3737,自有增封日修,1
3738,有增封日修竹,1
3739,增封日修竹徒,1
3740,封日修竹徒勞,1
3741,日修竹徒勞號,1
3742,修竹徒勞號此,1
3743,竹徒勞號此君,1
3744,徒勞號此君翠,1
3745,勞號此君翠染,1
3746,號此君翠染琅,1
3747,此君翠染琅玕,1
3748,君翠染琅玕粉,1
3749,翠染琅玕粉漸,1
3750,染琅玕粉漸開,1
3751,琅玕粉漸開東,1
3752,玕粉漸開東南,1
3753,粉漸開東南移,1
3754,漸開東南移得,1
3755,開東南移得會,1
3756,東南移得會稽,1
3757,南移得會稽栽,1
3758,移得會稽栽遊,1
3759,得會稽栽遊絲,1
3760,會稽栽遊絲掛,1
3761,稽栽遊絲掛處,1
3762,栽遊絲掛處漁,1
3763,遊絲掛處漁竿,1
3764,絲掛處漁竿去,1
3765,掛處漁竿去綠,1
3766,處漁竿去綠水,1
3767,漁竿去綠水夾,1
3768,竿去綠水夾時,1
3769,去綠水夾時龍,1
3770,綠水夾時龍影,1
3771,水夾時龍影來,1
3772,夾時龍影來風,1
3773,時龍影來風觸,1
3774,龍影來風觸有,1
3775,影來風觸有聲,1
3776,來風觸有聲含,1
3777,風觸有聲含六,1
3778,觸有聲含六律,1
3779,有聲含六律露,1
3780,聲含六律露沾,1
3781,含六律露沾如,1
3782,六律露沾如洗,1
3783,律露沾如洗絕,1
3784,露沾如洗絕浮,1
3785,沾如洗絕浮埃,1
3786,如洗絕浮埃王,1
3787,洗絕浮埃王猷,1
3788,絕浮埃王猷舊,1
3789,浮埃王猷舊宅,1
3790,埃王猷舊宅無,1
3791,王猷舊宅無人,1
3792,猷舊宅無人到,1
3793,舊宅無人到抱,1
3794,宅無人到抱卻,1
3795,無人到抱卻清,1
3796,人到抱卻清陰,1
3797,到抱卻清陰蓋,1
3798,抱卻清陰蓋綠,1
3799,卻清陰蓋綠苔,1
3800,清陰蓋綠苔善,1
3801,陰蓋綠苔善價,1
3802,蓋綠苔善價千,1
3803,綠苔善價千金,1
3804,苔善價千金未,1
3805,善價千金未可,1
3806,價千金未可論,1
3807,千金未可論燕,1
3808,金未可論燕王,1
3809,未可論燕王新,1
3810,可論燕王新寄,1
3811,論燕王新寄小,1
3812,燕王新寄小龍,1
3813,王新寄小龍孫,1
3814,新寄小龍孫逐,1
3815,寄小龍孫逐將,1
3816,小龍孫逐將白,1
3817,龍孫逐將白日,1
3818,孫逐將白日馳,1
3819,逐將白日馳青,1
3820,將白日馳青漢,1
3821,白日馳青漢銜,1
3822,日馳青漢銜得,1
3823,馳青漢銜得流,1
3824,青漢銜得流星,1
3825,漢銜得流星入,1
3826,銜得流星入畫,1
3827,得流星入畫門,1
3828,流星入畫門步,1
3829,星入畫門步驟,1
3830,入畫門步驟最,1
3831,畫門步驟最能,1
3832,門步驟最能隨,1
3833,步驟最能隨手,1
3834,驟最能隨手轉,1
3835,最能隨手轉性,1
3836,能隨手轉性靈,1
3837,隨手轉性靈多,1
3838,手轉性靈多恐,1
3839,轉性靈多恐會,1
3840,性靈多恐會人,1
3841,靈多恐會人言,1
3842,多恐會人言桃,1
3843,恐會人言桃花,1
3844,會人言桃花雪,1
3845,人言桃花雪點,1
3846,言桃花雪點多,1
3847,桃花雪點多雖,1
3848,花雪點多雖貴,1
3849,雪點多雖貴全,1
3850,點多雖貴全假,1
3851,多雖貴全假當,1
3852,雖貴全假當場,1
3853,貴全假當場一,1
3854,全假當場一顧,1
3855,假當場一顧恩,1
3856,當場一顧恩武,1
3857,場一顧恩武夷,1
3858,一顧恩武夷春,1
3859,顧恩武夷春暖,1
3860,恩武夷春暖月,1
3861,武夷春暖月初,1
3862,夷春暖月初圓,1
3863,春暖月初圓採,1
3864,暖月初圓採摘,1
3865,月初圓採摘新,1
3866,初圓採摘新芽,1
3867,圓採摘新芽獻,1
3868,採摘新芽獻地,1
3869,摘新芽獻地仙,1
3870,新芽獻地仙飛,1
3871,芽獻地仙飛鵲,1
3872,獻地仙飛鵲印,1
3873,地仙飛鵲印成,1
3874,仙飛鵲印成香,1
3875,飛鵲印成香蠟,1
3876,鵲印成香蠟片,1
3877,印成香蠟片啼,1
3878,成香蠟片啼猿,1
3879,香蠟片啼猿溪,1
3880,蠟片啼猿溪走,1
3881,片啼猿溪走木,1
3882,啼猿溪走木蘭,1
3883,猿溪走木蘭船,1
3884,溪走木蘭船金,1
3885,走木蘭船金槽,1
3886,木蘭船金槽和,1
3887,蘭船金槽和碾,1
3888,船金槽和碾沈,1
3889,金槽和碾沈香,1
3890,槽和碾沈香末,1
3891,和碾沈香末冰,1
3892,碾沈香末冰碗,1
3893,沈香末冰碗輕,1
3894,香末冰碗輕涵,1
3895,末冰碗輕涵翠,1
3896,冰碗輕涵翠縷,1
3897,碗輕涵翠縷煙,1
3898,輕涵翠縷煙分,1
3899,涵翠縷煙分贈,1
3900,翠縷煙分贈恩,1
3901,縷煙分贈恩深,1
3902,煙分贈恩深知,1
3903,分贈恩深知最,1
3904,贈恩深知最異,1
3905,恩深知最異晚,1
3906,深知最異晚鐺,1
3907,知最異晚鐺宜,1
3908,最異晚鐺宜煮,1
3909,異晚鐺宜煮北,1
3910,晚鐺宜煮北山,1
3911,鐺宜煮北山泉,1
3912,宜煮北山泉休,1
3913,煮北山泉休向,1
3914,北山泉休向尊,1
3915,山泉休向尊前,1
3916,泉休向尊前訴,1
3917,休向尊前訴羽,1
3918,向尊前訴羽觥,1
3919,尊前訴羽觥百,1
3920,前訴羽觥百壺,1
3921,訴羽觥百壺清,1
3922,羽觥百壺清酌,1
3923,觥百壺清酌與,1
3924,百壺清酌與君,1
3925,壺清酌與君傾,1
3926,清酌與君傾身,1
3927,酌與君傾身同,1
3928,與君傾身同綠,1
3929,君傾身同綠樹,1
3930,傾身同綠樹年,1
3931,身同綠樹年年,1
3932,同綠樹年年老,1
3933,綠樹年年老事,1
3934,樹年年老事比,1
3935,年年老事比紅,1
3936,年老事比紅塵,1
3937,老事比紅塵日,1
3938,事比紅塵日日,1
3939,比紅塵日日生,1
3940,紅塵日日生六,1
3941,塵日日生六國,1
3942,日日生六國英,1
3943,日生六國英雄,1
3944,生六國英雄徒,1
3945,六國英雄徒反,1
3946,國英雄徒反復,1
3947,英雄徒反復九,1
3948,雄徒反復九原,1
3949,徒反復九原松,1
3950,反復九原松柏,1
3951,復九原松柏甚,1
3952,九原松柏甚分,1
3953,原松柏甚分明,1
3954,松柏甚分明醉,1
3955,柏甚分明醉鄉,1
3956,甚分明醉鄉路,1
3957,分明醉鄉路與,1
3958,明醉鄉路與乾,1
3959,醉鄉路與乾坤,1
3960,鄉路與乾坤隔,1
3961,路與乾坤隔豈,1
3962,與乾坤隔豈信,1
3963,乾坤隔豈信人,1
3964,坤隔豈信人間,1
3965,隔豈信人間有,1
3966,豈信人間有利,1
3967,信人間有利名,1
3968,人間有利名因,1
3969,間有利名因論,1
3970,有利名因論沈,1
3971,利名因論沈湎,1
3972,名因論沈湎覺,1
3973,因論沈湎覺前,1
3974,論沈湎覺前非,1
3975,沈湎覺前非便,1
3976,湎覺前非便碎,1
3977,覺前非便碎金,1
3978,前非便碎金罍,1
3979,非便碎金罍與,1
3980,便碎金罍與羽,1
3981,碎金罍與羽卮,1
3982,金罍與羽卮采,1
3983,罍與羽卮采茗,1
3984,與羽卮采茗早,1
3985,羽卮采茗早馳,1
3986,卮采茗早馳三,1
3987,采茗早馳三蜀,1
3988,茗早馳三蜀使,1
3989,早馳三蜀使看,1
3990,馳三蜀使看花,1
3991,三蜀使看花甘,1
3992,蜀使看花甘負,1
3993,使看花甘負五,1
3994,看花甘負五侯,1
3995,花甘負五侯期,1
3996,甘負五侯期窗,1
3997,負五侯期窗間,1
3998,五侯期窗間近,1
3999,侯期窗間近火,1
4000,期窗間近火劉,1
4001,窗間近火劉伶,1
4002,間近火劉伶傳,1
4003,近火劉伶傳坐,1
4004,火劉伶傳坐右,1
4005,劉伶傳坐右新,1
4006,伶傳坐右新銘,1
4007,傳坐右新銘管,1
4008,坐右新銘管仲,1
4009,右新銘管仲辭,1
4010,新銘管仲辭此,1
4011,銘管仲辭此事,1
4012,管仲辭此事十,1
4013,仲辭此事十年,1
4014,辭此事十年前,1
4015,此事十年前已,1
4016,事十年前已說,1
4017,十年前已說匡,1
4018,年前已說匡廬,1
4019,前已說匡廬山,1
4020,已說匡廬山下,1
4021,說匡廬山下老,1
4022,匡廬山下老僧,1
4023,廬山下老僧知,1
4024,山下老僧知澗,1
4025,下老僧知澗竹,1
4026,老僧知澗竹岩,1
4027,僧知澗竹岩雲,1
4028,知澗竹岩雲有,1
4029,澗竹岩雲有舊,1
4030,竹岩雲有舊期,1
4031,岩雲有舊期二,1
4032,雲有舊期二年,1
4033,有舊期二年頻,1
4034,舊期二年頻長,1
4035,期二年頻長鬢,1
4036,二年頻長鬢邊,1
4037,年頻長鬢邊絲,1
4038,頻長鬢邊絲游,1
4039,長鬢邊絲游魚,1
4040,鬢邊絲游魚不,1
4041,邊絲游魚不愛,1
4042,絲游魚不愛金,1
4043,游魚不愛金杯,1
4044,魚不愛金杯水,1
4045,不愛金杯水棲,1
4046,愛金杯水棲鳥,1
4047,金杯水棲鳥敢,1
4048,杯水棲鳥敢求,1
4049,水棲鳥敢求瓊,1
4050,棲鳥敢求瓊樹,1
4051,鳥敢求瓊樹枝,1
4052,敢求瓊樹枝陶,1
4053,求瓊樹枝陶景,1
4054,瓊樹枝陶景戀,1
4055,樹枝陶景戀深,1
4056,枝陶景戀深松,1
4057,陶景戀深松檜,1
4058,景戀深松檜影,1
4059,戀深松檜影留,1
4060,深松檜影留侯,1
4061,松檜影留侯拋,1
4062,檜影留侯拋卻,1
4063,影留侯拋卻帝,1
4064,留侯拋卻帝王,1
4065,侯拋卻帝王師,1
4066,拋卻帝王師龍,1
4067,卻帝王師龍爭,1
4068,帝王師龍爭虎,1
4069,王師龍爭虎攫,1
4070,師龍爭虎攫皆,1
4071,龍爭虎攫皆閒,1
4072,爭虎攫皆閒事,1
4073,虎攫皆閒事數,1
4074,攫皆閒事數疊,1
4075,皆閒事數疊山,1
4076,閒事數疊山光,1
4077,事數疊山光在,1
4078,數疊山光在夢,1
4079,疊山光在夢思,1
4080,山光在夢思嵐,1
4081,光在夢思嵐似,1
4082,在夢思嵐似屏,1
4083,夢思嵐似屏風,1
4084,思嵐似屏風草,1
4085,嵐似屏風草似,1
4086,似屏風草似茵,1
4087,屏風草似茵草,1
4088,風草似茵草邊,1
4089,草似茵草邊時,1
4090,似茵草邊時膾,1
4091,茵草邊時膾錦,1
4092,草邊時膾錦花,1
4093,邊時膾錦花鱗,1
4094,時膾錦花鱗山,1
4095,膾錦花鱗山中,1
4096,錦花鱗山中宰,1
4097,花鱗山中宰相,1
4098,鱗山中宰相陶,1
4099,山中宰相陶弘,1
4100,中宰相陶弘景,1
4101,宰相陶弘景穀,1
4102,相陶弘景穀口,1
4103,陶弘景穀口耕,1
4104,弘景穀口耕夫,1
4105,景穀口耕夫鄭,1
4106,穀口耕夫鄭子,1
4107,口耕夫鄭子真,1
4108,耕夫鄭子真宦,1
4109,夫鄭子真宦達,1
4110,鄭子真宦達到,1
4111,子真宦達到頭,1
4112,真宦達到頭思,1
4113,宦達到頭思野,1
4114,達到頭思野逸,1
4115,到頭思野逸才,1
4116,頭思野逸才多,1
4117,思野逸才多未,1
4118,野逸才多未必,1
4119,逸才多未必笑,1
4120,才多未必笑清,1
4121,多未必笑清貧,1
4122,未必笑清貧君,1
4123,必笑清貧君看,1
4124,笑清貧君看東,1
4125,清貧君看東洛,1
4126,貧君看東洛平,1
4127,君看東洛平泉,1
4128,看東洛平泉宅,1
4129,東洛平泉宅只,1
4130,洛平泉宅只有,1
4131,平泉宅只有年,1
4132,泉宅只有年年,1
4133,宅只有年年百,1
4134,只有年年百卉,1
4135,有年年百卉春,1
4136,年年百卉春洞,1
4137,年百卉春洞壑,1
4138,百卉春洞壑雙,1
4139,卉春洞壑雙扉,1
4140,春洞壑雙扉入,1
4141,洞壑雙扉入到,1
4142,壑雙扉入到初,1
4143,雙扉入到初似,1
4144,扉入到初似從,1
4145,入到初似從深,1
4146,到初似從深阱,1
4147,初似從深阱睹,1
4148,似從深阱睹高,1
4149,從深阱睹高墟,1
4150,深阱睹高墟天,1
4151,阱睹高墟天開,1
4152,睹高墟天開白,1
4153,高墟天開白日,1
4154,墟天開白日臨,1
4155,天開白日臨軍,1
4156,開白日臨軍國,1
4157,白日臨軍國山,1
4158,日臨軍國山夾,1
4159,臨軍國山夾黃,1
4160,軍國山夾黃河,1
4161,國山夾黃河護,1
4162,山夾黃河護帝,1
4163,夾黃河護帝居,1
4164,黃河護帝居隋,1
4165,河護帝居隋煬,1
4166,護帝居隋煬遠,1
4167,帝居隋煬遠遊,1
4168,居隋煬遠遊宜,1
4169,隋煬遠遊宜不,1
4170,煬遠遊宜不反,1
4171,遠遊宜不反奉,1
4172,遊宜不反奉春,1
4173,宜不反奉春長,1
4174,不反奉春長策,1
4175,反奉春長策竟,1
4176,奉春長策竟何,1
4177,春長策竟何如,1
4178,長策竟何如須,1
4179,策竟何如須知,1
4180,竟何如須知皇,1
4181,何如須知皇漢,1
4182,如須知皇漢能,1
4183,須知皇漢能扃,1
4184,知皇漢能扃鐍,1
4185,皇漢能扃鐍延,1
4186,漢能扃鐍延得,1
4187,能扃鐍延得年,1
4188,扃鐍延得年過,1
4189,鐍延得年過四,1
4190,延得年過四百,1
4191,得年過四百餘,1
4192,年過四百餘行,1
4193,過四百餘行客,1
4194,四百餘行客起,1
4195,百餘行客起看,1
4196,餘行客起看仙,1
4197,行客起看仙掌,1
4198,客起看仙掌月,1
4199,起看仙掌月落,1
4200,看仙掌月落星,1
4201,仙掌月落星斜,1
4202,掌月落星斜照,1
4203,月落星斜照濁,1
4204,落星斜照濁河,1
4205,星斜照濁河泥,1
4206,斜照濁河泥故,1
4207,照濁河泥故山,1
4208,濁河泥故山遠,1
4209,河泥故山遠處,1
4210,泥故山遠處高,1
4211,故山遠處高飛,1
4212,山遠處高飛雁,1
4213,遠處高飛雁去,1
4214,處高飛雁去馬,1
4215,高飛雁去馬鳴,1
4216,飛雁去馬鳴時,1
4217,雁去馬鳴時先,1
4218,去馬鳴時先早,1
4219,馬鳴時先早雞,1
4220,鳴時先早雞關,1
4221,時先早雞關柳,1
4222,先早雞關柳不,1
4223,早雞關柳不知,1
4224,雞關柳不知誰,1
4225,關柳不知誰氏,1
4226,柳不知誰氏種,1
4227,不知誰氏種嶽,1
4228,知誰氏種嶽碑,1
4229,誰氏種嶽碑猶,1
4230,氏種嶽碑猶見,1
4231,種嶽碑猶見聖,1
4232,嶽碑猶見聖君,1
4233,碑猶見聖君題,1
4234,猶見聖君題芻,1
4235,見聖君題芻蕘,1
4236,聖君題芻蕘十,1
4237,君題芻蕘十軸,1
4238,題芻蕘十軸僮,1
4239,芻蕘十軸僮三,1
4240,蕘十軸僮三尺,1
4241,十軸僮三尺豈,1
4242,軸僮三尺豈謂,1
4243,僮三尺豈謂青,1
4244,三尺豈謂青雲,1
4245,尺豈謂青雲便,1
4246,豈謂青雲便有,1
4247,謂青雲便有梯,1
4248,青雲便有梯耨,1
4249,雲便有梯耨月,1
4250,便有梯耨月耕,1
4251,有梯耨月耕煙,1
4252,梯耨月耕煙水,1
4253,耨月耕煙水國,1
4254,月耕煙水國春,1
4255,耕煙水國春薄,1
4256,煙水國春薄徒,1
4257,水國春薄徒應,1
4258,國春薄徒應笑,1
4259,春薄徒應笑作,1
4260,薄徒應笑作農,1
4261,徒應笑作農人,1
4262,應笑作農人皇,1
4263,笑作農人皇王,1
4264,作農人皇王尚,1
4265,農人皇王尚法,1
4266,人皇王尚法三,1
4267,皇王尚法三推,1
4268,王尚法三推禮,1
4269,尚法三推禮白,1
4270,法三推禮白社,1
4271,三推禮白社寧,1
4272,推禮白社寧忘,1
4273,禮白社寧忘四,1
4274,白社寧忘四體,1
4275,社寧忘四體勤,1
4276,寧忘四體勤雨,1
4277,忘四體勤雨灑,1
4278,四體勤雨灑蓑,1
4279,體勤雨灑蓑衣,1
4280,勤雨灑蓑衣芳,1
4281,雨灑蓑衣芳草,1
4282,灑蓑衣芳草暗,1
4283,蓑衣芳草暗鳥,1
4284,衣芳草暗鳥啼,1
4285,芳草暗鳥啼雲,1
4286,草暗鳥啼雲樹,1
4287,暗鳥啼雲樹小,1
4288,鳥啼雲樹小村,1
4289,啼雲樹小村貧,1
4290,雲樹小村貧猶,1
4291,樹小村貧猶勝,1
4292,小村貧猶勝墮,1
4293,村貧猶勝墮力,1
4294,貧猶勝墮力求,1
4295,猶勝墮力求飧,1
4296,勝墮力求飧者,1
4297,墮力求飧者五,1
4298,力求飧者五鬥,1
4299,求飧者五鬥低,1
4300,飧者五鬥低腰,1
4301,者五鬥低腰走,1
4302,五鬥低腰走世,1
4303,鬥低腰走世塵,1
4304,低腰走世塵舊,1
4305,腰走世塵舊曆,1
4306,走世塵舊曆關,1
4307,世塵舊曆關中,1
4308,塵舊曆關中憶,1
4309,舊曆關中憶廢,1
4310,曆關中憶廢興,1
4311,關中憶廢興僭,1
4312,中憶廢興僭奢,1
4313,憶廢興僭奢須,1
4314,廢興僭奢須戒,1
4315,興僭奢須戒儉,1
4316,僭奢須戒儉須,1
4317,奢須戒儉須憑,1
4318,須戒儉須憑火,1
4319,戒儉須憑火光,1
4320,儉須憑火光只,1
4321,須憑火光只是,1
4322,憑火光只是燒,1
4323,火光只是燒秦,1
4324,光只是燒秦塚,1
4325,只是燒秦塚賊,1
4326,是燒秦塚賊眼,1
4327,燒秦塚賊眼何,1
4328,秦塚賊眼何曾,1
4329,塚賊眼何曾視,1
4330,賊眼何曾視灞,1
4331,眼何曾視灞陵,1
4332,何曾視灞陵鐘,1
4333,曾視灞陵鐘鼓,1
4334,視灞陵鐘鼓煎,1
4335,灞陵鐘鼓煎催,1
4336,陵鐘鼓煎催人,1
4337,鐘鼓煎催人自,1
4338,鼓煎催人自急,1
4339,煎催人自急侯,1
4340,催人自急侯王,1
4341,人自急侯王更,1
4342,自急侯王更換,1
4343,急侯王更換恨,1
4344,侯王更換恨難,1
4345,王更換恨難勝,1
4346,更換恨難勝不,1
4347,換恨難勝不如,1
4348,恨難勝不如坐,1
4349,難勝不如坐釣,1
4350,勝不如坐釣清,1
4351,不如坐釣清溪,1
4352,如坐釣清溪月,1
4353,坐釣清溪月心,1
4354,釣清溪月心共,1
4355,清溪月心共寒,1
4356,溪月心共寒潭,1
4357,月心共寒潭一,1
4358,心共寒潭一片,1
4359,共寒潭一片澄,1
4360,寒潭一片澄忽,1
4361,潭一片澄忽憶,1
4362,一片澄忽憶關,1
4363,片澄忽憶關中,1
4364,澄忽憶關中逐,1
4365,忽憶關中逐計,1
4366,憶關中逐計車,1
4367,關中逐計車曆,1
4368,中逐計車曆坊,1
4369,逐計車曆坊騎,1
4370,計車曆坊騎馬,1
4371,車曆坊騎馬信,1
4372,曆坊騎馬信空,1
4373,坊騎馬信空虛,1
4374,騎馬信空虛三,1
4375,馬信空虛三秋,1
4376,信空虛三秋病,1
4377,空虛三秋病起,1
4378,虛三秋病起見,1
4379,三秋病起見新,1
4380,秋病起見新雁,1
4381,病起見新雁八,1
4382,起見新雁八月,1
4383,見新雁八月夜,1
4384,新雁八月夜長,1
4385,雁八月夜長思,1
4386,八月夜長思舊,1
4387,月夜長思舊居,1
4388,夜長思舊居宗,1
4389,長思舊居宗伯,1
4390,思舊居宗伯帳,1
4391,舊居宗伯帳前,1
4392,居宗伯帳前曾,1
4393,宗伯帳前曾獻,1
4394,伯帳前曾獻賦,1
4395,帳前曾獻賦相,1
4396,前曾獻賦相君,1
4397,曾獻賦相君門,1
4398,獻賦相君門下,1
4399,賦相君門下再,1
4400,相君門下再投,1
4401,君門下再投書,1
4402,門下再投書如,1
4403,下再投書如今,1
4404,再投書如今說,1
4405,投書如今說著,1
4406,書如今說著猶,1
4407,如今說著猶堪,1
4408,今說著猶堪泣,1
4409,說著猶堪泣兩,1
4410,著猶堪泣兩宿,1
4411,猶堪泣兩宿都,1
4412,堪泣兩宿都堂,1
4413,泣兩宿都堂過,1
4414,兩宿都堂過歲,1
4415,宿都堂過歲除,1
4416,都堂過歲除黃,1
4417,堂過歲除黃河,1
4418,過歲除黃河冰,1
4419,歲除黃河冰合,1
4420,除黃河冰合尚,1
4421,黃河冰合尚來,1
4422,河冰合尚來遊,1
4423,冰合尚來遊知,1
4424,合尚來遊知命,1
4425,尚來遊知命知,1
4426,來遊知命知時,1
4427,遊知命知時肯,1
4428,知命知時肯躁,1
4429,命知時肯躁求,1
4430,知時肯躁求詞,1
4431,時肯躁求詞賦,1
4432,肯躁求詞賦有,1
4433,躁求詞賦有名,1
4434,求詞賦有名堪,1
4435,詞賦有名堪自,1
4436,賦有名堪自負,1
4437,有名堪自負春,1
4438,名堪自負春風,1
4439,堪自負春風落,1
4440,自負春風落第,1
4441,負春風落第不,1
4442,春風落第不曾,1
4443,風落第不曾羞,1
4444,落第不曾羞風,1
4445,第不曾羞風塵,1
4446,不曾羞風塵色,1
4447,曾羞風塵色裏,1
4448,羞風塵色裏凋,1
4449,風塵色裏凋雙,1
4450,塵色裏凋雙鬢,1
4451,色裏凋雙鬢鼙,1
4452,裏凋雙鬢鼙鼓,1
4453,凋雙鬢鼙鼓聲,1
4454,雙鬢鼙鼓聲中,1
4455,鬢鼙鼓聲中曆,1
4456,鼙鼓聲中曆幾,1
4457,鼓聲中曆幾州,1
4458,聲中曆幾州十,1
4459,中曆幾州十載,1
4460,曆幾州十載公,1
4461,幾州十載公卿,1
4462,州十載公卿早,1
4463,十載公卿早言,1
4464,載公卿早言屈,1
4465,公卿早言屈何,1
4466,卿早言屈何須,1
4467,早言屈何須課,1
4468,言屈何須課夏,1
4469,屈何須課夏更,1
4470,何須課夏更冥,1
4471,須課夏更冥搜,1
4472,課夏更冥搜拋,1
4473,夏更冥搜拋擲,1
4474,更冥搜拋擲清,1
4475,冥搜拋擲清溪,1
4476,搜拋擲清溪舊,1
4477,拋擲清溪舊釣,1
4478,擲清溪舊釣鉤,1
4479,清溪舊釣鉤長,1
4480,溪舊釣鉤長安,1
4481,舊釣鉤長安寒,1
4482,釣鉤長安寒暑,1
4483,鉤長安寒暑再,1
4484,長安寒暑再環,1
4485,安寒暑再環周,1
4486,寒暑再環周便,1
4487,暑再環周便隨,1
4488,再環周便隨鶯,1
4489,環周便隨鶯羽,1
4490,周便隨鶯羽三,1
4491,便隨鶯羽三春,1
4492,隨鶯羽三春化,1
4493,鶯羽三春化只,1
4494,羽三春化只說,1
4495,三春化只說蟬,1
4496,春化只說蟬聲,1
4497,化只說蟬聲一,1
4498,只說蟬聲一度,1
4499,說蟬聲一度愁,1
4500,蟬聲一度愁掃,1
4501,聲一度愁掃雪,1
4502,一度愁掃雪自,1
4503,度愁掃雪自憐,1
4504,愁掃雪自憐窗,1
4505,掃雪自憐窗紙,1
4506,雪自憐窗紙照,1
4507,自憐窗紙照上,1
4508,憐窗紙照上天,1
4509,窗紙照上天寧,1
4510,紙照上天寧愧,1
4511,照上天寧愧海,1
4512,上天寧愧海槎,1
4513,天寧愧海槎流,1
4514,寧愧海槎流明,1
4515,愧海槎流明時,1
4516,海槎流明時則,1
4517,槎流明時則待,1
4518,流明時則待金,1
4519,明時則待金門,1
4520,時則待金門詔,1
4521,則待金門詔肯,1
4522,待金門詔肯羨,1
4523,金門詔肯羨班,1
4524,門詔肯羨班超,1
4525,詔肯羨班超萬,1
4526,肯羨班超萬戶,1
4527,羨班超萬戶侯,1
4528,班超萬戶侯無,1
4529,超萬戶侯無酒,1
4530,萬戶侯無酒窮,1
4531,戶侯無酒窮愁,1
4532,侯無酒窮愁結,1
4533,無酒窮愁結自,1
4534,酒窮愁結自舒,1
4535,窮愁結自舒飲,1
4536,愁結自舒飲河,1
4537,結自舒飲河求,1
4538,自舒飲河求滿,1
4539,舒飲河求滿不,1
4540,飲河求滿不求,1
4541,河求滿不求餘,1
4542,求滿不求餘身,1
4543,滿不求餘身登,1
4544,不求餘身登霄,1
4545,求餘身登霄漢,1
4546,餘身登霄漢平,1
4547,身登霄漢平時,1
4548,登霄漢平時第,1
4549,霄漢平時第家,1
4550,漢平時第家得,1
4551,平時第家得干,1
4552,時第家得干戈,1
4553,第家得干戈定,1
4554,家得干戈定後,1
4555,得干戈定後書,1
4556,干戈定後書富,1
4557,戈定後書富貴,1
4558,定後書富貴敢,1
4559,後書富貴敢期,1
4560,書富貴敢期蘇,1
4561,富貴敢期蘇季,1
4562,貴敢期蘇季子,1
4563,敢期蘇季子清,1
4564,期蘇季子清貧,1
4565,蘇季子清貧方,1
4566,季子清貧方見,1
4567,子清貧方見馬,1
4568,清貧方見馬相,1
4569,貧方見馬相如,1
4570,方見馬相如明,1
4571,見馬相如明時,1
4572,馬相如明時用,1
4573,相如明時用即,1
4574,如明時用即匡,1
4575,明時用即匡君,1
4576,時用即匡君去,1
4577,用即匡君去不,1
4578,即匡君去不用,1
4579,匡君去不用何,1
4580,君去不用何妨,1
4581,去不用何妨卻,1
4582,不用何妨卻釣,1
4583,用何妨卻釣魚,1
4584,何妨卻釣魚拖,1
4585,妨卻釣魚拖紫,1
4586,卻釣魚拖紫腰,1
4587,釣魚拖紫腰金,1
4588,魚拖紫腰金不,1
4589,拖紫腰金不要,1
4590,紫腰金不要論,1
4591,腰金不要論便,1
4592,金不要論便堪,1
4593,不要論便堪歸,1
4594,要論便堪歸隱,1
4595,論便堪歸隱白,1
4596,便堪歸隱白雲,1
4597,堪歸隱白雲村,1
4598,歸隱白雲村更,1
4599,隱白雲村更無,1
4600,白雲村更無名,1
4601,雲村更無名籍,1
4602,村更無名籍強,1
4603,更無名籍強金,1
4604,無名籍強金榜,1
4605,名籍強金榜豈,1
4606,籍強金榜豈有,1
4607,強金榜豈有花,1
4608,金榜豈有花枝,1
4609,榜豈有花枝勝,1
4610,豈有花枝勝杏,1
4611,有花枝勝杏園,1
4612,花枝勝杏園綺,1
4613,枝勝杏園綺席,1
4614,勝杏園綺席促,1
4615,杏園綺席促時,1
4616,園綺席促時皆,1
4617,綺席促時皆國,1
4618,席促時皆國器,1
4619,促時皆國器羽,1
4620,時皆國器羽觥,1
4621,皆國器羽觥飛,1
4622,國器羽觥飛處,1
4623,器羽觥飛處盡,1
4624,羽觥飛處盡王,1
4625,觥飛處盡王孫,1
4626,飛處盡王孫高,1
4627,處盡王孫高眠,1
4628,盡王孫高眠亦,1
4629,王孫高眠亦是,1
4630,孫高眠亦是前,1
4631,高眠亦是前賢,1
4632,眠亦是前賢事,1
4633,亦是前賢事爭,1
4634,是前賢事爭報,1
4635,前賢事爭報春,1
4636,賢事爭報春闈,1
4637,事爭報春闈莫,1
4638,爭報春闈莫大,1
4639,報春闈莫大恩,1
4640,春闈莫大恩賊,1
4641,闈莫大恩賊去,1
4642,莫大恩賊去兵,1
4643,大恩賊去兵來,1
4644,恩賊去兵來歲,1
4645,賊去兵來歲月,1
4646,去兵來歲月長,1
4647,兵來歲月長野,1
4648,來歲月長野蒿,1
4649,歲月長野蒿空,1
4650,月長野蒿空滿,1
4651,長野蒿空滿壞,1
4652,野蒿空滿壞牆,1
4653,蒿空滿壞牆匡,1
4654,空滿壞牆匡旋,1
4655,滿壞牆匡旋從,1
4656,壞牆匡旋從古,1
4657,牆匡旋從古轍,1
4658,匡旋從古轍成,1
4659,旋從古轍成深,1
4660,從古轍成深谷,1
4661,古轍成深谷幾,1
4662,轍成深谷幾見,1
4663,成深谷幾見金,1
4664,深谷幾見金輿,1
4665,谷幾見金輿過,1
4666,幾見金輿過上,1
4667,見金輿過上陽,1
4668,金輿過上陽洛,1
4669,輿過上陽洛水,1
4670,過上陽洛水送,1
4671,上陽洛水送年,1
4672,陽洛水送年催,1
4673,洛水送年催代,1
4674,水送年催代謝,1
4675,送年催代謝嵩,1
4676,年催代謝嵩山,1
4677,催代謝嵩山擎,1
4678,代謝嵩山擎日,1
4679,謝嵩山擎日拂,1
4680,嵩山擎日拂穹,1
4681,山擎日拂穹蒼,1
4682,擎日拂穹蒼殊,1
4683,日拂穹蒼殊時,1
4684,拂穹蒼殊時異,1
4685,穹蒼殊時異世,1
4686,蒼殊時異世為,1
4687,殊時異世為儒,1
4688,時異世為儒者,1
4689,異世為儒者不,1
4690,世為儒者不見,1
4691,為儒者不見文,1
4692,儒者不見文皇,1
4693,者不見文皇與,1
4694,不見文皇與武,1
4695,見文皇與武皇,1
4696,文皇與武皇坦,1
4697,皇與武皇坦腹,1
4698,與武皇坦腹夫,1
4699,武皇坦腹夫君,1
4700,皇坦腹夫君不,1
4701,坦腹夫君不可,1
4702,腹夫君不可逢,1
4703,夫君不可逢千,1
4704,君不可逢千年,1
4705,不可逢千年猶,1
4706,可逢千年猶在,1
4707,逢千年猶在播,1
4708,千年猶在播英,1
4709,年猶在播英風,1
4710,猶在播英風紅,1
4711,在播英風紅鵝,1
4712,播英風紅鵝化,1
4713,英風紅鵝化鶴,1
4714,風紅鵝化鶴青,1
4715,紅鵝化鶴青天,1
4716,鵝化鶴青天遠,1
4717,化鶴青天遠彩,1
4718,鶴青天遠彩筆,1
4719,青天遠彩筆成,1
4720,天遠彩筆成龍,1
4721,遠彩筆成龍綠,1
4722,彩筆成龍綠水,1
4723,筆成龍綠水空,1
4724,成龍綠水空愛,1
4725,龍綠水空愛竹,1
4726,綠水空愛竹只,1
4727,水空愛竹只應,1
4728,空愛竹只應憐,1
4729,愛竹只應憐直,1
4730,竹只應憐直節,1
4731,只應憐直節書,1
4732,應憐直節書裙,1
4733,憐直節書裙多,1
4734,直節書裙多是,1
4735,節書裙多是為,1
4736,書裙多是為奇,1
4737,裙多是為奇童,1
4738,多是為奇童吹,1
4739,是為奇童吹笙,1
4740,為奇童吹笙緱,1
4741,奇童吹笙緱嶺,1
4742,童吹笙緱嶺登,1
4743,吹笙緱嶺登山,1
4744,笙緱嶺登山後,1
4745,緱嶺登山後東,1
4746,嶺登山後東注,1
4747,登山後東注清,1
4748,山後東注清流,1
4749,後東注清流豈,1
4750,東注清流豈有,1
4751,注清流豈有窮,1
4752,清流豈有窮早,1
4753,流豈有窮早年,1
4754,豈有窮早年師,1
4755,有窮早年師友,1
4756,窮早年師友教,1
4757,早年師友教為,1
4758,年師友教為文,1
4759,師友教為文賣,1
4760,友教為文賣卻,1
4761,教為文賣卻魚,1
4762,為文賣卻魚舟,1
4763,文賣卻魚舟網,1
4764,賣卻魚舟網典,1
4765,卻魚舟網典墳,1
4766,魚舟網典墳國,1
4767,舟網典墳國有,1
4768,網典墳國有安,1
4769,典墳國有安危,1
4770,墳國有安危期,1
4771,國有安危期日,1
4772,有安危期日諫,1
4773,安危期日諫家,1
4774,危期日諫家無,1
4775,期日諫家無擔,1
4776,日諫家無擔石,1
4777,諫家無擔石暫,1
4778,家無擔石暫從,1
4779,無擔石暫從軍,1
4780,擔石暫從軍非,1
4781,石暫從軍非才,1
4782,暫從軍非才豈,1
4783,從軍非才豈合,1
4784,軍非才豈合攀,1
4785,非才豈合攀丹,1
4786,才豈合攀丹桂,1
4787,豈合攀丹桂多,1
4788,合攀丹桂多病,1
4789,攀丹桂多病猶,1
4790,丹桂多病猶堪,1
4791,桂多病猶堪伴,1
4792,多病猶堪伴白,1
4793,病猶堪伴白雲,1
4794,猶堪伴白雲爭,1
4795,堪伴白雲爭得,1
4796,伴白雲爭得千,1
4797,白雲爭得千鐘,1
4798,雲爭得千鐘季,1
4799,爭得千鐘季孫,1
4800,得千鐘季孫粟,1
4801,千鐘季孫粟滄,1
4802,鐘季孫粟滄洲,1
4803,季孫粟滄洲歸,1
4804,孫粟滄洲歸與,1
4805,粟滄洲歸與故,1
4806,滄洲歸與故人,1
4807,洲歸與故人分,1
4808,歸與故人分濟,1
4809,與故人分濟川,1
4810,故人分濟川無,1
4811,人分濟川無楫,1
4812,分濟川無楫擬,1
4813,濟川無楫擬何,1
4814,川無楫擬何為,1
4815,無楫擬何為三,1
4816,楫擬何為三傑,1
4817,擬何為三傑還,1
4818,何為三傑還從,1
4819,為三傑還從漢,1
4820,三傑還從漢祖,1
4821,傑還從漢祖推,1
4822,還從漢祖推心,1
4823,從漢祖推心學,1
4824,漢祖推心學庭,1
4825,祖推心學庭槐,1
4826,推心學庭槐空,1
4827,心學庭槐空發,1
4828,學庭槐空發火,1
4829,庭槐空發火鬢,1
4830,槐空發火鬢同,1
4831,空發火鬢同門,1
4832,發火鬢同門柳,1
4833,火鬢同門柳即,1
4834,鬢同門柳即垂,1
4835,同門柳即垂絲,1
4836,門柳即垂絲中,1
4837,柳即垂絲中興,1
4838,即垂絲中興未,1
4839,垂絲中興未遇,1
4840,絲中興未遇先,1
4841,中興未遇先懷,1
4842,興未遇先懷策,1
4843,未遇先懷策除,1
4844,遇先懷策除夜,1
4845,先懷策除夜相,1
4846,懷策除夜相催,1
4847,策除夜相催也,1
4848,除夜相催也課,1
4849,夜相催也課詩,1
4850,相催也課詩江,1
4851,催也課詩江上,1
4852,也課詩江上年,1
4853,課詩江上年年,1
4854,詩江上年年接,1
4855,江上年年接君,1
4856,上年年接君子,1
4857,年年接君子一,1
4858,年接君子一杯,1
4859,接君子一杯春,1
4860,君子一杯春酒,1
4861,子一杯春酒一,1
4862,一杯春酒一枰,1
4863,杯春酒一枰棋,1
4864,春酒一枰棋家,1
4865,酒一枰棋家住,1
4866,一枰棋家住寒,1
4867,枰棋家住寒梅,1
4868,棋家住寒梅翠,1
4869,家住寒梅翠嶺,1
4870,住寒梅翠嶺東,1
4871,寒梅翠嶺東長,1
4872,梅翠嶺東長安,1
4873,翠嶺東長安時,1
4874,嶺東長安時節,1
4875,東長安時節詠,1
4876,長安時節詠途,1
4877,安時節詠途窮,1
4878,時節詠途窮牡,1
4879,節詠途窮牡丹,1
4880,詠途窮牡丹窠,1
4881,途窮牡丹窠小,1
4882,窮牡丹窠小春,1
4883,牡丹窠小春餘,1
4884,丹窠小春餘雨,1
4885,窠小春餘雨楊,1
4886,小春餘雨楊柳,1
4887,春餘雨楊柳絲,1
4888,餘雨楊柳絲疏,1
4889,雨楊柳絲疏夏,1
4890,楊柳絲疏夏足,1
4891,柳絲疏夏足風,1
4892,絲疏夏足風愁,1
4893,疏夏足風愁鬢,1
4894,夏足風愁鬢已,1
4895,足風愁鬢已還,1
4896,風愁鬢已還年,1
4897,愁鬢已還年紀,1
4898,鬢已還年紀白,1
4899,已還年紀白衰,1
4900,還年紀白衰容,1
4901,年紀白衰容寧,1
4902,紀白衰容寧藉,1
4903,白衰容寧藉酒,1
4904,衰容寧藉酒杯,1
4905,容寧藉酒杯紅,1
4906,寧藉酒杯紅長,1
4907,藉酒杯紅長卿,1
4908,酒杯紅長卿甚,1
4909,杯紅長卿甚有,1
4910,紅長卿甚有淩,1
4911,長卿甚有淩雲,1
4912,卿甚有淩雲作,1
4913,甚有淩雲作誰,1
4914,有淩雲作誰與,1
4915,淩雲作誰與清,1
4916,雲作誰與清吟,1
4917,作誰與清吟繞,1
4918,誰與清吟繞帝,1
4919,與清吟繞帝宮,1
4920,清吟繞帝宮點,1
4921,吟繞帝宮點點,1
4922,繞帝宮點點苔,1
4923,帝宮點點苔錢,1
4924,宮點點苔錢上,1
4925,點點苔錢上玉,1
4926,點苔錢上玉墀,1
4927,苔錢上玉墀日,1
4928,錢上玉墀日斜,1
4929,上玉墀日斜空,1
4930,玉墀日斜空望,1
4931,墀日斜空望六,1
4932,日斜空望六龍,1
4933,斜空望六龍西,1
4934,空望六龍西妝,1
4935,望六龍西妝台,1
4936,六龍西妝台塵,1
4937,龍西妝台塵暗,1
4938,西妝台塵暗青,1
4939,妝台塵暗青鸞,1
4940,台塵暗青鸞掩,1
4941,塵暗青鸞掩宮,1
4942,暗青鸞掩宮樹,1
4943,青鸞掩宮樹月,1
4944,鸞掩宮樹月明,1
4945,掩宮樹月明黃,1
4946,宮樹月明黃鳥,1
4947,樹月明黃鳥啼,1
4948,月明黃鳥啼庭,1
4949,明黃鳥啼庭草,1
4950,黃鳥啼庭草可,1
4951,鳥啼庭草可憐,1
4952,啼庭草可憐分,1
4953,庭草可憐分雨,1
4954,草可憐分雨露,1
4955,可憐分雨露君,1
4956,憐分雨露君恩,1
4957,分雨露君恩深,1
4958,雨露君恩深恨,1
4959,露君恩深恨隔,1
4960,君恩深恨隔雲,1
4961,恩深恨隔雲泥,1
4962,深恨隔雲泥銀,1
4963,恨隔雲泥銀蟾,1
4964,隔雲泥銀蟾借,1
4965,雲泥銀蟾借與,1
4966,泥銀蟾借與金,1
4967,銀蟾借與金波,1
4968,蟾借與金波路,1
4969,借與金波路得,1
4970,與金波路得入,1
4971,金波路得入重,1
4972,波路得入重輪,1
4973,路得入重輪伴,1
4974,得入重輪伴羿,1
4975,入重輪伴羿妻,1
4976,重輪伴羿妻閑,1
4977,輪伴羿妻閑讀,1
4978,伴羿妻閑讀南,1
4979,羿妻閑讀南華,1
4980,妻閑讀南華對,1
4981,閑讀南華對酒,1
4982,讀南華對酒杯,1
4983,南華對酒杯醉,1
4984,華對酒杯醉攜,1
4985,對酒杯醉攜筇,1
4986,酒杯醉攜筇竹,1
4987,杯醉攜筇竹畫,1
4988,醉攜筇竹畫蒼,1
4989,攜筇竹畫蒼苔,1
4990,筇竹畫蒼苔豪,1
4991,竹畫蒼苔豪門,1
4992,畫蒼苔豪門有,1
4993,蒼苔豪門有利,1
4994,苔豪門有利人,1
4995,豪門有利人爭,1
4996,門有利人爭去,1
4997,有利人爭去陋,1
4998,利人爭去陋巷,1
4999,人爭去陋巷無,1
5000,爭去陋巷無權,1
5001,去陋巷無權客,1
5002,陋巷無權客不,1
5003,巷無權客不來,1
5004,無權客不來解,1
5005,權客不來解報,1
5006,客不來解報可,1
5007,不來解報可能,1
5008,來解報可能醫,1
5009,解報可能醫病,1
5010,報可能醫病雀,1
5011,可能醫病雀重,1
5012,能醫病雀重燃,1
5013,醫病雀重燃誰,1
5014,病雀重燃誰肯,1
5015,雀重燃誰肯照,1
5016,重燃誰肯照寒,1
5017,燃誰肯照寒灰,1
5018,誰肯照寒灰嚴,1
5019,肯照寒灰嚴陵,1
5020,照寒灰嚴陵萬,1
5021,寒灰嚴陵萬古,1
5022,灰嚴陵萬古清,1
5023,嚴陵萬古清風,1
5024,陵萬古清風在,1
5025,萬古清風在好,1
5026,古清風在好棹,1
5027,清風在好棹東,1
5028,風在好棹東溪,1
5029,在好棹東溪詠,1
5030,好棹東溪詠釣,1
5031,棹東溪詠釣台,1
5032,東溪詠釣台功,1
5033,溪詠釣台功智,1
5034,詠釣台功智爭,1
5035,釣台功智爭馳,1
5036,台功智爭馳淡,1
5037,功智爭馳淡薄,1
5038,智爭馳淡薄空,1
5039,爭馳淡薄空猶,1
5040,馳淡薄空猶懷,1
5041,淡薄空猶懷忠,1
5042,薄空猶懷忠信,1
5043,空猶懷忠信擬,1
5044,猶懷忠信擬何,1
5045,懷忠信擬何從,1
5046,忠信擬何從鴟,1
5047,信擬何從鴟鳶,1
5048,擬何從鴟鳶啄,1
5049,何從鴟鳶啄腐,1
5050,從鴟鳶啄腐疑,1
5051,鴟鳶啄腐疑雛,1
5052,鳶啄腐疑雛鳳,1
5053,啄腐疑雛鳳神,1
5054,腐疑雛鳳神鬼,1
5055,疑雛鳳神鬼欺,1
5056,雛鳳神鬼欺貧,1
5057,鳳神鬼欺貧笑,1
5058,神鬼欺貧笑伯,1
5059,鬼欺貧笑伯龍,1
5060,欺貧笑伯龍烈,1
5061,貧笑伯龍烈日,1
5062,笑伯龍烈日不,1
5063,伯龍烈日不融,1
5064,龍烈日不融雙,1
5065,烈日不融雙鬢,1
5066,日不融雙鬢雪,1
5067,不融雙鬢雪病,1
5068,融雙鬢雪病身,1
5069,雙鬢雪病身全,1
5070,鬢雪病身全仰,1
5071,雪病身全仰竹,1
5072,病身全仰竹枝,1
5073,身全仰竹枝筇,1
5074,全仰竹枝筇崇,1
5075,仰竹枝筇崇侯,1
5076,竹枝筇崇侯入,1
5077,枝筇崇侯入輔,1
5078,筇崇侯入輔嚴,1
5079,崇侯入輔嚴陵,1
5080,侯入輔嚴陵退,1
5081,入輔嚴陵退堪,1
5082,輔嚴陵退堪憶,1
5083,嚴陵退堪憶啼,1
5084,陵退堪憶啼猿,1
5085,退堪憶啼猿萬,1
5086,堪憶啼猿萬仞,1
5087,憶啼猿萬仞峰,1
5088,啼猿萬仞峰絕,1
5089,猿萬仞峰絕境,1
5090,萬仞峰絕境宜,1
5091,仞峰絕境宜棲,1
5092,峰絕境宜棲獨,1
5093,絕境宜棲獨角,1
5094,境宜棲獨角仙,1
5095,宜棲獨角仙金,1
5096,棲獨角仙金張,1
5097,獨角仙金張到,1
5098,角仙金張到此,1
5099,仙金張到此亦,1
5100,金張到此亦忘,1
5101,張到此亦忘還,1
5102,到此亦忘還三,1
5103,此亦忘還三門,1
5104,亦忘還三門裏,1
5105,忘還三門裏面,1
5106,還三門裏面千,1
5107,三門裏面千層,1
5108,門裏面千層閣,1
5109,裏面千層閣萬,1
5110,面千層閣萬井,1
5111,千層閣萬井中,1
5112,層閣萬井中心,1
5113,閣萬井中心一,1
5114,萬井中心一朵,1
5115,井中心一朵山,1
5116,中心一朵山江,1
5117,心一朵山江拗,1
5118,一朵山江拗碧,1
5119,朵山江拗碧灣,1
5120,山江拗碧灣盤,1
5121,江拗碧灣盤洞,1
5122,拗碧灣盤洞府,1
5123,碧灣盤洞府石,1
5124,灣盤洞府石排,1
5125,盤洞府石排青,1
5126,洞府石排青壁,1
5127,府石排青壁護,1
5128,石排青壁護禪,1
5129,排青壁護禪關,1
5130,青壁護禪關有,1
5131,壁護禪關有時,1
5132,護禪關有時海,1
5133,禪關有時海上,1
5134,關有時海上看,1
5135,有時海上看明,1
5136,時海上看明月,1
5137,海上看明月輾,1
5138,上看明月輾出,1
5139,看明月輾出冰,1
5140,明月輾出冰輪,1
5141,月輾出冰輪疊,1
5142,輾出冰輪疊浪,1
5143,出冰輪疊浪間,1
5144,冰輪疊浪間憶,1
5145,輪疊浪間憶昔,1
5146,疊浪間憶昔長,1
5147,浪間憶昔長安,1
5148,間憶昔長安落,1
5149,憶昔長安落第,1
5150,昔長安落第春,1
5151,長安落第春佛,1
5152,安落第春佛宮,1
5153,落第春佛宮南,1
5154,第春佛宮南院,1
5155,春佛宮南院獨,1
5156,佛宮南院獨遊,1
5157,宮南院獨遊頻,1
5158,南院獨遊頻燈,1
5159,院獨遊頻燈前,1
5160,獨遊頻燈前不,1
5161,遊頻燈前不動,1
5162,頻燈前不動惟,1
5163,燈前不動惟金,1
5164,前不動惟金像,1
5165,不動惟金像壁,1
5166,動惟金像壁上,1
5167,惟金像壁上曾,1
5168,金像壁上曾題,1
5169,像壁上曾題盡,1
5170,壁上曾題盡古,1
5171,上曾題盡古人,1
5172,曾題盡古人鶗,1
5173,題盡古人鶗鴂,1
5174,盡古人鶗鴂聲,1
5175,古人鶗鴂聲中,1
5176,人鶗鴂聲中雙,1
5177,鶗鴂聲中雙闕,1
5178,鴂聲中雙闕雨,1
5179,聲中雙闕雨牡,1
5180,中雙闕雨牡丹,1
5181,雙闕雨牡丹花,1
5182,闕雨牡丹花際,1
5183,雨牡丹花際六,1
5184,牡丹花際六街,1
5185,丹花際六街塵,1
5186,花際六街塵啼,1
5187,際六街塵啼猿,1
5188,六街塵啼猿溪,1
5189,街塵啼猿溪上,1
5190,塵啼猿溪上將,1
5191,啼猿溪上將歸,1
5192,猿溪上將歸去,1
5193,溪上將歸去合,1
5194,上將歸去合問,1
5195,將歸去合問升,1
5196,歸去合問升平,1
5197,去合問升平詣,1
5198,合問升平詣秉,1
5199,問升平詣秉鈞,1
5200,升平詣秉鈞雁,1
5201,平詣秉鈞雁塔,1
5202,詣秉鈞雁塔攙,1
5203,秉鈞雁塔攙空,1
5204,鈞雁塔攙空映,1
5205,雁塔攙空映九,1
5206,塔攙空映九衢,1
5207,攙空映九衢每,1
5208,空映九衢每看,1
5209,映九衢每看華,1
5210,九衢每看華宇,1
5211,衢每看華宇每,1
5212,每看華宇每踟,1
5213,看華宇每踟躕,1
5214,華宇每踟躕題,1
5215,宇每踟躕題名,1
5216,每踟躕題名儘,1
5217,踟躕題名儘是,1
5218,躕題名儘是台,1
5219,題名儘是台衡,1
5220,名儘是台衡跡,1
5221,儘是台衡跡滿,1
5222,是台衡跡滿壁,1
5223,台衡跡滿壁堪,1
5224,衡跡滿壁堪為,1
5225,跡滿壁堪為宰,1
5226,滿壁堪為宰輔,1
5227,壁堪為宰輔圖,1
5228,堪為宰輔圖鸞,1
5229,為宰輔圖鸞鳳,1
5230,宰輔圖鸞鳳豈,1
5231,輔圖鸞鳳豈巢,1
5232,圖鸞鳳豈巢荊,1
5233,鸞鳳豈巢荊棘,1
5234,鳳豈巢荊棘樹,1
5235,豈巢荊棘樹虯,1
5236,巢荊棘樹虯龍,1
5237,荊棘樹虯龍多,1
5238,棘樹虯龍多蟄,1
5239,樹虯龍多蟄帝,1
5240,虯龍多蟄帝王,1
5241,龍多蟄帝王都,1
5242,多蟄帝王都誰,1
5243,蟄帝王都誰知,1
5244,帝王都誰知遠,1
5245,王都誰知遠客,1
5246,都誰知遠客思,1
5247,誰知遠客思歸,1
5248,知遠客思歸夢,1
5249,遠客思歸夢夜,1
5250,客思歸夢夜夜,1
5251,思歸夢夜夜無,1
5252,歸夢夜夜無船,1
5253,夢夜夜無船自,1
5254,夜夜無船自過,1
5255,夜無船自過湖,1
5256,無船自過湖一,1
5257,船自過湖一條,1
5258,自過湖一條溪,1
5259,過湖一條溪繞,1
5260,湖一條溪繞翠,1
5261,一條溪繞翠岩,1
5262,條溪繞翠岩隈,1
5263,溪繞翠岩隈行,1
5264,繞翠岩隈行腳,1
5265,翠岩隈行腳僧,1
5266,岩隈行腳僧言,1
5267,隈行腳僧言勝,1
5268,行腳僧言勝五,1
5269,腳僧言勝五台,1
5270,僧言勝五台農,1
5271,言勝五台農罷,1
5272,勝五台農罷樹,1
5273,五台農罷樹陰,1
5274,台農罷樹陰黃,1
5275,農罷樹陰黃犢,1
5276,罷樹陰黃犢臥,1
5277,樹陰黃犢臥齋,1
5278,陰黃犢臥齋時,1
5279,黃犢臥齋時山,1
5280,犢臥齋時山下,1
5281,臥齋時山下白,1
5282,齋時山下白衣,1
5283,時山下白衣來,1
5284,山下白衣來松,1
5285,下白衣來松因,1
5286,白衣來松因往,1
5287,衣來松因往日,1
5288,來松因往日門,1
5289,松因往日門人,1
5290,因往日門人種,1
5291,往日門人種路,1
5292,日門人種路是,1
5293,門人種路是前,1
5294,人種路是前生,1
5295,種路是前生長,1
5296,路是前生長老,1
5297,是前生長老開,1
5298,前生長老開三,1
5299,生長老開三卷,1
5300,長老開三卷貝,1
5301,老開三卷貝多,1
5302,開三卷貝多金,1
5303,三卷貝多金粟,1
5304,卷貝多金粟語,1
5305,貝多金粟語可,1
5306,多金粟語可能,1
5307,金粟語可能長,1
5308,粟語可能長誦,1
5309,語可能長誦免,1
5310,可能長誦免輪,1
5311,能長誦免輪回,1
5312,長誦免輪回聽,1
5313,誦免輪回聽話,1
5314,免輪回聽話金,1
5315,輪回聽話金仙,1
5316,回聽話金仙眉,1
5317,聽話金仙眉相,1
5318,話金仙眉相毫,1
5319,金仙眉相毫每,1
5320,仙眉相毫每來,1
5321,眉相毫每來皆,1
5322,相毫每來皆得,1
5323,毫每來皆得解,1
5324,每來皆得解塵,1
5325,來皆得解塵勞,1
5326,皆得解塵勞鶴,1
5327,得解塵勞鶴棲,1
5328,解塵勞鶴棲雲,1
5329,塵勞鶴棲雲路,1
5330,勞鶴棲雲路看,1
5331,鶴棲雲路看方,1
5332,棲雲路看方貴,1
5333,雲路看方貴僧,1
5334,路看方貴僧倚,1
5335,看方貴僧倚松,1
5336,方貴僧倚松門,1
5337,貴僧倚松門見,1
5338,僧倚松門見始,1
5339,倚松門見始高,1
5340,松門見始高名,1
5341,門見始高名利,1
5342,見始高名利罷,1
5343,始高名利罷燒,1
5344,高名利罷燒心,1
5345,名利罷燒心內,1
5346,利罷燒心內火,1
5347,罷燒心內火雪,1
5348,燒心內火雪霜,1
5349,心內火雪霜偏,1
5350,內火雪霜偏垢,1
5351,火雪霜偏垢鬢,1
5352,雪霜偏垢鬢邊,1
5353,霜偏垢鬢邊毛,1
5354,偏垢鬢邊毛銀,1
5355,垢鬢邊毛銀蟾,1
5356,鬢邊毛銀蟾未,1
5357,邊毛銀蟾未出,1
5358,毛銀蟾未出金,1
5359,銀蟾未出金烏,1
5360,蟾未出金烏在,1
5361,未出金烏在更,1
5362,出金烏在更上,1
5363,金烏在更上層,1
5364,烏在更上層樓,1
5365,在更上層樓眺,1
5366,更上層樓眺海,1
5367,上層樓眺海濤,1
5368,層樓眺海濤高,1
5369,樓眺海濤高臥,1
5370,眺海濤高臥東,1
5371,海濤高臥東林,1
5372,濤高臥東林最,1
5373,高臥東林最上,1
5374,臥東林最上方,1
5375,東林最上方水,1
5376,林最上方水聲,1
5377,最上方水聲山,1
5378,上方水聲山翠,1
5379,方水聲山翠剔,1
5380,水聲山翠剔愁,1
5381,聲山翠剔愁腸,1
5382,山翠剔愁腸白,1
5383,翠剔愁腸白雲,1
5384,剔愁腸白雲送,1
5385,愁腸白雲送雨,1
5386,腸白雲送雨籠,1
5387,白雲送雨籠僧,1
5388,雲送雨籠僧閣,1
5389,送雨籠僧閣黃,1
5390,雨籠僧閣黃葉,1
5391,籠僧閣黃葉隨,1
5392,僧閣黃葉隨風,1
5393,閣黃葉隨風入,1
5394,黃葉隨風入客,1
5395,葉隨風入客堂,1
5396,隨風入客堂終,1
5397,風入客堂終去,1
5398,入客堂終去四,1
5399,客堂終去四明,1
5400,堂終去四明成,1
5401,終去四明成大,1
5402,去四明成大道,1
5403,四明成大道暫,1
5404,明成大道暫從,1
5405,成大道暫從雙,1
5406,大道暫從雙鬢,1
5407,道暫從雙鬢許,1
5408,暫從雙鬢許秋,1
5409,從雙鬢許秋霜,1
5410,雙鬢許秋霜披,1
5411,鬢許秋霜披緇,1
5412,許秋霜披緇學,1
5413,秋霜披緇學佛,1
5414,霜披緇學佛應,1
5415,披緇學佛應無,1
5416,緇學佛應無分,1
5417,學佛應無分鶴,1
5418,佛應無分鶴氅,1
5419,應無分鶴氅談,1
5420,無分鶴氅談空,1
5421,分鶴氅談空亦,1
5422,鶴氅談空亦不,1
5423,氅談空亦不妨,1
5424,談空亦不妨佛,1
5425,空亦不妨佛頂,1
5426,亦不妨佛頂抄,1
5427,不妨佛頂抄經,1
5428,妨佛頂抄經憶,1
5429,佛頂抄經憶惠,1
5430,頂抄經憶惠休,1
5431,抄經憶惠休眾,1
5432,經憶惠休眾人,1
5433,憶惠休眾人皆,1
5434,惠休眾人皆謂,1
5435,休眾人皆謂我,1
5436,眾人皆謂我悠,1
5437,人皆謂我悠悠,1
5438,皆謂我悠悠浮,1
5439,謂我悠悠浮生,1
5440,我悠悠浮生真,1
5441,悠悠浮生真個,1
5442,悠浮生真個醉,1
5443,浮生真個醉中,1
5444,生真個醉中夢,1
5445,真個醉中夢閒,1
5446,個醉中夢閒事,1
5447,醉中夢閒事莫,1
5448,中夢閒事莫添,1
5449,夢閒事莫添身,1
5450,閒事莫添身外,1
5451,事莫添身外愁,1
5452,莫添身外愁百,1
5453,添身外愁百歲,1
5454,身外愁百歲付,1
5455,外愁百歲付於,1
5456,愁百歲付於花,1
5457,百歲付於花暗,1
5458,歲付於花暗落,1
5459,付於花暗落四,1
5460,於花暗落四時,1
5461,花暗落四時隨,1
5462,暗落四時隨卻,1
5463,落四時隨卻水,1
5464,四時隨卻水奔,1
5465,時隨卻水奔流,1
5466,隨卻水奔流安,1
5467,卻水奔流安眠,1
5468,水奔流安眠靜,1
5469,奔流安眠靜笑,1
5470,流安眠靜笑思,1
5471,安眠靜笑思何,1
5472,眠靜笑思何報,1
5473,靜笑思何報日,1
5474,笑思何報日夜,1
5475,思何報日夜焚,1
5476,何報日夜焚修,1
5477,報日夜焚修祝,1
5478,日夜焚修祝郡,1
5479,夜焚修祝郡侯,1
5480,焚修祝郡侯丹,1
5481,修祝郡侯丹井,1
5482,祝郡侯丹井冷,1
5483,郡侯丹井冷泉,1
5484,侯丹井冷泉虛,1
5485,丹井冷泉虛易,1
5486,井冷泉虛易到,1
5487,冷泉虛易到兩,1
5488,泉虛易到兩山,1
5489,虛易到兩山真,1
5490,易到兩山真界,1
5491,到兩山真界實,1
5492,兩山真界實難,1
5493,山真界實難名,1
5494,真界實難名石,1
5495,界實難名石和,1
5496,實難名石和雲,1
5497,難名石和雲霧,1
5498,名石和雲霧蓮,1
5499,石和雲霧蓮華,1
5500,和雲霧蓮華氣,1
5501,雲霧蓮華氣月,1
5502,霧蓮華氣月過,1
5503,蓮華氣月過樓,1
5504,華氣月過樓臺,1
5505,氣月過樓臺桂,1
5506,月過樓臺桂子,1
5507,過樓臺桂子清,1
5508,樓臺桂子清騰,1
5509,臺桂子清騰踏,1
5510,桂子清騰踏回,1
5511,子清騰踏回橋,1
5512,清騰踏回橋巡,1
5513,騰踏回橋巡像,1
5514,踏回橋巡像設,1
5515,回橋巡像設羅,1
5516,橋巡像設羅穿,1
5517,巡像設羅穿曲,1
5518,像設羅穿曲洞,1
5519,設羅穿曲洞出,1
5520,羅穿曲洞出龍,1
5521,穿曲洞出龍城,1
5522,曲洞出龍城更,1
5523,洞出龍城更憐,1
5524,出龍城更憐童,1
5525,龍城更憐童子,1
5526,城更憐童子呼,1
5527,更憐童子呼猿,1
5528,憐童子呼猿去,1
5529,童子呼猿去颯,1
5530,子呼猿去颯颯,1
5531,呼猿去颯颯蕭,1
5532,猿去颯颯蕭蕭,1
5533,去颯颯蕭蕭下,1
5534,颯颯蕭蕭下樹,1
5535,颯蕭蕭下樹行,1
5536,蕭蕭下樹行萬,1
5537,蕭下樹行萬古,1
5538,下樹行萬古清,1
5539,樹行萬古清淮,1
5540,行萬古清淮照,1
5541,萬古清淮照遠,1
5542,古清淮照遠天,1
5543,清淮照遠天黃,1
5544,淮照遠天黃河,1
5545,照遠天黃河濁,1
5546,遠天黃河濁浪,1
5547,天黃河濁浪不,1
5548,黃河濁浪不相,1
5549,河濁浪不相關,1
5550,濁浪不相關縣,1
5551,浪不相關縣留,1
5552,不相關縣留東,1
5553,相關縣留東道,1
5554,關縣留東道三,1
5555,縣留東道三千,1
5556,留東道三千客,1
5557,東道三千客宅,1
5558,道三千客宅鎖,1
5559,三千客宅鎖南,1
5560,千客宅鎖南塘,1
5561,客宅鎖南塘一,1
5562,宅鎖南塘一片,1
5563,鎖南塘一片山,1
5564,南塘一片山草,1
5565,塘一片山草色,1
5566,一片山草色淨,1
5567,片山草色淨經,1
5568,山草色淨經秋,1
5569,草色淨經秋雨,1
5570,色淨經秋雨綠,1
5571,淨經秋雨綠燒,1
5572,經秋雨綠燒痕,1
5573,秋雨綠燒痕寒,1
5574,雨綠燒痕寒入,1
5575,綠燒痕寒入曉,1
5576,燒痕寒入曉窗,1
5577,痕寒入曉窗斑,1
5578,寒入曉窗斑閩,1
5579,入曉窗斑閩王,1
5580,曉窗斑閩王美,1
5581,窗斑閩王美錦,1
5582,斑閩王美錦求,1
5583,閩王美錦求賢,1
5584,王美錦求賢制,1
5585,美錦求賢制未,1
5586,錦求賢制未許,1
5587,求賢制未許陶,1
5588,賢制未許陶公,1
5589,制未許陶公解,1
5590,未許陶公解印,1
5591,許陶公解印還,1
5592,陶公解印還十,1
5593,公解印還十年,1
5594,解印還十年前,1
5595,印還十年前事,1
5596,還十年前事已,1
5597,十年前事已悠,1
5598,年前事已悠哉,1
5599,前事已悠哉旋,1
5600,事已悠哉旋被,1
5601,已悠哉旋被鐘,1
5602,悠哉旋被鐘聲,1
5603,哉旋被鐘聲早,1
5604,旋被鐘聲早暮,1
5605,被鐘聲早暮催,1
5606,鐘聲早暮催明,1
5607,聲早暮催明月,1
5608,早暮催明月似,1
5609,暮催明月似師,1
5610,催明月似師生,1
5611,明月似師生又,1
5612,月似師生又沒,1
5613,似師生又沒白,1
5614,師生又沒白雲,1
5615,生又沒白雲如,1
5616,又沒白雲如客,1
5617,沒白雲如客去,1
5618,白雲如客去還,1
5619,雲如客去還來,1
5620,如客去還來煙,1
5621,客去還來煙籠,1
5622,去還來煙籠瑞,1
5623,還來煙籠瑞閣,1
5624,來煙籠瑞閣僧,1
5625,煙籠瑞閣僧經,1
5626,籠瑞閣僧經靜,1
5627,瑞閣僧經靜風,1
5628,閣僧經靜風打,1
5629,僧經靜風打虛,1
5630,經靜風打虛窗,1
5631,靜風打虛窗佛,1
5632,風打虛窗佛幌,1
5633,打虛窗佛幌開,1
5634,虛窗佛幌開惟,1
5635,窗佛幌開惟有,1
5636,佛幌開惟有南,1
5637,幌開惟有南邊,1
5638,開惟有南邊山,1
5639,惟有南邊山色,1
5640,有南邊山色在,1
5641,南邊山色在重,1
5642,邊山色在重重,1
5643,山色在重重依,1
5644,色在重重依舊,1
5645,在重重依舊上,1
5646,重重依舊上高,1
5647,重依舊上高臺,1
5648,依舊上高臺塵,1
5649,舊上高臺塵埃,1
5650,上高臺塵埃歸,1
5651,高臺塵埃歸去,1
5652,臺塵埃歸去五,1
5653,塵埃歸去五湖,1
5654,埃歸去五湖東,1
5655,歸去五湖東還,1
5656,去五湖東還是,1
5657,五湖東還是衡,1
5658,湖東還是衡門,1
5659,東還是衡門一,1
5660,還是衡門一畝,1
5661,是衡門一畝宮,1
5662,衡門一畝宮舊,1
5663,門一畝宮舊業,1
5664,一畝宮舊業旋,1
5665,畝宮舊業旋從,1
5666,宮舊業旋從征,1
5667,舊業旋從征賦,1
5668,業旋從征賦失,1
5669,旋從征賦失故,1
5670,從征賦失故人,1
5671,征賦失故人多,1
5672,賦失故人多逐,1
5673,失故人多逐亂,1
5674,故人多逐亂離,1
5675,人多逐亂離空,1
5676,多逐亂離空因,1
5677,逐亂離空因悲,1
5678,亂離空因悲盡,1
5679,離空因悲盡室,1
5680,空因悲盡室如,1
5681,因悲盡室如懸,1
5682,悲盡室如懸罄,1
5683,盡室如懸罄卻,1
5684,室如懸罄卻擬,1
5685,如懸罄卻擬攜,1
5686,懸罄卻擬攜家,1
5687,罄卻擬攜家學,1
5688,卻擬攜家學轉,1
5689,擬攜家學轉蓬,1
5690,攜家學轉蓬見,1
5691,家學轉蓬見說,1
5692,學轉蓬見說武,1
5693,轉蓬見說武王,1
5694,蓬見說武王天,1
5695,見說武王天上,1
5696,說武王天上夢,1
5697,武王天上夢無,1
5698,王天上夢無情,1
5699,天上夢無情曾,1
5700,上夢無情曾與,1
5701,夢無情曾與傅,1
5702,無情曾與傅岩,1
5703,情曾與傅岩通,1
5704,曾與傅岩通酒,1
5705,與傅岩通酒壺,1
5706,傅岩通酒壺棋,1
5707,岩通酒壺棋局,1
5708,通酒壺棋局似,1
5709,酒壺棋局似閒,1
5710,壺棋局似閒人,1
5711,棋局似閒人竹,1
5712,局似閒人竹笏,1
5713,似閒人竹笏藍,1
5714,閒人竹笏藍衫,1
5715,人竹笏藍衫老,1
5716,竹笏藍衫老此,1
5717,笏藍衫老此身,1
5718,藍衫老此身托,1
5719,衫老此身托客,1
5720,老此身托客買,1
5721,此身托客買書,1
5722,身托客買書重,1
5723,托客買書重得,1
5724,客買書重得卷,1
5725,買書重得卷愛,1
5726,書重得卷愛山,1
5727,重得卷愛山移,1
5728,得卷愛山移宅,1
5729,卷愛山移宅近,1
5730,愛山移宅近為,1
5731,山移宅近為鄰,1
5732,移宅近為鄰鳴,1
5733,宅近為鄰鳴蛩,1
5734,近為鄰鳴蛩閣,1
5735,為鄰鳴蛩閣上,1
5736,鄰鳴蛩閣上風,1
5737,鳴蛩閣上風吹,1
5738,蛩閣上風吹病,1
5739,閣上風吹病落,1
5740,上風吹病落葉,1
5741,風吹病落葉庭,1
5742,吹病落葉庭中,1
5743,病落葉庭中月,1
5744,落葉庭中月照,1
5745,葉庭中月照貧,1
5746,庭中月照貧見,1
5747,中月照貧見說,1
5748,月照貧見說天,1
5749,照貧見說天池,1
5750,貧見說天池波,1
5751,見說天池波浪,1
5752,說天池波浪闊,1
5753,天池波浪闊也,1
5754,池波浪闊也應,1
5755,波浪闊也應涓,1
5756,浪闊也應涓滴,1
5757,闊也應涓滴濺,1
5758,也應涓滴濺窮,1
5759,應涓滴濺窮鱗,1
5760,涓滴濺窮鱗閑,1
5761,滴濺窮鱗閑補,1
5762,濺窮鱗閑補亡,1
5763,窮鱗閑補亡書,1
5764,鱗閑補亡書見,1
5765,閑補亡書見廢,1
5766,補亡書見廢興,1
5767,亡書見廢興偶,1
5768,書見廢興偶然,1
5769,見廢興偶然前,1
5770,廢興偶然前古,1
5771,興偶然前古也,1
5772,偶然前古也填,1
5773,然前古也填膺,1
5774,前古也填膺秦,1
5775,古也填膺秦宮,1
5776,也填膺秦宮猶,1
5777,填膺秦宮猶自,1
5778,膺秦宮猶自拜,1
5779,秦宮猶自拜張,1
5780,宮猶自拜張祿,1
5781,猶自拜張祿楚,1
5782,自拜張祿楚幕,1
5783,拜張祿楚幕不,1
5784,張祿楚幕不知,1
5785,祿楚幕不知留,1
5786,楚幕不知留範,1
5787,幕不知留範增,1
5788,不知留範增大,1
5789,知留範增大道,1
5790,留範增大道豈,1
5791,範增大道豈全,1
5792,增大道豈全關,1
5793,大道豈全關歷,1
5794,道豈全關歷數,1
5795,豈全關歷數雄,1
5796,全關歷數雄圖,1
5797,關歷數雄圖強,1
5798,歷數雄圖強半,1
5799,數雄圖強半屬,1
5800,雄圖強半屬賢,1
5801,圖強半屬賢能,1
5802,強半屬賢能燕,1
5803,半屬賢能燕台,1
5804,屬賢能燕台財,1
5805,賢能燕台財力,1
5806,能燕台財力知,1
5807,燕台財力知多,1
5808,台財力知多少,1
5809,財力知多少誰,1
5810,力知多少誰築,1
5811,知多少誰築黃,1
5812,多少誰築黃金,1
5813,少誰築黃金到,1
5814,誰築黃金到九,1
5815,築黃金到九層,1
5816,黃金到九層大,1
5817,金到九層大道,1
5818,到九層大道真,1
5819,九層大道真風,1
5820,層大道真風早,1
5821,大道真風早晚,1
5822,道真風早晚還,1
5823,真風早晚還妖,1
5824,風早晚還妖訛,1
5825,早晚還妖訛成,1
5826,晚還妖訛成俗,1
5827,還妖訛成俗汙,1
5828,妖訛成俗汙乾,1
5829,訛成俗汙乾坤,1
5830,成俗汙乾坤宣,1
5831,俗汙乾坤宣尼,1
5832,汙乾坤宣尼既,1
5833,乾坤宣尼既沒,1
5834,坤宣尼既沒蘇,1
5835,宣尼既沒蘇張,1
5836,尼既沒蘇張起,1
5837,既沒蘇張起鳳,1
5838,沒蘇張起鳳鳥,1
5839,蘇張起鳳鳥不,1
5840,張起鳳鳥不來,1
5841,起鳳鳥不來雞,1
5842,鳳鳥不來雞雀,1
5843,鳥不來雞雀喧,1
5844,不來雞雀喧芻,1
5845,來雞雀喧芻少,1
5846,雞雀喧芻少可,1
5847,雀喧芻少可能,1
5848,喧芻少可能供,1
5849,芻少可能供驥,1
5850,少可能供驥子,1
5851,可能供驥子草,1
5852,能供驥子草多,1
5853,供驥子草多誰,1
5854,驥子草多誰複,1
5855,子草多誰複訪,1
5856,草多誰複訪蘭,1
5857,多誰複訪蘭蓀,1
5858,誰複訪蘭蓀堯,1
5859,複訪蘭蓀堯廷,1
5860,訪蘭蓀堯廷忘,1
5861,蘭蓀堯廷忘卻,1
5862,蓀堯廷忘卻征,1
5863,堯廷忘卻征元,1
5864,廷忘卻征元凱,1
5865,忘卻征元凱天,1
5866,卻征元凱天闕,1
5867,征元凱天闕重,1
5868,元凱天闕重關,1
5869,凱天闕重關十,1
5870,天闕重關十二,1
5871,闕重關十二門,1
5872,重關十二門路,1
5873,關十二門路上,1
5874,十二門路上長,1
5875,二門路上長安,1
5876,門路上長安惟,1
5877,路上長安惟咫,1
5878,上長安惟咫尺,1
5879,長安惟咫尺灞,1
5880,安惟咫尺灞陵,1
5881,惟咫尺灞陵西,1
5882,咫尺灞陵西望,1
5883,尺灞陵西望接,1
5884,灞陵西望接秦,1
5885,陵西望接秦源,1
5886,西望接秦源依,1
5887,望接秦源依稀,1
5888,接秦源依稀日,1
5889,秦源依稀日下,1
5890,源依稀日下分,1
5891,依稀日下分天,1
5892,稀日下分天闕,1
5893,日下分天闕隱,1
5894,下分天闕隱映,1
5895,分天闕隱映雲,1
5896,天闕隱映雲邊,1
5897,闕隱映雲邊是,1
5898,隱映雲邊是國,1
5899,映雲邊是國門,1
5900,雲邊是國門錦,1
5901,邊是國門錦袖,1
5902,是國門錦袖臂,1
5903,國門錦袖臂鷹,1
5904,門錦袖臂鷹河,1
5905,錦袖臂鷹河北,1
5906,袖臂鷹河北客,1
5907,臂鷹河北客青,1
5908,鷹河北客青桑,1
5909,河北客青桑鳴,1
5910,北客青桑鳴雉,1
5911,客青桑鳴雉渭,1
5912,青桑鳴雉渭南,1
5913,桑鳴雉渭南村,1
5914,鳴雉渭南村高,1
5915,雉渭南村高風,1
5916,渭南村高風九,1
5917,南村高風九萬,1
5918,村高風九萬程,1
5919,高風九萬程途,1
5920,風九萬程途近,1
5921,九萬程途近與,1
5922,萬程途近與報,1
5923,程途近與報滄,1
5924,途近與報滄洲,1
5925,近與報滄洲欲,1
5926,與報滄洲欲化,1
5927,報滄洲欲化鯤,1
5928,滄洲欲化鯤耳,1
5929,洲欲化鯤耳順,1
5930,欲化鯤耳順何,1
5931,化鯤耳順何為,1
5932,鯤耳順何為土,1
5933,耳順何為土木,1
5934,順何為土木勤,1
5935,何為土木勤叔,1
5936,為土木勤叔孫,1
5937,土木勤叔孫牆,1
5938,木勤叔孫牆屋,1
5939,勤叔孫牆屋有,1
5940,叔孫牆屋有前,1
5941,孫牆屋有前聞,1
5942,牆屋有前聞縱,1
5943,屋有前聞縱然,1
5944,有前聞縱然一,1
5945,前聞縱然一世,1
5946,聞縱然一世如,1
5947,縱然一世如紅,1
5948,然一世如紅葉,1
5949,一世如紅葉猶,1
5950,世如紅葉猶得,1
5951,如紅葉猶得十,1
5952,紅葉猶得十年,1
5953,葉猶得十年吟,1
5954,猶得十年吟白,1
5955,得十年吟白雲,1
5956,十年吟白雲性,1
5957,年吟白雲性逸,1
5958,吟白雲性逸且,1
5959,白雲性逸且圖,1
5960,雲性逸且圖稱,1
5961,性逸且圖稱野,1
5962,逸且圖稱野客,1
5963,且圖稱野客才,1
5964,圖稱野客才難,1
5965,稱野客才難非,1
5966,野客才難非敢,1
5967,客才難非敢傲,1
5968,才難非敢傲明,1
5969,難非敢傲明君,1
5970,非敢傲明君清,1
5971,敢傲明君清甜,1
5972,傲明君清甜數,1
5973,明君清甜數尺,1
5974,君清甜數尺沙,1
5975,清甜數尺沙泉,1
5976,甜數尺沙泉井,1
5977,數尺沙泉井平,1
5978,尺沙泉井平與,1
5979,沙泉井平與鄰,1
5980,泉井平與鄰家,1
5981,井平與鄰家晝,1
5982,平與鄰家晝夜,1
5983,與鄰家晝夜分,1
5984,鄰家晝夜分剪,1
5985,家晝夜分剪竹,1
5986,晝夜分剪竹誅,1
5987,夜分剪竹誅茆,1
5988,分剪竹誅茆就,1
5989,剪竹誅茆就水,1
5990,竹誅茆就水濱,1
5991,誅茆就水濱靜,1
5992,茆就水濱靜中,1
5993,就水濱靜中還,1
5994,水濱靜中還得,1
5995,濱靜中還得保,1
5996,靜中還得保天,1
5997,中還得保天真,1
5998,還得保天真只,1
5999,得保天真只聞,1
6000,保天真只聞神,1
6001,天真只聞神鬼,1
6002,真只聞神鬼害,1
6003,只聞神鬼害盈,1
6004,聞神鬼害盈滿,1
6005,神鬼害盈滿不,1
6006,鬼害盈滿不見,1
6007,害盈滿不見古,1
6008,盈滿不見古今,1
6009,滿不見古今爭,1
6010,不見古今爭賤,1
6011,見古今爭賤貧,1
6012,古今爭賤貧樹,1
6013,今爭賤貧樹影,1
6014,爭賤貧樹影便,1
6015,賤貧樹影便為,1
6016,貧樹影便為廊,1
6017,樹影便為廊廡,1
6018,影便為廊廡屋,1
6019,便為廊廡屋草,1
6020,為廊廡屋草香,1
6021,廊廡屋草香權,1
6022,廡屋草香權當,1
6023,屋草香權當綺,1
6024,草香權當綺羅,1
6025,香權當綺羅茵,1
6026,權當綺羅茵階,1
6027,當綺羅茵階前,1
6028,綺羅茵階前一,1
6029,羅茵階前一片,1
6030,茵階前一片泓,1
6031,階前一片泓澄,1
6032,前一片泓澄水,1
6033,一片泓澄水借,1
6034,片泓澄水借與,1
6035,泓澄水借與汀,1
6036,澄水借與汀禽,1
6037,水借與汀禽活,1
6038,借與汀禽活紫,1
6039,與汀禽活紫鱗,1
6040,汀禽活紫鱗耨,1
6041,禽活紫鱗耨水,1
6042,活紫鱗耨水耕,1
6043,紫鱗耨水耕山,1
6044,鱗耨水耕山息,1
6045,耨水耕山息故,1
6046,水耕山息故林,1
6047,耕山息故林壯,1
6048,山息故林壯圖,1
6049,息故林壯圖嘉,1
6050,故林壯圖嘉話,1
6051,林壯圖嘉話負,1
6052,壯圖嘉話負前,1
6053,圖嘉話負前心,1
6054,嘉話負前心素,1
6055,話負前心素絲,1
6056,負前心素絲鬢,1
6057,前心素絲鬢上,1
6058,心素絲鬢上分,1
6059,素絲鬢上分愁,1
6060,絲鬢上分愁色,1
6061,鬢上分愁色絡,1
6062,上分愁色絡緯,1
6063,分愁色絡緯床,1
6064,愁色絡緯床頭,1
6065,色絡緯床頭和,1
6066,絡緯床頭和苦,1
6067,緯床頭和苦吟,1
6068,床頭和苦吟筆,1
6069,頭和苦吟筆研,1
6070,和苦吟筆研不,1
6071,苦吟筆研不才,1
6072,吟筆研不才當,1
6073,筆研不才當付,1
6074,研不才當付火,1
6075,不才當付火方,1
6076,才當付火方書,1
6077,當付火方書多,1
6078,付火方書多誑,1
6079,火方書多誑罷,1
6080,方書多誑罷燒,1
6081,書多誑罷燒金,1
6082,多誑罷燒金同,1
6083,誑罷燒金同年,1
6084,罷燒金同年二,1
6085,燒金同年二十,1
6086,金同年二十八,1
6087,同年二十八君,1
6088,年二十八君子,1
6089,二十八君子游,1
6090,十八君子游楚,1
6091,八君子游楚游,1
6092,君子游楚游秦,1
6093,子游楚游秦斷,1
6094,游楚游秦斷好,1
6095,楚游秦斷好音,1
6096,游秦斷好音鴛,1
6097,秦斷好音鴛瓦,1
6098,斷好音鴛瓦虹,1
6099,好音鴛瓦虹梁,1
6100,音鴛瓦虹梁計,1
6101,鴛瓦虹梁計已,1
6102,瓦虹梁計已疏,1
6103,虹梁計已疏織,1
6104,梁計已疏織茅,1
6105,計已疏織茅編,1
6106,已疏織茅編竹,1
6107,疏織茅編竹稱,1
6108,織茅編竹稱貧,1
6109,茅編竹稱貧居,1
6110,編竹稱貧居剪,1
6111,竹稱貧居剪平,1
6112,稱貧居剪平恰,1
6113,貧居剪平恰似,1
6114,居剪平恰似山,1
6115,剪平恰似山僧,1
6116,平恰似山僧笠,1
6117,恰似山僧笠掃,1
6118,似山僧笠掃靜,1
6119,山僧笠掃靜真,1
6120,僧笠掃靜真同,1
6121,笠掃靜真同道,1
6122,掃靜真同道者,1
6123,靜真同道者廬,1
6124,真同道者廬秋,1
6125,同道者廬秋晚,1
6126,道者廬秋晚捲,1
6127,者廬秋晚捲簾,1
6128,廬秋晚捲簾看,1
6129,秋晚捲簾看過,1
6130,晚捲簾看過雁,1
6131,捲簾看過雁月,1
6132,簾看過雁月明,1
6133,看過雁月明憑,1
6134,過雁月明憑檻,1
6135,雁月明憑檻數,1
6136,月明憑檻數跳,1
6137,明憑檻數跳魚,1
6138,憑檻數跳魚重,1
6139,檻數跳魚重門,1
6140,數跳魚重門公,1
6141,跳魚重門公子,1
6142,魚重門公子應,1
6143,重門公子應相,1
6144,門公子應相笑,1
6145,公子應相笑四,1
6146,子應相笑四壁,1
6147,應相笑四壁風,1
6148,相笑四壁風霜,1
6149,笑四壁風霜老,1
6150,四壁風霜老讀,1
6151,壁風霜老讀書,1
6152,風霜老讀書移,1
6153,霜老讀書移卻,1
6154,老讀書移卻松,1
6155,讀書移卻松筠,1
6156,書移卻松筠致,1
6157,移卻松筠致客,1
6158,卻松筠致客堂,1
6159,松筠致客堂淨,1
6160,筠致客堂淨泥,1
6161,致客堂淨泥環,1
6162,客堂淨泥環堵,1
6163,堂淨泥環堵貯,1
6164,淨泥環堵貯荷,1
6165,泥環堵貯荷香,1
6166,環堵貯荷香衡,1
6167,堵貯荷香衡茅,1
6168,貯荷香衡茅只,1
6169,荷香衡茅只要,1
6170,香衡茅只要免,1
6171,衡茅只要免風,1
6172,茅只要免風雨,1
6173,只要免風雨藻,1
6174,要免風雨藻棁,1
6175,免風雨藻棁不,1
6176,風雨藻棁不須,1
6177,雨藻棁不須高,1
6178,藻棁不須高棟,1
6179,棁不須高棟樑,1
6180,不須高棟樑豐,1
6181,須高棟樑豐蔀,1
6182,高棟樑豐蔀仲,1
6183,棟樑豐蔀仲尼,1
6184,樑豐蔀仲尼明,1
6185,豐蔀仲尼明演,1
6186,蔀仲尼明演易,1
6187,仲尼明演易作,1
6188,尼明演易作歌,1
6189,明演易作歌五,1
6190,演易作歌五子,1
6191,易作歌五子恨,1
6192,作歌五子恨雕,1
6193,歌五子恨雕牆,1
6194,五子恨雕牆燕,1
6195,子恨雕牆燕台,1
6196,恨雕牆燕台漢,1
6197,雕牆燕台漢閣,1
6198,牆燕台漢閣王,1
6199,燕台漢閣王侯,1
6200,台漢閣王侯事,1
6201,漢閣王侯事青,1
6202,閣王侯事青史,1
6203,王侯事青史千,1
6204,侯事青史千年,1
6205,事青史千年播,1
6206,青史千年播耿,1
6207,史千年播耿光,1
6208,千年播耿光寫,1
6209,年播耿光寫得,1
6210,播耿光寫得衰,1
6211,耿光寫得衰容,1
6212,光寫得衰容似,1
6213,寫得衰容似十,1
6214,得衰容似十全,1
6215,衰容似十全閑,1
6216,容似十全閑開,1
6217,似十全閑開僧,1
6218,十全閑開僧舍,1
6219,全閑開僧舍靜,1
6220,閑開僧舍靜時,1
6221,開僧舍靜時懸,1
6222,僧舍靜時懸瘦,1
6223,舍靜時懸瘦于,1
6224,靜時懸瘦于南,1
6225,時懸瘦于南國,1
6226,懸瘦于南國從,1
6227,瘦于南國從軍,1
6228,于南國從軍日,1
6229,南國從軍日老,1
6230,國從軍日老卻,1
6231,從軍日老卻東,1
6232,軍日老卻東堂,1
6233,日老卻東堂射,1
6234,老卻東堂射策,1
6235,卻東堂射策年,1
6236,東堂射策年潭,1
6237,堂射策年潭底,1
6238,射策年潭底看,1
6239,策年潭底看身,1
6240,年潭底看身寧,1
6241,潭底看身寧有,1
6242,底看身寧有異,1
6243,看身寧有異鏡,1
6244,身寧有異鏡中,1
6245,寧有異鏡中引,1
6246,有異鏡中引影,1
6247,異鏡中引影更,1
6248,鏡中引影更無,1
6249,中引影更無偏,1
6250,引影更無偏借,1
6251,影更無偏借將,1
6252,更無偏借將前,1
6253,無偏借將前輩,1
6254,偏借將前輩真,1
6255,借將前輩真儀,1
6256,將前輩真儀比,1
6257,前輩真儀比未,1
6258,輩真儀比未愧,1
6259,真儀比未愧金,1
6260,儀比未愧金鑾,1
6261,比未愧金鑾李,1
6262,未愧金鑾李謫,1
6263,愧金鑾李謫仙,1
6264,金鑾李謫仙喧,1
6265,鑾李謫仙喧喧,1
6266,李謫仙喧喧車,1
6267,謫仙喧喧車馬,1
6268,仙喧喧車馬欲,1
6269,喧喧車馬欲朝,1
6270,喧車馬欲朝天,1
6271,車馬欲朝天人,1
6272,馬欲朝天人探,1
6273,欲朝天人探東,1
6274,朝天人探東堂,1
6275,天人探東堂榜,1
6276,人探東堂榜已,1
6277,探東堂榜已懸,1
6278,東堂榜已懸萬,1
6279,堂榜已懸萬里,1
6280,榜已懸萬里便,1
6281,已懸萬里便隨,1
6282,懸萬里便隨金,1
6283,萬里便隨金鸑,1
6284,里便隨金鸑鷟,1
6285,便隨金鸑鷟三,1
6286,隨金鸑鷟三台,1
6287,金鸑鷟三台仍,1
6288,鸑鷟三台仍借,1
6289,鷟三台仍借玉,1
6290,三台仍借玉連,1
6291,台仍借玉連錢,1
6292,仍借玉連錢花,1
6293,借玉連錢花浮,1
6294,玉連錢花浮酒,1
6295,連錢花浮酒影,1
6296,錢花浮酒影彤,1
6297,花浮酒影彤霞,1
6298,浮酒影彤霞爛,1
6299,酒影彤霞爛日,1
6300,影彤霞爛日照,1
6301,彤霞爛日照衫,1
6302,霞爛日照衫光,1
6303,爛日照衫光瑞,1
6304,日照衫光瑞色,1
6305,照衫光瑞色鮮,1
6306,衫光瑞色鮮十,1
6307,光瑞色鮮十二,1
6308,瑞色鮮十二街,1
6309,色鮮十二街前,1
6310,鮮十二街前樓,1
6311,十二街前樓閣,1
6312,二街前樓閣上,1
6313,街前樓閣上捲,1
6314,前樓閣上捲簾,1
6315,樓閣上捲簾誰,1
6316,閣上捲簾誰不,1
6317,上捲簾誰不看,1
6318,捲簾誰不看神,1
6319,簾誰不看神仙,1
6320,誰不看神仙鷦,1
6321,不看神仙鷦鷯,1
6322,看神仙鷦鷯驚,1
6323,神仙鷦鷯驚與,1
6324,仙鷦鷯驚與鳳,1
6325,鷦鷯驚與鳳凰,1
6326,鷯驚與鳳凰同,1
6327,驚與鳳凰同忽,1
6328,與鳳凰同忽向,1
6329,鳳凰同忽向中,1
6330,凰同忽向中興,1
6331,同忽向中興遇,1
6332,忽向中興遇至,1
6333,向中興遇至公,1
6334,中興遇至公金,1
6335,興遇至公金榜,1
6336,遇至公金榜連,1
6337,至公金榜連名,1
6338,公金榜連名升,1
6339,金榜連名升碧,1
6340,榜連名升碧落,1
6341,連名升碧落紫,1
6342,名升碧落紫花,1
6343,升碧落紫花封,1
6344,碧落紫花封敕,1
6345,落紫花封敕出,1
6346,紫花封敕出瓊,1
6347,花封敕出瓊宮,1
6348,封敕出瓊宮天,1
6349,敕出瓊宮天知,1
6350,出瓊宮天知惜,1
6351,瓊宮天知惜日,1
6352,宮天知惜日遲,1
6353,天知惜日遲遲,1
6354,知惜日遲遲暮,1
6355,惜日遲遲暮春,1
6356,日遲遲暮春為,1
6357,遲遲暮春為催,1
6358,遲暮春為催花,1
6359,暮春為催花旋,1
6360,春為催花旋旋,1
6361,為催花旋旋紅,1
6362,催花旋旋紅好,1
6363,花旋旋紅好是,1
6364,旋旋紅好是慈,1
6365,旋紅好是慈恩,1
6366,紅好是慈恩題,1
6367,好是慈恩題瞭,1
6368,是慈恩題瞭望,1
6369,慈恩題瞭望白,1
6370,恩題瞭望白雲,1
6371,題瞭望白雲飛,1
6372,瞭望白雲飛盡,1
6373,望白雲飛盡塔,1
6374,白雲飛盡塔連,1
6375,雲飛盡塔連空,1
6376,飛盡塔連空折,1
6377,盡塔連空折桂,1
6378,塔連空折桂何,1
6379,連空折桂何年,1
6380,空折桂何年下,1
6381,折桂何年下月,1
6382,桂何年下月中,1
6383,何年下月中閩,1
6384,年下月中閩山,1
6385,下月中閩山來,1
6386,月中閩山來問,1
6387,中閩山來問我,1
6388,閩山來問我雕,1
6389,山來問我雕蟲,1
6390,來問我雕蟲肯,1
6391,問我雕蟲肯銷,1
6392,我雕蟲肯銷金,1
6393,雕蟲肯銷金翠,1
6394,蟲肯銷金翠書,1
6395,肯銷金翠書屏,1
6396,銷金翠書屏上,1
6397,金翠書屏上誰,1
6398,翠書屏上誰把,1
6399,書屏上誰把芻,1
6400,屏上誰把芻蕘,1
6401,上誰把芻蕘過,1
6402,誰把芻蕘過日,1
6403,把芻蕘過日東,1
6404,芻蕘過日東郯,1
6405,蕘過日東郯子,1
6406,過日東郯子昔,1
6407,日東郯子昔時,1
6408,東郯子昔時遭,1
6409,郯子昔時遭孔,1
6410,子昔時遭孔聖,1
6411,昔時遭孔聖繇,1
6412,時遭孔聖繇餘,1
6413,遭孔聖繇餘往,1
6414,孔聖繇餘往代,1
6415,聖繇餘往代諷,1
6416,繇餘往代諷秦,1
6417,餘往代諷秦宮,1
6418,往代諷秦宮嗟,1
6419,代諷秦宮嗟嗟,1
6420,諷秦宮嗟嗟大,1
6421,秦宮嗟嗟大國,1
6422,宮嗟嗟大國金,1
6423,嗟嗟大國金門,1
6424,嗟大國金門士,1
6425,大國金門士幾,1
6426,國金門士幾個,1
6427,金門士幾個人,1
6428,門士幾個人能,1
6429,士幾個人能振,1
6430,幾個人能振素,1
6431,個人能振素風,1
6432,人能振素風千,1
6433,能振素風千卷,1
6434,振素風千卷長,1
6435,素風千卷長書,1
6436,風千卷長書萬,1
6437,千卷長書萬首,1
6438,卷長書萬首詩,1
6439,長書萬首詩朝,1
6440,書萬首詩朝蒸,1
6441,萬首詩朝蒸藜,1
6442,首詩朝蒸藜藿,1
6443,詩朝蒸藜藿暮,1
6444,朝蒸藜藿暮烹,1
6445,蒸藜藿暮烹葵,1
6446,藜藿暮烹葵清,1
6447,藿暮烹葵清時,1
6448,暮烹葵清時名,1
6449,烹葵清時名立,1
6450,葵清時名立難,1
6451,清時名立難皆,1
6452,時名立難皆我,1
6453,名立難皆我晚,1
6454,立難皆我晚歲,1
6455,難皆我晚歲途,1
6456,皆我晚歲途窮,1
6457,我晚歲途窮亦,1
6458,晚歲途窮亦問,1
6459,歲途窮亦問誰,1
6460,途窮亦問誰碧,1
6461,窮亦問誰碧岸,1
6462,亦問誰碧岸釣,1
6463,問誰碧岸釣歸,1
6464,誰碧岸釣歸惟,1
6465,碧岸釣歸惟獨,1
6466,岸釣歸惟獨笑,1
6467,釣歸惟獨笑青,1
6468,歸惟獨笑青山,1
6469,惟獨笑青山耕,1
6470,獨笑青山耕遍,1
6471,笑青山耕遍亦,1
6472,青山耕遍亦何,1
6473,山耕遍亦何為,1
6474,耕遍亦何為尋,1
6475,遍亦何為尋常,1
6476,亦何為尋常抖,1
6477,何為尋常抖擻,1
6478,為尋常抖擻懷,1
6479,尋常抖擻懷中,1
6480,常抖擻懷中策,1
6481,抖擻懷中策可,1
6482,擻懷中策可便,1
6483,懷中策可便降,1
6484,中策可便降他,1
6485,策可便降他兩,1
6486,可便降他兩鬢,1
6487,便降他兩鬢絲,1
6488,降他兩鬢絲產,1
6489,他兩鬢絲產破,1
6490,兩鬢絲產破身,1
6491,鬢絲產破身窮,1
6492,絲產破身窮為,1
6493,產破身窮為學,1
6494,破身窮為學儒,1
6495,身窮為學儒我,1
6496,窮為學儒我家,1
6497,為學儒我家諸,1
6498,學儒我家諸表,1
6499,儒我家諸表愛,1
6500,我家諸表愛詩,1
6501,家諸表愛詩書,1
6502,諸表愛詩書嚴,1
6503,表愛詩書嚴陵,1
6504,愛詩書嚴陵雖,1
6505,詩書嚴陵雖說,1
6506,書嚴陵雖說臨,1
6507,嚴陵雖說臨溪,1
6508,陵雖說臨溪隱,1
6509,雖說臨溪隱晏,1
6510,說臨溪隱晏子,1
6511,臨溪隱晏子還,1
6512,溪隱晏子還聞,1
6513,隱晏子還聞近,1
6514,晏子還聞近市,1
6515,子還聞近市居,1
6516,還聞近市居佳,1
6517,聞近市居佳句,1
6518,近市居佳句麗,1
6519,市居佳句麗偷,1
6520,居佳句麗偷紅,1
6521,佳句麗偷紅菡,1
6522,句麗偷紅菡萏,1
6523,麗偷紅菡萏吟,1
6524,偷紅菡萏吟窗,1
6525,紅菡萏吟窗冷,1
6526,菡萏吟窗冷落,1
6527,萏吟窗冷落白,1
6528,吟窗冷落白蟾,1
6529,窗冷落白蟾蜍,1
6530,冷落白蟾蜍閑,1
6531,落白蟾蜍閑來,1
6532,白蟾蜍閑來共,1
6533,蟾蜍閑來共話,1
6534,蜍閑來共話無,1
6535,閑來共話無生,1
6536,來共話無生理,1
6537,共話無生理今,1
6538,話無生理今古,1
6539,無生理今古悠,1
6540,生理今古悠悠,1
6541,理今古悠悠事,1
6542,今古悠悠事總,1
6543,古悠悠事總虛,1
6544,悠悠事總虛封,1
6545,悠事總虛封章,1
6546,事總虛封章頻,1
6547,總虛封章頻得,1
6548,虛封章頻得帝,1
6549,封章頻得帝咨,1
6550,章頻得帝咨嗟,1
6551,頻得帝咨嗟報,1
6552,得帝咨嗟報國,1
6553,帝咨嗟報國唯,1
6554,咨嗟報國唯將,1
6555,嗟報國唯將直,1
6556,報國唯將直破,1
6557,國唯將直破邪,1
6558,唯將直破邪身,1
6559,將直破邪身到,1
6560,直破邪身到西,1
6561,破邪身到西山,1
6562,邪身到西山書,1
6563,身到西山書幾,1
6564,到西山書幾達,1
6565,西山書幾達官,1
6566,山書幾達官登,1
6567,書幾達官登南,1
6568,幾達官登南省,1
6569,達官登南省鬢,1
6570,官登南省鬢初,1
6571,登南省鬢初華,1
6572,南省鬢初華廚,1
6573,省鬢初華廚非,1
6574,鬢初華廚非寒,1
6575,初華廚非寒食,1
6576,華廚非寒食還,1
6577,廚非寒食還無,1
6578,非寒食還無火,1
6579,寒食還無火菊,1
6580,食還無火菊待,1
6581,還無火菊待重,1
6582,無火菊待重陽,1
6583,火菊待重陽擬,1
6584,菊待重陽擬泛,1
6585,待重陽擬泛茶,1
6586,重陽擬泛茶內,1
6587,陽擬泛茶內翰,1
6588,擬泛茶內翰好,1
6589,泛茶內翰好才,1
6590,茶內翰好才兼,1
6591,內翰好才兼好,1
6592,翰好才兼好古,1
6593,好才兼好古秋,1
6594,才兼好古秋來,1
6595,兼好古秋來應,1
6596,好古秋來應數,1
6597,古秋來應數到,1
6598,秋來應數到君,1
6599,來應數到君家,1
6600,應數到君家出,1
6601,數到君家出水,1
6602,到君家出水蓮,1
6603,君家出水蓮花,1
6604,家出水蓮花比,1
6605,出水蓮花比性,1
6606,水蓮花比性靈,1
6607,蓮花比性靈三,1
6608,花比性靈三生,1
6609,比性靈三生塵,1
6610,性靈三生塵夢,1
6611,靈三生塵夢一,1
6612,三生塵夢一時,1
6613,生塵夢一時醒,1
6614,塵夢一時醒神,1
6615,夢一時醒神傳,1
6616,一時醒神傳尊,1
6617,時醒神傳尊勝,1
6618,醒神傳尊勝陀,1
6619,神傳尊勝陀羅,1
6620,傳尊勝陀羅咒,1
6621,尊勝陀羅咒佛,1
6622,勝陀羅咒佛授,1
6623,陀羅咒佛授金,1
6624,羅咒佛授金剛,1
6625,咒佛授金剛般,1
6626,佛授金剛般若,1
6627,授金剛般若經,1
6628,金剛般若經懿,1
6629,剛般若經懿德,1
6630,般若經懿德好,1
6631,若經懿德好書,1
6632,經懿德好書添,1
6633,懿德好書添女,1
6634,德好書添女誡,1
6635,好書添女誡素,1
6636,書添女誡素容,1
6637,添女誡素容堪,1
6638,女誡素容堪畫,1
6639,誡素容堪畫上,1
6640,素容堪畫上銀,1
6641,容堪畫上銀屏,1
6642,堪畫上銀屏鳴,1
6643,畫上銀屏鳴梭,1
6644,上銀屏鳴梭軋,1
6645,銀屏鳴梭軋軋,1
6646,屏鳴梭軋軋纖,1
6647,鳴梭軋軋纖纖,1
6648,梭軋軋纖纖手,1
6649,軋軋纖纖手窗,1
6650,軋纖纖手窗戶,1
6651,纖纖手窗戶流,1
6652,纖手窗戶流光,1
6653,手窗戶流光織,1
6654,窗戶流光織女,1
6655,戶流光織女星,1
6656,流光織女星丹,1
6657,光織女星丹桂,1
6658,織女星丹桂攀,1
6659,女星丹桂攀來,1
6660,星丹桂攀來十,1
6661,丹桂攀來十七,1
6662,桂攀來十七春,1
6663,攀來十七春如,1
6664,來十七春如今,1
6665,十七春如今始,1
6666,七春如今始見,1
6667,春如今始見茜,1
6668,如今始見茜袍,1
6669,今始見茜袍新,1
6670,始見茜袍新須,1
6671,見茜袍新須知,1
6672,茜袍新須知紅,1
6673,袍新須知紅杏,1
6674,新須知紅杏園,1
6675,須知紅杏園中,1
6676,知紅杏園中客,1
6677,紅杏園中客終,1
6678,杏園中客終作,1
6679,園中客終作金,1
6680,中客終作金鑾,1
6681,客終作金鑾殿,1
6682,終作金鑾殿裏,1
6683,作金鑾殿裏臣,1
6684,金鑾殿裏臣逸,1
6685,鑾殿裏臣逸少,1
6686,殿裏臣逸少家,1
6687,裏臣逸少家風,1
6688,臣逸少家風惟,1
6689,逸少家風惟筆,1
6690,少家風惟筆劄,1
6691,家風惟筆劄玄,1
6692,風惟筆劄玄成,1
6693,惟筆劄玄成世,1
6694,筆劄玄成世業,1
6695,劄玄成世業是,1
6696,玄成世業是陶,1
6697,成世業是陶鈞,1
6698,世業是陶鈞他,1
6699,業是陶鈞他時,1
6700,是陶鈞他時黃,1
6701,陶鈞他時黃閣,1
6702,鈞他時黃閣朝,1
6703,他時黃閣朝元,1
6704,時黃閣朝元處,1
6705,黃閣朝元處莫,1
6706,閣朝元處莫忘,1
6707,朝元處莫忘同,1
6708,元處莫忘同年,1
6709,處莫忘同年射,1
6710,莫忘同年射策,1
6711,忘同年射策人,1
6712,同年射策人藻,1
6713,年射策人藻麗,1
6714,射策人藻麗熒,1
6715,策人藻麗熒煌,1
6716,人藻麗熒煌冠,1
6717,藻麗熒煌冠士,1
6718,麗熒煌冠士林,1
6719,熒煌冠士林白,1
6720,煌冠士林白華,1
6721,冠士林白華榮,1
6722,士林白華榮養,1
6723,林白華榮養有,1
6724,白華榮養有曾,1
6725,華榮養有曾參,1
6726,榮養有曾參十,1
6727,養有曾參十年,1
6728,有曾參十年去,1
6729,曾參十年去裏,1
6730,參十年去裏荊,1
6731,十年去裏荊門,1
6732,年去裏荊門改,1
6733,去裏荊門改八,1
6734,裏荊門改八歲,1
6735,荊門改八歲能,1
6736,門改八歲能詩,1
6737,改八歲能詩相,1
6738,八歲能詩相座,1
6739,歲能詩相座吟,1
6740,能詩相座吟李,1
6741,詩相座吟李廣,1
6742,相座吟李廣不,1
6743,座吟李廣不侯,1
6744,吟李廣不侯身,1
6745,李廣不侯身漸,1
6746,廣不侯身漸老,1
6747,不侯身漸老子,1
6748,侯身漸老子山,1
6749,身漸老子山操,1
6750,漸老子山操賦,1
6751,老子山操賦恨,1
6752,子山操賦恨何,1
6753,山操賦恨何深,1
6754,操賦恨何深釣,1
6755,賦恨何深釣魚,1
6756,恨何深釣魚臺,1
6757,何深釣魚臺上,1
6758,深釣魚臺上頻,1
6759,釣魚臺上頻相,1
6760,魚臺上頻相訪,1
6761,臺上頻相訪共,1
6762,上頻相訪共說,1
6763,頻相訪共說長,1
6764,相訪共說長安,1
6765,訪共說長安淚,1
6766,共說長安淚滿,1
6767,說長安淚滿襟,1
6768,長安淚滿襟馭,1
6769,安淚滿襟馭得,1
6770,淚滿襟馭得驪,1
6771,滿襟馭得驪龍,1
6772,襟馭得驪龍第,1
6773,馭得驪龍第四,1
6774,得驪龍第四珠,1
6775,驪龍第四珠退,1
6776,龍第四珠退依,1
6777,第四珠退依僧,1
6778,四珠退依僧寺,1
6779,珠退依僧寺卜,1
6780,退依僧寺卜貧,1
6781,依僧寺卜貧居,1
6782,僧寺卜貧居青,1
6783,寺卜貧居青山,1
6784,卜貧居青山入,1
6785,貧居青山入眼,1
6786,居青山入眼不,1
6787,青山入眼不幹,1
6788,山入眼不幹祿,1
6789,入眼不幹祿白,1
6790,眼不幹祿白髮,1
6791,不幹祿白髮滿,1
6792,幹祿白髮滿頭,1
6793,祿白髮滿頭猶,1
6794,白髮滿頭猶著,1
6795,髮滿頭猶著書,1
6796,滿頭猶著書東,1
6797,頭猶著書東澗,1
6798,猶著書東澗野,1
6799,著書東澗野香,1
6800,書東澗野香添,1
6801,東澗野香添碧,1
6802,澗野香添碧沼,1
6803,野香添碧沼南,1
6804,香添碧沼南園,1
6805,添碧沼南園夜,1
6806,碧沼南園夜雨,1
6807,沼南園夜雨長,1
6808,南園夜雨長秋,1
6809,園夜雨長秋蔬,1
6810,夜雨長秋蔬月,1
6811,雨長秋蔬月明,1
6812,長秋蔬月明掃,1
6813,秋蔬月明掃石,1
6814,蔬月明掃石吟,1
6815,月明掃石吟詩,1
6816,明掃石吟詩坐,1
6817,掃石吟詩坐諱,1
6818,石吟詩坐諱卻,1
6819,吟詩坐諱卻全,1
6820,詩坐諱卻全無,1
6821,坐諱卻全無儋,1
6822,諱卻全無儋石,1
6823,卻全無儋石儲,1
6824,全無儋石儲明,1
6825,無儋石儲明公,1
6826,儋石儲明公家,1
6827,石儲明公家鑿,1
6828,儲明公家鑿鳳,1
6829,明公家鑿鳳凰,1
6830,公家鑿鳳凰池,1
6831,家鑿鳳凰池弱,1
6832,鑿鳳凰池弱冠,1
6833,鳳凰池弱冠封,1
6834,凰池弱冠封侯,1
6835,池弱冠封侯四,1
6836,弱冠封侯四海,1
6837,冠封侯四海推,1
6838,封侯四海推富,1
6839,侯四海推富貴,1
6840,四海推富貴有,1
6841,海推富貴有期,1
6842,推富貴有期天,1
6843,富貴有期天授,1
6844,貴有期天授早,1
6845,有期天授早關,1
6846,期天授早關河,1
6847,天授早關河多,1
6848,授早關河多難,1
6849,早關河多難敕,1
6850,關河多難敕來,1
6851,河多難敕來遲,1
6852,多難敕來遲昴,1
6853,難敕來遲昴星,1
6854,敕來遲昴星人,1
6855,來遲昴星人傑,1
6856,遲昴星人傑當,1
6857,昴星人傑當王,1
6858,星人傑當王佐,1
6859,人傑當王佐黃,1
6860,傑當王佐黃石,1
6861,當王佐黃石仙,1
6862,王佐黃石仙翁,1
6863,佐黃石仙翁識,1
6864,黃石仙翁識帝,1
6865,石仙翁識帝師,1
6866,仙翁識帝師昨,1
6867,翁識帝師昨日,1
6868,識帝師昨日詔,1
6869,帝師昨日詔書,1
6870,師昨日詔書猶,1
6871,昨日詔書猶漏,1
6872,日詔書猶漏缺,1
6873,詔書猶漏缺未,1
6874,書猶漏缺未言,1
6875,猶漏缺未言商,1
6876,漏缺未言商也,1
6877,缺未言商也最,1
6878,未言商也最能,1
6879,言商也最能詩,1
6880,商也最能詩東,1
6881,也最能詩東郊,1
6882,最能詩東郊迎,1
6883,能詩東郊迎入,1
6884,詩東郊迎入紫,1
6885,東郊迎入紫泥,1
6886,郊迎入紫泥封,1
6887,迎入紫泥封此,1
6888,入紫泥封此日,1
6889,紫泥封此日天,1
6890,泥封此日天仙,1
6891,封此日天仙下,1
6892,此日天仙下九,1
6893,日天仙下九重,1
6894,天仙下九重三,1
6895,仙下九重三五,1
6896,下九重三五月,1
6897,九重三五月明,1
6898,重三五月明臨,1
6899,三五月明臨闞,1
6900,五月明臨闞澤,1
6901,月明臨闞澤百,1
6902,明臨闞澤百千,1
6903,臨闞澤百千人,1
6904,闞澤百千人眾,1
6905,澤百千人眾看,1
6906,百千人眾看王,1
6907,千人眾看王恭,1
6908,人眾看王恭旗,1
6909,眾看王恭旗傍,1
6910,看王恭旗傍綠,1
6911,王恭旗傍綠樹,1
6912,恭旗傍綠樹遙,1
6913,旗傍綠樹遙分,1
6914,傍綠樹遙分影,1
6915,綠樹遙分影馬,1
6916,樹遙分影馬蹋,1
6917,遙分影馬蹋浮,1
6918,分影馬蹋浮雲,1
6919,影馬蹋浮雲不,1
6920,馬蹋浮雲不見,1
6921,蹋浮雲不見蹤,1
6922,浮雲不見蹤借,1
6923,雲不見蹤借問,1
6924,不見蹤借問乘,1
6925,見蹤借問乘軺,1
6926,蹤借問乘軺何,1
6927,借問乘軺何處,1
6928,問乘軺何處客,1
6929,乘軺何處客相,1
6930,軺何處客相庭,1
6931,何處客相庭雄,1
6932,處客相庭雄幕,1
6933,客相庭雄幕卷,1
6934,相庭雄幕卷芙,1
6935,庭雄幕卷芙蓉,1
6936,雄幕卷芙蓉熊,1
6937,幕卷芙蓉熊羆,1
6938,卷芙蓉熊羆先,1
6939,芙蓉熊羆先兆,1
6940,蓉熊羆先兆慶,1
6941,熊羆先兆慶垂,1
6942,羆先兆慶垂休,1
6943,先兆慶垂休天,1
6944,兆慶垂休天地,1
6945,慶垂休天地氤,1
6946,垂休天地氤氳,1
6947,休天地氤氳瑞,1
6948,天地氤氳瑞氣,1
6949,地氤氳瑞氣浮,1
6950,氤氳瑞氣浮李,1
6951,氳瑞氣浮李樹,1
6952,瑞氣浮李樹影,1
6953,氣浮李樹影籠,1
6954,浮李樹影籠周,1
6955,李樹影籠周柱,1
6956,樹影籠周柱史,1
6957,影籠周柱史昴,1
6958,籠周柱史昴星,1
6959,周柱史昴星光,1
6960,柱史昴星光照,1
6961,史昴星光照漢,1
6962,昴星光照漢酂,1
6963,星光照漢酂侯,1
6964,光照漢酂侯數,1
6965,照漢酂侯數鐘,1
6966,漢酂侯數鐘龜,1
6967,酂侯數鐘龜鶴,1
6968,侯數鐘龜鶴千,1
6969,數鐘龜鶴千年,1
6970,鐘龜鶴千年算,1
6971,龜鶴千年算律,1
6972,鶴千年算律正,1
6973,千年算律正乾,1
6974,年算律正乾坤,1
6975,算律正乾坤八,1
6976,律正乾坤八月,1
6977,正乾坤八月秋,1
6978,乾坤八月秋勳,1
6979,坤八月秋勳業,1
6980,八月秋勳業定,1
6981,月秋勳業定應,1
6982,秋勳業定應歸,1
6983,勳業定應歸鼎,1
6984,業定應歸鼎鼐,1
6985,定應歸鼎鼐生,1
6986,應歸鼎鼐生靈,1
6987,歸鼎鼐生靈豈,1
6988,鼎鼐生靈豈獨,1
6989,鼐生靈豈獨化,1
6990,生靈豈獨化東,1
6991,靈豈獨化東甌,1
6992,豈獨化東甌窗,1
6993,獨化東甌窗開,1
6994,化東甌窗開青,1
6995,東甌窗開青瑣,1
6996,甌窗開青瑣見,1
6997,窗開青瑣見瑤,1
6998,開青瑣見瑤台,1
6999,青瑣見瑤台冷,1
7000,瑣見瑤台冷拂,1
7001,見瑤台冷拂星,1
7002,瑤台冷拂星辰,1
7003,台冷拂星辰逼,1
7004,冷拂星辰逼上,1
7005,拂星辰逼上臺,1
7006,星辰逼上臺丹,1
7007,辰逼上臺丹鳳,1
7008,逼上臺丹鳳詔,1
7009,上臺丹鳳詔成,1
7010,臺丹鳳詔成中,1
7011,丹鳳詔成中使,1
7012,鳳詔成中使取,1
7013,詔成中使取白,1
7014,成中使取白龍,1
7015,中使取白龍香,1
7016,使取白龍香近,1
7017,取白龍香近聖,1
7018,白龍香近聖君,1
7019,龍香近聖君來,1
7020,香近聖君來欲,1
7021,近聖君來欲言,1
7022,聖君來欲言溫,1
7023,君來欲言溫署,1
7024,來欲言溫署三,1
7025,欲言溫署三緘,1
7026,言溫署三緘口,1
7027,溫署三緘口閑,1
7028,署三緘口閑賦,1
7029,三緘口閑賦宮,1
7030,緘口閑賦宮詞,1
7031,口閑賦宮詞八,1
7032,閑賦宮詞八鬥,1
7033,賦宮詞八鬥才,1
7034,宮詞八鬥才莫,1
7035,詞八鬥才莫擬,1
7036,八鬥才莫擬吟,1
7037,鬥才莫擬吟雲,1
7038,才莫擬吟雲避,1
7039,莫擬吟雲避榮,1
7040,擬吟雲避榮貴,1
7041,吟雲避榮貴廟,1
7042,雲避榮貴廟堂,1
7043,避榮貴廟堂玉,1
7044,榮貴廟堂玉鉉,1
7045,貴廟堂玉鉉待,1
7046,廟堂玉鉉待鹽,1
7047,堂玉鉉待鹽梅,1
7048,玉鉉待鹽梅懷,1
7049,鉉待鹽梅懷君,1
7050,待鹽梅懷君何,1
7051,鹽梅懷君何計,1
7052,梅懷君何計更,1
7053,懷君何計更留,1
7054,君何計更留連,1
7055,何計更留連忍,1
7056,計更留連忍送,1
7057,更留連忍送文,1
7058,留連忍送文星,1
7059,連忍送文星上,1
7060,忍送文星上碧,1
7061,送文星上碧天,1
7062,文星上碧天杜,1
7063,星上碧天杜預,1
7064,上碧天杜預注,1
7065,碧天杜預注通,1
7066,天杜預注通三,1
7067,杜預注通三十,1
7068,預注通三十卷,1
7069,注通三十卷漢,1
7070,通三十卷漢皇,1
7071,三十卷漢皇枝,1
7072,十卷漢皇枝紹,1
7073,卷漢皇枝紹幾,1
7074,漢皇枝紹幾千,1
7075,皇枝紹幾千年,1
7076,枝紹幾千年言,1
7077,紹幾千年言端,1
7078,幾千年言端信,1
7079,千年言端信義,1
7080,年言端信義如,1
7081,言端信義如明,1
7082,端信義如明月,1
7083,信義如明月筆,1
7084,義如明月筆下,1
7085,如明月筆下篇,1
7086,明月筆下篇章,1
7087,月筆下篇章似,1
7088,筆下篇章似湧,1
7089,下篇章似湧泉,1
7090,篇章似湧泉他,1
7091,章似湧泉他日,1
7092,似湧泉他日有,1
7093,湧泉他日有書,1
7094,泉他日有書隨,1
7095,他日有書隨雁,1
7096,日有書隨雁足,1
7097,有書隨雁足東,1
7098,書隨雁足東溪,1
7099,隨雁足東溪無,1
7100,雁足東溪無令,1
7101,足東溪無令訪,1
7102,東溪無令訪漁,1
7103,溪無令訪漁船,1
7104,無令訪漁船紫,1
7105,令訪漁船紫殿,1
7106,訪漁船紫殿諫,1
7107,漁船紫殿諫多,1
7108,船紫殿諫多防,1
7109,紫殿諫多防佞,1
7110,殿諫多防佞口,1
7111,諫多防佞口清,1
7112,多防佞口清秋,1
7113,防佞口清秋假,1
7114,佞口清秋假滿,1
7115,口清秋假滿別,1
7116,清秋假滿別明,1
7117,秋假滿別明君,1
7118,假滿別明君惟,1
7119,滿別明君惟憂,1
7120,別明君惟憂急,1
7121,明君惟憂急詔,1
7122,君惟憂急詔歸,1
7123,惟憂急詔歸青,1
7124,憂急詔歸青瑣,1
7125,急詔歸青瑣不,1
7126,詔歸青瑣不得,1
7127,歸青瑣不得經,1
7128,青瑣不得經時,1
7129,瑣不得經時臥,1
7130,不得經時臥白,1
7131,得經時臥白雲,1
7132,經時臥白雲千,1
7133,時臥白雲千載,1
7134,臥白雲千載茯,1
7135,白雲千載茯苓,1
7136,雲千載茯苓攜,1
7137,千載茯苓攜鶴,1
7138,載茯苓攜鶴劚,1
7139,茯苓攜鶴劚一,1
7140,苓攜鶴劚一峰,1
7141,攜鶴劚一峰仙,1
7142,鶴劚一峰仙掌,1
7143,劚一峰仙掌與,1
7144,一峰仙掌與僧,1
7145,峰仙掌與僧分,1
7146,仙掌與僧分門,1
7147,掌與僧分門前,1
7148,與僧分門前舊,1
7149,僧分門前舊客,1
7150,分門前舊客期,1
7151,門前舊客期相,1
7152,前舊客期相薦,1
7153,舊客期相薦猶,1
7154,客期相薦猶望,1
7155,期相薦猶望飛,1
7156,相薦猶望飛書,1
7157,薦猶望飛書及,1
7158,猶望飛書及主,1
7159,望飛書及主文,1
7160,飛書及主文貧,1
7161,書及主文貧中,1
7162,及主文貧中惟,1
7163,主文貧中惟是,1
7164,文貧中惟是長,1
7165,貧中惟是長年,1
7166,中惟是長年華,1
7167,惟是長年華每,1
7168,是長年華每羨,1
7169,長年華每羨君,1
7170,年華每羨君行,1
7171,華每羨君行自,1
7172,每羨君行自歎,1
7173,羨君行自歎嗟,1
7174,君行自歎嗟歸,1
7175,行自歎嗟歸日,1
7176,自歎嗟歸日捧,1
7177,歎嗟歸日捧持,1
7178,嗟歸日捧持明,1
7179,歸日捧持明月,1
7180,日捧持明月寶,1
7181,捧持明月寶去,1
7182,持明月寶去時,1
7183,明月寶去時期,1
7184,月寶去時期刻,1
7185,寶去時期刻刺,1
7186,去時期刻刺桐,1
7187,時期刻刺桐花,1
7188,期刻刺桐花春,1
7189,刻刺桐花春風,1
7190,刺桐花春風避,1
7191,桐花春風避酒,1
7192,花春風避酒多,1
7193,春風避酒多遊,1
7194,風避酒多遊寺,1
7195,避酒多遊寺曉,1
7196,酒多遊寺曉騎,1
7197,多遊寺曉騎聽,1
7198,遊寺曉騎聽雞,1
7199,寺曉騎聽雞早,1
7200,曉騎聽雞早入,1
7201,騎聽雞早入衙,1
7202,聽雞早入衙千,1
7203,雞早入衙千乘,1
7204,早入衙千乘侯,1
7205,入衙千乘侯王,1
7206,衙千乘侯王若,1
7207,千乘侯王若相,1
7208,乘侯王若相問,1
7209,侯王若相問飛,1
7210,王若相問飛書,1
7211,若相問飛書與,1
7212,相問飛書與報,1
7213,問飛書與報白,1
7214,飛書與報白雲,1
7215,書與報白雲家,1
7216,與報白雲家骨,1
7217,報白雲家骨鯁,1
7218,白雲家骨鯁如,1
7219,雲家骨鯁如君,1
7220,家骨鯁如君道,1
7221,骨鯁如君道尚,1
7222,鯁如君道尚存,1
7223,如君道尚存近,1
7224,君道尚存近來,1
7225,道尚存近來人,1
7226,尚存近來人事,1
7227,存近來人事不,1
7228,近來人事不須,1
7229,來人事不須論,1
7230,人事不須論疾,1
7231,事不須論疾危,1
7232,不須論疾危必,1
7233,須論疾危必厭,1
7234,論疾危必厭神,1
7235,疾危必厭神明,1
7236,危必厭神明藥,1
7237,必厭神明藥心,1
7238,厭神明藥心惑,1
7239,神明藥心惑多,1
7240,明藥心惑多嫌,1
7241,藥心惑多嫌正,1
7242,心惑多嫌正直,1
7243,惑多嫌正直言,1
7244,多嫌正直言冷,1
7245,嫌正直言冷眼,1
7246,正直言冷眼靜,1
7247,直言冷眼靜看,1
7248,言冷眼靜看真,1
7249,冷眼靜看真好,1
7250,眼靜看真好笑,1
7251,靜看真好笑傾,1
7252,看真好笑傾懷,1
7253,真好笑傾懷與,1
7254,好笑傾懷與說,1
7255,笑傾懷與說卻,1
7256,傾懷與說卻為,1
7257,懷與說卻為冤,1
7258,與說卻為冤因,1
7259,說卻為冤因思,1
7260,卻為冤因思周,1
7261,為冤因思周廟,1
7262,冤因思周廟當,1
7263,因思周廟當時,1
7264,思周廟當時誡,1
7265,周廟當時誡金,1
7266,廟當時誡金口,1
7267,當時誡金口三,1
7268,時誡金口三緘,1
7269,誡金口三緘示,1
7270,金口三緘示後,1
7271,口三緘示後昆,1
7272,三緘示後昆南,1
7273,緘示後昆南國,1
7274,示後昆南國賢,1
7275,後昆南國賢侯,1
7276,昆南國賢侯待,1
7277,南國賢侯待德,1
7278,國賢侯待德風,1
7279,賢侯待德風長,1
7280,侯待德風長途,1
7281,待德風長途仍,1
7282,德風長途仍借,1
7283,風長途仍借九,1
7284,長途仍借九花,1
7285,途仍借九花驄,1
7286,仍借九花驄清,1
7287,借九花驄清歌,1
7288,九花驄清歌早,1
7289,花驄清歌早貫,1
7290,驄清歌早貫驪,1
7291,清歌早貫驪龍,1
7292,歌早貫驪龍頷,1
7293,早貫驪龍頷丹,1
7294,貫驪龍頷丹桂,1
7295,驪龍頷丹桂曾,1
7296,龍頷丹桂曾攀,1
7297,頷丹桂曾攀玉,1
7298,丹桂曾攀玉兔,1
7299,桂曾攀玉兔宮,1
7300,曾攀玉兔宮楊,1
7301,攀玉兔宮楊柳,1
7302,玉兔宮楊柳堤,1
7303,兔宮楊柳堤邊,1
7304,宮楊柳堤邊梅,1
7305,楊柳堤邊梅雨,1
7306,柳堤邊梅雨熟,1
7307,堤邊梅雨熟鷓,1
7308,邊梅雨熟鷓鴣,1
7309,梅雨熟鷓鴣聲,1
7310,雨熟鷓鴣聲裏,1
7311,熟鷓鴣聲裏麥,1
7312,鷓鴣聲裏麥田,1
7313,鴣聲裏麥田空,1
7314,聲裏麥田空吟,1
7315,裏麥田空吟詩,1
7316,麥田空吟詩臺,1
7317,田空吟詩臺上,1
7318,空吟詩臺上如,1
7319,吟詩臺上如相,1
7320,詩臺上如相問,1
7321,臺上如相問與,1
7322,上如相問與說,1
7323,如相問與說蟠,1
7324,相問與說蟠溪,1
7325,問與說蟠溪直,1
7326,與說蟠溪直釣,1
7327,說蟠溪直釣翁,1
7328,蟠溪直釣翁五,1
7329,溪直釣翁五月,1
7330,直釣翁五月巴,1
7331,釣翁五月巴陵,1
7332,翁五月巴陵值,1
7333,五月巴陵值積,1
7334,月巴陵值積陰,1
7335,巴陵值積陰送,1
7336,陵值積陰送君,1
7337,值積陰送君千,1
7338,積陰送君千里,1
7339,陰送君千里客,1
7340,送君千里客於,1
7341,君千里客於郴,1
7342,千里客於郴北,1
7343,里客於郴北風,1
7344,客於郴北風吹,1
7345,於郴北風吹雨,1
7346,郴北風吹雨黃,1
7347,北風吹雨黃梅,1
7348,風吹雨黃梅落,1
7349,吹雨黃梅落西,1
7350,雨黃梅落西日,1
7351,黃梅落西日過,1
7352,梅落西日過湖,1
7353,落西日過湖青,1
7354,西日過湖青草,1
7355,日過湖青草深,1
7356,過湖青草深競,1
7357,湖青草深競渡,1
7358,青草深競渡岸,1
7359,草深競渡岸傍,1
7360,深競渡岸傍人,1
7361,競渡岸傍人掛,1
7362,渡岸傍人掛錦,1
7363,岸傍人掛錦采,1
7364,傍人掛錦采芳,1
7365,人掛錦采芳城,1
7366,掛錦采芳城上,1
7367,錦采芳城上女,1
7368,采芳城上女遺,1
7369,芳城上女遺簪,1
7370,城上女遺簪九,1
7371,上女遺簪九嶷,1
7372,女遺簪九嶷雲,1
7373,遺簪九嶷雲闊,1
7374,簪九嶷雲闊蒼,1
7375,九嶷雲闊蒼梧,1
7376,嶷雲闊蒼梧暗,1
7377,雲闊蒼梧暗與,1
7378,闊蒼梧暗與說,1
7379,蒼梧暗與說重,1
7380,梧暗與說重華,1
7381,暗與說重華舊,1
7382,與說重華舊德,1
7383,說重華舊德音,1
7384,重華舊德音蕊,1
7385,華舊德音蕊珠,1
7386,舊德音蕊珠宮,1
7387,德音蕊珠宮裏,1
7388,音蕊珠宮裏謫,1
7389,蕊珠宮裏謫神,1
7390,珠宮裏謫神仙,1
7391,宮裏謫神仙八,1
7392,裏謫神仙八載,1
7393,謫神仙八載溫,1
7394,神仙八載溫陵,1
7395,仙八載溫陵萬,1
7396,八載溫陵萬戶,1
7397,載溫陵萬戶閑,1
7398,溫陵萬戶閑心,1
7399,陵萬戶閑心地,1
7400,萬戶閑心地闊,1
7401,戶閑心地闊於,1
7402,閑心地闊於雲,1
7403,心地闊於雲夢,1
7404,地闊於雲夢澤,1
7405,闊於雲夢澤官,1
7406,於雲夢澤官資,1
7407,雲夢澤官資高,1
7408,夢澤官資高卻,1
7409,澤官資高卻太,1
7410,官資高卻太行,1
7411,資高卻太行山,1
7412,高卻太行山姜,1
7413,卻太行山姜牙,1
7414,太行山姜牙兆,1
7415,行山姜牙兆寄,1
7416,山姜牙兆寄熊,1
7417,姜牙兆寄熊羆,1
7418,牙兆寄熊羆內,1
7419,兆寄熊羆內陶,1
7420,寄熊羆內陶侃,1
7421,熊羆內陶侃文,1
7422,羆內陶侃文成,1
7423,內陶侃文成掌,1
7424,陶侃文成掌握,1
7425,侃文成掌握間,1
7426,文成掌握間應,1
7427,成掌握間應笑,1
7428,掌握間應笑清,1
7429,握間應笑清溪,1
7430,間應笑清溪舊,1
7431,應笑清溪舊門,1
7432,笑清溪舊門吏,1
7433,清溪舊門吏年,1
7434,溪舊門吏年年,1
7435,舊門吏年年扶,1
7436,門吏年年扶病,1
7437,吏年年扶病掩,1
7438,年年扶病掩柴,1
7439,年扶病掩柴關,1
7440,扶病掩柴關武,1
7441,病掩柴關武榮,1
7442,掩柴關武榮江,1
7443,柴關武榮江畔,1
7444,關武榮江畔蔭,1
7445,武榮江畔蔭祥,1
7446,榮江畔蔭祥雲,1
7447,江畔蔭祥雲寵,1
7448,畔蔭祥雲寵拜,1
7449,蔭祥雲寵拜天,1
7450,祥雲寵拜天人,1
7451,雲寵拜天人慶,1
7452,寵拜天人慶郡,1
7453,拜天人慶郡人,1
7454,天人慶郡人五,1
7455,人慶郡人五色,1
7456,慶郡人五色鶴,1
7457,郡人五色鶴綾,1
7458,人五色鶴綾花,1
7459,五色鶴綾花上,1
7460,色鶴綾花上敕,1
7461,鶴綾花上敕九,1
7462,綾花上敕九霄,1
7463,花上敕九霄龍,1
7464,上敕九霄龍尾,1
7465,敕九霄龍尾道,1
7466,九霄龍尾道邊,1
7467,霄龍尾道邊臣,1
7468,龍尾道邊臣英,1
7469,尾道邊臣英雄,1
7470,道邊臣英雄達,1
7471,邊臣英雄達處,1
7472,臣英雄達處誰,1
7473,英雄達處誰言,1
7474,雄達處誰言命,1
7475,達處誰言命富,1
7476,處誰言命富貴,1
7477,誰言命富貴來,1
7478,言命富貴來時,1
7479,命富貴來時自,1
7480,富貴來時自逼,1
7481,貴來時自逼身,1
7482,來時自逼身更,1
7483,時自逼身更待,1
7484,自逼身更待春,1
7485,逼身更待春風,1
7486,身更待春風飛,1
7487,更待春風飛吉,1
7488,待春風飛吉語,1
7489,春風飛吉語紫,1
7490,風飛吉語紫泥,1
7491,飛吉語紫泥分,1
7492,吉語紫泥分付,1
7493,語紫泥分付與,1
7494,紫泥分付與陶,1
7495,泥分付與陶鈞,1
7496,分付與陶鈞身,1
7497,付與陶鈞身比,1
7498,與陶鈞身比秋,1
7499,陶鈞身比秋荷,1
7500,鈞身比秋荷覺,1
7501,身比秋荷覺漸,1
7502,比秋荷覺漸枯,1
7503,秋荷覺漸枯致,1
7504,荷覺漸枯致君,1
7505,覺漸枯致君經,1
7506,漸枯致君經國,1
7507,枯致君經國墮,1
7508,致君經國墮前,1
7509,君經國墮前圖,1
7510,經國墮前圖層,1
7511,國墮前圖層冰,1
7512,墮前圖層冰照,1
7513,前圖層冰照日,1
7514,圖層冰照日猶,1
7515,層冰照日猶能,1
7516,冰照日猶能暖,1
7517,照日猶能暖病,1
7518,日猶能暖病骨,1
7519,猶能暖病骨逢,1
7520,能暖病骨逢春,1
7521,暖病骨逢春卻,1
7522,病骨逢春卻未,1
7523,骨逢春卻未蘇,1
7524,逢春卻未蘇鏡,1
7525,春卻未蘇鏡裏,1
7526,卻未蘇鏡裏白,1
7527,未蘇鏡裏白須,1
7528,蘇鏡裏白須撏,1
7529,鏡裏白須撏又,1
7530,裏白須撏又長,1
7531,白須撏又長枝,1
7532,須撏又長枝頭,1
7533,撏又長枝頭黃,1
7534,又長枝頭黃鳥,1
7535,長枝頭黃鳥靜,1
7536,枝頭黃鳥靜還,1
7537,頭黃鳥靜還呼,1
7538,黃鳥靜還呼庾,1
7539,鳥靜還呼庾樓,1
7540,靜還呼庾樓恩,1
7541,還呼庾樓恩化,1
7542,呼庾樓恩化通,1
7543,庾樓恩化通神,1
7544,樓恩化通神聖,1
7545,恩化通神聖何,1
7546,化通神聖何計,1
7547,通神聖何計能,1
7548,神聖何計能教,1
7549,聖何計能教擲,1
7550,何計能教擲得,1
7551,計能教擲得盧,1
7552,能教擲得盧風,1
7553,教擲得盧風拍,1
7554,擲得盧風拍衰,1
7555,得盧風拍衰肌,1
7556,盧風拍衰肌久,1
7557,風拍衰肌久未,1
7558,拍衰肌久未蠲,1
7559,衰肌久未蠲破,1
7560,肌久未蠲破窗,1
7561,久未蠲破窗頻,1
7562,未蠲破窗頻見,1
7563,蠲破窗頻見月,1
7564,破窗頻見月團,1
7565,窗頻見月團圓,1
7566,頻見月團圓更,1
7567,見月團圓更無,1
7568,月團圓更無舊,1
7569,團圓更無舊日,1
7570,圓更無舊日同,1
7571,更無舊日同人,1
7572,無舊日同人問,1
7573,舊日同人問只,1
7574,日同人問只有,1
7575,同人問只有多,1
7576,人問只有多情,1
7577,問只有多情太,1
7578,只有多情太守,1
7579,有多情太守憐,1
7580,多情太守憐臘,1
7581,情太守憐臘內,1
7582,太守憐臘內送,1
7583,守憐臘內送將,1
7584,憐臘內送將三,1
7585,臘內送將三折,1
7586,內送將三折股,1
7587,送將三折股歲,1
7588,將三折股歲陰,1
7589,三折股歲陰分,1
7590,折股歲陰分與,1
7591,股歲陰分與五,1
7592,歲陰分與五銖,1
7593,陰分與五銖錢,1
7594,分與五銖錢玄,1
7595,與五銖錢玄穹,1
7596,五銖錢玄穹若,1
7597,銖錢玄穹若假,1
7598,錢玄穹若假年,1
7599,玄穹若假年齡,1
7600,穹若假年齡在,1
7601,若假年齡在願,1
7602,假年齡在願捧,1
7603,年齡在願捧銅,1
7604,齡在願捧銅盤,1
7605,在願捧銅盤為,1
7606,願捧銅盤為國,1
7607,捧銅盤為國賢,1
7608,銅盤為國賢金,1
7609,盤為國賢金闕,1
7610,為國賢金闕爭,1
7611,國賢金闕爭權,1
7612,賢金闕爭權競,1
7613,金闕爭權競獻,1
7614,闕爭權競獻功,1
7615,爭權競獻功獨,1
7616,權競獻功獨逃,1
7617,競獻功獨逃征,1
7618,獻功獨逃征詔,1
7619,功獨逃征詔臥,1
7620,獨逃征詔臥三,1
7621,逃征詔臥三峰,1
7622,征詔臥三峰雞,1
7623,詔臥三峰雞群,1
7624,臥三峰雞群未,1
7625,三峰雞群未必,1
7626,峰雞群未必容,1
7627,雞群未必容於,1
7628,群未必容於鶴,1
7629,未必容於鶴蛛,1
7630,必容於鶴蛛網,1
7631,容於鶴蛛網何,1
7632,於鶴蛛網何繇,1
7633,鶴蛛網何繇捕,1
7634,蛛網何繇捕得,1
7635,網何繇捕得龍,1
7636,何繇捕得龍清,1
7637,繇捕得龍清論,1
7638,捕得龍清論盡,1
7639,得龍清論盡應,1
7640,龍清論盡應書,1
7641,清論盡應書國,1
7642,論盡應書國史,1
7643,盡應書國史靜,1
7644,應書國史靜籌,1
7645,書國史靜籌皆,1
7646,國史靜籌皆可,1
7647,史靜籌皆可息,1
7648,靜籌皆可息邊,1
7649,籌皆可息邊烽,1
7650,皆可息邊烽風,1
7651,可息邊烽風霜,1
7652,息邊烽風霜落,1
7653,邊烽風霜落滿,1
7654,烽風霜落滿千,1
7655,風霜落滿千林,1
7656,霜落滿千林木,1
7657,落滿千林木不,1
7658,滿千林木不近,1
7659,千林木不近青,1
7660,林木不近青青,1
7661,木不近青青澗,1
7662,不近青青澗底,1
7663,近青青澗底松,1
7664,青青澗底松非,1
7665,青澗底松非雲,1
7666,澗底松非雲非,1
7667,底松非雲非鶴,1
7668,松非雲非鶴不,1
7669,非雲非鶴不從,1
7670,雲非鶴不從容,1
7671,非鶴不從容誰,1
7672,鶴不從容誰敢,1
7673,不從容誰敢輕,1
7674,從容誰敢輕量,1
7675,容誰敢輕量傲,1
7676,誰敢輕量傲世,1
7677,敢輕量傲世蹤,1
7678,輕量傲世蹤紫,1
7679,量傲世蹤紫殿,1
7680,傲世蹤紫殿幾,1
7681,世蹤紫殿幾征,1
7682,蹤紫殿幾征王,1
7683,紫殿幾征王佐,1
7684,殿幾征王佐業,1
7685,幾征王佐業青,1
7686,征王佐業青山,1
7687,王佐業青山未,1
7688,佐業青山未拆,1
7689,業青山未拆詔,1
7690,青山未拆詔書,1
7691,山未拆詔書封,1
7692,未拆詔書封閑,1
7693,拆詔書封閑吟,1
7694,詔書封閑吟每,1
7695,書封閑吟每待,1
7696,封閑吟每待秋,1
7697,閑吟每待秋空,1
7698,吟每待秋空月,1
7699,每待秋空月早,1
7700,待秋空月早起,1
7701,秋空月早起長,1
7702,空月早起長先,1
7703,月早起長先野,1
7704,早起長先野寺,1
7705,起長先野寺鐘,1
7706,長先野寺鐘前,1
7707,先野寺鐘前古,1
7708,野寺鐘前古負,1
7709,寺鐘前古負材,1
7710,鐘前古負材多,1
7711,前古負材多為,1
7712,古負材多為國,1
7713,負材多為國滿,1
7714,材多為國滿懷,1
7715,多為國滿懷經,1
7716,為國滿懷經濟,1
7717,國滿懷經濟欲,1
7718,滿懷經濟欲何,1
7719,懷經濟欲何從,1
7720,經濟欲何從上,1
7721,濟欲何從上陽,1
7722,欲何從上陽宮,1
7723,何從上陽宮闕,1
7724,從上陽宮闕翠,1
7725,上陽宮闕翠華,1
7726,陽宮闕翠華歸,1
7727,宮闕翠華歸百,1
7728,闕翠華歸百辟,1
7729,翠華歸百辟傷,1
7730,華歸百辟傷心,1
7731,歸百辟傷心序,1
7732,百辟傷心序漢,1
7733,辟傷心序漢儀,1
7734,傷心序漢儀昆,1
7735,心序漢儀昆嶽,1
7736,序漢儀昆嶽有,1
7737,漢儀昆嶽有炎,1
7738,儀昆嶽有炎瓊,1
7739,昆嶽有炎瓊玉,1
7740,嶽有炎瓊玉碎,1
7741,有炎瓊玉碎洛,1
7742,炎瓊玉碎洛川,1
7743,瓊玉碎洛川無,1
7744,玉碎洛川無竹,1
7745,碎洛川無竹鳳,1
7746,洛川無竹鳳凰,1
7747,川無竹鳳凰饑,1
7748,無竹鳳凰饑須,1
7749,竹鳳凰饑須簪,1
7750,鳳凰饑須簪白,1
7751,凰饑須簪白筆,1
7752,饑須簪白筆匡,1
7753,須簪白筆匡明,1
7754,簪白筆匡明主,1
7755,白筆匡明主莫,1
7756,筆匡明主莫許,1
7757,匡明主莫許黃,1
7758,明主莫許黃博,1
7759,主莫許黃博少,1
7760,莫許黃博少師,1
7761,許黃博少師惆,1
7762,黃博少師惆悵,1
7763,博少師惆悵宸,1
7764,少師惆悵宸居,1
7765,師惆悵宸居遠,1
7766,惆悵宸居遠於,1
7767,悵宸居遠於日,1
7768,宸居遠於日長,1
7769,居遠於日長籲,1
7770,遠於日長籲空,1
7771,於日長籲空摘,1
7772,日長籲空摘鬢,1
7773,長籲空摘鬢邊,1
7774,籲空摘鬢邊絲,1
7775,空摘鬢邊絲陰,1
7776,摘鬢邊絲陰山,1
7777,鬢邊絲陰山冰,1
7778,邊絲陰山冰凍,1
7779,絲陰山冰凍嘗,1
7780,陰山冰凍嘗迎,1
7781,山冰凍嘗迎夏,1
7782,冰凍嘗迎夏蟄,1
7783,凍嘗迎夏蟄戶,1
7784,嘗迎夏蟄戶雲,1
7785,迎夏蟄戶雲雷,1
7786,夏蟄戶雲雷只,1
7787,蟄戶雲雷只待,1
7788,戶雲雷只待春,1
7789,雲雷只待春呂,1
7790,雷只待春呂望,1
7791,只待春呂望豈,1
7792,待春呂望豈嫌,1
7793,春呂望豈嫌垂,1
7794,呂望豈嫌垂釣,1
7795,望豈嫌垂釣老,1
7796,豈嫌垂釣老西,1
7797,嫌垂釣老西施,1
7798,垂釣老西施不,1
7799,釣老西施不恨,1
7800,老西施不恨浣,1
7801,西施不恨浣紗,1
7802,施不恨浣紗貧,1
7803,不恨浣紗貧坐,1
7804,恨浣紗貧坐為,1
7805,浣紗貧坐為羽,1
7806,紗貧坐為羽獵,1
7807,貧坐為羽獵車,1
7808,坐為羽獵車中,1
7809,為羽獵車中相,1
7810,羽獵車中相飛,1
7811,獵車中相飛作,1
7812,車中相飛作君,1
7813,中相飛作君王,1
7814,相飛作君王掌,1
7815,飛作君王掌上,1
7816,作君王掌上身,1
7817,君王掌上身拍,1
7818,王掌上身拍手,1
7819,掌上身拍手相,1
7820,上身拍手相思,1
7821,身拍手相思惟,1
7822,拍手相思惟大,1
7823,手相思惟大笑,1
7824,相思惟大笑我,1
7825,思惟大笑我曹,1
7826,惟大笑我曹寧,1
7827,大笑我曹寧比,1
7828,笑我曹寧比等,1
7829,我曹寧比等閒,1
7830,曹寧比等閒人,1
7831,寧比等閒人進,1
7832,比等閒人進即,1
7833,等閒人進即湮,1
7834,閒人進即湮沈,1
7835,人進即湮沈退,1
7836,進即湮沈退卻,1
7837,即湮沈退卻升,1
7838,湮沈退卻升錢,1
7839,沈退卻升錢塘,1
7840,退卻升錢塘風,1
7841,卻升錢塘風月,1
7842,升錢塘風月過,1
7843,錢塘風月過金,1
7844,塘風月過金陵,1
7845,風月過金陵鴻,1
7846,月過金陵鴻才,1
7847,過金陵鴻才入,1
7848,金陵鴻才入貢,1
7849,陵鴻才入貢無,1
7850,鴻才入貢無人,1
7851,才入貢無人換,1
7852,入貢無人換白,1
7853,貢無人換白首,1
7854,無人換白首從,1
7855,人換白首從軍,1
7856,換白首從軍有,1
7857,白首從軍有詔,1
7858,首從軍有詔征,1
7859,從軍有詔征博,1
7860,軍有詔征博簿,1
7861,有詔征博簿集,1
7862,詔征博簿集成,1
7863,征博簿集成時,1
7864,博簿集成時輩,1
7865,簿集成時輩罵,1
7866,集成時輩罵讒,1
7867,成時輩罵讒書,1
7868,時輩罵讒書編,1
7869,輩罵讒書編就,1
7870,罵讒書編就薄,1
7871,讒書編就薄徒,1
7872,書編就薄徒憎,1
7873,編就薄徒憎憐,1
7874,就薄徒憎憐君,1
7875,薄徒憎憐君道,1
7876,徒憎憐君道在,1
7877,憎憐君道在名,1
7878,憐君道在名長,1
7879,君道在名長在,1
7880,道在名長在不,1
7881,在名長在不到,1
7882,名長在不到慈,1
7883,長在不到慈恩,1
7884,在不到慈恩最,1
7885,不到慈恩最上,1
7886,到慈恩最上層,1
7887,慈恩最上層淵,1
7888,恩最上層淵明,1
7889,最上層淵明深,1
7890,上層淵明深念,1
7891,層淵明深念郤,1
7892,淵明深念郤詵,1
7893,明深念郤詵貧,1
7894,深念郤詵貧踏,1
7895,念郤詵貧踏破,1
7896,郤詵貧踏破莓,1
7897,詵貧踏破莓苔,1
7898,貧踏破莓苔看,1
7899,踏破莓苔看甑,1
7900,破莓苔看甑塵,1
7901,莓苔看甑塵碧,1
7902,苔看甑塵碧沼,1
7903,看甑塵碧沼共,1
7904,甑塵碧沼共攀,1
7905,塵碧沼共攀紅,1
7906,碧沼共攀紅菡,1
7907,沼共攀紅菡萏,1
7908,共攀紅菡萏金,1
7909,攀紅菡萏金鞍,1
7910,紅菡萏金鞍不,1
7911,菡萏金鞍不卸,1
7912,萏金鞍不卸紫,1
7913,金鞍不卸紫麒,1
7914,鞍不卸紫麒麟,1
7915,不卸紫麒麟殘,1
7916,卸紫麒麟殘陽,1
7917,紫麒麟殘陽妒,1
7918,麒麟殘陽妒害,1
7919,麟殘陽妒害催,1
7920,殘陽妒害催歸,1
7921,陽妒害催歸客,1
7922,妒害催歸客薄,1
7923,害催歸客薄酒,1
7924,催歸客薄酒甘,1
7925,歸客薄酒甘嘗,1
7926,客薄酒甘嘗罰,1
7927,薄酒甘嘗罰主,1
7928,酒甘嘗罰主人,1
7929,甘嘗罰主人夜,1
7930,嘗罰主人夜半,1
7931,罰主人夜半夢,1
7932,主人夜半夢醒,1
7933,人夜半夢醒追,1
7934,夜半夢醒追複,1
7935,半夢醒追複想,1
7936,夢醒追複想欲,1
7937,醒追複想欲長,1
7938,追複想欲長攀,1
7939,複想欲長攀接,1
7940,想欲長攀接有,1
7941,欲長攀接有何,1
7942,長攀接有何因,1
7943,攀接有何因雪,1
7944,接有何因雪化,1
7945,有何因雪化霜,1
7946,何因雪化霜融,1
7947,因雪化霜融好,1
7948,雪化霜融好潑,1
7949,化霜融好潑醅,1
7950,霜融好潑醅滿,1
7951,融好潑醅滿壺,1
7952,好潑醅滿壺冰,1
7953,潑醅滿壺冰凍,1
7954,醅滿壺冰凍向,1
7955,滿壺冰凍向春,1
7956,壺冰凍向春開,1
7957,冰凍向春開求,1
7958,凍向春開求從,1
7959,向春開求從白,1
7960,春開求從白石,1
7961,開求從白石洞,1
7962,求從白石洞中,1
7963,從白石洞中得,1
7964,白石洞中得攜,1
7965,石洞中得攜向,1
7966,洞中得攜向百,1
7967,中得攜向百花,1
7968,得攜向百花岩,1
7969,攜向百花岩畔,1
7970,向百花岩畔來,1
7971,百花岩畔來幾,1
7972,花岩畔來幾夕,1
7973,岩畔來幾夕露,1
7974,畔來幾夕露珠,1
7975,來幾夕露珠寒,1
7976,幾夕露珠寒貝,1
7977,夕露珠寒貝齒,1
7978,露珠寒貝齒一,1
7979,珠寒貝齒一泓,1
7980,寒貝齒一泓銀,1
7981,貝齒一泓銀水,1
7982,齒一泓銀水冷,1
7983,一泓銀水冷瓊,1
7984,泓銀水冷瓊杯,1
7985,銀水冷瓊杯湖,1
7986,水冷瓊杯湖邊,1
7987,冷瓊杯湖邊送,1
7988,瓊杯湖邊送與,1
7989,杯湖邊送與崔,1
7990,湖邊送與崔夫,1
7991,邊送與崔夫子,1
7992,送與崔夫子誰,1
7993,與崔夫子誰見,1
7994,崔夫子誰見嵇,1
7995,夫子誰見嵇山,1
7996,子誰見嵇山盡,1
7997,誰見嵇山盡日,1
7998,見嵇山盡日頹,1
7999,嵇山盡日頹早,1
8000,山盡日頹早年,1
8001,盡日頹早年花,1
8002,日頹早年花縣,1
8003,頹早年花縣拜,1
8004,早年花縣拜潘,1
8005,年花縣拜潘郎,1
8006,花縣拜潘郎尋,1
8007,縣拜潘郎尋忝,1
8008,拜潘郎尋忝飛,1
8009,潘郎尋忝飛鳴,1
8010,郎尋忝飛鳴出,1
8011,尋忝飛鳴出桂,1
8012,忝飛鳴出桂堂,1
8013,飛鳴出桂堂日,1
8014,鳴出桂堂日走,1
8015,出桂堂日走登,1
8016,桂堂日走登天,1
8017,堂日走登天長,1
8018,日走登天長似,1
8019,走登天長似箭,1
8020,登天長似箭人,1
8021,天長似箭人同,1
8022,長似箭人同紅,1
8023,似箭人同紅樹,1
8024,箭人同紅樹豈,1
8025,人同紅樹豈經,1
8026,同紅樹豈經霜,1
8027,紅樹豈經霜帆,1
8028,樹豈經霜帆分,1
8029,豈經霜帆分南,1
8030,經霜帆分南浦,1
8031,霜帆分南浦知,1
8032,帆分南浦知離,1
8033,分南浦知離別,1
8034,南浦知離別駕,1
8035,浦知離別駕在,1
8036,知離別駕在東,1
8037,離別駕在東州,1
8038,別駕在東州更,1
8039,駕在東州更可,1
8040,在東州更可傷,1
8041,東州更可傷公,1
8042,州更可傷公論,1
8043,更可傷公論一,1
8044,可傷公論一麾,1
8045,傷公論一麾將,1
8046,公論一麾將塞,1
8047,論一麾將塞詔,1
8048,一麾將塞詔且,1
8049,麾將塞詔且隨,1
8050,將塞詔且隨征,1
8051,塞詔且隨征令,1
8052,詔且隨征令過,1
8053,且隨征令過瀟,1
8054,隨征令過瀟湘,1
8055,征令過瀟湘早,1
8056,令過瀟湘早起,1
8057,過瀟湘早起雀,1
8058,瀟湘早起雀聲,1
8059,湘早起雀聲送,1
8060,早起雀聲送喜,1
8061,起雀聲送喜頻,1
8062,雀聲送喜頻白,1
8063,聲送喜頻白魚,1
8064,送喜頻白魚芳,1
8065,喜頻白魚芳酒,1
8066,頻白魚芳酒寄,1
8067,白魚芳酒寄來,1
8068,魚芳酒寄來珍,1
8069,芳酒寄來珍馨,1
8070,酒寄來珍馨香,1
8071,寄來珍馨香乍,1
8072,來珍馨香乍揭,1
8073,珍馨香乍揭春,1
8074,馨香乍揭春風,1
8075,香乍揭春風甕,1
8076,乍揭春風甕撥,1
8077,揭春風甕撥剌,1
8078,春風甕撥剌初,1
8079,風甕撥剌初辭,1
8080,甕撥剌初辭夜,1
8081,撥剌初辭夜雨,1
8082,剌初辭夜雨津,1
8083,初辭夜雨津樽,1
8084,辭夜雨津樽闊,1
8085,夜雨津樽闊最,1
8086,雨津樽闊最宜,1
8087,津樽闊最宜澄,1
8088,樽闊最宜澄桂,1
8089,闊最宜澄桂液,1
8090,最宜澄桂液網,1
8091,宜澄桂液網疏,1
8092,澄桂液網疏殊,1
8093,桂液網疏殊未,1
8094,液網疏殊未損,1
8095,網疏殊未損霜,1
8096,疏殊未損霜鱗,1
8097,殊未損霜鱗不,1
8098,未損霜鱗不曾,1
8099,損霜鱗不曾垂,1
8100,霜鱗不曾垂釣,1
8101,鱗不曾垂釣兼,1
8102,不曾垂釣兼親,1
8103,曾垂釣兼親醞,1
8104,垂釣兼親醞堪,1
8105,釣兼親醞堪愧,1
8106,兼親醞堪愧金,1
8107,親醞堪愧金台,1
8108,醞堪愧金台醉,1
8109,堪愧金台醉飽,1
8110,愧金台醉飽身,1
8111,金台醉飽身伐,1
8112,台醉飽身伐罪,1
8113,醉飽身伐罪書,1
8114,飽身伐罪書勳,1
8115,身伐罪書勳令,1
8116,伐罪書勳令不,1
8117,罪書勳令不常,1
8118,書勳令不常爭,1
8119,勳令不常爭教,1
8120,令不常爭教為,1
8121,不常爭教為帝,1
8122,常爭教為帝與,1
8123,爭教為帝與為,1
8124,教為帝與為王,1
8125,為帝與為王十,1
8126,帝與為王十年,1
8127,與為王十年小,1
8128,為王十年小怨,1
8129,王十年小怨誅,1
8130,十年小怨誅桓,1
8131,年小怨誅桓邵,1
8132,小怨誅桓邵一,1
8133,怨誅桓邵一檄,1
8134,誅桓邵一檄深,1
8135,桓邵一檄深讎,1
8136,邵一檄深讎怨,1
8137,一檄深讎怨孔,1
8138,檄深讎怨孔璋,1
8139,深讎怨孔璋在,1
8140,讎怨孔璋在井,1
8141,怨孔璋在井蟄,1
8142,孔璋在井蟄龍,1
8143,璋在井蟄龍如,1
8144,在井蟄龍如屈,1
8145,井蟄龍如屈伏,1
8146,蟄龍如屈伏食,1
8147,龍如屈伏食槽,1
8148,如屈伏食槽驕,1
8149,屈伏食槽驕馬,1
8150,伏食槽驕馬忽,1
8151,食槽驕馬忽騰,1
8152,槽驕馬忽騰驤,1
8153,驕馬忽騰驤奸,1
8154,馬忽騰驤奸雄,1
8155,忽騰驤奸雄事,1
8156,騰驤奸雄事過,1
8157,驤奸雄事過分,1
8158,奸雄事過分明,1
8159,雄事過分明見,1
8160,事過分明見英,1
8161,過分明見英識,1
8162,分明見英識空,1
8163,明見英識空懷,1
8164,見英識空懷許,1
8165,英識空懷許子,1
8166,識空懷許子將,1
8167,空懷許子將一,1
8168,懷許子將一主,1
8169,許子將一主參,1
8170,子將一主參差,1
8171,將一主參差六,1
8172,一主參差六十,1
8173,主參差六十年,1
8174,參差六十年父,1
8175,差六十年父兄,1
8176,六十年父兄猶,1
8177,十年父兄猶慶,1
8178,年父兄猶慶授,1
8179,父兄猶慶授孫,1
8180,兄猶慶授孫權,1
8181,猶慶授孫權不,1
8182,慶授孫權不迎,1
8183,授孫權不迎曹,1
8184,孫權不迎曹操,1
8185,權不迎曹操真,1
8186,不迎曹操真長,1
8187,迎曹操真長策,1
8188,曹操真長策終,1
8189,操真長策終謝,1
8190,真長策終謝張,1
8191,長策終謝張昭,1
8192,策終謝張昭見,1
8193,終謝張昭見碩,1
8194,謝張昭見碩賢,1
8195,張昭見碩賢建,1
8196,昭見碩賢建業,1
8197,見碩賢建業龍,1
8198,碩賢建業龍盤,1
8199,賢建業龍盤雖,1
8200,建業龍盤雖可,1
8201,業龍盤雖可貴,1
8202,龍盤雖可貴武,1
8203,盤雖可貴武昌,1
8204,雖可貴武昌魚,1
8205,可貴武昌魚味,1
8206,貴武昌魚味亦,1
8207,武昌魚味亦何,1
8208,昌魚味亦何偏,1
8209,魚味亦何偏秦,1
8210,味亦何偏秦嬴,1
8211,亦何偏秦嬴謾,1
8212,何偏秦嬴謾作,1
8213,偏秦嬴謾作東,1
8214,秦嬴謾作東游,1
8215,嬴謾作東游計,1
8216,謾作東游計紫,1
8217,作東游計紫氣,1
8218,東游計紫氣黃,1
8219,游計紫氣黃旗,1
8220,計紫氣黃旗豈,1
8221,紫氣黃旗豈偶,1
8222,氣黃旗豈偶然,1
8223,黃旗豈偶然三,1
8224,旗豈偶然三世,1
8225,豈偶然三世深,1
8226,偶然三世深謀,1
8227,然三世深謀啟,1
8228,三世深謀啟帝,1
8229,世深謀啟帝基,1
8230,深謀啟帝基可,1
8231,謀啟帝基可憐,1
8232,啟帝基可憐孀,1
8233,帝基可憐孀婦,1
8234,基可憐孀婦與,1
8235,可憐孀婦與孤,1
8236,憐孀婦與孤兒,1
8237,孀婦與孤兒罪,1
8238,婦與孤兒罪歸,1
8239,與孤兒罪歸成,1
8240,孤兒罪歸成濟,1
8241,兒罪歸成濟皇,1
8242,罪歸成濟皇天,1
8243,歸成濟皇天恨,1
8244,成濟皇天恨戈,1
8245,濟皇天恨戈犯,1
8246,皇天恨戈犯明,1
8247,天恨戈犯明君,1
8248,恨戈犯明君萬,1
8249,戈犯明君萬古,1
8250,犯明君萬古悲,1
8251,明君萬古悲巴,1
8252,君萬古悲巴蜀,1
8253,萬古悲巴蜀削,1
8254,古悲巴蜀削平,1
8255,悲巴蜀削平輕,1
8256,巴蜀削平輕似,1
8257,蜀削平輕似紙,1
8258,削平輕似紙勾,1
8259,平輕似紙勾吳,1
8260,輕似紙勾吳吞,1
8261,似紙勾吳吞卻,1
8262,紙勾吳吞卻美,1
8263,勾吳吞卻美如,1
8264,吳吞卻美如飴,1
8265,吞卻美如飴誰,1
8266,卻美如飴誰知,1
8267,美如飴誰知高,1
8268,如飴誰知高鼻,1
8269,飴誰知高鼻能,1
8270,誰知高鼻能知,1
8271,知高鼻能知數,1
8272,高鼻能知數競,1
8273,鼻能知數競向,1
8274,能知數競向中,1
8275,知數競向中原,1
8276,數競向中原簸,1
8277,競向中原簸戰,1
8278,向中原簸戰旗,1
8279,中原簸戰旗天,1
8280,原簸戰旗天爵,1
8281,簸戰旗天爵休,1
8282,戰旗天爵休將,1
8283,旗天爵休將儋,1
8284,天爵休將儋石,1
8285,爵休將儋石論,1
8286,休將儋石論一,1
8287,將儋石論一身,1
8288,儋石論一身恭,1
8289,石論一身恭儉,1
8290,論一身恭儉萬,1
8291,一身恭儉萬邦,1
8292,身恭儉萬邦尊,1
8293,恭儉萬邦尊賭,1
8294,儉萬邦尊賭將,1
8295,萬邦尊賭將金,1
8296,邦尊賭將金帶,1
8297,尊賭將金帶驚,1
8298,賭將金帶驚寰,1
8299,將金帶驚寰海,1
8300,金帶驚寰海留,1
8301,帶驚寰海留得,1
8302,驚寰海留得耕,1
8303,寰海留得耕衣,1
8304,海留得耕衣誡,1
8305,留得耕衣誡子,1
8306,得耕衣誡子孫,1
8307,耕衣誡子孫締,1
8308,衣誡子孫締構,1
8309,誡子孫締構不,1
8310,子孫締構不應,1
8311,孫締構不應饒,1
8312,締構不應饒漢,1
8313,構不應饒漢祖,1
8314,不應饒漢祖奸,1
8315,應饒漢祖奸雄,1
8316,饒漢祖奸雄何,1
8317,漢祖奸雄何足,1
8318,祖奸雄何足數,1
8319,奸雄何足數王,1
8320,雄何足數王敦,1
8321,何足數王敦草,1
8322,足數王敦草中,1
8323,數王敦草中求,1
8324,王敦草中求活,1
8325,敦草中求活非,1
8326,草中求活非吾,1
8327,中求活非吾事,1
8328,求活非吾事豈,1
8329,活非吾事豈啻,1
8330,非吾事豈啻橫,1
8331,吾事豈啻橫身,1
8332,事豈啻橫身向,1
8333,豈啻橫身向廟,1
8334,啻橫身向廟門,1
8335,橫身向廟門百,1
8336,身向廟門百萬,1
8337,向廟門百萬人,1
8338,廟門百萬人甘,1
8339,門百萬人甘一,1
8340,百萬人甘一擲,1
8341,萬人甘一擲輸,1
8342,人甘一擲輸玄,1
8343,甘一擲輸玄穹,1
8344,一擲輸玄穹惟,1
8345,擲輸玄穹惟與,1
8346,輸玄穹惟與道,1
8347,玄穹惟與道相,1
8348,穹惟與道相符,1
8349,惟與道相符豈,1
8350,與道相符豈知,1
8351,道相符豈知紫,1
8352,相符豈知紫殿,1
8353,符豈知紫殿新,1
8354,豈知紫殿新天,1
8355,知紫殿新天子,1
8356,紫殿新天子只,1
8357,殿新天子只是,1
8358,新天子只是丹,1
8359,天子只是丹徒,1
8360,子只是丹徒舊,1
8361,只是丹徒舊嗇,1
8362,是丹徒舊嗇夫,1
8363,丹徒舊嗇夫五,1
8364,徒舊嗇夫五色,1
8365,舊嗇夫五色龍,1
8366,嗇夫五色龍章,1
8367,夫五色龍章身,1
8368,五色龍章身早,1
8369,色龍章身早見,1
8370,龍章身早見六,1
8371,章身早見六終,1
8372,身早見六終鴻,1
8373,早見六終鴻業,1
8374,見六終鴻業數,1
8375,六終鴻業數難,1
8376,終鴻業數難逾,1
8377,鴻業數難逾三,1
8378,業數難逾三年,1
8379,數難逾三年未,1
8380,難逾三年未得,1
8381,逾三年未得分,1
8382,三年未得分明,1
8383,年未得分明夢,1
8384,未得分明夢卻,1
8385,得分明夢卻為,1
8386,分明夢卻為蘭,1
8387,明夢卻為蘭陵,1
8388,夢卻為蘭陵起,1
8389,卻為蘭陵起霸,1
8390,為蘭陵起霸圖,1
8391,蘭陵起霸圖三,1
8392,陵起霸圖三惑,1
8393,起霸圖三惑昏,1
8394,霸圖三惑昏昏,1
8395,圖三惑昏昏中,1
8396,三惑昏昏中紫,1
8397,惑昏昏中紫宸,1
8398,昏昏中紫宸萬,1
8399,昏中紫宸萬機,1
8400,中紫宸萬機拋,1
8401,紫宸萬機拋卻,1
8402,宸萬機拋卻醉,1
8403,萬機拋卻醉臨,1
8404,機拋卻醉臨春,1
8405,拋卻醉臨春書,1
8406,卻醉臨春書中,1
8407,醉臨春書中不,1
8408,臨春書中不禮,1
8409,春書中不禮隋,1
8410,書中不禮隋文,1
8411,中不禮隋文帝,1
8412,不禮隋文帝井,1
8413,禮隋文帝井底,1
8414,隋文帝井底常,1
8415,文帝井底常攜,1
8416,帝井底常攜張,1
8417,井底常攜張貴,1
8418,底常攜張貴嬪,1
8419,常攜張貴嬪玉,1
8420,攜張貴嬪玉樹,1
8421,張貴嬪玉樹歌,1
8422,貴嬪玉樹歌聲,1
8423,嬪玉樹歌聲移,1
8424,玉樹歌聲移入,1
8425,樹歌聲移入哭,1
8426,歌聲移入哭金,1
8427,聲移入哭金陵,1
8428,移入哭金陵天,1
8429,入哭金陵天子,1
8430,哭金陵天子化,1
8431,金陵天子化為,1
8432,陵天子化為臣,1
8433,天子化為臣兵,1
8434,子化為臣兵戈,1
8435,化為臣兵戈半,1
8436,為臣兵戈半渡,1
8437,臣兵戈半渡前,1
8438,兵戈半渡前江,1
8439,戈半渡前江水,1
8440,半渡前江水狎,1
8441,渡前江水狎客,1
8442,前江水狎客猶,1
8443,江水狎客猶聞,1
8444,水狎客猶聞爭,1
8445,狎客猶聞爭酒,1
8446,客猶聞爭酒巡,1
8447,猶聞爭酒巡亞,1
8448,聞爭酒巡亞父,1
8449,爭酒巡亞父淒,1
8450,酒巡亞父淒涼,1
8451,巡亞父淒涼別,1
8452,亞父淒涼別楚,1
8453,父淒涼別楚營,1
8454,淒涼別楚營天,1
8455,涼別楚營天留,1
8456,別楚營天留三,1
8457,楚營天留三傑,1
8458,營天留三傑翼,1
8459,天留三傑翼龍,1
8460,留三傑翼龍爭,1
8461,三傑翼龍爭高,1
8462,傑翼龍爭高才,1
8463,翼龍爭高才無,1
8464,龍爭高才無主,1
8465,爭高才無主不,1
8466,高才無主不能,1
8467,才無主不能用,1
8468,無主不能用直,1
8469,主不能用直道,1
8470,不能用直道有,1
8471,能用直道有時,1
8472,用直道有時方,1
8473,直道有時方始,1
8474,道有時方始平,1
8475,有時方始平喜,1
8476,時方始平喜慍,1
8477,方始平喜慍子,1
8478,始平喜慍子文,1
8479,平喜慍子文何,1
8480,喜慍子文何穎,1
8481,慍子文何穎悟,1
8482,子文何穎悟卷,1
8483,文何穎悟卷藏,1
8484,何穎悟卷藏蘧,1
8485,穎悟卷藏蘧瑗,1
8486,悟卷藏蘧瑗甚,1
8487,卷藏蘧瑗甚分,1
8488,藏蘧瑗甚分明,1
8489,蘧瑗甚分明須,1
8490,瑗甚分明須知,1
8491,甚分明須知飲,1
8492,分明須知飲啄,1
8493,明須知飲啄繇,1
8494,須知飲啄繇天,1
8495,知飲啄繇天命,1
8496,飲啄繇天命休,1
8497,啄繇天命休問,1
8498,繇天命休問黃,1
8499,天命休問黃河,1
8500,命休問黃河早,1
8501,休問黃河早晚,1
8502,問黃河早晚清,1
8503,黃河早晚清位,1
8504,河早晚清位在,1
8505,早晚清位在嬪,1
8506,晚清位在嬪妃,1
8507,清位在嬪妃最,1
8508,位在嬪妃最上,1
8509,在嬪妃最上頭,1
8510,嬪妃最上頭笑,1
8511,妃最上頭笑他,1
8512,最上頭笑他長,1
8513,上頭笑他長信,1
8514,頭笑他長信女,1
8515,笑他長信女悲,1
8516,他長信女悲秋,1
8517,長信女悲秋日,1
8518,信女悲秋日中,1
8519,女悲秋日中月,1
8520,悲秋日中月滿,1
8521,秋日中月滿可,1
8522,日中月滿可能,1
8523,中月滿可能久,1
8524,月滿可能久花,1
8525,滿可能久花落,1
8526,可能久花落色,1
8527,能久花落色衰,1
8528,久花落色衰殊,1
8529,花落色衰殊未,1
8530,落色衰殊未憂,1
8531,色衰殊未憂公,1
8532,衰殊未憂公主,1
8533,殊未憂公主鏡,1
8534,未憂公主鏡中,1
8535,憂公主鏡中爭,1
8536,公主鏡中爭翠,1
8537,主鏡中爭翠羽,1
8538,鏡中爭翠羽君,1
8539,中爭翠羽君王,1
8540,爭翠羽君王袖,1
8541,翠羽君王袖底,1
8542,羽君王袖底奪,1
8543,君王袖底奪金,1
8544,王袖底奪金鉤,1
8545,袖底奪金鉤妾,1
8546,底奪金鉤妾家,1
8547,奪金鉤妾家兄,1
8548,金鉤妾家兄弟,1
8549,鉤妾家兄弟知,1
8550,妾家兄弟知多,1
8551,家兄弟知多少,1
8552,兄弟知多少恰,1
8553,弟知多少恰要,1
8554,知多少恰要同,1
8555,多少恰要同時,1
8556,少恰要同時拜,1
8557,恰要同時拜列,1
8558,要同時拜列侯,1
8559,同時拜列侯曲,1
8560,時拜列侯曲江,1
8561,拜列侯曲江真,1
8562,列侯曲江真宰,1
8563,侯曲江真宰國,1
8564,曲江真宰國中,1
8565,江真宰國中訛,1
8566,真宰國中訛尋,1
8567,宰國中訛尋奏,1
8568,國中訛尋奏漁,1
8569,中訛尋奏漁陽,1
8570,訛尋奏漁陽忽,1
8571,尋奏漁陽忽荷,1
8572,奏漁陽忽荷戈,1
8573,漁陽忽荷戈堂,1
8574,陽忽荷戈堂上,1
8575,忽荷戈堂上有,1
8576,荷戈堂上有兵,1
8577,戈堂上有兵天,1
8578,堂上有兵天不,1
8579,上有兵天不用,1
8580,有兵天不用幄,1
8581,兵天不用幄中,1
8582,天不用幄中無,1
8583,不用幄中無策,1
8584,用幄中無策印,1
8585,幄中無策印空,1
8586,中無策印空多,1
8587,無策印空多塵,1
8588,策印空多塵驚,1
8589,印空多塵驚騎,1
8590,空多塵驚騎透,1
8591,多塵驚騎透潼,1
8592,塵驚騎透潼關,1
8593,驚騎透潼關鎖,1
8594,騎透潼關鎖雲,1
8595,透潼關鎖雲護,1
8596,潼關鎖雲護龍,1
8597,關鎖雲護龍遊,1
8598,鎖雲護龍遊渭,1
8599,雲護龍遊渭水,1
8600,護龍遊渭水波,1
8601,龍遊渭水波未,1
8602,遊渭水波未必,1
8603,渭水波未必蛾,1
8604,水波未必蛾眉,1
8605,波未必蛾眉能,1
8606,未必蛾眉能破,1
8607,必蛾眉能破國,1
8608,蛾眉能破國千,1
8609,眉能破國千秋,1
8610,能破國千秋休,1
8611,破國千秋休恨,1
8612,國千秋休恨馬,1
8613,千秋休恨馬嵬,1
8614,秋休恨馬嵬坡,1
8615,休恨馬嵬坡謫,1
8616,恨馬嵬坡謫下,1
8617,馬嵬坡謫下三,1
8618,嵬坡謫下三清,1
8619,坡謫下三清列,1
8620,謫下三清列八,1
8621,下三清列八仙,1
8622,三清列八仙獲,1
8623,清列八仙獲調,1
8624,列八仙獲調羹,1
8625,八仙獲調羹鼎,1
8626,仙獲調羹鼎侍,1
8627,獲調羹鼎侍龍,1
8628,調羹鼎侍龍顏,1
8629,羹鼎侍龍顏吟,1
8630,鼎侍龍顏吟開,1
8631,侍龍顏吟開鎖,1
8632,龍顏吟開鎖闥,1
8633,顏吟開鎖闥窺,1
8634,吟開鎖闥窺天,1
8635,開鎖闥窺天近,1
8636,鎖闥窺天近醉,1
8637,闥窺天近醉臥,1
8638,窺天近醉臥金,1
8639,天近醉臥金鑾,1
8640,近醉臥金鑾待,1
8641,醉臥金鑾待詔,1
8642,臥金鑾待詔閑,1
8643,金鑾待詔閑舊,1
8644,鑾待詔閑舊隱,1
8645,待詔閑舊隱不,1
8646,詔閑舊隱不歸,1
8647,閑舊隱不歸劉,1
8648,舊隱不歸劉備,1
8649,隱不歸劉備國,1
8650,不歸劉備國旅,1
8651,歸劉備國旅魂,1
8652,劉備國旅魂長,1
8653,備國旅魂長寄,1
8654,國旅魂長寄謝,1
8655,旅魂長寄謝公,1
8656,魂長寄謝公山,1
8657,長寄謝公山遺,1
8658,寄謝公山遺編,1
8659,謝公山遺編往,1
8660,公山遺編往簡,1
8661,山遺編往簡應,1
8662,遺編往簡應飛,1
8663,編往簡應飛去,1
8664,往簡應飛去散,1
8665,簡應飛去散入,1
8666,應飛去散入祥,1
8667,飛去散入祥雲,1
8668,去散入祥雲瑞,1
8669,散入祥雲瑞日,1
8670,入祥雲瑞日間,1
8671,祥雲瑞日間羽,1
8672,雲瑞日間羽檄,1
8673,瑞日間羽檄交,1
8674,日間羽檄交馳,1
8675,間羽檄交馳觸,1
8676,羽檄交馳觸冕,1
8677,檄交馳觸冕旒,1
8678,交馳觸冕旒函,1
8679,馳觸冕旒函關,1
8680,觸冕旒函關飛,1
8681,冕旒函關飛入,1
8682,旒函關飛入鐵,1
8683,函關飛入鐵兜,1
8684,關飛入鐵兜鍪,1
8685,飛入鐵兜鍪皇,1
8686,入鐵兜鍪皇王,1
8687,鐵兜鍪皇王去,1
8688,兜鍪皇王去國,1
8689,鍪皇王去國未,1
8690,皇王去國未為,1
8691,王去國未為恨,1
8692,去國未為恨寰,1
8693,國未為恨寰海,1
8694,未為恨寰海失,1
8695,為恨寰海失君,1
8696,恨寰海失君方,1
8697,寰海失君方是,1
8698,海失君方是憂,1
8699,失君方是憂五,1
8700,君方是憂五色,1
8701,方是憂五色大,1
8702,是憂五色大雲,1
8703,憂五色大雲凝,1
8704,五色大雲凝蜀,1
8705,色大雲凝蜀郡,1
8706,大雲凝蜀郡幾,1
8707,雲凝蜀郡幾般,1
8708,凝蜀郡幾般妖,1
8709,蜀郡幾般妖氣,1
8710,郡幾般妖氣撲,1
8711,幾般妖氣撲神,1
8712,般妖氣撲神州,1
8713,妖氣撲神州唐,1
8714,氣撲神州唐堯,1
8715,撲神州唐堯縱,1
8716,神州唐堯縱禪,1
8717,州唐堯縱禪乾,1
8718,唐堯縱禪乾坤,1
8719,堯縱禪乾坤位,1
8720,縱禪乾坤位不,1
8721,禪乾坤位不是,1
8722,乾坤位不是重,1
8723,坤位不是重華,1
8724,位不是重華莫,1
8725,不是重華莫謾,1
8726,是重華莫謾求,1
8727,重華莫謾求十,1
8728,華莫謾求十五,1
8729,莫謾求十五轅,1
8730,謾求十五轅門,1
8731,求十五轅門學,1
8732,十五轅門學控,1
8733,五轅門學控弦,1
8734,轅門學控弦六,1
8735,門學控弦六街,1
8736,學控弦六街騎,1
8737,控弦六街騎馬,1
8738,弦六街騎馬去,1
8739,六街騎馬去如,1
8740,街騎馬去如煙,1
8741,騎馬去如煙金,1
8742,馬去如煙金多,1
8743,去如煙金多倍,1
8744,如煙金多倍著,1
8745,煙金多倍著牡,1
8746,金多倍著牡丹,1
8747,多倍著牡丹價,1
8748,倍著牡丹價發,1
8749,著牡丹價發白,1
8750,牡丹價發白未,1
8751,丹價發白未知,1
8752,價發白未知章,1
8753,發白未知章甫,1
8754,白未知章甫賢,1
8755,未知章甫賢有,1
8756,知章甫賢有耳,1
8757,章甫賢有耳不,1
8758,甫賢有耳不聞,1
8759,賢有耳不聞經,1
8760,有耳不聞經國,1
8761,耳不聞經國事,1
8762,不聞經國事拜,1
8763,聞經國事拜官,1
8764,經國事拜官方,1
8765,國事拜官方買,1
8766,事拜官方買謝,1
8767,拜官方買謝恩,1
8768,官方買謝恩箋,1
8769,方買謝恩箋相,1
8770,買謝恩箋相如,1
8771,謝恩箋相如謾,1
8772,恩箋相如謾說,1
8773,箋相如謾說淩,1
8774,相如謾說淩雲,1
8775,如謾說淩雲賦,1
8776,謾說淩雲賦四,1
8777,說淩雲賦四壁,1
8778,淩雲賦四壁何,1
8779,雲賦四壁何曾,1
8780,賦四壁何曾有,1
8781,四壁何曾有一,1
8782,壁何曾有一錢,1
8783,何曾有一錢曾,1
8784,曾有一錢曾轉,1
8785,有一錢曾轉雙,1
8786,一錢曾轉雙蓬,1
8787,錢曾轉雙蓬到,1
8788,曾轉雙蓬到玉,1
8789,轉雙蓬到玉京,1
8790,雙蓬到玉京宣,1
8791,蓬到玉京宣尼,1
8792,到玉京宣尼恩,1
8793,玉京宣尼恩奏,1
8794,京宣尼恩奏樂,1
8795,宣尼恩奏樂卿,1
8796,尼恩奏樂卿名,1
8797,恩奏樂卿名歌,1
8798,奏樂卿名歌殘,1
8799,樂卿名歌殘白,1
8800,卿名歌殘白石,1
8801,名歌殘白石扣,1
8802,歌殘白石扣牛,1
8803,殘白石扣牛角,1
8804,白石扣牛角賦,1
8805,石扣牛角賦換,1
8806,扣牛角賦換黃,1
8807,牛角賦換黃金,1
8808,角賦換黃金愛,1
8809,賦換黃金愛馬,1
8810,換黃金愛馬卿,1
8811,黃金愛馬卿滄,1
8812,金愛馬卿滄海,1
8813,愛馬卿滄海二,1
8814,馬卿滄海二隅,1
8815,卿滄海二隅身,1
8816,滄海二隅身漸,1
8817,海二隅身漸老,1
8818,二隅身漸老太,1
8819,隅身漸老太行,1
8820,身漸老太行千,1
8821,漸老太行千疊,1
8822,老太行千疊路,1
8823,太行千疊路難,1
8824,行千疊路難行,1
8825,千疊路難行夫,1
8826,疊路難行夫君,1
8827,路難行夫君才,1
8828,難行夫君才大,1
8829,行夫君才大官,1
8830,夫君才大官何,1
8831,君才大官何小,1
8832,才大官何小堪,1
8833,大官何小堪恨,1
8834,官何小堪恨人,1
8835,何小堪恨人間,1
8836,小堪恨人間事,1
8837,堪恨人間事不,1
8838,恨人間事不平,1
8839,人間事不平飛,1
8840,間事不平飛上,1
8841,事不平飛上鼇,1
8842,不平飛上鼇頭,1
8843,平飛上鼇頭侍,1
8844,飛上鼇頭侍玉,1
8845,上鼇頭侍玉皇,1
8846,鼇頭侍玉皇三,1
8847,頭侍玉皇三台,1
8848,侍玉皇三台遺,1
8849,玉皇三台遺耀,1
8850,皇三台遺耀換,1
8851,三台遺耀換餘,1
8852,台遺耀換餘光,1
8853,遺耀換餘光人,1
8854,耀換餘光人間,1
8855,換餘光人間搦,1
8856,餘光人間搦管,1
8857,光人間搦管窮,1
8858,人間搦管窮蒼,1
8859,間搦管窮蒼頡,1
8860,搦管窮蒼頡地,1
8861,管窮蒼頡地上,1
8862,窮蒼頡地上修,1
8863,蒼頡地上修文,1
8864,頡地上修文待,1
8865,地上修文待卜,1
8866,上修文待卜商,1
8867,修文待卜商真,1
8868,文待卜商真魄,1
8869,待卜商真魄肯,1
8870,卜商真魄肯隨,1
8871,商真魄肯隨金,1
8872,真魄肯隨金石,1
8873,魄肯隨金石化,1
8874,肯隨金石化真,1
8875,隨金石化真風,1
8876,金石化真風留,1
8877,石化真風留伴,1
8878,化真風留伴蕙,1
8879,真風留伴蕙蘭,1
8880,風留伴蕙蘭香,1
8881,留伴蕙蘭香皇,1
8882,伴蕙蘭香皇天,1
8883,蕙蘭香皇天未,1
8884,蘭香皇天未啟,1
8885,香皇天未啟升,1
8886,皇天未啟升平,1
8887,天未啟升平運,1
8888,未啟升平運不,1
8889,啟升平運不使,1
8890,升平運不使伊,1
8891,平運不使伊皋,1
8892,運不使伊皋相,1
8893,不使伊皋相禹,1
8894,使伊皋相禹湯,1
8895,伊皋相禹湯日,1
8896,皋相禹湯日月,1
8897,相禹湯日月無,1
8898,禹湯日月無情,1
8899,湯日月無情也,1
8900,日月無情也有,1
8901,月無情也有情,1
8902,無情也有情朝,1
8903,情也有情朝升,1
8904,也有情朝升夕,1
8905,有情朝升夕沒,1
8906,情朝升夕沒照,1
8907,朝升夕沒照均,1
8908,升夕沒照均平,1
8909,夕沒照均平雖,1
8910,沒照均平雖催,1
8911,照均平雖催前,1
8912,均平雖催前代,1
8913,平雖催前代英,1
8914,雖催前代英雄,1
8915,催前代英雄死,1
8916,前代英雄死還,1
8917,代英雄死還促,1
8918,英雄死還促後,1
8919,雄死還促後來,1
8920,死還促後來賢,1
8921,還促後來賢聖,1
8922,促後來賢聖生,1
8923,後來賢聖生三,1
8924,來賢聖生三尺,1
8925,賢聖生三尺靈,1
8926,聖生三尺靈烏,1
8927,生三尺靈烏金,1
8928,三尺靈烏金借,1
8929,尺靈烏金借耀,1
8930,靈烏金借耀一,1
8931,烏金借耀一輪,1
8932,金借耀一輪飛,1
8933,借耀一輪飛鏡,1
8934,耀一輪飛鏡水,1
8935,一輪飛鏡水饒,1
8936,輪飛鏡水饒清,1
8937,飛鏡水饒清憑,1
8938,鏡水饒清憑誰,1
8939,水饒清憑誰築,1
8940,饒清憑誰築斷,1
8941,清憑誰築斷東,1
8942,憑誰築斷東溟,1
8943,誰築斷東溟路,1
8944,築斷東溟路龍,1
8945,斷東溟路龍影,1
8946,東溟路龍影蟬,1
8947,溟路龍影蟬光,1
8948,路龍影蟬光免,1
8949,龍影蟬光免運,1
8950,影蟬光免運行,1
8951,蟬光免運行雲,1
8952,光免運行雲際,1
8953,免運行雲際嬋,1
8954,運行雲際嬋娟,1
8955,行雲際嬋娟出,1
8956,雲際嬋娟出又,1
8957,際嬋娟出又藏,1
8958,嬋娟出又藏美,1
8959,娟出又藏美人,1
8960,出又藏美人腸,1
8961,又藏美人腸斷,1
8962,藏美人腸斷拜,1
8963,美人腸斷拜金,1
8964,人腸斷拜金方,1
8965,腸斷拜金方姮,1
8966,斷拜金方姮娥,1
8967,拜金方姮娥一,1
8968,金方姮娥一隻,1
8969,方姮娥一隻眉,1
8970,姮娥一隻眉先,1
8971,娥一隻眉先掃,1
8972,一隻眉先掃織,1
8973,隻眉先掃織女,1
8974,眉先掃織女三,1
8975,先掃織女三分,1
8976,掃織女三分鏡,1
8977,織女三分鏡未,1
8978,女三分鏡未光,1
8979,三分鏡未光珠,1
8980,分鏡未光珠箔,1
8981,鏡未光珠箔寄,1
8982,未光珠箔寄鉤,1
8983,光珠箔寄鉤懸,1
8984,珠箔寄鉤懸杳,1
8985,箔寄鉤懸杳靄,1
8986,寄鉤懸杳靄白,1
8987,鉤懸杳靄白龍,1
8988,懸杳靄白龍遺,1
8989,杳靄白龍遺爪,1
8990,靄白龍遺爪印,1
8991,白龍遺爪印穹,1
8992,龍遺爪印穹蒼,1
8993,遺爪印穹蒼更,1
8994,爪印穹蒼更期,1
8995,印穹蒼更期十,1
8996,穹蒼更期十五,1
8997,蒼更期十五圓,1
8998,更期十五圓明,1
8999,期十五圓明夜,1
9000,十五圓明夜與,1
9001,五圓明夜與破,1
9002,圓明夜與破陰,1
9003,明夜與破陰霾,1
9004,夜與破陰霾照,1
9005,與破陰霾照八,1
9006,破陰霾照八荒,1
9007,陰霾照八荒無,1
9008,霾照八荒無根,1
9009,照八荒無根無,1
9010,八荒無根無蒂,1
9011,荒無根無蒂結,1
9012,無根無蒂結還,1
9013,根無蒂結還融,1
9014,無蒂結還融曾,1
9015,蒂結還融曾觸,1
9016,結還融曾觸嵐,1
9017,還融曾觸嵐光,1
9018,融曾觸嵐光徹,1
9019,曾觸嵐光徹底,1
9020,觸嵐光徹底空,1
9021,嵐光徹底空不,1
9022,光徹底空不散,1
9023,徹底空不散幾,1
9024,底空不散幾知,1
9025,空不散幾知離,1
9026,不散幾知離畢,1
9027,散幾知離畢雨,1
9028,幾知離畢雨欲,1
9029,知離畢雨欲飛,1
9030,離畢雨欲飛須,1
9031,畢雨欲飛須待,1
9032,雨欲飛須待落,1
9033,欲飛須待落花,1
9034,飛須待落花風,1
9035,須待落花風玲,1
9036,待落花風玲瓏,1
9037,落花風玲瓏薄,1
9038,花風玲瓏薄展,1
9039,風玲瓏薄展蛟,1
9040,玲瓏薄展蛟綃,1
9041,瓏薄展蛟綃片,1
9042,薄展蛟綃片冪,1
9043,展蛟綃片冪曆,1
9044,蛟綃片冪曆輕,1
9045,綃片冪曆輕含,1
9046,片冪曆輕含鳳,1
9047,冪曆輕含鳳竹,1
9048,曆輕含鳳竹叢,1
9049,輕含鳳竹叢瓊,1
9050,含鳳竹叢瓊什,1
9051,鳳竹叢瓊什捧,1
9052,竹叢瓊什捧來,1
9053,叢瓊什捧來思,1
9054,瓊什捧來思舊,1
9055,什捧來思舊隱,1
9056,捧來思舊隱撲,1
9057,來思舊隱撲窗,1
9058,思舊隱撲窗穿,1
9059,舊隱撲窗穿戶,1
9060,隱撲窗穿戶曉,1
9061,撲窗穿戶曉溟,1
9062,窗穿戶曉溟蒙,1
9063,穿戶曉溟蒙領,1
9064,戶曉溟蒙領得,1
9065,曉溟蒙領得春,1
9066,溟蒙領得春光,1
9067,蒙領得春光在,1
9068,領得春光在帝,1
9069,得春光在帝家,1
9070,春光在帝家早,1
9071,光在帝家早從,1
9072,在帝家早從深,1
9073,帝家早從深谷,1
9074,家早從深谷出,1
9075,早從深谷出煙,1
9076,從深谷出煙霞,1
9077,深谷出煙霞閑,1
9078,谷出煙霞閑棲,1
9079,出煙霞閑棲仙,1
9080,煙霞閑棲仙禁,1
9081,霞閑棲仙禁日,1
9082,閑棲仙禁日邊,1
9083,棲仙禁日邊柳,1
9084,仙禁日邊柳饑,1
9085,禁日邊柳饑啄,1
9086,日邊柳饑啄禦,1
9087,邊柳饑啄禦園,1
9088,柳饑啄禦園天,1
9089,饑啄禦園天上,1
9090,啄禦園天上花,1
9091,禦園天上花睍,1
9092,園天上花睍睆,1
9093,天上花睍睆只,1
9094,上花睍睆只宜,1
9095,花睍睆只宜陪,1
9096,睍睆只宜陪閣,1
9097,睆只宜陪閣鳳,1
9098,只宜陪閣鳳間,1
9099,宜陪閣鳳間關,1
9100,陪閣鳳間關多,1
9101,閣鳳間關多是,1
9102,鳳間關多是問,1
9103,間關多是問宮,1
9104,關多是問宮娃,1
9105,多是問宮娃可,1
9106,是問宮娃可憐,1
9107,問宮娃可憐鸚,1
9108,宮娃可憐鸚鵡,1
9109,娃可憐鸚鵡矜,1
9110,可憐鸚鵡矜言,1
9111,憐鸚鵡矜言語,1
9112,鸚鵡矜言語長,1
9113,鵡矜言語長閉,1
9114,矜言語長閉雕,1
9115,言語長閉雕籠,1
9116,語長閉雕籠歲,1
9117,長閉雕籠歲月,1
9118,閉雕籠歲月賒,1
9119,雕籠歲月賒鬢,1
9120,籠歲月賒鬢添,1
9121,歲月賒鬢添華,1
9122,月賒鬢添華髮,1
9123,賒鬢添華髮數,1
9124,鬢添華髮數莖,1
9125,添華髮數莖新,1
9126,華髮數莖新羅,1
9127,髮數莖新羅雀,1
9128,數莖新羅雀門,1
9129,莖新羅雀門前,1
9130,新羅雀門前絕,1
9131,羅雀門前絕故,1
9132,雀門前絕故人,1
9133,門前絕故人減,1
9134,前絕故人減食,1
9135,絕故人減食為,1
9136,故人減食為緣,1
9137,人減食為緣疏,1
9138,減食為緣疏五,1
9139,食為緣疏五味,1
9140,為緣疏五味不,1
9141,緣疏五味不眠,1
9142,疏五味不眠非,1
9143,五味不眠非是,1
9144,味不眠非是守,1
9145,不眠非是守庚,1
9146,眠非是守庚申,1
9147,非是守庚申深,1
9148,是守庚申深園,1
9149,守庚申深園竹,1
9150,庚申深園竹綠,1
9151,申深園竹綠齊,1
9152,深園竹綠齊抽,1
9153,園竹綠齊抽筍,1
9154,竹綠齊抽筍古,1
9155,綠齊抽筍古木,1
9156,齊抽筍古木蛇,1
9157,抽筍古木蛇青,1
9158,筍古木蛇青自,1
9159,古木蛇青自脫,1
9160,木蛇青自脫鱗,1
9161,蛇青自脫鱗天,1
9162,青自脫鱗天地,1
9163,自脫鱗天地有,1
9164,脫鱗天地有爐,1
9165,鱗天地有爐長,1
9166,天地有爐長鑄,1
9167,地有爐長鑄物,1
9168,有爐長鑄物濁,1
9169,爐長鑄物濁泥,1
9170,長鑄物濁泥遺,1
9171,鑄物濁泥遺塊,1
9172,物濁泥遺塊待,1
9173,濁泥遺塊待陶,1
9174,泥遺塊待陶鈞,1
9175,遺塊待陶鈞到,1
9176,塊待陶鈞到來,1
9177,待陶鈞到來峭,1
9178,陶鈞到來峭壁,1
9179,鈞到來峭壁白,1
9180,到來峭壁白雲,1
9181,來峭壁白雲齊,1
9182,峭壁白雲齊載,1
9183,壁白雲齊載酒,1
9184,白雲齊載酒春,1
9185,雲齊載酒春遊,1
9186,齊載酒春遊渡,1
9187,載酒春遊渡九,1
9188,酒春遊渡九溪,1
9189,春遊渡九溪鐵,1
9190,遊渡九溪鐵嶂,1
9191,渡九溪鐵嶂有,1
9192,九溪鐵嶂有樓,1
9193,溪鐵嶂有樓霾,1
9194,鐵嶂有樓霾欲,1
9195,嶂有樓霾欲墮,1
9196,有樓霾欲墮石,1
9197,樓霾欲墮石門,1
9198,霾欲墮石門無,1
9199,欲墮石門無鎖,1
9200,墮石門無鎖路,1
9201,石門無鎖路還,1
9202,門無鎖路還迷,1
9203,無鎖路還迷湖,1
9204,鎖路還迷湖頭,1
9205,路還迷湖頭鯉,1
9206,還迷湖頭鯉去,1
9207,迷湖頭鯉去轟,1
9208,湖頭鯉去轟雷,1
9209,頭鯉去轟雷在,1
9210,鯉去轟雷在樹,1
9211,去轟雷在樹杪,1
9212,轟雷在樹杪猿,1
9213,雷在樹杪猿啼,1
9214,在樹杪猿啼落,1
9215,樹杪猿啼落日,1
9216,杪猿啼落日低,1
9217,猿啼落日低回,1
9218,啼落日低回首,1
9219,落日低回首浮,1
9220,日低回首浮生,1
9221,低回首浮生真,1
9222,回首浮生真幻,1
9223,首浮生真幻夢,1
9224,浮生真幻夢何,1
9225,生真幻夢何如,1
9226,真幻夢何如斯,1
9227,幻夢何如斯地,1
9228,夢何如斯地傍,1
9229,何如斯地傍幽,1
9230,如斯地傍幽棲,1
9231,斯地傍幽棲雙,1
9232,地傍幽棲雙鷺,1
9233,傍幽棲雙鷺雕,1
9234,幽棲雙鷺雕籠,1
9235,棲雙鷺雕籠昨,1
9236,雙鷺雕籠昨夜,1
9237,鷺雕籠昨夜開,1
9238,雕籠昨夜開月,1
9239,籠昨夜開月明,1
9240,昨夜開月明飛,1
9241,夜開月明飛出,1
9242,開月明飛出立,1
9243,月明飛出立庭,1
9244,明飛出立庭隈,1
9245,飛出立庭隈但,1
9246,出立庭隈但教,1
9247,立庭隈但教綠,1
9248,庭隈但教綠水,1
9249,隈但教綠水池,1
9250,但教綠水池塘,1
9251,教綠水池塘在,1
9252,綠水池塘在自,1
9253,水池塘在自有,1
9254,池塘在自有碧,1
9255,塘在自有碧天,1
9256,在自有碧天鴻,1
9257,自有碧天鴻雁,1
9258,有碧天鴻雁來,1
9259,碧天鴻雁來清,1
9260,天鴻雁來清韻,1
9261,鴻雁來清韻叫,1
9262,雁來清韻叫霜,1
9263,來清韻叫霜歸,1
9264,清韻叫霜歸島,1
9265,韻叫霜歸島樹,1
9266,叫霜歸島樹素,1
9267,霜歸島樹素翎,1
9268,歸島樹素翎遺,1
9269,島樹素翎遺雪,1
9270,樹素翎遺雪落,1
9271,素翎遺雪落漁,1
9272,翎遺雪落漁台,1
9273,遺雪落漁台何,1
9274,雪落漁台何人,1
9275,落漁台何人為,1
9276,漁台何人為我,1
9277,台何人為我追,1
9278,何人為我追尋,1
9279,人為我追尋得,1
9280,為我追尋得重,1
9281,我追尋得重勸,1
9282,追尋得重勸溪,1
9283,尋得重勸溪翁,1
9284,得重勸溪翁酒,1
9285,重勸溪翁酒一,1
9286,勸溪翁酒一杯,1
9287,溪翁酒一杯繡,1
9288,翁酒一杯繡僕,1
9289,酒一杯繡僕梅,1
9290,一杯繡僕梅兼,1
9291,杯繡僕梅兼羽,1
9292,繡僕梅兼羽翼,1
9293,僕梅兼羽翼全,1
9294,梅兼羽翼全楚,1
9295,兼羽翼全楚雞,1
9296,羽翼全楚雞非,1
9297,翼全楚雞非瑞,1
9298,全楚雞非瑞莫,1
9299,楚雞非瑞莫爭,1
9300,雞非瑞莫爭先,1
9301,非瑞莫爭先啼,1
9302,瑞莫爭先啼歸,1
9303,莫爭先啼歸明,1
9304,爭先啼歸明月,1
9305,先啼歸明月落,1
9306,啼歸明月落邊,1
9307,歸明月落邊樹,1
9308,明月落邊樹飛,1
9309,月落邊樹飛入,1
9310,落邊樹飛入百,1
9311,邊樹飛入百花,1
9312,樹飛入百花深,1
9313,飛入百花深處,1
9314,入百花深處煙,1
9315,百花深處煙避,1
9316,花深處煙避燒,1
9317,深處煙避燒幾,1
9318,處煙避燒幾曾,1
9319,煙避燒幾曾遺,1
9320,避燒幾曾遺遠,1
9321,燒幾曾遺遠岫,1
9322,幾曾遺遠岫引,1
9323,曾遺遠岫引雛,1
9324,遺遠岫引雛時,1
9325,遠岫引雛時見,1
9326,岫引雛時見飲,1
9327,引雛時見飲晴,1
9328,雛時見飲晴川,1
9329,時見飲晴川荔,1
9330,見飲晴川荔枝,1
9331,飲晴川荔枝初,1
9332,晴川荔枝初熟,1
9333,川荔枝初熟無,1
9334,荔枝初熟無人,1
9335,枝初熟無人際,1
9336,初熟無人際啄,1
9337,熟無人際啄破,1
9338,無人際啄破紅,1
9339,人際啄破紅苞,1
9340,際啄破紅苞墜,1
9341,啄破紅苞墜野,1
9342,破紅苞墜野田,1
9343,紅苞墜野田害,1
9344,苞墜野田害物,1
9345,墜野田害物傷,1
9346,野田害物傷生,1
9347,田害物傷生性,1
9348,害物傷生性豈,1
9349,物傷生性豈馴,1
9350,傷生性豈馴且,1
9351,生性豈馴且宜,1
9352,性豈馴且宜籠,1
9353,豈馴且宜籠罩,1
9354,馴且宜籠罩待,1
9355,且宜籠罩待知,1
9356,宜籠罩待知人,1
9357,籠罩待知人惟,1
9358,罩待知人惟擒,1
9359,待知人惟擒燕,1
9360,知人惟擒燕雀,1
9361,人惟擒燕雀啖,1
9362,惟擒燕雀啖腥,1
9363,擒燕雀啖腥血,1
9364,燕雀啖腥血卻,1
9365,雀啖腥血卻笑,1
9366,啖腥血卻笑鸞,1
9367,腥血卻笑鸞皇,1
9368,血卻笑鸞皇啄,1
9369,卻笑鸞皇啄翠,1
9370,笑鸞皇啄翠筠,1
9371,鸞皇啄翠筠狡,1
9372,皇啄翠筠狡兔,1
9373,啄翠筠狡兔穴,1
9374,翠筠狡兔穴多,1
9375,筠狡兔穴多非,1
9376,狡兔穴多非爾,1
9377,兔穴多非爾識,1
9378,穴多非爾識鳴,1
9379,多非爾識鳴鳩,1
9380,非爾識鳴鳩脰,1
9381,爾識鳴鳩脰短,1
9382,識鳴鳩脰短罰,1
9383,鳴鳩脰短罰君,1
9384,鳩脰短罰君身,1
9385,脰短罰君身豪,1
9386,短罰君身豪門,1
9387,罰君身豪門不,1
9388,君身豪門不讀,1
9389,身豪門不讀詩,1
9390,豪門不讀詩書,1
9391,門不讀詩書者,1
9392,不讀詩書者走,1
9393,讀詩書者走馬,1
9394,詩書者走馬平,1
9395,書者走馬平原,1
9396,者走馬平原放,1
9397,走馬平原放玩,1
9398,馬平原放玩頻,1
9399,平原放玩頻縹,1
9400,原放玩頻縹緲,1
9401,放玩頻縹緲青,1
9402,玩頻縹緲青蟲,1
9403,頻縹緲青蟲脫,1
9404,縹緲青蟲脫殼,1
9405,緲青蟲脫殼微,1
9406,青蟲脫殼微不,1
9407,蟲脫殼微不堪,1
9408,脫殼微不堪煙,1
9409,殼微不堪煙重,1
9410,微不堪煙重雨,1
9411,不堪煙重雨霏,1
9412,堪煙重雨霏霏,1
9413,煙重雨霏霏一,1
9414,重雨霏霏一枝,1
9415,雨霏霏一枝穠,1
9416,霏霏一枝穠豔,1
9417,霏一枝穠豔留,1
9418,一枝穠豔留教,1
9419,枝穠豔留教住,1
9420,穠豔留教住幾,1
9421,豔留教住幾處,1
9422,留教住幾處春,1
9423,教住幾處春風,1
9424,住幾處春風借,1
9425,幾處春風借與,1
9426,處春風借與飛,1
9427,春風借與飛防,1
9428,風借與飛防患,1
9429,借與飛防患每,1
9430,與飛防患每憂,1
9431,飛防患每憂雞,1
9432,防患每憂雞雀,1
9433,患每憂雞雀口,1
9434,每憂雞雀口憐,1
9435,憂雞雀口憐香,1
9436,雞雀口憐香偏,1
9437,雀口憐香偏繞,1
9438,口憐香偏繞綺,1
9439,憐香偏繞綺羅,1
9440,香偏繞綺羅衣,1
9441,偏繞綺羅衣無,1
9442,繞綺羅衣無情,1
9443,綺羅衣無情豈,1
9444,羅衣無情豈解,1
9445,衣無情豈解關,1
9446,無情豈解關魂,1
9447,情豈解關魂夢,1
9448,豈解關魂夢莫,1
9449,解關魂夢莫信,1
9450,關魂夢莫信莊,1
9451,魂夢莫信莊周,1
9452,夢莫信莊周說,1
9453,莫信莊周說是,1
9454,信莊周說是非,1
9455,莊周說是非拂,1
9456,周說是非拂綠,1
9457,說是非拂綠穿,1
9458,是非拂綠穿紅,1
9459,非拂綠穿紅麗,1
9460,拂綠穿紅麗日,1
9461,綠穿紅麗日長,1
9462,穿紅麗日長一,1
9463,紅麗日長一生,1
9464,麗日長一生心,1
9465,日長一生心事,1
9466,長一生心事住,1
9467,一生心事住春,1
9468,生心事住春光,1
9469,心事住春光最,1
9470,事住春光最嫌,1
9471,住春光最嫌神,1
9472,春光最嫌神女,1
9473,光最嫌神女來,1
9474,最嫌神女來行,1
9475,嫌神女來行雨,1
9476,神女來行雨愛,1
9477,女來行雨愛伴,1
9478,來行雨愛伴西,1
9479,行雨愛伴西施,1
9480,雨愛伴西施去,1
9481,愛伴西施去采,1
9482,伴西施去采香,1
9483,西施去采香風,1
9484,施去采香風定,1
9485,去采香風定只,1
9486,采香風定只應,1
9487,香風定只應攢,1
9488,風定只應攢蕊,1
9489,定只應攢蕊粉,1
9490,只應攢蕊粉夜,1
9491,應攢蕊粉夜寒,1
9492,攢蕊粉夜寒長,1
9493,蕊粉夜寒長是,1
9494,粉夜寒長是宿,1
9495,夜寒長是宿花,1
9496,寒長是宿花房,1
9497,長是宿花房鳴,1
9498,是宿花房鳴蟬,1
9499,宿花房鳴蟬性,1
9500,花房鳴蟬性分,1
9501,房鳴蟬性分殊,1
9502,鳴蟬性分殊迂,1
9503,蟬性分殊迂闊,1
9504,性分殊迂闊空,1
9505,分殊迂闊空解,1
9506,殊迂闊空解三,1
9507,迂闊空解三秋,1
9508,闊空解三秋噪,1
9509,空解三秋噪夕,1
9510,解三秋噪夕陽,1
9511,三秋噪夕陽寶,1
9512,秋噪夕陽寶器,1
9513,噪夕陽寶器一,1
9514,夕陽寶器一泓,1
9515,陽寶器一泓銀,1
9516,寶器一泓銀漢,1
9517,器一泓銀漢水,1
9518,一泓銀漢水錦,1
9519,泓銀漢水錦鱗,1
9520,銀漢水錦鱗才,1
9521,漢水錦鱗才動,1
9522,水錦鱗才動即,1
9523,錦鱗才動即先,1
9524,鱗才動即先知,1
9525,才動即先知似,1
9526,動即先知似涵,1
9527,即先知似涵明,1
9528,先知似涵明月,1
9529,知似涵明月波,1
9530,似涵明月波寧,1
9531,涵明月波寧隔,1
9532,明月波寧隔欲,1
9533,月波寧隔欲上,1
9534,波寧隔欲上輕,1
9535,寧隔欲上輕冰,1
9536,隔欲上輕冰律,1
9537,欲上輕冰律未,1
9538,上輕冰律未移,1
9539,輕冰律未移薄,1
9540,冰律未移薄霧,1
9541,律未移薄霧罩,1
9542,未移薄霧罩來,1
9543,移薄霧罩來分,1
9544,薄霧罩來分咫,1
9545,霧罩來分咫尺,1
9546,罩來分咫尺碧,1
9547,來分咫尺碧綃,1
9548,分咫尺碧綃籠,1
9549,咫尺碧綃籠處,1
9550,尺碧綃籠處較,1
9551,碧綃籠處較毫,1
9552,綃籠處較毫釐,1
9553,籠處較毫釐文,1
9554,處較毫釐文翁,1
9555,較毫釐文翁未,1
9556,毫釐文翁未得,1
9557,釐文翁未得沈,1
9558,文翁未得沈香,1
9559,翁未得沈香餌,1
9560,未得沈香餌擬,1
9561,得沈香餌擬置,1
9562,沈香餌擬置金,1
9563,香餌擬置金盤,1
9564,餌擬置金盤召,1
9565,擬置金盤召左,1
9566,置金盤召左慈,1
9567,金盤召左慈寶,1
9568,盤召左慈寶持,1
9569,召左慈寶持多,1
9570,左慈寶持多用,1
9571,慈寶持多用繡,1
9572,寶持多用繡為,1
9573,持多用繡為囊,1
9574,多用繡為囊雙,1
9575,用繡為囊雙日,1
9576,繡為囊雙日交,1
9577,為囊雙日交加,1
9578,囊雙日交加兩,1
9579,雙日交加兩鬢,1
9580,日交加兩鬢霜,1
9581,交加兩鬢霜金,1
9582,加兩鬢霜金匣,1
9583,兩鬢霜金匣掠,1
9584,鬢霜金匣掠平,1
9585,霜金匣掠平花,1
9586,金匣掠平花翡,1
9587,匣掠平花翡翠,1
9588,掠平花翡翠綠,1
9589,平花翡翠綠窗,1
9590,花翡翠綠窗裁,1
9591,翡翠綠窗裁破,1
9592,翠綠窗裁破錦,1
9593,綠窗裁破錦鴛,1
9594,窗裁破錦鴛鴦,1
9595,裁破錦鴛鴦初,1
9596,破錦鴛鴦初栽,1
9597,錦鴛鴦初栽連,1
9598,鴛鴦初栽連理,1
9599,鴦初栽連理枝,1
9600,初栽連理枝猶,1
9601,栽連理枝猶短,1
9602,連理枝猶短誤,1
9603,理枝猶短誤綰,1
9604,枝猶短誤綰同,1
9605,猶短誤綰同心,1
9606,短誤綰同心帶,1
9607,誤綰同心帶不,1
9608,綰同心帶不長,1
9609,同心帶不長欲,1
9610,心帶不長欲制,1
9611,帶不長欲制縕,1
9612,不長欲制縕袍,1
9613,長欲制縕袍先,1
9614,欲制縕袍先把,1
9615,制縕袍先把看,1
9616,縕袍先把看質,1
9617,袍先把看質非,1
9618,先把看質非紈,1
9619,把看質非紈綺,1
9620,看質非紈綺愧,1
9621,質非紈綺愧銛,1
9622,非紈綺愧銛鋩,1
9623,紈綺愧銛鋩文,1
9624,綺愧銛鋩文采,1
9625,愧銛鋩文采鴛,1
9626,銛鋩文采鴛鴦,1
9627,鋩文采鴛鴦罷,1
9628,文采鴛鴦罷合,1
9629,采鴛鴦罷合歡,1
9630,鴛鴦罷合歡細,1
9631,鴦罷合歡細柔,1
9632,罷合歡細柔輕,1
9633,合歡細柔輕綴,1
9634,歡細柔輕綴好,1
9635,細柔輕綴好魚,1
9636,柔輕綴好魚箋,1
9637,輕綴好魚箋一,1
9638,綴好魚箋一床,1
9639,好魚箋一床明,1
9640,魚箋一床明月,1
9641,箋一床明月蓋,1
9642,一床明月蓋歸,1
9643,床明月蓋歸夢,1
9644,明月蓋歸夢數,1
9645,月蓋歸夢數尺,1
9646,蓋歸夢數尺白,1
9647,歸夢數尺白雲,1
9648,夢數尺白雲籠,1
9649,數尺白雲籠冷,1
9650,尺白雲籠冷眠,1
9651,白雲籠冷眠披,1
9652,雲籠冷眠披對,1
9653,籠冷眠披對勁,1
9654,冷眠披對勁風,1
9655,眠披對勁風溫,1
9656,披對勁風溫勝,1
9657,對勁風溫勝酒,1
9658,勁風溫勝酒擁,1
9659,風溫勝酒擁聽,1
9660,溫勝酒擁聽寒,1
9661,勝酒擁聽寒雨,1
9662,酒擁聽寒雨暖,1
9663,擁聽寒雨暖於,1
9664,聽寒雨暖於綿,1
9665,寒雨暖於綿赤,1
9666,雨暖於綿赤眉,1
9667,暖於綿赤眉豪,1
9668,於綿赤眉豪客,1
9669,綿赤眉豪客見,1
9670,赤眉豪客見皆,1
9671,眉豪客見皆笑,1
9672,豪客見皆笑卻,1
9673,客見皆笑卻問,1
9674,見皆笑卻問儒,1
9675,皆笑卻問儒生,1
9676,笑卻問儒生直,1
9677,卻問儒生直幾,1
9678,問儒生直幾錢,1
9679,儒生直幾錢幾,1
9680,生直幾錢幾笑,1
9681,直幾錢幾笑文,1
9682,幾錢幾笑文園,1
9683,錢幾笑文園四,1
9684,幾笑文園四壁,1
9685,笑文園四壁空,1
9686,文園四壁空避,1
9687,園四壁空避寒,1
9688,四壁空避寒深,1
9689,壁空避寒深入,1
9690,空避寒深入剡,1
9691,避寒深入剡藤,1
9692,寒深入剡藤中,1
9693,深入剡藤中誤,1
9694,入剡藤中誤懸,1
9695,剡藤中誤懸謝,1
9696,藤中誤懸謝守,1
9697,中誤懸謝守澄,1
9698,誤懸謝守澄江,1
9699,懸謝守澄江練,1
9700,謝守澄江練自,1
9701,守澄江練自宿,1
9702,澄江練自宿嫦,1
9703,江練自宿嫦娥,1
9704,練自宿嫦娥白,1
9705,自宿嫦娥白兔,1
9706,宿嫦娥白兔宮,1
9707,嫦娥白兔宮幾,1
9708,娥白兔宮幾疊,1
9709,白兔宮幾疊玉,1
9710,兔宮幾疊玉山,1
9711,宮幾疊玉山開,1
9712,幾疊玉山開洞,1
9713,疊玉山開洞壑,1
9714,玉山開洞壑半,1
9715,山開洞壑半岩,1
9716,開洞壑半岩春,1
9717,洞壑半岩春霧,1
9718,壑半岩春霧結,1
9719,半岩春霧結房,1
9720,岩春霧結房櫳,1
9721,春霧結房櫳針,1
9722,霧結房櫳針羅,1
9723,結房櫳針羅截,1
9724,房櫳針羅截錦,1
9725,櫳針羅截錦饒,1
9726,針羅截錦饒君,1
9727,羅截錦饒君侈,1
9728,截錦饒君侈爭,1
9729,錦饒君侈爭及,1
9730,饒君侈爭及蒙,1
9731,君侈爭及蒙茸,1
9732,侈爭及蒙茸暖,1
9733,爭及蒙茸暖避,1
9734,及蒙茸暖避風,1
9735,蒙茸暖避風捩,1
9736,茸暖避風捩翠,1
9737,暖避風捩翠融,1
9738,避風捩翠融青,1
9739,風捩翠融青瑞,1
9740,捩翠融青瑞色,1
9741,翠融青瑞色新,1
9742,融青瑞色新陶,1
9743,青瑞色新陶成,1
9744,瑞色新陶成先,1
9745,色新陶成先得,1
9746,新陶成先得貢,1
9747,陶成先得貢吾,1
9748,成先得貢吾君,1
9749,先得貢吾君功,1
9750,得貢吾君功剜,1
9751,貢吾君功剜明,1
9752,吾君功剜明月,1
9753,君功剜明月染,1
9754,功剜明月染春,1
9755,剜明月染春水,1
9756,明月染春水輕,1
9757,月染春水輕旋,1
9758,染春水輕旋薄,1
9759,春水輕旋薄冰,1
9760,水輕旋薄冰盛,1
9761,輕旋薄冰盛綠,1
9762,旋薄冰盛綠雲,1
9763,薄冰盛綠雲古,1
9764,冰盛綠雲古鏡,1
9765,盛綠雲古鏡破,1
9766,綠雲古鏡破苔,1
9767,雲古鏡破苔當,1
9768,古鏡破苔當席,1
9769,鏡破苔當席上,1
9770,破苔當席上嫩,1
9771,苔當席上嫩荷,1
9772,當席上嫩荷涵,1
9773,席上嫩荷涵露,1
9774,上嫩荷涵露別,1
9775,嫩荷涵露別江,1
9776,荷涵露別江濆,1
9777,涵露別江濆中,1
9778,露別江濆中山,1
9779,別江濆中山竹,1
9780,江濆中山竹葉,1
9781,濆中山竹葉醅,1
9782,中山竹葉醅初,1
9783,山竹葉醅初發,1
9784,竹葉醅初發多,1
9785,葉醅初發多病,1
9786,醅初發多病那,1
9787,初發多病那堪,1
9788,發多病那堪中,1
9789,多病那堪中十,1
9790,病那堪中十分,1
9791,那堪中十分筇,1
9792,堪中十分筇竹,1
9793,中十分筇竹岩,1
9794,十分筇竹岩邊,1
9795,分筇竹岩邊剔,1
9796,筇竹岩邊剔翠,1
9797,竹岩邊剔翠苔,1
9798,岩邊剔翠苔錦,1
9799,邊剔翠苔錦江,1
9800,剔翠苔錦江波,1
9801,翠苔錦江波冷,1
9802,苔錦江波冷洗,1
9803,錦江波冷洗瓊,1
9804,江波冷洗瓊瑰,1
9805,波冷洗瓊瑰累,1
9806,冷洗瓊瑰累累,1
9807,洗瓊瑰累累節,1
9808,瓊瑰累累節轉,1
9809,瑰累累節轉蒼,1
9810,累累節轉蒼龍,1
9811,累節轉蒼龍骨,1
9812,節轉蒼龍骨寸,1
9813,轉蒼龍骨寸寸,1
9814,蒼龍骨寸寸珠,1
9815,龍骨寸寸珠聯,1
9816,骨寸寸珠聯巨,1
9817,寸寸珠聯巨蚌,1
9818,寸珠聯巨蚌胎,1
9819,珠聯巨蚌胎須,1
9820,聯巨蚌胎須向,1
9821,巨蚌胎須向廣,1
9822,蚌胎須向廣場,1
9823,胎須向廣場驅,1
9824,須向廣場驅駔,1
9825,向廣場驅駔駿,1
9826,廣場驅駔駿莫,1
9827,場驅駔駿莫從,1
9828,驅駔駿莫從閑,1
9829,駔駿莫從閑處,1
9830,駿莫從閑處撻,1
9831,莫從閑處撻駑,1
9832,從閑處撻駑駘,1
9833,閑處撻駑駘甯,1
9834,處撻駑駘甯同,1
9835,撻駑駘甯同晉,1
9836,駑駘甯同晉帝,1
9837,駘甯同晉帝環,1
9838,甯同晉帝環營,1
9839,同晉帝環營日,1
9840,晉帝環營日拋,1
9841,帝環營日拋賺,1
9842,環營日拋賺中,1
9843,營日拋賺中途,1
9844,日拋賺中途後,1
9845,拋賺中途後騎,1
9846,賺中途後騎來,1
9847,中途後騎來素,1
9848,途後騎來素節,1
9849,後騎來素節輕,1
9850,騎來素節輕盈,1
9851,來素節輕盈珠,1
9852,素節輕盈珠影,1
9853,節輕盈珠影勻,1
9854,輕盈珠影勻何,1
9855,盈珠影勻何人,1
9856,珠影勻何人巧,1
9857,影勻何人巧思,1
9858,勻何人巧思間,1
9859,何人巧思間成,1
9860,人巧思間成文,1
9861,巧思間成文閑,1
9862,思間成文閑垂,1
9863,間成文閑垂別,1
9864,成文閑垂別殿,1
9865,文閑垂別殿風,1
9866,閑垂別殿風應,1
9867,垂別殿風應度,1
9868,別殿風應度半,1
9869,殿風應度半掩,1
9870,風應度半掩行,1
9871,應度半掩行宮,1
9872,度半掩行宮麝,1
9873,半掩行宮麝欲,1
9874,掩行宮麝欲熏,1
9875,行宮麝欲熏繡,1
9876,宮麝欲熏繡戶,1
9877,麝欲熏繡戶遠,1
9878,欲熏繡戶遠籠,1
9879,熏繡戶遠籠寒,1
9880,繡戶遠籠寒焰,1
9881,戶遠籠寒焰重,1
9882,遠籠寒焰重玉,1
9883,籠寒焰重玉樓,1
9884,寒焰重玉樓高,1
9885,焰重玉樓高掛,1
9886,重玉樓高掛曙,1
9887,玉樓高掛曙光,1
9888,樓高掛曙光分,1
9889,高掛曙光分無,1
9890,掛曙光分無情,1
9891,曙光分無情幾,1
9892,光分無情幾恨,1
9893,分無情幾恨黃,1
9894,無情幾恨黃昏,1
9895,情幾恨黃昏月,1
9896,幾恨黃昏月才,1
9897,恨黃昏月才到,1
9898,黃昏月才到如,1
9899,昏月才到如鉤,1
9900,月才到如鉤便,1
9901,才到如鉤便墮,1
9902,到如鉤便墮雲,1
9903,如鉤便墮雲分,1
9904,鉤便墮雲分影,1
9905,便墮雲分影由,1
9906,墮雲分影由來,1
9907,雲分影由來恨,1
9908,分影由來恨不,1
9909,影由來恨不同,1
9910,由來恨不同綠,1
9911,來恨不同綠窗,1
9912,恨不同綠窗孤,1
9913,不同綠窗孤館,1
9914,同綠窗孤館兩,1
9915,綠窗孤館兩何,1
9916,窗孤館兩何窮,1
9917,孤館兩何窮熒,1
9918,館兩何窮熒煌,1
9919,兩何窮熒煌短,1
9920,何窮熒煌短焰,1
9921,窮熒煌短焰長,1
9922,熒煌短焰長疑,1
9923,煌短焰長疑暗,1
9924,短焰長疑暗零,1
9925,焰長疑暗零落,1
9926,長疑暗零落殘,1
9927,疑暗零落殘花,1
9928,暗零落殘花旋,1
9929,零落殘花旋委,1
9930,落殘花旋委空,1
9931,殘花旋委空幾,1
9932,花旋委空幾處,1
9933,旋委空幾處隔,1
9934,委空幾處隔簾,1
9935,空幾處隔簾愁,1
9936,幾處隔簾愁夜,1
9937,處隔簾愁夜雨,1
9938,隔簾愁夜雨誰,1
9939,簾愁夜雨誰家,1
9940,愁夜雨誰家當,1
9941,夜雨誰家當戶,1
9942,雨誰家當戶怯,1
9943,誰家當戶怯秋,1
9944,家當戶怯秋風,1
9945,當戶怯秋風莫,1
9946,戶怯秋風莫言,1
9947,怯秋風莫言明,1
9948,秋風莫言明滅,1
9949,風莫言明滅無,1
9950,莫言明滅無多,1
9951,言明滅無多事,1
9952,明滅無多事曾,1
9953,滅無多事曾比,1
9954,無多事曾比人,1
9955,多事曾比人生,1
9956,事曾比人生一,1
9957,曾比人生一世,1
9958,比人生一世中,1
9959,人生一世中為,1
9960,生一世中為發,1
9961,一世中為發涼,1
9962,世中為發涼飆,1
9963,中為發涼飆滿,1
9964,為發涼飆滿玉,1
9965,發涼飆滿玉堂,1
9966,涼飆滿玉堂每,1
9967,飆滿玉堂每親,1
9968,滿玉堂每親襟,1
9969,玉堂每親襟袖,1
9970,堂每親襟袖便,1
9971,每親襟袖便難,1
9972,親襟袖便難忘,1
9973,襟袖便難忘霜,1
9974,袖便難忘霜濃,1
9975,便難忘霜濃雪,1
9976,難忘霜濃雪暗,1
9977,忘霜濃雪暗知,1
9978,霜濃雪暗知何,1
9979,濃雪暗知何在,1
9980,雪暗知何在道,1
9981,暗知何在道契,1
9982,知何在道契時,1
9983,何在道契時來,1
9984,在道契時來忽,1
9985,道契時來忽自,1
9986,契時來忽自揚,1
9987,時來忽自揚曾,1
9988,來忽自揚曾伴,1
9989,忽自揚曾伴一,1
9990,自揚曾伴一樽,1
9991,揚曾伴一樽臨,1
9992,曾伴一樽臨小,1
9993,伴一樽臨小檻,1
9994,一樽臨小檻幾,1
9995,樽臨小檻幾遮,1
9996,臨小檻幾遮殘,1
9997,小檻幾遮殘日,1
9998,檻幾遮殘日過,1
9999,幾遮殘日過回,1
10000,遮殘日過回廊,1
10001,殘日過回廊漢,1
10002,日過回廊漢宮,1
10003,過回廊漢宮如,1
10004,回廊漢宮如有,1
10005,廊漢宮如有秋,1
10006,漢宮如有秋風,1
10007,宮如有秋風起,1
10008,如有秋風起誰,1
10009,有秋風起誰信,1
10010,秋風起誰信班,1
10011,風起誰信班姬,1
10012,起誰信班姬淚,1
10013,誰信班姬淚數,1
10014,信班姬淚數行,1
10015,班姬淚數行秦,1
10016,姬淚數行秦代,1
10017,淚數行秦代將,1
10018,數行秦代將軍,1
10019,行秦代將軍欲,1
10020,秦代將軍欲建,1
10021,代將軍欲建功,1
10022,將軍欲建功截,1
10023,軍欲建功截龍,1
10024,欲建功截龍搜,1
10025,建功截龍搜兔,1
10026,功截龍搜兔助,1
10027,截龍搜兔助英,1
10028,龍搜兔助英雄,1
10029,搜兔助英雄用,1
10030,兔助英雄用多,1
10031,助英雄用多誰,1
10032,英雄用多誰念,1
10033,雄用多誰念毛,1
10034,用多誰念毛皆,1
10035,多誰念毛皆拔,1
10036,誰念毛皆拔拋,1
10037,念毛皆拔拋卻,1
10038,毛皆拔拋卻更,1
10039,皆拔拋卻更嫌,1
10040,拔拋卻更嫌心,1
10041,拋卻更嫌心不,1
10042,卻更嫌心不中,1
10043,更嫌心不中史,1
10044,嫌心不中史氏,1
10045,心不中史氏只,1
10046,不中史氏只應,1
10047,中史氏只應歸,1
10048,史氏只應歸道,1
10049,氏只應歸道直,1
10050,只應歸道直江,1
10051,應歸道直江淹,1
10052,歸道直江淹何,1
10053,道直江淹何獨,1
10054,直江淹何獨偶,1
10055,江淹何獨偶靈,1
10056,淹何獨偶靈通,1
10057,何獨偶靈通班,1
10058,獨偶靈通班超,1
10059,偶靈通班超握,1
10060,靈通班超握管,1
10061,通班超握管不,1
10062,班超握管不成,1
10063,超握管不成事,1
10064,握管不成事投,1
10065,管不成事投擲,1
10066,不成事投擲翻,1
10067,成事投擲翻從,1
10068,事投擲翻從萬,1
10069,投擲翻從萬里,1
10070,擲翻從萬里戎,1
10071,翻從萬里戎君,1
10072,從萬里戎君子,1
10073,萬里戎君子三,1
10074,里戎君子三歸,1
10075,戎君子三歸擅,1
10076,君子三歸擅一,1
10077,子三歸擅一名,1
10078,三歸擅一名秋,1
10079,歸擅一名秋毫,1
10080,擅一名秋毫雖,1
10081,一名秋毫雖細,1
10082,名秋毫雖細握,1
10083,秋毫雖細握非,1
10084,毫雖細握非輕,1
10085,雖細握非輕軍,1
10086,細握非輕軍書,1
10087,握非輕軍書羽,1
10088,非輕軍書羽檄,1
10089,輕軍書羽檄教,1
10090,軍書羽檄教誰,1
10091,書羽檄教誰錄,1
10092,羽檄教誰錄帝,1
10093,檄教誰錄帝命,1
10094,教誰錄帝命王,1
10095,誰錄帝命王言,1
10096,錄帝命王言待,1
10097,帝命王言待我,1
10098,命王言待我成,1
10099,王言待我成勢,1
10100,言待我成勢健,1
10101,待我成勢健豈,1
10102,我成勢健豈饒,1
10103,成勢健豈饒淝,1
10104,勢健豈饒淝水,1
10105,健豈饒淝水陣,1
10106,豈饒淝水陣鋒,1
10107,饒淝水陣鋒銛,1
10108,淝水陣鋒銛還,1
10109,水陣鋒銛還學,1
10110,陣鋒銛還學歷,1
10111,鋒銛還學歷山,1
10112,銛還學歷山耕,1
10113,還學歷山耕毛,1
10114,學歷山耕毛幹,1
10115,歷山耕毛幹時,1
10116,山耕毛幹時有,1
10117,耕毛幹時有何,1
10118,毛幹時有何人,1
10119,幹時有何人潤,1
10120,時有何人潤盡,1
10121,有何人潤盡把,1
10122,何人潤盡把燒,1
10123,人潤盡把燒焚,1
10124,潤盡把燒焚恨,1
10125,盡把燒焚恨始,1
10126,把燒焚恨始平,1
10127,燒焚恨始平多,1
10128,焚恨始平多蓄,1
10129,恨始平多蓄多,1
10130,始平多蓄多藏,1
10131,平多蓄多藏豈,1
10132,多蓄多藏豈足,1
10133,蓄多藏豈足論,1
10134,多藏豈足論有,1
10135,藏豈足論有誰,1
10136,豈足論有誰還,1
10137,足論有誰還議,1
10138,論有誰還議濟,1
10139,有誰還議濟王,1
10140,誰還議濟王孫,1
10141,還議濟王孫能,1
10142,議濟王孫能於,1
10143,濟王孫能於禍,1
10144,王孫能於禍處,1
10145,孫能於禍處翻,1
10146,能於禍處翻為,1
10147,於禍處翻為福,1
10148,禍處翻為福解,1
10149,處翻為福解向,1
10150,翻為福解向讎,1
10151,為福解向讎家,1
10152,福解向讎家買,1
10153,解向讎家買得,1
10154,向讎家買得恩,1
10155,讎家買得恩幾,1
10156,家買得恩幾怪,1
10157,買得恩幾怪鄧,1
10158,得恩幾怪鄧通,1
10159,恩幾怪鄧通難,1
10160,幾怪鄧通難免,1
10161,怪鄧通難免餓,1
10162,鄧通難免餓須,1
10163,通難免餓須知,1
10164,難免餓須知夷,1
10165,免餓須知夷甫,1
10166,餓須知夷甫不,1
10167,須知夷甫不曾,1
10168,知夷甫不曾言,1
10169,夷甫不曾言朝,1
10170,甫不曾言朝爭,1
10171,不曾言朝爭暮,1
10172,曾言朝爭暮競,1
10173,言朝爭暮競歸,1
10174,朝爭暮競歸何,1
10175,爭暮競歸何處,1
10176,暮競歸何處盡,1
10177,競歸何處盡入,1
10178,歸何處盡入權,1
10179,何處盡入權門,1
10180,處盡入權門與,1
10181,盡入權門與幸,1
10182,入權門與幸門,1
10183,權門與幸門鶴,1
10184,門與幸門鶴綾,1
10185,與幸門鶴綾三,1
10186,幸門鶴綾三尺,1
10187,門鶴綾三尺曉,1
10188,鶴綾三尺曉霞,1
10189,綾三尺曉霞濃,1
10190,三尺曉霞濃送,1
10191,尺曉霞濃送與,1
10192,曉霞濃送與東,1
10193,霞濃送與東家,1
10194,濃送與東家二,1
10195,送與東家二八,1
10196,與東家二八容,1
10197,東家二八容羅,1
10198,家二八容羅帶,1
10199,二八容羅帶繡,1
10200,八容羅帶繡裙,1
10201,容羅帶繡裙輕,1
10202,羅帶繡裙輕好,1
10203,帶繡裙輕好系,1
10204,繡裙輕好系藕,1
10205,裙輕好系藕絲,1
10206,輕好系藕絲紅,1
10207,好系藕絲紅縷,1
10208,系藕絲紅縷細,1
10209,藕絲紅縷細初,1
10210,絲紅縷細初縫,1
10211,紅縷細初縫別,1
10212,縷細初縫別來,1
10213,細初縫別來拭,1
10214,初縫別來拭淚,1
10215,縫別來拭淚遮,1
10216,別來拭淚遮桃,1
10217,來拭淚遮桃臉,1
10218,拭淚遮桃臉行,1
10219,淚遮桃臉行去,1
10220,遮桃臉行去包,1
10221,桃臉行去包香,1
10222,臉行去包香墜,1
10223,行去包香墜粉,1
10224,去包香墜粉胸,1
10225,包香墜粉胸無,1
10226,香墜粉胸無事,1
10227,墜粉胸無事把,1
10228,粉胸無事把將,1
10229,胸無事把將纏,1
10230,無事把將纏皓,1
10231,事把將纏皓腕,1
10232,把將纏皓腕為,1
10233,將纏皓腕為君,1
10234,纏皓腕為君池,1
10235,皓腕為君池上,1
10236,腕為君池上折,1
10237,為君池上折芙,1
10238,君池上折芙蓉,1
10239,池上折芙蓉濃,1
10240,上折芙蓉濃染,1
10241,折芙蓉濃染紅,1
10242,芙蓉濃染紅桃,1
10243,蓉濃染紅桃二,1
10244,濃染紅桃二月,1
10245,染紅桃二月花,1
10246,紅桃二月花只,1
10247,桃二月花只宜,1
10248,二月花只宜神,1
10249,月花只宜神筆,1
10250,花只宜神筆縱,1
10251,只宜神筆縱龍,1
10252,宜神筆縱龍蛇,1
10253,神筆縱龍蛇淺,1
10254,筆縱龍蛇淺澄,1
10255,縱龍蛇淺澄秋,1
10256,龍蛇淺澄秋水,1
10257,蛇淺澄秋水看,1
10258,淺澄秋水看雲,1
10259,澄秋水看雲母,1
10260,秋水看雲母碎,1
10261,水看雲母碎擘,1
10262,看雲母碎擘輕,1
10263,雲母碎擘輕苔,1
10264,母碎擘輕苔間,1
10265,碎擘輕苔間粉,1
10266,擘輕苔間粉霞,1
10267,輕苔間粉霞寫,1
10268,苔間粉霞寫賦,1
10269,間粉霞寫賦好,1
10270,粉霞寫賦好追,1
10271,霞寫賦好追陳,1
10272,寫賦好追陳後,1
10273,賦好追陳後寵,1
10274,好追陳後寵題,1
10275,追陳後寵題詩,1
10276,陳後寵題詩堪,1
10277,後寵題詩堪送,1
10278,寵題詩堪送竇,1
10279,題詩堪送竇滔,1
10280,詩堪送竇滔家,1
10281,堪送竇滔家使,1
10282,送竇滔家使君,1
10283,竇滔家使君即,1
10284,滔家使君即入,1
10285,家使君即入金,1
10286,使君即入金鑾,1
10287,君即入金鑾殿,1
10288,即入金鑾殿夜,1
10289,入金鑾殿夜直,1
10290,金鑾殿夜直無,1
10291,鑾殿夜直無非,1
10292,殿夜直無非草,1
10293,夜直無非草白,1
10294,直無非草白麻,1
10295,無非草白麻荻,1
10296,非草白麻荻灣,1
10297,草白麻荻灣漁,1
10298,白麻荻灣漁客,1
10299,麻荻灣漁客巧,1
10300,荻灣漁客巧妝,1
10301,灣漁客巧妝成,1
10302,漁客巧妝成硾,1
10303,客巧妝成硾鑄,1
10304,巧妝成硾鑄銀,1
10305,妝成硾鑄銀星,1
10306,成硾鑄銀星一,1
10307,硾鑄銀星一點,1
10308,鑄銀星一點輕,1
10309,銀星一點輕拋,1
10310,星一點輕拋過,1
10311,一點輕拋過碧,1
10312,點輕拋過碧江,1
10313,輕拋過碧江鸂,1
10314,拋過碧江鸂鶒,1
10315,過碧江鸂鶒岸,1
10316,碧江鸂鶒岸軋,1
10317,江鸂鶒岸軋殘,1
10318,鸂鶒岸軋殘金,1
10319,鶒岸軋殘金井,1
10320,岸軋殘金井轆,1
10321,軋殘金井轆轤,1
10322,殘金井轆轤聲,1
10323,金井轆轤聲軸,1
10324,井轆轤聲軸磨,1
10325,轆轤聲軸磨騂,1
10326,轤聲軸磨騂角,1
10327,聲軸磨騂角冰,1
10328,軸磨騂角冰光,1
10329,磨騂角冰光滑,1
10330,騂角冰光滑輪,1
10331,角冰光滑輪卷,1
10332,冰光滑輪卷春,1
10333,光滑輪卷春絲,1
10334,滑輪卷春絲水,1
10335,輪卷春絲水面,1
10336,卷春絲水面平,1
10337,春絲水面平把,1
10338,絲水面平把向,1
10339,水面平把向嚴,1
10340,面平把向嚴灘,1
10341,平把向嚴灘尋,1
10342,把向嚴灘尋轍,1
10343,向嚴灘尋轍跡,1
10344,嚴灘尋轍跡漁,1
10345,灘尋轍跡漁台,1
10346,尋轍跡漁台基,1
10347,轍跡漁台基在,1
10348,跡漁台基在輾,1
10349,漁台基在輾難,1
10350,台基在輾難傾,1
10351,基在輾難傾漠,1
10352,在輾難傾漠漠,1
10353,輾難傾漠漠金,1
10354,難傾漠漠金條,1
10355,傾漠漠金條引,1
10356,漠漠金條引線,1
10357,漠金條引線微,1
10358,金條引線微年,1
10359,條引線微年年,1
10360,引線微年年先,1
10361,線微年年先翠,1
10362,微年年先翠報,1
10363,年年先翠報春,1
10364,年先翠報春歸,1
10365,先翠報春歸解,1
10366,翠報春歸解籠,1
10367,報春歸解籠飛,1
10368,春歸解籠飛靄,1
10369,歸解籠飛靄延,1
10370,解籠飛靄延芳,1
10371,籠飛靄延芳景,1
10372,飛靄延芳景不,1
10373,靄延芳景不逐,1
10374,延芳景不逐亂,1
10375,芳景不逐亂花,1
10376,景不逐亂花飄,1
10377,不逐亂花飄夕,1
10378,逐亂花飄夕暉,1
10379,亂花飄夕暉啼,1
10380,花飄夕暉啼鳥,1
10381,飄夕暉啼鳥噪,1
10382,夕暉啼鳥噪蟬,1
10383,暉啼鳥噪蟬堪,1
10384,啼鳥噪蟬堪悵,1
10385,鳥噪蟬堪悵望,1
10386,噪蟬堪悵望舞,1
10387,蟬堪悵望舞煙,1
10388,堪悵望舞煙搖,1
10389,悵望舞煙搖水,1
10390,望舞煙搖水自,1
10391,舞煙搖水自因,1
10392,煙搖水自因依,1
10393,搖水自因依五,1
10394,水自因依五株,1
10395,自因依五株名,1
10396,因依五株名顯,1
10397,依五株名顯陶,1
10398,五株名顯陶家,1
10399,株名顯陶家後,1
10400,名顯陶家後見,1
10401,顯陶家後見說,1
10402,陶家後見說辭,1
10403,家後見說辭榮,1
10404,後見說辭榮種,1
10405,見說辭榮種者,1
10406,說辭榮種者稀,1
10407,辭榮種者稀夜,1
10408,榮種者稀夜長,1
10409,種者稀夜長偏,1
10410,者稀夜長偏覺,1
10411,稀夜長偏覺漏,1
10412,夜長偏覺漏聲,1
10413,長偏覺漏聲遲,1
10414,偏覺漏聲遲往,1
10415,覺漏聲遲往往,1
10416,漏聲遲往往隨,1
10417,聲遲往往隨歌,1
10418,遲往往隨歌慘,1
10419,往往隨歌慘翠,1
10420,往隨歌慘翠眉,1
10421,隨歌慘翠眉黃,1
10422,歌慘翠眉黃葉,1
10423,慘翠眉黃葉落,1
10424,翠眉黃葉落催,1
10425,眉黃葉落催砧,1
10426,黃葉落催砧杵,1
10427,葉落催砧杵日,1
10428,落催砧杵日子,1
10429,催砧杵日子規,1
10430,砧杵日子規啼,1
10431,杵日子規啼破,1
10432,日子規啼破夢,1
10433,子規啼破夢魂,1
10434,規啼破夢魂時,1
10435,啼破夢魂時明,1
10436,破夢魂時明妃,1
10437,夢魂時明妃去,1
10438,魂時明妃去泣,1
10439,時明妃去泣千,1
10440,明妃去泣千行,1
10441,妃去泣千行淚,1
10442,去泣千行淚蔡,1
10443,泣千行淚蔡琰,1
10444,千行淚蔡琰歸,1
10445,行淚蔡琰歸梳,1
10446,淚蔡琰歸梳兩,1
10447,蔡琰歸梳兩鬢,1
10448,琰歸梳兩鬢絲,1
10449,歸梳兩鬢絲四,1
10450,梳兩鬢絲四皓,1
10451,兩鬢絲四皓入,1
10452,鬢絲四皓入山,1
10453,絲四皓入山招,1
10454,四皓入山招不,1
10455,皓入山招不得,1
10456,入山招不得無,1
10457,山招不得無家,1
10458,招不得無家歸,1
10459,不得無家歸客,1
10460,得無家歸客最,1
10461,無家歸客最堪,1
10462,家歸客最堪欺,1
10463,歸客最堪欺廢,1
10464,客最堪欺廢苑,1
10465,最堪欺廢苑荒,1
10466,堪欺廢苑荒階,1
10467,欺廢苑荒階伴,1
10468,廢苑荒階伴綠,1
10469,苑荒階伴綠苔,1
10470,荒階伴綠苔恩,1
10471,階伴綠苔恩疏,1
10472,伴綠苔恩疏長,1
10473,綠苔恩疏長信,1
10474,苔恩疏長信恨,1
10475,恩疏長信恨難,1
10476,疏長信恨難開,1
10477,長信恨難開姑,1
10478,信恨難開姑蘇,1
10479,恨難開姑蘇麋,1
10480,難開姑蘇麋鹿,1
10481,開姑蘇麋鹿食,1
10482,姑蘇麋鹿食思,1
10483,蘇麋鹿食思食,1
10484,麋鹿食思食楚,1
10485,鹿食思食楚澤,1
10486,食思食楚澤王,1
10487,思食楚澤王孫,1
10488,食楚澤王孫來,1
10489,楚澤王孫來不,1
10490,澤王孫來不來,1
10491,王孫來不來色,1
10492,孫來不來色嫩,1
10493,來不來色嫩似,1
10494,不來色嫩似將,1
10495,來色嫩似將藍,1
10496,色嫩似將藍汁,1
10497,嫩似將藍汁染,1
10498,似將藍汁染葉,1
10499,將藍汁染葉齊,1
10500,藍汁染葉齊如,1
10501,汁染葉齊如把,1
10502,染葉齊如把剪,1
10503,葉齊如把剪刀,1
10504,齊如把剪刀裁,1
10505,如把剪刀裁燕,1
10506,把剪刀裁燕昭,1
10507,剪刀裁燕昭沒,1
10508,刀裁燕昭沒後,1
10509,裁燕昭沒後多,1
10510,燕昭沒後多卿,1
10511,昭沒後多卿士,1
10512,沒後多卿士千,1
10513,後多卿士千載,1
10514,多卿士千載流,1
10515,卿士千載流芳,1
10516,士千載流芳郭,1
10517,千載流芳郭隗,1
10518,載流芳郭隗台,1
10519,流芳郭隗台月,1
10520,芳郭隗台月墜,1
10521,郭隗台月墜西,1
10522,隗台月墜西樓,1
10523,台月墜西樓夜,1
10524,月墜西樓夜影,1
10525,墜西樓夜影空,1
10526,西樓夜影空透,1
10527,樓夜影空透簾,1
10528,夜影空透簾穿,1
10529,影空透簾穿幕,1
10530,空透簾穿幕達,1
10531,透簾穿幕達房,1
10532,簾穿幕達房櫳,1
10533,穿幕達房櫳流,1
10534,幕達房櫳流光,1
10535,達房櫳流光堪,1
10536,房櫳流光堪在,1
10537,櫳流光堪在珠,1
10538,流光堪在珠璣,1
10539,光堪在珠璣列,1
10540,堪在珠璣列為,1
10541,在珠璣列為火,1
10542,珠璣列為火不,1
10543,璣列為火不生,1
10544,列為火不生榆,1
10545,為火不生榆柳,1
10546,火不生榆柳中,1
10547,不生榆柳中一,1
10548,生榆柳中一一,1
10549,榆柳中一一照,1
10550,柳中一一照通,1
10551,中一一照通黃,1
10552,一一照通黃卷,1
10553,一照通黃卷字,1
10554,照通黃卷字輕,1
10555,通黃卷字輕輕,1
10556,黃卷字輕輕化,1
10557,卷字輕輕化出,1
10558,字輕輕化出綠,1
10559,輕輕化出綠蕪,1
10560,輕化出綠蕪叢,1
10561,化出綠蕪叢欲,1
10562,出綠蕪叢欲知,1
10563,綠蕪叢欲知應,1
10564,蕪叢欲知應候,1
10565,叢欲知應候何,1
10566,欲知應候何時,1
10567,知應候何時節,1
10568,應候何時節六,1
10569,候何時節六月,1
10570,何時節六月初,1
10571,時節六月初迎,1
10572,節六月初迎大,1
10573,六月初迎大暑,1
10574,月初迎大暑風,1
10575,初迎大暑風火,1
10576,迎大暑風火性,1
10577,大暑風火性何,1
10578,暑風火性何如,1
10579,風火性何如水,1
10580,火性何如水性,1
10581,性何如水性柔,1
10582,何如水性柔西,1
10583,如水性柔西來,1
10584,水性柔西來東,1
10585,性柔西來東出,1
10586,柔西來東出幾,1
10587,西來東出幾時,1
10588,來東出幾時休,1
10589,東出幾時休莫,1
10590,出幾時休莫言,1
10591,幾時休莫言通,1
10592,時休莫言通海,1
10593,休莫言通海能,1
10594,莫言通海能通,1
10595,言通海能通漢,1
10596,通海能通漢雖,1
10597,海能通漢雖解,1
10598,能通漢雖解浮,1
10599,通漢雖解浮舟,1
10600,漢雖解浮舟也,1
10601,雖解浮舟也覆,1
10602,解浮舟也覆舟,1
10603,浮舟也覆舟湘,1
10604,舟也覆舟湘浦,1
10605,也覆舟湘浦暮,1
10606,覆舟湘浦暮沈,1
10607,舟湘浦暮沈堯,1
10608,湘浦暮沈堯女,1
10609,浦暮沈堯女怨,1
10610,暮沈堯女怨汾,1
10611,沈堯女怨汾河,1
10612,堯女怨汾河秋,1
10613,女怨汾河秋泛,1
10614,怨汾河秋泛漢,1
10615,汾河秋泛漢皇,1
10616,河秋泛漢皇愁,1
10617,秋泛漢皇愁洪,1
10618,泛漢皇愁洪波,1
10619,漢皇愁洪波激,1
10620,皇愁洪波激湍,1
10621,愁洪波激湍歸,1
10622,洪波激湍歸何,1
10623,波激湍歸何處,1
10624,激湍歸何處二,1
10625,湍歸何處二月,1
10626,歸何處二月桃,1
10627,何處二月桃花,1
10628,處二月桃花滿,1
10629,二月桃花滿眼,1
10630,月桃花滿眼流,1
10631,桃花滿眼流印,1
10632,花滿眼流印留,1
10633,滿眼流印留麋,1
10634,眼流印留麋鹿,1
10635,流印留麋鹿野,1
10636,印留麋鹿野禽,1
10637,留麋鹿野禽蹤,1
10638,麋鹿野禽蹤岩,1
10639,鹿野禽蹤岩壁,1
10640,野禽蹤岩壁漁,1
10641,禽蹤岩壁漁磯,1
10642,蹤岩壁漁磯幾,1
10643,岩壁漁磯幾處,1
10644,壁漁磯幾處逢,1
10645,漁磯幾處逢金,1
10646,磯幾處逢金穀,1
10647,幾處逢金穀曉,1
10648,處逢金穀曉凝,1
10649,逢金穀曉凝花,1
10650,金穀曉凝花影,1
10651,穀曉凝花影重,1
10652,曉凝花影重章,1
10653,凝花影重章華,1
10654,花影重章華春,1
10655,影重章華春映,1
10656,重章華春映柳,1
10657,章華春映柳陰,1
10658,華春映柳陰濃,1
10659,春映柳陰濃石,1
10660,映柳陰濃石橋,1
10661,柳陰濃石橋羽,1
10662,陰濃石橋羽客,1
10663,濃石橋羽客遺,1
10664,石橋羽客遺前,1
10665,橋羽客遺前跡,1
10666,羽客遺前跡陳,1
10667,客遺前跡陳閣,1
10668,遺前跡陳閣才,1
10669,前跡陳閣才人,1
10670,跡陳閣才人沒,1
10671,陳閣才人沒舊,1
10672,閣才人沒舊容,1
10673,才人沒舊容歸,1
10674,人沒舊容歸去,1
10675,沒舊容歸去掃,1
10676,舊容歸去掃除,1
10677,容歸去掃除階,1
10678,歸去掃除階砌,1
10679,去掃除階砌下,1
10680,掃除階砌下蘚,1
10681,除階砌下蘚痕,1
10682,階砌下蘚痕殘,1
10683,砌下蘚痕殘綠,1
10684,下蘚痕殘綠一,1
10685,蘚痕殘綠一重,1
10686,痕殘綠一重重,1
10687,殘綠一重重水,1
10688,綠一重重水盡,1
10689,一重重水盡銅,1
10690,重重水盡銅龍,1
10691,重水盡銅龍滴,1
10692,水盡銅龍滴漸,1
10693,盡銅龍滴漸微,1
10694,銅龍滴漸微景,1
10695,龍滴漸微景陽,1
10696,滴漸微景陽鐘,1
10697,漸微景陽鐘動,1
10698,微景陽鐘動夢,1
10699,景陽鐘動夢魂,1
10700,陽鐘動夢魂飛,1
10701,鐘動夢魂飛潼,1
10702,動夢魂飛潼關,1
10703,夢魂飛潼關雞,1
10704,魂飛潼關雞唱,1
10705,飛潼關雞唱促,1
10706,潼關雞唱促歸,1
10707,關雞唱促歸騎,1
10708,雞唱促歸騎金,1
10709,唱促歸騎金殿,1
10710,促歸騎金殿燭,1
10711,歸騎金殿燭殘,1
10712,騎金殿燭殘求,1
10713,金殿燭殘求禦,1
10714,殿燭殘求禦衣,1
10715,燭殘求禦衣窗,1
10716,殘求禦衣窗下,1
10717,求禦衣窗下寒,1
10718,禦衣窗下寒機,1
10719,衣窗下寒機猶,1
10720,窗下寒機猶自,1
10721,下寒機猶自織,1
10722,寒機猶自織梁,1
10723,機猶自織梁間,1
10724,猶自織梁間棲,1
10725,自織梁間棲燕,1
10726,織梁間棲燕欲,1
10727,梁間棲燕欲雙,1
10728,間棲燕欲雙飛,1
10729,棲燕欲雙飛羲,1
10730,燕欲雙飛羲和,1
10731,欲雙飛羲和晴,1
10732,雙飛羲和晴聳,1
10733,飛羲和晴聳扶,1
10734,羲和晴聳扶桑,1
10735,和晴聳扶桑轡,1
10736,晴聳扶桑轡借,1
10737,聳扶桑轡借與,1
10738,扶桑轡借與寰,1
10739,桑轡借與寰瀛,1
10740,轡借與寰瀛看,1
10741,借與寰瀛看早,1
10742,與寰瀛看早暉,1
10743,寰瀛看早暉酒,1
10744,瀛看早暉酒盡,1
10745,看早暉酒盡歌,1
10746,早暉酒盡歌終,1
10747,暉酒盡歌終問,1
10748,酒盡歌終問後,1
10749,盡歌終問後期,1
10750,歌終問後期泛,1
10751,終問後期泛萍,1
10752,問後期泛萍浮,1
10753,後期泛萍浮梗,1
10754,期泛萍浮梗不,1
10755,泛萍浮梗不勝,1
10756,萍浮梗不勝悲,1
10757,浮梗不勝悲東,1
10758,梗不勝悲東門,1
10759,不勝悲東門匹,1
10760,勝悲東門匹馬,1
10761,悲東門匹馬夜,1
10762,東門匹馬夜歸,1
10763,門匹馬夜歸處,1
10764,匹馬夜歸處南,1
10765,馬夜歸處南浦,1
10766,夜歸處南浦片,1
10767,歸處南浦片帆,1
10768,處南浦片帆飛,1
10769,南浦片帆飛去,1
10770,浦片帆飛去時,1
10771,片帆飛去時賦,1
10772,帆飛去時賦罷,1
10773,飛去時賦罷江,1
10774,去時賦罷江淹,1
10775,時賦罷江淹吟,1
10776,賦罷江淹吟更,1
10777,罷江淹吟更苦,1
10778,江淹吟更苦詩,1
10779,淹吟更苦詩成,1
10780,吟更苦詩成蘇,1
10781,更苦詩成蘇武,1
10782,苦詩成蘇武思,1
10783,詩成蘇武思何,1
10784,成蘇武思何遲,1
10785,蘇武思何遲可,1
10786,武思何遲可憐,1
10787,思何遲可憐范,1
10788,何遲可憐范陸,1
10789,遲可憐范陸分,1
10790,可憐范陸分襟,1
10791,憐范陸分襟後,1
10792,范陸分襟後空,1
10793,陸分襟後空折,1
10794,分襟後空折梅,1
10795,襟後空折梅花,1
10796,後空折梅花寄,1
10797,空折梅花寄所,1
10798,折梅花寄所思,1
10799,梅花寄所思日,1
10800,花寄所思日墜,1
10801,寄所思日墜虞,1
10802,所思日墜虞淵,1
10803,思日墜虞淵燭,1
10804,日墜虞淵燭影,1
10805,墜虞淵燭影開,1
10806,虞淵燭影開沉,1
10807,淵燭影開沉沉,1
10808,燭影開沉沉煙,1
10809,影開沉沉煙霧,1
10810,開沉沉煙霧壓,1
10811,沉沉煙霧壓浮,1
10812,沉煙霧壓浮埃,1
10813,煙霧壓浮埃剡,1
10814,霧壓浮埃剡川,1
10815,壓浮埃剡川雪,1
10816,浮埃剡川雪滿,1
10817,埃剡川雪滿子,1
10818,剡川雪滿子猷,1
10819,川雪滿子猷去,1
10820,雪滿子猷去漢,1
10821,滿子猷去漢殿,1
10822,子猷去漢殿月,1
10823,猷去漢殿月生,1
10824,去漢殿月生王,1
10825,漢殿月生王母,1
10826,殿月生王母來,1
10827,月生王母來簷,1
10828,生王母來簷掛,1
10829,王母來簷掛蛛,1
10830,母來簷掛蛛絲,1
10831,來簷掛蛛絲應,1
10832,簷掛蛛絲應漸,1
10833,掛蛛絲應漸織,1
10834,蛛絲應漸織風,1
10835,絲應漸織風吹,1
10836,應漸織風吹螢,1
10837,漸織風吹螢火,1
10838,織風吹螢火不,1
10839,風吹螢火不成,1
10840,吹螢火不成灰,1
10841,螢火不成灰愁,1
10842,火不成灰愁人,1
10843,不成灰愁人莫,1
10844,成灰愁人莫道,1
10845,灰愁人莫道何,1
10846,愁人莫道何時,1
10847,人莫道何時旦,1
10848,莫道何時旦自,1
10849,道何時旦自有,1
10850,何時旦自有鐘,1
10851,時旦自有鐘鳴,1
10852,旦自有鐘鳴漏,1
10853,自有鐘鳴漏滴,1
10854,有鐘鳴漏滴催,1
10855,鐘鳴漏滴催引,1
10856,鳴漏滴催引電,1
10857,漏滴催引電隨,1
10858,滴催引電隨龍,1
10859,催引電隨龍密,1
10860,引電隨龍密又,1
10861,電隨龍密又輕,1
10862,隨龍密又輕酒,1
10863,龍密又輕酒杯,1
10864,密又輕酒杯閑,1
10865,又輕酒杯閑噀,1
10866,輕酒杯閑噀得,1
10867,酒杯閑噀得嘉,1
10868,杯閑噀得嘉名,1
10869,閑噀得嘉名千,1
10870,噀得嘉名千山,1
10871,得嘉名千山草,1
10872,嘉名千山草木,1
10873,名千山草木如,1
10874,千山草木如雲,1
10875,山草木如雲暗,1
10876,草木如雲暗陸,1
10877,木如雲暗陸地,1
10878,如雲暗陸地波,1
10879,雲暗陸地波瀾,1
10880,暗陸地波瀾接,1
10881,陸地波瀾接海,1
10882,地波瀾接海平,1
10883,波瀾接海平灑,1
10884,瀾接海平灑竹,1
10885,接海平灑竹幾,1
10886,海平灑竹幾添,1
10887,平灑竹幾添春,1
10888,灑竹幾添春睡,1
10889,竹幾添春睡重,1
10890,幾添春睡重滴,1
10891,添春睡重滴簷,1
10892,春睡重滴簷偏,1
10893,睡重滴簷偏遣,1
10894,重滴簷偏遣夜,1
10895,滴簷偏遣夜愁,1
10896,簷偏遣夜愁生,1
10897,偏遣夜愁生陰,1
10898,遣夜愁生陰妖,1
10899,夜愁生陰妖冷,1
10900,愁生陰妖冷孽,1
10901,生陰妖冷孽成,1
10902,陰妖冷孽成何,1
10903,妖冷孽成何怪,1
10904,冷孽成何怪敢,1
10905,孽成何怪敢蔽,1
10906,成何怪敢蔽高,1
10907,何怪敢蔽高天,1
10908,怪敢蔽高天日,1
10909,敢蔽高天日月,1
10910,蔽高天日月明,1
10911,高天日月明為,1
10912,天日月明為實,1
10913,日月明為實隨,1
10914,月明為實隨流,1
10915,明為實隨流瑞,1
10916,為實隨流瑞色,1
10917,實隨流瑞色新,1
10918,隨流瑞色新泛,1
10919,流瑞色新泛風,1
10920,瑞色新泛風縈,1
10921,色新泛風縈草,1
10922,新泛風縈草護,1
10923,泛風縈草護遊,1
10924,風縈草護遊鱗,1
10925,縈草護遊鱗密,1
10926,草護遊鱗密行,1
10927,護遊鱗密行碧,1
10928,遊鱗密行碧水,1
10929,鱗密行碧水澄,1
10930,密行碧水澄涵,1
10931,行碧水澄涵月,1
10932,碧水澄涵月澀,1
10933,水澄涵月澀滯,1
10934,澄涵月澀滯輕,1
10935,涵月澀滯輕橈,1
10936,月澀滯輕橈去,1
10937,澀滯輕橈去采,1
10938,滯輕橈去采蘋,1
10939,輕橈去采蘋比,1
10940,橈去采蘋比物,1
10941,去采蘋比物何,1
10942,采蘋比物何名,1
10943,蘋比物何名腰,1
10944,比物何名腰下,1
10945,物何名腰下劍,1
10946,何名腰下劍無,1
10947,名腰下劍無根,1
10948,腰下劍無根堪,1
10949,下劍無根堪並,1
10950,劍無根堪並鏡,1
10951,無根堪並鏡中,1
10952,根堪並鏡中身,1
10953,堪並鏡中身平,1
10954,並鏡中身平湖,1
10955,鏡中身平湖春,1
10956,中身平湖春渚,1
10957,身平湖春渚知,1
10958,平湖春渚知何,1
10959,湖春渚知何限,1
10960,春渚知何限撥,1
10961,渚知何限撥破,1
10962,知何限撥破閑,1
10963,何限撥破閑投,1
10964,限撥破閑投獨,1
10965,撥破閑投獨繭,1
10966,破閑投獨繭綸,1
10967,閑投獨繭綸事,1
10968,投獨繭綸事與,1
10969,獨繭綸事與時,1
10970,繭綸事與時違,1
10971,綸事與時違不,1
10972,事與時違不自,1
10973,與時違不自由,1
10974,時違不自由如,1
10975,違不自由如燒,1
10976,不自由如燒如,1
10977,自由如燒如刺,1
10978,由如燒如刺寸,1
10979,如燒如刺寸心,1
10980,燒如刺寸心頭,1
10981,如刺寸心頭烏,1
10982,刺寸心頭烏江,1
10983,寸心頭烏江項,1
10984,心頭烏江項籍,1
10985,頭烏江項籍忍,1
10986,烏江項籍忍歸,1
10987,江項籍忍歸去,1
10988,項籍忍歸去雁,1
10989,籍忍歸去雁塞,1
10990,忍歸去雁塞李,1
10991,歸去雁塞李陵,1
10992,去雁塞李陵長,1
10993,雁塞李陵長系,1
10994,塞李陵長系留,1
10995,李陵長系留燕,1
10996,陵長系留燕國,1
10997,長系留燕國飛,1
10998,系留燕國飛霜,1
10999,留燕國飛霜將,1
11000,燕國飛霜將破,1
11001,國飛霜將破夏,1
11002,飛霜將破夏漢,1
11003,霜將破夏漢宮,1
11004,將破夏漢宮紈,1
11005,破夏漢宮紈扇,1
11006,夏漢宮紈扇豈,1
11007,漢宮紈扇豈禁,1
11008,宮紈扇豈禁秋,1
11009,紈扇豈禁秋須,1
11010,扇豈禁秋須知,1
11011,豈禁秋須知入,1
11012,禁秋須知入骨,1
11013,秋須知入骨難,1
11014,須知入骨難銷,1
11015,知入骨難銷處,1
11016,入骨難銷處莫,1
11017,骨難銷處莫比,1
11018,難銷處莫比人,1
11019,銷處莫比人間,1
11020,處莫比人間取,1
11021,莫比人間取次,1
11022,比人間取次愁,1
11023,人間取次愁行,1
11024,間取次愁行如,1
11025,取次愁行如兄,1
11026,次愁行如兄弟,1
11027,愁行如兄弟影,1
11028,行如兄弟影連,1
11029,如兄弟影連空,1
11030,兄弟影連空春,1
11031,弟影連空春去,1
11032,影連空春去秋,1
11033,連空春去秋來,1
11034,空春去秋來燕,1
11035,春去秋來燕不,1
11036,去秋來燕不同,1
11037,秋來燕不同紫,1
11038,來燕不同紫塞,1
11039,燕不同紫塞別,1
11040,不同紫塞別當,1
11041,同紫塞別當秋,1
11042,紫塞別當秋露,1
11043,塞別當秋露白,1
11044,別當秋露白碧,1
11045,當秋露白碧山,1
11046,秋露白碧山飛,1
11047,露白碧山飛入,1
11048,白碧山飛入暮,1
11049,碧山飛入暮霞,1
11050,山飛入暮霞紅,1
11051,飛入暮霞紅宣,1
11052,入暮霞紅宣王,1
11053,暮霞紅宣王德,1
11054,霞紅宣王德美,1
11055,紅宣王德美周,1
11056,宣王德美周詩,1
11057,王德美周詩內,1
11058,德美周詩內蘇,1
11059,美周詩內蘇武,1
11060,周詩內蘇武書,1
11061,詩內蘇武書傳,1
11062,內蘇武書傳漢,1
11063,蘇武書傳漢苑,1
11064,武書傳漢苑中,1
11065,書傳漢苑中況,1
11066,傳漢苑中況解,1
11067,漢苑中況解銜,1
11068,苑中況解銜蘆,1
11069,中況解銜蘆避,1
11070,況解銜蘆避弓,1
11071,解銜蘆避弓箭,1
11072,銜蘆避弓箭一,1
11073,蘆避弓箭一聲,1
11074,避弓箭一聲歸,1
11075,弓箭一聲歸唳,1
11076,箭一聲歸唳楚,1
11077,一聲歸唳楚天,1
11078,聲歸唳楚天風,1
11079,歸唳楚天風閬,1
11080,唳楚天風閬苑,1
11081,楚天風閬苑瑤,1
11082,天風閬苑瑤台,1
11083,風閬苑瑤台歲,1
11084,閬苑瑤台歲月,1
11085,苑瑤台歲月長,1
11086,瑤台歲月長一,1
11087,台歲月長一歸,1
11088,歲月長一歸華,1
11089,月長一歸華表,1
11090,長一歸華表好,1
11091,一歸華表好增,1
11092,歸華表好增傷,1
11093,華表好增傷新,1
11094,表好增傷新聲,1
11095,好增傷新聲乍,1
11096,增傷新聲乍警,1
11097,傷新聲乍警初,1
11098,新聲乍警初零,1
11099,聲乍警初零露,1
11100,乍警初零露折,1
11101,警初零露折羽,1
11102,初零露折羽閑,1
11103,零露折羽閑飛,1
11104,露折羽閑飛幾,1
11105,折羽閑飛幾片,1
11106,羽閑飛幾片霜,1
11107,閑飛幾片霜要,1
11108,飛幾片霜要伴,1
11109,幾片霜要伴神,1
11110,片霜要伴神仙,1
11111,霜要伴神仙歸,1
11112,要伴神仙歸碧,1
11113,伴神仙歸碧落,1
11114,神仙歸碧落豈,1
11115,仙歸碧落豈隨,1
11116,歸碧落豈隨龜,1
11117,碧落豈隨龜雁,1
11118,落豈隨龜雁住,1
11119,豈隨龜雁住方,1
11120,隨龜雁住方塘,1
11121,龜雁住方塘三,1
11122,雁住方塘三山,1
11123,住方塘三山頂,1
11124,方塘三山頂上,1
11125,塘三山頂上無,1
11126,三山頂上無人,1
11127,山頂上無人處,1
11128,頂上無人處瓊,1
11129,上無人處瓊樹,1
11130,無人處瓊樹堪,1
11131,人處瓊樹堪巢,1
11132,處瓊樹堪巢不,1
11133,瓊樹堪巢不死,1
11134,樹堪巢不死鄉,1
11135,堪巢不死鄉神,1
11136,巢不死鄉神化,1
11137,不死鄉神化難,1
11138,死鄉神化難源,1
11139,鄉神化難源瑞,1
11140,神化難源瑞即,1
11141,化難源瑞即開,1
11142,難源瑞即開雕,1
11143,源瑞即開雕陵,1
11144,瑞即開雕陵毛,1
11145,即開雕陵毛羽,1
11146,開雕陵毛羽出,1
11147,雕陵毛羽出塵,1
11148,陵毛羽出塵埃,1
11149,毛羽出塵埃香,1
11150,羽出塵埃香閨,1
11151,出塵埃香閨報,1
11152,塵埃香閨報喜,1
11153,埃香閨報喜行,1
11154,香閨報喜行人,1
11155,閨報喜行人至,1
11156,報喜行人至碧,1
11157,喜行人至碧漢,1
11158,行人至碧漢填,1
11159,人至碧漢填河,1
11160,至碧漢填河織,1
11161,碧漢填河織女,1
11162,漢填河織女回,1
11163,填河織女回明,1
11164,河織女回明月,1
11165,織女回明月解,1
11166,女回明月解隨,1
11167,回明月解隨烏,1
11168,明月解隨烏繞,1
11169,月解隨烏繞樹,1
11170,解隨烏繞樹青,1
11171,隨烏繞樹青銅,1
11172,烏繞樹青銅寧,1
11173,繞樹青銅寧愧,1
11174,樹青銅寧愧雀,1
11175,青銅寧愧雀為,1
11176,銅寧愧雀為台,1
11177,寧愧雀為台瓊,1
11178,愧雀為台瓊枝,1
11179,雀為台瓊枝翠,1
11180,為台瓊枝翠葉,1
11181,台瓊枝翠葉庭,1
11182,瓊枝翠葉庭前,1
11183,枝翠葉庭前植,1
11184,翠葉庭前植從,1
11185,葉庭前植從待,1
11186,庭前植從待翩,1
11187,前植從待翩翩,1
11188,植從待翩翩去,1
11189,從待翩翩去又,1
11190,待翩翩去又來,1
11191,翩翩去又來應,1
11192,翩去又來應節,1
11193,去又來應節誰,1
11194,又來應節誰窮,1
11195,來應節誰窮造,1
11196,應節誰窮造化,1
11197,節誰窮造化端,1
11198,誰窮造化端菊,1
11199,窮造化端菊黃,1
11200,造化端菊黃豺,1
11201,化端菊黃豺祭,1
11202,端菊黃豺祭問,1
11203,菊黃豺祭問應,1
11204,黃豺祭問應難,1
11205,豺祭問應難紅,1
11206,祭問應難紅窗,1
11207,問應難紅窗透,1
11208,應難紅窗透出,1
11209,難紅窗透出鴛,1
11210,紅窗透出鴛衾,1
11211,窗透出鴛衾冷,1
11212,透出鴛衾冷白,1
11213,出鴛衾冷白草,1
11214,鴛衾冷白草飛,1
11215,衾冷白草飛時,1
11216,冷白草飛時雁,1
11217,白草飛時雁塞,1
11218,草飛時雁塞寒,1
11219,飛時雁塞寒露,1
11220,時雁塞寒露結,1
11221,雁塞寒露結芝,1
11222,塞寒露結芝蘭,1
11223,寒露結芝蘭瓊,1
11224,露結芝蘭瓊屑,1
11225,結芝蘭瓊屑厚,1
11226,芝蘭瓊屑厚日,1
11227,蘭瓊屑厚日幹,1
11228,瓊屑厚日幹葵,1
11229,屑厚日幹葵藿,1
11230,厚日幹葵藿粉,1
11231,日幹葵藿粉痕,1
11232,幹葵藿粉痕殘,1
11233,葵藿粉痕殘世,1
11234,藿粉痕殘世間,1
11235,粉痕殘世間無,1
11236,痕殘世間無比,1
11237,殘世間無比催,1
11238,世間無比催搖,1
11239,間無比催搖落,1
11240,無比催搖落松,1
11241,比催搖落松竹,1
11242,催搖落松竹何,1
11243,搖落松竹何人,1
11244,落松竹何人肯,1
11245,松竹何人肯更,1
11246,竹何人肯更看,1
11247,何人肯更看城,1
11248,人肯更看城上,1
11249,肯更看城上寒,1
11250,更看城上寒來,1
11251,看城上寒來思,1
11252,城上寒來思莫,1
11253,上寒來思莫窮,1
11254,寒來思莫窮土,1
11255,來思莫窮土囊,1
11256,思莫窮土囊萍,1
11257,莫窮土囊萍末,1
11258,窮土囊萍末兩,1
11259,土囊萍末兩難,1
11260,囊萍末兩難同,1
11261,萍末兩難同飄,1
11262,末兩難同飄成,1
11263,兩難同飄成遠,1
11264,難同飄成遠浪,1
11265,同飄成遠浪江,1
11266,飄成遠浪江湖,1
11267,成遠浪江湖際,1
11268,遠浪江湖際吹,1
11269,浪江湖際吹起,1
11270,江湖際吹起暮,1
11271,湖際吹起暮塵,1
11272,際吹起暮塵京,1
11273,吹起暮塵京洛,1
11274,起暮塵京洛中,1
11275,暮塵京洛中飛,1
11276,塵京洛中飛雪,1
11277,京洛中飛雪蕭,1
11278,洛中飛雪蕭條,1
11279,中飛雪蕭條殘,1
11280,飛雪蕭條殘臘,1
11281,雪蕭條殘臘節,1
11282,蕭條殘臘節落,1
11283,條殘臘節落花,1
11284,殘臘節落花狼,1
11285,臘節落花狼藉,1
11286,節落花狼藉古,1
11287,落花狼藉古行,1
11288,花狼藉古行宮,1
11289,狼藉古行宮春,1
11290,藉古行宮春能,1
11291,古行宮春能和,1
11292,行宮春能和煦,1
11293,宮春能和煦秋,1
11294,春能和煦秋搖,1
11295,能和煦秋搖落,1
11296,和煦秋搖落生,1
11297,煦秋搖落生殺,1
11298,秋搖落生殺還,1
11299,搖落生殺還同,1
11300,落生殺還同造,1
11301,生殺還同造化,1
11302,殺還同造化功,1
11303,還同造化功豈,1
11304,同造化功豈勞,1
11305,造化功豈勞孤,1
11306,化功豈勞孤棹,1
11307,功豈勞孤棹送,1
11308,豈勞孤棹送行,1
11309,勞孤棹送行舟,1
11310,孤棹送行舟輕,1
11311,棹送行舟輕過,1
11312,送行舟輕過天,1
11313,行舟輕過天涯,1
11314,舟輕過天涯勢,1
11315,輕過天涯勢未,1
11316,過天涯勢未休,1
11317,天涯勢未休斷,1
11318,涯勢未休斷岸,1
11319,勢未休斷岸曉,1
11320,未休斷岸曉看,1
11321,休斷岸曉看殘,1
11322,斷岸曉看殘月,1
11323,岸曉看殘月掛,1
11324,曉看殘月掛遠,1
11325,看殘月掛遠灣,1
11326,殘月掛遠灣寒,1
11327,月掛遠灣寒背,1
11328,掛遠灣寒背夕,1
11329,遠灣寒背夕陽,1
11330,灣寒背夕陽收,1
11331,寒背夕陽收川,1
11332,背夕陽收川平,1
11333,夕陽收川平直,1
11334,陽收川平直可,1
11335,收川平直可追,1
11336,川平直可追飛,1
11337,平直可追飛箭,1
11338,直可追飛箭風,1
11339,可追飛箭風健,1
11340,追飛箭風健還,1
11341,飛箭風健還能,1
11342,箭風健還能溯,1
11343,風健還能溯急,1
11344,健還能溯急流,1
11345,還能溯急流幸,1
11346,能溯急流幸遇,1
11347,溯急流幸遇濟,1
11348,急流幸遇濟川,1
11349,流幸遇濟川恩,1
11350,幸遇濟川恩不,1
11351,遇濟川恩不淺,1
11352,濟川恩不淺北,1
11353,川恩不淺北溟,1
11354,恩不淺北溟東,1
11355,不淺北溟東海,1
11356,淺北溟東海更,1
11357,北溟東海更何,1
11358,溟東海更何愁,1
11359,東海更何愁月,1
11360,海更何愁月落,1
11361,更何愁月落燈,1
11362,何愁月落燈前,1
11363,愁月落燈前閉,1
11364,月落燈前閉北,1
11365,落燈前閉北堂,1
11366,燈前閉北堂神,1
11367,前閉北堂神魂,1
11368,閉北堂神魂交,1
11369,北堂神魂交入,1
11370,堂神魂交入杳,1
11371,神魂交入杳冥,1
11372,魂交入杳冥鄉,1
11373,交入杳冥鄉文,1
11374,入杳冥鄉文通,1
11375,杳冥鄉文通毫,1
11376,冥鄉文通毫管,1
11377,鄉文通毫管醒,1
11378,文通毫管醒來,1
11379,通毫管醒來異,1
11380,毫管醒來異武,1
11381,管醒來異武帝,1
11382,醒來異武帝蘅,1
11383,來異武帝蘅蕪,1
11384,異武帝蘅蕪覺,1
11385,武帝蘅蕪覺後,1
11386,帝蘅蕪覺後香,1
11387,蘅蕪覺後香傅,1
11388,蕪覺後香傅說,1
11389,覺後香傅說已,1
11390,後香傅說已征,1
11391,香傅說已征賢,1
11392,傅說已征賢可,1
11393,說已征賢可輔,1
11394,已征賢可輔周,1
11395,征賢可輔周公,1
11396,賢可輔周公不,1
11397,可輔周公不見,1
11398,輔周公不見恨,1
11399,周公不見恨何,1
11400,公不見恨何長,1
11401,不見恨何長生,1
11402,見恨何長生松,1
11403,恨何長生松十,1
11404,何長生松十八,1
11405,長生松十八年,1
11406,生松十八年方,1
11407,松十八年方應,1
11408,十八年方應通,1
11409,八年方應通塞,1
11410,年方應通塞人,1
11411,方應通塞人間,1
11412,應通塞人間豈,1
11413,通塞人間豈合,1
11414,塞人間豈合忙,1
11415,人間豈合忙紫,1
11416,間豈合忙紫氣,1
11417,豈合忙紫氣天,1
11418,合忙紫氣天元,1
11419,忙紫氣天元出,1
11420,紫氣天元出故,1
11421,氣天元出故關,1
11422,天元出故關大,1
11423,元出故關大明,1
11424,出故關大明先,1
11425,故關大明先照,1
11426,關大明先照九,1
11427,大明先照九垓,1
11428,明先照九垓間,1
11429,先照九垓間鼇,1
11430,照九垓間鼇山,1
11431,九垓間鼇山海,1
11432,垓間鼇山海上,1
11433,間鼇山海上秦,1
11434,鼇山海上秦娥,1
11435,山海上秦娥去,1
11436,海上秦娥去鱸,1
11437,上秦娥去鱸膾,1
11438,秦娥去鱸膾江,1
11439,娥去鱸膾江邊,1
11440,去鱸膾江邊齊,1
11441,鱸膾江邊齊掾,1
11442,膾江邊齊掾還,1
11443,江邊齊掾還青,1
11444,邊齊掾還青帝,1
11445,齊掾還青帝郊,1
11446,掾還青帝郊坰,1
11447,還青帝郊坰平,1
11448,青帝郊坰平似,1
11449,帝郊坰平似砥,1
11450,郊坰平似砥主,1
11451,坰平似砥主人,1
11452,平似砥主人階,1
11453,似砥主人階級,1
11454,砥主人階級峻,1
11455,主人階級峻如,1
11456,人階級峻如山,1
11457,階級峻如山蟠,1
11458,級峻如山蟠桃,1
11459,峻如山蟠桃樹,1
11460,如山蟠桃樹在,1
11461,山蟠桃樹在煙,1
11462,蟠桃樹在煙濤,1
11463,桃樹在煙濤水,1
11464,樹在煙濤水解,1
11465,在煙濤水解凍,1
11466,煙濤水解凍風,1
11467,濤水解凍風高,1
11468,水解凍風高未,1
11469,解凍風高未得,1
11470,凍風高未得攀,1
11471,風高未得攀密,1
11472,高未得攀密雲,1
11473,未得攀密雲郊,1
11474,得攀密雲郊外,1
11475,攀密雲郊外已,1
11476,密雲郊外已回,1
11477,雲郊外已回秋,1
11478,郊外已回秋日,1
11479,外已回秋日下,1
11480,已回秋日下崦,1
11481,回秋日下崦嵫,1
11482,秋日下崦嵫景,1
11483,日下崦嵫景懶,1
11484,下崦嵫景懶收,1
11485,崦嵫景懶收秦,1
11486,嵫景懶收秦帝,1
11487,景懶收秦帝城,1
11488,懶收秦帝城高,1
11489,收秦帝城高堅,1
11490,秦帝城高堅似,1
11491,帝城高堅似鐵,1
11492,城高堅似鐵李,1
11493,高堅似鐵李斯,1
11494,堅似鐵李斯書,1
11495,似鐵李斯書上,1
11496,鐵李斯書上曲,1
11497,李斯書上曲如,1
11498,斯書上曲如鉤,1
11499,書上曲如鉤甯,1
11500,上曲如鉤甯惟,1
11501,曲如鉤甯惟東,1
11502,如鉤甯惟東嶽,1
11503,鉤甯惟東嶽淩,1
11504,甯惟東嶽淩天,1
11505,惟東嶽淩天秀,1
11506,東嶽淩天秀更,1
11507,嶽淩天秀更有,1
11508,淩天秀更有長,1
11509,天秀更有長庚,1
11510,秀更有長庚瞰,1
11511,更有長庚瞰曙,1
11512,有長庚瞰曙流,1
11513,長庚瞰曙流見,1
11514,庚瞰曙流見說,1
11515,瞰曙流見說山,1
11516,曙流見說山傍,1
11517,流見說山傍偏,1
11518,見說山傍偏出,1
11519,說山傍偏出將,1
11520,山傍偏出將犬,1
11521,傍偏出將犬戎,1
11522,偏出將犬戎降,1
11523,出將犬戎降盡,1
11524,將犬戎降盡複,1
11525,犬戎降盡複何,1
11526,戎降盡複何愁,1
11527,降盡複何愁罩,1
11528,盡複何愁罩罩,1
11529,複何愁罩罩嘉,1
11530,何愁罩罩嘉魚,1
11531,愁罩罩嘉魚憶,1
11532,罩罩嘉魚憶此,1
11533,罩嘉魚憶此方,1
11534,嘉魚憶此方送,1
11535,魚憶此方送君,1
11536,憶此方送君前,1
11537,此方送君前浦,1
11538,方送君前浦恨,1
11539,送君前浦恨難,1
11540,君前浦恨難量,1
11541,前浦恨難量火,1
11542,浦恨難量火山,1
11543,恨難量火山遠,1
11544,難量火山遠照,1
11545,量火山遠照蒼,1
11546,火山遠照蒼梧,1
11547,山遠照蒼梧郡,1
11548,遠照蒼梧郡銅,1
11549,照蒼梧郡銅柱,1
11550,蒼梧郡銅柱高,1
11551,梧郡銅柱高標,1
11552,郡銅柱高標碧,1
11553,銅柱高標碧海,1
11554,柱高標碧海鄉,1
11555,高標碧海鄉陸,1
11556,標碧海鄉陸賈,1
11557,碧海鄉陸賈幾,1
11558,海鄉陸賈幾時,1
11559,鄉陸賈幾時來,1
11560,陸賈幾時來越,1
11561,賈幾時來越島,1
11562,幾時來越島三,1
11563,時來越島三閭,1
11564,來越島三閭何,1
11565,越島三閭何日,1
11566,島三閭何日濯,1
11567,三閭何日濯滄,1
11568,閭何日濯滄浪,1
11569,何日濯滄浪鐘,1
11570,日濯滄浪鐘儀,1
11571,濯滄浪鐘儀冠,1
11572,滄浪鐘儀冠帶,1
11573,浪鐘儀冠帶歸,1
11574,鐘儀冠帶歸心,1
11575,儀冠帶歸心阻,1
11576,冠帶歸心阻蝴,1
11577,帶歸心阻蝴蝶,1
11578,歸心阻蝴蝶飛,1
11579,心阻蝴蝶飛園,1
11580,阻蝴蝶飛園萬,1
11581,蝴蝶飛園萬草,1
11582,蝶飛園萬草芳,1
11583,飛園萬草芳雪,1
11584,園萬草芳雪滿,1
11585,萬草芳雪滿湖,1
11586,草芳雪滿湖天,1
11587,芳雪滿湖天日,1
11588,雪滿湖天日影,1
11589,滿湖天日影微,1
11590,湖天日影微李,1
11591,天日影微李君,1
11592,日影微李君降,1
11593,影微李君降虜,1
11594,微李君降虜失,1
11595,李君降虜失良,1
11596,君降虜失良時,1
11597,降虜失良時窮,1
11598,虜失良時窮溟,1
11599,失良時窮溟駕,1
11600,良時窮溟駕浪,1
11601,時窮溟駕浪鶤,1
11602,窮溟駕浪鶤鵬,1
11603,溟駕浪鶤鵬化,1
11604,駕浪鶤鵬化極,1
11605,浪鶤鵬化極海,1
11606,鶤鵬化極海寄,1
11607,鵬化極海寄書,1
11608,化極海寄書鴻,1
11609,極海寄書鴻雁,1
11610,海寄書鴻雁遲,1
11611,寄書鴻雁遲來,1
11612,書鴻雁遲來猶,1
11613,鴻雁遲來猶未,1
11614,雁遲來猶未啟,1
11615,遲來猶未啟殘,1
11616,來猶未啟殘兵,1
11617,猶未啟殘兵奔,1
11618,未啟殘兵奔去,1
11619,啟殘兵奔去杳,1
11620,殘兵奔去杳難,1
11621,兵奔去杳難追,1
11622,奔去杳難追可,1
11623,去杳難追可憐,1
11624,杳難追可憐燕,1
11625,難追可憐燕穀,1
11626,追可憐燕穀花,1
11627,可憐燕穀花間,1
11628,憐燕穀花間晚,1
11629,燕穀花間晚鄒,1
11630,穀花間晚鄒律,1
11631,花間晚鄒律如,1
11632,間晚鄒律如何,1
11633,晚鄒律如何為,1
11634,鄒律如何為一,1
11635,律如何為一吹,1
11636,如何為一吹漠,1
11637,何為一吹漠漠,1
11638,為一吹漠漠沉,1
11639,一吹漠漠沉沉,1
11640,吹漠漠沉沉向,1
11641,漠漠沉沉向夕,1
11642,漠沉沉向夕暉,1
11643,沉沉向夕暉蒼,1
11644,沉向夕暉蒼梧,1
11645,向夕暉蒼梧巫,1
11646,夕暉蒼梧巫峽,1
11647,暉蒼梧巫峽兩,1
11648,蒼梧巫峽兩相,1
11649,梧巫峽兩相依,1
11650,巫峽兩相依天,1
11651,峽兩相依天心,1
11652,兩相依天心白,1
11653,相依天心白日,1
11654,依天心白日休,1
11655,天心白日休空,1
11656,心白日休空蔽,1
11657,白日休空蔽海,1
11658,日休空蔽海上,1
11659,休空蔽海上故,1
11660,空蔽海上故山,1
11661,蔽海上故山應,1
11662,海上故山應自,1
11663,上故山應自歸,1
11664,故山應自歸似,1
11665,山應自歸似蓋,1
11666,應自歸似蓋好,1
11667,自歸似蓋好臨,1
11668,歸似蓋好臨千,1
11669,似蓋好臨千乘,1
11670,蓋好臨千乘載,1
11671,好臨千乘載如,1
11672,臨千乘載如羅,1
11673,千乘載如羅堪,1
11674,乘載如羅堪剪,1
11675,載如羅堪剪六,1
11676,如羅堪剪六銖,1
11677,羅堪剪六銖衣,1
11678,堪剪六銖衣為,1
11679,剪六銖衣為霖,1
11680,六銖衣為霖須,1
11681,銖衣為霖須救,1
11682,衣為霖須救蒼,1
11683,為霖須救蒼生,1
11684,霖須救蒼生旱,1
11685,須救蒼生旱莫,1
11686,救蒼生旱莫向,1
11687,蒼生旱莫向西,1
11688,生旱莫向西郊,1
11689,旱莫向西郊作,1
11690,莫向西郊作雨,1
11691,向西郊作雨稀,1
11692,西郊作雨稀從,1
11693,郊作雨稀從待,1
11694,作雨稀從待銜,1
11695,雨稀從待銜泥,1
11696,稀從待銜泥濺,1
11697,從待銜泥濺客,1
11698,待銜泥濺客衣,1
11699,銜泥濺客衣百,1
11700,泥濺客衣百禽,1
11701,濺客衣百禽靈,1
11702,客衣百禽靈性,1
11703,衣百禽靈性比,1
11704,百禽靈性比他,1
11705,禽靈性比他稀,1
11706,靈性比他稀何,1
11707,性比他稀何嫌,1
11708,比他稀何嫌何,1
11709,他稀何嫌何恨,1
11710,稀何嫌何恨秋,1
11711,何嫌何恨秋須,1
11712,嫌何恨秋須去,1
11713,何恨秋須去無,1
11714,恨秋須去無約,1
11715,秋須去無約無,1
11716,須去無約無期,1
11717,去無約無期春,1
11718,無約無期春自,1
11719,約無期春自歸,1
11720,無期春自歸雕,1
11721,期春自歸雕鶚,1
11722,春自歸雕鶚不,1
11723,自歸雕鶚不容,1
11724,歸雕鶚不容應,1
11725,雕鶚不容應不,1
11726,鶚不容應不怪,1
11727,不容應不怪棟,1
11728,容應不怪棟樑,1
11729,應不怪棟樑相,1
11730,不怪棟樑相庇,1
11731,怪棟樑相庇願,1
11732,棟樑相庇願相,1
11733,樑相庇願相依,1
11734,相庇願相依吳,1
11735,庇願相依吳王,1
11736,願相依吳王宮,1
11737,相依吳王宮女,1
11738,依吳王宮女嬌,1
11739,吳王宮女嬌相,1
11740,王宮女嬌相襲,1
11741,宮女嬌相襲合,1
11742,女嬌相襲合整,1
11743,嬌相襲合整雙,1
11744,相襲合整雙毛,1
11745,襲合整雙毛預,1
11746,合整雙毛預奮,1
11747,整雙毛預奮飛,1
11748,雙毛預奮飛寒,1
11749,毛預奮飛寒鳴,1
11750,預奮飛寒鳴寧,1
11751,奮飛寒鳴寧與,1
11752,飛寒鳴寧與眾,1
11753,寒鳴寧與眾蟲,1
11754,鳴寧與眾蟲同,1
11755,寧與眾蟲同翼,1
11756,與眾蟲同翼鬢,1
11757,眾蟲同翼鬢緌,1
11758,蟲同翼鬢緌冠,1
11759,同翼鬢緌冠豈,1
11760,翼鬢緌冠豈道,1
11761,鬢緌冠豈道窮,1
11762,緌冠豈道窮殼,1
11763,冠豈道窮殼蛻,1
11764,豈道窮殼蛻已,1
11765,道窮殼蛻已從,1
11766,窮殼蛻已從今,1
11767,殼蛻已從今日,1
11768,蛻已從今日化,1
11769,已從今日化聲,1
11770,從今日化聲愁,1
11771,今日化聲愁何,1
11772,日化聲愁何似,1
11773,化聲愁何似去,1
11774,聲愁何似去年,1
11775,愁何似去年中,1
11776,何似去年中朝,1
11777,似去年中朝催,1
11778,去年中朝催籬,1
11779,年中朝催籬菊,1
11780,中朝催籬菊花,1
11781,朝催籬菊花開,1
11782,催籬菊花開露,1
11783,籬菊花開露暮,1
11784,菊花開露暮促,1
11785,花開露暮促庭,1
11786,開露暮促庭槐,1
11787,露暮促庭槐葉,1
11788,暮促庭槐葉墜,1
11789,促庭槐葉墜風,1
11790,庭槐葉墜風從,1
11791,槐葉墜風從此,1
11792,葉墜風從此最,1
11793,墜風從此最能,1
11794,風從此最能驚,1
11795,從此最能驚賦,1
11796,此最能驚賦客,1
11797,最能驚賦客計,1
11798,能驚賦客計居,1
11799,驚賦客計居何,1
11800,賦客計居何處,1
11801,客計居何處轉,1
11802,計居何處轉飛,1
11803,居何處轉飛蓬,1
11804,何處轉飛蓬鶴,1
11805,處轉飛蓬鶴鳴,1
11806,轉飛蓬鶴鳴先,1
11807,飛蓬鶴鳴先警,1
11808,蓬鶴鳴先警雁,1
11809,鶴鳴先警雁來,1
11810,鳴先警雁來天,1
11811,先警雁來天洗,1
11812,警雁來天洗竹,1
11813,雁來天洗竹沾,1
11814,來天洗竹沾花,1
11815,天洗竹沾花處,1
11816,洗竹沾花處處,1
11817,竹沾花處處鮮,1
11818,沾花處處鮮散,1
11819,花處處鮮散彩,1
11820,處處鮮散彩幾,1
11821,處鮮散彩幾當,1
11822,鮮散彩幾當蟬,1
11823,散彩幾當蟬飲,1
11824,彩幾當蟬飲際,1
11825,幾當蟬飲際凝,1
11826,當蟬飲際凝光,1
11827,蟬飲際凝光宜,1
11828,飲際凝光宜對,1
11829,際凝光宜對蚌,1
11830,凝光宜對蚌胎,1
11831,光宜對蚌胎前,1
11832,宜對蚌胎前朝,1
11833,對蚌胎前朝垂,1
11834,蚌胎前朝垂苑,1
11835,胎前朝垂苑草,1
11836,前朝垂苑草煙,1
11837,朝垂苑草煙猶,1
11838,垂苑草煙猶重,1
11839,苑草煙猶重夜,1
11840,草煙猶重夜滴,1
11841,煙猶重夜滴宮,1
11842,猶重夜滴宮槐,1
11843,重夜滴宮槐月,1
11844,夜滴宮槐月正,1
11845,滴宮槐月正圓,1
11846,宮槐月正圓怵,1
11847,槐月正圓怵惕,1
11848,月正圓怵惕與,1
11849,正圓怵惕與霜,1
11850,圓怵惕與霜同,1
11851,怵惕與霜同降,1
11852,惕與霜同降日,1
11853,與霜同降日蘋,1
11854,霜同降日蘋蘩,1
11855,同降日蘋蘩思,1
11856,降日蘋蘩思薦,1
11857,日蘋蘩思薦獨,1
11858,蘋蘩思薦獨淒,1
11859,蘩思薦獨淒然,1
11860,思薦獨淒然天,1
11861,薦獨淒然天際,1
11862,獨淒然天際何,1
11863,淒然天際何人,1
11864,然天際何人濯,1
11865,天際何人濯錦,1
11866,際何人濯錦歸,1
11867,何人濯錦歸偏,1
11868,人濯錦歸偏宜,1
11869,濯錦歸偏宜殘,1
11870,錦歸偏宜殘照,1
11871,歸偏宜殘照與,1
11872,偏宜殘照與晨,1
11873,宜殘照與晨暉,1
11874,殘照與晨暉流,1
11875,照與晨暉流為,1
11876,與晨暉流為洞,1
11877,晨暉流為洞府,1
11878,暉流為洞府千,1
11879,流為洞府千年,1
11880,為洞府千年酒,1
11881,洞府千年酒化,1
11882,府千年酒化作,1
11883,千年酒化作靈,1
11884,年酒化作靈山,1
11885,酒化作靈山幾,1
11886,化作靈山幾襲,1
11887,作靈山幾襲衣,1
11888,靈山幾襲衣野,1
11889,山幾襲衣野燒,1
11890,幾襲衣野燒焰,1
11891,襲衣野燒焰連,1
11892,衣野燒焰連殊,1
11893,野燒焰連殊赫,1
11894,燒焰連殊赫奕,1
11895,焰連殊赫奕愁,1
11896,連殊赫奕愁雲,1
11897,殊赫奕愁雲陰,1
11898,赫奕愁雲陰隔,1
11899,奕愁雲陰隔乍,1
11900,愁雲陰隔乍依,1
11901,雲陰隔乍依稀,1
11902,陰隔乍依稀勞,1
11903,隔乍依稀勞生,1
11904,乍依稀勞生願,1
11905,依稀勞生願學,1
11906,稀勞生願學長,1
11907,勞生願學長生,1
11908,生願學長生術,1
11909,願學長生術餐,1
11910,學長生術餐盡,1
11911,長生術餐盡紅,1
11912,生術餐盡紅桃,1
11913,術餐盡紅桃上,1
11914,餐盡紅桃上漢,1
11915,盡紅桃上漢飛,1
11916,紅桃上漢飛濯,1
11917,桃上漢飛濯秀,1
11918,上漢飛濯秀盤,1
11919,漢飛濯秀盤根,1
11920,飛濯秀盤根在,1
11921,濯秀盤根在碧,1
11922,秀盤根在碧流,1
11923,盤根在碧流紫,1
11924,根在碧流紫茵,1
11925,在碧流紫茵含,1
11926,碧流紫茵含露,1
11927,流紫茵含露向,1
11928,紫茵含露向晴,1
11929,茵含露向晴抽,1
11930,含露向晴抽編,1
11931,露向晴抽編為,1
11932,向晴抽編為細,1
11933,晴抽編為細履,1
11934,抽編為細履隨,1
11935,編為細履隨君,1
11936,為細履隨君步,1
11937,細履隨君步織,1
11938,履隨君步織作,1
11939,隨君步織作輕,1
11940,君步織作輕帆,1
11941,步織作輕帆送,1
11942,織作輕帆送客,1
11943,作輕帆送客愁,1
11944,輕帆送客愁疏,1
11945,帆送客愁疏葉,1
11946,送客愁疏葉稍,1
11947,客愁疏葉稍為,1
11948,愁疏葉稍為投,1
11949,疏葉稍為投餌,1
11950,葉稍為投餌釣,1
11951,稍為投餌釣密,1
11952,為投餌釣密叢,1
11953,投餌釣密叢還,1
11954,餌釣密叢還礙,1
11955,釣密叢還礙採,1
11956,密叢還礙採蓮,1
11957,叢還礙採蓮舟,1
11958,還礙採蓮舟鴛,1
11959,礙採蓮舟鴛鴦,1
11960,採蓮舟鴛鴦鸂,1
11961,蓮舟鴛鴦鸂鶒,1
11962,舟鴛鴦鸂鶒多,1
11963,鴛鴦鸂鶒多情,1
11964,鴦鸂鶒多情甚,1
11965,鸂鶒多情甚日,1
11966,鶒多情甚日日,1
11967,多情甚日日雙,1
11968,情甚日日雙雙,1
11969,甚日日雙雙繞,1
11970,日日雙雙繞傍,1
11971,日雙雙繞傍遊,1
11972,雙雙繞傍遊非,1
11973,雙繞傍遊非鑿,1
11974,繞傍遊非鑿非,1
11975,傍遊非鑿非疏,1
11976,遊非鑿非疏出,1
11977,非鑿非疏出洞,1
11978,鑿非疏出洞門,1
11979,非疏出洞門源,1
11980,疏出洞門源深,1
11981,出洞門源深流,1
11982,洞門源深流嶮,1
11983,門源深流嶮合,1
11984,源深流嶮合還,1
11985,深流嶮合還分,1
11986,流嶮合還分高,1
11987,嶮合還分高成,1
11988,合還分高成瀑,1
11989,還分高成瀑布,1
11990,分高成瀑布漱,1
11991,高成瀑布漱逋,1
11992,成瀑布漱逋客,1
11993,瀑布漱逋客清,1
11994,布漱逋客清入,1
11995,漱逋客清入禦,1
11996,逋客清入禦溝,1
11997,客清入禦溝朝,1
11998,清入禦溝朝聖,1
11999,入禦溝朝聖君,1
12000,禦溝朝聖君迸,1
12001,溝朝聖君迸滴,1
12002,朝聖君迸滴幾,1
12003,聖君迸滴幾山,1
12004,君迸滴幾山穿,1
12005,迸滴幾山穿破,1
12006,滴幾山穿破石,1
12007,幾山穿破石迅,1
12008,山穿破石迅飛,1
12009,穿破石迅飛層,1
12010,破石迅飛層嶠,1
12011,石迅飛層嶠噴,1
12012,迅飛層嶠噴開,1
12013,飛層嶠噴開雲,1
12014,層嶠噴開雲舊,1
12015,嶠噴開雲舊齋,1
12016,噴開雲舊齋一,1
12017,開雲舊齋一帶,1
12018,雲舊齋一帶連,1
12019,舊齋一帶連松,1
12020,齋一帶連松竹,1
12021,一帶連松竹明,1
12022,帶連松竹明月,1
12023,連松竹明月窗,1
12024,松竹明月窗前,1
12025,竹明月窗前枕,1
12026,明月窗前枕上,1
12027,月窗前枕上聞,1
12028,窗前枕上聞燎,1
12029,前枕上聞燎野,1
12030,枕上聞燎野焚,1
12031,上聞燎野焚林,1
12032,聞燎野焚林見,1
12033,燎野焚林見所,1
12034,野焚林見所從,1
12035,焚林見所從惹,1
12036,林見所從惹空,1
12037,見所從惹空橫,1
12038,所從惹空橫水,1
12039,從惹空橫水展,1
12040,惹空橫水展形,1
12041,空橫水展形容,1
12042,橫水展形容能,1
12043,水展形容能滋,1
12044,展形容能滋甘,1
12045,形容能滋甘雨,1
12046,容能滋甘雨隨,1
12047,能滋甘雨隨車,1
12048,滋甘雨隨車潤,1
12049,甘雨隨車潤不,1
12050,雨隨車潤不並,1
12051,隨車潤不並行,1
12052,車潤不並行雲,1
12053,潤不並行雲逐,1
12054,不並行雲逐夢,1
12055,並行雲逐夢蹤,1
12056,行雲逐夢蹤晴,1
12057,雲逐夢蹤晴鳥,1
12058,逐夢蹤晴鳥回,1
12059,夢蹤晴鳥回籠,1
12060,蹤晴鳥回籠嘉,1
12061,晴鳥回籠嘉樹,1
12062,鳥回籠嘉樹薄,1
12063,回籠嘉樹薄春,1
12064,籠嘉樹薄春亭,1
12065,嘉樹薄春亭嬌,1
12066,樹薄春亭嬌幕,1
12067,薄春亭嬌幕好,1
12068,春亭嬌幕好花,1
12069,亭嬌幕好花濃,1
12070,嬌幕好花濃有,1
12071,幕好花濃有時,1
12072,好花濃有時片,1
12073,花濃有時片片,1
12074,濃有時片片風,1
12075,有時片片風吹,1
12076,時片片風吹去,1
12077,片片風吹去海,1
12078,片風吹去海碧,1
12079,風吹去海碧山,1
12080,吹去海碧山清,1
12081,去海碧山清過,1
12082,海碧山清過幾,1
12083,碧山清過幾重,1
12084,山清過幾重不,1
12085,清過幾重不管,1
12086,過幾重不管人,1
12087,幾重不管人間,1
12088,重不管人間是,1
12089,不管人間是與,1
12090,管人間是與非,1
12091,人間是與非白,1
12092,間是與非白雲,1
12093,是與非白雲流,1
12094,與非白雲流水,1
12095,非白雲流水自,1
12096,白雲流水自相,1
12097,雲流水自相依,1
12098,流水自相依一,1
12099,水自相依一瓢,1
12100,自相依一瓢掛,1
12101,相依一瓢掛樹,1
12102,依一瓢掛樹傲,1
12103,一瓢掛樹傲時,1
12104,瓢掛樹傲時代,1
12105,掛樹傲時代五,1
12106,樹傲時代五柳,1
12107,傲時代五柳種,1
12108,時代五柳種門,1
12109,代五柳種門吟,1
12110,五柳種門吟落,1
12111,柳種門吟落暉,1
12112,種門吟落暉江,1
12113,門吟落暉江上,1
12114,吟落暉江上翠,1
12115,落暉江上翠蛾,1
12116,暉江上翠蛾遺,1
12117,江上翠蛾遺佩,1
12118,上翠蛾遺佩去,1
12119,翠蛾遺佩去岸,1
12120,蛾遺佩去岸邊,1
12121,遺佩去岸邊紅,1
12122,佩去岸邊紅袖,1
12123,去岸邊紅袖採,1
12124,岸邊紅袖採蓮,1
12125,邊紅袖採蓮歸,1
12126,紅袖採蓮歸客,1
12127,袖採蓮歸客星,1
12128,採蓮歸客星辭,1
12129,蓮歸客星辭得,1
12130,歸客星辭得漢,1
12131,客星辭得漢光,1
12132,星辭得漢光武,1
12133,辭得漢光武卻,1
12134,得漢光武卻坐,1
12135,漢光武卻坐東,1
12136,光武卻坐東江,1
12137,武卻坐東江舊,1
12138,卻坐東江舊蘚,1
12139,坐東江舊蘚磯,1
12140,東江舊蘚磯雙,1
12141,江舊蘚磯雙競,1
12142,舊蘚磯雙競龍,1
12143,蘚磯雙競龍舟,1
12144,磯雙競龍舟疾,1
12145,雙競龍舟疾似,1
12146,競龍舟疾似風,1
12147,龍舟疾似風一,1
12148,舟疾似風一星,1
12149,疾似風一星球,1
12150,似風一星球子,1
12151,風一星球子兩,1
12152,一星球子兩明,1
12153,星球子兩明同,1
12154,球子兩明同平,1
12155,子兩明同平吳,1
12156,兩明同平吳破,1
12157,明同平吳破蜀,1
12158,同平吳破蜀三,1
12159,平吳破蜀三除,1
12160,吳破蜀三除裏,1
12161,破蜀三除裏滅,1
12162,蜀三除裏滅楚,1
12163,三除裏滅楚圖,1
12164,除裏滅楚圖秦,1
12165,裏滅楚圖秦百,1
12166,滅楚圖秦百戰,1
12167,楚圖秦百戰中,1
12168,圖秦百戰中春,1
12169,秦百戰中春近,1
12170,百戰中春近杜,1
12171,戰中春近杜鵑,1
12172,中春近杜鵑啼,1
12173,春近杜鵑啼不,1
12174,近杜鵑啼不斷,1
12175,杜鵑啼不斷寒,1
12176,鵑啼不斷寒催,1
12177,啼不斷寒催歸,1
12178,不斷寒催歸雁,1
12179,斷寒催歸雁去,1
12180,寒催歸雁去何,1
12181,催歸雁去何窮,1
12182,歸雁去何窮兵,1
12183,雁去何窮兵還,1
12184,去何窮兵還失,1
12185,何窮兵還失路,1
12186,窮兵還失路旌,1
12187,兵還失路旌旗,1
12188,還失路旌旗亂,1
12189,失路旌旗亂驚,1
12190,路旌旗亂驚起,1
12191,旌旗亂驚起紅,1
12192,旗亂驚起紅塵,1
12193,亂驚起紅塵似,1
12194,驚起紅塵似轉,1
12195,起紅塵似轉蓬,1
12196,紅塵似轉蓬發,1
12197,塵似轉蓬發事,1
12198,似轉蓬發事牽,1
12199,轉蓬發事牽情,1
12200,蓬發事牽情不,1
12201,發事牽情不自,1
12202,事牽情不自由,1
12203,牽情不自由偶,1
12204,情不自由偶然,1
12205,不自由偶然惆,1
12206,自由偶然惆悵,1
12207,由偶然惆悵即,1
12208,偶然惆悵即難,1
12209,然惆悵即難收,1
12210,惆悵即難收已,1
12211,悵即難收已聞,1
12212,即難收已聞抱,1
12213,難收已聞抱玉,1
12214,收已聞抱玉沾,1
12215,已聞抱玉沾衣,1
12216,聞抱玉沾衣濕,1
12217,抱玉沾衣濕見,1
12218,玉沾衣濕見說,1
12219,沾衣濕見說迷,1
12220,衣濕見說迷途,1
12221,濕見說迷途滿,1
12222,見說迷途滿目,1
12223,說迷途滿目流,1
12224,迷途滿目流滴,1
12225,途滿目流滴盡,1
12226,滿目流滴盡綺,1
12227,目流滴盡綺筵,1
12228,流滴盡綺筵紅,1
12229,滴盡綺筵紅燭,1
12230,盡綺筵紅燭暗,1
12231,綺筵紅燭暗墜,1
12232,筵紅燭暗墜殘,1
12233,紅燭暗墜殘妝,1
12234,燭暗墜殘妝閣,1
12235,暗墜殘妝閣曉,1
12236,墜殘妝閣曉花,1
12237,殘妝閣曉花羞,1
12238,妝閣曉花羞世,1
12239,閣曉花羞世間,1
12240,曉花羞世間何,1
12241,花羞世間何處,1
12242,羞世間何處偏,1
12243,世間何處偏留,1
12244,間何處偏留得,1
12245,何處偏留得萬,1
12246,處偏留得萬點,1
12247,偏留得萬點分,1
12248,留得萬點分明,1
12249,得萬點分明湘,1
12250,萬點分明湘水,1
12251,點分明湘水頭,1
12252,分明湘水頭碧,1
12253,明湘水頭碧落,1
12254,湘水頭碧落誰,1
12255,水頭碧落誰分,1
12256,頭碧落誰分造,1
12257,碧落誰分造化,1
12258,落誰分造化權,1
12259,誰分造化權結,1
12260,分造化權結霜,1
12261,造化權結霜凝,1
12262,化權結霜凝雪,1
12263,權結霜凝雪作,1
12264,結霜凝雪作嬋,1
12265,霜凝雪作嬋娟,1
12266,凝雪作嬋娟寒,1
12267,雪作嬋娟寒蟬,1
12268,作嬋娟寒蟬若,1
12269,嬋娟寒蟬若不,1
12270,娟寒蟬若不開,1
12271,寒蟬若不開三,1
12272,蟬若不開三穴,1
12273,若不開三穴狡,1
12274,不開三穴狡兔,1
12275,開三穴狡兔何,1
12276,三穴狡兔何從,1
12277,穴狡兔何從上,1
12278,狡兔何從上九,1
12279,兔何從上九天,1
12280,何從上九天莫,1
12281,從上九天莫見,1
12282,上九天莫見團,1
12283,九天莫見團圓,1
12284,天莫見團圓明,1
12285,莫見團圓明處,1
12286,見團圓明處遠,1
12287,團圓明處遠須,1
12288,圓明處遠須看,1
12289,明處遠須看灣,1
12290,處遠須看灣曲,1
12291,遠須看灣曲鑒,1
12292,須看灣曲鑒時,1
12293,看灣曲鑒時偏,1
12294,灣曲鑒時偏郤,1
12295,曲鑒時偏郤詵,1
12296,鑒時偏郤詵樹,1
12297,時偏郤詵樹老,1
12298,偏郤詵樹老堯,1
12299,郤詵樹老堯蓂,1
12300,詵樹老堯蓂換,1
12301,樹老堯蓂換惆,1
12302,老堯蓂換惆悵,1
12303,堯蓂換惆悵今,1
12304,蓂換惆悵今年,1
12305,換惆悵今年似,1
12306,惆悵今年似去,1
12307,悵今年似去年,1
12308,今年似去年遠,1
12309,年似去年遠向,1
12310,似去年遠向端,1
12311,去年遠向端溪,1
12312,年遠向端溪得,1
12313,遠向端溪得皆,1
12314,向端溪得皆因,1
12315,端溪得皆因郢,1
12316,溪得皆因郢匠,1
12317,得皆因郢匠成,1
12318,皆因郢匠成鑿,1
12319,因郢匠成鑿山,1
12320,郢匠成鑿山青,1
12321,匠成鑿山青靄,1
12322,成鑿山青靄斷,1
12323,鑿山青靄斷琢,1
12324,山青靄斷琢石,1
12325,青靄斷琢石紫,1
12326,靄斷琢石紫花,1
12327,斷琢石紫花輕,1
12328,琢石紫花輕散,1
12329,石紫花輕散墨,1
12330,紫花輕散墨松,1
12331,花輕散墨松香,1
12332,輕散墨松香起,1
12333,散墨松香起濡,1
12334,墨松香起濡毫,1
12335,松香起濡毫藻,1
12336,香起濡毫藻句,1
12337,起濡毫藻句清,1
12338,濡毫藻句清入,1
12339,毫藻句清入台,1
12340,藻句清入台知,1
12341,句清入台知價,1
12342,清入台知價重,1
12343,入台知價重著,1
12344,台知價重著匣,1
12345,知價重著匣恐,1
12346,價重著匣恐塵,1
12347,重著匣恐塵生,1
12348,著匣恐塵生守,1
12349,匣恐塵生守黑,1
12350,恐塵生守黑還,1
12351,塵生守黑還全,1
12352,生守黑還全器,1
12353,守黑還全器臨,1
12354,黑還全器臨池,1
12355,還全器臨池早,1
12356,全器臨池早著,1
12357,器臨池早著名,1
12358,臨池早著名春,1
12359,池早著名春闈,1
12360,早著名春闈攜,1
12361,著名春闈攜就,1
12362,名春闈攜就處,1
12363,春闈攜就處軍,1
12364,闈攜就處軍幕,1
12365,攜就處軍幕載,1
12366,就處軍幕載將,1
12367,處軍幕載將行,1
12368,軍幕載將行不,1
12369,幕載將行不獨,1
12370,載將行不獨雄,1
12371,將行不獨雄文,1
12372,行不獨雄文陣,1
12373,不獨雄文陣兼,1
12374,獨雄文陣兼能,1
12375,雄文陣兼能助,1
12376,文陣兼能助筆,1
12377,陣兼能助筆耕,1
12378,兼能助筆耕莫,1
12379,能助筆耕莫嫌,1
12380,助筆耕莫嫌涓,1
12381,筆耕莫嫌涓滴,1
12382,耕莫嫌涓滴潤,1
12383,莫嫌涓滴潤深,1
12384,嫌涓滴潤深染,1
12385,涓滴潤深染古,1
12386,滴潤深染古今,1
12387,潤深染古今情,1
12388,深染古今情洗,1
12389,染古今情洗處,1
12390,古今情洗處無,1
12391,今情洗處無瑕,1
12392,情洗處無瑕玷,1
12393,洗處無瑕玷添,1
12394,處無瑕玷添時,1
12395,無瑕玷添時識,1
12396,瑕玷添時識滿,1
12397,玷添時識滿盈,1
12398,添時識滿盈蘭,1
12399,時識滿盈蘭亭,1
12400,識滿盈蘭亭如,1
12401,滿盈蘭亭如見,1
12402,盈蘭亭如見用,1
12403,蘭亭如見用敲,1
12404,亭如見用敲戛,1
12405,如見用敲戛有,1
12406,見用敲戛有金,1
12407,用敲戛有金聲,1
12408,敲戛有金聲暖,1
12409,戛有金聲暖氣,1
12410,有金聲暖氣飄,1
12411,金聲暖氣飄蘋,1
12412,聲暖氣飄蘋末,1
12413,暖氣飄蘋末凍,1
12414,氣飄蘋末凍痕,1
12415,飄蘋末凍痕銷,1
12416,蘋末凍痕銷水,1
12417,末凍痕銷水中,1
12418,凍痕銷水中扇,1
12419,痕銷水中扇冰,1
12420,銷水中扇冰初,1
12421,水中扇冰初覺,1
12422,中扇冰初覺泮,1
12423,扇冰初覺泮吹,1
12424,冰初覺泮吹海,1
12425,初覺泮吹海旋,1
12426,覺泮吹海旋成,1
12427,泮吹海旋成空,1
12428,吹海旋成空入,1
12429,海旋成空入律,1
12430,旋成空入律三,1
12431,成空入律三春,1
12432,空入律三春照,1
12433,入律三春照朝,1
12434,律三春照朝宗,1
12435,三春照朝宗萬,1
12436,春照朝宗萬里,1
12437,照朝宗萬里通,1
12438,朝宗萬里通岸,1
12439,宗萬里通岸分,1
12440,萬里通岸分天,1
12441,里通岸分天影,1
12442,通岸分天影闊,1
12443,岸分天影闊色,1
12444,分天影闊色照,1
12445,天影闊色照日,1
12446,影闊色照日光,1
12447,闊色照日光融,1
12448,色照日光融波,1
12449,照日光融波起,1
12450,日光融波起輕,1
12451,光融波起輕搖,1
12452,融波起輕搖綠,1
12453,波起輕搖綠鱗,1
12454,起輕搖綠鱗遊,1
12455,輕搖綠鱗遊乍,1
12456,搖綠鱗遊乍躍,1
12457,綠鱗遊乍躍紅,1
12458,鱗遊乍躍紅殷,1
12459,遊乍躍紅殷勤,1
12460,乍躍紅殷勤排,1
12461,躍紅殷勤排弱,1
12462,紅殷勤排弱羽,1
12463,殷勤排弱羽飛,1
12464,勤排弱羽飛翥,1
12465,排弱羽飛翥趁,1
12466,弱羽飛翥趁和,1
12467,羽飛翥趁和風,1
12468,飛翥趁和風帝,1
12469,翥趁和風帝王,1
12470,趁和風帝王城,1
12471,和風帝王城裏,1
12472,風帝王城裏看,1
12473,帝王城裏看無,1
12474,王城裏看無故,1
12475,城裏看無故亦,1
12476,裏看無故亦無,1
12477,看無故亦無新,1
12478,無故亦無新忍,1
12479,故亦無新忍摘,1
12480,亦無新忍摘都,1
12481,無新忍摘都緣,1
12482,新忍摘都緣借,1
12483,忍摘都緣借移,1
12484,摘都緣借移栽,1
12485,都緣借移栽未,1
12486,緣借移栽未有,1
12487,借移栽未有因,1
12488,移栽未有因光,1
12489,栽未有因光陰,1
12490,未有因光陰嫌,1
12491,有因光陰嫌太,1
12492,因光陰嫌太促,1
12493,光陰嫌太促開,1
12494,陰嫌太促開落,1
12495,嫌太促開落一,1
12496,太促開落一何,1
12497,促開落一何頻,1
12498,開落一何頻羞,1
12499,落一何頻羞殺,1
12500,一何頻羞殺登,1
12501,何頻羞殺登牆,1
12502,頻羞殺登牆女,1
12503,羞殺登牆女饒,1
12504,殺登牆女饒將,1
12505,登牆女饒將解,1
12506,牆女饒將解佩,1
12507,女饒將解佩人,1
12508,饒將解佩人蕊,1
12509,將解佩人蕊堪,1
12510,解佩人蕊堪靈,1
12511,佩人蕊堪靈鳳,1
12512,人蕊堪靈鳳啄,1
12513,蕊堪靈鳳啄香,1
12514,堪靈鳳啄香許,1
12515,靈鳳啄香許白,1
12516,鳳啄香許白龍,1
12517,啄香許白龍親,1
12518,香許白龍親素,1
12519,許白龍親素練,1
12520,白龍親素練籠,1
12521,龍親素練籠霞,1
12522,親素練籠霞曉,1
12523,素練籠霞曉紅,1
12524,練籠霞曉紅妝,1
12525,籠霞曉紅妝帶,1
12526,霞曉紅妝帶臉,1
12527,曉紅妝帶臉春,1
12528,紅妝帶臉春莫,1
12529,妝帶臉春莫辭,1
12530,帶臉春莫辭終,1
12531,臉春莫辭終夕,1
12532,春莫辭終夕醉,1
12533,莫辭終夕醉易,1
12534,辭終夕醉易老,1
12535,終夕醉易老少,1
12536,夕醉易老少年,1
12537,醉易老少年身,1
12538,易老少年身買,1
12539,老少年身買取,1
12540,少年身買取歸,1
12541,年身買取歸天,1
12542,身買取歸天上,1
12543,買取歸天上寧,1
12544,取歸天上寧教,1
12545,歸天上寧教逐,1
12546,天上寧教逐世,1
12547,上寧教逐世塵,1
12548,寧教逐世塵藋,1
12549,教逐世塵藋藋,1
12550,逐世塵藋藋拂,1
12551,世塵藋藋拂清,1
12552,塵藋藋拂清流,1
12553,藋藋拂清流堪,1
12554,藋拂清流堪維,1
12555,拂清流堪維舴,1
12556,清流堪維舴艋,1
12557,流堪維舴艋舟,1
12558,堪維舴艋舟野,1
12559,維舴艋舟野蟲,1
12560,舴艋舟野蟲懸,1
12561,艋舟野蟲懸作,1
12562,舟野蟲懸作餌,1
12563,野蟲懸作餌溪,1
12564,蟲懸作餌溪月,1
12565,懸作餌溪月曲,1
12566,作餌溪月曲為,1
12567,餌溪月曲為鉤,1
12568,溪月曲為鉤雨,1
12569,月曲為鉤雨潤,1
12570,曲為鉤雨潤搖,1
12571,為鉤雨潤搖階,1
12572,鉤雨潤搖階長,1
12573,雨潤搖階長風,1
12574,潤搖階長風吹,1
12575,搖階長風吹繞,1
12576,階長風吹繞指,1
12577,長風吹繞指柔,1
12578,風吹繞指柔若,1
12579,吹繞指柔若將,1
12580,繞指柔若將諸,1
12581,指柔若將諸樹,1
12582,柔若將諸樹比,1
12583,若將諸樹比還,1
12584,將諸樹比還使,1
12585,諸樹比還使綠,1
12586,樹比還使綠楊,1
12587,比還使綠楊羞,1
12588,還使綠楊羞蠶,1
12589,使綠楊羞蠶婦,1
12590,綠楊羞蠶婦非,1
12591,楊羞蠶婦非堯,1
12592,羞蠶婦非堯女,1
12593,蠶婦非堯女漁,1
12594,婦非堯女漁人,1
12595,非堯女漁人是,1
12596,堯女漁人是子,1
12597,女漁人是子猷,1
12598,漁人是子猷湖,1
12599,人是子猷湖邊,1
12600,是子猷湖邊舊,1
12601,子猷湖邊舊栽,1
12602,猷湖邊舊栽處,1
12603,湖邊舊栽處長,1
12604,邊舊栽處長映,1
12605,舊栽處長映讀,1
12606,栽處長映讀書,1
12607,處長映讀書樓,1
12608,長映讀書樓結,1
12609,映讀書樓結綠,1
12610,讀書樓結綠根,1
12611,書樓結綠根株,1
12612,樓結綠根株翡,1
12613,結綠根株翡翠,1
12614,綠根株翡翠莖,1
12615,根株翡翠莖句,1
12616,株翡翠莖句芒,1
12617,翡翠莖句芒中,1
12618,翠莖句芒中夜,1
12619,莖句芒中夜刺,1
12620,句芒中夜刺猩,1
12621,芒中夜刺猩猩,1
12622,中夜刺猩猩景,1
12623,夜刺猩猩景陽,1
12624,刺猩猩景陽妝,1
12625,猩猩景陽妝赴,1
12626,猩景陽妝赴嚴,1
12627,景陽妝赴嚴鐘,1
12628,陽妝赴嚴鐘出,1
12629,妝赴嚴鐘出楚,1
12630,赴嚴鐘出楚峽,1
12631,嚴鐘出楚峽神,1
12632,鐘出楚峽神教,1
12633,出楚峽神教暮,1
12634,楚峽神教暮雨,1
12635,峽神教暮雨晴,1
12636,神教暮雨晴躑,1
12637,教暮雨晴躑躅,1
12638,暮雨晴躑躅豈,1
12639,雨晴躑躅豈能,1
12640,晴躑躅豈能同,1
12641,躑躅豈能同日,1
12642,躅豈能同日語,1
12643,豈能同日語玫,1
12644,能同日語玫瑰,1
12645,同日語玫瑰方,1
12646,日語玫瑰方可,1
12647,語玫瑰方可一,1
12648,玫瑰方可一時,1
12649,瑰方可一時呈,1
12650,方可一時呈風,1
12651,可一時呈風吹,1
12652,一時呈風吹嫩,1
12653,時呈風吹嫩帶,1
12654,呈風吹嫩帶香,1
12655,風吹嫩帶香苞,1
12656,吹嫩帶香苞展,1
12657,嫩帶香苞展露,1
12658,帶香苞展露灑,1
12659,香苞展露灑啼,1
12660,苞展露灑啼思,1
12661,展露灑啼思淚,1
12662,露灑啼思淚點,1
12663,灑啼思淚點輕,1
12664,啼思淚點輕阿,1
12665,思淚點輕阿母,1
12666,淚點輕阿母蕊,1
12667,點輕阿母蕊宮,1
12668,輕阿母蕊宮期,1
12669,阿母蕊宮期索,1
12670,母蕊宮期索去,1
12671,蕊宮期索去昭,1
12672,宮期索去昭君,1
12673,期索去昭君榆,1
12674,索去昭君榆塞,1
12675,去昭君榆塞闕,1
12676,昭君榆塞闕齎,1
12677,君榆塞闕齎行,1
12678,榆塞闕齎行叢,1
12679,塞闕齎行叢高,1
12680,闕齎行叢高恐,1
12681,齎行叢高恐礙,1
12682,行叢高恐礙含,1
12683,叢高恐礙含泥,1
12684,高恐礙含泥燕,1
12685,恐礙含泥燕架,1
12686,礙含泥燕架隱,1
12687,含泥燕架隱宜,1
12688,泥燕架隱宜棲,1
12689,燕架隱宜棲報,1
12690,架隱宜棲報曙,1
12691,隱宜棲報曙鶯,1
12692,宜棲報曙鶯鬥,1
12693,棲報曙鶯鬥日,1
12694,報曙鶯鬥日只,1
12695,曙鶯鬥日只憂,1
12696,鶯鬥日只憂燒,1
12697,鬥日只憂燒密,1
12698,日只憂燒密葉,1
12699,只憂燒密葉映,1
12700,憂燒密葉映階,1
12701,燒密葉映階疑,1
12702,密葉映階疑欲,1
12703,葉映階疑欲讓,1
12704,映階疑欲讓雙,1
12705,階疑欲讓雙旌,1
12706,疑欲讓雙旌含,1
12707,欲讓雙旌含煙,1
12708,讓雙旌含煙散,1
12709,雙旌含煙散纈,1
12710,旌含煙散纈佳,1
12711,含煙散纈佳人,1
12712,煙散纈佳人惜,1
12713,散纈佳人惜落,1
12714,纈佳人惜落地,1
12715,佳人惜落地遺,1
12716,人惜落地遺鈿,1
12717,惜落地遺鈿少,1
12718,落地遺鈿少妓,1
12719,地遺鈿少妓爭,1
12720,遺鈿少妓爭丹,1
12721,鈿少妓爭丹渥,1
12722,少妓爭丹渥不,1
12723,妓爭丹渥不因,1
12724,爭丹渥不因輸,1
12725,丹渥不因輸繡,1
12726,渥不因輸繡段,1
12727,不因輸繡段錢,1
12728,因輸繡段錢圓,1
12729,輸繡段錢圓誰,1
12730,繡段錢圓誰把,1
12731,段錢圓誰把買,1
12732,錢圓誰把買花,1
12733,圓誰把買花聲,1
12734,誰把買花聲海,1
12735,把買花聲海棠,1
12736,買花聲海棠若,1
12737,花聲海棠若要,1
12738,聲海棠若要分,1
12739,海棠若要分流,1
12740,棠若要分流品,1
12741,若要分流品秋,1
12742,要分流品秋菊,1
12743,分流品秋菊春,1
12744,流品秋菊春蘭,1
12745,品秋菊春蘭兩,1
12746,秋菊春蘭兩恰,1
12747,菊春蘭兩恰平,1
12748,春蘭兩恰平名,1
12749,蘭兩恰平名齊,1
12750,兩恰平名齊火,1
12751,恰平名齊火浣,1
12752,平名齊火浣溢,1
12753,名齊火浣溢山,1
12754,齊火浣溢山椒,1
12755,火浣溢山椒誰,1
12756,浣溢山椒誰把,1
12757,溢山椒誰把驚,1
12758,山椒誰把驚虹,1
12759,椒誰把驚虹掛,1
12760,誰把驚虹掛一,1
12761,把驚虹掛一條,1
12762,驚虹掛一條天,1
12763,虹掛一條天外,1
12764,掛一條天外倚,1
12765,一條天外倚來,1
12766,條天外倚來秋,1
12767,天外倚來秋水,1
12768,外倚來秋水刃,1
12769,倚來秋水刃海,1
12770,來秋水刃海心,1
12771,秋水刃海心飛,1
12772,水刃海心飛上,1
12773,刃海心飛上白,1
12774,海心飛上白龍,1
12775,心飛上白龍綃,1
12776,飛上白龍綃民,1
12777,上白龍綃民田,1
12778,白龍綃民田鑿,1
12779,龍綃民田鑿斷,1
12780,綃民田鑿斷雲,1
12781,民田鑿斷雲根,1
12782,田鑿斷雲根引,1
12783,鑿斷雲根引僧,1
12784,斷雲根引僧圃,1
12785,雲根引僧圃穿,1
12786,根引僧圃穿通,1
12787,引僧圃穿通竹,1
12788,僧圃穿通竹影,1
12789,圃穿通竹影澆,1
12790,穿通竹影澆噴,1
12791,通竹影澆噴石,1
12792,竹影澆噴石似,1
12793,影澆噴石似煙,1
12794,澆噴石似煙輕,1
12795,噴石似煙輕漠,1
12796,石似煙輕漠漠,1
12797,似煙輕漠漠濺,1
12798,煙輕漠漠濺崖,1
12799,輕漠漠濺崖如,1
12800,漠漠濺崖如雨,1
12801,漠濺崖如雨冷,1
12802,濺崖如雨冷瀟,1
12803,崖如雨冷瀟瀟,1
12804,如雨冷瀟瀟水,1
12805,雨冷瀟瀟水中,1
12806,冷瀟瀟水中蠶,1
12807,瀟瀟水中蠶緒,1
12808,瀟水中蠶緒纏,1
12809,水中蠶緒纏蒼,1
12810,中蠶緒纏蒼壁,1
12811,蠶緒纏蒼壁日,1
12812,緒纏蒼壁日裏,1
12813,纏蒼壁日裏虹,1
12814,蒼壁日裏虹精,1
12815,壁日裏虹精掛,1
12816,日裏虹精掛絳,1
12817,裏虹精掛絳霄,1
12818,虹精掛絳霄寒,1
12819,精掛絳霄寒漱,1
12820,掛絳霄寒漱綠,1
12821,絳霄寒漱綠陰,1
12822,霄寒漱綠陰仙,1
12823,寒漱綠陰仙桂,1
12824,漱綠陰仙桂老,1
12825,綠陰仙桂老碎,1
12826,陰仙桂老碎流,1
12827,仙桂老碎流紅,1
12828,桂老碎流紅豔,1
12829,老碎流紅豔野,1
12830,碎流紅豔野桃,1
12831,流紅豔野桃夭,1
12832,紅豔野桃夭千,1
12833,豔野桃夭千尋,1
12834,野桃夭千尋練,1
12835,桃夭千尋練寫,1
12836,夭千尋練寫長,1
12837,千尋練寫長年,1
12838,尋練寫長年在,1
12839,練寫長年在六,1
12840,寫長年在六出,1
12841,長年在六出花,1
12842,年在六出花開,1
12843,在六出花開夏,1
12844,六出花開夏日,1
12845,出花開夏日消,1
12846,花開夏日消急,1
12847,開夏日消急恐,1
12848,夏日消急恐劃,1
12849,日消急恐劃分,1
12850,消急恐劃分青,1
12851,急恐劃分青嶂,1
12852,恐劃分青嶂骨,1
12853,劃分青嶂骨久,1
12854,分青嶂骨久應,1
12855,青嶂骨久應繃,1
12856,嶂骨久應繃裂,1
12857,骨久應繃裂翠,1
12858,久應繃裂翠微,1
12859,應繃裂翠微腰,1
12860,繃裂翠微腰濯,1
12861,裂翠微腰濯纓,1
12862,翠微腰濯纓便,1
12863,微腰濯纓便可,1
12864,腰濯纓便可譏,1
12865,濯纓便可譏漁,1
12866,纓便可譏漁父,1
12867,便可譏漁父洗,1
12868,可譏漁父洗耳,1
12869,譏漁父洗耳還,1
12870,漁父洗耳還宜,1
12871,父洗耳還宜傲,1
12872,洗耳還宜傲帝,1
12873,耳還宜傲帝堯,1
12874,還宜傲帝堯林,1
12875,宜傲帝堯林際,1
12876,傲帝堯林際猿,1
12877,帝堯林際猿猱,1
12878,堯林際猿猱偏,1
12879,林際猿猱偏得,1
12880,際猿猱偏得飯,1
12881,猿猱偏得飯岸,1
12882,猱偏得飯岸邊,1
12883,偏得飯岸邊烏,1
12884,得飯岸邊烏鵲,1
12885,飯岸邊烏鵲擬,1
12886,岸邊烏鵲擬為,1
12887,邊烏鵲擬為橋,1
12888,烏鵲擬為橋赤,1
12889,鵲擬為橋赤城,1
12890,擬為橋赤城未,1
12891,為橋赤城未到,1
12892,橋赤城未到詩,1
12893,赤城未到詩先,1
12894,城未到詩先寄,1
12895,未到詩先寄廬,1
12896,到詩先寄廬阜,1
12897,詩先寄廬阜曾,1
12898,先寄廬阜曾遊,1
12899,寄廬阜曾遊夢,1
12900,廬阜曾遊夢已,1
12901,阜曾遊夢已遙,1
12902,曾遊夢已遙數,1
12903,遊夢已遙數夜,1
12904,夢已遙數夜積,1
12905,已遙數夜積霖,1
12906,遙數夜積霖聲,1
12907,數夜積霖聲更,1
12908,夜積霖聲更遠,1
12909,積霖聲更遠郡,1
12910,霖聲更遠郡樓,1
12911,聲更遠郡樓欹,1
12912,更遠郡樓欹枕,1
12913,遠郡樓欹枕聽,1
12914,郡樓欹枕聽良,1
12915,樓欹枕聽良宵,1
12916,欹枕聽良宵只,1
12917,枕聽良宵只合,1
12918,聽良宵只合滄,1
12919,良宵只合滄洲,1
12920,宵只合滄洲釣,1
12921,只合滄洲釣與,1
12922,合滄洲釣與耕,1
12923,滄洲釣與耕忽,1
12924,洲釣與耕忽依,1
12925,釣與耕忽依螢,1
12926,與耕忽依螢燭,1
12927,耕忽依螢燭愧,1
12928,忽依螢燭愧功,1
12929,依螢燭愧功成,1
12930,螢燭愧功成未,1
12931,燭愧功成未游,1
12932,愧功成未游宦,1
12933,功成未游宦路,1
12934,成未游宦路叨,1
12935,未游宦路叨卑,1
12936,游宦路叨卑宦,1
12937,宦路叨卑宦才,1
12938,路叨卑宦才到,1
12939,叨卑宦才到名,1
12940,卑宦才到名場,1
12941,宦才到名場得,1
12942,才到名場得大,1
12943,到名場得大名,1
12944,名場得大名梁,1
12945,場得大名梁苑,1
12946,得大名梁苑二,1
12947,大名梁苑二年,1
12948,名梁苑二年陪,1
12949,梁苑二年陪眾,1
12950,苑二年陪眾客,1
12951,二年陪眾客溫,1
12952,年陪眾客溫陵,1
12953,陪眾客溫陵十,1
12954,眾客溫陵十載,1
12955,客溫陵十載佐,1
12956,溫陵十載佐雙,1
12957,陵十載佐雙旌,1
12958,十載佐雙旌錢,1
12959,載佐雙旌錢財,1
12960,佐雙旌錢財儘,1
12961,雙旌錢財儘是,1
12962,旌錢財儘是侯,1
12963,錢財儘是侯王,1
12964,財儘是侯王惠,1
12965,儘是侯王惠骨,1
12966,是侯王惠骨肉,1
12967,侯王惠骨肉偕,1
12968,王惠骨肉偕承,1
12969,惠骨肉偕承裏,1
12970,骨肉偕承裏巷,1
12971,肉偕承裏巷榮,1
12972,偕承裏巷榮拙,1
12973,承裏巷榮拙賦,1
12974,裏巷榮拙賦偏,1
12975,巷榮拙賦偏聞,1
12976,榮拙賦偏聞鐫,1
12977,拙賦偏聞鐫印,1
12978,賦偏聞鐫印賣,1
12979,偏聞鐫印賣惡,1
12980,聞鐫印賣惡詩,1
12981,鐫印賣惡詩親,1
12982,印賣惡詩親見,1
12983,賣惡詩親見畫,1
12984,惡詩親見畫圖,1
12985,詩親見畫圖呈,1
12986,親見畫圖呈多,1
12987,見畫圖呈多栽,1
12988,畫圖呈多栽桃,1
12989,圖呈多栽桃李,1
12990,呈多栽桃李期,1
12991,多栽桃李期春,1
12992,栽桃李期春色,1
12993,桃李期春色闊,1
12994,李期春色闊鑿,1
12995,期春色闊鑿池,1
12996,春色闊鑿池塘,1
12997,色闊鑿池塘許,1
12998,闊鑿池塘許月,1
12999,鑿池塘許月明,1
13000,池塘許月明寒,1
13001,塘許月明寒益,1
13002,許月明寒益輕,1
13003,月明寒益輕裯,1
13004,明寒益輕裯饒,1
13005,寒益輕裯饒美,1
13006,益輕裯饒美寢,1
13007,輕裯饒美寢出,1
13008,裯饒美寢出乘,1
13009,饒美寢出乘車,1
13010,美寢出乘車馬,1
13011,寢出乘車馬免,1
13012,出乘車馬免徒,1
13013,乘車馬免徒行,1
13014,車馬免徒行粗,1
13015,馬免徒行粗支,1
13016,免徒行粗支菽,1
13017,徒行粗支菽粟,1
13018,行粗支菽粟防,1
13019,粗支菽粟防饑,1
13020,支菽粟防饑歉,1
13021,菽粟防饑歉薄,1
13022,粟防饑歉薄有,1
13023,防饑歉薄有杯,1
13024,饑歉薄有杯盤,1
13025,歉薄有杯盤備,1
13026,薄有杯盤備送,1
13027,有杯盤備送迎,1
13028,杯盤備送迎僧,1
13029,盤備送迎僧俗,1
13030,備送迎僧俗共,1
13031,送迎僧俗共鄰,1
13032,迎僧俗共鄰棲,1
13033,僧俗共鄰棲隱,1
13034,俗共鄰棲隱樂,1
13035,共鄰棲隱樂妻,1
13036,鄰棲隱樂妻孥,1
13037,棲隱樂妻孥同,1
13038,隱樂妻孥同愛,1
13039,樂妻孥同愛水,1
13040,妻孥同愛水雲,1
13041,孥同愛水雲清,1
13042,同愛水雲清如,1
13043,愛水雲清如今,1
13044,水雲清如今便,1
13045,雲清如今便死,1
13046,清如今便死還,1
13047,如今便死還甘,1
13048,今便死還甘分,1
13049,便死還甘分莫,1
13050,死還甘分莫更,1
13051,還甘分莫更嫌,1
13052,甘分莫更嫌他,1
13053,分莫更嫌他白,1
13054,莫更嫌他白髮,1
13055,更嫌他白髮生,1
13056,嫌他白髮生晨,1
13057,他白髮生晨起,1
13058,白髮生晨起梳,1
13059,髮生晨起梳頭,1
13060,生晨起梳頭忽,1
13061,晨起梳頭忽自,1
13062,起梳頭忽自悲,1
13063,梳頭忽自悲鏡,1
13064,頭忽自悲鏡中,1
13065,忽自悲鏡中親,1
13066,自悲鏡中親見,1
13067,悲鏡中親見數,1
13068,鏡中親見數莖,1
13069,中親見數莖絲,1
13070,親見數莖絲從,1
13071,見數莖絲從今,1
13072,數莖絲從今休,1
13073,莖絲從今休說,1
13074,絲從今休說龍,1
13075,從今休說龍泉,1
13076,今休說龍泉劍,1
13077,休說龍泉劍世,1
13078,說龍泉劍世上,1
13079,龍泉劍世上恩,1
13080,泉劍世上恩讎,1
13081,劍世上恩讎報,1
13082,世上恩讎報已,1
13083,上恩讎報已遲,1
13084,恩讎報已遲六,1
13085,讎報已遲六國,1
13086,報已遲六國商,1
13087,已遲六國商於,1
13088,遲六國商於恨,1
13089,六國商於恨最,1
13090,國商於恨最多,1
13091,商於恨最多良,1
13092,於恨最多良弓,1
13093,恨最多良弓休,1
13094,最多良弓休綰,1
13095,多良弓休綰劍,1
13096,良弓休綰劍休,1
13097,弓休綰劍休磨,1
13098,休綰劍休磨君,1
13099,綰劍休磨君王,1
13100,劍休磨君王不,1
13101,休磨君王不剪,1
13102,磨君王不剪如,1
13103,君王不剪如簧,1
13104,王不剪如簧舌,1
13105,不剪如簧舌再,1
13106,剪如簧舌再得,1
13107,如簧舌再得張,1
13108,簧舌再得張儀,1
13109,舌再得張儀欲,1
13110,再得張儀欲奈,1
13111,得張儀欲奈何,1
13112,張儀欲奈何荊,1
13113,儀欲奈何荊楚,1
13114,欲奈何荊楚南,1
13115,奈何荊楚南來,1
13116,何荊楚南來又,1
13117,荊楚南來又北,1
13118,楚南來又北歸,1
13119,南來又北歸分,1
13120,來又北歸分明,1
13121,又北歸分明舌,1
13122,北歸分明舌在,1
13123,歸分明舌在不,1
13124,分明舌在不應,1
13125,明舌在不應違,1
13126,舌在不應違懷,1
13127,在不應違懷王,1
13128,不應違懷王本,1
13129,應違懷王本是,1
13130,違懷王本是無,1
13131,懷王本是無心,1
13132,王本是無心者,1
13133,本是無心者籠,1
13134,是無心者籠得,1
13135,無心者籠得蒼,1
13136,心者籠得蒼蠅,1
13137,者籠得蒼蠅卻,1
13138,籠得蒼蠅卻放,1
13139,得蒼蠅卻放飛,1
13140,蒼蠅卻放飛朝,1
13141,蠅卻放飛朝露,1
13142,卻放飛朝露灑,1
13143,放飛朝露灑時,1
13144,飛朝露灑時如,1
13145,朝露灑時如濯,1
13146,露灑時如濯錦,1
13147,灑時如濯錦晚,1
13148,時如濯錦晚風,1
13149,如濯錦晚風飄,1
13150,濯錦晚風飄處,1
13151,錦晚風飄處似,1
13152,晚風飄處似遺,1
13153,風飄處似遺鈿,1
13154,飄處似遺鈿重,1
13155,處似遺鈿重門,1
13156,似遺鈿重門剩,1
13157,遺鈿重門剩著,1
13158,鈿重門剩著黃,1
13159,重門剩著黃金,1
13160,門剩著黃金鎖,1
13161,剩著黃金鎖莫,1
13162,著黃金鎖莫被,1
13163,黃金鎖莫被飛,1
13164,金鎖莫被飛瓊,1
13165,鎖莫被飛瓊摘,1
13166,莫被飛瓊摘上,1
13167,被飛瓊摘上天,1
13168,飛瓊摘上天五,1
13169,瓊摘上天五樹,1
13170,摘上天五樹旌,1
13171,上天五樹旌封,1
13172,天五樹旌封許,1
13173,五樹旌封許歲,1
13174,樹旌封許歲寒,1
13175,旌封許歲寒挽,1
13176,封許歲寒挽柯,1
13177,許歲寒挽柯攀,1
13178,歲寒挽柯攀葉,1
13179,寒挽柯攀葉也,1
13180,挽柯攀葉也無,1
13181,柯攀葉也無端,1
13182,攀葉也無端爭,1
13183,葉也無端爭如,1
13184,也無端爭如澗,1
13185,無端爭如澗底,1
13186,端爭如澗底淩,1
13187,爭如澗底淩霜,1
13188,如澗底淩霜節,1
13189,澗底淩霜節不,1
13190,底淩霜節不受,1
13191,淩霜節不受秦,1
13192,霜節不受秦皇,1
13193,節不受秦皇亂,1
13194,不受秦皇亂世,1
13195,受秦皇亂世官,1
13196,秦皇亂世官杏,1
13197,皇亂世官杏苑,1
13198,亂世官杏苑簫,1
13199,世官杏苑簫聲,1
13200,官杏苑簫聲好,1
13201,杏苑簫聲好醉,1
13202,苑簫聲好醉鄉,1
13203,簫聲好醉鄉春,1
13204,聲好醉鄉春風,1
13205,好醉鄉春風嘉,1
13206,醉鄉春風嘉宴,1
13207,鄉春風嘉宴更,1
13208,春風嘉宴更無,1
13209,風嘉宴更無雙,1
13210,嘉宴更無雙憑,1
13211,宴更無雙憑誰,1
13212,更無雙憑誰為,1
13213,無雙憑誰為謔,1
13214,雙憑誰為謔穆,1
13215,憑誰為謔穆天,1
13216,誰為謔穆天子,1
13217,為謔穆天子莫,1
13218,謔穆天子莫把,1
13219,穆天子莫把瑤,1
13220,天子莫把瑤池,1
13221,子莫把瑤池並,1
13222,莫把瑤池並曲,1
13223,把瑤池並曲江,1
13224,瑤池並曲江綠,1
13225,池並曲江綠綺,1
13226,並曲江綠綺新,1
13227,曲江綠綺新裁,1
13228,江綠綺新裁織,1
13229,綠綺新裁織女,1
13230,綺新裁織女機,1
13231,新裁織女機擺,1
13232,裁織女機擺風,1
13233,織女機擺風搖,1
13234,女機擺風搖日,1
13235,機擺風搖日影,1
13236,擺風搖日影離,1
13237,風搖日影離披,1
13238,搖日影離披只,1
13239,日影離披只應,1
13240,影離披只應青,1
13241,離披只應青帝,1
13242,披只應青帝行,1
13243,只應青帝行春,1
13244,應青帝行春罷,1
13245,青帝行春罷閑,1
13246,帝行春罷閑倚,1
13247,行春罷閑倚東,1
13248,春罷閑倚東牆,1
13249,罷閑倚東牆卓,1
13250,閑倚東牆卓翠,1
13251,倚東牆卓翠旗,1
13252,東牆卓翠旗楚,1
13253,牆卓翠旗楚甸,1
13254,卓翠旗楚甸秦,1
13255,翠旗楚甸秦原,1
13256,旗楚甸秦原萬,1
13257,楚甸秦原萬里,1
13258,甸秦原萬里平,1
13259,秦原萬里平誰,1
13260,原萬里平誰教,1
13261,萬里平誰教根,1
13262,里平誰教根向,1
13263,平誰教根向路,1
13264,誰教根向路傍,1
13265,教根向路傍生,1
13266,根向路傍生輕,1
13267,向路傍生輕蹄,1
13268,路傍生輕蹄繡,1
13269,傍生輕蹄繡轂,1
13270,生輕蹄繡轂長,1
13271,輕蹄繡轂長相,1
13272,蹄繡轂長相蹋,1
13273,繡轂長相蹋合,1
13274,轂長相蹋合是,1
13275,長相蹋合是榮,1
13276,相蹋合是榮時,1
13277,蹋合是榮時不,1
13278,合是榮時不得,1
13279,是榮時不得榮,1
13280,榮時不得榮布,1
13281,時不得榮布衣,1
13282,不得榮布衣空,1
13283,得榮布衣空手,1
13284,榮布衣空手取,1
13285,布衣空手取中,1
13286,衣空手取中原,1
13287,空手取中原勁,1
13288,手取中原勁卒,1
13289,取中原勁卒雄,1
13290,中原勁卒雄師,1
13291,原勁卒雄師不,1
13292,勁卒雄師不足,1
13293,卒雄師不足論,1
13294,雄師不足論楚,1
13295,師不足論楚國,1
13296,不足論楚國八,1
13297,足論楚國八千,1
13298,論楚國八千秦,1
13299,楚國八千秦百,1
13300,國八千秦百萬,1
13301,八千秦百萬豁,1
13302,千秦百萬豁開,1
13303,秦百萬豁開胸,1
13304,百萬豁開胸臆,1
13305,萬豁開胸臆一,1
13306,豁開胸臆一時,1
13307,開胸臆一時吞,1
13308,胸臆一時吞不,1
13309,臆一時吞不望,1
13310,一時吞不望金,1
13311,時吞不望金輿,1
13312,吞不望金輿到,1
13313,不望金輿到錦,1
13314,望金輿到錦帷,1
13315,金輿到錦帷人,1
13316,輿到錦帷人間,1
13317,到錦帷人間樂,1
13318,錦帷人間樂極,1
13319,帷人間樂極即,1
13320,人間樂極即須,1
13321,間樂極即須悲,1
13322,樂極即須悲若,1
13323,極即須悲若言,1
13324,即須悲若言要,1
13325,須悲若言要識,1
13326,悲若言要識愁,1
13327,若言要識愁中,1
13328,言要識愁中貌,1
13329,要識愁中貌也,1
13330,識愁中貌也似,1
13331,愁中貌也似君,1
13332,中貌也似君恩,1
13333,貌也似君恩日,1
13334,也似君恩日日,1
13335,似君恩日日衰,1
13336,君恩日日衰招,1
13337,恩日日衰招得,1
13338,日日衰招得香,1
13339,日衰招得香魂,1
13340,衰招得香魂爵,1
13341,招得香魂爵少,1
13342,得香魂爵少翁,1
13343,香魂爵少翁九,1
13344,魂爵少翁九華,1
13345,爵少翁九華燈,1
13346,少翁九華燈燭,1
13347,翁九華燈燭曉,1
13348,九華燈燭曉還,1
13349,華燈燭曉還空,1
13350,燈燭曉還空漢,1
13351,燭曉還空漢王,1
13352,曉還空漢王不,1
13353,還空漢王不及,1
13354,空漢王不及吳,1
13355,漢王不及吳王,1
13356,王不及吳王樂,1
13357,不及吳王樂且,1
13358,及吳王樂且與,1
13359,吳王樂且與西,1
13360,王樂且與西施,1
13361,樂且與西施死,1
13362,且與西施死處,1
13363,與西施死處同,1
13364,西施死處同不,1
13365,施死處同不用,1
13366,死處同不用牽,1
13367,處同不用牽心,1
13368,同不用牽心恨,1
13369,不用牽心恨畫,1
13370,用牽心恨畫工,1
13371,牽心恨畫工帝,1
13372,心恨畫工帝家,1
13373,恨畫工帝家無,1
13374,畫工帝家無策,1
13375,工帝家無策及,1
13376,帝家無策及邊,1
13377,家無策及邊戎,1
13378,無策及邊戎香,1
13379,策及邊戎香魂,1
13380,及邊戎香魂若,1
13381,邊戎香魂若得,1
13382,戎香魂若得升,1
13383,香魂若得升明,1
13384,魂若得升明月,1
13385,若得升明月夜,1
13386,得升明月夜夜,1
13387,升明月夜夜還,1
13388,明月夜夜還應,1
13389,月夜夜還應照,1
13390,夜夜還應照漢,1
13391,夜還應照漢宮,1
13392,還應照漢宮二,1
13393,應照漢宮二百,1
13394,照漢宮二百年,1
13395,漢宮二百年來,1
13396,宮二百年來事,1
13397,二百年來事遠,1
13398,百年來事遠聞,1
13399,年來事遠聞從,1
13400,來事遠聞從龍,1
13401,事遠聞從龍誰,1
13402,遠聞從龍誰解,1
13403,聞從龍誰解盡,1
13404,從龍誰解盡如,1
13405,龍誰解盡如雲,1
13406,誰解盡如雲張,1
13407,解盡如雲張均,1
13408,盡如雲張均兄,1
13409,如雲張均兄弟,1
13410,雲張均兄弟皆,1
13411,張均兄弟皆何,1
13412,均兄弟皆何在,1
13413,兄弟皆何在卻,1
13414,弟皆何在卻是,1
13415,皆何在卻是楊,1
13416,何在卻是楊妃,1
13417,在卻是楊妃死,1
13418,卻是楊妃死報,1
13419,是楊妃死報君,1
13420,楊妃死報君七,1
13421,妃死報君七貴,1
13422,死報君七貴五,1
13423,報君七貴五侯,1
13424,君七貴五侯生,1
13425,七貴五侯生肯,1
13426,貴五侯生肯退,1
13427,五侯生肯退利,1
13428,侯生肯退利塵,1
13429,生肯退利塵名,1
13430,肯退利塵名網,1
13431,退利塵名網死,1
13432,利塵名網死當,1
13433,塵名網死當拋,1
13434,名網死當拋黔,1
13435,網死當拋黔婁,1
13436,死當拋黔婁寂,1
13437,當拋黔婁寂寞,1
13438,拋黔婁寂寞嚴,1
13439,黔婁寂寞嚴陵,1
13440,婁寂寞嚴陵臥,1
13441,寂寞嚴陵臥借,1
13442,寞嚴陵臥借問,1
13443,嚴陵臥借問何,1
13444,陵臥借問何人,1
13445,臥借問何人與,1
13446,借問何人與結,1
13447,問何人與結交,1
13448,何人與結交休,1
13449,人與結交休把,1
13450,與結交休把羸,1
13451,結交休把羸蹄,1
13452,交休把羸蹄蹋,1
13453,休把羸蹄蹋霜,1
13454,把羸蹄蹋霜雪,1
13455,羸蹄蹋霜雪書,1
13456,蹄蹋霜雪書成,1
13457,蹋霜雪書成何,1
13458,霜雪書成何處,1
13459,雪書成何處獻,1
13460,書成何處獻君,1
13461,成何處獻君王,1
13462,何處獻君王嵩,1
13463,處獻君王嵩山,1
13464,獻君王嵩山好,1
13465,君王嵩山好與,1
13466,王嵩山好與浮,1
13467,嵩山好與浮丘,1
13468,山好與浮丘約,1
13469,好與浮丘約三,1
13470,與浮丘約三十,1
13471,浮丘約三十六,1
13472,丘約三十六峰,1
13473,約三十六峰雲,1
13474,三十六峰雲外,1
13475,十六峰雲外鄉,1
13476,六峰雲外鄉百,1
13477,峰雲外鄉百萬,1
13478,雲外鄉百萬僧,1
13479,外鄉百萬僧中,1
13480,鄉百萬僧中不,1
13481,百萬僧中不為,1
13482,萬僧中不為僧,1
13483,僧中不為僧比,1
13484,中不為僧比君,1
13485,不為僧比君知,1
13486,為僧比君知道,1
13487,僧比君知道僅,1
13488,比君知道僅誰,1
13489,君知道僅誰能,1
13490,知道僅誰能無,1
13491,道僅誰能無家,1
13492,僅誰能無家寄,1
13493,誰能無家寄泊,1
13494,能無家寄泊南,1
13495,無家寄泊南安,1
13496,家寄泊南安縣,1
13497,寄泊南安縣六,1
13498,泊南安縣六月,1
13499,南安縣六月門,1
13500,安縣六月門前,1
13501,縣六月門前也,1
13502,六月門前也似,1
13503,月門前也似冰,1
13504,門前也似冰兩,1
13505,前也似冰兩鬢,1
13506,也似冰兩鬢當,1
13507,似冰兩鬢當春,1
13508,冰兩鬢當春卻,1
13509,兩鬢當春卻似,1
13510,鬢當春卻似秋,1
13511,當春卻似秋僻,1
13512,春卻似秋僻居,1
13513,卻似秋僻居誇,1
13514,似秋僻居誇近,1
13515,秋僻居誇近野,1
13516,僻居誇近野僧,1
13517,居誇近野僧樓,1
13518,誇近野僧樓落,1
13519,近野僧樓落花,1
13520,野僧樓落花明,1
13521,僧樓落花明月,1
13522,樓落花明月皆,1
13523,落花明月皆臨,1
13524,花明月皆臨水,1
13525,明月皆臨水明,1
13526,月皆臨水明月,1
13527,皆臨水明月不,1
13528,臨水明月不流,1
13529,水明月不流花,1
13530,明月不流花自,1
13531,月不流花自流,1
13532,不流花自流晉,1
13533,流花自流晉楚,1
13534,花自流晉楚忙,1
13535,自流晉楚忙忙,1
13536,流晉楚忙忙起,1
13537,晉楚忙忙起戰,1
13538,楚忙忙起戰塵,1
13539,忙忙起戰塵龔,1
13540,忙起戰塵龔黃,1
13541,起戰塵龔黃門,1
13542,戰塵龔黃門外,1
13543,塵龔黃門外有,1
13544,龔黃門外有高,1
13545,黃門外有高人,1
13546,門外有高人一,1
13547,外有高人一畦,1
13548,有高人一畦雲,1
13549,高人一畦雲薤,1
13550,人一畦雲薤三,1
13551,一畦雲薤三株,1
13552,畦雲薤三株竹,1
13553,雲薤三株竹席,1
13554,薤三株竹席上,1
13555,三株竹席上先,1
13556,株竹席上先生,1
13557,竹席上先生未,1
13558,席上先生未是,1
13559,上先生未是貧,1
13560,先生未是貧慈,1
13561,生未是貧慈恩,1
13562,未是貧慈恩雁,1
13563,是貧慈恩雁塔,1
13564,貧慈恩雁塔參,1
13565,慈恩雁塔參差,1
13566,恩雁塔參差榜,1
13567,雁塔參差榜杏,1
13568,塔參差榜杏苑,1
13569,參差榜杏苑鶯,1
13570,差榜杏苑鶯花,1
13571,榜杏苑鶯花次,1
13572,杏苑鶯花次第,1
13573,苑鶯花次第遊,1
13574,鶯花次第遊白,1
13575,花次第遊白日,1
13576,次第遊白日有,1
13577,第遊白日有愁,1
13578,遊白日有愁猶,1
13579,白日有愁猶可,1
13580,日有愁猶可散,1
13581,有愁猶可散青,1
13582,愁猶可散青山,1
13583,猶可散青山高,1
13584,可散青山高臥,1
13585,散青山高臥況,1
13586,青山高臥況無,1
13587,山高臥況無愁,1
13588,高臥況無愁獻,1
13589,臥況無愁獻書,1
13590,況無愁獻書猶,1
13591,無愁獻書猶未,1
13592,愁獻書猶未達,1
13593,獻書猶未達明,1
13594,書猶未達明君,1
13595,猶未達明君何,1
13596,未達明君何事,1
13597,達明君何事先,1
13598,明君何事先游,1
13599,君何事先游岱,1
13600,何事先游岱嶽,1
13601,事先游岱嶽雲,1
13602,先游岱嶽雲惟,1
13603,游岱嶽雲惟有,1
13604,岱嶽雲惟有春,1
13605,嶽雲惟有春風,1
13606,雲惟有春風護,1
13607,惟有春風護冤,1
13608,有春風護冤魄,1
13609,春風護冤魄與,1
13610,風護冤魄與生,1
13611,護冤魄與生青,1
13612,冤魄與生青草,1
13613,魄與生青草蓋,1
13614,與生青草蓋孤,1
13615,生青草蓋孤墳,1
13616,青草蓋孤墳園,1
13617,草蓋孤墳園綺,1
13618,蓋孤墳園綺生,1
13619,孤墳園綺生雖,1
13620,墳園綺生雖逢,1
13621,園綺生雖逢漢,1
13622,綺生雖逢漢室,1
13623,生雖逢漢室巢,1
13624,雖逢漢室巢由,1
13625,逢漢室巢由死,1
13626,漢室巢由死不,1
13627,室巢由死不謁,1
13628,巢由死不謁堯,1
13629,由死不謁堯階,1
13630,死不謁堯階夫,1
13631,不謁堯階夫君,1
13632,謁堯階夫君歿,1
13633,堯階夫君歿去,1
13634,階夫君歿去何,1
13635,夫君歿去何人,1
13636,君歿去何人葬,1
13637,歿去何人葬合,1
13638,去何人葬合取,1
13639,何人葬合取夷,1
13640,人葬合取夷齊,1
13641,葬合取夷齊隱,1
13642,合取夷齊隱處,1
13643,取夷齊隱處埋,1
13644,夷齊隱處埋買,1
13645,齊隱處埋買骨,1
13646,隱處埋買骨須,1
13647,處埋買骨須求,1
13648,埋買骨須求騏,1
13649,買骨須求騏驥,1
13650,骨須求騏驥骨,1
13651,須求騏驥骨愛,1
13652,求騏驥骨愛毛,1
13653,騏驥骨愛毛宜,1
13654,驥骨愛毛宜采,1
13655,骨愛毛宜采鳳,1
13656,愛毛宜采鳳凰,1
13657,毛宜采鳳凰毛,1
13658,宜采鳳凰毛駑,1
13659,采鳳凰毛駑駘,1
13660,鳳凰毛駑駘燕,1
13661,凰毛駑駘燕雀,1
13662,毛駑駘燕雀堪,1
13663,駑駘燕雀堪何,1
13664,駘燕雀堪何用,1
13665,燕雀堪何用仍,1
13666,雀堪何用仍向,1
13667,堪何用仍向人,1
13668,何用仍向人前,1
13669,用仍向人前價,1
13670,仍向人前價例,1
13671,向人前價例高,1
13672,人前價例高賦,1
13673,前價例高賦就,1
13674,價例高賦就長,1
13675,例高賦就長安,1
13676,高賦就長安振,1
13677,賦就長安振大,1
13678,就長安振大名,1
13679,長安振大名斬,1
13680,安振大名斬蛇,1
13681,振大名斬蛇功,1
13682,大名斬蛇功與,1
13683,名斬蛇功與樂,1
13684,斬蛇功與樂天,1
13685,蛇功與樂天爭,1
13686,功與樂天爭歸,1
13687,與樂天爭歸來,1
13688,樂天爭歸來延,1
13689,天爭歸來延壽,1
13690,爭歸來延壽溪,1
13691,歸來延壽溪頭,1
13692,來延壽溪頭坐,1
13693,延壽溪頭坐終,1
13694,壽溪頭坐終日,1
13695,溪頭坐終日無,1
13696,頭坐終日無人,1
13697,坐終日無人問,1
13698,終日無人問一,1
13699,日無人問一聲,1
13700,無人問一聲宿,1
13701,人問一聲宿有,1
13702,問一聲宿有喬,1
13703,一聲宿有喬林,1
13704,聲宿有喬林飲,1
13705,宿有喬林飲有,1
13706,有喬林飲有溪,1
13707,喬林飲有溪生,1
13708,林飲有溪生來,1
13709,飲有溪生來蹤,1
13710,有溪生來蹤跡,1
13711,溪生來蹤跡遠,1
13712,生來蹤跡遠塵,1
13713,來蹤跡遠塵泥,1
13714,蹤跡遠塵泥不,1
13715,跡遠塵泥不知,1
13716,遠塵泥不知心,1
13717,塵泥不知心更,1
13718,泥不知心更愁,1
13719,不知心更愁何,1
13720,知心更愁何事,1
13721,心更愁何事每,1
13722,更愁何事每向,1
13723,愁何事每向深,1
13724,何事每向深山,1
13725,事每向深山夜,1
13726,每向深山夜夜,1
13727,向深山夜夜啼,1
13728,深山夜夜啼誰,1
13729,山夜夜啼誰開,1
13730,夜夜啼誰開黃,1
13731,夜啼誰開黃帝,1
13732,啼誰開黃帝橋,1
13733,誰開黃帝橋山,1
13734,開黃帝橋山塚,1
13735,黃帝橋山塚明,1
13736,帝橋山塚明月,1
13737,橋山塚明月飛,1
13738,山塚明月飛光,1
13739,塚明月飛光出,1
13740,明月飛光出九,1
13741,月飛光出九泉,1
13742,飛光出九泉狼,1
13743,光出九泉狼藉,1
13744,出九泉狼藉蘚,1
13745,九泉狼藉蘚痕,1
13746,泉狼藉蘚痕磨,1
13747,狼藉蘚痕磨不,1
13748,藉蘚痕磨不盡,1
13749,蘚痕磨不盡黑,1
13750,痕磨不盡黑雲,1
13751,磨不盡黑雲殘,1
13752,不盡黑雲殘點,1
13753,盡黑雲殘點汙,1
13754,黑雲殘點汙秋,1
13755,雲殘點汙秋天,1
13756,殘點汙秋天不,1
13757,點汙秋天不並,1
13758,汙秋天不並難,1
13759,秋天不並難飛,1
13760,天不並難飛繭,1
13761,不並難飛繭裏,1
13762,並難飛繭裏蛾,1
13763,難飛繭裏蛾有,1
13764,飛繭裏蛾有花,1
13765,繭裏蛾有花芳,1
13766,裏蛾有花芳處,1
13767,蛾有花芳處定,1
13768,有花芳處定經,1
13769,花芳處定經過,1
13770,芳處定經過天,1
13771,處定經過天風,1
13772,定經過天風相,1
13773,經過天風相送,1
13774,過天風相送輕,1
13775,天風相送輕飄,1
13776,風相送輕飄去,1
13777,相送輕飄去卻,1
13778,送輕飄去卻笑,1
13779,輕飄去卻笑蜘,1
13780,飄去卻笑蜘蛛,1
13781,去卻笑蜘蛛謾,1
13782,卻笑蜘蛛謾織,1
13783,笑蜘蛛謾織羅,1
13784,蜘蛛謾織羅苒,1
13785,蛛謾織羅苒苒,1
13786,謾織羅苒苒雙,1
13787,織羅苒苒雙雙,1
13788,羅苒苒雙雙拂,1
13789,苒苒雙雙拂畫,1
13790,苒雙雙拂畫欄,1
13791,雙雙拂畫欄佳,1
13792,雙拂畫欄佳人,1
13793,拂畫欄佳人偷,1
13794,畫欄佳人偷眼,1
13795,欄佳人偷眼再,1
13796,佳人偷眼再三,1
13797,人偷眼再三看,1
13798,偷眼再三看莫,1
13799,眼再三看莫欺,1
13800,再三看莫欺翼,1
13801,三看莫欺翼短,1
13802,看莫欺翼短飛,1
13803,莫欺翼短飛長,1
13804,欺翼短飛長近,1
13805,翼短飛長近試,1
13806,短飛長近試就,1
13807,飛長近試就花,1
13808,長近試就花間,1
13809,近試就花間撲,1
13810,試就花間撲已,1
13811,就花間撲已難,1
13812,花間撲已難栩,1
13813,間撲已難栩栩,1
13814,撲已難栩栩無,1
13815,已難栩栩無因,1
13816,難栩栩無因系,1
13817,栩栩無因系得,1
13818,栩無因系得他,1
13819,無因系得他野,1
13820,因系得他野園,1
13821,系得他野園荒,1
13822,得他野園荒徑,1
13823,他野園荒徑一,1
13824,野園荒徑一何,1
13825,園荒徑一何多,1
13826,荒徑一何多不,1
13827,徑一何多不聞,1
13828,一何多不聞絲,1
13829,何多不聞絲竹,1
13830,多不聞絲竹誰,1
13831,不聞絲竹誰教,1
13832,聞絲竹誰教舞,1
13833,絲竹誰教舞應,1
13834,竹誰教舞應仗,1
13835,誰教舞應仗流,1
13836,教舞應仗流鶯,1
13837,舞應仗流鶯為,1
13838,應仗流鶯為唱,1
13839,仗流鶯為唱歌,1
13840,流鶯為唱歌素,1
13841,鶯為唱歌素手,1
13842,為唱歌素手春,1
13843,唱歌素手春溪,1
13844,歌素手春溪罷,1
13845,素手春溪罷浣,1
13846,手春溪罷浣紗,1
13847,春溪罷浣紗巧,1
13848,溪罷浣紗巧裁,1
13849,罷浣紗巧裁明,1
13850,浣紗巧裁明月,1
13851,紗巧裁明月半,1
13852,巧裁明月半彎,1
13853,裁明月半彎斜,1
13854,明月半彎斜齊,1
13855,月半彎斜齊宮,1
13856,半彎斜齊宮合,1
13857,彎斜齊宮合贈,1
13858,斜齊宮合贈東,1
13859,齊宮合贈東昏,1
13860,宮合贈東昏寵,1
13861,合贈東昏寵好,1
13862,贈東昏寵好步,1
13863,東昏寵好步黃,1
13864,昏寵好步黃金,1
13865,寵好步黃金菡,1
13866,好步黃金菡萏,1
13867,步黃金菡萏花,1
13868,黃金菡萏花山,1
13869,金菡萏花山掌,1
13870,菡萏花山掌林,1
13871,萏花山掌林中,1
13872,花山掌林中第,1
13873,山掌林中第一,1
13874,掌林中第一人,1
13875,林中第一人鶴,1
13876,中第一人鶴書,1
13877,第一人鶴書時,1
13878,一人鶴書時或,1
13879,人鶴書時或問,1
13880,鶴書時或問眠,1
13881,書時或問眠雲,1
13882,時或問眠雲莫,1
13883,或問眠雲莫言,1
13884,問眠雲莫言疏,1
13885,眠雲莫言疏野,1
13886,雲莫言疏野全,1
13887,莫言疏野全無,1
13888,言疏野全無事,1
13889,疏野全無事明,1
13890,野全無事明月,1
13891,全無事明月清,1
13892,無事明月清風,1
13893,事明月清風肯,1
13894,明月清風肯放,1
13895,月清風肯放君,1
13896,清風肯放君長,1
13897,風肯放君長養,1
13898,肯放君長養熏,1
13899,放君長養熏風,1
13900,君長養熏風拂,1
13901,長養熏風拂曉,1
13902,養熏風拂曉吹,1
13903,熏風拂曉吹漸,1
13904,風拂曉吹漸開,1
13905,拂曉吹漸開荷,1
13906,曉吹漸開荷芰,1
13907,吹漸開荷芰落,1
13908,漸開荷芰落薔,1
13909,開荷芰落薔薇,1
13910,荷芰落薔薇青,1
13911,芰落薔薇青蟲,1
13912,落薔薇青蟲也,1
13913,薔薇青蟲也學,1
13914,薇青蟲也學莊,1
13915,青蟲也學莊周,1
13916,蟲也學莊周夢,1
13917,也學莊周夢化,1
13918,學莊周夢化作,1
13919,莊周夢化作南,1
13920,周夢化作南園,1
13921,夢化作南園蛺,1
13922,化作南園蛺蝶,1
13923,作南園蛺蝶飛,1
