排名,詞彙,出現次數
1,水落無風夜猿,2
2,世嫌山水僻誰,2
3,嫌山水僻誰伴,2
4,山水僻誰伴謝,2
5,水僻誰伴謝公,2
6,僻誰伴謝公吟,2
7,堪入處鴛鴦飛,2
8,結茅當此地下,1
9,茅當此地下馬,1
10,當此地下馬見,1
11,此地下馬見高,1
12,地下馬見高情,1
13,下馬見高情菰,1
14,馬見高情菰葉,1
15,見高情菰葉寒,1
16,高情菰葉寒塘,1
17,情菰葉寒塘晚,1
18,菰葉寒塘晚杉,1
19,葉寒塘晚杉陰,1
20,寒塘晚杉陰白,1
21,塘晚杉陰白石,1
22,晚杉陰白石明,1
23,杉陰白石明向,1
24,陰白石明向爐,1
25,白石明向爐新,1
26,石明向爐新茗,1
27,明向爐新茗色,1
28,向爐新茗色隔,1
29,爐新茗色隔雪,1
30,新茗色隔雪遠,1
31,茗色隔雪遠鐘,1
32,色隔雪遠鐘聲,1
33,隔雪遠鐘聲閑,1
34,雪遠鐘聲閑得,1
35,遠鐘聲閑得相,1
36,鐘聲閑得相逢,1
37,聲閑得相逢少,1
38,閑得相逢少吟,1
39,得相逢少吟多,1
40,相逢少吟多寐,1
41,逢少吟多寐不,1
42,少吟多寐不成,1
43,吟多寐不成科,1
44,多寐不成科名,1
45,寐不成科名繼,1
46,不成科名繼世,1
47,成科名繼世古,1
48,科名繼世古來,1
49,名繼世古來稀,1
50,繼世古來稀高,1
51,世古來稀高步,1
52,古來稀高步何,1
53,來稀高步何年,1
54,稀高步何年下,1
55,高步何年下紫,1
56,步何年下紫微,1
57,何年下紫微帝,1
58,年下紫微帝命,1
59,下紫微帝命幾,1
60,紫微帝命幾曾,1
61,微帝命幾曾移,1
62,帝命幾曾移重,1
63,命幾曾移重鎮,1
64,幾曾移重鎮時,1
65,曾移重鎮時清,1
66,移重鎮時清猶,1
67,重鎮時清猶望,1
68,鎮時清猶望領,1
69,時清猶望領春,1
70,清猶望領春闈,1
71,猶望領春闈登,1
72,望領春闈登朝,1
73,領春闈登朝舊,1
74,春闈登朝舊友,1
75,闈登朝舊友常,1
76,登朝舊友常思,1
77,朝舊友常思見,1
78,舊友常思見開,1
79,友常思見開幕,1
80,常思見開幕賢,1
81,思見開幕賢人,1
82,見開幕賢人並,1
83,開幕賢人並望,1
84,幕賢人並望歸,1
85,賢人並望歸今,1
86,人並望歸今日,1
87,並望歸今日得,1
88,望歸今日得遊,1
89,歸今日得遊風,1
90,今日得遊風化,1
91,日得遊風化地,1
92,得遊風化地卻,1
93,遊風化地卻回,1
94,風化地卻回滄,1
95,化地卻回滄海,1
96,地卻回滄海有,1
97,卻回滄海有光,1
98,回滄海有光輝,1
99,滄海有光輝馬,1
100,海有光輝馬識,1
101,有光輝馬識青,1
102,光輝馬識青山,1
103,輝馬識青山路,1
104,馬識青山路人,1
105,識青山路人隨,1
106,青山路人隨白,1
107,山路人隨白浪,1
108,路人隨白浪船,1
109,人隨白浪船別,1
110,隨白浪船別君,1
111,白浪船別君猶,1
112,浪船別君猶有,1
113,船別君猶有淚,1
114,別君猶有淚學,1
115,君猶有淚學道,1
116,猶有淚學道謾,1
117,有淚學道謾經,1
118,淚學道謾經年,1
119,學道謾經年莫,1
120,道謾經年莫辭,1
121,謾經年莫辭東,1
122,經年莫辭東路,1
123,年莫辭東路遠,1
124,莫辭東路遠此,1
125,辭東路遠此別,1
126,東路遠此別豈,1
127,路遠此別豈閑,1
128,遠此別豈閑行,1
129,此別豈閑行職,1
130,別豈閑行職處,1
131,豈閑行職處中,1
132,閑行職處中軍,1
133,行職處中軍要,1
134,職處中軍要官,1
135,處中軍要官兼,1
136,中軍要官兼上,1
137,軍要官兼上佐,1
138,要官兼上佐榮,1
139,官兼上佐榮野,1
140,兼上佐榮野亭,1
141,上佐榮野亭楓,1
142,佐榮野亭楓葉,1
143,榮野亭楓葉暗,1
144,野亭楓葉暗秋,1
145,亭楓葉暗秋水,1
146,楓葉暗秋水藕,1
147,葉暗秋水藕花,1
148,暗秋水藕花明,1
149,秋水藕花明拜,1
150,水藕花明拜省,1
151,藕花明拜省期,1
152,花明拜省期將,1
153,明拜省期將近,1
154,拜省期將近孤,1
155,省期將近孤舟,1
156,期將近孤舟促,1
157,將近孤舟促去,1
158,近孤舟促去程,1
159,孤舟促去程堂,1
160,舟促去程堂閉,1
161,促去程堂閉仙,1
162,去程堂閉仙人,1
163,程堂閉仙人影,1
164,堂閉仙人影空,1
165,閉仙人影空壇,1
166,仙人影空壇月,1
167,人影空壇月露,1
168,影空壇月露初,1
169,空壇月露初閑,1
170,壇月露初閑聽,1
171,月露初閑聽道,1
172,露初閑聽道家,1
173,初閑聽道家子,1
174,閑聽道家子盥,1
175,聽道家子盥漱,1
176,道家子盥漱讀,1
177,家子盥漱讀靈,1
178,子盥漱讀靈書,1
179,盥漱讀靈書老,1
180,漱讀靈書老大,1
181,讀靈書老大成,1
182,靈書老大成名,1
183,書老大成名仍,1
184,老大成名仍足,1
185,大成名仍足病,1
186,成名仍足病縱,1
187,名仍足病縱聽,1
188,仍足病縱聽絲,1
189,足病縱聽絲竹,1
190,病縱聽絲竹也,1
191,縱聽絲竹也無,1
192,聽絲竹也無歡,1
193,絲竹也無歡高,1
194,竹也無歡高情,1
195,也無歡高情太,1
196,無歡高情太守,1
197,歡高情太守容,1
198,高情太守容閑,1
199,情太守容閑坐,1
200,太守容閑坐借,1
201,守容閑坐借與,1
202,容閑坐借與青,1
203,閑坐借與青山,1
204,坐借與青山盡,1
205,借與青山盡日,1
206,與青山盡日看,1
207,青山盡日看石,1
208,山盡日看石抱,1
209,盡日看石抱龍,1
210,日看石抱龍堂,1
211,看石抱龍堂蘚,1
212,石抱龍堂蘚石,1
213,抱龍堂蘚石幹,1
214,龍堂蘚石幹山,1
215,堂蘚石幹山遮,1
216,蘚石幹山遮白,1
217,石幹山遮白日,1
218,幹山遮白日寺,1
219,山遮白日寺門,1
220,遮白日寺門寒,1
221,白日寺門寒長,1
222,日寺門寒長松,1
223,寺門寒長松瀑,1
224,門寒長松瀑布,1
225,寒長松瀑布饒,1
226,長松瀑布饒奇,1
227,松瀑布饒奇狀,1
228,瀑布饒奇狀曾,1
229,布饒奇狀曾有,1
230,饒奇狀曾有仙,1
231,奇狀曾有仙人,1
232,狀曾有仙人駐,1
233,曾有仙人駐鶴,1
234,有仙人駐鶴看,1
235,仙人駐鶴看寂,1
236,人駐鶴看寂寂,1
237,駐鶴看寂寂花,1
238,鶴看寂寂花時,1
239,看寂寂花時閉,1
240,寂寂花時閉院,1
241,寂花時閉院門,1
242,花時閉院門美,1
243,時閉院門美人,1
244,閉院門美人相,1
245,院門美人相並,1
246,門美人相並立,1
247,美人相並立瓊,1
248,人相並立瓊軒,1
249,相並立瓊軒含,1
250,並立瓊軒含情,1
251,立瓊軒含情欲,1
252,瓊軒含情欲說,1
253,軒含情欲說宮,1
254,含情欲說宮中,1
255,情欲說宮中事,1
256,欲說宮中事鸚,1
257,說宮中事鸚鵡,1
258,宮中事鸚鵡前,1
259,中事鸚鵡前頭,1
260,事鸚鵡前頭不,1
261,鸚鵡前頭不敢,1
262,鵡前頭不敢言,1
263,前頭不敢言閑,1
264,頭不敢言閑從,1
265,不敢言閑從結,1
266,敢言閑從結客,1
267,言閑從結客冶,1
268,閑從結客冶游,1
269,從結客冶游時,1
270,結客冶游時忘,1
271,客冶游時忘卻,1
272,冶游時忘卻紅,1
273,游時忘卻紅樓,1
274,時忘卻紅樓薄,1
275,忘卻紅樓薄暮,1
276,卻紅樓薄暮期,1
277,紅樓薄暮期醉,1
278,樓薄暮期醉上,1
279,薄暮期醉上黃,1
280,暮期醉上黃金,1
281,期醉上黃金堤,1
282,醉上黃金堤上,1
283,上黃金堤上去,1
284,黃金堤上去馬,1
285,金堤上去馬鞭,1
286,堤上去馬鞭捎,1
287,上去馬鞭捎斷,1
288,去馬鞭捎斷綠,1
289,馬鞭捎斷綠楊,1
290,鞭捎斷綠楊絲,1
291,捎斷綠楊絲滿,1
292,斷綠楊絲滿酌,1
293,綠楊絲滿酌勸,1
294,楊絲滿酌勸童,1
295,絲滿酌勸童僕,1
296,滿酌勸童僕好,1
297,酌勸童僕好隨,1
298,勸童僕好隨郎,1
299,童僕好隨郎馬,1
300,僕好隨郎馬蹄,1
301,好隨郎馬蹄春,1
302,隨郎馬蹄春風,1
303,郎馬蹄春風慎,1
304,馬蹄春風慎行,1
305,蹄春風慎行李,1
306,春風慎行李莫,1
307,風慎行李莫上,1
308,慎行李莫上白,1
309,行李莫上白銅,1
310,李莫上白銅鞮,1
311,莫上白銅鞮仙,1
312,上白銅鞮仙觀,1
313,白銅鞮仙觀曾,1
314,銅鞮仙觀曾過,1
315,鞮仙觀曾過知,1
316,仙觀曾過知不,1
317,觀曾過知不遠,1
318,曾過知不遠花,1
319,過知不遠花藏,1
320,知不遠花藏石,1
321,不遠花藏石室,1
322,遠花藏石室杳,1
323,花藏石室杳難,1
324,藏石室杳難尋,1
325,石室杳難尋泉,1
326,室杳難尋泉邊,1
327,杳難尋泉邊白,1
328,難尋泉邊白鹿,1
329,尋泉邊白鹿聞,1
330,泉邊白鹿聞人,1
331,邊白鹿聞人語,1
332,白鹿聞人語看,1
333,鹿聞人語看過,1
334,聞人語看過天,1
335,人語看過天壇,1
336,語看過天壇漸,1
337,看過天壇漸入,1
338,過天壇漸入深,1
339,天壇漸入深越,1
340,壇漸入深越嶺,1
341,漸入深越嶺向,1
342,入深越嶺向南,1
343,深越嶺向南風,1
344,越嶺向南風景,1
345,嶺向南風景異,1
346,向南風景異人,1
347,南風景異人人,1
348,風景異人人傳,1
349,景異人人傳說,1
350,異人人傳說到,1
351,人人傳說到京,1
352,人傳說到京城,1
353,傳說到京城經,1
354,說到京城經冬,1
355,到京城經冬來,1
356,京城經冬來往,1
357,城經冬來往不,1
358,經冬來往不踏,1
359,冬來往不踏雪,1
360,來往不踏雪盡,1
361,往不踏雪盡在,1
362,不踏雪盡在刺,1
363,踏雪盡在刺桐,1
364,雪盡在刺桐花,1
365,盡在刺桐花下,1
366,在刺桐花下行,1
367,刺桐花下行閑,1
368,桐花下行閑攜,1
369,花下行閑攜九,1
370,下行閑攜九日,1
371,行閑攜九日酒,1
372,閑攜九日酒共,1
373,攜九日酒共到,1
374,九日酒共到百,1
375,日酒共到百花,1
376,酒共到百花亭,1
377,共到百花亭醉,1
378,到百花亭醉裏,1
379,百花亭醉裏求,1
380,花亭醉裏求詩,1
381,亭醉裏求詩境,1
382,醉裏求詩境回,1
383,裏求詩境回看,1
384,求詩境回看島,1
385,詩境回看島嶼,1
386,境回看島嶼青,1
387,回看島嶼青出,1
388,看島嶼青出入,1
389,島嶼青出入門,1
390,嶼青出入門闌,1
391,青出入門闌久,1
392,出入門闌久兒,1
393,入門闌久兒童,1
394,門闌久兒童亦,1
395,闌久兒童亦有,1
396,久兒童亦有情,1
397,兒童亦有情不,1
398,童亦有情不忘,1
399,亦有情不忘將,1
400,有情不忘將姓,1
401,情不忘將姓字,1
402,不忘將姓字常,1
403,忘將姓字常說,1
404,將姓字常說向,1
405,姓字常說向公,1
406,字常說向公卿,1
407,常說向公卿每,1
408,說向公卿每許,1
409,向公卿每許連,1
410,公卿每許連床,1
411,卿每許連床坐,1
412,每許連床坐仍,1
413,許連床坐仍容,1
414,連床坐仍容並,1
415,床坐仍容並馬,1
416,坐仍容並馬行,1
417,仍容並馬行恩,1
418,容並馬行恩深,1
419,並馬行恩深轉,1
420,馬行恩深轉無,1
421,行恩深轉無語,1
422,恩深轉無語懷,1
423,深轉無語懷抱,1
424,轉無語懷抱甚,1
425,無語懷抱甚分,1
426,語懷抱甚分明,1
427,懷抱甚分明四,1
428,抱甚分明四面,1
429,甚分明四面無,1
430,分明四面無炎,1
431,明四面無炎氣,1
432,四面無炎氣清,1
433,面無炎氣清池,1
434,無炎氣清池闊,1
435,炎氣清池闊複,1
436,氣清池闊複深,1
437,清池闊複深蝶,1
438,池闊複深蝶飛,1
439,闊複深蝶飛逢,1
440,複深蝶飛逢草,1
441,深蝶飛逢草住,1
442,蝶飛逢草住魚,1
443,飛逢草住魚戲,1
444,逢草住魚戲見,1
445,草住魚戲見人,1
446,住魚戲見人沈,1
447,魚戲見人沈拂,1
448,戲見人沈拂石,1
449,見人沈拂石安,1
450,人沈拂石安茶,1
451,沈拂石安茶器,1
452,拂石安茶器移,1
453,石安茶器移床,1
454,安茶器移床選,1
455,茶器移床選樹,1
456,器移床選樹陰,1
457,移床選樹陰幾,1
458,床選樹陰幾回,1
459,選樹陰幾回同,1
460,樹陰幾回同到,1
461,陰幾回同到此,1
462,幾回同到此盡,1
463,回同到此盡日,1
464,同到此盡日得,1
465,到此盡日得閒,1
466,此盡日得閒吟,1
467,盡日得閒吟罷,1
468,日得閒吟罷相,1
469,得閒吟罷相恩,1
470,閒吟罷相恩猶,1
471,吟罷相恩猶在,1
472,罷相恩猶在那,1
473,相恩猶在那容,1
474,恩猶在那容處,1
475,猶在那容處靜,1
476,在那容處靜司,1
477,那容處靜司政,1
478,容處靜司政嚴,1
479,處靜司政嚴初,1
480,靜司政嚴初領,1
481,司政嚴初領節,1
482,政嚴初領節名,1
483,嚴初領節名重,1
484,初領節名重更,1
485,領節名重更因,1
486,節名重更因詩,1
487,名重更因詩公,1
488,重更因詩公事,1
489,更因詩公事巡,1
490,因詩公事巡營,1
491,詩公事巡營外,1
492,公事巡營外戎,1
493,事巡營外戎裝,1
494,巡營外戎裝拜,1
495,營外戎裝拜敕,1
496,外戎裝拜敕時,1
497,戎裝拜敕時恭,1
498,裝拜敕時恭聞,1
499,拜敕時恭聞長,1
500,敕時恭聞長與,1
501,時恭聞長與善,1
502,恭聞長與善應,1
503,聞長與善應念,1
504,長與善應念出,1
505,與善應念出身,1
506,善應念出身遲,1
507,應念出身遲上,1
508,念出身遲上馬,1
509,出身遲上馬生,1
510,身遲上馬生邊,1
511,遲上馬生邊思,1
512,上馬生邊思戎,1
513,馬生邊思戎裝,1
514,生邊思戎裝別,1
515,邊思戎裝別眾,1
516,思戎裝別眾僚,1
517,戎裝別眾僚雙,1
518,裝別眾僚雙旌,1
519,別眾僚雙旌銜,1
520,眾僚雙旌銜命,1
521,僚雙旌銜命重,1
522,雙旌銜命重空,1
523,旌銜命重空磧,1
524,銜命重空磧去,1
525,命重空磧去程,1
526,重空磧去程遙,1
527,空磧去程遙迥,1
528,磧去程遙迥沒,1
529,去程遙迥沒沙,1
530,程遙迥沒沙中,1
531,遙迥沒沙中樹,1
532,迥沒沙中樹孤,1
533,沒沙中樹孤飛,1
534,沙中樹孤飛雪,1
535,中樹孤飛雪外,1
536,樹孤飛雪外雕,1
537,孤飛雪外雕蕃,1
538,飛雪外雕蕃庭,1
539,雪外雕蕃庭過,1
540,外雕蕃庭過冊,1
541,雕蕃庭過冊禮,1
542,蕃庭過冊禮幾,1
543,庭過冊禮幾日,1
544,過冊禮幾日卻,1
545,冊禮幾日卻回,1
546,禮幾日卻回朝,1
547,幾日卻回朝之,1
548,日卻回朝之官,1
549,卻回朝之官未,1
550,回朝之官未入,1
551,朝之官未入境,1
552,之官未入境已,1
553,官未入境已有,1
554,未入境已有愛,1
555,入境已有愛人,1
556,境已有愛人心,1
557,已有愛人心遣,1
558,有愛人心遣吏,1
559,愛人心遣吏回,1
560,人心遣吏回中,1
561,心遣吏回中路,1
562,遣吏回中路停,1
563,吏回中路停舟,1
564,回中路停舟對,1
565,中路停舟對遠,1
566,路停舟對遠林,1
567,停舟對遠林島,1
568,舟對遠林島聲,1
569,對遠林島聲淮,1
570,遠林島聲淮浪,1
571,林島聲淮浪靜,1
572,島聲淮浪靜雨,1
573,聲淮浪靜雨色,1
574,淮浪靜雨色稻,1
575,浪靜雨色稻苗,1
576,靜雨色稻苗深,1
577,雨色稻苗深暇,1
578,色稻苗深暇日,1
579,稻苗深暇日公,1
580,苗深暇日公門,1
581,深暇日公門掩,1
582,暇日公門掩唯,1
583,日公門掩唯應,1
584,公門掩唯應伴,1
585,門掩唯應伴客,1
586,掩唯應伴客吟,1
587,唯應伴客吟共,1
588,應伴客吟共知,1
589,伴客吟共知行,1
590,客吟共知行處,1
591,吟共知行處樂,1
592,共知行處樂猶,1
593,知行處樂猶惜,1
594,行處樂猶惜此,1
595,處樂猶惜此時,1
596,樂猶惜此時分,1
597,猶惜此時分職,1
598,惜此時分職已,1
599,此時分職已為,1
600,時分職已為書,1
601,分職已為書記,1
602,職已為書記官,1
603,已為書記官曾,1
604,為書記官曾校,1
605,書記官曾校典,1
606,記官曾校典墳,1
607,官曾校典墳寒,1
608,曾校典墳寒城,1
609,校典墳寒城初,1
610,典墳寒城初落,1
611,墳寒城初落葉,1
612,寒城初落葉高,1
613,城初落葉高戍,1
614,初落葉高戍遠,1
615,落葉高戍遠生,1
616,葉高戍遠生雲,1
617,高戍遠生雲邊,1
618,戍遠生雲邊事,1
619,遠生雲邊事何,1
620,生雲邊事何須,1
621,雲邊事何須問,1
622,邊事何須問深,1
623,事何須問深謀,1
624,何須問深謀只,1
625,須問深謀只在,1
626,問深謀只在君,1
627,深謀只在君起,1
628,謀只在君起家,1
629,只在君起家聲,1
630,在君起家聲望,1
631,君起家聲望重,1
632,起家聲望重自,1
633,家聲望重自古,1
634,聲望重自古更,1
635,望重自古更誰,1
636,重自古更誰過,1
637,自古更誰過得,1
638,古更誰過得在,1
639,更誰過得在朝,1
640,誰過得在朝廷,1
641,過得在朝廷少,1
642,得在朝廷少還,1
643,在朝廷少還因,1
644,朝廷少還因諫,1
645,廷少還因諫諍,1
646,少還因諫諍多,1
647,還因諫諍多經,1
648,因諫諍多經年,1
649,諫諍多經年愁,1
650,諍多經年愁瘴,1
651,多經年愁瘴癘,1
652,經年愁瘴癘幾,1
653,年愁瘴癘幾處,1
654,愁瘴癘幾處遇,1
655,瘴癘幾處遇恩,1
656,癘幾處遇恩波,1
657,幾處遇恩波入,1
658,處遇恩波入境,1
659,遇恩波入境無,1
660,恩波入境無餘,1
661,波入境無餘事,1
662,入境無餘事唯,1
663,境無餘事唯聞,1
664,無餘事唯聞父,1
665,餘事唯聞父老,1
666,事唯聞父老歌,1
667,唯聞父老歌識,1
668,聞父老歌識君,1
669,父老歌識君春,1
670,老歌識君春未,1
671,歌識君春未半,1
672,識君春未半意,1
673,君春未半意欲,1
674,春未半意欲住,1
675,未半意欲住經,1
676,半意欲住經秋,1
677,意欲住經秋見,1
678,欲住經秋見酒,1
679,住經秋見酒連,1
680,經秋見酒連詩,1
681,秋見酒連詩句,1
682,見酒連詩句逢,1
683,酒連詩句逢花,1
684,連詩句逢花跋,1
685,詩句逢花跋馬,1
686,句逢花跋馬頭,1
687,逢花跋馬頭別,1
688,花跋馬頭別來,1
689,跋馬頭別來唯,1
690,馬頭別來唯獨,1
691,頭別來唯獨宿,1
692,別來唯獨宿夢,1
693,來唯獨宿夢裏,1
694,唯獨宿夢裏尚,1
695,獨宿夢裏尚同,1
696,宿夢裏尚同遊,1
697,夢裏尚同遊所,1
698,裏尚同遊所在,1
699,尚同遊所在求,1
700,同遊所在求飧,1
701,遊所在求飧過,1
702,所在求飧過無,1
703,在求飧過無因,1
704,求飧過無因離,1
705,飧過無因離得,1
706,過無因離得愁,1
707,無因離得愁斜,1
708,因離得愁斜雪,1
709,離得愁斜雪微,1
710,得愁斜雪微沾,1
711,愁斜雪微沾砌,1
712,斜雪微沾砌空,1
713,雪微沾砌空堂,1
714,微沾砌空堂夜,1
715,沾砌空堂夜語,1
716,砌空堂夜語清,1
717,空堂夜語清逆,1
718,堂夜語清逆風,1
719,夜語清逆風聽,1
720,語清逆風聽漏,1
721,清逆風聽漏短,1
722,逆風聽漏短回,1
723,風聽漏短回燭,1
724,聽漏短回燭向,1
725,漏短回燭向樓,1
726,短回燭向樓明,1
727,回燭向樓明盥,1
728,燭向樓明盥漱,1
729,向樓明盥漱隨,1
730,樓明盥漱隨禪,1
731,明盥漱隨禪伴,1
732,盥漱隨禪伴謳,1
733,漱隨禪伴謳吟,1
734,隨禪伴謳吟得,1
735,禪伴謳吟得野,1
736,伴謳吟得野情,1
737,謳吟得野情此,1
738,吟得野情此歡,1
739,得野情此歡那,1
740,野情此歡那敢,1
741,情此歡那敢忘,1
742,此歡那敢忘世,1
743,歡那敢忘世貴,1
744,那敢忘世貴丈,1
745,敢忘世貴丈夫,1
746,忘世貴丈夫名,1
747,世貴丈夫名莫,1
748,貴丈夫名莫厭,1
749,丈夫名莫厭通,1
750,夫名莫厭通宵,1
751,名莫厭通宵坐,1
752,莫厭通宵坐貧,1
753,厭通宵坐貧中,1
754,通宵坐貧中會,1
755,宵坐貧中會聚,1
756,坐貧中會聚難,1
757,貧中會聚難堂,1
758,中會聚難堂虛,1
759,會聚難堂虛雪,1
760,聚難堂虛雪氣,1
761,難堂虛雪氣入,1
762,堂虛雪氣入燈,1
763,虛雪氣入燈在,1
764,雪氣入燈在漏,1
765,氣入燈在漏聲,1
766,入燈在漏聲殘,1
767,燈在漏聲殘役,1
768,在漏聲殘役思,1
769,漏聲殘役思因,1
770,聲殘役思因生,1
771,殘役思因生病,1
772,役思因生病當,1
773,思因生病當禪,1
774,因生病當禪豈,1
775,生病當禪豈覺,1
776,病當禪豈覺寒,1
777,當禪豈覺寒開,1
778,禪豈覺寒開門,1
779,豈覺寒開門各,1
780,覺寒開門各有,1
781,寒開門各有事,1
782,開門各有事非,1
783,門各有事非不,1
784,各有事非不惜,1
785,有事非不惜餘,1
786,事非不惜餘歡,1
787,非不惜餘歡為,1
788,不惜餘歡為擢,1
789,惜餘歡為擢東,1
790,餘歡為擢東方,1
791,歡為擢東方秀,1
792,為擢東方秀修,1
793,擢東方秀修然,1
794,東方秀修然異,1
795,方秀修然異眾,1
796,秀修然異眾筠,1
797,修然異眾筠青,1
798,然異眾筠青蒼,1
799,異眾筠青蒼才,1
800,眾筠青蒼才映,1
801,筠青蒼才映粉,1
802,青蒼才映粉蒙,1
803,蒼才映粉蒙密,1
804,才映粉蒙密正,1
805,映粉蒙密正含,1
806,粉蒙密正含春,1
807,蒙密正含春嫩,1
808,密正含春嫩籜,1
809,正含春嫩籜沾,1
810,含春嫩籜沾微,1
811,春嫩籜沾微雨,1
812,嫩籜沾微雨幽,1
813,籜沾微雨幽根,1
814,沾微雨幽根絕,1
815,微雨幽根絕細,1
816,雨幽根絕細塵,1
817,幽根絕細塵乍,1
818,根絕細塵乍憐,1
819,絕細塵乍憐分,1
820,細塵乍憐分徑,1
821,塵乍憐分徑小,1
822,乍憐分徑小偏,1
823,憐分徑小偏覺,1
824,分徑小偏覺帶,1
825,徑小偏覺帶煙,1
826,小偏覺帶煙新,1
827,偏覺帶煙新結,1
828,覺帶煙新結實,1
829,帶煙新結實皆,1
830,煙新結實皆留,1
831,新結實皆留鳳,1
832,結實皆留鳳垂,1
833,實皆留鳳垂陰,1
834,皆留鳳垂陰似,1
835,留鳳垂陰似庇,1
836,鳳垂陰似庇人,1
837,垂陰似庇人顧,1
838,陰似庇人顧唯,1
839,似庇人顧唯竿,1
840,庇人顧唯竿在,1
841,人顧唯竿在手,1
842,顧唯竿在手深,1
843,唯竿在手深水,1
844,竿在手深水掛,1
845,在手深水掛赬,1
846,手深水掛赬鱗,1
847,深水掛赬鱗寺,1
848,水掛赬鱗寺好,1
849,掛赬鱗寺好因,1
850,赬鱗寺好因崗,1
851,鱗寺好因崗勢,1
852,寺好因崗勢登,1
853,好因崗勢登臨,1
854,因崗勢登臨值,1
855,崗勢登臨值夕,1
856,勢登臨值夕陽,1
857,登臨值夕陽青,1
858,臨值夕陽青山,1
859,值夕陽青山當,1
860,夕陽青山當佛,1
861,陽青山當佛閣,1
862,青山當佛閣紅,1
863,山當佛閣紅葉,1
864,當佛閣紅葉滿,1
865,佛閣紅葉滿僧,1
866,閣紅葉滿僧廊,1
867,紅葉滿僧廊竹,1
868,葉滿僧廊竹色,1
869,滿僧廊竹色連,1
870,僧廊竹色連平,1
871,廊竹色連平地,1
872,竹色連平地蟲,1
873,色連平地蟲聲,1
874,連平地蟲聲在,1
875,平地蟲聲在上,1
876,地蟲聲在上方,1
877,蟲聲在上方最,1
878,聲在上方最憐,1
879,在上方最憐東,1
880,上方最憐東面,1
881,方最憐東面靜,1
882,最憐東面靜為,1
883,憐東面靜為近,1
884,東面靜為近楚,1
885,面靜為近楚城,1
886,靜為近楚城牆,1
887,為近楚城牆常,1
888,近楚城牆常懷,1
889,楚城牆常懷獨,1
890,城牆常懷獨往,1
891,牆常懷獨往意,1
892,常懷獨往意此,1
893,懷獨往意此日,1
894,獨往意此日去,1
895,往意此日去朝,1
896,意此日去朝簪,1
897,此日去朝簪丹,1
898,日去朝簪丹詔,1
899,去朝簪丹詔榮,1
900,朝簪丹詔榮歸,1
901,簪丹詔榮歸騎,1
902,丹詔榮歸騎清,1
903,詔榮歸騎清風,1
904,榮歸騎清風滿,1
905,歸騎清風滿故,1
906,騎清風滿故林,1
907,清風滿故林諸,1
908,風滿故林諸侯,1
909,滿故林諸侯新,1
910,故林諸侯新起,1
911,林諸侯新起敬,1
912,諸侯新起敬遺,1
913,侯新起敬遺老,1
914,新起敬遺老重,1
915,起敬遺老重相,1
916,敬遺老重相尋,1
917,遺老重相尋在,1
918,老重相尋在處,1
919,重相尋在處饒,1
920,相尋在處饒山,1
921,尋在處饒山水,1
922,在處饒山水堪,1
923,處饒山水堪行,1
924,饒山水堪行慰,1
925,山水堪行慰所,1
926,水堪行慰所心,1
927,堪行慰所心亭,1
928,行慰所心亭午,1
929,慰所心亭午無,1
930,所心亭午無公,1
931,心亭午無公事,1
932,亭午無公事垂,1
933,午無公事垂簾,1
934,無公事垂簾樹,1
935,公事垂簾樹色,1
936,事垂簾樹色間,1
937,垂簾樹色間僧,1
938,簾樹色間僧來,1
939,樹色間僧來茶,1
940,色間僧來茶灶,1
941,間僧來茶灶動,1
942,僧來茶灶動吏,1
943,來茶灶動吏去,1
944,茶灶動吏去印,1
945,灶動吏去印床,1
946,動吏去印床閑,1
947,吏去印床閑傍,1
948,去印床閑傍竹,1
949,印床閑傍竹行,1
950,床閑傍竹行尋,1
951,閑傍竹行尋巷,1
952,傍竹行尋巷當,1
953,竹行尋巷當門,1
954,行尋巷當門立,1
955,尋巷當門立看,1
956,巷當門立看山,1
957,當門立看山吟,1
958,門立看山吟詩,1
959,立看山吟詩老,1
960,看山吟詩老不,1
961,山吟詩老不倦,1
962,吟詩老不倦未,1
963,詩老不倦未省,1
964,老不倦未省話,1
965,不倦未省話官,1
966,倦未省話官班,1
967,未省話官班歸,1
968,省話官班歸省,1
969,話官班歸省值,1
970,官班歸省值花,1
971,班歸省值花時,1
972,歸省值花時閑,1
973,省值花時閑吟,1
974,值花時閑吟落,1
975,花時閑吟落第,1
976,時閑吟落第詩,1
977,閑吟落第詩高,1
978,吟落第詩高情,1
979,落第詩高情憐,1
980,第詩高情憐道,1
981,詩高情憐道在,1
982,高情憐道在公,1
983,情憐道在公論,1
984,憐道在公論覺,1
985,道在公論覺才,1
986,在公論覺才遺,1
987,公論覺才遺春,1
988,論覺才遺春雨,1
989,覺才遺春雨連,1
990,才遺春雨連淮,1
991,遺春雨連淮暗,1
992,春雨連淮暗私,1
993,雨連淮暗私船,1
994,連淮暗私船過,1
995,淮暗私船過馬,1
996,暗私船過馬遲,1
997,私船過馬遲離,1
998,船過馬遲離心,1
999,過馬遲離心可,1
1000,馬遲離心可惆,1
1001,遲離心可惆悵,1
1002,離心可惆悵為,1
1003,心可惆悵為有,1
1004,可惆悵為有入,1
1005,惆悵為有入城,1
1006,悵為有入城期,1
1007,為有入城期但,1
1008,有入城期但取,1
1009,入城期但取詩,1
1010,城期但取詩名,1
1011,期但取詩名遠,1
1012,但取詩名遠寧,1
1013,取詩名遠寧論,1
1014,詩名遠寧論下,1
1015,名遠寧論下第,1
1016,遠寧論下第頻,1
1017,寧論下第頻惜,1
1018,論下第頻惜為,1
1019,下第頻惜為今,1
1020,第頻惜為今日,1
1021,頻惜為今日別,1
1022,惜為今日別共,1
1023,為今日別共受,1
1024,今日別共受幾,1
1025,日別共受幾年,1
1026,別共受幾年貧,1
1027,共受幾年貧聽,1
1028,受幾年貧聽雨,1
1029,幾年貧聽雨宿,1
1030,年貧聽雨宿吳,1
1031,貧聽雨宿吳寺,1
1032,聽雨宿吳寺過,1
1033,雨宿吳寺過江,1
1034,宿吳寺過江逢,1
1035,吳寺過江逢越,1
1036,寺過江逢越人,1
1037,過江逢越人知,1
1038,江逢越人知從,1
1039,逢越人知從本,1
1040,越人知從本府,1
1041,人知從本府薦,1
1042,知從本府薦秋,1
1043,從本府薦秋晚,1
1044,本府薦秋晚又,1
1045,府薦秋晚又辭,1
1046,薦秋晚又辭親,1
1047,秋晚又辭親丞,1
1048,晚又辭親丞相,1
1049,又辭親丞相辟,1
1050,辭親丞相辟書,1
1051,親丞相辟書新,1
1052,丞相辟書新秋,1
1053,相辟書新秋關,1
1054,辟書新秋關獨,1
1055,書新秋關獨去,1
1056,新秋關獨去人,1
1057,秋關獨去人官,1
1058,關獨去人官離,1
1059,獨去人官離芸,1
1060,去人官離芸閣,1
1061,人官離芸閣早,1
1062,官離芸閣早名,1
1063,離芸閣早名占,1
1064,芸閣早名占甲,1
1065,閣早名占甲科,1
1066,早名占甲科頻,1
1067,名占甲科頻水,1
1068,占甲科頻水驛,1
1069,甲科頻水驛迎,1
1070,科頻水驛迎船,1
1071,頻水驛迎船火,1
1072,水驛迎船火山,1
1073,驛迎船火山城,1
1074,迎船火山城候,1
1075,船火山城候騎,1
1076,火山城候騎塵,1
1077,山城候騎塵湖,1
1078,城候騎塵湖邊,1
1079,候騎塵湖邊寄,1
1080,騎塵湖邊寄家,1
1081,塵湖邊寄家久,1
1082,湖邊寄家久到,1
1083,邊寄家久到日,1
1084,寄家久到日喜,1
1085,家久到日喜榮,1
1086,久到日喜榮親,1
1087,到日喜榮親求,1
1088,日喜榮親求閑,1
1089,喜榮親求閑身,1
1090,榮親求閑身未,1
1091,親求閑身未得,1
1092,求閑身未得此,1
1093,閑身未得此日,1
1094,身未得此日到,1
1095,未得此日到京,1
1096,得此日到京東,1
1097,此日到京東獨,1
1098,日到京東獨在,1
1099,到京東獨在鐘,1
1100,京東獨在鐘聲,1
1101,東獨在鐘聲外,1
1102,獨在鐘聲外相,1
1103,在鐘聲外相逢,1
1104,鐘聲外相逢樹,1
1105,聲外相逢樹色,1
1106,外相逢樹色中,1
1107,相逢樹色中誰,1
1108,逢樹色中誰言,1
1109,樹色中誰言人,1
1110,色中誰言人漸,1
1111,中誰言人漸老,1
1112,誰言人漸老所,1
1113,言人漸老所向,1
1114,人漸老所向意,1
1115,漸老所向意皆,1
1116,老所向意皆同,1
1117,所向意皆同月,1
1118,向意皆同月上,1
1119,意皆同月上因,1
1120,皆同月上因留,1
1121,同月上因留宿,1
1122,月上因留宿移,1
1123,上因留宿移床,1
1124,因留宿移床對,1
1125,留宿移床對藥,1
1126,宿移床對藥叢,1
1127,移床對藥叢院,1
1128,床對藥叢院深,1
1129,對藥叢院深終,1
1130,藥叢院深終日,1
1131,叢院深終日靜,1
1132,院深終日靜落,1
1133,深終日靜落葉,1
1134,終日靜落葉覆,1
1135,日靜落葉覆秋,1
1136,靜落葉覆秋蟲,1
1137,落葉覆秋蟲盥,1
1138,葉覆秋蟲盥漱,1
1139,覆秋蟲盥漱新,1
1140,秋蟲盥漱新齋,1
1141,蟲盥漱新齋後,1
1142,盥漱新齋後修,1
1143,漱新齋後修行,1
1144,新齋後修行未,1
1145,齋後修行未老,1
1146,後修行未老中,1
1147,修行未老中映,1
1148,行未老中映松,1
1149,未老中映松山,1
1150,老中映松山色,1
1151,中映松山色遠,1
1152,映松山色遠隔,1
1153,松山色遠隔水,1
1154,山色遠隔水磬,1
1155,色遠隔水磬聲,1
1156,遠隔水磬聲通,1
1157,隔水磬聲通此,1
1158,水磬聲通此處,1
1159,磬聲通此處宜,1
1160,聲通此處宜清,1
1161,通此處宜清夜,1
1162,此處宜清夜高,1
1163,處宜清夜高吟,1
1164,宜清夜高吟永,1
1165,清夜高吟永與,1
1166,夜高吟永與同,1
1167,高吟永與同遠,1
1168,吟永與同遠使,1
1169,永與同遠使隨,1
1170,與同遠使隨雙,1
1171,同遠使隨雙節,1
1172,遠使隨雙節新,1
1173,使隨雙節新官,1
1174,隨雙節新官屬,1
1175,雙節新官屬外,1
1176,節新官屬外台,1
1177,新官屬外台戎,1
1178,官屬外台戎裝,1
1179,屬外台戎裝非,1
1180,外台戎裝非好,1
1181,台戎裝非好武,1
1182,戎裝非好武書,1
1183,裝非好武書記,1
1184,非好武書記本,1
1185,好武書記本多,1
1186,武書記本多才,1
1187,書記本多才移,1
1188,記本多才移帳,1
1189,本多才移帳依,1
1190,多才移帳依泉,1
1191,才移帳依泉宿,1
1192,移帳依泉宿迎,1
1193,帳依泉宿迎人,1
1194,依泉宿迎人帶,1
1195,泉宿迎人帶雪,1
1196,宿迎人帶雪來,1
1197,迎人帶雪來心,1
1198,人帶雪來心知,1
1199,帶雪來心知玉,1
1200,雪來心知玉關,1
1201,來心知玉關道,1
1202,心知玉關道稀,1
1203,知玉關道稀見,1
1204,玉關道稀見一,1
1205,關道稀見一花,1
1206,道稀見一花開,1
1207,稀見一花開漸,1
1208,見一花開漸見,1
1209,一花開漸見風,1
1210,花開漸見風沙,1
1211,開漸見風沙暗,1
1212,漸見風沙暗蕭,1
1213,見風沙暗蕭關,1
1214,風沙暗蕭關欲,1
1215,沙暗蕭關欲到,1
1216,暗蕭關欲到時,1
1217,蕭關欲到時兒,1
1218,關欲到時兒童,1
1219,欲到時兒童能,1
1220,到時兒童能探,1
1221,時兒童能探火,1
1222,兒童能探火婦,1
1223,童能探火婦女,1
1224,能探火婦女解,1
1225,探火婦女解縫,1
1226,火婦女解縫旗,1
1227,婦女解縫旗川,1
1228,女解縫旗川絕,1
1229,解縫旗川絕銜,1
1230,縫旗川絕銜魚,1
1231,旗川絕銜魚鷺,1
1232,川絕銜魚鷺林,1
1233,絕銜魚鷺林多,1
1234,銜魚鷺林多帶,1
1235,魚鷺林多帶箭,1
1236,鷺林多帶箭麋,1
1237,林多帶箭麋暫,1
1238,多帶箭麋暫來,1
1239,帶箭麋暫來戎,1
1240,箭麋暫來戎馬,1
1241,麋暫來戎馬地,1
1242,暫來戎馬地不,1
1243,來戎馬地不敢,1
1244,戎馬地不敢苦,1
1245,馬地不敢苦吟,1
1246,地不敢苦吟詩,1
1247,不敢苦吟詩從,1
1248,敢苦吟詩從軍,1
1249,苦吟詩從軍五,1
1250,吟詩從軍五湖,1
1251,詩從軍五湖外,1
1252,從軍五湖外終,1
1253,軍五湖外終是,1
1254,五湖外終是稱,1
1255,湖外終是稱詩,1
1256,外終是稱詩人,1
1257,終是稱詩人酒,1
1258,是稱詩人酒後,1
1259,稱詩人酒後愁,1
1260,詩人酒後愁將,1
1261,人酒後愁將別,1
1262,酒後愁將別塗,1
1263,後愁將別塗中,1
1264,愁將別塗中過,1
1265,將別塗中過卻,1
1266,別塗中過卻春,1
1267,塗中過卻春山,1
1268,中過卻春山橋,1
1269,過卻春山橋槲,1
1270,卻春山橋槲葉,1
1271,春山橋槲葉暗,1
1272,山橋槲葉暗水,1
1273,橋槲葉暗水館,1
1274,槲葉暗水館燕,1
1275,葉暗水館燕巢,1
1276,暗水館燕巢新,1
1277,水館燕巢新驛,1
1278,館燕巢新驛舫,1
1279,燕巢新驛舫迎,1
1280,巢新驛舫迎應,1
1281,新驛舫迎應遠,1
1282,驛舫迎應遠京,1
1283,舫迎應遠京書,1
1284,迎應遠京書寄,1
1285,應遠京書寄自,1
1286,遠京書寄自頻,1
1287,京書寄自頻野,1
1288,書寄自頻野情,1
1289,寄自頻野情隨,1
1290,自頻野情隨到,1
1291,頻野情隨到處,1
1292,野情隨到處公,1
1293,情隨到處公務,1
1294,隨到處公務日,1
1295,到處公務日關,1
1296,處公務日關身,1
1297,公務日關身久,1
1298,務日關身久共,1
1299,日關身久共趨,1
1300,關身久共趨名,1
1301,身久共趨名利,1
1302,久共趨名利龍,1
1303,共趨名利龍鍾,1
1304,趨名利龍鍾獨,1
1305,名利龍鍾獨滯,1
1306,利龍鍾獨滯秦,1
1307,龍鍾獨滯秦唯,1
1308,鍾獨滯秦唯求,1
1309,獨滯秦唯求買,1
1310,滯秦唯求買藥,1
1311,秦唯求買藥價,1
1312,唯求買藥價此,1
1313,求買藥價此外,1
1314,買藥價此外更,1
1315,藥價此外更無,1
1316,價此外更無機,1
1317,此外更無機扶,1
1318,外更無機扶病,1
1319,更無機扶病看,1
1320,無機扶病看紅,1
1321,機扶病看紅葉,1
1322,扶病看紅葉辭,1
1323,病看紅葉辭官,1
1324,看紅葉辭官著,1
1325,紅葉辭官著白,1
1326,葉辭官著白衣,1
1327,辭官著白衣斷,1
1328,官著白衣斷籬,1
1329,著白衣斷籬通,1
1330,白衣斷籬通野,1
1331,衣斷籬通野徑,1
1332,斷籬通野徑高,1
1333,籬通野徑高樹,1
1334,通野徑高樹蔭,1
1335,野徑高樹蔭鄰,1
1336,徑高樹蔭鄰扉,1
1337,高樹蔭鄰扉時,1
1338,樹蔭鄰扉時馥,1
1339,蔭鄰扉時馥留,1
1340,鄰扉時馥留僧,1
1341,扉時馥留僧宿,1
1342,時馥留僧宿餘,1
1343,馥留僧宿餘人,1
1344,留僧宿餘人得,1
1345,僧宿餘人得見,1
1346,宿餘人得見稀,1
1347,餘人得見稀歸,1
1348,人得見稀歸來,1
1349,得見稀歸來青,1
1350,見稀歸來青壁,1
1351,稀歸來青壁下,1
1352,歸來青壁下又,1
1353,來青壁下又見,1
1354,青壁下又見滿,1
1355,壁下又見滿籬,1
1356,下又見滿籬霜,1
1357,又見滿籬霜轉,1
1358,見滿籬霜轉覺,1
1359,滿籬霜轉覺琴,1
1360,籬霜轉覺琴齋,1
1361,霜轉覺琴齋靜,1
1362,轉覺琴齋靜閑,1
1363,覺琴齋靜閑從,1
1364,琴齋靜閑從菊,1
1365,齋靜閑從菊地,1
1366,靜閑從菊地荒,1
1367,閑從菊地荒山,1
1368,從菊地荒山泉,1
1369,菊地荒山泉共,1
1370,地荒山泉共鹿,1
1371,荒山泉共鹿飲,1
1372,山泉共鹿飲林,1
1373,泉共鹿飲林果,1
1374,共鹿飲林果讓,1
1375,鹿飲林果讓僧,1
1376,飲林果讓僧嘗,1
1377,林果讓僧嘗時,1
1378,果讓僧嘗時複,1
1379,讓僧嘗時複收,1
1380,僧嘗時複收新,1
1381,嘗時複收新藥,1
1382,時複收新藥隨,1
1383,複收新藥隨雲,1
1384,收新藥隨雲過,1
1385,新藥隨雲過石,1
1386,藥隨雲過石樑,1
1387,隨雲過石樑老,1
1388,雲過石樑老去,1
1389,過石樑老去唯,1
1390,石樑老去唯求,1
1391,樑老去唯求靜,1
1392,老去唯求靜都,1
1393,去唯求靜都忘,1
1394,唯求靜都忘外,1
1395,求靜都忘外學,1
1396,靜都忘外學名,1
1397,都忘外學名掃,1
1398,忘外學名掃床,1
1399,外學名掃床秋,1
1400,學名掃床秋葉,1
1401,名掃床秋葉滿,1
1402,掃床秋葉滿對,1
1403,床秋葉滿對客,1
1404,秋葉滿對客遠,1
1405,葉滿對客遠雲,1
1406,滿對客遠雲生,1
1407,對客遠雲生香,1
1408,客遠雲生香合,1
1409,遠雲生香合閑,1
1410,雲生香合閑留,1
1411,生香合閑留宿,1
1412,香合閑留宿晴,1
1413,合閑留宿晴階,1
1414,閑留宿晴階暖,1
1415,留宿晴階暖共,1
1416,宿晴階暖共行,1
1417,晴階暖共行窗,1
1418,階暖共行窗西,1
1419,暖共行窗西暮,1
1420,共行窗西暮山,1
1421,行窗西暮山色,1
1422,窗西暮山色依,1
1423,西暮山色依舊,1
1424,暮山色依舊入,1
1425,山色依舊入詩,1
1426,色依舊入詩情,1
1427,依舊入詩情問,1
1428,舊入詩情問人,1
1429,入詩情問人知,1
1430,詩情問人知寺,1
1431,情問人知寺路,1
1432,問人知寺路松,1
1433,人知寺路松竹,1
1434,知寺路松竹暗,1
1435,寺路松竹暗春,1
1436,路松竹暗春山,1
1437,松竹暗春山潭,1
1438,竹暗春山潭黑,1
1439,暗春山潭黑龍,1
1440,春山潭黑龍應,1
1441,山潭黑龍應在,1
1442,潭黑龍應在巢,1
1443,黑龍應在巢空,1
1444,龍應在巢空鶴,1
1445,應在巢空鶴未,1
1446,在巢空鶴未還,1
1447,巢空鶴未還經,1
1448,空鶴未還經年,1
1449,鶴未還經年為,1
1450,未還經年為客,1
1451,還經年為客倦,1
1452,經年為客倦半,1
1453,年為客倦半日,1
1454,為客倦半日與,1
1455,客倦半日與僧,1
1456,倦半日與僧閑,1
1457,半日與僧閑更,1
1458,日與僧閑更共,1
1459,與僧閑更共嘗,1
1460,僧閑更共嘗新,1
1461,閑更共嘗新茗,1
1462,更共嘗新茗聞,1
1463,共嘗新茗聞鐘,1
1464,嘗新茗聞鐘笑,1
1465,新茗聞鐘笑語,1
1466,茗聞鐘笑語間,1
1467,聞鐘笑語間惜,1
1468,鐘笑語間惜與,1
1469,笑語間惜與幽,1
1470,語間惜與幽人,1
1471,間惜與幽人別,1
1472,惜與幽人別停,1
1473,與幽人別停舟,1
1474,幽人別停舟對,1
1475,人別停舟對草,1
1476,別停舟對草堂,1
1477,停舟對草堂湖,1
1478,舟對草堂湖雲,1
1479,對草堂湖雲侵,1
1480,草堂湖雲侵臥,1
1481,堂湖雲侵臥位,1
1482,湖雲侵臥位杉,1
1483,雲侵臥位杉露,1
1484,侵臥位杉露滴,1
1485,臥位杉露滴茶,1
1486,位杉露滴茶床,1
1487,杉露滴茶床山,1
1488,露滴茶床山月,1
1489,滴茶床山月吟,1
1490,茶床山月吟時,1
1491,床山月吟時在,1
1492,山月吟時在池,1
1493,月吟時在池花,1
1494,吟時在池花覺,1
1495,時在池花覺後,1
1496,在池花覺後香,1
1497,池花覺後香生,1
1498,花覺後香生涯,1
1499,覺後香生涯無,1
1500,後香生涯無一,1
1501,香生涯無一物,1
1502,生涯無一物誰,1
1503,涯無一物誰與,1
1504,無一物誰與讀,1
1505,一物誰與讀書,1
1506,物誰與讀書糧,1
1507,誰與讀書糧已,1
1508,與讀書糧已共,1
1509,讀書糧已共鄰,1
1510,書糧已共鄰房,1
1511,糧已共鄰房別,1
1512,已共鄰房別應,1
1513,共鄰房別應無,1
1514,鄰房別應無更,1
1515,房別應無更住,1
1516,別應無更住心,1
1517,應無更住心中,1
1518,無更住心中時,1
1519,更住心中時過,1
1520,住心中時過野,1
1521,心中時過野店,1
1522,中時過野店後,1
1523,時過野店後夜,1
1524,過野店後夜宿,1
1525,野店後夜宿寒,1
1526,店後夜宿寒林,1
1527,後夜宿寒林寺,1
1528,夜宿寒林寺去,1
1529,宿寒林寺去人,1
1530,寒林寺去人煙,1
1531,林寺去人煙遠,1
1532,寺去人煙遠城,1
1533,去人煙遠城連,1
1534,人煙遠城連塞,1
1535,煙遠城連塞雪,1
1536,遠城連塞雪深,1
1537,城連塞雪深禪,1
1538,連塞雪深禪餘,1
1539,塞雪深禪餘得,1
1540,雪深禪餘得新,1
1541,深禪餘得新句,1
1542,禪餘得新句堪,1
1543,餘得新句堪對,1
1544,得新句堪對上,1
1545,新句堪對上公,1
1546,句堪對上公吟,1
1547,堪對上公吟心,1
1548,對上公吟心地,1
1549,上公吟心地偶,1
1550,公吟心地偶相,1
1551,吟心地偶相見,1
1552,心地偶相見語,1
1553,地偶相見語多,1
1554,偶相見語多為,1
1555,相見語多為別,1
1556,見語多為別難,1
1557,語多為別難詩,1
1558,多為別難詩成,1
1559,為別難詩成公,1
1560,別難詩成公府,1
1561,難詩成公府晚,1
1562,詩成公府晚路,1
1563,成公府晚路入,1
1564,公府晚路入翠,1
1565,府晚路入翠微,1
1566,晚路入翠微寒,1
1567,路入翠微寒逢,1
1568,入翠微寒逢石,1
1569,翠微寒逢石自,1
1570,微寒逢石自應,1
1571,寒逢石自應坐,1
1572,逢石自應坐有,1
1573,石自應坐有花,1
1574,自應坐有花誰,1
1575,應坐有花誰共,1
1576,坐有花誰共看,1
1577,有花誰共看身,1
1578,花誰共看身為,1
1579,誰共看身為當,1
1580,共看身為當去,1
1581,看身為當去雁,1
1582,身為當去雁雲,1
1583,為當去雁雲盡,1
1584,當去雁雲盡到,1
1585,去雁雲盡到長,1
1586,雁雲盡到長安,1
1587,雲盡到長安白,1
1588,盡到長安白鶴,1
1589,到長安白鶴西,1
1590,長安白鶴西山,1
1591,安白鶴西山別,1
1592,白鶴西山別更,1
1593,鶴西山別更看,1
1594,西山別更看上,1
1595,山別更看上去,1
1596,別更看上去船,1
1597,更看上去船遙,1
1598,看上去船遙知,1
1599,上去船遙知尋,1
1600,去船遙知尋寺,1
1601,船遙知尋寺路,1
1602,遙知尋寺路應,1
1603,知尋寺路應念,1
1604,尋寺路應念宿,1
1605,寺路應念宿江,1
1606,路應念宿江煙,1
1607,應念宿江煙到,1
1608,念宿江煙到處,1
1609,宿江煙到處無,1
1610,江煙到處無閑,1
1611,煙到處無閑日,1
1612,到處無閑日回,1
1613,處無閑日回期,1
1614,無閑日回期已,1
1615,閑日回期已來,1
1616,日回期已來年,1
1617,回期已來年何,1
1618,期已來年何因,1
1619,已來年何因陪,1
1620,來年何因陪夜,1
1621,年何因陪夜坐,1
1622,何因陪夜坐清,1
1623,因陪夜坐清論,1
1624,陪夜坐清論諫,1
1625,夜坐清論諫臣,1
1626,坐清論諫臣邊,1
1627,清論諫臣邊夏,1
1628,論諫臣邊夏滿,1
1629,諫臣邊夏滿律,1
1630,臣邊夏滿律當,1
1631,邊夏滿律當清,1
1632,夏滿律當清無,1
1633,滿律當清無中,1
1634,律當清無中景,1
1635,當清無中景自,1
1636,清無中景自生,1
1637,無中景自生移,1
1638,中景自生移松,1
1639,景自生移松不,1
1640,自生移松不避,1
1641,生移松不避遠,1
1642,移松不避遠取,1
1643,松不避遠取石,1
1644,不避遠取石亦,1
1645,避遠取石亦親,1
1646,遠取石亦親行,1
1647,取石亦親行經,1
1648,石亦親行經案,1
1649,亦親行經案離,1
1650,親行經案離時,1
1651,行經案離時少,1
1652,經案離時少繩,1
1653,案離時少繩床,1
1654,離時少繩床著,1
1655,時少繩床著處,1
1656,少繩床著處平,1
1657,繩床著處平若,1
1658,床著處平若將,1
1659,著處平若將林,1
1660,處平若將林下,1
1661,平若將林下比,1
1662,若將林下比應,1
1663,將林下比應只,1
1664,林下比應只欠,1
1665,下比應只欠泉,1
1666,比應只欠泉聲,1
1667,應只欠泉聲但,1
1668,只欠泉聲但望,1
1669,欠泉聲但望青,1
1670,泉聲但望青山,1
1671,聲但望青山去,1
1672,但望青山去何,1
1673,望青山去何山,1
1674,青山去何山不,1
1675,山去何山不是,1
1676,去何山不是緣,1
1677,何山不是緣寺,1
1678,山不是緣寺幽,1
1679,不是緣寺幽堪,1
1680,是緣寺幽堪講,1
1681,緣寺幽堪講律,1
1682,寺幽堪講律月,1
1683,幽堪講律月冷,1
1684,堪講律月冷稱,1
1685,講律月冷稱當,1
1686,律月冷稱當禪,1
1687,月冷稱當禪水,1
1688,冷稱當禪水落,1
1689,稱當禪水落無,1
1690,當禪水落無風,1
1691,禪水落無風夜,1
1692,落無風夜猿吟,1
1693,無風夜猿吟欲,1
1694,風夜猿吟欲雨,1
1695,夜猿吟欲雨天,1
1696,猿吟欲雨天尋,1
1697,吟欲雨天尋師,1
1698,欲雨天尋師若,1
1699,雨天尋師若有,1
1700,天尋師若有路,1
1701,尋師若有路終,1
1702,師若有路終作,1
1703,若有路終作緩,1
1704,有路終作緩歸,1
1705,路終作緩歸年,1
1706,終作緩歸年自,1
1707,作緩歸年自識,1
1708,緩歸年自識來,1
1709,歸年自識來清,1
1710,年自識來清瘦,1
1711,自識來清瘦尋,1
1712,識來清瘦尋常,1
1713,來清瘦尋常語,1
1714,清瘦尋常語論,1
1715,瘦尋常語論真,1
1716,尋常語論真藥,1
1717,常語論真藥成,1
1718,語論真藥成休,1
1719,論真藥成休伏,1
1720,真藥成休伏火,1
1721,藥成休伏火符,1
1722,成休伏火符驗,1
1723,休伏火符驗不,1
1724,伏火符驗不傳,1
1725,火符驗不傳人,1
1726,符驗不傳人獨,1
1727,驗不傳人獨有,1
1728,不傳人獨有年,1
1729,傳人獨有年過,1
1730,人獨有年過鶴,1
1731,獨有年過鶴曾,1
1732,有年過鶴曾無,1
1733,年過鶴曾無病,1
1734,過鶴曾無病到,1
1735,鶴曾無病到身,1
1736,曾無病到身潛,1
1737,無病到身潛教,1
1738,病到身潛教問,1
1739,到身潛教問弟,1
1740,身潛教問弟子,1
1741,潛教問弟子居,1
1742,教問弟子居處,1
1743,問弟子居處與,1
1744,弟子居處與誰,1
1745,子居處與誰鄰,1
1746,居處與誰鄰山,1
1747,處與誰鄰山色,1
1748,與誰鄰山色滿,1
1749,誰鄰山色滿公,1
1750,鄰山色滿公署,1
1751,山色滿公署到,1
1752,色滿公署到來,1
1753,滿公署到來詩,1
1754,公署到來詩景,1
1755,署到來詩景饒,1
1756,到來詩景饒解,1
1757,來詩景饒解衣,1
1758,詩景饒解衣臨,1
1759,景饒解衣臨曲,1
1760,饒解衣臨曲榭,1
1761,解衣臨曲榭隔,1
1762,衣臨曲榭隔竹,1
1763,臨曲榭隔竹見,1
1764,曲榭隔竹見紅,1
1765,榭隔竹見紅蕉,1
1766,隔竹見紅蕉清,1
1767,竹見紅蕉清漏,1
1768,見紅蕉清漏焚,1
1769,紅蕉清漏焚香,1
1770,蕉清漏焚香夕,1
1771,清漏焚香夕輕,1
1772,漏焚香夕輕嵐,1
1773,焚香夕輕嵐視,1
1774,香夕輕嵐視事,1
1775,夕輕嵐視事朝,1
1776,輕嵐視事朝靜,1
1777,嵐視事朝靜中,1
1778,視事朝靜中看,1
1779,事朝靜中看鎖,1
1780,朝靜中看鎖印,1
1781,靜中看鎖印高,1
1782,中看鎖印高處,1
1783,看鎖印高處見,1
1784,鎖印高處見迎,1
1785,印高處見迎潮,1
1786,高處見迎潮曳,1
1787,處見迎潮曳履,1
1788,見迎潮曳履庭,1
1789,迎潮曳履庭蕪,1
1790,潮曳履庭蕪近,1
1791,曳履庭蕪近當,1
1792,履庭蕪近當身,1
1793,庭蕪近當身樹,1
1794,蕪近當身樹葉,1
1795,近當身樹葉飄,1
1796,當身樹葉飄傍,1
1797,身樹葉飄傍城,1
1798,樹葉飄傍城餘,1
1799,葉飄傍城餘菊,1
1800,飄傍城餘菊在,1
1801,傍城餘菊在步,1
1802,城餘菊在步入,1
1803,餘菊在步入一,1
1804,菊在步入一仙,1
1805,在步入一仙瓢,1
1806,步入一仙瓢獨,1
1807,入一仙瓢獨去,1
1808,一仙瓢獨去何,1
1809,仙瓢獨去何人,1
1810,瓢獨去何人見,1
1811,獨去何人見林,1
1812,去何人見林塘,1
1813,何人見林塘共,1
1814,人見林塘共寂,1
1815,見林塘共寂寥,1
1816,林塘共寂寥生,1
1817,塘共寂寥生緣,1
1818,共寂寥生緣聞,1
1819,寂寥生緣聞磬,1
1820,寥生緣聞磬早,1
1821,生緣聞磬早覺,1
1822,緣聞磬早覺路,1
1823,聞磬早覺路出,1
1824,磬早覺路出塵,1
1825,早覺路出塵遙,1
1826,覺路出塵遙江,1
1827,路出塵遙江雪,1
1828,出塵遙江雪沾,1
1829,塵遙江雪沾新,1
1830,遙江雪沾新草,1
1831,江雪沾新草秦,1
1832,雪沾新草秦園,1
1833,沾新草秦園發,1
1834,新草秦園發故,1
1835,草秦園發故條,1
1836,秦園發故條心,1
1837,園發故條心知,1
1838,發故條心知禪,1
1839,故條心知禪定,1
1840,條心知禪定處,1
1841,心知禪定處石,1
1842,知禪定處石室,1
1843,禪定處石室對,1
1844,定處石室對芭,1
1845,處石室對芭蕉,1
1846,石室對芭蕉四,1
1847,室對芭蕉四面,1
1848,對芭蕉四面垂,1
1849,芭蕉四面垂條,1
1850,蕉四面垂條密,1
1851,四面垂條密浮,1
1852,面垂條密浮陰,1
1853,垂條密浮陰入,1
1854,條密浮陰入夏,1
1855,密浮陰入夏清,1
1856,浮陰入夏清綠,1
1857,陰入夏清綠攢,1
1858,入夏清綠攢傷,1
1859,夏清綠攢傷手,1
1860,清綠攢傷手刺,1
1861,綠攢傷手刺紅,1
1862,攢傷手刺紅墮,1
1863,傷手刺紅墮斷,1
1864,手刺紅墮斷腸,1
1865,刺紅墮斷腸英,1
1866,紅墮斷腸英粉,1
1867,墮斷腸英粉著,1
1868,斷腸英粉著蜂,1
1869,腸英粉著蜂須,1
1870,英粉著蜂須膩,1
1871,粉著蜂須膩光,1
1872,著蜂須膩光凝,1
1873,蜂須膩光凝蝶,1
1874,須膩光凝蝶翅,1
1875,膩光凝蝶翅明,1
1876,光凝蝶翅明雨,1
1877,凝蝶翅明雨中,1
1878,蝶翅明雨中看,1
1879,翅明雨中看亦,1
1880,明雨中看亦好,1
1881,雨中看亦好況,1
1882,中看亦好況複,1
1883,看亦好況複值,1
1884,亦好況複值初,1
1885,好況複值初晴,1
1886,況複值初晴亭,1
1887,複值初晴亭與,1
1888,值初晴亭與溪,1
1889,初晴亭與溪相,1
1890,晴亭與溪相近,1
1891,亭與溪相近無,1
1892,與溪相近無時,1
1893,溪相近無時不,1
1894,相近無時不有,1
1895,近無時不有風,1
1896,無時不有風澗,1
1897,時不有風澗松,1
1898,不有風澗松生,1
1899,有風澗松生便,1
1900,風澗松生便黑,1
1901,澗松生便黑野,1
1902,松生便黑野蘚,1
1903,生便黑野蘚看,1
1904,便黑野蘚看多,1
1905,黑野蘚看多紅,1
1906,野蘚看多紅雨,1
1907,蘚看多紅雨足,1
1908,看多紅雨足秋,1
1909,多紅雨足秋聲,1
1910,紅雨足秋聲後,1
1911,雨足秋聲後山,1
1912,足秋聲後山沈,1
1913,秋聲後山沈夜,1
1914,聲後山沈夜色,1
1915,後山沈夜色中,1
1916,山沈夜色中主,1
1917,沈夜色中主人,1
1918,夜色中主人能,1
1919,色中主人能守,1
1920,中主人能守靜,1
1921,主人能守靜略,1
1922,人能守靜略與,1
1923,能守靜略與客,1
1924,守靜略與客心,1
1925,靜略與客心同,1
1926,略與客心同不,1
1927,與客心同不知,1
1928,客心同不知來,1
1929,心同不知來遠,1
1930,同不知來遠近,1
1931,不知來遠近但,1
1932,知來遠近但見,1
1933,來遠近但見白,1
1934,遠近但見白峨,1
1935,近但見白峨峨,1
1936,但見白峨峨風,1
1937,見白峨峨風雨,1
1938,白峨峨風雨驅,1
1939,峨峨風雨驅寒,1
1940,峨風雨驅寒玉,1
1941,風雨驅寒玉魚,1
1942,雨驅寒玉魚龍,1
1943,驅寒玉魚龍迸,1
1944,寒玉魚龍迸上,1
1945,玉魚龍迸上波,1
1946,魚龍迸上波聲,1
1947,龍迸上波聲長,1
1948,迸上波聲長勢,1
1949,上波聲長勢未,1
1950,波聲長勢未盡,1
1951,聲長勢未盡曉,1
1952,長勢未盡曉去,1
1953,勢未盡曉去夕,1
1954,未盡曉去夕還,1
1955,盡曉去夕還過,1
1956,曉去夕還過要,1
1957,去夕還過要路,1
1958,夕還過要路橫,1
1959,還過要路橫天,1
1960,過要路橫天塹,1
1961,要路橫天塹其,1
1962,路橫天塹其如,1
1963,橫天塹其如造,1
1964,天塹其如造化,1
1965,塹其如造化何,1
1966,其如造化何閑,1
1967,如造化何閑園,1
1968,造化何閑園清,1
1969,化何閑園清氣,1
1970,何閑園清氣滿,1
1971,閑園清氣滿新,1
1972,園清氣滿新興,1
1973,清氣滿新興日,1
1974,氣滿新興日堪,1
1975,滿新興日堪追,1
1976,新興日堪追隔,1
1977,興日堪追隔水,1
1978,日堪追隔水蟬,1
1979,堪追隔水蟬鳴,1
1980,追隔水蟬鳴後,1
1981,隔水蟬鳴後當,1
1982,水蟬鳴後當簷,1
1983,蟬鳴後當簷雁,1
1984,鳴後當簷雁過,1
1985,後當簷雁過時,1
1986,當簷雁過時雨,1
1987,簷雁過時雨餘,1
1988,雁過時雨餘槐,1
1989,過時雨餘槐穟,1
1990,時雨餘槐穟重,1
1991,雨餘槐穟重霜,1
1992,餘槐穟重霜近,1
1993,槐穟重霜近藥,1
1994,穟重霜近藥苗,1
1995,重霜近藥苗衰,1
1996,霜近藥苗衰不,1
1997,近藥苗衰不以,1
1998,藥苗衰不以朝,1
1999,苗衰不以朝簪,1
2000,衰不以朝簪貴,1
2001,不以朝簪貴多,1
2002,以朝簪貴多將,1
2003,朝簪貴多將野,1
2004,簪貴多將野客,1
2005,貴多將野客期,1
2006,多將野客期誰,1
2007,將野客期誰言,1
2008,野客期誰言高,1
2009,客期誰言高靜,1
2010,期誰言高靜意,1
2011,誰言高靜意不,1
2012,言高靜意不異,1
2013,高靜意不異在,1
2014,靜意不異在衡,1
2015,意不異在衡茅,1
2016,不異在衡茅竹,1
2017,異在衡茅竹冷,1
2018,在衡茅竹冷人,1
2019,衡茅竹冷人離,1
2020,茅竹冷人離洞,1
2021,竹冷人離洞天,1
2022,冷人離洞天晴,1
2023,人離洞天晴鶴,1
2024,離洞天晴鶴出,1
2025,洞天晴鶴出巢,1
2026,天晴鶴出巢深,1
2027,晴鶴出巢深籬,1
2028,鶴出巢深籬藏,1
2029,出巢深籬藏白,1
2030,巢深籬藏白菌,1
2031,深籬藏白菌荒,1
2032,籬藏白菌荒蔓,1
2033,藏白菌荒蔓露,1
2034,白菌荒蔓露青,1
2035,菌荒蔓露青匏,1
2036,荒蔓露青匏幾,1
2037,蔓露青匏幾見,1
2038,露青匏幾見中,1
2039,青匏幾見中宵,1
2040,匏幾見中宵月,1
2041,幾見中宵月清,1
2042,見中宵月清光,1
2043,中宵月清光墜,1
2044,宵月清光墜樹,1
2045,月清光墜樹梢,1
2046,清光墜樹梢逍,1
2047,光墜樹梢逍遙,1
2048,墜樹梢逍遙人,1
2049,樹梢逍遙人事,1
2050,梢逍遙人事外,1
2051,逍遙人事外杖,1
2052,遙人事外杖屨,1
2053,人事外杖屨入,1
2054,事外杖屨入杉,1
2055,外杖屨入杉蘿,1
2056,杖屨入杉蘿草,1
2057,屨入杉蘿草色,1
2058,入杉蘿草色寒,1
2059,杉蘿草色寒猶,1
2060,蘿草色寒猶在,1
2061,草色寒猶在蟲,1
2062,色寒猶在蟲聲,1
2063,寒猶在蟲聲晚,1
2064,猶在蟲聲晚漸,1
2065,在蟲聲晚漸多,1
2066,蟲聲晚漸多靜,1
2067,聲晚漸多靜逢,1
2068,晚漸多靜逢山,1
2069,漸多靜逢山鳥,1
2070,多靜逢山鳥下,1
2071,靜逢山鳥下幽,1
2072,逢山鳥下幽稱,1
2073,山鳥下幽稱野,1
2074,鳥下幽稱野僧,1
2075,下幽稱野僧過,1
2076,幽稱野僧過幾,1
2077,稱野僧過幾許,1
2078,野僧過幾許新,1
2079,僧過幾許新開,1
2080,過幾許新開菊,1
2081,幾許新開菊閑,1
2082,許新開菊閑從,1
2083,新開菊閑從落,1
2084,開菊閑從落葉,1
2085,菊閑從落葉和,1
2086,閑從落葉和留,1
2087,從落葉和留情,1
2088,落葉和留情清,1
2089,葉和留情清景,1
2090,和留情清景宴,1
2091,留情清景宴朝,1
2092,情清景宴朝罷,1
2093,清景宴朝罷有,1
2094,景宴朝罷有餘,1
2095,宴朝罷有餘閑,1
2096,朝罷有餘閑蝶,1
2097,罷有餘閑蝶散,1
2098,有餘閑蝶散紅,1
2099,餘閑蝶散紅蘭,1
2100,閑蝶散紅蘭外,1
2101,蝶散紅蘭外螢,1
2102,散紅蘭外螢飛,1
2103,紅蘭外螢飛白,1
2104,蘭外螢飛白露,1
2105,外螢飛白露間,1
2106,螢飛白露間牆,1
2107,飛白露間牆高,1
2108,白露間牆高微,1
2109,露間牆高微見,1
2110,間牆高微見寺,1
2111,牆高微見寺林,1
2112,高微見寺林靜,1
2113,微見寺林靜遠,1
2114,見寺林靜遠分,1
2115,寺林靜遠分山,1
2116,林靜遠分山吟,1
2117,靜遠分山吟足,1
2118,遠分山吟足期,1
2119,分山吟足期相,1
2120,山吟足期相訪,1
2121,吟足期相訪殘,1
2122,足期相訪殘陽,1
2123,期相訪殘陽自,1
2124,相訪殘陽自掩,1
2125,訪殘陽自掩關,1
2126,殘陽自掩關深,1
2127,陽自掩關深齋,1
2128,自掩關深齋嘗,1
2129,掩關深齋嘗獨,1
2130,關深齋嘗獨處,1
2131,深齋嘗獨處詎,1
2132,齋嘗獨處詎肯,1
2133,嘗獨處詎肯厭,1
2134,獨處詎肯厭秋,1
2135,處詎肯厭秋聲,1
2136,詎肯厭秋聲翠,1
2137,肯厭秋聲翠筱,1
2138,厭秋聲翠筱寒,1
2139,秋聲翠筱寒愈,1
2140,聲翠筱寒愈靜,1
2141,翠筱寒愈靜孤,1
2142,筱寒愈靜孤花,1
2143,寒愈靜孤花晚,1
2144,愈靜孤花晚更,1
2145,靜孤花晚更明,1
2146,孤花晚更明每,1
2147,花晚更明每因,1
2148,晚更明每因逢,1
2149,更明每因逢石,1
2150,明每因逢石坐,1
2151,每因逢石坐多,1
2152,因逢石坐多見,1
2153,逢石坐多見抱,1
2154,石坐多見抱書,1
2155,坐多見抱書行,1
2156,多見抱書行入,1
2157,見抱書行入夜,1
2158,抱書行入夜聽,1
2159,書行入夜聽疏,1
2160,行入夜聽疏杵,1
2161,入夜聽疏杵遙,1
2162,夜聽疏杵遙知,1
2163,聽疏杵遙知耿,1
2164,疏杵遙知耿此,1
2165,杵遙知耿此情,1
2166,遙知耿此情蒼,1
2167,知耿此情蒼翠,1
2168,耿此情蒼翠經,1
2169,此情蒼翠經宵,1
2170,情蒼翠經宵在,1
2171,蒼翠經宵在園,1
2172,翠經宵在園廬,1
2173,經宵在園廬景,1
2174,宵在園廬景自,1
2175,在園廬景自深,1
2176,園廬景自深風,1
2177,廬景自深風淒,1
2178,景自深風淒欲,1
2179,自深風淒欲去,1
2180,深風淒欲去燕,1
2181,風淒欲去燕月,1
2182,淒欲去燕月思,1
2183,欲去燕月思向,1
2184,去燕月思向來,1
2185,燕月思向來砧,1
2186,月思向來砧碧,1
2187,思向來砧碧石,1
2188,向來砧碧石當,1
2189,來砧碧石當莎,1
2190,砧碧石當莎徑,1
2191,碧石當莎徑寒,1
2192,石當莎徑寒煙,1
2193,當莎徑寒煙冒,1
2194,莎徑寒煙冒竹,1
2195,徑寒煙冒竹林,1
2196,寒煙冒竹林杯,1
2197,煙冒竹林杯瓢,1
2198,冒竹林杯瓢閑,1
2199,竹林杯瓢閑寄,1
2200,林杯瓢閑寄詠,1
2201,杯瓢閑寄詠清,1
2202,瓢閑寄詠清絕,1
2203,閑寄詠清絕是,1
2204,寄詠清絕是知,1
2205,詠清絕是知音,1
2206,清絕是知音門,1
2207,絕是知音門巷,1
2208,是知音門巷唯,1
2209,知音門巷唯苔,1
2210,音門巷唯苔蘚,1
2211,門巷唯苔蘚誰,1
2212,巷唯苔蘚誰言,1
2213,唯苔蘚誰言不,1
2214,苔蘚誰言不稱,1
2215,蘚誰言不稱貧,1
2216,誰言不稱貧台,1
2217,言不稱貧台閒,1
2218,不稱貧台閒人,1
2219,稱貧台閒人下,1
2220,貧台閒人下晚,1
2221,台閒人下晚果,1
2222,閒人下晚果熟,1
2223,人下晚果熟鳥,1
2224,下晚果熟鳥來,1
2225,晚果熟鳥來頻,1
2226,果熟鳥來頻石,1
2227,熟鳥來頻石脈,1
2228,鳥來頻石脈潛,1
2229,來頻石脈潛通,1
2230,頻石脈潛通井,1
2231,石脈潛通井松,1
2232,脈潛通井松枝,1
2233,潛通井松枝靜,1
2234,通井松枝靜離,1
2235,井松枝靜離塵,1
2236,松枝靜離塵殘,1
2237,枝靜離塵殘蔬,1
2238,靜離塵殘蔬得,1
2239,離塵殘蔬得晴,1
2240,塵殘蔬得晴後,1
2241,殘蔬得晴後又,1
2242,蔬得晴後又見,1
2243,得晴後又見一,1
2244,晴後又見一番,1
2245,後又見一番新,1
2246,又見一番新捲,1
2247,見一番新捲簾,1
2248,一番新捲簾天,1
2249,番新捲簾天色,1
2250,新捲簾天色靜,1
2251,捲簾天色靜近,1
2252,簾天色靜近瀨,1
2253,天色靜近瀨覺,1
2254,色靜近瀨覺衣,1
2255,靜近瀨覺衣單,1
2256,近瀨覺衣單蕉,1
2257,瀨覺衣單蕉葉,1
2258,覺衣單蕉葉猶,1
2259,衣單蕉葉猶停,1
2260,單蕉葉猶停翠,1
2261,蕉葉猶停翠桐,1
2262,葉猶停翠桐陰,1
2263,猶停翠桐陰已,1
2264,停翠桐陰已爽,1
2265,翠桐陰已爽寒,1
2266,桐陰已爽寒雲,1
2267,陰已爽寒雲從,1
2268,已爽寒雲從高,1
2269,爽寒雲從高處,1
2270,寒雲從高處望,1
2271,雲從高處望琴,1
2272,從高處望琴愛,1
2273,高處望琴愛靜,1
2274,處望琴愛靜時,1
2275,望琴愛靜時彈,1
2276,琴愛靜時彈正,1
2277,愛靜時彈正去,1
2278,靜時彈正去重,1
2279,時彈正去重陽,1
2280,彈正去重陽近,1
2281,正去重陽近吟,1
2282,去重陽近吟秋,1
2283,重陽近吟秋意,1
2284,陽近吟秋意未,1
2285,近吟秋意未闌,1
2286,吟秋意未闌竹,1
2287,秋意未闌竹徑,1
2288,意未闌竹徑通,1
2289,未闌竹徑通鄰,1
2290,闌竹徑通鄰圃,1
2291,竹徑通鄰圃清,1
2292,徑通鄰圃清深,1
2293,通鄰圃清深稱,1
2294,鄰圃清深稱獨,1
2295,圃清深稱獨遊,1
2296,清深稱獨遊蟲,1
2297,深稱獨遊蟲絲,1
2298,稱獨遊蟲絲交,1
2299,獨遊蟲絲交影,1
2300,遊蟲絲交影細,1
2301,蟲絲交影細藤,1
2302,絲交影細藤子,1
2303,交影細藤子墜,1
2304,影細藤子墜聲,1
2305,細藤子墜聲幽,1
2306,藤子墜聲幽積,1
2307,子墜聲幽積潤,1
2308,墜聲幽積潤苔,1
2309,聲幽積潤苔紋,1
2310,幽積潤苔紋厚,1
2311,積潤苔紋厚迎,1
2312,潤苔紋厚迎寒,1
2313,苔紋厚迎寒薺,1
2314,紋厚迎寒薺葉,1
2315,厚迎寒薺葉稠,1
2316,迎寒薺葉稠閑,1
2317,寒薺葉稠閑來,1
2318,薺葉稠閑來尋,1
2319,葉稠閑來尋古,1
2320,稠閑來尋古畫,1
2321,閑來尋古畫未,1
2322,來尋古畫未廢,1
2323,尋古畫未廢執,1
2324,古畫未廢執茶,1
2325,畫未廢執茶甌,1
2326,未廢執茶甌風,1
2327,廢執茶甌風物,1
2328,執茶甌風物已,1
2329,茶甌風物已蕭,1
2330,甌風物已蕭颯,1
2331,風物已蕭颯晚,1
2332,物已蕭颯晚煙,1
2333,已蕭颯晚煙生,1
2334,蕭颯晚煙生霽,1
2335,颯晚煙生霽容,1
2336,晚煙生霽容斜,1
2337,煙生霽容斜分,1
2338,生霽容斜分紫,1
2339,霽容斜分紫陌,1
2340,容斜分紫陌樹,1
2341,斜分紫陌樹遠,1
2342,分紫陌樹遠隔,1
2343,紫陌樹遠隔翠,1
2344,陌樹遠隔翠微,1
2345,樹遠隔翠微鐘,1
2346,遠隔翠微鐘宿,1
2347,隔翠微鐘宿客,1
2348,翠微鐘宿客論,1
2349,微鐘宿客論文,1
2350,鐘宿客論文靜,1
2351,宿客論文靜閑,1
2352,客論文靜閑燈,1
2353,論文靜閑燈落,1
2354,文靜閑燈落燼,1
2355,靜閑燈落燼重,1
2356,閑燈落燼重無,1
2357,燈落燼重無窮,1
2358,落燼重無窮林,1
2359,燼重無窮林下,1
2360,重無窮林下意,1
2361,無窮林下意真,1
2362,窮林下意真得,1
2363,林下意真得古,1
2364,下意真得古人,1
2365,意真得古人風,1
2366,真得古人風清,1
2367,得古人風清重,1
2368,古人風清重可,1
2369,人風清重可過,1
2370,風清重可過知,1
2371,清重可過知內,1
2372,重可過知內制,1
2373,可過知內制從,1
2374,過知內制從前,1
2375,知內制從前禮,1
2376,內制從前禮絕,1
2377,制從前禮絕外,1
2378,從前禮絕外庭,1
2379,前禮絕外庭人,1
2380,禮絕外庭人看,1
2381,絕外庭人看花,1
2382,外庭人看花在,1
2383,庭人看花在處,1
2384,人看花在處多,1
2385,看花在處多隨,1
2386,花在處多隨駕,1
2387,在處多隨駕召,1
2388,處多隨駕召宴,1
2389,多隨駕召宴無,1
2390,隨駕召宴無時,1
2391,駕召宴無時不,1
2392,召宴無時不及,1
2393,宴無時不及旬,1
2394,無時不及旬馬,1
2395,時不及旬馬自,1
2396,不及旬馬自賜,1
2397,及旬馬自賜來,1
2398,旬馬自賜來騎,1
2399,馬自賜來騎覺,1
2400,自賜來騎覺穩,1
2401,賜來騎覺穩詩,1
2402,來騎覺穩詩緣,1
2403,騎覺穩詩緣得,1
2404,覺穩詩緣得後,1
2405,穩詩緣得後意,1
2406,詩緣得後意長,1
2407,緣得後意長新,1
2408,得後意長新應,1
2409,後意長新應憐,1
2410,意長新應憐獨,1
2411,長新應憐獨在,1
2412,新應憐獨在文,1
2413,應憐獨在文場,1
2414,憐獨在文場久,1
2415,獨在文場久十,1
2416,在文場久十有,1
2417,文場久十有餘,1
2418,場久十有餘年,1
2419,久十有餘年浪,1
2420,十有餘年浪過,1
2421,有餘年浪過春,1
2422,餘年浪過春記,1
2423,年浪過春記得,1
2424,浪過春記得早,1
2425,過春記得早年,1
2426,春記得早年曾,1
2427,記得早年曾拜,1
2428,得早年曾拜識,1
2429,早年曾拜識便,1
2430,年曾拜識便憐,1
2431,曾拜識便憐孤,1
2432,拜識便憐孤進,1
2433,識便憐孤進賞,1
2434,便憐孤進賞文,1
2435,憐孤進賞文章,1
2436,孤進賞文章免,1
2437,進賞文章免令,1
2438,賞文章免令汩,1
2439,文章免令汩沒,1
2440,章免令汩沒慚,1
2441,免令汩沒慚時,1
2442,令汩沒慚時輩,1
2443,汩沒慚時輩與,1
2444,沒慚時輩與作,1
2445,慚時輩與作聲,1
2446,時輩與作聲名,1
2447,輩與作聲名徹,1
2448,與作聲名徹舉,1
2449,作聲名徹舉場,1
2450,聲名徹舉場一,1
2451,名徹舉場一自,1
2452,徹舉場一自鳳,1
2453,舉場一自鳳池,1
2454,場一自鳳池承,1
2455,一自鳳池承密,1
2456,自鳳池承密旨,1
2457,鳳池承密旨今,1
2458,池承密旨今因,1
2459,承密旨今因世,1
2460,密旨今因世路,1
2461,旨今因世路接,1
2462,今因世路接餘,1
2463,因世路接餘光,1
2464,世路接餘光雲,1
2465,路接餘光雲泥,1
2466,接餘光雲泥雖,1
2467,餘光雲泥雖隔,1
2468,光雲泥雖隔思,1
2469,雲泥雖隔思長,1
2470,泥雖隔思長在,1
2471,雖隔思長在縱,1
2472,隔思長在縱使,1
2473,思長在縱使無,1
2474,長在縱使無成,1
2475,在縱使無成也,1
2476,縱使無成也不,1
2477,使無成也不忘,1
2478,無成也不忘獨,1
2479,成也不忘獨在,1
2480,也不忘獨在禦,1
2481,不忘獨在禦樓,1
2482,忘獨在禦樓南,1
2483,獨在禦樓南畔,1
2484,在禦樓南畔住,1
2485,禦樓南畔住生,1
2486,樓南畔住生涯,1
2487,南畔住生涯還,1
2488,畔住生涯還似,1
2489,住生涯還似舊,1
2490,生涯還似舊時,1
2491,涯還似舊時貧,1
2492,還似舊時貧全,1
2493,似舊時貧全無,1
2494,舊時貧全無竹,1
2495,時貧全無竹可,1
2496,貧全無竹可侵,1
2497,全無竹可侵行,1
2498,無竹可侵行徑,1
2499,竹可侵行徑一,1
2500,可侵行徑一半,1
2501,侵行徑一半花,1
2502,行徑一半花猶,1
2503,徑一半花猶屬,1
2504,一半花猶屬別,1
2505,半花猶屬別人,1
2506,花猶屬別人吟,1
2507,猶屬別人吟處,1
2508,屬別人吟處不,1
2509,別人吟處不妨,1
2510,人吟處不妨嫌,1
2511,吟處不妨嫌鼓,1
2512,處不妨嫌鼓鬧,1
2513,不妨嫌鼓鬧眼,1
2514,妨嫌鼓鬧眼前,1
2515,嫌鼓鬧眼前唯,1
2516,鼓鬧眼前唯稱,1
2517,鬧眼前唯稱與,1
2518,眼前唯稱與僧,1
2519,前唯稱與僧鄰,1
2520,唯稱與僧鄰近,1
2521,稱與僧鄰近來,1
2522,與僧鄰近來漸,1
2523,僧鄰近來漸覺,1
2524,鄰近來漸覺青,1
2525,近來漸覺青莎,1
2526,來漸覺青莎巷,1
2527,漸覺青莎巷車,1
2528,覺青莎巷車馬,1
2529,青莎巷車馬過,1
2530,莎巷車馬過從,1
2531,巷車馬過從已,1
2532,車馬過從已有,1
2533,馬過從已有塵,1
2534,過從已有塵從,1
2535,從已有塵從得,1
2536,已有塵從得高,1
2537,有塵從得高科,1
2538,塵從得高科名,1
2539,從得高科名轉,1
2540,得高科名轉盛,1
2541,高科名轉盛亦,1
2542,科名轉盛亦言,1
2543,名轉盛亦言歸,1
2544,轉盛亦言歸去,1
2545,盛亦言歸去滿,1
2546,亦言歸去滿城,1
2547,言歸去滿城知,1
2548,歸去滿城知發,1
2549,去滿城知發時,1
2550,滿城知發時誰,1
2551,城知發時誰不,1
2552,知發時誰不開,1
2553,發時誰不開筵,1
2554,時誰不開筵送,1
2555,誰不開筵送到,1
2556,不開筵送到處,1
2557,開筵送到處人,1
2558,筵送到處人爭,1
2559,送到處人爭與,1
2560,到處人爭與馬,1
2561,處人爭與馬騎,1
2562,人爭與馬騎劍,1
2563,爭與馬騎劍路,1
2564,與馬騎劍路紅,1
2565,馬騎劍路紅蕉,1
2566,騎劍路紅蕉明,1
2567,劍路紅蕉明棧,1
2568,路紅蕉明棧閣,1
2569,紅蕉明棧閣巴,1
2570,蕉明棧閣巴村,1
2571,明棧閣巴村綠,1
2572,棧閣巴村綠樹,1
2573,閣巴村綠樹蔭,1
2574,巴村綠樹蔭神,1
2575,村綠樹蔭神祠,1
2576,綠樹蔭神祠鄉,1
2577,樹蔭神祠鄉中,1
2578,蔭神祠鄉中後,1
2579,神祠鄉中後輩,1
2580,祠鄉中後輩游,1
2581,鄉中後輩游門,1
2582,中後輩游門館,1
2583,後輩游門館半,1
2584,輩游門館半是,1
2585,游門館半是來,1
2586,門館半是來求,1
2587,館半是來求近,1
2588,半是來求近日,1
2589,是來求近日詩,1
2590,來求近日詩萍,1
2591,求近日詩萍岸,1
2592,近日詩萍岸新,1
2593,日詩萍岸新淘,1
2594,詩萍岸新淘見,1
2595,萍岸新淘見碧,1
2596,岸新淘見碧霄,1
2597,新淘見碧霄中,1
2598,淘見碧霄中流,1
2599,見碧霄中流相,1
2600,碧霄中流相去,1
2601,霄中流相去忽,1
2602,中流相去忽成,1
2603,流相去忽成遙,1
2604,相去忽成遙空,1
2605,去忽成遙空餘,1
2606,忽成遙空餘孤,1
2607,成遙空餘孤嶼,1
2608,遙空餘孤嶼來,1
2609,空餘孤嶼來詩,1
2610,餘孤嶼來詩景,1
2611,孤嶼來詩景無,1
2612,嶼來詩景無複,1
2613,來詩景無複橫,1
2614,詩景無複橫槎,1
2615,景無複橫槎礙,1
2616,無複橫槎礙柳,1
2617,複橫槎礙柳條,1
2618,橫槎礙柳條紅,1
2619,槎礙柳條紅旆,1
2620,礙柳條紅旆路,1
2621,柳條紅旆路幽,1
2622,條紅旆路幽山,1
2623,紅旆路幽山翠,1
2624,旆路幽山翠濕,1
2625,路幽山翠濕錦,1
2626,幽山翠濕錦帆,1
2627,山翠濕錦帆風,1
2628,翠濕錦帆風起,1
2629,濕錦帆風起浪,1
2630,錦帆風起浪花,1
2631,帆風起浪花飄,1
2632,風起浪花飄共,1
2633,起浪花飄共知,1
2634,浪花飄共知浸,1
2635,花飄共知浸潤,1
2636,飄共知浸潤同,1
2637,共知浸潤同雷,1
2638,知浸潤同雷澤,1
2639,浸潤同雷澤何,1
2640,潤同雷澤何慮,1
2641,同雷澤何慮川,1
2642,雷澤何慮川源,1
2643,澤何慮川源有,1
2644,何慮川源有旱,1
2645,慮川源有旱苗,1
2646,川源有旱苗古,1
2647,源有旱苗古巷,1
2648,有旱苗古巷戟,1
2649,旱苗古巷戟門,1
2650,苗古巷戟門誰,1
2651,古巷戟門誰舊,1
2652,巷戟門誰舊宅,1
2653,戟門誰舊宅早,1
2654,門誰舊宅早曾,1
2655,誰舊宅早曾聞,1
2656,舊宅早曾聞說,1
2657,宅早曾聞說屬,1
2658,早曾聞說屬官,1
2659,曾聞說屬官家,1
2660,聞說屬官家更,1
2661,說屬官家更無,1
2662,屬官家更無新,1
2663,官家更無新燕,1
2664,家更無新燕來,1
2665,更無新燕來巢,1
2666,無新燕來巢屋,1
2667,新燕來巢屋唯,1
2668,燕來巢屋唯有,1
2669,來巢屋唯有閒,1
2670,巢屋唯有閒人,1
2671,屋唯有閒人去,1
2672,唯有閒人去看,1
2673,有閒人去看花,1
2674,閒人去看花空,1
2675,人去看花空廄,1
2676,去看花空廄欲,1
2677,看花空廄欲摧,1
2678,花空廄欲摧塵,1
2679,空廄欲摧塵滿,1
2680,廄欲摧塵滿櫪,1
2681,欲摧塵滿櫪小,1
2682,摧塵滿櫪小池,1
2683,塵滿櫪小池初,1
2684,滿櫪小池初涸,1
2685,櫪小池初涸草,1
2686,小池初涸草侵,1
2687,池初涸草侵沙,1
2688,初涸草侵沙榮,1
2689,涸草侵沙榮華,1
2690,草侵沙榮華事,1
2691,侵沙榮華事歇,1
2692,沙榮華事歇皆,1
2693,榮華事歇皆如,1
2694,華事歇皆如此,1
2695,事歇皆如此立,1
2696,歇皆如此立馬,1
2697,皆如此立馬踟,1
2698,如此立馬踟躕,1
2699,此立馬踟躕到,1
2700,立馬踟躕到日,1
2701,馬踟躕到日斜,1
2702,踟躕到日斜豈,1
2703,躕到日斜豈知,1
2704,到日斜豈知鸚,1
2705,日斜豈知鸚鵡,1
2706,斜豈知鸚鵡洲,1
2707,豈知鸚鵡洲邊,1
2708,知鸚鵡洲邊路,1
2709,鸚鵡洲邊路得,1
2710,鵡洲邊路得見,1
2711,洲邊路得見鳳,1
2712,邊路得見鳳凰,1
2713,路得見鳳凰池,1
2714,得見鳳凰池上,1
2715,見鳳凰池上人,1
2716,鳳凰池上人從,1
2717,凰池上人從此,1
2718,池上人從此不,1
2719,上人從此不同,1
2720,人從此不同諸,1
2721,從此不同諸客,1
2722,此不同諸客禮,1
2723,不同諸客禮故,1
2724,同諸客禮故鄉,1
2725,諸客禮故鄉西,1
2726,客禮故鄉西與,1
2727,禮故鄉西與郡,1
2728,故鄉西與郡城,1
2729,鄉西與郡城鄰,1
2730,西與郡城鄰選,1
2731,與郡城鄰選居,1
2732,郡城鄰選居幽,1
2733,城鄰選居幽近,1
2734,鄰選居幽近禦,1
2735,選居幽近禦街,1
2736,居幽近禦街東,1
2737,幽近禦街東易,1
2738,近禦街東易得,1
2739,禦街東易得詩,1
2740,街東易得詩人,1
2741,東易得詩人聚,1
2742,易得詩人聚會,1
2743,得詩人聚會同,1
2744,詩人聚會同白,1
2745,人聚會同白練,1
2746,聚會同白練鳥,1
2747,會同白練鳥飛,1
2748,同白練鳥飛深,1
2749,白練鳥飛深竹,1
2750,練鳥飛深竹裏,1
2751,鳥飛深竹裏朱,1
2752,飛深竹裏朱弦,1
2753,深竹裏朱弦琴,1
2754,竹裏朱弦琴在,1
2755,裏朱弦琴在亂,1
2756,朱弦琴在亂書,1
2757,弦琴在亂書中,1
2758,琴在亂書中亭,1
2759,在亂書中亭開,1
2760,亂書中亭開山,1
2761,書中亭開山色,1
2762,中亭開山色當,1
2763,亭開山色當高,1
2764,開山色當高枕,1
2765,山色當高枕樓,1
2766,色當高枕樓靜,1
2767,當高枕樓靜簫,1
2768,高枕樓靜簫聲,1
2769,枕樓靜簫聲落,1
2770,樓靜簫聲落遠,1
2771,靜簫聲落遠風,1
2772,簫聲落遠風何,1
2773,聲落遠風何事,1
2774,落遠風何事宦,1
2775,遠風何事宦塗,1
2776,風何事宦塗猶,1
2777,何事宦塗猶寂,1
2778,事宦塗猶寂寞,1
2779,宦塗猶寂寞都,1
2780,塗猶寂寞都緣,1
2781,猶寂寞都緣清,1
2782,寂寞都緣清苦,1
2783,寞都緣清苦道,1
2784,都緣清苦道難,1
2785,緣清苦道難通,1
2786,清苦道難通永,1
2787,苦道難通永日,1
2788,道難通永日微,1
2789,難通永日微吟,1
2790,通永日微吟在,1
2791,永日微吟在竹,1
2792,日微吟在竹前,1
2793,微吟在竹前骨,1
2794,吟在竹前骨清,1
2795,在竹前骨清唯,1
2796,竹前骨清唯愛,1
2797,前骨清唯愛漱,1
2798,骨清唯愛漱寒,1
2799,清唯愛漱寒泉,1
2800,唯愛漱寒泉門,1
2801,愛漱寒泉門閑,1
2802,漱寒泉門閑多,1
2803,寒泉門閑多有,1
2804,泉門閑多有投,1
2805,門閑多有投文,1
2806,閑多有投文客,1
2807,多有投文客身,1
2808,有投文客身病,1
2809,投文客身病長,1
2810,文客身病長無,1
2811,客身病長無買,1
2812,身病長無買藥,1
2813,病長無買藥錢,1
2814,長無買藥錢嶺,1
2815,無買藥錢嶺寺,1
2816,買藥錢嶺寺聽,1
2817,藥錢嶺寺聽猿,1
2818,錢嶺寺聽猿頻,1
2819,嶺寺聽猿頻獨,1
2820,寺聽猿頻獨宿,1
2821,聽猿頻獨宿湖,1
2822,猿頻獨宿湖亭,1
2823,頻獨宿湖亭避,1
2824,獨宿湖亭避宴,1
2825,宿湖亭避宴動,1
2826,湖亭避宴動經,1
2827,亭避宴動經年,1
2828,避宴動經年親,1
2829,宴動經年親知,1
2830,動經年親知盡,1
2831,經年親知盡怪,1
2832,年親知盡怪疏,1
2833,親知盡怪疏榮,1
2834,知盡怪疏榮祿,1
2835,盡怪疏榮祿的,1
2836,怪疏榮祿的是,1
2837,疏榮祿的是將,1
2838,榮祿的是將心,1
2839,祿的是將心暗,1
2840,的是將心暗學,1
2841,是將心暗學禪,1
2842,將心暗學禪玉,1
2843,心暗學禪玉關,1
2844,暗學禪玉關西,1
2845,學禪玉關西路,1
2846,禪玉關西路出,1
2847,玉關西路出臨,1
2848,關西路出臨洮,1
2849,西路出臨洮風,1
2850,路出臨洮風卷,1
2851,出臨洮風卷邊,1
2852,臨洮風卷邊沙,1
2853,洮風卷邊沙入,1
2854,風卷邊沙入馬,1
2855,卷邊沙入馬毛,1
2856,邊沙入馬毛寺,1
2857,沙入馬毛寺寺,1
2858,入馬毛寺寺院,1
2859,馬毛寺寺院中,1
2860,毛寺寺院中無,1
2861,寺寺院中無竹,1
2862,寺院中無竹樹,1
2863,院中無竹樹家,1
2864,中無竹樹家家,1
2865,無竹樹家家壁,1
2866,竹樹家家壁上,1
2867,樹家家壁上有,1
2868,家家壁上有弓,1
2869,家壁上有弓刀,1
2870,壁上有弓刀惟,1
2871,上有弓刀惟憐,1
2872,有弓刀惟憐戰,1
2873,弓刀惟憐戰士,1
2874,刀惟憐戰士垂,1
2875,惟憐戰士垂金,1
2876,憐戰士垂金甲,1
2877,戰士垂金甲不,1
2878,士垂金甲不尚,1
2879,垂金甲不尚遊,1
2880,金甲不尚遊人,1
2881,甲不尚遊人著,1
2882,不尚遊人著白,1
2883,尚遊人著白袍,1
2884,遊人著白袍日,1
2885,人著白袍日暮,1
2886,著白袍日暮獨,1
2887,白袍日暮獨吟,1
2888,袍日暮獨吟秋,1
2889,日暮獨吟秋色,1
2890,暮獨吟秋色裏,1
2891,獨吟秋色裏平,1
2892,吟秋色裏平原,1
2893,秋色裏平原一,1
2894,色裏平原一望,1
2895,裏平原一望戍,1
2896,平原一望戍樓,1
2897,原一望戍樓高,1
2898,一望戍樓高遠,1
2899,望戍樓高遠憶,1
2900,戍樓高遠憶拜,1
2901,樓高遠憶拜親,1
2902,高遠憶拜親留,1
2903,遠憶拜親留不,1
2904,憶拜親留不住,1
2905,拜親留不住出,1
2906,親留不住出門,1
2907,留不住出門行,1
2908,不住出門行計,1
2909,住出門行計與,1
2910,出門行計與誰,1
2911,門行計與誰同,1
2912,行計與誰同程,1
2913,計與誰同程塗,1
2914,與誰同程塗半,1
2915,誰同程塗半是,1
2916,同程塗半是依,1
2917,程塗半是依船,1
2918,塗半是依船上,1
2919,半是依船上請,1
2920,是依船上請謁,1
2921,依船上請謁多,1
2922,船上請謁多愁,1
2923,上請謁多愁值,1
2924,請謁多愁值雨,1
2925,謁多愁值雨中,1
2926,多愁值雨中堰,1
2927,愁值雨中堰水,1
2928,值雨中堰水靜,1
2929,雨中堰水靜連,1
2930,中堰水靜連堤,1
2931,堰水靜連堤樹,1
2932,水靜連堤樹綠,1
2933,靜連堤樹綠村,1
2934,連堤樹綠村橋,1
2935,堤樹綠村橋時,1
2936,樹綠村橋時映,1
2937,綠村橋時映野,1
2938,村橋時映野花,1
2939,橋時映野花紅,1
2940,時映野花紅回,1
2941,映野花紅回期,1
2942,野花紅回期須,1
2943,花紅回期須及,1
2944,紅回期須及來,1
2945,回期須及來春,1
2946,期須及來春事,1
2947,須及來春事莫,1
2948,及來春事莫便,1
2949,來春事莫便江,1
2950,春事莫便江邊,1
2951,事莫便江邊逐,1
2952,莫便江邊逐釣,1
2953,便江邊逐釣翁,1
2954,江邊逐釣翁紫,1
2955,邊逐釣翁紫髯,1
2956,逐釣翁紫髯年,1
2957,釣翁紫髯年少,1
2958,翁紫髯年少奉,1
2959,紫髯年少奉恩,1
2960,髯年少奉恩初,1
2961,年少奉恩初直,1
2962,少奉恩初直閣,1
2963,奉恩初直閣將,1
2964,恩初直閣將軍,1
2965,初直閣將軍盡,1
2966,直閣將軍盡不,1
2967,閣將軍盡不如,1
2968,將軍盡不如酒,1
2969,軍盡不如酒後,1
2970,盡不如酒後引,1
2971,不如酒後引兵,1
2972,如酒後引兵圍,1
2973,酒後引兵圍百,1
2974,後引兵圍百草,1
2975,引兵圍百草風,1
2976,兵圍百草風前,1
2977,圍百草風前駐,1
2978,百草風前駐旆,1
2979,草風前駐旆領,1
2980,風前駐旆領邊,1
2981,前駐旆領邊書,1
2982,駐旆領邊書宅,1
2983,旆領邊書宅將,1
2984,領邊書宅將公,1
2985,邊書宅將公主,1
2986,書宅將公主同,1
2987,宅將公主同時,1
2988,將公主同時賜,1
2989,公主同時賜官,1
2990,主同時賜官與,1
2991,同時賜官與中,1
2992,時賜官與中郎,1
2993,賜官與中郎共,1
2994,官與中郎共日,1
2995,與中郎共日除,1
2996,中郎共日除大,1
2997,郎共日除大笑,1
2998,共日除大笑魯,1
2999,日除大笑魯儒,1
3000,除大笑魯儒年,1
3001,大笑魯儒年四,1
3002,笑魯儒年四十,1
3003,魯儒年四十腰,1
3004,儒年四十腰間,1
3005,年四十腰間猶,1
3006,四十腰間猶未,1
3007,十腰間猶未識,1
3008,腰間猶未識金,1
3009,間猶未識金魚,1
3010,猶未識金魚桑,1
3011,未識金魚桑柘,1
3012,識金魚桑柘駢,1
3013,金魚桑柘駢闐,1
3014,魚桑柘駢闐數,1
3015,桑柘駢闐數畝,1
3016,柘駢闐數畝間,1
3017,駢闐數畝間門,1
3018,闐數畝間門前,1
3019,數畝間門前五,1
3020,畝間門前五柳,1
3021,間門前五柳正,1
3022,門前五柳正堪,1
3023,前五柳正堪攀,1
3024,五柳正堪攀尊,1
3025,柳正堪攀尊中,1
3026,正堪攀尊中美,1
3027,堪攀尊中美酒,1
3028,攀尊中美酒長,1
3029,尊中美酒長須,1
3030,中美酒長須滿,1
3031,美酒長須滿身,1
3032,酒長須滿身外,1
3033,長須滿身外浮,1
3034,須滿身外浮名,1
3035,滿身外浮名總,1
3036,身外浮名總是,1
3037,外浮名總是閑,1
3038,浮名總是閑竹,1
3039,名總是閑竹徑,1
3040,總是閑竹徑有,1
3041,是閑竹徑有時,1
3042,閑竹徑有時風,1
3043,竹徑有時風為,1
3044,徑有時風為掃,1
3045,有時風為掃柴,1
3046,時風為掃柴門,1
3047,風為掃柴門無,1
3048,為掃柴門無事,1
3049,掃柴門無事日,1
3050,柴門無事日常,1
3051,門無事日常關,1
3052,無事日常關於,1
3053,事日常關於焉,1
3054,日常關於焉已,1
3055,常關於焉已是,1
3056,關於焉已是忘,1
3057,於焉已是忘機,1
3058,焉已是忘機地,1
3059,已是忘機地何,1
3060,是忘機地何用,1
3061,忘機地何用將,1
3062,機地何用將金,1
3063,地何用將金別,1
3064,何用將金別買,1
3065,用將金別買山,1
3066,將金別買山尋,1
3067,金別買山尋花,1
3068,別買山尋花不,1
3069,買山尋花不問,1
3070,山尋花不問春,1
3071,尋花不問春深,1
3072,花不問春深淺,1
3073,不問春深淺縱,1
3074,問春深淺縱是,1
3075,春深淺縱是殘,1
3076,深淺縱是殘紅,1
3077,淺縱是殘紅也,1
3078,縱是殘紅也入,1
3079,是殘紅也入詩,1
3080,殘紅也入詩每,1
3081,紅也入詩每個,1
3082,也入詩每個樹,1
3083,入詩每個樹邊,1
3084,詩每個樹邊行,1
3085,每個樹邊行一,1
3086,個樹邊行一匝,1
3087,樹邊行一匝誰,1
3088,邊行一匝誰家,1
3089,行一匝誰家園,1
3090,一匝誰家園裏,1
3091,匝誰家園裏最,1
3092,誰家園裏最多,1
3093,家園裏最多時,1
3094,園裏最多時憶,1
3095,裏最多時憶昔,1
3096,最多時憶昔兩,1
3097,多時憶昔兩京,1
3098,時憶昔兩京官,1
3099,憶昔兩京官道,1
3100,昔兩京官道上,1
3101,兩京官道上可,1
3102,京官道上可憐,1
3103,官道上可憐桃,1
3104,道上可憐桃李,1
3105,上可憐桃李晝,1
3106,可憐桃李晝陰,1
3107,憐桃李晝陰垂,1
3108,桃李晝陰垂不,1
3109,李晝陰垂不知,1
3110,晝陰垂不知誰,1
3111,陰垂不知誰作,1
3112,垂不知誰作巡,1
3113,不知誰作巡花,1
3114,知誰作巡花使,1
3115,誰作巡花使空,1
3116,作巡花使空記,1
3117,巡花使空記玄,1
3118,花使空記玄宗,1
3119,使空記玄宗遣,1
3120,空記玄宗遣種,1
3121,記玄宗遣種時,1
3122,玄宗遣種時蘆,1
3123,宗遣種時蘆葦,1
3124,遣種時蘆葦聲,1
3125,種時蘆葦聲多,1
3126,時蘆葦聲多雁,1
3127,蘆葦聲多雁滿,1
3128,葦聲多雁滿陂,1
3129,聲多雁滿陂濕,1
3130,多雁滿陂濕雲,1
3131,雁滿陂濕雲連,1
3132,滿陂濕雲連野,1
3133,陂濕雲連野見,1
3134,濕雲連野見山,1
3135,雲連野見山稀,1
3136,連野見山稀遙,1
3137,野見山稀遙知,1
3138,見山稀遙知將,1
3139,山稀遙知將吏,1
3140,稀遙知將吏相,1
3141,遙知將吏相逢,1
3142,知將吏相逢處,1
3143,將吏相逢處半,1
3144,吏相逢處半是,1
3145,相逢處半是春,1
3146,逢處半是春城,1
3147,處半是春城賀,1
3148,半是春城賀雪,1
3149,是春城賀雪歸,1
3150,春城賀雪歸日,1
3151,城賀雪歸日日,1
3152,賀雪歸日日恐,1
3153,雪歸日日恐無,1
3154,歸日日恐無雲,1
3155,日日恐無雲可,1
3156,日恐無雲可望,1
3157,恐無雲可望不,1
3158,無雲可望不辭,1
3159,雲可望不辭逐,1
3160,可望不辭逐靜,1
3161,望不辭逐靜望,1
3162,不辭逐靜望來,1
3163,辭逐靜望來頻,1
3164,逐靜望來頻共,1
3165,靜望來頻共知,1
3166,望來頻共知亭,1
3167,來頻共知亭下,1
3168,頻共知亭下眠,1
3169,共知亭下眠雲,1
3170,知亭下眠雲遠,1
3171,亭下眠雲遠解,1
3172,下眠雲遠解到,1
3173,眠雲遠解到上,1
3174,雲遠解到上頭,1
3175,遠解到上頭能,1
3176,解到上頭能幾,1
3177,到上頭能幾人,1
3178,上頭能幾人蟲,1
3179,頭能幾人蟲聲,1
3180,能幾人蟲聲已,1
3181,幾人蟲聲已盡,1
3182,人蟲聲已盡菊,1
3183,蟲聲已盡菊花,1
3184,聲已盡菊花幹,1
3185,已盡菊花幹共,1
3186,盡菊花幹共立,1
3187,菊花幹共立松,1
3188,花幹共立松陰,1
3189,幹共立松陰向,1
3190,共立松陰向晚,1
3191,立松陰向晚寒,1
3192,松陰向晚寒對,1
3193,陰向晚寒對酒,1
3194,向晚寒對酒看,1
3195,晚寒對酒看山,1
3196,寒對酒看山俱,1
3197,對酒看山俱惜,1
3198,酒看山俱惜去,1
3199,看山俱惜去不,1
3200,山俱惜去不知,1
3201,俱惜去不知斜,1
3202,惜去不知斜月,1
3203,去不知斜月下,1
3204,不知斜月下欄,1
3205,知斜月下欄幹,1
3206,斜月下欄幹科,1
3207,月下欄幹科名,1
3208,下欄幹科名再,1
3209,欄幹科名再得,1
3210,幹科名再得年,1
3211,科名再得年猶,1
3212,名再得年猶少,1
3213,再得年猶少今,1
3214,得年猶少今日,1
3215,年猶少今日休,1
3216,猶少今日休官,1
3217,少今日休官更,1
3218,今日休官更覺,1
3219,日休官更覺賢,1
3220,休官更覺賢去,1
3221,官更覺賢去國,1
3222,更覺賢去國已,1
3223,覺賢去國已辭,1
3224,賢去國已辭趨,1
3225,去國已辭趨府,1
3226,國已辭趨府伴,1
3227,已辭趨府伴向,1
3228,辭趨府伴向家,1
3229,趨府伴向家還,1
3230,府伴向家還入,1
3231,伴向家還入渡,1
3232,向家還入渡江,1
3233,家還入渡江船,1
3234,還入渡江船雪,1
3235,入渡江船雪晴,1
3236,渡江船雪晴新,1
3237,江船雪晴新雁,1
3238,船雪晴新雁斜,1
3239,雪晴新雁斜行,1
3240,晴新雁斜行出,1
3241,新雁斜行出潮,1
3242,雁斜行出潮落,1
3243,斜行出潮落殘,1
3244,行出潮落殘雲,1
3245,出潮落殘雲遠,1
3246,潮落殘雲遠色,1
3247,落殘雲遠色鮮,1
3248,殘雲遠色鮮在,1
3249,雲遠色鮮在處,1
3250,遠色鮮在處若,1
3251,色鮮在處若逢,1
3252,鮮在處若逢山,1
3253,在處若逢山水,1
3254,處若逢山水住,1
3255,若逢山水住到,1
3256,逢山水住到時,1
3257,山水住到時應,1
3258,水住到時應不,1
3259,住到時應不及,1
3260,到時應不及秋,1
3261,時應不及秋前,1
3262,應不及秋前語,1
3263,不及秋前語低,1
3264,及秋前語低清,1
3265,秋前語低清貌,1
3266,前語低清貌似,1
3267,語低清貌似休,1
3268,低清貌似休糧,1
3269,清貌似休糧稱,1
3270,貌似休糧稱著,1
3271,似休糧稱著朱,1
3272,休糧稱著朱衣,1
3273,糧稱著朱衣入,1
3274,稱著朱衣入草,1
3275,著朱衣入草堂,1
3276,朱衣入草堂銷,1
3277,衣入草堂銷暑,1
3278,入草堂銷暑近,1
3279,草堂銷暑近來,1
3280,堂銷暑近來無,1
3281,銷暑近來無別,1
3282,暑近來無別物,1
3283,近來無別物桂,1
3284,來無別物桂陰,1
3285,無別物桂陰當,1
3286,別物桂陰當午,1
3287,物桂陰當午滿,1
3288,桂陰當午滿繩,1
3289,陰當午滿繩床,1
3290,當午滿繩床杖,1
3291,午滿繩床杖屨,1
3292,滿繩床杖屨相,1
3293,繩床杖屨相隨,1
3294,床杖屨相隨任,1
3295,杖屨相隨任處,1
3296,屨相隨任處便,1
3297,相隨任處便不,1
3298,隨任處便不唯,1
3299,任處便不唯空,1
3300,處便不唯空寄,1
3301,便不唯空寄上,1
3302,不唯空寄上方,1
3303,唯空寄上方眠,1
3304,空寄上方眠歸,1
3305,寄上方眠歸時,1
3306,上方眠歸時亦,1
3307,方眠歸時亦取,1
3308,眠歸時亦取湖,1
3309,歸時亦取湖邊,1
3310,時亦取湖邊路,1
3311,亦取湖邊路晚,1
3312,取湖邊路晚映,1
3313,湖邊路晚映楓,1
3314,邊路晚映楓林,1
3315,路晚映楓林共,1
3316,晚映楓林共上,1
3317,映楓林共上船,1
3318,楓林共上船吟,1
3319,林共上船吟背,1
3320,共上船吟背春,1
3321,上船吟背春城,1
3322,船吟背春城出,1
3323,吟背春城出草,1
3324,背春城出草遲,1
3325,春城出草遲天,1
3326,城出草遲天晴,1
3327,出草遲天晴紫,1
3328,草遲天晴紫閣,1
3329,遲天晴紫閣赴,1
3330,天晴紫閣赴僧,1
3331,晴紫閣赴僧期,1
3332,紫閣赴僧期山,1
3333,閣赴僧期山邊,1
3334,赴僧期山邊樹,1
3335,僧期山邊樹下,1
3336,期山邊樹下行,1
3337,山邊樹下行人,1
3338,邊樹下行人少,1
3339,樹下行人少一,1
3340,下行人少一派,1
3341,行人少一派新,1
3342,人少一派新泉,1
3343,少一派新泉日,1
3344,一派新泉日午,1
3345,派新泉日午時,1
3346,新泉日午時更,1
3347,泉日午時更無,1
3348,日午時更無人,1
3349,午時更無人吏,1
3350,時更無人吏在,1
3351,更無人吏在門,1
3352,無人吏在門前,1
3353,人吏在門前不,1
3354,吏在門前不似,1
3355,在門前不似居,1
3356,門前不似居官,1
3357,前不似居官似,1
3358,不似居官似學,1
3359,似居官似學仙,1
3360,居官似學仙藥,1
3361,官似學仙藥氣,1
3362,似學仙藥氣暗,1
3363,學仙藥氣暗侵,1
3364,仙藥氣暗侵朝,1
3365,藥氣暗侵朝服,1
3366,氣暗侵朝服上,1
3367,暗侵朝服上花,1
3368,侵朝服上花陰,1
3369,朝服上花陰晚,1
3370,服上花陰晚到,1
3371,上花陰晚到簿,1
3372,花陰晚到簿書,1
3373,陰晚到簿書邊,1
3374,晚到簿書邊玉,1
3375,到簿書邊玉琴,1
3376,簿書邊玉琴閑,1
3377,書邊玉琴閑把,1
3378,邊玉琴閑把看,1
3379,玉琴閑把看山,1
3380,琴閑把看山坐,1
3381,閑把看山坐筒,1
3382,把看山坐筒簟,1
3383,看山坐筒簟長,1
3384,山坐筒簟長鋪,1
3385,坐筒簟長鋪與,1
3386,筒簟長鋪與客,1
3387,簟長鋪與客眠,1
3388,長鋪與客眠時,1
3389,鋪與客眠時見,1
3390,與客眠時見街,1
3391,客眠時見街中,1
3392,眠時見街中騎,1
3393,時見街中騎瘦,1
3394,見街中騎瘦馬,1
3395,街中騎瘦馬低,1
3396,中騎瘦馬低頭,1
3397,騎瘦馬低頭只,1
3398,瘦馬低頭只是,1
3399,馬低頭只是為,1
3400,低頭只是為詩,1
3401,頭只是為詩篇,1
3402,只是為詩篇唯,1
3403,是為詩篇唯愛,1
3404,為詩篇唯愛圖,1
3405,詩篇唯愛圖書,1
3406,篇唯愛圖書兼,1
3407,唯愛圖書兼古,1
3408,愛圖書兼古器,1
3409,圖書兼古器在,1
3410,書兼古器在官,1
3411,兼古器在官猶,1
3412,古器在官猶自,1
3413,器在官猶自未,1
3414,在官猶自未離,1
3415,官猶自未離貧,1
3416,猶自未離貧更,1
3417,自未離貧更聞,1
3418,未離貧更聞縣,1
3419,離貧更聞縣去,1
3420,貧更聞縣去青,1
3421,更聞縣去青山,1
3422,聞縣去青山近,1
3423,縣去青山近稱,1
3424,去青山近稱與,1
3425,青山近稱與詩,1
3426,山近稱與詩人,1
3427,近稱與詩人作,1
3428,稱與詩人作主,1
3429,與詩人作主人,1
3430,詩人作主人尋,1
3431,人作主人尋僧,1
3432,作主人尋僧昨,1
3433,主人尋僧昨日,1
3434,人尋僧昨日尚,1
3435,尋僧昨日尚相,1
3436,僧昨日尚相隨,1
3437,昨日尚相隨忽,1
3438,日尚相隨忽見,1
3439,尚相隨忽見緋,1
3440,相隨忽見緋幡,1
3441,隨忽見緋幡意,1
3442,忽見緋幡意可,1
3443,見緋幡意可知,1
3444,緋幡意可知題,1
3445,幡意可知題處,1
3446,意可知題處舊,1
3447,可知題處舊詩,1
3448,知題處舊詩休,1
3449,題處舊詩休更,1
3450,處舊詩休更讀,1
3451,舊詩休更讀買,1
3452,詩休更讀買來,1
3453,休更讀買來新,1
3454,更讀買來新馬,1
3455,讀買來新馬憶,1
3456,買來新馬憶曾,1
3457,來新馬憶曾騎,1
3458,新馬憶曾騎不,1
3459,馬憶曾騎不應,1
3460,憶曾騎不應隨,1
3461,曾騎不應隨分,1
3462,騎不應隨分空,1
3463,不應隨分空營,1
3464,應隨分空營奠,1
3465,隨分空營奠終,1
3466,分空營奠終擬,1
3467,空營奠終擬求,1
3468,營奠終擬求人,1
3469,奠終擬求人與,1
3470,終擬求人與立,1
3471,擬求人與立碑,1
3472,求人與立碑每,1
3473,人與立碑每向,1
3474,與立碑每向宣,1
3475,立碑每向宣陽,1
3476,碑每向宣陽裏,1
3477,每向宣陽裏中,1
3478,向宣陽裏中過,1
3479,宣陽裏中過遙,1
3480,陽裏中過遙聞,1
3481,裏中過遙聞哭,1
3482,中過遙聞哭臨,1
3483,過遙聞哭臨淚,1
3484,遙聞哭臨淚先,1
3485,聞哭臨淚先垂,1
3486,哭臨淚先垂詩,1
3487,臨淚先垂詩人,1
3488,淚先垂詩人甘,1
3489,先垂詩人甘寂,1
3490,垂詩人甘寂寞,1
3491,詩人甘寂寞居,1
3492,人甘寂寞居處,1
3493,甘寂寞居處遍,1
3494,寂寞居處遍蒼,1
3495,寞居處遍蒼苔,1
3496,居處遍蒼苔後,1
3497,處遍蒼苔後夜,1
3498,遍蒼苔後夜蟾,1
3499,蒼苔後夜蟾光,1
3500,苔後夜蟾光滿,1
3501,後夜蟾光滿鄰,1
3502,夜蟾光滿鄰家,1
3503,蟾光滿鄰家樹,1
3504,光滿鄰家樹影,1
3505,滿鄰家樹影來,1
3506,鄰家樹影來豈,1
3507,家樹影來豈知,1
3508,樹影來豈知蓮,1
3509,影來豈知蓮帳,1
3510,來豈知蓮帳好,1
3511,豈知蓮帳好自,1
3512,知蓮帳好自愛,1
3513,蓮帳好自愛草,1
3514,帳好自愛草堂,1
3515,好自愛草堂開,1
3516,自愛草堂開願,1
3517,愛草堂開願答,1
3518,草堂開願答相,1
3519,堂開願答相思,1
3520,開願答相思意,1
3521,願答相思意援,1
3522,答相思意援毫,1
3523,相思意援毫愧,1
3524,思意援毫愧不,1
3525,意援毫愧不才,1
3526,援毫愧不才清,1
3527,毫愧不才清貌,1
3528,愧不才清貌淩,1
3529,不才清貌淩寒,1
3530,才清貌淩寒玉,1
3531,清貌淩寒玉朝,1
3532,貌淩寒玉朝來,1
3533,淩寒玉朝來拜,1
3534,寒玉朝來拜拾,1
3535,玉朝來拜拾遺,1
3536,朝來拜拾遺行,1
3537,來拜拾遺行承,1
3538,拜拾遺行承天,1
3539,拾遺行承天子,1
3540,遺行承天子詔,1
3541,行承天子詔去,1
3542,承天子詔去感,1
3543,天子詔去感主,1
3544,子詔去感主人,1
3545,詔去感主人知,1
3546,去感主人知劍,1
3547,感主人知劍佩,1
3548,主人知劍佩分,1
3549,人知劍佩分班,1
3550,知劍佩分班日,1
3551,劍佩分班日風,1
3552,佩分班日風霜,1
3553,分班日風霜獨,1
3554,班日風霜獨立,1
3555,日風霜獨立時,1
3556,風霜獨立時名,1
3557,霜獨立時名高,1
3558,獨立時名高住,1
3559,立時名高住不,1
3560,時名高住不得,1
3561,名高住不得非,1
3562,高住不得非與,1
3563,住不得非與九,1
3564,不得非與九霄,1
3565,得非與九霄期,1
3566,非與九霄期幹,1
3567,與九霄期幹上,1
3568,九霄期幹上非,1
3569,霄期幹上非無,1
3570,期幹上非無援,1
3571,幹上非無援才,1
3572,上非無援才多,1
3573,非無援才多卻,1
3574,無援才多卻累,1
3575,援才多卻累身,1
3576,才多卻累身雲,1
3577,多卻累身雲霄,1
3578,卻累身雲霄未,1
3579,累身雲霄未得,1
3580,身雲霄未得路,1
3581,雲霄未得路江,1
3582,霄未得路江海,1
3583,未得路江海作,1
3584,得路江海作閒,1
3585,路江海作閒人,1
3586,江海作閒人久,1
3587,海作閒人久別,1
3588,作閒人久別唯,1
3589,閒人久別唯謀,1
3590,人久別唯謀道,1
3591,久別唯謀道相,1
3592,別唯謀道相逢,1
3593,唯謀道相逢不,1
3594,謀道相逢不話,1
3595,道相逢不話貧,1
3596,相逢不話貧行,1
3597,逢不話貧行藏,1
3598,不話貧行藏一,1
3599,話貧行藏一如,1
3600,貧行藏一如此,1
3601,行藏一如此可,1
3602,藏一如此可便,1
3603,一如此可便老,1
3604,如此可便老風,1
3605,此可便老風塵,1
3606,可便老風塵夏,1
3607,便老風塵夏滿,1
3608,老風塵夏滿隨,1
3609,風塵夏滿隨所,1
3610,塵夏滿隨所適,1
3611,夏滿隨所適江,1
3612,滿隨所適江湖,1
3613,隨所適江湖非,1
3614,所適江湖非系,1
3615,適江湖非系緣,1
3616,江湖非系緣卷,1
3617,湖非系緣卷經,1
3618,非系緣卷經離,1
3619,系緣卷經離嶠,1
3620,緣卷經離嶠寺,1
3621,卷經離嶠寺隔,1
3622,經離嶠寺隔葦,1
3623,離嶠寺隔葦上,1
3624,嶠寺隔葦上秋,1
3625,寺隔葦上秋船,1
3626,隔葦上秋船水,1
3627,葦上秋船水落,1
3628,上秋船水落無,1
3629,秋船水落無風,1
3630,船水落無風夜,1
3631,落無風夜猿啼,1
3632,無風夜猿啼欲,1
3633,風夜猿啼欲雨,1
3634,夜猿啼欲雨天,1
3635,猿啼欲雨天石,1
3636,啼欲雨天石門,1
3637,欲雨天石門期,1
3638,雨天石門期獨,1
3639,天石門期獨往,1
3640,石門期獨往謝,1
3641,門期獨往謝守,1
3642,期獨往謝守有,1
3643,獨往謝守有遺,1
3644,往謝守有遺篇,1
3645,謝守有遺篇夢,1
3646,守有遺篇夢後,1
3647,有遺篇夢後何,1
3648,遺篇夢後何人,1
3649,篇夢後何人見,1
3650,夢後何人見孤,1
3651,後何人見孤亭,1
3652,何人見孤亭似,1
3653,人見孤亭似舊,1
3654,見孤亭似舊時,1
3655,孤亭似舊時褰,1
3656,亭似舊時褰開,1
3657,似舊時褰開誠,1
3658,舊時褰開誠得,1
3659,時褰開誠得地,1
3660,褰開誠得地冥,1
3661,開誠得地冥感,1
3662,誠得地冥感竟,1
3663,得地冥感竟因,1
3664,地冥感竟因詩,1
3665,冥感竟因詩不,1
3666,感竟因詩不往,1
3667,竟因詩不往過,1
3668,因詩不往過應,1
3669,詩不往過應少,1
3670,不往過應少悲,1
3671,往過應少悲來,1
3672,過應少悲來下,1
3673,應少悲來下獨,1
3674,少悲來下獨遲,1
3675,悲來下獨遲顧,1
3676,來下獨遲顧慚,1
3677,下獨遲顧慚非,1
3678,獨遲顧慚非謝,1
3679,遲顧慚非謝客,1
3680,顧慚非謝客靈,1
3681,慚非謝客靈貺,1
3682,非謝客靈貺杳,1
3683,謝客靈貺杳難,1
3684,客靈貺杳難追,1
3685,靈貺杳難追孤,1
3686,貺杳難追孤亭,1
3687,杳難追孤亭臨,1
3688,難追孤亭臨絕,1
3689,追孤亭臨絕岸,1
3690,孤亭臨絕岸猿,1
3691,亭臨絕岸猿鳥,1
3692,臨絕岸猿鳥識,1
3693,絕岸猿鳥識幽,1
3694,岸猿鳥識幽蹊,1
3695,猿鳥識幽蹊花,1
3696,鳥識幽蹊花落,1
3697,識幽蹊花落曾,1
3698,幽蹊花落曾誰,1
3699,蹊花落曾誰到,1
3700,花落曾誰到詩,1
3701,落曾誰到詩成,1
3702,曾誰到詩成獨,1
3703,誰到詩成獨未,1
3704,到詩成獨未題,1
3705,詩成獨未題潮,1
3706,成獨未題潮痕,1
3707,獨未題潮痕經,1
3708,未題潮痕經雨,1
3709,題潮痕經雨在,1
3710,潮痕經雨在石,1
3711,痕經雨在石筍,1
3712,經雨在石筍與,1
3713,雨在石筍與杉,1
3714,在石筍與杉齊,1
3715,石筍與杉齊謝,1
3716,筍與杉齊謝守,1
3717,與杉齊謝守便,1
3718,杉齊謝守便登,1
3719,齊謝守便登陟,1
3720,謝守便登陟秋,1
3721,守便登陟秋來,1
3722,便登陟秋來屐,1
3723,登陟秋來屐齒,1
3724,陟秋來屐齒低,1
3725,秋來屐齒低澤,1
3726,來屐齒低澤潞,1
3727,屐齒低澤潞西,1
3728,齒低澤潞西邊,1
3729,低澤潞西邊路,1
3730,澤潞西邊路蘭,1
3731,潞西邊路蘭橈,1
3732,西邊路蘭橈北,1
3733,邊路蘭橈北去,1
3734,路蘭橈北去人,1
3735,蘭橈北去人出,1
3736,橈北去人出門,1
3737,北去人出門誰,1
3738,去人出門誰恨,1
3739,人出門誰恨別,1
3740,出門誰恨別投,1
3741,門誰恨別投分,1
3742,誰恨別投分不,1
3743,恨別投分不緣,1
3744,別投分不緣貧,1
3745,投分不緣貧杯,1
3746,分不緣貧杯酒,1
3747,不緣貧杯酒從,1
3748,緣貧杯酒從年,1
3749,貧杯酒從年少,1
3750,杯酒從年少知,1
3751,酒從年少知音,1
3752,從年少知音在,1
3753,年少知音在日,1
3754,少知音在日新,1
3755,知音在日新東,1
3756,音在日新東湖,1
3757,在日新東湖發,1
3758,日新東湖發詩,1
3759,新東湖發詩意,1
3760,東湖發詩意夏,1
3761,湖發詩意夏卉,1
3762,發詩意夏卉竟,1
3763,詩意夏卉竟如,1
3764,意夏卉竟如春,1
3765,夏卉竟如春四,1
3766,卉竟如春四望,1
3767,竟如春四望非,1
3768,如春四望非人,1
3769,春四望非人境,1
3770,四望非人境從,1
3771,望非人境從前,1
3772,非人境從前洞,1
3773,人境從前洞穴,1
3774,境從前洞穴深,1
3775,從前洞穴深潭,1
3776,前洞穴深潭清,1
3777,洞穴深潭清蒲,1
3778,穴深潭清蒲遠,1
3779,深潭清蒲遠岸,1
3780,潭清蒲遠岸嵐,1
3781,清蒲遠岸嵐積,1
3782,蒲遠岸嵐積樹,1
3783,遠岸嵐積樹無,1
3784,岸嵐積樹無陰,1
3785,嵐積樹無陰看,1
3786,積樹無陰看草,1
3787,樹無陰看草初,1
3788,無陰看草初移,1
3789,陰看草初移屐,1
3790,看草初移屐捫,1
3791,草初移屐捫蘿,1
3792,初移屐捫蘿忽,1
3793,移屐捫蘿忽並,1
3794,屐捫蘿忽並簪,1
3795,捫蘿忽並簪世,1
3796,蘿忽並簪世嫌,1
3797,忽並簪世嫌山,1
3798,並簪世嫌山水,1
3799,簪世嫌山水僻,1
3800,誰伴謝公吟風,1
3801,伴謝公吟風亭,1
3802,謝公吟風亭弦,1
3803,公吟風亭弦管,1
3804,吟風亭弦管絕,1
3805,風亭弦管絕玉,1
3806,亭弦管絕玉漏,1
3807,弦管絕玉漏一,1
3808,管絕玉漏一聲,1
3809,絕玉漏一聲新,1
3810,玉漏一聲新綠,1
3811,漏一聲新綠茗,1
3812,一聲新綠茗香,1
3813,聲新綠茗香醒,1
3814,新綠茗香醒酒,1
3815,綠茗香醒酒寒,1
3816,茗香醒酒寒燈,1
3817,香醒酒寒燈靜,1
3818,醒酒寒燈靜照,1
3819,酒寒燈靜照人,1
3820,寒燈靜照人清,1
3821,燈靜照人清班,1
3822,靜照人清班無,1
3823,照人清班無意,1
3824,人清班無意戀,1
3825,清班無意戀素,1
3826,班無意戀素業,1
3827,無意戀素業本,1
3828,意戀素業本來,1
3829,戀素業本來貧,1
3830,素業本來貧明,1
3831,業本來貧明發,1
3832,本來貧明發青,1
3833,來貧明發青山,1
3834,貧明發青山道,1
3835,明發青山道誰,1
3836,發青山道誰逢,1
3837,青山道誰逢去,1
3838,山道誰逢去馬,1
3839,道誰逢去馬塵,1
3840,誰逢去馬塵能,1
3841,逢去馬塵能得,1
3842,去馬塵能得從,1
3843,馬塵能得從軍,1
3844,塵能得從軍清,1
3845,能得從軍清嬴,1
3846,得從軍清嬴綺,1
3847,從軍清嬴綺羅,1
3848,軍清嬴綺羅徒,1
3849,清嬴綺羅徒滿,1
3850,嬴綺羅徒滿目,1
3851,綺羅徒滿目山,1
3852,羅徒滿目山水,1
3853,徒滿目山水不,1
3854,滿目山水不離,1
3855,目山水不離心,1
3856,山水不離心暫,1
3857,水不離心暫別,1
3858,不離心暫別愁,1
3859,離心暫別愁花,1
3860,心暫別愁花老,1
3861,暫別愁花老相,1
3862,別愁花老相思,1
3863,愁花老相思倚,1
3864,花老相思倚竹,1
3865,老相思倚竹陰,1
3866,相思倚竹陰家,1
3867,思倚竹陰家貧,1
3868,倚竹陰家貧無,1
3869,竹陰家貧無以,1
3870,陰家貧無以養,1
3871,家貧無以養未,1
3872,貧無以養未可,1
3873,無以養未可話,1
3874,以養未可話抽,1
3875,養未可話抽簪,1
3876,未可話抽簪識,1
3877,可話抽簪識來,1
3878,話抽簪識來無,1
3879,抽簪識來無定,1
3880,簪識來無定居,1
3881,識來無定居此,1
3882,來無定居此去,1
3883,無定居此去複,1
3884,定居此去複何,1
3885,居此去複何如,1
3886,此去複何如一,1
3887,去複何如一與,1
3888,複何如一與耕,1
3889,何如一與耕者,1
3890,如一與耕者遇,1
3891,一與耕者遇轉,1
3892,與耕者遇轉將,1
3893,耕者遇轉將朝,1
3894,者遇轉將朝客,1
3895,遇轉將朝客疏,1
3896,轉將朝客疏資,1
3897,將朝客疏資身,1
3898,朝客疏資身唯,1
3899,客疏資身唯藥,1
3900,疏資身唯藥草,1
3901,資身唯藥草教,1
3902,身唯藥草教子,1
3903,唯藥草教子但,1
3904,藥草教子但詩,1
3905,草教子但詩書,1
3906,教子但詩書曾,1
3907,子但詩書曾許,1
3908,但詩書曾許黃,1
3909,詩書曾許黃庭,1
3910,書曾許黃庭本,1
3911,曾許黃庭本斯,1
3912,許黃庭本斯言,1
3913,黃庭本斯言豈,1
3914,庭本斯言豈合,1
3915,本斯言豈合虛,1
3916,斯言豈合虛山,1
3917,言豈合虛山深,1
3918,豈合虛山深雲,1
3919,合虛山深雲景,1
3920,虛山深雲景別,1
3921,山深雲景別有,1
3922,深雲景別有寺,1
3923,雲景別有寺亦,1
3924,景別有寺亦堪,1
3925,別有寺亦堪過,1
3926,有寺亦堪過才,1
3927,寺亦堪過才子,1
3928,亦堪過才子將,1
3929,堪過才子將迎,1
3930,過才子將迎遠,1
3931,才子將迎遠林,1
3932,子將迎遠林僧,1
3933,將迎遠林僧氣,1
3934,迎遠林僧氣性,1
3935,遠林僧氣性和,1
3936,林僧氣性和潭,1
3937,僧氣性和潭清,1
3938,氣性和潭清蒲,1
3939,性和潭清蒲影,1
3940,和潭清蒲影定,1
3941,潭清蒲影定松,1
3942,清蒲影定松老,1
3943,蒲影定松老鶴,1
3944,影定松老鶴聲,1
3945,定松老鶴聲多,1
3946,松老鶴聲多豈,1
3947,老鶴聲多豈不,1
3948,鶴聲多豈不思,1
3949,聲多豈不思公,1
3950,多豈不思公府,1
3951,豈不思公府其,1
3952,不思公府其如,1
3953,思公府其如野,1
3954,公府其如野興,1
3955,府其如野興何,1
3956,其如野興何清,1
3957,如野興何清貌,1
3958,野興何清貌不,1
3959,興何清貌不識,1
3960,何清貌不識睡,1
3961,清貌不識睡見,1
3962,貌不識睡見來,1
3963,不識睡見來嘗,1
3964,識睡見來嘗苦,1
3965,睡見來嘗苦吟,1
3966,見來嘗苦吟風,1
3967,來嘗苦吟風塵,1
3968,嘗苦吟風塵歸,1
3969,苦吟風塵歸省,1
3970,吟風塵歸省日,1
3971,風塵歸省日江,1
3972,塵歸省日江海,1
3973,歸省日江海寄,1
3974,省日江海寄家,1
3975,日江海寄家心,1
3976,江海寄家心與,1
3977,海寄家心與鶴,1
3978,寄家心與鶴期,1
3979,家心與鶴期前,1
3980,心與鶴期前島,1
3981,與鶴期前島隨,1
3982,鶴期前島隨僧,1
3983,期前島隨僧過,1
3984,前島隨僧過遠,1
3985,島隨僧過遠林,1
3986,隨僧過遠林相,1
3987,僧過遠林相于,1
3988,過遠林相于竟,1
3989,遠林相于竟何,1
3990,林相于竟何事,1
3991,相于竟何事無,1
3992,于竟何事無語,1
3993,竟何事無語與,1
3994,何事無語與知,1
3995,事無語與知音,1
3996,無語與知音粉,1
3997,語與知音粉壁,1
3998,與知音粉壁通,1
3999,知音粉壁通蓮,1
4000,音粉壁通蓮徑,1
4001,粉壁通蓮徑扁,1
4002,壁通蓮徑扁舟,1
4003,通蓮徑扁舟到,1
4004,蓮徑扁舟到不,1
4005,徑扁舟到不迷,1
4006,扁舟到不迷葦,1
4007,舟到不迷葦聲,1
4008,到不迷葦聲過,1
4009,不迷葦聲過枕,1
4010,迷葦聲過枕上,1
4011,葦聲過枕上湖,1
4012,聲過枕上湖色,1
4013,過枕上湖色滿,1
4014,枕上湖色滿窗,1
4015,上湖色滿窗西,1
4016,湖色滿窗西但,1
4017,色滿窗西但見,1
4018,滿窗西但見修,1
4019,窗西但見修行,1
4020,西但見修行苦,1
4021,但見修行苦誰,1
4022,見修行苦誰論,1
4023,修行苦誰論夏,1
4024,行苦誰論夏臘,1
4025,苦誰論夏臘低,1
4026,誰論夏臘低閑,1
4027,論夏臘低閑看,1
4028,夏臘低閑看種,1
4029,臘低閑看種來,1
4030,低閑看種來樹,1
4031,閑看種來樹已,1
4032,看種來樹已覺,1
4033,種來樹已覺與,1
4034,來樹已覺與身,1
4035,樹已覺與身齊,1
4036,已覺與身齊五,1
4037,覺與身齊五城,1
4038,與身齊五城初,1
4039,身齊五城初罷,1
4040,齊五城初罷講,1
4041,五城初罷講海,1
4042,城初罷講海上,1
4043,初罷講海上憶,1
4044,罷講海上憶閑,1
4045,講海上憶閑行,1
4046,海上憶閑行觸,1
4047,上憶閑行觸雪,1
4048,憶閑行觸雪麻,1
4049,閑行觸雪麻衣,1
4050,行觸雪麻衣靜,1
4051,觸雪麻衣靜登,1
4052,雪麻衣靜登山,1
4053,麻衣靜登山竹,1
4054,衣靜登山竹錫,1
4055,靜登山竹錫輕,1
4056,登山竹錫輕天,1
4057,山竹錫輕天寒,1
4058,竹錫輕天寒嶽,1
4059,錫輕天寒嶽寺,1
4060,輕天寒嶽寺出,1
4061,天寒嶽寺出日,1
4062,寒嶽寺出日晚,1
4063,嶽寺出日晚島,1
4064,寺出日晚島泉,1
4065,出日晚島泉清,1
4066,日晚島泉清坐,1
4067,晚島泉清坐與,1
4068,島泉清坐與幽,1
4069,泉清坐與幽期,1
4070,清坐與幽期遇,1
4071,坐與幽期遇何,1
4072,與幽期遇何人,1
4073,幽期遇何人識,1
4074,期遇何人識此,1
4075,遇何人識此情,1
4076,何人識此情五,1
4077,人識此情五湖,1
4078,識此情五湖僧,1
4079,此情五湖僧獨,1
4080,情五湖僧獨往,1
4081,五湖僧獨往此,1
4082,湖僧獨往此去,1
4083,僧獨往此去與,1
4084,獨往此去與誰,1
4085,往此去與誰期,1
4086,此去與誰期興,1
4087,去與誰期興遠,1
4088,與誰期興遠常,1
4089,誰期興遠常憐,1
4090,期興遠常憐鶴,1
4091,興遠常憐鶴禪,1
4092,遠常憐鶴禪餘,1
4093,常憐鶴禪餘肯,1
4094,憐鶴禪餘肯廢,1
4095,鶴禪餘肯廢詩,1
4096,禪餘肯廢詩望,1
4097,餘肯廢詩望雲,1
4098,肯廢詩望雲回,1
4099,廢詩望雲回寺,1
4100,詩望雲回寺晚,1
4101,望雲回寺晚為,1
4102,雲回寺晚為講,1
4103,回寺晚為講到,1
4104,寺晚為講到城,1
4105,晚為講到城遲,1
4106,為講到城遲還,1
4107,講到城遲還想,1
4108,到城遲還想安,1
4109,城遲還想安居,1
4110,遲還想安居日,1
4111,還想安居日應,1
4112,想安居日應當,1
4113,安居日應當後,1
4114,居日應當後夏,1
4115,日應當後夏時,1
4116,應當後夏時半,1
4117,當後夏時半似,1
4118,後夏時半似無,1
4119,夏時半似無名,1
4120,時半似無名位,1
4121,半似無名位門,1
4122,似無名位門當,1
4123,無名位門當靜,1
4124,名位門當靜處,1
4125,位門當靜處開,1
4126,門當靜處開人,1
4127,當靜處開人心,1
4128,靜處開人心皆,1
4129,處開人心皆向,1
4130,開人心皆向德,1
4131,人心皆向德物,1
4132,心皆向德物色,1
4133,皆向德物色不,1
4134,向德物色不供,1
4135,德物色不供才,1
4136,物色不供才酒,1
4137,色不供才酒興,1
4138,不供才酒興春,1
4139,供才酒興春邊,1
4140,才酒興春邊過,1
4141,酒興春邊過軍,1
4142,興春邊過軍謀,1
4143,春邊過軍謀意,1
4144,邊過軍謀意外,1
4145,過軍謀意外來,1
4146,軍謀意外來取,1
4147,謀意外來取名,1
4148,意外來取名榮,1
4149,外來取名榮相,1
4150,來取名榮相府,1
4151,取名榮相府卻,1
4152,名榮相府卻慮,1
4153,榮相府卻慮詔,1
4154,相府卻慮詔書,1
4155,府卻慮詔書催,1
4156,卻慮詔書催舊,1
4157,慮詔書催舊隱,1
4158,詔書催舊隱縠,1
4159,書催舊隱縠溪,1
4160,催舊隱縠溪上,1
4161,舊隱縠溪上憶,1
4162,隱縠溪上憶歸,1
4163,縠溪上憶歸年,1
4164,溪上憶歸年已,1
4165,上憶歸年已深,1
4166,憶歸年已深學,1
4167,歸年已深學徒,1
4168,年已深學徒花,1
4169,已深學徒花下,1
4170,深學徒花下別,1
4171,學徒花下別鄉,1
4172,徒花下別鄉路,1
4173,花下別鄉路雪,1
4174,下別鄉路雪邊,1
4175,別鄉路雪邊尋,1
4176,鄉路雪邊尋騎,1
4177,路雪邊尋騎吏,1
4178,雪邊尋騎吏陪,1
4179,邊尋騎吏陪春,1
4180,尋騎吏陪春賞,1
4181,騎吏陪春賞江,1
4182,吏陪春賞江僧,1
4183,陪春賞江僧伴,1
4184,春賞江僧伴晚,1
4185,賞江僧伴晚吟,1
4186,江僧伴晚吟高,1
4187,僧伴晚吟高科,1
4188,伴晚吟高科如,1
4189,晚吟高科如在,1
4190,吟高科如在意,1
4191,高科如在意當,1
4192,科如在意當自,1
4193,如在意當自惜,1
4194,在意當自惜光,1
4195,意當自惜光陰,1
4196,當自惜光陰命,1
4197,自惜光陰命合,1
4198,惜光陰命合終,1
4199,光陰命合終山,1
4200,陰命合終山水,1
4201,命合終山水才,1
4202,合終山水才非,1
4203,終山水才非不,1
4204,山水才非不稱,1
4205,水才非不稱時,1
4206,才非不稱時塚,1
4207,非不稱時塚邊,1
4208,不稱時塚邊空,1
4209,稱時塚邊空有,1
4210,時塚邊空有樹,1
4211,塚邊空有樹身,1
4212,邊空有樹身後,1
4213,空有樹身後獨,1
4214,有樹身後獨無,1
4215,樹身後獨無兒,1
4216,身後獨無兒散,1
4217,後獨無兒散盡,1
4218,獨無兒散盡詩,1
4219,無兒散盡詩篇,1
4220,兒散盡詩篇本,1
4221,散盡詩篇本長,1
4222,盡詩篇本長存,1
4223,詩篇本長存道,1
4224,篇本長存道德,1
4225,本長存道德碑,1
4226,長存道德碑平,1
4227,存道德碑平生,1
4228,道德碑平生誰,1
4229,德碑平生誰見,1
4230,碑平生誰見重,1
4231,平生誰見重應,1
4232,生誰見重應只,1
4233,誰見重應只是,1
4234,見重應只是王,1
4235,重應只是王維,1
4236,應只是王維青,1
4237,只是王維青冥,1
4238,是王維青冥通,1
4239,王維青冥通去,1
4240,維青冥通去路,1
4241,青冥通去路誰,1
4242,冥通去路誰見,1
4243,通去路誰見獨,1
4244,去路誰見獨隨,1
4245,路誰見獨隨緣,1
4246,誰見獨隨緣此,1
4247,見獨隨緣此地,1
4248,獨隨緣此地春,1
4249,隨緣此地春前,1
4250,緣此地春前別,1
4251,此地春前別何,1
4252,地春前別何山,1
4253,春前別何山夜,1
4254,前別何山夜後,1
4255,別何山夜後禪,1
4256,何山夜後禪石,1
4257,山夜後禪石橋,1
4258,夜後禪石橋隱,1
4259,後禪石橋隱深,1
4260,禪石橋隱深樹,1
4261,石橋隱深樹朱,1
4262,橋隱深樹朱闕,1
4263,隱深樹朱闕見,1
4264,深樹朱闕見晴,1
4265,樹朱闕見晴天,1
4266,朱闕見晴天好,1
4267,闕見晴天好是,1
4268,見晴天好是修,1
4269,晴天好是修行,1
4270,天好是修行處,1
4271,好是修行處師,1
4272,是修行處師當,1
4273,修行處師當住,1
4274,行處師當住幾,1
4275,處師當住幾年,1
4276,師當住幾年高,1
4277,當住幾年高人,1
4278,住幾年高人心,1
4279,幾年高人心易,1
4280,年高人心易足,1
4281,高人心易足三,1
4282,人心易足三表,1
4283,心易足三表乞,1
4284,易足三表乞身,1
4285,足三表乞身閑,1
4286,三表乞身閑與,1
4287,表乞身閑與世,1
4288,乞身閑與世長,1
4289,身閑與世長疏,1
4290,閑與世長疏索,1
4291,與世長疏索唯,1
4292,世長疏索唯僧,1
4293,長疏索唯僧得,1
4294,疏索唯僧得往,1
4295,索唯僧得往還,1
4296,唯僧得往還直,1
4297,僧得往還直聲,1
4298,得往還直聲留,1
4299,往還直聲留闕,1
4300,還直聲留闕下,1
4301,直聲留闕下生,1
4302,聲留闕下生事,1
4303,留闕下生事在,1
4304,闕下生事在林,1
4305,下生事在林間,1
4306,生事在林間時,1
4307,事在林間時複,1
4308,在林間時複逢,1
4309,林間時複逢清,1
4310,間時複逢清景,1
4311,時複逢清景乘,1
4312,複逢清景乘車,1
4313,逢清景乘車看,1
4314,清景乘車看遠,1
4315,景乘車看遠山,1
4316,乘車看遠山地,1
4317,車看遠山地裏,1
4318,看遠山地裏光,1
4319,遠山地裏光圖,1
4320,山地裏光圖讖,1
4321,地裏光圖讖樵,1
4322,裏光圖讖樵人,1
4323,光圖讖樵人共,1
4324,圖讖樵人共說,1
4325,讖樵人共說深,1
4326,樵人共說深悠,1
4327,人共說深悠然,1
4328,共說深悠然想,1
4329,說深悠然想高,1
4330,深悠然想高躅,1
4331,悠然想高躅坐,1
4332,然想高躅坐使,1
4333,想高躅坐使變,1
4334,高躅坐使變荒,1
4335,躅坐使變荒岑,1
4336,坐使變荒岑疏,1
4337,使變荒岑疏鑿,1
4338,變荒岑疏鑿因,1
4339,荒岑疏鑿因殊,1
4340,岑疏鑿因殊舊,1
4341,疏鑿因殊舊亭,1
4342,鑿因殊舊亭台,1
4343,因殊舊亭台亦,1
4344,殊舊亭台亦自,1
4345,舊亭台亦自今,1
4346,亭台亦自今靜,1
4347,台亦自今靜容,1
4348,亦自今靜容猿,1
4349,自今靜容猿暫,1
4350,今靜容猿暫下,1
4351,靜容猿暫下閑,1
4352,容猿暫下閑與,1
4353,猿暫下閑與鶴,1
4354,暫下閑與鶴同,1
4355,下閑與鶴同尋,1
4356,閑與鶴同尋轉,1
4357,與鶴同尋轉旆,1
4358,鶴同尋轉旆馴,1
4359,同尋轉旆馴禽,1
4360,尋轉旆馴禽起,1
4361,轉旆馴禽起褰,1
4362,旆馴禽起褰帷,1
4363,馴禽起褰帷瀑,1
4364,禽起褰帷瀑溜,1
4365,起褰帷瀑溜侵,1
4366,褰帷瀑溜侵石,1
4367,帷瀑溜侵石稀,1
4368,瀑溜侵石稀潭,1
4369,溜侵石稀潭見,1
4370,侵石稀潭見底,1
4371,石稀潭見底嵐,1
4372,稀潭見底嵐暗,1
4373,潭見底嵐暗樹,1
4374,見底嵐暗樹無,1
4375,底嵐暗樹無陰,1
4376,嵐暗樹無陰躋,1
4377,暗樹無陰躋險,1
4378,樹無陰躋險難,1
4379,無陰躋險難通,1
4380,陰躋險難通屐,1
4381,躋險難通屐攀,1
4382,險難通屐攀棲,1
4383,難通屐攀棲稱,1
4384,通屐攀棲稱抱,1
4385,屐攀棲稱抱琴,1
4386,攀棲稱抱琴雲,1
4387,棲稱抱琴雲風,1
4388,稱抱琴雲風開,1
4389,抱琴雲風開物,1
4390,琴雲風開物意,1
4391,雲風開物意潭,1
4392,風開物意潭水,1
4393,開物意潭水識,1
4394,物意潭水識人,1
4395,意潭水識人心,1
4396,潭水識人心攜,1
4397,水識人心攜榼,1
4398,識人心攜榼巡,1
4399,人心攜榼巡花,1
4400,心攜榼巡花遍,1
4401,攜榼巡花遍移,1
4402,榼巡花遍移舟,1
4403,巡花遍移舟惜,1
4404,花遍移舟惜景,1
4405,遍移舟惜景沈,1
4406,移舟惜景沈世,1
4407,舟惜景沈世嫌,1
4408,惜景沈世嫌山,1
4409,景沈世嫌山水,1
4410,沈世嫌山水僻,1
4411,誰伴謝公吟同,1
4412,伴謝公吟同是,1
4413,謝公吟同是越,1
4414,公吟同是越人,1
4415,吟同是越人從,1
4416,同是越人從小,1
4417,是越人從小別,1
4418,越人從小別忽,1
4419,人從小別忽歸,1
4420,從小別忽歸鄉,1
4421,小別忽歸鄉里,1
4422,別忽歸鄉里見,1
4423,忽歸鄉里見皆,1
4424,歸鄉里見皆驚,1
4425,鄉里見皆驚湖,1
4426,里見皆驚湖邊,1
4427,見皆驚湖邊訪,1
4428,皆驚湖邊訪舊,1
4429,驚湖邊訪舊知,1
4430,湖邊訪舊知誰,1
4431,邊訪舊知誰在,1
4432,訪舊知誰在幕,1
4433,舊知誰在幕下,1
4434,知誰在幕下留,1
4435,誰在幕下留歡,1
4436,在幕下留歡但,1
4437,幕下留歡但覺,1
4438,下留歡但覺榮,1
4439,留歡但覺榮望,1
4440,歡但覺榮望嶺,1
4441,但覺榮望嶺又,1
4442,覺榮望嶺又生,1
4443,榮望嶺又生紅,1
4444,望嶺又生紅槿,1
4445,嶺又生紅槿思,1
4446,又生紅槿思登,1
4447,生紅槿思登車,1
4448,紅槿思登車豈,1
4449,槿思登車豈倦,1
4450,思登車豈倦白,1
4451,登車豈倦白雲,1
4452,車豈倦白雲程,1
4453,豈倦白雲程況,1
4454,倦白雲程況當,1
4455,白雲程況當季,1
4456,雲程況當季父,1
4457,程況當季父承,1
4458,況當季父承恩,1
4459,當季父承恩日,1
4460,季父承恩日廉,1
4461,父承恩日廉問,1
4462,承恩日廉問南,1
4463,恩日廉問南州,1
4464,日廉問南州政,1
4465,廉問南州政已,1
4466,問南州政已成,1
4467,南州政已成坐,1
4468,州政已成坐將,1
4469,政已成坐將文,1
4470,已成坐將文教,1
4471,成坐將文教鎮,1
4472,坐將文教鎮藩,1
4473,將文教鎮藩維,1
4474,文教鎮藩維花,1
4475,教鎮藩維花滿,1
4476,鎮藩維花滿東,1
4477,藩維花滿東南,1
4478,維花滿東南聖,1
4479,花滿東南聖主,1
4480,滿東南聖主知,1
4481,東南聖主知公,1
4482,南聖主知公務,1
4483,聖主知公務肯,1
4484,主知公務肯容,1
4485,知公務肯容私,1
4486,公務肯容私暫,1
4487,務肯容私暫入,1
4488,肯容私暫入豐,1
4489,容私暫入豐年,1
4490,私暫入豐年長,1
4491,暫入豐年長與,1
4492,入豐年長與德,1
4493,豐年長與德相,1
4494,年長與德相隨,1
4495,長與德相隨無,1
4496,與德相隨無賢,1
4497,德相隨無賢不,1
4498,相隨無賢不是,1
4499,隨無賢不是朱,1
4500,無賢不是朱門,1
4501,賢不是朱門客,1
4502,不是朱門客有,1
4503,是朱門客有子,1
4504,朱門客有子皆,1
4505,門客有子皆如,1
4506,客有子皆如玉,1
4507,有子皆如玉樹,1
4508,子皆如玉樹枝,1
4509,皆如玉樹枝自,1
4510,如玉樹枝自愛,1
4511,玉樹枝自愛此,1
4512,樹枝自愛此身,1
4513,枝自愛此身居,1
4514,自愛此身居樂,1
4515,愛此身居樂土,1
4516,此身居樂土詠,1
4517,身居樂土詠歌,1
4518,居樂土詠歌林,1
4519,樂土詠歌林下,1
4520,土詠歌林下日,1
4521,詠歌林下日忘,1
4522,歌林下日忘疲,1
4523,林下日忘疲青,1
4524,下日忘疲青冥,1
4525,日忘疲青冥路,1
4526,忘疲青冥路口,1
4527,疲青冥路口絕,1
4528,青冥路口絕人,1
4529,冥路口絕人行,1
4530,路口絕人行獨,1
4531,口絕人行獨與,1
4532,絕人行獨與僧,1
4533,人行獨與僧期,1
4534,行獨與僧期上,1
4535,獨與僧期上赤,1
4536,與僧期上赤城,1
4537,僧期上赤城樹,1
4538,期上赤城樹列,1
4539,上赤城樹列煙,1
4540,赤城樹列煙嵐,1
4541,城樹列煙嵐春,1
4542,樹列煙嵐春更,1
4543,列煙嵐春更好,1
4544,煙嵐春更好溪,1
4545,嵐春更好溪藏,1
4546,春更好溪藏冰,1
4547,更好溪藏冰雪,1
4548,好溪藏冰雪夜,1
4549,溪藏冰雪夜偏,1
4550,藏冰雪夜偏明,1
4551,冰雪夜偏明空,1
4552,雪夜偏明空山,1
4553,夜偏明空山雉,1
4554,偏明空山雉雊,1
4555,明空山雉雊禾,1
4556,空山雉雊禾苗,1
4557,山雉雊禾苗短,1
4558,雉雊禾苗短野,1
4559,雊禾苗短野館,1
4560,禾苗短野館風,1
4561,苗短野館風來,1
4562,短野館風來竹,1
4563,野館風來竹氣,1
4564,館風來竹氣清,1
4565,風來竹氣清若,1
4566,來竹氣清若過,1
4567,竹氣清若過石,1
4568,氣清若過石橋,1
4569,清若過石橋看,1
4570,若過石橋看瀑,1
4571,過石橋看瀑布,1
4572,石橋看瀑布不,1
4573,橋看瀑布不妨,1
4574,看瀑布不妨高,1
4575,瀑布不妨高處,1
4576,布不妨高處便,1
4577,不妨高處便題,1
4578,妨高處便題名,1
4579,高處便題名春,1
4580,處便題名春堤,1
4581,便題名春堤一,1
4582,題名春堤一望,1
4583,名春堤一望思,1
4584,春堤一望思無,1
4585,堤一望思無涯,1
4586,一望思無涯樹,1
4587,望思無涯樹勢,1
4588,思無涯樹勢還,1
4589,無涯樹勢還同,1
4590,涯樹勢還同水,1
4591,樹勢還同水勢,1
4592,勢還同水勢斜,1
4593,還同水勢斜深,1
4594,同水勢斜深映,1
4595,水勢斜深映菰,1
4596,勢斜深映菰蒲,1
4597,斜深映菰蒲三,1
4598,深映菰蒲三十,1
4599,映菰蒲三十裏,1
4600,菰蒲三十裏晴,1
4601,蒲三十裏晴分,1
4602,三十裏晴分功,1
4603,十裏晴分功利,1
4604,裏晴分功利幾,1
4605,晴分功利幾千,1
4606,分功利幾千家,1
4607,功利幾千家謀,1
4608,利幾千家謀成,1
4609,幾千家謀成既,1
4610,千家謀成既不,1
4611,家謀成既不勞,1
4612,謀成既不勞人,1
4613,成既不勞人力,1
4614,既不勞人力境,1
4615,不勞人力境遠,1
4616,勞人力境遠偏,1
4617,人力境遠偏宜,1
4618,力境遠偏宜隔,1
4619,境遠偏宜隔浪,1
4620,遠偏宜隔浪花,1
4621,偏宜隔浪花若,1
4622,宜隔浪花若與,1
4623,隔浪花若與青,1
4624,浪花若與青山,1
4625,花若與青山長,1
4626,若與青山長作,1
4627,與青山長作固,1
4628,青山長作固汀,1
4629,山長作固汀洲,1
4630,長作固汀洲肯,1
4631,作固汀洲肯恨,1
4632,固汀洲肯恨柳,1
4633,汀洲肯恨柳絲,1
4634,洲肯恨柳絲遮,1
4635,肯恨柳絲遮麥,1
4636,恨柳絲遮麥風,1
4637,柳絲遮麥風吹,1
4638,絲遮麥風吹雨,1
4639,遮麥風吹雨正,1
4640,麥風吹雨正徘,1
4641,風吹雨正徘徊,1
4642,吹雨正徘徊忽,1
4643,雨正徘徊忽報,1
4644,正徘徊忽報書,1
4645,徘徊忽報書從,1
4646,徊忽報書從郡,1
4647,忽報書從郡閣,1
4648,報書從郡閣來,1
4649,書從郡閣來道,1
4650,從郡閣來道薄,1
4651,郡閣來道薄謬,1
4652,閣來道薄謬應,1
4653,來道薄謬應宗,1
4654,道薄謬應宗伯,1
4655,薄謬應宗伯選,1
4656,謬應宗伯選詩,1
4657,應宗伯選詩成,1
4658,宗伯選詩成徒,1
4659,伯選詩成徒費,1
4660,選詩成徒費謝,1
4661,詩成徒費謝公,1
4662,成徒費謝公才,1
4663,徒費謝公才九,1
4664,費謝公才九霄,1
4665,謝公才九霄示,1
4666,公才九霄示路,1
4667,才九霄示路空,1
4668,九霄示路空知,1
4669,霄示路空知感,1
4670,示路空知感十,1
4671,路空知感十上,1
4672,空知感十上驚,1
4673,知感十上驚魂,1
4674,感十上驚魂尚,1
4675,十上驚魂尚未,1
4676,上驚魂尚未回,1
4677,驚魂尚未回勝,1
4678,魂尚未回勝寄,1
4679,尚未回勝寄幸,1
4680,未回勝寄幸容,1
4681,回勝寄幸容溪,1
4682,勝寄幸容溪館,1
4683,寄幸容溪館宿,1
4684,幸容溪館宿龍,1
4685,容溪館宿龍鍾,1
4686,溪館宿龍鍾慚,1
4687,館宿龍鍾慚見,1
4688,宿龍鍾慚見妓,1
4689,龍鍾慚見妓筵,1
4690,鍾慚見妓筵開,1
4691,慚見妓筵開倘,1
4692,見妓筵開倘期,1
4693,妓筵開倘期霽,1
4694,筵開倘期霽後,1
4695,開倘期霽後陪,1
4696,倘期霽後陪新,1
4697,期霽後陪新興,1
4698,霽後陪新興一,1
4699,後陪新興一滴,1
4700,陪新興一滴還,1
4701,新興一滴還須,1
4702,興一滴還須當,1
4703,一滴還須當一,1
4704,滴還須當一杯,1
4705,還須當一杯丹,1
4706,須當一杯丹頂,1
4707,當一杯丹頂分,1
4708,一杯丹頂分明,1
4709,杯丹頂分明音,1
4710,丹頂分明音響,1
4711,頂分明音響別,1
4712,分明音響別況,1
4713,明音響別況聞,1
4714,音響別況聞來,1
4715,響別況聞來處,1
4716,別況聞來處隔,1
4717,況聞來處隔雲,1
4718,聞來處隔雲濤,1
4719,來處隔雲濤情,1
4720,處隔雲濤情懸,1
4721,隔雲濤情懸碧,1
4722,雲濤情懸碧落,1
4723,濤情懸碧落飛,1
4724,情懸碧落飛何,1
4725,懸碧落飛何晚,1
4726,碧落飛何晚立,1
4727,落飛何晚立近,1
4728,飛何晚立近清,1
4729,何晚立近清池,1
4730,晚立近清池意,1
4731,立近清池意自,1
4732,近清池意自高,1
4733,清池意自高向,1
4734,池意自高向夜,1
4735,意自高向夜雙,1
4736,自高向夜雙棲,1
4737,高向夜雙棲驚,1
4738,向夜雙棲驚玉,1
4739,夜雙棲驚玉漏,1
4740,雙棲驚玉漏臨,1
4741,棲驚玉漏臨軒,1
4742,驚玉漏臨軒對,1
4743,玉漏臨軒對舞,1
4744,漏臨軒對舞拂,1
4745,臨軒對舞拂朱,1
4746,軒對舞拂朱袍,1
4747,對舞拂朱袍仙,1
4748,舞拂朱袍仙郎,1
4749,拂朱袍仙郎為,1
4750,朱袍仙郎為爾,1
4751,袍仙郎為爾開,1
4752,仙郎為爾開籠,1
4753,郎為爾開籠早,1
4754,為爾開籠早莫,1
4755,爾開籠早莫慮,1
4756,開籠早莫慮回,1
4757,籠早莫慮回翔,1
4758,早莫慮回翔損,1
4759,莫慮回翔損羽,1
4760,慮回翔損羽毛,1
4761,回翔損羽毛江,1
4762,翔損羽毛江南,1
4763,損羽毛江南才,1
4764,羽毛江南才子,1
4765,毛江南才子日,1
4766,江南才子日紛,1
4767,南才子日紛紛,1
4768,才子日紛紛少,1
4769,子日紛紛少有,1
4770,日紛紛少有篇,1
4771,紛紛少有篇章,1
4772,紛少有篇章得,1
4773,少有篇章得似,1
4774,有篇章得似君,1
4775,篇章得似君清,1
4776,章得似君清話,1
4777,得似君清話未,1
4778,似君清話未同,1
4779,君清話未同山,1
4780,清話未同山寺,1
4781,話未同山寺宿,1
4782,未同山寺宿離,1
4783,同山寺宿離歌,1
4784,山寺宿離歌已,1
4785,寺宿離歌已向,1
4786,宿離歌已向客,1
4787,離歌已向客亭,1
4788,歌已向客亭聞,1
4789,已向客亭聞梅,1
4790,向客亭聞梅天,1
4791,客亭聞梅天馬,1
4792,亭聞梅天馬上,1
4793,聞梅天馬上愁,1
4794,梅天馬上愁黃,1
4795,天馬上愁黃鳥,1
4796,馬上愁黃鳥澤,1
4797,上愁黃鳥澤國,1
4798,愁黃鳥澤國帆,1
4799,黃鳥澤國帆前,1
4800,鳥澤國帆前見,1
4801,澤國帆前見白,1
4802,國帆前見白雲,1
4803,帆前見白雲通,1
4804,前見白雲通籍,1
4805,見白雲通籍名,1
4806,白雲通籍名高,1
4807,雲通籍名高年,1
4808,通籍名高年又,1
4809,籍名高年又少,1
4810,名高年又少回,1
4811,高年又少回頭,1
4812,年又少回頭應,1
4813,又少回頭應笑,1
4814,少回頭應笑晚,1
4815,回頭應笑晚從,1
4816,頭應笑晚從軍,1
4817,應笑晚從軍軒,1
4818,笑晚從軍軒車,1
4819,晚從軍軒車此,1
4820,從軍軒車此去,1
4821,軍軒車此去也,1
4822,軒車此去也逢,1
4823,車此去也逢時,1
4824,此去也逢時地,1
4825,去也逢時地近,1
4826,也逢時地近湘,1
4827,逢時地近湘南,1
4828,時地近湘南頗,1
4829,地近湘南頗入,1
4830,近湘南頗入詩,1
4831,湘南頗入詩一,1
4832,南頗入詩一月,1
4833,頗入詩一月計,1
4834,入詩一月計程,1
4835,詩一月計程那,1
4836,一月計程那是,1
4837,月計程那是遠,1
4838,計程那是遠中,1
4839,程那是遠中年,1
4840,那是遠中年出,1
4841,是遠中年出守,1
4842,遠中年出守未,1
4843,中年出守未為,1
4844,年出守未為遲,1
4845,出守未為遲水,1
4846,守未為遲水邊,1
4847,未為遲水邊花,1
4848,為遲水邊花氣,1
4849,遲水邊花氣熏,1
4850,水邊花氣熏章,1
4851,邊花氣熏章服,1
4852,花氣熏章服嶺,1
4853,氣熏章服嶺上,1
4854,熏章服嶺上嵐,1
4855,章服嶺上嵐光,1
4856,服嶺上嵐光照,1
4857,嶺上嵐光照畫,1
4858,上嵐光照畫旗,1
4859,嵐光照畫旗想,1
4860,光照畫旗想得,1
4861,照畫旗想得化,1
4862,畫旗想得化行,1
4863,旗想得化行風,1
4864,想得化行風土,1
4865,得化行風土變,1
4866,化行風土變州,1
4867,行風土變州人,1
4868,風土變州人應,1
4869,土變州人應為,1
4870,變州人應為立,1
4871,州人應為立生,1
4872,人應為立生祠,1
4873,應為立生祠白,1
4874,為立生祠白頭,1
4875,立生祠白頭為,1
4876,生祠白頭為郡,1
4877,祠白頭為郡清,1
4878,白頭為郡清秋,1
4879,頭為郡清秋別,1
4880,為郡清秋別山,1
4881,郡清秋別山水,1
4882,清秋別山水南,1
4883,秋別山水南行,1
4884,別山水南行豈,1
4885,山水南行豈覺,1
4886,水南行豈覺賒,1
4887,南行豈覺賒楚,1
4888,行豈覺賒楚老,1
4889,豈覺賒楚老只,1
4890,覺賒楚老只應,1
4891,賒楚老只應思,1
4892,楚老只應思入,1
4893,老只應思入境,1
4894,只應思入境吳,1
4895,應思入境吳兒,1
4896,思入境吳兒從,1
4897,入境吳兒從此,1
4898,境吳兒從此去,1
4899,吳兒從此去移,1
4900,兒從此去移家,1
4901,從此去移家館,1
4902,此去移家館依,1
4903,去移家館依高,1
4904,移家館依高嶺,1
4905,家館依高嶺分,1
4906,館依高嶺分樟,1
4907,依高嶺分樟葉,1
4908,高嶺分樟葉路,1
4909,嶺分樟葉路出,1
4910,分樟葉路出重,1
4911,樟葉路出重江,1
4912,葉路出重江見,1
4913,路出重江見葦,1
4914,出重江見葦花,1
4915,重江見葦花務,1
4916,江見葦花務退,1
4917,見葦花務退唯,1
4918,葦花務退唯當,1
4919,花務退唯當吟,1
4920,務退唯當吟詠,1
4921,退唯當吟詠苦,1
4922,唯當吟詠苦留,1
4923,當吟詠苦留心,1
4924,吟詠苦留心曾,1
4925,詠苦留心曾不,1
4926,苦留心曾不在,1
4927,留心曾不在生,1
4928,心曾不在生涯,1
4929,曾不在生涯西,1
4930,不在生涯西入,1
4931,在生涯西入山,1
4932,生涯西入山門,1
4933,涯西入山門十,1
4934,西入山門十里,1
4935,入山門十里程,1
4936,山門十里程粉,1
4937,門十里程粉牆,1
4938,十里程粉牆書,1
4939,里程粉牆書字,1
4940,程粉牆書字甚,1
4941,粉牆書字甚分,1
4942,牆書字甚分明,1
4943,書字甚分明蕭,1
4944,字甚分明蕭帝,1
4945,甚分明蕭帝壞,1
4946,分明蕭帝壞陵,1
4947,明蕭帝壞陵深,1
4948,蕭帝壞陵深虎,1
4949,帝壞陵深虎跡,1
4950,壞陵深虎跡廣,1
4951,陵深虎跡廣師,1
4952,深虎跡廣師遺,1
4953,虎跡廣師遺院,1
4954,跡廣師遺院閉,1
4955,廣師遺院閉松,1
4956,師遺院閉松聲,1
4957,遺院閉松聲長,1
4958,院閉松聲長廊,1
4959,閉松聲長廊畫,1
4960,松聲長廊畫剝,1
4961,聲長廊畫剝僧,1
4962,長廊畫剝僧形,1
4963,廊畫剝僧形影,1
4964,畫剝僧形影石,1
4965,剝僧形影石壁,1
4966,僧形影石壁塵,1
4967,形影石壁塵昏,1
4968,影石壁塵昏客,1
4969,石壁塵昏客姓,1
4970,壁塵昏客姓名,1
4971,塵昏客姓名何,1
4972,昏客姓名何必,1
4973,客姓名何必更,1
4974,姓名何必更將,1
4975,名何必更將空,1
4976,何必更將空色,1
4977,必更將空色遣,1
4978,更將空色遣眼,1
4979,將空色遣眼前,1
4980,空色遣眼前人,1
4981,色遣眼前人事,1
4982,遣眼前人事是,1
4983,眼前人事是浮,1
4984,前人事是浮生,1
4985,人事是浮生南,1
4986,事是浮生南湖,1
4987,是浮生南湖春,1
4988,浮生南湖春色,1
4989,生南湖春色通,1
4990,南湖春色通平,1
4991,湖春色通平遠,1
4992,春色通平遠貪,1
4993,色通平遠貪記,1
4994,通平遠貪記詩,1
4995,平遠貪記詩情,1
4996,遠貪記詩情忘,1
4997,貪記詩情忘酒,1
4998,記詩情忘酒杯,1
4999,詩情忘酒杯帆,1
5000,情忘酒杯帆自,1
5001,忘酒杯帆自巴,1
5002,酒杯帆自巴陵,1
5003,杯帆自巴陵山,1
5004,帆自巴陵山下,1
5005,自巴陵山下過,1
5006,巴陵山下過雨,1
5007,陵山下過雨從,1
5008,山下過雨從神,1
5009,下過雨從神女,1
5010,過雨從神女峽,1
5011,雨從神女峽邊,1
5012,從神女峽邊來,1
5013,神女峽邊來青,1
5014,女峽邊來青蒲,1
5015,峽邊來青蒲映,1
5016,邊來青蒲映水,1
5017,來青蒲映水疏,1
5018,青蒲映水疏還,1
5019,蒲映水疏還密,1
5020,映水疏還密白,1
5021,水疏還密白鳥,1
5022,疏還密白鳥翻,1
5023,還密白鳥翻空,1
5024,密白鳥翻空去,1
5025,白鳥翻空去複,1
5026,鳥翻空去複回,1
5027,翻空去複回盡,1
5028,空去複回盡日,1
5029,去複回盡日與,1
5030,複回盡日與君,1
5031,回盡日與君同,1
5032,盡日與君同看,1
5033,日與君同看望,1
5034,與君同看望了,1
5035,君同看望了然,1
5036,同看望了然勝,1
5037,看望了然勝見,1
5038,望了然勝見畫,1
5039,了然勝見畫屏,1
5040,然勝見畫屏開,1
5041,勝見畫屏開久,1
5042,見畫屏開久聞,1
5043,畫屏開久聞從,1
5044,屏開久聞從事,1
5045,開久聞從事滄,1
5046,久聞從事滄江,1
5047,聞從事滄江外,1
5048,從事滄江外誰,1
5049,事滄江外誰謂,1
5050,滄江外誰謂無,1
5051,江外誰謂無官,1
5052,外誰謂無官已,1
5053,誰謂無官已白,1
5054,謂無官已白頭,1
5055,無官已白頭來,1
5056,官已白頭來備,1
5057,已白頭來備戎,1
5058,白頭來備戎裝,1
5059,頭來備戎裝嘶,1
5060,來備戎裝嘶數,1
5061,備戎裝嘶數騎,1
5062,戎裝嘶數騎去,1
5063,裝嘶數騎去持,1
5064,嘶數騎去持丹,1
5065,數騎去持丹詔,1
5066,騎去持丹詔入,1
5067,去持丹詔入孤,1
5068,持丹詔入孤舟,1
5069,丹詔入孤舟蟬,1
5070,詔入孤舟蟬鳴,1
5071,入孤舟蟬鳴遠,1
5072,孤舟蟬鳴遠驛,1
5073,舟蟬鳴遠驛殘,1
5074,蟬鳴遠驛殘陽,1
5075,鳴遠驛殘陽樹,1
5076,遠驛殘陽樹鷺,1
5077,驛殘陽樹鷺起,1
5078,殘陽樹鷺起湖,1
5079,陽樹鷺起湖田,1
5080,樹鷺起湖田片,1
5081,鷺起湖田片雨,1
5082,起湖田片雨秋,1
5083,湖田片雨秋到,1
5084,田片雨秋到日,1
5085,片雨秋到日重,1
5086,雨秋到日重陪,1
5087,秋到日重陪丞,1
5088,到日重陪丞相,1
5089,日重陪丞相宴,1
5090,重陪丞相宴鏡,1
5091,陪丞相宴鏡湖,1
5092,丞相宴鏡湖新,1
5093,相宴鏡湖新月,1
5094,宴鏡湖新月在,1
5095,鏡湖新月在城,1
5096,湖新月在城樓,1
5097,新月在城樓萬,1
5098,月在城樓萬里,1
5099,在城樓萬里去,1
5100,城樓萬里去長,1
5101,樓萬里去長征,1
5102,萬里去長征連,1
5103,里去長征連年,1
5104,去長征連年慣,1
5105,長征連年慣野,1
5106,征連年慣野營,1
5107,連年慣野營入,1
5108,年慣野營入群,1
5109,慣野營入群來,1
5110,野營入群來擇,1
5111,營入群來擇馬,1
5112,入群來擇馬拋,1
5113,群來擇馬拋伴,1
5114,來擇馬拋伴去,1
5115,擇馬拋伴去擒,1
5116,馬拋伴去擒生,1
5117,拋伴去擒生箭,1
5118,伴去擒生箭撚,1
5119,去擒生箭撚雕,1
5120,擒生箭撚雕翎,1
5121,生箭撚雕翎闊,1
5122,箭撚雕翎闊弓,1
5123,撚雕翎闊弓盤,1
5124,雕翎闊弓盤鵲,1
5125,翎闊弓盤鵲角,1
5126,闊弓盤鵲角輕,1
5127,弓盤鵲角輕問,1
5128,盤鵲角輕問看,1
5129,鵲角輕問看行,1
5130,角輕問看行近,1
5131,輕問看行近遠,1
5132,問看行近遠西,1
5133,看行近遠西過,1
5134,行近遠西過受,1
5135,近遠西過受降,1
5136,遠西過受降城,1
5137,西過受降城客,1
5138,過受降城客行,1
5139,受降城客行皆,1
5140,降城客行皆有,1
5141,城客行皆有為,1
5142,客行皆有為師,1
5143,行皆有為師去,1
5144,皆有為師去是,1
5145,有為師去是閒,1
5146,為師去是閒遊,1
5147,師去是閒遊野,1
5148,去是閒遊野望,1
5149,是閒遊野望攜,1
5150,閒遊野望攜金,1
5151,遊野望攜金策,1
5152,野望攜金策禪,1
5153,望攜金策禪棲,1
5154,攜金策禪棲寄,1
5155,金策禪棲寄石,1
5156,策禪棲寄石樓,1
5157,禪棲寄石樓山,1
5158,棲寄石樓山深,1
5159,寄石樓山深松,1
5160,石樓山深松翠,1
5161,樓山深松翠冷,1
5162,山深松翠冷潭,1
5163,深松翠冷潭靜,1
5164,松翠冷潭靜菊,1
5165,翠冷潭靜菊花,1
5166,冷潭靜菊花秋,1
5167,潭靜菊花秋幾,1
5168,靜菊花秋幾處,1
5169,菊花秋幾處題,1
5170,花秋幾處題青,1
5171,秋幾處題青壁,1
5172,幾處題青壁袈,1
5173,處題青壁袈裟,1
5174,題青壁袈裟濺,1
5175,青壁袈裟濺瀑,1
5176,壁袈裟濺瀑流,1
5177,袈裟濺瀑流窗,1
5178,裟濺瀑流窗下,1
5179,濺瀑流窗下聞,1
5180,瀑流窗下聞雞,1
5181,流窗下聞雞後,1
5182,窗下聞雞後蒼,1
5183,下聞雞後蒼茫,1
5184,聞雞後蒼茫映,1
5185,雞後蒼茫映遠,1
5186,後蒼茫映遠林,1
5187,蒼茫映遠林才,1
5188,茫映遠林才分,1
5189,映遠林才分天,1
5190,遠林才分天地,1
5191,林才分天地色,1
5192,才分天地色便,1
5193,分天地色便禁,1
5194,天地色便禁虎,1
5195,地色便禁虎狼,1
5196,色便禁虎狼心,1
5197,便禁虎狼心是,1
5198,禁虎狼心是處,1
5199,虎狼心是處程,1
5200,狼心是處程塗,1
5201,心是處程塗遠,1
5202,是處程塗遠何,1
5203,處程塗遠何山,1
5204,程塗遠何山洞,1
5205,塗遠何山洞府,1
5206,遠何山洞府深,1
5207,何山洞府深此,1
5208,山洞府深此時,1
5209,洞府深此時堪,1
5210,府深此時堪佇,1
5211,深此時堪佇望,1
5212,此時堪佇望萬,1
5213,時堪佇望萬象,1
5214,堪佇望萬象豁,1
5215,佇望萬象豁塵,1
5216,望萬象豁塵襟,1
5217,萬象豁塵襟久,1
5218,象豁塵襟久客,1
5219,豁塵襟久客未,1
5220,塵襟久客未還,1
5221,襟久客未還鄉,1
5222,久客未還鄉中,1
5223,客未還鄉中秋,1
5224,未還鄉中秋倍,1
5225,還鄉中秋倍可,1
5226,鄉中秋倍可傷,1
5227,中秋倍可傷暮,1
5228,秋倍可傷暮天,1
5229,倍可傷暮天飛,1
5230,可傷暮天飛旅,1
5231,傷暮天飛旅雁,1
5232,暮天飛旅雁故,1
5233,天飛旅雁故國,1
5234,飛旅雁故國在,1
5235,旅雁故國在衡,1
5236,雁故國在衡陽,1
5237,故國在衡陽島,1
5238,國在衡陽島外,1
5239,在衡陽島外歸,1
5240,衡陽島外歸雲,1
5241,陽島外歸雲迥,1
5242,島外歸雲迥林,1
5243,外歸雲迥林間,1
5244,歸雲迥林間墜,1
5245,雲迥林間墜葉,1
5246,迥林間墜葉黃,1
5247,林間墜葉黃數,1
5248,間墜葉黃數宵,1
5249,墜葉黃數宵千,1
5250,葉黃數宵千里,1
5251,黃數宵千里夢,1
5252,數宵千里夢時,1
5253,宵千里夢時見,1
5254,千里夢時見舊,1
5255,里夢時見舊書,1
5256,夢時見舊書堂,1
5257,時見舊書堂昨,1
5258,見舊書堂昨夜,1
5259,舊書堂昨夜忽,1
5260,書堂昨夜忽已,1
5261,堂昨夜忽已過,1
5262,昨夜忽已過冰,1
5263,夜忽已過冰輪,1
5264,忽已過冰輪始,1
5265,已過冰輪始覺,1
5266,過冰輪始覺虧,1
5267,冰輪始覺虧孤,1
5268,輪始覺虧孤光,1
5269,始覺虧孤光猶,1
5270,覺虧孤光猶不,1
5271,虧孤光猶不定,1
5272,孤光猶不定浮,1
5273,光猶不定浮世,1
5274,猶不定浮世更,1
5275,不定浮世更堪,1
5276,定浮世更堪疑,1
5277,浮世更堪疑影,1
5278,世更堪疑影落,1
5279,更堪疑影落澄,1
5280,堪疑影落澄江,1
5281,疑影落澄江海,1
5282,影落澄江海寒,1
5283,落澄江海寒生,1
5284,澄江海寒生靜,1
5285,江海寒生靜路,1
5286,海寒生靜路岐,1
5287,寒生靜路岐皎,1
5288,生靜路岐皎然,1
5289,靜路岐皎然銀,1
5290,路岐皎然銀漢,1
5291,岐皎然銀漢外,1
5292,皎然銀漢外長,1
5293,然銀漢外長有,1
5294,銀漢外長有眾,1
5295,漢外長有眾星,1
5296,外長有眾星隨,1
5297,長有眾星隨世,1
5298,有眾星隨世事,1
5299,眾星隨世事澆,1
5300,星隨世事澆浮,1
5301,隨世事澆浮後,1
5302,世事澆浮後艱,1
5303,事澆浮後艱難,1
5304,澆浮後艱難向,1
5305,浮後艱難向此,1
5306,後艱難向此生,1
5307,艱難向此生人,1
5308,難向此生人心,1
5309,向此生人心不,1
5310,此生人心不自,1
5311,生人心不自足,1
5312,人心不自足公,1
5313,心不自足公道,1
5314,不自足公道為,1
5315,自足公道為誰,1
5316,足公道為誰平,1
5317,公道為誰平德,1
5318,道為誰平德喪,1
5319,為誰平德喪淳,1
5320,誰平德喪淳風,1
5321,平德喪淳風盡,1
5322,德喪淳風盡年,1
5323,喪淳風盡年荒,1
5324,淳風盡年荒蔓,1
5325,風盡年荒蔓草,1
5326,盡年荒蔓草盈,1
5327,年荒蔓草盈堪,1
5328,荒蔓草盈堪悲,1
5329,蔓草盈堪悲山,1
5330,草盈堪悲山下,1
5331,盈堪悲山下路,1
5332,堪悲山下路非,1
5333,悲山下路非只,1
5334,山下路非只客,1
5335,下路非只客中,1
5336,路非只客中行,1
5337,非只客中行短,1
5338,只客中行短亭,1
5339,客中行短亭分,1
5340,中行短亭分袂,1
5341,行短亭分袂後,1
5342,短亭分袂後倚,1
5343,亭分袂後倚檻,1
5344,分袂後倚檻思,1
5345,袂後倚檻思偏,1
5346,後倚檻思偏孤,1
5347,倚檻思偏孤雨,1
5348,檻思偏孤雨雪,1
5349,思偏孤雨雪落,1
5350,偏孤雨雪落殘,1
5351,孤雨雪落殘臘,1
5352,雨雪落殘臘輪,1
5353,雪落殘臘輪蹄,1
5354,落殘臘輪蹄在,1
5355,殘臘輪蹄在遠,1
5356,臘輪蹄在遠塗,1
5357,輪蹄在遠塗人,1
5358,蹄在遠塗人情,1
5359,在遠塗人情難,1
5360,遠塗人情難故,1
5361,塗人情難故舊,1
5362,人情難故舊草,1
5363,情難故舊草色,1
5364,難故舊草色易,1
5365,故舊草色易凋,1
5366,舊草色易凋枯,1
5367,草色易凋枯共,1
5368,色易凋枯共有,1
5369,易凋枯共有男,1
5370,凋枯共有男兒,1
5371,枯共有男兒事,1
5372,共有男兒事何,1
5373,有男兒事何年,1
5374,男兒事何年入,1
5375,兒事何年入帝,1
5376,事何年入帝都,1
5377,何年入帝都浮,1
5378,年入帝都浮生,1
5379,入帝都浮生猶,1
5380,帝都浮生猶役,1
5381,都浮生猶役役,1
5382,浮生猶役役未,1
5383,生猶役役未得,1
5384,猶役役未得便,1
5385,役役未得便尋,1
5386,役未得便尋真,1
5387,未得便尋真白,1
5388,得便尋真白日,1
5389,便尋真白日如,1
5390,尋真白日如無,1
5391,真白日如無路,1
5392,白日如無路青,1
5393,日如無路青山,1
5394,如無路青山豈,1
5395,無路青山豈有,1
5396,路青山豈有人,1
5397,青山豈有人煙,1
5398,山豈有人煙收,1
5399,豈有人煙收遙,1
5400,有人煙收遙岫,1
5401,人煙收遙岫小,1
5402,煙收遙岫小雨,1
5403,收遙岫小雨過,1
5404,遙岫小雨過晚,1
5405,岫小雨過晚川,1
5406,小雨過晚川新,1
5407,雨過晚川新倚,1
5408,過晚川新倚杖,1
5409,晚川新倚杖何,1
5410,川新倚杖何凝,1
5411,新倚杖何凝望,1
5412,倚杖何凝望中,1
5413,杖何凝望中宵,1
5414,何凝望中宵夢,1
5415,凝望中宵夢往,1
5416,望中宵夢往頻,1
5417,中宵夢往頻樂,1
5418,宵夢往頻樂道,1
5419,夢往頻樂道辭,1
5420,往頻樂道辭榮,1
5421,頻樂道辭榮祿,1
5422,樂道辭榮祿安,1
5423,道辭榮祿安居,1
5424,辭榮祿安居桂,1
5425,榮祿安居桂水,1
5426,祿安居桂水東,1
5427,安居桂水東得,1
5428,居桂水東得閒,1
5429,桂水東得閒多,1
5430,水東得閒多事,1
5431,東得閒多事外,1
5432,得閒多事外知,1
5433,閒多事外知足,1
5434,多事外知足少,1
5435,事外知足少年,1
5436,外知足少年中,1
5437,知足少年中藥,1
5438,足少年中藥圃,1
5439,少年中藥圃無,1
5440,年中藥圃無凡,1
5441,中藥圃無凡草,1
5442,藥圃無凡草松,1
5443,圃無凡草松庭,1
5444,無凡草松庭有,1
5445,凡草松庭有素,1
5446,草松庭有素風,1
5447,松庭有素風朝,1
5448,庭有素風朝昏,1
5449,有素風朝昏吟,1
5450,素風朝昏吟步,1
5451,風朝昏吟步處,1
5452,朝昏吟步處琴,1
5453,昏吟步處琴酒,1
5454,吟步處琴酒與,1
5455,步處琴酒與誰,1
5456,處琴酒與誰同,1
5457,琴酒與誰同釣,1
5458,酒與誰同釣艇,1
5459,與誰同釣艇同,1
5460,誰同釣艇同琴,1
5461,同釣艇同琴酒,1
5462,釣艇同琴酒良,1
5463,艇同琴酒良宵,1
5464,同琴酒良宵背,1
5465,琴酒良宵背水,1
5466,酒良宵背水濱,1
5467,良宵背水濱風,1
5468,宵背水濱風波,1
5469,背水濱風波不,1
5470,水濱風波不起,1
5471,濱風波不起處,1
5472,風波不起處星,1
5473,波不起處星月,1
5474,不起處星月盡,1
5475,起處星月盡隨,1
5476,處星月盡隨身,1
5477,星月盡隨身浦,1
5478,月盡隨身浦迥,1
5479,盡隨身浦迥湘,1
5480,隨身浦迥湘煙,1
5481,身浦迥湘煙捲,1
5482,浦迥湘煙捲林,1
5483,迥湘煙捲林香,1
5484,湘煙捲林香嶽,1
5485,煙捲林香嶽氣,1
5486,捲林香嶽氣春,1
5487,林香嶽氣春誰,1
5488,香嶽氣春誰知,1
5489,嶽氣春誰知此,1
5490,氣春誰知此中,1
5491,春誰知此中興,1
5492,誰知此中興寧,1
5493,知此中興寧羨,1
5494,此中興寧羨五,1
5495,中興寧羨五湖,1
5496,興寧羨五湖人,1
5497,寧羨五湖人娥,1
5498,羨五湖人娥皇,1
5499,五湖人娥皇揮,1
5500,湖人娥皇揮涕,1
5501,人娥皇揮涕處,1
5502,娥皇揮涕處東,1
5503,皇揮涕處東望,1
5504,揮涕處東望九,1
5505,涕處東望九疑,1
5506,處東望九疑天,1
5507,東望九疑天往,1
5508,望九疑天往事,1
5509,九疑天往事難,1
5510,疑天往事難重,1
5511,天往事難重問,1
5512,往事難重問孤,1
5513,事難重問孤峰,1
5514,難重問孤峰尚,1
5515,重問孤峰尚慘,1
5516,問孤峰尚慘然,1
5517,孤峰尚慘然夜,1
5518,峰尚慘然夜深,1
5519,尚慘然夜深寒,1
5520,慘然夜深寒峒,1
5521,然夜深寒峒響,1
5522,夜深寒峒響秋,1
5523,深寒峒響秋近,1
5524,寒峒響秋近碧,1
5525,峒響秋近碧蘿,1
5526,響秋近碧蘿鮮,1
5527,秋近碧蘿鮮未,1
5528,近碧蘿鮮未省,1
5529,碧蘿鮮未省明,1
5530,蘿鮮未省明君,1
5531,鮮未省明君意,1
5532,未省明君意遺,1
5533,省明君意遺蹤,1
5534,明君意遺蹤萬,1
5535,君意遺蹤萬古,1
5536,意遺蹤萬古傳,1
5537,遺蹤萬古傳世,1
5538,蹤萬古傳世路,1
5539,萬古傳世路久,1
5540,古傳世路久嗟,1
5541,傳世路久嗟君,1
5542,世路久嗟君進,1
5543,路久嗟君進取,1
5544,久嗟君進取身,1
5545,嗟君進取身十,1
5546,君進取身十年,1
5547,進取身十年雖,1
5548,取身十年雖苦,1
5549,身十年雖苦志,1
5550,十年雖苦志萬,1
5551,年雖苦志萬里,1
5552,雖苦志萬里托,1
5553,苦志萬里托何,1
5554,志萬里托何人,1
5555,萬里托何人處,1
5556,里托何人處困,1
5557,托何人處困非,1
5558,何人處困非乖,1
5559,人處困非乖道,1
5560,處困非乖道求,1
5561,困非乖道求名,1
5562,非乖道求名本,1
5563,乖道求名本為,1
5564,道求名本為親,1
5565,求名本為親惟,1
5566,名本為親惟應,1
5567,本為親惟應意,1
5568,為親惟應意先,1
5569,親惟應意先與,1
5570,惟應意先與化,1
5571,應意先與化龍,1
5572,意先與化龍鱗,1
5573,先與化龍鱗自,1
5574,與化龍鱗自古,1
5575,化龍鱗自古分,1
5576,龍鱗自古分功,1
5577,鱗自古分功定,1
5578,自古分功定唯,1
5579,古分功定唯應,1
5580,分功定唯應缺,1
5581,功定唯應缺又,1
5582,定唯應缺又盈,1
5583,唯應缺又盈一,1
5584,應缺又盈一宵,1
5585,缺又盈一宵當,1
5586,又盈一宵當皎,1
5587,盈一宵當皎潔,1
5588,一宵當皎潔四,1
5589,宵當皎潔四海,1
5590,當皎潔四海盡,1
5591,皎潔四海盡澄,1
5592,潔四海盡澄清,1
5593,四海盡澄清靜,1
5594,海盡澄清靜覺,1
5595,盡澄清靜覺風,1
5596,澄清靜覺風微,1
5597,清靜覺風微起,1
5598,靜覺風微起寒,1
5599,覺風微起寒過,1
5600,風微起寒過雪,1
5601,微起寒過雪乍,1
5602,起寒過雪乍傾,1
5603,寒過雪乍傾孤,1
5604,過雪乍傾孤高,1
5605,雪乍傾孤高稀,1
5606,乍傾孤高稀此,1
5607,傾孤高稀此遇,1
5608,孤高稀此遇吟,1
5609,高稀此遇吟賞,1
5610,稀此遇吟賞倍,1
5611,此遇吟賞倍牽,1
5612,遇吟賞倍牽情,1
5613,吟賞倍牽情山,1
5614,賞倍牽情山店,1
5615,倍牽情山店燈,1
5616,牽情山店燈前,1
5617,情山店燈前客,1
5618,山店燈前客酬,1
5619,店燈前客酬身,1
5620,燈前客酬身未,1
5621,前客酬身未有,1
5622,客酬身未有媒,1
5623,酬身未有媒鄉,1
5624,身未有媒鄉關,1
5625,未有媒鄉關貧,1
5626,有媒鄉關貧後,1
5627,媒鄉關貧後別,1
5628,鄉關貧後別風,1
5629,關貧後別風雨,1
5630,貧後別風雨夜,1
5631,後別風雨夜深,1
5632,別風雨夜深來,1
5633,風雨夜深來上,1
5634,雨夜深來上國,1
5635,夜深來上國求,1
5636,深來上國求丹,1
5637,來上國求丹桂,1
5638,上國求丹桂衡,1
5639,國求丹桂衡門,1
5640,求丹桂衡門長,1
5641,丹桂衡門長綠,1
5642,桂衡門長綠苔,1
5643,衡門長綠苔堪,1
5644,門長綠苔堪驚,1
5645,長綠苔堪驚雙,1
5646,綠苔堪驚雙鬢,1
5647,苔堪驚雙鬢雪,1
5648,堪驚雙鬢雪不,1
5649,驚雙鬢雪不待,1
5650,雙鬢雪不待歲,1
5651,鬢雪不待歲寒,1
5652,雪不待歲寒催,1
5653,不待歲寒催清,1
5654,待歲寒催清秋,1
5655,歲寒催清秋時,1
5656,寒催清秋時節,1
5657,催清秋時節近,1
5658,清秋時節近分,1
5659,秋時節近分袂,1
5660,時節近分袂獨,1
5661,節近分袂獨淒,1
5662,近分袂獨淒然,1
5663,分袂獨淒然此,1
5664,袂獨淒然此地,1
5665,獨淒然此地折,1
5666,淒然此地折高,1
5667,然此地折高柳,1
5668,此地折高柳何,1
5669,地折高柳何門,1
5670,折高柳何門聽,1
5671,高柳何門聽暮,1
5672,柳何門聽暮蟬,1
5673,何門聽暮蟬浪,1
5674,門聽暮蟬浪搖,1
5675,聽暮蟬浪搖湖,1
5676,暮蟬浪搖湖外,1
5677,蟬浪搖湖外日,1
5678,浪搖湖外日山,1
5679,搖湖外日山背,1
5680,湖外日山背楚,1
5681,外日山背楚南,1
5682,日山背楚南天,1
5683,山背楚南天空,1
5684,背楚南天空感,1
5685,楚南天空感迢,1
5686,南天空感迢迢,1
5687,天空感迢迢事,1
5688,空感迢迢事榮,1
5689,感迢迢事榮歸,1
5690,迢迢事榮歸在,1
5691,迢事榮歸在幾,1
5692,事榮歸在幾年,1
5693,榮歸在幾年帆,1
5694,歸在幾年帆掛,1
5695,在幾年帆掛狂,1
5696,幾年帆掛狂風,1
5697,年帆掛狂風起,1
5698,帆掛狂風起茫,1
5699,掛狂風起茫茫,1
5700,狂風起茫茫既,1
5701,風起茫茫既往,1
5702,起茫茫既往時,1
5703,茫茫既往時波,1
5704,茫既往時波濤,1
5705,既往時波濤如,1
5706,往時波濤如未,1
5707,時波濤如未息,1
5708,波濤如未息舟,1
5709,濤如未息舟楫,1
5710,如未息舟楫亦,1
5711,未息舟楫亦堪,1
5712,息舟楫亦堪疑,1
5713,舟楫亦堪疑旅,1
5714,楫亦堪疑旅雁,1
5715,亦堪疑旅雁投,1
5716,堪疑旅雁投孤,1
5717,疑旅雁投孤島,1
5718,旅雁投孤島長,1
5719,雁投孤島長天,1
5720,投孤島長天下,1
5721,孤島長天下四,1
5722,島長天下四維,1
5723,長天下四維前,1
5724,天下四維前程,1
5725,下四維前程有,1
5726,四維前程有平,1
5727,維前程有平處,1
5728,前程有平處誰,1
5729,程有平處誰敢,1
5730,有平處誰敢與,1
5731,平處誰敢與心,1
5732,處誰敢與心期,1
5733,誰敢與心期一,1
5734,敢與心期一歲,1
5735,與心期一歲重,1
5736,心期一歲重陽,1
5737,期一歲重陽至,1
5738,一歲重陽至羈,1
5739,歲重陽至羈遊,1
5740,重陽至羈遊在,1
5741,陽至羈遊在異,1
5742,至羈遊在異鄉,1
5743,羈遊在異鄉登,1
5744,遊在異鄉登高,1
5745,在異鄉登高思,1
5746,異鄉登高思舊,1
5747,鄉登高思舊友,1
5748,登高思舊友滿,1
5749,高思舊友滿目,1
5750,思舊友滿目是,1
5751,舊友滿目是窮,1
5752,友滿目是窮荒,1
5753,滿目是窮荒草,1
5754,目是窮荒草際,1
5755,是窮荒草際飛,1
5756,窮荒草際飛雲,1
5757,荒草際飛雲片,1
5758,草際飛雲片天,1
5759,際飛雲片天涯,1
5760,飛雲片天涯落,1
5761,雲片天涯落雁,1
5762,片天涯落雁行,1
5763,天涯落雁行故,1
5764,涯落雁行故山,1
5765,落雁行故山籬,1
5766,雁行故山籬畔,1
5767,行故山籬畔菊,1
5768,故山籬畔菊今,1
5769,山籬畔菊今日,1
5770,籬畔菊今日為,1
5771,畔菊今日為誰,1
5772,菊今日為誰黃,1
5773,今日為誰黃獨,1
5774,日為誰黃獨立,1
5775,為誰黃獨立身,1
5776,誰黃獨立身難,1
5777,黃獨立身難達,1
5778,獨立身難達新,1
5779,立身難達新春,1
5780,身難達新春與,1
5781,難達新春與志,1
5782,達新春與志違,1
5783,新春與志違異,1
5784,春與志違異鄉,1
5785,與志違異鄉青,1
5786,志違異鄉青草,1
5787,違異鄉青草長,1
5788,異鄉青草長故,1
5789,鄉青草長故國,1
5790,青草長故國白,1
5791,草長故國白頭,1
5792,長故國白頭歸,1
5793,故國白頭歸岸,1
5794,國白頭歸岸闊,1
5795,白頭歸岸闊湖,1
5796,頭歸岸闊湖波,1
5797,歸岸闊湖波溢,1
5798,岸闊湖波溢程,1
5799,闊湖波溢程遙,1
5800,湖波溢程遙楚,1
5801,波溢程遙楚岫,1
5802,溢程遙楚岫微,1
5803,程遙楚岫微高,1
5804,遙楚岫微高秋,1
5805,楚岫微高秋期,1
5806,岫微高秋期再,1
5807,微高秋期再會,1
5808,高秋期再會此,1
5809,秋期再會此去,1
5810,期再會此去莫,1
5811,再會此去莫忘,1
5812,會此去莫忘機,1
5813,此去莫忘機雅,1
5814,去莫忘機雅道,1
5815,莫忘機雅道辛,1
5816,忘機雅道辛勤,1
5817,機雅道辛勤久,1
5818,雅道辛勤久潛,1
5819,道辛勤久潛疑,1
5820,辛勤久潛疑鬢,1
5821,勤久潛疑鬢雪,1
5822,久潛疑鬢雪侵,1
5823,潛疑鬢雪侵未,1
5824,疑鬢雪侵未能,1
5825,鬢雪侵未能酬,1
5826,雪侵未能酬片,1
5827,侵未能酬片善,1
5828,未能酬片善難,1
5829,能酬片善難更,1
5830,酬片善難更免,1
5831,片善難更免孤,1
5832,善難更免孤吟,1
5833,難更免孤吟有,1
5834,更免孤吟有景,1
5835,免孤吟有景皆,1
5836,孤吟有景皆牽,1
5837,吟有景皆牽思,1
5838,有景皆牽思無,1
5839,景皆牽思無愁,1
5840,皆牽思無愁不,1
5841,牽思無愁不到,1
5842,思無愁不到心,1
5843,無愁不到心遙,1
5844,愁不到心遙天,1
5845,不到心遙天一,1
5846,到心遙天一輪,1
5847,心遙天一輪月,1
5848,遙天一輪月幾,1
5849,天一輪月幾夜,1
5850,一輪月幾夜見,1
5851,輪月幾夜見西,1
5852,月幾夜見西沈,1
5853,幾夜見西沈塞,1
5854,夜見西沈塞下,1
5855,見西沈塞下閑,1
5856,西沈塞下閑為,1
5857,沈塞下閑為客,1
5858,塞下閑為客鄉,1
5859,下閑為客鄉心,1
5860,閑為客鄉心豈,1
5861,為客鄉心豈易,1
5862,客鄉心豈易安,1
5863,鄉心豈易安程,1
5864,心豈易安程塗,1
5865,豈易安程塗過,1
5866,易安程塗過萬,1
5867,安程塗過萬里,1
5868,程塗過萬里身,1
5869,塗過萬里身事,1
5870,過萬里身事尚,1
5871,萬里身事尚孤,1
5872,里身事尚孤寒,1
5873,身事尚孤寒竟,1
5874,事尚孤寒竟日,1
5875,尚孤寒竟日風,1
5876,孤寒竟日風沙,1
5877,寒竟日風沙急,1
5878,竟日風沙急臨,1
5879,日風沙急臨秋,1
5880,風沙急臨秋草,1
5881,沙急臨秋草木,1
5882,急臨秋草木殘,1
5883,臨秋草木殘何,1
5884,秋草木殘何年,1
5885,草木殘何年方,1
5886,木殘何年方致,1
5887,殘何年方致主,1
5888,何年方致主時,1
5889,年方致主時拂,1
5890,方致主時拂劍,1
5891,致主時拂劍塵,1
5892,主時拂劍塵看,1
5893,時拂劍塵看江,1
5894,拂劍塵看江館,1
5895,劍塵看江館迢,1
5896,塵看江館迢遙,1
5897,看江館迢遙處,1
5898,江館迢遙處知,1
5899,館迢遙處知音,1
5900,迢遙處知音信,1
5901,遙處知音信漸,1
5902,處知音信漸賒,1
5903,知音信漸賒夜,1
5904,音信漸賒夜深,1
5905,信漸賒夜深鄉,1
5906,漸賒夜深鄉夢,1
5907,賒夜深鄉夢覺,1
5908,夜深鄉夢覺窗,1
5909,深鄉夢覺窗下,1
5910,鄉夢覺窗下月,1
5911,夢覺窗下月明,1
5912,覺窗下月明斜,1
5913,窗下月明斜起,1
5914,下月明斜起雁,1
5915,月明斜起雁看,1
5916,明斜起雁看荒,1
5917,斜起雁看荒草,1
5918,起雁看荒草驚,1
5919,雁看荒草驚波,1
5920,看荒草驚波尚,1
5921,荒草驚波尚白,1
5922,草驚波尚白沙,1
5923,驚波尚白沙那,1
5924,波尚白沙那堪,1
5925,尚白沙那堪動,1
5926,白沙那堪動鄉,1
5927,沙那堪動鄉思,1
5928,那堪動鄉思故,1
5929,堪動鄉思故國,1
5930,動鄉思故國在,1
5931,鄉思故國在天,1
5932,思故國在天涯,1
5933,故國在天涯天,1
5934,國在天涯天然,1
5935,在天涯天然根,1
5936,天涯天然根性,1
5937,涯天然根性異,1
5938,天然根性異萬,1
5939,然根性異萬物,1
5940,根性異萬物盡,1
5941,性異萬物盡難,1
5942,異萬物盡難陪,1
5943,萬物盡難陪自,1
5944,物盡難陪自古,1
5945,盡難陪自古承,1
5946,難陪自古承春,1
5947,陪自古承春早,1
5948,自古承春早嚴,1
5949,古承春早嚴冬,1
5950,承春早嚴冬鬥,1
5951,春早嚴冬鬥雪,1
5952,早嚴冬鬥雪開,1
5953,嚴冬鬥雪開豔,1
5954,冬鬥雪開豔寒,1
5955,鬥雪開豔寒宜,1
5956,雪開豔寒宜雨,1
5957,開豔寒宜雨露,1
5958,豔寒宜雨露香,1
5959,寒宜雨露香冷,1
5960,宜雨露香冷隔,1
5961,雨露香冷隔塵,1
5962,露香冷隔塵埃,1
5963,香冷隔塵埃堪,1
5964,冷隔塵埃堪把,1
5965,隔塵埃堪把依,1
5966,塵埃堪把依松,1
5967,埃堪把依松竹,1
5968,堪把依松竹良,1
5969,把依松竹良塗,1
5970,依松竹良塗一,1
5971,松竹良塗一處,1
5972,竹良塗一處栽,1
5973,良塗一處栽炎,1
5974,塗一處栽炎夏,1
5975,一處栽炎夏尋,1
5976,處栽炎夏尋靈,1
5977,栽炎夏尋靈境,1
5978,炎夏尋靈境高,1
5979,夏尋靈境高僧,1
5980,尋靈境高僧澹,1
5981,靈境高僧澹蕩,1
5982,境高僧澹蕩中,1
5983,高僧澹蕩中命,1
5984,僧澹蕩中命棋,1
5985,澹蕩中命棋隈,1
5986,蕩中命棋隈綠,1
5987,中命棋隈綠竹,1
5988,命棋隈綠竹盡,1
5989,棋隈綠竹盡日,1
5990,隈綠竹盡日有,1
5991,綠竹盡日有清,1
5992,竹盡日有清風,1
5993,盡日有清風流,1
5994,日有清風流水,1
5995,有清風流水離,1
5996,清風流水離經,1
5997,風流水離經閣,1
5998,流水離經閣閑,1
5999,水離經閣閑雲,1
6000,離經閣閑雲入,1
6001,經閣閑雲入梵,1
6002,閣閑雲入梵宮,1
6003,閑雲入梵宮此,1
6004,雲入梵宮此時,1
6005,入梵宮此時袪,1
6006,梵宮此時袪萬,1
6007,宮此時袪萬慮,1
6008,此時袪萬慮直,1
6009,時袪萬慮直似,1
6010,袪萬慮直似出,1
6011,萬慮直似出塵,1
6012,慮直似出塵籠,1
6013,直似出塵籠林,1
6014,似出塵籠林中,1
6015,出塵籠林中鶯,1
6016,塵籠林中鶯又,1
6017,籠林中鶯又囀,1
6018,林中鶯又囀為,1
6019,中鶯又囀為客,1
6020,鶯又囀為客恨,1
6021,又囀為客恨因,1
6022,囀為客恨因循,1
6023,為客恨因循故,1
6024,客恨因循故里,1
6025,恨因循故里遙,1
6026,因循故里遙千,1
6027,循故里遙千里,1
6028,故里遙千里青,1
6029,里遙千里青春,1
6030,遙千里青春過,1
6031,千里青春過數,1
6032,里青春過數春,1
6033,青春過數春弟,1
6034,春過數春弟兄,1
6035,過數春弟兄來,1
6036,數春弟兄來漸,1
6037,春弟兄來漸少,1
6038,弟兄來漸少歲,1
6039,兄來漸少歲月,1
6040,來漸少歲月去,1
6041,漸少歲月去何,1
6042,少歲月去何頻,1
6043,歲月去何頻早,1
6044,月去何頻早晚,1
6045,去何頻早晚榮,1
6046,何頻早晚榮歸,1
6047,頻早晚榮歸計,1
6048,早晚榮歸計中,1
6049,晚榮歸計中堂,1
6050,榮歸計中堂會,1
6051,歸計中堂會所,1
6052,計中堂會所親,1
6053,中堂會所親處,1
6054,堂會所親處世,1
6055,會所親處世唯,1
6056,所親處世唯據,1
6057,親處世唯據衲,1
6058,處世唯據衲禪,1
6059,世唯據衲禪門,1
6060,唯據衲禪門幾,1
6061,據衲禪門幾歲,1
6062,衲禪門幾歲寒,1
6063,禪門幾歲寒法,1
6064,門幾歲寒法空,1
6065,幾歲寒法空無,1
6066,歲寒法空無所,1
6067,寒法空無所染,1
6068,法空無所染性,1
6069,空無所染性悟,1
6070,無所染性悟不,1
6071,所染性悟不多,1
6072,染性悟不多看,1
6073,性悟不多看竟,1
6074,悟不多看竟日,1
6075,不多看竟日門,1
6076,多看竟日門長,1
6077,看竟日門長掩,1
6078,竟日門長掩相,1
6079,日門長掩相逢,1
6080,門長掩相逢草,1
6081,長掩相逢草自,1
6082,掩相逢草自殘,1
6083,相逢草自殘有,1
6084,逢草自殘有時,1
6085,草自殘有時尋,1
6086,自殘有時尋道,1
6087,殘有時尋道侶,1
6088,有時尋道侶飛,1
6089,時尋道侶飛錫,1
6090,尋道侶飛錫度,1
6091,道侶飛錫度峰,1
6092,侶飛錫度峰巒,1
6093,飛錫度峰巒深,1
6094,錫度峰巒深嶂,1
6095,度峰巒深嶂多,1
6096,峰巒深嶂多幽,1
6097,巒深嶂多幽景,1
6098,深嶂多幽景閒,1
6099,嶂多幽景閒居,1
6100,多幽景閒居野,1
6101,幽景閒居野興,1
6102,景閒居野興清,1
6103,閒居野興清滿,1
6104,居野興清滿庭,1
6105,野興清滿庭秋,1
6106,興清滿庭秋雨,1
6107,清滿庭秋雨過,1
6108,滿庭秋雨過連,1
6109,庭秋雨過連夜,1
6110,秋雨過連夜綠,1
6111,雨過連夜綠苔,1
6112,過連夜綠苔生,1
6113,連夜綠苔生石,1
6114,夜綠苔生石面,1
6115,綠苔生石面橫,1
6116,苔生石面橫琴,1
6117,生石面橫琴坐,1
6118,石面橫琴坐松,1
6119,面橫琴坐松陰,1
6120,橫琴坐松陰采,1
6121,琴坐松陰采藥,1
6122,坐松陰采藥行,1
6123,松陰采藥行超,1
6124,陰采藥行超然,1
6125,采藥行超然塵,1
6126,藥行超然塵事,1
6127,行超然塵事外,1
6128,超然塵事外不,1
6129,然塵事外不似,1
6130,塵事外不似絆,1
6131,事外不似絆浮,1
6132,外不似絆浮名,1
6133,不似絆浮名數,1
6134,似絆浮名數樹,1
6135,絆浮名數樹荒,1
6136,浮名數樹荒庭,1
6137,名數樹荒庭上,1
6138,數樹荒庭上芬,1
6139,樹荒庭上芬芳,1
6140,荒庭上芬芳映,1
6141,庭上芬芳映綠,1
6142,上芬芳映綠苔,1
6143,芬芳映綠苔自,1
6144,芳映綠苔自緣,1
6145,映綠苔自緣逢,1
6146,綠苔自緣逢暖,1
6147,苔自緣逢暖發,1
6148,自緣逢暖發不,1
6149,緣逢暖發不是,1
6150,逢暖發不是為,1
6151,暖發不是為人,1
6152,發不是為人開,1
6153,不是為人開色,1
6154,是為人開色豔,1
6155,為人開色豔鶯,1
6156,人開色豔鶯猶,1
6157,開色豔鶯猶在,1
6158,色豔鶯猶在香,1
6159,豔鶯猶在香消,1
6160,鶯猶在香消蝶,1
6161,猶在香消蝶已,1
6162,在香消蝶已回,1
6163,香消蝶已回相,1
6164,消蝶已回相從,1
6165,蝶已回相從無,1
6166,已回相從無勝,1
6167,回相從無勝事,1
6168,相從無勝事誰,1
6169,從無勝事誰向,1
6170,無勝事誰向此,1
6171,勝事誰向此傾,1
6172,事誰向此傾杯,1
6173,誰向此傾杯當,1
6174,向此傾杯當代,1
6175,此傾杯當代知,1
6176,傾杯當代知音,1
6177,杯當代知音少,1
6178,當代知音少相,1
6179,代知音少相思,1
6180,知音少相思在,1
6181,音少相思在此,1
6182,少相思在此身,1
6183,相思在此身一,1
6184,思在此身一分,1
6185,在此身一分南,1
6186,此身一分南北,1
6187,身一分南北路,1
6188,一分南北路長,1
6189,分南北路長問,1
6190,南北路長問往,1
6191,北路長問往來,1
6192,路長問往來人,1
6193,長問往來人是,1
6194,問往來人是處,1
6195,往來人是處應,1
6196,來人是處應為,1
6197,人是處應為客,1
6198,是處應為客何,1
6199,處應為客何門,1
6200,應為客何門許,1
6201,為客何門許掃,1
6202,客何門許掃塵,1
6203,何門許掃塵憑,1
6204,門許掃塵憑書,1
6205,許掃塵憑書正,1
6206,掃塵憑書正惆,1
6207,塵憑書正惆悵,1
6208,憑書正惆悵蜀,1
6209,書正惆悵蜀魄,1
6210,正惆悵蜀魄數,1
6211,惆悵蜀魄數聲,1
6212,悵蜀魄數聲新,1
6213,蜀魄數聲新世,1
6214,魄數聲新世上,1
6215,數聲新世上名,1
6216,聲新世上名利,1
6217,新世上名利牽,1
6218,世上名利牽途,1
6219,上名利牽途中,1
6220,名利牽途中意,1
6221,利牽途中意慘,1
6222,牽途中意慘然,1
6223,途中意慘然到,1
6224,中意慘然到家,1
6225,意慘然到家能,1
6226,慘然到家能幾,1
6227,然到家能幾日,1
6228,到家能幾日為,1
6229,家能幾日為客,1
6230,能幾日為客便,1
6231,幾日為客便經,1
6232,日為客便經年,1
6233,為客便經年跡,1
6234,客便經年跡似,1
6235,便經年跡似萍,1
6236,經年跡似萍隨,1
6237,年跡似萍隨水,1
6238,跡似萍隨水情,1
6239,似萍隨水情同,1
6240,萍隨水情同鶴,1
6241,隨水情同鶴在,1
6242,水情同鶴在田,1
6243,情同鶴在田何,1
6244,同鶴在田何當,1
6245,鶴在田何當功,1
6246,在田何當功業,1
6247,田何當功業遂,1
6248,何當功業遂歸,1
6249,當功業遂歸路,1
6250,功業遂歸路下,1
6251,業遂歸路下遙,1
6252,遂歸路下遙天,1
6253,歸路下遙天獨,1
6254,路下遙天獨住,1
6255,下遙天獨住神,1
6256,遙天獨住神仙,1
6257,天獨住神仙境,1
6258,獨住神仙境門,1
6259,住神仙境門當,1
6260,神仙境門當瀑,1
6261,仙境門當瀑布,1
6262,境門當瀑布開,1
6263,門當瀑布開地,1
6264,當瀑布開地多,1
6265,瀑布開地多臨,1
6266,布開地多臨水,1
6267,開地多臨水石,1
6268,地多臨水石行,1
6269,多臨水石行不,1
6270,臨水石行不惹,1
6271,水石行不惹塵,1
6272,石行不惹塵埃,1
6273,行不惹塵埃風,1
6274,不惹塵埃風起,1
6275,惹塵埃風起松,1
6276,塵埃風起松花,1
6277,埃風起松花散,1
6278,風起松花散琴,1
6279,起松花散琴鳴,1
6280,松花散琴鳴鶴,1
6281,花散琴鳴鶴翅,1
6282,散琴鳴鶴翅回,1
6283,琴鳴鶴翅回還,1
6284,鳴鶴翅回還歸,1
6285,鶴翅回還歸九,1
6286,翅回還歸九天,1
6287,回還歸九天上,1
6288,還歸九天上時,1
6289,歸九天上時有,1
6290,九天上時有故,1
6291,天上時有故人,1
6292,上時有故人來,1
6293,時有故人來青,1
6294,有故人來青春,1
6295,故人來青春思,1
6296,人來青春思楚,1
6297,來青春思楚地,1
6298,青春思楚地閒,1
6299,春思楚地閒步,1
6300,思楚地閒步出,1
6301,楚地閒步出秦,1
6302,地閒步出秦城,1
6303,閒步出秦城滿,1
6304,步出秦城滿眼,1
6305,出秦城滿眼是,1
6306,秦城滿眼是岐,1
6307,城滿眼是岐路,1
6308,滿眼是岐路何,1
6309,眼是岐路何年,1
6310,是岐路何年見,1
6311,岐路何年見弟,1
6312,路何年見弟兄,1
6313,何年見弟兄煙,1
6314,年見弟兄煙霞,1
6315,見弟兄煙霞裝,1
6316,弟兄煙霞裝媚,1
6317,兄煙霞裝媚景,1
6318,煙霞裝媚景霄,1
6319,霞裝媚景霄漢,1
6320,裝媚景霄漢指,1
6321,媚景霄漢指前,1
6322,景霄漢指前程,1
6323,霄漢指前程盡,1
6324,漢指前程盡日,1
6325,指前程盡日徘,1
6326,前程盡日徘徊,1
6327,程盡日徘徊處,1
6328,盡日徘徊處歸,1
6329,日徘徊處歸鴻,1
6330,徘徊處歸鴻過,1
6331,徊處歸鴻過玉,1
6332,處歸鴻過玉京,1
6333,歸鴻過玉京秦,1
6334,鴻過玉京秦帝,1
6335,過玉京秦帝防,1
6336,玉京秦帝防胡,1
6337,京秦帝防胡虜,1
6338,秦帝防胡虜關,1
6339,帝防胡虜關心,1
6340,防胡虜關心倍,1
6341,胡虜關心倍可,1
6342,虜關心倍可嗟,1
6343,關心倍可嗟一,1
6344,心倍可嗟一人,1
6345,倍可嗟一人如,1
6346,可嗟一人如有,1
6347,嗟一人如有德,1
6348,一人如有德四,1
6349,人如有德四海,1
6350,如有德四海盡,1
6351,有德四海盡為,1
6352,德四海盡為家,1
6353,四海盡為家往,1
6354,海盡為家往事,1
6355,盡為家往事乾,1
6356,為家往事乾坤,1
6357,家往事乾坤在,1
6358,往事乾坤在荒,1
6359,事乾坤在荒基,1
6360,乾坤在荒基草,1
6361,坤在荒基草木,1
6362,在荒基草木遮,1
6363,荒基草木遮至,1
6364,基草木遮至今,1
6365,草木遮至今徒,1
6366,木遮至今徒者,1
6367,遮至今徒者骨,1
6368,至今徒者骨猶,1
6369,今徒者骨猶自,1
6370,徒者骨猶自哭,1
6371,者骨猶自哭風,1
6372,骨猶自哭風沙,1
6373,猶自哭風沙此,1
6374,自哭風沙此去,1
6375,哭風沙此去非,1
6376,風沙此去非關,1
6377,沙此去非關興,1
6378,此去非關興君,1
6379,去非關興君行,1
6380,非關興君行不,1
6381,關興君行不當,1
6382,興君行不當遊,1
6383,君行不當遊無,1
6384,行不當遊無因,1
6385,不當遊無因兩,1
6386,當遊無因兩處,1
6387,遊無因兩處馬,1
6388,無因兩處馬共,1
6389,因兩處馬共飲,1
6390,兩處馬共飲一,1
6391,處馬共飲一溪,1
6392,馬共飲一溪流,1
6393,共飲一溪流已,1
6394,飲一溪流已作,1
6395,一溪流已作亭,1
6396,溪流已作亭下,1
6397,流已作亭下別,1
6398,已作亭下別未,1
6399,作亭下別未忘,1
6400,亭下別未忘燈,1
6401,下別未忘燈下,1
6402,別未忘燈下情,1
6403,未忘燈下情吟,1
6404,忘燈下情吟多,1
6405,燈下情吟多欲,1
6406,下情吟多欲就,1
6407,情吟多欲就枕,1
6408,吟多欲就枕更,1
6409,多欲就枕更漏,1
6410,欲就枕更漏轉,1
6411,就枕更漏轉分,1
6412,枕更漏轉分明,1
6413,更漏轉分明林,1
6414,漏轉分明林居,1
6415,轉分明林居向,1
6416,分明林居向晚,1
6417,明林居向晚饒,1
6418,林居向晚饒清,1
6419,居向晚饒清景,1
6420,向晚饒清景惜,1
6421,晚饒清景惜去,1
6422,饒清景惜去非,1
6423,清景惜去非關,1
6424,景惜去非關戀,1
6425,惜去非關戀酒,1
6426,去非關戀酒杯,1
6427,非關戀酒杯石,1
6428,關戀酒杯石淨,1
6429,戀酒杯石淨每,1
6430,酒杯石淨每因,1
6431,杯石淨每因杉,1
6432,石淨每因杉露,1
6433,淨每因杉露滴,1
6434,每因杉露滴地,1
6435,因杉露滴地幽,1
6436,杉露滴地幽漸,1
6437,露滴地幽漸覺,1
6438,滴地幽漸覺水,1
6439,地幽漸覺水禽,1
6440,幽漸覺水禽來,1
6441,漸覺水禽來藥,1
6442,覺水禽來藥蔬,1
6443,水禽來藥蔬秋,1
6444,禽來藥蔬秋後,1
6445,來藥蔬秋後供,1
6446,藥蔬秋後供僧,1
6447,蔬秋後供僧盡,1
6448,秋後供僧盡竹,1
6449,後供僧盡竹杖,1
6450,供僧盡竹杖吟,1
6451,僧盡竹杖吟中,1
6452,盡竹杖吟中望,1
6453,竹杖吟中望月,1
6454,杖吟中望月回,1
6455,吟中望月回紅,1
6456,中望月回紅葉,1
6457,望月回紅葉閑,1
6458,月回紅葉閑飄,1
6459,回紅葉閑飄籬,1
6460,紅葉閑飄籬落,1
6461,葉閑飄籬落迥,1
6462,閑飄籬落迥行,1
6463,飄籬落迥行人,1
6464,籬落迥行人遠,1
6465,落迥行人遠見,1
6466,迥行人遠見草,1
6467,行人遠見草堂,1
6468,人遠見草堂開,1
6469,遠見草堂開洞,1
6470,見草堂開洞房,1
6471,草堂開洞房昨,1
6472,堂開洞房昨夜,1
6473,開洞房昨夜停,1
6474,洞房昨夜停紅,1
6475,房昨夜停紅燭,1
6476,昨夜停紅燭待,1
6477,夜停紅燭待曉,1
6478,停紅燭待曉堂,1
6479,紅燭待曉堂前,1
6480,燭待曉堂前拜,1
6481,待曉堂前拜舅,1
6482,曉堂前拜舅姑,1
6483,堂前拜舅姑妝,1
6484,前拜舅姑妝罷,1
6485,拜舅姑妝罷低,1
6486,舅姑妝罷低聲,1
6487,姑妝罷低聲問,1
6488,妝罷低聲問夫,1
6489,罷低聲問夫婿,1
6490,低聲問夫婿畫,1
6491,聲問夫婿畫眉,1
6492,問夫婿畫眉深,1
6493,夫婿畫眉深淺,1
6494,婿畫眉深淺入,1
6495,畫眉深淺入時,1
6496,眉深淺入時無,1
6497,深淺入時無江,1
6498,淺入時無江邊,1
6499,入時無江邊離,1
6500,時無江邊離別,1
6501,無江邊離別心,1
6502,江邊離別心言,1
6503,邊離別心言罷,1
6504,離別心言罷各,1
6505,別心言罷各沾,1
6506,心言罷各沾襟,1
6507,言罷各沾襟以,1
6508,罷各沾襟以我,1
6509,各沾襟以我去,1
6510,沾襟以我去帆,1
6511,襟以我去帆遠,1
6512,以我去帆遠知,1
6513,我去帆遠知君,1
6514,去帆遠知君離,1
6515,帆遠知君離恨,1
6516,遠知君離恨深,1
6517,知君離恨深雲,1
6518,君離恨深雲開,1
6519,離恨深雲開孤,1
6520,恨深雲開孤鳥,1
6521,深雲開孤鳥出,1
6522,雲開孤鳥出浪,1
6523,開孤鳥出浪起,1
6524,孤鳥出浪起白,1
6525,鳥出浪起白鷗,1
6526,出浪起白鷗沈,1
6527,浪起白鷗沈更,1
6528,起白鷗沈更作,1
6529,白鷗沈更作來,1
6530,鷗沈更作來年,1
6531,沈更作來年約,1
6532,更作來年約陽,1
6533,作來年約陽臺,1
6534,來年約陽臺許,1
6535,年約陽臺許伴,1
6536,約陽臺許伴尋,1
6537,陽臺許伴尋隔,1
6538,臺許伴尋隔煙,1
6539,許伴尋隔煙花,1
6540,伴尋隔煙花草,1
6541,尋隔煙花草遠,1
6542,隔煙花草遠濛,1
6543,煙花草遠濛濛,1
6544,花草遠濛濛恨,1
6545,草遠濛濛恨個,1
6546,遠濛濛恨個來,1
6547,濛濛恨個來時,1
6548,濛恨個來時路,1
6549,恨個來時路不,1
6550,個來時路不同,1
6551,來時路不同正,1
6552,時路不同正是,1
6553,路不同正是停,1
6554,不同正是停橈,1
6555,同正是停橈相,1
6556,正是停橈相遇,1
6557,是停橈相遇處,1
6558,停橈相遇處鴛,1
6559,橈相遇處鴛鴦,1
6560,相遇處鴛鴦飛,1
6561,遇處鴛鴦飛去,1
6562,處鴛鴦飛去急,1
6563,鴛鴦飛去急流,1
6564,鴦飛去急流中,1
6565,飛去急流中綠,1
6566,去急流中綠槐,1
6567,急流中綠槐花,1
6568,流中綠槐花墮,1
6569,中綠槐花墮禦,1
6570,綠槐花墮禦溝,1
6571,槐花墮禦溝邊,1
6572,花墮禦溝邊步,1
6573,墮禦溝邊步出,1
6574,禦溝邊步出都,1
6575,溝邊步出都門,1
6576,邊步出都門雨,1
6577,步出都門雨後,1
6578,出都門雨後天,1
6579,都門雨後天日,1
6580,門雨後天日暮,1
6581,雨後天日暮野,1
6582,後天日暮野人,1
6583,天日暮野人耕,1
6584,日暮野人耕種,1
6585,暮野人耕種罷,1
6586,野人耕種罷烽,1
6587,人耕種罷烽樓,1
6588,耕種罷烽樓原,1
6589,種罷烽樓原上,1
6590,罷烽樓原上一,1
6591,烽樓原上一條,1
6592,樓原上一條煙,1
6593,原上一條煙碧,1
6594,上一條煙碧甃,1
6595,一條煙碧甃磷,1
6596,條煙碧甃磷磷,1
6597,煙碧甃磷磷不,1
6598,碧甃磷磷不記,1
6599,甃磷磷不記年,1
6600,磷磷不記年青,1
6601,磷不記年青蘿,1
6602,不記年青蘿鎖,1
6603,記年青蘿鎖在,1
6604,年青蘿鎖在小,1
6605,青蘿鎖在小山,1
6606,蘿鎖在小山顛,1
6607,鎖在小山顛向,1
6608,在小山顛向來,1
6609,小山顛向來下,1
6610,山顛向來下視,1
6611,顛向來下視千,1
6612,向來下視千山,1
6613,來下視千山水,1
6614,下視千山水疑,1
6615,視千山水疑是,1
6616,千山水疑是蒼,1
6617,山水疑是蒼梧,1
6618,水疑是蒼梧萬,1
6619,疑是蒼梧萬里,1
6620,是蒼梧萬里天,1
6621,蒼梧萬里天方,1
6622,梧萬里天方物,1
6623,萬里天方物就,1
6624,里天方物就中,1
6625,天方物就中名,1
6626,方物就中名最,1
6627,物就中名最遠,1
6628,就中名最遠只,1
6629,中名最遠只應,1
6630,名最遠只應愈,1
6631,最遠只應愈疾,1
6632,遠只應愈疾味,1
6633,只應愈疾味偏,1
6634,應愈疾味偏佳,1
6635,愈疾味偏佳若,1
6636,疾味偏佳若交,1
6637,味偏佳若交盡,1
6638,偏佳若交盡乞,1
6639,佳若交盡乞人,1
6640,若交盡乞人人,1
6641,交盡乞人人與,1
6642,盡乞人人與采,1
6643,乞人人與采盡,1
6644,人人與采盡商,1
6645,人與采盡商山,1
6646,與采盡商山枳,1
6647,采盡商山枳殼,1
6648,盡商山枳殼花,1
6649,商山枳殼花野,1
6650,山枳殼花野色,1
6651,枳殼花野色晴,1
6652,殼花野色晴宜,1
6653,花野色晴宜上,1
6654,野色晴宜上閣,1
6655,色晴宜上閣看,1
6656,晴宜上閣看樹,1
6657,宜上閣看樹陰,1
6658,上閣看樹陰遙,1
6659,閣看樹陰遙映,1
6660,看樹陰遙映禦,1
6661,樹陰遙映禦溝,1
6662,陰遙映禦溝寒,1
6663,遙映禦溝寒豪,1
6664,映禦溝寒豪家,1
6665,禦溝寒豪家舊,1
6666,溝寒豪家舊宅,1
6667,寒豪家舊宅無,1
6668,豪家舊宅無人,1
6669,家舊宅無人住,1
6670,舊宅無人住空,1
6671,宅無人住空見,1
6672,無人住空見朱,1
6673,人住空見朱門,1
6674,住空見朱門鎖,1
6675,空見朱門鎖牡,1
6676,見朱門鎖牡丹,1
6677,朱門鎖牡丹杏,1
6678,門鎖牡丹杏園,1
6679,鎖牡丹杏園北,1
6680,牡丹杏園北寺,1
6681,丹杏園北寺題,1
6682,杏園北寺題名,1
6683,園北寺題名日,1
6684,北寺題名日數,1
6685,寺題名日數到,1
6686,題名日數到如,1
6687,名日數到如今,1
6688,日數到如今四,1
6689,數到如今四十,1
6690,到如今四十年,1
6691,如今四十年點,1
6692,今四十年點檢,1
6693,四十年點檢生,1
6694,十年點檢生涯,1
6695,年點檢生涯與,1
6696,點檢生涯與官,1
6697,檢生涯與官職,1
6698,生涯與官職一,1
6699,涯與官職一莖,1
6700,與官職一莖野,1
6701,官職一莖野竹,1
6702,職一莖野竹在,1
6703,一莖野竹在身,1
6704,莖野竹在身邊,1
6705,野竹在身邊丁,1
6706,竹在身邊丁丁,1
6707,在身邊丁丁向,1
6708,身邊丁丁向晚,1
6709,邊丁丁向晚急,1
6710,丁丁向晚急還,1
6711,丁向晚急還稀,1
6712,向晚急還稀啄,1
6713,晚急還稀啄遍,1
6714,急還稀啄遍庭,1
6715,還稀啄遍庭槐,1
6716,稀啄遍庭槐未,1
6717,啄遍庭槐未肯,1
6718,遍庭槐未肯歸,1
6719,庭槐未肯歸終,1
6720,槐未肯歸終日,1
6721,未肯歸終日與,1
6722,肯歸終日與君,1
6723,歸終日與君除,1
6724,終日與君除蠹,1
6725,日與君除蠹害,1
6726,與君除蠹害莫,1
6727,君除蠹害莫嫌,1
6728,除蠹害莫嫌無,1
6729,蠹害莫嫌無事,1
6730,害莫嫌無事不,1
6731,莫嫌無事不頻,1
6732,嫌無事不頻飛,1
6733,無事不頻飛荷,1
6734,事不頻飛荷花,1
6735,不頻飛荷花明,1
6736,頻飛荷花明滅,1
6737,飛荷花明滅水,1
6738,荷花明滅水煙,1
6739,花明滅水煙空,1
6740,明滅水煙空惆,1
6741,滅水煙空惆悵,1
6742,水煙空惆悵來,1
6743,煙空惆悵來時,1
6744,空惆悵來時徑,1
6745,惆悵來時徑不,1
6746,悵來時徑不同,1
6747,來時徑不同欲,1
6748,時徑不同欲到,1
6749,徑不同欲到前,1
6750,不同欲到前洲,1
6751,同欲到前洲堪,1
6752,欲到前洲堪入,1
6753,到前洲堪入處,1
6754,前洲堪入處鴛,1
6755,洲堪入處鴛鴦,1
6756,入處鴛鴦飛出,1
6757,處鴛鴦飛出碧,1
6758,鴛鴦飛出碧流,1
6759,鴦飛出碧流中,1
6760,飛出碧流中星,1
6761,出碧流中星月,1
6762,碧流中星月相,1
6763,流中星月相逢,1
6764,中星月相逢現,1
6765,星月相逢現此,1
6766,月相逢現此身,1
6767,相逢現此身自,1
6768,逢現此身自然,1
6769,現此身自然無,1
6770,此身自然無跡,1
6771,身自然無跡又,1
6772,自然無跡又無,1
6773,然無跡又無塵,1
6774,無跡又無塵秋,1
6775,跡又無塵秋來,1
6776,又無塵秋來若,1
6777,無塵秋來若向,1
6778,塵秋來若向金,1
6779,秋來若向金天,1
6780,來若向金天會,1
6781,若向金天會便,1
6782,向金天會便是,1
6783,金天會便是青,1
6784,天會便是青蓮,1
6785,會便是青蓮葉,1
6786,便是青蓮葉上,1
6787,是青蓮葉上人,1
6788,青蓮葉上人春,1
6789,蓮葉上人春溪,1
6790,葉上人春溪繚,1
6791,上人春溪繚繞,1
6792,人春溪繚繞出,1
6793,春溪繚繞出無,1
6794,溪繚繞出無窮,1
6795,繚繞出無窮兩,1
6796,繞出無窮兩岸,1
6797,出無窮兩岸桃,1
6798,無窮兩岸桃花,1
6799,窮兩岸桃花正,1
6800,兩岸桃花正好,1
6801,岸桃花正好風,1
6802,桃花正好風恰,1
6803,花正好風恰是,1
6804,正好風恰是扁,1
6805,好風恰是扁舟,1
6806,風恰是扁舟堪,1
6807,恰是扁舟堪入,1
6808,是扁舟堪入處,1
6809,扁舟堪入處鴛,1
6810,舟堪入處鴛鴦,1
6811,入處鴛鴦飛起,1
6812,處鴛鴦飛起碧,1
6813,鴛鴦飛起碧流,1
6814,鴦飛起碧流中,1
6815,飛起碧流中省,1
6816,起碧流中省中,1
6817,碧流中省中官,1
6818,流中省中官最,1
6819,中省中官最美,1
6820,省中官最美無,1
6821,中官最美無似,1
6822,官最美無似水,1
6823,最美無似水曹,1
6824,美無似水曹郎,1
6825,無似水曹郎前,1
6826,似水曹郎前代,1
6827,水曹郎前代佳,1
6828,曹郎前代佳名,1
6829,郎前代佳名遜,1
6830,前代佳名遜當,1
6831,代佳名遜當時,1
6832,佳名遜當時重,1
6833,名遜當時重姓,1
6834,遜當時重姓張,1
6835,當時重姓張白,1
6836,時重姓張白須,1
6837,重姓張白須吟,1
6838,姓張白須吟麗,1
6839,張白須吟麗句,1
6840,白須吟麗句紅,1
6841,須吟麗句紅葉,1
6842,吟麗句紅葉吐,1
6843,麗句紅葉吐朝,1
6844,句紅葉吐朝陽,1
6845,紅葉吐朝陽徒,1
6846,葉吐朝陽徒有,1
6847,吐朝陽徒有歸,1
6848,朝陽徒有歸山,1
6849,陽徒有歸山意,1
6850,徒有歸山意君,1
6851,有歸山意君恩,1
6852,歸山意君恩未,1
6853,山意君恩未可,1
6854,意君恩未可忘,1
6855,君恩未可忘王,1
6856,恩未可忘王府,1
6857,未可忘王府登,1
6858,可忘王府登朝,1
6859,忘王府登朝後,1
6860,王府登朝後巴,1
6861,府登朝後巴鄉,1
6862,登朝後巴鄉典,1
6863,朝後巴鄉典郡,1
6864,後巴鄉典郡新,1
6865,巴鄉典郡新江,1
6866,鄉典郡新江分,1
6867,典郡新江分入,1
6868,郡新江分入峽,1
6869,新江分入峽路,1
6870,江分入峽路山,1
6871,分入峽路山見,1
6872,入峽路山見采,1
6873,峽路山見采鞭,1
6874,路山見采鞭人,1
6875,山見采鞭人舊,1
6876,見采鞭人舊業,1
6877,采鞭人舊業孤,1
6878,鞭人舊業孤城,1
6879,人舊業孤城夢,1
6880,舊業孤城夢生,1
6881,業孤城夢生祠,1
6882,孤城夢生祠幾,1
6883,城夢生祠幾處,1
6884,夢生祠幾處身,1
6885,生祠幾處身知,1
6886,祠幾處身知君,1
6887,幾處身知君素,1
6888,處身知君素清,1
6889,身知君素清儉,1
6890,知君素清儉料,1
6891,君素清儉料得,1
6892,素清儉料得卻,1
6893,清儉料得卻來,1
6894,儉料得卻來貧,1
6895,料得卻來貧詩,1
6896,得卻來貧詩人,1
6897,卻來貧詩人中,1
6898,來貧詩人中最,1
6899,貧詩人中最屈,1
6900,詩人中最屈無,1
6901,人中最屈無與,1
6902,中最屈無與使,1
6903,最屈無與使君,1
6904,屈無與使君儔,1
6905,無與使君儔白,1
6906,與使君儔白髮,1
6907,使君儔白髮雖,1
6908,君儔白髮雖求,1
6909,儔白髮雖求退,1
6910,白髮雖求退明,1
6911,髮雖求退明時,1
6912,雖求退明時合,1
6913,求退明時合見,1
6914,退明時合見收,1
6915,明時合見收登,1
6916,時合見收登山,1
6917,合見收登山猶,1
6918,見收登山猶自,1
6919,收登山猶自健,1
6920,登山猶自健縱,1
6921,山猶自健縱酒,1
6922,猶自健縱酒可,1
6923,自健縱酒可多,1
6924,健縱酒可多愁,1
6925,縱酒可多愁好,1
6926,酒可多愁好是,1
6927,可多愁好是能,1
6928,多愁好是能騎,1
6929,愁好是能騎馬,1
6930,好是能騎馬相,1
6931,是能騎馬相逢,1
6932,能騎馬相逢見,1
6933,騎馬相逢見鄂,1
6934,馬相逢見鄂州,1
6935,相逢見鄂州樽,1
6936,逢見鄂州樽前,1
6937,見鄂州樽前荊,1
6938,鄂州樽前荊楚,1
6939,州樽前荊楚客,1
6940,樽前荊楚客雲,1
6941,前荊楚客雲外,1
6942,荊楚客雲外思,1
6943,楚客雲外思縈,1
6944,客雲外思縈回,1
6945,雲外思縈回秦,1
6946,外思縈回秦野,1
6947,思縈回秦野春,1
6948,縈回秦野春已,1
6949,回秦野春已盡,1
6950,秦野春已盡商,1
6951,野春已盡商山,1
6952,春已盡商山花,1
6953,已盡商山花正,1
6954,盡商山花正開,1
6955,商山花正開鷗,1
6956,山花正開鷗驚,1
6957,花正開鷗驚帆,1
6958,正開鷗驚帆乍,1
6959,開鷗驚帆乍起,1
6960,鷗驚帆乍起虹,1
6961,驚帆乍起虹見,1
6962,帆乍起虹見雨,1
6963,乍起虹見雨初,1
6964,起虹見雨初來,1
6965,虹見雨初來自,1
6966,見雨初來自有,1
6967,雨初來自有歸,1
6968,初來自有歸期,1
6969,來自有歸期在,1
6970,自有歸期在蟬,1
6971,有歸期在蟬聲,1
6972,歸期在蟬聲處,1
6973,期在蟬聲處處,1
6974,在蟬聲處處催,1
6975,蟬聲處處催木,1
6976,聲處處催木落,1
6977,處處催木落霜,1
6978,處催木落霜飛,1
6979,催木落霜飛天,1
6980,木落霜飛天地,1
6981,落霜飛天地清,1
6982,霜飛天地清空,1
6983,飛天地清空江,1
6984,天地清空江百,1
6985,地清空江百里,1
6986,清空江百里見,1
6987,空江百里見潮,1
6988,江百里見潮生,1
6989,百里見潮生鮮,1
6990,里見潮生鮮飆,1
6991,見潮生鮮飆出,1
6992,潮生鮮飆出海,1
6993,生鮮飆出海魚,1
6994,鮮飆出海魚龍,1
6995,飆出海魚龍氣,1
6996,出海魚龍氣晴,1
6997,海魚龍氣晴雪,1
6998,魚龍氣晴雪噴,1
6999,龍氣晴雪噴山,1
7000,氣晴雪噴山雷,1
7001,晴雪噴山雷鼓,1
7002,雪噴山雷鼓聲,1
7003,噴山雷鼓聲雲,1
7004,山雷鼓聲雲日,1
7005,雷鼓聲雲日半,1
7006,鼓聲雲日半陰,1
7007,聲雲日半陰川,1
7008,雲日半陰川漸,1
7009,日半陰川漸滿,1
7010,半陰川漸滿客,1
7011,陰川漸滿客帆,1
7012,川漸滿客帆皆,1
7013,漸滿客帆皆過,1
7014,滿客帆皆過浪,1
7015,客帆皆過浪難,1
7016,帆皆過浪難平,1
7017,皆過浪難平高,1
7018,過浪難平高樓,1
7019,浪難平高樓曉,1
7020,難平高樓曉望,1
7021,平高樓曉望無,1
7022,高樓曉望無窮,1
7023,樓曉望無窮意,1
7024,曉望無窮意丹,1
7025,望無窮意丹葉,1
7026,無窮意丹葉黃,1
7027,窮意丹葉黃花,1
7028,意丹葉黃花繞,1
7029,丹葉黃花繞郡,1
7030,葉黃花繞郡城,1
7031,黃花繞郡城湖,1
7032,花繞郡城湖上,1
7033,繞郡城湖上微,1
7034,郡城湖上微風,1
7035,城湖上微風小,1
7036,湖上微風小檻,1
7037,上微風小檻涼,1
7038,微風小檻涼翻,1
7039,風小檻涼翻翻,1
7040,小檻涼翻翻菱,1
7041,檻涼翻翻菱荇,1
7042,涼翻翻菱荇滿,1
7043,翻翻菱荇滿回,1
7044,翻菱荇滿回塘,1
7045,菱荇滿回塘野,1
7046,荇滿回塘野船,1
7047,滿回塘野船著,1
7048,回塘野船著岸,1
7049,塘野船著岸入,1
7050,野船著岸入春,1
7051,船著岸入春草,1
7052,著岸入春草水,1
7053,岸入春草水鳥,1
7054,入春草水鳥帶,1
7055,春草水鳥帶波,1
7056,草水鳥帶波飛,1
7057,水鳥帶波飛夕,1
7058,鳥帶波飛夕陽,1
7059,帶波飛夕陽蘆,1
7060,波飛夕陽蘆葉,1
7061,飛夕陽蘆葉有,1
7062,夕陽蘆葉有聲,1
7063,陽蘆葉有聲疑,1
7064,蘆葉有聲疑露,1
7065,葉有聲疑露雨,1
7066,有聲疑露雨浪,1
7067,聲疑露雨浪花,1
7068,疑露雨浪花無,1
7069,露雨浪花無際,1
7070,雨浪花無際似,1
7071,浪花無際似瀟,1
7072,花無際似瀟湘,1
7073,無際似瀟湘飄,1
7074,際似瀟湘飄然,1
7075,似瀟湘飄然蓬,1
7076,瀟湘飄然蓬艇,1
7077,湘飄然蓬艇東,1
7078,飄然蓬艇東歸,1
7079,然蓬艇東歸客,1
7080,蓬艇東歸客盡,1
7081,艇東歸客盡日,1
7082,東歸客盡日相,1
7083,歸客盡日相看,1
7084,客盡日相看憶,1
7085,盡日相看憶楚,1
7086,日相看憶楚鄉,1
7087,相看憶楚鄉慵,1
7088,看憶楚鄉慵拙,1
7089,憶楚鄉慵拙幸,1
7090,楚鄉慵拙幸便,1
7091,鄉慵拙幸便荒,1
7092,慵拙幸便荒僻,1
7093,拙幸便荒僻地,1
7094,幸便荒僻地縱,1
7095,便荒僻地縱聞,1
7096,荒僻地縱聞猿,1
7097,僻地縱聞猿鳥,1
7098,地縱聞猿鳥亦,1
7099,縱聞猿鳥亦何,1
7100,聞猿鳥亦何愁,1
7101,猿鳥亦何愁偶,1
7102,鳥亦何愁偶因,1
7103,亦何愁偶因藥,1
7104,何愁偶因藥酒,1
7105,愁偶因藥酒欺,1
7106,偶因藥酒欺梅,1
7107,因藥酒欺梅雨,1
7108,藥酒欺梅雨卻,1
7109,酒欺梅雨卻著,1
7110,欺梅雨卻著寒,1
7111,梅雨卻著寒衣,1
7112,雨卻著寒衣過,1
7113,卻著寒衣過麥,1
7114,著寒衣過麥秋,1
7115,寒衣過麥秋歲,1
7116,衣過麥秋歲計,1
7117,過麥秋歲計有,1
7118,麥秋歲計有餘,1
7119,秋歲計有餘添,1
7120,歲計有餘添橡,1
7121,計有餘添橡實,1
7122,有餘添橡實生,1
7123,餘添橡實生涯,1
7124,添橡實生涯一,1
7125,橡實生涯一半,1
7126,實生涯一半在,1
7127,生涯一半在漁,1
7128,涯一半在漁舟,1
7129,一半在漁舟世,1
7130,半在漁舟世人,1
7131,在漁舟世人若,1
7132,漁舟世人若便,1
7133,舟世人若便無,1
7134,世人若便無知,1
7135,人若便無知己,1
7136,若便無知己應,1
7137,便無知己應向,1
7138,無知己應向此,1
7139,知己應向此溪,1
7140,己應向此溪成,1
7141,應向此溪成白,1
7142,向此溪成白頭,1
7143,此溪成白頭七,1
7144,溪成白頭七千,1
7145,成白頭七千里,1
7146,白頭七千里別,1
7147,頭七千里別寧,1
7148,七千里別寧無,1
7149,千里別寧無恨,1
7150,里別寧無恨且,1
7151,別寧無恨且貴,1
7152,寧無恨且貴從,1
7153,無恨且貴從軍,1
7154,恨且貴從軍樂,1
7155,且貴從軍樂事,1
7156,貴從軍樂事多,1
7157,從軍樂事多不,1
7158,軍樂事多不駐,1
7159,樂事多不駐節,1
7160,事多不駐節旄,1
7161,多不駐節旄先,1
7162,不駐節旄先候,1
7163,駐節旄先候發,1
7164,節旄先候發偶,1
7165,旄先候發偶逢,1
7166,先候發偶逢山,1
7167,候發偶逢山寺,1
7168,發偶逢山寺亦,1
7169,偶逢山寺亦難,1
7170,逢山寺亦難過,1
7171,山寺亦難過蠻,1
7172,寺亦難過蠻人,1
7173,亦難過蠻人獨,1
7174,難過蠻人獨放,1
7175,過蠻人獨放畬,1
7176,蠻人獨放畬田,1
7177,人獨放畬田火,1
7178,獨放畬田火海,1
7179,放畬田火海獸,1
7180,畬田火海獸群,1
7181,田火海獸群遊,1
7182,火海獸群遊落,1
7183,海獸群遊落日,1
7184,獸群遊落日波,1
7185,群遊落日波遠,1
7186,遊落日波遠作,1
7187,落日波遠作受,1
7188,日波遠作受恩,1
7189,波遠作受恩身,1
7190,遠作受恩身不,1
7191,作受恩身不易,1
7192,受恩身不易莫,1
7193,恩身不易莫拋,1
7194,身不易莫拋書,1
7195,不易莫拋書劍,1
7196,易莫拋書劍近,1
7197,莫拋書劍近笙,1
7198,拋書劍近笙歌,1
