排名,詞彙,出現次數
1,千里,10
2,明月,9
3,鳳凰,9
4,白雲,9
5,今日,9
6,天子,8
7,楚王,7
8,萬里,7
9,三秋,6
10,仙人,6
11,何當,6
12,悠哉,5
13,青山,5
14,帝鄉,5
15,千年,5
16,方知,5
17,裴回,4
18,故人,4
19,四海,4
20,如可,4
21,秋月,4
22,參差,4
23,風霜,4
24,入楚,4
25,君王,4
26,歡娛,4
27,向秦,4
28,還將,4
29,九日,4
30,花明,4
31,花發,4
32,將軍,4
33,西秦,4
34,誰識,4
35,五色,4
36,半月,4
37,誰知,4
38,來何,4
39,上林,4
40,帝王,3
41,禦氣,3
42,開天,3
43,長安,3
44,氤氳,3
45,千載,3
46,壇場,3
47,雲起,3
48,南枝,3
49,氛氳,3
50,蓋影,3
51,佳人,3
52,芳樹,3
53,朝夕,3
54,黃金,3
55,一朝,3
56,不見,3
57,三河,3
58,南山,3
59,千齡,3
60,歌舞,3
61,汾水,3
62,水上,3
63,漢帝,3
64,紫霄,3
65,二月,3
66,花含,3
67,承天,3
68,煙霞,3
69,誰言,3
70,紫煙,3
71,入帝,3
72,擲地,3
73,綠池,3
74,落日,3
75,席上,3
76,芳菲,3
77,韶光,3
78,十旬,3
79,春光,3
80,入夜,3
81,涿鹿,3
82,花開,3
83,仙客,3
84,初擊,3
85,含風,3
86,鳳影,3
87,烏鵲,3
88,無複,3
89,聯翩,3
90,舒卷,3
91,山水,3
92,月光,3
93,三軍,3
94,龍影,3
95,玉塞,3
96,君子,3
97,花落,3
98,獨有,3
99,玉井,3
100,瑤池,3
101,莫言,3
102,劍動,3
103,亭亭,2
104,亭出,2
105,皎皎,2
106,色帶,2
107,光含,2
108,影度,2
109,寒催,2
110,人杯,2
111,朱邸,2
112,西園,2
113,簷迥,2
114,勝情,2
115,金玉,2
116,漢室,2
117,氣今,2
118,萬乘,2
119,輝光,2
120,雲外,2
121,懸磬,2
122,寒光,2
123,蛟龍,2
124,道路,2
125,路長,2
126,長顧,2
127,大廈,2
128,朔方,2
129,王事,2
130,旬無,2
131,相望,2
132,驅車,2
133,草木,2
134,古今,2
135,開今,2
136,合千,2
137,懷賢,2
138,窈窕,2
139,星稀,2
140,川路,2
141,路幾,2
142,幾悠,2
143,年瑞,2
144,寒露,2
145,夜夜,2
146,皇恩,2
147,黃石,2
148,日落,2
149,春色,2
150,飛花,2
151,思遊,2
152,遊客,2
153,丹桂,2
154,晚雲,2
155,起蒼,2
156,蒼梧,2
157,紫陌,2
158,寶劍,2
159,露滋,2
160,雲中,2
161,苦辛,2
162,洛陽,2
163,伊川,2
164,和風,2
165,大樑,2
166,殊未,2
167,錦文,2
168,觸石,2
169,石來,2
170,萬年,2
171,從龍,2
172,青鳥,2
173,園樓,2
174,千金,2
175,二八,2
176,庭前,2
177,綠水,2
178,七星,2
179,星文,2
180,白虹,2
181,宛轉,2
182,未擬,2
183,紫微,2
184,漢家,2
185,賦詩,2
186,高宴,2
187,河東,2
188,太守,2
189,鑾輿,2
190,觀空,2
191,空裏,2
192,駐蹕,2
193,煒燁,2
194,棹歌,2
195,千秋,2
196,寂寞,2
197,鼎湖,2
198,不可,2
199,青樓,2
200,年年,2
201,飛漢,2
202,關山,2
203,山月,2
204,路塵,2
205,李樹,2
206,空對,2
207,春別,2
208,降紫,2
209,接南,2
210,承恩,2
211,還鑣,2
212,早聞,2
213,裏發,2
214,葉向,2
215,傳芳,2
216,升高,2
217,樓上,2
218,雪驚,2
219,還疑,2
220,疑上,2
221,萬壽,2
222,年光,2
223,花隨,2
224,陟紫,2
225,禦筵,2
226,歡賞,2
227,鵲填,2
228,千尋,2
229,仙輿,2
230,陳寶,2
231,霄近,2
232,彩旃,2
233,旃還,2
234,入紫,2
235,平陵,2
236,樹低,2
237,同雲,2
238,煙飛,2
239,飛雪,2
240,六出,2
241,迎仙,2
242,金方,2
243,紫雲,2
244,萬騎,2
245,何日,2
246,朝光,2
247,池上,2
248,花庭,2
249,支機,2
250,野人,2
251,青門,2
252,從此,2
253,他鄉,2
254,晴虹,2
255,令節,2
256,騎行,2
257,珠履,2
258,陪仙,2
259,仙駕,2
260,遷喬,2
261,征棹,2
262,台夕,2
263,欲開,2
264,迎寒,2
265,水曲,2
266,風景,2
267,溝水,2
268,岐路,2
269,落梅,2
270,何以,2
271,曲中,2
272,萬重,2
273,遊人,2
274,竹林,2
275,秋霜,2
276,歡情,2
277,還泛,2
278,花影,2
279,乘春,2
280,三春,2
281,葉暗,2
282,多賞,2
283,尊酒,2
284,朱樓,2
285,長池,2
286,映火,2
287,桂酒,2
288,黃葉,2
289,秋風,2
290,有餘,2
291,餘歡,2
292,四序,2
293,九秋,2
294,還當,2
295,月夜,2
296,相從,2
297,從白,2
298,隨入,2
299,別有,2
300,舞應,2
301,應絲,2
302,絲桐,2
303,日暮,2
304,含芳,2
305,玉關,2
306,含晚,2
307,雲葉,2
308,不歸,2
309,弄紫,2
310,紫霞,2
311,作銘,2
312,曲長,2
313,丹青,2
314,琴哀,2
315,唯當,2
316,開二,2
317,三台,2
318,老臣,2
319,賢人,2
320,疑鳳,2
321,動臨,2
322,臨秋,2
323,鬱鬱,2
324,氣淩,2
325,上翠,2
326,闕路,2
327,倘入,2
328,非熊,2
329,西北,2
330,北雲,2
331,東南,2
332,影風,2
333,風前,2
334,上開,2
335,瑞雪,2
336,翠氛,2
337,新花,2
338,已開,2
339,錦中,2
340,歸倘,2
341,銷憂,2
342,響長,2
343,鳳出,2
344,作賦,2
345,龍鱗,2
346,擊壤,2
347,日中,2
348,月輝,2
349,三江,2
350,里回,2
351,馬來,2
352,披蘭,2
353,蘭葉,2
354,丹鳳,2
355,陳王,2
356,驚禦,2
357,禦史,2
358,一萬,2
359,紫禁,2
360,重開,2
361,方朔,2
362,奇才,2
363,司馬,2
364,彈琴,2
365,兔月,2
366,銅台,2
367,魏君,2
368,向日,2
369,蓮花,2
370,淨含,2
371,辭第,2
372,太液,2
373,龍形,2
374,動秋,2
375,魚鳥,2
376,百尺,2
377,落星,2
378,飛妙,2
379,鴻儒,2
380,知懷,2
381,裏新,2
382,七步,2
383,擅美,2
384,初下,2
385,大夫,2
386,龍文,2
387,見臨,2
388,鳥跡,2
389,河圖,2
390,君看,2
391,迢遞,2
392,入燕,2
393,知名,2
394,落花,2
395,莫驚,2
396,水隈,2
397,中開,2
398,鸚鵡,2
399,日王,2
400,繞畫,2
401,落含,2
402,名列,2
403,梁上,2
404,前莫,2
405,流水,2
406,俠客,2
407,似月,2
408,質本,2
409,威振,2
410,遠方,2
411,玉彩,2
412,星芒,2
413,月虹,2
414,影麗,2
415,天山,2
416,金門,2
417,聲向,2
418,似雷,2
419,月明,2
420,林隈,2
421,鳴琴,2
422,月下,2
423,傳名,2
424,舞鳳,2
425,嘉賓,2
426,花拂,2
427,希君,2
428,下來,2
429,北裏,2
430,含霜,2
431,霜動,2
432,夜清,2
433,隴頭,2
434,逐吹,2
435,含春,2
436,子賦,2
437,聲隨,2
438,純孝,2
439,白雪,2
440,行雲,2
441,願君,2
442,非君,2
443,誰賞,2
444,先過,2
445,欲向,2
446,色光,2
447,仙闕,2
448,漢日,2
449,漢使,2
450,回文,2
451,若逢,2
452,行人,2
453,發秋,2
454,月來,2
455,子馭,2
456,四門,2
457,門五,2
458,桂香,2
459,香浮,2
460,霞上,2
461,先生,2
462,翡翠,2
463,逐鳳,2
464,清風,2
465,決勝,2
466,勝策,2
467,幾含,2
468,神仙,2
469,北堂,2
470,含情,2
471,凰來,2
472,臨風,2
473,竹葉,2
474,招尋,2
475,湘水,2
476,思君,2
477,金堤,2
478,衡陽,2
479,來香,2
480,落蓋,2
481,動金,2
482,玉殿,2
483,月花,2
484,自然,2
485,攀折,2
486,鳳文,2
487,若令,2
488,令逢,2
489,冀識,2
490,去來,2
491,方重,2
492,黃鶴,2
493,猶冀,2
494,靈台,2
495,裏朝,2
496,童子,2
497,朝游,2
498,藏書,2
499,帝台,2
500,林開,2
501,萍葉,2
502,映雪,2
503,調琴,2
504,成田,2
505,聖君,2
506,猶疑,2
507,紫宸,2
508,還結,2
509,塞北,2
510,時來,2
511,轍跡,2
512,萬方,2
513,迢迢,2
514,薜幄,2
515,里月,2
516,望白,2
517,山花,2
518,英藩,2
519,北岩,2
520,攜手,2
521,不能,2
522,故欲,2
523,愁客,1
524,客坐,1
525,坐山,1
526,山隈,1
527,隈懷,1
528,懷抱,1
529,抱自,1
530,自悠,1
531,哉況,1
532,況複,1
533,複高,1
534,高秋,1
535,秋夕,1
536,夕明,1
537,月正,1
538,正裴,1
539,回亭,1
540,出迥,1
541,迥岫,1
542,岫皎,1
543,皎映,1
544,映層,1
545,層台,1
546,台色,1
547,帶銀,1
548,銀河,1
549,河滿,1
550,滿光,1
551,含玉,1
552,玉露,1
553,露開,1
554,開淡,1
555,淡雲,1
556,雲籠,1
557,籠影,1
558,度虛,1
559,虛暈,1
560,暈抱,1
561,抱輪,1
562,輪回,1
563,回谷,1
564,谷邃,1
565,邃涼,1
566,涼陰,1
567,陰靜,1
568,靜山,1
569,山空,1
570,空夜,1
571,夜響,1
572,響哀,1
573,哀寒,1
574,催數,1
575,數雁,1
576,雁過,1
577,過風,1
578,風送,1
579,送一,1
580,一螢,1
581,螢來,1
582,來獨,1
583,獨軫,1
584,軫離,1
585,離居,1
586,居恨,1
587,恨遙,1
588,遙想,1
589,想故,1
590,杯列,1
591,列位,1
592,位簪,1
593,簪纓,1
594,纓序,1
595,序隱,1
596,隱居,1
597,居林,1
598,林野,1
599,野躅,1
600,躅徇,1
601,徇物,1
602,物爽,1
603,爽全,1
604,全直,1
605,直棲,1
606,棲真,1
607,真昧,1
608,昧均,1
609,均俗,1
610,俗若,1
611,若人,1
612,人兼,1
613,兼吏,1
614,吏隱,1
615,隱率,1
616,率性,1
617,性夷,1
618,夷榮,1
619,榮辱,1
620,辱地,1
621,地藉,1
622,藉朱,1
623,邸基,1
624,基家,1
625,家在,1
626,在青,1
627,山足,1
628,足暫,1
629,暫弭,1
630,弭西,1
631,園蓋,1
632,蓋言,1
633,言事,1
634,事東,1
635,東皋,1
636,皋粟,1
637,粟築,1
638,築室,1
639,室俯,1
640,俯澗,1
641,澗濱,1
642,濱開,1
643,開扉,1
644,扉面,1
645,面岩,1
646,岩曲,1
647,曲庭,1
648,庭幽,1
649,幽引,1
650,引夕,1
651,夕霧,1
652,霧簷,1
653,迥通,1
654,通晨,1
655,晨旭,1
656,旭迎,1
657,迎秋,1
658,秋谷,1
659,谷黍,1
660,黍黃,1
661,黃含,1
662,含露,1
663,露園,1
664,園葵,1
665,葵綠,1
666,綠勝,1
667,情狎,1
668,狎蘭,1
669,蘭杜,1
670,杜雅,1
671,雅韻,1
672,韻鏘,1
673,鏘金,1
674,玉伊,1
675,伊我,1
676,我懷,1
677,懷丘,1
678,丘園,1
679,園願,1
680,願心,1
681,心從,1
682,從所,1
683,所欲,1
684,欲四,1
685,海帝,1
686,王家,1
687,家兩,1
688,兩都,1
689,都周,1
690,周漢,1
691,室觀,1
692,觀風,1
693,風昔,1
694,昔來,1
695,來幸,1
696,幸禦,1
697,今旋,1
698,旋蹕,1
699,蹕雷,1
700,雷奮,1
701,奮六,1
702,六合,1
703,合開,1
704,天行,1
705,行萬,1
706,乘出,1
707,出玄,1
708,玄冥,1
709,冥奉,1
710,奉時,1
711,時駕,1
712,駕白,1
713,白拒,1
714,拒參,1
715,參戎,1
716,戎律,1
717,律後,1
718,後隊,1
719,隊咽,1
720,咽笳,1
721,笳簫,1
722,簫前,1
723,前驅,1
724,驅嚴,1
725,嚴罕,1
726,罕畢,1
727,畢輝,1
728,光射,1
729,射東,1
730,東井,1
731,井禁,1
732,禁令,1
733,令橫,1
734,橫西,1
735,西秩,1
736,秩帳,1
737,帳殿,1
738,殿別,1
739,別陽,1
740,陽秋,1
741,秋旌,1
742,旌門,1
743,門臨,1
744,臨甲,1
745,甲乙,1
746,乙將,1
747,將交,1
748,交洛,1
749,洛城,1
750,城雨,1
751,雨稍,1
752,稍遠,1
753,遠長,1
754,安日,1
755,日邙,1
756,邙鞏,1
757,鞏雲,1
758,外來,1
759,來咸,1
760,咸秦,1
761,秦霧,1
762,霧中,1
763,中失,1
764,失孟,1
765,孟冬,1
766,冬霜,1
767,霜霰,1
768,霰下,1
769,下是,1
770,是月,1
771,月農,1
772,農功,1
773,功畢,1
774,畢天,1
775,天道,1
776,道向,1
777,向歸,1
778,歸餘,1
779,餘皇,1
780,皇情,1
781,情美,1
782,美陰,1
783,陰騭,1
784,騭行,1
785,行存,1
786,存名,1
787,名嶽,1
788,嶽禮,1
789,禮遞,1
790,遞問,1
791,問高,1
792,高年,1
793,年疾,1
794,疾祝,1
795,祝鳥,1
796,鳥既,1
797,既開,1
798,開羅,1
799,羅調,1
800,調人,1
801,人更,1
802,更張,1
803,張瑟,1
804,瑟登,1
805,登原,1
806,原采,1
807,采謳,1
808,謳誦,1
809,誦俯,1
810,俯穀,1
811,穀求,1
812,求才,1
813,才術,1
814,術邑,1
815,邑罕,1
816,罕懸,1
817,磬貧,1
818,貧山,1
819,山無,1
820,無掛,1
821,掛瓢,1
822,瓢逸,1
823,逸施,1
824,施恩,1
825,恩浹,1
826,浹寰,1
827,寰宇,1
828,宇展,1
829,展義,1
830,義該,1
831,該文,1
832,文質,1
833,質德,1
834,德澤,1
835,澤盛,1
836,盛軒,1
837,軒遊,1
838,遊哀,1
839,哀矜,1
840,矜深,1
841,深禹,1
842,禹恤,1
843,恤申,1
844,申歌,1
845,歌地,1
846,地廬,1
847,廬駭,1
848,駭獻,1
849,獻壽,1
850,壽衢,1
851,衢尊,1
852,尊溢,1
853,溢瑞,1
854,瑞色,1
855,色抱,1
856,抱氤,1
857,氳寒,1
858,光變,1
859,變蕭,1
860,蕭飋,1
861,飋宗,1
862,宗枝,1
863,枝旦,1
864,旦奭,1
865,奭輔,1
866,輔侍,1
867,侍從,1
868,從王,1
869,王劉,1
870,劉匹,1
871,匹並,1
872,並輯,1
873,輯蛟,1
874,龍書,1
875,書同,1
876,同簪,1
877,簪鳳,1
878,凰筆,1
879,筆陶,1
880,陶甄,1
881,甄荷,1
882,荷吹,1
883,吹萬,1
884,萬頌,1
885,頌漢,1
886,漢歸,1
887,歸明,1
888,明一,1
889,一歡,1
890,歡與,1
891,與道,1
892,顧隨,1
893,隨談,1
894,談笑,1
895,笑密,1
896,密叨,1
897,叨承,1
898,承廊,1
899,廊廟,1
900,廟選,1
901,選謬,1
902,謬齒,1
903,齒夔,1
904,夔龍,1
905,龍弼,1
906,弼喜,1
907,喜構,1
908,構大,1
909,廈成,1
910,成慚,1
911,慚非,1
912,非棟,1
913,棟隆,1
914,隆吉,1
915,吉奉,1
916,奉詔,1
917,詔受,1
918,受邊,1
919,邊服,1
920,服總,1
921,總徒,1
922,徒築,1
923,築朔,1
924,方驅,1
925,驅彼,1
926,彼犬,1
927,犬羊,1
928,羊族,1
929,族正,1
930,正此,1
931,此戎,1
932,戎夏,1
933,夏疆,1
934,疆子,1
935,子來,1
936,來多,1
937,多悅,1
938,悅豫,1
939,豫王,1
940,事寧,1
941,寧怠,1
942,怠遑,1
943,遑三,1
944,三旬,1
945,無愆,1
946,愆期,1
947,期百,1
948,百雉,1
949,雉鬱,1
950,鬱相,1
951,望雄,1
952,雄視,1
953,視沙,1
954,沙漠,1
955,漠垂,1
956,垂有,1
957,有截,1
958,截北,1
959,北海,1
960,海陽,1
961,陽二,1
962,二庭,1
963,庭已,1
964,已頓,1
965,頓顙,1
966,顙五,1
967,五嶺,1
968,嶺盡,1
969,盡來,1
970,來王,1
971,王驅,1
972,車登,1
973,登崇,1
974,崇墉,1
975,墉顧,1
976,顧眄,1
977,眄淩,1
978,淩大,1
979,大荒,1
980,荒千,1
981,里何,1
982,何蕭,1
983,蕭條,1
984,條草,1
985,木自,1
986,自悲,1
987,悲涼,1
988,涼憑,1
989,憑軾,1
990,軾訊,1
991,訊古,1
992,今慨,1
993,慨焉,1
994,焉感,1
995,感興,1
996,興亡,1
997,亡漢,1
998,漢障,1
999,障緣,1
1000,緣河,1
1001,河遠,1
1002,遠秦,1
1003,秦城,1
1004,城入,1
1005,入海,1
1006,海長,1
1007,顧無,1
1008,無廟,1
1009,廟堂,1
1010,堂策,1
1011,策貽,1
1012,貽此,1
1013,此中,1
1014,中夏,1
1015,夏殃,1
1016,殃道,1
1017,道隱,1
1018,隱前,1
1019,前業,1
1020,業衰,1
1021,衰運,1
1022,運開,1
1023,今化,1
1024,化昌,1
1025,昌制,1
1026,制為,1
1027,為百,1
1028,百王,1
1029,王式,1
1030,式舉,1
1031,舉合,1
1032,載防,1
1033,防馬,1
1034,馬牛,1
1035,牛被,1
1036,被路,1
1037,路隅,1
1038,隅鋒,1
1039,鋒鏑,1
1040,鏑銷,1
1041,銷戰,1
1042,戰場,1
1043,場豈,1
1044,豈不,1
1045,不懷,1
1046,賢勞,1
1047,勞所,1
1048,所圖,1
1049,圖在,1
1050,在永,1
1051,永康,1
1052,康王,1
1053,事何,1
1054,何為,1
1055,為者,1
1056,者稱,1
1057,稱代,1
1058,代陳,1
1059,陳頌,1
1060,頌章,1
1061,章合,1
1062,合遝,1
1063,遝岩,1
1064,岩嶂,1
1065,嶂深,1
1066,深朦,1
1067,朦朧,1
1068,朧煙,1
1069,煙霧,1
1070,霧曉,1
1071,曉荒,1
1072,荒阡,1
1073,阡下,1
1074,下樵,1
1075,樵客,1
1076,客野,1
1077,野猿,1
1078,猿驚,1
1079,驚山,1
1080,山鳥,1
1081,鳥開,1
1082,開門,1
1083,門聽,1
1084,聽潺,1
1085,潺湲,1
1086,湲入,1
1087,入徑,1
1088,徑尋,1
1089,尋窈,1
1090,窕棲,1
1091,棲鼯,1
1092,鼯抱,1
1093,抱寒,1
1094,寒木,1
1095,木流,1
1096,流螢,1
1097,螢飛,1
1098,飛暗,1
1099,暗筱,1
1100,筱早,1
1101,早霞,1
1102,霞稍,1
1103,稍霏,1
1104,霏霏,1
1105,霏殘,1
1106,殘月,1
1107,月猶,1
1108,猶皎,1
1109,皎行,1
1110,行看,1
1111,看遠,1
1112,遠星,1
1113,稀漸,1
1114,漸覺,1
1115,覺遊,1
1116,遊氛,1
1117,氛少,1
1118,少我,1
1119,我行,1
1120,行撫,1
1121,撫軺,1
1122,軺傳,1
1123,傳兼,1
1124,兼得,1
1125,得傍,1
1126,傍林,1
1127,林沼,1
1128,沼貪,1
1129,貪玩,1
1130,玩水,1
1131,水石,1
1132,石奇,1
1133,奇不,1
1134,不知,1
1135,知川,1
1136,路渺,1
1137,渺徒,1
1138,徒憐,1
1139,憐野,1
1140,野心,1
1141,心曠,1
1142,曠詎,1
1143,詎惻,1
1144,惻浮,1
1145,浮年,1
1146,年小,1
1147,小方,1
1148,方解,1
1149,解寵,1
1150,寵辱,1
1151,辱情,1
1152,情永,1
1153,永托,1
1154,托累,1
1155,累塵,1
1156,塵表,1
1157,表雲,1
1158,雲端,1
1159,端想,1
1160,想京,1
1161,京縣,1
1162,縣帝,1
1163,鄉如,1
1164,可見,1
1165,見天,1
1166,天涯,1
1167,涯望,1
1168,望越,1
1169,越台,1
1170,台海,1
1171,海路,1
1172,哉六,1
1173,六月,1
1174,月飛,1
1175,飛鵬,1
1176,鵬去,1
1177,去三,1
1178,三年,1
1179,瑞雉,1
1180,雉來,1
1181,來境,1
1182,境遙,1
1183,遙銅,1
1184,銅柱,1
1185,柱出,1
1186,出山,1
1187,山險,1
1188,險石,1
1189,石門,1
1190,門開,1
1191,開自,1
1192,自我,1
1193,我違,1
1194,違瀍,1
1195,瀍洛,1
1196,洛瞻,1
1197,瞻途,1
1198,途屢,1
1199,屢揮,1
1200,揮霍,1
1201,霍朝,1
1202,朝朝,1
1203,朝寒,1
1204,露多,1
1205,多夜,1
1206,夜征,1
1207,征衣,1
1208,衣薄,1
1209,薄白,1
1210,白簡,1
1211,簡承,1
1212,承朝,1
1213,朝憲,1
1214,憲朱,1
1215,朱方,1
1216,方撫,1
1217,撫夷,1
1218,夷落,1
1219,落既,1
1220,既弘,1
1221,弘天,1
1222,天覆,1
1223,覆廣,1
1224,廣且,1
1225,且諭,1
1226,諭皇,1
1227,恩博,1
1228,博皇,1
1229,恩溢,1
1230,溢外,1
1231,外區,1
1232,區憬,1
1233,憬俗,1
1234,俗詠,1
1235,詠來,1
1236,來蘇,1
1237,蘇聲,1
1238,聲朔,1
1239,朔臣,1
1240,臣天,1
1241,子壇,1
1242,場拜,1
1243,拜老,1
1244,老夫,1
1245,夫絳,1
1246,絳宮,1
1247,宮韜,1
1248,韜將,1
1249,將略,1
1250,略黃,1
1251,石寢,1
1252,寢兵,1
1253,兵符,1
1254,符返,1
1255,返旆,1
1256,旆收,1
1257,收龍,1
1258,龍虎,1
1259,虎空,1
1260,空營,1
1261,營集,1
1262,集鳥,1
1263,鳥烏,1
1264,烏日,1
1265,落澄,1
1266,澄氛,1
1267,氛靄,1
1268,靄憑,1
1269,憑高,1
1270,高視,1
1271,視襟,1
1272,襟帶,1
1273,帶東,1
1274,東甌,1
1275,甌抗,1
1276,抗於,1
1277,於越,1
1278,越南,1
1279,南斗,1
1280,斗臨,1
1281,臨吳,1
1282,吳會,1
1283,會春,1
1284,色繞,1
1285,繞邊,1
1286,邊陲,1
1287,陲飛,1
1288,花出,1
1289,出荒,1
1290,荒外,1
1291,外卉,1
1292,卉服,1
1293,服紛,1
1294,紛如,1
1295,如積,1
1296,積長,1
1297,長川,1
1298,川思,1
1299,客風,1
1300,風生,1
1301,生丹,1
1302,桂晚,1
1303,梧夕,1
1304,夕去,1
1305,去舳,1
1306,舳艤,1
1307,艤清,1
1308,清江,1
1309,江歸,1
1310,歸軒,1
1311,軒趨,1
1312,趨紫,1
1313,陌衣,1
1314,衣裳,1
1315,裳會,1
1316,會百,1
1317,百蠻,1
1318,蠻琛,1
1319,琛贐,1
1320,贐委,1
1321,委重,1
1322,重關,1
1323,關不,1
1324,不學,1
1325,學金,1
1326,金刀,1
1327,刀使,1
1328,使空,1
1329,空持,1
1330,持寶,1
1331,劍還,1
1332,還可,1
1333,可憐,1
1334,憐鷓,1
1335,鷓鴣,1
1336,鴣飛,1
1337,飛飛,1
1338,飛向,1
1339,向樹,1
1340,樹南,1
1341,枝南,1
1342,枝日,1
1343,日照,1
1344,照暖,1
1345,暖北,1
1346,北枝,1
1347,枝霜,1
1348,霜露,1
1349,滋露,1
1350,滋不,1
1351,不堪,1
1352,堪棲,1
1353,棲使,1
1354,使我,1
1355,我常,1
1356,常夜,1
1357,夜啼,1
1358,啼願,1
1359,願逢,1
1360,逢雲,1
1361,中鶴,1
1362,鶴銜,1
1363,銜我,1
1364,我向,1
1365,向寥,1
1366,寥廓,1
1367,廓願,1
1368,願作,1
1369,作城,1
1370,城上,1
1371,上烏,1
1372,烏一,1
1373,一年,1
1374,年生,1
1375,生九,1
1376,九雛,1
1377,雛何,1
1378,何不,1
1379,不舊,1
1380,舊巢,1
1381,巢住,1
1382,住枝,1
1383,枝弱,1
1384,弱不,1
1385,不得,1
1386,得去,1
1387,去何,1
1388,何意,1
1389,意道,1
1390,道苦,1
1391,辛客,1
1392,客子,1
1393,子常,1
1394,常畏,1
1395,畏人,1
1396,人晴,1
1397,晴曉,1
1398,曉國,1
1399,國門,1
1400,門通,1
1401,通都,1
1402,都門,1
1403,門藹,1
1404,藹將,1
1405,將發,1
1406,發紛,1
1407,紛紛,1
1408,紛洛,1
1409,陽道,1
1410,道南,1
1411,南望,1
1412,望伊,1
1413,川闕,1
1414,闕衍,1
1415,衍漾,1
1416,漾乘,1
1417,乘和,1
1418,風清,1
1419,清明,1
1420,明送,1
1421,送芬,1
1422,芬月,1
1423,月林,1
1424,林窺,1
1425,窺二,1
1426,二山,1
1427,山動,1
1428,動水,1
1429,水見,1
1430,見千,1
1431,千龕,1
1432,龕越,1
1433,越羅,1
1434,羅袂,1
1435,袂罥,1
1436,罥楊,1
1437,楊絲,1
1438,絲香,1
1439,香橈,1
1440,橈犯,1
1441,犯苔,1
1442,苔發,1
1443,發群,1
1444,群心,1
1445,心行,1
1446,行樂,1
1447,樂未,1
1448,未唯,1
1449,唯恐,1
1450,恐流,1
1451,流芳,1
1452,芳歇,1
1453,歇大,1
1454,樑白,1
1455,起氛,1
1456,氳殊,1
1457,未歇,1
1458,歇錦,1
1459,文觸,1
1460,來蓋,1
1461,影淩,1
1462,淩天,1
1463,天發,1
1464,發煙,1
1465,煙煴,1
1466,煴萬,1
1467,年樹,1
1468,樹掩,1
1469,掩映,1
1470,映三,1
1471,月會,1
1472,會入,1
1473,入大,1
1474,大風,1
1475,風歌,1
1476,歌從,1
1477,龍赴,1
1478,赴圓,1
1479,圓闕,1
1480,闕傳,1
1481,傳書,1
1482,書青,1
1483,鳥迎,1
1484,迎簫,1
1485,簫鳳,1
1486,鳳巫,1
1487,巫嶺,1
1488,嶺荊,1
1489,荊台,1
1490,台數,1
1491,數通,1
1492,通夢,1
1493,夢誰,1
1494,誰家,1
1495,家窈,1
1496,窕住,1
1497,住園,1
1498,樓五,1
1499,五馬,1
1500,馬千,1
1501,金照,1
1502,照陌,1
1503,陌頭,1
1504,頭羅,1
1505,羅裙,1
1506,裙玉,1
1507,玉佩,1
1508,佩當,1
1509,當軒,1
1510,軒出,1
1511,出點,1
1512,點翠,1
1513,翠施,1
1514,施紅,1
1515,紅競,1
1516,競春,1
1517,春日,1
1518,日佳,1
1519,人二,1
1520,八盛,1
1521,盛舞,1
1522,舞歌,1
1523,歌羞,1
1524,羞將,1
1525,將百,1
1526,百萬,1
1527,萬呈,1
1528,呈雙,1
1529,雙蛾,1
1530,蛾庭,1
1531,前芳,1
1532,樹朝,1
1533,夕改,1
1534,改空,1
1535,空駐,1
1536,駐妍,1
1537,妍華,1
1538,華欲,1
1539,欲誰,1
1540,誰待,1
1541,待吳,1
1542,吳山,1
1543,山開,1
1544,開越,1
1545,越溪,1
1546,溪涸,1
1547,涸三,1
1548,三金,1
1549,金合,1
1550,合冶,1
1551,冶成,1
1552,成寶,1
1553,寶鍔,1
1554,鍔淬,1
1555,淬綠,1
1556,水鑒,1
1557,鑒紅,1
1558,紅雲,1
1559,雲五,1
1560,五采,1
1561,采焰,1
1562,焰起,1
1563,起光,1
1564,光氛,1
1565,氳背,1
1566,背上,1
1567,上銘,1
1568,銘為,1
1569,為萬,1
1570,年字,1
1571,字胸,1
1572,胸前,1
1573,前點,1
1574,點作,1
1575,作七,1
1576,文龜,1
1577,龜甲,1
1578,甲參,1
1579,差白,1
1580,虹色,1
1581,色轆,1
1582,轆轤,1
1583,轤宛,1
1584,轉黃,1
1585,金飾,1
1586,飾駭,1
1587,駭犀,1
1588,犀中,1
1589,中斷,1
1590,斷甯,1
1591,甯方,1
1592,方利,1
1593,利駿,1
1594,駿馬,1
1595,馬群,1
1596,群騑,1
1597,騑未,1
1598,擬直,1
1599,直風,1
1600,霜凜,1
1601,凜凜,1
1602,凜匣,1
1603,匣上,1
1604,上清,1
1605,清精,1
1606,精氣,1
1607,氣遙,1
1608,遙遙,1
1609,遙鬥,1
1610,鬥間,1
1611,間明,1
1612,明避,1
1613,避災,1
1614,災朝,1
1615,朝穿,1
1616,穿晉,1
1617,晉帝,1
1618,帝屋,1
1619,屋逃,1
1620,逃亂,1
1621,亂夜,1
1622,夜入,1
1623,王城,1
1624,城一,1
1625,朝運,1
1626,運偶,1
1627,偶逢,1
1628,逢大,1
1629,大仙,1
1630,仙虎,1
1631,虎吼,1
1632,吼龍,1
1633,龍鳴,1
1634,鳴騰,1
1635,騰上,1
1636,上天,1
1637,天東,1
1638,東皇,1
1639,皇提,1
1640,提升,1
1641,升紫,1
1642,微座,1
1643,座西,1
1644,西皇,1
1645,皇佩,1
1646,佩下,1
1647,下赤,1
1648,赤城,1
1649,城田,1
1650,田承,1
1651,承平,1
1652,平久,1
1653,久息,1
1654,息干,1
1655,干戈,1
1656,戈事,1
1657,事僥,1
1658,僥倖,1
1659,倖得,1
1660,得充,1
1661,充文,1
1662,文武,1
1663,武備,1
1664,備除,1
1665,除災,1
1666,災避,1
1667,避患,1
1668,患宜,1
1669,宜君,1
1670,王益,1
1671,益壽,1
1672,壽延,1
1673,延齡,1
1674,齡後,1
1675,後天,1
1676,天地,1
1677,地君,1
1678,君不,1
1679,見昔,1
1680,昔日,1
1681,日西,1
1682,西京,1
1683,京全,1
1684,全盛,1
1685,盛時,1
1686,時汾,1
1687,汾陰,1
1688,陰後,1
1689,後土,1
1690,土親,1
1691,親祭,1
1692,祭祠,1
1693,祠齋,1
1694,齋宮,1
1695,宮宿,1
1696,宿寢,1
1697,寢設,1
1698,設儲,1
1699,儲供,1
1700,供撞,1
1701,撞鐘,1
1702,鐘鳴,1
1703,鳴鼓,1
1704,鼓樹,1
1705,樹羽,1
1706,羽旗,1
1707,旗漢,1
1708,家五,1
1709,五葉,1
1710,葉才,1
1711,才且,1
1712,且雄,1
1713,雄賓,1
1714,賓延,1
1715,延萬,1
1716,萬靈,1
1717,靈朝,1
1718,朝九,1
1719,九戎,1
1720,戎柏,1
1721,柏梁,1
1722,梁賦,1
1723,詩高,1
1724,宴罷,1
1725,罷詔,1
1726,詔書,1
1727,書法,1
1728,法駕,1
1729,駕幸,1
1730,幸河,1
1731,東河,1
1732,東太,1
1733,守親,1
1734,親掃,1
1735,掃除,1
1736,除奉,1
1737,奉迎,1
1738,迎至,1
1739,至尊,1
1740,尊導,1
1741,導鑾,1
1742,輿五,1
1743,五營,1
1744,營夾,1
1745,夾道,1
1746,道列,1
1747,列容,1
1748,容衛,1
1749,衛三,1
1750,河縱,1
1751,縱觀,1
1752,裏閭,1
1753,閭回,1
1754,回旌,1
1755,旌駐,1
1756,蹕降,1
1757,降靈,1
1758,靈場,1
1759,場焚,1
1760,焚香,1
1761,香奠,1
1762,奠醑,1
1763,醑邀,1
1764,邀百,1
1765,百祥,1
1766,祥金,1
1767,金鼎,1
1768,鼎發,1
1769,發色,1
1770,色正,1
1771,正焜,1
1772,焜煌,1
1773,煌靈,1
1774,靈祇,1
1775,祇煒,1
1776,燁攄,1
1777,攄景,1
1778,景光,1
1779,光埋,1
1780,埋玉,1
1781,玉陳,1
1782,陳牲,1
1783,牲禮,1
1784,禮神,1
1785,神畢,1
1786,畢舉,1
1787,舉麾,1
1788,麾上,1
1789,上馬,1
1790,馬乘,1
1791,乘輿,1
1792,輿出,1
1793,出彼,1
1794,彼汾,1
1795,汾之,1
1796,之曲,1
1797,曲嘉,1
1798,嘉可,1
1799,可遊,1
1800,遊木,1
1801,木蘭,1
1802,蘭為,1
1803,為楫,1
1804,楫桂,1
1805,桂為,1
1806,為舟,1
1807,舟棹,1
1808,歌微,1
1809,微吟,1
1810,吟彩,1
1811,彩鷁,1
1812,鷁浮,1
1813,浮簫,1
1814,簫鼓,1
1815,鼓哀,1
1816,哀鳴,1
1817,鳴白,1
1818,雲秋,1
1819,秋歡,1
1820,娛宴,1
1821,宴洽,1
1822,洽賜,1
1823,賜群,1
1824,群後,1
1825,後家,1
1826,家家,1
1827,家複,1
1828,複除,1
1829,除戶,1
1830,戶牛,1
1831,牛酒,1
1832,酒聲,1
1833,聲明,1
1834,明動,1
1835,動天,1
1836,天樂,1
1837,樂無,1
1838,無有,1
1839,有千,1
1840,秋萬,1
1841,萬歲,1
1842,歲南,1
1843,山壽,1
1844,壽自,1
1845,自從,1
1846,從天,1
1847,子向,1
1848,秦關,1
1849,關玉,1
1850,玉輦,1
1851,輦金,1
1852,金車,1
1853,車不,1
1854,不復,1
1855,復還,1
1856,還珠,1
1857,珠簾,1
1858,簾羽,1
1859,羽扇,1
1860,扇長,1
1861,長寂,1
1862,寞鼎,1
1863,湖龍,1
1864,龍髯,1
1865,髯安,1
1866,安可,1
1867,可攀,1
1868,攀千,1
1869,齡人,1
1870,人事,1
1871,事一,1
1872,朝空,1
1873,空四,1
1874,海為,1
1875,為家,1
1876,家此,1
1877,此路,1
1878,路窮,1
1879,窮豪,1
1880,豪雄,1
1881,雄意,1
1882,意氣,1
1883,今何,1
1884,何在,1
1885,在壇,1
1886,場宮,1
1887,宮館,1
1888,館盡,1
1889,盡蒿,1
1890,蒿蓬,1
1891,蓬路,1
1892,路逢,1
1893,逢故,1
1894,故老,1
1895,老長,1
1896,長歎,1
1897,歎息,1
1898,息世,1
1899,世事,1
1900,事回,1
1901,回環,1
1902,環不,1
1903,可測,1
1904,測昔,1
1905,昔時,1
1906,時青,1
1907,樓對,1
1908,對歌,1
1909,舞今,1
1910,日黃,1
1911,黃埃,1
1912,埃聚,1
1913,聚荊,1
1914,荊棘,1
1915,棘山,1
1916,山川,1
1917,川滿,1
1918,滿目,1
1919,目淚,1
1920,淚沾,1
1921,沾衣,1
1922,衣富,1
1923,富貴,1
1924,貴榮,1
1925,榮華,1
1926,華能,1
1927,能幾,1
1928,幾時,1
1929,時不,1
1930,見只,1
1931,只今,1
1932,今汾,1
1933,上唯,1
1934,唯有,1
1935,有年,1
1936,年秋,1
1937,秋雁,1
1938,雁飛,1
1939,帝撫,1
1940,撫戎,1
1941,戎臣,1
1942,臣絲,1
1943,絲言,1
1944,言命,1
1945,命錦,1
1946,錦輪,1
1947,輪還,1
1948,將弄,1
1949,弄機,1
1950,機女,1
1951,女遠,1
1952,遠嫁,1
1953,嫁織,1
1954,織皮,1
1955,皮人,1
1956,人曲,1
1957,曲怨,1
1958,怨關,1
1959,月妝,1
1960,妝消,1
1961,消道,1
1962,塵所,1
1963,所嗟,1
1964,嗟穠,1
1965,穠李,1
1966,樹空,1
1967,對小,1
1968,小榆,1
1969,榆春,1
1970,別業,1
1971,業臨,1
1972,臨青,1
1973,青甸,1
1974,甸鳴,1
1975,鳴鑾,1
1976,鑾降,1
1977,霄長,1
1978,長筵,1
1979,筵鵷,1
1980,鵷鷺,1
1981,鷺集,1
1982,集仙,1
1983,仙管,1
1984,管鳳,1
1985,凰調,1
1986,調樹,1
1987,樹接,1
1988,山近,1
1989,近煙,1
1990,煙含,1
1991,含北,1
1992,北渚,1
1993,渚遙,1
1994,遙承,1
1995,恩咸,1
1996,咸已,1
1997,已醉,1
1998,醉戀,1
1999,戀賞,1
2000,賞未,1
2001,未還,1
2002,鑣早,1
2003,聞年,1
2004,年欲,1
2005,欲至,1
2006,至剪,1
2007,剪綵,1
2008,綵學,1
2009,學芳,1
2010,芳辰,1
2011,辰綴,1
2012,綴綠,1
2013,綠奇,1
2014,奇能,1
2015,能似,1
2016,似裁,1
2017,裁紅,1
2018,紅巧,1
2019,巧逼,1
2020,逼真,1
2021,真花,1
2022,花從,1
2023,從篋,1
2024,篋裏,1
2025,發葉,1
2026,向手,1
2027,手中,1
2028,中春,1
2029,春不,1
2030,不與,1
2031,與時,1
2032,時光,1
2033,光競,1
2034,競何,1
2035,何名,1
2036,名天,1
2037,天上,1
2038,上人,1
2039,人三,1
2040,三陽,1
2041,陽偏,1
2042,偏勝,1
2043,勝節,1
2044,節七,1
2045,七日,1
2046,日最,1
2047,最靈,1
2048,靈辰,1
2049,辰行,1
2050,行慶,1
2051,慶傳,1
2052,芳蟻,1
2053,蟻升,1
2054,高綴,1
2055,綴彩,1
2056,彩人,1
2057,人階,1
2058,階前,1
2059,前蓂,1
2060,蓂候,1
2061,候月,1
2062,月樓,1
2063,上雪,1
2064,驚春,1
2065,春今,1
2066,日銜,1
2067,銜天,1
2068,天造,1
2069,造還,1
2070,上漢,1
2071,漢津,1
2072,津仙,1
2073,仙蹕,1
2074,蹕九,1
2075,九成,1
2076,成台,1
2077,台香,1
2078,香筵,1
2079,筵萬,1
2080,壽杯,1
2081,杯一,1
2082,一旬,1
2083,旬初,1
2084,初降,1
2085,降雨,1
2086,雨二,1
2087,月早,1
2088,聞雷,1
2089,雷葉,1
2090,向朝,1
2091,朝隮,1
2092,隮密,1
2093,密花,1
2094,含宿,1
2095,宿潤,1
2096,潤開,1
2097,開幸,1
2098,幸承,1
2099,天澤,1
2100,澤豫,1
2101,豫無,1
2102,無使,1
2103,使日,1
2104,日光,1
2105,光催,1
2106,催年,1
2107,光竹,1
2108,竹裏,1
2109,裏遍,1
2110,遍春,1
2111,色杏,1
2112,杏間,1
2113,間遙,1
2114,遙煙,1
2115,煙氣,1
2116,氣籠,1
2117,籠青,1
2118,青閣,1
2119,閣流,1
2120,流文,1
2121,文蕩,1
2122,蕩畫,1
2123,畫橋,1
2124,橋飛,1
2125,隨蝶,1
2126,蝶舞,1
2127,舞豔,1
2128,豔曲,1
2129,曲伴,1
2130,伴鶯,1
2131,鶯嬌,1
2132,嬌今,1
2133,日陪,1
2134,陪歡,1
2135,歡豫,1
2136,豫還,1
2137,疑陟,1
2138,霄月,1
2139,月宇,1
2140,宇臨,1
2141,臨丹,1
2142,丹地,1
2143,地雲,1
2144,雲窗,1
2145,窗網,1
2146,網碧,1
2147,碧紗,1
2148,紗禦,1
2149,筵陳,1
2150,陳桂,1
2151,桂醑,1
2152,醑天,1
2153,天酒,1
2154,酒酌,1
2155,酌榴,1
2156,榴花,1
2157,花水,1
2158,水向,1
2159,向浮,1
2160,浮橋,1
2161,橋直,1
2162,直城,1
2163,城連,1
2164,連禁,1
2165,禁苑,1
2166,苑斜,1
2167,斜承,1
2168,恩恣,1
2169,恣歡,1
2170,賞歸,1
2171,歸路,1
2172,路滿,1
2173,滿煙,1
2174,霞靈,1
2175,靈匹,1
2176,匹三,1
2177,秋會,1
2178,會仙,1
2179,仙期,1
2180,期七,1
2181,七夕,1
2182,夕過,1
2183,過查,1
2184,查來,1
2185,來人,1
2186,人泛,1
2187,泛海,1
2188,海橋,1
2189,橋渡,1
2190,渡鵲,1
2191,填河,1
2192,河帝,1
2193,帝縷,1
2194,縷升,1
2195,升銀,1
2196,銀閣,1
2197,閣天,1
2198,天機,1
2199,機罷,1
2200,罷玉,1
2201,玉梭,1
2202,梭誰,1
2203,言七,1
2204,七襄,1
2205,襄詠,1
2206,詠重,1
2207,重入,1
2208,入五,1
2209,五弦,1
2210,弦歌,1
2211,歌瑞,1
2212,瑞塔,1
2213,塔千,1
2214,尋起,1
2215,起仙,1
2216,輿九,1
2217,日來,1
2218,來萸,1
2219,萸房,1
2220,房陳,1
2221,寶席,1
2222,席菊,1
2223,菊蕊,1
2224,蕊散,1
2225,散花,1
2226,花台,1
2227,台禦,1
2228,氣鵬,1
2229,鵬霄,1
2230,近升,1
2231,高鳳,1
2232,鳳野,1
2233,野開,1
2234,天歌,1
2235,歌將,1
2236,將梵,1
2237,梵樂,1
2238,樂空,1
2239,裏共,1
2240,共裴,1
2241,回閏,1
2242,閏節,1
2243,節開,1
2244,開重,1
2245,重九,1
2246,九真,1
2247,真遊,1
2248,遊下,1
2249,下大,1
2250,大千,1
2251,千花,1
2252,花寒,1
2253,寒仍,1
2254,仍薦,1
2255,薦菊,1
2256,菊座,1
2257,座晚,1
2258,晚更,1
2259,更披,1
2260,披蓮,1
2261,蓮刹,1
2262,刹鳳,1
2263,鳳回,1
2264,回雕,1
2265,雕輦,1
2266,輦帆,1
2267,帆虹,1
2268,虹間,1
2269,間彩,1
2270,將西,1
2271,西梵,1
2272,梵曲,1
2273,曲助,1
2274,助入,1
2275,入南,1
2276,南熏,1
2277,熏弦,1
2278,弦步,1
2279,步輦,1
2280,輦陟,1
2281,陟山,1
2282,山巔,1
2283,巔山,1
2284,山高,1
2285,高入,1
2286,煙忠,1
2287,忠臣,1
2288,臣還,1
2289,還捧,1
2290,捧日,1
2291,日聖,1
2292,聖後,1
2293,後欲,1
2294,欲捫,1
2295,捫天,1
2296,天迥,1
2297,迥識,1
2298,識平,1
2299,陵樹,1
2300,低看,1
2301,看華,1
2302,華嶽,1
2303,嶽蓮,1
2304,蓮帝,1
2305,鄉應,1
2306,應不,1
2307,不遠,1
2308,遠空,1
2309,空見,1
2310,見白,1
2311,雲懸,1
2312,懸同,1
2313,雲接,1
2314,接野,1
2315,野煙,1
2316,雪暗,1
2317,暗長,1
2318,長天,1
2319,天拂,1
2320,拂樹,1
2321,樹添,1
2322,添梅,1
2323,梅色,1
2324,色過,1
2325,過樓,1
2326,樓助,1
2327,助粉,1
2328,粉妍,1
2329,妍光,1
2330,含班,1
2331,班女,1
2332,女扇,1
2333,扇韻,1
2334,韻入,1
2335,王弦,1
2336,弦六,1
2337,出迎,1
2338,仙藻,1
2339,藻千,1
2340,千箱,1
2341,箱答,1
2342,答瑞,1
2343,瑞年,1
2344,年駐,1
2345,蹕三,1
2346,三天,1
2347,天路,1
2348,路回,1
2349,回旃,1
2350,旃萬,1
2351,萬仞,1
2352,仞溪,1
2353,溪真,1
2354,真庭,1
2355,庭群,1
2356,群帝,1
2357,帝饗,1
2358,饗洞,1
2359,洞府,1
2360,府百,1
2361,百靈,1
2362,靈棲,1
2363,棲玉,1
2364,玉酒,1
2365,酒仙,1
2366,仙壚,1
2367,壚釀,1
2368,釀金,1
2369,方暗,1
2370,暗壁,1
2371,壁題,1
2372,題佇,1
2373,佇看,1
2374,看青,1
2375,鳥入,1
2376,入還,1
2377,還陟,1
2378,雲梯,1
2379,梯三,1
2380,三乘,1
2381,乘歸,1
2382,歸淨,1
2383,淨域,1
2384,域萬,1
2385,騎餞,1
2386,餞通,1
2387,通莊,1
2388,莊就,1
2389,就日,1
2390,日離,1
2391,離亭,1
2392,亭近,1
2393,近彌,1
2394,彌天,1
2395,天別,1
2396,別路,1
2397,長荊,1
2398,荊南,1
2399,南旋,1
2400,旋杖,1
2401,杖缽,1
2402,缽渭,1
2403,渭北,1
2404,北限,1
2405,限津,1
2406,津梁,1
2407,梁何,1
2408,日紆,1
2409,紆真,1
2410,真果,1
2411,果還,1
2412,還來,1
2413,來入,1
2414,鄉平,1
2415,平明,1
2416,明坐,1
2417,坐虛,1
2418,虛館,1
2419,館曠,1
2420,曠望,1
2421,望幾,1
2422,哉宿,1
2423,宿霧,1
2424,霧分,1
2425,分空,1
2426,空盡,1
2427,盡朝,1
2428,光度,1
2429,度隙,1
2430,隙來,1
2431,來影,1
2432,影低,1
2433,低藤,1
2434,藤架,1
2435,架密,1
2436,密香,1
2437,香動,1
2438,動藥,1
2439,藥闌,1
2440,闌開,1
2441,開未,1
2442,未展,1
2443,展山,1
2444,山陽,1
2445,陽會,1
2446,會空,1
2447,空留,1
2448,留池,1
2449,上杯,1
2450,杯明,1
2451,月青,1
2452,山夜,1
2453,夜高,1
2454,高天,1
2455,天白,1
2456,白露,1
2457,露秋,1
2458,秋花,1
2459,庭開,1
2460,開粉,1
2461,粉席,1
2462,席雲,1
2463,雲岫,1
2464,岫敞,1
2465,敞針,1
2466,針樓,1
2467,樓石,1
2468,石類,1
2469,類支,1
2470,機影,1
2471,影池,1
2472,池似,1
2473,似泛,1
2474,泛槎,1
2475,槎流,1
2476,流暫,1
2477,暫驚,1
2478,驚河,1
2479,河女,1
2480,女鵲,1
2481,鵲終,1
2482,終狎,1
2483,狎野,1
2484,人鷗,1
2485,鷗紫,1
2486,陌追,1
2487,追隨,1
2488,隨日,1
2489,日青,1
2490,門相,1
2491,相見,1
2492,見時,1
2493,時宦,1
2494,宦遊,1
2495,遊從,1
2496,此去,1
2497,去離,1
2498,離別,1
2499,別幾,1
2500,幾年,1
2501,年期,1
2502,期芳,1
2503,芳桂,1
2504,桂尊,1
2505,尊中,1
2506,中酒,1
2507,酒幽,1
2508,幽蘭,1
2509,蘭下,1
2510,下調,1
2511,調詞,1
2512,詞他,1
2513,鄉有,1
2514,有明,1
2515,月千,1
2516,里照,1
2517,照相,1
2518,相思,1
2519,客趨,1
2520,趨梁,1
2521,梁邸,1
2522,邸朝,1
2523,光入,1
2524,楚台,1
2525,台槐,1
2526,槐煙,1
2527,煙乘,1
2528,乘曉,1
2529,曉散,1
2530,散榆,1
2531,榆火,1
2532,火應,1
2533,應春,1
2534,春開,1
2535,開日,1
2536,日帶,1
2537,帶晴,1
2538,虹上,1
2539,上花,1
2540,隨早,1
2541,早蝶,1
2542,蝶來,1
2543,來雄,1
2544,雄風,1
2545,風乘,1
2546,乘令,1
2547,節餘,1
2548,餘吹,1
2549,吹拂,1
2550,拂輕,1
2551,輕灰,1
2552,灰濯,1
2553,濯龍,1
2554,龍春,1
2555,春苑,1
2556,苑曙,1
2557,曙翠,1
2558,翠鳳,1
2559,鳳曉,1
2560,曉旗,1
2561,旗舒,1
2562,舒野,1
2563,野色,1
2564,色開,1
2565,開煙,1
2566,煙後,1
2567,後山,1
2568,山光,1
2569,光澹,1
2570,澹月,1
2571,月餘,1
2572,餘風,1
2573,風長,1
2574,長笳,1
2575,笳響,1
2576,響咽,1
2577,咽川,1
2578,川迥,1
2579,迥騎,1
2580,行疏,1
2581,疏珠,1
2582,履陪,1
2583,駕金,1
2584,金聲,1
2585,聲振,1
2586,振屬,1
2587,屬車,1
2588,車貂,1
2589,貂冠,1
2590,冠朝,1
2591,朝彩,1
2592,彩振,1
2593,振烏,1
2594,烏署,1
2595,署曉,1
2596,曉光,1
2597,光分,1
2598,分欲,1
2599,欲嘯,1
2600,嘯遷,1
2601,喬侶,1
2602,侶先,1
2603,先飛,1
2604,飛擲,1
2605,地文,1
2606,文庭,1
2607,庭虛,1
2608,虛麥,1
2609,麥雨,1
2610,雨潤,1
2611,潤林,1
2612,林靜,1
2613,靜蕙,1
2614,蕙風,1
2615,風熏,1
2616,熏嵇,1
2617,嵇駕,1
2618,駕終,1
2619,終難,1
2620,難仰,1
2621,仰梁,1
2622,梁鳧,1
2623,鳧且,1
2624,且自,1
2625,自群,1
2626,群大,1
2627,大江,1
2628,江開,1
2629,開宿,1
2630,宿雨,1
2631,雨征,1
2632,棹下,1
2633,下春,1
2634,春流,1
2635,流霧,1
2636,霧卷,1
2637,卷晴,1
2638,晴山,1
2639,山出,1
2640,出風,1
2641,風恬,1
2642,恬晚,1
2643,晚浪,1
2644,浪收,1
2645,收岸,1
2646,岸花,1
2647,明水,1
2648,水樹,1
2649,樹川,1
2650,川鳥,1
2651,鳥亂,1
2652,亂沙,1
2653,沙洲,1
2654,洲羈,1
2655,羈眺,1
2656,眺傷,1
2657,傷千,1
2658,里勞,1
2659,勞歌,1
2660,歌動,1
2661,動四,1
2662,四愁,1
2663,愁楚,1
2664,楚客,1
2665,客秋,1
2666,秋悲,1
2667,悲動,1
2668,動梁,1
2669,梁台,1
2670,夕望,1
2671,望賒,1
2672,賒梧,1
2673,梧桐,1
2674,桐稍,1
2675,稍下,1
2676,下葉,1
2677,葉山,1
2678,山桂,1
2679,桂欲,1
2680,開花,1
2681,花氣,1
2682,氣引,1
2683,引迎,1
2684,露光,1
2685,光收,1
2686,收向,1
2687,向晚,1
2688,晚霞,1
2689,霞長,1
2690,長歌,1
2691,歌白,1
2692,白水,1
2693,曲空,1
2694,對綠,1
2695,池華,1
2696,華落,1
2697,日荒,1
2698,荒郊,1
2699,郊外,1
2700,外風,1
2701,景正,1
2702,正淒,1
2703,淒淒,1
2704,淒離,1
2705,離人,1
2706,人席,1
2707,上起,1
2708,起征,1
2709,征馬,1
2710,馬路,1
2711,路傍,1
2712,傍嘶,1
2713,嘶別,1
2714,別酒,1
2715,酒傾,1
2716,傾壺,1
2717,壺贈,1
2718,贈行,1
2719,行書,1
2720,書掩,1
2721,掩淚,1
2722,淚題,1
2723,題殷,1
2724,殷勤,1
2725,勤禦,1
2726,禦溝,1
2727,水從,1
2728,此各,1
2729,各東,1
2730,東西,1
2731,西岐,1
2732,路方,1
2733,方為,1
2734,為客,1
2735,客芳,1
2736,芳尊,1
2737,尊暫,1
2738,暫解,1
2739,解顏,1
2740,顏人,1
2741,人隨,1
2742,隨轉,1
2743,轉蓬,1
2744,蓬去,1
2745,去春,1
2746,春伴,1
2747,伴落,1
2748,梅還,1
2749,還白,1
2750,雲度,1
2751,度汾,1
2752,水黃,1
2753,黃河,1
2754,河繞,1
2755,繞晉,1
2756,晉關,1
2757,關離,1
2758,離心,1
2759,心不,1
2760,可問,1
2761,問宿,1
2762,宿昔,1
2763,昔鬢,1
2764,鬢成,1
2765,成斑,1
2766,斑平,1
2767,平生,1
2768,生何,1
2769,以樂,1
2770,樂鬥,1
2771,鬥酒,1
2772,酒夜,1
2773,夜相,1
2774,相逢,1
2775,逢曲,1
2776,中驚,1
2777,驚別,1
2778,別緒,1
2779,緒醉,1
2780,醉裏,1
2781,裏失,1
2782,失愁,1
2783,愁容,1
2784,容星,1
2785,星月,1
2786,月懸,1
2787,懸秋,1
2788,秋漢,1
2789,漢風,1
2790,霜入,1
2791,入曙,1
2792,曙鐘,1
2793,鐘明,1
2794,明日,1
2795,日臨,1
2796,臨溝,1
2797,水青,1
2798,山幾,1
2799,幾萬,1
2800,重甲,1
2801,甲第,1
2802,第驅,1
2803,車入,1
2804,入良,1
2805,良宵,1
2806,宵秉,1
2807,秉燭,1
2808,燭遊,1
2809,人追,1
2810,追竹,1
2811,林會,1
2812,會酒,1
2813,酒獻,1
2814,獻菊,1
2815,菊花,1
2816,花秋,1
2817,霜吹,1
2818,吹飄,1
2819,飄無,1
2820,無已,1
2821,已星,1
2822,星河,1
2823,河漫,1
2824,漫不,1
2825,不流,1
2826,流重,1
2827,重嗟,1
2828,嗟歡,1
2829,賞地,1
2830,地翻,1
2831,翻召,1
2832,召別,1
2833,別離,1
2834,離憂,1
2835,憂園,1
2836,樓春,1
2837,春正,1
2838,正歸,1
2839,歸入,1
2840,入苑,1
2841,苑弄,1
2842,弄芳,1
2843,菲密,1
2844,密雨,1
2845,雨迎,1
2846,仙步,1
2847,步低,1
2848,低雲,1
2849,雲拂,1
2850,拂禦,1
2851,禦衣,1
2852,衣危,1
2853,危花,1
2854,花沾,1
2855,沾易,1
2856,易落,1
2857,落度,1
2858,度鳥,1
2859,鳥濕,1
2860,濕難,1
2861,難飛,1
2862,飛膏,1
2863,膏澤,1
2864,澤登,1
2865,登千,1
2866,千庾,1
2867,庾歡,1
2868,情遍,1
2869,遍九,1
2870,九圍,1
2871,圍令,1
2872,節三,1
2873,秋晚,1
2874,晚重,1
2875,重陽,1
2876,陽九,1
2877,日歡,1
2878,歡仙,1
2879,仙杯,1
2880,杯還,1
2881,泛菊,1
2882,菊寶,1
2883,寶饌,1
2884,饌且,1
2885,且調,1
2886,調蘭,1
2887,蘭禦,1
2888,氣雲,1
2889,雲霄,1
2890,近乘,1
2891,乘高,1
2892,高宇,1
2893,宇宙,1
2894,宙寬,1
2895,寬今,1
2896,今朝,1
2897,朝萬,1
2898,壽引,1
2899,引宜,1
2900,宜向,1
2901,向曲,1
2902,中彈,1
2903,彈柳,1
2904,柳陌,1
2905,陌鶯,1
2906,鶯初,1
2907,初囀,1
2908,囀梅,1
2909,梅梁,1
2910,梁燕,1
2911,燕始,1
2912,始歸,1
2913,歸和,1
2914,風泛,1
2915,泛紫,1
2916,紫若,1
2917,若柔,1
2918,柔露,1
2919,露濯,1
2920,濯青,1
2921,青薇,1
2922,薇日,1
2923,日豔,1
2924,豔臨,1
2925,臨花,1
2926,影霞,1
2927,霞翻,1
2928,翻入,1
2929,入浪,1
2930,浪暉,1
2931,暉乘,1
2932,春重,1
2933,重遊,1
2934,遊豫,1
2935,豫淹,1
2936,淹賞,1
2937,賞玩,1
2938,玩芳,1
2939,菲銀,1
2940,銀井,1
2941,井桐,1
2942,桐花,1
2943,發金,1
2944,金堂,1
2945,堂草,1
2946,草色,1
2947,色齊,1
2948,齊韶,1
2949,光愛,1
2950,愛日,1
2951,日宇,1
2952,宇淑,1
2953,淑氣,1
2954,氣滿,1
2955,滿風,1
2956,風蹊,1
2957,蹊蝶,1
2958,蝶影,1
2959,影將,1
2960,將花,1
2961,花亂,1
2962,亂虹,1
2963,虹文,1
2964,文向,1
2965,向水,1
2966,水低,1
2967,低芳,1
2968,芳春,1
2969,春隨,1
2970,隨意,1
2971,意晚,1
2972,晚佳,1
2973,佳賞,1
2974,賞日,1
2975,日無,1
2976,無暌,1
2977,暌暄,1
2978,暄鑰,1
2979,鑰三,1
2980,春謝,1
2981,謝炎,1
2982,炎鐘,1
2983,鐘九,1
2984,九夏,1
2985,夏初,1
2986,初潤,1
2987,潤浮,1
2988,浮梅,1
2989,梅雨,1
2990,雨夕,1
2991,夕涼,1
2992,涼散,1
2993,散麥,1
2994,麥風,1
2995,風餘,1
2996,餘葉,1
2997,暗庭,1
2998,庭幃,1
2999,幃滿,1
3000,滿花,1
3001,花殘,1
3002,殘院,1
3003,院錦,1
3004,錦疏,1
3005,疏勝,1
3006,情多,1
3007,賞托,1
3008,托尊,1
3009,酒狎,1
3010,狎林,1
3011,林箊,1
3012,箊綠,1
3013,綠樹,1
3014,樹炎,1
3015,炎氛,1
3016,氛滿,1
3017,滿朱,1
3018,樓夏,1
3019,夏景,1
3020,景長,1
3021,池含,1
3022,含凍,1
3023,凍雨,1
3024,雨氣,1
3025,氣山,1
3026,山映,1
3027,火雲,1
3028,雲光,1
3029,光果,1
3030,果院,1
3031,院新,1
3032,新櫻,1
3033,櫻熟,1
3034,熟花,1
3035,庭曙,1
3036,曙槿,1
3037,槿芳,1
3038,芳欲,1
3039,欲逃,1
3040,逃三,1
3041,三伏,1
3042,伏暑,1
3043,暑還,1
3044,泛十,1
3045,旬觴,1
3046,觴養,1
3047,養日,1
3048,日暫,1
3049,暫裴,1
3050,回畏,1
3051,畏景,1
3052,景尚,1
3053,尚悠,1
3054,哉避,1
3055,避暑,1
3056,暑移,1
3057,移琴,1
3058,琴席,1
3059,席追,1
3060,追涼,1
3061,涼竹,1
3062,竹風,1
3063,風依,1
3064,依扇,1
3065,扇動,1
3066,動桂,1
3067,酒溢,1
3068,溢壺,1
3069,壺開,1
3070,開勞,1
3071,勞餌,1
3072,餌飛,1
3073,雪自,1
3074,自可,1
3075,可黃,1
3076,葉秋,1
3077,風起,1
3078,蒼葭,1
3079,葭曉,1
3080,曉露,1
3081,露團,1
3082,團鶴,1
3083,鶴鳴,1
3084,鳴初,1
3085,初警,1
3086,警候,1
3087,候雁,1
3088,雁上,1
3089,上欲,1
3090,欲淩,1
3091,淩寒,1
3092,寒月,1
3093,月鏡,1
3094,鏡如,1
3095,如開,1
3096,開匣,1
3097,匣雲,1
3098,雲纓,1
3099,纓似,1
3100,似綴,1
3101,綴冠,1
3102,冠清,1
3103,清尊,1
3104,尊對,1
3105,對旻,1
3106,旻序,1
3107,序高,1
3108,宴有,1
3109,歡曲,1
3110,曲池,1
3111,池朝,1
3112,朝下,1
3113,下雁,1
3114,雁幽,1
3115,幽砌,1
3116,砌夕,1
3117,夕吟,1
3118,吟蛩,1
3119,蛩葉,1
3120,葉徑,1
3121,徑蘭,1
3122,蘭芳,1
3123,芳盡,1
3124,盡花,1
3125,花潭,1
3126,潭菊,1
3127,菊氣,1
3128,氣濃,1
3129,濃寒,1
3130,催四,1
3131,序律,1
3132,律霜,1
3133,霜度,1
3134,度九,1
3135,秋鐘,1
3136,鐘還,1
3137,當明,1
3138,夜飛,1
3139,飛蓋,1
3140,蓋遠,1
3141,遠相,1
3142,白藏,1
3143,藏初,1
3144,初送,1
3145,送節,1
3146,節玄,1
3147,玄律,1
3148,律始,1
3149,始迎,1
3150,迎冬,1
3151,冬林,1
3152,林枯,1
3153,枯黃,1
3154,葉盡,1
3155,盡水,1
3156,水耗,1
3157,耗綠,1
3158,池空,1
3159,空霜,1
3160,霜待,1
3161,待臨,1
3162,臨庭,1
3163,庭月,1
3164,月寒,1
3165,寒隨,1
3166,入牖,1
3167,牖風,1
3168,風別,1
3169,有歡,1
3170,娛地,1
3171,地歌,1
3172,桐凝,1
3173,凝陰,1
3174,陰結,1
3175,結暮,1
3176,暮序,1
3177,序嚴,1
3178,嚴氣,1
3179,氣肅,1
3180,肅長,1
3181,長飆,1
3182,飆霜,1
3183,霜犯,1
3184,犯狐,1
3185,狐裘,1
3186,裘夕,1
3187,夕寒,1
3188,寒侵,1
3189,侵獸,1
3190,獸火,1
3191,火朝,1
3192,朝冰,1
3193,冰深,1
3194,深遙,1
3195,遙架,1
3196,架浦,1
3197,浦雪,1
3198,雪凍,1
3199,凍近,1
3200,近封,1
3201,封條,1
3202,條平,1
3203,平原,1
3204,原已,1
3205,已從,1
3206,從獵,1
3207,獵日,1
3208,暮整,1
3209,整還,1
3210,鑣玉,1
3211,玉燭,1
3212,燭年,1
3213,年行,1
3214,行盡,1
3215,盡銅,1
3216,銅史,1
3217,史漏,1
3218,漏猶,1
3219,猶長,1
3220,池冷,1
3221,冷凝,1
3222,凝宵,1
3223,宵凍,1
3224,凍庭,1
3225,庭寒,1
3226,寒積,1
3227,積曙,1
3228,曙霜,1
3229,霜蘭,1
3230,蘭心,1
3231,心未,1
3232,未動,1
3233,動色,1
3234,色梅,1
3235,梅館,1
3236,館欲,1
3237,欲含,1
3238,芳裴,1
3239,回臨,1
3240,臨歲,1
3241,歲晚,1
3242,晚顧,1
3243,顧步,1
3244,步佇,1
3245,佇春,1
3246,光玉,1
3247,關方,1
3248,方叱,1
3249,叱馭,1
3250,馭桂,1
3251,桂苑,1
3252,苑正,1
3253,正陪,1
3254,陪輿,1
3255,輿桓,1
3256,桓嶺,1
3257,嶺嗟,1
3258,嗟分,1
3259,分翼,1
3260,翼薑,1
3261,薑川,1
3262,川限,1
3263,限饋,1
3264,饋魚,1
3265,魚雪,1
3266,雪花,1
3267,葉帶,1
3268,帶荊,1
3269,荊舒,1
3270,舒重,1
3271,重此,1
3272,此西,1
3273,西流,1
3274,流詠,1
3275,詠彌,1
3276,彌傷,1
3277,傷南,1
3278,南至,1
3279,至初,1
3280,初五,1
3281,五日,1
3282,日皆,1
3283,皆休,1
3284,休沐,1
3285,沐三,1
3286,三泉,1
3287,泉獨,1
3288,獨不,1
3289,歸池,1
3290,池台,1
3291,台金,1
3292,金闕,1
3293,闕是,1
3294,是尊,1
3295,酒玳,1
3296,玳筵,1
3297,筵非,1
3298,非巷,1
3299,巷靜,1
3300,靜游,1
3301,游禽,1
3302,禽入,1
3303,入門,1
3304,門閑,1
3305,閑過,1
3306,過客,1
3307,客稀,1
3308,稀唯,1
3309,唯餘,1
3310,餘昔,1
3311,昔年,1
3312,年鳳,1
3313,鳳尚,1
3314,尚繞,1
3315,繞故,1
3316,故樓,1
3317,樓飛,1
3318,飛昔,1
3319,昔下,1
3320,下天,1
3321,天津,1
3322,津館,1
3323,館嘗,1
3324,嘗過,1
3325,過帝,1
3326,帝子,1
3327,子家,1
3328,家夜,1
3329,夜傾,1
3330,傾金,1
3331,金屋,1
3332,屋酒,1
3333,酒春,1
3334,春舞,1
3335,舞玉,1
3336,玉台,1
3337,台花,1
3338,花試,1
3339,試馬,1
3340,馬依,1
3341,依紅,1
3342,紅埒,1
3343,埒吹,1
3344,吹簫,1
3345,簫弄,1
3346,霞誰,1
3347,言東,1
3348,東郭,1
3349,郭路,1
3350,路翻,1
3351,翻枉,1
3352,枉北,1
3353,北門,1
3354,門車,1
3355,車玉,1
3356,玉匣,1
3357,匣金,1
3358,金為,1
3359,為縷,1
3360,縷銀,1
3361,銀鉤,1
3362,鉤石,1
3363,石作,1
3364,銘短,1
3365,短歌,1
3366,歌傷,1
3367,傷薤,1
3368,薤曲,1
3369,長暮,1
3370,暮泣,1
3371,泣松,1
3372,松扃,1
3373,扃事,1
3374,事往,1
3375,往昏,1
3376,昏朝,1
3377,朝霧,1
3378,霧人,1
3379,人亡,1
3380,亡折,1
3381,折夜,1
3382,夜星,1
3383,星忠,1
3384,忠賢,1
3385,賢良,1
3386,良可,1
3387,可惜,1
3388,惜圖,1
3389,圖畫,1
3390,畫入,1
3391,入丹,1
3392,青寵,1
3393,寵服,1
3394,服當,1
3395,當年,1
3396,年盛,1
3397,盛芳,1
3398,芳魂,1
3399,魂此,1
3400,此地,1
3401,地窮,1
3402,窮劍,1
3403,劍飛,1
3404,飛龍,1
3405,龍匣,1
3406,匣在,1
3407,在人,1
3408,人去,1
3409,去鵲,1
3410,鵲巢,1
3411,巢空,1
3412,空簟,1
3413,簟愴,1
3414,愴孤,1
3415,孤生,1
3416,生竹,1
3417,竹琴,1
3418,哀半,1
3419,半死,1
3420,死桐,1
3421,桐唯,1
3422,當青,1
3423,青史,1
3424,史上,1
3425,上千,1
3426,載仰,1
3427,仰嬪,1
3428,嬪風,1
3429,風桂,1
3430,桂滿,1
3431,滿三,1
3432,三五,1
3433,五夕,1
3434,夕蓂,1
3435,蓂開,1
3436,八時,1
3437,時清,1
3438,清輝,1
3439,輝飛,1
3440,飛鵲,1
3441,鵲鑒,1
3442,鑒新,1
3443,新影,1
3444,影學,1
3445,學蛾,1
3446,蛾眉,1
3447,眉皎,1
3448,皎潔,1
3449,潔臨,1
3450,臨疏,1
3451,疏牖,1
3452,牖玲,1
3453,玲瓏,1
3454,瓏鑒,1
3455,鑒薄,1
3456,薄帷,1
3457,帷願,1
3458,願言,1
3459,言從,1
3460,從愛,1
3461,愛客,1
3462,客清,1
3463,清夜,1
3464,夜幸,1
3465,幸同,1
3466,同嬉,1
3467,嬉蜀,1
3468,蜀郡,1
3469,郡靈,1
3470,靈槎,1
3471,槎轉,1
3472,轉豐,1
3473,豐城,1
3474,城寶,1
3475,劍新,1
3476,新將,1
3477,軍臨,1
3478,臨北,1
3479,北塞,1
3480,塞天,1
3481,子入,1
3482,入西,1
3483,秦未,1
3484,未作,1
3485,作三,1
3486,台輔,1
3487,輔寧,1
3488,寧為,1
3489,為五,1
3490,五老,1
3491,臣今,1
3492,今宵,1
3493,宵潁,1
3494,潁川,1
3495,川曲,1
3496,曲誰,1
3497,識聚,1
3498,聚賢,1
3499,人落,1
3500,日生,1
3501,生蘋,1
3502,蘋末,1
3503,末搖,1
3504,搖揚,1
3505,揚遍,1
3506,遍遠,1
3507,遠林,1
3508,林帶,1
3509,帶花,1
3510,花疑,1
3511,鳳舞,1
3512,舞向,1
3513,向竹,1
3514,竹似,1
3515,似龍,1
3516,龍吟,1
3517,吟月,1
3518,月動,1
3519,秋扇,1
3520,扇松,1
3521,松清,1
3522,清入,1
3523,夜琴,1
3524,琴若,1
3525,若至,1
3526,至蘭,1
3527,蘭台,1
3528,台下,1
3529,下還,1
3530,還拂,1
3531,拂楚,1
3532,王襟,1
3533,襟英,1
3534,英英,1
3535,英大,1
3536,樑國,1
3537,國鬱,1
3538,鬱秘,1
3539,秘書,1
3540,書台,1
3541,台碧,1
3542,碧落,1
3543,落從,1
3544,龍起,1
3545,起青,1
3546,山觸,1
3547,來官,1
3548,官名,1
3549,名光,1
3550,光邃,1
3551,邃古,1
3552,古蓋,1
3553,影耿,1
3554,耿輕,1
3555,輕埃,1
3556,埃飛,1
3557,飛感,1
3558,感高,1
3559,高歌,1
3560,歌發,1
3561,發威,1
3562,威加,1
3563,加四,1
3564,海回,1
3565,回瑞,1
3566,瑞氣,1
3567,淩青,1
3568,青合,1
3569,合空,1
3570,空蒙,1
3571,蒙上,1
3572,翠微,1
3573,微迥,1
3574,迥浮,1
3575,浮雙,1
3576,雙闕,1
3577,路遙,1
3578,遙拂,1
3579,拂九,1
3580,九仙,1
3581,仙衣,1
3582,衣桑,1
3583,桑柘,1
3584,柘迎,1
3585,寒色,1
3586,色松,1
3587,松篁,1
3588,篁暗,1
3589,暗晚,1
3590,晚暉,1
3591,暉還,1
3592,當紫,1
3593,霄上,1
3594,上時,1
3595,時接,1
3596,接彩,1
3597,彩鸞,1
3598,鸞飛,1
3599,飛滴,1
3600,滴瀝,1
3601,瀝明,1
3602,明花,1
3603,花苑,1
3604,苑葳,1
3605,葳蕤,1
3606,蕤泫,1
3607,泫竹,1
3608,竹叢,1
3609,叢玉,1
3610,玉垂,1
3611,垂丹,1
3612,丹棘,1
3613,棘上,1
3614,上珠,1
3615,珠湛,1
3616,湛綠,1
3617,綠荷,1
3618,荷中,1
3619,中夜,1
3620,夜警,1
3621,警千,1
3622,年鶴,1
3623,鶴朝,1
3624,朝零,1
3625,零七,1
3626,七月,1
3627,月風,1
3628,風願,1
3629,願凝,1
3630,凝仙,1
3631,仙掌,1
3632,掌內,1
3633,內長,1
3634,長奉,1
3635,奉未,1
3636,未央,1
3637,央宮,1
3638,宮曹,1
3639,曹公,1
3640,公迷,1
3641,迷楚,1
3642,楚澤,1
3643,澤漢,1
3644,帝出,1
3645,出平,1
3646,平城,1
3647,城涿,1
3648,鹿妖,1
3649,妖氛,1
3650,氛靜,1
3651,靜丹,1
3652,丹山,1
3653,山霽,1
3654,霽色,1
3655,色明,1
3656,明類,1
3657,類煙,1
3658,飛稍,1
3659,稍重,1
3660,重方,1
3661,方雨,1
3662,雨散,1
3663,散還,1
3664,還輕,1
3665,輕倘,1
3666,入非,1
3667,熊兆,1
3668,兆甯,1
3669,甯思,1
3670,思玄,1
3671,玄豹,1
3672,豹情,1
3673,情西,1
3674,雲膚,1
3675,膚起,1
3676,起東,1
3677,南雨,1
3678,雨足,1
3679,足來,1
3680,來靈,1
3681,靈童,1
3682,童出,1
3683,出海,1
3684,海見,1
3685,見神,1
3686,神女,1
3687,女向,1
3688,向台,1
3689,台回,1
3690,回斜,1
3691,斜影,1
3692,前合,1
3693,合圓,1
3694,圓文,1
3695,文水,1
3696,開十,1
3697,無破,1
3698,破塊,1
3699,塊九,1
3700,九土,1
3701,土信,1
3702,信康,1
3703,康哉,1
3704,哉瑞,1
3705,驚千,1
3706,里同,1
3707,雲暗,1
3708,暗九,1
3709,九霄,1
3710,霄地,1
3711,地疑,1
3712,疑明,1
3713,夜山,1
3714,山似,1
3715,似白,1
3716,雲朝,1
3717,朝逐,1
3718,逐舞,1
3719,舞花,1
3720,花光,1
3721,光動,1
3722,臨歌,1
3723,歌扇,1
3724,扇影,1
3725,影飄,1
3726,飄大,1
3727,大周,1
3728,周天,1
3729,天闕,1
3730,路今,1
3731,日海,1
3732,海神,1
3733,神朝,1
3734,朝地,1
3735,地鎮,1
3736,鎮標,1
3737,標神,1
3738,神秀,1
3739,秀峨,1
3740,峨峨,1
3741,峨上,1
3742,氛泉,1
3743,泉飛,1
3744,飛一,1
3745,一道,1
3746,道帶,1
3747,帶峰,1
3748,峰出,1
3749,出半,1
3750,半天,1
3751,天雲,1
3752,雲古,1
3753,古壁,1
3754,壁丹,1
3755,青色,1
3756,色新,1
3757,花綺,1
3758,綺繡,1
3759,繡紋,1
3760,紋已,1
3761,開封,1
3762,封禪,1
3763,禪所,1
3764,所希,1
3765,希謁,1
3766,謁聖,1
3767,聖明,1
3768,明君,1
3769,君宗,1
3770,宗子,1
3771,子維,1
3772,維城,1
3773,城固,1
3774,固將,1
3775,軍飲,1
3776,飲羽,1
3777,羽威,1
3778,威岩,1
3779,岩花,1
3780,花鑒,1
3781,鑒裏,1
3782,發雲,1
3783,葉錦,1
3784,中飛,1
3785,飛入,1
3786,入宋,1
3787,宋星,1
3788,星初,1
3789,初隕,1
3790,隕過,1
3791,過湘,1
3792,湘燕,1
3793,燕早,1
3794,早歸,1
3795,倘因,1
3796,因持,1
3797,持補,1
3798,補極,1
3799,極甯,1
3800,甯複,1
3801,複想,1
3802,想支,1
3803,機王,1
3804,王粲,1
3805,粲銷,1
3806,憂日,1
3807,日江,1
3808,江淹,1
3809,淹起,1
3810,起恨,1
3811,恨年,1
3812,年帶,1
3813,帶川,1
3814,川遙,1
3815,遙綺,1
3816,綺錯,1
3817,錯分,1
3818,分隰,1
3819,隰迥,1
3820,迥阡,1
3821,阡眠,1
3822,眠橫,1
3823,橫周,1
3824,周甸,1
3825,甸莓,1
3826,莓苔,1
3827,苔闕,1
3828,闕晉,1
3829,晉田,1
3830,田方,1
3831,知急,1
3832,急難,1
3833,難響,1
3834,長在,1
3835,在脊,1
3836,脊令,1
3837,令篇,1
3838,篇鳳,1
3839,出秦,1
3840,秦郊,1
3841,郊迥,1
3842,迥鶉,1
3843,鶉飛,1
3844,飛楚,1
3845,楚塞,1
3846,塞空,1
3847,空蒼,1
3848,梧雲,1
3849,雲影,1
3850,影去,1
3851,去涿,1
3852,鹿霧,1
3853,霧光,1
3854,光通,1
3855,通草,1
3856,草暗,1
3857,暗少,1
3858,少原,1
3859,原綠,1
3860,綠花,1
3861,明入,1
3862,入蜀,1
3863,蜀紅,1
3864,紅誰,1
3865,言版,1
3866,版築,1
3867,築士,1
3868,士猶,1
3869,猶處,1
3870,處傅,1
3871,傅岩,1
3872,岩中,1
3873,中貢,1
3874,貢禹,1
3875,禹懷,1
3876,懷書,1
3877,書日,1
3878,日張,1
3879,張衡,1
3880,衡作,1
3881,賦辰,1
3882,辰杏,1
3883,杏花,1
3884,開鳳,1
3885,鳳軫,1
3886,軫菖,1
3887,菖葉,1
3888,葉布,1
3889,布龍,1
3890,鱗瑞,1
3891,瑞麥,1
3892,麥兩,1
3893,兩岐,1
3894,岐秀,1
3895,秀嘉,1
3896,嘉禾,1
3897,禾同,1
3898,同穎,1
3899,穎新,1
3900,新寧,1
3901,寧知,1
3902,知帝,1
3903,王力,1
3904,力擊,1
3905,壤自,1
3906,自安,1
3907,安貧,1
3908,貧銅,1
3909,銅駝,1
3910,駝分,1
3911,分鞏,1
3912,鞏洛,1
3913,洛劍,1
3914,劍閣,1
3915,閣低,1
3916,低臨,1
3917,臨邛,1
3918,邛紫,1
3919,紫徼,1
3920,徼三,1
3921,三千,1
3922,里青,1
3923,樓十,1
3924,十二,1
3925,二重,1
3926,重玉,1
3927,關塵,1
3928,塵似,1
3929,似雪,1
3930,雪金,1
3931,金穴,1
3932,穴馬,1
3933,馬如,1
3934,如龍,1
3935,龍今,1
3936,中衢,1
3937,衢上,1
3938,上堯,1
3939,堯尊,1
3940,尊更,1
3941,更可,1
3942,可逢,1
3943,逢習,1
3944,習坎,1
3945,坎疏,1
3946,疏丹,1
3947,丹壑,1
3948,壑朝,1
3949,朝宗,1
3950,宗合,1
3951,合紫,1
3952,微三,1
3953,三山,1
3954,山巨,1
3955,巨鼇,1
3956,鼇湧,1
3957,湧萬,1
3958,里大,1
3959,大鵬,1
3960,鵬飛,1
3961,飛樓,1
3962,樓寫,1
3963,寫春,1
3964,春雲,1
3965,雲色,1
3966,色珠,1
3967,珠含,1
3968,含明,1
3969,輝會,1
3970,會因,1
3971,因添,1
3972,添霧,1
3973,霧露,1
3974,露方,1
3975,方逐,1
3976,逐眾,1
3977,眾川,1
3978,川歸,1
3979,歸日,1
3980,日夕,1
3981,夕三,1
3982,江望,1
3983,望靈,1
3984,靈潮,1
3985,潮萬,1
3986,回霞,1
3987,霞津,1
3988,津錦,1
3989,錦浪,1
3990,浪動,1
3991,動月,1
3992,月浦,1
3993,浦練,1
3994,練花,1
3995,開湍,1
3996,湍似,1
3997,似黃,1
3998,黃牛,1
3999,牛去,1
4000,去濤,1
4001,濤從,1
4002,白馬,1
4003,來英,1
4004,英靈,1
4005,靈已,1
4006,已傑,1
4007,傑出,1
4008,出誰,1
4009,識卿,1
4010,卿雲,1
4011,雲才,1
4012,才源,1
4013,源出,1
4014,出昆,1
4015,昆侖,1
4016,侖中,1
4017,中長,1
4018,長波,1
4019,波接,1
4020,接漢,1
4021,漢空,1
4022,空桃,1
4023,桃花,1
4024,花來,1
4025,來馬,1
4026,馬頰,1
4027,頰竹,1
4028,竹箭,1
4029,箭入,1
4030,入龍,1
4031,龍宮,1
4032,宮德,1
4033,德水,1
4034,水千,1
4035,年變,1
4036,變榮,1
4037,榮光,1
4038,光五,1
4039,色通,1
4040,通若,1
4041,若披,1
4042,葉檢,1
4043,檢九,1
4044,九洛,1
4045,洛韶,1
4046,光媚,1
4047,媚三,1
4048,三川,1
4049,川物,1
4050,物候,1
4051,候新,1
4052,明丹,1
4053,鳳浦,1
4054,浦日,1
4055,日映,1
4056,映玉,1
4057,玉雞,1
4058,雞津,1
4059,津元,1
4060,元禮,1
4061,禮期,1
4062,期仙,1
4063,客陳,1
4064,王睹,1
4065,睹麗,1
4066,麗人,1
4067,人神,1
4068,神龜,1
4069,龜方,1
4070,方錫,1
4071,錫瑞,1
4072,瑞綠,1
4073,綠字,1
4074,字重,1
4075,重來,1
4076,來臻,1
4077,臻四,1
4078,四塞,1
4079,塞稱,1
4080,稱天,1
4081,天府,1
4082,府三,1
4083,河建,1
4084,建洛,1
4085,洛都,1
4086,都飛,1
4087,飛雲,1
4088,雲靄,1
4089,靄層,1
4090,層闕,1
4091,闕白,1
4092,白日,1
4093,日麗,1
4094,麗南,1
4095,南隅,1
4096,隅獨,1
4097,獨下,1
4098,下仙,1
4099,人鳳,1
4100,鳳群,1
4101,群驚,1
4102,史烏,1
4103,烏何,1
4104,何辭,1
4105,辭一,1
4106,里邊,1
4107,邊徼,1
4108,徼捍,1
4109,捍匈,1
4110,匈奴,1
4111,奴奕,1
4112,奕奕,1
4113,奕彤,1
4114,彤闈,1
4115,闈下,1
4116,下煌,1
4117,煌煌,1
4118,煌紫,1
4119,禁隈,1
4120,隈阿,1
4121,阿房,1
4122,房萬,1
4123,萬戶,1
4124,戶列,1
4125,列閶,1
4126,閶闔,1
4127,闔九,1
4128,九重,1
4129,開疏,1
4130,疏廣,1
4131,廣遺,1
4132,遺榮,1
4133,榮去,1
4134,去於,1
4135,於公,1
4136,公待,1
4137,待駟,1
4138,駟來,1
4139,來詎,1
4140,詎知,1
4141,知金,1
4142,金馬,1
4143,馬側,1
4144,側方,1
4145,朔有,1
4146,有奇,1
4147,才闤,1
4148,闤闠,1
4149,闠開,1
4150,開三,1
4151,三市,1
4152,市旗,1
4153,旗亭,1
4154,亭起,1
4155,起百,1
4156,百尋,1
4157,尋漸,1
4158,漸離,1
4159,離初,1
4160,擊築,1
4161,築司,1
4162,馬正,1
4163,正彈,1
4164,琴細,1
4165,細柳,1
4166,柳龍,1
4167,鱗映,1
4168,映長,1
4169,長槐,1
4170,槐兔,1
4171,月陰,1
4172,陰徒,1
4173,徒知,1
4174,知觀,1
4175,觀衛,1
4176,衛玉,1
4177,玉詎,1
4178,詎肯,1
4179,肯掛,1
4180,掛秦,1
4181,秦金,1
4182,玉甃,1
4183,甃談,1
4184,談仙,1
4185,客銅,1
4186,台賞,1
4187,賞魏,1
4188,君蜀,1
4189,蜀都,1
4190,都宵,1
4191,宵映,1
4192,火杞,1
4193,杞國,1
4194,國旦,1
4195,旦生,1
4196,生雲,1
4197,雲向,1
4198,日蓮,1
4199,花淨,1
4200,風李,1
4201,樹熏,1
4202,熏已,1
4203,開千,1
4204,里國,1
4205,國還,1
4206,還聚,1
4207,聚五,1
4208,五星,1
4209,文寂,1
4210,寞蓬,1
4211,蓬蒿,1
4212,蒿徑,1
4213,徑喧,1
4214,喧喧,1
4215,喧湫,1
4216,湫隘,1
4217,隘廬,1
4218,廬屢,1
4219,屢逢,1
4220,逢長,1
4221,長者,1
4222,者轍,1
4223,轍時,1
4224,時引,1
4225,引故,1
4226,人車,1
4227,車孟,1
4228,孟母,1
4229,母遷,1
4230,遷鄰,1
4231,鄰罷,1
4232,罷將,1
4233,軍辭,1
4234,第初,1
4235,初誰,1
4236,誰憐,1
4237,憐草,1
4238,草玄,1
4239,玄處,1
4240,處獨,1
4241,獨對,1
4242,對一,1
4243,一床,1
4244,床書,1
4245,書彩,1
4246,彩棹,1
4247,棹浮,1
4248,浮太,1
4249,液清,1
4250,清觴,1
4251,觴醉,1
4252,醉習,1
4253,習家,1
4254,家詩,1
4255,詩情,1
4256,情對,1
4257,對明,1
4258,月雲,1
4259,雲曲,1
4260,曲拂,1
4261,拂流,1
4262,流霞,1
4263,霞煙,1
4264,煙散,1
4265,散龍,1
4266,形淨,1
4267,淨波,1
4268,波含,1
4269,含鳳,1
4270,影斜,1
4271,斜安,1
4272,安仁,1
4273,仁動,1
4274,秋興,1
4275,興魚,1
4276,鳥思,1
4277,思空,1
4278,空賒,1
4279,賒百,1
4280,尺重,1
4281,重城,1
4282,城際,1
4283,際千,1
4284,尋大,1
4285,大道,1
4286,道隈,1
4287,隈漢,1
4288,漢宮,1
4289,宮井,1
4290,井幹,1
4291,幹起,1
4292,起吳,1
4293,吳國,1
4294,國落,1
4295,星開,1
4296,開笛,1
4297,笛怨,1
4298,怨綠,1
4299,綠珠,1
4300,珠去,1
4301,去簫,1
4302,簫隨,1
4303,隨弄,1
4304,弄玉,1
4305,玉來,1
4306,來銷,1
4307,憂聊,1
4308,聊暇,1
4309,暇日,1
4310,日誰,1
4311,識仲,1
4312,仲宣,1
4313,宣才,1
4314,才烏,1
4315,填應,1
4316,應滿,1
4317,滿黃,1
4318,黃公,1
4319,公去,1
4320,去不,1
4321,歸勢,1
4322,勢疑,1
4323,疑虹,1
4324,虹始,1
4325,始見,1
4326,見形,1
4327,形似,1
4328,似雁,1
4329,雁初,1
4330,初飛,1
4331,妙應,1
4332,應七,1
4333,星制,1
4334,制高,1
4335,高分,1
4336,分半,1
4337,輝秦,1
4338,秦王,1
4339,王空,1
4340,空構,1
4341,構石,1
4342,石仙,1
4343,仙島,1
4344,島遠,1
4345,遠難,1
4346,難依,1
4347,依漢,1
4348,室鴻,1
4349,儒盛,1
4350,盛鄒,1
4351,鄒堂,1
4352,堂大,1
4353,大義,1
4354,義明,1
4355,明五,1
4356,五千,1
4357,千道,1
4358,道德,1
4359,德闡,1
4360,闡三,1
4361,三百,1
4362,百禮,1
4363,禮儀,1
4364,儀成,1
4365,成青,1
4366,青紫,1
4367,紫方,1
4368,方拾,1
4369,拾芥,1
4370,芥黃,1
4371,金徒,1
4372,徒滿,1
4373,滿籝,1
4374,籝誰,1
4375,懷逸,1
4376,逸辯,1
4377,辯重,1
4378,重席,1
4379,席冠,1
4380,冠群,1
4381,群英,1
4382,英馬,1
4383,馬記,1
4384,記天,1
4385,天官,1
4386,官設,1
4387,設班,1
4388,班圖,1
4389,圖地,1
4390,地裏,1
4391,新善,1
4392,善談,1
4393,談方,1
4394,方亹,1
4395,亹亹,1
4396,亹青,1
4397,青簡,1
4398,簡見,1
4399,見彬,1
4400,彬彬,1
4401,彬方,1
4402,朔初,1
4403,初聞,1
4404,聞漢,1
4405,漢荊,1
4406,荊軻,1
4407,軻昔,1
4408,昔向,1
4409,秦正,1
4410,正辭,1
4411,辭堪,1
4412,堪載,1
4413,載筆,1
4414,筆終,1
4415,終冀,1
4416,冀作,1
4417,作良,1
4418,良臣,1
4419,臣都,1
4420,都尉,1
4421,尉仙,1
4422,仙鳧,1
4423,鳧遠,1
4424,遠梁,1
4425,梁王,1
4426,王駟,1
4427,駟馬,1
4428,來扇,1
4429,扇中,1
4430,中紈,1
4431,紈素,1
4432,素制,1
4433,制機,1
4434,機上,1
4435,上錦,1
4436,錦紋,1
4437,紋回,1
4438,回天,1
4439,子三,1
4440,三章,1
4441,章傳,1
4442,傳陳,1
4443,王七,1
4444,步才,1
4445,才緇,1
4446,緇衣,1
4447,衣久,1
4448,久擅,1
4449,美祖,1
4450,祖德,1
4451,德信,1
4452,信悠,1
4453,哉布,1
4454,布義,1
4455,義孫,1
4456,孫卿,1
4457,卿子,1
4458,子登,1
4459,登高,1
4460,高楚,1
4461,楚屈,1
4462,屈平,1
4463,平銅,1
4464,台初,1
4465,下筆,1
4466,筆樂,1
4467,樂觀,1
4468,觀正,1
4469,正飛,1
4470,飛纓,1
4471,纓乍,1
4472,乍有,1
4473,有淩,1
4474,淩雲,1
4475,雲勢,1
4476,勢時,1
4477,時聞,1
4478,聞擲,1
4479,地聲,1
4480,聲造,1
4481,造端,1
4482,端長,1
4483,長體,1
4484,體物,1
4485,物無,1
4486,複大,1
4487,夫名,1
4488,名削,1
4489,削簡,1
4490,簡龍,1
4491,文見,1
4492,臨池,1
4493,池鳥,1
4494,跡舒,1
4495,舒河,1
4496,圖八,1
4497,八卦,1
4498,卦出,1
4499,出洛,1
4500,洛范,1
4501,范九,1
4502,九疇,1
4503,疇初,1
4504,初垂,1
4505,垂露,1
4506,露春,1
4507,光滿,1
4508,滿崩,1
4509,崩雲,1
4510,雲骨,1
4511,骨氣,1
4512,氣餘,1
4513,餘請,1
4514,請君,1
4515,看入,1
4516,入木,1
4517,木一,1
4518,一寸,1
4519,寸乃,1
4520,乃非,1
4521,非虛,1
4522,虛羽,1
4523,羽檄,1
4524,檄本,1
4525,本宣,1
4526,宣明,1
4527,明由,1
4528,由來,1
4529,來木,1
4530,木聲,1
4531,聲聯,1
4532,翩至,1
4533,至漢,1
4534,漢國,1
4535,國迢,1
4536,遞入,1
4537,燕營,1
4538,營毛,1
4539,毛義,1
4540,義持,1
4541,持書,1
4542,書去,1
4543,去張,1
4544,張儀,1
4545,儀韞,1
4546,韞璧,1
4547,璧行,1
4548,行曹,1
4549,曹風,1
4550,風雖,1
4551,雖覺,1
4552,覺愈,1
4553,愈陳,1
4554,陳草,1
4555,草始,1
4556,始知,1
4557,名妙,1
4558,妙跡,1
4559,跡蔡,1
4560,蔡侯,1
4561,侯施,1
4562,施芳,1
4563,芳名,1
4564,名左,1
4565,左伯,1
4566,伯馳,1
4567,馳雲,1
4568,雲飛,1
4569,飛錦,1
4570,錦綺,1
4571,綺落,1
4572,發縹,1
4573,縹紅,1
4574,紅披,1
4575,披舒,1
4576,卷隨,1
4577,隨幽,1
4578,幽顯,1
4579,顯廉,1
4580,廉方,1
4581,方合,1
4582,合軌,1
4583,軌儀,1
4584,儀莫,1
4585,驚反,1
4586,反掌,1
4587,掌字,1
4588,字當,1
4589,當取,1
4590,取葛,1
4591,葛洪,1
4592,洪規,1
4593,規握,1
4594,握管,1
4595,管門,1
4596,門庭,1
4597,庭側,1
4598,側含,1
4599,含毫,1
4600,毫山,1
4601,隈霜,1
4602,霜輝,1
4603,輝簡,1
4604,簡上,1
4605,上發,1
4606,發錦,1
4607,錦字,1
4608,字夢,1
4609,夢中,1
4610,開鸚,1
4611,鵡摛,1
4612,摛文,1
4613,文至,1
4614,至麒,1
4615,麒麟,1
4616,麟絕,1
4617,絕句,1
4618,句來,1
4619,當遇,1
4620,遇良,1
4621,良史,1
4622,史左,1
4623,左右,1
4624,右振,1
4625,振奇,1
4626,才左,1
4627,左思,1
4628,思裁,1
4629,裁賦,1
4630,賦日,1
4631,王充,1
4632,充作,1
4633,作論,1
4634,論年,1
4635,光隨,1
4636,隨錦,1
4637,文發,1
4638,發形,1
4639,形帶,1
4640,帶石,1
4641,石岩,1
4642,岩圓,1
4643,圓積,1
4644,積潤,1
4645,潤循,1
4646,循毫,1
4647,毫裏,1
4648,裏開,1
4649,開池,1
4650,池小,1
4651,小學,1
4652,學前,1
4653,前君,1
4654,君苗,1
4655,苗徒,1
4656,徒見,1
4657,見爇,1
4658,爇誰,1
4659,誰詠,1
4660,詠士,1
4661,士衡,1
4662,衡篇,1
4663,篇長,1
4664,安分,1
4665,分石,1
4666,石炭,1
4667,炭上,1
4668,上黨,1
4669,黨結,1
4670,結松,1
4671,松心,1
4672,心繞,1
4673,畫蠅,1
4674,蠅初,1
4675,初落,1
4676,含滋,1
4677,滋綬,1
4678,綬更,1
4679,更深,1
4680,深悲,1
4681,悲絲,1
4682,絲光,1
4683,光易,1
4684,易染,1
4685,染疊,1
4686,疊素,1
4687,素彩,1
4688,彩還,1
4689,還沉,1
4690,沉別,1
4691,有張,1
4692,張芝,1
4693,芝學,1
4694,學書,1
4695,書池,1
4696,池幸,1
4697,幸見,1
4698,臨我,1
4699,我有,1
4700,有昆,1
4701,昆吾,1
4702,吾劍,1
4703,劍求,1
4704,求趨,1
4705,趨夫,1
4706,夫子,1
4707,子庭,1
4708,庭白,1
4709,虹時,1
4710,時切,1
4711,切玉,1
4712,玉紫,1
4713,紫氣,1
4714,氣夜,1
4715,夜幹,1
4716,幹星,1
4717,星鍔,1
4718,鍔上,1
4719,上芙,1
4720,芙蓉,1
4721,蓉動,1
4722,動匣,1
4723,匣中,1
4724,中霜,1
4725,霜雪,1
4726,雪明,1
4727,明倚,1
4728,倚天,1
4729,天持,1
4730,持報,1
4731,報國,1
4732,國畫,1
4733,畫地,1
4734,地取,1
4735,取雄,1
4736,雄名,1
4737,列辟,1
4738,辟鳴,1
4739,鳴鸞,1
4740,鸞至,1
4741,至惟,1
4742,惟良,1
4743,良佩,1
4744,佩犢,1
4745,犢旋,1
4746,旋帶,1
4747,帶環,1
4748,環疑,1
4749,疑寫,1
4750,寫月,1
4751,月引,1
4752,引鑒,1
4753,鑒似,1
4754,似含,1
4755,含泉,1
4756,泉入,1
4757,入夢,1
4758,夢華,1
4759,華梁,1
4760,上含,1
4761,含鋒,1
4762,鋒彩,1
4763,彩筆,1
4764,筆前,1
4765,驚開,1
4766,開百,1
4767,百煉,1
4768,煉特,1
4769,特擬,1
4770,擬定,1
4771,定三,1
4772,三邊,1
4773,邊漢,1
4774,漢甸,1
4775,甸初,1
4776,初收,1
4777,收羽,1
4778,羽燕,1
4779,燕城,1
4780,城忽,1
4781,忽解,1
4782,解圍,1
4783,圍影,1
4784,影隨,1
4785,隨流,1
4786,水急,1
4787,急光,1
4788,光帶,1
4789,帶落,1
4790,星飛,1
4791,飛夏,1
4792,夏列,1
4793,列三,1
4794,三成,1
4795,成範,1
4796,範堯,1
4797,堯沉,1
4798,沉九,1
4799,日輝,1
4800,輝斷,1
4801,斷蛟,1
4802,蛟雲,1
4803,雲夢,1
4804,夢澤,1
4805,澤希,1
4806,希為,1
4807,為識,1
4808,識忘,1
4809,忘歸,1
4810,歸俠,1
4811,客持,1
4812,持蘇,1
4813,蘇合,1
4814,合佳,1
4815,佳游,1
4816,游滿,1
4817,滿帝,1
4818,鄉避,1
4819,避丸,1
4820,丸深,1
4821,深可,1
4822,可誚,1
4823,誚求,1
4824,求炙,1
4825,炙遂,1
4826,遂難,1
4827,難忘,1
4828,忘金,1
4829,金迸,1
4830,迸疑,1
4831,疑星,1
4832,星落,1
4833,落珠,1
4834,珠沉,1
4835,沉似,1
4836,光誰,1
4837,知少,1
4838,少孺,1
4839,孺子,1
4840,子將,1
4841,將此,1
4842,此見,1
4843,見吳,1
4844,吳王,1
4845,王挺,1
4846,挺質,1
4847,本軒,1
4848,軒皇,1
4849,皇申,1
4850,申威,1
4851,振遠,1
4852,方機,1
4853,機張,1
4854,張驚,1
4855,驚雉,1
4856,雉雊,1
4857,雊玉,1
4858,彩耀,1
4859,耀星,1
4860,芒高,1
4861,高鳥,1
4862,鳥行,1
4863,行應,1
4864,應盡,1
4865,盡清,1
4866,清猿,1
4867,猿坐,1
4868,坐見,1
4869,見傷,1
4870,傷蘇,1
4871,蘇秦,1
4872,秦六,1
4873,六百,1
4874,百步,1
4875,步持,1
4876,持此,1
4877,此說,1
4878,說韓,1
4879,韓王,1
4880,王桂,1
4881,桂影,1
4882,影承,1
4883,承宵,1
4884,宵月,1
4885,虹輝,1
4886,輝接,1
4887,接曙,1
4888,曙雲,1
4889,雲縱,1
4890,縱橫,1
4891,橫齊,1
4892,齊八,1
4893,八陣,1
4894,陣舒,1
4895,卷引,1
4896,引三,1
4897,軍日,1
4898,日薄,1
4899,薄蛟,1
4900,風翻,1
4901,翻鳥,1
4902,鳥隼,1
4903,隼文,1
4904,文誰,1
4905,懷勇,1
4906,勇志,1
4907,志蟠,1
4908,蟠地,1
4909,地幾,1
4910,幾繽,1
4911,繽紛,1
4912,紛告,1
4913,告善,1
4914,善康,1
4915,康莊,1
4916,莊側,1
4917,側求,1
4918,求賢,1
4919,賢市,1
4920,市肆,1
4921,肆中,1
4922,中擁,1
4923,擁麾,1
4924,麾分,1
4925,分彩,1
4926,彩雉,1
4927,雉持,1
4928,持節,1
4929,節曳,1
4930,曳丹,1
4931,丹虹,1
4932,虹影,1
4933,麗天,1
4934,山雪,1
4935,雪光,1
4936,光搖,1
4937,搖朔,1
4938,朔塞,1
4939,塞風,1
4940,風方,1
4941,知美,1
4942,美周,1
4943,周政,1
4944,政抗,1
4945,抗旆,1
4946,旆賦,1
4947,賦車,1
4948,車攻,1
4949,攻富,1
4950,富父,1
4951,父舂,1
4952,舂喉,1
4953,喉日,1
4954,日殷,1
4955,殷辛,1
4956,辛漂,1
4957,漂杵,1
4958,杵年,1
4959,年曉,1
4960,曉霜,1
4961,霜含,1
4962,含白,1
4963,白刃,1
4964,刃落,1
4965,落影,1
4966,影駐,1
4967,駐雕,1
4968,雕鋋,1
4969,鋋夕,1
4970,夕擯,1
4971,擯金,1
4972,門側,1
4973,側朝,1
4974,朝提,1
4975,提玉,1
4976,塞前,1
4977,前願,1
4978,願隨,1
4979,隨龍,1
4980,度橫,1
4981,橫陣,1
4982,陣雲,1
4983,雲邊,1
4984,邊舜,1
4985,舜日,1
4986,日諧,1
4987,諧鞀,1
4988,鞀響,1
4989,響堯,1
4990,堯年,1
4991,年韻,1
4992,韻士,1
4993,士聲,1
4994,向樓,1
4995,樓疑,1
4996,疑吹,1
4997,吹擊,1
4998,擊震,1
4999,震谷,1
5000,谷似,1
5001,雷驚,1
5002,驚仙,1
5003,仙鶴,1
5004,鶴排,1
5005,排門,1
5006,門起,1
5007,起靈,1
5008,靈鼉,1
5009,鼉帶,1
5010,帶水,1
5011,水鳴,1
5012,鳴樂,1
5013,樂雲,1
5014,雲行,1
5015,行已,1
5016,已奏,1
5017,奏禮,1
5018,禮曰,1
5019,曰冀,1
5020,冀相,1
5021,相成,1
5022,成桃,1
5023,桃文,1
5024,文稱,1
5025,稱辟,1
5026,辟惡,1
5027,惡桑,1
5028,桑質,1
5029,質表,1
5030,表初,1
5031,初生,1
5032,生宛,1
5033,轉雕,1
5034,雕鞬,1
5035,鞬際,1
5036,際依,1
5037,依稀,1
5038,稀半,1
5039,明遙,1
5040,遙彎,1
5041,彎落,1
5042,落雁,1
5043,雁影,1
5044,影虛,1
5045,虛引,1
5046,引怯,1
5047,怯猿,1
5048,猿聲,1
5049,聲徒,1
5050,徒切,1
5051,切烏,1
5052,烏號,1
5053,號思,1
5054,思攀,1
5055,攀龍,1
5056,龍遂,1
5057,遂不,1
5058,不成,1
5059,成名,1
5060,名士,1
5061,士竹,1
5062,隈鳴,1
5063,琴寶,1
5064,寶匣,1
5065,匣開,1
5066,開風,1
5067,前中,1
5068,中散,1
5069,散至,1
5070,至月,1
5071,下步,1
5072,步兵,1
5073,兵來,1
5074,來淮,1
5075,淮海,1
5076,海多,1
5077,多為,1
5078,為室,1
5079,室梁,1
5080,梁岷,1
5081,岷舊,1
5082,舊作,1
5083,作台,1
5084,台子,1
5085,子期,1
5086,期如,1
5087,可聽,1
5088,聽山,1
5089,水響,1
5090,響餘,1
5091,餘哀,1
5092,哀伏,1
5093,伏羲,1
5094,羲初,1
5095,初制,1
5096,制法,1
5097,法素,1
5098,素女,1
5099,女昔,1
5100,昔傳,1
5101,名流,1
5102,水嘉,1
5103,嘉魚,1
5104,魚躍,1
5105,躍叢,1
5106,叢台,1
5107,台舞,1
5108,鳳驚,1
5109,驚嘉,1
5110,賓飲,1
5111,飲未,1
5112,未極,1
5113,極君,1
5114,子娛,1
5115,娛俱,1
5116,俱並,1
5117,並倘,1
5118,入丘,1
5119,丘之,1
5120,之戶,1
5121,戶應,1
5122,應知,1
5123,知由,1
5124,由也,1
5125,也情,1
5126,情朱,1
5127,朱絲,1
5128,絲聞,1
5129,聞岱,1
5130,岱穀,1
5131,穀鑠,1
5132,鑠質,1
5133,本多,1
5134,多端,1
5135,端半,1
5136,月分,1
5137,分弦,1
5138,弦出,1
5139,出叢,1
5140,叢花,1
5141,拂面,1
5142,面安,1
5143,安將,1
5144,軍曾,1
5145,曾制,1
5146,制曲,1
5147,曲司,1
5148,馬屢,1
5149,屢陪,1
5150,陪觀,1
5151,觀本,1
5152,本是,1
5153,是胡,1
5154,胡中,1
5155,中樂,1
5156,樂希,1
5157,君馬,1
5158,馬上,1
5159,上彈,1
5160,彈蒙,1
5161,蒙恬,1
5162,恬芳,1
5163,芳軌,1
5164,軌設,1
5165,設游,1
5166,游楚,1
5167,楚妙,1
5168,妙彈,1
5169,彈開,1
5170,開新,1
5171,新曲,1
5172,曲帳,1
5173,帳中,1
5174,中發,1
5175,發清,1
5176,清音,1
5177,音指,1
5178,指下,1
5179,來鈿,1
5180,鈿裝,1
5181,裝模,1
5182,模六,1
5183,六律,1
5184,律柱,1
5185,柱列,1
5186,列配,1
5187,配三,1
5188,三才,1
5189,才莫,1
5190,莫聽,1
5191,聽西,1
5192,秦奏,1
5193,奏箏,1
5194,箏箏,1
5195,箏有,1
5196,有剩,1
5197,剩哀,1
5198,哀既,1
5199,既接,1
5200,南鄰,1
5201,鄰磬,1
5202,磬還,1
5203,還隨,1
5204,隨北,1
5205,裏笙,1
5206,笙平,1
5207,陵通,1
5208,通曙,1
5209,曙響,1
5210,長樂,1
5211,樂警,1
5212,警宵,1
5213,宵聲,1
5214,聲秋,1
5215,秋至,1
5216,至含,1
5217,動春,1
5218,春歸,1
5219,歸應,1
5220,應律,1
5221,律鳴,1
5222,鳴欲,1
5223,欲知,1
5224,知常,1
5225,常待,1
5226,待扣,1
5227,扣金,1
5228,金簴,1
5229,簴有,1
5230,餘清,1
5231,清虞,1
5232,虞舜,1
5233,舜調,1
5234,調清,1
5235,清管,1
5236,管王,1
5237,王褒,1
5238,褒賦,1
5239,賦雅,1
5240,雅音,1
5241,音參,1
5242,差橫,1
5243,橫鳳,1
5244,鳳翼,1
5245,翼搜,1
5246,搜索,1
5247,索動,1
5248,動人,1
5249,人心,1
5250,心羌,1
5251,羌笛,1
5252,笛寫,1
5253,寫龍,1
5254,龍聲,1
5255,聲長,1
5256,長吟,1
5257,吟入,1
5258,清關,1
5259,山孤,1
5260,孤月,1
5261,來向,1
5262,向隴,1
5263,頭鳴,1
5264,鳴逐,1
5265,吹梅,1
5266,梅花,1
5267,春柳,1
5268,柳色,1
5269,色驚,1
5270,驚行,1
5271,行觀,1
5272,觀向,1
5273,向子,1
5274,賦坐,1
5275,坐憶,1
5276,憶舊,1
5277,舊鄰,1
5278,鄰情,1
5279,情懸,1
5280,懸匏,1
5281,匏曲,1
5282,曲沃,1
5283,沃上,1
5284,上孤,1
5285,孤筱,1
5286,筱汶,1
5287,汶陽,1
5288,陽隈,1
5289,隈形,1
5290,形寫,1
5291,寫歌,1
5292,歌鸞,1
5293,鸞翼,1
5294,翼聲,1
5295,隨舞,1
5296,鳳哀,1
5297,哀歡,1
5298,娛分,1
5299,分北,1
5300,裏純,1
5301,孝即,1
5302,即南,1
5303,南陔,1
5304,陔今,1
5305,日虞,1
5306,虞音,1
5307,音奏,1
5308,奏蹌,1
5309,蹌蹌,1
5310,蹌鳥,1
5311,鳥獸,1
5312,獸來,1
5313,來漢,1
5314,帝臨,1
5315,臨汾,1
5316,水周,1
5317,周仙,1
5318,仙去,1
5319,去洛,1
5320,洛濱,1
5321,濱郢,1
5322,郢中,1
5323,中吟,1
5324,吟白,1
5325,雪梁,1
5326,上繞,1
5327,繞飛,1
5328,飛塵,1
5329,塵響,1
5330,響發,1
5331,發行,1
5332,雲駐,1
5333,駐聲,1
5334,隨子,1
5335,子夜,1
5336,夜新,1
5337,新願,1
5338,君聽,1
5339,聽扣,1
5340,扣角,1
5341,角當,1
5342,當自,1
5343,自識,1
5344,識賢,1
5345,賢臣,1
5346,臣妙,1
5347,妙伎,1
5348,伎游,1
5349,游金,1
5350,金谷,1
5351,谷佳,1
5352,人滿,1
5353,滿石,1
5354,石城,1
5355,城霞,1
5356,霞衣,1
5357,衣席,1
5358,上轉,1
5359,轉花,1
5360,花岫,1
5361,岫雪,1
5362,雪前,1
5363,前明,1
5364,明儀,1
5365,儀鳳,1
5366,鳳諧,1
5367,諧清,1
5368,清曲,1
5369,曲回,1
5370,回鸞,1
5371,鸞應,1
5372,應雅,1
5373,雅聲,1
5374,聲非,1
5375,君一,1
5376,一顧,1
5377,顧重,1
5378,重誰,1
5379,賞素,1
5380,素腰,1
5381,腰輕,1
5382,輕映,1
5383,映石,1
5384,石先,1
5385,過魏,1
5386,魏連,1
5387,連城,1
5388,城欲,1
5389,秦洛,1
5390,陽陪,1
5391,陪勝,1
5392,勝友,1
5393,友燕,1
5394,燕趙,1
5395,趙類,1
5396,類佳,1
5397,人方,1
5398,方水,1
5399,水晴,1
5400,虹媚,1
5401,媚常,1
5402,常山,1
5403,山瑞,1
5404,瑞馬,1
5405,馬新,1
5406,新徒,1
5407,徒為,1
5408,為卞,1
5409,卞和,1
5410,和識,1
5411,識不,1
5412,不遇,1
5413,遇楚,1
5414,王珍,1
5415,珍南,1
5416,南楚,1
5417,楚標,1
5418,標前,1
5419,前貢,1
5420,貢西,1
5421,秦識,1
5422,識舊,1
5423,舊城,1
5424,城祭,1
5425,祭天,1
5426,天封,1
5427,封漢,1
5428,漢嶺,1
5429,嶺擲,1
5430,地警,1
5431,警孫,1
5432,孫聲,1
5433,日披,1
5434,披沙,1
5435,沙淨,1
5436,風振,1
5437,振鐸,1
5438,鐸鳴,1
5439,鳴方,1
5440,方同,1
5441,同楊,1
5442,楊伯,1
5443,伯起,1
5444,起獨,1
5445,有四,1
5446,四知,1
5447,名思,1
5448,思婦,1
5449,婦屏,1
5450,屏輝,1
5451,輝掩,1
5452,掩遊,1
5453,人燭,1
5454,燭影,1
5455,影長,1
5456,長玉,1
5457,玉壺,1
5458,壺初,1
5459,下箭,1
5460,箭桐,1
5461,桐井,1
5462,井共,1
5463,共安,1
5464,安床,1
5465,床色,1
5466,帶長,1
5467,長河,1
5468,河色,1
5469,光浮,1
5470,浮滿,1
5471,滿月,1
5472,光靈,1
5473,靈山,1
5474,山有,1
5475,有珍,1
5476,珍甕,1
5477,甕仙,1
5478,闕薦,1
5479,薦君,1
5480,王漢,1
5481,日五,1
5482,五銖,1
5483,銖建,1
5484,建姬,1
5485,姬年,1
5486,年九,1
5487,九府,1
5488,府流,1
5489,流天,1
5490,天龍,1
5491,龍帶,1
5492,帶泉,1
5493,泉寶,1
5494,寶地,1
5495,地馬,1
5496,馬列,1
5497,列金,1
5498,金溝,1
5499,溝趙,1
5500,趙壹,1
5501,壹囊,1
5502,囊初,1
5503,初乏,1
5504,乏何,1
5505,何曾,1
5506,曾箸,1
5507,箸欲,1
5508,欲收,1
5509,收金,1
5510,門應,1
5511,應入,1
5512,入論,1
5513,論玉,1
5514,井冀,1
5515,冀來,1
5516,來求,1
5517,求漢,1
5518,使巾,1
5519,巾車,1
5520,車遠,1
5521,遠河,1
5522,河陽,1
5523,陽步,1
5524,步障,1
5525,障陳,1
5526,陳雲,1
5527,雲浮,1
5528,浮仙,1
5529,仙石,1
5530,石日,1
5531,日霞,1
5532,霞滿,1
5533,滿蜀,1
5534,蜀江,1
5535,江春,1
5536,春機,1
5537,機迥,1
5538,迥回,1
5539,文巧,1
5540,巧紳,1
5541,紳兼,1
5542,兼束,1
5543,束發,1
5544,發新,1
5545,新若,1
5546,逢楚,1
5547,王貴,1
5548,貴不,1
5549,不作,1
5550,作夜,1
5551,夜行,1
5552,人妙,1
5553,妙舞,1
5554,舞隨,1
5555,隨裙,1
5556,裙動,1
5557,動行,1
5558,行歌,1
5559,歌入,1
5560,入扇,1
5561,扇清,1
5562,清蓮,1
5563,花依,1
5564,依帳,1
5565,帳發,1
5566,月鑒,1
5567,鑒帷,1
5568,帷明,1
5569,明雲,1
5570,雲薄,1
5571,薄衣,1
5572,衣初,1
5573,初卷,1
5574,卷蟬,1
5575,蟬飛,1
5576,飛翼,1
5577,翼轉,1
5578,轉輕,1
5579,輕若,1
5580,若珍,1
5581,珍三,1
5582,三代,1
5583,代服,1
5584,服同,1
5585,同擅,1
5586,擅綺,1
5587,綺紈,1
5588,紈名,1
5589,名金,1
5590,金縷,1
5591,縷通,1
5592,通秦,1
5593,秦國,1
5594,國為,1
5595,為裘,1
5596,裘指,1
5597,指魏,1
5598,君落,1
5599,花遙,1
5600,遙寫,1
5601,寫霧,1
5602,霧飛,1
5603,飛鶴,1
5604,鶴近,1
5605,近圖,1
5606,圖雲,1
5607,雲馬,1
5608,馬眼,1
5609,眼冰,1
5610,冰淩,1
5611,淩影,1
5612,影竹,1
5613,竹根,1
5614,根雪,1
5615,雪霰,1
5616,霰文,1
5617,文何,1
5618,當畫,1
5619,畫秦,1
5620,秦女,1
5621,女煙,1
5622,煙際,1
5623,際坐,1
5624,坐氤,1
5625,氳女,1
5626,女纖,1
5627,纖腰,1
5628,腰洛,1
5629,洛浦,1
5630,浦妃,1
5631,妃遠,1
5632,方望,1
5633,望雁,1
5634,雁足,1
5635,足上,1
5636,林飛,1
5637,妙奪,1
5638,奪鮫,1
5639,鮫綃,1
5640,綃色,1
5641,光騰,1
5642,騰月,1
5643,月扇,1
5644,扇輝,1
5645,輝非,1
5646,君下,1
5647,下路,1
5648,路去,1
5649,去誰,1
5650,賞故,1
5651,人機,1
5652,機禦,1
5653,禦績,1
5654,績創,1
5655,創羲,1
5656,羲黃,1
5657,黃緇,1
5658,緇冠,1
5659,冠表,1
5660,表素,1
5661,素王,1
5662,王瀑,1
5663,瀑飛,1
5664,飛臨,1
5665,臨碧,1
5666,碧海,1
5667,海火,1
5668,火浣,1
5669,浣擅,1
5670,擅炎,1
5671,炎方,1
5672,方孫,1
5673,孫被,1
5674,被登,1
5675,登三,1
5676,三相,1
5677,相劉,1
5678,劉衣,1
5679,衣闡,1
5680,闡四,1
5681,四方,1
5682,方佇,1
5683,佇因,1
5684,因舂,1
5685,舂鬥,1
5686,鬥粟,1
5687,粟來,1
5688,來曉,1
5689,曉棣,1
5690,棣華,1
5691,華芳,1
5692,芳征,1
5693,棹三,1
5694,江暮,1
5695,暮連,1
5696,連檣,1
5697,檣萬,1
5698,回相,1
5699,相烏,1
5700,烏風,1
5701,風際,1
5702,際轉,1
5703,轉畫,1
5704,畫鷁,1
5705,鷁浪,1
5706,浪前,1
5707,前開,1
5708,開羽,1
5709,羽客,1
5710,客乘,1
5711,乘霞,1
5712,霞至,1
5713,至仙,1
5714,人弄,1
5715,弄月,1
5716,當同,1
5717,同傅,1
5718,傅說,1
5719,說特,1
5720,特展,1
5721,展巨,1
5722,巨川,1
5723,川材,1
5724,材天,1
5725,馭金,1
5726,金根,1
5727,根蒲,1
5728,蒲輪,1
5729,輪辟,1
5730,辟四,1
5731,五神,1
5732,神趨,1
5733,趨雪,1
5734,雪至,1
5735,至雙,1
5736,雙轂,1
5737,轂似,1
5738,雷奔,1
5739,奔丹,1
5740,鳳棲,1
5741,棲金,1
5742,金轄,1
5743,轄非,1
5744,熊載,1
5745,載寶,1
5746,寶軒,1
5747,軒無,1
5748,無階,1
5749,階忝,1
5750,忝虛,1
5751,虛左,1
5752,左珠,1
5753,珠乘,1
5754,乘奉,1
5755,奉王,1
5756,王言,1
5757,言傳,1
5758,傳聞,1
5759,聞有,1
5760,有象,1
5761,象床,1
5762,床疇,1
5763,疇昔,1
5764,昔獻,1
5765,獻君,1
5766,王玳,1
5767,玳瑁,1
5768,瑁千,1
5769,金起,1
5770,起珊,1
5771,珊瑚,1
5772,瑚七,1
5773,七寶,1
5774,寶妝,1
5775,妝桂,1
5776,桂筵,1
5777,筵含,1
5778,含柏,1
5779,柏馥,1
5780,馥蘭,1
5781,蘭席,1
5782,席拂,1
5783,拂沉,1
5784,沉香,1
5785,香願,1
5786,願奉,1
5787,奉羅,1
5788,羅帷,1
5789,帷夜,1
5790,夜長,1
5791,長乘,1
5792,乘秋,1
5793,光避,1
5794,避席,1
5795,席承,1
5796,承宣,1
5797,宣父,1
5798,父重,1
5799,重筵,1
5800,筵揖,1
5801,揖戴,1
5802,戴公,1
5803,公桂,1
5804,浮半,1
5805,月蘭,1
5806,蘭氣,1
5807,氣襲,1
5808,襲回,1
5809,回風,1
5810,風舞,1
5811,舞拂,1
5812,拂丹,1
5813,丹霞,1
5814,上歌,1
5815,歌清,1
5816,清白,1
5817,雪中,1
5818,中佇,1
5819,佇將,1
5820,將文,1
5821,文綺,1
5822,綺色,1
5823,色舒,1
5824,卷帝,1
5825,王宮,1
5826,宮久,1
5827,久閉,1
5828,閉先,1
5829,生戶,1
5830,戶高,1
5831,高褰,1
5832,褰太,1
5833,守車,1
5834,車羅,1
5835,羅將,1
5836,將翡,1
5837,翠合,1
5838,合錦,1
5839,錦逐,1
5840,凰舒,1
5841,舒明,1
5842,月彈,1
5843,琴夜,1
5844,風入,1
5845,入幌,1
5846,幌初,1
5847,初方,1
5848,知決,1
5849,策黃,1
5850,石受,1
5851,受兵,1
5852,兵書,1
5853,書清,1
5854,風時,1
5855,時入,1
5856,燕紫,1
5857,紫殿,1
5858,殿幾,1
5859,含秋,1
5860,秋曖,1
5861,曖曖,1
5862,曖籠,1
5863,籠鈴,1
5864,鈴閣,1
5865,閣纖,1
5866,纖纖,1
5867,纖上,1
5868,上玉,1
5869,玉鉤,1
5870,鉤窗,1
5871,窗中,1
5872,中翡,1
5873,翠動,1
5874,動戶,1
5875,戶外,1
5876,外水,1
5877,水精,1
5878,精浮,1
5879,浮巧,1
5880,巧作,1
5881,作盤,1
5882,盤龍,1
5883,龍勢,1
5884,勢長,1
5885,長迎,1
5886,迎飛,1
5887,飛燕,1
5888,燕遊,1
5889,遊洞,1
5890,洞徹,1
5891,徹琉,1
5892,琉璃,1
5893,璃蔽,1
5894,蔽威,1
5895,威紆,1
5896,紆屈,1
5897,屈膝,1
5898,膝回,1
5899,回錦,1
5900,中雲,1
5901,雲母,1
5902,母列,1
5903,列霞,1
5904,上織,1
5905,織成,1
5906,成開,1
5907,開山,1
5908,水含,1
5909,春動,1
5910,動神,1
5911,仙倒,1
5912,倒景,1
5913,景來,1
5914,來修,1
5915,修身,1
5916,身兼,1
5917,兼竭,1
5918,竭節,1
5919,節誰,1
5920,識作,1
5921,銘才,1
5922,才桂,1
5923,桂友,1
5924,友尋,1
5925,尋東,1
5926,東閣,1
5927,閣蘭,1
5928,蘭交,1
5929,交聚,1
5930,聚北,1
5931,堂象,1
5932,象筵,1
5933,筵分,1
5934,分錦,1
5935,錦繡,1
5936,繡羅,1
5937,羅薦,1
5938,薦合,1
5939,合鴛,1
5940,鴛鴦,1
5941,鴦光,1
5942,光逸,1
5943,逸偷,1
5944,偷眠,1
5945,眠穩,1
5946,穩王,1
5947,王章,1
5948,章泣,1
5949,泣恨,1
5950,恨長,1
5951,長孔,1
5952,孔懷,1
5953,懷欣,1
5954,欣共,1
5955,共寢,1
5956,寢棣,1
5957,棣萼,1
5958,萼幾,1
5959,芳明,1
5960,明鑒,1
5961,鑒掩,1
5962,掩塵,1
5963,塵埃,1
5964,埃含,1
5965,情照,1
5966,照魏,1
5967,魏台,1
5968,台日,1
5969,中烏,1
5970,鵲至,1
5971,至花,1
5972,花裏,1
5973,裏鳳,1
5974,來玉,1
5975,彩疑,1
5976,疑冰,1
5977,冰徹,1
5978,徹金,1
5979,金輝,1
5980,輝似,1
5981,月開,1
5982,開方,1
5983,知樂,1
5984,樂彥,1
5985,彥輔,1
5986,輔自,1
5987,自有,1
5988,有鑒,1
5989,鑒人,1
5990,人才,1
5991,才翟,1
5992,翟羽,1
5993,羽舊,1
5994,舊傳,1
5995,名蒲,1
5996,蒲葵,1
5997,葵價,1
5998,價不,1
5999,不輕,1
6000,輕花,1
6001,花芳,1
6002,芳不,1
6003,不滿,1
6004,滿面,1
6005,面羅,1
6006,羅薄,1
6007,薄詎,1
6008,詎障,1
6009,障聲,1
6010,聲禦,1
6011,禦熱,1
6012,熱含,1
6013,風細,1
6014,細臨,1
6015,秋帶,1
6016,帶月,1
6017,明同,1
6018,同心,1
6019,心如,1
6020,可贈,1
6021,贈持,1
6022,持表,1
6023,表合,1
6024,合歡,1
6025,情兔,1
6026,月清,1
6027,清光,1
6028,光隱,1
6029,隱龍,1
6030,龍盤,1
6031,盤畫,1
6032,畫燭,1
6033,燭新,1
6034,新三,1
6035,三星,1
6036,星花,1
6037,花入,1
6038,夜四,1
6039,序玉,1
6040,玉調,1
6041,調晨,1
6042,晨浮,1
6043,浮炷,1
6044,炷依,1
6045,依羅,1
6046,羅幌,1
6047,幌吹,1
6048,吹香,1
6049,香匝,1
6050,匝綺,1
6051,綺茵,1
6052,茵若,1
6053,逢燕,1
6054,燕國,1
6055,國相,1
6056,相持,1
6057,持用,1
6058,用舉,1
6059,舉賢,1
6060,人孔,1
6061,孔坐,1
6062,坐洽,1
6063,洽良,1
6064,良儔,1
6065,儔陳,1
6066,陳筵,1
6067,筵幾,1
6068,幾獻,1
6069,獻酬,1
6070,酬臨,1
6071,風竹,1
6072,葉滿,1
6073,滿湛,1
6074,湛月,1
6075,月桂,1
6076,浮每,1
6077,每接,1
6078,接高,1
6079,高陽,1
6080,陽宴,1
6081,宴長,1
6082,長陪,1
6083,陪河,1
6084,河朔,1
6085,朔遊,1
6086,遊會,1
6087,會從,1
6088,從玄,1
6089,玄石,1
6090,石飲,1
6091,飲雲,1
6092,雲雨,1
6093,雨出,1
6094,出圓,1
6095,圓丘,1
6096,丘虛,1
6097,虛室,1
6098,室重,1
6099,重招,1
6100,尋忘,1
6101,忘言,1
6102,言契,1
6103,契斷,1
6104,斷金,1
6105,金英,1
6106,英浮,1
6107,浮漢,1
6108,家酒,1
6109,酒雪,1
6110,雪儷,1
6111,儷楚,1
6112,王琴,1
6113,琴廣,1
6114,廣殿,1
6115,殿輕,1
6116,輕香,1
6117,香發,1
6118,發高,1
6119,高臺,1
6120,臺遠,1
6121,遠吹,1
6122,吹吟,1
6123,吟河,1
6124,河汾,1
6125,汾應,1
6126,應擢,1
6127,擢秀,1
6128,秀誰,1
6129,誰肯,1
6130,肯訪,1
6131,訪山,1
6132,山陰,1
6133,陰玉,1
6134,玉律,1
6135,律三,1
6136,秋暮,1
6137,暮金,1
6138,金精,1
6139,精九,1
6140,日開,1
6141,開榮,1
6142,榮舒,1
6143,舒洛,1
6144,洛媛,1
6145,媛浦,1
6146,浦香,1
6147,香泛,1
6148,泛野,1
6149,杯靃,1
6150,靃靡,1
6151,靡寒,1
6152,寒潭,1
6153,潭側,1
6154,側豐,1
6155,豐茸,1
6156,茸曉,1
6157,曉岸,1
6158,岸隈,1
6159,隈黃,1
6160,黃花,1
6161,花今,1
6162,日晚,1
6163,晚無,1
6164,複白,1
6165,白衣,1
6166,衣來,1
6167,來高,1
6168,高簳,1
6169,簳楚,1
6170,楚江,1
6171,江濆,1
6172,濆嬋,1
6173,嬋娟,1
6174,娟含,1
6175,含曙,1
6176,曙氛,1
6177,氛白,1
6178,白花,1
6179,花搖,1
6180,搖鳳,1
6181,影青,1
6182,青節,1
6183,節動,1
6184,動龍,1
6185,文葉,1
6186,葉掃,1
6187,掃東,1
6188,南日,1
6189,日枝,1
6190,枝捎,1
6191,捎西,1
6192,雲誰,1
6193,知湘,1
6194,上流,1
6195,流淚,1
6196,淚獨,1
6197,獨思,1
6198,君吐,1
6199,吐葉,1
6200,葉依,1
6201,依松,1
6202,松磴,1
6203,磴舒,1
6204,舒苗,1
6205,苗長,1
6206,長石,1
6207,石台,1
6208,台神,1
6209,神農,1
6210,農嘗,1
6211,嘗藥,1
6212,藥罷,1
6213,罷質,1
6214,質子,1
6215,子寄,1
6216,寄書,1
6217,書來,1
6218,來色,1
6219,色映,1
6220,映蒲,1
6221,蒲萄,1
6222,萄架,1
6223,架花,1
6224,花分,1
6225,分竹,1
6226,葉杯,1
6227,杯金,1
6228,堤不,1
6229,見識,1
6230,識玉,1
6231,玉潤,1
6232,潤幾,1
6233,幾重,1
6234,開屣,1
6235,屣步,1
6236,步尋,1
6237,尋芳,1
6238,芳草,1
6239,草忘,1
6240,忘憂,1
6241,憂自,1
6242,自結,1
6243,結叢,1
6244,叢黃,1
6245,黃英,1
6246,英開,1
6247,開養,1
6248,養性,1
6249,性綠,1
6250,綠葉,1
6251,葉正,1
6252,正依,1
6253,依籠,1
6254,籠色,1
6255,色湛,1
6256,湛仙,1
6257,人露,1
6258,露香,1
6259,香傳,1
6260,傳少,1
6261,少女,1
6262,女風,1
6263,風還,1
6264,還依,1
6265,依北,1
6266,堂下,1
6267,下曹,1
6268,曹植,1
6269,植動,1
6270,動文,1
6271,文雄,1
6272,雄楚,1
6273,楚甸,1
6274,甸供,1
6275,供王,1
6276,王日,1
6277,日衡,1
6278,陽入,1
6279,入貢,1
6280,貢年,1
6281,年麏,1
6282,麏包,1
6283,包青,1
6284,青野,1
6285,野外,1
6286,外鴟,1
6287,鴟嘯,1
6288,嘯綺,1
6289,綺楹,1
6290,楹前,1
6291,前堯,1
6292,堯帝,1
6293,帝成,1
6294,成茨,1
6295,茨罷,1
6296,罷殷,1
6297,殷湯,1
6298,湯祭,1
6299,祭雨,1
6300,雨旋,1
6301,旋方,1
6302,方期,1
6303,期大,1
6304,大君,1
6305,君錫,1
6306,錫不,1
6307,不懼,1
6308,懼小,1
6309,小巫,1
6310,巫捐,1
6311,捐新,1
6312,新溜,1
6313,溜滿,1
6314,滿澄,1
6315,澄陂,1
6316,陂圓,1
6317,圓荷,1
6318,荷影,1
6319,影若,1
6320,若規,1
6321,規風,1
6322,風來,1
6323,香氣,1
6324,氣遠,1
6325,遠日,1
6326,蓋陰,1
6327,陰移,1
6328,移魚,1
6329,魚戲,1
6330,戲排,1
6331,排緗,1
6332,緗葉,1
6333,葉龜,1
6334,龜浮,1
6335,浮見,1
6336,見綠,1
6337,池魏,1
6338,魏朝,1
6339,朝難,1
6340,難接,1
6341,接采,1
6342,采楚,1
6343,楚服,1
6344,服但,1
6345,但同,1
6346,同披,1
6347,披二,1
6348,虹初,1
6349,初見,1
6350,見三,1
6351,春蟻,1
6352,蟻正,1
6353,正浮,1
6354,浮青,1
6355,青蘋,1
6356,蘋含,1
6357,含吹,1
6358,吹轉,1
6359,轉紫,1
6360,紫蒂,1
6361,蒂帶,1
6362,帶波,1
6363,波流,1
6364,流屢,1
6365,屢逐,1
6366,逐明,1
6367,明神,1
6368,神薦,1
6369,薦常,1
6370,常隨,1
6371,隨旅,1
6372,旅客,1
6373,客游,1
6374,游既,1
6375,既能,1
6376,能甜,1
6377,甜似,1
6378,似蜜,1
6379,蜜還,1
6380,還繞,1
6381,繞楚,1
6382,王舟,1
6383,舟鉅,1
6384,鉅野,1
6385,野韶,1
6386,光暮,1
6387,暮東,1
6388,東平,1
6389,平春,1
6390,春溜,1
6391,溜通,1
6392,通影,1
6393,影搖,1
6394,搖江,1
6395,江浦,1
6396,浦月,1
6397,月香,1
6398,香引,1
6399,引棹,1
6400,歌風,1
6401,風日,1
6402,日色,1
6403,色翻,1
6404,翻池,1
6405,上潭,1
6406,潭花,1
6407,發鏡,1
6408,鏡中,1
6409,中五,1
6410,五湖,1
6411,湖多,1
6412,賞樂,1
6413,樂千,1
6414,里望,1
6415,望難,1
6416,難窮,1
6417,窮欲,1
6418,欲識,1
6419,識東,1
6420,東陵,1
6421,陵味,1
6422,味青,1
6423,色瓜,1
6424,瓜龍,1
6425,龍蹄,1
6426,蹄遠,1
6427,遠珠,1
6428,履女,1
6429,女臂,1
6430,臂動,1
6431,金花,1
6432,花六,1
6433,六子,1
6434,子方,1
6435,方呈,1
6436,呈瑞,1
6437,瑞三,1
6438,三仙,1
6439,仙實,1
6440,實可,1
6441,可嘉,1
6442,嘉終,1
6443,終朝,1
6444,朝奉,1
6445,奉絺,1
6446,絺綌,1
6447,綌謁,1
6448,謁帝,1
6449,帝佇,1
6450,佇非,1
6451,非賒,1
6452,賒鬱,1
6453,鬱高,1
6454,高岩,1
6455,岩表,1
6456,表森,1
6457,森森,1
6458,森幽,1
6459,幽澗,1
6460,澗陲,1
6461,陲鶴,1
6462,鶴棲,1
6463,棲君,1
6464,子樹,1
6465,樹風,1
6466,風拂,1
6467,拂大,1
6468,夫枝,1
6469,枝百,1
6470,尺條,1
6471,條陰,1
6472,陰合,1
6473,年蓋,1
6474,影披,1
6475,披歲,1
6476,歲寒,1
6477,寒終,1
6478,終不,1
6479,不改,1
6480,改勁,1
6481,勁節,1
6482,節幸,1
6483,幸君,1
6484,君知,1
6485,知未,1
6486,未殖,1
6487,殖銀,1
6488,銀宮,1
6489,宮裏,1
6490,裏寧,1
6491,寧移,1
6492,移玉,1
6493,殿幽,1
6494,幽枝,1
6495,枝生,1
6496,生無,1
6497,無限,1
6498,限月,1
6499,花滿,1
6500,滿自,1
6501,然秋,1
6502,秋俠,1
6503,客條,1
6504,條為,1
6505,為馬,1
6506,馬仙,1
6507,人葉,1
6508,葉作,1
6509,作舟,1
6510,舟願,1
6511,君期,1
6512,期道,1
6513,道術,1
6514,術攀,1
6515,折可,1
6516,可淹,1
6517,淹留,1
6518,留暮,1
6519,暮律,1
6520,律移,1
6521,移寒,1
6522,寒火,1
6523,火春,1
6524,春宮,1
6525,宮長,1
6526,長舊,1
6527,舊栽,1
6528,栽葉,1
6529,葉生,1
6530,生馳,1
6531,馳道,1
6532,道側,1
6533,側花,1
6534,落鳳,1
6535,鳳庭,1
6536,庭隈,1
6537,隈烈,1
6538,烈士,1
6539,士懷,1
6540,懷忠,1
6541,忠觸,1
6542,觸鴻,1
6543,儒訪,1
6544,訪業,1
6545,業來,1
6546,當赤,1
6547,赤墀,1
6548,墀下,1
6549,下疏,1
6550,疏幹,1
6551,幹擬,1
6552,擬三,1
6553,台楊,1
6554,楊柳,1
6555,柳鬱,1
6556,鬱氤,1
6557,氳金,1
6558,堤總,1
6559,總翠,1
6560,氛庭,1
6561,前花,1
6562,花類,1
6563,類雪,1
6564,雪樓,1
6565,樓際,1
6566,際葉,1
6567,葉如,1
6568,如雲,1
6569,雲列,1
6570,列宿,1
6571,宿分,1
6572,分龍,1
6573,影芳,1
6574,芳池,1
6575,池寫,1
6576,寫鳳,1
6577,文短,1
6578,短簫,1
6579,簫何,1
6580,以奏,1
6581,奏攀,1
6582,折為,1
6583,為思,1
6584,君孤,1
6585,孤秀,1
6586,秀嶧,1
6587,嶧陽,1
6588,陽岑,1
6589,岑亭,1
6590,出眾,1
6591,眾林,1
6592,林春,1
6593,光雜,1
6594,雜鳳,1
6595,影秋,1
6596,月弄,1
6597,弄圭,1
6598,圭陰,1
6599,陰高,1
6600,高映,1
6601,映龍,1
6602,龍門,1
6603,門迥,1
6604,迥雙,1
6605,雙依,1
6606,依玉,1
6607,井深,1
6608,深不,1
6609,不因,1
6610,因將,1
6611,將入,1
6612,入爨,1
6613,爨誰,1
6614,誰謂,1
6615,謂作,1
6616,作鳴,1
6617,琴獨,1
6618,有成,1
6619,成蹊,1
6620,蹊處,1
6621,處穠,1
6622,穠華,1
6623,華髮,1
6624,髮井,1
6625,井傍,1
6626,傍山,1
6627,山風,1
6628,風凝,1
6629,凝笑,1
6630,笑臉,1
6631,臉朝,1
6632,朝露,1
6633,露泫,1
6634,泫啼,1
6635,啼妝,1
6636,妝隱,1
6637,隱士,1
6638,士顏,1
6639,顏應,1
6640,應改,1
6641,改仙,1
6642,人路,1
6643,路漸,1
6644,漸長,1
6645,長還,1
6646,還欣,1
6647,欣上,1
6648,林苑,1
6649,苑千,1
6650,千歲,1
6651,歲奉,1
6652,奉君,1
6653,王潘,1
6654,潘嶽,1
6655,嶽閒,1
6656,閒居,1
6657,居日,1
6658,王戎,1
6659,戎戲,1
6660,戲陌,1
6661,陌辰,1
6662,辰蝶,1
6663,蝶遊,1
6664,遊芳,1
6665,芳徑,1
6666,徑馥,1
6667,馥鶯,1
6668,鶯囀,1
6669,囀弱,1
6670,弱枝,1
6671,枝新,1
6672,新葉,1
6673,暗青,1
6674,青房,1
6675,房晚,1
6676,晚花,1
6677,明玉,1
6678,井春,1
6679,春方,1
6680,知有,1
6681,有靈,1
6682,靈幹,1
6683,幹特,1
6684,特用,1
6685,用表,1
6686,表真,1
6687,真人,1
6688,人擅,1
6689,美玄,1
6690,玄光,1
6691,光側,1
6692,側傳,1
6693,芳瀚,1
6694,瀚海,1
6695,海中,1
6696,中鳳,1
6697,文疏,1
6698,疏象,1
6699,象郡,1
6700,郡花,1
6701,麗新,1
6702,新豐,1
6703,豐色,1
6704,色對,1
6705,對瑤,1
6706,池紫,1
6707,紫甘,1
6708,甘依,1
6709,依大,1
6710,大穀,1
6711,穀紅,1
6712,紅若,1
6713,逢漢,1
6714,漢主,1
6715,主還,1
6716,還冀,1
6717,識張,1
6718,張公,1
6719,公大,1
6720,大庾,1
6721,庾斂,1
6722,斂寒,1
6723,光南,1
6724,枝獨,1
6725,獨早,1
6726,早芳,1
6727,芳雪,1
6728,雪含,1
6729,含朝,1
6730,朝暝,1
6731,暝色,1
6732,色風,1
6733,風引,1
6734,引去,1
6735,香妝,1
6736,妝面,1
6737,面回,1
6738,回青,1
6739,青鏡,1
6740,鏡歌,1
6741,歌塵,1
6742,塵起,1
6743,起畫,1
6744,畫梁,1
6745,梁若,1
6746,若能,1
6747,能遙,1
6748,遙止,1
6749,止渴,1
6750,渴何,1
6751,何暇,1
6752,暇泛,1
6753,泛瓊,1
6754,瓊漿,1
6755,漿萬,1
6756,里盤,1
6757,盤根,1
6758,根植,1
6759,植千,1
6760,秋布,1
6761,布葉,1
6762,葉繁,1
6763,繁既,1
6764,既榮,1
6765,榮潘,1
6766,潘子,1
6767,賦方,1
6768,重陸,1
6769,陸生,1
6770,生言,1
6771,言玉,1
6772,玉花,1
6773,金衣,1
6774,衣逐,1
6775,吹翻,1
6776,翻願,1
6777,願辭,1
6778,辭湘,1
6779,長茂,1
6780,茂上,1
6781,林園,1
6782,園有,1
6783,有鳥,1
6784,鳥居,1
6785,居丹,1
6786,丹穴,1
6787,穴其,1
6788,其名,1
6789,名曰,1
6790,曰鳳,1
6791,凰九,1
6792,九苞,1
6793,苞應,1
6794,應靈,1
6795,靈瑞,1
6796,瑞五,1
6797,色成,1
6798,成文,1
6799,文章,1
6800,章屢,1
6801,屢向,1
6802,秦樓,1
6803,樓側,1
6804,側頻,1
6805,頻過,1
6806,過洛,1
6807,洛水,1
6808,水陽,1
6809,陽鳴,1
6810,鳴岐,1
6811,岐今,1
6812,日見,1
6813,見阿,1
6814,阿合,1
6815,合佇,1
6816,佇來,1
6817,來翔,1
6818,翔黃,1
6819,鶴遠,1
6820,遠聯,1
6821,翩從,1
6822,從鸞,1
6823,鸞下,1
6824,下紫,1
6825,煙翱,1
6826,翱翔,1
6827,翔一,1
6828,里來,1
6829,來去,1
6830,去幾,1
6831,幾千,1
6832,年已,1
6833,已憩,1
6834,憩青,1
6835,青田,1
6836,田側,1
6837,側時,1
6838,時遊,1
6839,遊丹,1
6840,丹禁,1
6841,禁前,1
6842,言空,1
6843,空警,1
6844,警露,1
6845,露猶,1
6846,冀一,1
6847,一聞,1
6848,聞天,1
6849,天日,1
6850,日路,1
6851,路朝,1
6852,朝飛,1
6853,飛急,1
6854,急霜,1
6855,霜台,1
6856,夕影,1
6857,影寒,1
6858,寒聯,1
6859,翩依,1
6860,依月,1
6861,月樹,1
6862,樹迢,1
6863,遞繞,1
6864,繞風,1
6865,風竿,1
6866,竿白,1
6867,白首,1
6868,首何,1
6869,何年,1
6870,年改,1
6871,改青,1
6872,青琴,1
6873,琴此,1
6874,此夜,1
6875,夜彈,1
6876,彈靈,1
6877,台如,1
6878,可托,1
6879,托千,1
6880,里向,1
6881,向長,1
6882,安不,1
6883,不分,1
6884,分荊,1
6885,荊山,1
6886,山抵,1
6887,抵甘,1
6888,甘從,1
6889,從石,1
6890,石印,1
6891,印飛,1
6892,飛危,1
6893,危巢,1
6894,巢畏,1
6895,畏風,1
6896,風急,1
6897,急繞,1
6898,繞樹,1
6899,樹覺,1
6900,覺星,1
6901,稀喜,1
6902,喜逐,1
6903,逐行,1
6904,人至,1
6905,至愁,1
6906,愁隨,1
6907,隨織,1
6908,織女,1
6909,女歸,1
6910,倘遊,1
6911,遊明,1
6912,明鏡,1
6913,鏡裏,1
6914,夕動,1
6915,動光,1
6916,光輝,1
6917,輝春,1
6918,春暉,1
6919,暉滿,1
6920,滿朔,1
6921,方歸,1
6922,歸雁,1
6923,雁發,1
6924,發衡,1
6925,陽望,1
6926,望月,1
6927,月驚,1
6928,驚弦,1
6929,弦影,1
6930,影排,1
6931,排雲,1
6932,雲結,1
6933,結陣,1
6934,陣行,1
6935,行往,1
6936,往還,1
6937,還倦,1
6938,倦南,1
6939,南北,1
6940,北朝,1
6941,夕苦,1
6942,苦風,1
6943,霜寄,1
6944,寄語,1
6945,語能,1
6946,能鳴,1
6947,鳴侶,1
6948,侶相,1
6949,相隨,1
6950,鄉颯,1
6951,颯遝,1
6952,遝睢,1
6953,睢陽,1
6954,陽涘,1
6955,涘浮,1
6956,浮游,1
6957,游漢,1
6958,漢水,1
6959,隈錢,1
6960,錢飛,1
6961,飛出,1
6962,出井,1
6963,井見,1
6964,見鶴,1
6965,鶴引,1
6966,引入,1
6967,入琴,1
6968,哀李,1
6969,李陵,1
6970,陵賦,1
6971,詩罷,1
6972,罷王,1
6973,王喬,1
6974,喬曳,1
6975,曳舄,1
6976,舄來,1
6977,當歸,1
6978,歸太,1
6979,液翱,1
6980,翱集,1
6981,集動,1
6982,動成,1
6983,成雷,1
6984,雷芳,1
6985,樹雜,1
6986,雜花,1
6987,花紅,1
6988,紅群,1
6989,群鶯,1
6990,鶯亂,1
6991,亂曉,1
6992,曉空,1
6993,空聲,1
6994,聲分,1
6995,分折,1
6996,折楊,1
6997,楊吹,1
6998,吹嬌,1
6999,嬌韻,1
7000,韻落,1
7001,梅風,1
7002,風寫,1
7003,寫囀,1
7004,囀清,1
7005,清弦,1
7006,弦裏,1
7007,裏遷,1
7008,喬暗,1
7009,暗木,1
7010,木中,1
7011,中友,1
7012,友生,1
7013,生若,1
7014,若可,1
7015,可冀,1
7016,冀幽,1
7017,幽谷,1
7018,谷響,1
7019,響還,1
7020,還通,1
7021,通白,1
7022,白雉,1
7023,雉振,1
7024,振朝,1
7025,朝聲,1
7026,聲飛,1
7027,飛來,1
7028,來表,1
7029,表太,1
7030,太平,1
7031,平楚,1
7032,楚郊,1
7033,郊疑,1
7034,出陳,1
7035,寶若,1
7036,若雞,1
7037,雞鳴,1
7038,鳴童,1
7039,子懷,1
7040,懷仁,1
7041,仁至,1
7042,至中,1
7043,中郎,1
7044,郎作,1
7045,賦成,1
7046,成冀,1
7047,冀君,1
7048,看飲,1
7049,飲啄,1
7050,啄耿,1
7051,耿介,1
7052,介獨,1
7053,獨含,1
7054,情天,1
7055,天女,1
7056,女伺,1
7057,伺辰,1
7058,辰至,1
7059,至玄,1
7060,玄衣,1
7061,衣澹,1
7062,澹碧,1
7063,碧空,1
7064,空差,1
7065,差池,1
7066,池沐,1
7067,沐時,1
7068,時雨,1
7069,雨頡,1
7070,頡頏,1
7071,頏舞,1
7072,舞春,1
7073,春風,1
7074,風相,1
7075,相賀,1
7076,賀雕,1
7077,雕闌,1
7078,闌側,1
7079,側雙,1
7080,雙飛,1
7081,飛翠,1
7082,翠幕,1
7083,幕中,1
7084,中勿,1
7085,勿驚,1
7086,驚留,1
7087,留爪,1
7088,爪去,1
7089,去猶,1
7090,識吳,1
7091,吳宮,1
7092,宮大,1
7093,廈初,1
7094,初成,1
7095,成日,1
7096,日嘉,1
7097,賓集,1
7098,集杏,1
7099,杏梁,1
7100,梁銜,1
7101,銜書,1
7102,書表,1
7103,表周,1
7104,周瑞,1
7105,瑞入,1
7106,入幕,1
7107,幕應,1
7108,應王,1
7109,王祥,1
7110,祥暮,1
7111,暮宿,1
7112,宿江,1
7113,江城,1
7114,城裏,1
7115,游漣,1
7116,漣水,1
7117,水傍,1
7118,傍願,1
7119,願齊,1
7120,齊鴻,1
7121,鴻鵠,1
7122,鵠至,1
7123,至希,1
7124,希逐,1
7125,凰翔,1
7126,翔銜,1
7127,銜燭,1
7128,燭耀,1
7129,耀幽,1
7130,幽都,1
7131,都含,1
7132,含章,1
7133,章擬,1
7134,擬鳳,1
7135,鳳雛,1
7136,雛西,1
7137,秦飲,1
7138,飲渭,1
7139,渭水,1
7140,水東,1
7141,東洛,1
7142,洛薦,1
7143,薦河,1
7144,圖帶,1
7145,帶火,1
7146,火移,1
7147,移星,1
7148,星陸,1
7149,陸升,1
7150,升雲,1
7151,雲出,1
7152,出鼎,1
7153,湖希,1
7154,希逢,1
7155,逢聖,1
7156,聖人,1
7157,人步,1
7158,步庭,1
7159,庭闕,1
7160,闕正,1
7161,正晨,1
7162,晨趨,1
7163,趨漢,1
7164,漢祀,1
7165,祀應,1
7166,應祥,1
7167,祥開,1
7168,開魯,1
7169,魯郊,1
7170,郊西,1
7171,西狩,1
7172,狩回,1
7173,回奇,1
7174,奇音,1
7175,音中,1
7176,中鐘,1
7177,鐘呂,1
7178,呂成,1
7179,成角,1
7180,角喻,1
7181,喻英,1
7182,英才,1
7183,才畫,1
7184,畫像,1
7185,像臨,1
7186,臨仙,1
7187,仙閣,1
7188,閣藏,1
7189,書入,1
7190,台若,1
7191,若驚,1
7192,驚能,1
7193,能吐,1
7194,吐哺,1
7195,哺為,1
7196,為待,1
7197,待鳳,1
7198,來郁,1
7199,郁林,1
7200,開郡,1
7201,郡畢,1
7202,畢維,1
7203,維揚,1
7204,揚作,1
7205,作貢,1
7206,貢初,1
7207,初萬,1
7208,萬推,1
7209,推方,1
7210,方演,1
7211,演夢,1
7212,夢惠,1
7213,惠子,1
7214,子正,1
7215,正焚,1
7216,焚書,1
7217,書執,1
7218,執燧,1
7219,燧奔,1
7220,奔吳,1
7221,吳戰,1
7222,戰量,1
7223,量舟,1
7224,舟入,1
7225,入魏,1
7226,魏墟,1
7227,墟六,1
7228,六牙,1
7229,牙行,1
7230,行致,1
7231,致遠,1
7232,遠千,1
7233,千葉,1
7234,葉奉,1
7235,奉高,1
7236,高居,1
7237,居天,1
7238,天馬,1
7239,馬本,1
7240,本來,1
7241,來東,1
7242,東嘶,1
7243,嘶驚,1
7244,史驄,1
7245,驄蒼,1
7246,蒼龍,1
7247,龍遙,1
7248,遙逐,1
7249,逐日,1
7250,日紫,1
7251,紫燕,1
7252,燕迥,1
7253,迥追,1
7254,追風,1
7255,風明,1
7256,來鞍,1
7257,鞍上,1
7258,上浮,1
7259,浮雲,1
7260,雲落,1
7261,蓋中,1
7262,中得,1
7263,得隨,1
7264,隨穆,1
7265,穆天,1
7266,子何,1
7267,何假,1
7268,假唐,1
7269,唐成,1
7270,成公,1
7271,公齊,1
7272,齊歌,1
7273,歌初,1
7274,初入,1
7275,入相,1
7276,相燕,1
7277,燕陣,1
7278,陣早,1
7279,早橫,1
7280,橫功,1
7281,功欲,1
7282,向桃,1
7283,桃林,1
7284,林下,1
7285,下先,1
7286,過梓,1
7287,梓樹,1
7288,樹中,1
7289,中在,1
7290,在吳,1
7291,吳頻,1
7292,頻喘,1
7293,喘月,1
7294,月奔,1
7295,奔夢,1
7296,夢屢,1
7297,屢驚,1
7298,驚風,1
7299,風不,1
7300,不用,1
7301,用五,1
7302,五丁,1
7303,丁士,1
7304,士如,1
7305,如何,1
7306,何九,1
7307,九折,1
7308,折通,1
7309,通車,1
7310,車法,1
7311,法肇,1
7312,肇宗,1
7313,宗周,1
7314,周鼷,1
7315,鼷文,1
7316,文闡,1
7317,闡大,1
7318,大猷,1
7319,猷還,1
7320,將君,1
7321,子變,1
7322,變來,1
7323,來蘊,1
7324,蘊太,1
7325,太公,1
7326,公籌,1
7327,籌委,1
7328,委質,1
7329,質超,1
7330,超羊,1
7331,羊鞟,1
7332,鞟飛,1
7333,飛名,1
7334,列虎,1
7335,虎侯,1
7336,侯若,1
7337,逢雨,1
7338,雨露,1
7339,露長,1
7340,長隱,1
7341,隱南,1
7342,山幽,1
7343,幽導,1
7344,導洛,1
7345,洛宜,1
7346,宜陽,1
7347,陽右,1
7348,右乘,1
7349,別館,1
7350,館前,1
7351,前昭,1
7352,昭儀,1
7353,儀忠,1
7354,忠漢,1
7355,日太,1
7356,太傅,1
7357,傅翊,1
7358,翊周,1
7359,周年,1
7360,年列,1
7361,列射,1
7362,射三,1
7363,三侯,1
7364,侯滿,1
7365,滿興,1
7366,興師,1
7367,師七,1
7368,步旋,1
7369,旋莫,1
7370,言舒,1
7371,舒紫,1
7372,紫褥,1
7373,褥猶,1
7374,猶異,1
7375,異飲,1
7376,飲清,1
7377,清泉,1
7378,泉涿,1
7379,鹿聞,1
7380,聞中,1
7381,中冀,1
7382,冀秦,1
7383,秦原,1
7384,原辟,1
7385,辟帝,1
7386,帝畿,1
7387,畿柰,1
7388,柰花,1
7389,開舊,1
7390,舊苑,1
7391,苑萍,1
7392,葉藹,1
7393,藹前,1
7394,前詩,1
7395,詩道,1
7396,道士,1
7397,士乘,1
7398,乘仙,1
7399,仙日,1
7400,日先,1
7401,生折,1
7402,折角,1
7403,角時,1
7404,時方,1
7405,方懷,1
7406,懷丈,1
7407,丈夫,1
7408,夫志,1
7409,志抗,1
7410,抗首,1
7411,首別,1
7412,別心,1
7413,心期,1
7414,期絕,1
7415,絕飲,1
7416,飲懲,1
7417,懲澆,1
7418,澆俗,1
7419,俗行,1
7420,行驅,1
7421,驅夢,1
7422,夢逸,1
7423,逸材,1
7424,材仙,1
7425,人擁,1
7426,擁石,1
7427,石去,1
7428,去童,1
7429,馭車,1
7430,車來,1
7431,來夜,1
7432,夜玉,1
7433,玉含,1
7434,含星,1
7435,星動,1
7436,動晨,1
7437,晨氈,1
7438,氈映,1
7439,雪開,1
7440,開莫,1
7441,言鴻,1
7442,鴻漸,1
7443,漸力,1
7444,力長,1
7445,長牧,1
7446,牧上,1
7447,隈上,1
7448,上蔡,1
7449,蔡應,1
7450,應初,1
7451,擊平,1
7452,平岡,1
7453,岡遠,1
7454,遠不,1
7455,不稀,1
7456,稀目,1
7457,目隨,1
7458,隨槐,1
7459,槐葉,1
7460,葉長,1
7461,長形,1
7462,形逐,1
7463,逐桂,1
7464,桂條,1
7465,條飛,1
7466,漢月,1
7467,月澄,1
7468,澄秋,1
7469,秋色,1
7470,色梁,1
7471,梁園,1
7472,園映,1
7473,雪輝,1
7474,輝唯,1
7475,當感,1
7476,感純,1
7477,孝郛,1
7478,郛郭,1
7479,郭引,1
7480,引兵,1
7481,兵威,1
7482,威主,1
7483,主家,1
7484,家山,1
7485,山第,1
7486,第接,1
7487,接雲,1
7488,雲開,1
7489,子春,1
7490,春遊,1
7491,遊動,1
7492,動地,1
7493,地來,1
7494,來羽,1
7495,羽騎,1
7496,騎參,1
7497,差花,1
7498,花外,1
7499,外轉,1
7500,轉霓,1
7501,霓旌,1
7502,旌搖,1
7503,搖曳,1
7504,曳日,1
7505,日邊,1
7506,邊回,1
7507,回還,1
7508,將石,1
7509,石溜,1
7510,溜調,1
7511,琴曲,1
7512,曲更,1
7513,更取,1
7514,取峰,1
7515,峰霞,1
7516,霞入,1
7517,入酒,1
7518,酒杯,1
7519,杯鸞,1
7520,鸞輅,1
7521,輅已,1
7522,已辭,1
7523,辭烏,1
7524,鵲渚,1
7525,渚簫,1
7526,簫聲,1
7527,聲猶,1
7528,猶繞,1
7529,繞鳳,1
7530,凰台,1
7531,台黃,1
7532,金瑞,1
7533,瑞榜,1
7534,榜絳,1
7535,絳河,1
7536,河隈,1
7537,隈白,1
7538,白玉,1
7539,玉仙,1
7540,輿紫,1
7541,禁來,1
7542,來碧,1
7543,碧樹,1
7544,樹青,1
7545,青岑,1
7546,岑雲,1
7547,外聳,1
7548,聳朱,1
7549,樓畫,1
7550,畫閣,1
7551,閣水,1
7552,水中,1
7553,開龍,1
7554,龍舟,1
7555,舟下,1
7556,下瞰,1
7557,瞰鮫,1
7558,鮫人,1
7559,人室,1
7560,室羽,1
7561,羽節,1
7562,節高,1
7563,高臨,1
7564,臨鳳,1
7565,鳳女,1
7566,女台,1
7567,台遽,1
7568,遽惜,1
7569,惜歡,1
7570,娛歌,1
7571,歌吹,1
7572,吹晚,1
7573,晚揮,1
7574,揮戈,1
7575,戈更,1
7576,更卻,1
7577,卻曜,1
7578,曜靈,1
7579,靈回,1
7580,回七,1
7581,七萃,1
7582,萃鑾,1
7583,輿動,1
7584,動千,1
7585,瑞檢,1
7586,檢開,1
7587,開文,1
7588,文如,1
7589,如龜,1
7590,龜負,1
7591,負出,1
7592,出圖,1
7593,圖似,1
7594,似鳳,1
7595,鳳銜,1
7596,銜來,1
7597,來殷,1
7598,殷薦,1
7599,薦三,1
7600,三神,1
7601,神享,1
7602,享明,1
7603,明禋,1
7604,禋萬,1
7605,萬國,1
7606,國陪,1
7607,陪周,1
7608,周旗,1
7609,旗黃,1
7610,黃鳥,1
7611,鳥集,1
7612,集漢,1
7613,漢幄,1
7614,幄紫,1
7615,雲回,1
7616,回日,1
7617,暮鉤,1
7618,鉤陳,1
7619,陳轉,1
7620,轉清,1
7621,清歌,1
7622,歌上,1
7623,上帝,1
7624,台雁,1
7625,雁沼,1
7626,沼開,1
7627,開香,1
7628,香域,1
7629,域鸚,1
7630,鸚林,1
7631,林降,1
7632,降彩,1
7633,還窺,1
7634,窺圖,1
7635,圖鳳,1
7636,鳳宇,1
7637,宇更,1
7638,更坐,1
7639,坐躍,1
7640,躍龍,1
7641,龍川,1
7642,川桂,1
7643,桂輿,1
7644,輿朝,1
7645,朝群,1
7646,群辟,1
7647,辟蘭,1
7648,蘭宮,1
7649,宮列,1
7650,列四,1
7651,四禪,1
7652,禪半,1
7653,半空,1
7654,空銀,1
7655,銀合,1
7656,合斷,1
7657,斷分,1
7658,分砌,1
7659,砌寶,1
7660,寶繩,1
7661,繩連,1
7662,連甘,1
7663,甘雨,1
7664,雨蘇,1
7665,蘇燋,1
7666,燋澤,1
7667,澤慈,1
7668,慈雲,1
7669,雲動,1
7670,動沛,1
7671,沛篇,1
7672,篇獨,1
7673,獨慚,1
7674,慚賢,1
7675,賢作,1
7676,作礪,1
7677,礪空,1
7678,空喜,1
7679,喜福,1
7680,福成,1
7681,田舊,1
7682,舊宮,1
7683,宮賢,1
7684,賢相,1
7685,相築,1
7686,築新,1
7687,新苑,1
7688,苑聖,1
7689,君來,1
7690,來運,1
7691,運改,1
7692,改城,1
7693,城隍,1
7694,隍變,1
7695,變年,1
7696,年深,1
7697,深棟,1
7698,棟宇,1
7699,宇摧,1
7700,摧後,1
7701,後池,1
7702,池無,1
7703,複水,1
7704,水前,1
7705,前殿,1
7706,殿久,1
7707,久成,1
7708,成灰,1
7709,灰莫,1
7710,莫辨,1
7711,辨祈,1
7712,祈風,1
7713,風觀,1
7714,空傳,1
7715,傳承,1
7716,承露,1
7717,露杯,1
7718,杯宸,1
7719,宸心,1
7720,心千,1
7721,載合,1
7722,合睿,1
7723,睿律,1
7724,律九,1
7725,九韻,1
7726,韻開,1
7727,日聯,1
7728,聯章,1
7729,章處,1
7730,處猶,1
7731,上柏,1
7732,柏台,1
7733,台玉,1
7734,塞征,1
7735,征驕,1
7736,驕子,1
7737,子金,1
7738,金符,1
7739,符命,1
7740,命老,1
7741,臣三,1
7742,軍張,1
7743,張武,1
7744,武旆,1
7745,旆萬,1
7746,乘餞,1
7747,餞行,1
7748,行輪,1
7749,輪猛,1
7750,猛氣,1
7751,淩玄,1
7752,玄朔,1
7753,朔崇,1
7754,崇恩,1
7755,恩降,1
7756,宸投,1
7757,投醪,1
7758,醪還,1
7759,結士,1
7760,士辭,1
7761,第本,1
7762,本忘,1
7763,忘身,1
7764,身露,1
7765,露下,1
7766,下鷹,1
7767,鷹初,1
7768,擊風,1
7769,風高,1
7770,高雁,1
7771,雁欲,1
7772,欲賓,1
7773,賓方,1
7774,方銷,1
7775,銷塞,1
7776,北祲,1
7777,祲還,1
7778,還靖,1
7779,靖漠,1
7780,漠南,1
7781,南塵,1
7782,塵故,1
7783,故台,1
7784,台蒼,1
7785,蒼頡,1
7786,頡裏,1
7787,新邑,1
7788,邑紫,1
7789,紫泉,1
7790,泉居,1
7791,居歲,1
7792,歲在,1
7793,在開,1
7794,開金,1
7795,金寺,1
7796,寺時,1
7797,來降,1
7798,降玉,1
7799,玉輿,1
7800,輿龍,1
7801,形雖,1
7802,雖近,1
7803,近刹,1
7804,刹鳥,1
7805,跡尚,1
7806,尚留,1
7807,留書,1
7808,書竹,1
7809,竹是,1
7810,是蒸,1
7811,蒸青,1
7812,青外,1
7813,外池,1
7814,池仍,1
7815,仍點,1
7816,點墨,1
7817,墨餘,1
7818,餘天,1
7819,天文,1
7820,文光,1
7821,光聖,1
7822,聖草,1
7823,草寶,1
7824,寶思,1
7825,思合,1
7826,合真,1
7827,真如,1
7828,如謬,1
7829,謬奉,1
7830,奉千,1
7831,齡日,1
7832,日欣,1
7833,欣陪,1
7834,陪十,1
7835,十地,1
7836,地初,1
7837,初轍,1
7838,跡光,1
7839,光西,1
7840,西崦,1
7841,崦勳,1
7842,勳庸,1
7843,庸紀,1
7844,紀北,1
7845,北燕,1
7846,燕何,1
7847,何如,1
7848,如萬,1
7849,方會,1
7850,會頌,1
7851,頌德,1
7852,德九,1
7853,九門,1
7854,門前,1
7855,前灼,1
7856,灼灼,1
7857,灼臨,1
7858,臨黃,1
7859,黃道,1
7860,道迢,1
7861,迢入,1
7862,煙仙,1
7863,仙盤,1
7864,盤正,1
7865,正下,1
7866,下露,1
7867,露高,1
7868,高柱,1
7869,柱欲,1
7870,欲承,1
7871,山類,1
7872,類叢,1
7873,叢雲,1
7874,起珠,1
7875,珠疑,1
7876,疑大,1
7877,大火,1
7878,火懸,1
7879,懸聲,1
7880,聲流,1
7881,流塵,1
7882,塵作,1
7883,作劫,1
7884,劫業,1
7885,業固,1
7886,固海,1
7887,海成,1
7888,田帝,1
7889,帝澤,1
7890,澤傾,1
7891,傾堯,1
7892,堯酒,1
7893,酒宸,1
7894,宸歌,1
7895,歌掩,1
7896,掩舜,1
7897,舜弦,1
7898,弦欣,1
7899,欣逢,1
7900,逢下,1
7901,下生,1
7902,生日,1
7903,日還,1
7904,還睹,1
7905,睹上,1
7906,上皇,1
7907,皇年,1
7908,年配,1
7909,配極,1
7910,極輝,1
7911,光遠,1
7912,遠承,1
7913,天顧,1
7914,顧托,1
7915,托隆,1
7916,隆負,1
7917,負圖,1
7918,圖濟,1
7919,濟多,1
7920,多難,1
7921,難脫,1
7922,脫履,1
7923,履歸,1
7924,歸成,1
7925,成功,1
7926,功聖,1
7927,聖道,1
7928,道昭,1
7929,昭永,1
7930,永錫,1
7931,錫邕,1
7932,邕言,1
7933,言讓,1
7934,讓在,1
7935,在躬,1
7936,躬還,1
7937,還推,1
7938,推萬,1
7939,重咸,1
7940,咸仰,1
7941,仰四,1
7942,門聰,1
7943,聰恭,1
7944,恭已,1
7945,已忘,1
7946,忘自,1
7947,自逸,1
7948,逸因,1
7949,因人,1
7950,人體,1
7951,體至,1
7952,至公,1
7953,公垂,1
7954,垂旒,1
7955,旒滄,1
7956,滄海,1
7957,海晏,1
7958,晏解,1
7959,解網,1
7960,網法,1
7961,法星,1
7962,星空,1
7963,空雲,1
7964,雲散,1
7965,散天,1
7966,天五,1
7967,色春,1
7968,春還,1
7969,還日,1
7970,日再,1
7971,再中,1
7972,中稱,1
7973,稱觴,1
7974,觴合,1
7975,合纓,1
7976,纓弁,1
7977,弁率,1
7978,率舞,1
7979,桐凱,1
7980,凱樂,1
7981,樂深,1
7982,深居,1
7983,居鎬,1
7984,鎬傳,1
7985,傳歌,1
7986,歌盛,1
7987,盛飲,1
7988,飲豐,1
7989,豐小,1
7990,小臣,1
7991,臣濫,1
7992,濫簪,1
7993,簪筆,1
7994,筆無,1
7995,無以,1
7996,以頌,1
7997,頌唐,1
7998,唐風,1
7999,風南,1
8000,南洛,1
8001,洛師,1
8002,師臣,1
8003,臣契,1
8004,契東,1
8005,東岩,1
8006,岩王,1
8007,王佐,1
8008,佐居,1
8009,居幽,1
8010,幽情,1
8011,情遺,1
8012,遺紱,1
8013,紱冕,1
8014,冕宸,1
8015,宸眷,1
8016,眷屬,1
8017,屬樵,1
8018,樵漁,1
8019,漁制,1
8020,制下,1
8021,下峒,1
8022,峒山,1
8023,山蹕,1
8024,蹕恩,1
8025,恩回,1
8026,回灞,1
8027,灞水,1
8028,水輿,1
8029,輿松,1
8030,松門,1
8031,門駐,1
8032,駐旌,1
8033,旌蓋,1
8034,蓋薜,1
8035,幄引,1
8036,引簪,1
8037,簪裾,1
8038,裾石,1
8039,石磴,1
8040,磴平,1
8041,平黃,1
8042,黃陸,1
8043,陸煙,1
8044,煙樓,1
8045,樓半,1
8046,半紫,1
8047,紫虛,1
8048,虛雲,1
8049,雲霞,1
8050,霞仙,1
8051,仙路,1
8052,路近,1
8053,近琴,1
8054,琴酒,1
8055,酒俗,1
8056,俗塵,1
8057,塵疏,1
8058,疏喬,1
8059,喬木,1
8060,木千,1
8061,齡外,1
8062,外懸,1
8063,懸泉,1
8064,泉百,1
8065,百丈,1
8066,丈餘,1
8067,餘崖,1
8068,崖深,1
8069,深經,1
8070,經煉,1
8071,煉藥,1
8072,藥穴,1
8073,穴古,1
8074,古舊,1
8075,舊藏,1
8076,書樹,1
8077,樹宿,1
8078,宿摶,1
8079,摶風,1
8080,風鳥,1
8081,鳥池,1
8082,池潛,1
8083,潛縱,1
8084,縱壑,1
8085,壑魚,1
8086,魚甯,1
8087,甯知,1
8088,知天,1
8089,子貴,1
8090,貴尚,1
8091,尚憶,1
8092,憶武,1
8093,武侯,1
8094,侯廬,1
8095,廬十,1
8096,十年,1
8097,年倡,1
8098,倡家,1
8099,家婦,1
8100,婦三,1
8101,秋邊,1
8102,邊地,1
8103,地人,1
8104,人紅,1
8105,紅妝,1
8106,妝樓,1
8107,上歇,1
8108,歇白,1
8109,白髮,1
8110,髮隴,1
8111,頭新,1
8112,新夜,1
8113,夜風,1
8114,霜苦,1
8115,苦年,1
8116,年征,1
8117,征戍,1
8118,戍頻,1
8119,頻山,1
8120,山西,1
8121,西長,1
8122,長落,1
8123,日塞,1
8124,北久,1
8125,久無,1
8126,無春,1
8127,春團,1
8128,團扇,1
8129,扇辭,1
8130,辭恩,1
8131,恩寵,1
8132,寵回,1
8133,文贈,1
8134,贈苦,1
8135,辛胡,1
8136,胡兵,1
8137,兵屢,1
8138,屢攻,1
8139,攻戰,1
8140,戰漢,1
8141,使絕,1
8142,絕和,1
8143,和親,1
8144,親消,1
8145,消息,1
8146,息如,1
8147,如瓶,1
8148,瓶井,1
8149,井沉,1
8150,沉浮,1
8151,浮似,1
8152,似路,1
8153,塵空,1
8154,空餘,1
8155,餘千,1
8156,月照,1
8157,照妾,1
8158,妾兩,1
8159,兩眉,1
8160,眉嚬,1
8161,嚬荒,1
8162,荒隅,1
8163,隅時,1
8164,時未,1
8165,未通,1
8166,通副,1
8167,副相,1
8168,相下,1
8169,下臨,1
8170,臨戎,1
8171,戎授,1
8172,授律,1
8173,律星,1
8174,芒動,1
8175,動分,1
8176,分兵,1
8177,兵月,1
8178,月暈,1
8179,暈空,1
8180,空犀,1
8181,犀皮,1
8182,皮擁,1
8183,擁青,1
8184,青橐,1
8185,橐象,1
8186,象齒,1
8187,齒飾,1
8188,飾雕,1
8189,雕弓,1
8190,弓決,1
8191,勝三,1
8192,河勇,1
8193,勇長,1
8194,長驅,1
8195,驅六,1
8196,六郡,1
8197,郡雄,1
8198,雄登,1
8199,登山,1
8200,山窺,1
8201,窺代,1
8202,代北,1
8203,北屈,1
8204,屈指,1
8205,指計,1
8206,計遼,1
8207,遼東,1
8208,東佇,1
8209,佇見,1
8210,見燕,1
8211,燕然,1
8212,然上,1
8213,上抽,1
8214,抽毫,1
8215,毫頌,1
8216,頌武,1
8217,武功,1
8218,功夕,1
8219,夕吹,1
8220,吹生,1
8221,生寒,1
8222,寒浦,1
8223,浦清,1
8224,清淮,1
8225,淮上,1
8226,上暝,1
8227,暝潮,1
8228,潮迎,1
8229,迎風,1
8230,風欲,1
8231,欲舉,1
8232,舉棹,1
8233,棹觸,1
8234,觸浪,1
8235,浪反,1
8236,反停,1
8237,停橈,1
8238,橈淼,1
8239,淼漫,1
8240,漫煙,1
8241,煙波,1
8242,波闊,1
8243,闊參,1
8244,差林,1
8245,林岸,1
8246,岸遙,1
8247,遙日,1
8248,日沉,1
8249,沉丹,1
8250,丹氣,1
8251,氣斂,1
8252,斂天,1
8253,天敞,1
8254,敞白,1
8255,雲銷,1
8256,銷水,1
8257,水雁,1
8258,雁銜,1
8259,銜蘆,1
8260,蘆葉,1
8261,葉沙,1
8262,沙鷗,1
8263,鷗隱,1
8264,隱荻,1
8265,荻苗,1
8266,苗客,1
8267,客行,1
8268,行殊,1
8269,未已,1
8270,已川,1
8271,幾迢,1
8272,迢函,1
8273,函穀,1
8274,穀雙,1
8275,雙崤,1
8276,崤右,1
8277,右伊,1
8278,川二,1
8279,二陝,1
8280,陝東,1
8281,東仙,1
8282,仙舟,1
8283,舟窅,1
8284,窅將,1
8285,將隔,1
8286,隔芳,1
8287,芳斝,1
8288,斝暫,1
8289,暫雲,1
8290,雲同,1
8291,同朋,1
8292,朋席,1
8293,席餘,1
8294,歡盡,1
8295,盡文,1
8296,文房,1
8297,房舊,1
8298,舊侶,1
8299,侶空,1
8300,空他,1
8301,鄉千,1
8302,月岐,1
8303,路九,1
8304,風背,1
8305,背櫪,1
8306,櫪嘶,1
8307,嘶班,1
8308,班馬,1
8309,馬分,1
8310,分洲,1
8311,洲叫,1
8312,叫斷,1
8313,斷鴻,1
8314,鴻別,1
8315,別後,1
8316,後青,1
8317,山外,1
8318,外相,1
8319,中玉,1
8320,塞邊,1
8321,邊烽,1
8322,烽舉,1
8323,舉金,1
8324,金壇,1
8325,壇廟,1
8326,廟略,1
8327,略申,1
8328,申羽,1
8329,羽書,1
8330,書資,1
8331,資銳,1
8332,銳筆,1
8333,筆戎,1
8334,戎幕,1
8335,幕引,1
8336,引英,1
8337,英賓,1
8338,賓劍,1
8339,動三,1
8340,軍氣,1
8341,氣衣,1
8342,衣飄,1
8343,飄萬,1
8344,里塵,1
8345,塵琴,1
8346,琴尊,1
8347,尊留,1
8348,留別,1
8349,別賞,1
8350,賞風,1
8351,景惜,1
8352,惜離,1
8353,離晨,1
8354,晨笛,1
8355,笛梅,1
8356,梅含,1
8357,晚吹,1
8358,吹營,1
8359,營柳,1
8360,柳帶,1
8361,帶餘,1
8362,餘春,1
8363,春希,1
8364,君勒,1
8365,勒石,1
8366,石返,1
8367,返歌,1
8368,舞入,1
8369,入城,1
8370,城闉,1
8371,闉桂,1
8372,桂亭,1
8373,亭依,1
8374,依絕,1
8375,絕巘,1
8376,巘蘭,1
8377,蘭榭,1
8378,榭俯,1
8379,俯回,1
8380,回溪,1
8381,溪綺,1
8382,綺棟,1
8383,棟魚,1
8384,魚鱗,1
8385,鱗出,1
8386,出雕,1
8387,雕甍,1
8388,甍鳳,1
8389,鳳羽,1
8390,羽棲,1
8391,棲引,1
8392,引泉,1
8393,泉聊,1
8394,聊漲,1
8395,漲沼,1
8396,沼鑿,1
8397,鑿磴,1
8398,磴且,1
8399,且通,1
8400,通蹊,1
8401,蹊席,1
8402,上山,1
8403,落簾,1
8404,簾前,1
8405,前野,1
8406,野樹,1
8407,低弋,1
8408,弋林,1
8409,開曙,1
8410,曙景,1
8411,景釣,1
8412,釣渚,1
8413,渚發,1
8414,發晴,1
8415,晴霓,1
8416,霓狎,1
8417,狎水,1
8418,水驚,1
8419,驚梁,1
8420,梁雁,1
8421,雁臨,1
8422,風聽,1
8423,聽楚,1
8424,楚雞,1
8425,雞複,1
8426,複看,1
8427,看題,1
8428,題柳,1
8429,柳葉,1
8430,葉彌,1
8431,彌喜,1
8432,喜蔭,1
8433,蔭桐,1
8434,桐圭,1
8435,圭杪,1
8436,杪冬,1
8437,冬嚴,1
8438,嚴殺,1
8439,殺氣,1
8440,氣窮,1
8441,窮紀,1
8442,紀送,1
8443,送頹,1
8444,頹光,1
8445,光薄,1
8446,薄狩,1
8447,狩三,1
8448,三農,1
8449,農隙,1
8450,隙大,1
8451,大閱,1
8452,閱五,1
8453,五戎,1
8454,戎場,1
8455,場菜,1
8456,菜田,1
8457,田初,1
8458,初起,1
8459,起燒,1
8460,燒蘭,1
8461,蘭野,1
8462,野正,1
8463,正開,1
8464,開防,1
8465,防夾,1
8466,夾岸,1
8467,岸虹,1
8468,虹旗,1
8469,旗轉,1
8470,轉分,1
8471,分朋,1
8472,朋獸,1
8473,獸罟,1
8474,罟張,1
8475,張燕,1
8476,燕弧,1
8477,弧帶,1
8478,帶曉,1
8479,曉月,1
8480,月吳,1
8481,吳劍,1
8482,霜原,1
8483,原啟,1
8484,啟前,1
8485,前禽,1
8486,禽路,1
8487,路山,1
8488,山縈,1
8489,縈後,1
8490,後騎,1
8491,雲區,1
8492,區墜,1
8493,墜日,1
8494,日羽,1
8495,羽星,1
8496,星苑,1
8497,苑斃,1
8498,斃天,1
8499,天狼,1
8500,狼禮,1
8501,禮振,1
8502,振軍,1
8503,軍容,1
8504,容肅,1
8505,肅威,1
8506,威宣,1
8507,宣武,1
8508,武節,1
8509,節揚,1
8510,揚神,1
8511,神心,1
8512,心體,1
8513,體殷,1
8514,殷祝,1
8515,祝靈,1
8516,靈兆,1
8517,兆葉,1
8518,葉姬,1
8519,姬祥,1
8520,祥幸,1
8521,幸陪,1
8522,駕末,1
8523,末欣,1
8524,欣采,1
8525,采翰,1
8526,翰林,1
8527,林芳,1
8528,芳鳴,1
8529,鳴鞞,1
8530,鞞入,1
8531,入嶂,1
8532,嶂口,1
8533,口泛,1
8534,泛舸,1
8535,舸曆,1
8536,曆川,1
8537,川湄,1
8538,湄尚,1
8539,尚想,1
8540,想江,1
8541,江陵,1
8542,陵陣,1
8543,陣猶,1
8544,疑下,1
8545,下瀨,1
8546,瀨師,1
8547,師岸,1
8548,岸回,1
8549,回帆,1
8550,帆影,1
8551,影疾,1
8552,疾風,1
8553,風逆,1
8554,逆鼓,1
8555,鼓聲,1
8556,聲遲,1
8557,遲萍,1
8558,葉沾,1
8559,沾蘭,1
8560,蘭槳,1
8561,槳林,1
8562,林花,1
8563,拂桂,1
8564,桂旗,1
8565,旗弓,1
8566,弓鳴,1
8567,鳴蒼,1
8568,蒼隼,1
8569,隼落,1
8570,落劍,1
8571,動白,1
8572,白猿,1
8573,猿悲,1
8574,悲芳,1
8575,樹吟,1
8576,吟羌,1
8577,羌管,1
8578,管幽,1
8579,幽篁,1
8580,篁入,1
8581,楚詞,1
8582,詞全,1
8583,全軍,1
8584,軍多,1
8585,多勝,1
8586,策無,1
8587,無戰,1
8588,戰在,1
8589,在明,1
8590,明時,1
8591,時寄,1
8592,寄謝,1
8593,謝山,1
8594,山東,1
8595,東妙,1
8596,妙長,1
8597,長纓,1
8598,纓徒,1
8599,徒自,1
8600,自欺,1
8601,欺碣,1
8602,碣館,1
8603,館分,1
8604,分襄,1
8605,襄野,1
8606,野平,1
8607,平臺,1
8608,臺架,1
8609,架射,1
8610,射峰,1
8611,峰英,1
8612,藩信,1
8613,信煒,1
8614,燁勝,1
8615,勝地,1
8616,地本,1
8617,本從,1
8618,從容,1
8619,容林,1
8620,林引,1
8621,引梧,1
8622,梧庭,1
8623,庭鳳,1
8624,鳳泉,1
8625,泉歸,1
8626,歸竹,1
8627,竹沼,1
8628,沼龍,1
8629,龍小,1
8630,小軒,1
8631,軒恒,1
8632,恒共,1
8633,共處,1
8634,處長,1
8635,長阪,1
8636,阪屬,1
8637,屬相,1
8638,從野,1
8639,野席,1
8640,席蘭,1
8641,蘭琴,1
8642,琴奏,1
8643,奏山,1
8644,山台,1
8645,台桂,1
8646,酒醲,1
8647,醲一,1
8648,一枰,1
8649,枰移,1
8650,移晝,1
8651,晝景,1
8652,景六,1
8653,六著,1
8654,著盡,1
8655,盡宵,1
8656,宵鐘,1
8657,鐘枚,1
8658,枚藻,1
8659,藻清,1
8660,清詞,1
8661,詞律,1
8662,律鄒,1
8663,鄒談,1
8664,談耀,1
8665,耀辯,1
8666,辯鋒,1
8667,鋒結,1
8668,結歡,1
8669,歡良,1
8670,良有,1
8671,有裕,1
8672,裕聯,1
8673,聯寀,1
8674,寀愧,1
8675,愧無,1
8676,無庸,1
8677,庸暫,1
8678,暫悅,1
8679,悅丘,1
8680,丘中,1
8681,中賞,1
8682,賞還,1
8683,還希,1
8684,希物,1
8685,物外,1
8686,外蹤,1
8687,蹤風,1
8688,風煙,1
8689,煙遠,1
8690,遠近,1
8691,近至,1
8692,至魚,1
8693,鳥去,1
8694,來逢,1
8695,逢月,1
8696,月澗,1
8697,澗橫,1
8698,橫千,1
8699,千丈,1
8700,丈雲,1
8701,雲崖,1
8702,崖列,1
8703,列萬,1
8704,重樹,1
8705,樹紅,1
8706,紅山,1
8707,山果,1
8708,果熟,1
8709,熟崖,1
8710,崖綠,1
8711,水苔,1
8712,苔濃,1
8713,濃願,1
8714,願以,1
8715,以西,1
8716,園柳,1
8717,柳長,1
8718,長間,1
8719,間北,1
8720,岩松,1
8721,松游,1
8722,游宦,1
8723,宦勞,1
8724,勞牽,1
8725,牽網,1
8726,網風,1
8727,風塵,1
8728,塵久,1
8729,久化,1
8730,化衣,1
8731,衣跡,1
8732,跡馳,1
8733,馳東,1
8734,東苑,1
8735,苑路,1
8736,路望,1
8737,望阻,1
8738,阻北,1
8739,岩扉,1
8740,扉及,1
8741,及此,1
8742,此承,1
8743,承休,1
8744,休告,1
8745,告聊,1
8746,聊將,1
8747,將狎,1
8748,狎遁,1
8749,遁肥,1
8750,肥十,1
8751,旬俄,1
8752,俄委,1
8753,委疾,1
8754,疾三,1
8755,三徑,1
8756,徑且,1
8757,且殊,1
8758,殊歸,1
8759,歸茂,1
8760,茂陵,1
8761,陵窅,1
8762,窅難,1
8763,難即,1
8764,即靈,1
8765,台暫,1
8766,暫可,1
8767,可依,1
8768,依疲,1
8769,疲痾,1
8770,痾旅,1
8771,旅城,1
8772,城寺,1
8773,寺延,1
8774,延想,1
8775,想屬,1
8776,屬郊,1
8777,郊畿,1
8778,畿夕,1
8779,夕夢,1
8780,夢園,1
8781,園林,1
8782,林是,1
8783,是晨,1
8784,晨瞻,1
8785,瞻邑,1
8786,邑裏,1
8787,裏非,1
8788,非綠,1
8789,綠疇,1
8790,疇良,1
8791,良已,1
8792,已穢,1
8793,穢清,1
8794,清濠,1
8795,濠曠,1
8796,曠不,1
8797,不追,1
8798,追野,1
8799,野花,1
8800,花何,1
8801,何處,1
8802,處落,1
8803,落山,1
8804,月幾,1
8805,幾秋,1
8806,秋輝,1
8807,輝彼,1
8808,彼美,1
8809,美符,1
8810,符商,1
8811,商政,1
8812,政優,1
8813,優遊,1
8814,遊絕,1
8815,絕漢,1
8816,漢機,1
8817,機高,1
8818,高情,1
8819,情物,1
8820,物累,1
8821,累遣,1
8822,遣逸,1
8823,逸氣,1
8824,氣煙,1
8825,霞飛,1
8826,飛樂,1
8827,樂道,1
8828,道方,1
8829,方無,1
8830,無悶,1
8831,悶懷,1
8832,賢獨,1
8833,有違,1
8834,違尊,1
8835,尊虛,1
8836,虛舊,1
8837,舊園,1
8838,園酒,1
8839,酒琴,1
8840,琴靜,1
8841,靜故,1
8842,人徽,1
8843,徽夏,1
8844,夏沼,1
8845,沼蓮,1
8846,蓮初,1
8847,初發,1
8848,秋田,1
8849,田麥,1
8850,麥稍,1
8851,稍稀,1
8852,稀何,1
8853,當攜,1
8854,手去,1
8855,去歲,1
8856,歲暮,1
8857,暮采,1
8858,采芳,1
8859,菲神,1
8860,神嶽,1
8861,嶽瑤,1
8862,池圃,1
8863,圃仙,1
8864,仙宮,1
8865,宮玉,1
8866,玉樹,1
8867,樹林,1
8868,林乘,1
8869,乘時,1
8870,時警,1
8871,警天,1
8872,天禦,1
8873,禦清,1
8874,清暑,1
8875,暑滌,1
8876,滌宸,1
8877,宸襟,1
8878,襟梁,1
8879,梁駕,1
8880,駕陪,1
8881,陪玄,1
8882,玄賞,1
8883,賞淄,1
8884,淄庭,1
8885,庭掩,1
8886,掩翠,1
8887,翠岑,1
8888,岑對,1
8889,對岩,1
8890,岩龍,1
8891,龍岫,1
8892,岫出,1
8893,出分,1
8894,分壑,1
8895,壑雁,1
8896,雁池,1
8897,池深,1
8898,深簷,1
8899,迥松,1
8900,松蘿,1
8901,蘿映,1
8902,映窗,1
8903,窗高,1
8904,高石,1
8905,石鏡,1
8906,鏡臨,1
8907,臨落,1
8908,落泉,1
8909,泉奔,1
8910,奔澗,1
8911,澗響,1
8912,響驚,1
8913,驚吹,1
8914,吹助,1
8915,助猿,1
8916,猿吟,1
8917,吟野,1
8918,野氣,1
8919,氣迷,1
8920,迷涼,1
8921,涼燠,1
8922,燠山,1
8923,花雜,1
8924,雜古,1
8925,今英,1
8926,藩盛,1
8927,盛賓,1
8928,賓侶,1
8929,侶勝,1
8930,勝景,1
8931,景想,1
8932,想招,1
8933,尋踐,1
8934,踐徑,1
8935,徑披,1
8936,葉攀,1
8937,攀崖,1
8938,崖引,1
8939,引桂,1
8940,桂陰,1
8941,陰穆,1
8942,穆生,1
8943,生時,1
8944,時泛,1
8945,泛醴,1
8946,醴鄒,1
8947,鄒子,1
8948,子或,1
8949,或調,1
8950,琴雉,1
8951,雉翳,1
8952,翳分,1
8953,分場,1
8954,場合,1
8955,合魚,1
8956,魚鉤,1
8957,鉤向,1
8958,向浦,1
8959,浦沉,1
8960,沉朝,1
8961,游極,1
8962,極斜,1
8963,斜景,1
8964,景夕,1
8965,夕宴,1
8966,宴待,1
8967,待橫,1
8968,橫參,1
8969,參顧,1
8970,顧己,1
8971,己慚,1
8972,慚鉛,1
8973,鉛鍔,1
8974,鍔叨,1
8975,叨名,1
8976,名齒,1
8977,齒玳,1
8978,玳簪,1
8979,簪暫,1
8980,暫依,1
8981,依朱,1
8982,邸館,1
8983,館還,1
8984,還暢,1
8985,暢白,1
8986,雲心,1
8987,心丘,1
8988,丘壑,1
8989,壑信,1
8990,信多,1
8991,多美,1
8992,美煙,1
8993,霞得,1
8994,得所,1
8995,所欽,1
8996,欽寓,1
8997,寓言,1
8998,言攄,1
8999,攄宿,1
9000,宿志,1
9001,志竊,1
9002,竊吹,1
9003,吹簡,1
9004,簡知,1
9005,知音,1
9006,音獎,1
9007,獎價,1
9008,價逾,1
9009,逾珍,1
9010,珍石,1
9011,石酬,1
9012,酬文,1
9013,文重,1
9014,重振,1
9015,振金,1
9016,方從,1
9017,從仁,1
9018,仁智,1
9019,智所,1
9020,所攜,1
9021,手濯,1
9022,濯清,1
9023,清潯,1
9024,潯積,1
9025,積陽,1
9026,陽躔,1
9027,躔首,1
9028,首夏,1
9029,夏隆,1
9030,隆旱,1
9031,旱屆,1
9032,屆徂,1
9033,徂秋,1
9034,秋炎,1
9035,炎威,1
9036,振皇,1
9037,皇服,1
9038,服歊,1
9039,歊景,1
9040,景暴,1
9041,暴神,1
9042,神州,1
9043,州氣,1
9044,氣滌,1
9045,滌朝,1
9046,朝川,1
9047,川朗,1
9048,朗光,1
9049,光澄,1
9050,澄夕,1
9051,夕照,1
9052,照浮,1
9053,浮草,1
9054,木委,1
9055,委林,1
9056,林甸,1
9057,甸禾,1
9058,禾黍,1
9059,黍悴,1
9060,悴原,1
9061,原疇,1
9062,疇國,1
9063,國懼,1
9064,懼流,1
9065,流金,1
9066,金眚,1
9067,眚人,1
9068,人深,1
9069,深懸,1
9070,磬憂,1
9071,憂紫,1
9072,宸兢,1
9073,兢履,1
9074,履薄,1
9075,薄丹,1
9076,丹扆,1
9077,扆念,1
9078,念推,1
9079,推溝,1
9080,溝望,1
9081,望肅,1
9082,肅壇,1
9083,場祀,1
9084,祀冤,1
9085,冤申,1
9086,申囹,1
9087,囹圄,1
9088,圄囚,1
9089,囚禦,1
9090,禦車,1
9091,車遷,1
9092,遷玉,1
9093,殿薦,1
9094,薦菲,1
9095,菲撤,1
9096,撤瓊,1
9097,瓊羞,1
9098,羞濟,1
9099,濟窘,1
9100,窘邦,1
9101,邦儲,1
9102,儲發,1
9103,發蠲,1
9104,蠲窮,1
9105,窮井,1
9106,井賦,1
9107,賦優,1
9108,優服,1
9109,服閑,1
9110,閑雲,1
9111,雲驥,1
9112,驥屏,1
9113,屏冗,1
9114,冗術,1
9115,術土,1
9116,土龍,1
9117,龍修,1
9118,修睿,1
9119,睿感,1
9120,感通,1
9121,通三,1
9122,三極,1
9123,極天,1
9124,天誠,1
9125,誠貫,1
9126,貫六,1
9127,六幽,1
9128,幽夏,1
9129,夏祈,1
9130,祈良,1
9131,良未,1
9132,擬商,1
9133,商禱,1
9134,禱詎,1
9135,詎為,1
9136,為儔,1
9137,儔穴,1
9138,穴蟻,1
9139,蟻禎,1
9140,禎符,1
9141,符應,1
9142,應山,1
9143,山蛇,1
9144,蛇毒,1
9145,毒影,1
9146,影收,1
9147,收騰,1
9148,騰雲,1
9149,雲八,1
9150,八際,1
9151,際滿,1
9152,滿飛,1
9153,飛雨,1
9154,雨四,1
9155,四溟,1
9156,溟周,1
9157,周聚,1
9158,聚靄,1
9159,靄籠,1
9160,籠仙,1
9161,闕連,1
9162,連霏,1
9163,霏繞,1
9164,畫樓,1
9165,樓旱,1
9166,旱陂,1
9167,陂仍,1
9168,仍積,1
9169,積水,1
9170,水涸,1
9171,涸沼,1
9172,沼更,1
9173,更通,1
9174,通流,1
9175,流晚,1
9176,晚穗,1
9177,穗萎,1
9178,萎還,1
9179,結寒,1
9180,寒苗,1
9181,苗瘁,1
9182,瘁複,1
9183,複抽,1
9184,抽九,1
9185,九農,1
9186,農歡,1
9187,歡歲,1
9188,歲阜,1
9189,阜萬,1
9190,萬宇,1
9191,宇慶,1
9192,慶時,1
9193,時休,1
9194,休野,1
9195,野洽,1
9196,洽如,1
9197,如坻,1
9198,坻詠,1
9199,詠途,1
9200,途喧,1
9201,喧擊,1
9202,壤謳,1
9203,謳幸,1
9204,幸聞,1
9205,聞東,1
9206,東李,1
9207,李道,1
9208,道欣,1
9209,欣奉,1
9210,奉北,1
9211,北場,1
9212,場遊,1
9213,遊盈,1
9214,盈缺,1
9215,缺青,1
9216,青冥,1
9217,冥外,1
9218,外東,1
9219,東風,1
9220,風萬,1
9221,萬古,1
9222,古吹,1
9223,吹何,1
9224,何人,1
9225,人種,1
9226,種丹,1
9227,桂不,1
9228,不長,1
9229,長出,1
9230,出輪,1
9231,輪枝,1
9232,枝圓,1
9233,圓魄,1
9234,魄上,1
9235,上寒,1
9236,寒空,1
9237,空皆,1
9238,皆言,1
9239,言四,1
9240,海同,1
9241,同安,1
9242,安知,1
9243,知千,1
9244,千裏,1
9245,裏外,1
9246,外不,1
9247,不有,1
9248,有雨,1
9249,雨兼,1
9250,兼風,1
9251,風歲,1
9252,歲去,1
9253,去無,1
9254,無言,1
9255,言忽,1
9256,忽憔,1
9257,憔悴,1
9258,悴時,1
9259,來含,1
9260,含笑,1
9261,笑吐,1
9262,吐氛,1
9263,氳不,1
9264,能擁,1
9265,擁路,1
9266,路迷,1
9267,迷仙,1
9268,客故,1
9269,開蹊,1
9270,蹊待,1
9271,待聖,1
9272,君萬,1
9273,騎千,1
9274,千官,1
9275,官擁,1
9276,擁帝,1
9277,帝車,1
9278,車八,1
9279,八龍,1
9280,龍三,1
9281,三馬,1
9282,馬訪,1
9283,訪仙,1
9284,仙家,1
9285,家鳳,1
9286,凰原,1
9287,原上,1
9288,開青,1
9289,青壁,1
9290,壁鸚,1
9291,鵡杯,1
9292,杯中,1
9293,中弄,1
9294,霞散,1
9295,散漫,1
9296,漫祥,1
9297,祥雲,1
9298,雲逐,1
9299,逐聖,1
9300,聖回,1
9301,回飄,1
9302,飄颻,1
9303,颻瑞,1
9304,雪繞,1
9305,繞天,1
9306,天來,1
9307,來不,1
9308,能落,1
9309,落後,1
9310,後爭,1
9311,爭飛,1
9312,飛絮,1
9313,絮故,1
9314,欲迎,1
9315,迎前,1
9316,前賽,1
9317,賽早,1
9318,早梅,1
9319,梅蓬,1
9320,蓬閣,1
9321,閣桃,1
9322,桃源,1
9323,源兩,1
9324,兩處,1
9325,處分,1
9326,分人,1
9327,人間,1
9328,間海,1
9329,海上,1
9330,上不,1
9331,不相,1
9332,相聞,1
9333,聞一,1
9334,朝琴,1
9335,琴裏,1
9336,裏悲,1
9337,悲黃,1
9338,鶴何,1
9339,日山,1
9340,山頭,1
9341,頭望,1
9342,雲解,1
9343,解落,1
9344,落三,1
9345,秋葉,1
9346,葉能,1
9347,能開,1
9348,花過,1
9349,過江,1
9350,江千,1
9351,千尺,1
9352,尺浪,1
9353,浪入,1
9354,入竹,1
9355,竹萬,1
9356,萬竿,1
9357,竿斜,1
9358,斜千,1
9359,千鐘,1
9360,鐘聖,1
9361,聖酒,1
9362,酒禦,1
9363,筵披,1
9364,披六,1
9365,出祥,1
9366,祥英,1
9367,英亂,1
9368,亂繞,1
9369,繞枝,1
9370,枝即,1
9371,即此,1
9372,此神,1
9373,仙對,1
9374,對瓊,1
9375,瓊圃,1
9376,圃何,1
9377,何須,1
9378,須轍,1
9379,跡向,1
9380,向瑤,1
9381,池羽,1
9382,羽蓋,1
9383,蓋龍,1
9384,龍旗,1
9385,旗下,1
9386,下絕,1
9387,絕冥,1
9388,冥蘭,1
9389,蘭除,1
9390,除薜,1
9391,幄坐,1
9392,坐雲,1
9393,雲扃,1
9394,扃鳥,1
9395,鳥和,1
9396,和百,1
9397,百籟,1
9398,籟疑,1
9399,疑調,1
9400,調管,1
9401,管花,1
9402,發千,1
9403,千岩,1
9404,岩似,1
9405,似畫,1
9406,畫屏,1
9407,屏金,1
9408,金灶,1
9409,灶浮,1
9410,浮煙,1
9411,煙朝,1
9412,朝漠,1
9413,漠漠,1
9414,漠石,1
9415,石床,1
9416,床寒,1
9417,寒水,1
9418,水夜,1
9419,夜泠,1
9420,泠泠,1
9421,泠自,1
9422,然碧,1
9423,碧洞,1
9424,洞窺,1
9425,窺仙,1
9426,仙境,1
9427,境何,1
9428,何必,1
9429,必丹,1
9430,丹丘,1
9431,丘是,1
9432,是福,1
9433,福庭,1
