排名,詞彙,出現次數
1,蚩尤死鼓逢,2
2,尤死鼓逢逢,2
3,死鼓逢逢天,2
4,鼓逢逢天高,2
5,逢逢天高慶,2
6,逢天高慶雷,2
7,天高慶雷齊,2
8,高慶雷齊墜,2
9,慶雷齊墜地,2
10,雷齊墜地地,2
11,齊墜地地無,2
12,墜地地無驚,2
13,地地無驚煙,2
14,地無驚煙海,2
15,無驚煙海千,2
16,驚煙海千里,2
17,古祠近月蟾,2
18,祠近月蟾桂,2
19,近月蟾桂寒,2
20,月蟾桂寒椒,2
21,蟾桂寒椒花,2
22,桂寒椒花墜,2
23,寒椒花墜紅,2
24,椒花墜紅濕,2
25,花墜紅濕雲,2
26,墜紅濕雲間,2
27,夾道開洞門,2
28,道開洞門弱,2
29,開洞門弱楊,2
30,洞門弱楊低,2
31,門弱楊低畫,2
32,弱楊低畫戟,2
33,楊低畫戟簾,2
34,低畫戟簾影,2
35,畫戟簾影竹,2
36,起簫聲吹日,2
37,簫聲吹日色,2
38,聲吹日色蜂,2
39,吹日色蜂語,2
40,日色蜂語繞,2
41,色蜂語繞妝,2
42,蜂語繞妝鏡,2
43,語繞妝鏡拂,2
44,繞妝鏡拂蛾,2
45,妝鏡拂蛾學,2
46,鏡拂蛾學春,2
47,拂蛾學春碧,2
48,蛾學春碧亂,2
49,學春碧亂系,2
50,春碧亂系丁,2
51,碧亂系丁香,2
52,亂系丁香梢,2
53,系丁香梢滿,2
54,藕花涼露濕,2
55,花涼露濕花,2
56,涼露濕花缺,2
57,露濕花缺藕,2
58,濕花缺藕根,2
59,花缺藕根澀,2
60,缺藕根澀飛,2
61,藕根澀飛下,2
62,根澀飛下雌,2
63,澀飛下雌鴛,2
64,飛下雌鴛鴦,2
65,下雌鴛鴦塘,2
66,雌鴛鴦塘水,2
67,鴛鴦塘水聲,2
68,深井桐烏起,2
69,井桐烏起尚,2
70,桐烏起尚複,2
71,烏起尚複牽,2
72,水未盥邵陵,2
73,瓶中弄長翠,2
74,中弄長翠新,2
75,安樂宮宮如,2
76,樂宮宮如鳳,2
77,宮宮如鳳凰,2
78,宮如鳳凰翅,2
79,如鳳凰翅歌,2
80,鳳凰翅歌回,2
81,凰翅歌回蠟,2
82,悲水曲茱萸,2
83,水曲茱萸別,2
84,曲茱萸別秋,2
85,茱萸別秋子,2
86,報君黃金臺,2
87,君黃金臺上,2
88,黃金臺上意,2
89,金臺上意提,2
90,臺上意提攜,2
91,上意提攜玉,2
92,意提攜玉龍,2
93,提攜玉龍為,2
94,攜玉龍為君,2
95,玉龍為君死,2
96,南山桂樹為,2
97,山桂樹為君,2
98,桂樹為君死,2
99,樹為君死雲,2
100,為君死雲衫,2
101,下鴉噪城堞,2
102,鴉噪城堞頭,2
103,噪城堞頭何,2
104,城堞頭何人,2
105,堞頭何人此,2
106,頭何人此城,2
107,何人此城裏,2
108,人此城裏城,2
109,此城裏城角,2
110,城裏城角栽,2
111,裏城角栽石,2
112,城角栽石榴,2
113,角栽石榴青,2
114,栽石榴青絲,2
115,石榴青絲系,2
116,榴青絲系五,2
117,青絲系五馬,2
118,絲系五馬黃,2
119,系五馬黃金,2
120,五馬黃金絡,2
121,馬黃金絡雙,2
122,黃金絡雙牛,2
123,金絡雙牛白,2
124,絡雙牛白魚,2
125,雙牛白魚駕,2
126,牛白魚駕蓮,2
127,白魚駕蓮船,2
128,魚駕蓮船夜,2
129,駕蓮船夜作,2
130,蓮船夜作十,2
131,船夜作十裏,2
132,夜作十裏遊,2
133,作十裏遊歸,2
134,十裏遊歸來,2
135,裏遊歸來無,2
136,遊歸來無人,2
137,歸來無人識,2
138,來無人識暗,2
139,無人識暗上,2
140,香樓羅床倚,2
141,樓羅床倚瑤,2
142,羅床倚瑤瑟,2
143,床倚瑤瑟殘,2
144,倚瑤瑟殘月,2
145,瑤瑟殘月傾,2
146,瑟殘月傾簾,2
147,殘月傾簾鉤,2
148,月傾簾鉤今,2
149,傾簾鉤今日,2
150,簾鉤今日槿,2
151,鉤今日槿花,2
152,今日槿花落,2
153,日槿花落明,2
154,槿花落明朝,2
155,負平生意何,2
156,平生意何名,2
157,郎食鯉魚尾,2
158,食鯉魚尾妾,2
159,鯉魚尾妾食,2
160,魚尾妾食猩,2
161,尾妾食猩猩,2
162,妾食猩猩唇,2
163,食猩猩唇莫,2
164,猩猩唇莫指,2
165,猩唇莫指襄,2
166,唇莫指襄陽,2
167,莫指襄陽道,2
168,指襄陽道綠,2
169,襄陽道綠浦,2
170,陽道綠浦歸,2
171,道綠浦歸帆,2
172,綠浦歸帆少,2
173,浦歸帆少今,2
174,歸帆少今日,2
175,帆少今日菖,2
176,少今日菖蒲,2
177,今日菖蒲花,2
178,日菖蒲花明,2
179,菖蒲花明朝,2
180,蒲花明朝楓,2
181,花明朝楓樹,2
182,明朝楓樹老,2
183,吳歈越吟未,2
184,歈越吟未終,2
185,越吟未終曲,2
186,吟未終曲江,2
187,未終曲江上,2
188,終曲江上團,2
189,曲江上團團,2
190,江上團團帖,2
191,上團團帖寒,2
192,團團帖寒玉,2
193,八月一日君,2
194,月一日君前,2
195,一日君前舞,2
196,吳娥聲絕天,2
197,娥聲絕天空,2
198,聲絕天空雲,2
199,絕天空雲閑,2
200,天空雲閑裴,2
201,空雲閑裴回,2
202,雲閑裴回門,2
203,閑裴回門外,2
204,裴回門外滿,2
205,回門外滿車,2
206,門外滿車馬,2
207,外滿車馬亦,2
208,滿車馬亦須,2
209,車馬亦須生,2
210,馬亦須生綠,2
211,亦須生綠苔,2
212,丹成作蛇乘,2
213,成作蛇乘白,2
214,作蛇乘白霧,2
215,蛇乘白霧千,2
216,乘白霧千年,2
217,白霧千年重,2
218,霧千年重化,2
219,千年重化玉,2
220,年重化玉井,2
221,千載吳堤綠,2
222,載吳堤綠草,2
223,吳堤綠草年,2
224,堤綠草年年,2
225,綠草年年在,2
226,草年年在背,2
227,年年在背有,2
228,年在背有八,2
229,在背有八卦,2
230,背有八卦稱,2
231,有八卦稱神,2
232,八卦稱神仙,2
233,卦稱神仙邪,2
234,稱神仙邪鱗,2
235,神仙邪鱗頑,2
236,仙邪鱗頑甲,2
237,邪鱗頑甲滑,2
238,鱗頑甲滑腥,2
239,頑甲滑腥涎,2
240,幽愁秋氣上,2
241,愁秋氣上青,2
242,秋氣上青楓,2
243,氣上青楓涼,2
244,上青楓涼夜,2
245,青楓涼夜波,2
246,楓涼夜波間,2
247,涼夜波間吟,2
248,夜波間吟古,2
249,波間吟古龍,2
250,我有辭鄉劍,2
251,有辭鄉劍玉,2
252,辭鄉劍玉鋒,2
253,鄉劍玉鋒堪,2
254,劍玉鋒堪截,2
255,玉鋒堪截雲,2
256,鋒堪截雲襄,2
257,堪截雲襄陽,2
258,截雲襄陽走,2
259,雲襄陽走馬,2
260,襄陽走馬客,2
261,陽走馬客意,2
262,走馬客意氣,2
263,馬客意氣自,2
264,客意氣自生,2
265,意氣自生春,2
266,氣自生春朝,2
267,自生春朝嫌,2
268,生春朝嫌劍,2
269,冷能持劍向,2
270,能持劍向人,2
271,持劍向人不,2
272,劍向人不解,2
273,向人不解持,2
274,人不解持照,2
275,不解持照身,2
276,今宵好風月,2
277,宵好風月阿,2
278,好風月阿侯,2
279,風月阿侯在,2
280,月阿侯在何,2
281,阿侯在何處,2
282,侯在何處為,2
283,在何處為有,2
284,何處為有傾,2
285,色翻成足愁,2
286,翻成足愁苦,2
287,成足愁苦東,2
288,足愁苦東湖,2
289,愁苦東湖採,2
290,苦東湖採蓮,2
291,東湖採蓮葉,2
292,湖採蓮葉南,2
293,採蓮葉南湖,2
294,蓮葉南湖拔,2
295,葉南湖拔蒲,2
296,南湖拔蒲根,2
297,湖拔蒲根未,2
298,拔蒲根未持,2
299,蒲根未持寄,2
300,根未持寄小,2
301,未持寄小姑,2
302,持寄小姑且,2
303,寄小姑且持,2
304,小姑且持感,2
305,姑且持感愁,2
306,且持感愁魂,2
307,陸郎倚醉牽,2
308,郎倚醉牽羅,2
309,倚醉牽羅袂,2
310,醉牽羅袂奪,2
311,牽羅袂奪得,2
312,羅袂奪得寶,2
313,袂奪得寶釵,2
314,奪得寶釵金,2
315,得寶釵金翡,2
316,寶釵金翡翠,2
317,玉塞去金人,2
318,塞去金人二,2
319,去金人二萬,2
320,金人二萬四,2
321,人二萬四千,2
322,二萬四千里,2
323,萬四千里風,2
324,四千里風吹,2
325,千里風吹沙,2
326,里風吹沙作,2
327,風吹沙作雲,2
328,吹沙作雲一,2
329,沙作雲一時,2
330,作雲一時渡,2
331,雲一時渡遼,2
332,一時渡遼水,2
333,時渡遼水天,2
334,渡遼水天白,2
335,遼水天白水,2
336,水天白水如,2
337,天白水如練,2
338,白水如練甲,2
339,水如練甲絲,2
340,如練甲絲雙,2
341,練甲絲雙串,2
342,甲絲雙串斷,2
343,絲雙串斷行,2
344,雙串斷行行,2
345,串斷行行莫,2
346,斷行行莫苦,2
347,行行莫苦辛,2
348,行莫苦辛城,2
349,莫苦辛城月,2
350,苦辛城月猶,2
351,辛城月猶殘,2
352,城月猶殘半,2
353,月猶殘半曉,2
354,猶殘半曉氣,2
355,殘半曉氣朔,2
356,半曉氣朔煙,2
357,曉氣朔煙上,2
358,氣朔煙上趢,2
359,朔煙上趢趗,2
360,煙上趢趗胡,2
361,上趢趗胡馬,2
362,趢趗胡馬蹄,2
363,趗胡馬蹄行,2
364,胡馬蹄行人,2
365,水別隔隴長,2
366,別隔隴長東,2
367,隔隴長東西,2
368,官街柳帶不,2
369,街柳帶不堪,2
370,柳帶不堪折,2
371,帶不堪折早,2
372,不堪折早晚,2
373,堪折早晚菖,2
374,折早晚菖蒲,2
375,早晚菖蒲勝,2
376,晚菖蒲勝綰,2
377,菖蒲勝綰結,2
378,輕縠籠虛門,2
379,縠籠虛門井,2
380,籠虛門井汲,2
381,虛門井汲鉛,2
382,門井汲鉛華,2
383,井汲鉛華水,2
384,汲鉛華水扇,2
385,鉛華水扇織,2
386,華水扇織鴛,2
387,水扇織鴛鴦,2
388,回雪舞涼殿,2
389,雪舞涼殿甘,2
390,舞涼殿甘露,2
391,涼殿甘露洗,2
392,殿甘露洗空,2
393,甘露洗空綠,2
394,露洗空綠羅,2
395,洗空綠羅袖,2
396,空綠羅袖從,2
397,綠羅袖從徊,2
398,羅袖從徊翔,2
399,袖從徊翔香,2
400,從徊翔香汗,2
401,徊翔香汗沾,2
402,翔香汗沾寶,2
403,香汗沾寶粟,2
404,星依雲渚冷,2
405,依雲渚冷露,2
406,雲渚冷露滴,2
407,渚冷露滴盤,2
408,冷露滴盤中,2
409,露滴盤中圓,2
410,滴盤中圓好,2
411,盤中圓好花,2
412,中圓好花生,2
413,圓好花生木,2
414,好花生木末,2
415,花生木末衰,2
416,生木末衰蕙,2
417,木末衰蕙愁,2
418,末衰蕙愁空,2
419,衰蕙愁空園,2
420,蕙愁空園夜,2
421,愁空園夜天,2
422,空園夜天如,2
423,園夜天如玉,2
424,夜天如玉砌,2
425,天如玉砌池,2
426,如玉砌池葉,2
427,玉砌池葉極,2
428,砌池葉極青,2
429,池葉極青錢,2
430,葉極青錢僅,2
431,極青錢僅厭,2
432,青錢僅厭舞,2
433,錢僅厭舞衫,2
434,僅厭舞衫薄,2
435,厭舞衫薄稍,2
436,舞衫薄稍知,2
437,衫薄稍知花,2
438,薄稍知花簟,2
439,稍知花簟寒,2
440,知花簟寒曉,2
441,花簟寒曉風,2
442,簟寒曉風何,2
443,寒曉風何拂,2
444,曉風何拂拂,2
445,風何拂拂北,2
446,何拂拂北斗,2
447,拂拂北斗光,2
448,拂北斗光闌,2
449,北斗光闌幹,2
450,斗光闌幹孀,2
451,光闌幹孀妾,2
452,闌幹孀妾怨,2
453,獨客夢歸家,2
454,客夢歸家傍,2
455,夢歸家傍簷,2
456,歸家傍簷蟲,2
457,家傍簷蟲緝,2
458,傍簷蟲緝絲,2
459,簷蟲緝絲向,2
460,蟲緝絲向壁,2
461,緝絲向壁燈,2
462,絲向壁燈垂,2
463,向壁燈垂花,2
464,外月光吐簾,2
465,樹影斜悠悠,2
466,影斜悠悠飛,2
467,斜悠悠飛露,2
468,悠悠飛露姿,2
469,悠飛露姿點,2
470,飛露姿點綴,2
471,露姿點綴池,2
472,姿點綴池中,2
473,點綴池中荷,2
474,雞人罷唱曉,2
475,人罷唱曉瓏,2
476,罷唱曉瓏璁,2
477,唱曉瓏璁鴉,2
478,曉瓏璁鴉啼,2
479,瓏璁鴉啼金,2
480,璁鴉啼金井,2
481,鴉啼金井下,2
482,啼金井下疏,2
483,金井下疏桐,2
484,日腳淡光紅,2
485,腳淡光紅灑,2
486,淡光紅灑灑,2
487,光紅灑灑薄,2
488,紅灑灑薄霜,2
489,灑灑薄霜不,2
490,灑薄霜不銷,2
491,薄霜不銷桂,2
492,霜不銷桂枝,2
493,不銷桂枝下,2
494,銷桂枝下依,2
495,桂枝下依稀,2
496,枝下依稀和,2
497,下依稀和氣,2
498,冬嚴已就長,2
499,嚴已就長日,2
500,已就長日辭,2
501,就長日辭長,2
502,長日辭長夜,2
503,冷翠燭勞光,2
504,翠燭勞光彩,2
505,燭勞光彩西,2
506,勞光彩西陵,2
507,光彩西陵下,2
508,彩西陵下風,2
509,西陵下風吹,2
510,陵下風吹雨,2
511,上之回大旗,1
512,之回大旗喜,1
513,回大旗喜懸,1
514,大旗喜懸虹,1
515,旗喜懸虹彗,1
516,喜懸虹彗撻,1
517,懸虹彗撻鳳,1
518,虹彗撻鳳尾,1
519,彗撻鳳尾劍,1
520,撻鳳尾劍匣,1
521,鳳尾劍匣破,1
522,尾劍匣破舞,1
523,劍匣破舞蛟,1
524,匣破舞蛟龍,1
525,破舞蛟龍蚩,1
526,舞蛟龍蚩尤,1
527,蛟龍蚩尤死,1
528,龍蚩尤死鼓,1
529,煙海千里古,1
530,海千里古祠,1
531,千里古祠近,1
532,里古祠近月,1
533,紅濕雲間嫁,1
534,濕雲間嫁得,1
535,雲間嫁得瞿,1
536,間嫁得瞿塘,1
537,嫁得瞿塘賈,1
538,得瞿塘賈朝,1
539,瞿塘賈朝朝,1
540,塘賈朝朝誤,1
541,賈朝朝誤妾,1
542,朝朝誤妾期,1
543,朝誤妾期早,1
544,誤妾期早知,1
545,妾期早知潮,1
546,期早知潮有,1
547,早知潮有信,1
548,知潮有信嫁,1
549,潮有信嫁與,1
550,有信嫁與弄,1
551,信嫁與弄潮,1
552,嫁與弄潮兒,1
553,與弄潮兒羲,1
554,弄潮兒羲和,1
555,潮兒羲和羲,1
556,兒羲和羲和,1
557,羲和羲和汝,1
558,和羲和汝奚,1
559,羲和汝奚汩,1
560,和汝奚汩沒,1
561,汝奚汩沒於,1
562,奚汩沒於荒,1
563,汩沒於荒淫,1
564,沒於荒淫之,1
565,於荒淫之波,1
566,荒淫之波魯,1
567,淫之波魯陽,1
568,之波魯陽何,1
569,波魯陽何德,1
570,魯陽何德駐,1
571,陽何德駐景,1
572,何德駐景揮,1
573,德駐景揮戈,1
574,駐景揮戈逆,1
575,景揮戈逆道,1
576,揮戈逆道違,1
577,戈逆道違天,1
578,逆道違天矯,1
579,道違天矯誣,1
580,違天矯誣實,1
581,天矯誣實多,1
582,矯誣實多吾,1
583,誣實多吾將,1
584,實多吾將囊,1
585,多吾將囊括,1
586,吾將囊括大,1
587,將囊括大塊,1
588,囊括大塊浩,1
589,括大塊浩然,1
590,大塊浩然與,1
591,塊浩然與溟,1
592,浩然與溟涬,1
593,然與溟涬同,1
594,與溟涬同科,1
595,溟涬同科空,1
596,涬同科空望,1
597,同科空望山,1
598,科空望山頭,1
599,空望山頭草,1
600,望山頭草草,1
601,山頭草草露,1
602,頭草草露濕,1
603,草草露濕君,1
604,草露濕君衣,1
605,露濕君衣魏,1
606,濕君衣魏主,1
607,君衣魏主矜,1
608,衣魏主矜蛾,1
609,魏主矜蛾眉,1
610,主矜蛾眉美,1
611,矜蛾眉美人,1
612,蛾眉美人美,1
613,眉美人美于,1
614,美人美于玉,1
615,人美于玉高,1
616,美于玉高臺,1
617,于玉高臺無,1
618,玉高臺無晝,1
619,高臺無晝夜,1
620,臺無晝夜歌,1
621,無晝夜歌舞,1
622,晝夜歌舞竟,1
623,夜歌舞竟未,1
624,歌舞竟未足,1
625,舞竟未足盛,1
626,竟未足盛色,1
627,未足盛色如,1
628,足盛色如轉,1
629,盛色如轉圜,1
630,色如轉圜夕,1
631,如轉圜夕陽,1
632,轉圜夕陽落,1
633,圜夕陽落深,1
634,夕陽落深谷,1
635,陽落深谷仍,1
636,落深谷仍令,1
637,深谷仍令身,1
638,谷仍令身歿,1
639,仍令身歿後,1
640,令身歿後尚,1
641,身歿後尚足,1
642,歿後尚足平,1
643,後尚足平生,1
644,尚足平生欲,1
645,足平生欲紅,1
646,平生欲紅粉,1
647,生欲紅粉橫,1
648,欲紅粉橫淚,1
649,紅粉橫淚痕,1
650,粉橫淚痕調,1
651,橫淚痕調弦,1
652,淚痕調弦空,1
653,痕調弦空向,1
654,調弦空向屋,1
655,弦空向屋舉,1
656,空向屋舉頭,1
657,向屋舉頭君,1
658,屋舉頭君不,1
659,舉頭君不在,1
660,頭君不在唯,1
661,君不在唯見,1
662,不在唯見西,1
663,在唯見西陵,1
664,唯見西陵木,1
665,見西陵木玉,1
666,西陵木玉輦,1
667,陵木玉輦豈,1
668,木玉輦豈再,1
669,玉輦豈再來,1
670,輦豈再來嬌,1
671,豈再來嬌鬟,1
672,再來嬌鬟為,1
673,來嬌鬟為誰,1
674,嬌鬟為誰綠,1
675,鬟為誰綠那,1
676,為誰綠那堪,1
677,誰綠那堪秋,1
678,綠那堪秋風,1
679,那堪秋風裏,1
680,堪秋風裏更,1
681,秋風裏更舞,1
682,風裏更舞陽,1
683,裏更舞陽春,1
684,更舞陽春曲,1
685,舞陽春曲曲,1
686,陽春曲曲終,1
687,春曲曲終情,1
688,曲曲終情不,1
689,曲終情不勝,1
690,終情不勝闌,1
691,情不勝闌幹,1
692,不勝闌幹向,1
693,勝闌幹向西,1
694,闌幹向西哭,1
695,幹向西哭台,1
696,向西哭台邊,1
697,西哭台邊生,1
698,哭台邊生野,1
699,台邊生野草,1
700,邊生野草來,1
701,生野草來去,1
702,野草來去罥,1
703,草來去罥羅,1
704,來去罥羅縠,1
705,去罥羅縠況,1
706,罥羅縠況複,1
707,羅縠況複陵,1
708,縠況複陵寢,1
709,況複陵寢間,1
710,複陵寢間雙,1
711,陵寢間雙雙,1
712,寢間雙雙見,1
713,間雙雙見麋,1
714,雙雙見麋鹿,1
715,雙見麋鹿安,1
716,見麋鹿安知,1
717,麋鹿安知寂,1
718,鹿安知寂寞,1
719,安知寂寞西,1
720,知寂寞西海,1
721,寂寞西海頭,1
722,寞西海頭青,1
723,西海頭青未,1
724,海頭青未垂,1
725,頭青未垂孤,1
726,青未垂孤鳳,1
727,未垂孤鳳餓,1
728,垂孤鳳餓夾,1
729,孤鳳餓夾道,1
730,鳳餓夾道開,1
731,餓夾道開洞,1
732,戟簾影竹葉,1
733,簾影竹葉起,1
734,影竹葉起簫,1
735,竹葉起簫聲,1
736,葉起簫聲吹,1
737,丁香梢滿闌,1
738,香梢滿闌花,1
739,梢滿闌花向,1
740,滿闌花向夕,1
741,闌花向夕藕,1
742,花向夕藕花,1
743,向夕藕花涼,1
744,夕藕花涼露,1
745,鴦塘水聲溢,1
746,塘水聲溢溢,1
747,水聲溢溢深,1
748,聲溢溢深井,1
749,溢溢深井桐,1
750,溢深井桐烏,1
751,起尚複牽清,1
752,尚複牽清水,1
753,複牽清水未,1
754,牽清水未盥,1
755,清水未盥邵,1
756,未盥邵陵王,1
757,盥邵陵王瓶,1
758,邵陵王瓶中,1
759,陵王瓶中弄,1
760,王瓶中弄長,1
761,弄長翠新城,1
762,長翠新城安,1
763,翠新城安樂,1
764,新城安樂宮,1
765,城安樂宮宮,1
766,翅歌回蠟版,1
767,歌回蠟版鳴,1
768,回蠟版鳴大,1
769,蠟版鳴大綰,1
770,版鳴大綰提,1
771,鳴大綰提壺,1
772,大綰提壺使,1
773,綰提壺使綠,1
774,提壺使綠繁,1
775,壺使綠繁悲,1
776,使綠繁悲水,1
777,綠繁悲水曲,1
778,繁悲水曲茱,1
779,萸別秋子報,1
780,別秋子報君,1
781,秋子報君黃,1
782,子報君黃金,1
783,龍為君死南,1
784,為君死南山,1
785,君死南山桂,1
786,死南山桂樹,1
787,君死雲衫殘,1
788,死雲衫殘汙,1
789,雲衫殘汙紅,1
790,衫殘汙紅脂,1
791,殘汙紅脂花,1
792,汙紅脂花草,1
793,紅脂花草生,1
794,脂花草生隴,1
795,花草生隴阪,1
796,草生隴阪下,1
797,生隴阪下鴉,1
798,隴阪下鴉噪,1
799,阪下鴉噪城,1
800,人識暗上沉,1
801,識暗上沉香,1
802,暗上沉香樓,1
803,上沉香樓羅,1
804,沉香樓羅床,1
805,花落明朝梧,1
806,落明朝梧樹,1
807,明朝梧樹秋,1
808,朝梧樹秋若,1
809,梧樹秋若負,1
810,樹秋若負平,1
811,秋若負平生,1
812,若負平生意,1
813,生意何名作,1
814,意何名作莫,1
815,何名作莫愁,1
816,名作莫愁郎,1
817,作莫愁郎食,1
818,莫愁郎食鯉,1
819,愁郎食鯉魚,1
820,朝楓樹老吳,1
821,楓樹老吳歈,1
822,樹老吳歈越,1
823,老吳歈越吟,1
824,團帖寒玉斷,1
825,帖寒玉斷煙,1
826,寒玉斷煙素,1
827,玉斷煙素縫,1
828,斷煙素縫舞,1
829,煙素縫舞衣,1
830,素縫舞衣八,1
831,縫舞衣八月,1
832,舞衣八月一,1
833,衣八月一日,1
834,日君前舞吳,1
835,君前舞吳娥,1
836,前舞吳娥聲,1
837,舞吳娥聲絕,1
838,須生綠苔丹,1
839,生綠苔丹成,1
840,綠苔丹成作,1
841,苔丹成作蛇,1
842,重化玉井龜,1
843,化玉井龜從,1
844,玉井龜從蛇,1
845,井龜從蛇作,1
846,龜從蛇作龜,1
847,從蛇作龜二,1
848,蛇作龜二千,1
849,作龜二千載,1
850,龜二千載吳,1
851,二千載吳堤,1
852,甲滑腥涎幽,1
853,滑腥涎幽愁,1
854,腥涎幽愁秋,1
855,涎幽愁秋氣,1
856,間吟古龍我,1
857,吟古龍我有,1
858,古龍我有辭,1
859,龍我有辭鄉,1
860,春朝嫌劍光,1
861,朝嫌劍光靜,1
862,嫌劍光靜暮,1
863,劍光靜暮嫌,1
864,光靜暮嫌劍,1
865,靜暮嫌劍花,1
866,暮嫌劍花冷,1
867,嫌劍花冷能,1
868,劍花冷能持,1
869,花冷能持劍,1
870,解持照身今,1
871,持照身今宵,1
872,照身今宵好,1
873,身今宵好風,1
874,處為有傾城,1
875,為有傾城色,1
876,有傾城色翻,1
877,傾城色翻成,1
878,城色翻成足,1
879,持感愁魂陸,1
880,感愁魂陸郎,1
881,愁魂陸郎倚,1
882,魂陸郎倚醉,1
883,釵金翡翠玉,1
884,金翡翠玉塞,1
885,翡翠玉塞去,1
886,翠玉塞去金,1
887,馬蹄行人聽,1
888,蹄行人聽水,1
889,行人聽水別,1
890,人聽水別隔,1
891,聽水別隔隴,1
892,隴長東西偏,1
893,長東西偏存,1
894,東西偏存名,1
895,西偏存名跡,1
896,偏存名跡在,1
897,存名跡在人,1
898,名跡在人間,1
899,跡在人間順,1
900,在人間順俗,1
901,人間順俗與,1
902,間順俗與時,1
903,順俗與時未,1
904,俗與時未安,1
905,與時未安閒,1
906,時未安閒來,1
907,未安閒來謁,1
908,安閒來謁大,1
909,閒來謁大官,1
910,來謁大官兼,1
911,謁大官兼問,1
912,大官兼問政,1
913,官兼問政扁,1
914,兼問政扁舟,1
915,問政扁舟卻,1
916,政扁舟卻入,1
917,扁舟卻入九,1
918,舟卻入九疑,1
919,卻入九疑山,1
920,入九疑山湘,1
921,九疑山湘江,1
922,疑山湘江二,1
923,山湘江二月,1
924,湘江二月春,1
925,江二月春水,1
926,二月春水準,1
927,月春水準滿,1
928,春水準滿月,1
929,水準滿月和,1
930,準滿月和風,1
931,滿月和風宜,1
932,月和風宜夜,1
933,和風宜夜行,1
934,風宜夜行唱,1
935,宜夜行唱橈,1
936,夜行唱橈欲,1
937,行唱橈欲過,1
938,唱橈欲過平,1
939,橈欲過平陽,1
940,欲過平陽戍,1
941,過平陽戍守,1
942,平陽戍守吏,1
943,陽戍守吏相,1
944,戍守吏相呼,1
945,守吏相呼問,1
946,吏相呼問姓,1
947,相呼問姓名,1
948,呼問姓名千,1
949,問姓名千里,1
950,姓名千里楓,1
951,名千里楓林,1
952,千里楓林煙,1
953,里楓林煙雨,1
954,楓林煙雨深,1
955,林煙雨深無,1
956,煙雨深無朝,1
957,雨深無朝無,1
958,深無朝無暮,1
959,無朝無暮有,1
960,朝無暮有猿,1
961,無暮有猿吟,1
962,暮有猿吟停,1
963,有猿吟停橈,1
964,猿吟停橈靜,1
965,吟停橈靜聽,1
966,停橈靜聽曲,1
967,橈靜聽曲中,1
968,靜聽曲中意,1
969,聽曲中意好,1
970,曲中意好是,1
971,中意好是雲,1
972,意好是雲山,1
973,好是雲山韶,1
974,是雲山韶濩,1
975,雲山韶濩音,1
976,山韶濩音零,1
977,韶濩音零陵,1
978,濩音零陵郡,1
979,音零陵郡北,1
980,零陵郡北湘,1
981,陵郡北湘水,1
982,郡北湘水東,1
983,北湘水東浯,1
984,湘水東浯溪,1
985,水東浯溪形,1
986,東浯溪形勝,1
987,浯溪形勝滿,1
988,溪形勝滿湘,1
989,形勝滿湘中,1
990,勝滿湘中溪,1
991,滿湘中溪口,1
992,湘中溪口石,1
993,中溪口石顛,1
994,溪口石顛堪,1
995,口石顛堪自,1
996,石顛堪自逸,1
997,顛堪自逸誰,1
998,堪自逸誰能,1
999,自逸誰能相,1
1000,逸誰能相伴,1
1001,誰能相伴作,1
1002,能相伴作漁,1
1003,相伴作漁翁,1
1004,伴作漁翁下,1
1005,作漁翁下瀧,1
1006,漁翁下瀧船,1
1007,翁下瀧船似,1
1008,下瀧船似入,1
1009,瀧船似入深,1
1010,船似入深淵,1
1011,似入深淵上,1
1012,入深淵上瀧,1
1013,深淵上瀧船,1
1014,淵上瀧船似,1
1015,上瀧船似欲,1
1016,瀧船似欲升,1
1017,船似欲升天,1
1018,似欲升天瀧,1
1019,欲升天瀧南,1
1020,升天瀧南始,1
1021,天瀧南始到,1
1022,瀧南始到九,1
1023,南始到九疑,1
1024,始到九疑郡,1
1025,到九疑郡應,1
1026,九疑郡應絕,1
1027,疑郡應絕高,1
1028,郡應絕高人,1
1029,應絕高人乘,1
1030,絕高人乘興,1
1031,高人乘興船,1
1032,人乘興船官,1
1033,乘興船官街,1
1034,興船官街柳,1
1035,船官街柳帶,1
1036,蒲勝綰結雕,1
1037,勝綰結雕玉,1
1038,綰結雕玉押,1
1039,結雕玉押簾,1
1040,雕玉押簾上,1
1041,玉押簾上輕,1
1042,押簾上輕縠,1
1043,簾上輕縠籠,1
1044,上輕縠籠虛,1
1045,扇織鴛鴦文,1
1046,織鴛鴦文回,1
1047,鴛鴦文回雪,1
1048,鴦文回雪舞,1
1049,文回雪舞涼,1
1050,汗沾寶粟星,1
1051,沾寶粟星依,1
1052,寶粟星依雲,1
1053,粟星依雲渚,1
1054,幹孀妾怨長,1
1055,孀妾怨長夜,1
1056,妾怨長夜獨,1
1057,怨長夜獨客,1
1058,長夜獨客夢,1
1059,夜獨客夢歸,1
1060,壁燈垂花簷,1
1061,燈垂花簷外,1
1062,垂花簷外月,1
1063,花簷外月光,1
1064,簷外月光吐,1
1065,月光吐簾中,1
1066,光吐簾中樹,1
1067,吐簾中樹影,1
1068,簾中樹影斜,1
1069,中樹影斜悠,1
1070,綴池中荷雞,1
1071,池中荷雞人,1
1072,中荷雞人罷,1
1073,荷雞人罷唱,1
1074,井下疏桐日,1
1075,下疏桐日腳,1
1076,疏桐日腳淡,1
1077,桐日腳淡光,1
1078,依稀和氣解,1
1079,稀和氣解冬,1
1080,和氣解冬嚴,1
1081,氣解冬嚴已,1
1082,解冬嚴已就,1
1083,日辭長夜冷,1
1084,辭長夜冷翠,1
1085,長夜冷翠燭,1
1086,夜冷翠燭勞,1
1087,下風吹雨美,1
1088,風吹雨美人,1
1089,吹雨美人怨,1
1090,雨美人怨何,1
1091,美人怨何深,1
1092,人怨何深含,1
1093,怨何深含情,1
1094,何深含情倚,1
1095,深含情倚金,1
1096,含情倚金閣,1
1097,情倚金閣不,1
1098,倚金閣不嚬,1
1099,金閣不嚬複,1
1100,閣不嚬複不,1
1101,不嚬複不語,1
1102,嚬複不語紅,1
1103,複不語紅淚,1
1104,不語紅淚雙,1
1105,語紅淚雙雙,1
1106,紅淚雙雙落,1
1107,淚雙雙落美,1
1108,雙雙落美人,1
1109,雙落美人閉,1
1110,落美人閉紅,1
1111,美人閉紅燭,1
1112,人閉紅燭燭,1
1113,閉紅燭燭坐,1
1114,紅燭燭坐裁,1
1115,燭燭坐裁新,1
1116,燭坐裁新錦,1
1117,坐裁新錦頻,1
1118,裁新錦頻放,1
1119,新錦頻放翦,1
1120,錦頻放翦刀,1
1121,頻放翦刀聲,1
1122,放翦刀聲夜,1
1123,翦刀聲夜寒,1
1124,刀聲夜寒知,1
1125,聲夜寒知未,1
1126,夜寒知未寢,1
1127,寒知未寢垂,1
1128,知未寢垂楊,1
1129,未寢垂楊葉,1
1130,寢垂楊葉老,1
1131,垂楊葉老鶯,1
1132,楊葉老鶯哺,1
1133,葉老鶯哺兒,1
1134,老鶯哺兒殘,1
1135,鶯哺兒殘絲,1
1136,哺兒殘絲欲,1
1137,兒殘絲欲斷,1
1138,殘絲欲斷黃,1
1139,絲欲斷黃蜂,1
1140,欲斷黃蜂歸,1
1141,斷黃蜂歸綠,1
1142,黃蜂歸綠鬢,1
1143,蜂歸綠鬢年,1
1144,歸綠鬢年少,1
1145,綠鬢年少金,1
1146,鬢年少金釵,1
1147,年少金釵客,1
1148,少金釵客縹,1
1149,金釵客縹粉,1
1150,釵客縹粉壺,1
1151,客縹粉壺中,1
1152,縹粉壺中沉,1
1153,粉壺中沉琥,1
1154,壺中沉琥珀,1
1155,中沉琥珀花,1
1156,沉琥珀花台,1
1157,琥珀花台欲,1
1158,珀花台欲暮,1
1159,花台欲暮春,1
1160,台欲暮春辭,1
1161,欲暮春辭去,1
1162,暮春辭去落,1
1163,春辭去落花,1
1164,辭去落花起,1
1165,去落花起作,1
1166,落花起作回,1
1167,花起作回風,1
1168,起作回風舞,1
1169,作回風舞榆,1
1170,回風舞榆莢,1
1171,風舞榆莢相,1
1172,舞榆莢相催,1
1173,榆莢相催不,1
1174,莢相催不知,1
1175,相催不知數,1
1176,催不知數沈,1
1177,不知數沈郎,1
1178,知數沈郎青,1
1179,數沈郎青錢,1
1180,沈郎青錢夾,1
1181,郎青錢夾城,1
1182,青錢夾城路,1
1183,錢夾城路野,1
1184,夾城路野粉,1
1185,城路野粉椒,1
1186,路野粉椒壁,1
1187,野粉椒壁黃,1
1188,粉椒壁黃濕,1
1189,椒壁黃濕螢,1
1190,壁黃濕螢滿,1
1191,黃濕螢滿梁,1
1192,濕螢滿梁殿,1
1193,螢滿梁殿台,1
1194,滿梁殿台城,1
1195,梁殿台城應,1
1196,殿台城應教,1
1197,台城應教人,1
1198,城應教人秋,1
1199,應教人秋衾,1
1200,教人秋衾夢,1
1201,人秋衾夢銅,1
1202,秋衾夢銅輦,1
1203,衾夢銅輦吳,1
1204,夢銅輦吳霜,1
1205,銅輦吳霜點,1
1206,輦吳霜點歸,1
1207,吳霜點歸鬢,1
1208,霜點歸鬢身,1
1209,點歸鬢身與,1
1210,歸鬢身與塘,1
1211,鬢身與塘蒲,1
1212,身與塘蒲晚,1
1213,與塘蒲晚脈,1
1214,塘蒲晚脈脈,1
1215,蒲晚脈脈辭,1
1216,晚脈脈辭金,1
1217,脈脈辭金魚,1
1218,脈辭金魚羈,1
1219,辭金魚羈臣,1
1220,金魚羈臣守,1
1221,魚羈臣守迍,1
1222,羈臣守迍賤,1
1223,臣守迍賤草,1
1224,守迍賤草暖,1
1225,迍賤草暖雲,1
1226,賤草暖雲昏,1
1227,草暖雲昏萬,1
1228,暖雲昏萬里,1
1229,雲昏萬里春,1
1230,昏萬里春宮,1
1231,萬里春宮花,1
1232,里春宮花拂,1
1233,春宮花拂面,1
1234,宮花拂面送,1
1235,花拂面送行,1
1236,拂面送行人,1
1237,面送行人自,1
1238,送行人自言,1
1239,行人自言漢,1
1240,人自言漢劍,1
1241,自言漢劍當,1
1242,言漢劍當飛,1
1243,漢劍當飛去,1
1244,劍當飛去何,1
1245,當飛去何事,1
1246,飛去何事還,1
1247,去何事還車,1
1248,何事還車載,1
1249,事還車載病,1
1250,還車載病身,1
1251,車載病身別,1
1252,載病身別弟,1
1253,病身別弟三,1
1254,身別弟三年,1
1255,別弟三年後,1
1256,弟三年後還,1
1257,三年後還家,1
1258,年後還家一,1
1259,後還家一日,1
1260,還家一日餘,1
1261,家一日餘醁,1
1262,一日餘醁醽,1
1263,日餘醁醽今,1
1264,餘醁醽今夕,1
1265,醁醽今夕酒,1
1266,醽今夕酒緗,1
1267,今夕酒緗帙,1
1268,夕酒緗帙去,1
1269,酒緗帙去時,1
1270,緗帙去時書,1
1271,帙去時書病,1
1272,去時書病骨,1
1273,時書病骨猶,1
1274,書病骨猶能,1
1275,病骨猶能在,1
1276,骨猶能在人,1
1277,猶能在人間,1
1278,能在人間底,1
1279,在人間底事,1
1280,人間底事無,1
1281,間底事無何,1
1282,底事無何須,1
1283,事無何須問,1
1284,無何須問牛,1
1285,何須問牛馬,1
1286,須問牛馬拋,1
1287,問牛馬拋擲,1
1288,牛馬拋擲任,1
1289,馬拋擲任梟,1
1290,拋擲任梟盧,1
1291,擲任梟盧入,1
1292,任梟盧入水,1
1293,梟盧入水文,1
1294,盧入水文光,1
1295,入水文光動,1
1296,水文光動抽,1
1297,文光動抽空,1
1298,光動抽空綠,1
1299,動抽空綠影,1
1300,抽空綠影春,1
1301,空綠影春露,1
1302,綠影春露華,1
1303,影春露華生,1
1304,春露華生筍,1
1305,露華生筍徑,1
1306,華生筍徑苔,1
1307,生筍徑苔色,1
1308,筍徑苔色拂,1
1309,徑苔色拂霜,1
1310,苔色拂霜根,1
1311,色拂霜根織,1
1312,拂霜根織可,1
1313,霜根織可承,1
1314,根織可承香,1
1315,織可承香汗,1
1316,可承香汗裁,1
1317,承香汗裁堪,1
1318,香汗裁堪釣,1
1319,汗裁堪釣錦,1
1320,裁堪釣錦鱗,1
1321,堪釣錦鱗三,1
1322,釣錦鱗三梁,1
1323,錦鱗三梁曾,1
1324,鱗三梁曾入,1
1325,三梁曾入用,1
1326,梁曾入用一,1
1327,曾入用一節,1
1328,入用一節奉,1
1329,用一節奉王,1
1330,一節奉王孫,1
1331,節奉王孫入,1
1332,奉王孫入苑,1
1333,王孫入苑白,1
1334,孫入苑白泱,1
1335,入苑白泱泱,1
1336,苑白泱泱宮,1
1337,白泱泱宮人,1
1338,泱泱宮人正,1
1339,泱宮人正靨,1
1340,宮人正靨黃,1
1341,人正靨黃繞,1
1342,正靨黃繞堤,1
1343,靨黃繞堤龍,1
1344,黃繞堤龍骨,1
1345,繞堤龍骨冷,1
1346,堤龍骨冷拂,1
1347,龍骨冷拂岸,1
1348,骨冷拂岸鴨,1
1349,冷拂岸鴨頭,1
1350,拂岸鴨頭香,1
1351,岸鴨頭香別,1
1352,鴨頭香別館,1
1353,頭香別館驚,1
1354,香別館驚殘,1
1355,別館驚殘夢,1
1356,館驚殘夢停,1
1357,驚殘夢停杯,1
1358,殘夢停杯泛,1
1359,夢停杯泛小,1
1360,停杯泛小觴,1
1361,杯泛小觴幸,1
1362,泛小觴幸因,1
1363,小觴幸因流,1
1364,觴幸因流浪,1
1365,幸因流浪處,1
1366,因流浪處暫,1
1367,流浪處暫得,1
1368,浪處暫得見,1
1369,處暫得見何,1
1370,暫得見何郎,1
1371,得見何郎掃,1
1372,見何郎掃斷,1
1373,何郎掃斷馬,1
1374,郎掃斷馬蹄,1
1375,掃斷馬蹄痕,1
1376,斷馬蹄痕衙,1
1377,馬蹄痕衙回,1
1378,蹄痕衙回自,1
1379,痕衙回自閉,1
1380,衙回自閉門,1
1381,回自閉門長,1
1382,自閉門長槍,1
1383,閉門長槍江,1
1384,門長槍江米,1
1385,長槍江米熟,1
1386,槍江米熟小,1
1387,江米熟小樹,1
1388,米熟小樹棗,1
1389,熟小樹棗花,1
1390,小樹棗花春,1
1391,樹棗花春向,1
1392,棗花春向壁,1
1393,花春向壁懸,1
1394,春向壁懸如,1
1395,向壁懸如意,1
1396,壁懸如意當,1
1397,懸如意當簾,1
1398,如意當簾閱,1
1399,意當簾閱角,1
1400,當簾閱角巾,1
1401,簾閱角巾犬,1
1402,閱角巾犬書,1
1403,角巾犬書曾,1
1404,巾犬書曾去,1
1405,犬書曾去洛,1
1406,書曾去洛鶴,1
1407,曾去洛鶴病,1
1408,去洛鶴病悔,1
1409,洛鶴病悔游,1
1410,鶴病悔游秦,1
1411,病悔游秦土,1
1412,悔游秦土甑,1
1413,游秦土甑封,1
1414,秦土甑封茶,1
1415,土甑封茶葉,1
1416,甑封茶葉山,1
1417,封茶葉山杯,1
1418,茶葉山杯鎖,1
1419,葉山杯鎖竹,1
1420,山杯鎖竹根,1
1421,杯鎖竹根不,1
1422,鎖竹根不知,1
1423,竹根不知船,1
1424,根不知船上,1
1425,不知船上月,1
1426,知船上月誰,1
1427,船上月誰棹,1
1428,上月誰棹滿,1
1429,月誰棹滿溪,1
1430,誰棹滿溪雲,1
1431,棹滿溪雲別,1
1432,滿溪雲別浦,1
1433,溪雲別浦今,1
1434,雲別浦今朝,1
1435,別浦今朝暗,1
1436,浦今朝暗羅,1
1437,今朝暗羅帷,1
1438,朝暗羅帷午,1
1439,暗羅帷午夜,1
1440,羅帷午夜愁,1
1441,帷午夜愁鵲,1
1442,午夜愁鵲辭,1
1443,夜愁鵲辭穿,1
1444,愁鵲辭穿線,1
1445,鵲辭穿線月,1
1446,辭穿線月花,1
1447,穿線月花入,1
1448,線月花入曝,1
1449,月花入曝衣,1
1450,花入曝衣樓,1
1451,入曝衣樓天,1
1452,曝衣樓天上,1
1453,衣樓天上分,1
1454,樓天上分金,1
1455,天上分金鏡,1
1456,上分金鏡人,1
1457,分金鏡人間,1
1458,金鏡人間望,1
1459,鏡人間望玉,1
1460,人間望玉鉤,1
1461,間望玉鉤錢,1
1462,望玉鉤錢塘,1
1463,玉鉤錢塘蘇,1
1464,鉤錢塘蘇小,1
1465,錢塘蘇小小,1
1466,塘蘇小小更,1
1467,蘇小小更值,1
1468,小小更值一,1
1469,小更值一年,1
1470,更值一年秋,1
1471,值一年秋春,1
1472,一年秋春月,1
1473,年秋春月夜,1
1474,秋春月夜啼,1
1475,春月夜啼鴉,1
1476,月夜啼鴉宮,1
1477,夜啼鴉宮簾,1
1478,啼鴉宮簾隔,1
1479,鴉宮簾隔禦,1
1480,宮簾隔禦花,1
1481,簾隔禦花雲,1
1482,隔禦花雲生,1
1483,禦花雲生朱,1
1484,花雲生朱絡,1
1485,雲生朱絡暗,1
1486,生朱絡暗石,1
1487,朱絡暗石斷,1
1488,絡暗石斷紫,1
1489,暗石斷紫錢,1
1490,石斷紫錢斜,1
1491,斷紫錢斜玉,1
1492,紫錢斜玉碗,1
1493,錢斜玉碗盛,1
1494,斜玉碗盛殘,1
1495,玉碗盛殘露,1
1496,碗盛殘露銀,1
1497,盛殘露銀燈,1
1498,殘露銀燈點,1
1499,露銀燈點舊,1
1500,銀燈點舊紗,1
1501,燈點舊紗蜀,1
1502,點舊紗蜀王,1
1503,舊紗蜀王無,1
1504,紗蜀王無近,1
1505,蜀王無近信,1
1506,王無近信泉,1
1507,無近信泉上,1
1508,近信泉上有,1
1509,信泉上有芹,1
1510,泉上有芹芽,1
1511,上有芹芽吳,1
1512,有芹芽吳興,1
1513,芹芽吳興才,1
1514,芽吳興才人,1
1515,吳興才人怨,1
1516,興才人怨春,1
1517,才人怨春風,1
1518,人怨春風桃,1
1519,怨春風桃花,1
1520,春風桃花滿,1
1521,風桃花滿陌,1
1522,桃花滿陌千,1
1523,花滿陌千里,1
1524,滿陌千里紅,1
1525,陌千里紅紫,1
1526,千里紅紫絲,1
1527,里紅紫絲竹,1
1528,紅紫絲竹斷,1
1529,紫絲竹斷驄,1
1530,絲竹斷驄馬,1
1531,竹斷驄馬小,1
1532,斷驄馬小家,1
1533,驄馬小家住,1
1534,馬小家住錢,1
1535,小家住錢塘,1
1536,家住錢塘東,1
1537,住錢塘東複,1
1538,錢塘東複東,1
1539,塘東複東白,1
1540,東複東白藤,1
1541,複東白藤交,1
1542,東白藤交穿,1
1543,白藤交穿織,1
1544,藤交穿織書,1
1545,交穿織書笈,1
1546,穿織書笈短,1
1547,織書笈短策,1
1548,書笈短策齊,1
1549,笈短策齊裁,1
1550,短策齊裁如,1
1551,策齊裁如梵,1
1552,齊裁如梵夾,1
1553,裁如梵夾雄,1
1554,如梵夾雄光,1
1555,梵夾雄光寶,1
1556,夾雄光寶礦,1
1557,雄光寶礦獻,1
1558,光寶礦獻春,1
1559,寶礦獻春卿,1
1560,礦獻春卿煙,1
1561,獻春卿煙底,1
1562,春卿煙底驀,1
1563,卿煙底驀波,1
1564,煙底驀波乘,1
1565,底驀波乘一,1
1566,驀波乘一葉,1
1567,波乘一葉春,1
1568,乘一葉春卿,1
1569,一葉春卿拾,1
1570,葉春卿拾材,1
1571,春卿拾材白,1
1572,卿拾材白日,1
1573,拾材白日下,1
1574,材白日下擲,1
1575,白日下擲置,1
1576,日下擲置黃,1
1577,下擲置黃金,1
1578,擲置黃金解,1
1579,置黃金解龍,1
1580,黃金解龍馬,1
1581,金解龍馬攜,1
1582,解龍馬攜笈,1
1583,龍馬攜笈歸,1
1584,馬攜笈歸江,1
1585,攜笈歸江重,1
1586,笈歸江重入,1
1587,歸江重入門,1
1588,江重入門勞,1
1589,重入門勞勞,1
1590,入門勞勞誰,1
1591,門勞勞誰是,1
1592,勞勞誰是憐,1
1593,勞誰是憐君,1
1594,誰是憐君者,1
1595,是憐君者吾,1
1596,憐君者吾聞,1
1597,君者吾聞壯,1
1598,者吾聞壯夫,1
1599,吾聞壯夫重,1
1600,聞壯夫重心,1
1601,壯夫重心骨,1
1602,夫重心骨古,1
1603,重心骨古人,1
1604,心骨古人三,1
1605,骨古人三走,1
1606,古人三走無,1
1607,人三走無摧,1
1608,三走無摧捽,1
1609,走無摧捽請,1
1610,無摧捽請君,1
1611,摧捽請君待,1
1612,捽請君待旦,1
1613,請君待旦事,1
1614,君待旦事長,1
1615,待旦事長鞭,1
1616,旦事長鞭他,1
1617,事長鞭他日,1
1618,長鞭他日還,1
1619,鞭他日還轅,1
1620,他日還轅及,1
1621,日還轅及秋,1
1622,還轅及秋律,1
1623,轅及秋律長,1
1624,及秋律長卿,1
1625,秋律長卿懷,1
1626,律長卿懷茂,1
1627,長卿懷茂陵,1
1628,卿懷茂陵綠,1
1629,懷茂陵綠草,1
1630,茂陵綠草垂,1
1631,陵綠草垂石,1
1632,綠草垂石井,1
1633,草垂石井彈,1
1634,垂石井彈琴,1
1635,石井彈琴看,1
1636,井彈琴看文,1
1637,彈琴看文君,1
1638,琴看文君春,1
1639,看文君春風,1
1640,文君春風吹,1
1641,君春風吹鬢,1
1642,春風吹鬢影,1
1643,風吹鬢影梁,1
1644,吹鬢影梁王,1
1645,鬢影梁王與,1
1646,影梁王與武,1
1647,梁王與武帝,1
1648,王與武帝棄,1
1649,與武帝棄之,1
1650,武帝棄之如,1
1651,帝棄之如斷,1
1652,棄之如斷梗,1
1653,之如斷梗惟,1
1654,如斷梗惟留,1
1655,斷梗惟留一,1
1656,梗惟留一簡,1
1657,惟留一簡書,1
1658,留一簡書金,1
1659,一簡書金泥,1
1660,簡書金泥泰,1
1661,書金泥泰山,1
1662,金泥泰山頂,1
1663,泥泰山頂日,1
1664,泰山頂日夕,1
1665,山頂日夕著,1
1666,頂日夕著書,1
1667,日夕著書罷,1
1668,夕著書罷驚,1
1669,著書罷驚霜,1
1670,書罷驚霜落,1
1671,罷驚霜落素,1
1672,驚霜落素絲,1
1673,霜落素絲鏡,1
1674,落素絲鏡中,1
1675,素絲鏡中聊,1
1676,絲鏡中聊自,1
1677,鏡中聊自笑,1
1678,中聊自笑詎,1
1679,聊自笑詎是,1
1680,自笑詎是南,1
1681,笑詎是南山,1
1682,詎是南山期,1
1683,是南山期頭,1
1684,南山期頭上,1
1685,山期頭上無,1
1686,期頭上無幅,1
1687,頭上無幅巾,1
1688,上無幅巾苦,1
1689,無幅巾苦檗,1
1690,幅巾苦檗已,1
1691,巾苦檗已染,1
1692,苦檗已染衣,1
1693,檗已染衣不,1
1694,已染衣不見,1
1695,染衣不見清,1
1696,衣不見清溪,1
1697,不見清溪魚,1
1698,見清溪魚飲,1
1699,清溪魚飲水,1
1700,溪魚飲水得,1
1701,魚飲水得自,1
1702,飲水得自宜,1
1703,水得自宜汀,1
1704,得自宜汀洲,1
1705,自宜汀洲白,1
1706,宜汀洲白蘋,1
1707,汀洲白蘋草,1
1708,洲白蘋草柳,1
1709,白蘋草柳惲,1
1710,蘋草柳惲乘,1
1711,草柳惲乘馬,1
1712,柳惲乘馬歸,1
1713,惲乘馬歸江,1
1714,乘馬歸江頭,1
1715,馬歸江頭楂,1
1716,歸江頭楂樹,1
1717,江頭楂樹香,1
1718,頭楂樹香岸,1
1719,楂樹香岸上,1
1720,樹香岸上蝴,1
1721,香岸上蝴蝶,1
1722,岸上蝴蝶飛,1
1723,上蝴蝶飛酒,1
1724,蝴蝶飛酒杯,1
1725,蝶飛酒杯箬,1
1726,飛酒杯箬葉,1
1727,酒杯箬葉露,1
1728,杯箬葉露玉,1
1729,箬葉露玉軫,1
1730,葉露玉軫蜀,1
1731,露玉軫蜀桐,1
1732,玉軫蜀桐虛,1
1733,軫蜀桐虛朱,1
1734,蜀桐虛朱樓,1
1735,桐虛朱樓通,1
1736,虛朱樓通水,1
1737,朱樓通水陌,1
1738,樓通水陌沙,1
1739,通水陌沙暖,1
1740,水陌沙暖一,1
1741,陌沙暖一雙,1
1742,沙暖一雙魚,1
1743,暖一雙魚先,1
1744,一雙魚先輩,1
1745,雙魚先輩匣,1
1746,魚先輩匣中,1
1747,先輩匣中三,1
1748,輩匣中三尺,1
1749,匣中三尺水,1
1750,中三尺水曾,1
1751,三尺水曾入,1
1752,尺水曾入吳,1
1753,水曾入吳潭,1
1754,曾入吳潭斬,1
1755,入吳潭斬龍,1
1756,吳潭斬龍子,1
1757,潭斬龍子隙,1
1758,斬龍子隙月,1
1759,龍子隙月斜,1
1760,子隙月斜明,1
1761,隙月斜明刮,1
1762,月斜明刮露,1
1763,斜明刮露寒,1
1764,明刮露寒練,1
1765,刮露寒練帶,1
1766,露寒練帶平,1
1767,寒練帶平鋪,1
1768,練帶平鋪吹,1
1769,帶平鋪吹不,1
1770,平鋪吹不起,1
1771,鋪吹不起蛟,1
1772,吹不起蛟胎,1
1773,不起蛟胎皮,1
1774,起蛟胎皮老,1
1775,蛟胎皮老蒺,1
1776,胎皮老蒺藜,1
1777,皮老蒺藜刺,1
1778,老蒺藜刺鸊,1
1779,蒺藜刺鸊鵜,1
1780,藜刺鸊鵜淬,1
1781,刺鸊鵜淬花,1
1782,鸊鵜淬花白,1
1783,鵜淬花白鷳,1
1784,淬花白鷳尾,1
1785,花白鷳尾直,1
1786,白鷳尾直是,1
1787,鷳尾直是荊,1
1788,尾直是荊軻,1
1789,直是荊軻一,1
1790,是荊軻一片,1
1791,荊軻一片心,1
1792,軻一片心莫,1
1793,一片心莫教,1
1794,片心莫教照,1
1795,心莫教照見,1
1796,莫教照見春,1
1797,教照見春坊,1
1798,照見春坊字,1
1799,見春坊字挼,1
1800,春坊字挼絲,1
1801,坊字挼絲團,1
1802,字挼絲團金,1
1803,挼絲團金懸,1
1804,絲團金懸神,1
1805,團金懸神光,1
1806,金懸神光欲,1
1807,懸神光欲截,1
1808,神光欲截藍,1
1809,光欲截藍田,1
1810,欲截藍田玉,1
1811,截藍田玉提,1
1812,藍田玉提出,1
1813,田玉提出西,1
1814,玉提出西方,1
1815,提出西方白,1
1816,出西方白帝,1
1817,西方白帝驚,1
1818,方白帝驚嗷,1
1819,白帝驚嗷嗷,1
1820,帝驚嗷嗷鬼,1
1821,驚嗷嗷鬼母,1
1822,嗷嗷鬼母秋,1
1823,嗷鬼母秋郊,1
1824,鬼母秋郊哭,1
1825,母秋郊哭嫋,1
1826,秋郊哭嫋嫋,1
1827,郊哭嫋嫋沉,1
1828,哭嫋嫋沉水,1
1829,嫋嫋沉水煙,1
1830,嫋沉水煙烏,1
1831,沉水煙烏啼,1
1832,水煙烏啼夜,1
1833,煙烏啼夜闌,1
1834,烏啼夜闌景,1
1835,啼夜闌景曲,1
1836,夜闌景曲沼,1
1837,闌景曲沼芙,1
1838,景曲沼芙蓉,1
1839,曲沼芙蓉波,1
1840,沼芙蓉波腰,1
1841,芙蓉波腰圍,1
1842,蓉波腰圍白,1
1843,波腰圍白玉,1
1844,腰圍白玉冷,1
1845,圍白玉冷黑,1
1846,白玉冷黑雲,1
1847,玉冷黑雲壓,1
1848,冷黑雲壓城,1
1849,黑雲壓城城,1
1850,雲壓城城欲,1
1851,壓城城欲摧,1
1852,城城欲摧甲,1
1853,城欲摧甲光,1
1854,欲摧甲光向,1
1855,摧甲光向日,1
1856,甲光向日金,1
1857,光向日金鱗,1
1858,向日金鱗開,1
1859,日金鱗開角,1
1860,金鱗開角聲,1
1861,鱗開角聲滿,1
1862,開角聲滿天,1
1863,角聲滿天秋,1
1864,聲滿天秋色,1
1865,滿天秋色裏,1
1866,天秋色裏寒,1
1867,秋色裏寒上,1
1868,色裏寒上燕,1
1869,裏寒上燕脂,1
1870,寒上燕脂凝,1
1871,上燕脂凝夜,1
1872,燕脂凝夜紫,1
1873,脂凝夜紫半,1
1874,凝夜紫半卷,1
1875,夜紫半卷紅,1
1876,紫半卷紅旗,1
1877,半卷紅旗臨,1
1878,卷紅旗臨易,1
1879,紅旗臨易水,1
1880,旗臨易水霜,1
1881,臨易水霜重,1
1882,易水霜重鼓,1
1883,水霜重鼓寒,1
1884,霜重鼓寒聲,1
1885,重鼓寒聲不,1
1886,鼓寒聲不起,1
1887,寒聲不起報,1
1888,聲不起報君,1
1889,不起報君黃,1
1890,起報君黃金,1
1891,龍為君死妾,1
1892,為君死妾家,1
1893,君死妾家住,1
1894,死妾家住橫,1
1895,妾家住橫塘,1
1896,家住橫塘紅,1
1897,住橫塘紅紗,1
1898,橫塘紅紗滿,1
1899,塘紅紗滿桂,1
1900,紅紗滿桂香,1
1901,紗滿桂香青,1
1902,滿桂香青雲,1
1903,桂香青雲教,1
1904,香青雲教綰,1
1905,青雲教綰頭,1
1906,雲教綰頭上,1
1907,教綰頭上髻,1
1908,綰頭上髻明,1
1909,頭上髻明月,1
1910,上髻明月與,1
1911,髻明月與作,1
1912,明月與作耳,1
1913,月與作耳邊,1
1914,與作耳邊璫,1
1915,作耳邊璫蓮,1
1916,耳邊璫蓮風,1
1917,邊璫蓮風起,1
1918,璫蓮風起江,1
1919,蓮風起江畔,1
1920,風起江畔春,1
1921,起江畔春大,1
1922,江畔春大堤,1
1923,畔春大堤上,1
1924,春大堤上留,1
1925,大堤上留北,1
1926,堤上留北人,1
1927,上留北人郎,1
1928,留北人郎食,1
1929,北人郎食鯉,1
1930,人郎食鯉魚,1
1931,朝楓樹老楓,1
1932,楓樹老楓香,1
1933,樹老楓香晚,1
1934,老楓香晚花,1
1935,楓香晚花靜,1
1936,香晚花靜錦,1
1937,晚花靜錦水,1
1938,花靜錦水南,1
1939,靜錦水南山,1
1940,錦水南山影,1
1941,水南山影驚,1
1942,南山影驚石,1
1943,山影驚石墜,1
1944,影驚石墜猿,1
1945,驚石墜猿哀,1
1946,石墜猿哀竹,1
1947,墜猿哀竹雲,1
1948,猿哀竹雲愁,1
1949,哀竹雲愁半,1
1950,竹雲愁半嶺,1
1951,雲愁半嶺涼,1
1952,愁半嶺涼月,1
1953,半嶺涼月生,1
1954,嶺涼月生秋,1
1955,涼月生秋浦,1
1956,月生秋浦玉,1
1957,生秋浦玉沙,1
1958,秋浦玉沙粼,1
1959,浦玉沙粼粼,1
1960,玉沙粼粼光,1
1961,沙粼粼光誰,1
1962,粼粼光誰家,1
1963,粼光誰家紅,1
1964,光誰家紅淚,1
1965,誰家紅淚客,1
1966,家紅淚客不,1
1967,紅淚客不忍,1
1968,淚客不忍過,1
1969,客不忍過瞿,1
1970,不忍過瞿塘,1
1971,忍過瞿塘幽,1
1972,過瞿塘幽蘭,1
1973,瞿塘幽蘭露,1
1974,塘幽蘭露如,1
1975,幽蘭露如啼,1
1976,蘭露如啼眼,1
1977,露如啼眼無,1
1978,如啼眼無物,1
1979,啼眼無物結,1
1980,眼無物結同,1
1981,無物結同心,1
1982,物結同心煙,1
1983,結同心煙花,1
1984,同心煙花不,1
1985,心煙花不堪,1
1986,煙花不堪剪,1
1987,花不堪剪草,1
1988,不堪剪草如,1
1989,堪剪草如茵,1
1990,剪草如茵松,1
1991,草如茵松如,1
1992,如茵松如蓋,1
1993,茵松如蓋風,1
1994,松如蓋風為,1
1995,如蓋風為裳,1
1996,蓋風為裳水,1
1997,風為裳水為,1
1998,為裳水為佩,1
1999,裳水為佩油,1
2000,水為佩油壁,1
2001,為佩油壁車,1
2002,佩油壁車夕,1
2003,油壁車夕相,1
2004,壁車夕相待,1
2005,車夕相待冷,1
2006,夕相待冷翠,1
2007,相待冷翠燭,1
2008,待冷翠燭勞,1
2009,下風吹雨老,1
2010,風吹雨老兔,1
2011,吹雨老兔寒,1
2012,雨老兔寒蟾,1
2013,老兔寒蟾泣,1
2014,兔寒蟾泣天,1
2015,寒蟾泣天色,1
2016,蟾泣天色雲,1
2017,泣天色雲樓,1
2018,天色雲樓半,1
2019,色雲樓半開,1
2020,雲樓半開壁,1
2021,樓半開壁斜,1
2022,半開壁斜白,1
2023,開壁斜白玉,1
2024,壁斜白玉輪,1
2025,斜白玉輪軋,1
2026,白玉輪軋露,1
2027,玉輪軋露濕,1
2028,輪軋露濕團,1
2029,軋露濕團光,1
2030,露濕團光鸞,1
2031,濕團光鸞佩,1
2032,團光鸞佩相,1
2033,光鸞佩相逢,1
2034,鸞佩相逢桂,1
2035,佩相逢桂香,1
2036,相逢桂香陌,1
2037,逢桂香陌黃,1
2038,桂香陌黃塵,1
2039,香陌黃塵清,1
2040,陌黃塵清水,1
2041,黃塵清水三,1
2042,塵清水三山,1
2043,清水三山下,1
2044,水三山下更,1
2045,三山下更變,1
2046,山下更變千,1
2047,下更變千年,1
2048,更變千年如,1
2049,變千年如走,1
2050,千年如走馬,1
2051,年如走馬遙,1
2052,如走馬遙望,1
2053,走馬遙望齊,1
2054,馬遙望齊州,1
2055,遙望齊州九,1
2056,望齊州九點,1
2057,齊州九點煙,1
2058,州九點煙一,1
2059,九點煙一泓,1
2060,點煙一泓海,1
2061,煙一泓海水,1
2062,一泓海水杯,1
2063,泓海水杯中,1
2064,海水杯中瀉,1
2065,水杯中瀉頭,1
2066,杯中瀉頭玉,1
2067,中瀉頭玉磽,1
2068,瀉頭玉磽磽,1
2069,頭玉磽磽眉,1
2070,玉磽磽眉刷,1
2071,磽磽眉刷翠,1
2072,磽眉刷翠杜,1
2073,眉刷翠杜郎,1
2074,刷翠杜郎生,1
2075,翠杜郎生得,1
2076,杜郎生得真,1
2077,郎生得真男,1
2078,生得真男子,1
2079,得真男子骨,1
2080,真男子骨重,1
2081,男子骨重神,1
2082,子骨重神寒,1
2083,骨重神寒天,1
2084,重神寒天廟,1
2085,神寒天廟器,1
2086,寒天廟器一,1
2087,天廟器一雙,1
2088,廟器一雙瞳,1
2089,器一雙瞳人,1
2090,一雙瞳人剪,1
2091,雙瞳人剪秋,1
2092,瞳人剪秋水,1
2093,人剪秋水竹,1
2094,剪秋水竹馬,1
2095,秋水竹馬梢,1
2096,水竹馬梢梢,1
2097,竹馬梢梢搖,1
2098,馬梢梢搖綠,1
2099,梢梢搖綠尾,1
2100,梢搖綠尾銀,1
2101,搖綠尾銀鸞,1
2102,綠尾銀鸞睒,1
2103,尾銀鸞睒光,1
2104,銀鸞睒光踏,1
2105,鸞睒光踏半,1
2106,睒光踏半臂,1
2107,光踏半臂東,1
2108,踏半臂東家,1
2109,半臂東家嬌,1
2110,臂東家嬌娘,1
2111,東家嬌娘求,1
2112,家嬌娘求對,1
2113,嬌娘求對值,1
2114,娘求對值濃,1
2115,求對值濃笑,1
2116,對值濃笑畫,1
2117,值濃笑畫空,1
2118,濃笑畫空作,1
2119,笑畫空作唐,1
2120,畫空作唐字,1
2121,空作唐字眼,1
2122,作唐字眼大,1
2123,唐字眼大心,1
2124,字眼大心雄,1
2125,眼大心雄知,1
2126,大心雄知所,1
2127,心雄知所以,1
2128,雄知所以莫,1
2129,知所以莫忘,1
2130,所以莫忘作,1
2131,以莫忘作歌,1
2132,莫忘作歌人,1
2133,忘作歌人姓,1
2134,作歌人姓李,1
2135,歌人姓李青,1
2136,人姓李青霓,1
2137,姓李青霓扣,1
2138,李青霓扣額,1
2139,青霓扣額呼,1
2140,霓扣額呼宮,1
2141,扣額呼宮神,1
2142,額呼宮神鴻,1
2143,呼宮神鴻龍,1
2144,宮神鴻龍玉,1
2145,神鴻龍玉狗,1
2146,鴻龍玉狗開,1
2147,龍玉狗開天,1
2148,玉狗開天門,1
2149,狗開天門石,1
2150,開天門石榴,1
2151,天門石榴花,1
2152,門石榴花發,1
2153,石榴花發滿,1
2154,榴花發滿溪,1
2155,花發滿溪津,1
2156,發滿溪津溪,1
2157,滿溪津溪女,1
2158,溪津溪女洗,1
2159,津溪女洗花,1
2160,溪女洗花染,1
2161,女洗花染白,1
2162,洗花染白雲,1
2163,花染白雲綠,1
2164,染白雲綠章,1
2165,白雲綠章封,1
2166,雲綠章封事,1
2167,綠章封事諮,1
2168,章封事諮元,1
2169,封事諮元父,1
2170,事諮元父六,1
2171,諮元父六街,1
2172,元父六街馬,1
2173,父六街馬蹄,1
2174,六街馬蹄浩,1
2175,街馬蹄浩無,1
2176,馬蹄浩無主,1
2177,蹄浩無主虛,1
2178,浩無主虛空,1
2179,無主虛空風,1
2180,主虛空風氣,1
2181,虛空風氣不,1
2182,空風氣不清,1
2183,風氣不清泠,1
2184,氣不清泠短,1
2185,不清泠短衣,1
2186,清泠短衣小,1
2187,泠短衣小冠,1
2188,短衣小冠作,1
2189,衣小冠作塵,1
2190,小冠作塵土,1
2191,冠作塵土金,1
2192,作塵土金家,1
2193,塵土金家香,1
2194,土金家香巷,1
2195,金家香巷千,1
2196,家香巷千輪,1
2197,香巷千輪鳴,1
2198,巷千輪鳴揚,1
2199,千輪鳴揚雄,1
2200,輪鳴揚雄秋,1
2201,鳴揚雄秋室,1
2202,揚雄秋室無,1
2203,雄秋室無俗,1
2204,秋室無俗聲,1
2205,室無俗聲願,1
2206,無俗聲願攜,1
2207,俗聲願攜漢,1
2208,聲願攜漢戟,1
2209,願攜漢戟招,1
2210,攜漢戟招書,1
2211,漢戟招書鬼,1
2212,戟招書鬼休,1
2213,招書鬼休令,1
2214,書鬼休令恨,1
2215,鬼休令恨骨,1
2216,休令恨骨填,1
2217,令恨骨填蒿,1
2218,恨骨填蒿裏,1
2219,骨填蒿裏上,1
2220,填蒿裏上樓,1
2221,蒿裏上樓迎,1
2222,裏上樓迎春,1
2223,上樓迎春新,1
2224,樓迎春新春,1
2225,迎春新春歸,1
2226,春新春歸暗,1
2227,新春歸暗黃,1
2228,春歸暗黃著,1
2229,歸暗黃著柳,1
2230,暗黃著柳宮,1
2231,黃著柳宮漏,1
2232,著柳宮漏遲,1
2233,柳宮漏遲薄,1
2234,宮漏遲薄薄,1
2235,漏遲薄薄淡,1
2236,遲薄薄淡靄,1
2237,薄薄淡靄弄,1
2238,薄淡靄弄野,1
2239,淡靄弄野姿,1
2240,靄弄野姿寒,1
2241,弄野姿寒綠,1
2242,野姿寒綠幽,1
2243,姿寒綠幽風,1
2244,寒綠幽風生,1
2245,綠幽風生短,1
2246,幽風生短絲,1
2247,風生短絲錦,1
2248,生短絲錦床,1
2249,短絲錦床曉,1
2250,絲錦床曉臥,1
2251,錦床曉臥玉,1
2252,床曉臥玉肌,1
2253,曉臥玉肌冷,1
2254,臥玉肌冷露,1
2255,玉肌冷露臉,1
2256,肌冷露臉未,1
2257,冷露臉未開,1
2258,露臉未開對,1
2259,臉未開對朝,1
2260,未開對朝暝,1
2261,開對朝暝官,1
2262,對朝暝官街,1
2263,朝暝官街柳,1
2264,暝官街柳帶,1
2265,蒲勝綰結二,1
2266,勝綰結二月,1
2267,綰結二月飲,1
2268,結二月飲酒,1
2269,二月飲酒采,1
2270,月飲酒采桑,1
2271,飲酒采桑津,1
2272,酒采桑津宜,1
2273,采桑津宜男,1
2274,桑津宜男草,1
2275,津宜男草生,1
2276,宜男草生蘭,1
2277,男草生蘭笑,1
2278,草生蘭笑人,1
2279,生蘭笑人蒲,1
2280,蘭笑人蒲如,1
2281,笑人蒲如交,1
2282,人蒲如交劍,1
2283,蒲如交劍風,1
2284,如交劍風如,1
2285,交劍風如熏,1
2286,劍風如熏勞,1
2287,風如熏勞勞,1
2288,如熏勞勞胡,1
2289,熏勞勞胡燕,1
2290,勞勞胡燕怨,1
2291,勞胡燕怨酣,1
2292,胡燕怨酣春,1
2293,燕怨酣春薇,1
2294,怨酣春薇帳,1
2295,酣春薇帳逗,1
2296,春薇帳逗煙,1
2297,薇帳逗煙生,1
2298,帳逗煙生綠,1
2299,逗煙生綠塵,1
2300,煙生綠塵金,1
2301,生綠塵金翹,1
2302,綠塵金翹峨,1
2303,塵金翹峨髻,1
2304,金翹峨髻愁,1
2305,翹峨髻愁暮,1
2306,峨髻愁暮雲,1
2307,髻愁暮雲遝,1
2308,愁暮雲遝颯,1
2309,暮雲遝颯起,1
2310,雲遝颯起舞,1
2311,遝颯起舞真,1
2312,颯起舞真珠,1
2313,起舞真珠裙,1
2314,舞真珠裙津,1
2315,真珠裙津頭,1
2316,珠裙津頭送,1
2317,裙津頭送別,1
2318,津頭送別唱,1
2319,頭送別唱流,1
2320,送別唱流水,1
2321,別唱流水酒,1
2322,唱流水酒客,1
2323,流水酒客背,1
2324,水酒客背寒,1
2325,酒客背寒南,1
2326,客背寒南山,1
2327,背寒南山死,1
2328,寒南山死東,1
2329,南山死東方,1
2330,山死東方風,1
2331,死東方風來,1
2332,東方風來滿,1
2333,方風來滿眼,1
2334,風來滿眼春,1
2335,來滿眼春花,1
2336,滿眼春花城,1
2337,眼春花城柳,1
2338,春花城柳暗,1
2339,花城柳暗愁,1
2340,城柳暗愁殺,1
2341,柳暗愁殺人,1
2342,暗愁殺人複,1
2343,愁殺人複宮,1
2344,殺人複宮深,1
2345,人複宮深殿,1
2346,複宮深殿竹,1
2347,宮深殿竹風,1
2348,深殿竹風起,1
2349,殿竹風起新,1
2350,竹風起新翠,1
2351,風起新翠舞,1
2352,起新翠舞衿,1
2353,新翠舞衿淨,1
2354,翠舞衿淨如,1
2355,舞衿淨如水,1
2356,衿淨如水光,1
2357,淨如水光風,1
2358,如水光風轉,1
2359,水光風轉蕙,1
2360,光風轉蕙百,1
2361,風轉蕙百餘,1
2362,轉蕙百餘裏,1
2363,蕙百餘裏暖,1
2364,百餘裏暖霧,1
2365,餘裏暖霧驅,1
2366,裏暖霧驅雲,1
2367,暖霧驅雲撲,1
2368,霧驅雲撲天,1
2369,驅雲撲天地,1
2370,雲撲天地軍,1
2371,撲天地軍裝,1
2372,天地軍裝宮,1
2373,地軍裝宮妓,1
2374,軍裝宮妓掃,1
2375,裝宮妓掃蛾,1
2376,宮妓掃蛾淺,1
2377,妓掃蛾淺搖,1
2378,掃蛾淺搖搖,1
2379,蛾淺搖搖錦,1
2380,淺搖搖錦旗,1
2381,搖搖錦旗夾,1
2382,搖錦旗夾城,1
2383,錦旗夾城暖,1
2384,旗夾城暖曲,1
2385,夾城暖曲水,1
2386,城暖曲水漂,1
2387,暖曲水漂香,1
2388,曲水漂香去,1
2389,水漂香去不,1
2390,漂香去不歸,1
2391,香去不歸梨,1
2392,去不歸梨花,1
2393,不歸梨花落,1
2394,歸梨花落盡,1
2395,梨花落盡成,1
2396,花落盡成秋,1
2397,落盡成秋苑,1
2398,盡成秋苑曉,1
2399,成秋苑曉涼,1
2400,秋苑曉涼暮,1
2401,苑曉涼暮涼,1
2402,曉涼暮涼樹,1
2403,涼暮涼樹如,1
2404,暮涼樹如盡,1
2405,涼樹如盡千,1
2406,樹如盡千山,1
2407,如盡千山濃,1
2408,盡千山濃綠,1
2409,千山濃綠生,1
2410,山濃綠生雲,1
2411,濃綠生雲外,1
2412,綠生雲外依,1
2413,生雲外依微,1
2414,雲外依微香,1
2415,外依微香雨,1
2416,依微香雨青,1
2417,微香雨青氛,1
2418,香雨青氛氳,1
2419,雨青氛氳膩,1
2420,青氛氳膩葉,1
2421,氛氳膩葉蟠,1
2422,氳膩葉蟠花,1
2423,膩葉蟠花照,1
2424,葉蟠花照曲,1
2425,蟠花照曲門,1
2426,花照曲門金,1
2427,照曲門金塘,1
2428,曲門金塘閑,1
2429,門金塘閑水,1
2430,金塘閑水搖,1
2431,塘閑水搖碧,1
2432,閑水搖碧漪,1
2433,水搖碧漪老,1
2434,搖碧漪老景,1
2435,碧漪老景沉,1
2436,漪老景沉重,1
2437,老景沉重無,1
2438,景沉重無驚,1
2439,沉重無驚飛,1
2440,重無驚飛墮,1
2441,無驚飛墮紅,1
2442,驚飛墮紅殘,1
2443,飛墮紅殘萼,1
2444,墮紅殘萼暗,1
2445,紅殘萼暗參,1
2446,殘萼暗參差,1
2447,萼暗參差雕,1
2448,暗參差雕玉,1
2449,參差雕玉押,1
2450,差雕玉押簾,1
2451,雕玉押簾額,1
2452,玉押簾額輕,1
2453,押簾額輕縠,1
2454,簾額輕縠籠,1
2455,額輕縠籠虛,1
2456,扇織鴛鴦紋,1
2457,織鴛鴦紋回,1
2458,鴛鴦紋回雪,1
2459,鴦紋回雪舞,1
2460,紋回雪舞涼,1
2461,汗沾寶粟裁,1
2462,沾寶粟裁生,1
2463,寶粟裁生羅,1
2464,粟裁生羅伐,1
2465,裁生羅伐湘,1
2466,生羅伐湘竹,1
2467,羅伐湘竹帔,1
2468,伐湘竹帔拂,1
2469,湘竹帔拂疏,1
2470,竹帔拂疏霜,1
2471,帔拂疏霜簟,1
2472,拂疏霜簟秋,1
2473,疏霜簟秋玉,1
2474,霜簟秋玉炎,1
2475,簟秋玉炎炎,1
2476,秋玉炎炎紅,1
2477,玉炎炎紅鏡,1
2478,炎炎紅鏡東,1
2479,炎紅鏡東方,1
2480,紅鏡東方開,1
2481,鏡東方開暈,1
2482,東方開暈如,1
2483,方開暈如車,1
2484,開暈如車輪,1
2485,暈如車輪上,1
2486,如車輪上裴,1
2487,車輪上裴回,1
2488,輪上裴回啾,1
2489,上裴回啾啾,1
2490,裴回啾啾赤,1
2491,回啾啾赤帝,1
2492,啾啾赤帝騎,1
2493,啾赤帝騎龍,1
2494,赤帝騎龍來,1
2495,帝騎龍來星,1
2496,騎龍來星依,1
2497,龍來星依雲,1
2498,來星依雲渚,1
2499,幹孀妾怨夜,1
2500,孀妾怨夜長,1
2501,妾怨夜長獨,1
2502,怨夜長獨客,1
2503,夜長獨客夢,1
2504,長獨客夢歸,1
2505,壁燈垂花簾,1
2506,燈垂花簾外,1
2507,垂花簾外月,1
2508,花簾外月光,1
2509,簾外月光吐,1
2510,月光吐簾內,1
2511,光吐簾內樹,1
2512,吐簾內樹影,1
2513,簾內樹影斜,1
2514,內樹影斜悠,1
2515,綴池中荷離,1
2516,池中荷離宮,1
2517,中荷離宮散,1
2518,荷離宮散螢,1
2519,離宮散螢天,1
2520,宮散螢天似,1
2521,散螢天似水,1
2522,螢天似水竹,1
2523,天似水竹黃,1
2524,似水竹黃池,1
2525,水竹黃池冷,1
2526,竹黃池冷芙,1
2527,黃池冷芙蓉,1
2528,池冷芙蓉死,1
2529,冷芙蓉死月,1
2530,芙蓉死月綴,1
2531,蓉死月綴金,1
2532,死月綴金鋪,1
2533,月綴金鋪光,1
2534,綴金鋪光脈,1
2535,金鋪光脈脈,1
2536,鋪光脈脈涼,1
2537,光脈脈涼苑,1
2538,脈脈涼苑虛,1
2539,脈涼苑虛庭,1
2540,涼苑虛庭空,1
2541,苑虛庭空澹,1
2542,虛庭空澹白,1
2543,庭空澹白露,1
2544,空澹白露花,1
2545,澹白露花飛,1
2546,白露花飛飛,1
2547,露花飛飛風,1
2548,花飛飛風草,1
2549,飛飛風草草,1
2550,飛風草草翠,1
2551,風草草翠錦,1
2552,草草翠錦斕,1
2553,草翠錦斕斑,1
2554,翠錦斕斑滿,1
2555,錦斕斑滿層,1
2556,斕斑滿層道,1
2557,斑滿層道雞,1
2558,滿層道雞人,1
2559,層道雞人罷,1
2560,道雞人罷唱,1
2561,井下疏桐玉,1
2562,下疏桐玉壺,1
2563,疏桐玉壺銀,1
2564,桐玉壺銀箭,1
2565,玉壺銀箭稍,1
2566,壺銀箭稍難,1
2567,銀箭稍難傾,1
2568,箭稍難傾釭,1
2569,稍難傾釭花,1
2570,難傾釭花夜,1
2571,傾釭花夜笑,1
2572,釭花夜笑凝,1
2573,花夜笑凝幽,1
2574,夜笑凝幽明,1
2575,笑凝幽明碎,1
2576,凝幽明碎霜,1
2577,幽明碎霜斜,1
2578,明碎霜斜舞,1
2579,碎霜斜舞上,1
2580,霜斜舞上羅,1
2581,斜舞上羅幕,1
2582,舞上羅幕燭,1
2583,上羅幕燭龍,1
2584,羅幕燭龍兩,1
2585,幕燭龍兩行,1
2586,燭龍兩行照,1
2587,龍兩行照飛,1
2588,兩行照飛閣,1
2589,行照飛閣珠,1
2590,照飛閣珠帷,1
2591,飛閣珠帷怨,1
2592,閣珠帷怨臥,1
2593,珠帷怨臥不,1
2594,帷怨臥不成,1
2595,怨臥不成眠,1
2596,臥不成眠金,1
2597,不成眠金鳳,1
2598,成眠金鳳刺,1
2599,眠金鳳刺衣,1
2600,金鳳刺衣著,1
2601,鳳刺衣著體,1
2602,刺衣著體寒,1
2603,衣著體寒長,1
2604,著體寒長眉,1
2605,體寒長眉對,1
2606,寒長眉對月,1
2607,長眉對月鬥,1
2608,眉對月鬥彎,1
2609,對月鬥彎環,1
2610,月鬥彎環宮,1
2611,鬥彎環宮城,1
2612,彎環宮城團,1
2613,環宮城團回,1
2614,宮城團回凜,1
2615,城團回凜嚴,1
2616,團回凜嚴光,1
2617,回凜嚴光白,1
2618,凜嚴光白天,1
2619,嚴光白天碎,1
2620,光白天碎碎,1
2621,白天碎碎墮,1
2622,天碎碎墮瓊,1
2623,碎碎墮瓊芳,1
2624,碎墮瓊芳撾,1
2625,墮瓊芳撾鐘,1
2626,瓊芳撾鐘高,1
2627,芳撾鐘高飲,1
2628,撾鐘高飲千,1
2629,鐘高飲千日,1
2630,高飲千日酒,1
2631,飲千日酒卻,1
2632,千日酒卻天,1
2633,日酒卻天凝,1
2634,酒卻天凝寒,1
2635,卻天凝寒作,1
2636,天凝寒作君,1
2637,凝寒作君壽,1
2638,寒作君壽禦,1
2639,作君壽禦溝,1
2640,君壽禦溝泉,1
2641,壽禦溝泉合,1
2642,禦溝泉合如,1
2643,溝泉合如環,1
2644,泉合如環素,1
2645,合如環素火,1
2646,如環素火井,1
2647,環素火井溫,1
2648,素火井溫泉,1
2649,火井溫泉在,1
2650,井溫泉在何,1
2651,溫泉在何處,1
2652,泉在何處日,1
2653,在何處日腳,1
2654,何處日腳淡,1
2655,處日腳淡光,1
2656,依稀和氣排,1
2657,稀和氣排冬,1
2658,和氣排冬嚴,1
2659,氣排冬嚴已,1
2660,排冬嚴已就,1
2661,日辭長夜帝,1
2662,辭長夜帝重,1
2663,長夜帝重光,1
2664,夜帝重光年,1
2665,帝重光年重,1
2666,重光年重時,1
2667,光年重時七,1
2668,年重時七十,1
2669,重時七十二,1
2670,時七十二候,1
2671,七十二候回,1
2672,十二候回環,1
2673,二候回環推,1
2674,候回環推天,1
2675,回環推天官,1
2676,環推天官玉,1
2677,推天官玉管,1
2678,天官玉管灰,1
2679,官玉管灰剩,1
2680,玉管灰剩飛,1
2681,管灰剩飛今,1
2682,灰剩飛今歲,1
2683,剩飛今歲何,1
2684,飛今歲何長,1
2685,今歲何長來,1
2686,歲何長來歲,1
2687,何長來歲遲,1
2688,長來歲遲王,1
2689,來歲遲王母,1
2690,歲遲王母移,1
2691,遲王母移桃,1
2692,王母移桃獻,1
2693,母移桃獻天,1
2694,移桃獻天子,1
2695,桃獻天子羲,1
2696,獻天子羲氏,1
2697,天子羲氏和,1
2698,子羲氏和氏,1
2699,羲氏和氏迂,1
2700,氏和氏迂龍,1
2701,和氏迂龍轡,1
2702,氏迂龍轡天,1
2703,迂龍轡天河,1
2704,龍轡天河夜,1
2705,轡天河夜轉,1
2706,天河夜轉漂,1
2707,河夜轉漂回,1
2708,夜轉漂回星,1
2709,轉漂回星銀,1
2710,漂回星銀浦,1
2711,回星銀浦流,1
2712,星銀浦流雲,1
2713,銀浦流雲學,1
2714,浦流雲學水,1
2715,流雲學水聲,1
2716,雲學水聲玉,1
2717,學水聲玉宮,1
2718,水聲玉宮桂,1
2719,聲玉宮桂樹,1
2720,玉宮桂樹花,1
2721,宮桂樹花未,1
2722,桂樹花未落,1
2723,樹花未落仙,1
2724,花未落仙妾,1
2725,未落仙妾采,1
2726,落仙妾采香,1
2727,仙妾采香垂,1
2728,妾采香垂佩,1
2729,采香垂佩纓,1
2730,香垂佩纓秦,1
2731,垂佩纓秦妃,1
2732,佩纓秦妃捲,1
2733,纓秦妃捲簾,1
2734,秦妃捲簾北,1
2735,妃捲簾北窗,1
2736,捲簾北窗曉,1
2737,簾北窗曉窗,1
2738,北窗曉窗前,1
2739,窗曉窗前植,1
2740,曉窗前植桐,1
2741,窗前植桐青,1
2742,前植桐青鳳,1
2743,植桐青鳳小,1
2744,桐青鳳小王,1
2745,青鳳小王子,1
2746,鳳小王子吹,1
2747,小王子吹笙,1
2748,王子吹笙鵝,1
2749,子吹笙鵝管,1
2750,吹笙鵝管長,1
2751,笙鵝管長呼,1
2752,鵝管長呼龍,1
2753,管長呼龍耕,1
2754,長呼龍耕煙,1
2755,呼龍耕煙種,1
2756,龍耕煙種瑤,1
2757,耕煙種瑤草,1
2758,煙種瑤草粉,1
2759,種瑤草粉霞,1
2760,瑤草粉霞紅,1
2761,草粉霞紅綬,1
2762,粉霞紅綬藕,1
2763,霞紅綬藕絲,1
2764,紅綬藕絲裙,1
2765,綬藕絲裙青,1
2766,藕絲裙青洲,1
2767,絲裙青洲步,1
2768,裙青洲步拾,1
2769,青洲步拾蘭,1
2770,洲步拾蘭苕,1
2771,步拾蘭苕春,1
2772,拾蘭苕春東,1
2773,蘭苕春東指,1
2774,苕春東指羲,1
2775,春東指羲和,1
2776,東指羲和能,1
2777,指羲和能走,1
2778,羲和能走馬,1
2779,和能走馬海,1
2780,能走馬海塵,1
2781,走馬海塵新,1
2782,馬海塵新生,1
2783,海塵新生石,1
2784,塵新生石山,1
2785,新生石山下,1
2786,生石山下南,1
2787,石山下南風,1
2788,山下南風吹,1
2789,下南風吹山,1
2790,南風吹山作,1
2791,風吹山作平,1
2792,吹山作平地,1
2793,山作平地帝,1
2794,作平地帝遣,1
2795,平地帝遣天,1
2796,地帝遣天吳,1
2797,帝遣天吳移,1
2798,遣天吳移海,1
2799,天吳移海水,1
2800,吳移海水王,1
2801,移海水王母,1
2802,海水王母桃,1
2803,水王母桃花,1
2804,王母桃花千,1
2805,母桃花千遍,1
2806,桃花千遍紅,1
2807,花千遍紅彭,1
2808,千遍紅彭祖,1
2809,遍紅彭祖巫,1
2810,紅彭祖巫咸,1
2811,彭祖巫咸幾,1
2812,祖巫咸幾回,1
2813,巫咸幾回死,1
2814,咸幾回死青,1
2815,幾回死青毛,1
2816,回死青毛驄,1
2817,死青毛驄馬,1
2818,青毛驄馬參,1
2819,毛驄馬參差,1
2820,驄馬參差錢,1
2821,馬參差錢嬌,1
2822,參差錢嬌春,1
2823,差錢嬌春楊,1
2824,錢嬌春楊柳,1
2825,嬌春楊柳含,1
2826,春楊柳含細,1
2827,楊柳含細煙,1
2828,柳含細煙箏,1
2829,含細煙箏人,1
2830,細煙箏人勸,1
2831,煙箏人勸我,1
2832,箏人勸我金,1
2833,人勸我金屈,1
2834,勸我金屈卮,1
2835,我金屈卮神,1
2836,金屈卮神血,1
2837,屈卮神血未,1
2838,卮神血未凝,1
2839,神血未凝身,1
2840,血未凝身問,1
2841,未凝身問誰,1
2842,凝身問誰不,1
2843,身問誰不須,1
2844,問誰不須浪,1
2845,誰不須浪飲,1
2846,不須浪飲丁,1
2847,須浪飲丁都,1
2848,浪飲丁都護,1
2849,飲丁都護世,1
2850,丁都護世上,1
2851,都護世上英,1
2852,護世上英雄,1
2853,世上英雄本,1
2854,上英雄本無,1
2855,英雄本無主,1
2856,雄本無主買,1
2857,本無主買絲,1
2858,無主買絲繡,1
2859,主買絲繡作,1
2860,買絲繡作平,1
2861,絲繡作平原,1
2862,繡作平原君,1
2863,作平原君有,1
2864,平原君有酒,1
2865,原君有酒惟,1
2866,君有酒惟澆,1
2867,有酒惟澆趙,1
2868,酒惟澆趙州,1
2869,惟澆趙州土,1
2870,澆趙州土漏,1
2871,趙州土漏催,1
2872,州土漏催水,1
2873,土漏催水咽,1
2874,漏催水咽玉,1
2875,催水咽玉蟾,1
2876,水咽玉蟾蜍,1
2877,咽玉蟾蜍衛,1
2878,玉蟾蜍衛娘,1
2879,蟾蜍衛娘發,1
2880,蜍衛娘發薄,1
2881,衛娘發薄不,1
2882,娘發薄不勝,1
2883,發薄不勝梳,1
2884,薄不勝梳看,1
2885,不勝梳看見,1
2886,勝梳看見秋,1
2887,梳看見秋眉,1
2888,看見秋眉換,1
2889,見秋眉換新,1
2890,秋眉換新綠,1
2891,眉換新綠二,1
2892,換新綠二十,1
2893,新綠二十男,1
2894,綠二十男兒,1
2895,二十男兒那,1
2896,十男兒那刺,1
2897,男兒那刺促,1
2898,兒那刺促桐,1
2899,那刺促桐風,1
2900,刺促桐風驚,1
2901,促桐風驚心,1
2902,桐風驚心壯,1
2903,風驚心壯士,1
2904,驚心壯士苦,1
2905,心壯士苦衰,1
2906,壯士苦衰燈,1
2907,士苦衰燈絡,1
2908,苦衰燈絡緯,1
2909,衰燈絡緯啼,1
2910,燈絡緯啼寒,1
2911,絡緯啼寒素,1
2912,緯啼寒素誰,1
2913,啼寒素誰看,1
2914,寒素誰看青,1
2915,素誰看青簡,1
2916,誰看青簡一,1
2917,看青簡一編,1
2918,青簡一編書,1
2919,簡一編書不,1
2920,一編書不遣,1
2921,編書不遣花,1
2922,書不遣花蟲,1
2923,不遣花蟲粉,1
2924,遣花蟲粉空,1
2925,花蟲粉空蠹,1
2926,蟲粉空蠹思,1
2927,粉空蠹思牽,1
2928,空蠹思牽今,1
2929,蠹思牽今夜,1
2930,思牽今夜腸,1
2931,牽今夜腸應,1
2932,今夜腸應直,1
2933,夜腸應直雨,1
2934,腸應直雨冷,1
2935,應直雨冷香,1
2936,直雨冷香魂,1
2937,雨冷香魂吊,1
2938,冷香魂吊書,1
2939,香魂吊書客,1
2940,魂吊書客秋,1
2941,吊書客秋墳,1
2942,書客秋墳鬼,1
2943,客秋墳鬼唱,1
2944,秋墳鬼唱鮑,1
2945,墳鬼唱鮑家,1
2946,鬼唱鮑家詩,1
2947,唱鮑家詩恨,1
2948,鮑家詩恨血,1
2949,家詩恨血千,1
2950,詩恨血千年,1
2951,恨血千年土,1
2952,血千年土中,1
2953,千年土中碧,1
2954,年土中碧洞,1
2955,土中碧洞庭,1
2956,中碧洞庭明,1
2957,碧洞庭明月,1
2958,洞庭明月一,1
2959,庭明月一千,1
2960,明月一千里,1
2961,月一千里涼,1
2962,一千里涼風,1
2963,千里涼風雁,1
2964,里涼風雁啼,1
2965,涼風雁啼天,1
2966,風雁啼天在,1
2967,雁啼天在水,1
2968,啼天在水九,1
2969,天在水九節,1
2970,在水九節菖,1
2971,水九節菖蒲,1
2972,九節菖蒲石,1
2973,節菖蒲石上,1
2974,菖蒲石上死,1
2975,蒲石上死湘,1
2976,石上死湘神,1
2977,上死湘神彈,1
2978,死湘神彈琴,1
2979,湘神彈琴迎,1
2980,神彈琴迎帝,1
2981,彈琴迎帝子,1
2982,琴迎帝子山,1
2983,迎帝子山頭,1
2984,帝子山頭老,1
2985,子山頭老桂,1
2986,山頭老桂吹,1
2987,頭老桂吹古,1
2988,老桂吹古香,1
2989,桂吹古香雌,1
2990,吹古香雌龍,1
2991,古香雌龍怨,1
2992,香雌龍怨吟,1
2993,雌龍怨吟寒,1
2994,龍怨吟寒水,1
2995,怨吟寒水光,1
2996,吟寒水光沙,1
2997,寒水光沙浦,1
2998,水光沙浦走,1
2999,光沙浦走魚,1
3000,沙浦走魚白,1
3001,浦走魚白石,1
3002,走魚白石郎,1
3003,魚白石郎閑,1
3004,白石郎閑取,1
3005,石郎閑取真,1
3006,郎閑取真珠,1
3007,閑取真珠擲,1
3008,取真珠擲龍,1
3009,真珠擲龍堂,1
3010,珠擲龍堂秦,1
3011,擲龍堂秦王,1
3012,龍堂秦王騎,1
3013,堂秦王騎虎,1
3014,秦王騎虎遊,1
3015,王騎虎遊八,1
3016,騎虎遊八極,1
3017,虎遊八極劍,1
3018,遊八極劍光,1
3019,八極劍光照,1
3020,極劍光照空,1
3021,劍光照空天,1
3022,光照空天自,1
3023,照空天自碧,1
3024,空天自碧羲,1
3025,天自碧羲和,1
3026,自碧羲和敲,1
3027,碧羲和敲日,1
3028,羲和敲日玻,1
3029,和敲日玻璃,1
3030,敲日玻璃聲,1
3031,日玻璃聲劫,1
3032,玻璃聲劫灰,1
3033,璃聲劫灰飛,1
3034,聲劫灰飛盡,1
3035,劫灰飛盡古,1
3036,灰飛盡古今,1
3037,飛盡古今平,1
3038,盡古今平龍,1
3039,古今平龍頭,1
3040,今平龍頭瀉,1
3041,平龍頭瀉酒,1
3042,龍頭瀉酒邀,1
3043,頭瀉酒邀酒,1
3044,瀉酒邀酒星,1
3045,酒邀酒星金,1
3046,邀酒星金槽,1
3047,酒星金槽琵,1
3048,星金槽琵琶,1
3049,金槽琵琶夜,1
3050,槽琵琶夜棖,1
3051,琵琶夜棖棖,1
3052,琶夜棖棖洞,1
3053,夜棖棖洞庭,1
3054,棖棖洞庭雨,1
3055,棖洞庭雨腳,1
3056,洞庭雨腳來,1
3057,庭雨腳來吹,1
3058,雨腳來吹笙,1
3059,腳來吹笙酒,1
3060,來吹笙酒酣,1
3061,吹笙酒酣喝,1
3062,笙酒酣喝月,1
3063,酒酣喝月使,1
3064,酣喝月使倒,1
3065,喝月使倒行,1
3066,月使倒行銀,1
3067,使倒行銀雲,1
3068,倒行銀雲櫛,1
3069,行銀雲櫛櫛,1
3070,銀雲櫛櫛瑤,1
3071,雲櫛櫛瑤殿,1
3072,櫛櫛瑤殿明,1
3073,櫛瑤殿明宮,1
3074,瑤殿明宮門,1
3075,殿明宮門掌,1
3076,明宮門掌事,1
3077,宮門掌事報,1
3078,門掌事報一,1
3079,掌事報一更,1
3080,事報一更花,1
3081,報一更花樓,1
3082,一更花樓玉,1
3083,更花樓玉鳳,1
3084,花樓玉鳳聲,1
3085,樓玉鳳聲嬌,1
3086,玉鳳聲嬌獰,1
3087,鳳聲嬌獰海,1
3088,聲嬌獰海綃,1
3089,嬌獰海綃紅,1
3090,獰海綃紅文,1
3091,海綃紅文香,1
3092,綃紅文香淺,1
3093,紅文香淺清,1
3094,文香淺清黃,1
3095,香淺清黃鵝,1
3096,淺清黃鵝跌,1
3097,清黃鵝跌舞,1
3098,黃鵝跌舞千,1
3099,鵝跌舞千年,1
3100,跌舞千年觥,1
3101,舞千年觥仙,1
3102,千年觥仙人,1
3103,年觥仙人燭,1
3104,觥仙人燭樹,1
3105,仙人燭樹蠟,1
3106,人燭樹蠟煙,1
3107,燭樹蠟煙輕,1
3108,樹蠟煙輕清,1
3109,蠟煙輕清琴,1
3110,煙輕清琴醉,1
3111,輕清琴醉眼,1
3112,清琴醉眼淚,1
3113,琴醉眼淚泓,1
3114,醉眼淚泓泓,1
3115,眼淚泓泓真,1
3116,淚泓泓真珠,1
3117,泓泓真珠小,1
3118,泓真珠小娘,1
3119,真珠小娘下,1
3120,珠小娘下清,1
3121,小娘下清廓,1
3122,娘下清廓洛,1
3123,下清廓洛苑,1
3124,清廓洛苑香,1
3125,廓洛苑香風,1
3126,洛苑香風飛,1
3127,苑香風飛綽,1
3128,香風飛綽綽,1
3129,風飛綽綽寒,1
3130,飛綽綽寒鬢,1
3131,綽綽寒鬢斜,1
3132,綽寒鬢斜釵,1
3133,寒鬢斜釵玉,1
3134,鬢斜釵玉燕,1
3135,斜釵玉燕光,1
3136,釵玉燕光高,1
3137,玉燕光高樓,1
3138,燕光高樓唱,1
3139,光高樓唱月,1
3140,高樓唱月敲,1
3141,樓唱月敲懸,1
3142,唱月敲懸璫,1
3143,月敲懸璫蘭,1
3144,敲懸璫蘭風,1
3145,懸璫蘭風桂,1
3146,璫蘭風桂露,1
3147,蘭風桂露灑,1
3148,風桂露灑幽,1
3149,桂露灑幽翠,1
3150,露灑幽翠紅,1
3151,灑幽翠紅弦,1
3152,幽翠紅弦嫋,1
3153,翠紅弦嫋雲,1
3154,紅弦嫋雲咽,1
3155,弦嫋雲咽深,1
3156,嫋雲咽深思,1
3157,雲咽深思花,1
3158,咽深思花袍,1
3159,深思花袍白,1
3160,思花袍白馬,1
3161,花袍白馬不,1
3162,袍白馬不歸,1
3163,白馬不歸來,1
3164,馬不歸來濃,1
3165,不歸來濃蛾,1
3166,歸來濃蛾疊,1
3167,來濃蛾疊柳,1
3168,濃蛾疊柳香,1
3169,蛾疊柳香唇,1
3170,疊柳香唇醉,1
3171,柳香唇醉金,1
3172,香唇醉金鵝,1
3173,唇醉金鵝屏,1
3174,醉金鵝屏風,1
3175,金鵝屏風蜀,1
3176,鵝屏風蜀山,1
3177,屏風蜀山夢,1
3178,風蜀山夢鸞,1
3179,蜀山夢鸞裾,1
3180,山夢鸞裾鳳,1
3181,夢鸞裾鳳帶,1
3182,鸞裾鳳帶行,1
3183,裾鳳帶行煙,1
3184,鳳帶行煙重,1
3185,帶行煙重八,1
3186,行煙重八驄,1
3187,煙重八驄籠,1
3188,重八驄籠晃,1
3189,八驄籠晃臉,1
3190,驄籠晃臉差,1
3191,籠晃臉差移,1
3192,晃臉差移日,1
3193,臉差移日絲,1
3194,差移日絲繁,1
3195,移日絲繁散,1
3196,日絲繁散曛,1
3197,絲繁散曛羅,1
3198,繁散曛羅洞,1
3199,散曛羅洞市,1
3200,曛羅洞市南,1
3201,羅洞市南曲,1
3202,洞市南曲陌,1
3203,市南曲陌無,1
3204,南曲陌無秋,1
3205,曲陌無秋涼,1
3206,陌無秋涼楚,1
3207,無秋涼楚腰,1
3208,秋涼楚腰衛,1
3209,涼楚腰衛鬢,1
3210,楚腰衛鬢四,1
3211,腰衛鬢四時,1
3212,衛鬢四時芳,1
3213,鬢四時芳玉,1
3214,四時芳玉喉,1
3215,時芳玉喉窱,1
3216,芳玉喉窱窱,1
3217,玉喉窱窱排,1
3218,喉窱窱排空,1
3219,窱窱排空光,1
3220,窱排空光牽,1
3221,排空光牽雲,1
3222,空光牽雲曳,1
3223,光牽雲曳雪,1
3224,牽雲曳雪留,1
3225,雲曳雪留陸,1
3226,曳雪留陸郎,1
3227,雪留陸郎紫,1
3228,留陸郎紫皇,1
3229,陸郎紫皇宮,1
3230,郎紫皇宮殿,1
3231,紫皇宮殿重,1
3232,皇宮殿重重,1
3233,宮殿重重開,1
3234,殿重重開夫,1
3235,重重開夫人,1
3236,重開夫人飛,1
3237,開夫人飛入,1
3238,夫人飛入瓊,1
3239,人飛入瓊瑤,1
3240,飛入瓊瑤台,1
3241,入瓊瑤台綠,1
3242,瓊瑤台綠香,1
3243,瑤台綠香繡,1
3244,台綠香繡帳,1
3245,綠香繡帳何,1
3246,香繡帳何時,1
3247,繡帳何時歇,1
3248,帳何時歇青,1
3249,何時歇青雲,1
3250,時歇青雲無,1
3251,歇青雲無光,1
3252,青雲無光宮,1
3253,雲無光宮水,1
3254,無光宮水咽,1
3255,光宮水咽翩,1
3256,宮水咽翩聯,1
3257,水咽翩聯桂,1
3258,咽翩聯桂花,1
3259,翩聯桂花墜,1
3260,聯桂花墜秋,1
3261,桂花墜秋月,1
3262,花墜秋月孤,1
3263,墜秋月孤鸞,1
3264,秋月孤鸞驚,1
3265,月孤鸞驚啼,1
3266,孤鸞驚啼商,1
3267,鸞驚啼商絲,1
3268,驚啼商絲發,1
3269,啼商絲發紅,1
3270,商絲發紅壁,1
3271,絲發紅壁闌,1
3272,發紅壁闌珊,1
3273,紅壁闌珊懸,1
3274,壁闌珊懸佩,1
3275,闌珊懸佩璫,1
3276,珊懸佩璫歌,1
3277,懸佩璫歌台,1
3278,佩璫歌台小,1
3279,璫歌台小妓,1
3280,歌台小妓遙,1
3281,台小妓遙相,1
3282,小妓遙相望,1
3283,妓遙相望玉,1
3284,遙相望玉蟾,1
3285,相望玉蟾滴,1
3286,望玉蟾滴水,1
3287,玉蟾滴水雞,1
3288,蟾滴水雞人,1
3289,滴水雞人唱,1
3290,水雞人唱露,1
3291,雞人唱露華,1
3292,人唱露華蘭,1
3293,唱露華蘭葉,1
3294,露華蘭葉參,1
3295,華蘭葉參差,1
3296,蘭葉參差光,1
3297,葉參差光我,1
3298,參差光我有,1
3299,差光我有辭,1
3300,光我有辭鄉,1
3301,春朝嫌劍花,1
3302,朝嫌劍花淨,1
3303,嫌劍花淨暮,1
3304,劍花淨暮嫌,1
3305,花淨暮嫌劍,1
3306,淨暮嫌劍光,1
3307,暮嫌劍光冷,1
3308,嫌劍光冷能,1
3309,劍光冷能持,1
3310,光冷能持劍,1
3311,解持照身筠,1
3312,持照身筠竹,1
3313,照身筠竹千,1
3314,身筠竹千年,1
3315,筠竹千年老,1
3316,竹千年老不,1
3317,千年老不死,1
3318,年老不死長,1
3319,老不死長伴,1
3320,不死長伴秦,1
3321,死長伴秦娥,1
3322,長伴秦娥蓋,1
3323,伴秦娥蓋湘,1
3324,秦娥蓋湘水,1
3325,娥蓋湘水蠻,1
3326,蓋湘水蠻娘,1
3327,湘水蠻娘吟,1
3328,水蠻娘吟弄,1
3329,蠻娘吟弄滿,1
3330,娘吟弄滿寒,1
3331,吟弄滿寒空,1
3332,弄滿寒空九,1
3333,滿寒空九山,1
3334,寒空九山靜,1
3335,空九山靜綠,1
3336,九山靜綠淚,1
3337,山靜綠淚花,1
3338,靜綠淚花紅,1
3339,綠淚花紅離,1
3340,淚花紅離鸞,1
3341,花紅離鸞別,1
3342,紅離鸞別鳳,1
3343,離鸞別鳳煙,1
3344,鸞別鳳煙梧,1
3345,別鳳煙梧中,1
3346,鳳煙梧中巫,1
3347,煙梧中巫雲,1
3348,梧中巫雲蜀,1
3349,中巫雲蜀雨,1
3350,巫雲蜀雨遙,1
3351,雲蜀雨遙相,1
3352,蜀雨遙相通,1
3353,雨遙相通幽,1
3354,遙相通幽愁,1
3355,相通幽愁秋,1
3356,通幽愁秋氣,1
3357,間吟古龍花,1
3358,吟古龍花枝,1
3359,古龍花枝草,1
3360,龍花枝草蔓,1
3361,花枝草蔓眼,1
3362,枝草蔓眼中,1
3363,草蔓眼中開,1
3364,蔓眼中開小,1
3365,眼中開小白,1
3366,中開小白長,1
3367,開小白長紅,1
3368,小白長紅越,1
3369,白長紅越女,1
3370,長紅越女腮,1
3371,紅越女腮可,1
3372,越女腮可憐,1
3373,女腮可憐日,1
3374,腮可憐日暮,1
3375,可憐日暮嫣,1
3376,憐日暮嫣香,1
3377,日暮嫣香落,1
3378,暮嫣香落嫁,1
3379,嫣香落嫁與,1
3380,香落嫁與春,1
3381,落嫁與春風,1
3382,嫁與春風不,1
3383,與春風不用,1
3384,春風不用媒,1
3385,風不用媒宮,1
3386,不用媒宮北,1
3387,用媒宮北田,1
3388,媒宮北田塍,1
3389,宮北田塍曉,1
3390,北田塍曉氣,1
3391,田塍曉氣酣,1
3392,塍曉氣酣黃,1
3393,曉氣酣黃桑,1
3394,氣酣黃桑飲,1
3395,酣黃桑飲露,1
3396,黃桑飲露窣,1
3397,桑飲露窣宮,1
3398,飲露窣宮簾,1
3399,露窣宮簾長,1
3400,窣宮簾長腰,1
3401,宮簾長腰健,1
3402,簾長腰健婦,1
3403,長腰健婦偷,1
3404,腰健婦偷攀,1
3405,健婦偷攀折,1
3406,婦偷攀折將,1
3407,偷攀折將喂,1
3408,攀折將喂吳,1
3409,折將喂吳王,1
3410,將喂吳王八,1
3411,喂吳王八繭,1
3412,吳王八繭蠶,1
3413,王八繭蠶竹,1
3414,八繭蠶竹裏,1
3415,繭蠶竹裏繰,1
3416,蠶竹裏繰絲,1
3417,竹裏繰絲挑,1
3418,裏繰絲挑網,1
3419,繰絲挑網車,1
3420,絲挑網車青,1
3421,挑網車青蟬,1
3422,網車青蟬獨,1
3423,車青蟬獨噪,1
3424,青蟬獨噪日,1
3425,蟬獨噪日光,1
3426,獨噪日光斜,1
3427,噪日光斜桃,1
3428,日光斜桃膠,1
3429,光斜桃膠迎,1
3430,斜桃膠迎夏,1
3431,桃膠迎夏香,1
3432,膠迎夏香琥,1
3433,迎夏香琥珀,1
3434,夏香琥珀自,1
3435,香琥珀自課,1
3436,琥珀自課越,1
3437,珀自課越傭,1
3438,自課越傭能,1
3439,課越傭能種,1
3440,越傭能種瓜,1
3441,傭能種瓜三,1
3442,能種瓜三十,1
3443,種瓜三十未,1
3444,瓜三十未有,1
3445,三十未有二,1
3446,十未有二十,1
3447,未有二十餘,1
3448,有二十餘白,1
3449,二十餘白日,1
3450,十餘白日長,1
3451,餘白日長饑,1
3452,白日長饑小,1
3453,日長饑小甲,1
3454,長饑小甲蔬,1
3455,饑小甲蔬橋,1
3456,小甲蔬橋頭,1
3457,甲蔬橋頭長,1
3458,蔬橋頭長老,1
3459,橋頭長老相,1
3460,頭長老相哀,1
3461,長老相哀念,1
3462,老相哀念因,1
3463,相哀念因遺,1
3464,哀念因遺戎,1
3465,念因遺戎韜,1
3466,因遺戎韜一,1
3467,遺戎韜一卷,1
3468,戎韜一卷書,1
3469,韜一卷書男,1
3470,一卷書男兒,1
3471,卷書男兒何,1
3472,書男兒何不,1
3473,男兒何不帶,1
3474,兒何不帶吳,1
3475,何不帶吳鉤,1
3476,不帶吳鉤收,1
3477,帶吳鉤收取,1
3478,吳鉤收取關,1
3479,鉤收取關山,1
3480,收取關山五,1
3481,取關山五十,1
3482,關山五十州,1
3483,山五十州請,1
3484,五十州請君,1
3485,十州請君暫,1
3486,州請君暫上,1
3487,請君暫上淩,1
3488,君暫上淩煙,1
3489,暫上淩煙閣,1
3490,上淩煙閣若,1
3491,淩煙閣若個,1
3492,煙閣若個書,1
3493,閣若個書生,1
3494,若個書生萬,1
3495,個書生萬戶,1
3496,書生萬戶侯,1
3497,生萬戶侯尋,1
3498,萬戶侯尋章,1
3499,戶侯尋章摘,1
3500,侯尋章摘句,1
3501,尋章摘句老,1
3502,章摘句老雕,1
3503,摘句老雕蟲,1
3504,句老雕蟲曉,1
3505,老雕蟲曉月,1
3506,雕蟲曉月當,1
3507,蟲曉月當簾,1
3508,曉月當簾掛,1
3509,月當簾掛玉,1
3510,當簾掛玉弓,1
3511,簾掛玉弓不,1
3512,掛玉弓不見,1
3513,玉弓不見年,1
3514,弓不見年年,1
3515,不見年年遼,1
3516,見年年遼海,1
3517,年年遼海上,1
3518,年遼海上文,1
3519,遼海上文章,1
3520,海上文章何,1
3521,上文章何處,1
3522,文章何處哭,1
3523,章何處哭秋,1
3524,何處哭秋風,1
3525,處哭秋風長,1
3526,哭秋風長卿,1
3527,秋風長卿牢,1
3528,風長卿牢落,1
3529,長卿牢落悲,1
3530,卿牢落悲空,1
3531,牢落悲空舍,1
3532,落悲空舍曼,1
3533,悲空舍曼倩,1
3534,空舍曼倩詼,1
3535,舍曼倩詼諧,1
3536,曼倩詼諧取,1
3537,倩詼諧取自,1
3538,詼諧取自容,1
3539,諧取自容見,1
3540,取自容見買,1
3541,自容見買若,1
3542,容見買若耶,1
3543,見買若耶溪,1
3544,買若耶溪水,1
3545,若耶溪水劍,1
3546,耶溪水劍明,1
3547,溪水劍明朝,1
3548,水劍明朝歸,1
3549,劍明朝歸去,1
3550,明朝歸去事,1
3551,朝歸去事猿,1
3552,歸去事猿公,1
3553,去事猿公春,1
3554,事猿公春水,1
3555,猿公春水初,1
3556,公春水初生,1
3557,春水初生乳,1
3558,水初生乳燕,1
3559,初生乳燕飛,1
3560,生乳燕飛黃,1
3561,乳燕飛黃蜂,1
3562,燕飛黃蜂小,1
3563,飛黃蜂小尾,1
3564,黃蜂小尾撲,1
3565,蜂小尾撲花,1
3566,小尾撲花歸,1
3567,尾撲花歸窗,1
3568,撲花歸窗含,1
3569,花歸窗含遠,1
3570,歸窗含遠色,1
3571,窗含遠色通,1
3572,含遠色通書,1
3573,遠色通書幌,1
3574,色通書幌魚,1
3575,通書幌魚擁,1
3576,書幌魚擁香,1
3577,幌魚擁香鉤,1
3578,魚擁香鉤近,1
3579,擁香鉤近石,1
3580,香鉤近石磯,1
3581,鉤近石磯泉,1
3582,近石磯泉沙,1
3583,石磯泉沙軟,1
3584,磯泉沙軟臥,1
3585,泉沙軟臥鴛,1
3586,沙軟臥鴛鴦,1
3587,軟臥鴛鴦暖,1
3588,臥鴛鴦暖曲,1
3589,鴛鴦暖曲岸,1
3590,鴦暖曲岸回,1
3591,暖曲岸回篙,1
3592,曲岸回篙舴,1
3593,岸回篙舴艋,1
3594,回篙舴艋遲,1
3595,篙舴艋遲瀉,1
3596,舴艋遲瀉酒,1
3597,艋遲瀉酒木,1
3598,遲瀉酒木欄,1
3599,瀉酒木欄椒,1
3600,酒木欄椒葉,1
3601,木欄椒葉蓋,1
3602,欄椒葉蓋病,1
3603,椒葉蓋病容,1
3604,葉蓋病容扶,1
3605,蓋病容扶起,1
3606,病容扶起種,1
3607,容扶起種菱,1
3608,扶起種菱絲,1
3609,起種菱絲邊,1
3610,種菱絲邊讓,1
3611,菱絲邊讓今,1
3612,絲邊讓今朝,1
3613,邊讓今朝憶,1
3614,讓今朝憶蔡,1
3615,今朝憶蔡邕,1
3616,朝憶蔡邕無,1
3617,憶蔡邕無心,1
3618,蔡邕無心裁,1
3619,邕無心裁曲,1
3620,無心裁曲臥,1
3621,心裁曲臥春,1
3622,裁曲臥春風,1
3623,曲臥春風舍,1
3624,臥春風舍南,1
3625,春風舍南有,1
3626,風舍南有竹,1
3627,舍南有竹堪,1
3628,南有竹堪書,1
3629,有竹堪書字,1
3630,竹堪書字老,1
3631,堪書字老去,1
3632,書字老去溪,1
3633,字老去溪頭,1
3634,老去溪頭作,1
3635,去溪頭作釣,1
3636,溪頭作釣翁,1
3637,頭作釣翁長,1
3638,作釣翁長巒,1
3639,釣翁長巒穀,1
3640,翁長巒穀口,1
3641,長巒穀口倚,1
3642,巒穀口倚嵇,1
3643,穀口倚嵇家,1
3644,口倚嵇家白,1
3645,倚嵇家白晝,1
3646,嵇家白晝千,1
3647,家白晝千峰,1
3648,白晝千峰老,1
3649,晝千峰老翠,1
3650,千峰老翠華,1
3651,峰老翠華自,1
3652,老翠華自履,1
3653,翠華自履藤,1
3654,華自履藤鞋,1
3655,自履藤鞋收,1
3656,履藤鞋收石,1
3657,藤鞋收石蜜,1
3658,鞋收石蜜手,1
3659,收石蜜手牽,1
3660,石蜜手牽苔,1
3661,蜜手牽苔絮,1
3662,手牽苔絮長,1
3663,牽苔絮長蓴,1
3664,苔絮長蓴花,1
3665,絮長蓴花松,1
3666,長蓴花松溪,1
3667,蓴花松溪黑,1
3668,花松溪黑水,1
3669,松溪黑水新,1
3670,溪黑水新龍,1
3671,黑水新龍卵,1
3672,水新龍卵桂,1
3673,新龍卵桂洞,1
3674,龍卵桂洞生,1
3675,卵桂洞生硝,1
3676,桂洞生硝舊,1
3677,洞生硝舊馬,1
3678,生硝舊馬牙,1
3679,硝舊馬牙誰,1
3680,舊馬牙誰遣,1
3681,馬牙誰遣虞,1
3682,牙誰遣虞卿,1
3683,誰遣虞卿裁,1
3684,遣虞卿裁道,1
3685,虞卿裁道帔,1
3686,卿裁道帔輕,1
3687,裁道帔輕綃,1
3688,道帔輕綃一,1
3689,帔輕綃一匹,1
3690,輕綃一匹染,1
3691,綃一匹染朝,1
3692,一匹染朝霞,1
3693,匹染朝霞小,1
3694,染朝霞小樹,1
3695,朝霞小樹開,1
3696,霞小樹開朝,1
3697,小樹開朝徑,1
3698,樹開朝徑長,1
3699,開朝徑長茸,1
3700,朝徑長茸濕,1
3701,徑長茸濕夜,1
3702,長茸濕夜煙,1
3703,茸濕夜煙柳,1
3704,濕夜煙柳花,1
3705,夜煙柳花驚,1
3706,煙柳花驚雪,1
3707,柳花驚雪浦,1
3708,花驚雪浦麥,1
3709,驚雪浦麥雨,1
3710,雪浦麥雨漲,1
3711,浦麥雨漲溪,1
3712,麥雨漲溪田,1
3713,雨漲溪田古,1
3714,漲溪田古刹,1
3715,溪田古刹疏,1
3716,田古刹疏鐘,1
3717,古刹疏鐘度,1
3718,刹疏鐘度遙,1
3719,疏鐘度遙嵐,1
3720,鐘度遙嵐破,1
3721,度遙嵐破月,1
3722,遙嵐破月懸,1
3723,嵐破月懸沙,1
3724,破月懸沙頭,1
3725,月懸沙頭敲,1
3726,懸沙頭敲石,1
3727,沙頭敲石火,1
3728,頭敲石火燒,1
3729,敲石火燒竹,1
3730,石火燒竹照,1
3731,火燒竹照漁,1
3732,燒竹照漁船,1
3733,竹照漁船白,1
3734,照漁船白景,1
3735,漁船白景歸,1
3736,船白景歸西,1
3737,白景歸西山,1
3738,景歸西山碧,1
3739,歸西山碧華,1
3740,西山碧華上,1
3741,山碧華上迢,1
3742,碧華上迢迢,1
3743,華上迢迢今,1
3744,上迢迢今古,1
3745,迢迢今古何,1
3746,迢今古何處,1
3747,今古何處盡,1
3748,古何處盡千,1
3749,何處盡千歲,1
3750,處盡千歲隨,1
3751,盡千歲隨風,1
3752,千歲隨風飄,1
3753,歲隨風飄海,1
3754,隨風飄海沙,1
3755,風飄海沙變,1
3756,飄海沙變成,1
3757,海沙變成石,1
3758,沙變成石魚,1
3759,變成石魚沫,1
3760,成石魚沫吹,1
3761,石魚沫吹秦,1
3762,魚沫吹秦橋,1
3763,沫吹秦橋空,1
3764,吹秦橋空光,1
3765,秦橋空光遠,1
3766,橋空光遠流,1
3767,空光遠流浪,1
3768,光遠流浪銅,1
3769,遠流浪銅柱,1
3770,流浪銅柱從,1
3771,浪銅柱從年,1
3772,銅柱從年消,1
3773,柱從年消水,1
3774,從年消水弄,1
3775,年消水弄湘,1
3776,消水弄湘娥,1
3777,水弄湘娥佩,1
3778,弄湘娥佩竹,1
3779,湘娥佩竹啼,1
3780,娥佩竹啼山,1
3781,佩竹啼山露,1
3782,竹啼山露月,1
3783,啼山露月玉,1
3784,山露月玉瑟,1
3785,露月玉瑟調,1
3786,月玉瑟調青,1
3787,玉瑟調青門,1
3788,瑟調青門石,1
3789,調青門石雲,1
3790,青門石雲濕,1
3791,門石雲濕黃,1
3792,石雲濕黃葛,1
3793,雲濕黃葛沙,1
3794,濕黃葛沙上,1
3795,黃葛沙上蘼,1
3796,葛沙上蘼蕪,1
3797,沙上蘼蕪花,1
3798,上蘼蕪花秋,1
3799,蘼蕪花秋風,1
3800,蕪花秋風已,1
3801,花秋風已先,1
3802,秋風已先發,1
3803,風已先發好,1
3804,已先發好持,1
3805,先發好持掃,1
3806,發好持掃羅,1
3807,好持掃羅薦,1
3808,持掃羅薦香,1
3809,掃羅薦香出,1
3810,羅薦香出鴛,1
3811,薦香出鴛鴦,1
3812,香出鴛鴦熱,1
3813,出鴛鴦熱龍,1
3814,鴛鴦熱龍脊,1
3815,鴦熱龍脊貼,1
3816,熱龍脊貼連,1
3817,龍脊貼連錢,1
3818,脊貼連錢銀,1
3819,貼連錢銀蹄,1
3820,連錢銀蹄白,1
3821,錢銀蹄白踏,1
3822,銀蹄白踏煙,1
3823,蹄白踏煙無,1
3824,白踏煙無人,1
3825,踏煙無人織,1
3826,煙無人織錦,1
3827,無人織錦韂,1
3828,人織錦韂誰,1
3829,織錦韂誰為,1
3830,錦韂誰為鑄,1
3831,韂誰為鑄金,1
3832,誰為鑄金鞭,1
3833,為鑄金鞭臘,1
3834,鑄金鞭臘月,1
3835,金鞭臘月草,1
3836,鞭臘月草根,1
3837,臘月草根甜,1
3838,月草根甜天,1
3839,草根甜天街,1
3840,根甜天街雪,1
3841,甜天街雪似,1
3842,天街雪似鹽,1
3843,街雪似鹽未,1
3844,雪似鹽未知,1
3845,似鹽未知口,1
3846,鹽未知口硬,1
3847,未知口硬軟,1
3848,知口硬軟先,1
3849,口硬軟先擬,1
3850,硬軟先擬蒺,1
3851,軟先擬蒺藜,1
3852,先擬蒺藜銜,1
3853,擬蒺藜銜忽,1
3854,蒺藜銜忽憶,1
3855,藜銜忽憶周,1
3856,銜忽憶周天,1
3857,忽憶周天子,1
3858,憶周天子驅,1
3859,周天子驅車,1
3860,天子驅車上,1
3861,子驅車上玉,1
3862,驅車上玉山,1
3863,車上玉山鳴,1
3864,上玉山鳴騶,1
3865,玉山鳴騶辭,1
3866,山鳴騶辭鳳,1
3867,鳴騶辭鳳苑,1
3868,騶辭鳳苑赤,1
3869,辭鳳苑赤驥,1
3870,鳳苑赤驥最,1
3871,苑赤驥最承,1
3872,赤驥最承恩,1
3873,驥最承恩此,1
3874,最承恩此馬,1
3875,承恩此馬非,1
3876,恩此馬非凡,1
3877,此馬非凡馬,1
3878,馬非凡馬房,1
3879,非凡馬房星,1
3880,凡馬房星本,1
3881,馬房星本是,1
3882,房星本是星,1
3883,星本是星向,1
3884,本是星向前,1
3885,是星向前敲,1
3886,星向前敲瘦,1
3887,向前敲瘦骨,1
3888,前敲瘦骨猶,1
3889,敲瘦骨猶自,1
3890,瘦骨猶自帶,1
3891,骨猶自帶銅,1
3892,猶自帶銅聲,1
3893,自帶銅聲大,1
3894,帶銅聲大漠,1
3895,銅聲大漠山,1
3896,聲大漠山如,1
3897,大漠山如雪,1
3898,漠山如雪燕,1
3899,山如雪燕山,1
3900,如雪燕山月,1
3901,雪燕山月似,1
3902,燕山月似鉤,1
3903,山月似鉤何,1
3904,月似鉤何當,1
3905,似鉤何當金,1
3906,鉤何當金絡,1
3907,何當金絡腦,1
3908,當金絡腦快,1
3909,金絡腦快走,1
3910,絡腦快走踏,1
3911,腦快走踏清,1
3912,快走踏清秋,1
3913,走踏清秋饑,1
3914,踏清秋饑臥,1
3915,清秋饑臥骨,1
3916,秋饑臥骨查,1
3917,饑臥骨查牙,1
3918,臥骨查牙粗,1
3919,骨查牙粗毛,1
3920,查牙粗毛刺,1
3921,牙粗毛刺破,1
3922,粗毛刺破花,1
3923,毛刺破花鬣,1
3924,刺破花鬣焦,1
3925,破花鬣焦朱,1
3926,花鬣焦朱色,1
3927,鬣焦朱色落,1
3928,焦朱色落發,1
3929,朱色落發斷,1
3930,色落發斷鋸,1
3931,落發斷鋸長,1
3932,發斷鋸長麻,1
3933,斷鋸長麻西,1
3934,鋸長麻西母,1
3935,長麻西母酒,1
3936,麻西母酒將,1
3937,西母酒將闌,1
3938,母酒將闌東,1
3939,酒將闌東王,1
3940,將闌東王飯,1
3941,闌東王飯已,1
3942,東王飯已幹,1
3943,王飯已幹君,1
3944,飯已幹君王,1
3945,已幹君王若,1
3946,幹君王若燕,1
3947,君王若燕去,1
3948,王若燕去誰,1
3949,若燕去誰為,1
3950,燕去誰為拽,1
3951,去誰為拽車,1
3952,誰為拽車轅,1
3953,為拽車轅赤,1
3954,拽車轅赤兔,1
3955,車轅赤兔無,1
3956,轅赤兔無人,1
3957,赤兔無人用,1
3958,兔無人用當,1
3959,無人用當須,1
3960,人用當須呂,1
3961,用當須呂布,1
3962,當須呂布騎,1
3963,須呂布騎吾,1
3964,呂布騎吾聞,1
3965,布騎吾聞果,1
3966,騎吾聞果下,1
3967,吾聞果下馬,1
3968,聞果下馬羈,1
3969,果下馬羈策,1
3970,下馬羈策任,1
3971,馬羈策任蠻,1
3972,羈策任蠻兒,1
3973,策任蠻兒飂,1
3974,任蠻兒飂叔,1
3975,蠻兒飂叔去,1
3976,兒飂叔去匆,1
3977,飂叔去匆匆,1
3978,叔去匆匆如,1
3979,去匆匆如今,1
3980,匆匆如今不,1
3981,匆如今不豢,1
3982,如今不豢龍,1
3983,今不豢龍夜,1
3984,不豢龍夜來,1
3985,豢龍夜來霜,1
3986,龍夜來霜壓,1
3987,夜來霜壓棧,1
3988,來霜壓棧駿,1
3989,霜壓棧駿骨,1
3990,壓棧駿骨折,1
3991,棧駿骨折西,1
3992,駿骨折西風,1
3993,骨折西風催,1
3994,折西風催榜,1
3995,西風催榜渡,1
3996,風催榜渡烏,1
3997,催榜渡烏江,1
3998,榜渡烏江神,1
3999,渡烏江神騅,1
4000,烏江神騅泣,1
4001,江神騅泣向,1
4002,神騅泣向風,1
4003,騅泣向風君,1
4004,泣向風君王,1
4005,向風君王今,1
4006,風君王今解,1
4007,君王今解劍,1
4008,王今解劍何,1
4009,今解劍何處,1
4010,解劍何處逐,1
4011,劍何處逐英,1
4012,何處逐英雄,1
4013,處逐英雄內,1
4014,逐英雄內馬,1
4015,英雄內馬賜,1
4016,雄內馬賜宮,1
4017,內馬賜宮人,1
4018,馬賜宮人銀,1
4019,賜宮人銀韉,1
4020,宮人銀韉刺,1
4021,人銀韉刺騏,1
4022,銀韉刺騏驎,1
4023,韉刺騏驎午,1
4024,刺騏驎午時,1
4025,騏驎午時鹽,1
4026,驎午時鹽阪,1
4027,午時鹽阪上,1
4028,時鹽阪上蹭,1
4029,鹽阪上蹭蹬,1
4030,阪上蹭蹬溘,1
4031,上蹭蹬溘風,1
4032,蹭蹬溘風塵,1
4033,蹬溘風塵批,1
4034,溘風塵批竹,1
4035,風塵批竹初,1
4036,塵批竹初攢,1
4037,批竹初攢耳,1
4038,竹初攢耳桃,1
4039,初攢耳桃花,1
4040,攢耳桃花未,1
4041,耳桃花未上,1
4042,桃花未上身,1
4043,花未上身他,1
4044,未上身他時,1
4045,上身他時須,1
4046,身他時須攪,1
4047,他時須攪陣,1
4048,時須攪陣牽,1
4049,須攪陣牽去,1
4050,攪陣牽去借,1
4051,陣牽去借將,1
4052,牽去借將軍,1
4053,去借將軍寶,1
4054,借將軍寶玦,1
4055,將軍寶玦誰,1
4056,軍寶玦誰家,1
4057,寶玦誰家子,1
4058,玦誰家子長,1
4059,誰家子長聞,1
4060,家子長聞俠,1
4061,子長聞俠骨,1
4062,長聞俠骨香,1
4063,聞俠骨香堆,1
4064,俠骨香堆金,1
4065,骨香堆金買,1
4066,香堆金買駿,1
4067,堆金買駿骨,1
4068,金買駿骨將,1
4069,買駿骨將送,1
4070,駿骨將送楚,1
4071,骨將送楚襄,1
4072,將送楚襄王,1
4073,送楚襄王香,1
4074,楚襄王香襆,1
4075,襄王香襆赭,1
4076,王香襆赭羅,1
4077,香襆赭羅新,1
4078,襆赭羅新盤,1
4079,赭羅新盤龍,1
4080,羅新盤龍蹙,1
4081,新盤龍蹙鐙,1
4082,盤龍蹙鐙鱗,1
4083,龍蹙鐙鱗回,1
4084,蹙鐙鱗回看,1
4085,鐙鱗回看南,1
4086,鱗回看南陌,1
4087,回看南陌上,1
4088,看南陌上誰,1
4089,南陌上誰道,1
4090,陌上誰道不,1
4091,上誰道不逢,1
4092,誰道不逢春,1
4093,道不逢春不,1
4094,不逢春不從,1
4095,逢春不從桓,1
4096,春不從桓公,1
4097,不從桓公獵,1
4098,從桓公獵何,1
4099,桓公獵何能,1
4100,公獵何能伏,1
4101,獵何能伏虎,1
4102,何能伏虎威,1
4103,能伏虎威一,1
4104,伏虎威一朝,1
4105,虎威一朝溝,1
4106,威一朝溝隴,1
4107,一朝溝隴出,1
4108,朝溝隴出看,1
4109,溝隴出看取,1
4110,隴出看取拂,1
4111,出看取拂雲,1
4112,看取拂雲飛,1
4113,取拂雲飛唐,1
4114,拂雲飛唐劍,1
4115,雲飛唐劍斬,1
4116,飛唐劍斬隋,1
4117,唐劍斬隋公,1
4118,劍斬隋公拳,1
4119,斬隋公拳毛,1
4120,隋公拳毛屬,1
4121,公拳毛屬太,1
4122,拳毛屬太宗,1
4123,毛屬太宗莫,1
4124,屬太宗莫嫌,1
4125,太宗莫嫌金,1
4126,宗莫嫌金甲,1
4127,莫嫌金甲重,1
4128,嫌金甲重且,1
4129,金甲重且去,1
4130,甲重且去捉,1
4131,重且去捉旋,1
4132,且去捉旋風,1
4133,去捉旋風白,1
4134,捉旋風白鐵,1
4135,旋風白鐵剉,1
4136,風白鐵剉青,1
4137,白鐵剉青禾,1
4138,鐵剉青禾砧,1
4139,剉青禾砧間,1
4140,青禾砧間落,1
4141,禾砧間落細,1
4142,砧間落細莎,1
4143,間落細莎世,1
4144,落細莎世人,1
4145,細莎世人憐,1
4146,莎世人憐小,1
4147,世人憐小頸,1
4148,人憐小頸金,1
4149,憐小頸金埒,1
4150,小頸金埒畏,1
4151,頸金埒畏長,1
4152,金埒畏長牙,1
4153,埒畏長牙伯,1
4154,畏長牙伯樂,1
4155,長牙伯樂向,1
4156,牙伯樂向前,1
4157,伯樂向前看,1
4158,樂向前看旋,1
4159,向前看旋毛,1
4160,前看旋毛在,1
4161,看旋毛在腹,1
4162,旋毛在腹間,1
4163,毛在腹間只,1
4164,在腹間只今,1
4165,腹間只今掊,1
4166,間只今掊白,1
4167,只今掊白草,1
4168,今掊白草何,1
4169,掊白草何日,1
4170,白草何日驀,1
4171,草何日驀青,1
4172,何日驀青山,1
4173,日驀青山蕭,1
4174,驀青山蕭寺,1
4175,青山蕭寺馱,1
4176,山蕭寺馱經,1
4177,蕭寺馱經馬,1
4178,寺馱經馬元,1
4179,馱經馬元從,1
4180,經馬元從竺,1
4181,馬元從竺國,1
4182,元從竺國來,1
4183,從竺國來空,1
4184,竺國來空知,1
4185,國來空知有,1
4186,來空知有善,1
4187,空知有善相,1
4188,知有善相不,1
4189,有善相不解,1
4190,善相不解走,1
4191,相不解走章,1
4192,不解走章台,1
4193,解走章台重,1
4194,走章台重圍,1
4195,章台重圍如,1
4196,台重圍如燕,1
4197,重圍如燕尾,1
4198,圍如燕尾寶,1
4199,如燕尾寶劍,1
4200,燕尾寶劍似,1
4201,尾寶劍似魚,1
4202,寶劍似魚腸,1
4203,劍似魚腸欲,1
4204,似魚腸欲求,1
4205,魚腸欲求千,1
4206,腸欲求千里,1
4207,欲求千里腳,1
4208,求千里腳先,1
4209,千里腳先采,1
4210,里腳先采眼,1
4211,腳先采眼中,1
4212,先采眼中光,1
4213,采眼中光暫,1
4214,眼中光暫系,1
4215,中光暫系騰,1
4216,光暫系騰黃,1
4217,暫系騰黃馬,1
4218,系騰黃馬仙,1
4219,騰黃馬仙人,1
4220,黃馬仙人上,1
4221,馬仙人上彩,1
4222,仙人上彩樓,1
4223,人上彩樓須,1
4224,上彩樓須鞭,1
4225,彩樓須鞭玉,1
4226,樓須鞭玉勒,1
4227,須鞭玉勒吏,1
4228,鞭玉勒吏何,1
4229,玉勒吏何事,1
4230,勒吏何事謫,1
4231,吏何事謫高,1
4232,何事謫高州,1
4233,事謫高州汗,1
4234,謫高州汗血,1
4235,高州汗血到,1
4236,州汗血到王,1
4237,汗血到王家,1
4238,血到王家隨,1
4239,到王家隨鸞,1
4240,王家隨鸞撼,1
4241,家隨鸞撼玉,1
4242,隨鸞撼玉珂,1
4243,鸞撼玉珂少,1
4244,撼玉珂少君,1
4245,玉珂少君騎,1
4246,珂少君騎海,1
4247,少君騎海上,1
4248,君騎海上人,1
4249,騎海上人見,1
4250,海上人見是,1
4251,上人見是青,1
4252,人見是青騾,1
4253,見是青騾武,1
4254,是青騾武帝,1
4255,青騾武帝愛,1
4256,騾武帝愛神,1
4257,武帝愛神仙,1
4258,帝愛神仙燒,1
4259,愛神仙燒金,1
4260,神仙燒金得,1
4261,仙燒金得紫,1
4262,燒金得紫煙,1
4263,金得紫煙廄,1
4264,得紫煙廄中,1
4265,紫煙廄中皆,1
4266,煙廄中皆肉,1
4267,廄中皆肉馬,1
4268,中皆肉馬不,1
4269,皆肉馬不解,1
4270,肉馬不解上,1
4271,馬不解上青,1
4272,不解上青天,1
4273,解上青天顏,1
4274,上青天顏熱,1
4275,青天顏熱感,1
4276,天顏熱感君,1
4277,顏熱感君酒,1
4278,熱感君酒含,1
4279,感君酒含嚼,1
4280,君酒含嚼蘆,1
4281,酒含嚼蘆中,1
4282,含嚼蘆中聲,1
4283,嚼蘆中聲花,1
4284,蘆中聲花娘,1
4285,中聲花娘篸,1
4286,聲花娘篸綏,1
4287,花娘篸綏妥,1
4288,娘篸綏妥休,1
4289,篸綏妥休睡,1
4290,綏妥休睡芙,1
4291,妥休睡芙蓉,1
4292,休睡芙蓉屏,1
4293,睡芙蓉屏誰,1
4294,芙蓉屏誰截,1
4295,蓉屏誰截太,1
4296,屏誰截太平,1
4297,誰截太平管,1
4298,截太平管列,1
4299,太平管列點,1
4300,平管列點排,1
4301,管列點排空,1
4302,列點排空星,1
4303,點排空星直,1
4304,排空星直貫,1
4305,空星直貫開,1
4306,星直貫開花,1
4307,直貫開花風,1
4308,貫開花風天,1
4309,開花風天上,1
4310,花風天上驅,1
4311,風天上驅雲,1
4312,天上驅雲行,1
4313,上驅雲行今,1
4314,驅雲行今夕,1
4315,雲行今夕歲,1
4316,行今夕歲華,1
4317,今夕歲華落,1
4318,夕歲華落令,1
4319,歲華落令人,1
4320,華落令人惜,1
4321,落令人惜平,1
4322,令人惜平生,1
4323,人惜平生心,1
4324,惜平生心事,1
4325,平生心事如,1
4326,生心事如波,1
4327,心事如波濤,1
4328,事如波濤中,1
4329,如波濤中坐,1
4330,波濤中坐時,1
4331,濤中坐時時,1
4332,中坐時時驚,1
4333,坐時時驚朔,1
4334,時時驚朔客,1
4335,時驚朔客騎,1
4336,驚朔客騎白,1
4337,朔客騎白馬,1
4338,客騎白馬劍,1
4339,騎白馬劍弝,1
4340,白馬劍弝懸,1
4341,馬劍弝懸蘭,1
4342,劍弝懸蘭纓,1
4343,弝懸蘭纓俊,1
4344,懸蘭纓俊健,1
4345,蘭纓俊健如,1
4346,纓俊健如生,1
4347,俊健如生猱,1
4348,健如生猱肯,1
4349,如生猱肯拾,1
4350,生猱肯拾蓬,1
4351,猱肯拾蓬中,1
4352,肯拾蓬中螢,1
4353,拾蓬中螢采,1
4354,蓬中螢采玉,1
4355,中螢采玉采,1
4356,螢采玉采玉,1
4357,采玉采玉須,1
4358,玉采玉須水,1
4359,采玉須水碧,1
4360,玉須水碧琢,1
4361,須水碧琢作,1
4362,水碧琢作步,1
4363,碧琢作步搖,1
4364,琢作步搖徒,1
4365,作步搖徒好,1
4366,步搖徒好色,1
4367,搖徒好色老,1
4368,徒好色老夫,1
4369,好色老夫饑,1
4370,色老夫饑寒,1
4371,老夫饑寒龍,1
4372,夫饑寒龍為,1
4373,饑寒龍為愁,1
4374,寒龍為愁藍,1
4375,龍為愁藍溪,1
4376,為愁藍溪水,1
4377,愁藍溪水氣,1
4378,藍溪水氣無,1
4379,溪水氣無清,1
4380,水氣無清白,1
4381,氣無清白夜,1
4382,無清白夜雨,1
4383,清白夜雨岡,1
4384,白夜雨岡頭,1
4385,夜雨岡頭食,1
4386,雨岡頭食蓁,1
4387,岡頭食蓁子,1
4388,頭食蓁子杜,1
4389,食蓁子杜鵑,1
4390,蓁子杜鵑口,1
4391,子杜鵑口血,1
4392,杜鵑口血老,1
4393,鵑口血老夫,1
4394,口血老夫淚,1
4395,血老夫淚藍,1
4396,老夫淚藍溪,1
4397,夫淚藍溪之,1
4398,淚藍溪之水,1
4399,藍溪之水厭,1
4400,溪之水厭生,1
4401,之水厭生人,1
4402,水厭生人身,1
4403,厭生人身死,1
4404,生人身死千,1
4405,人身死千年,1
4406,身死千年恨,1
4407,死千年恨溪,1
4408,千年恨溪水,1
4409,年恨溪水斜,1
4410,恨溪水斜山,1
4411,溪水斜山柏,1
4412,水斜山柏風,1
4413,斜山柏風雨,1
4414,山柏風雨如,1
4415,柏風雨如嘯,1
4416,風雨如嘯泉,1
4417,雨如嘯泉腳,1
4418,如嘯泉腳掛,1
4419,嘯泉腳掛繩,1
4420,泉腳掛繩青,1
4421,腳掛繩青嫋,1
4422,掛繩青嫋嫋,1
4423,繩青嫋嫋村,1
4424,青嫋嫋村寒,1
4425,嫋嫋村寒白,1
4426,嫋村寒白屋,1
4427,村寒白屋念,1
4428,寒白屋念嬌,1
4429,白屋念嬌嬰,1
4430,屋念嬌嬰古,1
4431,念嬌嬰古台,1
4432,嬌嬰古台石,1
4433,嬰古台石磴,1
4434,古台石磴懸,1
4435,台石磴懸腸,1
4436,石磴懸腸草,1
4437,磴懸腸草咽,1
4438,懸腸草咽咽,1
4439,腸草咽咽學,1
4440,草咽咽學楚,1
4441,咽咽學楚吟,1
4442,咽學楚吟病,1
4443,學楚吟病骨,1
4444,楚吟病骨傷,1
4445,吟病骨傷幽,1
4446,病骨傷幽素,1
4447,骨傷幽素秋,1
4448,傷幽素秋姿,1
4449,幽素秋姿白,1
4450,素秋姿白髮,1
4451,秋姿白髮生,1
4452,姿白髮生木,1
4453,白髮生木葉,1
4454,髮生木葉啼,1
4455,生木葉啼風,1
4456,木葉啼風雨,1
4457,葉啼風雨燈,1
4458,啼風雨燈青,1
4459,風雨燈青蘭,1
4460,雨燈青蘭膏,1
4461,燈青蘭膏歇,1
4462,青蘭膏歇落,1
4463,蘭膏歇落照,1
4464,膏歇落照飛,1
4465,歇落照飛蛾,1
4466,落照飛蛾舞,1
4467,照飛蛾舞古,1
4468,飛蛾舞古壁,1
4469,蛾舞古壁生,1
4470,舞古壁生凝,1
4471,古壁生凝塵,1
4472,壁生凝塵羈,1
4473,生凝塵羈魂,1
4474,凝塵羈魂夢,1
4475,塵羈魂夢中,1
4476,羈魂夢中語,1
4477,魂夢中語長,1
4478,夢中語長眉,1
4479,中語長眉越,1
4480,語長眉越沙,1
4481,長眉越沙采,1
4482,眉越沙采蘭,1
4483,越沙采蘭若,1
4484,沙采蘭若桂,1
4485,采蘭若桂葉,1
4486,蘭若桂葉水,1
4487,若桂葉水葓,1
4488,桂葉水葓春,1
4489,葉水葓春漠,1
4490,水葓春漠漠,1
4491,葓春漠漠橫,1
4492,春漠漠橫船,1
4493,漠漠橫船醉,1
4494,漠橫船醉眠,1
4495,橫船醉眠白,1
4496,船醉眠白晝,1
4497,醉眠白晝閑,1
4498,眠白晝閑渡,1
4499,白晝閑渡口,1
4500,晝閑渡口梅,1
4501,閑渡口梅風,1
4502,渡口梅風歌,1
4503,口梅風歌扇,1
4504,梅風歌扇薄,1
4505,風歌扇薄燕,1
4506,歌扇薄燕釵,1
4507,扇薄燕釵玉,1
4508,薄燕釵玉股,1
4509,燕釵玉股照,1
4510,釵玉股照青,1
4511,玉股照青渠,1
4512,股照青渠越,1
4513,照青渠越王,1
4514,青渠越王嬌,1
4515,渠越王嬌郎,1
4516,越王嬌郎小,1
4517,王嬌郎小字,1
4518,嬌郎小字書,1
4519,郎小字書蜀,1
4520,小字書蜀紙,1
4521,字書蜀紙封,1
4522,書蜀紙封巾,1
4523,蜀紙封巾報,1
4524,紙封巾報雲,1
4525,封巾報雲鬢,1
4526,巾報雲鬢晚,1
4527,報雲鬢晚漏,1
4528,雲鬢晚漏壺,1
4529,鬢晚漏壺中,1
4530,晚漏壺中水,1
4531,漏壺中水淋,1
4532,壺中水淋盡,1
4533,中水淋盡雀,1
4534,水淋盡雀步,1
4535,淋盡雀步蹙,1
4536,盡雀步蹙沙,1
4537,雀步蹙沙聲,1
4538,步蹙沙聲促,1
4539,蹙沙聲促促,1
4540,沙聲促促四,1
4541,聲促促四尺,1
4542,促促四尺角,1
4543,促四尺角弓,1
4544,四尺角弓青,1
4545,尺角弓青石,1
4546,角弓青石鏃,1
4547,弓青石鏃黑,1
4548,青石鏃黑幡,1
4549,石鏃黑幡三,1
4550,鏃黑幡三點,1
4551,黑幡三點銅,1
4552,幡三點銅鼓,1
4553,三點銅鼓鳴,1
4554,點銅鼓鳴高,1
4555,銅鼓鳴高作,1
4556,鼓鳴高作猿,1
4557,鳴高作猿啼,1
4558,高作猿啼搖,1
4559,作猿啼搖箭,1
4560,猿啼搖箭箙,1
4561,啼搖箭箙彩,1
4562,搖箭箙彩巾,1
4563,箭箙彩巾纏,1
4564,箙彩巾纏踍,1
4565,彩巾纏踍幅,1
4566,巾纏踍幅半,1
4567,纏踍幅半斜,1
4568,踍幅半斜溪,1
4569,幅半斜溪頭,1
4570,半斜溪頭簇,1
4571,斜溪頭簇隊,1
4572,溪頭簇隊映,1
4573,頭簇隊映葛,1
4574,簇隊映葛花,1
4575,隊映葛花山,1
4576,映葛花山潭,1
4577,葛花山潭晚,1
4578,花山潭晚霧,1
4579,山潭晚霧吟,1
4580,潭晚霧吟白,1
4581,晚霧吟白鼉,1
4582,霧吟白鼉竹,1
4583,吟白鼉竹蛇,1
4584,白鼉竹蛇飛,1
4585,鼉竹蛇飛蠹,1
4586,竹蛇飛蠹射,1
4587,蛇飛蠹射金,1
4588,飛蠹射金沙,1
4589,蠹射金沙閑,1
4590,射金沙閑驅,1
4591,金沙閑驅竹,1
4592,沙閑驅竹馬,1
4593,閑驅竹馬緩,1
4594,驅竹馬緩歸,1
4595,竹馬緩歸家,1
4596,馬緩歸家官,1
4597,緩歸家官軍,1
4598,歸家官軍自,1
4599,家官軍自殺,1
4600,官軍自殺容,1
4601,軍自殺容州,1
4602,自殺容州槎,1
4603,殺容州槎蝶,1
4604,容州槎蝶棲,1
4605,州槎蝶棲石,1
4606,槎蝶棲石竹,1
4607,蝶棲石竹銀,1
4608,棲石竹銀交,1
4609,石竹銀交關,1
4610,竹銀交關水,1
4611,銀交關水凝,1
4612,交關水凝綠,1
4613,關水凝綠鴨,1
4614,水凝綠鴨琉,1
4615,凝綠鴨琉璃,1
4616,綠鴨琉璃錢,1
4617,鴨琉璃錢團,1
4618,琉璃錢團回,1
4619,璃錢團回六,1
4620,錢團回六曲,1
4621,團回六曲抱,1
4622,回六曲抱膏,1
4623,六曲抱膏蘭,1
4624,曲抱膏蘭將,1
4625,抱膏蘭將鬟,1
4626,膏蘭將鬟鏡,1
4627,蘭將鬟鏡上,1
4628,將鬟鏡上擲,1
4629,鬟鏡上擲金,1
4630,鏡上擲金蟬,1
4631,上擲金蟬沉,1
4632,擲金蟬沉香,1
4633,金蟬沉香火,1
4634,蟬沉香火暖,1
4635,沉香火暖茱,1
4636,香火暖茱萸,1
4637,火暖茱萸煙,1
4638,暖茱萸煙酒,1
4639,茱萸煙酒觥,1
4640,萸煙酒觥綰,1
4641,煙酒觥綰帶,1
4642,酒觥綰帶新,1
4643,觥綰帶新承,1
4644,綰帶新承歡,1
4645,帶新承歡月,1
4646,新承歡月風,1
4647,承歡月風吹,1
4648,歡月風吹露,1
4649,月風吹露屏,1
4650,風吹露屏外,1
4651,吹露屏外寒,1
4652,露屏外寒城,1
4653,屏外寒城上,1
4654,外寒城上烏,1
4655,寒城上烏啼,1
4656,城上烏啼楚,1
4657,上烏啼楚女,1
4658,烏啼楚女眠,1
4659,啼楚女眠秋,1
4660,楚女眠秋野,1
4661,女眠秋野明,1
4662,眠秋野明秋,1
4663,秋野明秋風,1
4664,野明秋風白,1
4665,明秋風白塘,1
4666,秋風白塘水,1
4667,風白塘水漻,1
4668,白塘水漻漻,1
4669,塘水漻漻蟲,1
4670,水漻漻蟲嘖,1
4671,漻漻蟲嘖嘖,1
4672,漻蟲嘖嘖雲,1
4673,蟲嘖嘖雲根,1
4674,嘖嘖雲根苔,1
4675,嘖雲根苔蘚,1
4676,雲根苔蘚山,1
4677,根苔蘚山上,1
4678,苔蘚山上石,1
4679,蘚山上石冷,1
4680,山上石冷紅,1
4681,上石冷紅泣,1
4682,石冷紅泣露,1
4683,冷紅泣露嬌,1
4684,紅泣露嬌啼,1
4685,泣露嬌啼色,1
4686,露嬌啼色荒,1
4687,嬌啼色荒畦,1
4688,啼色荒畦九,1
4689,色荒畦九月,1
4690,荒畦九月稻,1
4691,畦九月稻叉,1
4692,九月稻叉牙,1
4693,月稻叉牙蟄,1
4694,稻叉牙蟄螢,1
4695,叉牙蟄螢低,1
4696,牙蟄螢低飛,1
4697,蟄螢低飛隴,1
4698,螢低飛隴徑,1
4699,低飛隴徑斜,1
4700,飛隴徑斜石,1
4701,隴徑斜石脈,1
4702,徑斜石脈水,1
4703,斜石脈水流,1
4704,石脈水流泉,1
4705,脈水流泉滴,1
4706,水流泉滴沙,1
4707,流泉滴沙鬼,1
4708,泉滴沙鬼燈,1
4709,滴沙鬼燈如,1
4710,沙鬼燈如漆,1
4711,鬼燈如漆點,1
4712,燈如漆點松,1
4713,如漆點松花,1
4714,漆點松花奚,1
4715,點松花奚騎,1
4716,松花奚騎黃,1
4717,花奚騎黃銅,1
4718,奚騎黃銅連,1
4719,騎黃銅連鎖,1
4720,黃銅連鎖甲,1
4721,銅連鎖甲羅,1
4722,連鎖甲羅旗,1
4723,鎖甲羅旗香,1
4724,甲羅旗香乾,1
4725,羅旗香乾金,1
4726,旗香乾金畫,1
4727,香乾金畫葉,1
4728,乾金畫葉中,1
4729,金畫葉中軍,1
4730,畫葉中軍留,1
4731,葉中軍留醉,1
4732,中軍留醉河,1
4733,軍留醉河陽,1
4734,留醉河陽城,1
4735,醉河陽城嬌,1
4736,河陽城嬌嘶,1
4737,陽城嬌嘶紫,1
4738,城嬌嘶紫燕,1
4739,嬌嘶紫燕踏,1
4740,嘶紫燕踏花,1
4741,紫燕踏花行,1
4742,燕踏花行春,1
4743,踏花行春營,1
4744,花行春營騎,1
4745,行春營騎將,1
4746,春營騎將如,1
4747,營騎將如紅,1
4748,騎將如紅玉,1
4749,將如紅玉走,1
4750,如紅玉走馬,1
4751,紅玉走馬捎,1
4752,玉走馬捎鞭,1
4753,走馬捎鞭上,1
4754,馬捎鞭上空,1
4755,捎鞭上空綠,1
4756,鞭上空綠女,1
4757,上空綠女垣,1
4758,空綠女垣素,1
4759,綠女垣素月,1
4760,女垣素月角,1
4761,垣素月角咿,1
4762,素月角咿咿,1
4763,月角咿咿牙,1
4764,角咿咿牙帳,1
4765,咿咿牙帳未,1
4766,咿牙帳未開,1
4767,牙帳未開分,1
4768,帳未開分錦,1
4769,未開分錦衣,1
4770,開分錦衣長,1
4771,分錦衣長鬣,1
4772,錦衣長鬣張,1
4773,衣長鬣張郎,1
4774,長鬣張郎三,1
4775,鬣張郎三十,1
4776,張郎三十八,1
4777,郎三十八天,1
4778,三十八天遣,1
4779,十八天遣裁,1
4780,八天遣裁詩,1
4781,天遣裁詩花,1
4782,遣裁詩花作,1
4783,裁詩花作骨,1
4784,詩花作骨往,1
4785,花作骨往還,1
4786,作骨往還誰,1
4787,骨往還誰是,1
4788,往還誰是龍,1
4789,還誰是龍頭,1
4790,誰是龍頭人,1
4791,是龍頭人公,1
4792,龍頭人公主,1
4793,頭人公主遣,1
4794,人公主遣秉,1
4795,公主遣秉魚,1
4796,主遣秉魚須,1
4797,遣秉魚須笏,1
4798,秉魚須笏太,1
4799,魚須笏太行,1
4800,須笏太行青,1
4801,笏太行青草,1
4802,太行青草上,1
4803,行青草上白,1
4804,青草上白衫,1
4805,草上白衫匣,1
4806,上白衫匣中,1
4807,白衫匣中章,1
4808,衫匣中章奏,1
4809,匣中章奏密,1
4810,中章奏密如,1
4811,章奏密如蠶,1
4812,奏密如蠶金,1
4813,密如蠶金門,1
4814,如蠶金門石,1
4815,蠶金門石閣,1
4816,金門石閣知,1
4817,門石閣知卿,1
4818,石閣知卿有,1
4819,閣知卿有豸,1
4820,知卿有豸角,1
4821,卿有豸角雞,1
4822,有豸角雞香,1
4823,豸角雞香早,1
4824,角雞香早晚,1
4825,雞香早晚含,1
4826,香早晚含隴,1
4827,早晚含隴西,1
4828,晚含隴西長,1
4829,含隴西長吉,1
4830,隴西長吉摧,1
4831,西長吉摧頹,1
4832,長吉摧頹客,1
4833,吉摧頹客酒,1
4834,摧頹客酒闌,1
4835,頹客酒闌感,1
4836,客酒闌感覺,1
4837,酒闌感覺中,1
4838,闌感覺中區,1
4839,感覺中區窄,1
4840,覺中區窄葛,1
4841,中區窄葛衣,1
4842,區窄葛衣斷,1
4843,窄葛衣斷碎,1
4844,葛衣斷碎趙,1
4845,衣斷碎趙城,1
4846,斷碎趙城秋,1
4847,碎趙城秋吟,1
4848,趙城秋吟詩,1
4849,城秋吟詩一,1
4850,秋吟詩一夜,1
4851,吟詩一夜東,1
4852,詩一夜東方,1
4853,一夜東方白,1
4854,夜東方白依,1
4855,東方白依依,1
4856,方白依依宜,1
4857,白依依宜織,1
4858,依依宜織江,1
4859,依宜織江雨,1
4860,宜織江雨空,1
4861,織江雨空雨,1
4862,江雨空雨中,1
4863,雨空雨中六,1
4864,空雨中六月,1
4865,雨中六月蘭,1
4866,中六月蘭颱,1
4867,六月蘭颱風,1
4868,月蘭颱風博,1
4869,蘭颱風博羅,1
4870,颱風博羅老,1
4871,風博羅老仙,1
4872,博羅老仙時,1
4873,羅老仙時出,1
4874,老仙時出洞,1
4875,仙時出洞千,1
4876,時出洞千歲,1
4877,出洞千歲石,1
4878,洞千歲石床,1
4879,千歲石床啼,1
4880,歲石床啼鬼,1
4881,石床啼鬼工,1
4882,床啼鬼工蛇,1
4883,啼鬼工蛇毒,1
4884,鬼工蛇毒濃,1
4885,工蛇毒濃凝,1
4886,蛇毒濃凝洞,1
4887,毒濃凝洞堂,1
4888,濃凝洞堂濕,1
4889,凝洞堂濕江,1
4890,洞堂濕江魚,1
4891,堂濕江魚不,1
4892,濕江魚不食,1
4893,江魚不食銜,1
4894,魚不食銜沙,1
4895,不食銜沙立,1
4896,食銜沙立欲,1
4897,銜沙立欲剪,1
4898,沙立欲剪箱,1
4899,立欲剪箱中,1
4900,欲剪箱中一,1
4901,剪箱中一尺,1
4902,箱中一尺天,1
4903,中一尺天吳,1
4904,一尺天吳娥,1
4905,尺天吳娥莫,1
4906,天吳娥莫道,1
4907,吳娥莫道吳,1
4908,娥莫道吳刀,1
4909,莫道吳刀澀,1
4910,道吳刀澀大,1
4911,吳刀澀大人,1
4912,刀澀大人乞,1
4913,澀大人乞馬,1
4914,大人乞馬臒,1
4915,人乞馬臒乃,1
4916,乞馬臒乃寒,1
4917,馬臒乃寒宗,1
4918,臒乃寒宗人,1
4919,乃寒宗人貸,1
4920,寒宗人貸宅,1
4921,宗人貸宅荒,1
4922,人貸宅荒厥,1
4923,貸宅荒厥垣,1
4924,宅荒厥垣橫,1
4925,荒厥垣橫庭,1
4926,厥垣橫庭鼠,1
4927,垣橫庭鼠徑,1
4928,橫庭鼠徑空,1
4929,庭鼠徑空土,1
4930,鼠徑空土澀,1
4931,徑空土澀出,1
4932,空土澀出籬,1
4933,土澀出籬大,1
4934,澀出籬大棗,1
4935,出籬大棗垂,1
4936,籬大棗垂朱,1
4937,大棗垂朱殘,1
4938,棗垂朱殘安,1
4939,垂朱殘安定,1
4940,朱殘安定美,1
4941,殘安定美人,1
4942,安定美人截,1
4943,定美人截黃,1
4944,美人截黃綬,1
4945,人截黃綬脫,1
4946,截黃綬脫落,1
4947,黃綬脫落纓,1
4948,綬脫落纓裾,1
4949,脫落纓裾瞑,1
4950,落纓裾瞑朝,1
4951,纓裾瞑朝酒,1
4952,裾瞑朝酒還,1
4953,瞑朝酒還家,1
4954,朝酒還家白,1
4955,酒還家白筆,1
4956,還家白筆未,1
4957,家白筆未上,1
4958,白筆未上頭,1
4959,筆未上頭使,1
4960,未上頭使我,1
4961,上頭使我清,1
4962,頭使我清聲,1
4963,使我清聲落,1
4964,我清聲落人,1
4965,清聲落人後,1
4966,聲落人後枉,1
4967,落人後枉辱,1
4968,人後枉辱稱,1
4969,後枉辱稱知,1
4970,枉辱稱知犯,1
4971,辱稱知犯君,1
4972,稱知犯君眼,1
4973,知犯君眼排,1
4974,犯君眼排引,1
4975,君眼排引才,1
4976,眼排引才升,1
4977,排引才升強,1
4978,引才升強縆,1
4979,才升強縆斷,1
4980,升強縆斷洛,1
4981,強縆斷洛風,1
4982,縆斷洛風送,1
4983,斷洛風送馬,1
4984,洛風送馬入,1
4985,風送馬入長,1
4986,送馬入長關,1
4987,馬入長關闔,1
4988,入長關闔扇,1
4989,長關闔扇未,1
4990,關闔扇未開,1
4991,闔扇未開逢,1
4992,扇未開逢猰,1
4993,未開逢猰犬,1
4994,開逢猰犬那,1
4995,逢猰犬那知,1
4996,猰犬那知堅,1
4997,犬那知堅都,1
4998,那知堅都相,1
4999,知堅都相草,1
5000,堅都相草草,1
5001,都相草草客,1
5002,相草草客枕,1
5003,草草客枕幽,1
5004,草客枕幽單,1
5005,客枕幽單看,1
5006,枕幽單看春,1
5007,幽單看春老,1
5008,單看春老歸,1
5009,看春老歸來,1
5010,春老歸來骨,1
5011,老歸來骨薄,1
5012,歸來骨薄面,1
5013,來骨薄面無,1
5014,骨薄面無膏,1
5015,薄面無膏疫,1
5016,面無膏疫氣,1
5017,無膏疫氣沖,1
5018,膏疫氣沖頭,1
5019,疫氣沖頭鬢,1
5020,氣沖頭鬢莖,1
5021,沖頭鬢莖少,1
5022,頭鬢莖少欲,1
5023,鬢莖少欲雕,1
5024,莖少欲雕小,1
5025,少欲雕小說,1
5026,欲雕小說幹,1
5027,雕小說幹天,1
5028,小說幹天官,1
5029,說幹天官宗,1
5030,幹天官宗孫,1
5031,天官宗孫不,1
5032,官宗孫不調,1
5033,宗孫不調為,1
5034,孫不調為誰,1
5035,不調為誰憐,1
5036,調為誰憐明,1
5037,為誰憐明朝,1
5038,誰憐明朝下,1
5039,憐明朝下元,1
5040,明朝下元複,1
5041,朝下元複西,1
5042,下元複西道,1
5043,元複西道崆,1
5044,複西道崆峒,1
5045,西道崆峒敘,1
5046,道崆峒敘別,1
5047,崆峒敘別長,1
5048,峒敘別長如,1
5049,敘別長如天,1
5050,別長如天蠟,1
5051,長如天蠟光,1
5052,如天蠟光高,1
5053,天蠟光高懸,1
5054,蠟光高懸照,1
5055,光高懸照紗,1
5056,高懸照紗空,1
5057,懸照紗空花,1
5058,照紗空花房,1
5059,紗空花房夜,1
5060,空花房夜搗,1
5061,花房夜搗紅,1
5062,房夜搗紅守,1
5063,夜搗紅守宮,1
5064,搗紅守宮象,1
5065,紅守宮象口,1
5066,守宮象口吹,1
5067,宮象口吹香,1
5068,象口吹香毾,1
5069,口吹香毾暖,1
5070,吹香毾暖七,1
5071,香毾暖七星,1
5072,毾暖七星掛,1
5073,暖七星掛城,1
5074,七星掛城聞,1
5075,星掛城聞漏,1
5076,掛城聞漏板,1
5077,城聞漏板寒,1
5078,聞漏板寒入,1
5079,漏板寒入罘,1
5080,板寒入罘罳,1
5081,寒入罘罳殿,1
5082,入罘罳殿影,1
5083,罘罳殿影昏,1
5084,罳殿影昏彩,1
5085,殿影昏彩鸞,1
5086,影昏彩鸞簾,1
5087,昏彩鸞簾額,1
5088,彩鸞簾額著,1
5089,鸞簾額著霜,1
5090,簾額著霜痕,1
5091,額著霜痕啼,1
5092,著霜痕啼蛄,1
5093,霜痕啼蛄吊,1
5094,痕啼蛄吊月,1
5095,啼蛄吊月鉤,1
5096,蛄吊月鉤欄,1
5097,吊月鉤欄下,1
5098,月鉤欄下屈,1
5099,鉤欄下屈膝,1
5100,欄下屈膝銅,1
5101,下屈膝銅鋪,1
5102,屈膝銅鋪鎖,1
5103,膝銅鋪鎖阿,1
5104,銅鋪鎖阿甄,1
5105,鋪鎖阿甄夢,1
5106,鎖阿甄夢入,1
5107,阿甄夢入家,1
5108,甄夢入家門,1
5109,夢入家門上,1
5110,入家門上沙,1
5111,家門上沙渚,1
5112,門上沙渚天,1
5113,上沙渚天河,1
5114,沙渚天河落,1
5115,渚天河落處,1
5116,天河落處長,1
5117,河落處長洲,1
5118,落處長洲路,1
5119,處長洲路願,1
5120,長洲路願君,1
5121,洲路願君光,1
5122,路願君光明,1
5123,願君光明如,1
5124,君光明如太,1
5125,光明如太陽,1
5126,明如太陽放,1
5127,如太陽放妾,1
5128,太陽放妾騎,1
5129,陽放妾騎魚,1
5130,放妾騎魚撇,1
5131,妾騎魚撇波,1
5132,騎魚撇波去,1
5133,魚撇波去堂,1
5134,撇波去堂堂,1
5135,波去堂堂複,1
5136,去堂堂複堂,1
5137,堂堂複堂堂,1
5138,堂複堂堂紅,1
5139,複堂堂紅脫,1
5140,堂堂紅脫梅,1
5141,堂紅脫梅灰,1
5142,紅脫梅灰香,1
5143,脫梅灰香十,1
5144,梅灰香十年,1
5145,灰香十年粉,1
5146,香十年粉蠹,1
5147,十年粉蠹生,1
5148,年粉蠹生畫,1
5149,粉蠹生畫梁,1
5150,蠹生畫梁饑,1
5151,生畫梁饑蟲,1
5152,畫梁饑蟲不,1
5153,梁饑蟲不食,1
5154,饑蟲不食推,1
5155,蟲不食推碎,1
5156,不食推碎黃,1
5157,食推碎黃蕙,1
5158,推碎黃蕙花,1
5159,碎黃蕙花已,1
5160,黃蕙花已老,1
5161,蕙花已老桃,1
5162,花已老桃葉,1
5163,已老桃葉長,1
5164,老桃葉長禁,1
5165,桃葉長禁院,1
5166,葉長禁院懸,1
5167,長禁院懸簾,1
5168,禁院懸簾隔,1
5169,院懸簾隔禦,1
5170,懸簾隔禦光,1
5171,簾隔禦光華,1
5172,隔禦光華清,1
5173,禦光華清源,1
5174,光華清源中,1
5175,華清源中礜,1
5176,清源中礜石,1
5177,源中礜石湯,1
5178,中礜石湯裴,1
5179,礜石湯裴回,1
5180,石湯裴回白,1
5181,湯裴回白鳳,1
5182,裴回白鳳隨,1
5183,回白鳳隨君,1
5184,白鳳隨君王,1
5185,鳳隨君王洛,1
5186,隨君王洛郊,1
5187,君王洛郊無,1
5188,王洛郊無俎,1
5189,洛郊無俎豆,1
5190,郊無俎豆弊,1
5191,無俎豆弊廄,1
5192,俎豆弊廄慚,1
5193,豆弊廄慚老,1
5194,弊廄慚老馬,1
5195,廄慚老馬小,1
5196,慚老馬小雁,1
5197,老馬小雁過,1
5198,馬小雁過爐,1
5199,小雁過爐峰,1
5200,雁過爐峰影,1
5201,過爐峰影落,1
5202,爐峰影落楚,1
5203,峰影落楚水,1
5204,影落楚水下,1
5205,落楚水下長,1
5206,楚水下長船,1
5207,水下長船倚,1
5208,下長船倚雲,1
5209,長船倚雲泊,1
5210,船倚雲泊石,1
5211,倚雲泊石鏡,1
5212,雲泊石鏡秋,1
5213,泊石鏡秋涼,1
5214,石鏡秋涼夜,1
5215,鏡秋涼夜豈,1
5216,秋涼夜豈解,1
5217,涼夜豈解有,1
5218,夜豈解有鄉,1
5219,豈解有鄉情,1
5220,解有鄉情弄,1
5221,有鄉情弄月,1
5222,鄉情弄月聊,1
5223,情弄月聊嗚,1
5224,弄月聊嗚啞,1
5225,月聊嗚啞別,1
5226,聊嗚啞別柳,1
5227,嗚啞別柳當,1
5228,啞別柳當馬,1
5229,別柳當馬頭,1
5230,柳當馬頭官,1
5231,當馬頭官槐,1
5232,馬頭官槐如,1
5233,頭官槐如兔,1
5234,官槐如兔目,1
5235,槐如兔目欲,1
5236,如兔目欲將,1
5237,兔目欲將千,1
5238,目欲將千里,1
5239,欲將千里別,1
5240,將千里別持,1
5241,千里別持我,1
5242,里別持我易,1
5243,別持我易鬥,1
5244,持我易鬥粟,1
5245,我易鬥粟南,1
5246,易鬥粟南雲,1
5247,鬥粟南雲北,1
5248,粟南雲北雲,1
5249,南雲北雲空,1
5250,雲北雲空脈,1
5251,北雲空脈斷,1
5252,雲空脈斷靈,1
5253,空脈斷靈台,1
5254,脈斷靈台經,1
5255,斷靈台經絡,1
5256,靈台經絡懸,1
5257,台經絡懸春,1
5258,經絡懸春線,1
5259,絡懸春線青,1
5260,懸春線青軒,1
5261,春線青軒樹,1
5262,線青軒樹轉,1
5263,青軒樹轉月,1
5264,軒樹轉月滿,1
5265,樹轉月滿床,1
5266,轉月滿床下,1
5267,月滿床下國,1
5268,滿床下國饑,1
5269,床下國饑兒,1
5270,下國饑兒夢,1
5271,國饑兒夢中,1
5272,饑兒夢中見,1
5273,兒夢中見維,1
5274,夢中見維爾,1
5275,中見維爾之,1
5276,見維爾之昆,1
5277,維爾之昆二,1
5278,爾之昆二十,1
5279,之昆二十餘,1
5280,昆二十餘年,1
5281,二十餘年來,1
5282,十餘年來持,1
5283,餘年來持鏡,1
5284,年來持鏡頗,1
5285,來持鏡頗有,1
5286,持鏡頗有須,1
5287,鏡頗有須辭,1
5288,頗有須辭家,1
5289,有須辭家三,1
5290,須辭家三載,1
5291,辭家三載今,1
5292,家三載今如,1
5293,三載今如此,1
5294,載今如此索,1
5295,今如此索米,1
5296,如此索米王,1
5297,此索米王門,1
5298,索米王門一,1
5299,米王門一事,1
5300,王門一事無,1
5301,門一事無荒,1
5302,一事無荒溝,1
5303,事無荒溝古,1
5304,無荒溝古水,1
5305,荒溝古水光,1
5306,溝古水光如,1
5307,古水光如刀,1
5308,水光如刀庭,1
5309,光如刀庭南,1
5310,如刀庭南拱,1
5311,刀庭南拱柳,1
5312,庭南拱柳生,1
5313,南拱柳生蠐,1
5314,拱柳生蠐螬,1
5315,柳生蠐螬江,1
5316,生蠐螬江幹,1
5317,蠐螬江幹幼,1
5318,螬江幹幼客,1
5319,江幹幼客真,1
5320,幹幼客真可,1
5321,幼客真可念,1
5322,客真可念郊,1
5323,真可念郊原,1
5324,可念郊原晚,1
5325,念郊原晚吹,1
5326,郊原晚吹悲,1
5327,原晚吹悲號,1
5328,晚吹悲號號,1
5329,吹悲號號零,1
5330,悲號號零落,1
5331,號號零落棲,1
5332,號零落棲遲,1
5333,零落棲遲一,1
5334,落棲遲一杯,1
5335,棲遲一杯酒,1
5336,遲一杯酒主,1
5337,一杯酒主人,1
5338,杯酒主人奉,1
5339,酒主人奉觴,1
5340,主人奉觴客,1
5341,人奉觴客長,1
5342,奉觴客長壽,1
5343,觴客長壽主,1
5344,客長壽主父,1
5345,長壽主父西,1
5346,壽主父西游,1
5347,主父西游困,1
5348,父西游困不,1
5349,西游困不歸,1
5350,游困不歸家,1
5351,困不歸家人,1
5352,不歸家人折,1
5353,歸家人折斷,1
5354,家人折斷門,1
5355,人折斷門前,1
5356,折斷門前柳,1
5357,斷門前柳吾,1
5358,門前柳吾聞,1
5359,前柳吾聞馬,1
5360,柳吾聞馬周,1
5361,吾聞馬周昔,1
5362,聞馬周昔作,1
5363,馬周昔作新,1
5364,周昔作新豐,1
5365,昔作新豐客,1
5366,作新豐客天,1
5367,新豐客天荒,1
5368,豐客天荒地,1
5369,客天荒地老,1
5370,天荒地老無,1
5371,荒地老無人,1
5372,地老無人識,1
5373,老無人識空,1
5374,無人識空將,1
5375,人識空將箋,1
5376,識空將箋上,1
5377,空將箋上兩,1
5378,將箋上兩行,1
5379,箋上兩行書,1
5380,上兩行書直,1
5381,兩行書直犯,1
5382,行書直犯龍,1
5383,書直犯龍顏,1
5384,直犯龍顏請,1
5385,犯龍顏請恩,1
5386,龍顏請恩澤,1
5387,顏請恩澤我,1
5388,請恩澤我有,1
5389,恩澤我有迷,1
5390,澤我有迷魂,1
5391,我有迷魂招,1
5392,有迷魂招不,1
5393,迷魂招不得,1
5394,魂招不得雄,1
5395,招不得雄雞,1
5396,不得雄雞一,1
5397,得雄雞一聲,1
5398,雄雞一聲天,1
5399,雞一聲天下,1
5400,一聲天下白,1
5401,聲天下白少,1
5402,天下白少年,1
5403,下白少年心,1
5404,白少年心事,1
5405,少年心事當,1
5406,年心事當拏,1
5407,心事當拏雲,1
5408,事當拏雲誰,1
5409,當拏雲誰念,1
5410,拏雲誰念幽,1
5411,雲誰念幽寒,1
5412,誰念幽寒坐,1
5413,念幽寒坐嗚,1
5414,幽寒坐嗚呃,1
5415,寒坐嗚呃長,1
5416,坐嗚呃長歌,1
5417,嗚呃長歌破,1
5418,呃長歌破衣,1
5419,長歌破衣襟,1
5420,歌破衣襟短,1
5421,破衣襟短歌,1
5422,衣襟短歌斷,1
5423,襟短歌斷白,1
5424,短歌斷白髮,1
5425,歌斷白髮秦,1
5426,斷白髮秦王,1
5427,白髮秦王不,1
5428,髮秦王不可,1
5429,秦王不可見,1
5430,王不可見旦,1
5431,不可見旦夕,1
5432,可見旦夕成,1
5433,見旦夕成內,1
5434,旦夕成內熱,1
5435,夕成內熱渴,1
5436,成內熱渴飲,1
5437,內熱渴飲壺,1
5438,熱渴飲壺中,1
5439,渴飲壺中酒,1
5440,飲壺中酒饑,1
5441,壺中酒饑拔,1
5442,中酒饑拔隴,1
5443,酒饑拔隴頭,1
5444,饑拔隴頭粟,1
5445,拔隴頭粟淒,1
5446,隴頭粟淒淒,1
5447,頭粟淒淒四,1
5448,粟淒淒四月,1
5449,淒淒四月闌,1
5450,淒四月闌千,1
5451,四月闌千里,1
5452,月闌千里一,1
5453,闌千里一時,1
5454,千里一時綠,1
5455,里一時綠夜,1
5456,一時綠夜峰,1
5457,時綠夜峰何,1
5458,綠夜峰何離,1
5459,夜峰何離離,1
5460,峰何離離明,1
5461,何離離明月,1
5462,離離明月落,1
5463,離明月落石,1
5464,明月落石底,1
5465,月落石底裴,1
5466,落石底裴回,1
5467,石底裴回沿,1
5468,底裴回沿石,1
5469,裴回沿石尋,1
5470,回沿石尋照,1
5471,沿石尋照出,1
5472,石尋照出高,1
5473,尋照出高峰,1
5474,照出高峰外,1
5475,出高峰外不,1
5476,高峰外不得,1
5477,峰外不得與,1
5478,外不得與之,1
5479,不得與之游,1
5480,得與之游歌,1
5481,與之游歌成,1
5482,之游歌成鬢,1
5483,游歌成鬢先,1
5484,歌成鬢先改,1
5485,成鬢先改方,1
5486,鬢先改方花,1
5487,先改方花古,1
5488,改方花古礎,1
5489,方花古礎排,1
5490,花古礎排九,1
5491,古礎排九楹,1
5492,礎排九楹刺,1
5493,排九楹刺豹,1
5494,九楹刺豹淋,1
5495,楹刺豹淋血,1
5496,刺豹淋血盛,1
5497,豹淋血盛銀,1
5498,淋血盛銀罌,1
5499,血盛銀罌華,1
5500,盛銀罌華筵,1
5501,銀罌華筵鼓,1
5502,罌華筵鼓吹,1
5503,華筵鼓吹無,1
5504,筵鼓吹無桐,1
5505,鼓吹無桐竹,1
5506,吹無桐竹長,1
5507,無桐竹長刀,1
5508,桐竹長刀直,1
5509,竹長刀直立,1
5510,長刀直立割,1
5511,刀直立割鳴,1
5512,直立割鳴箏,1
5513,立割鳴箏橫,1
5514,割鳴箏橫楣,1
5515,鳴箏橫楣粗,1
5516,箏橫楣粗錦,1
5517,橫楣粗錦生,1
5518,楣粗錦生紅,1
5519,粗錦生紅緯,1
5520,錦生紅緯日,1
5521,生紅緯日炙,1
5522,紅緯日炙錦,1
5523,緯日炙錦嫣,1
5524,日炙錦嫣王,1
5525,炙錦嫣王未,1
5526,錦嫣王未醉,1
5527,嫣王未醉腰,1
5528,王未醉腰下,1
5529,未醉腰下三,1
5530,醉腰下三看,1
5531,腰下三看寶,1
5532,下三看寶玦,1
5533,三看寶玦光,1
5534,看寶玦光項,1
5535,寶玦光項莊,1
5536,玦光項莊掉,1
5537,光項莊掉箾,1
5538,項莊掉箾欄,1
5539,莊掉箾欄前,1
5540,掉箾欄前起,1
5541,箾欄前起材,1
5542,欄前起材官,1
5543,前起材官小,1
5544,起材官小臣,1
5545,材官小臣公,1
5546,官小臣公莫,1
5547,小臣公莫舞,1
5548,臣公莫舞座,1
5549,公莫舞座上,1
5550,莫舞座上真,1
5551,舞座上真人,1
5552,座上真人赤,1
5553,上真人赤龍,1
5554,真人赤龍子,1
5555,人赤龍子芒,1
5556,赤龍子芒碭,1
5557,龍子芒碭雲,1
5558,子芒碭雲瑞,1
5559,芒碭雲瑞抱,1
5560,碭雲瑞抱天,1
5561,雲瑞抱天回,1
5562,瑞抱天回咸,1
5563,抱天回咸陽,1
5564,天回咸陽王,1
5565,回咸陽王氣,1
5566,咸陽王氣清,1
5567,陽王氣清如,1
5568,王氣清如水,1
5569,氣清如水鐵,1
5570,清如水鐵樞,1
5571,如水鐵樞鐵,1
5572,水鐵樞鐵楗,1
5573,鐵樞鐵楗重,1
5574,樞鐵楗重束,1
5575,鐵楗重束關,1
5576,楗重束關大,1
5577,重束關大旗,1
5578,束關大旗五,1
5579,關大旗五丈,1
5580,大旗五丈撞,1
5581,旗五丈撞雙,1
5582,五丈撞雙鐶,1
5583,丈撞雙鐶漢,1
5584,撞雙鐶漢王,1
5585,雙鐶漢王今,1
5586,鐶漢王今日,1
5587,漢王今日頒,1
5588,王今日頒秦,1
5589,今日頒秦印,1
5590,日頒秦印絕,1
5591,頒秦印絕臏,1
5592,秦印絕臏刳,1
5593,印絕臏刳腸,1
5594,絕臏刳腸臣,1
5595,臏刳腸臣不,1
5596,刳腸臣不論,1
5597,腸臣不論籜,1
5598,臣不論籜落,1
5599,不論籜落長,1
5600,論籜落長竿,1
5601,籜落長竿削,1
5602,落長竿削玉,1
5603,長竿削玉開,1
5604,竿削玉開君,1
5605,削玉開君看,1
5606,玉開君看母,1
5607,開君看母筍,1
5608,君看母筍是,1
5609,看母筍是龍,1
5610,母筍是龍材,1
5611,筍是龍材更,1
5612,是龍材更容,1
5613,龍材更容一,1
5614,材更容一夜,1
5615,更容一夜抽,1
5616,容一夜抽千,1
5617,一夜抽千尺,1
5618,夜抽千尺別,1
5619,抽千尺別卻,1
5620,千尺別卻池,1
5621,尺別卻池園,1
5622,別卻池園數,1
5623,卻池園數寸,1
5624,池園數寸泥,1
5625,園數寸泥斫,1
5626,數寸泥斫取,1
5627,寸泥斫取青,1
5628,泥斫取青光,1
5629,斫取青光寫,1
5630,取青光寫楚,1
5631,青光寫楚辭,1
5632,光寫楚辭膩,1
5633,寫楚辭膩香,1
5634,楚辭膩香春,1
5635,辭膩香春粉,1
5636,膩香春粉黑,1
5637,香春粉黑離,1
5638,春粉黑離離,1
5639,粉黑離離無,1
5640,黑離離無情,1
5641,離離無情有,1
5642,離無情有恨,1
5643,無情有恨何,1
5644,情有恨何人,1
5645,有恨何人見,1
5646,恨何人見露,1
5647,何人見露壓,1
5648,人見露壓煙,1
5649,見露壓煙啼,1
5650,露壓煙啼千,1
5651,壓煙啼千萬,1
5652,煙啼千萬枝,1
5653,啼千萬枝家,1
5654,千萬枝家泉,1
5655,萬枝家泉石,1
5656,枝家泉石眼,1
5657,家泉石眼兩,1
5658,泉石眼兩三,1
5659,石眼兩三莖,1
5660,眼兩三莖曉,1
5661,兩三莖曉看,1
5662,三莖曉看陰,1
5663,莖曉看陰根,1
5664,曉看陰根紫,1
5665,看陰根紫脈,1
5666,陰根紫脈生,1
5667,根紫脈生今,1
5668,紫脈生今年,1
5669,脈生今年水,1
5670,生今年水曲,1
5671,今年水曲春,1
5672,年水曲春沙,1
5673,水曲春沙上,1
5674,曲春沙上笛,1
5675,春沙上笛管,1
5676,沙上笛管新,1
5677,上笛管新篁,1
5678,笛管新篁拔,1
5679,管新篁拔玉,1
5680,新篁拔玉青,1
5681,篁拔玉青古,1
5682,拔玉青古竹,1
5683,玉青古竹老,1
5684,青古竹老梢,1
5685,古竹老梢惹,1
5686,竹老梢惹碧,1
5687,老梢惹碧雲,1
5688,梢惹碧雲茂,1
5689,惹碧雲茂陵,1
5690,碧雲茂陵歸,1
5691,雲茂陵歸臥,1
5692,茂陵歸臥歎,1
5693,陵歸臥歎清,1
5694,歸臥歎清貧,1
5695,臥歎清貧風,1
5696,歎清貧風吹,1
5697,清貧風吹千,1
5698,貧風吹千畝,1
5699,風吹千畝迎,1
5700,吹千畝迎雨,1
5701,千畝迎雨嘯,1
5702,畝迎雨嘯鳥,1
5703,迎雨嘯鳥重,1
5704,雨嘯鳥重一,1
5705,嘯鳥重一枝,1
5706,鳥重一枝入,1
5707,重一枝入酒,1
5708,一枝入酒尊,1
5709,枝入酒尊宋,1
5710,入酒尊宋玉,1
5711,酒尊宋玉愁,1
5712,尊宋玉愁空,1
5713,宋玉愁空斷,1
5714,玉愁空斷嬌,1
5715,愁空斷嬌饒,1
5716,空斷嬌饒粉,1
5717,斷嬌饒粉自,1
5718,嬌饒粉自紅,1
5719,饒粉自紅歌,1
5720,粉自紅歌聲,1
5721,自紅歌聲春,1
5722,紅歌聲春草,1
5723,歌聲春草露,1
5724,聲春草露門,1
5725,春草露門掩,1
5726,草露門掩杏,1
5727,露門掩杏花,1
5728,門掩杏花叢,1
5729,掩杏花叢注,1
5730,杏花叢注口,1
5731,花叢注口櫻,1
5732,叢注口櫻桃,1
5733,注口櫻桃小,1
5734,口櫻桃小添,1
5735,櫻桃小添眉,1
5736,桃小添眉桂,1
5737,小添眉桂葉,1
5738,添眉桂葉濃,1
5739,眉桂葉濃曉,1
5740,桂葉濃曉奩,1
5741,葉濃曉奩妝,1
5742,濃曉奩妝秀,1
5743,曉奩妝秀靨,1
5744,奩妝秀靨夜,1
5745,妝秀靨夜帳,1
5746,秀靨夜帳減,1
5747,靨夜帳減香,1
5748,夜帳減香筒,1
5749,帳減香筒鈿,1
5750,減香筒鈿鏡,1
5751,香筒鈿鏡飛,1
5752,筒鈿鏡飛孤,1
5753,鈿鏡飛孤鵲,1
5754,鏡飛孤鵲江,1
5755,飛孤鵲江圖,1
5756,孤鵲江圖畫,1
5757,鵲江圖畫水,1
5758,江圖畫水葓,1
5759,圖畫水葓陂,1
5760,畫水葓陂陀,1
5761,水葓陂陀梳,1
5762,葓陂陀梳碧,1
5763,陂陀梳碧鳳,1
5764,陀梳碧鳳腰,1
5765,梳碧鳳腰嫋,1
5766,碧鳳腰嫋帶,1
5767,鳳腰嫋帶金,1
5768,腰嫋帶金蟲,1
5769,嫋帶金蟲杜,1
5770,帶金蟲杜若,1
5771,金蟲杜若含,1
5772,蟲杜若含清,1
5773,杜若含清露,1
5774,若含清露河,1
5775,含清露河蒲,1
5776,清露河蒲聚,1
5777,露河蒲聚紫,1
5778,河蒲聚紫茸,1
5779,蒲聚紫茸月,1
5780,聚紫茸月分,1
5781,紫茸月分蛾,1
5782,茸月分蛾黛,1
5783,月分蛾黛破,1
5784,分蛾黛破花,1
5785,蛾黛破花合,1
5786,黛破花合靨,1
5787,破花合靨朱,1
5788,花合靨朱融,1
5789,合靨朱融發,1
5790,靨朱融發重,1
5791,朱融發重疑,1
5792,融發重疑盤,1
5793,發重疑盤霧,1
5794,重疑盤霧腰,1
5795,疑盤霧腰輕,1
5796,盤霧腰輕乍,1
5797,霧腰輕乍倚,1
5798,腰輕乍倚風,1
5799,輕乍倚風密,1
5800,乍倚風密書,1
5801,倚風密書題,1
5802,風密書題豆,1
5803,密書題豆蔻,1
5804,書題豆蔻隱,1
5805,題豆蔻隱語,1
5806,豆蔻隱語笑,1
5807,蔻隱語笑芙,1
5808,隱語笑芙蓉,1
5809,語笑芙蓉莫,1
5810,笑芙蓉莫鎖,1
5811,芙蓉莫鎖茱,1
5812,蓉莫鎖茱萸,1
5813,莫鎖茱萸匣,1
5814,鎖茱萸匣休,1
5815,茱萸匣休開,1
5816,萸匣休開翡,1
5817,匣休開翡翠,1
5818,休開翡翠籠,1
5819,開翡翠籠弄,1
5820,翡翠籠弄珠,1
5821,翠籠弄珠驚,1
5822,籠弄珠驚漢,1
5823,弄珠驚漢燕,1
5824,珠驚漢燕燒,1
5825,驚漢燕燒蜜,1
5826,漢燕燒蜜引,1
5827,燕燒蜜引胡,1
5828,燒蜜引胡蜂,1
5829,蜜引胡蜂醉,1
5830,引胡蜂醉纈,1
5831,胡蜂醉纈拋,1
5832,蜂醉纈拋紅,1
5833,醉纈拋紅網,1
5834,纈拋紅網單,1
5835,拋紅網單羅,1
5836,紅網單羅掛,1
5837,網單羅掛綠,1
5838,單羅掛綠蒙,1
5839,羅掛綠蒙數,1
5840,掛綠蒙數錢,1
5841,綠蒙數錢教,1
5842,蒙數錢教姹,1
5843,數錢教姹女,1
5844,錢教姹女買,1
5845,教姹女買藥,1
5846,姹女買藥問,1
5847,女買藥問巴,1
5848,買藥問巴賨,1
5849,藥問巴賨勻,1
5850,問巴賨勻臉,1
5851,巴賨勻臉安,1
5852,賨勻臉安斜,1
5853,勻臉安斜雁,1
5854,臉安斜雁移,1
5855,安斜雁移燈,1
5856,斜雁移燈想,1
5857,雁移燈想夢,1
5858,移燈想夢熊,1
5859,燈想夢熊腸,1
5860,想夢熊腸攢,1
5861,夢熊腸攢非,1
5862,熊腸攢非束,1
5863,腸攢非束竹,1
5864,攢非束竹胘,1
5865,非束竹胘急,1
5866,束竹胘急是,1
5867,竹胘急是張,1
5868,胘急是張弓,1
5869,急是張弓晚,1
5870,是張弓晚樹,1
5871,張弓晚樹迷,1
5872,弓晚樹迷新,1
5873,晚樹迷新蝶,1
5874,樹迷新蝶殘,1
5875,迷新蝶殘霓,1
5876,新蝶殘霓憶,1
5877,蝶殘霓憶斷,1
5878,殘霓憶斷虹,1
5879,霓憶斷虹古,1
5880,憶斷虹古時,1
5881,斷虹古時填,1
5882,虹古時填渤,1
5883,古時填渤澥,1
5884,時填渤澥今,1
5885,填渤澥今日,1
5886,渤澥今日鑿,1
5887,澥今日鑿崆,1
5888,今日鑿崆峒,1
5889,日鑿崆峒繡,1
5890,鑿崆峒繡遝,1
5891,崆峒繡遝褰,1
5892,峒繡遝褰長,1
5893,繡遝褰長幔,1
5894,遝褰長幔羅,1
5895,褰長幔羅裙,1
5896,長幔羅裙結,1
5897,幔羅裙結短,1
5898,羅裙結短封,1
5899,裙結短封心,1
5900,結短封心搖,1
5901,短封心搖如,1
5902,封心搖如舞,1
5903,心搖如舞鶴,1
5904,搖如舞鶴骨,1
5905,如舞鶴骨出,1
5906,舞鶴骨出似,1
5907,鶴骨出似飛,1
5908,骨出似飛龍,1
5909,出似飛龍井,1
5910,似飛龍井檻,1
5911,飛龍井檻淋,1
5912,龍井檻淋清,1
5913,井檻淋清漆,1
5914,檻淋清漆門,1
5915,淋清漆門鋪,1
5916,清漆門鋪綴,1
5917,漆門鋪綴白,1
5918,門鋪綴白銅,1
5919,鋪綴白銅隈,1
5920,綴白銅隈花,1
5921,白銅隈花開,1
5922,銅隈花開兔,1
5923,隈花開兔徑,1
5924,花開兔徑向,1
5925,開兔徑向壁,1
5926,兔徑向壁印,1
5927,徑向壁印狐,1
5928,向壁印狐蹤,1
5929,壁印狐蹤玳,1
5930,印狐蹤玳瑁,1
5931,狐蹤玳瑁釘,1
5932,蹤玳瑁釘簾,1
5933,玳瑁釘簾薄,1
5934,瑁釘簾薄琉,1
5935,釘簾薄琉璃,1
5936,簾薄琉璃疊,1
5937,薄琉璃疊扇,1
5938,琉璃疊扇烘,1
5939,璃疊扇烘象,1
5940,疊扇烘象床,1
5941,扇烘象床緣,1
5942,烘象床緣素,1
5943,象床緣素柏,1
5944,床緣素柏瑤,1
5945,緣素柏瑤席,1
5946,素柏瑤席捲,1
5947,柏瑤席捲香,1
5948,瑤席捲香蔥,1
5949,席捲香蔥細,1
5950,捲香蔥細管,1
5951,香蔥細管吟,1
5952,蔥細管吟朝,1
5953,細管吟朝幌,1
5954,管吟朝幌芳,1
5955,吟朝幌芳醪,1
5956,朝幌芳醪落,1
5957,幌芳醪落夜,1
5958,芳醪落夜楓,1
5959,醪落夜楓宜,1
5960,落夜楓宜男,1
5961,夜楓宜男生,1
5962,楓宜男生楚,1
5963,宜男生楚巷,1
5964,男生楚巷梔,1
5965,生楚巷梔子,1
5966,楚巷梔子發,1
5967,巷梔子發金,1
5968,梔子發金墉,1
5969,子發金墉龜,1
5970,發金墉龜甲,1
5971,金墉龜甲開,1
5972,墉龜甲開屏,1
5973,龜甲開屏澀,1
5974,甲開屏澀鵝,1
5975,開屏澀鵝毛,1
5976,屏澀鵝毛滲,1
5977,澀鵝毛滲墨,1
5978,鵝毛滲墨濃,1
5979,毛滲墨濃黃,1
5980,滲墨濃黃庭,1
5981,墨濃黃庭留,1
5982,濃黃庭留衛,1
5983,黃庭留衛瓘,1
5984,庭留衛瓘綠,1
5985,留衛瓘綠樹,1
5986,衛瓘綠樹養,1
5987,瓘綠樹養韓,1
5988,綠樹養韓馮,1
5989,樹養韓馮雞,1
5990,養韓馮雞唱,1
5991,韓馮雞唱星,1
5992,馮雞唱星懸,1
5993,雞唱星懸柳,1
5994,唱星懸柳鴉,1
5995,星懸柳鴉啼,1
5996,懸柳鴉啼露,1
5997,柳鴉啼露滴,1
5998,鴉啼露滴桐,1
5999,啼露滴桐黃,1
6000,露滴桐黃娥,1
6001,滴桐黃娥初,1
6002,桐黃娥初出,1
6003,黃娥初出座,1
6004,娥初出座寵,1
6005,初出座寵妹,1
6006,出座寵妹始,1
6007,座寵妹始相,1
6008,寵妹始相從,1
6009,妹始相從蠟,1
6010,始相從蠟淚,1
6011,相從蠟淚垂,1
6012,從蠟淚垂蘭,1
6013,蠟淚垂蘭燼,1
6014,淚垂蘭燼秋,1
6015,垂蘭燼秋蕪,1
6016,蘭燼秋蕪掃,1
6017,燼秋蕪掃綺,1
6018,秋蕪掃綺櫳,1
6019,蕪掃綺櫳吹,1
6020,掃綺櫳吹笙,1
6021,綺櫳吹笙翻,1
6022,櫳吹笙翻舊,1
6023,吹笙翻舊引,1
6024,笙翻舊引沽,1
6025,翻舊引沽酒,1
6026,舊引沽酒待,1
6027,引沽酒待新,1
6028,沽酒待新豐,1
6029,酒待新豐短,1
6030,待新豐短佩,1
6031,新豐短佩愁,1
6032,豐短佩愁填,1
6033,短佩愁填粟,1
6034,佩愁填粟長,1
6035,愁填粟長弦,1
6036,填粟長弦怨,1
6037,粟長弦怨削,1
6038,長弦怨削菘,1
6039,弦怨削菘曲,1
6040,怨削菘曲池,1
6041,削菘曲池眠,1
6042,菘曲池眠乳,1
6043,曲池眠乳鴨,1
6044,池眠乳鴨小,1
6045,眠乳鴨小閣,1
6046,乳鴨小閣睡,1
6047,鴨小閣睡娃,1
6048,小閣睡娃僮,1
6049,閣睡娃僮褥,1
6050,睡娃僮褥縫,1
6051,娃僮褥縫篸,1
6052,僮褥縫篸雙,1
6053,褥縫篸雙線,1
6054,縫篸雙線鉤,1
6055,篸雙線鉤絛,1
6056,雙線鉤絛辮,1
6057,線鉤絛辮五,1
6058,鉤絛辮五總,1
6059,絛辮五總蜀,1
6060,辮五總蜀煙,1
6061,五總蜀煙飛,1
6062,總蜀煙飛重,1
6063,蜀煙飛重錦,1
6064,煙飛重錦峽,1
6065,飛重錦峽雨,1
6066,重錦峽雨濺,1
6067,錦峽雨濺輕,1
6068,峽雨濺輕容,1
6069,雨濺輕容拂,1
6070,濺輕容拂鏡,1
6071,輕容拂鏡羞,1
6072,容拂鏡羞溫,1
6073,拂鏡羞溫嶠,1
6074,鏡羞溫嶠熏,1
6075,羞溫嶠熏衣,1
6076,溫嶠熏衣避,1
6077,嶠熏衣避賈,1
6078,熏衣避賈充,1
6079,衣避賈充魚,1
6080,避賈充魚生,1
6081,賈充魚生玉,1
6082,充魚生玉藕,1
6083,魚生玉藕下,1
6084,生玉藕下人,1
6085,玉藕下人在,1
6086,藕下人在石,1
6087,下人在石蓮,1
6088,人在石蓮中,1
6089,在石蓮中含,1
6090,石蓮中含水,1
6091,蓮中含水彎,1
6092,中含水彎蛾,1
6093,含水彎蛾翠,1
6094,水彎蛾翠登,1
6095,彎蛾翠登樓,1
6096,蛾翠登樓選,1
6097,翠登樓選馬,1
6098,登樓選馬鬃,1
6099,樓選馬鬃使,1
6100,選馬鬃使君,1
6101,馬鬃使君居,1
6102,鬃使君居曲,1
6103,使君居曲陌,1
6104,君居曲陌園,1
6105,居曲陌園令,1
6106,曲陌園令住,1
6107,陌園令住臨,1
6108,園令住臨邛,1
6109,令住臨邛桂,1
6110,住臨邛桂火,1
6111,臨邛桂火流,1
6112,邛桂火流蘇,1
6113,桂火流蘇暖,1
6114,火流蘇暖金,1
6115,流蘇暖金爐,1
6116,蘇暖金爐細,1
6117,暖金爐細炷,1
6118,金爐細炷通,1
6119,爐細炷通春,1
6120,細炷通春遲,1
6121,炷通春遲王,1
6122,通春遲王子,1
6123,春遲王子態,1
6124,遲王子態鶯,1
6125,王子態鶯囀,1
6126,子態鶯囀謝,1
6127,態鶯囀謝娘,1
6128,鶯囀謝娘慵,1
6129,囀謝娘慵玉,1
6130,謝娘慵玉漏,1
6131,娘慵玉漏三,1
6132,慵玉漏三星,1
6133,玉漏三星曙,1
6134,漏三星曙銅,1
6135,三星曙銅街,1
6136,星曙銅街五,1
6137,曙銅街五馬,1
6138,銅街五馬逢,1
6139,街五馬逢犀,1
6140,五馬逢犀株,1
6141,馬逢犀株防,1
6142,逢犀株防膽,1
6143,犀株防膽怯,1
6144,株防膽怯銀,1
6145,防膽怯銀液,1
6146,膽怯銀液鎮,1
6147,怯銀液鎮心,1
6148,銀液鎮心忪,1
6149,液鎮心忪跳,1
6150,鎮心忪跳脫,1
6151,心忪跳脫看,1
6152,忪跳脫看年,1
6153,跳脫看年命,1
6154,脫看年命琵,1
6155,看年命琵琶,1
6156,年命琵琶道,1
6157,命琵琶道吉,1
6158,琵琶道吉凶,1
6159,琶道吉凶王,1
6160,道吉凶王時,1
6161,吉凶王時應,1
6162,凶王時應七,1
6163,王時應七夕,1
6164,時應七夕夫,1
6165,應七夕夫位,1
6166,七夕夫位在,1
6167,夕夫位在三,1
6168,夫位在三宮,1
6169,位在三宮無,1
6170,在三宮無力,1
6171,三宮無力塗,1
6172,宮無力塗雲,1
6173,無力塗雲母,1
6174,力塗雲母多,1
6175,塗雲母多方,1
6176,雲母多方帶,1
6177,母多方帶藥,1
6178,多方帶藥翁,1
6179,方帶藥翁符,1
6180,帶藥翁符因,1
6181,藥翁符因青,1
6182,翁符因青鳥,1
6183,符因青鳥送,1
6184,因青鳥送囊,1
6185,青鳥送囊用,1
6186,鳥送囊用絳,1
6187,送囊用絳紗,1
6188,囊用絳紗縫,1
6189,用絳紗縫漢,1
6190,絳紗縫漢苑,1
6191,紗縫漢苑尋,1
6192,縫漢苑尋官,1
6193,漢苑尋官柳,1
6194,苑尋官柳河,1
6195,尋官柳河橋,1
6196,官柳河橋閡,1
6197,柳河橋閡禁,1
6198,河橋閡禁鐘,1
6199,橋閡禁鐘月,1
6200,閡禁鐘月明,1
6201,禁鐘月明中,1
6202,鐘月明中婦,1
6203,月明中婦覺,1
6204,明中婦覺應,1
6205,中婦覺應笑,1
6206,婦覺應笑畫,1
6207,覺應笑畫堂,1
6208,應笑畫堂空,1
6209,笑畫堂空合,1
6210,畫堂空合浦,1
6211,堂空合浦無,1
6212,空合浦無明,1
6213,合浦無明珠,1
6214,浦無明珠龍,1
6215,無明珠龍洲,1
6216,明珠龍洲無,1
6217,珠龍洲無木,1
6218,龍洲無木奴,1
6219,洲無木奴足,1
6220,無木奴足知,1
6221,木奴足知造,1
6222,奴足知造化,1
6223,足知造化力,1
6224,知造化力不,1
6225,造化力不給,1
6226,化力不給使,1
6227,力不給使君,1
6228,不給使君須,1
6229,給使君須越,1
6230,使君須越婦,1
6231,君須越婦未,1
6232,須越婦未織,1
6233,越婦未織作,1
6234,婦未織作吳,1
6235,未織作吳蠶,1
6236,織作吳蠶始,1
6237,作吳蠶始蠕,1
6238,吳蠶始蠕蠕,1
6239,蠶始蠕蠕縣,1
6240,始蠕蠕縣官,1
6241,蠕蠕縣官騎,1
6242,蠕縣官騎馬,1
6243,縣官騎馬來,1
6244,官騎馬來獰,1
6245,騎馬來獰色,1
6246,馬來獰色虯,1
6247,來獰色虯紫,1
6248,獰色虯紫須,1
6249,色虯紫須懷,1
6250,虯紫須懷中,1
6251,紫須懷中一,1
6252,須懷中一方,1
6253,懷中一方板,1
6254,中一方板板,1
6255,一方板板上,1
6256,方板板上數,1
6257,板板上數行,1
6258,板上數行書,1
6259,上數行書不,1
6260,數行書不因,1
6261,行書不因使,1
6262,書不因使君,1
6263,不因使君怒,1
6264,因使君怒焉,1
6265,使君怒焉得,1
6266,君怒焉得詣,1
6267,怒焉得詣爾,1
6268,焉得詣爾廬,1
6269,得詣爾廬越,1
6270,詣爾廬越婦,1
6271,爾廬越婦拜,1
6272,廬越婦拜縣,1
6273,越婦拜縣官,1
6274,婦拜縣官桑,1
6275,拜縣官桑牙,1
6276,縣官桑牙今,1
6277,官桑牙今尚,1
6278,桑牙今尚小,1
6279,牙今尚小會,1
6280,今尚小會待,1
6281,尚小會待春,1
6282,小會待春日,1
6283,會待春日晏,1
6284,待春日晏絲,1
6285,春日晏絲車,1
6286,日晏絲車方,1
6287,晏絲車方擲,1
6288,絲車方擲掉,1
6289,車方擲掉越,1
6290,方擲掉越婦,1
6291,擲掉越婦通,1
6292,掉越婦通言,1
6293,越婦通言語,1
6294,婦通言語小,1
6295,通言語小姑,1
6296,言語小姑具,1
6297,語小姑具黃,1
6298,小姑具黃粱,1
6299,姑具黃粱縣,1
6300,具黃粱縣官,1
6301,黃粱縣官踏,1
6302,粱縣官踏餐,1
6303,縣官踏餐去,1
6304,官踏餐去簿,1
6305,踏餐去簿吏,1
6306,餐去簿吏複,1
6307,去簿吏複登,1
6308,簿吏複登堂,1
6309,吏複登堂奇,1
6310,複登堂奇俊,1
6311,登堂奇俊無,1
6312,堂奇俊無少,1
6313,奇俊無少年,1
6314,俊無少年日,1
6315,無少年日車,1
6316,少年日車何,1
6317,年日車何躃,1
6318,日車何躃躃,1
6319,車何躃躃我,1
6320,何躃躃我待,1
6321,躃躃我待紆,1
6322,躃我待紆雙,1
6323,我待紆雙綬,1
6324,待紆雙綬遺,1
6325,紆雙綬遺我,1
6326,雙綬遺我星,1
6327,綬遺我星星,1
6328,遺我星星發,1
6329,我星星發都,1
6330,星星發都門,1
6331,星發都門賈,1
6332,發都門賈生,1
6333,都門賈生墓,1
6334,門賈生墓青,1
6335,賈生墓青蠅,1
6336,生墓青蠅久,1
6337,墓青蠅久斷,1
6338,青蠅久斷絕,1
6339,蠅久斷絕寒,1
6340,久斷絕寒食,1
6341,斷絕寒食搖,1
6342,絕寒食搖揚,1
6343,寒食搖揚天,1
6344,食搖揚天憤,1
6345,搖揚天憤景,1
6346,揚天憤景長,1
6347,天憤景長肅,1
6348,憤景長肅殺,1
6349,景長肅殺皇,1
6350,長肅殺皇漢,1
6351,肅殺皇漢十,1
6352,殺皇漢十二,1
6353,皇漢十二帝,1
6354,漢十二帝唯,1
6355,十二帝唯帝,1
6356,二帝唯帝稱,1
6357,帝唯帝稱睿,1
6358,唯帝稱睿哲,1
6359,帝稱睿哲一,1
6360,稱睿哲一夕,1
6361,睿哲一夕信,1
6362,哲一夕信豎,1
6363,一夕信豎兒,1
6364,夕信豎兒文,1
6365,信豎兒文明,1
6366,豎兒文明永,1
6367,兒文明永淪,1
6368,文明永淪歇,1
6369,明永淪歇南,1
6370,永淪歇南山,1
6371,淪歇南山何,1
6372,歇南山何其,1
6373,南山何其悲,1
6374,山何其悲鬼,1
6375,何其悲鬼雨,1
6376,其悲鬼雨灑,1
6377,悲鬼雨灑空,1
6378,鬼雨灑空草,1
6379,雨灑空草長,1
6380,灑空草長安,1
6381,空草長安夜,1
6382,草長安夜半,1
6383,長安夜半秋,1
6384,安夜半秋風,1
6385,夜半秋風前,1
6386,半秋風前幾,1
6387,秋風前幾人,1
6388,風前幾人老,1
6389,前幾人老低,1
6390,幾人老低迷,1
6391,人老低迷黃,1
6392,老低迷黃昏,1
6393,低迷黃昏徑,1
6394,迷黃昏徑嫋,1
6395,黃昏徑嫋嫋,1
6396,昏徑嫋嫋青,1
6397,徑嫋嫋青櫟,1
6398,嫋嫋青櫟道,1
6399,嫋青櫟道月,1
6400,青櫟道月午,1
6401,櫟道月午樹,1
6402,道月午樹無,1
6403,月午樹無影,1
6404,午樹無影一,1
6405,樹無影一山,1
6406,無影一山唯,1
6407,影一山唯白,1
6408,一山唯白曉,1
6409,山唯白曉漆,1
6410,唯白曉漆炬,1
6411,白曉漆炬迎,1
6412,曉漆炬迎新,1
6413,漆炬迎新人,1
6414,炬迎新人幽,1
6415,迎新人幽壙,1
6416,新人幽壙螢,1
6417,人幽壙螢擾,1
6418,幽壙螢擾擾,1
6419,壙螢擾擾星,1
6420,螢擾擾星盡,1
6421,擾擾星盡四,1
6422,擾星盡四方,1
6423,星盡四方高,1
6424,盡四方高萬,1
6425,四方高萬物,1
6426,方高萬物知,1
6427,高萬物知天,1
6428,萬物知天曙,1
6429,物知天曙己,1
6430,知天曙己生,1
6431,天曙己生須,1
6432,曙己生須己,1
6433,己生須己養,1
6434,生須己養荷,1
6435,須己養荷擔,1
6436,己養荷擔出,1
6437,養荷擔出門,1
6438,荷擔出門去,1
6439,擔出門去君,1
6440,出門去君平,1
6441,門去君平久,1
6442,去君平久不,1
6443,君平久不反,1
6444,平久不反康,1
6445,久不反康伯,1
6446,不反康伯循,1
6447,反康伯循國,1
6448,康伯循國路,1
6449,伯循國路曉,1
6450,循國路曉思,1
6451,國路曉思何,1
6452,路曉思何譊,1
6453,曉思何譊譊,1
6454,思何譊譊闤,1
6455,何譊譊闤闠,1
6456,譊譊闤闠千,1
6457,譊闤闠千人,1
6458,闤闠千人語,1
6459,闠千人語石,1
6460,千人語石根,1
6461,人語石根秋,1
6462,語石根秋水,1
6463,石根秋水明,1
6464,根秋水明石,1
6465,秋水明石畔,1
6466,水明石畔秋,1
6467,明石畔秋草,1
6468,石畔秋草瘦,1
6469,畔秋草瘦侵,1
6470,秋草瘦侵衣,1
6471,草瘦侵衣野,1
6472,瘦侵衣野竹,1
6473,侵衣野竹香,1
6474,衣野竹香蟄,1
6475,野竹香蟄蟄,1
6476,竹香蟄蟄垂,1
6477,香蟄蟄垂葉,1
6478,蟄蟄垂葉厚,1
6479,蟄垂葉厚岑,1
6480,垂葉厚岑中,1
6481,葉厚岑中月,1
6482,厚岑中月歸,1
6483,岑中月歸來,1
6484,中月歸來蟾,1
6485,月歸來蟾光,1
6486,歸來蟾光掛,1
6487,來蟾光掛空,1
6488,蟾光掛空秀,1
6489,光掛空秀桂,1
6490,掛空秀桂露,1
6491,空秀桂露對,1
6492,秀桂露對仙,1
6493,桂露對仙娥,1
6494,露對仙娥星,1
6495,對仙娥星星,1
6496,仙娥星星下,1
6497,娥星星下雲,1
6498,星星下雲逗,1
6499,星下雲逗淒,1
6500,下雲逗淒涼,1
6501,雲逗淒涼梔,1
6502,逗淒涼梔子,1
6503,淒涼梔子落,1
6504,涼梔子落山,1
6505,梔子落山璺,1
6506,子落山璺泣,1
6507,落山璺泣清,1
6508,山璺泣清漏,1
6509,璺泣清漏下,1
6510,泣清漏下有,1
6511,清漏下有張,1
6512,漏下有張仲,1
6513,下有張仲蔚,1
6514,有張仲蔚披,1
6515,張仲蔚披書,1
6516,仲蔚披書案,1
6517,蔚披書案將,1
6518,披書案將朽,1
6519,書案將朽渠,1
6520,案將朽渠水,1
6521,將朽渠水紅,1
6522,朽渠水紅繁,1
6523,渠水紅繁擁,1
6524,水紅繁擁禦,1
6525,紅繁擁禦牆,1
6526,繁擁禦牆風,1
6527,擁禦牆風嬌,1
6528,禦牆風嬌小,1
6529,牆風嬌小葉,1
6530,風嬌小葉學,1
6531,嬌小葉學娥,1
6532,小葉學娥妝,1
6533,葉學娥妝垂,1
6534,學娥妝垂簾,1
6535,娥妝垂簾幾,1
6536,妝垂簾幾度,1
6537,垂簾幾度青,1
6538,簾幾度青春,1
6539,幾度青春老,1
6540,度青春老堪,1
6541,青春老堪鎖,1
6542,春老堪鎖千,1
6543,老堪鎖千年,1
6544,堪鎖千年白,1
6545,鎖千年白日,1
6546,千年白日長,1
6547,年白日長北,1
6548,白日長北虜,1
6549,日長北虜膠,1
6550,長北虜膠堪,1
6551,北虜膠堪折,1
6552,虜膠堪折秋,1
6553,膠堪折秋沙,1
6554,堪折秋沙亂,1
6555,折秋沙亂曉,1
6556,秋沙亂曉鼙,1
6557,沙亂曉鼙髯,1
6558,亂曉鼙髯胡,1
6559,曉鼙髯胡頻,1
6560,鼙髯胡頻犯,1
6561,髯胡頻犯塞,1
6562,胡頻犯塞驕,1
6563,頻犯塞驕氣,1
6564,犯塞驕氣似,1
6565,塞驕氣似橫,1
6566,驕氣似橫霓,1
6567,氣似橫霓灞,1
6568,似橫霓灞水,1
6569,橫霓灞水樓,1
6570,霓灞水樓船,1
6571,灞水樓船渡,1
6572,水樓船渡營,1
6573,樓船渡營門,1
6574,船渡營門細,1
6575,渡營門細柳,1
6576,營門細柳開,1
6577,門細柳開將,1
6578,細柳開將軍,1
6579,柳開將軍馳,1
6580,開將軍馳白,1
6581,將軍馳白馬,1
6582,軍馳白馬豪,1
6583,馳白馬豪彥,1
6584,白馬豪彥騁,1
6585,馬豪彥騁雄,1
6586,豪彥騁雄材,1
6587,彥騁雄材箭,1
6588,騁雄材箭射,1
6589,雄材箭射欃,1
6590,材箭射欃槍,1
6591,箭射欃槍落,1
6592,射欃槍落旗,1
6593,欃槍落旗懸,1
6594,槍落旗懸日,1
6595,落旗懸日月,1
6596,旗懸日月低,1
6597,懸日月低榆,1
6598,日月低榆稀,1
6599,月低榆稀山,1
6600,低榆稀山易,1
6601,榆稀山易見,1
6602,稀山易見甲,1
6603,山易見甲重,1
6604,易見甲重馬,1
6605,見甲重馬頻,1
6606,甲重馬頻嘶,1
6607,重馬頻嘶天,1
6608,馬頻嘶天遠,1
6609,頻嘶天遠星,1
6610,嘶天遠星光,1
6611,天遠星光沒,1
6612,遠星光沒沙,1
6613,星光沒沙平,1
6614,光沒沙平草,1
6615,沒沙平草葉,1
6616,沙平草葉齊,1
6617,平草葉齊風,1
6618,草葉齊風吹,1
6619,葉齊風吹雲,1
6620,齊風吹雲路,1
6621,風吹雲路火,1
6622,吹雲路火雪,1
6623,雲路火雪汙,1
6624,路火雪汙玉,1
6625,火雪汙玉關,1
6626,雪汙玉關泥,1
6627,汙玉關泥屢,1
6628,玉關泥屢斷,1
6629,關泥屢斷呼,1
6630,泥屢斷呼韓,1
6631,屢斷呼韓頸,1
6632,斷呼韓頸曾,1
6633,呼韓頸曾然,1
6634,韓頸曾然董,1
6635,頸曾然董卓,1
6636,曾然董卓臍,1
6637,然董卓臍太,1
6638,董卓臍太常,1
6639,卓臍太常猶,1
6640,臍太常猶舊,1
6641,太常猶舊寵,1
6642,常猶舊寵光,1
6643,猶舊寵光祿,1
6644,舊寵光祿是,1
6645,寵光祿是新,1
6646,光祿是新隮,1
6647,祿是新隮寶,1
6648,是新隮寶玦,1
6649,新隮寶玦麒,1
6650,隮寶玦麒麟,1
6651,寶玦麒麟起,1
6652,玦麒麟起銀,1
6653,麒麟起銀壺,1
6654,麟起銀壺狒,1
6655,起銀壺狒狖,1
6656,銀壺狒狖啼,1
6657,壺狒狖啼桃,1
6658,狒狖啼桃花,1
6659,狖啼桃花連,1
6660,啼桃花連馬,1
6661,桃花連馬發,1
6662,花連馬發彩,1
6663,連馬發彩絮,1
6664,馬發彩絮撲,1
6665,發彩絮撲鞍,1
6666,彩絮撲鞍來,1
6667,絮撲鞍來呵,1
6668,撲鞍來呵臂,1
6669,鞍來呵臂懸,1
6670,來呵臂懸金,1
6671,呵臂懸金鬥,1
6672,臂懸金鬥當,1
6673,懸金鬥當唇,1
6674,金鬥當唇注,1
6675,鬥當唇注玉,1
6676,當唇注玉罍,1
6677,唇注玉罍清,1
6678,注玉罍清蘇,1
6679,玉罍清蘇和,1
6680,罍清蘇和碎,1
6681,清蘇和碎蟻,1
6682,蘇和碎蟻紫,1
6683,和碎蟻紫膩,1
6684,碎蟻紫膩卷,1
6685,蟻紫膩卷浮,1
6686,紫膩卷浮杯,1
6687,膩卷浮杯虎,1
6688,卷浮杯虎鞟,1
6689,浮杯虎鞟先,1
6690,杯虎鞟先蒙,1
6691,虎鞟先蒙馬,1
6692,鞟先蒙馬魚,1
6693,先蒙馬魚腸,1
6694,蒙馬魚腸且,1
6695,馬魚腸且斷,1
6696,魚腸且斷犀,1
6697,腸且斷犀西,1
6698,且斷犀西旅,1
6699,斷犀西旅狗,1
6700,犀西旅狗蹙,1
6701,西旅狗蹙額,1
6702,旅狗蹙額北,1
6703,狗蹙額北方,1
6704,蹙額北方奚,1
6705,額北方奚守,1
6706,北方奚守帳,1
6707,方奚守帳然,1
6708,奚守帳然香,1
6709,守帳然香暮,1
6710,帳然香暮看,1
6711,然香暮看鷹,1
6712,香暮看鷹永,1
6713,暮看鷹永夜,1
6714,看鷹永夜棲,1
6715,鷹永夜棲黃,1
6716,永夜棲黃龍,1
6717,夜棲黃龍就,1
6718,棲黃龍就別,1
6719,黃龍就別鏡,1
6720,龍就別鏡青,1
6721,就別鏡青塚,1
6722,別鏡青塚念,1
6723,鏡青塚念陽,1
6724,青塚念陽臺,1
6725,塚念陽臺周,1
6726,念陽臺周處,1
6727,陽臺周處長,1
6728,臺周處長橋,1
6729,周處長橋役,1
6730,處長橋役侯,1
6731,長橋役侯調,1
6732,橋役侯調短,1
6733,役侯調短弄,1
6734,侯調短弄哀,1
6735,調短弄哀錢,1
6736,短弄哀錢塘,1
6737,弄哀錢塘階,1
6738,哀錢塘階鳳,1
6739,錢塘階鳳羽,1
6740,塘階鳳羽正,1
6741,階鳳羽正室,1
6742,鳳羽正室擘,1
6743,羽正室擘鸞,1
6744,正室擘鸞釵,1
6745,室擘鸞釵內,1
6746,擘鸞釵內子,1
6747,鸞釵內子攀,1
6748,釵內子攀琪,1
6749,內子攀琪樹,1
6750,子攀琪樹羌,1
6751,攀琪樹羌兒,1
6752,琪樹羌兒奏,1
6753,樹羌兒奏落,1
6754,羌兒奏落梅,1
6755,兒奏落梅今,1
6756,奏落梅今朝,1
6757,落梅今朝擎,1
6758,梅今朝擎劍,1
6759,今朝擎劍去,1
6760,朝擎劍去何,1
6761,擎劍去何日,1
6762,劍去何日刺,1
6763,去何日刺蛟,1
6764,何日刺蛟回,1
6765,日刺蛟回金,1
6766,刺蛟回金魚,1
6767,蛟回金魚公,1
6768,回金魚公子,1
6769,金魚公子夾,1
6770,魚公子夾衫,1
6771,公子夾衫長,1
6772,子夾衫長密,1
6773,夾衫長密裝,1
6774,衫長密裝腰,1
6775,長密裝腰鞓,1
6776,密裝腰鞓割,1
6777,裝腰鞓割玉,1
6778,腰鞓割玉方,1
6779,鞓割玉方行,1
6780,割玉方行處,1
6781,玉方行處春,1
6782,方行處春風,1
6783,行處春風隨,1
6784,處春風隨馬,1
6785,春風隨馬尾,1
6786,風隨馬尾柳,1
6787,隨馬尾柳花,1
6788,馬尾柳花偏,1
6789,尾柳花偏打,1
6790,柳花偏打內,1
6791,花偏打內家,1
6792,偏打內家香,1
6793,打內家香雍,1
6794,內家香雍州,1
6795,家香雍州二,1
6796,香雍州二月,1
6797,雍州二月梅,1
6798,州二月梅池,1
6799,二月梅池春,1
6800,月梅池春禦,1
6801,梅池春禦水,1
6802,池春禦水鵁,1
6803,春禦水鵁鶄,1
6804,禦水鵁鶄暖,1
6805,水鵁鶄暖白,1
6806,鵁鶄暖白蘋,1
6807,鶄暖白蘋試,1
6808,暖白蘋試問,1
6809,白蘋試問酒,1
6810,蘋試問酒旗,1
6811,試問酒旗歌,1
6812,問酒旗歌板,1
6813,酒旗歌板地,1
6814,旗歌板地今,1
6815,歌板地今朝,1
6816,板地今朝誰,1
6817,地今朝誰是,1
6818,今朝誰是拗,1
6819,朝誰是拗花,1
6820,誰是拗花人,1
6821,是拗花人河,1
6822,拗花人河轉,1
6823,花人河轉曙,1
6824,人河轉曙蕭,1
6825,河轉曙蕭蕭,1
6826,轉曙蕭蕭鴉,1
6827,曙蕭蕭鴉飛,1
6828,蕭蕭鴉飛睥,1
6829,蕭鴉飛睥睨,1
6830,鴉飛睥睨高,1
6831,飛睥睨高帆,1
6832,睥睨高帆長,1
6833,睨高帆長摽,1
6834,高帆長摽越,1
6835,帆長摽越甸,1
6836,長摽越甸壁,1
6837,摽越甸壁冷,1
6838,越甸壁冷掛,1
6839,甸壁冷掛吳,1
6840,壁冷掛吳刀,1
6841,冷掛吳刀淡,1
6842,掛吳刀淡菜,1
6843,吳刀淡菜生,1
6844,刀淡菜生寒,1
6845,淡菜生寒日,1
6846,菜生寒日鮞,1
6847,生寒日鮞魚,1
6848,寒日鮞魚潠,1
6849,日鮞魚潠白,1
6850,鮞魚潠白濤,1
6851,魚潠白濤水,1
6852,潠白濤水花,1
6853,白濤水花沾,1
6854,濤水花沾抹,1
6855,水花沾抹額,1
6856,花沾抹額旗,1
6857,沾抹額旗鼓,1
6858,抹額旗鼓夜,1
6859,額旗鼓夜迎,1
6860,旗鼓夜迎潮,1
6861,鼓夜迎潮謝,1
6862,夜迎潮謝秀,1
6863,迎潮謝秀才,1
6864,潮謝秀才有,1
6865,謝秀才有妾,1
6866,秀才有妾縞,1
6867,才有妾縞練,1
6868,有妾縞練改,1
6869,妾縞練改從,1
6870,縞練改從於,1
6871,練改從於人,1
6872,改從於人秀,1
6873,從於人秀才,1
6874,於人秀才引,1
6875,人秀才引留,1
6876,秀才引留之,1
6877,才引留之不,1
6878,引留之不得,1
6879,留之不得後,1
6880,之不得後生,1
6881,不得後生感,1
6882,得後生感憶,1
6883,後生感憶座,1
6884,生感憶座人,1
6885,感憶座人製,1
6886,憶座人製詩,1
6887,座人製詩嘲,1
6888,人製詩嘲謝,1
6889,製詩嘲謝賀,1
6890,詩嘲謝賀復,1
6891,嘲謝賀復繼,1
6892,謝賀復繼四,1
6893,賀復繼四首,1
6894,復繼四首誰,1
6895,繼四首誰知,1
6896,四首誰知泥,1
6897,首誰知泥憶,1
6898,誰知泥憶雲,1
6899,知泥憶雲望,1
6900,泥憶雲望斷,1
6901,憶雲望斷梨,1
6902,雲望斷梨花,1
6903,望斷梨花春,1
6904,斷梨花春荷,1
6905,梨花春荷絲,1
6906,花春荷絲制,1
6907,春荷絲制機,1
6908,荷絲制機練,1
6909,絲制機練竹,1
6910,制機練竹葉,1
6911,機練竹葉剪,1
6912,練竹葉剪花,1
6913,竹葉剪花裙,1
6914,葉剪花裙月,1
6915,剪花裙月明,1
6916,花裙月明啼,1
6917,裙月明啼阿,1
6918,月明啼阿姊,1
6919,明啼阿姊燈,1
6920,啼阿姊燈暗,1
6921,阿姊燈暗會,1
6922,姊燈暗會良,1
6923,燈暗會良人,1
6924,暗會良人也,1
6925,會良人也識,1
6926,良人也識君,1
6927,人也識君夫,1
6928,也識君夫婿,1
6929,識君夫婿金,1
6930,君夫婿金魚,1
6931,夫婿金魚掛,1
6932,婿金魚掛在,1
6933,金魚掛在身,1
6934,魚掛在身銅,1
6935,掛在身銅鏡,1
6936,在身銅鏡立,1
6937,身銅鏡立青,1
6938,銅鏡立青鸞,1
6939,鏡立青鸞燕,1
6940,立青鸞燕脂,1
6941,青鸞燕脂拂,1
6942,鸞燕脂拂紫,1
6943,燕脂拂紫綿,1
6944,脂拂紫綿腮,1
6945,拂紫綿腮花,1
6946,紫綿腮花弄,1
6947,綿腮花弄暗,1
6948,腮花弄暗粉,1
6949,花弄暗粉眼,1
6950,弄暗粉眼尾,1
6951,暗粉眼尾淚,1
6952,粉眼尾淚侵,1
6953,眼尾淚侵寒,1
6954,尾淚侵寒碧,1
6955,淚侵寒碧玉,1
6956,侵寒碧玉破,1
6957,寒碧玉破不,1
6958,碧玉破不復,1
6959,玉破不復瑤,1
6960,破不復瑤琴,1
6961,不復瑤琴重,1
6962,復瑤琴重撥,1
6963,瑤琴重撥弦,1
6964,琴重撥弦今,1
6965,重撥弦今日,1
6966,撥弦今日非,1
6967,弦今日非昔,1
6968,今日非昔日,1
6969,日非昔日何,1
6970,非昔日何人,1
6971,昔日何人敢,1
6972,日何人敢正,1
6973,何人敢正看,1
6974,人敢正看洞,1
6975,敢正看洞房,1
6976,正看洞房思,1
6977,看洞房思不,1
6978,洞房思不禁,1
6979,房思不禁蜂,1
6980,思不禁蜂子,1
6981,不禁蜂子作,1
6982,禁蜂子作花,1
6983,蜂子作花心,1
6984,子作花心灰,1
6985,作花心灰暖,1
6986,花心灰暖殘,1
6987,心灰暖殘香,1
6988,灰暖殘香炷,1
6989,暖殘香炷發,1
6990,殘香炷發冷,1
6991,香炷發冷青,1
6992,炷發冷青蟲,1
6993,發冷青蟲簪,1
6994,冷青蟲簪夜,1
6995,青蟲簪夜遙,1
6996,蟲簪夜遙燈,1
6997,簪夜遙燈焰,1
6998,夜遙燈焰短,1
6999,遙燈焰短睡,1
7000,燈焰短睡熟,1
7001,焰短睡熟小,1
7002,短睡熟小屏,1
7003,睡熟小屏深,1
7004,熟小屏深好,1
7005,小屏深好作,1
7006,屏深好作鴛,1
7007,深好作鴛鴦,1
7008,好作鴛鴦夢,1
7009,作鴛鴦夢南,1
7010,鴛鴦夢南城,1
7011,鴦夢南城罷,1
7012,夢南城罷搗,1
7013,南城罷搗砧,1
7014,城罷搗砧尋,1
7015,罷搗砧尋常,1
7016,搗砧尋常輕,1
7017,砧尋常輕宋,1
7018,尋常輕宋玉,1
7019,常輕宋玉今,1
7020,輕宋玉今日,1
7021,宋玉今日嫁,1
7022,玉今日嫁文,1
7023,今日嫁文鴦,1
7024,日嫁文鴦戟,1
7025,嫁文鴦戟幹,1
7026,文鴦戟幹橫,1
7027,鴦戟幹橫龍,1
7028,戟幹橫龍簴,1
7029,幹橫龍簴刀,1
7030,橫龍簴刀環,1
7031,龍簴刀環倚,1
7032,簴刀環倚桂,1
7033,刀環倚桂窗,1
7034,環倚桂窗邀,1
7035,倚桂窗邀人,1
7036,桂窗邀人裁,1
7037,窗邀人裁半,1
7038,邀人裁半袖,1
7039,人裁半袖端,1
7040,裁半袖端坐,1
7041,半袖端坐據,1
7042,袖端坐據胡,1
7043,端坐據胡床,1
7044,坐據胡床淚,1
7045,據胡床淚濕,1
7046,胡床淚濕紅,1
7047,床淚濕紅輪,1
7048,淚濕紅輪重,1
7049,濕紅輪重棲,1
7050,紅輪重棲烏,1
7051,輪重棲烏上,1
7052,重棲烏上井,1
7053,棲烏上井梁,1
7054,烏上井梁蟲,1
7055,上井梁蟲響,1
7056,井梁蟲響燈,1
7057,梁蟲響燈光,1
7058,蟲響燈光薄,1
7059,響燈光薄宵,1
7060,燈光薄宵寒,1
7061,光薄宵寒藥,1
7062,薄宵寒藥氣,1
7063,宵寒藥氣濃,1
7064,寒藥氣濃君,1
7065,藥氣濃君憐,1
7066,氣濃君憐垂,1
7067,濃君憐垂翅,1
7068,君憐垂翅客,1
7069,憐垂翅客辛,1
7070,垂翅客辛苦,1
7071,翅客辛苦尚,1
7072,客辛苦尚相,1
7073,辛苦尚相從,1
7074,苦尚相從巨,1
7075,尚相從巨鼻,1
7076,相從巨鼻宜,1
7077,從巨鼻宜山,1
7078,巨鼻宜山褐,1
7079,鼻宜山褐龐,1
7080,宜山褐龐眉,1
7081,山褐龐眉入,1
7082,褐龐眉入苦,1
7083,龐眉入苦吟,1
7084,眉入苦吟非,1
7085,入苦吟非君,1
7086,苦吟非君唱,1
7087,吟非君唱樂,1
7088,非君唱樂府,1
7089,君唱樂府誰,1
7090,唱樂府誰識,1
7091,樂府誰識怨,1
7092,府誰識怨秋,1
7093,誰識怨秋深,1
7094,識怨秋深行,1
7095,怨秋深行盡,1
7096,秋深行盡柳,1
7097,深行盡柳煙,1
7098,行盡柳煙下,1
7099,盡柳煙下馬,1
7100,柳煙下馬蹄,1
7101,煙下馬蹄白,1
7102,下馬蹄白翩,1
7103,馬蹄白翩翩,1
7104,蹄白翩翩恐,1
7105,白翩翩恐隨,1
7106,翩翩恐隨行,1
7107,翩恐隨行處,1
7108,恐隨行處盡,1
7109,隨行處盡何,1
7110,行處盡何忍,1
7111,處盡何忍重,1
7112,盡何忍重揚,1
7113,何忍重揚鞭,1
7114,忍重揚鞭雪,1
7115,重揚鞭雪下,1
7116,揚鞭雪下桂,1
7117,鞭雪下桂花,1
7118,雪下桂花稀,1
7119,下桂花稀啼,1
7120,桂花稀啼烏,1
7121,花稀啼烏被,1
7122,稀啼烏被彈,1
7123,啼烏被彈歸,1
7124,烏被彈歸關,1
7125,被彈歸關水,1
7126,彈歸關水乘,1
7127,歸關水乘驢,1
7128,關水乘驢影,1
7129,水乘驢影秦,1
7130,乘驢影秦風,1
7131,驢影秦風帽,1
7132,影秦風帽帶,1
7133,秦風帽帶垂,1
7134,風帽帶垂入,1
7135,帽帶垂入鄉,1
7136,帶垂入鄉試,1
7137,垂入鄉試萬,1
7138,入鄉試萬里,1
7139,鄉試萬里無,1
7140,試萬里無印,1
7141,萬里無印自,1
7142,里無印自堪,1
7143,無印自堪悲,1
7144,印自堪悲卿,1
7145,自堪悲卿卿,1
7146,堪悲卿卿忍,1
7147,悲卿卿忍相,1
7148,卿卿忍相問,1
7149,卿忍相問鏡,1
7150,忍相問鏡中,1
7151,相問鏡中雙,1
7152,問鏡中雙淚,1
7153,鏡中雙淚姿,1
7154,中雙淚姿園,1
7155,雙淚姿園中,1
7156,淚姿園中莫,1
7157,姿園中莫種,1
7158,園中莫種樹,1
7159,中莫種樹種,1
7160,莫種樹種樹,1
7161,種樹種樹四,1
7162,樹種樹四時,1
7163,種樹四時愁,1
7164,樹四時愁獨,1
7165,四時愁獨睡,1
7166,時愁獨睡南,1
7167,愁獨睡南床,1
7168,獨睡南床月,1
7169,睡南床月今,1
7170,南床月今秋,1
7171,床月今秋似,1
7172,月今秋似去,1
7173,今秋似去秋,1
7174,秋似去秋東,1
7175,似去秋東床,1
7176,去秋東床卷,1
7177,秋東床卷席,1
7178,東床卷席罷,1
7179,床卷席罷濩,1
7180,卷席罷濩落,1
7181,席罷濩落將,1
7182,罷濩落將行,1
7183,濩落將行去,1
7184,落將行去秋,1
7185,將行去秋白,1
7186,行去秋白遙,1
7187,去秋白遙遙,1
7188,秋白遙遙空,1
7189,白遙遙空日,1
7190,遙遙空日滿,1
7191,遙空日滿門,1
7192,空日滿門前,1
7193,日滿門前路,1
7194,滿門前路吳,1
7195,門前路吳苑,1
7196,前路吳苑曉,1
7197,路吳苑曉蒼,1
7198,吳苑曉蒼蒼,1
7199,苑曉蒼蒼宮,1
7200,曉蒼蒼宮衣,1
7201,蒼蒼宮衣水,1
7202,蒼宮衣水濺,1
7203,宮衣水濺黃,1
7204,衣水濺黃小,1
7205,水濺黃小鬟,1
7206,濺黃小鬟紅,1
7207,黃小鬟紅粉,1
7208,小鬟紅粉薄,1
7209,鬟紅粉薄騎,1
7210,紅粉薄騎馬,1
7211,粉薄騎馬佩,1
7212,薄騎馬佩珠,1
7213,騎馬佩珠長,1
7214,馬佩珠長路,1
7215,佩珠長路指,1
7216,珠長路指台,1
7217,長路指台城,1
7218,路指台城迥,1
7219,指台城迥羅,1
7220,台城迥羅熏,1
7221,城迥羅熏袴,1
7222,迥羅熏袴褶,1
7223,羅熏袴褶香,1
7224,熏袴褶香行,1
7225,袴褶香行雲,1
7226,褶香行雲沾,1
7227,香行雲沾翠,1
7228,行雲沾翠輦,1
7229,雲沾翠輦今,1
7230,沾翠輦今日,1
7231,翠輦今日似,1
7232,輦今日似襄,1
7233,今日似襄王,1
7234,日似襄王寶,1
7235,似襄王寶襪,1
7236,襄王寶襪菊,1
7237,王寶襪菊衣,1
7238,寶襪菊衣單,1
7239,襪菊衣單蕉,1
7240,菊衣單蕉花,1
7241,衣單蕉花密,1
7242,單蕉花密露,1
7243,蕉花密露寒,1
7244,花密露寒水,1
7245,密露寒水光,1
7246,露寒水光蘭,1
7247,寒水光蘭澤,1
7248,水光蘭澤葉,1
7249,光蘭澤葉帶,1
7250,蘭澤葉帶重,1
7251,澤葉帶重剪,1
7252,葉帶重剪刀,1
7253,帶重剪刀錢,1
7254,重剪刀錢角,1
7255,剪刀錢角暖,1
7256,刀錢角暖盤,1
7257,錢角暖盤弓,1
7258,角暖盤弓易,1
7259,暖盤弓易靴,1
7260,盤弓易靴長,1
7261,弓易靴長上,1
7262,易靴長上馬,1
7263,靴長上馬難,1
7264,長上馬難淚,1
7265,上馬難淚痕,1
7266,馬難淚痕沾,1
7267,難淚痕沾寢,1
7268,淚痕沾寢帳,1
7269,痕沾寢帳勻,1
7270,沾寢帳勻粉,1
7271,寢帳勻粉照,1
7272,帳勻粉照金,1
7273,勻粉照金鞍,1
7274,粉照金鞍剪,1
7275,照金鞍剪翅,1
7276,金鞍剪翅小,1
7277,鞍剪翅小鷹,1
7278,剪翅小鷹斜,1
7279,翅小鷹斜絛,1
7280,小鷹斜絛根,1
7281,鷹斜絛根玉,1
7282,斜絛根玉镟,1
7283,絛根玉镟花,1
7284,根玉镟花秋,1
7285,玉镟花秋垂,1
7286,镟花秋垂妝,1
7287,花秋垂妝鈿,1
7288,秋垂妝鈿粟,1
7289,垂妝鈿粟箭,1
7290,妝鈿粟箭箙,1
7291,鈿粟箭箙釘,1
7292,粟箭箙釘文,1
7293,箭箙釘文牙,1
7294,箙釘文牙狒,1
7295,釘文牙狒狒,1
7296,文牙狒狒啼,1
7297,牙狒狒啼深,1
7298,狒狒啼深竹,1
7299,狒啼深竹鵁,1
7300,啼深竹鵁鶄,1
7301,深竹鵁鶄老,1
7302,竹鵁鶄老濕,1
7303,鵁鶄老濕沙,1
7304,鶄老濕沙宮,1
7305,老濕沙宮官,1
7306,濕沙宮官燒,1
7307,沙宮官燒蠟,1
7308,宮官燒蠟火,1
7309,官燒蠟火飛,1
7310,燒蠟火飛燼,1
7311,蠟火飛燼汙,1
7312,火飛燼汙鉛,1
7313,飛燼汙鉛華,1
7314,燼汙鉛華十,1
7315,汙鉛華十騎,1
7316,鉛華十騎簇,1
7317,華十騎簇芙,1
7318,十騎簇芙蓉,1
7319,騎簇芙蓉宮,1
7320,簇芙蓉宮衣,1
7321,芙蓉宮衣小,1
7322,蓉宮衣小隊,1
7323,宮衣小隊紅,1
7324,衣小隊紅練,1
7325,小隊紅練香,1
7326,隊紅練香熏,1
7327,紅練香熏宋,1
7328,練香熏宋鵲,1
7329,香熏宋鵲尋,1
7330,熏宋鵲尋箭,1
7331,宋鵲尋箭踏,1
7332,鵲尋箭踏盧,1
7333,尋箭踏盧龍,1
7334,箭踏盧龍旗,1
7335,踏盧龍旗濕,1
7336,盧龍旗濕金,1
7337,龍旗濕金鈴,1
7338,旗濕金鈴重,1
7339,濕金鈴重霜,1
7340,金鈴重霜幹,1
7341,鈴重霜幹玉,1
7342,重霜幹玉鐙,1
7343,霜幹玉鐙空,1
7344,幹玉鐙空今,1
7345,玉鐙空今朝,1
7346,鐙空今朝畫,1
7347,空今朝畫眉,1
7348,今朝畫眉早,1
7349,朝畫眉早不,1
7350,畫眉早不待,1
7351,眉早不待景,1
7352,早不待景陽,1
7353,不待景陽鐘,1
7354,待景陽鐘秋,1
7355,景陽鐘秋至,1
7356,陽鐘秋至昭,1
7357,鐘秋至昭關,1
7358,秋至昭關後,1
7359,至昭關後當,1
7360,昭關後當知,1
7361,關後當知趙,1
7362,後當知趙國,1
7363,當知趙國寒,1
7364,知趙國寒系,1
7365,趙國寒系書,1
7366,國寒系書隨,1
7367,寒系書隨短,1
7368,系書隨短羽,1
7369,書隨短羽寫,1
7370,隨短羽寫恨,1
7371,短羽寫恨破,1
7372,羽寫恨破長,1
7373,寫恨破長箋,1
7374,恨破長箋病,1
7375,破長箋病客,1
7376,長箋病客眠,1
7377,箋病客眠清,1
7378,病客眠清曉,1
7379,客眠清曉疏,1
7380,眠清曉疏桐,1
7381,清曉疏桐墜,1
7382,曉疏桐墜綠,1
7383,疏桐墜綠鮮,1
7384,桐墜綠鮮城,1
7385,墜綠鮮城鴉,1
7386,綠鮮城鴉啼,1
7387,鮮城鴉啼粉,1
7388,城鴉啼粉堞,1
7389,鴉啼粉堞軍,1
7390,啼粉堞軍吹,1
7391,粉堞軍吹壓,1
7392,堞軍吹壓蘆,1
7393,軍吹壓蘆煙,1
7394,吹壓蘆煙岸,1
7395,壓蘆煙岸幘,1
7396,蘆煙岸幘褰,1
7397,煙岸幘褰沙,1
7398,岸幘褰沙幌,1
7399,幘褰沙幌枯,1
7400,褰沙幌枯塘,1
7401,沙幌枯塘臥,1
7402,幌枯塘臥折,1
7403,枯塘臥折蓮,1
7404,塘臥折蓮木,1
7405,臥折蓮木窗,1
7406,折蓮木窗銀,1
7407,蓮木窗銀跡,1
7408,木窗銀跡畫,1
7409,窗銀跡畫石,1
7410,銀跡畫石磴,1
7411,跡畫石磴水,1
7412,畫石磴水痕,1
7413,石磴水痕錢,1
7414,磴水痕錢旅,1
7415,水痕錢旅酒,1
7416,痕錢旅酒侵,1
7417,錢旅酒侵愁,1
7418,旅酒侵愁肺,1
7419,酒侵愁肺離,1
7420,侵愁肺離歌,1
7421,愁肺離歌繞,1
7422,肺離歌繞懦,1
7423,離歌繞懦弦,1
7424,歌繞懦弦詩,1
7425,繞懦弦詩封,1
7426,懦弦詩封兩,1
7427,弦詩封兩條,1
7428,詩封兩條淚,1
7429,封兩條淚露,1
7430,兩條淚露折,1
7431,條淚露折一,1
7432,淚露折一枝,1
7433,露折一枝蘭,1
7434,折一枝蘭莎,1
7435,一枝蘭莎老,1
7436,枝蘭莎老沙,1
7437,蘭莎老沙雞,1
7438,莎老沙雞泣,1
7439,老沙雞泣松,1
7440,沙雞泣松幹,1
7441,雞泣松幹瓦,1
7442,泣松幹瓦獸,1
7443,松幹瓦獸殘,1
7444,幹瓦獸殘覺,1
7445,瓦獸殘覺騎,1
7446,獸殘覺騎燕,1
7447,殘覺騎燕地,1
7448,覺騎燕地馬,1
7449,騎燕地馬夢,1
7450,燕地馬夢載,1
7451,地馬夢載楚,1
7452,馬夢載楚溪,1
7453,夢載楚溪船,1
7454,載楚溪船椒,1
7455,楚溪船椒桂,1
7456,溪船椒桂傾,1
7457,船椒桂傾長,1
7458,椒桂傾長席,1
7459,桂傾長席鱸,1
7460,傾長席鱸魴,1
7461,長席鱸魴斫,1
7462,席鱸魴斫玳,1
7463,鱸魴斫玳筵,1
7464,魴斫玳筵豈,1
7465,斫玳筵豈能,1
7466,玳筵豈能忘,1
7467,筵豈能忘舊,1
7468,豈能忘舊路,1
7469,能忘舊路江,1
7470,忘舊路江島,1
7471,舊路江島滯,1
7472,路江島滯佳,1
7473,江島滯佳年,1
7474,島滯佳年夾,1
7475,滯佳年夾道,1
7476,佳年夾道開,1
7477,年夾道開洞,1
7478,戟簾影竹華,1
7479,簾影竹華起,1
7480,影竹華起簫,1
7481,竹華起簫聲,1
7482,華起簫聲吹,1
7483,丁香梢滿欄,1
7484,香梢滿欄花,1
7485,梢滿欄花向,1
7486,滿欄花向夕,1
7487,欄花向夕朝,1
7488,花向夕朝衣,1
7489,向夕朝衣不,1
7490,夕朝衣不須,1
7491,朝衣不須長,1
7492,衣不須長分,1
7493,不須長分花,1
7494,須長分花對,1
7495,長分花對袍,1
7496,分花對袍縫,1
7497,花對袍縫嚶,1
7498,對袍縫嚶嚶,1
7499,袍縫嚶嚶白,1
7500,縫嚶嚶白馬,1
7501,嚶嚶白馬來,1
7502,嚶白馬來滿,1
7503,白馬來滿腦,1
7504,馬來滿腦黃,1
7505,來滿腦黃金,1
7506,滿腦黃金重,1
7507,腦黃金重今,1
7508,黃金重今朝,1
7509,金重今朝香,1
7510,重今朝香氣,1
7511,今朝香氣苦,1
7512,朝香氣苦珊,1
7513,香氣苦珊瑚,1
7514,氣苦珊瑚澀,1
7515,苦珊瑚澀難,1
7516,珊瑚澀難枕,1
7517,瑚澀難枕且,1
7518,澀難枕且要,1
7519,難枕且要弄,1
7520,枕且要弄風,1
7521,且要弄風人,1
7522,要弄風人暖,1
7523,弄風人暖蒲,1
7524,風人暖蒲沙,1
7525,人暖蒲沙上,1
7526,暖蒲沙上飲,1
7527,蒲沙上飲燕,1
7528,沙上飲燕語,1
7529,上飲燕語踏,1
7530,飲燕語踏簾,1
7531,燕語踏簾鉤,1
7532,語踏簾鉤日,1
7533,踏簾鉤日虹,1
7534,簾鉤日虹屏,1
7535,鉤日虹屏中,1
7536,日虹屏中碧,1
7537,虹屏中碧潘,1
7538,屏中碧潘令,1
7539,中碧潘令在,1
7540,碧潘令在河,1
7541,潘令在河陽,1
7542,令在河陽無,1
7543,在河陽無人,1
7544,河陽無人死,1
7545,陽無人死芳,1
7546,無人死芳色,1
7547,人死芳色觴,1
7548,死芳色觴酣,1
7549,芳色觴酣出,1
7550,色觴酣出座,1
7551,觴酣出座東,1
7552,酣出座東方,1
7553,出座東方高,1
7554,座東方高腰,1
7555,東方高腰橫,1
7556,方高腰橫半,1
7557,高腰橫半解,1
7558,腰橫半解星,1
7559,橫半解星勞,1
7560,半解星勞勞,1
7561,解星勞勞柳,1
7562,星勞勞柳苑,1
7563,勞勞柳苑鴉,1
7564,勞柳苑鴉啼,1
7565,柳苑鴉啼公,1
7566,苑鴉啼公主,1
7567,鴉啼公主醉,1
7568,啼公主醉薄,1
7569,公主醉薄露,1
7570,主醉薄露壓,1
7571,醉薄露壓花,1
7572,薄露壓花蕙,1
7573,露壓花蕙園,1
7574,壓花蕙園氣,1
7575,花蕙園氣玉,1
7576,蕙園氣玉轉,1
7577,園氣玉轉濕,1
7578,氣玉轉濕絲,1
7579,玉轉濕絲牽,1
7580,轉濕絲牽曉,1
7581,濕絲牽曉水,1
7582,絲牽曉水熟,1
7583,牽曉水熟粉,1
7584,曉水熟粉生,1
7585,水熟粉生香,1
7586,熟粉生香琅,1
7587,粉生香琅玕,1
7588,生香琅玕紫,1
7589,香琅玕紫夜,1
7590,琅玕紫夜飲,1
7591,玕紫夜飲朝,1
7592,紫夜飲朝眠,1
7593,夜飲朝眠斷,1
7594,飲朝眠斷無,1
7595,朝眠斷無事,1
7596,眠斷無事楚,1
7597,斷無事楚羅,1
7598,無事楚羅之,1
7599,事楚羅之幃,1
7600,楚羅之幃臥,1
7601,羅之幃臥皇,1
7602,之幃臥皇子,1
7603,幃臥皇子人,1
7604,臥皇子人間,1
7605,皇子人間無,1
7606,子人間無阿,1
7607,人間無阿童,1
7608,間無阿童猶,1
7609,無阿童猶唱,1
7610,阿童猶唱水,1
7611,童猶唱水中,1
7612,猶唱水中龍,1
7613,唱水中龍白,1
7614,水中龍白草,1
7615,中龍白草侵,1
7616,龍白草侵煙,1
7617,白草侵煙死,1
7618,草侵煙死秋,1
7619,侵煙死秋梨,1
7620,煙死秋梨繞,1
7621,死秋梨繞地,1
7622,秋梨繞地紅,1
7623,梨繞地紅古,1
7624,繞地紅古書,1
7625,地紅古書平,1
7626,紅古書平黑,1
7627,古書平黑石,1
7628,書平黑石袖,1
7629,平黑石袖劍,1
7630,黑石袖劍斷,1
7631,石袖劍斷青,1
7632,袖劍斷青銅,1
7633,劍斷青銅耕,1
7634,斷青銅耕勢,1
7635,青銅耕勢魚,1
7636,銅耕勢魚鱗,1
7637,耕勢魚鱗起,1
7638,勢魚鱗起墳,1
7639,魚鱗起墳科,1
7640,鱗起墳科馬,1
7641,起墳科馬鬣,1
7642,墳科馬鬣封,1
7643,科馬鬣封菊,1
7644,馬鬣封菊花,1
7645,鬣封菊花垂,1
7646,封菊花垂濕,1
7647,菊花垂濕露,1
7648,花垂濕露棘,1
7649,垂濕露棘徑,1
7650,濕露棘徑臥,1
7651,露棘徑臥幹,1
7652,棘徑臥幹蓬,1
7653,徑臥幹蓬松,1
7654,臥幹蓬松柏,1
7655,幹蓬松柏愁,1
7656,蓬松柏愁香,1
7657,松柏愁香澀,1
7658,柏愁香澀南,1
7659,愁香澀南原,1
7660,香澀南原幾,1
7661,澀南原幾夜,1
7662,南原幾夜風,1
7663,原幾夜風悲,1
7664,幾夜風悲滿,1
7665,夜風悲滿千,1
7666,風悲滿千里,1
7667,悲滿千里心,1
7668,滿千里心日,1
7669,千里心日暖,1
7670,里心日暖南,1
7671,心日暖南山,1
7672,日暖南山石,1
7673,暖南山石不,1
7674,南山石不謁,1
7675,山石不謁承,1
7676,石不謁承明,1
7677,不謁承明廬,1
7678,謁承明廬老,1
7679,承明廬老作,1
7680,明廬老作平,1
7681,廬老作平原,1
7682,老作平原客,1
7683,作平原客四,1
7684,平原客四時,1
7685,原客四時別,1
7686,客四時別家,1
7687,四時別家廟,1
7688,時別家廟三,1
7689,別家廟三年,1
7690,家廟三年去,1
7691,廟三年去鄉,1
7692,三年去鄉國,1
7693,年去鄉國旅,1
7694,去鄉國旅歌,1
7695,鄉國旅歌屢,1
7696,國旅歌屢彈,1
7697,旅歌屢彈鋏,1
7698,歌屢彈鋏歸,1
7699,屢彈鋏歸問,1
7700,彈鋏歸問時,1
7701,鋏歸問時裂,1
7702,歸問時裂帛,1
7703,問時裂帛落,1
7704,時裂帛落莫,1
7705,裂帛落莫誰,1
7706,帛落莫誰家,1
7707,落莫誰家子,1
7708,莫誰家子來,1
7709,誰家子來感,1
7710,家子來感長,1
7711,子來感長安,1
7712,來感長安秋,1
7713,感長安秋壯,1
7714,長安秋壯年,1
7715,安秋壯年抱,1
7716,秋壯年抱羈,1
7717,壯年抱羈恨,1
7718,年抱羈恨夢,1
7719,抱羈恨夢泣,1
7720,羈恨夢泣生,1
7721,恨夢泣生白,1
7722,夢泣生白頭,1
7723,泣生白頭瘦,1
7724,生白頭瘦馬,1
7725,白頭瘦馬秣,1
7726,頭瘦馬秣敗,1
7727,瘦馬秣敗草,1
7728,馬秣敗草雨,1
7729,秣敗草雨沫,1
7730,敗草雨沫飄,1
7731,草雨沫飄寒,1
7732,雨沫飄寒溝,1
7733,沫飄寒溝南,1
7734,飄寒溝南宮,1
7735,寒溝南宮古,1
7736,溝南宮古簾,1
7737,南宮古簾暗,1
7738,宮古簾暗濕,1
7739,古簾暗濕景,1
7740,簾暗濕景傳,1
7741,暗濕景傳簽,1
7742,濕景傳簽籌,1
7743,景傳簽籌家,1
7744,傳簽籌家山,1
7745,簽籌家山遠,1
7746,籌家山遠千,1
7747,家山遠千里,1
7748,山遠千里雲,1
7749,遠千里雲腳,1
7750,千里雲腳天,1
7751,里雲腳天東,1
7752,雲腳天東頭,1
7753,腳天東頭憂,1
7754,天東頭憂眠,1
7755,東頭憂眠枕,1
7756,頭憂眠枕劍,1
7757,憂眠枕劍匣,1
7758,眠枕劍匣客,1
7759,枕劍匣客帳,1
7760,劍匣客帳夢,1
7761,匣客帳夢封,1
7762,客帳夢封侯,1
7763,帳夢封侯灣,1
7764,夢封侯灣頭,1
7765,封侯灣頭見,1
7766,侯灣頭見小,1
7767,灣頭見小憐,1
7768,頭見小憐請,1
7769,見小憐請上,1
7770,小憐請上琵,1
7771,憐請上琵琶,1
7772,請上琵琶弦,1
7773,上琵琶弦破,1
7774,琵琶弦破得,1
7775,琶弦破得春,1
7776,弦破得春風,1
7777,破得春風恨,1
7778,得春風恨今,1
7779,春風恨今朝,1
7780,風恨今朝直,1
7781,恨今朝直幾,1
7782,今朝直幾錢,1
7783,朝直幾錢裙,1
7784,直幾錢裙垂,1
7785,幾錢裙垂竹,1
7786,錢裙垂竹葉,1
7787,裙垂竹葉帶,1
7788,垂竹葉帶鬢,1
7789,竹葉帶鬢濕,1
7790,葉帶鬢濕杏,1
7791,帶鬢濕杏花,1
7792,鬢濕杏花煙,1
7793,濕杏花煙玉,1
7794,杏花煙玉冷,1
7795,花煙玉冷紅,1
7796,煙玉冷紅絲,1
7797,玉冷紅絲重,1
7798,冷紅絲重齊,1
7799,紅絲重齊宮,1
7800,絲重齊宮妾,1
7801,重齊宮妾駕,1
7802,齊宮妾駕鞭,1
7803,宮妾駕鞭長,1
7804,妾駕鞭長安,1
7805,駕鞭長安有,1
7806,鞭長安有男,1
7807,長安有男兒,1
7808,安有男兒二,1
7809,有男兒二十,1
7810,男兒二十心,1
7811,兒二十心已,1
7812,二十心已朽,1
7813,十心已朽楞,1
7814,心已朽楞伽,1
7815,已朽楞伽堆,1
7816,朽楞伽堆案,1
7817,楞伽堆案前,1
7818,伽堆案前楚,1
7819,堆案前楚辭,1
7820,案前楚辭系,1
7821,前楚辭系肘,1
7822,楚辭系肘後,1
7823,辭系肘後人,1
7824,系肘後人生,1
7825,肘後人生有,1
7826,後人生有窮,1
7827,人生有窮拙,1
7828,生有窮拙日,1
7829,有窮拙日暮,1
7830,窮拙日暮聊,1
7831,拙日暮聊飲,1
7832,日暮聊飲酒,1
7833,暮聊飲酒只,1
7834,聊飲酒只今,1
7835,飲酒只今道,1
7836,酒只今道已,1
7837,只今道已塞,1
7838,今道已塞何,1
7839,道已塞何必,1
7840,已塞何必須,1
7841,塞何必須白,1
7842,何必須白首,1
7843,必須白首淒,1
7844,須白首淒淒,1
7845,白首淒淒陳,1
7846,首淒淒陳述,1
7847,淒淒陳述聖,1
7848,淒陳述聖披,1
7849,陳述聖披褐,1
7850,述聖披褐鉏,1
7851,聖披褐鉏俎,1
7852,披褐鉏俎豆,1
7853,褐鉏俎豆學,1
7854,鉏俎豆學為,1
7855,俎豆學為堯,1
7856,豆學為堯舜,1
7857,學為堯舜文,1
7858,為堯舜文時,1
7859,堯舜文時人,1
7860,舜文時人責,1
7861,文時人責衰,1
7862,時人責衰偶,1
7863,人責衰偶柴,1
7864,責衰偶柴門,1
7865,衰偶柴門車,1
7866,偶柴門車轍,1
7867,柴門車轍凍,1
7868,門車轍凍日,1
7869,車轍凍日下,1
7870,轍凍日下榆,1
7871,凍日下榆影,1
7872,日下榆影瘦,1
7873,下榆影瘦黃,1
7874,榆影瘦黃昏,1
7875,影瘦黃昏訪,1
7876,瘦黃昏訪我,1
7877,黃昏訪我來,1
7878,昏訪我來苦,1
7879,訪我來苦節,1
7880,我來苦節青,1
7881,來苦節青陽,1
7882,苦節青陽皺,1
7883,節青陽皺太,1
7884,青陽皺太華,1
7885,陽皺太華五,1
7886,皺太華五千,1
7887,太華五千仞,1
7888,華五千仞劈,1
7889,五千仞劈地,1
7890,千仞劈地抽,1
7891,仞劈地抽森,1
7892,劈地抽森秀,1
7893,地抽森秀旁,1
7894,抽森秀旁古,1
7895,森秀旁古無,1
7896,秀旁古無寸,1
7897,旁古無寸尋,1
7898,古無寸尋一,1
7899,無寸尋一上,1
7900,寸尋一上戛,1
7901,尋一上戛牛,1
7902,一上戛牛鬥,1
7903,上戛牛鬥公,1
7904,戛牛鬥公卿,1
7905,牛鬥公卿縱,1
7906,鬥公卿縱不,1
7907,公卿縱不憐,1
7908,卿縱不憐寧,1
7909,縱不憐寧能,1
7910,不憐寧能鎖,1
7911,憐寧能鎖吾,1
7912,寧能鎖吾口,1
7913,能鎖吾口李,1
7914,鎖吾口李生,1
7915,吾口李生師,1
7916,口李生師太,1
7917,李生師太華,1
7918,生師太華大,1
7919,師太華大坐,1
7920,太華大坐看,1
7921,華大坐看白,1
7922,大坐看白晝,1
7923,坐看白晝逢,1
7924,看白晝逢霜,1
7925,白晝逢霜作,1
7926,晝逢霜作樸,1
7927,逢霜作樸樕,1
7928,霜作樸樕得,1
7929,作樸樕得氣,1
7930,樸樕得氣為,1
7931,樕得氣為春,1
7932,得氣為春柳,1
7933,氣為春柳禮,1
7934,為春柳禮節,1
7935,春柳禮節乃,1
7936,柳禮節乃相,1
7937,禮節乃相去,1
7938,節乃相去憔,1
7939,乃相去憔悴,1
7940,相去憔悴如,1
7941,去憔悴如芻,1
7942,憔悴如芻狗,1
7943,悴如芻狗風,1
7944,如芻狗風雪,1
7945,芻狗風雪直,1
7946,狗風雪直齋,1
7947,風雪直齋壇,1
7948,雪直齋壇墨,1
7949,直齋壇墨組,1
7950,齋壇墨組貫,1
7951,壇墨組貫銅,1
7952,墨組貫銅綬,1
7953,組貫銅綬臣,1
7954,貫銅綬臣妾,1
7955,銅綬臣妾氣,1
7956,綬臣妾氣態,1
7957,臣妾氣態間,1
7958,妾氣態間唯,1
7959,氣態間唯欲,1
7960,態間唯欲承,1
7961,間唯欲承箕,1
7962,唯欲承箕帚,1
7963,欲承箕帚天,1
7964,承箕帚天眼,1
7965,箕帚天眼何,1
7966,帚天眼何時,1
7967,天眼何時開,1
7968,眼何時開古,1
7969,何時開古劍,1
7970,時開古劍庸,1
7971,開古劍庸一,1
7972,古劍庸一吼,1
7973,劍庸一吼秋,1
7974,庸一吼秋水,1
7975,一吼秋水釣,1
7976,吼秋水釣紅,1
7977,秋水釣紅渠,1
7978,水釣紅渠仙,1
7979,釣紅渠仙人,1
7980,紅渠仙人待,1
7981,渠仙人待素,1
7982,仙人待素書,1
7983,人待素書菱,1
7984,待素書菱絲,1
7985,素書菱絲縈,1
7986,書菱絲縈獨,1
7987,菱絲縈獨繭,1
7988,絲縈獨繭蒲,1
7989,縈獨繭蒲米,1
7990,獨繭蒲米蟄,1
7991,繭蒲米蟄雙,1
7992,蒲米蟄雙魚,1
7993,米蟄雙魚斜,1
7994,蟄雙魚斜竹,1
7995,雙魚斜竹垂,1
7996,魚斜竹垂清,1
7997,斜竹垂清沼,1
7998,竹垂清沼長,1
7999,垂清沼長綸,1
8000,清沼長綸貫,1
8001,沼長綸貫碧,1
8002,長綸貫碧虛,1
8003,綸貫碧虛餌,1
8004,貫碧虛餌懸,1
8005,碧虛餌懸春,1
8006,虛餌懸春蜥,1
8007,餌懸春蜥蜴,1
8008,懸春蜥蜴鉤,1
8009,春蜥蜴鉤墜,1
8010,蜥蜴鉤墜小,1
8011,蜴鉤墜小蟾,1
8012,鉤墜小蟾蜍,1
8013,墜小蟾蜍詹,1
8014,小蟾蜍詹子,1
8015,蟾蜍詹子情,1
8016,蜍詹子情無,1
8017,詹子情無限,1
8018,子情無限龍,1
8019,情無限龍陽,1
8020,無限龍陽恨,1
8021,限龍陽恨有,1
8022,龍陽恨有餘,1
8023,陽恨有餘為,1
8024,恨有餘為看,1
8025,有餘為看煙,1
8026,餘為看煙浦,1
8027,為看煙浦上,1
8028,看煙浦上楚,1
8029,煙浦上楚女,1
8030,浦上楚女淚,1
8031,上楚女淚沾,1
8032,楚女淚沾裾,1
8033,女淚沾裾空,1
8034,淚沾裾空留,1
8035,沾裾空留三,1
8036,裾空留三尺,1
8037,空留三尺劍,1
8038,留三尺劍不,1
8039,三尺劍不用,1
8040,尺劍不用一,1
8041,劍不用一丸,1
8042,不用一丸泥,1
8043,用一丸泥馬,1
8044,一丸泥馬向,1
8045,丸泥馬向沙,1
8046,泥馬向沙場,1
8047,馬向沙場去,1
8048,向沙場去人,1
8049,沙場去人歸,1
8050,場去人歸故,1
8051,去人歸故國,1
8052,人歸故國來,1
8053,歸故國來笛,1
8054,故國來笛愁,1
8055,國來笛愁翻,1
8056,來笛愁翻隴,1
8057,笛愁翻隴水,1
8058,愁翻隴水酒,1
8059,翻隴水酒喜,1
8060,隴水酒喜瀝,1
8061,水酒喜瀝春,1
8062,酒喜瀝春灰,1
8063,喜瀝春灰錦,1
8064,瀝春灰錦帶,1
8065,春灰錦帶休,1
8066,灰錦帶休驚,1
8067,錦帶休驚雁,1
8068,帶休驚雁羅,1
8069,休驚雁羅衣,1
8070,驚雁羅衣尚,1
8071,雁羅衣尚鬥,1
8072,羅衣尚鬥雞,1
8073,衣尚鬥雞還,1
8074,尚鬥雞還吳,1
8075,鬥雞還吳已,1
8076,雞還吳已渺,1
8077,還吳已渺渺,1
8078,吳已渺渺入,1
8079,已渺渺入郢,1
8080,渺渺入郢莫,1
8081,渺入郢莫淒,1
8082,入郢莫淒淒,1
8083,郢莫淒淒自,1
8084,莫淒淒自是,1
8085,淒淒自是桃,1
8086,淒自是桃李,1
8087,自是桃李樹,1
8088,是桃李樹何,1
8089,桃李樹何畏,1
8090,李樹何畏不,1
8091,樹何畏不成,1
8092,何畏不成蹊,1
8093,畏不成蹊本,1
8094,不成蹊本是,1
8095,成蹊本是張,1
8096,蹊本是張公,1
8097,本是張公子,1
8098,是張公子曾,1
8099,張公子曾名,1
8100,公子曾名萼,1
8101,子曾名萼綠,1
8102,曾名萼綠華,1
8103,名萼綠華沉,1
8104,萼綠華沉香,1
8105,綠華沉香熏,1
8106,華沉香熏小,1
8107,沉香熏小像,1
8108,香熏小像楊,1
8109,熏小像楊柳,1
8110,小像楊柳伴,1
8111,像楊柳伴啼,1
8112,楊柳伴啼鴉,1
8113,柳伴啼鴉露,1
8114,伴啼鴉露重,1
8115,啼鴉露重金,1
8116,鴉露重金泥,1
8117,露重金泥冷,1
8118,重金泥冷杯,1
8119,金泥冷杯闌,1
8120,泥冷杯闌玉,1
8121,冷杯闌玉樹,1
8122,杯闌玉樹斜,1
8123,闌玉樹斜琴,1
8124,玉樹斜琴堂,1
8125,樹斜琴堂沽,1
8126,斜琴堂沽酒,1
8127,琴堂沽酒客,1
8128,堂沽酒客新,1
8129,沽酒客新買,1
8130,酒客新買後,1
8131,客新買後園,1
8132,新買後園花,1
8133,買後園花大,1
8134,後園花大婦,1
8135,園花大婦然,1
8136,花大婦然竹,1
8137,大婦然竹根,1
8138,婦然竹根中,1
8139,然竹根中婦,1
8140,竹根中婦舂,1
8141,根中婦舂玉,1
8142,中婦舂玉屑,1
8143,婦舂玉屑冬,1
8144,舂玉屑冬暖,1
8145,玉屑冬暖拾,1
8146,屑冬暖拾松,1
8147,冬暖拾松枝,1
8148,暖拾松枝日,1
8149,拾松枝日煙,1
8150,松枝日煙坐,1
8151,枝日煙坐蒙,1
8152,日煙坐蒙滅,1
8153,煙坐蒙滅木,1
8154,坐蒙滅木蘚,1
8155,蒙滅木蘚青,1
8156,滅木蘚青桐,1
8157,木蘚青桐老,1
8158,蘚青桐老石,1
8159,青桐老石井,1
8160,桐老石井水,1
8161,老石井水聲,1
8162,石井水聲發,1
8163,井水聲發曝,1
8164,水聲發曝背,1
8165,聲發曝背臥,1
8166,發曝背臥東,1
8167,曝背臥東亭,1
8168,背臥東亭桃,1
8169,臥東亭桃花,1
8170,東亭桃花滿,1
8171,亭桃花滿肌,1
8172,桃花滿肌骨,1
8173,花滿肌骨日,1
8174,滿肌骨日暖,1
8175,肌骨日暖自,1
8176,骨日暖自蕭,1
8177,日暖自蕭條,1
8178,暖自蕭條花,1
8179,自蕭條花悲,1
8180,蕭條花悲北,1
8181,條花悲北郭,1
8182,花悲北郭騷,1
8183,悲北郭騷榆,1
8184,北郭騷榆穿,1
8185,郭騷榆穿萊,1
8186,騷榆穿萊子,1
8187,榆穿萊子眼,1
8188,穿萊子眼柳,1
8189,萊子眼柳斷,1
8190,子眼柳斷舞,1
8191,眼柳斷舞兒,1
8192,柳斷舞兒腰,1
8193,斷舞兒腰上,1
8194,舞兒腰上幕,1
8195,兒腰上幕迎,1
8196,腰上幕迎神,1
8197,上幕迎神燕,1
8198,幕迎神燕飛,1
8199,迎神燕飛絲,1
8200,神燕飛絲送,1
8201,燕飛絲送百,1
8202,飛絲送百勞,1
8203,絲送百勞胡,1
8204,送百勞胡琴,1
8205,百勞胡琴今,1
8206,勞胡琴今日,1
8207,胡琴今日恨,1
8208,琴今日恨急,1
8209,今日恨急語,1
8210,日恨急語向,1
8211,恨急語向檀,1
8212,急語向檀槽,1
8213,語向檀槽彈,1
8214,向檀槽彈琴,1
8215,檀槽彈琴石,1
8216,槽彈琴石壁,1
8217,彈琴石壁上,1
8218,琴石壁上翻,1
8219,石壁上翻翻,1
8220,壁上翻翻一,1
8221,上翻翻一仙,1
8222,翻翻一仙人,1
8223,翻一仙人手,1
8224,一仙人手持,1
8225,仙人手持白,1
8226,人手持白鸞,1
8227,手持白鸞尾,1
8228,持白鸞尾夜,1
8229,白鸞尾夜掃,1
8230,鸞尾夜掃南,1
8231,尾夜掃南山,1
8232,夜掃南山雲,1
8233,掃南山雲鹿,1
8234,南山雲鹿飲,1
8235,山雲鹿飲寒,1
8236,雲鹿飲寒澗,1
8237,鹿飲寒澗下,1
8238,飲寒澗下魚,1
8239,寒澗下魚歸,1
8240,澗下魚歸清,1
8241,下魚歸清海,1
8242,魚歸清海濱,1
8243,歸清海濱當,1
8244,清海濱當時,1
8245,海濱當時漢,1
8246,濱當時漢武,1
8247,當時漢武帝,1
8248,時漢武帝書,1
8249,漢武帝書報,1
8250,武帝書報桃,1
8251,帝書報桃花,1
8252,書報桃花春,1
8253,報桃花春染,1
8254,桃花春染羅,1
8255,花春染羅衣,1
8256,春染羅衣秋,1
8257,染羅衣秋藍,1
8258,羅衣秋藍難,1
8259,衣秋藍難著,1
8260,秋藍難著色,1
8261,藍難著色不,1
8262,難著色不是,1
8263,著色不是無,1
8264,色不是無心,1
8265,不是無心人,1
8266,是無心人為,1
8267,無心人為作,1
8268,心人為作台,1
8269,人為作台邛,1
8270,為作台邛客,1
8271,作台邛客花,1
8272,台邛客花燒,1
8273,邛客花燒中,1
8274,客花燒中潬,1
8275,花燒中潬城,1
8276,燒中潬城顏,1
8277,中潬城顏郎,1
8278,潬城顏郎身,1
8279,城顏郎身已,1
8280,顏郎身已老,1
8281,郎身已老惜,1
8282,身已老惜許,1
8283,已老惜許兩,1
8284,老惜許兩少,1
8285,惜許兩少年,1
8286,許兩少年抽,1
8287,兩少年抽心,1
8288,少年抽心似,1
8289,年抽心似春,1
8290,抽心似春草,1
8291,心似春草今,1
8292,似春草今日,1
8293,春草今日見,1
8294,草今日見銀,1
8295,今日見銀牌,1
8296,日見銀牌今,1
8297,見銀牌今夜,1
8298,銀牌今夜鳴,1
8299,牌今夜鳴玉,1
8300,今夜鳴玉晏,1
8301,夜鳴玉晏牛,1
8302,鳴玉晏牛頭,1
8303,玉晏牛頭高,1
8304,晏牛頭高一,1
8305,牛頭高一尺,1
8306,頭高一尺隔,1
8307,高一尺隔坐,1
8308,一尺隔坐應,1
8309,尺隔坐應相,1
8310,隔坐應相見,1
8311,坐應相見月,1
8312,應相見月從,1
8313,相見月從東,1
8314,見月從東方,1
8315,月從東方來,1
8316,從東方來酒,1
8317,東方來酒從,1
8318,方來酒從東,1
8319,來酒從東方,1
8320,酒從東方轉,1
8321,從東方轉觥,1
8322,東方轉觥船,1
8323,方轉觥船飫,1
8324,轉觥船飫口,1
8325,觥船飫口紅,1
8326,船飫口紅蜜,1
8327,飫口紅蜜炬,1
8328,口紅蜜炬千,1
8329,紅蜜炬千枝,1
8330,蜜炬千枝爛,1
8331,炬千枝爛春,1
8332,千枝爛春柳,1
8333,枝爛春柳南,1
8334,爛春柳南陌,1
8335,春柳南陌態,1
8336,柳南陌態冷,1
8337,南陌態冷花,1
8338,陌態冷花寒,1
8339,態冷花寒露,1
8340,冷花寒露姿,1
8341,花寒露姿今,1
8342,寒露姿今朝,1
8343,露姿今朝醉,1
8344,姿今朝醉城,1
8345,今朝醉城外,1
8346,朝醉城外拂,1
8347,醉城外拂鏡,1
8348,城外拂鏡濃,1
8349,外拂鏡濃掃,1
8350,拂鏡濃掃眉,1
8351,鏡濃掃眉煙,1
8352,濃掃眉煙濕,1
8353,掃眉煙濕愁,1
8354,眉煙濕愁車,1
8355,煙濕愁車重,1
8356,濕愁車重紅,1
8357,愁車重紅油,1
8358,車重紅油覆,1
8359,重紅油覆畫,1
8360,紅油覆畫衣,1
8361,油覆畫衣舞,1
8362,覆畫衣舞裙,1
8363,畫衣舞裙香,1
8364,衣舞裙香不,1
8365,舞裙香不暖,1
8366,裙香不暖酒,1
8367,香不暖酒色,1
8368,不暖酒色上,1
8369,暖酒色上來,1
8370,酒色上來遲,1
8371,色上來遲朱,1
8372,上來遲朱城,1
8373,來遲朱城報,1
8374,遲朱城報春,1
8375,朱城報春更,1
8376,城報春更漏,1
8377,報春更漏轉,1
8378,春更漏轉光,1
8379,更漏轉光風,1
8380,漏轉光風催,1
8381,轉光風催蘭,1
8382,光風催蘭吹,1
8383,風催蘭吹小,1
8384,催蘭吹小殿,1
8385,蘭吹小殿草,1
8386,吹小殿草細,1
8387,小殿草細堪,1
8388,殿草細堪梳,1
8389,草細堪梳柳,1
8390,細堪梳柳長,1
8391,堪梳柳長如,1
8392,梳柳長如線,1
8393,柳長如線卷,1
8394,長如線卷衣,1
8395,如線卷衣秦,1
8396,線卷衣秦帝,1
8397,卷衣秦帝掃,1
8398,衣秦帝掃粉,1
8399,秦帝掃粉趙,1
8400,帝掃粉趙燕,1
8401,掃粉趙燕日,1
8402,粉趙燕日含,1
8403,趙燕日含畫,1
8404,燕日含畫幕,1
8405,日含畫幕蜂,1
8406,含畫幕蜂上,1
8407,畫幕蜂上羅,1
8408,幕蜂上羅薦,1
8409,蜂上羅薦平,1
8410,上羅薦平陽,1
8411,羅薦平陽花,1
8412,薦平陽花塢,1
8413,平陽花塢河,1
8414,陽花塢河陽,1
8415,花塢河陽花,1
8416,塢河陽花縣,1
8417,河陽花縣越,1
8418,陽花縣越婦,1
8419,花縣越婦支,1
8420,縣越婦支機,1
8421,越婦支機吳,1
8422,婦支機吳蠶,1
8423,支機吳蠶作,1
8424,機吳蠶作繭,1
8425,吳蠶作繭菱,1
8426,蠶作繭菱汀,1
8427,作繭菱汀系,1
8428,繭菱汀系帶,1
8429,菱汀系帶荷,1
8430,汀系帶荷塘,1
8431,系帶荷塘倚,1
8432,帶荷塘倚扇,1
8433,荷塘倚扇江,1
8434,塘倚扇江南,1
8435,倚扇江南有,1
8436,扇江南有情,1
8437,江南有情塞,1
8438,南有情塞北,1
8439,有情塞北無,1
8440,情塞北無恨,1
8441,塞北無恨深,1
8442,北無恨深井,1
8443,無恨深井桐,1
8444,恨深井桐烏,1
8445,起尚複牽情,1
8446,尚複牽情水,1
8447,複牽情水未,1
8448,牽情水未盥,1
8449,情水未盥邵,1
8450,未盥邵陵瓜,1
8451,盥邵陵瓜瓶,1
8452,邵陵瓜瓶中,1
8453,陵瓜瓶中弄,1
8454,瓜瓶中弄長,1
8455,弄長翠新成,1
8456,長翠新成安,1
8457,翠新成安樂,1
8458,新成安樂宮,1
8459,成安樂宮宮,1
8460,翅歌回蠟板,1
8461,歌回蠟板鳴,1
8462,回蠟板鳴左,1
8463,蠟板鳴左悺,1
8464,板鳴左悺提,1
8465,鳴左悺提壺,1
8466,左悺提壺使,1
8467,悺提壺使綠,1
8468,提壺使綠蘩,1
8469,壺使綠蘩悲,1
8470,使綠蘩悲水,1
8471,綠蘩悲水曲,1
8472,蘩悲水曲茱,1
8473,萸別秋子楊,1
8474,別秋子楊花,1
8475,秋子楊花撲,1
8476,子楊花撲帳,1
8477,楊花撲帳春,1
8478,花撲帳春雲,1
8479,撲帳春雲熱,1
8480,帳春雲熱龜,1
8481,春雲熱龜甲,1
8482,雲熱龜甲屏,1
8483,熱龜甲屏風,1
8484,龜甲屏風醉,1
8485,甲屏風醉眼,1
8486,屏風醉眼纈,1
8487,風醉眼纈東,1
8488,醉眼纈東家,1
8489,眼纈東家蝴,1
8490,纈東家蝴蝶,1
8491,東家蝴蝶西,1
8492,家蝴蝶西家,1
8493,蝴蝶西家飛,1
8494,蝶西家飛白,1
8495,西家飛白騎,1
8496,家飛白騎少,1
8497,飛白騎少年,1
8498,白騎少年今,1
8499,騎少年今日,1
8500,少年今日歸,1
8501,年今日歸風,1
8502,今日歸風彩,1
8503,日歸風彩出,1
8504,歸風彩出蕭,1
8505,風彩出蕭家,1
8506,彩出蕭家本,1
8507,出蕭家本是,1
8508,蕭家本是菖,1
8509,家本是菖蒲,1
8510,本是菖蒲花,1
8511,是菖蒲花南,1
8512,菖蒲花南塘,1
8513,蒲花南塘蓮,1
8514,花南塘蓮子,1
8515,南塘蓮子熟,1
8516,塘蓮子熟洗,1
8517,蓮子熟洗馬,1
8518,子熟洗馬走,1
8519,熟洗馬走江,1
8520,洗馬走江沙,1
8521,馬走江沙禦,1
8522,走江沙禦箋,1
8523,江沙禦箋銀,1
8524,沙禦箋銀沫,1
8525,禦箋銀沫冷,1
8526,箋銀沫冷長,1
8527,銀沫冷長簟,1
8528,沫冷長簟鳳,1
8529,冷長簟鳳窠,1
8530,長簟鳳窠斜,1
8531,簟鳳窠斜種,1
8532,鳳窠斜種柳,1
8533,窠斜種柳營,1
8534,斜種柳營中,1
8535,種柳營中暗,1
8536,柳營中暗題,1
8537,營中暗題書,1
8538,中暗題書賜,1
8539,暗題書賜館,1
8540,題書賜館娃,1
8541,書賜館娃蓮,1
8542,賜館娃蓮枝,1
8543,館娃蓮枝未,1
8544,娃蓮枝未長,1
8545,蓮枝未長秦,1
8546,枝未長秦蘅,1
8547,未長秦蘅老,1
8548,長秦蘅老走,1
8549,秦蘅老走馬,1
8550,蘅老走馬馱,1
8551,老走馬馱金,1
8552,走馬馱金劚,1
8553,馬馱金劚春,1
8554,馱金劚春草,1
8555,金劚春草水,1
8556,劚春草水灌,1
8557,春草水灌香,1
8558,草水灌香泥,1
8559,水灌香泥卻,1
8560,灌香泥卻月,1
8561,香泥卻月盆,1
8562,泥卻月盆一,1
8563,卻月盆一夜,1
8564,月盆一夜綠,1
8565,盆一夜綠房,1
8566,一夜綠房迎,1
8567,夜綠房迎白,1
8568,綠房迎白曉,1
8569,房迎白曉美,1
8570,迎白曉美人,1
8571,白曉美人醉,1
8572,曉美人醉語,1
8573,美人醉語園,1
8574,人醉語園中,1
8575,醉語園中煙,1
8576,語園中煙晚,1
8577,園中煙晚華,1
8578,中煙晚華已,1
8579,煙晚華已散,1
8580,晚華已散蝶,1
8581,華已散蝶又,1
8582,已散蝶又闌,1
8583,散蝶又闌梁,1
8584,蝶又闌梁王,1
8585,又闌梁王老,1
8586,闌梁王老去,1
8587,梁王老去羅,1
8588,王老去羅衣,1
8589,老去羅衣在,1
8590,去羅衣在拂,1
8591,羅衣在拂袖,1
8592,衣在拂袖風,1
8593,在拂袖風吹,1
8594,拂袖風吹蜀,1
8595,袖風吹蜀國,1
8596,風吹蜀國弦,1
8597,吹蜀國弦歸,1
8598,蜀國弦歸霞,1
8599,國弦歸霞帔,1
8600,弦歸霞帔拖,1
8601,歸霞帔拖蜀,1
8602,霞帔拖蜀帳,1
8603,帔拖蜀帳昏,1
8604,拖蜀帳昏嫣,1
8605,蜀帳昏嫣紅,1
8606,帳昏嫣紅落,1
8607,昏嫣紅落粉,1
8608,嫣紅落粉罷,1
8609,紅落粉罷承,1
8610,落粉罷承恩,1
8611,粉罷承恩檀,1
8612,罷承恩檀郎,1
8613,承恩檀郎謝,1
8614,恩檀郎謝女,1
8615,檀郎謝女眠,1
8616,郎謝女眠何,1
8617,謝女眠何處,1
8618,女眠何處樓,1
8619,眠何處樓臺,1
8620,何處樓臺月,1
8621,處樓臺月明,1
8622,樓臺月明燕,1
8623,臺月明燕夜,1
8624,月明燕夜語,1
8625,明燕夜語井,1
8626,燕夜語井上,1
8627,夜語井上轆,1
8628,語井上轆轤,1
8629,井上轆轤床,1
8630,上轆轤床上,1
8631,轆轤床上轉,1
8632,轤床上轉水,1
8633,床上轉水聲,1
8634,上轉水聲繁,1
8635,轉水聲繁弦,1
8636,水聲繁弦聲,1
8637,聲繁弦聲淺,1
8638,繁弦聲淺情,1
8639,弦聲淺情若,1
8640,聲淺情若何,1
8641,淺情若何荀,1
8642,情若何荀奉,1
8643,若何荀奉倩,1
8644,何荀奉倩城,1
8645,荀奉倩城頭,1
8646,奉倩城頭日,1
8647,倩城頭日長,1
8648,城頭日長向,1
8649,頭日長向城,1
8650,日長向城頭,1
8651,長向城頭住,1
8652,向城頭住一,1
8653,城頭住一日,1
8654,頭住一日作,1
8655,住一日作千,1
8656,一日作千年,1
8657,日作千年不,1
8658,作千年不須,1
8659,千年不須流,1
8660,年不須流下,1
8661,不須流下去,1
8662,須流下去秋,1
8663,流下去秋風,1
8664,下去秋風吹,1
8665,去秋風吹地,1
8666,秋風吹地百,1
8667,風吹地百草,1
8668,吹地百草幹,1
8669,地百草幹華,1
8670,百草幹華容,1
8671,草幹華容碧,1
8672,幹華容碧影,1
8673,華容碧影生,1
8674,容碧影生晚,1
8675,碧影生晚寒,1
8676,影生晚寒我,1
8677,生晚寒我當,1
8678,晚寒我當二,1
8679,寒我當二十,1
8680,我當二十不,1
8681,當二十不得,1
8682,二十不得意,1
8683,十不得意一,1
8684,不得意一心,1
8685,得意一心愁,1
8686,意一心愁謝,1
8687,一心愁謝如,1
8688,心愁謝如枯,1
8689,愁謝如枯蘭,1
8690,謝如枯蘭衣,1
8691,如枯蘭衣如,1
8692,枯蘭衣如飛,1
8693,蘭衣如飛鶉,1
8694,衣如飛鶉馬,1
8695,如飛鶉馬如,1
8696,飛鶉馬如狗,1
8697,鶉馬如狗臨,1
8698,馬如狗臨岐,1
8699,如狗臨岐擊,1
8700,狗臨岐擊劍,1
8701,臨岐擊劍生,1
8702,岐擊劍生銅,1
8703,擊劍生銅吼,1
8704,劍生銅吼旗,1
8705,生銅吼旗亭,1
8706,銅吼旗亭下,1
8707,吼旗亭下馬,1
8708,旗亭下馬解,1
8709,亭下馬解秋,1
8710,下馬解秋衣,1
8711,馬解秋衣請,1
8712,解秋衣請貰,1
8713,秋衣請貰宜,1
8714,衣請貰宜陽,1
8715,請貰宜陽一,1
8716,貰宜陽一壺,1
8717,宜陽一壺酒,1
8718,陽一壺酒壺,1
8719,一壺酒壺中,1
8720,壺酒壺中喚,1
8721,酒壺中喚天,1
8722,壺中喚天雲,1
8723,中喚天雲不,1
8724,喚天雲不開,1
8725,天雲不開白,1
8726,雲不開白晝,1
8727,不開白晝萬,1
8728,開白晝萬里,1
8729,白晝萬里閑,1
8730,晝萬里閑淒,1
8731,萬里閑淒迷,1
8732,里閑淒迷主,1
8733,閑淒迷主人,1
8734,淒迷主人勸,1
8735,迷主人勸我,1
8736,主人勸我養,1
8737,人勸我養心,1
8738,勸我養心骨,1
8739,我養心骨莫,1
8740,養心骨莫受,1
8741,心骨莫受俗,1
8742,骨莫受俗物,1
8743,莫受俗物相,1
8744,受俗物相填,1
8745,俗物相填越,1
8746,物相填越羅,1
8747,相填越羅衫,1
8748,填越羅衫袂,1
8749,越羅衫袂迎,1
8750,羅衫袂迎春,1
8751,衫袂迎春風,1
8752,袂迎春風玉,1
8753,迎春風玉刻,1
8754,春風玉刻麒,1
8755,風玉刻麒麟,1
8756,玉刻麒麟腰,1
8757,刻麒麟腰帶,1
8758,麒麟腰帶紅,1
8759,麟腰帶紅樓,1
8760,腰帶紅樓頭,1
8761,帶紅樓頭曲,1
8762,紅樓頭曲宴,1
8763,樓頭曲宴仙,1
8764,頭曲宴仙人,1
8765,曲宴仙人語,1
8766,宴仙人語帳,1
8767,仙人語帳底,1
8768,人語帳底吹,1
8769,語帳底吹笙,1
8770,帳底吹笙香,1
8771,底吹笙香霧,1
8772,吹笙香霧濃,1
8773,笙香霧濃人,1
8774,香霧濃人間,1
8775,霧濃人間酒,1
8776,濃人間酒暖,1
8777,人間酒暖春,1
8778,間酒暖春茫,1
8779,酒暖春茫茫,1
8780,暖春茫茫花,1
8781,春茫茫花枝,1
8782,茫茫花枝入,1
8783,茫花枝入簾,1
8784,花枝入簾白,1
8785,枝入簾白日,1
8786,入簾白日長,1
8787,簾白日長飛,1
8788,白日長飛窗,1
8789,日長飛窗複,1
8790,長飛窗複道,1
8791,飛窗複道傳,1
8792,窗複道傳籌,1
8793,複道傳籌飲,1
8794,道傳籌飲十,1
8795,傳籌飲十夜,1
8796,籌飲十夜銅,1
8797,飲十夜銅盤,1
8798,十夜銅盤膩,1
8799,夜銅盤膩燭,1
8800,銅盤膩燭黃,1
8801,盤膩燭黃禿,1
8802,膩燭黃禿衿,1
8803,燭黃禿衿小,1
8804,黃禿衿小袖,1
8805,禿衿小袖調,1
8806,衿小袖調鸚,1
8807,小袖調鸚鵡,1
8808,袖調鸚鵡紫,1
8809,調鸚鵡紫繡,1
8810,鸚鵡紫繡麻,1
8811,鵡紫繡麻踏,1
8812,紫繡麻踏哮,1
8813,繡麻踏哮虎,1
8814,麻踏哮虎斫,1
8815,踏哮虎斫桂,1
8816,哮虎斫桂燒,1
8817,虎斫桂燒金,1
8818,斫桂燒金待,1
8819,桂燒金待曉,1
8820,燒金待曉筵,1
8821,金待曉筵白,1
8822,待曉筵白鹿,1
8823,曉筵白鹿青,1
8824,筵白鹿青蘇,1
8825,白鹿青蘇夜,1
8826,鹿青蘇夜半,1
8827,青蘇夜半煮,1
8828,蘇夜半煮桐,1
8829,夜半煮桐英,1
8830,半煮桐英永,1
8831,煮桐英永巷,1
8832,桐英永巷騎,1
8833,英永巷騎新,1
8834,永巷騎新馬,1
8835,巷騎新馬內,1
8836,騎新馬內屋,1
8837,新馬內屋深,1
8838,馬內屋深屏,1
8839,內屋深屏生,1
8840,屋深屏生色,1
8841,深屏生色畫,1
8842,屏生色畫開,1
8843,生色畫開門,1
8844,色畫開門爛,1
8845,畫開門爛用,1
8846,開門爛用水,1
8847,門爛用水衡,1
8848,爛用水衡錢,1
8849,用水衡錢卷,1
8850,水衡錢卷起,1
8851,衡錢卷起黃,1
8852,錢卷起黃河,1
8853,卷起黃河向,1
8854,起黃河向身,1
8855,黃河向身瀉,1
8856,河向身瀉皇,1
8857,向身瀉皇天,1
8858,身瀉皇天厄,1
8859,瀉皇天厄運,1
8860,皇天厄運猶,1
8861,天厄運猶曾,1
8862,厄運猶曾裂,1
8863,運猶曾裂秦,1
8864,猶曾裂秦宮,1
8865,曾裂秦宮一,1
8866,裂秦宮一生,1
8867,秦宮一生花,1
8868,宮一生花底,1
8869,一生花底活,1
8870,生花底活鸞,1
8871,花底活鸞篦,1
8872,底活鸞篦奪,1
8873,活鸞篦奪得,1
8874,鸞篦奪得不,1
8875,篦奪得不還,1
8876,奪得不還人,1
8877,得不還人醉,1
8878,不還人醉睡,1
8879,還人醉睡氍,1
8880,人醉睡氍毹,1
8881,醉睡氍毹滿,1
8882,睡氍毹滿堂,1
8883,氍毹滿堂月,1
8884,毹滿堂月鄴,1
8885,滿堂月鄴城,1
8886,堂月鄴城中,1
8887,月鄴城中暮,1
8888,鄴城中暮塵,1
8889,城中暮塵起,1
8890,中暮塵起將,1
8891,暮塵起將黑,1
8892,塵起將黑丸,1
8893,起將黑丸斫,1
8894,將黑丸斫文,1
8895,黑丸斫文吏,1
8896,丸斫文吏棘,1
8897,斫文吏棘為,1
8898,文吏棘為鞭,1
8899,吏棘為鞭虎,1
8900,棘為鞭虎為,1
8901,為鞭虎為馬,1
8902,鞭虎為馬團,1
8903,虎為馬團團,1
8904,為馬團團走,1
8905,馬團團走鄴,1
8906,團團走鄴城,1
8907,團走鄴城下,1
8908,走鄴城下切,1
8909,鄴城下切玉,1
8910,城下切玉劍,1
8911,下切玉劍射,1
8912,切玉劍射日,1
8913,玉劍射日弓,1
8914,劍射日弓獻,1
8915,射日弓獻何,1
8916,日弓獻何人,1
8917,弓獻何人奉,1
8918,獻何人奉相,1
8919,何人奉相公,1
8920,人奉相公扶,1
8921,奉相公扶轂,1
8922,相公扶轂來,1
8923,公扶轂來關,1
8924,扶轂來關右,1
8925,轂來關右兒,1
8926,來關右兒香,1
8927,關右兒香掃,1
8928,右兒香掃塗,1
8929,兒香掃塗相,1
8930,香掃塗相公,1
8931,掃塗相公歸,1
8932,塗相公歸端,1
8933,相公歸端州,1
8934,公歸端州石,1
8935,歸端州石工,1
8936,端州石工巧,1
8937,州石工巧如,1
8938,石工巧如神,1
8939,工巧如神踏,1
8940,巧如神踏天,1
8941,如神踏天磨,1
8942,神踏天磨刀,1
8943,踏天磨刀割,1
8944,天磨刀割紫,1
8945,磨刀割紫雲,1
8946,刀割紫雲傭,1
8947,割紫雲傭刓,1
8948,紫雲傭刓抱,1
8949,雲傭刓抱水,1
8950,傭刓抱水含,1
8951,刓抱水含滿,1
8952,抱水含滿唇,1
8953,水含滿唇暗,1
8954,含滿唇暗灑,1
8955,滿唇暗灑萇,1
8956,唇暗灑萇弘,1
8957,暗灑萇弘冷,1
8958,灑萇弘冷血,1
8959,萇弘冷血痕,1
8960,弘冷血痕紗,1
8961,冷血痕紗帷,1
8962,血痕紗帷晝,1
8963,痕紗帷晝暖,1
8964,紗帷晝暖墨,1
8965,帷晝暖墨花,1
8966,晝暖墨花春,1
8967,暖墨花春輕,1
8968,墨花春輕漚,1
8969,花春輕漚漂,1
8970,春輕漚漂沫,1
8971,輕漚漂沫松,1
8972,漚漂沫松麝,1
8973,漂沫松麝熏,1
8974,沫松麝熏幹,1
8975,松麝熏幹膩,1
8976,麝熏幹膩薄,1
8977,熏幹膩薄重,1
8978,幹膩薄重立,1
8979,膩薄重立腳,1
8980,薄重立腳勻,1
8981,重立腳勻數,1
8982,立腳勻數寸,1
8983,腳勻數寸光,1
8984,勻數寸光秋,1
8985,數寸光秋無,1
8986,寸光秋無日,1
8987,光秋無日昏,1
8988,秋無日昏圓,1
8989,無日昏圓毫,1
8990,日昏圓毫促,1
8991,昏圓毫促點,1
8992,圓毫促點聲,1
8993,毫促點聲靜,1
8994,促點聲靜新,1
8995,點聲靜新孔,1
8996,聲靜新孔硯,1
8997,靜新孔硯寬,1
8998,新孔硯寬頑,1
8999,孔硯寬頑何,1
9000,硯寬頑何足,1
9001,寬頑何足雲,1
9002,頑何足雲新,1
9003,何足雲新桂,1
9004,足雲新桂如,1
9005,雲新桂如蛾,1
9006,新桂如蛾眉,1
9007,桂如蛾眉秋,1
9008,如蛾眉秋風,1
9009,蛾眉秋風吹,1
9010,眉秋風吹小,1
9011,秋風吹小綠,1
9012,風吹小綠行,1
9013,吹小綠行輪,1
9014,小綠行輪出,1
9015,綠行輪出門,1
9016,行輪出門去,1
9017,輪出門去玉,1
9018,出門去玉鑾,1
9019,門去玉鑾聲,1
9020,去玉鑾聲斷,1
9021,玉鑾聲斷續,1
9022,鑾聲斷續月,1
9023,聲斷續月軒,1
9024,斷續月軒下,1
9025,續月軒下風,1
9026,月軒下風露,1
9027,軒下風露曉,1
9028,下風露曉庭,1
9029,風露曉庭自,1
9030,露曉庭自幽,1
9031,曉庭自幽澀,1
9032,庭自幽澀誰,1
9033,自幽澀誰能,1
9034,幽澀誰能事,1
9035,澀誰能事貞,1
9036,誰能事貞素,1
9037,能事貞素臥,1
9038,事貞素臥聽,1
9039,貞素臥聽莎,1
9040,素臥聽莎雞,1
9041,臥聽莎雞泣,1
9042,聽莎雞泣月,1
9043,莎雞泣月落,1
9044,雞泣月落大,1
9045,泣月落大堤,1
9046,月落大堤上,1
9047,落大堤上女,1
9048,大堤上女垣,1
9049,堤上女垣棲,1
9050,上女垣棲烏,1
9051,女垣棲烏起,1
9052,垣棲烏起細,1
9053,棲烏起細露,1
9054,烏起細露濕,1
9055,起細露濕團,1
9056,細露濕團紅,1
9057,露濕團紅寒,1
9058,濕團紅寒香,1
9059,團紅寒香解,1
9060,紅寒香解夜,1
9061,寒香解夜醉,1
9062,香解夜醉女,1
9063,解夜醉女牛,1
9064,夜醉女牛渡,1
9065,醉女牛渡天,1
9066,女牛渡天河,1
9067,牛渡天河柳,1
9068,渡天河柳煙,1
9069,天河柳煙滿,1
9070,河柳煙滿城,1
9071,柳煙滿城曲,1
9072,煙滿城曲上,1
9073,滿城曲上客,1
9074,城曲上客留,1
9075,曲上客留斷,1
9076,上客留斷纓,1
9077,客留斷纓殘,1
9078,留斷纓殘蛾,1
9079,斷纓殘蛾鬥,1
9080,纓殘蛾鬥雙,1
9081,殘蛾鬥雙綠,1
9082,蛾鬥雙綠春,1
9083,鬥雙綠春帳,1
9084,雙綠春帳依,1
9085,綠春帳依微,1
9086,春帳依微蟬,1
9087,帳依微蟬翼,1
9088,依微蟬翼羅,1
9089,微蟬翼羅橫,1
9090,蟬翼羅橫茵,1
9091,翼羅橫茵突,1
9092,羅橫茵突金,1
9093,橫茵突金隱,1
9094,茵突金隱體,1
9095,突金隱體花,1
9096,金隱體花帳,1
9097,隱體花帳前,1
9098,體花帳前輕,1
9099,花帳前輕絮,1
9100,帳前輕絮鶴,1
9101,前輕絮鶴毛,1
9102,輕絮鶴毛起,1
9103,絮鶴毛起欲,1
9104,鶴毛起欲說,1
9105,毛起欲說春,1
9106,起欲說春心,1
9107,欲說春心無,1
9108,說春心無所,1
9109,春心無所似,1
9110,心無所似飛,1
9111,無所似飛光,1
9112,所似飛光飛,1
9113,似飛光飛光,1
9114,飛光飛光勸,1
9115,光飛光勸爾,1
9116,飛光勸爾一,1
9117,光勸爾一杯,1
9118,勸爾一杯酒,1
9119,爾一杯酒吾,1
9120,一杯酒吾不,1
9121,杯酒吾不識,1
9122,酒吾不識青,1
9123,吾不識青天,1
9124,不識青天高,1
9125,識青天高黃,1
9126,青天高黃地,1
9127,天高黃地厚,1
9128,高黃地厚唯,1
9129,黃地厚唯見,1
9130,地厚唯見月,1
9131,厚唯見月寒,1
9132,唯見月寒日,1
9133,見月寒日暖,1
9134,月寒日暖來,1
9135,寒日暖來煎,1
9136,日暖來煎人,1
9137,暖來煎人壽,1
9138,來煎人壽食,1
9139,煎人壽食熊,1
9140,人壽食熊則,1
9141,壽食熊則肥,1
9142,食熊則肥食,1
9143,熊則肥食蛙,1
9144,則肥食蛙則,1
9145,肥食蛙則瘦,1
9146,食蛙則瘦神,1
9147,蛙則瘦神君,1
9148,則瘦神君何,1
9149,瘦神君何在,1
9150,神君何在太,1
9151,君何在太一,1
9152,何在太一安,1
9153,在太一安有,1
9154,太一安有天,1
9155,一安有天東,1
9156,安有天東有,1
9157,有天東有若,1
9158,天東有若木,1
9159,東有若木下,1
9160,有若木下置,1
9161,若木下置銜,1
9162,木下置銜燭,1
9163,下置銜燭龍,1
9164,置銜燭龍吾,1
9165,銜燭龍吾將,1
9166,燭龍吾將斬,1
9167,龍吾將斬龍,1
9168,吾將斬龍足,1
9169,將斬龍足嚼,1
9170,斬龍足嚼龍,1
9171,龍足嚼龍肉,1
9172,足嚼龍肉使,1
9173,嚼龍肉使之,1
9174,龍肉使之朝,1
9175,肉使之朝不,1
9176,使之朝不得,1
9177,之朝不得回,1
9178,朝不得回夜,1
9179,不得回夜不,1
9180,得回夜不得,1
9181,回夜不得伏,1
9182,夜不得伏自,1
9183,不得伏自然,1
9184,得伏自然老,1
9185,伏自然老者,1
9186,自然老者不,1
9187,然老者不死,1
9188,老者不死少,1
9189,者不死少者,1
9190,不死少者不,1
9191,死少者不哭,1
9192,少者不哭何,1
9193,者不哭何為,1
9194,不哭何為服,1
9195,哭何為服黃,1
9196,何為服黃金,1
9197,為服黃金吞,1
9198,服黃金吞白,1
9199,黃金吞白玉,1
9200,金吞白玉誰,1
9201,吞白玉誰似,1
9202,白玉誰似任,1
9203,玉誰似任公,1
9204,誰似任公子,1
9205,似任公子雲,1
9206,任公子雲中,1
9207,公子雲中騎,1
9208,子雲中騎碧,1
9209,雲中騎碧驢,1
9210,中騎碧驢劉,1
9211,騎碧驢劉徹,1
9212,碧驢劉徹茂,1
9213,驢劉徹茂陵,1
9214,劉徹茂陵多,1
9215,徹茂陵多滯,1
9216,茂陵多滯骨,1
9217,陵多滯骨嬴,1
9218,多滯骨嬴政,1
9219,滯骨嬴政梓,1
9220,骨嬴政梓棺,1
9221,嬴政梓棺費,1
9222,政梓棺費鮑,1
9223,梓棺費鮑魚,1
9224,棺費鮑魚雲,1
9225,費鮑魚雲蕭,1
9226,鮑魚雲蕭索,1
9227,魚雲蕭索田,1
9228,雲蕭索田風,1
9229,蕭索田風拂,1
9230,索田風拂拂,1
9231,田風拂拂麥,1
9232,風拂拂麥芒,1
9233,拂拂麥芒如,1
9234,拂麥芒如篲,1
9235,麥芒如篲黍,1
9236,芒如篲黍如,1
9237,如篲黍如粟,1
9238,篲黍如粟關,1
9239,黍如粟關中,1
9240,如粟關中父,1
9241,粟關中父老,1
9242,關中父老百,1
9243,中父老百領,1
9244,父老百領襦,1
9245,老百領襦關,1
9246,百領襦關東,1
9247,領襦關東吏,1
9248,襦關東吏人,1
9249,關東吏人乏,1
9250,東吏人乏詬,1
9251,吏人乏詬租,1
9252,人乏詬租健,1
9253,乏詬租健犢,1
9254,詬租健犢春,1
9255,租健犢春耕,1
9256,健犢春耕土,1
9257,犢春耕土膏,1
9258,春耕土膏黑,1
9259,耕土膏黑菖,1
9260,土膏黑菖蒲,1
9261,膏黑菖蒲叢,1
9262,黑菖蒲叢叢,1
9263,菖蒲叢叢沿,1
9264,蒲叢叢沿水,1
9265,叢叢沿水脈,1
9266,叢沿水脈殷,1
9267,沿水脈殷勤,1
9268,水脈殷勤為,1
9269,脈殷勤為我,1
9270,殷勤為我下,1
9271,勤為我下田,1
9272,為我下田租,1
9273,我下田租百,1
9274,下田租百錢,1
9275,田租百錢攜,1
9276,租百錢攜償,1
9277,百錢攜償絲,1
9278,錢攜償絲桐,1
9279,攜償絲桐客,1
9280,償絲桐客遊,1
9281,絲桐客遊春,1
9282,桐客遊春漫,1
9283,客遊春漫光,1
9284,遊春漫光塢,1
9285,春漫光塢花,1
9286,漫光塢花白,1
9287,光塢花白野,1
9288,塢花白野林,1
9289,花白野林散,1
9290,白野林散香,1
9291,野林散香神,1
9292,林散香神降,1
9293,散香神降席,1
9294,香神降席拜,1
9295,神降席拜神,1
9296,降席拜神得,1
9297,席拜神得壽,1
9298,拜神得壽獻,1
9299,神得壽獻天,1
9300,得壽獻天子,1
9301,壽獻天子七,1
9302,獻天子七星,1
9303,天子七星貫,1
9304,子七星貫斷,1
9305,七星貫斷姮,1
9306,星貫斷姮娥,1
9307,貫斷姮娥死,1
9308,斷姮娥死束,1
9309,姮娥死束發,1
9310,娥死束發方,1
9311,死束發方讀,1
9312,束發方讀書,1
9313,發方讀書謀,1
9314,方讀書謀身,1
9315,讀書謀身苦,1
9316,書謀身苦不,1
9317,謀身苦不早,1
9318,身苦不早終,1
9319,苦不早終軍,1
9320,不早終軍未,1
9321,早終軍未乘,1
9322,終軍未乘傳,1
9323,軍未乘傳顏,1
9324,未乘傳顏子,1
9325,乘傳顏子鬢,1
9326,傳顏子鬢先,1
9327,顏子鬢先老,1
9328,子鬢先老天,1
9329,鬢先老天網,1
9330,先老天網信,1
9331,老天網信崇,1
9332,天網信崇大,1
9333,網信崇大矯,1
9334,信崇大矯士,1
9335,崇大矯士常,1
9336,大矯士常慅,1
9337,矯士常慅慅,1
9338,士常慅慅逸,1
9339,常慅慅逸目,1
9340,慅慅逸目駢,1
9341,慅逸目駢甘,1
9342,逸目駢甘華,1
9343,目駢甘華羈,1
9344,駢甘華羈心,1
9345,甘華羈心如,1
9346,華羈心如荼,1
9347,羈心如荼蓼,1
9348,心如荼蓼旱,1
9349,如荼蓼旱雲,1
9350,荼蓼旱雲二,1
9351,蓼旱雲二三,1
9352,旱雲二三月,1
9353,雲二三月岑,1
9354,二三月岑岫,1
9355,三月岑岫相,1
9356,月岑岫相顛,1
9357,岑岫相顛倒,1
9358,岫相顛倒誰,1
9359,相顛倒誰揭,1
9360,顛倒誰揭赬,1
9361,倒誰揭赬玉,1
9362,誰揭赬玉盤,1
9363,揭赬玉盤東,1
9364,赬玉盤東方,1
9365,玉盤東方發,1
9366,盤東方發紅,1
9367,東方發紅照,1
9368,方發紅照春,1
9369,發紅照春熱,1
9370,紅照春熱張,1
9371,照春熱張鶴,1
9372,春熱張鶴蓋,1
9373,熱張鶴蓋兔,1
9374,張鶴蓋兔目,1
9375,鶴蓋兔目官,1
9376,蓋兔目官槐,1
9377,兔目官槐小,1
9378,目官槐小思,1
9379,官槐小思焦,1
9380,槐小思焦面,1
9381,小思焦面如,1
9382,思焦面如病,1
9383,焦面如病嘗,1
9384,面如病嘗膽,1
9385,如病嘗膽腸,1
9386,病嘗膽腸似,1
9387,嘗膽腸似絞,1
9388,膽腸似絞京,1
9389,腸似絞京國,1
9390,似絞京國心,1
9391,絞京國心爛,1
9392,京國心爛漫,1
9393,國心爛漫夜,1
9394,心爛漫夜夢,1
9395,爛漫夜夢歸,1
9396,漫夜夢歸家,1
9397,夜夢歸家少,1
9398,夢歸家少發,1
9399,歸家少發軔,1
9400,家少發軔東,1
9401,少發軔東門,1
9402,發軔東門外,1
9403,軔東門外天,1
9404,東門外天地,1
9405,門外天地皆,1
9406,外天地皆浩,1
9407,天地皆浩浩,1
9408,地皆浩浩青,1
9409,皆浩浩青樹,1
9410,浩浩青樹驪,1
9411,浩青樹驪山,1
9412,青樹驪山頭,1
9413,樹驪山頭花,1
9414,驪山頭花風,1
9415,山頭花風滿,1
9416,頭花風滿秦,1
9417,花風滿秦道,1
9418,風滿秦道宮,1
9419,滿秦道宮台,1
9420,秦道宮台光,1
9421,道宮台光錯,1
9422,宮台光錯落,1
9423,台光錯落裝,1
9424,光錯落裝盡,1
9425,錯落裝盡偏,1
9426,落裝盡偏峰,1
9427,裝盡偏峰嶠,1
9428,盡偏峰嶠細,1
9429,偏峰嶠細綠,1
9430,峰嶠細綠及,1
9431,嶠細綠及團,1
9432,細綠及團紅,1
9433,綠及團紅當,1
9434,及團紅當路,1
9435,團紅當路雜,1
9436,紅當路雜啼,1
9437,當路雜啼笑,1
9438,路雜啼笑香,1
9439,雜啼笑香風,1
9440,啼笑香風下,1
9441,笑香風下高,1
9442,香風下高廣,1
9443,風下高廣鞍,1
9444,下高廣鞍馬,1
9445,高廣鞍馬正,1
9446,廣鞍馬正華,1
9447,鞍馬正華耀,1
9448,馬正華耀獨,1
9449,正華耀獨乘,1
9450,華耀獨乘雞,1
9451,耀獨乘雞棲,1
9452,獨乘雞棲車,1
9453,乘雞棲車自,1
9454,雞棲車自覺,1
9455,棲車自覺少,1
9456,車自覺少風,1
9457,自覺少風調,1
9458,覺少風調心,1
9459,少風調心曲,1
9460,風調心曲語,1
9461,調心曲語形,1
9462,心曲語形影,1
9463,曲語形影隻,1
9464,語形影隻身,1
9465,形影隻身焉,1
9466,影隻身焉足,1
9467,隻身焉足樂,1
9468,身焉足樂豈,1
9469,焉足樂豈能,1
9470,足樂豈能脫,1
9471,樂豈能脫負,1
9472,豈能脫負簷,1
9473,能脫負簷刻,1
9474,脫負簷刻鶴,1
9475,負簷刻鶴曾,1
9476,簷刻鶴曾無,1
9477,刻鶴曾無兆,1
9478,鶴曾無兆幽,1
9479,曾無兆幽幽,1
9480,無兆幽幽太,1
9481,兆幽幽太華,1
9482,幽幽太華側,1
9483,幽太華側老,1
9484,太華側老柏,1
9485,華側老柏如,1
9486,側老柏如建,1
9487,老柏如建纛,1
9488,柏如建纛龍,1
9489,如建纛龍皮,1
9490,建纛龍皮相,1
9491,纛龍皮相排,1
9492,龍皮相排戛,1
9493,皮相排戛翠,1
9494,相排戛翠羽,1
9495,排戛翠羽更,1
9496,戛翠羽更蕩,1
9497,翠羽更蕩掉,1
9498,羽更蕩掉驅,1
9499,更蕩掉驅趨,1
9500,蕩掉驅趨委,1
9501,掉驅趨委憔,1
9502,驅趨委憔悴,1
9503,趨委憔悴眺,1
9504,委憔悴眺覽,1
9505,憔悴眺覽強,1
9506,悴眺覽強容,1
9507,眺覽強容貌,1
9508,覽強容貌花,1
9509,強容貌花蔓,1
9510,容貌花蔓閡,1
9511,貌花蔓閡行,1
9512,花蔓閡行輈,1
9513,蔓閡行輈縠,1
9514,閡行輈縠煙,1
9515,行輈縠煙暝,1
9516,輈縠煙暝深,1
9517,縠煙暝深徼,1
9518,煙暝深徼少,1
9519,暝深徼少健,1
9520,深徼少健無,1
9521,徼少健無所,1
9522,少健無所就,1
9523,健無所就入,1
9524,無所就入門,1
9525,所就入門愧,1
9526,就入門愧家,1
9527,入門愧家老,1
9528,門愧家老聽,1
9529,愧家老聽講,1
9530,家老聽講依,1
9531,老聽講依大,1
9532,聽講依大樹,1
9533,講依大樹觀,1
9534,依大樹觀書,1
9535,大樹觀書臨,1
9536,樹觀書臨曲,1
9537,觀書臨曲沼,1
9538,書臨曲沼知,1
9539,臨曲沼知非,1
9540,曲沼知非出,1
9541,沼知非出柙,1
9542,知非出柙虎,1
9543,非出柙虎甘,1
9544,出柙虎甘作,1
9545,柙虎甘作藏,1
9546,虎甘作藏霧,1
9547,甘作藏霧豹,1
9548,作藏霧豹韓,1
9549,藏霧豹韓鳥,1
9550,霧豹韓鳥處,1
9551,豹韓鳥處矰,1
9552,韓鳥處矰繳,1
9553,鳥處矰繳湘,1
9554,處矰繳湘鯈,1
9555,矰繳湘鯈在,1
9556,繳湘鯈在籠,1
9557,湘鯈在籠罩,1
9558,鯈在籠罩狹,1
9559,在籠罩狹行,1
9560,籠罩狹行無,1
9561,罩狹行無廓,1
9562,狹行無廓落,1
9563,行無廓落壯,1
9564,無廓落壯士,1
9565,廓落壯士徒,1
9566,落壯士徒輕,1
9567,壯士徒輕躁,1
9568,士徒輕躁昌,1
9569,徒輕躁昌穀,1
9570,輕躁昌穀五,1
9571,躁昌穀五月,1
9572,昌穀五月稻,1
9573,穀五月稻細,1
9574,五月稻細青,1
9575,月稻細青滿,1
9576,稻細青滿平,1
9577,細青滿平水,1
9578,青滿平水遙,1
9579,滿平水遙巒,1
9580,平水遙巒相,1
9581,水遙巒相壓,1
9582,遙巒相壓疊,1
9583,巒相壓疊頹,1
9584,相壓疊頹綠,1
9585,壓疊頹綠愁,1
9586,疊頹綠愁墮,1
9587,頹綠愁墮地,1
9588,綠愁墮地光,1
9589,愁墮地光潔,1
9590,墮地光潔無,1
9591,地光潔無秋,1
9592,光潔無秋思,1
9593,潔無秋思涼,1
9594,無秋思涼曠,1
9595,秋思涼曠吹,1
9596,思涼曠吹浮,1
9597,涼曠吹浮媚,1
9598,曠吹浮媚竹,1
9599,吹浮媚竹香,1
9600,浮媚竹香滿,1
9601,媚竹香滿淒,1
9602,竹香滿淒寂,1
9603,香滿淒寂粉,1
9604,滿淒寂粉節,1
9605,淒寂粉節塗,1
9606,寂粉節塗生,1
9607,粉節塗生翠,1
9608,節塗生翠草,1
9609,塗生翠草發,1
9610,生翠草發垂,1
9611,翠草發垂恨,1
9612,草發垂恨鬢,1
9613,發垂恨鬢光,1
9614,垂恨鬢光露,1
9615,恨鬢光露泣,1
9616,鬢光露泣幽,1
9617,光露泣幽淚,1
9618,露泣幽淚層,1
9619,泣幽淚層圍,1
9620,幽淚層圍爛,1
9621,淚層圍爛洞,1
9622,層圍爛洞曲,1
9623,圍爛洞曲芳,1
9624,爛洞曲芳徑,1
9625,洞曲芳徑老,1
9626,曲芳徑老紅,1
9627,芳徑老紅醉,1
9628,徑老紅醉攢,1
9629,老紅醉攢蟲,1
9630,紅醉攢蟲鎪,1
9631,醉攢蟲鎪古,1
9632,攢蟲鎪古柳,1
9633,蟲鎪古柳蟬,1
9634,鎪古柳蟬子,1
9635,古柳蟬子鳴,1
9636,柳蟬子鳴高,1
9637,蟬子鳴高邃,1
9638,子鳴高邃大,1
9639,鳴高邃大帶,1
9640,高邃大帶委,1
9641,邃大帶委黃,1
9642,大帶委黃葛,1
9643,帶委黃葛紫,1
9644,委黃葛紫蒲,1
9645,黃葛紫蒲交,1
9646,葛紫蒲交狹,1
9647,紫蒲交狹涘,1
9648,蒲交狹涘石,1
9649,交狹涘石錢,1
9650,狹涘石錢差,1
9651,涘石錢差複,1
9652,石錢差複藉,1
9653,錢差複藉厚,1
9654,差複藉厚葉,1
9655,複藉厚葉皆,1
9656,藉厚葉皆蟠,1
9657,厚葉皆蟠膩,1
9658,葉皆蟠膩汰,1
9659,皆蟠膩汰沙,1
9660,蟠膩汰沙好,1
9661,膩汰沙好平,1
9662,汰沙好平白,1
9663,沙好平白立,1
9664,好平白立馬,1
9665,平白立馬印,1
9666,白立馬印青,1
9667,立馬印青字,1
9668,馬印青字晚,1
9669,印青字晚鱗,1
9670,青字晚鱗自,1
9671,字晚鱗自遨,1
9672,晚鱗自遨遊,1
9673,鱗自遨遊瘦,1
9674,自遨遊瘦鵠,1
9675,遨遊瘦鵠暝,1
9676,遊瘦鵠暝單,1
9677,瘦鵠暝單跱,1
9678,鵠暝單跱嘹,1
9679,暝單跱嘹嘹,1
9680,單跱嘹嘹濕,1
9681,跱嘹嘹濕蛄,1
9682,嘹嘹濕蛄聲,1
9683,嘹濕蛄聲咽,1
9684,濕蛄聲咽源,1
9685,蛄聲咽源驚,1
9686,聲咽源驚濺,1
9687,咽源驚濺起,1
9688,源驚濺起紆,1
9689,驚濺起紆緩,1
9690,濺起紆緩玉,1
9691,起紆緩玉真,1
9692,紆緩玉真路,1
9693,緩玉真路神,1
9694,玉真路神娥,1
9695,真路神娥蕙,1
9696,路神娥蕙花,1
9697,神娥蕙花裏,1
9698,娥蕙花裏苔,1
9699,蕙花裏苔絮,1
9700,花裏苔絮縈,1
9701,裏苔絮縈澗,1
9702,苔絮縈澗礫,1
9703,絮縈澗礫山,1
9704,縈澗礫山實,1
9705,澗礫山實垂,1
9706,礫山實垂赬,1
9707,山實垂赬紫,1
9708,實垂赬紫小,1
9709,垂赬紫小柏,1
9710,赬紫小柏儼,1
9711,紫小柏儼重,1
9712,小柏儼重扇,1
9713,柏儼重扇肥,1
9714,儼重扇肥松,1
9715,重扇肥松突,1
9716,扇肥松突丹,1
9717,肥松突丹髓,1
9718,松突丹髓鳴,1
9719,突丹髓鳴流,1
9720,丹髓鳴流走,1
9721,髓鳴流走響,1
9722,鳴流走響韻,1
9723,流走響韻壟,1
9724,走響韻壟秋,1
9725,響韻壟秋拖,1
9726,韻壟秋拖光,1
9727,壟秋拖光穟,1
9728,秋拖光穟鶯,1
9729,拖光穟鶯唱,1
9730,光穟鶯唱閔,1
9731,穟鶯唱閔女,1
9732,鶯唱閔女歌,1
9733,唱閔女歌瀑,1
9734,閔女歌瀑懸,1
9735,女歌瀑懸楚,1
9736,歌瀑懸楚練,1
9737,瀑懸楚練帔,1
9738,懸楚練帔風,1
9739,楚練帔風露,1
9740,練帔風露滿,1
9741,帔風露滿笑,1
9742,風露滿笑眼,1
9743,露滿笑眼駢,1
9744,滿笑眼駢岩,1
9745,笑眼駢岩雜,1
9746,眼駢岩雜舒,1
9747,駢岩雜舒墜,1
9748,岩雜舒墜亂,1
9749,雜舒墜亂條,1
9750,舒墜亂條迸,1
9751,墜亂條迸石,1
9752,亂條迸石嶺,1
9753,條迸石嶺細,1
9754,迸石嶺細頸,1
9755,石嶺細頸喧,1
9756,嶺細頸喧島,1
9757,細頸喧島毖,1
9758,頸喧島毖日,1
9759,喧島毖日腳,1
9760,島毖日腳掃,1
9761,毖日腳掃昏,1
9762,日腳掃昏翳,1
9763,腳掃昏翳新,1
9764,掃昏翳新雲,1
9765,昏翳新雲啟,1
9766,翳新雲啟華,1
9767,新雲啟華閟,1
9768,雲啟華閟謐,1
9769,啟華閟謐謐,1
9770,華閟謐謐厭,1
9771,閟謐謐厭夏,1
9772,謐謐厭夏光,1
9773,謐厭夏光商,1
9774,厭夏光商風,1
9775,夏光商風道,1
9776,光商風道清,1
9777,商風道清氣,1
9778,風道清氣高,1
9779,道清氣高眠,1
9780,清氣高眠服,1
9781,氣高眠服玉,1
9782,高眠服玉容,1
9783,眠服玉容燒,1
9784,服玉容燒桂,1
9785,玉容燒桂祀,1
9786,容燒桂祀天,1
9787,燒桂祀天幾,1
9788,桂祀天幾霧,1
9789,祀天幾霧衣,1
9790,天幾霧衣夜,1
9791,幾霧衣夜披,1
9792,霧衣夜披拂,1
9793,衣夜披拂眠,1
9794,夜披拂眠壇,1
9795,披拂眠壇夢,1
9796,拂眠壇夢真,1
9797,眠壇夢真粹,1
9798,壇夢真粹待,1
9799,夢真粹待駕,1
9800,真粹待駕棲,1
9801,粹待駕棲鸞,1
9802,待駕棲鸞老,1
9803,駕棲鸞老故,1
9804,棲鸞老故宮,1
9805,鸞老故宮椒,1
9806,老故宮椒壁,1
9807,故宮椒壁圮,1
9808,宮椒壁圮鴻,1
9809,椒壁圮鴻瓏,1
9810,壁圮鴻瓏數,1
9811,圮鴻瓏數鈴,1
9812,鴻瓏數鈴響,1
9813,瓏數鈴響羈,1
9814,數鈴響羈臣,1
9815,鈴響羈臣發,1
9816,響羈臣發涼,1
9817,羈臣發涼思,1
9818,臣發涼思陰,1
9819,發涼思陰藤,1
9820,涼思陰藤束,1
9821,思陰藤束朱,1
9822,陰藤束朱鍵,1
9823,藤束朱鍵龍,1
9824,束朱鍵龍帳,1
9825,朱鍵龍帳著,1
9826,鍵龍帳著魈,1
9827,龍帳著魈魅,1
9828,帳著魈魅碧,1
9829,著魈魅碧錦,1
9830,魈魅碧錦帖,1
9831,魅碧錦帖花,1
9832,碧錦帖花檉,1
9833,錦帖花檉香,1
9834,帖花檉香衾,1
9835,花檉香衾事,1
9836,檉香衾事殘,1
9837,香衾事殘貴,1
9838,衾事殘貴歌,1
9839,事殘貴歌塵,1
9840,殘貴歌塵蠹,1
9841,貴歌塵蠹木,1
9842,歌塵蠹木在,1
9843,塵蠹木在舞,1
9844,蠹木在舞彩,1
9845,木在舞彩長,1
9846,在舞彩長雲,1
9847,舞彩長雲似,1
9848,彩長雲似珍,1
9849,長雲似珍壤,1
9850,雲似珍壤割,1
9851,似珍壤割繡,1
9852,珍壤割繡段,1
9853,壤割繡段裏,1
9854,割繡段裏俗,1
9855,繡段裏俗祖,1
9856,段裏俗祖風,1
9857,裏俗祖風義,1
9858,俗祖風義鄰,1
9859,祖風義鄰凶,1
9860,風義鄰凶不,1
9861,義鄰凶不相,1
9862,鄰凶不相杵,1
9863,凶不相杵疫,1
9864,不相杵疫病,1
9865,相杵疫病無,1
9866,杵疫病無邪,1
9867,疫病無邪祀,1
9868,病無邪祀鮐,1
9869,無邪祀鮐皮,1
9870,邪祀鮐皮識,1
9871,祀鮐皮識仁,1
9872,鮐皮識仁惠,1
9873,皮識仁惠丱,1
9874,識仁惠丱角,1
9875,仁惠丱角知,1
9876,惠丱角知靦,1
9877,丱角知靦恥,1
9878,角知靦恥縣,1
9879,知靦恥縣省,1
9880,靦恥縣省司,1
9881,恥縣省司刑,1
9882,縣省司刑官,1
9883,省司刑官戶,1
9884,司刑官戶乏,1
9885,刑官戶乏詬,1
9886,官戶乏詬租,1
9887,戶乏詬租吏,1
9888,乏詬租吏竹,1
9889,詬租吏竹藪,1
9890,租吏竹藪添,1
9891,吏竹藪添墮,1
9892,竹藪添墮簡,1
9893,藪添墮簡石,1
9894,添墮簡石磯,1
9895,墮簡石磯引,1
9896,簡石磯引鉤,1
9897,石磯引鉤餌,1
9898,磯引鉤餌溪,1
9899,引鉤餌溪灣,1
9900,鉤餌溪灣轉,1
9901,餌溪灣轉水,1
9902,溪灣轉水帶,1
9903,灣轉水帶芭,1
9904,轉水帶芭蕉,1
9905,水帶芭蕉傾,1
9906,帶芭蕉傾蜀,1
9907,芭蕉傾蜀紙,1
9908,蕉傾蜀紙岑,1
9909,傾蜀紙岑光,1
9910,蜀紙岑光晃,1
9911,紙岑光晃縠,1
9912,岑光晃縠襟,1
9913,光晃縠襟孤,1
9914,晃縠襟孤景,1
9915,縠襟孤景拂,1
9916,襟孤景拂繁,1
9917,孤景拂繁事,1
9918,景拂繁事泉,1
9919,拂繁事泉尊,1
9920,繁事泉尊陶,1
9921,事泉尊陶宰,1
9922,泉尊陶宰酒,1
9923,尊陶宰酒月,1
9924,陶宰酒月眉,1
9925,宰酒月眉謝,1
9926,酒月眉謝郎,1
9927,月眉謝郎妓,1
9928,眉謝郎妓丁,1
9929,謝郎妓丁丁,1
9930,郎妓丁丁幽,1
9931,妓丁丁幽鐘,1
9932,丁丁幽鐘遠,1
9933,丁幽鐘遠矯,1
9934,幽鐘遠矯矯,1
9935,鐘遠矯矯單,1
9936,遠矯矯單飛,1
9937,矯矯單飛至,1
9938,矯單飛至霞,1
9939,單飛至霞巘,1
9940,飛至霞巘殷,1
9941,至霞巘殷嵯,1
9942,霞巘殷嵯峨,1
9943,巘殷嵯峨危,1
9944,殷嵯峨危溜,1
9945,嵯峨危溜聽,1
9946,峨危溜聽爭,1
9947,危溜聽爭次,1
9948,溜聽爭次淡,1
9949,聽爭次淡蛾,1
9950,爭次淡蛾流,1
9951,次淡蛾流平,1
9952,淡蛾流平碧,1
9953,蛾流平碧薄,1
9954,流平碧薄月,1
9955,平碧薄月眇,1
9956,碧薄月眇陰,1
9957,薄月眇陰悴,1
9958,月眇陰悴涼,1
9959,眇陰悴涼光,1
9960,陰悴涼光入,1
9961,悴涼光入澗,1
9962,涼光入澗岸,1
9963,光入澗岸廓,1
9964,入澗岸廓盡,1
9965,澗岸廓盡山,1
9966,岸廓盡山中,1
9967,廓盡山中意,1
9968,盡山中意漁,1
9969,山中意漁童,1
9970,中意漁童下,1
9971,意漁童下宵,1
9972,漁童下宵網,1
9973,童下宵網霜,1
9974,下宵網霜禽,1
9975,宵網霜禽竦,1
9976,網霜禽竦煙,1
9977,霜禽竦煙翅,1
9978,禽竦煙翅潭,1
9979,竦煙翅潭鏡,1
9980,煙翅潭鏡滑,1
9981,翅潭鏡滑蛟,1
9982,潭鏡滑蛟涎,1
9983,鏡滑蛟涎浮,1
9984,滑蛟涎浮珠,1
9985,蛟涎浮珠噞,1
9986,涎浮珠噞魚,1
9987,浮珠噞魚戲,1
9988,珠噞魚戲風,1
9989,噞魚戲風桐,1
9990,魚戲風桐瑤,1
9991,戲風桐瑤匣,1
9992,風桐瑤匣瑟,1
9993,桐瑤匣瑟螢,1
9994,瑤匣瑟螢星,1
9995,匣瑟螢星錦,1
9996,瑟螢星錦城,1
9997,螢星錦城使,1
9998,星錦城使柳,1
9999,錦城使柳綴,1
10000,城使柳綴長,1
10001,使柳綴長縹,1
10002,柳綴長縹帶,1
10003,綴長縹帶篁,1
10004,長縹帶篁掉,1
10005,縹帶篁掉短,1
10006,帶篁掉短笛,1
10007,篁掉短笛吹,1
10008,掉短笛吹石,1
10009,短笛吹石根,1
10010,笛吹石根緣,1
10011,吹石根緣綠,1
10012,石根緣綠蘚,1
10013,根緣綠蘚蘆,1
10014,緣綠蘚蘆筍,1
10015,綠蘚蘆筍抽,1
10016,蘚蘆筍抽丹,1
10017,蘆筍抽丹漬,1
10018,筍抽丹漬漂,1
10019,抽丹漬漂旋,1
10020,丹漬漂旋弄,1
10021,漬漂旋弄天,1
10022,漂旋弄天影,1
10023,旋弄天影古,1
10024,弄天影古檜,1
10025,天影古檜拏,1
10026,影古檜拏雲,1
10027,古檜拏雲臂,1
10028,檜拏雲臂愁,1
10029,拏雲臂愁月,1
10030,雲臂愁月薇,1
10031,臂愁月薇帳,1
10032,愁月薇帳紅,1
10033,月薇帳紅罥,1
10034,薇帳紅罥雲,1
10035,帳紅罥雲香,1
10036,紅罥雲香蔓,1
10037,罥雲香蔓刺,1
10038,雲香蔓刺芒,1
10039,香蔓刺芒麥,1
10040,蔓刺芒麥平,1
10041,刺芒麥平百,1
10042,芒麥平百井,1
10043,麥平百井閑,1
10044,平百井閑乘,1
10045,百井閑乘列,1
10046,井閑乘列千,1
10047,閑乘列千肆,1
10048,乘列千肆刺,1
10049,列千肆刺促,1
10050,千肆刺促成,1
10051,肆刺促成紀,1
10052,刺促成紀人,1
10053,促成紀人好,1
10054,成紀人好學,1
10055,紀人好學鴟,1
10056,人好學鴟夷,1
10057,好學鴟夷子,1
10058,學鴟夷子落,1
10059,鴟夷子落魄,1
10060,夷子落魄三,1
10061,子落魄三月,1
10062,落魄三月罷,1
10063,魄三月罷尋,1
10064,三月罷尋花,1
10065,月罷尋花去,1
10066,罷尋花去東,1
10067,尋花去東家,1
10068,花去東家誰,1
10069,去東家誰作,1
10070,東家誰作送,1
10071,家誰作送春,1
10072,誰作送春曲,1
10073,作送春曲洛,1
10074,送春曲洛岸,1
10075,春曲洛岸悲,1
10076,曲洛岸悲銅,1
10077,洛岸悲銅駝,1
10078,岸悲銅駝橋,1
10079,悲銅駝橋南,1
10080,銅駝橋南多,1
10081,駝橋南多馬,1
10082,橋南多馬客,1
10083,南多馬客北,1
10084,多馬客北山,1
10085,馬客北山饒,1
10086,客北山饒古,1
10087,北山饒古人,1
10088,山饒古人客,1
10089,饒古人客飲,1
10090,古人客飲杯,1
10091,人客飲杯中,1
10092,客飲杯中酒,1
10093,飲杯中酒駝,1
10094,杯中酒駝悲,1
10095,中酒駝悲千,1
10096,酒駝悲千萬,1
10097,駝悲千萬春,1
10098,悲千萬春生,1
10099,千萬春生世,1
10100,萬春生世莫,1
10101,春生世莫徒,1
10102,生世莫徒勞,1
10103,世莫徒勞風,1
10104,莫徒勞風吹,1
10105,徒勞風吹盤,1
10106,勞風吹盤上,1
10107,風吹盤上燭,1
10108,吹盤上燭厭,1
10109,盤上燭厭見,1
10110,上燭厭見桃,1
10111,燭厭見桃株,1
10112,厭見桃株笑,1
10113,見桃株笑銅,1
10114,桃株笑銅駝,1
10115,株笑銅駝夜,1
10116,笑銅駝夜來,1
10117,銅駝夜來哭,1
10118,駝夜來哭九,1
10119,夜來哭九月,1
10120,來哭九月大,1
10121,哭九月大野,1
10122,九月大野白,1
10123,月大野白蒼,1
10124,大野白蒼岑,1
10125,野白蒼岑竦,1
10126,白蒼岑竦秋,1
10127,蒼岑竦秋門,1
10128,岑竦秋門寒,1
10129,竦秋門寒涼,1
10130,秋門寒涼十,1
10131,門寒涼十月,1
10132,寒涼十月末,1
10133,涼十月末露,1
10134,十月末露霰,1
10135,月末露霰蒙,1
10136,末露霰蒙曉,1
10137,露霰蒙曉昏,1
10138,霰蒙曉昏澹,1
10139,蒙曉昏澹色,1
10140,曉昏澹色結,1
10141,昏澹色結晝,1
10142,澹色結晝天,1
10143,色結晝天心,1
10144,結晝天心事,1
10145,晝天心事填,1
10146,天心事填空,1
10147,心事填空雲,1
10148,事填空雲道,1
10149,填空雲道上,1
10150,空雲道上千,1
10151,雲道上千里,1
10152,道上千里風,1
10153,上千里風野,1
10154,千里風野竹,1
10155,里風野竹蛇,1
10156,風野竹蛇涎,1
10157,野竹蛇涎痕,1
10158,竹蛇涎痕石,1
10159,蛇涎痕石澗,1
10160,涎痕石澗涷,1
10161,痕石澗涷波,1
10162,石澗涷波聲,1
10163,澗涷波聲雞,1
10164,涷波聲雞叫,1
10165,波聲雞叫清,1
10166,聲雞叫清寒,1
10167,雞叫清寒晨,1
10168,叫清寒晨強,1
10169,清寒晨強行,1
10170,寒晨強行到,1
10171,晨強行到東,1
10172,強行到東舍,1
10173,行到東舍解,1
10174,到東舍解馬,1
10175,東舍解馬投,1
10176,舍解馬投舊,1
10177,解馬投舊鄰,1
10178,馬投舊鄰東,1
10179,投舊鄰東家,1
10180,舊鄰東家名,1
10181,鄰東家名廖,1
10182,東家名廖者,1
10183,家名廖者鄉,1
10184,名廖者鄉曲,1
10185,廖者鄉曲傳,1
10186,者鄉曲傳姓,1
10187,鄉曲傳姓辛,1
10188,曲傳姓辛杖,1
10189,傳姓辛杖頭,1
10190,姓辛杖頭非,1
10191,辛杖頭非飲,1
10192,杖頭非飲酒,1
10193,頭非飲酒吾,1
10194,非飲酒吾請,1
10195,飲酒吾請造,1
10196,酒吾請造其,1
10197,吾請造其人,1
10198,請造其人始,1
10199,造其人始欲,1
10200,其人始欲南,1
10201,人始欲南去,1
10202,始欲南去楚,1
10203,欲南去楚又,1
10204,南去楚又將,1
10205,去楚又將西,1
10206,楚又將西適,1
10207,又將西適秦,1
10208,將西適秦襄,1
10209,西適秦襄王,1
10210,適秦襄王與,1
10211,秦襄王與武,1
10212,襄王與武帝,1
10213,王與武帝各,1
10214,與武帝各自,1
10215,武帝各自留,1
10216,帝各自留青,1
10217,各自留青春,1
10218,自留青春聞,1
10219,留青春聞道,1
10220,青春聞道蘭,1
10221,春聞道蘭臺,1
10222,聞道蘭臺上,1
10223,道蘭臺上宋,1
10224,蘭臺上宋玉,1
10225,臺上宋玉無,1
10226,上宋玉無歸,1
10227,宋玉無歸魂,1
10228,玉無歸魂緗,1
10229,無歸魂緗縹,1
10230,歸魂緗縹兩,1
10231,魂緗縹兩行,1
10232,緗縹兩行字,1
10233,縹兩行字蟄,1
10234,兩行字蟄蟲,1
10235,行字蟄蟲蠹,1
10236,字蟄蟲蠹秋,1
10237,蟄蟲蠹秋芸,1
10238,蟲蠹秋芸為,1
10239,蠹秋芸為探,1
10240,秋芸為探秦,1
10241,芸為探秦台,1
10242,為探秦台意,1
10243,探秦台意豈,1
10244,秦台意豈命,1
10245,台意豈命餘,1
10246,意豈命餘負,1
10247,豈命餘負薪,1
10248,命餘負薪一,1
10249,餘負薪一夕,1
10250,負薪一夕繞,1
10251,薪一夕繞山,1
10252,一夕繞山秋,1
10253,夕繞山秋香,1
10254,繞山秋香露,1
10255,山秋香露溘,1
10256,秋香露溘蒙,1
10257,香露溘蒙菉,1
10258,露溘蒙菉新,1
10259,溘蒙菉新橋,1
10260,蒙菉新橋倚,1
10261,菉新橋倚雲,1
10262,新橋倚雲阪,1
10263,橋倚雲阪候,1
10264,倚雲阪候蟲,1
10265,雲阪候蟲嘶,1
10266,阪候蟲嘶露,1
10267,候蟲嘶露樸,1
10268,蟲嘶露樸洛,1
10269,嘶露樸洛南,1
10270,露樸洛南今,1
10271,樸洛南今已,1
10272,洛南今已遠,1
10273,南今已遠越,1
10274,今已遠越衾,1
10275,已遠越衾誰,1
10276,遠越衾誰為,1
10277,越衾誰為熟,1
10278,衾誰為熟石,1
10279,誰為熟石氣,1
10280,為熟石氣何,1
10281,熟石氣何淒,1
10282,石氣何淒淒,1
10283,氣何淒淒老,1
10284,何淒淒老莎,1
10285,淒淒老莎如,1
10286,淒老莎如短,1
10287,老莎如短鏃,1
10288,莎如短鏃閉,1
10289,如短鏃閉門,1
10290,短鏃閉門感,1
10291,鏃閉門感秋,1
10292,閉門感秋風,1
10293,門感秋風幽,1
10294,感秋風幽姿,1
10295,秋風幽姿任,1
10296,風幽姿任契,1
10297,幽姿任契闊,1
10298,姿任契闊大,1
10299,任契闊大野,1
10300,契闊大野生,1
10301,闊大野生素,1
10302,大野生素空,1
10303,野生素空天,1
10304,生素空天地,1
10305,素空天地曠,1
10306,空天地曠肅,1
10307,天地曠肅殺,1
10308,地曠肅殺露,1
10309,曠肅殺露光,1
10310,肅殺露光泣,1
10311,殺露光泣殘,1
10312,露光泣殘蕙,1
10313,光泣殘蕙蟲,1
10314,泣殘蕙蟲響,1
10315,殘蕙蟲響連,1
10316,蕙蟲響連夜,1
10317,蟲響連夜發,1
10318,響連夜發房,1
10319,連夜發房寒,1
10320,夜發房寒寸,1
10321,發房寒寸輝,1
10322,房寒寸輝薄,1
10323,寒寸輝薄迎,1
10324,寸輝薄迎風,1
10325,輝薄迎風絳,1
10326,薄迎風絳紗,1
10327,迎風絳紗折,1
10328,風絳紗折披,1
10329,絳紗折披書,1
10330,紗折披書古,1
10331,折披書古芸,1
10332,披書古芸馥,1
10333,書古芸馥恨,1
10334,古芸馥恨唱,1
10335,芸馥恨唱華,1
10336,馥恨唱華容,1
10337,恨唱華容歇,1
10338,唱華容歇百,1
10339,華容歇百日,1
10340,容歇百日不,1
10341,歇百日不相,1
10342,百日不相知,1
10343,日不相知花,1
10344,不相知花光,1
10345,相知花光變,1
10346,知花光變涼,1
10347,花光變涼節,1
10348,光變涼節弟,1
10349,變涼節弟兄,1
10350,涼節弟兄誰,1
10351,節弟兄誰念,1
10352,弟兄誰念慮,1
10353,兄誰念慮箋,1
10354,誰念慮箋翰,1
10355,念慮箋翰既,1
10356,慮箋翰既通,1
10357,箋翰既通達,1
10358,翰既通達青,1
10359,既通達青袍,1
10360,通達青袍度,1
10361,達青袍度白,1
10362,青袍度白馬,1
10363,袍度白馬草,1
10364,度白馬草簡,1
10365,白馬草簡奏,1
10366,馬草簡奏東,1
10367,草簡奏東闕,1
10368,簡奏東闕夢,1
10369,奏東闕夢中,1
10370,東闕夢中相,1
10371,闕夢中相聚,1
10372,夢中相聚笑,1
10373,中相聚笑覺,1
10374,相聚笑覺見,1
10375,聚笑覺見半,1
10376,笑覺見半床,1
10377,覺見半床月,1
10378,見半床月長,1
10379,半床月長思,1
10380,床月長思劇,1
10381,月長思劇尋,1
10382,長思劇尋環,1
10383,思劇尋環亂,1
10384,劇尋環亂憂,1
10385,尋環亂憂抵,1
10386,環亂憂抵覃,1
10387,亂憂抵覃葛,1
10388,憂抵覃葛飛,1
10389,抵覃葛飛香,1
10390,覃葛飛香走,1
10391,葛飛香走紅,1
10392,飛香走紅滿,1
10393,香走紅滿天,1
10394,走紅滿天春,1
10395,紅滿天春花,1
10396,滿天春花龍,1
10397,天春花龍盤,1
10398,春花龍盤盤,1
10399,花龍盤盤上,1
10400,龍盤盤上紫,1
10401,盤盤上紫雲,1
10402,盤上紫雲三,1
10403,上紫雲三千,1
10404,紫雲三千宮,1
10405,雲三千宮女,1
10406,三千宮女列,1
10407,千宮女列金,1
10408,宮女列金屋,1
10409,女列金屋五,1
10410,列金屋五十,1
10411,金屋五十弦,1
10412,屋五十弦瑟,1
10413,五十弦瑟海,1
10414,十弦瑟海上,1
10415,弦瑟海上聞,1
10416,瑟海上聞天,1
10417,海上聞天江,1
10418,上聞天江碎,1
10419,聞天江碎碎,1
10420,天江碎碎銀,1
10421,江碎碎銀沙,1
10422,碎碎銀沙路,1
10423,碎銀沙路嬴,1
10424,銀沙路嬴女,1
10425,沙路嬴女機,1
10426,路嬴女機中,1
10427,嬴女機中斷,1
10428,女機中斷煙,1
10429,機中斷煙素,1
10430,中斷煙素斷,1
10431,斷煙素斷煙,1
10432,煙素斷煙素,1
10433,素斷煙素縫,1
10434,斷煙素縫衣,1
10435,煙素縫衣縷,1
10436,素縫衣縷八,1
10437,縫衣縷八月,1
10438,衣縷八月一,1
10439,縷八月一日,1
10440,日君前舞玉,1
10441,君前舞玉塞,1
10442,前舞玉塞去,1
10443,舞玉塞去金,1
10444,馬蹄行人臨,1
10445,蹄行人臨水,1
10446,行人臨水別,1
10447,人臨水別隔,1
10448,臨水別隔隴,1
10449,隴長東西長,1
10450,長東西長戈,1
10451,東西長戈莫,1
10452,西長戈莫舂,1
10453,長戈莫舂長,1
10454,戈莫舂長弩,1
10455,莫舂長弩莫,1
10456,舂長弩莫抨,1
10457,長弩莫抨乳,1
10458,弩莫抨乳孫,1
10459,莫抨乳孫哺,1
10460,抨乳孫哺子,1
10461,乳孫哺子教,1
10462,孫哺子教得,1
10463,哺子教得生,1
10464,子教得生獰,1
10465,教得生獰舉,1
10466,得生獰舉頭,1
10467,生獰舉頭為,1
10468,獰舉頭為城,1
10469,舉頭為城掉,1
10470,頭為城掉尾,1
10471,為城掉尾為,1
10472,城掉尾為旌,1
10473,掉尾為旌東,1
10474,尾為旌東海,1
10475,為旌東海黃,1
10476,旌東海黃公,1
10477,東海黃公愁,1
10478,海黃公愁見,1
10479,黃公愁見夜,1
10480,公愁見夜行,1
10481,愁見夜行道,1
10482,見夜行道逢,1
10483,夜行道逢騶,1
10484,行道逢騶虞,1
10485,道逢騶虞牛,1
10486,逢騶虞牛哀,1
10487,騶虞牛哀不,1
10488,虞牛哀不平,1
10489,牛哀不平何,1
10490,哀不平何用,1
10491,不平何用尺,1
10492,平何用尺刀,1
10493,何用尺刀壁,1
10494,用尺刀壁上,1
10495,尺刀壁上雷,1
10496,刀壁上雷鳴,1
10497,壁上雷鳴泰,1
10498,上雷鳴泰山,1
10499,雷鳴泰山之,1
10500,鳴泰山之下,1
10501,泰山之下婦,1
10502,山之下婦人,1
10503,之下婦人哭,1
10504,下婦人哭聲,1
10505,婦人哭聲官,1
10506,人哭聲官家,1
10507,哭聲官家有,1
10508,聲官家有程,1
10509,官家有程吏,1
10510,家有程吏不,1
10511,有程吏不敢,1
10512,程吏不敢聽,1
10513,吏不敢聽白,1
10514,不敢聽白日,1
10515,敢聽白日下,1
10516,聽白日下昆,1
10517,白日下昆侖,1
10518,日下昆侖發,1
10519,下昆侖發光,1
10520,昆侖發光如,1
10521,侖發光如舒,1
10522,發光如舒絲,1
10523,光如舒絲徒,1
10524,如舒絲徒照,1
10525,舒絲徒照葵,1
10526,絲徒照葵藿,1
10527,徒照葵藿心,1
10528,照葵藿心不,1
10529,葵藿心不照,1
10530,藿心不照遊,1
10531,心不照遊子,1
10532,不照遊子悲,1
10533,照遊子悲折,1
10534,遊子悲折折,1
10535,子悲折折黃,1
10536,悲折折黃河,1
10537,折折黃河曲,1
10538,折黃河曲日,1
10539,黃河曲日從,1
10540,河曲日從中,1
10541,曲日從中央,1
10542,日從中央轉,1
10543,從中央轉暘,1
10544,中央轉暘谷,1
10545,央轉暘谷耳,1
10546,轉暘谷耳曾,1
10547,暘谷耳曾聞,1
10548,谷耳曾聞若,1
10549,耳曾聞若木,1
10550,曾聞若木眼,1
10551,聞若木眼不,1
10552,若木眼不見,1
10553,木眼不見奈,1
10554,眼不見奈爾,1
10555,不見奈爾鑠,1
10556,見奈爾鑠石,1
10557,奈爾鑠石胡,1
10558,爾鑠石胡為,1
10559,鑠石胡為銷,1
10560,石胡為銷人,1
10561,胡為銷人羿,1
10562,為銷人羿彎,1
10563,銷人羿彎弓,1
10564,人羿彎弓屬,1
10565,羿彎弓屬矢,1
10566,彎弓屬矢那,1
10567,弓屬矢那不,1
10568,屬矢那不中,1
10569,矢那不中足,1
10570,那不中足令,1
10571,不中足令久,1
10572,中足令久不,1
10573,足令久不得,1
10574,令久不得奔,1
10575,久不得奔詎,1
10576,不得奔詎教,1
10577,得奔詎教晨,1
10578,奔詎教晨光,1
10579,詎教晨光夕,1
10580,教晨光夕昏,1
10581,晨光夕昏請,1
10582,光夕昏請說,1
10583,夕昏請說軒,1
10584,昏請說軒轅,1
10585,請說軒轅在,1
10586,說軒轅在時,1
10587,軒轅在時事,1
10588,轅在時事伶,1
10589,在時事伶倫,1
10590,時事伶倫采,1
10591,事伶倫采竹,1
10592,伶倫采竹二,1
10593,倫采竹二十,1
10594,采竹二十四,1
10595,竹二十四伶,1
10596,二十四伶倫,1
10597,十四伶倫采,1
10598,四伶倫采之,1
10599,伶倫采之自,1
10600,倫采之自昆,1
10601,采之自昆丘,1
10602,之自昆丘軒,1
10603,自昆丘軒轅,1
10604,昆丘軒轅詔,1
10605,丘軒轅詔遣,1
10606,軒轅詔遣中,1
10607,轅詔遣中分,1
10608,詔遣中分作,1
10609,遣中分作十,1
10610,中分作十二,1
10611,分作十二伶,1
10612,作十二伶倫,1
10613,十二伶倫以,1
10614,二伶倫以之,1
10615,伶倫以之正,1
10616,倫以之正音,1
10617,以之正音律,1
10618,之正音律軒,1
10619,正音律軒轅,1
10620,音律軒轅以,1
10621,律軒轅以之,1
10622,軒轅以之調,1
10623,轅以之調元,1
10624,以之調元氣,1
10625,之調元氣當,1
10626,調元氣當時,1
10627,元氣當時黃,1
10628,氣當時黃帝,1
10629,當時黃帝上,1
10630,時黃帝上天,1
10631,黃帝上天時,1
10632,帝上天時二,1
10633,上天時二十,1
10634,天時二十三,1
10635,時二十三管,1
10636,二十三管咸,1
10637,十三管咸相,1
10638,三管咸相隨,1
10639,管咸相隨唯,1
10640,咸相隨唯留,1
10641,相隨唯留一,1
10642,隨唯留一管,1
10643,唯留一管人,1
10644,留一管人間,1
10645,一管人間吹,1
10646,管人間吹無,1
10647,人間吹無德,1
10648,間吹無德不,1
10649,吹無德不能,1
10650,無德不能得,1
10651,德不能得此,1
10652,不能得此管,1
10653,能得此管此,1
10654,得此管此管,1
10655,此管此管沉,1
10656,管此管沉埋,1
10657,此管沉埋虞,1
10658,管沉埋虞舜,1
10659,沉埋虞舜祠,1
10660,埋虞舜祠吳,1
10661,虞舜祠吳娥,1
10662,舜祠吳娥聲,1
10663,祠吳娥聲絕,1
10664,須生綠苔尊,1
10665,生綠苔尊有,1
10666,綠苔尊有烏,1
10667,苔尊有烏程,1
10668,尊有烏程酒,1
10669,有烏程酒勸,1
10670,烏程酒勸君,1
10671,程酒勸君千,1
10672,酒勸君千萬,1
10673,勸君千萬壽,1
10674,君千萬壽全,1
10675,千萬壽全勝,1
10676,萬壽全勝漢,1
10677,壽全勝漢武,1
10678,全勝漢武錦,1
10679,勝漢武錦樓,1
10680,漢武錦樓上,1
10681,武錦樓上曉,1
10682,錦樓上曉望,1
10683,樓上曉望晴,1
10684,上曉望晴寒,1
10685,曉望晴寒飲,1
10686,望晴寒飲花,1
10687,晴寒飲花露,1
10688,寒飲花露東,1
10689,飲花露東方,1
10690,花露東方日,1
10691,露東方日不,1
10692,東方日不破,1
10693,方日不破天,1
10694,日不破天光,1
10695,不破天光無,1
10696,破天光無老,1
10697,天光無老時,1
10698,光無老時丹,1
10699,無老時丹成,1
10700,老時丹成作,1
10701,時丹成作蛇,1
10702,重化玉井土,1
10703,化玉井土從,1
10704,玉井土從蛇,1
10705,井土從蛇作,1
10706,土從蛇作土,1
10707,從蛇作土一,1
10708,蛇作土一千,1
10709,作土一千載,1
10710,土一千載吳,1
10711,一千載吳堤,1
10712,甲滑腥涎踏,1
10713,滑腥涎踏踏,1
10714,腥涎踏踏馬,1
10715,涎踏踏馬蹄,1
10716,踏踏馬蹄誰,1
10717,踏馬蹄誰見,1
10718,馬蹄誰見過,1
10719,蹄誰見過眼,1
10720,誰見過眼看,1
10721,見過眼看北,1
10722,過眼看北斗,1
10723,眼看北斗直,1
10724,看北斗直天,1
10725,北斗直天河,1
10726,斗直天河西,1
10727,直天河西風,1
10728,天河西風羅,1
10729,河西風羅幕,1
10730,西風羅幕生,1
10731,風羅幕生翠,1
10732,羅幕生翠波,1
10733,幕生翠波鉛,1
10734,生翠波鉛華,1
10735,翠波鉛華笑,1
10736,波鉛華笑妾,1
10737,鉛華笑妾顰,1
10738,華笑妾顰青,1
10739,笑妾顰青蛾,1
10740,妾顰青蛾為,1
10741,顰青蛾為君,1
10742,青蛾為君起,1
10743,蛾為君起唱,1
10744,為君起唱長,1
10745,君起唱長相,1
10746,起唱長相思,1
10747,唱長相思簾,1
10748,長相思簾外,1
10749,相思簾外嚴,1
10750,思簾外嚴霜,1
10751,簾外嚴霜皆,1
10752,外嚴霜皆倒,1
10753,嚴霜皆倒飛,1
10754,霜皆倒飛明,1
10755,皆倒飛明星,1
10756,倒飛明星爛,1
10757,飛明星爛爛,1
10758,明星爛爛東,1
10759,星爛爛東方,1
10760,爛爛東方陲,1
10761,爛東方陲紅,1
10762,東方陲紅霞,1
10763,方陲紅霞梢,1
10764,陲紅霞梢出,1
10765,紅霞梢出東,1
10766,霞梢出東南,1
10767,梢出東南涯,1
10768,出東南涯陸,1
10769,東南涯陸郎,1
10770,南涯陸郎去,1
10771,涯陸郎去矣,1
10772,陸郎去矣乘,1
10773,郎去矣乘班,1
10774,去矣乘班騅,1
10775,矣乘班騅公,1
10776,乘班騅公乎,1
10777,班騅公乎公,1
10778,騅公乎公乎,1
10779,公乎公乎提,1
10780,乎公乎提壺,1
10781,公乎提壺將,1
10782,乎提壺將焉,1
10783,提壺將焉如,1
10784,壺將焉如屈,1
10785,將焉如屈平,1
10786,焉如屈平沉,1
10787,如屈平沉湘,1
10788,屈平沉湘不,1
10789,平沉湘不足,1
10790,沉湘不足慕,1
10791,湘不足慕徐,1
10792,不足慕徐衍,1
10793,足慕徐衍入,1
10794,慕徐衍入海,1
10795,徐衍入海誠,1
10796,衍入海誠為,1
10797,入海誠為愚,1
10798,海誠為愚公,1
10799,誠為愚公乎,1
10800,為愚公乎公,1
10801,愚公乎公乎,1
10802,公乎公乎床,1
10803,乎公乎床有,1
10804,公乎床有菅,1
10805,乎床有菅席,1
10806,床有菅席盤,1
10807,有菅席盤有,1
10808,菅席盤有魚,1
10809,席盤有魚北,1
10810,盤有魚北裏,1
10811,有魚北裏有,1
10812,魚北裏有賢,1
10813,北裏有賢兄,1
10814,裏有賢兄東,1
10815,有賢兄東鄰,1
10816,賢兄東鄰有,1
10817,兄東鄰有小,1
10818,東鄰有小姑,1
10819,鄰有小姑隴,1
10820,有小姑隴畝,1
10821,小姑隴畝油,1
10822,姑隴畝油油,1
10823,隴畝油油黍,1
10824,畝油油黍與,1
10825,油油黍與葫,1
10826,油黍與葫瓦,1
10827,黍與葫瓦甒,1
10828,與葫瓦甒濁,1
10829,葫瓦甒濁醪,1
10830,瓦甒濁醪蟻,1
10831,甒濁醪蟻浮,1
10832,濁醪蟻浮浮,1
10833,醪蟻浮浮黍,1
10834,蟻浮浮黍可,1
10835,浮浮黍可食,1
10836,浮黍可食醪,1
10837,黍可食醪可,1
10838,可食醪可飲,1
10839,食醪可飲公,1
10840,醪可飲公乎,1
10841,可飲公乎公,1
10842,飲公乎公乎,1
10843,公乎公乎其,1
10844,乎公乎其奈,1
10845,公乎其奈居,1
10846,乎其奈居被,1
10847,其奈居被發,1
10848,奈居被發奔,1
10849,居被發奔流,1
10850,被發奔流竟,1
10851,發奔流竟何,1
10852,奔流竟何如,1
10853,流竟何如賢,1
10854,竟何如賢兄,1
10855,何如賢兄小,1
10856,如賢兄小姑,1
10857,賢兄小姑哭,1
10858,兄小姑哭嗚,1
10859,小姑哭嗚嗚,1
10860,姑哭嗚嗚碧,1
10861,哭嗚嗚碧叢,1
10862,嗚嗚碧叢叢,1
10863,嗚碧叢叢高,1
10864,碧叢叢高插,1
10865,叢叢高插天,1
10866,叢高插天大,1
10867,高插天大江,1
10868,插天大江翻,1
10869,天大江翻瀾,1
10870,大江翻瀾神,1
10871,江翻瀾神曳,1
10872,翻瀾神曳煙,1
10873,瀾神曳煙楚,1
10874,神曳煙楚魂,1
10875,曳煙楚魂尋,1
10876,煙楚魂尋夢,1
10877,楚魂尋夢風,1
10878,魂尋夢風颸,1
10879,尋夢風颸然,1
10880,夢風颸然曉,1
10881,風颸然曉風,1
10882,颸然曉風飛,1
10883,然曉風飛雨,1
10884,曉風飛雨生,1
10885,風飛雨生苔,1
10886,飛雨生苔錢,1
10887,雨生苔錢瑤,1
10888,生苔錢瑤姬,1
10889,苔錢瑤姬一,1
10890,錢瑤姬一去,1
10891,瑤姬一去一,1
10892,姬一去一千,1
10893,一去一千年,1
10894,去一千年丁,1
10895,一千年丁香,1
10896,千年丁香筇,1
10897,年丁香筇竹,1
10898,丁香筇竹啼,1
10899,香筇竹啼老,1
10900,筇竹啼老猿,1
10901,竹啼老猿古,1
10902,啼老猿古祠,1
10903,老猿古祠近,1
10904,猿古祠近月,1
10905,紅濕雲間饑,1
10906,濕雲間饑寒,1
10907,雲間饑寒平,1
10908,間饑寒平城,1
10909,饑寒平城下,1
10910,寒平城下夜,1
10911,平城下夜夜,1
10912,城下夜夜守,1
10913,下夜夜守明,1
10914,夜夜守明月,1
10915,夜守明月別,1
10916,守明月別劍,1
10917,明月別劍無,1
10918,月別劍無玉,1
10919,別劍無玉花,1
10920,劍無玉花海,1
10921,無玉花海風,1
10922,玉花海風斷,1
10923,花海風斷鬢,1
10924,海風斷鬢髮,1
10925,風斷鬢髮塞,1
10926,斷鬢髮塞長,1
10927,鬢髮塞長連,1
10928,髮塞長連白,1
10929,塞長連白空,1
10930,長連白空遙,1
10931,連白空遙見,1
10932,白空遙見漢,1
10933,空遙見漢旗,1
10934,遙見漢旗紅,1
10935,見漢旗紅青,1
10936,漢旗紅青帳,1
10937,旗紅青帳吹,1
10938,紅青帳吹短,1
10939,青帳吹短笛,1
10940,帳吹短笛煙,1
10941,吹短笛煙霧,1
10942,短笛煙霧濕,1
10943,笛煙霧濕晝,1
10944,煙霧濕晝龍,1
10945,霧濕晝龍日,1
10946,濕晝龍日晚,1
10947,晝龍日晚在,1
10948,龍日晚在城,1
10949,日晚在城上,1
10950,晚在城上依,1
10951,在城上依稀,1
10952,城上依稀望,1
10953,上依稀望城,1
10954,依稀望城下,1
10955,稀望城下風,1
10956,望城下風吹,1
10957,城下風吹枯,1
10958,下風吹枯蓬,1
10959,風吹枯蓬起,1
10960,吹枯蓬起城,1
10961,枯蓬起城中,1
10962,蓬起城中嘶,1
10963,起城中嘶瘦,1
10964,城中嘶瘦馬,1
10965,中嘶瘦馬借,1
10966,嘶瘦馬借問,1
10967,瘦馬借問築,1
10968,馬借問築城,1
10969,借問築城吏,1
10970,問築城吏去,1
10971,築城吏去關,1
10972,城吏去關幾,1
10973,吏去關幾千,1
10974,去關幾千里,1
10975,關幾千里惟,1
10976,幾千里惟愁,1
10977,千里惟愁裹,1
10978,里惟愁裹屍,1
10979,惟愁裹屍歸,1
10980,愁裹屍歸不,1
10981,裹屍歸不惜,1
10982,屍歸不惜倒,1
10983,歸不惜倒戈,1
10984,不惜倒戈死,1
10985,惜倒戈死江,1
10986,倒戈死江中,1
10987,戈死江中綠,1
10988,死江中綠霧,1
10989,江中綠霧起,1
10990,中綠霧起涼,1
10991,綠霧起涼波,1
10992,霧起涼波天,1
10993,起涼波天上,1
10994,涼波天上疊,1
10995,波天上疊巘,1
10996,天上疊巘紅,1
10997,上疊巘紅嵯,1
10998,疊巘紅嵯峨,1
10999,巘紅嵯峨水,1
11000,紅嵯峨水風,1
11001,嵯峨水風浦,1
11002,峨水風浦雲,1
11003,水風浦雲生,1
11004,風浦雲生老,1
11005,浦雲生老竹,1
11006,雲生老竹渚,1
11007,生老竹渚暝,1
11008,老竹渚暝蒲,1
11009,竹渚暝蒲帆,1
11010,渚暝蒲帆如,1
11011,暝蒲帆如一,1
11012,蒲帆如一幅,1
11013,帆如一幅鱸,1
11014,如一幅鱸魚,1
11015,一幅鱸魚千,1
11016,幅鱸魚千頭,1
11017,鱸魚千頭酒,1
11018,魚千頭酒百,1
11019,千頭酒百斛,1
11020,頭酒百斛酒,1
11021,酒百斛酒中,1
11022,百斛酒中倒,1
11023,斛酒中倒臥,1
11024,酒中倒臥南,1
11025,中倒臥南山,1
11026,倒臥南山綠,1
11027,臥南山綠吳,1
11028,南山綠吳歈,1
11029,山綠吳歈越,1
11030,綠吳歈越吟,1
11031,團帖寒玉鳶,1
11032,帖寒玉鳶肩,1
11033,寒玉鳶肩公,1
11034,玉鳶肩公子,1
11035,鳶肩公子二,1
11036,肩公子二十,1
11037,公子二十餘,1
11038,子二十餘齒,1
11039,二十餘齒編,1
11040,十餘齒編貝,1
11041,餘齒編貝唇,1
11042,齒編貝唇激,1
11043,編貝唇激朱,1
11044,貝唇激朱氣,1
11045,唇激朱氣如,1
11046,激朱氣如虹,1
11047,朱氣如虹霓,1
11048,氣如虹霓飲,1
11049,如虹霓飲如,1
11050,虹霓飲如建,1
11051,霓飲如建瓴,1
11052,飲如建瓴走,1
11053,如建瓴走馬,1
11054,建瓴走馬夜,1
11055,瓴走馬夜歸,1
11056,走馬夜歸叫,1
11057,馬夜歸叫嚴,1
11058,夜歸叫嚴更,1
11059,歸叫嚴更徑,1
11060,叫嚴更徑穿,1
11061,嚴更徑穿複,1
11062,更徑穿複道,1
11063,徑穿複道游,1
11064,穿複道游椒,1
11065,複道游椒房,1
11066,道游椒房龍,1
11067,游椒房龍裘,1
11068,椒房龍裘金,1
11069,房龍裘金玦,1
11070,龍裘金玦雜,1
11071,裘金玦雜花,1
11072,金玦雜花光,1
11073,玦雜花光玉,1
11074,雜花光玉堂,1
11075,花光玉堂調,1
11076,光玉堂調笑,1
11077,玉堂調笑金,1
11078,堂調笑金樓,1
11079,調笑金樓子,1
11080,笑金樓子台,1
11081,金樓子台下,1
11082,樓子台下戲,1
11083,子台下戲學,1
11084,台下戲學邯,1
11085,下戲學邯鄲,1
11086,戲學邯鄲倡,1
11087,學邯鄲倡口,1
11088,邯鄲倡口吟,1
11089,鄲倡口吟舌,1
11090,倡口吟舌話,1
11091,口吟舌話稱,1
11092,吟舌話稱女,1
11093,舌話稱女郎,1
11094,話稱女郎錦,1
11095,稱女郎錦袪,1
11096,女郎錦袪繡,1
11097,郎錦袪繡面,1
11098,錦袪繡面漢,1
11099,袪繡面漢帝,1
11100,繡面漢帝旁,1
11101,面漢帝旁得,1
11102,漢帝旁得明,1
11103,帝旁得明珠,1
11104,旁得明珠十,1
11105,得明珠十斛,1
11106,明珠十斛白,1
11107,珠十斛白璧,1
11108,十斛白璧一,1
11109,斛白璧一雙,1
11110,白璧一雙新,1
11111,璧一雙新詔,1
11112,一雙新詔垂,1
11113,雙新詔垂金,1
11114,新詔垂金曳,1
11115,詔垂金曳紫,1
11116,垂金曳紫光,1
11117,金曳紫光煌,1
11118,曳紫光煌煌,1
11119,紫光煌煌馬,1
11120,光煌煌馬如,1
11121,煌煌馬如飛,1
11122,煌馬如飛人,1
11123,馬如飛人如,1
11124,如飛人如水,1
11125,飛人如水九,1
11126,人如水九卿,1
11127,如水九卿六,1
11128,水九卿六官,1
11129,九卿六官皆,1
11130,卿六官皆望,1
11131,六官皆望履,1
11132,官皆望履將,1
11133,皆望履將回,1
11134,望履將回日,1
11135,履將回日月,1
11136,將回日月先,1
11137,回日月先反,1
11138,日月先反掌,1
11139,月先反掌欲,1
11140,先反掌欲作,1
11141,反掌欲作江,1
11142,掌欲作江河,1
11143,欲作江河唯,1
11144,作江河唯畫,1
11145,江河唯畫地,1
11146,河唯畫地峨,1
11147,唯畫地峨峨,1
11148,畫地峨峨虎,1
11149,地峨峨虎冠,1
11150,峨峨虎冠上,1
11151,峨虎冠上切,1
11152,虎冠上切雲,1
11153,冠上切雲竦,1
11154,上切雲竦劍,1
11155,切雲竦劍晨,1
11156,雲竦劍晨趨,1
11157,竦劍晨趨淩,1
11158,劍晨趨淩紫,1
11159,晨趨淩紫氛,1
11160,趨淩紫氛繡,1
11161,淩紫氛繡段,1
11162,紫氛繡段千,1
11163,氛繡段千尋,1
11164,繡段千尋貽,1
11165,段千尋貽皂,1
11166,千尋貽皂隸,1
11167,尋貽皂隸黃,1
11168,貽皂隸黃金,1
11169,皂隸黃金百,1
11170,隸黃金百鎰,1
11171,黃金百鎰貺,1
11172,金百鎰貺家,1
11173,百鎰貺家臣,1
11174,鎰貺家臣十,1
11175,貺家臣十二,1
11176,家臣十二門,1
11177,臣十二門前,1
11178,十二門前張,1
11179,二門前張大,1
11180,門前張大宅,1
11181,前張大宅晴,1
11182,張大宅晴春,1
11183,大宅晴春煙,1
11184,宅晴春煙起,1
11185,晴春煙起連,1
11186,春煙起連天,1
11187,煙起連天碧,1
11188,起連天碧金,1
11189,連天碧金鋪,1
11190,天碧金鋪綴,1
11191,碧金鋪綴日,1
11192,金鋪綴日雜,1
11193,鋪綴日雜紅,1
11194,綴日雜紅光,1
11195,日雜紅光銅,1
11196,雜紅光銅龍,1
11197,紅光銅龍齧,1
11198,光銅龍齧環,1
11199,銅龍齧環似,1
11200,龍齧環似爭,1
11201,齧環似爭力,1
11202,環似爭力瑤,1
11203,似爭力瑤姬,1
11204,爭力瑤姬凝,1
11205,力瑤姬凝醉,1
11206,瑤姬凝醉臥,1
11207,姬凝醉臥芳,1
11208,凝醉臥芳席,1
11209,醉臥芳席海,1
11210,臥芳席海素,1
11211,芳席海素籠,1
11212,席海素籠窗,1
11213,海素籠窗空,1
11214,素籠窗空下,1
11215,籠窗空下隔,1
11216,窗空下隔丹,1
11217,空下隔丹穴,1
11218,下隔丹穴取,1
11219,隔丹穴取鳳,1
11220,丹穴取鳳充,1
11221,穴取鳳充行,1
11222,取鳳充行庖,1
11223,鳳充行庖玃,1
11224,充行庖玃玃,1
11225,行庖玃玃如,1
11226,庖玃玃如拳,1
11227,玃玃如拳那,1
11228,玃如拳那足,1
11229,如拳那足食,1
11230,拳那足食金,1
11231,那足食金蟾,1
11232,足食金蟾呀,1
11233,食金蟾呀呀,1
11234,金蟾呀呀蘭,1
11235,蟾呀呀蘭燭,1
11236,呀呀蘭燭香,1
11237,呀蘭燭香軍,1
11238,蘭燭香軍裝,1
11239,燭香軍裝武,1
11240,香軍裝武妓,1
11241,軍裝武妓聲,1
11242,裝武妓聲琅,1
11243,武妓聲琅璫,1
11244,妓聲琅璫誰,1
11245,聲琅璫誰知,1
11246,琅璫誰知花,1
11247,璫誰知花雨,1
11248,誰知花雨夜,1
11249,知花雨夜來,1
11250,花雨夜來過,1
11251,雨夜來過但,1
11252,夜來過但見,1
11253,來過但見池,1
11254,過但見池台,1
11255,但見池台春,1
11256,見池台春草,1
11257,池台春草長,1
11258,台春草長嘈,1
11259,春草長嘈嘈,1
11260,草長嘈嘈弦,1
11261,長嘈嘈弦吹,1
11262,嘈嘈弦吹匝,1
11263,嘈弦吹匝天,1
11264,弦吹匝天開,1
11265,吹匝天開洪,1
11266,匝天開洪崖,1
11267,天開洪崖簫,1
11268,開洪崖簫聲,1
11269,洪崖簫聲繞,1
11270,崖簫聲繞天,1
11271,簫聲繞天來,1
11272,聲繞天來天,1
11273,繞天來天長,1
11274,天來天長一,1
11275,來天長一矢,1
11276,天長一矢貫,1
11277,長一矢貫雙,1
11278,一矢貫雙虎,1
11279,矢貫雙虎雲,1
11280,貫雙虎雲弝,1
11281,雙虎雲弝絕,1
11282,虎雲弝絕騁,1
11283,雲弝絕騁聒,1
11284,弝絕騁聒旱,1
11285,絕騁聒旱雷,1
11286,騁聒旱雷亂,1
11287,聒旱雷亂袖,1
11288,旱雷亂袖交,1
11289,雷亂袖交竿,1
11290,亂袖交竿管,1
11291,袖交竿管兒,1
11292,交竿管兒舞,1
11293,竿管兒舞吳,1
11294,管兒舞吳音,1
11295,兒舞吳音綠,1
11296,舞吳音綠鳥,1
11297,吳音綠鳥學,1
11298,音綠鳥學言,1
11299,綠鳥學言語,1
11300,鳥學言語能,1
11301,學言語能教,1
11302,言語能教刻,1
11303,語能教刻石,1
11304,能教刻石平,1
11305,教刻石平紫,1
11306,刻石平紫金,1
11307,石平紫金解,1
11308,平紫金解送,1
11309,紫金解送刻,1
11310,金解送刻毛,1
11311,解送刻毛寄,1
11312,送刻毛寄新,1
11313,刻毛寄新兔,1
11314,毛寄新兔三,1
11315,寄新兔三皇,1
11316,新兔三皇皇,1
11317,兔三皇皇后,1
11318,三皇皇后七,1
11319,皇皇后七貴,1
11320,皇后七貴人,1
11321,后七貴人五,1
11322,七貴人五十,1
11323,貴人五十校,1
11324,人五十校尉,1
11325,五十校尉二,1
11326,十校尉二將,1
11327,校尉二將軍,1
11328,尉二將軍當,1
11329,二將軍當時,1
11330,將軍當時飛,1
11331,軍當時飛去,1
11332,當時飛去逐,1
11333,時飛去逐彩,1
11334,飛去逐彩雲,1
11335,去逐彩雲化,1
11336,逐彩雲化作,1
11337,彩雲化作今,1
11338,雲化作今日,1
11339,化作今日京,1
11340,作今日京華,1
11341,今日京華春,1
11342,日京華春羲,1
11343,京華春羲和,1
11344,華春羲和騁,1
11345,春羲和騁六,1
11346,羲和騁六轡,1
11347,和騁六轡晝,1
11348,騁六轡晝夕,1
11349,六轡晝夕不,1
11350,轡晝夕不曾,1
11351,晝夕不曾閑,1
11352,夕不曾閑彈,1
11353,不曾閑彈烏,1
11354,曾閑彈烏崦,1
11355,閑彈烏崦嵫,1
11356,彈烏崦嵫竹,1
11357,烏崦嵫竹抶,1
11358,崦嵫竹抶馬,1
11359,嵫竹抶馬蟠,1
11360,竹抶馬蟠桃,1
11361,抶馬蟠桃鞭,1
11362,馬蟠桃鞭蓐,1
11363,蟠桃鞭蓐收,1
11364,桃鞭蓐收既,1
11365,鞭蓐收既斷,1
11366,蓐收既斷翠,1
11367,收既斷翠柳,1
11368,既斷翠柳青,1
11369,斷翠柳青帝,1
11370,翠柳青帝又,1
11371,柳青帝又造,1
11372,青帝又造紅,1
11373,帝又造紅蘭,1
11374,又造紅蘭堯,1
11375,造紅蘭堯舜,1
11376,紅蘭堯舜至,1
11377,蘭堯舜至今,1
11378,堯舜至今萬,1
11379,舜至今萬萬,1
11380,至今萬萬歲,1
11381,今萬萬歲數,1
11382,萬萬歲數子,1
11383,萬歲數子將,1
11384,歲數子將為,1
11385,數子將為傾,1
11386,子將為傾蓋,1
11387,將為傾蓋間,1
11388,為傾蓋間青,1
11389,傾蓋間青錢,1
11390,蓋間青錢白,1
11391,間青錢白璧,1
11392,青錢白璧買,1
11393,錢白璧買無,1
11394,白璧買無端,1
11395,璧買無端丈,1
11396,買無端丈夫,1
11397,無端丈夫快,1
11398,端丈夫快意,1
11399,丈夫快意方,1
11400,夫快意方為,1
11401,快意方為歡,1
11402,意方為歡臛,1
11403,方為歡臛蠵,1
11404,為歡臛蠵臑,1
11405,歡臛蠵臑熊,1
11406,臛蠵臑熊何,1
11407,蠵臑熊何足,1
11408,臑熊何足雲,1
11409,熊何足雲會,1
11410,何足雲會須,1
11411,足雲會須鐘,1
11412,雲會須鐘飲,1
11413,會須鐘飲北,1
11414,須鐘飲北海,1
11415,鐘飲北海箕,1
11416,飲北海箕踞,1
11417,北海箕踞南,1
11418,海箕踞南山,1
11419,箕踞南山歌,1
11420,踞南山歌淫,1
11421,南山歌淫淫,1
11422,山歌淫淫管,1
11423,歌淫淫管愔,1
11424,淫淫管愔愔,1
11425,淫管愔愔橫,1
11426,管愔愔橫波,1
11427,愔愔橫波好,1
11428,愔橫波好送,1
11429,橫波好送雕,1
11430,波好送雕題,1
11431,好送雕題金,1
11432,送雕題金人,1
11433,雕題金人生,1
11434,題金人生得,1
11435,金人生得意,1
11436,人生得意且,1
11437,生得意且如,1
11438,得意且如此,1
11439,意且如此何,1
11440,且如此何用,1
11441,如此何用強,1
11442,此何用強知,1
11443,何用強知元,1
11444,用強知元化,1
11445,強知元化心,1
11446,知元化心相,1
11447,元化心相勸,1
11448,化心相勸酒,1
11449,心相勸酒終,1
11450,相勸酒終無,1
11451,勸酒終無輟,1
11452,酒終無輟伏,1
11453,終無輟伏願,1
11454,無輟伏願陛,1
11455,輟伏願陛下,1
11456,伏願陛下鴻,1
11457,願陛下鴻名,1
11458,陛下鴻名終,1
11459,下鴻名終不,1
11460,鴻名終不歇,1
11461,名終不歇子,1
11462,終不歇子孫,1
11463,不歇子孫綿,1
11464,歇子孫綿如,1
11465,子孫綿如石,1
11466,孫綿如石上,1
11467,綿如石上葛,1
11468,如石上葛來,1
11469,石上葛來長,1
11470,上葛來長安,1
11471,葛來長安車,1
11472,來長安車駢,1
11473,長安車駢駢,1
11474,安車駢駢中,1
11475,車駢駢中有,1
11476,駢駢中有梁,1
11477,駢中有梁冀,1
11478,中有梁冀舊,1
11479,有梁冀舊宅,1
11480,梁冀舊宅石,1
11481,冀舊宅石崇,1
11482,舊宅石崇故,1
11483,宅石崇故園,1
11484,石崇故園穆,1
11485,崇故園穆天,1
11486,故園穆天子,1
11487,園穆天子走,1
11488,穆天子走龍,1
11489,天子走龍媒,1
11490,子走龍媒八,1
11491,走龍媒八轡,1
11492,龍媒八轡冬,1
11493,媒八轡冬瓏,1
11494,八轡冬瓏逐,1
11495,轡冬瓏逐天,1
11496,冬瓏逐天回,1
11497,瓏逐天回五,1
11498,逐天回五精,1
11499,天回五精掃,1
11500,回五精掃地,1
11501,五精掃地凝,1
11502,精掃地凝雲,1
11503,掃地凝雲開,1
11504,地凝雲開高,1
11505,凝雲開高門,1
11506,雲開高門左,1
11507,開高門左右,1
11508,高門左右日,1
11509,門左右日月,1
11510,左右日月環,1
11511,右日月環四,1
11512,日月環四方,1
11513,月環四方錯,1
11514,環四方錯鏤,1
11515,四方錯鏤棱,1
11516,方錯鏤棱層,1
11517,錯鏤棱層殷,1
11518,鏤棱層殷舞,1
11519,棱層殷舞霞,1
11520,層殷舞霞垂,1
11521,殷舞霞垂尾,1
11522,舞霞垂尾長,1
11523,霞垂尾長盤,1
11524,垂尾長盤珊,1
11525,尾長盤珊江,1
11526,長盤珊江澄,1
11527,盤珊江澄海,1
11528,珊江澄海淨,1
11529,江澄海淨神,1
11530,澄海淨神母,1
11531,海淨神母顏,1
11532,淨神母顏施,1
11533,神母顏施紅,1
11534,母顏施紅點,1
11535,顏施紅點翠,1
11536,施紅點翠照,1
11537,紅點翠照虞,1
11538,點翠照虞泉,1
11539,翠照虞泉曳,1
11540,照虞泉曳雲,1
11541,虞泉曳雲拖,1
11542,泉曳雲拖玉,1
11543,曳雲拖玉下,1
11544,雲拖玉下昆,1
11545,拖玉下昆山,1
11546,玉下昆山列,1
11547,下昆山列旆,1
11548,昆山列旆如,1
11549,山列旆如松,1
11550,列旆如松張,1
11551,旆如松張蓋,1
11552,如松張蓋如,1
11553,松張蓋如輪,1
11554,張蓋如輪金,1
11555,蓋如輪金風,1
11556,如輪金風殿,1
11557,輪金風殿秋,1
11558,金風殿秋清,1
11559,風殿秋清明,1
11560,殿秋清明發,1
11561,秋清明發春,1
11562,清明發春八,1
11563,明發春八鑾,1
11564,發春八鑾十,1
11565,春八鑾十乘,1
11566,八鑾十乘矗,1
11567,鑾十乘矗如,1
11568,十乘矗如雲,1
11569,乘矗如雲屯,1
11570,矗如雲屯瓊,1
11571,如雲屯瓊鐘,1
11572,雲屯瓊鐘瑤,1
11573,屯瓊鐘瑤席,1
11574,瓊鐘瑤席甘,1
11575,鐘瑤席甘露,1
11576,瑤席甘露文,1
11577,席甘露文玄,1
11578,甘露文玄霜,1
11579,露文玄霜絳,1
11580,文玄霜絳雪,1
11581,玄霜絳雪何,1
11582,霜絳雪何足,1
11583,絳雪何足雲,1
11584,雪何足雲熏,1
11585,何足雲熏梅,1
11586,足雲熏梅染,1
11587,雲熏梅染柳,1
11588,熏梅染柳將,1
11589,梅染柳將贈,1
11590,染柳將贈君,1
11591,柳將贈君鉛,1
11592,將贈君鉛華,1
11593,贈君鉛華之,1
11594,君鉛華之水,1
11595,鉛華之水洗,1
11596,華之水洗君,1
11597,之水洗君骨,1
11598,水洗君骨與,1
11599,洗君骨與君,1
11600,君骨與君相,1
11601,骨與君相對,1
11602,與君相對作,1
11603,君相對作真,1
11604,相對作真質,1
11605,對作真質一,1
11606,作真質一方,1
11607,真質一方黑,1
11608,質一方黑照,1
11609,一方黑照三,1
11610,方黑照三方,1
11611,黑照三方紫,1
11612,照三方紫黃,1
11613,三方紫黃河,1
11614,方紫黃河冰,1
11615,紫黃河冰合,1
11616,黃河冰合魚,1
11617,河冰合魚龍,1
11618,冰合魚龍死,1
11619,合魚龍死三,1
11620,魚龍死三尺,1
11621,龍死三尺木,1
11622,死三尺木皮,1
11623,三尺木皮斷,1
11624,尺木皮斷文,1
11625,木皮斷文理,1
11626,皮斷文理百,1
11627,斷文理百石,1
11628,文理百石強,1
11629,理百石強車,1
11630,百石強車上,1
11631,石強車上河,1
11632,強車上河水,1
11633,車上河水霜,1
11634,上河水霜花,1
11635,河水霜花草,1
11636,水霜花草上,1
11637,霜花草上大,1
11638,花草上大如,1
11639,草上大如錢,1
11640,上大如錢揮,1
11641,大如錢揮刀,1
11642,如錢揮刀不,1
11643,錢揮刀不入,1
11644,揮刀不入迷,1
11645,刀不入迷蒙,1
11646,不入迷蒙天,1
11647,入迷蒙天爭,1
11648,迷蒙天爭瀯,1
11649,蒙天爭瀯海,1
11650,天爭瀯海水,1
11651,爭瀯海水飛,1
11652,瀯海水飛淩,1
11653,海水飛淩喧,1
11654,水飛淩喧山,1
11655,飛淩喧山瀑,1
11656,淩喧山瀑無,1
11657,喧山瀑無聲,1
11658,山瀑無聲玉,1
11659,瀑無聲玉虹,1
11660,無聲玉虹懸,1
11661,聲玉虹懸梁,1
11662,玉虹懸梁王,1
11663,虹懸梁王台,1
11664,懸梁王台沼,1
11665,梁王台沼空,1
11666,王台沼空中,1
11667,台沼空中立,1
11668,沼空中立天,1
11669,空中立天河,1
11670,中立天河之,1
11671,立天河之水,1
11672,天河之水夜,1
11673,河之水夜飛,1
11674,之水夜飛入,1
11675,水夜飛入台,1
11676,夜飛入台前,1
11677,飛入台前鬥,1
11678,入台前鬥玉,1
11679,台前鬥玉作,1
11680,前鬥玉作蛟,1
11681,鬥玉作蛟龍,1
11682,玉作蛟龍綠,1
11683,作蛟龍綠粉,1
11684,蛟龍綠粉掃,1
11685,龍綠粉掃天,1
11686,綠粉掃天愁,1
11687,粉掃天愁露,1
11688,掃天愁露濕,1
11689,天愁露濕撞,1
11690,愁露濕撞鐘,1
11691,露濕撞鐘飲,1
11692,濕撞鐘飲酒,1
11693,撞鐘飲酒行,1
11694,鐘飲酒行射,1
11695,飲酒行射天,1
11696,酒行射天金,1
11697,行射天金虎,1
11698,射天金虎蹙,1
11699,天金虎蹙裘,1
11700,金虎蹙裘噴,1
11701,虎蹙裘噴血,1
11702,蹙裘噴血斑,1
11703,裘噴血斑朝,1
11704,噴血斑朝朝,1
11705,血斑朝朝暮,1
11706,斑朝朝暮暮,1
11707,朝朝暮暮愁,1
11708,朝暮暮愁海,1
11709,暮暮愁海翻,1
11710,暮愁海翻長,1
11711,愁海翻長繩,1
11712,海翻長繩系,1
11713,翻長繩系日,1
11714,長繩系日樂,1
11715,繩系日樂當,1
11716,系日樂當年,1
11717,日樂當年芙,1
11718,樂當年芙蓉,1
11719,當年芙蓉凝,1
11720,年芙蓉凝紅,1
11721,芙蓉凝紅得,1
11722,蓉凝紅得秋,1
11723,凝紅得秋色,1
11724,紅得秋色蘭,1
11725,得秋色蘭臉,1
11726,秋色蘭臉別,1
11727,色蘭臉別春,1
11728,蘭臉別春啼,1
11729,臉別春啼脈,1
11730,別春啼脈脈,1
11731,春啼脈脈蘆,1
11732,啼脈脈蘆洲,1
11733,脈脈蘆洲客,1
11734,脈蘆洲客雁,1
11735,蘆洲客雁報,1
11736,洲客雁報春,1
11737,客雁報春來,1
11738,雁報春來寥,1
11739,報春來寥落,1
11740,春來寥落野,1
11741,來寥落野篁,1
11742,寥落野篁秋,1
11743,落野篁秋漫,1
11744,野篁秋漫白,1
11745,篁秋漫白天,1
11746,秋漫白天迷,1
11747,漫白天迷迷,1
11748,白天迷迷地,1
11749,天迷迷地密,1
11750,迷迷地密密,1
11751,迷地密密熊,1
11752,地密密熊虺,1
11753,密密熊虺食,1
11754,密熊虺食人,1
11755,熊虺食人魂,1
11756,虺食人魂雪,1
11757,食人魂雪霜,1
11758,人魂雪霜斷,1
11759,魂雪霜斷人,1
11760,雪霜斷人骨,1
11761,霜斷人骨嗾,1
11762,斷人骨嗾犬,1
11763,人骨嗾犬狺,1
11764,骨嗾犬狺狺,1
11765,嗾犬狺狺相,1
11766,犬狺狺相索,1
11767,狺狺相索索,1
11768,狺相索索舐,1
11769,相索索舐掌,1
11770,索索舐掌偏,1
11771,索舐掌偏宜,1
11772,舐掌偏宜佩,1
11773,掌偏宜佩蘭,1
11774,偏宜佩蘭客,1
11775,宜佩蘭客帝,1
11776,佩蘭客帝遣,1
11777,蘭客帝遣乘,1
11778,客帝遣乘軒,1
11779,帝遣乘軒災,1
11780,遣乘軒災自,1
11781,乘軒災自息,1
11782,軒災自息玉,1
11783,災自息玉星,1
11784,自息玉星點,1
11785,息玉星點劍,1
11786,玉星點劍黃,1
11787,星點劍黃金,1
11788,點劍黃金軛,1
11789,劍黃金軛我,1
11790,黃金軛我雖,1
11791,金軛我雖跨,1
11792,軛我雖跨馬,1
11793,我雖跨馬不,1
11794,雖跨馬不得,1
11795,跨馬不得還,1
11796,馬不得還曆,1
11797,不得還曆陽,1
11798,得還曆陽湖,1
11799,還曆陽湖波,1
11800,曆陽湖波大,1
11801,陽湖波大如,1
11802,湖波大如山,1
11803,波大如山毒,1
11804,大如山毒虯,1
11805,如山毒虯相,1
11806,山毒虯相視,1
11807,毒虯相視振,1
11808,虯相視振金,1
11809,相視振金環,1
11810,視振金環狻,1
11811,振金環狻猊,1
11812,金環狻猊猰,1
11813,環狻猊猰貐,1
11814,狻猊猰貐吐,1
11815,猊猰貐吐饞,1
11816,猰貐吐饞涎,1
11817,貐吐饞涎鮑,1
11818,吐饞涎鮑焦,1
11819,饞涎鮑焦一,1
11820,涎鮑焦一世,1
11821,鮑焦一世披,1
11822,焦一世披草,1
11823,一世披草眠,1
11824,世披草眠顏,1
11825,披草眠顏回,1
11826,草眠顏回廿,1
11827,眠顏回廿九,1
11828,顏回廿九鬢,1
11829,回廿九鬢毛,1
11830,廿九鬢毛斑,1
11831,九鬢毛斑顏,1
11832,鬢毛斑顏回,1
11833,毛斑顏回非,1
11834,斑顏回非血,1
11835,顏回非血衰,1
11836,回非血衰鮑,1
11837,非血衰鮑焦,1
11838,血衰鮑焦不,1
11839,衰鮑焦不違,1
11840,鮑焦不違天,1
11841,焦不違天天,1
11842,不違天天畏,1
11843,違天天畏遭,1
11844,天天畏遭銜,1
11845,天畏遭銜齧,1
11846,畏遭銜齧所,1
11847,遭銜齧所以,1
11848,銜齧所以致,1
11849,齧所以致之,1
11850,所以致之然,1
11851,以致之然分,1
11852,致之然分明,1
11853,之然分明猶,1
11854,然分明猶懼,1
11855,分明猶懼公,1
11856,明猶懼公不,1
11857,猶懼公不信,1
11858,懼公不信公,1
11859,公不信公看,1
11860,不信公看呵,1
11861,信公看呵壁,1
11862,公看呵壁書,1
11863,看呵壁書問,1
11864,呵壁書問天,1
11865,壁書問天巫,1
11866,書問天巫山,1
11867,問天巫山小,1
11868,天巫山小女,1
11869,巫山小女隔,1
11870,山小女隔雲,1
11871,小女隔雲別,1
11872,女隔雲別春,1
11873,隔雲別春風,1
11874,雲別春風松,1
11875,別春風松花,1
11876,春風松花山,1
11877,風松花山上,1
11878,松花山上發,1
11879,花山上發綠,1
11880,山上發綠蓋,1
11881,上發綠蓋獨,1
11882,發綠蓋獨穿,1
11883,綠蓋獨穿香,1
11884,蓋獨穿香徑,1
11885,獨穿香徑歸,1
11886,穿香徑歸白,1
11887,香徑歸白馬,1
11888,徑歸白馬花,1
11889,歸白馬花竿,1
11890,白馬花竿前,1
11891,馬花竿前孑,1
11892,花竿前孑孑,1
11893,竿前孑孑蜀,1
11894,前孑孑蜀江,1
11895,孑孑蜀江風,1
11896,孑蜀江風澹,1
11897,蜀江風澹水,1
11898,江風澹水如,1
11899,風澹水如羅,1
11900,澹水如羅墮,1
11901,水如羅墮蘭,1
11902,如羅墮蘭誰,1
11903,羅墮蘭誰泛,1
11904,墮蘭誰泛相,1
11905,蘭誰泛相經,1
11906,誰泛相經過,1
11907,泛相經過南,1
11908,相經過南山,1
11909,經過南山桂,1
11910,過南山桂樹,1
11911,君死雲衫淺,1
11912,死雲衫淺汙,1
11913,雲衫淺汙紅,1
11914,衫淺汙紅脂,1
11915,淺汙紅脂花,1
11916,汙紅脂花今,1
11917,紅脂花今宵,1
11918,脂花今宵好,1
11919,花今宵好風,1
11920,處為有傾人,1
11921,為有傾人色,1
11922,有傾人色翻,1
11923,傾人色翻成,1
11924,人色翻成足,1
11925,持感愁魂柳,1
11926,感愁魂柳臉,1
11927,愁魂柳臉半,1
11928,魂柳臉半眠,1
11929,柳臉半眠丞,1
11930,臉半眠丞相,1
11931,半眠丞相樹,1
11932,眠丞相樹佩,1
11933,丞相樹佩馬,1
11934,相樹佩馬釘,1
11935,樹佩馬釘鈴,1
11936,佩馬釘鈴踏,1
11937,馬釘鈴踏沙,1
11938,釘鈴踏沙路,1
11939,鈴踏沙路斷,1
11940,踏沙路斷燼,1
11941,沙路斷燼遺,1
11942,路斷燼遺香,1
11943,斷燼遺香嫋,1
11944,燼遺香嫋翠,1
11945,遺香嫋翠煙,1
11946,香嫋翠煙燭,1
11947,嫋翠煙燭騎,1
11948,翠煙燭騎啼,1
11949,煙燭騎啼烏,1
11950,燭騎啼烏上,1
11951,騎啼烏上天,1
11952,啼烏上天去,1
11953,烏上天去帝,1
11954,上天去帝家,1
11955,天去帝家玉,1
11956,去帝家玉龍,1
11957,帝家玉龍開,1
11958,家玉龍開九,1
11959,玉龍開九關,1
11960,龍開九關帝,1
11961,開九關帝前,1
11962,九關帝前動,1
11963,關帝前動笏,1
11964,帝前動笏移,1
11965,前動笏移南,1
11966,動笏移南山,1
11967,笏移南山獨,1
11968,移南山獨垂,1
11969,南山獨垂重,1
11970,山獨垂重印,1
11971,獨垂重印押,1
11972,垂重印押千,1
11973,重印押千官,1
11974,印押千官金,1
11975,押千官金窠,1
11976,千官金窠篆,1
11977,官金窠篆字,1
11978,金窠篆字紅,1
11979,窠篆字紅屈,1
11980,篆字紅屈盤,1
11981,字紅屈盤沙,1
11982,紅屈盤沙路,1
11983,屈盤沙路歸,1
11984,盤沙路歸來,1
11985,沙路歸來聞,1
11986,路歸來聞好,1
11987,歸來聞好語,1
11988,來聞好語旱,1
11989,聞好語旱火,1
11990,好語旱火不,1
11991,語旱火不光,1
11992,旱火不光天,1
11993,火不光天下,1
11994,不光天下雨,1
11995,光天下雨蚩,1
11996,天下雨蚩尤,1
11997,下雨蚩尤死,1
11998,雨蚩尤死鼓,1
11999,煙海千里華,1
12000,海千里華裾,1
12001,千里華裾織,1
12002,里華裾織翠,1
12003,華裾織翠青,1
12004,裾織翠青如,1
12005,織翠青如蔥,1
12006,翠青如蔥金,1
12007,青如蔥金環,1
12008,如蔥金環壓,1
12009,蔥金環壓轡,1
12010,金環壓轡搖,1
12011,環壓轡搖玲,1
12012,壓轡搖玲瓏,1
12013,轡搖玲瓏馬,1
12014,搖玲瓏馬蹄,1
12015,玲瓏馬蹄隱,1
12016,瓏馬蹄隱耳,1
12017,馬蹄隱耳聲,1
12018,蹄隱耳聲隆,1
12019,隱耳聲隆隆,1
12020,耳聲隆隆入,1
12021,聲隆隆入門,1
12022,隆隆入門下,1
12023,隆入門下馬,1
12024,入門下馬氣,1
12025,門下馬氣如,1
12026,下馬氣如虹,1
12027,馬氣如虹雲,1
12028,氣如虹雲是,1
12029,如虹雲是東,1
12030,虹雲是東京,1
12031,雲是東京才,1
12032,是東京才子,1
12033,東京才子文,1
12034,京才子文章,1
12035,才子文章鉅,1
12036,子文章鉅公,1
12037,文章鉅公二,1
12038,章鉅公二十,1
12039,鉅公二十八,1
12040,公二十八宿,1
12041,二十八宿羅,1
12042,十八宿羅心,1
12043,八宿羅心胸,1
12044,宿羅心胸九,1
12045,羅心胸九精,1
12046,心胸九精照,1
12047,胸九精照耀,1
12048,九精照耀貫,1
12049,精照耀貫當,1
12050,照耀貫當中,1
12051,耀貫當中殿,1
12052,貫當中殿前,1
12053,當中殿前作,1
12054,中殿前作賦,1
12055,殿前作賦聲,1
12056,前作賦聲摩,1
12057,作賦聲摩空,1
12058,賦聲摩空筆,1
12059,聲摩空筆補,1
12060,摩空筆補造,1
12061,空筆補造化,1
12062,筆補造化天,1
12063,補造化天無,1
12064,造化天無功,1
12065,化天無功龐,1
12066,天無功龐眉,1
12067,無功龐眉書,1
12068,功龐眉書客,1
12069,龐眉書客感,1
12070,眉書客感秋,1
12071,書客感秋蓬,1
12072,客感秋蓬誰,1
12073,感秋蓬誰知,1
12074,秋蓬誰知死,1
12075,蓬誰知死草,1
12076,誰知死草生,1
12077,知死草生華,1
12078,死草生華風,1
12079,草生華風我,1
12080,生華風我今,1
12081,華風我今垂,1
12082,風我今垂翅,1
12083,我今垂翅附,1
12084,今垂翅附冥,1
12085,垂翅附冥鴻,1
12086,翅附冥鴻他,1
12087,附冥鴻他日,1
12088,冥鴻他日不,1
12089,鴻他日不羞,1
12090,他日不羞蛇,1
12091,日不羞蛇作,1
12092,不羞蛇作龍,1
12093,羞蛇作龍丁,1
12094,蛇作龍丁丁,1
12095,作龍丁丁海,1
12096,龍丁丁海女,1
12097,丁丁海女弄,1
12098,丁海女弄金,1
12099,海女弄金環,1
12100,女弄金環雀,1
12101,弄金環雀釵,1
12102,金環雀釵翹,1
12103,環雀釵翹揭,1
12104,雀釵翹揭雙,1
12105,釵翹揭雙翅,1
12106,翹揭雙翅關,1
12107,揭雙翅關六,1
12108,雙翅關六宮,1
12109,翅關六宮不,1
12110,關六宮不語,1
12111,六宮不語一,1
12112,宮不語一生,1
12113,不語一生閑,1
12114,語一生閑高,1
12115,一生閑高懸,1
12116,生閑高懸銀,1
12117,閑高懸銀榜,1
12118,高懸銀榜照,1
12119,懸銀榜照青,1
12120,銀榜照青山,1
12121,榜照青山長,1
12122,照青山長眉,1
12123,青山長眉凝,1
12124,山長眉凝綠,1
12125,長眉凝綠幾,1
12126,眉凝綠幾千,1
12127,凝綠幾千年,1
12128,綠幾千年清,1
12129,幾千年清涼,1
12130,千年清涼堪,1
12131,年清涼堪老,1
12132,清涼堪老鏡,1
12133,涼堪老鏡中,1
12134,堪老鏡中鸞,1
12135,老鏡中鸞秋,1
12136,鏡中鸞秋肌,1
12137,中鸞秋肌稍,1
12138,鸞秋肌稍覺,1
12139,秋肌稍覺玉,1
12140,肌稍覺玉衣,1
12141,稍覺玉衣寒,1
12142,覺玉衣寒空,1
12143,玉衣寒空光,1
12144,衣寒空光帖,1
12145,寒空光帖妥,1
12146,空光帖妥水,1
12147,光帖妥水如,1
12148,帖妥水如天,1
12149,妥水如天古,1
12150,水如天古春,1
12151,如天古春年,1
12152,天古春年年,1
12153,古春年年在,1
12154,春年年在閑,1
12155,年年在閑綠,1
12156,年在閑綠搖,1
12157,在閑綠搖暖,1
12158,閑綠搖暖雲,1
12159,綠搖暖雲松,1
12160,搖暖雲松香,1
12161,暖雲松香飛,1
12162,雲松香飛晚,1
12163,松香飛晚華,1
12164,香飛晚華柳,1
12165,飛晚華柳渚,1
12166,晚華柳渚含,1
12167,華柳渚含日,1
12168,柳渚含日昏,1
12169,渚含日昏沙,1
12170,含日昏沙砌,1
12171,日昏沙砌落,1
12172,昏沙砌落紅,1
12173,沙砌落紅滿,1
12174,砌落紅滿石,1
12175,落紅滿石泉,1
12176,紅滿石泉生,1
12177,滿石泉生水,1
12178,石泉生水芹,1
12179,泉生水芹幽,1
12180,生水芹幽篁,1
12181,水芹幽篁畫,1
12182,芹幽篁畫新,1
12183,幽篁畫新粉,1
12184,篁畫新粉蛾,1
12185,畫新粉蛾綠,1
12186,新粉蛾綠橫,1
12187,粉蛾綠橫曉,1
12188,蛾綠橫曉門,1
12189,綠橫曉門弱,1
12190,橫曉門弱蕙,1
12191,曉門弱蕙不,1
12192,門弱蕙不勝,1
12193,弱蕙不勝露,1
12194,蕙不勝露山,1
12195,不勝露山秀,1
12196,勝露山秀愁,1
12197,露山秀愁空,1
12198,山秀愁空春,1
12199,秀愁空春舞,1
12200,愁空春舞佩,1
12201,空春舞佩剪,1
12202,春舞佩剪鸞,1
12203,舞佩剪鸞翼,1
12204,佩剪鸞翼帳,1
12205,剪鸞翼帳帶,1
12206,鸞翼帳帶塗,1
12207,翼帳帶塗輕,1
12208,帳帶塗輕銀,1
12209,帶塗輕銀蘭,1
12210,塗輕銀蘭桂,1
12211,輕銀蘭桂吹,1
12212,銀蘭桂吹濃,1
12213,蘭桂吹濃香,1
12214,桂吹濃香菱,1
12215,吹濃香菱藕,1
12216,濃香菱藕長,1
12217,香菱藕長莘,1
12218,菱藕長莘莘,1
12219,藕長莘莘看,1
12220,長莘莘看雨,1
12221,莘莘看雨逢,1
12222,莘看雨逢瑤,1
12223,看雨逢瑤姬,1
12224,雨逢瑤姬乘,1
12225,逢瑤姬乘船,1
12226,瑤姬乘船值,1
12227,姬乘船值江,1
12228,乘船值江君,1
12229,船值江君吹,1
12230,值江君吹簫,1
12231,江君吹簫飲,1
12232,君吹簫飲酒,1
12233,吹簫飲酒醉,1
12234,簫飲酒醉結,1
12235,飲酒醉結綬,1
12236,酒醉結綬金,1
12237,醉結綬金絲,1
12238,結綬金絲裙,1
12239,綬金絲裙走,1
12240,金絲裙走天,1
12241,絲裙走天呵,1
12242,裙走天呵白,1
12243,走天呵白鹿,1
12244,天呵白鹿游,1
12245,呵白鹿游水,1
12246,白鹿游水鞭,1
12247,鹿游水鞭錦,1
12248,游水鞭錦鱗,1
12249,水鞭錦鱗密,1
12250,鞭錦鱗密發,1
12251,錦鱗密發虛,1
12252,鱗密發虛鬟,1
12253,密發虛鬟飛,1
12254,發虛鬟飛膩,1
12255,虛鬟飛膩頰,1
12256,鬟飛膩頰凝,1
12257,飛膩頰凝花,1
12258,膩頰凝花勻,1
12259,頰凝花勻團,1
12260,凝花勻團鬢,1
12261,花勻團鬢分,1
12262,勻團鬢分蛛,1
12263,團鬢分蛛巢,1
12264,鬢分蛛巢穠,1
12265,分蛛巢穠眉,1
12266,蛛巢穠眉籠,1
12267,巢穠眉籠小,1
12268,穠眉籠小唇,1
12269,眉籠小唇弄,1
12270,籠小唇弄蝶,1
12271,小唇弄蝶和,1
12272,唇弄蝶和輕,1
12273,弄蝶和輕妍,1
12274,蝶和輕妍風,1
12275,和輕妍風光,1
12276,輕妍風光怯,1
12277,妍風光怯腰,1
12278,風光怯腰身,1
12279,光怯腰身深,1
12280,怯腰身深幃,1
12281,腰身深幃金,1
12282,身深幃金鴨,1
12283,深幃金鴨冷,1
12284,幃金鴨冷奩,1
12285,金鴨冷奩鏡,1
12286,鴨冷奩鏡幽,1
12287,冷奩鏡幽鳳,1
12288,奩鏡幽鳳塵,1
12289,鏡幽鳳塵踏,1
12290,幽鳳塵踏霧,1
12291,鳳塵踏霧乘,1
12292,塵踏霧乘同,1
12293,踏霧乘同歸,1
12294,霧乘同歸撼,1
12295,乘同歸撼玉,1
12296,同歸撼玉山,1
12297,歸撼玉山上,1
12298,撼玉山上聞,1
12299,玉山上聞送,1
12300,山上聞送客,1
12301,上聞送客飲,1
12302,聞送客飲別,1
12303,送客飲別酒,1
12304,客飲別酒千,1
12305,飲別酒千觴,1
12306,別酒千觴無,1
12307,酒千觴無赭,1
12308,千觴無赭顏,1
12309,觴無赭顏何,1
12310,無赭顏何物,1
12311,赭顏何物最,1
12312,顏何物最傷,1
12313,何物最傷心,1
12314,物最傷心馬,1
12315,最傷心馬首,1
12316,傷心馬首鳴,1
12317,心馬首鳴金,1
12318,馬首鳴金鐶,1
12319,首鳴金鐶野,1
12320,鳴金鐶野色,1
12321,金鐶野色浩,1
12322,鐶野色浩無,1
12323,野色浩無主,1
12324,色浩無主秋,1
12325,浩無主秋明,1
12326,無主秋明空,1
12327,主秋明空曠,1
12328,秋明空曠間,1
12329,明空曠間坐,1
12330,空曠間坐來,1
12331,曠間坐來壯,1
12332,間坐來壯膽,1
12333,坐來壯膽破,1
12334,來壯膽破斷,1
12335,壯膽破斷目,1
12336,膽破斷目不,1
12337,破斷目不能,1
12338,斷目不能看,1
12339,目不能看行,1
12340,不能看行槐,1
12341,能看行槐引,1
12342,看行槐引西,1
12343,行槐引西道,1
12344,槐引西道青,1
12345,引西道青梢,1
12346,西道青梢長,1
12347,道青梢長攢,1
12348,青梢長攢攢,1
12349,梢長攢攢韋,1
12350,長攢攢韋郎,1
12351,攢攢韋郎好,1
12352,攢韋郎好兄,1
12353,韋郎好兄弟,1
12354,郎好兄弟疊,1
12355,好兄弟疊玉,1
12356,兄弟疊玉生,1
12357,弟疊玉生文,1
12358,疊玉生文翰,1
12359,玉生文翰我,1
12360,生文翰我在,1
12361,文翰我在山,1
12362,翰我在山上,1
12363,我在山上舍,1
12364,在山上舍一,1
12365,山上舍一畝,1
12366,上舍一畝蒿,1
12367,舍一畝蒿磽,1
12368,一畝蒿磽田,1
12369,畝蒿磽田夜,1
12370,蒿磽田夜雨,1
12371,磽田夜雨叫,1
12372,田夜雨叫租,1
12373,夜雨叫租吏,1
12374,雨叫租吏春,1
12375,叫租吏春聲,1
12376,租吏春聲暗,1
12377,吏春聲暗交,1
12378,春聲暗交關,1
12379,聲暗交關誰,1
12380,暗交關誰解,1
12381,交關誰解念,1
12382,關誰解念勞,1
12383,誰解念勞勞,1
12384,解念勞勞蒼,1
12385,念勞勞蒼突,1
12386,勞勞蒼突唯,1
12387,勞蒼突唯南,1
12388,蒼突唯南山,1
12389,突唯南山洛,1
12390,唯南山洛陽,1
12391,南山洛陽吹,1
12392,山洛陽吹別,1
12393,洛陽吹別風,1
12394,陽吹別風龍,1
12395,吹別風龍門,1
12396,別風龍門起,1
12397,風龍門起斷,1
12398,龍門起斷煙,1
12399,門起斷煙冬,1
12400,起斷煙冬樹,1
12401,斷煙冬樹束,1
12402,煙冬樹束生,1
12403,冬樹束生澀,1
12404,樹束生澀晚,1
12405,束生澀晚紫,1
12406,生澀晚紫凝,1
12407,澀晚紫凝華,1
12408,晚紫凝華天,1
12409,紫凝華天單,1
12410,凝華天單身,1
12411,華天單身野,1
12412,天單身野霜,1
12413,單身野霜上,1
12414,身野霜上疲,1
12415,野霜上疲馬,1
12416,霜上疲馬飛,1
12417,上疲馬飛蓬,1
12418,疲馬飛蓬間,1
12419,馬飛蓬間憑,1
12420,飛蓬間憑軒,1
12421,蓬間憑軒一,1
12422,間憑軒一雙,1
12423,憑軒一雙淚,1
12424,軒一雙淚奉,1
12425,一雙淚奉墜,1
12426,雙淚奉墜綠,1
12427,淚奉墜綠衣,1
12428,奉墜綠衣前,1
12429,墜綠衣前白,1
12430,綠衣前白狐,1
12431,衣前白狐向,1
12432,前白狐向月,1
12433,白狐向月號,1
12434,狐向月號山,1
12435,向月號山風,1
12436,月號山風秋,1
12437,號山風秋寒,1
12438,山風秋寒掃,1
12439,風秋寒掃雲,1
12440,秋寒掃雲留,1
12441,寒掃雲留碧,1
12442,掃雲留碧空,1
12443,雲留碧空玉,1
12444,留碧空玉煙,1
12445,碧空玉煙青,1
12446,空玉煙青濕,1
12447,玉煙青濕白,1
12448,煙青濕白如,1
12449,青濕白如幢,1
12450,濕白如幢銀,1
12451,白如幢銀灣,1
12452,如幢銀灣曉,1
12453,幢銀灣曉轉,1
12454,銀灣曉轉流,1
12455,灣曉轉流天,1
12456,曉轉流天東,1
12457,轉流天東溪,1
12458,流天東溪汀,1
12459,天東溪汀眠,1
12460,東溪汀眠鷺,1
12461,溪汀眠鷺夢,1
12462,汀眠鷺夢征,1
12463,眠鷺夢征鴻,1
12464,鷺夢征鴻輕,1
12465,夢征鴻輕漣,1
12466,征鴻輕漣不,1
12467,鴻輕漣不語,1
12468,輕漣不語細,1
12469,漣不語細遊,1
12470,不語細遊溶,1
12471,語細遊溶層,1
12472,細遊溶層岫,1
12473,遊溶層岫回,1
12474,溶層岫回岑,1
12475,層岫回岑複,1
12476,岫回岑複疊,1
12477,回岑複疊龍,1
12478,岑複疊龍苦,1
12479,複疊龍苦篁,1
12480,疊龍苦篁對,1
12481,龍苦篁對客,1
12482,苦篁對客吟,1
12483,篁對客吟歌,1
12484,對客吟歌筒,1
12485,客吟歌筒官,1
12486,吟歌筒官不,1
12487,歌筒官不來,1
12488,筒官不來官,1
12489,官不來官庭,1
12490,不來官庭秋,1
12491,來官庭秋老,1
12492,官庭秋老桐,1
12493,庭秋老桐錯,1
12494,秋老桐錯幹,1
12495,老桐錯幹青,1
12496,桐錯幹青龍,1
12497,錯幹青龍愁,1
12498,幹青龍愁書,1
12499,青龍愁書司,1
12500,龍愁書司曹,1
12501,愁書司曹佐,1
12502,書司曹佐走,1
12503,司曹佐走如,1
12504,曹佐走如牛,1
12505,佐走如牛疊,1
12506,走如牛疊聲,1
12507,如牛疊聲問,1
12508,牛疊聲問佐,1
12509,疊聲問佐官,1
12510,聲問佐官來,1
12511,問佐官來不,1
12512,佐官來不官,1
12513,官來不官不,1
12514,來不官不來,1
12515,不官不來門,1
12516,官不來門幽,1
12517,不來門幽幽,1
12518,來門幽幽漆,1
12519,門幽幽漆灰,1
12520,幽幽漆灰骨,1
12521,幽漆灰骨末,1
12522,漆灰骨末丹,1
12523,灰骨末丹水,1
12524,骨末丹水沙,1
12525,末丹水沙淒,1
12526,丹水沙淒淒,1
12527,水沙淒淒古,1
12528,沙淒淒古血,1
12529,淒淒古血生,1
12530,淒古血生銅,1
12531,古血生銅花,1
12532,血生銅花白,1
12533,生銅花白翎,1
12534,銅花白翎金,1
12535,花白翎金簳,1
12536,白翎金簳雨,1
12537,翎金簳雨中,1
12538,金簳雨中盡,1
12539,簳雨中盡直,1
12540,雨中盡直餘,1
12541,中盡直餘三,1
12542,盡直餘三脊,1
12543,直餘三脊殘,1
12544,餘三脊殘狼,1
12545,三脊殘狼牙,1
12546,脊殘狼牙我,1
12547,殘狼牙我尋,1
12548,狼牙我尋平,1
12549,牙我尋平原,1
12550,我尋平原乘,1
12551,尋平原乘兩,1
12552,平原乘兩馬,1
12553,原乘兩馬驛,1
12554,乘兩馬驛東,1
12555,兩馬驛東石,1
12556,馬驛東石田,1
12557,驛東石田蒿,1
12558,東石田蒿塢,1
12559,石田蒿塢下,1
12560,田蒿塢下風,1
12561,蒿塢下風長,1
12562,塢下風長日,1
12563,下風長日短,1
12564,風長日短星,1
12565,長日短星蕭,1
12566,日短星蕭蕭,1
12567,短星蕭蕭黑,1
12568,星蕭蕭黑旗,1
12569,蕭蕭黑旗雲,1
12570,蕭黑旗雲濕,1
12571,黑旗雲濕懸,1
12572,旗雲濕懸空,1
12573,雲濕懸空夜,1
12574,濕懸空夜左,1
12575,懸空夜左魂,1
12576,空夜左魂右,1
12577,夜左魂右魄,1
12578,左魂右魄啼,1
12579,魂右魄啼肌,1
12580,右魄啼肌瘦,1
12581,魄啼肌瘦酪,1
12582,啼肌瘦酪瓶,1
12583,肌瘦酪瓶倒,1
12584,瘦酪瓶倒盡,1
12585,酪瓶倒盡將,1
12586,瓶倒盡將羊,1
12587,倒盡將羊炙,1
12588,盡將羊炙蟲,1
12589,將羊炙蟲棲,1
12590,羊炙蟲棲雁,1
12591,炙蟲棲雁病,1
12592,蟲棲雁病蘆,1
12593,棲雁病蘆筍,1
12594,雁病蘆筍紅,1
12595,病蘆筍紅回,1
12596,蘆筍紅回風,1
12597,筍紅回風送,1
12598,紅回風送客,1
12599,回風送客吹,1
12600,風送客吹陰,1
12601,送客吹陰火,1
12602,客吹陰火訪,1
12603,吹陰火訪古,1
12604,陰火訪古汍,1
12605,火訪古汍瀾,1
12606,訪古汍瀾收,1
12607,古汍瀾收斷,1
12608,汍瀾收斷鏃,1
12609,瀾收斷鏃折,1
12610,收斷鏃折鋒,1
12611,斷鏃折鋒赤,1
12612,鏃折鋒赤璺,1
12613,折鋒赤璺曾,1
12614,鋒赤璺曾刲,1
12615,赤璺曾刲肉,1
12616,璺曾刲肉南,1
12617,曾刲肉南陌,1
12618,刲肉南陌東,1
12619,肉南陌東城,1
12620,南陌東城馬,1
12621,陌東城馬上,1
12622,東城馬上兒,1
12623,城馬上兒勸,1
12624,馬上兒勸我,1
12625,上兒勸我將,1
12626,兒勸我將金,1
12627,勸我將金換,1
12628,我將金換簝,1
12629,將金換簝竹,1
12630,金換簝竹樓,1
12631,換簝竹樓前,1
12632,簝竹樓前流,1
12633,竹樓前流水,1
12634,樓前流水江,1
12635,前流水江陵,1
12636,流水江陵道,1
12637,水江陵道鯉,1
12638,江陵道鯉魚,1
12639,陵道鯉魚風,1
12640,道鯉魚風起,1
12641,鯉魚風起芙,1
12642,魚風起芙蓉,1
12643,風起芙蓉老,1
12644,起芙蓉老曉,1
12645,芙蓉老曉釵,1
12646,蓉老曉釵催,1
12647,老曉釵催鬢,1
12648,曉釵催鬢語,1
12649,釵催鬢語南,1
12650,催鬢語南風,1
12651,鬢語南風抽,1
12652,語南風抽帆,1
12653,南風抽帆歸,1
12654,風抽帆歸來,1
12655,抽帆歸來一,1
12656,帆歸來一日,1
12657,歸來一日功,1
12658,來一日功鼉,1
12659,一日功鼉吟,1
12660,日功鼉吟浦,1
12661,功鼉吟浦口,1
12662,鼉吟浦口飛,1
12663,吟浦口飛梅,1
12664,浦口飛梅雨,1
12665,口飛梅雨竿,1
12666,飛梅雨竿頭,1
12667,梅雨竿頭酒,1
12668,雨竿頭酒旗,1
12669,竿頭酒旗換,1
12670,頭酒旗換青,1
12671,酒旗換青苧,1
12672,旗換青苧蕭,1
12673,換青苧蕭騷,1
12674,青苧蕭騷浪,1
12675,苧蕭騷浪白,1
12676,蕭騷浪白雲,1
12677,騷浪白雲差,1
12678,浪白雲差池,1
12679,白雲差池黃,1
12680,雲差池黃粉,1
12681,差池黃粉油,1
12682,池黃粉油衫,1
12683,黃粉油衫寄,1
12684,粉油衫寄郎,1
12685,油衫寄郎主,1
12686,衫寄郎主新,1
12687,寄郎主新槽,1
12688,郎主新槽酒,1
12689,主新槽酒聲,1
12690,新槽酒聲苦,1
12691,槽酒聲苦無,1
12692,酒聲苦無力,1
12693,聲苦無力南,1
12694,苦無力南湖,1
12695,無力南湖一,1
12696,力南湖一頃,1
12697,南湖一頃菱,1
12698,湖一頃菱花,1
12699,一頃菱花白,1
12700,頃菱花白眼,1
12701,菱花白眼前,1
12702,花白眼前便,1
12703,白眼前便有,1
12704,眼前便有千,1
12705,前便有千里,1
12706,便有千里愁,1
12707,有千里愁小,1
12708,千里愁小玉,1
12709,里愁小玉開,1
12710,愁小玉開屏,1
12711,小玉開屏見,1
12712,玉開屏見山,1
12713,開屏見山色,1
12714,屏見山色胡,1
12715,見山色胡角,1
12716,山色胡角引,1
12717,色胡角引北,1
12718,胡角引北風,1
12719,角引北風薊,1
12720,引北風薊門,1
12721,北風薊門白,1
12722,風薊門白于,1
12723,薊門白于水,1
12724,門白于水天,1
12725,白于水天含,1
12726,于水天含青,1
12727,水天含青海,1
12728,天含青海道,1
12729,含青海道城,1
12730,青海道城頭,1
12731,海道城頭月,1
12732,道城頭月千,1
12733,城頭月千里,1
12734,頭月千里露,1
12735,月千里露下,1
12736,千里露下旗,1
12737,里露下旗濛,1
12738,露下旗濛濛,1
12739,下旗濛濛寒,1
12740,旗濛濛寒金,1
12741,濛濛寒金鳴,1
12742,濛寒金鳴夜,1
12743,寒金鳴夜刻,1
12744,金鳴夜刻蕃,1
12745,鳴夜刻蕃甲,1
12746,夜刻蕃甲鎖,1
12747,刻蕃甲鎖蛇,1
12748,蕃甲鎖蛇鱗,1
12749,甲鎖蛇鱗馬,1
12750,鎖蛇鱗馬嘶,1
12751,蛇鱗馬嘶青,1
12752,鱗馬嘶青塚,1
12753,馬嘶青塚白,1
12754,嘶青塚白秋,1
12755,青塚白秋靜,1
12756,塚白秋靜見,1
12757,白秋靜見旄,1
12758,秋靜見旄頭,1
12759,靜見旄頭沙,1
12760,見旄頭沙遠,1
12761,旄頭沙遠席,1
12762,頭沙遠席羈,1
12763,沙遠席羈愁,1
12764,遠席羈愁帳,1
12765,席羈愁帳北,1
12766,羈愁帳北天,1
12767,愁帳北天應,1
12768,帳北天應盡,1
12769,北天應盡河,1
12770,天應盡河聲,1
12771,應盡河聲出,1
12772,盡河聲出塞,1
12773,河聲出塞流,1
12774,聲出塞流玉,1
12775,出塞流玉罌,1
12776,塞流玉罌泣,1
12777,流玉罌泣水,1
12778,玉罌泣水桐,1
12779,罌泣水桐花,1
12780,泣水桐花井,1
12781,水桐花井蒨,1
12782,桐花井蒨絲,1
12783,花井蒨絲沉,1
12784,井蒨絲沉水,1
12785,蒨絲沉水如,1
12786,絲沉水如雲,1
12787,沉水如雲影,1
12788,水如雲影美,1
12789,如雲影美人,1
12790,雲影美人懶,1
12791,影美人懶態,1
12792,美人懶態燕,1
12793,人懶態燕脂,1
12794,懶態燕脂愁,1
12795,態燕脂愁春,1
12796,燕脂愁春梭,1
12797,脂愁春梭拋,1
12798,愁春梭拋擲,1
12799,春梭拋擲鳴,1
12800,梭拋擲鳴高,1
12801,拋擲鳴高樓,1
12802,擲鳴高樓彩,1
12803,鳴高樓彩線,1
12804,高樓彩線結,1
12805,樓彩線結茸,1
12806,彩線結茸背,1
12807,線結茸背複,1
12808,結茸背複疊,1
12809,茸背複疊白,1
12810,背複疊白袷,1
12811,複疊白袷玉,1
12812,疊白袷玉郎,1
12813,白袷玉郎寄,1
12814,袷玉郎寄桃,1
12815,玉郎寄桃葉,1
12816,郎寄桃葉為,1
12817,寄桃葉為君,1
12818,桃葉為君挑,1
12819,葉為君挑鸞,1
12820,為君挑鸞作,1
12821,君挑鸞作腰,1
12822,挑鸞作腰綬,1
12823,鸞作腰綬願,1
12824,作腰綬願君,1
12825,腰綬願君處,1
12826,綬願君處處,1
12827,願君處處宜,1
12828,君處處宜春,1
12829,處處宜春酒,1
12830,處宜春酒蛇,1
12831,宜春酒蛇子,1
12832,春酒蛇子蛇,1
12833,酒蛇子蛇孫,1
12834,蛇子蛇孫鱗,1
12835,子蛇孫鱗蜿,1
12836,蛇孫鱗蜿蜿,1
12837,孫鱗蜿蜿新,1
12838,鱗蜿蜿新香,1
12839,蜿蜿新香幾,1
12840,蜿新香幾粒,1
12841,新香幾粒洪,1
12842,香幾粒洪崖,1
12843,幾粒洪崖飯,1
12844,粒洪崖飯綠,1
12845,洪崖飯綠波,1
12846,崖飯綠波浸,1
12847,飯綠波浸葉,1
12848,綠波浸葉滿,1
12849,波浸葉滿濃,1
12850,浸葉滿濃光,1
12851,葉滿濃光細,1
12852,滿濃光細束,1
12853,濃光細束龍,1
12854,光細束龍髯,1
12855,細束龍髯鉸,1
12856,束龍髯鉸刀,1
12857,龍髯鉸刀剪,1
12858,髯鉸刀剪主,1
12859,鉸刀剪主人,1
12860,刀剪主人壁,1
12861,剪主人壁上,1
12862,主人壁上鋪,1
12863,人壁上鋪州,1
12864,壁上鋪州圖,1
12865,上鋪州圖主,1
12866,鋪州圖主人,1
12867,州圖主人堂,1
12868,圖主人堂前,1
12869,主人堂前多,1
12870,人堂前多俗,1
12871,堂前多俗儒,1
12872,前多俗儒月,1
12873,多俗儒月明,1
12874,俗儒月明白,1
12875,儒月明白露,1
12876,月明白露秋,1
12877,明白露秋淚,1
12878,白露秋淚滴,1
12879,露秋淚滴石,1
12880,秋淚滴石筍,1
12881,淚滴石筍溪,1
12882,滴石筍溪雲,1
12883,石筍溪雲肯,1
12884,筍溪雲肯寄,1
12885,溪雲肯寄書,1
12886,雲肯寄書藕,1
12887,肯寄書藕花,1
12888,寄書藕花涼,1
12889,書藕花涼露,1
12890,鴦塘水聲溘,1
12891,塘水聲溘溘,1
12892,水聲溘溘呂,1
12893,聲溘溘呂將,1
12894,溘溘呂將軍,1
12895,溘呂將軍騎,1
12896,呂將軍騎赤,1
12897,將軍騎赤兔,1
12898,軍騎赤兔獨,1
12899,騎赤兔獨攜,1
12900,赤兔獨攜大,1
12901,兔獨攜大膽,1
12902,獨攜大膽出,1
12903,攜大膽出秦,1
12904,大膽出秦門,1
12905,膽出秦門金,1
12906,出秦門金粟,1
12907,秦門金粟堆,1
12908,門金粟堆邊,1
12909,金粟堆邊哭,1
12910,粟堆邊哭陵,1
12911,堆邊哭陵樹,1
12912,邊哭陵樹北,1
12913,哭陵樹北方,1
12914,陵樹北方逆,1
12915,樹北方逆氣,1
12916,北方逆氣汙,1
12917,方逆氣汙青,1
12918,逆氣汙青天,1
12919,氣汙青天劍,1
12920,汙青天劍龍,1
12921,青天劍龍夜,1
12922,天劍龍夜叫,1
12923,劍龍夜叫將,1
12924,龍夜叫將軍,1
12925,夜叫將軍閑,1
12926,叫將軍閑將,1
12927,將軍閑將軍,1
12928,軍閑將軍振,1
12929,閑將軍振袖,1
12930,將軍振袖揮,1
12931,軍振袖揮劍,1
12932,振袖揮劍鍔,1
12933,袖揮劍鍔玉,1
12934,揮劍鍔玉闕,1
12935,劍鍔玉闕朱,1
12936,鍔玉闕朱城,1
12937,玉闕朱城有,1
12938,闕朱城有門,1
12939,朱城有門閣,1
12940,城有門閣榼,1
12941,有門閣榼榼,1
12942,門閣榼榼銀,1
12943,閣榼榼銀龜,1
12944,榼榼銀龜搖,1
12945,榼銀龜搖白,1
12946,銀龜搖白馬,1
12947,龜搖白馬傅,1
12948,搖白馬傅粉,1
12949,白馬傅粉女,1
12950,馬傅粉女郎,1
12951,傅粉女郎火,1
12952,粉女郎火旗,1
12953,女郎火旗下,1
12954,郎火旗下恒,1
12955,火旗下恒山,1
12956,旗下恒山鐵,1
12957,下恒山鐵騎,1
12958,恒山鐵騎請,1
12959,山鐵騎請金,1
12960,鐵騎請金槍,1
12961,騎請金槍遙,1
12962,請金槍遙聞,1
12963,金槍遙聞箙,1
12964,槍遙聞箙中,1
12965,遙聞箙中花,1
12966,聞箙中花箭,1
12967,箙中花箭香,1
12968,中花箭香西,1
12969,花箭香西郊,1
12970,箭香西郊寒,1
12971,香西郊寒蓬,1
12972,西郊寒蓬葉,1
12973,郊寒蓬葉如,1
12974,寒蓬葉如刺,1
12975,蓬葉如刺皇,1
12976,葉如刺皇天,1
12977,如刺皇天新,1
12978,刺皇天新栽,1
12979,皇天新栽養,1
12980,天新栽養神,1
12981,新栽養神驥,1
12982,栽養神驥廄,1
12983,養神驥廄中,1
12984,神驥廄中高,1
12985,驥廄中高桁,1
12986,廄中高桁排,1
12987,中高桁排蹇,1
12988,高桁排蹇蹄,1
12989,桁排蹇蹄飽,1
12990,排蹇蹄飽食,1
12991,蹇蹄飽食青,1
12992,蹄飽食青芻,1
12993,飽食青芻飲,1
12994,食青芻飲白,1
12995,青芻飲白水,1
12996,芻飲白水圓,1
12997,飲白水圓蒼,1
12998,白水圓蒼低,1
12999,水圓蒼低迷,1
13000,圓蒼低迷蓋,1
13001,蒼低迷蓋張,1
13002,低迷蓋張地,1
13003,迷蓋張地九,1
13004,蓋張地九州,1
13005,張地九州人,1
13006,地九州人事,1
13007,九州人事皆,1
13008,州人事皆如,1
13009,人事皆如此,1
13010,事皆如此赤,1
13011,皆如此赤山,1
13012,如此赤山秀,1
13013,此赤山秀鋌,1
13014,赤山秀鋌禦,1
13015,山秀鋌禦時,1
13016,秀鋌禦時英,1
13017,鋌禦時英綠,1
13018,禦時英綠眼,1
13019,時英綠眼將,1
13020,英綠眼將軍,1
13021,綠眼將軍會,1
13022,眼將軍會天,1
13023,將軍會天意,1
13024,軍會天意封,1
13025,會天意封侯,1
13026,天意封侯早,1
13027,意封侯早歸,1
13028,封侯早歸來,1
13029,侯早歸來莫,1
13030,早歸來莫作,1
13031,歸來莫作弦,1
13032,來莫作弦上,1
13033,莫作弦上箭,1
13034,作弦上箭西,1
13035,弦上箭西山,1
13036,上箭西山日,1
13037,箭西山日沒,1
13038,西山日沒東,1
13039,山日沒東山,1
13040,日沒東山昏,1
13041,沒東山昏旋,1
13042,東山昏旋風,1
13043,山昏旋風吹,1
13044,昏旋風吹馬,1
13045,旋風吹馬馬,1
13046,風吹馬馬踏,1
13047,吹馬馬踏雲,1
13048,馬馬踏雲畫,1
13049,馬踏雲畫弦,1
13050,踏雲畫弦素,1
13051,雲畫弦素管,1
13052,畫弦素管聲,1
13053,弦素管聲淺,1
13054,素管聲淺繁,1
13055,管聲淺繁花,1
13056,聲淺繁花裙,1
13057,淺繁花裙綷,1
13058,繁花裙綷步,1
13059,花裙綷步秋,1
13060,裙綷步秋塵,1
13061,綷步秋塵桂,1
13062,步秋塵桂葉,1
13063,秋塵桂葉刷,1
13064,塵桂葉刷風,1
13065,桂葉刷風桂,1
13066,葉刷風桂墜,1
13067,刷風桂墜子,1
13068,風桂墜子青,1
13069,桂墜子青狸,1
13070,墜子青狸哭,1
13071,子青狸哭血,1
13072,青狸哭血寒,1
13073,狸哭血寒狐,1
13074,哭血寒狐死,1
13075,血寒狐死古,1
13076,寒狐死古壁,1
13077,狐死古壁彩,1
13078,死古壁彩虯,1
13079,古壁彩虯金,1
13080,壁彩虯金帖,1
13081,彩虯金帖尾,1
13082,虯金帖尾雨,1
13083,金帖尾雨工,1
13084,帖尾雨工騎,1
13085,尾雨工騎入,1
13086,雨工騎入秋,1
13087,工騎入秋潭,1
13088,騎入秋潭水,1
13089,入秋潭水百,1
13090,秋潭水百年,1
13091,潭水百年老,1
13092,水百年老鴞,1
13093,百年老鴞成,1
13094,年老鴞成木,1
13095,老鴞成木魅,1
13096,鴞成木魅笑,1
13097,成木魅笑聲,1
13098,木魅笑聲碧,1
13099,魅笑聲碧火,1
13100,笑聲碧火巢,1
13101,聲碧火巢中,1
13102,碧火巢中起,1
13103,火巢中起鴉,1
13104,巢中起鴉翎,1
13105,中起鴉翎羽,1
13106,起鴉翎羽箭,1
13107,鴉翎羽箭山,1
13108,翎羽箭山桑,1
13109,羽箭山桑弓,1
13110,箭山桑弓仰,1
13111,山桑弓仰天,1
13112,桑弓仰天射,1
13113,弓仰天射落,1
13114,仰天射落銜,1
13115,天射落銜蘆,1
13116,射落銜蘆鴻,1
13117,落銜蘆鴻麻,1
13118,銜蘆鴻麻衣,1
13119,蘆鴻麻衣黑,1
13120,鴻麻衣黑肥,1
13121,麻衣黑肥沖,1
13122,衣黑肥沖北,1
13123,黑肥沖北風,1
13124,肥沖北風帶,1
13125,沖北風帶酒,1
13126,北風帶酒日,1
13127,風帶酒日晚,1
13128,帶酒日晚歌,1
13129,酒日晚歌田,1
13130,日晚歌田中,1
13131,晚歌田中男,1
13132,歌田中男兒,1
13133,田中男兒屈,1
13134,中男兒屈窮,1
13135,男兒屈窮心,1
13136,兒屈窮心不,1
13137,屈窮心不窮,1
13138,窮心不窮枯,1
13139,心不窮枯榮,1
13140,不窮枯榮不,1
13141,窮枯榮不等,1
13142,枯榮不等嗔,1
13143,榮不等嗔天,1
13144,不等嗔天公,1
13145,等嗔天公寒,1
13146,嗔天公寒風,1
13147,天公寒風又,1
13148,公寒風又變,1
13149,寒風又變為,1
13150,風又變為春,1
13151,又變為春柳,1
13152,變為春柳條,1
13153,為春柳條條,1
13154,春柳條條看,1
13155,柳條條看即,1
13156,條條看即煙,1
13157,條看即煙濛,1
13158,看即煙濛濛,1
13159,即煙濛濛女,1
13160,煙濛濛女巫,1
13161,濛濛女巫澆,1
13162,濛女巫澆酒,1
13163,女巫澆酒雲,1
13164,巫澆酒雲滿,1
13165,澆酒雲滿空,1
13166,酒雲滿空玉,1
13167,雲滿空玉爐,1
13168,滿空玉爐炭,1
13169,空玉爐炭火,1
13170,玉爐炭火香,1
13171,爐炭火香冬,1
13172,炭火香冬冬,1
13173,火香冬冬海,1
13174,香冬冬海神,1
13175,冬冬海神山,1
13176,冬海神山鬼,1
13177,海神山鬼來,1
13178,神山鬼來座,1
13179,山鬼來座中,1
13180,鬼來座中紙,1
13181,來座中紙錢,1
13182,座中紙錢窸,1
13183,中紙錢窸窣,1
13184,紙錢窸窣鳴,1
13185,錢窸窣鳴旋,1
13186,窸窣鳴旋風,1
13187,窣鳴旋風相,1
13188,鳴旋風相思,1
13189,旋風相思木,1
13190,風相思木帖,1
13191,相思木帖金,1
13192,思木帖金舞,1
13193,木帖金舞鸞,1
13194,帖金舞鸞攢,1
13195,金舞鸞攢蛾,1
13196,舞鸞攢蛾一,1
13197,鸞攢蛾一啑,1
13198,攢蛾一啑重,1
13199,蛾一啑重一,1
13200,一啑重一彈,1
13201,啑重一彈呼,1
13202,重一彈呼星,1
13203,一彈呼星召,1
13204,彈呼星召鬼,1
13205,呼星召鬼歆,1
13206,星召鬼歆杯,1
13207,召鬼歆杯盤,1
13208,鬼歆杯盤山,1
13209,歆杯盤山魅,1
13210,杯盤山魅食,1
13211,盤山魅食時,1
13212,山魅食時人,1
13213,魅食時人森,1
13214,食時人森寒,1
13215,時人森寒終,1
13216,人森寒終南,1
13217,森寒終南日,1
13218,寒終南日色,1
13219,終南日色低,1
13220,南日色低平,1
13221,日色低平灣,1
13222,色低平灣神,1
13223,低平灣神兮,1
13224,平灣神兮長,1
13225,灣神兮長在,1
13226,神兮長在有,1
13227,兮長在有無,1
13228,長在有無間,1
13229,在有無間神,1
13230,有無間神嗔,1
13231,無間神嗔神,1
13232,間神嗔神喜,1
13233,神嗔神喜師,1
13234,嗔神喜師更,1
13235,神喜師更顏,1
13236,喜師更顏送,1
13237,師更顏送神,1
13238,更顏送神萬,1
13239,顏送神萬騎,1
13240,送神萬騎還,1
13241,神萬騎還青,1
13242,萬騎還青山,1
13243,騎還青山琉,1
13244,還青山琉璃,1
13245,青山琉璃鐘,1
13246,山琉璃鐘琥,1
13247,琉璃鐘琥珀,1
13248,璃鐘琥珀濃,1
13249,鐘琥珀濃小,1
13250,琥珀濃小槽,1
13251,珀濃小槽酒,1
13252,濃小槽酒滴,1
13253,小槽酒滴真,1
13254,槽酒滴真珠,1
13255,酒滴真珠紅,1
13256,滴真珠紅烹,1
13257,真珠紅烹龍,1
13258,珠紅烹龍炮,1
13259,紅烹龍炮鳳,1
13260,烹龍炮鳳玉,1
13261,龍炮鳳玉脂,1
13262,炮鳳玉脂泣,1
13263,鳳玉脂泣羅,1
13264,玉脂泣羅屏,1
13265,脂泣羅屏繡,1
13266,泣羅屏繡幕,1
13267,羅屏繡幕圍,1
13268,屏繡幕圍香,1
13269,繡幕圍香風,1
13270,幕圍香風吹,1
13271,圍香風吹龍,1
13272,香風吹龍笛,1
13273,風吹龍笛擊,1
13274,吹龍笛擊鼉,1
13275,龍笛擊鼉鼓,1
13276,笛擊鼉鼓皓,1
13277,擊鼉鼓皓齒,1
13278,鼉鼓皓齒歌,1
13279,鼓皓齒歌細,1
13280,皓齒歌細腰,1
13281,齒歌細腰舞,1
13282,歌細腰舞況,1
13283,細腰舞況是,1
13284,腰舞況是青,1
13285,舞況是青春,1
13286,況是青春日,1
13287,是青春日將,1
13288,青春日將暮,1
13289,春日將暮桃,1
13290,日將暮桃花,1
13291,將暮桃花亂,1
13292,暮桃花亂落,1
13293,桃花亂落如,1
13294,花亂落如紅,1
13295,亂落如紅雨,1
13296,落如紅雨勸,1
13297,如紅雨勸君,1
13298,紅雨勸君終,1
13299,雨勸君終日,1
13300,勸君終日酩,1
13301,君終日酩酊,1
13302,終日酩酊醉,1
13303,日酩酊醉酒,1
13304,酩酊醉酒不,1
13305,酊醉酒不到,1
13306,醉酒不到劉,1
13307,酒不到劉伶,1
13308,不到劉伶墳,1
13309,到劉伶墳上,1
13310,劉伶墳上土,1
13311,伶墳上土西,1
13312,墳上土西施,1
13313,上土西施曉,1
13314,土西施曉夢,1
13315,西施曉夢綃,1
13316,施曉夢綃帳,1
13317,曉夢綃帳寒,1
13318,夢綃帳寒香,1
13319,綃帳寒香鬟,1
13320,帳寒香鬟墮,1
13321,寒香鬟墮髻,1
13322,香鬟墮髻半,1
13323,鬟墮髻半沉,1
13324,墮髻半沉檀,1
13325,髻半沉檀轆,1
13326,半沉檀轆轤,1
13327,沉檀轆轤咿,1
13328,檀轆轤咿啞,1
13329,轆轤咿啞轉,1
13330,轤咿啞轉鳴,1
13331,咿啞轉鳴玉,1
13332,啞轉鳴玉驚,1
13333,轉鳴玉驚起,1
13334,鳴玉驚起芙,1
13335,玉驚起芙蓉,1
13336,驚起芙蓉睡,1
13337,起芙蓉睡新,1
13338,芙蓉睡新足,1
13339,蓉睡新足雙,1
13340,睡新足雙鸞,1
13341,新足雙鸞開,1
13342,足雙鸞開鏡,1
13343,雙鸞開鏡秋,1
13344,鸞開鏡秋水,1
13345,開鏡秋水光,1
13346,鏡秋水光解,1
13347,秋水光解鬟,1
13348,水光解鬟臨,1
13349,光解鬟臨鏡,1
13350,解鬟臨鏡立,1
13351,鬟臨鏡立象,1
13352,臨鏡立象床,1
13353,鏡立象床一,1
13354,立象床一編,1
13355,象床一編香,1
13356,床一編香絲,1
13357,一編香絲雲,1
13358,編香絲雲撒,1
13359,香絲雲撒地,1
13360,絲雲撒地玉,1
13361,雲撒地玉釵,1
13362,撒地玉釵落,1
13363,地玉釵落處,1
13364,玉釵落處無,1
13365,釵落處無聲,1
13366,落處無聲膩,1
13367,處無聲膩纖,1
13368,無聲膩纖手,1
13369,聲膩纖手卻,1
13370,膩纖手卻盤,1
13371,纖手卻盤老,1
13372,手卻盤老鴉,1
13373,卻盤老鴉色,1
13374,盤老鴉色翠,1
13375,老鴉色翠滑,1
13376,鴉色翠滑寶,1
13377,色翠滑寶釵,1
13378,翠滑寶釵簪,1
13379,滑寶釵簪不,1
13380,寶釵簪不得,1
13381,釵簪不得春,1
13382,簪不得春風,1
13383,不得春風爛,1
13384,得春風爛熳,1
13385,春風爛熳惱,1
13386,風爛熳惱嬌,1
13387,爛熳惱嬌慵,1
13388,熳惱嬌慵十,1
13389,惱嬌慵十八,1
13390,嬌慵十八鬟,1
13391,慵十八鬟多,1
13392,十八鬟多無,1
13393,八鬟多無氣,1
13394,鬟多無氣力,1
13395,多無氣力妝,1
13396,無氣力妝成,1
13397,氣力妝成鬌,1
13398,力妝成鬌欹,1
13399,妝成鬌欹不,1
13400,成鬌欹不斜,1
13401,鬌欹不斜雲,1
13402,欹不斜雲裾,1
13403,不斜雲裾數,1
13404,斜雲裾數步,1
13405,雲裾數步踏,1
13406,裾數步踏雁,1
13407,數步踏雁沙,1
13408,步踏雁沙背,1
13409,踏雁沙背人,1
13410,雁沙背人不,1
13411,沙背人不語,1
13412,背人不語向,1
13413,人不語向何,1
13414,不語向何處,1
13415,語向何處下,1
13416,向何處下階,1
13417,何處下階自,1
13418,處下階自折,1
13419,下階自折櫻,1
13420,階自折櫻桃,1
13421,自折櫻桃花,1
13422,折櫻桃花月,1
13423,櫻桃花月漉,1
13424,桃花月漉漉,1
13425,花月漉漉波,1
13426,月漉漉波煙,1
13427,漉漉波煙玉,1
13428,漉波煙玉莎,1
13429,波煙玉莎青,1
13430,煙玉莎青桂,1
13431,玉莎青桂花,1
13432,莎青桂花繁,1
13433,青桂花繁芙,1
13434,桂花繁芙蓉,1
13435,花繁芙蓉別,1
13436,繁芙蓉別江,1
13437,芙蓉別江木,1
13438,蓉別江木粉,1
13439,別江木粉態,1
13440,江木粉態袷,1
13441,木粉態袷羅,1
13442,粉態袷羅寒,1
13443,態袷羅寒雁,1
13444,袷羅寒雁羽,1
13445,羅寒雁羽鋪,1
13446,寒雁羽鋪煙,1
13447,雁羽鋪煙濕,1
13448,羽鋪煙濕誰,1
13449,鋪煙濕誰能,1
13450,煙濕誰能看,1
13451,濕誰能看石,1
13452,誰能看石帆,1
13453,能看石帆乘,1
13454,看石帆乘船,1
13455,石帆乘船鏡,1
13456,帆乘船鏡中,1
13457,乘船鏡中入,1
13458,船鏡中入秋,1
13459,鏡中入秋白,1
13460,中入秋白鮮,1
13461,入秋白鮮紅,1
13462,秋白鮮紅死,1
13463,白鮮紅死水,1
13464,鮮紅死水香,1
13465,紅死水香蓮,1
13466,死水香蓮子,1
13467,水香蓮子齊,1
13468,香蓮子齊挽,1
13469,蓮子齊挽菱,1
13470,子齊挽菱隔,1
13471,齊挽菱隔歌,1
13472,挽菱隔歌袖,1
13473,菱隔歌袖綠,1
13474,隔歌袖綠刺,1
13475,歌袖綠刺罥,1
13476,袖綠刺罥銀,1
13477,綠刺罥銀泥,1
13478,刺罥銀泥驅,1
13479,罥銀泥驅馬,1
13480,銀泥驅馬出,1
13481,泥驅馬出門,1
13482,驅馬出門意,1
13483,馬出門意牢,1
13484,出門意牢落,1
13485,門意牢落長,1
13486,意牢落長安,1
13487,牢落長安心,1
13488,落長安心兩,1
13489,長安心兩事,1
13490,安心兩事誰,1
13491,心兩事誰向,1
13492,兩事誰向道,1
13493,事誰向道自,1
13494,誰向道自作,1
13495,向道自作秋,1
13496,道自作秋風,1
13497,自作秋風吟,1
13498,作秋風吟曉,1
13499,秋風吟曉聲,1
13500,風吟曉聲隆,1
13501,吟曉聲隆隆,1
13502,曉聲隆隆催,1
13503,聲隆隆催轉,1
13504,隆隆催轉日,1
13505,隆催轉日暮,1
13506,催轉日暮聲,1
13507,轉日暮聲隆,1
13508,日暮聲隆隆,1
13509,暮聲隆隆呼,1
13510,聲隆隆呼月,1
13511,隆隆呼月出,1
13512,隆呼月出漢,1
13513,呼月出漢城,1
13514,月出漢城黃,1
13515,出漢城黃柳,1
13516,漢城黃柳映,1
13517,城黃柳映新,1
13518,黃柳映新簾,1
13519,柳映新簾柏,1
13520,映新簾柏陵,1
13521,新簾柏陵飛,1
13522,簾柏陵飛燕,1
13523,柏陵飛燕埋,1
13524,陵飛燕埋香,1
13525,飛燕埋香骨,1
13526,燕埋香骨磓,1
13527,埋香骨磓發,1
13528,香骨磓發千,1
13529,骨磓發千年,1
13530,磓發千年日,1
13531,發千年日長,1
13532,千年日長白,1
13533,年日長白孝,1
13534,日長白孝武,1
13535,長白孝武秦,1
13536,白孝武秦王,1
13537,孝武秦王聽,1
13538,武秦王聽不,1
13539,秦王聽不得,1
13540,王聽不得從,1
13541,聽不得從君,1
13542,不得從君翠,1
13543,得從君翠發,1
13544,從君翠發蘆,1
13545,君翠發蘆花,1
13546,翠發蘆花色,1
13547,發蘆花色獨,1
13548,蘆花色獨共,1
13549,花色獨共南,1
13550,色獨共南山,1
13551,獨共南山守,1
13552,共南山守中,1
13553,南山守中國,1
13554,山守中國幾,1
13555,守中國幾回,1
13556,中國幾回天,1
13557,國幾回天上,1
13558,幾回天上葬,1
13559,回天上葬神,1
13560,天上葬神仙,1
13561,上葬神仙漏,1
13562,葬神仙漏聲,1
13563,神仙漏聲相,1
13564,仙漏聲相將,1
13565,漏聲相將無,1
13566,聲相將無斷,1
13567,相將無斷緣,1
13568,將無斷緣許,1
13569,無斷緣許史,1
13570,斷緣許史世,1
13571,緣許史世家,1
13572,許史世家外,1
13573,史世家外親,1
13574,世家外親貴,1
13575,家外親貴宮,1
13576,外親貴宮錦,1
13577,親貴宮錦千,1
13578,貴宮錦千端,1
13579,宮錦千端買,1
13580,錦千端買沉,1
13581,千端買沉醉,1
13582,端買沉醉銅,1
13583,買沉醉銅駝,1
13584,沉醉銅駝酒,1
13585,醉銅駝酒熟,1
13586,銅駝酒熟烘,1
13587,駝酒熟烘明,1
13588,酒熟烘明膠,1
13589,熟烘明膠古,1
13590,烘明膠古堤,1
13591,明膠古堤大,1
13592,膠古堤大柳,1
13593,古堤大柳煙,1
13594,堤大柳煙中,1
13595,大柳煙中翠,1
13596,柳煙中翠桂,1
13597,煙中翠桂開,1
13598,中翠桂開客,1
13599,翠桂開客花,1
13600,桂開客花名,1
13601,開客花名鄭,1
13602,客花名鄭袖,1
13603,花名鄭袖入,1
13604,名鄭袖入洛,1
13605,鄭袖入洛聞,1
13606,袖入洛聞香,1
13607,入洛聞香鼎,1
13608,洛聞香鼎門,1
13609,聞香鼎門口,1
13610,香鼎門口先,1
13611,鼎門口先將,1
13612,門口先將芍,1
13613,口先將芍藥,1
13614,先將芍藥獻,1
13615,將芍藥獻妝,1
13616,芍藥獻妝台,1
13617,藥獻妝台後,1
13618,獻妝台後解,1
13619,妝台後解黃,1
13620,台後解黃金,1
13621,後解黃金大,1
13622,解黃金大如,1
13623,黃金大如鬥,1
13624,金大如鬥莫,1
13625,大如鬥莫愁,1
13626,如鬥莫愁簾,1
13627,鬥莫愁簾中,1
13628,莫愁簾中許,1
13629,愁簾中許合,1
13630,簾中許合歡,1
13631,中許合歡清,1
13632,許合歡清弦,1
13633,合歡清弦五,1
13634,歡清弦五十,1
13635,清弦五十為,1
13636,弦五十為君,1
13637,五十為君彈,1
13638,十為君彈彈,1
13639,為君彈彈聲,1
13640,君彈彈聲咽,1
13641,彈彈聲咽春,1
13642,彈聲咽春弄,1
13643,聲咽春弄君,1
13644,咽春弄君骨,1
13645,春弄君骨骨,1
13646,弄君骨骨興,1
13647,君骨骨興牽,1
13648,骨骨興牽人,1
13649,骨興牽人馬,1
13650,興牽人馬上,1
13651,牽人馬上鞍,1
13652,人馬上鞍兩,1
13653,馬上鞍兩馬,1
13654,上鞍兩馬八,1
13655,鞍兩馬八蹄,1
13656,兩馬八蹄踏,1
13657,馬八蹄踏蘭,1
13658,八蹄踏蘭苑,1
13659,蹄踏蘭苑情,1
13660,踏蘭苑情如,1
13661,蘭苑情如合,1
13662,苑情如合竹,1
13663,情如合竹誰,1
13664,如合竹誰能,1
13665,合竹誰能見,1
13666,竹誰能見夜,1
13667,誰能見夜光,1
13668,能見夜光玉,1
13669,見夜光玉枕,1
13670,夜光玉枕棲,1
13671,光玉枕棲鳳,1
13672,玉枕棲鳳凰,1
13673,枕棲鳳凰袷,1
13674,棲鳳凰袷羅,1
13675,鳳凰袷羅當,1
13676,凰袷羅當門,1
13677,袷羅當門刺,1
13678,羅當門刺純,1
13679,當門刺純線,1
13680,門刺純線長,1
13681,刺純線長翻,1
13682,純線長翻蜀,1
13683,線長翻蜀紙,1
13684,長翻蜀紙卷,1
13685,翻蜀紙卷明,1
13686,蜀紙卷明君,1
13687,紙卷明君轉,1
13688,卷明君轉角,1
13689,明君轉角含,1
13690,君轉角含商,1
13691,轉角含商破,1
13692,角含商破碧,1
13693,含商破碧雲,1
13694,商破碧雲自,1
13695,破碧雲自從,1
13696,碧雲自從小,1
13697,雲自從小靨,1
13698,自從小靨來,1
13699,從小靨來東,1
13700,小靨來東道,1
13701,靨來東道曲,1
13702,來東道曲裏,1
13703,東道曲裏長,1
13704,道曲裏長眉,1
13705,曲裏長眉少,1
13706,裏長眉少見,1
13707,長眉少見人,1
13708,眉少見人相,1
13709,少見人相如,1
13710,見人相如塚,1
13711,人相如塚上,1
13712,相如塚上生,1
13713,如塚上生秋,1
13714,塚上生秋柏,1
13715,上生秋柏三,1
13716,生秋柏三秦,1
13717,秋柏三秦誰,1
13718,柏三秦誰是,1
13719,三秦誰是言,1
13720,秦誰是言情,1
13721,誰是言情客,1
13722,是言情客蛾,1
13723,言情客蛾鬟,1
13724,情客蛾鬟醉,1
13725,客蛾鬟醉眼,1
13726,蛾鬟醉眼拜,1
13727,鬟醉眼拜諸,1
13728,醉眼拜諸宗,1
13729,眼拜諸宗為,1
13730,拜諸宗為謁,1
13731,諸宗為謁皇,1
13732,宗為謁皇孫,1
13733,為謁皇孫請,1
13734,謁皇孫請曹,1
13735,皇孫請曹植,1
13736,孫請曹植曉,1
13737,請曹植曉木,1
13738,曹植曉木千,1
13739,植曉木千籠,1
13740,曉木千籠真,1
13741,木千籠真蠟,1
13742,千籠真蠟彩,1
13743,籠真蠟彩落,1
13744,真蠟彩落蕊,1
13745,蠟彩落蕊枯,1
13746,彩落蕊枯香,1
13747,落蕊枯香數,1
13748,蕊枯香數分,1
13749,枯香數分在,1
13750,香數分在陰,1
13751,數分在陰枝,1
13752,分在陰枝秀,1
13753,在陰枝秀牙,1
13754,陰枝秀牙卷,1
13755,枝秀牙卷縹,1
13756,秀牙卷縹茸,1
13757,牙卷縹茸長,1
13758,卷縹茸長風,1
13759,縹茸長風回,1
13760,茸長風回氣,1
13761,長風回氣扶,1
13762,風回氣扶蔥,1
13763,回氣扶蔥蘢,1
13764,氣扶蔥蘢野,1
13765,扶蔥蘢野家,1
13766,蔥蘢野家麥,1
13767,蘢野家麥畦,1
13768,野家麥畦上,1
13769,家麥畦上新,1
13770,麥畦上新壟,1
13771,畦上新壟長,1
13772,上新壟長畛,1
13773,新壟長畛裴,1
13774,壟長畛裴回,1
13775,長畛裴回桑,1
13776,畛裴回桑柘,1
13777,裴回桑柘重,1
13778,回桑柘重刺,1
13779,桑柘重刺香,1
13780,柘重刺香滿,1
13781,重刺香滿地,1
13782,刺香滿地菖,1
13783,香滿地菖蒲,1
13784,滿地菖蒲草,1
13785,地菖蒲草雨,1
13786,菖蒲草雨梁,1
13787,蒲草雨梁燕,1
13788,草雨梁燕語,1
13789,雨梁燕語悲,1
13790,梁燕語悲身,1
13791,燕語悲身老,1
13792,語悲身老三,1
13793,悲身老三月,1
13794,身老三月搖,1
13795,老三月搖揚,1
13796,三月搖揚入,1
13797,月搖揚入河,1
13798,搖揚入河道,1
13799,揚入河道天,1
13800,入河道天濃,1
13801,河道天濃地,1
13802,道天濃地濃,1
13803,天濃地濃柳,1
13804,濃地濃柳梳,1
13805,地濃柳梳掃,1
13806,濃柳梳掃長,1
13807,柳梳掃長安,1
13808,梳掃長安風,1
13809,掃長安風雨,1
13810,長安風雨夜,1
13811,安風雨夜書,1
13812,風雨夜書客,1
13813,雨夜書客夢,1
13814,夜書客夢昌,1
13815,書客夢昌穀,1
13816,客夢昌穀怡,1
13817,夢昌穀怡怡,1
13818,昌穀怡怡中,1
13819,穀怡怡中堂,1
13820,怡怡中堂笑,1
13821,怡中堂笑小,1
13822,中堂笑小弟,1
13823,堂笑小弟栽,1
13824,笑小弟栽澗,1
13825,小弟栽澗菉,1
13826,弟栽澗菉家,1
13827,栽澗菉家門,1
13828,澗菉家門厚,1
13829,菉家門厚重,1
13830,家門厚重意,1
13831,門厚重意望,1
13832,厚重意望我,1
13833,重意望我飽,1
13834,意望我飽饑,1
13835,望我飽饑腹,1
13836,我飽饑腹勞,1
13837,飽饑腹勞勞,1
13838,饑腹勞勞一,1
13839,腹勞勞一寸,1
13840,勞勞一寸心,1
13841,勞一寸心燈,1
13842,一寸心燈花,1
13843,寸心燈花照,1
13844,心燈花照魚,1
13845,燈花照魚目,1
13846,花照魚目野,1
13847,照魚目野水,1
13848,魚目野水泛,1
13849,目野水泛長,1
13850,野水泛長瀾,1
13851,水泛長瀾宮,1
13852,泛長瀾宮牙,1
13853,長瀾宮牙開,1
13854,瀾宮牙開小,1
13855,宮牙開小蒨,1
13856,牙開小蒨無,1
13857,開小蒨無人,1
13858,小蒨無人柳,1
13859,蒨無人柳自,1
13860,無人柳自春,1
13861,人柳自春草,1
13862,柳自春草渚,1
13863,自春草渚鴛,1
13864,春草渚鴛鴦,1
13865,草渚鴛鴦暖,1
13866,渚鴛鴦暖晴,1
13867,鴛鴦暖晴嘶,1
13868,鴦暖晴嘶臥,1
13869,暖晴嘶臥沙,1
13870,晴嘶臥沙馬,1
13871,嘶臥沙馬老,1
13872,臥沙馬老去,1
13873,沙馬老去悲,1
13874,馬老去悲啼,1
13875,老去悲啼展,1
13876,去悲啼展今,1
13877,悲啼展今春,1
13878,啼展今春還,1
13879,展今春還不,1
13880,今春還不歸,1
13881,春還不歸塞,1
13882,還不歸塞嚶,1
13883,不歸塞嚶折,1
13884,歸塞嚶折翅,1
13885,塞嚶折翅雁,1
13886,嚶折翅雁李,1
13887,折翅雁李子,1
13888,翅雁李子別,1
13889,雁李子別上,1
13890,李子別上國,1
13891,子別上國南,1
13892,別上國南山,1
13893,上國南山崆,1
13894,國南山崆峒,1
13895,南山崆峒春,1
13896,山崆峒春不,1
13897,崆峒春不聞,1
13898,峒春不聞今,1
13899,春不聞今夕,1
13900,不聞今夕鼓,1
13901,聞今夕鼓差,1
13902,今夕鼓差慰,1
13903,夕鼓差慰煎,1
13904,鼓差慰煎情,1
13905,差慰煎情人,1
13906,慰煎情人趙,1
13907,煎情人趙壹,1
13908,情人趙壹賦,1
13909,人趙壹賦命,1
13910,趙壹賦命薄,1
13911,壹賦命薄馬,1
13912,賦命薄馬卿,1
13913,命薄馬卿家,1
13914,薄馬卿家業,1
13915,馬卿家業貧,1
13916,卿家業貧鄉,1
13917,家業貧鄉書,1
13918,業貧鄉書何,1
13919,貧鄉書何所,1
13920,鄉書何所報,1
13921,書何所報紫,1
13922,何所報紫蕨,1
13923,所報紫蕨生,1
13924,報紫蕨生石,1
13925,紫蕨生石雲,1
13926,蕨生石雲長,1
13927,生石雲長安,1
13928,石雲長安玉,1
13929,雲長安玉桂,1
13930,長安玉桂國,1
13931,安玉桂國戟,1
13932,玉桂國戟帶,1
13933,桂國戟帶披,1
13934,國戟帶披侯,1
13935,戟帶披侯門,1
13936,帶披侯門慘,1
13937,披侯門慘陰,1
13938,侯門慘陰地,1
13939,門慘陰地自,1
13940,慘陰地自光,1
13941,陰地自光寶,1
13942,地自光寶馬,1
13943,自光寶馬踏,1
13944,光寶馬踏曉,1
13945,寶馬踏曉昏,1
13946,馬踏曉昏臘,1
13947,踏曉昏臘春,1
13948,曉昏臘春戲,1
13949,昏臘春戲草,1
13950,臘春戲草苑,1
13951,春戲草苑玉,1
13952,戲草苑玉挽,1
13953,草苑玉挽鳴,1
13954,苑玉挽鳴轔,1
13955,玉挽鳴轔綠,1
13956,挽鳴轔綠網,1
13957,鳴轔綠網縋,1
13958,轔綠網縋金,1
13959,綠網縋金鈴,1
13960,網縋金鈴霞,1
13961,縋金鈴霞卷,1
13962,金鈴霞卷清,1
13963,鈴霞卷清池,1
13964,霞卷清池漘,1
13965,卷清池漘開,1
13966,清池漘開貫,1
13967,池漘開貫瀉,1
13968,漘開貫瀉蚨,1
13969,開貫瀉蚨母,1
13970,貫瀉蚨母買,1
13971,瀉蚨母買冰,1
13972,蚨母買冰防,1
13973,母買冰防夏,1
13974,買冰防夏蠅,1
13975,冰防夏蠅時,1
13976,防夏蠅時宜,1
13977,夏蠅時宜裂,1
13978,蠅時宜裂大,1
13979,時宜裂大袂,1
13980,宜裂大袂劍,1
13981,裂大袂劍客,1
13982,大袂劍客車,1
13983,袂劍客車盤,1
13984,劍客車盤茵,1
13985,客車盤茵小,1
13986,車盤茵小人,1
13987,盤茵小人如,1
13988,茵小人如死,1
13989,小人如死灰,1
13990,人如死灰心,1
13991,如死灰心切,1
13992,死灰心切生,1
13993,灰心切生秋,1
13994,心切生秋榛,1
13995,切生秋榛皇,1
13996,生秋榛皇圖,1
13997,秋榛皇圖跨,1
13998,榛皇圖跨四,1
13999,皇圖跨四海,1
14000,圖跨四海百,1
14001,跨四海百姓,1
14002,四海百姓拖,1
14003,海百姓拖長,1
14004,百姓拖長紳,1
14005,姓拖長紳光,1
14006,拖長紳光明,1
14007,長紳光明靄,1
14008,紳光明靄不,1
14009,光明靄不發,1
14010,明靄不發腰,1
14011,靄不發腰龜,1
14012,不發腰龜徒,1
14013,發腰龜徒甃,1
14014,腰龜徒甃銀,1
14015,龜徒甃銀吾,1
14016,徒甃銀吾將,1
14017,甃銀吾將噪,1
14018,銀吾將噪禮,1
14019,吾將噪禮樂,1
14020,將噪禮樂聲,1
14021,噪禮樂聲調,1
14022,禮樂聲調摩,1
14023,樂聲調摩清,1
14024,聲調摩清新,1
14025,調摩清新欲,1
14026,摩清新欲使,1
14027,清新欲使十,1
14028,新欲使十千,1
14029,欲使十千歲,1
14030,使十千歲帝,1
14031,十千歲帝道,1
14032,千歲帝道如,1
14033,歲帝道如飛,1
14034,帝道如飛神,1
14035,道如飛神華,1
14036,如飛神華實,1
14037,飛神華實自,1
14038,神華實自蒼,1
14039,華實自蒼老,1
14040,實自蒼老流,1
14041,自蒼老流采,1
14042,蒼老流采長,1
14043,老流采長傾,1
14044,流采長傾湓,1
14045,采長傾湓沒,1
14046,長傾湓沒沒,1
14047,傾湓沒沒暗,1
14048,湓沒沒暗齰,1
14049,沒沒暗齰舌,1
14050,沒暗齰舌涕,1
14051,暗齰舌涕血,1
14052,齰舌涕血不,1
14053,舌涕血不敢,1
14054,涕血不敢論,1
14055,血不敢論今,1
14056,不敢論今將,1
14057,敢論今將下,1
14058,論今將下東,1
14059,今將下東道,1
14060,將下東道祭,1
14061,下東道祭酒,1
14062,東道祭酒而,1
14063,道祭酒而別,1
14064,祭酒而別秦,1
14065,酒而別秦六,1
14066,而別秦六郡,1
14067,別秦六郡無,1
14068,秦六郡無剿,1
14069,六郡無剿兒,1
14070,郡無剿兒長,1
14071,無剿兒長刀,1
14072,剿兒長刀誰,1
14073,兒長刀誰拭,1
14074,長刀誰拭塵,1
14075,刀誰拭塵地,1
14076,誰拭塵地理,1
14077,拭塵地理陽,1
14078,塵地理陽無,1
14079,地理陽無正,1
14080,理陽無正快,1
14081,陽無正快馬,1
14082,無正快馬逐,1
14083,正快馬逐服,1
14084,快馬逐服轅,1
14085,馬逐服轅二,1
14086,逐服轅二子,1
14087,服轅二子美,1
14088,轅二子美年,1
14089,二子美年少,1
14090,子美年少調,1
14091,美年少調道,1
14092,年少調道講,1
14093,少調道講清,1
14094,調道講清渾,1
14095,道講清渾譏,1
14096,講清渾譏笑,1
14097,清渾譏笑斷,1
14098,渾譏笑斷冬,1
14099,譏笑斷冬夜,1
14100,笑斷冬夜家,1
14101,斷冬夜家庭,1
14102,冬夜家庭疏,1
14103,夜家庭疏筱,1
14104,家庭疏筱穿,1
14105,庭疏筱穿曙,1
14106,疏筱穿曙風,1
14107,筱穿曙風起,1
14108,穿曙風起四,1
14109,曙風起四方,1
14110,風起四方秋,1
14111,起四方秋月,1
14112,四方秋月當,1
14113,方秋月當東,1
14114,秋月當東懸,1
14115,月當東懸賦,1
14116,當東懸賦詩,1
14117,東懸賦詩面,1
14118,懸賦詩面投,1
14119,賦詩面投擲,1
14120,詩面投擲悲,1
14121,面投擲悲哉,1
14122,投擲悲哉不,1
14123,擲悲哉不遇,1
14124,悲哉不遇人,1
14125,哉不遇人此,1
14126,不遇人此別,1
14127,遇人此別定,1
14128,人此別定沾,1
14129,此別定沾臆,1
14130,別定沾臆越,1
14131,定沾臆越布,1
14132,沾臆越布先,1
14133,臆越布先裁,1
14134,越布先裁巾,1
14135,布先裁巾石,1
14136,先裁巾石軋,1
14137,裁巾石軋銅,1
14138,巾石軋銅杯,1
14139,石軋銅杯吟,1
14140,軋銅杯吟詠,1
14141,銅杯吟詠枯,1
14142,杯吟詠枯瘁,1
14143,吟詠枯瘁蒼,1
14144,詠枯瘁蒼鷹,1
14145,枯瘁蒼鷹擺,1
14146,瘁蒼鷹擺血,1
14147,蒼鷹擺血白,1
14148,鷹擺血白鳳,1
14149,擺血白鳳下,1
14150,血白鳳下肺,1
14151,白鳳下肺桂,1
14152,鳳下肺桂子,1
14153,下肺桂子自,1
14154,肺桂子自落,1
14155,桂子自落雲,1
14156,子自落雲弄,1
14157,自落雲弄車,1
14158,落雲弄車蓋,1
14159,雲弄車蓋木,1
14160,弄車蓋木死,1
14161,車蓋木死沙,1
14162,蓋木死沙崩,1
14163,木死沙崩惡,1
14164,死沙崩惡溪,1
14165,沙崩惡溪島,1
14166,崩惡溪島阿,1
14167,惡溪島阿母,1
14168,溪島阿母得,1
14169,島阿母得仙,1
14170,阿母得仙今,1
14171,母得仙今不,1
14172,得仙今不老,1
14173,仙今不老窞,1
14174,今不老窞中,1
14175,不老窞中跳,1
14176,老窞中跳汰,1
14177,窞中跳汰截,1
14178,中跳汰截清,1
14179,跳汰截清涎,1
14180,汰截清涎隈,1
14181,截清涎隈壖,1
14182,清涎隈壖臥,1
14183,涎隈壖臥水,1
14184,隈壖臥水埋,1
14185,壖臥水埋金,1
14186,臥水埋金爪,1
14187,水埋金爪崖,1
14188,埋金爪崖蹬,1
14189,金爪崖蹬蒼,1
14190,爪崖蹬蒼苔,1
14191,崖蹬蒼苔吊,1
14192,蹬蒼苔吊石,1
14193,蒼苔吊石發,1
14194,苔吊石發江,1
14195,吊石發江君,1
14196,石發江君掩,1
14197,發江君掩帳,1
14198,江君掩帳筼,1
14199,君掩帳筼簹,1
14200,掩帳筼簹折,1
14201,帳筼簹折蓮,1
14202,筼簹折蓮花,1
14203,簹折蓮花去,1
14204,折蓮花去國,1
14205,蓮花去國一,1
14206,花去國一千,1
14207,去國一千年,1
14208,國一千年雨,1
14209,一千年雨後,1
14210,千年雨後聞,1
14211,年雨後聞腥,1
14212,雨後聞腥猶,1
14213,後聞腥猶帶,1
14214,聞腥猶帶鐵,1
14215,腥猶帶鐵人,1
14216,猶帶鐵人間,1
14217,帶鐵人間春,1
14218,鐵人間春蕩,1
14219,人間春蕩蕩,1
14220,間春蕩蕩帳,1
14221,春蕩蕩帳暖,1
14222,蕩蕩帳暖香,1
14223,蕩帳暖香揚,1
14224,帳暖香揚揚,1
14225,暖香揚揚飛,1
14226,香揚揚飛光,1
14227,揚揚飛光染,1
14228,揚飛光染幽,1
14229,飛光染幽紅,1
14230,光染幽紅誇,1
14231,染幽紅誇嬌,1
14232,幽紅誇嬌來,1
14233,紅誇嬌來洞,1
14234,誇嬌來洞房,1
14235,嬌來洞房舞,1
14236,來洞房舞席,1
14237,洞房舞席泥,1
14238,房舞席泥金,1
14239,舞席泥金蛇,1
14240,席泥金蛇桐,1
14241,泥金蛇桐竹,1
14242,金蛇桐竹羅,1
14243,蛇桐竹羅花,1
14244,桐竹羅花床,1
14245,竹羅花床眼,1
14246,羅花床眼逐,1
14247,花床眼逐春,1
14248,床眼逐春瞑,1
14249,眼逐春瞑醉,1
14250,逐春瞑醉粉,1
14251,春瞑醉粉隨,1
14252,瞑醉粉隨淚,1
14253,醉粉隨淚色,1
14254,粉隨淚色黃,1
14255,隨淚色黃王,1
14256,淚色黃王子,1
14257,色黃王子下,1
14258,黃王子下馬,1
14259,王子下馬來,1
14260,子下馬來曲,1
14261,下馬來曲沼,1
14262,馬來曲沼鳴,1
14263,來曲沼鳴鴛,1
14264,曲沼鳴鴛鴦,1
14265,沼鳴鴛鴦焉,1
14266,鳴鴛鴦焉知,1
14267,鴛鴦焉知腸,1
14268,鴦焉知腸車,1
14269,焉知腸車轉,1
14270,知腸車轉一,1
14271,腸車轉一夕,1
14272,車轉一夕巡,1
14273,轉一夕巡九,1
14274,一夕巡九方,1
14275,夕巡九方苦,1
14276,巡九方苦風,1
14277,九方苦風吹,1
14278,方苦風吹朔,1
14279,苦風吹朔寒,1
14280,風吹朔寒沙,1
14281,吹朔寒沙驚,1
14282,朔寒沙驚秦,1
14283,寒沙驚秦木,1
14284,沙驚秦木折,1
14285,驚秦木折舞,1
14286,秦木折舞影,1
14287,木折舞影逐,1
14288,折舞影逐空,1
14289,舞影逐空天,1
14290,影逐空天畫,1
14291,逐空天畫鼓,1
14292,空天畫鼓餘,1
14293,天畫鼓餘清,1
14294,畫鼓餘清節,1
14295,鼓餘清節蜀,1
14296,餘清節蜀書,1
14297,清節蜀書秋,1
14298,節蜀書秋信,1
14299,蜀書秋信斷,1
14300,書秋信斷黑,1
14301,秋信斷黑水,1
14302,信斷黑水朝,1
14303,斷黑水朝波,1
14304,黑水朝波咽,1
14305,水朝波咽嬌,1
14306,朝波咽嬌魂,1
14307,波咽嬌魂從,1
14308,咽嬌魂從回,1
14309,嬌魂從回風,1
14310,魂從回風死,1
14311,從回風死處,1
14312,回風死處懸,1
14313,風死處懸鄉,1
14314,死處懸鄉月,1
14315,處懸鄉月雜,1
14316,懸鄉月雜雜,1
14317,鄉月雜雜胡,1
14318,月雜雜胡馬,1
14319,雜雜胡馬塵,1
14320,雜胡馬塵森,1
14321,胡馬塵森森,1
14322,馬塵森森邊,1
14323,塵森森邊士,1
14324,森森邊士戟,1
14325,森邊士戟天,1
14326,邊士戟天教,1
14327,士戟天教胡,1
14328,戟天教胡馬,1
14329,天教胡馬戰,1
14330,教胡馬戰曉,1
14331,胡馬戰曉雲,1
14332,馬戰曉雲皆,1
14333,戰曉雲皆血,1
14334,曉雲皆血色,1
14335,雲皆血色婦,1
14336,皆血色婦人,1
14337,血色婦人攜,1
14338,色婦人攜漢,1
14339,婦人攜漢卒,1
14340,人攜漢卒箭,1
14341,攜漢卒箭箙,1
14342,漢卒箭箙囊,1
14343,卒箭箙囊巾,1
14344,箭箙囊巾幗,1
14345,箙囊巾幗不,1
14346,囊巾幗不慚,1
14347,巾幗不慚金,1
14348,幗不慚金印,1
14349,不慚金印重,1
14350,慚金印重踉,1
14351,金印重踉蹌,1
14352,印重踉蹌腰,1
14353,重踉蹌腰鞬,1
14354,踉蹌腰鞬力,1
14355,蹌腰鞬力恂,1
14356,腰鞬力恂恂,1
14357,鞬力恂恂鄉,1
14358,力恂恂鄉門,1
14359,恂恂鄉門老,1
14360,恂鄉門老昨,1
14361,鄉門老昨夜,1
14362,門老昨夜試,1
14363,老昨夜試鋒,1
14364,昨夜試鋒鏑,1
14365,夜試鋒鏑走,1
14366,試鋒鏑走馬,1
14367,鋒鏑走馬遣,1
14368,鏑走馬遣書,1
14369,走馬遣書勳,1
14370,馬遣書勳誰,1
14371,遣書勳誰能,1
14372,書勳誰能分,1
14373,勳誰能分粉,1
14374,誰能分粉墨,1
14375,能分粉墨青,1
14376,分粉墨青門,1
14377,粉墨青門放,1
14378,墨青門放彈,1
14379,青門放彈去,1
14380,門放彈去馬,1
14381,放彈去馬色,1
14382,彈去馬色連,1
14383,去馬色連空,1
14384,馬色連空郊,1
14385,色連空郊何,1
14386,連空郊何年,1
14387,空郊何年帝,1
14388,郊何年帝家,1
14389,何年帝家物,1
14390,年帝家物玉,1
14391,帝家物玉裝,1
14392,家物玉裝鞍,1
14393,物玉裝鞍上,1
14394,玉裝鞍上搖,1
14395,裝鞍上搖去,1
14396,鞍上搖去去,1
14397,上搖去去走,1
14398,搖去去走犬,1
14399,去去走犬歸,1
14400,去走犬歸來,1
14401,走犬歸來來,1
14402,犬歸來來坐,1
14403,歸來來坐烹,1
14404,來來坐烹羔,1
14405,來坐烹羔千,1
14406,坐烹羔千金,1
14407,烹羔千金不,1
14408,羔千金不了,1
14409,千金不了饌,1
14410,金不了饌狢,1
14411,不了饌狢肉,1
14412,了饌狢肉稱,1
14413,饌狢肉稱盤,1
14414,狢肉稱盤臊,1
14415,肉稱盤臊試,1
14416,稱盤臊試問,1
14417,盤臊試問誰,1
14418,臊試問誰家,1
14419,試問誰家子,1
14420,問誰家子乃,1
14421,誰家子乃老,1
14422,家子乃老能,1
14423,子乃老能佩,1
14424,乃老能佩刀,1
14425,老能佩刀西,1
14426,能佩刀西山,1
14427,佩刀西山白,1
14428,刀西山白蓋,1
14429,西山白蓋下,1
14430,山白蓋下賢,1
14431,白蓋下賢俊,1
14432,蓋下賢俊寒,1
14433,下賢俊寒蕭,1
14434,賢俊寒蕭蕭,1
14435,俊寒蕭蕭曉,1
14436,寒蕭蕭曉菊,1
14437,蕭蕭曉菊泫,1
14438,蕭曉菊泫寒,1
14439,曉菊泫寒露,1
14440,菊泫寒露似,1
14441,泫寒露似悲,1
14442,寒露似悲團,1
14443,露似悲團扇,1
14444,似悲團扇風,1
14445,悲團扇風秋,1
14446,團扇風秋涼,1
14447,扇風秋涼經,1
14448,風秋涼經漢,1
14449,秋涼經漢殿,1
14450,涼經漢殿班,1
14451,經漢殿班子,1
14452,漢殿班子泣,1
14453,殿班子泣衰,1
14454,班子泣衰紅,1
14455,子泣衰紅本,1
14456,泣衰紅本無,1
14457,衰紅本無辭,1
14458,紅本無辭輦,1
14459,本無辭輦意,1
14460,無辭輦意豈,1
14461,辭輦意豈見,1
14462,輦意豈見入,1
14463,意豈見入空,1
14464,豈見入空宮,1
14465,見入空宮腰,1
14466,入空宮腰衱,1
14467,空宮腰衱佩,1
14468,宮腰衱佩珠,1
14469,腰衱佩珠斷,1
14470,衱佩珠斷灰,1
14471,佩珠斷灰蝶,1
14472,珠斷灰蝶生,1
14473,斷灰蝶生陰,1
14474,灰蝶生陰松,1
14475,蝶生陰松蝶,1
14476,生陰松蝶飛,1
14477,陰松蝶飛紅,1
14478,松蝶飛紅粉,1
14479,蝶飛紅粉台,1
14480,飛紅粉台柳,1
14481,紅粉台柳掃,1
14482,粉台柳掃吹,1
14483,台柳掃吹笙,1
14484,柳掃吹笙道,1
14485,掃吹笙道十,1
14486,吹笙道十日,1
14487,笙道十日懸,1
14488,道十日懸戶,1
14489,十日懸戶庭,1
14490,日懸戶庭九,1
14491,懸戶庭九秋,1
14492,戶庭九秋無,1
14493,庭九秋無衰,1
14494,九秋無衰草,1
14495,秋無衰草調,1
14496,無衰草調歌,1
14497,衰草調歌送,1
14498,草調歌送風,1
14499,調歌送風轉,1
14500,歌送風轉杯,1
14501,送風轉杯池,1
14502,風轉杯池白,1
14503,轉杯池白魚,1
14504,杯池白魚小,1
14505,池白魚小水,1
14506,白魚小水宴,1
14507,魚小水宴截,1
14508,小水宴截香,1
14509,水宴截香腴,1
14510,宴截香腴菱,1
14511,截香腴菱科,1
14512,香腴菱科映,1
14513,腴菱科映青,1
14514,菱科映青罩,1
14515,科映青罩蒙,1
14516,映青罩蒙梨,1
14517,青罩蒙梨花,1
14518,罩蒙梨花滿,1
14519,蒙梨花滿春,1
14520,梨花滿春昏,1
14521,花滿春昏弄,1
14522,滿春昏弄長,1
14523,春昏弄長嘯,1
14524,昏弄長嘯唯,1
14525,弄長嘯唯愁,1
14526,長嘯唯愁苦,1
14527,嘯唯愁苦花,1
14528,唯愁苦花落,1
14529,愁苦花落不,1
14530,苦花落不悟,1
14531,花落不悟世,1
14532,落不悟世衰,1
14533,不悟世衰到,1
14534,悟世衰到撫,1
14535,世衰到撫舊,1
14536,衰到撫舊唯,1
14537,到撫舊唯銷,1
14538,撫舊唯銷魂,1
14539,舊唯銷魂南,1
14540,唯銷魂南山,1
14541,銷魂南山坐,1
14542,魂南山坐悲,1
14543,南山坐悲峭,1
14544,山坐悲峭草,1
14545,坐悲峭草生,1
14546,悲峭草生龍,1
14547,峭草生龍坡,1
14548,草生龍坡下,1
14549,生龍坡下鴉,1
14550,龍坡下鴉噪,1
14551,坡下鴉噪城,1
14552,人識暗上沈,1
14553,識暗上沈香,1
14554,暗上沈香樓,1
14555,上沈香樓羅,1
14556,沈香樓羅床,1
14557,花落明朝桐,1
14558,落明朝桐樹,1
14559,明朝桐樹秋,1
14560,朝桐樹秋莫,1
14561,桐樹秋莫負,1
14562,樹秋莫負平,1
14563,秋莫負平生,1
14564,莫負平生意,1
14565,生意何名何,1
14566,意何名何莫,1
14567,何名何莫愁,1
14568,名何莫愁紅,1
14569,何莫愁紅羅,1
14570,莫愁紅羅複,1
14571,愁紅羅複帳,1
14572,紅羅複帳金,1
14573,羅複帳金流,1
14574,複帳金流蘇,1
14575,帳金流蘇華,1
14576,金流蘇華燈,1
14577,流蘇華燈九,1
14578,蘇華燈九枝,1
14579,華燈九枝懸,1
14580,燈九枝懸鯉,1
14581,九枝懸鯉魚,1
14582,枝懸鯉魚麗,1
14583,懸鯉魚麗人,1
14584,鯉魚麗人映,1
14585,魚麗人映月,1
14586,麗人映月開,1
14587,人映月開銅,1
14588,映月開銅鋪,1
14589,月開銅鋪春,1
14590,開銅鋪春水,1
14591,銅鋪春水滴,1
14592,鋪春水滴酒,1
14593,春水滴酒猩,1
14594,水滴酒猩猩,1
14595,滴酒猩猩沽,1
14596,酒猩猩沽重,1
14597,猩猩沽重一,1
14598,猩沽重一篋,1
14599,沽重一篋香,1
14600,重一篋香十,1
14601,一篋香十株,1
14602,篋香十株赤,1
14603,香十株赤金,1
14604,十株赤金瓜,1
14605,株赤金瓜子,1
14606,赤金瓜子兼,1
14607,金瓜子兼雜,1
14608,瓜子兼雜麩,1
14609,子兼雜麩五,1
14610,兼雜麩五絲,1
14611,雜麩五絲封,1
14612,麩五絲封青,1
14613,五絲封青鳧,1
14614,絲封青鳧阿,1
14615,封青鳧阿侯,1
14616,青鳧阿侯此,1
14617,鳧阿侯此笑,1
14618,阿侯此笑千,1
14619,侯此笑千萬,1
14620,此笑千萬餘,1
14621,笑千萬餘南,1
14622,千萬餘南軒,1
14623,萬餘南軒漢,1
14624,餘南軒漢轉,1
14625,南軒漢轉簾,1
14626,軒漢轉簾影,1
14627,漢轉簾影疏,1
14628,轉簾影疏桐,1
14629,簾影疏桐林,1
14630,影疏桐林啞,1
14631,疏桐林啞啞,1
14632,桐林啞啞挾,1
14633,林啞啞挾子,1
14634,啞啞挾子烏,1
14635,啞挾子烏劍,1
14636,挾子烏劍崖,1
14637,子烏劍崖鞭,1
14638,烏劍崖鞭節,1
14639,劍崖鞭節青,1
14640,崖鞭節青石,1
14641,鞭節青石珠,1
14642,節青石珠白,1
14643,青石珠白騧,1
14644,石珠白騧吹,1
14645,珠白騧吹湍,1
14646,白騧吹湍凝,1
14647,騧吹湍凝霜,1
14648,吹湍凝霜須,1
14649,湍凝霜須漏,1
14650,凝霜須漏長,1
14651,霜須漏長送,1
14652,須漏長送佩,1
14653,漏長送佩承,1
14654,長送佩承明,1
14655,送佩承明廬,1
14656,佩承明廬倡,1
14657,承明廬倡樓,1
14658,明廬倡樓嵯,1
14659,廬倡樓嵯峨,1
14660,倡樓嵯峨明,1
14661,樓嵯峨明月,1
14662,嵯峨明月孤,1
14663,峨明月孤新,1
14664,明月孤新客,1
14665,月孤新客下,1
14666,孤新客下馬,1
14667,新客下馬故,1
14668,客下馬故客,1
14669,下馬故客去,1
14670,馬故客去綠,1
14671,故客去綠蟬,1
14672,客去綠蟬秀,1
14673,去綠蟬秀黛,1
14674,綠蟬秀黛重,1
14675,蟬秀黛重拂,1
14676,秀黛重拂梳,1
14677,黛重拂梳昨,1
14678,重拂梳昨日,1
14679,拂梳昨日發,1
14680,梳昨日發蔥,1
14681,昨日發蔥嶺,1
14682,日發蔥嶺今,1
14683,發蔥嶺今朝,1
14684,蔥嶺今朝下,1
14685,嶺今朝下蘭,1
14686,今朝下蘭渚,1
14687,朝下蘭渚喜,1
14688,下蘭渚喜從,1
14689,蘭渚喜從千,1
14690,渚喜從千里,1
14691,喜從千里來,1
14692,從千里來亂,1
14693,千里來亂笑,1
14694,里來亂笑含,1
14695,來亂笑含春,1
14696,亂笑含春語,1
14697,笑含春語龍,1
14698,含春語龍沙,1
14699,春語龍沙濕,1
14700,語龍沙濕漢,1
14701,龍沙濕漢旗,1
14702,沙濕漢旗鳳,1
14703,濕漢旗鳳扇,1
14704,漢旗鳳扇迎,1
14705,旗鳳扇迎秦,1
14706,鳳扇迎秦素,1
14707,扇迎秦素久,1
14708,迎秦素久別,1
14709,秦素久別遼,1
14710,素久別遼城,1
14711,久別遼城鶴,1
14712,別遼城鶴毛,1
14713,遼城鶴毛衣,1
14714,城鶴毛衣已,1
14715,鶴毛衣已應,1
14716,毛衣已應故,1
14717,衣已應故芳,1
14718,已應故芳蹊,1
14719,應故芳蹊密,1
14720,故芳蹊密影,1
14721,芳蹊密影成,1
14722,蹊密影成花,1
14723,密影成花洞,1
14724,影成花洞柳,1
14725,成花洞柳結,1
14726,花洞柳結濃,1
14727,洞柳結濃煙,1
14728,柳結濃煙花,1
14729,結濃煙花帶,1
14730,濃煙花帶重,1
14731,煙花帶重蟾,1
14732,花帶重蟾蜍,1
14733,帶重蟾蜍碾,1
14734,重蟾蜍碾玉,1
14735,蟾蜍碾玉掛,1
14736,蜍碾玉掛明,1
14737,碾玉掛明弓,1
14738,玉掛明弓捍,1
14739,掛明弓捍撥,1
14740,明弓捍撥裝,1
14741,弓捍撥裝金,1
14742,捍撥裝金打,1
14743,撥裝金打仙,1
14744,裝金打仙鳳,1
14745,金打仙鳳寶,1
14746,打仙鳳寶枕,1
14747,仙鳳寶枕垂,1
14748,鳳寶枕垂雲,1
14749,寶枕垂雲選,1
14750,枕垂雲選春,1
14751,垂雲選春夢,1
14752,雲選春夢鈿,1
14753,選春夢鈿合,1
14754,春夢鈿合碧,1
14755,夢鈿合碧寒,1
14756,鈿合碧寒龍,1
14757,合碧寒龍腦,1
14758,碧寒龍腦凍,1
14759,寒龍腦凍阿,1
14760,龍腦凍阿侯,1
14761,腦凍阿侯系,1
14762,凍阿侯系錦,1
14763,阿侯系錦覓,1
14764,侯系錦覓周,1
14765,系錦覓周郎,1
14766,錦覓周郎憑,1
14767,覓周郎憑仗,1
14768,周郎憑仗東,1
14769,郎憑仗東風,1
14770,憑仗東風好,1
14771,仗東風好相,1
14772,東風好相送,1
14773,風好相送火,1
14774,好相送火烏,1
14775,相送火烏日,1
14776,送火烏日暗,1
14777,火烏日暗崩,1
14778,烏日暗崩騰,1
14779,日暗崩騰雲,1
14780,暗崩騰雲秦,1
14781,崩騰雲秦皇,1
14782,騰雲秦皇虎,1
14783,雲秦皇虎視,1
14784,秦皇虎視蒼,1
14785,皇虎視蒼生,1
14786,虎視蒼生群,1
14787,視蒼生群燒,1
14788,蒼生群燒書,1
14789,生群燒書滅,1
14790,群燒書滅國,1
14791,燒書滅國無,1
14792,書滅國無暇,1
14793,滅國無暇日,1
14794,國無暇日鑄,1
14795,無暇日鑄劍,1
14796,暇日鑄劍佩,1
14797,日鑄劍佩玦,1
14798,鑄劍佩玦惟,1
14799,劍佩玦惟將,1
14800,佩玦惟將軍,1
14801,玦惟將軍玉,1
14802,惟將軍玉壇,1
14803,將軍玉壇設,1
14804,軍玉壇設醮,1
14805,玉壇設醮思,1
14806,壇設醮思沖,1
14807,設醮思沖天,1
14808,醮思沖天一,1
14809,思沖天一世,1
14810,沖天一世二,1
14811,天一世二世,1
14812,一世二世當,1
14813,世二世當萬,1
14814,二世當萬年,1
14815,世當萬年燒,1
14816,當萬年燒丹,1
14817,萬年燒丹未,1
14818,年燒丹未得,1
14819,燒丹未得不,1
14820,丹未得不死,1
14821,未得不死藥,1
14822,得不死藥拏,1
14823,不死藥拏舟,1
14824,死藥拏舟海,1
14825,藥拏舟海上,1
14826,拏舟海上尋,1
14827,舟海上尋神,1
14828,海上尋神仙,1
14829,上尋神仙鯨,1
14830,尋神仙鯨魚,1
14831,神仙鯨魚張,1
14832,仙鯨魚張鬣,1
14833,鯨魚張鬣海,1
14834,魚張鬣海波,1
14835,張鬣海波沸,1
14836,鬣海波沸耕,1
14837,海波沸耕人,1
14838,波沸耕人半,1
14839,沸耕人半作,1
14840,耕人半作征,1
14841,人半作征人,1
14842,半作征人鬼,1
14843,作征人鬼雄,1
14844,征人鬼雄豪,1
14845,人鬼雄豪氣,1
14846,鬼雄豪氣猛,1
14847,雄豪氣猛如,1
14848,豪氣猛如焰,1
14849,氣猛如焰煙,1
14850,猛如焰煙無,1
14851,如焰煙無人,1
14852,焰煙無人為,1
14853,煙無人為決,1
14854,無人為決天,1
14855,人為決天河,1
14856,為決天河水,1
14857,決天河水誰,1
14858,天河水誰最,1
14859,河水誰最苦,1
14860,水誰最苦兮,1
14861,誰最苦兮誰,1
14862,最苦兮誰最,1
14863,苦兮誰最苦,1
14864,兮誰最苦報,1
14865,誰最苦報人,1
14866,最苦報人義,1
14867,苦報人義士,1
14868,報人義士深,1
14869,人義士深相,1
14870,義士深相許,1
14871,士深相許漸,1
14872,深相許漸離,1
14873,相許漸離擊,1
14874,許漸離擊築,1
14875,漸離擊築荊,1
14876,離擊築荊卿,1
14877,擊築荊卿歌,1
14878,築荊卿歌荊,1
14879,荊卿歌荊卿,1
14880,卿歌荊卿把,1
14881,歌荊卿把酒,1
14882,荊卿把酒燕,1
14883,卿把酒燕丹,1
14884,把酒燕丹語,1
14885,酒燕丹語劍,1
14886,燕丹語劍如,1
14887,丹語劍如霜,1
14888,語劍如霜兮,1
14889,劍如霜兮膽,1
14890,如霜兮膽如,1
14891,霜兮膽如鐵,1
14892,兮膽如鐵出,1
14893,膽如鐵出燕,1
14894,如鐵出燕城,1
14895,鐵出燕城兮,1
14896,出燕城兮望,1
14897,燕城兮望秦,1
14898,城兮望秦月,1
14899,兮望秦月天,1
14900,望秦月天授,1
14901,秦月天授秦,1
14902,月天授秦封,1
14903,天授秦封祚,1
14904,授秦封祚未,1
14905,秦封祚未移,1
14906,封祚未移袞,1
14907,祚未移袞龍,1
14908,未移袞龍衣,1
14909,移袞龍衣點,1
14910,袞龍衣點荊,1
14911,龍衣點荊卿,1
14912,衣點荊卿血,1
14913,點荊卿血朱,1
14914,荊卿血朱旗,1
14915,卿血朱旗卓,1
14916,血朱旗卓地,1
14917,朱旗卓地白,1
14918,旗卓地白虎,1
14919,卓地白虎死,1
14920,地白虎死漢,1
14921,白虎死漢皇,1
14922,虎死漢皇知,1
14923,死漢皇知是,1
14924,漢皇知是真,1
14925,皇知是真天,1
14926,知是真天子,1
14927,是真天子去,1
14928,真天子去年,1
14929,天子去年陌,1
14930,子去年陌上,1
14931,去年陌上歌,1
14932,年陌上歌離,1
14933,陌上歌離曲,1
14934,上歌離曲今,1
14935,歌離曲今日,1
14936,離曲今日君,1
14937,曲今日君書,1
14938,今日君書遠,1
14939,日君書遠遊,1
14940,君書遠遊蜀,1
14941,書遠遊蜀簾,1
14942,遠遊蜀簾外,1
14943,遊蜀簾外花,1
14944,蜀簾外花開,1
14945,簾外花開二,1
14946,外花開二月,1
14947,花開二月風,1
14948,開二月風台,1
14949,二月風台前,1
14950,月風台前淚,1
14951,風台前淚滴,1
14952,台前淚滴千,1
14953,前淚滴千行,1
14954,淚滴千行竹,1
14955,滴千行竹琴,1
14956,千行竹琴心,1
14957,行竹琴心與,1
14958,竹琴心與妾,1
14959,琴心與妾腸,1
14960,心與妾腸此,1
14961,與妾腸此夜,1
14962,妾腸此夜斷,1
14963,腸此夜斷還,1
14964,此夜斷還續,1
14965,夜斷還續想,1
14966,斷還續想君,1
14967,還續想君白,1
14968,續想君白馬,1
14969,想君白馬懸,1
14970,君白馬懸雕,1
14971,白馬懸雕弓,1
14972,馬懸雕弓世,1
14973,懸雕弓世間,1
14974,雕弓世間何,1
14975,弓世間何處,1
14976,世間何處無,1
14977,間何處無春,1
14978,何處無春風,1
14979,處無春風君,1
14980,無春風君心,1
14981,春風君心未,1
14982,風君心未肯,1
14983,君心未肯鎮,1
14984,心未肯鎮如,1
14985,未肯鎮如石,1
14986,肯鎮如石妾,1
14987,鎮如石妾顏,1
14988,如石妾顏不,1
14989,石妾顏不久,1
14990,妾顏不久如,1
14991,顏不久如花,1
14992,不久如花紅,1
14993,久如花紅夜,1
14994,如花紅夜殘,1
14995,花紅夜殘高,1
14996,紅夜殘高碧,1
14997,夜殘高碧橫,1
14998,殘高碧橫長,1
14999,高碧橫長河,1
15000,碧橫長河河,1
15001,橫長河河上,1
15002,長河河上無,1
15003,河河上無梁,1
15004,河上無梁空,1
15005,上無梁空白,1
15006,無梁空白波,1
15007,梁空白波西,1
15008,空白波西風,1
15009,白波西風未,1
15010,波西風未起,1
15011,西風未起悲,1
15012,風未起悲龍,1
15013,未起悲龍梭,1
15014,起悲龍梭年,1
15015,悲龍梭年年,1
15016,龍梭年年織,1
15017,梭年年織素,1
15018,年年織素攢,1
15019,年織素攢雙,1
15020,織素攢雙蛾,1
15021,素攢雙蛾江,1
15022,攢雙蛾江山,1
15023,雙蛾江山迢,1
15024,蛾江山迢遞,1
15025,江山迢遞無,1
15026,山迢遞無休,1
15027,迢遞無休絕,1
15028,遞無休絕淚,1
15029,無休絕淚眼,1
15030,休絕淚眼看,1
15031,絕淚眼看燈,1
15032,淚眼看燈乍,1
15033,眼看燈乍明,1
15034,看燈乍明滅,1
15035,燈乍明滅自,1
15036,乍明滅自從,1
15037,明滅自從孤,1
15038,滅自從孤館,1
15039,自從孤館深,1
15040,從孤館深鎖,1
15041,孤館深鎖窗,1
15042,館深鎖窗桂,1
15043,深鎖窗桂花,1
15044,鎖窗桂花幾,1
15045,窗桂花幾度,1
15046,桂花幾度圓,1
15047,花幾度圓還,1
15048,幾度圓還缺,1
15049,度圓還缺鴉,1
15050,圓還缺鴉鴉,1
15051,還缺鴉鴉向,1
15052,缺鴉鴉向曉,1
15053,鴉鴉向曉鳴,1
15054,鴉向曉鳴森,1
15055,向曉鳴森木,1
15056,曉鳴森木風,1
15057,鳴森木風過,1
15058,森木風過池,1
15059,木風過池塘,1
15060,風過池塘響,1
15061,過池塘響叢,1
15062,池塘響叢玉,1
15063,塘響叢玉白,1
15064,響叢玉白日,1
15065,叢玉白日蕭,1
15066,玉白日蕭條,1
15067,白日蕭條夢,1
15068,日蕭條夢不,1
15069,蕭條夢不成,1
15070,條夢不成橋,1
15071,夢不成橋南,1
15072,不成橋南更,1
15073,成橋南更問,1
15074,橋南更問仙,1
15075,南更問仙人,1
15076,更問仙人卜,1
15077,問仙人卜青,1
15078,仙人卜青驄,1
15079,人卜青驄馬,1
15080,卜青驄馬肥,1
15081,青驄馬肥金,1
15082,驄馬肥金鞍,1
15083,馬肥金鞍光,1
15084,肥金鞍光龍,1
15085,金鞍光龍腦,1
15086,鞍光龍腦入,1
15087,光龍腦入縷,1
15088,龍腦入縷羅,1
15089,腦入縷羅衫,1
15090,入縷羅衫香,1
15091,縷羅衫香美,1
15092,羅衫香美人,1
15093,衫香美人狹,1
15094,香美人狹坐,1
15095,美人狹坐飛,1
15096,人狹坐飛瓊,1
15097,狹坐飛瓊觴,1
15098,坐飛瓊觴貧,1
15099,飛瓊觴貧人,1
15100,瓊觴貧人喚,1
15101,觴貧人喚雲,1
15102,貧人喚雲天,1
15103,人喚雲天上,1
15104,喚雲天上郎,1
15105,雲天上郎別,1
15106,天上郎別起,1
15107,上郎別起高,1
15108,郎別起高樓,1
15109,別起高樓臨,1
15110,起高樓臨碧,1
15111,高樓臨碧筱,1
15112,樓臨碧筱絲,1
15113,臨碧筱絲曳,1
15114,碧筱絲曳紅,1
15115,筱絲曳紅鱗,1
15116,絲曳紅鱗出,1
15117,曳紅鱗出深,1
15118,紅鱗出深沼,1
15119,鱗出深沼有,1
15120,出深沼有時,1
15121,深沼有時半,1
15122,沼有時半醉,1
15123,有時半醉百,1
15124,時半醉百花,1
15125,半醉百花前,1
15126,醉百花前背,1
15127,百花前背把,1
15128,花前背把金,1
15129,前背把金丸,1
15130,背把金丸落,1
15131,把金丸落飛,1
15132,金丸落飛鳥,1
15133,丸落飛鳥自,1
15134,落飛鳥自說,1
15135,飛鳥自說生,1
15136,鳥自說生來,1
15137,自說生來未,1
15138,說生來未為,1
15139,生來未為客,1
15140,來未為客一,1
15141,未為客一身,1
15142,為客一身美,1
15143,客一身美妾,1
15144,一身美妾過,1
15145,身美妾過三,1
15146,美妾過三百,1
15147,妾過三百豈,1
15148,過三百豈知,1
15149,三百豈知劚,1
15150,百豈知劚地,1
15151,豈知劚地種,1
15152,知劚地種苗,1
15153,劚地種苗家,1
15154,地種苗家官,1
15155,種苗家官稅,1
15156,苗家官稅頻,1
15157,家官稅頻催,1
15158,官稅頻催勿,1
15159,稅頻催勿人,1
15160,頻催勿人織,1
15161,催勿人織長,1
15162,勿人織長得,1
15163,人織長得積,1
15164,織長得積玉,1
15165,長得積玉誇,1
15166,得積玉誇豪,1
15167,積玉誇豪毅,1
15168,玉誇豪毅每,1
15169,誇豪毅每揖,1
15170,豪毅每揖閒,1
15171,毅每揖閒人,1
15172,每揖閒人多,1
15173,揖閒人多意,1
15174,閒人多意氣,1
15175,人多意氣生,1
15176,多意氣生來,1
15177,意氣生來不,1
15178,氣生來不讀,1
15179,生來不讀半,1
15180,來不讀半行,1
15181,不讀半行書,1
15182,讀半行書只,1
15183,半行書只把,1
15184,行書只把黃,1
15185,書只把黃金,1
15186,只把黃金買,1
15187,把黃金買身,1
15188,黃金買身貴,1
15189,金買身貴少,1
15190,買身貴少年,1
15191,身貴少年安,1
15192,貴少年安得,1
15193,少年安得長,1
15194,年安得長少,1
15195,安得長少年,1
15196,得長少年海,1
15197,長少年海波,1
15198,少年海波尚,1
15199,年海波尚變,1
15200,海波尚變為,1
15201,波尚變為桑,1
15202,尚變為桑田,1
15203,變為桑田榮,1
15204,為桑田榮枯,1
15205,桑田榮枯遞,1
15206,田榮枯遞傳,1
15207,榮枯遞傳急,1
15208,枯遞傳急如,1
15209,遞傳急如箭,1
15210,傳急如箭天,1
15211,急如箭天公,1
15212,如箭天公不,1
15213,箭天公不肯,1
15214,天公不肯於,1
15215,公不肯於公,1
15216,不肯於公偏,1
15217,肯於公偏莫,1
15218,於公偏莫道,1
15219,公偏莫道韶,1
15220,偏莫道韶華,1
15221,莫道韶華鎮,1
15222,道韶華鎮長,1
15223,韶華鎮長在,1
15224,華鎮長在發,1
15225,鎮長在發白,1
15226,長在發白麵,1
15227,在發白麵皺,1
15228,發白麵皺專,1
15229,白麵皺專相,1
15230,麵皺專相待,1
15231,皺專相待侵,1
15232,專相待侵侵,1
15233,相待侵侵槲,1
15234,待侵侵槲葉,1
15235,侵侵槲葉香,1
15236,侵槲葉香木,1
15237,槲葉香木花,1
15238,葉香木花滯,1
15239,香木花滯寒,1
15240,木花滯寒雨,1
15241,花滯寒雨今,1
15242,滯寒雨今夕,1
15243,寒雨今夕山,1
15244,雨今夕山上,1
15245,今夕山上秋,1
15246,夕山上秋永,1
15247,山上秋永謝,1
15248,上秋永謝無,1
15249,秋永謝無人,1
15250,永謝無人處,1
15251,謝無人處石,1
15252,無人處石溪,1
15253,人處石溪遠,1
15254,處石溪遠荒,1
15255,石溪遠荒澀,1
15256,溪遠荒澀棠,1
15257,遠荒澀棠實,1
15258,荒澀棠實懸,1
15259,澀棠實懸辛,1
15260,棠實懸辛苦,1
15261,實懸辛苦古,1
15262,懸辛苦古者,1
15263,辛苦古者定,1
15264,苦古者定幽,1
15265,古者定幽尋,1
15266,者定幽尋呼,1
15267,定幽尋呼君,1
15268,幽尋呼君作,1
15269,尋呼君作私,1
15270,呼君作私路,1
15271,君作私路碧,1
15272,作私路碧峰,1
15273,私路碧峰海,1
15274,路碧峰海面,1
15275,碧峰海面藏,1
15276,峰海面藏靈,1
15277,海面藏靈書,1
15278,面藏靈書上,1
15279,藏靈書上帝,1
15280,靈書上帝揀,1
15281,書上帝揀作,1
15282,上帝揀作神,1
15283,帝揀作神仙,1
15284,揀作神仙居,1
15285,作神仙居清,1
15286,神仙居清明,1
15287,仙居清明笑,1
15288,居清明笑語,1
15289,清明笑語聞,1
15290,明笑語聞空,1
15291,笑語聞空虛,1
15292,語聞空虛鬥,1
15293,聞空虛鬥乘,1
15294,空虛鬥乘巨,1
15295,虛鬥乘巨浪,1
15296,鬥乘巨浪騎,1
15297,乘巨浪騎鯨,1
15298,巨浪騎鯨魚,1
15299,浪騎鯨魚春,1
15300,騎鯨魚春羅,1
15301,鯨魚春羅書,1
15302,魚春羅書字,1
15303,春羅書字邀,1
15304,羅書字邀王,1
15305,書字邀王母,1
15306,字邀王母共,1
15307,邀王母共宴,1
15308,王母共宴紅,1
15309,母共宴紅樓,1
15310,共宴紅樓最,1
15311,宴紅樓最深,1
15312,紅樓最深處,1
15313,樓最深處鶴,1
15314,最深處鶴羽,1
15315,深處鶴羽沖,1
15316,處鶴羽沖風,1
15317,鶴羽沖風過,1
15318,羽沖風過海,1
15319,沖風過海遲,1
15320,風過海遲不,1
15321,過海遲不如,1
15322,海遲不如卻,1
15323,遲不如卻使,1
15324,不如卻使青,1
15325,如卻使青龍,1
15326,卻使青龍去,1
15327,使青龍去猶,1
15328,青龍去猶疑,1
15329,龍去猶疑王,1
15330,去猶疑王母,1
15331,猶疑王母不,1
15332,疑王母不相,1
15333,王母不相許,1
15334,母不相許垂,1
15335,不相許垂露,1
15336,相許垂露娃,1
15337,許垂露娃鬟,1
15338,垂露娃鬟更,1
15339,露娃鬟更傳,1
15340,娃鬟更傳語,1
15341,鬟更傳語捲,1
15342,更傳語捲髮,1
15343,傳語捲髮胡,1
15344,語捲髮胡兒,1
15345,捲髮胡兒眼,1
15346,髮胡兒眼睛,1
15347,胡兒眼睛綠,1
15348,兒眼睛綠高,1
15349,眼睛綠高樓,1
15350,睛綠高樓夜,1
15351,綠高樓夜靜,1
15352,高樓夜靜吹,1
15353,樓夜靜吹橫,1
15354,夜靜吹橫竹,1
15355,靜吹橫竹一,1
15356,吹橫竹一聲,1
15357,橫竹一聲似,1
15358,竹一聲似向,1
15359,一聲似向天,1
15360,聲似向天上,1
15361,似向天上來,1
15362,向天上來月,1
15363,天上來月下,1
15364,上來月下美,1
15365,來月下美人,1
15366,月下美人望,1
15367,下美人望鄉,1
15368,美人望鄉哭,1
15369,人望鄉哭直,1
15370,望鄉哭直排,1
15371,鄉哭直排七,1
15372,哭直排七點,1
15373,直排七點星,1
15374,排七點星藏,1
15375,七點星藏指,1
15376,點星藏指暗,1
15377,星藏指暗合,1
15378,藏指暗合清,1
15379,指暗合清風,1
15380,暗合清風調,1
15381,合清風調宮,1
15382,清風調宮征,1
15383,風調宮征蜀,1
15384,調宮征蜀道,1
15385,宮征蜀道秋,1
15386,征蜀道秋深,1
15387,蜀道秋深雲,1
15388,道秋深雲滿,1
15389,秋深雲滿林,1
15390,深雲滿林湘,1
15391,雲滿林湘江,1
15392,滿林湘江半,1
15393,林湘江半夜,1
15394,湘江半夜龍,1
15395,江半夜龍驚,1
15396,半夜龍驚起,1
15397,夜龍驚起玉,1
15398,龍驚起玉堂,1
15399,驚起玉堂美,1
15400,起玉堂美人,1
15401,玉堂美人邊,1
15402,堂美人邊塞,1
15403,美人邊塞情,1
15404,人邊塞情碧,1
15405,邊塞情碧窗,1
15406,塞情碧窗皓,1
15407,情碧窗皓月,1
15408,碧窗皓月愁,1
15409,窗皓月愁中,1
15410,皓月愁中聽,1
15411,月愁中聽寒,1
15412,愁中聽寒砧,1
15413,中聽寒砧能,1
15414,聽寒砧能搗,1
15415,寒砧能搗百,1
15416,砧能搗百尺,1
15417,能搗百尺練,1
15418,搗百尺練粉,1
15419,百尺練粉淚,1
15420,尺練粉淚凝,1
15421,練粉淚凝珠,1
15422,粉淚凝珠滴,1
15423,淚凝珠滴紅,1
15424,凝珠滴紅線,1
15425,珠滴紅線胡,1
15426,滴紅線胡兒,1
15427,紅線胡兒莫,1
15428,線胡兒莫作,1
15429,胡兒莫作隴,1
15430,兒莫作隴頭,1
15431,莫作隴頭吟,1
15432,作隴頭吟隔,1
15433,隴頭吟隔窗,1
15434,頭吟隔窗暗,1
15435,吟隔窗暗結,1
15436,隔窗暗結愁,1
15437,窗暗結愁人,1
15438,暗結愁人心,1
15439,結愁人心昆,1
15440,愁人心昆侖,1
15441,人心昆侖使,1
15442,心昆侖使者,1
15443,昆侖使者無,1
15444,侖使者無消,1
15445,使者無消息,1
15446,者無消息茂,1
15447,無消息茂陵,1
15448,消息茂陵煙,1
15449,息茂陵煙樹,1
15450,茂陵煙樹生,1
15451,陵煙樹生愁,1
15452,煙樹生愁色,1
15453,樹生愁色金,1
15454,生愁色金盤,1
15455,愁色金盤玉,1
15456,色金盤玉露,1
15457,金盤玉露自,1
15458,盤玉露自淋,1
15459,玉露自淋漓,1
15460,露自淋漓元,1
15461,自淋漓元氣,1
15462,淋漓元氣茫,1
15463,漓元氣茫茫,1
15464,元氣茫茫收,1
15465,氣茫茫收不,1
15466,茫茫收不得,1
15467,茫收不得麒,1
15468,收不得麒麟,1
15469,不得麒麟背,1
15470,得麒麟背上,1
15471,麒麟背上石,1
15472,麟背上石文,1
15473,背上石文裂,1
15474,上石文裂虯,1
15475,石文裂虯龍,1
15476,文裂虯龍鱗,1
15477,裂虯龍鱗下,1
15478,虯龍鱗下紅,1
15479,龍鱗下紅枝,1
15480,鱗下紅枝折,1
15481,下紅枝折何,1
15482,紅枝折何處,1
15483,枝折何處偏,1
15484,折何處偏傷,1
15485,何處偏傷萬,1
15486,處偏傷萬國,1
15487,偏傷萬國心,1
15488,傷萬國心中,1
15489,萬國心中天,1
15490,國心中天夜,1
15491,心中天夜久,1
15492,中天夜久高,1
15493,天夜久高明,1
15494,夜久高明月,1
15495,久高明月禦,1
15496,高明月禦服,1
15497,明月禦服沾,1
15498,月禦服沾霜,1
15499,禦服沾霜露,1
15500,服沾霜露天,1
15501,沾霜露天衢,1
15502,霜露天衢長,1
15503,露天衢長蓁,1
15504,天衢長蓁棘,1
15505,衢長蓁棘金,1
15506,長蓁棘金隱,1
15507,蓁棘金隱秋,1
15508,棘金隱秋塵,1
15509,金隱秋塵姿,1
15510,隱秋塵姿無,1
15511,秋塵姿無人,1
15512,塵姿無人為,1
15513,姿無人為帶,1
15514,無人為帶飾,1
15515,人為帶飾玉,1
15516,為帶飾玉堂,1
15517,帶飾玉堂歌,1
15518,飾玉堂歌聲,1
15519,玉堂歌聲寢,1
15520,堂歌聲寢芳,1
15521,歌聲寢芳林,1
15522,聲寢芳林煙,1
15523,寢芳林煙樹,1
15524,芳林煙樹隔,1
15525,林煙樹隔雲,1
15526,煙樹隔雲陽,1
15527,樹隔雲陽臺,1
15528,隔雲陽臺上,1
15529,雲陽臺上歌,1
15530,陽臺上歌鬼,1
15531,臺上歌鬼哭,1
15532,上歌鬼哭複,1
15533,歌鬼哭複何,1
15534,鬼哭複何益,1
15535,哭複何益鐵,1
15536,複何益鐵劍,1
15537,何益鐵劍常,1
15538,益鐵劍常光,1
15539,鐵劍常光光,1
15540,劍常光光至,1
15541,常光光至凶,1
15542,光光至凶威,1
15543,光至凶威屢,1
15544,至凶威屢逼,1
15545,凶威屢逼強,1
15546,威屢逼強梟,1
15547,屢逼強梟噬,1
15548,逼強梟噬母,1
15549,強梟噬母心,1
15550,梟噬母心奔,1
15551,噬母心奔厲,1
15552,母心奔厲索,1
15553,心奔厲索人,1
15554,奔厲索人魄,1
15555,厲索人魄相,1
15556,索人魄相看,1
15557,人魄相看兩,1
15558,魄相看兩相,1
15559,相看兩相泣,1
15560,看兩相泣淚,1
15561,兩相泣淚下,1
15562,相泣淚下如,1
15563,泣淚下如波,1
15564,淚下如波激,1
15565,下如波激寧,1
15566,如波激寧用,1
15567,波激寧用清,1
15568,激寧用清酒,1
15569,寧用清酒為,1
15570,用清酒為欲,1
15571,清酒為欲作,1
15572,酒為欲作黃,1
15573,為欲作黃泉,1
15574,欲作黃泉客,1
15575,作黃泉客不,1
15576,黃泉客不說,1
15577,泉客不說玉,1
15578,客不說玉山,1
15579,不說玉山頹,1
15580,說玉山頹且,1
15581,玉山頹且無,1
15582,山頹且無飲,1
15583,頹且無飲中,1
15584,且無飲中色,1
15585,無飲中色勉,1
15586,飲中色勉從,1
15587,中色勉從天,1
15588,色勉從天帝,1
15589,勉從天帝訴,1
15590,從天帝訴天,1
15591,天帝訴天上,1
15592,帝訴天上寡,1
15593,訴天上寡沈,1
15594,天上寡沈厄,1
15595,上寡沈厄無,1
15596,寡沈厄無處,1
15597,沈厄無處張,1
15598,厄無處張繐,1
15599,無處張繐帷,1
15600,處張繐帷如,1
15601,張繐帷如何,1
15602,繐帷如何望,1
15603,帷如何望松,1
15604,如何望松柏,1
15605,何望松柏妾,1
15606,望松柏妾身,1
15607,松柏妾身晝,1
15608,柏妾身晝團,1
15609,妾身晝團團,1
15610,身晝團團君,1
15611,晝團團君魂,1
15612,團團君魂夜,1
15613,團君魂夜寂,1
15614,君魂夜寂寂,1
15615,魂夜寂寂蛾,1
15616,夜寂寂蛾眉,1
15617,寂寂蛾眉自,1
15618,寂蛾眉自覺,1
15619,蛾眉自覺長,1
15620,眉自覺長頸,1
15621,自覺長頸粉,1
15622,覺長頸粉誰,1
15623,長頸粉誰憐,1
15624,頸粉誰憐白,1
15625,粉誰憐白矜,1
15626,誰憐白矜持,1
15627,憐白矜持昭,1
15628,白矜持昭陽,1
15629,矜持昭陽意,1
15630,持昭陽意不,1
15631,昭陽意不肯,1
15632,陽意不肯看,1
15633,意不肯看南,1
15634,不肯看南陌,1
15635,肯看南陌別,1
15636,看南陌別浦,1
15637,南陌別浦雲,1
15638,陌別浦雲歸,1
15639,別浦雲歸桂,1
15640,浦雲歸桂花,1
15641,雲歸桂花渚,1
15642,歸桂花渚蜀,1
15643,桂花渚蜀國,1
15644,花渚蜀國弦,1
15645,渚蜀國弦中,1
15646,蜀國弦中雙,1
15647,國弦中雙鳳,1
15648,弦中雙鳳語,1
15649,中雙鳳語芙,1
15650,雙鳳語芙蓉,1
15651,鳳語芙蓉葉,1
15652,語芙蓉葉落,1
15653,芙蓉葉落秋,1
15654,蓉葉落秋鸞,1
15655,葉落秋鸞離,1
15656,落秋鸞離越,1
15657,秋鸞離越王,1
15658,鸞離越王夜,1
15659,離越王夜起,1
15660,越王夜起遊,1
15661,王夜起遊天,1
15662,夜起遊天姥,1
15663,起遊天姥暗,1
15664,遊天姥暗佩,1
15665,天姥暗佩清,1
15666,姥暗佩清臣,1
15667,暗佩清臣敲,1
15668,佩清臣敲水,1
15669,清臣敲水玉,1
15670,臣敲水玉渡,1
15671,敲水玉渡海,1
15672,水玉渡海蛾,1
15673,玉渡海蛾眉,1
15674,渡海蛾眉牽,1
15675,海蛾眉牽白,1
15676,蛾眉牽白鹿,1
15677,眉牽白鹿誰,1
15678,牽白鹿誰看,1
15679,白鹿誰看挾,1
15680,鹿誰看挾劍,1
15681,誰看挾劍赴,1
15682,看挾劍赴長,1
15683,挾劍赴長橋,1
15684,劍赴長橋誰,1
15685,赴長橋誰看,1
15686,長橋誰看浸,1
15687,橋誰看浸發,1
15688,誰看浸發題,1
15689,看浸發題春,1
15690,浸發題春竹,1
15691,發題春竹竺,1
15692,題春竹竺僧,1
15693,春竹竺僧前,1
15694,竹竺僧前立,1
15695,竺僧前立當,1
15696,僧前立當吾,1
15697,前立當吾門,1
15698,立當吾門梵,1
15699,當吾門梵宮,1
15700,吾門梵宮真,1
15701,門梵宮真相,1
15702,梵宮真相眉,1
15703,宮真相眉棱,1
15704,真相眉棱尊,1
15705,相眉棱尊古,1
15706,眉棱尊古琴,1
15707,棱尊古琴大,1
15708,尊古琴大軫,1
15709,古琴大軫長,1
15710,琴大軫長八,1
15711,大軫長八尺,1
15712,軫長八尺嶧,1
15713,長八尺嶧陽,1
15714,八尺嶧陽老,1
15715,尺嶧陽老樹,1
15716,嶧陽老樹非,1
15717,陽老樹非桐,1
15718,老樹非桐孫,1
15719,樹非桐孫涼,1
15720,非桐孫涼館,1
15721,桐孫涼館聞,1
15722,孫涼館聞弦,1
15723,涼館聞弦驚,1
15724,館聞弦驚病,1
15725,聞弦驚病客,1
15726,弦驚病客藥,1
15727,驚病客藥囊,1
15728,病客藥囊暫,1
15729,客藥囊暫別,1
15730,藥囊暫別龍,1
15731,囊暫別龍須,1
15732,暫別龍須席,1
15733,別龍須席請,1
15734,龍須席請歌,1
15735,須席請歌直,1
15736,席請歌直請,1
15737,請歌直請卿,1
15738,歌直請卿相,1
15739,直請卿相歌,1
15740,請卿相歌奉,1
15741,卿相歌奉禮,1
15742,相歌奉禮官,1
15743,歌奉禮官卑,1
15744,奉禮官卑複,1
15745,禮官卑複何,1
15746,官卑複何益,1
15747,卑複何益上,1
15748,複何益上林,1
15749,何益上林蝴,1
15750,益上林蝴蝶,1
15751,上林蝴蝶小,1
15752,林蝴蝶小試,1
15753,蝴蝶小試伴,1
15754,蝶小試伴漢,1
15755,小試伴漢家,1
15756,試伴漢家君,1
15757,伴漢家君飛,1
15758,漢家君飛向,1
15759,家君飛向南,1
15760,君飛向南城,1
15761,飛向南城去,1
15762,向南城去誤,1
15763,南城去誤落,1
15764,城去誤落石,1
15765,去誤落石榴,1
15766,誤落石榴裙,1
15767,落石榴裙脈,1
15768,石榴裙脈脈,1
15769,榴裙脈脈花,1
15770,裙脈脈花滿,1
15771,脈脈花滿樹,1
15772,脈花滿樹翾,1
15773,花滿樹翾翾,1
15774,滿樹翾翾燕,1
15775,樹翾翾燕繞,1
15776,翾翾燕繞雲,1
15777,翾燕繞雲出,1
15778,燕繞雲出門,1
15779,繞雲出門不,1
15780,雲出門不識,1
15781,出門不識路,1
15782,門不識路羞,1
15783,不識路羞問,1
15784,識路羞問陌,1
15785,路羞問陌頭,1
15786,羞問陌頭人,1
15787,問陌頭人嫩,1
15788,陌頭人嫩葉,1
15789,頭人嫩葉憐,1
15790,人嫩葉憐芳,1
15791,嫩葉憐芳抱,1
15792,葉憐芳抱新,1
15793,憐芳抱新蕊,1
15794,芳抱新蕊泣,1
15795,抱新蕊泣露,1
15796,新蕊泣露枝,1
15797,蕊泣露枝枝,1
15798,泣露枝枝滴,1
15799,露枝枝滴夭,1
15800,枝枝滴夭淚,1
15801,枝滴夭淚粉,1
15802,滴夭淚粉窗,1
15803,夭淚粉窗香,1
15804,淚粉窗香咽,1
15805,粉窗香咽頹,1
15806,窗香咽頹曉,1
15807,香咽頹曉雲,1
15808,咽頹曉雲錦,1
15809,頹曉雲錦堆,1
15810,曉雲錦堆花,1
15811,雲錦堆花密,1
15812,錦堆花密藏,1
15813,堆花密藏春,1
15814,花密藏春睡,1
15815,密藏春睡戀,1
15816,藏春睡戀屏,1
15817,春睡戀屏孔,1
15818,睡戀屏孔雀,1
15819,戀屏孔雀搖,1
15820,屏孔雀搖金,1
15821,孔雀搖金尾,1
15822,雀搖金尾鶯,1
15823,搖金尾鶯舌,1
15824,金尾鶯舌分,1
15825,尾鶯舌分明,1
15826,鶯舌分明呼,1
15827,舌分明呼婢,1
15828,分明呼婢子,1
15829,明呼婢子冰,1
15830,呼婢子冰洞,1
15831,婢子冰洞寒,1
15832,子冰洞寒龍,1
15833,冰洞寒龍半,1
15834,洞寒龍半匣,1
15835,寒龍半匣水,1
15836,龍半匣水一,1
15837,半匣水一隻,1
15838,匣水一隻商,1
15839,水一隻商鸞,1
15840,一隻商鸞逐,1
15841,隻商鸞逐煙,1
15842,商鸞逐煙起,1
15843,鸞逐煙起芳,1
15844,逐煙起芳草,1
15845,煙起芳草落,1
15846,起芳草落花,1
15847,芳草落花如,1
15848,草落花如錦,1
15849,落花如錦地,1
15850,花如錦地二,1
15851,如錦地二十,1
15852,錦地二十長,1
15853,地二十長遊,1
15854,二十長遊醉,1
15855,十長遊醉鄉,1
15856,長遊醉鄉裏,1
15857,遊醉鄉裏紅,1
15858,醉鄉裏紅纓,1
15859,鄉裏紅纓不,1
15860,裏紅纓不動,1
15861,紅纓不動白,1
15862,纓不動白馬,1
15863,不動白馬驕,1
15864,動白馬驕垂,1
15865,白馬驕垂柳,1
15866,馬驕垂柳金,1
15867,驕垂柳金絲,1
15868,垂柳金絲香,1
15869,柳金絲香拂,1
15870,金絲香拂水,1
15871,絲香拂水吳,1
15872,香拂水吳娥,1
15873,拂水吳娥未,1
15874,水吳娥未笑,1
15875,吳娥未笑花,1
15876,娥未笑花不,1
15877,未笑花不開,1
15878,笑花不開綠,1
15879,花不開綠鬢,1
15880,不開綠鬢聳,1
15881,開綠鬢聳墮,1
15882,綠鬢聳墮蘭,1
15883,鬢聳墮蘭雲,1
15884,聳墮蘭雲起,1
15885,墮蘭雲起陸,1
15886,蘭雲起陸郎,1
15887,雲起陸郎倚,1
15888,起陸郎倚醉,1
15889,釵金翡翠不,1
15890,金翡翠不見,1
15891,翡翠不見山,1
15892,翠不見山巔,1
15893,不見山巔樹,1
15894,見山巔樹摧,1
15895,山巔樹摧杌,1
15896,巔樹摧杌下,1
15897,樹摧杌下為,1
15898,摧杌下為薪,1
15899,杌下為薪日,1
15900,下為薪日睹,1
15901,為薪日睹井,1
15902,薪日睹井中,1
15903,日睹井中泥,1
15904,睹井中泥上,1
15905,井中泥上出,1
15906,中泥上出作,1
15907,泥上出作埃,1
15908,上出作埃塵,1
15909,出作埃塵情,1
15910,作埃塵情知,1
15911,埃塵情知一,1
15912,塵情知一丘,1
15913,情知一丘趣,1
15914,知一丘趣不,1
15915,一丘趣不謝,1
15916,丘趣不謝千,1
15917,趣不謝千里,1
15918,不謝千里印,1
15919,謝千里印倚,1
15920,千里印倚劍,1
15921,里印倚劍登,1
15922,印倚劍登高,1
15923,倚劍登高台,1
15924,劍登高台悠,1
15925,登高台悠悠,1
15926,高台悠悠送,1
15927,台悠悠送春,1
15928,悠悠送春目,1
