排名,詞彙,出現次數
1,分飛共所從六,2
2,飛共所從六翮,2
3,共所從六翮勢,2
4,風聲斷碧雲外,2
5,聲斷碧雲外影,2
6,斷碧雲外影孤,2
7,碧雲外影孤明,2
8,雲外影孤明月,2
9,外影孤明月中,2
10,影孤明月中青,2
11,孤明月中青田,2
12,明月中青田歸,2
13,月中青田歸路,2
14,中青田歸路遠,2
15,桂舊巢空矯翼,2
16,舊巢空矯翼知,2
17,巢空矯翼知何,2
18,空矯翼知何處,2
19,矯翼知何處天,2
20,翼知何處天涯,2
21,知何處天涯不,2
22,何處天涯不可,2
23,處天涯不可窮,2
24,官為駿馬監職,2
25,為駿馬監職帥,2
26,駿馬監職帥羽,2
27,馬監職帥羽林,2
28,監職帥羽林兒,2
29,職帥羽林兒兩,2
30,帥羽林兒兩綬,2
31,羽林兒兩綬藏,2
32,林兒兩綬藏不,2
33,兒兩綬藏不見,2
34,兩綬藏不見落,2
35,綬藏不見落花,2
36,藏不見落花何,2
37,不見落花何處,2
38,見落花何處期,2
39,落花何處期獵,2
40,花何處期獵敲,2
41,何處期獵敲白,2
42,處期獵敲白玉,2
43,期獵敲白玉鐙,2
44,獵敲白玉鐙怒,2
45,敲白玉鐙怒袖,2
46,白玉鐙怒袖紫,2
47,玉鐙怒袖紫金,2
48,鐙怒袖紫金錘,2
49,怒袖紫金錘田,2
50,袖紫金錘田竇,2
51,紫金錘田竇長,2
52,金錘田竇長留,2
53,錘田竇長留醉,2
54,田竇長留醉蘇,2
55,竇長留醉蘇辛,2
56,長留醉蘇辛曲,2
57,岐豪持出塞節,2
58,豪持出塞節笑,2
59,持出塞節笑別,2
60,出塞節笑別遠,2
61,塞節笑別遠山,2
62,節笑別遠山眉,2
63,笑別遠山眉捷,2
64,別遠山眉捷報,2
65,遠山眉捷報雲,2
66,山眉捷報雲台,2
67,眉捷報雲台賀,2
68,捷報雲台賀公,2
69,報雲台賀公卿,2
70,雲台賀公卿拜,2
71,台賀公卿拜夀,2
72,賀公卿拜夀卮,2
73,連環羈玉聲光,2
74,環羈玉聲光碎,2
75,羈玉聲光碎綠,2
76,玉聲光碎綠錦,2
77,聲光碎綠錦蔽,2
78,光碎綠錦蔽泥,2
79,碎綠錦蔽泥虯,2
80,綠錦蔽泥虯卷,2
81,錦蔽泥虯卷高,2
82,蔽泥虯卷高春,2
83,泥虯卷高春風,2
84,虯卷高春風細,2
85,卷高春風細雨,2
86,高春風細雨走,2
87,春風細雨走馬,2
88,風細雨走馬去,2
89,細雨走馬去珠,2
90,雨走馬去珠落,2
91,走馬去珠落璀,2
92,馬去珠落璀璀,2
93,去珠落璀璀白,2
94,珠落璀璀白罽,2
95,落璀璀白罽袍,2
96,綠葉成陰子滿,2
97,葉成陰子滿枝,2
98,海路無塵邊草,2
99,所從六翮勢摧,1
100,從六翮勢摧風,1
101,六翮勢摧風聲,1
102,翮勢摧風聲斷,1
103,勢摧風聲斷碧,1
104,摧風聲斷碧雲,1
105,青田歸路遠月,1
106,田歸路遠月桂,1
107,歸路遠月桂舊,1
108,路遠月桂舊巢,1
109,遠月桂舊巢空,1
110,月桂舊巢空矯,1
111,天涯不可窮官,1
112,涯不可窮官為,1
113,不可窮官為駿,1
114,可窮官為駿馬,1
115,窮官為駿馬監,1
116,留醉蘇辛曲護,1
117,醉蘇辛曲護岐,1
118,蘇辛曲護岐豪,1
119,辛曲護岐豪持,1
120,曲護岐豪持出,1
121,護岐豪持出塞,1
122,公卿拜夀卮連,1
123,卿拜夀卮連環,1
124,拜夀卮連環羈,1
125,夀卮連環羈玉,1
126,卮連環羈玉聲,1
127,璀璀白罽袍京,1
128,璀白罽袍京江,1
129,白罽袍京江水,1
130,罽袍京江水清,1
131,袍京江水清滑,1
132,京江水清滑生,1
133,江水清滑生女,1
134,水清滑生女白,1
135,清滑生女白如,1
136,滑生女白如脂,1
137,生女白如脂其,1
138,女白如脂其間,1
139,白如脂其間杜,1
140,如脂其間杜秋,1
141,脂其間杜秋者,1
142,其間杜秋者不,1
143,間杜秋者不勞,1
144,杜秋者不勞朱,1
145,秋者不勞朱粉,1
146,者不勞朱粉施,1
147,不勞朱粉施老,1
148,勞朱粉施老濞,1
149,朱粉施老濞即,1
150,粉施老濞即山,1
151,施老濞即山鑄,1
152,老濞即山鑄後,1
153,濞即山鑄後庭,1
154,即山鑄後庭千,1
155,山鑄後庭千雙,1
156,鑄後庭千雙眉,1
157,後庭千雙眉秋,1
158,庭千雙眉秋持,1
159,千雙眉秋持玉,1
160,雙眉秋持玉斝,1
161,眉秋持玉斝醉,1
162,秋持玉斝醉與,1
163,持玉斝醉與唱,1
164,玉斝醉與唱金,1
165,斝醉與唱金縷,1
166,醉與唱金縷衣,1
167,與唱金縷衣濞,1
168,唱金縷衣濞既,1
169,金縷衣濞既白,1
170,縷衣濞既白首,1
171,衣濞既白首叛,1
172,濞既白首叛秋,1
173,既白首叛秋亦,1
174,白首叛秋亦紅,1
175,首叛秋亦紅淚,1
176,叛秋亦紅淚滋,1
177,秋亦紅淚滋吳,1
178,亦紅淚滋吳江,1
179,紅淚滋吳江落,1
180,淚滋吳江落日,1
181,滋吳江落日渡,1
182,吳江落日渡灞,1
183,江落日渡灞岸,1
184,落日渡灞岸綠,1
185,日渡灞岸綠楊,1
186,渡灞岸綠楊垂,1
187,灞岸綠楊垂聯,1
188,岸綠楊垂聯裾,1
189,綠楊垂聯裾見,1
190,楊垂聯裾見天,1
191,垂聯裾見天子,1
192,聯裾見天子盼,1
193,裾見天子盼眄,1
194,見天子盼眄獨,1
195,天子盼眄獨依,1
196,子盼眄獨依依,1
197,盼眄獨依依椒,1
198,眄獨依依椒壁,1
199,獨依依椒壁懸,1
200,依依椒壁懸錦,1
201,依椒壁懸錦幕,1
202,椒壁懸錦幕鏡,1
203,壁懸錦幕鏡奩,1
204,懸錦幕鏡奩蟠,1
205,錦幕鏡奩蟠蛟,1
206,幕鏡奩蟠蛟螭,1
207,鏡奩蟠蛟螭低,1
208,奩蟠蛟螭低鬟,1
209,蟠蛟螭低鬟認,1
210,蛟螭低鬟認新,1
211,螭低鬟認新寵,1
212,低鬟認新寵窈,1
213,鬟認新寵窈嫋,1
214,認新寵窈嫋複,1
215,新寵窈嫋複融,1
216,寵窈嫋複融怡,1
217,窈嫋複融怡月,1
218,嫋複融怡月上,1
219,複融怡月上白,1
220,融怡月上白璧,1
221,怡月上白璧門,1
222,月上白璧門桂,1
223,上白璧門桂影,1
224,白璧門桂影涼,1
225,璧門桂影涼參,1
226,門桂影涼參差,1
227,桂影涼參差金,1
228,影涼參差金階,1
229,涼參差金階露,1
230,參差金階露新,1
231,差金階露新重,1
232,金階露新重閑,1
233,階露新重閑撚,1
234,露新重閑撚紫,1
235,新重閑撚紫簫,1
236,重閑撚紫簫吹,1
237,閑撚紫簫吹莓,1
238,撚紫簫吹莓苔,1
239,紫簫吹莓苔夾,1
240,簫吹莓苔夾城,1
241,吹莓苔夾城路,1
242,莓苔夾城路南,1
243,苔夾城路南苑,1
244,夾城路南苑雁,1
245,城路南苑雁初,1
246,路南苑雁初飛,1
247,南苑雁初飛紅,1
248,苑雁初飛紅粉,1
249,雁初飛紅粉羽,1
250,初飛紅粉羽林,1
251,飛紅粉羽林杖,1
252,紅粉羽林杖獨,1
253,粉羽林杖獨賜,1
254,羽林杖獨賜辟,1
255,林杖獨賜辟邪,1
256,杖獨賜辟邪旗,1
257,獨賜辟邪旗歸,1
258,賜辟邪旗歸來,1
259,辟邪旗歸來煮,1
260,邪旗歸來煮豹,1
261,旗歸來煮豹胎,1
262,歸來煮豹胎饜,1
263,來煮豹胎饜飫,1
264,煮豹胎饜飫不,1
265,豹胎饜飫不能,1
266,胎饜飫不能飴,1
267,饜飫不能飴咸,1
268,飫不能飴咸池,1
269,不能飴咸池升,1
270,能飴咸池升日,1
271,飴咸池升日慶,1
272,咸池升日慶銅,1
273,池升日慶銅雀,1
274,升日慶銅雀分,1
275,日慶銅雀分香,1
276,慶銅雀分香悲,1
277,銅雀分香悲雷,1
278,雀分香悲雷音,1
279,分香悲雷音後,1
280,香悲雷音後車,1
281,悲雷音後車遠,1
282,雷音後車遠事,1
283,音後車遠事往,1
284,後車遠事往落,1
285,車遠事往落花,1
286,遠事往落花時,1
287,事往落花時燕,1
288,往落花時燕禖,1
289,落花時燕禖得,1
290,花時燕禖得皇,1
291,時燕禖得皇子,1
292,燕禖得皇子壯,1
293,禖得皇子壯發,1
294,得皇子壯發綠,1
295,皇子壯發綠緌,1
296,子壯發綠緌緌,1
297,壯發綠緌緌畫,1
298,發綠緌緌畫堂,1
299,綠緌緌畫堂授,1
300,緌緌畫堂授傅,1
301,緌畫堂授傅姆,1
302,畫堂授傅姆天,1
303,堂授傅姆天人,1
304,授傅姆天人親,1
305,傅姆天人親捧,1
306,姆天人親捧持,1
307,天人親捧持虎,1
308,人親捧持虎睛,1
309,親捧持虎睛珠,1
310,捧持虎睛珠絡,1
311,持虎睛珠絡褓,1
312,虎睛珠絡褓金,1
313,睛珠絡褓金盤,1
314,珠絡褓金盤犀,1
315,絡褓金盤犀鎮,1
316,褓金盤犀鎮帷,1
317,金盤犀鎮帷長,1
318,盤犀鎮帷長楊,1
319,犀鎮帷長楊射,1
320,鎮帷長楊射熊,1
321,帷長楊射熊羆,1
322,長楊射熊羆武,1
323,楊射熊羆武帳,1
324,射熊羆武帳弄,1
325,熊羆武帳弄啞,1
326,羆武帳弄啞咿,1
327,武帳弄啞咿漸,1
328,帳弄啞咿漸拋,1
329,弄啞咿漸拋竹,1
330,啞咿漸拋竹馬,1
331,咿漸拋竹馬劇,1
332,漸拋竹馬劇稍,1
333,拋竹馬劇稍出,1
334,竹馬劇稍出舞,1
335,馬劇稍出舞雞,1
336,劇稍出舞雞奇,1
337,稍出舞雞奇嶄,1
338,出舞雞奇嶄嶄,1
339,舞雞奇嶄嶄整,1
340,雞奇嶄嶄整冠,1
341,奇嶄嶄整冠佩,1
342,嶄嶄整冠佩侍,1
343,嶄整冠佩侍宴,1
344,整冠佩侍宴坐,1
345,冠佩侍宴坐瑤,1
346,佩侍宴坐瑤池,1
347,侍宴坐瑤池眉,1
348,宴坐瑤池眉宇,1
349,坐瑤池眉宇儼,1
350,瑤池眉宇儼圖,1
351,池眉宇儼圖畫,1
352,眉宇儼圖畫神,1
353,宇儼圖畫神秀,1
354,儼圖畫神秀射,1
355,圖畫神秀射朝,1
356,畫神秀射朝輝,1
357,神秀射朝輝一,1
358,秀射朝輝一尺,1
359,射朝輝一尺桐,1
360,朝輝一尺桐偶,1
361,輝一尺桐偶人,1
362,一尺桐偶人江,1
363,尺桐偶人江充,1
364,桐偶人江充知,1
365,偶人江充知自,1
366,人江充知自欺,1
367,江充知自欺王,1
368,充知自欺王幽,1
369,知自欺王幽茅,1
370,自欺王幽茅土,1
371,欺王幽茅土削,1
372,王幽茅土削秋,1
373,幽茅土削秋放,1
374,茅土削秋放故,1
375,土削秋放故鄉,1
376,削秋放故鄉歸,1
377,秋放故鄉歸觚,1
378,放故鄉歸觚棱,1
379,故鄉歸觚棱拂,1
380,鄉歸觚棱拂鬥,1
381,歸觚棱拂鬥極,1
382,觚棱拂鬥極回,1
383,棱拂鬥極回首,1
384,拂鬥極回首尚,1
385,鬥極回首尚遲,1
386,極回首尚遲遲,1
387,回首尚遲遲四,1
388,首尚遲遲四朝,1
389,尚遲遲四朝三,1
390,遲遲四朝三十,1
391,遲四朝三十載,1
392,四朝三十載似,1
393,朝三十載似夢,1
394,三十載似夢複,1
395,十載似夢複疑,1
396,載似夢複疑非,1
397,似夢複疑非潼,1
398,夢複疑非潼關,1
399,複疑非潼關識,1
400,疑非潼關識舊,1
401,非潼關識舊吏,1
402,潼關識舊吏吏,1
403,關識舊吏吏發,1
404,識舊吏吏發已,1
405,舊吏吏發已如,1
406,吏吏發已如絲,1
407,吏發已如絲卻,1
408,發已如絲卻喚,1
409,已如絲卻喚吳,1
410,如絲卻喚吳江,1
411,絲卻喚吳江渡,1
412,卻喚吳江渡舟,1
413,喚吳江渡舟人,1
414,吳江渡舟人那,1
415,江渡舟人那得,1
416,渡舟人那得知,1
417,舟人那得知歸,1
418,人那得知歸來,1
419,那得知歸來四,1
420,得知歸來四鄰,1
421,知歸來四鄰改,1
422,歸來四鄰改茂,1
423,來四鄰改茂苑,1
424,四鄰改茂苑草,1
425,鄰改茂苑草菲,1
426,改茂苑草菲菲,1
427,茂苑草菲菲清,1
428,苑草菲菲清血,1
429,草菲菲清血灑,1
430,菲菲清血灑不,1
431,菲清血灑不盡,1
432,清血灑不盡仰,1
433,血灑不盡仰天,1
434,灑不盡仰天知,1
435,不盡仰天知問,1
436,盡仰天知問誰,1
437,仰天知問誰寒,1
438,天知問誰寒衣,1
439,知問誰寒衣一,1
440,問誰寒衣一匹,1
441,誰寒衣一匹素,1
442,寒衣一匹素夜,1
443,衣一匹素夜借,1
444,一匹素夜借鄰,1
445,匹素夜借鄰人,1
446,素夜借鄰人機,1
447,夜借鄰人機我,1
448,借鄰人機我昨,1
449,鄰人機我昨金,1
450,人機我昨金陵,1
451,機我昨金陵過,1
452,我昨金陵過聞,1
453,昨金陵過聞之,1
454,金陵過聞之為,1
455,陵過聞之為歔,1
456,過聞之為歔欷,1
457,聞之為歔欷自,1
458,之為歔欷自古,1
459,為歔欷自古皆,1
460,歔欷自古皆一,1
461,欷自古皆一貫,1
462,自古皆一貫變,1
463,古皆一貫變化,1
464,皆一貫變化安,1
465,一貫變化安能,1
466,貫變化安能推,1
467,變化安能推夏,1
468,化安能推夏姬,1
469,安能推夏姬滅,1
470,能推夏姬滅兩,1
471,推夏姬滅兩國,1
472,夏姬滅兩國逃,1
473,姬滅兩國逃作,1
474,滅兩國逃作巫,1
475,兩國逃作巫臣,1
476,國逃作巫臣姬,1
477,逃作巫臣姬西,1
478,作巫臣姬西子,1
479,巫臣姬西子下,1
480,臣姬西子下姑,1
481,姬西子下姑蘇,1
482,西子下姑蘇一,1
483,子下姑蘇一舸,1
484,下姑蘇一舸逐,1
485,姑蘇一舸逐鴟,1
486,蘇一舸逐鴟夷,1
487,一舸逐鴟夷織,1
488,舸逐鴟夷織室,1
489,逐鴟夷織室魏,1
490,鴟夷織室魏豹,1
491,夷織室魏豹俘,1
492,織室魏豹俘作,1
493,室魏豹俘作漢,1
494,魏豹俘作漢太,1
495,豹俘作漢太平,1
496,俘作漢太平基,1
497,作漢太平基誤,1
498,漢太平基誤置,1
499,太平基誤置代,1
500,平基誤置代籍,1
501,基誤置代籍中,1
502,誤置代籍中兩,1
503,置代籍中兩朝,1
504,代籍中兩朝尊,1
505,籍中兩朝尊母,1
506,中兩朝尊母儀,1
507,兩朝尊母儀光,1
508,朝尊母儀光武,1
509,尊母儀光武紹,1
510,母儀光武紹高,1
511,儀光武紹高祖,1
512,光武紹高祖本,1
513,武紹高祖本系,1
514,紹高祖本系生,1
515,高祖本系生唐,1
516,祖本系生唐兒,1
517,本系生唐兒珊,1
518,系生唐兒珊瑚,1
519,生唐兒珊瑚破,1
520,唐兒珊瑚破高,1
521,兒珊瑚破高齊,1
522,珊瑚破高齊作,1
523,瑚破高齊作婢,1
524,破高齊作婢舂,1
525,高齊作婢舂黃,1
526,齊作婢舂黃糜,1
527,作婢舂黃糜蕭,1
528,婢舂黃糜蕭後,1
529,舂黃糜蕭後去,1
530,黃糜蕭後去揚,1
531,糜蕭後去揚州,1
532,蕭後去揚州突,1
533,後去揚州突厥,1
534,去揚州突厥為,1
535,揚州突厥為閼,1
536,州突厥為閼氏,1
537,突厥為閼氏女,1
538,厥為閼氏女子,1
539,為閼氏女子固,1
540,閼氏女子固不,1
541,氏女子固不定,1
542,女子固不定士,1
543,子固不定士林,1
544,固不定士林亦,1
545,不定士林亦難,1
546,定士林亦難期,1
547,士林亦難期射,1
548,林亦難期射鉤,1
549,亦難期射鉤後,1
550,難期射鉤後呼,1
551,期射鉤後呼父,1
552,射鉤後呼父釣,1
553,鉤後呼父釣翁,1
554,後呼父釣翁王,1
555,呼父釣翁王者,1
556,父釣翁王者師,1
557,釣翁王者師無,1
558,翁王者師無國,1
559,王者師無國要,1
560,者師無國要孟,1
561,師無國要孟子,1
562,無國要孟子有,1
563,國要孟子有人,1
564,要孟子有人毀,1
565,孟子有人毀仲,1
566,子有人毀仲尼,1
567,有人毀仲尼秦,1
568,人毀仲尼秦因,1
569,毀仲尼秦因逐,1
570,仲尼秦因逐客,1
571,尼秦因逐客令,1
572,秦因逐客令柄,1
573,因逐客令柄歸,1
574,逐客令柄歸丞,1
575,客令柄歸丞相,1
576,令柄歸丞相斯,1
577,柄歸丞相斯安,1
578,歸丞相斯安知,1
579,丞相斯安知魏,1
580,相斯安知魏齊,1
581,斯安知魏齊首,1
582,安知魏齊首見,1
583,知魏齊首見斷,1
584,魏齊首見斷簀,1
585,齊首見斷簀中,1
586,首見斷簀中屍,1
587,見斷簀中屍給,1
588,斷簀中屍給喪,1
589,簀中屍給喪蹶,1
590,中屍給喪蹶張,1
591,屍給喪蹶張輩,1
592,給喪蹶張輩廊,1
593,喪蹶張輩廊廟,1
594,蹶張輩廊廟冠,1
595,張輩廊廟冠峨,1
596,輩廊廟冠峨危,1
597,廊廟冠峨危珥,1
598,廟冠峨危珥貂,1
599,冠峨危珥貂七,1
600,峨危珥貂七葉,1
601,危珥貂七葉貴,1
602,珥貂七葉貴何,1
603,貂七葉貴何妨,1
604,七葉貴何妨戎,1
605,葉貴何妨戎虜,1
606,貴何妨戎虜支,1
607,何妨戎虜支蘇,1
608,妨戎虜支蘇武,1
609,戎虜支蘇武卻,1
610,虜支蘇武卻生,1
611,支蘇武卻生返,1
612,蘇武卻生返鄧,1
613,武卻生返鄧通,1
614,卻生返鄧通終,1
615,生返鄧通終死,1
616,返鄧通終死饑,1
617,鄧通終死饑主,1
618,通終死饑主張,1
619,終死饑主張既,1
620,死饑主張既難,1
621,饑主張既難測,1
622,主張既難測翻,1
623,張既難測翻覆,1
624,既難測翻覆亦,1
625,難測翻覆亦其,1
626,測翻覆亦其宜,1
627,翻覆亦其宜地,1
628,覆亦其宜地盡,1
629,亦其宜地盡有,1
630,其宜地盡有何,1
631,宜地盡有何物,1
632,地盡有何物天,1
633,盡有何物天外,1
634,有何物天外複,1
635,何物天外複何,1
636,物天外複何之,1
637,天外複何之指,1
638,外複何之指何,1
639,複何之指何為,1
640,何之指何為而,1
641,之指何為而捉,1
642,指何為而捉足,1
643,何為而捉足何,1
644,為而捉足何為,1
645,而捉足何為而,1
646,捉足何為而馳,1
647,足何為而馳耳,1
648,何為而馳耳何,1
649,為而馳耳何為,1
650,而馳耳何為而,1
651,馳耳何為而聽,1
652,耳何為而聽目,1
653,何為而聽目何,1
654,為而聽目何為,1
655,而聽目何為而,1
656,聽目何為而窺,1
657,目何為而窺已,1
658,何為而窺已身,1
659,為而窺已身不,1
660,而窺已身不自,1
661,窺已身不自曉,1
662,已身不自曉此,1
663,身不自曉此外,1
664,不自曉此外何,1
665,自曉此外何思,1
666,曉此外何思惟,1
667,此外何思惟因,1
668,外何思惟因傾,1
669,何思惟因傾一,1
670,思惟因傾一樽,1
671,惟因傾一樽酒,1
672,因傾一樽酒題,1
673,傾一樽酒題作,1
674,一樽酒題作杜,1
675,樽酒題作杜秋,1
676,酒題作杜秋詩,1
677,題作杜秋詩愁,1
678,作杜秋詩愁來,1
679,杜秋詩愁來獨,1
680,秋詩愁來獨長,1
681,詩愁來獨長詠,1
682,愁來獨長詠聊,1
683,來獨長詠聊可,1
684,獨長詠聊可以,1
685,長詠聊可以自,1
686,詠聊可以自怡,1
687,聊可以自怡前,1
688,可以自怡前年,1
689,以自怡前年鬢,1
690,自怡前年鬢生,1
691,怡前年鬢生雪,1
692,前年鬢生雪今,1
693,年鬢生雪今年,1
694,鬢生雪今年須,1
695,生雪今年須帶,1
696,雪今年須帶霜,1
697,今年須帶霜時,1
698,年須帶霜時節,1
699,須帶霜時節序,1
700,帶霜時節序鱗,1
701,霜時節序鱗次,1
702,時節序鱗次古,1
703,節序鱗次古今,1
704,序鱗次古今同,1
705,鱗次古今同雁,1
706,次古今同雁行,1
707,古今同雁行甘,1
708,今同雁行甘英,1
709,同雁行甘英窮,1
710,雁行甘英窮西,1
711,行甘英窮西海,1
712,甘英窮西海四,1
713,英窮西海四萬,1
714,窮西海四萬到,1
715,西海四萬到洛,1
716,海四萬到洛陽,1
717,四萬到洛陽東,1
718,萬到洛陽東南,1
719,到洛陽東南我,1
720,洛陽東南我所,1
721,陽東南我所見,1
722,東南我所見北,1
723,南我所見北可,1
724,我所見北可計,1
725,所見北可計幽,1
726,見北可計幽荒,1
727,北可計幽荒中,1
728,可計幽荒中畫,1
729,計幽荒中畫一,1
730,幽荒中畫一萬,1
731,荒中畫一萬國,1
732,中畫一萬國角,1
733,畫一萬國角角,1
734,一萬國角角棋,1
735,萬國角角棋布,1
736,國角角棋布方,1
737,角角棋布方地,1
738,角棋布方地頑,1
739,棋布方地頑壓,1
740,布方地頑壓不,1
741,方地頑壓不穴,1
742,地頑壓不穴天,1
743,頑壓不穴天迥,1
744,壓不穴天迥老,1
745,不穴天迥老不,1
746,穴天迥老不僵,1
747,天迥老不僵屈,1
748,迥老不僵屈指,1
749,老不僵屈指百,1
750,不僵屈指百萬,1
751,僵屈指百萬世,1
752,屈指百萬世過,1
753,指百萬世過如,1
754,百萬世過如霹,1
755,萬世過如霹靂,1
756,世過如霹靂忙,1
757,過如霹靂忙人,1
758,如霹靂忙人生,1
759,霹靂忙人生落,1
760,靂忙人生落其,1
761,忙人生落其內,1
762,人生落其內何,1
763,生落其內何者,1
764,落其內何者為,1
765,其內何者為彭,1
766,內何者為彭殤,1
767,何者為彭殤促,1
768,者為彭殤促束,1
769,為彭殤促束自,1
770,彭殤促束自系,1
771,殤促束自系縛,1
772,促束自系縛儒,1
773,束自系縛儒衣,1
774,自系縛儒衣寬,1
775,系縛儒衣寬且,1
776,縛儒衣寬且長,1
777,儒衣寬且長旗,1
778,衣寬且長旗亭,1
779,寬且長旗亭雪,1
780,且長旗亭雪中,1
781,長旗亭雪中過,1
782,旗亭雪中過敢,1
783,亭雪中過敢問,1
784,雪中過敢問當,1
785,中過敢問當壚,1
786,過敢問當壚娘,1
787,敢問當壚娘我,1
788,問當壚娘我愛,1
789,當壚娘我愛李,1
790,壚娘我愛李侍,1
791,娘我愛李侍中,1
792,我愛李侍中標,1
793,愛李侍中標標,1
794,李侍中標標七,1
795,侍中標標七尺,1
796,中標標七尺強,1
797,標標七尺強白,1
798,標七尺強白羽,1
799,七尺強白羽八,1
800,尺強白羽八紮,1
801,強白羽八紮弓,1
802,白羽八紮弓髀,1
803,羽八紮弓髀壓,1
804,八紮弓髀壓綠,1
805,紮弓髀壓綠檀,1
806,弓髀壓綠檀槍,1
807,髀壓綠檀槍風,1
808,壓綠檀槍風前,1
809,綠檀槍風前略,1
810,檀槍風前略橫,1
811,槍風前略橫陣,1
812,風前略橫陣紫,1
813,前略橫陣紫髯,1
814,略橫陣紫髯分,1
815,橫陣紫髯分兩,1
816,陣紫髯分兩傍,1
817,紫髯分兩傍淮,1
818,髯分兩傍淮西,1
819,分兩傍淮西萬,1
820,兩傍淮西萬虎,1
821,傍淮西萬虎士,1
822,淮西萬虎士怒,1
823,西萬虎士怒目,1
824,萬虎士怒目不,1
825,虎士怒目不敢,1
826,士怒目不敢當,1
827,怒目不敢當功,1
828,目不敢當功成,1
829,不敢當功成賜,1
830,敢當功成賜宴,1
831,當功成賜宴麟,1
832,功成賜宴麟德,1
833,成賜宴麟德殿,1
834,賜宴麟德殿猿,1
835,宴麟德殿猿超,1
836,麟德殿猿超鶻,1
837,德殿猿超鶻掠,1
838,殿猿超鶻掠廣,1
839,猿超鶻掠廣球,1
840,超鶻掠廣球場,1
841,鶻掠廣球場三,1
842,掠廣球場三千,1
843,廣球場三千宮,1
844,球場三千宮女,1
845,場三千宮女側,1
846,三千宮女側頭,1
847,千宮女側頭看,1
848,宮女側頭看相,1
849,女側頭看相排,1
850,側頭看相排踏,1
851,頭看相排踏碎,1
852,看相排踏碎雙,1
853,相排踏碎雙明,1
854,排踏碎雙明璫,1
855,踏碎雙明璫旌,1
856,碎雙明璫旌竿,1
857,雙明璫旌竿幖,1
858,明璫旌竿幖幖,1
859,璫旌竿幖幖旗,1
860,旌竿幖幖旗意,1
861,竿幖幖旗意氣,1
862,幖幖旗意氣橫,1
863,幖旗意氣橫鞭,1
864,旗意氣橫鞭歸,1
865,意氣橫鞭歸故,1
866,氣橫鞭歸故鄉,1
867,橫鞭歸故鄉我,1
868,鞭歸故鄉我愛,1
869,歸故鄉我愛朱,1
870,故鄉我愛朱處,1
871,鄉我愛朱處士,1
872,我愛朱處士三,1
873,愛朱處士三吳,1
874,朱處士三吳當,1
875,處士三吳當中,1
876,士三吳當中央,1
877,三吳當中央罷,1
878,吳當中央罷亞,1
879,當中央罷亞百,1
880,中央罷亞百頃,1
881,央罷亞百頃稻,1
882,罷亞百頃稻西,1
883,亞百頃稻西風,1
884,百頃稻西風吹,1
885,頃稻西風吹半,1
886,稻西風吹半黃,1
887,西風吹半黃尚,1
888,風吹半黃尚可,1
889,吹半黃尚可活,1
890,半黃尚可活鄉,1
891,黃尚可活鄉里,1
892,尚可活鄉里豈,1
893,可活鄉里豈唯,1
894,活鄉里豈唯滿,1
895,鄉里豈唯滿囷,1
896,里豈唯滿囷倉,1
897,豈唯滿囷倉後,1
898,唯滿囷倉後嶺,1
899,滿囷倉後嶺翠,1
900,囷倉後嶺翠撲,1
901,倉後嶺翠撲撲,1
902,後嶺翠撲撲前,1
903,嶺翠撲撲前溪,1
904,翠撲撲前溪碧,1
905,撲撲前溪碧泱,1
906,撲前溪碧泱泱,1
907,前溪碧泱泱霧,1
908,溪碧泱泱霧曉,1
909,碧泱泱霧曉起,1
910,泱泱霧曉起鳧,1
911,泱霧曉起鳧雁,1
912,霧曉起鳧雁日,1
913,曉起鳧雁日晚,1
914,起鳧雁日晚下,1
915,鳧雁日晚下牛,1
916,雁日晚下牛羊,1
917,日晚下牛羊叔,1
918,晚下牛羊叔舅,1
919,下牛羊叔舅欲,1
920,牛羊叔舅欲飲,1
921,羊叔舅欲飲我,1
922,叔舅欲飲我社,1
923,舅欲飲我社甕,1
924,欲飲我社甕爾,1
925,飲我社甕爾來,1
926,我社甕爾來嘗,1
927,社甕爾來嘗伯,1
928,甕爾來嘗伯姊,1
929,爾來嘗伯姊子,1
930,來嘗伯姊子欲,1
931,嘗伯姊子欲歸,1
932,伯姊子欲歸彼,1
933,姊子欲歸彼亦,1
934,子欲歸彼亦有,1
935,欲歸彼亦有壺,1
936,歸彼亦有壺漿,1
937,彼亦有壺漿西,1
938,亦有壺漿西阡,1
939,有壺漿西阡下,1
940,壺漿西阡下柳,1
941,漿西阡下柳塢,1
942,西阡下柳塢東,1
943,阡下柳塢東陌,1
944,下柳塢東陌繞,1
945,柳塢東陌繞荷,1
946,塢東陌繞荷塘,1
947,東陌繞荷塘姻,1
948,陌繞荷塘姻親,1
949,繞荷塘姻親骨,1
950,荷塘姻親骨肉,1
951,塘姻親骨肉舍,1
952,姻親骨肉舍煙,1
953,親骨肉舍煙火,1
954,骨肉舍煙火遙,1
955,肉舍煙火遙相,1
956,舍煙火遙相望,1
957,煙火遙相望太,1
958,火遙相望太守,1
959,遙相望太守政,1
960,相望太守政如,1
961,望太守政如水,1
962,太守政如水長,1
963,守政如水長官,1
964,政如水長官貪,1
965,如水長官貪似,1
966,水長官貪似狼,1
967,長官貪似狼征,1
968,官貪似狼征輸,1
969,貪似狼征輸一,1
970,似狼征輸一雲,1
971,狼征輸一雲畢,1
972,征輸一雲畢任,1
973,輸一雲畢任爾,1
974,一雲畢任爾自,1
975,雲畢任爾自存,1
976,畢任爾自存亡,1
977,任爾自存亡我,1
978,爾自存亡我昔,1
979,自存亡我昔造,1
980,存亡我昔造其,1
981,亡我昔造其室,1
982,我昔造其室羽,1
983,昔造其室羽儀,1
984,造其室羽儀鸞,1
985,其室羽儀鸞鶴,1
986,室羽儀鸞鶴翔,1
987,羽儀鸞鶴翔交,1
988,儀鸞鶴翔交橫,1
989,鸞鶴翔交橫碧,1
990,鶴翔交橫碧流,1
991,翔交橫碧流上,1
992,交橫碧流上竹,1
993,橫碧流上竹映,1
994,碧流上竹映琴,1
995,流上竹映琴書,1
996,上竹映琴書床,1
997,竹映琴書床出,1
998,映琴書床出語,1
999,琴書床出語無,1
1000,書床出語無近,1
1001,床出語無近俗,1
1002,出語無近俗堯,1
1003,語無近俗堯舜,1
1004,無近俗堯舜禹,1
1005,近俗堯舜禹武,1
1006,俗堯舜禹武湯,1
1007,堯舜禹武湯問,1
1008,舜禹武湯問今,1
1009,禹武湯問今天,1
1010,武湯問今天子,1
1011,湯問今天子少,1
1012,問今天子少誰,1
1013,今天子少誰人,1
1014,天子少誰人為,1
1015,子少誰人為棟,1
1016,少誰人為棟樑,1
1017,誰人為棟樑我,1
1018,人為棟樑我曰,1
1019,為棟樑我曰天,1
1020,棟樑我曰天子,1
1021,樑我曰天子聖,1
1022,我曰天子聖晉,1
1023,曰天子聖晉公,1
1024,天子聖晉公提,1
1025,子聖晉公提紀,1
1026,聖晉公提紀綱,1
1027,晉公提紀綱聯,1
1028,公提紀綱聯兵,1
1029,提紀綱聯兵數,1
1030,紀綱聯兵數十,1
1031,綱聯兵數十萬,1
1032,聯兵數十萬附,1
1033,兵數十萬附海,1
1034,數十萬附海正,1
1035,十萬附海正誅,1
1036,萬附海正誅滄,1
1037,附海正誅滄謂,1
1038,海正誅滄謂言,1
1039,正誅滄謂言大,1
1040,誅滄謂言大義,1
1041,滄謂言大義小,1
1042,謂言大義小不,1
1043,言大義小不義,1
1044,大義小不義取,1
1045,義小不義取易,1
1046,小不義取易卷,1
1047,不義取易卷席,1
1048,義取易卷席如,1
1049,取易卷席如探,1
1050,易卷席如探囊,1
1051,卷席如探囊犀,1
1052,席如探囊犀甲,1
1053,如探囊犀甲吳,1
1054,探囊犀甲吳兵,1
1055,囊犀甲吳兵鬥,1
1056,犀甲吳兵鬥弓,1
1057,甲吳兵鬥弓弩,1
1058,吳兵鬥弓弩蛇,1
1059,兵鬥弓弩蛇矛,1
1060,鬥弓弩蛇矛燕,1
1061,弓弩蛇矛燕戟,1
1062,弩蛇矛燕戟馳,1
1063,蛇矛燕戟馳鋒,1
1064,矛燕戟馳鋒鋩,1
1065,燕戟馳鋒鋩豈,1
1066,戟馳鋒鋩豈知,1
1067,馳鋒鋩豈知三,1
1068,鋒鋩豈知三載,1
1069,鋩豈知三載幾,1
1070,豈知三載幾百,1
1071,知三載幾百戰,1
1072,三載幾百戰鉤,1
1073,載幾百戰鉤車,1
1074,幾百戰鉤車不,1
1075,百戰鉤車不得,1
1076,戰鉤車不得望,1
1077,鉤車不得望其,1
1078,車不得望其牆,1
1079,不得望其牆答,1
1080,得望其牆答雲,1
1081,望其牆答雲此,1
1082,其牆答雲此山,1
1083,牆答雲此山外,1
1084,答雲此山外有,1
1085,雲此山外有事,1
1086,此山外有事同,1
1087,山外有事同胡,1
1088,外有事同胡羌,1
1089,有事同胡羌誰,1
1090,事同胡羌誰將,1
1091,同胡羌誰將國,1
1092,胡羌誰將國伐,1
1093,羌誰將國伐叛,1
1094,誰將國伐叛話,1
1095,將國伐叛話與,1
1096,國伐叛話與釣,1
1097,伐叛話與釣魚,1
1098,叛話與釣魚郎,1
1099,話與釣魚郎溪,1
1100,與釣魚郎溪南,1
1101,釣魚郎溪南重,1
1102,魚郎溪南重回,1
1103,郎溪南重回首,1
1104,溪南重回首一,1
1105,南重回首一徑,1
1106,重回首一徑出,1
1107,回首一徑出修,1
1108,首一徑出修篁,1
1109,一徑出修篁爾,1
1110,徑出修篁爾來,1
1111,出修篁爾來十,1
1112,修篁爾來十三,1
1113,篁爾來十三歲,1
1114,爾來十三歲斯,1
1115,來十三歲斯人,1
1116,十三歲斯人未,1
1117,三歲斯人未曾,1
1118,歲斯人未曾忘,1
1119,斯人未曾忘往,1
1120,人未曾忘往往,1
1121,未曾忘往往自,1
1122,曾忘往往自撫,1
1123,忘往往自撫己,1
1124,往往自撫己淚,1
1125,往自撫己淚下,1
1126,自撫己淚下神,1
1127,撫己淚下神蒼,1
1128,己淚下神蒼茫,1
1129,淚下神蒼茫禦,1
1130,下神蒼茫禦史,1
1131,神蒼茫禦史詔,1
1132,蒼茫禦史詔分,1
1133,茫禦史詔分洛,1
1134,禦史詔分洛舉,1
1135,史詔分洛舉趾,1
1136,詔分洛舉趾何,1
1137,分洛舉趾何倡,1
1138,洛舉趾何倡狂,1
1139,舉趾何倡狂闕,1
1140,趾何倡狂闕下,1
1141,何倡狂闕下諫,1
1142,倡狂闕下諫官,1
1143,狂闕下諫官業,1
1144,闕下諫官業拜,1
1145,下諫官業拜疏,1
1146,諫官業拜疏無,1
1147,官業拜疏無文,1
1148,業拜疏無文章,1
1149,拜疏無文章尋,1
1150,疏無文章尋僧,1
1151,無文章尋僧解,1
1152,文章尋僧解憂,1
1153,章尋僧解憂夢,1
1154,尋僧解憂夢乞,1
1155,僧解憂夢乞酒,1
1156,解憂夢乞酒緩,1
1157,憂夢乞酒緩愁,1
1158,夢乞酒緩愁腸,1
1159,乞酒緩愁腸豈,1
1160,酒緩愁腸豈為,1
1161,緩愁腸豈為妻,1
1162,愁腸豈為妻子,1
1163,腸豈為妻子計,1
1164,豈為妻子計未,1
1165,為妻子計未去,1
1166,妻子計未去山,1
1167,子計未去山林,1
1168,計未去山林藏,1
1169,未去山林藏平,1
1170,去山林藏平生,1
1171,山林藏平生五,1
1172,林藏平生五色,1
1173,藏平生五色線,1
1174,平生五色線願,1
1175,生五色線願補,1
1176,五色線願補舜,1
1177,色線願補舜衣,1
1178,線願補舜衣裳,1
1179,願補舜衣裳弦,1
1180,補舜衣裳弦歌,1
1181,舜衣裳弦歌教,1
1182,衣裳弦歌教燕,1
1183,裳弦歌教燕趙,1
1184,弦歌教燕趙蘭,1
1185,歌教燕趙蘭芷,1
1186,教燕趙蘭芷浴,1
1187,燕趙蘭芷浴河,1
1188,趙蘭芷浴河湟,1
1189,蘭芷浴河湟腥,1
1190,芷浴河湟腥膻,1
1191,浴河湟腥膻一,1
1192,河湟腥膻一掃,1
1193,湟腥膻一掃灑,1
1194,腥膻一掃灑兇,1
1195,膻一掃灑兇狠,1
1196,一掃灑兇狠皆,1
1197,掃灑兇狠皆披,1
1198,灑兇狠皆披攘,1
1199,兇狠皆披攘生,1
1200,狠皆披攘生人,1
1201,皆披攘生人但,1
1202,披攘生人但眠,1
1203,攘生人但眠食,1
1204,生人但眠食壽,1
1205,人但眠食壽域,1
1206,但眠食壽域富,1
1207,眠食壽域富農,1
1208,食壽域富農桑,1
1209,壽域富農桑孤,1
1210,域富農桑孤吟,1
1211,富農桑孤吟志,1
1212,農桑孤吟志在,1
1213,桑孤吟志在此,1
1214,孤吟志在此自,1
1215,吟志在此自亦,1
1216,志在此自亦笑,1
1217,在此自亦笑荒,1
1218,此自亦笑荒唐,1
1219,自亦笑荒唐江,1
1220,亦笑荒唐江郡,1
1221,笑荒唐江郡雨,1
1222,荒唐江郡雨初,1
1223,唐江郡雨初霽,1
1224,江郡雨初霽刀,1
1225,郡雨初霽刀好,1
1226,雨初霽刀好截,1
1227,初霽刀好截秋,1
1228,霽刀好截秋光,1
1229,刀好截秋光池,1
1230,好截秋光池邊,1
1231,截秋光池邊成,1
1232,秋光池邊成獨,1
1233,光池邊成獨酌,1
1234,池邊成獨酌擁,1
1235,邊成獨酌擁鼻,1
1236,成獨酌擁鼻菊,1
1237,獨酌擁鼻菊枝,1
1238,酌擁鼻菊枝香,1
1239,擁鼻菊枝香醺,1
1240,鼻菊枝香醺酣,1
1241,菊枝香醺酣更,1
1242,枝香醺酣更唱,1
1243,香醺酣更唱太,1
1244,醺酣更唱太平,1
1245,酣更唱太平曲,1
1246,更唱太平曲仁,1
1247,唱太平曲仁聖,1
1248,太平曲仁聖天,1
1249,平曲仁聖天子,1
1250,曲仁聖天子壽,1
1251,仁聖天子壽無,1
1252,聖天子壽無疆,1
1253,天子壽無疆君,1
1254,子壽無疆君為,1
1255,壽無疆君為豫,1
1256,無疆君為豫章,1
1257,疆君為豫章姝,1
1258,君為豫章姝十,1
1259,為豫章姝十三,1
1260,豫章姝十三才,1
1261,章姝十三才有,1
1262,姝十三才有餘,1
1263,十三才有餘翠,1
1264,三才有餘翠茁,1
1265,才有餘翠茁鳳,1
1266,有餘翠茁鳳生,1
1267,餘翠茁鳳生尾,1
1268,翠茁鳳生尾丹,1
1269,茁鳳生尾丹葉,1
1270,鳳生尾丹葉蓮,1
1271,生尾丹葉蓮含,1
1272,尾丹葉蓮含跗,1
1273,丹葉蓮含跗高,1
1274,葉蓮含跗高閣,1
1275,蓮含跗高閣倚,1
1276,含跗高閣倚天,1
1277,跗高閣倚天半,1
1278,高閣倚天半章,1
1279,閣倚天半章江,1
1280,倚天半章江聯,1
1281,天半章江聯碧,1
1282,半章江聯碧虛,1
1283,章江聯碧虛此,1
1284,江聯碧虛此地,1
1285,聯碧虛此地試,1
1286,碧虛此地試君,1
1287,虛此地試君唱,1
1288,此地試君唱特,1
1289,地試君唱特使,1
1290,試君唱特使華,1
1291,君唱特使華筵,1
1292,唱特使華筵鋪,1
1293,特使華筵鋪主,1
1294,使華筵鋪主人,1
1295,華筵鋪主人顧,1
1296,筵鋪主人顧四,1
1297,鋪主人顧四座,1
1298,主人顧四座始,1
1299,人顧四座始訝,1
1300,顧四座始訝來,1
1301,四座始訝來踟,1
1302,座始訝來踟躕,1
1303,始訝來踟躕吳,1
1304,訝來踟躕吳娃,1
1305,來踟躕吳娃起,1
1306,踟躕吳娃起引,1
1307,躕吳娃起引贊,1
1308,吳娃起引贊低,1
1309,娃起引贊低徊,1
1310,起引贊低徊映,1
1311,引贊低徊映長,1
1312,贊低徊映長裾,1
1313,低徊映長裾雙,1
1314,徊映長裾雙鬟,1
1315,映長裾雙鬟可,1
1316,長裾雙鬟可高,1
1317,裾雙鬟可高下,1
1318,雙鬟可高下才,1
1319,鬟可高下才過,1
1320,可高下才過青,1
1321,高下才過青羅,1
1322,下才過青羅襦,1
1323,才過青羅襦盼,1
1324,過青羅襦盼盼,1
1325,青羅襦盼盼乍,1
1326,羅襦盼盼乍垂,1
1327,襦盼盼乍垂袖,1
1328,盼盼乍垂袖一,1
1329,盼乍垂袖一聲,1
1330,乍垂袖一聲雛,1
1331,垂袖一聲雛鳳,1
1332,袖一聲雛鳳呼,1
1333,一聲雛鳳呼繁,1
1334,聲雛鳳呼繁弦,1
1335,雛鳳呼繁弦迸,1
1336,鳳呼繁弦迸關,1
1337,呼繁弦迸關紐,1
1338,繁弦迸關紐塞,1
1339,弦迸關紐塞管,1
1340,迸關紐塞管裂,1
1341,關紐塞管裂圓,1
1342,紐塞管裂圓蘆,1
1343,塞管裂圓蘆眾,1
1344,管裂圓蘆眾音,1
1345,裂圓蘆眾音不,1
1346,圓蘆眾音不能,1
1347,蘆眾音不能逐,1
1348,眾音不能逐嫋,1
1349,音不能逐嫋嫋,1
1350,不能逐嫋嫋穿,1
1351,能逐嫋嫋穿雲,1
1352,逐嫋嫋穿雲衢,1
1353,嫋嫋穿雲衢主,1
1354,嫋穿雲衢主人,1
1355,穿雲衢主人再,1
1356,雲衢主人再三,1
1357,衢主人再三歎,1
1358,主人再三歎謂,1
1359,人再三歎謂言,1
1360,再三歎謂言天,1
1361,三歎謂言天下,1
1362,歎謂言天下殊,1
1363,謂言天下殊贈,1
1364,言天下殊贈之,1
1365,天下殊贈之天,1
1366,下殊贈之天馬,1
1367,殊贈之天馬錦,1
1368,贈之天馬錦副,1
1369,之天馬錦副以,1
1370,天馬錦副以水,1
1371,馬錦副以水犀,1
1372,錦副以水犀梳,1
1373,副以水犀梳龍,1
1374,以水犀梳龍沙,1
1375,水犀梳龍沙看,1
1376,犀梳龍沙看秋,1
1377,梳龍沙看秋浪,1
1378,龍沙看秋浪明,1
1379,沙看秋浪明月,1
1380,看秋浪明月游,1
1381,秋浪明月游朱,1
1382,浪明月游朱湖,1
1383,明月游朱湖自,1
1384,月游朱湖自此,1
1385,游朱湖自此每,1
1386,朱湖自此每相,1
1387,湖自此每相見,1
1388,自此每相見三,1
1389,此每相見三日,1
1390,每相見三日已,1
1391,相見三日已為,1
1392,見三日已為疏,1
1393,三日已為疏玉,1
1394,日已為疏玉質,1
1395,已為疏玉質隨,1
1396,為疏玉質隨月,1
1397,疏玉質隨月滿,1
1398,玉質隨月滿豔,1
1399,質隨月滿豔態,1
1400,隨月滿豔態逐,1
1401,月滿豔態逐春,1
1402,滿豔態逐春舒,1
1403,豔態逐春舒絳,1
1404,態逐春舒絳唇,1
1405,逐春舒絳唇漸,1
1406,春舒絳唇漸輕,1
1407,舒絳唇漸輕巧,1
1408,絳唇漸輕巧雲,1
1409,唇漸輕巧雲步,1
1410,漸輕巧雲步轉,1
1411,輕巧雲步轉虛,1
1412,巧雲步轉虛徐,1
1413,雲步轉虛徐旌,1
1414,步轉虛徐旌旆,1
1415,轉虛徐旌旆忽,1
1416,虛徐旌旆忽東,1
1417,徐旌旆忽東下,1
1418,旌旆忽東下笙,1
1419,旆忽東下笙歌,1
1420,忽東下笙歌隨,1
1421,東下笙歌隨舳,1
1422,下笙歌隨舳艫,1
1423,笙歌隨舳艫霜,1
1424,歌隨舳艫霜凋,1
1425,隨舳艫霜凋謝,1
1426,舳艫霜凋謝樓,1
1427,艫霜凋謝樓樹,1
1428,霜凋謝樓樹沙,1
1429,凋謝樓樹沙暖,1
1430,謝樓樹沙暖句,1
1431,樓樹沙暖句溪,1
1432,樹沙暖句溪蒲,1
1433,沙暖句溪蒲身,1
1434,暖句溪蒲身外,1
1435,句溪蒲身外任,1
1436,溪蒲身外任塵,1
1437,蒲身外任塵土,1
1438,身外任塵土樽,1
1439,外任塵土樽前,1
1440,任塵土樽前極,1
1441,塵土樽前極歡,1
1442,土樽前極歡娛,1
1443,樽前極歡娛飄,1
1444,前極歡娛飄然,1
1445,極歡娛飄然集,1
1446,歡娛飄然集仙,1
1447,娛飄然集仙客,1
1448,飄然集仙客諷,1
1449,然集仙客諷賦,1
1450,集仙客諷賦欺,1
1451,仙客諷賦欺相,1
1452,客諷賦欺相如,1
1453,諷賦欺相如聘,1
1454,賦欺相如聘之,1
1455,欺相如聘之碧,1
1456,相如聘之碧瑤,1
1457,如聘之碧瑤佩,1
1458,聘之碧瑤佩載,1
1459,之碧瑤佩載以,1
1460,碧瑤佩載以紫,1
1461,瑤佩載以紫雲,1
1462,佩載以紫雲車,1
1463,載以紫雲車洞,1
1464,以紫雲車洞閉,1
1465,紫雲車洞閉水,1
1466,雲車洞閉水聲,1
1467,車洞閉水聲遠,1
1468,洞閉水聲遠月,1
1469,閉水聲遠月高,1
1470,水聲遠月高蟾,1
1471,聲遠月高蟾影,1
1472,遠月高蟾影孤,1
1473,月高蟾影孤爾,1
1474,高蟾影孤爾來,1
1475,蟾影孤爾來未,1
1476,影孤爾來未幾,1
1477,孤爾來未幾歲,1
1478,爾來未幾歲散,1
1479,來未幾歲散盡,1
1480,未幾歲散盡高,1
1481,幾歲散盡高陽,1
1482,歲散盡高陽徒,1
1483,散盡高陽徒洛,1
1484,盡高陽徒洛城,1
1485,高陽徒洛城重,1
1486,陽徒洛城重相,1
1487,徒洛城重相見,1
1488,洛城重相見婥,1
1489,城重相見婥婥,1
1490,重相見婥婥為,1
1491,相見婥婥為當,1
1492,見婥婥為當壚,1
1493,婥婥為當壚怪,1
1494,婥為當壚怪我,1
1495,為當壚怪我苦,1
1496,當壚怪我苦何,1
1497,壚怪我苦何事,1
1498,怪我苦何事少,1
1499,我苦何事少年,1
1500,苦何事少年垂,1
1501,何事少年垂白,1
1502,事少年垂白須,1
1503,少年垂白須朋,1
1504,年垂白須朋遊,1
1505,垂白須朋遊今,1
1506,白須朋遊今在,1
1507,須朋遊今在否,1
1508,朋遊今在否落,1
1509,遊今在否落拓,1
1510,今在否落拓更,1
1511,在否落拓更能,1
1512,否落拓更能無,1
1513,落拓更能無門,1
1514,拓更能無門館,1
1515,更能無門館慟,1
1516,能無門館慟哭,1
1517,無門館慟哭後,1
1518,門館慟哭後水,1
1519,館慟哭後水雲,1
1520,慟哭後水雲秋,1
1521,哭後水雲秋景,1
1522,後水雲秋景初,1
1523,水雲秋景初斜,1
1524,雲秋景初斜日,1
1525,秋景初斜日掛,1
1526,景初斜日掛衰,1
1527,初斜日掛衰柳,1
1528,斜日掛衰柳涼,1
1529,日掛衰柳涼風,1
1530,掛衰柳涼風生,1
1531,衰柳涼風生座,1
1532,柳涼風生座隅,1
1533,涼風生座隅灑,1
1534,風生座隅灑盡,1
1535,生座隅灑盡滿,1
1536,座隅灑盡滿襟,1
1537,隅灑盡滿襟淚,1
1538,灑盡滿襟淚短,1
1539,盡滿襟淚短歌,1
1540,滿襟淚短歌聊,1
1541,襟淚短歌聊一,1
1542,淚短歌聊一書,1
1543,短歌聊一書小,1
1544,歌聊一書小侄,1
1545,聊一書小侄名,1
1546,一書小侄名阿,1
1547,書小侄名阿宜,1
1548,小侄名阿宜未,1
1549,侄名阿宜未得,1
1550,名阿宜未得三,1
1551,阿宜未得三尺,1
1552,宜未得三尺長,1
1553,未得三尺長頭,1
1554,得三尺長頭圓,1
1555,三尺長頭圓筋,1
1556,尺長頭圓筋骨,1
1557,長頭圓筋骨緊,1
1558,頭圓筋骨緊兩,1
1559,圓筋骨緊兩眼,1
1560,筋骨緊兩眼明,1
1561,骨緊兩眼明且,1
1562,緊兩眼明且光,1
1563,兩眼明且光去,1
1564,眼明且光去年,1
1565,明且光去年學,1
1566,且光去年學官,1
1567,光去年學官人,1
1568,去年學官人竹,1
1569,年學官人竹馬,1
1570,學官人竹馬繞,1
1571,官人竹馬繞四,1
1572,人竹馬繞四廊,1
1573,竹馬繞四廊指,1
1574,馬繞四廊指揮,1
1575,繞四廊指揮群,1
1576,四廊指揮群兒,1
1577,廊指揮群兒輩,1
1578,指揮群兒輩意,1
1579,揮群兒輩意氣,1
1580,群兒輩意氣何,1
1581,兒輩意氣何堅,1
1582,輩意氣何堅剛,1
1583,意氣何堅剛今,1
1584,氣何堅剛今年,1
1585,何堅剛今年始,1
1586,堅剛今年始讀,1
1587,剛今年始讀書,1
1588,今年始讀書下,1
1589,年始讀書下口,1
1590,始讀書下口三,1
1591,讀書下口三五,1
1592,書下口三五行,1
1593,下口三五行隨,1
1594,口三五行隨兄,1
1595,三五行隨兄旦,1
1596,五行隨兄旦夕,1
1597,行隨兄旦夕去,1
1598,隨兄旦夕去斂,1
1599,兄旦夕去斂手,1
1600,旦夕去斂手整,1
1601,夕去斂手整衣,1
1602,去斂手整衣裳,1
1603,斂手整衣裳去,1
1604,手整衣裳去歲,1
1605,整衣裳去歲冬,1
1606,衣裳去歲冬至,1
1607,裳去歲冬至日,1
1608,去歲冬至日拜,1
1609,歲冬至日拜我,1
1610,冬至日拜我立,1
1611,至日拜我立我,1
1612,日拜我立我旁,1
1613,拜我立我旁祝,1
1614,我立我旁祝爾,1
1615,立我旁祝爾願,1
1616,我旁祝爾願爾,1
1617,旁祝爾願爾貴,1
1618,祝爾願爾貴仍,1
1619,爾願爾貴仍且,1
1620,願爾貴仍且壽,1
1621,爾貴仍且壽命,1
1622,貴仍且壽命長,1
1623,仍且壽命長今,1
1624,且壽命長今年,1
1625,壽命長今年我,1
1626,命長今年我江,1
1627,長今年我江外,1
1628,今年我江外今,1
1629,年我江外今日,1
1630,我江外今日生,1
1631,江外今日生一,1
1632,外今日生一陽,1
1633,今日生一陽憶,1
1634,日生一陽憶爾,1
1635,生一陽憶爾不,1
1636,一陽憶爾不可,1
1637,陽憶爾不可見,1
1638,憶爾不可見祝,1
1639,爾不可見祝爾,1
1640,不可見祝爾傾,1
1641,可見祝爾傾一,1
1642,見祝爾傾一觴,1
1643,祝爾傾一觴陽,1
1644,爾傾一觴陽德,1
1645,傾一觴陽德比,1
1646,一觴陽德比君,1
1647,觴陽德比君子,1
1648,陽德比君子初,1
1649,德比君子初生,1
1650,比君子初生甚,1
1651,君子初生甚微,1
1652,子初生甚微茫,1
1653,初生甚微茫排,1
1654,生甚微茫排陰,1
1655,甚微茫排陰出,1
1656,微茫排陰出九,1
1657,茫排陰出九地,1
1658,排陰出九地萬,1
1659,陰出九地萬物,1
1660,出九地萬物隨,1
1661,九地萬物隨開,1
1662,地萬物隨開張,1
1663,萬物隨開張一,1
1664,物隨開張一似,1
1665,隨開張一似小,1
1666,開張一似小兒,1
1667,張一似小兒學,1
1668,一似小兒學日,1
1669,似小兒學日就,1
1670,小兒學日就複,1
1671,兒學日就複月,1
1672,學日就複月將,1
1673,日就複月將勤,1
1674,就複月將勤勤,1
1675,複月將勤勤不,1
1676,月將勤勤不自,1
1677,將勤勤不自已,1
1678,勤勤不自已二,1
1679,勤不自已二十,1
1680,不自已二十能,1
1681,自已二十能文,1
1682,已二十能文章,1
1683,二十能文章仕,1
1684,十能文章仕宦,1
1685,能文章仕宦至,1
1686,文章仕宦至公,1
1687,章仕宦至公相,1
1688,仕宦至公相致,1
1689,宦至公相致君,1
1690,至公相致君作,1
1691,公相致君作堯,1
1692,相致君作堯湯,1
1693,致君作堯湯我,1
1694,君作堯湯我家,1
1695,作堯湯我家公,1
1696,堯湯我家公相,1
1697,湯我家公相家,1
1698,我家公相家劍,1
1699,家公相家劍佩,1
1700,公相家劍佩嘗,1
1701,相家劍佩嘗丁,1
1702,家劍佩嘗丁當,1
1703,劍佩嘗丁當舊,1
1704,佩嘗丁當舊第,1
1705,嘗丁當舊第開,1
1706,丁當舊第開朱,1
1707,當舊第開朱門,1
1708,舊第開朱門長,1
1709,第開朱門長安,1
1710,開朱門長安城,1
1711,朱門長安城中,1
1712,門長安城中央,1
1713,長安城中央第,1
1714,安城中央第中,1
1715,城中央第中無,1
1716,中央第中無一,1
1717,央第中無一物,1
1718,第中無一物萬,1
1719,中無一物萬卷,1
1720,無一物萬卷書,1
1721,一物萬卷書滿,1
1722,物萬卷書滿堂,1
1723,萬卷書滿堂家,1
1724,卷書滿堂家集,1
1725,書滿堂家集二,1
1726,滿堂家集二百,1
1727,堂家集二百編,1
1728,家集二百編上,1
1729,集二百編上下,1
1730,二百編上下馳,1
1731,百編上下馳皇,1
1732,編上下馳皇王,1
1733,上下馳皇王多,1
1734,下馳皇王多是,1
1735,馳皇王多是撫,1
1736,皇王多是撫州,1
1737,王多是撫州寫,1
1738,多是撫州寫今,1
1739,是撫州寫今來,1
1740,撫州寫今來五,1
1741,州寫今來五紀,1
1742,寫今來五紀強,1
1743,今來五紀強尚,1
1744,來五紀強尚可,1
1745,五紀強尚可與,1
1746,紀強尚可與爾,1
1747,強尚可與爾讀,1
1748,尚可與爾讀助,1
1749,可與爾讀助爾,1
1750,與爾讀助爾為,1
1751,爾讀助爾為賢,1
1752,讀助爾為賢良,1
1753,助爾為賢良經,1
1754,爾為賢良經書,1
1755,為賢良經書括,1
1756,賢良經書括根,1
1757,良經書括根本,1
1758,經書括根本史,1
1759,書括根本史書,1
1760,括根本史書閱,1
1761,根本史書閱興,1
1762,本史書閱興亡,1
1763,史書閱興亡高,1
1764,書閱興亡高摘,1
1765,閱興亡高摘屈,1
1766,興亡高摘屈宋,1
1767,亡高摘屈宋豔,1
1768,高摘屈宋豔濃,1
1769,摘屈宋豔濃熏,1
1770,屈宋豔濃熏班,1
1771,宋豔濃熏班馬,1
1772,豔濃熏班馬香,1
1773,濃熏班馬香李,1
1774,熏班馬香李杜,1
1775,班馬香李杜泛,1
1776,馬香李杜泛浩,1
1777,香李杜泛浩浩,1
1778,李杜泛浩浩韓,1
1779,杜泛浩浩韓柳,1
1780,泛浩浩韓柳摩,1
1781,浩浩韓柳摩蒼,1
1782,浩韓柳摩蒼蒼,1
1783,韓柳摩蒼蒼近,1
1784,柳摩蒼蒼近者,1
1785,摩蒼蒼近者四,1
1786,蒼蒼近者四君,1
1787,蒼近者四君子,1
1788,近者四君子與,1
1789,者四君子與古,1
1790,四君子與古爭,1
1791,君子與古爭強,1
1792,子與古爭強梁,1
1793,與古爭強梁願,1
1794,古爭強梁願爾,1
1795,爭強梁願爾一,1
1796,強梁願爾一祝,1
1797,梁願爾一祝後,1
1798,願爾一祝後讀,1
1799,爾一祝後讀書,1
1800,一祝後讀書日,1
1801,祝後讀書日日,1
1802,後讀書日日忙,1
1803,讀書日日忙一,1
1804,書日日忙一日,1
1805,日日忙一日讀,1
1806,日忙一日讀十,1
1807,忙一日讀十紙,1
1808,一日讀十紙一,1
1809,日讀十紙一月,1
1810,讀十紙一月讀,1
1811,十紙一月讀一,1
1812,紙一月讀一箱,1
1813,一月讀一箱朝,1
1814,月讀一箱朝廷,1
1815,讀一箱朝廷用,1
1816,一箱朝廷用文,1
1817,箱朝廷用文治,1
1818,朝廷用文治大,1
1819,廷用文治大開,1
1820,用文治大開官,1
1821,文治大開官職,1
1822,治大開官職場,1
1823,大開官職場願,1
1824,開官職場願爾,1
1825,官職場願爾出,1
1826,職場願爾出門,1
1827,場願爾出門去,1
1828,願爾出門去取,1
1829,爾出門去取官,1
1830,出門去取官如,1
1831,門去取官如驅,1
1832,去取官如驅羊,1
1833,取官如驅羊吾,1
1834,官如驅羊吾兄,1
1835,如驅羊吾兄苦,1
1836,驅羊吾兄苦好,1
1837,羊吾兄苦好古,1
1838,吾兄苦好古學,1
1839,兄苦好古學問,1
1840,苦好古學問不,1
1841,好古學問不可,1
1842,古學問不可量,1
1843,學問不可量晝,1
1844,問不可量晝居,1
1845,不可量晝居府,1
1846,可量晝居府中,1
1847,量晝居府中治,1
1848,晝居府中治夜,1
1849,居府中治夜歸,1
1850,府中治夜歸書,1
1851,中治夜歸書滿,1
1852,治夜歸書滿床,1
1853,夜歸書滿床後,1
1854,歸書滿床後貴,1
1855,書滿床後貴有,1
1856,滿床後貴有金,1
1857,床後貴有金玉,1
1858,後貴有金玉必,1
1859,貴有金玉必不,1
1860,有金玉必不為,1
1861,金玉必不為汝,1
1862,玉必不為汝藏,1
1863,必不為汝藏崔,1
1864,不為汝藏崔昭,1
1865,為汝藏崔昭生,1
1866,汝藏崔昭生崔,1
1867,藏崔昭生崔芸,1
1868,崔昭生崔芸李,1
1869,昭生崔芸李兼,1
1870,生崔芸李兼生,1
1871,崔芸李兼生窟,1
1872,芸李兼生窟郎,1
1873,李兼生窟郎堆,1
1874,兼生窟郎堆錢,1
1875,生窟郎堆錢一,1
1876,窟郎堆錢一百,1
1877,郎堆錢一百屋,1
1878,堆錢一百屋破,1
1879,錢一百屋破散,1
1880,一百屋破散何,1
1881,百屋破散何披,1
1882,屋破散何披猖,1
1883,破散何披猖今,1
1884,散何披猖今雖,1
1885,何披猖今雖未,1
1886,披猖今雖未即,1
1887,猖今雖未即死,1
1888,今雖未即死餓,1
1889,雖未即死餓凍,1
1890,未即死餓凍幾,1
1891,即死餓凍幾欲,1
1892,死餓凍幾欲僵,1
1893,餓凍幾欲僵參,1
1894,凍幾欲僵參軍,1
1895,幾欲僵參軍與,1
1896,欲僵參軍與縣,1
1897,僵參軍與縣尉,1
1898,參軍與縣尉塵,1
1899,軍與縣尉塵土,1
1900,與縣尉塵土驚,1
1901,縣尉塵土驚劻,1
1902,尉塵土驚劻勷,1
1903,塵土驚劻勷一,1
1904,土驚劻勷一語,1
1905,驚劻勷一語不,1
1906,劻勷一語不中,1
1907,勷一語不中治,1
1908,一語不中治笞,1
1909,語不中治笞棰,1
1910,不中治笞棰身,1
1911,中治笞棰身滿,1
1912,治笞棰身滿瘡,1
1913,笞棰身滿瘡官,1
1914,棰身滿瘡官罷,1
1915,身滿瘡官罷得,1
1916,滿瘡官罷得絲,1
1917,瘡官罷得絲發,1
1918,官罷得絲發好,1
1919,罷得絲發好買,1
1920,得絲發好買百,1
1921,絲發好買百樹,1
1922,發好買百樹桑,1
1923,好買百樹桑稅,1
1924,買百樹桑稅錢,1
1925,百樹桑稅錢未,1
1926,樹桑稅錢未輸,1
1927,桑稅錢未輸足,1
1928,稅錢未輸足得,1
1929,錢未輸足得米,1
1930,未輸足得米不,1
1931,輸足得米不敢,1
1932,足得米不敢嘗,1
1933,得米不敢嘗願,1
1934,米不敢嘗願爾,1
1935,不敢嘗願爾聞,1
1936,敢嘗願爾聞我,1
1937,嘗願爾聞我語,1
1938,願爾聞我語歡,1
1939,爾聞我語歡喜,1
1940,聞我語歡喜入,1
1941,我語歡喜入心,1
1942,語歡喜入心腸,1
1943,歡喜入心腸大,1
1944,喜入心腸大明,1
1945,入心腸大明帝,1
1946,心腸大明帝宮,1
1947,腸大明帝宮闕,1
1948,大明帝宮闕杜,1
1949,明帝宮闕杜曲,1
1950,帝宮闕杜曲我,1
1951,宮闕杜曲我池,1
1952,闕杜曲我池塘,1
1953,杜曲我池塘我,1
1954,曲我池塘我若,1
1955,我池塘我若自,1
1956,池塘我若自潦,1
1957,塘我若自潦倒,1
1958,我若自潦倒看,1
1959,若自潦倒看汝,1
1960,自潦倒看汝爭,1
1961,潦倒看汝爭翱,1
1962,倒看汝爭翱翔,1
1963,看汝爭翱翔總,1
1964,汝爭翱翔總語,1
1965,爭翱翔總語諸,1
1966,翱翔總語諸小,1
1967,翔總語諸小道,1
1968,總語諸小道此,1
1969,語諸小道此詩,1
1970,諸小道此詩不,1
1971,小道此詩不可,1
1972,道此詩不可忘,1
1973,此詩不可忘太,1
1974,詩不可忘太和,1
1975,不可忘太和八,1
1976,可忘太和八九,1
1977,忘太和八九年,1
1978,太和八九年訓,1
1979,和八九年訓注,1
1980,八九年訓注極,1
1981,九年訓注極虓,1
1982,年訓注極虓虎,1
1983,訓注極虓虎潛,1
1984,注極虓虎潛身,1
1985,極虓虎潛身九,1
1986,虓虎潛身九地,1
1987,虎潛身九地底,1
1988,潛身九地底轉,1
1989,身九地底轉上,1
1990,九地底轉上青,1
1991,地底轉上青天,1
1992,底轉上青天去,1
1993,轉上青天去四,1
1994,上青天去四海,1
1995,青天去四海鏡,1
1996,天去四海鏡清,1
1997,去四海鏡清澄,1
1998,四海鏡清澄千,1
1999,海鏡清澄千官,1
2000,鏡清澄千官雲,1
2001,清澄千官雲片,1
2002,澄千官雲片縷,1
2003,千官雲片縷公,1
2004,官雲片縷公私,1
2005,雲片縷公私各,1
2006,片縷公私各閒,1
2007,縷公私各閒暇,1
2008,公私各閒暇追,1
2009,私各閒暇追游,1
2010,各閒暇追游日,1
2011,閒暇追游日相,1
2012,暇追游日相伍,1
2013,追游日相伍豈,1
2014,游日相伍豈知,1
2015,日相伍豈知禍,1
2016,相伍豈知禍亂,1
2017,伍豈知禍亂根,1
2018,豈知禍亂根枝,1
2019,知禍亂根枝葉,1
2020,禍亂根枝葉潛,1
2021,亂根枝葉潛滋,1
2022,根枝葉潛滋莽,1
2023,枝葉潛滋莽九,1
2024,葉潛滋莽九年,1
2025,潛滋莽九年夏,1
2026,滋莽九年夏四,1
2027,莽九年夏四月,1
2028,九年夏四月天,1
2029,年夏四月天誡,1
2030,夏四月天誡若,1
2031,四月天誡若言,1
2032,月天誡若言語,1
2033,天誡若言語烈,1
2034,誡若言語烈風,1
2035,若言語烈風駕,1
2036,言語烈風駕地,1
2037,語烈風駕地震,1
2038,烈風駕地震獰,1
2039,風駕地震獰雷,1
2040,駕地震獰雷驅,1
2041,地震獰雷驅猛,1
2042,震獰雷驅猛雨,1
2043,獰雷驅猛雨夜,1
2044,雷驅猛雨夜於,1
2045,驅猛雨夜於正,1
2046,猛雨夜於正殿,1
2047,雨夜於正殿階,1
2048,夜於正殿階拔,1
2049,於正殿階拔去,1
2050,正殿階拔去千,1
2051,殿階拔去千年,1
2052,階拔去千年樹,1
2053,拔去千年樹吾,1
2054,去千年樹吾君,1
2055,千年樹吾君不,1
2056,年樹吾君不省,1
2057,樹吾君不省覺,1
2058,吾君不省覺二,1
2059,君不省覺二凶,1
2060,不省覺二凶日,1
2061,省覺二凶日威,1
2062,覺二凶日威武,1
2063,二凶日威武操,1
2064,凶日威武操持,1
2065,日威武操持北,1
2066,威武操持北斗,1
2067,武操持北斗柄,1
2068,操持北斗柄開,1
2069,持北斗柄開閉,1
2070,北斗柄開閉天,1
2071,斗柄開閉天門,1
2072,柄開閉天門路,1
2073,開閉天門路森,1
2074,閉天門路森森,1
2075,天門路森森明,1
2076,門路森森明庭,1
2077,路森森明庭士,1
2078,森森明庭士縮,1
2079,森明庭士縮縮,1
2080,明庭士縮縮循,1
2081,庭士縮縮循牆,1
2082,士縮縮循牆鼠,1
2083,縮縮循牆鼠平,1
2084,縮循牆鼠平生,1
2085,循牆鼠平生負,1
2086,牆鼠平生負奇,1
2087,鼠平生負奇節,1
2088,平生負奇節一,1
2089,生負奇節一旦,1
2090,負奇節一旦如,1
2091,奇節一旦如奴,1
2092,節一旦如奴虜,1
2093,一旦如奴虜指,1
2094,旦如奴虜指名,1
2095,如奴虜指名為,1
2096,奴虜指名為錮,1
2097,虜指名為錮黨,1
2098,指名為錮黨狀,1
2099,名為錮黨狀跡,1
2100,為錮黨狀跡誰,1
2101,錮黨狀跡誰告,1
2102,黨狀跡誰告訴,1
2103,狀跡誰告訴喜,1
2104,跡誰告訴喜無,1
2105,誰告訴喜無李,1
2106,告訴喜無李杜,1
2107,訴喜無李杜誅,1
2108,喜無李杜誅敢,1
2109,無李杜誅敢憚,1
2110,李杜誅敢憚髡,1
2111,杜誅敢憚髡鉗,1
2112,誅敢憚髡鉗苦,1
2113,敢憚髡鉗苦時,1
2114,憚髡鉗苦時當,1
2115,髡鉗苦時當秋,1
2116,鉗苦時當秋夜,1
2117,苦時當秋夜月,1
2118,時當秋夜月日,1
2119,當秋夜月日值,1
2120,秋夜月日值曰,1
2121,夜月日值曰庚,1
2122,月日值曰庚午,1
2123,日值曰庚午喧,1
2124,值曰庚午喧喧,1
2125,曰庚午喧喧皆,1
2126,庚午喧喧皆傳,1
2127,午喧喧皆傳言,1
2128,喧喧皆傳言明,1
2129,喧皆傳言明晨,1
2130,皆傳言明晨相,1
2131,傳言明晨相登,1
2132,言明晨相登注,1
2133,明晨相登注予,1
2134,晨相登注予時,1
2135,相登注予時與,1
2136,登注予時與和,1
2137,注予時與和鼎,1
2138,予時與和鼎官,1
2139,時與和鼎官班,1
2140,與和鼎官班各,1
2141,和鼎官班各持,1
2142,鼎官班各持斧,1
2143,官班各持斧和,1
2144,班各持斧和鼎,1
2145,各持斧和鼎顧,1
2146,持斧和鼎顧予,1
2147,斧和鼎顧予言,1
2148,和鼎顧予言我,1
2149,鼎顧予言我死,1
2150,顧予言我死知,1
2151,予言我死知處,1
2152,言我死知處所,1
2153,我死知處所當,1
2154,死知處所當庭,1
2155,知處所當庭裂,1
2156,處所當庭裂詔,1
2157,所當庭裂詔書,1
2158,當庭裂詔書退,1
2159,庭裂詔書退立,1
2160,裂詔書退立須,1
2161,詔書退立須鼎,1
2162,書退立須鼎俎,1
2163,退立須鼎俎君,1
2164,立須鼎俎君門,1
2165,須鼎俎君門曉,1
2166,鼎俎君門曉日,1
2167,俎君門曉日開,1
2168,君門曉日開赭,1
2169,門曉日開赭案,1
2170,曉日開赭案橫,1
2171,日開赭案橫霞,1
2172,開赭案橫霞布,1
2173,赭案橫霞布儼,1
2174,案橫霞布儼雅,1
2175,橫霞布儼雅千,1
2176,霞布儼雅千官,1
2177,布儼雅千官容,1
2178,儼雅千官容勃,1
2179,雅千官容勃鬱,1
2180,千官容勃鬱吾,1
2181,官容勃鬱吾累,1
2182,容勃鬱吾累怒,1
2183,勃鬱吾累怒適,1
2184,鬱吾累怒適屬,1
2185,吾累怒適屬命,1
2186,累怒適屬命鄜,1
2187,怒適屬命鄜將,1
2188,適屬命鄜將昨,1
2189,屬命鄜將昨之,1
2190,命鄜將昨之傳,1
2191,鄜將昨之傳者,1
2192,將昨之傳者誤,1
2193,昨之傳者誤明,1
2194,之傳者誤明日,1
2195,傳者誤明日詔,1
2196,者誤明日詔書,1
2197,誤明日詔書下,1
2198,明日詔書下謫,1
2199,日詔書下謫斥,1
2200,詔書下謫斥南,1
2201,書下謫斥南荒,1
2202,下謫斥南荒去,1
2203,謫斥南荒去夜,1
2204,斥南荒去夜登,1
2205,南荒去夜登青,1
2206,荒去夜登青泥,1
2207,去夜登青泥阪,1
2208,夜登青泥阪墜,1
2209,登青泥阪墜車,1
2210,青泥阪墜車傷,1
2211,泥阪墜車傷左,1
2212,阪墜車傷左股,1
2213,墜車傷左股病,1
2214,車傷左股病妻,1
2215,傷左股病妻尚,1
2216,左股病妻尚在,1
2217,股病妻尚在床,1
2218,病妻尚在床稚,1
2219,妻尚在床稚子,1
2220,尚在床稚子初,1
2221,在床稚子初離,1
2222,床稚子初離乳,1
2223,稚子初離乳幽,1
2224,子初離乳幽蘭,1
2225,初離乳幽蘭思,1
2226,離乳幽蘭思楚,1
2227,乳幽蘭思楚澤,1
2228,幽蘭思楚澤恨,1
2229,蘭思楚澤恨水,1
2230,思楚澤恨水啼,1
2231,楚澤恨水啼湘,1
2232,澤恨水啼湘渚,1
2233,恨水啼湘渚怳,1
2234,水啼湘渚怳怳,1
2235,啼湘渚怳怳三,1
2236,湘渚怳怳三閭,1
2237,渚怳怳三閭魂,1
2238,怳怳三閭魂悠,1
2239,怳三閭魂悠悠,1
2240,三閭魂悠悠一,1
2241,閭魂悠悠一千,1
2242,魂悠悠一千古,1
2243,悠悠一千古其,1
2244,悠一千古其冬,1
2245,一千古其冬二,1
2246,千古其冬二凶,1
2247,古其冬二凶敗,1
2248,其冬二凶敗渙,1
2249,冬二凶敗渙汗,1
2250,二凶敗渙汗開,1
2251,凶敗渙汗開湯,1
2252,敗渙汗開湯罟,1
2253,渙汗開湯罟賢,1
2254,汗開湯罟賢者,1
2255,開湯罟賢者須,1
2256,湯罟賢者須喪,1
2257,罟賢者須喪亡,1
2258,賢者須喪亡讒,1
2259,者須喪亡讒人,1
2260,須喪亡讒人尚,1
2261,喪亡讒人尚堆,1
2262,亡讒人尚堆堵,1
2263,讒人尚堆堵予,1
2264,人尚堆堵予於,1
2265,尚堆堵予於後,1
2266,堆堵予於後四,1
2267,堵予於後四年,1
2268,予於後四年諫,1
2269,於後四年諫官,1
2270,後四年諫官事,1
2271,四年諫官事明,1
2272,年諫官事明主,1
2273,諫官事明主常,1
2274,官事明主常欲,1
2275,事明主常欲雪,1
2276,明主常欲雪幽,1
2277,主常欲雪幽冤,1
2278,常欲雪幽冤于,1
2279,欲雪幽冤于時,1
2280,雪幽冤于時一,1
2281,幽冤于時一裨,1
2282,冤于時一裨補,1
2283,于時一裨補拜,1
2284,時一裨補拜章,1
2285,一裨補拜章豈,1
2286,裨補拜章豈艱,1
2287,補拜章豈艱難,1
2288,拜章豈艱難膽,1
2289,章豈艱難膽薄,1
2290,豈艱難膽薄多,1
2291,艱難膽薄多憂,1
2292,難膽薄多憂懼,1
2293,膽薄多憂懼如,1
2294,薄多憂懼如何,1
2295,多憂懼如何干,1
2296,憂懼如何干鬥,1
2297,懼如何干鬥氣,1
2298,如何干鬥氣竟,1
2299,何干鬥氣竟作,1
2300,干鬥氣竟作炎,1
2301,鬥氣竟作炎荒,1
2302,氣竟作炎荒土,1
2303,竟作炎荒土題,1
2304,作炎荒土題此,1
2305,炎荒土題此涕,1
2306,荒土題此涕滋,1
2307,土題此涕滋筆,1
2308,題此涕滋筆以,1
2309,此涕滋筆以代,1
2310,涕滋筆以代投,1
2311,滋筆以代投湘,1
2312,筆以代投湘賦,1
2313,以代投湘賦處,1
2314,代投湘賦處士,1
2315,投湘賦處士有,1
2316,湘賦處士有儒,1
2317,賦處士有儒術,1
2318,處士有儒術走,1
2319,士有儒術走可,1
2320,有儒術走可挾,1
2321,儒術走可挾車,1
2322,術走可挾車輈,1
2323,走可挾車輈壇,1
2324,可挾車輈壇宇,1
2325,挾車輈壇宇寬,1
2326,車輈壇宇寬帖,1
2327,輈壇宇寬帖帖,1
2328,壇宇寬帖帖符,1
2329,宇寬帖帖符彩,1
2330,寬帖帖符彩高,1
2331,帖帖符彩高酋,1
2332,帖符彩高酋酋,1
2333,符彩高酋酋不,1
2334,彩高酋酋不愛,1
2335,高酋酋不愛事,1
2336,酋酋不愛事耕,1
2337,酋不愛事耕稼,1
2338,不愛事耕稼不,1
2339,愛事耕稼不樂,1
2340,事耕稼不樂幹,1
2341,耕稼不樂幹王,1
2342,稼不樂幹王侯,1
2343,不樂幹王侯四,1
2344,樂幹王侯四十,1
2345,幹王侯四十餘,1
2346,王侯四十餘年,1
2347,侯四十餘年中,1
2348,四十餘年中超,1
2349,十餘年中超超,1
2350,餘年中超超為,1
2351,年中超超為浪,1
2352,中超超為浪遊,1
2353,超超為浪遊元,1
2354,超為浪遊元和,1
2355,為浪遊元和五,1
2356,浪遊元和五六,1
2357,遊元和五六歲,1
2358,元和五六歲客,1
2359,和五六歲客于,1
2360,五六歲客于幽,1
2361,六歲客于幽魏,1
2362,歲客于幽魏州,1
2363,客于幽魏州幽,1
2364,于幽魏州幽魏,1
2365,幽魏州幽魏多,1
2366,魏州幽魏多壯,1
2367,州幽魏多壯士,1
2368,幽魏多壯士意,1
2369,魏多壯士意氣,1
2370,多壯士意氣相,1
2371,壯士意氣相淹,1
2372,士意氣相淹留,1
2373,意氣相淹留劉,1
2374,氣相淹留劉濟,1
2375,相淹留劉濟願,1
2376,淹留劉濟願跪,1
2377,留劉濟願跪履,1
2378,劉濟願跪履田,1
2379,濟願跪履田興,1
2380,願跪履田興請,1
2381,跪履田興請建,1
2382,履田興請建籌,1
2383,田興請建籌處,1
2384,興請建籌處士,1
2385,請建籌處士拱,1
2386,建籌處士拱兩,1
2387,籌處士拱兩手,1
2388,處士拱兩手笑,1
2389,士拱兩手笑之,1
2390,拱兩手笑之但,1
2391,兩手笑之但掉,1
2392,手笑之但掉頭,1
2393,笑之但掉頭自,1
2394,之但掉頭自此,1
2395,但掉頭自此南,1
2396,掉頭自此南走,1
2397,頭自此南走越,1
2398,自此南走越尋,1
2399,此南走越尋山,1
2400,南走越尋山入,1
2401,走越尋山入羅,1
2402,越尋山入羅浮,1
2403,尋山入羅浮願,1
2404,山入羅浮願學,1
2405,入羅浮願學不,1
2406,羅浮願學不死,1
2407,浮願學不死藥,1
2408,願學不死藥粗,1
2409,學不死藥粗知,1
2410,不死藥粗知其,1
2411,死藥粗知其來,1
2412,藥粗知其來由,1
2413,粗知其來由卻,1
2414,知其來由卻于,1
2415,其來由卻于童,1
2416,來由卻于童頂,1
2417,由卻于童頂上,1
2418,卻于童頂上蕭,1
2419,于童頂上蕭蕭,1
2420,童頂上蕭蕭玄,1
2421,頂上蕭蕭玄發,1
2422,上蕭蕭玄發抽,1
2423,蕭蕭玄發抽我,1
2424,蕭玄發抽我作,1
2425,玄發抽我作八,1
2426,發抽我作八品,1
2427,抽我作八品吏,1
2428,我作八品吏洛,1
2429,作八品吏洛中,1
2430,八品吏洛中如,1
2431,品吏洛中如系,1
2432,吏洛中如系囚,1
2433,洛中如系囚忽,1
2434,中如系囚忽遭,1
2435,如系囚忽遭冀,1
2436,系囚忽遭冀處,1
2437,囚忽遭冀處士,1
2438,忽遭冀處士豁,1
2439,遭冀處士豁若,1
2440,冀處士豁若登,1
2441,處士豁若登高,1
2442,士豁若登高樓,1
2443,豁若登高樓拂,1
2444,若登高樓拂榻,1
2445,登高樓拂榻與,1
2446,高樓拂榻與之,1
2447,樓拂榻與之坐,1
2448,拂榻與之坐十,1
2449,榻與之坐十日,1
2450,與之坐十日語,1
2451,之坐十日語不,1
2452,坐十日語不休,1
2453,十日語不休論,1
2454,日語不休論今,1
2455,語不休論今星,1
2456,不休論今星璨,1
2457,休論今星璨璨,1
2458,論今星璨璨考,1
2459,今星璨璨考古,1
2460,星璨璨考古寒,1
2461,璨璨考古寒颼,1
2462,璨考古寒颼颼,1
2463,考古寒颼颼治,1
2464,古寒颼颼治亂,1
2465,寒颼颼治亂掘,1
2466,颼颼治亂掘根,1
2467,颼治亂掘根本,1
2468,治亂掘根本蔓,1
2469,亂掘根本蔓延,1
2470,掘根本蔓延相,1
2471,根本蔓延相牽,1
2472,本蔓延相牽鉤,1
2473,蔓延相牽鉤武,1
2474,延相牽鉤武事,1
2475,相牽鉤武事何,1
2476,牽鉤武事何駿,1
2477,鉤武事何駿壯,1
2478,武事何駿壯文,1
2479,事何駿壯文理,1
2480,何駿壯文理何,1
2481,駿壯文理何優,1
2482,壯文理何優柔,1
2483,文理何優柔顏,1
2484,理何優柔顏回,1
2485,何優柔顏回捧,1
2486,優柔顏回捧俎,1
2487,柔顏回捧俎豆,1
2488,顏回捧俎豆項,1
2489,回捧俎豆項羽,1
2490,捧俎豆項羽橫,1
2491,俎豆項羽橫戈,1
2492,豆項羽橫戈矛,1
2493,項羽橫戈矛祥,1
2494,羽橫戈矛祥雲,1
2495,橫戈矛祥雲繞,1
2496,戈矛祥雲繞毛,1
2497,矛祥雲繞毛髮,1
2498,祥雲繞毛髮高,1
2499,雲繞毛髮高浪,1
2500,繞毛髮高浪開,1
2501,毛髮高浪開咽,1
2502,髮高浪開咽喉,1
2503,高浪開咽喉但,1
2504,浪開咽喉但可,1
2505,開咽喉但可感,1
2506,咽喉但可感神,1
2507,喉但可感神鬼,1
2508,但可感神鬼安,1
2509,可感神鬼安能,1
2510,感神鬼安能為,1
2511,神鬼安能為獻,1
2512,鬼安能為獻酬,1
2513,安能為獻酬好,1
2514,能為獻酬好入,1
2515,為獻酬好入天,1
2516,獻酬好入天子,1
2517,酬好入天子夢,1
2518,好入天子夢刻,1
2519,入天子夢刻像,1
2520,天子夢刻像來,1
2521,子夢刻像來爾,1
2522,夢刻像來爾求,1
2523,刻像來爾求胡,1
2524,像來爾求胡為,1
2525,來爾求胡為去,1
2526,爾求胡為去吳,1
2527,求胡為去吳會,1
2528,胡為去吳會欲,1
2529,為去吳會欲浮,1
2530,去吳會欲浮滄,1
2531,吳會欲浮滄海,1
2532,會欲浮滄海舟,1
2533,欲浮滄海舟贈,1
2534,浮滄海舟贈以,1
2535,滄海舟贈以蜀,1
2536,海舟贈以蜀馬,1
2537,舟贈以蜀馬棰,1
2538,贈以蜀馬棰副,1
2539,以蜀馬棰副之,1
2540,蜀馬棰副之胡,1
2541,馬棰副之胡罽,1
2542,棰副之胡罽裘,1
2543,副之胡罽裘餞,1
2544,之胡罽裘餞酒,1
2545,胡罽裘餞酒載,1
2546,罽裘餞酒載三,1
2547,裘餞酒載三鬥,1
2548,餞酒載三鬥東,1
2549,酒載三鬥東郊,1
2550,載三鬥東郊黃,1
2551,三鬥東郊黃葉,1
2552,鬥東郊黃葉稠,1
2553,東郊黃葉稠我,1
2554,郊黃葉稠我感,1
2555,黃葉稠我感有,1
2556,葉稠我感有淚,1
2557,稠我感有淚下,1
2558,我感有淚下君,1
2559,感有淚下君唱,1
2560,有淚下君唱高,1
2561,淚下君唱高歌,1
2562,下君唱高歌酬,1
2563,君唱高歌酬嵩,1
2564,唱高歌酬嵩山,1
2565,高歌酬嵩山高,1
2566,歌酬嵩山高萬,1
2567,酬嵩山高萬尺,1
2568,嵩山高萬尺洛,1
2569,山高萬尺洛水,1
2570,高萬尺洛水流,1
2571,萬尺洛水流千,1
2572,尺洛水流千秋,1
2573,洛水流千秋往,1
2574,水流千秋往事,1
2575,流千秋往事不,1
2576,千秋往事不可,1
2577,秋往事不可問,1
2578,往事不可問天,1
2579,事不可問天地,1
2580,不可問天地空,1
2581,可問天地空悠,1
2582,問天地空悠悠,1
2583,天地空悠悠四,1
2584,地空悠悠四百,1
2585,空悠悠四百年,1
2586,悠悠四百年炎,1
2587,悠四百年炎漢,1
2588,四百年炎漢三,1
2589,百年炎漢三十,1
2590,年炎漢三十代,1
2591,炎漢三十代宗,1
2592,漢三十代宗周,1
2593,三十代宗周二,1
2594,十代宗周二三,1
2595,代宗周二三裏,1
2596,宗周二三裏遺,1
2597,周二三裏遺堵,1
2598,二三裏遺堵八,1
2599,三裏遺堵八九,1
2600,裏遺堵八九所,1
2601,遺堵八九所高,1
2602,堵八九所高丘,1
2603,八九所高丘人,1
2604,九所高丘人生,1
2605,所高丘人生一,1
2606,高丘人生一世,1
2607,丘人生一世內,1
2608,人生一世內何,1
2609,生一世內何必,1
2610,一世內何必多,1
2611,世內何必多悲,1
2612,內何必多悲愁,1
2613,何必多悲愁歌,1
2614,必多悲愁歌闋,1
2615,多悲愁歌闋解,1
2616,悲愁歌闋解攜,1
2617,愁歌闋解攜去,1
2618,歌闋解攜去信,1
2619,闋解攜去信非,1
2620,解攜去信非吾,1
2621,攜去信非吾輩,1
2622,去信非吾輩流,1
2623,信非吾輩流山,1
2624,非吾輩流山城,1
2625,吾輩流山城樹,1
2626,輩流山城樹葉,1
2627,流山城樹葉紅,1
2628,山城樹葉紅下,1
2629,城樹葉紅下有,1
2630,樹葉紅下有碧,1
2631,葉紅下有碧溪,1
2632,紅下有碧溪水,1
2633,下有碧溪水溪,1
2634,有碧溪水溪橋,1
2635,碧溪水溪橋向,1
2636,溪水溪橋向吳,1
2637,水溪橋向吳路,1
2638,溪橋向吳路酒,1
2639,橋向吳路酒旗,1
2640,向吳路酒旗誇,1
2641,吳路酒旗誇酒,1
2642,路酒旗誇酒美,1
2643,酒旗誇酒美下,1
2644,旗誇酒美下馬,1
2645,誇酒美下馬此,1
2646,酒美下馬此送,1
2647,美下馬此送君,1
2648,下馬此送君高,1
2649,馬此送君高歌,1
2650,此送君高歌為,1
2651,送君高歌為君,1
2652,君高歌為君醉,1
2653,高歌為君醉念,1
2654,歌為君醉念君,1
2655,為君醉念君苞,1
2656,君醉念君苞材,1
2657,醉念君苞材能,1
2658,念君苞材能百,1
2659,君苞材能百工,1
2660,苞材能百工在,1
2661,材能百工在城,1
2662,能百工在城壘,1
2663,百工在城壘空,1
2664,工在城壘空山,1
2665,在城壘空山三,1
2666,城壘空山三十,1
2667,壘空山三十年,1
2668,空山三十年鹿,1
2669,山三十年鹿裘,1
2670,三十年鹿裘掛,1
2671,十年鹿裘掛窗,1
2672,年鹿裘掛窗睡,1
2673,鹿裘掛窗睡自,1
2674,裘掛窗睡自言,1
2675,掛窗睡自言隴,1
2676,窗睡自言隴西,1
2677,睡自言隴西公,1
2678,自言隴西公飄,1
2679,言隴西公飄然,1
2680,隴西公飄然我,1
2681,西公飄然我知,1
2682,公飄然我知己,1
2683,飄然我知己舉,1
2684,然我知己舉酒,1
2685,我知己舉酒屬,1
2686,知己舉酒屬吳,1
2687,己舉酒屬吳門,1
2688,舉酒屬吳門今,1
2689,酒屬吳門今朝,1
2690,屬吳門今朝為,1
2691,吳門今朝為君,1
2692,門今朝為君起,1
2693,今朝為君起懸,1
2694,朝為君起懸弓,1
2695,為君起懸弓三,1
2696,君起懸弓三百,1
2697,起懸弓三百斤,1
2698,懸弓三百斤囊,1
2699,弓三百斤囊書,1
2700,三百斤囊書數,1
2701,百斤囊書數萬,1
2702,斤囊書數萬紙,1
2703,囊書數萬紙戰,1
2704,書數萬紙戰賊,1
2705,數萬紙戰賊即,1
2706,萬紙戰賊即戰,1
2707,紙戰賊即戰賊,1
2708,戰賊即戰賊為,1
2709,賊即戰賊為吏,1
2710,即戰賊為吏即,1
2711,戰賊為吏即為,1
2712,賊為吏即為吏,1
2713,為吏即為吏盡,1
2714,吏即為吏盡我,1
2715,即為吏盡我所,1
2716,為吏盡我所有,1
2717,吏盡我所有無,1
2718,盡我所有無惟,1
2719,我所有無惟公,1
2720,所有無惟公之,1
2721,有無惟公之指,1
2722,無惟公之指使,1
2723,惟公之指使予,1
2724,公之指使予曰,1
2725,之指使予曰隴,1
2726,指使予曰隴西,1
2727,使予曰隴西公,1
2728,予曰隴西公滔,1
2729,曰隴西公滔滔,1
2730,隴西公滔滔大,1
2731,西公滔滔大君,1
2732,公滔滔大君子,1
2733,滔滔大君子常,1
2734,滔大君子常思,1
2735,大君子常思掄,1
2736,君子常思掄群,1
2737,子常思掄群材,1
2738,常思掄群材一,1
2739,思掄群材一為,1
2740,掄群材一為國,1
2741,群材一為國家,1
2742,材一為國家治,1
2743,一為國家治譬,1
2744,為國家治譬如,1
2745,國家治譬如匠,1
2746,家治譬如匠見,1
2747,治譬如匠見木,1
2748,譬如匠見木礙,1
2749,如匠見木礙眼,1
2750,匠見木礙眼皆,1
2751,見木礙眼皆不,1
2752,木礙眼皆不棄,1
2753,礙眼皆不棄大,1
2754,眼皆不棄大者,1
2755,皆不棄大者粗,1
2756,不棄大者粗十,1
2757,棄大者粗十圍,1
2758,大者粗十圍小,1
2759,者粗十圍小者,1
2760,粗十圍小者細,1
2761,十圍小者細一,1
2762,圍小者細一指,1
2763,小者細一指橛,1
2764,者細一指橛與,1
2765,細一指橛與棟,1
2766,一指橛與棟樑,1
2767,指橛與棟樑施,1
2768,橛與棟樑施之,1
2769,與棟樑施之皆,1
2770,棟樑施之皆有,1
2771,樑施之皆有位,1
2772,施之皆有位忽,1
2773,之皆有位忽然,1
2774,皆有位忽然豎,1
2775,有位忽然豎明,1
2776,位忽然豎明堂,1
2777,忽然豎明堂一,1
2778,然豎明堂一揮,1
2779,豎明堂一揮立,1
2780,明堂一揮立能,1
2781,堂一揮立能致,1
2782,一揮立能致予,1
2783,揮立能致予亦,1
2784,立能致予亦何,1
2785,能致予亦何為,1
2786,致予亦何為者,1
2787,予亦何為者亦,1
2788,亦何為者亦受,1
2789,何為者亦受公,1
2790,為者亦受公恩,1
2791,者亦受公恩紀,1
2792,亦受公恩紀處,1
2793,受公恩紀處士,1
2794,公恩紀處士有,1
2795,恩紀處士有常,1
2796,紀處士有常言,1
2797,處士有常言殘,1
2798,士有常言殘虜,1
2799,有常言殘虜為,1
2800,常言殘虜為犬,1
2801,言殘虜為犬豕,1
2802,殘虜為犬豕常,1
2803,虜為犬豕常恨,1
2804,為犬豕常恨兩,1
2805,犬豕常恨兩手,1
2806,豕常恨兩手空,1
2807,常恨兩手空不,1
2808,恨兩手空不得,1
2809,兩手空不得一,1
2810,手空不得一馬,1
2811,空不得一馬棰,1
2812,不得一馬棰今,1
2813,得一馬棰今依,1
2814,一馬棰今依隴,1
2815,馬棰今依隴西,1
2816,棰今依隴西公,1
2817,今依隴西公如,1
2818,依隴西公如虎,1
2819,隴西公如虎傅,1
2820,西公如虎傅兩,1
2821,公如虎傅兩翅,1
2822,如虎傅兩翅公,1
2823,虎傅兩翅公非,1
2824,傅兩翅公非刺,1
2825,兩翅公非刺史,1
2826,翅公非刺史材,1
2827,公非刺史材當,1
2828,非刺史材當坐,1
2829,刺史材當坐岩,1
2830,史材當坐岩廊,1
2831,材當坐岩廊地,1
2832,當坐岩廊地處,1
2833,坐岩廊地處士,1
2834,岩廊地處士魁,1
2835,廊地處士魁奇,1
2836,地處士魁奇姿,1
2837,處士魁奇姿必,1
2838,士魁奇姿必展,1
2839,魁奇姿必展平,1
2840,奇姿必展平生,1
2841,姿必展平生志,1
2842,必展平生志東,1
2843,展平生志東吳,1
2844,平生志東吳饒,1
2845,生志東吳饒風,1
2846,志東吳饒風光,1
2847,東吳饒風光翠,1
2848,吳饒風光翠巘,1
2849,饒風光翠巘多,1
2850,風光翠巘多名,1
2851,光翠巘多名寺,1
2852,翠巘多名寺疏,1
2853,巘多名寺疏煙,1
2854,多名寺疏煙亹,1
2855,名寺疏煙亹亹,1
2856,寺疏煙亹亹秋,1
2857,疏煙亹亹秋獨,1
2858,煙亹亹秋獨酌,1
2859,亹亹秋獨酌平,1
2860,亹秋獨酌平生,1
2861,秋獨酌平生思,1
2862,獨酌平生思因,1
2863,酌平生思因書,1
2864,平生思因書問,1
2865,生思因書問故,1
2866,思因書問故人,1
2867,因書問故人能,1
2868,書問故人能忘,1
2869,問故人能忘批,1
2870,故人能忘批紙,1
2871,人能忘批紙尾,1
2872,能忘批紙尾公,1
2873,忘批紙尾公或,1
2874,批紙尾公或憶,1
2875,紙尾公或憶姓,1
2876,尾公或憶姓名,1
2877,公或憶姓名為,1
2878,或憶姓名為說,1
2879,憶姓名為說都,1
2880,姓名為說都憔,1
2881,名為說都憔悴,1
2882,為說都憔悴子,1
2883,說都憔悴子性,1
2884,都憔悴子性劇,1
2885,憔悴子性劇弘,1
2886,悴子性劇弘和,1
2887,子性劇弘和愚,1
2888,性劇弘和愚衷,1
2889,劇弘和愚衷深,1
2890,弘和愚衷深褊,1
2891,和愚衷深褊狷,1
2892,愚衷深褊狷相,1
2893,衷深褊狷相舍,1
2894,深褊狷相舍囂,1
2895,褊狷相舍囂譊,1
2896,狷相舍囂譊中,1
2897,相舍囂譊中吾,1
2898,舍囂譊中吾過,1
2899,囂譊中吾過何,1
2900,譊中吾過何由,1
2901,中吾過何由鮮,1
2902,吾過何由鮮楚,1
2903,過何由鮮楚南,1
2904,何由鮮楚南饒,1
2905,由鮮楚南饒風,1
2906,鮮楚南饒風煙,1
2907,楚南饒風煙湘,1
2908,南饒風煙湘岸,1
2909,饒風煙湘岸苦,1
2910,風煙湘岸苦縈,1
2911,煙湘岸苦縈宛,1
2912,湘岸苦縈宛山,1
2913,岸苦縈宛山密,1
2914,苦縈宛山密夕,1
2915,縈宛山密夕陽,1
2916,宛山密夕陽多,1
2917,山密夕陽多人,1
2918,密夕陽多人稀,1
2919,夕陽多人稀芳,1
2920,陽多人稀芳草,1
2921,多人稀芳草遠,1
2922,人稀芳草遠青,1
2923,稀芳草遠青梅,1
2924,芳草遠青梅繁,1
2925,草遠青梅繁枝,1
2926,遠青梅繁枝低,1
2927,青梅繁枝低斑,1
2928,梅繁枝低斑筍,1
2929,繁枝低斑筍新,1
2930,枝低斑筍新梢,1
2931,低斑筍新梢短,1
2932,斑筍新梢短莫,1
2933,筍新梢短莫哭,1
2934,新梢短莫哭葬,1
2935,梢短莫哭葬魚,1
2936,短莫哭葬魚人,1
2937,莫哭葬魚人酒,1
2938,哭葬魚人酒醒,1
2939,葬魚人酒醒且,1
2940,魚人酒醒且眠,1
2941,人酒醒且眠飯,1
2942,酒醒且眠飯仁,1
2943,醒且眠飯仁聖,1
2944,且眠飯仁聖天,1
2945,眠飯仁聖天子,1
2946,飯仁聖天子神,1
2947,仁聖天子神且,1
2948,聖天子神且武,1
2949,天子神且武內,1
2950,子神且武內興,1
2951,神且武內興文,1
2952,且武內興文教,1
2953,武內興文教外,1
2954,內興文教外披,1
2955,興文教外披攘,1
2956,文教外披攘以,1
2957,教外披攘以德,1
2958,外披攘以德化,1
2959,披攘以德化人,1
2960,攘以德化人漢,1
2961,以德化人漢文,1
2962,德化人漢文帝,1
2963,化人漢文帝側,1
2964,人漢文帝側身,1
2965,漢文帝側身修,1
2966,文帝側身修道,1
2967,帝側身修道周,1
2968,側身修道周宣,1
2969,身修道周宣王,1
2970,修道周宣王蹊,1
2971,道周宣王蹊巢,1
2972,周宣王蹊巢穴,1
2973,宣王蹊巢穴盡,1
2974,王蹊巢穴盡窒,1
2975,蹊巢穴盡窒塞,1
2976,巢穴盡窒塞禮,1
2977,穴盡窒塞禮樂,1
2978,盡窒塞禮樂刑,1
2979,窒塞禮樂刑政,1
2980,塞禮樂刑政皆,1
2981,禮樂刑政皆弛,1
2982,樂刑政皆弛張,1
2983,刑政皆弛張何,1
2984,政皆弛張何當,1
2985,皆弛張何當提,1
2986,弛張何當提筆,1
2987,張何當提筆侍,1
2988,何當提筆侍巡,1
2989,當提筆侍巡狩,1
2990,提筆侍巡狩前,1
2991,筆侍巡狩前驅,1
2992,侍巡狩前驅白,1
2993,巡狩前驅白旆,1
2994,狩前驅白旆吊,1
2995,前驅白旆吊河,1
2996,驅白旆吊河湟,1
2997,白旆吊河湟臘,1
2998,旆吊河湟臘雪,1
2999,吊河湟臘雪一,1
3000,河湟臘雪一尺,1
3001,湟臘雪一尺厚,1
3002,臘雪一尺厚雲,1
3003,雪一尺厚雲凍,1
3004,一尺厚雲凍寒,1
3005,尺厚雲凍寒頑,1
3006,厚雲凍寒頑癡,1
3007,雲凍寒頑癡孤,1
3008,凍寒頑癡孤城,1
3009,寒頑癡孤城大,1
3010,頑癡孤城大澤,1
3011,癡孤城大澤畔,1
3012,孤城大澤畔人,1
3013,城大澤畔人疏,1
3014,大澤畔人疏煙,1
3015,澤畔人疏煙火,1
3016,畔人疏煙火微,1
3017,人疏煙火微憤,1
3018,疏煙火微憤悱,1
3019,煙火微憤悱欲,1
3020,火微憤悱欲誰,1
3021,微憤悱欲誰語,1
3022,憤悱欲誰語憂,1
3023,悱欲誰語憂慍,1
3024,欲誰語憂慍不,1
3025,誰語憂慍不能,1
3026,語憂慍不能持,1
3027,憂慍不能持天,1
3028,慍不能持天子,1
3029,不能持天子號,1
3030,能持天子號仁,1
3031,持天子號仁聖,1
3032,天子號仁聖任,1
3033,子號仁聖任賢,1
3034,號仁聖任賢如,1
3035,仁聖任賢如事,1
3036,聖任賢如事師,1
3037,任賢如事師凡,1
3038,賢如事師凡稱,1
3039,如事師凡稱曰,1
3040,事師凡稱曰治,1
3041,師凡稱曰治具,1
3042,凡稱曰治具小,1
3043,稱曰治具小大,1
3044,曰治具小大無,1
3045,治具小大無不,1
3046,具小大無不施,1
3047,小大無不施明,1
3048,大無不施明庭,1
3049,無不施明庭開,1
3050,不施明庭開廣,1
3051,施明庭開廣敞,1
3052,明庭開廣敞才,1
3053,庭開廣敞才雋,1
3054,開廣敞才雋受,1
3055,廣敞才雋受羈,1
3056,敞才雋受羈維,1
3057,才雋受羈維如,1
3058,雋受羈維如日,1
3059,受羈維如日月,1
3060,羈維如日月縆,1
3061,維如日月縆升,1
3062,如日月縆升若,1
3063,日月縆升若鸞,1
3064,月縆升若鸞鳳,1
3065,縆升若鸞鳳葳,1
3066,升若鸞鳳葳蕤,1
3067,若鸞鳳葳蕤人,1
3068,鸞鳳葳蕤人才,1
3069,鳳葳蕤人才自,1
3070,葳蕤人才自朽,1
3071,蕤人才自朽下,1
3072,人才自朽下棄,1
3073,才自朽下棄去,1
3074,自朽下棄去亦,1
3075,朽下棄去亦其,1
3076,下棄去亦其宜,1
3077,棄去亦其宜北,1
3078,去亦其宜北虜,1
3079,亦其宜北虜壞,1
3080,其宜北虜壞亭,1
3081,宜北虜壞亭障,1
3082,北虜壞亭障聞,1
3083,虜壞亭障聞屯,1
3084,壞亭障聞屯千,1
3085,亭障聞屯千里,1
3086,障聞屯千里師,1
3087,聞屯千里師牽,1
3088,屯千里師牽連,1
3089,千里師牽連久,1
3090,里師牽連久不,1
3091,師牽連久不解,1
3092,牽連久不解他,1
3093,連久不解他盜,1
3094,久不解他盜恐,1
3095,不解他盜恐旁,1
3096,解他盜恐旁窺,1
3097,他盜恐旁窺臣,1
3098,盜恐旁窺臣實,1
3099,恐旁窺臣實有,1
3100,旁窺臣實有長,1
3101,窺臣實有長策,1
3102,臣實有長策彼,1
3103,實有長策彼可,1
3104,有長策彼可徐,1
3105,長策彼可徐鞭,1
3106,策彼可徐鞭笞,1
3107,彼可徐鞭笞如,1
3108,可徐鞭笞如蒙,1
3109,徐鞭笞如蒙一,1
3110,鞭笞如蒙一召,1
3111,笞如蒙一召議,1
3112,如蒙一召議食,1
3113,蒙一召議食肉,1
3114,一召議食肉寢,1
3115,召議食肉寢其,1
3116,議食肉寢其皮,1
3117,食肉寢其皮斯,1
3118,肉寢其皮斯乃,1
3119,寢其皮斯乃廟,1
3120,其皮斯乃廟堂,1
3121,皮斯乃廟堂事,1
3122,斯乃廟堂事爾,1
3123,乃廟堂事爾微,1
3124,廟堂事爾微非,1
3125,堂事爾微非爾,1
3126,事爾微非爾知,1
3127,爾微非爾知向,1
3128,微非爾知向來,1
3129,非爾知向來躐,1
3130,爾知向來躐等,1
3131,知向來躐等語,1
3132,向來躐等語長,1
3133,來躐等語長作,1
3134,躐等語長作陷,1
3135,等語長作陷身,1
3136,語長作陷身機,1
3137,長作陷身機行,1
3138,作陷身機行當,1
3139,陷身機行當臘,1
3140,身機行當臘欲,1
3141,機行當臘欲破,1
3142,行當臘欲破酒,1
3143,當臘欲破酒齊,1
3144,臘欲破酒齊不,1
3145,欲破酒齊不可,1
3146,破酒齊不可遲,1
3147,酒齊不可遲且,1
3148,齊不可遲且想,1
3149,不可遲且想春,1
3150,可遲且想春候,1
3151,遲且想春候暖,1
3152,且想春候暖甕,1
3153,想春候暖甕間,1
3154,春候暖甕間傾,1
3155,候暖甕間傾一,1
3156,暖甕間傾一卮,1
3157,甕間傾一卮賤,1
3158,間傾一卮賤子,1
3159,傾一卮賤子本,1
3160,一卮賤子本幽,1
3161,卮賤子本幽慵,1
3162,賤子本幽慵多,1
3163,子本幽慵多為,1
3164,本幽慵多為雋,1
3165,幽慵多為雋賢,1
3166,慵多為雋賢侮,1
3167,多為雋賢侮得,1
3168,為雋賢侮得州,1
3169,雋賢侮得州荒,1
3170,賢侮得州荒僻,1
3171,侮得州荒僻中,1
3172,得州荒僻中更,1
3173,州荒僻中更值,1
3174,荒僻中更值連,1
3175,僻中更值連江,1
3176,中更值連江雨,1
3177,更值連江雨一,1
3178,值連江雨一褐,1
3179,連江雨一褐擁,1
3180,江雨一褐擁秋,1
3181,雨一褐擁秋寒,1
3182,一褐擁秋寒小,1
3183,褐擁秋寒小窗,1
3184,擁秋寒小窗侵,1
3185,秋寒小窗侵竹,1
3186,寒小窗侵竹塢,1
3187,小窗侵竹塢濁,1
3188,窗侵竹塢濁醪,1
3189,侵竹塢濁醪氣,1
3190,竹塢濁醪氣色,1
3191,塢濁醪氣色嚴,1
3192,濁醪氣色嚴皤,1
3193,醪氣色嚴皤腹,1
3194,氣色嚴皤腹瓶,1
3195,色嚴皤腹瓶罌,1
3196,嚴皤腹瓶罌古,1
3197,皤腹瓶罌古酣,1
3198,腹瓶罌古酣酣,1
3199,瓶罌古酣酣天,1
3200,罌古酣酣天地,1
3201,古酣酣天地寬,1
3202,酣酣天地寬怳,1
3203,酣天地寬怳怳,1
3204,天地寬怳怳嵇,1
3205,地寬怳怳嵇劉,1
3206,寬怳怳嵇劉伍,1
3207,怳怳嵇劉伍但,1
3208,怳嵇劉伍但為,1
3209,嵇劉伍但為適,1
3210,劉伍但為適性,1
3211,伍但為適性情,1
3212,但為適性情豈,1
3213,為適性情豈是,1
3214,適性情豈是藏,1
3215,性情豈是藏鱗,1
3216,情豈是藏鱗羽,1
3217,豈是藏鱗羽一,1
3218,是藏鱗羽一世,1
3219,藏鱗羽一世一,1
3220,鱗羽一世一萬,1
3221,羽一世一萬朝,1
3222,一世一萬朝朝,1
3223,世一萬朝朝朝,1
3224,一萬朝朝朝醉,1
3225,萬朝朝朝醉中,1
3226,朝朝朝醉中去,1
3227,朝朝醉中去敬,1
3228,朝醉中去敬岑,1
3229,醉中去敬岑草,1
3230,中去敬岑草浮,1
3231,去敬岑草浮光,1
3232,敬岑草浮光句,1
3233,岑草浮光句沚,1
3234,草浮光句沚水,1
3235,浮光句沚水解,1
3236,光句沚水解脈,1
3237,句沚水解脈益,1
3238,沚水解脈益鬱,1
3239,水解脈益鬱乍,1
3240,解脈益鬱乍怡,1
3241,脈益鬱乍怡融,1
3242,益鬱乍怡融凝,1
3243,鬱乍怡融凝嚴,1
3244,乍怡融凝嚴忽,1
3245,怡融凝嚴忽頹,1
3246,融凝嚴忽頹坼,1
3247,凝嚴忽頹坼梅,1
3248,嚴忽頹坼梅纇,1
3249,忽頹坼梅纇暖,1
3250,頹坼梅纇暖眠,1
3251,坼梅纇暖眠酣,1
3252,梅纇暖眠酣風,1
3253,纇暖眠酣風緒,1
3254,暖眠酣風緒和,1
3255,眠酣風緒和無,1
3256,酣風緒和無力,1
3257,風緒和無力鳧,1
3258,緒和無力鳧浴,1
3259,和無力鳧浴漲,1
3260,無力鳧浴漲汪,1
3261,力鳧浴漲汪汪,1
3262,鳧浴漲汪汪雛,1
3263,浴漲汪汪雛嬌,1
3264,漲汪汪雛嬌村,1
3265,汪汪雛嬌村冪,1
3266,汪雛嬌村冪冪,1
3267,雛嬌村冪冪落,1
3268,嬌村冪冪落日,1
3269,村冪冪落日美,1
3270,冪冪落日美樓,1
3271,冪落日美樓臺,1
3272,落日美樓臺輕,1
3273,日美樓臺輕煙,1
3274,美樓臺輕煙飾,1
3275,樓臺輕煙飾阡,1
3276,臺輕煙飾阡陌,1
3277,輕煙飾阡陌瀲,1
3278,煙飾阡陌瀲綠,1
3279,飾阡陌瀲綠古,1
3280,阡陌瀲綠古津,1
3281,陌瀲綠古津遠,1
3282,瀲綠古津遠積,1
3283,綠古津遠積潤,1
3284,古津遠積潤苔,1
3285,津遠積潤苔基,1
3286,遠積潤苔基釋,1
3287,積潤苔基釋孰,1
3288,潤苔基釋孰謂,1
3289,苔基釋孰謂漢,1
3290,基釋孰謂漢陵,1
3291,釋孰謂漢陵人,1
3292,孰謂漢陵人來,1
3293,謂漢陵人來作,1
3294,漢陵人來作江,1
3295,陵人來作江汀,1
3296,人來作江汀客,1
3297,來作江汀客載,1
3298,作江汀客載筆,1
3299,江汀客載筆念,1
3300,汀客載筆念無,1
3301,客載筆念無能,1
3302,載筆念無能捧,1
3303,筆念無能捧籌,1
3304,念無能捧籌慚,1
3305,無能捧籌慚所,1
3306,能捧籌慚所畫,1
3307,捧籌慚所畫任,1
3308,籌慚所畫任轡,1
3309,慚所畫任轡偶,1
3310,所畫任轡偶追,1
3311,畫任轡偶追閑,1
3312,任轡偶追閑逢,1
3313,轡偶追閑逢幽,1
3314,偶追閑逢幽果,1
3315,追閑逢幽果遭,1
3316,閑逢幽果遭適,1
3317,逢幽果遭適僧,1
3318,幽果遭適僧語,1
3319,果遭適僧語淡,1
3320,遭適僧語淡如,1
3321,適僧語淡如雲,1
3322,僧語淡如雲塵,1
3323,語淡如雲塵事,1
3324,淡如雲塵事繁,1
3325,如雲塵事繁堪,1
3326,雲塵事繁堪織,1
3327,塵事繁堪織今,1
3328,事繁堪織今古,1
3329,繁堪織今古幾,1
3330,堪織今古幾輩,1
3331,織今古幾輩人,1
3332,今古幾輩人而,1
3333,古幾輩人而我,1
3334,幾輩人而我何,1
3335,輩人而我何能,1
3336,人而我何能息,1
3337,而我何能息清,1
3338,我何能息清淮,1
3339,何能息清淮控,1
3340,能息清淮控隋,1
3341,息清淮控隋漕,1
3342,清淮控隋漕北,1
3343,淮控隋漕北走,1
3344,控隋漕北走長,1
3345,隋漕北走長安,1
3346,漕北走長安道,1
3347,北走長安道檣,1
3348,走長安道檣形,1
3349,長安道檣形櫛,1
3350,安道檣形櫛櫛,1
3351,道檣形櫛櫛斜,1
3352,檣形櫛櫛斜浪,1
3353,形櫛櫛斜浪態,1
3354,櫛櫛斜浪態迤,1
3355,櫛斜浪態迤迤,1
3356,斜浪態迤迤好,1
3357,浪態迤迤好初,1
3358,態迤迤好初旭,1
3359,迤迤好初旭紅,1
3360,迤好初旭紅可,1
3361,好初旭紅可染,1
3362,初旭紅可染明,1
3363,旭紅可染明河,1
3364,紅可染明河澹,1
3365,可染明河澹如,1
3366,染明河澹如掃,1
3367,明河澹如掃澤,1
3368,河澹如掃澤闊,1
3369,澹如掃澤闊鳥,1
3370,如掃澤闊鳥來,1
3371,掃澤闊鳥來遲,1
3372,澤闊鳥來遲村,1
3373,闊鳥來遲村饑,1
3374,鳥來遲村饑人,1
3375,來遲村饑人語,1
3376,遲村饑人語早,1
3377,村饑人語早露,1
3378,饑人語早露蔓,1
3379,人語早露蔓蟲,1
3380,語早露蔓蟲絲,1
3381,早露蔓蟲絲多,1
3382,露蔓蟲絲多風,1
3383,蔓蟲絲多風蒲,1
3384,蟲絲多風蒲燕,1
3385,絲多風蒲燕雛,1
3386,多風蒲燕雛老,1
3387,風蒲燕雛老秋,1
3388,蒲燕雛老秋思,1
3389,燕雛老秋思高,1
3390,雛老秋思高蕭,1
3391,老秋思高蕭蕭,1
3392,秋思高蕭蕭客,1
3393,思高蕭蕭客愁,1
3394,高蕭蕭客愁長,1
3395,蕭蕭客愁長嫋,1
3396,蕭客愁長嫋嫋,1
3397,客愁長嫋嫋因,1
3398,愁長嫋嫋因懷,1
3399,長嫋嫋因懷京,1
3400,嫋嫋因懷京洛,1
3401,嫋因懷京洛間,1
3402,因懷京洛間宦,1
3403,懷京洛間宦游,1
3404,京洛間宦游何,1
3405,洛間宦游何戚,1
3406,間宦游何戚草,1
3407,宦游何戚草什,1
3408,游何戚草什伍,1
3409,何戚草什伍持,1
3410,戚草什伍持津,1
3411,草什伍持津梁,1
3412,什伍持津梁澒,1
3413,伍持津梁澒湧,1
3414,持津梁澒湧爭,1
3415,津梁澒湧爭追,1
3416,梁澒湧爭追討,1
3417,澒湧爭追討翾,1
3418,湧爭追討翾便,1
3419,爭追討翾便詎,1
3420,追討翾便詎可,1
3421,討翾便詎可尋,1
3422,翾便詎可尋幾,1
3423,便詎可尋幾秘,1
3424,詎可尋幾秘安,1
3425,可尋幾秘安能,1
3426,尋幾秘安能考,1
3427,幾秘安能考小,1
3428,秘安能考小人,1
3429,安能考小人乏,1
3430,能考小人乏馨,1
3431,考小人乏馨香,1
3432,小人乏馨香上,1
3433,人乏馨香上下,1
3434,乏馨香上下將,1
3435,馨香上下將何,1
3436,香上下將何禱,1
3437,上下將何禱唯,1
3438,下將何禱唯有,1
3439,將何禱唯有君,1
3440,何禱唯有君子,1
3441,禱唯有君子心,1
3442,唯有君子心顯,1
3443,有君子心顯豁,1
3444,君子心顯豁知,1
3445,子心顯豁知幽,1
3446,心顯豁知幽抱,1
3447,顯豁知幽抱長,1
3448,豁知幽抱長空,1
3449,知幽抱長空碧,1
3450,幽抱長空碧杳,1
3451,抱長空碧杳杳,1
3452,長空碧杳杳萬,1
3453,空碧杳杳萬古,1
3454,碧杳杳萬古一,1
3455,杳杳萬古一飛,1
3456,杳萬古一飛鳥,1
3457,萬古一飛鳥生,1
3458,古一飛鳥生前,1
3459,一飛鳥生前酒,1
3460,飛鳥生前酒伴,1
3461,鳥生前酒伴閑,1
3462,生前酒伴閑愁,1
3463,前酒伴閑愁醉,1
3464,酒伴閑愁醉閑,1
3465,伴閑愁醉閑多,1
3466,閑愁醉閑多少,1
3467,愁醉閑多少煙,1
3468,醉閑多少煙深,1
3469,閑多少煙深隋,1
3470,多少煙深隋家,1
3471,少煙深隋家寺,1
3472,煙深隋家寺殷,1
3473,深隋家寺殷葉,1
3474,隋家寺殷葉暗,1
3475,家寺殷葉暗相,1
3476,寺殷葉暗相照,1
3477,殷葉暗相照獨,1
3478,葉暗相照獨佩,1
3479,暗相照獨佩一,1
3480,相照獨佩一壺,1
3481,照獨佩一壺游,1
3482,獨佩一壺游秋,1
3483,佩一壺游秋毫,1
3484,一壺游秋毫泰,1
3485,壺游秋毫泰山,1
3486,游秋毫泰山小,1
3487,秋毫泰山小春,1
3488,毫泰山小春半,1
3489,泰山小春半年,1
3490,山小春半年已,1
3491,小春半年已除,1
3492,春半年已除其,1
3493,半年已除其餘,1
3494,年已除其餘強,1
3495,已除其餘強為,1
3496,除其餘強為有,1
3497,其餘強為有即,1
3498,餘強為有即此,1
3499,強為有即此醉,1
3500,為有即此醉殘,1
3501,有即此醉殘花,1
3502,即此醉殘花便,1
3503,此醉殘花便同,1
3504,醉殘花便同嘗,1
3505,殘花便同嘗臘,1
3506,花便同嘗臘酒,1
3507,便同嘗臘酒悵,1
3508,同嘗臘酒悵望,1
3509,嘗臘酒悵望送,1
3510,臘酒悵望送春,1
3511,酒悵望送春杯,1
3512,悵望送春杯殷,1
3513,望送春杯殷勤,1
3514,送春杯殷勤掃,1
3515,春杯殷勤掃花,1
3516,杯殷勤掃花帚,1
3517,殷勤掃花帚誰,1
3518,勤掃花帚誰為,1
3519,掃花帚誰為駐,1
3520,花帚誰為駐東,1
3521,帚誰為駐東流,1
3522,誰為駐東流年,1
3523,為駐東流年年,1
3524,駐東流年年長,1
3525,東流年年長在,1
3526,流年年長在手,1
3527,年年長在手去,1
3528,年長在手去夏,1
3529,長在手去夏疏,1
3530,在手去夏疏雨,1
3531,手去夏疏雨餘,1
3532,去夏疏雨餘同,1
3533,夏疏雨餘同倚,1
3534,疏雨餘同倚朱,1
3535,雨餘同倚朱闌,1
3536,餘同倚朱闌語,1
3537,同倚朱闌語當,1
3538,倚朱闌語當時,1
3539,朱闌語當時樓,1
3540,闌語當時樓下,1
3541,語當時樓下水,1
3542,當時樓下水今,1
3543,時樓下水今日,1
3544,樓下水今日到,1
3545,下水今日到何,1
3546,水今日到何處,1
3547,今日到何處恨,1
3548,日到何處恨如,1
3549,到何處恨如春,1
3550,何處恨如春草,1
3551,處恨如春草多,1
3552,恨如春草多事,1
3553,如春草多事與,1
3554,春草多事與孤,1
3555,草多事與孤鴻,1
3556,多事與孤鴻去,1
3557,事與孤鴻去楚,1
3558,與孤鴻去楚岸,1
3559,孤鴻去楚岸柳,1
3560,鴻去楚岸柳何,1
3561,去楚岸柳何窮,1
3562,楚岸柳何窮別,1
3563,岸柳何窮別愁,1
3564,柳何窮別愁紛,1
3565,何窮別愁紛若,1
3566,窮別愁紛若絮,1
3567,別愁紛若絮始,1
3568,愁紛若絮始皇,1
3569,紛若絮始皇東,1
3570,若絮始皇東游,1
3571,絮始皇東游出,1
3572,始皇東游出周,1
3573,皇東游出周鼎,1
3574,東游出周鼎劉,1
3575,游出周鼎劉項,1
3576,出周鼎劉項縱,1
3577,周鼎劉項縱觀,1
3578,鼎劉項縱觀皆,1
3579,劉項縱觀皆引,1
3580,項縱觀皆引頸,1
3581,縱觀皆引頸削,1
3582,觀皆引頸削平,1
3583,皆引頸削平天,1
3584,引頸削平天下,1
3585,頸削平天下實,1
3586,削平天下實辛,1
3587,平天下實辛勤,1
3588,天下實辛勤卻,1
3589,下實辛勤卻為,1
3590,實辛勤卻為道,1
3591,辛勤卻為道傍,1
3592,勤卻為道傍窮,1
3593,卻為道傍窮百,1
3594,為道傍窮百姓,1
3595,道傍窮百姓黔,1
3596,傍窮百姓黔首,1
3597,窮百姓黔首不,1
3598,百姓黔首不愚,1
3599,姓黔首不愚爾,1
3600,黔首不愚爾益,1
3601,首不愚爾益愚,1
3602,不愚爾益愚千,1
3603,愚爾益愚千里,1
3604,爾益愚千里函,1
3605,益愚千里函關,1
3606,愚千里函關囚,1
3607,千里函關囚獨,1
3608,里函關囚獨夫,1
3609,函關囚獨夫牧,1
3610,關囚獨夫牧童,1
3611,囚獨夫牧童火,1
3612,獨夫牧童火入,1
3613,夫牧童火入九,1
3614,牧童火入九泉,1
3615,童火入九泉底,1
3616,火入九泉底燒,1
3617,入九泉底燒作,1
3618,九泉底燒作灰,1
3619,泉底燒作灰時,1
3620,底燒作灰時猶,1
3621,燒作灰時猶未,1
3622,作灰時猶未枯,1
3623,灰時猶未枯昔,1
3624,時猶未枯昔子,1
3625,猶未枯昔子來,1
3626,未枯昔子來陵,1
3627,枯昔子來陵陽,1
3628,昔子來陵陽時,1
3629,子來陵陽時當,1
3630,來陵陽時當苦,1
3631,陵陽時當苦炎,1
3632,陽時當苦炎熱,1
3633,時當苦炎熱我,1
3634,當苦炎熱我雖,1
3635,苦炎熱我雖在,1
3636,炎熱我雖在金,1
3637,熱我雖在金台,1
3638,我雖在金台頭,1
3639,雖在金台頭角,1
3640,在金台頭角長,1
3641,金台頭角長垂,1
3642,台頭角長垂折,1
3643,頭角長垂折奉,1
3644,角長垂折奉披,1
3645,長垂折奉披塵,1
3646,垂折奉披塵意,1
3647,折奉披塵意驚,1
3648,奉披塵意驚立,1
3649,披塵意驚立語,1
3650,塵意驚立語平,1
3651,意驚立語平生,1
3652,驚立語平生豁,1
3653,立語平生豁寺,1
3654,語平生豁寺樓,1
3655,平生豁寺樓最,1
3656,生豁寺樓最鶱,1
3657,豁寺樓最鶱軒,1
3658,寺樓最鶱軒坐,1
3659,樓最鶱軒坐送,1
3660,最鶱軒坐送飛,1
3661,鶱軒坐送飛鳥,1
3662,軒坐送飛鳥沒,1
3663,坐送飛鳥沒一,1
3664,送飛鳥沒一樽,1
3665,飛鳥沒一樽中,1
3666,鳥沒一樽中夜,1
3667,沒一樽中夜酒,1
3668,一樽中夜酒半,1
3669,樽中夜酒半破,1
3670,中夜酒半破前,1
3671,夜酒半破前峰,1
3672,酒半破前峰月,1
3673,半破前峰月煙,1
3674,破前峰月煙院,1
3675,前峰月煙院松,1
3676,峰月煙院松飄,1
3677,月煙院松飄蕭,1
3678,煙院松飄蕭風,1
3679,院松飄蕭風廊,1
3680,松飄蕭風廊竹,1
3681,飄蕭風廊竹交,1
3682,蕭風廊竹交戛,1
3683,風廊竹交戛時,1
3684,廊竹交戛時步,1
3685,竹交戛時步郭,1
3686,交戛時步郭西,1
3687,戛時步郭西南,1
3688,時步郭西南繚,1
3689,步郭西南繚徑,1
3690,郭西南繚徑苔,1
3691,西南繚徑苔圓,1
3692,南繚徑苔圓折,1
3693,繚徑苔圓折好,1
3694,徑苔圓折好鳥,1
3695,苔圓折好鳥響,1
3696,圓折好鳥響丁,1
3697,折好鳥響丁丁,1
3698,好鳥響丁丁小,1
3699,鳥響丁丁小溪,1
3700,響丁丁小溪光,1
3701,丁丁小溪光汃,1
3702,丁小溪光汃汃,1
3703,小溪光汃汃籬,1
3704,溪光汃汃籬落,1
3705,光汃汃籬落見,1
3706,汃汃籬落見娉,1
3707,汃籬落見娉婷,1
3708,籬落見娉婷機,1
3709,落見娉婷機絲,1
3710,見娉婷機絲弄,1
3711,娉婷機絲弄啞,1
3712,婷機絲弄啞軋,1
3713,機絲弄啞軋煙,1
3714,絲弄啞軋煙濕,1
3715,弄啞軋煙濕樹,1
3716,啞軋煙濕樹姿,1
3717,軋煙濕樹姿嬌,1
3718,煙濕樹姿嬌雨,1
3719,濕樹姿嬌雨餘,1
3720,樹姿嬌雨餘山,1
3721,姿嬌雨餘山態,1
3722,嬌雨餘山態活,1
3723,雨餘山態活仲,1
3724,餘山態活仲秋,1
3725,山態活仲秋往,1
3726,態活仲秋往曆,1
3727,活仲秋往曆陽,1
3728,仲秋往曆陽同,1
3729,秋往曆陽同上,1
3730,往曆陽同上牛,1
3731,曆陽同上牛磯,1
3732,陽同上牛磯歇,1
3733,同上牛磯歇大,1
3734,上牛磯歇大江,1
3735,牛磯歇大江吞,1
3736,磯歇大江吞天,1
3737,歇大江吞天去,1
3738,大江吞天去一,1
3739,江吞天去一練,1
3740,吞天去一練橫,1
3741,天去一練橫坤,1
3742,去一練橫坤抹,1
3743,一練橫坤抹千,1
3744,練橫坤抹千帆,1
3745,橫坤抹千帆美,1
3746,坤抹千帆美滿,1
3747,抹千帆美滿風,1
3748,千帆美滿風曉,1
3749,帆美滿風曉日,1
3750,美滿風曉日殷,1
3751,滿風曉日殷鮮,1
3752,風曉日殷鮮血,1
3753,曉日殷鮮血曆,1
3754,日殷鮮血曆陽,1
3755,殷鮮血曆陽裴,1
3756,鮮血曆陽裴太,1
3757,血曆陽裴太守,1
3758,曆陽裴太守襟,1
3759,陽裴太守襟韻,1
3760,裴太守襟韻苦,1
3761,太守襟韻苦超,1
3762,守襟韻苦超越,1
3763,襟韻苦超越鞔,1
3764,韻苦超越鞔鼓,1
3765,苦超越鞔鼓畫,1
3766,超越鞔鼓畫麒,1
3767,越鞔鼓畫麒麟,1
3768,鞔鼓畫麒麟看,1
3769,鼓畫麒麟看君,1
3770,畫麒麟看君擊,1
3771,麒麟看君擊狂,1
3772,麟看君擊狂節,1
3773,看君擊狂節離,1
3774,君擊狂節離袖,1
3775,擊狂節離袖颭,1
3776,狂節離袖颭應,1
3777,節離袖颭應勞,1
3778,離袖颭應勞恨,1
3779,袖颭應勞恨粉,1
3780,颭應勞恨粉啼,1
3781,應勞恨粉啼還,1
3782,勞恨粉啼還咽,1
3783,恨粉啼還咽明,1
3784,粉啼還咽明年,1
3785,啼還咽明年忝,1
3786,還咽明年忝諫,1
3787,咽明年忝諫官,1
3788,明年忝諫官綠,1
3789,年忝諫官綠樹,1
3790,忝諫官綠樹秦,1
3791,諫官綠樹秦川,1
3792,官綠樹秦川闊,1
3793,綠樹秦川闊子,1
3794,樹秦川闊子提,1
3795,秦川闊子提健,1
3796,川闊子提健筆,1
3797,闊子提健筆來,1
3798,子提健筆來勢,1
3799,提健筆來勢若,1
3800,健筆來勢若誇,1
3801,筆來勢若誇父,1
3802,來勢若誇父渴,1
3803,勢若誇父渴九,1
3804,若誇父渴九衢,1
3805,誇父渴九衢林,1
3806,父渴九衢林馬,1
3807,渴九衢林馬撾,1
3808,九衢林馬撾千,1
3809,衢林馬撾千門,1
3810,林馬撾千門織,1
3811,馬撾千門織車,1
3812,撾千門織車轍,1
3813,千門織車轍秦,1
3814,門織車轍秦台,1
3815,織車轍秦台破,1
3816,車轍秦台破心,1
3817,轍秦台破心膽,1
3818,秦台破心膽黥,1
3819,台破心膽黥陣,1
3820,破心膽黥陣驚,1
3821,心膽黥陣驚毛,1
3822,膽黥陣驚毛髮,1
3823,黥陣驚毛髮子,1
3824,陣驚毛髮子既,1
3825,驚毛髮子既屈,1
3826,毛髮子既屈一,1
3827,髮子既屈一鳴,1
3828,子既屈一鳴餘,1
3829,既屈一鳴餘固,1
3830,屈一鳴餘固宜,1
3831,一鳴餘固宜三,1
3832,鳴餘固宜三刖,1
3833,餘固宜三刖慵,1
3834,固宜三刖慵憂,1
3835,宜三刖慵憂長,1
3836,三刖慵憂長者,1
3837,刖慵憂長者來,1
3838,慵憂長者來病,1
3839,憂長者來病怯,1
3840,長者來病怯長,1
3841,者來病怯長街,1
3842,來病怯長街喝,1
3843,病怯長街喝僧,1
3844,怯長街喝僧爐,1
3845,長街喝僧爐風,1
3846,街喝僧爐風雪,1
3847,喝僧爐風雪夜,1
3848,僧爐風雪夜相,1
3849,爐風雪夜相對,1
3850,風雪夜相對眠,1
3851,雪夜相對眠一,1
3852,夜相對眠一褐,1
3853,相對眠一褐暖,1
3854,對眠一褐暖灰,1
3855,眠一褐暖灰重,1
3856,一褐暖灰重擁,1
3857,褐暖灰重擁瓶,1
3858,暖灰重擁瓶曉,1
3859,灰重擁瓶曉粥,1
3860,重擁瓶曉粥還,1
3861,擁瓶曉粥還分,1
3862,瓶曉粥還分缽,1
3863,曉粥還分缽青,1
3864,粥還分缽青雲,1
3865,還分缽青雲馬,1
3866,分缽青雲馬生,1
3867,缽青雲馬生角,1
3868,青雲馬生角黃,1
3869,雲馬生角黃州,1
3870,馬生角黃州使,1
3871,生角黃州使持,1
3872,角黃州使持節,1
3873,黃州使持節秦,1
3874,州使持節秦嶺,1
3875,使持節秦嶺望,1
3876,持節秦嶺望樊,1
3877,節秦嶺望樊川,1
3878,秦嶺望樊川只,1
3879,嶺望樊川只得,1
3880,望樊川只得回,1
3881,樊川只得回頭,1
3882,川只得回頭別,1
3883,只得回頭別商,1
3884,得回頭別商山,1
3885,回頭別商山四,1
3886,頭別商山四皓,1
3887,別商山四皓祠,1
3888,商山四皓祠心,1
3889,山四皓祠心與,1
3890,四皓祠心與樗,1
3891,皓祠心與樗蒲,1
3892,祠心與樗蒲說,1
3893,心與樗蒲說大,1
3894,與樗蒲說大澤,1
3895,樗蒲說大澤蒹,1
3896,蒲說大澤蒹葭,1
3897,說大澤蒹葭風,1
3898,大澤蒹葭風孤,1
3899,澤蒹葭風孤城,1
3900,蒹葭風孤城狐,1
3901,葭風孤城狐兔,1
3902,風孤城狐兔窟,1
3903,孤城狐兔窟且,1
3904,城狐兔窟且複,1
3905,狐兔窟且複考,1
3906,兔窟且複考詩,1
3907,窟且複考詩書,1
3908,且複考詩書無,1
3909,複考詩書無因,1
3910,考詩書無因見,1
3911,詩書無因見簪,1
3912,書無因見簪笏,1
3913,無因見簪笏古,1
3914,因見簪笏古訓,1
3915,見簪笏古訓屹,1
3916,簪笏古訓屹如,1
3917,笏古訓屹如山,1
3918,古訓屹如山古,1
3919,訓屹如山古風,1
3920,屹如山古風冷,1
3921,如山古風冷刮,1
3922,山古風冷刮骨,1
3923,古風冷刮骨周,1
3924,風冷刮骨周鼎,1
3925,冷刮骨周鼎列,1
3926,刮骨周鼎列瓶,1
3927,骨周鼎列瓶罌,1
3928,周鼎列瓶罌荊,1
3929,鼎列瓶罌荊璧,1
3930,列瓶罌荊璧橫,1
3931,瓶罌荊璧橫拋,1
3932,罌荊璧橫拋摋,1
3933,荊璧橫拋摋力,1
3934,璧橫拋摋力盡,1
3935,橫拋摋力盡不,1
3936,拋摋力盡不可,1
3937,摋力盡不可取,1
3938,力盡不可取忽,1
3939,盡不可取忽忽,1
3940,不可取忽忽狂,1
3941,可取忽忽狂歌,1
3942,取忽忽狂歌發,1
3943,忽忽狂歌發三,1
3944,忽狂歌發三年,1
3945,狂歌發三年未,1
3946,歌發三年未為,1
3947,發三年未為苦,1
3948,三年未為苦兩,1
3949,年未為苦兩郡,1
3950,未為苦兩郡非,1
3951,為苦兩郡非不,1
3952,苦兩郡非不達,1
3953,兩郡非不達秋,1
3954,郡非不達秋浦,1
3955,非不達秋浦倚,1
3956,不達秋浦倚吳,1
3957,達秋浦倚吳江,1
3958,秋浦倚吳江去,1
3959,浦倚吳江去楫,1
3960,倚吳江去楫飛,1
3961,吳江去楫飛青,1
3962,江去楫飛青鶻,1
3963,去楫飛青鶻溪,1
3964,楫飛青鶻溪山,1
3965,飛青鶻溪山好,1
3966,青鶻溪山好畫,1
3967,鶻溪山好畫圖,1
3968,溪山好畫圖洞,1
3969,山好畫圖洞壑,1
3970,好畫圖洞壑深,1
3971,畫圖洞壑深閨,1
3972,圖洞壑深閨闥,1
3973,洞壑深閨闥竹,1
3974,壑深閨闥竹岡,1
3975,深閨闥竹岡森,1
3976,閨闥竹岡森羽,1
3977,闥竹岡森羽林,1
3978,竹岡森羽林花,1
3979,岡森羽林花塢,1
3980,森羽林花塢團,1
3981,羽林花塢團宮,1
3982,林花塢團宮纈,1
3983,花塢團宮纈景,1
3984,塢團宮纈景物,1
3985,團宮纈景物非,1
3986,宮纈景物非不,1
3987,纈景物非不佳,1
3988,景物非不佳獨,1
3989,物非不佳獨坐,1
3990,非不佳獨坐如,1
3991,不佳獨坐如鞲,1
3992,佳獨坐如鞲絏,1
3993,獨坐如鞲絏丹,1
3994,坐如鞲絏丹鵲,1
3995,如鞲絏丹鵲東,1
3996,鞲絏丹鵲東飛,1
3997,絏丹鵲東飛來,1
3998,丹鵲東飛來喃,1
3999,鵲東飛來喃喃,1
4000,東飛來喃喃送,1
4001,飛來喃喃送君,1
4002,來喃喃送君劄,1
4003,喃喃送君劄呼,1
4004,喃送君劄呼兒,1
4005,送君劄呼兒旋,1
4006,君劄呼兒旋供,1
4007,劄呼兒旋供衫,1
4008,呼兒旋供衫走,1
4009,兒旋供衫走門,1
4010,旋供衫走門空,1
4011,供衫走門空踏,1
4012,衫走門空踏襪,1
4013,走門空踏襪手,1
4014,門空踏襪手把,1
4015,空踏襪手把一,1
4016,踏襪手把一枝,1
4017,襪手把一枝物,1
4018,手把一枝物桂,1
4019,把一枝物桂花,1
4020,一枝物桂花香,1
4021,枝物桂花香帶,1
4022,物桂花香帶雪,1
4023,桂花香帶雪喜,1
4024,花香帶雪喜極,1
4025,香帶雪喜極至,1
4026,帶雪喜極至無,1
4027,雪喜極至無言,1
4028,喜極至無言笑,1
4029,極至無言笑餘,1
4030,至無言笑餘翻,1
4031,無言笑餘翻不,1
4032,言笑餘翻不悅,1
4033,笑餘翻不悅人,1
4034,餘翻不悅人生,1
4035,翻不悅人生直,1
4036,不悅人生直作,1
4037,悅人生直作百,1
4038,人生直作百歲,1
4039,生直作百歲翁,1
4040,直作百歲翁亦,1
4041,作百歲翁亦是,1
4042,百歲翁亦是萬,1
4043,歲翁亦是萬古,1
4044,翁亦是萬古一,1
4045,亦是萬古一瞬,1
4046,是萬古一瞬中,1
4047,萬古一瞬中我,1
4048,古一瞬中我欲,1
4049,一瞬中我欲東,1
4050,瞬中我欲東召,1
4051,中我欲東召龍,1
4052,我欲東召龍伯,1
4053,欲東召龍伯翁,1
4054,東召龍伯翁上,1
4055,召龍伯翁上天,1
4056,龍伯翁上天揭,1
4057,伯翁上天揭取,1
4058,翁上天揭取北,1
4059,上天揭取北斗,1
4060,天揭取北斗柄,1
4061,揭取北斗柄蓬,1
4062,取北斗柄蓬萊,1
4063,北斗柄蓬萊頂,1
4064,斗柄蓬萊頂上,1
4065,柄蓬萊頂上斡,1
4066,蓬萊頂上斡海,1
4067,萊頂上斡海水,1
4068,頂上斡海水水,1
4069,上斡海水水盡,1
4070,斡海水水盡到,1
4071,海水水盡到底,1
4072,水水盡到底看,1
4073,水盡到底看海,1
4074,盡到底看海空,1
4075,到底看海空月,1
4076,底看海空月於,1
4077,看海空月於何,1
4078,海空月於何處,1
4079,空月於何處去,1
4080,月於何處去日,1
4081,於何處去日於,1
4082,何處去日於何,1
4083,處去日於何處,1
4084,去日於何處來,1
4085,日於何處來跳,1
4086,於何處來跳丸,1
4087,何處來跳丸相,1
4088,處來跳丸相趁,1
4089,來跳丸相趁走,1
4090,跳丸相趁走不,1
4091,丸相趁走不住,1
4092,相趁走不住堯,1
4093,趁走不住堯舜,1
4094,走不住堯舜禹,1
4095,不住堯舜禹湯,1
4096,住堯舜禹湯文,1
4097,堯舜禹湯文武,1
4098,舜禹湯文武周,1
4099,禹湯文武周孔,1
4100,湯文武周孔皆,1
4101,文武周孔皆為,1
4102,武周孔皆為灰,1
4103,周孔皆為灰酌,1
4104,孔皆為灰酌此,1
4105,皆為灰酌此一,1
4106,為灰酌此一杯,1
4107,灰酌此一杯酒,1
4108,酌此一杯酒與,1
4109,此一杯酒與君,1
4110,一杯酒與君狂,1
4111,杯酒與君狂且,1
4112,酒與君狂且歌,1
4113,與君狂且歌離,1
4114,君狂且歌離別,1
4115,狂且歌離別豈,1
4116,且歌離別豈足,1
4117,歌離別豈足更,1
4118,離別豈足更關,1
4119,別豈足更關意,1
4120,豈足更關意衰,1
4121,足更關意衰老,1
4122,更關意衰老相,1
4123,關意衰老相隨,1
4124,意衰老相隨可,1
4125,衰老相隨可奈,1
4126,老相隨可奈何,1
4127,相隨可奈何手,1
4128,隨可奈何手撚,1
4129,可奈何手撚金,1
4130,奈何手撚金僕,1
4131,何手撚金僕姑,1
4132,手撚金僕姑腰,1
4133,撚金僕姑腰懸,1
4134,金僕姑腰懸玉,1
4135,僕姑腰懸玉轆,1
4136,姑腰懸玉轆轤,1
4137,腰懸玉轆轤爬,1
4138,懸玉轆轤爬頭,1
4139,玉轆轤爬頭峰,1
4140,轆轤爬頭峰北,1
4141,轤爬頭峰北正,1
4142,爬頭峰北正好,1
4143,頭峰北正好去,1
4144,峰北正好去系,1
4145,北正好去系取,1
4146,正好去系取可,1
4147,好去系取可汗,1
4148,去系取可汗鉗,1
4149,系取可汗鉗作,1
4150,取可汗鉗作奴,1
4151,可汗鉗作奴六,1
4152,汗鉗作奴六宮,1
4153,鉗作奴六宮雖,1
4154,作奴六宮雖念,1
4155,奴六宮雖念相,1
4156,六宮雖念相如,1
4157,宮雖念相如賦,1
4158,雖念相如賦其,1
4159,念相如賦其那,1
4160,相如賦其那防,1
4161,如賦其那防邊,1
4162,賦其那防邊重,1
4163,其那防邊重武,1
4164,那防邊重武夫,1
4165,防邊重武夫弄,1
4166,邊重武夫弄水,1
4167,重武夫弄水亭,1
4168,武夫弄水亭前,1
4169,夫弄水亭前溪,1
4170,弄水亭前溪颭,1
4171,水亭前溪颭灩,1
4172,亭前溪颭灩翠,1
4173,前溪颭灩翠綃,1
4174,溪颭灩翠綃舞,1
4175,颭灩翠綃舞綺,1
4176,灩翠綃舞綺席,1
4177,翠綃舞綺席草,1
4178,綃舞綺席草芊,1
4179,舞綺席草芊芊,1
4180,綺席草芊芊紫,1
4181,席草芊芊紫嵐,1
4182,草芊芊紫嵐峰,1
4183,芊芊紫嵐峰伍,1
4184,芊紫嵐峰伍伍,1
4185,紫嵐峰伍伍螭,1
4186,嵐峰伍伍螭蟠,1
4187,峰伍伍螭蟠得,1
4188,伍伍螭蟠得形,1
4189,伍螭蟠得形勢,1
4190,螭蟠得形勢翬,1
4191,蟠得形勢翬飛,1
4192,得形勢翬飛如,1
4193,形勢翬飛如軒,1
4194,勢翬飛如軒戶,1
4195,翬飛如軒戶一,1
4196,飛如軒戶一鏡,1
4197,如軒戶一鏡奩,1
4198,軒戶一鏡奩曲,1
4199,戶一鏡奩曲堤,1
4200,一鏡奩曲堤萬,1
4201,鏡奩曲堤萬丸,1
4202,奩曲堤萬丸跳,1
4203,曲堤萬丸跳猛,1
4204,堤萬丸跳猛雨,1
4205,萬丸跳猛雨檻,1
4206,丸跳猛雨檻前,1
4207,跳猛雨檻前燕,1
4208,猛雨檻前燕雁,1
4209,雨檻前燕雁棲,1
4210,檻前燕雁棲枕,1
4211,前燕雁棲枕上,1
4212,燕雁棲枕上巴,1
4213,雁棲枕上巴帆,1
4214,棲枕上巴帆去,1
4215,枕上巴帆去叢,1
4216,上巴帆去叢筠,1
4217,巴帆去叢筠侍,1
4218,帆去叢筠侍修,1
4219,去叢筠侍修廊,1
4220,叢筠侍修廊密,1
4221,筠侍修廊密蕙,1
4222,侍修廊密蕙媚,1
4223,修廊密蕙媚幽,1
4224,廊密蕙媚幽圃,1
4225,密蕙媚幽圃杉,1
4226,蕙媚幽圃杉樹,1
4227,媚幽圃杉樹碧,1
4228,幽圃杉樹碧為,1
4229,圃杉樹碧為幢,1
4230,杉樹碧為幢花,1
4231,樹碧為幢花駢,1
4232,碧為幢花駢紅,1
4233,為幢花駢紅作,1
4234,幢花駢紅作堵,1
4235,花駢紅作堵停,1
4236,駢紅作堵停樽,1
4237,紅作堵停樽遲,1
4238,作堵停樽遲晚,1
4239,堵停樽遲晚月,1
4240,停樽遲晚月咽,1
4241,樽遲晚月咽咽,1
4242,遲晚月咽咽上,1
4243,晚月咽咽上幽,1
4244,月咽咽上幽渚,1
4245,咽咽上幽渚客,1
4246,咽上幽渚客舟,1
4247,上幽渚客舟耿,1
4248,幽渚客舟耿孤,1
4249,渚客舟耿孤燈,1
4250,客舟耿孤燈萬,1
4251,舟耿孤燈萬里,1
4252,耿孤燈萬里人,1
4253,孤燈萬里人夜,1
4254,燈萬里人夜語,1
4255,萬里人夜語漫,1
4256,里人夜語漫流,1
4257,人夜語漫流罥,1
4258,夜語漫流罥苔,1
4259,語漫流罥苔槎,1
4260,漫流罥苔槎饑,1
4261,流罥苔槎饑鳧,1
4262,罥苔槎饑鳧曬,1
4263,苔槎饑鳧曬雪,1
4264,槎饑鳧曬雪羽,1
4265,饑鳧曬雪羽玄,1
4266,鳧曬雪羽玄絲,1
4267,曬雪羽玄絲落,1
4268,雪羽玄絲落鉤,1
4269,羽玄絲落鉤餌,1
4270,玄絲落鉤餌冰,1
4271,絲落鉤餌冰鱗,1
4272,落鉤餌冰鱗看,1
4273,鉤餌冰鱗看吞,1
4274,餌冰鱗看吞吐,1
4275,冰鱗看吞吐斷,1
4276,鱗看吞吐斷霓,1
4277,看吞吐斷霓天,1
4278,吞吐斷霓天帔,1
4279,吐斷霓天帔垂,1
4280,斷霓天帔垂狂,1
4281,霓天帔垂狂燒,1
4282,天帔垂狂燒漢,1
4283,帔垂狂燒漢旗,1
4284,垂狂燒漢旗怒,1
4285,狂燒漢旗怒曠,1
4286,燒漢旗怒曠朗,1
4287,漢旗怒曠朗半,1
4288,旗怒曠朗半秋,1
4289,怒曠朗半秋曉,1
4290,曠朗半秋曉蕭,1
4291,朗半秋曉蕭瑟,1
4292,半秋曉蕭瑟好,1
4293,秋曉蕭瑟好風,1
4294,曉蕭瑟好風露,1
4295,蕭瑟好風露光,1
4296,瑟好風露光潔,1
4297,好風露光潔疑,1
4298,風露光潔疑可,1
4299,露光潔疑可攬,1
4300,光潔疑可攬欲,1
4301,潔疑可攬欲以,1
4302,疑可攬欲以襟,1
4303,可攬欲以襟懷,1
4304,攬欲以襟懷貯,1
4305,欲以襟懷貯幽,1
4306,以襟懷貯幽抱,1
4307,襟懷貯幽抱吟,1
4308,懷貯幽抱吟九,1
4309,貯幽抱吟九歌,1
4310,幽抱吟九歌羈,1
4311,抱吟九歌羈情,1
4312,吟九歌羈情思,1
4313,九歌羈情思湘,1
4314,歌羈情思湘浦,1
4315,羈情思湘浦四,1
4316,情思湘浦四時,1
4317,思湘浦四時皆,1
4318,湘浦四時皆異,1
4319,浦四時皆異狀,1
4320,四時皆異狀終,1
4321,時皆異狀終日,1
4322,皆異狀終日為,1
4323,異狀終日為良,1
4324,狀終日為良遇,1
4325,終日為良遇小,1
4326,日為良遇小山,1
4327,為良遇小山浸,1
4328,良遇小山浸石,1
4329,遇小山浸石棱,1
4330,小山浸石棱撐,1
4331,山浸石棱撐舟,1
4332,浸石棱撐舟入,1
4333,石棱撐舟入幽,1
4334,棱撐舟入幽處,1
4335,撐舟入幽處孤,1
4336,舟入幽處孤歌,1
4337,入幽處孤歌倚,1
4338,幽處孤歌倚桂,1
4339,處孤歌倚桂岩,1
4340,孤歌倚桂岩晚,1
4341,歌倚桂岩晚酒,1
4342,倚桂岩晚酒眠,1
4343,桂岩晚酒眠松,1
4344,岩晚酒眠松塢,1
4345,晚酒眠松塢紆,1
4346,酒眠松塢紆餘,1
4347,眠松塢紆餘帶,1
4348,松塢紆餘帶竹,1
4349,塢紆餘帶竹村,1
4350,紆餘帶竹村蠶,1
4351,餘帶竹村蠶鄉,1
4352,帶竹村蠶鄉足,1
4353,竹村蠶鄉足砧,1
4354,村蠶鄉足砧杵,1
4355,蠶鄉足砧杵塍,1
4356,鄉足砧杵塍泉,1
4357,足砧杵塍泉落,1
4358,砧杵塍泉落環,1
4359,杵塍泉落環佩,1
4360,塍泉落環佩畦,1
4361,泉落環佩畦苗,1
4362,落環佩畦苗差,1
4363,環佩畦苗差纂,1
4364,佩畦苗差纂組,1
4365,畦苗差纂組風,1
4366,苗差纂組風俗,1
4367,差纂組風俗知,1
4368,纂組風俗知所,1
4369,組風俗知所尚,1
4370,風俗知所尚豪,1
4371,俗知所尚豪強,1
4372,知所尚豪強恥,1
4373,所尚豪強恥孤,1
4374,尚豪強恥孤侮,1
4375,豪強恥孤侮鄰,1
4376,強恥孤侮鄰喪,1
4377,恥孤侮鄰喪不,1
4378,孤侮鄰喪不相,1
4379,侮鄰喪不相舂,1
4380,鄰喪不相舂公,1
4381,喪不相舂公租,1
4382,不相舂公租無,1
4383,相舂公租無詬,1
4384,舂公租無詬負,1
4385,公租無詬負農,1
4386,租無詬負農時,1
4387,無詬負農時貴,1
4388,詬負農時貴伏,1
4389,負農時貴伏臘,1
4390,農時貴伏臘簪,1
4391,時貴伏臘簪瑱,1
4392,貴伏臘簪瑱事,1
4393,伏臘簪瑱事禮,1
4394,臘簪瑱事禮賂,1
4395,簪瑱事禮賂鄉,1
4396,瑱事禮賂鄉校,1
4397,事禮賂鄉校富,1
4398,禮賂鄉校富華,1
4399,賂鄉校富華禮,1
4400,鄉校富華禮征,1
4401,校富華禮征行,1
4402,富華禮征行產,1
4403,華禮征行產強,1
4404,禮征行產強弩,1
4405,征行產強弩不,1
4406,行產強弩不能,1
4407,產強弩不能自,1
4408,強弩不能自勉,1
4409,弩不能自勉去,1
4410,不能自勉去但,1
4411,能自勉去但愧,1
4412,自勉去但愧來,1
4413,勉去但愧來何,1
4414,去但愧來何暮,1
4415,但愧來何暮故,1
4416,愧來何暮故園,1
4417,來何暮故園漢,1
4418,何暮故園漢上,1
4419,暮故園漢上林,1
4420,故園漢上林信,1
4421,園漢上林信美,1
4422,漢上林信美非,1
4423,上林信美非吾,1
4424,林信美非吾土,1
4425,信美非吾土南,1
4426,美非吾土南朝,1
4427,非吾土南朝謝,1
4428,吾土南朝謝脁,1
4429,土南朝謝脁城,1
4430,南朝謝脁城東,1
4431,朝謝脁城東吳,1
4432,謝脁城東吳最,1
4433,脁城東吳最深,1
4434,城東吳最深處,1
4435,東吳最深處亡,1
4436,吳最深處亡國,1
4437,最深處亡國去,1
4438,深處亡國去如,1
4439,處亡國去如鴻,1
4440,亡國去如鴻遺,1
4441,國去如鴻遺寺,1
4442,去如鴻遺寺藏,1
4443,如鴻遺寺藏煙,1
4444,鴻遺寺藏煙塢,1
4445,遺寺藏煙塢樓,1
4446,寺藏煙塢樓飛,1
4447,藏煙塢樓飛九,1
4448,煙塢樓飛九十,1
4449,塢樓飛九十尺,1
4450,樓飛九十尺廊,1
4451,飛九十尺廊環,1
4452,九十尺廊環四,1
4453,十尺廊環四百,1
4454,尺廊環四百柱,1
4455,廊環四百柱高,1
4456,環四百柱高高,1
4457,四百柱高高下,1
4458,百柱高高下下,1
4459,柱高高下下中,1
4460,高高下下中風,1
4461,高下下中風繞,1
4462,下下中風繞松,1
4463,下中風繞松桂,1
4464,中風繞松桂樹,1
4465,風繞松桂樹青,1
4466,繞松桂樹青苔,1
4467,松桂樹青苔照,1
4468,桂樹青苔照朱,1
4469,樹青苔照朱閣,1
4470,青苔照朱閣白,1
4471,苔照朱閣白鳥,1
4472,照朱閣白鳥兩,1
4473,朱閣白鳥兩相,1
4474,閣白鳥兩相語,1
4475,白鳥兩相語溪,1
4476,鳥兩相語溪聲,1
4477,兩相語溪聲入,1
4478,相語溪聲入僧,1
4479,語溪聲入僧夢,1
4480,溪聲入僧夢月,1
4481,聲入僧夢月色,1
4482,入僧夢月色暉,1
4483,僧夢月色暉粉,1
4484,夢月色暉粉堵,1
4485,月色暉粉堵閱,1
4486,色暉粉堵閱景,1
4487,暉粉堵閱景無,1
4488,粉堵閱景無旦,1
4489,堵閱景無旦夕,1
4490,閱景無旦夕憑,1
4491,景無旦夕憑闌,1
4492,無旦夕憑闌有,1
4493,旦夕憑闌有今,1
4494,夕憑闌有今古,1
4495,憑闌有今古留,1
4496,闌有今古留我,1
4497,有今古留我酒,1
4498,今古留我酒一,1
4499,古留我酒一樽,1
4500,留我酒一樽前,1
4501,我酒一樽前山,1
4502,酒一樽前山看,1
4503,一樽前山看春,1
4504,樽前山看春雨,1
4505,前山看春雨東,1
4506,山看春雨東垠,1
4507,看春雨東垠黑,1
4508,春雨東垠黑風,1
4509,雨東垠黑風駕,1
4510,東垠黑風駕海,1
4511,垠黑風駕海水,1
4512,黑風駕海水海,1
4513,風駕海水海底,1
4514,駕海水海底卷,1
4515,海水海底卷上,1
4516,水海底卷上天,1
4517,海底卷上天中,1
4518,底卷上天中央,1
4519,卷上天中央三,1
4520,上天中央三吳,1
4521,天中央三吳六,1
4522,中央三吳六月,1
4523,央三吳六月忽,1
4524,三吳六月忽淒,1
4525,吳六月忽淒慘,1
4526,六月忽淒慘晚,1
4527,月忽淒慘晚後,1
4528,忽淒慘晚後點,1
4529,淒慘晚後點滴,1
4530,慘晚後點滴來,1
4531,晚後點滴來蒼,1
4532,後點滴來蒼茫,1
4533,點滴來蒼茫錚,1
4534,滴來蒼茫錚棧,1
4535,來蒼茫錚棧雷,1
4536,蒼茫錚棧雷車,1
4537,茫錚棧雷車軸,1
4538,錚棧雷車軸轍,1
4539,棧雷車軸轍壯,1
4540,雷車軸轍壯矯,1
4541,車軸轍壯矯躩,1
4542,軸轍壯矯躩蛟,1
4543,轍壯矯躩蛟龍,1
4544,壯矯躩蛟龍爪,1
4545,矯躩蛟龍爪尾,1
4546,躩蛟龍爪尾長,1
4547,蛟龍爪尾長神,1
4548,龍爪尾長神鞭,1
4549,爪尾長神鞭鬼,1
4550,尾長神鞭鬼馭,1
4551,長神鞭鬼馭載,1
4552,神鞭鬼馭載陰,1
4553,鞭鬼馭載陰帝,1
4554,鬼馭載陰帝來,1
4555,馭載陰帝來往,1
4556,載陰帝來往噴,1
4557,陰帝來往噴灑,1
4558,帝來往噴灑何,1
4559,來往噴灑何顛,1
4560,往噴灑何顛狂,1
4561,噴灑何顛狂四,1
4562,灑何顛狂四面,1
4563,何顛狂四面崩,1
4564,顛狂四面崩騰,1
4565,狂四面崩騰玉,1
4566,四面崩騰玉京,1
4567,面崩騰玉京仗,1
4568,崩騰玉京仗萬,1
4569,騰玉京仗萬里,1
4570,玉京仗萬里橫,1
4571,京仗萬里橫互,1
4572,仗萬里橫互羽,1
4573,萬里橫互羽林,1
4574,里橫互羽林槍,1
4575,橫互羽林槍雲,1
4576,互羽林槍雲纏,1
4577,羽林槍雲纏風,1
4578,林槍雲纏風束,1
4579,槍雲纏風束亂,1
4580,雲纏風束亂敲,1
4581,纏風束亂敲磕,1
4582,風束亂敲磕黃,1
4583,束亂敲磕黃帝,1
4584,亂敲磕黃帝未,1
4585,敲磕黃帝未勝,1
4586,磕黃帝未勝蚩,1
4587,黃帝未勝蚩尤,1
4588,帝未勝蚩尤強,1
4589,未勝蚩尤強百,1
4590,勝蚩尤強百川,1
4591,蚩尤強百川氣,1
4592,尤強百川氣勢,1
4593,強百川氣勢苦,1
4594,百川氣勢苦豪,1
4595,川氣勢苦豪俊,1
4596,氣勢苦豪俊坤,1
4597,勢苦豪俊坤關,1
4598,苦豪俊坤關密,1
4599,豪俊坤關密鎖,1
4600,俊坤關密鎖愁,1
4601,坤關密鎖愁開,1
4602,關密鎖愁開張,1
4603,密鎖愁開張太,1
4604,鎖愁開張太和,1
4605,愁開張太和六,1
4606,開張太和六年,1
4607,張太和六年亦,1
4608,太和六年亦如,1
4609,和六年亦如此,1
4610,六年亦如此我,1
4611,年亦如此我時,1
4612,亦如此我時壯,1
4613,如此我時壯氣,1
4614,此我時壯氣神,1
4615,我時壯氣神洋,1
4616,時壯氣神洋洋,1
4617,壯氣神洋洋東,1
4618,氣神洋洋東樓,1
4619,神洋洋東樓聳,1
4620,洋洋東樓聳首,1
4621,洋東樓聳首看,1
4622,東樓聳首看不,1
4623,樓聳首看不足,1
4624,聳首看不足恨,1
4625,首看不足恨無,1
4626,看不足恨無羽,1
4627,不足恨無羽翼,1
4628,足恨無羽翼高,1
4629,恨無羽翼高飛,1
4630,無羽翼高飛翔,1
4631,羽翼高飛翔盡,1
4632,翼高飛翔盡召,1
4633,高飛翔盡召邑,1
4634,飛翔盡召邑中,1
4635,翔盡召邑中豪,1
4636,盡召邑中豪健,1
4637,召邑中豪健者,1
4638,邑中豪健者闊,1
4639,中豪健者闊展,1
4640,豪健者闊展朱,1
4641,健者闊展朱盤,1
4642,者闊展朱盤開,1
4643,闊展朱盤開酒,1
4644,展朱盤開酒場,1
4645,朱盤開酒場奔,1
4646,盤開酒場奔觥,1
4647,開酒場奔觥槌,1
4648,酒場奔觥槌鼓,1
4649,場奔觥槌鼓助,1
4650,奔觥槌鼓助聲,1
4651,觥槌鼓助聲勢,1
4652,槌鼓助聲勢眼,1
4653,鼓助聲勢眼底,1
4654,助聲勢眼底不,1
4655,聲勢眼底不顧,1
4656,勢眼底不顧纖,1
4657,眼底不顧纖腰,1
4658,底不顧纖腰娘,1
4659,不顧纖腰娘今,1
4660,顧纖腰娘今年,1
4661,纖腰娘今年闒,1
4662,腰娘今年闒茸,1
4663,娘今年闒茸鬢,1
4664,今年闒茸鬢已,1
4665,年闒茸鬢已白,1
4666,闒茸鬢已白奇,1
4667,茸鬢已白奇游,1
4668,鬢已白奇游壯,1
4669,已白奇游壯觀,1
4670,白奇游壯觀唯,1
4671,奇游壯觀唯深,1
4672,游壯觀唯深藏,1
4673,壯觀唯深藏景,1
4674,觀唯深藏景物,1
4675,唯深藏景物不,1
4676,深藏景物不盡,1
4677,藏景物不盡人,1
4678,景物不盡人自,1
4679,物不盡人自老,1
4680,不盡人自老誰,1
4681,盡人自老誰知,1
4682,人自老誰知前,1
4683,自老誰知前事,1
4684,老誰知前事堪,1
4685,誰知前事堪悲,1
4686,知前事堪悲傷,1
4687,前事堪悲傷敬,1
4688,事堪悲傷敬亭,1
4689,堪悲傷敬亭山,1
4690,悲傷敬亭山下,1
4691,傷敬亭山下百,1
4692,敬亭山下百頃,1
4693,亭山下百頃竹,1
4694,山下百頃竹中,1
4695,下百頃竹中有,1
4696,百頃竹中有詩,1
4697,頃竹中有詩人,1
4698,竹中有詩人小,1
4699,中有詩人小謝,1
4700,有詩人小謝城,1
4701,詩人小謝城城,1
4702,人小謝城城高,1
4703,小謝城城高跨,1
4704,謝城城高跨樓,1
4705,城城高跨樓滿,1
4706,城高跨樓滿金,1
4707,高跨樓滿金碧,1
4708,跨樓滿金碧下,1
4709,樓滿金碧下聽,1
4710,滿金碧下聽一,1
4711,金碧下聽一溪,1
4712,碧下聽一溪寒,1
4713,下聽一溪寒水,1
4714,聽一溪寒水聲,1
4715,一溪寒水聲梅,1
4716,溪寒水聲梅花,1
4717,寒水聲梅花落,1
4718,水聲梅花落徑,1
4719,聲梅花落徑香,1
4720,梅花落徑香繚,1
4721,花落徑香繚繞,1
4722,落徑香繚繞雪,1
4723,徑香繚繞雪白,1
4724,香繚繞雪白玉,1
4725,繚繞雪白玉璫,1
4726,繞雪白玉璫花,1
4727,雪白玉璫花下,1
4728,白玉璫花下行,1
4729,玉璫花下行縈,1
4730,璫花下行縈風,1
4731,花下行縈風酒,1
4732,下行縈風酒旆,1
4733,行縈風酒旆掛,1
4734,縈風酒旆掛朱,1
4735,風酒旆掛朱閣,1
4736,酒旆掛朱閣半,1
4737,旆掛朱閣半醉,1
4738,掛朱閣半醉遊,1
4739,朱閣半醉遊人,1
4740,閣半醉遊人聞,1
4741,半醉遊人聞弄,1
4742,醉遊人聞弄笙,1
4743,遊人聞弄笙我,1
4744,人聞弄笙我初,1
4745,聞弄笙我初到,1
4746,弄笙我初到此,1
4747,笙我初到此未,1
4748,我初到此未三,1
4749,初到此未三十,1
4750,到此未三十頭,1
4751,此未三十頭腦,1
4752,未三十頭腦釤,1
4753,三十頭腦釤利,1
4754,十頭腦釤利筋,1
4755,頭腦釤利筋骨,1
4756,腦釤利筋骨輕,1
4757,釤利筋骨輕畫,1
4758,利筋骨輕畫堂,1
4759,筋骨輕畫堂檀,1
4760,骨輕畫堂檀板,1
4761,輕畫堂檀板秋,1
4762,畫堂檀板秋拍,1
4763,堂檀板秋拍碎,1
4764,檀板秋拍碎一,1
4765,板秋拍碎一引,1
4766,秋拍碎一引有,1
4767,拍碎一引有時,1
4768,碎一引有時聯,1
4769,一引有時聯十,1
4770,引有時聯十觥,1
4771,有時聯十觥老,1
4772,時聯十觥老閑,1
4773,聯十觥老閑腰,1
4774,十觥老閑腰下,1
4775,觥老閑腰下丈,1
4776,老閑腰下丈二,1
4777,閑腰下丈二組,1
4778,腰下丈二組塵,1
4779,下丈二組塵土,1
4780,丈二組塵土高,1
4781,二組塵土高懸,1
4782,組塵土高懸千,1
4783,塵土高懸千載,1
4784,土高懸千載名,1
4785,高懸千載名重,1
4786,懸千載名重遊,1
4787,千載名重遊鬢,1
4788,載名重遊鬢白,1
4789,名重遊鬢白事,1
4790,重遊鬢白事皆,1
4791,遊鬢白事皆改,1
4792,鬢白事皆改唯,1
4793,白事皆改唯見,1
4794,事皆改唯見東,1
4795,皆改唯見東流,1
4796,改唯見東流春,1
4797,唯見東流春水,1
4798,見東流春水準,1
4799,東流春水準對,1
4800,流春水準對酒,1
4801,春水準對酒不,1
4802,水準對酒不敢,1
4803,準對酒不敢起,1
4804,對酒不敢起逢,1
4805,酒不敢起逢君,1
4806,不敢起逢君還,1
4807,敢起逢君還眼,1
4808,起逢君還眼明,1
4809,逢君還眼明雲,1
4810,君還眼明雲罍,1
4811,還眼明雲罍看,1
4812,眼明雲罍看人,1
4813,明雲罍看人捧,1
4814,雲罍看人捧波,1
4815,罍看人捧波臉,1
4816,看人捧波臉任,1
4817,人捧波臉任他,1
4818,捧波臉任他橫,1
4819,波臉任他橫一,1
4820,臉任他橫一醉,1
4821,任他橫一醉六,1
4822,他橫一醉六十,1
4823,橫一醉六十日,1
4824,一醉六十日古,1
4825,醉六十日古來,1
4826,六十日古來聞,1
4827,十日古來聞阮,1
4828,日古來聞阮生,1
4829,古來聞阮生是,1
4830,來聞阮生是非,1
4831,聞阮生是非離,1
4832,阮生是非離別,1
4833,生是非離別際,1
4834,是非離別際始,1
4835,非離別際始見,1
4836,離別際始見醉,1
4837,別際始見醉中,1
4838,際始見醉中情,1
4839,始見醉中情今,1
4840,見醉中情今日,1
4841,醉中情今日送,1
4842,中情今日送君,1
4843,情今日送君話,1
4844,今日送君話前,1
4845,日送君話前事,1
4846,送君話前事高,1
4847,君話前事高歌,1
4848,話前事高歌引,1
4849,前事高歌引劍,1
4850,事高歌引劍還,1
4851,高歌引劍還一,1
4852,歌引劍還一傾,1
4853,引劍還一傾江,1
4854,劍還一傾江湖,1
4855,還一傾江湖酒,1
4856,一傾江湖酒伴,1
4857,傾江湖酒伴如,1
4858,江湖酒伴如相,1
4859,湖酒伴如相問,1
4860,酒伴如相問終,1
4861,伴如相問終老,1
4862,如相問終老煙,1
4863,相問終老煙波,1
4864,問終老煙波不,1
4865,終老煙波不計,1
4866,老煙波不計程,1
4867,煙波不計程陵,1
4868,波不計程陵陽,1
4869,不計程陵陽北,1
4870,計程陵陽北郭,1
4871,程陵陽北郭隱,1
4872,陵陽北郭隱身,1
4873,陽北郭隱身世,1
4874,北郭隱身世兩,1
4875,郭隱身世兩忘,1
4876,隱身世兩忘者,1
4877,身世兩忘者蓬,1
4878,世兩忘者蓬蒿,1
4879,兩忘者蓬蒿三,1
4880,忘者蓬蒿三畝,1
4881,者蓬蒿三畝居,1
4882,蓬蒿三畝居寬,1
4883,蒿三畝居寬於,1
4884,三畝居寬於一,1
4885,畝居寬於一天,1
4886,居寬於一天下,1
4887,寬於一天下樽,1
4888,於一天下樽酒,1
4889,一天下樽酒對,1
4890,天下樽酒對不,1
4891,下樽酒對不酌,1
4892,樽酒對不酌默,1
4893,酒對不酌默與,1
4894,對不酌默與玄,1
4895,不酌默與玄相,1
4896,酌默與玄相話,1
4897,默與玄相話人,1
4898,與玄相話人生,1
4899,玄相話人生自,1
4900,相話人生自不,1
4901,話人生自不足,1
4902,人生自不足愛,1
4903,生自不足愛歎,1
4904,自不足愛歎遭,1
4905,不足愛歎遭逢,1
4906,足愛歎遭逢寡,1
4907,愛歎遭逢寡春,1
4908,歎遭逢寡春半,1
4909,遭逢寡春半南,1
4910,逢寡春半南陽,1
4911,寡春半南陽西,1
4912,春半南陽西柔,1
4913,半南陽西柔桑,1
4914,南陽西柔桑過,1
4915,陽西柔桑過村,1
4916,西柔桑過村塢,1
4917,柔桑過村塢嫋,1
4918,桑過村塢嫋嫋,1
4919,過村塢嫋嫋垂,1
4920,村塢嫋嫋垂柳,1
4921,塢嫋嫋垂柳風,1
4922,嫋嫋垂柳風點,1
4923,嫋垂柳風點點,1
4924,垂柳風點點回,1
4925,柳風點點回塘,1
4926,風點點回塘雨,1
4927,點點回塘雨蓑,1
4928,點回塘雨蓑唱,1
4929,回塘雨蓑唱牧,1
4930,塘雨蓑唱牧牛,1
4931,雨蓑唱牧牛兒,1
4932,蓑唱牧牛兒籬,1
4933,唱牧牛兒籬窺,1
4934,牧牛兒籬窺蒨,1
4935,牛兒籬窺蒨裙,1
4936,兒籬窺蒨裙女,1
4937,籬窺蒨裙女半,1
4938,窺蒨裙女半濕,1
4939,蒨裙女半濕解,1
4940,裙女半濕解征,1
4941,女半濕解征衫,1
4942,半濕解征衫主,1
4943,濕解征衫主人,1
4944,解征衫主人饋,1
4945,征衫主人饋雞,1
4946,衫主人饋雞黍,1
4947,主人饋雞黍長,1
4948,人饋雞黍長鉟,1
4949,饋雞黍長鉟周,1
4950,雞黍長鉟周都,1
4951,黍長鉟周都尉,1
4952,長鉟周都尉閑,1
4953,鉟周都尉閑如,1
4954,周都尉閑如秋,1
4955,都尉閑如秋嶺,1
4956,尉閑如秋嶺雲,1
4957,閑如秋嶺雲取,1
4958,如秋嶺雲取蝥,1
4959,秋嶺雲取蝥弧,1
4960,嶺雲取蝥弧登,1
4961,雲取蝥弧登壘,1
4962,取蝥弧登壘以,1
4963,蝥弧登壘以駢,1
4964,弧登壘以駢鄰,1
4965,登壘以駢鄰翼,1
4966,壘以駢鄰翼軍,1
4967,以駢鄰翼軍百,1
4968,駢鄰翼軍百戰,1
4969,鄰翼軍百戰百,1
4970,翼軍百戰百勝,1
4971,軍百戰百勝價,1
4972,百戰百勝價河,1
4973,戰百勝價河南,1
4974,百勝價河南河,1
4975,勝價河南河北,1
4976,價河南河北聞,1
4977,河南河北聞今,1
4978,南河北聞今遇,1
4979,河北聞今遇太,1
4980,北聞今遇太平,1
4981,聞今遇太平日,1
4982,今遇太平日老,1
4983,遇太平日老去,1
4984,太平日老去誰,1
4985,平日老去誰憐,1
4986,日老去誰憐君,1
4987,老去誰憐君壯,1
4988,去誰憐君壯氣,1
4989,誰憐君壯氣蓋,1
4990,憐君壯氣蓋燕,1
4991,君壯氣蓋燕趙,1
4992,壯氣蓋燕趙耽,1
4993,氣蓋燕趙耽耽,1
4994,蓋燕趙耽耽魁,1
4995,燕趙耽耽魁傑,1
4996,趙耽耽魁傑人,1
4997,耽耽魁傑人彎,1
4998,耽魁傑人彎弧,1
4999,魁傑人彎弧五,1
5000,傑人彎弧五百,1
5001,人彎弧五百步,1
5002,彎弧五百步長,1
5003,弧五百步長戟,1
5004,五百步長戟八,1
5005,百步長戟八十,1
5006,步長戟八十斤,1
5007,長戟八十斤河,1
5008,戟八十斤河湟,1
5009,八十斤河湟非,1
5010,十斤河湟非內,1
5011,斤河湟非內地,1
5012,河湟非內地安,1
5013,湟非內地安史,1
5014,非內地安史有,1
5015,內地安史有遺,1
5016,地安史有遺塵,1
5017,安史有遺塵何,1
5018,史有遺塵何日,1
5019,有遺塵何日武,1
5020,遺塵何日武台,1
5021,塵何日武台坐,1
5022,何日武台坐兵,1
5023,日武台坐兵符,1
5024,武台坐兵符授,1
5025,台坐兵符授虎,1
5026,坐兵符授虎臣,1
5027,兵符授虎臣觚,1
5028,符授虎臣觚棱,1
5029,授虎臣觚棱金,1
5030,虎臣觚棱金碧,1
5031,臣觚棱金碧照,1
5032,觚棱金碧照山,1
5033,棱金碧照山高,1
5034,金碧照山高萬,1
5035,碧照山高萬國,1
5036,照山高萬國珪,1
5037,山高萬國珪璋,1
5038,高萬國珪璋捧,1
5039,萬國珪璋捧赭,1
5040,國珪璋捧赭袍,1
5041,珪璋捧赭袍舐,1
5042,璋捧赭袍舐筆,1
5043,捧赭袍舐筆和,1
5044,赭袍舐筆和鉛,1
5045,袍舐筆和鉛欺,1
5046,舐筆和鉛欺賈,1
5047,筆和鉛欺賈馬,1
5048,和鉛欺賈馬贊,1
5049,鉛欺賈馬贊功,1
5050,欺賈馬贊功論,1
5051,賈馬贊功論道,1
5052,馬贊功論道鄙,1
5053,贊功論道鄙蕭,1
5054,功論道鄙蕭曹,1
5055,論道鄙蕭曹東,1
5056,道鄙蕭曹東南,1
5057,鄙蕭曹東南樓,1
5058,蕭曹東南樓日,1
5059,曹東南樓日珠,1
5060,東南樓日珠簾,1
5061,南樓日珠簾卷,1
5062,樓日珠簾卷西,1
5063,日珠簾卷西北,1
5064,珠簾卷西北天,1
5065,簾卷西北天宛,1
5066,卷西北天宛玉,1
5067,西北天宛玉厄,1
5068,北天宛玉厄豪,1
5069,天宛玉厄豪四,1
5070,宛玉厄豪四海,1
5071,玉厄豪四海一,1
5072,厄豪四海一家,1
5073,豪四海一家無,1
5074,四海一家無一,1
5075,海一家無一事,1
5076,一家無一事將,1
5077,家無一事將軍,1
5078,無一事將軍攜,1
5079,一事將軍攜鏡,1
5080,事將軍攜鏡泣,1
5081,將軍攜鏡泣霜,1
5082,軍攜鏡泣霜毛,1
5083,攜鏡泣霜毛晴,1
5084,鏡泣霜毛晴雲,1
5085,泣霜毛晴雲似,1
5086,霜毛晴雲似絮,1
5087,毛晴雲似絮惹,1
5088,晴雲似絮惹低,1
5089,雲似絮惹低空,1
5090,似絮惹低空紫,1
5091,絮惹低空紫陌,1
5092,惹低空紫陌微,1
5093,低空紫陌微微,1
5094,空紫陌微微弄,1
5095,紫陌微微弄袖,1
5096,陌微微弄袖風,1
5097,微微弄袖風韓,1
5098,微弄袖風韓嫣,1
5099,弄袖風韓嫣金,1
5100,袖風韓嫣金丸,1
5101,風韓嫣金丸莎,1
5102,韓嫣金丸莎覆,1
5103,嫣金丸莎覆綠,1
5104,金丸莎覆綠許,1
5105,丸莎覆綠許公,1
5106,莎覆綠許公韉,1
5107,覆綠許公韉汗,1
5108,綠許公韉汗杏,1
5109,許公韉汗杏黏,1
5110,公韉汗杏黏紅,1
5111,韉汗杏黏紅煙,1
5112,汗杏黏紅煙生,1
5113,杏黏紅煙生窈,1
5114,黏紅煙生窈窕,1
5115,紅煙生窈窕深,1
5116,煙生窈窕深東,1
5117,生窈窕深東第,1
5118,窈窕深東第輪,1
5119,窕深東第輪撼,1
5120,深東第輪撼流,1
5121,東第輪撼流蘇,1
5122,第輪撼流蘇下,1
5123,輪撼流蘇下北,1
5124,撼流蘇下北宮,1
5125,流蘇下北宮自,1
5126,蘇下北宮自笑,1
5127,下北宮自笑苦,1
5128,北宮自笑苦無,1
5129,宮自笑苦無樓,1
5130,自笑苦無樓護,1
5131,笑苦無樓護智,1
5132,苦無樓護智可,1
5133,無樓護智可憐,1
5134,樓護智可憐鉛,1
5135,護智可憐鉛槧,1
5136,智可憐鉛槧竟,1
5137,可憐鉛槧竟何,1
5138,憐鉛槧竟何功,1
5139,鉛槧竟何功雨,1
5140,槧竟何功雨晴,1
5141,竟何功雨晴九,1
5142,何功雨晴九陌,1
5143,功雨晴九陌鋪,1
5144,雨晴九陌鋪江,1
5145,晴九陌鋪江練,1
5146,九陌鋪江練嵐,1
5147,陌鋪江練嵐嫩,1
5148,鋪江練嵐嫩千,1
5149,江練嵐嫩千峰,1
5150,練嵐嫩千峰疊,1
5151,嵐嫩千峰疊海,1
5152,嫩千峰疊海濤,1
5153,千峰疊海濤南,1
5154,峰疊海濤南苑,1
5155,疊海濤南苑草,1
5156,海濤南苑草芳,1
5157,濤南苑草芳眠,1
5158,南苑草芳眠錦,1
5159,苑草芳眠錦雉,1
5160,草芳眠錦雉夾,1
5161,芳眠錦雉夾城,1
5162,眠錦雉夾城雲,1
5163,錦雉夾城雲暖,1
5164,雉夾城雲暖下,1
5165,夾城雲暖下霓,1
5166,城雲暖下霓旄,1
5167,雲暖下霓旄少,1
5168,暖下霓旄少年,1
5169,下霓旄少年羈,1
5170,霓旄少年羈絡,1
5171,旄少年羈絡青,1
5172,少年羈絡青紋,1
5173,年羈絡青紋玉,1
5174,羈絡青紋玉遊,1
5175,絡青紋玉遊女,1
5176,青紋玉遊女花,1
5177,紋玉遊女花簪,1
5178,玉遊女花簪紫,1
5179,遊女花簪紫蒂,1
5180,女花簪紫蒂桃,1
5181,花簪紫蒂桃江,1
5182,簪紫蒂桃江碧,1
5183,紫蒂桃江碧柳,1
5184,蒂桃江碧柳深,1
5185,桃江碧柳深人,1
5186,江碧柳深人盡,1
5187,碧柳深人盡醉,1
5188,柳深人盡醉一,1
5189,深人盡醉一瓢,1
5190,人盡醉一瓢顏,1
5191,盡醉一瓢顏巷,1
5192,醉一瓢顏巷日,1
5193,一瓢顏巷日空,1
5194,瓢顏巷日空高,1
5195,顏巷日空高束,1
5196,巷日空高束帶,1
5197,日空高束帶謬,1
5198,空高束帶謬趨,1
5199,高束帶謬趨文,1
5200,束帶謬趨文石,1
5201,帶謬趨文石陛,1
5202,謬趨文石陛有,1
5203,趨文石陛有章,1
5204,文石陛有章曾,1
5205,石陛有章曾拜,1
5206,陛有章曾拜皂,1
5207,有章曾拜皂囊,1
5208,章曾拜皂囊封,1
5209,曾拜皂囊封期,1
5210,拜皂囊封期嚴,1
5211,皂囊封期嚴無,1
5212,囊封期嚴無奈,1
5213,封期嚴無奈睡,1
5214,期嚴無奈睡留,1
5215,嚴無奈睡留癖,1
5216,無奈睡留癖勢,1
5217,奈睡留癖勢窘,1
5218,睡留癖勢窘猶,1
5219,留癖勢窘猶為,1
5220,癖勢窘猶為酒,1
5221,勢窘猶為酒泥,1
5222,窘猶為酒泥慵,1
5223,猶為酒泥慵偷,1
5224,為酒泥慵偷釣,1
5225,酒泥慵偷釣侯,1
5226,泥慵偷釣侯家,1
5227,慵偷釣侯家池,1
5228,偷釣侯家池上,1
5229,釣侯家池上雨,1
5230,侯家池上雨醉,1
5231,家池上雨醉吟,1
5232,池上雨醉吟隋,1
5233,上雨醉吟隋寺,1
5234,雨醉吟隋寺日,1
5235,醉吟隋寺日沈,1
5236,吟隋寺日沈鐘,1
5237,隋寺日沈鐘九,1
5238,寺日沈鐘九原,1
5239,日沈鐘九原可,1
5240,沈鐘九原可作,1
5241,鐘九原可作吾,1
5242,九原可作吾誰,1
5243,原可作吾誰與,1
5244,可作吾誰與師,1
5245,作吾誰與師友,1
5246,吾誰與師友琅,1
5247,誰與師友琅琊,1
5248,與師友琅琊邴,1
5249,師友琅琊邴曼,1
5250,友琅琊邴曼容,1
5251,琅琊邴曼容洪,1
5252,琊邴曼容洪河,1
5253,邴曼容洪河清,1
5254,曼容洪河清渭,1
5255,容洪河清渭天,1
5256,洪河清渭天池,1
5257,河清渭天池浚,1
5258,清渭天池浚太,1
5259,渭天池浚太白,1
5260,天池浚太白終,1
5261,池浚太白終南,1
5262,浚太白終南地,1
5263,太白終南地軸,1
5264,白終南地軸橫,1
5265,終南地軸橫祥,1
5266,南地軸橫祥雲,1
5267,地軸橫祥雲輝,1
5268,軸橫祥雲輝映,1
5269,橫祥雲輝映漢,1
5270,祥雲輝映漢宮,1
5271,雲輝映漢宮紫,1
5272,輝映漢宮紫春,1
5273,映漢宮紫春光,1
5274,漢宮紫春光繡,1
5275,宮紫春光繡畫,1
5276,紫春光繡畫秦,1
5277,春光繡畫秦川,1
5278,光繡畫秦川明,1
5279,繡畫秦川明草,1
5280,畫秦川明草妒,1
5281,秦川明草妒佳,1
5282,川明草妒佳人,1
5283,明草妒佳人鈿,1
5284,草妒佳人鈿朵,1
5285,妒佳人鈿朵色,1
5286,佳人鈿朵色風,1
5287,人鈿朵色風回,1
5288,鈿朵色風回公,1
5289,朵色風回公子,1
5290,色風回公子玉,1
5291,風回公子玉銜,1
5292,回公子玉銜聲,1
5293,公子玉銜聲六,1
5294,子玉銜聲六飛,1
5295,玉銜聲六飛南,1
5296,銜聲六飛南幸,1
5297,聲六飛南幸芙,1
5298,六飛南幸芙蓉,1
5299,飛南幸芙蓉苑,1
5300,南幸芙蓉苑十,1
5301,幸芙蓉苑十裏,1
5302,芙蓉苑十裏飄,1
5303,蓉苑十裏飄香,1
5304,苑十裏飄香入,1
5305,十裏飄香入夾,1
5306,裏飄香入夾城,1
5307,飄香入夾城豐,1
5308,香入夾城豐貂,1
5309,入夾城豐貂長,1
5310,夾城豐貂長組,1
5311,城豐貂長組金,1
5312,豐貂長組金張,1
5313,貂長組金張輩,1
5314,長組金張輩駟,1
5315,組金張輩駟馬,1
5316,金張輩駟馬文,1
5317,張輩駟馬文衣,1
5318,輩駟馬文衣許,1
5319,駟馬文衣許史,1
5320,馬文衣許史家,1
5321,文衣許史家白,1
5322,衣許史家白鹿,1
5323,許史家白鹿原,1
5324,史家白鹿原頭,1
5325,家白鹿原頭回,1
5326,白鹿原頭回獵,1
5327,鹿原頭回獵騎,1
5328,原頭回獵騎紫,1
5329,頭回獵騎紫雲,1
5330,回獵騎紫雲樓,1
5331,獵騎紫雲樓下,1
5332,騎紫雲樓下醉,1
5333,紫雲樓下醉江,1
5334,雲樓下醉江花,1
5335,樓下醉江花九,1
5336,下醉江花九重,1
5337,醉江花九重樹,1
5338,江花九重樹影,1
5339,花九重樹影連,1
5340,九重樹影連清,1
5341,重樹影連清漢,1
5342,樹影連清漢萬,1
5343,影連清漢萬壽,1
5344,連清漢萬壽山,1
5345,清漢萬壽山光,1
5346,漢萬壽山光學,1
5347,萬壽山光學翠,1
5348,壽山光學翠華,1
5349,山光學翠華誰,1
5350,光學翠華誰識,1
5351,學翠華誰識大,1
5352,翠華誰識大君,1
5353,華誰識大君謙,1
5354,誰識大君謙讓,1
5355,識大君謙讓德,1
5356,大君謙讓德一,1
5357,君謙讓德一毫,1
5358,謙讓德一毫名,1
5359,讓德一毫名利,1
5360,德一毫名利鬥,1
5361,一毫名利鬥蛙,1
5362,毫名利鬥蛙蟆,1
5363,名利鬥蛙蟆元,1
5364,利鬥蛙蟆元載,1
5365,鬥蛙蟆元載相,1
5366,蛙蟆元載相公,1
5367,蟆元載相公曾,1
5368,元載相公曾借,1
5369,載相公曾借箸,1
5370,相公曾借箸憲,1
5371,公曾借箸憲宗,1
5372,曾借箸憲宗皇,1
5373,借箸憲宗皇帝,1
5374,箸憲宗皇帝亦,1
5375,憲宗皇帝亦留,1
5376,宗皇帝亦留神,1
5377,皇帝亦留神旋,1
5378,帝亦留神旋見,1
5379,亦留神旋見衣,1
5380,留神旋見衣冠,1
5381,神旋見衣冠就,1
5382,旋見衣冠就東,1
5383,見衣冠就東市,1
5384,衣冠就東市忽,1
5385,冠就東市忽遺,1
5386,就東市忽遺弓,1
5387,東市忽遺弓劍,1
5388,市忽遺弓劍不,1
5389,忽遺弓劍不西,1
5390,遺弓劍不西巡,1
5391,弓劍不西巡牧,1
5392,劍不西巡牧羊,1
5393,不西巡牧羊驅,1
5394,西巡牧羊驅馬,1
5395,巡牧羊驅馬雖,1
5396,牧羊驅馬雖戎,1
5397,羊驅馬雖戎服,1
5398,驅馬雖戎服白,1
5399,馬雖戎服白髮,1
5400,雖戎服白髮丹,1
5401,戎服白髮丹心,1
5402,服白髮丹心盡,1
5403,白髮丹心盡漢,1
5404,髮丹心盡漢臣,1
5405,丹心盡漢臣唯,1
5406,心盡漢臣唯有,1
5407,盡漢臣唯有涼,1
5408,漢臣唯有涼州,1
5409,臣唯有涼州歌,1
5410,唯有涼州歌舞,1
5411,有涼州歌舞曲,1
5412,涼州歌舞曲流,1
5413,州歌舞曲流傳,1
5414,歌舞曲流傳天,1
5415,舞曲流傳天下,1
5416,曲流傳天下樂,1
5417,流傳天下樂閒,1
5418,傳天下樂閒人,1
5419,天下樂閒人天,1
5420,下樂閒人天子,1
5421,樂閒人天子繡,1
5422,閒人天子繡衣,1
5423,人天子繡衣吏,1
5424,天子繡衣吏東,1
5425,子繡衣吏東吳,1
5426,繡衣吏東吳美,1
5427,衣吏東吳美退,1
5428,吏東吳美退居,1
5429,東吳美退居有,1
5430,吳美退居有園,1
5431,美退居有園同,1
5432,退居有園同庾,1
5433,居有園同庾信,1
5434,有園同庾信避,1
5435,園同庾信避事,1
5436,同庾信避事學,1
5437,庾信避事學相,1
5438,信避事學相如,1
5439,避事學相如蘭,1
5440,事學相如蘭畹,1
5441,學相如蘭畹晴,1
5442,相如蘭畹晴香,1
5443,如蘭畹晴香嫩,1
5444,蘭畹晴香嫩筠,1
5445,畹晴香嫩筠溪,1
5446,晴香嫩筠溪翠,1
5447,香嫩筠溪翠影,1
5448,嫩筠溪翠影疏,1
5449,筠溪翠影疏江,1
5450,溪翠影疏江山,1
5451,翠影疏江山九,1
5452,影疏江山九秋,1
5453,疏江山九秋後,1
5454,江山九秋後風,1
5455,山九秋後風月,1
5456,九秋後風月六,1
5457,秋後風月六朝,1
5458,後風月六朝餘,1
5459,風月六朝餘錦,1
5460,月六朝餘錦帙,1
5461,六朝餘錦帙開,1
5462,朝餘錦帙開詩,1
5463,餘錦帙開詩軸,1
5464,錦帙開詩軸青,1
5465,帙開詩軸青囊,1
5466,開詩軸青囊結,1
5467,詩軸青囊結道,1
5468,軸青囊結道書,1
5469,青囊結道書霜,1
5470,囊結道書霜岩,1
5471,結道書霜岩紅,1
5472,道書霜岩紅薜,1
5473,書霜岩紅薜荔,1
5474,霜岩紅薜荔露,1
5475,岩紅薜荔露沼,1
5476,紅薜荔露沼白,1
5477,薜荔露沼白芙,1
5478,荔露沼白芙蕖,1
5479,露沼白芙蕖睡,1
5480,沼白芙蕖睡雨,1
5481,白芙蕖睡雨高,1
5482,芙蕖睡雨高梧,1
5483,蕖睡雨高梧密,1
5484,睡雨高梧密棋,1
5485,雨高梧密棋燈,1
5486,高梧密棋燈小,1
5487,梧密棋燈小閣,1
5488,密棋燈小閣虛,1
5489,棋燈小閣虛凍,1
5490,燈小閣虛凍醪,1
5491,小閣虛凍醪元,1
5492,閣虛凍醪元亮,1
5493,虛凍醪元亮秫,1
5494,凍醪元亮秫寒,1
5495,醪元亮秫寒鱠,1
5496,元亮秫寒鱠季,1
5497,亮秫寒鱠季鷹,1
5498,秫寒鱠季鷹魚,1
5499,寒鱠季鷹魚塵,1
5500,鱠季鷹魚塵意,1
5501,季鷹魚塵意迷,1
5502,鷹魚塵意迷今,1
5503,魚塵意迷今古,1
5504,塵意迷今古雲,1
5505,意迷今古雲情,1
5506,迷今古雲情識,1
5507,今古雲情識卷,1
5508,古雲情識卷舒,1
5509,雲情識卷舒他,1
5510,情識卷舒他年,1
5511,識卷舒他年雪,1
5512,卷舒他年雪中,1
5513,舒他年雪中棹,1
5514,他年雪中棹陽,1
5515,年雪中棹陽羨,1
5516,雪中棹陽羨訪,1
5517,中棹陽羨訪吾,1
5518,棹陽羨訪吾廬,1
5519,陽羨訪吾廬一,1
5520,羨訪吾廬一章,1
5521,訪吾廬一章緘,1
5522,吾廬一章緘拜,1
5523,廬一章緘拜皂,1
5524,一章緘拜皂囊,1
5525,章緘拜皂囊中,1
5526,緘拜皂囊中懍,1
5527,拜皂囊中懍懍,1
5528,皂囊中懍懍朝,1
5529,囊中懍懍朝廷,1
5530,中懍懍朝廷有,1
5531,懍懍朝廷有古,1
5532,懍朝廷有古風,1
5533,朝廷有古風元,1
5534,廷有古風元禮,1
5535,有古風元禮去,1
5536,古風元禮去歸,1
5537,風元禮去歸緱,1
5538,元禮去歸緱氏,1
5539,禮去歸緱氏學,1
5540,去歸緱氏學江,1
5541,歸緱氏學江充,1
5542,緱氏學江充來,1
5543,氏學江充來見,1
5544,學江充來見犬,1
5545,江充來見犬台,1
5546,充來見犬台宮,1
5547,來見犬台宮紛,1
5548,見犬台宮紛紜,1
5549,犬台宮紛紜白,1
5550,台宮紛紜白晝,1
5551,宮紛紜白晝驚,1
5552,紛紜白晝驚千,1
5553,紜白晝驚千古,1
5554,白晝驚千古鈇,1
5555,晝驚千古鈇鑕,1
5556,驚千古鈇鑕朱,1
5557,千古鈇鑕朱殷,1
5558,古鈇鑕朱殷幾,1
5559,鈇鑕朱殷幾一,1
5560,鑕朱殷幾一空,1
5561,朱殷幾一空曲,1
5562,殷幾一空曲突,1
5563,幾一空曲突徙,1
5564,一空曲突徙薪,1
5565,空曲突徙薪人,1
5566,曲突徙薪人不,1
5567,突徙薪人不會,1
5568,徙薪人不會海,1
5569,薪人不會海邊,1
5570,人不會海邊今,1
5571,不會海邊今作,1
5572,會海邊今作釣,1
5573,海邊今作釣魚,1
5574,邊今作釣魚翁,1
5575,今作釣魚翁晚,1
5576,作釣魚翁晚發,1
5577,釣魚翁晚發悶,1
5578,魚翁晚發悶還,1
5579,翁晚發悶還梳,1
5580,晚發悶還梳憶,1
5581,發悶還梳憶君,1
5582,悶還梳憶君秋,1
5583,還梳憶君秋醉,1
5584,梳憶君秋醉餘,1
5585,憶君秋醉餘可,1
5586,君秋醉餘可憐,1
5587,秋醉餘可憐劉,1
5588,醉餘可憐劉校,1
5589,餘可憐劉校尉,1
5590,可憐劉校尉曾,1
5591,憐劉校尉曾訟,1
5592,劉校尉曾訟石,1
5593,校尉曾訟石中,1
5594,尉曾訟石中書,1
5595,曾訟石中書消,1
5596,訟石中書消長,1
5597,石中書消長雖,1
5598,中書消長雖殊,1
5599,書消長雖殊事,1
5600,消長雖殊事仁,1
5601,長雖殊事仁賢,1
5602,雖殊事仁賢每,1
5603,殊事仁賢每自,1
5604,事仁賢每自如,1
5605,仁賢每自如因,1
5606,賢每自如因看,1
5607,每自如因看魯,1
5608,自如因看魯褒,1
5609,如因看魯褒論,1
5610,因看魯褒論何,1
5611,看魯褒論何處,1
5612,魯褒論何處是,1
5613,褒論何處是吾,1
5614,論何處是吾廬,1
5615,何處是吾廬天,1
5616,處是吾廬天下,1
5617,是吾廬天下無,1
5618,吾廬天下無雙,1
5619,廬天下無雙將,1
5620,天下無雙將關,1
5621,下無雙將關西,1
5622,無雙將關西第,1
5623,雙將關西第一,1
5624,將關西第一雄,1
5625,關西第一雄授,1
5626,西第一雄授符,1
5627,第一雄授符黃,1
5628,一雄授符黃石,1
5629,雄授符黃石老,1
5630,授符黃石老學,1
5631,符黃石老學劍,1
5632,黃石老學劍白,1
5633,石老學劍白猿,1
5634,老學劍白猿翁,1
5635,學劍白猿翁矯,1
5636,劍白猿翁矯矯,1
5637,白猿翁矯矯雲,1
5638,猿翁矯矯雲長,1
5639,翁矯矯雲長勇,1
5640,矯矯雲長勇恂,1
5641,矯雲長勇恂恂,1
5642,雲長勇恂恂郤,1
5643,長勇恂恂郤縠,1
5644,勇恂恂郤縠風,1
5645,恂恂郤縠風家,1
5646,恂郤縠風家呼,1
5647,郤縠風家呼小,1
5648,縠風家呼小太,1
5649,風家呼小太尉,1
5650,家呼小太尉國,1
5651,呼小太尉國號,1
5652,小太尉國號大,1
5653,太尉國號大樑,1
5654,尉國號大樑公,1
5655,國號大樑公半,1
5656,號大樑公半夜,1
5657,大樑公半夜龍,1
5658,樑公半夜龍驤,1
5659,公半夜龍驤去,1
5660,半夜龍驤去中,1
5661,夜龍驤去中原,1
5662,龍驤去中原虎,1
5663,驤去中原虎穴,1
5664,去中原虎穴空,1
5665,中原虎穴空隴,1
5666,原虎穴空隴山,1
5667,虎穴空隴山兵,1
5668,穴空隴山兵十,1
5669,空隴山兵十萬,1
5670,隴山兵十萬嗣,1
5671,山兵十萬嗣子,1
5672,兵十萬嗣子握,1
5673,十萬嗣子握雕,1
5674,萬嗣子握雕弓,1
5675,嗣子握雕弓上,1
5676,子握雕弓上黨,1
5677,握雕弓上黨爭,1
5678,雕弓上黨爭為,1
5679,弓上黨爭為天,1
5680,上黨爭為天下,1
5681,黨爭為天下脊,1
5682,爭為天下脊邯,1
5683,為天下脊邯鄲,1
5684,天下脊邯鄲四,1
5685,下脊邯鄲四十,1
5686,脊邯鄲四十萬,1
5687,邯鄲四十萬秦,1
5688,鄲四十萬秦坑,1
5689,四十萬秦坑狂,1
5690,十萬秦坑狂童,1
5691,萬秦坑狂童何,1
5692,秦坑狂童何者,1
5693,坑狂童何者欲,1
5694,狂童何者欲專,1
5695,童何者欲專地,1
5696,何者欲專地聖,1
5697,者欲專地聖主,1
5698,欲專地聖主無,1
5699,專地聖主無私,1
5700,地聖主無私豈,1
5701,聖主無私豈玩,1
5702,主無私豈玩兵,1
5703,無私豈玩兵玄,1
5704,私豈玩兵玄象,1
5705,豈玩兵玄象森,1
5706,玩兵玄象森羅,1
5707,兵玄象森羅搖,1
5708,玄象森羅搖北,1
5709,象森羅搖北落,1
5710,森羅搖北落詩,1
5711,羅搖北落詩人,1
5712,搖北落詩人章,1
5713,北落詩人章句,1
5714,落詩人章句詠,1
5715,詩人章句詠東,1
5716,人章句詠東征,1
5717,章句詠東征雄,1
5718,句詠東征雄如,1
5719,詠東征雄如馬,1
5720,東征雄如馬武,1
5721,征雄如馬武皆,1
5722,雄如馬武皆彈,1
5723,如馬武皆彈劍,1
5724,馬武皆彈劍少,1
5725,武皆彈劍少似,1
5726,皆彈劍少似終,1
5727,彈劍少似終軍,1
5728,劍少似終軍亦,1
5729,少似終軍亦請,1
5730,似終軍亦請纓,1
5731,終軍亦請纓屈,1
5732,軍亦請纓屈指,1
5733,亦請纓屈指廟,1
5734,請纓屈指廟堂,1
5735,纓屈指廟堂無,1
5736,屈指廟堂無失,1
5737,指廟堂無失策,1
5738,廟堂無失策垂,1
5739,堂無失策垂衣,1
5740,無失策垂衣堯,1
5741,失策垂衣堯舜,1
5742,策垂衣堯舜待,1
5743,垂衣堯舜待升,1
5744,衣堯舜待升平,1
5745,堯舜待升平羽,1
5746,舜待升平羽林,1
5747,待升平羽林東,1
5748,升平羽林東下,1
5749,平羽林東下雷,1
5750,羽林東下雷霆,1
5751,林東下雷霆怒,1
5752,東下雷霆怒楚,1
5753,下雷霆怒楚甲,1
5754,雷霆怒楚甲南,1
5755,霆怒楚甲南來,1
5756,怒楚甲南來組,1
5757,楚甲南來組練,1
5758,甲南來組練明,1
5759,南來組練明即,1
5760,來組練明即墨,1
5761,組練明即墨龍,1
5762,練明即墨龍文,1
5763,明即墨龍文光,1
5764,即墨龍文光照,1
5765,墨龍文光照曜,1
5766,龍文光照曜常,1
5767,文光照曜常山,1
5768,光照曜常山蛇,1
5769,照曜常山蛇陣,1
5770,曜常山蛇陣勢,1
5771,常山蛇陣勢縱,1
5772,山蛇陣勢縱橫,1
5773,蛇陣勢縱橫落,1
5774,陣勢縱橫落雕,1
5775,勢縱橫落雕都,1
5776,縱橫落雕都尉,1
5777,橫落雕都尉萬,1
5778,落雕都尉萬人,1
5779,雕都尉萬人敵,1
5780,都尉萬人敵黑,1
5781,尉萬人敵黑槊,1
5782,萬人敵黑槊將,1
5783,人敵黑槊將軍,1
5784,敵黑槊將軍一,1
5785,黑槊將軍一鳥,1
5786,槊將軍一鳥輕,1
5787,將軍一鳥輕漸,1
5788,軍一鳥輕漸見,1
5789,一鳥輕漸見長,1
5790,鳥輕漸見長圍,1
5791,輕漸見長圍雲,1
5792,漸見長圍雲欲,1
5793,見長圍雲欲合,1
5794,長圍雲欲合可,1
5795,圍雲欲合可憐,1
5796,雲欲合可憐窮,1
5797,欲合可憐窮壘,1
5798,合可憐窮壘帶,1
5799,可憐窮壘帶猶,1
5800,憐窮壘帶猶縈,1
5801,窮壘帶猶縈凱,1
5802,壘帶猶縈凱歌,1
5803,帶猶縈凱歌應,1
5804,猶縈凱歌應是,1
5805,縈凱歌應是新,1
5806,凱歌應是新年,1
5807,歌應是新年唱,1
5808,應是新年唱便,1
5809,是新年唱便逐,1
5810,新年唱便逐春,1
5811,年唱便逐春風,1
5812,唱便逐春風浩,1
5813,便逐春風浩浩,1
5814,逐春風浩浩聲,1
5815,春風浩浩聲千,1
5816,風浩浩聲千秋,1
5817,浩浩聲千秋令,1
5818,浩聲千秋令節,1
5819,聲千秋令節名,1
5820,千秋令節名空,1
5821,秋令節名空在,1
5822,令節名空在承,1
5823,節名空在承露,1
5824,名空在承露絲,1
5825,空在承露絲囊,1
5826,在承露絲囊世,1
5827,承露絲囊世已,1
5828,露絲囊世已無,1
5829,絲囊世已無唯,1
5830,囊世已無唯有,1
5831,世已無唯有紫,1
5832,已無唯有紫苔,1
5833,無唯有紫苔偏,1
5834,唯有紫苔偏得,1
5835,有紫苔偏得意,1
5836,紫苔偏得意年,1
5837,苔偏得意年年,1
5838,偏得意年年因,1
5839,得意年年因雨,1
5840,意年年因雨上,1
5841,年年因雨上金,1
5842,年因雨上金鋪,1
5843,因雨上金鋪蟪,1
5844,雨上金鋪蟪蛄,1
5845,上金鋪蟪蛄寧,1
5846,金鋪蟪蛄寧與,1
5847,鋪蟪蛄寧與雪,1
5848,蟪蛄寧與雪霜,1
5849,蛄寧與雪霜期,1
5850,寧與雪霜期賢,1
5851,與雪霜期賢哲,1
5852,雪霜期賢哲難,1
5853,霜期賢哲難教,1
5854,期賢哲難教俗,1
5855,賢哲難教俗士,1
5856,哲難教俗士知,1
5857,難教俗士知可,1
5858,教俗士知可憐,1
5859,俗士知可憐貞,1
5860,士知可憐貞觀,1
5861,知可憐貞觀太,1
5862,可憐貞觀太平,1
5863,憐貞觀太平後,1
5864,貞觀太平後天,1
5865,觀太平後天且,1
5866,太平後天且不,1
5867,平後天且不留,1
5868,後天且不留封,1
5869,天且不留封德,1
5870,且不留封德彝,1
5871,不留封德彝禦,1
5872,留封德彝禦水,1
5873,封德彝禦水初,1
5874,德彝禦水初銷,1
5875,彝禦水初銷凍,1
5876,禦水初銷凍宮,1
5877,水初銷凍宮花,1
5878,初銷凍宮花尚,1
5879,銷凍宮花尚怯,1
5880,凍宮花尚怯寒,1
5881,宮花尚怯寒千,1
5882,花尚怯寒千峰,1
5883,尚怯寒千峰橫,1
5884,怯寒千峰橫紫,1
5885,寒千峰橫紫翠,1
5886,千峰橫紫翠雙,1
5887,峰橫紫翠雙闕,1
5888,橫紫翠雙闕憑,1
5889,紫翠雙闕憑闌,1
5890,翠雙闕憑闌幹,1
5891,雙闕憑闌幹玉,1
5892,闕憑闌幹玉漏,1
5893,憑闌幹玉漏輕,1
5894,闌幹玉漏輕風,1
5895,幹玉漏輕風順,1
5896,玉漏輕風順金,1
5897,漏輕風順金莖,1
5898,輕風順金莖淡,1
5899,風順金莖淡日,1
5900,順金莖淡日殘,1
5901,金莖淡日殘王,1
5902,莖淡日殘王喬,1
5903,淡日殘王喬在,1
5904,日殘王喬在何,1
5905,殘王喬在何處,1
5906,王喬在何處清,1
5907,喬在何處清漢,1
5908,在何處清漢正,1
5909,何處清漢正驂,1
5910,處清漢正驂鸞,1
5911,清漢正驂鸞邀,1
5912,漢正驂鸞邀侶,1
5913,正驂鸞邀侶以,1
5914,驂鸞邀侶以官,1
5915,鸞邀侶以官解,1
5916,邀侶以官解泛,1
5917,侶以官解泛然,1
5918,以官解泛然成,1
5919,官解泛然成獨,1
5920,解泛然成獨遊,1
5921,泛然成獨遊川,1
5922,然成獨遊川光,1
5923,成獨遊川光初,1
5924,獨遊川光初媚,1
5925,遊川光初媚日,1
5926,川光初媚日山,1
5927,光初媚日山色,1
5928,初媚日山色正,1
5929,媚日山色正矜,1
5930,日山色正矜秋,1
5931,山色正矜秋野,1
5932,色正矜秋野竹,1
5933,正矜秋野竹疏,1
5934,矜秋野竹疏還,1
5935,秋野竹疏還密,1
5936,野竹疏還密岩,1
5937,竹疏還密岩泉,1
5938,疏還密岩泉咽,1
5939,還密岩泉咽複,1
5940,密岩泉咽複流,1
5941,岩泉咽複流杜,1
5942,泉咽複流杜村,1
5943,咽複流杜村連,1
5944,複流杜村連潏,1
5945,流杜村連潏水,1
5946,杜村連潏水晚,1
5947,村連潏水晚步,1
5948,連潏水晚步見,1
5949,潏水晚步見垂,1
5950,水晚步見垂鉤,1
5951,晚步見垂鉤十,1
5952,步見垂鉤十載,1
5953,見垂鉤十載飄,1
5954,垂鉤十載飄然,1
5955,鉤十載飄然繩,1
5956,十載飄然繩檢,1
5957,載飄然繩檢外,1
5958,飄然繩檢外樽,1
5959,然繩檢外樽前,1
5960,繩檢外樽前自,1
5961,檢外樽前自獻,1
5962,外樽前自獻自,1
5963,樽前自獻自為,1
5964,前自獻自為酬,1
5965,自獻自為酬秋,1
5966,獻自為酬秋山,1
5967,自為酬秋山春,1
5968,為酬秋山春雨,1
5969,酬秋山春雨閑,1
5970,秋山春雨閑吟,1
5971,山春雨閑吟處,1
5972,春雨閑吟處倚,1
5973,雨閑吟處倚遍,1
5974,閑吟處倚遍江,1
5975,吟處倚遍江南,1
5976,處倚遍江南寺,1
5977,倚遍江南寺寺,1
5978,遍江南寺寺樓,1
5979,江南寺寺樓雲,1
5980,南寺寺樓雲門,1
5981,寺寺樓雲門寺,1
5982,寺樓雲門寺外,1
5983,樓雲門寺外逢,1
5984,雲門寺外逢猛,1
5985,門寺外逢猛雨,1
5986,寺外逢猛雨林,1
5987,外逢猛雨林黑,1
5988,逢猛雨林黑山,1
5989,猛雨林黑山高,1
5990,雨林黑山高雨,1
5991,林黑山高雨腳,1
5992,黑山高雨腳長,1
5993,山高雨腳長曾,1
5994,高雨腳長曾奉,1
5995,雨腳長曾奉郊,1
5996,腳長曾奉郊宮,1
5997,長曾奉郊宮為,1
5998,曾奉郊宮為近,1
5999,奉郊宮為近侍,1
6000,郊宮為近侍分,1
6001,宮為近侍分明,1
6002,為近侍分明羽,1
6003,近侍分明羽林,1
6004,侍分明羽林槍,1
6005,分明羽林槍李,1
6006,明羽林槍李白,1
6007,羽林槍李白題,1
6008,林槍李白題詩,1
6009,槍李白題詩水,1
6010,李白題詩水西,1
6011,白題詩水西寺,1
6012,題詩水西寺古,1
6013,詩水西寺古木,1
6014,水西寺古木回,1
6015,西寺古木回岩,1
6016,寺古木回岩樓,1
6017,古木回岩樓閣,1
6018,木回岩樓閣風,1
6019,回岩樓閣風半,1
6020,岩樓閣風半醒,1
6021,樓閣風半醒半,1
6022,閣風半醒半醉,1
6023,風半醒半醉遊,1
6024,半醒半醉遊三,1
6025,醒半醉遊三日,1
6026,半醉遊三日紅,1
6027,醉遊三日紅白,1
6028,遊三日紅白花,1
6029,三日紅白花開,1
6030,日紅白花開山,1
6031,紅白花開山雨,1
6032,白花開山雨中,1
6033,花開山雨中捷,1
6034,開山雨中捷書,1
6035,山雨中捷書皆,1
6036,雨中捷書皆應,1
6037,中捷書皆應睿,1
6038,捷書皆應睿謀,1
6039,書皆應睿謀期,1
6040,皆應睿謀期十,1
6041,應睿謀期十萬,1
6042,睿謀期十萬曾,1
6043,謀期十萬曾無,1
6044,期十萬曾無一,1
6045,十萬曾無一鏃,1
6046,萬曾無一鏃遺,1
6047,曾無一鏃遺漢,1
6048,無一鏃遺漢武,1
6049,一鏃遺漢武慚,1
6050,鏃遺漢武慚誇,1
6051,遺漢武慚誇朔,1
6052,漢武慚誇朔方,1
6053,武慚誇朔方地,1
6054,慚誇朔方地周,1
6055,誇朔方地周宣,1
6056,朔方地周宣休,1
6057,方地周宣休道,1
6058,地周宣休道太,1
6059,周宣休道太原,1
6060,宣休道太原師,1
6061,休道太原師威,1
6062,道太原師威加,1
6063,太原師威加塞,1
6064,原師威加塞外,1
6065,師威加塞外寒,1
6066,威加塞外寒來,1
6067,加塞外寒來早,1
6068,塞外寒來早恩,1
6069,外寒來早恩入,1
6070,寒來早恩入河,1
6071,來早恩入河源,1
6072,早恩入河源凍,1
6073,恩入河源凍合,1
6074,入河源凍合遲,1
6075,河源凍合遲聽,1
6076,源凍合遲聽取,1
6077,凍合遲聽取滿,1
6078,合遲聽取滿城,1
6079,遲聽取滿城歌,1
6080,聽取滿城歌舞,1
6081,取滿城歌舞曲,1
6082,滿城歌舞曲涼,1
6083,城歌舞曲涼州,1
6084,歌舞曲涼州聲,1
6085,舞曲涼州聲韻,1
6086,曲涼州聲韻喜,1
6087,涼州聲韻喜參,1
6088,州聲韻喜參差,1
6089,聲韻喜參差行,1
6090,韻喜參差行看,1
6091,喜參差行看臘,1
6092,參差行看臘破,1
6093,差行看臘破好,1
6094,行看臘破好年,1
6095,看臘破好年光,1
6096,臘破好年光萬,1
6097,破好年光萬壽,1
6098,好年光萬壽南,1
6099,年光萬壽南山,1
6100,光萬壽南山對,1
6101,萬壽南山對未,1
6102,壽南山對未央,1
6103,南山對未央黠,1
6104,山對未央黠戛,1
6105,對未央黠戛可,1
6106,未央黠戛可汗,1
6107,央黠戛可汗修,1
6108,黠戛可汗修職,1
6109,戛可汗修職貢,1
6110,可汗修職貢文,1
6111,汗修職貢文思,1
6112,修職貢文思天,1
6113,職貢文思天子,1
6114,貢文思天子複,1
6115,文思天子複河,1
6116,思天子複河湟,1
6117,天子複河湟應,1
6118,子複河湟應須,1
6119,複河湟應須日,1
6120,河湟應須日馭,1
6121,湟應須日馭西,1
6122,應須日馭西巡,1
6123,須日馭西巡狩,1
6124,日馭西巡狩不,1
6125,馭西巡狩不假,1
6126,西巡狩不假星,1
6127,巡狩不假星弧,1
6128,狩不假星弧北,1
6129,不假星弧北射,1
6130,假星弧北射狼,1
6131,星弧北射狼吉,1
6132,弧北射狼吉甫,1
6133,北射狼吉甫裁,1
6134,射狼吉甫裁詩,1
6135,狼吉甫裁詩歌,1
6136,吉甫裁詩歌盛,1
6137,甫裁詩歌盛業,1
6138,裁詩歌盛業一,1
6139,詩歌盛業一篇,1
6140,歌盛業一篇江,1
6141,盛業一篇江漢,1
6142,業一篇江漢美,1
6143,一篇江漢美宣,1
6144,篇江漢美宣王,1
6145,江漢美宣王長,1
6146,漢美宣王長安,1
6147,美宣王長安回,1
6148,宣王長安回望,1
6149,王長安回望繡,1
6150,長安回望繡成,1
6151,安回望繡成堆,1
6152,回望繡成堆山,1
6153,望繡成堆山頂,1
6154,繡成堆山頂千,1
6155,成堆山頂千門,1
6156,堆山頂千門次,1
6157,山頂千門次第,1
6158,頂千門次第開,1
6159,千門次第開一,1
6160,門次第開一騎,1
6161,次第開一騎紅,1
6162,第開一騎紅塵,1
6163,開一騎紅塵妃,1
6164,一騎紅塵妃子,1
6165,騎紅塵妃子笑,1
6166,紅塵妃子笑無,1
6167,塵妃子笑無人,1
6168,妃子笑無人知,1
6169,子笑無人知是,1
6170,笑無人知是荔,1
6171,無人知是荔枝,1
6172,人知是荔枝來,1
6173,知是荔枝來新,1
6174,是荔枝來新豐,1
6175,荔枝來新豐綠,1
6176,枝來新豐綠樹,1
6177,來新豐綠樹起,1
6178,新豐綠樹起黃,1
6179,豐綠樹起黃埃,1
6180,綠樹起黃埃數,1
6181,樹起黃埃數騎,1
6182,起黃埃數騎漁,1
6183,黃埃數騎漁陽,1
6184,埃數騎漁陽探,1
6185,數騎漁陽探使,1
6186,騎漁陽探使回,1
6187,漁陽探使回霓,1
6188,陽探使回霓裳,1
6189,探使回霓裳一,1
6190,使回霓裳一曲,1
6191,回霓裳一曲千,1
6192,霓裳一曲千峰,1
6193,裳一曲千峰上,1
6194,一曲千峰上舞,1
6195,曲千峰上舞破,1
6196,千峰上舞破中,1
6197,峰上舞破中原,1
6198,上舞破中原始,1
6199,舞破中原始下,1
6200,破中原始下來,1
6201,中原始下來萬,1
6202,原始下來萬國,1
6203,始下來萬國笙,1
6204,下來萬國笙歌,1
6205,來萬國笙歌醉,1
6206,萬國笙歌醉太,1
6207,國笙歌醉太平,1
6208,笙歌醉太平倚,1
6209,歌醉太平倚天,1
6210,醉太平倚天樓,1
6211,太平倚天樓殿,1
6212,平倚天樓殿月,1
6213,倚天樓殿月分,1
6214,天樓殿月分明,1
6215,樓殿月分明雲,1
6216,殿月分明雲中,1
6217,月分明雲中亂,1
6218,分明雲中亂拍,1
6219,明雲中亂拍祿,1
6220,雲中亂拍祿山,1
6221,中亂拍祿山舞,1
6222,亂拍祿山舞風,1
6223,拍祿山舞風過,1
6224,祿山舞風過重,1
6225,山舞風過重巒,1
6226,舞風過重巒下,1
6227,風過重巒下笑,1
6228,過重巒下笑聲,1
6229,重巒下笑聲長,1
6230,巒下笑聲長空,1
6231,下笑聲長空澹,1
6232,笑聲長空澹澹,1
6233,聲長空澹澹孤,1
6234,長空澹澹孤鳥,1
6235,空澹澹孤鳥沒,1
6236,澹澹孤鳥沒萬,1
6237,澹孤鳥沒萬古,1
6238,孤鳥沒萬古銷,1
6239,鳥沒萬古銷沉,1
6240,沒萬古銷沉向,1
6241,萬古銷沉向此,1
6242,古銷沉向此中,1
6243,銷沉向此中看,1
6244,沉向此中看取,1
6245,向此中看取漢,1
6246,此中看取漢家,1
6247,中看取漢家何,1
6248,看取漢家何事,1
6249,取漢家何事業,1
6250,漢家何事業五,1
6251,家何事業五陵,1
6252,何事業五陵無,1
6253,事業五陵無樹,1
6254,業五陵無樹起,1
6255,五陵無樹起秋,1
6256,陵無樹起秋風,1
6257,無樹起秋風將,1
6258,樹起秋風將軍,1
6259,起秋風將軍獨,1
6260,秋風將軍獨乘,1
6261,風將軍獨乘鐵,1
6262,將軍獨乘鐵驄,1
6263,軍獨乘鐵驄馬,1
6264,獨乘鐵驄馬榆,1
6265,乘鐵驄馬榆溪,1
6266,鐵驄馬榆溪戰,1
6267,驄馬榆溪戰中,1
6268,馬榆溪戰中金,1
6269,榆溪戰中金僕,1
6270,溪戰中金僕姑,1
6271,戰中金僕姑死,1
6272,中金僕姑死綏,1
6273,金僕姑死綏卻,1
6274,僕姑死綏卻是,1
6275,姑死綏卻是古,1
6276,死綏卻是古來,1
6277,綏卻是古來有,1
6278,卻是古來有驍,1
6279,是古來有驍將,1
6280,古來有驍將自,1
6281,來有驍將自驚,1
6282,有驍將自驚今,1
6283,驍將自驚今日,1
6284,將自驚今日無,1
6285,自驚今日無青,1
6286,驚今日無青史,1
6287,今日無青史文,1
6288,日無青史文章,1
6289,無青史文章爭,1
6290,青史文章爭點,1
6291,史文章爭點筆,1
6292,文章爭點筆朱,1
6293,章爭點筆朱門,1
6294,爭點筆朱門歌,1
6295,點筆朱門歌舞,1
6296,筆朱門歌舞笑,1
6297,朱門歌舞笑捐,1
6298,門歌舞笑捐軀,1
6299,歌舞笑捐軀誰,1
6300,舞笑捐軀誰知,1
6301,笑捐軀誰知我,1
6302,捐軀誰知我亦,1
6303,軀誰知我亦輕,1
6304,誰知我亦輕生,1
6305,知我亦輕生者,1
6306,我亦輕生者不,1
6307,亦輕生者不得,1
6308,輕生者不得君,1
6309,生者不得君王,1
6310,者不得君王丈,1
6311,不得君王丈二,1
6312,得君王丈二殳,1
6313,君王丈二殳交,1
6314,王丈二殳交址,1
6315,丈二殳交址同,1
6316,二殳交址同星,1
6317,殳交址同星座,1
6318,交址同星座龍,1
6319,址同星座龍泉,1
6320,同星座龍泉佩,1
6321,星座龍泉佩鬥,1
6322,座龍泉佩鬥文,1
6323,龍泉佩鬥文燒,1
6324,泉佩鬥文燒香,1
6325,佩鬥文燒香翠,1
6326,鬥文燒香翠羽,1
6327,文燒香翠羽帳,1
6328,燒香翠羽帳看,1
6329,香翠羽帳看舞,1
6330,翠羽帳看舞郁,1
6331,羽帳看舞郁金,1
6332,帳看舞郁金裙,1
6333,看舞郁金裙鷁,1
6334,舞郁金裙鷁首,1
6335,郁金裙鷁首沖,1
6336,金裙鷁首沖瀧,1
6337,裙鷁首沖瀧浪,1
6338,鷁首沖瀧浪犀,1
6339,首沖瀧浪犀渠,1
6340,沖瀧浪犀渠拂,1
6341,瀧浪犀渠拂嶺,1
6342,浪犀渠拂嶺雲,1
6343,犀渠拂嶺雲莫,1
6344,渠拂嶺雲莫教,1
6345,拂嶺雲莫教銅,1
6346,嶺雲莫教銅柱,1
6347,雲莫教銅柱北,1
6348,莫教銅柱北空,1
6349,教銅柱北空說,1
6350,銅柱北空說馬,1
6351,柱北空說馬將,1
6352,北空說馬將軍,1
6353,空說馬將軍帝,1
6354,說馬將軍帝命,1
6355,馬將軍帝命詩,1
6356,將軍帝命詩書,1
6357,軍帝命詩書將,1
6358,帝命詩書將登,1
6359,命詩書將登壇,1
6360,詩書將登壇禮,1
6361,書將登壇禮樂,1
6362,將登壇禮樂卿,1
6363,登壇禮樂卿三,1
6364,壇禮樂卿三邊,1
6365,禮樂卿三邊要,1
6366,樂卿三邊要高,1
6367,卿三邊要高枕,1
6368,三邊要高枕萬,1
6369,邊要高枕萬里,1
6370,要高枕萬里得,1
6371,高枕萬里得長,1
6372,枕萬里得長城,1
6373,萬里得長城對,1
6374,里得長城對客,1
6375,得長城對客猶,1
6376,長城對客猶褒,1
6377,城對客猶褒博,1
6378,對客猶褒博填,1
6379,客猶褒博填門,1
6380,猶褒博填門已,1
6381,褒博填門已旆,1
6382,博填門已旆旌,1
6383,填門已旆旌腰,1
6384,門已旆旌腰間,1
6385,已旆旌腰間五,1
6386,旆旌腰間五綬,1
6387,旌腰間五綬貴,1
6388,腰間五綬貴天,1
6389,間五綬貴天下,1
6390,五綬貴天下一,1
6391,綬貴天下一家,1
6392,貴天下一家榮,1
6393,天下一家榮野,1
6394,下一家榮野水,1
6395,一家榮野水差,1
6396,家榮野水差新,1
6397,榮野水差新燕,1
6398,野水差新燕芳,1
6399,水差新燕芳郊,1
6400,差新燕芳郊哢,1
6401,新燕芳郊哢夏,1
6402,燕芳郊哢夏鶯,1
6403,芳郊哢夏鶯別,1
6404,郊哢夏鶯別風,1
6405,哢夏鶯別風嘶,1
6406,夏鶯別風嘶玉,1
6407,鶯別風嘶玉勒,1
6408,別風嘶玉勒殘,1
6409,風嘶玉勒殘日,1
6410,嘶玉勒殘日望,1
6411,玉勒殘日望金,1
6412,勒殘日望金莖,1
6413,殘日望金莖榆,1
6414,日望金莖榆塞,1
6415,望金莖榆塞孤,1
6416,金莖榆塞孤煙,1
6417,莖榆塞孤煙媚,1
6418,榆塞孤煙媚銀,1
6419,塞孤煙媚銀川,1
6420,孤煙媚銀川綠,1
6421,煙媚銀川綠草,1
6422,媚銀川綠草明,1
6423,銀川綠草明戈,1
6424,川綠草明戈矛,1
6425,綠草明戈矛虓,1
6426,草明戈矛虓虎,1
6427,明戈矛虓虎士,1
6428,戈矛虓虎士弓,1
6429,矛虓虎士弓箭,1
6430,虓虎士弓箭落,1
6431,虎士弓箭落雕,1
6432,士弓箭落雕兵,1
6433,弓箭落雕兵魏,1
6434,箭落雕兵魏絳,1
6435,落雕兵魏絳言,1
6436,雕兵魏絳言堪,1
6437,兵魏絳言堪采,1
6438,魏絳言堪采陳,1
6439,絳言堪采陳湯,1
6440,言堪采陳湯事,1
6441,堪采陳湯事偶,1
6442,采陳湯事偶成,1
6443,陳湯事偶成若,1
6444,湯事偶成若須,1
6445,事偶成若須垂,1
6446,偶成若須垂竹,1
6447,成若須垂竹帛,1
6448,若須垂竹帛靜,1
6449,須垂竹帛靜勝,1
6450,垂竹帛靜勝是,1
6451,竹帛靜勝是功,1
6452,帛靜勝是功名,1
6453,靜勝是功名碧,1
6454,勝是功名碧池,1
6455,是功名碧池新,1
6456,功名碧池新漲,1
6457,名碧池新漲浴,1
6458,碧池新漲浴嬌,1
6459,池新漲浴嬌鴉,1
6460,新漲浴嬌鴉分,1
6461,漲浴嬌鴉分鎖,1
6462,浴嬌鴉分鎖長,1
6463,嬌鴉分鎖長安,1
6464,鴉分鎖長安富,1
6465,分鎖長安富貴,1
6466,鎖長安富貴家,1
6467,長安富貴家游,1
6468,安富貴家游騎,1
6469,富貴家游騎偶,1
6470,貴家游騎偶同,1
6471,家游騎偶同人,1
6472,游騎偶同人鬥,1
6473,騎偶同人鬥酒,1
6474,偶同人鬥酒名,1
6475,同人鬥酒名園,1
6476,人鬥酒名園相,1
6477,鬥酒名園相倚,1
6478,酒名園相倚杏,1
6479,名園相倚杏交,1
6480,園相倚杏交花,1
6481,相倚杏交花銀,1
6482,倚杏交花銀秋,1
6483,杏交花銀秋騕,1
6484,交花銀秋騕褭,1
6485,花銀秋騕褭嘶,1
6486,銀秋騕褭嘶宛,1
6487,秋騕褭嘶宛馬,1
6488,騕褭嘶宛馬繡,1
6489,褭嘶宛馬繡鞅,1
6490,嘶宛馬繡鞅璁,1
6491,宛馬繡鞅璁瓏,1
6492,馬繡鞅璁瓏走,1
6493,繡鞅璁瓏走鈿,1
6494,鞅璁瓏走鈿車,1
6495,璁瓏走鈿車一,1
6496,瓏走鈿車一曲,1
6497,走鈿車一曲將,1
6498,鈿車一曲將軍,1
6499,車一曲將軍何,1
6500,一曲將軍何處,1
6501,曲將軍何處笛,1
6502,將軍何處笛連,1
6503,軍何處笛連雲,1
6504,何處笛連雲芳,1
6505,處笛連雲芳草,1
6506,笛連雲芳草日,1
6507,連雲芳草日初,1
6508,雲芳草日初斜,1
6509,芳草日初斜烈,1
6510,草日初斜烈士,1
6511,日初斜烈士思,1
6512,初斜烈士思酬,1
6513,斜烈士思酬國,1
6514,烈士思酬國士,1
6515,士思酬國士恩,1
6516,思酬國士恩春,1
6517,酬國士恩春申,1
6518,國士恩春申誰,1
6519,士恩春申誰與,1
6520,恩春申誰與快,1
6521,春申誰與快冤,1
6522,申誰與快冤魂,1
6523,誰與快冤魂三,1
6524,與快冤魂三千,1
6525,快冤魂三千賓,1
6526,冤魂三千賓客,1
6527,魂三千賓客總,1
6528,三千賓客總珠,1
6529,千賓客總珠履,1
6530,賓客總珠履欲,1
6531,客總珠履欲使,1
6532,總珠履欲使何,1
6533,珠履欲使何人,1
6534,履欲使何人殺,1
6535,欲使何人殺李,1
6536,使何人殺李園,1
6537,何人殺李園相,1
6538,人殺李園相如,1
6539,殺李園相如死,1
6540,李園相如死後,1
6541,園相如死後無,1
6542,相如死後無詞,1
6543,如死後無詞客,1
6544,死後無詞客延,1
6545,後無詞客延壽,1
6546,無詞客延壽亡,1
6547,詞客延壽亡來,1
6548,客延壽亡來絕,1
6549,延壽亡來絕畫,1
6550,壽亡來絕畫工,1
6551,亡來絕畫工玉,1
6552,來絕畫工玉顏,1
6553,絕畫工玉顏不,1
6554,畫工玉顏不是,1
6555,工玉顏不是黃,1
6556,玉顏不是黃金,1
6557,顏不是黃金少,1
6558,不是黃金少淚,1
6559,是黃金少淚滴,1
6560,黃金少淚滴秋,1
6561,金少淚滴秋山,1
6562,少淚滴秋山入,1
6563,淚滴秋山入壽,1
6564,滴秋山入壽宮,1
6565,秋山入壽宮杜,1
6566,山入壽宮杜詩,1
6567,入壽宮杜詩韓,1
6568,壽宮杜詩韓集,1
6569,宮杜詩韓集愁,1
6570,杜詩韓集愁來,1
6571,詩韓集愁來讀,1
6572,韓集愁來讀似,1
6573,集愁來讀似倩,1
6574,愁來讀似倩麻,1
6575,來讀似倩麻姑,1
6576,讀似倩麻姑癢,1
6577,似倩麻姑癢處,1
6578,倩麻姑癢處抓,1
6579,麻姑癢處抓天,1
6580,姑癢處抓天外,1
6581,癢處抓天外鳳,1
6582,處抓天外鳳凰,1
6583,抓天外鳳凰誰,1
6584,天外鳳凰誰得,1
6585,外鳳凰誰得髓,1
6586,鳳凰誰得髓無,1
6587,凰誰得髓無人,1
6588,誰得髓無人解,1
6589,得髓無人解合,1
6590,髓無人解合續,1
6591,無人解合續弦,1
6592,人解合續弦膠,1
6593,解合續弦膠岸,1
6594,合續弦膠岸蘚,1
6595,續弦膠岸蘚生,1
6596,弦膠岸蘚生紅,1
6597,膠岸蘚生紅藥,1
6598,岸蘚生紅藥岩,1
6599,蘚生紅藥岩泉,1
6600,生紅藥岩泉漲,1
6601,紅藥岩泉漲碧,1
6602,藥岩泉漲碧塘,1
6603,岩泉漲碧塘地,1
6604,泉漲碧塘地分,1
6605,漲碧塘地分蓮,1
6606,碧塘地分蓮嶽,1
6607,塘地分蓮嶽秀,1
6608,地分蓮嶽秀草,1
6609,分蓮嶽秀草接,1
6610,蓮嶽秀草接鼎,1
6611,嶽秀草接鼎原,1
6612,秀草接鼎原芳,1
6613,草接鼎原芳雨,1
6614,接鼎原芳雨派,1
6615,鼎原芳雨派潈,1
6616,原芳雨派潈漴,1
6617,芳雨派潈漴急,1
6618,雨派潈漴急風,1
6619,派潈漴急風畦,1
6620,潈漴急風畦芷,1
6621,漴急風畦芷若,1
6622,急風畦芷若香,1
6623,風畦芷若香織,1
6624,畦芷若香織蓬,1
6625,芷若香織蓬眠,1
6626,若香織蓬眠舴,1
6627,香織蓬眠舴艋,1
6628,織蓬眠舴艋驚,1
6629,蓬眠舴艋驚夢,1
6630,眠舴艋驚夢起,1
6631,舴艋驚夢起鴛,1
6632,艋驚夢起鴛鴦,1
6633,驚夢起鴛鴦論,1
6634,夢起鴛鴦論吐,1
6635,起鴛鴦論吐開,1
6636,鴛鴦論吐開冰,1
6637,鴦論吐開冰室,1
6638,論吐開冰室詩,1
6639,吐開冰室詩陳,1
6640,開冰室詩陳曝,1
6641,冰室詩陳曝錦,1
6642,室詩陳曝錦張,1
6643,詩陳曝錦張貂,1
6644,陳曝錦張貂簪,1
6645,曝錦張貂簪荊,1
6646,錦張貂簪荊玉,1
6647,張貂簪荊玉潤,1
6648,貂簪荊玉潤丹,1
6649,簪荊玉潤丹穴,1
6650,荊玉潤丹穴鳳,1
6651,玉潤丹穴鳳毛,1
6652,潤丹穴鳳毛光,1
6653,丹穴鳳毛光今,1
6654,穴鳳毛光今日,1
6655,鳳毛光今日還,1
6656,毛光今日還珠,1
6657,光今日還珠守,1
6658,今日還珠守何,1
6659,日還珠守何年,1
6660,還珠守何年執,1
6661,珠守何年執戟,1
6662,守何年執戟郎,1
6663,何年執戟郎且,1
6664,年執戟郎且嫌,1
6665,執戟郎且嫌游,1
6666,戟郎且嫌游晝,1
6667,郎且嫌游晝短,1
6668,且嫌游晝短莫,1
6669,嫌游晝短莫問,1
6670,游晝短莫問積,1
6671,晝短莫問積薪,1
6672,短莫問積薪長,1
6673,莫問積薪長無,1
6674,問積薪長無計,1
6675,積薪長無計披,1
6676,薪長無計披清,1
6677,長無計披清裁,1
6678,無計披清裁唯,1
6679,計披清裁唯持,1
6680,披清裁唯持祝,1
6681,清裁唯持祝壽,1
6682,裁唯持祝壽觴,1
6683,唯持祝壽觴願,1
6684,持祝壽觴願公,1
6685,祝壽觴願公如,1
6686,壽觴願公如衛,1
6687,觴願公如衛武,1
6688,願公如衛武百,1
6689,公如衛武百歲,1
6690,如衛武百歲尚,1
6691,衛武百歲尚康,1
6692,武百歲尚康強,1
6693,百歲尚康強冥,1
6694,歲尚康強冥鴻,1
6695,尚康強冥鴻不,1
6696,康強冥鴻不下,1
6697,強冥鴻不下非,1
6698,冥鴻不下非無,1
6699,鴻不下非無意,1
6700,不下非無意塞,1
6701,下非無意塞馬,1
6702,非無意塞馬歸,1
6703,無意塞馬歸來,1
6704,意塞馬歸來是,1
6705,塞馬歸來是偶,1
6706,馬歸來是偶然,1
6707,歸來是偶然紫,1
6708,來是偶然紫綬,1
6709,是偶然紫綬公,1
6710,偶然紫綬公卿,1
6711,然紫綬公卿今,1
6712,紫綬公卿今放,1
6713,綬公卿今放曠,1
6714,公卿今放曠白,1
6715,卿今放曠白頭,1
6716,今放曠白頭郎,1
6717,放曠白頭郎吏,1
6718,曠白頭郎吏尚,1
6719,白頭郎吏尚留,1
6720,頭郎吏尚留連,1
6721,郎吏尚留連終,1
6722,吏尚留連終南,1
6723,尚留連終南山,1
6724,留連終南山下,1
6725,連終南山下拋,1
6726,終南山下拋泉,1
6727,南山下拋泉洞,1
6728,山下拋泉洞陽,1
6729,下拋泉洞陽羨,1
6730,拋泉洞陽羨溪,1
6731,泉洞陽羨溪中,1
6732,洞陽羨溪中買,1
6733,陽羨溪中買釣,1
6734,羨溪中買釣船,1
6735,溪中買釣船欲,1
6736,中買釣船欲與,1
6737,買釣船欲與明,1
6738,釣船欲與明公,1
6739,船欲與明公操,1
6740,欲與明公操履,1
6741,與明公操履杖,1
6742,明公操履杖願,1
6743,公操履杖願聞,1
6744,操履杖願聞休,1
6745,履杖願聞休去,1
6746,杖願聞休去是,1
6747,願聞休去是何,1
6748,聞休去是何年,1
6749,休去是何年玉,1
6750,去是何年玉函,1
6751,是何年玉函怪,1
6752,何年玉函怪牒,1
6753,年玉函怪牒鎖,1
6754,玉函怪牒鎖靈,1
6755,函怪牒鎖靈篆,1
6756,怪牒鎖靈篆紫,1
6757,牒鎖靈篆紫洞,1
6758,鎖靈篆紫洞香,1
6759,靈篆紫洞香風,1
6760,篆紫洞香風吹,1
6761,紫洞香風吹碧,1
6762,洞香風吹碧桃,1
6763,香風吹碧桃老,1
6764,風吹碧桃老翁,1
6765,吹碧桃老翁四,1
6766,碧桃老翁四目,1
6767,桃老翁四目牙,1
6768,老翁四目牙爪,1
6769,翁四目牙爪利,1
6770,四目牙爪利擲,1
6771,目牙爪利擲火,1
6772,牙爪利擲火萬,1
6773,爪利擲火萬里,1
6774,利擲火萬里精,1
6775,擲火萬里精神,1
6776,火萬里精神高,1
6777,萬里精神高靄,1
6778,里精神高靄靄,1
6779,精神高靄靄祥,1
6780,神高靄靄祥雲,1
6781,高靄靄祥雲隨,1
6782,靄靄祥雲隨步,1
6783,靄祥雲隨步武,1
6784,祥雲隨步武累,1
6785,雲隨步武累累,1
6786,隨步武累累秋,1
6787,步武累累秋塚,1
6788,武累累秋塚歎,1
6789,累累秋塚歎蓬,1
6790,累秋塚歎蓬蒿,1
6791,秋塚歎蓬蒿三,1
6792,塚歎蓬蒿三山,1
6793,歎蓬蒿三山朝,1
6794,蓬蒿三山朝去,1
6795,蒿三山朝去應,1
6796,三山朝去應非,1
6797,山朝去應非久,1
6798,朝去應非久姹,1
6799,去應非久姹女,1
6800,應非久姹女當,1
6801,非久姹女當窗,1
6802,久姹女當窗繡,1
6803,姹女當窗繡羽,1
6804,女當窗繡羽袍,1
6805,當窗繡羽袍玉,1
6806,窗繡羽袍玉子,1
6807,繡羽袍玉子紋,1
6808,羽袍玉子紋楸,1
6809,袍玉子紋楸一,1
6810,玉子紋楸一路,1
6811,子紋楸一路饒,1
6812,紋楸一路饒最,1
6813,楸一路饒最宜,1
6814,一路饒最宜簷,1
6815,路饒最宜簷雨,1
6816,饒最宜簷雨竹,1
6817,最宜簷雨竹蕭,1
6818,宜簷雨竹蕭蕭,1
6819,簷雨竹蕭蕭羸,1
6820,雨竹蕭蕭羸形,1
6821,竹蕭蕭羸形暗,1
6822,蕭蕭羸形暗去,1
6823,蕭羸形暗去春,1
6824,羸形暗去春泉,1
6825,形暗去春泉長,1
6826,暗去春泉長拔,1
6827,去春泉長拔勢,1
6828,春泉長拔勢橫,1
6829,泉長拔勢橫來,1
6830,長拔勢橫來野,1
6831,拔勢橫來野火,1
6832,勢橫來野火燒,1
6833,橫來野火燒守,1
6834,來野火燒守道,1
6835,野火燒守道還,1
6836,火燒守道還如,1
6837,燒守道還如周,1
6838,守道還如周柱,1
6839,道還如周柱史,1
6840,還如周柱史鏖,1
6841,如周柱史鏖兵,1
6842,周柱史鏖兵不,1
6843,柱史鏖兵不羨,1
6844,史鏖兵不羨霍,1
6845,鏖兵不羨霍嫖,1
6846,兵不羨霍嫖姚,1
6847,不羨霍嫖姚浮,1
6848,羨霍嫖姚浮生,1
6849,霍嫖姚浮生七,1
6850,嫖姚浮生七十,1
6851,姚浮生七十更,1
6852,浮生七十更萬,1
6853,生七十更萬日,1
6854,七十更萬日與,1
6855,十更萬日與子,1
6856,更萬日與子期,1
6857,萬日與子期於,1
6858,日與子期於局,1
6859,與子期於局上,1
6860,子期於局上銷,1
6861,期於局上銷絕,1
6862,於局上銷絕藝,1
6863,局上銷絕藝如,1
6864,上銷絕藝如君,1
6865,銷絕藝如君天,1
6866,絕藝如君天下,1
6867,藝如君天下少,1
6868,如君天下少閒,1
6869,君天下少閒人,1
6870,天下少閒人似,1
6871,下少閒人似我,1
6872,少閒人似我世,1
6873,閒人似我世間,1
6874,人似我世間無,1
6875,似我世間無別,1
6876,我世間無別後,1
6877,世間無別後竹,1
6878,間無別後竹窗,1
6879,無別後竹窗風,1
6880,別後竹窗風雪,1
6881,後竹窗風雪夜,1
6882,竹窗風雪夜一,1
6883,窗風雪夜一燈,1
6884,風雪夜一燈明,1
6885,雪夜一燈明暗,1
6886,夜一燈明暗覆,1
6887,一燈明暗覆吳,1
6888,燈明暗覆吳圖,1
6889,明暗覆吳圖連,1
6890,暗覆吳圖連環,1
6891,覆吳圖連環羈,1
6892,吳圖連環羈玉,1
6893,圖連環羈玉聲,1
6894,璀璀白罽袍盛,1
6895,璀白罽袍盛業,1
6896,白罽袍盛業冠,1
6897,罽袍盛業冠伊,1
6898,袍盛業冠伊唐,1
6899,盛業冠伊唐臺,1
6900,業冠伊唐臺階,1
6901,冠伊唐臺階翊,1
6902,伊唐臺階翊戴,1
6903,唐臺階翊戴光,1
6904,臺階翊戴光無,1
6905,階翊戴光無私,1
6906,翊戴光無私天,1
6907,戴光無私天雨,1
6908,光無私天雨露,1
6909,無私天雨露有,1
6910,私天雨露有截,1
6911,天雨露有截舜,1
6912,雨露有截舜衣,1
6913,露有截舜衣裳,1
6914,有截舜衣裳蜀,1
6915,截舜衣裳蜀輟,1
6916,舜衣裳蜀輟新,1
6917,衣裳蜀輟新衡,1
6918,裳蜀輟新衡鏡,1
6919,蜀輟新衡鏡池,1
6920,輟新衡鏡池留,1
6921,新衡鏡池留舊,1
6922,衡鏡池留舊鳳,1
6923,鏡池留舊鳳凰,1
6924,池留舊鳳凰同,1
6925,留舊鳳凰同心,1
6926,舊鳳凰同心真,1
6927,鳳凰同心真石,1
6928,凰同心真石友,1
6929,同心真石友寫,1
6930,心真石友寫恨,1
6931,真石友寫恨蔑,1
6932,石友寫恨蔑河,1
6933,友寫恨蔑河梁,1
6934,寫恨蔑河梁虎,1
6935,恨蔑河梁虎騎,1
6936,蔑河梁虎騎搖,1
6937,河梁虎騎搖風,1
6938,梁虎騎搖風旆,1
6939,虎騎搖風旆貂,1
6940,騎搖風旆貂冠,1
6941,搖風旆貂冠韻,1
6942,風旆貂冠韻水,1
6943,旆貂冠韻水蒼,1
6944,貂冠韻水蒼彤,1
6945,冠韻水蒼彤弓,1
6946,韻水蒼彤弓隨,1
6947,水蒼彤弓隨武,1
6948,蒼彤弓隨武庫,1
6949,彤弓隨武庫金,1
6950,弓隨武庫金印,1
6951,隨武庫金印逐,1
6952,武庫金印逐文,1
6953,庫金印逐文房,1
6954,金印逐文房棧,1
6955,印逐文房棧壓,1
6956,逐文房棧壓嘉,1
6957,文房棧壓嘉陵,1
6958,房棧壓嘉陵咽,1
6959,棧壓嘉陵咽峰,1
6960,壓嘉陵咽峰橫,1
6961,嘉陵咽峰橫劍,1
6962,陵咽峰橫劍閣,1
6963,咽峰橫劍閣長,1
6964,峰橫劍閣長前,1
6965,橫劍閣長前驅,1
6966,劍閣長前驅二,1
6967,閣長前驅二星,1
6968,長前驅二星去,1
6969,前驅二星去開,1
6970,驅二星去開險,1
6971,二星去開險五,1
6972,星去開險五丁,1
6973,去開險五丁忙,1
6974,開險五丁忙回,1
6975,險五丁忙回首,1
6976,五丁忙回首崢,1
6977,丁忙回首崢嶸,1
6978,忙回首崢嶸盡,1
6979,回首崢嶸盡連,1
6980,首崢嶸盡連天,1
6981,崢嶸盡連天草,1
6982,嶸盡連天草樹,1
6983,盡連天草樹芳,1
6984,連天草樹芳丹,1
6985,天草樹芳丹心,1
6986,草樹芳丹心懸,1
6987,樹芳丹心懸魏,1
6988,芳丹心懸魏闕,1
6989,丹心懸魏闕往,1
6990,心懸魏闕往事,1
6991,懸魏闕往事愴,1
6992,魏闕往事愴甘,1
6993,闕往事愴甘棠,1
6994,往事愴甘棠治,1
6995,事愴甘棠治化,1
6996,愴甘棠治化輕,1
6997,甘棠治化輕諸,1
6998,棠治化輕諸葛,1
6999,治化輕諸葛威,1
7000,化輕諸葛威聲,1
7001,輕諸葛威聲懾,1
7002,諸葛威聲懾夜,1
7003,葛威聲懾夜郎,1
7004,威聲懾夜郎君,1
7005,聲懾夜郎君平,1
7006,懾夜郎君平教,1
7007,夜郎君平教說,1
7008,郎君平教說卦,1
7009,君平教說卦夫,1
7010,平教說卦夫子,1
7011,教說卦夫子召,1
7012,說卦夫子召升,1
7013,卦夫子召升堂,1
7014,夫子召升堂塞,1
7015,子召升堂塞接,1
7016,召升堂塞接西,1
7017,升堂塞接西山,1
7018,堂塞接西山雪,1
7019,塞接西山雪橋,1
7020,接西山雪橋維,1
7021,西山雪橋維萬,1
7022,山雪橋維萬里,1
7023,雪橋維萬里檣,1
7024,橋維萬里檣奪,1
7025,維萬里檣奪霞,1
7026,萬里檣奪霞紅,1
7027,里檣奪霞紅錦,1
7028,檣奪霞紅錦爛,1
7029,奪霞紅錦爛撲,1
7030,霞紅錦爛撲地,1
7031,紅錦爛撲地酒,1
7032,錦爛撲地酒壚,1
7033,爛撲地酒壚香,1
7034,撲地酒壚香忝,1
7035,地酒壚香忝逐,1
7036,酒壚香忝逐三,1
7037,壚香忝逐三千,1
7038,香忝逐三千客,1
7039,忝逐三千客曾,1
7040,逐三千客曾依,1
7041,三千客曾依數,1
7042,千客曾依數仞,1
7043,客曾依數仞牆,1
7044,曾依數仞牆滯,1
7045,依數仞牆滯頑,1
7046,數仞牆滯頑堪,1
7047,仞牆滯頑堪白,1
7048,牆滯頑堪白屋,1
7049,滯頑堪白屋攀,1
7050,頑堪白屋攀附,1
7051,堪白屋攀附亦,1
7052,白屋攀附亦同,1
7053,屋攀附亦同行,1
7054,攀附亦同行肉,1
7055,附亦同行肉管,1
7056,亦同行肉管伶,1
7057,同行肉管伶倫,1
7058,行肉管伶倫曲,1
7059,肉管伶倫曲簫,1
7060,管伶倫曲簫韶,1
7061,伶倫曲簫韶清,1
7062,倫曲簫韶清廟,1
7063,曲簫韶清廟章,1
7064,簫韶清廟章唱,1
7065,韶清廟章唱高,1
7066,清廟章唱高知,1
7067,廟章唱高知和,1
7068,章唱高知和寡,1
7069,唱高知和寡小,1
7070,高知和寡小子,1
7071,知和寡小子斐,1
7072,和寡小子斐然,1
7073,寡小子斐然狂,1
7074,小子斐然狂下,1
7075,子斐然狂下杜,1
7076,斐然狂下杜鄉,1
7077,然狂下杜鄉園,1
7078,狂下杜鄉園古,1
7079,下杜鄉園古泉,1
7080,杜鄉園古泉聲,1
7081,鄉園古泉聲繞,1
7082,園古泉聲繞舍,1
7083,古泉聲繞舍啼,1
7084,泉聲繞舍啼靜,1
7085,聲繞舍啼靜思,1
7086,繞舍啼靜思長,1
7087,舍啼靜思長慘,1
7088,啼靜思長慘切,1
7089,靜思長慘切薄,1
7090,思長慘切薄宦,1
7091,長慘切薄宦與,1
7092,慘切薄宦與乖,1
7093,切薄宦與乖暌,1
7094,薄宦與乖暌北,1
7095,宦與乖暌北闕,1
7096,與乖暌北闕千,1
7097,乖暌北闕千門,1
7098,暌北闕千門外,1
7099,北闕千門外南,1
7100,闕千門外南山,1
7101,千門外南山午,1
7102,門外南山午穀,1
7103,外南山午穀西,1
7104,南山午穀西倚,1
7105,山午穀西倚川,1
7106,午穀西倚川紅,1
7107,穀西倚川紅葉,1
7108,西倚川紅葉嶺,1
7109,倚川紅葉嶺連,1
7110,川紅葉嶺連寺,1
7111,紅葉嶺連寺綠,1
7112,葉嶺連寺綠楊,1
7113,嶺連寺綠楊堤,1
7114,連寺綠楊堤迥,1
7115,寺綠楊堤迥野,1
7116,綠楊堤迥野翹,1
7117,楊堤迥野翹霜,1
7118,堤迥野翹霜鶴,1
7119,迥野翹霜鶴澄,1
7120,野翹霜鶴澄潭,1
7121,翹霜鶴澄潭舞,1
7122,霜鶴澄潭舞錦,1
7123,鶴澄潭舞錦雞,1
7124,澄潭舞錦雞濤,1
7125,潭舞錦雞濤驚,1
7126,舞錦雞濤驚堆,1
7127,錦雞濤驚堆萬,1
7128,雞濤驚堆萬岫,1
7129,濤驚堆萬岫舸,1
7130,驚堆萬岫舸急,1
7131,堆萬岫舸急轉,1
7132,萬岫舸急轉千,1
7133,岫舸急轉千溪,1
7134,舸急轉千溪眉,1
7135,急轉千溪眉點,1
7136,轉千溪眉點萱,1
7137,千溪眉點萱牙,1
7138,溪眉點萱牙嫩,1
7139,眉點萱牙嫩風,1
7140,點萱牙嫩風條,1
7141,萱牙嫩風條柳,1
7142,牙嫩風條柳幄,1
7143,嫩風條柳幄迷,1
7144,風條柳幄迷岸,1
7145,條柳幄迷岸藤,1
7146,柳幄迷岸藤梢,1
7147,幄迷岸藤梢虺,1
7148,迷岸藤梢虺尾,1
7149,岸藤梢虺尾沙,1
7150,藤梢虺尾沙渚,1
7151,梢虺尾沙渚印,1
7152,虺尾沙渚印麑,1
7153,尾沙渚印麑蹄,1
7154,沙渚印麑蹄火,1
7155,渚印麑蹄火燎,1
7156,印麑蹄火燎湘,1
7157,麑蹄火燎湘桃,1
7158,蹄火燎湘桃塢,1
7159,火燎湘桃塢波,1
7160,燎湘桃塢波光,1
7161,湘桃塢波光碧,1
7162,桃塢波光碧繡,1
7163,塢波光碧繡畦,1
7164,波光碧繡畦日,1
7165,光碧繡畦日痕,1
7166,碧繡畦日痕縆,1
7167,繡畦日痕縆翠,1
7168,畦日痕縆翠巘,1
7169,日痕縆翠巘陂,1
7170,痕縆翠巘陂影,1
7171,縆翠巘陂影墮,1
7172,翠巘陂影墮晴,1
7173,巘陂影墮晴霓,1
7174,陂影墮晴霓蝸,1
7175,影墮晴霓蝸壁,1
7176,墮晴霓蝸壁斕,1
7177,晴霓蝸壁斕斑,1
7178,霓蝸壁斕斑蘚,1
7179,蝸壁斕斑蘚銀,1
7180,壁斕斑蘚銀筵,1
7181,斕斑蘚銀筵豆,1
7182,斑蘚銀筵豆蔻,1
7183,蘚銀筵豆蔻泥,1
7184,銀筵豆蔻泥洞,1
7185,筵豆蔻泥洞雲,1
7186,豆蔻泥洞雲生,1
7187,蔻泥洞雲生片,1
7188,泥洞雲生片段,1
7189,洞雲生片段苔,1
7190,雲生片段苔徑,1
7191,生片段苔徑繚,1
7192,片段苔徑繚高,1
7193,段苔徑繚高低,1
7194,苔徑繚高低偃,1
7195,徑繚高低偃蹇,1
7196,繚高低偃蹇松,1
7197,高低偃蹇松公,1
7198,低偃蹇松公老,1
7199,偃蹇松公老森,1
7200,蹇松公老森嚴,1
7201,松公老森嚴竹,1
7202,公老森嚴竹陣,1
7203,老森嚴竹陣齊,1
7204,森嚴竹陣齊小,1
7205,嚴竹陣齊小蓮,1
7206,竹陣齊小蓮娃,1
7207,陣齊小蓮娃欲,1
7208,齊小蓮娃欲語,1
7209,小蓮娃欲語幽,1
7210,蓮娃欲語幽筍,1
7211,娃欲語幽筍稚,1
7212,欲語幽筍稚相,1
7213,語幽筍稚相攜,1
7214,幽筍稚相攜漢,1
7215,筍稚相攜漢館,1
7216,稚相攜漢館留,1
7217,相攜漢館留餘,1
7218,攜漢館留餘趾,1
7219,漢館留餘趾周,1
7220,館留餘趾周台,1
7221,留餘趾周台接,1
7222,餘趾周台接故,1
7223,趾周台接故蹊,1
7224,周台接故蹊蟠,1
7225,台接故蹊蟠蛟,1
7226,接故蹊蟠蛟岡,1
7227,故蹊蟠蛟岡隱,1
7228,蹊蟠蛟岡隱隱,1
7229,蟠蛟岡隱隱班,1
7230,蛟岡隱隱班雉,1
7231,岡隱隱班雉草,1
7232,隱隱班雉草萋,1
7233,隱班雉草萋萋,1
7234,班雉草萋萋樹,1
7235,雉草萋萋樹老,1
7236,草萋萋樹老蘿,1
7237,萋萋樹老蘿紆,1
7238,萋樹老蘿紆組,1
7239,樹老蘿紆組岩,1
7240,老蘿紆組岩深,1
7241,蘿紆組岩深石,1
7242,紆組岩深石啟,1
7243,組岩深石啟閨,1
7244,岩深石啟閨侵,1
7245,深石啟閨侵窗,1
7246,石啟閨侵窗紫,1
7247,啟閨侵窗紫桂,1
7248,閨侵窗紫桂茂,1
7249,侵窗紫桂茂拂,1
7250,窗紫桂茂拂面,1
7251,紫桂茂拂面翠,1
7252,桂茂拂面翠禽,1
7253,茂拂面翠禽棲,1
7254,拂面翠禽棲有,1
7255,面翠禽棲有計,1
7256,翠禽棲有計冠,1
7257,禽棲有計冠終,1
7258,棲有計冠終掛,1
7259,有計冠終掛無,1
7260,計冠終掛無才,1
7261,冠終掛無才筆,1
7262,終掛無才筆謾,1
7263,掛無才筆謾提,1
7264,無才筆謾提自,1
7265,才筆謾提自塵,1
7266,筆謾提自塵何,1
7267,謾提自塵何太,1
7268,提自塵何太甚,1
7269,自塵何太甚休,1
7270,塵何太甚休笑,1
7271,何太甚休笑觸,1
7272,太甚休笑觸藩,1
7273,甚休笑觸藩羝,1
7274,休笑觸藩羝城,1
7275,笑觸藩羝城高,1
7276,觸藩羝城高倚,1
7277,藩羝城高倚峭,1
7278,羝城高倚峭巘,1
7279,城高倚峭巘地,1
7280,高倚峭巘地勝,1
7281,倚峭巘地勝足,1
7282,峭巘地勝足樓,1
7283,巘地勝足樓臺,1
7284,地勝足樓臺朔,1
7285,勝足樓臺朔漠,1
7286,足樓臺朔漠暖,1
7287,樓臺朔漠暖鴻,1
7288,臺朔漠暖鴻去,1
7289,朔漠暖鴻去瀟,1
7290,漠暖鴻去瀟湘,1
7291,暖鴻去瀟湘春,1
7292,鴻去瀟湘春水,1
7293,去瀟湘春水來,1
7294,瀟湘春水來縈,1
7295,湘春水來縈盈,1
7296,春水來縈盈幾,1
7297,水來縈盈幾多,1
7298,來縈盈幾多思,1
7299,縈盈幾多思掩,1
7300,盈幾多思掩抑,1
7301,幾多思掩抑若,1
7302,多思掩抑若為,1
7303,思掩抑若為裁,1
7304,掩抑若為裁返,1
7305,抑若為裁返照,1
7306,若為裁返照三,1
7307,為裁返照三聲,1
7308,裁返照三聲角,1
7309,返照三聲角寒,1
7310,照三聲角寒香,1
7311,三聲角寒香一,1
7312,聲角寒香一樹,1
7313,角寒香一樹梅,1
7314,寒香一樹梅烏,1
7315,香一樹梅烏林,1
7316,一樹梅烏林芳,1
7317,樹梅烏林芳草,1
7318,梅烏林芳草遠,1
7319,烏林芳草遠赤,1
7320,林芳草遠赤壁,1
7321,芳草遠赤壁健,1
7322,草遠赤壁健帆,1
7323,遠赤壁健帆開,1
7324,赤壁健帆開往,1
7325,壁健帆開往事,1
7326,健帆開往事空,1
7327,帆開往事空遺,1
7328,開往事空遺恨,1
7329,往事空遺恨東,1
7330,事空遺恨東流,1
7331,空遺恨東流豈,1
7332,遺恨東流豈不,1
7333,恨東流豈不回,1
7334,東流豈不回分,1
7335,流豈不回分符,1
7336,豈不回分符潁,1
7337,不回分符潁川,1
7338,回分符潁川政,1
7339,分符潁川政吊,1
7340,符潁川政吊屈,1
7341,潁川政吊屈洛,1
7342,川政吊屈洛陽,1
7343,政吊屈洛陽才,1
7344,吊屈洛陽才拂,1
7345,屈洛陽才拂匣,1
7346,洛陽才拂匣調,1
7347,陽才拂匣調珠,1
7348,才拂匣調珠柱,1
7349,拂匣調珠柱磨,1
7350,匣調珠柱磨鉛,1
7351,調珠柱磨鉛勘,1
7352,珠柱磨鉛勘玉,1
7353,柱磨鉛勘玉杯,1
7354,磨鉛勘玉杯棋,1
7355,鉛勘玉杯棋翻,1
7356,勘玉杯棋翻小,1
7357,玉杯棋翻小窟,1
7358,杯棋翻小窟勢,1
7359,棋翻小窟勢壚,1
7360,翻小窟勢壚撥,1
7361,小窟勢壚撥凍,1
7362,窟勢壚撥凍醪,1
7363,勢壚撥凍醪醅,1
7364,壚撥凍醪醅此,1
7365,撥凍醪醅此興,1
7366,凍醪醅此興予,1
7367,醪醅此興予非,1
7368,醅此興予非薄,1
7369,此興予非薄何,1
7370,興予非薄何時,1
7371,予非薄何時得,1
7372,非薄何時得奉,1
7373,薄何時得奉陪,1
7374,何時得奉陪君,1
7375,時得奉陪君為,1
7376,得奉陪君為珠,1
7377,奉陪君為珠履,1
7378,陪君為珠履三,1
7379,君為珠履三千,1
7380,為珠履三千客,1
7381,珠履三千客我,1
7382,履三千客我是,1
7383,三千客我是青,1
7384,千客我是青衿,1
7385,客我是青衿七,1
7386,我是青衿七十,1
7387,是青衿七十徒,1
7388,青衿七十徒禮,1
7389,衿七十徒禮數,1
7390,七十徒禮數全,1
7391,十徒禮數全優,1
7392,徒禮數全優知,1
7393,禮數全優知隗,1
7394,數全優知隗始,1
7395,全優知隗始討,1
7396,優知隗始討論,1
7397,知隗始討論常,1
7398,隗始討論常見,1
7399,始討論常見念,1
7400,討論常見念回,1
7401,論常見念回愚,1
7402,常見念回愚黃,1
7403,見念回愚黃鶴,1
7404,念回愚黃鶴樓,1
7405,回愚黃鶴樓前,1
7406,愚黃鶴樓前春,1
7407,黃鶴樓前春水,1
7408,鶴樓前春水闊,1
7409,樓前春水闊一,1
7410,前春水闊一杯,1
7411,春水闊一杯還,1
7412,水闊一杯還憶,1
7413,闊一杯還憶故,1
7414,一杯還憶故人,1
7415,杯還憶故人無,1
7416,還憶故人無杜,1
7417,憶故人無杜陵,1
7418,故人無杜陵蕭,1
7419,人無杜陵蕭次,1
7420,無杜陵蕭次君,1
7421,杜陵蕭次君遷,1
7422,陵蕭次君遷少,1
7423,蕭次君遷少去,1
7424,次君遷少去官,1
7425,君遷少去官頻,1
7426,遷少去官頻寂,1
7427,少去官頻寂寞,1
7428,去官頻寂寞憐,1
7429,官頻寂寞憐吾,1
7430,頻寂寞憐吾道,1
7431,寂寞憐吾道依,1
7432,寞憐吾道依稀,1
7433,憐吾道依稀似,1
7434,吾道依稀似古,1
7435,道依稀似古人,1
7436,依稀似古人飾,1
7437,稀似古人飾心,1
7438,似古人飾心無,1
7439,古人飾心無彩,1
7440,人飾心無彩繢,1
7441,飾心無彩繢到,1
7442,心無彩繢到骨,1
7443,無彩繢到骨是,1
7444,彩繢到骨是風,1
7445,繢到骨是風塵,1
7446,到骨是風塵自,1
7447,骨是風塵自嫌,1
7448,是風塵自嫌如,1
7449,風塵自嫌如匹,1
7450,塵自嫌如匹素,1
7451,自嫌如匹素刀,1
7452,嫌如匹素刀尺,1
7453,如匹素刀尺不,1
7454,匹素刀尺不由,1
7455,素刀尺不由身,1
7456,刀尺不由身四,1
7457,尺不由身四十,1
7458,不由身四十已,1
7459,由身四十已雲,1
7460,身四十已雲老,1
7461,四十已雲老況,1
7462,十已雲老況逢,1
7463,已雲老況逢憂,1
7464,雲老況逢憂窘,1
7465,老況逢憂窘餘,1
7466,況逢憂窘餘且,1
7467,逢憂窘餘且抽,1
7468,憂窘餘且抽持,1
7469,窘餘且抽持板,1
7470,餘且抽持板手,1
7471,且抽持板手卻,1
7472,抽持板手卻展,1
7473,持板手卻展小,1
7474,板手卻展小年,1
7475,手卻展小年書,1
7476,卻展小年書嗜,1
7477,展小年書嗜酒,1
7478,小年書嗜酒狂,1
7479,年書嗜酒狂嫌,1
7480,書嗜酒狂嫌阮,1
7481,嗜酒狂嫌阮知,1
7482,酒狂嫌阮知非,1
7483,狂嫌阮知非晚,1
7484,嫌阮知非晚笑,1
7485,阮知非晚笑蘧,1
7486,知非晚笑蘧聞,1
7487,非晚笑蘧聞流,1
7488,晚笑蘧聞流寧,1
7489,笑蘧聞流寧歎,1
7490,蘧聞流寧歎吒,1
7491,聞流寧歎吒待,1
7492,流寧歎吒待俗,1
7493,寧歎吒待俗不,1
7494,歎吒待俗不親,1
7495,吒待俗不親疏,1
7496,待俗不親疏遇,1
7497,俗不親疏遇事,1
7498,不親疏遇事知,1
7499,親疏遇事知裁,1
7500,疏遇事知裁剪,1
7501,遇事知裁剪操,1
7502,事知裁剪操心,1
7503,知裁剪操心識,1
7504,裁剪操心識卷,1
7505,剪操心識卷舒,1
7506,操心識卷舒還,1
7507,心識卷舒還稱,1
7508,識卷舒還稱二,1
7509,卷舒還稱二千,1
7510,舒還稱二千石,1
7511,還稱二千石於,1
7512,稱二千石於我,1
7513,二千石於我意,1
7514,千石於我意何,1
7515,石於我意何如,1
7516,於我意何如去,1
7517,我意何如去年,1
7518,意何如去年桐,1
7519,何如去年桐落,1
7520,如去年桐落故,1
7521,去年桐落故溪,1
7522,年桐落故溪上,1
7523,桐落故溪上把,1
7524,落故溪上把筆,1
7525,故溪上把筆偶,1
7526,溪上把筆偶題,1
7527,上把筆偶題歸,1
7528,把筆偶題歸燕,1
7529,筆偶題歸燕詩,1
7530,偶題歸燕詩江,1
7531,題歸燕詩江樓,1
7532,歸燕詩江樓今,1
7533,燕詩江樓今日,1
7534,詩江樓今日送,1
7535,江樓今日送歸,1
7536,樓今日送歸燕,1
7537,今日送歸燕正,1
7538,日送歸燕正是,1
7539,送歸燕正是去,1
7540,歸燕正是去年,1
7541,燕正是去年題,1
7542,正是去年題葉,1
7543,是去年題葉時,1
7544,去年題葉時葉,1
7545,年題葉時葉落,1
7546,題葉時葉落燕,1
7547,葉時葉落燕歸,1
7548,時葉落燕歸真,1
7549,葉落燕歸真可,1
7550,落燕歸真可惜,1
7551,燕歸真可惜東,1
7552,歸真可惜東流,1
7553,真可惜東流玄,1
7554,可惜東流玄發,1
7555,惜東流玄發且,1
7556,東流玄發且無,1
7557,流玄發且無期,1
7558,玄發且無期笑,1
7559,發且無期笑筵,1
7560,且無期笑筵歌,1
7561,無期笑筵歌席,1
7562,期笑筵歌席反,1
7563,笑筵歌席反惆,1
7564,筵歌席反惆悵,1
7565,歌席反惆悵明,1
7566,席反惆悵明月,1
7567,反惆悵明月清,1
7568,惆悵明月清風,1
7569,悵明月清風愴,1
7570,明月清風愴別,1
7571,月清風愴別離,1
7572,清風愴別離莊,1
7573,風愴別離莊叟,1
7574,愴別離莊叟彭,1
7575,別離莊叟彭殤,1
7576,離莊叟彭殤同,1
7577,莊叟彭殤同在,1
7578,叟彭殤同在夢,1
7579,彭殤同在夢陶,1
7580,殤同在夢陶潛,1
7581,同在夢陶潛身,1
7582,在夢陶潛身世,1
7583,夢陶潛身世兩,1
7584,陶潛身世兩相,1
7585,潛身世兩相遺,1
7586,身世兩相遺一,1
7587,世兩相遺一丸,1
7588,兩相遺一丸五,1
7589,相遺一丸五色,1
7590,遺一丸五色成,1
7591,一丸五色成虛,1
7592,丸五色成虛語,1
7593,五色成虛語石,1
7594,色成虛語石爛,1
7595,成虛語石爛松,1
7596,虛語石爛松薪,1
7597,語石爛松薪更,1
7598,石爛松薪更莫,1
7599,爛松薪更莫疑,1
7600,松薪更莫疑哆,1
7601,薪更莫疑哆侈,1
7602,更莫疑哆侈不,1
7603,莫疑哆侈不勞,1
7604,疑哆侈不勞文,1
7605,哆侈不勞文似,1
7606,侈不勞文似錦,1
7607,不勞文似錦進,1
7608,勞文似錦進趨,1
7609,文似錦進趨何,1
7610,似錦進趨何必,1
7611,錦進趨何必利,1
7612,進趨何必利如,1
7613,趨何必利如錐,1
7614,何必利如錐錢,1
7615,必利如錐錢神,1
7616,利如錐錢神任,1
7617,如錐錢神任爾,1
7618,錐錢神任爾知,1
7619,錢神任爾知無,1
7620,神任爾知無敵,1
7621,任爾知無敵酒,1
7622,爾知無敵酒聖,1
7623,知無敵酒聖於,1
7624,無敵酒聖於吾,1
7625,敵酒聖於吾亦,1
7626,酒聖於吾亦庶,1
7627,聖於吾亦庶幾,1
7628,於吾亦庶幾江,1
7629,吾亦庶幾江畔,1
7630,亦庶幾江畔秋,1
7631,庶幾江畔秋光,1
7632,幾江畔秋光蟾,1
7633,江畔秋光蟾閣,1
7634,畔秋光蟾閣鏡,1
7635,秋光蟾閣鏡檻,1
7636,光蟾閣鏡檻前,1
7637,蟾閣鏡檻前山,1
7638,閣鏡檻前山翠,1
7639,鏡檻前山翠茂,1
7640,檻前山翠茂陵,1
7641,前山翠茂陵眉,1
7642,山翠茂陵眉樽,1
7643,翠茂陵眉樽香,1
7644,茂陵眉樽香輕,1
7645,陵眉樽香輕泛,1
7646,眉樽香輕泛數,1
7647,樽香輕泛數枝,1
7648,香輕泛數枝菊,1
7649,輕泛數枝菊簷,1
7650,泛數枝菊簷影,1
7651,數枝菊簷影斜,1
7652,枝菊簷影斜侵,1
7653,菊簷影斜侵半,1
7654,簷影斜侵半局,1
7655,影斜侵半局棋,1
7656,斜侵半局棋休,1
7657,侵半局棋休指,1
7658,半局棋休指宦,1
7659,局棋休指宦遊,1
7660,棋休指宦遊論,1
7661,休指宦遊論巧,1
7662,指宦遊論巧拙,1
7663,宦遊論巧拙只,1
7664,遊論巧拙只將,1
7665,論巧拙只將愚,1
7666,巧拙只將愚直,1
7667,拙只將愚直禱,1
7668,只將愚直禱神,1
7669,將愚直禱神祇,1
7670,愚直禱神祇三,1
7671,直禱神祇三吳,1
7672,禱神祇三吳煙,1
7673,神祇三吳煙水,1
7674,祇三吳煙水平,1
7675,三吳煙水平生,1
7676,吳煙水平生念,1
7677,煙水平生念甯,1
7678,水平生念甯向,1
7679,平生念甯向閒,1
7680,生念甯向閒人,1
7681,念甯向閒人道,1
7682,甯向閒人道所,1
7683,向閒人道所之,1
7684,閒人道所之斯,1
7685,人道所之斯人,1
7686,道所之斯人清,1
7687,所之斯人清唱,1
7688,之斯人清唱何,1
7689,斯人清唱何人,1
7690,人清唱何人和,1
7691,清唱何人和草,1
7692,唱何人和草徑,1
7693,何人和草徑苔,1
7694,人和草徑苔蕪,1
7695,和草徑苔蕪不,1
7696,草徑苔蕪不可,1
7697,徑苔蕪不可尋,1
7698,苔蕪不可尋一,1
7699,蕪不可尋一夕,1
7700,不可尋一夕小,1
7701,可尋一夕小敷,1
7702,尋一夕小敷山,1
7703,一夕小敷山下,1
7704,夕小敷山下夢,1
7705,小敷山下夢水,1
7706,敷山下夢水如,1
7707,山下夢水如環,1
7708,下夢水如環佩,1
7709,夢水如環佩月,1
7710,水如環佩月如,1
7711,如環佩月如襟,1
7712,環佩月如襟鵩,1
7713,佩月如襟鵩鳥,1
7714,月如襟鵩鳥飛,1
7715,如襟鵩鳥飛來,1
7716,襟鵩鳥飛來庚,1
7717,鵩鳥飛來庚子,1
7718,鳥飛來庚子直,1
7719,飛來庚子直謫,1
7720,來庚子直謫去,1
7721,庚子直謫去日,1
7722,子直謫去日蝕,1
7723,直謫去日蝕辛,1
7724,謫去日蝕辛卯,1
7725,去日蝕辛卯年,1
7726,日蝕辛卯年由,1
7727,蝕辛卯年由來,1
7728,辛卯年由來枉,1
7729,卯年由來枉死,1
7730,年由來枉死賢,1
7731,由來枉死賢才,1
7732,來枉死賢才事,1
7733,枉死賢才事消,1
7734,死賢才事消長,1
7735,賢才事消長相,1
7736,才事消長相持,1
7737,事消長相持勢,1
7738,消長相持勢自,1
7739,長相持勢自然,1
7740,相持勢自然拖,1
7741,持勢自然拖袖,1
7742,勢自然拖袖事,1
7743,自然拖袖事當,1
7744,然拖袖事當年,1
7745,拖袖事當年郎,1
7746,袖事當年郎教,1
7747,事當年郎教唱,1
7748,當年郎教唱客,1
7749,年郎教唱客前,1
7750,郎教唱客前斷,1
7751,教唱客前斷時,1
7752,唱客前斷時輕,1
7753,客前斷時輕裂,1
7754,前斷時輕裂玉,1
7755,斷時輕裂玉收,1
7756,時輕裂玉收處,1
7757,輕裂玉收處遠,1
7758,裂玉收處遠繰,1
7759,玉收處遠繰煙,1
7760,收處遠繰煙孤,1
7761,處遠繰煙孤直,1
7762,遠繰煙孤直縆,1
7763,繰煙孤直縆雲,1
7764,煙孤直縆雲定,1
7765,孤直縆雲定光,1
7766,直縆雲定光明,1
7767,縆雲定光明滴,1
7768,雲定光明滴水,1
7769,定光明滴水圓,1
7770,光明滴水圓泥,1
7771,明滴水圓泥情,1
7772,滴水圓泥情遲,1
7773,水圓泥情遲急,1
7774,圓泥情遲急管,1
7775,泥情遲急管流,1
7776,情遲急管流恨,1
7777,遲急管流恨咽,1
7778,急管流恨咽長,1
7779,管流恨咽長弦,1
7780,流恨咽長弦吳,1
7781,恨咽長弦吳苑,1
7782,咽長弦吳苑春,1
7783,長弦吳苑春風,1
7784,弦吳苑春風起,1
7785,吳苑春風起河,1
7786,苑春風起河橋,1
7787,春風起河橋酒,1
7788,風起河橋酒旆,1
7789,起河橋酒旆懸,1
7790,河橋酒旆懸憑,1
7791,橋酒旆懸憑君,1
7792,酒旆懸憑君更,1
7793,旆懸憑君更一,1
7794,懸憑君更一醉,1
7795,憑君更一醉家,1
7796,君更一醉家在,1
7797,更一醉家在杜,1
7798,一醉家在杜陵,1
7799,醉家在杜陵邊,1
7800,家在杜陵邊秋,1
7801,在杜陵邊秋草,1
7802,杜陵邊秋草樊,1
7803,陵邊秋草樊川,1
7804,邊秋草樊川路,1
7805,秋草樊川路斜,1
7806,草樊川路斜陽,1
7807,樊川路斜陽覆,1
7808,川路斜陽覆盎,1
7809,路斜陽覆盎門,1
7810,斜陽覆盎門獵,1
7811,陽覆盎門獵逢,1
7812,覆盎門獵逢韓,1
7813,盎門獵逢韓嫣,1
7814,門獵逢韓嫣騎,1
7815,獵逢韓嫣騎樹,1
7816,逢韓嫣騎樹識,1
7817,韓嫣騎樹識館,1
7818,嫣騎樹識館陶,1
7819,騎樹識館陶園,1
7820,樹識館陶園帶,1
7821,識館陶園帶雨,1
7822,館陶園帶雨經,1
7823,陶園帶雨經荷,1
7824,園帶雨經荷沼,1
7825,帶雨經荷沼盤,1
7826,雨經荷沼盤煙,1
7827,經荷沼盤煙下,1
7828,荷沼盤煙下竹,1
7829,沼盤煙下竹村,1
7830,盤煙下竹村如,1
7831,煙下竹村如今,1
7832,下竹村如今歸,1
7833,竹村如今歸不,1
7834,村如今歸不得,1
7835,如今歸不得自,1
7836,今歸不得自戴,1
7837,歸不得自戴望,1
7838,不得自戴望天,1
7839,得自戴望天盆,1
7840,自戴望天盆故,1
7841,戴望天盆故國,1
7842,望天盆故國池,1
7843,天盆故國池塘,1
7844,盆故國池塘倚,1
7845,故國池塘倚禦,1
7846,國池塘倚禦渠,1
7847,池塘倚禦渠江,1
7848,塘倚禦渠江城,1
7849,倚禦渠江城三,1
7850,禦渠江城三詔,1
7851,渠江城三詔換,1
7852,江城三詔換魚,1
7853,城三詔換魚書,1
7854,三詔換魚書賈,1
7855,詔換魚書賈生,1
7856,換魚書賈生辭,1
7857,魚書賈生辭賦,1
7858,書賈生辭賦恨,1
7859,賈生辭賦恨流,1
7860,生辭賦恨流落,1
7861,辭賦恨流落只,1
7862,賦恨流落只向,1
7863,恨流落只向長,1
7864,流落只向長沙,1
7865,落只向長沙住,1
7866,只向長沙住歲,1
7867,向長沙住歲餘,1
7868,長沙住歲餘煙,1
7869,沙住歲餘煙深,1
7870,住歲餘煙深苔,1
7871,歲餘煙深苔巷,1
7872,餘煙深苔巷唱,1
7873,煙深苔巷唱樵,1
7874,深苔巷唱樵兒,1
7875,苔巷唱樵兒花,1
7876,巷唱樵兒花落,1
7877,唱樵兒花落寒,1
7878,樵兒花落寒輕,1
7879,兒花落寒輕倦,1
7880,花落寒輕倦客,1
7881,落寒輕倦客歸,1
7882,寒輕倦客歸藤,1
7883,輕倦客歸藤岸,1
7884,倦客歸藤岸竹,1
7885,客歸藤岸竹洲,1
7886,歸藤岸竹洲相,1
7887,藤岸竹洲相掩,1
7888,岸竹洲相掩映,1
7889,竹洲相掩映滿,1
7890,洲相掩映滿池,1
7891,相掩映滿池春,1
7892,掩映滿池春雨,1
7893,映滿池春雨鸊,1
7894,滿池春雨鸊鵜,1
7895,池春雨鸊鵜飛,1
7896,春雨鸊鵜飛乳,1
7897,雨鸊鵜飛乳肥,1
7898,鸊鵜飛乳肥春,1
7899,鵜飛乳肥春洞,1
7900,飛乳肥春洞生,1
7901,乳肥春洞生鵝,1
7902,肥春洞生鵝管,1
7903,春洞生鵝管沼,1
7904,洞生鵝管沼避,1
7905,生鵝管沼避回,1
7906,鵝管沼避回岩,1
7907,管沼避回岩勢,1
7908,沼避回岩勢犬,1
7909,避回岩勢犬牙,1
7910,回岩勢犬牙自,1
7911,岩勢犬牙自笑,1
7912,勢犬牙自笑卷,1
7913,犬牙自笑卷懷,1
7914,牙自笑卷懷頭,1
7915,自笑卷懷頭角,1
7916,笑卷懷頭角縮,1
7917,卷懷頭角縮歸,1
7918,懷頭角縮歸盤,1
7919,頭角縮歸盤煙,1
7920,角縮歸盤煙磴,1
7921,縮歸盤煙磴恰,1
7922,歸盤煙磴恰如,1
7923,盤煙磴恰如蝸,1
7924,煙磴恰如蝸閑,1
7925,磴恰如蝸閑吹,1
7926,恰如蝸閑吹玉,1
7927,如蝸閑吹玉殿,1
7928,蝸閑吹玉殿昭,1
7929,閑吹玉殿昭華,1
7930,吹玉殿昭華管,1
7931,玉殿昭華管醉,1
7932,殿昭華管醉折,1
7933,昭華管醉折梨,1
7934,華管醉折梨園,1
7935,管醉折梨園縹,1
7936,醉折梨園縹蒂,1
7937,折梨園縹蒂花,1
7938,梨園縹蒂花十,1
7939,園縹蒂花十年,1
7940,縹蒂花十年一,1
7941,蒂花十年一夢,1
7942,花十年一夢歸,1
7943,十年一夢歸人,1
7944,年一夢歸人世,1
7945,一夢歸人世絳,1
7946,夢歸人世絳縷,1
7947,歸人世絳縷猶,1
7948,人世絳縷猶封,1
7949,世絳縷猶封系,1
7950,絳縷猶封系臂,1
7951,縷猶封系臂紗,1
7952,猶封系臂紗平,1
7953,封系臂紗平陽,1
7954,系臂紗平陽拊,1
7955,臂紗平陽拊背,1
7956,紗平陽拊背穿,1
7957,平陽拊背穿馳,1
7958,陽拊背穿馳道,1
7959,拊背穿馳道銅,1
7960,背穿馳道銅雀,1
7961,穿馳道銅雀分,1
7962,馳道銅雀分香,1
7963,道銅雀分香下,1
7964,銅雀分香下璧,1
7965,雀分香下璧門,1
7966,分香下璧門幾,1
7967,香下璧門幾向,1
7968,下璧門幾向綴,1
7969,璧門幾向綴珠,1
7970,門幾向綴珠深,1
7971,幾向綴珠深殿,1
7972,向綴珠深殿裏,1
7973,綴珠深殿裏妒,1
7974,珠深殿裏妒拋,1
7975,深殿裏妒拋羞,1
7976,殿裏妒拋羞態,1
7977,裏妒拋羞態臥,1
7978,妒拋羞態臥黃,1
7979,拋羞態臥黃昏,1
7980,羞態臥黃昏樓,1
7981,態臥黃昏樓倚,1
7982,臥黃昏樓倚霜,1
7983,黃昏樓倚霜樹,1
7984,昏樓倚霜樹外,1
7985,樓倚霜樹外鏡,1
7986,倚霜樹外鏡天,1
7987,霜樹外鏡天無,1
7988,樹外鏡天無一,1
7989,外鏡天無一毫,1
7990,鏡天無一毫南,1
7991,天無一毫南山,1
7992,無一毫南山與,1
7993,一毫南山與秋,1
7994,毫南山與秋色,1
7995,南山與秋色氣,1
7996,山與秋色氣勢,1
7997,與秋色氣勢兩,1
7998,秋色氣勢兩相,1
7999,色氣勢兩相高,1
8000,氣勢兩相高窗,1
8001,勢兩相高窗外,1
8002,兩相高窗外正,1
8003,相高窗外正風,1
8004,高窗外正風雪,1
8005,窗外正風雪擁,1
8006,外正風雪擁爐,1
8007,正風雪擁爐開,1
8008,風雪擁爐開酒,1
8009,雪擁爐開酒缸,1
8010,擁爐開酒缸何,1
8011,爐開酒缸何如,1
8012,開酒缸何如釣,1
8013,酒缸何如釣船,1
8014,缸何如釣船雨,1
8015,何如釣船雨篷,1
8016,如釣船雨篷底,1
8017,釣船雨篷底睡,1
8018,船雨篷底睡秋,1
8019,雨篷底睡秋江,1
8020,篷底睡秋江秋,1
8021,底睡秋江秋醪,1
8022,睡秋江秋醪雨,1
8023,秋江秋醪雨中,1
8024,江秋醪雨中熟,1
8025,秋醪雨中熟寒,1
8026,醪雨中熟寒齋,1
8027,雨中熟寒齋落,1
8028,中熟寒齋落葉,1
8029,熟寒齋落葉中,1
8030,寒齋落葉中幽,1
8031,齋落葉中幽人,1
8032,落葉中幽人本,1
8033,葉中幽人本多,1
8034,中幽人本多睡,1
8035,幽人本多睡更,1
8036,人本多睡更酌,1
8037,本多睡更酌一,1
8038,多睡更酌一樽,1
8039,睡更酌一樽空,1
8040,更酌一樽空細,1
8041,酌一樽空細算,1
8042,一樽空細算人,1
8043,樽空細算人生,1
8044,空細算人生事,1
8045,細算人生事彭,1
8046,算人生事彭殤,1
8047,人生事彭殤共,1
8048,生事彭殤共一,1
8049,事彭殤共一籌,1
8050,彭殤共一籌與,1
8051,殤共一籌與愁,1
8052,共一籌與愁爭,1
8053,一籌與愁爭底,1
8054,籌與愁爭底事,1
8055,與愁爭底事要,1
8056,愁爭底事要爾,1
8057,爭底事要爾作,1
8058,底事要爾作戈,1
8059,事要爾作戈矛,1
8060,要爾作戈矛昔,1
8061,爾作戈矛昔事,1
8062,作戈矛昔事文,1
8063,戈矛昔事文皇,1
8064,矛昔事文皇帝,1
8065,昔事文皇帝叨,1
8066,事文皇帝叨官,1
8067,文皇帝叨官在,1
8068,皇帝叨官在諫,1
8069,帝叨官在諫垣,1
8070,叨官在諫垣奏,1
8071,官在諫垣奏章,1
8072,在諫垣奏章為,1
8073,諫垣奏章為得,1
8074,垣奏章為得地,1
8075,奏章為得地齰,1
8076,章為得地齰齒,1
8077,為得地齰齒負,1
8078,得地齰齒負明,1
8079,地齰齒負明恩,1
8080,齰齒負明恩金,1
8081,齒負明恩金虎,1
8082,負明恩金虎知,1
8083,明恩金虎知難,1
8084,恩金虎知難動,1
8085,金虎知難動毛,1
8086,虎知難動毛厘,1
8087,知難動毛厘亦,1
8088,難動毛厘亦恥,1
8089,動毛厘亦恥言,1
8090,毛厘亦恥言掩,1
8091,厘亦恥言掩頭,1
8092,亦恥言掩頭雖,1
8093,恥言掩頭雖欲,1
8094,言掩頭雖欲吐,1
8095,掩頭雖欲吐到,1
8096,頭雖欲吐到口,1
8097,雖欲吐到口卻,1
8098,欲吐到口卻成,1
8099,吐到口卻成吞,1
8100,到口卻成吞照,1
8101,口卻成吞照膽,1
8102,卻成吞照膽常,1
8103,成吞照膽常懸,1
8104,吞照膽常懸鏡,1
8105,照膽常懸鏡窺,1
8106,膽常懸鏡窺天,1
8107,常懸鏡窺天自,1
8108,懸鏡窺天自戴,1
8109,鏡窺天自戴盆,1
8110,窺天自戴盆周,1
8111,天自戴盆周鐘,1
8112,自戴盆周鐘既,1
8113,戴盆周鐘既窕,1
8114,盆周鐘既窕槬,1
8115,周鐘既窕槬黥,1
8116,鐘既窕槬黥陣,1
8117,既窕槬黥陣亦,1
8118,窕槬黥陣亦瘢,1
8119,槬黥陣亦瘢痕,1
8120,黥陣亦瘢痕鳳,1
8121,陣亦瘢痕鳳闕,1
8122,亦瘢痕鳳闕觚,1
8123,瘢痕鳳闕觚棱,1
8124,痕鳳闕觚棱影,1
8125,鳳闕觚棱影仙,1
8126,闕觚棱影仙盤,1
8127,觚棱影仙盤曉,1
8128,棱影仙盤曉日,1
8129,影仙盤曉日暾,1
8130,仙盤曉日暾雨,1
8131,盤曉日暾雨晴,1
8132,曉日暾雨晴文,1
8133,日暾雨晴文石,1
8134,暾雨晴文石滑,1
8135,雨晴文石滑風,1
8136,晴文石滑風暖,1
8137,文石滑風暖戟,1
8138,石滑風暖戟衣,1
8139,滑風暖戟衣翻,1
8140,風暖戟衣翻每,1
8141,暖戟衣翻每慮,1
8142,戟衣翻每慮號,1
8143,衣翻每慮號無,1
8144,翻每慮號無告,1
8145,每慮號無告長,1
8146,慮號無告長憂,1
8147,號無告長憂駭,1
8148,無告長憂駭不,1
8149,告長憂駭不存,1
8150,長憂駭不存隨,1
8151,憂駭不存隨行,1
8152,駭不存隨行唯,1
8153,不存隨行唯局,1
8154,存隨行唯局蹐,1
8155,隨行唯局蹐出,1
8156,行唯局蹐出語,1
8157,唯局蹐出語但,1
8158,局蹐出語但寒,1
8159,蹐出語但寒暄,1
8160,出語但寒暄宮,1
8161,語但寒暄宮省,1
8162,但寒暄宮省咽,1
8163,寒暄宮省咽喉,1
8164,暄宮省咽喉任,1
8165,宮省咽喉任戈,1
8166,省咽喉任戈矛,1
8167,咽喉任戈矛羽,1
8168,喉任戈矛羽衛,1
8169,任戈矛羽衛屯,1
8170,戈矛羽衛屯光,1
8171,矛羽衛屯光塵,1
8172,羽衛屯光塵皆,1
8173,衛屯光塵皆影,1
8174,屯光塵皆影附,1
8175,光塵皆影附車,1
8176,塵皆影附車馬,1
8177,皆影附車馬定,1
8178,影附車馬定西,1
8179,附車馬定西奔,1
8180,車馬定西奔億,1
8181,馬定西奔億萬,1
8182,定西奔億萬持,1
8183,西奔億萬持衡,1
8184,奔億萬持衡價,1
8185,億萬持衡價錙,1
8186,萬持衡價錙銖,1
8187,持衡價錙銖挾,1
8188,衡價錙銖挾契,1
8189,價錙銖挾契論,1
8190,錙銖挾契論堆,1
8191,銖挾契論堆時,1
8192,挾契論堆時過,1
8193,契論堆時過北,1
8194,論堆時過北斗,1
8195,堆時過北斗積,1
8196,時過北斗積處,1
8197,過北斗積處滿,1
8198,北斗積處滿西,1
8199,斗積處滿西園,1
8200,積處滿西園接,1
8201,處滿西園接棹,1
8202,滿西園接棹隋,1
8203,西園接棹隋河,1
8204,園接棹隋河溢,1
8205,接棹隋河溢連,1
8206,棹隋河溢連蹄,1
8207,隋河溢連蹄蜀,1
8208,河溢連蹄蜀棧,1
8209,溢連蹄蜀棧刓,1
8210,連蹄蜀棧刓漉,1
8211,蹄蜀棧刓漉空,1
8212,蜀棧刓漉空滄,1
8213,棧刓漉空滄海,1
8214,刓漉空滄海水,1
8215,漉空滄海水搜,1
8216,空滄海水搜盡,1
8217,滄海水搜盡卓,1
8218,海水搜盡卓王,1
8219,水搜盡卓王孫,1
8220,搜盡卓王孫鬥,1
8221,盡卓王孫鬥巧,1
8222,卓王孫鬥巧猴,1
8223,王孫鬥巧猴雕,1
8224,孫鬥巧猴雕刺,1
8225,鬥巧猴雕刺誇,1
8226,巧猴雕刺誇趫,1
8227,猴雕刺誇趫索,1
8228,雕刺誇趫索掛,1
8229,刺誇趫索掛跟,1
8230,誇趫索掛跟狐,1
8231,趫索掛跟狐威,1
8232,索掛跟狐威假,1
8233,掛跟狐威假白,1
8234,跟狐威假白額,1
8235,狐威假白額梟,1
8236,威假白額梟嘯,1
8237,假白額梟嘯得,1
8238,白額梟嘯得黃,1
8239,額梟嘯得黃昏,1
8240,梟嘯得黃昏馥,1
8241,嘯得黃昏馥馥,1
8242,得黃昏馥馥芝,1
8243,黃昏馥馥芝蘭,1
8244,昏馥馥芝蘭圃,1
8245,馥馥芝蘭圃森,1
8246,馥芝蘭圃森森,1
8247,芝蘭圃森森枳,1
8248,蘭圃森森枳棘,1
8249,圃森森枳棘藩,1
8250,森森枳棘藩吠,1
8251,森枳棘藩吠聲,1
8252,枳棘藩吠聲嗾,1
8253,棘藩吠聲嗾國,1
8254,藩吠聲嗾國猘,1
8255,吠聲嗾國猘公,1
8256,聲嗾國猘公議,1
8257,嗾國猘公議怯,1
8258,國猘公議怯膺,1
8259,猘公議怯膺門,1
8260,公議怯膺門竄,1
8261,議怯膺門竄逐,1
8262,怯膺門竄逐諸,1
8263,膺門竄逐諸丞,1
8264,門竄逐諸丞相,1
8265,竄逐諸丞相蒼,1
8266,逐諸丞相蒼茫,1
8267,諸丞相蒼茫遠,1
8268,丞相蒼茫遠帝,1
8269,相蒼茫遠帝閽,1
8270,蒼茫遠帝閽一,1
8271,茫遠帝閽一名,1
8272,遠帝閽一名為,1
8273,帝閽一名為起,1
8274,閽一名為起士,1
8275,一名為起士誰,1
8276,名為起士誰免,1
8277,為起士誰免吊,1
8278,起士誰免吊湘,1
8279,士誰免吊湘魂,1
8280,誰免吊湘魂間,1
8281,免吊湘魂間世,1
8282,吊湘魂間世英,1
8283,湘魂間世英明,1
8284,魂間世英明主,1
8285,間世英明主中,1
8286,世英明主中興,1
8287,英明主中興道,1
8288,明主中興道德,1
8289,主中興道德尊,1
8290,中興道德尊昆,1
8291,興道德尊昆岡,1
8292,道德尊昆岡憐,1
8293,德尊昆岡憐積,1
8294,尊昆岡憐積火,1
8295,昆岡憐積火河,1
8296,岡憐積火河漢,1
8297,憐積火河漢注,1
8298,積火河漢注清,1
8299,火河漢注清源,1
8300,河漢注清源川,1
8301,漢注清源川口,1
8302,注清源川口堤,1
8303,清源川口堤防,1
8304,源川口堤防決,1
8305,川口堤防決陰,1
8306,口堤防決陰車,1
8307,堤防決陰車鬼,1
8308,防決陰車鬼怪,1
8309,決陰車鬼怪掀,1
8310,陰車鬼怪掀重,1
8311,車鬼怪掀重雲,1
8312,鬼怪掀重雲開,1
8313,怪掀重雲開朗,1
8314,掀重雲開朗照,1
8315,重雲開朗照九,1
8316,雲開朗照九地,1
8317,開朗照九地雪,1
8318,朗照九地雪幽,1
8319,照九地雪幽冤,1
8320,九地雪幽冤我,1
8321,地雪幽冤我實,1
8322,雪幽冤我實剛,1
8323,幽冤我實剛腸,1
8324,冤我實剛腸者,1
8325,我實剛腸者形,1
8326,實剛腸者形甘,1
8327,剛腸者形甘短,1
8328,腸者形甘短褐,1
8329,者形甘短褐髡,1
8330,形甘短褐髡曾,1
8331,甘短褐髡曾經,1
8332,短褐髡曾經觸,1
8333,褐髡曾經觸蠆,1
8334,髡曾經觸蠆尾,1
8335,曾經觸蠆尾猶,1
8336,經觸蠆尾猶得,1
8337,觸蠆尾猶得憑,1
8338,蠆尾猶得憑熊,1
8339,尾猶得憑熊軒,1
8340,猶得憑熊軒杜,1
8341,得憑熊軒杜若,1
8342,憑熊軒杜若芳,1
8343,熊軒杜若芳洲,1
8344,軒杜若芳洲翠,1
8345,杜若芳洲翠嚴,1
8346,若芳洲翠嚴光,1
8347,芳洲翠嚴光釣,1
8348,洲翠嚴光釣瀨,1
8349,翠嚴光釣瀨喧,1
8350,嚴光釣瀨喧溪,1
8351,光釣瀨喧溪山,1
8352,釣瀨喧溪山侵,1
8353,瀨喧溪山侵越,1
8354,喧溪山侵越角,1
8355,溪山侵越角封,1
8356,山侵越角封壤,1
8357,侵越角封壤盡,1
8358,越角封壤盡吳,1
8359,角封壤盡吳根,1
8360,封壤盡吳根客,1
8361,壤盡吳根客恨,1
8362,盡吳根客恨縈,1
8363,吳根客恨縈春,1
8364,根客恨縈春細,1
8365,客恨縈春細鄉,1
8366,恨縈春細鄉愁,1
8367,縈春細鄉愁壓,1
8368,春細鄉愁壓思,1
8369,細鄉愁壓思繁,1
8370,鄉愁壓思繁祝,1
8371,愁壓思繁祝堯,1
8372,壓思繁祝堯千,1
8373,思繁祝堯千萬,1
8374,繁祝堯千萬壽,1
8375,祝堯千萬壽再,1
8376,堯千萬壽再拜,1
8377,千萬壽再拜揖,1
8378,萬壽再拜揖餘,1
8379,壽再拜揖餘樽,1
8380,再拜揖餘樽九,1
8381,拜揖餘樽九金,1
8382,揖餘樽九金神,1
8383,餘樽九金神鼎,1
8384,樽九金神鼎重,1
8385,九金神鼎重丘,1
8386,金神鼎重丘山,1
8387,神鼎重丘山五,1
8388,鼎重丘山五玉,1
8389,重丘山五玉諸,1
8390,丘山五玉諸侯,1
8391,山五玉諸侯雜,1
8392,五玉諸侯雜佩,1
8393,玉諸侯雜佩環,1
8394,諸侯雜佩環星,1
8395,侯雜佩環星座,1
8396,雜佩環星座通,1
8397,佩環星座通霄,1
8398,環星座通霄狼,1
8399,星座通霄狼鬣,1
8400,座通霄狼鬣暗,1
8401,通霄狼鬣暗戍,1
8402,霄狼鬣暗戍樓,1
8403,狼鬣暗戍樓吹,1
8404,鬣暗戍樓吹笛,1
8405,暗戍樓吹笛虎,1
8406,戍樓吹笛虎牙,1
8407,樓吹笛虎牙閑,1
8408,吹笛虎牙閑鬥,1
8409,笛虎牙閑鬥間,1
8410,虎牙閑鬥間紫,1
8411,牙閑鬥間紫氣,1
8412,閑鬥間紫氣龍,1
8413,鬥間紫氣龍埋,1
8414,間紫氣龍埋獄,1
8415,紫氣龍埋獄天,1
8416,氣龍埋獄天上,1
8417,龍埋獄天上洪,1
8418,埋獄天上洪爐,1
8419,獄天上洪爐帝,1
8420,天上洪爐帝鑄,1
8421,上洪爐帝鑄顏,1
8422,洪爐帝鑄顏若,1
8423,爐帝鑄顏若念,1
8424,帝鑄顏若念西,1
8425,鑄顏若念西河,1
8426,顏若念西河舊,1
8427,若念西河舊交,1
8428,念西河舊交友,1
8429,西河舊交友魚,1
8430,河舊交友魚符,1
8431,舊交友魚符應,1
8432,交友魚符應許,1
8433,友魚符應許出,1
8434,魚符應許出函,1
8435,符應許出函關,1
8436,應許出函關夜,1
8437,許出函關夜來,1
8438,出函關夜來微,1
8439,函關夜來微雨,1
8440,關夜來微雨洗,1
8441,夜來微雨洗芳,1
8442,來微雨洗芳塵,1
8443,微雨洗芳塵公,1
8444,雨洗芳塵公子,1
8445,洗芳塵公子驊,1
8446,芳塵公子驊騮,1
8447,塵公子驊騮步,1
8448,公子驊騮步貼,1
8449,子驊騮步貼勻,1
8450,驊騮步貼勻莫,1
8451,騮步貼勻莫怪,1
8452,步貼勻莫怪杏,1
8453,貼勻莫怪杏園,1
8454,勻莫怪杏園憔,1
8455,莫怪杏園憔悴,1
8456,怪杏園憔悴去,1
8457,杏園憔悴去滿,1
8458,園憔悴去滿城,1
8459,憔悴去滿城多,1
8460,悴去滿城多少,1
8461,去滿城多少插,1
8462,滿城多少插花,1
8463,城多少插花人,1
8464,多少插花人擁,1
8465,少插花人擁鼻,1
8466,插花人擁鼻侵,1
8467,花人擁鼻侵襟,1
8468,人擁鼻侵襟花,1
8469,擁鼻侵襟花草,1
8470,鼻侵襟花草香,1
8471,侵襟花草香高,1
8472,襟花草香高臺,1
8473,花草香高臺春,1
8474,草香高臺春去,1
8475,香高臺春去恨,1
8476,高臺春去恨茫,1
8477,臺春去恨茫茫,1
8478,春去恨茫茫蔫,1
8479,去恨茫茫蔫紅,1
8480,恨茫茫蔫紅半,1
8481,茫茫蔫紅半落,1
8482,茫蔫紅半落平,1
8483,蔫紅半落平池,1
8484,紅半落平池晚,1
8485,半落平池晚曲,1
8486,落平池晚曲渚,1
8487,平池晚曲渚飄,1
8488,池晚曲渚飄成,1
8489,晚曲渚飄成錦,1
8490,曲渚飄成錦一,1
8491,渚飄成錦一張,1
8492,飄成錦一張安,1
8493,成錦一張安邑,1
8494,錦一張安邑南,1
8495,一張安邑南門,1
8496,張安邑南門外,1
8497,安邑南門外誰,1
8498,邑南門外誰家,1
8499,南門外誰家板,1
8500,門外誰家板築,1
8501,外誰家板築高,1
8502,誰家板築高奉,1
8503,家板築高奉誠,1
8504,板築高奉誠園,1
8505,築高奉誠園裏,1
8506,高奉誠園裏地,1
8507,奉誠園裏地牆,1
8508,誠園裏地牆缺,1
8509,園裏地牆缺見,1
8510,裏地牆缺見蓬,1
8511,地牆缺見蓬蒿,1
8512,牆缺見蓬蒿竄,1
8513,缺見蓬蒿竄逐,1
8514,見蓬蒿竄逐窮,1
8515,蓬蒿竄逐窮荒,1
8516,蒿竄逐窮荒與,1
8517,竄逐窮荒與死,1
8518,逐窮荒與死期,1
8519,窮荒與死期餓,1
8520,荒與死期餓唯,1
8521,與死期餓唯蒿,1
8522,死期餓唯蒿藿,1
8523,期餓唯蒿藿病,1
8524,餓唯蒿藿病無,1
8525,唯蒿藿病無醫,1
8526,蒿藿病無醫憐,1
8527,藿病無醫憐君,1
8528,病無醫憐君更,1
8529,無醫憐君更抱,1
8530,醫憐君更抱重,1
8531,憐君更抱重泉,1
8532,君更抱重泉恨,1
8533,更抱重泉恨不,1
8534,抱重泉恨不見,1
8535,重泉恨不見崇,1
8536,泉恨不見崇山,1
8537,恨不見崇山謫,1
8538,不見崇山謫去,1
8539,見崇山謫去時,1
8540,崇山謫去時命,1
8541,山謫去時命代,1
8542,謫去時命代風,1
8543,去時命代風騷,1
8544,時命代風騷將,1
8545,命代風騷將誰,1
8546,代風騷將誰登,1
8547,風騷將誰登李,1
8548,騷將誰登李杜,1
8549,將誰登李杜壇,1
8550,誰登李杜壇少,1
8551,登李杜壇少陵,1
8552,李杜壇少陵鯨,1
8553,杜壇少陵鯨海,1
8554,壇少陵鯨海動,1
8555,少陵鯨海動翰,1
8556,陵鯨海動翰苑,1
8557,鯨海動翰苑鶴,1
8558,海動翰苑鶴天,1
8559,動翰苑鶴天寒,1
8560,翰苑鶴天寒今,1
8561,苑鶴天寒今日,1
8562,鶴天寒今日訪,1
8563,天寒今日訪君,1
8564,寒今日訪君還,1
8565,今日訪君還有,1
8566,日訪君還有意,1
8567,訪君還有意三,1
8568,君還有意三條,1
8569,還有意三條冰,1
8570,有意三條冰雪,1
8571,意三條冰雪獨,1
8572,三條冰雪獨來,1
8573,條冰雪獨來看,1
8574,冰雪獨來看清,1
8575,雪獨來看清時,1
8576,獨來看清時有,1
8577,來看清時有味,1
8578,看清時有味是,1
8579,清時有味是無,1
8580,時有味是無能,1
8581,有味是無能閑,1
8582,味是無能閑愛,1
8583,是無能閑愛孤,1
8584,無能閑愛孤雲,1
8585,能閑愛孤雲靜,1
8586,閑愛孤雲靜愛,1
8587,愛孤雲靜愛僧,1
8588,孤雲靜愛僧欲,1
8589,雲靜愛僧欲把,1
8590,靜愛僧欲把一,1
8591,愛僧欲把一麾,1
8592,僧欲把一麾江,1
8593,欲把一麾江海,1
8594,把一麾江海去,1
8595,一麾江海去樂,1
8596,麾江海去樂游,1
8597,江海去樂游原,1
8598,海去樂游原上,1
8599,去樂游原上望,1
8600,樂游原上望昭,1
8601,游原上望昭陵,1
8602,原上望昭陵草,1
8603,上望昭陵草色,1
8604,望昭陵草色人,1
8605,昭陵草色人心,1
8606,陵草色人心相,1
8607,草色人心相與,1
8608,色人心相與閑,1
8609,人心相與閑是,1
8610,心相與閑是非,1
8611,相與閑是非名,1
8612,與閑是非名利,1
8613,閑是非名利有,1
8614,是非名利有無,1
8615,非名利有無間,1
8616,名利有無間橋,1
8617,利有無間橋橫,1
8618,有無間橋橫落,1
8619,無間橋橫落照,1
8620,間橋橫落照虹,1
8621,橋橫落照虹堪,1
8622,橫落照虹堪畫,1
8623,落照虹堪畫樹,1
8624,照虹堪畫樹鎖,1
8625,虹堪畫樹鎖千,1
8626,堪畫樹鎖千門,1
8627,畫樹鎖千門鳥,1
8628,樹鎖千門鳥自,1
8629,鎖千門鳥自還,1
8630,千門鳥自還芝,1
8631,門鳥自還芝蓋,1
8632,鳥自還芝蓋不,1
8633,自還芝蓋不來,1
8634,還芝蓋不來雲,1
8635,芝蓋不來雲杳,1
8636,蓋不來雲杳杳,1
8637,不來雲杳杳仙,1
8638,來雲杳杳仙舟,1
8639,雲杳杳仙舟何,1
8640,杳杳仙舟何處,1
8641,杳仙舟何處水,1
8642,仙舟何處水潺,1
8643,舟何處水潺潺,1
8644,何處水潺潺君,1
8645,處水潺潺君王,1
8646,水潺潺君王謙,1
8647,潺潺君王謙讓,1
8648,潺君王謙讓泥,1
8649,君王謙讓泥金,1
8650,王謙讓泥金事,1
8651,謙讓泥金事蒼,1
8652,讓泥金事蒼翠,1
8653,泥金事蒼翠空,1
8654,金事蒼翠空高,1
8655,事蒼翠空高萬,1
8656,蒼翠空高萬歲,1
8657,翠空高萬歲山,1
8658,空高萬歲山天,1
8659,高萬歲山天漢,1
8660,萬歲山天漢東,1
8661,歲山天漢東穿,1
8662,山天漢東穿白,1
8663,天漢東穿白玉,1
8664,漢東穿白玉京,1
8665,東穿白玉京日,1
8666,穿白玉京日華,1
8667,白玉京日華浮,1
8668,玉京日華浮動,1
8669,京日華浮動翠,1
8670,日華浮動翠光,1
8671,華浮動翠光生,1
8672,浮動翠光生橋,1
8673,動翠光生橋邊,1
8674,翠光生橋邊遊,1
8675,光生橋邊遊女,1
8676,生橋邊遊女佩,1
8677,橋邊遊女佩環,1
8678,邊遊女佩環委,1
8679,遊女佩環委波,1
8680,女佩環委波底,1
8681,佩環委波底上,1
8682,環委波底上陽,1
8683,委波底上陽金,1
8684,波底上陽金碧,1
8685,底上陽金碧明,1
8686,上陽金碧明月,1
8687,陽金碧明月鎖,1
8688,金碧明月鎖名,1
8689,碧明月鎖名園,1
8690,明月鎖名園孤,1
8691,月鎖名園孤鶴,1
8692,鎖名園孤鶴唳,1
8693,名園孤鶴唳川,1
8694,園孤鶴唳川酣,1
8695,孤鶴唳川酣秋,1
8696,鶴唳川酣秋夢,1
8697,唳川酣秋夢鑿,1
8698,川酣秋夢鑿龍,1
8699,酣秋夢鑿龍聲,1
8700,秋夢鑿龍聲連,1
8701,夢鑿龍聲連昌,1
8702,鑿龍聲連昌繡,1
8703,龍聲連昌繡嶺,1
8704,聲連昌繡嶺行,1
8705,連昌繡嶺行宮,1
8706,昌繡嶺行宮在,1
8707,繡嶺行宮在玉,1
8708,嶺行宮在玉輦,1
8709,行宮在玉輦何,1
8710,宮在玉輦何時,1
8711,在玉輦何時父,1
8712,玉輦何時父老,1
8713,輦何時父老迎,1
8714,何時父老迎洛,1
8715,時父老迎洛橋,1
8716,父老迎洛橋風,1
8717,老迎洛橋風暖,1
8718,迎洛橋風暖細,1
8719,洛橋風暖細翻,1
8720,橋風暖細翻衣,1
8721,風暖細翻衣春,1
8722,暖細翻衣春引,1
8723,細翻衣春引仙,1
8724,翻衣春引仙官,1
8725,衣春引仙官去,1
8726,春引仙官去玉,1
8727,引仙官去玉墀,1
8728,仙官去玉墀獨,1
8729,官去玉墀獨鶴,1
8730,去玉墀獨鶴初,1
8731,玉墀獨鶴初沖,1
8732,墀獨鶴初沖太,1
8733,獨鶴初沖太虛,1
8734,鶴初沖太虛日,1
8735,初沖太虛日九,1
8736,沖太虛日九牛,1
8737,太虛日九牛新,1
8738,虛日九牛新落,1
8739,日九牛新落一,1
8740,九牛新落一毛,1
8741,牛新落一毛時,1
8742,新落一毛時行,1
8743,落一毛時行開,1
8744,一毛時行開教,1
8745,毛時行開教化,1
8746,時行開教化期,1
8747,行開教化期君,1
8748,開教化期君是,1
8749,教化期君是臥,1
8750,化期君是臥病,1
8751,期君是臥病神,1
8752,君是臥病神祇,1
8753,是臥病神祇禱,1
8754,臥病神祇禱我,1
8755,病神祇禱我知,1
8756,神祇禱我知十,1
8757,祇禱我知十載,1
8758,禱我知十載丈,1
8759,我知十載丈夫,1
8760,知十載丈夫堪,1
8761,十載丈夫堪恥,1
8762,載丈夫堪恥處,1
8763,丈夫堪恥處朱,1
8764,夫堪恥處朱雲,1
8765,堪恥處朱雲猶,1
8766,恥處朱雲猶掉,1
8767,處朱雲猶掉直,1
8768,朱雲猶掉直言,1
8769,雲猶掉直言旗,1
8770,猶掉直言旗悠,1
8771,掉直言旗悠悠,1
8772,直言旗悠悠渠,1
8773,言旗悠悠渠水,1
8774,旗悠悠渠水清,1
8775,悠悠渠水清雨,1
8776,悠渠水清雨霽,1
8777,渠水清雨霽洛,1
8778,水清雨霽洛陽,1
8779,清雨霽洛陽城,1
8780,雨霽洛陽城槿,1
8781,霽洛陽城槿墮,1
8782,洛陽城槿墮初,1
8783,陽城槿墮初開,1
8784,城槿墮初開豔,1
8785,槿墮初開豔蟬,1
8786,墮初開豔蟬聞,1
8787,初開豔蟬聞第,1
8788,開豔蟬聞第一,1
8789,豔蟬聞第一聲,1
8790,蟬聞第一聲故,1
8791,聞第一聲故人,1
8792,第一聲故人容,1
8793,一聲故人容易,1
8794,聲故人容易去,1
8795,故人容易去白,1
8796,人容易去白髮,1
8797,容易去白髮等,1
8798,易去白髮等閒,1
8799,去白髮等閒生,1
8800,白髮等閒生此,1
8801,髮等閒生此別,1
8802,等閒生此別無,1
8803,閒生此別無多,1
8804,生此別無多語,1
8805,此別無多語期,1
8806,別無多語期君,1
8807,無多語期君晦,1
8808,多語期君晦盛,1
8809,語期君晦盛名,1
8810,期君晦盛名一,1
8811,君晦盛名一片,1
8812,晦盛名一片宮,1
8813,盛名一片宮牆,1
8814,名一片宮牆當,1
8815,一片宮牆當道,1
8816,片宮牆當道危,1
8817,宮牆當道危行,1
8818,牆當道危行人,1
8819,當道危行人為,1
8820,道危行人為爾,1
8821,危行人為爾去,1
8822,行人為爾去遲,1
8823,人為爾去遲遲,1
8824,為爾去遲遲篳,1
8825,爾去遲遲篳圭,1
8826,去遲遲篳圭苑,1
8827,遲遲篳圭苑裏,1
8828,遲篳圭苑裏秋,1
8829,篳圭苑裏秋風,1
8830,圭苑裏秋風後,1
8831,苑裏秋風後平,1
8832,裏秋風後平樂,1
8833,秋風後平樂館,1
8834,風後平樂館前,1
8835,後平樂館前斜,1
8836,平樂館前斜日,1
8837,樂館前斜日時,1
8838,館前斜日時錮,1
8839,前斜日時錮黨,1
8840,斜日時錮黨豈,1
8841,日時錮黨豈能,1
8842,時錮黨豈能留,1
8843,錮黨豈能留漢,1
8844,黨豈能留漢鼎,1
8845,豈能留漢鼎清,1
8846,能留漢鼎清談,1
8847,留漢鼎清談空,1
8848,漢鼎清談空解,1
8849,鼎清談空解識,1
8850,清談空解識胡,1
8851,談空解識胡兒,1
8852,空解識胡兒千,1
8853,解識胡兒千燒,1
8854,識胡兒千燒萬,1
8855,胡兒千燒萬戰,1
8856,兒千燒萬戰坤,1
8857,千燒萬戰坤靈,1
8858,燒萬戰坤靈死,1
8859,萬戰坤靈死慘,1
8860,戰坤靈死慘慘,1
8861,坤靈死慘慘終,1
8862,靈死慘慘終年,1
8863,死慘慘終年鳥,1
8864,慘慘終年鳥雀,1
8865,慘終年鳥雀悲,1
8866,終年鳥雀悲句,1
8867,年鳥雀悲句吳,1
8868,鳥雀悲句吳亭,1
8869,雀悲句吳亭東,1
8870,悲句吳亭東千,1
8871,句吳亭東千里,1
8872,吳亭東千里秋,1
8873,亭東千里秋放,1
8874,東千里秋放歌,1
8875,千里秋放歌曾,1
8876,里秋放歌曾作,1
8877,秋放歌曾作昔,1
8878,放歌曾作昔年,1
8879,歌曾作昔年遊,1
8880,曾作昔年遊青,1
8881,作昔年遊青苔,1
8882,昔年遊青苔寺,1
8883,年遊青苔寺裏,1
8884,遊青苔寺裏無,1
8885,青苔寺裏無馬,1
8886,苔寺裏無馬跡,1
8887,寺裏無馬跡綠,1
8888,裏無馬跡綠水,1
8889,無馬跡綠水橋,1
8890,馬跡綠水橋邊,1
8891,跡綠水橋邊多,1
8892,綠水橋邊多酒,1
8893,水橋邊多酒樓,1
8894,橋邊多酒樓大,1
8895,邊多酒樓大抵,1
8896,多酒樓大抵南,1
8897,酒樓大抵南朝,1
8898,樓大抵南朝皆,1
8899,大抵南朝皆曠,1
8900,抵南朝皆曠達,1
8901,南朝皆曠達可,1
8902,朝皆曠達可憐,1
8903,皆曠達可憐東,1
8904,曠達可憐東晉,1
8905,達可憐東晉最,1
8906,可憐東晉最風,1
8907,憐東晉最風流,1
8908,東晉最風流月,1
8909,晉最風流月明,1
8910,最風流月明更,1
8911,風流月明更想,1
8912,流月明更想桓,1
8913,月明更想桓伊,1
8914,明更想桓伊在,1
8915,更想桓伊在一,1
8916,想桓伊在一笛,1
8917,桓伊在一笛聞,1
8918,伊在一笛聞吹,1
8919,在一笛聞吹出,1
8920,一笛聞吹出塞,1
8921,笛聞吹出塞愁,1
8922,聞吹出塞愁謝,1
8923,吹出塞愁謝脁,1
8924,出塞愁謝脁詩,1
8925,塞愁謝脁詩中,1
8926,愁謝脁詩中佳,1
8927,謝脁詩中佳麗,1
8928,脁詩中佳麗地,1
8929,詩中佳麗地夫,1
8930,中佳麗地夫差,1
8931,佳麗地夫差傳,1
8932,麗地夫差傳裏,1
8933,地夫差傳裏水,1
8934,夫差傳裏水犀,1
8935,差傳裏水犀軍,1
8936,傳裏水犀軍城,1
8937,裏水犀軍城高,1
8938,水犀軍城高鐵,1
8939,犀軍城高鐵甕,1
8940,軍城高鐵甕橫,1
8941,城高鐵甕橫強,1
8942,高鐵甕橫強弩,1
8943,鐵甕橫強弩柳,1
8944,甕橫強弩柳暗,1
8945,橫強弩柳暗朱,1
8946,強弩柳暗朱樓,1
8947,弩柳暗朱樓多,1
8948,柳暗朱樓多夢,1
8949,暗朱樓多夢雲,1
8950,朱樓多夢雲畫,1
8951,樓多夢雲畫角,1
8952,多夢雲畫角愛,1
8953,夢雲畫角愛飄,1
8954,雲畫角愛飄江,1
8955,畫角愛飄江北,1
8956,角愛飄江北去,1
8957,愛飄江北去釣,1
8958,飄江北去釣歌,1
8959,江北去釣歌長,1
8960,北去釣歌長向,1
8961,去釣歌長向月,1
8962,釣歌長向月中,1
8963,歌長向月中聞,1
8964,長向月中聞揚,1
8965,向月中聞揚州,1
8966,月中聞揚州塵,1
8967,中聞揚州塵土,1
8968,聞揚州塵土試,1
8969,揚州塵土試回,1
8970,州塵土試回首,1
8971,塵土試回首不,1
8972,土試回首不惜,1
8973,試回首不惜千,1
8974,回首不惜千金,1
8975,首不惜千金借,1
8976,不惜千金借與,1
8977,惜千金借與君,1
8978,千金借與君雨,1
8979,金借與君雨過,1
8980,借與君雨過一,1
8981,與君雨過一蟬,1
8982,君雨過一蟬噪,1
8983,雨過一蟬噪飄,1
8984,過一蟬噪飄蕭,1
8985,一蟬噪飄蕭松,1
8986,蟬噪飄蕭松桂,1
8987,噪飄蕭松桂秋,1
8988,飄蕭松桂秋青,1
8989,蕭松桂秋青苔,1
8990,松桂秋青苔滿,1
8991,桂秋青苔滿階,1
8992,秋青苔滿階砌,1
8993,青苔滿階砌白,1
8994,苔滿階砌白鳥,1
8995,滿階砌白鳥故,1
8996,階砌白鳥故遲,1
8997,砌白鳥故遲留,1
8998,白鳥故遲留暮,1
8999,鳥故遲留暮靄,1
9000,故遲留暮靄生,1
9001,遲留暮靄生深,1
9002,留暮靄生深樹,1
9003,暮靄生深樹斜,1
9004,靄生深樹斜陽,1
9005,生深樹斜陽下,1
9006,深樹斜陽下小,1
9007,樹斜陽下小樓,1
9008,斜陽下小樓誰,1
9009,陽下小樓誰知,1
9010,下小樓誰知竹,1
9011,小樓誰知竹西,1
9012,樓誰知竹西路,1
9013,誰知竹西路歌,1
9014,知竹西路歌吹,1
9015,竹西路歌吹是,1
9016,西路歌吹是揚,1
9017,路歌吹是揚州,1
9018,歌吹是揚州上,1
9019,吹是揚州上吞,1
9020,是揚州上吞巴,1
9021,揚州上吞巴漢,1
9022,州上吞巴漢控,1
9023,上吞巴漢控瀟,1
9024,吞巴漢控瀟湘,1
9025,巴漢控瀟湘怒,1
9026,漢控瀟湘怒似,1
9027,控瀟湘怒似連,1
9028,瀟湘怒似連山,1
9029,湘怒似連山淨,1
9030,怒似連山淨鏡,1
9031,似連山淨鏡光,1
9032,連山淨鏡光魏,1
9033,山淨鏡光魏帝,1
9034,淨鏡光魏帝縫,1
9035,鏡光魏帝縫囊,1
9036,光魏帝縫囊真,1
9037,魏帝縫囊真戲,1
9038,帝縫囊真戲劇,1
9039,縫囊真戲劇苻,1
9040,囊真戲劇苻堅,1
9041,真戲劇苻堅投,1
9042,戲劇苻堅投棰,1
9043,劇苻堅投棰更,1
9044,苻堅投棰更荒,1
9045,堅投棰更荒唐,1
9046,投棰更荒唐千,1
9047,棰更荒唐千秋,1
9048,更荒唐千秋釣,1
9049,荒唐千秋釣艇,1
9050,唐千秋釣艇歌,1
9051,千秋釣艇歌明,1
9052,秋釣艇歌明月,1
9053,釣艇歌明月萬,1
9054,艇歌明月萬里,1
9055,歌明月萬里沙,1
9056,明月萬里沙鷗,1
9057,月萬里沙鷗弄,1
9058,萬里沙鷗弄夕,1
9059,里沙鷗弄夕陽,1
9060,沙鷗弄夕陽範,1
9061,鷗弄夕陽範蠡,1
9062,弄夕陽範蠡清,1
9063,夕陽範蠡清塵,1
9064,陽範蠡清塵何,1
9065,範蠡清塵何寂,1
9066,蠡清塵何寂寞,1
9067,清塵何寂寞好,1
9068,塵何寂寞好風,1
9069,何寂寞好風唯,1
9070,寂寞好風唯屬,1
9071,寞好風唯屬往,1
9072,好風唯屬往來,1
9073,風唯屬往來商,1
9074,唯屬往來商車,1
9075,屬往來商車書,1
9076,往來商車書混,1
9077,來商車書混一,1
9078,商車書混一業,1
9079,車書混一業無,1
9080,書混一業無窮,1
9081,混一業無窮井,1
9082,一業無窮井邑,1
9083,業無窮井邑山,1
9084,無窮井邑山川,1
9085,窮井邑山川今,1
9086,井邑山川今古,1
9087,邑山川今古同,1
9088,山川今古同戊,1
9089,川今古同戊辰,1
9090,今古同戊辰年,1
9091,古同戊辰年向,1
9092,同戊辰年向金,1
9093,戊辰年向金陵,1
9094,辰年向金陵過,1
9095,年向金陵過惆,1
9096,向金陵過惆悵,1
9097,金陵過惆悵閑,1
9098,陵過惆悵閑吟,1
9099,過惆悵閑吟憶,1
9100,惆悵閑吟憶庾,1
9101,悵閑吟憶庾公,1
9102,閑吟憶庾公千,1
9103,吟憶庾公千里,1
9104,憶庾公千里鶯,1
9105,庾公千里鶯啼,1
9106,公千里鶯啼綠,1
9107,千里鶯啼綠映,1
9108,里鶯啼綠映紅,1
9109,鶯啼綠映紅水,1
9110,啼綠映紅水村,1
9111,綠映紅水村山,1
9112,映紅水村山郭,1
9113,紅水村山郭酒,1
9114,水村山郭酒旗,1
9115,村山郭酒旗風,1
9116,山郭酒旗風南,1
9117,郭酒旗風南朝,1
9118,酒旗風南朝四,1
9119,旗風南朝四百,1
9120,風南朝四百八,1
9121,南朝四百八十,1
9122,朝四百八十寺,1
9123,四百八十寺多,1
9124,百八十寺多少,1
9125,八十寺多少樓,1
9126,十寺多少樓臺,1
9127,寺多少樓臺煙,1
9128,多少樓臺煙雨,1
9129,少樓臺煙雨中,1
9130,樓臺煙雨中故,1
9131,臺煙雨中故里,1
9132,煙雨中故里溪,1
9133,雨中故里溪頭,1
9134,中故里溪頭松,1
9135,故里溪頭松柏,1
9136,里溪頭松柏雙,1
9137,溪頭松柏雙來,1
9138,頭松柏雙來時,1
9139,松柏雙來時盡,1
9140,柏雙來時盡日,1
9141,雙來時盡日倚,1
9142,來時盡日倚松,1
9143,時盡日倚松窗,1
9144,盡日倚松窗杜,1
9145,日倚松窗杜陵,1
9146,倚松窗杜陵隋,1
9147,松窗杜陵隋苑,1
9148,窗杜陵隋苑已,1
9149,杜陵隋苑已絕,1
9150,陵隋苑已絕國,1
9151,隋苑已絕國秋,1
9152,苑已絕國秋晚,1
9153,已絕國秋晚南,1
9154,絕國秋晚南游,1
9155,國秋晚南游更,1
9156,秋晚南游更渡,1
9157,晚南游更渡江,1
9158,南游更渡江六,1
9159,游更渡江六朝,1
9160,更渡江六朝文,1
9161,渡江六朝文物,1
9162,江六朝文物草,1
9163,六朝文物草連,1
9164,朝文物草連空,1
9165,文物草連空天,1
9166,物草連空天淡,1
9167,草連空天淡雲,1
9168,連空天淡雲閑,1
9169,空天淡雲閑今,1
9170,天淡雲閑今古,1
9171,淡雲閑今古同,1
9172,雲閑今古同鳥,1
9173,閑今古同鳥去,1
9174,今古同鳥去鳥,1
9175,古同鳥去鳥來,1
9176,同鳥去鳥來山,1
9177,鳥去鳥來山色,1
9178,去鳥來山色裏,1
9179,鳥來山色裏人,1
9180,來山色裏人歌,1
9181,山色裏人歌人,1
9182,色裏人歌人哭,1
9183,裏人歌人哭水,1
9184,人歌人哭水聲,1
9185,歌人哭水聲中,1
9186,人哭水聲中深,1
9187,哭水聲中深秋,1
9188,水聲中深秋簾,1
9189,聲中深秋簾幕,1
9190,中深秋簾幕千,1
9191,深秋簾幕千家,1
9192,秋簾幕千家雨,1
9193,簾幕千家雨落,1
9194,幕千家雨落日,1
9195,千家雨落日樓,1
9196,家雨落日樓臺,1
9197,雨落日樓臺一,1
9198,落日樓臺一笛,1
9199,日樓臺一笛風,1
9200,樓臺一笛風惆,1
9201,臺一笛風惆悵,1
9202,一笛風惆悵無,1
9203,笛風惆悵無因,1
9204,風惆悵無因見,1
9205,惆悵無因見範,1
9206,悵無因見範蠡,1
9207,無因見範蠡參,1
9208,因見範蠡參差,1
9209,見範蠡參差煙,1
9210,範蠡參差煙樹,1
9211,蠡參差煙樹五,1
9212,參差煙樹五湖,1
9213,差煙樹五湖東,1
9214,煙樹五湖東日,1
9215,樹五湖東日暖,1
9216,五湖東日暖泥,1
9217,湖東日暖泥融,1
9218,東日暖泥融雪,1
9219,日暖泥融雪半,1
9220,暖泥融雪半銷,1
9221,泥融雪半銷行,1
9222,融雪半銷行人,1
9223,雪半銷行人芳,1
9224,半銷行人芳草,1
9225,銷行人芳草馬,1
9226,行人芳草馬聲,1
9227,人芳草馬聲驕,1
9228,芳草馬聲驕九,1
9229,草馬聲驕九華,1
9230,馬聲驕九華山,1
9231,聲驕九華山路,1
9232,驕九華山路雲,1
9233,九華山路雲遮,1
9234,華山路雲遮寺,1
9235,山路雲遮寺清,1
9236,路雲遮寺清弋,1
9237,雲遮寺清弋江,1
9238,遮寺清弋江村,1
9239,寺清弋江村柳,1
9240,清弋江村柳拂,1
9241,弋江村柳拂橋,1
9242,江村柳拂橋君,1
9243,村柳拂橋君意,1
9244,柳拂橋君意如,1
9245,拂橋君意如鴻,1
9246,橋君意如鴻高,1
9247,君意如鴻高的,1
9248,意如鴻高的的,1
9249,如鴻高的的我,1
9250,鴻高的的我心,1
9251,高的的我心懸,1
9252,的的我心懸旆,1
9253,的我心懸旆正,1
9254,我心懸旆正搖,1
9255,心懸旆正搖搖,1
9256,懸旆正搖搖同,1
9257,旆正搖搖同來,1
9258,正搖搖同來不,1
9259,搖搖同來不得,1
9260,搖同來不得同,1
9261,同來不得同歸,1
9262,來不得同歸去,1
9263,不得同歸去故,1
9264,得同歸去故國,1
9265,同歸去故國逢,1
9266,歸去故國逢春,1
9267,去故國逢春一,1
9268,故國逢春一寂,1
9269,國逢春一寂寥,1
9270,逢春一寂寥野,1
9271,春一寂寥野店,1
9272,一寂寥野店正,1
9273,寂寥野店正紛,1
9274,寥野店正紛泊,1
9275,野店正紛泊繭,1
9276,店正紛泊繭蠶,1
9277,正紛泊繭蠶初,1
9278,紛泊繭蠶初引,1
9279,泊繭蠶初引絲,1
9280,繭蠶初引絲行,1
9281,蠶初引絲行人,1
9282,初引絲行人碧,1
9283,引絲行人碧溪,1
9284,絲行人碧溪渡,1
9285,行人碧溪渡系,1
9286,人碧溪渡系馬,1
9287,碧溪渡系馬綠,1
9288,溪渡系馬綠楊,1
9289,渡系馬綠楊枝,1
9290,系馬綠楊枝苒,1
9291,馬綠楊枝苒苒,1
9292,綠楊枝苒苒跡,1
9293,楊枝苒苒跡始,1
9294,枝苒苒跡始去,1
9295,苒苒跡始去悠,1
9296,苒跡始去悠悠,1
9297,跡始去悠悠心,1
9298,始去悠悠心所,1
9299,去悠悠心所期,1
9300,悠悠心所期秋,1
9301,悠心所期秋山,1
9302,心所期秋山念,1
9303,所期秋山念君,1
9304,期秋山念君別,1
9305,秋山念君別惆,1
9306,山念君別惆悵,1
9307,念君別惆悵桂,1
9308,君別惆悵桂花,1
9309,別惆悵桂花時,1
9310,惆悵桂花時瀟,1
9311,悵桂花時瀟灑,1
9312,桂花時瀟灑江,1
9313,花時瀟灑江湖,1
9314,時瀟灑江湖十,1
9315,瀟灑江湖十過,1
9316,灑江湖十過秋,1
9317,江湖十過秋酒,1
9318,湖十過秋酒杯,1
9319,十過秋酒杯無,1
9320,過秋酒杯無日,1
9321,秋酒杯無日不,1
9322,酒杯無日不淹,1
9323,杯無日不淹留,1
9324,無日不淹留謝,1
9325,日不淹留謝公,1
9326,不淹留謝公城,1
9327,淹留謝公城畔,1
9328,留謝公城畔溪,1
9329,謝公城畔溪驚,1
9330,公城畔溪驚夢,1
9331,城畔溪驚夢蘇,1
9332,畔溪驚夢蘇小,1
9333,溪驚夢蘇小門,1
9334,驚夢蘇小門前,1
9335,夢蘇小門前柳,1
9336,蘇小門前柳拂,1
9337,小門前柳拂頭,1
9338,門前柳拂頭千,1
9339,前柳拂頭千里,1
9340,柳拂頭千里雲,1
9341,拂頭千里雲山,1
9342,頭千里雲山何,1
9343,千里雲山何處,1
9344,里雲山何處好,1
9345,雲山何處好幾,1
9346,山何處好幾人,1
9347,何處好幾人襟,1
9348,處好幾人襟韻,1
9349,好幾人襟韻一,1
9350,幾人襟韻一生,1
9351,人襟韻一生休,1
9352,襟韻一生休塵,1
9353,韻一生休塵冠,1
9354,一生休塵冠掛,1
9355,生休塵冠掛卻,1
9356,休塵冠掛卻知,1
9357,塵冠掛卻知閒,1
9358,冠掛卻知閒事,1
9359,掛卻知閒事終,1
9360,卻知閒事終擬,1
9361,知閒事終擬蹉,1
9362,閒事終擬蹉跎,1
9363,事終擬蹉跎訪,1
9364,終擬蹉跎訪舊,1
9365,擬蹉跎訪舊遊,1
9366,蹉跎訪舊遊使,1
9367,跎訪舊遊使君,1
9368,訪舊遊使君四,1
9369,舊遊使君四十,1
9370,遊使君四十四,1
9371,使君四十四兩,1
9372,君四十四兩佩,1
9373,四十四兩佩左,1
9374,十四兩佩左銅,1
9375,四兩佩左銅魚,1
9376,兩佩左銅魚為,1
9377,佩左銅魚為吏,1
9378,左銅魚為吏非,1
9379,銅魚為吏非循,1
9380,魚為吏非循吏,1
9381,為吏非循吏論,1
9382,吏非循吏論書,1
9383,非循吏論書讀,1
9384,循吏論書讀底,1
9385,吏論書讀底書,1
9386,論書讀底書晚,1
9387,書讀底書晚花,1
9388,讀底書晚花紅,1
9389,底書晚花紅豔,1
9390,書晚花紅豔靜,1
9391,晚花紅豔靜高,1
9392,花紅豔靜高樹,1
9393,紅豔靜高樹綠,1
9394,豔靜高樹綠陰,1
9395,靜高樹綠陰初,1
9396,高樹綠陰初亭,1
9397,樹綠陰初亭宇,1
9398,綠陰初亭宇清,1
9399,陰初亭宇清無,1
9400,初亭宇清無比,1
9401,亭宇清無比溪,1
9402,宇清無比溪山,1
9403,清無比溪山畫,1
9404,無比溪山畫不,1
9405,比溪山畫不如,1
9406,溪山畫不如嘉,1
9407,山畫不如嘉賓,1
9408,畫不如嘉賓能,1
9409,不如嘉賓能嘯,1
9410,如嘉賓能嘯詠,1
9411,嘉賓能嘯詠宮,1
9412,賓能嘯詠宮妓,1
9413,能嘯詠宮妓巧,1
9414,嘯詠宮妓巧妝,1
9415,詠宮妓巧妝梳,1
9416,宮妓巧妝梳逐,1
9417,妓巧妝梳逐日,1
9418,巧妝梳逐日愁,1
9419,妝梳逐日愁皆,1
9420,梳逐日愁皆碎,1
9421,逐日愁皆碎隨,1
9422,日愁皆碎隨時,1
9423,愁皆碎隨時醉,1
9424,皆碎隨時醉有,1
9425,碎隨時醉有餘,1
9426,隨時醉有餘偃,1
9427,時醉有餘偃須,1
9428,醉有餘偃須求,1
9429,有餘偃須求五,1
9430,餘偃須求五鼎,1
9431,偃須求五鼎陶,1
9432,須求五鼎陶只,1
9433,求五鼎陶只愛,1
9434,五鼎陶只愛吾,1
9435,鼎陶只愛吾廬,1
9436,陶只愛吾廬趣,1
9437,只愛吾廬趣向,1
9438,愛吾廬趣向人,1
9439,吾廬趣向人皆,1
9440,廬趣向人皆異,1
9441,趣向人皆異賢,1
9442,向人皆異賢豪,1
9443,人皆異賢豪莫,1
9444,皆異賢豪莫笑,1
9445,異賢豪莫笑渠,1
9446,賢豪莫笑渠百,1
9447,豪莫笑渠百感,1
9448,莫笑渠百感中,1
9449,笑渠百感中來,1
9450,渠百感中來不,1
9451,百感中來不自,1
9452,感中來不自由,1
9453,中來不自由角,1
9454,來不自由角聲,1
9455,不自由角聲孤,1
9456,自由角聲孤起,1
9457,由角聲孤起夕,1
9458,角聲孤起夕陽,1
9459,聲孤起夕陽樓,1
9460,孤起夕陽樓碧,1
9461,起夕陽樓碧山,1
9462,夕陽樓碧山終,1
9463,陽樓碧山終日,1
9464,樓碧山終日思,1
9465,碧山終日思無,1
9466,山終日思無盡,1
9467,終日思無盡芳,1
9468,日思無盡芳草,1
9469,思無盡芳草何,1
9470,無盡芳草何年,1
9471,盡芳草何年恨,1
9472,芳草何年恨即,1
9473,草何年恨即休,1
9474,何年恨即休睫,1
9475,年恨即休睫在,1
9476,恨即休睫在眼,1
9477,即休睫在眼前,1
9478,休睫在眼前長,1
9479,睫在眼前長不,1
9480,在眼前長不見,1
9481,眼前長不見道,1
9482,前長不見道非,1
9483,長不見道非身,1
9484,不見道非身外,1
9485,見道非身外更,1
9486,道非身外更何,1
9487,非身外更何求,1
9488,身外更何求誰,1
9489,外更何求誰人,1
9490,更何求誰人得,1
9491,何求誰人得似,1
9492,求誰人得似張,1
9493,誰人得似張公,1
9494,人得似張公子,1
9495,得似張公子千,1
9496,似張公子千首,1
9497,張公子千首詩,1
9498,公子千首詩輕,1
9499,子千首詩輕萬,1
9500,千首詩輕萬戶,1
9501,首詩輕萬戶侯,1
9502,詩輕萬戶侯柳,1
9503,輕萬戶侯柳岸,1
9504,萬戶侯柳岸風,1
9505,戶侯柳岸風來,1
9506,侯柳岸風來影,1
9507,柳岸風來影漸,1
9508,岸風來影漸疏,1
9509,風來影漸疏使,1
9510,來影漸疏使君,1
9511,影漸疏使君家,1
9512,漸疏使君家似,1
9513,疏使君家似野,1
9514,使君家似野人,1
9515,君家似野人居,1
9516,家似野人居雲,1
9517,似野人居雲容,1
9518,野人居雲容水,1
9519,人居雲容水態,1
9520,居雲容水態還,1
9521,雲容水態還堪,1
9522,容水態還堪賞,1
9523,水態還堪賞嘯,1
9524,態還堪賞嘯志,1
9525,還堪賞嘯志歌,1
9526,堪賞嘯志歌懷,1
9527,賞嘯志歌懷亦,1
9528,嘯志歌懷亦自,1
9529,志歌懷亦自如,1
9530,歌懷亦自如雨,1
9531,懷亦自如雨暗,1
9532,亦自如雨暗殘,1
9533,自如雨暗殘燈,1
9534,如雨暗殘燈棋,1
9535,雨暗殘燈棋散,1
9536,暗殘燈棋散後,1
9537,殘燈棋散後酒,1
9538,燈棋散後酒醒,1
9539,棋散後酒醒孤,1
9540,散後酒醒孤枕,1
9541,後酒醒孤枕雁,1
9542,酒醒孤枕雁來,1
9543,醒孤枕雁來初,1
9544,孤枕雁來初可,1
9545,枕雁來初可憐,1
9546,雁來初可憐赤,1
9547,來初可憐赤壁,1
9548,初可憐赤壁爭,1
9549,可憐赤壁爭雄,1
9550,憐赤壁爭雄渡,1
9551,赤壁爭雄渡唯,1
9552,壁爭雄渡唯有,1
9553,爭雄渡唯有蓑,1
9554,雄渡唯有蓑翁,1
9555,渡唯有蓑翁坐,1
9556,唯有蓑翁坐釣,1
9557,有蓑翁坐釣魚,1
9558,蓑翁坐釣魚江,1
9559,翁坐釣魚江涵,1
9560,坐釣魚江涵秋,1
9561,釣魚江涵秋影,1
9562,魚江涵秋影雁,1
9563,江涵秋影雁初,1
9564,涵秋影雁初飛,1
9565,秋影雁初飛與,1
9566,影雁初飛與客,1
9567,雁初飛與客攜,1
9568,初飛與客攜壺,1
9569,飛與客攜壺上,1
9570,與客攜壺上翠,1
9571,客攜壺上翠微,1
9572,攜壺上翠微塵,1
9573,壺上翠微塵世,1
9574,上翠微塵世難,1
9575,翠微塵世難逢,1
9576,微塵世難逢開,1
9577,塵世難逢開口,1
9578,世難逢開口笑,1
9579,難逢開口笑菊,1
9580,逢開口笑菊花,1
9581,開口笑菊花須,1
9582,口笑菊花須插,1
9583,笑菊花須插滿,1
9584,菊花須插滿頭,1
9585,花須插滿頭歸,1
9586,須插滿頭歸但,1
9587,插滿頭歸但將,1
9588,滿頭歸但將酩,1
9589,頭歸但將酩酊,1
9590,歸但將酩酊酬,1
9591,但將酩酊酬佳,1
9592,將酩酊酬佳節,1
9593,酩酊酬佳節不,1
9594,酊酬佳節不用,1
9595,酬佳節不用登,1
9596,佳節不用登臨,1
9597,節不用登臨歎,1
9598,不用登臨歎落,1
9599,用登臨歎落暉,1
9600,登臨歎落暉古,1
9601,臨歎落暉古往,1
9602,歎落暉古往今,1
9603,落暉古往今來,1
9604,暉古往今來只,1
9605,古往今來只如,1
9606,往今來只如此,1
9607,今來只如此牛,1
9608,來只如此牛山,1
9609,只如此牛山何,1
9610,如此牛山何必,1
9611,此牛山何必淚,1
9612,牛山何必淚沾,1
9613,山何必淚沾衣,1
9614,何必淚沾衣芳,1
9615,必淚沾衣芳草,1
9616,淚沾衣芳草複,1
9617,沾衣芳草複芳,1
9618,衣芳草複芳草,1
9619,芳草複芳草斷,1
9620,草複芳草斷腸,1
9621,複芳草斷腸還,1
9622,芳草斷腸還斷,1
9623,草斷腸還斷腸,1
9624,斷腸還斷腸自,1
9625,腸還斷腸自然,1
9626,還斷腸自然堪,1
9627,斷腸自然堪下,1
9628,腸自然堪下淚,1
9629,自然堪下淚何,1
9630,然堪下淚何必,1
9631,堪下淚何必更,1
9632,下淚何必更殘,1
9633,淚何必更殘陽,1
9634,何必更殘陽楚,1
9635,必更殘陽楚岸,1
9636,更殘陽楚岸千,1
9637,殘陽楚岸千萬,1
9638,陽楚岸千萬里,1
9639,楚岸千萬里燕,1
9640,岸千萬里燕鴻,1
9641,千萬里燕鴻三,1
9642,萬里燕鴻三兩,1
9643,里燕鴻三兩行,1
9644,燕鴻三兩行有,1
9645,鴻三兩行有家,1
9646,三兩行有家歸,1
9647,兩行有家歸不,1
9648,行有家歸不得,1
9649,有家歸不得況,1
9650,家歸不得況舉,1
9651,歸不得況舉別,1
9652,不得況舉別君,1
9653,得況舉別君觴,1
9654,況舉別君觴兩,1
9655,舉別君觴兩竿,1
9656,別君觴兩竿落,1
9657,君觴兩竿落日,1
9658,觴兩竿落日溪,1
9659,兩竿落日溪橋,1
9660,竿落日溪橋上,1
9661,落日溪橋上半,1
9662,日溪橋上半縷,1
9663,溪橋上半縷輕,1
9664,橋上半縷輕煙,1
9665,上半縷輕煙柳,1
9666,半縷輕煙柳影,1
9667,縷輕煙柳影中,1
9668,輕煙柳影中多,1
9669,煙柳影中多少,1
9670,柳影中多少綠,1
9671,影中多少綠荷,1
9672,中多少綠荷相,1
9673,多少綠荷相倚,1
9674,少綠荷相倚恨,1
9675,綠荷相倚恨一,1
9676,荷相倚恨一時,1
9677,相倚恨一時回,1
9678,倚恨一時回首,1
9679,恨一時回首背,1
9680,一時回首背西,1
9681,時回首背西風,1
9682,回首背西風秋,1
9683,首背西風秋聲,1
9684,背西風秋聲無,1
9685,西風秋聲無不,1
9686,風秋聲無不攪,1
9687,秋聲無不攪離,1
9688,聲無不攪離心,1
9689,無不攪離心夢,1
9690,不攪離心夢澤,1
9691,攪離心夢澤蒹,1
9692,離心夢澤蒹葭,1
9693,心夢澤蒹葭楚,1
9694,夢澤蒹葭楚雨,1
9695,澤蒹葭楚雨深,1
9696,蒹葭楚雨深自,1
9697,葭楚雨深自滴,1
9698,楚雨深自滴階,1
9699,雨深自滴階前,1
9700,深自滴階前大,1
9701,自滴階前大梧,1
9702,滴階前大梧葉,1
9703,階前大梧葉幹,1
9704,前大梧葉幹君,1
9705,大梧葉幹君何,1
9706,梧葉幹君何事,1
9707,葉幹君何事動,1
9708,幹君何事動哀,1
9709,君何事動哀吟,1
9710,何事動哀吟菱,1
9711,事動哀吟菱透,1
9712,動哀吟菱透浮,1
9713,哀吟菱透浮萍,1
9714,吟菱透浮萍綠,1
9715,菱透浮萍綠錦,1
9716,透浮萍綠錦池,1
9717,浮萍綠錦池夏,1
9718,萍綠錦池夏鶯,1
9719,綠錦池夏鶯千,1
9720,錦池夏鶯千囀,1
9721,池夏鶯千囀弄,1
9722,夏鶯千囀弄薔,1
9723,鶯千囀弄薔薇,1
9724,千囀弄薔薇盡,1
9725,囀弄薔薇盡日,1
9726,弄薔薇盡日無,1
9727,薔薇盡日無人,1
9728,薇盡日無人看,1
9729,盡日無人看微,1
9730,日無人看微雨,1
9731,無人看微雨鴛,1
9732,人看微雨鴛鴦,1
9733,看微雨鴛鴦相,1
9734,微雨鴛鴦相對,1
9735,雨鴛鴦相對浴,1
9736,鴛鴦相對浴紅,1
9737,鴦相對浴紅衣,1
9738,相對浴紅衣嗚,1
9739,對浴紅衣嗚咽,1
9740,浴紅衣嗚咽江,1
9741,紅衣嗚咽江樓,1
9742,衣嗚咽江樓角,1
9743,嗚咽江樓角一,1
9744,咽江樓角一聲,1
9745,江樓角一聲微,1
9746,樓角一聲微陽,1
9747,角一聲微陽瀲,1
9748,一聲微陽瀲瀲,1
9749,聲微陽瀲瀲落,1
9750,微陽瀲瀲落寒,1
9751,陽瀲瀲落寒汀,1
9752,瀲瀲落寒汀不,1
9753,瀲落寒汀不用,1
9754,落寒汀不用憑,1
9755,寒汀不用憑闌,1
9756,汀不用憑闌苦,1
9757,不用憑闌苦回,1
9758,用憑闌苦回首,1
9759,憑闌苦回首故,1
9760,闌苦回首故鄉,1
9761,苦回首故鄉七,1
9762,回首故鄉七十,1
9763,首故鄉七十五,1
9764,故鄉七十五長,1
9765,鄉七十五長亭,1
9766,七十五長亭縉,1
9767,十五長亭縉雲,1
9768,五長亭縉雲新,1
9769,長亭縉雲新命,1
9770,亭縉雲新命詔,1
9771,縉雲新命詔初,1
9772,雲新命詔初行,1
9773,新命詔初行才,1
9774,命詔初行才是,1
9775,詔初行才是孤,1
9776,初行才是孤魂,1
9777,行才是孤魂壽,1
9778,才是孤魂壽器,1
9779,是孤魂壽器成,1
9780,孤魂壽器成黃,1
9781,魂壽器成黃壤,1
9782,壽器成黃壤不,1
9783,器成黃壤不知,1
9784,成黃壤不知新,1
9785,黃壤不知新雨,1
9786,壤不知新雨露,1
9787,不知新雨露粉,1
9788,知新雨露粉書,1
9789,新雨露粉書空,1
9790,雨露粉書空換,1
9791,露粉書空換舊,1
9792,粉書空換舊銘,1
9793,書空換舊銘旌,1
9794,空換舊銘旌巨,1
9795,換舊銘旌巨卿,1
9796,舊銘旌巨卿哭,1
9797,銘旌巨卿哭處,1
9798,旌巨卿哭處雲,1
9799,巨卿哭處雲空,1
9800,卿哭處雲空斷,1
9801,哭處雲空斷阿,1
9802,處雲空斷阿鶩,1
9803,雲空斷阿鶩歸,1
9804,空斷阿鶩歸來,1
9805,斷阿鶩歸來月,1
9806,阿鶩歸來月正,1
9807,鶩歸來月正明,1
9808,歸來月正明多,1
9809,來月正明多少,1
9810,月正明多少四,1
9811,正明多少四年,1
9812,明多少四年遺,1
9813,多少四年遺愛,1
9814,少四年遺愛事,1
9815,四年遺愛事鄉,1
9816,年遺愛事鄉閭,1
9817,遺愛事鄉閭生,1
9818,愛事鄉閭生子,1
9819,事鄉閭生子李,1
9820,鄉閭生子李為,1
9821,閭生子李為名,1
9822,生子李為名遠,1
9823,子李為名遠風,1
9824,李為名遠風南,1
9825,為名遠風南浦,1
9826,名遠風南浦萬,1
9827,遠風南浦萬重,1
9828,風南浦萬重波,1
9829,南浦萬重波未,1
9830,浦萬重波未似,1
9831,萬重波未似生,1
9832,重波未似生離,1
9833,波未似生離別,1
9834,未似生離別恨,1
9835,似生離別恨多,1
9836,生離別恨多楚,1
9837,離別恨多楚管,1
9838,別恨多楚管能,1
9839,恨多楚管能吹,1
9840,多楚管能吹柳,1
9841,楚管能吹柳花,1
9842,管能吹柳花怨,1
9843,能吹柳花怨吳,1
9844,吹柳花怨吳姬,1
9845,柳花怨吳姬爭,1
9846,花怨吳姬爭唱,1
9847,怨吳姬爭唱竹,1
9848,吳姬爭唱竹枝,1
9849,姬爭唱竹枝歌,1
9850,爭唱竹枝歌金,1
9851,唱竹枝歌金釵,1
9852,竹枝歌金釵橫,1
9853,枝歌金釵橫處,1
9854,歌金釵橫處綠,1
9855,金釵橫處綠雲,1
9856,釵橫處綠雲墮,1
9857,橫處綠雲墮玉,1
9858,處綠雲墮玉箸,1
9859,綠雲墮玉箸凝,1
9860,雲墮玉箸凝時,1
9861,墮玉箸凝時紅,1
9862,玉箸凝時紅粉,1
9863,箸凝時紅粉和,1
9864,凝時紅粉和待,1
9865,時紅粉和待得,1
9866,紅粉和待得枚,1
9867,粉和待得枚皋,1
9868,和待得枚皋相,1
9869,待得枚皋相見,1
9870,得枚皋相見日,1
9871,枚皋相見日自,1
9872,皋相見日自應,1
9873,相見日自應妝,1
9874,見日自應妝鏡,1
9875,日自應妝鏡笑,1
9876,自應妝鏡笑蹉,1
9877,應妝鏡笑蹉跎,1
9878,妝鏡笑蹉跎廢,1
9879,鏡笑蹉跎廢寺,1
9880,笑蹉跎廢寺林,1
9881,蹉跎廢寺林溪,1
9882,跎廢寺林溪上,1
9883,廢寺林溪上頹,1
9884,寺林溪上頹垣,1
9885,林溪上頹垣倚,1
9886,溪上頹垣倚亂,1
9887,上頹垣倚亂峰,1
9888,頹垣倚亂峰看,1
9889,垣倚亂峰看棲,1
9890,倚亂峰看棲歸,1
9891,亂峰看棲歸樹,1
9892,峰看棲歸樹鳥,1
9893,看棲歸樹鳥猶,1
9894,棲歸樹鳥猶想,1
9895,歸樹鳥猶想過,1
9896,樹鳥猶想過山,1
9897,鳥猶想過山鐘,1
9898,猶想過山鐘石,1
9899,想過山鐘石路,1
9900,過山鐘石路尋,1
9901,山鐘石路尋僧,1
9902,鐘石路尋僧去,1
9903,石路尋僧去此,1
9904,路尋僧去此生,1
9905,尋僧去此生應,1
9906,僧去此生應不,1
9907,去此生應不逢,1
9908,此生應不逢平,1
9909,生應不逢平生,1
9910,應不逢平生睡,1
9911,不逢平生睡足,1
9912,逢平生睡足處,1
9913,平生睡足處雲,1
9914,生睡足處雲夢,1
9915,睡足處雲夢澤,1
9916,足處雲夢澤南,1
9917,處雲夢澤南州,1
9918,雲夢澤南州一,1
9919,夢澤南州一夜,1
9920,澤南州一夜風,1
9921,南州一夜風欺,1
9922,州一夜風欺竹,1
9923,一夜風欺竹連,1
9924,夜風欺竹連江,1
9925,風欺竹連江雨,1
9926,欺竹連江雨送,1
9927,竹連江雨送秋,1
9928,連江雨送秋格,1
9929,江雨送秋格卑,1
9930,雨送秋格卑常,1
9931,送秋格卑常汩,1
9932,秋格卑常汩汩,1
9933,格卑常汩汩力,1
9934,卑常汩汩力學,1
9935,常汩汩力學強,1
9936,汩汩力學強悠,1
9937,汩力學強悠悠,1
9938,力學強悠悠終,1
9939,學強悠悠終掉,1
9940,強悠悠終掉塵,1
9941,悠悠終掉塵中,1
9942,悠終掉塵中手,1
9943,終掉塵中手瀟,1
9944,掉塵中手瀟湘,1
9945,塵中手瀟湘釣,1
9946,中手瀟湘釣漫,1
9947,手瀟湘釣漫流,1
9948,瀟湘釣漫流弄,1
9949,湘釣漫流弄溪,1
9950,釣漫流弄溪終,1
9951,漫流弄溪終日,1
9952,流弄溪終日到,1
9953,弄溪終日到黃,1
9954,溪終日到黃昏,1
9955,終日到黃昏照,1
9956,日到黃昏照數,1
9957,到黃昏照數秋,1
9958,黃昏照數秋來,1
9959,昏照數秋來白,1
9960,照數秋來白髮,1
9961,數秋來白髮根,1
9962,秋來白髮根何,1
9963,來白髮根何物,1
9964,白髮根何物賴,1
9965,髮根何物賴君,1
9966,根何物賴君千,1
9967,何物賴君千遍,1
9968,物賴君千遍洗,1
9969,賴君千遍洗筆,1
9970,君千遍洗筆頭,1
9971,千遍洗筆頭塵,1
9972,遍洗筆頭塵土,1
9973,洗筆頭塵土漸,1
9974,筆頭塵土漸無,1
9975,頭塵土漸無痕,1
9976,塵土漸無痕袖,1
9977,土漸無痕袖拂,1
9978,漸無痕袖拂霜,1
9979,無痕袖拂霜林,1
9980,痕袖拂霜林下,1
9981,袖拂霜林下石,1
9982,拂霜林下石棱,1
9983,霜林下石棱潺,1
9984,林下石棱潺湲,1
9985,下石棱潺湲聲,1
9986,石棱潺湲聲斷,1
9987,棱潺湲聲斷滿,1
9988,潺湲聲斷滿溪,1
9989,湲聲斷滿溪冰,1
9990,聲斷滿溪冰攜,1
9991,斷滿溪冰攜茶,1
9992,滿溪冰攜茶臘,1
9993,溪冰攜茶臘月,1
9994,冰攜茶臘月游,1
9995,攜茶臘月游金,1
9996,茶臘月游金碧,1
9997,臘月游金碧合,1
9998,月游金碧合有,1
9999,游金碧合有文,1
10000,金碧合有文章,1
10001,碧合有文章病,1
10002,合有文章病茂,1
10003,有文章病茂陵,1
10004,文章病茂陵因,1
10005,章病茂陵因思,1
10006,病茂陵因思上,1
10007,茂陵因思上党,1
10008,陵因思上党三,1
10009,因思上党三年,1
10010,思上党三年戰,1
10011,上党三年戰閑,1
10012,党三年戰閑詠,1
10013,三年戰閑詠周,1
10014,年戰閑詠周公,1
10015,戰閑詠周公七,1
10016,閑詠周公七月,1
10017,詠周公七月詩,1
10018,周公七月詩竹,1
10019,公七月詩竹帛,1
10020,七月詩竹帛未,1
10021,月詩竹帛未聞,1
10022,詩竹帛未聞書,1
10023,竹帛未聞書死,1
10024,帛未聞書死節,1
10025,未聞書死節丹,1
10026,聞書死節丹青,1
10027,書死節丹青空,1
10028,死節丹青空見,1
10029,節丹青空見畫,1
10030,丹青空見畫靈,1
10031,青空見畫靈旗,1
10032,空見畫靈旗蕭,1
10033,見畫靈旗蕭條,1
10034,畫靈旗蕭條井,1
10035,靈旗蕭條井邑,1
10036,旗蕭條井邑如,1
10037,蕭條井邑如魚,1
10038,條井邑如魚尾,1
10039,井邑如魚尾早,1
10040,邑如魚尾早晚,1
10041,如魚尾早晚干,1
10042,魚尾早晚干戈,1
10043,尾早晚干戈識,1
10044,早晚干戈識虎,1
10045,晚干戈識虎皮,1
10046,干戈識虎皮莫,1
10047,戈識虎皮莫笑,1
10048,識虎皮莫笑一,1
10049,虎皮莫笑一麾,1
10050,皮莫笑一麾東,1
10051,莫笑一麾東下,1
10052,笑一麾東下計,1
10053,一麾東下計滿,1
10054,麾東下計滿江,1
10055,東下計滿江秋,1
10056,下計滿江秋浪,1
10057,計滿江秋浪碧,1
10058,滿江秋浪碧參,1
10059,江秋浪碧參差,1
10060,秋浪碧參差骨,1
10061,浪碧參差骨清,1
10062,碧參差骨清年,1
10063,參差骨清年少,1
10064,差骨清年少眼,1
10065,骨清年少眼如,1
10066,清年少眼如冰,1
10067,年少眼如冰鳳,1
10068,少眼如冰鳳羽,1
10069,眼如冰鳳羽參,1
10070,如冰鳳羽參差,1
10071,冰鳳羽參差五,1
10072,鳳羽參差五色,1
10073,羽參差五色層,1
10074,參差五色層天,1
10075,差五色層天上,1
10076,五色層天上麒,1
10077,色層天上麒麟,1
10078,層天上麒麟時,1
10079,天上麒麟時一,1
10080,上麒麟時一下,1
10081,麒麟時一下人,1
10082,麟時一下人間,1
10083,時一下人間不,1
10084,一下人間不獨,1
10085,下人間不獨有,1
10086,人間不獨有徐,1
10087,間不獨有徐陵,1
10088,不獨有徐陵楚,1
10089,獨有徐陵楚女,1
10090,有徐陵楚女梅,1
10091,徐陵楚女梅簪,1
10092,陵楚女梅簪白,1
10093,楚女梅簪白雪,1
10094,女梅簪白雪姿,1
10095,梅簪白雪姿前,1
10096,簪白雪姿前溪,1
10097,白雪姿前溪碧,1
10098,雪姿前溪碧水,1
10099,姿前溪碧水凍,1
10100,前溪碧水凍醪,1
10101,溪碧水凍醪時,1
10102,碧水凍醪時雲,1
10103,水凍醪時雲罍,1
10104,凍醪時雲罍心,1
10105,醪時雲罍心凸,1
10106,時雲罍心凸知,1
10107,雲罍心凸知難,1
10108,罍心凸知難捧,1
10109,心凸知難捧鳳,1
10110,凸知難捧鳳管,1
10111,知難捧鳳管簧,1
10112,難捧鳳管簧寒,1
10113,捧鳳管簧寒不,1
10114,鳳管簧寒不受,1
10115,管簧寒不受吹,1
10116,簧寒不受吹南,1
10117,寒不受吹南國,1
10118,不受吹南國劍,1
10119,受吹南國劍眸,1
10120,吹南國劍眸能,1
10121,南國劍眸能盼,1
10122,國劍眸能盼眄,1
10123,劍眸能盼眄侍,1
10124,眸能盼眄侍臣,1
10125,能盼眄侍臣香,1
10126,盼眄侍臣香袖,1
10127,眄侍臣香袖愛,1
10128,侍臣香袖愛僛,1
10129,臣香袖愛僛垂,1
10130,香袖愛僛垂自,1
10131,袖愛僛垂自憐,1
10132,愛僛垂自憐窮,1
10133,僛垂自憐窮律,1
10134,垂自憐窮律窮,1
10135,自憐窮律窮途,1
10136,憐窮律窮途客,1
10137,窮律窮途客正,1
10138,律窮途客正怯,1
10139,窮途客正怯孤,1
10140,途客正怯孤燈,1
10141,客正怯孤燈一,1
10142,正怯孤燈一局,1
10143,怯孤燈一局棋,1
10144,孤燈一局棋勢,1
10145,燈一局棋勢比,1
10146,一局棋勢比淩,1
10147,局棋勢比淩歊,1
10148,棋勢比淩歊宋,1
10149,勢比淩歊宋武,1
10150,比淩歊宋武台,1
10151,淩歊宋武台分,1
10152,歊宋武台分明,1
10153,宋武台分明百,1
10154,武台分明百里,1
10155,台分明百里遠,1
10156,分明百里遠帆,1
10157,明百里遠帆開,1
10158,百里遠帆開蜀,1
10159,里遠帆開蜀江,1
10160,遠帆開蜀江雪,1
10161,帆開蜀江雪浪,1
10162,開蜀江雪浪西,1
10163,蜀江雪浪西江,1
10164,江雪浪西江滿,1
10165,雪浪西江滿強,1
10166,浪西江滿強半,1
10167,西江滿強半春,1
10168,江滿強半春寒,1
10169,滿強半春寒去,1
10170,強半春寒去卻,1
10171,半春寒去卻來,1
10172,春寒去卻來楚,1
10173,寒去卻來楚國,1
10174,去卻來楚國大,1
10175,卻來楚國大夫,1
10176,來楚國大夫憔,1
10177,楚國大夫憔悴,1
10178,國大夫憔悴日,1
10179,大夫憔悴日應,1
10180,夫憔悴日應尋,1
10181,憔悴日應尋此,1
10182,悴日應尋此路,1
10183,日應尋此路去,1
10184,應尋此路去瀟,1
10185,尋此路去瀟湘,1
10186,此路去瀟湘州,1
10187,路去瀟湘州在,1
10188,去瀟湘州在釣,1
10189,瀟湘州在釣台,1
10190,湘州在釣台邊,1
10191,州在釣台邊溪,1
10192,在釣台邊溪山,1
10193,釣台邊溪山實,1
10194,台邊溪山實可,1
10195,邊溪山實可憐,1
10196,溪山實可憐有,1
10197,山實可憐有家,1
10198,實可憐有家皆,1
10199,可憐有家皆掩,1
10200,憐有家皆掩映,1
10201,有家皆掩映無,1
10202,家皆掩映無處,1
10203,皆掩映無處不,1
10204,掩映無處不潺,1
10205,映無處不潺湲,1
10206,無處不潺湲好,1
10207,處不潺湲好樹,1
10208,不潺湲好樹鳴,1
10209,潺湲好樹鳴幽,1
10210,湲好樹鳴幽鳥,1
10211,好樹鳴幽鳥晴,1
10212,樹鳴幽鳥晴樓,1
10213,鳴幽鳥晴樓入,1
10214,幽鳥晴樓入野,1
10215,鳥晴樓入野煙,1
10216,晴樓入野煙殘,1
10217,樓入野煙殘春,1
10218,入野煙殘春杜,1
10219,野煙殘春杜陵,1
10220,煙殘春杜陵客,1
10221,殘春杜陵客中,1
10222,春杜陵客中酒,1
10223,杜陵客中酒落,1
10224,陵客中酒落花,1
10225,客中酒落花前,1
10226,中酒落花前解,1
10227,酒落花前解印,1
10228,落花前解印書,1
10229,花前解印書千,1
10230,前解印書千軸,1
10231,解印書千軸重,1
10232,印書千軸重陽,1
10233,書千軸重陽酒,1
10234,千軸重陽酒百,1
10235,軸重陽酒百缸,1
10236,重陽酒百缸涼,1
10237,陽酒百缸涼風,1
10238,酒百缸涼風滿,1
10239,百缸涼風滿紅,1
10240,缸涼風滿紅樹,1
10241,涼風滿紅樹曉,1
10242,風滿紅樹曉月,1
10243,滿紅樹曉月下,1
10244,紅樹曉月下秋,1
10245,樹曉月下秋江,1
10246,曉月下秋江岩,1
10247,月下秋江岩壑,1
10248,下秋江岩壑會,1
10249,秋江岩壑會歸,1
10250,江岩壑會歸去,1
10251,岩壑會歸去塵,1
10252,壑會歸去塵埃,1
10253,會歸去塵埃終,1
10254,歸去塵埃終不,1
10255,去塵埃終不降,1
10256,塵埃終不降懸,1
10257,埃終不降懸纓,1
10258,終不降懸纓未,1
10259,不降懸纓未敢,1
10260,降懸纓未敢濯,1
10261,懸纓未敢濯嚴,1
10262,纓未敢濯嚴瀨,1
10263,未敢濯嚴瀨碧,1
10264,敢濯嚴瀨碧淙,1
10265,濯嚴瀨碧淙淙,1
10266,嚴瀨碧淙淙秋,1
10267,瀨碧淙淙秋半,1
10268,碧淙淙秋半吳,1
10269,淙淙秋半吳天,1
10270,淙秋半吳天霽,1
10271,秋半吳天霽清,1
10272,半吳天霽清凝,1
10273,吳天霽清凝萬,1
10274,天霽清凝萬里,1
10275,霽清凝萬里光,1
10276,清凝萬里光水,1
10277,凝萬里光水聲,1
10278,萬里光水聲侵,1
10279,里光水聲侵笑,1
10280,光水聲侵笑語,1
10281,水聲侵笑語嵐,1
10282,聲侵笑語嵐翠,1
10283,侵笑語嵐翠撲,1
10284,笑語嵐翠撲衣,1
10285,語嵐翠撲衣裳,1
10286,嵐翠撲衣裳遠,1
10287,翠撲衣裳遠樹,1
10288,撲衣裳遠樹疑,1
10289,衣裳遠樹疑羅,1
10290,裳遠樹疑羅帳,1
10291,遠樹疑羅帳孤,1
10292,樹疑羅帳孤雲,1
10293,疑羅帳孤雲認,1
10294,羅帳孤雲認粉,1
10295,帳孤雲認粉囊,1
10296,孤雲認粉囊溪,1
10297,雲認粉囊溪山,1
10298,認粉囊溪山侵,1
10299,粉囊溪山侵兩,1
10300,囊溪山侵兩越,1
10301,溪山侵兩越時,1
10302,山侵兩越時節,1
10303,侵兩越時節到,1
10304,兩越時節到重,1
10305,越時節到重陽,1
10306,時節到重陽顧,1
10307,節到重陽顧我,1
10308,到重陽顧我能,1
10309,重陽顧我能甘,1
10310,陽顧我能甘賤,1
10311,顧我能甘賤無,1
10312,我能甘賤無由,1
10313,能甘賤無由得,1
10314,甘賤無由得自,1
10315,賤無由得自強,1
10316,無由得自強誤,1
10317,由得自強誤曾,1
10318,得自強誤曾公,1
10319,自強誤曾公觸,1
10320,強誤曾公觸尾,1
10321,誤曾公觸尾不,1
10322,曾公觸尾不敢,1
10323,公觸尾不敢夜,1
10324,觸尾不敢夜循,1
10325,尾不敢夜循牆,1
10326,不敢夜循牆豈,1
10327,敢夜循牆豈意,1
10328,夜循牆豈意籠,1
10329,循牆豈意籠飛,1
10330,牆豈意籠飛鳥,1
10331,豈意籠飛鳥還,1
10332,意籠飛鳥還為,1
10333,籠飛鳥還為錦,1
10334,飛鳥還為錦帳,1
10335,鳥還為錦帳郎,1
10336,還為錦帳郎網,1
10337,為錦帳郎網今,1
10338,錦帳郎網今開,1
10339,帳郎網今開傅,1
10340,郎網今開傅燮,1
10341,網今開傅燮書,1
10342,今開傅燮書舊,1
10343,開傅燮書舊識,1
10344,傅燮書舊識黃,1
10345,燮書舊識黃香,1
10346,書舊識黃香姹,1
10347,舊識黃香姹女,1
10348,識黃香姹女真,1
10349,黃香姹女真虛,1
10350,香姹女真虛語,1
10351,姹女真虛語饑,1
10352,女真虛語饑兒,1
10353,真虛語饑兒欲,1
10354,虛語饑兒欲一,1
10355,語饑兒欲一行,1
10356,饑兒欲一行淺,1
10357,兒欲一行淺深,1
10358,欲一行淺深須,1
10359,一行淺深須揭,1
10360,行淺深須揭厲,1
10361,淺深須揭厲休,1
10362,深須揭厲休更,1
10363,須揭厲休更學,1
10364,揭厲休更學張,1
10365,厲休更學張綱,1
10366,休更學張綱水,1
10367,更學張綱水檻,1
10368,學張綱水檻桐,1
10369,張綱水檻桐廬,1
10370,綱水檻桐廬館,1
10371,水檻桐廬館歸,1
10372,檻桐廬館歸舟,1
10373,桐廬館歸舟系,1
10374,廬館歸舟系石,1
10375,館歸舟系石根,1
10376,歸舟系石根笛,1
10377,舟系石根笛吹,1
10378,系石根笛吹孤,1
10379,石根笛吹孤戍,1
10380,根笛吹孤戍月,1
10381,笛吹孤戍月犬,1
10382,吹孤戍月犬吠,1
10383,孤戍月犬吠隔,1
10384,戍月犬吠隔溪,1
10385,月犬吠隔溪村,1
10386,犬吠隔溪村十,1
10387,吠隔溪村十載,1
10388,隔溪村十載違,1
10389,溪村十載違清,1
10390,村十載違清裁,1
10391,十載違清裁幽,1
10392,載違清裁幽懷,1
10393,違清裁幽懷未,1
10394,清裁幽懷未一,1
10395,裁幽懷未一論,1
10396,幽懷未一論蘇,1
10397,懷未一論蘇台,1
10398,未一論蘇台菊,1
10399,一論蘇台菊花,1
10400,論蘇台菊花節,1
10401,蘇台菊花節何,1
10402,台菊花節何處,1
10403,菊花節何處與,1
10404,花節何處與開,1
10405,節何處與開樽,1
10406,何處與開樽捧,1
10407,處與開樽捧詔,1
10408,與開樽捧詔汀,1
10409,開樽捧詔汀洲,1
10410,樽捧詔汀洲去,1
10411,捧詔汀洲去全,1
10412,詔汀洲去全家,1
10413,汀洲去全家羽,1
10414,洲去全家羽翼,1
10415,去全家羽翼飛,1
10416,全家羽翼飛喜,1
10417,家羽翼飛喜拋,1
10418,羽翼飛喜拋新,1
10419,翼飛喜拋新錦,1
10420,飛喜拋新錦帳,1
10421,喜拋新錦帳榮,1
10422,拋新錦帳榮借,1
10423,新錦帳榮借舊,1
10424,錦帳榮借舊朱,1
10425,帳榮借舊朱衣,1
10426,榮借舊朱衣且,1
10427,借舊朱衣且免,1
10428,舊朱衣且免材,1
10429,朱衣且免材為,1
10430,衣且免材為累,1
10431,且免材為累何,1
10432,免材為累何妨,1
10433,材為累何妨拙,1
10434,為累何妨拙有,1
10435,累何妨拙有機,1
10436,何妨拙有機宋,1
10437,妨拙有機宋株,1
10438,拙有機宋株聊,1
10439,有機宋株聊自,1
10440,機宋株聊自守,1
10441,宋株聊自守魯,1
10442,株聊自守魯酒,1
10443,聊自守魯酒怕,1
10444,自守魯酒怕旁,1
10445,守魯酒怕旁圍,1
10446,魯酒怕旁圍清,1
10447,酒怕旁圍清尚,1
10448,怕旁圍清尚寧,1
10449,旁圍清尚寧無,1
10450,圍清尚寧無素,1
10451,清尚寧無素光,1
10452,尚寧無素光陰,1
10453,寧無素光陰亦,1
10454,無素光陰亦未,1
10455,素光陰亦未晞,1
10456,光陰亦未晞一,1
10457,陰亦未晞一杯,1
10458,亦未晞一杯寬,1
10459,未晞一杯寬幕,1
10460,晞一杯寬幕席,1
10461,一杯寬幕席五,1
10462,杯寬幕席五字,1
10463,寬幕席五字弄,1
10464,幕席五字弄珠,1
10465,席五字弄珠璣,1
10466,五字弄珠璣越,1
10467,字弄珠璣越浦,1
10468,弄珠璣越浦黃,1
10469,珠璣越浦黃柑,1
10470,璣越浦黃柑嫩,1
10471,越浦黃柑嫩吳,1
10472,浦黃柑嫩吳溪,1
10473,黃柑嫩吳溪紫,1
10474,柑嫩吳溪紫蟹,1
10475,嫩吳溪紫蟹肥,1
10476,吳溪紫蟹肥平,1
10477,溪紫蟹肥平生,1
10478,紫蟹肥平生江,1
10479,蟹肥平生江海,1
10480,肥平生江海志,1
10481,平生江海志佩,1
10482,生江海志佩得,1
10483,江海志佩得左,1
10484,海志佩得左魚,1
10485,志佩得左魚歸,1
10486,佩得左魚歸山,1
10487,得左魚歸山鳥,1
10488,左魚歸山鳥飛,1
10489,魚歸山鳥飛紅,1
10490,歸山鳥飛紅帶,1
10491,山鳥飛紅帶亭,1
10492,鳥飛紅帶亭薇,1
10493,飛紅帶亭薇拆,1
10494,紅帶亭薇拆紫,1
10495,帶亭薇拆紫花,1
10496,亭薇拆紫花溪,1
10497,薇拆紫花溪光,1
10498,拆紫花溪光初,1
10499,紫花溪光初透,1
10500,花溪光初透徹,1
10501,溪光初透徹秋,1
10502,光初透徹秋色,1
10503,初透徹秋色正,1
10504,透徹秋色正清,1
10505,徹秋色正清華,1
10506,秋色正清華靜,1
10507,色正清華靜處,1
10508,正清華靜處知,1
10509,清華靜處知生,1
10510,華靜處知生樂,1
10511,靜處知生樂喧,1
10512,處知生樂喧中,1
10513,知生樂喧中見,1
10514,生樂喧中見死,1
10515,樂喧中見死誇,1
10516,喧中見死誇無,1
10517,中見死誇無多,1
10518,見死誇無多珪,1
10519,死誇無多珪組,1
10520,誇無多珪組累,1
10521,無多珪組累終,1
10522,多珪組累終不,1
10523,珪組累終不負,1
10524,組累終不負煙,1
10525,累終不負煙霞,1
10526,終不負煙霞山,1
10527,不負煙霞山實,1
10528,負煙霞山實東,1
10529,煙霞山實東吳,1
10530,霞山實東吳秀,1
10531,山實東吳秀茶,1
10532,實東吳秀茶稱,1
10533,東吳秀茶稱瑞,1
10534,吳秀茶稱瑞草,1
10535,秀茶稱瑞草魁,1
10536,茶稱瑞草魁剖,1
10537,稱瑞草魁剖符,1
10538,瑞草魁剖符雖,1
10539,草魁剖符雖俗,1
10540,魁剖符雖俗吏,1
10541,剖符雖俗吏修,1
10542,符雖俗吏修貢,1
10543,雖俗吏修貢亦,1
10544,俗吏修貢亦仙,1
10545,吏修貢亦仙才,1
10546,修貢亦仙才溪,1
10547,貢亦仙才溪盡,1
10548,亦仙才溪盡停,1
10549,仙才溪盡停蠻,1
10550,才溪盡停蠻棹,1
10551,溪盡停蠻棹旗,1
10552,盡停蠻棹旗張,1
10553,停蠻棹旗張卓,1
10554,蠻棹旗張卓翠,1
10555,棹旗張卓翠苔,1
10556,旗張卓翠苔柳,1
10557,張卓翠苔柳村,1
10558,卓翠苔柳村穿,1
10559,翠苔柳村穿窈,1
10560,苔柳村穿窈窕,1
10561,柳村穿窈窕松,1
10562,村穿窈窕松澗,1
10563,穿窈窕松澗渡,1
10564,窈窕松澗渡喧,1
10565,窕松澗渡喧豗,1
10566,松澗渡喧豗等,1
10567,澗渡喧豗等級,1
10568,渡喧豗等級雲,1
10569,喧豗等級雲峰,1
10570,豗等級雲峰峻,1
10571,等級雲峰峻寬,1
10572,級雲峰峻寬平,1
10573,雲峰峻寬平洞,1
10574,峰峻寬平洞府,1
10575,峻寬平洞府開,1
10576,寬平洞府開拂,1
10577,平洞府開拂天,1
10578,洞府開拂天聞,1
10579,府開拂天聞笑,1
10580,開拂天聞笑語,1
10581,拂天聞笑語特,1
10582,天聞笑語特地,1
10583,聞笑語特地見,1
10584,笑語特地見樓,1
10585,語特地見樓臺,1
10586,特地見樓臺泉,1
10587,地見樓臺泉嫩,1
10588,見樓臺泉嫩黃,1
10589,樓臺泉嫩黃金,1
10590,臺泉嫩黃金湧,1
10591,泉嫩黃金湧牙,1
10592,嫩黃金湧牙香,1
10593,黃金湧牙香紫,1
10594,金湧牙香紫璧,1
10595,湧牙香紫璧裁,1
10596,牙香紫璧裁拜,1
10597,香紫璧裁拜章,1
10598,紫璧裁拜章期,1
10599,璧裁拜章期沃,1
10600,裁拜章期沃日,1
10601,拜章期沃日輕,1
10602,章期沃日輕騎,1
10603,期沃日輕騎疾,1
10604,沃日輕騎疾奔,1
10605,日輕騎疾奔雷,1
10606,輕騎疾奔雷舞,1
10607,騎疾奔雷舞袖,1
10608,疾奔雷舞袖嵐,1
10609,奔雷舞袖嵐侵,1
10610,雷舞袖嵐侵澗,1
10611,舞袖嵐侵澗歌,1
10612,袖嵐侵澗歌聲,1
10613,嵐侵澗歌聲穀,1
10614,侵澗歌聲穀答,1
10615,澗歌聲穀答回,1
10616,歌聲穀答回磬,1
10617,聲穀答回磬音,1
10618,穀答回磬音藏,1
10619,答回磬音藏葉,1
10620,回磬音藏葉鳥,1
10621,磬音藏葉鳥雪,1
10622,音藏葉鳥雪豔,1
10623,藏葉鳥雪豔照,1
10624,葉鳥雪豔照潭,1
10625,鳥雪豔照潭梅,1
10626,雪豔照潭梅好,1
10627,豔照潭梅好是,1
10628,照潭梅好是全,1
10629,潭梅好是全家,1
10630,梅好是全家到,1
10631,好是全家到兼,1
10632,是全家到兼為,1
10633,全家到兼為奉,1
10634,家到兼為奉詔,1
10635,到兼為奉詔來,1
10636,兼為奉詔來樹,1
10637,為奉詔來樹陰,1
10638,奉詔來樹陰香,1
10639,詔來樹陰香作,1
10640,來樹陰香作帳,1
10641,樹陰香作帳花,1
10642,陰香作帳花徑,1
10643,香作帳花徑落,1
10644,作帳花徑落成,1
10645,帳花徑落成堆,1
10646,花徑落成堆景,1
10647,徑落成堆景物,1
10648,落成堆景物殘,1
10649,成堆景物殘三,1
10650,堆景物殘三月,1
10651,景物殘三月登,1
10652,物殘三月登臨,1
10653,殘三月登臨愴,1
10654,三月登臨愴一,1
10655,月登臨愴一杯,1
10656,登臨愴一杯重,1
10657,臨愴一杯重遊,1
10658,愴一杯重遊難,1
10659,一杯重遊難自,1
10660,杯重遊難自克,1
10661,重遊難自克俯,1
10662,遊難自克俯首,1
10663,難自克俯首入,1
10664,自克俯首入塵,1
10665,克俯首入塵埃,1
10666,俯首入塵埃春,1
10667,首入塵埃春風,1
10668,入塵埃春風最,1
10669,塵埃春風最窈,1
10670,埃春風最窈窕,1
10671,春風最窈窕日,1
10672,風最窈窕日曉,1
10673,最窈窕日曉柳,1
10674,窈窕日曉柳村,1
10675,窕日曉柳村西,1
10676,日曉柳村西嬌,1
10677,曉柳村西嬌雲,1
10678,柳村西嬌雲光,1
10679,村西嬌雲光占,1
10680,西嬌雲光占岫,1
10681,嬌雲光占岫健,1
10682,雲光占岫健水,1
10683,光占岫健水鳴,1
10684,占岫健水鳴分,1
10685,岫健水鳴分溪,1
10686,健水鳴分溪燎,1
10687,水鳴分溪燎岩,1
10688,鳴分溪燎岩野,1
10689,分溪燎岩野花,1
10690,溪燎岩野花遠,1
10691,燎岩野花遠戛,1
10692,岩野花遠戛瑟,1
10693,野花遠戛瑟幽,1
10694,花遠戛瑟幽鳥,1
10695,遠戛瑟幽鳥啼,1
10696,戛瑟幽鳥啼把,1
10697,瑟幽鳥啼把酒,1
10698,幽鳥啼把酒坐,1
10699,鳥啼把酒坐芳,1
10700,啼把酒坐芳草,1
10701,把酒坐芳草亦,1
10702,酒坐芳草亦有,1
10703,坐芳草亦有佳,1
10704,芳草亦有佳人,1
10705,草亦有佳人攜,1
10706,亦有佳人攜倚,1
10707,有佳人攜倚溪,1
10708,佳人攜倚溪侵,1
10709,人攜倚溪侵嶺,1
10710,攜倚溪侵嶺多,1
10711,倚溪侵嶺多高,1
10712,溪侵嶺多高樹,1
10713,侵嶺多高樹誇,1
10714,嶺多高樹誇酒,1
10715,多高樹誇酒書,1
10716,高樹誇酒書旗,1
10717,樹誇酒書旗有,1
10718,誇酒書旗有小,1
10719,酒書旗有小樓,1
10720,書旗有小樓驚,1
10721,旗有小樓驚起,1
10722,有小樓驚起鴛,1
10723,小樓驚起鴛鴦,1
10724,樓驚起鴛鴦豈,1
10725,驚起鴛鴦豈無,1
10726,起鴛鴦豈無恨,1
10727,鴛鴦豈無恨一,1
10728,鴦豈無恨一雙,1
10729,豈無恨一雙飛,1
10730,無恨一雙飛去,1
10731,恨一雙飛去卻,1
10732,一雙飛去卻回,1
10733,雙飛去卻回頭,1
10734,飛去卻回頭笙,1
10735,去卻回頭笙歌,1
10736,卻回頭笙歌登,1
10737,回頭笙歌登畫,1
10738,頭笙歌登畫船,1
10739,笙歌登畫船十,1
10740,歌登畫船十日,1
10741,登畫船十日清,1
10742,畫船十日清明,1
10743,船十日清明前,1
10744,十日清明前山,1
10745,日清明前山秀,1
10746,清明前山秀白,1
10747,明前山秀白雲,1
10748,前山秀白雲膩,1
10749,山秀白雲膩溪,1
10750,秀白雲膩溪光,1
10751,白雲膩溪光紅,1
10752,雲膩溪光紅粉,1
10753,膩溪光紅粉鮮,1
10754,溪光紅粉鮮欲,1
10755,光紅粉鮮欲開,1
10756,紅粉鮮欲開未,1
10757,粉鮮欲開未開,1
10758,鮮欲開未開花,1
10759,欲開未開花半,1
10760,開未開花半陰,1
10761,未開花半陰半,1
10762,開花半陰半晴,1
10763,花半陰半晴天,1
10764,半陰半晴天誰,1
10765,陰半晴天誰知,1
10766,半晴天誰知病,1
10767,晴天誰知病太,1
10768,天誰知病太守,1
10769,誰知病太守猶,1
10770,知病太守猶得,1
10771,病太守猶得作,1
10772,太守猶得作茶,1
10773,守猶得作茶仙,1
10774,猶得作茶仙芳,1
10775,得作茶仙芳草,1
10776,作茶仙芳草正,1
10777,茶仙芳草正得,1
10778,仙芳草正得意,1
10779,芳草正得意汀,1
10780,草正得意汀洲,1
10781,正得意汀洲日,1
10782,得意汀洲日欲,1
10783,意汀洲日欲西,1
10784,汀洲日欲西無,1
10785,洲日欲西無端,1
10786,日欲西無端千,1
10787,欲西無端千樹,1
10788,西無端千樹柳,1
10789,無端千樹柳更,1
10790,端千樹柳更拂,1
10791,千樹柳更拂一,1
10792,樹柳更拂一條,1
10793,柳更拂一條溪,1
10794,更拂一條溪幾,1
10795,拂一條溪幾朵,1
10796,一條溪幾朵梅,1
10797,條溪幾朵梅堪,1
10798,溪幾朵梅堪折,1
10799,幾朵梅堪折何,1
10800,朵梅堪折何人,1
10801,梅堪折何人手,1
10802,堪折何人手好,1
10803,折何人手好攜,1
10804,何人手好攜誰,1
10805,人手好攜誰憐,1
10806,手好攜誰憐佳,1
10807,好攜誰憐佳麗,1
10808,攜誰憐佳麗地,1
10809,誰憐佳麗地春,1
10810,憐佳麗地春恨,1
10811,佳麗地春恨卻,1
10812,麗地春恨卻淒,1
10813,地春恨卻淒淒,1
10814,春恨卻淒淒雪,1
10815,恨卻淒淒雪後,1
10816,卻淒淒雪後新,1
10817,淒淒雪後新正,1
10818,淒雪後新正半,1
10819,雪後新正半春,1
10820,後新正半春來,1
10821,新正半春來四,1
10822,正半春來四刻,1
10823,半春來四刻長,1
10824,春來四刻長晴,1
10825,來四刻長晴梅,1
10826,四刻長晴梅朱,1
10827,刻長晴梅朱粉,1
10828,長晴梅朱粉豔,1
10829,晴梅朱粉豔嫩,1
10830,梅朱粉豔嫩水,1
10831,朱粉豔嫩水碧,1
10832,粉豔嫩水碧羅,1
10833,豔嫩水碧羅光,1
10834,嫩水碧羅光弦,1
10835,水碧羅光弦管,1
10836,碧羅光弦管開,1
10837,羅光弦管開雙,1
10838,光弦管開雙調,1
10839,弦管開雙調花,1
10840,管開雙調花鈿,1
10841,開雙調花鈿坐,1
10842,雙調花鈿坐兩,1
10843,調花鈿坐兩行,1
10844,花鈿坐兩行唯,1
10845,鈿坐兩行唯君,1
10846,坐兩行唯君莫,1
10847,兩行唯君莫惜,1
10848,行唯君莫惜醉,1
10849,唯君莫惜醉認,1
10850,君莫惜醉認取,1
10851,莫惜醉認取少,1
10852,惜醉認取少年,1
10853,醉認取少年場,1
10854,認取少年場霧,1
10855,取少年場霧冷,1
10856,少年場霧冷侵,1
10857,年場霧冷侵紅,1
10858,場霧冷侵紅粉,1
10859,霧冷侵紅粉春,1
10860,冷侵紅粉春陰,1
10861,侵紅粉春陰撲,1
10862,紅粉春陰撲翠,1
10863,粉春陰撲翠鈿,1
10864,春陰撲翠鈿自,1
10865,陰撲翠鈿自悲,1
10866,撲翠鈿自悲臨,1
10867,翠鈿自悲臨曉,1
10868,鈿自悲臨曉鏡,1
10869,自悲臨曉鏡誰,1
10870,悲臨曉鏡誰與,1
10871,臨曉鏡誰與惜,1
10872,曉鏡誰與惜流,1
10873,鏡誰與惜流年,1
10874,誰與惜流年柳,1
10875,與惜流年柳暗,1
10876,惜流年柳暗霏,1
10877,流年柳暗霏微,1
10878,年柳暗霏微雨,1
10879,柳暗霏微雨花,1
10880,暗霏微雨花愁,1
10881,霏微雨花愁黯,1
10882,微雨花愁黯淡,1
10883,雨花愁黯淡天,1
10884,花愁黯淡天金,1
10885,愁黯淡天金釵,1
10886,黯淡天金釵有,1
10887,淡天金釵有幾,1
10888,天金釵有幾隻,1
10889,金釵有幾隻抽,1
10890,釵有幾隻抽當,1
10891,有幾隻抽當酒,1
10892,幾隻抽當酒家,1
10893,隻抽當酒家錢,1
10894,抽當酒家錢萬,1
10895,當酒家錢萬家,1
10896,酒家錢萬家相,1
10897,家錢萬家相慶,1
10898,錢萬家相慶喜,1
10899,萬家相慶喜秋,1
10900,家相慶喜秋成,1
10901,相慶喜秋成處,1
10902,慶喜秋成處處,1
10903,喜秋成處處樓,1
10904,秋成處處樓臺,1
10905,成處處樓臺歌,1
10906,處處樓臺歌板,1
10907,處樓臺歌板聲,1
10908,樓臺歌板聲千,1
10909,臺歌板聲千歲,1
10910,歌板聲千歲鶴,1
10911,板聲千歲鶴歸,1
10912,聲千歲鶴歸猶,1
10913,千歲鶴歸猶有,1
10914,歲鶴歸猶有恨,1
10915,鶴歸猶有恨一,1
10916,歸猶有恨一年,1
10917,猶有恨一年人,1
10918,有恨一年人住,1
10919,恨一年人住豈,1
10920,一年人住豈無,1
10921,年人住豈無情,1
10922,人住豈無情夜,1
10923,住豈無情夜涼,1
10924,豈無情夜涼溪,1
10925,無情夜涼溪館,1
10926,情夜涼溪館留,1
10927,夜涼溪館留僧,1
10928,涼溪館留僧話,1
10929,溪館留僧話風,1
10930,館留僧話風定,1
10931,留僧話風定蘇,1
10932,僧話風定蘇潭,1
10933,話風定蘇潭看,1
10934,風定蘇潭看月,1
10935,定蘇潭看月生,1
10936,蘇潭看月生景,1
10937,潭看月生景物,1
10938,看月生景物登,1
10939,月生景物登臨,1
10940,生景物登臨閑,1
10941,景物登臨閑始,1
10942,物登臨閑始見,1
10943,登臨閑始見願,1
10944,臨閑始見願為,1
10945,閑始見願為閑,1
10946,始見願為閑客,1
10947,見願為閑客此,1
10948,願為閑客此閑,1
10949,為閑客此閑行,1
10950,閑客此閑行淮,1
10951,客此閑行淮陽,1
10952,此閑行淮陽多,1
10953,閑行淮陽多病,1
10954,行淮陽多病偶,1
10955,淮陽多病偶求,1
10956,陽多病偶求歡,1
10957,多病偶求歡客,1
10958,病偶求歡客袖,1
10959,偶求歡客袖侵,1
10960,求歡客袖侵霜,1
10961,歡客袖侵霜與,1
10962,客袖侵霜與燭,1
10963,袖侵霜與燭盤,1
10964,侵霜與燭盤砌,1
10965,霜與燭盤砌下,1
10966,與燭盤砌下梨,1
10967,燭盤砌下梨花,1
10968,盤砌下梨花一,1
10969,砌下梨花一堆,1
10970,下梨花一堆雪,1
10971,梨花一堆雪明,1
10972,花一堆雪明年,1
10973,一堆雪明年誰,1
10974,堆雪明年誰此,1
10975,雪明年誰此憑,1
10976,明年誰此憑闌,1
10977,年誰此憑闌幹,1
10978,誰此憑闌幹本,1
10979,此憑闌幹本因,1
10980,憑闌幹本因遮,1
10981,闌幹本因遮日,1
10982,幹本因遮日種,1
10983,本因遮日種卻,1
10984,因遮日種卻似,1
10985,遮日種卻似為,1
10986,日種卻似為溪,1
10987,種卻似為溪移,1
10988,卻似為溪移歷,1
10989,似為溪移歷歷,1
10990,為溪移歷歷羽,1
10991,溪移歷歷羽林,1
10992,移歷歷羽林影,1
10993,歷歷羽林影疏,1
10994,歷羽林影疏疏,1
10995,羽林影疏疏煙,1
10996,林影疏疏煙露,1
10997,影疏疏煙露姿,1
10998,疏疏煙露姿蕭,1
10999,疏煙露姿蕭騷,1
11000,煙露姿蕭騷寒,1
11001,露姿蕭騷寒雨,1
11002,姿蕭騷寒雨夜,1
11003,蕭騷寒雨夜敲,1
11004,騷寒雨夜敲劼,1
11005,寒雨夜敲劼晚,1
11006,雨夜敲劼晚風,1
11007,夜敲劼晚風時,1
11008,敲劼晚風時故,1
11009,劼晚風時故國,1
11010,晚風時故國何,1
11011,風時故國何年,1
11012,時故國何年到,1
11013,故國何年到塵,1
11014,國何年到塵冠,1
11015,何年到塵冠掛,1
11016,年到塵冠掛一,1
11017,到塵冠掛一枝,1
11018,塵冠掛一枝輕,1
11019,冠掛一枝輕盈,1
11020,掛一枝輕盈照,1
11021,一枝輕盈照溪,1
11022,枝輕盈照溪水,1
11023,輕盈照溪水掩,1
11024,盈照溪水掩斂,1
11025,照溪水掩斂下,1
11026,溪水掩斂下瑤,1
11027,水掩斂下瑤台,1
11028,掩斂下瑤台妒,1
11029,斂下瑤台妒雪,1
11030,下瑤台妒雪聊,1
11031,瑤台妒雪聊相,1
11032,台妒雪聊相比,1
11033,妒雪聊相比欺,1
11034,雪聊相比欺春,1
11035,聊相比欺春不,1
11036,相比欺春不逐,1
11037,比欺春不逐來,1
11038,欺春不逐來偶,1
11039,春不逐來偶同,1
11040,不逐來偶同佳,1
11041,逐來偶同佳客,1
11042,來偶同佳客見,1
11043,偶同佳客見似,1
11044,同佳客見似為,1
11045,佳客見似為凍,1
11046,客見似為凍醪,1
11047,見似為凍醪開,1
11048,似為凍醪開若,1
11049,為凍醪開若在,1
11050,凍醪開若在秦,1
11051,醪開若在秦樓,1
11052,開若在秦樓畔,1
11053,若在秦樓畔堪,1
11054,在秦樓畔堪為,1
11055,秦樓畔堪為弄,1
11056,樓畔堪為弄玉,1
11057,畔堪為弄玉媒,1
11058,堪為弄玉媒似,1
11059,為弄玉媒似火,1
11060,弄玉媒似火山,1
11061,玉媒似火山榴,1
11062,媒似火山榴映,1
11063,似火山榴映小,1
11064,火山榴映小山,1
11065,山榴映小山繁,1
11066,榴映小山繁中,1
11067,映小山繁中能,1
11068,小山繁中能薄,1
11069,山繁中能薄豔,1
11070,繁中能薄豔中,1
11071,中能薄豔中閑,1
11072,能薄豔中閑一,1
11073,薄豔中閑一朵,1
11074,豔中閑一朵佳,1
11075,中閑一朵佳人,1
11076,閑一朵佳人玉,1
11077,一朵佳人玉釵,1
11078,朵佳人玉釵上,1
11079,佳人玉釵上只,1
11080,人玉釵上只疑,1
11081,玉釵上只疑燒,1
11082,釵上只疑燒卻,1
11083,上只疑燒卻翠,1
11084,只疑燒卻翠雲,1
11085,疑燒卻翠雲鬟,1
11086,燒卻翠雲鬟日,1
11087,卻翠雲鬟日落,1
11088,翠雲鬟日落水,1
11089,雲鬟日落水流,1
11090,鬟日落水流西,1
11091,日落水流西複,1
11092,落水流西複東,1
11093,水流西複東春,1
11094,流西複東春光,1
11095,西複東春光不,1
11096,複東春光不盡,1
11097,東春光不盡柳,1
11098,春光不盡柳何,1
11099,光不盡柳何窮,1
11100,不盡柳何窮巫,1
11101,盡柳何窮巫娥,1
11102,柳何窮巫娥廟,1
11103,何窮巫娥廟裏,1
11104,窮巫娥廟裏低,1
11105,巫娥廟裏低含,1
11106,娥廟裏低含雨,1
11107,廟裏低含雨宋,1
11108,裏低含雨宋玉,1
11109,低含雨宋玉宅,1
11110,含雨宋玉宅前,1
11111,雨宋玉宅前斜,1
11112,宋玉宅前斜帶,1
11113,玉宅前斜帶風,1
11114,宅前斜帶風不,1
11115,前斜帶風不嫌,1
11116,斜帶風不嫌榆,1
11117,帶風不嫌榆莢,1
11118,風不嫌榆莢共,1
11119,不嫌榆莢共爭,1
11120,嫌榆莢共爭翠,1
11121,榆莢共爭翠深,1
11122,莢共爭翠深與,1
11123,共爭翠深與桃,1
11124,爭翠深與桃花,1
11125,翠深與桃花相,1
11126,深與桃花相映,1
11127,與桃花相映紅,1
11128,桃花相映紅灞,1
11129,花相映紅灞上,1
11130,相映紅灞上漢,1
11131,映紅灞上漢南,1
11132,紅灞上漢南千,1
11133,灞上漢南千萬,1
11134,上漢南千萬樹,1
11135,漢南千萬樹幾,1
11136,南千萬樹幾人,1
11137,千萬樹幾人遊,1
11138,萬樹幾人遊宦,1
11139,樹幾人遊宦別,1
11140,幾人遊宦別離,1
11141,人遊宦別離中,1
11142,遊宦別離中夾,1
11143,宦別離中夾岸,1
11144,別離中夾岸垂,1
11145,離中夾岸垂楊,1
11146,中夾岸垂楊三,1
11147,夾岸垂楊三百,1
11148,岸垂楊三百里,1
11149,垂楊三百里只,1
11150,楊三百里只應,1
11151,三百里只應圖,1
11152,百里只應圖畫,1
11153,里只應圖畫最,1
11154,只應圖畫最相,1
11155,應圖畫最相宜,1
11156,圖畫最相宜自,1
11157,畫最相宜自嫌,1
11158,最相宜自嫌流,1
11159,相宜自嫌流落,1
11160,宜自嫌流落西,1
11161,自嫌流落西歸,1
11162,嫌流落西歸疾,1
11163,流落西歸疾不,1
11164,落西歸疾不見,1
11165,西歸疾不見東,1
11166,歸疾不見東風,1
11167,疾不見東風二,1
11168,不見東風二月,1
11169,見東風二月時,1
11170,東風二月時數,1
11171,風二月時數樹,1
11172,二月時數樹新,1
11173,月時數樹新開,1
11174,時數樹新開翠,1
11175,數樹新開翠影,1
11176,樹新開翠影齊,1
11177,新開翠影齊倚,1
11178,開翠影齊倚風,1
11179,翠影齊倚風情,1
11180,影齊倚風情態,1
11181,齊倚風情態被,1
11182,倚風情態被春,1
11183,風情態被春迷,1
11184,情態被春迷依,1
11185,態被春迷依依,1
11186,被春迷依依故,1
11187,春迷依依故國,1
11188,迷依依故國樊,1
11189,依依故國樊川,1
11190,依故國樊川恨,1
11191,故國樊川恨半,1
11192,國樊川恨半掩,1
11193,樊川恨半掩村,1
11194,川恨半掩村橋,1
11195,恨半掩村橋半,1
11196,半掩村橋半掩,1
11197,掩村橋半掩溪,1
11198,村橋半掩溪含,1
11199,橋半掩溪含煙,1
11200,半掩溪含煙一,1
11201,掩溪含煙一株,1
11202,溪含煙一株柳,1
11203,含煙一株柳拂,1
11204,煙一株柳拂地,1
11205,一株柳拂地搖,1
11206,株柳拂地搖風,1
11207,柳拂地搖風久,1
11208,拂地搖風久佳,1
11209,地搖風久佳人,1
11210,搖風久佳人不,1
11211,風久佳人不忍,1
11212,久佳人不忍折,1
11213,佳人不忍折悵,1
11214,人不忍折悵望,1
11215,不忍折悵望回,1
11216,忍折悵望回纖,1
11217,折悵望回纖手,1
11218,悵望回纖手金,1
11219,望回纖手金河,1
11220,回纖手金河秋,1
11221,纖手金河秋半,1
11222,手金河秋半虜,1
11223,金河秋半虜弦,1
11224,河秋半虜弦開,1
11225,秋半虜弦開雲,1
11226,半虜弦開雲外,1
11227,虜弦開雲外驚,1
11228,弦開雲外驚飛,1
11229,開雲外驚飛四,1
11230,雲外驚飛四散,1
11231,外驚飛四散哀,1
11232,驚飛四散哀仙,1
11233,飛四散哀仙掌,1
11234,四散哀仙掌月,1
11235,散哀仙掌月明,1
11236,哀仙掌月明孤,1
11237,仙掌月明孤影,1
11238,掌月明孤影過,1
11239,月明孤影過長,1
11240,明孤影過長門,1
11241,孤影過長門燈,1
11242,影過長門燈暗,1
11243,過長門燈暗數,1
11244,長門燈暗數聲,1
11245,門燈暗數聲來,1
11246,燈暗數聲來須,1
11247,暗數聲來須知,1
11248,數聲來須知胡,1
11249,聲來須知胡騎,1
11250,來須知胡騎紛,1
11251,須知胡騎紛紛,1
11252,知胡騎紛紛在,1
11253,胡騎紛紛在豈,1
11254,騎紛紛在豈逐,1
11255,紛紛在豈逐春,1
11256,紛在豈逐春風,1
11257,在豈逐春風一,1
11258,豈逐春風一一,1
11259,逐春風一一回,1
11260,春風一一回莫,1
11261,風一一回莫厭,1
11262,一一回莫厭瀟,1
11263,一回莫厭瀟湘,1
11264,回莫厭瀟湘少,1
11265,莫厭瀟湘少人,1
11266,厭瀟湘少人處,1
11267,瀟湘少人處水,1
11268,湘少人處水多,1
11269,少人處水多菰,1
11270,人處水多菰米,1
11271,處水多菰米岸,1
11272,水多菰米岸莓,1
11273,多菰米岸莓苔,1
11274,菰米岸莓苔芝,1
11275,米岸莓苔芝莖,1
11276,岸莓苔芝莖抽,1
11277,莓苔芝莖抽紺,1
11278,苔芝莖抽紺趾,1
11279,芝莖抽紺趾清,1
11280,莖抽紺趾清唳,1
11281,抽紺趾清唳擲,1
11282,紺趾清唳擲金,1
11283,趾清唳擲金梭,1
11284,清唳擲金梭日,1
11285,唳擲金梭日翅,1
11286,擲金梭日翅閑,1
11287,金梭日翅閑張,1
11288,梭日翅閑張錦,1
11289,日翅閑張錦風,1
11290,翅閑張錦風池,1
11291,閑張錦風池去,1
11292,張錦風池去罥,1
11293,錦風池去罥羅,1
11294,風池去罥羅靜,1
11295,池去罥羅靜眠,1
11296,去罥羅靜眠依,1
11297,罥羅靜眠依翠,1
11298,羅靜眠依翠荇,1
11299,靜眠依翠荇暖,1
11300,眠依翠荇暖戲,1
11301,依翠荇暖戲折,1
11302,翠荇暖戲折高,1
11303,荇暖戲折高荷,1
11304,暖戲折高荷山,1
11305,戲折高荷山陰,1
11306,折高荷山陰豈,1
11307,高荷山陰豈無,1
11308,荷山陰豈無爾,1
11309,山陰豈無爾繭,1
11310,陰豈無爾繭字,1
11311,豈無爾繭字換,1
11312,無爾繭字換群,1
11313,爾繭字換群鵝,1
11314,繭字換群鵝華,1
11315,字換群鵝華堂,1
11316,換群鵝華堂日,1
11317,群鵝華堂日漸,1
11318,鵝華堂日漸高,1
11319,華堂日漸高雕,1
11320,堂日漸高雕檻,1
11321,日漸高雕檻系,1
11322,漸高雕檻系紅,1
11323,高雕檻系紅絛,1
11324,雕檻系紅絛故,1
11325,檻系紅絛故國,1
11326,系紅絛故國隴,1
11327,紅絛故國隴山,1
11328,絛故國隴山樹,1
11329,故國隴山樹美,1
11330,國隴山樹美人,1
11331,隴山樹美人金,1
11332,山樹美人金剪,1
11333,樹美人金剪刀,1
11334,美人金剪刀避,1
11335,人金剪刀避籠,1
11336,金剪刀避籠交,1
11337,剪刀避籠交翠,1
11338,刀避籠交翠尾,1
11339,避籠交翠尾罅,1
11340,籠交翠尾罅嘴,1
11341,交翠尾罅嘴靜,1
11342,翠尾罅嘴靜新,1
11343,尾罅嘴靜新毛,1
11344,罅嘴靜新毛不,1
11345,嘴靜新毛不念,1
11346,靜新毛不念三,1
11347,新毛不念三緘,1
11348,毛不念三緘事,1
11349,不念三緘事世,1
11350,念三緘事世途,1
11351,三緘事世途皆,1
11352,緘事世途皆爾,1
11353,事世途皆爾曹,1
11354,世途皆爾曹清,1
11355,途皆爾曹清音,1
11356,皆爾曹清音迎,1
11357,爾曹清音迎曉,1
11358,曹清音迎曉月,1
11359,清音迎曉月愁,1
11360,音迎曉月愁思,1
11361,迎曉月愁思立,1
11362,曉月愁思立寒,1
11363,月愁思立寒蒲,1
11364,愁思立寒蒲丹,1
11365,思立寒蒲丹頂,1
11366,立寒蒲丹頂西,1
11367,寒蒲丹頂西施,1
11368,蒲丹頂西施頰,1
11369,丹頂西施頰霜,1
11370,頂西施頰霜毛,1
11371,西施頰霜毛四,1
11372,施頰霜毛四皓,1
11373,頰霜毛四皓須,1
11374,霜毛四皓須碧,1
11375,毛四皓須碧雲,1
11376,四皓須碧雲行,1
11377,皓須碧雲行止,1
11378,須碧雲行止躁,1
11379,碧雲行止躁白,1
11380,雲行止躁白鷺,1
11381,行止躁白鷺性,1
11382,止躁白鷺性靈,1
11383,躁白鷺性靈粗,1
11384,白鷺性靈粗終,1
11385,鷺性靈粗終日,1
11386,性靈粗終日無,1
11387,靈粗終日無群,1
11388,粗終日無群伴,1
11389,終日無群伴溪,1
11390,日無群伴溪邊,1
11391,無群伴溪邊吊,1
11392,群伴溪邊吊影,1
11393,伴溪邊吊影孤,1
11394,溪邊吊影孤擾,1
11395,邊吊影孤擾擾,1
11396,吊影孤擾擾複,1
11397,影孤擾擾複翻,1
11398,孤擾擾複翻翻,1
11399,擾擾複翻翻黃,1
11400,擾複翻翻黃昏,1
11401,複翻翻黃昏颺,1
11402,翻翻黃昏颺冷,1
11403,翻黃昏颺冷煙,1
11404,黃昏颺冷煙毛,1
11405,昏颺冷煙毛欺,1
11406,颺冷煙毛欺皇,1
11407,冷煙毛欺皇后,1
11408,煙毛欺皇后發,1
11409,毛欺皇后發聲,1
11410,欺皇后發聲感,1
11411,皇后發聲感楚,1
11412,后發聲感楚姬,1
11413,發聲感楚姬弦,1
11414,聲感楚姬弦蔓,1
11415,感楚姬弦蔓壘,1
11416,楚姬弦蔓壘盤,1
11417,姬弦蔓壘盤風,1
11418,弦蔓壘盤風下,1
11419,蔓壘盤風下霜,1
11420,壘盤風下霜林,1
11421,盤風下霜林接,1
11422,風下霜林接翅,1
11423,下霜林接翅眠,1
11424,霜林接翅眠只,1
11425,林接翅眠只如,1
11426,接翅眠只如西,1
11427,翅眠只如西旅,1
11428,眠只如西旅樣,1
11429,只如西旅樣頭,1
11430,如西旅樣頭白,1
11431,西旅樣頭白豈,1
11432,旅樣頭白豈無,1
11433,樣頭白豈無緣,1
11434,頭白豈無緣雪,1
11435,白豈無緣雪衣,1
11436,豈無緣雪衣雪,1
11437,無緣雪衣雪發,1
11438,緣雪衣雪發青,1
11439,雪衣雪發青玉,1
11440,衣雪發青玉觜,1
11441,雪發青玉觜群,1
11442,發青玉觜群捕,1
11443,青玉觜群捕魚,1
11444,玉觜群捕魚兒,1
11445,觜群捕魚兒溪,1
11446,群捕魚兒溪影,1
11447,捕魚兒溪影中,1
11448,魚兒溪影中驚,1
11449,兒溪影中驚飛,1
11450,溪影中驚飛遠,1
11451,影中驚飛遠映,1
11452,中驚飛遠映碧,1
11453,驚飛遠映碧山,1
11454,飛遠映碧山去,1
11455,遠映碧山去一,1
11456,映碧山去一樹,1
11457,碧山去一樹梨,1
11458,山去一樹梨花,1
11459,去一樹梨花落,1
11460,一樹梨花落晚,1
11461,樹梨花落晚風,1
11462,梨花落晚風漢,1
11463,花落晚風漢宮,1
11464,落晚風漢宮一,1
11465,晚風漢宮一百,1
11466,風漢宮一百四,1
11467,漢宮一百四十,1
11468,宮一百四十五,1
11469,一百四十五多,1
11470,百四十五多下,1
11471,四十五多下珠,1
11472,十五多下珠簾,1
11473,五多下珠簾閉,1
11474,多下珠簾閉瑣,1
11475,下珠簾閉瑣窗,1
11476,珠簾閉瑣窗何,1
11477,簾閉瑣窗何處,1
11478,閉瑣窗何處營,1
11479,瑣窗何處營巢,1
11480,窗何處營巢夏,1
11481,何處營巢夏將,1
11482,處營巢夏將半,1
11483,營巢夏將半茅,1
11484,巢夏將半茅簷,1
11485,夏將半茅簷煙,1
11486,將半茅簷煙裏,1
11487,半茅簷煙裏語,1
11488,茅簷煙裏語雙,1
11489,簷煙裏語雙雙,1
11490,煙裏語雙雙畫,1
11491,裏語雙雙畫堂,1
11492,語雙雙畫堂歌,1
11493,雙雙畫堂歌舞,1
11494,雙畫堂歌舞喧,1
11495,畫堂歌舞喧喧,1
11496,堂歌舞喧喧地,1
11497,歌舞喧喧地社,1
11498,舞喧喧地社去,1
11499,喧喧地社去社,1
11500,喧地社去社來,1
11501,地社去社來人,1
11502,社去社來人不,1
11503,去社來人不看,1
11504,社來人不看長,1
11505,來人不看長是,1
11506,人不看長是江,1
11507,不看長是江樓,1
11508,看長是江樓使,1
11509,長是江樓使君,1
11510,是江樓使君伴,1
11511,江樓使君伴黃,1
11512,樓使君伴黃昏,1
11513,使君伴黃昏猶,1
11514,君伴黃昏猶待,1
11515,伴黃昏猶待倚,1
11516,黃昏猶待倚闌,1
11517,昏猶待倚闌幹,1
11518,猶待倚闌幹獨,1
11519,待倚闌幹獨折,1
11520,倚闌幹獨折南,1
11521,闌幹獨折南園,1
11522,幹獨折南園一,1
11523,獨折南園一朵,1
11524,折南園一朵梅,1
11525,南園一朵梅重,1
11526,園一朵梅重尋,1
11527,一朵梅重尋幽,1
11528,朵梅重尋幽坎,1
11529,梅重尋幽坎已,1
11530,重尋幽坎已生,1
11531,尋幽坎已生苔,1
11532,幽坎已生苔無,1
11533,坎已生苔無端,1
11534,已生苔無端晚,1
11535,生苔無端晚吹,1
11536,苔無端晚吹驚,1
11537,無端晚吹驚高,1
11538,端晚吹驚高樹,1
11539,晚吹驚高樹似,1
11540,吹驚高樹似嫋,1
11541,驚高樹似嫋長,1
11542,高樹似嫋長枝,1
11543,樹似嫋長枝欲,1
11544,似嫋長枝欲下,1
11545,嫋長枝欲下來,1
11546,長枝欲下來雪,1
11547,枝欲下來雪發,1
11548,欲下來雪發不,1
11549,下來雪發不長,1
11550,來雪發不長寸,1
11551,雪發不長寸秋,1
11552,發不長寸秋寒,1
11553,不長寸秋寒力,1
11554,長寸秋寒力更,1
11555,寸秋寒力更微,1
11556,秋寒力更微獨,1
11557,寒力更微獨尋,1
11558,力更微獨尋一,1
11559,更微獨尋一徑,1
11560,微獨尋一徑葉,1
11561,獨尋一徑葉猶,1
11562,尋一徑葉猶挈,1
11563,一徑葉猶挈衲,1
11564,徑葉猶挈衲殘,1
11565,葉猶挈衲殘衣,1
11566,猶挈衲殘衣日,1
11567,挈衲殘衣日暮,1
11568,衲殘衣日暮千,1
11569,殘衣日暮千峰,1
11570,衣日暮千峰裏,1
11571,日暮千峰裏不,1
11572,暮千峰裏不知,1
11573,千峰裏不知何,1
11574,峰裏不知何處,1
11575,裏不知何處歸,1
11576,不知何處歸寺,1
11577,知何處歸寺廢,1
11578,何處歸寺廢竹,1
11579,處歸寺廢竹色,1
11580,歸寺廢竹色死,1
11581,寺廢竹色死宦,1
11582,廢竹色死宦家,1
11583,竹色死宦家寧,1
11584,色死宦家寧爾,1
11585,死宦家寧爾留,1
11586,宦家寧爾留霜,1
11587,家寧爾留霜根,1
11588,寧爾留霜根漸,1
11589,爾留霜根漸隨,1
11590,留霜根漸隨斧,1
11591,霜根漸隨斧風,1
11592,根漸隨斧風玉,1
11593,漸隨斧風玉尚,1
11594,隨斧風玉尚敲,1
11595,斧風玉尚敲秋,1
11596,風玉尚敲秋江,1
11597,玉尚敲秋江南,1
11598,尚敲秋江南苦,1
11599,敲秋江南苦吟,1
11600,秋江南苦吟客,1
11601,江南苦吟客何,1
11602,南苦吟客何處,1
11603,苦吟客何處送,1
11604,吟客何處送悠,1
11605,客何處送悠悠,1
11606,何處送悠悠陶,1
11607,處送悠悠陶菊,1
11608,送悠悠陶菊手,1
11609,悠悠陶菊手自,1
11610,悠陶菊手自種,1
11611,陶菊手自種楚,1
11612,菊手自種楚蘭,1
11613,手自種楚蘭心,1
11614,自種楚蘭心有,1
11615,種楚蘭心有期,1
11616,楚蘭心有期遙,1
11617,蘭心有期遙知,1
11618,心有期遙知渡,1
11619,有期遙知渡江,1
11620,期遙知渡江日,1
11621,遙知渡江日正,1
11622,知渡江日正是,1
11623,渡江日正是擷,1
11624,江日正是擷芳,1
11625,日正是擷芳時,1
11626,正是擷芳時籬,1
11627,是擷芳時籬東,1
11628,擷芳時籬東菊,1
11629,芳時籬東菊徑,1
11630,時籬東菊徑深,1
11631,籬東菊徑深折,1
11632,東菊徑深折得,1
11633,菊徑深折得自,1
11634,徑深折得自孤,1
11635,深折得自孤吟,1
11636,折得自孤吟雨,1
11637,得自孤吟雨中,1
11638,自孤吟雨中衣,1
11639,孤吟雨中衣半,1
11640,吟雨中衣半濕,1
11641,雨中衣半濕擁,1
11642,中衣半濕擁鼻,1
11643,衣半濕擁鼻自,1
11644,半濕擁鼻自知,1
11645,濕擁鼻自知心,1
11646,擁鼻自知心盡,1
11647,鼻自知心盡日,1
11648,自知心盡日看,1
11649,知心盡日看雲,1
11650,心盡日看雲首,1
11651,盡日看雲首不,1
11652,日看雲首不回,1
11653,看雲首不回無,1
11654,雲首不回無心,1
11655,首不回無心都,1
11656,不回無心都大,1
11657,回無心都大似,1
11658,無心都大似無,1
11659,心都大似無才,1
11660,都大似無才可,1
11661,大似無才可憐,1
11662,似無才可憐光,1
11663,無才可憐光彩,1
11664,才可憐光彩一,1
11665,可憐光彩一片,1
11666,憐光彩一片玉,1
11667,光彩一片玉萬,1
11668,彩一片玉萬里,1
11669,一片玉萬里晴,1
11670,片玉萬里晴天,1
11671,玉萬里晴天何,1
11672,萬里晴天何處,1
11673,里晴天何處來,1
11674,晴天何處來離,1
11675,天何處來離心,1
11676,何處來離心忽,1
11677,處來離心忽忽,1
11678,來離心忽忽複,1
11679,離心忽忽複淒,1
11680,心忽忽複淒淒,1
11681,忽忽複淒淒雨,1
11682,忽複淒淒雨晦,1
11683,複淒淒雨晦傾,1
11684,淒淒雨晦傾瓶,1
11685,淒雨晦傾瓶取,1
11686,雨晦傾瓶取醉,1
11687,晦傾瓶取醉泥,1
11688,傾瓶取醉泥可,1
11689,瓶取醉泥可羨,1
11690,取醉泥可羨高,1
11691,醉泥可羨高僧,1
11692,泥可羨高僧共,1
11693,可羨高僧共心,1
11694,羨高僧共心語,1
11695,高僧共心語一,1
11696,僧共心語一如,1
11697,共心語一如攜,1
11698,心語一如攜稚,1
11699,語一如攜稚往,1
11700,一如攜稚往東,1
11701,如攜稚往東西,1
11702,攜稚往東西觥,1
11703,稚往東西觥船,1
11704,往東西觥船一,1
11705,東西觥船一棹,1
11706,西觥船一棹百,1
11707,觥船一棹百分,1
11708,船一棹百分空,1
11709,一棹百分空十,1
11710,棹百分空十歲,1
11711,百分空十歲青,1
11712,分空十歲青春,1
11713,空十歲青春不,1
11714,十歲青春不負,1
11715,歲青春不負公,1
11716,青春不負公今,1
11717,春不負公今日,1
11718,不負公今日鬢,1
11719,負公今日鬢絲,1
11720,公今日鬢絲禪,1
11721,今日鬢絲禪榻,1
11722,日鬢絲禪榻畔,1
11723,鬢絲禪榻畔茶,1
11724,絲禪榻畔茶煙,1
11725,禪榻畔茶煙輕,1
11726,榻畔茶煙輕颺,1
11727,畔茶煙輕颺落,1
11728,茶煙輕颺落花,1
11729,煙輕颺落花風,1
11730,輕颺落花風陽,1
11731,颺落花風陽陵,1
11732,落花風陽陵郭,1
11733,花風陽陵郭門,1
11734,風陽陵郭門外,1
11735,陽陵郭門外陂,1
11736,陵郭門外陂阤,1
11737,郭門外陂阤丈,1
11738,門外陂阤丈五,1
11739,外陂阤丈五墳,1
11740,陂阤丈五墳九,1
11741,阤丈五墳九泉,1
11742,丈五墳九泉如,1
11743,五墳九泉如結,1
11744,墳九泉如結友,1
11745,九泉如結友茲,1
11746,泉如結友茲地,1
11747,如結友茲地好,1
11748,結友茲地好埋,1
11749,友茲地好埋君,1
11750,茲地好埋君竹,1
11751,地好埋君竹濁,1
11752,好埋君竹濁蟠,1
11753,埋君竹濁蟠小,1
11754,君竹濁蟠小徑,1
11755,竹濁蟠小徑屈,1
11756,濁蟠小徑屈折,1
11757,蟠小徑屈折鬥,1
11758,小徑屈折鬥蛇,1
11759,徑屈折鬥蛇來,1
11760,屈折鬥蛇來三,1
11761,折鬥蛇來三年,1
11762,鬥蛇來三年得,1
11763,蛇來三年得歸,1
11764,來三年得歸去,1
11765,三年得歸去知,1
11766,年得歸去知繞,1
11767,得歸去知繞幾,1
11768,歸去知繞幾千,1
11769,去知繞幾千回,1
11770,知繞幾千回暮,1
11771,繞幾千回暮景,1
11772,幾千回暮景千,1
11773,千回暮景千山,1
11774,回暮景千山雪,1
11775,暮景千山雪春,1
11776,景千山雪春寒,1
11777,千山雪春寒百,1
11778,山雪春寒百尺,1
11779,雪春寒百尺樓,1
11780,春寒百尺樓獨,1
11781,寒百尺樓獨登,1
11782,百尺樓獨登還,1
11783,尺樓獨登還獨,1
11784,樓獨登還獨下,1
11785,獨登還獨下誰,1
11786,登還獨下誰會,1
11787,還獨下誰會我,1
11788,獨下誰會我悠,1
11789,下誰會我悠悠,1
11790,誰會我悠悠彩,1
11791,會我悠悠彩服,1
11792,我悠悠彩服鮮,1
11793,悠悠彩服鮮華,1
11794,悠彩服鮮華覲,1
11795,彩服鮮華覲渚,1
11796,服鮮華覲渚宮,1
11797,鮮華覲渚宮鱸,1
11798,華覲渚宮鱸魚,1
11799,覲渚宮鱸魚新,1
11800,渚宮鱸魚新熟,1
11801,宮鱸魚新熟別,1
11802,鱸魚新熟別江,1
11803,魚新熟別江東,1
11804,新熟別江東劉,1
11805,熟別江東劉郎,1
11806,別江東劉郎浦,1
11807,江東劉郎浦夜,1
11808,東劉郎浦夜侵,1
11809,劉郎浦夜侵船,1
11810,郎浦夜侵船月,1
11811,浦夜侵船月宋,1
11812,夜侵船月宋玉,1
11813,侵船月宋玉亭,1
11814,船月宋玉亭春,1
11815,月宋玉亭春弄,1
11816,宋玉亭春弄袖,1
11817,玉亭春弄袖風,1
11818,亭春弄袖風落,1
11819,春弄袖風落落,1
11820,弄袖風落落精,1
11821,袖風落落精神,1
11822,風落落精神終,1
11823,落落精神終有,1
11824,落精神終有立,1
11825,精神終有立飄,1
11826,神終有立飄飄,1
11827,終有立飄飄才,1
11828,有立飄飄才思,1
11829,立飄飄才思杳,1
11830,飄飄才思杳無,1
11831,飄才思杳無窮,1
11832,才思杳無窮誰,1
11833,思杳無窮誰人,1
11834,杳無窮誰人世,1
11835,無窮誰人世上,1
11836,窮誰人世上為,1
11837,誰人世上為金,1
11838,人世上為金口,1
11839,世上為金口借,1
11840,上為金口借取,1
11841,為金口借取明,1
11842,金口借取明時,1
11843,口借取明時一,1
11844,借取明時一薦,1
11845,取明時一薦雄,1
11846,明時一薦雄紅,1
11847,時一薦雄紅燭,1
11848,一薦雄紅燭短,1
11849,薦雄紅燭短時,1
11850,雄紅燭短時羌,1
11851,紅燭短時羌笛,1
11852,燭短時羌笛怨,1
11853,短時羌笛怨清,1
11854,時羌笛怨清歌,1
11855,羌笛怨清歌咽,1
11856,笛怨清歌咽處,1
11857,怨清歌咽處蜀,1
11858,清歌咽處蜀弦,1
11859,歌咽處蜀弦高,1
11860,咽處蜀弦高萬,1
11861,處蜀弦高萬里,1
11862,蜀弦高萬里分,1
11863,弦高萬里分飛,1
11864,高萬里分飛兩,1
11865,萬里分飛兩行,1
11866,里分飛兩行淚,1
11867,分飛兩行淚滿,1
11868,飛兩行淚滿江,1
11869,兩行淚滿江寒,1
11870,行淚滿江寒雨,1
11871,淚滿江寒雨正,1
11872,滿江寒雨正蕭,1
11873,江寒雨正蕭騷,1
11874,寒雨正蕭騷行,1
11875,雨正蕭騷行樂,1
11876,正蕭騷行樂及,1
11877,蕭騷行樂及時,1
11878,騷行樂及時時,1
11879,行樂及時時已,1
11880,樂及時時已晚,1
11881,及時時已晚對,1
11882,時時已晚對酒,1
11883,時已晚對酒當,1
11884,已晚對酒當歌,1
11885,晚對酒當歌歌,1
11886,對酒當歌歌不,1
11887,酒當歌歌不成,1
11888,當歌歌不成千,1
11889,歌歌不成千里,1
11890,歌不成千里暮,1
11891,不成千里暮山,1
11892,成千里暮山重,1
11893,千里暮山重疊,1
11894,里暮山重疊翠,1
11895,暮山重疊翠一,1
11896,山重疊翠一溪,1
11897,重疊翠一溪寒,1
11898,疊翠一溪寒水,1
11899,翠一溪寒水淺,1
11900,一溪寒水淺深,1
11901,溪寒水淺深清,1
11902,寒水淺深清高,1
11903,水淺深清高人,1
11904,淺深清高人以,1
11905,深清高人以飲,1
11906,清高人以飲為,1
11907,高人以飲為忙,1
11908,人以飲為忙事,1
11909,以飲為忙事浮,1
11910,飲為忙事浮世,1
11911,為忙事浮世除,1
11912,忙事浮世除詩,1
11913,事浮世除詩盡,1
11914,浮世除詩盡強,1
11915,世除詩盡強名,1
11916,除詩盡強名看,1
11917,詩盡強名看著,1
11918,盡強名看著白,1
11919,強名看著白蘋,1
11920,名看著白蘋芽,1
11921,看著白蘋芽欲,1
11922,著白蘋芽欲吐,1
11923,白蘋芽欲吐雪,1
11924,蘋芽欲吐雪舟,1
11925,芽欲吐雪舟相,1
11926,欲吐雪舟相訪,1
11927,吐雪舟相訪勝,1
11928,雪舟相訪勝閑,1
11929,舟相訪勝閑行,1
11930,相訪勝閑行劉,1
11931,訪勝閑行劉根,1
11932,勝閑行劉根丹,1
11933,閑行劉根丹篆,1
11934,行劉根丹篆三,1
11935,劉根丹篆三千,1
11936,根丹篆三千字,1
11937,丹篆三千字郭,1
11938,篆三千字郭璞,1
11939,三千字郭璞青,1
11940,千字郭璞青囊,1
11941,字郭璞青囊兩,1
11942,郭璞青囊兩卷,1
11943,璞青囊兩卷書,1
11944,青囊兩卷書朱,1
11945,囊兩卷書朱渚,1
11946,兩卷書朱渚磯,1
11947,卷書朱渚磯南,1
11948,書朱渚磯南謝,1
11949,朱渚磯南謝山,1
11950,渚磯南謝山北,1
11951,磯南謝山北白,1
11952,南謝山北白雲,1
11953,謝山北白雲深,1
11954,山北白雲深處,1
11955,北白雲深處有,1
11956,白雲深處有岩,1
11957,雲深處有岩居,1
11958,深處有岩居屏,1
11959,處有岩居屏風,1
11960,有岩居屏風周,1
11961,岩居屏風周昉,1
11962,居屏風周昉畫,1
11963,屏風周昉畫纖,1
11964,風周昉畫纖腰,1
11965,周昉畫纖腰歲,1
11966,昉畫纖腰歲久,1
11967,畫纖腰歲久丹,1
11968,纖腰歲久丹青,1
11969,腰歲久丹青色,1
11970,歲久丹青色半,1
11971,久丹青色半銷,1
11972,丹青色半銷斜,1
11973,青色半銷斜倚,1
11974,色半銷斜倚玉,1
11975,半銷斜倚玉窗,1
11976,銷斜倚玉窗鸞,1
11977,斜倚玉窗鸞發,1
11978,倚玉窗鸞發女,1
11979,玉窗鸞發女拂,1
11980,窗鸞發女拂塵,1
11981,鸞發女拂塵猶,1
11982,發女拂塵猶自,1
11983,女拂塵猶自妒,1
11984,拂塵猶自妒嬌,1
11985,塵猶自妒嬌嬈,1
11986,猶自妒嬌嬈平,1
11987,自妒嬌嬈平明,1
11988,妒嬌嬈平明送,1
11989,嬌嬈平明送葬,1
11990,嬈平明送葬上,1
11991,平明送葬上都,1
11992,明送葬上都門,1
11993,送葬上都門紼,1
11994,葬上都門紼翣,1
11995,上都門紼翣交,1
11996,都門紼翣交橫,1
11997,門紼翣交橫逐,1
11998,紼翣交橫逐去,1
11999,翣交橫逐去魂,1
12000,交橫逐去魂歸,1
12001,橫逐去魂歸來,1
12002,逐去魂歸來冷,1
12003,去魂歸來冷笑,1
12004,魂歸來冷笑悲,1
12005,歸來冷笑悲身,1
12006,來冷笑悲身事,1
12007,冷笑悲身事喚,1
12008,笑悲身事喚婦,1
12009,悲身事喚婦呼,1
12010,身事喚婦呼兒,1
12011,事喚婦呼兒索,1
12012,喚婦呼兒索酒,1
12013,婦呼兒索酒盆,1
12014,呼兒索酒盆無,1
12015,兒索酒盆無端,1
12016,索酒盆無端偶,1
12017,酒盆無端偶效,1
12018,盆無端偶效張,1
12019,無端偶效張文,1
12020,端偶效張文紀,1
12021,偶效張文紀下,1
12022,效張文紀下杜,1
12023,張文紀下杜鄉,1
12024,文紀下杜鄉園,1
12025,紀下杜鄉園別,1
12026,下杜鄉園別五,1
12027,杜鄉園別五秋,1
12028,鄉園別五秋重,1
12029,園別五秋重過,1
12030,別五秋重過江,1
12031,五秋重過江南,1
12032,秋重過江南更,1
12033,重過江南更千,1
12034,過江南更千里,1
12035,江南更千里萬,1
12036,南更千里萬山,1
12037,更千里萬山深,1
12038,千里萬山深處,1
12039,里萬山深處一,1
12040,萬山深處一孤,1
12041,山深處一孤舟,1
12042,深處一孤舟雨,1
12043,處一孤舟雨滴,1
12044,一孤舟雨滴珠,1
12045,孤舟雨滴珠璣,1
12046,舟雨滴珠璣碎,1
12047,雨滴珠璣碎苔,1
12048,滴珠璣碎苔生,1
12049,珠璣碎苔生紫,1
12050,璣碎苔生紫翠,1
12051,碎苔生紫翠重,1
12052,苔生紫翠重故,1
12053,生紫翠重故關,1
12054,紫翠重故關何,1
12055,翠重故關何日,1
12056,重故關何日到,1
12057,故關何日到且,1
12058,關何日到且看,1
12059,何日到且看小,1
12060,日到且看小三,1
12061,到且看小三峰,1
12062,且看小三峰南,1
12063,看小三峰南指,1
12064,小三峰南指陵,1
12065,三峰南指陵陽,1
12066,峰南指陵陽路,1
12067,南指陵陽路東,1
12068,指陵陽路東流,1
12069,陵陽路東流似,1
12070,陽路東流似昔,1
12071,路東流似昔年,1
12072,東流似昔年重,1
12073,流似昔年重恩,1
12074,似昔年重恩山,1
12075,昔年重恩山未,1
12076,年重恩山未答,1
12077,重恩山未答雙,1
12078,恩山未答雙鬢,1
12079,山未答雙鬢雪,1
12080,未答雙鬢雪飄,1
12081,答雙鬢雪飄然,1
12082,雙鬢雪飄然數,1
12083,鬢雪飄然數仞,1
12084,雪飄然數仞慚,1
12085,飄然數仞慚投,1
12086,然數仞慚投跡,1
12087,數仞慚投跡群,1
12088,仞慚投跡群公,1
12089,慚投跡群公愧,1
12090,投跡群公愧拍,1
12091,跡群公愧拍肩,1
12092,群公愧拍肩駑,1
12093,公愧拍肩駑駘,1
12094,愧拍肩駑駘蒙,1
12095,拍肩駑駘蒙錦,1
12096,肩駑駘蒙錦繡,1
12097,駑駘蒙錦繡塵,1
12098,駘蒙錦繡塵土,1
12099,蒙錦繡塵土浴,1
12100,錦繡塵土浴潺,1
12101,繡塵土浴潺湲,1
12102,塵土浴潺湲郭,1
12103,土浴潺湲郭隗,1
12104,浴潺湲郭隗黃,1
12105,潺湲郭隗黃金,1
12106,湲郭隗黃金峻,1
12107,郭隗黃金峻虞,1
12108,隗黃金峻虞卿,1
12109,黃金峻虞卿白,1
12110,金峻虞卿白璧,1
12111,峻虞卿白璧鮮,1
12112,虞卿白璧鮮貔,1
12113,卿白璧鮮貔貅,1
12114,白璧鮮貔貅環,1
12115,璧鮮貔貅環玉,1
12116,鮮貔貅環玉帳,1
12117,貔貅環玉帳鸚,1
12118,貅環玉帳鸚鵡,1
12119,環玉帳鸚鵡破,1
12120,玉帳鸚鵡破蠻,1
12121,帳鸚鵡破蠻箋,1
12122,鸚鵡破蠻箋極,1
12123,鵡破蠻箋極浦,1
12124,破蠻箋極浦沈,1
12125,蠻箋極浦沈碑,1
12126,箋極浦沈碑會,1
12127,極浦沈碑會秋,1
12128,浦沈碑會秋花,1
12129,沈碑會秋花落,1
12130,碑會秋花落帽,1
12131,會秋花落帽筵,1
12132,秋花落帽筵旌,1
12133,花落帽筵旌旗,1
12134,落帽筵旌旗明,1
12135,帽筵旌旗明迥,1
12136,筵旌旗明迥野,1
12137,旌旗明迥野冠,1
12138,旗明迥野冠佩,1
12139,明迥野冠佩照,1
12140,迥野冠佩照神,1
12141,野冠佩照神仙,1
12142,冠佩照神仙籌,1
12143,佩照神仙籌畫,1
12144,照神仙籌畫言,1
12145,神仙籌畫言何,1
12146,仙籌畫言何補,1
12147,籌畫言何補優,1
12148,畫言何補優容,1
12149,言何補優容道,1
12150,何補優容道實,1
12151,補優容道實全,1
12152,優容道實全謳,1
12153,容道實全謳謠,1
12154,道實全謳謠人,1
12155,實全謳謠人撲,1
12156,全謳謠人撲地,1
12157,謳謠人撲地雞,1
12158,謠人撲地雞犬,1
12159,人撲地雞犬樹,1
12160,撲地雞犬樹連,1
12161,地雞犬樹連天,1
12162,雞犬樹連天紫,1
12163,犬樹連天紫鳳,1
12164,樹連天紫鳳超,1
12165,連天紫鳳超如,1
12166,天紫鳳超如電,1
12167,紫鳳超如電青,1
12168,鳳超如電青襟,1
12169,超如電青襟散,1
12170,如電青襟散似,1
12171,電青襟散似煙,1
12172,青襟散似煙蒼,1
12173,襟散似煙蒼生,1
12174,散似煙蒼生未,1
12175,似煙蒼生未經,1
12176,煙蒼生未經濟,1
12177,蒼生未經濟墳,1
12178,生未經濟墳草,1
12179,未經濟墳草已,1
12180,經濟墳草已芊,1
12181,濟墳草已芊綿,1
12182,墳草已芊綿往,1
12183,草已芊綿往事,1
12184,已芊綿往事惟,1
12185,芊綿往事惟沙,1
12186,綿往事惟沙月,1
12187,往事惟沙月孤,1
12188,事惟沙月孤燈,1
12189,惟沙月孤燈但,1
12190,沙月孤燈但客,1
12191,月孤燈但客船,1
12192,孤燈但客船峴,1
12193,燈但客船峴山,1
12194,但客船峴山雲,1
12195,客船峴山雲影,1
12196,船峴山雲影畔,1
12197,峴山雲影畔棠,1
12198,山雲影畔棠葉,1
12199,雲影畔棠葉水,1
12200,影畔棠葉水聲,1
12201,畔棠葉水聲前,1
12202,棠葉水聲前故,1
12203,葉水聲前故國,1
12204,水聲前故國還,1
12205,聲前故國還歸,1
12206,前故國還歸去,1
12207,故國還歸去浮,1
12208,國還歸去浮生,1
12209,還歸去浮生亦,1
12210,歸去浮生亦可,1
12211,去浮生亦可憐,1
12212,浮生亦可憐高,1
12213,生亦可憐高歌,1
12214,亦可憐高歌一,1
12215,可憐高歌一曲,1
12216,憐高歌一曲淚,1
12217,高歌一曲淚明,1
12218,歌一曲淚明日,1
12219,一曲淚明日夕,1
12220,曲淚明日夕陽,1
12221,淚明日夕陽邊,1
12222,明日夕陽邊整,1
12223,日夕陽邊整整,1
12224,夕陽邊整整複,1
12225,陽邊整整複斜,1
12226,邊整整複斜斜,1
12227,整整複斜斜隨,1
12228,整複斜斜隨旗,1
12229,複斜斜隨旗簇,1
12230,斜斜隨旗簇晚,1
12231,斜隨旗簇晚沙,1
12232,隨旗簇晚沙門,1
12233,旗簇晚沙門外,1
12234,簇晚沙門外韓,1
12235,晚沙門外韓擒,1
12236,沙門外韓擒虎,1
12237,門外韓擒虎樓,1
12238,外韓擒虎樓頭,1
12239,韓擒虎樓頭張,1
12240,擒虎樓頭張麗,1
12241,虎樓頭張麗華,1
12242,樓頭張麗華誰,1
12243,頭張麗華誰憐,1
12244,張麗華誰憐容,1
12245,麗華誰憐容足,1
12246,華誰憐容足地,1
12247,誰憐容足地卻,1
12248,憐容足地卻羨,1
12249,容足地卻羨井,1
12250,足地卻羨井中,1
12251,地卻羨井中蛙,1
12252,卻羨井中蛙王,1
12253,羨井中蛙王頒,1
12254,井中蛙王頒兵,1
12255,中蛙王頒兵勢,1
12256,蛙王頒兵勢急,1
12257,王頒兵勢急鼓,1
12258,頒兵勢急鼓下,1
12259,兵勢急鼓下坐,1
12260,勢急鼓下坐蠻,1
12261,急鼓下坐蠻奴,1
12262,鼓下坐蠻奴瀲,1
12263,下坐蠻奴瀲灩,1
12264,坐蠻奴瀲灩倪,1
12265,蠻奴瀲灩倪塘,1
12266,奴瀲灩倪塘水,1
12267,瀲灩倪塘水叉,1
12268,灩倪塘水叉牙,1
12269,倪塘水叉牙出,1
12270,塘水叉牙出骨,1
12271,水叉牙出骨須,1
12272,叉牙出骨須幹,1
12273,牙出骨須幹蘆,1
12274,出骨須幹蘆一,1
12275,骨須幹蘆一炬,1
12276,須幹蘆一炬火,1
12277,幹蘆一炬火回,1
12278,蘆一炬火回首,1
12279,一炬火回首是,1
12280,炬火回首是平,1
12281,火回首是平蕪,1
12282,回首是平蕪春,1
12283,首是平蕪春半,1
12284,是平蕪春半平,1
12285,平蕪春半平江,1
12286,蕪春半平江雨,1
12287,春半平江雨圓,1
12288,半平江雨圓文,1
12289,平江雨圓文破,1
12290,江雨圓文破蜀,1
12291,雨圓文破蜀羅,1
12292,圓文破蜀羅聲,1
12293,文破蜀羅聲眠,1
12294,破蜀羅聲眠篷,1
12295,蜀羅聲眠篷底,1
12296,羅聲眠篷底客,1
12297,聲眠篷底客寒,1
12298,眠篷底客寒濕,1
12299,篷底客寒濕釣,1
12300,底客寒濕釣來,1
12301,客寒濕釣來蓑,1
12302,寒濕釣來蓑暗,1
12303,濕釣來蓑暗澹,1
12304,釣來蓑暗澹遮,1
12305,來蓑暗澹遮山,1
12306,蓑暗澹遮山遠,1
12307,暗澹遮山遠空,1
12308,澹遮山遠空蒙,1
12309,遮山遠空蒙著,1
12310,山遠空蒙著柳,1
12311,遠空蒙著柳多,1
12312,空蒙著柳多此,1
12313,蒙著柳多此時,1
12314,著柳多此時懷,1
12315,柳多此時懷舊,1
12316,多此時懷舊恨,1
12317,此時懷舊恨相,1
12318,時懷舊恨相望,1
12319,懷舊恨相望意,1
12320,舊恨相望意如,1
12321,恨相望意如何,1
12322,相望意如何青,1
12323,望意如何青梅,1
12324,意如何青梅雨,1
12325,如何青梅雨中,1
12326,何青梅雨中熟,1
12327,青梅雨中熟檣,1
12328,梅雨中熟檣倚,1
12329,雨中熟檣倚酒,1
12330,中熟檣倚酒旗,1
12331,熟檣倚酒旗邊,1
12332,檣倚酒旗邊故,1
12333,倚酒旗邊故國,1
12334,酒旗邊故國殘,1
12335,旗邊故國殘春,1
12336,邊故國殘春夢,1
12337,故國殘春夢孤,1
12338,國殘春夢孤舟,1
12339,殘春夢孤舟一,1
12340,春夢孤舟一褐,1
12341,夢孤舟一褐眠,1
12342,孤舟一褐眠搖,1
12343,舟一褐眠搖搖,1
12344,一褐眠搖搖遠,1
12345,褐眠搖搖遠堤,1
12346,眠搖搖遠堤柳,1
12347,搖搖遠堤柳暗,1
12348,搖遠堤柳暗暗,1
12349,遠堤柳暗暗十,1
12350,堤柳暗暗十程,1
12351,柳暗暗十程煙,1
12352,暗暗十程煙南,1
12353,暗十程煙南奏,1
12354,十程煙南奏鐘,1
12355,程煙南奏鐘陵,1
12356,煙南奏鐘陵道,1
12357,南奏鐘陵道無,1
12358,奏鐘陵道無因,1
12359,鐘陵道無因似,1
12360,陵道無因似昔,1
12361,道無因似昔年,1
12362,無因似昔年雲,1
12363,因似昔年雲光,1
12364,似昔年雲光嵐,1
12365,昔年雲光嵐彩,1
12366,年雲光嵐彩四,1
12367,雲光嵐彩四面,1
12368,光嵐彩四面合,1
12369,嵐彩四面合柔,1
12370,彩四面合柔柔,1
12371,四面合柔柔垂,1
12372,面合柔柔垂柳,1
12373,合柔柔垂柳十,1
12374,柔柔垂柳十餘,1
12375,柔垂柳十餘家,1
12376,垂柳十餘家雉,1
12377,柳十餘家雉飛,1
12378,十餘家雉飛鹿,1
12379,餘家雉飛鹿過,1
12380,家雉飛鹿過芳,1
12381,雉飛鹿過芳草,1
12382,飛鹿過芳草遠,1
12383,鹿過芳草遠牛,1
12384,過芳草遠牛巷,1
12385,芳草遠牛巷雞,1
12386,草遠牛巷雞塒,1
12387,遠牛巷雞塒春,1
12388,牛巷雞塒春日,1
12389,巷雞塒春日斜,1
12390,雞塒春日斜秀,1
12391,塒春日斜秀眉,1
12392,春日斜秀眉老,1
12393,日斜秀眉老父,1
12394,斜秀眉老父對,1
12395,秀眉老父對樽,1
12396,眉老父對樽酒,1
12397,老父對樽酒蒨,1
12398,父對樽酒蒨袖,1
12399,對樽酒蒨袖女,1
12400,樽酒蒨袖女兒,1
12401,酒蒨袖女兒簪,1
12402,蒨袖女兒簪野,1
12403,袖女兒簪野花,1
12404,女兒簪野花征,1
12405,兒簪野花征車,1
12406,簪野花征車自,1
12407,野花征車自念,1
12408,花征車自念塵,1
12409,征車自念塵土,1
12410,車自念塵土計,1
12411,自念塵土計惆,1
12412,念塵土計惆悵,1
12413,塵土計惆悵溪,1
12414,土計惆悵溪邊,1
12415,計惆悵溪邊書,1
12416,惆悵溪邊書細,1
12417,悵溪邊書細沙,1
12418,溪邊書細沙益,1
12419,邊書細沙益戇,1
12420,書細沙益戇由,1
12421,細沙益戇由來,1
12422,沙益戇由來未,1
12423,益戇由來未覺,1
12424,戇由來未覺賢,1
12425,由來未覺賢終,1
12426,來未覺賢終須,1
12427,未覺賢終須南,1
12428,覺賢終須南去,1
12429,賢終須南去吊,1
12430,終須南去吊湘,1
12431,須南去吊湘川,1
12432,南去吊湘川當,1
12433,去吊湘川當時,1
12434,吊湘川當時物,1
12435,湘川當時物議,1
12436,川當時物議朱,1
12437,當時物議朱雲,1
12438,時物議朱雲小,1
12439,物議朱雲小後,1
12440,議朱雲小後代,1
12441,朱雲小後代聲,1
12442,雲小後代聲華,1
12443,小後代聲華白,1
12444,後代聲華白日,1
12445,代聲華白日懸,1
12446,聲華白日懸邪,1
12447,華白日懸邪佞,1
12448,白日懸邪佞每,1
12449,日懸邪佞每思,1
12450,懸邪佞每思當,1
12451,邪佞每思當面,1
12452,佞每思當面唾,1
12453,每思當面唾清,1
12454,思當面唾清貧,1
12455,當面唾清貧長,1
12456,面唾清貧長欠,1
12457,唾清貧長欠一,1
12458,清貧長欠一杯,1
12459,貧長欠一杯錢,1
12460,長欠一杯錢驛,1
12461,欠一杯錢驛名,1
12462,一杯錢驛名不,1
12463,杯錢驛名不合,1
12464,錢驛名不合輕,1
12465,驛名不合輕移,1
12466,名不合輕移改,1
12467,不合輕移改留,1
12468,合輕移改留警,1
12469,輕移改留警朝,1
12470,移改留警朝天,1
12471,改留警朝天者,1
12472,留警朝天者惕,1
12473,警朝天者惕然,1
12474,朝天者惕然何,1
12475,天者惕然何事,1
12476,者惕然何事苦,1
12477,惕然何事苦縈,1
12478,然何事苦縈回,1
12479,何事苦縈回離,1
12480,事苦縈回離腸,1
12481,苦縈回離腸不,1
12482,縈回離腸不自,1
12483,回離腸不自裁,1
12484,離腸不自裁恨,1
12485,腸不自裁恨身,1
12486,不自裁恨身隨,1
12487,自裁恨身隨夢,1
12488,裁恨身隨夢去,1
12489,恨身隨夢去春,1
12490,身隨夢去春態,1
12491,隨夢去春態逐,1
12492,夢去春態逐雲,1
12493,去春態逐雲來,1
12494,春態逐雲來沈,1
12495,態逐雲來沈定,1
12496,逐雲來沈定藍,1
12497,雲來沈定藍光,1
12498,來沈定藍光徹,1
12499,沈定藍光徹喧,1
12500,定藍光徹喧盤,1
12501,藍光徹喧盤粉,1
12502,光徹喧盤粉浪,1
12503,徹喧盤粉浪開,1
12504,喧盤粉浪開翠,1
12505,盤粉浪開翠岩,1
12506,粉浪開翠岩三,1
12507,浪開翠岩三百,1
12508,開翠岩三百尺,1
12509,翠岩三百尺誰,1
12510,岩三百尺誰作,1
12511,三百尺誰作子,1
12512,百尺誰作子陵,1
12513,尺誰作子陵台,1
12514,誰作子陵台碧,1
12515,作子陵台碧溪,1
12516,子陵台碧溪留,1
12517,陵台碧溪留我,1
12518,台碧溪留我武,1
12519,碧溪留我武關,1
12520,溪留我武關東,1
12521,留我武關東一,1
12522,我武關東一笑,1
12523,武關東一笑懷,1
12524,關東一笑懷王,1
12525,東一笑懷王跡,1
12526,一笑懷王跡自,1
12527,笑懷王跡自窮,1
12528,懷王跡自窮鄭,1
12529,王跡自窮鄭袖,1
12530,跡自窮鄭袖嬌,1
12531,自窮鄭袖嬌嬈,1
12532,窮鄭袖嬌嬈酣,1
12533,鄭袖嬌嬈酣似,1
12534,袖嬌嬈酣似醉,1
12535,嬌嬈酣似醉屈,1
12536,嬈酣似醉屈原,1
12537,酣似醉屈原憔,1
12538,似醉屈原憔悴,1
12539,醉屈原憔悴去,1
12540,屈原憔悴去如,1
12541,原憔悴去如蓬,1
12542,憔悴去如蓬山,1
12543,悴去如蓬山牆,1
12544,去如蓬山牆谷,1
12545,如蓬山牆谷塹,1
12546,蓬山牆谷塹依,1
12547,山牆谷塹依然,1
12548,牆谷塹依然在,1
12549,谷塹依然在弱,1
12550,塹依然在弱吐,1
12551,依然在弱吐強,1
12552,然在弱吐強吞,1
12553,在弱吐強吞盡,1
12554,弱吐強吞盡已,1
12555,吐強吞盡已空,1
12556,強吞盡已空今,1
12557,吞盡已空今日,1
12558,盡已空今日聖,1
12559,已空今日聖神,1
12560,空今日聖神家,1
12561,今日聖神家四,1
12562,日聖神家四海,1
12563,聖神家四海戍,1
12564,神家四海戍旗,1
12565,家四海戍旗長,1
12566,四海戍旗長卷,1
12567,海戍旗長卷夕,1
12568,戍旗長卷夕陽,1
12569,旗長卷夕陽中,1
12570,長卷夕陽中水,1
12571,卷夕陽中水疊,1
12572,夕陽中水疊鳴,1
12573,陽中水疊鳴珂,1
12574,中水疊鳴珂樹,1
12575,水疊鳴珂樹如,1
12576,疊鳴珂樹如帳,1
12577,鳴珂樹如帳長,1
12578,珂樹如帳長楊,1
12579,樹如帳長楊春,1
12580,如帳長楊春殿,1
12581,帳長楊春殿九,1
12582,長楊春殿九門,1
12583,楊春殿九門珂,1
12584,春殿九門珂我,1
12585,殿九門珂我來,1
12586,九門珂我來惆,1
12587,門珂我來惆悵,1
12588,珂我來惆悵不,1
12589,我來惆悵不自,1
12590,來惆悵不自決,1
12591,惆悵不自決欲,1
12592,悵不自決欲去,1
12593,不自決欲去欲,1
12594,自決欲去欲住,1
12595,決欲去欲住終,1
12596,欲去欲住終如,1
12597,去欲住終如何,1
12598,欲住終如何溶,1
12599,住終如何溶溶,1
12600,終如何溶溶漾,1
12601,如何溶溶漾漾,1
12602,何溶溶漾漾白,1
12603,溶溶漾漾白鷗,1
12604,溶漾漾白鷗飛,1
12605,漾漾白鷗飛綠,1
12606,漾白鷗飛綠淨,1
12607,白鷗飛綠淨春,1
12608,鷗飛綠淨春深,1
12609,飛綠淨春深好,1
12610,綠淨春深好染,1
12611,淨春深好染衣,1
12612,春深好染衣南,1
12613,深好染衣南去,1
12614,好染衣南去北,1
12615,染衣南去北來,1
12616,衣南去北來人,1
12617,南去北來人自,1
12618,去北來人自老,1
12619,北來人自老夕,1
12620,來人自老夕陽,1
12621,人自老夕陽長,1
12622,自老夕陽長送,1
12623,老夕陽長送釣,1
12624,夕陽長送釣船,1
12625,陽長送釣船歸,1
12626,長送釣船歸往,1
12627,送釣船歸往事,1
12628,釣船歸往事起,1
12629,船歸往事起獨,1
12630,歸往事起獨念,1
12631,往事起獨念飄,1
12632,事起獨念飄然,1
12633,起獨念飄然自,1
12634,獨念飄然自不,1
12635,念飄然自不勝,1
12636,飄然自不勝前,1
12637,然自不勝前灘,1
12638,自不勝前灘急,1
12639,不勝前灘急夜,1
12640,勝前灘急夜響,1
12641,前灘急夜響密,1
12642,灘急夜響密雪,1
12643,急夜響密雪映,1
12644,夜響密雪映寒,1
12645,響密雪映寒燈,1
12646,密雪映寒燈的,1
12647,雪映寒燈的的,1
12648,映寒燈的的三,1
12649,寒燈的的三年,1
12650,燈的的三年夢,1
12651,的的三年夢迢,1
12652,的三年夢迢迢,1
12653,三年夢迢迢一,1
12654,年夢迢迢一線,1
12655,夢迢迢一線縆,1
12656,迢迢一線縆明,1
12657,迢一線縆明朝,1
12658,一線縆明朝楚,1
12659,線縆明朝楚山,1
12660,縆明朝楚山上,1
12661,明朝楚山上莫,1
12662,朝楚山上莫上,1
12663,楚山上莫上最,1
12664,山上莫上最高,1
12665,上莫上最高層,1
12666,莫上最高層聖,1
12667,上最高層聖敬,1
12668,最高層聖敬文,1
12669,高層聖敬文思,1
12670,層聖敬文思業,1
12671,聖敬文思業太,1
12672,敬文思業太平,1
12673,文思業太平海,1
12674,思業太平海寰,1
12675,業太平海寰天,1
12676,太平海寰天下,1
12677,平海寰天下唱,1
12678,海寰天下唱歌,1
12679,寰天下唱歌行,1
12680,天下唱歌行秋,1
12681,下唱歌行秋來,1
12682,唱歌行秋來氣,1
12683,歌行秋來氣勢,1
12684,行秋來氣勢洪,1
12685,秋來氣勢洪河,1
12686,來氣勢洪河壯,1
12687,氣勢洪河壯霜,1
12688,勢洪河壯霜後,1
12689,洪河壯霜後精,1
12690,河壯霜後精神,1
12691,壯霜後精神泰,1
12692,霜後精神泰華,1
12693,後精神泰華獰,1
12694,精神泰華獰廣,1
12695,神泰華獰廣德,1
12696,泰華獰廣德者,1
12697,華獰廣德者強,1
12698,獰廣德者強朝,1
12699,廣德者強朝萬,1
12700,德者強朝萬國,1
12701,者強朝萬國用,1
12702,強朝萬國用賢,1
12703,朝萬國用賢無,1
12704,萬國用賢無敵,1
12705,國用賢無敵是,1
12706,用賢無敵是長,1
12707,賢無敵是長城,1
12708,無敵是長城君,1
12709,敵是長城君王,1
12710,是長城君王若,1
12711,長城君王若悟,1
12712,城君王若悟治,1
12713,君王若悟治安,1
12714,王若悟治安論,1
12715,若悟治安論安,1
12716,悟治安論安史,1
12717,治安論安史何,1
12718,安論安史何人,1
12719,論安史何人敢,1
12720,安史何人敢弄,1
12721,史何人敢弄兵,1
12722,何人敢弄兵綠,1
12723,人敢弄兵綠樹,1
12724,敢弄兵綠樹南,1
12725,弄兵綠樹南陽,1
12726,兵綠樹南陽道,1
12727,綠樹南陽道千,1
12728,樹南陽道千峰,1
12729,南陽道千峰勢,1
12730,陽道千峰勢遠,1
12731,道千峰勢遠隨,1
12732,千峰勢遠隨碧,1
12733,峰勢遠隨碧溪,1
12734,勢遠隨碧溪風,1
12735,遠隨碧溪風澹,1
12736,隨碧溪風澹態,1
12737,碧溪風澹態芳,1
12738,溪風澹態芳樹,1
12739,風澹態芳樹雨,1
12740,澹態芳樹雨餘,1
12741,態芳樹雨餘姿,1
12742,芳樹雨餘姿野,1
12743,樹雨餘姿野渡,1
12744,雨餘姿野渡雲,1
12745,餘姿野渡雲初,1
12746,姿野渡雲初暖,1
12747,野渡雲初暖征,1
12748,渡雲初暖征人,1
12749,雲初暖征人袖,1
12750,初暖征人袖半,1
12751,暖征人袖半垂,1
12752,征人袖半垂殘,1
12753,人袖半垂殘花,1
12754,袖半垂殘花不,1
12755,半垂殘花不足,1
12756,垂殘花不足醉,1
12757,殘花不足醉行,1
12758,花不足醉行樂,1
12759,不足醉行樂是,1
12760,足醉行樂是何,1
12761,醉行樂是何時,1
12762,行樂是何時故,1
12763,樂是何時故人,1
12764,是何時故人墳,1
12765,何時故人墳樹,1
12766,時故人墳樹立,1
12767,故人墳樹立秋,1
12768,人墳樹立秋風,1
12769,墳樹立秋風伯,1
12770,樹立秋風伯道,1
12771,立秋風伯道無,1
12772,秋風伯道無兒,1
12773,風伯道無兒跡,1
12774,伯道無兒跡更,1
12775,道無兒跡更空,1
12776,無兒跡更空重,1
12777,兒跡更空重到,1
12778,跡更空重到笙,1
12779,更空重到笙歌,1
12780,空重到笙歌分,1
12781,重到笙歌分散,1
12782,到笙歌分散地,1
12783,笙歌分散地隔,1
12784,歌分散地隔江,1
12785,分散地隔江吹,1
12786,散地隔江吹笛,1
12787,地隔江吹笛月,1
12788,隔江吹笛月明,1
12789,江吹笛月明中,1
12790,吹笛月明中折,1
12791,笛月明中折戟,1
12792,月明中折戟沈,1
12793,明中折戟沈沙,1
12794,中折戟沈沙鐵,1
12795,折戟沈沙鐵未,1
12796,戟沈沙鐵未銷,1
12797,沈沙鐵未銷自,1
12798,沙鐵未銷自將,1
12799,鐵未銷自將磨,1
12800,未銷自將磨洗,1
12801,銷自將磨洗認,1
12802,自將磨洗認前,1
12803,將磨洗認前朝,1
12804,磨洗認前朝東,1
12805,洗認前朝東風,1
12806,認前朝東風不,1
12807,前朝東風不與,1
12808,朝東風不與周,1
12809,東風不與周郎,1
12810,風不與周郎便,1
12811,不與周郎便銅,1
12812,與周郎便銅雀,1
12813,周郎便銅雀春,1
12814,郎便銅雀春深,1
12815,便銅雀春深鎖,1
12816,銅雀春深鎖二,1
12817,雀春深鎖二喬,1
12818,春深鎖二喬日,1
12819,深鎖二喬日旗,1
12820,鎖二喬日旗龍,1
12821,二喬日旗龍旆,1
12822,喬日旗龍旆想,1
12823,日旗龍旆想飄,1
12824,旗龍旆想飄揚,1
12825,龍旆想飄揚一,1
12826,旆想飄揚一索,1
12827,想飄揚一索功,1
12828,飄揚一索功高,1
12829,揚一索功高縛,1
12830,一索功高縛楚,1
12831,索功高縛楚王,1
12832,功高縛楚王直,1
12833,高縛楚王直是,1
12834,縛楚王直是超,1
12835,楚王直是超然,1
12836,王直是超然五,1
12837,直是超然五湖,1
12838,是超然五湖客,1
12839,超然五湖客未,1
12840,然五湖客未如,1
12841,五湖客未如終,1
12842,湖客未如終始,1
12843,客未如終始郭,1
12844,未如終始郭汾,1
12845,如終始郭汾陽,1
12846,終始郭汾陽賤,1
12847,始郭汾陽賤子,1
12848,郭汾陽賤子來,1
12849,汾陽賤子來千,1
12850,陽賤子來千里,1
12851,賤子來千里明,1
12852,子來千里明公,1
12853,來千里明公去,1
12854,千里明公去一,1
12855,里明公去一麾,1
12856,明公去一麾可,1
12857,公去一麾可能,1
12858,去一麾可能休,1
12859,一麾可能休涕,1
12860,麾可能休涕淚,1
12861,可能休涕淚豈,1
12862,能休涕淚豈獨,1
12863,休涕淚豈獨感,1
12864,涕淚豈獨感恩,1
12865,淚豈獨感恩知,1
12866,豈獨感恩知草,1
12867,獨感恩知草木,1
12868,感恩知草木窮,1
12869,恩知草木窮秋,1
12870,知草木窮秋後,1
12871,草木窮秋後山,1
12872,木窮秋後山川,1
12873,窮秋後山川落,1
12874,秋後山川落照,1
12875,後山川落照時,1
12876,山川落照時如,1
12877,川落照時如何,1
12878,落照時如何望,1
12879,照時如何望故,1
12880,時如何望故國,1
12881,如何望故國驅,1
12882,何望故國驅馬,1
12883,望故國驅馬卻,1
12884,故國驅馬卻遲,1
12885,國驅馬卻遲遲,1
12886,驅馬卻遲遲一,1
12887,馬卻遲遲一笑,1
12888,卻遲遲一笑五,1
12889,遲遲一笑五雲,1
12890,遲一笑五雲溪,1
12891,一笑五雲溪上,1
12892,笑五雲溪上舟,1
12893,五雲溪上舟跳,1
12894,雲溪上舟跳丸,1
12895,溪上舟跳丸日,1
12896,上舟跳丸日月,1
12897,舟跳丸日月十,1
12898,跳丸日月十經,1
12899,丸日月十經秋,1
12900,日月十經秋鬢,1
12901,月十經秋鬢衰,1
12902,十經秋鬢衰酒,1
12903,經秋鬢衰酒減,1
12904,秋鬢衰酒減欲,1
12905,鬢衰酒減欲誰,1
12906,衰酒減欲誰泥,1
12907,酒減欲誰泥跡,1
12908,減欲誰泥跡辱,1
12909,欲誰泥跡辱魂,1
12910,誰泥跡辱魂慚,1
12911,泥跡辱魂慚好,1
12912,跡辱魂慚好自,1
12913,辱魂慚好自尤,1
12914,魂慚好自尤夢,1
12915,慚好自尤夢寐,1
12916,好自尤夢寐幾,1
12917,自尤夢寐幾回,1
12918,尤夢寐幾回迷,1
12919,夢寐幾回迷蛺,1
12920,寐幾回迷蛺蝶,1
12921,幾回迷蛺蝶文,1
12922,回迷蛺蝶文章,1
12923,迷蛺蝶文章應,1
12924,蛺蝶文章應解,1
12925,蝶文章應解伴,1
12926,文章應解伴牢,1
12927,章應解伴牢愁,1
12928,應解伴牢愁無,1
12929,解伴牢愁無窮,1
12930,伴牢愁無窮塵,1
12931,牢愁無窮塵土,1
12932,愁無窮塵土無,1
12933,無窮塵土無聊,1
12934,窮塵土無聊事,1
12935,塵土無聊事不,1
12936,土無聊事不得,1
12937,無聊事不得清,1
12938,聊事不得清言,1
12939,事不得清言解,1
12940,不得清言解不,1
12941,得清言解不休,1
12942,清言解不休煙,1
12943,言解不休煙籠,1
12944,解不休煙籠寒,1
12945,不休煙籠寒水,1
12946,休煙籠寒水月,1
12947,煙籠寒水月籠,1
12948,籠寒水月籠沙,1
12949,寒水月籠沙夜,1
12950,水月籠沙夜泊,1
12951,月籠沙夜泊秦,1
12952,籠沙夜泊秦淮,1
12953,沙夜泊秦淮近,1
12954,夜泊秦淮近酒,1
12955,泊秦淮近酒家,1
12956,秦淮近酒家商,1
12957,淮近酒家商女,1
12958,近酒家商女不,1
12959,酒家商女不知,1
12960,家商女不知亡,1
12961,商女不知亡國,1
12962,女不知亡國恨,1
12963,不知亡國恨隔,1
12964,知亡國恨隔江,1
12965,亡國恨隔江猶,1
12966,國恨隔江猶唱,1
12967,恨隔江猶唱後,1
12968,隔江猶唱後庭,1
12969,江猶唱後庭花,1
12970,猶唱後庭花蕭,1
12971,唱後庭花蕭蕭,1
12972,後庭花蕭蕭山,1
12973,庭花蕭蕭山路,1
12974,花蕭蕭山路窮,1
12975,蕭蕭山路窮秋,1
12976,蕭山路窮秋雨,1
12977,山路窮秋雨淅,1
12978,路窮秋雨淅淅,1
12979,窮秋雨淅淅溪,1
12980,秋雨淅淅溪風,1
12981,雨淅淅溪風一,1
12982,淅淅溪風一岸,1
12983,淅溪風一岸蒲,1
12984,溪風一岸蒲為,1
12985,風一岸蒲為問,1
12986,一岸蒲為問寒,1
12987,岸蒲為問寒沙,1
12988,蒲為問寒沙新,1
12989,為問寒沙新到,1
12990,問寒沙新到雁,1
12991,寒沙新到雁來,1
12992,沙新到雁來時,1
12993,新到雁來時還,1
12994,到雁來時還下,1
12995,雁來時還下杜,1
12996,來時還下杜陵,1
12997,時還下杜陵無,1
12998,還下杜陵無細,1
12999,下杜陵無細腰,1
13000,杜陵無細腰宮,1
13001,陵無細腰宮裏,1
13002,無細腰宮裏露,1
13003,細腰宮裏露桃,1
13004,腰宮裏露桃新,1
13005,宮裏露桃新脈,1
13006,裏露桃新脈脈,1
13007,露桃新脈脈無,1
13008,桃新脈脈無言,1
13009,新脈脈無言度,1
13010,脈脈無言度幾,1
13011,脈無言度幾春,1
13012,無言度幾春至,1
13013,言度幾春至竟,1
13014,度幾春至竟息,1
13015,幾春至竟息亡,1
13016,春至竟息亡緣,1
13017,至竟息亡緣底,1
13018,竟息亡緣底事,1
13019,息亡緣底事可,1
13020,亡緣底事可憐,1
13021,緣底事可憐金,1
13022,底事可憐金谷,1
13023,事可憐金谷墜,1
13024,可憐金谷墜樓,1
13025,憐金谷墜樓人,1
13026,金谷墜樓人雪,1
13027,谷墜樓人雪漲,1
13028,墜樓人雪漲前,1
13029,樓人雪漲前溪,1
13030,人雪漲前溪水,1
13031,雪漲前溪水啼,1
13032,漲前溪水啼聲,1
13033,前溪水啼聲已,1
13034,溪水啼聲已繞,1
13035,水啼聲已繞灘,1
13036,啼聲已繞灘梅,1
13037,聲已繞灘梅衰,1
13038,已繞灘梅衰未,1
13039,繞灘梅衰未減,1
13040,灘梅衰未減態,1
13041,梅衰未減態春,1
13042,衰未減態春嫩,1
13043,未減態春嫩不,1
13044,減態春嫩不禁,1
13045,態春嫩不禁寒,1
13046,春嫩不禁寒跡,1
13047,嫩不禁寒跡去,1
13048,不禁寒跡去夢,1
13049,禁寒跡去夢一,1
13050,寒跡去夢一覺,1
13051,跡去夢一覺年,1
13052,去夢一覺年來,1
13053,夢一覺年來事,1
13054,一覺年來事百,1
13055,覺年來事百般,1
13056,年來事百般聞,1
13057,來事百般聞君,1
13058,事百般聞君亦,1
13059,百般聞君亦多,1
13060,般聞君亦多感,1
13061,聞君亦多感何,1
13062,君亦多感何處,1
13063,亦多感何處倚,1
13064,多感何處倚闌,1
13065,感何處倚闌幹,1
13066,何處倚闌幹平,1
13067,處倚闌幹平生,1
13068,倚闌幹平生自,1
13069,闌幹平生自許,1
13070,幹平生自許少,1
13071,平生自許少塵,1
13072,生自許少塵埃,1
13073,自許少塵埃為,1
13074,許少塵埃為吏,1
13075,少塵埃為吏塵,1
13076,塵埃為吏塵中,1
13077,埃為吏塵中勢,1
13078,為吏塵中勢自,1
13079,吏塵中勢自回,1
13080,塵中勢自回朱,1
13081,中勢自回朱紱,1
13082,勢自回朱紱久,1
13083,自回朱紱久慚,1
13084,回朱紱久慚官,1
13085,朱紱久慚官借,1
13086,紱久慚官借與,1
13087,久慚官借與白,1
13088,慚官借與白題,1
13089,官借與白題還,1
13090,借與白題還歎,1
13091,與白題還歎老,1
13092,白題還歎老將,1
13093,題還歎老將來,1
13094,還歎老將來須,1
13095,歎老將來須知,1
13096,老將來須知世,1
13097,將來須知世路,1
13098,來須知世路難,1
13099,須知世路難輕,1
13100,知世路難輕進,1
13101,世路難輕進豈,1
13102,路難輕進豈是,1
13103,難輕進豈是君,1
13104,輕進豈是君門,1
13105,進豈是君門不,1
13106,豈是君門不大,1
13107,是君門不大開,1
13108,君門不大開霄,1
13109,門不大開霄漢,1
13110,不大開霄漢幾,1
13111,大開霄漢幾多,1
13112,開霄漢幾多同,1
13113,霄漢幾多同學,1
13114,漢幾多同學伴,1
13115,幾多同學伴可,1
13116,多同學伴可憐,1
13117,同學伴可憐頭,1
13118,學伴可憐頭角,1
13119,伴可憐頭角盡,1
13120,可憐頭角盡卿,1
13121,憐頭角盡卿材,1
13122,頭角盡卿材緘,1
13123,角盡卿材緘書,1
13124,盡卿材緘書報,1
13125,卿材緘書報子,1
13126,材緘書報子玉,1
13127,緘書報子玉為,1
13128,書報子玉為我,1
13129,報子玉為我謝,1
13130,子玉為我謝平,1
13131,玉為我謝平津,1
13132,為我謝平津自,1
13133,我謝平津自愧,1
13134,謝平津自愧掃,1
13135,平津自愧掃門,1
13136,津自愧掃門士,1
13137,自愧掃門士誰,1
13138,愧掃門士誰為,1
13139,掃門士誰為乞,1
13140,門士誰為乞火,1
13141,士誰為乞火人,1
13142,誰為乞火人詞,1
13143,為乞火人詞臣,1
13144,乞火人詞臣陪,1
13145,火人詞臣陪羽,1
13146,人詞臣陪羽獵,1
13147,詞臣陪羽獵戰,1
13148,臣陪羽獵戰將,1
13149,陪羽獵戰將騁,1
13150,羽獵戰將騁騏,1
13151,獵戰將騁騏驎,1
13152,戰將騁騏驎兩,1
13153,將騁騏驎兩地,1
13154,騁騏驎兩地差,1
13155,騏驎兩地差池,1
13156,驎兩地差池恨,1
13157,兩地差池恨江,1
13158,地差池恨江汀,1
13159,差池恨江汀醉,1
13160,池恨江汀醉送,1
13161,恨江汀醉送君,1
13162,江汀醉送君芳,1
13163,汀醉送君芳草,1
13164,醉送君芳草渡,1
13165,送君芳草渡頭,1
13166,君芳草渡頭微,1
13167,芳草渡頭微雨,1
13168,草渡頭微雨時,1
13169,渡頭微雨時萬,1
13170,頭微雨時萬株,1
13171,微雨時萬株楊,1
13172,雨時萬株楊柳,1
13173,時萬株楊柳拂,1
13174,萬株楊柳拂波,1
13175,株楊柳拂波垂,1
13176,楊柳拂波垂蒲,1
13177,柳拂波垂蒲根,1
13178,拂波垂蒲根水,1
13179,波垂蒲根水暖,1
13180,垂蒲根水暖雁,1
13181,蒲根水暖雁初,1
13182,根水暖雁初浴,1
13183,水暖雁初浴梅,1
13184,暖雁初浴梅徑,1
13185,雁初浴梅徑香,1
13186,初浴梅徑香寒,1
13187,浴梅徑香寒蜂,1
13188,梅徑香寒蜂未,1
13189,徑香寒蜂未知,1
13190,香寒蜂未知辭,1
13191,寒蜂未知辭客,1
13192,蜂未知辭客倚,1
13193,未知辭客倚風,1
13194,知辭客倚風吟,1
13195,辭客倚風吟暗,1
13196,客倚風吟暗淡,1
13197,倚風吟暗淡使,1
13198,風吟暗淡使君,1
13199,吟暗淡使君回,1
13200,暗淡使君回馬,1
13201,淡使君回馬濕,1
13202,使君回馬濕旌,1
13203,君回馬濕旌旗,1
13204,回馬濕旌旗江,1
13205,馬濕旌旗江南,1
13206,濕旌旗江南仲,1
13207,旌旗江南仲蔚,1
13208,旗江南仲蔚多,1
13209,江南仲蔚多情,1
13210,南仲蔚多情調,1
13211,仲蔚多情調悵,1
13212,蔚多情調悵望,1
13213,多情調悵望春,1
13214,情調悵望春陰,1
13215,調悵望春陰幾,1
13216,悵望春陰幾首,1
13217,望春陰幾首詩,1
13218,春陰幾首詩江,1
13219,陰幾首詩江湖,1
13220,幾首詩江湖醉,1
13221,首詩江湖醉渡,1
13222,詩江湖醉渡十,1
13223,江湖醉渡十年,1
13224,湖醉渡十年春,1
13225,醉渡十年春牛,1
13226,渡十年春牛渚,1
13227,十年春牛渚山,1
13228,年春牛渚山邊,1
13229,春牛渚山邊六,1
13230,牛渚山邊六問,1
13231,渚山邊六問津,1
13232,山邊六問津曆,1
13233,邊六問津曆陽,1
13234,六問津曆陽前,1
13235,問津曆陽前事,1
13236,津曆陽前事知,1
13237,曆陽前事知何,1
13238,陽前事知何實,1
13239,前事知何實高,1
13240,事知何實高位,1
13241,知何實高位紛,1
13242,何實高位紛紛,1
13243,實高位紛紛見,1
13244,高位紛紛見陷,1
13245,位紛紛見陷人,1
13246,紛紛見陷人勝,1
13247,紛見陷人勝敗,1
13248,見陷人勝敗兵,1
13249,陷人勝敗兵家,1
13250,人勝敗兵家事,1
13251,勝敗兵家事不,1
13252,敗兵家事不期,1
13253,兵家事不期包,1
13254,家事不期包羞,1
13255,事不期包羞忍,1
13256,不期包羞忍恥,1
13257,期包羞忍恥是,1
13258,包羞忍恥是男,1
13259,羞忍恥是男兒,1
13260,忍恥是男兒江,1
13261,恥是男兒江東,1
13262,是男兒江東子,1
13263,男兒江東子弟,1
13264,兒江東子弟多,1
13265,江東子弟多才,1
13266,東子弟多才俊,1
13267,子弟多才俊捲,1
13268,弟多才俊捲土,1
13269,多才俊捲土重,1
13270,才俊捲土重來,1
13271,俊捲土重來未,1
13272,捲土重來未可,1
13273,土重來未可知,1
13274,重來未可知孫,1
13275,來未可知孫家,1
13276,未可知孫家兄,1
13277,可知孫家兄弟,1
13278,知孫家兄弟晉,1
13279,孫家兄弟晉龍,1
13280,家兄弟晉龍驤,1
13281,兄弟晉龍驤馳,1
13282,弟晉龍驤馳騁,1
13283,晉龍驤馳騁功,1
13284,龍驤馳騁功名,1
13285,驤馳騁功名業,1
13286,馳騁功名業帝,1
13287,騁功名業帝王,1
13288,功名業帝王至,1
13289,名業帝王至竟,1
13290,業帝王至竟江,1
13291,帝王至竟江山,1
13292,王至竟江山誰,1
13293,至竟江山誰是,1
13294,竟江山誰是主,1
13295,江山誰是主苔,1
13296,山誰是主苔磯,1
13297,誰是主苔磯空,1
13298,是主苔磯空屬,1
13299,主苔磯空屬釣,1
13300,苔磯空屬釣魚,1
13301,磯空屬釣魚郎,1
13302,空屬釣魚郎發,1
13303,屬釣魚郎發勻,1
13304,釣魚郎發勻肉,1
13305,魚郎發勻肉好,1
13306,郎發勻肉好生,1
13307,發勻肉好生春,1
13308,勻肉好生春嶺,1
13309,肉好生春嶺截,1
13310,好生春嶺截玉,1
13311,生春嶺截玉鑽,1
13312,春嶺截玉鑽星,1
13313,嶺截玉鑽星寄,1
13314,截玉鑽星寄使,1
13315,玉鑽星寄使君,1
13316,鑽星寄使君檀,1
13317,星寄使君檀的,1
13318,寄使君檀的染,1
13319,使君檀的染時,1
13320,君檀的染時痕,1
13321,檀的染時痕半,1
13322,的染時痕半月,1
13323,染時痕半月落,1
13324,時痕半月落梅,1
13325,痕半月落梅飄,1
13326,半月落梅飄處,1
13327,月落梅飄處響,1
13328,落梅飄處響穿,1
13329,梅飄處響穿雲,1
13330,飄處響穿雲樓,1
13331,處響穿雲樓中,1
13332,響穿雲樓中威,1
13333,穿雲樓中威鳳,1
13334,雲樓中威鳳傾,1
13335,樓中威鳳傾冠,1
13336,中威鳳傾冠聽,1
13337,威鳳傾冠聽沙,1
13338,鳳傾冠聽沙上,1
13339,傾冠聽沙上驚,1
13340,冠聽沙上驚鴻,1
13341,聽沙上驚鴻掠,1
13342,沙上驚鴻掠水,1
13343,上驚鴻掠水分,1
13344,驚鴻掠水分遙,1
13345,鴻掠水分遙想,1
13346,掠水分遙想紫,1
13347,水分遙想紫泥,1
13348,分遙想紫泥封,1
13349,遙想紫泥封詔,1
13350,想紫泥封詔罷,1
13351,紫泥封詔罷夜,1
13352,泥封詔罷夜深,1
13353,封詔罷夜深應,1
13354,詔罷夜深應隔,1
13355,罷夜深應隔禁,1
13356,夜深應隔禁牆,1
13357,深應隔禁牆聞,1
13358,應隔禁牆聞青,1
13359,隔禁牆聞青山,1
13360,禁牆聞青山隱,1
13361,牆聞青山隱隱,1
13362,聞青山隱隱水,1
13363,青山隱隱水迢,1
13364,山隱隱水迢迢,1
13365,隱隱水迢迢秋,1
13366,隱水迢迢秋盡,1
13367,水迢迢秋盡江,1
13368,迢迢秋盡江南,1
13369,迢秋盡江南草,1
13370,秋盡江南草木,1
13371,盡江南草木凋,1
13372,江南草木凋二,1
13373,南草木凋二十,1
13374,草木凋二十四,1
13375,木凋二十四橋,1
13376,凋二十四橋明,1
13377,二十四橋明月,1
13378,十四橋明月夜,1
13379,四橋明月夜玉,1
13380,橋明月夜玉人,1
13381,明月夜玉人何,1
13382,月夜玉人何處,1
13383,夜玉人何處教,1
13384,玉人何處教吹,1
13385,人何處教吹簫,1
13386,何處教吹簫故,1
13387,處教吹簫故人,1
13388,教吹簫故人別,1
13389,吹簫故人別來,1
13390,簫故人別來面,1
13391,故人別來面如,1
13392,人別來面如雪,1
13393,別來面如雪一,1
13394,來面如雪一榻,1
13395,面如雪一榻拂,1
13396,如雪一榻拂雲,1
13397,雪一榻拂雲秋,1
13398,一榻拂雲秋影,1
13399,榻拂雲秋影中,1
13400,拂雲秋影中玉,1
13401,雲秋影中玉白,1
13402,秋影中玉白花,1
13403,影中玉白花紅,1
13404,中玉白花紅三,1
13405,玉白花紅三百,1
13406,白花紅三百首,1
13407,花紅三百首五,1
13408,紅三百首五陵,1
13409,三百首五陵誰,1
13410,百首五陵誰唱,1
13411,首五陵誰唱與,1
13412,五陵誰唱與春,1
13413,陵誰唱與春風,1
13414,誰唱與春風賈,1
13415,唱與春風賈傅,1
13416,與春風賈傅松,1
13417,春風賈傅松醪,1
13418,風賈傅松醪酒,1
13419,賈傅松醪酒秋,1
13420,傅松醪酒秋來,1
13421,松醪酒秋來美,1
13422,醪酒秋來美更,1
13423,酒秋來美更香,1
13424,秋來美更香憐,1
13425,來美更香憐君,1
13426,美更香憐君片,1
13427,更香憐君片雲,1
13428,香憐君片雲思,1
13429,憐君片雲思一,1
13430,君片雲思一去,1
13431,片雲思一去繞,1
13432,雲思一去繞瀟,1
13433,思一去繞瀟湘,1
13434,一去繞瀟湘一,1
13435,去繞瀟湘一渠,1
13436,繞瀟湘一渠東,1
13437,瀟湘一渠東注,1
13438,湘一渠東注芳,1
13439,一渠東注芳華,1
13440,渠東注芳華苑,1
13441,東注芳華苑苑,1
13442,注芳華苑苑鎖,1
13443,芳華苑苑鎖池,1
13444,華苑苑鎖池塘,1
13445,苑苑鎖池塘百,1
13446,苑鎖池塘百歲,1
13447,鎖池塘百歲空,1
13448,池塘百歲空水,1
13449,塘百歲空水殿,1
13450,百歲空水殿半,1
13451,歲空水殿半傾,1
13452,空水殿半傾蟾,1
13453,水殿半傾蟾口,1
13454,殿半傾蟾口澀,1
13455,半傾蟾口澀為,1
13456,傾蟾口澀為誰,1
13457,蟾口澀為誰流,1
13458,口澀為誰流下,1
13459,澀為誰流下蓼,1
13460,為誰流下蓼花,1
13461,誰流下蓼花中,1
13462,流下蓼花中錦,1
13463,下蓼花中錦纜,1
13464,蓼花中錦纜龍,1
13465,花中錦纜龍舟,1
13466,中錦纜龍舟隋,1
13467,錦纜龍舟隋煬,1
13468,纜龍舟隋煬帝,1
13469,龍舟隋煬帝平,1
13470,舟隋煬帝平臺,1
13471,隋煬帝平臺複,1
13472,煬帝平臺複道,1
13473,帝平臺複道漢,1
13474,平臺複道漢梁,1
13475,臺複道漢梁王,1
13476,複道漢梁王遊,1
13477,道漢梁王遊人,1
13478,漢梁王遊人閑,1
13479,梁王遊人閑起,1
13480,王遊人閑起前,1
13481,遊人閑起前朝,1
13482,人閑起前朝念,1
13483,閑起前朝念折,1
13484,起前朝念折柳,1
13485,前朝念折柳孤,1
13486,朝念折柳孤吟,1
13487,念折柳孤吟斷,1
13488,折柳孤吟斷殺,1
13489,柳孤吟斷殺腸,1
13490,孤吟斷殺腸千,1
13491,吟斷殺腸千里,1
13492,斷殺腸千里長,1
13493,殺腸千里長河,1
13494,腸千里長河初,1
13495,千里長河初凍,1
13496,里長河初凍時,1
13497,長河初凍時玉,1
13498,河初凍時玉珂,1
13499,初凍時玉珂瑤,1
13500,凍時玉珂瑤佩,1
13501,時玉珂瑤佩響,1
13502,玉珂瑤佩響參,1
13503,珂瑤佩響參差,1
13504,瑤佩響參差浮,1
13505,佩響參差浮生,1
13506,響參差浮生卻,1
13507,參差浮生卻似,1
13508,差浮生卻似冰,1
13509,浮生卻似冰底,1
13510,生卻似冰底水,1
13511,卻似冰底水日,1
13512,似冰底水日夜,1
13513,冰底水日夜東,1
13514,底水日夜東流,1
13515,水日夜東流人,1
13516,日夜東流人不,1
13517,夜東流人不知,1
13518,東流人不知七,1
13519,流人不知七子,1
13520,人不知七子論,1
13521,不知七子論詩,1
13522,知七子論詩誰,1
13523,七子論詩誰似,1
13524,子論詩誰似公,1
13525,論詩誰似公曹,1
13526,詩誰似公曹劉,1
13527,誰似公曹劉須,1
13528,似公曹劉須在,1
13529,公曹劉須在指,1
13530,曹劉須在指揮,1
13531,劉須在指揮中,1
13532,須在指揮中薦,1
13533,在指揮中薦衡,1
13534,指揮中薦衡昔,1
13535,揮中薦衡昔日,1
13536,中薦衡昔日知,1
13537,薦衡昔日知文,1
13538,衡昔日知文舉,1
13539,昔日知文舉乞,1
13540,日知文舉乞火,1
13541,知文舉乞火無,1
13542,文舉乞火無人,1
13543,舉乞火無人作,1
13544,乞火無人作蒯,1
13545,火無人作蒯通,1
13546,無人作蒯通北,1
13547,人作蒯通北極,1
13548,作蒯通北極樓,1
13549,蒯通北極樓臺,1
13550,通北極樓臺長,1
13551,北極樓臺長掛,1
13552,極樓臺長掛夢,1
13553,樓臺長掛夢西,1
13554,臺長掛夢西江,1
13555,長掛夢西江波,1
13556,掛夢西江波浪,1
13557,夢西江波浪遠,1
13558,西江波浪遠吞,1
13559,江波浪遠吞空,1
13560,波浪遠吞空可,1
13561,浪遠吞空可憐,1
13562,遠吞空可憐故,1
13563,吞空可憐故國,1
13564,空可憐故國三,1
13565,可憐故國三千,1
13566,憐故國三千里,1
13567,故國三千里虛,1
13568,國三千里虛唱,1
13569,三千里虛唱歌,1
13570,千里虛唱歌詞,1
13571,里虛唱歌詞滿,1
13572,虛唱歌詞滿六,1
13573,唱歌詞滿六宮,1
13574,歌詞滿六宮大,1
13575,詞滿六宮大夫,1
13576,滿六宮大夫官,1
13577,六宮大夫官重,1
13578,宮大夫官重醉,1
13579,大夫官重醉江,1
13580,夫官重醉江東,1
13581,官重醉江東瀟,1
13582,重醉江東瀟灑,1
13583,醉江東瀟灑名,1
13584,江東瀟灑名儒,1
13585,東瀟灑名儒振,1
13586,瀟灑名儒振古,1
13587,灑名儒振古風,1
13588,名儒振古風文,1
13589,儒振古風文石,1
13590,振古風文石陛,1
13591,古風文石陛前,1
13592,風文石陛前辭,1
13593,文石陛前辭聖,1
13594,石陛前辭聖主,1
13595,陛前辭聖主碧,1
13596,前辭聖主碧雲,1
13597,辭聖主碧雲天,1
13598,聖主碧雲天外,1
13599,主碧雲天外作,1
13600,碧雲天外作冥,1
13601,雲天外作冥鴻,1
13602,天外作冥鴻五,1
13603,外作冥鴻五言,1
13604,作冥鴻五言甯,1
13605,冥鴻五言甯謝,1
13606,鴻五言甯謝顏,1
13607,五言甯謝顏光,1
13608,言甯謝顏光祿,1
13609,甯謝顏光祿百,1
13610,謝顏光祿百歲,1
13611,顏光祿百歲須,1
13612,光祿百歲須齊,1
13613,祿百歲須齊衛,1
13614,百歲須齊衛武,1
13615,歲須齊衛武公,1
13616,須齊衛武公再,1
13617,齊衛武公再拜,1
13618,衛武公再拜宜,1
13619,武公再拜宜同,1
13620,公再拜宜同丈,1
13621,再拜宜同丈人,1
13622,拜宜同丈人行,1
13623,宜同丈人行過,1
13624,同丈人行過庭,1
13625,丈人行過庭交,1
13626,人行過庭交分,1
13627,行過庭交分有,1
13628,過庭交分有無,1
13629,庭交分有無同,1
13630,交分有無同水,1
13631,分有無同水接,1
13632,有無同水接西,1
13633,無同水接西江,1
13634,同水接西江天,1
13635,水接西江天外,1
13636,接西江天外聲,1
13637,西江天外聲小,1
13638,江天外聲小齋,1
13639,天外聲小齋松,1
13640,外聲小齋松影,1
13641,聲小齋松影拂,1
13642,小齋松影拂雲,1
13643,齋松影拂雲平,1
13644,松影拂雲平何,1
13645,影拂雲平何人,1
13646,拂雲平何人教,1
13647,雲平何人教我,1
13648,平何人教我吹,1
13649,何人教我吹長,1
13650,人教我吹長笛,1
13651,教我吹長笛與,1
13652,我吹長笛與倚,1
13653,吹長笛與倚春,1
13654,長笛與倚春風,1
13655,笛與倚春風弄,1
13656,與倚春風弄月,1
13657,倚春風弄月明,1
13658,春風弄月明廣,1
13659,風弄月明廣文,1
13660,弄月明廣文遺,1
13661,月明廣文遺韻,1
13662,明廣文遺韻留,1
13663,廣文遺韻留樗,1
13664,文遺韻留樗散,1
13665,遺韻留樗散雞,1
13666,韻留樗散雞犬,1
13667,留樗散雞犬圖,1
13668,樗散雞犬圖書,1
13669,散雞犬圖書共,1
13670,雞犬圖書共一,1
13671,犬圖書共一船,1
13672,圖書共一船自,1
13673,書共一船自說,1
13674,共一船自說江,1
13675,一船自說江湖,1
13676,船自說江湖不,1
13677,自說江湖不歸,1
13678,說江湖不歸事,1
13679,江湖不歸事阻,1
13680,湖不歸事阻風,1
13681,不歸事阻風中,1
13682,歸事阻風中酒,1
13683,事阻風中酒過,1
13684,阻風中酒過年,1
13685,風中酒過年年,1
13686,中酒過年年三,1
13687,酒過年年三吳,1
13688,過年年三吳裂,1
13689,年年三吳裂婺,1
13690,年三吳裂婺女,1
13691,三吳裂婺女九,1
13692,吳裂婺女九錫,1
13693,裂婺女九錫獄,1
13694,婺女九錫獄孤,1
13695,女九錫獄孤兒,1
13696,九錫獄孤兒霸,1
13697,錫獄孤兒霸主,1
13698,獄孤兒霸主業,1
13699,孤兒霸主業未,1
13700,兒霸主業未半,1
13701,霸主業未半本,1
13702,主業未半本朝,1
13703,業未半本朝心,1
13704,未半本朝心是,1
13705,半本朝心是誰,1
13706,本朝心是誰永,1
13707,朝心是誰永安,1
13708,心是誰永安宮,1
13709,是誰永安宮受,1
13710,誰永安宮受詔,1
13711,永安宮受詔籌,1
13712,安宮受詔籌筆,1
13713,宮受詔籌筆驛,1
13714,受詔籌筆驛沉,1
13715,詔籌筆驛沉思,1
13716,籌筆驛沉思畫,1
13717,筆驛沉思畫地,1
13718,驛沉思畫地乾,1
13719,沉思畫地乾坤,1
13720,思畫地乾坤在,1
13721,畫地乾坤在濡,1
13722,地乾坤在濡毫,1
13723,乾坤在濡毫勝,1
13724,坤在濡毫勝負,1
13725,在濡毫勝負知,1
13726,濡毫勝負知艱,1
13727,毫勝負知艱難,1
13728,勝負知艱難同,1
13729,負知艱難同草,1
13730,知艱難同草創,1
13731,艱難同草創得,1
13732,難同草創得失,1
13733,同草創得失計,1
13734,草創得失計毫,1
13735,創得失計毫釐,1
13736,得失計毫釐寂,1
13737,失計毫釐寂默,1
13738,計毫釐寂默經,1
13739,毫釐寂默經千,1
13740,釐寂默經千慮,1
13741,寂默經千慮分,1
13742,默經千慮分明,1
13743,經千慮分明渾,1
13744,千慮分明渾一,1
13745,慮分明渾一期,1
13746,分明渾一期川,1
13747,明渾一期川流,1
13748,渾一期川流縈,1
13749,一期川流縈智,1
13750,期川流縈智思,1
13751,川流縈智思山,1
13752,流縈智思山聳,1
13753,縈智思山聳助,1
13754,智思山聳助扶,1
13755,思山聳助扶持,1
13756,山聳助扶持慷,1
13757,聳助扶持慷慨,1
13758,助扶持慷慨匡,1
13759,扶持慷慨匡時,1
13760,持慷慨匡時略,1
13761,慷慨匡時略從,1
13762,慨匡時略從容,1
13763,匡時略從容問,1
13764,時略從容問罪,1
13765,略從容問罪師,1
13766,從容問罪師褒,1
13767,容問罪師褒中,1
13768,問罪師褒中秋,1
13769,罪師褒中秋鼓,1
13770,師褒中秋鼓角,1
13771,褒中秋鼓角渭,1
13772,中秋鼓角渭曲,1
13773,秋鼓角渭曲晚,1
13774,鼓角渭曲晚旌,1
13775,角渭曲晚旌旗,1
13776,渭曲晚旌旗仗,1
13777,曲晚旌旗仗義,1
13778,晚旌旗仗義懸,1
13779,旌旗仗義懸無,1
13780,旗仗義懸無敵,1
13781,仗義懸無敵鳴,1
13782,義懸無敵鳴攻,1
13783,懸無敵鳴攻故,1
13784,無敵鳴攻故有,1
13785,敵鳴攻故有辭,1
13786,鳴攻故有辭若,1
13787,攻故有辭若非,1
13788,故有辭若非天,1
13789,有辭若非天奪,1
13790,辭若非天奪去,1
13791,若非天奪去豈,1
13792,非天奪去豈複,1
13793,天奪去豈複慮,1
13794,奪去豈複慮能,1
13795,去豈複慮能支,1
13796,豈複慮能支子,1
13797,複慮能支子夜,1
13798,慮能支子夜星,1
13799,能支子夜星才,1
13800,支子夜星才落,1
13801,子夜星才落鴻,1
13802,夜星才落鴻毛,1
13803,星才落鴻毛鼎,1
13804,才落鴻毛鼎便,1
13805,落鴻毛鼎便移,1
13806,鴻毛鼎便移郵,1
13807,毛鼎便移郵亭,1
13808,鼎便移郵亭世,1
13809,便移郵亭世自,1
13810,移郵亭世自換,1
13811,郵亭世自換白,1
13812,亭世自換白日,1
13813,世自換白日事,1
13814,自換白日事長,1
13815,換白日事長垂,1
13816,白日事長垂何,1
13817,日事長垂何處,1
13818,事長垂何處躬,1
13819,長垂何處躬耕,1
13820,垂何處躬耕者,1
13821,何處躬耕者猶,1
13822,處躬耕者猶題,1
13823,躬耕者猶題殄,1
13824,耕者猶題殄瘁,1
13825,者猶題殄瘁詩,1
13826,猶題殄瘁詩郵,1
13827,題殄瘁詩郵亭,1
13828,殄瘁詩郵亭寄,1
13829,瘁詩郵亭寄人,1
13830,詩郵亭寄人世,1
13831,郵亭寄人世人,1
13832,亭寄人世人世,1
13833,寄人世人世寄,1
13834,人世人世寄郵,1
13835,世人世寄郵亭,1
13836,人世寄郵亭何,1
13837,世寄郵亭何如,1
13838,寄郵亭何如自,1
13839,郵亭何如自籌,1
13840,亭何如自籌度,1
13841,何如自籌度鴻,1
13842,如自籌度鴻路,1
13843,自籌度鴻路有,1
13844,籌度鴻路有冥,1
13845,度鴻路有冥冥,1
13846,鴻路有冥冥少,1
13847,路有冥冥少微,1
13848,有冥冥少微星,1
13849,冥冥少微星動,1
13850,冥少微星動照,1
13851,少微星動照春,1
13852,微星動照春雲,1
13853,星動照春雲魏,1
13854,動照春雲魏闕,1
13855,照春雲魏闕衡,1
13856,春雲魏闕衡門,1
13857,雲魏闕衡門路,1
13858,魏闕衡門路自,1
13859,闕衡門路自分,1
13860,衡門路自分倏,1
13861,門路自分倏去,1
13862,路自分倏去忽,1
13863,自分倏去忽來,1
13864,分倏去忽來應,1
13865,倏去忽來應有,1
13866,去忽來應有意,1
13867,忽來應有意世,1
13868,來應有意世間,1
13869,應有意世間塵,1
13870,有意世間塵土,1
13871,意世間塵土謾,1
13872,世間塵土謾疑,1
13873,間塵土謾疑君,1
13874,塵土謾疑君調,1
13875,土謾疑君調高,1
13876,謾疑君調高銀,1
13877,疑君調高銀字,1
13878,君調高銀字聲,1
13879,調高銀字聲還,1
13880,高銀字聲還側,1
13881,銀字聲還側物,1
13882,字聲還側物比,1
13883,聲還側物比柯,1
13884,還側物比柯亭,1
13885,側物比柯亭韻,1
13886,物比柯亭韻校,1
13887,比柯亭韻校奇,1
13888,柯亭韻校奇寄,1
13889,亭韻校奇寄與,1
13890,韻校奇寄與玉,1
13891,校奇寄與玉人,1
13892,奇寄與玉人天,1
13893,寄與玉人天上,1
13894,與玉人天上去,1
13895,玉人天上去桓,1
13896,人天上去桓將,1
13897,天上去桓將軍,1
13898,上去桓將軍見,1
13899,去桓將軍見不,1
13900,桓將軍見不教,1
13901,將軍見不教吹,1
13902,軍見不教吹曆,1
13903,見不教吹曆陽,1
13904,不教吹曆陽崔,1
13905,教吹曆陽崔太,1
13906,吹曆陽崔太守,1
13907,曆陽崔太守何,1
13908,陽崔太守何日,1
13909,崔太守何日不,1
13910,太守何日不含,1
13911,守何日不含情,1
13912,何日不含情恩,1
13913,日不含情恩義,1
13914,不含情恩義同,1
13915,含情恩義同鐘,1
13916,情恩義同鐘李,1
13917,恩義同鐘李塤,1
13918,義同鐘李塤篪,1
13919,同鐘李塤篪實,1
13920,鐘李塤篪實弟,1
13921,李塤篪實弟兄,1
13922,塤篪實弟兄光,1
13923,篪實弟兄光塵,1
13924,實弟兄光塵能,1
13925,弟兄光塵能混,1
13926,兄光塵能混合,1
13927,光塵能混合擘,1
13928,塵能混合擘畫,1
13929,能混合擘畫最,1
13930,混合擘畫最分,1
13931,合擘畫最分明,1
13932,擘畫最分明台,1
13933,畫最分明台閣,1
13934,最分明台閣仁,1
13935,分明台閣仁賢,1
13936,明台閣仁賢譽,1
13937,台閣仁賢譽閨,1
13938,閣仁賢譽閨門,1
13939,仁賢譽閨門孝,1
13940,賢譽閨門孝友,1
13941,譽閨門孝友聲,1
13942,閨門孝友聲西,1
13943,門孝友聲西方,1
13944,孝友聲西方像,1
13945,友聲西方像教,1
13946,聲西方像教毀,1
13947,西方像教毀南,1
13948,方像教毀南海,1
13949,像教毀南海繡,1
13950,教毀南海繡衣,1
13951,毀南海繡衣行,1
13952,南海繡衣行金,1
13953,海繡衣行金橐,1
13954,繡衣行金橐寧,1
13955,衣行金橐寧回,1
13956,行金橐寧回顧,1
13957,金橐寧回顧珠,1
13958,橐寧回顧珠簟,1
13959,寧回顧珠簟肯,1
13960,回顧珠簟肯一,1
13961,顧珠簟肯一棖,1
13962,珠簟肯一棖只,1
13963,簟肯一棖只宜,1
13964,肯一棖只宜裁,1
13965,一棖只宜裁密,1
13966,棖只宜裁密詔,1
13967,只宜裁密詔何,1
13968,宜裁密詔何自,1
13969,裁密詔何自取,1
13970,密詔何自取專,1
13971,詔何自取專城,1
13972,何自取專城進,1
13973,自取專城進退,1
13974,取專城進退無,1
13975,專城進退無非,1
13976,城進退無非道,1
13977,進退無非道徊,1
13978,退無非道徊翔,1
13979,無非道徊翔必,1
13980,非道徊翔必有,1
13981,道徊翔必有名,1
13982,徊翔必有名好,1
13983,翔必有名好風,1
13984,必有名好風初,1
13985,有名好風初婉,1
13986,名好風初婉軟,1
13987,好風初婉軟離,1
13988,風初婉軟離思,1
13989,初婉軟離思苦,1
13990,婉軟離思苦縈,1
13991,軟離思苦縈盈,1
13992,離思苦縈盈金,1
13993,思苦縈盈金馬,1
13994,苦縈盈金馬舊,1
13995,縈盈金馬舊遊,1
13996,盈金馬舊遊貴,1
13997,金馬舊遊貴桐,1
13998,馬舊遊貴桐廬,1
13999,舊遊貴桐廬春,1
14000,遊貴桐廬春水,1
14001,貴桐廬春水生,1
14002,桐廬春水生雨,1
14003,廬春水生雨侵,1
14004,春水生雨侵寒,1
14005,水生雨侵寒牖,1
14006,生雨侵寒牖夢,1
14007,雨侵寒牖夢梅,1
14008,侵寒牖夢梅引,1
14009,寒牖夢梅引凍,1
14010,牖夢梅引凍醪,1
14011,夢梅引凍醪傾,1
14012,梅引凍醪傾共,1
14013,引凍醪傾共祝,1
14014,凍醪傾共祝中,1
14015,醪傾共祝中興,1
14016,傾共祝中興主,1
14017,共祝中興主高,1
14018,祝中興主高歌,1
14019,中興主高歌唱,1
14020,興主高歌唱太,1
14021,主高歌唱太平,1
14022,高歌唱太平鏡,1
14023,歌唱太平鏡弄,1
14024,唱太平鏡弄白,1
14025,太平鏡弄白髭,1
14026,平鏡弄白髭須,1
14027,鏡弄白髭須如,1
14028,弄白髭須如何,1
14029,白髭須如何作,1
14030,髭須如何作老,1
14031,須如何作老夫,1
14032,如何作老夫浮,1
14033,何作老夫浮生,1
14034,作老夫浮生長,1
14035,老夫浮生長勿,1
14036,夫浮生長勿勿,1
14037,浮生長勿勿兒,1
14038,生長勿勿兒小,1
14039,長勿勿兒小且,1
14040,勿勿兒小且嗚,1
14041,勿兒小且嗚嗚,1
14042,兒小且嗚嗚忍,1
14043,小且嗚嗚忍過,1
14044,且嗚嗚忍過事,1
14045,嗚嗚忍過事堪,1
14046,嗚忍過事堪喜,1
14047,忍過事堪喜泰,1
14048,過事堪喜泰來,1
14049,事堪喜泰來憂,1
14050,堪喜泰來憂勝,1
14051,喜泰來憂勝無,1
14052,泰來憂勝無治,1
14053,來憂勝無治平,1
14054,憂勝無治平心,1
14055,勝無治平心徑,1
14056,無治平心徑熟,1
14057,治平心徑熟不,1
14058,平心徑熟不遣,1
14059,心徑熟不遣有,1
14060,徑熟不遣有窮,1
14061,熟不遣有窮途,1
14062,不遣有窮途疏,1
14063,遣有窮途疏雨,1
14064,有窮途疏雨洗,1
14065,窮途疏雨洗空,1
14066,途疏雨洗空曠,1
14067,疏雨洗空曠秋,1
14068,雨洗空曠秋標,1
14069,洗空曠秋標驚,1
14070,空曠秋標驚意,1
14071,曠秋標驚意新,1
14072,秋標驚意新大,1
14073,標驚意新大熱,1
14074,驚意新大熱去,1
14075,意新大熱去酷,1
14076,新大熱去酷吏,1
14077,大熱去酷吏清,1
14078,熱去酷吏清風,1
14079,去酷吏清風來,1
14080,酷吏清風來故,1
14081,吏清風來故人,1
14082,清風來故人尊,1
14083,風來故人尊酒,1
14084,來故人尊酒酌,1
14085,故人尊酒酌未,1
14086,人尊酒酌未酌,1
14087,尊酒酌未酌晚,1
14088,酒酌未酌晚花,1
14089,酌未酌晚花嚬,1
14090,未酌晚花嚬不,1
14091,酌晚花嚬不嚬,1
14092,晚花嚬不嚬銖,1
14093,花嚬不嚬銖秤,1
14094,嚬不嚬銖秤與,1
14095,不嚬銖秤與縷,1
14096,嚬銖秤與縷雪,1
14097,銖秤與縷雪誰,1
14098,秤與縷雪誰覺,1
14099,與縷雪誰覺老,1
14100,縷雪誰覺老陳,1
14101,雪誰覺老陳陳,1
14102,誰覺老陳陳熱,1
14103,覺老陳陳熱去,1
14104,老陳陳熱去解,1
14105,陳陳熱去解鉗,1
14106,陳熱去解鉗釱,1
14107,熱去解鉗釱飄,1
14108,去解鉗釱飄蕭,1
14109,解鉗釱飄蕭秋,1
14110,鉗釱飄蕭秋半,1
14111,釱飄蕭秋半時,1
14112,飄蕭秋半時微,1
14113,蕭秋半時微雨,1
14114,秋半時微雨池,1
14115,半時微雨池塘,1
14116,時微雨池塘見,1
14117,微雨池塘見好,1
14118,雨池塘見好風,1
14119,池塘見好風襟,1
14120,塘見好風襟袖,1
14121,見好風襟袖知,1
14122,好風襟袖知發,1
14123,風襟袖知發短,1
14124,襟袖知發短梳,1
14125,袖知發短梳未,1
14126,知發短梳未足,1
14127,發短梳未足枕,1
14128,短梳未足枕涼,1
14129,梳未足枕涼閑,1
14130,未足枕涼閑且,1
14131,足枕涼閑且欹,1
14132,枕涼閑且欹平,1
14133,涼閑且欹平生,1
14134,閑且欹平生分,1
14135,且欹平生分過,1
14136,欹平生分過此,1
14137,平生分過此何,1
14138,生分過此何事,1
14139,分過此何事不,1
14140,過此何事不參,1
14141,此何事不參差,1
14142,何事不參差鏡,1
14143,事不參差鏡中,1
14144,不參差鏡中絲,1
14145,參差鏡中絲發,1
14146,差鏡中絲發悲,1
14147,鏡中絲發悲來,1
14148,中絲發悲來慣,1
14149,絲發悲來慣衣,1
14150,發悲來慣衣上,1
14151,悲來慣衣上塵,1
14152,來慣衣上塵痕,1
14153,慣衣上塵痕拂,1
14154,衣上塵痕拂漸,1
14155,上塵痕拂漸難,1
14156,塵痕拂漸難惆,1
14157,痕拂漸難惆悵,1
14158,拂漸難惆悵江,1
14159,漸難惆悵江湖,1
14160,難惆悵江湖釣,1
14161,惆悵江湖釣竿,1
14162,悵江湖釣竿手,1
14163,江湖釣竿手卻,1
14164,湖釣竿手卻遮,1
14165,釣竿手卻遮西,1
14166,竿手卻遮西日,1
14167,手卻遮西日向,1
14168,卻遮西日向長,1
14169,遮西日向長安,1
14170,西日向長安田,1
14171,日向長安田園,1
14172,向長安田園不,1
14173,長安田園不事,1
14174,安田園不事來,1
14175,田園不事來遊,1
14176,園不事來遊宦,1
14177,不事來遊宦故,1
14178,事來遊宦故國,1
14179,來遊宦故國誰,1
14180,遊宦故國誰教,1
14181,宦故國誰教爾,1
14182,故國誰教爾別,1
14183,國誰教爾別離,1
14184,誰教爾別離獨,1
14185,教爾別離獨倚,1
14186,爾別離獨倚關,1
14187,別離獨倚關亭,1
14188,離獨倚關亭還,1
14189,獨倚關亭還把,1
14190,倚關亭還把酒,1
14191,關亭還把酒一,1
14192,亭還把酒一年,1
14193,還把酒一年春,1
14194,把酒一年春盡,1
14195,酒一年春盡送,1
14196,一年春盡送春,1
14197,年春盡送春詩,1
14198,春盡送春詩三,1
14199,盡送春詩三樹,1
14200,送春詩三樹稚,1
14201,春詩三樹稚桑,1
14202,詩三樹稚桑春,1
14203,三樹稚桑春未,1
14204,樹稚桑春未到,1
14205,稚桑春未到扶,1
14206,桑春未到扶床,1
14207,春未到扶床乳,1
14208,未到扶床乳女,1
14209,到扶床乳女午,1
14210,扶床乳女午啼,1
14211,床乳女午啼饑,1
14212,乳女午啼饑潛,1
14213,女午啼饑潛銷,1
14214,午啼饑潛銷暗,1
14215,啼饑潛銷暗鑠,1
14216,饑潛銷暗鑠歸,1
14217,潛銷暗鑠歸何,1
14218,銷暗鑠歸何處,1
14219,暗鑠歸何處萬,1
14220,鑠歸何處萬指,1
14221,歸何處萬指侯,1
14222,何處萬指侯家,1
14223,處萬指侯家自,1
14224,萬指侯家自不,1
14225,指侯家自不知,1
14226,侯家自不知河,1
14227,家自不知河橋,1
14228,自不知河橋酒,1
14229,不知河橋酒旆,1
14230,知河橋酒旆風,1
14231,河橋酒旆風軟,1
14232,橋酒旆風軟候,1
14233,酒旆風軟候館,1
14234,旆風軟候館梅,1
14235,風軟候館梅花,1
14236,軟候館梅花雪,1
14237,候館梅花雪嬌,1
14238,館梅花雪嬌宛,1
14239,梅花雪嬌宛陵,1
14240,花雪嬌宛陵樓,1
14241,雪嬌宛陵樓上,1
14242,嬌宛陵樓上瞪,1
14243,宛陵樓上瞪目,1
14244,陵樓上瞪目我,1
14245,樓上瞪目我郎,1
14246,上瞪目我郎何,1
14247,瞪目我郎何處,1
14248,目我郎何處情,1
14249,我郎何處情饒,1
14250,郎何處情饒繡,1
14251,何處情饒繡領,1
14252,處情饒繡領任,1
14253,情饒繡領任垂,1
14254,饒繡領任垂蓬,1
14255,繡領任垂蓬髻,1
14256,領任垂蓬髻丁,1
14257,任垂蓬髻丁香,1
14258,垂蓬髻丁香閑,1
14259,蓬髻丁香閑結,1
14260,髻丁香閑結春,1
14261,丁香閑結春梢,1
14262,香閑結春梢剩,1
14263,閑結春梢剩肯,1
14264,結春梢剩肯新,1
14265,春梢剩肯新年,1
14266,梢剩肯新年歸,1
14267,剩肯新年歸否,1
14268,肯新年歸否江,1
14269,新年歸否江南,1
14270,年歸否江南綠,1
14271,歸否江南綠草,1
14272,否江南綠草迢,1
14273,江南綠草迢迢,1
14274,南綠草迢迢娟,1
14275,綠草迢迢娟娟,1
14276,草迢迢娟娟卻,1
14277,迢迢娟娟卻月,1
14278,迢娟娟卻月眉,1
14279,娟娟卻月眉新,1
14280,娟卻月眉新鬢,1
14281,卻月眉新鬢學,1
14282,月眉新鬢學鴉,1
14283,眉新鬢學鴉飛,1
14284,新鬢學鴉飛暗,1
14285,鬢學鴉飛暗砌,1
14286,學鴉飛暗砌勻,1
14287,鴉飛暗砌勻檀,1
14288,飛暗砌勻檀粉,1
14289,暗砌勻檀粉晴,1
14290,砌勻檀粉晴窗,1
14291,勻檀粉晴窗畫,1
14292,檀粉晴窗畫夾,1
14293,粉晴窗畫夾衣,1
14294,晴窗畫夾衣袖,1
14295,窗畫夾衣袖紅,1
14296,畫夾衣袖紅垂,1
14297,夾衣袖紅垂寂,1
14298,衣袖紅垂寂寞,1
14299,袖紅垂寂寞眉,1
14300,紅垂寂寞眉黛,1
14301,垂寂寞眉黛斂,1
14302,寂寞眉黛斂衣,1
14303,寞眉黛斂衣稀,1
14304,眉黛斂衣稀還,1
14305,黛斂衣稀還向,1
14306,斂衣稀還向長,1
14307,衣稀還向長陵,1
14308,稀還向長陵去,1
14309,還向長陵去今,1
14310,向長陵去今宵,1
14311,長陵去今宵歸,1
14312,陵去今宵歸不,1
14313,去今宵歸不歸,1
14314,今宵歸不歸閑,1
14315,宵歸不歸閑吟,1
14316,歸不歸閑吟芍,1
14317,不歸閑吟芍藥,1
14318,歸閑吟芍藥詩,1
14319,閑吟芍藥詩惆,1
14320,吟芍藥詩惆望,1
14321,芍藥詩惆望久,1
14322,藥詩惆望久嚬,1
14323,詩惆望久嚬眉,1
14324,惆望久嚬眉盼,1
14325,望久嚬眉盼眄,1
14326,久嚬眉盼眄回,1
14327,嚬眉盼眄回眸,1
14328,眉盼眄回眸遠,1
14329,盼眄回眸遠纖,1
14330,眄回眸遠纖衫,1
14331,回眸遠纖衫整,1
14332,眸遠纖衫整髻,1
14333,遠纖衫整髻遲,1
14334,纖衫整髻遲重,1
14335,衫整髻遲重尋,1
14336,整髻遲重尋春,1
14337,髻遲重尋春晝,1
14338,遲重尋春晝夢,1
14339,重尋春晝夢笑,1
14340,尋春晝夢笑把,1
14341,春晝夢笑把淺,1
14342,晝夢笑把淺花,1
14343,夢笑把淺花枝,1
14344,笑把淺花枝小,1
14345,把淺花枝小市,1
14346,淺花枝小市長,1
14347,花枝小市長陵,1
14348,枝小市長陵住,1
14349,小市長陵住非,1
14350,市長陵住非郎,1
14351,長陵住非郎誰,1
14352,陵住非郎誰得,1
14353,住非郎誰得知,1
14354,非郎誰得知只,1
14355,郎誰得知只影,1
14356,誰得知只影隨,1
14357,得知只影隨驚,1
14358,知只影隨驚雁,1
14359,只影隨驚雁單,1
14360,影隨驚雁單棲,1
14361,隨驚雁單棲鎖,1
14362,驚雁單棲鎖畫,1
14363,雁單棲鎖畫籠,1
14364,單棲鎖畫籠向,1
14365,棲鎖畫籠向春,1
14366,鎖畫籠向春羅,1
14367,畫籠向春羅袖,1
14368,籠向春羅袖薄,1
14369,向春羅袖薄誰,1
14370,春羅袖薄誰念,1
14371,羅袖薄誰念舞,1
14372,袖薄誰念舞臺,1
14373,薄誰念舞臺風,1
14374,誰念舞臺風徒,1
14375,念舞臺風徒雲,1
14376,舞臺風徒雲逢,1
14377,臺風徒雲逢剪,1
14378,風徒雲逢剪削,1
14379,徒雲逢剪削豈,1
14380,雲逢剪削豈謂,1
14381,逢剪削豈謂見,1
14382,剪削豈謂見偏,1
14383,削豈謂見偏裝,1
14384,豈謂見偏裝鳳,1
14385,謂見偏裝鳳節,1
14386,見偏裝鳳節輕,1
14387,偏裝鳳節輕雕,1
14388,裝鳳節輕雕日,1
14389,鳳節輕雕日鸞,1
14390,節輕雕日鸞花,1
14391,輕雕日鸞花薄,1
14392,雕日鸞花薄飾,1
14393,日鸞花薄飾香,1
14394,鸞花薄飾香問,1
14395,花薄飾香問屏,1
14396,薄飾香問屏何,1
14397,飾香問屏何屈,1
14398,香問屏何屈曲,1
14399,問屏何屈曲憐,1
14400,屏何屈曲憐帳,1
14401,何屈曲憐帳解,1
14402,屈曲憐帳解周,1
14403,曲憐帳解周防,1
14404,憐帳解周防下,1
14405,帳解周防下漬,1
14406,解周防下漬金,1
14407,周防下漬金階,1
14408,防下漬金階露,1
14409,下漬金階露斜,1
14410,漬金階露斜分,1
14411,金階露斜分碧,1
14412,階露斜分碧瓦,1
14413,露斜分碧瓦霜,1
14414,斜分碧瓦霜沉,1
14415,分碧瓦霜沉沉,1
14416,碧瓦霜沉沉伴,1
14417,瓦霜沉沉伴春,1
14418,霜沉沉伴春夢,1
14419,沉沉伴春夢寂,1
14420,沉伴春夢寂寂,1
14421,伴春夢寂寂侍,1
14422,春夢寂寂侍華,1
14423,夢寂寂侍華堂,1
14424,寂寂侍華堂誰,1
14425,寂侍華堂誰見,1
14426,侍華堂誰見昭,1
14427,華堂誰見昭陽,1
14428,堂誰見昭陽殿,1
14429,誰見昭陽殿真,1
14430,見昭陽殿真珠,1
14431,昭陽殿真珠十,1
14432,陽殿真珠十二,1
14433,殿真珠十二行,1
14434,真珠十二行曾,1
14435,珠十二行曾向,1
14436,十二行曾向蓬,1
14437,二行曾向蓬萊,1
14438,行曾向蓬萊宮,1
14439,曾向蓬萊宮裏,1
14440,向蓬萊宮裏行,1
14441,蓬萊宮裏行北,1
14442,萊宮裏行北軒,1
14443,宮裏行北軒闌,1
14444,裏行北軒闌檻,1
14445,行北軒闌檻最,1
14446,北軒闌檻最留,1
14447,軒闌檻最留情,1
14448,闌檻最留情孤,1
14449,檻最留情孤高,1
14450,最留情孤高堪,1
14451,留情孤高堪弄,1
14452,情孤高堪弄桓,1
14453,孤高堪弄桓伊,1
14454,高堪弄桓伊笛,1
14455,堪弄桓伊笛縹,1
14456,弄桓伊笛縹緲,1
14457,桓伊笛縹緲宜,1
14458,伊笛縹緲宜聞,1
14459,笛縹緲宜聞子,1
14460,縹緲宜聞子晉,1
14461,緲宜聞子晉笙,1
14462,宜聞子晉笙天,1
14463,聞子晉笙天接,1
14464,子晉笙天接海,1
14465,晉笙天接海門,1
14466,笙天接海門秋,1
14467,天接海門秋水,1
14468,接海門秋水色,1
14469,海門秋水色煙,1
14470,門秋水色煙籠,1
14471,秋水色煙籠隋,1
14472,水色煙籠隋苑,1
14473,色煙籠隋苑暮,1
14474,煙籠隋苑暮鐘,1
14475,籠隋苑暮鐘聲,1
14476,隋苑暮鐘聲他,1
14477,苑暮鐘聲他年,1
14478,暮鐘聲他年會,1
14479,鐘聲他年會著,1
14480,聲他年會著荷,1
14481,他年會著荷衣,1
14482,年會著荷衣去,1
14483,會著荷衣去不,1
14484,著荷衣去不向,1
14485,荷衣去不向山,1
14486,衣去不向山僧,1
14487,去不向山僧說,1
14488,不向山僧說姓,1
14489,向山僧說姓名,1
14490,山僧說姓名虯,1
14491,僧說姓名虯蟠,1
14492,說姓名虯蟠千,1
14493,姓名虯蟠千仞,1
14494,名虯蟠千仞劇,1
14495,虯蟠千仞劇羊,1
14496,蟠千仞劇羊腸,1
14497,千仞劇羊腸天,1
14498,仞劇羊腸天府,1
14499,劇羊腸天府由,1
14500,羊腸天府由來,1
14501,腸天府由來百,1
14502,天府由來百二,1
14503,府由來百二強,1
14504,由來百二強四,1
14505,來百二強四皓,1
14506,百二強四皓有,1
14507,二強四皓有芝,1
14508,強四皓有芝輕,1
14509,四皓有芝輕漢,1
14510,皓有芝輕漢祖,1
14511,有芝輕漢祖張,1
14512,芝輕漢祖張儀,1
14513,輕漢祖張儀無,1
14514,漢祖張儀無地,1
14515,祖張儀無地與,1
14516,張儀無地與懷,1
14517,儀無地與懷王,1
14518,無地與懷王雲,1
14519,地與懷王雲連,1
14520,與懷王雲連帳,1
14521,懷王雲連帳影,1
14522,王雲連帳影蘿,1
14523,雲連帳影蘿陰,1
14524,連帳影蘿陰合,1
14525,帳影蘿陰合枕,1
14526,影蘿陰合枕繞,1
14527,蘿陰合枕繞泉,1
14528,陰合枕繞泉聲,1
14529,合枕繞泉聲客,1
14530,枕繞泉聲客夢,1
14531,繞泉聲客夢涼,1
14532,泉聲客夢涼深,1
14533,聲客夢涼深處,1
14534,客夢涼深處會,1
14535,夢涼深處會容,1
14536,涼深處會容高,1
14537,深處會容高尚,1
14538,處會容高尚者,1
14539,會容高尚者水,1
14540,容高尚者水苗,1
14541,高尚者水苗三,1
14542,尚者水苗三頃,1
14543,者水苗三頃百,1
14544,水苗三頃百株,1
14545,苗三頃百株桑,1
14546,三頃百株桑翠,1
14547,頃百株桑翠岩,1
14548,百株桑翠岩千,1
14549,株桑翠岩千尺,1
14550,桑翠岩千尺倚,1
14551,翠岩千尺倚溪,1
14552,岩千尺倚溪斜,1
14553,千尺倚溪斜曾,1
14554,尺倚溪斜曾得,1
14555,倚溪斜曾得嚴,1
14556,溪斜曾得嚴光,1
14557,斜曾得嚴光作,1
14558,曾得嚴光作釣,1
14559,得嚴光作釣家,1
14560,嚴光作釣家越,1
14561,光作釣家越嶂,1
14562,作釣家越嶂遠,1
14563,釣家越嶂遠分,1
14564,家越嶂遠分丁,1
14565,越嶂遠分丁字,1
14566,嶂遠分丁字水,1
14567,遠分丁字水臘,1
14568,分丁字水臘梅,1
14569,丁字水臘梅遲,1
14570,字水臘梅遲見,1
14571,水臘梅遲見二,1
14572,臘梅遲見二年,1
14573,梅遲見二年花,1
14574,遲見二年花明,1
14575,見二年花明時,1
14576,二年花明時刀,1
14577,年花明時刀尺,1
14578,花明時刀尺君,1
14579,明時刀尺君須,1
14580,時刀尺君須用,1
14581,刀尺君須用幽,1
14582,尺君須用幽處,1
14583,君須用幽處田,1
14584,須用幽處田園,1
14585,用幽處田園我,1
14586,幽處田園我有,1
14587,處田園我有涯,1
14588,田園我有涯一,1
14589,園我有涯一壑,1
14590,我有涯一壑風,1
14591,有涯一壑風煙,1
14592,涯一壑風煙陽,1
14593,一壑風煙陽羨,1
14594,壑風煙陽羨裏,1
14595,風煙陽羨裏解,1
14596,煙陽羨裏解龜,1
14597,陽羨裏解龜休,1
14598,羨裏解龜休去,1
14599,裏解龜休去路,1
14600,解龜休去路非,1
14601,龜休去路非賒,1
14602,休去路非賒楚,1
14603,去路非賒楚江,1
14604,路非賒楚江寒,1
14605,非賒楚江寒食,1
14606,賒楚江寒食橘,1
14607,楚江寒食橘花,1
14608,江寒食橘花時,1
14609,寒食橘花時野,1
14610,食橘花時野渡,1
14611,橘花時野渡臨,1
14612,花時野渡臨風,1
14613,時野渡臨風駐,1
14614,野渡臨風駐彩,1
14615,渡臨風駐彩旗,1
14616,臨風駐彩旗草,1
14617,風駐彩旗草色,1
14618,駐彩旗草色連,1
14619,彩旗草色連雲,1
14620,旗草色連雲人,1
14621,草色連雲人去,1
14622,色連雲人去住,1
14623,連雲人去住水,1
14624,雲人去住水紋,1
14625,人去住水紋如,1
14626,去住水紋如縠,1
14627,住水紋如縠燕,1
14628,水紋如縠燕差,1
14629,紋如縠燕差池,1
14630,如縠燕差池彎,1
14631,縠燕差池彎弓,1
14632,燕差池彎弓征,1
14633,差池彎弓征戰,1
14634,池彎弓征戰作,1
14635,彎弓征戰作男,1
14636,弓征戰作男兒,1
14637,征戰作男兒夢,1
14638,戰作男兒夢裏,1
14639,作男兒夢裏曾,1
14640,男兒夢裏曾經,1
14641,兒夢裏曾經與,1
14642,夢裏曾經與畫,1
14643,裏曾經與畫眉,1
14644,曾經與畫眉幾,1
14645,經與畫眉幾度,1
14646,與畫眉幾度思,1
14647,畫眉幾度思歸,1
14648,眉幾度思歸還,1
14649,幾度思歸還把,1
14650,度思歸還把酒,1
14651,思歸還把酒拂,1
14652,歸還把酒拂雲,1
14653,還把酒拂雲堆,1
14654,把酒拂雲堆上,1
14655,酒拂雲堆上祝,1
14656,拂雲堆上祝明,1
14657,雲堆上祝明妃,1
14658,堆上祝明妃早,1
14659,上祝明妃早入,1
14660,祝明妃早入商,1
14661,明妃早入商山,1
14662,妃早入商山百,1
14663,早入商山百里,1
14664,入商山百里雲,1
14665,商山百里雲藍,1
14666,山百里雲藍溪,1
14667,百里雲藍溪橋,1
14668,里雲藍溪橋下,1
14669,雲藍溪橋下水,1
14670,藍溪橋下水聲,1
14671,溪橋下水聲分,1
14672,橋下水聲分流,1
14673,下水聲分流水,1
14674,水聲分流水舊,1
14675,聲分流水舊聲,1
14676,分流水舊聲人,1
14677,流水舊聲人舊,1
14678,水舊聲人舊耳,1
14679,舊聲人舊耳此,1
14680,聲人舊耳此回,1
14681,人舊耳此回嗚,1
14682,舊耳此回嗚咽,1
14683,耳此回嗚咽不,1
14684,此回嗚咽不堪,1
14685,回嗚咽不堪聞,1
14686,嗚咽不堪聞甘,1
14687,咽不堪聞甘羅,1
14688,不堪聞甘羅昔,1
14689,堪聞甘羅昔作,1
14690,聞甘羅昔作秦,1
14691,甘羅昔作秦丞,1
14692,羅昔作秦丞相,1
14693,昔作秦丞相子,1
14694,作秦丞相子政,1
14695,秦丞相子政曾,1
14696,丞相子政曾為,1
14697,相子政曾為漢,1
14698,子政曾為漢輦,1
14699,政曾為漢輦郎,1
14700,曾為漢輦郎千,1
14701,為漢輦郎千載,1
14702,漢輦郎千載更,1
14703,輦郎千載更逢,1
14704,郎千載更逢王,1
14705,千載更逢王侍,1
14706,載更逢王侍讀,1
14707,更逢王侍讀當,1
14708,逢王侍讀當時,1
14709,王侍讀當時還,1
14710,侍讀當時還道,1
14711,讀當時還道有,1
14712,當時還道有文,1
14713,時還道有文章,1
14714,還道有文章春,1
14715,道有文章春瀨,1
14716,有文章春瀨與,1
14717,文章春瀨與煙,1
14718,章春瀨與煙遠,1
14719,春瀨與煙遠送,1
14720,瀨與煙遠送君,1
14721,與煙遠送君孤,1
14722,煙遠送君孤棹,1
14723,遠送君孤棹開,1
14724,送君孤棹開潺,1
14725,君孤棹開潺湲,1
14726,孤棹開潺湲如,1
14727,棹開潺湲如不,1
14728,開潺湲如不改,1
14729,潺湲如不改愁,1
14730,湲如不改愁更,1
14731,如不改愁更釣,1
14732,不改愁更釣魚,1
14733,改愁更釣魚來,1
14734,愁更釣魚來金,1
14735,更釣魚來金鑷,1
14736,釣魚來金鑷洗,1
14737,魚來金鑷洗霜,1
14738,來金鑷洗霜鬢,1
14739,金鑷洗霜鬢銀,1
14740,鑷洗霜鬢銀觥,1
14741,洗霜鬢銀觥敵,1
14742,霜鬢銀觥敵露,1
14743,鬢銀觥敵露桃,1
14744,銀觥敵露桃醉,1
14745,觥敵露桃醉頭,1
14746,敵露桃醉頭扶,1
14747,露桃醉頭扶不,1
14748,桃醉頭扶不起,1
14749,醉頭扶不起三,1
14750,頭扶不起三丈,1
14751,扶不起三丈日,1
14752,不起三丈日還,1
14753,起三丈日還高,1
14754,三丈日還高呂,1
14755,丈日還高呂氏,1
14756,日還高呂氏強,1
14757,還高呂氏強梁,1
14758,高呂氏強梁嗣,1
14759,呂氏強梁嗣子,1
14760,氏強梁嗣子柔,1
14761,強梁嗣子柔我,1
14762,梁嗣子柔我於,1
14763,嗣子柔我於天,1
14764,子柔我於天性,1
14765,柔我於天性豈,1
14766,我於天性豈恩,1
14767,於天性豈恩讎,1
14768,天性豈恩讎南,1
14769,性豈恩讎南軍,1
14770,豈恩讎南軍不,1
14771,恩讎南軍不袒,1
14772,讎南軍不袒左,1
14773,南軍不袒左邊,1
14774,軍不袒左邊袖,1
14775,不袒左邊袖四,1
14776,袒左邊袖四老,1
14777,左邊袖四老安,1
14778,邊袖四老安劉,1
14779,袖四老安劉是,1
14780,四老安劉是滅,1
14781,老安劉是滅劉,1
14782,安劉是滅劉無,1
14783,劉是滅劉無媒,1
14784,是滅劉無媒徑,1
14785,滅劉無媒徑路,1
14786,劉無媒徑路草,1
14787,無媒徑路草蕭,1
14788,媒徑路草蕭蕭,1
14789,徑路草蕭蕭自,1
14790,路草蕭蕭自古,1
14791,草蕭蕭自古雲,1
14792,蕭蕭自古雲林,1
14793,蕭自古雲林遠,1
14794,自古雲林遠市,1
14795,古雲林遠市朝,1
14796,雲林遠市朝公,1
14797,林遠市朝公道,1
14798,遠市朝公道世,1
14799,市朝公道世間,1
14800,朝公道世間唯,1
14801,公道世間唯白,1
14802,道世間唯白髮,1
14803,世間唯白髮貴,1
14804,間唯白髮貴人,1
14805,唯白髮貴人頭,1
14806,白髮貴人頭上,1
14807,髮貴人頭上不,1
14808,貴人頭上不曾,1
14809,人頭上不曾饒,1
14810,頭上不曾饒好,1
14811,上不曾饒好鳥,1
14812,不曾饒好鳥疑,1
14813,曾饒好鳥疑敲,1
14814,饒好鳥疑敲磬,1
14815,好鳥疑敲磬風,1
14816,鳥疑敲磬風蟬,1
14817,疑敲磬風蟬認,1
14818,敲磬風蟬認軋,1
14819,磬風蟬認軋箏,1
14820,風蟬認軋箏修,1
14821,蟬認軋箏修篁,1
14822,認軋箏修篁與,1
14823,軋箏修篁與嘉,1
14824,箏修篁與嘉樹,1
14825,修篁與嘉樹偏,1
14826,篁與嘉樹偏倚,1
14827,與嘉樹偏倚半,1
14828,嘉樹偏倚半岩,1
14829,樹偏倚半岩生,1
14830,偏倚半岩生蒼,1
14831,倚半岩生蒼蒼,1
14832,半岩生蒼蒼煙,1
14833,岩生蒼蒼煙月,1
14834,生蒼蒼煙月滿,1
14835,蒼蒼煙月滿川,1
14836,蒼煙月滿川亭,1
14837,煙月滿川亭我,1
14838,月滿川亭我有,1
14839,滿川亭我有勞,1
14840,川亭我有勞歌,1
14841,亭我有勞歌一,1
14842,我有勞歌一為,1
14843,有勞歌一為聽,1
14844,勞歌一為聽將,1
14845,歌一為聽將取,1
14846,一為聽將取離,1
14847,為聽將取離魂,1
14848,聽將取離魂隨,1
14849,將取離魂隨白,1
14850,取離魂隨白騎,1
14851,離魂隨白騎三,1
14852,魂隨白騎三台,1
14853,隨白騎三台星,1
14854,白騎三台星裏,1
14855,騎三台星裏拜,1
14856,三台星裏拜文,1
14857,台星裏拜文星,1
14858,星裏拜文星娉,1
14859,裏拜文星娉娉,1
14860,拜文星娉娉褭,1
14861,文星娉娉褭褭,1
14862,星娉娉褭褭十,1
14863,娉娉褭褭十三,1
14864,娉褭褭十三餘,1
14865,褭褭十三餘豆,1
14866,褭十三餘豆蔻,1
14867,十三餘豆蔻梢,1
14868,三餘豆蔻梢頭,1
14869,餘豆蔻梢頭二,1
14870,豆蔻梢頭二月,1
14871,蔻梢頭二月初,1
14872,梢頭二月初春,1
14873,頭二月初春風,1
14874,二月初春風十,1
14875,月初春風十裏,1
14876,初春風十裏揚,1
14877,春風十裏揚州,1
14878,風十裏揚州路,1
14879,十裏揚州路卷,1
14880,裏揚州路卷上,1
14881,揚州路卷上珠,1
14882,州路卷上珠簾,1
14883,路卷上珠簾總,1
14884,卷上珠簾總不,1
14885,上珠簾總不如,1
14886,珠簾總不如多,1
14887,簾總不如多情,1
14888,總不如多情卻,1
14889,不如多情卻似,1
14890,如多情卻似總,1
14891,多情卻似總無,1
14892,情卻似總無情,1
14893,卻似總無情唯,1
14894,似總無情唯覺,1
14895,總無情唯覺尊,1
14896,無情唯覺尊前,1
14897,情唯覺尊前笑,1
14898,唯覺尊前笑不,1
14899,覺尊前笑不成,1
14900,尊前笑不成蠟,1
14901,前笑不成蠟燭,1
14902,笑不成蠟燭有,1
14903,不成蠟燭有心,1
14904,成蠟燭有心還,1
14905,蠟燭有心還惜,1
14906,燭有心還惜別,1
14907,有心還惜別替,1
14908,心還惜別替人,1
14909,還惜別替人垂,1
14910,惜別替人垂淚,1
14911,別替人垂淚到,1
14912,替人垂淚到天,1
14913,人垂淚到天明,1
14914,垂淚到天明前,1
14915,淚到天明前山,1
14916,到天明前山極,1
14917,天明前山極遠,1
14918,明前山極遠碧,1
14919,前山極遠碧雲,1
14920,山極遠碧雲合,1
14921,極遠碧雲合清,1
14922,遠碧雲合清夜,1
14923,碧雲合清夜一,1
14924,雲合清夜一聲,1
14925,合清夜一聲白,1
14926,清夜一聲白雪,1
14927,夜一聲白雪微,1
14928,一聲白雪微欲,1
14929,聲白雪微欲寄,1
14930,白雪微欲寄相,1
14931,雪微欲寄相思,1
14932,微欲寄相思千,1
14933,欲寄相思千里,1
14934,寄相思千里月,1
14935,相思千里月溪,1
14936,思千里月溪邊,1
14937,千里月溪邊殘,1
14938,里月溪邊殘照,1
14939,月溪邊殘照雨,1
14940,溪邊殘照雨霏,1
14941,邊殘照雨霏霏,1
14942,殘照雨霏霏官,1
14943,照雨霏霏官為,1
14944,雨霏霏官為駿,1
14945,霏霏官為駿馬,1
14946,霏官為駿馬監,1
14947,留醉蘇辛曲讓,1
14948,醉蘇辛曲讓岐,1
14949,蘇辛曲讓岐豪,1
14950,辛曲讓岐豪持,1
14951,曲讓岐豪持出,1
14952,讓岐豪持出塞,1
14953,公卿拜夀卮鑿,1
14954,卿拜夀卮鑿破,1
14955,拜夀卮鑿破蒼,1
14956,夀卮鑿破蒼苔,1
14957,卮鑿破蒼苔地,1
14958,鑿破蒼苔地偷,1
14959,破蒼苔地偷他,1
14960,蒼苔地偷他一,1
14961,苔地偷他一片,1
14962,地偷他一片天,1
14963,偷他一片天白,1
14964,他一片天白雲,1
14965,一片天白雲生,1
14966,片天白雲生鏡,1
14967,天白雲生鏡裏,1
14968,白雲生鏡裏明,1
14969,雲生鏡裏明月,1
14970,生鏡裏明月落,1
14971,鏡裏明月落階,1
14972,裏明月落階前,1
14973,明月落階前雲,1
14974,月落階前雲闊,1
14975,落階前雲闊煙,1
14976,階前雲闊煙深,1
14977,前雲闊煙深樹,1
14978,雲闊煙深樹江,1
14979,闊煙深樹江澄,1
14980,煙深樹江澄水,1
14981,深樹江澄水浴,1
14982,樹江澄水浴秋,1
14983,江澄水浴秋美,1
14984,澄水浴秋美人,1
14985,水浴秋美人何,1
14986,浴秋美人何處,1
14987,秋美人何處在,1
14988,美人何處在明,1
14989,人何處在明月,1
14990,何處在明月萬,1
14991,處在明月萬山,1
14992,在明月萬山頭,1
14993,明月萬山頭共,1
14994,月萬山頭共惜,1
14995,萬山頭共惜流,1
14996,山頭共惜流年,1
14997,頭共惜流年留,1
14998,共惜流年留不,1
14999,惜流年留不得,1
15000,流年留不得且,1
15001,年留不得且環,1
15002,留不得且環流,1
15003,不得且環流水,1
15004,得且環流水醉,1
15005,且環流水醉流,1
15006,環流水醉流杯,1
15007,流水醉流杯無,1
15008,水醉流杯無情,1
15009,醉流杯無情紅,1
15010,流杯無情紅豔,1
15011,杯無情紅豔年,1
15012,無情紅豔年年,1
15013,情紅豔年年盛,1
15014,紅豔年年盛不,1
15015,豔年年盛不恨,1
15016,年年盛不恨凋,1
15017,年盛不恨凋零,1
15018,盛不恨凋零卻,1
15019,不恨凋零卻恨,1
15020,恨凋零卻恨開,1
15021,凋零卻恨開細,1
15022,零卻恨開細柳,1
15023,卻恨開細柳橋,1
15024,恨開細柳橋邊,1
15025,開細柳橋邊深,1
15026,細柳橋邊深半,1
15027,柳橋邊深半春,1
15028,橋邊深半春纈,1
15029,邊深半春纈衣,1
15030,深半春纈衣簾,1
15031,半春纈衣簾裏,1
15032,春纈衣簾裏動,1
15033,纈衣簾裏動香,1
15034,衣簾裏動香塵,1
15035,簾裏動香塵無,1
15036,裏動香塵無端,1
15037,動香塵無端有,1
15038,香塵無端有寄,1
15039,塵無端有寄閑,1
15040,無端有寄閑消,1
15041,端有寄閑消息,1
15042,有寄閑消息背,1
15043,寄閑消息背插,1
15044,閑消息背插金,1
15045,消息背插金釵,1
15046,息背插金釵笑,1
15047,背插金釵笑向,1
15048,插金釵笑向人,1
15049,金釵笑向人煙,1
15050,釵笑向人煙水,1
15051,笑向人煙水本,1
15052,向人煙水本好,1
15053,人煙水本好尚,1
15054,煙水本好尚親,1
15055,水本好尚親交,1
15056,本好尚親交何,1
15057,好尚親交何慘,1
15058,尚親交何慘淒,1
15059,親交何慘淒況,1
15060,交何慘淒況為,1
15061,何慘淒況為珠,1
15062,慘淒況為珠履,1
15063,淒況為珠履客,1
15064,況為珠履客即,1
15065,為珠履客即泊,1
15066,珠履客即泊錦,1
15067,履客即泊錦帆,1
15068,客即泊錦帆堤,1
15069,即泊錦帆堤沙,1
15070,泊錦帆堤沙雁,1
15071,錦帆堤沙雁同,1
15072,帆堤沙雁同船,1
15073,堤沙雁同船去,1
15074,沙雁同船去田,1
15075,雁同船去田鴉,1
15076,同船去田鴉繞,1
15077,船去田鴉繞岸,1
15078,去田鴉繞岸啼,1
15079,田鴉繞岸啼此,1
15080,鴉繞岸啼此時,1
15081,繞岸啼此時還,1
15082,岸啼此時還有,1
15083,啼此時還有味,1
15084,此時還有味必,1
15085,時還有味必臥,1
15086,還有味必臥日,1
15087,有味必臥日從,1
15088,味必臥日從西,1
15089,必臥日從西河,1
15090,臥日從西河岸,1
15091,日從西河岸微,1
15092,從西河岸微退,1
15093,西河岸微退落,1
15094,河岸微退落柳,1
15095,岸微退落柳影,1
15096,微退落柳影微,1
15097,退落柳影微凋,1
15098,落柳影微凋疏,1
15099,柳影微凋疏船,1
15100,影微凋疏船上,1
15101,微凋疏船上聽,1
15102,凋疏船上聽呼,1
15103,疏船上聽呼稚,1
15104,船上聽呼稚堤,1
15105,上聽呼稚堤南,1
15106,聽呼稚堤南趁,1
15107,呼稚堤南趁漉,1
15108,稚堤南趁漉魚,1
15109,堤南趁漉魚數,1
15110,南趁漉魚數帆,1
15111,趁漉魚數帆旗,1
15112,漉魚數帆旗去,1
15113,魚數帆旗去疾,1
15114,數帆旗去疾一,1
15115,帆旗去疾一艇,1
15116,旗去疾一艇箭,1
15117,去疾一艇箭回,1
15118,疾一艇箭回初,1
15119,一艇箭回初曾,1
15120,艇箭回初曾入,1
15121,箭回初曾入相,1
15122,回初曾入相思,1
15123,初曾入相思夢,1
15124,曾入相思夢因,1
15125,入相思夢因憑,1
15126,相思夢因憑附,1
15127,思夢因憑附遠,1
15128,夢因憑附遠書,1
15129,因憑附遠書梁,1
15130,憑附遠書梁園,1
15131,附遠書梁園縱,1
15132,遠書梁園縱玩,1
15133,書梁園縱玩歸,1
15134,梁園縱玩歸應,1
15135,園縱玩歸應少,1
15136,縱玩歸應少賦,1
15137,玩歸應少賦雪,1
15138,歸應少賦雪搜,1
15139,應少賦雪搜才,1
15140,少賦雪搜才去,1
15141,賦雪搜才去必,1
15142,雪搜才去必頻,1
15143,搜才去必頻板,1
15144,才去必頻板落,1
15145,去必頻板落豈,1
15146,必頻板落豈緣,1
15147,頻板落豈緣無,1
15148,板落豈緣無罰,1
15149,落豈緣無罰酒,1
15150,豈緣無罰酒不,1
15151,緣無罰酒不教,1
15152,無罰酒不教客,1
15153,罰酒不教客右,1
15154,酒不教客右更,1
15155,不教客右更添,1
15156,教客右更添人,1
15157,客右更添人晴,1
15158,右更添人晴日,1
15159,更添人晴日登,1
15160,添人晴日登攀,1
15161,人晴日登攀好,1
15162,晴日登攀好危,1
15163,日登攀好危樓,1
15164,登攀好危樓物,1
15165,攀好危樓物象,1
15166,好危樓物象饒,1
15167,危樓物象饒一,1
15168,樓物象饒一溪,1
15169,物象饒一溪通,1
15170,象饒一溪通四,1
15171,饒一溪通四境,1
15172,一溪通四境萬,1
15173,溪通四境萬岫,1
15174,通四境萬岫饒,1
15175,四境萬岫饒層,1
15176,境萬岫饒層霄,1
15177,萬岫饒層霄鳥,1
15178,岫饒層霄鳥翼,1
15179,饒層霄鳥翼舒,1
15180,層霄鳥翼舒華,1
15181,霄鳥翼舒華屋,1
15182,鳥翼舒華屋魚,1
15183,翼舒華屋魚鱗,1
15184,舒華屋魚鱗棹,1
15185,華屋魚鱗棹短,1
15186,屋魚鱗棹短橈,1
15187,魚鱗棹短橈浪,1
15188,鱗棹短橈浪花,1
15189,棹短橈浪花機,1
15190,短橈浪花機乍,1
15191,橈浪花機乍織,1
15192,浪花機乍織雲,1
15193,花機乍織雲葉,1
15194,機乍織雲葉匠,1
15195,乍織雲葉匠新,1
15196,織雲葉匠新雕,1
15197,雲葉匠新雕台,1
15198,葉匠新雕台榭,1
15199,匠新雕台榭羅,1
15200,新雕台榭羅嘉,1
15201,雕台榭羅嘉卉,1
15202,台榭羅嘉卉城,1
15203,榭羅嘉卉城池,1
15204,羅嘉卉城池敞,1
15205,嘉卉城池敞麗,1
15206,卉城池敞麗譙,1
15207,城池敞麗譙蟾,1
15208,池敞麗譙蟾蜍,1
15209,敞麗譙蟾蜍來,1
15210,麗譙蟾蜍來作,1
15211,譙蟾蜍來作鑒,1
15212,蟾蜍來作鑒螮,1
15213,蜍來作鑒螮蝀,1
15214,來作鑒螮蝀引,1
15215,作鑒螮蝀引成,1
15216,鑒螮蝀引成橋,1
15217,螮蝀引成橋燕,1
15218,蝀引成橋燕任,1
15219,引成橋燕任隨,1
15220,成橋燕任隨秋,1
15221,橋燕任隨秋葉,1
15222,燕任隨秋葉人,1
15223,任隨秋葉人空,1
15224,隨秋葉人空集,1
15225,秋葉人空集早,1
15226,葉人空集早潮,1
15227,人空集早潮楚,1
15228,空集早潮楚鴻,1
15229,集早潮楚鴻行,1
15230,早潮楚鴻行盡,1
15231,潮楚鴻行盡直,1
15232,楚鴻行盡直沙,1
15233,鴻行盡直沙鷺,1
15234,行盡直沙鷺立,1
15235,盡直沙鷺立偏,1
15236,直沙鷺立偏翹,1
15237,沙鷺立偏翹暮,1
15238,鷺立偏翹暮角,1
15239,立偏翹暮角淒,1
15240,偏翹暮角淒遊,1
15241,翹暮角淒遊旅,1
15242,暮角淒遊旅清,1
15243,角淒遊旅清歌,1
15244,淒遊旅清歌慘,1
15245,遊旅清歌慘泬,1
15246,旅清歌慘泬寥,1
15247,清歌慘泬寥景,1
15248,歌慘泬寥景牽,1
15249,慘泬寥景牽遊,1
15250,泬寥景牽遊目,1
15251,寥景牽遊目困,1
15252,景牽遊目困愁,1
15253,牽遊目困愁托,1
15254,遊目困愁托酒,1
15255,目困愁托酒腸,1
15256,困愁托酒腸銷,1
15257,愁托酒腸銷遠,1
15258,托酒腸銷遠吹,1
15259,酒腸銷遠吹流,1
15260,腸銷遠吹流松,1
15261,銷遠吹流松韻,1
15262,遠吹流松韻殘,1
15263,吹流松韻殘陽,1
15264,流松韻殘陽渡,1
15265,松韻殘陽渡柳,1
15266,韻殘陽渡柳橋,1
15267,殘陽渡柳橋時,1
15268,陽渡柳橋時陪,1
15269,渡柳橋時陪庾,1
15270,柳橋時陪庾公,1
15271,橋時陪庾公賞,1
15272,時陪庾公賞還,1
15273,陪庾公賞還悟,1
15274,庾公賞還悟脫,1
15275,公賞還悟脫煩,1
15276,賞還悟脫煩囂,1
15277,還悟脫煩囂惟,1
15278,悟脫煩囂惟帝,1
15279,脫煩囂惟帝憂,1
15280,煩囂惟帝憂南,1
15281,囂惟帝憂南紀,1
15282,惟帝憂南紀搜,1
15283,帝憂南紀搜賢,1
15284,憂南紀搜賢與,1
15285,南紀搜賢與大,1
15286,紀搜賢與大藩,1
15287,搜賢與大藩梅,1
15288,賢與大藩梅仙,1
15289,與大藩梅仙調,1
15290,大藩梅仙調步,1
15291,藩梅仙調步驟,1
15292,梅仙調步驟庾,1
15293,仙調步驟庾亮,1
15294,調步驟庾亮拂,1
15295,步驟庾亮拂櫜,1
15296,驟庾亮拂櫜鞬,1
15297,庾亮拂櫜鞬一,1
15298,亮拂櫜鞬一室,1
15299,拂櫜鞬一室何,1
15300,櫜鞬一室何勞,1
15301,鞬一室何勞掃,1
15302,一室何勞掃三,1
15303,室何勞掃三章,1
15304,何勞掃三章自,1
15305,勞掃三章自不,1
15306,掃三章自不冤,1
15307,三章自不冤精,1
15308,章自不冤精明,1
15309,自不冤精明如,1
15310,不冤精明如定,1
15311,冤精明如定國,1
15312,精明如定國孤,1
15313,明如定國孤峻,1
15314,如定國孤峻似,1
15315,定國孤峻似陳,1
15316,國孤峻似陳蕃,1
15317,孤峻似陳蕃灞,1
15318,峻似陳蕃灞岸,1
15319,似陳蕃灞岸秋,1
15320,陳蕃灞岸秋猶,1
15321,蕃灞岸秋猶嫩,1
15322,灞岸秋猶嫩藍,1
15323,岸秋猶嫩藍橋,1
15324,秋猶嫩藍橋水,1
15325,猶嫩藍橋水始,1
15326,嫩藍橋水始喧,1
15327,藍橋水始喧紅,1
15328,橋水始喧紅旓,1
15329,水始喧紅旓掛,1
15330,始喧紅旓掛石,1
15331,喧紅旓掛石壁,1
15332,紅旓掛石壁黑,1
15333,旓掛石壁黑槊,1
15334,掛石壁黑槊斷,1
15335,石壁黑槊斷雲,1
15336,壁黑槊斷雲根,1
15337,黑槊斷雲根滕,1
15338,槊斷雲根滕閣,1
15339,斷雲根滕閣丹,1
15340,雲根滕閣丹霄,1
15341,根滕閣丹霄倚,1
15342,滕閣丹霄倚章,1
15343,閣丹霄倚章江,1
15344,丹霄倚章江碧,1
15345,霄倚章江碧玉,1
15346,倚章江碧玉奔,1
15347,章江碧玉奔一,1
15348,江碧玉奔一聲,1
15349,碧玉奔一聲仙,1
15350,玉奔一聲仙妓,1
15351,奔一聲仙妓唱,1
15352,一聲仙妓唱千,1
15353,聲仙妓唱千里,1
15354,仙妓唱千里暮,1
15355,妓唱千里暮江,1
15356,唱千里暮江痕,1
15357,千里暮江痕私,1
15358,里暮江痕私好,1
15359,暮江痕私好初,1
15360,江痕私好初童,1
15361,痕私好初童稚,1
15362,私好初童稚官,1
15363,好初童稚官榮,1
15364,初童稚官榮見,1
15365,童稚官榮見子,1
15366,稚官榮見子孫,1
15367,官榮見子孫流,1
15368,榮見子孫流年,1
15369,見子孫流年休,1
15370,子孫流年休掛,1
15371,孫流年休掛念,1
15372,流年休掛念萬,1
15373,年休掛念萬事,1
15374,休掛念萬事至,1
15375,掛念萬事至無,1
15376,念萬事至無言,1
15377,萬事至無言玉,1
15378,事至無言玉輦,1
15379,至無言玉輦君,1
15380,無言玉輦君頻,1
15381,言玉輦君頻過,1
15382,玉輦君頻過馮,1
15383,輦君頻過馮唐,1
15384,君頻過馮唐將,1
15385,頻過馮唐將未,1
15386,過馮唐將未論,1
15387,馮唐將未論庸,1
15388,唐將未論庸書,1
15389,將未論庸書酬,1
15390,未論庸書酬萬,1
15391,論庸書酬萬債,1
15392,庸書酬萬債竹,1
15393,書酬萬債竹塢,1
15394,酬萬債竹塢問,1
15395,萬債竹塢問樊,1
15396,債竹塢問樊村,1
15397,竹塢問樊村檣,1
15398,塢問樊村檣似,1
15399,問樊村檣似鄧,1
15400,樊村檣似鄧林,1
15401,村檣似鄧林江,1
15402,檣似鄧林江拍,1
15403,似鄧林江拍天,1
15404,鄧林江拍天越,1
15405,林江拍天越香,1
15406,江拍天越香巴,1
15407,拍天越香巴錦,1
15408,天越香巴錦萬,1
15409,越香巴錦萬千,1
15410,香巴錦萬千千,1
15411,巴錦萬千千滕,1
15412,錦萬千千滕王,1
15413,萬千千滕王閣,1
15414,千千滕王閣上,1
15415,千滕王閣上柘,1
15416,滕王閣上柘枝,1
15417,王閣上柘枝鼓,1
15418,閣上柘枝鼓徐,1
15419,上柘枝鼓徐孺,1
15420,柘枝鼓徐孺亭,1
15421,枝鼓徐孺亭西,1
15422,鼓徐孺亭西鐵,1
15423,徐孺亭西鐵軸,1
15424,孺亭西鐵軸船,1
15425,亭西鐵軸船八,1
15426,西鐵軸船八部,1
15427,鐵軸船八部元,1
15428,軸船八部元侯,1
15429,船八部元侯非,1
15430,八部元侯非不,1
15431,部元侯非不貴,1
15432,元侯非不貴萬,1
15433,侯非不貴萬人,1
15434,非不貴萬人師,1
15435,不貴萬人師長,1
15436,貴萬人師長豈,1
15437,萬人師長豈無,1
15438,人師長豈無權,1
15439,師長豈無權要,1
15440,長豈無權要君,1
15441,豈無權要君嚴,1
15442,無權要君嚴重,1
15443,權要君嚴重疏,1
15444,要君嚴重疏歡,1
15445,君嚴重疏歡樂,1
15446,嚴重疏歡樂猶,1
15447,重疏歡樂猶有,1
15448,疏歡樂猶有河,1
15449,歡樂猶有河湟,1
15450,樂猶有河湟可,1
15451,猶有河湟可下,1
15452,有河湟可下鞭,1
15453,河湟可下鞭新,1
15454,湟可下鞭新果,1
15455,可下鞭新果真,1
15456,下鞭新果真瓊,1
15457,鞭新果真瓊液,1
15458,新果真瓊液人,1
15459,果真瓊液人應,1
15460,真瓊液人應宴,1
15461,瓊液人應宴紫,1
15462,液人應宴紫蘭,1
15463,人應宴紫蘭圓,1
15464,應宴紫蘭圓疑,1
15465,宴紫蘭圓疑竊,1
15466,紫蘭圓疑竊龍,1
15467,蘭圓疑竊龍頷,1
15468,圓疑竊龍頷色,1
15469,疑竊龍頷色已,1
15470,竊龍頷色已奪,1
15471,龍頷色已奪雞,1
15472,頷色已奪雞冠,1
15473,色已奪雞冠遠,1
15474,已奪雞冠遠火,1
15475,奪雞冠遠火微,1
15476,雞冠遠火微微,1
15477,冠遠火微微辨,1
15478,遠火微微辨繁,1
15479,火微微辨繁星,1
15480,微微辨繁星歷,1
15481,微辨繁星歷歷,1
15482,辨繁星歷歷看,1
15483,繁星歷歷看茂,1
15484,星歷歷看茂先,1
15485,歷歷看茂先知,1
15486,歷看茂先知味,1
15487,看茂先知味好,1
15488,茂先知味好曼,1
15489,先知味好曼倩,1
15490,知味好曼倩恨,1
15491,味好曼倩恨偷,1
15492,好曼倩恨偷難,1
15493,曼倩恨偷難忍,1
15494,倩恨偷難忍用,1
15495,恨偷難忍用烹,1
15496,偷難忍用烹酥,1
15497,難忍用烹酥酪,1
15498,忍用烹酥酪從,1
15499,用烹酥酪從將,1
15500,烹酥酪從將玩,1
15501,酥酪從將玩玉,1
15502,酪從將玩玉盤,1
15503,從將玩玉盤流,1
15504,將玩玉盤流年,1
15505,玩玉盤流年如,1
15506,玉盤流年如可,1
15507,盤流年如可駐,1
15508,流年如可駐何,1
15509,年如可駐何必,1
15510,如可駐何必九,1
15511,可駐何必九華,1
15512,駐何必九華丹,1
15513,何必九華丹豈,1
15514,必九華丹豈君,1
15515,九華丹豈君心,1
15516,華丹豈君心的,1
15517,丹豈君心的的,1
15518,豈君心的的嗟,1
15519,君心的的嗟我,1
15520,心的的嗟我淚,1
15521,的的嗟我淚涓,1
15522,的嗟我淚涓涓,1
15523,嗟我淚涓涓綿,1
15524,我淚涓涓綿羽,1
15525,淚涓涓綿羽啼,1
15526,涓涓綿羽啼來,1
15527,涓綿羽啼來久,1
15528,綿羽啼來久錦,1
15529,羽啼來久錦鱗,1
15530,啼來久錦鱗書,1
15531,來久錦鱗書未,1
15532,久錦鱗書未傳,1
15533,錦鱗書未傳獸,1
15534,鱗書未傳獸壚,1
15535,書未傳獸壚凝,1
15536,未傳獸壚凝冷,1
15537,傳獸壚凝冷焰,1
15538,獸壚凝冷焰羅,1
15539,壚凝冷焰羅幕,1
15540,凝冷焰羅幕蔽,1
15541,冷焰羅幕蔽晴,1
15542,焰羅幕蔽晴煙,1
15543,羅幕蔽晴煙自,1
15544,幕蔽晴煙自是,1
15545,蔽晴煙自是求,1
15546,晴煙自是求佳,1
15547,煙自是求佳夢,1
15548,自是求佳夢何,1
15549,是求佳夢何須,1
15550,求佳夢何須訝,1
15551,佳夢何須訝晝,1
15552,夢何須訝晝眠,1
15553,何須訝晝眠樓,1
15554,須訝晝眠樓高,1
15555,訝晝眠樓高春,1
15556,晝眠樓高春日,1
15557,眠樓高春日早,1
15558,樓高春日早屏,1
15559,高春日早屏束,1
15560,春日早屏束麝,1
15561,日早屏束麝煙,1
15562,早屏束麝煙堆,1
15563,屏束麝煙堆盼,1
15564,束麝煙堆盼眄,1
15565,麝煙堆盼眄凝,1
15566,煙堆盼眄凝魂,1
15567,堆盼眄凝魂別,1
15568,盼眄凝魂別依,1
15569,眄凝魂別依稀,1
15570,凝魂別依稀夢,1
15571,魂別依稀夢雨,1
15572,別依稀夢雨來,1
15573,依稀夢雨來綠,1
15574,稀夢雨來綠鬟,1
15575,夢雨來綠鬟羞,1
15576,雨來綠鬟羞妥,1
15577,來綠鬟羞妥麼,1
15578,綠鬟羞妥麼紅,1
15579,鬟羞妥麼紅頰,1
15580,羞妥麼紅頰思,1
15581,妥麼紅頰思天,1
15582,麼紅頰思天偎,1
15583,紅頰思天偎鬥,1
15584,頰思天偎鬥草,1
15585,思天偎鬥草憐,1
15586,天偎鬥草憐香,1
15587,偎鬥草憐香蕙,1
15588,鬥草憐香蕙簪,1
15589,草憐香蕙簪花,1
15590,憐香蕙簪花間,1
15591,香蕙簪花間雪,1
15592,蕙簪花間雪梅,1
15593,簪花間雪梅戍,1
15594,花間雪梅戍遼,1
15595,間雪梅戍遼雖,1
15596,雪梅戍遼雖咽,1
15597,梅戍遼雖咽切,1
15598,戍遼雖咽切游,1
15599,遼雖咽切游蜀,1
15600,雖咽切游蜀亦,1
15601,咽切游蜀亦遲,1
15602,切游蜀亦遲回,1
15603,游蜀亦遲回錦,1
15604,蜀亦遲回錦字,1
15605,亦遲回錦字梭,1
15606,遲回錦字梭懸,1
15607,回錦字梭懸壁,1
15608,錦字梭懸壁琴,1
15609,字梭懸壁琴心,1
15610,梭懸壁琴心月,1
15611,懸壁琴心月滿,1
15612,壁琴心月滿台,1
15613,琴心月滿台笑,1
15614,心月滿台笑筵,1
15615,月滿台笑筵凝,1
15616,滿台笑筵凝貝,1
15617,台笑筵凝貝啟,1
15618,笑筵凝貝啟眠,1
15619,筵凝貝啟眠箔,1
15620,凝貝啟眠箔曉,1
15621,貝啟眠箔曉珠,1
15622,啟眠箔曉珠開,1
15623,眠箔曉珠開臘,1
15624,箔曉珠開臘破,1
15625,曉珠開臘破征,1
15626,珠開臘破征車,1
15627,開臘破征車動,1
15628,臘破征車動袍,1
15629,破征車動袍襟,1
15630,征車動袍襟對,1
15631,車動袍襟對淚,1
15632,動袍襟對淚裁,1
15633,袍襟對淚裁勞,1
15634,襟對淚裁勞勞,1
15635,對淚裁勞勞千,1
15636,淚裁勞勞千里,1
15637,裁勞勞千里身,1
15638,勞勞千里身襟,1
15639,勞千里身襟袂,1
15640,千里身襟袂滿,1
15641,里身襟袂滿行,1
15642,身襟袂滿行塵,1
15643,襟袂滿行塵深,1
15644,袂滿行塵深夜,1
15645,滿行塵深夜懸,1
15646,行塵深夜懸雙,1
15647,塵深夜懸雙淚,1
15648,深夜懸雙淚短,1
15649,夜懸雙淚短亭,1
15650,懸雙淚短亭思,1
15651,雙淚短亭思遠,1
15652,淚短亭思遠人,1
15653,短亭思遠人蒼,1
15654,亭思遠人蒼江,1
15655,思遠人蒼江程,1
15656,遠人蒼江程未,1
15657,人蒼江程未息,1
15658,蒼江程未息黑,1
15659,江程未息黑水,1
15660,程未息黑水夢,1
15661,未息黑水夢何,1
15662,息黑水夢何頻,1
15663,黑水夢何頻明,1
15664,水夢何頻明月,1
15665,夢何頻明月輕,1
15666,何頻明月輕橈,1
15667,頻明月輕橈去,1
15668,明月輕橈去唯,1
15669,月輕橈去唯應,1
15670,輕橈去唯應釣,1
15671,橈去唯應釣赤,1
15672,去唯應釣赤鱗,1
15673,唯應釣赤鱗有,1
15674,應釣赤鱗有恨,1
15675,釣赤鱗有恨秋,1
15676,赤鱗有恨秋來,1
15677,鱗有恨秋來極,1
15678,有恨秋來極無,1
15679,恨秋來極無端,1
15680,秋來極無端別,1
15681,來極無端別後,1
15682,極無端別後知,1
15683,無端別後知夜,1
15684,端別後知夜闌,1
15685,別後知夜闌終,1
15686,後知夜闌終耿,1
15687,知夜闌終耿耿,1
15688,夜闌終耿耿明,1
15689,闌終耿耿明發,1
15690,終耿耿明發竟,1
15691,耿耿明發竟遲,1
15692,耿明發竟遲遲,1
15693,明發竟遲遲信,1
15694,發竟遲遲信已,1
15695,竟遲遲信已憑,1
15696,遲遲信已憑鴻,1
15697,遲信已憑鴻去,1
15698,信已憑鴻去歸,1
15699,已憑鴻去歸唯,1
15700,憑鴻去歸唯與,1
15701,鴻去歸唯與燕,1
15702,去歸唯與燕期,1
15703,歸唯與燕期只,1
15704,唯與燕期只因,1
15705,與燕期只因明,1
15706,燕期只因明月,1
15707,期只因明月見,1
15708,只因明月見千,1
15709,因明月見千里,1
15710,明月見千里兩,1
15711,月見千里兩相,1
15712,見千里兩相思,1
15713,千里兩相思遠,1
15714,里兩相思遠信,1
15715,兩相思遠信初,1
15716,相思遠信初憑,1
15717,思遠信初憑雙,1
15718,遠信初憑雙鯉,1
15719,信初憑雙鯉去,1
15720,初憑雙鯉去他,1
15721,憑雙鯉去他鄉,1
15722,雙鯉去他鄉正,1
15723,鯉去他鄉正遇,1
15724,去他鄉正遇一,1
15725,他鄉正遇一陽,1
15726,鄉正遇一陽生,1
15727,正遇一陽生尊,1
15728,遇一陽生尊前,1
15729,一陽生尊前豈,1
15730,陽生尊前豈解,1
15731,生尊前豈解愁,1
15732,尊前豈解愁家,1
15733,前豈解愁家國,1
15734,豈解愁家國輦,1
15735,解愁家國輦下,1
15736,愁家國輦下唯,1
15737,家國輦下唯能,1
15738,國輦下唯能憶,1
15739,輦下唯能憶弟,1
15740,下唯能憶弟兄,1
15741,唯能憶弟兄旅,1
15742,能憶弟兄旅館,1
15743,憶弟兄旅館夜,1
15744,弟兄旅館夜憂,1
15745,兄旅館夜憂姜,1
15746,旅館夜憂姜被,1
15747,館夜憂姜被冷,1
15748,夜憂姜被冷暮,1
15749,憂姜被冷暮江,1
15750,姜被冷暮江寒,1
15751,被冷暮江寒覺,1
15752,冷暮江寒覺晏,1
15753,暮江寒覺晏裘,1
15754,江寒覺晏裘輕,1
15755,寒覺晏裘輕竹,1
15756,覺晏裘輕竹門,1
15757,晏裘輕竹門風,1
15758,裘輕竹門風過,1
15759,輕竹門風過還,1
15760,竹門風過還惆,1
15761,門風過還惆悵,1
15762,風過還惆悵疑,1
15763,過還惆悵疑是,1
15764,還惆悵疑是松,1
15765,惆悵疑是松窗,1
15766,悵疑是松窗雪,1
15767,疑是松窗雪打,1
15768,是松窗雪打聲,1
15769,松窗雪打聲歌,1
15770,窗雪打聲歌闋,1
15771,雪打聲歌闋樽,1
15772,打聲歌闋樽殘,1
15773,聲歌闋樽殘恨,1
15774,歌闋樽殘恨卻,1
15775,闋樽殘恨卻偏,1
15776,樽殘恨卻偏憑,1
15777,殘恨卻偏憑君,1
15778,恨卻偏憑君不,1
15779,卻偏憑君不用,1
15780,偏憑君不用設,1
15781,憑君不用設離,1
15782,君不用設離筵,1
15783,不用設離筵未,1
15784,用設離筵未趨,1
15785,設離筵未趨雉,1
15786,離筵未趨雉尾,1
15787,筵未趨雉尾隨,1
15788,未趨雉尾隨元,1
15789,趨雉尾隨元老,1
15790,雉尾隨元老且,1
15791,尾隨元老且驀,1
15792,隨元老且驀羊,1
15793,元老且驀羊腸,1
15794,老且驀羊腸過,1
15795,且驀羊腸過少,1
15796,驀羊腸過少年,1
15797,羊腸過少年七,1
15798,腸過少年七葉,1
15799,過少年七葉漢,1
15800,少年七葉漢貂,1
15801,年七葉漢貂真,1
15802,七葉漢貂真密,1
15803,葉漢貂真密近,1
15804,漢貂真密近一,1
15805,貂真密近一枝,1
15806,真密近一枝詵,1
15807,密近一枝詵桂,1
15808,近一枝詵桂亦,1
15809,一枝詵桂亦徒,1
15810,枝詵桂亦徒然,1
15811,詵桂亦徒然羽,1
15812,桂亦徒然羽書,1
15813,亦徒然羽書正,1
15814,徒然羽書正急,1
15815,然羽書正急徵,1
15816,羽書正急徵兵,1
15817,書正急徵兵地,1
15818,正急徵兵地須,1
15819,急徵兵地須遣,1
15820,徵兵地須遣頭,1
15821,兵地須遣頭風,1
15822,地須遣頭風處,1
15823,須遣頭風處處,1
15824,遣頭風處處痊,1
15825,頭風處處痊紅,1
15826,風處處痊紅鉛,1
15827,處處痊紅鉛濕,1
15828,處痊紅鉛濕盡,1
15829,痊紅鉛濕盡半,1
15830,紅鉛濕盡半羅,1
15831,鉛濕盡半羅裙,1
15832,濕盡半羅裙洞,1
15833,盡半羅裙洞府,1
15834,半羅裙洞府人,1
15835,羅裙洞府人間,1
15836,裙洞府人間手,1
15837,洞府人間手欲,1
15838,府人間手欲分,1
15839,人間手欲分滿,1
15840,間手欲分滿面,1
15841,手欲分滿面風,1
15842,欲分滿面風流,1
15843,分滿面風流雖,1
15844,滿面風流雖似,1
15845,面風流雖似玉,1
15846,風流雖似玉四,1
15847,流雖似玉四年,1
15848,雖似玉四年夫,1
15849,似玉四年夫婿,1
15850,玉四年夫婿恰,1
15851,四年夫婿恰如,1
15852,年夫婿恰如雲,1
15853,夫婿恰如雲當,1
15854,婿恰如雲當春,1
15855,恰如雲當春離,1
15856,如雲當春離恨,1
15857,雲當春離恨杯,1
15858,當春離恨杯長,1
15859,春離恨杯長滿,1
15860,離恨杯長滿倚,1
15861,恨杯長滿倚柱,1
15862,杯長滿倚柱關,1
15863,長滿倚柱關情,1
15864,滿倚柱關情日,1
15865,倚柱關情日漸,1
15866,柱關情日漸曛,1
15867,關情日漸曛為,1
15868,情日漸曛為報,1
15869,日漸曛為報眼,1
15870,漸曛為報眼波,1
15871,曛為報眼波須,1
15872,為報眼波須穩,1
15873,報眼波須穩當,1
15874,眼波須穩當五,1
15875,波須穩當五陵,1
15876,須穩當五陵游,1
15877,穩當五陵游宕,1
15878,當五陵游宕莫,1
15879,五陵游宕莫知,1
15880,陵游宕莫知聞,1
15881,游宕莫知聞松,1
15882,宕莫知聞松寺,1
15883,莫知聞松寺曾,1
15884,知聞松寺曾同,1
15885,聞松寺曾同一,1
15886,松寺曾同一鶴,1
15887,寺曾同一鶴棲,1
15888,曾同一鶴棲夜,1
15889,同一鶴棲夜深,1
15890,一鶴棲夜深台,1
15891,鶴棲夜深台殿,1
15892,棲夜深台殿月,1
15893,夜深台殿月高,1
15894,深台殿月高低,1
15895,台殿月高低何,1
15896,殿月高低何人,1
15897,月高低何人為,1
15898,高低何人為倚,1
15899,低何人為倚東,1
15900,何人為倚東樓,1
15901,人為倚東樓柱,1
15902,為倚東樓柱正,1
15903,倚東樓柱正是,1
15904,東樓柱正是千,1
15905,樓柱正是千山,1
15906,柱正是千山雪,1
15907,正是千山雪漲,1
15908,是千山雪漲溪,1
15909,千山雪漲溪詩,1
15910,山雪漲溪詩韻,1
15911,雪漲溪詩韻一,1
15912,漲溪詩韻一逢,1
15913,溪詩韻一逢君,1
15914,詩韻一逢君平,1
15915,韻一逢君平生,1
15916,一逢君平生稱,1
15917,逢君平生稱所,1
15918,君平生稱所聞,1
15919,平生稱所聞粉,1
15920,生稱所聞粉毫,1
15921,稱所聞粉毫唯,1
15922,所聞粉毫唯畫,1
15923,聞粉毫唯畫月,1
15924,粉毫唯畫月瓊,1
15925,毫唯畫月瓊尺,1
15926,唯畫月瓊尺只,1
15927,畫月瓊尺只裁,1
15928,月瓊尺只裁雲,1
15929,瓊尺只裁雲黥,1
15930,尺只裁雲黥陣,1
15931,只裁雲黥陣人,1
15932,裁雲黥陣人人,1
15933,雲黥陣人人懾,1
15934,黥陣人人懾秋,1
15935,陣人人懾秋星,1
15936,人人懾秋星歷,1
15937,人懾秋星歷歷,1
15938,懾秋星歷歷分,1
15939,秋星歷歷分數,1
15940,星歷歷分數篇,1
15941,歷歷分數篇留,1
15942,歷分數篇留別,1
15943,分數篇留別我,1
15944,數篇留別我羞,1
15945,篇留別我羞殺,1
15946,留別我羞殺李,1
15947,別我羞殺李將,1
15948,我羞殺李將軍,1
15949,羞殺李將軍暖,1
15950,殺李將軍暖雲,1
15951,李將軍暖雲如,1
15952,將軍暖雲如粉,1
15953,軍暖雲如粉草,1
15954,暖雲如粉草如,1
15955,雲如粉草如茵,1
15956,如粉草如茵獨,1
15957,粉草如茵獨步,1
15958,草如茵獨步長,1
15959,如茵獨步長堤,1
15960,茵獨步長堤不,1
15961,獨步長堤不見,1
15962,步長堤不見人,1
15963,長堤不見人一,1
15964,堤不見人一嶺,1
15965,不見人一嶺桃,1
15966,見人一嶺桃花,1
15967,人一嶺桃花紅,1
15968,一嶺桃花紅錦,1
15969,嶺桃花紅錦黦,1
15970,桃花紅錦黦半,1
15971,花紅錦黦半溪,1
15972,紅錦黦半溪山,1
15973,錦黦半溪山水,1
15974,黦半溪山水碧,1
15975,半溪山水碧羅,1
15976,溪山水碧羅新,1
15977,山水碧羅新高,1
15978,水碧羅新高枝,1
15979,碧羅新高枝百,1
15980,羅新高枝百舌,1
15981,新高枝百舌猶,1
15982,高枝百舌猶欺,1
15983,枝百舌猶欺鳥,1
15984,百舌猶欺鳥帶,1
15985,舌猶欺鳥帶葉,1
15986,猶欺鳥帶葉梨,1
15987,欺鳥帶葉梨花,1
15988,鳥帶葉梨花獨,1
15989,帶葉梨花獨送,1
15990,葉梨花獨送春,1
15991,梨花獨送春仲,1
15992,花獨送春仲蔚,1
15993,獨送春仲蔚欲,1
15994,送春仲蔚欲知,1
15995,春仲蔚欲知何,1
15996,仲蔚欲知何處,1
15997,蔚欲知何處在,1
15998,欲知何處在苦,1
15999,知何處在苦吟,1
16000,何處在苦吟林,1
16001,處在苦吟林下,1
16002,在苦吟林下拂,1
16003,苦吟林下拂詩,1
16004,吟林下拂詩塵,1
16005,林下拂詩塵小,1
16006,下拂詩塵小樓,1
16007,拂詩塵小樓才,1
16008,詩塵小樓才受,1
16009,塵小樓才受一,1
16010,小樓才受一床,1
16011,樓才受一床橫,1
16012,才受一床橫終,1
16013,受一床橫終日,1
16014,一床橫終日看,1
16015,床橫終日看山,1
16016,橫終日看山酒,1
16017,終日看山酒滿,1
16018,日看山酒滿傾,1
16019,看山酒滿傾可,1
16020,山酒滿傾可惜,1
16021,酒滿傾可惜和,1
16022,滿傾可惜和風,1
16023,傾可惜和風夜,1
16024,可惜和風夜來,1
16025,惜和風夜來雨,1
16026,和風夜來雨醉,1
16027,風夜來雨醉中,1
16028,夜來雨醉中虛,1
16029,來雨醉中虛度,1
16030,雨醉中虛度打,1
16031,醉中虛度打窗,1
16032,中虛度打窗聲,1
16033,虛度打窗聲終,1
16034,度打窗聲終日,1
16035,打窗聲終日求,1
16036,窗聲終日求人,1
16037,聲終日求人蔔,1
16038,終日求人蔔回,1
16039,日求人蔔回回,1
16040,求人蔔回回道,1
16041,人蔔回回道好,1
16042,蔔回回道好音,1
16043,回回道好音那,1
16044,回道好音那時,1
16045,道好音那時離,1
16046,好音那時離別,1
16047,音那時離別後,1
16048,那時離別後入,1
16049,時離別後入夢,1
16050,離別後入夢到,1
16051,別後入夢到如,1
16052,後入夢到如今,1
16053,入夢到如今舊,1
16054,夢到如今舊事,1
16055,到如今舊事參,1
16056,如今舊事參差,1
16057,今舊事參差夢,1
16058,舊事參差夢新,1
16059,事參差夢新程,1
16060,參差夢新程邐,1
16061,差夢新程邐迤,1
16062,夢新程邐迤秋,1
16063,新程邐迤秋故,1
16064,程邐迤秋故人,1
16065,邐迤秋故人如,1
16066,迤秋故人如見,1
16067,秋故人如見憶,1
16068,故人如見憶時,1
16069,人如見憶時到,1
16070,如見憶時到寺,1
16071,見憶時到寺東,1
16072,憶時到寺東樓,1
16073,時到寺東樓舞,1
16074,到寺東樓舞靴,1
16075,寺東樓舞靴應,1
16076,東樓舞靴應任,1
16077,樓舞靴應任閒,1
16078,舞靴應任閒人,1
16079,靴應任閒人看,1
16080,應任閒人看笑,1
16081,任閒人看笑臉,1
16082,閒人看笑臉還,1
16083,人看笑臉還須,1
16084,看笑臉還須待,1
16085,笑臉還須待我,1
16086,臉還須待我開,1
16087,還須待我開不,1
16088,須待我開不用,1
16089,待我開不用鏡,1
16090,我開不用鏡前,1
16091,開不用鏡前空,1
16092,不用鏡前空有,1
16093,用鏡前空有淚,1
16094,鏡前空有淚薔,1
16095,前空有淚薔薇,1
16096,空有淚薔薇花,1
16097,有淚薔薇花謝,1
16098,淚薔薇花謝即,1
16099,薔薇花謝即歸,1
16100,薇花謝即歸來,1
16101,花謝即歸來飄,1
16102,謝即歸來飄來,1
16103,即歸來飄來雞,1
16104,歸來飄來雞樹,1
16105,來飄來雞樹鳳,1
16106,飄來雞樹鳳池,1
16107,來雞樹鳳池邊,1
16108,雞樹鳳池邊漸,1
16109,樹鳳池邊漸壓,1
16110,鳳池邊漸壓瓊,1
16111,池邊漸壓瓊枝,1
16112,邊漸壓瓊枝凍,1
16113,漸壓瓊枝凍碧,1
16114,壓瓊枝凍碧漣,1
16115,瓊枝凍碧漣銀,1
16116,枝凍碧漣銀闕,1
16117,凍碧漣銀闕雙,1
16118,碧漣銀闕雙高,1
16119,漣銀闕雙高銀,1
16120,銀闕雙高銀漢,1
16121,闕雙高銀漢裏,1
16122,雙高銀漢裏玉,1
16123,高銀漢裏玉山,1
16124,銀漢裏玉山橫,1
16125,漢裏玉山橫列,1
16126,裏玉山橫列玉,1
16127,玉山橫列玉墀,1
16128,山橫列玉墀前,1
16129,橫列玉墀前昭,1
16130,列玉墀前昭陽,1
16131,玉墀前昭陽殿,1
16132,墀前昭陽殿下,1
16133,前昭陽殿下風,1
16134,昭陽殿下風回,1
16135,陽殿下風回急,1
16136,殿下風回急承,1
16137,下風回急承露,1
16138,風回急承露盤,1
16139,回急承露盤中,1
16140,急承露盤中月,1
16141,承露盤中月彩,1
16142,露盤中月彩圓,1
16143,盤中月彩圓上,1
16144,中月彩圓上相,1
16145,月彩圓上相抽,1
16146,彩圓上相抽毫,1
16147,圓上相抽毫歌,1
16148,上相抽毫歌帝,1
16149,相抽毫歌帝德,1
16150,抽毫歌帝德一,1
16151,毫歌帝德一篇,1
16152,歌帝德一篇風,1
16153,帝德一篇風雅,1
16154,德一篇風雅美,1
16155,一篇風雅美豐,1
16156,篇風雅美豐年,1
16157,風雅美豐年子,1
16158,雅美豐年子列,1
16159,美豐年子列光,1
16160,豐年子列光殊,1
16161,年子列光殊價,1
16162,子列光殊價明,1
16163,列光殊價明時,1
16164,光殊價明時忍,1
16165,殊價明時忍自,1
16166,價明時忍自高,1
16167,明時忍自高寧,1
16168,時忍自高寧無,1
16169,忍自高寧無好,1
16170,自高寧無好舟,1
16171,高寧無好舟楫,1
16172,寧無好舟楫不,1
16173,無好舟楫不泛,1
16174,好舟楫不泛惡,1
16175,舟楫不泛惡風,1
16176,楫不泛惡風濤,1
16177,不泛惡風濤大,1
16178,泛惡風濤大翼,1
16179,惡風濤大翼終,1
16180,風濤大翼終難,1
16181,濤大翼終難戢,1
16182,大翼終難戢奇,1
16183,翼終難戢奇鋒,1
16184,終難戢奇鋒且,1
16185,難戢奇鋒且自,1
16186,戢奇鋒且自韜,1
16187,奇鋒且自韜春,1
16188,鋒且自韜春來,1
16189,且自韜春來煙,1
16190,自韜春來煙渚,1
16191,韜春來煙渚上,1
16192,春來煙渚上幾,1
16193,來煙渚上幾淨,1
16194,煙渚上幾淨雪,1
16195,渚上幾淨雪霜,1
16196,上幾淨雪霜毫,1
16197,幾淨雪霜毫盛,1
16198,淨雪霜毫盛時,1
16199,雪霜毫盛時常,1
16200,霜毫盛時常注,1
16201,毫盛時常注意,1
16202,盛時常注意南,1
16203,時常注意南雍,1
16204,常注意南雍暫,1
16205,注意南雍暫分,1
16206,意南雍暫分茅,1
16207,南雍暫分茅紫,1
16208,雍暫分茅紫殿,1
16209,暫分茅紫殿辭,1
16210,分茅紫殿辭明,1
16211,茅紫殿辭明主,1
16212,紫殿辭明主岩,1
16213,殿辭明主岩廊,1
16214,辭明主岩廊別,1
16215,明主岩廊別舊,1
16216,主岩廊別舊交,1
16217,岩廊別舊交危,1
16218,廊別舊交危幢,1
16219,別舊交危幢侵,1
16220,舊交危幢侵碧,1
16221,交危幢侵碧霧,1
16222,危幢侵碧霧寒,1
16223,幢侵碧霧寒旆,1
16224,侵碧霧寒旆獵,1
16225,碧霧寒旆獵紅,1
16226,霧寒旆獵紅旓,1
16227,寒旆獵紅旓德,1
16228,旆獵紅旓德業,1
16229,獵紅旓德業懸,1
16230,紅旓德業懸秦,1
16231,旓德業懸秦鏡,1
16232,德業懸秦鏡威,1
16233,業懸秦鏡威聲,1
16234,懸秦鏡威聲隱,1
16235,秦鏡威聲隱楚,1
16236,鏡威聲隱楚郊,1
16237,威聲隱楚郊拜,1
16238,聲隱楚郊拜塵,1
16239,隱楚郊拜塵先,1
16240,楚郊拜塵先灑,1
16241,郊拜塵先灑淚,1
16242,拜塵先灑淚成,1
16243,塵先灑淚成廈,1
16244,先灑淚成廈昔,1
16245,灑淚成廈昔容,1
16246,淚成廈昔容巢,1
16247,成廈昔容巢遙,1
16248,廈昔容巢遙仰,1
16249,昔容巢遙仰沈,1
16250,容巢遙仰沈碑,1
16251,巢遙仰沈碑會,1
16252,遙仰沈碑會鴛,1
16253,仰沈碑會鴛鴦,1
16254,沈碑會鴛鴦玉,1
16255,碑會鴛鴦玉佩,1
16256,會鴛鴦玉佩敲,1
16257,鴛鴦玉佩敲可,1
16258,鴦玉佩敲可憐,1
16259,玉佩敲可憐走,1
16260,佩敲可憐走馬,1
16261,敲可憐走馬騎,1
16262,可憐走馬騎驢,1
16263,憐走馬騎驢漢,1
16264,走馬騎驢漢豈,1
16265,馬騎驢漢豈有,1
16266,騎驢漢豈有風,1
16267,驢漢豈有風光,1
16268,漢豈有風光肯,1
16269,豈有風光肯占,1
16270,有風光肯占伊,1
16271,風光肯占伊只,1
16272,光肯占伊只有,1
16273,肯占伊只有三,1
16274,占伊只有三張,1
16275,伊只有三張最,1
16276,只有三張最惆,1
16277,有三張最惆悵,1
16278,三張最惆悵下,1
16279,張最惆悵下山,1
16280,最惆悵下山回,1
16281,惆悵下山回馬,1
16282,悵下山回馬尚,1
16283,下山回馬尚遲,1
16284,山回馬尚遲遲,1
16285,回馬尚遲遲小,1
16286,馬尚遲遲小捷,1
16287,尚遲遲小捷風,1
16288,遲遲小捷風流,1
16289,遲小捷風流已,1
16290,小捷風流已俊,1
16291,捷風流已俊才,1
16292,風流已俊才便,1
16293,流已俊才便將,1
16294,已俊才便將紅,1
16295,俊才便將紅粉,1
16296,才便將紅粉作,1
16297,便將紅粉作金,1
16298,將紅粉作金台,1
16299,紅粉作金台明,1
16300,粉作金台明年,1
16301,作金台明年未,1
16302,金台明年未去,1
16303,台明年未去池,1
16304,明年未去池陽,1
16305,年未去池陽郡,1
16306,未去池陽郡更,1
16307,去池陽郡更乞,1
16308,池陽郡更乞春,1
16309,陽郡更乞春時,1
16310,郡更乞春時卻,1
16311,更乞春時卻重,1
16312,乞春時卻重來,1
16313,春時卻重來矜,1
16314,時卻重來矜紅,1
16315,卻重來矜紅掩,1
16316,重來矜紅掩素,1
16317,來矜紅掩素似,1
16318,矜紅掩素似多,1
16319,紅掩素似多才,1
16320,掩素似多才不,1
16321,素似多才不待,1
16322,似多才不待櫻,1
16323,多才不待櫻桃,1
16324,才不待櫻桃不,1
16325,不待櫻桃不逐,1
16326,待櫻桃不逐梅,1
16327,櫻桃不逐梅春,1
16328,桃不逐梅春到,1
16329,不逐梅春到未,1
16330,逐梅春到未曾,1
16331,梅春到未曾逢,1
16332,春到未曾逢宴,1
16333,到未曾逢宴賞,1
16334,未曾逢宴賞雨,1
16335,曾逢宴賞雨餘,1
16336,逢宴賞雨餘爭,1
16337,宴賞雨餘爭解,1
16338,賞雨餘爭解免,1
16339,雨餘爭解免低,1
16340,餘爭解免低徊,1
16341,爭解免低徊巧,1
16342,解免低徊巧窮,1
16343,免低徊巧窮南,1
16344,低徊巧窮南國,1
16345,徊巧窮南國千,1
16346,巧窮南國千般,1
16347,窮南國千般豔,1
16348,南國千般豔趁,1
16349,國千般豔趁得,1
16350,千般豔趁得春,1
16351,般豔趁得春風,1
16352,豔趁得春風二,1
16353,趁得春風二月,1
16354,得春風二月開,1
16355,春風二月開堪,1
16356,風二月開堪恨,1
16357,二月開堪恨王,1
16358,月開堪恨王孫,1
16359,開堪恨王孫浪,1
16360,堪恨王孫浪遊,1
16361,恨王孫浪遊去,1
16362,王孫浪遊去落,1
16363,孫浪遊去落英,1
16364,浪遊去落英狼,1
16365,遊去落英狼藉,1
16366,去落英狼藉始,1
16367,落英狼藉始歸,1
16368,英狼藉始歸來,1
16369,狼藉始歸來萬,1
16370,藉始歸來萬物,1
16371,始歸來萬物有,1
16372,歸來萬物有醜,1
16373,來萬物有醜好,1
16374,萬物有醜好各,1
16375,物有醜好各一,1
16376,有醜好各一姿,1
16377,醜好各一姿狀,1
16378,好各一姿狀分,1
16379,各一姿狀分唯,1
16380,一姿狀分唯人,1
16381,姿狀分唯人即,1
16382,狀分唯人即不,1
16383,分唯人即不爾,1
16384,唯人即不爾學,1
16385,人即不爾學與,1
16386,即不爾學與不,1
16387,不爾學與不學,1
16388,爾學與不學論,1
16389,學與不學論學,1
16390,與不學論學非,1
16391,不學論學非探,1
16392,學論學非探其,1
16393,論學非探其花,1
16394,學非探其花要,1
16395,非探其花要自,1
16396,探其花要自撥,1
16397,其花要自撥其,1
16398,花要自撥其根,1
16399,要自撥其根孝,1
16400,自撥其根孝友,1
16401,撥其根孝友與,1
16402,其根孝友與誠,1
16403,根孝友與誠實,1
16404,孝友與誠實而,1
16405,友與誠實而不,1
16406,與誠實而不忘,1
16407,誠實而不忘爾,1
16408,實而不忘爾言,1
16409,而不忘爾言根,1
16410,不忘爾言根本,1
16411,忘爾言根本既,1
16412,爾言根本既深,1
16413,言根本既深實,1
16414,根本既深實柯,1
16415,本既深實柯葉,1
16416,既深實柯葉自,1
16417,深實柯葉自滋,1
16418,實柯葉自滋繁,1
16419,柯葉自滋繁念,1
16420,葉自滋繁念爾,1
16421,自滋繁念爾無,1
16422,滋繁念爾無忽,1
16423,繁念爾無忽此,1
16424,念爾無忽此期,1
16425,爾無忽此期以,1
16426,無忽此期以慶,1
16427,忽此期以慶吾,1
16428,此期以慶吾門,1
16429,期以慶吾門文,1
16430,以慶吾門文爭,1
16431,慶吾門文爭武,1
16432,吾門文爭武戰,1
16433,門文爭武戰就,1
16434,文爭武戰就神,1
16435,爭武戰就神功,1
16436,武戰就神功時,1
16437,戰就神功時似,1
16438,就神功時似開,1
16439,神功時似開元,1
16440,功時似開元天,1
16441,時似開元天寶,1
16442,似開元天寶中,1
16443,開元天寶中已,1
16444,元天寶中已建,1
16445,天寶中已建玄,1
16446,寶中已建玄戈,1
16447,中已建玄戈收,1
16448,已建玄戈收相,1
16449,建玄戈收相土,1
16450,玄戈收相土應,1
16451,戈收相土應回,1
16452,收相土應回翠,1
16453,相土應回翠帽,1
16454,土應回翠帽過,1
16455,應回翠帽過離,1
16456,回翠帽過離宮,1
16457,翠帽過離宮侯,1
16458,帽過離宮侯門,1
16459,過離宮侯門草,1
16460,離宮侯門草滿,1
16461,宮侯門草滿宜,1
16462,侯門草滿宜寒,1
16463,門草滿宜寒兔,1
16464,草滿宜寒兔洛,1
16465,滿宜寒兔洛浦,1
16466,宜寒兔洛浦沙,1
16467,寒兔洛浦沙深,1
16468,兔洛浦沙深下,1
16469,洛浦沙深下塞,1
16470,浦沙深下塞鴻,1
16471,沙深下塞鴻疑,1
16472,深下塞鴻疑有,1
16473,下塞鴻疑有女,1
16474,塞鴻疑有女娥,1
16475,鴻疑有女娥西,1
16476,疑有女娥西望,1
16477,有女娥西望處,1
16478,女娥西望處上,1
16479,娥西望處上陽,1
16480,西望處上陽煙,1
16481,望處上陽煙樹,1
16482,處上陽煙樹正,1
16483,上陽煙樹正秋,1
16484,陽煙樹正秋風,1
16485,煙樹正秋風累,1
16486,樹正秋風累代,1
16487,正秋風累代功,1
16488,秋風累代功勳,1
16489,風累代功勳照,1
16490,累代功勳照世,1
16491,代功勳照世光,1
16492,功勳照世光奚,1
16493,勳照世光奚胡,1
16494,照世光奚胡聞,1
16495,世光奚胡聞道,1
16496,光奚胡聞道死,1
16497,奚胡聞道死心,1
16498,胡聞道死心降,1
16499,聞道死心降書,1
16500,道死心降書功,1
16501,死心降書功筆,1
16502,心降書功筆禿,1
16503,降書功筆禿三,1
16504,書功筆禿三千,1
16505,功筆禿三千管,1
16506,筆禿三千管領,1
16507,禿三千管領節,1
16508,三千管領節門,1
16509,千管領節門排,1
16510,管領節門排十,1
16511,領節門排十六,1
16512,節門排十六雙,1
16513,門排十六雙先,1
16514,排十六雙先揖,1
16515,十六雙先揖耿,1
16516,六雙先揖耿弇,1
16517,雙先揖耿弇聲,1
16518,先揖耿弇聲寂,1
16519,揖耿弇聲寂寂,1
16520,耿弇聲寂寂今,1
16521,弇聲寂寂今看,1
16522,聲寂寂今看黃,1
16523,寂寂今看黃霸,1
16524,寂今看黃霸事,1
16525,今看黃霸事摐,1
16526,看黃霸事摐摐,1
16527,黃霸事摐摐時,1
16528,霸事摐摐時人,1
16529,事摐摐時人欲,1
16530,摐摐時人欲識,1
16531,摐時人欲識胸,1
16532,時人欲識胸襟,1
16533,人欲識胸襟否,1
16534,欲識胸襟否彭,1
16535,識胸襟否彭蠡,1
16536,胸襟否彭蠡秋,1
16537,襟否彭蠡秋連,1
16538,否彭蠡秋連萬,1
16539,彭蠡秋連萬里,1
16540,蠡秋連萬里江,1
16541,秋連萬里江南,1
16542,連萬里江南陵,1
16543,萬里江南陵水,1
16544,里江南陵水面,1
16545,江南陵水面漫,1
16546,南陵水面漫悠,1
16547,陵水面漫悠悠,1
16548,水面漫悠悠風,1
16549,面漫悠悠風緊,1
16550,漫悠悠風緊雲,1
16551,悠悠風緊雲輕,1
16552,悠風緊雲輕欲,1
16553,風緊雲輕欲變,1
16554,緊雲輕欲變秋,1
16555,雲輕欲變秋正,1
16556,輕欲變秋正是,1
16557,欲變秋正是客,1
16558,變秋正是客心,1
16559,秋正是客心孤,1
16560,正是客心孤回,1
16561,是客心孤回處,1
16562,客心孤回處誰,1
16563,心孤回處誰家,1
16564,孤回處誰家紅,1
16565,回處誰家紅袖,1
16566,處誰家紅袖憑,1
16567,誰家紅袖憑江,1
16568,家紅袖憑江樓,1
16569,紅袖憑江樓晴,1
16570,袖憑江樓晴江,1
16571,憑江樓晴江灩,1
16572,江樓晴江灩灩,1
16573,樓晴江灩灩含,1
16574,晴江灩灩含淺,1
16575,江灩灩含淺沙,1
16576,灩灩含淺沙高,1
16577,灩含淺沙高低,1
16578,含淺沙高低繞,1
16579,淺沙高低繞郭,1
16580,沙高低繞郭滯,1
16581,高低繞郭滯秋,1
16582,低繞郭滯秋花,1
16583,繞郭滯秋花牛,1
16584,郭滯秋花牛歌,1
16585,滯秋花牛歌魚,1
16586,秋花牛歌魚笛,1
16587,花牛歌魚笛山,1
16588,牛歌魚笛山月,1
16589,歌魚笛山月上,1
16590,魚笛山月上鷺,1
16591,笛山月上鷺渚,1
16592,山月上鷺渚鶖,1
16593,月上鷺渚鶖梁,1
16594,上鷺渚鶖梁溪,1
16595,鷺渚鶖梁溪日,1
16596,渚鶖梁溪日斜,1
16597,鶖梁溪日斜為,1
16598,梁溪日斜為郡,1
16599,溪日斜為郡異,1
16600,日斜為郡異鄉,1
16601,斜為郡異鄉徒,1
16602,為郡異鄉徒泥,1
16603,郡異鄉徒泥酒,1
16604,異鄉徒泥酒杜,1
16605,鄉徒泥酒杜陵,1
16606,徒泥酒杜陵芳,1
16607,泥酒杜陵芳草,1
16608,酒杜陵芳草豈,1
16609,杜陵芳草豈無,1
16610,陵芳草豈無家,1
16611,芳草豈無家白,1
16612,草豈無家白頭,1
16613,豈無家白頭搔,1
16614,無家白頭搔殺,1
16615,家白頭搔殺倚,1
16616,白頭搔殺倚柱,1
16617,頭搔殺倚柱遍,1
16618,搔殺倚柱遍歸,1
16619,殺倚柱遍歸棹,1
16620,倚柱遍歸棹何,1
16621,柱遍歸棹何時,1
16622,遍歸棹何時聞,1
16623,歸棹何時聞軋,1
16624,棹何時聞軋鴉,1
16625,何時聞軋鴉初,1
16626,時聞軋鴉初歲,1
16627,聞軋鴉初歲嬌,1
16628,軋鴉初歲嬌兒,1
16629,鴉初歲嬌兒未,1
16630,初歲嬌兒未識,1
16631,歲嬌兒未識爺,1
16632,嬌兒未識爺別,1
16633,兒未識爺別爺,1
16634,未識爺別爺不,1
16635,識爺別爺不拜,1
16636,爺別爺不拜手,1
16637,別爺不拜手吒,1
16638,爺不拜手吒叉,1
16639,不拜手吒叉拊,1
16640,拜手吒叉拊頭,1
16641,手吒叉拊頭一,1
16642,吒叉拊頭一別,1
16643,叉拊頭一別三,1
16644,拊頭一別三千,1
16645,頭一別三千里,1
16646,一別三千里何,1
16647,別三千里何日,1
16648,三千里何日迎,1
16649,千里何日迎門,1
16650,里何日迎門卻,1
16651,何日迎門卻到,1
16652,日迎門卻到家,1
16653,迎門卻到家稚,1
16654,門卻到家稚子,1
16655,卻到家稚子牽,1
16656,到家稚子牽衣,1
16657,家稚子牽衣問,1
16658,稚子牽衣問歸,1
16659,子牽衣問歸來,1
16660,牽衣問歸來何,1
16661,衣問歸來何太,1
16662,問歸來何太遲,1
16663,歸來何太遲共,1
16664,來何太遲共誰,1
16665,何太遲共誰爭,1
16666,太遲共誰爭歲,1
16667,遲共誰爭歲月,1
16668,共誰爭歲月贏,1
16669,誰爭歲月贏得,1
16670,爭歲月贏得鬢,1
16671,歲月贏得鬢邊,1
16672,月贏得鬢邊絲,1
16673,贏得鬢邊絲連,1
16674,得鬢邊絲連雲,1
16675,鬢邊絲連雲接,1
16676,邊絲連雲接塞,1
16677,絲連雲接塞添,1
16678,連雲接塞添迢,1
16679,雲接塞添迢遞,1
16680,接塞添迢遞灑,1
16681,塞添迢遞灑幕,1
16682,添迢遞灑幕侵,1
16683,迢遞灑幕侵燈,1
16684,遞灑幕侵燈送,1
16685,灑幕侵燈送寂,1
16686,幕侵燈送寂寥,1
16687,侵燈送寂寥一,1
16688,燈送寂寥一夜,1
16689,送寂寥一夜不,1
16690,寂寥一夜不眠,1
16691,寥一夜不眠孤,1
16692,一夜不眠孤客,1
16693,夜不眠孤客耳,1
16694,不眠孤客耳主,1
16695,眠孤客耳主人,1
16696,孤客耳主人窗,1
16697,客耳主人窗外,1
16698,耳主人窗外有,1
16699,主人窗外有芭,1
16700,人窗外有芭蕉,1
16701,窗外有芭蕉鴛,1
16702,外有芭蕉鴛鴦,1
16703,有芭蕉鴛鴦帳,1
16704,芭蕉鴛鴦帳裏,1
16705,蕉鴛鴦帳裏暖,1
16706,鴛鴦帳裏暖芙,1
16707,鴦帳裏暖芙蓉,1
16708,帳裏暖芙蓉低,1
16709,裏暖芙蓉低泣,1
16710,暖芙蓉低泣關,1
16711,芙蓉低泣關山,1
16712,蓉低泣關山幾,1
16713,低泣關山幾萬,1
16714,泣關山幾萬重,1
16715,關山幾萬重明,1
16716,山幾萬重明鏡,1
16717,幾萬重明鏡半,1
16718,萬重明鏡半邊,1
16719,重明鏡半邊釵,1
16720,明鏡半邊釵一,1
16721,鏡半邊釵一股,1
16722,半邊釵一股此,1
16723,邊釵一股此生,1
16724,釵一股此生何,1
16725,一股此生何處,1
16726,股此生何處不,1
16727,此生何處不相,1
16728,生何處不相逢,1
16729,何處不相逢道,1
16730,處不相逢道泰,1
16731,不相逢道泰時,1
16732,相逢道泰時還,1
16733,逢道泰時還泰,1
16734,道泰時還泰時,1
16735,泰時還泰時來,1
16736,時還泰時來命,1
16737,還泰時來命不,1
16738,泰時來命不來,1
16739,時來命不來何,1
16740,來命不來何當,1
16741,命不來何當離,1
16742,不來何當離城,1
16743,來何當離城市,1
16744,何當離城市高,1
16745,當離城市高臥,1
16746,離城市高臥博,1
16747,城市高臥博山,1
16748,市高臥博山隈,1
16749,高臥博山隈飲,1
16750,臥博山隈飲酒,1
16751,博山隈飲酒論,1
16752,山隈飲酒論文,1
16753,隈飲酒論文四,1
16754,飲酒論文四百,1
16755,酒論文四百刻,1
16756,論文四百刻水,1
16757,文四百刻水分,1
16758,四百刻水分雲,1
16759,百刻水分雲隔,1
16760,刻水分雲隔二,1
16761,水分雲隔二三,1
16762,分雲隔二三年,1
16763,雲隔二三年男,1
16764,隔二三年男兒,1
16765,二三年男兒事,1
16766,三年男兒事業,1
16767,年男兒事業知,1
16768,男兒事業知公,1
16769,兒事業知公有,1
16770,事業知公有賣,1
16771,業知公有賣與,1
16772,知公有賣與明,1
16773,公有賣與明君,1
16774,有賣與明君直,1
16775,賣與明君直幾,1
16776,與明君直幾錢,1
16777,明君直幾錢誰,1
16778,君直幾錢誰憐,1
16779,直幾錢誰憐賤,1
16780,幾錢誰憐賤子,1
16781,錢誰憐賤子啟,1
16782,誰憐賤子啟窮,1
16783,憐賤子啟窮途,1
16784,賤子啟窮途太,1
16785,子啟窮途太守,1
16786,啟窮途太守封,1
16787,窮途太守封來,1
16788,途太守封來酒,1
16789,太守封來酒一,1
16790,守封來酒一壺,1
16791,封來酒一壺攻,1
16792,來酒一壺攻破,1
16793,酒一壺攻破是,1
16794,一壺攻破是非,1
16795,壺攻破是非渾,1
16796,攻破是非渾似,1
16797,破是非渾似夢,1
16798,是非渾似夢削,1
16799,非渾似夢削平,1
16800,渾似夢削平身,1
16801,似夢削平身世,1
16802,夢削平身世有,1
16803,削平身世有如,1
16804,平身世有如無,1
16805,身世有如無醺,1
16806,世有如無醺醺,1
16807,有如無醺醺若,1
16808,如無醺醺若借,1
16809,無醺醺若借嵇,1
16810,醺醺若借嵇康,1
16811,醺若借嵇康懶,1
16812,若借嵇康懶兀,1
16813,借嵇康懶兀兀,1
16814,嵇康懶兀兀仍,1
16815,康懶兀兀仍添,1
16816,懶兀兀仍添甯,1
16817,兀兀仍添甯武,1
16818,兀仍添甯武愚,1
16819,仍添甯武愚猶,1
16820,添甯武愚猶念,1
16821,甯武愚猶念悲,1
16822,武愚猶念悲秋,1
16823,愚猶念悲秋更,1
16824,猶念悲秋更分,1
16825,念悲秋更分賜,1
16826,悲秋更分賜夾,1
16827,秋更分賜夾溪,1
16828,更分賜夾溪紅,1
16829,分賜夾溪紅蓼,1
16830,賜夾溪紅蓼映,1
16831,夾溪紅蓼映風,1
16832,溪紅蓼映風蒲,1
16833,紅蓼映風蒲鈿,1
16834,蓼映風蒲鈿尺,1
16835,映風蒲鈿尺裁,1
16836,風蒲鈿尺裁量,1
16837,蒲鈿尺裁量減,1
16838,鈿尺裁量減四,1
16839,尺裁量減四分,1
16840,裁量減四分纖,1
16841,量減四分纖纖,1
16842,減四分纖纖玉,1
16843,四分纖纖玉筍,1
16844,分纖纖玉筍裹,1
16845,纖纖玉筍裹輕,1
16846,纖玉筍裹輕雲,1
16847,玉筍裹輕雲五,1
16848,筍裹輕雲五陵,1
16849,裹輕雲五陵年,1
16850,輕雲五陵年少,1
16851,雲五陵年少欺,1
16852,五陵年少欺他,1
16853,陵年少欺他醉,1
16854,年少欺他醉笑,1
16855,少欺他醉笑把,1
16856,欺他醉笑把花,1
16857,他醉笑把花前,1
16858,醉笑把花前出,1
16859,笑把花前出畫,1
16860,把花前出畫裙,1
16861,花前出畫裙蟬,1
16862,前出畫裙蟬翼,1
16863,出畫裙蟬翼輕,1
16864,畫裙蟬翼輕綃,1
16865,裙蟬翼輕綃傅,1
16866,蟬翼輕綃傅體,1
16867,翼輕綃傅體紅,1
16868,輕綃傅體紅玉,1
16869,綃傅體紅玉膚,1
16870,傅體紅玉膚如,1
16871,體紅玉膚如醉,1
16872,紅玉膚如醉向,1
16873,玉膚如醉向春,1
16874,膚如醉向春風,1
16875,如醉向春風深,1
16876,醉向春風深宮,1
16877,向春風深宮鎖,1
16878,春風深宮鎖閉,1
16879,風深宮鎖閉猶,1
16880,深宮鎖閉猶疑,1
16881,宮鎖閉猶疑惑,1
16882,鎖閉猶疑惑更,1
16883,閉猶疑惑更取,1
16884,猶疑惑更取丹,1
16885,疑惑更取丹沙,1
16886,惑更取丹沙試,1
16887,更取丹沙試辟,1
16888,取丹沙試辟宮,1
16889,丹沙試辟宮監,1
16890,沙試辟宮監宮,1
16891,試辟宮監宮引,1
16892,辟宮監宮引出,1
16893,宮監宮引出暫,1
16894,監宮引出暫開,1
16895,宮引出暫開門,1
16896,引出暫開門隨,1
16897,出暫開門隨例,1
16898,暫開門隨例須,1
16899,開門隨例須朝,1
16900,門隨例須朝不,1
16901,隨例須朝不是,1
16902,例須朝不是恩,1
16903,須朝不是恩銀,1
16904,朝不是恩銀鑰,1
16905,不是恩銀鑰卻,1
16906,是恩銀鑰卻收,1
16907,恩銀鑰卻收金,1
16908,銀鑰卻收金鎖,1
16909,鑰卻收金鎖合,1
16910,卻收金鎖合月,1
16911,收金鎖合月明,1
16912,金鎖合月明花,1
16913,鎖合月明花落,1
16914,合月明花落又,1
16915,月明花落又黃,1
16916,明花落又黃昏,1
16917,花落又黃昏三,1
16918,落又黃昏三十,1
16919,又黃昏三十六,1
16920,黃昏三十六宮,1
16921,昏三十六宮秋,1
16922,三十六宮秋夜,1
16923,十六宮秋夜深,1
16924,六宮秋夜深昭,1
16925,宮秋夜深昭陽,1
16926,秋夜深昭陽歌,1
16927,夜深昭陽歌斷,1
16928,深昭陽歌斷信,1
16929,昭陽歌斷信沉,1
16930,陽歌斷信沉沉,1
16931,歌斷信沉沉唯,1
16932,斷信沉沉唯應,1
16933,信沉沉唯應獨,1
16934,沉沉唯應獨伴,1
16935,沉唯應獨伴陳,1
16936,唯應獨伴陳皇,1
16937,應獨伴陳皇后,1
16938,獨伴陳皇后照,1
16939,伴陳皇后照見,1
16940,陳皇后照見長,1
16941,皇后照見長門,1
16942,后照見長門望,1
16943,照見長門望幸,1
16944,見長門望幸心,1
16945,長門望幸心賢,1
16946,門望幸心賢相,1
16947,望幸心賢相輔,1
16948,幸心賢相輔明,1
16949,心賢相輔明主,1
16950,賢相輔明主蒼,1
16951,相輔明主蒼生,1
16952,輔明主蒼生壽,1
16953,明主蒼生壽域,1
16954,主蒼生壽域開,1
16955,蒼生壽域開青,1
16956,生壽域開青春,1
16957,壽域開青春辭,1
16958,域開青春辭白,1
16959,開青春辭白日,1
16960,青春辭白日幽,1
16961,春辭白日幽壤,1
16962,辭白日幽壤作,1
16963,白日幽壤作黃,1
16964,日幽壤作黃埃,1
16965,幽壤作黃埃豈,1
16966,壤作黃埃豈是,1
16967,作黃埃豈是無,1
16968,黃埃豈是無多,1
16969,埃豈是無多士,1
16970,豈是無多士偏,1
16971,是無多士偏蒙,1
16972,無多士偏蒙不,1
16973,多士偏蒙不棄,1
16974,士偏蒙不棄才,1
16975,偏蒙不棄才孤,1
16976,蒙不棄才孤墳,1
16977,不棄才孤墳三,1
16978,棄才孤墳三尺,1
16979,才孤墳三尺土,1
16980,孤墳三尺土誰,1
16981,墳三尺土誰可,1
16982,三尺土誰可為,1
16983,尺土誰可為培,1
16984,土誰可為培栽,1
16985,誰可為培栽二,1
16986,可為培栽二月,1
16987,為培栽二月春,1
16988,培栽二月春風,1
16989,栽二月春風江,1
16990,二月春風江上,1
16991,月春風江上來,1
16992,春風江上來水,1
16993,風江上來水精,1
16994,江上來水精波,1
16995,上來水精波動,1
16996,來水精波動碎,1
16997,水精波動碎樓,1
16998,精波動碎樓臺,1
16999,波動碎樓臺吳,1
17000,動碎樓臺吳王,1
17001,碎樓臺吳王宮,1
17002,樓臺吳王宮殿,1
17003,臺吳王宮殿柳,1
17004,吳王宮殿柳含,1
17005,王宮殿柳含翠,1
17006,宮殿柳含翠蘇,1
17007,殿柳含翠蘇小,1
17008,柳含翠蘇小宅,1
17009,含翠蘇小宅房,1
17010,翠蘇小宅房花,1
17011,蘇小宅房花正,1
17012,小宅房花正開,1
17013,宅房花正開解,1
17014,房花正開解舞,1
17015,花正開解舞細,1
17016,正開解舞細腰,1
17017,開解舞細腰何,1
17018,解舞細腰何處,1
17019,舞細腰何處往,1
17020,細腰何處往能,1
17021,腰何處往能歌,1
17022,何處往能歌姹,1
17023,處往能歌姹女,1
17024,往能歌姹女逐,1
17025,能歌姹女逐誰,1
17026,歌姹女逐誰回,1
17027,姹女逐誰回千,1
17028,女逐誰回千秋,1
17029,逐誰回千秋萬,1
17030,誰回千秋萬古,1
17031,回千秋萬古無,1
17032,千秋萬古無消,1
17033,秋萬古無消息,1
17034,萬古無消息國,1
17035,古無消息國作,1
17036,無消息國作荒,1
17037,消息國作荒原,1
17038,息國作荒原人,1
17039,國作荒原人作,1
17040,作荒原人作灰,1
17041,荒原人作灰梧,1
17042,原人作灰梧桐,1
17043,人作灰梧桐葉,1
17044,作灰梧桐葉落,1
17045,灰梧桐葉落雁,1
17046,梧桐葉落雁初,1
17047,桐葉落雁初歸,1
17048,葉落雁初歸迢,1
17049,落雁初歸迢遞,1
17050,雁初歸迢遞無,1
17051,初歸迢遞無因,1
17052,歸迢遞無因寄,1
17053,迢遞無因寄遠,1
17054,遞無因寄遠衣,1
17055,無因寄遠衣月,1
17056,因寄遠衣月照,1
17057,寄遠衣月照石,1
17058,遠衣月照石泉,1
17059,衣月照石泉金,1
17060,月照石泉金點,1
17061,照石泉金點冷,1
17062,石泉金點冷鳳,1
17063,泉金點冷鳳酣,1
17064,金點冷鳳酣簫,1
17065,點冷鳳酣簫管,1
17066,冷鳳酣簫管玉,1
17067,鳳酣簫管玉聲,1
17068,酣簫管玉聲微,1
17069,簫管玉聲微佳,1
17070,管玉聲微佳人,1
17071,玉聲微佳人刀,1
17072,聲微佳人刀杵,1
17073,微佳人刀杵秋,1
17074,佳人刀杵秋風,1
17075,人刀杵秋風外,1
17076,刀杵秋風外蕩,1
17077,杵秋風外蕩子,1
17078,秋風外蕩子從,1
17079,風外蕩子從征,1
17080,外蕩子從征夢,1
17081,蕩子從征夢寐,1
17082,子從征夢寐希,1
17083,從征夢寐希遙,1
17084,征夢寐希遙望,1
17085,夢寐希遙望戍,1
17086,寐希遙望戍樓,1
17087,希遙望戍樓天,1
17088,遙望戍樓天欲,1
17089,望戍樓天欲曉,1
17090,戍樓天欲曉滿,1
17091,樓天欲曉滿城,1
17092,天欲曉滿城冬,1
17093,欲曉滿城冬鼓,1
17094,曉滿城冬鼓白,1
17095,滿城冬鼓白雲,1
17096,城冬鼓白雲飛,1
17097,冬鼓白雲飛晴,1
17098,鼓白雲飛晴河,1
17099,白雲飛晴河萬,1
17100,雲飛晴河萬里,1
17101,飛晴河萬里色,1
17102,晴河萬里色如,1
17103,河萬里色如刀,1
17104,萬里色如刀處,1
17105,里色如刀處處,1
17106,色如刀處處浮,1
17107,如刀處處浮雲,1
17108,刀處處浮雲臥,1
17109,處處浮雲臥碧,1
17110,處浮雲臥碧桃,1
17111,浮雲臥碧桃仙,1
17112,雲臥碧桃仙桂,1
17113,臥碧桃仙桂茂,1
17114,碧桃仙桂茂時,1
17115,桃仙桂茂時金,1
17116,仙桂茂時金鏡,1
17117,桂茂時金鏡曉,1
17118,茂時金鏡曉洛,1
17119,時金鏡曉洛波,1
17120,金鏡曉洛波飛,1
17121,鏡曉洛波飛處,1
17122,曉洛波飛處玉,1
17123,洛波飛處玉容,1
17124,波飛處玉容高,1
17125,飛處玉容高雄,1
17126,處玉容高雄如,1
17127,玉容高雄如寶,1
17128,容高雄如寶劍,1
17129,高雄如寶劍沖,1
17130,雄如寶劍沖牛,1
17131,如寶劍沖牛鬥,1
17132,寶劍沖牛鬥麗,1
17133,劍沖牛鬥麗似,1
17134,沖牛鬥麗似鴛,1
17135,牛鬥麗似鴛鴦,1
17136,鬥麗似鴛鴦養,1
17137,麗似鴛鴦養羽,1
17138,似鴛鴦養羽毛,1
17139,鴛鴦養羽毛他,1
17140,鴦養羽毛他日,1
17141,養羽毛他日憶,1
17142,羽毛他日憶君,1
17143,毛他日憶君何,1
17144,他日憶君何處,1
17145,日憶君何處望,1
17146,憶君何處望九,1
17147,君何處望九天,1
17148,何處望九天香,1
17149,處望九天香滿,1
17150,望九天香滿碧,1
17151,九天香滿碧蕭,1
17152,天香滿碧蕭騷,1
17153,香滿碧蕭騷東,1
17154,滿碧蕭騷東西,1
17155,碧蕭騷東西南,1
17156,蕭騷東西南北,1
17157,騷東西南北數,1
17158,東西南北數衢,1
17159,西南北數衢通,1
17160,南北數衢通曾,1
17161,北數衢通曾取,1
17162,數衢通曾取江,1
17163,衢通曾取江西,1
17164,通曾取江西徑,1
17165,曾取江西徑過,1
17166,取江西徑過東,1
17167,江西徑過東今,1
17168,西徑過東今日,1
17169,徑過東今日更,1
17170,過東今日更尋,1
17171,東今日更尋南,1
17172,今日更尋南去,1
17173,日更尋南去路,1
17174,更尋南去路未,1
17175,尋南去路未秋,1
17176,南去路未秋應,1
17177,去路未秋應有,1
17178,路未秋應有北,1
17179,未秋應有北歸,1
17180,秋應有北歸鴻,1
17181,應有北歸鴻東,1
17182,有北歸鴻東都,1
17183,北歸鴻東都放,1
17184,歸鴻東都放榜,1
17185,鴻東都放榜未,1
17186,東都放榜未花,1
17187,都放榜未花開,1
17188,放榜未花開三,1
17189,榜未花開三十,1
17190,未花開三十三,1
17191,花開三十三人,1
17192,開三十三人走,1
17193,三十三人走馬,1
17194,十三人走馬回,1
17195,三人走馬回秦,1
17196,人走馬回秦地,1
17197,走馬回秦地少,1
17198,馬回秦地少年,1
17199,回秦地少年多,1
17200,秦地少年多釀,1
17201,地少年多釀酒,1
17202,少年多釀酒已,1
17203,年多釀酒已將,1
17204,多釀酒已將春,1
17205,釀酒已將春色,1
17206,酒已將春色入,1
17207,已將春色入關,1
17208,將春色入關來,1
17209,春色入關來才,1
17210,色入關來才子,1
17211,入關來才子風,1
17212,關來才子風流,1
17213,來才子風流詠,1
17214,才子風流詠曉,1
17215,子風流詠曉霞,1
17216,風流詠曉霞倚,1
17217,流詠曉霞倚樓,1
17218,詠曉霞倚樓吟,1
17219,曉霞倚樓吟住,1
17220,霞倚樓吟住日,1
17221,倚樓吟住日初,1
17222,樓吟住日初斜,1
17223,吟住日初斜驚,1
17224,住日初斜驚殺,1
17225,日初斜驚殺東,1
17226,初斜驚殺東鄰,1
17227,斜驚殺東鄰繡,1
17228,驚殺東鄰繡床,1
17229,殺東鄰繡床女,1
17230,東鄰繡床女錯,1
17231,鄰繡床女錯將,1
17232,繡床女錯將黃,1
17233,床女錯將黃暈,1
17234,女錯將黃暈壓,1
17235,錯將黃暈壓檀,1
17236,將黃暈壓檀花,1
17237,黃暈壓檀花北,1
17238,暈壓檀花北闕,1
17239,壓檀花北闕南,1
17240,檀花北闕南山,1
17241,花北闕南山是,1
17242,北闕南山是故,1
17243,闕南山是故鄉,1
17244,南山是故鄉兩,1
17245,山是故鄉兩枝,1
17246,是故鄉兩枝仙,1
17247,故鄉兩枝仙桂,1
17248,鄉兩枝仙桂一,1
17249,兩枝仙桂一時,1
17250,枝仙桂一時芳,1
17251,仙桂一時芳休,1
17252,桂一時芳休公,1
17253,一時芳休公都,1
17254,時芳休公都不,1
17255,芳休公都不知,1
17256,休公都不知名,1
17257,公都不知名姓,1
17258,都不知名姓始,1
17259,不知名姓始覺,1
17260,知名姓始覺禪,1
17261,名姓始覺禪門,1
17262,姓始覺禪門氣,1
17263,始覺禪門氣味,1
17264,覺禪門氣味長,1
17265,禪門氣味長落,1
17266,門氣味長落魄,1
17267,氣味長落魄江,1
17268,味長落魄江南,1
17269,長落魄江南載,1
17270,落魄江南載酒,1
17271,魄江南載酒行,1
17272,江南載酒行楚,1
17273,南載酒行楚腰,1
17274,載酒行楚腰腸,1
17275,酒行楚腰腸斷,1
17276,行楚腰腸斷掌,1
17277,楚腰腸斷掌中,1
17278,腰腸斷掌中輕,1
17279,腸斷掌中輕十,1
17280,斷掌中輕十年,1
17281,掌中輕十年一,1
17282,中輕十年一覺,1
17283,輕十年一覺揚,1
17284,十年一覺揚州,1
17285,年一覺揚州夢,1
17286,一覺揚州夢贏,1
17287,覺揚州夢贏得,1
17288,揚州夢贏得青,1
17289,州夢贏得青樓,1
17290,夢贏得青樓薄,1
17291,贏得青樓薄幸,1
17292,得青樓薄幸名,1
17293,青樓薄幸名金,1
17294,樓薄幸名金風,1
17295,薄幸名金風萬,1
17296,幸名金風萬里,1
17297,名金風萬里思,1
17298,金風萬里思何,1
17299,風萬里思何盡,1
17300,萬里思何盡玉,1
17301,里思何盡玉樹,1
17302,思何盡玉樹一,1
17303,何盡玉樹一窗,1
17304,盡玉樹一窗秋,1
17305,玉樹一窗秋影,1
17306,樹一窗秋影寒,1
17307,一窗秋影寒獨,1
17308,窗秋影寒獨掩,1
17309,秋影寒獨掩柴,1
17310,影寒獨掩柴門,1
17311,寒獨掩柴門明,1
17312,獨掩柴門明月,1
17313,掩柴門明月下,1
17314,柴門明月下淚,1
17315,門明月下淚流,1
17316,明月下淚流香,1
17317,月下淚流香袂,1
17318,下淚流香袂倚,1
17319,淚流香袂倚闌,1
17320,流香袂倚闌幹,1
17321,香袂倚闌幹蘆,1
17322,袂倚闌幹蘆花,1
17323,倚闌幹蘆花深,1
17324,闌幹蘆花深澤,1
17325,幹蘆花深澤靜,1
17326,蘆花深澤靜垂,1
17327,花深澤靜垂綸,1
17328,深澤靜垂綸月,1
17329,澤靜垂綸月夕,1
17330,靜垂綸月夕煙,1
17331,垂綸月夕煙朝,1
17332,綸月夕煙朝幾,1
17333,月夕煙朝幾十,1
17334,夕煙朝幾十春,1
17335,煙朝幾十春自,1
17336,朝幾十春自說,1
17337,幾十春自說孤,1
17338,十春自說孤舟,1
17339,春自說孤舟寒,1
17340,自說孤舟寒水,1
17341,說孤舟寒水畔,1
17342,孤舟寒水畔不,1
17343,舟寒水畔不曾,1
17344,寒水畔不曾逢,1
17345,水畔不曾逢著,1
17346,畔不曾逢著獨,1
17347,不曾逢著獨醒,1
17348,曾逢著獨醒人,1
17349,逢著獨醒人自,1
17350,著獨醒人自恨,1
17351,獨醒人自恨尋,1
17352,醒人自恨尋芳,1
17353,人自恨尋芳到,1
17354,自恨尋芳到已,1
17355,恨尋芳到已遲,1
17356,尋芳到已遲往,1
17357,芳到已遲往年,1
17358,到已遲往年曾,1
17359,已遲往年曾見,1
17360,遲往年曾見未,1
17361,往年曾見未開,1
17362,年曾見未開時,1
17363,曾見未開時如,1
17364,見未開時如今,1
17365,未開時如今風,1
17366,開時如今風擺,1
17367,時如今風擺花,1
17368,如今風擺花狼,1
17369,今風擺花狼藉,1
17370,風擺花狼藉綠,1
17371,擺花狼藉綠葉,1
17372,花狼藉綠葉成,1
17373,狼藉綠葉成陰,1
17374,藉綠葉成陰子,1
17375,成陰子滿枝數,1
17376,陰子滿枝數莖,1
17377,子滿枝數莖幽,1
17378,滿枝數莖幽玉,1
17379,枝數莖幽玉色,1
17380,數莖幽玉色曉,1
17381,莖幽玉色曉夕,1
17382,幽玉色曉夕翠,1
17383,玉色曉夕翠煙,1
17384,色曉夕翠煙分,1
17385,曉夕翠煙分聲,1
17386,夕翠煙分聲破,1
17387,翠煙分聲破寒,1
17388,煙分聲破寒窗,1
17389,分聲破寒窗夢,1
17390,聲破寒窗夢根,1
17391,破寒窗夢根穿,1
17392,寒窗夢根穿綠,1
17393,窗夢根穿綠蘚,1
17394,夢根穿綠蘚紋,1
17395,根穿綠蘚紋漸,1
17396,穿綠蘚紋漸籠,1
17397,綠蘚紋漸籠當,1
17398,蘚紋漸籠當檻,1
17399,紋漸籠當檻日,1
17400,漸籠當檻日欲,1
17401,籠當檻日欲礙,1
17402,當檻日欲礙入,1
17403,檻日欲礙入簾,1
17404,日欲礙入簾雲,1
17405,欲礙入簾雲不,1
17406,礙入簾雲不是,1
17407,入簾雲不是山,1
17408,簾雲不是山陰,1
17409,雲不是山陰客,1
17410,不是山陰客何,1
17411,是山陰客何人,1
17412,山陰客何人愛,1
17413,陰客何人愛此,1
17414,客何人愛此君,1
17415,何人愛此君遠,1
17416,人愛此君遠上,1
17417,愛此君遠上寒,1
17418,此君遠上寒山,1
17419,君遠上寒山石,1
17420,遠上寒山石徑,1
17421,上寒山石徑斜,1
17422,寒山石徑斜白,1
17423,山石徑斜白雲,1
17424,石徑斜白雲生,1
17425,徑斜白雲生處,1
17426,斜白雲生處有,1
17427,白雲生處有人,1
17428,雲生處有人家,1
17429,生處有人家停,1
17430,處有人家停車,1
17431,有人家停車坐,1
17432,人家停車坐愛,1
17433,家停車坐愛楓,1
17434,停車坐愛楓林,1
17435,車坐愛楓林晚,1
17436,坐愛楓林晚霜,1
17437,愛楓林晚霜葉,1
17438,楓林晚霜葉紅,1
17439,林晚霜葉紅於,1
17440,晚霜葉紅於二,1
17441,霜葉紅於二月,1
17442,葉紅於二月花,1
17443,紅於二月花滿,1
17444,於二月花滿眼,1
17445,二月花滿眼青,1
17446,月花滿眼青山,1
17447,花滿眼青山未,1
17448,滿眼青山未得,1
17449,眼青山未得過,1
17450,青山未得過鏡,1
17451,山未得過鏡中,1
17452,未得過鏡中無,1
17453,得過鏡中無那,1
17454,過鏡中無那鬢,1
17455,鏡中無那鬢絲,1
17456,中無那鬢絲何,1
17457,無那鬢絲何只,1
17458,那鬢絲何只言,1
17459,鬢絲何只言旋,1
17460,絲何只言旋老,1
17461,何只言旋老轉,1
17462,只言旋老轉無,1
17463,言旋老轉無事,1
17464,旋老轉無事欲,1
17465,老轉無事欲到,1
17466,轉無事欲到中,1
17467,無事欲到中年,1
17468,事欲到中年事,1
17469,欲到中年事更,1
17470,到中年事更多,1
17471,中年事更多曉,1
17472,年事更多曉迎,1
17473,事更多曉迎秋,1
17474,更多曉迎秋露,1
17475,多曉迎秋露一,1
17476,曉迎秋露一枝,1
17477,迎秋露一枝新,1
17478,秋露一枝新不,1
17479,露一枝新不占,1
17480,一枝新不占園,1
17481,枝新不占園中,1
17482,新不占園中最,1
17483,不占園中最上,1
17484,占園中最上春,1
17485,園中最上春桃,1
17486,中最上春桃李,1
17487,最上春桃李無,1
17488,上春桃李無言,1
17489,春桃李無言又,1
17490,桃李無言又何,1
17491,李無言又何在,1
17492,無言又何在向,1
17493,言又何在向風,1
17494,又何在向風偏,1
17495,何在向風偏笑,1
17496,在向風偏笑豔,1
17497,向風偏笑豔陽,1
17498,風偏笑豔陽人,1
17499,偏笑豔陽人謝,1
17500,笑豔陽人謝傅,1
17501,豔陽人謝傅秋,1
17502,陽人謝傅秋涼,1
17503,人謝傅秋涼閱,1
17504,謝傅秋涼閱管,1
17505,傅秋涼閱管弦,1
17506,秋涼閱管弦徒,1
17507,涼閱管弦徒教,1
17508,閱管弦徒教賤,1
17509,管弦徒教賤子,1
17510,弦徒教賤子侍,1
17511,徒教賤子侍華,1
17512,教賤子侍華筵,1
17513,賤子侍華筵溪,1
17514,子侍華筵溪頭,1
17515,侍華筵溪頭正,1
17516,華筵溪頭正雨,1
17517,筵溪頭正雨歸,1
17518,溪頭正雨歸不,1
17519,頭正雨歸不得,1
17520,正雨歸不得辜,1
17521,雨歸不得辜負,1
17522,歸不得辜負東,1
17523,不得辜負東窗,1
17524,得辜負東窗一,1
17525,辜負東窗一覺,1
17526,負東窗一覺眠,1
17527,東窗一覺眠兵,1
17528,窗一覺眠兵符,1
17529,一覺眠兵符嚴,1
17530,覺眠兵符嚴重,1
17531,眠兵符嚴重辭,1
17532,兵符嚴重辭金,1
17533,符嚴重辭金馬,1
17534,嚴重辭金馬星,1
17535,重辭金馬星劍,1
17536,辭金馬星劍光,1
17537,金馬星劍光芒,1
17538,馬星劍光芒射,1
17539,星劍光芒射鬥,1
17540,劍光芒射鬥牛,1
17541,光芒射鬥牛筆,1
17542,芒射鬥牛筆落,1
17543,射鬥牛筆落青,1
17544,鬥牛筆落青山,1
17545,牛筆落青山飄,1
17546,筆落青山飄古,1
17547,落青山飄古韻,1
17548,青山飄古韻帳,1
17549,山飄古韻帳開,1
17550,飄古韻帳開紅,1
17551,古韻帳開紅旆,1
17552,韻帳開紅旆照,1
17553,帳開紅旆照高,1
17554,開紅旆照高秋,1
17555,紅旆照高秋香,1
17556,旆照高秋香連,1
17557,照高秋香連日,1
17558,高秋香連日彩,1
17559,秋香連日彩浮,1
17560,香連日彩浮綃,1
17561,連日彩浮綃幕,1
17562,日彩浮綃幕溪,1
17563,彩浮綃幕溪逐,1
17564,浮綃幕溪逐歌,1
17565,綃幕溪逐歌聲,1
17566,幕溪逐歌聲繞,1
17567,溪逐歌聲繞畫,1
17568,逐歌聲繞畫樓,1
17569,歌聲繞畫樓可,1
17570,聲繞畫樓可惜,1
17571,繞畫樓可惜登,1
17572,畫樓可惜登臨,1
17573,樓可惜登臨佳,1
17574,可惜登臨佳麗,1
17575,惜登臨佳麗地,1
17576,登臨佳麗地羽,1
17577,臨佳麗地羽儀,1
17578,佳麗地羽儀須,1
17579,麗地羽儀須去,1
17580,地羽儀須去鳳,1
17581,羽儀須去鳳池,1
17582,儀須去鳳池遊,1
17583,須去鳳池遊九,1
17584,去鳳池遊九月,1
17585,鳳池遊九月三,1
17586,池遊九月三十,1
17587,遊九月三十日,1
17588,九月三十日雨,1
17589,月三十日雨聲,1
17590,三十日雨聲如,1
17591,十日雨聲如別,1
17592,日雨聲如別秋,1
17593,雨聲如別秋無,1
17594,聲如別秋無端,1
17595,如別秋無端滿,1
17596,別秋無端滿階,1
17597,秋無端滿階葉,1
17598,無端滿階葉共,1
17599,端滿階葉共白,1
17600,滿階葉共白幾,1
17601,階葉共白幾人,1
17602,葉共白幾人頭,1
17603,共白幾人頭點,1
17604,白幾人頭點滴,1
17605,幾人頭點滴侵,1
17606,人頭點滴侵寒,1
17607,頭點滴侵寒夢,1
17608,點滴侵寒夢蕭,1
17609,滴侵寒夢蕭騷,1
17610,侵寒夢蕭騷著,1
17611,寒夢蕭騷著淡,1
17612,夢蕭騷著淡愁,1
17613,蕭騷著淡愁漁,1
17614,騷著淡愁漁歌,1
17615,著淡愁漁歌聽,1
17616,淡愁漁歌聽不,1
17617,愁漁歌聽不唱,1
17618,漁歌聽不唱蓑,1
17619,歌聽不唱蓑濕,1
17620,聽不唱蓑濕棹,1
17621,不唱蓑濕棹回,1
17622,唱蓑濕棹回舟,1
17623,蓑濕棹回舟數,1
17624,濕棹回舟數條,1
17625,棹回舟數條秋,1
17626,回舟數條秋水,1
17627,舟數條秋水掛,1
17628,數條秋水掛琅,1
17629,條秋水掛琅玕,1
17630,秋水掛琅玕玉,1
17631,水掛琅玕玉手,1
17632,掛琅玕玉手丁,1
17633,琅玕玉手丁當,1
17634,玕玉手丁當怕,1
17635,玉手丁當怕夜,1
17636,手丁當怕夜寒,1
17637,丁當怕夜寒曲,1
17638,當怕夜寒曲盡,1
17639,怕夜寒曲盡連,1
17640,夜寒曲盡連敲,1
17641,寒曲盡連敲三,1
17642,曲盡連敲三四,1
17643,盡連敲三四下,1
17644,連敲三四下恐,1
17645,敲三四下恐驚,1
17646,三四下恐驚珠,1
17647,四下恐驚珠淚,1
17648,下恐驚珠淚落,1
17649,恐驚珠淚落金,1
17650,驚珠淚落金盤,1
17651,珠淚落金盤孤,1
17652,淚落金盤孤驛,1
17653,落金盤孤驛在,1
17654,金盤孤驛在重,1
17655,盤孤驛在重阻,1
17656,孤驛在重阻雲,1
17657,驛在重阻雲根,1
17658,在重阻雲根掩,1
17659,重阻雲根掩柴,1
17660,阻雲根掩柴扉,1
17661,雲根掩柴扉數,1
17662,根掩柴扉數聲,1
17663,掩柴扉數聲暮,1
17664,柴扉數聲暮禽,1
17665,扉數聲暮禽切,1
17666,數聲暮禽切萬,1
17667,聲暮禽切萬壑,1
17668,暮禽切萬壑秋,1
17669,禽切萬壑秋意,1
17670,切萬壑秋意歸,1
17671,萬壑秋意歸心,1
17672,壑秋意歸心馳,1
17673,秋意歸心馳碧,1
17674,意歸心馳碧泉,1
17675,歸心馳碧泉澗,1
17676,心馳碧泉澗目,1
17677,馳碧泉澗目斷,1
17678,碧泉澗目斷青,1
17679,泉澗目斷青瑣,1
17680,澗目斷青瑣闈,1
17681,目斷青瑣闈明,1
17682,斷青瑣闈明日,1
17683,青瑣闈明日武,1
17684,瑣闈明日武關,1
17685,闈明日武關外,1
17686,明日武關外夢,1
17687,日武關外夢魂,1
17688,武關外夢魂勞,1
17689,關外夢魂勞遠,1
17690,外夢魂勞遠飛,1
17691,夢魂勞遠飛清,1
17692,魂勞遠飛清晨,1
17693,勞遠飛清晨候,1
17694,遠飛清晨候吏,1
17695,飛清晨候吏把,1
17696,清晨候吏把書,1
17697,晨候吏把書來,1
17698,候吏把書來十,1
17699,吏把書來十載,1
17700,把書來十載離,1
17701,書來十載離憂,1
17702,來十載離憂得,1
17703,十載離憂得暫,1
17704,載離憂得暫開,1
17705,離憂得暫開癡,1
17706,憂得暫開癡叔,1
17707,得暫開癡叔去,1
17708,暫開癡叔去時,1
17709,開癡叔去時還,1
17710,癡叔去時還讀,1
17711,叔去時還讀易,1
17712,去時還讀易仲,1
17713,時還讀易仲容,1
17714,還讀易仲容多,1
17715,讀易仲容多興,1
17716,易仲容多興索,1
17717,仲容多興索銜,1
17718,容多興索銜杯,1
17719,多興索銜杯人,1
17720,興索銜杯人心,1
17721,索銜杯人心計,1
17722,銜杯人心計日,1
17723,杯人心計日殷,1
17724,人心計日殷勤,1
17725,心計日殷勤望,1
17726,計日殷勤望馬,1
17727,日殷勤望馬首,1
17728,殷勤望馬首隨,1
17729,勤望馬首隨雲,1
17730,望馬首隨雲早,1
17731,馬首隨雲早晚,1
17732,首隨雲早晚回,1
17733,隨雲早晚回莫,1
17734,雲早晚回莫為,1
17735,早晚回莫為霜,1
17736,晚回莫為霜台,1
17737,回莫為霜台愁,1
17738,莫為霜台愁歲,1
17739,為霜台愁歲暮,1
17740,霜台愁歲暮潛,1
17741,台愁歲暮潛龍,1
17742,愁歲暮潛龍須,1
17743,歲暮潛龍須待,1
17744,暮潛龍須待一,1
17745,潛龍須待一聲,1
17746,龍須待一聲雷,1
17747,須待一聲雷有,1
17748,待一聲雷有客,1
17749,一聲雷有客誰,1
17750,聲雷有客誰人,1
17751,雷有客誰人肯,1
17752,有客誰人肯夜,1
17753,客誰人肯夜過,1
17754,誰人肯夜過獨,1
17755,人肯夜過獨憐,1
17756,肯夜過獨憐風,1
17757,夜過獨憐風景,1
17758,過獨憐風景奈,1
17759,獨憐風景奈愁,1
17760,憐風景奈愁何,1
17761,風景奈愁何邊,1
17762,景奈愁何邊鴻,1
17763,奈愁何邊鴻怨,1
17764,愁何邊鴻怨處,1
17765,何邊鴻怨處迷,1
17766,邊鴻怨處迷霜,1
17767,鴻怨處迷霜久,1
17768,怨處迷霜久庭,1
17769,處迷霜久庭樹,1
17770,迷霜久庭樹空,1
17771,霜久庭樹空來,1
17772,久庭樹空來見,1
17773,庭樹空來見月,1
17774,樹空來見月多,1
17775,空來見月多故,1
17776,來見月多故國,1
17777,見月多故國杳,1
17778,月多故國杳無,1
17779,多故國杳無千,1
17780,故國杳無千里,1
17781,國杳無千里信,1
17782,杳無千里信采,1
17783,無千里信采弦,1
17784,千里信采弦時,1
17785,里信采弦時伴,1
17786,信采弦時伴一,1
17787,采弦時伴一聲,1
17788,弦時伴一聲歌,1
17789,時伴一聲歌馳,1
17790,伴一聲歌馳心,1
17791,一聲歌馳心只,1
17792,聲歌馳心只待,1
17793,歌馳心只待城,1
17794,馳心只待城烏,1
17795,心只待城烏曉,1
17796,只待城烏曉幾,1
17797,待城烏曉幾對,1
17798,城烏曉幾對虛,1
17799,烏曉幾對虛簷,1
17800,曉幾對虛簷望,1
17801,幾對虛簷望白,1
17802,對虛簷望白河,1
17803,虛簷望白河清,1
17804,簷望白河清羸,1
17805,望白河清羸已,1
17806,白河清羸已近,1
17807,河清羸已近百,1
17808,清羸已近百年,1
17809,羸已近百年身,1
17810,已近百年身古,1
17811,近百年身古寺,1
17812,百年身古寺風,1
17813,年身古寺風煙,1
17814,身古寺風煙又,1
17815,古寺風煙又一,1
17816,寺風煙又一春,1
17817,風煙又一春寰,1
17818,煙又一春寰海,1
17819,又一春寰海自,1
17820,一春寰海自成,1
17821,春寰海自成戎,1
17822,寰海自成戎馬,1
17823,海自成戎馬地,1
17824,自成戎馬地唯,1
17825,成戎馬地唯師,1
17826,戎馬地唯師曾,1
17827,馬地唯師曾是,1
17828,地唯師曾是太,1
17829,唯師曾是太平,1
17830,師曾是太平人,1
17831,曾是太平人花,1
17832,是太平人花前,1
17833,太平人花前雖,1
17834,平人花前雖病,1
17835,人花前雖病亦,1
17836,花前雖病亦提,1
17837,前雖病亦提壺,1
17838,雖病亦提壺數,1
17839,病亦提壺數調,1
17840,亦提壺數調持,1
17841,提壺數調持觴,1
17842,壺數調持觴興,1
17843,數調持觴興有,1
17844,調持觴興有無,1
17845,持觴興有無盡,1
17846,觴興有無盡日,1
17847,興有無盡日臨,1
17848,有無盡日臨風,1
17849,無盡日臨風羨,1
17850,盡日臨風羨人,1
17851,日臨風羨人醉,1
17852,臨風羨人醉雪,1
17853,風羨人醉雪香,1
17854,羨人醉雪香空,1
17855,人醉雪香空伴,1
17856,醉雪香空伴白,1
17857,雪香空伴白髭,1
17858,香空伴白髭須,1
17859,空伴白髭須桃,1
17860,伴白髭須桃滿,1
17861,白髭須桃滿西,1
17862,髭須桃滿西園,1
17863,須桃滿西園淑,1
17864,桃滿西園淑景,1
17865,滿西園淑景催,1
17866,西園淑景催幾,1
17867,園淑景催幾多,1
17868,淑景催幾多紅,1
17869,景催幾多紅豔,1
17870,催幾多紅豔淺,1
17871,幾多紅豔淺深,1
17872,多紅豔淺深開,1
17873,紅豔淺深開此,1
17874,豔淺深開此花,1
17875,淺深開此花不,1
17876,深開此花不逐,1
17877,開此花不逐溪,1
17878,此花不逐溪流,1
17879,花不逐溪流出,1
17880,不逐溪流出晉,1
17881,逐溪流出晉客,1
17882,溪流出晉客無,1
17883,流出晉客無因,1
17884,出晉客無因入,1
17885,晉客無因入洞,1
17886,客無因入洞來,1
17887,無因入洞來煙,1
17888,因入洞來煙鴻,1
17889,入洞來煙鴻上,1
17890,洞來煙鴻上漢,1
17891,來煙鴻上漢聲,1
17892,煙鴻上漢聲聲,1
17893,鴻上漢聲聲遠,1
17894,上漢聲聲遠逸,1
17895,漢聲聲遠逸驥,1
17896,聲聲遠逸驥尋,1
17897,聲遠逸驥尋雲,1
17898,遠逸驥尋雲步,1
17899,逸驥尋雲步步,1
17900,驥尋雲步步高,1
17901,尋雲步步高應,1
17902,雲步步高應笑,1
17903,步步高應笑內,1
17904,步高應笑內兄,1
17905,高應笑內兄年,1
17906,應笑內兄年六,1
17907,笑內兄年六十,1
17908,內兄年六十郡,1
17909,兄年六十郡城,1
17910,年六十郡城閑,1
17911,六十郡城閑坐,1
17912,十郡城閑坐養,1
17913,郡城閑坐養霜,1
17914,城閑坐養霜毛,1
17915,閑坐養霜毛闕,1
17916,坐養霜毛闕下,1
17917,養霜毛闕下經,1
17918,霜毛闕下經年,1
17919,毛闕下經年別,1
17920,闕下經年別人,1
17921,下經年別人間,1
17922,經年別人間兩,1
17923,年別人間兩地,1
17924,別人間兩地情,1
17925,人間兩地情壇,1
17926,間兩地情壇場,1
17927,兩地情壇場新,1
17928,地情壇場新漢,1
17929,情壇場新漢將,1
17930,壇場新漢將煙,1
17931,場新漢將煙月,1
17932,新漢將煙月古,1
17933,漢將煙月古隋,1
17934,將煙月古隋城,1
17935,煙月古隋城雁,1
17936,月古隋城雁去,1
17937,古隋城雁去梁,1
17938,隋城雁去梁山,1
17939,城雁去梁山遠,1
17940,雁去梁山遠雲,1
17941,去梁山遠雲高,1
17942,梁山遠雲高楚,1
17943,山遠雲高楚岫,1
17944,遠雲高楚岫明,1
17945,雲高楚岫明君,1
17946,高楚岫明君家,1
17947,楚岫明君家荷,1
17948,岫明君家荷藕,1
17949,明君家荷藕好,1
17950,君家荷藕好緘,1
17951,家荷藕好緘恨,1
17952,荷藕好緘恨寄,1
17953,藕好緘恨寄遙,1
17954,好緘恨寄遙程,1
17955,緘恨寄遙程相,1
17956,恨寄遙程相送,1
17957,寄遙程相送西,1
17958,遙程相送西郊,1
17959,程相送西郊暮,1
17960,相送西郊暮景,1
17961,送西郊暮景和,1
17962,西郊暮景和青,1
17963,郊暮景和青蒼,1
17964,暮景和青蒼竹,1
17965,景和青蒼竹外,1
17966,和青蒼竹外繞,1
17967,青蒼竹外繞寒,1
17968,蒼竹外繞寒波,1
17969,竹外繞寒波為,1
17970,外繞寒波為君,1
17971,繞寒波為君蘸,1
17972,寒波為君蘸甲,1
17973,波為君蘸甲十,1
17974,為君蘸甲十分,1
17975,君蘸甲十分飲,1
17976,蘸甲十分飲應,1
17977,甲十分飲應見,1
17978,十分飲應見離,1
17979,分飲應見離心,1
17980,飲應見離心一,1
17981,應見離心一倍,1
17982,見離心一倍多,1
17983,離心一倍多執,1
17984,心一倍多執袂,1
17985,一倍多執袂還,1
17986,倍多執袂還應,1
17987,多執袂還應立,1
17988,執袂還應立馬,1
17989,袂還應立馬看,1
17990,還應立馬看向,1
17991,應立馬看向來,1
17992,立馬看向來離,1
17993,馬看向來離思,1
17994,看向來離思始,1
17995,向來離思始知,1
17996,來離思始知難,1
17997,離思始知難雁,1
17998,思始知難雁飛,1
17999,始知難雁飛不,1
18000,知難雁飛不見,1
18001,難雁飛不見行,1
18002,雁飛不見行塵,1
18003,飛不見行塵滅,1
18004,不見行塵滅景,1
18005,見行塵滅景下,1
18006,行塵滅景下山,1
18007,塵滅景下山遙,1
18008,滅景下山遙極,1
18009,景下山遙極目,1
18010,下山遙極目寒,1
18011,山遙極目寒泠,1
18012,遙極目寒泠泠,1
18013,極目寒泠泠寒,1
18014,目寒泠泠寒水,1
18015,寒泠泠寒水帶,1
18016,泠泠寒水帶霜,1
18017,泠寒水帶霜風,1
18018,寒水帶霜風更,1
18019,水帶霜風更在,1
18020,帶霜風更在天,1
18021,霜風更在天橋,1
18022,風更在天橋夜,1
18023,更在天橋夜景,1
18024,在天橋夜景中,1
18025,天橋夜景中清,1
18026,橋夜景中清禁,1
18027,夜景中清禁漏,1
18028,景中清禁漏閑,1
18029,中清禁漏閑煙,1
18030,清禁漏閑煙樹,1
18031,禁漏閑煙樹寂,1
18032,漏閑煙樹寂月,1
18033,閑煙樹寂月輪,1
18034,煙樹寂月輪移,1
18035,樹寂月輪移在,1
18036,寂月輪移在上,1
18037,月輪移在上陽,1
18038,輪移在上陽宮,1
18039,移在上陽宮已,1
18040,在上陽宮已落,1
18041,上陽宮已落雙,1
18042,陽宮已落雙雕,1
18043,宮已落雙雕血,1
18044,已落雙雕血尚,1
18045,落雙雕血尚新,1
18046,雙雕血尚新鳴,1
18047,雕血尚新鳴鞭,1
18048,血尚新鳴鞭走,1
18049,尚新鳴鞭走馬,1
18050,新鳴鞭走馬又,1
18051,鳴鞭走馬又翻,1
18052,鞭走馬又翻身,1
18053,走馬又翻身憑,1
18054,馬又翻身憑君,1
18055,又翻身憑君莫,1
18056,翻身憑君莫射,1
18057,身憑君莫射南,1
18058,憑君莫射南來,1
18059,君莫射南來雁,1
18060,莫射南來雁恐,1
18061,射南來雁恐有,1
18062,南來雁恐有家,1
18063,來雁恐有家書,1
18064,雁恐有家書寄,1
18065,恐有家書寄遠,1
18066,有家書寄遠人,1
18067,家書寄遠人長,1
18068,書寄遠人長洲,1
18069,寄遠人長洲苑,1
18070,遠人長洲苑外,1
18071,人長洲苑外草,1
18072,長洲苑外草蕭,1
18073,洲苑外草蕭蕭,1
18074,苑外草蕭蕭卻,1
18075,外草蕭蕭卻算,1
18076,草蕭蕭卻算游,1
18077,蕭蕭卻算游程,1
18078,蕭卻算游程歲,1
18079,卻算游程歲月,1
18080,算游程歲月遙,1
18081,游程歲月遙唯,1
18082,程歲月遙唯有,1
18083,歲月遙唯有別,1
18084,月遙唯有別時,1
18085,遙唯有別時今,1
18086,唯有別時今不,1
18087,有別時今不忘,1
18088,別時今不忘暮,1
18089,時今不忘暮煙,1
18090,今不忘暮煙秋,1
18091,不忘暮煙秋雨,1
18092,忘暮煙秋雨過,1
18093,暮煙秋雨過楓,1
18094,煙秋雨過楓橋,1
18095,秋雨過楓橋初,1
18096,雨過楓橋初月,1
18097,過楓橋初月微,1
18098,楓橋初月微明,1
18099,橋初月微明漏,1
18100,初月微明漏白,1
18101,月微明漏白煙,1
18102,微明漏白煙碧,1
18103,明漏白煙碧松,1
18104,漏白煙碧松梢,1
18105,白煙碧松梢外,1
18106,煙碧松梢外掛,1
18107,碧松梢外掛青,1
18108,松梢外掛青天,1
18109,梢外掛青天西,1
18110,外掛青天西風,1
18111,掛青天西風靜,1
18112,青天西風靜起,1
18113,天西風靜起傳,1
18114,西風靜起傳深,1
18115,風靜起傳深夜,1
18116,靜起傳深夜應,1
18117,起傳深夜應送,1
18118,傳深夜應送愁,1
18119,深夜應送愁吟,1
18120,夜應送愁吟入,1
18121,應送愁吟入夜,1
18122,送愁吟入夜禪,1
18123,愁吟入夜禪紅,1
18124,吟入夜禪紅燭,1
18125,入夜禪紅燭秋,1
18126,夜禪紅燭秋光,1
18127,禪紅燭秋光冷,1
18128,紅燭秋光冷畫,1
18129,燭秋光冷畫屏,1
18130,秋光冷畫屏輕,1
18131,光冷畫屏輕羅,1
18132,冷畫屏輕羅小,1
18133,畫屏輕羅小扇,1
18134,屏輕羅小扇撲,1
18135,輕羅小扇撲流,1
18136,羅小扇撲流螢,1
18137,小扇撲流螢天,1
18138,扇撲流螢天階,1
18139,撲流螢天階夜,1
18140,流螢天階夜色,1
18141,螢天階夜色涼,1
18142,天階夜色涼如,1
18143,階夜色涼如水,1
18144,夜色涼如水坐,1
18145,色涼如水坐看,1
18146,涼如水坐看牽,1
18147,如水坐看牽牛,1
18148,水坐看牽牛織,1
18149,坐看牽牛織女,1
18150,看牽牛織女星,1
18151,牽牛織女星玉,1
18152,牛織女星玉仙,1
18153,織女星玉仙瑤,1
18154,女星玉仙瑤瑟,1
18155,星玉仙瑤瑟夜,1
18156,玉仙瑤瑟夜珊,1
18157,仙瑤瑟夜珊珊,1
18158,瑤瑟夜珊珊月,1
18159,瑟夜珊珊月過,1
18160,夜珊珊月過樓,1
18161,珊珊月過樓西,1
18162,珊月過樓西桂,1
18163,月過樓西桂燭,1
18164,過樓西桂燭殘,1
18165,樓西桂燭殘風,1
18166,西桂燭殘風景,1
18167,桂燭殘風景人,1
18168,燭殘風景人間,1
18169,殘風景人間不,1
18170,風景人間不如,1
18171,景人間不如此,1
18172,人間不如此動,1
18173,間不如此動搖,1
18174,不如此動搖湘,1
18175,如此動搖湘水,1
18176,此動搖湘水徹,1
18177,動搖湘水徹明,1
18178,搖湘水徹明寒,1
18179,湘水徹明寒三,1
18180,水徹明寒三清,1
18181,徹明寒三清洞,1
18182,明寒三清洞裏,1
18183,寒三清洞裏無,1
18184,三清洞裏無端,1
18185,清洞裏無端別,1
18186,洞裏無端別又,1
18187,裏無端別又拂,1
18188,無端別又拂塵,1
18189,端別又拂塵衣,1
18190,別又拂塵衣欲,1
18191,又拂塵衣欲臥,1
18192,拂塵衣欲臥雲,1
18193,塵衣欲臥雲看,1
18194,衣欲臥雲看著,1
18195,欲臥雲看著掛,1
18196,臥雲看著掛冠,1
18197,雲看著掛冠迷,1
18198,看著掛冠迷處,1
18199,著掛冠迷處所,1
18200,掛冠迷處所北,1
18201,冠迷處所北山,1
18202,迷處所北山蘿,1
18203,處所北山蘿月,1
18204,所北山蘿月在,1
18205,北山蘿月在移,1
18206,山蘿月在移文,1
18207,蘿月在移文曉,1
18208,月在移文曉樓,1
18209,在移文曉樓煙,1
18210,移文曉樓煙檻,1
18211,文曉樓煙檻出,1
18212,曉樓煙檻出雲,1
18213,樓煙檻出雲霄,1
18214,煙檻出雲霄景,1
18215,檻出雲霄景下,1
18216,出雲霄景下林,1
18217,雲霄景下林塘,1
18218,霄景下林塘已,1
18219,景下林塘已寂,1
18220,下林塘已寂寥,1
18221,林塘已寂寥城,1
18222,塘已寂寥城角,1
18223,已寂寥城角為,1
18224,寂寥城角為秋,1
18225,寥城角為秋悲,1
18226,城角為秋悲更,1
18227,角為秋悲更遠,1
18228,為秋悲更遠護,1
18229,秋悲更遠護霜,1
18230,悲更遠護霜雲,1
18231,更遠護霜雲破,1
18232,遠護霜雲破海,1
18233,護霜雲破海天,1
18234,霜雲破海天遙,1
18235,雲破海天遙曉,1
18236,破海天遙曉澗,1
18237,海天遙曉澗青,1
18238,天遙曉澗青青,1
18239,遙曉澗青青桂,1
18240,曉澗青青桂色,1
18241,澗青青桂色孤,1
18242,青青桂色孤楚,1
18243,青桂色孤楚人,1
18244,桂色孤楚人隨,1
18245,色孤楚人隨玉,1
18246,孤楚人隨玉上,1
18247,楚人隨玉上天,1
18248,人隨玉上天衢,1
18249,隨玉上天衢水,1
18250,玉上天衢水辭,1
18251,上天衢水辭穀,1
18252,天衢水辭穀口,1
18253,衢水辭穀口山,1
18254,水辭穀口山寒,1
18255,辭穀口山寒少,1
18256,穀口山寒少今,1
18257,口山寒少今日,1
18258,山寒少今日風,1
18259,寒少今日風頭,1
18260,少今日風頭校,1
18261,今日風頭校暖,1
18262,日風頭校暖無,1
18263,風頭校暖無尋,1
18264,頭校暖無尋常,1
18265,校暖無尋常詩,1
18266,暖無尋常詩思,1
18267,無尋常詩思巧,1
18268,尋常詩思巧如,1
18269,常詩思巧如春,1
18270,詩思巧如春又,1
18271,思巧如春又喜,1
18272,巧如春又喜幽,1
18273,如春又喜幽亭,1
18274,春又喜幽亭蕙,1
18275,又喜幽亭蕙草,1
18276,喜幽亭蕙草新,1
18277,幽亭蕙草新本,1
18278,亭蕙草新本是,1
18279,蕙草新本是馨,1
18280,草新本是馨香,1
18281,新本是馨香比,1
18282,本是馨香比君,1
18283,是馨香比君子,1
18284,馨香比君子繞,1
18285,香比君子繞欄,1
18286,比君子繞欄今,1
18287,君子繞欄今更,1
18288,子繞欄今更為,1
18289,繞欄今更為何,1
18290,欄今更為何人,1
18291,今更為何人道,1
18292,更為何人道在,1
18293,為何人道在人,1
18294,何人道在人間,1
18295,人道在人間或,1
18296,道在人間或可,1
18297,在人間或可傳,1
18298,人間或可傳小,1
18299,間或可傳小還,1
18300,或可傳小還輕,1
18301,可傳小還輕變,1
18302,傳小還輕變已,1
18303,小還輕變已多,1
18304,還輕變已多年,1
18305,輕變已多年今,1
18306,變已多年今來,1
18307,已多年今來海,1
18308,多年今來海上,1
18309,年今來海上升,1
18310,今來海上升高,1
18311,來海上升高望,1
18312,海上升高望不,1
18313,上升高望不到,1
18314,升高望不到蓬,1
18315,高望不到蓬萊,1
18316,望不到蓬萊不,1
18317,不到蓬萊不是,1
18318,到蓬萊不是仙,1
18319,蓬萊不是仙舊,1
18320,萊不是仙舊跡,1
18321,不是仙舊跡依,1
18322,是仙舊跡依然,1
18323,仙舊跡依然已,1
18324,舊跡依然已十,1
18325,跡依然已十秋,1
18326,依然已十秋雪,1
18327,然已十秋雪山,1
18328,已十秋雪山當,1
18329,十秋雪山當面,1
18330,秋雪山當面照,1
18331,雪山當面照銀,1
18332,山當面照銀鉤,1
18333,當面照銀鉤懷,1
18334,面照銀鉤懷恩,1
18335,照銀鉤懷恩淚,1
18336,銀鉤懷恩淚盡,1
18337,鉤懷恩淚盡霜,1
18338,懷恩淚盡霜天,1
18339,恩淚盡霜天曉,1
18340,淚盡霜天曉一,1
18341,盡霜天曉一片,1
18342,霜天曉一片餘,1
18343,天曉一片餘霞,1
18344,曉一片餘霞映,1
18345,一片餘霞映驛,1
18346,片餘霞映驛樓,1
18347,餘霞映驛樓淒,1
18348,霞映驛樓淒風,1
18349,映驛樓淒風洛,1
18350,驛樓淒風洛下,1
18351,樓淒風洛下同,1
18352,淒風洛下同羈,1
18353,風洛下同羈思,1
18354,洛下同羈思遲,1
18355,下同羈思遲日,1
18356,同羈思遲日棠,1
18357,羈思遲日棠陰,1
18358,思遲日棠陰得,1
18359,遲日棠陰得醉,1
18360,日棠陰得醉歌,1
18361,棠陰得醉歌自,1
18362,陰得醉歌自笑,1
18363,得醉歌自笑與,1
18364,醉歌自笑與君,1
18365,歌自笑與君三,1
18366,自笑與君三歲,1
18367,笑與君三歲別,1
18368,與君三歲別頭,1
18369,君三歲別頭銜,1
18370,三歲別頭銜依,1
18371,歲別頭銜依舊,1
18372,別頭銜依舊鬢,1
18373,頭銜依舊鬢絲,1
18374,銜依舊鬢絲多,1
18375,依舊鬢絲多佳,1
18376,舊鬢絲多佳人,1
18377,鬢絲多佳人失,1
18378,絲多佳人失手,1
18379,多佳人失手鏡,1
18380,佳人失手鏡初,1
18381,人失手鏡初分,1
18382,失手鏡初分何,1
18383,手鏡初分何日,1
18384,鏡初分何日團,1
18385,初分何日團圓,1
18386,分何日團圓再,1
18387,何日團圓再會,1
18388,日團圓再會君,1
18389,團圓再會君今,1
18390,圓再會君今朝,1
18391,再會君今朝萬,1
18392,會君今朝萬里,1
18393,君今朝萬里秋,1
18394,今朝萬里秋風,1
18395,朝萬里秋風起,1
18396,萬里秋風起山,1
18397,里秋風起山北,1
18398,秋風起山北山,1
18399,風起山北山南,1
18400,起山北山南一,1
18401,山北山南一片,1
18402,北山南一片雲,1
18403,山南一片雲秦,1
18404,南一片雲秦陵,1
18405,一片雲秦陵漢,1
18406,片雲秦陵漢苑,1
18407,雲秦陵漢苑參,1
18408,秦陵漢苑參差,1
18409,陵漢苑參差雪,1
18410,漢苑參差雪北,1
18411,苑參差雪北闕,1
18412,參差雪北闕南,1
18413,差雪北闕南山,1
18414,雪北闕南山次,1
18415,北闕南山次第,1
18416,闕南山次第春,1
18417,南山次第春車,1
18418,山次第春車馬,1
18419,次第春車馬滿,1
18420,第春車馬滿城,1
18421,春車馬滿城原,1
18422,車馬滿城原上,1
18423,馬滿城原上去,1
18424,滿城原上去豈,1
18425,城原上去豈知,1
18426,原上去豈知惆,1
18427,上去豈知惆悵,1
18428,去豈知惆悵有,1
18429,豈知惆悵有閒,1
18430,知惆悵有閒人,1
18431,惆悵有閒人零,1
18432,悵有閒人零葉,1
18433,有閒人零葉翻,1
18434,閒人零葉翻紅,1
18435,人零葉翻紅萬,1
18436,零葉翻紅萬樹,1
18437,葉翻紅萬樹霜,1
18438,翻紅萬樹霜玉,1
18439,紅萬樹霜玉蓮,1
18440,萬樹霜玉蓮開,1
18441,樹霜玉蓮開蕊,1
18442,霜玉蓮開蕊暖,1
18443,玉蓮開蕊暖泉,1
18444,蓮開蕊暖泉香,1
18445,開蕊暖泉香行,1
18446,蕊暖泉香行雲,1
18447,暖泉香行雲不,1
18448,泉香行雲不下,1
18449,香行雲不下朝,1
18450,行雲不下朝元,1
18451,雲不下朝元閣,1
18452,不下朝元閣一,1
18453,下朝元閣一曲,1
18454,朝元閣一曲淋,1
18455,元閣一曲淋鈴,1
18456,閣一曲淋鈴淚,1
18457,一曲淋鈴淚數,1
18458,曲淋鈴淚數行,1
18459,淋鈴淚數行滿,1
18460,鈴淚數行滿懷,1
18461,淚數行滿懷多,1
18462,數行滿懷多少,1
18463,行滿懷多少是,1
18464,滿懷多少是恩,1
18465,懷多少是恩酬,1
18466,多少是恩酬未,1
18467,少是恩酬未見,1
18468,是恩酬未見功,1
18469,恩酬未見功名,1
18470,酬未見功名已,1
18471,未見功名已白,1
18472,見功名已白頭,1
18473,功名已白頭不,1
18474,名已白頭不為,1
18475,已白頭不為尋,1
18476,白頭不為尋山,1
18477,頭不為尋山試,1
18478,不為尋山試筋,1
18479,為尋山試筋力,1
18480,尋山試筋力豈,1
18481,山試筋力豈能,1
18482,試筋力豈能寒,1
18483,筋力豈能寒上,1
18484,力豈能寒上背,1
18485,豈能寒上背雲,1
18486,能寒上背雲樓,1
18487,寒上背雲樓重,1
18488,上背雲樓重關,1
18489,背雲樓重關曉,1
18490,雲樓重關曉度,1
18491,樓重關曉度宿,1
18492,重關曉度宿雲,1
18493,關曉度宿雲寒,1
18494,曉度宿雲寒羸,1
18495,度宿雲寒羸馬,1
18496,宿雲寒羸馬緣,1
18497,雲寒羸馬緣知,1
18498,寒羸馬緣知步,1
18499,羸馬緣知步步,1
18500,馬緣知步步難,1
18501,緣知步步難此,1
18502,知步步難此信,1
18503,步步難此信的,1
18504,步難此信的應,1
18505,難此信的應中,1
18506,此信的應中路,1
18507,信的應中路見,1
18508,的應中路見亂,1
18509,應中路見亂山,1
18510,中路見亂山何,1
18511,路見亂山何處,1
18512,見亂山何處拆,1
18513,亂山何處拆書,1
18514,山何處拆書看,1
18515,何處拆書看有,1
18516,處拆書看有客,1
18517,拆書看有客南,1
18518,書看有客南來,1
18519,看有客南來話,1
18520,有客南來話所,1
18521,客南來話所思,1
18522,南來話所思故,1
18523,來話所思故人,1
18524,話所思故人遙,1
18525,所思故人遙枉,1
18526,思故人遙枉醉,1
18527,故人遙枉醉中,1
18528,人遙枉醉中詩,1
18529,遙枉醉中詩暫,1
18530,枉醉中詩暫因,1
18531,醉中詩暫因微,1
18532,中詩暫因微疾,1
18533,詩暫因微疾須,1
18534,暫因微疾須防,1
18535,因微疾須防酒,1
18536,微疾須防酒不,1
18537,疾須防酒不是,1
18538,須防酒不是歡,1
18539,防酒不是歡情,1
18540,酒不是歡情減,1
18541,不是歡情減舊,1
18542,是歡情減舊時,1
18543,歡情減舊時處,1
18544,情減舊時處士,1
18545,減舊時處士聞,1
18546,舊時處士聞名,1
18547,時處士聞名早,1
18548,處士聞名早游,1
18549,士聞名早游秦,1
18550,聞名早游秦獻,1
18551,名早游秦獻疏,1
18552,早游秦獻疏回,1
18553,游秦獻疏回腹,1
18554,秦獻疏回腹中,1
18555,獻疏回腹中書,1
18556,疏回腹中書萬,1
18557,回腹中書萬卷,1
18558,腹中書萬卷身,1
18559,中書萬卷身外,1
18560,書萬卷身外酒,1
18561,萬卷身外酒千,1
18562,卷身外酒千杯,1
18563,身外酒千杯江,1
18564,外酒千杯江雨,1
18565,酒千杯江雨春,1
18566,千杯江雨春波,1
18567,杯江雨春波闊,1
18568,江雨春波闊園,1
18569,雨春波闊園林,1
18570,春波闊園林客,1
18571,波闊園林客夢,1
18572,闊園林客夢催,1
18573,園林客夢催今,1
18574,林客夢催今君,1
18575,客夢催今君拜,1
18576,夢催今君拜旌,1
18577,催今君拜旌戟,1
18578,今君拜旌戟凜,1
18579,君拜旌戟凜凜,1
18580,拜旌戟凜凜近,1
18581,旌戟凜凜近霜,1
18582,戟凜凜近霜台,1
18583,凜凜近霜台南,1
18584,凜近霜台南行,1
18585,近霜台南行步,1
18586,霜台南行步步,1
18587,台南行步步遠,1
18588,南行步步遠浮,1
18589,行步步遠浮塵,1
18590,步步遠浮塵更,1
18591,步遠浮塵更近,1
18592,遠浮塵更近青,1
18593,浮塵更近青山,1
18594,塵更近青山昨,1
18595,更近青山昨夜,1
18596,近青山昨夜鄰,1
18597,青山昨夜鄰高,1
18598,山昨夜鄰高鐸,1
18599,昨夜鄰高鐸數,1
18600,夜鄰高鐸數聲,1
18601,鄰高鐸數聲秋,1
18602,高鐸數聲秋撼,1
18603,鐸數聲秋撼玉,1
18604,數聲秋撼玉霽,1
18605,聲秋撼玉霽河,1
18606,秋撼玉霽河千,1
18607,撼玉霽河千里,1
18608,玉霽河千里曉,1
18609,霽河千里曉橫,1
18610,河千里曉橫銀,1
18611,千里曉橫銀紅,1
18612,里曉橫銀紅蕖,1
18613,曉橫銀紅蕖影,1
18614,橫銀紅蕖影落,1
18615,銀紅蕖影落前,1
18616,紅蕖影落前池,1
18617,蕖影落前池淨,1
18618,影落前池淨綠,1
18619,落前池淨綠稻,1
18620,前池淨綠稻香,1
18621,池淨綠稻香來,1
18622,淨綠稻香來野,1
18623,綠稻香來野徑,1
18624,稻香來野徑頻,1
18625,香來野徑頻終,1
18626,來野徑頻終日,1
18627,野徑頻終日官,1
18628,徑頻終日官閑,1
18629,頻終日官閑無,1
18630,終日官閑無一,1
18631,日官閑無一事,1
18632,官閑無一事不,1
18633,閑無一事不妨,1
18634,無一事不妨長,1
18635,一事不妨長醉,1
18636,事不妨長醉是,1
18637,不妨長醉是遊,1
18638,妨長醉是遊人,1
18639,長醉是遊人身,1
18640,醉是遊人身隨,1
18641,是遊人身隨白,1
18642,遊人身隨白日,1
18643,人身隨白日看,1
18644,身隨白日看將,1
18645,隨白日看將老,1
18646,白日看將老心,1
18647,日看將老心與,1
18648,看將老心與青,1
18649,將老心與青雲,1
18650,老心與青雲自,1
18651,心與青雲自有,1
18652,與青雲自有期,1
18653,青雲自有期今,1
18654,雲自有期今對,1
18655,自有期今對晴,1
18656,有期今對晴峰,1
18657,期今對晴峰無,1
18658,今對晴峰無十,1
18659,對晴峰無十裏,1
18660,晴峰無十裏世,1
18661,峰無十裏世緣,1
18662,無十裏世緣多,1
18663,十裏世緣多累,1
18664,裏世緣多累暗,1
18665,世緣多累暗生,1
18666,緣多累暗生悲,1
18667,多累暗生悲文,1
18668,累暗生悲文字,1
18669,暗生悲文字波,1
18670,生悲文字波中,1
18671,悲文字波中去,1
18672,文字波中去不,1
18673,字波中去不還,1
18674,波中去不還物,1
18675,中去不還物情,1
18676,去不還物情初,1
18677,不還物情初與,1
18678,還物情初與是,1
18679,物情初與是非,1
18680,情初與是非閑,1
18681,初與是非閑時,1
18682,與是非閑時名,1
18683,是非閑時名竟,1
18684,非閑時名竟是,1
18685,閑時名竟是無,1
18686,時名竟是無端,1
18687,名竟是無端事,1
18688,竟是無端事羞,1
18689,是無端事羞對,1
18690,無端事羞對靈,1
18691,端事羞對靈山,1
18692,事羞對靈山道,1
18693,羞對靈山道愛,1
18694,對靈山道愛山,1
18695,靈山道愛山眼,1
18696,山道愛山眼看,1
18697,道愛山眼看雲,1
18698,愛山眼看雲鶴,1
18699,山眼看雲鶴不,1
18700,眼看雲鶴不相,1
18701,看雲鶴不相隨,1
18702,雲鶴不相隨何,1
18703,鶴不相隨何況,1
18704,不相隨何況塵,1
18705,相隨何況塵中,1
18706,隨何況塵中事,1
18707,何況塵中事作,1
18708,況塵中事作為,1
18709,塵中事作為好,1
18710,中事作為好伴,1
18711,事作為好伴羽,1
18712,作為好伴羽人,1
18713,為好伴羽人深,1
18714,好伴羽人深洞,1
18715,伴羽人深洞去,1
18716,羽人深洞去月,1
18717,人深洞去月前,1
18718,深洞去月前秋,1
18719,洞去月前秋聽,1
18720,去月前秋聽玉,1
18721,月前秋聽玉參,1
18722,前秋聽玉參差,1
18723,秋聽玉參差一,1
18724,聽玉參差一話,1
18725,玉參差一話涔,1
18726,參差一話涔陽,1
18727,差一話涔陽舊,1
18728,一話涔陽舊使,1
18729,話涔陽舊使君,1
18730,涔陽舊使君郡,1
18731,陽舊使君郡人,1
18732,舊使君郡人回,1
18733,使君郡人回首,1
18734,君郡人回首望,1
18735,郡人回首望青,1
18736,人回首望青雲,1
18737,回首望青雲政,1
18738,首望青雲政聲,1
18739,望青雲政聲長,1
18740,青雲政聲長與,1
18741,雲政聲長與江,1
18742,政聲長與江聲,1
18743,聲長與江聲在,1
18744,長與江聲在自,1
18745,與江聲在自到,1
18746,江聲在自到津,1
18747,聲在自到津樓,1
18748,在自到津樓日,1
18749,自到津樓日夜,1
18750,到津樓日夜聞,1
18751,津樓日夜聞翠,1
18752,樓日夜聞翠屏,1
18753,日夜聞翠屏山,1
18754,夜聞翠屏山對,1
18755,聞翠屏山對鳳,1
18756,翠屏山對鳳城,1
18757,屏山對鳳城開,1
18758,山對鳳城開碧,1
18759,對鳳城開碧落,1
18760,鳳城開碧落搖,1
18761,城開碧落搖光,1
18762,開碧落搖光霽,1
18763,碧落搖光霽後,1
18764,落搖光霽後來,1
18765,搖光霽後來回,1
18766,光霽後來回識,1
18767,霽後來回識六,1
18768,後來回識六龍,1
18769,來回識六龍巡,1
18770,回識六龍巡幸,1
18771,識六龍巡幸處,1
18772,六龍巡幸處飛,1
18773,龍巡幸處飛煙,1
18774,巡幸處飛煙閑,1
18775,幸處飛煙閑繞,1
18776,處飛煙閑繞望,1
18777,飛煙閑繞望春,1
18778,煙閑繞望春台,1
18779,閑繞望春台星,1
18780,繞望春台星河,1
18781,望春台星河猶,1
18782,春台星河猶在,1
18783,台星河猶在整,1
18784,星河猶在整朝,1
18785,河猶在整朝衣,1
18786,猶在整朝衣遠,1
18787,在整朝衣遠望,1
18788,整朝衣遠望天,1
18789,朝衣遠望天門,1
18790,衣遠望天門再,1
18791,遠望天門再拜,1
18792,望天門再拜歸,1
18793,天門再拜歸笑,1
18794,門再拜歸笑向,1
18795,再拜歸笑向春,1
18796,拜歸笑向春風,1
18797,歸笑向春風初,1
18798,笑向春風初五,1
18799,向春風初五十,1
18800,春風初五十敢,1
18801,風初五十敢言,1
18802,初五十敢言知,1
18803,五十敢言知命,1
18804,十敢言知命且,1
18805,敢言知命且知,1
18806,言知命且知非,1
18807,知命且知非瑤,1
18808,命且知非瑤池,1
18809,且知非瑤池罷,1
18810,知非瑤池罷遊,1
18811,非瑤池罷遊宴,1
18812,瑤池罷遊宴良,1
18813,池罷遊宴良樂,1
18814,罷遊宴良樂委,1
18815,遊宴良樂委塵,1
18816,宴良樂委塵沙,1
18817,良樂委塵沙遭,1
18818,樂委塵沙遭遇,1
18819,委塵沙遭遇不,1
18820,塵沙遭遇不遭,1
18821,沙遭遇不遭遇,1
18822,遭遇不遭遇鹽,1
18823,遇不遭遇鹽車,1
18824,不遭遇鹽車與,1
18825,遭遇鹽車與鼓,1
18826,遇鹽車與鼓車,1
18827,鹽車與鼓車漢,1
18828,車與鼓車漢苑,1
18829,與鼓車漢苑殘,1
18830,鼓車漢苑殘花,1
18831,車漢苑殘花別,1
18832,漢苑殘花別吳,1
18833,苑殘花別吳江,1
18834,殘花別吳江盛,1
18835,花別吳江盛夏,1
18836,別吳江盛夏來,1
18837,吳江盛夏來唯,1
18838,江盛夏來唯看,1
18839,盛夏來唯看萬,1
18840,夏來唯看萬樹,1
18841,來唯看萬樹合,1
18842,唯看萬樹合不,1
18843,看萬樹合不見,1
18844,萬樹合不見一,1
18845,樹合不見一枝,1
18846,合不見一枝開,1
18847,不見一枝開水,1
18848,見一枝開水色,1
18849,一枝開水色饒,1
18850,枝開水色饒湘,1
18851,開水色饒湘浦,1
18852,水色饒湘浦灘,1
18853,色饒湘浦灘聲,1
18854,饒湘浦灘聲怯,1
18855,湘浦灘聲怯建,1
18856,浦灘聲怯建溪,1
18857,灘聲怯建溪淚,1
18858,聲怯建溪淚流,1
18859,怯建溪淚流回,1
18860,建溪淚流回月,1
18861,溪淚流回月上,1
18862,淚流回月上可,1
18863,流回月上可得,1
18864,回月上可得更,1
18865,月上可得更猿,1
18866,上可得更猿啼,1
18867,可得更猿啼儘,1
18868,得更猿啼儘是,1
18869,更猿啼儘是離,1
18870,猿啼儘是離宮,1
18871,啼儘是離宮院,1
18872,儘是離宮院中,1
18873,是離宮院中女,1
18874,離宮院中女苑,1
18875,宮院中女苑牆,1
18876,院中女苑牆城,1
18877,中女苑牆城外,1
18878,女苑牆城外塚,1
18879,苑牆城外塚累,1
18880,牆城外塚累累,1
18881,城外塚累累少,1
18882,外塚累累少年,1
18883,塚累累少年入,1
18884,累累少年入內,1
18885,累少年入內教,1
18886,少年入內教歌,1
18887,年入內教歌舞,1
18888,入內教歌舞不,1
18889,內教歌舞不識,1
18890,教歌舞不識君,1
18891,歌舞不識君王,1
18892,舞不識君王到,1
18893,不識君王到老,1
18894,識君王到老時,1
18895,君王到老時燕,1
18896,王到老時燕臺,1
18897,到老時燕臺上,1
18898,老時燕臺上客,1
18899,時燕臺上客意,1
18900,燕臺上客意何,1
18901,臺上客意何如,1
18902,上客意何如四,1
18903,客意何如四五,1
18904,意何如四五年,1
18905,何如四五年來,1
18906,如四五年來漸,1
18907,四五年來漸漸,1
18908,五年來漸漸疏,1
18909,年來漸漸疏直,1
18910,來漸漸疏直道,1
18911,漸漸疏直道莫,1
18912,漸疏直道莫拋,1
18913,疏直道莫拋男,1
18914,直道莫拋男子,1
18915,道莫拋男子業,1
18916,莫拋男子業遭,1
18917,拋男子業遭時,1
18918,男子業遭時還,1
18919,子業遭時還與,1
18920,業遭時還與故,1
18921,遭時還與故人,1
18922,時還與故人書,1
18923,還與故人書青,1
18924,與故人書青雲,1
18925,故人書青雲滿,1
18926,人書青雲滿眼,1
18927,書青雲滿眼應,1
18928,青雲滿眼應驕,1
18929,雲滿眼應驕我,1
18930,滿眼應驕我白,1
18931,眼應驕我白髮,1
18932,應驕我白髮渾,1
18933,驕我白髮渾頭,1
18934,我白髮渾頭少,1
18935,白髮渾頭少恨,1
18936,髮渾頭少恨渠,1
18937,渾頭少恨渠唯,1
18938,頭少恨渠唯念,1
18939,少恨渠唯念賢,1
18940,恨渠唯念賢哉,1
18941,渠唯念賢哉崔,1
18942,唯念賢哉崔大,1
18943,念賢哉崔大讓,1
18944,賢哉崔大讓可,1
18945,哉崔大讓可憐,1
18946,崔大讓可憐無,1
18947,大讓可憐無事,1
18948,讓可憐無事不,1
18949,可憐無事不歌,1
18950,憐無事不歌魚,1
18951,無事不歌魚不,1
18952,事不歌魚不識,1
18953,不歌魚不識長,1
18954,歌魚不識長楊,1
18955,魚不識長楊事,1
18956,不識長楊事北,1
18957,識長楊事北胡,1
18958,長楊事北胡且,1
18959,楊事北胡且教,1
18960,事北胡且教紅,1
18961,北胡且教紅袖,1
18962,胡且教紅袖醉,1
18963,且教紅袖醉來,1
18964,教紅袖醉來扶,1
18965,紅袖醉來扶狂,1
18966,袖醉來扶狂風,1
18967,醉來扶狂風烈,1
18968,來扶狂風烈焰,1
18969,扶狂風烈焰雖,1
18970,狂風烈焰雖千,1
18971,風烈焰雖千尺,1
18972,烈焰雖千尺豁,1
18973,焰雖千尺豁得,1
18974,雖千尺豁得平,1
18975,千尺豁得平生,1
18976,尺豁得平生俊,1
18977,豁得平生俊氣,1
18978,得平生俊氣無,1
18979,平生俊氣無武,1
18980,生俊氣無武牢,1
18981,俊氣無武牢關,1
18982,氣無武牢關吏,1
18983,無武牢關吏應,1
18984,武牢關吏應相,1
18985,牢關吏應相笑,1
18986,關吏應相笑個,1
18987,吏應相笑個裏,1
18988,應相笑個裏年,1
18989,相笑個裏年年,1
18990,笑個裏年年往,1
18991,個裏年年往復,1
18992,裏年年往復來,1
18993,年年往復來若,1
18994,年往復來若問,1
18995,往復來若問使,1
18996,復來若問使君,1
18997,來若問使君何,1
18998,若問使君何處,1
18999,問使君何處去,1
19000,使君何處去為,1
19001,君何處去為言,1
19002,何處去為言相,1
19003,處去為言相憶,1
19004,去為言相憶首,1
19005,為言相憶首長,1
19006,言相憶首長回,1
19007,相憶首長回王,1
19008,憶首長回王屋,1
19009,首長回王屋山,1
19010,長回王屋山人,1
19011,回王屋山人有,1
19012,王屋山人有古,1
19013,屋山人有古文,1
19014,山人有古文欲,1
19015,人有古文欲攀,1
19016,有古文欲攀青,1
19017,古文欲攀青桂,1
19018,文欲攀青桂弄,1
19019,欲攀青桂弄氛,1
19020,攀青桂弄氛氳,1
19021,青桂弄氛氳將,1
19022,桂弄氛氳將攜,1
19023,弄氛氳將攜健,1
19024,氛氳將攜健筆,1
19025,氳將攜健筆幹,1
19026,將攜健筆幹明,1
19027,攜健筆幹明主,1
19028,健筆幹明主莫,1
19029,筆幹明主莫向,1
19030,幹明主莫向仙,1
19031,明主莫向仙壇,1
19032,主莫向仙壇問,1
19033,莫向仙壇問白,1
19034,向仙壇問白雲,1
19035,仙壇問白雲馳,1
19036,壇問白雲馳逐,1
19037,問白雲馳逐寧,1
19038,白雲馳逐寧教,1
19039,雲馳逐寧教爭,1
19040,馳逐寧教爭處,1
19041,逐寧教爭處讓,1
19042,寧教爭處讓是,1
19043,教爭處讓是非,1
19044,爭處讓是非偏,1
19045,處讓是非偏忌,1
19046,讓是非偏忌眾,1
19047,是非偏忌眾人,1
19048,非偏忌眾人分,1
19049,偏忌眾人分交,1
19050,忌眾人分交遊,1
19051,眾人分交遊話,1
19052,人分交遊話我,1
19053,分交遊話我憑,1
19054,交遊話我憑君,1
19055,遊話我憑君道,1
19056,話我憑君道除,1
19057,我憑君道除卻,1
19058,憑君道除卻鱸,1
19059,君道除卻鱸魚,1
19060,道除卻鱸魚更,1
19061,除卻鱸魚更不,1
19062,卻鱸魚更不聞,1
19063,鱸魚更不聞橫,1
19064,魚更不聞橫溪,1
19065,更不聞橫溪辭,1
19066,不聞橫溪辭寂,1
19067,聞橫溪辭寂寞,1
19068,橫溪辭寂寞金,1
19069,溪辭寂寞金馬,1
19070,辭寂寞金馬去,1
19071,寂寞金馬去追,1
19072,寞金馬去追遊,1
19073,金馬去追遊好,1
19074,馬去追遊好是,1
19075,去追遊好是鴛,1
19076,追遊好是鴛鴦,1
19077,遊好是鴛鴦侶,1
19078,好是鴛鴦侶正,1
19079,是鴛鴦侶正逢,1
19080,鴛鴦侶正逢霄,1
19081,鴦侶正逢霄漢,1
19082,侶正逢霄漢秋,1
19083,正逢霄漢秋玉,1
19084,逢霄漢秋玉珂,1
19085,霄漢秋玉珂聲,1
19086,漢秋玉珂聲瑣,1
19087,秋玉珂聲瑣瑣,1
19088,玉珂聲瑣瑣錦,1
19089,珂聲瑣瑣錦帳,1
19090,聲瑣瑣錦帳夢,1
19091,瑣瑣錦帳夢悠,1
19092,瑣錦帳夢悠悠,1
19093,錦帳夢悠悠微,1
19094,帳夢悠悠微笑,1
19095,夢悠悠微笑知,1
19096,悠悠微笑知今,1
19097,悠微笑知今是,1
19098,微笑知今是因,1
19099,笑知今是因風,1
19100,知今是因風謝,1
19101,今是因風謝釣,1
19102,是因風謝釣舟,1
19103,因風謝釣舟戈,1
19104,風謝釣舟戈檻,1
19105,謝釣舟戈檻營,1
19106,釣舟戈檻營中,1
19107,舟戈檻營中夜,1
19108,戈檻營中夜未,1
19109,檻營中夜未央,1
19110,營中夜未央雨,1
19111,中夜未央雨沾,1
19112,夜未央雨沾雲,1
19113,未央雨沾雲惹,1
19114,央雨沾雲惹侍,1
19115,雨沾雲惹侍襄,1
19116,沾雲惹侍襄王,1
19117,雲惹侍襄王球,1
19118,惹侍襄王球來,1
19119,侍襄王球來香,1
19120,襄王球來香袖,1
19121,王球來香袖依,1
19122,球來香袖依稀,1
19123,來香袖依稀暖,1
19124,香袖依稀暖酒,1
19125,袖依稀暖酒凸,1
19126,依稀暖酒凸觥,1
19127,稀暖酒凸觥心,1
19128,暖酒凸觥心泛,1
19129,酒凸觥心泛灩,1
19130,凸觥心泛灩光,1
19131,觥心泛灩光紅,1
19132,心泛灩光紅弦,1
19133,泛灩光紅弦高,1
19134,灩光紅弦高緊,1
19135,光紅弦高緊聲,1
19136,紅弦高緊聲聲,1
19137,弦高緊聲聲急,1
19138,高緊聲聲急珠,1
19139,緊聲聲急珠唱,1
19140,聲聲急珠唱鋪,1
19141,聲急珠唱鋪圓,1
19142,急珠唱鋪圓嫋,1
19143,珠唱鋪圓嫋嫋,1
19144,唱鋪圓嫋嫋長,1
19145,鋪圓嫋嫋長自,1
19146,圓嫋嫋長自比,1
19147,嫋嫋長自比諸,1
19148,嫋長自比諸生,1
19149,長自比諸生最,1
19150,自比諸生最無,1
19151,比諸生最無取,1
19152,諸生最無取不,1
19153,生最無取不知,1
19154,最無取不知何,1
19155,無取不知何處,1
19156,取不知何處亦,1
19157,不知何處亦升,1
19158,知何處亦升堂,1
19159,何處亦升堂少,1
19160,處亦升堂少年,1
19161,亦升堂少年才,1
19162,升堂少年才俊,1
19163,堂少年才俊赴,1
19164,少年才俊赴知,1
19165,年才俊赴知音,1
19166,才俊赴知音丞,1
19167,俊赴知音丞相,1
19168,赴知音丞相門,1
19169,知音丞相門欄,1
19170,音丞相門欄不,1
19171,丞相門欄不覺,1
19172,相門欄不覺深,1
19173,門欄不覺深直,1
19174,欄不覺深直道,1
19175,不覺深直道事,1
19176,覺深直道事人,1
19177,深直道事人男,1
19178,直道事人男子,1
19179,道事人男子業,1
19180,事人男子業異,1
19181,人男子業異鄉,1
19182,男子業異鄉加,1
19183,子業異鄉加飯,1
19184,業異鄉加飯弟,1
19185,異鄉加飯弟兄,1
19186,鄉加飯弟兄心,1
19187,加飯弟兄心還,1
19188,飯弟兄心還須,1
19189,弟兄心還須整,1
19190,兄心還須整理,1
19191,心還須整理韋,1
19192,還須整理韋弦,1
19193,須整理韋弦佩,1
19194,整理韋弦佩莫,1
19195,理韋弦佩莫獨,1
19196,韋弦佩莫獨矜,1
19197,弦佩莫獨矜誇,1
19198,佩莫獨矜誇玳,1
19199,莫獨矜誇玳瑁,1
19200,獨矜誇玳瑁簪,1
19201,矜誇玳瑁簪若,1
19202,誇玳瑁簪若去,1
19203,玳瑁簪若去上,1
19204,瑁簪若去上元,1
19205,簪若去上元懷,1
19206,若去上元懷古,1
19207,去上元懷古去,1
19208,上元懷古去謝,1
19209,元懷古去謝安,1
19210,懷古去謝安墳,1
19211,古去謝安墳下,1
19212,去謝安墳下與,1
19213,謝安墳下與沉,1
19214,安墳下與沉吟,1
19215,墳下與沉吟宛,1
19216,下與沉吟宛溪,1
19217,與沉吟宛溪垂,1
19218,沉吟宛溪垂柳,1
19219,吟宛溪垂柳最,1
19220,宛溪垂柳最長,1
19221,溪垂柳最長枝,1
19222,垂柳最長枝曾,1
19223,柳最長枝曾被,1
19224,最長枝曾被春,1
19225,長枝曾被春風,1
19226,枝曾被春風盡,1
19227,曾被春風盡日,1
19228,被春風盡日吹,1
19229,春風盡日吹不,1
19230,風盡日吹不堪,1
19231,盡日吹不堪攀,1
19232,日吹不堪攀折,1
19233,吹不堪攀折猶,1
19234,不堪攀折猶堪,1
19235,堪攀折猶堪看,1
19236,攀折猶堪看陌,1
19237,折猶堪看陌上,1
19238,猶堪看陌上少,1
19239,堪看陌上少年,1
19240,看陌上少年來,1
19241,陌上少年來自,1
19242,上少年來自遲,1
19243,少年來自遲謝,1
19244,年來自遲謝山,1
19245,來自遲謝山南,1
19246,自遲謝山南畔,1
19247,遲謝山南畔州,1
19248,謝山南畔州風,1
19249,山南畔州風物,1
19250,南畔州風物最,1
19251,畔州風物最宜,1
19252,州風物最宜秋,1
19253,風物最宜秋太,1
19254,物最宜秋太守,1
19255,最宜秋太守懸,1
19256,宜秋太守懸金,1
19257,秋太守懸金印,1
19258,太守懸金印佳,1
19259,守懸金印佳人,1
19260,懸金印佳人敞,1
19261,金印佳人敞畫,1
19262,印佳人敞畫樓,1
19263,佳人敞畫樓凝,1
19264,人敞畫樓凝缸,1
19265,敞畫樓凝缸暗,1
19266,畫樓凝缸暗醉,1
19267,樓凝缸暗醉夕,1
19268,凝缸暗醉夕殘,1
19269,缸暗醉夕殘月,1
19270,暗醉夕殘月上,1
19271,醉夕殘月上汀,1
19272,夕殘月上汀州,1
19273,殘月上汀州可,1
19274,月上汀州可惜,1
19275,上汀州可惜當,1
19276,汀州可惜當年,1
19277,州可惜當年鬢,1
19278,可惜當年鬢朱,1
19279,惜當年鬢朱門,1
19280,當年鬢朱門不,1
19281,年鬢朱門不得,1
19282,鬢朱門不得遊,1
19283,朱門不得遊內,1
19284,門不得遊內舉,1
19285,不得遊內舉無,1
19286,得遊內舉無慚,1
19287,遊內舉無慚古,1
19288,內舉無慚古所,1
19289,舉無慚古所難,1
19290,無慚古所難燕,1
19291,慚古所難燕台,1
19292,古所難燕台遙,1
19293,所難燕台遙想,1
19294,難燕台遙想拂,1
19295,燕台遙想拂塵,1
19296,台遙想拂塵冠,1
19297,遙想拂塵冠登,1
19298,想拂塵冠登龍,1
19299,拂塵冠登龍有,1
19300,塵冠登龍有路,1
19301,冠登龍有路水,1
19302,登龍有路水不,1
19303,龍有路水不峻,1
19304,有路水不峻一,1
19305,路水不峻一雁,1
19306,水不峻一雁背,1
19307,不峻一雁背飛,1
19308,峻一雁背飛天,1
19309,一雁背飛天正,1
19310,雁背飛天正寒,1
19311,背飛天正寒別,1
19312,飛天正寒別夜,1
19313,天正寒別夜酒,1
19314,正寒別夜酒餘,1
19315,寒別夜酒餘紅,1
19316,別夜酒餘紅燭,1
19317,夜酒餘紅燭短,1
19318,酒餘紅燭短映,1
19319,餘紅燭短映山,1
19320,紅燭短映山帆,1
19321,燭短映山帆滿,1
19322,短映山帆滿碧,1
19323,映山帆滿碧霞,1
19324,山帆滿碧霞殘,1
19325,帆滿碧霞殘謝,1
19326,滿碧霞殘謝公,1
19327,碧霞殘謝公樓,1
19328,霞殘謝公樓下,1
19329,殘謝公樓下潺,1
19330,謝公樓下潺湲,1
19331,公樓下潺湲響,1
19332,樓下潺湲響離,1
19333,下潺湲響離恨,1
19334,潺湲響離恨詩,1
19335,湲響離恨詩情,1
19336,響離恨詩情添,1
19337,離恨詩情添幾,1
19338,恨詩情添幾般,1
19339,詩情添幾般江,1
19340,情添幾般江南,1
19341,添幾般江南為,1
19342,幾般江南為客,1
19343,般江南為客正,1
19344,江南為客正悲,1
19345,南為客正悲秋,1
19346,為客正悲秋更,1
19347,客正悲秋更送,1
19348,正悲秋更送吾,1
19349,悲秋更送吾師,1
19350,秋更送吾師古,1
19351,更送吾師古渡,1
19352,送吾師古渡頭,1
19353,吾師古渡頭惆,1
19354,師古渡頭惆悵,1
19355,古渡頭惆悵不,1
19356,渡頭惆悵不同,1
19357,頭惆悵不同塵,1
19358,惆悵不同塵土,1
19359,悵不同塵土別,1
19360,不同塵土別水,1
19361,同塵土別水雲,1
19362,塵土別水雲蹤,1
19363,土別水雲蹤跡,1
19364,別水雲蹤跡去,1
19365,水雲蹤跡去悠,1
19366,雲蹤跡去悠悠,1
19367,蹤跡去悠悠蛩,1
19368,跡去悠悠蛩唱,1
19369,去悠悠蛩唱如,1
19370,悠悠蛩唱如波,1
19371,悠蛩唱如波咽,1
19372,蛩唱如波咽更,1
19373,唱如波咽更深,1
19374,如波咽更深似,1
19375,波咽更深似水,1
19376,咽更深似水寒,1
19377,更深似水寒露,1
19378,深似水寒露華,1
19379,似水寒露華驚,1
19380,水寒露華驚弊,1
19381,寒露華驚弊褐,1
19382,露華驚弊褐燈,1
19383,華驚弊褐燈影,1
19384,驚弊褐燈影掛,1
19385,弊褐燈影掛塵,1
19386,褐燈影掛塵冠,1
19387,燈影掛塵冠故,1
19388,影掛塵冠故國,1
19389,掛塵冠故國初,1
19390,塵冠故國初離,1
19391,冠故國初離夢,1
19392,故國初離夢前,1
19393,國初離夢前溪,1
19394,初離夢前溪更,1
19395,離夢前溪更下,1
19396,夢前溪更下灘,1
19397,前溪更下灘紛,1
19398,溪更下灘紛紛,1
19399,更下灘紛紛毫,1
19400,下灘紛紛毫髮,1
19401,灘紛紛毫髮事,1
19402,紛紛毫髮事多,1
19403,紛毫髮事多少,1
19404,毫髮事多少宦,1
19405,髮事多少宦遊,1
19406,事多少宦遊難,1
19407,多少宦遊難十,1
19408,少宦遊難十二,1
19409,宦遊難十二層,1
19410,遊難十二層樓,1
19411,難十二層樓敞,1
19412,十二層樓敞畫,1
19413,二層樓敞畫簷,1
19414,層樓敞畫簷連,1
19415,樓敞畫簷連去,1
19416,敞畫簷連去歌,1
19417,畫簷連去歌盡,1
19418,簷連去歌盡草,1
19419,連去歌盡草纖,1
19420,去歌盡草纖纖,1
19421,歌盡草纖纖空,1
19422,盡草纖纖空堂,1
19423,草纖纖空堂病,1
19424,纖纖空堂病怯,1
19425,纖空堂病怯階,1
19426,空堂病怯階前,1
19427,堂病怯階前月,1
19428,病怯階前月燕,1
19429,怯階前月燕子,1
19430,階前月燕子嗔,1
19431,前月燕子嗔垂,1
19432,月燕子嗔垂一,1
19433,燕子嗔垂一竹,1
19434,子嗔垂一竹簾,1
19435,嗔垂一竹簾聚,1
19436,垂一竹簾聚散,1
19437,一竹簾聚散竟,1
19438,竹簾聚散竟無,1
19439,簾聚散竟無形,1
19440,聚散竟無形回,1
19441,散竟無形回腸,1
19442,竟無形回腸自,1
19443,無形回腸自結,1
19444,形回腸自結成,1
19445,回腸自結成古,1
19446,腸自結成古今,1
19447,自結成古今留,1
19448,結成古今留不,1
19449,成古今留不得,1
19450,古今留不得離,1
19451,今留不得離別,1
19452,留不得離別又,1
19453,不得離別又潛,1
19454,得離別又潛生,1
19455,離別又潛生降,1
19456,別又潛生降虜,1
19457,又潛生降虜將,1
19458,潛生降虜將軍,1
19459,生降虜將軍思,1
19460,降虜將軍思窮,1
19461,虜將軍思窮秋,1
19462,將軍思窮秋遠,1
19463,軍思窮秋遠客,1
19464,思窮秋遠客情,1
19465,窮秋遠客情何,1
19466,秋遠客情何人,1
19467,遠客情何人更,1
19468,客情何人更憔,1
19469,情何人更憔悴,1
19470,何人更憔悴落,1
19471,人更憔悴落第,1
19472,更憔悴落第泣,1
19473,憔悴落第泣秦,1
19474,悴落第泣秦京,1
19475,落第泣秦京紅,1
19476,第泣秦京紅霞,1
19477,泣秦京紅霞一,1
19478,秦京紅霞一抹,1
19479,京紅霞一抹廣,1
19480,紅霞一抹廣陵,1
19481,霞一抹廣陵春,1
19482,一抹廣陵春定,1
19483,抹廣陵春定子,1
19484,廣陵春定子當,1
19485,陵春定子當筵,1
19486,春定子當筵睡,1
19487,定子當筵睡臉,1
19488,子當筵睡臉新,1
19489,當筵睡臉新卻,1
19490,筵睡臉新卻笑,1
19491,睡臉新卻笑吃,1
19492,臉新卻笑吃虧,1
19493,新卻笑吃虧隋,1
19494,卻笑吃虧隋煬,1
19495,笑吃虧隋煬帝,1
19496,吃虧隋煬帝破,1
19497,虧隋煬帝破家,1
19498,隋煬帝破家亡,1
19499,煬帝破家亡國,1
19500,帝破家亡國為,1
19501,破家亡國為誰,1
19502,家亡國為誰人,1
19503,亡國為誰人夢,1
19504,國為誰人夢遠,1
19505,為誰人夢遠莫,1
19506,誰人夢遠莫歸,1
19507,人夢遠莫歸鄉,1
19508,夢遠莫歸鄉覺,1
19509,遠莫歸鄉覺來,1
19510,莫歸鄉覺來一,1
19511,歸鄉覺來一翻,1
19512,鄉覺來一翻動,1
19513,覺來一翻動千,1
19514,來一翻動千萬,1
19515,一翻動千萬長,1
19516,翻動千萬長河,1
19517,動千萬長河共,1
19518,千萬長河共使,1
19519,萬長河共使船,1
19520,長河共使船聽,1
19521,河共使船聽君,1
19522,共使船聽君詩,1
19523,使船聽君詩句,1
19524,船聽君詩句倍,1
19525,聽君詩句倍愴,1
19526,君詩句倍愴然,1
19527,詩句倍愴然春,1
19528,句倍愴然春風,1
19529,倍愴然春風野,1
19530,愴然春風野岸,1
19531,然春風野岸名,1
19532,春風野岸名花,1
19533,風野岸名花發,1
19534,野岸名花發一,1
19535,岸名花發一道,1
19536,名花發一道帆,1
19537,花發一道帆檣,1
19538,發一道帆檣畫,1
19539,一道帆檣畫柳,1
19540,道帆檣畫柳煙,1
19541,帆檣畫柳煙燕,1
19542,檣畫柳煙燕雁,1
19543,畫柳煙燕雁下,1
19544,柳煙燕雁下揚,1
19545,煙燕雁下揚州,1
19546,燕雁下揚州涼,1
19547,雁下揚州涼風,1
19548,下揚州涼風柳,1
19549,揚州涼風柳陌,1
19550,州涼風柳陌愁,1
19551,涼風柳陌愁可,1
19552,風柳陌愁可憐,1
19553,柳陌愁可憐千,1
19554,陌愁可憐千里,1
19555,愁可憐千里夢,1
19556,可憐千里夢還,1
19557,憐千里夢還是,1
19558,千里夢還是一,1
19559,里夢還是一年,1
19560,夢還是一年秋,1
19561,還是一年秋宛,1
19562,是一年秋宛水,1
19563,一年秋宛水環,1
19564,年秋宛水環朱,1
19565,秋宛水環朱檻,1
19566,宛水環朱檻章,1
19567,水環朱檻章江,1
19568,環朱檻章江敞,1
19569,朱檻章江敞碧,1
19570,檻章江敞碧流,1
19571,章江敞碧流謬,1
19572,江敞碧流謬陪,1
19573,敞碧流謬陪吾,1
19574,碧流謬陪吾益,1
19575,流謬陪吾益友,1
19576,謬陪吾益友只,1
19577,陪吾益友只事,1
19578,吾益友只事我,1
19579,益友只事我賢,1
19580,友只事我賢侯,1
19581,只事我賢侯印,1
19582,事我賢侯印組,1
19583,我賢侯印組縈,1
19584,賢侯印組縈光,1
19585,侯印組縈光馬,1
19586,印組縈光馬鋒,1
19587,組縈光馬鋒鋩,1
19588,縈光馬鋒鋩看,1
19589,光馬鋒鋩看解,1
19590,馬鋒鋩看解牛,1
19591,鋒鋩看解牛井,1
19592,鋩看解牛井閭,1
19593,看解牛井閭安,1
19594,解牛井閭安樂,1
19595,牛井閭安樂易,1
19596,井閭安樂易冠,1
19597,閭安樂易冠蓋,1
19598,安樂易冠蓋愜,1
19599,樂易冠蓋愜依,1
19600,易冠蓋愜依投,1
19601,冠蓋愜依投政,1
19602,蓋愜依投政簡,1
19603,愜依投政簡稀,1
19604,依投政簡稀開,1
19605,投政簡稀開閣,1
19606,政簡稀開閣功,1
19607,簡稀開閣功成,1
19608,稀開閣功成每,1
19609,開閣功成每運,1
19610,閣功成每運籌,1
19611,功成每運籌送,1
19612,成每運籌送春,1
19613,每運籌送春經,1
19614,運籌送春經野,1
19615,籌送春經野塢,1
19616,送春經野塢遲,1
19617,春經野塢遲日,1
19618,經野塢遲日上,1
19619,野塢遲日上高,1
19620,塢遲日上高樓,1
19621,遲日上高樓玉,1
19622,日上高樓玉裂,1
19623,上高樓玉裂歌,1
19624,高樓玉裂歌聲,1
19625,樓玉裂歌聲斷,1
19626,玉裂歌聲斷霞,1
19627,裂歌聲斷霞飄,1
19628,歌聲斷霞飄舞,1
19629,聲斷霞飄舞帶,1
19630,斷霞飄舞帶收,1
19631,霞飄舞帶收泥,1
19632,飄舞帶收泥情,1
19633,舞帶收泥情斜,1
19634,帶收泥情斜拂,1
19635,收泥情斜拂印,1
19636,泥情斜拂印別,1
19637,情斜拂印別臉,1
19638,斜拂印別臉小,1
19639,拂印別臉小低,1
19640,印別臉小低頭,1
19641,別臉小低頭日,1
19642,臉小低頭日晚,1
19643,小低頭日晚花,1
19644,低頭日晚花枝,1
19645,頭日晚花枝爛,1
19646,日晚花枝爛釭,1
19647,晚花枝爛釭凝,1
19648,花枝爛釭凝粉,1
19649,枝爛釭凝粉彩,1
19650,爛釭凝粉彩稠,1
19651,釭凝粉彩稠未,1
19652,凝粉彩稠未曾,1
19653,粉彩稠未曾孤,1
19654,彩稠未曾孤酩,1
19655,稠未曾孤酩酊,1
19656,未曾孤酩酊剩,1
19657,曾孤酩酊剩肯,1
19658,孤酩酊剩肯只,1
19659,酩酊剩肯只淹,1
19660,酊剩肯只淹留,1
19661,剩肯只淹留重,1
19662,肯只淹留重德,1
19663,只淹留重德俄,1
19664,淹留重德俄征,1
19665,留重德俄征寵,1
19666,重德俄征寵諸,1
19667,德俄征寵諸生,1
19668,俄征寵諸生苦,1
19669,征寵諸生苦宦,1
19670,寵諸生苦宦遊,1
19671,諸生苦宦遊分,1
19672,生苦宦遊分途,1
19673,苦宦遊分途之,1
19674,宦遊分途之絕,1
19675,遊分途之絕國,1
19676,分途之絕國灑,1
19677,途之絕國灑淚,1
19678,之絕國灑淚拜,1
19679,絕國灑淚拜行,1
19680,國灑淚拜行輈,1
19681,灑淚拜行輈聚,1
19682,淚拜行輈聚散,1
19683,拜行輈聚散真,1
19684,行輈聚散真漂,1
19685,輈聚散真漂梗,1
19686,聚散真漂梗光,1
19687,散真漂梗光陰,1
19688,真漂梗光陰極,1
19689,漂梗光陰極轉,1
19690,梗光陰極轉郵,1
19691,光陰極轉郵銘,1
19692,陰極轉郵銘心,1
19693,極轉郵銘心徒,1
19694,轉郵銘心徒歷,1
19695,郵銘心徒歷歷,1
19696,銘心徒歷歷屈,1
19697,心徒歷歷屈指,1
19698,徒歷歷屈指盡,1
19699,歷歷屈指盡悠,1
19700,歷屈指盡悠悠,1
19701,屈指盡悠悠君,1
19702,指盡悠悠君作,1
19703,盡悠悠君作烹,1
19704,悠悠君作烹鮮,1
19705,悠君作烹鮮用,1
19706,君作烹鮮用誰,1
19707,作烹鮮用誰膺,1
19708,烹鮮用誰膺仄,1
19709,鮮用誰膺仄席,1
19710,用誰膺仄席求,1
19711,誰膺仄席求卷,1
19712,膺仄席求卷懷,1
19713,仄席求卷懷能,1
19714,席求卷懷能憤,1
19715,求卷懷能憤悱,1
19716,卷懷能憤悱卒,1
19717,懷能憤悱卒歲,1
19718,能憤悱卒歲且,1
19719,憤悱卒歲且優,1
19720,悱卒歲且優遊,1
19721,卒歲且優遊去,1
19722,歲且優遊去矣,1
19723,且優遊去矣時,1
19724,優遊去矣時難,1
19725,遊去矣時難遇,1
19726,去矣時難遇沽,1
19727,矣時難遇沽哉,1
19728,時難遇沽哉價,1
19729,難遇沽哉價莫,1
19730,遇沽哉價莫酬,1
19731,沽哉價莫酬滿,1
19732,哉價莫酬滿枝,1
19733,價莫酬滿枝為,1
19734,莫酬滿枝為鼓,1
19735,酬滿枝為鼓吹,1
19736,滿枝為鼓吹衷,1
19737,枝為鼓吹衷甲,1
19738,為鼓吹衷甲避,1
19739,鼓吹衷甲避戈,1
19740,吹衷甲避戈矛,1
19741,衷甲避戈矛隋,1
19742,甲避戈矛隋帝,1
19743,避戈矛隋帝宮,1
19744,戈矛隋帝宮荒,1
19745,矛隋帝宮荒草,1
19746,隋帝宮荒草秦,1
19747,帝宮荒草秦王,1
19748,宮荒草秦王土,1
19749,荒草秦王土一,1
19750,草秦王土一丘,1
19751,秦王土一丘相,1
19752,王土一丘相逢,1
19753,土一丘相逢好,1
19754,一丘相逢好大,1
19755,丘相逢好大笑,1
19756,相逢好大笑除,1
19757,逢好大笑除此,1
19758,好大笑除此總,1
19759,大笑除此總雲,1
19760,笑除此總雲浮,1
19761,除此總雲浮月,1
19762,此總雲浮月白,1
19763,總雲浮月白煙,1
19764,雲浮月白煙青,1
19765,浮月白煙青水,1
19766,月白煙青水暗,1
19767,白煙青水暗流,1
19768,煙青水暗流孤,1
19769,青水暗流孤猿,1
19770,水暗流孤猿銜,1
19771,暗流孤猿銜恨,1
19772,流孤猿銜恨叫,1
19773,孤猿銜恨叫中,1
19774,猿銜恨叫中秋,1
19775,銜恨叫中秋三,1
19776,恨叫中秋三聲,1
19777,叫中秋三聲欲,1
19778,中秋三聲欲斷,1
19779,秋三聲欲斷疑,1
19780,三聲欲斷疑腸,1
19781,聲欲斷疑腸斷,1
19782,欲斷疑腸斷饒,1
19783,斷疑腸斷饒是,1
19784,疑腸斷饒是少,1
19785,腸斷饒是少年,1
19786,斷饒是少年今,1
19787,饒是少年今白,1
19788,是少年今白頭,1
19789,少年今白頭塵,1
19790,年今白頭塵埃,1
19791,今白頭塵埃終,1
19792,白頭塵埃終日,1
19793,頭塵埃終日滿,1
19794,塵埃終日滿窗,1
19795,埃終日滿窗前,1
19796,終日滿窗前水,1
19797,日滿窗前水態,1
19798,滿窗前水態雲,1
19799,窗前水態雲容,1
19800,前水態雲容思,1
19801,水態雲容思浩,1
19802,態雲容思浩然,1
19803,雲容思浩然爭,1
19804,容思浩然爭得,1
19805,思浩然爭得便,1
19806,浩然爭得便歸,1
19807,然爭得便歸湘,1
19808,爭得便歸湘浦,1
19809,得便歸湘浦去,1
19810,便歸湘浦去卻,1
19811,歸湘浦去卻持,1
19812,湘浦去卻持竿,1
19813,浦去卻持竿上,1
19814,去卻持竿上釣,1
19815,卻持竿上釣魚,1
19816,持竿上釣魚船,1
19817,竿上釣魚船黑,1
19818,上釣魚船黑山,1
19819,釣魚船黑山南,1
19820,魚船黑山南面,1
19821,船黑山南面更,1
19822,黑山南面更無,1
19823,山南面更無州,1
19824,南面更無州馬,1
19825,面更無州馬放,1
19826,更無州馬放平,1
19827,無州馬放平沙,1
19828,州馬放平沙夜,1
19829,馬放平沙夜不,1
19830,放平沙夜不收,1
19831,平沙夜不收風,1
19832,沙夜不收風送,1
19833,夜不收風送孤,1
19834,不收風送孤城,1
19835,收風送孤城臨,1
19836,風送孤城臨晚,1
19837,送孤城臨晚角,1
19838,孤城臨晚角一,1
19839,城臨晚角一聲,1
19840,臨晚角一聲聲,1
19841,晚角一聲聲入,1
19842,角一聲聲入客,1
19843,一聲聲入客心,1
19844,聲聲入客心愁,1
19845,聲入客心愁玉,1
19846,入客心愁玉簫,1
19847,客心愁玉簫聲,1
19848,心愁玉簫聲斷,1
19849,愁玉簫聲斷沒,1
19850,玉簫聲斷沒流,1
19851,簫聲斷沒流年,1
19852,聲斷沒流年滿,1
19853,斷沒流年滿目,1
19854,沒流年滿目春,1
19855,流年滿目春愁,1
19856,年滿目春愁隴,1
19857,滿目春愁隴樹,1
19858,目春愁隴樹煙,1
19859,春愁隴樹煙豔,1
19860,愁隴樹煙豔質,1
19861,隴樹煙豔質已,1
19862,樹煙豔質已隨,1
19863,煙豔質已隨雲,1
19864,豔質已隨雲雨,1
19865,質已隨雲雨散,1
19866,已隨雲雨散鳳,1
19867,隨雲雨散鳳樓,1
19868,雲雨散鳳樓空,1
19869,雨散鳳樓空鎖,1
19870,散鳳樓空鎖月,1
19871,鳳樓空鎖月明,1
19872,樓空鎖月明天,1
19873,空鎖月明天門,1
19874,鎖月明天門近,1
19875,月明天門近寒,1
19876,明天門近寒溪,1
19877,天門近寒溪窗,1
19878,門近寒溪窗近,1
19879,近寒溪窗近山,1
19880,寒溪窗近山枕,1
19881,溪窗近山枕山,1
19882,窗近山枕山流,1
19883,近山枕山流水,1
19884,山枕山流水日,1
19885,枕山流水日潺,1
19886,山流水日潺潺,1
19887,流水日潺潺長,1
19888,水日潺潺長嫌,1
19889,日潺潺長嫌世,1
19890,潺潺長嫌世上,1
19891,潺長嫌世上浮,1
19892,長嫌世上浮雲,1
19893,嫌世上浮雲客,1
19894,世上浮雲客老,1
19895,上浮雲客老向,1
19896,浮雲客老向塵,1
19897,雲客老向塵中,1
19898,客老向塵中不,1
19899,老向塵中不解,1
19900,向塵中不解顏,1
19901,塵中不解顏萬,1
19902,中不解顏萬古,1
19903,不解顏萬古榮,1
19904,解顏萬古榮華,1
19905,顏萬古榮華旦,1
19906,萬古榮華旦暮,1
19907,古榮華旦暮齊,1
19908,榮華旦暮齊樓,1
19909,華旦暮齊樓臺,1
19910,旦暮齊樓臺春,1
19911,暮齊樓臺春盡,1
19912,齊樓臺春盡草,1
19913,樓臺春盡草萋,1
19914,臺春盡草萋萋,1
19915,春盡草萋萋君,1
19916,盡草萋萋君看,1
19917,草萋萋君看陌,1
19918,萋萋君看陌上,1
19919,萋君看陌上何,1
19920,君看陌上何人,1
19921,看陌上何人墓,1
19922,陌上何人墓旋,1
19923,上何人墓旋化,1
19924,何人墓旋化紅,1
19925,人墓旋化紅塵,1
19926,墓旋化紅塵送,1
19927,旋化紅塵送馬,1
19928,化紅塵送馬蹄,1
19929,紅塵送馬蹄蛾,1
19930,塵送馬蹄蛾眉,1
19931,送馬蹄蛾眉一,1
19932,馬蹄蛾眉一墜,1
19933,蹄蛾眉一墜窮,1
19934,蛾眉一墜窮泉,1
19935,眉一墜窮泉路,1
19936,一墜窮泉路夜,1
19937,墜窮泉路夜夜,1
19938,窮泉路夜夜孤,1
19939,泉路夜夜孤魂,1
19940,路夜夜孤魂月,1
19941,夜夜孤魂月下,1
19942,夜孤魂月下愁,1
19943,孤魂月下愁行,1
19944,魂月下愁行腳,1
19945,月下愁行腳尋,1
19946,下愁行腳尋常,1
19947,愁行腳尋常到,1
19948,行腳尋常到寺,1
19949,腳尋常到寺稀,1
19950,尋常到寺稀一,1
19951,常到寺稀一枝,1
19952,到寺稀一枝藜,1
19953,寺稀一枝藜杖,1
19954,稀一枝藜杖一,1
19955,一枝藜杖一禪,1
19956,枝藜杖一禪衣,1
19957,藜杖一禪衣開,1
19958,杖一禪衣開門,1
19959,一禪衣開門滿,1
19960,禪衣開門滿院,1
19961,衣開門滿院空,1
19962,開門滿院空秋,1
19963,門滿院空秋色,1
19964,滿院空秋色新,1
19965,院空秋色新向,1
19966,空秋色新向廬,1
19967,秋色新向廬峰,1
19968,色新向廬峰過,1
19969,新向廬峰過夏,1
19970,向廬峰過夏歸,1
19971,廬峰過夏歸柳,1
19972,峰過夏歸柳動,1
19973,過夏歸柳動晴,1
19974,夏歸柳動晴風,1
19975,歸柳動晴風拂,1
19976,柳動晴風拂路,1
19977,動晴風拂路塵,1
19978,晴風拂路塵年,1
19979,風拂路塵年年,1
19980,拂路塵年年宮,1
19981,路塵年年宮闕,1
19982,塵年年宮闕鎖,1
19983,年年宮闕鎖濃,1
19984,年宮闕鎖濃春,1
19985,宮闕鎖濃春一,1
19986,闕鎖濃春一從,1
19987,鎖濃春一從翠,1
19988,濃春一從翠輦,1
19989,春一從翠輦無,1
19990,一從翠輦無巡,1
19991,從翠輦無巡幸,1
19992,翠輦無巡幸老,1
19993,輦無巡幸老卻,1
19994,無巡幸老卻蛾,1
19995,巡幸老卻蛾眉,1
19996,幸老卻蛾眉幾,1
19997,老卻蛾眉幾許,1
19998,卻蛾眉幾許人,1
19999,蛾眉幾許人風,1
20000,眉幾許人風吹,1
20001,幾許人風吹柳,1
20002,許人風吹柳帶,1
20003,人風吹柳帶搖,1
20004,風吹柳帶搖晴,1
20005,吹柳帶搖晴綠,1
20006,柳帶搖晴綠蝶,1
20007,帶搖晴綠蝶繞,1
20008,搖晴綠蝶繞花,1
20009,晴綠蝶繞花枝,1
20010,綠蝶繞花枝戀,1
20011,蝶繞花枝戀暖,1
20012,繞花枝戀暖香,1
20013,花枝戀暖香多,1
20014,枝戀暖香多把,1
20015,戀暖香多把芳,1
20016,暖香多把芳菲,1
20017,香多把芳菲泛,1
20018,多把芳菲泛春,1
20019,把芳菲泛春酒,1
20020,芳菲泛春酒直,1
20021,菲泛春酒直教,1
20022,泛春酒直教愁,1
20023,春酒直教愁色,1
20024,酒直教愁色對,1
20025,直教愁色對愁,1
20026,教愁色對愁腸,1
20027,愁色對愁腸何,1
20028,色對愁腸何處,1
20029,對愁腸何處吹,1
20030,愁腸何處吹笳,1
20031,腸何處吹笳薄,1
20032,何處吹笳薄暮,1
20033,處吹笳薄暮天,1
20034,吹笳薄暮天塞,1
20035,笳薄暮天塞垣,1
20036,薄暮天塞垣高,1
20037,暮天塞垣高鳥,1
20038,天塞垣高鳥沒,1
20039,塞垣高鳥沒狼,1
20040,垣高鳥沒狼煙,1
20041,高鳥沒狼煙遊,1
20042,鳥沒狼煙遊人,1
20043,沒狼煙遊人一,1
20044,狼煙遊人一聽,1
20045,煙遊人一聽頭,1
20046,遊人一聽頭堪,1
20047,人一聽頭堪白,1
20048,一聽頭堪白蘇,1
20049,聽頭堪白蘇武,1
20050,頭堪白蘇武爭,1
20051,堪白蘇武爭禁,1
20052,白蘇武爭禁十,1
20053,蘇武爭禁十九,1
20054,武爭禁十九年,1
20055,爭禁十九年海,1
20056,禁十九年海路,1
20057,十九年海路無,1
20058,九年海路無塵,1
20059,年海路無塵邊,1
20060,路無塵邊草新,1
20061,無塵邊草新榮,1
20062,塵邊草新榮枯,1
20063,邊草新榮枯不,1
20064,草新榮枯不見,1
20065,新榮枯不見綠,1
20066,榮枯不見綠楊,1
20067,枯不見綠楊春,1
20068,不見綠楊春白,1
20069,見綠楊春白沙,1
20070,綠楊春白沙日,1
20071,楊春白沙日暮,1
20072,春白沙日暮愁,1
20073,白沙日暮愁雲,1
20074,沙日暮愁雲起,1
20075,日暮愁雲起獨,1
20076,暮愁雲起獨感,1
20077,愁雲起獨感離,1
20078,雲起獨感離鄉,1
20079,起獨感離鄉萬,1
20080,獨感離鄉萬里,1
20081,感離鄉萬里人,1
20082,離鄉萬里人胡,1
20083,鄉萬里人胡雛,1
20084,萬里人胡雛吹,1
20085,里人胡雛吹笛,1
20086,人胡雛吹笛上,1
20087,胡雛吹笛上高,1
20088,雛吹笛上高臺,1
20089,吹笛上高臺寒,1
20090,笛上高臺寒雁,1
20091,上高臺寒雁驚,1
20092,高臺寒雁驚飛,1
20093,臺寒雁驚飛去,1
20094,寒雁驚飛去不,1
20095,雁驚飛去不回,1
20096,驚飛去不回盡,1
20097,飛去不回盡日,1
20098,去不回盡日春,1
20099,不回盡日春風,1
20100,回盡日春風吹,1
20101,盡日春風吹不,1
20102,日春風吹不散,1
20103,春風吹不散只,1
20104,風吹不散只應,1
20105,吹不散只應分,1
20106,不散只應分付,1
20107,散只應分付客,1
20108,只應分付客愁,1
20109,應分付客愁來,1
20110,分付客愁來薊,1
20111,付客愁來薊北,1
20112,客愁來薊北雁,1
20113,愁來薊北雁初,1
20114,來薊北雁初去,1
20115,薊北雁初去湘,1
20116,北雁初去湘南,1
20117,雁初去湘南春,1
20118,初去湘南春又,1
20119,去湘南春又歸,1
20120,湘南春又歸水,1
20121,南春又歸水流,1
20122,春又歸水流滄,1
20123,又歸水流滄海,1
20124,歸水流滄海急,1
20125,水流滄海急人,1
20126,流滄海急人到,1
20127,滄海急人到白,1
20128,海急人到白頭,1
20129,急人到白頭稀,1
20130,人到白頭稀塞,1
20131,到白頭稀塞路,1
20132,白頭稀塞路盡,1
20133,頭稀塞路盡何,1
20134,稀塞路盡何處,1
20135,塞路盡何處我,1
20136,路盡何處我愁,1
20137,盡何處我愁當,1
20138,何處我愁當落,1
20139,處我愁當落暉,1
20140,我愁當落暉終,1
20141,愁當落暉終須,1
20142,當落暉終須接,1
20143,落暉終須接鴛,1
20144,暉終須接鴛鷺,1
20145,終須接鴛鷺霄,1
20146,須接鴛鷺霄漢,1
20147,接鴛鷺霄漢共,1
20148,鴛鷺霄漢共高,1
20149,鷺霄漢共高飛,1
20150,霄漢共高飛遺,1
20151,漢共高飛遺蹤,1
20152,共高飛遺蹤委,1
20153,高飛遺蹤委衰,1
20154,飛遺蹤委衰草,1
20155,遺蹤委衰草行,1
20156,蹤委衰草行客,1
20157,委衰草行客思,1
20158,衰草行客思悠,1
20159,草行客思悠悠,1
20160,行客思悠悠昔,1
20161,客思悠悠昔日,1
20162,思悠悠昔日人,1
20163,悠悠昔日人何,1
20164,悠昔日人何處,1
20165,昔日人何處終,1
20166,日人何處終年,1
20167,人何處終年水,1
20168,何處終年水自,1
20169,處終年水自流,1
20170,終年水自流孤,1
20171,年水自流孤煙,1
20172,水自流孤煙村,1
20173,自流孤煙村戍,1
20174,流孤煙村戍遠,1
20175,孤煙村戍遠亂,1
20176,煙村戍遠亂雨,1
20177,村戍遠亂雨海,1
20178,戍遠亂雨海門,1
20179,遠亂雨海門秋,1
20180,亂雨海門秋吟,1
20181,雨海門秋吟罷,1
20182,海門秋吟罷獨,1
20183,門秋吟罷獨歸,1
20184,秋吟罷獨歸去,1
20185,吟罷獨歸去煙,1
20186,罷獨歸去煙雲,1
20187,獨歸去煙雲盡,1
20188,歸去煙雲盡慘,1
20189,去煙雲盡慘愁,1
20190,煙雲盡慘愁行,1
20191,雲盡慘愁行役,1
20192,盡慘愁行役我,1
20193,慘愁行役我方,1
20194,愁行役我方倦,1
20195,行役我方倦苦,1
20196,役我方倦苦吟,1
20197,我方倦苦吟誰,1
20198,方倦苦吟誰複,1
20199,倦苦吟誰複聞,1
20200,苦吟誰複聞戍,1
20201,吟誰複聞戍樓,1
20202,誰複聞戍樓春,1
20203,複聞戍樓春帶,1
20204,聞戍樓春帶雪,1
20205,戍樓春帶雪邊,1
20206,樓春帶雪邊角,1
20207,春帶雪邊角暮,1
20208,帶雪邊角暮吹,1
20209,雪邊角暮吹雲,1
20210,邊角暮吹雲極,1
20211,角暮吹雲極目,1
20212,暮吹雲極目無,1
20213,吹雲極目無人,1
20214,雲極目無人跡,1
20215,極目無人跡回,1
20216,目無人跡回頭,1
20217,無人跡回頭送,1
20218,人跡回頭送雁,1
20219,跡回頭送雁群,1
20220,回頭送雁群如,1
20221,頭送雁群如何,1
20222,送雁群如何遣,1
20223,雁群如何遣公,1
20224,群如何遣公子,1
20225,如何遣公子高,1
20226,何遣公子高臥,1
20227,遣公子高臥醉,1
20228,公子高臥醉醺,1
20229,子高臥醉醺醺,1
20230,高臥醉醺醺相,1
20231,臥醉醺醺相別,1
20232,醉醺醺相別徒,1
20233,醺醺相別徒成,1
20234,醺相別徒成泣,1
20235,相別徒成泣經,1
20236,別徒成泣經過,1
20237,徒成泣經過總,1
20238,成泣經過總是,1
20239,泣經過總是空,1
20240,經過總是空勞,1
20241,過總是空勞生,1
20242,總是空勞生慣,1
20243,是空勞生慣離,1
20244,空勞生慣離別,1
20245,勞生慣離別夜,1
20246,生慣離別夜夢,1
20247,慣離別夜夢苦,1
20248,離別夜夢苦西,1
20249,別夜夢苦西東,1
20250,夜夢苦西東去,1
20251,夢苦西東去路,1
20252,苦西東去路三,1
20253,西東去路三湘,1
20254,東去路三湘浪,1
20255,去路三湘浪歸,1
20256,路三湘浪歸程,1
20257,三湘浪歸程一,1
20258,湘浪歸程一片,1
20259,浪歸程一片風,1
20260,歸程一片風他,1
20261,程一片風他年,1
20262,一片風他年寄,1
20263,片風他年寄消,1
20264,風他年寄消息,1
20265,他年寄消息書,1
20266,年寄消息書在,1
20267,寄消息書在鯉,1
20268,消息書在鯉魚,1
20269,息書在鯉魚中,1
20270,書在鯉魚中白,1
20271,在鯉魚中白髮,1
20272,鯉魚中白髮滄,1
20273,魚中白髮滄浪,1
20274,中白髮滄浪上,1
20275,白髮滄浪上全,1
20276,髮滄浪上全忘,1
20277,滄浪上全忘是,1
20278,浪上全忘是與,1
20279,上全忘是與非,1
20280,全忘是與非秋,1
20281,忘是與非秋潭,1
20282,是與非秋潭垂,1
20283,與非秋潭垂釣,1
20284,非秋潭垂釣去,1
20285,秋潭垂釣去夜,1
20286,潭垂釣去夜月,1
20287,垂釣去夜月叩,1
20288,釣去夜月叩船,1
20289,去夜月叩船歸,1
20290,夜月叩船歸煙,1
20291,月叩船歸煙影,1
20292,叩船歸煙影侵,1
20293,船歸煙影侵蘆,1
20294,歸煙影侵蘆岸,1
20295,煙影侵蘆岸潮,1
20296,影侵蘆岸潮痕,1
20297,侵蘆岸潮痕在,1
20298,蘆岸潮痕在竹,1
20299,岸潮痕在竹扉,1
20300,潮痕在竹扉終,1
20301,痕在竹扉終年,1
20302,在竹扉終年狎,1
20303,竹扉終年狎鷗,1
20304,扉終年狎鷗鳥,1
20305,終年狎鷗鳥來,1
20306,年狎鷗鳥來去,1
20307,狎鷗鳥來去且,1
20308,鷗鳥來去且無,1
20309,鳥來去且無機,1
20310,來去且無機寒,1
20311,去且無機寒空,1
20312,且無機寒空動,1
20313,無機寒空動高,1
20314,機寒空動高吹,1
20315,寒空動高吹月,1
20316,空動高吹月色,1
20317,動高吹月色滿,1
20318,高吹月色滿清,1
20319,吹月色滿清砧,1
20320,月色滿清砧殘,1
20321,色滿清砧殘夢,1
20322,滿清砧殘夢夜,1
20323,清砧殘夢夜魂,1
20324,砧殘夢夜魂斷,1
20325,殘夢夜魂斷美,1
20326,夢夜魂斷美人,1
20327,夜魂斷美人邊,1
20328,魂斷美人邊思,1
20329,斷美人邊思深,1
20330,美人邊思深孤,1
20331,人邊思深孤鴻,1
20332,邊思深孤鴻秋,1
20333,思深孤鴻秋出,1
20334,深孤鴻秋出塞,1
20335,孤鴻秋出塞一,1
20336,鴻秋出塞一葉,1
20337,秋出塞一葉暗,1
20338,出塞一葉暗辭,1
20339,塞一葉暗辭林,1
20340,一葉暗辭林又,1
20341,葉暗辭林又寄,1
20342,暗辭林又寄征,1
20343,辭林又寄征衣,1
20344,林又寄征衣去,1
20345,又寄征衣去迢,1
20346,寄征衣去迢迢,1
20347,征衣去迢迢天,1
20348,衣去迢迢天外,1
20349,去迢迢天外心,1
20350,迢迢天外心風,1
20351,迢天外心風吹,1
20352,天外心風吹一,1
20353,外心風吹一片,1
20354,心風吹一片葉,1
20355,風吹一片葉萬,1
20356,吹一片葉萬物,1
20357,一片葉萬物已,1
20358,片葉萬物已驚,1
20359,葉萬物已驚秋,1
20360,萬物已驚秋獨,1
20361,物已驚秋獨夜,1
20362,已驚秋獨夜他,1
20363,驚秋獨夜他鄉,1
20364,秋獨夜他鄉淚,1
20365,獨夜他鄉淚年,1
20366,夜他鄉淚年年,1
20367,他鄉淚年年為,1
20368,鄉淚年年為客,1
20369,淚年年為客愁,1
20370,年年為客愁別,1
20371,年為客愁別離,1
20372,為客愁別離何,1
20373,客愁別離何處,1
20374,愁別離何處盡,1
20375,別離何處盡搖,1
20376,離何處盡搖落,1
20377,何處盡搖落幾,1
20378,處盡搖落幾時,1
20379,盡搖落幾時休,1
20380,搖落幾時休不,1
20381,落幾時休不及,1
20382,幾時休不及磻,1
20383,時休不及磻溪,1
20384,休不及磻溪叟,1
20385,不及磻溪叟身,1
20386,及磻溪叟身閑,1
20387,磻溪叟身閑長,1
20388,溪叟身閑長自,1
20389,叟身閑長自由,1
20390,身閑長自由故,1
20391,閑長自由故交,1
20392,長自由故交相,1
20393,自由故交相見,1
20394,由故交相見稀,1
20395,故交相見稀相,1
20396,交相見稀相見,1
20397,相見稀相見倍,1
20398,見稀相見倍依,1
20399,稀相見倍依依,1
20400,相見倍依依塵,1
20401,見倍依依塵路,1
20402,倍依依塵路事,1
20403,依依塵路事不,1
20404,依塵路事不盡,1
20405,塵路事不盡雲,1
20406,路事不盡雲岩,1
20407,事不盡雲岩閑,1
20408,不盡雲岩閑好,1
20409,盡雲岩閑好歸,1
20410,雲岩閑好歸投,1
20411,岩閑好歸投人,1
20412,閑好歸投人銷,1
20413,好歸投人銷壯,1
20414,歸投人銷壯志,1
20415,投人銷壯志徇,1
20416,人銷壯志徇俗,1
20417,銷壯志徇俗變,1
20418,壯志徇俗變真,1
20419,志徇俗變真機,1
20420,徇俗變真機又,1
20421,俗變真機又落,1
20422,變真機又落他,1
20423,真機又落他鄉,1
20424,機又落他鄉淚,1
20425,又落他鄉淚風,1
20426,落他鄉淚風前,1
20427,他鄉淚風前一,1
20428,鄉淚風前一滿,1
20429,淚風前一滿衣,1
20430,風前一滿衣孤,1
20431,前一滿衣孤舟,1
20432,一滿衣孤舟天,1
20433,滿衣孤舟天際,1
20434,衣孤舟天際外,1
20435,孤舟天際外去,1
20436,舟天際外去路,1
20437,天際外去路望,1
20438,際外去路望中,1
20439,外去路望中賒,1
20440,去路望中賒貧,1
20441,路望中賒貧病,1
20442,望中賒貧病遠,1
20443,中賒貧病遠行,1
20444,賒貧病遠行客,1
20445,貧病遠行客夢,1
20446,病遠行客夢魂,1
20447,遠行客夢魂多,1
20448,行客夢魂多在,1
20449,客夢魂多在家,1
20450,夢魂多在家蟬,1
20451,魂多在家蟬吟,1
20452,多在家蟬吟秋,1
20453,在家蟬吟秋色,1
20454,家蟬吟秋色樹,1
20455,蟬吟秋色樹鴉,1
20456,吟秋色樹鴉噪,1
20457,秋色樹鴉噪夕,1
20458,色樹鴉噪夕陽,1
20459,樹鴉噪夕陽沙,1
20460,鴉噪夕陽沙不,1
20461,噪夕陽沙不擬,1
20462,夕陽沙不擬徹,1
20463,陽沙不擬徹雙,1
20464,沙不擬徹雙鬢,1
20465,不擬徹雙鬢他,1
20466,擬徹雙鬢他方,1
20467,徹雙鬢他方擲,1
20468,雙鬢他方擲歲,1
20469,鬢他方擲歲華,1
20470,他方擲歲華寒,1
20471,方擲歲華寒光,1
20472,擲歲華寒光垂,1
20473,歲華寒光垂靜,1
20474,華寒光垂靜夜,1
20475,寒光垂靜夜皓,1
20476,光垂靜夜皓彩,1
20477,垂靜夜皓彩滿,1
20478,靜夜皓彩滿重,1
20479,夜皓彩滿重城,1
20480,皓彩滿重城萬,1
20481,彩滿重城萬國,1
20482,滿重城萬國盡,1
20483,重城萬國盡分,1
20484,城萬國盡分照,1
20485,萬國盡分照誰,1
20486,國盡分照誰家,1
20487,盡分照誰家無,1
20488,分照誰家無此,1
20489,照誰家無此明,1
20490,誰家無此明古,1
20491,家無此明古槐,1
20492,無此明古槐疏,1
20493,此明古槐疏影,1
20494,明古槐疏影薄,1
20495,古槐疏影薄仙,1
20496,槐疏影薄仙桂,1
20497,疏影薄仙桂動,1
20498,影薄仙桂動秋,1
20499,薄仙桂動秋聲,1
20500,仙桂動秋聲獨,1
20501,桂動秋聲獨有,1
20502,動秋聲獨有長,1
20503,秋聲獨有長門,1
20504,聲獨有長門裏,1
20505,獨有長門裏蛾,1
20506,有長門裏蛾眉,1
20507,長門裏蛾眉對,1
20508,門裏蛾眉對曉,1
20509,裏蛾眉對曉晴,1
20510,蛾眉對曉晴東,1
20511,眉對曉晴東西,1
20512,對曉晴東西那,1
20513,曉晴東西那有,1
20514,晴東西那有礙,1
20515,東西那有礙出,1
20516,西那有礙出處,1
20517,那有礙出處豈,1
20518,有礙出處豈虛,1
20519,礙出處豈虛心,1
20520,出處豈虛心曉,1
20521,處豈虛心曉入,1
20522,豈虛心曉入洞,1
20523,虛心曉入洞庭,1
20524,心曉入洞庭闊,1
20525,曉入洞庭闊暮,1
20526,入洞庭闊暮歸,1
20527,洞庭闊暮歸巫,1
20528,庭闊暮歸巫峽,1
20529,闊暮歸巫峽深,1
20530,暮歸巫峽深渡,1
20531,歸巫峽深渡江,1
20532,巫峽深渡江隨,1
20533,峽深渡江隨鳥,1
20534,深渡江隨鳥影,1
20535,渡江隨鳥影擁,1
20536,江隨鳥影擁樹,1
20537,隨鳥影擁樹隔,1
20538,鳥影擁樹隔猿,1
20539,影擁樹隔猿吟,1
20540,擁樹隔猿吟莫,1
20541,樹隔猿吟莫隱,1
20542,隔猿吟莫隱高,1
20543,猿吟莫隱高唐,1
20544,吟莫隱高唐去,1
20545,莫隱高唐去枯,1
20546,隱高唐去枯苗,1
20547,高唐去枯苗待,1
20548,唐去枯苗待作,1
20549,去枯苗待作霖,1
20550,枯苗待作霖年,1
20551,苗待作霖年光,1
20552,待作霖年光何,1
20553,作霖年光何太,1
20554,霖年光何太急,1
20555,年光何太急倏,1
20556,光何太急倏忽,1
20557,何太急倏忽又,1
20558,太急倏忽又青,1
20559,急倏忽又青春,1
20560,倏忽又青春明,1
20561,忽又青春明月,1
20562,又青春明月誰,1
20563,青春明月誰為,1
20564,春明月誰為主,1
20565,明月誰為主江,1
20566,月誰為主江山,1
20567,誰為主江山暗,1
20568,為主江山暗換,1
20569,主江山暗換人,1
20570,江山暗換人鶯,1
20571,山暗換人鶯花,1
20572,暗換人鶯花潛,1
20573,換人鶯花潛運,1
20574,人鶯花潛運老,1
20575,鶯花潛運老榮,1
20576,花潛運老榮樂,1
20577,潛運老榮樂漸,1
20578,運老榮樂漸成,1
20579,老榮樂漸成塵,1
20580,榮樂漸成塵遙,1
20581,樂漸成塵遙憶,1
20582,漸成塵遙憶朱,1
20583,成塵遙憶朱門,1
20584,塵遙憶朱門柳,1
20585,遙憶朱門柳別,1
20586,憶朱門柳別離,1
20587,朱門柳別離應,1
20588,門柳別離應更,1
20589,柳別離應更頻,1
20590,別離應更頻年,1
20591,離應更頻年年,1
20592,應更頻年年不,1
20593,更頻年年不相,1
20594,頻年年不相見,1
20595,年年不相見相,1
20596,年不相見相見,1
20597,不相見相見卻,1
20598,相見相見卻成,1
20599,見相見卻成悲,1
20600,相見卻成悲教,1
20601,見卻成悲教我,1
20602,卻成悲教我淚,1
20603,成悲教我淚如,1
20604,悲教我淚如霰,1
20605,教我淚如霰嗟,1
20606,我淚如霰嗟君,1
20607,淚如霰嗟君發,1
20608,如霰嗟君發似,1
20609,霰嗟君發似絲,1
20610,嗟君發似絲正,1
20611,君發似絲正傷,1
20612,發似絲正傷攜,1
20613,似絲正傷攜手,1
20614,絲正傷攜手處,1
20615,正傷攜手處況,1
20616,傷攜手處況值,1
20617,攜手處況值落,1
20618,手處況值落花,1
20619,處況值落花時,1
20620,況值落花時莫,1
20621,值落花時莫惜,1
20622,落花時莫惜今,1
20623,花時莫惜今宵,1
20624,時莫惜今宵醉,1
20625,莫惜今宵醉人,1
20626,惜今宵醉人間,1
20627,今宵醉人間忽,1
20628,宵醉人間忽忽,1
20629,醉人間忽忽期,1
20630,人間忽忽期男,1
20631,間忽忽期男兒,1
20632,忽忽期男兒所,1
20633,忽期男兒所在,1
20634,期男兒所在即,1
20635,男兒所在即為,1
20636,兒所在即為家,1
20637,所在即為家百,1
20638,在即為家百鎰,1
20639,即為家百鎰黃,1
20640,為家百鎰黃金,1
20641,家百鎰黃金一,1
20642,百鎰黃金一朵,1
20643,鎰黃金一朵花,1
20644,黃金一朵花借,1
20645,金一朵花借問,1
20646,一朵花借問春,1
20647,朵花借問春風,1
20648,花借問春風何,1
20649,借問春風何處,1
20650,問春風何處好,1
20651,春風何處好綠,1
20652,風何處好綠楊,1
20653,何處好綠楊深,1
20654,處好綠楊深巷,1
20655,好綠楊深巷馬,1
20656,綠楊深巷馬頭,1
20657,楊深巷馬頭斜,1
20658,深巷馬頭斜繁,1
20659,巷馬頭斜繁華,1
20660,馬頭斜繁華事,1
20661,頭斜繁華事散,1
20662,斜繁華事散逐,1
20663,繁華事散逐香,1
20664,華事散逐香塵,1
20665,事散逐香塵流,1
20666,散逐香塵流水,1
20667,逐香塵流水無,1
20668,香塵流水無情,1
20669,塵流水無情草,1
20670,流水無情草自,1
20671,水無情草自春,1
20672,無情草自春日,1
20673,情草自春日暮,1
20674,草自春日暮東,1
20675,自春日暮東風,1
20676,春日暮東風怨,1
20677,日暮東風怨啼,1
20678,暮東風怨啼鳥,1
20679,東風怨啼鳥落,1
20680,風怨啼鳥落花,1
20681,怨啼鳥落花猶,1
20682,啼鳥落花猶似,1
20683,鳥落花猶似墮,1
20684,落花猶似墮樓,1
20685,花猶似墮樓人,1
20686,猶似墮樓人星,1
20687,似墮樓人星漢,1
20688,墮樓人星漢離,1
20689,樓人星漢離宮,1
20690,人星漢離宮月,1
20691,星漢離宮月出,1
20692,漢離宮月出輪,1
20693,離宮月出輪滿,1
20694,宮月出輪滿街,1
20695,月出輪滿街含,1
20696,出輪滿街含笑,1
20697,輪滿街含笑綺,1
20698,滿街含笑綺羅,1
20699,街含笑綺羅春,1
20700,含笑綺羅春花,1
20701,笑綺羅春花前,1
20702,綺羅春花前每,1
20703,羅春花前每被,1
20704,春花前每被青,1
20705,花前每被青蛾,1
20706,前每被青蛾問,1
20707,每被青蛾問何,1
20708,被青蛾問何事,1
20709,青蛾問何事重,1
20710,蛾問何事重來,1
20711,問何事重來隻,1
20712,何事重來隻一,1
20713,事重來隻一人,1
20714,重來隻一人黃,1
20715,來隻一人黃沙,1
20716,隻一人黃沙連,1
20717,一人黃沙連海,1
20718,人黃沙連海路,1
20719,黃沙連海路無,1
20720,沙連海路無塵,1
20721,連海路無塵邊,1
20722,路無塵邊草長,1
20723,無塵邊草長枯,1
20724,塵邊草長枯不,1
20725,邊草長枯不見,1
20726,草長枯不見春,1
20727,長枯不見春日,1
20728,枯不見春日暮,1
20729,不見春日暮拂,1
20730,見春日暮拂雲,1
20731,春日暮拂雲堆,1
20732,日暮拂雲堆下,1
20733,暮拂雲堆下過,1
20734,拂雲堆下過馬,1
20735,雲堆下過馬前,1
20736,堆下過馬前逢,1
20737,下過馬前逢著,1
20738,過馬前逢著射,1
20739,馬前逢著射雕,1
20740,前逢著射雕人,1
20741,逢著射雕人青,1
20742,著射雕人青陽,1
20743,射雕人青陽雲,1
20744,雕人青陽雲水,1
20745,人青陽雲水去,1
20746,青陽雲水去年,1
20747,陽雲水去年尋,1
20748,雲水去年尋黃,1
20749,水去年尋黃絹,1
20750,去年尋黃絹歌,1
20751,年尋黃絹歌詩,1
20752,尋黃絹歌詩出,1
20753,黃絹歌詩出翰,1
20754,絹歌詩出翰林,1
20755,歌詩出翰林投,1
20756,詩出翰林投轄,1
20757,出翰林投轄暫,1
20758,翰林投轄暫停,1
20759,林投轄暫停留,1
20760,投轄暫停留酒,1
20761,轄暫停留酒客,1
20762,暫停留酒客絳,1
20763,停留酒客絳帷,1
20764,留酒客絳帷斜,1
20765,酒客絳帷斜系,1
20766,客絳帷斜系滿,1
20767,絳帷斜系滿松,1
20768,帷斜系滿松陰,1
20769,斜系滿松陰妖,1
20770,系滿松陰妖人,1
20771,滿松陰妖人笑,1
20772,松陰妖人笑我,1
20773,陰妖人笑我不,1
20774,妖人笑我不相,1
20775,人笑我不相問,1
20776,笑我不相問道,1
20777,我不相問道者,1
20778,不相問道者應,1
20779,相問道者應知,1
20780,問道者應知歸,1
20781,道者應知歸路,1
20782,者應知歸路心,1
20783,應知歸路心南,1
20784,知歸路心南去,1
20785,歸路心南去南,1
20786,路心南去南來,1
20787,心南去南來盡,1
20788,南去南來盡鄉,1
20789,去南來盡鄉國,1
20790,南來盡鄉國月,1
20791,來盡鄉國月明,1
20792,盡鄉國月明秋,1
20793,鄉國月明秋水,1
20794,國月明秋水只,1
20795,月明秋水只沉,1
20796,明秋水只沉沉,1
20797,秋水只沉沉龍,1
20798,水只沉沉龍舟,1
20799,只沉沉龍舟東,1
20800,沉沉龍舟東下,1
20801,沉龍舟東下事,1
20802,龍舟東下事成,1
20803,舟東下事成空,1
20804,東下事成空蔓,1
20805,下事成空蔓草,1
20806,事成空蔓草萋,1
20807,成空蔓草萋萋,1
20808,空蔓草萋萋滿,1
20809,蔓草萋萋滿故,1
20810,草萋萋滿故宮,1
20811,萋萋滿故宮亡,1
20812,萋滿故宮亡國,1
20813,滿故宮亡國亡,1
20814,故宮亡國亡家,1
20815,宮亡國亡家為,1
20816,亡國亡家為顏,1
20817,國亡家為顏色,1
20818,亡家為顏色露,1
20819,家為顏色露桃,1
20820,為顏色露桃猶,1
20821,顏色露桃猶自,1
20822,色露桃猶自恨,1
20823,露桃猶自恨春,1
20824,桃猶自恨春風,1
20825,猶自恨春風瘴,1
20826,自恨春風瘴塞,1
20827,恨春風瘴塞蠻,1
20828,春風瘴塞蠻江,1
20829,風瘴塞蠻江入,1
20830,瘴塞蠻江入洞,1
20831,塞蠻江入洞流,1
20832,蠻江入洞流人,1
20833,江入洞流人家,1
20834,入洞流人家多,1
20835,洞流人家多在,1
20836,流人家多在竹,1
20837,人家多在竹棚,1
20838,家多在竹棚頭,1
20839,多在竹棚頭青,1
20840,在竹棚頭青山,1
20841,竹棚頭青山海,1
20842,棚頭青山海上,1
20843,頭青山海上無,1
20844,青山海上無城,1
20845,山海上無城郭,1
20846,海上無城郭唯,1
20847,上無城郭唯見,1
20848,無城郭唯見松,1
20849,城郭唯見松牌,1
20850,郭唯見松牌出,1
20851,唯見松牌出象,1
20852,見松牌出象州,1
20853,松牌出象州把,1
20854,牌出象州把酒,1
20855,出象州把酒直,1
20856,象州把酒直須,1
20857,州把酒直須判,1
20858,把酒直須判酩,1
20859,酒直須判酩酊,1
20860,直須判酩酊逢,1
20861,須判酩酊逢花,1
20862,判酩酊逢花莫,1
20863,酩酊逢花莫惜,1
20864,酊逢花莫惜暫,1
20865,逢花莫惜暫淹,1
20866,花莫惜暫淹留,1
20867,莫惜暫淹留假,1
20868,惜暫淹留假如,1
20869,暫淹留假如三,1
20870,淹留假如三萬,1
20871,留假如三萬六,1
20872,假如三萬六千,1
20873,如三萬六千日,1
20874,三萬六千日半,1
20875,萬六千日半是,1
20876,六千日半是悲,1
20877,千日半是悲哀,1
20878,日半是悲哀半,1
20879,半是悲哀半是,1
20880,是悲哀半是愁,1
20881,悲哀半是愁省,1
20882,哀半是愁省事,1
20883,半是愁省事卻,1
20884,是愁省事卻因,1
20885,愁省事卻因多,1
20886,省事卻因多事,1
20887,事卻因多事力,1
20888,卻因多事力無,1
20889,因多事力無心,1
20890,多事力無心翻,1
20891,事力無心翻似,1
20892,力無心翻似有,1
20893,無心翻似有心,1
20894,心翻似有心來,1
20895,翻似有心來秋,1
20896,似有心來秋風,1
20897,有心來秋風郡,1
20898,心來秋風郡閣,1
20899,來秋風郡閣殘,1
20900,秋風郡閣殘花,1
20901,風郡閣殘花在,1
20902,郡閣殘花在別,1
20903,閣殘花在別後,1
20904,殘花在別後何,1
20905,花在別後何人,1
20906,在別後何人更,1
20907,別後何人更一,1
20908,後何人更一杯,1
20909,何人更一杯不,1
20910,人更一杯不語,1
20911,更一杯不語亭,1
20912,一杯不語亭亭,1
20913,杯不語亭亭儼,1
20914,不語亭亭儼薄,1
20915,語亭亭儼薄妝,1
20916,亭亭儼薄妝畫,1
20917,亭儼薄妝畫裙,1
20918,儼薄妝畫裙雙,1
20919,薄妝畫裙雙鳳,1
20920,妝畫裙雙鳳鬱,1
20921,畫裙雙鳳鬱金,1
20922,裙雙鳳鬱金香,1
20923,雙鳳鬱金香西,1
20924,鳳鬱金香西京,1
20925,鬱金香西京才,1
20926,金香西京才子,1
20927,香西京才子旁,1
20928,西京才子旁看,1
20929,京才子旁看取,1
20930,才子旁看取何,1
20931,子旁看取何似,1
20932,旁看取何似喬,1
20933,看取何似喬家,1
20934,取何似喬家那,1
20935,何似喬家那窈,1
20936,似喬家那窈娘,1
20937,喬家那窈娘蜀,1
20938,家那窈娘蜀地,1
20939,那窈娘蜀地曾,1
20940,窈娘蜀地曾聞,1
20941,娘蜀地曾聞子,1
20942,蜀地曾聞子規,1
20943,地曾聞子規鳥,1
20944,曾聞子規鳥宣,1
20945,聞子規鳥宣城,1
20946,子規鳥宣城又,1
20947,規鳥宣城又見,1
20948,鳥宣城又見杜,1
20949,宣城又見杜鵑,1
20950,城又見杜鵑花,1
20951,又見杜鵑花一,1
20952,見杜鵑花一叫,1
20953,杜鵑花一叫一,1
20954,鵑花一叫一回,1
20955,花一叫一回腸,1
20956,一叫一回腸一,1
20957,叫一回腸一斷,1
20958,一回腸一斷三,1
20959,回腸一斷三春,1
20960,腸一斷三春三,1
20961,一斷三春三月,1
20962,斷三春三月憶,1
20963,三春三月憶三,1
20964,春三月憶三巴,1
20965,三月憶三巴獨,1
20966,月憶三巴獨酌,1
20967,憶三巴獨酌芳,1
20968,三巴獨酌芳春,1
20969,巴獨酌芳春酒,1
20970,獨酌芳春酒登,1
20971,酌芳春酒登樓,1
20972,芳春酒登樓已,1
20973,春酒登樓已半,1
20974,酒登樓已半醺,1
20975,登樓已半醺誰,1
20976,樓已半醺誰驚,1
20977,已半醺誰驚一,1
20978,半醺誰驚一行,1
20979,醺誰驚一行雁,1
20980,誰驚一行雁沖,1
20981,驚一行雁沖斷,1
20982,一行雁沖斷過,1
20983,行雁沖斷過江,1
20984,雁沖斷過江雲,1
20985,沖斷過江雲旅,1
20986,斷過江雲旅館,1
20987,過江雲旅館無,1
20988,江雲旅館無良,1
20989,雲旅館無良伴,1
20990,旅館無良伴凝,1
20991,館無良伴凝情,1
20992,無良伴凝情自,1
20993,良伴凝情自悄,1
20994,伴凝情自悄然,1
20995,凝情自悄然寒,1
20996,情自悄然寒燈,1
20997,自悄然寒燈思,1
20998,悄然寒燈思舊,1
20999,然寒燈思舊事,1
21000,寒燈思舊事斷,1
21001,燈思舊事斷雁,1
21002,思舊事斷雁警,1
21003,舊事斷雁警愁,1
21004,事斷雁警愁眠,1
21005,斷雁警愁眠遠,1
21006,雁警愁眠遠夢,1
21007,警愁眠遠夢歸,1
21008,愁眠遠夢歸侵,1
21009,眠遠夢歸侵曉,1
21010,遠夢歸侵曉家,1
21011,夢歸侵曉家書,1
21012,歸侵曉家書到,1
21013,侵曉家書到來,1
21014,曉家書到來年,1
21015,家書到來年湘,1
21016,書到來年湘江,1
21017,到來年湘江好,1
21018,來年湘江好煙,1
21019,年湘江好煙月,1
21020,湘江好煙月門,1
21021,江好煙月門系,1
21022,好煙月門系釣,1
21023,煙月門系釣魚,1
21024,月門系釣魚船,1
21025,門系釣魚船杜,1
21026,系釣魚船杜宇,1
21027,釣魚船杜宇竟,1
21028,魚船杜宇竟何,1
21029,船杜宇竟何冤,1
21030,杜宇竟何冤年,1
21031,宇竟何冤年年,1
21032,竟何冤年年叫,1
21033,何冤年年叫蜀,1
21034,冤年年叫蜀門,1
21035,年年叫蜀門至,1
21036,年叫蜀門至今,1
21037,叫蜀門至今銜,1
21038,蜀門至今銜積,1
21039,門至今銜積恨,1
21040,至今銜積恨終,1
21041,今銜積恨終古,1
21042,銜積恨終古吊,1
21043,積恨終古吊殘,1
21044,恨終古吊殘魂,1
21045,終古吊殘魂芳,1
21046,古吊殘魂芳草,1
21047,吊殘魂芳草迷,1
21048,殘魂芳草迷腸,1
21049,魂芳草迷腸結,1
21050,芳草迷腸結紅,1
21051,草迷腸結紅花,1
21052,迷腸結紅花染,1
21053,腸結紅花染血,1
21054,結紅花染血痕,1
21055,紅花染血痕山,1
21056,花染血痕山川,1
21057,染血痕山川盡,1
21058,血痕山川盡春,1
21059,痕山川盡春色,1
21060,山川盡春色嗚,1
21061,川盡春色嗚咽,1
21062,盡春色嗚咽複,1
21063,春色嗚咽複誰,1
21064,色嗚咽複誰論,1
21065,嗚咽複誰論火,1
21066,咽複誰論火雲,1
21067,複誰論火雲初,1
21068,誰論火雲初似,1
21069,論火雲初似滅,1
21070,火雲初似滅曉,1
21071,雲初似滅曉角,1
21072,初似滅曉角欲,1
21073,似滅曉角欲微,1
21074,滅曉角欲微清,1
21075,曉角欲微清故,1
21076,角欲微清故國,1
21077,欲微清故國行,1
21078,微清故國行千,1
21079,清故國行千里,1
21080,故國行千里新,1
21081,國行千里新蟬,1
21082,行千里新蟬忽,1
21083,千里新蟬忽數,1
21084,里新蟬忽數聲,1
21085,新蟬忽數聲時,1
21086,蟬忽數聲時行,1
21087,忽數聲時行仍,1
21088,數聲時行仍仿,1
21089,聲時行仍仿佛,1
21090,時行仍仿佛度,1
21091,行仍仿佛度日,1
21092,仍仿佛度日更,1
21093,仿佛度日更分,1
21094,佛度日更分明,1
21095,度日更分明不,1
21096,日更分明不敢,1
21097,更分明不敢頻,1
21098,分明不敢頻傾,1
21099,明不敢頻傾耳,1
21100,不敢頻傾耳唯,1
21101,敢頻傾耳唯憂,1
21102,頻傾耳唯憂白,1
21103,傾耳唯憂白髮,1
21104,耳唯憂白髮生,1
21105,唯憂白髮生十,1
21106,憂白髮生十載,1
21107,白髮生十載名,1
21108,髮生十載名兼,1
21109,生十載名兼利,1
21110,十載名兼利人,1
21111,載名兼利人皆,1
21112,名兼利人皆與,1
21113,兼利人皆與命,1
21114,利人皆與命爭,1
21115,人皆與命爭青,1
21116,皆與命爭青春,1
21117,與命爭青春留,1
21118,命爭青春留不,1
21119,爭青春留不住,1
21120,青春留不住白,1
21121,春留不住白髮,1
21122,留不住白髮自,1
21123,不住白髮自然,1
21124,住白髮自然生,1
21125,白髮自然生夜,1
21126,髮自然生夜雨,1
21127,自然生夜雨滴,1
21128,然生夜雨滴鄉,1
21129,生夜雨滴鄉思,1
21130,夜雨滴鄉思秋,1
21131,雨滴鄉思秋風,1
21132,滴鄉思秋風從,1
21133,鄉思秋風從別,1
21134,思秋風從別情,1
21135,秋風從別情都,1
21136,風從別情都門,1
21137,從別情都門五,1
21138,別情都門五十,1
21139,情都門五十裏,1
21140,都門五十裏馳,1
21141,門五十裏馳馬,1
21142,五十裏馳馬逐,1
21143,十裏馳馬逐雞,1
21144,裏馳馬逐雞聲,1
21145,馳馬逐雞聲窗,1
21146,馬逐雞聲窗虛,1
21147,逐雞聲窗虛枕,1
21148,雞聲窗虛枕簟,1
21149,聲窗虛枕簟涼,1
21150,窗虛枕簟涼寢,1
21151,虛枕簟涼寢倦,1
21152,枕簟涼寢倦憶,1
21153,簟涼寢倦憶瀟,1
21154,涼寢倦憶瀟湘,1
21155,寢倦憶瀟湘山,1
21156,倦憶瀟湘山色,1
21157,憶瀟湘山色幾,1
21158,瀟湘山色幾時,1
21159,湘山色幾時老,1
21160,山色幾時老人,1
21161,色幾時老人心,1
21162,幾時老人心終,1
21163,時老人心終日,1
21164,老人心終日忙,1
21165,人心終日忙松,1
21166,心終日忙松風,1
21167,終日忙松風半,1
21168,日忙松風半夜,1
21169,忙松風半夜雨,1
21170,松風半夜雨簾,1
21171,風半夜雨簾月,1
21172,半夜雨簾月滿,1
21173,夜雨簾月滿堂,1
21174,雨簾月滿堂霜,1
21175,簾月滿堂霜匹,1
21176,月滿堂霜匹馬,1
21177,滿堂霜匹馬好,1
21178,堂霜匹馬好歸,1
21179,霜匹馬好歸去,1
21180,匹馬好歸去江,1
21181,馬好歸去江頭,1
21182,好歸去江頭橘,1
21183,歸去江頭橘正,1
21184,去江頭橘正香,1
21185,江頭橘正香獨,1
21186,頭橘正香獨起,1
21187,橘正香獨起望,1
21188,正香獨起望山,1
21189,香獨起望山色,1
21190,獨起望山色水,1
21191,起望山色水雞,1
21192,望山色水雞鳴,1
21193,山色水雞鳴蓼,1
21194,色水雞鳴蓼洲,1
21195,水雞鳴蓼洲房,1
21196,雞鳴蓼洲房星,1
21197,鳴蓼洲房星隨,1
21198,蓼洲房星隨月,1
21199,洲房星隨月曉,1
21200,房星隨月曉楚,1
21201,星隨月曉楚木,1
21202,隨月曉楚木向,1
21203,月曉楚木向雲,1
21204,曉楚木向雲秋,1
21205,楚木向雲秋曲,1
21206,木向雲秋曲渚,1
21207,向雲秋曲渚疑,1
21208,雲秋曲渚疑江,1
21209,秋曲渚疑江盡,1
21210,曲渚疑江盡平,1
21211,渚疑江盡平沙,1
21212,疑江盡平沙似,1
21213,江盡平沙似浪,1
21214,盡平沙似浪浮,1
21215,平沙似浪浮秦,1
21216,沙似浪浮秦原,1
21217,似浪浮秦原在,1
21218,浪浮秦原在何,1
21219,浮秦原在何處,1
21220,秦原在何處澤,1
21221,原在何處澤國,1
21222,在何處澤國碧,1
21223,何處澤國碧悠,1
21224,處澤國碧悠悠,1
21225,澤國碧悠悠自,1
21226,國碧悠悠自是,1
21227,碧悠悠自是東,1
21228,悠悠自是東西,1
21229,悠自是東西客,1
21230,自是東西客逢,1
21231,是東西客逢人,1
21232,東西客逢人又,1
21233,西客逢人又送,1
21234,客逢人又送人,1
21235,逢人又送人不,1
21236,人又送人不應,1
21237,又送人不應相,1
21238,送人不應相見,1
21239,人不應相見老,1
21240,不應相見老只,1
21241,應相見老只是,1
21242,相見老只是別,1
21243,見老只是別離,1
21244,老只是別離頻,1
21245,只是別離頻度,1
21246,是別離頻度日,1
21247,別離頻度日還,1
21248,離頻度日還知,1
21249,頻度日還知暮,1
21250,度日還知暮平,1
21251,日還知暮平生,1
21252,還知暮平生未,1
21253,知暮平生未識,1
21254,暮平生未識春,1
21255,平生未識春儻,1
21256,生未識春儻無,1
21257,未識春儻無遷,1
21258,識春儻無遷穀,1
21259,春儻無遷穀分,1
21260,儻無遷穀分歸,1
21261,無遷穀分歸去,1
21262,遷穀分歸去養,1
21263,穀分歸去養天,1
21264,分歸去養天真,1
21265,歸去養天真自,1
21266,去養天真自笑,1
21267,養天真自笑走,1
21268,天真自笑走紅,1
21269,真自笑走紅塵,1
21270,自笑走紅塵流,1
21271,笑走紅塵流年,1
21272,走紅塵流年舊,1
21273,紅塵流年舊複,1
21274,塵流年舊複新,1
21275,流年舊複新東,1
21276,年舊複新東風,1
21277,舊複新東風半,1
21278,複新東風半夜,1
21279,新東風半夜雨,1
21280,東風半夜雨南,1
21281,風半夜雨南國,1
21282,半夜雨南國萬,1
21283,夜雨南國萬家,1
21284,雨南國萬家春,1
21285,南國萬家春失,1
21286,國萬家春失計,1
21287,萬家春失計拋,1
21288,家春失計拋魚,1
21289,春失計拋魚艇,1
21290,失計拋魚艇何,1
21291,計拋魚艇何門,1
21292,拋魚艇何門化,1
21293,魚艇何門化涸,1
21294,艇何門化涸鱗,1
21295,何門化涸鱗是,1
21296,門化涸鱗是誰,1
21297,化涸鱗是誰添,1
21298,涸鱗是誰添歲,1
21299,鱗是誰添歲月,1
21300,是誰添歲月老,1
21301,誰添歲月老卻,1
21302,添歲月老卻暗,1
21303,歲月老卻暗投,1
21304,月老卻暗投人,1
21305,老卻暗投人分,1
21306,卻暗投人分飛,1
21307,暗投人分飛共,1
21308,投人分飛共所,1
21309,人分飛共所從,1
21310,所從六翮勢催,1
21311,從六翮勢催風,1
21312,六翮勢催風聲,1
21313,翮勢催風聲斷,1
21314,勢催風聲斷碧,1
21315,催風聲斷碧雲,1
21316,青田歸路遠丹,1
21317,田歸路遠丹桂,1
21318,歸路遠丹桂舊,1
21319,路遠丹桂舊巢,1
21320,遠丹桂舊巢空,1
21321,丹桂舊巢空矯,1
21322,天涯不可窮帆,1
21323,涯不可窮帆濕,1
21324,不可窮帆濕去,1
21325,可窮帆濕去悠,1
21326,窮帆濕去悠悠,1
21327,帆濕去悠悠停,1
21328,濕去悠悠停橈,1
21329,去悠悠停橈宿,1
21330,悠悠停橈宿渡,1
21331,悠停橈宿渡頭,1
21332,停橈宿渡頭亂,1
21333,橈宿渡頭亂煙,1
21334,宿渡頭亂煙迷,1
21335,渡頭亂煙迷野,1
21336,頭亂煙迷野岸,1
21337,亂煙迷野岸獨,1
21338,煙迷野岸獨鳥,1
21339,迷野岸獨鳥出,1
21340,野岸獨鳥出中,1
21341,岸獨鳥出中流,1
21342,獨鳥出中流篷,1
21343,鳥出中流篷雨,1
21344,出中流篷雨延,1
21345,中流篷雨延鄉,1
21346,流篷雨延鄉夢,1
21347,篷雨延鄉夢江,1
21348,雨延鄉夢江風,1
21349,延鄉夢江風阻,1
21350,鄉夢江風阻暮,1
21351,夢江風阻暮秋,1
21352,江風阻暮秋儻,1
21353,風阻暮秋儻無,1
21354,阻暮秋儻無身,1
21355,暮秋儻無身外,1
21356,秋儻無身外事,1
21357,儻無身外事甘,1
21358,無身外事甘老,1
21359,身外事甘老向,1
21360,外事甘老向扁,1
21361,事甘老向扁舟,1
21362,甘老向扁舟峭,1
21363,老向扁舟峭壁,1
21364,向扁舟峭壁引,1
21365,扁舟峭壁引行,1
21366,舟峭壁引行徑,1
21367,峭壁引行徑截,1
21368,壁引行徑截溪,1
21369,引行徑截溪開,1
21370,行徑截溪開石,1
21371,徑截溪開石門,1
21372,截溪開石門泉,1
21373,溪開石門泉飛,1
21374,開石門泉飛濺,1
21375,石門泉飛濺虛,1
21376,門泉飛濺虛檻,1
21377,泉飛濺虛檻雲,1
21378,飛濺虛檻雲起,1
21379,濺虛檻雲起漲,1
21380,虛檻雲起漲河,1
21381,檻雲起漲河軒,1
21382,雲起漲河軒隔,1
21383,起漲河軒隔水,1
21384,漲河軒隔水看,1
21385,河軒隔水看來,1
21386,軒隔水看來路,1
21387,隔水看來路疏,1
21388,水看來路疏籬,1
21389,看來路疏籬見,1
21390,來路疏籬見定,1
21391,路疏籬見定猿,1
21392,疏籬見定猿未,1
21393,籬見定猿未閑,1
21394,見定猿未閑難,1
21395,定猿未閑難久,1
21396,猿未閑難久住,1
21397,未閑難久住歸,1
21398,閑難久住歸去,1
21399,難久住歸去複,1
21400,久住歸去複何,1
21401,住歸去複何言,1
21402,歸去複何言垂,1
21403,去複何言垂鞭,1
21404,複何言垂鞭信,1
21405,何言垂鞭信馬,1
21406,言垂鞭信馬行,1
21407,垂鞭信馬行數,1
21408,鞭信馬行數裏,1
21409,信馬行數裏未,1
21410,馬行數裏未雞,1
21411,行數裏未雞鳴,1
21412,數裏未雞鳴林,1
21413,裏未雞鳴林下,1
21414,未雞鳴林下帶,1
21415,雞鳴林下帶殘,1
21416,鳴林下帶殘夢,1
21417,林下帶殘夢葉,1
21418,下帶殘夢葉飛,1
21419,帶殘夢葉飛時,1
21420,殘夢葉飛時忽,1
21421,夢葉飛時忽驚,1
21422,葉飛時忽驚霜,1
21423,飛時忽驚霜凝,1
21424,時忽驚霜凝孤,1
21425,忽驚霜凝孤鶴,1
21426,驚霜凝孤鶴迥,1
21427,霜凝孤鶴迥月,1
21428,凝孤鶴迥月曉,1
21429,孤鶴迥月曉遠,1
21430,鶴迥月曉遠山,1
21431,迥月曉遠山橫,1
21432,月曉遠山橫僮,1
21433,曉遠山橫僮僕,1
21434,遠山橫僮僕休,1
21435,山橫僮僕休辭,1
21436,橫僮僕休辭險,1
21437,僮僕休辭險時,1
21438,僕休辭險時平,1
21439,休辭險時平路,1
21440,辭險時平路複,1
21441,險時平路複平,1
21442,時平路複平荷,1
21443,平路複平荷花,1
21444,路複平荷花兼,1
21445,複平荷花兼柳,1
21446,平荷花兼柳葉,1
21447,荷花兼柳葉彼,1
21448,花兼柳葉彼此,1
21449,兼柳葉彼此不,1
21450,柳葉彼此不勝,1
21451,葉彼此不勝秋,1
21452,彼此不勝秋玉,1
21453,此不勝秋玉露,1
21454,不勝秋玉露滴,1
21455,勝秋玉露滴初,1
21456,秋玉露滴初泣,1
21457,玉露滴初泣金,1
21458,露滴初泣金風,1
21459,滴初泣金風吹,1
21460,初泣金風吹更,1
21461,泣金風吹更愁,1
21462,金風吹更愁綠,1
21463,風吹更愁綠眉,1
21464,吹更愁綠眉甘,1
21465,更愁綠眉甘棄,1
21466,愁綠眉甘棄墜,1
21467,綠眉甘棄墜紅,1
21468,眉甘棄墜紅臉,1
21469,甘棄墜紅臉恨,1
21470,棄墜紅臉恨飄,1
21471,墜紅臉恨飄流,1
21472,紅臉恨飄流歎,1
21473,臉恨飄流歎息,1
21474,恨飄流歎息是,1
21475,飄流歎息是遊,1
21476,流歎息是遊子,1
21477,歎息是遊子少,1
21478,息是遊子少年,1
21479,是遊子少年還,1
21480,遊子少年還白,1
21481,子少年還白頭,1
21482,少年還白頭新,1
21483,年還白頭新城,1
21484,還白頭新城非,1
21485,白頭新城非故,1
21486,頭新城非故里,1
21487,新城非故里終,1
21488,城非故里終日,1
21489,非故里終日想,1
21490,故里終日想柴,1
21491,里終日想柴扃,1
21492,終日想柴扃興,1
21493,日想柴扃興罷,1
21494,想柴扃興罷花,1
21495,柴扃興罷花還,1
21496,扃興罷花還落,1
21497,興罷花還落愁,1
21498,罷花還落愁來,1
21499,花還落愁來酒,1
21500,還落愁來酒欲,1
21501,落愁來酒欲醒,1
21502,愁來酒欲醒何,1
21503,來酒欲醒何人,1
21504,酒欲醒何人初,1
21505,欲醒何人初發,1
21506,醒何人初發白,1
21507,何人初發白幾,1
21508,人初發白幾處,1
21509,初發白幾處亂,1
21510,發白幾處亂山,1
21511,白幾處亂山青,1
21512,幾處亂山青遠,1
21513,處亂山青遠憶,1
21514,亂山青遠憶湘,1
21515,山青遠憶湘江,1
21516,青遠憶湘江上,1
21517,遠憶湘江上漁,1
21518,憶湘江上漁歌,1
21519,湘江上漁歌對,1
21520,江上漁歌對月,1
21521,上漁歌對月聽,1
21522,漁歌對月聽朔,1
21523,歌對月聽朔風,1
21524,對月聽朔風高,1
21525,月聽朔風高緊,1
21526,聽朔風高緊掠,1
21527,朔風高緊掠河,1
21528,風高緊掠河樓,1
21529,高緊掠河樓白,1
21530,緊掠河樓白鼻,1
21531,掠河樓白鼻騧,1
21532,河樓白鼻騧郎,1
21533,樓白鼻騧郎白,1
21534,白鼻騧郎白罽,1
21535,鼻騧郎白罽裘,1
21536,騧郎白罽裘有,1
21537,郎白罽裘有個,1
21538,白罽裘有個當,1
21539,罽裘有個當壚,1
21540,裘有個當壚明,1
21541,有個當壚明似,1
21542,個當壚明似月,1
21543,當壚明似月馬,1
21544,壚明似月馬鞭,1
21545,明似月馬鞭斜,1
21546,似月馬鞭斜揖,1
21547,月馬鞭斜揖笑,1
21548,馬鞭斜揖笑回,1
21549,鞭斜揖笑回頭,1
21550,斜揖笑回頭日,1
21551,揖笑回頭日晴,1
21552,笑回頭日晴空,1
21553,回頭日晴空樂,1
21554,頭日晴空樂下,1
21555,日晴空樂下仙,1
21556,晴空樂下仙雲,1
21557,空樂下仙雲俱,1
21558,樂下仙雲俱在,1
21559,下仙雲俱在涼,1
21560,仙雲俱在涼亭,1
21561,雲俱在涼亭送,1
21562,俱在涼亭送使,1
21563,在涼亭送使君,1
21564,涼亭送使君莫,1
21565,亭送使君莫辭,1
21566,送使君莫辭一,1
21567,使君莫辭一盞,1
21568,君莫辭一盞即,1
21569,莫辭一盞即相,1
21570,辭一盞即相請,1
21571,一盞即相請還,1
21572,盞即相請還是,1
21573,即相請還是三,1
21574,相請還是三年,1
21575,請還是三年更,1
21576,還是三年更不,1
21577,是三年更不聞,1
21578,三年更不聞多,1
21579,年更不聞多為,1
21580,更不聞多為裁,1
21581,不聞多為裁詩,1
21582,聞多為裁詩步,1
21583,多為裁詩步竹,1
21584,為裁詩步竹軒,1
21585,裁詩步竹軒有,1
21586,詩步竹軒有時,1
21587,步竹軒有時凝,1
21588,竹軒有時凝思,1
21589,軒有時凝思過,1
21590,有時凝思過朝,1
21591,時凝思過朝昏,1
21592,凝思過朝昏篇,1
21593,思過朝昏篇成,1
21594,過朝昏篇成敢,1
21595,朝昏篇成敢道,1
21596,昏篇成敢道懷,1
21597,篇成敢道懷金,1
21598,成敢道懷金璞,1
21599,敢道懷金璞吟,1
21600,道懷金璞吟苦,1
21601,懷金璞吟苦唯,1
21602,金璞吟苦唯應,1
21603,璞吟苦唯應似,1
21604,吟苦唯應似嶺,1
21605,苦唯應似嶺猿,1
21606,唯應似嶺猿迷,1
21607,應似嶺猿迷興,1
21608,似嶺猿迷興每,1
21609,嶺猿迷興每慚,1
21610,猿迷興每慚花,1
21611,迷興每慚花月,1
21612,興每慚花月夕,1
21613,每慚花月夕寄,1
21614,慚花月夕寄愁,1
21615,花月夕寄愁長,1
21616,月夕寄愁長在,1
21617,夕寄愁長在別,1
21618,寄愁長在別離,1
21619,愁長在別離魂,1
21620,長在別離魂憑,1
21621,在別離魂憑君,1
21622,別離魂憑君把,1
21623,離魂憑君把卷,1
21624,魂憑君把卷侵,1
21625,憑君把卷侵寒,1
21626,君把卷侵寒燭,1
21627,把卷侵寒燭麗,1
21628,卷侵寒燭麗句,1
21629,侵寒燭麗句時,1
21630,寒燭麗句時傳,1
21631,燭麗句時傳畫,1
21632,麗句時傳畫戟,1
21633,句時傳畫戟門,1
21634,時傳畫戟門城,1
21635,傳畫戟門城日,1
21636,畫戟門城日晚,1
21637,戟門城日晚悠,1
21638,門城日晚悠悠,1
21639,城日晚悠悠弦,1
21640,日晚悠悠弦歌,1
21641,晚悠悠弦歌在,1
21642,悠悠弦歌在碧,1
21643,悠弦歌在碧流,1
21644,弦歌在碧流夕,1
21645,歌在碧流夕風,1
21646,在碧流夕風飄,1
21647,碧流夕風飄度,1
21648,流夕風飄度曲,1
21649,夕風飄度曲煙,1
21650,風飄度曲煙嶼,1
21651,飄度曲煙嶼隱,1
21652,度曲煙嶼隱行,1
21653,曲煙嶼隱行舟,1
21654,煙嶼隱行舟問,1
21655,嶼隱行舟問拍,1
21656,隱行舟問拍擬,1
21657,行舟問拍擬新,1
21658,舟問拍擬新令,1
21659,問拍擬新令憐,1
21660,拍擬新令憐香,1
21661,擬新令憐香占,1
21662,新令憐香占彩,1
21663,令憐香占彩球,1
21664,憐香占彩球當,1
21665,香占彩球當筵,1
21666,占彩球當筵雖,1
21667,彩球當筵雖一,1
21668,球當筵雖一醉,1
21669,當筵雖一醉寧,1
21670,筵雖一醉寧複,1
21671,雖一醉寧複緩,1
21672,一醉寧複緩離,1
21673,醉寧複緩離愁,1
21674,寧複緩離愁誰,1
21675,複緩離愁誰家,1
21676,緩離愁誰家洛,1
21677,離愁誰家洛浦,1
21678,愁誰家洛浦神,1
21679,誰家洛浦神十,1
21680,家洛浦神十四,1
21681,洛浦神十四五,1
21682,浦神十四五來,1
21683,神十四五來人,1
21684,十四五來人媚,1
21685,四五來人媚發,1
21686,五來人媚發輕,1
21687,來人媚發輕垂,1
21688,人媚發輕垂額,1
21689,媚發輕垂額香,1
21690,發輕垂額香衫,1
21691,輕垂額香衫軟,1
21692,垂額香衫軟著,1
21693,額香衫軟著身,1
21694,香衫軟著身摘,1
21695,衫軟著身摘蓮,1
21696,軟著身摘蓮紅,1
21697,著身摘蓮紅袖,1
21698,身摘蓮紅袖濕,1
21699,摘蓮紅袖濕窺,1
21700,蓮紅袖濕窺淥,1
21701,紅袖濕窺淥翠,1
21702,袖濕窺淥翠蛾,1
21703,濕窺淥翠蛾頻,1
21704,窺淥翠蛾頻飛,1
21705,淥翠蛾頻飛鵲,1
21706,翠蛾頻飛鵲徒,1
21707,蛾頻飛鵲徒來,1
21708,頻飛鵲徒來往,1
21709,飛鵲徒來往平,1
21710,鵲徒來往平陽,1
21711,徒來往平陽公,1
21712,來往平陽公主,1
21713,往平陽公主親,1
21714,平陽公主親華,1
21715,陽公主親華堂,1
21716,公主親華堂今,1
21717,主親華堂今日,1
21718,親華堂今日綺,1
21719,華堂今日綺筵,1
21720,堂今日綺筵開,1
21721,今日綺筵開誰,1
21722,日綺筵開誰喚,1
21723,綺筵開誰喚分,1
21724,筵開誰喚分司,1
21725,開誰喚分司禦,1
21726,誰喚分司禦史,1
21727,喚分司禦史來,1
21728,分司禦史來偶,1
21729,司禦史來偶發,1
21730,禦史來偶發狂,1
21731,史來偶發狂言,1
21732,來偶發狂言驚,1
21733,偶發狂言驚滿,1
21734,發狂言驚滿坐,1
21735,狂言驚滿坐三,1
21736,言驚滿坐三重,1
21737,驚滿坐三重粉,1
21738,滿坐三重粉面,1
21739,坐三重粉面一,1
21740,三重粉面一時,1
21741,重粉面一時回,1
21742,粉面一時回荊,1
21743,面一時回荊州,1
21744,一時回荊州一,1
21745,時回荊州一萬,1
21746,回荊州一萬里,1
21747,荊州一萬里不,1
21748,州一萬里不如,1
21749,一萬里不如蒯,1
21750,萬里不如蒯易,1
21751,里不如蒯易度,1
21752,不如蒯易度仰,1
21753,如蒯易度仰首,1
21754,蒯易度仰首望,1
21755,易度仰首望飛,1
21756,度仰首望飛鳴,1
21757,仰首望飛鳴伊,1
21758,首望飛鳴伊人,1
21759,望飛鳴伊人何,1
21760,飛鳴伊人何異,1
21761,鳴伊人何異趣,1
21762,伊人何異趣到,1
21763,人何異趣到曉,1
21764,何異趣到曉不,1
21765,異趣到曉不成,1
21766,趣到曉不成夢,1
21767,到曉不成夢思,1
21768,曉不成夢思量,1
21769,不成夢思量堪,1
21770,成夢思量堪白,1
21771,夢思量堪白頭,1
21772,思量堪白頭多,1
21773,量堪白頭多無,1
21774,堪白頭多無百,1
21775,白頭多無百年,1
21776,頭多無百年命,1
21777,多無百年命長,1
21778,無百年命長有,1
21779,百年命長有萬,1
21780,年命長有萬般,1
21781,命長有萬般愁,1
21782,長有萬般愁世,1
21783,有萬般愁世路,1
21784,萬般愁世路應,1
21785,般愁世路應難,1
21786,愁世路應難盡,1
21787,世路應難盡營,1
21788,路應難盡營生,1
21789,應難盡營生卒,1
21790,難盡營生卒未,1
21791,盡營生卒未休,1
21792,營生卒未休莫,1
21793,生卒未休莫言,1
21794,卒未休莫言名,1
21795,未休莫言名與,1
21796,休莫言名與利,1
21797,莫言名與利名,1
21798,言名與利名利,1
21799,名與利名利是,1
21800,與利名利是身,1
21801,利名利是身仇,1
21802,名利是身仇清,1
21803,利是身仇清露,1
21804,是身仇清露白,1
21805,身仇清露白雲,1
21806,仇清露白雲明,1
21807,清露白雲明月,1
21808,露白雲明月天,1
21809,白雲明月天與,1
21810,雲明月天與君,1
21811,明月天與君齊,1
21812,月天與君齊棹,1
21813,天與君齊棹木,1
21814,與君齊棹木蘭,1
21815,君齊棹木蘭船,1
21816,齊棹木蘭船南,1
21817,棹木蘭船南湖,1
21818,木蘭船南湖風,1
21819,蘭船南湖風雨,1
21820,船南湖風雨一,1
21821,南湖風雨一相,1
21822,湖風雨一相失,1
21823,風雨一相失夜,1
21824,雨一相失夜泊,1
21825,一相失夜泊橫,1
21826,相失夜泊橫塘,1
21827,失夜泊橫塘心,1
21828,夜泊橫塘心渺,1
21829,泊橫塘心渺然,1
21830,橫塘心渺然三,1
21831,塘心渺然三日,1
21832,心渺然三日去,1
21833,渺然三日去還,1
21834,然三日去還住,1
21835,三日去還住一,1
21836,日去還住一生,1
21837,去還住一生焉,1
21838,還住一生焉再,1
21839,住一生焉再遊,1
21840,一生焉再遊含,1
21841,生焉再遊含情,1
21842,焉再遊含情碧,1
21843,再遊含情碧溪,1
21844,遊含情碧溪水,1
21845,含情碧溪水重,1
21846,情碧溪水重上,1
21847,碧溪水重上粲,1
21848,溪水重上粲公,1
21849,水重上粲公樓,1
21850,重上粲公樓衰,1
21851,上粲公樓衰散,1
21852,粲公樓衰散相,1
21853,公樓衰散相逢,1
21854,樓衰散相逢洛,1
21855,衰散相逢洛水,1
21856,散相逢洛水邊,1
21857,相逢洛水邊卻,1
21858,逢洛水邊卻思,1
21859,洛水邊卻思同,1
21860,水邊卻思同在,1
21861,邊卻思同在紫,1
21862,卻思同在紫薇,1
21863,思同在紫薇天,1
21864,同在紫薇天盡,1
21865,在紫薇天盡將,1
21866,紫薇天盡將舟,1
21867,薇天盡將舟楫,1
21868,天盡將舟楫板,1
21869,盡將舟楫板橋,1
21870,將舟楫板橋去,1
21871,舟楫板橋去早,1
21872,楫板橋去早晚,1
21873,板橋去早晚歸,1
21874,橋去早晚歸來,1
21875,去早晚歸來更,1
21876,早晚歸來更濟,1
21877,晚歸來更濟川,1
21878,歸來更濟川權,1
21879,來更濟川權門,1
21880,更濟川權門陰,1
21881,濟川權門陰進,1
21882,川權門陰進奪,1
21883,權門陰進奪移,1
21884,門陰進奪移才,1
21885,陰進奪移才驛,1
21886,進奪移才驛騎,1
21887,奪移才驛騎如,1
21888,移才驛騎如星,1
21889,才驛騎如星墮,1
21890,驛騎如星墮峽,1
21891,騎如星墮峽來,1
21892,如星墮峽來晁,1
21893,星墮峽來晁氏,1
21894,墮峽來晁氏有,1
21895,峽來晁氏有恩,1
21896,來晁氏有恩忠,1
21897,晁氏有恩忠作,1
21898,氏有恩忠作禍,1
21899,有恩忠作禍賈,1
21900,恩忠作禍賈生,1
21901,忠作禍賈生無,1
21902,作禍賈生無罪,1
21903,禍賈生無罪直,1
21904,賈生無罪直為,1
21905,生無罪直為災,1
21906,無罪直為災貞,1
21907,罪直為災貞魂,1
21908,直為災貞魂誤,1
21909,為災貞魂誤向,1
21910,災貞魂誤向崇,1
21911,貞魂誤向崇山,1
21912,魂誤向崇山沒,1
21913,誤向崇山沒冤,1
21914,向崇山沒冤氣,1
21915,崇山沒冤氣疑,1
21916,山沒冤氣疑從,1
21917,沒冤氣疑從湘,1
21918,冤氣疑從湘水,1
21919,氣疑從湘水回,1
21920,疑從湘水回畢,1
21921,從湘水回畢竟,1
21922,湘水回畢竟成,1
21923,水回畢竟成功,1
21924,回畢竟成功何,1
21925,畢竟成功何處,1
21926,竟成功何處是,1
21927,成功何處是五,1
21928,功何處是五湖,1
21929,何處是五湖雲,1
21930,處是五湖雲月,1
21931,是五湖雲月一,1
21932,五湖雲月一帆,1
21933,湖雲月一帆開,1
21934,雲月一帆開月,1
21935,月一帆開月落,1
21936,一帆開月落清,1
21937,帆開月落清湘,1
21938,開月落清湘棹,1
21939,月落清湘棹不,1
21940,落清湘棹不喧,1
21941,清湘棹不喧玉,1
21942,湘棹不喧玉杯,1
21943,棹不喧玉杯瑤,1
21944,不喧玉杯瑤瑟,1
21945,喧玉杯瑤瑟奠,1
21946,玉杯瑤瑟奠蘋,1
21947,杯瑤瑟奠蘋蘩,1
21948,瑤瑟奠蘋蘩誰,1
21949,瑟奠蘋蘩誰令,1
21950,奠蘋蘩誰令力,1
21951,蘋蘩誰令力制,1
21952,蘩誰令力制乘,1
21953,誰令力制乘軒,1
21954,令力制乘軒鶴,1
21955,力制乘軒鶴自,1
21956,制乘軒鶴自取,1
21957,乘軒鶴自取機,1
21958,軒鶴自取機沉,1
21959,鶴自取機沉在,1
21960,自取機沉在檻,1
21961,取機沉在檻猿,1
21962,機沉在檻猿位,1
21963,沉在檻猿位極,1
21964,在檻猿位極乾,1
21965,檻猿位極乾坤,1
21966,猿位極乾坤三,1
21967,位極乾坤三事,1
21968,極乾坤三事貴,1
21969,乾坤三事貴謗,1
21970,坤三事貴謗興,1
21971,三事貴謗興華,1
21972,事貴謗興華夏,1
21973,貴謗興華夏一,1
21974,謗興華夏一夫,1
21975,興華夏一夫冤,1
21976,華夏一夫冤宵,1
21977,夏一夫冤宵衣,1
21978,一夫冤宵衣旰,1
21979,夫冤宵衣旰食,1
21980,冤宵衣旰食明,1
21981,宵衣旰食明天,1
21982,衣旰食明天子,1
21983,旰食明天子日,1
21984,食明天子日伏,1
21985,明天子日伏青,1
21986,天子日伏青蒲,1
21987,子日伏青蒲不,1
21988,日伏青蒲不為,1
21989,伏青蒲不為言,1
21990,青蒲不為言朝,1
21991,蒲不為言朝纓,1
21992,不為言朝纓初,1
21993,為言朝纓初解,1
21994,言朝纓初解佐,1
21995,朝纓初解佐江,1
21996,纓初解佐江濆,1
21997,初解佐江濆麋,1
21998,解佐江濆麋鹿,1
21999,佐江濆麋鹿心,1
22000,江濆麋鹿心知,1
22001,濆麋鹿心知自,1
22002,麋鹿心知自有,1
22003,鹿心知自有群,1
22004,心知自有群漢,1
22005,知自有群漢囿,1
22006,自有群漢囿獵,1
22007,有群漢囿獵稀,1
22008,群漢囿獵稀慵,1
22009,漢囿獵稀慵獻,1
22010,囿獵稀慵獻賦,1
22011,獵稀慵獻賦楚,1
22012,稀慵獻賦楚山,1
22013,慵獻賦楚山耕,1
22014,獻賦楚山耕早,1
22015,賦楚山耕早任,1
22016,楚山耕早任移,1
22017,山耕早任移文,1
22018,耕早任移文臥,1
22019,早任移文臥歸,1
22020,任移文臥歸漁,1
22021,移文臥歸漁浦,1
22022,文臥歸漁浦月,1
22023,臥歸漁浦月連,1
22024,歸漁浦月連海,1
22025,漁浦月連海行,1
22026,浦月連海行望,1
22027,月連海行望鳳,1
22028,連海行望鳳城,1
22029,海行望鳳城花,1
22030,行望鳳城花隔,1
22031,望鳳城花隔雲,1
22032,鳳城花隔雲關,1
22033,城花隔雲關吏,1
22034,花隔雲關吏不,1
22035,隔雲關吏不須,1
22036,雲關吏不須迎,1
22037,關吏不須迎馬,1
22038,吏不須迎馬笑,1
22039,不須迎馬笑去,1
22040,須迎馬笑去時,1
22041,迎馬笑去時無,1
22042,馬笑去時無意,1
22043,笑去時無意學,1
22044,去時無意學終,1
22045,時無意學終軍,1
22046,無意學終軍雙,1
22047,意學終軍雙岩,1
22048,學終軍雙岩瀉,1
22049,終軍雙岩瀉一,1
22050,軍雙岩瀉一川,1
22051,雙岩瀉一川回,1
22052,岩瀉一川回馬,1
22053,瀉一川回馬斷,1
22054,一川回馬斷橋,1
22055,川回馬斷橋前,1
22056,回馬斷橋前古,1
22057,馬斷橋前古廟,1
22058,斷橋前古廟陰,1
22059,橋前古廟陰風,1
22060,前古廟陰風地,1
22061,古廟陰風地寒,1
22062,廟陰風地寒鐘,1
22063,陰風地寒鐘暮,1
22064,風地寒鐘暮雨,1
22065,地寒鐘暮雨天,1
22066,寒鐘暮雨天沙,1
22067,鐘暮雨天沙虛,1
22068,暮雨天沙虛留,1
22069,雨天沙虛留虎,1
22070,天沙虛留虎跡,1
22071,沙虛留虎跡水,1
22072,虛留虎跡水滑,1
22073,留虎跡水滑帶,1
22074,虎跡水滑帶龍,1
22075,跡水滑帶龍涎,1
22076,水滑帶龍涎卻,1
22077,滑帶龍涎卻下,1
22078,帶龍涎卻下臨,1
22079,龍涎卻下臨江,1
22080,涎卻下臨江路,1
22081,卻下臨江路潮,1
22082,下臨江路潮深,1
22083,臨江路潮深無,1
22084,江路潮深無渡,1
22085,路潮深無渡船,1
22086,潮深無渡船桂,1
22087,深無渡船桂楫,1
22088,無渡船桂楫謫,1
22089,渡船桂楫謫湘,1
22090,船桂楫謫湘渚,1
22091,桂楫謫湘渚三,1
22092,楫謫湘渚三年,1
22093,謫湘渚三年波,1
22094,湘渚三年波上,1
22095,渚三年波上春,1
22096,三年波上春舟,1
22097,年波上春舟寒,1
22098,波上春舟寒句,1
22099,上春舟寒句溪,1
22100,春舟寒句溪雪,1
22101,舟寒句溪雪衣,1
22102,寒句溪雪衣故,1
22103,句溪雪衣故洛,1
22104,溪雪衣故洛城,1
22105,雪衣故洛城塵,1
22106,衣故洛城塵客,1
22107,故洛城塵客道,1
22108,洛城塵客道恥,1
22109,城塵客道恥搖,1
22110,塵客道恥搖尾,1
22111,客道恥搖尾皇,1
22112,道恥搖尾皇恩,1
22113,恥搖尾皇恩寬,1
22114,搖尾皇恩寬犯,1
22115,尾皇恩寬犯鱗,1
22116,皇恩寬犯鱗花,1
22117,恩寬犯鱗花時,1
22118,寬犯鱗花時去,1
22119,犯鱗花時去國,1
22120,鱗花時去國遠,1
22121,花時去國遠月,1
22122,時去國遠月夕,1
22123,去國遠月夕上,1
22124,國遠月夕上樓,1
22125,遠月夕上樓頻,1
22126,月夕上樓頻賒,1
22127,夕上樓頻賒酒,1
22128,上樓頻賒酒不,1
22129,樓頻賒酒不辭,1
22130,頻賒酒不辭病,1
22131,賒酒不辭病傭,1
22132,酒不辭病傭書,1
22133,不辭病傭書非,1
22134,辭病傭書非為,1
22135,病傭書非為貧,1
22136,傭書非為貧行,1
22137,書非為貧行吟,1
22138,非為貧行吟值,1
22139,為貧行吟值漁,1
22140,貧行吟值漁父,1
22141,行吟值漁父坐,1
22142,吟值漁父坐隱,1
22143,值漁父坐隱對,1
22144,漁父坐隱對樵,1
22145,父坐隱對樵人,1
22146,坐隱對樵人紫,1
22147,隱對樵人紫陌,1
22148,對樵人紫陌罷,1
22149,樵人紫陌罷雙,1
22150,人紫陌罷雙轍,1
22151,紫陌罷雙轍碧,1
22152,陌罷雙轍碧潭,1
22153,罷雙轍碧潭窮,1
22154,雙轍碧潭窮一,1
22155,轍碧潭窮一綸,1
22156,碧潭窮一綸高,1
22157,潭窮一綸高秋,1
22158,窮一綸高秋更,1
22159,一綸高秋更南,1
22160,綸高秋更南去,1
22161,高秋更南去煙,1
22162,秋更南去煙水,1
22163,更南去煙水是,1
22164,南去煙水是通,1
22165,去煙水是通津,1
22166,煙水是通津寥,1
22167,水是通津寥落,1
22168,是通津寥落故,1
22169,通津寥落故人,1
22170,津寥落故人宅,1
22171,寥落故人宅重,1
22172,落故人宅重來,1
22173,故人宅重來身,1
22174,人宅重來身已,1
22175,宅重來身已亡,1
22176,重來身已亡古,1
22177,來身已亡古苔,1
22178,身已亡古苔殘,1
22179,已亡古苔殘墨,1
22180,亡古苔殘墨沼,1
22181,古苔殘墨沼深,1
22182,苔殘墨沼深竹,1
22183,殘墨沼深竹舊,1
22184,墨沼深竹舊書,1
22185,沼深竹舊書堂,1
22186,深竹舊書堂秋,1
22187,竹舊書堂秋色,1
22188,舊書堂秋色池,1
22189,書堂秋色池館,1
22190,堂秋色池館靜,1
22191,秋色池館靜雨,1
22192,色池館靜雨聲,1
22193,池館靜雨聲雲,1
22194,館靜雨聲雲木,1
22195,靜雨聲雲木涼,1
22196,雨聲雲木涼無,1
22197,聲雲木涼無因,1
22198,雲木涼無因展,1
22199,木涼無因展交,1
22200,涼無因展交道,1
22201,無因展交道日,1
22202,因展交道日暮,1
22203,展交道日暮倍,1
22204,交道日暮倍心,1
22205,道日暮倍心傷,1
22206,日暮倍心傷江,1
22207,暮倍心傷江城,1
22208,倍心傷江城紅,1
22209,心傷江城紅葉,1
22210,傷江城紅葉盡,1
22211,江城紅葉盡旅,1
22212,城紅葉盡旅思,1
22213,紅葉盡旅思倍,1
22214,葉盡旅思倍淒,1
22215,盡旅思倍淒涼,1
22216,旅思倍淒涼孤,1
22217,思倍淒涼孤夢,1
22218,倍淒涼孤夢家,1
22219,淒涼孤夢家山,1
22220,涼孤夢家山遠,1
22221,孤夢家山遠獨,1
22222,夢家山遠獨眠,1
22223,家山遠獨眠秋,1
22224,山遠獨眠秋夜,1
22225,遠獨眠秋夜長,1
22226,獨眠秋夜長道,1
22227,眠秋夜長道存,1
22228,秋夜長道存空,1
22229,夜長道存空倚,1
22230,長道存空倚命,1
22231,道存空倚命身,1
22232,存空倚命身賤,1
22233,空倚命身賤未,1
22234,倚命身賤未歸,1
22235,命身賤未歸鄉,1
22236,身賤未歸鄉南,1
22237,賤未歸鄉南望,1
22238,未歸鄉南望仍,1
22239,歸鄉南望仍垂,1
22240,鄉南望仍垂淚,1
22241,南望仍垂淚天,1
22242,望仍垂淚天邊,1
22243,仍垂淚天邊雁,1
22244,垂淚天邊雁一,1
22245,淚天邊雁一行,1
22246,天邊雁一行有,1
22247,邊雁一行有計,1
22248,雁一行有計自,1
22249,一行有計自安,1
22250,行有計自安業,1
22251,有計自安業秋,1
22252,計自安業秋風,1
22253,自安業秋風罷,1
22254,安業秋風罷遠,1
22255,業秋風罷遠吟,1
22256,秋風罷遠吟買,1
22257,風罷遠吟買山,1
22258,罷遠吟買山惟,1
22259,遠吟買山惟種,1
22260,吟買山惟種竹,1
22261,買山惟種竹對,1
22262,山惟種竹對客,1
22263,惟種竹對客更,1
22264,種竹對客更彈,1
22265,竹對客更彈琴,1
22266,對客更彈琴煙,1
22267,客更彈琴煙起,1
22268,更彈琴煙起藥,1
22269,彈琴煙起藥廚,1
22270,琴煙起藥廚晚,1
22271,煙起藥廚晚杵,1
22272,起藥廚晚杵聲,1
22273,藥廚晚杵聲松,1
22274,廚晚杵聲松院,1
22275,晚杵聲松院深,1
22276,杵聲松院深閑,1
22277,聲松院深閑眠,1
22278,松院深閑眠得,1
22279,院深閑眠得真,1
22280,深閑眠得真性,1
22281,閑眠得真性惆,1
22282,眠得真性惆悵,1
22283,得真性惆悵舊,1
22284,真性惆悵舊時,1
22285,性惆悵舊時心,1
22286,惆悵舊時心憶,1
22287,悵舊時心憶昨,1
22288,舊時心憶昨未,1
22289,時心憶昨未知,1
22290,心憶昨未知道,1
22291,憶昨未知道臨,1
22292,昨未知道臨川,1
22293,未知道臨川每,1
22294,知道臨川每羨,1
22295,道臨川每羨魚,1
22296,臨川每羨魚世,1
22297,川每羨魚世途,1
22298,每羨魚世途行,1
22299,羨魚世途行處,1
22300,魚世途行處見,1
22301,世途行處見人,1
22302,途行處見人事,1
22303,行處見人事病,1
22304,處見人事病來,1
22305,見人事病來疏,1
22306,人事病來疏微,1
22307,事病來疏微雨,1
22308,病來疏微雨秋,1
22309,來疏微雨秋栽,1
22310,疏微雨秋栽竹,1
22311,微雨秋栽竹孤,1
22312,雨秋栽竹孤燈,1
22313,秋栽竹孤燈夜,1
22314,栽竹孤燈夜讀,1
22315,竹孤燈夜讀書,1
22316,孤燈夜讀書憐,1
22317,燈夜讀書憐君,1
22318,夜讀書憐君亦,1
22319,讀書憐君亦同,1
22320,書憐君亦同志,1
22321,憐君亦同志晚,1
22322,君亦同志晚歲,1
22323,亦同志晚歲傍,1
22324,同志晚歲傍山,1
22325,志晚歲傍山居,1
22326,晚歲傍山居何,1
22327,歲傍山居何處,1
22328,傍山居何處人,1
22329,山居何處人事,1
22330,居何處人事少,1
22331,何處人事少西,1
22332,處人事少西峰,1
22333,人事少西峰舊,1
22334,事少西峰舊草,1
22335,少西峰舊草堂,1
22336,西峰舊草堂曬,1
22337,峰舊草堂曬書,1
22338,舊草堂曬書秋,1
22339,草堂曬書秋日,1
22340,堂曬書秋日晚,1
22341,曬書秋日晚洗,1
22342,書秋日晚洗藥,1
22343,秋日晚洗藥石,1
22344,日晚洗藥石泉,1
22345,晚洗藥石泉香,1
22346,洗藥石泉香後,1
22347,藥石泉香後嶺,1
22348,石泉香後嶺有,1
22349,泉香後嶺有微,1
22350,香後嶺有微雨,1
22351,後嶺有微雨北,1
22352,嶺有微雨北窗,1
22353,有微雨北窗生,1
22354,微雨北窗生曉,1
22355,雨北窗生曉涼,1
22356,北窗生曉涼徒,1
22357,窗生曉涼徒勞,1
22358,生曉涼徒勞問,1
22359,曉涼徒勞問歸,1
22360,涼徒勞問歸路,1
22361,徒勞問歸路峰,1
22362,勞問歸路峰疊,1
22363,問歸路峰疊繞,1
22364,歸路峰疊繞家,1
22365,路峰疊繞家鄉,1
22366,峰疊繞家鄉回,1
22367,疊繞家鄉回報,1
22368,繞家鄉回報隱,1
22369,家鄉回報隱居,1
22370,鄉回報隱居山,1
22371,回報隱居山莫,1
22372,報隱居山莫憂,1
22373,隱居山莫憂山,1
22374,居山莫憂山興,1
22375,山莫憂山興闌,1
22376,莫憂山興闌求,1
22377,憂山興闌求人,1
22378,山興闌求人顏,1
22379,興闌求人顏色,1
22380,闌求人顏色盡,1
22381,求人顏色盡知,1
22382,人顏色盡知道,1
22383,顏色盡知道性,1
22384,色盡知道性情,1
22385,盡知道性情寬,1
22386,知道性情寬信,1
22387,道性情寬信譜,1
22388,性情寬信譜彈,1
22389,情寬信譜彈琴,1
22390,寬信譜彈琴誤,1
22391,信譜彈琴誤緣,1
22392,譜彈琴誤緣崖,1
22393,彈琴誤緣崖劚,1
22394,琴誤緣崖劚藥,1
22395,誤緣崖劚藥難,1
22396,緣崖劚藥難東,1
22397,崖劚藥難東皋,1
22398,劚藥難東皋亦,1
22399,藥難東皋亦自,1
22400,難東皋亦自給,1
22401,東皋亦自給殊,1
22402,皋亦自給殊愧,1
22403,亦自給殊愧遠,1
22404,自給殊愧遠相,1
22405,給殊愧遠相安,1
22406,殊愧遠相安通,1
22407,愧遠相安通竹,1
22408,遠相安通竹引,1
22409,相安通竹引泉,1
22410,安通竹引泉脈,1
22411,通竹引泉脈泓,1
22412,竹引泉脈泓澄,1
22413,引泉脈泓澄深,1
22414,泉脈泓澄深石,1
22415,脈泓澄深石盆,1
22416,泓澄深石盆驚,1
22417,澄深石盆驚魚,1
22418,深石盆驚魚翻,1
22419,石盆驚魚翻藻,1
22420,盆驚魚翻藻葉,1
22421,驚魚翻藻葉浴,1
22422,魚翻藻葉浴鳥,1
22423,翻藻葉浴鳥上,1
22424,藻葉浴鳥上松,1
22425,葉浴鳥上松根,1
22426,浴鳥上松根殘,1
22427,鳥上松根殘月,1
22428,上松根殘月留,1
22429,松根殘月留山,1
22430,根殘月留山影,1
22431,殘月留山影高,1
22432,月留山影高風,1
22433,留山影高風耗,1
22434,山影高風耗水,1
22435,影高風耗水痕,1
22436,高風耗水痕誰,1
22437,風耗水痕誰家,1
22438,耗水痕誰家洗,1
22439,水痕誰家洗秋,1
22440,痕誰家洗秋藥,1
22441,誰家洗秋藥來,1
22442,家洗秋藥來往,1
22443,洗秋藥來往自,1
22444,秋藥來往自開,1
22445,藥來往自開門,1
22446,來往自開門琴,1
22447,往自開門琴尊,1
22448,自開門琴尊詩,1
22449,開門琴尊詩思,1
22450,門琴尊詩思勞,1
22451,琴尊詩思勞更,1
22452,尊詩思勞更欲,1
22453,詩思勞更欲學,1
22454,思勞更欲學龍,1
22455,勞更欲學龍韜,1
22456,更欲學龍韜王,1
22457,欲學龍韜王粲,1
22458,學龍韜王粲暫,1
22459,龍韜王粲暫投,1
22460,韜王粲暫投筆,1
22461,王粲暫投筆呂,1
22462,粲暫投筆呂虔,1
22463,暫投筆呂虔初,1
22464,投筆呂虔初佩,1
22465,筆呂虔初佩刀,1
22466,呂虔初佩刀夜,1
22467,虔初佩刀夜吟,1
22468,初佩刀夜吟關,1
22469,佩刀夜吟關月,1
22470,刀夜吟關月苦,1
22471,夜吟關月苦秋,1
22472,吟關月苦秋望,1
22473,關月苦秋望塞,1
22474,月苦秋望塞雲,1
22475,苦秋望塞雲高,1
22476,秋望塞雲高去,1
22477,望塞雲高去去,1
22478,塞雲高去去從,1
22479,雲高去去從軍,1
22480,高去去從軍樂,1
22481,去去從軍樂雕,1
22482,去從軍樂雕飛,1
22483,從軍樂雕飛岱,1
22484,軍樂雕飛岱馬,1
22485,樂雕飛岱馬豪,1
22486,雕飛岱馬豪山,1
22487,飛岱馬豪山齋,1
22488,岱馬豪山齋路,1
22489,馬豪山齋路幾,1
22490,豪山齋路幾層,1
22491,山齋路幾層敗,1
22492,齋路幾層敗衲,1
22493,路幾層敗衲學,1
22494,幾層敗衲學真,1
22495,層敗衲學真乘,1
22496,敗衲學真乘寒,1
22497,衲學真乘寒暑,1
22498,學真乘寒暑移,1
22499,真乘寒暑移雙,1
22500,乘寒暑移雙樹,1
22501,寒暑移雙樹光,1
22502,暑移雙樹光陰,1
22503,移雙樹光陰盡,1
22504,雙樹光陰盡一,1
22505,樹光陰盡一燈,1
22506,光陰盡一燈風,1
22507,陰盡一燈風飄,1
22508,盡一燈風飄高,1
22509,一燈風飄高竹,1
22510,燈風飄高竹雪,1
22511,風飄高竹雪泉,1
22512,飄高竹雪泉漲,1
22513,高竹雪泉漲小,1
22514,竹雪泉漲小池,1
22515,雪泉漲小池冰,1
22516,泉漲小池冰莫,1
22517,漲小池冰莫訝,1
22518,小池冰莫訝頻,1
22519,池冰莫訝頻來,1
22520,冰莫訝頻來此,1
22521,莫訝頻來此修,1
22522,訝頻來此修身,1
22523,頻來此修身欲,1
22524,來此修身欲到,1
22525,此修身欲到僧,1
22526,修身欲到僧路,1
22527,身欲到僧路長,1
22528,欲到僧路長春,1
22529,到僧路長春欲,1
22530,僧路長春欲盡,1
22531,路長春欲盡歌,1
22532,長春欲盡歌怨,1
22533,春欲盡歌怨酒,1
22534,欲盡歌怨酒多,1
22535,盡歌怨酒多酣,1
22536,歌怨酒多酣白,1
22537,怨酒多酣白社,1
22538,酒多酣白社蓮,1
22539,多酣白社蓮塘,1
22540,酣白社蓮塘北,1
22541,白社蓮塘北青,1
22542,社蓮塘北青袍,1
22543,蓮塘北青袍桂,1
22544,塘北青袍桂水,1
22545,北青袍桂水南,1
22546,青袍桂水南驛,1
22547,袍桂水南驛行,1
22548,桂水南驛行盤,1
22549,水南驛行盤鳥,1
22550,南驛行盤鳥道,1
22551,驛行盤鳥道船,1
22552,行盤鳥道船宿,1
22553,盤鳥道船宿避,1
22554,鳥道船宿避龍,1
22555,道船宿避龍潭,1
22556,船宿避龍潭真,1
22557,宿避龍潭真得,1
22558,避龍潭真得詩,1
22559,龍潭真得詩人,1
22560,潭真得詩人趣,1
22561,真得詩人趣煙,1
22562,得詩人趣煙霞,1
22563,詩人趣煙霞處,1
22564,人趣煙霞處處,1
22565,趣煙霞處處諳,1
22566,煙霞處處諳念,1
22567,霞處處諳念遠,1
22568,處處諳念遠坐,1
22569,處諳念遠坐西,1
22570,諳念遠坐西閣,1
22571,念遠坐西閣華,1
22572,遠坐西閣華池,1
22573,坐西閣華池涵,1
22574,西閣華池涵月,1
22575,閣華池涵月涼,1
22576,華池涵月涼書,1
22577,池涵月涼書回,1
22578,涵月涼書回秋,1
22579,月涼書回秋欲,1
22580,涼書回秋欲盡,1
22581,書回秋欲盡酒,1
22582,回秋欲盡酒醒,1
22583,秋欲盡酒醒夜,1
22584,欲盡酒醒夜初,1
22585,盡酒醒夜初長,1
22586,酒醒夜初長露,1
22587,醒夜初長露白,1
22588,夜初長露白蓮,1
22589,初長露白蓮衣,1
22590,長露白蓮衣淺,1
22591,露白蓮衣淺風,1
22592,白蓮衣淺風清,1
22593,蓮衣淺風清蕙,1
22594,衣淺風清蕙帶,1
22595,淺風清蕙帶香,1
22596,風清蕙帶香前,1
22597,清蕙帶香前年,1
22598,蕙帶香前年此,1
22599,帶香前年此佳,1
22600,香前年此佳景,1
22601,前年此佳景蘭,1
22602,年此佳景蘭棹,1
22603,此佳景蘭棹醉,1
22604,佳景蘭棹醉橫,1
22605,景蘭棹醉橫塘,1
22606,蘭棹醉橫塘初,1
22607,棹醉橫塘初霽,1
22608,醉橫塘初霽獨,1
22609,橫塘初霽獨登,1
22610,塘初霽獨登賞,1
22611,初霽獨登賞西,1
22612,霽獨登賞西樓,1
22613,獨登賞西樓多,1
22614,登賞西樓多遠,1
22615,賞西樓多遠風,1
22616,西樓多遠風橫,1
22617,樓多遠風橫煙,1
22618,多遠風橫煙秋,1
22619,遠風橫煙秋水,1
22620,風橫煙秋水上,1
22621,橫煙秋水上疏,1
22622,煙秋水上疏雨,1
22623,秋水上疏雨夕,1
22624,水上疏雨夕陽,1
22625,上疏雨夕陽中,1
22626,疏雨夕陽中高,1
22627,雨夕陽中高樹,1
22628,夕陽中高樹下,1
22629,陽中高樹下山,1
22630,中高樹下山鳥,1
22631,高樹下山鳥平,1
22632,樹下山鳥平蕪,1
22633,下山鳥平蕪飛,1
22634,山鳥平蕪飛草,1
22635,鳥平蕪飛草蟲,1
22636,平蕪飛草蟲唯,1
22637,蕪飛草蟲唯應,1
22638,飛草蟲唯應待,1
22639,草蟲唯應待明,1
22640,蟲唯應待明月,1
22641,唯應待明月千,1
22642,應待明月千里,1
22643,待明月千里與,1
22644,明月千里與君,1
22645,月千里與君同,1
22646,千里與君同台,1
22647,里與君同台閣,1
22648,與君同台閣參,1
22649,君同台閣參差,1
22650,同台閣參差倚,1
22651,台閣參差倚太,1
22652,閣參差倚太陽,1
22653,參差倚太陽年,1
22654,差倚太陽年年,1
22655,倚太陽年年花,1
22656,太陽年年花發,1
22657,陽年年花發滿,1
22658,年年花發滿山,1
22659,年花發滿山香,1
22660,花發滿山香重,1
22661,發滿山香重門,1
22662,滿山香重門勘,1
22663,山香重門勘鎖,1
22664,香重門勘鎖青,1
22665,重門勘鎖青春,1
22666,門勘鎖青春晚,1
22667,勘鎖青春晚深,1
22668,鎖青春晚深殿,1
22669,青春晚深殿垂,1
22670,春晚深殿垂簾,1
22671,晚深殿垂簾白,1
22672,深殿垂簾白日,1
22673,殿垂簾白日長,1
22674,垂簾白日長草,1
22675,簾白日長草色,1
22676,白日長草色芊,1
22677,日長草色芊綿,1
22678,長草色芊綿侵,1
22679,草色芊綿侵禦,1
22680,色芊綿侵禦路,1
22681,芊綿侵禦路泉,1
22682,綿侵禦路泉聲,1
22683,侵禦路泉聲嗚,1
22684,禦路泉聲嗚咽,1
22685,路泉聲嗚咽繞,1
22686,泉聲嗚咽繞宮,1
22687,聲嗚咽繞宮牆,1
22688,嗚咽繞宮牆先,1
22689,咽繞宮牆先皇,1
22690,繞宮牆先皇一,1
22691,宮牆先皇一去,1
22692,牆先皇一去無,1
22693,先皇一去無回,1
22694,皇一去無回駕,1
22695,一去無回駕紅,1
22696,去無回駕紅粉,1
22697,無回駕紅粉雲,1
22698,回駕紅粉雲環,1
22699,駕紅粉雲環空,1
22700,紅粉雲環空斷,1
22701,粉雲環空斷腸,1
22702,雲環空斷腸曾,1
22703,環空斷腸曾與,1
22704,空斷腸曾與徑,1
22705,斷腸曾與徑山,1
22706,腸曾與徑山為,1
22707,曾與徑山為小,1
22708,與徑山為小師,1
22709,徑山為小師千,1
22710,山為小師千年,1
22711,為小師千年僧,1
22712,小師千年僧行,1
22713,師千年僧行眾,1
22714,千年僧行眾人,1
22715,年僧行眾人知,1
22716,僧行眾人知夜,1
22717,行眾人知夜深,1
22718,眾人知夜深月,1
22719,人知夜深月色,1
22720,知夜深月色當,1
22721,夜深月色當禪,1
22722,深月色當禪處,1
22723,月色當禪處齋,1
22724,色當禪處齋後,1
22725,當禪處齋後鐘,1
22726,禪處齋後鐘聲,1
22727,處齋後鐘聲到,1
22728,齋後鐘聲到講,1
22729,後鐘聲到講時,1
22730,鐘聲到講時經,1
22731,聲到講時經雨,1
22732,到講時經雨綠,1
22733,講時經雨綠苔,1
22734,時經雨綠苔侵,1
22735,經雨綠苔侵古,1
22736,雨綠苔侵古畫,1
22737,綠苔侵古畫過,1
22738,苔侵古畫過秋,1
22739,侵古畫過秋紅,1
22740,古畫過秋紅葉,1
22741,畫過秋紅葉落,1
22742,過秋紅葉落新,1
22743,秋紅葉落新詩,1
22744,紅葉落新詩勸,1
22745,葉落新詩勸君,1
22746,落新詩勸君莫,1
22747,新詩勸君莫厭,1
22748,詩勸君莫厭江,1
22749,勸君莫厭江城,1
22750,君莫厭江城客,1
22751,莫厭江城客雖,1
22752,厭江城客雖在,1
22753,江城客雖在風,1
22754,城客雖在風塵,1
22755,客雖在風塵別,1
22756,雖在風塵別有,1
22757,在風塵別有期,1
22758,風塵別有期十,1
22759,塵別有期十畝,1
22760,別有期十畝山,1
22761,有期十畝山田,1
22762,期十畝山田近,1
22763,十畝山田近石,1
22764,畝山田近石涵,1
22765,山田近石涵村,1
22766,田近石涵村居,1
22767,近石涵村居風,1
22768,石涵村居風俗,1
22769,涵村居風俗舊,1
22770,村居風俗舊曾,1
22771,居風俗舊曾諳,1
22772,風俗舊曾諳簾,1
22773,俗舊曾諳簾前,1
22774,舊曾諳簾前白,1
22775,曾諳簾前白艾,1
22776,諳簾前白艾驚,1
22777,簾前白艾驚春,1
22778,前白艾驚春燕,1
22779,白艾驚春燕籬,1
22780,艾驚春燕籬上,1
22781,驚春燕籬上青,1
22782,春燕籬上青桑,1
22783,燕籬上青桑待,1
22784,籬上青桑待晚,1
22785,上青桑待晚蠶,1
22786,青桑待晚蠶雲,1
22787,桑待晚蠶雲暖,1
22788,待晚蠶雲暖採,1
22789,晚蠶雲暖採茶,1
22790,蠶雲暖採茶來,1
22791,雲暖採茶來嶺,1
22792,暖採茶來嶺北,1
22793,採茶來嶺北月,1
22794,茶來嶺北月明,1
22795,來嶺北月明沽,1
22796,嶺北月明沽酒,1
22797,北月明沽酒過,1
22798,月明沽酒過溪,1
22799,明沽酒過溪南,1
22800,沽酒過溪南陵,1
22801,酒過溪南陵陽,1
22802,過溪南陵陽秋,1
22803,溪南陵陽秋盡,1
22804,南陵陽秋盡多,1
22805,陵陽秋盡多歸,1
22806,陽秋盡多歸思,1
22807,秋盡多歸思紅,1
22808,盡多歸思紅樹,1
22809,多歸思紅樹蕭,1
22810,歸思紅樹蕭蕭,1
22811,思紅樹蕭蕭覆,1
22812,紅樹蕭蕭覆碧,1
22813,樹蕭蕭覆碧潭,1
22814,蕭蕭覆碧潭曾,1
22815,蕭覆碧潭曾話,1
22816,覆碧潭曾話平,1
22817,碧潭曾話平生,1
22818,潭曾話平生志,1
22819,曾話平生志書,1
22820,話平生志書齋,1
22821,平生志書齋幾,1
22822,生志書齋幾見,1
22823,志書齋幾見留,1
22824,書齋幾見留道,1
22825,齋幾見留道孤,1
22826,幾見留道孤心,1
22827,見留道孤心易,1
22828,留道孤心易感,1
22829,道孤心易感恩,1
22830,孤心易感恩重,1
22831,心易感恩重力,1
22832,易感恩重力難,1
22833,感恩重力難酬,1
22834,恩重力難酬獨,1
22835,重力難酬獨立,1
22836,力難酬獨立千,1
22837,難酬獨立千峰,1
22838,酬獨立千峰晚,1
22839,獨立千峰晚頻,1
22840,立千峰晚頻來,1
22841,千峰晚頻來一,1
22842,峰晚頻來一葉,1
22843,晚頻來一葉秋,1
22844,頻來一葉秋雞,1
22845,來一葉秋雞鳴,1
22846,一葉秋雞鳴應,1
22847,葉秋雞鳴應有,1
22848,秋雞鳴應有處,1
22849,雞鳴應有處不,1
22850,鳴應有處不學,1
22851,應有處不學淚,1
22852,有處不學淚空,1
22853,處不學淚空流,1
22854,不學淚空流夜,1
22855,學淚空流夜程,1
22856,淚空流夜程何,1
22857,空流夜程何處,1
22858,流夜程何處宿,1
22859,夜程何處宿山,1
22860,程何處宿山疊,1
22861,何處宿山疊樹,1
22862,處宿山疊樹層,1
22863,宿山疊樹層層,1
22864,山疊樹層層孤,1
22865,疊樹層層孤館,1
22866,樹層層孤館閑,1
22867,層層孤館閑秋,1
22868,層孤館閑秋雨,1
22869,孤館閑秋雨空,1
22870,館閑秋雨空堂,1
22871,閑秋雨空堂停,1
22872,秋雨空堂停曙,1
22873,雨空堂停曙燈,1
22874,空堂停曙燈歌,1
22875,堂停曙燈歌慚,1
22876,停曙燈歌慚漁,1
22877,曙燈歌慚漁浦,1
22878,燈歌慚漁浦客,1
22879,歌慚漁浦客詩,1
22880,慚漁浦客詩學,1
22881,漁浦客詩學雁,1
22882,浦客詩學雁門,1
22883,客詩學雁門僧,1
22884,詩學雁門僧此,1
22885,學雁門僧此意,1
22886,雁門僧此意無,1
22887,門僧此意無人,1
22888,僧此意無人識,1
22889,此意無人識明,1
22890,意無人識明朝,1
22891,無人識明朝見,1
22892,人識明朝見李,1
22893,識明朝見李膺,1
22894,明朝見李膺朝,1
22895,朝見李膺朝回,1
22896,見李膺朝回佩,1
22897,李膺朝回佩馬,1
22898,膺朝回佩馬草,1
22899,朝回佩馬草萋,1
22900,回佩馬草萋萋,1
22901,佩馬草萋萋年,1
22902,馬草萋萋年少,1
22903,草萋萋年少恩,1
22904,萋萋年少恩深,1
22905,萋年少恩深衛,1
22906,年少恩深衛霍,1
22907,少恩深衛霍齊,1
22908,恩深衛霍齊斧,1
22909,深衛霍齊斧鉞,1
22910,衛霍齊斧鉞舊,1
22911,霍齊斧鉞舊威,1
22912,齊斧鉞舊威龍,1
22913,斧鉞舊威龍塞,1
22914,鉞舊威龍塞北,1
22915,舊威龍塞北池,1
22916,威龍塞北池台,1
22917,龍塞北池台新,1
22918,塞北池台新賜,1
22919,北池台新賜鳳,1
22920,池台新賜鳳城,1
22921,台新賜鳳城西,1
22922,新賜鳳城西門,1
22923,賜鳳城西門通,1
22924,鳳城西門通碧,1
22925,城西門通碧樹,1
22926,西門通碧樹開,1
22927,門通碧樹開金,1
22928,通碧樹開金鎖,1
22929,碧樹開金鎖樓,1
22930,樹開金鎖樓對,1
22931,開金鎖樓對青,1
22932,金鎖樓對青山,1
22933,鎖樓對青山倚,1
22934,樓對青山倚玉,1
22935,對青山倚玉梯,1
22936,青山倚玉梯南,1
22937,山倚玉梯南陌,1
22938,倚玉梯南陌行,1
22939,玉梯南陌行人,1
22940,梯南陌行人盡,1
22941,南陌行人盡回,1
22942,陌行人盡回首,1
22943,行人盡回首笙,1
22944,人盡回首笙歌,1
22945,盡回首笙歌一,1
22946,回首笙歌一曲,1
22947,首笙歌一曲暮,1
22948,笙歌一曲暮雲,1
22949,歌一曲暮雲低,1
22950,一曲暮雲低石,1
22951,曲暮雲低石城,1
22952,暮雲低石城花,1
22953,雲低石城花暖,1
22954,低石城花暖鷓,1
22955,石城花暖鷓鴣,1
22956,城花暖鷓鴣飛,1
22957,花暖鷓鴣飛征,1
22958,暖鷓鴣飛征客,1
22959,鷓鴣飛征客春,1
22960,鴣飛征客春帆,1
22961,飛征客春帆秋,1
22962,征客春帆秋不,1
22963,客春帆秋不歸,1
22964,春帆秋不歸猶,1
22965,帆秋不歸猶自,1
22966,秋不歸猶自保,1
22967,不歸猶自保郎,1
22968,歸猶自保郎心,1
22969,猶自保郎心似,1
22970,自保郎心似石,1
22971,保郎心似石綾,1
22972,郎心似石綾梭,1
22973,心似石綾梭夜,1
22974,似石綾梭夜夜,1
22975,石綾梭夜夜織,1
22976,綾梭夜夜織寒,1
22977,梭夜夜織寒衣,1
22978,夜夜織寒衣蜀,1
22979,夜織寒衣蜀道,1
22980,織寒衣蜀道下,1
22981,寒衣蜀道下湘,1
22982,衣蜀道下湘渚,1
22983,蜀道下湘渚客,1
22984,道下湘渚客帆,1
22985,下湘渚客帆應,1
22986,湘渚客帆應不,1
22987,渚客帆應不迷,1
22988,客帆應不迷江,1
22989,帆應不迷江分,1
22990,應不迷江分三,1
22991,不迷江分三峽,1
22992,迷江分三峽響,1
22993,江分三峽響山,1
22994,分三峽響山並,1
22995,三峽響山並九,1
22996,峽響山並九華,1
22997,響山並九華齊,1
22998,山並九華齊秋,1
22999,並九華齊秋泊,1
23000,九華齊秋泊雁,1
23001,華齊秋泊雁初,1
23002,齊秋泊雁初宿,1
23003,秋泊雁初宿夜,1
23004,泊雁初宿夜吟,1
23005,雁初宿夜吟猿,1
23006,初宿夜吟猿乍,1
23007,宿夜吟猿乍啼,1
23008,夜吟猿乍啼歸,1
23009,吟猿乍啼歸時,1
23010,猿乍啼歸時慎,1
23011,乍啼歸時慎行,1
23012,啼歸時慎行李,1
23013,歸時慎行李莫,1
23014,時慎行李莫到,1
23015,慎行李莫到石,1
23016,行李莫到石城,1
23017,李莫到石城西,1
23018,莫到石城西移,1
23019,到石城西移花,1
23020,石城西移花疏,1
23021,城西移花疏處,1
23022,西移花疏處過,1
23023,移花疏處過劚,1
23024,花疏處過劚藥,1
23025,疏處過劚藥困,1
23026,處過劚藥困時,1
23027,過劚藥困時攀,1
23028,劚藥困時攀日,1
23029,藥困時攀日暮,1
23030,困時攀日暮微,1
23031,時攀日暮微風,1
23032,攀日暮微風起,1
23033,日暮微風起難,1
23034,暮微風起難尋,1
23035,微風起難尋舊,1
23036,風起難尋舊徑,1
23037,起難尋舊徑還,1
23038,難尋舊徑還孤,1
23039,尋舊徑還孤舟,1
23040,舊徑還孤舟路,1
23041,徑還孤舟路漸,1
23042,還孤舟路漸賒,1
23043,孤舟路漸賒時,1
23044,舟路漸賒時見,1
23045,路漸賒時見碧,1
23046,漸賒時見碧桃,1
23047,賒時見碧桃花,1
23048,時見碧桃花溪,1
23049,見碧桃花溪雨,1
23050,碧桃花溪雨灘,1
23051,桃花溪雨灘聲,1
23052,花溪雨灘聲急,1
23053,溪雨灘聲急岩,1
23054,雨灘聲急岩風,1
23055,灘聲急岩風樹,1
23056,聲急岩風樹勢,1
23057,急岩風樹勢斜,1
23058,岩風樹勢斜獼,1
23059,風樹勢斜獼猴,1
23060,樹勢斜獼猴懸,1
23061,勢斜獼猴懸弱,1
23062,斜獼猴懸弱柳,1
23063,獼猴懸弱柳鸂,1
23064,猴懸弱柳鸂鶒,1
23065,懸弱柳鸂鶒睡,1
23066,弱柳鸂鶒睡橫,1
23067,柳鸂鶒睡橫楂,1
23068,鸂鶒睡橫楂謾,1
23069,鶒睡橫楂謾向,1
23070,睡橫楂謾向仙,1
23071,橫楂謾向仙林,1
23072,楂謾向仙林宿,1
23073,謾向仙林宿無,1
23074,向仙林宿無人,1
23075,仙林宿無人識,1
23076,林宿無人識阮,1
23077,宿無人識阮家,1
23078,無人識阮家無,1
23079,人識阮家無機,1
23080,識阮家無機還,1
23081,阮家無機還得,1
23082,家無機還得罪,1
23083,無機還得罪直,1
23084,機還得罪直道,1
23085,還得罪直道不,1
23086,得罪直道不傷,1
23087,罪直道不傷情,1
23088,直道不傷情微,1
23089,道不傷情微雨,1
23090,不傷情微雨昏,1
23091,傷情微雨昏山,1
23092,情微雨昏山色,1
23093,微雨昏山色疏,1
23094,雨昏山色疏籠,1
23095,昏山色疏籠閉,1
23096,山色疏籠閉鶴,1
23097,色疏籠閉鶴聲,1
23098,疏籠閉鶴聲閒,1
23099,籠閉鶴聲閒居,1
23100,閉鶴聲閒居多,1
23101,鶴聲閒居多野,1
23102,聲閒居多野客,1
23103,閒居多野客高,1
23104,居多野客高枕,1
23105,多野客高枕見,1
23106,野客高枕見江,1
23107,客高枕見江城,1
23108,高枕見江城門,1
23109,枕見江城門外,1
23110,見江城門外長,1
23111,江城門外長溪,1
23112,城門外長溪水,1
23113,門外長溪水憐,1
23114,外長溪水憐君,1
23115,長溪水憐君又,1
23116,溪水憐君又濯,1
23117,水憐君又濯纓,1
23118,憐君又濯纓南,1
23119,君又濯纓南樓,1
23120,又濯纓南樓送,1
23121,濯纓南樓送郢,1
23122,纓南樓送郢客,1
23123,南樓送郢客西,1
23124,樓送郢客西郭,1
23125,送郢客西郭望,1
23126,郢客西郭望荊,1
23127,客西郭望荊門,1
23128,西郭望荊門鳧,1
23129,郭望荊門鳧鵠,1
23130,望荊門鳧鵠下,1
23131,荊門鳧鵠下寒,1
23132,門鳧鵠下寒渚,1
23133,鳧鵠下寒渚牛,1
23134,鵠下寒渚牛羊,1
23135,下寒渚牛羊歸,1
23136,寒渚牛羊歸遠,1
23137,渚牛羊歸遠村,1
23138,牛羊歸遠村蘭,1
23139,羊歸遠村蘭舟,1
23140,歸遠村蘭舟倚,1
23141,遠村蘭舟倚行,1
23142,村蘭舟倚行棹,1
23143,蘭舟倚行棹桂,1
23144,舟倚行棹桂酒,1
23145,倚行棹桂酒掩,1
23146,行棹桂酒掩餘,1
23147,棹桂酒掩餘樽,1
23148,桂酒掩餘樽重,1
23149,酒掩餘樽重此,1
23150,掩餘樽重此一,1
23151,餘樽重此一留,1
23152,樽重此一留宿,1
23153,重此一留宿前,1
23154,此一留宿前汀,1
23155,一留宿前汀煙,1
23156,留宿前汀煙月,1
23157,宿前汀煙月昏,1
23158,前汀煙月昏潮,1
23159,汀煙月昏潮去,1
23160,煙月昏潮去潮,1
23161,月昏潮去潮來,1
23162,昏潮去潮來洲,1
23163,潮去潮來洲渚,1
23164,去潮來洲渚春,1
23165,潮來洲渚春山,1
23166,來洲渚春山花,1
23167,洲渚春山花如,1
23168,渚春山花如繡,1
23169,春山花如繡草,1
23170,山花如繡草如,1
23171,花如繡草如茵,1
23172,如繡草如茵嚴,1
23173,繡草如茵嚴陵,1
23174,草如茵嚴陵台,1
23175,如茵嚴陵台下,1
23176,茵嚴陵台下桐,1
23177,嚴陵台下桐江,1
23178,陵台下桐江水,1
23179,台下桐江水解,1
23180,下桐江水解釣,1
23181,桐江水解釣鱸,1
23182,江水解釣鱸魚,1
23183,水解釣鱸魚能,1
23184,解釣鱸魚能幾,1
23185,釣鱸魚能幾人,1
23186,鱸魚能幾人侯,1
23187,魚能幾人侯家,1
23188,能幾人侯家大,1
23189,幾人侯家大道,1
23190,人侯家大道傍,1
23191,侯家大道傍蟬,1
23192,家大道傍蟬噪,1
23193,大道傍蟬噪樹,1
23194,道傍蟬噪樹蒼,1
23195,傍蟬噪樹蒼蒼,1
23196,蟬噪樹蒼蒼開,1
23197,噪樹蒼蒼開鎖,1
23198,樹蒼蒼開鎖洞,1
23199,蒼蒼開鎖洞門,1
23200,蒼開鎖洞門遠,1
23201,開鎖洞門遠捲,1
23202,鎖洞門遠捲簾,1
23203,洞門遠捲簾官,1
23204,門遠捲簾官舍,1
23205,遠捲簾官舍涼,1
23206,捲簾官舍涼欄,1
23207,簾官舍涼欄圍,1
23208,官舍涼欄圍紅,1
23209,舍涼欄圍紅藥,1
23210,涼欄圍紅藥盛,1
23211,欄圍紅藥盛架,1
23212,圍紅藥盛架引,1
23213,紅藥盛架引綠,1
23214,藥盛架引綠蘿,1
23215,盛架引綠蘿長,1
23216,架引綠蘿長永,1
23217,引綠蘿長永日,1
23218,綠蘿長永日一,1
23219,蘿長永日一欹,1
23220,長永日一欹枕,1
23221,永日一欹枕故,1
23222,日一欹枕故山,1
23223,一欹枕故山雲,1
23224,欹枕故山雲水,1
23225,枕故山雲水鄉,1
23226,故山雲水鄉禪,1
23227,山雲水鄉禪床,1
23228,雲水鄉禪床深,1
23229,水鄉禪床深竹,1
23230,鄉禪床深竹裏,1
23231,禪床深竹裏心,1
23232,床深竹裏心與,1
23233,深竹裏心與徑,1
23234,竹裏心與徑山,1
23235,裏心與徑山期,1
23236,心與徑山期結,1
23237,與徑山期結社,1
23238,徑山期結社多,1
23239,山期結社多高,1
23240,期結社多高客,1
23241,結社多高客登,1
23242,社多高客登壇,1
23243,多高客登壇盡,1
23244,高客登壇盡小,1
23245,客登壇盡小師,1
23246,登壇盡小師早,1
23247,壇盡小師早秋,1
23248,盡小師早秋歸,1
23249,小師早秋歸寺,1
23250,師早秋歸寺遠,1
23251,早秋歸寺遠新,1
23252,秋歸寺遠新雨,1
23253,歸寺遠新雨上,1
23254,寺遠新雨上灘,1
23255,遠新雨上灘遲,1
23256,新雨上灘遲別,1
23257,雨上灘遲別後,1
23258,上灘遲別後江,1
23259,灘遲別後江雲,1
23260,遲別後江雲碧,1
23261,別後江雲碧南,1
23262,後江雲碧南齋,1
23263,江雲碧南齋一,1
23264,雲碧南齋一首,1
23265,碧南齋一首詩,1
23266,南齋一首詩玉,1
23267,齋一首詩玉塞,1
23268,一首詩玉塞功,1
23269,首詩玉塞功猶,1
23270,詩玉塞功猶阻,1
23271,玉塞功猶阻金,1
23272,塞功猶阻金門,1
23273,功猶阻金門事,1
23274,猶阻金門事已,1
23275,阻金門事已陳,1
23276,金門事已陳世,1
23277,門事已陳世途,1
23278,事已陳世途皆,1
23279,已陳世途皆擾,1
23280,陳世途皆擾擾,1
23281,世途皆擾擾鄉,1
23282,途皆擾擾鄉黨,1
23283,皆擾擾鄉黨盡,1
23284,擾擾鄉黨盡循,1
23285,擾鄉黨盡循循,1
23286,鄉黨盡循循客,1
23287,黨盡循循客道,1
23288,盡循循客道難,1
23289,循循客道難投,1
23290,循客道難投足,1
23291,客道難投足家,1
23292,道難投足家聲,1
23293,難投足家聲易,1
23294,投足家聲易發,1
23295,足家聲易發身,1
23296,家聲易發身松,1
23297,聲易發身松篁,1
23298,易發身松篁標,1
23299,發身松篁標節,1
23300,身松篁標節晚,1
23301,松篁標節晚蘭,1
23302,篁標節晚蘭蕙,1
23303,標節晚蘭蕙吐,1
23304,節晚蘭蕙吐詞,1
23305,晚蘭蕙吐詞春,1
23306,蘭蕙吐詞春處,1
23307,蕙吐詞春處困,1
23308,吐詞春處困羞,1
23309,詞春處困羞搖,1
23310,春處困羞搖尾,1
23311,處困羞搖尾懷,1
23312,困羞搖尾懷忠,1
23313,羞搖尾懷忠壯,1
23314,搖尾懷忠壯犯,1
23315,尾懷忠壯犯鱗,1
23316,懷忠壯犯鱗宅,1
23317,忠壯犯鱗宅臨,1
23318,壯犯鱗宅臨三,1
23319,犯鱗宅臨三楚,1
23320,鱗宅臨三楚水,1
23321,宅臨三楚水衣,1
23322,臨三楚水衣帶,1
23323,三楚水衣帶二,1
23324,楚水衣帶二京,1
23325,水衣帶二京塵,1
23326,衣帶二京塵斂,1
23327,帶二京塵斂跡,1
23328,二京塵斂跡愁,1
23329,京塵斂跡愁山,1
23330,塵斂跡愁山鬼,1
23331,斂跡愁山鬼遺,1
23332,跡愁山鬼遺形,1
23333,愁山鬼遺形慕,1
23334,山鬼遺形慕穀,1
23335,鬼遺形慕穀神,1
23336,遺形慕穀神采,1
23337,形慕穀神采芝,1
23338,慕穀神采芝先,1
23339,穀神采芝先避,1
23340,神采芝先避貴,1
23341,采芝先避貴栽,1
23342,芝先避貴栽橘,1
23343,先避貴栽橘早,1
23344,避貴栽橘早防,1
23345,貴栽橘早防貧,1
23346,栽橘早防貧弦,1
23347,橘早防貧弦泛,1
23348,早防貧弦泛桐,1
23349,防貧弦泛桐材,1
23350,貧弦泛桐材響,1
23351,弦泛桐材響杯,1
23352,泛桐材響杯澄,1
23353,桐材響杯澄糯,1
23354,材響杯澄糯醁,1
23355,響杯澄糯醁醇,1
23356,杯澄糯醁醇但,1
23357,澄糯醁醇但尋,1
23358,糯醁醇但尋陶,1
23359,醁醇但尋陶令,1
23360,醇但尋陶令集,1
23361,但尋陶令集休,1
23362,尋陶令集休獻,1
23363,陶令集休獻楚,1
23364,令集休獻楚王,1
23365,集休獻楚王珍,1
23366,休獻楚王珍林,1
23367,獻楚王珍林密,1
23368,楚王珍林密聞,1
23369,王珍林密聞風,1
23370,珍林密聞風遠,1
23371,林密聞風遠池,1
23372,密聞風遠池平,1
23373,聞風遠池平見,1
23374,風遠池平見月,1
23375,遠池平見月勻,1
23376,池平見月勻藤,1
23377,平見月勻藤龕,1
23378,見月勻藤龕紅,1
23379,月勻藤龕紅婀,1
23380,勻藤龕紅婀娜,1
23381,藤龕紅婀娜苔,1
23382,龕紅婀娜苔磴,1
23383,紅婀娜苔磴綠,1
23384,婀娜苔磴綠嶙,1
23385,娜苔磴綠嶙峋,1
23386,苔磴綠嶙峋雪,1
23387,磴綠嶙峋雪樹,1
23388,綠嶙峋雪樹交,1
23389,嶙峋雪樹交梁,1
23390,峋雪樹交梁苑,1
23391,雪樹交梁苑冰,1
23392,樹交梁苑冰河,1
23393,交梁苑冰河漲,1
23394,梁苑冰河漲孟,1
23395,苑冰河漲孟津,1
23396,冰河漲孟津面,1
23397,河漲孟津面邀,1
23398,漲孟津面邀文,1
23399,孟津面邀文作,1
23400,津面邀文作友,1
23401,面邀文作友心,1
23402,邀文作友心許,1
23403,文作友心許德,1
23404,作友心許德為,1
23405,友心許德為鄰,1
23406,心許德為鄰旅,1
23407,許德為鄰旅館,1
23408,德為鄰旅館將,1
23409,為鄰旅館將分,1
23410,鄰旅館將分被,1
23411,旅館將分被嬰,1
23412,館將分被嬰兒,1
23413,將分被嬰兒共,1
23414,分被嬰兒共灑,1
23415,被嬰兒共灑巾,1
23416,嬰兒共灑巾渭,1
23417,兒共灑巾渭陽,1
23418,共灑巾渭陽連,1
23419,灑巾渭陽連漢,1
23420,巾渭陽連漢曲,1
23421,渭陽連漢曲京,1
23422,陽連漢曲京口,1
23423,連漢曲京口接,1
23424,漢曲京口接漳,1
23425,曲京口接漳濱,1
23426,京口接漳濱通,1
23427,口接漳濱通塞,1
23428,接漳濱通塞時,1
23429,漳濱通塞時應,1
23430,濱通塞時應定,1
23431,通塞時應定榮,1
23432,塞時應定榮枯,1
23433,時應定榮枯理,1
23434,應定榮枯理會,1
23435,定榮枯理會均,1
23436,榮枯理會均儒,1
23437,枯理會均儒流,1
23438,理會均儒流當,1
23439,會均儒流當自,1
23440,均儒流當自勉,1
23441,儒流當自勉妻,1
23442,流當自勉妻族,1
23443,當自勉妻族更,1
23444,自勉妻族更誰,1
23445,勉妻族更誰親,1
23446,妻族更誰親照,1
23447,族更誰親照矚,1
23448,更誰親照矚三,1
23449,誰親照矚三光,1
23450,親照矚三光政,1
23451,照矚三光政生,1
23452,矚三光政生成,1
23453,三光政生成四,1
23454,光政生成四氣,1
23455,政生成四氣仁,1
23456,生成四氣仁磻,1
23457,成四氣仁磻溪,1
23458,四氣仁磻溪有,1
23459,氣仁磻溪有心,1
23460,仁磻溪有心者,1
23461,磻溪有心者垂,1
23462,溪有心者垂白,1
23463,有心者垂白肯,1
23464,心者垂白肯湮,1
23465,者垂白肯湮淪,1
23466,垂白肯湮淪旅,1
23467,白肯湮淪旅館,1
23468,肯湮淪旅館當,1
23469,湮淪旅館當年,1
23470,淪旅館當年葺,1
23471,旅館當年葺公,1
23472,館當年葺公才,1
23473,當年葺公才此,1
23474,年葺公才此日,1
23475,葺公才此日論,1
23476,公才此日論林,1
23477,才此日論林繁,1
23478,此日論林繁輕,1
23479,日論林繁輕竹,1
23480,論林繁輕竹祖,1
23481,林繁輕竹祖樹,1
23482,繁輕竹祖樹暗,1
23483,輕竹祖樹暗惜,1
23484,竹祖樹暗惜桐,1
23485,祖樹暗惜桐孫,1
23486,樹暗惜桐孫煉,1
23487,暗惜桐孫煉藥,1
23488,惜桐孫煉藥藏,1
23489,桐孫煉藥藏金,1
23490,孫煉藥藏金鼎,1
23491,煉藥藏金鼎疏,1
23492,藥藏金鼎疏泉,1
23493,藏金鼎疏泉陷,1
23494,金鼎疏泉陷石,1
23495,鼎疏泉陷石盆,1
23496,疏泉陷石盆散,1
23497,泉陷石盆散科,1
23498,陷石盆散科松,1
23499,石盆散科松有,1
23500,盆散科松有節,1
23501,散科松有節深,1
23502,科松有節深薙,1
23503,松有節深薙草,1
23504,有節深薙草無,1
23505,節深薙草無根,1
23506,深薙草無根龍,1
23507,薙草無根龍臥,1
23508,草無根龍臥池,1
23509,無根龍臥池猶,1
23510,根龍臥池猶在,1
23511,龍臥池猶在鶯,1
23512,臥池猶在鶯遷,1
23513,池猶在鶯遷谷,1
23514,猶在鶯遷谷尚,1
23515,在鶯遷谷尚存,1
23516,鶯遷谷尚存昔,1
23517,遷谷尚存昔為,1
23518,谷尚存昔為揚,1
23519,尚存昔為揚子,1
23520,存昔為揚子宅,1
23521,昔為揚子宅今,1
23522,為揚子宅今是,1
23523,揚子宅今是李,1
23524,子宅今是李膺,1
23525,宅今是李膺門,1
23526,今是李膺門積,1
23527,是李膺門積學,1
23528,李膺門積學螢,1
23529,膺門積學螢嘗,1
23530,門積學螢嘗聚,1
23531,積學螢嘗聚微,1
23532,學螢嘗聚微詞,1
23533,螢嘗聚微詞鳳,1
23534,嘗聚微詞鳳早,1
23535,聚微詞鳳早吞,1
23536,微詞鳳早吞百,1
23537,詞鳳早吞百年,1
23538,鳳早吞百年明,1
23539,早吞百年明素,1
23540,吞百年明素志,1
23541,百年明素志三,1
23542,年明素志三顧,1
23543,明素志三顧起,1
23544,素志三顧起新,1
23545,志三顧起新恩,1
23546,三顧起新恩雪,1
23547,顧起新恩雪耀,1
23548,起新恩雪耀冰,1
23549,新恩雪耀冰霜,1
23550,恩雪耀冰霜冷,1
23551,雪耀冰霜冷塵,1
23552,耀冰霜冷塵飛,1
23553,冰霜冷塵飛水,1
23554,霜冷塵飛水墨,1
23555,冷塵飛水墨昏,1
23556,塵飛水墨昏莫,1
23557,飛水墨昏莫教,1
23558,水墨昏莫教垂,1
23559,墨昏莫教垂露,1
23560,昏莫教垂露跡,1
23561,莫教垂露跡歲,1
23562,教垂露跡歲晚,1
23563,垂露跡歲晚雜,1
23564,露跡歲晚雜苔,1
23565,跡歲晚雜苔痕,1
23566,歲晚雜苔痕碧,1
23567,晚雜苔痕碧樹,1
23568,雜苔痕碧樹康,1
23569,苔痕碧樹康莊,1
23570,痕碧樹康莊內,1
23571,碧樹康莊內清,1
23572,樹康莊內清川,1
23573,康莊內清川鞏,1
23574,莊內清川鞏洛,1
23575,內清川鞏洛間,1
23576,清川鞏洛間壇,1
23577,川鞏洛間壇分,1
23578,鞏洛間壇分中,1
23579,洛間壇分中嶽,1
23580,間壇分中嶽頂,1
23581,壇分中嶽頂城,1
23582,分中嶽頂城繚,1
23583,中嶽頂城繚大,1
23584,嶽頂城繚大河,1
23585,頂城繚大河灣,1
23586,城繚大河灣廣,1
23587,繚大河灣廣殿,1
23588,大河灣廣殿含,1
23589,河灣廣殿含涼,1
23590,灣廣殿含涼靜,1
23591,廣殿含涼靜深,1
23592,殿含涼靜深宮,1
23593,含涼靜深宮積,1
23594,涼靜深宮積翠,1
23595,靜深宮積翠閑,1
23596,深宮積翠閑樓,1
23597,宮積翠閑樓齊,1
23598,積翠閑樓齊雲,1
23599,翠閑樓齊雲漠,1
23600,閑樓齊雲漠漠,1
23601,樓齊雲漠漠橋,1
23602,齊雲漠漠橋束,1
23603,雲漠漠橋束水,1
23604,漠漠橋束水潺,1
23605,漠橋束水潺潺,1
23606,橋束水潺潺過,1
23607,束水潺潺過雨,1
23608,水潺潺過雨檉,1
23609,潺潺過雨檉枝,1
23610,潺過雨檉枝潤,1
23611,過雨檉枝潤迎,1
23612,雨檉枝潤迎霜,1
23613,檉枝潤迎霜柿,1
23614,枝潤迎霜柿葉,1
23615,潤迎霜柿葉殷,1
23616,迎霜柿葉殷紫,1
23617,霜柿葉殷紫鱗,1
23618,柿葉殷紫鱗沖,1
23619,葉殷紫鱗沖晚,1
23620,殷紫鱗沖晚浪,1
23621,紫鱗沖晚浪白,1
23622,鱗沖晚浪白鳥,1
23623,沖晚浪白鳥背,1
23624,晚浪白鳥背秋,1
23625,浪白鳥背秋山,1
23626,白鳥背秋山月,1
23627,鳥背秋山月拜,1
23628,背秋山月拜西,1
23629,秋山月拜西歸,1
23630,山月拜西歸表,1
23631,月拜西歸表晨,1
23632,拜西歸表晨趨,1
23633,西歸表晨趨北,1
23634,歸表晨趨北向,1
23635,表晨趨北向班,1
23636,晨趨北向班鴛,1
23637,趨北向班鴛鴻,1
23638,北向班鴛鴻隨,1
23639,向班鴛鴻隨半,1
23640,班鴛鴻隨半仗,1
23641,鴛鴻隨半仗貔,1
23642,鴻隨半仗貔虎,1
23643,隨半仗貔虎護,1
23644,半仗貔虎護重,1
23645,仗貔虎護重關,1
23646,貔虎護重關玉,1
23647,虎護重關玉帳,1
23648,護重關玉帳才,1
23649,重關玉帳才容,1
23650,關玉帳才容足,1
23651,玉帳才容足金,1
23652,帳才容足金樽,1
23653,才容足金樽暫,1
23654,容足金樽暫解,1
23655,足金樽暫解顏,1
23656,金樽暫解顏跡,1
23657,樽暫解顏跡留,1
23658,暫解顏跡留傷,1
23659,解顏跡留傷墮,1
23660,顏跡留傷墮屨,1
23661,跡留傷墮屨恩,1
23662,留傷墮屨恩在,1
23663,傷墮屨恩在樂,1
23664,墮屨恩在樂銜,1
23665,屨恩在樂銜環,1
23666,恩在樂銜環南,1
23667,在樂銜環南省,1
23668,樂銜環南省蘭,1
23669,銜環南省蘭先,1
23670,環南省蘭先握,1
23671,南省蘭先握東,1
23672,省蘭先握東堂,1
23673,蘭先握東堂桂,1
23674,先握東堂桂早,1
23675,握東堂桂早攀,1
23676,東堂桂早攀龍,1
23677,堂桂早攀龍門,1
23678,桂早攀龍門君,1
23679,早攀龍門君夭,1
23680,攀龍門君夭矯,1
23681,龍門君夭矯鶯,1
23682,門君夭矯鶯穀,1
23683,君夭矯鶯穀我,1
23684,夭矯鶯穀我綿,1
23685,矯鶯穀我綿蠻,1
23686,鶯穀我綿蠻分,1
23687,穀我綿蠻分薄,1
23688,我綿蠻分薄嵇,1
23689,綿蠻分薄嵇心,1
23690,蠻分薄嵇心懶,1
23691,分薄嵇心懶哀,1
23692,薄嵇心懶哀多,1
23693,嵇心懶哀多庾,1
23694,心懶哀多庾鬢,1
23695,懶哀多庾鬢班,1
23696,哀多庾鬢班人,1
23697,多庾鬢班人慚,1
23698,庾鬢班人慚公,1
23699,鬢班人慚公幹,1
23700,班人慚公幹臥,1
23701,人慚公幹臥頻,1
23702,慚公幹臥頻送,1
23703,公幹臥頻送子,1
23704,幹臥頻送子牟,1
23705,臥頻送子牟還,1
23706,頻送子牟還自,1
23707,送子牟還自睹,1
23708,子牟還自睹宸,1
23709,牟還自睹宸居,1
23710,還自睹宸居壯,1
23711,自睹宸居壯誰,1
23712,睹宸居壯誰憂,1
23713,宸居壯誰憂國,1
23714,居壯誰憂國步,1
23715,壯誰憂國步艱,1
23716,誰憂國步艱只,1
23717,憂國步艱只應,1
23718,國步艱只應時,1
23719,步艱只應時與,1
23720,艱只應時與醉,1
23721,只應時與醉因,1
23722,應時與醉因病,1
23723,時與醉因病縱,1
23724,與醉因病縱疏,1
23725,醉因病縱疏頑,1
23726,因病縱疏頑命,1
23727,病縱疏頑命世,1
23728,縱疏頑命世須,1
23729,疏頑命世須人,1
23730,頑命世須人瑞,1
23731,命世須人瑞匡,1
23732,世須人瑞匡君,1
23733,須人瑞匡君在,1
23734,人瑞匡君在嶽,1
23735,瑞匡君在嶽靈,1
23736,匡君在嶽靈氣,1
23737,君在嶽靈氣和,1
23738,在嶽靈氣和熏,1
23739,嶽靈氣和熏北,1
23740,靈氣和熏北陸,1
23741,氣和熏北陸襟,1
23742,和熏北陸襟曠,1
23743,熏北陸襟曠納,1
23744,北陸襟曠納東,1
23745,陸襟曠納東溟,1
23746,襟曠納東溟賦,1
23747,曠納東溟賦妙,1
23748,納東溟賦妙排,1
23749,東溟賦妙排鸚,1
23750,溟賦妙排鸚鵡,1
23751,賦妙排鸚鵡詩,1
23752,妙排鸚鵡詩能,1
23753,排鸚鵡詩能繼,1
23754,鸚鵡詩能繼鶺,1
23755,鵡詩能繼鶺鴒,1
23756,詩能繼鶺鴒蒲,1
23757,能繼鶺鴒蒲親,1
23758,繼鶺鴒蒲親香,1
23759,鶺鴒蒲親香案,1
23760,鴒蒲親香案色,1
23761,蒲親香案色蘭,1
23762,親香案色蘭動,1
23763,香案色蘭動粉,1
23764,案色蘭動粉闈,1
23765,色蘭動粉闈馨,1
23766,蘭動粉闈馨周,1
23767,動粉闈馨周孔,1
23768,粉闈馨周孔傳,1
23769,闈馨周孔傳文,1
23770,馨周孔傳文教,1
23771,周孔傳文教蕭,1
23772,孔傳文教蕭曹,1
23773,傳文教蕭曹授,1
23774,文教蕭曹授武,1
23775,教蕭曹授武經,1
23776,蕭曹授武經家,1
23777,曹授武經家僮,1
23778,授武經家僮諳,1
23779,武經家僮諳禁,1
23780,經家僮諳禁掖,1
23781,家僮諳禁掖廄,1
23782,僮諳禁掖廄馬,1
23783,諳禁掖廄馬識,1
23784,禁掖廄馬識金,1
23785,掖廄馬識金鈴,1
23786,廄馬識金鈴性,1
23787,馬識金鈴性與,1
23788,識金鈴性與奸,1
23789,金鈴性與奸邪,1
23790,鈴性與奸邪背,1
23791,性與奸邪背心,1
23792,與奸邪背心因,1
23793,奸邪背心因啟,1
23794,邪背心因啟沃,1
23795,背心因啟沃冥,1
23796,心因啟沃冥進,1
23797,因啟沃冥進賢,1
23798,啟沃冥進賢光,1
23799,沃冥進賢光日,1
23800,冥進賢光日月,1
23801,進賢光日月誅,1
23802,賢光日月誅惡,1
23803,光日月誅惡助,1
23804,日月誅惡助雷,1
23805,月誅惡助雷霆,1
23806,誅惡助雷霆閶,1
23807,惡助雷霆閶闔,1
23808,助雷霆閶闔開,1
23809,雷霆閶闔開時,1
23810,霆閶闔開時召,1
23811,閶闔開時召簫,1
23812,闔開時召簫韶,1
23813,開時召簫韶奏,1
23814,時召簫韶奏處,1
23815,召簫韶奏處聽,1
23816,簫韶奏處聽水,1
23817,韶奏處聽水精,1
23818,奏處聽水精懸,1
23819,處聽水精懸禦,1
23820,聽水精懸禦幄,1
23821,水精懸禦幄雲,1
23822,精懸禦幄雲母,1
23823,懸禦幄雲母展,1
23824,禦幄雲母展宮,1
23825,幄雲母展宮屏,1
23826,雲母展宮屏捧,1
23827,母展宮屏捧詔,1
23828,展宮屏捧詔巡,1
23829,宮屏捧詔巡汧,1
23830,屏捧詔巡汧隴,1
23831,捧詔巡汧隴飛,1
23832,詔巡汧隴飛書,1
23833,巡汧隴飛書護,1
23834,汧隴飛書護井,1
23835,隴飛書護井陘,1
23836,飛書護井陘先,1
23837,書護井陘先聲,1
23838,護井陘先聲威,1
23839,井陘先聲威虎,1
23840,陘先聲威虎兕,1
23841,先聲威虎兕餘,1
23842,聲威虎兕餘力,1
23843,威虎兕餘力活,1
23844,虎兕餘力活蟭,1
23845,兕餘力活蟭螟,1
23846,餘力活蟭螟榮,1
23847,力活蟭螟榮重,1
23848,活蟭螟榮重秦,1
23849,蟭螟榮重秦軍,1
23850,螟榮重秦軍箭,1
23851,榮重秦軍箭功,1
23852,重秦軍箭功高,1
23853,秦軍箭功高漢,1
23854,軍箭功高漢將,1
23855,箭功高漢將銘,1
23856,功高漢將銘戈,1
23857,高漢將銘戈鋋,1
23858,漢將銘戈鋋回,1
23859,將銘戈鋋回紫,1
23860,銘戈鋋回紫塞,1
23861,戈鋋回紫塞幹,1
23862,鋋回紫塞幹戚,1
23863,回紫塞幹戚散,1
23864,紫塞幹戚散彤,1
23865,塞幹戚散彤庭,1
23866,幹戚散彤庭順,1
23867,戚散彤庭順美,1
23868,散彤庭順美皇,1
23869,彤庭順美皇恩,1
23870,庭順美皇恩洽,1
23871,順美皇恩洽扶,1
23872,美皇恩洽扶顛,1
23873,皇恩洽扶顛國,1
23874,恩洽扶顛國步,1
23875,洽扶顛國步寧,1
23876,扶顛國步寧禹,1
23877,顛國步寧禹謨,1
23878,國步寧禹謨推,1
23879,步寧禹謨推掌,1
23880,寧禹謨推掌誥,1
23881,禹謨推掌誥湯,1
23882,謨推掌誥湯網,1
23883,推掌誥湯網屬,1
23884,掌誥湯網屬司,1
23885,誥湯網屬司刑,1
23886,湯網屬司刑稚,1
23887,網屬司刑稚榻,1
23888,屬司刑稚榻蓬,1
23889,司刑稚榻蓬萊,1
23890,刑稚榻蓬萊掩,1
23891,稚榻蓬萊掩膺,1
23892,榻蓬萊掩膺舟,1
23893,蓬萊掩膺舟鞏,1
23894,萊掩膺舟鞏洛,1
23895,掩膺舟鞏洛停,1
23896,膺舟鞏洛停馬,1
23897,舟鞏洛停馬群,1
23898,鞏洛停馬群先,1
23899,洛停馬群先去,1
23900,停馬群先去害,1
23901,馬群先去害民,1
23902,群先去害民籍,1
23903,先去害民籍更,1
23904,去害民籍更添,1
23905,害民籍更添丁,1
23906,民籍更添丁猾,1
23907,籍更添丁猾吏,1
23908,更添丁猾吏門,1
23909,添丁猾吏門長,1
23910,丁猾吏門長塞,1
23911,猾吏門長塞豪,1
23912,吏門長塞豪家,1
23913,門長塞豪家戶,1
23914,長塞豪家戶不,1
23915,塞豪家戶不扃,1
23916,豪家戶不扃四,1
23917,家戶不扃四知,1
23918,戶不扃四知臺,1
23919,不扃四知臺上,1
23920,扃四知臺上鏡,1
23921,四知臺上鏡三,1
23922,知臺上鏡三惑,1
23923,臺上鏡三惑井,1
23924,上鏡三惑井中,1
23925,鏡三惑井中瓶,1
23926,三惑井中瓶雅,1
23927,惑井中瓶雅韻,1
23928,井中瓶雅韻憑,1
23929,中瓶雅韻憑開,1
23930,瓶雅韻憑開匣,1
23931,雅韻憑開匣雄,1
23932,韻憑開匣雄鋩,1
23933,憑開匣雄鋩待,1
23934,開匣雄鋩待發,1
23935,匣雄鋩待發硎,1
23936,雄鋩待發硎火,1
23937,鋩待發硎火中,1
23938,待發硎火中膠,1
23939,發硎火中膠綠,1
23940,硎火中膠綠樹,1
23941,火中膠綠樹泉,1
23942,中膠綠樹泉下,1
23943,膠綠樹泉下劚,1
23944,綠樹泉下劚青,1
23945,樹泉下劚青萍,1
23946,泉下劚青萍五,1
23947,下劚青萍五嶽,1
23948,劚青萍五嶽期,1
23949,青萍五嶽期雙,1
23950,萍五嶽期雙節,1
23951,五嶽期雙節三,1
23952,嶽期雙節三台,1
23953,期雙節三台空,1
23954,雙節三台空一,1
23955,節三台空一星,1
23956,三台空一星鳳,1
23957,台空一星鳳池,1
23958,空一星鳳池方,1
23959,一星鳳池方注,1
23960,星鳳池方注意,1
23961,鳳池方注意麟,1
23962,池方注意麟閣,1
23963,方注意麟閣會,1
23964,注意麟閣會圖,1
23965,意麟閣會圖形,1
23966,麟閣會圖形寒,1
23967,閣會圖形寒暑,1
23968,會圖形寒暑逾,1
23969,圖形寒暑逾流,1
23970,形寒暑逾流電,1
23971,寒暑逾流電光,1
23972,暑逾流電光陰,1
23973,逾流電光陰甚,1
23974,流電光陰甚建,1
23975,電光陰甚建瓴,1
23976,光陰甚建瓴散,1
23977,陰甚建瓴散曹,1
23978,甚建瓴散曹分,1
23979,建瓴散曹分已,1
23980,瓴散曹分已白,1
23981,散曹分已白崇,1
23982,曹分已白崇直,1
23983,分已白崇直眼,1
23984,已白崇直眼由,1
23985,白崇直眼由青,1
23986,崇直眼由青賜,1
23987,直眼由青賜第,1
23988,眼由青賜第成,1
23989,由青賜第成官,1
23990,青賜第成官舍,1
23991,賜第成官舍傭,1
23992,第成官舍傭居,1
23993,成官舍傭居起,1
23994,官舍傭居起客,1
23995,舍傭居起客亭,1
23996,傭居起客亭松,1
23997,居起客亭松筠,1
23998,起客亭松筠侵,1
23999,客亭松筠侵巷,1
24000,亭松筠侵巷陌,1
24001,松筠侵巷陌禾,1
24002,筠侵巷陌禾黍,1
24003,侵巷陌禾黍接,1
24004,巷陌禾黍接郊,1
24005,陌禾黍接郊坰,1
24006,禾黍接郊坰宿,1
24007,黍接郊坰宿雨,1
24008,接郊坰宿雨回,1
24009,郊坰宿雨回為,1
24010,坰宿雨回為沼,1
24011,宿雨回為沼春,1
24012,雨回為沼春沙,1
24013,回為沼春沙澱,1
24014,為沼春沙澱作,1
24015,沼春沙澱作汀,1
24016,春沙澱作汀魚,1
24017,沙澱作汀魚罾,1
24018,澱作汀魚罾棲,1
24019,作汀魚罾棲翡,1
24020,汀魚罾棲翡翠,1
24021,魚罾棲翡翠蛛,1
24022,罾棲翡翠蛛網,1
24023,棲翡翠蛛網掛,1
24024,翡翠蛛網掛蜻,1
24025,翠蛛網掛蜻蜓,1
24026,蛛網掛蜻蜓遲,1
24027,網掛蜻蜓遲曉,1
24028,掛蜻蜓遲曉河,1
24029,蜻蜓遲曉河初,1
24030,蜓遲曉河初轉,1
24031,遲曉河初轉傷,1
24032,曉河初轉傷秋,1
24033,河初轉傷秋露,1
24034,初轉傷秋露已,1
24035,轉傷秋露已零,1
24036,傷秋露已零夢,1
24037,秋露已零夢餘,1
24038,露已零夢餘鐘,1
24039,已零夢餘鐘杳,1
24040,零夢餘鐘杳杳,1
24041,夢餘鐘杳杳吟,1
24042,餘鐘杳杳吟罷,1
24043,鐘杳杳吟罷燭,1
24044,杳杳吟罷燭熒,1
24045,杳吟罷燭熒熒,1
24046,吟罷燭熒熒字,1
24047,罷燭熒熒字小,1
24048,燭熒熒字小書,1
24049,熒熒字小書難,1
24050,熒字小書難寫,1
24051,字小書難寫杯,1
24052,小書難寫杯遲,1
24053,書難寫杯遲酒,1
24054,難寫杯遲酒易,1
24055,寫杯遲酒易醒,1
24056,杯遲酒易醒久,1
24057,遲酒易醒久貧,1
24058,酒易醒久貧驚,1
24059,易醒久貧驚早,1
24060,醒久貧驚早雁,1
24061,久貧驚早雁多,1
24062,貧驚早雁多病,1
24063,驚早雁多病放,1
24064,早雁多病放殘,1
24065,雁多病放殘螢,1
24066,多病放殘螢雪,1
24067,病放殘螢雪勁,1
24068,放殘螢雪勁孤,1
24069,殘螢雪勁孤根,1
24070,螢雪勁孤根竹,1
24071,雪勁孤根竹風,1
24072,勁孤根竹風凋,1
24073,孤根竹風凋數,1
24074,根竹風凋數莢,1
24075,竹風凋數莢蓂,1
24076,風凋數莢蓂轉,1
24077,凋數莢蓂轉喉,1
24078,數莢蓂轉喉空,1
24079,莢蓂轉喉空婀,1
24080,蓂轉喉空婀娜,1
24081,轉喉空婀娜垂,1
24082,喉空婀娜垂手,1
24083,空婀娜垂手自,1
24084,婀娜垂手自娉,1
24085,娜垂手自娉婷,1
24086,垂手自娉婷脛,1
24087,手自娉婷脛細,1
24088,自娉婷脛細摧,1
24089,娉婷脛細摧新,1
24090,婷脛細摧新履,1
24091,脛細摧新履腰,1
24092,細摧新履腰羸,1
24093,摧新履腰羸減,1
24094,新履腰羸減舊,1
24095,履腰羸減舊鞓,1
24096,腰羸減舊鞓海,1
24097,羸減舊鞓海邊,1
24098,減舊鞓海邊慵,1
24099,舊鞓海邊慵逐,1
24100,鞓海邊慵逐臭,1
24101,海邊慵逐臭塵,1
24102,邊慵逐臭塵外,1
24103,慵逐臭塵外怯,1
24104,逐臭塵外怯吞,1
24105,臭塵外怯吞腥,1
24106,塵外怯吞腥隱,1
24107,外怯吞腥隱豹,1
24108,怯吞腥隱豹窺,1
24109,吞腥隱豹窺重,1
24110,腥隱豹窺重巘,1
24111,隱豹窺重巘潛,1
24112,豹窺重巘潛虯,1
24113,窺重巘潛虯避,1
24114,重巘潛虯避濁,1
24115,巘潛虯避濁涇,1
24116,潛虯避濁涇商,1
24117,虯避濁涇商歌,1
24118,避濁涇商歌如,1
24119,濁涇商歌如不,1
24120,涇商歌如不顧,1
24121,商歌如不顧歸,1
24122,歌如不顧歸棹,1
24123,如不顧歸棹越,1
24124,不顧歸棹越南,1
24125,顧歸棹越南西,1
24126,歸棹越南西北,1
24127,棹越南西北樓,1
24128,越南西北樓開,1
24129,南西北樓開四,1
24130,西北樓開四望,1
24131,北樓開四望通,1
24132,樓開四望通殘,1
24133,開四望通殘霞,1
24134,四望通殘霞成,1
24135,望通殘霞成綺,1
24136,通殘霞成綺月,1
24137,殘霞成綺月懸,1
24138,霞成綺月懸弓,1
24139,成綺月懸弓江,1
24140,綺月懸弓江村,1
24141,月懸弓江村夜,1
24142,懸弓江村夜漲,1
24143,弓江村夜漲浮,1
24144,江村夜漲浮天,1
24145,村夜漲浮天水,1
24146,夜漲浮天水澤,1
24147,漲浮天水澤國,1
24148,浮天水澤國秋,1
24149,天水澤國秋生,1
24150,水澤國秋生動,1
24151,澤國秋生動地,1
24152,國秋生動地風,1
24153,秋生動地風高,1
24154,生動地風高下,1
24155,動地風高下綠,1
24156,地風高下綠苗,1
24157,風高下綠苗千,1
24158,高下綠苗千頃,1
24159,下綠苗千頃盡,1
24160,綠苗千頃盡新,1
24161,苗千頃盡新陳,1
24162,千頃盡新陳紅,1
24163,頃盡新陳紅粟,1
24164,盡新陳紅粟萬,1
24165,新陳紅粟萬箱,1
24166,陳紅粟萬箱空,1
24167,紅粟萬箱空才,1
24168,粟萬箱空才微,1
24169,萬箱空才微分,1
24170,箱空才微分薄,1
24171,空才微分薄憂,1
24172,才微分薄憂何,1
24173,微分薄憂何益,1
24174,分薄憂何益卻,1
24175,薄憂何益卻欲,1
24176,憂何益卻欲回,1
24177,何益卻欲回心,1
24178,益卻欲回心學,1
24179,卻欲回心學塞,1
24180,欲回心學塞翁,1
24181,回心學塞翁眼,1
24182,心學塞翁眼前,1
24183,學塞翁眼前迎,1
24184,塞翁眼前迎送,1
24185,翁眼前迎送不,1
24186,眼前迎送不曾,1
24187,前迎送不曾休,1
24188,迎送不曾休相,1
24189,送不曾休相續,1
24190,不曾休相續輪,1
24191,曾休相續輪蹄,1
24192,休相續輪蹄似,1
24193,相續輪蹄似水,1
24194,續輪蹄似水流,1
24195,輪蹄似水流門,1
24196,蹄似水流門外,1
24197,似水流門外若,1
24198,水流門外若無,1
24199,流門外若無南,1
24200,門外若無南北,1
24201,外若無南北路,1
24202,若無南北路人,1
24203,無南北路人間,1
24204,南北路人間應,1
24205,北路人間應免,1
24206,路人間應免別,1
24207,人間應免別離,1
24208,間應免別離愁,1
24209,應免別離愁蘇,1
24210,免別離愁蘇秦,1
24211,別離愁蘇秦六,1
24212,離愁蘇秦六印,1
24213,愁蘇秦六印歸,1
24214,蘇秦六印歸何,1
24215,秦六印歸何日,1
24216,六印歸何日潘,1
24217,印歸何日潘岳,1
24218,歸何日潘岳雙,1
24219,何日潘岳雙毛,1
24220,日潘岳雙毛去,1
24221,潘岳雙毛去值,1
24222,岳雙毛去值秋,1
24223,雙毛去值秋莫,1
24224,毛去值秋莫怪,1
24225,去值秋莫怪分,1
24226,值秋莫怪分襟,1
24227,秋莫怪分襟銜,1
24228,莫怪分襟銜淚,1
24229,怪分襟銜淚語,1
24230,分襟銜淚語十,1
24231,襟銜淚語十年,1
24232,銜淚語十年耕,1
24233,淚語十年耕釣,1
24234,語十年耕釣憶,1
24235,十年耕釣憶滄,1
24236,年耕釣憶滄洲,1
24237,耕釣憶滄洲楚,1
24238,釣憶滄洲楚國,1
24239,憶滄洲楚國同,1
24240,滄洲楚國同遊,1
24241,洲楚國同遊過,1
24242,楚國同遊過十,1
24243,國同遊過十霜,1
24244,同遊過十霜萬,1
24245,遊過十霜萬重,1
24246,過十霜萬重心,1
24247,十霜萬重心事,1
24248,霜萬重心事幾,1
24249,萬重心事幾堪,1
24250,重心事幾堪傷,1
24251,心事幾堪傷蒹,1
24252,事幾堪傷蒹葭,1
24253,幾堪傷蒹葭露,1
24254,堪傷蒹葭露白,1
24255,傷蒹葭露白蓮,1
24256,蒹葭露白蓮塘,1
24257,葭露白蓮塘淺,1
24258,露白蓮塘淺砧,1
24259,白蓮塘淺砧杵,1
24260,蓮塘淺砧杵夜,1
24261,塘淺砧杵夜清,1
24262,淺砧杵夜清河,1
24263,砧杵夜清河漢,1
24264,杵夜清河漢涼,1
24265,夜清河漢涼雲,1
24266,清河漢涼雲外,1
24267,河漢涼雲外山,1
24268,漢涼雲外山川,1
24269,涼雲外山川歸,1
24270,雲外山川歸夢,1
24271,外山川歸夢遠,1
24272,山川歸夢遠天,1
24273,川歸夢遠天涯,1
24274,歸夢遠天涯岐,1
24275,夢遠天涯岐路,1
24276,遠天涯岐路客,1
24277,天涯岐路客愁,1
24278,涯岐路客愁長,1
24279,岐路客愁長寒,1
24280,路客愁長寒城,1
24281,客愁長寒城欲,1
24282,愁長寒城欲曉,1
24283,長寒城欲曉聞,1
24284,寒城欲曉聞吹,1
24285,城欲曉聞吹笛,1
24286,欲曉聞吹笛猶,1
24287,曉聞吹笛猶臥,1
24288,聞吹笛猶臥東,1
24289,吹笛猶臥東軒,1
24290,笛猶臥東軒月,1
24291,猶臥東軒月滿,1
24292,臥東軒月滿床,1
24293,東軒月滿床九,1
24294,軒月滿床九衢,1
24295,月滿床九衢塵,1
24296,滿床九衢塵土,1
24297,床九衢塵土遞,1
24298,九衢塵土遞追,1
24299,衢塵土遞追攀,1
24300,塵土遞追攀馬,1
24301,土遞追攀馬跡,1
24302,遞追攀馬跡軒,1
24303,追攀馬跡軒車,1
24304,攀馬跡軒車日,1
24305,馬跡軒車日暮,1
24306,跡軒車日暮間,1
24307,軒車日暮間玄,1
24308,車日暮間玄發,1
24309,日暮間玄發盡,1
24310,暮間玄發盡驚,1
24311,間玄發盡驚為,1
24312,玄發盡驚為客,1
24313,發盡驚為客換,1
24314,盡驚為客換白,1
24315,驚為客換白頭,1
24316,為客換白頭曾,1
24317,客換白頭曾見,1
24318,換白頭曾見幾,1
24319,白頭曾見幾人,1
24320,頭曾見幾人閑,1
24321,曾見幾人閑空,1
24322,見幾人閑空悲,1
24323,幾人閑空悲浮,1
24324,人閑空悲浮世,1
24325,閑空悲浮世雲,1
24326,空悲浮世雲無,1
24327,悲浮世雲無定,1
24328,浮世雲無定多,1
24329,世雲無定多感,1
24330,雲無定多感流,1
24331,無定多感流年,1
24332,定多感流年水,1
24333,多感流年水不,1
24334,感流年水不還,1
24335,流年水不還謝,1
24336,年水不還謝卻,1
24337,水不還謝卻從,1
24338,不還謝卻從前,1
24339,還謝卻從前受,1
24340,謝卻從前受恩,1
24341,卻從前受恩地,1
24342,從前受恩地歸,1
24343,前受恩地歸來,1
24344,受恩地歸來依,1
24345,恩地歸來依止,1
24346,地歸來依止叩,1
24347,歸來依止叩禪,1
24348,來依止叩禪關,1
24349,依止叩禪關莫,1
24350,止叩禪關莫戀,1
24351,叩禪關莫戀醉,1
24352,禪關莫戀醉鄉,1
24353,關莫戀醉鄉迷,1
24354,莫戀醉鄉迷酒,1
24355,戀醉鄉迷酒杯,1
24356,醉鄉迷酒杯流,1
24357,鄉迷酒杯流年,1
24358,迷酒杯流年長,1
24359,酒杯流年長怕,1
24360,杯流年長怕少,1
24361,流年長怕少年,1
24362,年長怕少年催,1
24363,長怕少年催西,1
24364,怕少年催西陵,1
24365,少年催西陵水,1
24366,年催西陵水闊,1
24367,催西陵水闊魚,1
24368,西陵水闊魚難,1
24369,陵水闊魚難到,1
24370,水闊魚難到南,1
24371,闊魚難到南回,1
24372,魚難到南回路,1
24373,難到南回路遙,1
24374,到南回路遙書,1
24375,南回路遙書未,1
24376,回路遙書未回,1
24377,路遙書未回匹,1
24378,遙書未回匹馬,1
24379,書未回匹馬計,1
24380,未回匹馬計程,1
24381,回匹馬計程愁,1
24382,匹馬計程愁日,1
24383,馬計程愁日盡,1
24384,計程愁日盡一,1
24385,程愁日盡一蟬,1
24386,愁日盡一蟬何,1
24387,日盡一蟬何事,1
24388,盡一蟬何事引,1
24389,一蟬何事引秋,1
24390,蟬何事引秋來,1
24391,何事引秋來相,1
24392,事引秋來相如,1
24393,引秋來相如已,1
24394,秋來相如已定,1
24395,來相如已定題,1
24396,相如已定題橋,1
24397,如已定題橋志,1
24398,已定題橋志江,1
24399,定題橋志江上,1
24400,題橋志江上無,1
24401,橋志江上無由,1
24402,志江上無由夢,1
24403,江上無由夢釣,1
24404,上無由夢釣台,1
24405,無由夢釣台故,1
24406,由夢釣台故國,1
24407,夢釣台故國歸,1
24408,釣台故國歸人,1
24409,台故國歸人酒,1
24410,故國歸人酒一,1
24411,國歸人酒一杯,1
24412,歸人酒一杯暫,1
24413,人酒一杯暫停,1
24414,酒一杯暫停蘭,1
24415,一杯暫停蘭棹,1
24416,杯暫停蘭棹共,1
24417,暫停蘭棹共裴,1
24418,停蘭棹共裴回,1
24419,蘭棹共裴回村,1
24420,棹共裴回村連,1
24421,共裴回村連三,1
24422,裴回村連三峽,1
24423,回村連三峽暮,1
24424,村連三峽暮雲,1
24425,連三峽暮雲起,1
24426,三峽暮雲起潮,1
24427,峽暮雲起潮送,1
24428,暮雲起潮送九,1
24429,雲起潮送九江,1
24430,起潮送九江寒,1
24431,潮送九江寒雨,1
24432,送九江寒雨來,1
24433,九江寒雨來已,1
24434,江寒雨來已作,1
24435,寒雨來已作相,1
24436,雨來已作相如,1
24437,來已作相如投,1
24438,已作相如投賦,1
24439,作相如投賦計,1
24440,相如投賦計還,1
24441,如投賦計還憑,1
24442,投賦計還憑殷,1
24443,賦計還憑殷浩,1
24444,計還憑殷浩寄,1
24445,還憑殷浩寄書,1
24446,憑殷浩寄書回,1
24447,殷浩寄書回到,1
24448,浩寄書回到時,1
24449,寄書回到時若,1
24450,書回到時若見,1
24451,回到時若見東,1
24452,到時若見東籬,1
24453,時若見東籬菊,1
24454,若見東籬菊為,1
24455,見東籬菊為問,1
24456,東籬菊為問經,1
24457,籬菊為問經霜,1
24458,菊為問經霜幾,1
24459,為問經霜幾度,1
24460,問經霜幾度開,1
24461,經霜幾度開淒,1
24462,霜幾度開淒涼,1
24463,幾度開淒涼遺,1
24464,度開淒涼遺跡,1
24465,開淒涼遺跡洛,1
24466,淒涼遺跡洛川,1
24467,涼遺跡洛川東,1
24468,遺跡洛川東浮,1
24469,跡洛川東浮世,1
24470,洛川東浮世榮,1
24471,川東浮世榮枯,1
24472,東浮世榮枯萬,1
24473,浮世榮枯萬古,1
24474,世榮枯萬古同,1
24475,榮枯萬古同桃,1
24476,枯萬古同桃李,1
24477,萬古同桃李香,1
24478,古同桃李香消,1
24479,同桃李香消金,1
24480,桃李香消金穀,1
24481,李香消金穀在,1
24482,香消金穀在綺,1
24483,消金穀在綺羅,1
24484,金穀在綺羅魂,1
24485,穀在綺羅魂斷,1
24486,在綺羅魂斷玉,1
24487,綺羅魂斷玉樓,1
24488,羅魂斷玉樓空,1
24489,魂斷玉樓空往,1
24490,斷玉樓空往年,1
24491,玉樓空往年人,1
24492,樓空往年人事,1
24493,空往年人事傷,1
24494,往年人事傷心,1
24495,年人事傷心外,1
24496,人事傷心外今,1
24497,事傷心外今日,1
24498,傷心外今日風,1
24499,心外今日風光,1
24500,外今日風光屬,1
24501,今日風光屬夢,1
24502,日風光屬夢中,1
24503,風光屬夢中徒,1
24504,光屬夢中徒想,1
24505,屬夢中徒想夜,1
24506,夢中徒想夜泉,1
24507,中徒想夜泉流,1
24508,徒想夜泉流客,1
24509,想夜泉流客恨,1
24510,夜泉流客恨夜,1
24511,泉流客恨夜泉,1
24512,流客恨夜泉流,1
24513,客恨夜泉流恨,1
24514,恨夜泉流恨恨,1
24515,夜泉流恨恨無,1
24516,泉流恨恨無窮,1
24517,流恨恨無窮一,1
24518,恨恨無窮一從,1
24519,恨無窮一從分,1
24520,無窮一從分首,1
24521,窮一從分首劍,1
24522,一從分首劍江,1
24523,從分首劍江濱,1
24524,分首劍江濱南,1
24525,首劍江濱南國,1
24526,劍江濱南國相,1
24527,江濱南國相思,1
24528,濱南國相思寄,1
24529,南國相思寄夢,1
24530,國相思寄夢頻,1
24531,相思寄夢頻書,1
24532,思寄夢頻書去,1
24533,寄夢頻書去又,1
24534,夢頻書去又逢,1
24535,頻書去又逢商,1
24536,書去又逢商嶺,1
24537,去又逢商嶺雪,1
24538,又逢商嶺雪信,1
24539,逢商嶺雪信回,1
24540,商嶺雪信回應,1
24541,嶺雪信回應過,1
24542,雪信回應過洞,1
24543,信回應過洞庭,1
24544,回應過洞庭春,1
24545,應過洞庭春關,1
24546,過洞庭春關河,1
24547,洞庭春關河日,1
24548,庭春關河日日,1
24549,春關河日日悲,1
24550,關河日日悲長,1
24551,河日日悲長路,1
24552,日日悲長路霄,1
24553,日悲長路霄漢,1
24554,悲長路霄漢年,1
24555,長路霄漢年年,1
24556,路霄漢年年望,1
24557,霄漢年年望後,1
24558,漢年年望後塵,1
24559,年年望後塵願,1
24560,年望後塵願指,1
24561,望後塵願指丹,1
24562,後塵願指丹梯,1
24563,塵願指丹梯曾,1
24564,願指丹梯曾到,1
24565,指丹梯曾到處,1
24566,丹梯曾到處莫,1
24567,梯曾到處莫教,1
24568,曾到處莫教猶,1
24569,到處莫教猶作,1
24570,處莫教猶作獨,1
24571,莫教猶作獨迷,1
24572,教猶作獨迷人,1
24573,猶作獨迷人玉,1
24574,作獨迷人玉管,1
24575,獨迷人玉管金,1
24576,迷人玉管金樽,1
24577,人玉管金樽夜,1
24578,玉管金樽夜不,1
24579,管金樽夜不休,1
24580,金樽夜不休如,1
24581,樽夜不休如悲,1
24582,夜不休如悲晝,1
24583,不休如悲晝短,1
24584,休如悲晝短惜,1
24585,如悲晝短惜年,1
24586,悲晝短惜年流,1
24587,晝短惜年流歌,1
24588,短惜年流歌聲,1
24589,惜年流歌聲嫋,1
24590,年流歌聲嫋嫋,1
24591,流歌聲嫋嫋徹,1
24592,歌聲嫋嫋徹清,1
24593,聲嫋嫋徹清夜,1
24594,嫋嫋徹清夜月,1
24595,嫋徹清夜月色,1
24596,徹清夜月色娟,1
24597,清夜月色娟娟,1
24598,夜月色娟娟當,1
24599,月色娟娟當翠,1
24600,色娟娟當翠樓,1
24601,娟娟當翠樓枕,1
24602,娟當翠樓枕上,1
24603,當翠樓枕上暗,1
24604,翠樓枕上暗驚,1
24605,樓枕上暗驚垂,1
24606,枕上暗驚垂釣,1
24607,上暗驚垂釣夢,1
24608,暗驚垂釣夢燈,1
24609,驚垂釣夢燈前,1
24610,垂釣夢燈前偏,1
24611,釣夢燈前偏起,1
24612,夢燈前偏起別,1
24613,燈前偏起別家,1
24614,前偏起別家愁,1
24615,偏起別家愁思,1
24616,起別家愁思量,1
24617,別家愁思量今,1
24618,家愁思量今日,1
24619,愁思量今日英,1
24620,思量今日英雄,1
24621,量今日英雄事,1
24622,今日英雄事身,1
24623,日英雄事身到,1
24624,英雄事身到簪,1
24625,雄事身到簪裾,1
24626,事身到簪裾已,1
24627,身到簪裾已白,1
24628,到簪裾已白頭,1
24629,簪裾已白頭離,1
24630,裾已白頭離魂,1
24631,已白頭離魂斷,1
24632,白頭離魂斷續,1
24633,頭離魂斷續楚,1
24634,離魂斷續楚江,1
24635,魂斷續楚江壖,1
24636,斷續楚江壖葉,1
24637,續楚江壖葉墜,1
24638,楚江壖葉墜初,1
24639,江壖葉墜初紅,1
24640,壖葉墜初紅十,1
24641,葉墜初紅十月,1
24642,墜初紅十月天,1
24643,初紅十月天紫,1
24644,紅十月天紫陌,1
24645,十月天紫陌事,1
24646,月天紫陌事多,1
24647,天紫陌事多難,1
24648,紫陌事多難暫,1
24649,陌事多難暫息,1
24650,事多難暫息青,1
24651,多難暫息青山,1
24652,難暫息青山長,1
24653,暫息青山長在,1
24654,息青山長在好,1
24655,青山長在好閑,1
24656,山長在好閑眠,1
24657,長在好閑眠方,1
24658,在好閑眠方趨,1
24659,好閑眠方趨上,1
24660,閑眠方趨上國,1
24661,眠方趨上國期,1
24662,方趨上國期幹,1
24663,趨上國期幹祿,1
24664,上國期幹祿未,1
24665,國期幹祿未得,1
24666,期幹祿未得空,1
24667,幹祿未得空堂,1
24668,祿未得空堂學,1
24669,未得空堂學坐,1
24670,得空堂學坐禪,1
24671,空堂學坐禪他,1
24672,堂學坐禪他歲,1
24673,學坐禪他歲若,1
24674,坐禪他歲若教,1
24675,禪他歲若教如,1
24676,他歲若教如範,1
24677,歲若教如範蠡,1
24678,若教如範蠡也,1
24679,教如範蠡也應,1
24680,如範蠡也應須,1
24681,範蠡也應須入,1
24682,蠡也應須入五,1
24683,也應須入五湖,1
24684,應須入五湖煙,1
24685,須入五湖煙西,1
24686,入五湖煙西岩,1
24687,五湖煙西岩曾,1
24688,湖煙西岩曾到,1
24689,煙西岩曾到讀,1
24690,西岩曾到讀書,1
24691,岩曾到讀書堂,1
24692,曾到讀書堂穿,1
24693,到讀書堂穿竹,1
24694,讀書堂穿竹行,1
24695,書堂穿竹行莎,1
24696,堂穿竹行莎十,1
24697,穿竹行莎十裏,1
24698,竹行莎十裏強,1
24699,行莎十裏強湖,1
24700,莎十裏強湖上,1
24701,十裏強湖上夢,1
24702,裏強湖上夢餘,1
24703,強湖上夢餘波,1
24704,湖上夢餘波灩,1
24705,上夢餘波灩灩,1
24706,夢餘波灩灩嶺,1
24707,餘波灩灩嶺頭,1
24708,波灩灩嶺頭愁,1
24709,灩灩嶺頭愁斷,1
24710,灩嶺頭愁斷路,1
24711,嶺頭愁斷路茫,1
24712,頭愁斷路茫茫,1
24713,愁斷路茫茫經,1
24714,斷路茫茫經過,1
24715,路茫茫經過事,1
24716,茫茫經過事寄,1
24717,茫經過事寄煙,1
24718,經過事寄煙霞,1
24719,過事寄煙霞遠,1
24720,事寄煙霞遠名,1
24721,寄煙霞遠名利,1
24722,煙霞遠名利塵,1
24723,霞遠名利塵隨,1
24724,遠名利塵隨日,1
24725,名利塵隨日月,1
24726,利塵隨日月長,1
24727,塵隨日月長莫,1
24728,隨日月長莫道,1
24729,日月長莫道少,1
24730,月長莫道少年,1
24731,長莫道少年頭,1
24732,莫道少年頭不,1
24733,道少年頭不白,1
24734,少年頭不白君,1
24735,年頭不白君看,1
24736,頭不白君看潘,1
24737,不白君看潘嶽,1
24738,白君看潘嶽幾,1
24739,君看潘嶽幾莖,1
24740,看潘嶽幾莖霜,1
24741,潘嶽幾莖霜簾,1
24742,嶽幾莖霜簾卷,1
24743,幾莖霜簾卷平,1
24744,莖霜簾卷平蕪,1
24745,霜簾卷平蕪接,1
24746,簾卷平蕪接遠,1
24747,卷平蕪接遠天,1
24748,平蕪接遠天暫,1
24749,蕪接遠天暫寬,1
24750,接遠天暫寬行,1
24751,遠天暫寬行役,1
24752,天暫寬行役到,1
24753,暫寬行役到樽,1
24754,寬行役到樽前,1
24755,行役到樽前是,1
24756,役到樽前是非,1
24757,到樽前是非境,1
24758,樽前是非境裏,1
24759,前是非境裏有,1
24760,是非境裏有閑,1
24761,非境裏有閑日,1
24762,境裏有閑日榮,1
24763,裏有閑日榮辱,1
24764,有閑日榮辱塵,1
24765,閑日榮辱塵中,1
24766,日榮辱塵中無,1
24767,榮辱塵中無了,1
24768,辱塵中無了年,1
24769,塵中無了年山,1
24770,中無了年山簇,1
24771,無了年山簇暮,1
24772,了年山簇暮雲,1
24773,年山簇暮雲千,1
24774,山簇暮雲千野,1
24775,簇暮雲千野雨,1
24776,暮雲千野雨江,1
24777,雲千野雨江分,1
24778,千野雨江分秋,1
24779,野雨江分秋水,1
24780,雨江分秋水九,1
24781,江分秋水九條,1
24782,分秋水九條煙,1
24783,秋水九條煙馬,1
24784,水九條煙馬蹄,1
24785,九條煙馬蹄不,1
24786,條煙馬蹄不道,1
24787,煙馬蹄不道貪,1
24788,馬蹄不道貪西,1
24789,蹄不道貪西去,1
24790,不道貪西去爭,1
24791,道貪西去爭向,1
24792,貪西去爭向一,1
24793,西去爭向一聲,1
24794,去爭向一聲高,1
24795,爭向一聲高樹,1
24796,向一聲高樹蟬,1
24797,一聲高樹蟬溪,1
24798,聲高樹蟬溪邊,1
24799,高樹蟬溪邊楊,1
24800,樹蟬溪邊楊柳,1
24801,蟬溪邊楊柳色,1
24802,溪邊楊柳色參,1
24803,邊楊柳色參差,1
24804,楊柳色參差攀,1
24805,柳色參差攀折,1
24806,色參差攀折年,1
24807,參差攀折年年,1
24808,差攀折年年贈,1
24809,攀折年年贈別,1
24810,折年年贈別離,1
24811,年年贈別離一,1
24812,年贈別離一片,1
24813,贈別離一片風,1
24814,別離一片風帆,1
24815,離一片風帆望,1
24816,一片風帆望已,1
24817,片風帆望已極,1
24818,風帆望已極三,1
24819,帆望已極三湘,1
24820,望已極三湘煙,1
24821,已極三湘煙水,1
24822,極三湘煙水返,1
24823,三湘煙水返何,1
24824,湘煙水返何時,1
24825,煙水返何時多,1
24826,水返何時多緣,1
24827,返何時多緣去,1
24828,何時多緣去棹,1
24829,時多緣去棹將,1
24830,多緣去棹將愁,1
24831,緣去棹將愁遠,1
24832,去棹將愁遠猶,1
24833,棹將愁遠猶倚,1
24834,將愁遠猶倚危,1
24835,愁遠猶倚危亭,1
24836,遠猶倚危亭欲,1
24837,猶倚危亭欲下,1
24838,倚危亭欲下遲,1
24839,危亭欲下遲莫,1
24840,亭欲下遲莫殢,1
24841,欲下遲莫殢酒,1
24842,下遲莫殢酒杯,1
24843,遲莫殢酒杯閑,1
24844,莫殢酒杯閑過,1
24845,殢酒杯閑過日,1
24846,酒杯閑過日碧,1
24847,杯閑過日碧雲,1
24848,閑過日碧雲深,1
24849,過日碧雲深處,1
24850,日碧雲深處是,1
24851,碧雲深處是佳,1
24852,雲深處是佳期,1
24853,深處是佳期兩,1
24854,處是佳期兩葉,1
24855,是佳期兩葉愁,1
24856,佳期兩葉愁眉,1
24857,期兩葉愁眉愁,1
24858,兩葉愁眉愁不,1
24859,葉愁眉愁不開,1
24860,愁眉愁不開獨,1
24861,眉愁不開獨含,1
24862,愁不開獨含惆,1
24863,不開獨含惆悵,1
24864,開獨含惆悵上,1
24865,獨含惆悵上層,1
24866,含惆悵上層台,1
24867,惆悵上層台碧,1
24868,悵上層台碧雲,1
24869,上層台碧雲空,1
24870,層台碧雲空斷,1
24871,台碧雲空斷雁,1
24872,碧雲空斷雁行,1
24873,雲空斷雁行處,1
24874,空斷雁行處紅,1
24875,斷雁行處紅葉,1
24876,雁行處紅葉已,1
24877,行處紅葉已凋,1
24878,處紅葉已凋人,1
24879,紅葉已凋人未,1
24880,葉已凋人未來,1
24881,已凋人未來塞,1
24882,凋人未來塞外,1
24883,人未來塞外音,1
24884,未來塞外音書,1
24885,來塞外音書無,1
24886,塞外音書無信,1
24887,外音書無信息,1
24888,音書無信息道,1
24889,書無信息道傍,1
24890,無信息道傍車,1
24891,信息道傍車馬,1
24892,息道傍車馬起,1
24893,道傍車馬起塵,1
24894,傍車馬起塵埃,1
24895,車馬起塵埃功,1
24896,馬起塵埃功名,1
24897,起塵埃功名待,1
24898,塵埃功名待寄,1
24899,埃功名待寄淩,1
24900,功名待寄淩煙,1
24901,名待寄淩煙閣,1
24902,待寄淩煙閣力,1
24903,寄淩煙閣力盡,1
24904,淩煙閣力盡遼,1
24905,煙閣力盡遼城,1
24906,閣力盡遼城不,1
24907,力盡遼城不肯,1
24908,盡遼城不肯回,1
24909,遼城不肯回無,1
24910,城不肯回無力,1
24911,不肯回無力搖,1
24912,肯回無力搖風,1
24913,回無力搖風曉,1
24914,無力搖風曉色,1
24915,力搖風曉色新,1
24916,搖風曉色新細,1
24917,風曉色新細腰,1
24918,曉色新細腰爭,1
24919,色新細腰爭妒,1
24920,新細腰爭妒看,1
24921,細腰爭妒看來,1
24922,腰爭妒看來頻,1
24923,爭妒看來頻綠,1
24924,妒看來頻綠陰,1
24925,看來頻綠陰未,1
24926,來頻綠陰未覆,1
24927,頻綠陰未覆長,1
24928,綠陰未覆長堤,1
24929,陰未覆長堤水,1
24930,未覆長堤水金,1
24931,覆長堤水金穗,1
24932,長堤水金穗先,1
24933,堤水金穗先迎,1
24934,水金穗先迎上,1
24935,金穗先迎上苑,1
24936,穗先迎上苑春,1
24937,先迎上苑春幾,1
24938,迎上苑春幾處,1
24939,上苑春幾處傷,1
24940,苑春幾處傷心,1
24941,春幾處傷心懷,1
24942,幾處傷心懷遠,1
24943,處傷心懷遠路,1
24944,傷心懷遠路一,1
24945,心懷遠路一枝,1
24946,懷遠路一枝和,1
24947,遠路一枝和雨,1
24948,路一枝和雨送,1
24949,一枝和雨送行,1
24950,枝和雨送行塵,1
24951,和雨送行塵東,1
24952,雨送行塵東門,1
24953,送行塵東門門,1
24954,行塵東門門外,1
24955,塵東門門外多,1
24956,東門門外多離,1
24957,門門外多離別,1
24958,門外多離別愁,1
24959,外多離別愁殺,1
24960,多離別愁殺朝,1
24961,離別愁殺朝朝,1
24962,別愁殺朝朝暮,1
24963,愁殺朝朝暮暮,1
24964,殺朝朝暮暮人,1
24965,朝朝暮暮人促,1
24966,朝暮暮人促促,1
24967,暮暮人促促因,1
24968,暮人促促因吟,1
24969,人促促因吟晝,1
24970,促促因吟晝短,1
24971,促因吟晝短詩,1
24972,因吟晝短詩朝,1
24973,吟晝短詩朝驚,1
24974,晝短詩朝驚穠,1
24975,短詩朝驚穠色,1
24976,詩朝驚穠色暮,1
24977,朝驚穠色暮空,1
24978,驚穠色暮空枝,1
24979,穠色暮空枝無,1
24980,色暮空枝無情,1
24981,暮空枝無情春,1
24982,空枝無情春色,1
24983,枝無情春色不,1
24984,無情春色不長,1
24985,情春色不長久,1
24986,春色不長久有,1
24987,色不長久有限,1
24988,不長久有限年,1
24989,長久有限年光,1
24990,久有限年光多,1
24991,有限年光多盛,1
24992,限年光多盛衰,1
24993,年光多盛衰往,1
24994,光多盛衰往事,1
24995,多盛衰往事只,1
24996,盛衰往事只應,1
24997,衰往事只應隨,1
24998,往事只應隨夢,1
24999,事只應隨夢裏,1
25000,只應隨夢裏勞,1
25001,應隨夢裏勞生,1
25002,隨夢裏勞生何,1
25003,夢裏勞生何處,1
25004,裏勞生何處是,1
25005,勞生何處是閒,1
25006,生何處是閒時,1
25007,何處是閒時眼,1
25008,處是閒時眼前,1
25009,是閒時眼前擾,1
25010,閒時眼前擾擾,1
25011,時眼前擾擾日,1
25012,眼前擾擾日一,1
25013,前擾擾日一日,1
25014,擾擾日一日暗,1
25015,擾日一日暗送,1
25016,日一日暗送白,1
25017,一日暗送白頭,1
25018,日暗送白頭人,1
25019,暗送白頭人不,1
25020,送白頭人不知,1
25021,白頭人不知萬,1
25022,頭人不知萬里,1
25023,人不知萬里銜,1
25024,不知萬里銜蘆,1
25025,知萬里銜蘆別,1
25026,萬里銜蘆別故,1
25027,里銜蘆別故鄉,1
25028,銜蘆別故鄉雲,1
25029,蘆別故鄉雲飛,1
25030,別故鄉雲飛雨,1
25031,故鄉雲飛雨宿,1
25032,鄉雲飛雨宿向,1
25033,雲飛雨宿向瀟,1
25034,飛雨宿向瀟湘,1
25035,雨宿向瀟湘數,1
25036,宿向瀟湘數聲,1
25037,向瀟湘數聲孤,1
25038,瀟湘數聲孤枕,1
25039,湘數聲孤枕堪,1
25040,數聲孤枕堪垂,1
25041,聲孤枕堪垂淚,1
25042,孤枕堪垂淚幾,1
25043,枕堪垂淚幾處,1
25044,堪垂淚幾處高,1
25045,垂淚幾處高樓,1
25046,淚幾處高樓欲,1
25047,幾處高樓欲斷,1
25048,處高樓欲斷腸,1
25049,高樓欲斷腸度,1
25050,樓欲斷腸度日,1
25051,欲斷腸度日翩,1
25052,斷腸度日翩翩,1
25053,腸度日翩翩斜,1
25054,度日翩翩斜避,1
25055,日翩翩斜避影,1
25056,翩翩斜避影臨,1
25057,翩斜避影臨風,1
25058,斜避影臨風一,1
25059,避影臨風一一,1
25060,影臨風一一直,1
25061,臨風一一直成,1
25062,風一一直成行,1
25063,一一直成行年,1
25064,一直成行年年,1
25065,直成行年年辛,1
25066,成行年年辛苦,1
25067,行年年辛苦來,1
25068,年年辛苦來衡,1
25069,年辛苦來衡嶽,1
25070,辛苦來衡嶽羽,1
25071,苦來衡嶽羽翼,1
25072,來衡嶽羽翼摧,1
25073,衡嶽羽翼摧殘,1
25074,嶽羽翼摧殘隴,1
25075,羽翼摧殘隴塞,1
25076,翼摧殘隴塞霜,1
25077,摧殘隴塞霜花,1
25078,殘隴塞霜花開,1
25079,隴塞霜花開又,1
25080,塞霜花開又花,1
25081,霜花開又花落,1
25082,花開又花落時,1
25083,開又花落時節,1
25084,又花落時節暗,1
25085,花落時節暗中,1
25086,落時節暗中遷,1
25087,時節暗中遷無,1
25088,節暗中遷無計,1
25089,暗中遷無計延,1
25090,中遷無計延春,1
25091,遷無計延春日,1
25092,無計延春日何,1
25093,計延春日何能,1
25094,延春日何能駐,1
25095,春日何能駐少,1
25096,日何能駐少年,1
25097,何能駐少年小,1
25098,能駐少年小叢,1
25099,駐少年小叢初,1
25100,少年小叢初散,1
25101,年小叢初散蝶,1
25102,小叢初散蝶高,1
25103,叢初散蝶高柳,1
25104,初散蝶高柳即,1
25105,散蝶高柳即聞,1
25106,蝶高柳即聞蟬,1
25107,高柳即聞蟬繁,1
25108,柳即聞蟬繁豔,1
25109,即聞蟬繁豔歸,1
25110,聞蟬繁豔歸何,1
25111,蟬繁豔歸何處,1
25112,繁豔歸何處滿,1
25113,豔歸何處滿山,1
25114,歸何處滿山啼,1
25115,何處滿山啼杜,1
25116,處滿山啼杜鵑,1
25117,滿山啼杜鵑兩,1
25118,山啼杜鵑兩兩,1
25119,啼杜鵑兩兩戲,1
25120,杜鵑兩兩戲沙,1
25121,鵑兩兩戲沙汀,1
25122,兩兩戲沙汀長,1
25123,兩戲沙汀長疑,1
25124,戲沙汀長疑畫,1
25125,沙汀長疑畫不,1
25126,汀長疑畫不成,1
25127,長疑畫不成錦,1
25128,疑畫不成錦機,1
25129,畫不成錦機爭,1
25130,不成錦機爭織,1
25131,成錦機爭織樣,1
25132,錦機爭織樣歌,1
25133,機爭織樣歌曲,1
25134,爭織樣歌曲愛,1
25135,織樣歌曲愛呼,1
25136,樣歌曲愛呼名,1
25137,歌曲愛呼名好,1
25138,曲愛呼名好育,1
25139,愛呼名好育顧,1
25140,呼名好育顧棲,1
25141,名好育顧棲息,1
25142,好育顧棲息堪,1
25143,育顧棲息堪憐,1
25144,顧棲息堪憐泛,1
25145,棲息堪憐泛淺,1
25146,息堪憐泛淺清,1
25147,堪憐泛淺清鳧,1
25148,憐泛淺清鳧鷗,1
25149,泛淺清鳧鷗皆,1
25150,淺清鳧鷗皆爾,1
25151,清鳧鷗皆爾類,1
25152,鳧鷗皆爾類惟,1
25153,鷗皆爾類惟羨,1
25154,皆爾類惟羨獨,1
25155,爾類惟羨獨含,1
25156,類惟羨獨含情,1
25157,惟羨獨含情帶,1
25158,羨獨含情帶霜,1
25159,獨含情帶霜南,1
25160,含情帶霜南去,1
25161,情帶霜南去雁,1
25162,帶霜南去雁夜,1
25163,霜南去雁夜好,1
25164,南去雁夜好宿,1
25165,去雁夜好宿汀,1
25166,雁夜好宿汀沙,1
25167,夜好宿汀沙驚,1
25168,好宿汀沙驚起,1
25169,宿汀沙驚起向,1
25170,汀沙驚起向何,1
25171,沙驚起向何處,1
25172,驚起向何處高,1
25173,起向何處高飛,1
25174,向何處高飛極,1
25175,何處高飛極海,1
25176,處高飛極海涯,1
25177,高飛極海涯入,1
25178,飛極海涯入雲,1
25179,極海涯入雲聲,1
25180,海涯入雲聲漸,1
25181,涯入雲聲漸遠,1
25182,入雲聲漸遠離,1
25183,雲聲漸遠離岳,1
25184,聲漸遠離岳路,1
25185,漸遠離岳路由,1
25186,遠離岳路由賒,1
25187,離岳路由賒歸,1
25188,岳路由賒歸夢,1
25189,路由賒歸夢當,1
25190,由賒歸夢當時,1
25191,賒歸夢當時斷,1
25192,歸夢當時斷參,1
25193,夢當時斷參差,1
25194,當時斷參差欲,1
25195,時斷參差欲到,1
25196,斷參差欲到家,1
25197,參差欲到家湖,1
25198,差欲到家湖山,1
25199,欲到家湖山翠,1
25200,到家湖山翠欲,1
25201,家湖山翠欲結,1
25202,湖山翠欲結蒙,1
25203,山翠欲結蒙籠,1
25204,翠欲結蒙籠汗,1
25205,欲結蒙籠汗漫,1
25206,結蒙籠汗漫誰,1
25207,蒙籠汗漫誰遊,1
25208,籠汗漫誰遊夕,1
25209,汗漫誰遊夕照,1
25210,漫誰遊夕照中,1
25211,誰遊夕照中初,1
25212,遊夕照中初語,1
25213,夕照中初語燕,1
25214,照中初語燕雛,1
25215,中初語燕雛知,1
25216,初語燕雛知社,1
25217,語燕雛知社日,1
25218,燕雛知社日習,1
25219,雛知社日習飛,1
25220,知社日習飛鷹,1
25221,社日習飛鷹隼,1
25222,日習飛鷹隼識,1
25223,習飛鷹隼識秋,1
25224,飛鷹隼識秋風,1
25225,鷹隼識秋風波,1
25226,隼識秋風波搖,1
25227,識秋風波搖珠,1
25228,秋風波搖珠樹,1
25229,風波搖珠樹千,1
25230,波搖珠樹千尋,1
25231,搖珠樹千尋拔,1
25232,珠樹千尋拔山,1
25233,樹千尋拔山鑿,1
25234,千尋拔山鑿金,1
25235,尋拔山鑿金陵,1
25236,拔山鑿金陵萬,1
25237,山鑿金陵萬仞,1
25238,鑿金陵萬仞空,1
25239,金陵萬仞空不,1
25240,陵萬仞空不欲,1
25241,萬仞空不欲登,1
25242,仞空不欲登樓,1
25243,空不欲登樓更,1
25244,不欲登樓更懷,1
25245,欲登樓更懷古,1
25246,登樓更懷古斜,1
25247,樓更懷古斜陽,1
25248,更懷古斜陽江,1
25249,懷古斜陽江上,1
25250,古斜陽江上正,1
25251,斜陽江上正飛,1
25252,陽江上正飛鴻,1
25253,江上正飛鴻漢,1
25254,上正飛鴻漢水,1
25255,正飛鴻漢水橫,1
25256,飛鴻漢水橫沖,1
25257,鴻漢水橫沖蜀,1
25258,漢水橫沖蜀浪,1
25259,水橫沖蜀浪分,1
25260,橫沖蜀浪分危,1
25261,沖蜀浪分危樓,1
25262,蜀浪分危樓點,1
25263,浪分危樓點的,1
25264,分危樓點的拂,1
25265,危樓點的拂孤,1
25266,樓點的拂孤雲,1
25267,點的拂孤雲六,1
25268,的拂孤雲六年,1
25269,拂孤雲六年仁,1
25270,孤雲六年仁政,1
25271,雲六年仁政謳,1
25272,六年仁政謳歌,1
25273,年仁政謳歌去,1
25274,仁政謳歌去柳,1
25275,政謳歌去柳繞,1
25276,謳歌去柳繞春,1
25277,歌去柳繞春堤,1
25278,去柳繞春堤處,1
25279,柳繞春堤處處,1
25280,繞春堤處處聞,1
25281,春堤處處聞我,1
25282,堤處處聞我乏,1
25283,處處聞我乏青,1
25284,處聞我乏青雲,1
25285,聞我乏青雲稱,1
25286,我乏青雲稱君,1
25287,乏青雲稱君無,1
25288,青雲稱君無買,1
25289,雲稱君無買笑,1
25290,稱君無買笑金,1
25291,君無買笑金虛,1
25292,無買笑金虛傳,1
25293,買笑金虛傳南,1
25294,笑金虛傳南國,1
25295,金虛傳南國貌,1
25296,虛傳南國貌爭,1
25297,傳南國貌爭奈,1
25298,南國貌爭奈五,1
25299,國貌爭奈五陵,1
25300,貌爭奈五陵心,1
25301,爭奈五陵心桂,1
25302,奈五陵心桂席,1
25303,五陵心桂席塵,1
25304,陵心桂席塵瑤,1
25305,心桂席塵瑤佩,1
25306,桂席塵瑤佩瓊,1
25307,席塵瑤佩瓊爐,1
25308,塵瑤佩瓊爐燼,1
25309,瑤佩瓊爐燼水,1
25310,佩瓊爐燼水沉,1
25311,瓊爐燼水沉凝,1
25312,爐燼水沉凝魂,1
25313,燼水沉凝魂空,1
25314,水沉凝魂空薦,1
25315,沉凝魂空薦夢,1
25316,凝魂空薦夢低,1
25317,魂空薦夢低耳,1
25318,空薦夢低耳悔,1
25319,薦夢低耳悔聽,1
25320,夢低耳悔聽琴,1
25321,低耳悔聽琴月,1
25322,耳悔聽琴月落,1
25323,悔聽琴月落珠,1
25324,聽琴月落珠簾,1
25325,琴月落珠簾卷,1
25326,月落珠簾卷春,1
25327,落珠簾卷春寒,1
25328,珠簾卷春寒錦,1
25329,簾卷春寒錦幕,1
25330,卷春寒錦幕深,1
25331,春寒錦幕深誰,1
25332,寒錦幕深誰家,1
25333,錦幕深誰家樓,1
25334,幕深誰家樓上,1
25335,深誰家樓上笛,1
25336,誰家樓上笛何,1
25337,家樓上笛何處,1
25338,樓上笛何處月,1
25339,上笛何處月明,1
25340,笛何處月明砧,1
25341,何處月明砧蘭,1
25342,處月明砧蘭徑,1
25343,月明砧蘭徑飛,1
25344,明砧蘭徑飛蝴,1
25345,砧蘭徑飛蝴蝶,1
25346,蘭徑飛蝴蝶筠,1
25347,徑飛蝴蝶筠籠,1
25348,飛蝴蝶筠籠語,1
25349,蝴蝶筠籠語翠,1
25350,蝶筠籠語翠襟,1
25351,筠籠語翠襟和,1
25352,籠語翠襟和簪,1
25353,語翠襟和簪拋,1
25354,翠襟和簪拋鳳,1
25355,襟和簪拋鳳髻,1
25356,和簪拋鳳髻將,1
25357,簪拋鳳髻將淚,1
25358,拋鳳髻將淚入,1
25359,鳳髻將淚入鴛,1
25360,髻將淚入鴛衾,1
25361,將淚入鴛衾的,1
25362,淚入鴛衾的的,1
25363,入鴛衾的的新,1
25364,鴛衾的的新添,1
25365,衾的的新添恨,1
25366,的的新添恨迢,1
25367,的新添恨迢迢,1
25368,新添恨迢迢絕,1
25369,添恨迢迢絕好,1
25370,恨迢迢絕好音,1
25371,迢迢絕好音文,1
25372,迢絕好音文園,1
25373,絕好音文園終,1
25374,好音文園終病,1
25375,音文園終病渴,1
25376,文園終病渴休,1
25377,園終病渴休詠,1
25378,終病渴休詠白,1
25379,病渴休詠白頭,1
25380,渴休詠白頭吟,1
25381,休詠白頭吟綠,1
25382,詠白頭吟綠樹,1
25383,白頭吟綠樹鶯,1
25384,頭吟綠樹鶯鶯,1
25385,吟綠樹鶯鶯語,1
25386,綠樹鶯鶯語平,1
25387,樹鶯鶯語平江,1
25388,鶯鶯語平江燕,1
25389,鶯語平江燕燕,1
25390,語平江燕燕飛,1
25391,平江燕燕飛枕,1
25392,江燕燕飛枕前,1
25393,燕燕飛枕前聞,1
25394,燕飛枕前聞雁,1
25395,飛枕前聞雁去,1
25396,枕前聞雁去樓,1
25397,前聞雁去樓上,1
25398,聞雁去樓上送,1
25399,雁去樓上送春,1
25400,去樓上送春歸,1
25401,樓上送春歸半,1
25402,上送春歸半月,1
25403,送春歸半月縆,1
25404,春歸半月縆雙,1
25405,歸半月縆雙臉,1
25406,半月縆雙臉凝,1
25407,月縆雙臉凝腰,1
25408,縆雙臉凝腰素,1
25409,雙臉凝腰素一,1
25410,臉凝腰素一圍,1
25411,凝腰素一圍西,1
25412,腰素一圍西牆,1
25413,素一圍西牆苔,1
25414,一圍西牆苔漠,1
25415,圍西牆苔漠漠,1
25416,西牆苔漠漠南,1
25417,牆苔漠漠南浦,1
25418,苔漠漠南浦夢,1
25419,漠漠南浦夢依,1
25420,漠南浦夢依依,1
25421,南浦夢依依有,1
25422,浦夢依依有恨,1
25423,夢依依有恨簪,1
25424,依依有恨簪花,1
25425,依有恨簪花懶,1
25426,有恨簪花懶無,1
25427,恨簪花懶無聊,1
25428,簪花懶無聊鬥,1
25429,花懶無聊鬥草,1
25430,懶無聊鬥草稀,1
25431,無聊鬥草稀雕,1
25432,聊鬥草稀雕籠,1
25433,鬥草稀雕籠長,1
25434,草稀雕籠長慘,1
25435,稀雕籠長慘澹,1
25436,雕籠長慘澹蘭,1
25437,籠長慘澹蘭畹,1
25438,長慘澹蘭畹謾,1
25439,慘澹蘭畹謾芳,1
25440,澹蘭畹謾芳菲,1
25441,蘭畹謾芳菲鏡,1
25442,畹謾芳菲鏡斂,1
25443,謾芳菲鏡斂青,1
25444,芳菲鏡斂青蛾,1
25445,菲鏡斂青蛾黛,1
25446,鏡斂青蛾黛燈,1
25447,斂青蛾黛燈挑,1
25448,青蛾黛燈挑皓,1
25449,蛾黛燈挑皓腕,1
25450,黛燈挑皓腕肌,1
25451,燈挑皓腕肌避,1
25452,挑皓腕肌避人,1
25453,皓腕肌避人勻,1
25454,腕肌避人勻迸,1
25455,肌避人勻迸淚,1
25456,避人勻迸淚拖,1
25457,人勻迸淚拖袖,1
25458,勻迸淚拖袖倚,1
25459,迸淚拖袖倚殘,1
25460,淚拖袖倚殘暉,1
25461,拖袖倚殘暉有,1
25462,袖倚殘暉有貌,1
25463,倚殘暉有貌雖,1
25464,殘暉有貌雖桃,1
25465,暉有貌雖桃李,1
25466,有貌雖桃李單,1
25467,貌雖桃李單棲,1
25468,雖桃李單棲足,1
25469,桃李單棲足是,1
25470,李單棲足是非,1
25471,單棲足是非雲,1
25472,棲足是非雲輧,1
25473,足是非雲輧載,1
25474,是非雲輧載馭,1
25475,非雲輧載馭去,1
25476,雲輧載馭去寒,1
25477,輧載馭去寒夜,1
25478,載馭去寒夜看,1
25479,馭去寒夜看裁,1
25480,去寒夜看裁衣,1
25481,寒夜看裁衣學,1
25482,夜看裁衣學他,1
25483,看裁衣學他趨,1
25484,裁衣學他趨世,1
25485,衣學他趨世少,1
25486,學他趨世少深,1
25487,他趨世少深機,1
25488,趨世少深機紫,1
25489,世少深機紫閣,1
25490,少深機紫閣青,1
25491,深機紫閣青霄,1
25492,機紫閣青霄半,1
25493,紫閣青霄半掩,1
25494,閣青霄半掩扉,1
25495,青霄半掩扉山,1
25496,霄半掩扉山路,1
25497,半掩扉山路遠,1
25498,掩扉山路遠懷,1
25499,扉山路遠懷王,1
25500,山路遠懷王子,1
25501,路遠懷王子晉,1
25502,遠懷王子晉詩,1
25503,懷王子晉詩家,1
25504,王子晉詩家長,1
25505,子晉詩家長憶,1
25506,晉詩家長憶謝,1
25507,詩家長憶謝玄,1
25508,家長憶謝玄暉,1
25509,長憶謝玄暉百,1
25510,憶謝玄暉百年,1
25511,謝玄暉百年不,1
25512,玄暉百年不肯,1
25513,暉百年不肯疏,1
25514,百年不肯疏榮,1
25515,年不肯疏榮辱,1
25516,不肯疏榮辱雙,1
25517,肯疏榮辱雙鬢,1
25518,疏榮辱雙鬢終,1
25519,榮辱雙鬢終應,1
25520,辱雙鬢終應老,1
25521,雙鬢終應老是,1
25522,鬢終應老是非,1
25523,終應老是非人,1
25524,應老是非人道,1
25525,老是非人道青,1
25526,是非人道青山,1
25527,非人道青山歸,1
25528,人道青山歸去,1
25529,道青山歸去好,1
25530,青山歸去好青,1
25531,山歸去好青山,1
25532,歸去好青山曾,1
25533,去好青山曾有,1
25534,好青山曾有幾,1
25535,青山曾有幾人,1
25536,山曾有幾人歸,1
25537,曾有幾人歸長,1
25538,有幾人歸長懸,1
25539,幾人歸長懸青,1
25540,人歸長懸青紫,1
25541,歸長懸青紫與,1
25542,長懸青紫與芳,1
25543,懸青紫與芳枝,1
25544,青紫與芳枝塵,1
25545,紫與芳枝塵刹,1
25546,與芳枝塵刹無,1
25547,芳枝塵刹無應,1
25548,枝塵刹無應免,1
25549,塵刹無應免別,1
25550,刹無應免別離,1
25551,無應免別離馬,1
25552,應免別離馬上,1
25553,免別離馬上多,1
25554,別離馬上多於,1
25555,離馬上多於在,1
25556,馬上多於在家,1
25557,上多於在家日,1
25558,多於在家日樽,1
25559,於在家日樽前,1
25560,在家日樽前堪,1
25561,家日樽前堪憶,1
25562,日樽前堪憶少,1
25563,樽前堪憶少年,1
25564,前堪憶少年時,1
25565,堪憶少年時關,1
25566,憶少年時關河,1
25567,少年時關河客,1
25568,年時關河客夢,1
25569,時關河客夢還,1
25570,關河客夢還鄉,1
25571,河客夢還鄉遠,1
25572,客夢還鄉遠雨,1
25573,夢還鄉遠雨雪,1
25574,還鄉遠雨雪山,1
25575,鄉遠雨雪山程,1
25576,遠雨雪山程出,1
25577,雨雪山程出店,1
25578,雪山程出店遲,1
25579,山程出店遲卻,1
25580,程出店遲卻羨,1
25581,出店遲卻羨高,1
25582,店遲卻羨高人,1
25583,遲卻羨高人終,1
25584,卻羨高人終此,1
25585,羨高人終此老,1
25586,高人終此老軒,1
25587,人終此老軒車,1
25588,終此老軒車過,1
25589,此老軒車過盡,1
25590,老軒車過盡不,1
25591,軒車過盡不知,1
25592,車過盡不知誰,1
25593,過盡不知誰道,1
25594,盡不知誰道傍,1
25595,不知誰道傍高,1
25596,知誰道傍高木,1
25597,誰道傍高木盡,1
25598,道傍高木盡依,1
25599,傍高木盡依依,1
25600,高木盡依依落,1
25601,木盡依依落葉,1
25602,盡依依落葉驚,1
25603,依依落葉驚風,1
25604,依落葉驚風處,1
25605,落葉驚風處處,1
25606,葉驚風處處飛,1
25607,驚風處處飛未,1
25608,風處處飛未到,1
25609,處處飛未到鄉,1
25610,處飛未到鄉關,1
25611,飛未到鄉關聞,1
25612,未到鄉關聞早,1
25613,到鄉關聞早雁,1
25614,鄉關聞早雁獨,1
25615,關聞早雁獨于,1
25616,聞早雁獨于客,1
25617,早雁獨于客路,1
25618,雁獨于客路授,1
25619,獨于客路授寒,1
25620,于客路授寒衣,1
25621,客路授寒衣煙,1
25622,路授寒衣煙霞,1
25623,授寒衣煙霞舊,1
25624,寒衣煙霞舊想,1
25625,衣煙霞舊想長,1
25626,煙霞舊想長相,1
25627,霞舊想長相阻,1
25628,舊想長相阻書,1
25629,想長相阻書劍,1
25630,長相阻書劍投,1
25631,相阻書劍投人,1
25632,阻書劍投人久,1
25633,書劍投人久不,1
25634,劍投人久不歸,1
25635,投人久不歸何,1
25636,人久不歸何日,1
25637,久不歸何日一,1
25638,不歸何日一名,1
25639,歸何日一名隨,1
25640,何日一名隨事,1
25641,日一名隨事了,1
25642,一名隨事了與,1
25643,名隨事了與君,1
25644,隨事了與君同,1
25645,事了與君同采,1
25646,了與君同采碧,1
25647,與君同采碧溪,1
25648,君同采碧溪薇,1
25649,同采碧溪薇自,1
25650,采碧溪薇自是,1
25651,碧溪薇自是尋,1
25652,溪薇自是尋春,1
25653,薇自是尋春去,1
25654,自是尋春去校,1
25655,是尋春去校遲,1
25656,尋春去校遲不,1
25657,春去校遲不須,1
25658,去校遲不須惆,1
25659,校遲不須惆悵,1
25660,遲不須惆悵怨,1
25661,不須惆悵怨芳,1
25662,須惆悵怨芳時,1
25663,惆悵怨芳時狂,1
25664,悵怨芳時狂風,1
25665,怨芳時狂風落,1
25666,芳時狂風落盡,1
25667,時狂風落盡深,1
25668,狂風落盡深紅,1
25669,風落盡深紅色,1
25670,落盡深紅色綠,1
25671,盡深紅色綠葉,1
25672,深紅色綠葉成,1
25673,紅色綠葉成陰,1
25674,色綠葉成陰子,1
25675,成陰子滿枝越,1
25676,陰子滿枝越兵,1
25677,子滿枝越兵驅,1
25678,滿枝越兵驅綺,1
25679,枝越兵驅綺羅,1
25680,越兵驅綺羅越,1
25681,兵驅綺羅越女,1
25682,驅綺羅越女唱,1
25683,綺羅越女唱吳,1
25684,羅越女唱吳歌,1
25685,越女唱吳歌宮,1
25686,女唱吳歌宮燼,1
25687,唱吳歌宮燼花,1
25688,吳歌宮燼花聲,1
25689,歌宮燼花聲少,1
25690,宮燼花聲少台,1
25691,燼花聲少台荒,1
25692,花聲少台荒麋,1
25693,聲少台荒麋跡,1
25694,少台荒麋跡多,1
25695,台荒麋跡多茱,1
25696,荒麋跡多茱萸,1
25697,麋跡多茱萸垂,1
25698,跡多茱萸垂曉,1
25699,多茱萸垂曉露,1
25700,茱萸垂曉露菡,1
25701,萸垂曉露菡萏,1
25702,垂曉露菡萏落,1
25703,曉露菡萏落秋,1
25704,露菡萏落秋波,1
25705,菡萏落秋波無,1
25706,萏落秋波無遣,1
25707,落秋波無遣君,1
25708,秋波無遣君王,1
25709,波無遣君王醉,1
25710,無遣君王醉滿,1
25711,遣君王醉滿城,1
25712,君王醉滿城嚬,1
25713,王醉滿城嚬翠,1
25714,醉滿城嚬翠蛾,1
25715,滿城嚬翠蛾香,1
25716,城嚬翠蛾香徑,1
25717,嚬翠蛾香徑繞,1
25718,翠蛾香徑繞吳,1
25719,蛾香徑繞吳宮,1
25720,香徑繞吳宮千,1
25721,徑繞吳宮千帆,1
25722,繞吳宮千帆落,1
25723,吳宮千帆落照,1
25724,宮千帆落照中,1
25725,千帆落照中鶴,1
25726,帆落照中鶴鳴,1
25727,落照中鶴鳴山,1
25728,照中鶴鳴山苦,1
25729,中鶴鳴山苦雨,1
25730,鶴鳴山苦雨魚,1
25731,鳴山苦雨魚躍,1
25732,山苦雨魚躍水,1
25733,苦雨魚躍水多,1
25734,雨魚躍水多風,1
25735,魚躍水多風城,1
25736,躍水多風城帶,1
25737,水多風城帶晚,1
25738,多風城帶晚莎,1
25739,風城帶晚莎綠,1
25740,城帶晚莎綠池,1
25741,帶晚莎綠池邊,1
25742,晚莎綠池邊秋,1
25743,莎綠池邊秋蓼,1
25744,綠池邊秋蓼紅,1
25745,池邊秋蓼紅當,1
25746,邊秋蓼紅當年,1
25747,秋蓼紅當年國,1
25748,蓼紅當年國門,1
25749,紅當年國門外,1
25750,當年國門外誰,1
25751,年國門外誰信,1
25752,國門外誰信伍,1
25753,門外誰信伍員,1
25754,外誰信伍員忠,1
25755,誰信伍員忠始,1
25756,信伍員忠始發,1
25757,伍員忠始發碧,1
25758,員忠始發碧江,1
25759,忠始發碧江口,1
25760,始發碧江口曠,1
25761,發碧江口曠然,1
25762,碧江口曠然諧,1
25763,江口曠然諧遠,1
25764,口曠然諧遠心,1
25765,曠然諧遠心風,1
25766,然諧遠心風清,1
25767,諧遠心風清舟,1
25768,遠心風清舟在,1
25769,心風清舟在鑒,1
25770,風清舟在鑒日,1
25771,清舟在鑒日落,1
25772,舟在鑒日落水,1
25773,在鑒日落水浮,1
25774,鑒日落水浮金,1
25775,日落水浮金瓜,1
25776,落水浮金瓜步,1
25777,水浮金瓜步逢,1
25778,浮金瓜步逢潮,1
25779,金瓜步逢潮信,1
25780,瓜步逢潮信台,1
25781,步逢潮信台城,1
25782,逢潮信台城過,1
25783,潮信台城過雁,1
25784,信台城過雁音,1
25785,台城過雁音故,1
25786,城過雁音故鄉,1
25787,過雁音故鄉何,1
25788,雁音故鄉何處,1
25789,音故鄉何處是,1
25790,故鄉何處是雲,1
25791,鄉何處是雲外,1
25792,何處是雲外即,1
25793,處是雲外即喬,1
25794,是雲外即喬林,1
25795,雲外即喬林小,1
25796,外即喬林小院,1
25797,即喬林小院無,1
25798,喬林小院無人,1
25799,林小院無人雨,1
25800,小院無人雨長,1
25801,院無人雨長苔,1
25802,無人雨長苔滿,1
25803,人雨長苔滿庭,1
25804,雨長苔滿庭修,1
25805,長苔滿庭修竹,1
25806,苔滿庭修竹間,1
25807,滿庭修竹間疏,1
25808,庭修竹間疏槐,1
25809,修竹間疏槐春,1
25810,竹間疏槐春愁,1
25811,間疏槐春愁兀,1
25812,疏槐春愁兀兀,1
25813,槐春愁兀兀成,1
25814,春愁兀兀成幽,1
25815,愁兀兀成幽夢,1
25816,兀兀成幽夢又,1
25817,兀成幽夢又被,1
25818,成幽夢又被流,1
25819,幽夢又被流鶯,1
25820,夢又被流鶯喚,1
25821,又被流鶯喚醒,1
25822,被流鶯喚醒來,1
25823,流鶯喚醒來雲,1
25824,鶯喚醒來雲階,1
25825,喚醒來雲階月,1
25826,醒來雲階月地,1
25827,來雲階月地一,1
25828,雲階月地一相,1
25829,階月地一相過,1
25830,月地一相過未,1
25831,地一相過未抵,1
25832,一相過未抵經,1
25833,相過未抵經年,1
25834,過未抵經年別,1
25835,未抵經年別恨,1
25836,抵經年別恨多,1
25837,經年別恨多最,1
25838,年別恨多最恨,1
25839,別恨多最恨明,1
25840,恨多最恨明朝,1
25841,多最恨明朝洗,1
25842,最恨明朝洗車,1
25843,恨明朝洗車雨,1
25844,明朝洗車雨不,1
25845,朝洗車雨不教,1
25846,洗車雨不教回,1
25847,車雨不教回腳,1
25848,雨不教回腳渡,1
25849,不教回腳渡天,1
25850,教回腳渡天河,1
25851,回腳渡天河朵,1
25852,腳渡天河朵朵,1
25853,渡天河朵朵精,1
25854,天河朵朵精神,1
25855,河朵朵精神葉,1
25856,朵朵精神葉葉,1
25857,朵精神葉葉柔,1
25858,精神葉葉柔雨,1
25859,神葉葉柔雨晴,1
25860,葉葉柔雨晴香,1
25861,葉柔雨晴香拂,1
25862,柔雨晴香拂醉,1
25863,雨晴香拂醉人,1
25864,晴香拂醉人頭,1
25865,香拂醉人頭石,1
25866,拂醉人頭石家,1
25867,醉人頭石家錦,1
25868,人頭石家錦幛,1
25869,頭石家錦幛依,1
25870,石家錦幛依然,1
25871,家錦幛依然在,1
25872,錦幛依然在閑,1
25873,幛依然在閑倚,1
25874,依然在閑倚狂,1
25875,然在閑倚狂風,1
25876,在閑倚狂風夜,1
25877,閑倚狂風夜不,1
25878,倚狂風夜不收,1
25879,狂風夜不收幽,1
25880,風夜不收幽人,1
25881,夜不收幽人聽,1
25882,不收幽人聽達,1
25883,收幽人聽達曙,1
25884,幽人聽達曙聊,1
25885,人聽達曙聊罷,1
25886,聽達曙聊罷蘇,1
25887,達曙聊罷蘇床,1
25888,曙聊罷蘇床琴,1
25889,聊罷蘇床琴魚,1
25890,罷蘇床琴魚多,1
25891,蘇床琴魚多知,1
25892,床琴魚多知海,1
25893,琴魚多知海熟,1
25894,魚多知海熟藥,1
25895,多知海熟藥少,1
25896,知海熟藥少覺,1
25897,海熟藥少覺山,1
25898,熟藥少覺山貧,1
25899,藥少覺山貧土,1
25900,少覺山貧土控,1
25901,覺山貧土控吳,1
25902,山貧土控吳兼,1
25903,貧土控吳兼越,1
25904,土控吳兼越州,1
25905,控吳兼越州連,1
25906,吳兼越州連歙,1
25907,兼越州連歙與,1
25908,越州連歙與池,1
25909,州連歙與池山,1
25910,連歙與池山河,1
25911,歙與池山河地,1
25912,與池山河地襟,1
25913,池山河地襟帶,1
25914,山河地襟帶軍,1
25915,河地襟帶軍鎮,1
25916,地襟帶軍鎮國,1
25917,襟帶軍鎮國藩,1
25918,帶軍鎮國藩維,1
25919,軍鎮國藩維綠,1
25920,鎮國藩維綠水,1
25921,國藩維綠水棹,1
25922,藩維綠水棹雲,1
25923,維綠水棹雲月,1
25924,綠水棹雲月洞,1
25925,水棹雲月洞庭,1
25926,棹雲月洞庭歸,1
25927,雲月洞庭歸路,1
25928,月洞庭歸路長,1
25929,洞庭歸路長春,1
25930,庭歸路長春橋,1
25931,歸路長春橋垂,1
25932,路長春橋垂酒,1
25933,長春橋垂酒幔,1
25934,春橋垂酒幔夜,1
25935,橋垂酒幔夜柵,1
25936,垂酒幔夜柵集,1
25937,酒幔夜柵集茶,1
25938,幔夜柵集茶檣,1
25939,夜柵集茶檣箬,1
25940,柵集茶檣箬影,1
25941,集茶檣箬影沉,1
25942,茶檣箬影沉溪,1
25943,檣箬影沉溪暖,1
25944,箬影沉溪暖蘋,1
25945,影沉溪暖蘋花,1
25946,沉溪暖蘋花繞,1
25947,溪暖蘋花繞郭,1
25948,暖蘋花繞郭香,1
25949,蘋花繞郭香經,1
25950,花繞郭香經冬,1
25951,繞郭香經冬野,1
25952,郭香經冬野菜,1
25953,香經冬野菜青,1
25954,經冬野菜青青,1
25955,冬野菜青青色,1
25956,野菜青青色未,1
25957,菜青青色未臘,1
25958,青青色未臘山,1
25959,青色未臘山梅,1
25960,色未臘山梅樹,1
25961,未臘山梅樹樹,1
25962,臘山梅樹樹花,1
25963,山梅樹樹花半,1
25964,梅樹樹花半破,1
25965,樹樹花半破前,1
25966,樹花半破前峰,1
25967,花半破前峰月,1
25968,半破前峰月陶,1
25969,破前峰月陶潛,1
25970,前峰月陶潛官,1
25971,峰月陶潛官罷,1
25972,月陶潛官罷酒,1
25973,陶潛官罷酒瓶,1
25974,潛官罷酒瓶空,1
25975,官罷酒瓶空門,1
25976,罷酒瓶空門掩,1
25977,酒瓶空門掩楊,1
25978,瓶空門掩楊花,1
25979,空門掩楊花一,1
25980,門掩楊花一夜,1
25981,掩楊花一夜風,1
25982,楊花一夜風杜,1
25983,花一夜風杜牧,1
25984,一夜風杜牧古,1
25985,夜風杜牧古調,1
25986,風杜牧古調詩,1
25987,杜牧古調詩吟,1
25988,牧古調詩吟山,1
25989,古調詩吟山色,1
25990,調詩吟山色裏,1
25991,詩吟山色裏無,1
25992,吟山色裏無弦,1
25993,山色裏無弦琴,1
25994,色裏無弦琴在,1
25995,裏無弦琴在月,1
25996,無弦琴在月明,1
25997,弦琴在月明中,1
25998,琴在月明中趙,1
25999,在月明中趙嘏,1
26000,月明中趙嘏遠,1
26001,明中趙嘏遠簷,1
26002,中趙嘏遠簷高,1
26003,趙嘏遠簷高樹,1
26004,嘏遠簷高樹宜,1
26005,遠簷高樹宜幽,1
26006,簷高樹宜幽鳥,1
26007,高樹宜幽鳥出,1
26008,樹宜幽鳥出岫,1
26009,宜幽鳥出岫孤,1
26010,幽鳥出岫孤雲,1
26011,鳥出岫孤雲逐,1
26012,出岫孤雲逐晚,1
26013,岫孤雲逐晚虹,1
26014,孤雲逐晚虹杜,1
26015,雲逐晚虹杜牧,1
26016,逐晚虹杜牧別,1
26017,晚虹杜牧別後,1
26018,虹杜牧別後東,1
26019,杜牧別後東籬,1
26020,牧別後東籬數,1
26021,別後東籬數枝,1
26022,後東籬數枝菊,1
26023,東籬數枝菊不,1
26024,籬數枝菊不知,1
26025,數枝菊不知閑,1
26026,枝菊不知閑醉,1
26027,菊不知閑醉與,1
26028,不知閑醉與誰,1
26029,知閑醉與誰同,1
26030,閑醉與誰同趙,1
26031,醉與誰同趙嘏,1
26032,與誰同趙嘏辭,1
26033,誰同趙嘏辭春,1
26034,同趙嘏辭春不,1
26035,趙嘏辭春不及,1
26036,嘏辭春不及秋,1
26037,辭春不及秋昆,1
26038,春不及秋昆腳,1
26039,不及秋昆腳與,1
26040,及秋昆腳與皆,1
26041,秋昆腳與皆頭,1
26042,昆腳與皆頭盤,1
26043,腳與皆頭盤古,1
26044,與皆頭盤古當,1
26045,皆頭盤古當時,1
26046,頭盤古當時有,1
26047,盤古當時有遠,1
26048,古當時有遠孫,1
26049,當時有遠孫尚,1
26050,時有遠孫尚令,1
26051,有遠孫尚令今,1
26052,遠孫尚令今日,1
26053,孫尚令今日逞,1
26054,尚令今日逞家,1
26055,令今日逞家門,1
26056,今日逞家門一,1
26057,日逞家門一車,1
26058,逞家門一車白,1
26059,家門一車白土,1
26060,門一車白土將,1
26061,一車白土將泥,1
26062,車白土將泥項,1
26063,白土將泥項十,1
26064,土將泥項十幅,1
26065,將泥項十幅紅,1
26066,泥項十幅紅旗,1
26067,項十幅紅旗補,1
26068,十幅紅旗補破,1
26069,幅紅旗補破褌,1
26070,紅旗補破褌瓦,1
26071,旗補破褌瓦官,1
26072,補破褌瓦官寺,1
26073,破褌瓦官寺裏,1
26074,褌瓦官寺裏逢,1
26075,瓦官寺裏逢行,1
26076,官寺裏逢行跡,1
26077,寺裏逢行跡華,1
26078,裏逢行跡華嶽,1
26079,逢行跡華嶽山,1
26080,行跡華嶽山前,1
26081,跡華嶽山前見,1
26082,華嶽山前見掌,1
26083,嶽山前見掌痕,1
26084,山前見掌痕不,1
26085,前見掌痕不須,1
26086,見掌痕不須惆,1
26087,掌痕不須惆悵,1
26088,痕不須惆悵憂,1
26089,不須惆悵憂難,1
26090,須惆悵憂難嫁,1
26091,惆悵憂難嫁待,1
26092,悵憂難嫁待與,1
26093,憂難嫁待與將,1
26094,難嫁待與將書,1
26095,嫁待與將書問,1
26096,待與將書問樂,1
26097,與將書問樂坤,1
