排名,詞彙,出現次數
1,惟人之,4
2,君不見,4
3,乃二公,4
4,二公之,4
5,晉陽武,2
6,陽武奮,2
7,武奮義,2
8,奮義威,2
9,義威煬,2
10,威煬之,2
11,煬之渝,2
12,之渝德,2
13,渝德焉,2
14,德焉歸,2
15,焉歸氓,2
16,歸氓畢,2
17,氓畢屠,2
18,畢屠綏,2
19,屠綏者,2
20,綏者誰,2
21,者誰皇,2
22,誰皇烈,2
23,皇烈烈,2
24,烈烈專,2
25,烈專天,2
26,專天機,2
27,天機號,2
28,機號以,2
29,號以仁,2
30,以仁揚,2
31,仁揚其,2
32,揚其旗,2
33,其旗日,2
34,旗日之,2
35,日之升,2
36,之升九,2
37,升九土,2
38,九土晞,2
39,土晞斥,2
40,晞斥田,2
41,流洪輝,2
42,洪輝有,2
43,輝有其,2
44,有其二,2
45,其二翼,2
46,二翼餘,2
47,翼餘隋,2
48,餘隋斫,2
49,隋斫梟,2
50,連熊螭,2
51,熊螭枯,2
52,螭枯以,2
53,枯以肉,2
54,以肉勍,2
55,肉勍者,2
56,勍者羸,2
57,者羸後,2
58,羸後土,2
59,後土蕩,2
60,土蕩玄,2
61,蕩玄穹,2
62,玄穹彌,2
63,穹彌合,2
64,彌合之,2
65,合之育,2
66,之育莽,2
67,育莽然,2
68,莽然施,2
69,然施惟,2
70,施惟德,2
71,惟德輔,2
72,德輔慶,2
73,輔慶無,2
74,慶無期,2
75,無期獸,2
76,期獸之,2
77,獸之窮,2
78,之窮奔,2
79,窮奔大,2
80,奔大麓,2
81,大麓天,2
82,麓天厚,2
83,天厚黃,2
84,厚黃德,2
85,黃德狙,2
86,德狙獷,2
87,狙獷服,2
88,獷服甲,2
89,服甲之,2
90,甲之櫜,2
91,之櫜弓,2
92,櫜弓弭,2
93,弓弭矢,2
94,弭矢箙,2
95,矢箙皇,2
96,箙皇旅,2
97,皇旅靖,2
98,旅靖敵,2
99,靖敵逾,2
100,敵逾蹙,2
101,逾蹙自,2
102,蹙自亡,2
103,自亡其,2
104,亡其徒,2
105,其徒匪,2
106,徒匪予,2
107,匪予戮,2
108,予戮屈,2
109,戮屈猛,2
110,屈猛虔,2
111,猛虔栗,2
112,虔栗栗,2
113,栗栗縻,2
114,栗縻以,2
115,縻以尺,2
116,以尺組,2
117,尺組啖,2
118,組啖以,2
119,啖以秩,2
120,以秩黎,2
121,秩黎之,2
122,黎之陽,2
123,之陽土,2
124,陽土茫,2
125,土茫茫,2
126,茫茫富,2
127,茫富兵,2
128,富兵戎,2
129,兵戎盈,2
130,戎盈倉,2
131,盈倉箱,2
132,倉箱乏,2
133,箱乏者,2
134,乏者德,2
135,者德莫,2
136,德莫能,2
137,莫能享,2
138,能享驅,2
139,享驅豺,2
140,驅豺兕,2
141,豺兕授,2
142,兕授我,2
143,授我疆,2
144,我疆戰,2
145,疆戰武,2
146,戰武牢,2
147,武牢動,2
148,牢動河,2
149,動河朔,2
150,河朔逆,2
151,朔逆之,2
152,逆之助,2
153,之助圖,2
154,助圖掎,2
155,圖掎角,2
156,掎角怒,2
157,角怒鷇,2
158,怒鷇麛,2
159,鷇麛抗,2
160,麛抗喬,2
161,抗喬嶽,2
162,涇水黃,2
163,水黃隴,2
164,黃隴野,2
165,隴野茫,2
166,野茫負,2
167,茫負太,2
168,負太白,2
169,太白騰,2
170,白騰天,2
171,騰天狼,2
172,天狼有,2
173,狼有鳥,2
174,有鳥鷙,2
175,鳥鷙立,2
176,鷙立羽,2
177,立羽翼,2
178,羽翼張,2
179,苞枿矣,2
180,枿矣惟,2
181,之蟠彌,2
182,蟠彌巴,2
183,彌巴蔽,2
184,巴蔽荊,2
185,蔽荊負,2
186,荊負南,2
187,負南極,2
188,南極以,2
189,極以安,2
190,以安曰,2
191,安曰我,2
192,曰我舊,2
193,我舊梁,2
194,舊梁氏,2
195,綏艱難,2
196,艱難江,2
197,難江漢,2
198,江漢之,2
199,漢之阻,2
200,之阻都,2
201,阻都邑,2
202,都邑固,2
203,邑固以,2
204,固以完,2
205,河右澶,2
206,右澶漫,2
207,澶漫頑,2
208,漫頑為,2
209,頑為之,2
210,為之魁,2
211,之魁王,2
212,魁王師,2
213,王師如,2
214,師如雷,2
215,如雷震,2
216,雷震昆,2
217,震昆侖,2
218,昆侖以,2
219,侖以頹,2
220,以頹上,2
221,頹上聾,2
222,上聾下,2
223,聾下聰,2
224,下聰驁,2
225,聰驁不,2
226,驁不可,2
227,不可回,2
228,可回助,2
229,回助仇,2
230,助仇抗,2
231,仇抗有,2
232,抗有德,2
233,有德惟,2
234,德惟人,2
235,人之災,2
236,之災乃,2
237,災乃潰,2
238,乃潰乃,2
239,潰乃奮,2
240,乃奮執,2
241,奮執縛,2
242,執縛歸,2
243,縛歸厥,2
244,歸厥命,2
245,厥命萬,2
246,命萬室,2
247,萬室蒙,2
248,室蒙其,2
249,蒙其仁,2
250,其仁一,2
251,仁一夫,2
252,一夫則,2
253,夫則病,2
254,鐵山碎,2
255,山碎大,2
256,碎大漠,2
257,大漠舒,2
258,漠舒二,2
259,舒二虜,2
260,二虜勁,2
261,虜勁連,2
262,勁連穹,2
263,連穹廬,2
264,穹廬背,2
265,廬背北,2
266,背北海,2
267,北海專,2
268,海專坤,2
269,專坤隅,2
270,坤隅歲,2
271,隅歲來,2
272,歲來侵,2
273,來侵邊,2
274,侵邊或,2
275,邊或傅,2
276,或傅於,2
277,傅於都,2
278,於都天,2
279,都天子,2
280,天子命,2
281,子命元,2
282,命元帥,2
283,元帥奮,2
284,帥奮其,2
285,奮其雄,2
286,其雄圖,2
287,官臣拜,2
288,臣拜手,2
289,拜手惟,2
290,手惟帝,2
291,惟帝之,2
292,帝之謨,2
293,之謨本,2
294,謨本邦,2
295,本邦伊,2
296,邦伊晉,2
297,伊晉惟,2
298,晉惟時,2
299,惟時不,2
300,時不靖,2
301,不靖根,2
302,靖根柢,2
303,根柢之,2
304,柢之搖,2
305,葉攸病,2
306,攸病守,2
307,病守臣,2
308,守臣不,2
309,臣不任,2
310,不任勩,2
311,任勩於,2
312,勩於神,2
313,於神聖,2
314,神聖惟,2
315,之興翦,2
316,興翦焉,2
317,翦焉則,2
318,焉則定,2
319,則定洪,2
320,定洪惟,2
321,洪惟我,2
322,惟我理,2
323,我理式,2
324,理式和,2
325,式和以,2
326,和以敬,2
327,以敬群,2
328,敬群頑,2
329,群頑既,2
330,頑既夷,2
331,既夷庶,2
332,夷庶績,2
333,庶績咸,2
334,績咸正,2
335,咸正皇,2
336,正皇謨,2
337,皇謨載,2
338,謨載大,2
339,載大惟,2
340,大惟人,2
341,人之慶,2
342,之慶吐,2
343,慶吐谷,2
344,吐谷渾,2
345,谷渾盛,2
346,渾盛強,2
347,盛強背,2
348,強背西,2
349,背西海,2
350,西海以,2
351,海以誇,2
352,以誇歲,2
353,誇歲侵,2
354,歲侵擾,2
355,侵擾我,2
356,擾我疆,2
357,我疆退,2
358,疆退匿,2
359,退匿險,2
360,匿險且,2
361,險且遐,2
362,且遐帝,2
363,遐帝謂,2
364,帝謂神,2
365,謂神武,2
366,神武師,2
367,武師往,2
368,師往征,2
369,往征靖,2
370,征靖皇,2
371,靖皇家,2
372,皇家烈,2
373,家烈烈,2
374,烈烈旆,2
375,烈旆其,2
376,旆其旗,2
377,其旗熊,2
378,旗熊虎,2
379,熊虎雜,2
380,虎雜龍,2
381,雜龍蛇,2
382,龍蛇王,2
383,蛇王旅,2
384,王旅千,2
385,旅千萬,2
386,千萬人,2
387,萬人銜,2
388,人銜枚,2
389,銜枚默,2
390,枚默無,2
391,默無嘩,2
392,無嘩束,2
393,嘩束刃,2
394,束刃逾,2
395,刃逾山,2
396,逾山徼,2
397,山徼張,2
398,徼張翼,2
399,張翼縱,2
400,翼縱漠,2
401,縱漠沙,2
402,漠沙一,2
403,沙一舉,2
404,一舉刈,2
405,舉刈膻,2
406,刈膻腥,2
407,膻腥屍,2
408,腥屍骸,2
409,屍骸積,2
410,骸積如,2
411,積如麻,2
412,如麻除,2
413,麻除惡,2
414,除惡務,2
415,惡務本,2
416,務本根,2
417,本根況,2
418,根況敢,2
419,況敢遺,2
420,敢遺萌,2
421,遺萌芽,2
422,萌芽洋,2
423,芽洋洋,2
424,洋洋西,2
425,洋西海,2
426,西海水,2
427,海水威,2
428,水威命,2
429,威命窮,2
430,命窮天,2
431,窮天涯,2
432,天涯系,2
433,涯系虜,2
434,系虜來,2
435,虜來王,2
436,來王都,2
437,王都犒,2
438,都犒樂,2
439,犒樂窮,2
440,樂窮休,2
441,窮休嘉,2
442,休嘉登,2
443,嘉登高,2
444,登高望,2
445,高望還,2
446,望還師,2
447,還師竟,2
448,師竟野,2
449,竟野如,2
450,野如春,2
451,如春華,2
452,春華行,2
453,華行者,2
454,行者靡,2
455,者靡不,2
456,靡不歸,2
457,不歸親,2
458,歸親戚,2
459,親戚讙,2
460,戚讙要,2
461,讙要遮,2
462,要遮凱,2
463,遮凱旋,2
464,凱旋獻,2
465,旋獻清,2
466,獻清廟,2
467,清廟萬,2
468,廟萬國,2
469,萬國思,2
470,國思無,2
471,思無邪,2
472,無邪麹,2
473,邪麹氏,2
474,麹氏雄,2
475,氏雄西,2
476,雄西北,2
477,西北別,2
478,北別絕,2
479,別絕臣,2
480,絕臣外,2
481,臣外區,2
482,外區既,2
483,區既恃,2
484,既恃遠,2
485,恃遠且,2
486,遠且險,2
487,且險縱,2
488,險縱傲,2
489,縱傲不,2
490,傲不我,2
491,不我虞,2
492,我虞烈,2
493,虞烈烈,2
494,烈烈王,2
495,烈王者,2
496,王者師,2
497,者師熊,2
498,師熊螭,2
499,熊螭以,2
500,螭以為,2
501,以為徒,2
502,為徒龍,2
503,徒龍旗,2
504,龍旗翻,2
505,旗翻海,2
506,翻海浪,2
507,海浪馹,2
508,浪馹騎,2
509,馹騎馳,2
510,騎馳坤,2
511,馳坤隅,2
512,坤隅賁,2
513,隅賁育,2
514,賁育搏,2
515,育搏嬰,2
516,搏嬰兒,2
517,嬰兒一,2
518,兒一掃,2
519,一掃不,2
520,掃不復,2
521,不復餘,2
522,復餘平,2
523,餘平沙,2
524,平沙際,2
525,沙際天,2
526,際天極,2
527,天極但,2
528,極但見,2
529,但見黃,2
530,見黃雲,2
531,黃雲驅,2
532,雲驅臣,2
533,驅臣靖,2
534,臣靖執,2
535,靖執長,2
536,執長纓,2
537,長纓智,2
538,纓智勇,2
539,智勇伏,2
540,勇伏囚,2
541,伏囚拘,2
542,囚拘文,2
543,拘文皇,2
544,文皇南,2
545,皇南面,2
546,南面坐,2
547,面坐夷,2
548,坐夷狄,2
549,夷狄千,2
550,狄千群,2
551,千群趨,2
552,群趨咸,2
553,趨咸稱,2
554,咸稱天,2
555,稱天子,2
556,天子神,2
557,子神往,2
558,神往古,2
559,往古不,2
560,古不得,2
561,不得俱,2
562,得俱獻,2
563,俱獻號,2
564,獻號天,2
565,號天可,2
566,天可汗,2
567,可汗以,2
568,汗以覆,2
569,以覆我,2
570,覆我國,2
571,我國都,2
572,國都兵,2
573,都兵戎,2
574,兵戎不,2
575,戎不交,2
576,不交害,2
577,交害各,2
578,害各保,2
579,各保性,2
580,保性與,2
581,性與軀,2
582,與軀東,2
583,軀東蠻,2
584,東蠻有,2
585,蠻有謝,2
586,有謝氏,2
587,謝氏冠,2
588,氏冠帶,2
589,冠帶理,2
590,帶理海,2
591,理海中,2
592,言我異,2
593,我異世,2
594,異世雖,2
595,世雖聖,2
596,雖聖莫,2
597,聖莫能,2
598,莫能通,2
599,能通王,2
600,通王卒,2
601,王卒如,2
602,卒如飛,2
603,如飛翰,2
604,飛翰鵬,2
605,翰鵬鶱,2
606,鵬鶱駭,2
607,鶱駭群,2
608,駭群龍,2
609,群龍轟,2
610,龍轟然,2
611,轟然自,2
612,然自天,2
613,自天墜,2
614,天墜乃,2
615,墜乃信,2
616,乃信神,2
617,信神武,2
618,神武功,2
619,武功系,2
620,功系虜,2
621,系虜君,2
622,虜君臣,2
623,君臣人,2
624,臣人累,2
625,人累累,2
626,累累來,2
627,累來自,2
628,來自東,2
629,自東無,2
630,東無思,2
631,無思不,2
632,思不服,2
633,不服從,2
634,服從唐,2
635,從唐業,2
636,唐業如,2
637,業如山,2
638,如山崇,2
639,山崇百,2
640,崇百辟,2
641,百辟拜,2
642,辟拜稽,2
643,拜稽首,2
644,稽首咸,2
645,首咸願,2
646,咸願圖,2
647,願圖形,2
648,圖形容,2
649,形容如,2
650,容如周,2
651,如周王,2
652,周王會,2
653,王會書,2
654,會書永,2
655,書永永,2
656,永永傳,2
657,永傳無,2
658,傳無窮,2
659,無窮睢,2
660,窮睢盱,2
661,睢盱萬,2
662,盱萬狀,2
663,萬狀乖,2
664,狀乖咿,2
665,乖咿嗢,2
666,咿嗢九,2
667,嗢九譯,2
668,九譯重,2
669,譯重廣,2
670,重廣輪,2
671,廣輪撫,2
672,輪撫四,2
673,撫四海,2
674,四海浩,2
675,海浩浩,2
676,浩浩知,2
677,浩知皇,2
678,知皇風,2
679,皇風歌,2
680,風歌詩,2
681,歌詩鐃,2
682,詩鐃鼓,2
683,以壯我,2
684,壯我元,2
685,我元戎,2
686,不見夸,2
687,見夸父,2
688,夸父追,2
689,父追日,2
690,追日窺,2
691,日窺虞,2
692,窺虞淵,2
693,虞淵跳,2
694,淵跳踉,2
695,跳踉北,2
696,踉北海,2
697,北海超,2
698,海超昆,2
699,超昆侖,2
700,不見南,2
701,見南山,2
702,南山棟,2
703,山棟樑,2
704,棟樑益,2
705,樑益稀,2
706,益稀少,2
707,稀少愛,2
708,少愛材,2
709,愛材養,2
710,材養育,2
711,養育誰,2
712,育誰複,2
713,誰複論,2
714,盛時一,2
715,時一去,2
716,一去貴,2
717,去貴反,2
718,貴反賤,2
719,反賤桃,2
720,賤桃笙,2
721,桃笙葵,2
722,笙葵扇,2
723,葵扇安,2
724,扇安可,2
725,維彼攸,2
726,惟西平,2
727,西平有,2
728,平有子,2
729,品物載,2
730,物載休,2
731,惟天子,2
732,惟百辟,2
733,矣弗敢,2
734,四夷是,2
735,夷是則,2
736,不可攀,2
737,從此去,2
738,自忘機,2
739,不盈尺,2
740,中夜起,2
741,來相尋,2
742,方在斯,2
743,者為我,2
744,斥田圻,1
745,田圻流,1
746,圻流洪,1
747,斫梟驁,1
748,梟驁連,1
749,驁連熊,1
750,喬嶽涇,1
751,嶽涇水,1
752,翼張苞,1
753,張苞枿,1
754,矣惟根,1
755,惟根之,1
756,根之蟠,1
757,梁氏輯,1
758,氏輯綏,1
759,輯綏艱,1
760,以完河,1
761,完河右,1
762,則病鐵,1
763,病鐵山,1
764,雄圖官,1
765,圖官臣,1
766,之搖枝,1
767,搖枝葉,1
768,枝葉攸,1
769,聖惟鉞,1
770,惟鉞之,1
771,鉞之興,1
772,海中已,1
773,中已言,1
774,已言我,1
775,鐃鼓間,1
776,鼓間以,1
777,間以壯,1
778,元戎君,1
779,戎君不,1
780,昆侖君,1
781,侖君不,1
782,複論盛,1
783,論盛時,1
784,安可常,1
785,可常方,1
786,常方城,1
787,方城臨,1
788,城臨臨,1
789,臨臨王,1
790,臨王卒,1
791,王卒峙,1
792,卒峙之,1
793,峙之匪,1
794,之匪徼,1
795,匪徼匪,1
796,徼匪競,1
797,匪競皇,1
798,競皇有,1
799,皇有正,1
800,有正命,1
801,正命皇,1
802,命皇命,1
803,皇命於,1
804,命於愬,1
805,於愬往,1
806,愬往舒,1
807,往舒餘,1
808,舒餘仁,1
809,餘仁踣,1
810,仁踣彼,1
811,踣彼艱,1
812,彼艱頑,1
813,艱頑柔,1
814,頑柔惠,1
815,柔惠是,1
816,惠是馴,1
817,是馴愬,1
818,馴愬拜,1
819,愬拜即,1
820,拜即命,1
821,即命於,1
822,命於皇,1
823,於皇之,1
824,皇之訓,1
825,之訓既,1
826,訓既礪,1
827,既礪既,1
828,礪既攻,1
829,既攻以,1
830,攻以後,1
831,以後厥,1
832,後厥刃,1
833,厥刃王,1
834,刃王師,1
835,王師嶷,1
836,師嶷嶷,1
837,嶷嶷熊,1
838,嶷熊羆,1
839,熊羆是,1
840,羆是式,1
841,是式銜,1
842,式銜勇,1
843,銜勇韜,1
844,勇韜力,1
845,韜力日,1
846,力日思,1
847,日思予,1
848,思予殛,1
849,予殛寇,1
850,殛寇昏,1
851,寇昏以,1
852,昏以狂,1
853,以狂敢,1
854,狂敢蹈,1
855,敢蹈愬,1
856,蹈愬疆,1
857,愬疆士,1
858,疆士獲,1
859,士獲厥,1
860,獲厥心,1
861,厥心大,1
862,心大袒,1
863,大袒高,1
864,袒高驤,1
865,高驤長,1
866,驤長戟,1
867,長戟酋,1
868,戟酋矛,1
869,酋矛粲,1
870,矛粲其,1
871,粲其綏,1
872,其綏章,1
873,綏章右,1
874,章右翦,1
875,右翦左,1
876,翦左屠,1
877,左屠聿,1
878,屠聿禽,1
879,聿禽其,1
880,禽其良,1
881,其良其,1
882,良其良,1
883,其良既,1
884,良既宥,1
885,既宥告,1
886,宥告以,1
887,告以父,1
888,以父母,1
889,父母恩,1
890,母恩柔,1
891,恩柔于,1
892,柔于肌,1
893,于肌卒,1
894,肌卒貢,1
895,卒貢爾,1
896,貢爾有,1
897,爾有維,1
898,有維彼,1
899,彼攸恃,1
900,攸恃乃,1
901,恃乃偵,1
902,乃偵乃,1
903,偵乃誘,1
904,乃誘維,1
905,誘維彼,1
906,彼攸宅,1
907,攸宅乃,1
908,宅乃發,1
909,乃發乃,1
910,發乃守,1
911,乃守其,1
912,守其恃,1
913,其恃爰,1
914,恃爰獲,1
915,爰獲我,1
916,獲我功,1
917,我功我,1
918,功我多,1
919,我多陰,1
920,多陰諜,1
921,陰諜厥,1
922,諜厥圖,1
923,厥圖以,1
924,圖以究,1
925,以究爾,1
926,究爾訛,1
927,爾訛雨,1
928,訛雨雪,1
929,雨雪洋,1
930,雪洋洋,1
931,洋洋大,1
932,洋大風,1
933,大風來,1
934,風來加,1
935,來加於,1
936,加於燠,1
937,於燠其,1
938,燠其寒,1
939,其寒於,1
940,寒於邇,1
941,於邇其,1
942,邇其遐,1
943,其遐汝,1
944,遐汝陰,1
945,汝陰之,1
946,陰之茫,1
947,之茫懸,1
948,茫懸瓠,1
949,懸瓠之,1
950,瓠之峨,1
951,之峨是,1
952,峨是震,1
953,是震是,1
954,震是拔,1
955,是拔大,1
956,拔大殲,1
957,大殲厥,1
958,殲厥家,1
959,厥家狡,1
960,家狡虜,1
961,狡虜既,1
962,虜既縻,1
963,既縻輸,1
964,縻輸于,1
965,輸于國,1
966,于國都,1
967,國都示,1
968,都示之,1
969,示之市,1
970,之市人,1
971,市人即,1
972,人即社,1
973,即社行,1
974,社行誅,1
975,行誅乃,1
976,誅乃諭,1
977,乃諭乃,1
978,諭乃止,1
979,乃止蔡,1
980,止蔡有,1
981,蔡有厚,1
982,有厚喜,1
983,厚喜完,1
984,喜完其,1
985,完其室,1
986,其室家,1
987,室家仰,1
988,家仰父,1
989,仰父俯,1
990,父俯子,1
991,俯子汝,1
992,子汝水,1
993,汝水沄,1
994,水沄沄,1
995,沄沄既,1
996,沄既清,1
997,既清而,1
998,清而彌,1
999,而彌蔡,1
1000,彌蔡人,1
1001,蔡人行,1
1002,人行歌,1
1003,行歌我,1
1004,歌我步,1
1005,我步逶,1
1006,步逶遲,1
1007,逶遲蔡,1
1008,遲蔡人,1
1009,蔡人歌,1
1010,人歌矣,1
1011,歌矣蔡,1
1012,矣蔡風,1
1013,蔡風和,1
1014,風和矣,1
1015,和矣孰,1
1016,矣孰纇,1
1017,孰纇蔡,1
1018,纇蔡初,1
1019,蔡初胡,1
1020,初胡甈,1
1021,胡甈爾,1
1022,甈爾居,1
1023,爾居式,1
1024,居式慕,1
1025,式慕以,1
1026,慕以康,1
1027,以康為,1
1028,康為願,1
1029,為願有,1
1030,願有餘,1
1031,有餘是,1
1032,餘是究,1
1033,是究是,1
1034,究是咨,1
1035,是咨皇,1
1036,咨皇德,1
1037,皇德既,1
1038,德既舒,1
1039,既舒皇,1
1040,舒皇曰,1
1041,皇曰咨,1
1042,曰咨愬,1
1043,咨愬裕,1
1044,愬裕乃,1
1045,裕乃父,1
1046,乃父功,1
1047,父功昔,1
1048,功昔我,1
1049,昔我文,1
1050,我文祖,1
1051,文祖惟,1
1052,祖惟西,1
1053,西平是,1
1054,平是庸,1
1055,是庸內,1
1056,庸內誨,1
1057,內誨於,1
1058,誨於家,1
1059,於家外,1
1060,家外刑,1
1061,外刑於,1
1062,刑於邦,1
1063,於邦孰,1
1064,邦孰是,1
1065,孰是蔡,1
1066,是蔡人,1
1067,蔡人而,1
1068,人而不,1
1069,而不率,1
1070,不率從,1
1071,率從蔡,1
1072,從蔡人,1
1073,蔡人率,1
1074,人率止,1
1075,率止惟,1
1076,止惟西,1
1077,有子西,1
1078,子西平,1
1079,有子惟,1
1080,子惟我,1
1081,惟我有,1
1082,我有臣,1
1083,有臣疇,1
1084,臣疇允,1
1085,疇允大,1
1086,允大邦,1
1087,大邦俾,1
1088,邦俾惠,1
1089,俾惠我,1
1090,惠我人,1
1091,我人于,1
1092,人于廟,1
1093,于廟告,1
1094,廟告功,1
1095,告功以,1
1096,功以顧,1
1097,以顧萬,1
1098,顧萬方,1
1099,萬方晉,1
1100,方晉陽,1
1101,斥田坼,1
1102,田坼流,1
1103,坼流洪,1
1104,斫梟鷔,1
1105,梟鷔連,1
1106,鷔連熊,1
1107,喬嶽翹,1
1108,嶽翹萌,1
1109,翹萌牙,1
1110,萌牙傲,1
1111,牙傲霜,1
1112,傲霜雹,1
1113,霜雹王,1
1114,雹王謀,1
1115,王謀內,1
1116,謀內定,1
1117,內定申,1
1118,定申掌,1
1119,申掌握,1
1120,掌握鋪,1
1121,握鋪施,1
1122,鋪施芟,1
1123,施芟夷,1
1124,芟夷二,1
1125,夷二主,1
1126,二主縛,1
1127,主縛憚,1
1128,縛憚華,1
1129,憚華戎,1
1130,華戎廓,1
1131,戎廓封,1
1132,廓封略,1
1133,封略命,1
1134,略命之,1
1135,命之卑,1
1136,之卑以,1
1137,卑以斫,1
1138,以斫歸,1
1139,斫歸有,1
1140,歸有德,1
1141,有德唯,1
1142,德唯先,1
1143,唯先覺,1
1144,先覺涇,1
1145,覺涇水,1
1146,翼張鉤,1
1147,張鉤喙,1
1148,鉤喙決,1
1149,喙決前,1
1150,決前鉅,1
1151,前鉅趯,1
1152,鉅趯傍,1
1153,趯傍怒,1
1154,傍怒飛,1
1155,怒飛饑,1
1156,飛饑嘯,1
1157,饑嘯翾,1
1158,嘯翾不,1
1159,翾不可,1
1160,不可當,1
1161,可當老,1
1162,當老雄,1
1163,老雄死,1
1164,雄死子,1
1165,死子複,1
1166,子複良,1
1167,複良巢,1
1168,良巢岐,1
1169,巢岐飲,1
1170,岐飲渭,1
1171,飲渭肆,1
1172,渭肆翱,1
1173,肆翱翔,1
1174,翱翔頓,1
1175,翔頓地,1
1176,頓地紘,1
1177,地紘提,1
1178,紘提天,1
1179,提天綱,1
1180,天綱列,1
1181,綱列缺,1
1182,列缺掉,1
1183,缺掉幟,1
1184,掉幟招,1
1185,幟招搖,1
1186,招搖耀,1
1187,搖耀鋩,1
1188,耀鋩鬼,1
1189,鋩鬼神,1
1190,鬼神來,1
1191,神來助,1
1192,來助夢,1
1193,助夢嘉,1
1194,夢嘉祥,1
1195,嘉祥腦,1
1196,祥腦塗,1
1197,腦塗原,1
1198,塗原野,1
1199,原野魄,1
1200,野魄飛,1
1201,魄飛揚,1
1202,飛揚星,1
1203,揚星辰,1
1204,星辰複,1
1205,辰複恢,1
1206,複恢一,1
1207,恢一方,1
1208,一方奔,1
1209,方奔鯨,1
1210,奔鯨沛,1
1211,鯨沛蕩,1
1212,沛蕩海,1
1213,蕩海垠,1
1214,海垠吐,1
1215,垠吐霓,1
1216,吐霓翳,1
1217,霓翳日,1
1218,翳日腥,1
1219,日腥浮,1
1220,腥浮雲,1
1221,浮雲帝,1
1222,雲帝怒,1
1223,帝怒下,1
1224,怒下顧,1
1225,下顧哀,1
1226,顧哀墊,1
1227,哀墊昏,1
1228,墊昏授,1
1229,昏授以,1
1230,授以神,1
1231,以神柄,1
1232,神柄推,1
1233,柄推元,1
1234,推元臣,1
1235,元臣手,1
1236,臣手援,1
1237,手援天,1
1238,援天矛,1
1239,天矛截,1
1240,矛截修,1
1241,截修鱗,1
1242,修鱗披,1
1243,鱗披攘,1
1244,披攘蒙,1
1245,攘蒙霿,1
1246,蒙霿開,1
1247,霿開海,1
1248,開海門,1
1249,海門地,1
1250,門地平,1
1251,地平水,1
1252,平水靜,1
1253,水靜浮,1
1254,靜浮天,1
1255,浮天根,1
1256,天根羲,1
1257,根羲和,1
1258,羲和顯,1
1259,和顯耀,1
1260,顯耀乘,1
1261,耀乘清,1
1262,乘清氛,1
1263,清氛赫,1
1264,氛赫炎,1
1265,赫炎溥,1
1266,炎溥暢,1
1267,溥暢融,1
1268,暢融大,1
1269,融大鈞,1
1270,大鈞苞,1
1271,鈞苞枿,1
1272,矣惟恨,1
1273,惟恨之,1
1274,恨之蟠,1
1275,梁氏緝,1
1276,氏緝綏,1
1277,緝綏艱,1
1278,以完聖,1
1279,完聖人,1
1280,聖人作,1
1281,人作神,1
1282,作神武,1
1283,神武用,1
1284,武用有,1
1285,用有臣,1
1286,有臣勇,1
1287,臣勇智,1
1288,勇智奮,1
1289,智奮不,1
1290,奮不以,1
1291,不以眾,1
1292,以眾投,1
1293,眾投跡,1
1294,投跡死,1
1295,跡死地,1
1296,死地謀,1
1297,地謀猷,1
1298,謀猷縱,1
1299,猷縱化,1
1300,縱化敵,1
1301,化敵為,1
1302,敵為家,1
1303,為家慮,1
1304,家慮則,1
1305,慮則中,1
1306,則中浩,1
1307,中浩浩,1
1308,浩浩海,1
1309,浩海裔,1
1310,海裔不,1
1311,裔不威,1
1312,不威而,1
1313,威而同,1
1314,而同系,1
1315,同系縲,1
1316,系縲降,1
1317,縲降王,1
1318,降王定,1
1319,王定厥,1
1320,定厥功,1
1321,厥功澶,1
1322,功澶漫,1
1323,澶漫萬,1
1324,漫萬里,1
1325,萬里宣,1
1326,里宣唐,1
1327,宣唐風,1
1328,唐風蠻,1
1329,風蠻夷,1
1330,蠻夷九,1
1331,夷九譯,1
1332,九譯咸,1
1333,譯咸來,1
1334,咸來從,1
1335,來從凱,1
1336,從凱旋,1
1337,凱旋金,1
1338,旋金奏,1
1339,金奏象,1
1340,奏象形,1
1341,象形容,1
1342,形容震,1
1343,容震赫,1
1344,震赫萬,1
1345,赫萬國,1
1346,萬國罔,1
1347,國罔不,1
1348,罔不龔,1
1349,不龔河,1
1350,龔河右,1
1351,則病濡,1
1352,病濡以,1
1353,濡以鴻,1
1354,以鴻澤,1
1355,鴻澤皇,1
1356,澤皇之,1
1357,皇之聖,1
1358,之聖威,1
1359,聖威畏,1
1360,威畏德,1
1361,畏德懷,1
1362,德懷功,1
1363,懷功以,1
1364,功以定,1
1365,以定順,1
1366,定順之,1
1367,順之於,1
1368,之於理,1
1369,於理物,1
1370,理物咸,1
1371,物咸遂,1
1372,咸遂厥,1
1373,遂厥性,1
1374,厥性鐵,1
1375,性鐵山,1
1376,雄圖破,1
1377,圖破定,1
1378,破定襄,1
1379,定襄降,1
1380,襄降魁,1
1381,降魁渠,1
1382,魁渠窮,1
1383,渠窮竟,1
1384,窮竟窟,1
1385,竟窟宅,1
1386,窟宅斥,1
1387,宅斥餘,1
1388,斥餘吾,1
1389,餘吾百,1
1390,吾百蠻,1
1391,百蠻破,1
1392,蠻破膽,1
1393,破膽邊,1
1394,膽邊氓,1
1395,邊氓蘇,1
1396,氓蘇威,1
1397,蘇威武,1
1398,威武輝,1
1399,武輝耀,1
1400,輝耀明,1
1401,耀明鬼,1
1402,明鬼區,1
1403,鬼區利,1
1404,區利澤,1
1405,利澤彌,1
1406,澤彌萬,1
1407,彌萬祀,1
1408,萬祀功,1
1409,祀功不,1
1410,功不可,1
1411,不可逾,1
1412,可逾官,1
1413,逾官臣,1
1414,之搖枯,1
1415,搖枯葉,1
1416,枯葉攸,1
1417,聖惟越,1
1418,惟越之,1
1419,越之興,1
1420,海中自,1
1421,中自言,1
1422,自言我,1
1423,鐃鼓閑,1
1424,鼓閑以,1
1425,閑以壯,1
1426,元戎于,1
1427,戎于穆,1
1428,于穆敬,1
1429,穆敬德,1
1430,敬德黎,1
1431,德黎人,1
1432,黎人皇,1
1433,人皇之,1
1434,皇之惟,1
1435,之惟貞,1
1436,惟貞厥,1
1437,貞厥符,1
1438,厥符浩,1
1439,符浩浩,1
1440,浩浩將,1
1441,浩將之,1
1442,將之仁,1
1443,之仁函,1
1444,仁函於,1
1445,函於膚,1
1446,於膚刃,1
1447,膚刃莫,1
1448,刃莫畢,1
1449,莫畢屠,1
1450,畢屠澤,1
1451,屠澤熯,1
1452,澤熯於,1
1453,熯於爨,1
1454,於爨炎,1
1455,爨炎以,1
1456,炎以浣,1
1457,以浣殄,1
1458,浣殄厥,1
1459,殄厥凶,1
1460,厥凶德,1
1461,凶德乃,1
1462,德乃驅,1
1463,乃驅乃,1
1464,驅乃夷,1
1465,乃夷懿,1
1466,夷懿其,1
1467,懿其休,1
1468,其休風,1
1469,休風是,1
1470,風是喣,1
1471,是喣是,1
1472,喣是吹,1
1473,是吹父,1
1474,吹父子,1
1475,父子熙,1
1476,子熙熙,1
1477,熙熙相,1
1478,熙相寧,1
1479,相寧以,1
1480,寧以嬉,1
1481,以嬉賦,1
1482,嬉賦徹,1
1483,賦徹而,1
1484,徹而藏,1
1485,而藏厚,1
1486,藏厚我,1
1487,厚我糗,1
1488,我糗粻,1
1489,糗粻刑,1
1490,粻刑輕,1
1491,刑輕以,1
1492,輕以清,1
1493,以清我,1
1494,清我肌,1
1495,我肌靡,1
1496,肌靡傷,1
1497,靡傷貽,1
1498,傷貽我,1
1499,貽我子,1
1500,我子孫,1
1501,子孫百,1
1502,孫百代,1
1503,百代是,1
1504,代是康,1
1505,是康十,1
1506,康十聖,1
1507,十聖嗣,1
1508,聖嗣於,1
1509,嗣於理,1
1510,於理仁,1
1511,理仁後,1
1512,仁後之,1
1513,後之子,1
1514,之子子,1
1515,子子思,1
1516,子思孝,1
1517,思孝父,1
1518,孝父易,1
1519,父易患,1
1520,易患於,1
1521,患於己,1
1522,於己拱,1
1523,己拱之,1
1524,拱之戴,1
1525,之戴之,1
1526,戴之神,1
1527,之神具,1
1528,神具爾,1
1529,具爾宜,1
1530,爾宜載,1
1531,宜載揚,1
1532,載揚於,1
1533,揚於雅,1
1534,於雅承,1
1535,雅承天,1
1536,承天之,1
1537,天之嘏,1
1538,之嘏天,1
1539,嘏天之,1
1540,天之誠,1
1541,之誠神,1
1542,誠神宜,1
1543,神宜鑒,1
1544,宜鑒於,1
1545,鑒於仁,1
1546,於仁神,1
1547,仁神之,1
1548,神之曷,1
1549,之曷依,1
1550,曷依宜,1
1551,依宜仁,1
1552,宜仁之,1
1553,仁之歸,1
1554,之歸濮,1
1555,歸濮沿,1
1556,濮沿于,1
1557,沿于北,1
1558,于北祝,1
1559,北祝栗,1
1560,祝栗于,1
1561,栗于南,1
1562,于南幅,1
1563,南幅員,1
1564,幅員西,1
1565,員西東,1
1566,西東祗,1
1567,東祗一,1
1568,祗一乃,1
1569,一乃心,1
1570,乃心祝,1
1571,心祝唐,1
1572,祝唐之,1
1573,唐之紀,1
1574,之紀後,1
1575,紀後天,1
1576,後天罔,1
1577,天罔墜,1
1578,罔墜祝,1
1579,墜祝皇,1
1580,祝皇之,1
1581,皇之壽,1
1582,之壽與,1
1583,壽與地,1
1584,與地咸,1
1585,地咸久,1
1586,咸久曷,1
1587,久曷徒,1
1588,曷徒祝,1
1589,徒祝之,1
1590,祝之心,1
1591,之心誠,1
1592,心誠篤,1
1593,誠篤之,1
1594,篤之神,1
1595,之神協,1
1596,神協人,1
1597,協人同,1
1598,人同道,1
1599,同道以,1
1600,道以告,1
1601,以告之,1
1602,告之俾,1
1603,之俾彌,1
1604,俾彌憶,1
1605,彌憶萬,1
1606,憶萬年,1
1607,萬年不,1
1608,年不震,1
1609,不震不,1
1610,震不危,1
1611,不危我,1
1612,危我代,1
1613,我代之,1
1614,代之延,1
1615,之延永,1
1616,延永永,1
1617,永永毗,1
1618,永毗之,1
1619,毗之仁,1
1620,之仁增,1
1621,仁增以,1
1622,增以崇,1
1623,以崇曷,1
1624,崇曷不,1
1625,曷不爾,1
1626,不爾思,1
1627,爾思有,1
1628,思有號,1
1629,有號於,1
1630,號於天,1
1631,於天僉,1
1632,天僉曰,1
1633,僉曰嗚,1
1634,曰嗚呼,1
1635,嗚呼咨,1
1636,呼咨爾,1
1637,咨爾皇,1
1638,爾皇靈,1
1639,皇靈無,1
1640,靈無替,1
1641,無替厥,1
1642,替厥符,1
1643,厥符帝,1
1644,符帝視,1
1645,帝視民,1
1646,視民情,1
1647,民情匪,1
1648,情匪幽,1
1649,匪幽匪,1
1650,幽匪明,1
1651,匪明慘,1
1652,明慘或,1
1653,慘或在,1
1654,或在腹,1
1655,在腹已,1
1656,腹已如,1
1657,已如色,1
1658,如色聲,1
1659,色聲亦,1
1660,聲亦無,1
1661,亦無動,1
1662,無動威,1
1663,動威亦,1
1664,威亦無,1
1665,亦無止,1
1666,無止力,1
1667,止力弗,1
1668,力弗動,1
1669,弗動弗,1
1670,動弗止,1
1671,弗止惟,1
1672,止惟民,1
1673,惟民之,1
1674,民之極,1
1675,之極帝,1
1676,極帝懷,1
1677,帝懷民,1
1678,懷民視,1
1679,民視乃,1
1680,視乃降,1
1681,乃降明,1
1682,降明德,1
1683,明德乃,1
1684,德乃生,1
1685,乃生明,1
1686,生明翼,1
1687,明翼明,1
1688,翼明翼,1
1689,明翼者,1
1690,翼者何,1
1691,者何乃,1
1692,何乃房,1
1693,乃房乃,1
1694,房乃杜,1
1695,乃杜惟,1
1696,杜惟房,1
1697,惟房與,1
1698,房與杜,1
1699,與杜實,1
1700,杜實為,1
1701,實為民,1
1702,為民路,1
1703,民路乃,1
1704,路乃定,1
1705,乃定天,1
1706,定天子,1
1707,天子乃,1
1708,子乃開,1
1709,乃開萬,1
1710,開萬國,1
1711,萬國萬,1
1712,國萬國,1
1713,萬國既,1
1714,國既分,1
1715,既分乃,1
1716,分乃釋,1
1717,乃釋蠹,1
1718,釋蠹民,1
1719,蠹民乃,1
1720,民乃學,1
1721,乃學與,1
1722,學與仕,1
1723,與仕乃,1
1724,仕乃播,1
1725,乃播與,1
1726,播與食,1
1727,與食乃,1
1728,食乃器,1
1729,乃器與,1
1730,器與用,1
1731,與用乃,1
1732,用乃貨,1
1733,乃貨與,1
1734,貨與通,1
1735,與通有,1
1736,通有作,1
1737,有作有,1
1738,作有遷,1
1739,有遷無,1
1740,遷無遷,1
1741,無遷無,1
1742,遷無作,1
1743,無作士,1
1744,作士實,1
1745,士實蕩,1
1746,實蕩蕩,1
1747,蕩蕩農,1
1748,蕩農實,1
1749,農實董,1
1750,實董董,1
1751,董董工,1
1752,董工實,1
1753,工實濛,1
1754,實濛濛,1
1755,濛濛賈,1
1756,濛賈實,1
1757,賈實融,1
1758,實融融,1
1759,融融左,1
1760,融左右,1
1761,左右惟,1
1762,右惟一,1
1763,惟一出,1
1764,一出入,1
1765,出入惟,1
1766,入惟同,1
1767,惟同攝,1
1768,同攝儀,1
1769,攝儀以,1
1770,儀以引,1
1771,以引以,1
1772,引以遵,1
1773,以遵以,1
1774,遵以肆,1
1775,以肆其,1
1776,肆其風,1
1777,其風既,1
1778,風既流,1
1779,既流品,1
1780,流品物,1
1781,載休品,1
1782,休品物,1
1783,載休惟,1
1784,休惟天,1
1785,天子守,1
1786,子守乃,1
1787,守乃二,1
1788,公之久,1
1789,之久惟,1
1790,久惟天,1
1791,天子明,1
1792,子明乃,1
1793,明乃二,1
1794,公之成,1
1795,之成惟,1
1796,成惟百,1
1797,百辟正,1
1798,辟正乃,1
1799,正乃二,1
1800,公之令,1
1801,之令惟,1
1802,令惟百,1
1803,百辟穀,1
1804,辟穀乃,1
1805,穀乃二,1
1806,公之祿,1
1807,之祿二,1
1808,祿二公,1
1809,二公行,1
1810,公行矣,1
1811,行矣弗,1
1812,弗敢憂,1
1813,敢憂縱,1
1814,憂縱是,1
1815,縱是獲,1
1816,是獲憂,1
1817,獲憂共,1
1818,憂共二,1
1819,共二公,1
1820,二公居,1
1821,公居矣,1
1822,居矣弗,1
1823,弗敢泰,1
1824,敢泰止,1
1825,泰止是,1
1826,止是獲,1
1827,是獲泰,1
1828,獲泰已,1
1829,泰已既,1
1830,已既柔,1
1831,既柔一,1
1832,柔一德,1
1833,一德四,1
1834,德四夷,1
1835,是則四,1
1836,則四夷,1
1837,是則永,1
1838,則永懷,1
1839,永懷不,1
1840,懷不忒,1
1841,不忒知,1
1842,忒知命,1
1843,知命儒,1
1844,命儒為,1
1845,儒為貴,1
1846,為貴時,1
1847,貴時中,1
1848,時中聖,1
1849,中聖所,1
1850,聖所臧,1
1851,所臧處,1
1852,臧處心,1
1853,處心齊,1
1854,心齊寵,1
1855,齊寵辱,1
1856,寵辱遇,1
1857,辱遇物,1
1858,遇物任,1
1859,物任行,1
1860,任行藏,1
1861,行藏關,1
1862,藏關識,1
1863,關識新,1
1864,識新安,1
1865,新安地,1
1866,安地封,1
1867,地封傳,1
1868,封傳臨,1
1869,傳臨晉,1
1870,臨晉鄉,1
1871,晉鄉挺,1
1872,鄉挺生,1
1873,挺生推,1
1874,生推豹,1
1875,推豹蔚,1
1876,豹蔚遐,1
1877,蔚遐步,1
1878,遐步仰,1
1879,步仰龍,1
1880,仰龍驤,1
1881,龍驤幹,1
1882,驤幹有,1
1883,幹有千,1
1884,有千尋,1
1885,千尋竦,1
1886,尋竦精,1
1887,竦精聞,1
1888,精聞百,1
1889,聞百煉,1
1890,百煉鋼,1
1891,煉鋼茂,1
1892,鋼茂功,1
1893,茂功期,1
1894,功期舜,1
1895,期舜禹,1
1896,舜禹高,1
1897,禹高韻,1
1898,高韻狀,1
1899,韻狀羲,1
1900,狀羲黃,1
1901,羲黃足,1
1902,黃足逸,1
1903,足逸詩,1
1904,逸詩書,1
1905,詩書囿,1
1906,書囿鋒,1
1907,囿鋒搖,1
1908,鋒搖翰,1
1909,搖翰墨,1
1910,翰墨場,1
1911,墨場雅,1
1912,場雅歌,1
1913,雅歌張,1
1914,歌張仲,1
1915,張仲德,1
1916,仲德頌,1
1917,德頌祝,1
1918,頌祝魯,1
1919,祝魯侯,1
1920,魯侯昌,1
1921,侯昌憲,1
1922,昌憲府,1
1923,憲府初,1
1924,府初騰,1
1925,初騰價,1
1926,騰價神,1
1927,價神州,1
1928,神州轉,1
1929,州轉耀,1
1930,轉耀鋩,1
1931,耀鋩右,1
1932,鋩右言,1
1933,右言盈,1
1934,言盈簡,1
1935,盈簡策,1
1936,簡策左,1
1937,策左轄,1
1938,左轄備,1
1939,轄備條,1
1940,備條綱,1
1941,條綱響,1
1942,綱響切,1
1943,響切晨,1
1944,切晨趨,1
1945,晨趨佩,1
1946,趨佩煙,1
1947,佩煙濃,1
1948,煙濃近,1
1949,濃近侍,1
1950,近侍香,1
1951,侍香司,1
1952,香司儀,1
1953,司儀六,1
1954,儀六禮,1
1955,六禮洽,1
1956,禮洽論,1
1957,洽論將,1
1958,論將七,1
1959,將七兵,1
1960,七兵揚,1
1961,兵揚合,1
1962,揚合樂,1
1963,合樂來,1
1964,樂來儀,1
1965,來儀鳳,1
1966,儀鳳尊,1
1967,鳳尊祠,1
1968,尊祠重,1
1969,祠重餼,1
1970,重餼羊,1
1971,餼羊卿,1
1972,羊卿材,1
1973,卿材優,1
1974,材優柱,1
1975,優柱石,1
1976,柱石公,1
1977,石公器,1
1978,公器擅,1
1979,器擅岩,1
1980,擅岩廊,1
1981,岩廊峻,1
1982,廊峻節,1
1983,峻節臨,1
1984,節臨衡,1
1985,臨衡嶠,1
1986,衡嶠和,1
1987,嶠和風,1
1988,和風滿,1
1989,風滿豫,1
1990,滿豫章,1
1991,豫章人,1
1992,章人歸,1
1993,人歸父,1
1994,歸父母,1
1995,父母育,1
1996,母育郡,1
1997,育郡得,1
1998,郡得股,1
1999,得股肱,1
2000,股肱良,1
2001,肱良細,1
2002,良細故,1
2003,細故誰,1
2004,故誰留,1
2005,誰留念,1
2006,留念煩,1
2007,念煩言,1
2008,煩言肯,1
2009,言肯過,1
2010,肯過防,1
2011,過防璧,1
2012,防璧非,1
2013,璧非真,1
2014,非真盜,1
2015,真盜客,1
2016,盜客金,1
2017,客金有,1
2018,金有誤,1
2019,有誤持,1
2020,誤持郎,1
2021,持郎龜,1
2022,郎龜虎,1
2023,龜虎休,1
2024,虎休前,1
2025,休前寄,1
2026,前寄貂,1
2027,寄貂蟬,1
2028,貂蟬冠,1
2029,蟬冠舊,1
2030,冠舊行,1
2031,舊行訓,1
2032,行訓刑,1
2033,訓刑方,1
2034,刑方命,1
2035,方命呂,1
2036,命呂理,1
2037,呂理劇,1
2038,理劇複,1
2039,劇複推,1
2040,複推張,1
2041,推張直,1
2042,張直用,1
2043,直用明,1
2044,用明銷,1
2045,明銷惡,1
2046,銷惡還,1
2047,惡還將,1
2048,還將道,1
2049,將道勝,1
2050,道勝剛,1
2051,勝剛敬,1
2052,剛敬逾,1
2053,敬逾齊,1
2054,逾齊國,1
2055,齊國社,1
2056,國社恩,1
2057,社恩比,1
2058,恩比召,1
2059,比召南,1
2060,召南棠,1
2061,南棠希,1
2062,棠希怨,1
2063,希怨猶,1
2064,怨猶逢,1
2065,猶逢怒,1
2066,逢怒多,1
2067,怒多容,1
2068,多容競,1
2069,容競忤,1
2070,競忤強,1
2071,忤強火,1
2072,強火炎,1
2073,火炎侵,1
2074,炎侵琬,1
2075,侵琬琰,1
2076,琬琰鷹,1
2077,琰鷹擊,1
2078,鷹擊謬,1
2079,擊謬鸞,1
2080,謬鸞凰,1
2081,鸞凰刻,1
2082,凰刻木,1
2083,刻木終,1
2084,木終難,1
2085,終難對,1
2086,難對焚,1
2087,對焚芝,1
2088,焚芝未,1
2089,芝未改,1
2090,未改芳,1
2091,改芳遠,1
2092,芳遠遷,1
2093,遠遷逾,1
2094,遷逾桂,1
2095,逾桂嶺,1
2096,桂嶺中,1
2097,嶺中徙,1
2098,中徙滯,1
2099,徙滯餘,1
2100,滯餘杭,1
2101,餘杭顧,1
2102,杭顧土,1
2103,顧土雖,1
2104,土雖懷,1
2105,雖懷趙,1
2106,懷趙知,1
2107,趙知天,1
2108,知天詎,1
2109,天詎畏,1
2110,詎畏匡,1
2111,畏匡論,1
2112,匡論嫌,1
2113,論嫌齊,1
2114,嫌齊物,1
2115,齊物誕,1
2116,物誕騷,1
2117,誕騷愛,1
2118,騷愛遠,1
2119,愛遠遊,1
2120,遠遊傷,1
2121,遊傷麗,1
2122,傷麗澤,1
2123,麗澤周,1
2124,澤周群,1
2125,周群品,1
2126,群品重,1
2127,品重明,1
2128,重明照,1
2129,明照萬,1
2130,照萬方,1
2131,萬方鬥,1
2132,方鬥間,1
2133,鬥間收,1
2134,間收紫,1
2135,收紫氣,1
2136,紫氣臺,1
2137,氣臺上,1
2138,臺上掛,1
2139,上掛清,1
2140,掛清光,1
2141,清光福,1
2142,光福為,1
2143,福為深,1
2144,為深仁,1
2145,深仁集,1
2146,仁集妖,1
2147,集妖從,1
2148,妖從盛,1
2149,從盛德,1
2150,盛德禳,1
2151,德禳秦,1
2152,禳秦民,1
2153,秦民啼,1
2154,民啼畎,1
2155,啼畎畝,1
2156,畎畝周,1
2157,畝周士,1
2158,周士舞,1
2159,士舞康,1
2160,舞康莊,1
2161,康莊采,1
2162,莊采綬,1
2163,采綬還,1
2164,綬還垂,1
2165,還垂艾,1
2166,垂艾華,1
2167,艾華簪,1
2168,華簪更,1
2169,簪更截,1
2170,更截肪,1
2171,截肪高,1
2172,肪高居,1
2173,高居遷,1
2174,居遷鼎,1
2175,遷鼎邑,1
2176,鼎邑遙,1
2177,邑遙傅,1
2178,遙傅好,1
2179,傅好書,1
2180,好書王,1
2181,書王碧,1
2182,王碧樹,1
2183,碧樹環,1
2184,樹環金,1
2185,環金穀,1
2186,金穀丹,1
2187,穀丹霞,1
2188,丹霞映,1
2189,霞映上,1
2190,映上陽,1
2191,上陽留,1
2192,陽留歡,1
2193,留歡唱,1
2194,歡唱容,1
2195,唱容與,1
2196,容與要,1
2197,與要醉,1
2198,要醉對,1
2199,醉對清,1
2200,對清涼,1
2201,清涼故,1
2202,涼故友,1
2203,故友仍,1
2204,友仍同,1
2205,仍同裏,1
2206,同裏常,1
2207,裏常僚,1
2208,常僚每,1
2209,僚每合,1
2210,每合堂,1
2211,合堂淵,1
2212,堂淵龍,1
2213,淵龍過,1
2214,龍過許,1
2215,過許劭,1
2216,許劭冰,1
2217,劭冰鯉,1
2218,冰鯉吊,1
2219,鯉吊王,1
2220,吊王祥,1
2221,王祥玉,1
2222,祥玉漏,1
2223,玉漏天,1
2224,漏天門,1
2225,天門靜,1
2226,門靜銅,1
2227,靜銅駝,1
2228,銅駝禦,1
2229,駝禦路,1
2230,禦路荒,1
2231,路荒澗,1
2232,荒澗瀍,1
2233,澗瀍秋,1
2234,瀍秋瀲,1
2235,秋瀲灩,1
2236,瀲灩嵩,1
2237,灩嵩少,1
2238,嵩少暮,1
2239,少暮微,1
2240,暮微茫,1
2241,微茫遵,1
2242,茫遵渚,1
2243,遵渚徒,1
2244,渚徒雲,1
2245,徒雲樂,1
2246,雲樂沖,1
2247,樂沖天,1
2248,沖天自,1
2249,天自不,1
2250,自不遑,1
2251,不遑降,1
2252,遑降神,1
2253,降神終,1
2254,神終入,1
2255,終入輔,1
2256,入輔種,1
2257,輔種德,1
2258,種德會,1
2259,德會明,1
2260,會明揚,1
2261,明揚獨,1
2262,揚獨棄,1
2263,獨棄傖,1
2264,棄傖人,1
2265,傖人國,1
2266,人國難,1
2267,國難窺,1
2268,難窺夫,1
2269,窺夫子,1
2270,夫子牆,1
2271,子牆通,1
2272,牆通家,1
2273,通家殊,1
2274,家殊孔,1
2275,殊孔李,1
2276,孔李舊,1
2277,李舊好,1
2278,舊好即,1
2279,好即潘,1
2280,即潘楊,1
2281,潘楊世,1
2282,楊世議,1
2283,世議排,1
2284,議排張,1
2285,排張摯,1
2286,張摯時,1
2287,摯時情,1
2288,時情棄,1
2289,情棄仲,1
2290,棄仲翔,1
2291,仲翔不,1
2292,翔不言,1
2293,不言縲,1
2294,言縲絏,1
2295,縲絏枉,1
2296,絏枉徒,1
2297,枉徒恨,1
2298,徒恨纆,1
2299,恨纆徽,1
2300,纆徽長,1
2301,徽長賈,1
2302,長賈賦,1
2303,賈賦愁,1
2304,賦愁單,1
2305,愁單閼,1
2306,單閼鄒,1
2307,閼鄒書,1
2308,鄒書怯,1
2309,書怯大,1
2310,怯大樑,1
2311,大樑炯,1
2312,樑炯心,1
2313,炯心那,1
2314,心那自,1
2315,那自是,1
2316,自是昭,1
2317,是昭世,1
2318,昭世懶,1
2319,世懶佯,1
2320,懶佯狂,1
2321,佯狂鳴,1
2322,狂鳴玉,1
2323,鳴玉機,1
2324,玉機全,1
2325,機全息,1
2326,全息懷,1
2327,息懷沙,1
2328,懷沙事,1
2329,沙事不,1
2330,事不忘,1
2331,不忘戀,1
2332,忘戀恩,1
2333,戀恩何,1
2334,恩何敢,1
2335,何敢死,1
2336,敢死垂,1
2337,死垂淚,1
2338,垂淚對,1
2339,淚對清,1
2340,對清湘,1
2341,清湘金,1
2342,湘金馬,1
2343,金馬嘗,1
2344,馬嘗齊,1
2345,嘗齊入,1
2346,齊入銅,1
2347,入銅魚,1
2348,銅魚亦,1
2349,魚亦共,1
2350,亦共頒,1
2351,共頒疑,1
2352,頒疑山,1
2353,疑山看,1
2354,山看積,1
2355,看積翠,1
2356,積翠湞,1
2357,翠湞水,1
2358,湞水想,1
2359,水想澄,1
2360,想澄灣,1
2361,澄灣標,1
2362,灣標榜,1
2363,標榜同,1
2364,榜同驚,1
2365,同驚俗,1
2366,驚俗清,1
2367,俗清明,1
2368,清明兩,1
2369,明兩照,1
2370,兩照奸,1
2371,照奸乘,1
2372,奸乘軺,1
2373,乘軺參,1
2374,軺參孔,1
2375,參孔僅,1
2376,孔僅按,1
2377,僅按節,1
2378,按節服,1
2379,節服侯,1
2380,服侯狦,1
2381,侯狦賈,1
2382,狦賈傅,1
2383,賈傅辭,1
2384,傅辭甯,1
2385,辭甯切,1
2386,甯切虞,1
2387,切虞童,1
2388,虞童發,1
2389,童發未,1
2390,發未秉,1
2391,未秉心,1
2392,秉心方,1
2393,心方的,1
2394,方的的,1
2395,的的騰,1
2396,的騰口,1
2397,騰口任,1
2398,口任聖,1
2399,任聖理,1
2400,聖理高,1
2401,理高懸,1
2402,高懸象,1
2403,懸象爰,1
2404,象爰書,1
2405,爰書降,1
2406,書降罰,1
2407,降罰鍰,1
2408,罰鍰德,1
2409,鍰德風,1
2410,德風流,1
2411,風流海,1
2412,流海外,1
2413,海外和,1
2414,外和氣,1
2415,和氣滿,1
2416,氣滿人,1
2417,滿人寰,1
2418,人寰禦,1
2419,寰禦魅,1
2420,禦魅恩,1
2421,魅恩猶,1
2422,恩猶貸,1
2423,猶貸思,1
2424,貸思賢,1
2425,思賢淚,1
2426,賢淚自,1
2427,淚自潸,1
2428,自潸在,1
2429,潸在亡,1
2430,在亡均,1
2431,亡均寂,1
2432,均寂寞,1
2433,寂寞零,1
2434,寞零落,1
2435,零落間,1
2436,落間惸,1
2437,間惸鰥,1
2438,惸鰥夙,1
2439,鰥夙志,1
2440,夙志隨,1
2441,志隨憂,1
2442,隨憂盡,1
2443,憂盡殘,1
2444,盡殘肌,1
2445,殘肌觸,1
2446,肌觸瘴,1
2447,觸瘴月,1
2448,瘴月光,1
2449,月光搖,1
2450,光搖淺,1
2451,搖淺瀨,1
2452,淺瀨風,1
2453,瀨風韻,1
2454,風韻碎,1
2455,韻碎枯,1
2456,碎枯菅,1
2457,枯菅海,1
2458,菅海俗,1
2459,海俗衣,1
2460,俗衣猶,1
2461,衣猶卉,1
2462,猶卉山,1
2463,卉山夷,1
2464,山夷髻,1
2465,夷髻不,1
2466,髻不鬟,1
2467,不鬟泥,1
2468,鬟泥沙,1
2469,泥沙潛,1
2470,沙潛虺,1
2471,潛虺蜮,1
2472,虺蜮榛,1
2473,蜮榛莽,1
2474,榛莽鬥,1
2475,莽鬥豺,1
2476,鬥豺獌,1
2477,豺獌循,1
2478,獌循省,1
2479,循省誠,1
2480,省誠知,1
2481,誠知懼,1
2482,知懼安,1
2483,懼安排,1
2484,安排只,1
2485,排只自,1
2486,只自憪,1
2487,自憪食,1
2488,憪食貧,1
2489,食貧甘,1
2490,貧甘莽,1
2491,甘莽鹵,1
2492,莽鹵被,1
2493,鹵被褐,1
2494,被褐謝,1
2495,褐謝斕,1
2496,謝斕斒,1
2497,斕斒遠,1
2498,斒遠物,1
2499,遠物裁,1
2500,物裁青,1
2501,裁青罽,1
2502,青罽時,1
2503,罽時珍,1
2504,時珍饌,1
2505,珍饌白,1
2506,饌白鷳,1
2507,白鷳長,1
2508,鷳長捐,1
2509,長捐楚,1
2510,捐楚客,1
2511,楚客佩,1
2512,客佩未,1
2513,佩未賜,1
2514,未賜大,1
2515,賜大夫,1
2516,大夫環,1
2517,夫環異,1
2518,環異政,1
2519,異政徒,1
2520,政徒雲,1
2521,徒雲仰,1
2522,雲仰高,1
2523,仰高蹤,1
2524,高蹤不,1
2525,蹤不可,1
2526,可攀空,1
2527,攀空勞,1
2528,空勞慰,1
2529,勞慰憔,1
2530,慰憔悴,1
2531,憔悴妍,1
2532,悴妍唱,1
2533,妍唱劇,1
2534,唱劇妖,1
2535,劇妖嫻,1
2536,妖嫻遠,1
2537,嫻遠棄,1
2538,遠棄甘,1
2539,棄甘幽,1
2540,甘幽獨,1
2541,幽獨誰,1
2542,獨誰雲,1
2543,誰雲值,1
2544,雲值故,1
2545,值故人,1
2546,故人好,1
2547,人好音,1
2548,好音憐,1
2549,音憐鎩,1
2550,憐鎩羽,1
2551,鎩羽濡,1
2552,羽濡沫,1
2553,濡沫慰,1
2554,沫慰窮,1
2555,慰窮鱗,1
2556,窮鱗困,1
2557,鱗困志,1
2558,困志情,1
2559,志情惟,1
2560,情惟舊,1
2561,惟舊相,1
2562,舊相知,1
2563,相知樂,1
2564,知樂更,1
2565,樂更新,1
2566,更新浪,1
2567,新浪遊,1
2568,浪遊輕,1
2569,遊輕費,1
2570,輕費日,1
2571,費日醉,1
2572,日醉舞,1
2573,醉舞詎,1
2574,舞詎傷,1
2575,詎傷春,1
2576,傷春風,1
2577,春風月,1
2578,風月歡,1
2579,月歡寧,1
2580,歡寧間,1
2581,寧間星,1
2582,間星霜,1
2583,星霜分,1
2584,霜分益,1
2585,分益親,1
2586,益親已,1
2587,親已將,1
2588,已將名,1
2589,將名是,1
2590,名是患,1
2591,是患還,1
2592,患還用,1
2593,還用道,1
2594,用道為,1
2595,道為鄰,1
2596,為鄰機,1
2597,鄰機事,1
2598,機事齊,1
2599,事齊飄,1
2600,齊飄瓦,1
2601,飄瓦嫌,1
2602,瓦嫌猜,1
2603,嫌猜比,1
2604,猜比拾,1
2605,比拾塵,1
2606,拾塵高,1
2607,塵高冠,1
2608,高冠餘,1
2609,冠餘肯,1
2610,餘肯賦,1
2611,肯賦長,1
2612,賦長鋏,1
2613,長鋏子,1
2614,鋏子忘,1
2615,子忘貧,1
2616,忘貧晼,1
2617,貧晼晚,1
2618,晼晚驚,1
2619,晚驚移,1
2620,驚移律,1
2621,移律暌,1
2622,律暌攜,1
2623,暌攜忽,1
2624,攜忽此,1
2625,忽此辰,1
2626,此辰開,1
2627,辰開顏,1
2628,開顏時,1
2629,顏時不,1
2630,時不再,1
2631,不再絆,1
2632,再絆足,1
2633,絆足去,1
2634,足去何,1
2635,去何因,1
2636,何因海,1
2637,因海上,1
2638,海上銷,1
2639,上銷魂,1
2640,銷魂別,1
2641,魂別天,1
2642,別天邊,1
2643,天邊吊,1
2644,邊吊影,1
2645,吊影身,1
2646,影身只,1
2647,身只應,1
2648,只應西,1
2649,應西澗,1
2650,西澗水,1
2651,澗水寂,1
2652,水寂寞,1
2653,寂寞但,1
2654,寞但垂,1
2655,但垂綸,1
2656,垂綸客,1
2657,綸客有,1
2658,客有故,1
2659,有故園,1
2660,故園思,1
2661,園思瀟,1
2662,思瀟湘,1
2663,瀟湘生,1
2664,湘生夜,1
2665,生夜愁,1
2666,夜愁病,1
2667,愁病依,1
2668,病依居,1
2669,依居士,1
2670,居士室,1
2671,士室夢,1
2672,室夢繞,1
2673,夢繞羽,1
2674,繞羽人,1
2675,羽人丘,1
2676,人丘味,1
2677,丘味道,1
2678,味道憐,1
2679,道憐知,1
2680,憐知止,1
2681,知止遺,1
2682,止遺名,1
2683,遺名得,1
2684,名得自,1
2685,得自求,1
2686,自求壁,1
2687,求壁空,1
2688,壁空殘,1
2689,空殘月,1
2690,殘月曙,1
2691,月曙門,1
2692,曙門掩,1
2693,門掩候,1
2694,掩候蟲,1
2695,候蟲秋,1
2696,蟲秋謬,1
2697,秋謬委,1
2698,謬委雙,1
2699,委雙金,1
2700,雙金重,1
2701,金重難,1
2702,重難征,1
2703,難征雜,1
2704,征雜佩,1
2705,雜佩酬,1
2706,佩酬碧,1
2707,酬碧霄,1
2708,碧霄無,1
2709,霄無枉,1
2710,無枉路,1
2711,枉路徒,1
2712,路徒此,1
2713,徒此助,1
2714,此助離,1
2715,助離憂,1
2716,離憂稍,1
2717,憂稍稍,1
2718,稍稍雨,1
2719,稍雨侵,1
2720,雨侵竹,1
2721,侵竹翻,1
2722,竹翻翻,1
2723,翻翻鵲,1
2724,翻鵲驚,1
2725,鵲驚叢,1
2726,驚叢美,1
2727,叢美人,1
2728,美人隔,1
2729,人隔湘,1
2730,隔湘浦,1
2731,湘浦一,1
2732,浦一夕,1
2733,一夕生,1
2734,夕生秋,1
2735,生秋風,1
2736,秋風積,1
2737,風積霧,1
2738,積霧杳,1
2739,霧杳難,1
2740,杳難極,1
2741,難極滄,1
2742,極滄波,1
2743,滄波浩,1
2744,波浩無,1
2745,浩無窮,1
2746,無窮相,1
2747,窮相思,1
2748,相思豈,1
2749,思豈雲,1
2750,豈雲遠,1
2751,雲遠即,1
2752,遠即席,1
2753,即席莫,1
2754,席莫與,1
2755,莫與同,1
2756,與同若,1
2757,同若人,1
2758,若人抱,1
2759,人抱奇,1
2760,抱奇音,1
2761,奇音朱,1
2762,音朱弦,1
2763,朱弦縆,1
2764,弦縆枯,1
2765,縆枯桐,1
2766,枯桐清,1
2767,桐清商,1
2768,清商激,1
2769,商激西,1
2770,激西顥,1
2771,西顥泛,1
2772,顥泛灩,1
2773,泛灩淩,1
2774,灩淩長,1
2775,淩長空,1
2776,長空自,1
2777,空自得,1
2778,自得本,1
2779,得本無,1
2780,本無作,1
2781,無作天,1
2782,作天成,1
2783,天成諒,1
2784,成諒非,1
2785,諒非功,1
2786,非功希,1
2787,功希聲,1
2788,希聲閟,1
2789,聲閟大,1
2790,閟大樸,1
2791,大樸聾,1
2792,樸聾俗,1
2793,聾俗何,1
2794,俗何由,1
2795,何由聰,1
2796,由聰汲,1
2797,聰汲井,1
2798,汲井漱,1
2799,井漱寒,1
2800,漱寒齒,1
2801,寒齒清,1
2802,齒清心,1
2803,清心拂,1
2804,心拂塵,1
2805,拂塵服,1
2806,塵服閑,1
2807,服閑持,1
2808,閑持貝,1
2809,持貝葉,1
2810,貝葉書,1
2811,葉書步,1
2812,書步出,1
2813,步出東,1
2814,出東齋,1
2815,東齋讀,1
2816,齋讀真,1
2817,讀真源,1
2818,真源了,1
2819,源了無,1
2820,了無取,1
2821,無取妄,1
2822,取妄跡,1
2823,妄跡世,1
2824,跡世所,1
2825,世所逐,1
2826,所逐遺,1
2827,逐遺言,1
2828,遺言冀,1
2829,言冀可,1
2830,冀可冥,1
2831,可冥繕,1
2832,冥繕性,1
2833,繕性何,1
2834,性何由,1
2835,何由熟,1
2836,由熟道,1
2837,熟道人,1
2838,道人庭,1
2839,人庭宇,1
2840,庭宇靜,1
2841,宇靜苔,1
2842,靜苔色,1
2843,苔色連,1
2844,色連深,1
2845,連深竹,1
2846,深竹日,1
2847,竹日出,1
2848,日出霧,1
2849,出霧露,1
2850,霧露餘,1
2851,露餘青,1
2852,餘青松,1
2853,青松如,1
2854,松如膏,1
2855,如膏沐,1
2856,膏沐澹,1
2857,沐澹然,1
2858,澹然離,1
2859,然離言,1
2860,離言說,1
2861,言說悟,1
2862,說悟悅,1
2863,悟悅心,1
2864,悅心自,1
2865,心自足,1
2866,自足老,1
2867,足老僧,1
2868,老僧道,1
2869,僧道機,1
2870,道機熟,1
2871,機熟默,1
2872,熟默語,1
2873,默語心,1
2874,語心皆,1
2875,心皆寂,1
2876,皆寂去,1
2877,寂去歲,1
2878,去歲別,1
2879,歲別舂,1
2880,別舂陵,1
2881,舂陵沿,1
2882,陵沿流,1
2883,沿流此,1
2884,流此投,1
2885,此投跡,1
2886,投跡室,1
2887,跡室空,1
2888,室空無,1
2889,空無侍,1
2890,無侍者,1
2891,侍者巾,1
2892,者巾屨,1
2893,巾屨唯,1
2894,屨唯掛,1
2895,唯掛壁,1
2896,掛壁一,1
2897,壁一飯,1
2898,一飯不,1
2899,飯不願,1
2900,不願餘,1
2901,願餘跏,1
2902,餘跏趺,1
2903,跏趺便,1
2904,趺便終,1
2905,便終夕,1
2906,終夕風,1
2907,夕風窗,1
2908,風窗疏,1
2909,窗疏竹,1
2910,疏竹響,1
2911,竹響露,1
2912,響露井,1
2913,露井寒,1
2914,井寒松,1
2915,寒松滴,1
2916,松滴偶,1
2917,滴偶地,1
2918,偶地即,1
2919,地即安,1
2920,即安居,1
2921,安居滿,1
2922,居滿庭,1
2923,滿庭芳,1
2924,庭芳草,1
2925,芳草積,1
2926,草積芳,1
2927,積芳叢,1
2928,芳叢翳,1
2929,叢翳湘,1
2930,翳湘竹,1
2931,湘竹零,1
2932,竹零露,1
2933,零露凝,1
2934,露凝清,1
2935,凝清華,1
2936,清華複,1
2937,華複此,1
2938,複此雪,1
2939,此雪山,1
2940,雪山客,1
2941,山客晨,1
2942,客晨朝,1
2943,晨朝掇,1
2944,朝掇靈,1
2945,掇靈芽,1
2946,靈芽蒸,1
2947,芽蒸煙,1
2948,蒸煙俯,1
2949,煙俯石,1
2950,俯石瀨,1
2951,石瀨咫,1
2952,瀨咫尺,1
2953,咫尺淩,1
2954,尺淩丹,1
2955,淩丹崖,1
2956,丹崖圓,1
2957,崖圓方,1
2958,圓方麗,1
2959,方麗奇,1
2960,麗奇色,1
2961,奇色圭,1
2962,色圭璧,1
2963,圭璧無,1
2964,璧無纖,1
2965,無纖瑕,1
2966,纖瑕呼,1
2967,瑕呼兒,1
2968,呼兒爨,1
2969,兒爨金,1
2970,爨金鼎,1
2971,金鼎餘,1
2972,鼎餘馥,1
2973,餘馥延,1
2974,馥延幽,1
2975,延幽遐,1
2976,幽遐滌,1
2977,遐滌慮,1
2978,滌慮發,1
2979,慮發真,1
2980,發真照,1
2981,真照還,1
2982,照還源,1
2983,還源蕩,1
2984,源蕩昏,1
2985,蕩昏邪,1
2986,昏邪猶,1
2987,邪猶同,1
2988,猶同甘,1
2989,同甘露,1
2990,甘露飯,1
2991,露飯佛,1
2992,飯佛事,1
2993,佛事熏,1
2994,事熏毗,1
2995,熏毗耶,1
2996,毗耶咄,1
2997,耶咄此,1
2998,咄此蓬,1
2999,此蓬瀛,1
3000,蓬瀛侶,1
3001,瀛侶無,1
3002,侶無乃,1
3003,無乃貴,1
3004,乃貴流,1
3005,貴流霞,1
3006,流霞理,1
3007,霞理世,1
3008,理世固,1
3009,世固輕,1
3010,固輕士,1
3011,輕士棄,1
3012,士棄捐,1
3013,棄捐湘,1
3014,捐湘之,1
3015,湘之湄,1
3016,之湄陽,1
3017,湄陽光,1
3018,陽光競,1
3019,光競四,1
3020,競四溟,1
3021,四溟敲,1
3022,溟敲石,1
3023,敲石安,1
3024,石安所,1
3025,安所施,1
3026,所施鎩,1
3027,施鎩羽,1
3028,鎩羽集,1
3029,羽集枯,1
3030,集枯乾,1
3031,枯乾低,1
3032,乾低昂,1
3033,低昂互,1
3034,昂互鳴,1
3035,互鳴悲,1
3036,鳴悲朔,1
3037,悲朔雲,1
3038,朔雲吐,1
3039,雲吐風,1
3040,吐風寒,1
3041,風寒寂,1
3042,寒寂曆,1
3043,寂曆窮,1
3044,曆窮秋,1
3045,窮秋時,1
3046,秋時君,1
3047,時君子,1
3048,君子尚,1
3049,子尚容,1
3050,尚容與,1
3051,容與小,1
3052,與小人,1
3053,小人守,1
3054,人守競,1
3055,守競危,1
3056,競危慘,1
3057,危慘淒,1
3058,慘淒日,1
3059,淒日相,1
3060,日相視,1
3061,相視離,1
3062,視離憂,1
3063,離憂坐,1
3064,憂坐自,1
3065,坐自滋,1
3066,自滋尊,1
3067,滋尊酒,1
3068,尊酒聊,1
3069,酒聊可,1
3070,聊可酌,1
3071,可酌放,1
3072,酌放歌,1
3073,放歌諒,1
3074,歌諒徒,1
3075,諒徒為,1
3076,徒為惜,1
3077,為惜無,1
3078,惜無協,1
3079,無協律,1
3080,協律者,1
3081,律者窈,1
3082,者窈眇,1
3083,窈眇弦,1
3084,眇弦吾,1
3085,弦吾詩,1
3086,吾詩界,1
3087,詩界圍,1
3088,界圍匯,1
3089,圍匯湘,1
3090,匯湘曲,1
3091,湘曲青,1
3092,曲青壁,1
3093,青壁環,1
3094,壁環澄,1
3095,環澄流,1
3096,澄流懸,1
3097,流懸泉,1
3098,懸泉粲,1
3099,泉粲成,1
3100,粲成簾,1
3101,成簾羅,1
3102,簾羅注,1
3103,羅注無,1
3104,注無時,1
3105,無時休,1
3106,時休韻,1
3107,休韻磬,1
3108,韻磬叩,1
3109,磬叩凝,1
3110,叩凝碧,1
3111,凝碧鏘,1
3112,碧鏘鏘,1
3113,鏘鏘徹,1
3114,鏘徹岩,1
3115,徹岩幽,1
3116,岩幽丹,1
3117,幽丹霞,1
3118,丹霞冠,1
3119,霞冠其,1
3120,冠其巔,1
3121,其巔想,1
3122,巔想像,1
3123,想像淩,1
3124,像淩虛,1
3125,淩虛遊,1
3126,虛遊靈,1
3127,遊靈境,1
3128,靈境不,1
3129,境不可,1
3130,不可狀,1
3131,可狀鬼,1
3132,狀鬼工,1
3133,鬼工諒,1
3134,工諒難,1
3135,諒難求,1
3136,難求忽,1
3137,求忽如,1
3138,忽如朝,1
3139,如朝玉,1
3140,朝玉皇,1
3141,玉皇天,1
3142,皇天冕,1
3143,天冕垂,1
3144,冕垂前,1
3145,垂前旒,1
3146,前旒楚,1
3147,旒楚臣,1
3148,楚臣昔,1
3149,臣昔南,1
3150,昔南逐,1
3151,南逐有,1
3152,逐有意,1
3153,有意仍,1
3154,意仍丹,1
3155,仍丹丘,1
3156,丹丘今,1
3157,丘今我,1
3158,今我始,1
3159,我始北,1
3160,始北旋,1
3161,北旋新,1
3162,旋新詔,1
3163,新詔釋,1
3164,詔釋縲,1
3165,釋縲囚,1
3166,縲囚采,1
3167,囚采真,1
3168,采真誠,1
3169,真誠眷,1
3170,誠眷戀,1
3171,眷戀許,1
3172,戀許國,1
3173,許國無,1
3174,國無淹,1
3175,無淹留,1
3176,淹留再,1
3177,留再來,1
3178,再來寄,1
3179,來寄幽,1
3180,寄幽夢,1
3181,幽夢遺,1
3182,夢遺貯,1
3183,遺貯催,1
3184,貯催行,1
3185,催行舟,1
3186,行舟漢,1
3187,舟漢家,1
3188,漢家三,1
3189,家三十,1
3190,三十六,1
3191,十六將,1
3192,六將軍,1
3193,將軍東,1
3194,軍東方,1
3195,東方雷,1
3196,方雷動,1
3197,雷動橫,1
3198,動橫陣,1
3199,橫陣雲,1
3200,陣雲雞,1
3201,雲雞鳴,1
3202,雞鳴函,1
3203,鳴函穀,1
3204,函穀客,1
3205,穀客如,1
3206,客如霧,1
3207,如霧貌,1
3208,霧貌同,1
3209,貌同心,1
3210,同心異,1
3211,心異不,1
3212,異不可,1
3213,不可數,1
3214,可數赤,1
3215,數赤丸,1
3216,赤丸夜,1
3217,丸夜語,1
3218,夜語飛,1
3219,語飛電,1
3220,飛電光,1
3221,電光徼,1
3222,光徼巡,1
3223,徼巡司,1
3224,巡司隸,1
3225,司隸眠,1
3226,隸眠如,1
3227,眠如羊,1
3228,如羊當,1
3229,羊當街,1
3230,當街一,1
3231,街一叱,1
3232,一叱百,1
3233,叱百吏,1
3234,百吏走,1
3235,吏走馮,1
3236,走馮敬,1
3237,馮敬胸,1
3238,敬胸中,1
3239,胸中函,1
3240,中函匕,1
3241,函匕首,1
3242,匕首凶,1
3243,首凶徒,1
3244,凶徒側,1
3245,徒側耳,1
3246,側耳潛,1
3247,耳潛愜,1
3248,潛愜心,1
3249,愜心悍,1
3250,心悍臣,1
3251,悍臣破,1
3252,臣破膽,1
3253,破膽皆,1
3254,膽皆杜,1
3255,皆杜口,1
3256,杜口魏,1
3257,口魏王,1
3258,魏王臥,1
3259,王臥內,1
3260,臥內藏,1
3261,內藏兵,1
3262,藏兵符,1
3263,兵符子,1
3264,符子西,1
3265,子西掩,1
3266,西掩袂,1
3267,掩袂真,1
3268,袂真無,1
3269,真無辜,1
3270,無辜羌,1
3271,辜羌胡,1
3272,羌胡轂,1
3273,胡轂下,1
3274,轂下一,1
3275,下一朝,1
3276,一朝起,1
3277,朝起敵,1
3278,起敵國,1
3279,敵國舟,1
3280,國舟中,1
3281,舟中非,1
3282,中非所,1
3283,非所擬,1
3284,所擬安,1
3285,擬安陵,1
3286,安陵誰,1
3287,陵誰辨,1
3288,誰辨削,1
3289,辨削礪,1
3290,削礪功,1
3291,礪功韓,1
3292,功韓國,1
3293,韓國詎,1
3294,國詎明,1
3295,詎明深,1
3296,明深井,1
3297,深井裏,1
3298,井裏絕,1
3299,裏絕胭,1
3300,絕胭斷,1
3301,胭斷骨,1
3302,斷骨那,1
3303,骨那下,1
3304,那下補,1
3305,下補萬,1
3306,補萬金,1
3307,萬金寵,1
3308,金寵贈,1
3309,寵贈不,1
3310,贈不如,1
3311,不如土,1
3312,如土初,1
3313,土初拜,1
3314,初拜柳,1
3315,拜柳州,1
3316,柳州出,1
3317,州出東,1
3318,出東郊,1
3319,東郊道,1
3320,郊道旁,1
3321,道旁相,1
3322,旁相送,1
3323,相送皆,1
3324,送皆賢,1
3325,皆賢豪,1
3326,賢豪回,1
3327,豪回眸,1
3328,回眸炫,1
3329,眸炫晃,1
3330,炫晃別,1
3331,晃別群,1
3332,別群玉,1
3333,群玉獨,1
3334,玉獨赴,1
3335,獨赴異,1
3336,赴異域,1
3337,異域穿,1
3338,域穿蓬,1
3339,穿蓬蒿,1
3340,蓬蒿炎,1
3341,蒿炎煙,1
3342,炎煙六,1
3343,煙六月,1
3344,六月咽,1
3345,月咽口,1
3346,咽口鼻,1
3347,口鼻胸,1
3348,鼻胸鳴,1
3349,胸鳴肩,1
3350,鳴肩舉,1
3351,肩舉不,1
3352,舉不可,1
3353,不可逃,1
3354,可逃桂,1
3355,逃桂州,1
3356,桂州西,1
3357,州西南,1
3358,西南又,1
3359,南又千,1
3360,又千里,1
3361,千里漓,1
3362,里漓水,1
3363,漓水鬥,1
3364,水鬥石,1
3365,鬥石麻,1
3366,石麻蘭,1
3367,麻蘭高,1
3368,蘭高陰,1
3369,高陰森,1
3370,陰森野,1
3371,森野葛,1
3372,野葛交,1
3373,葛交蔽,1
3374,交蔽日,1
3375,蔽日懸,1
3376,日懸蛇,1
3377,懸蛇結,1
3378,蛇結虺,1
3379,結虺如,1
3380,虺如蒲,1
3381,如蒲萄,1
3382,蒲萄到,1
3383,萄到官,1
3384,到官數,1
3385,官數宿,1
3386,數宿賊,1
3387,宿賊滿,1
3388,賊滿野,1
3389,滿野縛,1
3390,野縛壯,1
3391,縛壯殺,1
3392,壯殺老,1
3393,殺老啼,1
3394,老啼且,1
3395,啼且號,1
3396,且號饑,1
3397,號饑行,1
3398,饑行夜,1
3399,行夜坐,1
3400,夜坐設,1
3401,坐設方,1
3402,設方略,1
3403,方略籠,1
3404,略籠銅,1
3405,籠銅枹,1
3406,銅枹鼓,1
3407,枹鼓手,1
3408,鼓手所,1
3409,手所操,1
3410,所操奇,1
3411,操奇瘡,1
3412,奇瘡釘,1
3413,瘡釘骨,1
3414,釘骨狀,1
3415,骨狀如,1
3416,狀如箭,1
3417,如箭鬼,1
3418,箭鬼手,1
3419,鬼手脫,1
3420,手脫命,1
3421,脫命爭,1
3422,命爭纖,1
3423,爭纖毫,1
3424,纖毫今,1
3425,毫今年,1
3426,今年噬,1
3427,年噬毒,1
3428,噬毒得,1
3429,毒得霍,1
3430,得霍疾,1
3431,霍疾支,1
3432,疾支心,1
3433,支心攪,1
3434,心攪腹,1
3435,攪腹戟,1
3436,腹戟與,1
3437,戟與刀,1
3438,與刀邇,1
3439,刀邇來,1
3440,邇來氣,1
3441,來氣少,1
3442,氣少筋,1
3443,少筋骨,1
3444,筋骨露,1
3445,骨露蒼,1
3446,露蒼白,1
3447,蒼白瀄,1
3448,白瀄汩,1
3449,瀄汩盈,1
3450,汩盈顛,1
3451,盈顛毛,1
3452,顛毛君,1
3453,毛君今,1
3454,君今矻,1
3455,今矻矻,1
3456,矻矻又,1
3457,矻又竄,1
3458,又竄逐,1
3459,竄逐辭,1
3460,逐辭賦,1
3461,辭賦已,1
3462,賦已複,1
3463,已複窮,1
3464,複窮詩,1
3465,窮詩騷,1
3466,詩騷神,1
3467,騷神兵,1
3468,神兵廟,1
3469,兵廟略,1
3470,廟略頻,1
3471,略頻破,1
3472,頻破虜,1
3473,破虜四,1
3474,虜四溟,1
3475,四溟不,1
3476,溟不日,1
3477,不日清,1
3478,日清風,1
3479,清風濤,1
3480,風濤聖,1
3481,濤聖恩,1
3482,聖恩倘,1
3483,恩倘忽,1
3484,倘忽念,1
3485,忽念地,1
3486,念地葦,1
3487,地葦十,1
3488,葦十年,1
3489,十年踐,1
3490,年踐蹈,1
3491,踐蹈久,1
3492,蹈久已,1
3493,久已勞,1
3494,已勞幸,1
3495,勞幸因,1
3496,幸因解,1
3497,因解網,1
3498,解網入,1
3499,網入鳥,1
3500,入鳥獸,1
3501,鳥獸畢,1
3502,獸畢命,1
3503,畢命江,1
3504,命江海,1
3505,江海終,1
3506,海終遊,1
3507,終遊遨,1
3508,遊遨願,1
3509,遨願言,1
3510,願言未,1
3511,言未果,1
3512,未果身,1
3513,果身益,1
3514,身益老,1
3515,益老起,1
3516,老起望,1
3517,起望東,1
3518,望東北,1
3519,東北心,1
3520,北心滔,1
3521,心滔滔,1
3522,滔滔郡,1
3523,滔郡樓,1
3524,郡樓有,1
3525,樓有遺,1
3526,有遺唱,1
3527,遺唱新,1
3528,唱新和,1
3529,新和敵,1
3530,和敵南,1
3531,敵南金,1
3532,南金境,1
3533,金境以,1
3534,境以道,1
3535,以道情,1
3536,道情得,1
3537,情得人,1
3538,得人期,1
3539,人期幽,1
3540,期幽夢,1
3541,幽夢尋,1
3542,夢尋層,1
3543,尋層軒,1
3544,層軒隔,1
3545,軒隔炎,1
3546,隔炎暑,1
3547,炎暑迥,1
3548,暑迥野,1
3549,迥野恣,1
3550,野恣窺,1
3551,恣窺臨,1
3552,窺臨鳳,1
3553,臨鳳去,1
3554,鳳去徽,1
3555,去徽音,1
3556,徽音續,1
3557,音續芝,1
3558,續芝焚,1
3559,芝焚芳,1
3560,焚芳意,1
3561,芳意深,1
3562,意深遊,1
3563,深遊鱗,1
3564,遊鱗出,1
3565,鱗出陷,1
3566,出陷浦,1
3567,陷浦唳,1
3568,浦唳鶴,1
3569,唳鶴繞,1
3570,鶴繞仙,1
3571,繞仙岑,1
3572,仙岑風,1
3573,岑風起,1
3574,風起三,1
3575,起三湘,1
3576,三湘浪,1
3577,湘浪雲,1
3578,浪雲生,1
3579,雲生萬,1
3580,生萬里,1
3581,萬里陰,1
3582,里陰宏,1
3583,陰宏規,1
3584,宏規齊,1
3585,規齊德,1
3586,齊德宇,1
3587,德宇麗,1
3588,宇麗藻,1
3589,麗藻競,1
3590,藻競詞,1
3591,競詞林,1
3592,詞林靜,1
3593,林靜契,1
3594,靜契分,1
3595,契分憂,1
3596,分憂術,1
3597,憂術閑,1
3598,術閑同,1
3599,閑同遲,1
3600,同遲客,1
3601,遲客心,1
3602,客心驊,1
3603,心驊騮,1
3604,驊騮當,1
3605,騮當遠,1
3606,當遠步,1
3607,遠步鶗,1
3608,步鶗鴂,1
3609,鶗鴂莫,1
3610,鴂莫相,1
3611,莫相侵,1
3612,相侵今,1
3613,侵今日,1
3614,今日登,1
3615,日登高,1
3616,登高處,1
3617,高處還,1
3618,處還聞,1
3619,還聞梁,1
3620,聞梁父,1
3621,梁父吟,1
3622,父吟截,1
3623,吟截玉,1
3624,截玉銛,1
3625,玉銛錐,1
3626,銛錐作,1
3627,錐作妙,1
3628,作妙形,1
3629,妙形貯,1
3630,形貯雲,1
3631,貯雲含,1
3632,雲含霧,1
3633,含霧到,1
3634,霧到南,1
3635,到南溟,1
3636,南溟尚,1
3637,溟尚書,1
3638,尚書舊,1
3639,書舊用,1
3640,舊用裁,1
3641,用裁天,1
3642,裁天詔,1
3643,天詔內,1
3644,詔內史,1
3645,內史新,1
3646,史新將,1
3647,新將寫,1
3648,將寫道,1
3649,寫道經,1
3650,道經曲,1
3651,經曲藝,1
3652,曲藝豈,1
3653,藝豈能,1
3654,豈能裨,1
3655,能裨損,1
3656,裨損益,1
3657,損益微,1
3658,益微辭,1
3659,微辭只,1
3660,辭只欲,1
3661,只欲播,1
3662,欲播芳,1
3663,播芳馨,1
3664,芳馨桂,1
3665,馨桂陽,1
3666,桂陽卿,1
3667,陽卿月,1
3668,卿月光,1
3669,月光輝,1
3670,光輝遍,1
3671,輝遍毫,1
3672,遍毫末,1
3673,毫末應,1
3674,末應傳,1
3675,應傳顧,1
3676,傳顧兔,1
3677,顧兔靈,1
3678,兔靈聖,1
3679,靈聖代,1
3680,聖代提,1
3681,代提封,1
3682,提封盡,1
3683,封盡海,1
3684,盡海壖,1
3685,海壖狼,1
3686,壖狼荒,1
3687,狼荒猶,1
3688,荒猶得,1
3689,猶得紀,1
3690,得紀山,1
3691,紀山川,1
3692,山川華,1
3693,川華夷,1
3694,華夷圖,1
3695,夷圖上,1
3696,圖上應,1
3697,上應初,1
3698,應初錄,1
3699,初錄風,1
3700,錄風土,1
3701,風土記,1
3702,土記中,1
3703,記中殊,1
3704,中殊未,1
3705,殊未傳,1
3706,未傳椎,1
3707,傳椎髻,1
3708,椎髻老,1
3709,髻老人,1
3710,老人難,1
3711,人難借,1
3712,難借問,1
3713,借問黃,1
3714,問黃茆,1
3715,黃茆深,1
3716,茆深峒,1
3717,深峒敢,1
3718,峒敢留,1
3719,敢留連,1
3720,留連南,1
3721,連南宮,1
3722,南宮有,1
3723,宮有意,1
3724,有意求,1
3725,意求遺,1
3726,求遺俗,1
3727,遺俗試,1
3728,俗試檢,1
3729,試檢周,1
3730,檢周書,1
3731,周書王,1
3732,書王會,1
3733,王會篇,1
3734,會篇海,1
3735,篇海畔,1
3736,海畔尖,1
3737,畔尖山,1
3738,尖山似,1
3739,山似劍,1
3740,似劍鋩,1
3741,劍鋩秋,1
3742,鋩秋來,1
3743,秋來處,1
3744,來處處,1
3745,處處割,1
3746,處割愁,1
3747,割愁腸,1
3748,愁腸若,1
3749,腸若為,1
3750,若為化,1
3751,為化得,1
3752,化得身,1
3753,得身千,1
3754,身千億,1
3755,千億散,1
3756,億散上,1
3757,散上峰,1
3758,上峰頭,1
3759,峰頭望,1
3760,頭望故,1
3761,望故鄉,1
3762,故鄉發,1
3763,鄉發春,1
3764,發春念,1
3765,春念長,1
3766,念長違,1
3767,長違中,1
3768,違中夏,1
3769,中夏欣,1
3770,夏欣再,1
3771,欣再睹,1
3772,再睹是,1
3773,睹是時,1
3774,是時植,1
3775,時植物,1
3776,植物秀,1
3777,物秀杳,1
3778,秀杳若,1
3779,杳若臨,1
3780,若臨懸,1
3781,臨懸圃,1
3782,懸圃歊,1
3783,圃歊陽,1
3784,歊陽訝,1
3785,陽訝垂,1
3786,訝垂冰,1
3787,垂冰白,1
3788,冰白日,1
3789,白日驚,1
3790,日驚雷,1
3791,驚雷雨,1
3792,雷雨笙,1
3793,雨笙簧,1
3794,笙簧潭,1
3795,簧潭際,1
3796,潭際起,1
3797,際起鸛,1
3798,起鸛鶴,1
3799,鸛鶴雲,1
3800,鶴雲間,1
3801,雲間舞,1
3802,間舞古,1
3803,舞古苔,1
3804,古苔凝,1
3805,苔凝青,1
3806,凝青枝,1
3807,青枝陰,1
3808,枝陰草,1
3809,陰草濕,1
3810,草濕翠,1
3811,濕翠羽,1
3812,翠羽蔽,1
3813,羽蔽空,1
3814,蔽空素,1
3815,空素彩,1
3816,素彩列,1
3817,彩列激,1
3818,列激浪,1
3819,激浪寒,1
3820,浪寒光,1
3821,寒光聚,1
3822,光聚的,1
3823,聚的皪,1
3824,的皪沉,1
3825,皪沉珠,1
3826,沉珠淵,1
3827,珠淵鏘,1
3828,淵鏘鳴,1
3829,鏘鳴捐,1
3830,鳴捐佩,1
3831,捐佩浦,1
3832,佩浦幽,1
3833,浦幽岩,1
3834,幽岩畫,1
3835,岩畫屏,1
3836,畫屏倚,1
3837,屏倚新,1
3838,倚新月,1
3839,新月玉,1
3840,月玉鉤,1
3841,玉鉤吐,1
3842,鉤吐夜,1
3843,吐夜涼,1
3844,夜涼星,1
3845,涼星滿,1
3846,星滿川,1
3847,滿川忽,1
3848,川忽疑,1
3849,忽疑眠,1
3850,疑眠洞,1
3851,眠洞府,1
3852,洞府每,1
3853,府每憶,1
3854,每憶纖,1
3855,憶纖鱗,1
3856,纖鱗遊,1
3857,鱗遊尺,1
3858,遊尺澤,1
3859,尺澤翻,1
3860,澤翻愁,1
3861,翻愁弱,1
3862,愁弱羽,1
3863,弱羽上,1
3864,羽上丹,1
3865,上丹霄,1
3866,丹霄岸,1
3867,霄岸傍,1
3868,岸傍古,1
3869,傍古堠,1
3870,古堠應,1
3871,堠應無,1
3872,應無數,1
3873,無數次,1
3874,數次第,1
3875,次第行,1
3876,第行看,1
3877,行看別,1
3878,看別路,1
3879,別路遙,1
3880,路遙故,1
3881,遙故國,1
3882,故國名,1
3883,國名園,1
3884,名園久,1
3885,園久別,1
3886,久別離,1
3887,別離今,1
3888,離今朝,1
3889,今朝楚,1
3890,朝楚樹,1
3891,楚樹發,1
3892,樹發南,1
3893,發南枝,1
3894,南枝晴,1
3895,枝晴天,1
3896,晴天歸,1
3897,天歸路,1
3898,歸路好,1
3899,路好相,1
3900,好相逐,1
3901,相逐正,1
3902,逐正是,1
3903,正是峰,1
3904,是峰前,1
3905,峰前回,1
3906,前回雁,1
3907,回雁時,1
3908,雁時南,1
3909,時南來,1
3910,南來不,1
3911,來不作,1
3912,不作楚,1
3913,作楚臣,1
3914,楚臣悲,1
3915,臣悲重,1
3916,悲重入,1
3917,重入修,1
3918,入修門,1
3919,修門自,1
3920,門自有,1
3921,自有期,1
3922,有期為,1
3923,期為報,1
3924,為報春,1
3925,報春風,1
3926,春風汨,1
3927,風汨羅,1
3928,汨羅道,1
3929,羅道莫,1
3930,道莫將,1
3931,莫將波,1
3932,將波浪,1
3933,波浪枉,1
3934,浪枉明,1
3935,枉明時,1
3936,明時投,1
3937,時投荒,1
3938,投荒垂,1
3939,荒垂一,1
3940,垂一紀,1
3941,一紀新,1
3942,紀新詔,1
3943,新詔下,1
3944,詔下荊,1
3945,下荊扉,1
3946,荊扉疑,1
3947,扉疑比,1
3948,疑比莊,1
3949,比莊周,1
3950,莊周夢,1
3951,周夢情,1
3952,夢情如,1
3953,情如蘇,1
3954,如蘇武,1
3955,蘇武歸,1
3956,武歸賜,1
3957,歸賜環,1
3958,賜環留,1
3959,環留逸,1
3960,留逸響,1
3961,逸響五,1
3962,響五馬,1
3963,五馬助,1
3964,馬助征,1
3965,助征騑,1
3966,征騑不,1
3967,騑不羨,1
3968,不羨衡,1
3969,羨衡陽,1
3970,衡陽雁,1
3971,陽雁春,1
3972,雁春來,1
3973,春來前,1
3974,來前後,1
3975,前後飛,1
3976,後飛無,1
3977,飛無限,1
3978,無限居,1
3979,限居人,1
3980,居人送,1
3981,人送獨,1
3982,送獨醒,1
3983,獨醒可,1
3984,醒可憐,1
3985,可憐寂,1
3986,憐寂寞,1
3987,寂寞到,1
3988,寞到長,1
3989,到長亭,1
3990,長亭荊,1
3991,亭荊州,1
3992,荊州不,1
3993,州不遇,1
3994,不遇高,1
3995,遇高陽,1
3996,高陽侶,1
3997,陽侶一,1
3998,侶一夜,1
3999,一夜春,1
4000,夜春寒,1
4001,春寒滿,1
4002,寒滿下,1
4003,滿下廳,1
4004,下廳驅,1
4005,廳驅車,1
4006,驅車方,1
4007,車方向,1
4008,方向闕,1
4009,向闕回,1
4010,闕回首,1
4011,回首一,1
4012,首一臨,1
4013,一臨川,1
4014,臨川多,1
4015,川多壘,1
4016,多壘非,1
4017,壘非餘,1
4018,非餘恥,1
4019,餘恥無,1
4020,恥無謀,1
4021,無謀終,1
4022,謀終自,1
4023,終自憐,1
4024,自憐亂,1
4025,憐亂松,1
4026,亂松知,1
4027,松知野,1
4028,知野寺,1
4029,野寺餘,1
4030,寺餘雪,1
4031,餘雪記,1
4032,雪記山,1
4033,記山田,1
4034,山田惆,1
4035,田惆悵,1
4036,惆悵樵,1
4037,悵樵漁,1
4038,樵漁事,1
4039,漁事今,1
4040,事今還,1
4041,今還又,1
4042,還又落,1
4043,又落然,1
4044,落然水,1
4045,然水上,1
4046,水上鵠,1
4047,上鵠已,1
4048,鵠已去,1
4049,已去亭,1
4050,去亭中,1
4051,亭中鳥,1
4052,中鳥又,1
4053,鳥又鳴,1
4054,又鳴辭,1
4055,鳴辭因,1
4056,辭因使,1
4057,因使楚,1
4058,使楚重,1
4059,楚重名,1
4060,重名為,1
4061,名為救,1
4062,為救齊,1
4063,救齊成,1
4064,齊成荒,1
4065,成荒壟,1
4066,荒壟遽,1
4067,壟遽千,1
4068,遽千古,1
4069,千古羽,1
4070,古羽觴,1
4071,羽觴難,1
4072,觴難再,1
4073,難再傾,1
4074,再傾劉,1
4075,傾劉伶,1
4076,劉伶今,1
4077,伶今日,1
4078,今日意,1
4079,日意異,1
4080,意異代,1
4081,異代是,1
4082,代是同,1
4083,是同聲,1
4084,同聲十,1
4085,聲十一,1
4086,十一年,1
4087,一年前,1
4088,年前南,1
4089,前南渡,1
4090,南渡客,1
4091,渡客四,1
4092,客四千,1
4093,四千裏,1
4094,千裏外,1
4095,裏外北,1
4096,外北歸,1
4097,北歸人,1
4098,歸人詔,1
4099,人詔書,1
4100,詔書許,1
4101,書許逐,1
4102,許逐陽,1
4103,逐陽和,1
4104,陽和至,1
4105,和至驛,1
4106,至驛路,1
4107,驛路開,1
4108,路開花,1
4109,開花處,1
4110,花處處,1
4111,處處新,1
4112,處新遠,1
4113,新遠師,1
4114,遠師騶,1
4115,師騶忌,1
4116,騶忌鼓,1
4117,忌鼓鳴,1
4118,鼓鳴琴,1
4119,鳴琴去,1
4120,琴去和,1
4121,去和南,1
4122,和南風,1
4123,南風愜,1
4124,風愜舜,1
4125,愜舜心,1
4126,舜心從,1
4127,心從此,1
4128,從此他,1
4129,此他山,1
4130,他山千,1
4131,山千古,1
4132,千古重,1
4133,古重殷,1
4134,重殷勤,1
4135,殷勤曾,1
4136,勤曾是,1
4137,曾是奉,1
4138,是奉徽,1
4139,奉徽音,1
4140,徽音衡,1
4141,音衡嶽,1
4142,衡嶽新,1
4143,嶽新摧,1
4144,新摧天,1
4145,摧天柱,1
4146,天柱峰,1
4147,柱峰士,1
4148,峰士林,1
4149,士林憔,1
4150,林憔悴,1
4151,憔悴泣,1
4152,悴泣相,1
4153,泣相逢,1
4154,相逢只,1
4155,逢只令,1
4156,只令文,1
4157,令文字,1
4158,文字傳,1
4159,字傳青,1
4160,傳青簡,1
4161,青簡不,1
4162,簡不使,1
4163,不使功,1
4164,使功名,1
4165,功名上,1
4166,名上景,1
4167,上景鐘,1
4168,景鐘三,1
4169,鐘三畝,1
4170,三畝空,1
4171,畝空留,1
4172,空留懸,1
4173,留懸磬,1
4174,懸磬室,1
4175,磬室九,1
4176,室九原,1
4177,九原猶,1
4178,原猶寄,1
4179,猶寄若,1
4180,寄若堂,1
4181,若堂封,1
4182,堂封遙,1
4183,封遙想,1
4184,遙想荊,1
4185,想荊州,1
4186,荊州人,1
4187,州人物,1
4188,人物論,1
4189,物論幾,1
4190,論幾回,1
4191,幾回中,1
4192,回中夜,1
4193,中夜惜,1
4194,夜惜元,1
4195,惜元龍,1
4196,元龍貞,1
4197,龍貞一,1
4198,貞一來,1
4199,一來時,1
4200,來時送,1
4201,時送彩,1
4202,送彩箋,1
4203,彩箋一,1
4204,箋一行,1
4205,一行歸,1
4206,行歸雁,1
4207,歸雁慰,1
4208,雁慰驚,1
4209,慰驚弦,1
4210,驚弦翰,1
4211,弦翰林,1
4212,翰林寂,1
4213,林寂寞,1
4214,寂寞誰,1
4215,寞誰為,1
4216,誰為主,1
4217,為主鳴,1
4218,主鳴鳳,1
4219,鳴鳳應,1
4220,鳳應須,1
4221,應須早,1
4222,須早上,1
4223,早上天,1
4224,上天一,1
4225,天一生,1
4226,一生判,1
4227,生判卻,1
4228,判卻歸,1
4229,卻歸休,1
4230,歸休謂,1
4231,休謂著,1
4232,謂著南,1
4233,著南冠,1
4234,南冠到,1
4235,冠到頭,1
4236,到頭冶,1
4237,頭冶長,1
4238,冶長雖,1
4239,長雖解,1
4240,雖解縲,1
4241,解縲絏,1
4242,縲絏無,1
4243,絏無由,1
4244,無由得,1
4245,由得見,1
4246,得見東,1
4247,見東周,1
4248,東周孤,1
4249,周孤松,1
4250,孤松停,1
4251,松停翠,1
4252,停翠蓋,1
4253,翠蓋托,1
4254,蓋托根,1
4255,托根臨,1
4256,根臨廣,1
4257,臨廣路,1
4258,廣路不,1
4259,路不以,1
4260,不以險,1
4261,以險自,1
4262,險自防,1
4263,自防遂,1
4264,防遂為,1
4265,遂為明,1
4266,為明所,1
4267,明所誤,1
4268,所誤幸,1
4269,誤幸逢,1
4270,幸逢仁,1
4271,逢仁惠,1
4272,仁惠意,1
4273,惠意重,1
4274,意重此,1
4275,重此藩,1
4276,此藩籬,1
4277,藩籬護,1
4278,籬護猶,1
4279,護猶有,1
4280,猶有半,1
4281,有半心,1
4282,半心存,1
4283,心存時,1
4284,存時將,1
4285,時將承,1
4286,將承雨,1
4287,承雨露,1
4288,雨露十,1
4289,露十年,1
4290,十年憔,1
4291,年憔悴,1
4292,憔悴到,1
4293,悴到秦,1
4294,到秦京,1
4295,秦京誰,1
4296,京誰料,1
4297,誰料翻,1
4298,料翻為,1
4299,翻為嶺,1
4300,為嶺外,1
4301,嶺外行,1
4302,外行伏,1
4303,行伏波,1
4304,伏波故,1
4305,波故道,1
4306,故道風,1
4307,道風煙,1
4308,風煙在,1
4309,煙在翁,1
4310,在翁仲,1
4311,翁仲遺,1
4312,仲遺墟,1
4313,遺墟草,1
4314,墟草樹,1
4315,草樹平,1
4316,樹平直,1
4317,平直以,1
4318,直以慵,1
4319,以慵疏,1
4320,慵疏招,1
4321,疏招物,1
4322,招物議,1
4323,物議休,1
4324,議休將,1
4325,休將文,1
4326,將文字,1
4327,文字占,1
4328,字占時,1
4329,占時名,1
4330,時名今,1
4331,名今朝,1
4332,今朝不,1
4333,朝不用,1
4334,不用臨,1
4335,用臨河,1
4336,臨河別,1
4337,河別垂,1
4338,別垂淚,1
4339,垂淚千,1
4340,淚千行,1
4341,千行便,1
4342,行便濯,1
4343,便濯纓,1
4344,濯纓二,1
4345,纓二十,1
4346,二十年,1
4347,十年來,1
4348,年來萬,1
4349,來萬事,1
4350,萬事同,1
4351,事同今,1
4352,同今朝,1
4353,今朝岐,1
4354,朝岐路,1
4355,岐路忽,1
4356,路忽西,1
4357,忽西東,1
4358,西東皇,1
4359,東皇恩,1
4360,皇恩若,1
4361,恩若許,1
4362,若許歸,1
4363,許歸田,1
4364,歸田去,1
4365,田去晚,1
4366,去晚歲,1
4367,晚歲當,1
4368,歲當為,1
4369,當為鄰,1
4370,為鄰舍,1
4371,鄰舍翁,1
4372,舍翁信,1
4373,翁信書,1
4374,信書成,1
4375,書成自,1
4376,成自誤,1
4377,自誤經,1
4378,誤經事,1
4379,經事漸,1
4380,事漸知,1
4381,漸知非,1
4382,知非今,1
4383,非今日,1
4384,今日臨,1
4385,日臨岐,1
4386,臨岐別,1
4387,岐別何,1
4388,別何年,1
4389,何年待,1
4390,年待汝,1
4391,待汝歸,1
4392,汝歸好,1
4393,歸好在,1
4394,好在湘,1
4395,在湘江,1
4396,湘江水,1
4397,江水今,1
4398,水今朝,1
4399,今朝又,1
4400,朝又上,1
4401,又上來,1
4402,上來不,1
4403,來不知,1
4404,不知從,1
4405,知從此,1
4406,此去更,1
4407,去更遣,1
4408,更遣幾,1
4409,遣幾年,1
4410,幾年回,1
4411,年回簷,1
4412,回簷下,1
4413,簷下疏,1
4414,下疏篁,1
4415,疏篁十,1
4416,篁十二,1
4417,十二莖,1
4418,二莖襄,1
4419,莖襄陽,1
4420,襄陽從,1
4421,陽從事,1
4422,從事寄,1
4423,事寄幽,1
4424,寄幽情,1
4425,幽情只,1
4426,情只應,1
4427,只應更,1
4428,應更使,1
4429,更使伶,1
4430,使伶倫,1
4431,伶倫見,1
4432,倫見寫,1
4433,見寫盡,1
4434,寫盡雌,1
4435,盡雌雄,1
4436,雌雄雙,1
4437,雄雙鳳,1
4438,雙鳳鳴,1
4439,鳳鳴海,1
4440,鳴海鶴,1
4441,海鶴一,1
4442,鶴一為,1
4443,一為別,1
4444,為別存,1
4445,別存亡,1
4446,存亡三,1
4447,亡三十,1
4448,三十秋,1
4449,十秋今,1
4450,秋今來,1
4451,今來數,1
4452,來數行,1
4453,數行淚,1
4454,行淚獨,1
4455,淚獨上,1
4456,獨上驛,1
4457,上驛南,1
4458,驛南樓,1
4459,南樓幽,1
4460,樓幽徑,1
4461,幽徑為,1
4462,徑為誰,1
4463,為誰開,1
4464,誰開美,1
4465,開美人,1
4466,美人城,1
4467,人城北,1
4468,城北來,1
4469,北來王,1
4470,來王程,1
4471,王程倘,1
4472,程倘餘,1
4473,倘餘暇,1
4474,餘暇一,1
4475,暇一上,1
4476,一上子,1
4477,上子陵,1
4478,子陵台,1
4479,陵台城,1
4480,台城上,1
4481,城上高,1
4482,上高樓,1
4483,高樓接,1
4484,樓接大,1
4485,接大荒,1
4486,大荒海,1
4487,荒海天,1
4488,海天愁,1
4489,天愁思,1
4490,愁思正,1
4491,思正茫,1
4492,正茫茫,1
4493,茫茫驚,1
4494,茫驚風,1
4495,驚風亂,1
4496,風亂颭,1
4497,亂颭芙,1
4498,颭芙蓉,1
4499,芙蓉水,1
4500,蓉水密,1
4501,水密雨,1
4502,密雨斜,1
4503,雨斜侵,1
4504,斜侵薜,1
4505,侵薜荔,1
4506,薜荔牆,1
4507,荔牆嶺,1
4508,牆嶺樹,1
4509,嶺樹重,1
4510,樹重遮,1
4511,重遮千,1
4512,遮千里,1
4513,千里目,1
4514,里目江,1
4515,目江流,1
4516,江流曲,1
4517,流曲似,1
4518,曲似九,1
4519,似九回,1
4520,九回腸,1
4521,回腸共,1
4522,腸共來,1
4523,共來百,1
4524,來百越,1
4525,百越文,1
4526,越文身,1
4527,文身地,1
4528,身地猶,1
4529,地猶自,1
4530,猶自音,1
4531,自音書,1
4532,音書滯,1
4533,書滯一,1
4534,滯一鄉,1
4535,一鄉越,1
4536,鄉越絕,1
4537,越絕孤,1
4538,絕孤城,1
4539,孤城千,1
4540,城千萬,1
4541,千萬峰,1
4542,萬峰空,1
4543,峰空齋,1
4544,空齋不,1
4545,齋不語,1
4546,不語坐,1
4547,語坐高,1
4548,坐高舂,1
4549,高舂印,1
4550,舂印文,1
4551,印文生,1
4552,文生綠,1
4553,生綠經,1
4554,綠經旬,1
4555,經旬合,1
4556,旬合硯,1
4557,合硯匣,1
4558,硯匣留,1
4559,匣留塵,1
4560,留塵盡,1
4561,塵盡日,1
4562,盡日封,1
4563,日封梅,1
4564,封梅嶺,1
4565,梅嶺寒,1
4566,嶺寒煙,1
4567,寒煙藏,1
4568,煙藏翡,1
4569,藏翡翠,1
4570,翡翠桂,1
4571,翠桂江,1
4572,桂江秋,1
4573,江秋水,1
4574,秋水露,1
4575,水露鰅,1
4576,露鰅鱅,1
4577,鰅鱅丈,1
4578,鱅丈人,1
4579,丈人本,1
4580,人本自,1
4581,本自忘,1
4582,忘機事,1
4583,機事為,1
4584,事為想,1
4585,為想年,1
4586,想年來,1
4587,年來憔,1
4588,來憔悴,1
4589,憔悴容,1
4590,悴容臨,1
4591,容臨蒸,1
4592,臨蒸且,1
4593,蒸且莫,1
4594,且莫歎,1
4595,莫歎炎,1
4596,歎炎方,1
4597,炎方為,1
4598,方為報,1
4599,為報秋,1
4600,報秋來,1
4601,秋來雁,1
4602,來雁幾,1
4603,雁幾行,1
4604,幾行林,1
4605,行林邑,1
4606,林邑東,1
4607,邑東回,1
4608,東回山,1
4609,回山似,1
4610,山似戟,1
4611,似戟牂,1
4612,戟牂牁,1
4613,牂牁南,1
4614,牁南下,1
4615,南下水,1
4616,下水如,1
4617,水如湯,1
4618,如湯蒹,1
4619,湯蒹葭,1
4620,蒹葭淅,1
4621,葭淅瀝,1
4622,淅瀝含,1
4623,瀝含秋,1
4624,含秋霧,1
4625,秋霧橘,1
4626,霧橘柚,1
4627,橘柚玲,1
4628,柚玲瓏,1
4629,玲瓏透,1
4630,瓏透夕,1
4631,透夕陽,1
4632,夕陽非,1
4633,陽非是,1
4634,非是白,1
4635,是白蘋,1
4636,白蘋洲,1
4637,蘋洲畔,1
4638,洲畔客,1
4639,畔客還,1
4640,客還將,1
4641,還將遠,1
4642,將遠意,1
4643,遠意問,1
4644,意問瀟,1
4645,問瀟湘,1
4646,瀟湘連,1
4647,湘連璧,1
4648,連璧本,1
4649,璧本難,1
4650,本難雙,1
4651,難雙分,1
4652,雙分符,1
4653,分符刺,1
4654,符刺小,1
4655,刺小邦,1
4656,小邦崩,1
4657,邦崩雲,1
4658,崩雲下,1
4659,雲下漓,1
4660,下漓水,1
4661,漓水劈,1
4662,水劈箭,1
4663,劈箭上,1
4664,箭上潯,1
4665,上潯江,1
4666,潯江負,1
4667,江負弩,1
4668,負弩啼,1
4669,弩啼寒,1
4670,啼寒狖,1
4671,寒狖鳴,1
4672,狖鳴枹,1
4673,鳴枹驚,1
4674,枹驚夜,1
4675,驚夜狵,1
4676,夜狵遙,1
4677,狵遙憐,1
4678,遙憐郡,1
4679,憐郡山,1
4680,郡山好,1
4681,山好謝,1
4682,好謝守,1
4683,謝守但,1
4684,守但臨,1
4685,但臨窗,1
4686,臨窗瘴,1
4687,窗瘴江,1
4688,瘴江南,1
4689,江南去,1
4690,南去入,1
4691,去入雲,1
4692,入雲煙,1
4693,雲煙望,1
4694,煙望盡,1
4695,望盡黃,1
4696,盡黃茆,1
4697,黃茆是,1
4698,茆是海,1
4699,是海邊,1
4700,海邊山,1
4701,邊山腹,1
4702,山腹雨,1
4703,腹雨晴,1
4704,雨晴添,1
4705,晴添象,1
4706,添象跡,1
4707,象跡潭,1
4708,跡潭心,1
4709,潭心日,1
4710,心日暖,1
4711,日暖長,1
4712,暖長蛟,1
4713,長蛟涎,1
4714,蛟涎射,1
4715,涎射工,1
4716,射工巧,1
4717,工巧伺,1
4718,巧伺游,1
4719,伺游人,1
4720,游人影,1
4721,人影颶,1
4722,影颶母,1
4723,颶母偏,1
4724,母偏驚,1
4725,偏驚旅,1
4726,驚旅客,1
4727,旅客船,1
4728,客船從,1
4729,船從此,1
4730,從此憂,1
4731,此憂來,1
4732,憂來非,1
4733,來非一,1
4734,非一事,1
4735,一事豈,1
4736,事豈容,1
4737,豈容華,1
4738,容華髮,1
4739,華髮待,1
4740,髮待流,1
4741,待流年,1
4742,流年郡,1
4743,年郡城,1
4744,郡城南,1
4745,城南下,1
4746,南下接,1
4747,下接通,1
4748,接通津,1
4749,通津異,1
4750,津異服,1
4751,異服殊,1
4752,服殊音,1
4753,殊音不,1
4754,音不可,1
4755,不可親,1
4756,可親青,1
4757,親青箬,1
4758,青箬裹,1
4759,箬裹鹽,1
4760,裹鹽歸,1
4761,鹽歸峒,1
4762,歸峒客,1
4763,峒客綠,1
4764,客綠荷,1
4765,綠荷包,1
4766,荷包飯,1
4767,包飯趁,1
4768,飯趁虛,1
4769,趁虛人,1
4770,虛人鵝,1
4771,人鵝毛,1
4772,鵝毛禦,1
4773,毛禦臘,1
4774,禦臘縫,1
4775,臘縫山,1
4776,縫山罽,1
4777,山罽雞,1
4778,罽雞骨,1
4779,雞骨占,1
4780,骨占年,1
4781,占年拜,1
4782,年拜水,1
4783,拜水神,1
4784,水神愁,1
4785,神愁向,1
4786,愁向公,1
4787,向公庭,1
4788,公庭問,1
4789,庭問重,1
4790,問重譯,1
4791,重譯欲,1
4792,譯欲投,1
4793,欲投章,1
4794,投章甫,1
4795,章甫作,1
4796,甫作文,1
4797,作文身,1
4798,文身鵷,1
4799,身鵷鴻,1
4800,鵷鴻念,1
4801,鴻念舊,1
4802,念舊行,1
4803,舊行虛,1
4804,行虛館,1
4805,虛館對,1
4806,館對芳,1
4807,對芳塘,1
4808,芳塘落,1
4809,塘落日,1
4810,落日明,1
4811,日明朱,1
4812,明朱檻,1
4813,朱檻繁,1
4814,檻繁花,1
4815,繁花照,1
4816,花照羽,1
4817,照羽觴,1
4818,羽觴泉,1
4819,觴泉歸,1
4820,泉歸滄,1
4821,歸滄海,1
4822,滄海近,1
4823,海近樹,1
4824,近樹入,1
4825,樹入楚,1
4826,入楚山,1
4827,楚山長,1
4828,山長榮,1
4829,長榮賤,1
4830,榮賤俱,1
4831,賤俱為,1
4832,俱為累,1
4833,為累相,1
4834,累相期,1
4835,相期在,1
4836,期在故,1
4837,在故鄉,1
4838,故鄉芳,1
4839,鄉芳朽,1
4840,芳朽自,1
4841,朽自為,1
4842,自為別,1
4843,為別無,1
4844,別無心,1
4845,無心乃,1
4846,心乃玄,1
4847,乃玄功,1
4848,玄功夭,1
4849,功夭夭,1
4850,夭夭日,1
4851,夭日放,1
4852,日放花,1
4853,放花榮,1
4854,花榮耀,1
4855,榮耀將,1
4856,耀將安,1
4857,將安窮,1
4858,安窮青,1
4859,窮青松,1
4860,青松遺,1
4861,松遺澗,1
4862,遺澗底,1
4863,澗底擢,1
4864,底擢蒔,1
4865,擢蒔茲,1
4866,蒔茲庭,1
4867,茲庭中,1
4868,庭中積,1
4869,中積雪,1
4870,積雪表,1
4871,雪表明,1
4872,表明秀,1
4873,明秀寒,1
4874,秀寒花,1
4875,寒花助,1
4876,花助蔥,1
4877,助蔥蘢,1
4878,蔥蘢貞,1
4879,蘢貞幽,1
4880,貞幽夙,1
4881,幽夙有,1
4882,夙有慕,1
4883,有慕持,1
4884,慕持以,1
4885,持以延,1
4886,以延清,1
4887,延清風,1
4888,清風無,1
4889,風無能,1
4890,無能常,1
4891,能常閉,1
4892,常閉閣,1
4893,閉閣偶,1
4894,閣偶以,1
4895,偶以靜,1
4896,以靜見,1
4897,靜見名,1
4898,見名奇,1
4899,名奇姿,1
4900,奇姿來,1
4901,姿來遠,1
4902,來遠山,1
4903,遠山忽,1
4904,山忽似,1
4905,忽似人,1
4906,似人家,1
4907,人家生,1
4908,家生勁,1
4909,生勁色,1
4910,勁色不,1
4911,色不改,1
4912,不改舊,1
4913,改舊芳,1
4914,舊芳心,1
4915,芳心與,1
4916,心與誰,1
4917,與誰榮,1
4918,誰榮喧,1
4919,榮喧卑,1
4920,喧卑豈,1
4921,卑豈所,1
4922,豈所安,1
4923,所安任,1
4924,安任物,1
4925,任物非,1
4926,物非我,1
4927,非我情,1
4928,我情清,1
4929,情清韻,1
4930,清韻動,1
4931,韻動竽,1
4932,動竽瑟,1
4933,竽瑟諧,1
4934,瑟諧此,1
4935,諧此風,1
4936,此風中,1
4937,風中聲,1
4938,中聲柳,1
4939,聲柳州,1
4940,柳州柳,1
4941,州柳刺,1
4942,柳刺史,1
4943,刺史種,1
4944,史種柳,1
4945,種柳柳,1
4946,柳柳江,1
4947,柳江邊,1
4948,江邊談,1
4949,邊談笑,1
4950,談笑為,1
4951,笑為故,1
4952,為故事,1
4953,故事推,1
4954,事推移,1
4955,推移成,1
4956,移成昔,1
4957,成昔年,1
4958,昔年垂,1
4959,年垂陰,1
4960,垂陰當,1
4961,陰當覆,1
4962,當覆地,1
4963,覆地聳,1
4964,地聳幹,1
4965,聳幹會,1
4966,幹會參,1
4967,會參天,1
4968,參天好,1
4969,天好作,1
4970,好作思,1
4971,作思人,1
4972,思人樹,1
4973,人樹慚,1
4974,樹慚無,1
4975,慚無惠,1
4976,無惠化,1
4977,惠化傳,1
4978,化傳宦,1
4979,傳宦情,1
4980,宦情羈,1
4981,情羈思,1
4982,羈思共,1
4983,思共淒,1
4984,共淒淒,1
4985,淒淒春,1
4986,淒春半,1
4987,春半如,1
4988,半如秋,1
4989,如秋意,1
4990,秋意轉,1
4991,意轉迷,1
4992,轉迷山,1
4993,迷山城,1
4994,山城過,1
4995,城過雨,1
4996,過雨百,1
4997,雨百花,1
4998,百花盡,1
4999,花盡榕,1
5000,盡榕葉,1
5001,榕葉滿,1
5002,葉滿庭,1
5003,滿庭鶯,1
5004,庭鶯亂,1
5005,鶯亂啼,1
5006,亂啼珠,1
5007,啼珠樹,1
5008,珠樹玲,1
5009,樹玲瓏,1
5010,玲瓏隔,1
5011,瓏隔翠,1
5012,隔翠微,1
5013,翠微病,1
5014,微病來,1
5015,病來方,1
5016,來方外,1
5017,方外事,1
5018,外事多,1
5019,事多違,1
5020,多違仙,1
5021,違仙山,1
5022,仙山不,1
5023,山不屬,1
5024,不屬分,1
5025,屬分符,1
5026,分符客,1
5027,符客一,1
5028,客一任,1
5029,一任淩,1
5030,任淩空,1
5031,淩空錫,1
5032,空錫杖,1
5033,錫杖飛,1
5034,杖飛寒,1
5035,飛寒江,1
5036,寒江夜,1
5037,江夜雨,1
5038,夜雨聲,1
5039,雨聲潺,1
5040,聲潺潺,1
5041,潺潺曉,1
5042,潺曉雲,1
5043,曉雲遮,1
5044,雲遮盡,1
5045,遮盡仙,1
5046,盡仙人,1
5047,仙人山,1
5048,人山遙,1
5049,山遙知,1
5050,遙知玄,1
5051,知玄豹,1
5052,玄豹在,1
5053,豹在深,1
5054,在深處,1
5055,深處下,1
5056,處下笑,1
5057,下笑羈,1
5058,笑羈絆,1
5059,羈絆泥,1
5060,絆泥塗,1
5061,泥塗間,1
5062,塗間零,1
5063,間零落,1
5064,零落殘,1
5065,落殘紅,1
5066,殘紅倍,1
5067,紅倍黯,1
5068,倍黯然,1
5069,黯然雙,1
5070,然雙垂,1
5071,雙垂別,1
5072,垂別淚,1
5073,別淚越,1
5074,淚越江,1
5075,越江邊,1
5076,江邊一,1
5077,邊一身,1
5078,一身去,1
5079,身去國,1
5080,去國六,1
5081,國六千,1
5082,六千里,1
5083,千里萬,1
5084,里萬死,1
5085,萬死投,1
5086,死投荒,1
5087,投荒十,1
5088,荒十二,1
5089,十二年,1
5090,二年桂,1
5091,年桂嶺,1
5092,桂嶺瘴,1
5093,嶺瘴來,1
5094,瘴來雲,1
5095,來雲似,1
5096,雲似墨,1
5097,似墨洞,1
5098,墨洞庭,1
5099,洞庭春,1
5100,庭春盡,1
5101,春盡水,1
5102,盡水如,1
5103,水如天,1
5104,如天欲,1
5105,天欲知,1
5106,欲知此,1
5107,知此後,1
5108,此後相,1
5109,後相思,1
5110,相思夢,1
5111,思夢長,1
5112,夢長在,1
5113,長在荊,1
5114,在荊門,1
5115,荊門郢,1
5116,門郢樹,1
5117,郢樹煙,1
5118,樹煙丘,1
5119,煙丘山,1
5120,丘山仰,1
5121,山仰德,1
5122,仰德耀,1
5123,德耀天,1
5124,耀天路,1
5125,天路下,1
5126,路下征,1
5127,下征騑,1
5128,征騑夢,1
5129,騑夢喜,1
5130,夢喜三,1
5131,喜三刀,1
5132,三刀近,1
5133,刀近書,1
5134,近書嫌,1
5135,書嫌五,1
5136,嫌五載,1
5137,五載違,1
5138,載違凝,1
5139,違凝情,1
5140,凝情江,1
5141,情江月,1
5142,江月落,1
5143,月落屬,1
5144,落屬思,1
5145,屬思嶺,1
5146,思嶺雲,1
5147,嶺雲飛,1
5148,雲飛會,1
5149,飛會入,1
5150,會入司,1
5151,入司徒,1
5152,司徒府,1
5153,徒府還,1
5154,府還邀,1
5155,還邀周,1
5156,邀周掾,1
5157,周掾歸,1
5158,掾歸書,1
5159,歸書成,1
5160,書成欲,1
5161,成欲寄,1
5162,欲寄庾,1
5163,寄庾安,1
5164,庾安西,1
5165,安西紙,1
5166,西紙背,1
5167,紙背應,1
5168,背應勞,1
5169,應勞手,1
5170,勞手自,1
5171,手自題,1
5172,自題聞,1
5173,題聞道,1
5174,聞道近,1
5175,道近來,1
5176,近來諸,1
5177,來諸子,1
5178,諸子弟,1
5179,子弟臨,1
5180,弟臨池,1
5181,臨池尋,1
5182,池尋已,1
5183,尋已厭,1
5184,已厭家,1
5185,厭家雞,1
5186,家雞聞,1
5187,雞聞道,1
5188,聞道將,1
5189,道將雛,1
5190,將雛向,1
5191,雛向墨,1
5192,向墨池,1
5193,墨池劉,1
5194,池劉家,1
5195,劉家還,1
5196,家還有,1
5197,還有異,1
5198,有異同,1
5199,異同詞,1
5200,同詞如,1
5201,詞如今,1
5202,如今試,1
5203,今試遣,1
5204,試遣隈,1
5205,遣隈牆,1
5206,隈牆問,1
5207,牆問已,1
5208,問已道,1
5209,已道世,1
5210,道世人,1
5211,世人那,1
5212,人那得,1
5213,那得知,1
5214,得知世,1
5215,知世上,1
5216,世上悠,1
5217,上悠悠,1
5218,悠悠不,1
5219,悠不識,1
5220,不識真,1
5221,識真薑,1
5222,真薑芽,1
5223,薑芽儘,1
5224,芽儘是,1
5225,儘是捧,1
5226,是捧心,1
5227,捧心人,1
5228,心人若,1
5229,人若道,1
5230,若道柳,1
5231,道柳家,1
5232,柳家無,1
5233,家無子,1
5234,無子弟,1
5235,子弟往,1
5236,弟往年,1
5237,往年何,1
5238,年何事,1
5239,何事乞,1
5240,事乞西,1
5241,乞西賓,1
5242,西賓小,1
5243,賓小學,1
5244,小學新,1
5245,學新翻,1
5246,新翻墨,1
5247,翻墨沼,1
5248,墨沼波,1
5249,沼波羨,1
5250,波羨君,1
5251,羨君瓊,1
5252,君瓊樹,1
5253,瓊樹散,1
5254,樹散枝,1
5255,散枝柯,1
5256,枝柯左,1
5257,柯左家,1
5258,左家弄,1
5259,家弄玉,1
5260,弄玉唯,1
5261,玉唯嬌,1
5262,唯嬌女,1
5263,嬌女空,1
5264,女空覺,1
5265,空覺庭,1
5266,覺庭前,1
5267,庭前鳥,1
5268,前鳥跡,1
5269,鳥跡多,1
5270,跡多事,1
5271,多事業,1
5272,事業無,1
5273,業無成,1
5274,無成恥,1
5275,成恥藝,1
5276,恥藝成,1
5277,藝成南,1
5278,成南宮,1
5279,南宮起,1
5280,宮起草,1
5281,起草舊,1
5282,草舊連,1
5283,舊連名,1
5284,連名勸,1
5285,名勸君,1
5286,勸君火,1
5287,君火急,1
5288,火急添,1
5289,急添功,1
5290,添功用,1
5291,功用趁,1
5292,用趁取,1
5293,趁取當,1
5294,取當時,1
5295,當時二,1
5296,時二妙,1
5297,二妙聲,1
5298,妙聲行,1
5299,聲行盡,1
5300,行盡關,1
5301,盡關山,1
5302,關山萬,1
5303,山萬里,1
5304,萬里餘,1
5305,里餘到,1
5306,餘到時,1
5307,到時閭,1
5308,時閭井,1
5309,閭井是,1
5310,井是荒,1
5311,是荒墟,1
5312,荒墟附,1
5313,墟附庸,1
5314,附庸唯,1
5315,庸唯有,1
5316,唯有銅,1
5317,有銅魚,1
5318,銅魚使,1
5319,魚使此,1
5320,使此後,1
5321,此後無,1
5322,後無因,1
5323,無因寄,1
5324,因寄遠,1
5325,寄遠書,1
5326,遠書早,1
5327,書早歲,1
5328,早歲京,1
5329,歲京華,1
5330,京華聽,1
5331,華聽越,1
5332,聽越吟,1
5333,越吟聞,1
5334,吟聞君,1
5335,聞君江,1
5336,君江海,1
5337,江海分,1
5338,海分逾,1
5339,分逾深,1
5340,逾深他,1
5341,深他時,1
5342,他時若,1
5343,時若寫,1
5344,若寫蘭,1
5345,寫蘭亭,1
5346,蘭亭會,1
5347,亭會莫,1
5348,會莫畫,1
5349,莫畫高,1
5350,畫高僧,1
5351,高僧支,1
5352,僧支道,1
5353,支道林,1
5354,道林頻,1
5355,林頻把,1
5356,頻把瓊,1
5357,把瓊書,1
5358,瓊書出,1
5359,書出袖,1
5360,出袖中,1
5361,袖中獨,1
5362,中獨吟,1
5363,獨吟遺,1
5364,吟遺句,1
5365,遺句立,1
5366,句立秋,1
5367,立秋風,1
5368,秋風桂,1
5369,風桂江,1
5370,桂江日,1
5371,江日夜,1
5372,日夜流,1
5373,夜流千,1
5374,流千里,1
5375,千里揮,1
5376,里揮淚,1
5377,揮淚何,1
5378,淚何時,1
5379,何時到,1
5380,時到甬,1
5381,到甬東,1
5382,甬東手,1
5383,東手種,1
5384,手種黃,1
5385,種黃柑,1
5386,黃柑二,1
5387,柑二百,1
5388,二百株,1
5389,百株春,1
5390,株春來,1
5391,春來新,1
5392,來新葉,1
5393,新葉遍,1
5394,葉遍城,1
5395,遍城隅,1
5396,城隅方,1
5397,隅方同,1
5398,方同楚,1
5399,同楚客,1
5400,楚客憐,1
5401,客憐皇,1
5402,憐皇樹,1
5403,皇樹不,1
5404,樹不學,1
5405,不學荊,1
5406,學荊州,1
5407,荊州利,1
5408,州利木,1
5409,利木奴,1
5410,木奴幾,1
5411,奴幾歲,1
5412,幾歲開,1
5413,歲開花,1
5414,開花聞,1
5415,花聞噴,1
5416,聞噴雪,1
5417,噴雪何,1
5418,雪何人,1
5419,何人摘,1
5420,人摘實,1
5421,摘實見,1
5422,實見垂,1
5423,見垂珠,1
5424,垂珠若,1
5425,珠若教,1
5426,若教坐,1
5427,教坐待,1
5428,坐待成,1
5429,待成林,1
5430,成林日,1
5431,林日滋,1
5432,日滋味,1
5433,滋味還,1
5434,味還堪,1
5435,還堪養,1
5436,堪養老,1
5437,養老夫,1
5438,老夫東,1
5439,夫東越,1
5440,東越高,1
5441,越高僧,1
5442,高僧還,1
5443,僧還姓,1
5444,還姓湯,1
5445,姓湯幾,1
5446,湯幾時,1
5447,幾時瓊,1
5448,時瓊佩,1
5449,瓊佩觸,1
5450,佩觸鳴,1
5451,觸鳴璫,1
5452,鳴璫空,1
5453,璫空花,1
5454,空花一,1
5455,花一散,1
5456,一散不,1
5457,散不知,1
5458,不知處,1
5459,知處誰,1
5460,處誰採,1
5461,誰採金,1
5462,採金英,1
5463,金英與,1
5464,英與侍,1
5465,與侍郎,1
5466,侍郎交,1
5467,郎交侶,1
5468,交侶平,1
5469,侶平生,1
5470,平生意,1
5471,生意最,1
5472,意最親,1
5473,最親衡,1
5474,親衡陽,1
5475,衡陽往,1
5476,陽往事,1
5477,往事似,1
5478,事似分,1
5479,似分身,1
5480,分身袖,1
5481,身袖中,1
5482,袖中忽,1
5483,中忽見,1
5484,忽見三,1
5485,見三行,1
5486,三行字,1
5487,行字拭,1
5488,字拭淚,1
5489,拭淚相,1
5490,淚相看,1
5491,相看是,1
5492,看是故,1
5493,是故人,1
5494,故人林,1
5495,人林邑,1
5496,林邑山,1
5497,邑山連,1
5498,山連瘴,1
5499,連瘴海,1
5500,瘴海秋,1
5501,海秋牂,1
5502,秋牂牁,1
5503,牂牁水,1
5504,牁水向,1
5505,水向郡,1
5506,向郡前,1
5507,郡前流,1
5508,前流勞,1
5509,流勞君,1
5510,勞君遠,1
5511,君遠問,1
5512,遠問龍,1
5513,問龍城,1
5514,龍城地,1
5515,城地正,1
5516,地正北,1
5517,正北三,1
5518,北三千,1
5519,三千到,1
5520,千到錦,1
5521,到錦州,1
5522,錦州上,1
5523,州上苑,1
5524,上苑年,1
5525,苑年年,1
5526,年年占,1
5527,年占物,1
5528,占物華,1
5529,物華飄,1
5530,華飄零,1
5531,飄零今,1
5532,零今日,1
5533,今日在,1
5534,日在天,1
5535,在天涯,1
5536,天涯只,1
5537,涯只因,1
5538,只因長,1
5539,因長作,1
5540,長作龍,1
5541,作龍城,1
5542,龍城守,1
5543,城守剩,1
5544,守剩種,1
5545,剩種庭,1
5546,種庭前,1
5547,庭前木,1
5548,前木槲,1
5549,木槲花,1
5550,槲花海,1
5551,花海上,1
5552,海上朱,1
5553,上朱櫻,1
5554,朱櫻贈,1
5555,櫻贈所,1
5556,贈所思,1
5557,所思樓,1
5558,思樓居,1
5559,樓居況,1
5560,居況是,1
5561,況是望,1
5562,是望仙,1
5563,望仙時,1
5564,仙時蓬,1
5565,時蓬萊,1
5566,蓬萊羽,1
5567,萊羽客,1
5568,羽客如,1
5569,客如相,1
5570,如相訪,1
5571,相訪不,1
5572,訪不是,1
5573,不是偷,1
5574,是偷桃,1
5575,偷桃一,1
5576,桃一小,1
5577,一小兒,1
5578,小兒破,1
5579,兒破額,1
5580,破額山,1
5581,額山前,1
5582,山前碧,1
5583,前碧玉,1
5584,碧玉流,1
5585,玉流騷,1
5586,流騷人,1
5587,騷人遙,1
5588,人遙駐,1
5589,遙駐木,1
5590,駐木蘭,1
5591,木蘭舟,1
5592,蘭舟春,1
5593,舟春風,1
5594,春風無,1
5595,風無限,1
5596,無限瀟,1
5597,限瀟湘,1
5598,瀟湘意,1
5599,湘意欲,1
5600,意欲采,1
5601,欲采蘋,1
5602,采蘋花,1
5603,蘋花不,1
5604,花不自,1
5605,不自由,1
5606,自由拘,1
5607,由拘情,1
5608,拘情病,1
5609,情病幽,1
5610,病幽鬱,1
5611,幽鬱曠,1
5612,鬱曠志,1
5613,曠志寄,1
5614,志寄高,1
5615,寄高爽,1
5616,高爽願,1
5617,爽願言,1
5618,願言懷,1
5619,言懷名,1
5620,懷名緇,1
5621,名緇東,1
5622,緇東峰,1
5623,東峰旦,1
5624,峰旦夕,1
5625,旦夕仰,1
5626,夕仰始,1
5627,仰始欣,1
5628,始欣雲,1
5629,欣雲雨,1
5630,雲雨霽,1
5631,雨霽尤,1
5632,霽尤悅,1
5633,尤悅草,1
5634,悅草木,1
5635,草木長,1
5636,木長道,1
5637,長道同,1
5638,道同有,1
5639,同有愛,1
5640,有愛弟,1
5641,愛弟披,1
5642,弟披拂,1
5643,披拂恣,1
5644,拂恣心,1
5645,恣心賞,1
5646,心賞松,1
5647,賞松溪,1
5648,松溪窈,1
5649,溪窈窕,1
5650,窈窕入,1
5651,窕入石,1
5652,入石棧,1
5653,石棧夤,1
5654,棧夤緣,1
5655,夤緣上,1
5656,緣上蘿,1
5657,上蘿葛,1
5658,蘿葛綿,1
5659,葛綿層,1
5660,綿層甍,1
5661,層甍莓,1
5662,甍莓苔,1
5663,莓苔侵,1
5664,苔侵標,1
5665,侵標榜,1
5666,標榜密,1
5667,榜密林,1
5668,密林互,1
5669,林互對,1
5670,互對聳,1
5671,對聳絕,1
5672,聳絕壁,1
5673,絕壁儼,1
5674,壁儼雙,1
5675,儼雙敞,1
5676,雙敞塹,1
5677,敞塹峭,1
5678,塹峭出,1
5679,峭出蒙,1
5680,出蒙籠,1
5681,蒙籠墟,1
5682,籠墟險,1
5683,墟險臨,1
5684,險臨滉,1
5685,臨滉漾,1
5686,滉漾稍,1
5687,漾稍疑,1
5688,稍疑地,1
5689,疑地脈,1
5690,地脈斷,1
5691,脈斷悠,1
5692,斷悠若,1
5693,悠若天,1
5694,若天梯,1
5695,天梯往,1
5696,梯往結,1
5697,往結構,1
5698,結構罩,1
5699,構罩群,1
5700,罩群崖,1
5701,群崖回,1
5702,崖回環,1
5703,回環驅,1
5704,環驅萬,1
5705,驅萬象,1
5706,萬象小,1
5707,象小劫,1
5708,小劫不,1
5709,劫不逾,1
5710,不逾瞬,1
5711,逾瞬大,1
5712,瞬大千,1
5713,大千若,1
5714,千若在,1
5715,若在掌,1
5716,在掌體,1
5717,掌體空,1
5718,體空得,1
5719,空得化,1
5720,得化元,1
5721,化元觀,1
5722,元觀有,1
5723,觀有遺,1
5724,有遺細,1
5725,遺細想,1
5726,細想喧,1
5727,想喧煩,1
5728,喧煩困,1
5729,煩困蠛,1
5730,困蠛蠓,1
5731,蠛蠓局,1
5732,蠓局蹐,1
5733,局蹐疲,1
5734,蹐疲魍,1
5735,疲魍魎,1
5736,魍魎寸,1
5737,魎寸進,1
5738,寸進諒,1
5739,進諒何,1
5740,諒何營,1
5741,何營尋,1
5742,營尋直,1
5743,尋直非,1
5744,直非所,1
5745,非所枉,1
5746,所枉探,1
5747,枉探奇,1
5748,探奇極,1
5749,奇極遙,1
5750,極遙矚,1
5751,遙矚窮,1
5752,矚窮妙,1
5753,窮妙閟,1
5754,妙閟清,1
5755,閟清響,1
5756,清響理,1
5757,響理會,1
5758,理會方,1
5759,會方在,1
5760,方在今,1
5761,在今神,1
5762,今神開,1
5763,神開庶,1
5764,開庶殊,1
5765,庶殊曩,1
5766,殊曩茲,1
5767,曩茲游,1
5768,茲游苟,1
5769,游苟不,1
5770,苟不嗣,1
5771,不嗣浩,1
5772,嗣浩氣,1
5773,浩氣竟,1
5774,氣竟誰,1
5775,竟誰養,1
5776,誰養道,1
5777,養道異,1
5778,道異誠,1
5779,異誠所,1
5780,誠所希,1
5781,所希名,1
5782,希名賓,1
5783,名賓匪,1
5784,賓匪餘,1
5785,匪餘仗,1
5786,餘仗超,1
5787,仗超攄,1
5788,超攄藉,1
5789,攄藉外,1
5790,藉外獎,1
5791,外獎俯,1
5792,獎俯默,1
5793,俯默有,1
5794,默有內,1
5795,有內朗,1
5796,內朗鑒,1
5797,朗鑒爾,1
5798,鑒爾揖,1
5799,爾揖古,1
5800,揖古風,1
5801,古風終,1
5802,風終焉,1
5803,終焉乃,1
5804,焉乃吾,1
5805,乃吾黨,1
5806,吾黨潛,1
5807,黨潛軀,1
5808,潛軀委,1
5809,軀委韁,1
5810,委韁鎖,1
5811,韁鎖高,1
5812,鎖高步,1
5813,高步謝,1
5814,步謝塵,1
5815,謝塵坱,1
5816,塵坱蓄,1
5817,坱蓄志,1
5818,蓄志徒,1
5819,志徒為,1
5820,徒為勞,1
5821,為勞追,1
5822,勞追蹤,1
5823,追蹤將,1
5824,蹤將焉,1
5825,將焉仿,1
5826,焉仿淹,1
5827,仿淹留,1
5828,淹留值,1
5829,留值頹,1
5830,值頹暮,1
5831,頹暮眷,1
5832,暮眷戀,1
5833,眷戀睇,1
5834,戀睇遐,1
5835,睇遐壤,1
5836,遐壤映,1
5837,壤映日,1
5838,映日雁,1
5839,日雁聯,1
5840,雁聯軒,1
5841,聯軒翻,1
5842,軒翻雲,1
5843,翻雲波,1
5844,雲波泱,1
5845,波泱漭,1
5846,泱漭殊,1
5847,漭殊風,1
5848,殊風紛,1
5849,風紛已,1
5850,紛已萃,1
5851,已萃鄉,1
5852,萃鄉路,1
5853,鄉路悠,1
5854,路悠且,1
5855,悠且廣,1
5856,且廣羈,1
5857,廣羈木,1
5858,羈木畏,1
5859,木畏漂,1
5860,畏漂浮,1
5861,漂浮離,1
5862,浮離旌,1
5863,離旌倦,1
5864,旌倦搖,1
5865,倦搖盪,1
5866,搖盪昔,1
5867,盪昔人,1
5868,昔人歎,1
5869,人歎違,1
5870,歎違志,1
5871,違志出,1
5872,志出處,1
5873,出處今,1
5874,處今已,1
5875,今已兩,1
5876,已兩何,1
5877,兩何用,1
5878,何用期,1
5879,用期所,1
5880,期所歸,1
5881,所歸浮,1
5882,歸浮圖,1
5883,浮圖有,1
5884,圖有遺,1
5885,有遺像,1
5886,遺像幽,1
5887,像幽蹊,1
5888,幽蹊不,1
5889,蹊不盈,1
5890,盈尺虛,1
5891,尺虛室,1
5892,虛室有,1
5893,室有函,1
5894,有函丈,1
5895,函丈微,1
5896,丈微言,1
5897,微言信,1
5898,言信可,1
5899,信可傳,1
5900,可傳申,1
5901,傳申旦,1
5902,申旦稽,1
5903,旦稽吾,1
5904,稽吾顙,1
5905,吾顙謫,1
5906,顙謫棄,1
5907,謫棄殊,1
5908,棄殊隱,1
5909,殊隱淪,1
5910,隱淪登,1
5911,淪登陟,1
5912,登陟非,1
5913,陟非遠,1
5914,非遠郊,1
5915,遠郊所,1
5916,郊所懷,1
5917,所懷緩,1
5918,懷緩伊,1
5919,緩伊鬱,1
5920,伊鬱詎,1
5921,鬱詎欲,1
5922,詎欲肩,1
5923,欲肩夷,1
5924,肩夷巢,1
5925,夷巢高,1
5926,巢高岩,1
5927,高岩瞰,1
5928,岩瞰清,1
5929,瞰清江,1
5930,清江幽,1
5931,江幽窟,1
5932,幽窟潛,1
5933,窟潛神,1
5934,潛神蛟,1
5935,神蛟開,1
5936,蛟開曠,1
5937,開曠延,1
5938,曠延陽,1
5939,延陽景,1
5940,陽景回,1
5941,景回薄,1
5942,回薄攢,1
5943,薄攢林,1
5944,攢林梢,1
5945,林梢西,1
5946,梢西亭,1
5947,西亭構,1
5948,亭構其,1
5949,構其巔,1
5950,其巔反,1
5951,巔反宇,1
5952,反宇臨,1
5953,宇臨呀,1
5954,臨呀庨,1
5955,呀庨背,1
5956,庨背瞻,1
5957,背瞻星,1
5958,瞻星辰,1
5959,星辰興,1
5960,辰興下,1
5961,興下見,1
5962,下見雲,1
5963,見雲雨,1
5964,雲雨交,1
5965,雨交惜,1
5966,交惜非,1
5967,惜非吾,1
5968,非吾鄉,1
5969,吾鄉土,1
5970,鄉土得,1
5971,土得以,1
5972,得以蔭,1
5973,以蔭菁,1
5974,蔭菁茆,1
5975,菁茆羈,1
5976,茆羈貫,1
5977,羈貫去,1
5978,貫去江,1
5979,去江介,1
5980,江介世,1
5981,介世仕,1
5982,世仕尚,1
5983,仕尚函,1
5984,尚函崤,1
5985,函崤故,1
5986,崤故墅,1
5987,故墅即,1
5988,墅即灃,1
5989,即灃川,1
5990,灃川數,1
5991,川數畝,1
5992,數畝均,1
5993,畝均肥,1
5994,均肥磽,1
5995,肥磽台,1
5996,磽台館,1
5997,台館葺,1
5998,館葺荒,1
5999,葺荒丘,1
6000,荒丘池,1
6001,丘池塘,1
6002,池塘疏,1
6003,塘疏沉,1
6004,疏沉坳,1
6005,沉坳會,1
6006,坳會有,1
6007,會有圭,1
6008,有圭組,1
6009,圭組戀,1
6010,組戀遂,1
6011,戀遂貽,1
6012,遂貽山,1
6013,貽山林,1
6014,山林嘲,1
6015,林嘲薄,1
6016,嘲薄軀,1
6017,薄軀信,1
6018,軀信無,1
6019,信無庸,1
6020,無庸瑣,1
6021,庸瑣屑,1
6022,瑣屑劇,1
6023,屑劇鬥,1
6024,劇鬥筲,1
6025,鬥筲囚,1
6026,筲囚居,1
6027,囚居固,1
6028,居固其,1
6029,固其宜,1
6030,其宜厚,1
6031,宜厚羞,1
6032,厚羞久,1
6033,羞久已,1
6034,久已包,1
6035,已包庭,1
6036,包庭除,1
6037,庭除植,1
6038,除植蓬,1
6039,植蓬艾,1
6040,蓬艾隟,1
6041,艾隟牖,1
6042,隟牖懸,1
6043,牖懸蠨,1
6044,懸蠨蛸,1
6045,蠨蛸所,1
6046,蛸所賴,1
6047,所賴山,1
6048,賴山川,1
6049,山川客,1
6050,川客扁,1
6051,客扁舟,1
6052,扁舟枉,1
6053,舟枉長,1
6054,枉長梢,1
6055,長梢挹,1
6056,梢挹流,1
6057,挹流敵,1
6058,流敵清,1
6059,敵清觴,1
6060,清觴掇,1
6061,觴掇野,1
6062,掇野代,1
6063,野代嘉,1
6064,代嘉肴,1
6065,嘉肴適,1
6066,肴適道,1
6067,適道有,1
6068,道有高,1
6069,有高言,1
6070,高言取,1
6071,言取樂,1
6072,取樂非,1
6073,樂非弦,1
6074,非弦匏,1
6075,弦匏逍,1
6076,匏逍遙,1
6077,逍遙屏,1
6078,遙屏幽,1
6079,屏幽昧,1
6080,幽昧淡,1
6081,昧淡薄,1
6082,淡薄辭,1
6083,薄辭喧,1
6084,辭喧呶,1
6085,喧呶晨,1
6086,呶晨雞,1
6087,晨雞不,1
6088,雞不餘,1
6089,不餘欺,1
6090,餘欺風,1
6091,欺風雨,1
6092,風雨聞,1
6093,雨聞嘐,1
6094,聞嘐嘐,1
6095,嘐嘐再,1
6096,嘐再期,1
6097,再期永,1
6098,期永日,1
6099,永日閑,1
6100,日閑提,1
6101,閑提挈,1
6102,提挈移,1
6103,挈移中,1
6104,移中庖,1
6105,中庖九,1
6106,庖九疑,1
6107,九疑浚,1
6108,疑浚傾,1
6109,浚傾奔,1
6110,傾奔臨,1
6111,奔臨源,1
6112,臨源委,1
6113,源委縈,1
6114,委縈回,1
6115,縈回會,1
6116,回會合,1
6117,會合屬,1
6118,合屬空,1
6119,屬空曠,1
6120,空曠泓,1
6121,曠泓澄,1
6122,泓澄停,1
6123,澄停風,1
6124,停風雷,1
6125,風雷高,1
6126,雷高館,1
6127,高館軒,1
6128,館軒霞,1
6129,軒霞表,1
6130,霞表危,1
6131,表危樓,1
6132,危樓臨,1
6133,樓臨山,1
6134,臨山隈,1
6135,山隈茲,1
6136,隈茲辰,1
6137,茲辰始,1
6138,辰始澄,1
6139,始澄霽,1
6140,澄霽纖,1
6141,霽纖雲,1
6142,纖雲盡,1
6143,雲盡褰,1
6144,盡褰開,1
6145,褰開天,1
6146,開天秋,1
6147,天秋日,1
6148,秋日正,1
6149,日正中,1
6150,正中水,1
6151,中水碧,1
6152,水碧無,1
6153,碧無塵,1
6154,無塵埃,1
6155,塵埃杳,1
6156,埃杳杳,1
6157,杳杳漁,1
6158,杳漁父,1
6159,漁父吟,1
6160,父吟叫,1
6161,吟叫叫,1
6162,叫叫羈,1
6163,叫羈鴻,1
6164,羈鴻哀,1
6165,鴻哀境,1
6166,哀境勝,1
6167,境勝豈,1
6168,勝豈不,1
6169,豈不豫,1
6170,不豫慮,1
6171,豫慮分,1
6172,慮分固,1
6173,分固難,1
6174,固難裁,1
6175,難裁升,1
6176,裁升高,1
6177,升高欲,1
6178,高欲自,1
6179,欲自舒,1
6180,自舒彌,1
6181,舒彌使,1
6182,彌使遠,1
6183,使遠念,1
6184,遠念來,1
6185,念來歸,1
6186,來歸流,1
6187,歸流駛,1
6188,流駛且,1
6189,駛且廣,1
6190,且廣泛,1
6191,廣泛舟,1
6192,泛舟絕,1
6193,舟絕沿,1
6194,絕沿洄,1
6195,沿洄隱,1
6196,洄隱憂,1
6197,隱憂倦,1
6198,憂倦永,1
6199,倦永夜,1
6200,永夜淩,1
6201,夜淩霧,1
6202,淩霧臨,1
6203,霧臨江,1
6204,臨江津,1
6205,江津猿,1
6206,津猿鳴,1
6207,猿鳴稍,1
6208,鳴稍已,1
6209,稍已疏,1
6210,已疏登,1
6211,疏登石,1
6212,登石娛,1
6213,石娛清,1
6214,娛清淪,1
6215,清淪日,1
6216,淪日出,1
6217,日出洲,1
6218,出洲渚,1
6219,洲渚靜,1
6220,渚靜澄,1
6221,靜澄明,1
6222,澄明皛,1
6223,明皛無,1
6224,皛無垠,1
6225,無垠浮,1
6226,垠浮暉,1
6227,浮暉翻,1
6228,暉翻高,1
6229,翻高禽,1
6230,高禽沉,1
6231,禽沉景,1
6232,沉景照,1
6233,景照文,1
6234,照文鱗,1
6235,文鱗雙,1
6236,鱗雙江,1
6237,雙江匯,1
6238,江匯西,1
6239,匯西奔,1
6240,西奔詭,1
6241,奔詭怪,1
6242,詭怪潛,1
6243,怪潛坤,1
6244,潛坤珍,1
6245,坤珍孤,1
6246,珍孤山,1
6247,孤山乃,1
6248,山乃北,1
6249,乃北峙,1
6250,北峙森,1
6251,峙森爽,1
6252,森爽棲,1
6253,爽棲靈,1
6254,棲靈神,1
6255,靈神洄,1
6256,神洄潭,1
6257,洄潭或,1
6258,潭或動,1
6259,或動容,1
6260,動容島,1
6261,容島嶼,1
6262,島嶼疑,1
6263,嶼疑搖,1
6264,疑搖振,1
6265,搖振陶,1
6266,振陶埴,1
6267,陶埴茲,1
6268,埴茲擇,1
6269,茲擇土,1
6270,擇土蒲,1
6271,土蒲魚,1
6272,蒲魚相,1
6273,魚相與,1
6274,相與鄰,1
6275,與鄰信,1
6276,鄰信美,1
6277,信美非,1
6278,美非所,1
6279,非所安,1
6280,所安羈,1
6281,安羈心,1
6282,羈心屢,1
6283,心屢逡,1
6284,屢逡巡,1
6285,逡巡糾,1
6286,巡糾結,1
6287,糾結良,1
6288,結良可,1
6289,良可解,1
6290,可解紆,1
6291,解紆鬱,1
6292,紆鬱亦,1
6293,鬱亦已,1
6294,亦已伸,1
6295,已伸高,1
6296,伸高歌,1
6297,高歌返,1
6298,歌返故,1
6299,返故室,1
6300,故室自,1
6301,室自罔,1
6302,自罔非,1
6303,罔非所,1
6304,非所欣,1
6305,所欣秋,1
6306,欣秋氣,1
6307,秋氣集,1
6308,氣集南,1
6309,集南澗,1
6310,南澗獨,1
6311,澗獨遊,1
6312,獨遊亭,1
6313,遊亭午,1
6314,亭午時,1
6315,午時回,1
6316,時回風,1
6317,回風一,1
6318,風一蕭,1
6319,一蕭瑟,1
6320,蕭瑟林,1
6321,瑟林影,1
6322,林影久,1
6323,影久參,1
6324,久參差,1
6325,參差始,1
6326,差始至,1
6327,始至若,1
6328,至若有,1
6329,若有得,1
6330,有得稍,1
6331,得稍深,1
6332,稍深遂,1
6333,深遂忘,1
6334,遂忘疲,1
6335,忘疲羈,1
6336,疲羈禽,1
6337,羈禽響,1
6338,禽響幽,1
6339,響幽谷,1
6340,幽谷寒,1
6341,谷寒藻,1
6342,寒藻舞,1
6343,藻舞淪,1
6344,舞淪漪,1
6345,淪漪去,1
6346,漪去國,1
6347,去國魂,1
6348,國魂已,1
6349,魂已遠,1
6350,已遠懷,1
6351,遠懷人,1
6352,懷人淚,1
6353,人淚空,1
6354,淚空垂,1
6355,空垂孤,1
6356,垂孤生,1
6357,孤生易,1
6358,生易為,1
6359,易為感,1
6360,為感失,1
6361,感失路,1
6362,失路少,1
6363,路少所,1
6364,少所宜,1
6365,所宜索,1
6366,宜索寞,1
6367,索寞竟,1
6368,寞竟何,1
6369,竟何事,1
6370,何事徘,1
6371,事徘徊,1
6372,徘徊只,1
6373,徊只自,1
6374,只自知,1
6375,自知誰,1
6376,知誰為,1
6377,誰為後,1
6378,為後來,1
6379,後來者,1
6380,來者當,1
6381,者當與,1
6382,當與此,1
6383,與此心,1
6384,此心期,1
6385,心期志,1
6386,期志適,1
6387,志適不,1
6388,適不期,1
6389,不期貴,1
6390,期貴道,1
6391,貴道存,1
6392,道存豈,1
6393,存豈偷,1
6394,豈偷生,1
6395,偷生久,1
6396,生久忘,1
6397,久忘上,1
6398,忘上封,1
6399,上封事,1
6400,封事複,1
6401,事複笑,1
6402,複笑升,1
6403,笑升天,1
6404,升天行,1
6405,天行竄,1
6406,行竄逐,1
6407,竄逐宦,1
6408,逐宦湘,1
6409,宦湘浦,1
6410,湘浦搖,1
6411,浦搖心,1
6412,搖心劇,1
6413,心劇懸,1
6414,劇懸旌,1
6415,懸旌始,1
6416,旌始驚,1
6417,始驚陷,1
6418,驚陷世,1
6419,陷世議,1
6420,世議終,1
6421,議終欲,1
6422,終欲逃,1
6423,欲逃天,1
6424,逃天刑,1
6425,天刑歲,1
6426,刑歲月,1
6427,歲月殺,1
6428,月殺憂,1
6429,殺憂栗,1
6430,憂栗慵,1
6431,栗慵疏,1
6432,慵疏寡,1
6433,疏寡將,1
6434,寡將迎,1
6435,將迎追,1
6436,迎追遊,1
6437,追遊疑,1
6438,遊疑所,1
6439,疑所愛,1
6440,所愛且,1
6441,愛且複,1
6442,且複舒,1
6443,複舒吾,1
6444,舒吾情,1
6445,吾情石,1
6446,情石角,1
6447,石角恣,1
6448,角恣幽,1
6449,恣幽步,1
6450,幽步長,1
6451,步長烏,1
6452,長烏遂,1
6453,烏遂遐,1
6454,遂遐征,1
6455,遐征磴,1
6456,征磴回,1
6457,磴回茂,1
6458,回茂樹,1
6459,茂樹斷,1
6460,樹斷景,1
6461,斷景晏,1
6462,景晏寒,1
6463,晏寒川,1
6464,寒川明,1
6465,川明曠,1
6466,明曠望,1
6467,曠望少,1
6468,望少行,1
6469,少行人,1
6470,行人時,1
6471,人時聞,1
6472,時聞田,1
6473,聞田鸛,1
6474,田鸛鳴,1
6475,鸛鳴風,1
6476,鳴風篁,1
6477,風篁冒,1
6478,篁冒水,1
6479,冒水遠,1
6480,水遠霜,1
6481,遠霜稻,1
6482,霜稻侵,1
6483,稻侵山,1
6484,侵山平,1
6485,山平稍,1
6486,平稍與,1
6487,稍與人,1
6488,與人事,1
6489,人事閑,1
6490,事閑益,1
6491,閑益知,1
6492,益知身,1
6493,知身世,1
6494,身世輕,1
6495,世輕為,1
6496,輕為農,1
6497,為農信,1
6498,農信可,1
6499,信可樂,1
6500,可樂居,1
6501,樂居寵,1
6502,居寵真,1
6503,寵真虛,1
6504,真虛榮,1
6505,虛榮喬,1
6506,榮喬木,1
6507,喬木餘,1
6508,木餘故,1
6509,餘故國,1
6510,故國願,1
6511,國願言,1
6512,願言果,1
6513,言果丹,1
6514,果丹誠,1
6515,丹誠四,1
6516,誠四支,1
6517,四支反,1
6518,支反田,1
6519,反田畝,1
6520,田畝釋,1
6521,畝釋志,1
6522,釋志東,1
6523,志東皋,1
6524,東皋耕,1
6525,皋耕鶴,1
6526,耕鶴鳴,1
6527,鶴鳴楚,1
6528,鳴楚山,1
6529,楚山靜,1
6530,山靜露,1
6531,靜露白,1
6532,露白秋,1
6533,白秋江,1
6534,秋江曉,1
6535,江曉連,1
6536,曉連袂,1
6537,連袂度,1
6538,袂度危,1
6539,度危橋,1
6540,危橋縈,1
6541,橋縈回,1
6542,縈回出,1
6543,回出林,1
6544,出林杪,1
6545,林杪西,1
6546,杪西岑,1
6547,西岑極,1
6548,岑極遠,1
6549,極遠目,1
6550,遠目毫,1
6551,目毫末,1
6552,毫末皆,1
6553,末皆可,1
6554,皆可了,1
6555,可了重,1
6556,了重疊,1
6557,重疊九,1
6558,疊九疑,1
6559,九疑高,1
6560,疑高微,1
6561,高微茫,1
6562,微茫洞,1
6563,茫洞庭,1
6564,洞庭小,1
6565,庭小迥,1
6566,小迥窮,1
6567,迥窮兩,1
6568,窮兩儀,1
6569,兩儀際,1
6570,儀際高,1
6571,際高出,1
6572,高出萬,1
6573,出萬象,1
6574,萬象表,1
6575,象表馳,1
6576,表馳景,1
6577,馳景泛,1
6578,景泛頹,1
6579,泛頹波,1
6580,頹波遙,1
6581,波遙風,1
6582,遙風遞,1
6583,風遞寒,1
6584,遞寒筱,1
6585,寒筱謫,1
6586,筱謫居,1
6587,謫居安,1
6588,居安所,1
6589,安所習,1
6590,所習稍,1
6591,習稍厭,1
6592,稍厭從,1
6593,厭從紛,1
6594,從紛擾,1
6595,紛擾生,1
6596,擾生同,1
6597,生同胥,1
6598,同胥靡,1
6599,胥靡遺,1
6600,靡遺壽,1
6601,遺壽比,1
6602,壽比彭,1
6603,比彭鏗,1
6604,彭鏗夭,1
6605,鏗夭蹇,1
6606,夭蹇連,1
6607,蹇連困,1
6608,連困顛,1
6609,困顛踣,1
6610,顛踣愚,1
6611,踣愚蒙,1
6612,愚蒙怯,1
6613,蒙怯幽,1
6614,怯幽眇,1
6615,幽眇非,1
6616,眇非令,1
6617,非令親,1
6618,令親愛,1
6619,親愛疏,1
6620,愛疏誰,1
6621,疏誰使,1
6622,誰使心,1
6623,使心神,1
6624,心神悄,1
6625,神悄偶,1
6626,悄偶茲,1
6627,偶茲遁,1
6628,茲遁山,1
6629,遁山水,1
6630,山水得,1
6631,水得以,1
6632,得以觀,1
6633,以觀魚,1
6634,觀魚鳥,1
6635,魚鳥吾,1
6636,鳥吾子,1
6637,吾子幸,1
6638,子幸淹,1
6639,幸淹留,1
6640,淹留緩,1
6641,留緩我,1
6642,緩我愁,1
6643,我愁腸,1
6644,愁腸繞,1
6645,腸繞竄,1
6646,繞竄身,1
6647,竄身楚,1
6648,身楚南,1
6649,楚南極,1
6650,南極山,1
6651,極山水,1
6652,山水窮,1
6653,水窮險,1
6654,窮險艱,1
6655,險艱步,1
6656,艱步登,1
6657,步登最,1
6658,登最高,1
6659,最高寺,1
6660,高寺蕭,1
6661,寺蕭散,1
6662,蕭散任,1
6663,散任疏,1
6664,任疏頑,1
6665,疏頑西,1
6666,頑西垂,1
6667,西垂下,1
6668,垂下鬥,1
6669,下鬥絕,1
6670,鬥絕欲,1
6671,絕欲似,1
6672,欲似窺,1
6673,似窺人,1
6674,窺人寰,1
6675,人寰反,1
6676,寰反如,1
6677,反如在,1
6678,如在幽,1
6679,在幽谷,1
6680,幽谷榛,1
6681,谷榛翳,1
6682,榛翳不,1
6683,翳不可,1
6684,可攀命,1
6685,攀命童,1
6686,命童恣,1
6687,童恣披,1
6688,恣披翦,1
6689,披翦葺,1
6690,翦葺宇,1
6691,葺宇橫,1
6692,宇橫斷,1
6693,橫斷山,1
6694,斷山割,1
6695,山割如,1
6696,割如判,1
6697,如判清,1
6698,判清濁,1
6699,清濁飄,1
6700,濁飄若,1
6701,飄若升,1
6702,若升雲,1
6703,升雲間,1
6704,雲間遠,1
6705,間遠岫,1
6706,遠岫攢,1
6707,岫攢眾,1
6708,攢眾頂,1
6709,眾頂澄,1
6710,頂澄江,1
6711,澄江抱,1
6712,江抱清,1
6713,抱清灣,1
6714,清灣夕,1
6715,灣夕照,1
6716,夕照臨,1
6717,照臨軒,1
6718,臨軒墮,1
6719,軒墮棲,1
6720,墮棲鳥,1
6721,棲鳥當,1
6722,鳥當我,1
6723,當我還,1
6724,我還菡,1
6725,還菡萏,1
6726,菡萏溢,1
6727,萏溢嘉,1
6728,溢嘉色,1
6729,嘉色筼,1
6730,色筼簹,1
6731,筼簹遺,1
6732,簹遺清,1
6733,遺清斑,1
6734,清斑神,1
6735,斑神舒,1
6736,神舒屏,1
6737,舒屏羈,1
6738,屏羈鎖,1
6739,羈鎖志,1
6740,鎖志適,1
6741,志適忘,1
6742,適忘幽,1
6743,忘幽孱,1
6744,幽孱棄,1
6745,孱棄逐,1
6746,棄逐久,1
6747,逐久枯,1
6748,久枯槁,1
6749,枯槁迨,1
6750,槁迨今,1
6751,迨今始,1
6752,今始開,1
6753,始開顏,1
6754,開顏賞,1
6755,顏賞心,1
6756,賞心難,1
6757,心難久,1
6758,難久留,1
6759,久留離,1
6760,留離念,1
6761,離念來,1
6762,念來相,1
6763,來相關,1
6764,相關北,1
6765,關北望,1
6766,北望間,1
6767,望間親,1
6768,間親愛,1
6769,親愛南,1
6770,愛南瞻,1
6771,南瞻雜,1
6772,瞻雜夷,1
6773,雜夷蠻,1
6774,夷蠻置,1
6775,蠻置之,1
6776,置之勿,1
6777,之勿複,1
6778,勿複道,1
6779,複道且,1
6780,道且寄,1
6781,且寄須,1
6782,寄須臾,1
6783,須臾閑,1
6784,臾閑苦,1
6785,閑苦熱,1
6786,苦熱中,1
6787,熱中夜,1
6788,夜起登,1
6789,起登樓,1
6790,登樓獨,1
6791,樓獨褰,1
6792,獨褰衣,1
6793,褰衣山,1
6794,衣山澤,1
6795,山澤凝,1
6796,澤凝暑,1
6797,凝暑氣,1
6798,暑氣星,1
6799,氣星漢,1
6800,星漢湛,1
6801,漢湛光,1
6802,湛光輝,1
6803,光輝火,1
6804,輝火晶,1
6805,火晶燥,1
6806,晶燥露,1
6807,燥露滋,1
6808,露滋野,1
6809,滋野靜,1
6810,野靜停,1
6811,靜停風,1
6812,停風威,1
6813,風威探,1
6814,威探湯,1
6815,探湯汲,1
6816,湯汲陰,1
6817,汲陰井,1
6818,陰井煬,1
6819,井煬灶,1
6820,煬灶開,1
6821,灶開重,1
6822,開重扉,1
6823,重扉憑,1
6824,扉憑闌,1
6825,憑闌久,1
6826,闌久彷,1
6827,久彷徨,1
6828,彷徨流,1
6829,徨流汗,1
6830,流汗不,1
6831,汗不可,1
6832,不可揮,1
6833,可揮莫,1
6834,揮莫辯,1
6835,莫辯亭,1
6836,辯亭毒,1
6837,亭毒意,1
6838,毒意仰,1
6839,意仰訴,1
6840,仰訴璿,1
6841,訴璿與,1
6842,璿與璣,1
6843,與璣諒,1
6844,璣諒非,1
6845,諒非姑,1
6846,非姑射,1
6847,姑射子,1
6848,射子靜,1
6849,子靜勝,1
6850,靜勝安,1
6851,勝安能,1
6852,安能希,1
6853,能希久,1
6854,希久知,1
6855,久知老,1
6856,知老會,1
6857,老會至,1
6858,會至不,1
6859,至不謂,1
6860,不謂便,1
6861,謂便見,1
6862,便見侵,1
6863,見侵今,1
6864,侵今年,1
6865,今年宜,1
6866,年宜未,1
6867,宜未衰,1
6868,未衰稍,1
6869,衰稍已,1
6870,稍已來,1
6871,已來相,1
6872,相尋齒,1
6873,尋齒疏,1
6874,齒疏發,1
6875,疏發就,1
6876,發就種,1
6877,就種奔,1
6878,種奔走,1
6879,奔走力,1
6880,走力不,1
6881,力不任,1
6882,不任咄,1
6883,任咄此,1
6884,咄此可,1
6885,此可奈,1
6886,可奈何,1
6887,奈何未,1
6888,何未必,1
6889,未必傷,1
6890,必傷我,1
6891,傷我心,1
6892,我心彭,1
6893,心彭聃,1
6894,彭聃安,1
6895,聃安在,1
6896,安在哉,1
6897,在哉周,1
6898,哉周孔,1
6899,周孔亦,1
6900,孔亦已,1
6901,亦已沉,1
6902,已沉古,1
6903,沉古稱,1
6904,古稱壽,1
6905,稱壽聖,1
6906,壽聖人,1
6907,聖人曾,1
6908,人曾不,1
6909,曾不留,1
6910,不留至,1
6911,留至今,1
6912,至今但,1
6913,今但願,1
6914,但願得,1
6915,願得美,1
6916,得美酒,1
6917,美酒朋,1
6918,酒朋友,1
6919,朋友常,1
6920,友常共,1
6921,常共酙,1
6922,共酙是,1
6923,酙是時,1
6924,是時春,1
6925,時春向,1
6926,春向暮,1
6927,向暮桃,1
6928,暮桃李,1
6929,桃李生,1
6930,李生繁,1
6931,生繁陰,1
6932,繁陰日,1
6933,陰日照,1
6934,日照天,1
6935,照天正,1
6936,天正綠,1
6937,正綠杳,1
6938,綠杳杳,1
6939,杳杳歸,1
6940,杳歸鴻,1
6941,歸鴻吟,1
6942,鴻吟出,1
6943,吟出門,1
6944,出門呼,1
6945,門呼所,1
6946,呼所親,1
6947,所親扶,1
6948,親扶杖,1
6949,扶杖登,1
6950,杖登西,1
6951,登西林,1
6952,西林高,1
6953,林高歌,1
6954,高歌足,1
6955,歌足自,1
6956,足自快,1
6957,自快商,1
6958,快商頌,1
6959,商頌有,1
6960,頌有遺,1
6961,有遺音,1
6962,遺音夙,1
6963,音夙抱,1
6964,夙抱丘,1
6965,抱丘壑,1
6966,丘壑尚,1
6967,壑尚率,1
6968,尚率性,1
6969,率性恣,1
6970,性恣遊,1
6971,恣遊遨,1
6972,遊遨中,1
6973,遨中為,1
6974,中為吏,1
6975,為吏役,1
6976,吏役牽,1
6977,役牽十,1
6978,牽十祀,1
6979,十祀空,1
6980,祀空悁,1
6981,空悁勞,1
6982,悁勞外,1
6983,勞外曲,1
6984,外曲徇,1
6985,曲徇塵,1
6986,徇塵轍,1
6987,塵轍私,1
6988,轍私心,1
6989,私心寄,1
6990,心寄英,1
6991,寄英髦,1
6992,英髦進,1
6993,髦進乏,1
6994,進乏廓,1
6995,乏廓廟,1
6996,廓廟器,1
6997,廟器退,1
6998,器退非,1
6999,退非鄉,1
7000,非鄉曲,1
7001,鄉曲豪,1
7002,曲豪天,1
7003,豪天命,1
7004,天命斯,1
7005,命斯不,1
7006,斯不易,1
7007,不易鬼,1
7008,易鬼責,1
7009,鬼責將,1
7010,責將安,1
7011,將安逃,1
7012,安逃屯,1
7013,逃屯難,1
7014,屯難果,1
7015,難果見,1
7016,果見淩,1
7017,見淩剝,1
7018,淩剝喪,1
7019,剝喪宜,1
7020,喪宜所,1
7021,宜所遭,1
7022,所遭神,1
7023,遭神明,1
7024,神明固,1
7025,明固浩,1
7026,固浩浩,1
7027,浩浩眾,1
7028,浩眾口,1
7029,眾口徒,1
7030,口徒嗷,1
7031,徒嗷嗷,1
7032,嗷嗷投,1
7033,嗷投跡,1
7034,投跡山,1
7035,跡山水,1
7036,山水地,1
7037,水地放,1
7038,地放情,1
7039,放情詠,1
7040,情詠離,1
7041,詠離騷,1
7042,離騷再,1
7043,騷再懷,1
7044,再懷曩,1
7045,懷曩歲,1
7046,曩歲期,1
7047,歲期容,1
7048,期容與,1
7049,容與馳,1
7050,與馳輕,1
7051,馳輕舠,1
7052,輕舠虛,1
7053,舠虛館,1
7054,虛館背,1
7055,館背山,1
7056,背山郭,1
7057,山郭前,1
7058,郭前軒,1
7059,前軒面,1
7060,軒面江,1
7061,面江皋,1
7062,江皋重,1
7063,皋重疊,1
7064,重疊間,1
7065,疊間浦,1
7066,間浦漵,1
7067,浦漵邐,1
7068,漵邐迤,1
7069,邐迤驅,1
7070,迤驅岩,1
7071,驅岩嶅,1
7072,岩嶅積,1
7073,嶅積翠,1
7074,積翠浮,1
7075,翠浮澹,1
7076,浮澹灩,1
7077,澹灩始,1
7078,灩始疑,1
7079,始疑負,1
7080,疑負靈,1
7081,負靈鼇,1
7082,靈鼇叢,1
7083,鼇叢林,1
7084,叢林留,1
7085,林留沖,1
7086,留沖飆,1
7087,沖飆石,1
7088,飆石礫,1
7089,石礫迎,1
7090,礫迎飛,1
7091,迎飛濤,1
7092,飛濤曠,1
7093,濤曠朗,1
7094,曠朗天,1
7095,朗天景,1
7096,天景霽,1
7097,景霽樵,1
7098,霽樵蘇,1
7099,樵蘇遠,1
7100,蘇遠相,1
7101,遠相號,1
7102,相號澄,1
7103,號澄潭,1
7104,澄潭湧,1
7105,潭湧沉,1
7106,湧沉鷗,1
7107,沉鷗半,1
7108,鷗半壁,1
7109,半壁跳,1
7110,壁跳懸,1
7111,跳懸猱,1
7112,懸猱鹿,1
7113,猱鹿鳴,1
7114,鹿鳴驗,1
7115,鳴驗食,1
7116,驗食野,1
7117,食野魚,1
7118,野魚樂,1
7119,魚樂知,1
7120,樂知觀,1
7121,知觀濠,1
7122,觀濠孤,1
7123,濠孤賞,1
7124,孤賞誠,1
7125,賞誠所,1
7126,誠所悼,1
7127,所悼暫,1
7128,悼暫欣,1
7129,暫欣良,1
7130,欣良足,1
7131,良足褒,1
7132,足褒留,1
7133,褒留連,1
7134,留連俯,1
7135,連俯欞,1
7136,俯欞檻,1
7137,欞檻注,1
7138,檻注我,1
7139,注我壺,1
7140,我壺中,1
7141,壺中醪,1
7142,中醪朵,1
7143,醪朵頤,1
7144,朵頤進,1
7145,頤進芰,1
7146,進芰實,1
7147,芰實擢,1
7148,實擢手,1
7149,擢手持,1
7150,手持蟹,1
7151,持蟹螯,1
7152,蟹螯炊,1
7153,螯炊稻,1
7154,炊稻視,1
7155,稻視爨,1
7156,視爨鼎,1
7157,爨鼎膾,1
7158,鼎膾鮮,1
7159,膾鮮聞,1
7160,鮮聞操,1
7161,聞操刀,1
7162,操刀野,1
7163,刀野蔬,1
7164,野蔬盈,1
7165,蔬盈傾,1
7166,盈傾筐,1
7167,傾筐頗,1
7168,筐頗雜,1
7169,頗雜池,1
7170,雜池沼,1
7171,池沼芼,1
7172,沼芼緬,1
7173,芼緬慕,1
7174,緬慕鼓,1
7175,慕鼓枻,1
7176,鼓枻翁,1
7177,枻翁嘯,1
7178,翁嘯詠,1
7179,嘯詠哺,1
7180,詠哺其,1
7181,哺其糟,1
7182,其糟退,1
7183,糟退想,1
7184,退想於,1
7185,想於陵,1
7186,於陵子,1
7187,陵子三,1
7188,子三咽,1
7189,三咽資,1
7190,咽資李,1
7191,資李螬,1
7192,李螬斯,1
7193,螬斯道,1
7194,斯道難,1
7195,道難為,1
7196,難為偕,1
7197,為偕沉,1
7198,偕沉憂,1
7199,沉憂安,1
7200,憂安所,1
7201,安所韜,1
7202,所韜曲,1
7203,韜曲渚,1
7204,曲渚怨,1
7205,渚怨鴻,1
7206,怨鴻鵠,1
7207,鴻鵠環,1
7208,鵠環洲,1
7209,環洲凋,1
7210,洲凋蘭,1
7211,凋蘭暮,1
7212,蘭暮景,1
7213,暮景回,1
7214,景回西,1
7215,回西岑,1
7216,西岑北,1
7217,岑北流,1
7218,北流逝,1
7219,流逝滔,1
7220,逝滔滔,1
7221,滔滔徘,1
7222,滔徘徊,1
7223,徘徊遂,1
7224,徊遂昏,1
7225,遂昏黑,1
7226,昏黑遠,1
7227,黑遠火,1
7228,遠火明,1
7229,火明連,1
7230,明連艘,1
7231,連艘木,1
7232,艘木落,1
7233,木落寒,1
7234,落寒山,1
7235,寒山靜,1
7236,山靜江,1
7237,靜江空,1
7238,江空秋,1
7239,空秋月,1
7240,秋月高,1
7241,月高斂,1
7242,高斂袂,1
7243,斂袂戒,1
7244,袂戒還,1
7245,戒還徒,1
7246,還徒善,1
7247,徒善遊,1
7248,善遊矜,1
7249,遊矜所,1
7250,矜所操,1
7251,所操趣,1
7252,操趣淺,1
7253,趣淺戢,1
7254,淺戢長,1
7255,戢長枻,1
7256,長枻乘,1
7257,枻乘深,1
7258,乘深屏,1
7259,深屏輕,1
7260,屏輕篙,1
7261,輕篙曠,1
7262,篙曠望,1
7263,曠望援,1
7264,望援深,1
7265,援深竿,1
7266,深竿哀,1
7267,竿哀歌,1
7268,哀歌叩,1
7269,歌叩鳴,1
7270,叩鳴艚,1
7271,鳴艚中,1
7272,艚中川,1
7273,中川恣,1
7274,川恣超,1
7275,恣超忽,1
7276,超忽漫,1
7277,忽漫若,1
7278,漫若翔,1
7279,若翔且,1
7280,翔且翱,1
7281,且翱淹,1
7282,翱淹泊,1
7283,淹泊遂,1
7284,泊遂所,1
7285,遂所止,1
7286,所止野,1
7287,止野風,1
7288,野風自,1
7289,風自颾,1
7290,自颾颾,1
7291,颾颾澗,1
7292,颾澗急,1
7293,澗急驚,1
7294,急驚鱗,1
7295,驚鱗奔,1
7296,鱗奔蹊,1
7297,奔蹊荒,1
7298,蹊荒饑,1
7299,荒饑獸,1
7300,饑獸嗥,1
7301,獸嗥入,1
7302,嗥入門,1
7303,入門守,1
7304,門守拘,1
7305,守拘縶,1
7306,拘縶淒,1
7307,縶淒戚,1
7308,淒戚增,1
7309,戚增郁,1
7310,增郁陶,1
7311,郁陶慕,1
7312,陶慕士,1
7313,慕士情,1
7314,士情未,1
7315,情未忘,1
7316,未忘懷,1
7317,忘懷人,1
7318,懷人首,1
7319,人首徒,1
7320,首徒搔,1
7321,徒搔內,1
7322,搔內顧,1
7323,內顧乃,1
7324,顧乃無,1
7325,乃無有,1
7326,無有德,1
7327,有德輶,1
7328,德輶甚,1
7329,輶甚鴻,1
7330,甚鴻毛,1
7331,鴻毛名,1
7332,毛名竊,1
7333,名竊久,1
7334,竊久自,1
7335,久自欺,1
7336,自欺食,1
7337,欺食浮,1
7338,食浮固,1
7339,浮固雲,1
7340,固雲叨,1
7341,雲叨問,1
7342,叨問牛,1
7343,問牛悲,1
7344,牛悲釁,1
7345,悲釁鐘,1
7346,釁鐘說,1
7347,鐘說彘,1
7348,說彘驚,1
7349,彘驚臨,1
7350,驚臨牢,1
7351,臨牢永,1
7352,牢永遁,1
7353,永遁刀,1
7354,遁刀筆,1
7355,刀筆吏,1
7356,筆吏寧,1
7357,吏寧期,1
7358,寧期簿,1
7359,期簿書,1
7360,簿書曹,1
7361,書曹中,1
7362,曹中興,1
7363,中興遂,1
7364,興遂群,1
7365,遂群物,1
7366,群物裂,1
7367,物裂壤,1
7368,裂壤分,1
7369,壤分鞬,1
7370,分鞬櫜,1
7371,鞬櫜岷,1
7372,櫜岷凶,1
7373,岷凶既,1
7374,凶既雲,1
7375,既雲捕,1
7376,雲捕吳,1
7377,捕吳虜,1
7378,吳虜亦,1
7379,虜亦已,1
7380,亦已鏖,1
7381,已鏖捍,1
7382,鏖捍禦,1
7383,捍禦盛,1
7384,禦盛方,1
7385,盛方虎,1
7386,方虎謨,1
7387,虎謨明,1
7388,謨明富,1
7389,明富伊,1
7390,富伊咎,1
7391,伊咎披,1
7392,咎披山,1
7393,披山窮,1
7394,山窮木,1
7395,窮木禾,1
7396,木禾駕,1
7397,禾駕海,1
7398,駕海逾,1
7399,海逾蟠,1
7400,逾蟠桃,1
7401,蟠桃重,1
7402,桃重來,1
7403,重來越,1
7404,來越裳,1
7405,越裳雉,1
7406,裳雉再,1
7407,雉再返,1
7408,再返西,1
7409,返西旅,1
7410,西旅獒,1
7411,旅獒左,1
7412,獒左右,1
7413,左右抗,1
7414,右抗槐,1
7415,抗槐棘,1
7416,槐棘縱,1
7417,棘縱橫,1
7418,縱橫羅,1
7419,橫羅雁,1
7420,羅雁羔,1
7421,雁羔三,1
7422,羔三辟,1
7423,三辟咸,1
7424,辟咸肆,1
7425,咸肆宥,1
7426,肆宥眾,1
7427,宥眾生,1
7428,眾生均,1
7429,生均覆,1
7430,均覆燾,1
7431,覆燾安,1
7432,燾安得,1
7433,安得奉,1
7434,得奉皇,1
7435,奉皇靈,1
7436,皇靈在,1
7437,靈在宥,1
7438,在宥解,1
7439,宥解天,1
7440,解天弢,1
7441,天弢歸,1
7442,弢歸誠,1
7443,歸誠慰,1
7444,誠慰松,1
7445,慰松梓,1
7446,松梓陳,1
7447,梓陳力,1
7448,陳力開,1
7449,力開蓬,1
7450,開蓬蒿,1
7451,蓬蒿卜,1
7452,蒿卜室,1
7453,卜室有,1
7454,室有鄠,1
7455,有鄠杜,1
7456,鄠杜名,1
7457,杜名田,1
7458,名田占,1
7459,田占灃,1
7460,占灃澇,1
7461,灃澇磻,1
7462,澇磻溪,1
7463,磻溪近,1
7464,溪近余,1
7465,近余基,1
7466,余基阿,1
7467,基阿城,1
7468,阿城連,1
7469,城連故,1
7470,連故濠,1
7471,故濠螟,1
7472,濠螟蛑,1
7473,螟蛑願,1
7474,蛑願親,1
7475,願親燎,1
7476,親燎荼,1
7477,燎荼堇,1
7478,荼堇甘,1
7479,堇甘自,1
7480,甘自薅,1
7481,自薅饑,1
7482,薅饑食,1
7483,饑食期,1
7484,食期農,1
7485,期農耕,1
7486,農耕寒,1
7487,耕寒衣,1
7488,寒衣俟,1
7489,衣俟蠶,1
7490,俟蠶繰,1
7491,蠶繰及,1
7492,繰及骭,1
7493,及骭足,1
7494,骭足為,1
7495,足為溫,1
7496,為溫滿,1
7497,溫滿腹,1
7498,滿腹寧,1
7499,腹寧複,1
7500,寧複饕,1
7501,複饕安,1
7502,饕安將,1
7503,安將蒯,1
7504,將蒯及,1
7505,蒯及菅,1
7506,及菅誰,1
7507,菅誰慕,1
7508,誰慕粱,1
7509,慕粱與,1
7510,粱與膏,1
7511,與膏弋,1
7512,膏弋林,1
7513,弋林驅,1
7514,林驅雀,1
7515,驅雀鷃,1
7516,雀鷃漁,1
7517,鷃漁澤,1
7518,漁澤從,1
7519,澤從鰍,1
7520,從鰍魛,1
7521,鰍魛觀,1
7522,魛觀象,1
7523,觀象嘉,1
7524,象嘉素,1
7525,嘉素履,1
7526,素履陳,1
7527,履陳詩,1
7528,陳詩謝,1
7529,詩謝幹,1
7530,謝幹旄,1
7531,幹旄方,1
7532,旄方托,1
7533,方托麋,1
7534,托麋鹿,1
7535,麋鹿群,1
7536,鹿群敢,1
7537,群敢同,1
7538,敢同騏,1
7539,同騏驥,1
7540,騏驥槽,1
7541,驥槽處,1
7542,槽處賤,1
7543,處賤無,1
7544,賤無溷,1
7545,無溷濁,1
7546,溷濁固,1
7547,濁固窮,1
7548,固窮匪,1
7549,窮匪淫,1
7550,匪淫慆,1
7551,淫慆踉,1
7552,慆踉蹌,1
7553,踉蹌辭,1
7554,蹌辭束,1
7555,辭束縛,1
7556,束縛悅,1
7557,縛悅懌,1
7558,悅懌換,1
7559,懌換煎,1
7560,換煎熬,1
7561,煎熬登,1
7562,熬登年,1
7563,登年徒,1
7564,年徒負,1
7565,徒負版,1
7566,負版興,1
7567,版興役,1
7568,興役趨,1
7569,役趨代,1
7570,趨代鼛,1
7571,代鼛目,1
7572,鼛目眩,1
7573,目眩絕,1
7574,眩絕渾,1
7575,絕渾渾,1
7576,渾渾耳,1
7577,渾耳喧,1
7578,耳喧息,1
7579,喧息嘈,1
7580,息嘈嘈,1
7581,嘈嘈茲,1
7582,嘈茲焉,1
7583,茲焉畢,1
7584,焉畢餘,1
7585,畢餘命,1
7586,餘命富,1
7587,命富貴,1
7588,富貴非,1
7589,貴非吾,1
7590,非吾曹,1
7591,吾曹長,1
7592,曹長沙,1
7593,長沙哀,1
7594,沙哀糾,1
7595,哀糾纆,1
7596,糾纆漢,1
7597,纆漢陰,1
7598,漢陰嗤,1
7599,陰嗤桔,1
7600,嗤桔槔,1
7601,桔槔苟,1
7602,槔苟伸,1
7603,苟伸擊,1
7604,伸擊壤,1
7605,擊壤情,1
7606,壤情機,1
7607,情機事,1
7608,機事息,1
7609,事息秋,1
7610,息秋豪,1
7611,秋豪海,1
7612,豪海霧,1
7613,海霧多,1
7614,霧多蓊,1
7615,多蓊鬱,1
7616,蓊鬱越,1
7617,鬱越風,1
7618,越風饒,1
7619,風饒腥,1
7620,饒腥臊,1
7621,腥臊寧,1
7622,臊寧唯,1
7623,寧唯迫,1
7624,唯迫魑,1
7625,迫魑魅,1
7626,魑魅所,1
7627,魅所懼,1
7628,所懼齊,1
7629,懼齊焄,1
7630,齊焄藨,1
7631,焄藨知,1
7632,藨知罃,1
7633,知罃懷,1
7634,罃懷褚,1
7635,懷褚中,1
7636,褚中范,1
7637,中范叔,1
7638,范叔戀,1
7639,叔戀綈,1
7640,戀綈袍,1
7641,綈袍伊,1
7642,袍伊人,1
7643,伊人不,1
7644,人不可,1
7645,不可期,1
7646,可期慷,1
7647,期慷慨,1
7648,慷慨徒,1
7649,慨徒忉,1
7650,徒忉忉,1
7651,忉忉道,1
7652,忉道安,1
7653,道安本,1
7654,安本儒,1
7655,本儒士,1
7656,儒士頗,1
7657,士頗擅,1
7658,頗擅弓,1
7659,擅弓劍,1
7660,弓劍名,1
7661,劍名二,1
7662,名二十,1
7663,二十游,1
7664,十游太,1
7665,游太行,1
7666,太行暮,1
7667,行暮聞,1
7668,暮聞號,1
7669,聞號哭,1
7670,號哭聲,1
7671,哭聲疾,1
7672,聲疾驅,1
7673,疾驅前,1
7674,驅前致,1
7675,前致問,1
7676,致問有,1
7677,問有叟,1
7678,有叟垂,1
7679,叟垂華,1
7680,垂華纓,1
7681,華纓言,1
7682,纓言我,1
7683,言我故,1
7684,我故刺,1
7685,故刺史,1
7686,刺史失,1
7687,史失職,1
7688,失職還,1
7689,職還西,1
7690,還西京,1
7691,西京偶,1
7692,京偶為,1
7693,偶為群,1
7694,為群盜,1
7695,群盜得,1
7696,盜得毫,1
7697,得毫縷,1
7698,毫縷無,1
7699,縷無餘,1
7700,無餘贏,1
7701,餘贏貨,1
7702,贏貨財,1
7703,貨財足,1
7704,財足非,1
7705,足非吝,1
7706,非吝二,1
7707,吝二女,1
7708,二女皆,1
7709,女皆娉,1
7710,皆娉婷,1
7711,娉婷蒼,1
7712,婷蒼黃,1
7713,蒼黃見,1
7714,黃見驅,1
7715,見驅逐,1
7716,驅逐誰,1
7717,逐誰識,1
7718,誰識死,1
7719,識死與,1
7720,死與生,1
7721,與生便,1
7722,生便當,1
7723,便當此,1
7724,當此殞,1
7725,此殞命,1
7726,殞命休,1
7727,命休複,1
7728,休複事,1
7729,複事晨,1
7730,事晨征,1
7731,晨征一,1
7732,征一聞,1
7733,一聞激,1
7734,聞激高,1
7735,激高義,1
7736,高義眥,1
7737,義眥裂,1
7738,眥裂肝,1
7739,裂肝膽,1
7740,肝膽橫,1
7741,膽橫掛,1
7742,橫掛弓,1
7743,掛弓問,1
7744,弓問所,1
7745,問所往,1
7746,所往趫,1
7747,往趫捷,1
7748,趫捷超,1
7749,捷超崢,1
7750,超崢嶸,1
7751,崢嶸見,1
7752,嶸見盜,1
7753,見盜寒,1
7754,盜寒澗,1
7755,寒澗陰,1
7756,澗陰羅,1
7757,陰羅列,1
7758,羅列方,1
7759,列方忿,1
7760,方忿爭,1
7761,忿爭一,1
7762,爭一矢,1
7763,一矢斃,1
7764,矢斃酋,1
7765,斃酋帥,1
7766,酋帥餘,1
7767,帥餘黨,1
7768,餘黨號,1
7769,黨號且,1
7770,號且驚,1
7771,且驚麾,1
7772,驚麾令,1
7773,麾令遞,1
7774,令遞束,1
7775,遞束縛,1
7776,束縛纆,1
7777,縛纆索,1
7778,纆索相,1
7779,索相拄,1
7780,相拄撐,1
7781,拄撐彼,1
7782,撐彼姝,1
7783,彼姝久,1
7784,姝久褫,1
7785,久褫魄,1
7786,褫魄刃,1
7787,魄刃下,1
7788,刃下俟,1
7789,下俟誅,1
7790,俟誅刑,1
7791,誅刑卻,1
7792,刑卻立,1
7793,卻立不,1
7794,立不親,1
7795,不親授,1
7796,親授諭,1
7797,授諭以,1
7798,諭以從,1
7799,以從父,1
7800,從父行,1
7801,父行捃,1
7802,行捃收,1
7803,捃收自,1
7804,收自擔,1
7805,自擔肩,1
7806,擔肩轉,1
7807,肩轉道,1
7808,轉道趨,1
7809,道趨前,1
7810,趨前程,1
7811,前程夜,1
7812,程夜發,1
7813,夜發敲,1
7814,發敲石,1
7815,敲石火,1
7816,石火山,1
7817,火山林,1
7818,山林如,1
7819,林如晝,1
7820,如晝明,1
7821,晝明父,1
7822,明父子,1
7823,父子更,1
7824,子更抱,1
7825,更抱持,1
7826,抱持涕,1
7827,持涕血,1
7828,涕血紛,1
7829,血紛交,1
7830,紛交零,1
7831,交零頓,1
7832,零頓首,1
7833,頓首願,1
7834,首願歸,1
7835,願歸貨,1
7836,歸貨納,1
7837,貨納女,1
7838,納女稱,1
7839,女稱舅,1
7840,稱舅甥,1
7841,舅甥道,1
7842,甥道安,1
7843,道安奮,1
7844,安奮衣,1
7845,奮衣去,1
7846,衣去義,1
7847,去義重,1
7848,義重利,1
7849,重利固,1
7850,利固輕,1
7851,固輕師,1
7852,輕師婚,1
7853,師婚古,1
7854,婚古所,1
7855,古所病,1
7856,所病合,1
7857,病合姓,1
7858,合姓非,1
7859,姓非用,1
7860,非用兵,1
7861,用兵朅,1
7862,兵朅來,1
7863,朅來事,1
7864,來事儒,1
7865,事儒術,1
7866,儒術十,1
7867,術十載,1
7868,十載所,1
7869,載所能,1
7870,所能逞,1
7871,能逞慷,1
7872,逞慷慨,1
7873,慷慨張,1
7874,慨張徐,1
7875,張徐州,1
7876,徐州朱,1
7877,州朱邸,1
7878,朱邸揚,1
7879,邸揚前,1
7880,揚前旌,1
7881,前旌投,1
7882,旌投軀,1
7883,投軀獲,1
7884,軀獲所,1
7885,獲所願,1
7886,所願前,1
7887,願前馬,1
7888,前馬出,1
7889,馬出王,1
7890,出王城,1
7891,王城轅,1
7892,城轅門,1
7893,轅門立,1
7894,門立奇,1
7895,立奇士,1
7896,奇士淮,1
7897,士淮水,1
7898,淮水秋,1
7899,水秋風,1
7900,秋風生,1
7901,風生君,1
7902,生君侯,1
7903,君侯既,1
7904,侯既即,1
7905,既即世,1
7906,即世麾,1
7907,世麾下,1
7908,麾下相,1
7909,下相欹,1
7910,相欹傾,1
7911,欹傾立,1
7912,傾立孤,1
7913,立孤抗,1
7914,孤抗王,1
7915,抗王命,1
7916,王命鐘,1
7917,命鐘鼓,1
7918,鐘鼓四,1
7919,鼓四野,1
7920,四野鳴,1
7921,野鳴橫,1
7922,鳴橫潰,1
7923,橫潰非,1
7924,潰非所,1
7925,非所壅,1
7926,所壅逆,1
7927,壅逆節,1
7928,逆節非,1
7929,節非所,1
7930,非所嬰,1
7931,所嬰舉,1
7932,嬰舉頭,1
7933,舉頭自,1
7934,頭自引,1
7935,自引刃,1
7936,引刃顧,1
7937,刃顧義,1
7938,顧義誰,1
7939,義誰顧,1
7940,誰顧形,1
7941,顧形烈,1
7942,形烈士,1
7943,烈士不,1
7944,士不忘,1
7945,不忘死,1
7946,忘死所,1
7947,死所死,1
7948,所死在,1
7949,死在忠,1
7950,在忠貞,1
7951,忠貞咄,1
7952,貞咄嗟,1
7953,咄嗟徇,1
7954,嗟徇權,1
7955,徇權子,1
7956,權子翕,1
7957,子翕習,1
7958,翕習猶,1
7959,習猶趨,1
7960,猶趨榮,1
7961,趨榮我,1
7962,榮我歌,1
7963,我歌非,1
7964,歌非悼,1
7965,非悼死,1
7966,悼死所,1
7967,死所悼,1
7968,所悼時,1
7969,悼時世,1
7970,時世情,1
7971,世情廢,1
7972,情廢逐,1
7973,廢逐人,1
7974,逐人所,1
7975,人所棄,1
7976,所棄遂,1
7977,棄遂為,1
7978,遂為鬼,1
7979,為鬼神,1
7980,鬼神欺,1
7981,神欺才,1
7982,欺才難,1
7983,才難不,1
7984,難不其,1
7985,不其然,1
7986,其然卒,1
7987,然卒與,1
7988,卒與大,1
7989,與大患,1
7990,大患期,1
7991,患期淩,1
7992,期淩人,1
7993,淩人古,1
7994,人古受,1
7995,古受氏,1
7996,受氏吳,1
7997,氏吳世,1
7998,吳世誇,1
7999,世誇雄,1
8000,誇雄姿,1
8001,雄姿寂,1
8002,姿寂寞,1
8003,寂寞富,1
8004,寞富春,1
8005,富春水,1
8006,春水英,1
8007,水英氣,1
8008,英氣方,1
8009,氣方在,1
8010,在斯六,1
8011,斯六學,1
8012,六學誠,1
8013,學誠一,1
8014,誠一貫,1
8015,一貫精,1
8016,貫精義,1
8017,精義窮,1
8018,義窮發,1
8019,窮發揮,1
8020,發揮著,1
8021,揮著書,1
8022,著書逾,1
8023,書逾十,1
8024,逾十年,1
8025,十年幽,1
8026,年幽頤,1
8027,幽頤靡,1
8028,頤靡不,1
8029,靡不推,1
8030,不推天,1
8031,推天庭,1
8032,天庭掞,1
8033,庭掞高,1
8034,掞高文,1
8035,高文萬,1
8036,文萬字,1
8037,萬字若,1
8038,字若波,1
8039,若波馳,1
8040,波馳記,1
8041,馳記室,1
8042,記室征,1
8043,室征西,1
8044,征西府,1
8045,西府宏,1
8046,府宏謀,1
8047,宏謀耀,1
8048,謀耀其,1
8049,耀其奇,1
8050,其奇輶,1
8051,奇輶軒,1
8052,輶軒下,1
8053,軒下東,1
8054,下東越,1
8055,東越列,1
8056,越列郡,1
8057,列郡蘇,1
8058,郡蘇疲,1
8059,蘇疲羸,1
8060,疲羸宛,1
8061,羸宛宛,1
8062,宛宛淩,1
8063,宛淩江,1
8064,淩江羽,1
8065,江羽來,1
8066,羽來棲,1
8067,來棲翰,1
8068,棲翰林,1
8069,翰林枝,1
8070,林枝孝,1
8071,枝孝文,1
8072,孝文留,1
8073,文留弓,1
8074,留弓劍,1
8075,弓劍中,1
8076,劍中外,1
8077,中外方,1
8078,外方危,1
8079,方危疑,1
8080,危疑抗,1
8081,疑抗聲,1
8082,抗聲促,1
8083,聲促遺,1
8084,促遺詔,1
8085,遺詔定,1
8086,詔定命,1
8087,定命由,1
8088,命由陳,1
8089,由陳辭,1
8090,陳辭徒,1
8091,辭徒隸,1
8092,徒隸肅,1
8093,隸肅曹,1
8094,肅曹官,1
8095,曹官征,1
8096,官征賦,1
8097,征賦參,1
8098,賦參有,1
8099,參有司,1
8100,有司出,1
8101,司出守,1
8102,出守烏,1
8103,守烏江,1
8104,烏江滸,1
8105,江滸老,1
8106,滸老遷,1
8107,老遷湟,1
8108,遷湟水,1
8109,湟水湄,1
8110,水湄高,1
8111,湄高堂,1
8112,高堂傾,1
8113,堂傾故,1
8114,傾故國,1
8115,故國葬,1
8116,國葬祭,1
8117,葬祭限,1
8118,祭限囚,1
8119,限囚羈,1
8120,囚羈仲,1
8121,羈仲叔,1
8122,仲叔繼,1
8123,叔繼幽,1
8124,繼幽淪,1
8125,幽淪狂,1
8126,淪狂叫,1
8127,狂叫唯,1
8128,叫唯童,1
8129,唯童兒,1
8130,童兒一,1
8131,兒一門,1
8132,一門既,1
8133,門既無,1
8134,既無主,1
8135,無主焉,1
8136,主焉用,1
8137,焉用徒,1
8138,用徒生,1
8139,徒生為,1
8140,生為舉,1
8141,為舉聲,1
8142,舉聲但,1
8143,聲但呼,1
8144,但呼天,1
8145,呼天孰,1
8146,天孰知,1
8147,孰知神,1
8148,知神者,1
8149,神者誰,1
8150,者誰泣,1
8151,誰泣盡,1
8152,泣盡目,1
8153,盡目無,1
8154,目無見,1
8155,無見腎,1
8156,見腎傷,1
8157,腎傷足,1
8158,傷足不,1
8159,足不持,1
8160,不持溘,1
8161,持溘死,1
8162,溘死委,1
8163,死委炎,1
8164,委炎荒,1
8165,炎荒臧,1
8166,荒臧獲,1
8167,臧獲守,1
8168,獲守靈,1
8169,守靈帷,1
8170,靈帷平,1
8171,帷平生,1
8172,平生負,1
8173,生負國,1
8174,負國譴,1
8175,國譴骸,1
8176,譴骸骨,1
8177,骸骨非,1
8178,骨非敢,1
8179,非敢私,1
8180,敢私蓋,1
8181,私蓋棺,1
8182,蓋棺未,1
8183,棺未塞,1
8184,未塞責,1
8185,塞責孤,1
8186,責孤旐,1
8187,孤旐凝,1
8188,旐凝寒,1
8189,凝寒颸,1
8190,寒颸念,1
8191,颸念昔,1
8192,念昔始,1
8193,昔始相,1
8194,始相遇,1
8195,相遇腑,1
8196,遇腑腸,1
8197,腑腸為,1
8198,腸為君,1
8199,為君知,1
8200,君知進,1
8201,知進身,1
8202,進身齊,1
8203,身齊選,1
8204,齊選擇,1
8205,選擇失,1
8206,擇失路,1
8207,失路同,1
8208,路同瑕,1
8209,同瑕疵,1
8210,瑕疵本,1
8211,疵本期,1
8212,本期濟,1
8213,期濟仁,1
8214,濟仁義,1
8215,仁義今,1
8216,義今為,1
8217,今為眾,1
8218,為眾所,1
8219,眾所嗤,1
8220,所嗤滅,1
8221,嗤滅名,1
8222,滅名竟,1
8223,名竟不,1
8224,竟不試,1
8225,不試世,1
8226,試世義,1
8227,世義安,1
8228,義安可,1
8229,安可支,1
8230,可支恬,1
8231,支恬死,1
8232,恬死百,1
8233,死百憂,1
8234,百憂盡,1
8235,憂盡苟,1
8236,盡苟生,1
8237,苟生萬,1
8238,生萬慮,1
8239,萬慮滋,1
8240,慮滋顧,1
8241,滋顧餘,1
8242,顧餘九,1
8243,餘九逝,1
8244,九逝魂,1
8245,逝魂與,1
8246,魂與子,1
8247,與子各,1
8248,子各何,1
8249,各何之,1
8250,何之我,1
8251,之我歌,1
8252,我歌誠,1
8253,歌誠自,1
8254,誠自慟,1
8255,自慟非,1
8256,慟非獨,1
8257,非獨為,1
8258,獨為君,1
8259,為君悲,1
8260,君悲新,1
8261,悲新沐,1
8262,新沐換,1
8263,沐換輕,1
8264,換輕幘,1
8265,輕幘曉,1
8266,幘曉池,1
8267,曉池風,1
8268,池風露,1
8269,風露清,1
8270,露清自,1
8271,清自諧,1
8272,自諧塵,1
8273,諧塵外,1
8274,塵外意,1
8275,外意況,1
8276,意況與,1
8277,況與幽,1
8278,與幽人,1
8279,幽人行,1
8280,人行霞,1
8281,行霞散,1
8282,霞散眾,1
8283,散眾山,1
8284,眾山迥,1
8285,山迥天,1
8286,迥天高,1
8287,天高數,1
8288,高數雁,1
8289,數雁鳴,1
8290,雁鳴機,1
8291,鳴機心,1
8292,機心付,1
8293,心付當,1
8294,付當路,1
8295,當路聊,1
8296,路聊適,1
8297,聊適羲,1
8298,適羲皇,1
8299,羲皇情,1
8300,皇情覺,1
8301,情覺來,1
8302,覺來窗,1
8303,來窗牖,1
8304,窗牖空,1
8305,牖空寥,1
8306,空寥落,1
8307,寥落雨,1
8308,落雨聲,1
8309,雨聲曉,1
8310,聲曉良,1
8311,曉良遊,1
8312,良遊怨,1
8313,遊怨遲,1
8314,怨遲暮,1
8315,遲暮末,1
8316,暮末事,1
8317,末事驚,1
8318,事驚紛,1
8319,驚紛擾,1
8320,紛擾為,1
8321,擾為問,1
8322,為問經,1
8323,問經世,1
8324,經世心,1
8325,世心古,1
8326,心古人,1
8327,古人難,1
8328,人難盡,1
8329,難盡了,1
8330,盡了南,1
8331,了南楚,1
8332,南楚春,1
8333,楚春候,1
8334,春候早,1
8335,候早餘,1
8336,早餘寒,1
8337,餘寒已,1
8338,寒已滋,1
8339,已滋榮,1
8340,滋榮土,1
8341,榮土膏,1
8342,土膏釋,1
8343,膏釋原,1
8344,釋原野,1
8345,原野百,1
8346,野百蟄,1
8347,百蟄競,1
8348,蟄競所,1
8349,競所營,1
8350,所營綴,1
8351,營綴景,1
8352,綴景未,1
8353,景未及,1
8354,未及郊,1
8355,及郊穡,1
8356,郊穡人,1
8357,穡人先,1
8358,人先耦,1
8359,先耦耕,1
8360,耦耕園,1
8361,耕園林,1
8362,園林幽,1
8363,林幽鳥,1
8364,幽鳥囀,1
8365,鳥囀渚,1
8366,囀渚澤,1
8367,渚澤新,1
8368,澤新泉,1
8369,新泉清,1
8370,泉清農,1
8371,清農事,1
8372,農事誠,1
8373,事誠素,1
8374,誠素務,1
8375,素務羈,1
8376,務羈囚,1
8377,羈囚阻,1
8378,囚阻平,1
8379,阻平生,1
8380,平生故,1
8381,生故池,1
8382,故池想,1
8383,池想蕪,1
8384,想蕪沒,1
8385,蕪沒遺,1
8386,沒遺畝,1
8387,遺畝當,1
8388,畝當榛,1
8389,當榛荊,1
8390,榛荊慕,1
8391,荊慕隱,1
8392,慕隱既,1
8393,隱既有,1
8394,既有系,1
8395,有系圖,1
8396,系圖功,1
8397,圖功遂,1
8398,功遂無,1
8399,遂無成,1
8400,無成聊,1
8401,成聊從,1
8402,聊從田,1
8403,從田父,1
8404,田父言,1
8405,父言款,1
8406,言款曲,1
8407,款曲陳,1
8408,曲陳此,1
8409,陳此情,1
8410,此情眷,1
8411,情眷然,1
8412,眷然撫,1
8413,然撫耒,1
8414,撫耒耜,1
8415,耒耜回,1
8416,耜回首,1
8417,回首煙,1
8418,首煙雲,1
8419,煙雲橫,1
8420,雲橫久,1
8421,橫久為,1
8422,久為簪,1
8423,為簪組,1
8424,簪組累,1
8425,組累幸,1
8426,累幸此,1
8427,幸此南,1
8428,此南夷,1
8429,南夷謫,1
8430,夷謫閑,1
8431,謫閑依,1
8432,閑依農,1
8433,依農圃,1
8434,農圃鄰,1
8435,圃鄰偶,1
8436,鄰偶似,1
8437,偶似山,1
8438,似山林,1
8439,山林客,1
8440,林客曉,1
8441,客曉耕,1
8442,曉耕翻,1
8443,耕翻露,1
8444,翻露草,1
8445,露草夜,1
8446,草夜榜,1
8447,夜榜響,1
8448,榜響溪,1
8449,響溪石,1
8450,溪石來,1
8451,石來往,1
8452,來往不,1
8453,往不逢,1
8454,不逢人,1
8455,逢人長,1
8456,人長歌,1
8457,長歌楚,1
8458,歌楚天,1
8459,楚天碧,1
8460,天碧悠,1
8461,碧悠悠,1
8462,悠悠雨,1
8463,悠雨初,1
8464,雨初霽,1
8465,初霽獨,1
8466,霽獨繞,1
8467,獨繞清,1
8468,繞清溪,1
8469,清溪曲,1
8470,溪曲引,1
8471,曲引杖,1
8472,引杖試,1
8473,杖試荒,1
8474,試荒泉,1
8475,荒泉解,1
8476,泉解帶,1
8477,解帶圍,1
8478,帶圍新,1
8479,圍新竹,1
8480,新竹沉,1
8481,竹沉吟,1
8482,沉吟亦,1
8483,吟亦何,1
8484,亦何事,1
8485,何事寂,1
8486,事寂寞,1
8487,寂寞固,1
8488,寞固所,1
8489,固所欲,1
8490,所欲幸,1
8491,欲幸此,1
8492,幸此息,1
8493,此息營,1
8494,息營營,1
8495,營營嘯,1
8496,營嘯歌,1
8497,嘯歌靜,1
8498,歌靜炎,1
8499,靜炎燠,1
8500,炎燠溪,1
8501,燠溪路,1
8502,溪路千,1
8503,路千里,1
8504,千里曲,1
8505,里曲哀,1
8506,曲哀猿,1
8507,哀猿何,1
8508,猿何處,1
8509,何處鳴,1
8510,處鳴孤,1
8511,鳴孤臣,1
8512,孤臣淚,1
8513,臣淚已,1
8514,淚已盡,1
8515,已盡虛,1
8516,盡虛作,1
8517,虛作斷,1
8518,作斷腸,1
8519,斷腸聲,1
8520,腸聲驕,1
8521,聲驕陽,1
8522,驕陽愆,1
8523,陽愆歲,1
8524,愆歲事,1
8525,歲事良,1
8526,事良牧,1
8527,良牧念,1
8528,牧念菑,1
8529,念菑畬,1
8530,菑畬列,1
8531,畬列騎,1
8532,列騎低,1
8533,騎低殘,1
8534,低殘月,1
8535,殘月鳴,1
8536,月鳴笳,1
8537,鳴笳度,1
8538,笳度碧,1
8539,度碧虛,1
8540,碧虛稍,1
8541,虛稍窮,1
8542,稍窮樵,1
8543,窮樵客,1
8544,樵客路,1
8545,客路遙,1
8546,路遙駐,1
8547,遙駐野,1
8548,駐野人,1
8549,野人居,1
8550,人居谷,1
8551,居谷口,1
8552,谷口寒,1
8553,口寒流,1
8554,寒流淨,1
8555,流淨叢,1
8556,淨叢祠,1
8557,叢祠古,1
8558,祠古木,1
8559,古木疏,1
8560,木疏焚,1
8561,疏焚香,1
8562,焚香秋,1
8563,香秋霧,1
8564,秋霧濕,1
8565,霧濕奠,1
8566,濕奠玉,1
8567,奠玉曉,1
8568,玉曉光,1
8569,曉光初,1
8570,光初肸,1
8571,初肸蚃,1
8572,肸蚃巫,1
8573,蚃巫言,1
8574,巫言報,1
8575,言報精,1
8576,報精誠,1
8577,精誠禮,1
8578,誠禮物,1
8579,禮物餘,1
8580,物餘惠,1
8581,餘惠風,1
8582,惠風仍,1
8583,風仍偃,1
8584,仍偃草,1
8585,偃草靈,1
8586,草靈雨,1
8587,靈雨會,1
8588,雨會隨,1
8589,會隨車,1
8590,隨車俟,1
8591,車俟罪,1
8592,俟罪非,1
8593,罪非真,1
8594,非真吏,1
8595,真吏翻,1
8596,吏翻慚,1
8597,翻慚奉,1
8598,慚奉簡,1
8599,奉簡書,1
8600,簡書屏,1
8601,書屏居,1
8602,屏居負,1
8603,居負山,1
8604,負山郭,1
8605,山郭歲,1
8606,郭歲暮,1
8607,歲暮驚,1
8608,暮驚離,1
8609,驚離索,1
8610,離索野,1
8611,索野迥,1
8612,野迥樵,1
8613,迥樵唱,1
8614,樵唱來,1
8615,唱來庭,1
8616,來庭空,1
8617,庭空燒,1
8618,空燒燼,1
8619,燒燼落,1
8620,燼落世,1
8621,落世紛,1
8622,世紛因,1
8623,紛因事,1
8624,因事遠,1
8625,事遠心,1
8626,遠心賞,1
8627,心賞隨,1
8628,賞隨年,1
8629,隨年薄,1
8630,年薄默,1
8631,薄默默,1
8632,默默諒,1
8633,默諒何,1
8634,諒何為,1
8635,何為徒,1
8636,為徒成,1
8637,徒成今,1
8638,成今與,1
8639,今與昨,1
8640,與昨杪,1
8641,昨杪秋,1
8642,杪秋霜,1
8643,秋霜露,1
8644,霜露重,1
8645,露重晨,1
8646,重晨起,1
8647,晨起行,1
8648,起行幽,1
8649,行幽谷,1
8650,幽谷黃,1
8651,谷黃葉,1
8652,黃葉覆,1
8653,葉覆溪,1
8654,覆溪橋,1
8655,溪橋荒,1
8656,橋荒村,1
8657,荒村唯,1
8658,村唯古,1
8659,唯古木,1
8660,古木寒,1
8661,木寒花,1
8662,寒花疏,1
8663,花疏寂,1
8664,疏寂曆,1
8665,寂曆幽,1
8666,曆幽泉,1
8667,幽泉微,1
8668,泉微斷,1
8669,微斷續,1
8670,斷續機,1
8671,續機心,1
8672,機心久,1
8673,心久已,1
8674,久已忘,1
8675,已忘何,1
8676,忘何事,1
8677,何事驚,1
8678,事驚麋,1
8679,驚麋鹿,1
8680,麋鹿宿,1
8681,鹿宿雲,1
8682,宿雲散,1
8683,雲散洲,1
8684,散洲渚,1
8685,洲渚曉,1
8686,渚曉日,1
8687,曉日明,1
8688,日明村,1
8689,明村塢,1
8690,村塢高,1
8691,塢高樹,1
8692,高樹臨,1
8693,樹臨清,1
8694,臨清池,1
8695,清池風,1
8696,池風驚,1
8697,風驚夜,1
8698,驚夜來,1
8699,夜來雨,1
8700,來雨予,1
8701,雨予心,1
8702,予心適,1
8703,心適無,1
8704,適無事,1
8705,無事偶,1
8706,事偶此,1
8707,偶此成,1
8708,此成賓,1
8709,成賓主,1
8710,賓主覺,1
8711,主覺聞,1
8712,覺聞繁,1
8713,聞繁露,1
8714,繁露墜,1
8715,露墜開,1
8716,墜開戶,1
8717,開戶臨,1
8718,戶臨西,1
8719,臨西園,1
8720,西園寒,1
8721,園寒月,1
8722,寒月上,1
8723,月上東,1
8724,上東嶺,1
8725,東嶺泠,1
8726,嶺泠泠,1
8727,泠泠疏,1
8728,泠疏竹,1
8729,疏竹根,1
8730,竹根石,1
8731,根石泉,1
8732,石泉遠,1
8733,泉遠逾,1
8734,遠逾響,1
8735,逾響山,1
8736,響山鳥,1
8737,山鳥時,1
8738,鳥時一,1
8739,時一喧,1
8740,一喧倚,1
8741,喧倚楹,1
8742,倚楹遂,1
8743,楹遂至,1
8744,遂至旦,1
8745,至旦寂,1
8746,旦寂寞,1
8747,寂寞將,1
8748,寞將何,1
8749,將何言,1
8750,何言平,1
8751,言平野,1
8752,平野春,1
8753,野春草,1
8754,春草綠,1
8755,草綠曉,1
8756,綠曉鶯,1
8757,曉鶯啼,1
8758,鶯啼遠,1
8759,啼遠林,1
8760,遠林日,1
8761,林日晴,1
8762,日晴瀟,1
8763,晴瀟湘,1
8764,瀟湘渚,1
8765,湘渚雲,1
8766,渚雲斷,1
8767,雲斷岣,1
8768,斷岣嶁,1
8769,岣嶁岑,1
8770,嶁岑仙,1
8771,岑仙駕,1
8772,仙駕不,1
8773,駕不可,1
8774,不可望,1
8775,可望世,1
8776,望世途,1
8777,世途非,1
8778,途非所,1
8779,非所任,1
8780,所任凝,1
8781,任凝情,1
8782,凝情空,1
8783,情空景,1
8784,空景慕,1
8785,景慕萬,1
8786,慕萬里,1
8787,萬里蒼,1
8788,里蒼梧,1
8789,蒼梧陰,1
8790,梧陰寓,1
8791,陰寓居,1
8792,寓居湘,1
8793,居湘岸,1
8794,湘岸四,1
8795,岸四無,1
8796,四無鄰,1
8797,無鄰世,1
8798,鄰世網,1
8799,世網難,1
8800,網難嬰,1
8801,難嬰每,1
8802,嬰每自,1
8803,每自珍,1
8804,自珍蒔,1
8805,珍蒔藥,1
8806,蒔藥閒,1
8807,藥閒庭,1
8808,閒庭延,1
8809,庭延國,1
8810,延國老,1
8811,國老開,1
8812,老開樽,1
8813,開樽虛,1
8814,樽虛室,1
8815,虛室值,1
8816,室值賢,1
8817,值賢人,1
8818,賢人泉,1
8819,人泉回,1
8820,泉回淺,1
8821,回淺石,1
8822,淺石依,1
8823,石依高,1
8824,依高柳,1
8825,高柳徑,1
8826,柳徑轉,1
8827,徑轉垂,1
8828,轉垂藤,1
8829,垂藤閑,1
8830,藤閑綠,1
8831,閑綠筠,1
8832,綠筠聞,1
8833,筠聞道,1
8834,聞道偏,1
8835,道偏為,1
8836,偏為五,1
8837,為五禽,1
8838,五禽戲,1
8839,禽戲出,1
8840,戲出門,1
8841,出門鷗,1
8842,門鷗鳥,1
8843,鷗鳥更,1
8844,鳥更相,1
8845,更相親,1
8846,相親南,1
8847,親南州,1
8848,南州溽,1
8849,州溽暑,1
8850,溽暑醉,1
8851,暑醉如,1
8852,醉如酒,1
8853,如酒隱,1
8854,酒隱幾,1
8855,隱幾熟,1
8856,幾熟眠,1
8857,熟眠開,1
8858,眠開北,1
8859,開北牖,1
8860,北牖日,1
8861,牖日午,1
8862,日午獨,1
8863,午獨覺,1
8864,獨覺無,1
8865,覺無餘,1
8866,無餘聲,1
8867,餘聲山,1
8868,聲山童,1
8869,山童隔,1
8870,童隔竹,1
8871,隔竹敲,1
8872,竹敲茶,1
8873,敲茶臼,1
8874,茶臼江,1
8875,臼江雨,1
8876,江雨初,1
8877,雨初晴,1
8878,初晴思,1
8879,晴思遠,1
8880,思遠步,1
8881,遠步日,1
8882,步日西,1
8883,日西獨,1
8884,西獨向,1
8885,獨向愚,1
8886,向愚溪,1
8887,愚溪渡,1
8888,溪渡渡,1
8889,渡渡頭,1
8890,渡頭水,1
8891,頭水落,1
8892,水落村,1
8893,落村徑,1
8894,村徑成,1
8895,徑成撩,1
8896,成撩亂,1
8897,撩亂浮,1
8898,亂浮槎,1
8899,浮槎在,1
8900,槎在高,1
8901,在高樹,1
8902,高樹千,1
8903,樹千山,1
8904,千山鳥,1
8905,山鳥飛,1
8906,鳥飛絕,1
8907,飛絕萬,1
8908,絕萬徑,1
8909,萬徑人,1
8910,徑人蹤,1
8911,人蹤滅,1
8912,蹤滅孤,1
8913,滅孤舟,1
8914,孤舟蓑,1
8915,舟蓑笠,1
8916,蓑笠翁,1
8917,笠翁獨,1
8918,翁獨釣,1
8919,獨釣寒,1
8920,釣寒江,1
8921,寒江雪,1
8922,江雪少,1
8923,雪少時,1
8924,少時陳,1
8925,時陳力,1
8926,陳力希,1
8927,力希公,1
8928,希公侯,1
8929,公侯許,1
8930,侯許國,1
8931,許國不,1
8932,國不復,1
8933,不復為,1
8934,復為身,1
8935,為身謀,1
8936,身謀風,1
8937,謀風波,1
8938,風波一,1
8939,波一跌,1
8940,一跌逝,1
8941,跌逝萬,1
8942,逝萬里,1
8943,萬里壯,1
8944,里壯心,1
8945,壯心瓦,1
8946,心瓦解,1
8947,瓦解空,1
8948,解空縲,1
8949,空縲囚,1
8950,縲囚縲,1
8951,囚縲囚,1
8952,縲囚終,1
8953,囚終老,1
8954,終老無,1
8955,老無餘,1
8956,無餘事,1
8957,餘事願,1
8958,事願卜,1
8959,願卜湘,1
8960,卜湘西,1
8961,湘西冉,1
8962,西冉溪,1
8963,冉溪地,1
8964,溪地卻,1
8965,地卻學,1
8966,卻學壽,1
8967,學壽張,1
8968,壽張樊,1
8969,張樊敬,1
8970,樊敬侯,1
8971,敬侯種,1
8972,侯種漆,1
8973,種漆南,1
8974,漆南園,1
8975,南園待,1
8976,園待成,1
8977,待成器,1
8978,成器祇,1
8979,器祇樹,1
8980,祇樹夕,1
8981,樹夕陽,1
8982,夕陽亭,1
8983,陽亭共,1
8984,亭共傾,1
8985,共傾三,1
8986,傾三昧,1
8987,三昧酒,1
8988,昧酒霧,1
8989,酒霧暗,1
8990,霧暗水,1
8991,暗水連,1
8992,水連階,1
8993,連階月,1
8994,階月明,1
8995,月明花,1
8996,明花覆,1
8997,花覆牖,1
8998,覆牖莫,1
8999,牖莫厭,1
9000,莫厭尊,1
9001,厭尊前,1
9002,尊前醉,1
9003,前醉相,1
9004,醉相看,1
9005,相看未,1
9006,看未白,1
9007,未白首,1
9008,白首石,1
9009,首石門,1
9010,石門長,1
9011,門長老,1
9012,長老身,1
9013,老身如,1
9014,身如夢,1
9015,如夢旃,1
9016,夢旃檀,1
9017,旃檀成,1
9018,檀成林,1
9019,成林手,1
9020,林手所,1
9021,手所種,1
9022,所種坐,1
9023,種坐來,1
9024,坐來念,1
9025,來念念,1
9026,念念非,1
9027,念非昔,1
9028,非昔人,1
9029,昔人萬,1
9030,人萬遍,1
9031,萬遍蓮,1
9032,遍蓮花,1
9033,蓮花為,1
9034,花為誰,1
9035,為誰用,1
9036,誰用如,1
9037,用如今,1
9038,如今七,1
9039,今七十,1
9040,七十自,1
9041,十自忘,1
9042,忘機貪,1
9043,機貪愛,1
9044,貪愛都,1
9045,愛都忘,1
9046,都忘筋,1
9047,忘筋力,1
9048,筋力微,1
9049,力微莫,1
9050,微莫向,1
9051,莫向東,1
9052,向東軒,1
9053,東軒春,1
9054,軒春野,1
9055,春野望,1
9056,野望花,1
9057,望花開,1
9058,花開日,1
9059,開日出,1
9060,日出雉,1
9061,出雉皆,1
9062,雉皆飛,1
9063,皆飛窮,1
9064,飛窮陋,1
9065,窮陋闕,1
9066,陋闕自,1
9067,闕自養,1
9068,自養癘,1
9069,養癘氣,1
9070,癘氣劇,1
9071,氣劇囂,1
9072,劇囂煩,1
9073,囂煩隆,1
9074,煩隆冬,1
9075,隆冬乏,1
9076,冬乏霜,1
9077,乏霜霰,1
9078,霜霰日,1
9079,霰日夕,1
9080,日夕南,1
9081,夕南風,1
9082,南風溫,1
9083,風溫杖,1
9084,溫杖藜,1
9085,杖藜下,1
9086,藜下庭,1
9087,下庭際,1
9088,庭際曳,1
9089,際曳踵,1
9090,曳踵不,1
9091,踵不及,1
9092,不及門,1
9093,及門門,1
9094,門門有,1
9095,門有野,1
9096,有野田,1
9097,野田吏,1
9098,田吏慰,1
9099,吏慰我,1
9100,慰我飄,1
9101,我飄零,1
9102,飄零魂,1
9103,零魂及,1
9104,魂及言,1
9105,及言有,1
9106,言有靈,1
9107,有靈藥,1
9108,靈藥近,1
9109,藥近在,1
9110,近在湘,1
9111,在湘西,1
9112,湘西原,1
9113,西原服,1
9114,原服之,1
9115,服之不,1
9116,之不盈,1
9117,不盈旬,1
9118,盈旬蹩,1
9119,旬蹩躠,1
9120,蹩躠皆,1
9121,躠皆騰,1
9122,皆騰鶱,1
9123,騰鶱笑,1
9124,鶱笑忭,1
9125,笑忭前,1
9126,忭前即,1
9127,前即吏,1
9128,即吏為,1
9129,吏為我,1
9130,為我擢,1
9131,我擢其,1
9132,擢其根,1
9133,其根蔚,1
9134,根蔚蔚,1
9135,蔚蔚遂,1
9136,蔚遂充,1
9137,遂充庭,1
9138,充庭英,1
9139,庭英翹,1
9140,英翹忽,1
9141,翹忽已,1
9142,忽已繁,1
9143,已繁晨,1
9144,繁晨起,1
9145,晨起自,1
9146,起自采,1
9147,自采曝,1
9148,采曝杵,1
9149,曝杵臼,1
9150,杵臼通,1
9151,臼通夜,1
9152,通夜喧,1
9153,夜喧靈,1
9154,喧靈和,1
9155,靈和理,1
9156,和理內,1
9157,理內藏,1
9158,內藏攻,1
9159,藏攻疾,1
9160,攻疾貴,1
9161,疾貴自,1
9162,貴自源,1
9163,自源擁,1
9164,源擁覆,1
9165,擁覆逃,1
9166,覆逃積,1
9167,逃積霧,1
9168,積霧伸,1
9169,霧伸舒,1
9170,伸舒委,1
9171,舒委餘,1
9172,委餘暄,1
9173,餘暄奇,1
9174,暄奇功,1
9175,奇功苟,1
9176,功苟可,1
9177,苟可征,1
9178,可征甯,1
9179,征甯複,1
9180,甯複資,1
9181,複資蘭,1
9182,資蘭蓀,1
9183,蘭蓀我,1
9184,蓀我聞,1
9185,我聞畸,1
9186,聞畸人,1
9187,畸人術,1
9188,人術一,1
9189,術一氣,1
9190,一氣中,1
9191,氣中夜,1
9192,中夜存,1
9193,夜存能,1
9194,存能令,1
9195,能令深,1
9196,令深深,1
9197,深深息,1
9198,深息呼,1
9199,息呼吸,1
9200,呼吸還,1
9201,吸還歸,1
9202,還歸跟,1
9203,歸跟疏,1
9204,跟疏放,1
9205,疏放固,1
9206,放固難,1
9207,固難效,1
9208,難效且,1
9209,效且以,1
9210,且以藥,1
9211,以藥餌,1
9212,藥餌論,1
9213,餌論痿,1
9214,論痿者,1
9215,痿者不,1
9216,者不忘,1
9217,不忘起,1
9218,忘起窮,1
9219,起窮者,1
9220,窮者寧,1
9221,者寧複,1
9222,寧複言,1
9223,複言神,1
9224,言神哉,1
9225,神哉輔,1
9226,哉輔吾,1
9227,輔吾足,1
9228,吾足幸,1
9229,足幸及,1
9230,幸及兒,1
9231,及兒女,1
9232,兒女奔,1
9233,女奔守,1
9234,奔守閒,1
9235,守閒事,1
9236,閒事服,1
9237,事服餌,1
9238,服餌采,1
9239,餌采朮,1
9240,采朮東,1
9241,朮東山,1
9242,東山阿,1
9243,山阿東,1
9244,阿東山,1
9245,東山幽,1
9246,山幽且,1
9247,幽且阻,1
9248,且阻疲,1
9249,阻疲苶,1
9250,疲苶煩,1
9251,苶煩經,1
9252,煩經過,1
9253,經過戒,1
9254,過戒徒,1
9255,戒徒劚,1
9256,徒劚靈,1
9257,劚靈根,1
9258,靈根封,1
9259,根封植,1
9260,封植閟,1
9261,植閟天,1
9262,閟天和,1
9263,天和違,1
9264,和違爾,1
9265,違爾澗,1
9266,爾澗底,1
9267,澗底石,1
9268,底石徹,1
9269,石徹我,1
9270,徹我庭,1
9271,我庭中,1
9272,庭中莎,1
9273,中莎土,1
9274,莎土膏,1
9275,土膏滋,1
9276,膏滋玄,1
9277,滋玄液,1
9278,玄液松,1
9279,液松露,1
9280,松露墜,1
9281,露墜繁,1
9282,墜繁柯,1
9283,繁柯南,1
9284,柯南東,1
9285,南東自,1
9286,東自成,1
9287,自成畝,1
9288,成畝繚,1
9289,畝繚繞,1
9290,繚繞紛,1
9291,繞紛相,1
9292,紛相羅,1
9293,相羅晨,1
9294,羅晨步,1
9295,晨步佳,1
9296,步佳色,1
9297,佳色媚,1
9298,色媚夜,1
9299,媚夜眠,1
9300,夜眠幽,1
9301,眠幽氣,1
9302,幽氣多,1
9303,氣多離,1
9304,多離憂,1
9305,離憂苟,1
9306,憂苟可,1
9307,苟可怡,1
9308,可怡孰,1
9309,怡孰能,1
9310,孰能知,1
9311,能知其,1
9312,知其他,1
9313,其他爨,1
9314,他爨竹,1
9315,爨竹茹,1
9316,竹茹芳,1
9317,茹芳葉,1
9318,芳葉寧,1
9319,葉寧慮,1
9320,寧慮瘵,1
9321,慮瘵與,1
9322,瘵與瘥,1
9323,與瘥留,1
9324,瘥留連,1
9325,留連樹,1
9326,連樹蕙,1
9327,樹蕙辭,1
9328,蕙辭婉,1
9329,辭婉娩,1
9330,婉娩采,1
9331,娩采薇,1
9332,采薇歌,1
9333,薇歌悟,1
9334,歌悟拙,1
9335,悟拙甘,1
9336,拙甘自,1
9337,甘自足,1
9338,自足激,1
9339,足激清,1
9340,激清愧,1
9341,清愧同,1
9342,愧同波,1
9343,同波單,1
9344,波單豹,1
9345,單豹且,1
9346,豹且理,1
9347,且理內,1
9348,理內高,1
9349,內高門,1
9350,高門複,1
9351,門複如,1
9352,複如何,1
9353,如何血,1
9354,何血蟲,1
9355,血蟲化,1
9356,蟲化為,1
9357,化為癘,1
9358,為癘夷,1
9359,癘夷俗,1
9360,夷俗多,1
9361,俗多所,1
9362,多所神,1
9363,所神銜,1
9364,神銜猜,1
9365,銜猜每,1
9366,猜每臘,1
9367,每臘毒,1
9368,臘毒謀,1
9369,毒謀富,1
9370,謀富不,1
9371,富不為,1
9372,不為仁,1
9373,為仁蔬,1
9374,仁蔬果,1
9375,蔬果自,1
9376,果自遠,1
9377,自遠至,1
9378,遠至杯,1
9379,至杯酒,1
9380,杯酒盈,1
9381,酒盈肆,1
9382,盈肆陳,1
9383,肆陳言,1
9384,陳言甘,1
9385,言甘中,1
9386,甘中必,1
9387,中必苦,1
9388,必苦何,1
9389,苦何用,1
9390,何用知,1
9391,用知其,1
9392,知其真,1
9393,其真華,1
9394,真華潔,1
9395,華潔事,1
9396,潔事外,1
9397,事外飾,1
9398,外飾尤,1
9399,飾尤病,1
9400,尤病中,1
9401,病中州,1
9402,中州人,1
9403,州人錢,1
9404,人錢刀,1
9405,錢刀恐,1
9406,刀恐賈,1
9407,恐賈害,1
9408,賈害饑,1
9409,害饑至,1
9410,饑至益,1
9411,至益逡,1
9412,益逡巡,1
9413,逡巡竄,1
9414,巡竄伏,1
9415,竄伏常,1
9416,伏常戰,1
9417,常戰慄,1
9418,戰慄懷,1
9419,慄懷故,1
9420,懷故逾,1
9421,故逾悲,1
9422,逾悲辛,1
9423,悲辛庶,1
9424,辛庶氏,1
9425,庶氏有,1
9426,氏有嘉,1
9427,有嘉草,1
9428,嘉草攻,1
9429,草攻禬,1
9430,攻禬事,1
9431,禬事久,1
9432,事久泯,1
9433,久泯炎,1
9434,泯炎帝,1
9435,炎帝垂,1
9436,帝垂靈,1
9437,垂靈編,1
9438,靈編言,1
9439,編言此,1
9440,言此殊,1
9441,此殊足,1
9442,殊足珍,1
9443,足珍崎,1
9444,珍崎嶇,1
9445,崎嶇乃,1
9446,嶇乃有,1
9447,乃有得,1
9448,有得托,1
9449,得托以,1
9450,托以全,1
9451,以全餘,1
9452,全餘身,1
9453,餘身紛,1
9454,身紛敷,1
9455,紛敷碧,1
9456,敷碧樹,1
9457,碧樹陰,1
9458,樹陰眄,1
9459,陰眄睞,1
9460,眄睞心,1
9461,睞心所,1
9462,心所親,1
9463,所親弱,1
9464,親弱植,1
9465,弱植不,1
9466,植不盈,1
9467,盈尺遠,1
9468,尺遠意,1
9469,遠意駐,1
9470,意駐蓬,1
9471,駐蓬瀛,1
9472,蓬瀛月,1
9473,瀛月寒,1
9474,月寒空,1
9475,寒空階,1
9476,空階曙,1
9477,階曙幽,1
9478,曙幽夢,1
9479,幽夢彩,1
9480,夢彩雲,1
9481,彩雲生,1
9482,雲生糞,1
9483,生糞壤,1
9484,糞壤擢,1
9485,壤擢珠,1
9486,擢珠樹,1
9487,珠樹莓,1
9488,樹莓苔,1
9489,莓苔插,1
9490,苔插瓊,1
9491,插瓊英,1
9492,瓊英芳,1
9493,英芳根,1
9494,芳根閟,1
9495,根閟顏,1
9496,閟顏色,1
9497,顏色徂,1
9498,色徂歲,1
9499,徂歲為,1
9500,歲為誰,1
9501,為誰榮,1
9502,誰榮凡,1
9503,榮凡卉,1
9504,凡卉與,1
9505,卉與時,1
9506,與時謝,1
9507,時謝妍,1
9508,謝妍華,1
9509,妍華麗,1
9510,華麗茲,1
9511,麗茲晨,1
9512,茲晨欹,1
9513,晨欹紅,1
9514,欹紅醉,1
9515,紅醉濃,1
9516,醉濃露,1
9517,濃露窈,1
9518,露窈窕,1
9519,窈窕留,1
9520,窕留餘,1
9521,留餘春,1
9522,餘春孤,1
9523,春孤賞,1
9524,孤賞白,1
9525,賞白日,1
9526,白日暮,1
9527,日暮暄,1
9528,暮暄風,1
9529,暄風動,1
9530,風動搖,1
9531,動搖頻,1
9532,搖頻夜,1
9533,頻夜窗,1
9534,夜窗藹,1
9535,窗藹芳,1
9536,藹芳氣,1
9537,芳氣幽,1
9538,氣幽臥,1
9539,幽臥知,1
9540,臥知相,1
9541,知相親,1
9542,相親願,1
9543,親願致,1
9544,願致溱,1
9545,致溱洧,1
9546,溱洧贈,1
9547,洧贈悠,1
9548,贈悠悠,1
9549,悠悠南,1
9550,悠南國,1
9551,南國人,1
9552,國人幾,1
9553,人幾年,1
9554,幾年封,1
9555,年封植,1
9556,封植愛,1
9557,植愛芳,1
9558,愛芳叢,1
9559,芳叢韻,1
9560,叢韻豔,1
9561,韻豔朱,1
9562,豔朱顏,1
9563,朱顏竟,1
9564,顏竟不,1
9565,竟不同,1
9566,不同從,1
9567,同從此,1
9568,從此休,1
9569,此休論,1
9570,休論上,1
9571,論上春,1
9572,上春事,1
9573,春事看,1
9574,事看成,1
9575,看成古,1
9576,成古木,1
9577,古木對,1
9578,木對衰,1
9579,對衰翁,1
9580,衰翁白,1
9581,翁白華,1
9582,白華照,1
9583,華照寒,1
9584,照寒水,1
9585,寒水怡,1
9586,水怡我,1
9587,怡我適,1
9588,我適野,1
9589,適野情,1
9590,野情前,1
9591,情前趨,1
9592,前趨問,1
9593,趨問長,1
9594,問長老,1
9595,長老重,1
9596,老重複,1
9597,重複欣,1
9598,複欣嘉,1
9599,欣嘉名,1
9600,嘉名蹇,1
9601,名蹇連,1
9602,蹇連易,1
9603,連易衰,1
9604,易衰朽,1
9605,衰朽方,1
9606,朽方剛,1
9607,方剛謝,1
9608,剛謝經,1
9609,謝經營,1
9610,經營敢,1
9611,營敢期,1
9612,敢期齒,1
9613,期齒杖,1
9614,齒杖賜,1
9615,杖賜聊,1
9616,賜聊且,1
9617,聊且移,1
9618,且移孤,1
9619,移孤莖,1
9620,孤莖叢,1
9621,莖叢萼,1
9622,叢萼中,1
9623,萼中競,1
9624,中競秀,1
9625,競秀分,1
9626,秀分房,1
9627,分房外,1
9628,房外舒,1
9629,外舒英,1
9630,舒英柔,1
9631,英柔條,1
9632,柔條乍,1
9633,條乍反,1
9634,乍反植,1
9635,反植勁,1
9636,植勁節,1
9637,勁節常,1
9638,節常對,1
9639,常對生,1
9640,對生循,1
9641,生循玩,1
9642,循玩足,1
9643,玩足忘,1
9644,足忘疲,1
9645,忘疲稍,1
9646,疲稍覺,1
9647,稍覺步,1
9648,覺步武,1
9649,步武輕,1
9650,武輕安,1
9651,輕安能,1
9652,安能事,1
9653,能事翦,1
9654,事翦伐,1
9655,翦伐持,1
9656,伐持用,1
9657,持用資,1
9658,用資徒,1
9659,資徒行,1
9660,徒行謫,1
9661,行謫官,1
9662,謫官去,1
9663,官去南,1
9664,去南裔,1
9665,南裔清,1
9666,裔清湘,1
9667,清湘繞,1
9668,湘繞靈,1
9669,繞靈嶽,1
9670,靈嶽晨,1
9671,嶽晨登,1
9672,晨登蒹,1
9673,登蒹葭,1
9674,蒹葭岸,1
9675,葭岸霜,1
9676,岸霜景,1
9677,霜景霽,1
9678,景霽紛,1
9679,霽紛濁,1
9680,紛濁離,1
9681,濁離披,1
9682,離披得,1
9683,披得幽,1
9684,得幽桂,1
9685,幽桂芳,1
9686,桂芳本,1
9687,芳本欣,1
9688,本欣盈,1
9689,欣盈握,1
9690,盈握火,1
9691,握火耕,1
9692,火耕困,1
9693,耕困煙,1
9694,困煙燼,1
9695,煙燼薪,1
9696,燼薪采,1
9697,薪采久,1
9698,采久摧,1
9699,久摧剝,1
9700,摧剝道,1
9701,剝道旁,1
9702,道旁且,1
9703,旁且不,1
9704,且不願,1
9705,不願岑,1
9706,願岑嶺,1
9707,岑嶺況,1
9708,嶺況悠,1
9709,況悠邈,1
9710,悠邈傾,1
9711,邈傾筐,1
9712,傾筐壅,1
9713,筐壅故,1
9714,壅故壤,1
9715,故壤棲,1
9716,壤棲息,1
9717,棲息期,1
9718,息期鸞,1
9719,期鸞鷟,1
9720,鸞鷟路,1
9721,鷟路遠,1
9722,路遠清,1
9723,遠清涼,1
9724,清涼宮,1
9725,涼宮一,1
9726,宮一雨,1
9727,一雨悟,1
9728,雨悟無,1
9729,悟無學,1
9730,無學南,1
9731,學南人,1
9732,南人始,1
9733,人始珍,1
9734,始珍重,1
9735,珍重微,1
9736,重微我,1
9737,微我誰,1
9738,我誰先,1
9739,誰先覺,1
9740,先覺芳,1
9741,覺芳意,1
9742,芳意不,1
9743,意不可,1
9744,不可傳,1
9745,可傳丹,1
9746,傳丹心,1
9747,丹心徒,1
9748,心徒自,1
9749,徒自渥,1
9750,自渥有,1
9751,渥有美,1
9752,有美不,1
9753,美不自,1
9754,不自蔽,1
9755,自蔽安,1
9756,蔽安能,1
9757,安能守,1
9758,能守孤,1
9759,守孤根,1
9760,孤根盈,1
9761,根盈盈,1
9762,盈盈湘,1
9763,盈湘西,1
9764,湘西岸,1
9765,西岸秋,1
9766,岸秋至,1
9767,秋至風,1
9768,至風露,1
9769,風露繁,1
9770,露繁麗,1
9771,繁麗影,1
9772,麗影別,1
9773,影別寒,1
9774,別寒水,1
9775,寒水穠,1
9776,水穠芳,1
9777,穠芳委,1
9778,芳委前,1
9779,委前軒,1
9780,前軒芰,1
9781,軒芰荷,1
9782,芰荷諒,1
9783,荷諒難,1
9784,諒難雜,1
9785,難雜反,1
9786,雜反此,1
9787,反此生,1
9788,此生高,1
9789,生高原,1
9790,高原欲,1
9791,原欲為,1
9792,欲為萬,1
9793,為萬里,1
9794,萬里贈,1
9795,里贈杳,1
9796,贈杳杳,1
9797,杳杳山,1
9798,杳山水,1
9799,山水隔,1
9800,水隔寒,1
9801,隔寒英,1
9802,寒英坐,1
9803,英坐銷,1
9804,坐銷落,1
9805,銷落何,1
9806,落何用,1
9807,何用慰,1
9808,用慰遠,1
9809,慰遠客,1
9810,遠客橘,1
9811,客橘柚,1
9812,橘柚懷,1
9813,柚懷貞,1
9814,懷貞質,1
9815,貞質受,1
9816,質受命,1
9817,受命此,1
9818,命此炎,1
9819,此炎方,1
9820,炎方密,1
9821,方密林,1
9822,密林耀,1
9823,林耀朱,1
9824,耀朱綠,1
9825,朱綠晚,1
9826,綠晚歲,1
9827,晚歲有,1
9828,歲有餘,1
9829,有餘芳,1
9830,餘芳殊,1
9831,芳殊風,1
9832,殊風限,1
9833,風限清,1
9834,限清漢,1
9835,清漢飛,1
9836,漢飛雪,1
9837,飛雪滯,1
9838,雪滯故,1
9839,滯故鄉,1
9840,故鄉攀,1
9841,鄉攀條,1
9842,攀條何,1
9843,條何所,1
9844,何所歎,1
9845,所歎北,1
9846,歎北望,1
9847,北望熊,1
9848,望熊與,1
9849,熊與湘,1
9850,與湘晚,1
9851,湘晚英,1
9852,晚英值,1
9853,英值窮,1
9854,值窮節,1
9855,窮節綠,1
9856,節綠潤,1
9857,綠潤含,1
9858,潤含朱,1
9859,含朱光,1
9860,朱光以,1
9861,光以茲,1
9862,以茲正,1
9863,茲正陽,1
9864,正陽色,1
9865,陽色窈,1
9866,色窈窕,1
9867,窈窕淩,1
9868,窕淩清,1
9869,淩清霜,1
9870,清霜遠,1
9871,霜遠物,1
9872,遠物世,1
9873,物世所,1
9874,世所重,1
9875,所重旅,1
9876,重旅人,1
9877,旅人心,1
9878,人心獨,1
9879,心獨傷,1
9880,獨傷回,1
9881,傷回暉,1
9882,回暉眺,1
9883,暉眺林,1
9884,眺林際,1
9885,林際摵,1
9886,際摵摵,1
9887,摵摵無,1
9888,摵無遺,1
9889,無遺芳,1
9890,遺芳結,1
9891,芳結習,1
9892,結習自,1
9893,習自無,1
9894,自無始,1
9895,無始淪,1
9896,始淪溺,1
9897,淪溺窮,1
9898,溺窮苦,1
9899,窮苦源,1
9900,苦源流,1
9901,源流形,1
9902,流形及,1
9903,形及茲,1
9904,及茲世,1
9905,茲世始,1
9906,世始悟,1
9907,始悟三,1
9908,悟三空,1
9909,三空門,1
9910,空門華,1
9911,門華堂,1
9912,華堂開,1
9913,堂開淨,1
9914,開淨域,1
9915,淨域圖,1
9916,域圖像,1
9917,圖像煥,1
9918,像煥且,1
9919,煥且繁,1
9920,且繁清,1
9921,繁清泠,1
9922,清泠焚,1
9923,泠焚眾,1
9924,焚眾香,1
9925,眾香微,1
9926,香微妙,1
9927,微妙歌,1
9928,妙歌法,1
9929,歌法言,1
9930,法言稽,1
9931,言稽首,1
9932,稽首愧,1
9933,首愧導,1
9934,愧導師,1
9935,導師超,1
9936,師超遙,1
9937,超遙謝,1
9938,遙謝塵,1
9939,謝塵昏,1
9940,塵昏寂,1
9941,昏寂滅,1
9942,寂滅本,1
9943,滅本非,1
9944,本非斷,1
9945,非斷文,1
9946,斷文字,1
9947,文字安,1
9948,字安可,1
9949,安可離,1
9950,可離曲,1
9951,離曲堂,1
9952,曲堂何,1
9953,堂何為,1
9954,何為設,1
9955,為設高,1
9956,設高士,1
9957,高士方,1
9958,士方在,1
9959,在斯聖,1
9960,斯聖默,1
9961,聖默寄,1
9962,默寄言,1
9963,寄言宣,1
9964,言宣分,1
9965,宣分別,1
9966,分別乃,1
9967,別乃無,1
9968,乃無知,1
9969,無知趣,1
9970,知趣中,1
9971,趣中即,1
9972,中即空,1
9973,即空假,1
9974,空假名,1
9975,假名相,1
9976,名相與,1
9977,相與誰,1
9978,與誰期,1
9979,誰期願,1
9980,期願言,1
9981,願言絕,1
9982,言絕聞,1
9983,絕聞得,1
9984,聞得忘,1
9985,得忘意,1
9986,忘意聊,1
9987,意聊思,1
9988,聊思惟,1
9989,思惟發,1
9990,惟發地,1
9991,發地結,1
9992,地結菁,1
9993,結菁茅,1
9994,菁茅團,1
9995,茅團團,1
9996,團團抱,1
9997,團抱虛,1
9998,抱虛白,1
9999,虛白山,1
10000,白山花,1
10001,山花落,1
10002,花落幽,1
10003,落幽戶,1
10004,幽戶中,1
10005,戶中有,1
10006,中有忘,1
10007,有忘機,1
10008,忘機客,1
10009,機客涉,1
10010,客涉有,1
10011,涉有本,1
10012,有本非,1
10013,本非取,1
10014,非取照,1
10015,取照空,1
10016,照空不,1
10017,空不待,1
10018,不待析,1
10019,待析萬,1
10020,析萬籟,1
10021,萬籟俱,1
10022,籟俱緣,1
10023,俱緣生,1
10024,緣生窅,1
10025,生窅然,1
10026,窅然喧,1
10027,然喧中,1
10028,喧中寂,1
10029,中寂心,1
10030,寂心境,1
10031,心境本,1
10032,境本洞,1
10033,本洞如,1
10034,洞如鳥,1
10035,如鳥飛,1
10036,鳥飛無,1
10037,飛無遺,1
10038,無遺跡,1
10039,遺跡新,1
10040,跡新亭,1
10041,新亭俯,1
10042,亭俯朱,1
10043,俯朱檻,1
10044,朱檻嘉,1
10045,檻嘉木,1
10046,嘉木開,1
10047,木開芙,1
10048,開芙蓉,1
10049,芙蓉清,1
10050,蓉清香,1
10051,清香晨,1
10052,香晨風,1
10053,晨風遠,1
10054,風遠溽,1
10055,遠溽彩,1
10056,溽彩寒,1
10057,彩寒露,1
10058,寒露濃,1
10059,露濃瀟,1
10060,濃瀟灑,1
10061,瀟灑出,1
10062,灑出人,1
10063,出人世,1
10064,人世低,1
10065,世低昂,1
10066,低昂多,1
10067,昂多異,1
10068,多異容,1
10069,異容嘗,1
10070,容嘗聞,1
10071,嘗聞色,1
10072,聞色空,1
10073,色空喻,1
10074,空喻造,1
10075,喻造物,1
10076,造物誰,1
10077,物誰為,1
10078,誰為工,1
10079,為工留,1
10080,工留連,1
10081,留連秋,1
10082,連秋月,1
10083,秋月晏,1
10084,月晏迢,1
10085,晏迢遞,1
10086,迢遞來,1
10087,遞來山,1
10088,來山鐘,1
10089,山鐘危,1
10090,鐘危橋,1
10091,危橋屬,1
10092,橋屬幽,1
10093,屬幽徑,1
10094,幽徑繚,1
10095,徑繚繞,1
10096,繚繞穿,1
10097,繞穿疏,1
10098,穿疏林,1
10099,疏林迸,1
10100,林迸籜,1
10101,迸籜分,1
10102,籜分苦,1
10103,分苦節,1
10104,苦節輕,1
10105,節輕筠,1
10106,輕筠抱,1
10107,筠抱虛,1
10108,抱虛心,1
10109,虛心俯,1
10110,心俯瞰,1
10111,俯瞰涓,1
10112,瞰涓涓,1
10113,涓涓流,1
10114,涓流仰,1
10115,流仰聆,1
10116,仰聆蕭,1
10117,聆蕭蕭,1
10118,蕭蕭吟,1
10119,蕭吟差,1
10120,吟差池,1
10121,差池下,1
10122,池下煙,1
10123,下煙日,1
10124,煙日嘲,1
10125,日嘲哳,1
10126,嘲哳鳴,1
10127,哳鳴山,1
10128,鳴山禽,1
10129,山禽諒,1
10130,禽諒無,1
10131,諒無要,1
10132,無要津,1
10133,要津用,1
10134,津用棲,1
10135,用棲息,1
10136,棲息有,1
10137,息有餘,1
10138,有餘陰,1
10139,餘陰梅,1
10140,陰梅實,1
10141,梅實迎,1
10142,實迎時,1
10143,迎時雨,1
10144,時雨蒼,1
10145,雨蒼茫,1
10146,蒼茫值,1
10147,茫值晚,1
10148,值晚春,1
10149,晚春愁,1
10150,春愁深,1
10151,愁深楚,1
10152,深楚猿,1
10153,楚猿夜,1
10154,猿夜夢,1
10155,夜夢斷,1
10156,夢斷越,1
10157,斷越雞,1
10158,越雞晨,1
10159,雞晨海,1
10160,晨海霧,1
10161,海霧連,1
10162,霧連南,1
10163,連南極,1
10164,南極江,1
10165,極江雲,1
10166,江雲暗,1
10167,雲暗北,1
10168,暗北津,1
10169,北津素,1
10170,津素衣,1
10171,素衣今,1
10172,衣今盡,1
10173,今盡化,1
10174,盡化非,1
10175,化非為,1
10176,非為帝,1
10177,為帝京,1
10178,帝京塵,1
10179,京塵問,1
10180,塵問春,1
10181,問春從,1
10182,春從此,1
10183,此去幾,1
10184,去幾日,1
10185,幾日到,1
10186,日到秦,1
10187,到秦原,1
10188,秦原憑,1
10189,原憑寄,1
10190,憑寄還,1
10191,寄還鄉,1
10192,還鄉夢,1
10193,鄉夢殷,1
10194,夢殷勤,1
10195,殷勤入,1
10196,勤入故,1
10197,入故園,1
10198,故園蓐,1
10199,園蓐食,1
10200,蓐食徇,1
10201,食徇所,1
10202,徇所務,1
10203,所務驅,1
10204,務驅牛,1
10205,驅牛向,1
10206,牛向東,1
10207,向東阡,1
10208,東阡雞,1
10209,阡雞鳴,1
10210,雞鳴村,1
10211,鳴村巷,1
10212,村巷白,1
10213,巷白夜,1
10214,白夜色,1
10215,夜色歸,1
10216,色歸暮,1
10217,歸暮田,1
10218,暮田劄,1
10219,田劄劄,1
10220,劄劄耒,1
10221,劄耒耜,1
10222,耒耜聲,1
10223,耜聲飛,1
10224,聲飛飛,1
10225,飛飛來,1
10226,飛來烏,1
10227,來烏鳶,1
10228,烏鳶竭,1
10229,鳶竭茲,1
10230,竭茲筋,1
10231,茲筋力,1
10232,筋力事,1
10233,力事持,1
10234,事持用,1
10235,持用窮,1
10236,用窮歲,1
10237,窮歲年,1
10238,歲年盡,1
10239,年盡輸,1
10240,盡輸助,1
10241,輸助徭,1
10242,助徭役,1
10243,徭役聊,1
10244,役聊就,1
10245,聊就空,1
10246,就空自,1
10247,空自眠,1
10248,自眠子,1
10249,眠子孫,1
10250,子孫日,1
10251,孫日已,1
10252,日已長,1
10253,已長世,1
10254,長世世,1
10255,世世還,1
10256,世還複,1
10257,還複然,1
10258,複然籬,1
10259,然籬落,1
10260,籬落隔,1
10261,落隔煙,1
10262,隔煙火,1
10263,煙火農,1
10264,火農談,1
10265,農談四,1
10266,談四鄰,1
10267,四鄰夕,1
10268,鄰夕庭,1
10269,夕庭際,1
10270,庭際秋,1
10271,際秋蟲,1
10272,秋蟲鳴,1
10273,蟲鳴疏,1
10274,鳴疏麻,1
10275,疏麻方,1
10276,麻方寂,1
10277,方寂曆,1
10278,寂曆蠶,1
10279,曆蠶絲,1
10280,蠶絲盡,1
10281,絲盡輸,1
10282,盡輸稅,1
10283,輸稅機,1
10284,稅機杼,1
10285,機杼空,1
10286,杼空倚,1
10287,空倚壁,1
10288,倚壁裏,1
10289,壁裏胥,1
10290,裏胥夜,1
10291,胥夜經,1
10292,夜經過,1
10293,經過雞,1
10294,過雞黍,1
10295,雞黍事,1
10296,黍事筵,1
10297,事筵席,1
10298,筵席各,1
10299,席各言,1
10300,各言官,1
10301,言官長,1
10302,官長峻,1
10303,長峻文,1
10304,峻文字,1
10305,文字多,1
10306,字多督,1
10307,多督責,1
10308,督責東,1
10309,責東鄉,1
10310,東鄉後,1
10311,鄉後租,1
10312,後租期,1
10313,租期車,1
10314,期車轂,1
10315,車轂陷,1
10316,轂陷泥,1
10317,陷泥澤,1
10318,泥澤公,1
10319,澤公門,1
10320,公門少,1
10321,門少推,1
10322,少推恕,1
10323,推恕鞭,1
10324,恕鞭樸,1
10325,鞭樸恣,1
10326,樸恣狼,1
10327,恣狼藉,1
10328,狼藉努,1
10329,藉努力,1
10330,努力慎,1
10331,力慎經,1
10332,慎經營,1
10333,經營肌,1
10334,營肌膚,1
10335,肌膚真,1
10336,膚真可,1
10337,真可惜,1
10338,可惜迎,1
10339,惜迎新,1
10340,迎新在,1
10341,新在此,1
10342,在此歲,1
10343,此歲唯,1
10344,歲唯恐,1
10345,唯恐踵,1
10346,恐踵前,1
10347,踵前跡,1
10348,前跡古,1
10349,跡古道,1
10350,古道饒,1
10351,道饒蒺,1
10352,饒蒺藜,1
10353,蒺藜縈,1
10354,藜縈回,1
10355,縈回古,1
10356,回古城,1
10357,古城曲,1
10358,城曲蓼,1
10359,曲蓼花,1
10360,蓼花被,1
10361,花被堤,1
10362,被堤岸,1
10363,堤岸陂,1
10364,岸陂水,1
10365,陂水寒,1
10366,水寒更,1
10367,寒更綠,1
10368,更綠是,1
10369,綠是時,1
10370,是時收,1
10371,時收穫,1
10372,收穫竟,1
10373,穫竟落,1
10374,竟落日,1
10375,落日多,1
10376,日多樵,1
10377,多樵牧,1
10378,樵牧風,1
10379,牧風高,1
10380,風高榆,1
10381,高榆柳,1
10382,榆柳疏,1
10383,柳疏霜,1
10384,疏霜重,1
10385,霜重梨,1
10386,重梨棗,1
10387,梨棗熟,1
10388,棗熟行,1
10389,熟行人,1
10390,行人迷,1
10391,人迷去,1
10392,迷去住,1
10393,去住野,1
10394,住野鳥,1
10395,野鳥競,1
10396,鳥競棲,1
10397,競棲宿,1
10398,棲宿田,1
10399,宿田翁,1
10400,田翁笑,1
10401,翁笑相,1
10402,笑相念,1
10403,相念昏,1
10404,念昏黑,1
10405,昏黑慎,1
10406,黑慎原,1
10407,慎原陸,1
10408,原陸今,1
10409,陸今年,1
10410,今年幸,1
10411,年幸少,1
10412,幸少豐,1
10413,少豐無,1
10414,豐無厭,1
10415,無厭饘,1
10416,厭饘與,1
10417,饘與粥,1
10418,與粥君,1
10419,粥君不,1
10420,昆侖披,1
10421,侖披霄,1
10422,披霄決,1
10423,霄決漢,1
10424,決漢出,1
10425,漢出沆,1
10426,出沆漭,1
10427,沆漭瞥,1
10428,漭瞥裂,1
10429,瞥裂左,1
10430,裂左右,1
10431,左右遺,1
10432,右遺星,1
10433,遺星辰,1
10434,星辰須,1
10435,辰須臾,1
10436,須臾力,1
10437,臾力盡,1
10438,力盡道,1
10439,盡道渴,1
10440,道渴死,1
10441,渴死狐,1
10442,死狐鼠,1
10443,狐鼠蜂,1
10444,鼠蜂蟻,1
10445,蜂蟻爭,1
10446,蟻爭噬,1
10447,爭噬吞,1
10448,噬吞北,1
10449,吞北方,1
10450,北方竫,1
10451,方竫人,1
10452,竫人長,1
10453,人長九,1
10454,長九寸,1
10455,九寸開,1
10456,寸開口,1
10457,開口抵,1
10458,口抵掌,1
10459,抵掌更,1
10460,掌更笑,1
10461,更笑喧,1
10462,笑喧啾,1
10463,喧啾啾,1
10464,啾啾飲,1
10465,啾飲食,1
10466,飲食滴,1
10467,食滴與,1
10468,滴與粒,1
10469,與粒生,1
10470,粒生死,1
10471,生死亦,1
10472,死亦足,1
10473,亦足終,1
10474,足終天,1
10475,終天年,1
10476,天年睢,1
10477,年睢盱,1
10478,睢盱大,1
10479,盱大志,1
10480,大志小,1
10481,志小成,1
10482,小成遂,1
10483,成遂坐,1
10484,遂坐使,1
10485,坐使兒,1
10486,使兒女,1
10487,兒女相,1
10488,女相悲,1
10489,相悲憐,1
10490,悲憐虞,1
10491,憐虞衡,1
10492,虞衡斤,1
10493,衡斤斧,1
10494,斤斧羅,1
10495,斧羅千,1
10496,羅千山,1
10497,千山工,1
10498,山工命,1
10499,工命采,1
10500,命采斫,1
10501,采斫杙,1
10502,斫杙與,1
10503,杙與椽,1
10504,與椽深,1
10505,椽深林,1
10506,深林土,1
10507,林土剪,1
10508,土剪十,1
10509,剪十取,1
10510,十取一,1
10511,取一百,1
10512,一百牛,1
10513,百牛連,1
10514,牛連鞅,1
10515,連鞅摧,1
10516,鞅摧雙,1
10517,摧雙轅,1
10518,雙轅萬,1
10519,轅萬圍,1
10520,萬圍千,1
10521,圍千尋,1
10522,千尋妨,1
10523,尋妨道,1
10524,妨道路,1
10525,道路東,1
10526,路東西,1
10527,東西蹶,1
10528,西蹶倒,1
10529,蹶倒山,1
10530,倒山火,1
10531,山火焚,1
10532,火焚遺,1
10533,焚遺餘,1
10534,遺餘毫,1
10535,餘毫末,1
10536,毫末不,1
10537,末不見,1
10538,不見保,1
10539,見保躪,1
10540,保躪躒,1
10541,躪躒澗,1
10542,躒澗壑,1
10543,澗壑何,1
10544,壑何當,1
10545,何當存,1
10546,當存群,1
10547,存群材,1
10548,群材未,1
10549,材未成,1
10550,未成質,1
10551,成質已,1
10552,質已夭,1
10553,已夭突,1
10554,夭突兀,1
10555,突兀哮,1
10556,兀哮豁,1
10557,哮豁空,1
10558,豁空岩,1
10559,空岩巒,1
10560,岩巒柏,1
10561,巒柏梁,1
10562,柏梁天,1
10563,梁天災,1
10564,天災武,1
10565,災武庫,1
10566,武庫火,1
10567,庫火匠,1
10568,火匠石,1
10569,匠石狼,1
10570,石狼顧,1
10571,狼顧相,1
10572,顧相愁,1
10573,相愁冤,1
10574,愁冤君,1
10575,冤君不,1
10576,複論飛,1
10577,論飛雪,1
10578,飛雪斷,1
10579,雪斷道,1
10580,斷道冰,1
10581,道冰成,1
10582,冰成梁,1
10583,成梁侯,1
10584,梁侯家,1
10585,侯家熾,1
10586,家熾炭,1
10587,熾炭雕,1
10588,炭雕玉,1
10589,雕玉房,1
10590,玉房蟠,1
10591,房蟠龍,1
10592,蟠龍吐,1
10593,龍吐耀,1
10594,吐耀虎,1
10595,耀虎喙,1
10596,虎喙張,1
10597,喙張熊,1
10598,張熊蹲,1
10599,熊蹲豹,1
10600,蹲豹躑,1
10601,豹躑爭,1
10602,躑爭低,1
10603,爭低昂,1
10604,低昂攢,1
10605,昂攢巒,1
10606,攢巒叢,1
10607,巒叢崿,1
10608,叢崿射,1
10609,崿射朱,1
10610,射朱光,1
10611,朱光丹,1
10612,光丹霞,1
10613,丹霞翠,1
10614,霞翠霧,1
10615,翠霧飄,1
10616,霧飄奇,1
10617,飄奇香,1
10618,奇香美,1
10619,香美人,1
10620,美人四,1
10621,人四向,1
10622,四向回,1
10623,向回明,1
10624,回明璫,1
10625,明璫雪,1
10626,璫雪山,1
10627,雪山冰,1
10628,山冰穀,1
10629,冰穀晞,1
10630,穀晞太,1
10631,晞太陽,1
10632,太陽星,1
10633,陽星躔,1
10634,星躔奔,1
10635,躔奔走,1
10636,奔走不,1
10637,走不得,1
10638,不得止,1
10639,得止奄,1
10640,止奄忽,1
10641,奄忽雙,1
10642,忽雙燕,1
10643,雙燕棲,1
10644,燕棲虹,1
10645,棲虹梁,1
10646,虹梁風,1
10647,梁風台,1
10648,風台露,1
10649,台露榭,1
10650,露榭生,1
10651,榭生光,1
10652,生光飾,1
10653,光飾死,1
10654,飾死灰,1
10655,死灰棄,1
10656,灰棄置,1
10657,棄置參,1
10658,置參與,1
10659,參與商,1
10660,與商盛,1
10661,商盛時,1
10662,安可當,1
10663,可當天,1
10664,當天田,1
10665,天田不,1
10666,田不日,1
10667,不日降,1
10668,日降皇,1
10669,降皇輿,1
10670,皇輿留,1
10671,輿留滯,1
10672,留滯長,1
10673,滯長沙,1
10674,長沙歲,1
10675,沙歲又,1
10676,歲又除,1
10677,又除宣,1
10678,除宣室,1
10679,宣室無,1
10680,室無由,1
10681,無由問,1
10682,由問厘,1
10683,問厘事,1
10684,厘事周,1
10685,事周南,1
10686,周南何,1
10687,南何處,1
10688,何處托,1
10689,處托成,1
10690,托成書,1
10691,成書城,1
10692,書城上,1
10693,城上日,1
10694,上日出,1
10695,日出群,1
10696,出群烏,1
10697,群烏飛,1
10698,烏飛鴉,1
10699,飛鴉鴉,1
10700,鴉鴉爭,1
10701,鴉爭赴,1
10702,爭赴朝,1
10703,赴朝陽,1
10704,朝陽枝,1
10705,陽枝刷,1
10706,枝刷毛,1
10707,刷毛伸,1
10708,毛伸翼,1
10709,伸翼和,1
10710,翼和且,1
10711,和且樂,1
10712,且樂爾,1
10713,樂爾獨,1
10714,爾獨落,1
10715,獨落魄,1
10716,落魄今,1
10717,魄今何,1
10718,今何為,1
10719,何為無,1
10720,為無乃,1
10721,無乃慕,1
10722,乃慕高,1
10723,慕高近,1
10724,高近白,1
10725,近白日,1
10726,白日三,1
10727,日三足,1
10728,三足妒,1
10729,足妒爾,1
10730,妒爾令,1
10731,爾令爾,1
10732,令爾疾,1
10733,爾疾無,1
10734,疾無乃,1
10735,無乃饑,1
10736,乃饑啼,1
10737,饑啼走,1
10738,啼走道,1
10739,走道旁,1
10740,道旁貪,1
10741,旁貪鮮,1
10742,貪鮮攫,1
10743,鮮攫肉,1
10744,攫肉人,1
10745,肉人所,1
10746,人所傷,1
10747,所傷翹,1
10748,傷翹肖,1
10749,翹肖獨,1
10750,肖獨足,1
10751,獨足下,1
10752,足下叢,1
10753,下叢薄,1
10754,叢薄口,1
10755,薄口銜,1
10756,口銜低,1
10757,銜低枝,1
10758,低枝始,1
10759,枝始能,1
10760,始能躍,1
10761,能躍還,1
10762,躍還顧,1
10763,還顧泥,1
10764,顧泥塗,1
10765,泥塗備,1
10766,塗備螻,1
10767,備螻蟻,1
10768,螻蟻仰,1
10769,蟻仰看,1
10770,仰看棟,1
10771,看棟樑,1
10772,棟樑防,1
10773,樑防燕,1
10774,防燕雀,1
10775,燕雀左,1
10776,雀左右,1
10777,左右六,1
10778,右六翮,1
10779,六翮利,1
10780,翮利如,1
10781,利如刀,1
10782,如刀踴,1
10783,刀踴身,1
10784,踴身失,1
10785,身失勢,1
10786,失勢不,1
10787,勢不得,1
10788,不得高,1
10789,得高支,1
10790,高支離,1
10791,支離無,1
10792,離無趾,1
10793,無趾猶,1
10794,趾猶自,1
10795,猶自免,1
10796,自免努,1
10797,免努力,1
10798,努力低,1
10799,力低飛,1
10800,低飛逃,1
10801,飛逃後,1
10802,逃後患,1
10803,後患淒,1
10804,患淒風,1
10805,淒風淅,1
10806,風淅瀝,1
10807,淅瀝飛,1
10808,瀝飛嚴,1
10809,飛嚴霜,1
10810,嚴霜蒼,1
10811,霜蒼鷹,1
10812,蒼鷹上,1
10813,鷹上擊,1
10814,上擊翻,1
10815,擊翻曙,1
10816,翻曙光,1
10817,曙光雲,1
10818,光雲披,1
10819,雲披霧,1
10820,披霧裂,1
10821,霧裂虹,1
10822,裂虹蜺,1
10823,虹蜺斷,1
10824,蜺斷霹,1
10825,斷霹靂,1
10826,霹靂掣,1
10827,靂掣電,1
10828,掣電捎,1
10829,電捎平,1
10830,捎平岡,1
10831,平岡砉,1
10832,岡砉然,1
10833,砉然勁,1
10834,然勁翮,1
10835,勁翮翦,1
10836,翮翦荊,1
10837,翦荊棘,1
10838,荊棘下,1
10839,棘下攫,1
10840,下攫狐,1
10841,攫狐兔,1
10842,狐兔騰,1
10843,兔騰蒼,1
10844,騰蒼茫,1
10845,蒼茫爪,1
10846,茫爪毛,1
10847,爪毛吻,1
10848,毛吻血,1
10849,吻血百,1
10850,血百鳥,1
10851,百鳥逝,1
10852,鳥逝獨,1
10853,逝獨立,1
10854,獨立四,1
10855,立四顧,1
10856,四顧時,1
10857,顧時激,1
10858,時激昂,1
10859,激昂炎,1
10860,昂炎風,1
10861,炎風溽,1
10862,風溽暑,1
10863,溽暑忽,1
10864,暑忽然,1
10865,忽然至,1
10866,然至羽,1
10867,至羽翼,1
10868,羽翼脫,1
10869,翼脫落,1
10870,脫落自,1
10871,落自摧,1
10872,自摧藏,1
10873,摧藏草,1
10874,藏草中,1
10875,草中狸,1
10876,中狸鼠,1
10877,狸鼠足,1
10878,鼠足為,1
10879,足為患,1
10880,為患一,1
10881,患一夕,1
10882,一夕十,1
10883,夕十顧,1
10884,十顧驚,1
10885,顧驚且,1
10886,驚且傷,1
10887,且傷但,1
10888,傷但願,1
10889,但願清,1
10890,願清商,1
10891,清商複,1
10892,商複為,1
10893,複為假,1
10894,為假拔,1
10895,假拔去,1
10896,拔去萬,1
10897,去萬累,1
10898,萬累雲,1
10899,累雲間,1
10900,雲間翔,1
10901,間翔楚,1
10902,翔楚越,1
10903,楚越有,1
10904,越有鳥,1
10905,有鳥甘,1
10906,鳥甘且,1
10907,甘且腴,1
10908,且腴嘲,1
10909,腴嘲嘲,1
10910,嘲嘲自,1
10911,嘲自名,1
10912,自名為,1
10913,名為鷓,1
10914,為鷓鴣,1
10915,鷓鴣徇,1
10916,鴣徇媒,1
10917,徇媒得,1
10918,媒得食,1
10919,得食不,1
10920,食不復,1
10921,不復慮,1
10922,復慮機,1
10923,慮機械,1
10924,機械潛,1
10925,械潛發,1
10926,潛發罹,1
10927,發罹罝,1
10928,罹罝罦,1
10929,罝罦羽,1
10930,罦羽毛,1
10931,羽毛摧,1
10932,毛摧折,1
10933,摧折觸,1
10934,折觸籠,1
10935,觸籠籞,1
10936,籠籞煙,1
10937,籞煙火,1
10938,煙火煽,1
10939,火煽赫,1
10940,煽赫驚,1
10941,赫驚庖,1
10942,驚庖廚,1
10943,庖廚鼎,1
10944,廚鼎前,1
10945,鼎前芍,1
10946,前芍藥,1
10947,芍藥調,1
10948,藥調五,1
10949,調五味,1
10950,五味膳,1
10951,味膳夫,1
10952,膳夫攘,1
10953,夫攘腕,1
10954,攘腕左,1
10955,腕左右,1
10956,左右視,1
10957,右視齊,1
10958,視齊王,1
10959,齊王不,1
10960,王不忍,1
10961,不忍觳,1
10962,忍觳觫,1
10963,觳觫牛,1
10964,觫牛簡,1
10965,牛簡子,1
10966,簡子亦,1
10967,子亦放,1
10968,亦放邯,1
10969,放邯鄲,1
10970,邯鄲鳩,1
10971,鄲鳩二,1
10972,鳩二子,1
10973,二子得,1
10974,子得意,1
10975,得意猶,1
10976,意猶念,1
10977,猶念此,1
10978,念此況,1
10979,此況我,1
10980,況我萬,1
10981,我萬里,1
10982,萬里為,1
10983,里為孤,1
10984,為孤囚,1
10985,孤囚破,1
10986,囚破籠,1
10987,破籠展,1
10988,籠展翅,1
10989,展翅當,1
10990,翅當遠,1
10991,當遠去,1
10992,遠去同,1
10993,去同類,1
10994,同類相,1
10995,類相呼,1
10996,相呼莫,1
10997,呼莫相,1
10998,莫相顧,1
10999,相顧長,1
11000,顧長安,1
11001,長安新,1
11002,安新技,1
11003,新技出,1
11004,技出宮,1
11005,出宮掖,1
11006,宮掖喧,1
11007,掖喧喧,1
11008,喧喧初,1
11009,喧初遍,1
11010,初遍王,1
11011,遍王侯,1
11012,王侯宅,1
11013,侯宅玉,1
11014,宅玉盤,1
11015,玉盤滴,1
11016,盤滴瀝,1
11017,滴瀝黃,1
11018,瀝黃金,1
11019,黃金錢,1
11020,金錢皎,1
11021,錢皎如,1
11022,皎如文,1
11023,如文龜,1
11024,文龜麗,1
11025,龜麗秋,1
11026,麗秋天,1
11027,秋天八,1
11028,天八方,1
11029,八方定,1
11030,方定位,1
11031,定位開,1
11032,位開神,1
11033,開神卦,1
11034,神卦六,1
11035,卦六甲,1
11036,六甲離,1
11037,甲離離,1
11038,離離齊,1
11039,離齊上,1
11040,齊上下,1
11041,上下投,1
11042,下投變,1
11043,投變轉,1
11044,變轉動,1
11045,轉動玄,1
11046,動玄機,1
11047,玄機卑,1
11048,機卑星,1
11049,卑星流,1
11050,星流霞,1
11051,流霞破,1
11052,霞破相,1
11053,破相參,1
11054,相參差,1
11055,參差四,1
11056,差四分,1
11057,四分五,1
11058,分五裂,1
11059,五裂勢,1
11060,裂勢未,1
11061,勢未已,1
11062,未已出,1
11063,已出無,1
11064,出無入,1
11065,無入有,1
11066,入有誰,1
11067,有誰能,1
11068,誰能知,1
11069,能知乍,1
11070,知乍驚,1
11071,乍驚散,1
11072,驚散漫,1
11073,散漫無,1
11074,漫無處,1
11075,無處所,1
11076,處所須,1
11077,所須臾,1
11078,須臾羅,1
11079,臾羅列,1
11080,羅列已,1
11081,列已如,1
11082,已如故,1
11083,如故徒,1
11084,故徒言,1
11085,徒言萬,1
11086,言萬事,1
11087,萬事有,1
11088,事有盈,1
11089,有盈虛,1
11090,盈虛終,1
11091,虛終朝,1
11092,終朝一,1
11093,朝一擲,1
11094,一擲知,1
11095,擲知勝,1
11096,知勝負,1
11097,勝負修,1
11098,負修門,1
11099,修門象,1
11100,門象棋,1
11101,象棋不,1
11102,棋不復,1
11103,不復貴,1
11104,復貴魏,1
11105,貴魏宮,1
11106,魏宮妝,1
11107,宮妝奩,1
11108,妝奩世,1
11109,奩世所,1
11110,世所棄,1
11111,所棄豈,1
11112,棄豈如,1
11113,豈如瑞,1
11114,如瑞質,1
11115,瑞質耀,1
11116,質耀奇,1
11117,耀奇文,1
11118,奇文願,1
11119,文願持,1
11120,願持千,1
11121,持千歲,1
11122,千歲壽,1
11123,歲壽吾,1
11124,壽吾君,1
11125,吾君廟,1
11126,君廟堂,1
11127,廟堂巾,1
11128,堂巾笥,1
11129,巾笥非,1
11130,笥非余,1
11131,非余慕,1
11132,余慕錢,1
11133,慕錢刀,1
11134,錢刀兒,1
11135,刀兒女,1
11136,兒女徒,1
11137,女徒紛,1
11138,徒紛紛,1
11139,紛紛倦,1
11140,紛倦聞,1
11141,倦聞子,1
11142,聞子規,1
11143,子規朝,1
11144,規朝暮,1
11145,朝暮聲,1
11146,暮聲不,1
11147,聲不意,1
11148,不意忽,1
11149,意忽有,1
11150,忽有黃,1
11151,有黃鸝,1
11152,黃鸝鳴,1
11153,鸝鳴一,1
11154,鳴一聲,1
11155,一聲夢,1
11156,聲夢斷,1
11157,夢斷楚,1
11158,斷楚江,1
11159,楚江曲,1
11160,江曲滿,1
11161,曲滿眼,1
11162,滿眼故,1
11163,眼故園,1
11164,故園春,1
11165,園春意,1
11166,春意生,1
11167,意生目,1
11168,生目極,1
11169,目極千,1
11170,極千里,1
11171,千里無,1
11172,里無山,1
11173,無山河,1
11174,山河麥,1
11175,河麥芒,1
11176,麥芒際,1
11177,芒際天,1
11178,際天搖,1
11179,天搖清,1
11180,搖清波,1
11181,清波王,1
11182,波王畿,1
11183,王畿優,1
11184,畿優本,1
11185,優本少,1
11186,本少賦,1
11187,少賦役,1
11188,賦役務,1
11189,役務閑,1
11190,務閑酒,1
11191,閑酒熟,1
11192,酒熟饒,1
11193,熟饒經,1
11194,饒經過,1
11195,經過此,1
11196,過此時,1
11197,此時晴,1
11198,時晴煙,1
11199,晴煙最,1
11200,煙最深,1
11201,最深處,1
11202,深處舍,1
11203,處舍南,1
11204,舍南巷,1
11205,南巷北,1
11206,巷北遙,1
11207,北遙相,1
11208,遙相語,1
11209,相語翻,1
11210,語翻日,1
11211,翻日迥,1
11212,日迥度,1
11213,迥度昆,1
11214,度昆明,1
11215,昆明飛,1
11216,明飛淩,1
11217,飛淩風,1
11218,淩風邪,1
11219,風邪看,1
11220,邪看細,1
11221,看細柳,1
11222,細柳翥,1
11223,柳翥我,1
11224,翥我今,1
11225,我今誤,1
11226,今誤落,1
11227,誤落千,1
11228,落千萬,1
11229,千萬山,1
11230,萬山身,1
11231,山身同,1
11232,身同傖,1
11233,同傖人,1
11234,傖人不,1
11235,人不思,1
11236,不思還,1
11237,思還鄉,1
11238,還鄉禽,1
11239,鄉禽何,1
11240,禽何事,1
11241,何事亦,1
11242,事亦來,1
11243,亦來此,1
11244,來此令,1
11245,此令我,1
11246,令我生,1
11247,我生心,1
11248,生心憶,1
11249,心憶桑,1
11250,憶桑梓,1
11251,桑梓閉,1
11252,梓閉聲,1
11253,閉聲回,1
11254,聲回翅,1
11255,回翅歸,1
11256,翅歸務,1
11257,歸務速,1
11258,務速西,1
11259,速西林,1
11260,西林紫,1
11261,林紫椹,1
11262,紫椹行,1
11263,椹行當,1
11264,行當熟,1
11265,當熟翠,1
11266,熟翠帷,1
11267,翠帷雙,1
11268,帷雙卷,1
11269,雙卷出,1
11270,卷出傾,1
11271,出傾城,1
11272,傾城龍,1
11273,城龍劍,1
11274,龍劍破,1
11275,劍破匣,1
11276,破匣霜,1
11277,匣霜月,1
11278,霜月明,1
11279,月明朱,1
11280,明朱唇,1
11281,朱唇掩,1
11282,唇掩抑,1
11283,掩抑悄,1
11284,抑悄無,1
11285,悄無聲,1
11286,無聲金,1
11287,聲金簧,1
11288,金簧玉,1
11289,簧玉磬,1
11290,玉磬宮,1
11291,磬宮中,1
11292,宮中生,1
11293,中生下,1
11294,生下沉,1
11295,下沉秋,1
11296,沉秋火,1
11297,秋火激,1
11298,火激太,1
11299,激太清,1
11300,太清天,1
11301,清天高,1
11302,天高地,1
11303,高地迥,1
11304,地迥凝,1
11305,迥凝日,1
11306,凝日晶,1
11307,日晶羽,1
11308,晶羽觴,1
11309,羽觴蕩,1
11310,觴蕩漾,1
11311,蕩漾何,1
11312,漾何事,1
11313,何事傾,1
11314,事傾楊,1
11315,傾楊白,1
11316,楊白花,1
11317,白花風,1
11318,花風吹,1
11319,風吹渡,1
11320,吹渡江,1
11321,渡江水,1
11322,江水坐,1
11323,水坐令,1
11324,坐令宮,1
11325,令宮樹,1
11326,宮樹無,1
11327,樹無顏,1
11328,無顏色,1
11329,顏色搖,1
11330,色搖盪,1
11331,搖盪春,1
11332,盪春光,1
11333,春光千,1
11334,光千萬,1
11335,千萬里,1
11336,萬里茫,1
11337,里茫茫,1
11338,茫茫曉,1
11339,茫曉日,1
11340,曉日下,1
11341,日下長,1
11342,下長秋,1
11343,長秋哀,1
11344,秋哀歌,1
11345,哀歌未,1
11346,歌未斷,1
11347,未斷城,1
11348,斷城鴉,1
11349,城鴉起,1
11350,鴉起漁,1
11351,起漁翁,1
11352,漁翁夜,1
11353,翁夜傍,1
11354,夜傍西,1
11355,傍西岩,1
11356,西岩宿,1
11357,岩宿曉,1
11358,宿曉汲,1
11359,曉汲清,1
11360,汲清湘,1
11361,清湘燃,1
11362,湘燃楚,1
11363,燃楚竹,1
11364,楚竹煙,1
11365,竹煙銷,1
11366,煙銷日,1
11367,銷日出,1
11368,日出不,1
11369,出不見,1
11370,不見人,1
11371,見人欸,1
11372,人欸乃,1
11373,欸乃一,1
11374,乃一聲,1
11375,一聲山,1
11376,聲山水,1
11377,山水綠,1
11378,水綠回,1
11379,綠回看,1
11380,回看天,1
11381,看天際,1
11382,天際下,1
11383,際下中,1
11384,下中流,1
11385,中流岩,1
11386,流岩上,1
11387,岩上無,1
11388,上無心,1
11389,無心雲,1
11390,心雲相,1
11391,雲相逐,1
11392,相逐今,1
11393,逐今夕,1
11394,今夕少,1
11395,夕少愉,1
11396,少愉樂,1
11397,愉樂起,1
11398,樂起坐,1
11399,起坐開,1
11400,坐開清,1
11401,開清尊,1
11402,清尊舉,1
11403,尊舉觴,1
11404,舉觴酹,1
11405,觴酹先,1
11406,酹先酒,1
11407,先酒為,1
11408,酒為我,1
11409,為我驅,1
11410,我驅憂,1
11411,驅憂煩,1
11412,憂煩須,1
11413,煩須臾,1
11414,須臾心,1
11415,臾心自,1
11416,心自殊,1
11417,自殊頓,1
11418,殊頓覺,1
11419,頓覺天,1
11420,覺天地,1
11421,天地暄,1
11422,地暄連,1
11423,暄連山,1
11424,連山變,1
11425,山變幽,1
11426,變幽晦,1
11427,幽晦綠,1
11428,晦綠水,1
11429,綠水函,1
11430,水函晏,1
11431,函晏溫,1
11432,晏溫藹,1
11433,溫藹藹,1
11434,藹藹南,1
11435,藹南郭,1
11436,南郭門,1
11437,郭門樹,1
11438,門樹木,1
11439,樹木一,1
11440,木一何,1
11441,一何繁,1
11442,何繁清,1
11443,繁清陰,1
11444,清陰可,1
11445,陰可自,1
11446,可自庇,1
11447,自庇竟,1
11448,庇竟夕,1
11449,竟夕聞,1
11450,夕聞佳,1
11451,聞佳言,1
11452,佳言盡,1
11453,言盡醉,1
11454,盡醉無,1
11455,醉無複,1
11456,無複辭,1
11457,複辭偃,1
11458,辭偃臥,1
11459,偃臥有,1
11460,臥有芳,1
11461,有芳蓀,1
11462,芳蓀彼,1
11463,蓀彼哉,1
11464,彼哉晉,1
11465,哉晉楚,1
11466,晉楚富,1
11467,楚富此,1
11468,富此道,1
11469,此道未,1
11470,道未必,1
11471,未必存,1
11472,必存幽,1
11473,存幽沉,1
11474,幽沉謝,1
11475,沉謝世,1
11476,謝世事,1
11477,世事俯,1
11478,事俯默,1
11479,俯默窺,1
11480,默窺唐,1
11481,窺唐虞,1
11482,唐虞上,1
11483,虞上下,1
11484,上下觀,1
11485,下觀古,1
11486,觀古今,1
11487,古今起,1
11488,今起伏,1
11489,起伏千,1
11490,伏千萬,1
11491,千萬途,1
11492,萬途遇,1
11493,途遇欣,1
11494,遇欣或,1
11495,欣或自,1
11496,或自笑,1
11497,自笑感,1
11498,笑感戚,1
11499,感戚亦,1
11500,戚亦以,1
11501,亦以籲,1
11502,以籲縹,1
11503,籲縹帙,1
11504,縹帙各,1
11505,帙各舒,1
11506,各舒散,1
11507,舒散前,1
11508,散前後,1
11509,前後互,1
11510,後互相,1
11511,互相逾,1
11512,相逾瘴,1
11513,逾瘴痾,1
11514,瘴痾擾,1
11515,痾擾靈,1
11516,擾靈府,1
11517,靈府日,1
11518,府日與,1
11519,日與往,1
11520,與往昔,1
11521,往昔殊,1
11522,昔殊臨,1
11523,殊臨文,1
11524,臨文乍,1
11525,文乍了,1
11526,乍了了,1
11527,了了徹,1
11528,了徹卷,1
11529,徹卷兀,1
11530,卷兀若,1
11531,兀若無,1
11532,若無竟,1
11533,無竟夕,1
11534,竟夕誰,1
11535,夕誰與,1
11536,誰與言,1
11537,與言但,1
11538,言但與,1
11539,但與竹,1
11540,與竹素,1
11541,竹素俱,1
11542,素俱倦,1
11543,俱倦極,1
11544,倦極便,1
11545,極便倒,1
11546,便倒臥,1
11547,倒臥熟,1
11548,臥熟寐,1
11549,熟寐乃,1
11550,寐乃一,1
11551,乃一蘇,1
11552,一蘇欠,1
11553,蘇欠伸,1
11554,欠伸展,1
11555,伸展肢,1
11556,展肢體,1
11557,肢體吟,1
11558,體吟詠,1
11559,吟詠心,1
11560,詠心自,1
11561,心自愉,1
11562,自愉得,1
11563,愉得意,1
11564,得意適,1
11565,意適其,1
11566,適其適,1
11567,其適非,1
11568,適非願,1
11569,非願為,1
11570,願為世,1
11571,為世儒,1
11572,世儒道,1
11573,儒道盡,1
11574,道盡即,1
11575,盡即閉,1
11576,即閉口,1
11577,閉口蕭,1
11578,口蕭散,1
11579,蕭散捐,1
11580,散捐囚,1
11581,捐囚拘,1
11582,囚拘巧,1
11583,拘巧者,1
11584,巧者為,1
11585,為我拙,1
11586,我拙智,1
11587,拙智者,1
11588,智者為,1
11589,為我愚,1
11590,我愚書,1
11591,愚書史,1
11592,書史足,1
11593,史足自,1
11594,足自悅,1
11595,自悅安,1
11596,悅安用,1
11597,安用勤,1
11598,用勤與,1
11599,勤與劬,1
11600,與劬貴,1
11601,劬貴爾,1
11602,貴爾六,1
11603,爾六尺,1
11604,六尺軀,1
11605,尺軀勿,1
11606,軀勿為,1
11607,勿為名,1
11608,為名所,1
11609,名所驅,1
11610,所驅西,1
11611,驅西陸,1
11612,西陸動,1
11613,陸動涼,1
11614,動涼氣,1
11615,涼氣驚,1
11616,氣驚烏,1
11617,驚烏號,1
11618,烏號北,1
11619,號北林,1
11620,北林棲,1
11621,林棲息,1
11622,棲息豈,1
11623,息豈殊,1
11624,豈殊性,1
11625,殊性集,1
11626,性集枯,1
11627,集枯安,1
11628,枯安可,1
11629,安可任,1
11630,可任鴻,1
11631,任鴻鵠,1
11632,鴻鵠去,1
11633,鵠去不,1
11634,去不返,1
11635,不返勾,1
11636,返勾吳,1
11637,勾吳阻,1
11638,吳阻且,1
11639,阻且深,1
11640,且深徒,1
11641,深徒嗟,1
11642,徒嗟日,1
11643,嗟日沉,1
11644,日沉湎,1
11645,沉湎丸,1
11646,湎丸鼓,1
11647,丸鼓騖,1
11648,鼓騖奇,1
11649,騖奇音,1
11650,奇音東,1
11651,音東海,1
11652,東海久,1
11653,海久搖,1
11654,久搖盪,1
11655,搖盪南,1
11656,盪南風,1
11657,南風已,1
11658,風已駸,1
11659,已駸駸,1
11660,駸駸坐,1
11661,駸坐使,1
11662,坐使青,1
11663,使青天,1
11664,青天暮,1
11665,天暮小,1
11666,暮小星,1
11667,小星愁,1
11668,星愁太,1
11669,愁太陰,1
11670,太陰眾,1
11671,陰眾情,1
11672,眾情嗜,1
11673,情嗜奸,1
11674,嗜奸利,1
11675,奸利居,1
11676,利居貨,1
11677,居貨捐,1
11678,貨捐千,1
11679,捐千金,1
11680,千金危,1
11681,金危根,1
11682,危根一,1
11683,根一以,1
11684,一以振,1
11685,以振齊,1
11686,振齊斧,1
11687,齊斧來,1
11688,斧來相,1
11689,相尋攬,1
11690,尋攬衣,1
11691,攬衣中,1
11692,衣中夜,1
11693,夜起感,1
11694,起感物,1
11695,感物涕,1
11696,物涕盈,1
11697,涕盈襟,1
11698,盈襟微,1
11699,襟微霜,1
11700,微霜眾,1
11701,霜眾所,1
11702,眾所踐,1
11703,所踐誰,1
11704,踐誰念,1
11705,誰念歲,1
11706,念歲寒,1
11707,歲寒心,1
11708,寒心旭,1
11709,心旭日,1
11710,旭日照,1
11711,日照寒,1
11712,照寒野,1
11713,寒野斯,1
11714,野斯起,1
11715,斯起蒿,1
11716,起蒿萊,1
11717,蒿萊啁,1
11718,萊啁啾,1
11719,啁啾有,1
11720,啾有餘,1
11721,有餘樂,1
11722,餘樂飛,1
11723,樂飛舞,1
11724,飛舞西,1
11725,舞西陵,1
11726,西陵隈,1
11727,陵隈回,1
11728,隈回風,1
11729,回風旦,1
11730,風旦夕,1
11731,旦夕至,1
11732,夕至零,1
11733,至零葉,1
11734,零葉委,1
11735,葉委陳,1
11736,委陳荄,1
11737,陳荄所,1
11738,荄所棲,1
11739,所棲不,1
11740,棲不足,1
11741,不足恃,1
11742,足恃鷹,1
11743,恃鷹隼,1
11744,鷹隼縱,1
11745,隼縱橫,1
11746,縱橫來,1
11747,橫來燕,1
11748,來燕有,1
11749,燕有黃,1
11750,有黃金,1
11751,黃金台,1
11752,金台遠,1
11753,台遠致,1
11754,遠致望,1
11755,致望諸,1
11756,望諸君,1
11757,諸君嗛,1
11758,君嗛嗛,1
11759,嗛嗛事,1
11760,嗛事強,1
11761,事強怨,1
11762,強怨三,1
11763,怨三歲,1
11764,三歲有,1
11765,歲有奇,1
11766,有奇勳,1
11767,奇勳悠,1
11768,勳悠哉,1
11769,悠哉辟,1
11770,哉辟疆,1
11771,辟疆理,1
11772,疆理東,1
11773,理東海,1
11774,東海漫,1
11775,海漫浮,1
11776,漫浮雲,1
11777,浮雲甯,1
11778,雲甯知,1
11779,甯知世,1
11780,知世情,1
11781,世情異,1
11782,情異嘉,1
11783,異嘉穀,1
11784,嘉穀坐,1
11785,穀坐熇,1
11786,坐熇焚,1
11787,熇焚致,1
11788,焚致令,1
11789,致令委,1
11790,令委金,1
11791,委金石,1
11792,金石誰,1
11793,石誰顧,1
11794,誰顧蠢,1
11795,顧蠢蠕,1
11796,蠢蠕群,1
11797,蠕群風,1
11798,群風波,1
11799,風波欻,1
11800,波欻潛,1
11801,欻潛構,1
11802,潛構遺,1
11803,構遺恨,1
11804,遺恨意,1
11805,恨意紛,1
11806,意紛紜,1
11807,紛紜豈,1
11808,紜豈不,1
11809,豈不善,1
11810,不善圖,1
11811,善圖後,1
11812,圖後交,1
11813,後交私,1
11814,交私非,1
11815,私非所,1
11816,非所聞,1
11817,所聞為,1
11818,聞為忠,1
11819,為忠不,1
11820,忠不顧,1
11821,不顧內,1
11822,顧內晏,1
11823,內晏子,1
11824,晏子亦,1
11825,子亦垂,1
11826,亦垂文,1
11827,垂文束,1
11828,文束帶,1
11829,束帶值,1
11830,帶值明,1
11831,值明後,1
11832,明後顧,1
11833,後顧盼,1
11834,顧盼流,1
11835,盼流輝,1
11836,流輝光,1
11837,輝光一,1
11838,光一心,1
11839,一心在,1
11840,心在陳,1
11841,在陳力,1
11842,陳力鼎,1
11843,力鼎列,1
11844,鼎列誇,1
11845,列誇四,1
11846,誇四方,1
11847,四方款,1
11848,方款款,1
11849,款款效,1
11850,款效忠,1
11851,效忠信,1
11852,忠信恩,1
11853,信恩義,1
11854,恩義皎,1
11855,義皎如,1
11856,皎如霜,1
11857,如霜生,1
11858,霜生時,1
11859,生時亮,1
11860,時亮同,1
11861,亮同體,1
11862,同體死,1
11863,體死沒,1
11864,死沒甯,1
11865,沒甯分,1
11866,甯分張,1
11867,分張壯,1
11868,張壯軀,1
11869,壯軀閉,1
11870,軀閉幽,1
11871,閉幽隧,1
11872,幽隧猛,1
11873,隧猛志,1
11874,猛志填,1
11875,志填黃,1
11876,填黃腸,1
11877,黃腸殉,1
11878,腸殉死,1
11879,殉死禮,1
11880,死禮所,1
11881,禮所非,1
11882,所非況,1
11883,非況乃,1
11884,況乃用,1
11885,乃用其,1
11886,用其良,1
11887,其良霸,1
11888,良霸基,1
11889,霸基弊,1
11890,基弊不,1
11891,弊不振,1
11892,不振晉,1
11893,振晉楚,1
11894,晉楚更,1
11895,楚更張,1
11896,更張惶,1
11897,張惶疾,1
11898,惶疾病,1
11899,疾病命,1
11900,病命固,1
11901,命固亂,1
11902,固亂魏,1
11903,亂魏氏,1
11904,魏氏言,1
11905,氏言有,1
11906,言有章,1
11907,有章從,1
11908,章從邪,1
11909,從邪陷,1
11910,邪陷厥,1
11911,陷厥父,1
11912,厥父吾,1
11913,父吾欲,1
11914,吾欲討,1
11915,欲討彼,1
11916,討彼狂,1
11917,彼狂燕,1
11918,狂燕秦,1
11919,燕秦不,1
11920,秦不兩,1
11921,不兩立,1
11922,兩立太,1
11923,立太子,1
11924,太子已,1
11925,子已為,1
11926,已為虞,1
11927,為虞千,1
11928,虞千金,1
11929,千金奉,1
11930,金奉短,1
11931,奉短計,1
11932,短計匕,1
11933,計匕首,1
11934,匕首荊,1
11935,首荊卿,1
11936,荊卿趨,1
11937,卿趨窮,1
11938,趨窮年,1
11939,窮年徇,1
11940,年徇所,1
11941,徇所欲,1
11942,所欲兵,1
11943,欲兵勢,1
11944,兵勢且,1
11945,勢且見,1
11946,且見屠,1
11947,見屠微,1
11948,屠微言,1
11949,微言激,1
11950,言激幽,1
11951,激幽憤,1
11952,幽憤怒,1
11953,憤怒目,1
11954,怒目辭,1
11955,目辭燕,1
11956,辭燕都,1
11957,燕都朔,1
11958,都朔風,1
11959,朔風動,1
11960,風動易,1
11961,動易水,1
11962,易水揮,1
11963,水揮爵,1
11964,揮爵前,1
11965,爵前長,1
11966,前長驅,1
11967,長驅函,1
11968,驅函首,1
11969,函首致,1
11970,首致宿,1
11971,致宿怨,1
11972,宿怨獻,1
11973,怨獻田,1
11974,獻田開,1
11975,田開版,1
11976,開版圖,1
11977,版圖炯,1
11978,圖炯然,1
11979,炯然耀,1
11980,然耀電,1
11981,耀電光,1
11982,電光掌,1
11983,光掌握,1
11984,掌握罔,1
11985,握罔正,1
11986,罔正夫,1
11987,正夫造,1
11988,夫造端,1
11989,造端何,1
11990,端何其,1
11991,何其銳,1
11992,其銳臨,1
11993,銳臨事,1
11994,臨事竟,1
11995,事竟趑,1
11996,竟趑趄,1
11997,趑趄長,1
11998,趄長虹,1
11999,長虹吐,1
12000,虹吐白,1
12001,吐白日,1
12002,白日倉,1
12003,日倉卒,1
12004,倉卒反,1
12005,卒反受,1
12006,反受誅,1
12007,受誅按,1
12008,誅按劍,1
12009,按劍赫,1
12010,劍赫憑,1
12011,赫憑怒,1
12012,憑怒風,1
12013,怒風雷,1
12014,風雷助,1
12015,雷助號,1
12016,助號呼,1
12017,號呼慈,1
12018,呼慈父,1
12019,慈父斷,1
12020,父斷子,1
12021,斷子首,1
12022,子首狂,1
12023,首狂走,1
12024,狂走無,1
12025,走無容,1
12026,無容軀,1
12027,容軀夷,1
12028,軀夷城,1
12029,夷城芟,1
12030,城芟七,1
12031,芟七族,1
12032,七族台,1
12033,族台觀,1
12034,台觀皆,1
12035,觀皆焚,1
12036,皆焚汙,1
12037,焚汙始,1
12038,汙始期,1
12039,始期憂,1
12040,期憂患,1
12041,憂患弭,1
12042,患弭卒,1
12043,弭卒動,1
12044,卒動災,1
12045,動災禍,1
12046,災禍樞,1
12047,禍樞秦,1
12048,樞秦皇,1
12049,秦皇本,1
12050,皇本詐,1
12051,本詐力,1
12052,詐力事,1
12053,力事與,1
12054,事與桓,1
12055,與桓公,1
12056,桓公殊,1
12057,公殊奈,1
12058,殊奈何,1
12059,奈何效,1
12060,何效曹,1
12061,效曹子,1
12062,曹子實,1
12063,子實謂,1
12064,實謂勇,1
12065,謂勇且,1
12066,勇且愚,1
12067,且愚世,1
12068,愚世傳,1
12069,世傳故,1
12070,傳故多,1
12071,故多謬,1
12072,多謬太,1
12073,謬太史,1
12074,太史征,1
12075,史征無,1
12076,征無且,1
12077,無且生,1
12078,且生死,1
12079,生死悠,1
12080,死悠悠,1
12081,悠悠爾,1
12082,悠爾一,1
12083,爾一氣,1
12084,一氣聚,1
12085,氣聚散,1
12086,聚散之,1
12087,散之偶,1
12088,之偶來,1
12089,偶來紛,1
12090,來紛喜,1
12091,紛喜怒,1
12092,喜怒奄,1
12093,怒奄忽,1
12094,奄忽已,1
12095,忽已複,1
12096,已複辭,1
12097,複辭為,1
12098,辭為役,1
12099,為役孰,1
12100,役孰賤,1
12101,孰賤辱,1
12102,賤辱為,1
12103,辱為貴,1
12104,為貴非,1
12105,貴非神,1
12106,非神奇,1
12107,神奇一,1
12108,奇一朝,1
12109,一朝纊,1
12110,朝纊息,1
12111,纊息定,1
12112,息定枯,1
12113,定枯朽,1
12114,枯朽無,1
12115,朽無妍,1
12116,無妍媸,1
12117,妍媸生,1
12118,媸生平,1
12119,生平勤,1
12120,平勤皂,1
12121,勤皂櫪,1
12122,皂櫪剉,1
12123,櫪剉秣,1
12124,剉秣不,1
12125,秣不告,1
12126,不告疲,1
12127,告疲既,1
12128,疲既死,1
12129,既死給,1
12130,死給槥,1
12131,給槥櫝,1
12132,槥櫝葬,1
12133,櫝葬之,1
12134,葬之東,1
12135,之東山,1
12136,東山基,1
12137,山基奈,1
12138,基奈何,1
12139,奈何值,1
12140,何值崩,1
12141,值崩湍,1
12142,崩湍蕩,1
12143,湍蕩析,1
12144,蕩析臨,1
12145,析臨路,1
12146,臨路垂,1
12147,路垂髐,1
12148,垂髐然,1
12149,髐然暴,1
12150,然暴百,1
12151,暴百骸,1
12152,百骸散,1
12153,骸散亂,1
12154,散亂不,1
12155,亂不復,1
12156,不復支,1
12157,復支從,1
12158,支從者,1
12159,從者幸,1
12160,者幸告,1
12161,幸告餘,1
12162,告餘眷,1
12163,餘眷之,1
12164,眷之涓,1
12165,之涓然,1
12166,涓然悲,1
12167,然悲貓,1
12168,悲貓虎,1
12169,貓虎獲,1
12170,虎獲迎,1
12171,獲迎祭,1
12172,迎祭犬,1
12173,祭犬馬,1
12174,犬馬有,1
12175,馬有蓋,1
12176,有蓋帷,1
12177,蓋帷佇,1
12178,帷佇立,1
12179,佇立唁,1
12180,立唁爾,1
12181,唁爾魂,1
12182,爾魂豈,1
12183,魂豈複,1
12184,豈複識,1
12185,複識此,1
12186,識此為,1
12187,此為畚,1
12188,為畚鍤,1
12189,畚鍤載,1
12190,鍤載埋,1
12191,載埋瘞,1
12192,埋瘞溝,1
12193,瘞溝瀆,1
12194,溝瀆護,1
12195,瀆護其,1
12196,護其危,1
12197,其危我,1
12198,危我心,1
12199,我心得,1
12200,心得所,1
12201,得所安,1
12202,所安不,1
12203,安不謂,1
12204,不謂爾,1
12205,謂爾有,1
12206,爾有知,1
12207,有知掩,1
12208,知掩骼,1
12209,掩骼著,1
12210,骼著春,1
12211,著春令,1
12212,春令茲,1
12213,令茲焉,1
12214,茲焉適,1
12215,焉適其,1
12216,適其時,1
12217,其時及,1
12218,時及物,1
12219,及物非,1
12220,物非吾,1
12221,非吾事,1
12222,吾事聊,1
12223,事聊且,1
12224,聊且顧,1
12225,且顧爾,1
12226,顧爾私,1
12227,爾私設,1
12228,私設色,1
12229,設色既,1
12230,色既成,1
12231,既成象,1
12232,成象卿,1
12233,象卿雲,1
12234,卿雲示,1
12235,雲示國,1
12236,示國都,1
12237,國都九,1
12238,都九天,1
12239,九天開,1
12240,天開秘,1
12241,開秘祉,1
12242,秘祉百,1
12243,祉百辟,1
12244,百辟贊,1
12245,辟贊嘉,1
12246,贊嘉謨,1
12247,嘉謨抱,1
12248,謨抱日,1
12249,抱日依,1
12250,日依龍,1
12251,依龍袞,1
12252,龍袞非,1
12253,袞非煙,1
12254,非煙近,1
12255,煙近禦,1
12256,近禦爐,1
12257,禦爐高,1
12258,爐高標,1
12259,高標連,1
12260,標連汗,1
12261,連汗漫,1
12262,汗漫迥,1
12263,漫迥望,1
12264,迥望接,1
12265,望接虛,1
12266,接虛無,1
12267,虛無裂,1
12268,無裂素,1
12269,裂素榮,1
12270,素榮光,1
12271,榮光發,1
12272,光發舒,1
12273,發舒華,1
12274,舒華瑞,1
12275,華瑞色,1
12276,瑞色敷,1
12277,色敷恒,1
12278,敷恒將,1
12279,恒將配,1
12280,將配堯,1
12281,配堯德,1
12282,堯德垂,1
12283,德垂慶,1
12284,垂慶代,1
12285,慶代河,1
12286,代河圖,1
12287,河圖九,1
12288,圖九扈,1
12289,九扈鳴,1
12290,扈鳴已,1
12291,鳴已晚,1
12292,已晚楚,1
12293,晚楚鄉,1
12294,楚鄉農,1
12295,鄉農事,1
12296,農事春,1
12297,事春悠,1
12298,春悠悠,1
12299,悠悠故,1
12300,悠故池,1
12301,故池水,1
12302,池水空,1
12303,水空待,1
12304,空待灌,1
12305,待灌園,1
12306,灌園人,1
