排名,詞彙,出現次數
1,海鶴一為別,2
2,鶴一為別高,2
3,一為別高程,2
4,為別高程方,2
5,路思結瀟湘,2
6,思結瀟湘天,2
7,結瀟湘天皎,2
8,瀟湘天皎然,2
9,湘天皎然仰,2
10,天皎然仰白,2
11,皎然仰白日,2
12,然仰白日真,2
13,仰白日真姿,2
14,白日真姿棲,2
15,日真姿棲紫,2
16,真姿棲紫煙,2
17,姿棲紫煙含,2
18,棲紫煙含情,2
19,紫煙含情九,2
20,煙含情九霄,2
21,含情九霄際,2
22,情九霄際顧,2
23,九霄際顧侶,2
24,霄際顧侶五,2
25,際顧侶五雲,2
26,顧侶五雲前,2
27,侶五雲前遐,2
28,五雲前遐心,2
29,雲前遐心屬,2
30,前遐心屬清,2
31,遐心屬清都,2
32,心屬清都淒,2
33,屬清都淒響,2
34,清都淒響激,2
35,都淒響激朱,2
36,淒響激朱弦,2
37,響激朱弦超,2
38,雨迢遞各山,2
39,迢遞各山川,2
40,遞各山川東,2
41,各山川東南,2
42,山川東南信,2
43,川東南信多,2
44,東南信多水,2
45,南信多水會,2
46,信多水會合,2
47,多水會合當,2
48,水會合當有,2
49,會合當有年,2
50,此意何由傳,2
51,東風豔陽色,2
52,風豔陽色柳,2
53,豔陽色柳綠,2
54,陽色柳綠花,2
55,色柳綠花如,2
56,柳綠花如霰,2
57,綠花如霰競,2
58,花如霰競理,2
59,如霰競理同,2
60,霰競理同心,2
61,競理同心鬟,2
62,理同心鬟爭,2
63,同心鬟爭持,2
64,心鬟爭持合,2
65,鬟爭持合歡,2
66,爭持合歡扇,2
67,持合歡扇香,2
68,合歡扇香傳,2
69,歡扇香傳賈,2
70,扇香傳賈娘,2
71,香傳賈娘手,2
72,傳賈娘手粉,2
73,賈娘手粉離,2
74,娘手粉離何,2
75,手粉離何郎,2
76,粉離何郎面,2
77,離何郎面最,2
78,何郎面最恨,2
79,郎面最恨捲,2
80,面最恨捲簾,2
81,最恨捲簾時,2
82,恨捲簾時含,2
83,捲簾時含情,2
84,簾時含情獨,2
85,時含情獨不,2
86,含情獨不見,2
87,雲侵鬢起邊,2
88,侵鬢起邊月,2
89,鬢起邊月向,2
90,起邊月向眉,2
91,邊月向眉殘,2
92,別高程方杳,1
93,高程方杳然,1
94,程方杳然影,1
95,方杳然影搖,1
96,杳然影搖江,1
97,然影搖江海,1
98,影搖江海路,1
99,搖江海路思,1
100,江海路思結,1
101,海路思結瀟,1
102,激朱弦超搖,1
103,朱弦超搖間,1
104,弦超搖間雲,1
105,超搖間雲雨,1
106,搖間雲雨迢,1
107,間雲雨迢遞,1
108,雲雨迢遞各,1
109,合當有年雄,1
110,當有年雄飛,1
111,有年雄飛戾,1
112,年雄飛戾冥,1
113,雄飛戾冥寞,1
114,飛戾冥寞此,1
115,戾冥寞此意,1
116,冥寞此意何,1
117,寞此意何由,1
118,意何由傳東,1
119,何由傳東風,1
120,由傳東風豔,1
121,傳東風豔陽,1
122,情獨不見東,1
123,獨不見東風,1
124,不見東風豔,1
125,見東風豔陽,1
126,情獨不見管,1
127,獨不見管鮑,1
128,不見管鮑化,1
129,見管鮑化為,1
130,管鮑化為塵,1
131,鮑化為塵交,1
132,化為塵交友,1
133,為塵交友存,1
134,塵交友存如,1
135,交友存如線,1
136,友存如線升,1
137,存如線升堂,1
138,如線升堂俱,1
139,線升堂俱自,1
140,升堂俱自媚,1
141,堂俱自媚得,1
142,俱自媚得路,1
143,自媚得路難,1
144,媚得路難相,1
145,得路難相見,1
146,路難相見懿,1
147,難相見懿君,1
148,相見懿君敦,1
149,見懿君敦三,1
150,懿君敦三益,1
151,君敦三益頹,1
152,敦三益頹俗,1
153,三益頹俗期,1
154,益頹俗期一,1
155,頹俗期一變,1
156,俗期一變心,1
157,期一變心同,1
158,一變心同襲,1
159,變心同襲芝,1
160,心同襲芝蘭,1
161,同襲芝蘭氣,1
162,襲芝蘭氣合,1
163,芝蘭氣合回,1
164,蘭氣合回霜,1
165,氣合回霜霰,1
166,合回霜霰石,1
167,回霜霰石門,1
168,霜霰石門雲,1
169,霰石門雲臥,1
170,石門雲臥久,1
171,門雲臥久玉,1
172,雲臥久玉洞,1
173,臥久玉洞花,1
174,久玉洞花尋,1
175,玉洞花尋遍,1
176,洞花尋遍王,1
177,花尋遍王浚,1
178,尋遍王浚愛,1
179,遍王浚愛旌,1
180,王浚愛旌旗,1
181,浚愛旌旗梁,1
182,愛旌旗梁竦,1
183,旌旗梁竦勞,1
184,旗梁竦勞州,1
185,梁竦勞州縣,1
186,竦勞州縣煙,1
187,勞州縣煙鴻,1
188,州縣煙鴻秋,1
189,縣煙鴻秋更,1
190,煙鴻秋更遠,1
191,鴻秋更遠天,1
192,秋更遠天馬,1
193,更遠天馬寒,1
194,遠天馬寒愈,1
195,天馬寒愈健,1
196,馬寒愈健願,1
197,寒愈健願事,1
198,愈健願事郭,1
199,健願事郭先,1
200,願事郭先生,1
201,事郭先生青,1
202,郭先生青囊,1
203,先生青囊書,1
204,生青囊書幾,1
205,青囊書幾卷,1
206,囊書幾卷薦,1
207,書幾卷薦書,1
208,幾卷薦書及,1
209,卷薦書及龍,1
210,薦書及龍鍾,1
211,書及龍鍾此,1
212,及龍鍾此事,1
213,龍鍾此事鏤,1
214,鍾此事鏤心,1
215,此事鏤心骨,1
216,事鏤心骨親,1
217,鏤心骨親知,1
218,心骨親知殊,1
219,骨親知殊悢,1
220,親知殊悢悢,1
221,知殊悢悢徒,1
222,殊悢悢徒禦,1
223,悢悢徒禦方,1
224,悢徒禦方咄,1
225,徒禦方咄咄,1
226,禦方咄咄叢,1
227,方咄咄叢台,1
228,咄咄叢台邯,1
229,咄叢台邯鄲,1
230,叢台邯鄲郭,1
231,台邯鄲郭臺,1
232,邯鄲郭臺上,1
233,鄲郭臺上見,1
234,郭臺上見新,1
235,臺上見新月,1
236,上見新月離,1
237,見新月離恨,1
238,新月離恨始,1
239,月離恨始分,1
240,離恨始分明,1
241,恨始分明歸,1
242,始分明歸思,1
243,分明歸思更,1
244,明歸思更超,1
245,歸思更超忽,1
246,思更超忽懷,1
247,更超忽懷仁,1
248,超忽懷仁淚,1
249,忽懷仁淚空,1
250,懷仁淚空盡,1
251,仁淚空盡感,1
252,淚空盡感事,1
253,空盡感事情,1
254,盡感事情又,1
255,感事情又發,1
256,事情又發他,1
257,情又發他時,1
258,又發他時躧,1
259,發他時躧履,1
260,他時躧履聲,1
261,時躧履聲曉,1
262,躧履聲曉日,1
263,履聲曉日照,1
264,聲曉日照丹,1
265,曉日照丹闕,1
266,日照丹闕火,1
267,照丹闕火入,1
268,丹闕火入天,1
269,闕火入天地,1
270,火入天地爐,1
271,入天地爐南,1
272,天地爐南方,1
273,地爐南方正,1
274,爐南方正何,1
275,南方正何劇,1
276,方正何劇四,1
277,正何劇四郊,1
278,何劇四郊長,1
279,劇四郊長雲,1
280,四郊長雲紅,1
281,郊長雲紅六,1
282,長雲紅六合,1
283,雲紅六合太,1
284,紅六合太陽,1
285,六合太陽赤,1
286,合太陽赤赫,1
287,太陽赤赫赫,1
288,陽赤赫赫沸,1
289,赤赫赫沸泉,1
290,赫赫沸泉壑,1
291,赫沸泉壑焰,1
292,沸泉壑焰焰,1
293,泉壑焰焰焦,1
294,壑焰焰焦砂,1
295,焰焰焦砂石,1
296,焰焦砂石思,1
297,焦砂石思減,1
298,砂石思減祝,1
299,石思減祝融,1
300,思減祝融權,1
301,減祝融權期,1
302,祝融權期匡,1
303,融權期匡諸,1
304,權期匡諸子,1
305,期匡諸子宅,1
306,匡諸子宅因,1
307,諸子宅因投,1
308,子宅因投竹,1
309,宅因投竹林,1
310,因投竹林寺,1
311,投竹林寺一,1
312,竹林寺一問,1
313,林寺一問青,1
314,寺一問青蓮,1
315,一問青蓮客,1
316,問青蓮客心,1
317,青蓮客心空,1
318,蓮客心空得,1
319,客心空得清,1
320,心空得清涼,1
321,空得清涼理,1
322,得清涼理證,1
323,清涼理證等,1
324,涼理證等喧,1
325,理證等喧寂,1
326,證等喧寂開,1
327,等喧寂開襟,1
328,喧寂開襟天,1
329,寂開襟天籟,1
330,開襟天籟回,1
331,襟天籟回步,1
332,天籟回步履,1
333,籟回步履雨,1
334,回步履雨花,1
335,步履雨花積,1
336,履雨花積微,1
337,雨花積微風,1
338,花積微風動,1
339,積微風動珠,1
340,微風動珠簾,1
341,風動珠簾惠,1
342,動珠簾惠氣,1
343,珠簾惠氣入,1
344,簾惠氣入瑤,1
345,惠氣入瑤席,1
346,氣入瑤席境,1
347,入瑤席境閑,1
348,瑤席境閑性,1
349,席境閑性方,1
350,境閑性方謐,1
351,閑性方謐塵,1
352,性方謐塵遠,1
353,方謐塵遠趣,1
354,謐塵遠趣皆,1
355,塵遠趣皆適,1
356,遠趣皆適淹,1
357,趣皆適淹駕,1
358,皆適淹駕殊,1
359,適淹駕殊未,1
360,淹駕殊未還,1
361,駕殊未還朱,1
362,殊未還朱欄,1
363,未還朱欄敞,1
364,還朱欄敞虛,1
365,朱欄敞虛碧,1
366,欄敞虛碧高,1
367,敞虛碧高翼,1
368,虛碧高翼閑,1
369,碧高翼閑未,1
370,高翼閑未倦,1
371,翼閑未倦孤,1
372,閑未倦孤雲,1
373,未倦孤雲曠,1
374,倦孤雲曠無,1
375,孤雲曠無期,1
376,雲曠無期晴,1
377,曠無期晴霞,1
378,無期晴霞海,1
379,期晴霞海西,1
380,晴霞海西畔,1
381,霞海西畔秋,1
382,海西畔秋草,1
383,西畔秋草燕,1
384,畔秋草燕南,1
385,秋草燕南時,1
386,草燕南時鄴,1
387,燕南時鄴中,1
388,南時鄴中多,1
389,時鄴中多上,1
390,鄴中多上才,1
391,中多上才耿,1
392,多上才耿耿,1
393,上才耿耿丹,1
394,才耿耿丹霄,1
395,耿耿丹霄姿,1
396,耿丹霄姿顧,1
397,丹霄姿顧我,1
398,霄姿顧我於,1
399,姿顧我於逆,1
400,顧我於逆旅,1
401,我於逆旅與,1
402,於逆旅與君,1
403,逆旅與君發,1
404,旅與君發光,1
405,與君發光儀,1
406,君發光儀同,1
407,發光儀同將,1
408,光儀同將儒,1
409,儀同將儒者,1
410,同將儒者方,1
411,將儒者方獲,1
412,儒者方獲忝,1
413,者方獲忝攜,1
414,方獲忝攜人,1
415,獲忝攜人知,1
416,忝攜人知幽,1
417,攜人知幽蘭,1
418,人知幽蘭與,1
419,知幽蘭與芳,1
420,幽蘭與芳佩,1
421,蘭與芳佩寒,1
422,與芳佩寒玉,1
423,芳佩寒玉鏘,1
424,佩寒玉鏘美,1
425,寒玉鏘美詞,1
426,玉鏘美詞舊,1
427,鏘美詞舊友,1
428,美詞舊友在,1
429,詞舊友在伊,1
430,舊友在伊洛,1
431,友在伊洛鳴,1
432,在伊洛鳴蟬,1
433,伊洛鳴蟬思,1
434,洛鳴蟬思山,1
435,鳴蟬思山陂,1
436,蟬思山陂到,1
437,思山陂到來,1
438,山陂到來再,1
439,陂到來再春,1
440,到來再春風,1
441,來再春風夢,1
442,再春風夢盡,1
443,春風夢盡雙,1
444,風夢盡雙瓊,1
445,夢盡雙瓊枝,1
446,盡雙瓊枝素,1
447,雙瓊枝素業,1
448,瓊枝素業且,1
449,枝素業且無,1
450,素業且無負,1
451,業且無負青,1
452,且無負青冥,1
453,無負青冥殊,1
454,負青冥殊未,1
455,青冥殊未遲,1
456,冥殊未遲南,1
457,殊未遲南橋,1
458,未遲南橋天,1
459,遲南橋天氣,1
460,南橋天氣好,1
461,橋天氣好脈,1
462,天氣好脈脈,1
463,氣好脈脈一,1
464,好脈脈一相,1
465,脈脈一相思,1
466,脈一相思寵,1
467,一相思寵位,1
468,相思寵位資,1
469,思寵位資寂,1
470,寵位資寂用,1
471,位資寂用回,1
472,資寂用回頭,1
473,寂用回頭憐,1
474,用回頭憐二,1
475,回頭憐二疏,1
476,頭憐二疏超,1
477,憐二疏超遙,1
478,二疏超遙比,1
479,疏超遙比鶴,1
480,超遙比鶴性,1
481,遙比鶴性皎,1
482,比鶴性皎潔,1
483,鶴性皎潔同,1
484,性皎潔同僧,1
485,皎潔同僧居,1
486,潔同僧居華,1
487,同僧居華組,1
488,僧居華組澹,1
489,居華組澹無,1
490,華組澹無累,1
491,組澹無累單,1
492,澹無累單床,1
493,無累單床歡,1
494,累單床歡有,1
495,單床歡有餘,1
496,床歡有餘題,1
497,歡有餘題詩,1
498,有餘題詩天,1
499,餘題詩天風,1
500,題詩天風灑,1
501,詩天風灑屬,1
502,天風灑屬思,1
503,風灑屬思紅,1
504,灑屬思紅霞,1
505,屬思紅霞舒,1
506,思紅霞舒藹,1
507,紅霞舒藹藹,1
508,霞舒藹藹延,1
509,舒藹藹延合,1
510,藹藹延合東,1
511,藹延合東晨,1
512,延合東晨光,1
513,合東晨光映,1
514,東晨光映林,1
515,晨光映林初,1
516,光映林初爐,1
517,映林初爐香,1
518,林初爐香深,1
519,初爐香深內,1
520,爐香深內殿,1
521,香深內殿山,1
522,深內殿山色,1
523,內殿山色明,1
524,殿山色明前,1
525,山色明前除,1
526,色明前除對,1
527,明前除對客,1
528,前除對客默,1
529,除對客默焚,1
530,對客默焚稿,1
531,客默焚稿何,1
532,默焚稿何人,1
533,焚稿何人知,1
534,稿何人知諫,1
535,何人知諫書,1
536,人知諫書全,1
537,知諫書全仁,1
538,諫書全仁氣,1
539,書全仁氣逾,1
540,全仁氣逾勁,1
541,仁氣逾勁大,1
542,氣逾勁大辨,1
543,逾勁大辨言,1
544,勁大辨言甚,1
545,大辨言甚徐,1
546,辨言甚徐逸,1
547,言甚徐逸步,1
548,甚徐逸步寄,1
549,徐逸步寄青,1
550,逸步寄青瑣,1
551,步寄青瑣閑,1
552,寄青瑣閑吟,1
553,青瑣閑吟親,1
554,瑣閑吟親綺,1
555,閑吟親綺疏,1
556,吟親綺疏清,1
557,親綺疏清輝,1
558,綺疏清輝被,1
559,疏清輝被鸞,1
560,清輝被鸞渚,1
561,輝被鸞渚瑞,1
562,被鸞渚瑞藹,1
563,鸞渚瑞藹含,1
564,渚瑞藹含龍,1
565,瑞藹含龍渠,1
566,藹含龍渠謝,1
567,含龍渠謝監,1
568,龍渠謝監營,1
569,渠謝監營野,1
570,謝監營野墅,1
571,監營野墅陶,1
572,營野墅陶公,1
573,野墅陶公愛,1
574,墅陶公愛吾,1
575,陶公愛吾廬,1
576,公愛吾廬悠,1
577,愛吾廬悠然,1
578,吾廬悠然遠,1
579,廬悠然遠者,1
580,悠然遠者懷,1
581,然遠者懷聖,1
582,遠者懷聖代,1
583,者懷聖代飄,1
584,懷聖代飄長,1
585,聖代飄長裾,1
586,代飄長裾端,1
587,飄長裾端弼,1
588,長裾端弼緝,1
589,裾端弼緝元,1
590,端弼緝元化,1
591,弼緝元化至,1
592,緝元化至音,1
593,元化至音生,1
594,化至音生太,1
595,至音生太虛,1
596,音生太虛一,1
597,生太虛一戎,1
598,太虛一戎殄,1
599,虛一戎殄欃,1
600,一戎殄欃槍,1
601,戎殄欃槍重,1
602,殄欃槍重譯,1
603,欃槍重譯充,1
604,槍重譯充儲,1
605,重譯充儲胥,1
606,譯充儲胥借,1
607,充儲胥借地,1
608,儲胥借地種,1
609,胥借地種寒,1
610,借地種寒竹,1
611,地種寒竹看,1
612,種寒竹看雲,1
613,寒竹看雲憶,1
614,竹看雲憶春,1
615,看雲憶春蔬,1
616,雲憶春蔬靈,1
617,憶春蔬靈機,1
618,春蔬靈機棲,1
619,蔬靈機棲杳,1
620,靈機棲杳冥,1
621,機棲杳冥談,1
622,棲杳冥談笑,1
623,杳冥談笑登,1
624,冥談笑登軒,1
625,談笑登軒車,1
626,笑登軒車晚,1
627,登軒車晚跡,1
628,軒車晚跡識,1
629,車晚跡識麒,1
630,晚跡識麒麟,1
631,跡識麒麟秋,1
632,識麒麟秋英,1
633,麒麟秋英見,1
634,麟秋英見芙,1
635,秋英見芙蕖,1
636,英見芙蕖危,1
637,見芙蕖危言,1
638,芙蕖危言直,1
639,蕖危言直且,1
640,危言直且莊,1
641,言直且莊曠,1
642,直且莊曠抱,1
643,且莊曠抱鬱,1
644,莊曠抱鬱以,1
645,曠抱鬱以攄,1
646,抱鬱以攄志,1
647,鬱以攄志業,1
648,以攄志業耿,1
649,攄志業耿冰,1
650,志業耿冰雪,1
651,業耿冰雪光,1
652,耿冰雪光容,1
653,冰雪光容粲,1
654,雪光容粲璠,1
655,光容粲璠璵,1
656,容粲璠璵時,1
657,粲璠璵時賢,1
658,璠璵時賢儼,1
659,璵時賢儼仙,1
660,時賢儼仙掖,1
661,賢儼仙掖氣,1
662,儼仙掖氣謝,1
663,仙掖氣謝心,1
664,掖氣謝心何,1
665,氣謝心何如,1
666,謝心何如玄,1
667,心何如玄冥,1
668,何如玄冥怒,1
669,如玄冥怒含,1
670,玄冥怒含風,1
671,冥怒含風群,1
672,怒含風群物,1
673,含風群物戒,1
674,風群物戒嚴,1
675,群物戒嚴節,1
676,物戒嚴節空,1
677,戒嚴節空山,1
678,嚴節空山頑,1
679,節空山頑石,1
680,空山頑石破,1
681,山頑石破幽,1
682,頑石破幽澗,1
683,石破幽澗層,1
684,破幽澗層冰,1
685,幽澗層冰裂,1
686,澗層冰裂題,1
687,層冰裂題詩,1
688,冰裂題詩金,1
689,裂題詩金華,1
690,題詩金華彥,1
691,詩金華彥接,1
692,金華彥接武,1
693,華彥接武丹,1
694,彥接武丹霄,1
695,接武丹霄烈,1
696,武丹霄烈曠,1
697,丹霄烈曠懷,1
698,霄烈曠懷玉,1
699,烈曠懷玉京,1
700,曠懷玉京雲,1
701,懷玉京雲孤,1
702,玉京雲孤唱,1
703,京雲孤唱粉,1
704,雲孤唱粉垣,1
705,孤唱粉垣雪,1
706,唱粉垣雪窮,1
707,粉垣雪窮陰,1
708,垣雪窮陰總,1
709,雪窮陰總凝,1
710,窮陰總凝冱,1
711,陰總凝冱正,1
712,總凝冱正氣,1
713,凝冱正氣直,1
714,冱正氣直肅,1
715,正氣直肅殺,1
716,氣直肅殺天,1
717,直肅殺天狼,1
718,肅殺天狼看,1
719,殺天狼看墜,1
720,天狼看墜地,1
721,狼看墜地霜,1
722,看墜地霜兔,1
723,墜地霜兔敢,1
724,地霜兔敢拒,1
725,霜兔敢拒穴,1
726,兔敢拒穴悠,1
727,敢拒穴悠然,1
728,拒穴悠然蓬,1
729,穴悠然蓬蒿,1
730,悠然蓬蒿士,1
731,然蓬蒿士亦,1
732,蓬蒿士亦得,1
733,蒿士亦得奉,1
734,士亦得奉朝,1
735,亦得奉朝謁,1
736,得奉朝謁羸,1
737,奉朝謁羸驂,1
738,朝謁羸驂苦,1
739,謁羸驂苦遲,1
740,羸驂苦遲遲,1
741,驂苦遲遲單,1
742,苦遲遲單僕,1
743,遲遲單僕怨,1
744,遲單僕怨切,1
745,單僕怨切切,1
746,僕怨切切端,1
747,怨切切端闈,1
748,切切端闈仙,1
749,切端闈仙階,1
750,端闈仙階邃,1
751,闈仙階邃廣,1
752,仙階邃廣陌,1
753,階邃廣陌凍,1
754,邃廣陌凍橋,1
755,廣陌凍橋滑,1
756,陌凍橋滑旭,1
757,凍橋滑旭日,1
758,橋滑旭日鴛,1
759,滑旭日鴛鷺,1
760,旭日鴛鷺行,1
761,日鴛鷺行瑞,1
762,鴛鷺行瑞煙,1
763,鷺行瑞煙芙,1
764,行瑞煙芙蓉,1
765,瑞煙芙蓉闕,1
766,煙芙蓉闕司,1
767,芙蓉闕司寒,1
768,蓉闕司寒申,1
769,闕司寒申鄭,1
770,司寒申鄭重,1
771,寒申鄭重成,1
772,申鄭重成歲,1
773,鄭重成歲在,1
774,重成歲在凜,1
775,成歲在凜冽,1
776,歲在凜冽謝,1
777,在凜冽謝監,1
778,凜冽謝監逢,1
779,冽謝監逢酒,1
780,謝監逢酒時,1
781,監逢酒時袁,1
782,逢酒時袁生,1
783,酒時袁生閉,1
784,時袁生閉門,1
785,袁生閉門月,1
786,生閉門月漸,1
787,閉門月漸思,1
788,門月漸思霜,1
789,月漸思霜霰,1
790,漸思霜霰減,1
791,思霜霰減欲,1
792,霜霰減欲報,1
793,霰減欲報陽,1
794,減欲報陽和,1
795,欲報陽和發,1
796,報陽和發誰,1
797,陽和發誰家,1
798,和發誰家挾,1
799,發誰家挾纊,1
800,誰家挾纊心,1
801,家挾纊心何,1
802,挾纊心何地,1
803,纊心何地當,1
804,心何地當壚,1
805,何地當壚熱,1
806,地當壚熱慘,1
807,當壚熱慘舒,1
808,壚熱慘舒能,1
809,熱慘舒能一,1
810,慘舒能一改,1
811,舒能一改恭,1
812,能一改恭聽,1
813,一改恭聽遠,1
814,改恭聽遠者,1
815,恭聽遠者說,1
816,聽遠者說西,1
817,遠者說西園,1
818,者說西園果,1
819,說西園果初,1
820,西園果初熟,1
821,園果初熟上,1
822,果初熟上客,1
823,初熟上客心,1
824,熟上客心逾,1
825,上客心逾愜,1
826,客心逾愜凝,1
827,心逾愜凝粉,1
828,逾愜凝粉乍,1
829,愜凝粉乍辭,1
830,凝粉乍辭枝,1
831,粉乍辭枝飄,1
832,乍辭枝飄紅,1
833,辭枝飄紅仍,1
834,枝飄紅仍帶,1
835,飄紅仍帶葉,1
836,紅仍帶葉幽,1
837,仍帶葉幽姿,1
838,帶葉幽姿寫,1
839,葉幽姿寫瓊,1
840,幽姿寫瓊實,1
841,姿寫瓊實殷,1
842,寫瓊實殷彩,1
843,瓊實殷彩呈,1
844,實殷彩呈妝,1
845,殷彩呈妝頰,1
846,彩呈妝頰持,1
847,呈妝頰持此,1
848,妝頰持此贈,1
849,頰持此贈佳,1
850,持此贈佳期,1
851,此贈佳期清,1
852,贈佳期清芬,1
853,佳期清芬羅,1
854,期清芬羅袖,1
855,清芬羅袖裛,1
856,芬羅袖裛二,1
857,羅袖裛二八,1
858,袖裛二八嬋,1
859,裛二八嬋娟,1
860,二八嬋娟大,1
861,八嬋娟大堤,1
862,嬋娟大堤女,1
863,娟大堤女開,1
864,大堤女開壚,1
865,堤女開壚相,1
866,女開壚相對,1
867,開壚相對依,1
868,壚相對依江,1
869,相對依江渚,1
870,對依江渚待,1
871,依江渚待客,1
872,江渚待客登,1
873,渚待客登樓,1
874,待客登樓向,1
875,客登樓向水,1
876,登樓向水看,1
877,樓向水看邀,1
878,向水看邀郎,1
879,水看邀郎卷,1
880,看邀郎卷幔,1
881,邀郎卷幔臨,1
882,郎卷幔臨花,1
883,卷幔臨花語,1
884,幔臨花語細,1
885,臨花語細雨,1
886,花語細雨濛,1
887,語細雨濛濛,1
888,細雨濛濛濕,1
889,雨濛濛濕芰,1
890,濛濛濕芰荷,1
891,濛濕芰荷巴,1
892,濕芰荷巴東,1
893,芰荷巴東商,1
894,荷巴東商侶,1
895,巴東商侶掛,1
896,東商侶掛帆,1
897,商侶掛帆多,1
898,侶掛帆多自,1
899,掛帆多自傳,1
900,帆多自傳芳,1
901,多自傳芳酒,1
902,自傳芳酒涴,1
903,傳芳酒涴紅,1
904,芳酒涴紅袖,1
905,酒涴紅袖誰,1
906,涴紅袖誰調,1
907,紅袖誰調妍,1
908,袖誰調妍妝,1
909,誰調妍妝回,1
910,調妍妝回翠,1
911,妍妝回翠娥,1
912,妝回翠娥珍,1
913,回翠娥珍簟,1
914,翠娥珍簟華,1
915,娥珍簟華燈,1
916,珍簟華燈夕,1
917,簟華燈夕陽,1
918,華燈夕陽後,1
919,燈夕陽後當,1
920,夕陽後當壚,1
921,陽後當壚理,1
922,後當壚理瑟,1
923,當壚理瑟矜,1
924,壚理瑟矜纖,1
925,理瑟矜纖手,1
926,瑟矜纖手月,1
927,矜纖手月落,1
928,纖手月落星,1
929,手月落星微,1
930,月落星微五,1
931,落星微五鼓,1
932,星微五鼓聲,1
933,微五鼓聲春,1
934,五鼓聲春風,1
935,鼓聲春風搖,1
936,聲春風搖盪,1
937,春風搖盪窗,1
938,風搖盪窗前,1
939,搖盪窗前柳,1
940,盪窗前柳歲,1
941,窗前柳歲歲,1
942,前柳歲歲逢,1
943,柳歲歲逢迎,1
944,歲歲逢迎沙,1
945,歲逢迎沙岸,1
946,逢迎沙岸間,1
947,迎沙岸間北,1
948,沙岸間北人,1
949,岸間北人多,1
950,間北人多識,1
951,北人多識綠,1
952,人多識綠雲,1
953,多識綠雲鬟,1
954,識綠雲鬟無,1
955,綠雲鬟無端,1
956,雲鬟無端嫁,1
957,鬟無端嫁與,1
958,無端嫁與五,1
959,端嫁與五陵,1
960,嫁與五陵少,1
961,與五陵少離,1
962,五陵少離別,1
963,陵少離別煙,1
964,少離別煙波,1
965,離別煙波傷,1
966,別煙波傷玉,1
967,煙波傷玉顏,1
968,波傷玉顏北,1
969,傷玉顏北斗,1
970,玉顏北斗南,1
971,顏北斗南回,1
972,北斗南回春,1
973,斗南回春物,1
974,南回春物老,1
975,回春物老紅,1
976,春物老紅英,1
977,物老紅英落,1
978,老紅英落盡,1
979,紅英落盡綠,1
980,英落盡綠尚,1
981,落盡綠尚早,1
982,盡綠尚早韶,1
983,綠尚早韶風,1
984,尚早韶風澹,1
985,早韶風澹蕩,1
986,韶風澹蕩無,1
987,風澹蕩無所,1
988,澹蕩無所依,1
989,蕩無所依偏,1
990,無所依偏惜,1
991,所依偏惜垂,1
992,依偏惜垂楊,1
993,偏惜垂楊作,1
994,惜垂楊作春,1
995,垂楊作春好,1
996,楊作春好此,1
997,作春好此時,1
998,春好此時可,1
999,好此時可憐,1
1000,此時可憐楊,1
1001,時可憐楊柳,1
1002,可憐楊柳花,1
1003,憐楊柳花滎,1
1004,楊柳花滎盈,1
1005,柳花滎盈豔,1
1006,花滎盈豔曳,1
1007,滎盈豔曳滿,1
1008,盈豔曳滿人,1
1009,豔曳滿人家,1
1010,曳滿人家人,1
1011,滿人家人家,1
1012,人家人家女,1
1013,家人家女兒,1
1014,人家女兒出,1
1015,家女兒出羅,1
1016,女兒出羅幕,1
1017,兒出羅幕靜,1
1018,出羅幕靜掃,1
1019,羅幕靜掃玉,1
1020,幕靜掃玉庭,1
1021,靜掃玉庭待,1
1022,掃玉庭待花,1
1023,玉庭待花落,1
1024,庭待花落寶,1
1025,待花落寶環,1
1026,花落寶環纖,1
1027,落寶環纖手,1
1028,寶環纖手捧,1
1029,環纖手捧更,1
1030,纖手捧更飛,1
1031,手捧更飛翠,1
1032,捧更飛翠羽,1
1033,更飛翠羽輕,1
1034,飛翠羽輕裾,1
1035,翠羽輕裾承,1
1036,羽輕裾承不,1
1037,輕裾承不著,1
1038,裾承不著歷,1
1039,承不著歷歷,1
1040,不著歷歷瑤,1
1041,著歷歷瑤琴,1
1042,歷歷瑤琴舞,1
1043,歷瑤琴舞金,1
1044,瑤琴舞金陳,1
1045,琴舞金陳菲,1
1046,舞金陳菲紅,1
1047,金陳菲紅拂,1
1048,陳菲紅拂黛,1
1049,菲紅拂黛憐,1
1050,紅拂黛憐玉,1
1051,拂黛憐玉人,1
1052,黛憐玉人東,1
1053,憐玉人東園,1
1054,玉人東園桃,1
1055,人東園桃李,1
1056,東園桃李芳,1
1057,園桃李芳已,1
1058,桃李芳已歇,1
1059,李芳已歇獨,1
1060,芳已歇獨有,1
1061,已歇獨有楊,1
1062,歇獨有楊花,1
1063,獨有楊花嬌,1
1064,有楊花嬌暮,1
1065,楊花嬌暮春,1
1066,花嬌暮春宮,1
1067,嬌暮春宮中,1
1068,暮春宮中月,1
1069,春宮中月明,1
1070,宮中月明何,1
1071,中月明何所,1
1072,月明何所似,1
1073,明何所似如,1
1074,何所似如積,1
1075,所似如積如,1
1076,似如積如流,1
1077,如積如流滿,1
1078,積如流滿田,1
1079,如流滿田地,1
1080,流滿田地迥,1
1081,滿田地迥過,1
1082,田地迥過前,1
1083,地迥過前殿,1
1084,迥過前殿曾,1
1085,過前殿曾學,1
1086,前殿曾學眉,1
1087,殿曾學眉回,1
1088,曾學眉回照,1
1089,學眉回照長,1
1090,眉回照長門,1
1091,回照長門慣,1
1092,照長門慣催,1
1093,長門慣催淚,1
1094,門慣催淚昭,1
1095,慣催淚昭陽,1
1096,催淚昭陽昨,1
1097,淚昭陽昨夜,1
1098,昭陽昨夜秋,1
1099,陽昨夜秋風,1
1100,昨夜秋風來,1
1101,夜秋風來綺,1
1102,秋風來綺閣,1
1103,風來綺閣金,1
1104,來綺閣金鋪,1
1105,綺閣金鋪情,1
1106,閣金鋪情影,1
1107,金鋪情影開,1
1108,鋪情影開藻,1
1109,情影開藻井,1
1110,影開藻井浮,1
1111,開藻井浮花,1
1112,藻井浮花共,1
1113,井浮花共陵,1
1114,浮花共陵亂,1
1115,花共陵亂玉,1
1116,共陵亂玉階,1
1117,陵亂玉階零,1
1118,亂玉階零露,1
1119,玉階零露相,1
1120,階零露相裴,1
1121,零露相裴回,1
1122,露相裴回稍,1
1123,相裴回稍映,1
1124,裴回稍映明,1
1125,回稍映明河,1
1126,稍映明河泛,1
1127,映明河泛仙,1
1128,明河泛仙馭,1
1129,河泛仙馭滿,1
1130,泛仙馭滿窗,1
1131,仙馭滿窗猶,1
1132,馭滿窗猶在,1
1133,滿窗猶在更,1
1134,窗猶在更衣,1
1135,猶在更衣處,1
1136,在更衣處管,1
1137,更衣處管弦,1
1138,衣處管弦回,1
1139,處管弦回燭,1
1140,管弦回燭無,1
1141,弦回燭無限,1
1142,回燭無限情,1
1143,燭無限情環,1
1144,無限情環佩,1
1145,限情環佩憑,1
1146,情環佩憑欄,1
1147,環佩憑欄不,1
1148,佩憑欄不能,1
1149,憑欄不能去,1
1150,欄不能去皎,1
1151,不能去皎皎,1
1152,能去皎皎蒼,1
1153,去皎皎蒼蒼,1
1154,皎皎蒼蒼千,1
1155,皎蒼蒼千里,1
1156,蒼蒼千里同,1
1157,蒼千里同穿,1
1158,千里同穿煙,1
1159,里同穿煙飄,1
1160,同穿煙飄葉,1
1161,穿煙飄葉九,1
1162,煙飄葉九門,1
1163,飄葉九門通,1
1164,葉九門通珠,1
1165,九門通珠簾,1
1166,門通珠簾欲,1
1167,通珠簾欲卷,1
1168,珠簾欲卷畏,1
1169,簾欲卷畏成,1
1170,欲卷畏成水,1
1171,卷畏成水瑤,1
1172,畏成水瑤席,1
1173,成水瑤席初,1
1174,水瑤席初陳,1
1175,瑤席初陳驚,1
1176,席初陳驚似,1
1177,初陳驚似空,1
1178,陳驚似空複,1
1179,驚似空複值,1
1180,似空複值君,1
1181,空複值君王,1
1182,複值君王事,1
1183,值君王事歡,1
1184,君王事歡宴,1
1185,王事歡宴宮,1
1186,事歡宴宮女,1
1187,歡宴宮女三,1
1188,宴宮女三千,1
1189,宮女三千一,1
1190,女三千一時,1
1191,三千一時見,1
1192,千一時見飛,1
1193,一時見飛蓋,1
1194,時見飛蓋愁,1
1195,見飛蓋愁看,1
1196,飛蓋愁看素,1
1197,蓋愁看素暈,1
1198,愁看素暈低,1
1199,看素暈低稱,1
1200,素暈低稱觴,1
1201,暈低稱觴願,1
1202,低稱觴願踏,1
1203,稱觴願踏清,1
1204,觴願踏清輝,1
1205,願踏清輝遍,1
1206,踏清輝遍江,1
1207,清輝遍江上,1
1208,輝遍江上無,1
1209,遍江上無雲,1
1210,江上無雲夜,1
1211,上無雲夜可,1
1212,無雲夜可憐,1
1213,雲夜可憐冒,1
1214,夜可憐冒沙,1
1215,可憐冒沙披,1
1216,憐冒沙披浪,1
1217,冒沙披浪自,1
1218,沙披浪自嬋,1
1219,披浪自嬋娟,1
1220,浪自嬋娟若,1
1221,自嬋娟若共,1
1222,嬋娟若共心,1
1223,娟若共心賞,1
1224,若共心賞風,1
1225,共心賞風流,1
1226,心賞風流夜,1
1227,賞風流夜那,1
1228,風流夜那比,1
1229,流夜那比高,1
1230,夜那比高高,1
1231,那比高高太,1
1232,比高高太液,1
1233,高高太液前,1
1234,高太液前吾,1
1235,太液前吾從,1
1236,液前吾從驥,1
1237,前吾從驥足,1
1238,吾從驥足楊,1
1239,從驥足楊茂,1
1240,驥足楊茂卿,1
1241,足楊茂卿性,1
1242,楊茂卿性靈,1
1243,茂卿性靈且,1
1244,卿性靈且奇,1
1245,性靈且奇才,1
1246,靈且奇才甚,1
1247,且奇才甚清,1
1248,奇才甚清海,1
1249,才甚清海內,1
1250,甚清海內方,1
1251,清海內方微,1
1252,海內方微風,1
1253,內方微風雅,1
1254,方微風雅道,1
1255,微風雅道鄴,1
1256,風雅道鄴中,1
1257,雅道鄴中更,1
1258,道鄴中更有,1
1259,鄴中更有文,1
1260,中更有文章,1
1261,更有文章盟,1
1262,有文章盟扣,1
1263,文章盟扣寂,1
1264,章盟扣寂由,1
1265,盟扣寂由來,1
1266,扣寂由來在,1
1267,寂由來在淵,1
1268,由來在淵思,1
1269,來在淵思搜,1
1270,在淵思搜奇,1
1271,淵思搜奇本,1
1272,思搜奇本自,1
1273,搜奇本自通,1
1274,奇本自通禪,1
1275,本自通禪智,1
1276,自通禪智王,1
1277,通禪智王維,1
1278,禪智王維證,1
1279,智王維證時,1
1280,王維證時符,1
1281,維證時符水,1
1282,證時符水月,1
1283,時符水月杜,1
1284,符水月杜甫,1
1285,水月杜甫狂,1
1286,月杜甫狂處,1
1287,杜甫狂處遺,1
1288,甫狂處遺天,1
1289,狂處遺天地,1
1290,處遺天地流,1
1291,遺天地流水,1
1292,天地流水東,1
1293,地流水東西,1
1294,流水東西岐,1
1295,水東西岐路,1
1296,東西岐路分,1
1297,西岐路分幽,1
1298,岐路分幽州,1
1299,路分幽州迢,1
1300,分幽州迢遞,1
1301,幽州迢遞舊,1
1302,州迢遞舊來,1
1303,迢遞舊來聞,1
1304,遞舊來聞若,1
1305,舊來聞若為,1
1306,來聞若為向,1
1307,聞若為向北,1
1308,若為向北驅,1
1309,為向北驅疲,1
1310,向北驅疲馬,1
1311,北驅疲馬山,1
1312,驅疲馬山似,1
1313,疲馬山似寒,1
1314,馬山似寒空,1
1315,山似寒空塞,1
1316,似寒空塞似,1
1317,寒空塞似雲,1
1318,空塞似雲可,1
1319,塞似雲可憐,1
1320,似雲可憐楊,1
1321,雲可憐楊葉,1
1322,可憐楊葉複,1
1323,憐楊葉複楊,1
1324,楊葉複楊花,1
1325,葉複楊花雪,1
1326,複楊花雪淨,1
1327,楊花雪淨煙,1
1328,花雪淨煙深,1
1329,雪淨煙深碧,1
1330,淨煙深碧玉,1
1331,煙深碧玉家,1
1332,深碧玉家烏,1
1333,碧玉家烏棲,1
1334,玉家烏棲不,1
1335,家烏棲不定,1
1336,烏棲不定枝,1
1337,棲不定枝條,1
1338,不定枝條弱,1
1339,定枝條弱城,1
1340,枝條弱城頭,1
1341,條弱城頭夜,1
1342,弱城頭夜半,1
1343,城頭夜半聲,1
1344,頭夜半聲啞,1
1345,夜半聲啞啞,1
1346,半聲啞啞浮,1
1347,聲啞啞浮萍,1
1348,啞啞浮萍流,1
1349,啞浮萍流蕩,1
1350,浮萍流蕩門,1
1351,萍流蕩門前,1
1352,流蕩門前水,1
1353,蕩門前水任,1
1354,門前水任罥,1
1355,前水任罥芙,1
1356,水任罥芙蓉,1
1357,任罥芙蓉莫,1
1358,罥芙蓉莫墮,1
1359,芙蓉莫墮沙,1
1360,蓉莫墮沙彩,1
1361,莫墮沙彩縷,1
1362,墮沙彩縷纖,1
1363,沙彩縷纖仍,1
1364,彩縷纖仍麗,1
1365,縷纖仍麗淩,1
1366,纖仍麗淩風,1
1367,仍麗淩風卷,1
1368,麗淩風卷複,1
1369,淩風卷複開,1
1370,風卷複開方,1
1371,卷複開方應,1
1372,複開方應五,1
1373,開方應五日,1
1374,方應五日至,1
1375,應五日至應,1
1376,五日至應自,1
1377,日至應自九,1
1378,至應自九天,1
1379,應自九天來,1
1380,自九天來在,1
1381,九天來在笥,1
1382,天來在笥清,1
1383,來在笥清光,1
1384,在笥清光發,1
1385,笥清光發當,1
1386,清光發當軒,1
1387,光發當軒暑,1
1388,發當軒暑氣,1
1389,當軒暑氣回,1
1390,軒暑氣回遙,1
1391,暑氣回遙知,1
1392,氣回遙知及,1
1393,回遙知及時,1
1394,遙知及時節,1
1395,知及時節刀,1
1396,及時節刀尺,1
1397,時節刀尺火,1
1398,節刀尺火雲,1
1399,刀尺火雲催,1
1400,尺火雲催妍,1
1401,火雲催妍豔,1
1402,雲催妍豔照,1
1403,催妍豔照江,1
1404,妍豔照江頭,1
1405,豔照江頭春,1
1406,照江頭春風,1
1407,江頭春風好,1
1408,頭春風好客,1
1409,春風好客留,1
1410,風好客留當,1
1411,好客留當壚,1
1412,客留當壚知,1
1413,留當壚知妾,1
1414,當壚知妾慣,1
1415,壚知妾慣送,1
1416,知妾慣送酒,1
1417,妾慣送酒為,1
1418,慣送酒為郎,1
1419,送酒為郎羞,1
1420,酒為郎羞香,1
1421,為郎羞香渡,1
1422,郎羞香渡傳,1
1423,羞香渡傳蕉,1
1424,香渡傳蕉扇,1
1425,渡傳蕉扇妝,1
1426,傳蕉扇妝成,1
1427,蕉扇妝成上,1
1428,扇妝成上竹,1
1429,妝成上竹樓,1
1430,成上竹樓數,1
1431,上竹樓數錢,1
1432,竹樓數錢憐,1
1433,樓數錢憐皓,1
1434,數錢憐皓腕,1
1435,錢憐皓腕非,1
1436,憐皓腕非是,1
1437,皓腕非是不,1
1438,腕非是不能,1
1439,非是不能留,1
1440,是不能留堤,1
1441,不能留堤暖,1
1442,能留堤暖柳,1
1443,留堤暖柳絲,1
1444,堤暖柳絲斜,1
1445,暖柳絲斜風,1
1446,柳絲斜風光,1
1447,絲斜風光屬,1
1448,斜風光屬謝,1
1449,風光屬謝家,1
1450,光屬謝家晚,1
1451,屬謝家晚心,1
1452,謝家晚心應,1
1453,家晚心應戀,1
1454,晚心應戀水,1
1455,心應戀水春,1
1456,應戀水春恨,1
1457,戀水春恨定,1
1458,水春恨定因,1
1459,春恨定因花,1
1460,恨定因花步,1
1461,定因花步遠,1
1462,因花步遠憐,1
1463,花步遠憐芳,1
1464,步遠憐芳草,1
1465,遠憐芳草歸,1
1466,憐芳草歸遲,1
1467,芳草歸遲見,1
1468,草歸遲見綺,1
1469,歸遲見綺霞,1
1470,遲見綺霞由,1
1471,見綺霞由來,1
1472,綺霞由來感,1
1473,霞由來感情,1
1474,由來感情思,1
1475,來感情思獨,1
1476,感情思獨自,1
1477,情思獨自惜,1
1478,思獨自惜年,1
1479,獨自惜年華,1
1480,自惜年華閑,1
1481,惜年華閑隨,1
1482,年華閑隨少,1
1483,華閑隨少年,1
1484,閑隨少年去,1
1485,隨少年去試,1
1486,少年去試上,1
1487,年去試上大,1
1488,去試上大堤,1
1489,試上大堤遊,1
1490,上大堤遊畫,1
1491,大堤遊畫角,1
1492,堤遊畫角棲,1
1493,遊畫角棲烏,1
1494,畫角棲烏起,1
1495,角棲烏起清,1
1496,棲烏起清弦,1
1497,烏起清弦過,1
1498,起清弦過客,1
1499,清弦過客愁,1
1500,弦過客愁碑,1
1501,過客愁碑沉,1
1502,客愁碑沉楚,1
1503,愁碑沉楚山,1
1504,碑沉楚山石,1
1505,沉楚山石珠,1
1506,楚山石珠徹,1
1507,山石珠徹漢,1
1508,石珠徹漢江,1
1509,珠徹漢江秋,1
1510,徹漢江秋處,1
1511,漢江秋處處,1
1512,江秋處處風,1
1513,秋處處風情,1
1514,處處風情好,1
1515,處風情好盧,1
1516,風情好盧家,1
1517,情好盧家更,1
1518,好盧家更上,1
1519,盧家更上樓,1
1520,家更上樓蒼,1
1521,更上樓蒼茫,1
1522,上樓蒼茫臨,1
1523,樓蒼茫臨故,1
1524,蒼茫臨故關,1
1525,茫臨故關迢,1
1526,臨故關迢遞,1
1527,故關迢遞照,1
1528,關迢遞照秋,1
1529,迢遞照秋山,1
1530,遞照秋山萬,1
1531,照秋山萬里,1
1532,秋山萬里平,1
1533,山萬里平蕪,1
1534,萬里平蕪靜,1
1535,里平蕪靜孤,1
1536,平蕪靜孤城,1
1537,蕪靜孤城落,1
1538,靜孤城落葉,1
1539,孤城落葉閑,1
1540,城落葉閑露,1
1541,落葉閑露濃,1
1542,葉閑露濃棲,1
1543,閑露濃棲雁,1
1544,露濃棲雁起,1
1545,濃棲雁起天,1
1546,棲雁起天遠,1
1547,雁起天遠戍,1
1548,起天遠戍兵,1
1549,天遠戍兵還,1
1550,遠戍兵還複,1
1551,戍兵還複映,1
1552,兵還複映征,1
1553,還複映征西,1
1554,複映征西府,1
1555,映征西府光,1
1556,征西府光深,1
1557,西府光深組,1
1558,府光深組練,1
1559,光深組練間,1
1560,深組練間孤,1
1561,組練間孤城,1
1562,練間孤城笛,1
1563,間孤城笛滿,1
1564,孤城笛滿林,1
1565,城笛滿林斷,1
1566,笛滿林斷續,1
1567,滿林斷續共,1
1568,林斷續共霜,1
1569,斷續共霜砧,1
1570,續共霜砧夜,1
1571,共霜砧夜月,1
1572,霜砧夜月降,1
1573,砧夜月降羌,1
1574,夜月降羌淚,1
1575,月降羌淚秋,1
1576,降羌淚秋風,1
1577,羌淚秋風老,1
1578,淚秋風老將,1
1579,秋風老將心,1
1580,風老將心靜,1
1581,老將心靜過,1
1582,將心靜過寒,1
1583,心靜過寒壘,1
1584,靜過寒壘遍,1
1585,過寒壘遍暗,1
1586,寒壘遍暗入,1
1587,壘遍暗入故,1
1588,遍暗入故關,1
1589,暗入故關深,1
1590,入故關深惆,1
1591,故關深惆悵,1
1592,關深惆悵梅,1
1593,深惆悵梅花,1
1594,惆悵梅花落,1
1595,悵梅花落山,1
1596,梅花落山川,1
1597,花落山川不,1
1598,落山川不可,1
1599,山川不可尋,1
1600,川不可尋芳,1
1601,不可尋芳田,1
1602,可尋芳田岐,1
1603,尋芳田岐路,1
1604,芳田岐路斜,1
1605,田岐路斜脈,1
1606,岐路斜脈脈,1
1607,路斜脈脈惜,1
1608,斜脈脈惜年,1
1609,脈脈惜年華,1
1610,脈惜年華雲,1
1611,惜年華雲路,1
1612,年華雲路青,1
1613,華雲路青絲,1
1614,雲路青絲騎,1
1615,路青絲騎香,1
1616,青絲騎香含,1
1617,絲騎香含翠,1
1618,騎香含翠幰,1
1619,香含翠幰車,1
1620,含翠幰車歌,1
1621,翠幰車歌聲,1
1622,幰車歌聲仍,1
1623,車歌聲仍隔,1
1624,歌聲仍隔水,1
1625,聲仍隔水醉,1
1626,仍隔水醉色,1
1627,隔水醉色未,1
1628,水醉色未侵,1
1629,醉色未侵花,1
1630,色未侵花唯,1
1631,未侵花唯有,1
1632,侵花唯有懷,1
1633,花唯有懷鄉,1
1634,唯有懷鄉客,1
1635,有懷鄉客東,1
1636,懷鄉客東飛,1
1637,鄉客東飛羨,1
1638,客東飛羨曙,1
1639,東飛羨曙鴉,1
1640,飛羨曙鴉二,1
1641,羨曙鴉二軒,1
1642,曙鴉二軒將,1
1643,鴉二軒將雨,1
1644,二軒將雨露,1
1645,軒將雨露萬,1
1646,將雨露萬里,1
1647,雨露萬里入,1
1648,露萬里入煙,1
1649,萬里入煙沙,1
1650,里入煙沙和,1
1651,入煙沙和氣,1
1652,煙沙和氣生,1
1653,沙和氣生中,1
1654,和氣生中國,1
1655,氣生中國熏,1
1656,生中國熏風,1
1657,中國熏風屬,1
1658,國熏風屬外,1
1659,熏風屬外家,1
1660,風屬外家塞,1
1661,屬外家塞蘆,1
1662,外家塞蘆隨,1
1663,家塞蘆隨雁,1
1664,塞蘆隨雁影,1
1665,蘆隨雁影關,1
1666,隨雁影關柳,1
1667,雁影關柳拂,1
1668,影關柳拂駝,1
1669,關柳拂駝花,1
1670,柳拂駝花努,1
1671,拂駝花努力,1
1672,駝花努力黃,1
1673,花努力黃雲,1
1674,努力黃雲北,1
1675,力黃雲北仙,1
1676,黃雲北仙曹,1
1677,雲北仙曹有,1
1678,北仙曹有雉,1
1679,仙曹有雉車,1
1680,曹有雉車萬,1
1681,有雉車萬里,1
1682,雉車萬里永,1
1683,車萬里永昌,1
1684,萬里永昌城,1
1685,里永昌城威,1
1686,永昌城威儀,1
1687,昌城威儀奉,1
1688,城威儀奉聖,1
1689,威儀奉聖明,1
1690,儀奉聖明冰,1
1691,奉聖明冰心,1
1692,聖明冰心瘴,1
1693,明冰心瘴江,1
1694,冰心瘴江冷,1
1695,心瘴江冷霜,1
1696,瘴江冷霜憲,1
1697,江冷霜憲漏,1
1698,冷霜憲漏天,1
1699,霜憲漏天晴,1
1700,憲漏天晴荒,1
1701,漏天晴荒外,1
1702,天晴荒外開,1
1703,晴荒外開亭,1
1704,荒外開亭候,1
1705,外開亭候雲,1
1706,開亭候雲南,1
1707,亭候雲南降,1
1708,候雲南降旆,1
1709,雲南降旆旌,1
1710,南降旆旌他,1
1711,降旆旌他時,1
1712,旆旌他時功,1
1713,旌他時功自,1
1714,他時功自許,1
1715,時功自許絕,1
1716,功自許絕域,1
1717,自許絕域轉,1
1718,許絕域轉哀,1
1719,絕域轉哀榮,1
1720,域轉哀榮曾,1
1721,轉哀榮曾隨,1
1722,哀榮曾隨何,1
1723,榮曾隨何水,1
1724,曾隨何水部,1
1725,隨何水部待,1
1726,何水部待月,1
1727,水部待月東,1
1728,部待月東亭,1
1729,待月東亭宿,1
1730,月東亭宿今,1
1731,東亭宿今日,1
1732,亭宿今日重,1
1733,宿今日重憑,1
1734,今日重憑欄,1
1735,日重憑欄清,1
1736,重憑欄清風,1
1737,憑欄清風空,1
1738,欄清風空在,1
1739,清風空在竹,1
1740,風空在竹前,1
1741,空在竹前山,1
1742,在竹前山依,1
1743,竹前山依舊,1
1744,前山依舊碧,1
1745,山依舊碧閑,1
1746,依舊碧閑草,1
1747,舊碧閑草經,1
1748,碧閑草經秋,1
1749,閑草經秋綠,1
1750,草經秋綠時,1
1751,經秋綠時物,1
1752,秋綠時物方,1
1753,綠時物方宛,1
1754,時物方宛然,1
1755,物方宛然蛛,1
1756,方宛然蛛絲,1
1757,宛然蛛絲一,1
1758,然蛛絲一何,1
1759,蛛絲一何速,1
1760,絲一何速舊,1
1761,一何速舊寺,1
1762,何速舊寺長,1
1763,速舊寺長桐,1
1764,舊寺長桐孫,1
1765,寺長桐孫朝,1
1766,長桐孫朝天,1
1767,桐孫朝天是,1
1768,孫朝天是聖,1
1769,朝天是聖恩,1
1770,天是聖恩謝,1
1771,是聖恩謝公,1
1772,聖恩謝公詩,1
1773,恩謝公詩更,1
1774,謝公詩更老,1
1775,公詩更老蕭,1
1776,詩更老蕭傅,1
1777,更老蕭傅道,1
1778,老蕭傅道方,1
1779,蕭傅道方尊,1
1780,傅道方尊白,1
1781,道方尊白法,1
1782,方尊白法知,1
1783,尊白法知深,1
1784,白法知深得,1
1785,法知深得蒼,1
1786,知深得蒼生,1
1787,深得蒼生要,1
1788,得蒼生要重,1
1789,蒼生要重論,1
1790,生要重論若,1
1791,要重論若為,1
1792,重論若為將,1
1793,論若為將此,1
1794,若為將此望,1
1795,為將此望心,1
1796,將此望心地,1
1797,此望心地向,1
1798,望心地向空,1
1799,心地向空門,1
1800,地向空門東,1
1801,向空門東門,1
1802,空門東門高,1
1803,門東門高處,1
1804,東門高處天,1
1805,門高處天一,1
1806,高處天一望,1
1807,處天一望幾,1
1808,天一望幾悠,1
1809,一望幾悠然,1
1810,望幾悠然白,1
1811,幾悠然白浪,1
1812,悠然白浪過,1
1813,然白浪過城,1
1814,白浪過城下,1
1815,浪過城下青,1
1816,過城下青山,1
1817,城下青山滿,1
1818,下青山滿寺,1
1819,青山滿寺前,1
1820,山滿寺前塵,1
1821,滿寺前塵光,1
1822,寺前塵光分,1
1823,前塵光分驛,1
1824,塵光分驛道,1
1825,光分驛道嵐,1
1826,分驛道嵐色,1
1827,驛道嵐色到,1
1828,道嵐色到人,1
1829,嵐色到人煙,1
1830,色到人煙氣,1
1831,到人煙氣象,1
1832,人煙氣象須,1
1833,煙氣象須文,1
1834,氣象須文字,1
1835,象須文字逢,1
1836,須文字逢君,1
1837,文字逢君大,1
1838,字逢君大雅,1
1839,逢君大雅篇,1
1840,君大雅篇曾,1
1841,大雅篇曾共,1
1842,雅篇曾共劉,1
1843,篇曾共劉諮,1
1844,曾共劉諮議,1
1845,共劉諮議同,1
1846,劉諮議同時,1
1847,諮議同時事,1
1848,議同時事道,1
1849,同時事道林,1
1850,時事道林與,1
1851,事道林與君,1
1852,道林與君方,1
1853,林與君方掩,1
1854,與君方掩淚,1
1855,君方掩淚來,1
1856,方掩淚來客,1
1857,掩淚來客是,1
1858,淚來客是知,1
1859,來客是知心,1
1860,客是知心階,1
1861,是知心階雪,1
1862,知心階雪淩,1
1863,心階雪淩春,1
1864,階雪淩春積,1
1865,雪淩春積鐘,1
1866,淩春積鐘煙,1
1867,春積鐘煙向,1
1868,積鐘煙向夕,1
1869,鐘煙向夕深,1
1870,煙向夕深依,1
1871,向夕深依然,1
1872,夕深依然舊,1
1873,深依然舊童,1
1874,依然舊童子,1
1875,然舊童子相,1
1876,舊童子相送,1
1877,童子相送出,1
1878,子相送出花,1
1879,相送出花陰,1
1880,送出花陰皎,1
1881,出花陰皎潔,1
1882,花陰皎潔青,1
1883,陰皎潔青蓮,1
1884,皎潔青蓮客,1
1885,潔青蓮客焚,1
1886,青蓮客焚香,1
1887,蓮客焚香對,1
1888,客焚香對雪,1
1889,焚香對雪朝,1
1890,香對雪朝竹,1
1891,對雪朝竹內,1
1892,雪朝竹內催,1
1893,朝竹內催淅,1
1894,竹內催淅瀝,1
1895,內催淅瀝花,1
1896,催淅瀝花雨,1
1897,淅瀝花雨讓,1
1898,瀝花雨讓飄,1
1899,花雨讓飄颻,1
1900,雨讓飄颻觸,1
1901,讓飄颻觸石,1
1902,飄颻觸石和,1
1903,颻觸石和雲,1
1904,觸石和雲積,1
1905,石和雲積縈,1
1906,和雲積縈池,1
1907,雲積縈池拂,1
1908,積縈池拂水,1
1909,縈池拂水消,1
1910,池拂水消只,1
1911,拂水消只應,1
1912,水消只應將,1
1913,消只應將日,1
1914,只應將日月,1
1915,應將日月顏,1
1916,將日月顏色,1
1917,日月顏色不,1
1918,月顏色不相,1
1919,顏色不相饒,1
1920,色不相饒清,1
1921,不相饒清明,1
1922,相饒清明千,1
1923,饒清明千萬,1
1924,清明千萬家,1
1925,明千萬家處,1
1926,千萬家處處,1
1927,萬家處處是,1
1928,家處處是年,1
1929,處處是年華,1
1930,處是年華榆,1
1931,是年華榆柳,1
1932,年華榆柳芳,1
1933,華榆柳芳辰,1
1934,榆柳芳辰火,1
1935,柳芳辰火梧,1
1936,芳辰火梧桐,1
1937,辰火梧桐今,1
1938,火梧桐今日,1
1939,梧桐今日花,1
1940,桐今日花祭,1
1941,今日花祭祠,1
1942,日花祭祠結,1
1943,花祭祠結雲,1
1944,祭祠結雲綺,1
1945,祠結雲綺遊,1
1946,結雲綺遊陌,1
1947,雲綺遊陌擁,1
1948,綺遊陌擁香,1
1949,遊陌擁香車,1
1950,陌擁香車惆,1
1951,擁香車惆悵,1
1952,香車惆悵田,1
1953,車惆悵田郎,1
1954,惆悵田郎去,1
1955,悵田郎去原,1
1956,田郎去原回,1
1957,郎去原回煙,1
1958,去原回煙樹,1
1959,原回煙樹斜,1
1960,回煙樹斜花,1
1961,煙樹斜花枝,1
1962,樹斜花枝暖,1
1963,斜花枝暖欲,1
1964,花枝暖欲舒,1
1965,枝暖欲舒粉,1
1966,暖欲舒粉署,1
1967,欲舒粉署夜,1
1968,舒粉署夜方,1
1969,粉署夜方初,1
1970,署夜方初世,1
1971,夜方初世職,1
1972,方初世職推,1
1973,初世職推傳,1
1974,世職推傳盛,1
1975,職推傳盛春,1
1976,推傳盛春刑,1
1977,傳盛春刑是,1
1978,盛春刑是減,1
1979,春刑是減餘,1
1980,刑是減餘芸,1
1981,是減餘芸香,1
1982,減餘芸香能,1
1983,餘芸香能護,1
1984,芸香能護字,1
1985,香能護字鉛,1
1986,能護字鉛槧,1
1987,護字鉛槧善,1
1988,字鉛槧善呈,1
1989,鉛槧善呈書,1
1990,槧善呈書此,1
1991,善呈書此地,1
1992,呈書此地從,1
1993,書此地從頭,1
1994,此地從頭白,1
1995,地從頭白經,1
1996,從頭白經年,1
1997,頭白經年望,1
1998,白經年望雉,1
1999,經年望雉車,1
2000,年望雉車盛,1
2001,望雉車盛府,1
2002,雉車盛府自,1
2003,車盛府自蓮,1
2004,盛府自蓮花,1
2005,府自蓮花群,1
2006,自蓮花群公,1
2007,蓮花群公是,1
2008,花群公是歲,1
2009,群公是歲華,1
2010,公是歲華蘭,1
2011,是歲華蘭姿,1
2012,歲華蘭姿丈,1
2013,華蘭姿丈人,1
2014,蘭姿丈人圃,1
2015,姿丈人圃松,1
2016,丈人圃松色,1
2017,人圃松色大,1
2018,圃松色大夫,1
2019,松色大夫家,1
2020,色大夫家素,1
2021,大夫家素卷,1
2022,夫家素卷堆,1
2023,家素卷堆瑤,1
2024,素卷堆瑤席,1
2025,卷堆瑤席朱,1
2026,堆瑤席朱弦,1
2027,瑤席朱弦映,1
2028,席朱弦映絳,1
2029,朱弦映絳紗,1
2030,弦映絳紗詩,1
2031,映絳紗詩題,1
2032,絳紗詩題三,1
2033,紗詩題三百,1
2034,詩題三百首,1
2035,題三百首高,1
2036,三百首高韻,1
2037,百首高韻照,1
2038,首高韻照春,1
2039,高韻照春霞,1
2040,韻照春霞潯,1
2041,照春霞潯陽,1
2042,春霞潯陽阮,1
2043,霞潯陽阮咸,1
2044,潯陽阮咸宅,1
2045,陽阮咸宅九,1
2046,阮咸宅九派,1
2047,咸宅九派竹,1
2048,宅九派竹林,1
2049,九派竹林前,1
2050,派竹林前花,1
2051,竹林前花嶼,1
2052,林前花嶼高,1
2053,前花嶼高如,1
2054,花嶼高如浪,1
2055,嶼高如浪雲,1
2056,高如浪雲峰,1
2057,如浪雲峰遠,1
2058,浪雲峰遠似,1
2059,雲峰遠似天,1
2060,峰遠似天江,1
2061,遠似天江聲,1
2062,似天江聲在,1
2063,天江聲在南,1
2064,江聲在南巷,1
2065,聲在南巷海,1
2066,在南巷海氣,1
2067,南巷海氣入,1
2068,巷海氣入東,1
2069,海氣入東田,1
2070,氣入東田才,1
2071,入東田才子,1
2072,東田才子今,1
2073,田才子今朝,1
2074,才子今朝去,1
2075,子今朝去風,1
2076,今朝去風濤,1
2077,朝去風濤思,1
2078,去風濤思渺,1
2079,風濤思渺然,1
2080,濤思渺然若,1
2081,思渺然若道,1
2082,渺然若道春,1
2083,然若道春無,1
2084,若道春無賴,1
2085,道春無賴飛,1
2086,春無賴飛花,1
2087,無賴飛花合,1
2088,賴飛花合逐,1
2089,飛花合逐風,1
2090,花合逐風巧,1
2091,合逐風巧知,1
2092,逐風巧知人,1
2093,風巧知人意,1
2094,巧知人意裏,1
2095,知人意裏解,1
2096,人意裏解入,1
2097,意裏解入酒,1
2098,裏解入酒杯,1
2099,解入酒杯中,1
2100,入酒杯中香,1
2101,酒杯中香濕,1
2102,杯中香濕勝,1
2103,中香濕勝含,1
2104,香濕勝含露,1
2105,濕勝含露光,1
2106,勝含露光搖,1
2107,含露光搖似,1
2108,露光搖似泛,1
2109,光搖似泛空,1
2110,搖似泛空請,1
2111,似泛空請君,1
2112,泛空請君回,1
2113,空請君回首,1
2114,請君回首看,1
2115,君回首看幾,1
2116,回首看幾片,1
2117,首看幾片舞,1
2118,看幾片舞芳,1
2119,幾片舞芳叢,1
2120,片舞芳叢宋,1
2121,舞芳叢宋玉,1
2122,芳叢宋玉本,1
2123,叢宋玉本悲,1
2124,宋玉本悲秋,1
2125,玉本悲秋今,1
2126,本悲秋今朝,1
2127,悲秋今朝更,1
2128,秋今朝更上,1
2129,今朝更上樓,1
2130,朝更上樓清,1
2131,更上樓清波,1
2132,上樓清波城,1
2133,樓清波城下,1
2134,清波城下去,1
2135,波城下去此,1
2136,城下去此意,1
2137,下去此意重,1
2138,去此意重悠,1
2139,此意重悠悠,1
2140,意重悠悠晚,1
2141,重悠悠晚菊,1
2142,悠悠晚菊臨,1
2143,悠晚菊臨杯,1
2144,晚菊臨杯思,1
2145,菊臨杯思寒,1
2146,臨杯思寒山,1
2147,杯思寒山滿,1
2148,思寒山滿郡,1
2149,寒山滿郡愁,1
2150,山滿郡愁故,1
2151,滿郡愁故關,1
2152,郡愁故關非,1
2153,愁故關非內,1
2154,故關非內地,1
2155,關非內地一,1
2156,非內地一為,1
2157,內地一為漢,1
2158,地一為漢家,1
2159,一為漢家羞,1
2160,為漢家羞倚,1
2161,漢家羞倚檻,1
2162,家羞倚檻恣,1
2163,羞倚檻恣流,1
2164,倚檻恣流目,1
2165,檻恣流目高,1
2166,恣流目高城,1
2167,流目高城臨,1
2168,目高城臨大,1
2169,高城臨大川,1
2170,城臨大川九,1
2171,臨大川九回,1
2172,大川九回紆,1
2173,川九回紆白,1
2174,九回紆白浪,1
2175,回紆白浪一,1
2176,紆白浪一半,1
2177,白浪一半在,1
2178,浪一半在青,1
2179,一半在青天,1
2180,半在青天氣,1
2181,在青天氣肅,1
2182,青天氣肅晴,1
2183,天氣肅晴空,1
2184,氣肅晴空外,1
2185,肅晴空外光,1
2186,晴空外光翻,1
2187,空外光翻曉,1
2188,外光翻曉日,1
2189,光翻曉日邊,1
2190,翻曉日邊開,1
2191,曉日邊開襟,1
2192,日邊開襟值,1
2193,邊開襟值佳,1
2194,開襟值佳景,1
2195,襟值佳景懷,1
2196,值佳景懷抱,1
2197,佳景懷抱更,1
2198,景懷抱更悠,1
2199,懷抱更悠然,1
2200,抱更悠然浩,1
2201,更悠然浩氣,1
2202,悠然浩氣抱,1
2203,然浩氣抱天,1
2204,浩氣抱天和,1
2205,氣抱天和閑,1
2206,抱天和閑園,1
2207,天和閑園載,1
2208,和閑園載酒,1
2209,閑園載酒過,1
2210,園載酒過步,1
2211,載酒過步因,1
2212,酒過步因秋,1
2213,過步因秋景,1
2214,步因秋景曠,1
2215,因秋景曠心,1
2216,秋景曠心向,1
2217,景曠心向晚,1
2218,曠心向晚雲,1
2219,心向晚雲多,1
2220,向晚雲多翠,1
2221,晚雲多翠玉,1
2222,雲多翠玉思,1
2223,多翠玉思回,1
2224,翠玉思回鳳,1
2225,玉思回鳳玄,1
2226,思回鳳玄珠,1
2227,回鳳玄珠肯,1
2228,鳳玄珠肯在,1
2229,玄珠肯在鵝,1
2230,珠肯在鵝問,1
2231,肯在鵝問師,1
2232,在鵝問師登,1
2233,鵝問師登幾,1
2234,問師登幾地,1
2235,師登幾地空,1
2236,登幾地空性,1
2237,幾地空性奈,1
2238,地空性奈詩,1
2239,空性奈詩何,1
2240,性奈詩何故,1
2241,奈詩何故鄉,1
2242,詩何故鄉南,1
2243,何故鄉南越,1
2244,故鄉南越外,1
2245,鄉南越外萬,1
2246,南越外萬里,1
2247,越外萬里白,1
2248,外萬里白雲,1
2249,萬里白雲峰,1
2250,里白雲峰經,1
2251,白雲峰經論,1
2252,雲峰經論辭,1
2253,峰經論辭天,1
2254,經論辭天去,1
2255,論辭天去香,1
2256,辭天去香花,1
2257,天去香花入,1
2258,去香花入海,1
2259,香花入海逢,1
2260,花入海逢鷺,1
2261,入海逢鷺濤,1
2262,海逢鷺濤清,1
2263,逢鷺濤清梵,1
2264,鷺濤清梵徹,1
2265,濤清梵徹蜃,1
2266,清梵徹蜃閣,1
2267,梵徹蜃閣化,1
2268,徹蜃閣化城,1
2269,蜃閣化城重,1
2270,閣化城重心,1
2271,化城重心到,1
2272,城重心到長,1
2273,重心到長安,1
2274,心到長安陌,1
2275,到長安陌交,1
2276,長安陌交州,1
2277,安陌交州後,1
2278,陌交州後夜,1
2279,交州後夜鐘,1
2280,州後夜鐘一,1
2281,後夜鐘一叢,1
2282,夜鐘一叢嬋,1
2283,鐘一叢嬋娟,1
2284,一叢嬋娟色,1
2285,叢嬋娟色四,1
2286,嬋娟色四面,1
2287,娟色四面清,1
2288,色四面清冷,1
2289,四面清冷波,1
2290,面清冷波氣,1
2291,清冷波氣潤,1
2292,冷波氣潤晚,1
2293,波氣潤晚煙,1
2294,氣潤晚煙重,1
2295,潤晚煙重光,1
2296,晚煙重光閑,1
2297,煙重光閑秋,1
2298,重光閑秋露,1
2299,光閑秋露多,1
2300,閑秋露多翠,1
2301,秋露多翠筠,1
2302,露多翠筠入,1
2303,多翠筠入疏,1
2304,翠筠入疏柳,1
2305,筠入疏柳清,1
2306,入疏柳清影,1
2307,疏柳清影拂,1
2308,柳清影拂圓,1
2309,清影拂圓荷,1
2310,影拂圓荷歲,1
2311,拂圓荷歲晏,1
2312,圓荷歲晏琅,1
2313,荷歲晏琅玕,1
2314,歲晏琅玕實,1
2315,晏琅玕實心,1
2316,琅玕實心期,1
2317,玕實心期有,1
2318,實心期有鳳,1
2319,心期有鳳過,1
2320,期有鳳過鳳,1
2321,有鳳過鳳城,1
2322,鳳過鳳城春,1
2323,過鳳城春報,1
2324,鳳城春報曲,1
2325,城春報曲江,1
2326,春報曲江頭,1
2327,報曲江頭上,1
2328,曲江頭上客,1
2329,江頭上客年,1
2330,頭上客年年,1
2331,上客年年是,1
2332,客年年是勝,1
2333,年年是勝遊,1
2334,年是勝遊日,1
2335,是勝遊日暖,1
2336,勝遊日暖雲,1
2337,遊日暖雲山,1
2338,日暖雲山當,1
2339,暖雲山當廣,1
2340,雲山當廣陌,1
2341,山當廣陌天,1
2342,當廣陌天清,1
2343,廣陌天清絲,1
2344,陌天清絲管,1
2345,天清絲管在,1
2346,清絲管在高,1
2347,絲管在高樓,1
2348,管在高樓蘢,1
2349,在高樓蘢蔥,1
2350,高樓蘢蔥樹,1
2351,樓蘢蔥樹色,1
2352,蘢蔥樹色分,1
2353,蔥樹色分仙,1
2354,樹色分仙閣,1
2355,色分仙閣縹,1
2356,分仙閣縹緲,1
2357,仙閣縹緲花,1
2358,閣縹緲花香,1
2359,縹緲花香泛,1
2360,緲花香泛禦,1
2361,花香泛禦溝,1
2362,香泛禦溝桂,1
2363,泛禦溝桂壁,1
2364,禦溝桂壁朱,1
2365,溝桂壁朱門,1
2366,桂壁朱門新,1
2367,壁朱門新邸,1
2368,朱門新邸第,1
2369,門新邸第漢,1
2370,新邸第漢家,1
2371,邸第漢家恩,1
2372,第漢家恩澤,1
2373,漢家恩澤問,1
2374,家恩澤問酂,1
2375,恩澤問酂侯,1
2376,澤問酂侯鳳,1
2377,問酂侯鳳城,1
2378,酂侯鳳城初,1
2379,侯鳳城初日,1
2380,鳳城初日照,1
2381,城初日照紅,1
2382,初日照紅樓,1
2383,日照紅樓禁,1
2384,照紅樓禁寺,1
2385,紅樓禁寺公,1
2386,樓禁寺公卿,1
2387,禁寺公卿識,1
2388,寺公卿識惠,1
2389,公卿識惠休,1
2390,卿識惠休詩,1
2391,識惠休詩引,1
2392,惠休詩引棣,1
2393,休詩引棣華,1
2394,詩引棣華沾,1
2395,引棣華沾一,1
2396,棣華沾一雨,1
2397,華沾一雨經,1
2398,沾一雨經分,1
2399,一雨經分貝,1
2400,雨經分貝葉,1
2401,經分貝葉向,1
2402,分貝葉向雙,1
2403,貝葉向雙流,1
2404,葉向雙流孤,1
2405,向雙流孤猿,1
2406,雙流孤猿學,1
2407,流孤猿學定,1
2408,孤猿學定前,1
2409,猿學定前山,1
2410,學定前山夕,1
2411,定前山夕遠,1
2412,前山夕遠雁,1
2413,山夕遠雁傷,1
2414,夕遠雁傷離,1
2415,遠雁傷離幾,1
2416,雁傷離幾地,1
2417,傷離幾地秋,1
2418,離幾地秋空,1
2419,幾地秋空性,1
2420,地秋空性碧,1
2421,秋空性碧雲,1
2422,空性碧雲無,1
2423,性碧雲無處,1
2424,碧雲無處所,1
2425,雲無處所約,1
2426,無處所約公,1
2427,處所約公曾,1
2428,所約公曾許,1
2429,約公曾許剡,1
2430,公曾許剡溪,1
2431,曾許剡溪遊,1
2432,許剡溪遊鐘,1
2433,剡溪遊鐘聲,1
2434,溪遊鐘聲清,1
2435,遊鐘聲清禁,1
2436,鐘聲清禁才,1
2437,聲清禁才應,1
2438,清禁才應徹,1
2439,禁才應徹漏,1
2440,才應徹漏報,1
2441,應徹漏報仙,1
2442,徹漏報仙闈,1
2443,漏報仙闈儼,1
2444,報仙闈儼已,1
2445,仙闈儼已開,1
2446,闈儼已開雙,1
2447,儼已開雙闕,1
2448,已開雙闕薄,1
2449,開雙闕薄煙,1
2450,雙闕薄煙籠,1
2451,闕薄煙籠菡,1
2452,薄煙籠菡萏,1
2453,煙籠菡萏九,1
2454,籠菡萏九成,1
2455,菡萏九成初,1
2456,萏九成初日,1
2457,九成初日照,1
2458,成初日照蓬,1
2459,初日照蓬萊,1
2460,日照蓬萊朝,1
2461,照蓬萊朝時,1
2462,蓬萊朝時但,1
2463,萊朝時但向,1
2464,朝時但向丹,1
2465,時但向丹墀,1
2466,但向丹墀拜,1
2467,向丹墀拜仗,1
2468,丹墀拜仗下,1
2469,墀拜仗下方,1
2470,拜仗下方從,1
2471,仗下方從碧,1
2472,下方從碧殿,1
2473,方從碧殿回,1
2474,從碧殿回聖,1
2475,碧殿回聖道,1
2476,殿回聖道逍,1
2477,回聖道逍遙,1
2478,聖道逍遙更,1
2479,道逍遙更何,1
2480,逍遙更何事,1
2481,遙更何事願,1
2482,更何事願將,1
2483,何事願將巴,1
2484,事願將巴曲,1
2485,願將巴曲贊,1
2486,將巴曲贊康,1
2487,巴曲贊康哉,1
2488,曲贊康哉關,1
2489,贊康哉關西,1
2490,康哉關西諸,1
2491,哉關西諸將,1
2492,關西諸將揖,1
2493,西諸將揖容,1
2494,諸將揖容光,1
2495,將揖容光獨,1
2496,揖容光獨立,1
2497,容光獨立營,1
2498,光獨立營門,1
2499,獨立營門劍,1
2500,立營門劍有,1
2501,營門劍有霜,1
2502,門劍有霜知,1
2503,劍有霜知愛,1
2504,有霜知愛魯,1
2505,霜知愛魯連,1
2506,知愛魯連歸,1
2507,愛魯連歸海,1
2508,魯連歸海上,1
2509,連歸海上肯,1
2510,歸海上肯令,1
2511,海上肯令王,1
2512,上肯令王翦,1
2513,肯令王翦在,1
2514,令王翦在頻,1
2515,王翦在頻陽,1
2516,翦在頻陽天,1
2517,在頻陽天晴,1
2518,頻陽天晴紅,1
2519,陽天晴紅幟,1
2520,天晴紅幟當,1
2521,晴紅幟當山,1
2522,紅幟當山滿,1
2523,幟當山滿日,1
2524,當山滿日暮,1
2525,山滿日暮清,1
2526,滿日暮清笳,1
2527,日暮清笳入,1
2528,暮清笳入塞,1
2529,清笳入塞長,1
2530,笳入塞長年,1
2531,入塞長年少,1
2532,塞長年少功,1
2533,長年少功高,1
2534,年少功高人,1
2535,少功高人最,1
2536,功高人最羨,1
2537,高人最羨漢,1
2538,人最羨漢家,1
2539,最羨漢家壇,1
2540,羨漢家壇樹,1
2541,漢家壇樹月,1
2542,家壇樹月蒼,1
2543,壇樹月蒼蒼,1
2544,樹月蒼蒼兩,1
2545,月蒼蒼兩河,1
2546,蒼蒼兩河戰,1
2547,蒼兩河戰罷,1
2548,兩河戰罷萬,1
2549,河戰罷萬方,1
2550,戰罷萬方清,1
2551,罷萬方清原,1
2552,萬方清原上,1
2553,方清原上軍,1
2554,清原上軍回,1
2555,原上軍回識,1
2556,上軍回識舊,1
2557,軍回識舊營,1
2558,回識舊營立,1
2559,識舊營立馬,1
2560,舊營立馬望,1
2561,營立馬望雲,1
2562,立馬望雲秋,1
2563,馬望雲秋塞,1
2564,望雲秋塞靜,1
2565,雲秋塞靜射,1
2566,秋塞靜射雕,1
2567,塞靜射雕臨,1
2568,靜射雕臨水,1
2569,射雕臨水晚,1
2570,雕臨水晚天,1
2571,臨水晚天晴,1
2572,水晚天晴戍,1
2573,晚天晴戍閑,1
2574,天晴戍閑部,1
2575,晴戍閑部伍,1
2576,戍閑部伍分,1
2577,閑部伍分岐,1
2578,部伍分岐路,1
2579,伍分岐路地,1
2580,分岐路地遠,1
2581,岐路地遠家,1
2582,路地遠家鄉,1
2583,地遠家鄉寄,1
2584,遠家鄉寄旆,1
2585,家鄉寄旆旌,1
2586,鄉寄旆旌聖,1
2587,寄旆旌聖代,1
2588,旆旌聖代止,1
2589,旌聖代止戈,1
2590,聖代止戈資,1
2591,代止戈資廟,1
2592,止戈資廟略,1
2593,戈資廟略諸,1
2594,資廟略諸侯,1
2595,廟略諸侯不,1
2596,略諸侯不復,1
2597,諸侯不復更,1
2598,侯不復更長,1
2599,不復更長征,1
2600,復更長征憶,1
2601,更長征憶昔,1
2602,長征憶昔征,1
2603,征憶昔征南,1
2604,憶昔征南府,1
2605,昔征南府內,1
2606,征南府內遊,1
2607,南府內遊君,1
2608,府內遊君家,1
2609,內遊君家東,1
2610,遊君家東合,1
2611,君家東合最,1
2612,家東合最淹,1
2613,東合最淹留,1
2614,合最淹留縱,1
2615,最淹留縱橫,1
2616,淹留縱橫聯,1
2617,留縱橫聯句,1
2618,縱橫聯句長,1
2619,橫聯句長侵,1
2620,聯句長侵曉,1
2621,句長侵曉次,1
2622,長侵曉次第,1
2623,侵曉次第看,1
2624,曉次第看花,1
2625,次第看花直,1
2626,第看花直到,1
2627,看花直到秋,1
2628,花直到秋論,1
2629,直到秋論舊,1
2630,到秋論舊舉,1
2631,秋論舊舉杯,1
2632,論舊舉杯先,1
2633,舊舉杯先下,1
2634,舉杯先下淚,1
2635,杯先下淚傷,1
2636,先下淚傷離,1
2637,下淚傷離臨,1
2638,淚傷離臨水,1
2639,傷離臨水更,1
2640,離臨水更登,1
2641,臨水更登樓,1
2642,水更登樓相,1
2643,更登樓相思,1
2644,登樓相思前,1
2645,樓相思前路,1
2646,相思前路幾,1
2647,思前路幾回,1
2648,前路幾回首,1
2649,路幾回首滿,1
2650,幾回首滿眼,1
2651,回首滿眼青,1
2652,首滿眼青山,1
2653,滿眼青山過,1
2654,眼青山過衛,1
2655,青山過衛州,1
2656,山過衛州晴,1
2657,過衛州晴明,1
2658,衛州晴明紫,1
2659,州晴明紫閣,1
2660,晴明紫閣最,1
2661,明紫閣最高,1
2662,紫閣最高峰,1
2663,閣最高峰仙,1
2664,最高峰仙掖,1
2665,高峰仙掖開,1
2666,峰仙掖開簾,1
2667,仙掖開簾范,1
2668,掖開簾范彥,1
2669,開簾范彥龍,1
2670,簾范彥龍五,1
2671,范彥龍五色,1
2672,彥龍五色天,1
2673,龍五色天書,1
2674,五色天書詞,1
2675,色天書詞煥,1
2676,天書詞煥爛,1
2677,書詞煥爛九,1
2678,詞煥爛九華,1
2679,煥爛九華春,1
2680,爛九華春殿,1
2681,九華春殿語,1
2682,華春殿語從,1
2683,春殿語從容,1
2684,殿語從容彩,1
2685,語從容彩毫,1
2686,從容彩毫應,1
2687,容彩毫應染,1
2688,彩毫應染爐,1
2689,毫應染爐煙,1
2690,應染爐煙細,1
2691,染爐煙細清,1
2692,爐煙細清佩,1
2693,煙細清佩仍,1
2694,細清佩仍含,1
2695,清佩仍含玉,1
2696,佩仍含玉漏,1
2697,仍含玉漏重,1
2698,含玉漏重二,1
2699,玉漏重二十,1
2700,漏重二十年,1
2701,重二十年前,1
2702,二十年前同,1
2703,十年前同日,1
2704,年前同日喜,1
2705,前同日喜碧,1
2706,同日喜碧霄,1
2707,日喜碧霄何,1
2708,喜碧霄何路,1
2709,碧霄何路得,1
2710,霄何路得相,1
2711,何路得相逢,1
2712,路得相逢綺,1
2713,得相逢綺陌,1
2714,相逢綺陌塵,1
2715,逢綺陌塵香,1
2716,綺陌塵香曙,1
2717,陌塵香曙色,1
2718,塵香曙色分,1
2719,香曙色分碧,1
2720,曙色分碧山,1
2721,色分碧山如,1
2722,分碧山如畫,1
2723,碧山如畫又,1
2724,山如畫又逢,1
2725,如畫又逢君,1
2726,畫又逢君蛟,1
2727,又逢君蛟藏,1
2728,逢君蛟藏秋,1
2729,君蛟藏秋月,1
2730,蛟藏秋月一,1
2731,藏秋月一片,1
2732,秋月一片水,1
2733,月一片水驥,1
2734,一片水驥鎖,1
2735,片水驥鎖晴,1
2736,水驥鎖晴空,1
2737,驥鎖晴空千,1
2738,鎖晴空千尺,1
2739,晴空千尺雲,1
2740,空千尺雲戚,1
2741,千尺雲戚裏,1
2742,尺雲戚裏舊,1
2743,雲戚裏舊知,1
2744,戚裏舊知何,1
2745,裏舊知何駙,1
2746,舊知何駙馬,1
2747,知何駙馬詩,1
2748,何駙馬詩家,1
2749,駙馬詩家今,1
2750,馬詩家今得,1
2751,詩家今得鮑,1
2752,家今得鮑參,1
2753,今得鮑參軍,1
2754,得鮑參軍陽,1
2755,鮑參軍陽和,1
2756,參軍陽和本,1
2757,軍陽和本是,1
2758,陽和本是煙,1
2759,和本是煙霄,1
2760,本是煙霄曲,1
2761,是煙霄曲須,1
2762,煙霄曲須向,1
2763,霄曲須向花,1
2764,曲須向花間,1
2765,須向花間次,1
2766,向花間次第,1
2767,花間次第聞,1
2768,間次第聞芳,1
2769,次第聞芳時,1
2770,第聞芳時碧,1
2771,聞芳時碧落,1
2772,芳時碧落心,1
2773,時碧落心應,1
2774,碧落心應斷,1
2775,落心應斷今,1
2776,心應斷今日,1
2777,應斷今日清,1
2778,斷今日清詞,1
2779,今日清詞事,1
2780,日清詞事不,1
2781,清詞事不同,1
2782,詞事不同瑤,1
2783,事不同瑤草,1
2784,不同瑤草秋,1
2785,同瑤草秋殘,1
2786,瑤草秋殘仙,1
2787,草秋殘仙圃,1
2788,秋殘仙圃在,1
2789,殘仙圃在彩,1
2790,仙圃在彩雲,1
2791,圃在彩雲天,1
2792,在彩雲天遠,1
2793,彩雲天遠鳳,1
2794,雲天遠鳳樓,1
2795,天遠鳳樓空,1
2796,遠鳳樓空晴,1
2797,鳳樓空晴花,1
2798,樓空晴花暖,1
2799,空晴花暖送,1
2800,晴花暖送金,1
2801,花暖送金羈,1
2802,暖送金羈影,1
2803,送金羈影涼,1
2804,金羈影涼葉,1
2805,羈影涼葉寒,1
2806,影涼葉寒生,1
2807,涼葉寒生玉,1
2808,葉寒生玉簟,1
2809,寒生玉簟風,1
2810,生玉簟風長,1
2811,玉簟風長得,1
2812,簟風長得聞,1
2813,風長得聞詩,1
2814,長得聞詩歡,1
2815,得聞詩歡自,1
2816,聞詩歡自足,1
2817,詩歡自足會,1
2818,歡自足會看,1
2819,自足會看春,1
2820,足會看春露,1
2821,會看春露濕,1
2822,看春露濕蘭,1
2823,春露濕蘭叢,1
2824,露濕蘭叢綠,1
2825,濕蘭叢綠楊,1
2826,蘭叢綠楊紅,1
2827,叢綠楊紅杏,1
2828,綠楊紅杏滿,1
2829,楊紅杏滿城,1
2830,紅杏滿城春,1
2831,杏滿城春一,1
2832,滿城春一騎,1
2833,城春一騎悠,1
2834,春一騎悠悠,1
2835,一騎悠悠萬,1
2836,騎悠悠萬井,1
2837,悠悠萬井塵,1
2838,悠萬井塵岐,1
2839,萬井塵岐路,1
2840,井塵岐路未,1
2841,塵岐路未關,1
2842,岐路未關今,1
2843,路未關今日,1
2844,未關今日事,1
2845,關今日事風,1
2846,今日事風光,1
2847,日事風光欲,1
2848,事風光欲醉,1
2849,風光欲醉長,1
2850,光欲醉長年,1
2851,欲醉長年人,1
2852,醉長年人閑,1
2853,長年人閑過,1
2854,年人閑過綺,1
2855,人閑過綺陌,1
2856,閑過綺陌尋,1
2857,過綺陌尋高,1
2858,綺陌尋高寺,1
2859,陌尋高寺強,1
2860,尋高寺強對,1
2861,高寺強對朱,1
2862,寺強對朱門,1
2863,強對朱門謁,1
2864,對朱門謁近,1
2865,朱門謁近臣,1
2866,門謁近臣多,1
2867,謁近臣多病,1
2868,近臣多病晚,1
2869,臣多病晚來,1
2870,多病晚來還,1
2871,病晚來還有,1
2872,晚來還有策,1
2873,來還有策雒,1
2874,還有策雒陽,1
2875,有策雒陽山,1
2876,策雒陽山色,1
2877,雒陽山色舊,1
2878,陽山色舊相,1
2879,山色舊相親,1
2880,色舊相親江,1
2881,舊相親江州,1
2882,相親江州司,1
2883,親江州司馬,1
2884,江州司馬平,1
2885,州司馬平安,1
2886,司馬平安否,1
2887,馬平安否惠,1
2888,平安否惠遠,1
2889,安否惠遠東,1
2890,否惠遠東林,1
2891,惠遠東林住,1
2892,遠東林住得,1
2893,東林住得無,1
2894,林住得無湓,1
2895,住得無湓浦,1
2896,得無湓浦曾,1
2897,無湓浦曾聞,1
2898,湓浦曾聞似,1
2899,浦曾聞似衣,1
2900,曾聞似衣帶,1
2901,聞似衣帶廬,1
2902,似衣帶廬峰,1
2903,衣帶廬峰見,1
2904,帶廬峰見說,1
2905,廬峰見說勝,1
2906,峰見說勝香,1
2907,見說勝香爐,1
2908,說勝香爐題,1
2909,勝香爐題詩,1
2910,香爐題詩歲,1
2911,爐題詩歲晏,1
2912,題詩歲晏離,1
2913,詩歲晏離鴻,1
2914,歲晏離鴻斷,1
2915,晏離鴻斷望,1
2916,離鴻斷望闕,1
2917,鴻斷望闕天,1
2918,斷望闕天遙,1
2919,望闕天遙病,1
2920,闕天遙病鶴,1
2921,天遙病鶴孤,1
2922,遙病鶴孤莫,1
2923,病鶴孤莫謾,1
2924,鶴孤莫謾拘,1
2925,孤莫謾拘牽,1
2926,莫謾拘牽雨,1
2927,謾拘牽雨花,1
2928,拘牽雨花社,1
2929,牽雨花社青,1
2930,雨花社青雲,1
2931,花社青雲依,1
2932,社青雲依舊,1
2933,青雲依舊是,1
2934,雲依舊是前,1
2935,依舊是前途,1
2936,舊是前途天,1
2937,是前途天眷,1
2938,前途天眷君,1
2939,途天眷君陳,1
2940,天眷君陳久,1
2941,眷君陳久在,1
2942,君陳久在東,1
2943,陳久在東歸,1
2944,久在東歸朝,1
2945,在東歸朝人,1
2946,東歸朝人看,1
2947,歸朝人看大,1
2948,朝人看大司,1
2949,人看大司空,1
2950,看大司空黃,1
2951,大司空黃河,1
2952,司空黃河岸,1
2953,空黃河岸畔,1
2954,黃河岸畔長,1
2955,河岸畔長無,1
2956,岸畔長無事,1
2957,畔長無事滄,1
2958,長無事滄海,1
2959,無事滄海東,1
2960,事滄海東邊,1
2961,滄海東邊獨,1
2962,海東邊獨有,1
2963,東邊獨有功,1
2964,邊獨有功已,1
2965,獨有功已變,1
2966,有功已變畏,1
2967,功已變畏途,1
2968,已變畏途成,1
2969,變畏途成雅,1
2970,畏途成雅俗,1
2971,途成雅俗仍,1
2972,成雅俗仍過,1
2973,雅俗仍過舊,1
2974,俗仍過舊裏,1
2975,仍過舊裏揖,1
2976,過舊裏揖秋,1
2977,舊裏揖秋風,1
2978,裏揖秋風一,1
2979,揖秋風一門,1
2980,秋風一門累,1
2981,風一門累葉,1
2982,一門累葉淩,1
2983,門累葉淩煙,1
2984,累葉淩煙閣,1
2985,葉淩煙閣次,1
2986,淩煙閣次第,1
2987,煙閣次第儀,1
2988,閣次第儀形,1
2989,次第儀形漢,1
2990,第儀形漢上,1
2991,儀形漢上公,1
2992,形漢上公曾,1
2993,漢上公曾過,1
2994,上公曾過靈,1
2995,公曾過靈隱,1
2996,曾過靈隱江,1
2997,過靈隱江邊,1
2998,靈隱江邊寺,1
2999,隱江邊寺獨,1
3000,江邊寺獨宿,1
3001,邊寺獨宿東,1
3002,寺獨宿東樓,1
3003,獨宿東樓看,1
3004,宿東樓看海,1
3005,東樓看海門,1
3006,樓看海門潮,1
3007,看海門潮色,1
3008,海門潮色銀,1
3009,門潮色銀河,1
3010,潮色銀河鋪,1
3011,色銀河鋪碧,1
3012,銀河鋪碧落,1
3013,河鋪碧落日,1
3014,鋪碧落日光,1
3015,碧落日光金,1
3016,落日光金柱,1
3017,日光金柱出,1
3018,光金柱出紅,1
3019,金柱出紅盆,1
3020,柱出紅盆不,1
3021,出紅盆不妨,1
3022,紅盆不妨公,1
3023,盆不妨公事,1
3024,不妨公事資,1
3025,妨公事資高,1
3026,公事資高臥,1
3027,事資高臥無,1
3028,資高臥無限,1
3029,高臥無限詩,1
3030,臥無限詩情,1
3031,無限詩情要,1
3032,限詩情要細,1
3033,詩情要細論,1
3034,情要細論若,1
3035,要細論若訪,1
3036,細論若訪郡,1
3037,論若訪郡人,1
3038,若訪郡人徐,1
3039,訪郡人徐孺,1
3040,郡人徐孺子,1
3041,人徐孺子應,1
3042,徐孺子應須,1
3043,孺子應須騎,1
3044,子應須騎馬,1
3045,應須騎馬到,1
3046,須騎馬到沙,1
3047,騎馬到沙村,1
3048,馬到沙村玉,1
3049,到沙村玉塞,1
3050,沙村玉塞含,1
3051,村玉塞含淒,1
3052,玉塞含淒見,1
3053,塞含淒見雁,1
3054,含淒見雁行,1
3055,淒見雁行北,1
3056,見雁行北垣,1
3057,雁行北垣新,1
3058,行北垣新詔,1
3059,北垣新詔拜,1
3060,垣新詔拜龍,1
3061,新詔拜龍驤,1
3062,詔拜龍驤弟,1
3063,拜龍驤弟兄,1
3064,龍驤弟兄間,1
3065,驤弟兄間世,1
3066,弟兄間世真,1
3067,兄間世真飛,1
3068,間世真飛將,1
3069,世真飛將貔,1
3070,真飛將貔虎,1
3071,飛將貔虎歸,1
3072,將貔虎歸時,1
3073,貔虎歸時似,1
3074,虎歸時似故,1
3075,歸時似故鄉,1
3076,時似故鄉鼓,1
3077,似故鄉鼓角,1
3078,故鄉鼓角因,1
3079,鄉鼓角因風,1
3080,鼓角因風飄,1
3081,角因風飄朔,1
3082,因風飄朔氣,1
3083,風飄朔氣旌,1
3084,飄朔氣旌旗,1
3085,朔氣旌旗映,1
3086,氣旌旗映水,1
3087,旌旗映水發,1
3088,旗映水發秋,1
3089,映水發秋光,1
3090,水發秋光河,1
3091,發秋光河源,1
3092,秋光河源收,1
3093,光河源收地,1
3094,河源收地心,1
3095,源收地心猶,1
3096,收地心猶壯,1
3097,地心猶壯笑,1
3098,心猶壯笑向,1
3099,猶壯笑向天,1
3100,壯笑向天西,1
3101,笑向天西萬,1
3102,向天西萬里,1
3103,天西萬里霜,1
3104,西萬里霜倚,1
3105,萬里霜倚天,1
3106,里霜倚天長,1
3107,霜倚天長劍,1
3108,倚天長劍截,1
3109,天長劍截雲,1
3110,長劍截雲孤,1
3111,劍截雲孤報,1
3112,截雲孤報國,1
3113,雲孤報國縱,1
3114,孤報國縱橫,1
3115,報國縱橫見,1
3116,國縱橫見丈,1
3117,縱橫見丈夫,1
3118,橫見丈夫五,1
3119,見丈夫五載,1
3120,丈夫五載登,1
3121,夫五載登壇,1
3122,五載登壇真,1
3123,載登壇真宰,1
3124,登壇真宰相,1
3125,壇真宰相六,1
3126,真宰相六重,1
3127,宰相六重分,1
3128,相六重分閫,1
3129,六重分閫正,1
3130,重分閫正司,1
3131,分閫正司徒,1
3132,閫正司徒曾,1
3133,正司徒曾聞,1
3134,司徒曾聞轉,1
3135,徒曾聞轉戰,1
3136,曾聞轉戰平,1
3137,聞轉戰平堅,1
3138,轉戰平堅寇,1
3139,戰平堅寇共,1
3140,平堅寇共說,1
3141,堅寇共說題,1
3142,寇共說題詩,1
3143,共說題詩壓,1
3144,說題詩壓腐,1
3145,題詩壓腐儒,1
3146,詩壓腐儒料,1
3147,壓腐儒料敵,1
3148,腐儒料敵知,1
3149,儒料敵知機,1
3150,料敵知機在,1
3151,敵知機在方,1
3152,知機在方寸,1
3153,機在方寸不,1
3154,在方寸不勞,1
3155,方寸不勞心,1
3156,寸不勞心力,1
3157,不勞心力講,1
3158,勞心力講陰,1
3159,心力講陰符,1
3160,力講陰符謝,1
3161,講陰符謝傅,1
3162,陰符謝傅旌,1
3163,符謝傅旌旗,1
3164,謝傅旌旗控,1
3165,傅旌旗控上,1
3166,旌旗控上游,1
3167,旗控上游盧,1
3168,控上游盧郎,1
3169,上游盧郎樽,1
3170,游盧郎樽俎,1
3171,盧郎樽俎借,1
3172,郎樽俎借前,1
3173,樽俎借前籌,1
3174,俎借前籌舜,1
3175,借前籌舜城,1
3176,前籌舜城風,1
3177,籌舜城風土,1
3178,舜城風土臨,1
3179,城風土臨清,1
3180,風土臨清廟,1
3181,土臨清廟魏,1
3182,臨清廟魏國,1
3183,清廟魏國山,1
3184,廟魏國山川,1
3185,魏國山川在,1
3186,國山川在白,1
3187,山川在白樓,1
3188,川在白樓雲,1
3189,在白樓雲寺,1
3190,白樓雲寺當,1
3191,樓雲寺當時,1
3192,雲寺當時接,1
3193,寺當時接高,1
3194,當時接高步,1
3195,時接高步水,1
3196,接高步水亭,1
3197,高步水亭今,1
3198,步水亭今日,1
3199,水亭今日又,1
3200,亭今日又同,1
3201,今日又同遊,1
3202,日又同遊滿,1
3203,又同遊滿筵,1
3204,同遊滿筵舊,1
3205,遊滿筵舊府,1
3206,滿筵舊府笙,1
3207,筵舊府笙歌,1
3208,舊府笙歌在,1
3209,府笙歌在獨,1
3210,笙歌在獨有,1
3211,歌在獨有羊,1
3212,在獨有羊曇,1
3213,獨有羊曇最,1
3214,有羊曇最淚,1
3215,羊曇最淚流,1
3216,曇最淚流繡,1
3217,最淚流繡戶,1
3218,淚流繡戶紗,1
3219,流繡戶紗窗,1
3220,繡戶紗窗北,1
3221,戶紗窗北裏,1
3222,紗窗北裏深,1
3223,窗北裏深香,1
3224,北裏深香風,1
3225,裏深香風暗,1
3226,深香風暗動,1
3227,香風暗動鳳,1
3228,風暗動鳳凰,1
3229,暗動鳳凰簪,1
3230,動鳳凰簪組,1
3231,鳳凰簪組紃,1
3232,凰簪組紃常,1
3233,簪組紃常在,1
3234,組紃常在佳,1
3235,紃常在佳人,1
3236,常在佳人手,1
3237,在佳人手刀,1
3238,佳人手刀尺,1
3239,人手刀尺空,1
3240,手刀尺空搖,1
3241,刀尺空搖寒,1
3242,尺空搖寒女,1
3243,空搖寒女心,1
3244,搖寒女心欲,1
3245,寒女心欲學,1
3246,女心欲學齊,1
3247,心欲學齊謳,1
3248,欲學齊謳逐,1
3249,學齊謳逐雲,1
3250,齊謳逐雲管,1
3251,謳逐雲管還,1
3252,逐雲管還思,1
3253,雲管還思楚,1
3254,管還思楚練,1
3255,還思楚練拂,1
3256,思楚練拂霜,1
3257,楚練拂霜砧,1
3258,練拂霜砧東,1
3259,拂霜砧東家,1
3260,霜砧東家少,1
3261,砧東家少婦,1
3262,東家少婦當,1
3263,家少婦當機,1
3264,少婦當機織,1
3265,婦當機織應,1
3266,當機織應念,1
3267,機織應念無,1
3268,織應念無衣,1
3269,應念無衣雪,1
3270,念無衣雪滿,1
3271,無衣雪滿林,1
3272,衣雪滿林一,1
3273,雪滿林一清,1
3274,滿林一清淮,1
3275,林一清淮甸,1
3276,一清淮甸假,1
3277,清淮甸假朝,1
3278,淮甸假朝綱,1
3279,甸假朝綱金,1
3280,假朝綱金印,1
3281,朝綱金印初,1
3282,綱金印初迎,1
3283,金印初迎細,1
3284,印初迎細柳,1
3285,初迎細柳黃,1
3286,迎細柳黃辭,1
3287,細柳黃辭闕,1
3288,柳黃辭闕天,1
3289,黃辭闕天威,1
3290,辭闕天威和,1
3291,闕天威和雨,1
3292,天威和雨露,1
3293,威和雨露出,1
3294,和雨露出關,1
3295,雨露出關春,1
3296,露出關春色,1
3297,出關春色避,1
3298,關春色避風,1
3299,春色避風霜,1
3300,色避風霜龍,1
3301,避風霜龍韜,1
3302,風霜龍韜何,1
3303,霜龍韜何必,1
3304,龍韜何必陳,1
3305,韜何必陳三,1
3306,何必陳三略,1
3307,必陳三略虎,1
3308,陳三略虎旅,1
3309,三略虎旅由,1
3310,略虎旅由來,1
3311,虎旅由來肅,1
3312,旅由來肅萬,1
3313,由來肅萬方,1
3314,來肅萬方宣,1
3315,肅萬方宣諭,1
3316,萬方宣諭生,1
3317,方宣諭生靈,1
3318,宣諭生靈真,1
3319,諭生靈真重,1
3320,生靈真重任,1
3321,靈真重任回,1
3322,真重任回軒,1
3323,重任回軒應,1
3324,任回軒應問,1
3325,回軒應問石,1
3326,軒應問石渠,1
3327,應問石渠郎,1
3328,問石渠郎應,1
3329,石渠郎應將,1
3330,渠郎應將清,1
3331,郎應將清淨,1
3332,應將清淨結,1
3333,將清淨結心,1
3334,清淨結心期,1
3335,淨結心期又,1
3336,結心期又共,1
3337,心期又共陽,1
3338,期又共陽和,1
3339,又共陽和到,1
3340,共陽和到郡,1
3341,陽和到郡時,1
3342,和到郡時絳,1
3343,到郡時絳老,1
3344,郡時絳老問,1
3345,時絳老問年,1
3346,絳老問年須,1
3347,老問年須算,1
3348,問年須算字,1
3349,年須算字庾,1
3350,須算字庾公,1
3351,算字庾公逢,1
3352,字庾公逢月,1
3353,庾公逢月要,1
3354,公逢月要題,1
3355,逢月要題詩,1
3356,月要題詩朱,1
3357,要題詩朱欄,1
3358,題詩朱欄迢,1
3359,詩朱欄迢遞,1
3360,朱欄迢遞因,1
3361,欄迢遞因高,1
3362,迢遞因高勝,1
3363,遞因高勝粉,1
3364,因高勝粉堞,1
3365,高勝粉堞清,1
3366,勝粉堞清明,1
3367,粉堞清明欲,1
3368,堞清明欲下,1
3369,清明欲下遲,1
3370,明欲下遲他,1
3371,欲下遲他日,1
3372,下遲他日征,1
3373,遲他日征還,1
3374,他日征還作,1
3375,日征還作霖,1
3376,征還作霖雨,1
3377,還作霖雨不,1
3378,作霖雨不須,1
3379,霖雨不須求,1
3380,雨不須求賽,1
3381,不須求賽敬,1
3382,須求賽敬亭,1
3383,求賽敬亭祠,1
3384,賽敬亭祠知,1
3385,敬亭祠知因,1
3386,亭祠知因公,1
3387,祠知因公望,1
3388,知因公望掩,1
3389,因公望掩能,1
3390,公望掩能文,1
3391,望掩能文誓,1
3392,掩能文誓激,1
3393,能文誓激明,1
3394,文誓激明誠,1
3395,誓激明誠在,1
3396,激明誠在致,1
3397,明誠在致君,1
3398,誠在致君曾,1
3399,在致君曾罷,1
3400,致君曾罷雙,1
3401,君曾罷雙旌,1
3402,曾罷雙旌瞻,1
3403,罷雙旌瞻白,1
3404,雙旌瞻白日,1
3405,旌瞻白日猶,1
3406,瞻白日猶將,1
3407,白日猶將一,1
3408,日猶將一劍,1
3409,猶將一劍許,1
3410,將一劍許黃,1
3411,一劍許黃雲,1
3412,劍許黃雲搖,1
3413,許黃雲搖窗,1
3414,黃雲搖窗竹,1
3415,雲搖窗竹色,1
3416,搖窗竹色留,1
3417,窗竹色留僧,1
3418,竹色留僧語,1
3419,色留僧語入,1
3420,留僧語入院,1
3421,僧語入院松,1
3422,語入院松聲,1
3423,入院松聲共,1
3424,院松聲共鶴,1
3425,松聲共鶴聞,1
3426,聲共鶴聞莫,1
3427,共鶴聞莫被,1
3428,鶴聞莫被此,1
3429,聞莫被此心,1
3430,莫被此心生,1
3431,被此心生晚,1
3432,此心生晚計,1
3433,心生晚計鎮,1
3434,生晚計鎮南,1
3435,晚計鎮南人,1
3436,計鎮南人憶,1
3437,鎮南人憶杜,1
3438,南人憶杜將,1
3439,人憶杜將軍,1
3440,憶杜將軍六,1
3441,杜將軍六年,1
3442,將軍六年西,1
3443,軍六年西掖,1
3444,六年西掖弘,1
3445,年西掖弘湯,1
3446,西掖弘湯誥,1
3447,掖弘湯誥三,1
3448,弘湯誥三捷,1
3449,湯誥三捷東,1
3450,誥三捷東堂,1
3451,三捷東堂總,1
3452,捷東堂總漢,1
3453,東堂總漢科,1
3454,堂總漢科政,1
3455,總漢科政引,1
3456,漢科政引風,1
3457,科政引風霜,1
3458,政引風霜成,1
3459,引風霜成物,1
3460,風霜成物色,1
3461,霜成物色語,1
3462,成物色語回,1
3463,物色語回天,1
3464,色語回天地,1
3465,語回天地到,1
3466,回天地到陽,1
3467,天地到陽和,1
3468,地到陽和清,1
3469,到陽和清威,1
3470,陽和清威更,1
3471,和清威更助,1
3472,清威更助朝,1
3473,威更助朝端,1
3474,更助朝端重,1
3475,助朝端重聖,1
3476,朝端重聖澤,1
3477,端重聖澤曾,1
3478,重聖澤曾隨,1
3479,聖澤曾隨筆,1
3480,澤曾隨筆下,1
3481,曾隨筆下多,1
3482,隨筆下多應,1
3483,筆下多應笑,1
3484,下多應笑白,1
3485,多應笑白須,1
3486,應笑白須揚,1
3487,笑白須揚執,1
3488,白須揚執戟,1
3489,須揚執戟可,1
3490,揚執戟可憐,1
3491,執戟可憐春,1
3492,戟可憐春日,1
3493,可憐春日老,1
3494,憐春日老如,1
3495,春日老如何,1
3496,日老如何天,1
3497,老如何天水,1
3498,如何天水藏,1
3499,何天水藏來,1
3500,天水藏來玉,1
3501,水藏來玉墮,1
3502,藏來玉墮空,1
3503,來玉墮空先,1
3504,玉墮空先頒,1
3505,墮空先頒密,1
3506,空先頒密署,1
3507,先頒密署幾,1
3508,頒密署幾人,1
3509,密署幾人同,1
3510,署幾人同映,1
3511,幾人同映盤,1
3512,人同映盤皎,1
3513,同映盤皎潔,1
3514,映盤皎潔非,1
3515,盤皎潔非資,1
3516,皎潔非資月,1
3517,潔非資月披,1
3518,非資月披扇,1
3519,資月披扇清,1
3520,月披扇清涼,1
3521,披扇清涼不,1
3522,扇清涼不在,1
3523,清涼不在風,1
3524,涼不在風瑩,1
3525,不在風瑩質,1
3526,在風瑩質方,1
3527,風瑩質方從,1
3528,瑩質方從綸,1
3529,質方從綸閣,1
3530,方從綸閣內,1
3531,從綸閣內凝,1
3532,綸閣內凝輝,1
3533,閣內凝輝更,1
3534,內凝輝更向,1
3535,凝輝更向畫,1
3536,輝更向畫堂,1
3537,更向畫堂中,1
3538,向畫堂中麗,1
3539,畫堂中麗詞,1
3540,堂中麗詞珍,1
3541,中麗詞珍貺,1
3542,麗詞珍貺難,1
3543,詞珍貺難雙,1
3544,珍貺難雙有,1
3545,貺難雙有迢,1
3546,難雙有迢遞,1
3547,雙有迢遞金,1
3548,有迢遞金輿,1
3549,迢遞金輿殿,1
3550,遞金輿殿角,1
3551,金輿殿角東,1
3552,輿殿角東親,1
3553,殿角東親掃,1
3554,角東親掃球,1
3555,東親掃球場,1
3556,親掃球場如,1
3557,掃球場如砥,1
3558,球場如砥平,1
3559,場如砥平龍,1
3560,如砥平龍驤,1
3561,砥平龍驤驟,1
3562,平龍驤驟馬,1
3563,龍驤驟馬曉,1
3564,驤驟馬曉光,1
3565,驟馬曉光晴,1
3566,馬曉光晴入,1
3567,曉光晴入門,1
3568,光晴入門百,1
3569,晴入門百拜,1
3570,入門百拜瞻,1
3571,門百拜瞻雄,1
3572,百拜瞻雄勢,1
3573,拜瞻雄勢動,1
3574,瞻雄勢動地,1
3575,雄勢動地三,1
3576,勢動地三軍,1
3577,動地三軍唱,1
3578,地三軍唱好,1
3579,三軍唱好聲,1
3580,軍唱好聲玉,1
3581,唱好聲玉勒,1
3582,好聲玉勒回,1
3583,聲玉勒回時,1
3584,玉勒回時沾,1
3585,勒回時沾赤,1
3586,回時沾赤汗,1
3587,時沾赤汗花,1
3588,沾赤汗花鬃,1
3589,赤汗花鬃分,1
3590,汗花鬃分處,1
3591,花鬃分處拂,1
3592,鬃分處拂紅,1
3593,分處拂紅纓,1
3594,處拂紅纓欲,1
3595,拂紅纓欲令,1
3596,紅纓欲令四,1
3597,纓欲令四海,1
3598,欲令四海氛,1
3599,令四海氛煙,1
3600,四海氛煙靜,1
3601,海氛煙靜杖,1
3602,氛煙靜杖底,1
3603,煙靜杖底纖,1
3604,靜杖底纖塵,1
3605,杖底纖塵不,1
3606,底纖塵不敢,1
3607,纖塵不敢生,1
3608,塵不敢生明,1
3609,不敢生明朝,1
3610,敢生明朝晴,1
3611,生明朝晴暖,1
3612,明朝晴暖即,1
3613,朝晴暖即相,1
3614,晴暖即相隨,1
3615,暖即相隨肯,1
3616,即相隨肯信,1
3617,相隨肯信春,1
3618,隨肯信春光,1
3619,肯信春光被,1
3620,信春光被雨,1
3621,春光被雨欺,1
3622,光被雨欺且,1
3623,被雨欺且任,1
3624,雨欺且任文,1
3625,欺且任文書,1
3626,且任文書堆,1
3627,任文書堆案,1
3628,文書堆案上,1
3629,書堆案上免,1
3630,堆案上免令,1
3631,案上免令杯,1
3632,上免令杯酒,1
3633,免令杯酒負,1
3634,令杯酒負花,1
3635,杯酒負花時,1
3636,酒負花時馬,1
3637,負花時馬蹄,1
3638,花時馬蹄經,1
3639,時馬蹄經歷,1
3640,馬蹄經歷須,1
3641,蹄經歷須應,1
3642,經歷須應遍,1
3643,歷須應遍鶯,1
3644,須應遍鶯語,1
3645,應遍鶯語叮,1
3646,遍鶯語叮嚀,1
3647,鶯語叮嚀已,1
3648,語叮嚀已怪,1
3649,叮嚀已怪遲,1
3650,嚀已怪遲更,1
3651,已怪遲更待,1
3652,怪遲更待雜,1
3653,遲更待雜芳,1
3654,更待雜芳成,1
3655,待雜芳成豔,1
3656,雜芳成豔錦,1
3657,芳成豔錦鄴,1
3658,成豔錦鄴中,1
3659,豔錦鄴中爭,1
3660,錦鄴中爭唱,1
3661,鄴中爭唱仲,1
3662,中爭唱仲宣,1
3663,爭唱仲宣詩,1
3664,唱仲宣詩衛,1
3665,仲宣詩衛多,1
3666,宣詩衛多君,1
3667,詩衛多君子,1
3668,衛多君子魯,1
3669,多君子魯多,1
3670,君子魯多儒,1
3671,子魯多儒七,1
3672,魯多儒七歲,1
3673,多儒七歲聞,1
3674,儒七歲聞天,1
3675,七歲聞天笑,1
3676,歲聞天笑舞,1
3677,聞天笑舞雩,1
3678,天笑舞雩光,1
3679,笑舞雩光彩,1
3680,舞雩光彩春,1
3681,雩光彩春風,1
3682,光彩春風初,1
3683,彩春風初轉,1
3684,春風初轉蕙,1
3685,風初轉蕙性,1
3686,初轉蕙性靈,1
3687,轉蕙性靈秋,1
3688,蕙性靈秋水,1
3689,性靈秋水不,1
3690,靈秋水不藏,1
3691,秋水不藏珠,1
3692,水不藏珠兩,1
3693,不藏珠兩經,1
3694,藏珠兩經在,1
3695,珠兩經在口,1
3696,兩經在口知,1
3697,經在口知名,1
3698,在口知名小,1
3699,口知名小百,1
3700,知名小百拜,1
3701,名小百拜垂,1
3702,小百拜垂髫,1
3703,百拜垂髫稟,1
3704,拜垂髫稟氣,1
3705,垂髫稟氣殊,1
3706,髫稟氣殊況,1
3707,稟氣殊況複,1
3708,氣殊況複元,1
3709,殊況複元侯,1
3710,況複元侯旌,1
3711,複元侯旌爾,1
3712,元侯旌爾善,1
3713,侯旌爾善桂,1
3714,旌爾善桂林,1
3715,爾善桂林枝,1
3716,善桂林枝上,1
3717,桂林枝上得,1
3718,林枝上得鵷,1
3719,枝上得鵷雛,1
3720,上得鵷雛武,1
3721,得鵷雛武皇,1
3722,鵷雛武皇金,1
3723,雛武皇金輅,1
3724,武皇金輅輾,1
3725,皇金輅輾香,1
3726,金輅輾香塵,1
3727,輅輾香塵每,1
3728,輾香塵每歲,1
3729,香塵每歲朝,1
3730,塵每歲朝元,1
3731,每歲朝元及,1
3732,歲朝元及此,1
3733,朝元及此辰,1
3734,元及此辰光,1
3735,及此辰光動,1
3736,此辰光動泉,1
3737,辰光動泉心,1
3738,光動泉心初,1
3739,動泉心初浴,1
3740,泉心初浴日,1
3741,心初浴日氣,1
3742,初浴日氣蒸,1
3743,浴日氣蒸山,1
3744,日氣蒸山腹,1
3745,氣蒸山腹總,1
3746,蒸山腹總成,1
3747,山腹總成春,1
3748,腹總成春謳,1
3749,總成春謳歌,1
3750,成春謳歌已,1
3751,春謳歌已入,1
3752,謳歌已入雲,1
3753,歌已入雲韶,1
3754,已入雲韶曲,1
3755,入雲韶曲詞,1
3756,雲韶曲詞賦,1
3757,韶曲詞賦方,1
3758,曲詞賦方歸,1
3759,詞賦方歸侍,1
3760,賦方歸侍從,1
3761,方歸侍從臣,1
3762,歸侍從臣瑞,1
3763,侍從臣瑞靄,1
3764,從臣瑞靄朝,1
3765,臣瑞靄朝朝,1
3766,瑞靄朝朝猶,1
3767,靄朝朝猶望,1
3768,朝朝猶望幸,1
3769,朝猶望幸天,1
3770,猶望幸天教,1
3771,望幸天教赤,1
3772,幸天教赤縣,1
3773,天教赤縣有,1
3774,教赤縣有詩,1
3775,赤縣有詩人,1
3776,縣有詩人自,1
3777,有詩人自知,1
3778,詩人自知頑,1
3779,人自知頑叟,1
3780,自知頑叟更,1
3781,知頑叟更何,1
3782,頑叟更何能,1
3783,叟更何能唯,1
3784,更何能唯學,1
3785,何能唯學雕,1
3786,能唯學雕蟲,1
3787,唯學雕蟲謬,1
3788,學雕蟲謬見,1
3789,雕蟲謬見稱,1
3790,蟲謬見稱長,1
3791,謬見稱長被,1
3792,見稱長被有,1
3793,稱長被有情,1
3794,長被有情邀,1
3795,被有情邀唱,1
3796,有情邀唱和,1
3797,情邀唱和近,1
3798,邀唱和近來,1
3799,唱和近來無,1
3800,和近來無力,1
3801,近來無力更,1
3802,來無力更祗,1
3803,無力更祗承,1
3804,力更祗承青,1
3805,更祗承青松,1
3806,祗承青松樹,1
3807,承青松樹杪,1
3808,青松樹杪三,1
3809,松樹杪三千,1
3810,樹杪三千鶴,1
3811,杪三千鶴白,1
3812,三千鶴白玉,1
3813,千鶴白玉壺,1
3814,鶴白玉壺中,1
3815,白玉壺中一,1
3816,玉壺中一片,1
3817,壺中一片冰,1
3818,中一片冰今,1
3819,一片冰今日,1
3820,片冰今日為,1
3821,冰今日為君,1
3822,今日為君書,1
3823,日為君書壁,1
3824,為君書壁右,1
3825,君書壁右孤,1
3826,書壁右孤城,1
3827,壁右孤城莫,1
3828,右孤城莫怕,1
3829,孤城莫怕世,1
3830,城莫怕世人,1
3831,莫怕世人憎,1
3832,怕世人憎誰,1
3833,世人憎誰道,1
3834,人憎誰道重,1
3835,憎誰道重遷,1
3836,誰道重遷是,1
3837,道重遷是舊,1
3838,重遷是舊班,1
3839,遷是舊班自,1
3840,是舊班自將,1
3841,舊班自將霄,1
3842,班自將霄漢,1
3843,自將霄漢比,1
3844,將霄漢比鄉,1
3845,霄漢比鄉關,1
3846,漢比鄉關二,1
3847,比鄉關二妃,1
3848,鄉關二妃樓,1
3849,關二妃樓下,1
3850,二妃樓下宜,1
3851,妃樓下宜臨,1
3852,樓下宜臨水,1
3853,下宜臨水五,1
3854,宜臨水五老,1
3855,臨水五老祠,1
3856,水五老祠西,1
3857,五老祠西好,1
3858,老祠西好看,1
3859,祠西好看山,1
3860,西好看山再,1
3861,好看山再葺,1
3862,看山再葺吾,1
3863,山再葺吾廬,1
3864,再葺吾廬心,1
3865,葺吾廬心已,1
3866,吾廬心已足,1
3867,廬心已足每,1
3868,心已足每來,1
3869,已足每來公,1
3870,足每來公府,1
3871,每來公府路,1
3872,來公府路常,1
3873,公府路常閑,1
3874,府路常閑詩,1
3875,路常閑詩陪,1
3876,常閑詩陪亞,1
3877,閑詩陪亞相,1
3878,詩陪亞相逾,1
3879,陪亞相逾三,1
3880,亞相逾三紀,1
3881,相逾三紀石,1
3882,逾三紀石笥,1
3883,三紀石笥煙,1
3884,紀石笥煙霞,1
3885,石笥煙霞不,1
3886,笥煙霞不共,1
3887,煙霞不共攀,1
3888,霞不共攀好,1
3889,不共攀好客,1
3890,共攀好客風,1
3891,攀好客風流,1
3892,好客風流玳,1
3893,客風流玳瑁,1
3894,風流玳瑁簪,1
3895,流玳瑁簪重,1
3896,玳瑁簪重簷,1
3897,瑁簪重簷高,1
3898,簪重簷高幕,1
3899,重簷高幕曉,1
3900,簷高幕曉沉,1
3901,高幕曉沉沉,1
3902,幕曉沉沉綺,1
3903,曉沉沉綺筵,1
3904,沉沉綺筵霜,1
3905,沉綺筵霜重,1
3906,綺筵霜重旌,1
3907,筵霜重旌旗,1
3908,霜重旌旗滿,1
3909,重旌旗滿玉,1
3910,旌旗滿玉帳,1
3911,旗滿玉帳天,1
3912,滿玉帳天清,1
3913,玉帳天清絲,1
3914,帳天清絲管,1
3915,天清絲管聲,1
3916,清絲管聲繁,1
3917,絲管聲繁戲,1
3918,管聲繁戲徒,1
3919,聲繁戲徒過,1
3920,繁戲徒過魯,1
3921,戲徒過魯儒,1
3922,徒過魯儒目,1
3923,過魯儒目眾,1
3924,魯儒目眾歡,1
3925,儒目眾歡方,1
3926,目眾歡方集,1
3927,眾歡方集漢,1
3928,歡方集漢郎,1
3929,方集漢郎心,1
3930,集漢郎心寒,1
3931,漢郎心寒笳,1
3932,郎心寒笳一,1
3933,心寒笳一曲,1
3934,寒笳一曲嚴,1
3935,笳一曲嚴城,1
3936,一曲嚴城暮,1
3937,曲嚴城暮雲,1
3938,嚴城暮雲騎,1
3939,城暮雲騎連,1
3940,暮雲騎連嘶,1
3941,雲騎連嘶香,1
3942,騎連嘶香外,1
3943,連嘶香外林,1
3944,嘶香外林百,1
3945,香外林百張,1
3946,外林百張雲,1
3947,林百張雲樣,1
3948,百張雲樣亂,1
3949,張雲樣亂花,1
3950,雲樣亂花開,1
3951,樣亂花開七,1
3952,亂花開七字,1
3953,花開七字文,1
3954,開七字文頭,1
3955,七字文頭豔,1
3956,字文頭豔錦,1
3957,文頭豔錦回,1
3958,頭豔錦回浮,1
3959,豔錦回浮碧,1
3960,錦回浮碧空,1
3961,回浮碧空從,1
3962,浮碧空從天,1
3963,碧空從天上,1
3964,空從天上得,1
3965,從天上得殷,1
3966,天上得殷紅,1
3967,上得殷紅應,1
3968,得殷紅應自,1
3969,殷紅應自日,1
3970,紅應自日邊,1
3971,應自日邊來,1
3972,自日邊來捧,1
3973,日邊來捧持,1
3974,邊來捧持價,1
3975,來捧持價重,1
3976,捧持價重淩,1
3977,持價重淩雲,1
3978,價重淩雲葉,1
3979,重淩雲葉封,1
3980,淩雲葉封裹,1
3981,雲葉封裹香,1
3982,葉封裹香深,1
3983,封裹香深笑,1
3984,裹香深笑海,1
3985,香深笑海苔,1
3986,深笑海苔滿,1
3987,笑海苔滿篋,1
3988,海苔滿篋清,1
3989,苔滿篋清光,1
3990,滿篋清光應,1
3991,篋清光應照,1
3992,清光應照眼,1
3993,光應照眼欲,1
3994,應照眼欲題,1
3995,照眼欲題凡,1
3996,眼欲題凡韻,1
3997,欲題凡韻輒,1
3998,題凡韻輒裴,1
3999,凡韻輒裴回,1
4000,韻輒裴回天,1
4001,輒裴回天低,1
4002,裴回天低荒,1
4003,回天低荒草,1
4004,天低荒草誓,1
4005,低荒草誓師,1
4006,荒草誓師壇,1
4007,草誓師壇鄧,1
4008,誓師壇鄧艾,1
4009,師壇鄧艾心,1
4010,壇鄧艾心知,1
4011,鄧艾心知戰,1
4012,艾心知戰地,1
4013,心知戰地寬,1
4014,知戰地寬鼓,1
4015,戰地寬鼓角,1
4016,地寬鼓角迥,1
4017,寬鼓角迥臨,1
4018,鼓角迥臨霜,1
4019,角迥臨霜野,1
4020,迥臨霜野曙,1
4021,臨霜野曙旌,1
4022,霜野曙旌旗,1
4023,野曙旌旗高,1
4024,曙旌旗高對,1
4025,旌旗高對雪,1
4026,旗高對雪峰,1
4027,高對雪峰寒,1
4028,對雪峰寒五,1
4029,雪峰寒五營,1
4030,峰寒五營向,1
4031,寒五營向水,1
4032,五營向水紅,1
4033,營向水紅塵,1
4034,向水紅塵起,1
4035,水紅塵起一,1
4036,紅塵起一劍,1
4037,塵起一劍當,1
4038,起一劍當風,1
4039,一劍當風白,1
4040,劍當風白日,1
4041,當風白日看,1
4042,風白日看曾,1
4043,白日看曾從,1
4044,日看曾從伏,1
4045,看曾從伏波,1
4046,曾從伏波征,1
4047,從伏波征絕,1
4048,伏波征絕域,1
4049,波征絕域磧,1
4050,征絕域磧西,1
4051,絕域磧西蕃,1
4052,域磧西蕃部,1
4053,磧西蕃部怯,1
4054,西蕃部怯金,1
4055,蕃部怯金鞍,1
4056,部怯金鞍大,1
4057,怯金鞍大明,1
4058,金鞍大明宮,1
4059,鞍大明宮殿,1
4060,大明宮殿鬱,1
4061,明宮殿鬱蒼,1
4062,宮殿鬱蒼蒼,1
4063,殿鬱蒼蒼紫,1
4064,鬱蒼蒼紫禁,1
4065,蒼蒼紫禁龍,1
4066,蒼紫禁龍樓,1
4067,紫禁龍樓直,1
4068,禁龍樓直署,1
4069,龍樓直署香,1
4070,樓直署香九,1
4071,直署香九陌,1
4072,署香九陌華,1
4073,香九陌華軒,1
4074,九陌華軒爭,1
4075,陌華軒爭道,1
4076,華軒爭道路,1
4077,軒爭道路一,1
4078,爭道路一枝,1
4079,道路一枝寒,1
4080,路一枝寒玉,1
4081,一枝寒玉任,1
4082,枝寒玉任煙,1
4083,寒玉任煙霜,1
4084,玉任煙霜須,1
4085,任煙霜須聽,1
4086,煙霜須聽瑞,1
4087,霜須聽瑞雪,1
4088,須聽瑞雪傳,1
4089,聽瑞雪傳心,1
4090,瑞雪傳心語,1
4091,雪傳心語莫,1
4092,傳心語莫被,1
4093,心語莫被啼,1
4094,語莫被啼猿,1
4095,莫被啼猿續,1
4096,被啼猿續淚,1
4097,啼猿續淚行,1
4098,猿續淚行共,1
4099,續淚行共說,1
4100,淚行共說聖,1
4101,行共說聖朝,1
4102,共說聖朝容,1
4103,說聖朝容直,1
4104,聖朝容直氣,1
4105,朝容直氣期,1
4106,容直氣期君,1
4107,直氣期君新,1
4108,氣期君新歲,1
4109,期君新歲奉,1
4110,君新歲奉恩,1
4111,新歲奉恩光,1
4112,歲奉恩光公,1
4113,奉恩光公子,1
4114,恩光公子髫,1
4115,光公子髫年,1
4116,公子髫年四,1
4117,子髫年四海,1
4118,髫年四海聞,1
4119,年四海聞城,1
4120,四海聞城南,1
4121,海聞城南侍,1
4122,聞城南侍獵,1
4123,城南侍獵雪,1
4124,南侍獵雪雰,1
4125,侍獵雪雰雰,1
4126,獵雪雰雰馬,1
4127,雪雰雰馬盤,1
4128,雰雰馬盤曠,1
4129,雰馬盤曠野,1
4130,馬盤曠野弦,1
4131,盤曠野弦開,1
4132,曠野弦開月,1
4133,野弦開月雁,1
4134,弦開月雁落,1
4135,開月雁落寒,1
4136,月雁落寒原,1
4137,雁落寒原箭,1
4138,落寒原箭在,1
4139,寒原箭在雲,1
4140,原箭在雲曾,1
4141,箭在雲曾向,1
4142,在雲曾向天,1
4143,雲曾向天西,1
4144,曾向天西穿,1
4145,向天西穿虜,1
4146,天西穿虜陣,1
4147,西穿虜陣慣,1
4148,穿虜陣慣遊,1
4149,虜陣慣遊花,1
4150,陣慣遊花下,1
4151,慣遊花下領,1
4152,遊花下領儒,1
4153,花下領儒群,1
4154,下領儒群一,1
4155,領儒群一枝,1
4156,儒群一枝瓊,1
4157,群一枝瓊萼,1
4158,一枝瓊萼朝,1
4159,枝瓊萼朝光,1
4160,瓊萼朝光好,1
4161,萼朝光好彩,1
4162,朝光好彩服,1
4163,光好彩服飄,1
4164,好彩服飄飄,1
4165,彩服飄飄從,1
4166,服飄飄從冠,1
4167,飄飄從冠軍,1
4168,飄從冠軍向,1
4169,從冠軍向年,1
4170,冠軍向年擢,1
4171,軍向年擢桂,1
4172,向年擢桂儒,1
4173,年擢桂儒生,1
4174,擢桂儒生業,1
4175,桂儒生業今,1
4176,儒生業今日,1
4177,生業今日分,1
4178,業今日分茅,1
4179,今日分茅聖,1
4180,日分茅聖主,1
4181,分茅聖主恩,1
4182,茅聖主恩旌,1
4183,聖主恩旌旆,1
4184,主恩旌旆仍,1
4185,恩旌旆仍將,1
4186,旌旆仍將過,1
4187,旆仍將過鄉,1
4188,仍將過鄉路,1
4189,將過鄉路軒,1
4190,過鄉路軒車,1
4191,鄉路軒車爭,1
4192,路軒車爭看,1
4193,軒車爭看出,1
4194,車爭看出都,1
4195,爭看出都門,1
4196,看出都門人,1
4197,出都門人間,1
4198,都門人間文,1
4199,門人間文武,1
4200,人間文武能,1
4201,間文武能雙,1
4202,文武能雙捷,1
4203,武能雙捷天,1
4204,能雙捷天下,1
4205,雙捷天下安,1
4206,捷天下安危,1
4207,天下安危待,1
4208,下安危待一,1
4209,安危待一論,1
4210,危待一論布,1
4211,待一論布惠,1
4212,一論布惠宣,1
4213,論布惠宣威,1
4214,布惠宣威大,1
4215,惠宣威大夫,1
4216,宣威大夫事,1
4217,威大夫事不,1
4218,大夫事不妨,1
4219,夫事不妨詩,1
4220,事不妨詩思,1
4221,不妨詩思許,1
4222,妨詩思許琴,1
4223,詩思許琴尊,1
4224,思許琴尊練,1
4225,許琴尊練思,1
4226,琴尊練思多,1
4227,尊練思多時,1
4228,練思多時冰,1
4229,思多時冰雪,1
4230,多時冰雪清,1
4231,時冰雪清拂,1
4232,冰雪清拂衣,1
4233,雪清拂衣無,1
4234,清拂衣無語,1
4235,拂衣無語別,1
4236,衣無語別書,1
4237,無語別書生,1
4238,語別書生莫,1
4239,別書生莫將,1
4240,書生莫將甲,1
4241,生莫將甲乙,1
4242,莫將甲乙為,1
4243,將甲乙為前,1
4244,甲乙為前累,1
4245,乙為前累不,1
4246,為前累不廢,1
4247,前累不廢煙,1
4248,累不廢煙霄,1
4249,不廢煙霄是,1
4250,廢煙霄是此,1
4251,煙霄是此行,1
4252,霄是此行定,1
4253,是此行定愛,1
4254,此行定愛紅,1
4255,行定愛紅雲,1
4256,定愛紅雲燃,1
4257,愛紅雲燃楚,1
4258,紅雲燃楚色,1
4259,雲燃楚色應,1
4260,燃楚色應看,1
4261,楚色應看白,1
4262,色應看白雨,1
4263,應看白雨打,1
4264,看白雨打江,1
4265,白雨打江聲,1
4266,雨打江聲心,1
4267,打江聲心期,1
4268,江聲心期玉,1
4269,聲心期玉帳,1
4270,心期玉帳親,1
4271,期玉帳親台,1
4272,玉帳親台位,1
4273,帳親台位魏,1
4274,親台位魏勃,1
4275,台位魏勃因,1
4276,位魏勃因君,1
4277,魏勃因君說,1
4278,勃因君說姓,1
4279,因君說姓名,1
4280,君說姓名竹,1
4281,說姓名竹寺,1
4282,姓名竹寺題,1
4283,名竹寺題名,1
4284,竹寺題名一,1
4285,寺題名一半,1
4286,題名一半空,1
4287,名一半空衰,1
4288,一半空衰榮,1
4289,半空衰榮三,1
4290,空衰榮三十,1
4291,衰榮三十六,1
4292,榮三十六人,1
4293,三十六人中,1
4294,十六人中在,1
4295,六人中在生,1
4296,人中在生本,1
4297,中在生本要,1
4298,在生本要求,1
4299,生本要求知,1
4300,本要求知己,1
4301,要求知己垂,1
4302,求知己垂老,1
4303,知己垂老應,1
4304,己垂老應憐,1
4305,垂老應憐值,1
4306,老應憐值相,1
4307,應憐值相公,1
4308,憐值相公敢,1
4309,值相公敢望,1
4310,相公敢望燮,1
4311,公敢望燮和,1
4312,敢望燮和回,1
4313,望燮和回舊,1
4314,燮和回舊律,1
4315,和回舊律任,1
4316,回舊律任應,1
4317,舊律任應時,1
4318,律任應時節,1
4319,任應時節到,1
4320,應時節到春,1
4321,時節到春風,1
4322,節到春風若,1
4323,到春風若為,1
4324,春風若為問,1
4325,風若為問得,1
4326,若為問得蒼,1
4327,為問得蒼蒼,1
4328,問得蒼蒼意,1
4329,得蒼蒼意造,1
4330,蒼蒼意造化,1
4331,蒼意造化無,1
4332,意造化無言,1
4333,造化無言自,1
4334,化無言自是,1
4335,無言自是功,1
4336,言自是功嚴,1
4337,自是功嚴城,1
4338,是功嚴城吹,1
4339,功嚴城吹笛,1
4340,嚴城吹笛思,1
4341,城吹笛思寒,1
4342,吹笛思寒梅,1
4343,笛思寒梅二,1
4344,思寒梅二月,1
4345,寒梅二月冰,1
4346,梅二月冰河,1
4347,二月冰河一,1
4348,月冰河一半,1
4349,冰河一半開,1
4350,河一半開紫,1
4351,一半開紫陌,1
4352,半開紫陌詩,1
4353,開紫陌詩情,1
4354,紫陌詩情依,1
4355,陌詩情依舊,1
4356,詩情依舊在,1
4357,情依舊在黑,1
4358,依舊在黑山,1
4359,舊在黑山弓,1
4360,在黑山弓力,1
4361,黑山弓力畏,1
4362,山弓力畏春,1
4363,弓力畏春來,1
4364,力畏春來遊,1
4365,畏春來遊人,1
4366,春來遊人曲,1
4367,來遊人曲岸,1
4368,遊人曲岸看,1
4369,人曲岸看花,1
4370,曲岸看花發,1
4371,岸看花發走,1
4372,看花發走馬,1
4373,花發走馬平,1
4374,發走馬平沙,1
4375,走馬平沙獵,1
4376,馬平沙獵雪,1
4377,平沙獵雪回,1
4378,沙獵雪回旌,1
4379,獵雪回旌旆,1
4380,雪回旌旆朝,1
4381,回旌旆朝天,1
4382,旌旆朝天不,1
4383,旆朝天不知,1
4384,朝天不知晚,1
4385,天不知晚將,1
4386,不知晚將星,1
4387,知晚將星高,1
4388,晚將星高處,1
4389,將星高處近,1
4390,星高處近三,1
4391,高處近三台,1
4392,處近三台秋,1
4393,近三台秋空,1
4394,三台秋空如,1
4395,台秋空如練,1
4396,秋空如練瑞,1
4397,空如練瑞雲,1
4398,如練瑞雲明,1
4399,練瑞雲明天,1
4400,瑞雲明天上,1
4401,雲明天上人,1
4402,明天上人間,1
4403,天上人間莫,1
4404,上人間莫問,1
4405,人間莫問程,1
4406,間莫問程丹,1
4407,莫問程丹鳳,1
4408,問程丹鳳詞,1
4409,程丹鳳詞頭,1
4410,丹鳳詞頭供,1
4411,鳳詞頭供二,1
4412,詞頭供二妙,1
4413,頭供二妙金,1
4414,供二妙金鑾,1
4415,二妙金鑾殿,1
4416,妙金鑾殿角,1
4417,金鑾殿角直,1
4418,鑾殿角直三,1
4419,殿角直三清,1
4420,角直三清方,1
4421,直三清方瞻,1
4422,三清方瞻北,1
4423,清方瞻北極,1
4424,方瞻北極臨,1
4425,瞻北極臨星,1
4426,北極臨星月,1
4427,極臨星月猶,1
4428,臨星月猶向,1
4429,星月猶向南,1
4430,月猶向南班,1
4431,猶向南班滯,1
4432,向南班滯姓,1
4433,南班滯姓名,1
4434,班滯姓名啟,1
4435,滯姓名啟沃,1
4436,姓名啟沃朝,1
4437,名啟沃朝朝,1
4438,啟沃朝朝深,1
4439,沃朝朝深禁,1
4440,朝朝深禁裏,1
4441,朝深禁裏香,1
4442,深禁裏香爐,1
4443,禁裏香爐煙,1
4444,裏香爐煙外,1
4445,香爐煙外是,1
4446,爐煙外是公,1
4447,煙外是公卿,1
4448,外是公卿造,1
4449,是公卿造化,1
4450,公卿造化多,1
4451,卿造化多情,1
4452,造化多情狀,1
4453,化多情狀物,1
4454,多情狀物親,1
4455,情狀物親剪,1
4456,狀物親剪花,1
4457,物親剪花鋪,1
4458,親剪花鋪玉,1
4459,剪花鋪玉萬,1
4460,花鋪玉萬重,1
4461,鋪玉萬重新,1
4462,玉萬重新閑,1
4463,萬重新閑飄,1
4464,重新閑飄上,1
4465,新閑飄上路,1
4466,閑飄上路呈,1
4467,飄上路呈豐,1
4468,上路呈豐歲,1
4469,路呈豐歲狂,1
4470,呈豐歲狂舞,1
4471,豐歲狂舞中,1
4472,歲狂舞中庭,1
4473,狂舞中庭學,1
4474,舞中庭學醉,1
4475,中庭學醉春,1
4476,庭學醉春興,1
4477,學醉春興逸,1
4478,醉春興逸何,1
4479,春興逸何妨,1
4480,興逸何妨尋,1
4481,逸何妨尋剡,1
4482,何妨尋剡客,1
4483,妨尋剡客唱,1
4484,尋剡客唱高,1
4485,剡客唱高還,1
4486,客唱高還肯,1
4487,唱高還肯寄,1
4488,高還肯寄巴,1
4489,還肯寄巴人,1
4490,肯寄巴人遙,1
4491,寄巴人遙知,1
4492,巴人遙知獨,1
4493,人遙知獨立,1
4494,遙知獨立芝,1
4495,知獨立芝蘭,1
4496,獨立芝蘭閣,1
4497,立芝蘭閣滿,1
4498,芝蘭閣滿眼,1
4499,蘭閣滿眼清,1
4500,閣滿眼清光,1
4501,滿眼清光壓,1
4502,眼清光壓俗,1
4503,清光壓俗塵,1
4504,光壓俗塵南,1
4505,壓俗塵南宮,1
4506,俗塵南宮使,1
4507,塵南宮使者,1
4508,南宮使者有,1
4509,宮使者有光,1
4510,使者有光輝,1
4511,者有光輝欲,1
4512,有光輝欲拜,1
4513,光輝欲拜諸,1
4514,輝欲拜諸陵,1
4515,欲拜諸陵瑞,1
4516,拜諸陵瑞雪,1
4517,諸陵瑞雪飛,1
4518,陵瑞雪飛蘋,1
4519,瑞雪飛蘋葉,1
4520,雪飛蘋葉已,1
4521,飛蘋葉已修,1
4522,蘋葉已修青,1
4523,葉已修青玉,1
4524,已修青玉薦,1
4525,修青玉薦柳,1
4526,青玉薦柳花,1
4527,玉薦柳花仍,1
4528,薦柳花仍拂,1
4529,柳花仍拂赤,1
4530,花仍拂赤車,1
4531,仍拂赤車衣,1
4532,拂赤車衣應,1
4533,赤車衣應同,1
4534,車衣應同穀,1
4535,衣應同穀口,1
4536,應同穀口尋,1
4537,同穀口尋春,1
4538,穀口尋春去,1
4539,口尋春去定,1
4540,尋春去定似,1
4541,春去定似山,1
4542,去定似山陰,1
4543,定似山陰帶,1
4544,似山陰帶月,1
4545,山陰帶月歸,1
4546,陰帶月歸寒,1
4547,帶月歸寒冷,1
4548,月歸寒冷出,1
4549,歸寒冷出郊,1
4550,寒冷出郊猶,1
4551,冷出郊猶未,1
4552,出郊猶未得,1
4553,郊猶未得羨,1
4554,猶未得羨公,1
4555,未得羨公將,1
4556,得羨公將事,1
4557,羨公將事看,1
4558,公將事看芳,1
4559,將事看芳菲,1
4560,事看芳菲雪,1
4561,看芳菲雪滿,1
4562,芳菲雪滿中,1
4563,菲雪滿中庭,1
4564,雪滿中庭月,1
4565,滿中庭月映,1
4566,中庭月映林,1
4567,庭月映林謝,1
4568,月映林謝家,1
4569,映林謝家幽,1
4570,林謝家幽賞,1
4571,謝家幽賞在,1
4572,家幽賞在瑤,1
4573,幽賞在瑤琴,1
4574,賞在瑤琴楚,1
4575,在瑤琴楚妃,1
4576,瑤琴楚妃波,1
4577,琴楚妃波浪,1
4578,楚妃波浪天,1
4579,妃波浪天南,1
4580,波浪天南遠,1
4581,浪天南遠蔡,1
4582,天南遠蔡女,1
4583,南遠蔡女煙,1
4584,遠蔡女煙沙,1
4585,蔡女煙沙漠,1
4586,女煙沙漠北,1
4587,煙沙漠北深,1
4588,沙漠北深顧,1
4589,漠北深顧盼,1
4590,北深顧盼何,1
4591,深顧盼何曾,1
4592,顧盼何曾因,1
4593,盼何曾因誤,1
4594,何曾因誤曲,1
4595,曾因誤曲殷,1
4596,因誤曲殷勤,1
4597,誤曲殷勤終,1
4598,曲殷勤終是,1
4599,殷勤終是感,1
4600,勤終是感知,1
4601,終是感知音,1
4602,是感知音若,1
4603,感知音若將,1
4604,知音若將雅,1
4605,音若將雅調,1
4606,若將雅調開,1
4607,將雅調開詩,1
4608,雅調開詩興,1
4609,調開詩興未,1
4610,開詩興未抵,1
4611,詩興未抵丘,1
4612,興未抵丘遲,1
4613,未抵丘遲一,1
4614,抵丘遲一片,1
4615,丘遲一片心,1
4616,遲一片心天,1
4617,一片心天垂,1
4618,片心天垂台,1
4619,心天垂台耀,1
4620,天垂台耀掃,1
4621,垂台耀掃欃,1
4622,台耀掃欃槍,1
4623,耀掃欃槍壽,1
4624,掃欃槍壽獻,1
4625,欃槍壽獻香,1
4626,槍壽獻香山,1
4627,壽獻香山祝,1
4628,獻香山祝聖,1
4629,香山祝聖明,1
4630,山祝聖明丹,1
4631,祝聖明丹鳳,1
4632,聖明丹鳳樓,1
4633,明丹鳳樓前,1
4634,丹鳳樓前歌,1
4635,鳳樓前歌九,1
4636,樓前歌九奏,1
4637,前歌九奏金,1
4638,歌九奏金雞,1
4639,九奏金雞竿,1
4640,奏金雞竿下,1
4641,金雞竿下鼓,1
4642,雞竿下鼓千,1
4643,竿下鼓千聲,1
4644,下鼓千聲衣,1
4645,鼓千聲衣冠,1
4646,千聲衣冠南,1
4647,聲衣冠南面,1
4648,衣冠南面熏,1
4649,冠南面熏風,1
4650,南面熏風動,1
4651,面熏風動文,1
4652,熏風動文字,1
4653,風動文字東,1
4654,動文字東方,1
4655,文字東方喜,1
4656,字東方喜氣,1
4657,東方喜氣生,1
4658,方喜氣生從,1
4659,喜氣生從此,1
4660,氣生從此登,1
4661,生從此登封,1
4662,從此登封資,1
4663,此登封資廟,1
4664,登封資廟略,1
4665,封資廟略兩,1
4666,資廟略兩河,1
4667,廟略兩河連,1
4668,略兩河連海,1
4669,兩河連海一,1
4670,河連海一時,1
4671,連海一時清,1
4672,海一時清臨,1
4673,一時清臨軒,1
4674,時清臨軒啟,1
4675,清臨軒啟扇,1
4676,臨軒啟扇似,1
4677,軒啟扇似雲,1
4678,啟扇似雲收,1
4679,扇似雲收率,1
4680,似雲收率土,1
4681,雲收率土朝,1
4682,收率土朝天,1
4683,率土朝天劇,1
4684,土朝天劇水,1
4685,朝天劇水流,1
4686,天劇水流瑞,1
4687,劇水流瑞色,1
4688,水流瑞色含,1
4689,流瑞色含春,1
4690,瑞色含春當,1
4691,色含春當正,1
4692,含春當正殿,1
4693,春當正殿香,1
4694,當正殿香煙,1
4695,正殿香煙捧,1
4696,殿香煙捧日,1
4697,香煙捧日在,1
4698,煙捧日在高,1
4699,捧日在高樓,1
4700,日在高樓三,1
4701,在高樓三朝,1
4702,高樓三朝氣,1
4703,樓三朝氣蚤,1
4704,三朝氣蚤迎,1
4705,朝氣蚤迎恩,1
4706,氣蚤迎恩澤,1
4707,蚤迎恩澤萬,1
4708,迎恩澤萬歲,1
4709,恩澤萬歲聲,1
4710,澤萬歲聲長,1
4711,萬歲聲長繞,1
4712,歲聲長繞冕,1
4713,聲長繞冕旒,1
4714,長繞冕旒請,1
4715,繞冕旒請問,1
4716,冕旒請問漢,1
4717,旒請問漢家,1
4718,請問漢家功,1
4719,問漢家功第,1
4720,漢家功第一,1
4721,家功第一麒,1
4722,功第一麒麟,1
4723,第一麒麟閣,1
4724,一麒麟閣上,1
4725,麒麟閣上識,1
4726,麟閣上識酂,1
4727,閣上識酂侯,1
4728,上識酂侯北,1
4729,識酂侯北極,1
4730,酂侯北極長,1
4731,侯北極長尊,1
4732,北極長尊報,1
4733,極長尊報聖,1
4734,長尊報聖期,1
4735,尊報聖期周,1
4736,報聖期周家,1
4737,聖期周家何,1
4738,期周家何用,1
4739,周家何用問,1
4740,家何用問元,1
4741,何用問元龜,1
4742,用問元龜天,1
4743,問元龜天顏,1
4744,元龜天顏入,1
4745,龜天顏入曙,1
4746,天顏入曙千,1
4747,顏入曙千官,1
4748,入曙千官拜,1
4749,曙千官拜元,1
4750,千官拜元日,1
4751,官拜元日迎,1
4752,拜元日迎春,1
4753,元日迎春萬,1
4754,日迎春萬物,1
4755,迎春萬物知,1
4756,春萬物知閶,1
4757,萬物知閶闔,1
4758,物知閶闔回,1
4759,知閶闔回臨,1
4760,閶闔回臨黃,1
4761,闔回臨黃道,1
4762,回臨黃道正,1
4763,臨黃道正衣,1
4764,黃道正衣裳,1
4765,道正衣裳高,1
4766,正衣裳高對,1
4767,衣裳高對碧,1
4768,裳高對碧山,1
4769,高對碧山垂,1
4770,對碧山垂微,1
4771,碧山垂微臣,1
4772,山垂微臣願,1
4773,垂微臣願獻,1
4774,微臣願獻堯,1
4775,臣願獻堯人,1
4776,願獻堯人祝,1
4777,獻堯人祝壽,1
4778,堯人祝壽酒,1
4779,人祝壽酒年,1
4780,祝壽酒年年,1
4781,壽酒年年太,1
4782,酒年年太液,1
4783,年年太液池,1
4784,年太液池白,1
4785,太液池白鳥,1
4786,液池白鳥閑,1
4787,池白鳥閑棲,1
4788,白鳥閑棲亭,1
4789,鳥閑棲亭樹,1
4790,閑棲亭樹枝,1
4791,棲亭樹枝綠,1
4792,亭樹枝綠樽,1
4793,樹枝綠樽仍,1
4794,枝綠樽仍對,1
4795,綠樽仍對菊,1
4796,樽仍對菊花,1
4797,仍對菊花籬,1
4798,對菊花籬許,1
4799,菊花籬許詢,1
4800,花籬許詢本,1
4801,籬許詢本愛,1
4802,許詢本愛交,1
4803,詢本愛交禪,1
4804,本愛交禪侶,1
4805,愛交禪侶陳,1
4806,交禪侶陳寔,1
4807,禪侶陳寔由,1
4808,侶陳寔由來,1
4809,陳寔由來是,1
4810,寔由來是好,1
4811,由來是好兒,1
4812,來是好兒明,1
4813,是好兒明月,1
4814,好兒明月出,1
4815,兒明月出雲,1
4816,明月出雲秋,1
4817,月出雲秋館,1
4818,出雲秋館思,1
4819,雲秋館思遠,1
4820,秋館思遠泉,1
4821,館思遠泉經,1
4822,思遠泉經雨,1
4823,遠泉經雨夜,1
4824,泉經雨夜窗,1
4825,經雨夜窗知,1
4826,雨夜窗知門,1
4827,夜窗知門前,1
4828,窗知門前長,1
4829,知門前長者,1
4830,門前長者無,1
4831,前長者無虛,1
4832,長者無虛轍,1
4833,者無虛轍一,1
4834,無虛轍一片,1
4835,虛轍一片寒,1
4836,轍一片寒光,1
4837,一片寒光動,1
4838,片寒光動水,1
4839,寒光動水池,1
4840,光動水池自,1
4841,動水池自知,1
4842,水池自知休,1
4843,池自知休沐,1
4844,自知休沐諸,1
4845,知休沐諸幽,1
4846,休沐諸幽勝,1
4847,沐諸幽勝遂,1
4848,諸幽勝遂肯,1
4849,幽勝遂肯高,1
4850,勝遂肯高齋,1
4851,遂肯高齋枕,1
4852,肯高齋枕廣,1
4853,高齋枕廣衢,1
4854,齋枕廣衢舊,1
4855,枕廣衢舊地,1
4856,廣衢舊地已,1
4857,衢舊地已開,1
4858,舊地已開新,1
4859,地已開新玉,1
4860,已開新玉圃,1
4861,開新玉圃春,1
4862,新玉圃春山,1
4863,玉圃春山仍,1
4864,圃春山仍展,1
4865,春山仍展綠,1
4866,山仍展綠雲,1
4867,仍展綠雲圖,1
4868,展綠雲圖心,1
4869,綠雲圖心源,1
4870,雲圖心源邀,1
4871,圖心源邀得,1
4872,心源邀得閒,1
4873,源邀得閒詩,1
4874,邀得閒詩證,1
4875,得閒詩證肺,1
4876,閒詩證肺氣,1
4877,詩證肺氣宜,1
4878,證肺氣宜將,1
4879,肺氣宜將慢,1
4880,氣宜將慢酒,1
4881,宜將慢酒扶,1
4882,將慢酒扶此,1
4883,慢酒扶此外,1
4884,酒扶此外唯,1
4885,扶此外唯應,1
4886,此外唯應任,1
4887,外唯應任真,1
4888,唯應任真宰,1
4889,應任真宰同,1
4890,任真宰同塵,1
4891,真宰同塵敢,1
4892,宰同塵敢是,1
4893,同塵敢是道,1
4894,塵敢是道門,1
4895,敢是道門樞,1
4896,是道門樞野,1
4897,道門樞野煙,1
4898,門樞野煙秋,1
4899,樞野煙秋水,1
4900,野煙秋水蒼,1
4901,煙秋水蒼茫,1
4902,秋水蒼茫遠,1
4903,水蒼茫遠禪,1
4904,蒼茫遠禪境,1
4905,茫遠禪境真,1
4906,遠禪境真機,1
4907,禪境真機去,1
4908,境真機去住,1
4909,真機去住閑,1
4910,機去住閑雙,1
4911,去住閑雙樹,1
4912,住閑雙樹為,1
4913,閑雙樹為家,1
4914,雙樹為家思,1
4915,樹為家思舊,1
4916,為家思舊壑,1
4917,家思舊壑千,1
4918,思舊壑千花,1
4919,舊壑千花成,1
4920,壑千花成塔,1
4921,千花成塔禮,1
4922,花成塔禮寒,1
4923,成塔禮寒山,1
4924,塔禮寒山洞,1
4925,禮寒山洞宮,1
4926,寒山洞宮曾,1
4927,山洞宮曾向,1
4928,洞宮曾向龍,1
4929,宮曾向龍邊,1
4930,曾向龍邊宿,1
4931,向龍邊宿雲,1
4932,龍邊宿雲徑,1
4933,邊宿雲徑應,1
4934,宿雲徑應從,1
4935,雲徑應從鳥,1
4936,徑應從鳥外,1
4937,應從鳥外還,1
4938,從鳥外還莫,1
4939,鳥外還莫戀,1
4940,外還莫戀本,1
4941,還莫戀本師,1
4942,莫戀本師金,1
4943,戀本師金骨,1
4944,本師金骨地,1
4945,師金骨地空,1
4946,金骨地空門,1
4947,骨地空門無,1
4948,地空門無處,1
4949,空門無處複,1
4950,門無處複無,1
4951,無處複無關,1
4952,處複無關西,1
4953,複無關西塞,1
4954,無關西塞無,1
4955,關西塞無塵,1
4956,西塞無塵多,1
4957,塞無塵多玉,1
4958,無塵多玉筵,1
4959,塵多玉筵貔,1
4960,多玉筵貔貅,1
4961,玉筵貔貅鴛,1
4962,筵貔貅鴛鷺,1
4963,貔貅鴛鷺儼,1
4964,貅鴛鷺儼相,1
4965,鴛鷺儼相連,1
4966,鷺儼相連紅,1
4967,儼相連紅茵,1
4968,相連紅茵照,1
4969,連紅茵照水,1
4970,紅茵照水開,1
4971,茵照水開樽,1
4972,照水開樽俎,1
4973,水開樽俎翠,1
4974,開樽俎翠幕,1
4975,樽俎翠幕當,1
4976,俎翠幕當雲,1
4977,翠幕當雲發,1
4978,幕當雲發管,1
4979,當雲發管弦,1
4980,雲發管弦歌,1
4981,發管弦歌態,1
4982,管弦歌態曉,1
4983,弦歌態曉臨,1
4984,歌態曉臨團,1
4985,態曉臨團扇,1
4986,曉臨團扇靜,1
4987,臨團扇靜舞,1
4988,團扇靜舞容,1
4989,扇靜舞容春,1
4990,靜舞容春映,1
4991,舞容春映薄,1
4992,容春映薄衫,1
4993,春映薄衫妍,1
4994,映薄衫妍魯,1
4995,薄衫妍魯儒,1
4996,衫妍魯儒縱,1
4997,妍魯儒縱使,1
4998,魯儒縱使他,1
4999,儒縱使他時,1
5000,縱使他時有,1
5001,使他時有不,1
5002,他時有不似,1
5003,時有不似歡,1
5004,有不似歡娛,1
5005,不似歡娛及,1
5006,似歡娛及少,1
5007,歡娛及少年,1
5008,娛及少年滿,1
5009,及少年滿院,1
5010,少年滿院冰,1
5011,年滿院冰姿,1
5012,滿院冰姿粉,1
5013,院冰姿粉籜,1
5014,冰姿粉籜殘,1
5015,姿粉籜殘一,1
5016,粉籜殘一莖,1
5017,籜殘一莖青,1
5018,殘一莖青翠,1
5019,一莖青翠近,1
5020,莖青翠近簾,1
5021,青翠近簾端,1
5022,翠近簾端離,1
5023,近簾端離叢,1
5024,簾端離叢自,1
5025,端離叢自欲,1
5026,離叢自欲親,1
5027,叢自欲親香,1
5028,自欲親香火,1
5029,欲親香火抱,1
5030,親香火抱節,1
5031,香火抱節何,1
5032,火抱節何妨,1
5033,抱節何妨共,1
5034,節何妨共歲,1
5035,何妨共歲寒,1
5036,妨共歲寒能,1
5037,共歲寒能讓,1
5038,歲寒能讓繁,1
5039,寒能讓繁聲,1
5040,能讓繁聲任,1
5041,讓繁聲任真,1
5042,繁聲任真籟,1
5043,聲任真籟解,1
5044,任真籟解將,1
5045,真籟解將孤,1
5046,籟解將孤影,1
5047,解將孤影對,1
5048,將孤影對芳,1
5049,孤影對芳蘭,1
5050,影對芳蘭范,1
5051,對芳蘭范雲,1
5052,芳蘭范雲許,1
5053,蘭范雲許訪,1
5054,范雲許訪西,1
5055,雲許訪西林,1
5056,許訪西林寺,1
5057,訪西林寺枝,1
5058,西林寺枝葉,1
5059,林寺枝葉須,1
5060,寺枝葉須和,1
5061,枝葉須和彩,1
5062,葉須和彩鳳,1
5063,須和彩鳳看,1
5064,和彩鳳看芳,1
5065,彩鳳看芳蘭,1
5066,鳳看芳蘭媚,1
5067,看芳蘭媚庭,1
5068,芳蘭媚庭除,1
5069,蘭媚庭除灼,1
5070,媚庭除灼灼,1
5071,庭除灼灼紅,1
5072,除灼灼紅英,1
5073,灼灼紅英舒,1
5074,灼紅英舒身,1
5075,紅英舒身為,1
5076,英舒身為陋,1
5077,舒身為陋巷,1
5078,身為陋巷客,1
5079,為陋巷客門,1
5080,陋巷客門有,1
5081,巷客門有絳,1
5082,客門有絳轅,1
5083,門有絳轅車,1
5084,有絳轅車朝,1
5085,絳轅車朝覽,1
5086,轅車朝覽夷,1
5087,車朝覽夷吾,1
5088,朝覽夷吾傳,1
5089,覽夷吾傳暮,1
5090,夷吾傳暮習,1
5091,吾傳暮習潁,1
5092,傳暮習潁陽,1
5093,暮習潁陽書,1
5094,習潁陽書眄,1
5095,潁陽書眄雲,1
5096,陽書眄雲高,1
5097,書眄雲高羽,1
5098,眄雲高羽翼,1
5099,雲高羽翼待,1
5100,高羽翼待賈,1
5101,羽翼待賈蘊,1
5102,翼待賈蘊璠,1
5103,待賈蘊璠璵,1
5104,賈蘊璠璵纓,1
5105,蘊璠璵纓弁,1
5106,璠璵纓弁雖,1
5107,璵纓弁雖雲,1
5108,纓弁雖雲阻,1
5109,弁雖雲阻音,1
5110,雖雲阻音塵,1
5111,雲阻音塵豈,1
5112,阻音塵豈複,1
5113,音塵豈複疏,1
5114,塵豈複疏若,1
5115,豈複疏若因,1
5116,複疏若因風,1
5117,疏若因風雨,1
5118,若因風雨晦,1
5119,因風雨晦應,1
5120,風雨晦應念,1
5121,雨晦應念寂,1
5122,晦應念寂寥,1
5123,應念寂寥居,1
5124,念寂寥居命,1
5125,寂寥居命代,1
5126,寥居命代生,1
5127,居命代生申,1
5128,命代生申甫,1
5129,代生申甫承,1
5130,生申甫承家,1
5131,申甫承家翊,1
5132,甫承家翊禹,1
5133,承家翊禹湯,1
5134,家翊禹湯廟,1
5135,翊禹湯廟謨,1
5136,禹湯廟謨膺,1
5137,湯廟謨膺間,1
5138,廟謨膺間氣,1
5139,謨膺間氣師,1
5140,膺間氣師律,1
5141,間氣師律動,1
5142,氣師律動清,1
5143,師律動清霜,1
5144,律動清霜鐘,1
5145,動清霜鐘鼎,1
5146,清霜鐘鼎勳,1
5147,霜鐘鼎勳庸,1
5148,鐘鼎勳庸大,1
5149,鼎勳庸大山,1
5150,勳庸大山河,1
5151,庸大山河誡,1
5152,大山河誡誓,1
5153,山河誡誓長,1
5154,河誡誓長英,1
5155,誡誓長英姿,1
5156,誓長英姿淩,1
5157,長英姿淩虎,1
5158,英姿淩虎視,1
5159,姿淩虎視逸,1
5160,淩虎視逸步,1
5161,虎視逸步壓,1
5162,視逸步壓龍,1
5163,逸步壓龍驤,1
5164,步壓龍驤道,1
5165,壓龍驤道協,1
5166,龍驤道協陶,1
5167,驤道協陶鈞,1
5168,道協陶鈞力,1
5169,協陶鈞力恩,1
5170,陶鈞力恩回,1
5171,鈞力恩回日,1
5172,力恩回日月,1
5173,恩回日月光,1
5174,回日月光一,1
5175,日月光一言,1
5176,月光一言弘,1
5177,光一言弘社,1
5178,一言弘社稷,1
5179,言弘社稷九,1
5180,弘社稷九命,1
5181,社稷九命備,1
5182,稷九命備珪,1
5183,九命備珪璋,1
5184,命備珪璋政,1
5185,備珪璋政洽,1
5186,珪璋政洽軍,1
5187,璋政洽軍逾,1
5188,政洽軍逾肅,1
5189,洽軍逾肅仁,1
5190,軍逾肅仁敷,1
5191,逾肅仁敷物,1
5192,肅仁敷物已,1
5193,仁敷物已康,1
5194,敷物已康朱,1
5195,物已康朱門,1
5196,已康朱門重,1
5197,康朱門重棨,1
5198,朱門重棨戟,1
5199,門重棨戟丹,1
5200,重棨戟丹詔,1
5201,棨戟丹詔半,1
5202,戟丹詔半縑,1
5203,丹詔半縑緗,1
5204,詔半縑緗位,1
5205,半縑緗位總,1
5206,縑緗位總雲,1
5207,緗位總雲龍,1
5208,位總雲龍野,1
5209,總雲龍野師,1
5210,雲龍野師臨,1
5211,龍野師臨涿,1
5212,野師臨涿鹿,1
5213,師臨涿鹿鄉,1
5214,臨涿鹿鄉射,1
5215,涿鹿鄉射雕,1
5216,鹿鄉射雕天,1
5217,鄉射雕天更,1
5218,射雕天更碧,1
5219,雕天更碧吹,1
5220,天更碧吹角,1
5221,更碧吹角塞,1
5222,碧吹角塞仍,1
5223,吹角塞仍黃,1
5224,角塞仍黃深,1
5225,塞仍黃深入,1
5226,仍黃深入平,1
5227,黃深入平夷,1
5228,深入平夷落,1
5229,入平夷落橫,1
5230,平夷落橫行,1
5231,夷落橫行辟,1
5232,落橫行辟漢,1
5233,橫行辟漢疆,1
5234,行辟漢疆功,1
5235,辟漢疆功垂,1
5236,漢疆功垂貞,1
5237,疆功垂貞石,1
5238,功垂貞石遠,1
5239,垂貞石遠名,1
5240,貞石遠名映,1
5241,石遠名映色,1
5242,遠名映色絲,1
5243,名映色絲香,1
5244,映色絲香斷,1
5245,色絲香斷磧,1
5246,絲香斷磧瞻,1
5247,香斷磧瞻貔,1
5248,斷磧瞻貔武,1
5249,磧瞻貔武臨,1
5250,瞻貔武臨池,1
5251,貔武臨池識,1
5252,武臨池識鳳,1
5253,臨池識鳳凰,1
5254,池識鳳凰舞,1
5255,識鳳凰舞腰,1
5256,鳳凰舞腰凝,1
5257,凰舞腰凝綺,1
5258,舞腰凝綺榭,1
5259,腰凝綺榭歌,1
5260,凝綺榭歌響,1
5261,綺榭歌響拂,1
5262,榭歌響拂雕,1
5263,歌響拂雕梁,1
5264,響拂雕梁杯,1
5265,拂雕梁杯淨,1
5266,雕梁杯淨傳,1
5267,梁杯淨傳鸚,1
5268,杯淨傳鸚鵡,1
5269,淨傳鸚鵡裘,1
5270,傳鸚鵡裘鮮,1
5271,鸚鵡裘鮮照,1
5272,鵡裘鮮照鷫,1
5273,裘鮮照鷫鸘,1
5274,鮮照鷫鸘吟,1
5275,照鷫鸘吟詩,1
5276,鷫鸘吟詩白,1
5277,鸘吟詩白羽,1
5278,吟詩白羽扇,1
5279,詩白羽扇校,1
5280,白羽扇校獵,1
5281,羽扇校獵綠,1
5282,扇校獵綠沈,1
5283,校獵綠沈槍,1
5284,獵綠沈槍風,1
5285,綠沈槍風景,1
5286,沈槍風景佳,1
5287,槍風景佳人,1
5288,風景佳人地,1
5289,景佳人地煙,1
5290,佳人地煙沙,1
5291,人地煙沙壯,1
5292,地煙沙壯士,1
5293,煙沙壯士場,1
5294,沙壯士場幕,1
5295,壯士場幕中,1
5296,士場幕中邀,1
5297,場幕中邀謝,1
5298,幕中邀謝鑒,1
5299,中邀謝鑒麾,1
5300,邀謝鑒麾下,1
5301,謝鑒麾下得,1
5302,鑒麾下得周,1
5303,麾下得周郎,1
5304,下得周郎珠,1
5305,得周郎珠影,1
5306,周郎珠影含,1
5307,郎珠影含空,1
5308,珠影含空徹,1
5309,影含空徹瓊,1
5310,含空徹瓊枝,1
5311,空徹瓊枝映,1
5312,徹瓊枝映座,1
5313,瓊枝映座芳,1
5314,枝映座芳王,1
5315,映座芳王渾,1
5316,座芳王渾知,1
5317,芳王渾知武,1
5318,王渾知武子,1
5319,渾知武子陳,1
5320,知武子陳寔,1
5321,武子陳寔獎,1
5322,子陳寔獎元,1
5323,陳寔獎元方,1
5324,寔獎元方富,1
5325,獎元方富貴,1
5326,元方富貴春,1
5327,方富貴春無,1
5328,富貴春無限,1
5329,貴春無限歡,1
5330,春無限歡娛,1
5331,無限歡娛夜,1
5332,限歡娛夜未,1
5333,歡娛夜未央,1
5334,娛夜未央管,1
5335,夜未央管弦,1
5336,未央管弦隨,1
5337,央管弦隨玉,1
5338,管弦隨玉帳,1
5339,弦隨玉帳尊,1
5340,隨玉帳尊俎,1
5341,玉帳尊俎奉,1
5342,帳尊俎奉金,1
5343,尊俎奉金章,1
5344,俎奉金章俗,1
5345,奉金章俗理,1
5346,金章俗理寧,1
5347,章俗理寧因,1
5348,俗理寧因勸,1
5349,理寧因勸邊,1
5350,寧因勸邊城,1
5351,因勸邊城詎,1
5352,勸邊城詎假,1
5353,邊城詎假防,1
5354,城詎假防軍,1
5355,詎假防軍容,1
5356,假防軍容雄,1
5357,防軍容雄朔,1
5358,軍容雄朔漠,1
5359,容雄朔漠公,1
5360,雄朔漠公望,1
5361,朔漠公望冠,1
5362,漠公望冠岩,1
5363,公望冠岩廊,1
5364,望冠岩廊分,1
5365,冠岩廊分野,1
5366,岩廊分野鄰,1
5367,廊分野鄰孤,1
5368,分野鄰孤島,1
5369,野鄰孤島京,1
5370,鄰孤島京坻,1
5371,孤島京坻溢,1
5372,島京坻溢萬,1
5373,京坻溢萬廂,1
5374,坻溢萬廂曙,1
5375,溢萬廂曙華,1
5376,萬廂曙華分,1
5377,廂曙華分碣,1
5378,曙華分碣石,1
5379,華分碣石秋,1
5380,分碣石秋色,1
5381,碣石秋色入,1
5382,石秋色入衡,1
5383,秋色入衡陽,1
5384,色入衡陽城,1
5385,入衡陽城遠,1
5386,衡陽城遠迷,1
5387,陽城遠迷玄,1
5388,城遠迷玄兔,1
5389,遠迷玄兔川,1
5390,迷玄兔川明,1
5391,玄兔川明辯,1
5392,兔川明辯白,1
5393,川明辯白狼,1
5394,明辯白狼忠,1
5395,辯白狼忠賢,1
5396,白狼忠賢多,1
5397,狼忠賢多感,1
5398,忠賢多感激,1
5399,賢多感激今,1
5400,多感激今古,1
5401,感激今古共,1
5402,激今古共蒼,1
5403,今古共蒼茫,1
5404,古共蒼茫堤,1
5405,共蒼茫堤擁,1
5406,蒼茫堤擁紅,1
5407,茫堤擁紅蕖,1
5408,堤擁紅蕖豔,1
5409,擁紅蕖豔橋,1
5410,紅蕖豔橋分,1
5411,蕖豔橋分翠,1
5412,豔橋分翠柳,1
5413,橋分翠柳行,1
5414,分翠柳行軒,1
5415,翠柳行軒車,1
5416,柳行軒車紛,1
5417,行軒車紛自,1
5418,軒車紛自至,1
5419,車紛自至亭,1
5420,紛自至亭館,1
5421,自至亭館鬱,1
5422,至亭館鬱相,1
5423,亭館鬱相當,1
5424,館鬱相當珍,1
5425,鬱相當珍簟,1
5426,相當珍簟回,1
5427,當珍簟回煩,1
5428,珍簟回煩暑,1
5429,簟回煩暑層,1
5430,回煩暑層軒,1
5431,煩暑層軒引,1
5432,暑層軒引早,1
5433,層軒引早涼,1
5434,軒引早涼聽,1
5435,引早涼聽琴,1
5436,早涼聽琴知,1
5437,涼聽琴知思,1
5438,聽琴知思靜,1
5439,琴知思靜說,1
5440,知思靜說劍,1
5441,思靜說劍覺,1
5442,靜說劍覺神,1
5443,說劍覺神揚,1
5444,劍覺神揚佳,1
5445,覺神揚佳景,1
5446,神揚佳景燕,1
5447,揚佳景燕臺,1
5448,佳景燕臺上,1
5449,景燕臺上清,1
5450,燕臺上清輝,1
5451,臺上清輝鄭,1
5452,上清輝鄭驛,1
5453,清輝鄭驛傍,1
5454,輝鄭驛傍鼓,1
5455,鄭驛傍鼓鼙,1
5456,驛傍鼓鼙喧,1
5457,傍鼓鼙喧北,1
5458,鼓鼙喧北裏,1
5459,鼙喧北裏珪,1
5460,喧北裏珪玉,1
5461,北裏珪玉映,1
5462,裏珪玉映東,1
5463,珪玉映東床,1
5464,玉映東床敢,1
5465,映東床敢衒,1
5466,東床敢衒由,1
5467,床敢衒由之,1
5468,敢衒由之瑟,1
5469,衒由之瑟甘,1
5470,由之瑟甘循,1
5471,之瑟甘循賜,1
5472,瑟甘循賜也,1
5473,甘循賜也牆,1
5474,循賜也牆官,1
5475,賜也牆官微,1
5476,也牆官微思,1
5477,牆官微思假,1
5478,官微思假路,1
5479,微思假路戰,1
5480,思假路戰勝,1
5481,假路戰勝忝,1
5482,路戰勝忝升,1
5483,戰勝忝升堂,1
5484,勝忝升堂欲,1
5485,忝升堂欲奮,1
5486,升堂欲奮三,1
5487,堂欲奮三年,1
5488,欲奮三年翼,1
5489,奮三年翼頻,1
5490,三年翼頻回,1
5491,年翼頻回一,1
5492,翼頻回一夕,1
5493,頻回一夕腸,1
5494,回一夕腸消,1
5495,一夕腸消憂,1
5496,夕腸消憂期,1
5497,腸消憂期酒,1
5498,消憂期酒聖,1
5499,憂期酒聖乘,1
5500,期酒聖乘興,1
5501,酒聖乘興任,1
5502,聖乘興任詩,1
5503,乘興任詩狂,1
5504,興任詩狂海,1
5505,任詩狂海內,1
5506,詩狂海內栽,1
5507,狂海內栽桃,1
5508,海內栽桃李,1
5509,內栽桃李天,1
5510,栽桃李天涯,1
5511,桃李天涯荷,1
5512,李天涯荷稻,1
5513,天涯荷稻粱,1
5514,涯荷稻粱升,1
5515,荷稻粱升沈,1
5516,稻粱升沈門,1
5517,粱升沈門下,1
5518,升沈門下意,1
5519,沈門下意誰,1
5520,門下意誰道,1
5521,下意誰道在,1
5522,意誰道在蒼,1
5523,誰道在蒼蒼,1
5524,道在蒼蒼步,1
5525,在蒼蒼步逸,1
5526,蒼蒼步逸辭,1
5527,蒼步逸辭群,1
5528,步逸辭群跡,1
5529,逸辭群跡機,1
5530,辭群跡機真,1
5531,群跡機真結,1
5532,跡機真結遠,1
5533,機真結遠心,1
5534,真結遠心敦,1
5535,結遠心敦詩,1
5536,遠心敦詩揚,1
5537,心敦詩揚大,1
5538,敦詩揚大雅,1
5539,詩揚大雅映,1
5540,揚大雅映古,1
5541,大雅映古酌,1
5542,雅映古酌高,1
5543,映古酌高音,1
5544,古酌高音逃,1
5545,酌高音逃禍,1
5546,高音逃禍棲,1
5547,音逃禍棲蝸,1
5548,逃禍棲蝸舍,1
5549,禍棲蝸舍因,1
5550,棲蝸舍因醒,1
5551,蝸舍因醒解,1
5552,舍因醒解豸,1
5553,因醒解豸簪,1
5554,醒解豸簪紫,1
5555,解豸簪紫蘭,1
5556,豸簪紫蘭秋,1
5557,簪紫蘭秋露,1
5558,紫蘭秋露濕,1
5559,蘭秋露濕黃,1
5560,秋露濕黃鶴,1
5561,露濕黃鶴晚,1
5562,濕黃鶴晚天,1
5563,黃鶴晚天陰,1
5564,鶴晚天陰舊,1
5565,晚天陰舊業,1
5566,天陰舊業餘,1
5567,陰舊業餘荒,1
5568,舊業餘荒草,1
5569,業餘荒草寒,1
5570,餘荒草寒山,1
5571,荒草寒山出,1
5572,草寒山出遠,1
5573,寒山出遠林,1
5574,山出遠林月,1
5575,出遠林月明,1
5576,遠林月明多,1
5577,林月明多宿,1
5578,月明多宿寺,1
5579,明多宿寺世,1
5580,多宿寺世亂,1
5581,宿寺世亂重,1
5582,寺世亂重悲,1
5583,世亂重悲琴,1
5584,亂重悲琴霄,1
5585,重悲琴霄漢,1
5586,悲琴霄漢時,1
5587,琴霄漢時應,1
5588,霄漢時應在,1
5589,漢時應在詩,1
5590,時應在詩書,1
5591,應在詩書道,1
5592,在詩書道未,1
5593,詩書道未沈,1
5594,書道未沈坐,1
5595,道未沈坐期,1
5596,未沈坐期閶,1
5597,沈坐期閶闔,1
5598,坐期閶闔霽,1
5599,期閶闔霽雲,1
5600,閶闔霽雲暖,1
5601,闔霽雲暖一,1
5602,霽雲暖一開,1
5603,雲暖一開襟,1
5604,暖一開襟五,1
5605,一開襟五馬,1
5606,開襟五馬江,1
5607,襟五馬江天,1
5608,五馬江天郡,1
5609,馬江天郡諸,1
5610,江天郡諸生,1
5611,天郡諸生淚,1
5612,郡諸生淚共,1
5613,諸生淚共垂,1
5614,生淚共垂宴,1
5615,淚共垂宴餘,1
5616,共垂宴餘明,1
5617,垂宴餘明主,1
5618,宴餘明主德,1
5619,餘明主德恩,1
5620,明主德恩在,1
5621,主德恩在侍,1
5622,德恩在侍臣,1
5623,恩在侍臣知,1
5624,在侍臣知悵,1
5625,侍臣知悵望,1
5626,臣知悵望緘,1
5627,知悵望緘雙,1
5628,悵望緘雙鯉,1
5629,望緘雙鯉龍,1
5630,緘雙鯉龍鍾,1
5631,雙鯉龍鍾假,1
5632,鯉龍鍾假一,1
5633,龍鍾假一枝,1
5634,鍾假一枝玉,1
5635,假一枝玉峰,1
5636,一枝玉峰遙,1
5637,枝玉峰遙寄,1
5638,玉峰遙寄夢,1
5639,峰遙寄夢雲,1
5640,遙寄夢雲海,1
5641,寄夢雲海暗,1
5642,夢雲海暗傷,1
5643,雲海暗傷離,1
5644,海暗傷離幢,1
5645,暗傷離幢蓋,1
5646,傷離幢蓋全,1
5647,離幢蓋全家,1
5648,幢蓋全家去,1
5649,蓋全家去琴,1
5650,全家去琴書,1
5651,家去琴書首,1
5652,去琴書首路,1
5653,琴書首路隨,1
5654,書首路隨滄,1
5655,首路隨滄州,1
5656,路隨滄州值,1
5657,隨滄州值康,1
5658,滄州值康樂,1
5659,州值康樂明,1
5660,值康樂明月,1
5661,康樂明月向,1
5662,樂明月向元,1
5663,明月向元規,1
5664,月向元規鵷,1
5665,向元規鵷鳳,1
5666,元規鵷鳳終,1
5667,規鵷鳳終淩,1
5668,鵷鳳終淩漢,1
5669,鳳終淩漢蛟,1
5670,終淩漢蛟龍,1
5671,淩漢蛟龍會,1
5672,漢蛟龍會出,1
5673,蛟龍會出池,1
5674,龍會出池蕙,1
5675,會出池蕙香,1
5676,出池蕙香因,1
5677,池蕙香因曙,1
5678,蕙香因曙發,1
5679,香因曙發松,1
5680,因曙發松色,1
5681,曙發松色肯,1
5682,發松色肯寒,1
5683,松色肯寒移,1
5684,色肯寒移舉,1
5685,肯寒移舉世,1
5686,寒移舉世瞻,1
5687,移舉世瞻風,1
5688,舉世瞻風藻,1
5689,世瞻風藻當,1
5690,瞻風藻當朝,1
5691,風藻當朝揖,1
5692,藻當朝揖羽,1
5693,當朝揖羽儀,1
5694,朝揖羽儀加,1
5695,揖羽儀加餐,1
5696,羽儀加餐門,1
5697,儀加餐門下,1
5698,加餐門下意,1
5699,餐門下意溪,1
5700,門下意溪水,1
5701,下意溪水綠,1
5702,意溪水綠逶,1
5703,溪水綠逶迤,1
5704,水綠逶迤迢,1
5705,綠逶迤迢遞,1
5706,逶迤迢遞南,1
5707,迤迢遞南康,1
5708,迢遞南康路,1
5709,遞南康路清,1
5710,南康路清輝,1
5711,康路清輝得,1
5712,路清輝得使,1
5713,清輝得使君,1
5714,輝得使君虎,1
5715,得使君虎符,1
5716,使君虎符秋,1
5717,君虎符秋領,1
5718,虎符秋領俗,1
5719,符秋領俗鵷,1
5720,秋領俗鵷署,1
5721,領俗鵷署早,1
5722,俗鵷署早辭,1
5723,鵷署早辭群,1
5724,署早辭群地,1
5725,早辭群地遠,1
5726,辭群地遠仍,1
5727,群地遠仍連,1
5728,地遠仍連戍,1
5729,遠仍連戍城,1
5730,仍連戍城嚴,1
5731,連戍城嚴本,1
5732,戍城嚴本帶,1
5733,城嚴本帶軍,1
5734,嚴本帶軍傍,1
5735,本帶軍傍江,1
5736,帶軍傍江低,1
5737,軍傍江低檻,1
5738,傍江低檻月,1
5739,江低檻月當,1
5740,低檻月當嶺,1
5741,檻月當嶺滿,1
5742,月當嶺滿窗,1
5743,當嶺滿窗雲,1
5744,嶺滿窗雲境,1
5745,滿窗雲境勝,1
5746,窗雲境勝閭,1
5747,雲境勝閭閻,1
5748,境勝閭閻間,1
5749,勝閭閻間天,1
5750,閭閻間天清,1
5751,閻間天清水,1
5752,間天清水陸,1
5753,天清水陸分,1
5754,清水陸分和,1
5755,水陸分和詩,1
5756,陸分和詩將,1
5757,分和詩將惠,1
5758,和詩將惠政,1
5759,詩將惠政頌,1
5760,將惠政頌述,1
5761,惠政頌述九,1
5762,政頌述九衢,1
5763,頌述九衢聞,1
5764,述九衢聞海,1
5765,九衢聞海鶴,1
5766,衢聞海鶴一,1
5767,聞海鶴一為,1
5768,別高程方窅,1
5769,高程方窅然,1
5770,程方窅然影,1
5771,方窅然影搖,1
5772,窅然影搖江,1
5773,然影搖江漢,1
5774,影搖江漢路,1
5775,搖江漢路思,1
5776,江漢路思結,1
5777,漢路思結瀟,1
5778,激朱弦超遙,1
5779,朱弦超遙聞,1
5780,弦超遙聞風,1
5781,超遙聞風雨,1
5782,遙聞風雨迢,1
5783,聞風雨迢遞,1
5784,風雨迢遞各,1
5785,合當有年雌,1
5786,當有年雌飛,1
5787,有年雌飛唳,1
5788,年雌飛唳冥,1
5789,雌飛唳冥冥,1
5790,飛唳冥冥此,1
5791,唳冥冥此意,1
5792,冥冥此意何,1
5793,冥此意何由,1
5794,意何由傳笑,1
5795,何由傳笑向,1
5796,由傳笑向東,1
5797,傳笑向東來,1
5798,笑向東來客,1
5799,向東來客看,1
5800,東來客看花,1
5801,來客看花枉,1
5802,客看花枉在,1
5803,看花枉在前,1
5804,花枉在前始,1
5805,枉在前始知,1
5806,在前始知清,1
5807,前始知清夏,1
5808,始知清夏月,1
5809,知清夏月更,1
5810,清夏月更勝,1
5811,夏月更勝豔,1
5812,月更勝豔陽,1
5813,更勝豔陽天,1
5814,勝豔陽天露,1
5815,豔陽天露濕,1
5816,陽天露濕呈,1
5817,天露濕呈妝,1
5818,露濕呈妝汙,1
5819,濕呈妝汙風,1
5820,呈妝汙風吹,1
5821,妝汙風吹畏,1
5822,汙風吹畏火,1
5823,風吹畏火燃,1
5824,吹畏火燃蔥,1
5825,畏火燃蔥蘢,1
5826,火燃蔥蘢和,1
5827,燃蔥蘢和葉,1
5828,蔥蘢和葉盛,1
5829,蘢和葉盛爛,1
5830,和葉盛爛熳,1
5831,葉盛爛熳壓,1
5832,盛爛熳壓枝,1
5833,爛熳壓枝鮮,1
5834,熳壓枝鮮紅,1
5835,壓枝鮮紅彩,1
5836,枝鮮紅彩當,1
5837,鮮紅彩當鈴,1
5838,紅彩當鈴閣,1
5839,彩當鈴閣清,1
5840,當鈴閣清香,1
5841,鈴閣清香到,1
5842,閣清香到玉,1
5843,清香到玉筵,1
5844,香到玉筵蝶,1
5845,到玉筵蝶棲,1
5846,玉筵蝶棲驚,1
5847,筵蝶棲驚曙,1
5848,蝶棲驚曙色,1
5849,棲驚曙色鶯,1
5850,驚曙色鶯語,1
5851,曙色鶯語滯,1
5852,色鶯語滯晴,1
5853,鶯語滯晴煙,1
5854,語滯晴煙得,1
5855,滯晴煙得地,1
5856,晴煙得地殊,1
5857,煙得地殊堪,1
5858,得地殊堪賞,1
5859,地殊堪賞過,1
5860,殊堪賞過時,1
5861,堪賞過時倍,1
5862,賞過時倍覺,1
5863,過時倍覺妍,1
5864,時倍覺妍芳,1
5865,倍覺妍芳菲,1
5866,覺妍芳菲遲,1
5867,妍芳菲遲最,1
5868,芳菲遲最好,1
5869,菲遲最好唯,1
5870,遲最好唯是,1
5871,最好唯是謝,1
5872,好唯是謝家,1
5873,唯是謝家憐,1
5874,是謝家憐白,1
5875,謝家憐白首,1
5876,家憐白首羽,1
5877,憐白首羽林,1
5878,白首羽林郎,1
5879,首羽林郎丁,1
5880,羽林郎丁年,1
5881,林郎丁年戍,1
5882,郎丁年戍朔,1
5883,丁年戍朔方,1
5884,年戍朔方陰,1
5885,戍朔方陰天,1
5886,朔方陰天瞻,1
5887,方陰天瞻磧,1
5888,陰天瞻磧落,1
5889,天瞻磧落秋,1
5890,瞻磧落秋日,1
5891,磧落秋日渡,1
5892,落秋日渡遼,1
5893,秋日渡遼陽,1
5894,日渡遼陽大,1
5895,渡遼陽大漠,1
5896,遼陽大漠寒,1
5897,陽大漠寒山,1
5898,大漠寒山黑,1
5899,漠寒山黑孤,1
5900,寒山黑孤城,1
5901,山黑孤城夜,1
5902,黑孤城夜月,1
5903,孤城夜月黃,1
5904,城夜月黃十,1
5905,夜月黃十年,1
5906,月黃十年依,1
5907,黃十年依蓐,1
5908,十年依蓐食,1
5909,年依蓐食萬,1
5910,依蓐食萬里,1
5911,蓐食萬里帶,1
5912,食萬里帶金,1
5913,萬里帶金瘡,1
5914,里帶金瘡拂,1
5915,帶金瘡拂雪,1
5916,金瘡拂雪陳,1
5917,瘡拂雪陳師,1
5918,拂雪陳師祭,1
5919,雪陳師祭沖,1
5920,陳師祭沖風,1
5921,師祭沖風立,1
5922,祭沖風立教,1
5923,沖風立教場,1
5924,風立教場箭,1
5925,立教場箭飛,1
5926,教場箭飛瓊,1
5927,場箭飛瓊羽,1
5928,箭飛瓊羽合,1
5929,飛瓊羽合旗,1
5930,瓊羽合旗動,1
5931,羽合旗動火,1
5932,合旗動火雲,1
5933,旗動火雲張,1
5934,動火雲張虎,1
5935,火雲張虎翼,1
5936,雲張虎翼分,1
5937,張虎翼分營,1
5938,虎翼分營勢,1
5939,翼分營勢魚,1
5940,分營勢魚鱗,1
5941,營勢魚鱗擁,1
5942,勢魚鱗擁陣,1
5943,魚鱗擁陣行,1
5944,鱗擁陣行誓,1
5945,擁陣行誓心,1
5946,陣行誓心清,1
5947,行誓心清塞,1
5948,誓心清塞色,1
5949,心清塞色鬥,1
5950,清塞色鬥血,1
5951,塞色鬥血雜,1
5952,色鬥血雜沙,1
5953,鬥血雜沙光,1
5954,血雜沙光戰,1
5955,雜沙光戰地,1
5956,沙光戰地晴,1
5957,光戰地晴輝,1
5958,戰地晴輝薄,1
5959,地晴輝薄軍,1
5960,晴輝薄軍門,1
5961,輝薄軍門曉,1
5962,薄軍門曉氣,1
5963,軍門曉氣長,1
5964,門曉氣長寇,1
5965,曉氣長寇深,1
5966,氣長寇深爭,1
5967,長寇深爭暗,1
5968,寇深爭暗襲,1
5969,深爭暗襲關,1
5970,爭暗襲關迥,1
5971,暗襲關迥勒,1
5972,襲關迥勒春,1
5973,關迥勒春防,1
5974,迥勒春防身,1
5975,勒春防身賤,1
5976,春防身賤竟,1
5977,防身賤竟何,1
5978,身賤竟何訴,1
5979,賤竟何訴天,1
5980,竟何訴天高,1
5981,何訴天高徒,1
5982,訴天高徒自,1
5983,天高徒自傷,1
5984,高徒自傷功,1
5985,徒自傷功成,1
5986,自傷功成封,1
5987,傷功成封寵,1
5988,功成封寵將,1
5989,成封寵將力,1
5990,封寵將力盡,1
5991,寵將力盡到,1
5992,將力盡到貧,1
5993,力盡到貧鄉,1
5994,盡到貧鄉雀,1
5995,到貧鄉雀老,1
5996,貧鄉雀老方,1
5997,鄉雀老方悲,1
5998,雀老方悲海,1
5999,老方悲海鷹,1
6000,方悲海鷹衰,1
6001,悲海鷹衰卻,1
6002,海鷹衰卻念,1
6003,鷹衰卻念霜,1
6004,衰卻念霜空,1
6005,卻念霜空餘,1
6006,念霜空餘孤,1
6007,霜空餘孤劍,1
6008,空餘孤劍在,1
6009,餘孤劍在開,1
6010,孤劍在開匣,1
6011,劍在開匣一,1
6012,在開匣一沾,1
6013,開匣一沾裳,1
6014,匣一沾裳割,1
6015,一沾裳割愛,1
6016,沾裳割愛天,1
6017,裳割愛天文,1
6018,割愛天文動,1
6019,愛天文動敦,1
6020,天文動敦和,1
6021,文動敦和國,1
6022,動敦和國步,1
6023,敦和國步安,1
6024,和國步安仙,1
6025,國步安仙姿,1
6026,步安仙姿歸,1
6027,安仙姿歸舊,1
6028,仙姿歸舊好,1
6029,姿歸舊好戎,1
6030,歸舊好戎意,1
6031,舊好戎意結,1
6032,好戎意結新,1
6033,戎意結新歡,1
6034,意結新歡並,1
6035,結新歡並命,1
6036,新歡並命瞻,1
6037,歡並命瞻鵷,1
6038,並命瞻鵷鷺,1
6039,命瞻鵷鷺同,1
6040,瞻鵷鷺同心,1
6041,鵷鷺同心揖,1
6042,鷺同心揖蕙,1
6043,同心揖蕙蘭,1
6044,心揖蕙蘭玉,1
6045,揖蕙蘭玉簫,1
6046,蕙蘭玉簫臨,1
6047,蘭玉簫臨祖,1
6048,玉簫臨祖帳,1
6049,簫臨祖帳金,1
6050,臨祖帳金榜,1
6051,祖帳金榜引,1
6052,帳金榜引征,1
6053,金榜引征鞍,1
6054,榜引征鞍廣,1
6055,引征鞍廣陌,1
6056,征鞍廣陌雙,1
6057,鞍廣陌雙旌,1
6058,廣陌雙旌去,1
6059,陌雙旌去平,1
6060,雙旌去平沙,1
6061,旌去平沙萬,1
6062,去平沙萬里,1
6063,平沙萬里看,1
6064,沙萬里看海,1
6065,萬里看海雲,1
6066,里看海雲侵,1
6067,看海雲侵鬢,1
6068,海雲侵鬢起,1
6069,月向眉殘突,1
6070,向眉殘突兀,1
6071,眉殘突兀陰,1
6072,殘突兀陰山,1
6073,突兀陰山迥,1
6074,兀陰山迥蒼,1
6075,陰山迥蒼茫,1
6076,山迥蒼茫朔,1
6077,迥蒼茫朔野,1
6078,蒼茫朔野寬,1
6079,茫朔野寬毳,1
6080,朔野寬毳廬,1
6081,野寬毳廬同,1
6082,寬毳廬同甲,1
6083,毳廬同甲帳,1
6084,廬同甲帳韋,1
6085,同甲帳韋橐,1
6086,甲帳韋橐比,1
6087,帳韋橐比雕,1
6088,韋橐比雕盤,1
6089,橐比雕盤義,1
6090,比雕盤義著,1
6091,雕盤義著親,1
6092,盤義著親胡,1
6093,義著親胡俗,1
6094,著親胡俗儀,1
6095,親胡俗儀全,1
6096,胡俗儀全識,1
6097,俗儀全識漢,1
6098,儀全識漢官,1
6099,全識漢官地,1
6100,識漢官地鄰,1
6101,漢官地鄰冰,1
6102,官地鄰冰鼠,1
6103,地鄰冰鼠淨,1
6104,鄰冰鼠淨天,1
6105,冰鼠淨天映,1
6106,鼠淨天映燭,1
6107,淨天映燭龍,1
6108,天映燭龍寒,1
6109,映燭龍寒節,1
6110,燭龍寒節異,1
6111,龍寒節異蘇,1
6112,寒節異蘇卿,1
6113,節異蘇卿執,1
6114,異蘇卿執弦,1
6115,蘇卿執弦殊,1
6116,卿執弦殊蔡,1
6117,執弦殊蔡女,1
6118,弦殊蔡女彈,1
6119,殊蔡女彈磧,1
6120,蔡女彈磧分,1
6121,女彈磧分黃,1
6122,彈磧分黃渺,1
6123,磧分黃渺渺,1
6124,分黃渺渺塞,1
6125,黃渺渺塞極,1
6126,渺渺塞極黑,1
6127,渺塞極黑漫,1
6128,塞極黑漫漫,1
6129,極黑漫漫歡,1
6130,黑漫漫歡味,1
6131,漫漫歡味膻,1
6132,漫歡味膻腥,1
6133,歡味膻腥列,1
6134,味膻腥列征,1
6135,膻腥列征聲,1
6136,腥列征聲僸,1
6137,列征聲僸攢,1
6138,征聲僸攢歸,1
6139,聲僸攢歸期,1
6140,僸攢歸期先,1
6141,攢歸期先雁,1
6142,歸期先雁候,1
6143,期先雁候登,1
6144,先雁候登路,1
6145,雁候登路劇,1
6146,候登路劇鵬,1
6147,登路劇鵬摶,1
6148,路劇鵬摶上,1
6149,劇鵬摶上客,1
6150,鵬摶上客離,1
6151,摶上客離心,1
6152,上客離心遠,1
6153,客離心遠西,1
6154,離心遠西宮,1
6155,心遠西宮草,1
6156,遠西宮草詔,1
6157,西宮草詔殫,1
6158,宮草詔殫麗,1
6159,草詔殫麗詞,1
6160,詔殫麗詞傳,1
6161,殫麗詞傳錦,1
6162,麗詞傳錦綺,1
6163,詞傳錦綺珍,1
6164,傳錦綺珍價,1
6165,錦綺珍價掩,1
6166,綺珍價掩琅,1
6167,珍價掩琅玕,1
6168,價掩琅玕百,1
6169,掩琅玕百兩,1
6170,琅玕百兩開,1
6171,玕百兩開戎,1
6172,百兩開戎壘,1
6173,兩開戎壘千,1
6174,開戎壘千蹄,1
6175,戎壘千蹄入,1
6176,壘千蹄入禦,1
6177,千蹄入禦欄,1
6178,蹄入禦欄瑞,1
6179,入禦欄瑞光,1
6180,禦欄瑞光麟,1
6181,欄瑞光麟閣,1
6182,瑞光麟閣上,1
6183,光麟閣上喜,1
6184,麟閣上喜氣,1
6185,閣上喜氣鳳,1
6186,上喜氣鳳城,1
6187,喜氣鳳城端,1
6188,氣鳳城端尚,1
6189,鳳城端尚德,1
6190,城端尚德曾,1
6191,端尚德曾辭,1
6192,尚德曾辭劍,1
6193,德曾辭劍柔,1
6194,曾辭劍柔凶,1
6195,辭劍柔凶本,1
6196,劍柔凶本舞,1
6197,柔凶本舞幹,1
6198,凶本舞幹茫,1
6199,本舞幹茫茫,1
6200,舞幹茫茫鬥,1
6201,幹茫茫鬥星,1
6202,茫茫鬥星北,1
6203,茫鬥星北威,1
6204,鬥星北威服,1
6205,星北威服古,1
6206,北威服古來,1
6207,威服古來難,1
6208,服古來難文,1
6209,古來難文物,1
6210,來難文物京,1
6211,難文物京華,1
6212,文物京華盛,1
6213,物京華盛謳,1
6214,京華盛謳歌,1
6215,華盛謳歌國,1
6216,盛謳歌國步,1
6217,謳歌國步康,1
6218,歌國步康瑤,1
6219,國步康瑤池,1
6220,步康瑤池供,1
6221,康瑤池供壽,1
6222,瑤池供壽酒,1
6223,池供壽酒銀,1
6224,供壽酒銀漢,1
6225,壽酒銀漢麗,1
6226,酒銀漢麗宸,1
6227,銀漢麗宸章,1
6228,漢麗宸章靈,1
6229,麗宸章靈雨,1
6230,宸章靈雨含,1
6231,章靈雨含雙,1
6232,靈雨含雙闕,1
6233,雨含雙闕雷,1
6234,含雙闕雷霆,1
6235,雙闕雷霆肅,1
6236,闕雷霆肅萬,1
6237,雷霆肅萬方,1
6238,霆肅萬方代,1
6239,肅萬方代推,1
6240,萬方代推仙,1
6241,方代推仙祚,1
6242,代推仙祚遠,1
6243,推仙祚遠春,1
6244,仙祚遠春共,1
6245,祚遠春共聖,1
6246,遠春共聖恩,1
6247,春共聖恩長,1
6248,共聖恩長鳳,1
6249,聖恩長鳳扆,1
6250,恩長鳳扆臨,1
6251,長鳳扆臨花,1
6252,鳳扆臨花暖,1
6253,扆臨花暖龍,1
6254,臨花暖龍壚,1
6255,花暖龍壚旁,1
6256,暖龍壚旁日,1
6257,龍壚旁日香,1
6258,壚旁日香遙,1
6259,旁日香遙知,1
6260,日香遙知千,1
6261,香遙知千萬,1
6262,遙知千萬歲,1
6263,知千萬歲天,1
6264,千萬歲天意,1
6265,萬歲天意奉,1
6266,歲天意奉君,1
6267,天意奉君王,1
6268,意奉君王鴛,1
6269,奉君王鴛鷺,1
6270,君王鴛鷺彤,1
6271,王鴛鷺彤庭,1
6272,鴛鷺彤庭際,1
6273,鷺彤庭際軒,1
6274,彤庭際軒車,1
6275,庭際軒車綺,1
6276,際軒車綺陌,1
6277,軒車綺陌前,1
6278,車綺陌前九,1
6279,綺陌前九城,1
6280,陌前九城多,1
6281,前九城多好,1
6282,九城多好色,1
6283,城多好色萬,1
6284,多好色萬井,1
6285,好色萬井半,1
6286,色萬井半祥,1
6287,萬井半祥煙,1
6288,井半祥煙人,1
6289,半祥煙人醉,1
6290,祥煙人醉逢,1
6291,煙人醉逢堯,1
6292,人醉逢堯酒,1
6293,醉逢堯酒鶯,1
6294,逢堯酒鶯歌,1
6295,堯酒鶯歌答,1
6296,酒鶯歌答舜,1
6297,鶯歌答舜弦,1
6298,歌答舜弦花,1
6299,答舜弦花明,1
6300,舜弦花明禦,1
6301,弦花明禦溝,1
6302,花明禦溝水,1
6303,明禦溝水香,1
6304,禦溝水香暖,1
6305,溝水香暖禁,1
6306,水香暖禁城,1
6307,香暖禁城天,1
6308,暖禁城天賜,1
6309,禁城天賜宴,1
6310,城天賜宴文,1
6311,天賜宴文逾,1
6312,賜宴文逾盛,1
6313,宴文逾盛征,1
6314,文逾盛征歌,1
6315,逾盛征歌物,1
6316,盛征歌物更,1
6317,征歌物更妍,1
6318,歌物更妍無,1
6319,物更妍無窮,1
6320,更妍無窮豔,1
6321,妍無窮豔陽,1
6322,無窮豔陽月,1
6323,窮豔陽月長,1
6324,豔陽月長照,1
6325,陽月長照太,1
6326,月長照太平,1
6327,長照太平年,1
6328,照太平年雲,1
6329,太平年雲陛,1
6330,平年雲陛臨,1
6331,年雲陛臨黃,1
6332,雲陛臨黃道,1
6333,陛臨黃道天,1
6334,臨黃道天門,1
6335,黃道天門在,1
6336,道天門在碧,1
6337,天門在碧虛,1
6338,門在碧虛大,1
6339,在碧虛大明,1
6340,碧虛大明含,1
6341,虛大明含睿,1
6342,大明含睿藻,1
6343,明含睿藻元,1
6344,含睿藻元氣,1
6345,睿藻元氣抱,1
6346,藻元氣抱宸,1
6347,元氣抱宸居,1
6348,氣抱宸居戈,1
6349,抱宸居戈偃,1
6350,宸居戈偃征,1
6351,居戈偃征苗,1
6352,戈偃征苗後,1
6353,偃征苗後詩,1
6354,征苗後詩傳,1
6355,苗後詩傳宴,1
6356,後詩傳宴鎬,1
6357,詩傳宴鎬初,1
6358,傳宴鎬初年,1
6359,宴鎬初年華,1
6360,鎬初年華富,1
6361,初年華富仙,1
6362,年華富仙苑,1
6363,華富仙苑時,1
6364,富仙苑時哲,1
6365,仙苑時哲滿,1
6366,苑時哲滿公,1
6367,時哲滿公車,1
6368,哲滿公車化,1
6369,滿公車化入,1
6370,公車化入絪,1
6371,車化入絪縕,1
6372,化入絪縕大,1
6373,入絪縕大恩,1
6374,絪縕大恩垂,1
6375,縕大恩垂渙,1
6376,大恩垂渙汗,1
6377,恩垂渙汗餘,1
6378,垂渙汗餘悠,1
6379,渙汗餘悠然,1
6380,汗餘悠然萬,1
6381,餘悠然萬方,1
6382,悠然萬方靜,1
6383,然萬方靜風,1
6384,萬方靜風俗,1
6385,方靜風俗揖,1
6386,靜風俗揖華,1
6387,風俗揖華胥,1
6388,俗揖華胥玉,1
6389,揖華胥玉漏,1
6390,華胥玉漏飄,1
6391,胥玉漏飄青,1
6392,玉漏飄青瑣,1
6393,漏飄青瑣金,1
6394,飄青瑣金鋪,1
6395,青瑣金鋪麗,1
6396,瑣金鋪麗紫,1
6397,金鋪麗紫宸,1
6398,鋪麗紫宸雲,1
6399,麗紫宸雲山,1
6400,紫宸雲山九,1
6401,宸雲山九門,1
6402,雲山九門曙,1
6403,山九門曙天,1
6404,九門曙天地,1
6405,門曙天地一,1
6406,曙天地一家,1
6407,天地一家春,1
6408,地一家春瑞,1
6409,一家春瑞靄,1
6410,家春瑞靄方,1
6411,春瑞靄方呈,1
6412,瑞靄方呈賞,1
6413,靄方呈賞暄,1
6414,方呈賞暄風,1
6415,呈賞暄風本,1
6416,賞暄風本配,1
6417,暄風本配仁,1
6418,風本配仁岩,1
6419,本配仁岩廊,1
6420,配仁岩廊開,1
6421,仁岩廊開鳳,1
6422,岩廊開鳳翼,1
6423,廊開鳳翼水,1
6424,開鳳翼水殿,1
6425,鳳翼水殿壓,1
6426,翼水殿壓鼇,1
6427,水殿壓鼇身,1
6428,殿壓鼇身文,1
6429,壓鼇身文雅,1
6430,鼇身文雅逢,1
6431,身文雅逢明,1
6432,文雅逢明代,1
6433,雅逢明代歡,1
6434,逢明代歡娛,1
6435,明代歡娛及,1
6436,代歡娛及賤,1
6437,歡娛及賤臣,1
6438,娛及賤臣年,1
6439,及賤臣年年,1
6440,賤臣年年未,1
6441,臣年年未央,1
6442,年年未央闕,1
6443,年未央闕恩,1
6444,未央闕恩共,1
6445,央闕恩共物,1
6446,闕恩共物華,1
6447,恩共物華新,1
6448,共物華新垂,1
6449,物華新垂拱,1
6450,華新垂拱乾,1
6451,新垂拱乾坤,1
6452,垂拱乾坤正,1
6453,拱乾坤正歡,1
6454,乾坤正歡心,1
6455,坤正歡心品,1
6456,正歡心品類,1
6457,歡心品類同,1
6458,心品類同紫,1
6459,品類同紫煙,1
6460,類同紫煙含,1
6461,同紫煙含北,1
6462,紫煙含北極,1
6463,煙含北極玄,1
6464,含北極玄澤,1
6465,北極玄澤付,1
6466,極玄澤付東,1
6467,玄澤付東風,1
6468,澤付東風珠,1
6469,付東風珠綴,1
6470,東風珠綴留,1
6471,風珠綴留晴,1
6472,珠綴留晴景,1
6473,綴留晴景金,1
6474,留晴景金莖,1
6475,晴景金莖直,1
6476,景金莖直曉,1
6477,金莖直曉空,1
6478,莖直曉空發,1
6479,直曉空發生,1
6480,曉空發生資,1
6481,空發生資盛,1
6482,發生資盛德,1
6483,生資盛德交,1
6484,資盛德交泰,1
6485,盛德交泰讓,1
6486,德交泰讓全,1
6487,交泰讓全功,1
6488,泰讓全功間,1
6489,讓全功間氣,1
6490,全功間氣登,1
6491,功間氣登三,1
6492,間氣登三事,1
6493,氣登三事祥,1
6494,登三事祥光,1
6495,三事祥光啟,1
6496,事祥光啟四,1
6497,祥光啟四聰,1
6498,光啟四聰遐,1
6499,啟四聰遐荒,1
6500,四聰遐荒似,1
6501,聰遐荒似川,1
6502,遐荒似川水,1
6503,荒似川水天,1
6504,似川水天外,1
6505,川水天外亦,1
6506,水天外亦朝,1
6507,天外亦朝宗,1
6508,外亦朝宗代,1
6509,亦朝宗代是,1
6510,朝宗代是文,1
6511,宗代是文明,1
6512,代是文明晝,1
6513,是文明晝春,1
6514,文明晝春當,1
6515,明晝春當宴,1
6516,晝春當宴喜,1
6517,春當宴喜時,1
6518,當宴喜時壚,1
6519,宴喜時壚煙,1
6520,喜時壚煙添,1
6521,時壚煙添柳,1
6522,壚煙添柳重,1
6523,煙添柳重宮,1
6524,添柳重宮漏,1
6525,柳重宮漏出,1
6526,重宮漏出花,1
6527,宮漏出花遲,1
6528,漏出花遲漢,1
6529,出花遲漢典,1
6530,花遲漢典方,1
6531,遲漢典方寬,1
6532,漢典方寬律,1
6533,典方寬律周,1
6534,方寬律周官,1
6535,寬律周官正,1
6536,律周官正采,1
6537,周官正采詩,1
6538,官正采詩碧,1
6539,正采詩碧宵,1
6540,采詩碧宵傳,1
6541,詩碧宵傳鳳,1
6542,碧宵傳鳳吹,1
6543,宵傳鳳吹紅,1
6544,傳鳳吹紅旭,1
6545,鳳吹紅旭在,1
6546,吹紅旭在龍,1
6547,紅旭在龍旗,1
6548,旭在龍旗造,1
6549,在龍旗造化,1
6550,龍旗造化膺,1
6551,旗造化膺神,1
6552,造化膺神契,1
6553,化膺神契陽,1
6554,膺神契陽和,1
6555,神契陽和沃,1
6556,契陽和沃聖,1
6557,陽和沃聖思,1
6558,和沃聖思無,1
6559,沃聖思無因,1
6560,聖思無因隨,1
6561,思無因隨百,1
6562,無因隨百獸,1
6563,因隨百獸率,1
6564,隨百獸率舞,1
6565,百獸率舞奉,1
6566,獸率舞奉丹,1
6567,率舞奉丹墀,1
6568,舞奉丹墀睿,1
6569,奉丹墀睿德,1
6570,丹墀睿德符,1
6571,墀睿德符玄,1
6572,睿德符玄化,1
6573,德符玄化芳,1
6574,符玄化芳情,1
6575,玄化芳情翊,1
6576,化芳情翊太,1
6577,芳情翊太和,1
6578,情翊太和日,1
6579,翊太和日輪,1
6580,太和日輪皇,1
6581,和日輪皇鑒,1
6582,日輪皇鑒遠,1
6583,輪皇鑒遠天,1
6584,皇鑒遠天仗,1
6585,鑒遠天仗聖,1
6586,遠天仗聖朝,1
6587,天仗聖朝多,1
6588,仗聖朝多曙,1
6589,聖朝多曙色,1
6590,朝多曙色含,1
6591,多曙色含金,1
6592,曙色含金榜,1
6593,色含金榜晴,1
6594,含金榜晴光,1
6595,金榜晴光轉,1
6596,榜晴光轉玉,1
6597,晴光轉玉珂,1
6598,光轉玉珂中,1
6599,轉玉珂中宮,1
6600,玉珂中宮陳,1
6601,珂中宮陳廣,1
6602,中宮陳廣樂,1
6603,宮陳廣樂元,1
6604,陳廣樂元老,1
6605,廣樂元老進,1
6606,樂元老進賡,1
6607,元老進賡歌,1
6608,老進賡歌蓮,1
6609,進賡歌蓮葉,1
6610,賡歌蓮葉看,1
6611,歌蓮葉看龜,1
6612,蓮葉看龜上,1
6613,葉看龜上桐,1
6614,看龜上桐花,1
6615,龜上桐花識,1
6616,上桐花識鳳,1
6617,桐花識鳳過,1
6618,花識鳳過小,1
6619,識鳳過小臣,1
6620,鳳過小臣空,1
6621,過小臣空擊,1
6622,小臣空擊壤,1
6623,臣空擊壤滄,1
6624,空擊壤滄海,1
6625,擊壤滄海是,1
6626,壤滄海是恩,1
6627,滄海是恩波,1
6628,海是恩波物,1
6629,是恩波物象,1
6630,恩波物象朝,1
6631,波物象朝高,1
6632,物象朝高殿,1
6633,象朝高殿簪,1
6634,朝高殿簪裾,1
6635,高殿簪裾溢,1
6636,殿簪裾溢上,1
6637,簪裾溢上京,1
6638,裾溢上京春,1
6639,溢上京春當,1
6640,上京春當九,1
6641,京春當九衢,1
6642,春當九衢好,1
6643,當九衢好天,1
6644,九衢好天向,1
6645,衢好天向萬,1
6646,好天向萬方,1
6647,天向萬方明,1
6648,向萬方明樂,1
6649,萬方明樂報,1
6650,方明樂報簫,1
6651,明樂報簫韶,1
6652,樂報簫韶發,1
6653,報簫韶發杯,1
6654,簫韶發杯看,1
6655,韶發杯看沆,1
6656,發杯看沆瀣,1
6657,杯看沆瀣生,1
6658,看沆瀣生芙,1
6659,沆瀣生芙蓉,1
6660,瀣生芙蓉丹,1
6661,生芙蓉丹闕,1
6662,芙蓉丹闕暖,1
6663,蓉丹闕暖楊,1
6664,丹闕暖楊柳,1
6665,闕暖楊柳玉,1
6666,暖楊柳玉樓,1
6667,楊柳玉樓晴,1
6668,柳玉樓晴閶,1
6669,玉樓晴閶闔,1
6670,樓晴閶闔開,1
6671,晴閶闔開中,1
6672,閶闔開中禁,1
6673,闔開中禁衣,1
6674,開中禁衣裳,1
6675,中禁衣裳儼,1
6676,禁衣裳儼太,1
6677,衣裳儼太清,1
6678,裳儼太清南,1
6679,儼太清南山,1
6680,太清南山同,1
6681,清南山同聖,1
6682,南山同聖壽,1
6683,山同聖壽長,1
6684,同聖壽長對,1
6685,聖壽長對鳳,1
6686,壽長對鳳凰,1
6687,長對鳳凰城,1
6688,對鳳凰城日,1
6689,鳳凰城日上,1
6690,凰城日上蒼,1
6691,城日上蒼龍,1
6692,日上蒼龍闕,1
6693,上蒼龍闕香,1
6694,蒼龍闕香含,1
6695,龍闕香含紫,1
6696,闕香含紫禁,1
6697,香含紫禁林,1
6698,含紫禁林晴,1
6699,紫禁林晴光,1
6700,禁林晴光五,1
6701,林晴光五雲,1
6702,晴光五雲疊,1
6703,光五雲疊春,1
6704,五雲疊春色,1
6705,雲疊春色九,1
6706,疊春色九重,1
6707,春色九重深,1
6708,色九重深賞,1
6709,九重深賞葉,1
6710,重深賞葉元,1
6711,深賞葉元和,1
6712,賞葉元和德,1
6713,葉元和德文,1
6714,元和德文垂,1
6715,和德文垂雅,1
6716,德文垂雅頌,1
6717,文垂雅頌音,1
6718,垂雅頌音景,1
6719,雅頌音景雲,1
6720,頌音景雲隨,1
6721,音景雲隨禦,1
6722,景雲隨禦輦,1
6723,雲隨禦輦顥,1
6724,隨禦輦顥氣,1
6725,禦輦顥氣在,1
6726,輦顥氣在宸,1
6727,顥氣在宸襟,1
6728,氣在宸襟永,1
6729,在宸襟永保,1
6730,宸襟永保無,1
6731,襟永保無疆,1
6732,永保無疆壽,1
6733,保無疆壽長,1
6734,無疆壽長懷,1
6735,疆壽長懷不,1
6736,壽長懷不戰,1
6737,長懷不戰心,1
6738,懷不戰心聖,1
6739,不戰心聖朝,1
6740,戰心聖朝多,1
6741,心聖朝多慶,1
6742,聖朝多慶賜,1
6743,朝多慶賜瓊,1
6744,多慶賜瓊樹,1
6745,慶賜瓊樹粉,1
6746,賜瓊樹粉牆,1
6747,瓊樹粉牆陰,1
6748,樹粉牆陰化,1
6749,粉牆陰化洽,1
6750,牆陰化洽生,1
6751,陰化洽生成,1
6752,化洽生成遂,1
6753,洽生成遂功,1
6754,生成遂功宣,1
6755,成遂功宣動,1
6756,遂功宣動植,1
6757,功宣動植知,1
6758,宣動植知瑞,1
6759,動植知瑞凝,1
6760,植知瑞凝三,1
6761,知瑞凝三秀,1
6762,瑞凝三秀草,1
6763,凝三秀草春,1
6764,三秀草春入,1
6765,秀草春入萬,1
6766,草春入萬年,1
6767,春入萬年枝,1
6768,入萬年枝鳳,1
6769,萬年枝鳳掖,1
6770,年枝鳳掖嘉,1
6771,枝鳳掖嘉言,1
6772,鳳掖嘉言進,1
6773,掖嘉言進鴛,1
6774,嘉言進鴛行,1
6775,言進鴛行喜,1
6776,進鴛行喜氣,1
6777,鴛行喜氣隨,1
6778,行喜氣隨仗,1
6779,喜氣隨仗臨,1
6780,氣隨仗臨丹,1
6781,隨仗臨丹地,1
6782,仗臨丹地近,1
6783,臨丹地近衣,1
6784,丹地近衣對,1
6785,地近衣對碧,1
6786,近衣對碧山,1
6787,衣對碧山垂,1
6788,對碧山垂渥,1
6789,碧山垂渥澤,1
6790,山垂渥澤方,1
6791,垂渥澤方柔,1
6792,渥澤方柔遠,1
6793,澤方柔遠聰,1
6794,方柔遠聰明,1
6795,柔遠聰明本,1
6796,遠聰明本聽,1
6797,聰明本聽卑,1
6798,明本聽卑願,1
6799,本聽卑願同,1
6800,聽卑願同東,1
6801,卑願同東觀,1
6802,願同東觀士,1
6803,同東觀士長,1
6804,東觀士長對,1
6805,觀士長對漢,1
6806,士長對漢威,1
6807,長對漢威儀,1
6808,對漢威儀有,1
6809,漢威儀有意,1
6810,威儀有意蓮,1
6811,儀有意蓮葉,1
6812,有意蓮葉間,1
6813,意蓮葉間瞥,1
6814,蓮葉間瞥然,1
6815,葉間瞥然下,1
6816,間瞥然下高,1
6817,瞥然下高樹,1
6818,然下高樹擘,1
6819,下高樹擘破,1
6820,高樹擘破得,1
6821,樹擘破得全,1
6822,擘破得全魚,1
6823,破得全魚一,1
6824,得全魚一點,1
6825,全魚一點翠,1
6826,魚一點翠光,1
6827,一點翠光去,1
6828,點翠光去方,1
6829,翠光去方尋,1
6830,光去方尋蓮,1
6831,去方尋蓮境,1
6832,方尋蓮境去,1
6833,尋蓮境去又,1
6834,蓮境去又值,1
6835,境去又值竹,1
6836,去又值竹房,1
6837,又值竹房空,1
6838,值竹房空幾,1
6839,竹房空幾韻,1
6840,房空幾韻飄,1
6841,空幾韻飄寒,1
6842,幾韻飄寒玉,1
6843,韻飄寒玉餘,1
6844,飄寒玉餘清,1
6845,寒玉餘清不,1
6846,玉餘清不在,1
6847,餘清不在風,1
6848,清不在風六,1
6849,不在風六國,1
6850,在風六國唯,1
6851,風六國唯求,1
6852,六國唯求客,1
6853,國唯求客千,1
6854,唯求客千金,1
6855,求客千金遂,1
6856,客千金遂築,1
6857,千金遂築台,1
6858,金遂築台若,1
6859,遂築台若令,1
6860,築台若令逢,1
6861,台若令逢聖,1
6862,若令逢聖代,1
6863,令逢聖代憔,1
6864,逢聖代憔悴,1
6865,聖代憔悴郭,1
6866,代憔悴郭生,1
6867,憔悴郭生回,1
6868,悴郭生回世,1
6869,郭生回世上,1
6870,生回世上無,1
6871,回世上無窮,1
6872,世上無窮事,1
6873,上無窮事生,1
6874,無窮事生涯,1
6875,窮事生涯莫,1
6876,事生涯莫廢,1
6877,生涯莫廢詩,1
6878,涯莫廢詩何,1
6879,莫廢詩何曾,1
6880,廢詩何曾好,1
6881,詩何曾好風,1
6882,何曾好風月,1
6883,曾好風月不,1
6884,好風月不是,1
6885,風月不是憶,1
6886,月不是憶君,1
6887,不是憶君時,1
6888,是憶君時楊,1
6889,憶君時楊柳,1
6890,君時楊柳含,1
6891,時楊柳含煙,1
6892,楊柳含煙灞,1
6893,柳含煙灞岸,1
6894,含煙灞岸春,1
6895,煙灞岸春年,1
6896,灞岸春年年,1
6897,岸春年年攀,1
6898,春年年攀折,1
6899,年年攀折為,1
6900,年攀折為行,1
6901,攀折為行人,1
6902,折為行人好,1
6903,為行人好風,1
6904,行人好風倘,1
6905,人好風倘借,1
6906,好風倘借低,1
6907,風倘借低枝,1
6908,倘借低枝便,1
6909,借低枝便莫,1
6910,低枝便莫遣,1
6911,枝便莫遣青,1
6912,便莫遣青絲,1
6913,莫遣青絲掃,1
6914,遣青絲掃路,1
6915,青絲掃路塵,1
6916,絲掃路塵水,1
6917,掃路塵水邊,1
6918,路塵水邊楊,1
6919,塵水邊楊柳,1
6920,水邊楊柳麹,1
6921,邊楊柳麹塵,1
6922,楊柳麹塵絲,1
6923,柳麹塵絲立,1
6924,麹塵絲立馬,1
6925,塵絲立馬煩,1
6926,絲立馬煩君,1
6927,立馬煩君折,1
6928,馬煩君折一,1
6929,煩君折一枝,1
6930,君折一枝惟,1
6931,折一枝惟有,1
6932,一枝惟有春,1
6933,枝惟有春風,1
6934,惟有春風最,1
6935,有春風最相,1
6936,春風最相惜,1
6937,風最相惜殷,1
6938,最相惜殷勤,1
6939,相惜殷勤更,1
6940,惜殷勤更向,1
6941,殷勤更向手,1
6942,勤更向手中,1
6943,更向手中吹,1
6944,向手中吹玉,1
6945,手中吹玉柱,1
6946,中吹玉柱泠,1
6947,吹玉柱泠泠,1
6948,玉柱泠泠對,1
6949,柱泠泠對寒,1
6950,泠泠對寒雪,1
6951,泠對寒雪清,1
6952,對寒雪清商,1
6953,寒雪清商怨,1
6954,雪清商怨征,1
6955,清商怨征聲,1
6956,商怨征聲何,1
6957,怨征聲何切,1
6958,征聲何切誰,1
6959,聲何切誰憐,1
6960,何切誰憐楚,1
6961,切誰憐楚客,1
6962,誰憐楚客向,1
6963,憐楚客向隅,1
6964,楚客向隅時,1
6965,客向隅時一,1
6966,向隅時一片,1
6967,隅時一片愁,1
6968,時一片愁心,1
6969,一片愁心與,1
6970,片愁心與弦,1
6971,愁心與弦絕,1
6972,心與弦絕雨,1
6973,與弦絕雨雪,1
6974,弦絕雨雪紛,1
6975,絕雨雪紛紛,1
6976,雨雪紛紛黑,1
6977,雪紛紛黑水,1
6978,紛紛黑水外,1
6979,紛黑水外行,1
6980,黑水外行人,1
6981,水外行人共,1
6982,外行人共指,1
6983,行人共指盧,1
6984,人共指盧龍,1
6985,共指盧龍塞,1
6986,指盧龍塞萬,1
6987,盧龍塞萬里,1
6988,龍塞萬里飛,1
6989,塞萬里飛沙,1
6990,萬里飛沙壓,1
6991,里飛沙壓鼓,1
6992,飛沙壓鼓鼙,1
6993,沙壓鼓鼙三,1
6994,壓鼓鼙三軍,1
6995,鼓鼙三軍殺,1
6996,鼙三軍殺氣,1
6997,三軍殺氣凝,1
6998,軍殺氣凝旌,1
6999,殺氣凝旌旆,1
7000,氣凝旌旆陳,1
7001,凝旌旆陳琳,1
7002,旌旆陳琳書,1
7003,旆陳琳書記,1
7004,陳琳書記本,1
7005,琳書記本翩,1
7006,書記本翩翩,1
7007,記本翩翩料,1
7008,本翩翩料敵,1
7009,翩翩料敵能,1
7010,翩料敵能兵,1
7011,料敵能兵奪,1
7012,敵能兵奪酒,1
7013,能兵奪酒泉,1
7014,兵奪酒泉聖,1
7015,奪酒泉聖主,1
7016,酒泉聖主好,1
7017,泉聖主好文,1
7018,聖主好文兼,1
7019,主好文兼好,1
7020,好文兼好武,1
7021,文兼好武封,1
7022,兼好武封侯,1
7023,好武封侯莫,1
7024,武封侯莫比,1
7025,封侯莫比漢,1
7026,侯莫比漢皇,1
7027,莫比漢皇年,1
7028,比漢皇年解,1
7029,漢皇年解向,1
7030,皇年解向花,1
7031,年解向花間,1
7032,解向花間栽,1
7033,向花間栽碧,1
7034,花間栽碧松,1
7035,間栽碧松門,1
7036,栽碧松門前,1
7037,碧松門前不,1
7038,松門前不負,1
7039,門前不負老,1
7040,前不負老人,1
7041,不負老人峰,1
7042,負老人峰已,1
7043,老人峰已將,1
7044,人峰已將心,1
7045,峰已將心事,1
7046,已將心事隨,1
7047,將心事隨身,1
7048,心事隨身隱,1
7049,事隨身隱認,1
7050,隨身隱認得,1
7051,身隱認得溪,1
7052,隱認得溪雲,1
7053,認得溪雲第,1
7054,得溪雲第幾,1
7055,溪雲第幾重,1
7056,雲第幾重禪,1
7057,第幾重禪思,1
7058,幾重禪思何,1
7059,重禪思何妨,1
7060,禪思何妨在,1
7061,思何妨在玉,1
7062,何妨在玉琴,1
7063,妨在玉琴真,1
7064,在玉琴真僧,1
7065,玉琴真僧不,1
7066,琴真僧不見,1
7067,真僧不見聽,1
7068,僧不見聽時,1
7069,不見聽時心,1
7070,見聽時心離,1
7071,聽時心離聲,1
7072,時心離聲怨,1
7073,心離聲怨調,1
7074,離聲怨調秋,1
7075,聲怨調秋堂,1
7076,怨調秋堂夕,1
7077,調秋堂夕雲,1
7078,秋堂夕雲向,1
7079,堂夕雲向蒼,1
7080,夕雲向蒼梧,1
7081,雲向蒼梧湘,1
7082,向蒼梧湘水,1
7083,蒼梧湘水深,1
7084,梧湘水深語,1
7085,湘水深語恨,1
7086,水深語恨飛,1
7087,深語恨飛遲,1
7088,語恨飛遲天,1
7089,恨飛遲天欲,1
7090,飛遲天欲明,1
7091,遲天欲明殷,1
7092,天欲明殷勤,1
7093,欲明殷勤似,1
7094,明殷勤似訴,1
7095,殷勤似訴有,1
7096,勤似訴有餘,1
7097,似訴有餘情,1
7098,訴有餘情仁,1
7099,有餘情仁風,1
7100,餘情仁風已,1
7101,情仁風已及,1
7102,仁風已及芳,1
7103,風已及芳菲,1
7104,已及芳菲節,1
7105,及芳菲節猶,1
7106,芳菲節猶向,1
7107,菲節猶向花,1
7108,節猶向花溪,1
7109,猶向花溪鳴,1
7110,向花溪鳴幾,1
7111,花溪鳴幾聲,1
7112,溪鳴幾聲晴,1
7113,鳴幾聲晴空,1
7114,幾聲晴空素,1
7115,聲晴空素豔,1
7116,晴空素豔照,1
7117,空素豔照霞,1
7118,素豔照霞新,1
7119,豔照霞新香,1
7120,照霞新香灑,1
7121,霞新香灑天,1
7122,新香灑天風,1
7123,香灑天風不,1
7124,灑天風不到,1
7125,天風不到塵,1
7126,風不到塵持,1
7127,不到塵持贈,1
7128,到塵持贈昔,1
7129,塵持贈昔聞,1
7130,持贈昔聞將,1
7131,贈昔聞將白,1
7132,昔聞將白雪,1
7133,聞將白雪蕊,1
7134,將白雪蕊珠,1
7135,白雪蕊珠宮,1
7136,雪蕊珠宮上,1
7137,蕊珠宮上玉,1
7138,珠宮上玉花,1
7139,宮上玉花春,1
7140,上玉花春十,1
7141,玉花春十裏,1
7142,花春十裏青,1
7143,春十裏青山,1
7144,十裏青山有,1
7145,裏青山有一,1
7146,青山有一家,1
7147,山有一家翠,1
7148,有一家翠屏,1
7149,一家翠屏深,1
7150,家翠屏深處,1
7151,翠屏深處更,1
7152,屏深處更添,1
7153,深處更添霞,1
7154,處更添霞若,1
7155,更添霞若為,1
7156,添霞若為說,1
7157,霞若為說得,1
7158,若為說得溪,1
7159,為說得溪中,1
7160,說得溪中事,1
7161,得溪中事錦,1
7162,溪中事錦石,1
7163,中事錦石和,1
7164,事錦石和煙,1
7165,錦石和煙四,1
7166,石和煙四面,1
7167,和煙四面花,1
7168,煙四面花路,1
7169,四面花路入,1
7170,面花路入桑,1
7171,花路入桑幹,1
7172,路入桑幹塞,1
7173,入桑幹塞雁,1
7174,桑幹塞雁飛,1
7175,幹塞雁飛棗,1
7176,塞雁飛棗郎,1
7177,雁飛棗郎年,1
7178,飛棗郎年少,1
7179,棗郎年少有,1
7180,郎年少有光,1
7181,年少有光輝,1
7182,少有光輝春,1
7183,有光輝春風,1
7184,光輝春風走,1
7185,輝春風走馬,1
7186,春風走馬三,1
7187,風走馬三千,1
7188,走馬三千里,1
7189,馬三千里不,1
7190,三千里不廢,1
7191,千里不廢看,1
7192,里不廢看花,1
7193,不廢看花君,1
7194,廢看花君繡,1
7195,看花君繡衣,1
7196,花君繡衣清,1
7197,君繡衣清潤,1
7198,繡衣清潤潘,1
7199,衣清潤潘郎,1
7200,清潤潘郎玉,1
7201,潤潘郎玉不,1
7202,潘郎玉不如,1
7203,郎玉不如中,1
7204,玉不如中庭,1
7205,不如中庭蕙,1
7206,如中庭蕙草,1
7207,中庭蕙草雪,1
7208,庭蕙草雪消,1
7209,蕙草雪消初,1
7210,草雪消初風,1
7211,雪消初風流,1
7212,消初風流才,1
7213,初風流才子,1
7214,風流才子多,1
7215,流才子多春,1
7216,才子多春思,1
7217,子多春思腸,1
7218,多春思腸斷,1
7219,春思腸斷蕭,1
7220,思腸斷蕭娘,1
7221,腸斷蕭娘一,1
7222,斷蕭娘一紙,1
7223,蕭娘一紙書,1
7224,娘一紙書雲,1
7225,一紙書雲公,1
7226,紙書雲公蘭,1
7227,書雲公蘭若,1
7228,雲公蘭若深,1
7229,公蘭若深山,1
7230,蘭若深山裏,1
7231,若深山裏月,1
7232,深山裏月明,1
7233,山裏月明松,1
7234,裏月明松殿,1
7235,月明松殿微,1
7236,明松殿微風,1
7237,松殿微風起,1
7238,殿微風起試,1
7239,微風起試問,1
7240,風起試問空,1
7241,起試問空門,1
7242,試問空門清,1
7243,問空門清淨,1
7244,空門清淨心,1
7245,門清淨心蓮,1
7246,清淨心蓮花,1
7247,淨心蓮花不,1
7248,心蓮花不著,1
7249,蓮花不著秋,1
7250,花不著秋潭,1
7251,不著秋潭水,1
7252,著秋潭水詩,1
7253,秋潭水詩家,1
7254,潭水詩家清,1
7255,水詩家清景,1
7256,詩家清景在,1
7257,家清景在新,1
7258,清景在新春,1
7259,景在新春綠,1
7260,在新春綠柳,1
7261,新春綠柳才,1
7262,春綠柳才黃,1
7263,綠柳才黃半,1
7264,柳才黃半未,1
7265,才黃半未勻,1
7266,黃半未勻若,1
7267,半未勻若待,1
7268,未勻若待上,1
7269,勻若待上林,1
7270,若待上林花,1
7271,待上林花似,1
7272,上林花似錦,1
7273,林花似錦出,1
7274,花似錦出門,1
7275,似錦出門俱,1
7276,錦出門俱是,1
7277,出門俱是看,1
7278,門俱是看花,1
7279,俱是看花人,1
7280,是看花人潦,1
7281,看花人潦倒,1
7282,花人潦倒從,1
7283,人潦倒從軍,1
7284,潦倒從軍何,1
7285,倒從軍何取,1
7286,從軍何取益,1
7287,軍何取益東,1
7288,何取益東西,1
7289,取益東西走,1
7290,益東西走馬,1
7291,東西走馬暫,1
7292,西走馬暫同,1
7293,走馬暫同遊,1
7294,馬暫同遊梁,1
7295,暫同遊梁王,1
7296,同遊梁王舊,1
7297,遊梁王舊客,1
7298,梁王舊客皆,1
7299,王舊客皆能,1
7300,舊客皆能賦,1
7301,客皆能賦今,1
7302,皆能賦今日,1
7303,能賦今日因,1
7304,賦今日因何,1
7305,今日因何獨,1
7306,日因何獨怨,1
7307,因何獨怨秋,1
7308,何獨怨秋銀,1
7309,獨怨秋銀罌,1
7310,怨秋銀罌深,1
7311,秋銀罌深鎖,1
7312,銀罌深鎖貯,1
7313,罌深鎖貯清,1
7314,深鎖貯清光,1
7315,鎖貯清光無,1
7316,貯清光無限,1
7317,清光無限來,1
7318,光無限來人,1
7319,無限來人不,1
7320,限來人不得,1
7321,來人不得嘗,1
7322,人不得嘗知,1
7323,不得嘗知共,1
7324,得嘗知共金,1
7325,嘗知共金丹,1
7326,知共金丹爭,1
7327,共金丹爭氣,1
7328,金丹爭氣力,1
7329,丹爭氣力一,1
7330,爭氣力一杯,1
7331,氣力一杯全,1
7332,力一杯全勝,1
7333,一杯全勝五,1
7334,杯全勝五雲,1
7335,全勝五雲漿,1
7336,勝五雲漿山,1
7337,五雲漿山叟,1
7338,雲漿山叟和,1
7339,漿山叟和雲,1
7340,山叟和雲劚,1
7341,叟和雲劚翠,1
7342,和雲劚翠屏,1
7343,雲劚翠屏煎,1
7344,劚翠屏煎時,1
7345,翠屏煎時分,1
7346,屏煎時分日,1
7347,煎時分日檢,1
7348,時分日檢仙,1
7349,分日檢仙經,1
7350,日檢仙經天,1
7351,檢仙經天人,1
7352,仙經天人持,1
7353,經天人持此,1
7354,天人持此扶,1
7355,人持此扶衰,1
7356,持此扶衰病,1
7357,此扶衰病勝,1
7358,扶衰病勝得,1
7359,衰病勝得瑤,1
7360,病勝得瑤池,1
7361,勝得瑤池水,1
7362,得瑤池水一,1
7363,瑤池水一瓶,1
7364,池水一瓶近,1
7365,水一瓶近來,1
7366,一瓶近來時,1
7367,瓶近來時輩,1
7368,近來時輩都,1
7369,來時輩都無,1
7370,時輩都無興,1
7371,輩都無興把,1
7372,都無興把酒,1
7373,無興把酒皆,1
7374,興把酒皆言,1
7375,把酒皆言肺,1
7376,酒皆言肺病,1
7377,皆言肺病同,1
7378,言肺病同唯,1
7379,肺病同唯有,1
7380,病同唯有單,1
7381,同唯有單于,1
7382,唯有單于李,1
7383,有單于李評,1
7384,單于李評事,1
7385,于李評事不,1
7386,李評事不將,1
7387,評事不將華,1
7388,事不將華髮,1
7389,不將華髮負,1
7390,將華髮負春,1
7391,華髮負春風,1
7392,髮負春風毛,1
7393,負春風毛衣,1
7394,春風毛衣似,1
7395,風毛衣似錦,1
7396,毛衣似錦語,1
7397,衣似錦語如,1
7398,似錦語如弦,1
7399,錦語如弦日,1
7400,語如弦日暖,1
7401,如弦日暖爭,1
7402,弦日暖爭高,1
7403,日暖爭高綺,1
7404,暖爭高綺陌,1
7405,爭高綺陌天,1
7406,高綺陌天幾,1
7407,綺陌天幾處,1
7408,陌天幾處野,1
7409,天幾處野花,1
7410,幾處野花留,1
7411,處野花留不,1
7412,野花留不得,1
7413,花留不得雙,1
7414,留不得雙雙,1
7415,不得雙雙飛,1
7416,得雙雙飛向,1
7417,雙雙飛向禦,1
7418,雙飛向禦爐,1
7419,飛向禦爐前,1
7420,向禦爐前百,1
7421,禦爐前百尺,1
7422,爐前百尺梧,1
7423,前百尺梧桐,1
7424,百尺梧桐畫,1
7425,尺梧桐畫閣,1
7426,梧桐畫閣齊,1
7427,桐畫閣齊簫,1
7428,畫閣齊簫聲,1
7429,閣齊簫聲落,1
7430,齊簫聲落處,1
7431,簫聲落處翠,1
7432,聲落處翠雲,1
7433,落處翠雲低,1
7434,處翠雲低平,1
7435,翠雲低平陽,1
7436,雲低平陽不,1
7437,低平陽不惜,1
7438,平陽不惜黃,1
7439,陽不惜黃金,1
7440,不惜黃金埒,1
7441,惜黃金埒細,1
7442,黃金埒細雨,1
7443,金埒細雨花,1
7444,埒細雨花驄,1
7445,細雨花驄踏,1
7446,雨花驄踏作,1
7447,花驄踏作泥,1
7448,驄踏作泥聽,1
7449,踏作泥聽奏,1
7450,作泥聽奏繁,1
7451,泥聽奏繁弦,1
7452,聽奏繁弦玉,1
7453,奏繁弦玉殿,1
7454,繁弦玉殿清,1
7455,弦玉殿清風,1
7456,玉殿清風傳,1
7457,殿清風傳曲,1
7458,清風傳曲度,1
7459,風傳曲度禁,1
7460,傳曲度禁林,1
7461,曲度禁林明,1
7462,度禁林明君,1
7463,禁林明君王,1
7464,林明君王聽,1
7465,明君王聽樂,1
7466,君王聽樂梨,1
7467,王聽樂梨園,1
7468,聽樂梨園暖,1
7469,樂梨園暖翻,1
7470,梨園暖翻到,1
7471,園暖翻到雲,1
7472,暖翻到雲門,1
7473,翻到雲門第,1
7474,到雲門第幾,1
7475,雲門第幾聲,1
7476,門第幾聲花,1
7477,第幾聲花咽,1
7478,幾聲花咽嬌,1
7479,聲花咽嬌鶯,1
7480,花咽嬌鶯玉,1
7481,咽嬌鶯玉漱,1
7482,嬌鶯玉漱泉,1
7483,鶯玉漱泉名,1
7484,玉漱泉名高,1
7485,漱泉名高半,1
7486,泉名高半在,1
7487,名高半在禦,1
7488,高半在禦筵,1
7489,半在禦筵前,1
7490,在禦筵前漢,1
7491,禦筵前漢王,1
7492,筵前漢王欲,1
7493,前漢王欲助,1
7494,漢王欲助人,1
7495,王欲助人間,1
7496,欲助人間樂,1
7497,助人間樂從,1
7498,人間樂從遣,1
7499,間樂從遣新,1
7500,樂從遣新聲,1
7501,從遣新聲墜,1
7502,遣新聲墜九,1
7503,新聲墜九天,1
7504,聲墜九天一,1
7505,墜九天一樹,1
7506,九天一樹紅,1
7507,天一樹紅花,1
7508,一樹紅花映,1
7509,樹紅花映綠,1
7510,紅花映綠波,1
7511,花映綠波晴,1
7512,映綠波晴明,1
7513,綠波晴明騎,1
7514,波晴明騎馬,1
7515,晴明騎馬好,1
7516,明騎馬好經,1
7517,騎馬好經過,1
7518,馬好經過今,1
7519,好經過今朝,1
7520,經過今朝幾,1
7521,過今朝幾許,1
7522,今朝幾許風,1
7523,朝幾許風吹,1
7524,幾許風吹落,1
7525,許風吹落聞,1
7526,風吹落聞道,1
7527,吹落聞道蕭,1
7528,落聞道蕭郎,1
7529,聞道蕭郎最,1
7530,道蕭郎最惜,1
7531,蕭郎最惜多,1
7532,郎最惜多荀,1
7533,最惜多荀令,1
7534,惜多荀令歌,1
7535,多荀令歌鐘,1
7536,荀令歌鐘北,1
7537,令歌鐘北裏,1
7538,歌鐘北裏亭,1
7539,鐘北裏亭翠,1
7540,北裏亭翠娥,1
7541,裏亭翠娥紅,1
7542,亭翠娥紅粉,1
7543,翠娥紅粉敞,1
7544,娥紅粉敞雲,1
7545,紅粉敞雲屏,1
7546,粉敞雲屏舞,1
7547,敞雲屏舞衣,1
7548,雲屏舞衣施,1
7549,屏舞衣施盡,1
7550,舞衣施盡餘,1
7551,衣施盡餘香,1
7552,施盡餘香在,1
7553,盡餘香在今,1
7554,餘香在今日,1
7555,香在今日花,1
7556,在今日花前,1
7557,今日花前學,1
7558,日花前學誦,1
7559,花前學誦經,1
7560,前學誦經碧,1
7561,學誦經碧玉,1
7562,誦經碧玉芳,1
7563,經碧玉芳年,1
7564,碧玉芳年事,1
7565,玉芳年事冠,1
7566,芳年事冠軍,1
7567,年事冠軍清,1
7568,事冠軍清歌,1
7569,冠軍清歌空,1
7570,軍清歌空得,1
7571,清歌空得隔,1
7572,歌空得隔花,1
7573,空得隔花聞,1
7574,得隔花聞春,1
7575,隔花聞春來,1
7576,花聞春來削,1
7577,聞春來削髮,1
7578,春來削髮芙,1
7579,來削髮芙蓉,1
7580,削髮芙蓉寺,1
7581,髮芙蓉寺蟬,1
7582,芙蓉寺蟬鬢,1
7583,蓉寺蟬鬢臨,1
7584,寺蟬鬢臨風,1
7585,蟬鬢臨風墮,1
7586,鬢臨風墮綠,1
7587,臨風墮綠雲,1
7588,風墮綠雲走,1
7589,墮綠雲走馬,1
7590,綠雲走馬溫,1
7591,雲走馬溫湯,1
7592,走馬溫湯直,1
7593,馬溫湯直隼,1
7594,溫湯直隼飛,1
7595,湯直隼飛相,1
7596,直隼飛相逢,1
7597,隼飛相逢矍,1
7598,飛相逢矍鑠,1
7599,相逢矍鑠理,1
7600,逢矍鑠理征,1
7601,矍鑠理征衣,1
7602,鑠理征衣軍,1
7603,理征衣軍中,1
7604,征衣軍中得,1
7605,衣軍中得力,1
7606,軍中得力兒,1
7607,中得力兒男,1
7608,得力兒男事,1
7609,力兒男事入,1
7610,兒男事入驛,1
7611,男事入驛從,1
7612,事入驛從容,1
7613,入驛從容見,1
7614,驛從容見落,1
7615,從容見落暉,1
7616,容見落暉憑,1
7617,見落暉憑檻,1
7618,落暉憑檻霏,1
7619,暉憑檻霏微,1
7620,憑檻霏微松,1
7621,檻霏微松樹,1
7622,霏微松樹煙,1
7623,微松樹煙陶,1
7624,松樹煙陶潛,1
7625,樹煙陶潛曾,1
7626,煙陶潛曾用,1
7627,陶潛曾用道,1
7628,潛曾用道林,1
7629,曾用道林錢,1
7630,用道林錢一,1
7631,道林錢一聲,1
7632,林錢一聲寒,1
7633,錢一聲寒磬,1
7634,一聲寒磬空,1
7635,聲寒磬空心,1
7636,寒磬空心曉,1
7637,磬空心曉花,1
7638,空心曉花雨,1
7639,心曉花雨知,1
7640,曉花雨知從,1
7641,花雨知從第,1
7642,雨知從第幾,1
7643,知從第幾天,1
7644,從第幾天曉,1
7645,第幾天曉禁,1
7646,幾天曉禁蒼,1
7647,天曉禁蒼蒼,1
7648,曉禁蒼蒼換,1
7649,禁蒼蒼換直,1
7650,蒼蒼換直還,1
7651,蒼換直還暫,1
7652,換直還暫低,1
7653,直還暫低鸞,1
7654,還暫低鸞翼,1
7655,暫低鸞翼向,1
7656,低鸞翼向人,1
7657,鸞翼向人間,1
7658,翼向人間亦,1
7659,向人間亦知,1
7660,人間亦知受,1
7661,間亦知受業,1
7662,亦知受業公,1
7663,知受業公門,1
7664,受業公門事,1
7665,業公門事數,1
7666,公門事數仞,1
7667,門事數仞丘,1
7668,事數仞丘牆,1
7669,數仞丘牆不,1
7670,仞丘牆不見,1
7671,丘牆不見山,1
7672,牆不見山題,1
7673,不見山題詩,1
7674,見山題詩一,1
7675,山題詩一代,1
7676,題詩一代占,1
7677,詩一代占清,1
7678,一代占清機,1
7679,代占清機秉,1
7680,占清機秉筆,1
7681,清機秉筆三,1
7682,機秉筆三年,1
7683,秉筆三年直,1
7684,筆三年直紫,1
7685,三年直紫微,1
7686,年直紫微自,1
7687,直紫微自稟,1
7688,紫微自稟道,1
7689,微自稟道情,1
7690,自稟道情齠,1
7691,稟道情齠齔,1
7692,道情齠齔異,1
7693,情齠齔異不,1
7694,齠齔異不同,1
7695,齔異不同蘧,1
7696,異不同蘧玉,1
7697,不同蘧玉學,1
7698,同蘧玉學知,1
7699,蘧玉學知非,1
7700,玉學知非妾,1
7701,學知非妾家,1
7702,知非妾家巫,1
7703,非妾家巫峽,1
7704,妾家巫峽陽,1
7705,家巫峽陽羅,1
7706,巫峽陽羅幌,1
7707,峽陽羅幌寢,1
7708,陽羅幌寢蘭,1
7709,羅幌寢蘭堂,1
7710,幌寢蘭堂曉,1
7711,寢蘭堂曉日,1
7712,蘭堂曉日臨,1
7713,堂曉日臨窗,1
7714,曉日臨窗久,1
7715,日臨窗久春,1
7716,臨窗久春風,1
7717,窗久春風引,1
7718,久春風引夢,1
7719,春風引夢長,1
7720,風引夢長落,1
7721,引夢長落釵,1
7722,夢長落釵仍,1
7723,長落釵仍掛,1
7724,落釵仍掛鬢,1
7725,釵仍掛鬢微,1
7726,仍掛鬢微汗,1
7727,掛鬢微汗欲,1
7728,鬢微汗欲銷,1
7729,微汗欲銷黃,1
7730,汗欲銷黃縱,1
7731,欲銷黃縱便,1
7732,銷黃縱便朦,1
7733,黃縱便朦朧,1
7734,縱便朦朧覺,1
7735,便朦朧覺魂,1
7736,朦朧覺魂猶,1
7737,朧覺魂猶逐,1
7738,覺魂猶逐楚,1
7739,魂猶逐楚王,1
7740,猶逐楚王露,1
7741,逐楚王露井,1
7742,楚王露井桃,1
7743,王露井桃花,1
7744,露井桃花發,1
7745,井桃花發雙,1
7746,桃花發雙雙,1
7747,花發雙雙燕,1
7748,發雙雙燕並,1
7749,雙雙燕並飛,1
7750,雙燕並飛美,1
7751,燕並飛美人,1
7752,並飛美人姿,1
7753,飛美人姿態,1
7754,美人姿態裏,1
7755,人姿態裏春,1
7756,姿態裏春色,1
7757,態裏春色上,1
7758,裏春色上羅,1
7759,春色上羅衣,1
7760,色上羅衣自,1
7761,上羅衣自愛,1
7762,羅衣自愛頻,1
7763,衣自愛頻開,1
7764,自愛頻開鏡,1
7765,愛頻開鏡時,1
7766,頻開鏡時羞,1
7767,開鏡時羞欲,1
7768,鏡時羞欲掩,1
7769,時羞欲掩扉,1
7770,羞欲掩扉心,1
7771,欲掩扉心知,1
7772,掩扉心知行,1
7773,扉心知行路,1
7774,心知行路客,1
7775,知行路客遙,1
7776,行路客遙惹,1
7777,路客遙惹五,1
7778,客遙惹五香,1
7779,遙惹五香歸,1
7780,惹五香歸阿,1
7781,五香歸阿嬌,1
7782,香歸阿嬌年,1
7783,歸阿嬌年未,1
7784,阿嬌年未多,1
7785,嬌年未多體,1
7786,年未多體弱,1
7787,未多體弱性,1
7788,多體弱性能,1
7789,體弱性能和,1
7790,弱性能和怕,1
7791,性能和怕重,1
7792,能和怕重愁,1
7793,和怕重愁拈,1
7794,怕重愁拈鏡,1
7795,重愁拈鏡憐,1
7796,愁拈鏡憐輕,1
7797,拈鏡憐輕喜,1
7798,鏡憐輕喜曳,1
7799,憐輕喜曳羅,1
7800,輕喜曳羅臨,1
7801,喜曳羅臨津,1
7802,曳羅臨津雙,1
7803,羅臨津雙洛,1
7804,臨津雙洛浦,1
7805,津雙洛浦對,1
7806,雙洛浦對月,1
7807,洛浦對月兩,1
7808,浦對月兩嫦,1
7809,對月兩嫦娥,1
7810,月兩嫦娥獨,1
7811,兩嫦娥獨有,1
7812,嫦娥獨有荊,1
7813,娥獨有荊王,1
7814,獨有荊王殿,1
7815,有荊王殿時,1
7816,荊王殿時時,1
7817,王殿時時暮,1
7818,殿時時暮雨,1
7819,時時暮雨過,1
7820,時暮雨過北,1
7821,暮雨過北路,1
7822,雨過北路古,1
7823,過北路古來,1
7824,北路古來難,1
7825,路古來難年,1
7826,古來難年光,1
7827,來難年光獨,1
7828,難年光獨認,1
7829,年光獨認寒,1
7830,光獨認寒朔,1
7831,獨認寒朔雲,1
7832,認寒朔雲侵,1
7833,寒朔雲侵鬢,1
7834,朔雲侵鬢起,1
7835,月向眉殘蘆,1
7836,向眉殘蘆井,1
7837,眉殘蘆井尋,1
7838,殘蘆井尋沙,1
7839,蘆井尋沙到,1
7840,井尋沙到花,1
7841,尋沙到花門,1
7842,沙到花門度,1
7843,到花門度磧,1
7844,花門度磧看,1
7845,門度磧看熏,1
7846,度磧看熏風,1
7847,磧看熏風一,1
7848,看熏風一萬,1
7849,熏風一萬里,1
7850,風一萬里來,1
7851,一萬里來處,1
7852,萬里來處是,1
7853,里來處是長,1
7854,來處是長安,1
7855,處是長安主,1
7856,是長安主人,1
7857,長安主人得,1
7858,安主人得幽,1
7859,主人得幽石,1
7860,人得幽石日,1
7861,得幽石日覺,1
7862,幽石日覺公,1
7863,石日覺公堂,1
7864,日覺公堂清,1
7865,覺公堂清一,1
7866,公堂清一片,1
7867,堂清一片池,1
7868,清一片池上,1
7869,一片池上色,1
7870,片池上色孤,1
7871,池上色孤峰,1
7872,上色孤峰雲,1
7873,色孤峰雲外,1
7874,孤峰雲外情,1
7875,峰雲外情舊,1
7876,雲外情舊溪,1
7877,外情舊溪紅,1
7878,情舊溪紅蘚,1
7879,舊溪紅蘚在,1
7880,溪紅蘚在秋,1
7881,紅蘚在秋水,1
7882,蘚在秋水綠,1
7883,在秋水綠痕,1
7884,秋水綠痕生,1
7885,水綠痕生何,1
7886,綠痕生何必,1
7887,痕生何必澄,1
7888,生何必澄湖,1
7889,何必澄湖徹,1
7890,必澄湖徹移,1
7891,澄湖徹移來,1
7892,湖徹移來有,1
7893,徹移來有令,1
7894,移來有令名,1
7895,來有令名何,1
7896,有令名何事,1
7897,令名何事慰,1
7898,名何事慰朝,1
7899,何事慰朝夕,1
7900,事慰朝夕不,1
7901,慰朝夕不逾,1
7902,朝夕不逾詩,1
7903,夕不逾詩酒,1
7904,不逾詩酒情,1
7905,逾詩酒情山,1
7906,詩酒情山河,1
7907,酒情山河空,1
7908,情山河空道,1
7909,山河空道路,1
7910,河空道路蕃,1
7911,空道路蕃漢,1
7912,道路蕃漢共,1
7913,路蕃漢共刀,1
7914,蕃漢共刀兵,1
7915,漢共刀兵禮,1
7916,共刀兵禮樂,1
7917,刀兵禮樂新,1
7918,兵禮樂新朝,1
7919,禮樂新朝市,1
7920,樂新朝市園,1
7921,新朝市園林,1
7922,朝市園林舊,1
7923,市園林舊弟,1
7924,園林舊弟兄,1
7925,林舊弟兄向,1
7926,舊弟兄向風,1
7927,弟兄向風一,1
7928,兄向風一點,1
7929,向風一點淚,1
7930,風一點淚塞,1
7931,一點淚塞晚,1
7932,點淚塞晚暮,1
7933,淚塞晚暮江,1
7934,塞晚暮江平,1
7935,晚暮江平眾,1
7936,暮江平眾香,1
7937,江平眾香天,1
7938,平眾香天上,1
7939,眾香天上梵,1
7940,香天上梵王,1
7941,天上梵王宮,1
7942,上梵王宮鐘,1
7943,梵王宮鐘磬,1
7944,王宮鐘磬寥,1
7945,宮鐘磬寥寥,1
7946,鐘磬寥寥半,1
7947,磬寥寥半碧,1
7948,寥寥半碧空,1
7949,寥半碧空清,1
7950,半碧空清景,1
7951,碧空清景乍,1
7952,空清景乍開,1
7953,清景乍開松,1
7954,景乍開松嶺,1
7955,乍開松嶺月,1
7956,開松嶺月亂,1
7957,松嶺月亂流,1
7958,嶺月亂流長,1
7959,月亂流長響,1
7960,亂流長響石,1
7961,流長響石樓,1
7962,長響石樓風,1
7963,響石樓風山,1
7964,石樓風山河,1
7965,樓風山河杳,1
7966,風山河杳映,1
7967,山河杳映春,1
7968,河杳映春雲,1
7969,杳映春雲外,1
7970,映春雲外城,1
7971,春雲外城闕,1
7972,雲外城闕參,1
7973,外城闕參差,1
7974,城闕參差曉,1
7975,闕參差曉樹,1
7976,參差曉樹中,1
7977,差曉樹中欲,1
7978,曉樹中欲盡,1
7979,樹中欲盡出,1
7980,中欲盡出尋,1
7981,欲盡出尋那,1
7982,盡出尋那可,1
7983,出尋那可得,1
7984,尋那可得三,1
7985,那可得三千,1
7986,可得三千世,1
7987,得三千世界,1
7988,三千世界本,1
7989,千世界本無,1
7990,世界本無窮,1
7991,界本無窮領,1
7992,本無窮領郡,1
7993,無窮領郡仍,1
7994,窮領郡仍聞,1
7995,領郡仍聞總,1
7996,郡仍聞總虎,1
7997,仍聞總虎貔,1
7998,聞總虎貔致,1
7999,總虎貔致身,1
8000,虎貔致身還,1
8001,貔致身還是,1
8002,致身還是見,1
8003,身還是見男,1
8004,還是見男兒,1
8005,是見男兒小,1
8006,見男兒小船,1
8007,男兒小船隔,1
8008,兒小船隔水,1
8009,小船隔水催,1
8010,船隔水催桃,1
8011,隔水催桃葉,1
8012,水催桃葉大,1
8013,催桃葉大鼓,1
8014,桃葉大鼓當,1
8015,葉大鼓當風,1
8016,大鼓當風舞,1
8017,鼓當風舞柘,1
8018,當風舞柘枝,1
8019,風舞柘枝酒,1
8020,舞柘枝酒坐,1
8021,柘枝酒坐微,1
8022,枝酒坐微酣,1
8023,酒坐微酣諸,1
8024,坐微酣諸客,1
8025,微酣諸客倒,1
8026,酣諸客倒球,1
8027,諸客倒球場,1
8028,客倒球場慢,1
8029,倒球場慢撥,1
8030,球場慢撥幾,1
8031,場慢撥幾人,1
8032,慢撥幾人隨,1
8033,撥幾人隨從,1
8034,幾人隨從來,1
8035,人隨從來樂,1
8036,隨從來樂事,1
8037,從來樂事憎,1
8038,來樂事憎詩,1
8039,樂事憎詩苦,1
8040,事憎詩苦莫,1
8041,憎詩苦莫放,1
8042,詩苦莫放窗,1
8043,苦莫放窗中,1
8044,莫放窗中遠,1
8045,放窗中遠岫,1
8046,窗中遠岫知,1
8047,中遠岫知繁,1
8048,遠岫知繁菊,1
8049,岫知繁菊照,1
8050,知繁菊照深,1
8051,繁菊照深居,1
8052,菊照深居芳,1
8053,照深居芳香,1
8054,深居芳香春,1
8055,居芳香春不,1
8056,芳香春不如,1
8057,香春不如聞,1
8058,春不如聞尋,1
8059,不如聞尋周,1
8060,如聞尋周處,1
8061,聞尋周處士,1
8062,尋周處士知,1
8063,周處士知伴,1
8064,處士知伴庾,1
8065,士知伴庾尚,1
8066,知伴庾尚書,1
8067,伴庾尚書日,1
8068,庾尚書日晚,1
8069,尚書日晚汀,1
8070,書日晚汀洲,1
8071,日晚汀洲曠,1
8072,晚汀洲曠天,1
8073,汀洲曠天晴,1
8074,洲曠天晴草,1
8075,曠天晴草木,1
8076,天晴草木疏,1
8077,晴草木疏閑,1
8078,草木疏閑言,1
8079,木疏閑言揮,1
8080,疏閑言揮麈,1
8081,閑言揮麈柄,1
8082,言揮麈柄清,1
8083,揮麈柄清步,1
8084,麈柄清步掩,1
8085,柄清步掩蝸,1
8086,清步掩蝸廬,1
8087,步掩蝸廬野,1
8088,掩蝸廬野老,1
8089,蝸廬野老能,1
8090,廬野老能親,1
8091,野老能親牧,1
8092,老能親牧高,1
8093,能親牧高人,1
8094,親牧高人念,1
8095,牧高人念遠,1
8096,高人念遠漁,1
8097,人念遠漁幽,1
8098,念遠漁幽叢,1
8099,遠漁幽叢臨,1
8100,漁幽叢臨古,1
8101,幽叢臨古岸,1
8102,叢臨古岸輕,1
8103,臨古岸輕葉,1
8104,古岸輕葉度,1
8105,岸輕葉度寒,1
8106,輕葉度寒渠,1
8107,葉度寒渠暮,1
8108,度寒渠暮色,1
8109,寒渠暮色無,1
8110,渠暮色無狂,1
8111,暮色無狂蝶,1
8112,色無狂蝶秋,1
8113,無狂蝶秋華,1
8114,狂蝶秋華有,1
8115,蝶秋華有嫩,1
8116,秋華有嫩蔬,1
8117,華有嫩蔬若,1
8118,有嫩蔬若為,1
8119,嫩蔬若為酬,1
8120,蔬若為酬郢,1
8121,若為酬郢曲,1
8122,為酬郢曲從,1
8123,酬郢曲從此,1
8124,郢曲從此愧,1
8125,曲從此愧璠,1
8126,從此愧璠璵,1
8127,此愧璠璵天,1
8128,愧璠璵天借,1
8129,璠璵天借春,1
8130,璵天借春光,1
8131,天借春光洗,1
8132,借春光洗綠,1
8133,春光洗綠林,1
8134,光洗綠林戰,1
8135,洗綠林戰塵,1
8136,綠林戰塵收,1
8137,林戰塵收盡,1
8138,戰塵收盡見,1
8139,塵收盡見花,1
8140,收盡見花陰,1
8141,盡見花陰好,1
8142,見花陰好生,1
8143,花陰好生本,1
8144,陰好生本是,1
8145,好生本是君,1
8146,生本是君王,1
8147,本是君王德,1
8148,是君王德忍,1
8149,君王德忍死,1
8150,王德忍死何,1
8151,德忍死何妨,1
8152,忍死何妨壯,1
8153,死何妨壯士,1
8154,何妨壯士心,1
8155,妨壯士心曾,1
8156,壯士心曾賀,1
8157,士心曾賀截,1
8158,心曾賀截雲,1
8159,曾賀截雲翻,1
8160,賀截雲翻柵,1
8161,截雲翻柵遠,1
8162,雲翻柵遠仍,1
8163,翻柵遠仍聞,1
8164,柵遠仍聞劚,1
8165,遠仍聞劚凍,1
8166,仍聞劚凍下,1
8167,聞劚凍下營,1
8168,劚凍下營深,1
8169,凍下營深井,1
8170,下營深井陘,1
8171,營深井陘昨,1
8172,深井陘昨日,1
8173,井陘昨日雙,1
8174,陘昨日雙旗,1
8175,昨日雙旗入,1
8176,日雙旗入蕭,1
8177,雙旗入蕭相,1
8178,旗入蕭相無,1
8179,入蕭相無言,1
8180,蕭相無言淚,1
8181,相無言淚濕,1
8182,無言淚濕襟,1
8183,言淚濕襟五,1
8184,淚濕襟五侯,1
8185,濕襟五侯恩,1
8186,襟五侯恩澤,1
8187,五侯恩澤不,1
8188,侯恩澤不同,1
8189,恩澤不同年,1
8190,澤不同年叔,1
8191,不同年叔侄,1
8192,同年叔侄朱,1
8193,年叔侄朱門,1
8194,叔侄朱門槊,1
8195,侄朱門槊連,1
8196,朱門槊連鳳,1
8197,門槊連鳳沼,1
8198,槊連鳳沼九,1
8199,連鳳沼九重,1
8200,鳳沼九重相,1
8201,沼九重相喜,1
8202,九重相喜氣,1
8203,重相喜氣雁,1
8204,相喜氣雁行,1
8205,喜氣雁行一,1
8206,氣雁行一半,1
8207,雁行一半入,1
8208,行一半入祥,1
8209,一半入祥煙,1
8210,半入祥煙街,1
8211,入祥煙街衢,1
8212,祥煙街衢燭,1
8213,煙街衢燭影,1
8214,街衢燭影侵,1
8215,衢燭影侵寒,1
8216,燭影侵寒月,1
8217,影侵寒月文,1
8218,侵寒月文武,1
8219,寒月文武珂,1
8220,月文武珂聲,1
8221,文武珂聲疊,1
8222,武珂聲疊曉,1
8223,珂聲疊曉天,1
8224,聲疊曉天為,1
8225,疊曉天為數,1
8226,曉天為數麒,1
8227,天為數麒麟,1
8228,為數麒麟高,1
8229,數麒麟高閣,1
8230,麒麟高閣上,1
8231,麟高閣上誰,1
8232,高閣上誰家,1
8233,閣上誰家父,1
8234,上誰家父子,1
8235,誰家父子勒,1
8236,家父子勒燕,1
8237,父子勒燕然,1
8238,子勒燕然聖,1
8239,勒燕然聖代,1
8240,燕然聖代司,1
8241,然聖代司空,1
8242,聖代司空比,1
8243,代司空比玉,1
8244,司空比玉清,1
8245,空比玉清雄,1
8246,比玉清雄藩,1
8247,玉清雄藩觀,1
8248,清雄藩觀獵,1
8249,雄藩觀獵見,1
8250,藩觀獵見皇,1
8251,觀獵見皇情,1
8252,獵見皇情雲,1
8253,見皇情雲禽,1
8254,皇情雲禽已,1
8255,情雲禽已覺,1
8256,雲禽已覺高,1
8257,禽已覺高無,1
8258,已覺高無益,1
8259,覺高無益霜,1
8260,高無益霜兔,1
8261,無益霜兔應,1
8262,益霜兔應知,1
8263,霜兔應知狡,1
8264,兔應知狡不,1
8265,應知狡不成,1
8266,知狡不成飛,1
8267,狡不成飛鞚,1
8268,不成飛鞚擁,1
8269,成飛鞚擁塵,1
8270,飛鞚擁塵寒,1
8271,鞚擁塵寒草,1
8272,擁塵寒草盡,1
8273,塵寒草盡彎,1
8274,寒草盡彎弓,1
8275,草盡彎弓開,1
8276,盡彎弓開月,1
8277,彎弓開月朔,1
8278,弓開月朔風,1
8279,開月朔風生,1
8280,月朔風生今,1
8281,朔風生今朝,1
8282,風生今朝始,1
8283,生今朝始賀,1
8284,今朝始賀將,1
8285,朝始賀將軍,1
8286,始賀將軍貴,1
8287,賀將軍貴紫,1
8288,將軍貴紫禁,1
8289,軍貴紫禁詩,1
8290,貴紫禁詩人,1
8291,紫禁詩人看,1
8292,禁詩人看旆,1
8293,詩人看旆旌,1
8294,人看旆旌清,1
8295,看旆旌清詞,1
8296,旆旌清詞舉,1
8297,旌清詞舉世,1
8298,清詞舉世皆,1
8299,詞舉世皆藏,1
8300,舉世皆藏篋,1
8301,世皆藏篋美,1
8302,皆藏篋美酒,1
8303,藏篋美酒當,1
8304,篋美酒當山,1
8305,美酒當山為,1
8306,酒當山為滿,1
8307,當山為滿樽,1
8308,山為滿樽三,1
8309,為滿樽三畝,1
8310,滿樽三畝嫩,1
8311,樽三畝嫩蔬,1
8312,三畝嫩蔬臨,1
8313,畝嫩蔬臨綺,1
8314,嫩蔬臨綺陌,1
8315,蔬臨綺陌四,1
8316,臨綺陌四行,1
8317,綺陌四行高,1
8318,陌四行高樹,1
8319,四行高樹擁,1
8320,行高樹擁朱,1
8321,高樹擁朱門,1
8322,樹擁朱門家,1
8323,擁朱門家貧,1
8324,朱門家貧境,1
8325,門家貧境勝,1
8326,家貧境勝心,1
8327,貧境勝心無,1
8328,境勝心無累,1
8329,勝心無累名,1
8330,心無累名重,1
8331,無累名重官,1
8332,累名重官閑,1
8333,名重官閑口,1
8334,重官閑口不,1
8335,官閑口不論,1
8336,閑口不論惟,1
8337,口不論惟有,1
8338,不論惟有道,1
8339,論惟有道情,1
8340,惟有道情常,1
8341,有道情常自,1
8342,道情常自足,1
8343,情常自足啟,1
8344,常自足啟期,1
8345,自足啟期天,1
8346,足啟期天地,1
8347,啟期天地易,1
8348,期天地易知,1
8349,天地易知恩,1
8350,地易知恩沉,1
8351,易知恩沉沉,1
8352,知恩沉沉延,1
8353,恩沉沉延閣,1
8354,沉沉延閣抱,1
8355,沉延閣抱丹,1
8356,延閣抱丹墀,1
8357,閣抱丹墀松,1
8358,抱丹墀松色,1
8359,丹墀松色苔,1
8360,墀松色苔花,1
8361,松色苔花顥,1
8362,色苔花顥露,1
8363,苔花顥露滋,1
8364,花顥露滋爽,1
8365,顥露滋爽氣,1
8366,露滋爽氣曉,1
8367,滋爽氣曉來,1
8368,爽氣曉來青,1
8369,氣曉來青玉,1
8370,曉來青玉甃,1
8371,來青玉甃熏,1
8372,青玉甃熏風,1
8373,玉甃熏風宿,1
8374,甃熏風宿在,1
8375,熏風宿在翠,1
8376,風宿在翠花,1
8377,宿在翠花旗,1
8378,在翠花旗方,1
8379,翠花旗方瞻,1
8380,花旗方瞻禦,1
8381,旗方瞻禦陌,1
8382,方瞻禦陌三,1
8383,瞻禦陌三條,1
8384,禦陌三條廣,1
8385,陌三條廣猶,1
8386,三條廣猶覺,1
8387,條廣猶覺仙,1
8388,廣猶覺仙門,1
8389,猶覺仙門一,1
8390,覺仙門一刻,1
8391,仙門一刻遲,1
8392,門一刻遲此,1
8393,一刻遲此地,1
8394,刻遲此地含,1
8395,遲此地含香,1
8396,此地含香從,1
8397,地含香從白,1
8398,含香從白首,1
8399,香從白首馮,1
8400,從白首馮唐,1
8401,白首馮唐何,1
8402,首馮唐何事,1
8403,馮唐何事怨,1
8404,唐何事怨明,1
8405,何事怨明時,1
8406,事怨明時潘,1
8407,怨明時潘郎,1
8408,明時潘郎對,1
8409,時潘郎對青,1
8410,潘郎對青鏡,1
8411,郎對青鏡烏,1
8412,對青鏡烏帽,1
8413,青鏡烏帽似,1
8414,鏡烏帽似新,1
8415,烏帽似新裁,1
8416,帽似新裁曉,1
8417,似新裁曉露,1
8418,新裁曉露鴉,1
8419,裁曉露鴉初,1
8420,曉露鴉初洗,1
8421,露鴉初洗春,1
8422,鴉初洗春荷,1
8423,初洗春荷葉,1
8424,洗春荷葉半,1
8425,春荷葉半開,1
8426,荷葉半開堪,1
8427,葉半開堪將,1
8428,半開堪將護,1
8429,開堪將護巾,1
8430,堪將護巾櫛,1
8431,將護巾櫛不,1
8432,護巾櫛不獨,1
8433,巾櫛不獨隔,1
8434,櫛不獨隔塵,1
8435,不獨隔塵埃,1
8436,獨隔塵埃已,1
8437,隔塵埃已見,1
8438,塵埃已見籠,1
8439,埃已見籠蟬,1
8440,已見籠蟬翼,1
8441,見籠蟬翼無,1
8442,籠蟬翼無因,1
8443,蟬翼無因映,1
8444,翼無因映鹿,1
8445,無因映鹿胎,1
8446,因映鹿胎何,1
8447,映鹿胎何人,1
8448,鹿胎何人呈,1
8449,胎何人呈巧,1
8450,何人呈巧思,1
8451,人呈巧思好,1
8452,呈巧思好手,1
8453,巧思好手自,1
8454,思好手自西,1
8455,好手自西來,1
8456,手自西來有,1
8457,自西來有意,1
8458,西來有意憐,1
8459,來有意憐衰,1
8460,有意憐衰醜,1
8461,意憐衰醜煩,1
8462,憐衰醜煩君,1
8463,衰醜煩君致,1
8464,醜煩君致一,1
8465,煩君致一枚,1
8466,君致一枚清,1
8467,致一枚清機,1
8468,一枚清機果,1
8469,枚清機果被,1
8470,清機果被公,1
8471,機果被公材,1
8472,果被公材撓,1
8473,被公材撓雄,1
8474,公材撓雄拜,1
8475,材撓雄拜知,1
8476,撓雄拜知承,1
8477,雄拜知承聖,1
8478,拜知承聖主,1
8479,知承聖主恩,1
8480,承聖主恩廟,1
8481,聖主恩廟略,1
8482,主恩廟略已,1
8483,恩廟略已調,1
8484,廟略已調天,1
8485,略已調天府,1
8486,已調天府實,1
8487,調天府實國,1
8488,天府實國征,1
8489,府實國征方,1
8490,實國征方覺,1
8491,國征方覺地,1
8492,征方覺地官,1
8493,方覺地官尊,1
8494,覺地官尊徒,1
8495,地官尊徒言,1
8496,官尊徒言玉,1
8497,尊徒言玉節,1
8498,徒言玉節將,1
8499,言玉節將分,1
8500,玉節將分閫,1
8501,節將分閫定,1
8502,將分閫定是,1
8503,分閫定是沙,1
8504,閫定是沙堤,1
8505,定是沙堤欲,1
8506,是沙堤欲到,1
8507,沙堤欲到門,1
8508,堤欲到門為,1
8509,欲到門為愛,1
8510,到門為愛山,1
8511,門為愛山前,1
8512,為愛山前新,1
8513,愛山前新蔔,1
8514,山前新蔔第,1
8515,前新蔔第不,1
8516,新蔔第不妨,1
8517,蔔第不妨風,1
8518,第不妨風月,1
8519,不妨風月事,1
8520,妨風月事琴,1
8521,風月事琴樽,1
8522,月事琴樽華,1
8523,事琴樽華夷,1
8524,琴樽華夷文,1
8525,樽華夷文物,1
8526,華夷文物賀,1
8527,夷文物賀新,1
8528,文物賀新年,1
8529,物賀新年霜,1
8530,賀新年霜仗,1
8531,新年霜仗遙,1
8532,年霜仗遙排,1
8533,霜仗遙排鳳,1
8534,仗遙排鳳闕,1
8535,遙排鳳闕前,1
8536,排鳳闕前一,1
8537,鳳闕前一片,1
8538,闕前一片彩,1
8539,前一片彩霞,1
8540,一片彩霞迎,1
8541,片彩霞迎曙,1
8542,彩霞迎曙日,1
8543,霞迎曙日萬,1
8544,迎曙日萬條,1
8545,曙日萬條紅,1
8546,日萬條紅燭,1
8547,萬條紅燭動,1
8548,條紅燭動春,1
8549,紅燭動春天,1
8550,燭動春天稱,1
8551,動春天稱觴,1
8552,春天稱觴山,1
8553,天稱觴山色,1
8554,稱觴山色和,1
8555,觴山色和元,1
8556,山色和元氣,1
8557,色和元氣端,1
8558,和元氣端冕,1
8559,元氣端冕爐,1
8560,氣端冕爐香,1
8561,端冕爐香疊,1
8562,冕爐香疊瑞,1
8563,爐香疊瑞煙,1
8564,香疊瑞煙共,1
8565,疊瑞煙共說,1
8566,瑞煙共說正,1
8567,煙共說正初,1
8568,共說正初當,1
8569,說正初當聖,1
8570,正初當聖澤,1
8571,初當聖澤試,1
8572,當聖澤試過,1
8573,聖澤試過西,1
8574,澤試過西掖,1
8575,試過西掖問,1
8576,過西掖問群,1
8577,西掖問群賢,1
8578,掖問群賢一,1
8579,問群賢一林,1
8580,群賢一林堆,1
8581,賢一林堆錦,1
8582,一林堆錦映,1
8583,林堆錦映千,1
8584,堆錦映千燈,1
8585,錦映千燈照,1
8586,映千燈照眼,1
8587,千燈照眼牽,1
8588,燈照眼牽情,1
8589,照眼牽情欲,1
8590,眼牽情欲不,1
8591,牽情欲不勝,1
8592,情欲不勝知,1
8593,欲不勝知倚,1
8594,不勝知倚晴,1
8595,勝知倚晴明,1
8596,知倚晴明嬌,1
8597,倚晴明嬌自,1
8598,晴明嬌自足,1
8599,明嬌自足解,1
8600,嬌自足解將,1
8601,自足解將顏,1
8602,足解將顏色,1
8603,解將顏色醉,1
8604,將顏色醉相,1
8605,顏色醉相仍,1
8606,色醉相仍好,1
8607,醉相仍好風,1
8608,相仍好風輕,1
8609,仍好風輕引,1
8610,好風輕引香,1
8611,風輕引香煙,1
8612,輕引香煙入,1
8613,引香煙入甘,1
8614,香煙入甘露,1
8615,煙入甘露才,1
8616,入甘露才和,1
8617,甘露才和粉,1
8618,露才和粉豔,1
8619,才和粉豔凝,1
8620,和粉豔凝深,1
8621,粉豔凝深處,1
8622,豔凝深處最,1
8623,凝深處最憐,1
8624,深處最憐鶯,1
8625,處最憐鶯蹂,1
8626,最憐鶯蹂踐,1
8627,憐鶯蹂踐懶,1
8628,鶯蹂踐懶時,1
8629,蹂踐懶時先,1
8630,踐懶時先被,1
8631,懶時先被蝶,1
8632,時先被蝶侵,1
8633,先被蝶侵淩,1
8634,被蝶侵淩對,1
8635,蝶侵淩對持,1
8636,侵淩對持真,1
8637,淩對持真境,1
8638,對持真境應,1
8639,持真境應無,1
8640,真境應無取,1
8641,境應無取分,1
8642,應無取分付,1
8643,無取分付空,1
8644,取分付空門,1
8645,分付空門又,1
8646,付空門又未,1
8647,空門又未能,1
8648,門又未能迎,1
8649,又未能迎日,1
8650,未能迎日似,1
8651,能迎日似翻,1
8652,迎日似翻紅,1
8653,日似翻紅燒,1
8654,似翻紅燒斷,1
8655,翻紅燒斷臨,1
8656,紅燒斷臨流,1
8657,燒斷臨流疑,1
8658,斷臨流疑映,1
8659,臨流疑映綺,1
8660,流疑映綺霞,1
8661,疑映綺霞層,1
8662,映綺霞層幽,1
8663,綺霞層幽含,1
8664,霞層幽含晚,1
8665,層幽含晚態,1
8666,幽含晚態憐,1
8667,含晚態憐丹,1
8668,晚態憐丹桂,1
8669,態憐丹桂盛,1
8670,憐丹桂盛續,1
8671,丹桂盛續春,1
8672,桂盛續春光,1
8673,盛續春光識,1
8674,續春光識紫,1
8675,春光識紫藤,1
8676,光識紫藤每,1
8677,識紫藤每到,1
8678,紫藤每到花,1
8679,藤每到花枝,1
8680,每到花枝獨,1
8681,到花枝獨惆,1
8682,花枝獨惆悵,1
8683,枝獨惆悵山,1
8684,獨惆悵山東,1
8685,惆悵山東惟,1
8686,悵山東惟有,1
8687,山東惟有杜,1
8688,東惟有杜中,1
8689,惟有杜中丞,1
8690,有杜中丞三,1
8691,杜中丞三刀,1
8692,中丞三刀夢,1
8693,丞三刀夢益,1
8694,三刀夢益州,1
8695,刀夢益州一,1
8696,夢益州一箭,1
8697,益州一箭取,1
8698,州一箭取遼,1
8699,一箭取遼城,1
8700,箭取遼城伊,1
8701,取遼城伊陟,1
8702,遼城伊陟無,1
8703,城伊陟無聞,1
8704,伊陟無聞祖,1
8705,陟無聞祖韋,1
8706,無聞祖韋賢,1
8707,聞祖韋賢不,1
8708,祖韋賢不到,1
8709,韋賢不到孫,1
8710,賢不到孫兔,1
8711,不到孫兔園,1
8712,到孫兔園春,1
8713,孫兔園春欲,1
8714,兔園春欲盡,1
8715,園春欲盡別,1
8716,春欲盡別有,1
8717,欲盡別有一,1
8718,盡別有一叢,1
8719,別有一叢芳,1
8720,有一叢芳直,1
8721,一叢芳直似,1
8722,叢芳直似窮,1
8723,芳直似窮陰,1
8724,直似窮陰雪,1
8725,似窮陰雪全,1
8726,窮陰雪全輕,1
8727,陰雪全輕向,1
8728,雪全輕向曉,1
8729,全輕向曉霜,1
8730,輕向曉霜凝,1
8731,向曉霜凝暉,1
8732,曉霜凝暉侵,1
8733,霜凝暉侵桂,1
8734,凝暉侵桂魄,1
8735,暉侵桂魄晶,1
8736,侵桂魄晶彩,1
8737,桂魄晶彩奪,1
8738,魄晶彩奪螢,1
8739,晶彩奪螢光,1
8740,彩奪螢光素,1
8741,奪螢光素萼,1
8742,螢光素萼迎,1
8743,光素萼迎風,1
8744,素萼迎風舞,1
8745,萼迎風舞銀,1
8746,迎風舞銀房,1
8747,風舞銀房泫,1
8748,舞銀房泫露,1
8749,銀房泫露香,1
8750,房泫露香水,1
8751,泫露香水晶,1
8752,露香水晶簾,1
8753,香水晶簾不,1
8754,水晶簾不隔,1
8755,晶簾不隔雲,1
8756,簾不隔雲母,1
8757,不隔雲母扇,1
8758,隔雲母扇韜,1
8759,雲母扇韜鋩,1
8760,母扇韜鋩紈,1
8761,扇韜鋩紈袖,1
8762,韜鋩紈袖呈,1
8763,鋩紈袖呈瑤,1
8764,紈袖呈瑤瑟,1
8765,袖呈瑤瑟冰,1
8766,呈瑤瑟冰容,1
8767,瑤瑟冰容啟,1
8768,瑟冰容啟玉,1
8769,冰容啟玉堂,1
8770,容啟玉堂今,1
8771,啟玉堂今來,1
8772,玉堂今來碧,1
8773,堂今來碧油,1
8774,今來碧油下,1
8775,來碧油下知,1
8776,碧油下知自,1
8777,油下知自白,1
8778,下知自白雲,1
8779,知自白雲鄉,1
8780,自白雲鄉留,1
8781,白雲鄉留此,1
8782,雲鄉留此非,1
8783,鄉留此非吾,1
8784,留此非吾土,1
8785,此非吾土須,1
8786,非吾土須移,1
8787,吾土須移鳳,1
8788,土須移鳳沼,1
8789,須移鳳沼傍,1
8790,移鳳沼傍油,1
8791,鳳沼傍油地,1
8792,沼傍油地輕,1
8793,傍油地輕綃,1
8794,油地輕綃碧,1
8795,地輕綃碧且,1
8796,輕綃碧且紅,1
8797,綃碧且紅須,1
8798,碧且紅須憐,1
8799,且紅須憐纖,1
8800,紅須憐纖手,1
8801,須憐纖手是,1
8802,憐纖手是良,1
8803,纖手是良工,1
8804,手是良工能,1
8805,是良工能生,1
8806,良工能生麗,1
8807,工能生麗思,1
8808,能生麗思千,1
8809,生麗思千花,1
8810,麗思千花外,1
8811,思千花外善,1
8812,千花外善點,1
8813,花外善點穠,1
8814,外善點穠姿,1
8815,善點穠姿五,1
8816,點穠姿五彩,1
8817,穠姿五彩中,1
8818,姿五彩中子,1
8819,五彩中子細,1
8820,彩中子細傳,1
8821,中子細傳看,1
8822,子細傳看臨,1
8823,細傳看臨霽,1
8824,傳看臨霽景,1
8825,看臨霽景殷,1
8826,臨霽景殷勤,1
8827,霽景殷勤持,1
8828,景殷勤持贈,1
8829,殷勤持贈及,1
8830,勤持贈及春,1
8831,持贈及春風,1
8832,贈及春風若,1
8833,及春風若將,1
8834,春風若將江,1
8835,風若將江上,1
8836,若將江上迎,1
8837,將江上迎桃,1
8838,江上迎桃葉,1
8839,上迎桃葉一,1
8840,迎桃葉一帖,1
8841,桃葉一帖何,1
8842,葉一帖何妨,1
8843,一帖何妨錦,1
8844,帖何妨錦繡,1
8845,何妨錦繡同,1
