排名,詞彙,出現次數
1,鳴細波起,2
2,細波起映,2
3,波起映花,2
4,起映花鹵,2
5,映花鹵簿,2
6,花鹵簿龍,2
7,鹵簿龍飛,2
8,簿龍飛回,2
9,後主荒宮,2
10,主荒宮有,2
11,荒宮有曉,2
12,宮有曉鶯,2
13,有曉鶯飛,2
14,曉鶯飛來,2
15,鶯飛來只,2
16,飛來只隔,2
17,來只隔西,2
18,只隔西江,2
19,隔西江水,2
20,一曲堂堂,2
21,曲堂堂紅,2
22,堂堂紅燭,2
23,堂紅燭筵,2
24,鯨瀉酒如,2
25,瀉酒如飛,2
26,酒如飛泉,2
27,門前有路,2
28,前有路輕,2
29,恐歸來舊,2
30,歸來舊香,2
31,來舊香滅,2
32,錦薦金爐,2
33,薦金爐夢,2
34,金爐夢正,2
35,爐夢正長,2
36,夢正長東,2
37,正長東家,2
38,喔雞鳴早,2
39,郎心似月,2
40,心似月月,2
41,缺十五十,2
42,十五十六,2
43,五十六清,2
44,十六清光,2
45,六清光圓,2
46,廄馬何能,2
47,馬何能齧,2
48,何能齧芳,2
49,能齧芳草,2
50,齧芳草路,2
51,芳草路人,2
52,草路人不,2
53,路人不敢,2
54,人不敢隨,2
55,不敢隨流,2
56,敢隨流塵,2
57,欲出鴻都,2
58,出鴻都門,2
59,鴻都門陰,2
60,都門陰雲,2
61,門陰雲蔽,2
62,陰雲蔽城,2
63,雲蔽城闕,2
64,蔽城闕寶,2
65,城闕寶劍,2
66,闕寶劍黯,2
67,寶劍黯如,2
68,劍黯如水,2
69,黯如水微,2
70,如水微紅,2
71,水微紅濕,2
72,微紅濕餘,2
73,紅濕餘血,2
74,濕餘血白,2
75,餘血白馬,2
76,血白馬夜,2
77,白馬夜頻,2
78,三更霸陵,2
79,更霸陵雪,2
80,悠悠複悠,2
81,悠複悠悠,2
82,複悠悠昨,2
83,悠悠昨日,2
84,悠昨日下,2
85,昨日下西,2
86,風色好遙,2
87,色好遙見,2
88,好遙見武,2
89,遙見武昌,2
90,見武昌樓,2
91,武昌樓武,2
92,昌樓武昌,2
93,樓武昌何,2
94,武昌何鬱,2
95,昌何鬱鬱,2
96,何鬱鬱儂,2
97,鬱鬱儂家,2
98,鬱儂家定,2
99,儂家定無,2
100,家定無匹,2
101,定無匹小,2
102,無匹小婦,2
103,匹小婦被,2
104,小婦被流,2
105,婦被流黃,2
106,被流黃登,2
107,流黃登樓,2
108,黃登樓撫,2
109,登樓撫瑤,2
110,樓撫瑤瑟,2
111,撫瑤瑟朱,2
112,瑤瑟朱弦,2
113,瑟朱弦繁,2
114,朱弦繁複,2
115,弦繁複輕,2
116,繁複輕素,2
117,複輕素手,2
118,輕素手直,2
119,素手直淒,2
120,手直淒清,2
121,直淒清一,2
122,淒清一彈,2
123,清一彈三,2
124,一彈三四,2
125,彈三四解,2
126,三四解掩,2
127,四解掩抑,2
128,解掩抑似,2
129,掩抑似含,2
130,抑似含情,2
131,似含情南,2
132,含情南樓,2
133,情南樓登,2
134,南樓登且,2
135,樓登且望,2
136,登且望西,2
137,且望西江,2
138,望西江廣,2
139,西江廣複,2
140,江廣複平,2
141,廣複平艇,2
142,複平艇子,2
143,平艇子搖,2
144,艇子搖兩,2
145,子搖兩槳,2
146,搖兩槳催,2
147,兩槳催過,2
148,槳催過石,2
149,催過石頭,2
150,過石頭城,2
151,石頭城門,2
152,頭城門前,2
153,城門前烏,2
154,門前烏臼,2
155,前烏臼樹,2
156,烏臼樹慘,2
157,臼樹慘澹,2
158,樹慘澹天,2
159,慘澹天將,2
160,澹天將曙,2
161,飛複還郎,2
162,複還郎隨,2
163,還郎隨早,2
164,郎隨早帆,2
165,隨早帆去,2
166,早帆去回,2
167,帆去回頭,2
168,去回頭語,2
169,回頭語同,2
170,頭語同伴,2
171,語同伴定,2
172,同伴定複,2
173,伴定複負,2
174,定複負情,2
175,複負情儂,2
176,負情儂去,2
177,情儂去帆,2
178,儂去帆不,2
179,去帆不安,2
180,帆不安幅,2
181,不安幅作,2
182,安幅作抵,2
183,幅作抵使,2
184,作抵使西,2
185,抵使西風,2
186,使西風他,2
187,西風他日,2
188,風他日相,2
189,他日相尋,2
190,日相尋索,2
191,相尋索莫,2
192,尋索莫作,2
193,索莫作西,2
194,人不歸春,2
195,不歸春草,2
196,歸春草年,2
197,春草年年,2
198,草年年碧,2
199,宜春苑外,2
200,春苑外最,2
201,苑外最長,2
202,外最長條,2
203,最長條閑,2
204,長條閑嫋,2
205,條閑嫋春,2
206,閑嫋春風,2
207,嫋春風伴,2
208,春風伴舞,2
209,風伴舞腰,2
210,伴舞腰正,2
211,舞腰正是,2
212,腰正是玉,2
213,正是玉人,2
214,是玉人腸,2
215,玉人腸斷,2
216,人腸斷處,2
217,腸斷處一,2
218,斷處一渠,2
219,處一渠春,2
220,一渠春水,2
221,渠春水赤,2
222,橋南內牆,2
223,南內牆東,2
224,內牆東禦,2
225,牆東禦路,2
226,預知春色,2
227,知春色柳,2
228,春色柳絲,2
229,色柳絲黃,2
230,柳絲黃杏,2
231,絲黃杏花,2
232,黃杏花未,2
233,杏花未肯,2
234,花未肯無,2
235,未肯無情,2
236,肯無情思,2
237,無情思何,2
238,情人最斷,2
239,人最斷腸,2
240,最斷腸蘇,2
241,斷腸蘇小,2
242,腸蘇小門,2
243,蘇小門前,2
244,小門前柳,2
245,門前柳萬,2
246,前柳萬條,2
247,柳萬條毿,2
248,萬條毿毿,2
249,條毿毿金,2
250,毿毿金線,2
251,毿金線拂,2
252,金線拂平,2
253,線拂平橋,2
254,拂平橋黃,2
255,平橋黃鶯,2
256,橋黃鶯不,2
257,黃鶯不語,2
258,鶯不語東,2
259,不語東風,2
260,語東風起,2
261,東風起深,2
262,風起深閉,2
263,起深閉朱,2
264,深閉朱門,2
265,閉朱門伴,2
266,朱門伴細,2
267,門伴細腰,2
268,伴細腰金,2
269,細腰金縷,2
270,腰金縷毿,2
271,金縷毿毿,2
272,縷毿毿碧,2
273,毿毿碧瓦,2
274,毿碧瓦溝,2
275,碧瓦溝六,2
276,瓦溝六宮,2
277,溝六宮眉,2
278,六宮眉黛,2
279,宮眉黛惹,2
280,眉黛惹春,2
281,黛惹春愁,2
282,惹春愁晚,2
283,春愁晚來,2
284,愁晚來更,2
285,晚來更帶,2
286,來更帶龍,2
287,更帶龍池,2
288,帶龍池雨,2
289,龍池雨半,2
290,池雨半拂,2
291,幹半入樓,2
292,半入樓館,2
293,入樓館娃,2
294,樓館娃宮,2
295,館娃宮外,2
296,娃宮外鄴,2
297,宮外鄴城,2
298,外鄴城西,2
299,鄴城西遠,2
300,城西遠映,2
301,西遠映征,2
302,遠映征帆,2
303,映征帆近,2
304,征帆近拂,2
305,帆近拂堤,2
306,近拂堤系,2
307,拂堤系得,2
308,堤系得王,2
309,系得王孫,2
310,得王孫歸,2
311,王孫歸意,2
312,孫歸意切,2
313,歸意切不,2
314,意切不關,2
315,切不關春,2
316,不關春草,2
317,關春草綠,2
318,春草綠萋,2
319,草綠萋萋,2
320,綠萋萋兩,2
321,萋萋兩兩,2
322,萋兩兩黃,2
323,兩兩黃鸝,2
324,兩黃鸝色,2
325,黃鸝色似,2
326,鸝色似金,2
327,色似金嫋,2
328,似金嫋枝,2
329,金嫋枝啼,2
330,嫋枝啼露,2
331,枝啼露動,2
332,啼露動芳,2
333,露動芳音,2
334,動芳音春,2
335,芳音春來,2
336,音春來幸,2
337,春來幸自,2
338,來幸自長,2
339,幸自長如,2
340,自長如線,2
341,長如線可,2
342,如線可惜,2
343,線可惜牽,2
344,可惜牽纏,2
345,惜牽纏蕩,2
346,牽纏蕩子,2
347,纏蕩子心,2
348,蕩子心禦,2
349,子心禦柳,2
350,心禦柳如,2
351,禦柳如絲,2
352,柳如絲映,2
353,如絲映九,2
354,絲映九重,2
355,映九重鳳,2
356,九重鳳凰,2
357,重鳳凰窗,2
358,鳳凰窗柱,2
359,凰窗柱繡,2
360,窗柱繡芙,2
361,柱繡芙蓉,2
362,繡芙蓉景,2
363,芙蓉景陽,2
364,蓉景陽樓,2
365,千條露一,2
366,條露一面,2
367,露一面新,2
368,一面新妝,2
369,面新妝待,2
370,新妝待曉,2
371,妝待曉鐘,2
372,待曉鐘織,2
373,曉鐘織錦,2
374,鐘織錦機,2
375,織錦機邊,2
376,錦機邊鶯,2
377,機邊鶯語,2
378,邊鶯語頻,2
379,鶯語頻停,2
380,語頻停梭,2
381,頻停梭垂,2
382,停梭垂淚,2
383,梭垂淚憶,2
384,垂淚憶征,2
385,淚憶征人,2
386,憶征人塞,2
387,征人塞門,2
388,人塞門三,2
389,塞門三月,2
390,門三月猶,2
391,三月猶蕭,2
392,月猶蕭索,2
393,猶蕭索縱,2
394,蕭索縱有,2
395,索縱有垂,2
396,縱有垂楊,2
397,有垂楊未,2
398,垂楊未覺,2
399,楊未覺春,2
400,一自檀郎,2
401,自檀郎逐,2
402,檀郎逐便,2
403,郎逐便風,2
404,逐便風門,2
405,便風門前,2
406,風門前春,2
407,門前春水,2
408,前春水年,2
409,春水年年,2
410,水年年綠,2
411,明月梨花,2
412,月梨花白,2
413,十二樓前,2
414,草芊芊晴,2
415,亦不碌碌,2
416,昔年曾伴,2
417,不將心事,2
418,將心事許,2
419,至今留得,2
420,天外斜陽,2
421,樓一曲歌,2
422,蓮照水紅,2
423,綠萍池上,2
424,月明三五,2
425,樓相望久,2
426,藕絲秋色,2
427,蟬鬢美人,2
428,鬢美人愁,2
429,美人愁絕,2
430,遠春已晚,2
431,早雁聲鳴,1
432,雁聲鳴細,1
433,聲鳴細波,1
434,龍飛回長,1
435,飛回長樂,1
436,回長樂花,1
437,長樂花枝,1
438,樂花枝雨,1
439,花枝雨點,1
440,枝雨點消,1
441,雨點消江,1
442,點消江城,1
443,消江城日,1
444,江城日暮,1
445,城日暮好,1
446,日暮好相,1
447,暮好相邀,1
448,好相邀春,1
449,相邀春樓,1
450,邀春樓不,1
451,春樓不閉,1
452,樓不閉葳,1
453,不閉葳蕤,1
454,閉葳蕤鎖,1
455,葳蕤鎖綠,1
456,蕤鎖綠水,1
457,鎖綠水回,1
458,綠水回通,1
459,水回通宛,1
460,回通宛轉,1
461,通宛轉橋,1
462,宛轉橋後,1
463,轉橋後主,1
464,橋後主荒,1
465,西江水一,1
466,江水一曲,1
467,水一曲堂,1
468,紅燭筵金,1
469,燭筵金鯨,1
470,筵金鯨瀉,1
471,金鯨瀉酒,1
472,如飛泉門,1
473,飛泉門前,1
474,泉門前有,1
475,有路輕離,1
476,路輕離別,1
477,輕離別惟,1
478,離別惟恐,1
479,別惟恐歸,1
480,惟恐歸來,1
481,舊香滅錦,1
482,香滅錦薦,1
483,滅錦薦金,1
484,長東家呃,1
485,東家呃喔,1
486,家呃喔雞,1
487,呃喔雞鳴,1
488,雞鳴早郎,1
489,鳴早郎心,1
490,早郎心似,1
491,似月月易,1
492,月月易缺,1
493,月易缺十,1
494,易缺十五,1
495,清光圓廄,1
496,光圓廄馬,1
497,圓廄馬何,1
498,隨流塵同,1
499,流塵同營,1
500,塵同營三,1
501,同營三十,1
502,營三十萬,1
503,三十萬震,1
504,十萬震鼓,1
505,萬震鼓伐,1
506,震鼓伐西,1
507,鼓伐西羌,1
508,伐西羌戰,1
509,西羌戰血,1
510,羌戰血粘,1
511,戰血粘秋,1
512,血粘秋草,1
513,粘秋草征,1
514,秋草征塵,1
515,草征塵攪,1
516,征塵攪夕,1
517,塵攪夕陽,1
518,攪夕陽歸,1
519,夕陽歸來,1
520,陽歸來人,1
521,歸來人不,1
522,來人不識,1
523,人不識帝,1
524,不識帝裏,1
525,識帝裏獨,1
526,帝裏獨戎,1
527,裏獨戎裝,1
528,獨戎裝懸,1
529,戎裝懸軍,1
530,裝懸軍征,1
531,懸軍征拓,1
532,軍征拓羯,1
533,征拓羯內,1
534,拓羯內地,1
535,羯內地隔,1
536,內地隔蕭,1
537,地隔蕭關,1
538,隔蕭關日,1
539,蕭關日色,1
540,關日色昆,1
541,日色昆侖,1
542,色昆侖上,1
543,昆侖上風,1
544,侖上風聲,1
545,上風聲朔,1
546,風聲朔漠,1
547,聲朔漠間,1
548,朔漠間何,1
549,漠間何當,1
550,間何當千,1
551,何當千萬,1
552,當千萬騎,1
553,千萬騎颯,1
554,萬騎颯颯,1
555,騎颯颯貳,1
556,颯颯貳師,1
557,颯貳師還,1
558,貳師還意,1
559,師還意氣,1
560,還意氣成,1
561,意氣成功,1
562,氣成功日,1
563,成功日春,1
564,功日春風,1
565,日春風起,1
566,春風起絮,1
567,風起絮天,1
568,起絮天樓,1
569,絮天樓臺,1
570,天樓臺新,1
571,樓臺新邸,1
572,臺新邸第,1
573,新邸第歌,1
574,邸第歌舞,1
575,第歌舞小,1
576,歌舞小嬋,1
577,舞小嬋娟,1
578,小嬋娟急,1
579,嬋娟急破,1
580,娟急破催,1
581,急破催搖,1
582,破催搖曳,1
583,催搖曳羅,1
584,搖曳羅衫,1
585,曳羅衫半,1
586,羅衫半脫,1
587,衫半脫肩,1
588,半脫肩欲,1
589,脫肩欲出,1
590,肩欲出鴻,1
591,馬夜頻嘶,1
592,夜頻嘶三,1
593,頻嘶三更,1
594,嘶三更霸,1
595,霸陵雪悠,1
596,陵雪悠悠,1
597,雪悠悠複,1
598,日下西洲,1
599,下西洲西,1
600,西洲西洲,1
601,洲西洲風,1
602,西洲風色,1
603,洲風色好,1
604,天將曙鶤,1
605,將曙鶤鵊,1
606,曙鶤鵊飛,1
607,鶤鵊飛複,1
608,鵊飛複還,1
609,莫作西洲,1
610,作西洲客,1
611,西洲客西,1
612,洲客西洲,1
613,客西洲人,1
614,西洲人不,1
615,洲人不歸,1
616,年年碧庭,1
617,年碧庭前,1
618,碧庭前鵲,1
619,庭前鵲繞,1
620,前鵲繞相,1
621,鵲繞相思,1
622,繞相思樹,1
623,相思樹井,1
624,思樹井上,1
625,樹井上鶯,1
626,井上鶯歌,1
627,上鶯歌爭,1
628,鶯歌爭刺,1
629,歌爭刺桐,1
630,爭刺桐含,1
631,刺桐含情,1
632,桐含情少,1
633,含情少婦,1
634,情少婦悲,1
635,少婦悲春,1
636,婦悲春草,1
637,悲春草多,1
638,春草多是,1
639,草多是良,1
640,多是良人,1
641,是良人學,1
642,良人學轉,1
643,人學轉蓬,1
644,學轉蓬宜,1
645,轉蓬宜春,1
646,蓬宜春苑,1
647,春水赤欄,1
648,水赤欄橋,1
649,赤欄橋南,1
650,欄橋南內,1
651,東禦路傍,1
652,禦路傍預,1
653,路傍預知,1
654,傍預知春,1
655,情思何事,1
656,思何事情,1
657,何事情人,1
658,事情人最,1
659,雨半拂欄,1
660,半拂欄幹,1
661,拂欄幹半,1
662,欄幹半入,1
663,景陽樓伴,1
664,陽樓伴千,1
665,樓伴千條,1
666,伴千條露,1
667,未覺春一,1
668,覺春一自,1
669,春一自檀,1
670,年年綠得,1
671,年綠得寶,1
672,綠得寶弘,1
673,得寶弘農,1
674,寶弘農野,1
675,弘農野弘,1
676,農野弘農,1
677,野弘農得,1
678,弘農得寶,1
679,農得寶那,1
680,得寶那潭,1
681,寶那潭裏,1
682,那潭裏船,1
683,潭裏船車,1
684,裏船車鬧,1
685,船車鬧揚,1
686,車鬧揚州,1
687,鬧揚州銅,1
688,揚州銅器,1
689,州銅器多,1
690,銅器多三,1
691,器多三郎,1
692,多三郎當,1
693,三郎當殿,1
694,郎當殿坐,1
695,當殿坐聽,1
696,殿坐聽唱,1
697,坐聽唱得,1
698,聽唱得寶,1
699,唱得寶歌,1
700,得寶歌種,1
701,寶歌種瓜,1
702,歌種瓜黃,1
703,種瓜黃台,1
704,瓜黃台下,1
705,黃台下瓜,1
706,台下瓜熟,1
707,下瓜熟子,1
708,瓜熟子離,1
709,熟子離離,1
710,子離離一,1
711,離離一摘,1
712,離一摘使,1
713,一摘使瓜,1
714,摘使瓜好,1
715,使瓜好再,1
716,瓜好再摘,1
717,好再摘令,1
718,再摘令瓜,1
719,摘令瓜稀,1
720,令瓜稀三,1
721,瓜稀三摘,1
722,稀三摘尚,1
723,三摘尚自,1
724,摘尚自可,1
725,尚自可摘,1
726,自可摘絕,1
727,可摘絕抱,1
728,摘絕抱蔓,1
729,絕抱蔓歸,1
730,抱蔓歸丁,1
731,蔓歸丁東,1
732,歸丁東細,1
733,丁東細漏,1
734,東細漏侵,1
735,細漏侵瓊,1
736,漏侵瓊瑟,1
737,侵瓊瑟影,1
738,瓊瑟影轉,1
739,瑟影轉高,1
740,影轉高梧,1
741,轉高梧月,1
742,高梧月初,1
743,梧月初出,1
744,月初出簇,1
745,初出簇簌,1
746,出簇簌金,1
747,簇簌金梭,1
748,簌金梭萬,1
749,金梭萬縷,1
750,梭萬縷紅,1
751,萬縷紅鴛,1
752,縷紅鴛鴦,1
753,紅鴛鴦豔,1
754,鴛鴦豔錦,1
755,鴦豔錦初,1
756,豔錦初成,1
757,錦初成匹,1
758,初成匹錦,1
759,成匹錦中,1
760,匹錦中百,1
761,錦中百結,1
762,中百結皆,1
763,百結皆同,1
764,結皆同心,1
765,皆同心蕊,1
766,同心蕊亂,1
767,心蕊亂雲,1
768,蕊亂雲盤,1
769,亂雲盤相,1
770,雲盤相間,1
771,盤相間深,1
772,相間深此,1
773,間深此意,1
774,深此意欲,1
775,此意欲傳,1
776,意欲傳傳,1
777,欲傳傳不,1
778,傳傳不得,1
779,傳不得玫,1
780,不得玫瑰,1
781,得玫瑰作,1
782,玫瑰作柱,1
783,瑰作柱朱,1
784,作柱朱弦,1
785,柱朱弦琴,1
786,朱弦琴為,1
787,弦琴為君,1
788,琴為君裁,1
789,為君裁破,1
790,君裁破合,1
791,裁破合歡,1
792,破合歡被,1
793,合歡被星,1
794,歡被星斗,1
795,被星斗迢,1
796,星斗迢迢,1
797,斗迢迢共,1
798,迢迢共千,1
799,迢共千里,1
800,共千里象,1
801,千里象尺,1
802,里象尺熏,1
803,象尺熏爐,1
804,尺熏爐未,1
805,熏爐未覺,1
806,爐未覺秋,1
807,未覺秋碧,1
808,覺秋碧池,1
809,秋碧池已,1
810,碧池已有,1
811,池已有新,1
812,已有新蓮,1
813,有新蓮子,1
814,新蓮子長,1
815,蓮子長釵,1
816,子長釵墜,1
817,長釵墜發,1
818,釵墜發雙,1
819,墜發雙蜻,1
820,發雙蜻蜓,1
821,雙蜻蜓碧,1
822,蜻蜓碧盡,1
823,蜓碧盡山,1
824,碧盡山斜,1
825,盡山斜開,1
826,山斜開畫,1
827,斜開畫屏,1
828,開畫屏虯,1
829,畫屏虯須,1
830,屏虯須公,1
831,虯須公子,1
832,須公子五,1
833,公子五侯,1
834,子五侯客,1
835,五侯客一,1
836,侯客一飲,1
837,客一飲千,1
838,一飲千鐘,1
839,飲千鐘如,1
840,千鐘如建,1
841,鐘如建瓴,1
842,如建瓴鸞,1
843,建瓴鸞咽,1
844,瓴鸞咽姹,1
845,鸞咽姹唱,1
846,咽姹唱圓,1
847,姹唱圓無,1
848,唱圓無節,1
849,圓無節眉,1
850,無節眉斂,1
851,節眉斂湘,1
852,眉斂湘煙,1
853,斂湘煙袖,1
854,湘煙袖回,1
855,煙袖回雪,1
856,袖回雪清,1
857,回雪清夜,1
858,雪清夜恩,1
859,清夜恩情,1
860,夜恩情四,1
861,恩情四座,1
862,情四座同,1
863,四座同莫,1
864,座同莫令,1
865,同莫令溝,1
866,莫令溝水,1
867,令溝水東,1
868,溝水東西,1
869,水東西別,1
870,東西別亭,1
871,西別亭亭,1
872,別亭亭蠟,1
873,亭亭蠟淚,1
874,亭蠟淚香,1
875,蠟淚香珠,1
876,淚香珠殘,1
877,香珠殘暗,1
878,珠殘暗露,1
879,殘暗露曉,1
880,暗露曉風,1
881,露曉風羅,1
882,曉風羅幕,1
883,風羅幕寒,1
884,羅幕寒飄,1
885,幕寒飄颻,1
886,寒飄颻戟,1
887,飄颻戟帶,1
888,颻戟帶儼,1
889,戟帶儼相,1
890,帶儼相次,1
891,儼相次二,1
892,相次二十,1
893,次二十四,1
894,二十四枝,1
895,十四枝龍,1
896,四枝龍畫,1
897,枝龍畫竿,1
898,龍畫竿裂,1
899,畫竿裂管,1
900,竿裂管縈,1
901,裂管縈弦,1
902,管縈弦共,1
903,縈弦共繁,1
904,弦共繁曲,1
905,共繁曲芳,1
906,繁曲芳樽,1
907,曲芳樽細,1
908,芳樽細浪,1
909,樽細浪傾,1
910,細浪傾春,1
911,浪傾春醁,1
912,傾春醁高,1
913,春醁高樓,1
914,醁高樓客,1
915,高樓客散,1
916,樓客散杏,1
917,客散杏花,1
918,散杏花多,1
919,杏花多脈,1
920,花多脈脈,1
921,多脈脈新,1
922,脈脈新蟾,1
923,脈新蟾如,1
924,新蟾如瞪,1
925,蟾如瞪目,1
926,如瞪目鳴,1
927,瞪目鳴橈,1
928,目鳴橈軋,1
929,鳴橈軋軋,1
930,橈軋軋溪,1
931,軋軋溪溶,1
932,軋溪溶溶,1
933,溪溶溶廢,1
934,溶溶廢綠,1
935,溶廢綠平,1
936,廢綠平煙,1
937,綠平煙吳,1
938,平煙吳苑,1
939,煙吳苑東,1
940,吳苑東水,1
941,苑東水清,1
942,東水清蓮,1
943,水清蓮媚,1
944,清蓮媚兩,1
945,蓮媚兩相,1
946,媚兩相向,1
947,兩相向鏡,1
948,相向鏡裏,1
949,向鏡裏見,1
950,鏡裏見愁,1
951,裏見愁愁,1
952,見愁愁更,1
953,愁愁更紅,1
954,愁更紅白,1
955,更紅白馬,1
956,紅白馬金,1
957,白馬金鞭,1
958,馬金鞭大,1
959,金鞭大堤,1
960,鞭大堤上,1
961,大堤上西,1
962,堤上西江,1
963,上西江日,1
964,西江日夕,1
965,江日夕多,1
966,日夕多風,1
967,夕多風浪,1
968,多風浪荷,1
969,風浪荷心,1
970,浪荷心有,1
971,荷心有露,1
972,心有露似,1
973,有露似驪,1
974,露似驪珠,1
975,似驪珠不,1
976,驪珠不是,1
977,珠不是真,1
978,不是真圓,1
979,是真圓亦,1
980,真圓亦搖,1
981,圓亦搖盪,1
982,亦搖盪佶,1
983,搖盪佶栗,1
984,盪佶栗金,1
985,佶栗金虯,1
986,栗金虯石,1
987,金虯石潭,1
988,虯石潭古,1
989,石潭古勺,1
990,潭古勺陂,1
991,古勺陂瀲,1
992,勺陂瀲灩,1
993,陂瀲灩幽,1
994,瀲灩幽修,1
995,灩幽修語,1
996,幽修語湘,1
997,修語湘君,1
998,語湘君寶,1
999,湘君寶馬,1
1000,君寶馬上,1
1001,寶馬上神,1
1002,馬上神雲,1
1003,上神雲碎,1
1004,神雲碎佩,1
1005,雲碎佩叢,1
1006,碎佩叢鈴,1
1007,佩叢鈴滿,1
1008,叢鈴滿煙,1
1009,鈴滿煙雨,1
1010,滿煙雨吾,1
1011,煙雨吾聞,1
1012,雨吾聞三,1
1013,吾聞三十,1
1014,聞三十六,1
1015,三十六宮,1
1016,十六宮花,1
1017,六宮花離,1
1018,宮花離離,1
1019,花離離軟,1
1020,離離軟風,1
1021,離軟風吹,1
1022,軟風吹春,1
1023,風吹春星,1
1024,吹春星斗,1
1025,春星斗稀,1
1026,星斗稀玉,1
1027,斗稀玉晨,1
1028,稀玉晨冷,1
1029,玉晨冷磬,1
1030,晨冷磬破,1
1031,冷磬破昏,1
1032,磬破昏夢,1
1033,破昏夢天,1
1034,昏夢天露,1
1035,夢天露未,1
1036,天露未幹,1
1037,露未幹香,1
1038,未幹香著,1
1039,幹香著衣,1
1040,香著衣蘭,1
1041,著衣蘭釵,1
1042,衣蘭釵委,1
1043,蘭釵委墜,1
1044,釵委墜垂,1
1045,委墜垂雲,1
1046,墜垂雲發,1
1047,垂雲發小,1
1048,雲發小響,1
1049,發小響丁,1
1050,小響丁當,1
1051,響丁當逐,1
1052,丁當逐回,1
1053,當逐回雪,1
1054,逐回雪晴,1
1055,回雪晴碧,1
1056,雪晴碧煙,1
1057,晴碧煙滋,1
1058,碧煙滋重,1
1059,煙滋重疊,1
1060,滋重疊山,1
1061,重疊山羅,1
1062,疊山羅屏,1
1063,山羅屏半,1
1064,羅屏半掩,1
1065,屏半掩桃,1
1066,半掩桃花,1
1067,掩桃花月,1
1068,桃花月太,1
1069,花月太平,1
1070,月太平天,1
1071,太平天子,1
1072,平天子駐,1
1073,天子駐雲,1
1074,子駐雲車,1
1075,駐雲車龍,1
1076,雲車龍爐,1
1077,車龍爐勃,1
1078,龍爐勃鬱,1
1079,爐勃鬱雙,1
1080,勃鬱雙蟠,1
1081,鬱雙蟠拏,1
1082,雙蟠拏宮,1
1083,蟠拏宮中,1
1084,拏宮中近,1
1085,宮中近臣,1
1086,中近臣抱,1
1087,近臣抱扇,1
1088,臣抱扇立,1
1089,抱扇立侍,1
1090,扇立侍女,1
1091,立侍女低,1
1092,侍女低鬟,1
1093,女低鬟落,1
1094,低鬟落翠,1
1095,鬟落翠花,1
1096,落翠花亂,1
1097,翠花亂珠,1
1098,花亂珠觸,1
1099,亂珠觸續,1
1100,珠觸續正,1
1101,觸續正跳,1
1102,續正跳蕩,1
1103,正跳蕩傾,1
1104,跳蕩傾頭,1
1105,蕩傾頭不,1
1106,傾頭不覺,1
1107,頭不覺金,1
1108,不覺金烏,1
1109,覺金烏斜,1
1110,金烏斜我,1
1111,烏斜我亦,1
1112,斜我亦為,1
1113,我亦為君,1
1114,亦為君長,1
1115,為君長歎,1
1116,君長歎息,1
1117,長歎息緘,1
1118,歎息緘情,1
1119,息緘情遠,1
1120,緘情遠寄,1
1121,情遠寄愁,1
1122,遠寄愁無,1
1123,寄愁無色,1
1124,愁無色莫,1
1125,無色莫沾,1
1126,色莫沾香,1
1127,莫沾香夢,1
1128,沾香夢綠,1
1129,香夢綠楊,1
1130,夢綠楊絲,1
1131,綠楊絲千,1
1132,楊絲千里,1
1133,絲千里春,1
1134,千里春風,1
1135,里春風正,1
1136,春風正無,1
1137,風正無力,1
1138,正無力天,1
1139,無力天兵,1
1140,力天兵九,1
1141,天兵九月,1
1142,兵九月渡,1
1143,九月渡遐,1
1144,月渡遐水,1
1145,渡遐水馬,1
1146,遐水馬踏,1
1147,水馬踏沙,1
1148,馬踏沙鳴,1
1149,踏沙鳴驚,1
1150,沙鳴驚雁,1
1151,鳴驚雁起,1
1152,驚雁起殺,1
1153,雁起殺氣,1
1154,起殺氣空,1
1155,殺氣空高,1
1156,氣空高萬,1
1157,空高萬里,1
1158,高萬里情,1
1159,萬里情塞,1
1160,里情塞寒,1
1161,情塞寒如,1
1162,塞寒如箭,1
1163,寒如箭傷,1
1164,如箭傷眸,1
1165,箭傷眸子,1
1166,傷眸子狼,1
1167,眸子狼煙,1
1168,子狼煙堡,1
1169,狼煙堡上,1
1170,煙堡上霜,1
1171,堡上霜漫,1
1172,上霜漫漫,1
1173,霜漫漫枯,1
1174,漫漫枯葉,1
1175,漫枯葉號,1
1176,枯葉號風,1
1177,葉號風天,1
1178,號風天地,1
1179,風天地幹,1
1180,天地幹犀,1
1181,地幹犀帶,1
1182,幹犀帶鼠,1
1183,犀帶鼠裘,1
1184,帶鼠裘無,1
1185,鼠裘無暖,1
1186,裘無暖色,1
1187,無暖色清,1
1188,暖色清光,1
1189,色清光炯,1
1190,清光炯冷,1
1191,光炯冷黃,1
1192,炯冷黃金,1
1193,冷黃金鞍,1
1194,黃金鞍虜,1
1195,金鞍虜塵,1
1196,鞍虜塵如,1
1197,虜塵如霧,1
1198,塵如霧昏,1
1199,如霧昏亭,1
1200,霧昏亭障,1
1201,昏亭障隴,1
1202,亭障隴首,1
1203,障隴首年,1
1204,隴首年年,1
1205,首年年漢,1
1206,年年漢飛,1
1207,年漢飛將,1
1208,漢飛將麟,1
1209,飛將麟閣,1
1210,將麟閣無,1
1211,麟閣無名,1
1212,閣無名期,1
1213,無名期未,1
1214,名期未歸,1
1215,期未歸樓,1
1216,未歸樓中,1
1217,歸樓中思,1
1218,樓中思婦,1
1219,中思婦徒,1
1220,思婦徒相,1
1221,婦徒相望,1
1222,徒相望玉,1
1223,相望玉妃,1
1224,望玉妃喚,1
1225,玉妃喚月,1
1226,妃喚月歸,1
1227,喚月歸海,1
1228,月歸海宮,1
1229,歸海宮月,1
1230,海宮月色,1
1231,宮月色澹,1
1232,月色澹白,1
1233,色澹白涵,1
1234,澹白涵春,1
1235,白涵春空,1
1236,涵春空銀,1
1237,春空銀河,1
1238,空銀河欲,1
1239,銀河欲轉,1
1240,河欲轉星,1
1241,欲轉星靨,1
1242,轉星靨靨,1
1243,星靨靨碧,1
1244,靨靨碧浪,1
1245,靨碧浪疊,1
1246,碧浪疊山,1
1247,浪疊山埋,1
1248,疊山埋早,1
1249,山埋早紅,1
1250,埋早紅宮,1
1251,早紅宮花,1
1252,紅宮花有,1
1253,宮花有露,1
1254,花有露如,1
1255,有露如新,1
1256,露如新淚,1
1257,如新淚小,1
1258,新淚小苑,1
1259,淚小苑叢,1
1260,小苑叢叢,1
1261,苑叢叢入,1
1262,叢叢入寒,1
1263,叢入寒翠,1
1264,入寒翠綺,1
1265,寒翠綺閣,1
1266,翠綺閣空,1
1267,綺閣空傳,1
1268,閣空傳唱,1
1269,空傳唱漏,1
1270,傳唱漏聲,1
1271,唱漏聲網,1
1272,漏聲網軒,1
1273,聲網軒未,1
1274,網軒未辨,1
1275,軒未辨淩,1
1276,未辨淩雲,1
1277,辨淩雲字,1
1278,淩雲字遙,1
1279,雲字遙遙,1
1280,字遙遙珠,1
1281,遙遙珠帳,1
1282,遙珠帳連,1
1283,珠帳連湘,1
1284,帳連湘煙,1
1285,連湘煙鶴,1
1286,湘煙鶴扇,1
1287,煙鶴扇如,1
1288,鶴扇如霜,1
1289,扇如霜金,1
1290,如霜金骨,1
1291,霜金骨仙,1
1292,金骨仙碧,1
1293,骨仙碧簫,1
1294,仙碧簫曲,1
1295,碧簫曲盡,1
1296,簫曲盡彩,1
1297,曲盡彩霞,1
1298,盡彩霞動,1
1299,彩霞動下,1
1300,霞動下視,1
1301,動下視九,1
1302,下視九州,1
1303,視九州皆,1
1304,九州皆悄,1
1305,州皆悄然,1
1306,皆悄然秦,1
1307,悄然秦王,1
1308,然秦王女,1
1309,秦王女騎,1
1310,王女騎紅,1
1311,女騎紅尾,1
1312,騎紅尾鳳,1
1313,紅尾鳳半,1
1314,尾鳳半空,1
1315,鳳半空回,1
1316,半空回首,1
1317,空回首晨,1
1318,回首晨雞,1
1319,首晨雞弄,1
1320,晨雞弄霧,1
1321,雞弄霧蓋,1
1322,弄霧蓋狂,1
1323,霧蓋狂塵,1
1324,蓋狂塵億,1
1325,狂塵億兆,1
1326,塵億兆家,1
1327,億兆家世,1
1328,兆家世人,1
1329,家世人猶,1
1330,世人猶作,1
1331,人猶作牽,1
1332,猶作牽情,1
1333,作牽情夢,1
1334,牽情夢蜀,1
1335,情夢蜀山,1
1336,夢蜀山攢,1
1337,蜀山攢黛,1
1338,山攢黛留,1
1339,攢黛留晴,1
1340,黛留晴雪,1
1341,留晴雪簝,1
1342,晴雪簝筍,1
1343,雪簝筍蕨,1
1344,簝筍蕨芽,1
1345,筍蕨芽縈,1
1346,蕨芽縈九,1
1347,芽縈九折,1
1348,縈九折江,1
1349,九折江風,1
1350,折江風吹,1
1351,江風吹巧,1
1352,風吹巧剪,1
1353,吹巧剪霞,1
1354,巧剪霞綃,1
1355,剪霞綃花,1
1356,霞綃花上,1
1357,綃花上千,1
1358,花上千枝,1
1359,上千枝杜,1
1360,千枝杜鵑,1
1361,枝杜鵑血,1
1362,杜鵑血杜,1
1363,鵑血杜鵑,1
1364,血杜鵑飛,1
1365,杜鵑飛入,1
1366,鵑飛入岩,1
1367,飛入岩下,1
1368,入岩下叢,1
1369,岩下叢夜,1
1370,下叢夜叫,1
1371,叢夜叫思,1
1372,夜叫思歸,1
1373,叫思歸山,1
1374,思歸山月,1
1375,歸山月中,1
1376,山月中巴,1
1377,月中巴水,1
1378,中巴水漾,1
1379,巴水漾情,1
1380,水漾情情,1
1381,漾情情不,1
1382,情情不盡,1
1383,情不盡文,1
1384,不盡文君,1
1385,盡文君織,1
1386,文君織得,1
1387,君織得春,1
1388,織得春機,1
1389,得春機紅,1
1390,春機紅怨,1
1391,機紅怨魄,1
1392,紅怨魄未,1
1393,怨魄未歸,1
1394,魄未歸芳,1
1395,未歸芳草,1
1396,歸芳草死,1
1397,芳草死江,1
1398,草死江頭,1
1399,死江頭學,1
1400,江頭學種,1
1401,頭學種相,1
1402,學種相思,1
1403,種相思子,1
1404,相思子樹,1
1405,思子樹成,1
1406,子樹成寄,1
1407,樹成寄與,1
1408,成寄與望,1
1409,寄與望鄉,1
1410,與望鄉人,1
1411,望鄉人白,1
1412,鄉人白帝,1
1413,人白帝荒,1
1414,白帝荒城,1
1415,帝荒城五,1
1416,荒城五千,1
1417,城五千里,1
1418,五千里玉,1
1419,千里玉墀,1
1420,里玉墀暗,1
1421,玉墀暗接,1
1422,墀暗接昆,1
1423,暗接昆侖,1
1424,接昆侖井,1
1425,昆侖井井,1
1426,侖井井上,1
1427,井井上無,1
1428,井上無人,1
1429,上無人金,1
1430,無人金索,1
1431,人金索冷,1
1432,金索冷畫,1
1433,索冷畫壁,1
1434,冷畫壁陰,1
1435,畫壁陰森,1
1436,壁陰森九,1
1437,陰森九子,1
1438,森九子堂,1
1439,九子堂階,1
1440,子堂階前,1
1441,堂階前細,1
1442,階前細月,1
1443,前細月鋪,1
1444,細月鋪花,1
1445,月鋪花影,1
1446,鋪花影繡,1
1447,花影繡屏,1
1448,影繡屏銀,1
1449,繡屏銀鴨,1
1450,屏銀鴨香,1
1451,銀鴨香蓊,1
1452,鴨香蓊蒙,1
1453,香蓊蒙天,1
1454,蓊蒙天上,1
1455,蒙天上夢,1
1456,天上夢歸,1
1457,上夢歸花,1
1458,夢歸花繞,1
1459,歸花繞叢,1
1460,花繞叢宜,1
1461,繞叢宜男,1
1462,叢宜男漫,1
1463,宜男漫作,1
1464,男漫作後,1
1465,漫作後庭,1
1466,作後庭草,1
1467,後庭草不,1
1468,庭草不似,1
1469,草不似櫻,1
1470,不似櫻桃,1
1471,似櫻桃千,1
1472,櫻桃千子,1
1473,桃千子紅,1
1474,千子紅春,1
1475,子紅春風,1
1476,紅春風何,1
1477,春風何處,1
1478,風何處好,1
1479,何處好別,1
1480,處好別殿,1
1481,好別殿饒,1
1482,別殿饒芳,1
1483,殿饒芳草,1
1484,饒芳草苒,1
1485,芳草苒嫋,1
1486,草苒嫋轉,1
1487,苒嫋轉鸞,1
1488,嫋轉鸞旗,1
1489,轉鸞旗萎,1
1490,鸞旗萎蕤,1
1491,旗萎蕤吹,1
1492,萎蕤吹雉,1
1493,蕤吹雉葆,1
1494,吹雉葆揚,1
1495,雉葆揚芳,1
1496,葆揚芳曆,1
1497,揚芳曆九,1
1498,芳曆九門,1
1499,曆九門澹,1
1500,九門澹蕩,1
1501,門澹蕩入,1
1502,澹蕩入蘭,1
1503,蕩入蘭蓀,1
1504,入蘭蓀爭,1
1505,蘭蓀爭奈,1
1506,蓀爭奈白,1
1507,爭奈白團,1
1508,奈白團扇,1
1509,白團扇時,1
1510,團扇時時,1
1511,扇時時偷,1
1512,時時偷主,1
1513,時偷主恩,1
1514,偷主恩藕,1
1515,主恩藕腸,1
1516,恩藕腸纖,1
1517,藕腸纖縷,1
1518,腸纖縷抽,1
1519,纖縷抽輕,1
1520,縷抽輕春,1
1521,抽輕春煙,1
1522,輕春煙機,1
1523,春煙機漠,1
1524,煙機漠漠,1
1525,機漠漠嬌,1
1526,漠漠嬌娥,1
1527,漠嬌娥嚬,1
1528,嬌娥嚬金,1
1529,娥嚬金梭,1
1530,嚬金梭淅,1
1531,金梭淅瀝,1
1532,梭淅瀝透,1
1533,淅瀝透空,1
1534,瀝透空薄,1
1535,透空薄剪,1
1536,空薄剪落,1
1537,薄剪落交,1
1538,剪落交刀,1
1539,落交刀吹,1
1540,交刀吹斷,1
1541,刀吹斷雲,1
1542,吹斷雲張,1
1543,斷雲張家,1
1544,雲張家公,1
1545,張家公子,1
1546,家公子夜,1
1547,公子夜聞,1
1548,子夜聞雨,1
1549,夜聞雨夜,1
1550,聞雨夜向,1
1551,雨夜向蘭,1
1552,夜向蘭堂,1
1553,向蘭堂思,1
1554,蘭堂思楚,1
1555,堂思楚舞,1
1556,思楚舞蟬,1
1557,楚舞蟬衫,1
1558,舞蟬衫麟,1
1559,蟬衫麟帶,1
1560,衫麟帶壓,1
1561,麟帶壓愁,1
1562,帶壓愁香,1
1563,壓愁香偷,1
1564,愁香偷得,1
1565,香偷得鶯,1
1566,偷得鶯簧,1
1567,得鶯簧鎖,1
1568,鶯簧鎖金,1
1569,簧鎖金縷,1
1570,鎖金縷管,1
1571,金縷管含,1
1572,縷管含蘭,1
1573,管含蘭氣,1
1574,含蘭氣嬌,1
1575,蘭氣嬌語,1
1576,氣嬌語悲,1
1577,嬌語悲胡,1
1578,語悲胡槽,1
1579,悲胡槽雪,1
1580,胡槽雪腕,1
1581,槽雪腕鴛,1
1582,雪腕鴛鴦,1
1583,腕鴛鴦絲,1
1584,鴛鴦絲芙,1
1585,鴦絲芙蓉,1
1586,絲芙蓉力,1
1587,芙蓉力弱,1
1588,蓉力弱應,1
1589,力弱應難,1
1590,弱應難定,1
1591,應難定楊,1
1592,難定楊柳,1
1593,定楊柳風,1
1594,楊柳風多,1
1595,柳風多不,1
1596,風多不自,1
1597,多不自持,1
1598,不自持回,1
1599,自持回嚬,1
1600,持回嚬笑,1
1601,回嚬笑語,1
1602,嚬笑語西,1
1603,笑語西窗,1
1604,語西窗客,1
1605,西窗客星,1
1606,窗客星斗,1
1607,客星斗寥,1
1608,星斗寥寥,1
1609,斗寥寥波,1
1610,寥寥波脈,1
1611,寥波脈脈,1
1612,波脈脈不,1
1613,脈脈不逐,1
1614,脈不逐秦,1
1615,不逐秦王,1
1616,逐秦王卷,1
1617,秦王卷象,1
1618,王卷象床,1
1619,卷象床滿,1
1620,象床滿樓,1
1621,床滿樓明,1
1622,滿樓明月,1
1623,樓明月梨,1
1624,梨花白蘭,1
1625,花白蘭膏,1
1626,白蘭膏墜,1
1627,蘭膏墜發,1
1628,膏墜發紅,1
1629,墜發紅玉,1
1630,發紅玉春,1
1631,紅玉春燕,1
1632,玉春燕釵,1
1633,春燕釵拖,1
1634,燕釵拖頸,1
1635,釵拖頸拋,1
1636,拖頸拋盤,1
1637,頸拋盤雲,1
1638,拋盤雲城,1
1639,盤雲城邊,1
1640,雲城邊楊,1
1641,城邊楊柳,1
1642,邊楊柳向,1
1643,楊柳向嬌,1
1644,柳向嬌晚,1
1645,向嬌晚門,1
1646,嬌晚門前,1
1647,晚門前溝,1
1648,門前溝水,1
1649,前溝水波,1
1650,溝水波粼,1
1651,水波粼粼,1
1652,波粼粼麒,1
1653,粼粼麒麟,1
1654,粼麒麟公,1
1655,麒麟公子,1
1656,麟公子朝,1
1657,公子朝天,1
1658,子朝天客,1
1659,朝天客珂,1
1660,天客珂馬,1
1661,客珂馬璫,1
1662,珂馬璫璫,1
1663,馬璫璫度,1
1664,璫璫度春,1
1665,璫度春陌,1
1666,度春陌掌,1
1667,春陌掌中,1
1668,陌掌中無,1
1669,掌中無力,1
1670,中無力舞,1
1671,無力舞衣,1
1672,力舞衣輕,1
1673,舞衣輕剪,1
1674,衣輕剪斷,1
1675,輕剪斷鮫,1
1676,剪斷鮫綃,1
1677,斷鮫綃破,1
1678,鮫綃破春,1
1679,綃破春碧,1
1680,破春碧抱,1
1681,春碧抱月,1
1682,碧抱月飄,1
1683,抱月飄煙,1
1684,月飄煙一,1
1685,飄煙一尺,1
1686,煙一尺腰,1
1687,一尺腰麝,1
1688,尺腰麝臍,1
1689,腰麝臍龍,1
1690,麝臍龍髓,1
1691,臍龍髓憐,1
1692,龍髓憐嬌,1
1693,髓憐嬌嬈,1
1694,憐嬌嬈秋,1
1695,嬌嬈秋羅,1
1696,嬈秋羅拂,1
1697,秋羅拂水,1
1698,羅拂水碎,1
1699,拂水碎光,1
1700,水碎光動,1
1701,碎光動露,1
1702,光動露重,1
1703,動露重花,1
1704,露重花多,1
1705,重花多香,1
1706,花多香不,1
1707,多香不銷,1
1708,香不銷鸂,1
1709,不銷鸂鶒,1
1710,銷鸂鶒交,1
1711,鸂鶒交交,1
1712,鶒交交塘,1
1713,交交塘水,1
1714,交塘水滿,1
1715,塘水滿綠,1
1716,水滿綠芒,1
1717,滿綠芒如,1
1718,綠芒如粟,1
1719,芒如粟蓮,1
1720,如粟蓮莖,1
1721,粟蓮莖短,1
1722,蓮莖短一,1
1723,莖短一夜,1
1724,短一夜西,1
1725,一夜西風,1
1726,夜西風送,1
1727,西風送雨,1
1728,風送雨來,1
1729,送雨來粉,1
1730,雨來粉痕,1
1731,來粉痕零,1
1732,粉痕零落,1
1733,痕零落愁,1
1734,零落愁紅,1
1735,落愁紅淺,1
1736,愁紅淺船,1
1737,紅淺船頭,1
1738,淺船頭折,1
1739,船頭折藕,1
1740,頭折藕絲,1
1741,折藕絲暗,1
1742,藕絲暗牽,1
1743,絲暗牽藕,1
1744,暗牽藕根,1
1745,牽藕根蓮,1
1746,藕根蓮子,1
1747,根蓮子相,1
1748,蓮子相留,1
1749,子相留連,1
1750,相留連郎,1
1751,留連郎心,1
1752,連郎心似,1
1753,似月月未,1
1754,月月未缺,1
1755,月未缺十,1
1756,未缺十五,1
1757,清光圓池,1
1758,光圓池塘,1
1759,圓池塘芳,1
1760,池塘芳草,1
1761,塘芳草濕,1
1762,芳草濕夜,1
1763,草濕夜半,1
1764,濕夜半東,1
1765,夜半東風,1
1766,半東風起,1
1767,東風起生,1
1768,風起生綠,1
1769,起生綠畫,1
1770,生綠畫羅,1
1771,綠畫羅屏,1
1772,畫羅屏金,1
1773,羅屏金壺,1
1774,屏金壺貯,1
1775,金壺貯春,1
1776,壺貯春水,1
1777,貯春水黃,1
1778,春水黃粉,1
1779,水黃粉楚,1
1780,黃粉楚宮,1
1781,粉楚宮人,1
1782,楚宮人芳,1
1783,宮人芳花,1
1784,人芳花玉,1
1785,芳花玉刻,1
1786,花玉刻鱗,1
1787,玉刻鱗娟,1
1788,刻鱗娟娟,1
1789,鱗娟娟照,1
1790,娟娟照棋,1
1791,娟照棋燭,1
1792,照棋燭不,1
1793,棋燭不語,1
1794,燭不語兩,1
1795,不語兩含,1
1796,語兩含嚬,1
1797,兩含嚬參,1
1798,含嚬參差,1
1799,嚬參差綠,1
1800,參差綠蒲,1
1801,差綠蒲短,1
1802,綠蒲短搖,1
1803,蒲短搖豔,1
1804,短搖豔雲,1
1805,搖豔雲塘,1
1806,豔雲塘滿,1
1807,雲塘滿紅,1
1808,塘滿紅瀲,1
1809,滿紅瀲蕩,1
1810,紅瀲蕩融,1
1811,瀲蕩融融,1
1812,蕩融融鶯,1
1813,融融鶯翁,1
1814,融鶯翁鸂,1
1815,鶯翁鸂鶒,1
1816,翁鸂鶒暖,1
1817,鸂鶒暖萋,1
1818,鶒暖萋芊,1
1819,暖萋芊小,1
1820,萋芊小成,1
1821,芊小成路,1
1822,小成路馬,1
1823,成路馬上,1
1824,路馬上修,1
1825,馬上修蛾,1
1826,上修蛾懶,1
1827,修蛾懶羅,1
1828,蛾懶羅衫,1
1829,懶羅衫嫋,1
1830,羅衫嫋回,1
1831,衫嫋回風,1
1832,嫋回風點,1
1833,回風點粉,1
1834,風點粉金,1
1835,點粉金鸝,1
1836,粉金鸝卵,1
1837,金鸝卵蠟,1
1838,鸝卵蠟煙,1
1839,卵蠟煙如,1
1840,蠟煙如纛,1
1841,煙如纛新,1
1842,如纛新蟾,1
1843,纛新蟾滿,1
1844,新蟾滿門,1
1845,蟾滿門外,1
1846,滿門外平,1
1847,門外平沙,1
1848,外平沙草,1
1849,平沙草芽,1
1850,沙草芽短,1
1851,草芽短黑,1
1852,芽短黑頭,1
1853,短黑頭丞,1
1854,黑頭丞相,1
1855,頭丞相九,1
1856,丞相九天,1
1857,相九天歸,1
1858,九天歸夜,1
1859,天歸夜聽,1
1860,歸夜聽飛,1
1861,夜聽飛瓊,1
1862,聽飛瓊吹,1
1863,飛瓊吹朔,1
1864,瓊吹朔管,1
1865,吹朔管情,1
1866,朔管情遠,1
1867,管情遠氣,1
1868,情遠氣調,1
1869,遠氣調蘭,1
1870,氣調蘭蕙,1
1871,調蘭蕙熏,1
1872,蘭蕙熏天,1
1873,蕙熏天香,1
1874,熏天香瑞,1
1875,天香瑞彩,1
1876,香瑞彩含,1
1877,瑞彩含絪,1
1878,彩含絪縕,1
1879,含絪縕皓,1
1880,絪縕皓然,1
1881,縕皓然纖,1
1882,皓然纖指,1
1883,然纖指都,1
1884,纖指都揭,1
1885,指都揭血,1
1886,都揭血日,1
1887,揭血日暖,1
1888,血日暖碧,1
1889,日暖碧霄,1
1890,暖碧霄無,1
1891,碧霄無片,1
1892,霄無片雲,1
1893,無片雲含,1
1894,片雲含商,1
1895,雲含商咀,1
1896,含商咀征,1
1897,商咀征雙,1
1898,咀征雙幽,1
1899,征雙幽咽,1
1900,雙幽咽軟,1
1901,幽咽軟縠,1
1902,咽軟縠疏,1
1903,軟縠疏羅,1
1904,縠疏羅共,1
1905,疏羅共蕭,1
1906,羅共蕭屑,1
1907,共蕭屑不,1
1908,蕭屑不盡,1
1909,屑不盡長,1
1910,不盡長圓,1
1911,盡長圓疊,1
1912,長圓疊翠,1
1913,圓疊翠愁,1
1914,疊翠愁柳,1
1915,翠愁柳風,1
1916,愁柳風吹,1
1917,柳風吹破,1
1918,風吹破澄,1
1919,吹破澄潭,1
1920,破澄潭月,1
1921,澄潭月鳴,1
1922,潭月鳴梭,1
1923,月鳴梭淅,1
1924,鳴梭淅瀝,1
1925,梭淅瀝金,1
1926,淅瀝金絲,1
1927,瀝金絲蕊,1
1928,金絲蕊恨,1
1929,絲蕊恨語,1
1930,蕊恨語殷,1
1931,恨語殷勤,1
1932,語殷勤隴,1
1933,殷勤隴頭,1
1934,勤隴頭水,1
1935,隴頭水漢,1
1936,頭水漢將,1
1937,水漢將營,1
1938,漢將營前,1
1939,將營前萬,1
1940,營前萬里,1
1941,前萬里沙,1
1942,萬里沙更,1
1943,里沙更深,1
1944,沙更深一,1
1945,更深一一,1
1946,深一一霜,1
1947,一一霜鴻,1
1948,一霜鴻起,1
1949,霜鴻起十,1
1950,鴻起十二,1
1951,起十二樓,1
1952,二樓前花,1
1953,樓前花正,1
1954,前花正繁,1
1955,花正繁交,1
1956,正繁交枝,1
1957,繁交枝簇,1
1958,交枝簇蒂,1
1959,枝簇蒂連,1
1960,簇蒂連壁,1
1961,蒂連壁門,1
1962,連壁門景,1
1963,壁門景陽,1
1964,門景陽宮,1
1965,景陽宮女,1
1966,陽宮女正,1
1967,宮女正愁,1
1968,女正愁絕,1
1969,正愁絕莫,1
1970,愁絕莫使,1
1971,絕莫使此,1
1972,莫使此聲,1
1973,使此聲催,1
1974,此聲催斷,1
1975,聲催斷魂,1
1976,催斷魂景,1
1977,斷魂景陽,1
1978,魂景陽妝,1
1979,景陽妝罷,1
1980,陽妝罷瓊,1
1981,妝罷瓊窗,1
1982,罷瓊窗暖,1
1983,瓊窗暖欲,1
1984,窗暖欲照,1
1985,暖欲照澄,1
1986,欲照澄明,1
1987,照澄明香,1
1988,澄明香步,1
1989,明香步懶,1
1990,香步懶橋,1
1991,步懶橋上,1
1992,懶橋上衣,1
1993,橋上衣多,1
1994,上衣多抱,1
1995,衣多抱彩,1
1996,多抱彩雲,1
1997,抱彩雲金,1
1998,彩雲金鱗,1
1999,雲金鱗不,1
2000,金鱗不動,1
2001,鱗不動春,1
2002,不動春塘,1
2003,動春塘滿,1
2004,春塘滿黃,1
2005,塘滿黃印,1
2006,滿黃印額,1
2007,黃印額山,1
2008,印額山輕,1
2009,額山輕為,1
2010,山輕為塵,1
2011,輕為塵翠,1
2012,為塵翠鱗,1
2013,塵翠鱗紅,1
2014,翠鱗紅稚,1
2015,鱗紅稚俱,1
2016,紅稚俱含,1
2017,稚俱含嚬,1
2018,俱含嚬桃,1
2019,含嚬桃花,1
2020,嚬桃花百,1
2021,桃花百媚,1
2022,花百媚如,1
2023,百媚如欲,1
2024,媚如欲語,1
2025,如欲語曾,1
2026,欲語曾為,1
2027,語曾為無,1
2028,曾為無雙,1
2029,為無雙今,1
2030,無雙今兩,1
2031,雙今兩身,1
2032,今兩身黃,1
2033,兩身黃河,1
2034,身黃河怒,1
2035,黃河怒浪,1
2036,河怒浪連,1
2037,怒浪連天,1
2038,浪連天來,1
2039,連天來大,1
2040,天來大響,1
2041,來大響谹,1
2042,大響谹谹,1
2043,響谹谹如,1
2044,谹谹如殷,1
2045,谹如殷雷,1
2046,如殷雷龍,1
2047,殷雷龍伯,1
2048,雷龍伯驅,1
2049,龍伯驅風,1
2050,伯驅風不,1
2051,驅風不敢,1
2052,風不敢上,1
2053,不敢上百,1
2054,敢上百川,1
2055,上百川噴,1
2056,百川噴雪,1
2057,川噴雪高,1
2058,噴雪高崔,1
2059,雪高崔嵬,1
2060,高崔嵬二,1
2061,崔嵬二十,1
2062,嵬二十三,1
2063,二十三弦,1
2064,十三弦何,1
2065,三弦何太,1
2066,弦何太哀,1
2067,何太哀請,1
2068,太哀請公,1
2069,哀請公勿,1
2070,請公勿渡,1
2071,公勿渡立,1
2072,勿渡立徘,1
2073,渡立徘徊,1
2074,立徘徊下,1
2075,徘徊下有,1
2076,徊下有狂,1
2077,下有狂蛟,1
2078,有狂蛟鋸,1
2079,狂蛟鋸為,1
2080,蛟鋸為尾,1
2081,鋸為尾裂,1
2082,為尾裂帆,1
2083,尾裂帆截,1
2084,裂帆截棹,1
2085,帆截棹磨,1
2086,截棹磨霜,1
2087,棹磨霜齒,1
2088,磨霜齒神,1
2089,霜齒神椎,1
2090,齒神椎鑿,1
2091,神椎鑿石,1
2092,椎鑿石塞,1
2093,鑿石塞神,1
2094,石塞神潭,1
2095,塞神潭白,1
2096,神潭白馬,1
2097,潭白馬赤,1
2098,白馬赤塵,1
2099,馬赤塵起,1
2100,赤塵起公,1
2101,塵起公乎,1
2102,起公乎躍,1
2103,公乎躍馬,1
2104,乎躍馬揚,1
2105,躍馬揚玉,1
2106,馬揚玉鞭,1
2107,揚玉鞭滅,1
2108,玉鞭滅沒,1
2109,鞭滅沒高,1
2110,滅沒高蹄,1
2111,沒高蹄日,1
2112,高蹄日千,1
2113,蹄日千里,1
2114,日千里卷,1
2115,千里卷太,1
2116,里卷太液,1
2117,卷太液池,1
2118,太液池歌,1
2119,液池歌溫,1
2120,池歌溫庭,1
2121,歌溫庭筠,1
2122,溫庭筠腥,1
2123,庭筠腥鮮,1
2124,筠腥鮮龍,1
2125,腥鮮龍氣,1
2126,鮮龍氣連,1
2127,龍氣連清,1
2128,氣連清防,1
2129,連清防花,1
2130,清防花風,1
2131,防花風漾,1
2132,花風漾漾,1
2133,風漾漾吹,1
2134,漾漾吹細,1
2135,漾吹細光,1
2136,吹細光疊,1
2137,細光疊瀾,1
2138,光疊瀾不,1
2139,疊瀾不定,1
2140,瀾不定照,1
2141,不定照天,1
2142,定照天井,1
2143,照天井倒,1
2144,天井倒影,1
2145,井倒影蕩,1
2146,倒影蕩搖,1
2147,影蕩搖晴,1
2148,蕩搖晴翠,1
2149,搖晴翠長,1
2150,晴翠長平,1
2151,翠長平碧,1
2152,長平碧淺,1
2153,平碧淺春,1
2154,碧淺春生,1
2155,淺春生綠,1
2156,春生綠塘,1
2157,生綠塘雲,1
2158,綠塘雲容,1
2159,塘雲容雨,1
2160,雲容雨態,1
2161,容雨態連,1
2162,雨態連青,1
2163,態連青蒼,1
2164,連青蒼夜,1
2165,青蒼夜深,1
2166,蒼夜深銀,1
2167,夜深銀漢,1
2168,深銀漢通,1
2169,銀漢通柏,1
2170,漢通柏梁,1
2171,通柏梁二,1
2172,柏梁二十,1
2173,梁二十八,1
2174,二十八宿,1
2175,十八宿朝,1
2176,八宿朝玉,1
2177,宿朝玉堂,1
2178,朝玉堂茭,1
2179,玉堂茭葉,1
2180,堂茭葉萋,1
2181,茭葉萋萋,1
2182,葉萋萋接,1
2183,萋萋接煙,1
2184,萋接煙曙,1
2185,接煙曙雞,1
2186,煙曙雞鳴,1
2187,曙雞鳴埭,1
2188,雞鳴埭上,1
2189,鳴埭上梨,1
2190,埭上梨花,1
2191,上梨花露,1
2192,梨花露彩,1
2193,花露彩仗,1
2194,露彩仗鏘,1
2195,彩仗鏘鏘,1
2196,仗鏘鏘已,1
2197,鏘鏘已合,1
2198,鏘已合圍,1
2199,已合圍繡,1
2200,合圍繡翎,1
2201,圍繡翎白,1
2202,繡翎白頸,1
2203,翎白頸遙,1
2204,白頸遙相,1
2205,頸遙相妒,1
2206,遙相妒雕,1
2207,相妒雕尾,1
2208,妒雕尾扇,1
2209,雕尾扇張,1
2210,尾扇張金,1
2211,扇張金縷,1
2212,張金縷高,1
2213,金縷高碎,1
2214,縷高碎鈴,1
2215,高碎鈴素,1
2216,碎鈴素拂,1
2217,鈴素拂驪,1
2218,素拂驪駒,1
2219,拂驪駒豪,1
2220,驪駒豪綠,1
2221,駒豪綠場,1
2222,豪綠場紅,1
2223,綠場紅跡,1
2224,場紅跡未,1
2225,紅跡未相,1
2226,跡未相接,1
2227,未相接箭,1
2228,相接箭發,1
2229,接箭發銅,1
2230,箭發銅牙,1
2231,發銅牙傷,1
2232,銅牙傷彩,1
2233,牙傷彩毛,1
2234,傷彩毛麥,1
2235,彩毛麥隴,1
2236,毛麥隴桑,1
2237,麥隴桑陰,1
2238,隴桑陰小,1
2239,桑陰小山,1
2240,陰小山晚,1
2241,小山晚六,1
2242,山晚六虯,1
2243,晚六虯歸,1
2244,六虯歸去,1
2245,虯歸去凝,1
2246,歸去凝笳,1
2247,去凝笳遠,1
2248,凝笳遠城,1
2249,笳遠城頭,1
2250,遠城頭卻,1
2251,城頭卻望,1
2252,頭卻望幾,1
2253,卻望幾含,1
2254,望幾含情,1
2255,幾含情青,1
2256,含情青畝,1
2257,情青畝春,1
2258,青畝春蕪,1
2259,畝春蕪連,1
2260,春蕪連石,1
2261,蕪連石苑,1
2262,連石苑太,1
2263,石苑太子,1
2264,苑太子池,1
2265,太子池南,1
2266,子池南樓,1
2267,池南樓百,1
2268,南樓百尺,1
2269,樓百尺入,1
2270,百尺入窗,1
2271,尺入窗新,1
2272,入窗新樹,1
2273,窗新樹疏,1
2274,新樹疏簾,1
2275,樹疏簾隔,1
2276,疏簾隔黃,1
2277,簾隔黃金,1
2278,隔黃金鋪,1
2279,黃金鋪首,1
2280,金鋪首畫,1
2281,鋪首畫鉤,1
2282,首畫鉤陳,1
2283,畫鉤陳羽,1
2284,鉤陳羽葆,1
2285,陳羽葆停,1
2286,羽葆停幢,1
2287,葆停幢拂,1
2288,停幢拂交,1
2289,幢拂交戟,1
2290,拂交戟盤,1
2291,交戟盤紆,1
2292,戟盤紆闌,1
2293,盤紆闌楯,1
2294,紆闌楯臨,1
2295,闌楯臨高,1
2296,楯臨高臺,1
2297,臨高臺帳,1
2298,高臺帳殿,1
2299,臺帳殿臨,1
2300,帳殿臨流,1
2301,殿臨流鸞,1
2302,臨流鸞扇,1
2303,流鸞扇開,1
2304,鸞扇開早,1
2305,扇開早雁,1
2306,開早雁驚,1
2307,早雁驚鳴,1
2308,雁驚鳴細,1
2309,驚鳴細波,1
2310,龍飛回錦,1
2311,飛回錦雉,1
2312,回錦雉雙,1
2313,錦雉雙飛,1
2314,雉雙飛梅,1
2315,雙飛梅結,1
2316,飛梅結子,1
2317,梅結子平,1
2318,結子平春,1
2319,子平春遠,1
2320,平春遠綠,1
2321,春遠綠窗,1
2322,遠綠窗中,1
2323,綠窗中起,1
2324,窗中起吳,1
2325,中起吳江,1
2326,起吳江澹,1
2327,吳江澹畫,1
2328,江澹畫水,1
2329,澹畫水連,1
2330,畫水連空,1
2331,水連空三,1
2332,連空三尺,1
2333,空三尺屏,1
2334,三尺屏風,1
2335,尺屏風隔,1
2336,屏風隔千,1
2337,風隔千里,1
2338,隔千里小,1
2339,千里小苑,1
2340,里小苑有,1
2341,小苑有門,1
2342,苑有門紅,1
2343,有門紅扇,1
2344,門紅扇開,1
2345,紅扇開天,1
2346,扇開天絲,1
2347,開天絲舞,1
2348,天絲舞蝶,1
2349,絲舞蝶共,1
2350,舞蝶共徘,1
2351,蝶共徘徊,1
2352,共徘徊綺,1
2353,徘徊綺戶,1
2354,徊綺戶雕,1
2355,綺戶雕楹,1
2356,戶雕楹長,1
2357,雕楹長若,1
2358,楹長若此,1
2359,長若此韶,1
2360,若此韶光,1
2361,此韶光歲,1
2362,韶光歲歲,1
2363,光歲歲如,1
2364,歲歲如歸,1
2365,歲如歸來,1
2366,如歸來宜,1
2367,歸來宜城,1
2368,來宜城酒,1
2369,宜城酒熟,1
2370,城酒熟花,1
2371,酒熟花覆,1
2372,熟花覆橋,1
2373,花覆橋沙,1
2374,覆橋沙晴,1
2375,橋沙晴綠,1
2376,沙晴綠鴨,1
2377,晴綠鴨鳴,1
2378,綠鴨鳴咬,1
2379,鴨鳴咬咬,1
2380,鳴咬咬穠,1
2381,咬咬穠桑,1
2382,咬穠桑繞,1
2383,穠桑繞舍,1
2384,桑繞舍麥,1
2385,繞舍麥如,1
2386,舍麥如尾,1
2387,麥如尾幽,1
2388,如尾幽軋,1
2389,尾幽軋鳴,1
2390,幽軋鳴機,1
2391,軋鳴機雙,1
2392,鳴機雙燕,1
2393,機雙燕巢,1
2394,雙燕巢馬,1
2395,燕巢馬聲,1
2396,巢馬聲特,1
2397,馬聲特特,1
2398,聲特特荊,1
2399,特特荊門,1
2400,特荊門道,1
2401,荊門道蠻,1
2402,門道蠻水,1
2403,道蠻水揚,1
2404,蠻水揚光,1
2405,水揚光色,1
2406,揚光色如,1
2407,光色如草,1
2408,色如草錦,1
2409,如草錦薦,1
2410,草錦薦金,1
2411,長東家咿,1
2412,東家咿喔,1
2413,家咿喔雞,1
2414,咿喔雞鳴,1
2415,雞鳴早燕,1
2416,鳴早燕弓,1
2417,早燕弓弦,1
2418,燕弓弦勁,1
2419,弓弦勁霜,1
2420,弦勁霜封,1
2421,勁霜封瓦,1
2422,霜封瓦樸,1
2423,封瓦樸簌,1
2424,瓦樸簌寒,1
2425,樸簌寒雕,1
2426,簌寒雕睇,1
2427,寒雕睇平,1
2428,雕睇平野,1
2429,睇平野一,1
2430,平野一點,1
2431,野一點黃,1
2432,一點黃塵,1
2433,點黃塵起,1
2434,黃塵起雁,1
2435,塵起雁喧,1
2436,起雁喧白,1
2437,雁喧白龍,1
2438,喧白龍堆,1
2439,白龍堆下,1
2440,龍堆下千,1
2441,堆下千蹄,1
2442,下千蹄馬,1
2443,千蹄馬河,1
2444,蹄馬河源,1
2445,馬河源怒,1
2446,河源怒濁,1
2447,源怒濁風,1
2448,怒濁風如,1
2449,濁風如刀,1
2450,風如刀剪,1
2451,如刀剪斷,1
2452,刀剪斷朔,1
2453,剪斷朔雲,1
2454,斷朔雲天,1
2455,朔雲天更,1
2456,雲天更高,1
2457,天更高晚,1
2458,更高晚出,1
2459,高晚出榆,1
2460,晚出榆關,1
2461,出榆關逐,1
2462,榆關逐征,1
2463,關逐征北,1
2464,逐征北驚,1
2465,征北驚沙,1
2466,北驚沙飛,1
2467,驚沙飛迸,1
2468,沙飛迸沖,1
2469,飛迸沖貂,1
2470,迸沖貂袍,1
2471,沖貂袍心,1
2472,貂袍心許,1
2473,袍心許淩,1
2474,心許淩煙,1
2475,許淩煙名,1
2476,淩煙名不,1
2477,煙名不滅,1
2478,名不滅年,1
2479,不滅年年,1
2480,滅年年錦,1
2481,年年錦字,1
2482,年錦字傷,1
2483,錦字傷離,1
2484,字傷離別,1
2485,傷離別彩,1
2486,離別彩毫,1
2487,別彩毫一,1
2488,彩毫一畫,1
2489,毫一畫竟,1
2490,一畫竟何,1
2491,畫竟何榮,1
2492,竟何榮空,1
2493,何榮空使,1
2494,榮空使青,1
2495,空使青樓,1
2496,使青樓淚,1
2497,青樓淚成,1
2498,樓淚成血,1
2499,淚成血祖,1
2500,成血祖龍,1
2501,血祖龍黃,1
2502,祖龍黃須,1
2503,龍黃須珊,1
2504,黃須珊瑚,1
2505,須珊瑚鞭,1
2506,珊瑚鞭鐵,1
2507,瑚鞭鐵驄,1
2508,鞭鐵驄金,1
2509,鐵驄金面,1
2510,驄金面青,1
2511,金面青連,1
2512,面青連錢,1
2513,青連錢虎,1
2514,連錢虎髯,1
2515,錢虎髯拔,1
2516,虎髯拔劍,1
2517,髯拔劍欲,1
2518,拔劍欲成,1
2519,劍欲成夢,1
2520,欲成夢日,1
2521,成夢日壓,1
2522,夢日壓賊,1
2523,日壓賊營,1
2524,壓賊營如,1
2525,賊營如血,1
2526,營如血鮮,1
2527,如血鮮海,1
2528,血鮮海旗,1
2529,鮮海旗風,1
2530,海旗風急,1
2531,旗風急驚,1
2532,風急驚眠,1
2533,急驚眠起,1
2534,驚眠起甲,1
2535,眠起甲重,1
2536,起甲重光,1
2537,甲重光搖,1
2538,重光搖照,1
2539,光搖照湖,1
2540,搖照湖水,1
2541,照湖水蒼,1
2542,湖水蒼黃,1
2543,水蒼黃追,1
2544,蒼黃追騎,1
2545,黃追騎塵,1
2546,追騎塵外,1
2547,騎塵外歸,1
2548,塵外歸森,1
2549,外歸森索,1
2550,歸森索妖,1
2551,森索妖星,1
2552,索妖星陣,1
2553,妖星陣前,1
2554,星陣前死,1
2555,陣前死五,1
2556,前死五陵,1
2557,死五陵愁,1
2558,五陵愁碧,1
2559,陵愁碧春,1
2560,愁碧春萋,1
2561,碧春萋萋,1
2562,春萋萋霸,1
2563,萋萋霸川,1
2564,萋霸川玉,1
2565,霸川玉馬,1
2566,川玉馬空,1
2567,玉馬空中,1
2568,馬空中嘶,1
2569,空中嘶羽,1
2570,中嘶羽書,1
2571,嘶羽書如,1
2572,羽書如電,1
2573,書如電入,1
2574,如電入青,1
2575,電入青瑣,1
2576,入青瑣雪,1
2577,青瑣雪腕,1
2578,瑣雪腕如,1
2579,雪腕如槌,1
2580,腕如槌催,1
2581,如槌催畫,1
2582,槌催畫鞞,1
2583,催畫鞞白,1
2584,畫鞞白虯,1
2585,鞞白虯天,1
2586,白虯天子,1
2587,虯天子金,1
2588,天子金煌,1
2589,子金煌鋩,1
2590,金煌鋩高,1
2591,煌鋩高臨,1
2592,鋩高臨帝,1
2593,高臨帝座,1
2594,臨帝座回,1
2595,帝座回龍,1
2596,座回龍章,1
2597,回龍章吳,1
2598,龍章吳波,1
2599,章吳波不,1
2600,吳波不動,1
2601,波不動楚,1
2602,不動楚山,1
2603,動楚山晚,1
2604,楚山晚花,1
2605,山晚花壓,1
2606,晚花壓闌,1
2607,花壓闌幹,1
2608,壓闌幹春,1
2609,闌幹春晝,1
2610,幹春晝長,1
2611,春晝長楚,1
2612,晝長楚神,1
2613,長楚神鐵,1
2614,楚神鐵馬,1
2615,神鐵馬金,1
2616,鐵馬金鳴,1
2617,馬金鳴珂,1
2618,金鳴珂夜,1
2619,鳴珂夜動,1
2620,珂夜動蛟,1
2621,夜動蛟潭,1
2622,動蛟潭生,1
2623,蛟潭生素,1
2624,潭生素波,1
2625,生素波商,1
2626,素波商風,1
2627,波商風刮,1
2628,商風刮水,1
2629,風刮水報,1
2630,刮水報西,1
2631,水報西帝,1
2632,報西帝廟,1
2633,西帝廟前,1
2634,帝廟前古,1
2635,廟前古樹,1
2636,前古樹蟠,1
2637,古樹蟠白,1
2638,樹蟠白蛇,1
2639,蟠白蛇吳,1
2640,白蛇吳王,1
2641,蛇吳王赤,1
2642,吳王赤斧,1
2643,王赤斧斫,1
2644,赤斧斫雲,1
2645,斧斫雲陣,1
2646,斫雲陣畫,1
2647,雲陣畫堂,1
2648,陣畫堂列,1
2649,畫堂列壁,1
2650,堂列壁叢,1
2651,列壁叢霜,1
2652,壁叢霜刃,1
2653,叢霜刃巫,1
2654,霜刃巫娥,1
2655,刃巫娥傳,1
2656,巫娥傳意,1
2657,娥傳意托,1
2658,傳意托悲,1
2659,意托悲絲,1
2660,托悲絲鐸,1
2661,悲絲鐸語,1
2662,絲鐸語琅,1
2663,鐸語琅琅,1
2664,語琅琅理,1
2665,琅琅理雙,1
2666,琅理雙鬢,1
2667,理雙鬢湘,1
2668,雙鬢湘煙,1
2669,鬢湘煙刷,1
2670,湘煙刷翠,1
2671,煙刷翠湘,1
2672,刷翠湘山,1
2673,翠湘山斜,1
2674,湘山斜東,1
2675,山斜東方,1
2676,斜東方日,1
2677,東方日出,1
2678,方日出飛,1
2679,日出飛神,1
2680,出飛神鴉,1
2681,飛神鴉青,1
2682,神鴉青雲,1
2683,鴉青雲自,1
2684,青雲自有,1
2685,雲自有黑,1
2686,自有黑龍,1
2687,有黑龍子,1
2688,黑龍子潘,1
2689,龍子潘妃,1
2690,子潘妃莫,1
2691,潘妃莫結,1
2692,妃莫結丁,1
2693,莫結丁香,1
2694,結丁香花,1
2695,丁香花春,1
2696,香花春草,1
2697,花春草芊,1
2698,春草芊芊,1
2699,芊芊晴掃,1
2700,芊晴掃煙,1
2701,晴掃煙宮,1
2702,掃煙宮城,1
2703,煙宮城大,1
2704,宮城大錦,1
2705,城大錦紅,1
2706,大錦紅殷,1
2707,錦紅殷鮮,1
2708,紅殷鮮海,1
2709,殷鮮海日,1
2710,鮮海日初,1
2711,海日初融,1
2712,日初融照,1
2713,初融照仙,1
2714,融照仙掌,1
2715,照仙掌淮,1
2716,仙掌淮王,1
2717,掌淮王小,1
2718,淮王小隊,1
2719,王小隊纓,1
2720,小隊纓鈴,1
2721,隊纓鈴響,1
2722,纓鈴響獵,1
2723,鈴響獵獵,1
2724,響獵獵東,1
2725,獵獵東風,1
2726,獵東風焰,1
2727,東風焰赤,1
2728,風焰赤旗,1
2729,焰赤旗畫,1
2730,赤旗畫神,1
2731,旗畫神金,1
2732,畫神金甲,1
2733,神金甲蔥,1
2734,金甲蔥龍,1
2735,甲蔥龍網,1
2736,蔥龍網鉅,1
2737,龍網鉅公,1
2738,網鉅公步,1
2739,鉅公步輦,1
2740,公步輦迎,1
2741,步輦迎句,1
2742,輦迎句芒,1
2743,迎句芒複,1
2744,句芒複道,1
2745,芒複道掃,1
2746,複道掃塵,1
2747,道掃塵燕,1
2748,掃塵燕彗,1
2749,塵燕彗長,1
2750,燕彗長豹,1
2751,彗長豹尾,1
2752,長豹尾竿,1
2753,豹尾竿前,1
2754,尾竿前趙,1
2755,竿前趙飛,1
2756,前趙飛燕,1
2757,趙飛燕柳,1
2758,飛燕柳風,1
2759,燕柳風吹,1
2760,柳風吹盡,1
2761,風吹盡眉,1
2762,吹盡眉間,1
2763,盡眉間黃,1
2764,眉間黃碧,1
2765,間黃碧草,1
2766,黃碧草含,1
2767,碧草含情,1
2768,草含情杏,1
2769,含情杏花,1
2770,情杏花喜,1
2771,杏花喜上,1
2772,花喜上林,1
2773,喜上林鶯,1
2774,上林鶯囀,1
2775,林鶯囀遊,1
2776,鶯囀遊絲,1
2777,囀遊絲起,1
2778,遊絲起寶,1
2779,絲起寶馬,1
2780,起寶馬搖,1
2781,寶馬搖環,1
2782,馬搖環萬,1
2783,搖環萬騎,1
2784,環萬騎歸,1
2785,萬騎歸恩,1
2786,騎歸恩光,1
2787,歸恩光暗,1
2788,恩光暗入,1
2789,光暗入簾,1
2790,暗入簾櫳,1
2791,入簾櫳裏,1
2792,簾櫳裏格,1
2793,櫳裏格格,1
2794,裏格格水,1
2795,格格水禽,1
2796,格水禽飛,1
2797,水禽飛帶,1
2798,禽飛帶波,1
2799,飛帶波孤,1
2800,帶波孤光,1
2801,波孤光斜,1
2802,孤光斜起,1
2803,光斜起夕,1
2804,斜起夕陽,1
2805,起夕陽多,1
2806,夕陽多湖,1
2807,陽多湖西,1
2808,多湖西山,1
2809,湖西山淺,1
2810,西山淺似,1
2811,山淺似相,1
2812,淺似相笑,1
2813,似相笑菱,1
2814,相笑菱刺,1
2815,笑菱刺惹,1
2816,菱刺惹衣,1
2817,刺惹衣攢,1
2818,惹衣攢黛,1
2819,衣攢黛蛾,1
2820,攢黛蛾青,1
2821,黛蛾青絲,1
2822,蛾青絲系,1
2823,青絲系船,1
2824,絲系船向,1
2825,系船向江,1
2826,船向江木,1
2827,向江木蘭,1
2828,江木蘭芽,1
2829,木蘭芽出,1
2830,蘭芽出土,1
2831,芽出土吳,1
2832,出土吳江,1
2833,土吳江曲,1
2834,吳江曲水,1
2835,江曲水極,1
2836,曲水極晴,1
2837,水極晴搖,1
2838,極晴搖泛,1
2839,晴搖泛灩,1
2840,搖泛灩紅,1
2841,泛灩紅草,1
2842,灩紅草平,1
2843,紅草平春,1
2844,草平春染,1
2845,平春染煙,1
2846,春染煙綿,1
2847,染煙綿綠,1
2848,煙綿綠玉,1
2849,綿綠玉鞭,1
2850,綠玉鞭騎,1
2851,玉鞭騎馬,1
2852,鞭騎馬楊,1
2853,騎馬楊叛,1
2854,馬楊叛兒,1
2855,楊叛兒刻,1
2856,叛兒刻金,1
2857,兒刻金作,1
2858,刻金作鳳,1
2859,金作鳳光,1
2860,作鳳光參,1
2861,鳳光參差,1
2862,光參差丁,1
2863,參差丁丁,1
2864,差丁丁暖,1
2865,丁丁暖漏,1
2866,丁暖漏滴,1
2867,暖漏滴花,1
2868,漏滴花影,1
2869,滴花影催,1
2870,花影催入,1
2871,影催入景,1
2872,催入景陽,1
2873,入景陽人,1
2874,景陽人不,1
2875,陽人不知,1
2876,人不知彎,1
2877,不知彎堤,1
2878,知彎堤弱,1
2879,彎堤弱柳,1
2880,堤弱柳遙,1
2881,弱柳遙相,1
2882,柳遙相矚,1
2883,遙相矚雀,1
2884,相矚雀扇,1
2885,矚雀扇團,1
2886,雀扇團圓,1
2887,扇團圓掩,1
2888,團圓掩香,1
2889,圓掩香玉,1
2890,掩香玉蓮,1
2891,香玉蓮塘,1
2892,玉蓮塘艇,1
2893,蓮塘艇子,1
2894,塘艇子歸,1
2895,艇子歸不,1
2896,子歸不歸,1
2897,歸不歸柳,1
2898,不歸柳暗,1
2899,歸柳暗桑,1
2900,柳暗桑穠,1
2901,暗桑穠聞,1
2902,桑穠聞布,1
2903,穠聞布穀,1
2904,聞布穀漠,1
2905,布穀漠漠,1
2906,穀漠漠沙,1
2907,漠漠沙堤,1
2908,漠沙堤煙,1
2909,沙堤煙堤,1
2910,堤煙堤西,1
2911,煙堤西雉,1
2912,堤西雉子,1
2913,西雉子斑,1
2914,雉子斑雉,1
2915,子斑雉聲,1
2916,斑雉聲何,1
2917,雉聲何角,1
2918,聲何角角,1
2919,何角角麥,1
2920,角角麥秀,1
2921,角麥秀桑,1
2922,麥秀桑陰,1
2923,秀桑陰閑,1
2924,桑陰閑遊,1
2925,陰閑遊絲,1
2926,閑遊絲蕩,1
2927,遊絲蕩平,1
2928,絲蕩平綠,1
2929,蕩平綠明,1
2930,平綠明滅,1
2931,綠明滅時,1
2932,明滅時相,1
2933,滅時相續,1
2934,時相續白,1
2935,相續白馬,1
2936,續白馬金,1
2937,白馬金絡,1
2938,馬金絡頭,1
2939,金絡頭東,1
2940,絡頭東風,1
2941,頭東風故,1
2942,東風故城,1
2943,風故城曲,1
2944,故城曲故,1
2945,城曲故城,1
2946,曲故城殷,1
2947,故城殷貴,1
2948,城殷貴嬪,1
2949,殷貴嬪曾,1
2950,貴嬪曾占,1
2951,嬪曾占未,1
2952,曾占未來,1
2953,占未來春,1
2954,未來春自,1
2955,來春自從,1
2956,春自從香,1
2957,自從香骨,1
2958,從香骨化,1
2959,香骨化飛,1
2960,骨化飛作,1
2961,化飛作馬,1
2962,飛作馬蹄,1
2963,作馬蹄塵,1
2964,馬蹄塵汪,1
2965,蹄塵汪汪,1
2966,塵汪汪積,1
2967,汪汪積水,1
2968,汪積水光,1
2969,積水光連,1
2970,水光連空,1
2971,光連空重,1
2972,連空重疊,1
2973,空重疊細,1
2974,重疊細紋,1
2975,疊細紋晴,1
2976,細紋晴漾,1
2977,紋晴漾紅,1
2978,晴漾紅赤,1
2979,漾紅赤帝,1
2980,紅赤帝龍,1
2981,赤帝龍孫,1
2982,帝龍孫鱗,1
2983,龍孫鱗甲,1
2984,孫鱗甲怒,1
2985,鱗甲怒臨,1
2986,甲怒臨流,1
2987,怒臨流一,1
2988,臨流一盼,1
2989,流一盼生,1
2990,一盼生陰,1
2991,盼生陰風,1
2992,生陰風鼉,1
2993,陰風鼉鼓,1
2994,風鼉鼓三,1
2995,鼉鼓三聲,1
2996,鼓三聲報,1
2997,三聲報天,1
2998,聲報天子,1
2999,報天子雕,1
3000,天子雕旌,1
3001,子雕旌獸,1
3002,雕旌獸艦,1
3003,旌獸艦淩,1
3004,獸艦淩波,1
3005,艦淩波起,1
3006,淩波起雷,1
3007,波起雷吼,1
3008,起雷吼濤,1
3009,雷吼濤驚,1
3010,吼濤驚白,1
3011,濤驚白石,1
3012,驚白石山,1
3013,白石山石,1
3014,石山石鯨,1
3015,山石鯨眼,1
3016,石鯨眼裂,1
3017,鯨眼裂蟠,1
3018,眼裂蟠蛟,1
3019,裂蟠蛟死,1
3020,蟠蛟死溟,1
3021,蛟死溟池,1
3022,死溟池海,1
3023,溟池海浦,1
3024,池海浦俱,1
3025,海浦俱喧,1
3026,浦俱喧豗,1
3027,俱喧豗青,1
3028,喧豗青幟,1
3029,豗青幟白,1
3030,青幟白旌,1
3031,幟白旌相,1
3032,白旌相次,1
3033,旌相次來,1
3034,相次來箭,1
3035,次來箭羽,1
3036,來箭羽槍,1
3037,箭羽槍纓,1
3038,羽槍纓三,1
3039,槍纓三百,1
3040,纓三百萬,1
3041,三百萬踏,1
3042,百萬踏翻,1
3043,萬踏翻西,1
3044,踏翻西海,1
3045,翻西海生,1
3046,西海生塵,1
3047,海生塵埃,1
3048,生塵埃茂,1
3049,塵埃茂陵,1
3050,埃茂陵仙,1
3051,茂陵仙去,1
3052,陵仙去菱,1
3053,仙去菱花,1
3054,去菱花老,1
3055,菱花老唼,1
3056,花老唼唼,1
3057,老唼唼遊,1
3058,唼唼遊魚,1
3059,唼遊魚近,1
3060,遊魚近煙,1
3061,魚近煙島,1
3062,近煙島渺,1
3063,煙島渺莽,1
3064,島渺莽殘,1
3065,渺莽殘陽,1
3066,莽殘陽釣,1
3067,殘陽釣艇,1
3068,陽釣艇歸,1
3069,釣艇歸綠,1
3070,艇歸綠頭,1
3071,歸綠頭江,1
3072,綠頭江鴨,1
3073,頭江鴨眠,1
3074,江鴨眠沙,1
3075,鴨眠沙草,1
3076,眠沙草朱,1
3077,沙草朱雀,1
3078,草朱雀航,1
3079,朱雀航南,1
3080,雀航南繞,1
3081,航南繞香,1
3082,南繞香陌,1
3083,繞香陌謝,1
3084,香陌謝郎,1
3085,陌謝郎東,1
3086,謝郎東墅,1
3087,郎東墅連,1
3088,東墅連春,1
3089,墅連春碧,1
3090,連春碧鳩,1
3091,春碧鳩眠,1
3092,碧鳩眠高,1
3093,鳩眠高柳,1
3094,眠高柳日,1
3095,高柳日方,1
3096,柳日方融,1
3097,日方融綺,1
3098,方融綺榭,1
3099,融綺榭飄,1
3100,綺榭飄颻,1
3101,榭飄颻紫,1
3102,飄颻紫庭,1
3103,颻紫庭客,1
3104,紫庭客文,1
3105,庭客文楸,1
3106,客文楸方,1
3107,文楸方罫,1
3108,楸方罫花,1
3109,方罫花參,1
3110,罫花參差,1
3111,花參差心,1
3112,參差心陣,1
3113,差心陣未,1
3114,心陣未成,1
3115,陣未成星,1
3116,未成星滿,1
3117,成星滿池,1
3118,星滿池四,1
3119,滿池四座,1
3120,池四座無,1
3121,四座無喧,1
3122,座無喧梧,1
3123,無喧梧竹,1
3124,喧梧竹靜,1
3125,梧竹靜金,1
3126,竹靜金蟬,1
3127,靜金蟬玉,1
3128,金蟬玉柄,1
3129,蟬玉柄俱,1
3130,玉柄俱持,1
3131,柄俱持頤,1
3132,俱持頤對,1
3133,持頤對局,1
3134,頤對局含,1
3135,對局含情,1
3136,局含情見,1
3137,含情見千,1
3138,情見千里,1
3139,見千里都,1
3140,千里都城,1
3141,里都城已,1
3142,都城已得,1
3143,城已得長,1
3144,已得長蛇,1
3145,得長蛇尾,1
3146,長蛇尾江,1
3147,蛇尾江南,1
3148,尾江南王,1
3149,江南王氣,1
3150,南王氣系,1
3151,王氣系疏,1
3152,氣系疏襟,1
3153,系疏襟未,1
3154,疏襟未許,1
3155,襟未許苻,1
3156,未許苻堅,1
3157,許苻堅過,1
3158,苻堅過淮,1
3159,堅過淮水,1
3160,過淮水朝,1
3161,淮水朝罩,1
3162,水朝罩罩,1
3163,朝罩罩城,1
3164,罩罩城南,1
3165,罩城南暮,1
3166,城南暮罩,1
3167,南暮罩罩,1
3168,暮罩罩城,1
3169,罩罩城西,1
3170,罩城西兩,1
3171,城西兩漿,1
3172,西兩漿鳴,1
3173,兩漿鳴幽,1
3174,漿鳴幽幽,1
3175,鳴幽幽蓮,1
3176,幽幽蓮子,1
3177,幽蓮子相,1
3178,蓮子相高,1
3179,子相高低,1
3180,相高低持,1
3181,高低持罩,1
3182,低持罩入,1
3183,持罩入深,1
3184,罩入深水,1
3185,入深水金,1
3186,深水金鱗,1
3187,水金鱗大,1
3188,金鱗大如,1
3189,鱗大如手,1
3190,大如手魚,1
3191,如手魚尾,1
3192,手魚尾迸,1
3193,魚尾迸圓,1
3194,尾迸圓波,1
3195,迸圓波千,1
3196,圓波千珠,1
3197,波千珠落,1
3198,千珠落湘,1
3199,珠落湘藕,1
3200,落湘藕風,1
3201,湘藕風颸,1
3202,藕風颸颸,1
3203,風颸颸雨,1
3204,颸颸雨離,1
3205,颸雨離離,1
3206,雨離離菱,1
3207,離離菱尖,1
3208,離菱尖茭,1
3209,菱尖茭刺,1
3210,尖茭刺鸂,1
3211,茭刺鸂鶒,1
3212,刺鸂鶒飛,1
3213,鸂鶒飛水,1
3214,鶒飛水連,1
3215,飛水連網,1
3216,水連網眼,1
3217,連網眼白,1
3218,網眼白如,1
3219,眼白如影,1
3220,白如影淅,1
3221,如影淅瀝,1
3222,影淅瀝篷,1
3223,淅瀝篷聲,1
3224,瀝篷聲寒,1
3225,篷聲寒點,1
3226,聲寒點微,1
3227,寒點微楚,1
3228,點微楚岸,1
3229,微楚岸有,1
3230,楚岸有花,1
3231,岸有花花,1
3232,有花花蓋,1
3233,花花蓋屋,1
3234,花蓋屋金,1
3235,蓋屋金塘,1
3236,屋金塘柳,1
3237,金塘柳色,1
3238,塘柳色前,1
3239,柳色前溪,1
3240,色前溪曲,1
3241,前溪曲悠,1
3242,溪曲悠溶,1
3243,曲悠溶杳,1
3244,悠溶杳若,1
3245,溶杳若去,1
3246,杳若去無,1
3247,若去無窮,1
3248,去無窮五,1
3249,無窮五色,1
3250,窮五色澄,1
3251,五色澄潭,1
3252,色澄潭鴨,1
3253,澄潭鴨頭,1
3254,潭鴨頭綠,1
3255,鴨頭綠韶,1
3256,頭綠韶光,1
3257,綠韶光染,1
3258,韶光染色,1
3259,光染色如,1
3260,染色如蛾,1
3261,色如蛾翠,1
3262,如蛾翠綠,1
3263,蛾翠綠濕,1
3264,翠綠濕紅,1
3265,綠濕紅鮮,1
3266,濕紅鮮水,1
3267,紅鮮水容,1
3268,鮮水容媚,1
3269,水容媚蘇,1
3270,容媚蘇小,1
3271,媚蘇小慵,1
3272,蘇小慵多,1
3273,小慵多蘭,1
3274,慵多蘭渚,1
3275,多蘭渚閑,1
3276,蘭渚閑融,1
3277,渚閑融融,1
3278,閑融融浦,1
3279,融融浦日,1
3280,融浦日鵁,1
3281,浦日鵁鶄,1
3282,日鵁鶄寐,1
3283,鵁鶄寐紫,1
3284,鶄寐紫騮,1
3285,寐紫騮蹀,1
3286,紫騮蹀躞,1
3287,騮蹀躞金,1
3288,蹀躞金銜,1
3289,躞金銜嘶,1
3290,金銜嘶岸,1
3291,銜嘶岸上,1
3292,嘶岸上揚,1
3293,岸上揚鞭,1
3294,上揚鞭煙,1
3295,揚鞭煙草,1
3296,鞭煙草迷,1
3297,煙草迷門,1
3298,草迷門外,1
3299,迷門外平,1
3300,門外平橋,1
3301,外平橋連,1
3302,平橋連柳,1
3303,橋連柳堤,1
3304,連柳堤歸,1
3305,柳堤歸來,1
3306,堤歸來晚,1
3307,歸來晚樹,1
3308,來晚樹黃,1
3309,晚樹黃鶯,1
3310,樹黃鶯啼,1
3311,黃鶯啼司,1
3312,鶯啼司馬,1
3313,啼司馬門,1
3314,司馬門前,1
3315,馬門前火,1
3316,門前火千,1
3317,前火千炬,1
3318,火千炬闌,1
3319,千炬闌幹,1
3320,炬闌幹星,1
3321,闌幹星斗,1
3322,幹星斗天,1
3323,星斗天將,1
3324,斗天將曙,1
3325,天將曙朱,1
3326,將曙朱網,1
3327,曙朱網龕,1
3328,朱網龕鬖,1
3329,網龕鬖丞,1
3330,龕鬖丞相,1
3331,鬖丞相車,1
3332,丞相車曉,1
3333,相車曉隨,1
3334,車曉隨疊,1
3335,曉隨疊鼓,1
3336,隨疊鼓朝,1
3337,疊鼓朝天,1
3338,鼓朝天去,1
3339,朝天去博,1
3340,天去博山,1
3341,去博山鏡,1
3342,博山鏡樹,1
3343,山鏡樹香,1
3344,鏡樹香茸,1
3345,樹香茸嫋,1
3346,香茸嫋嫋,1
3347,茸嫋嫋浮,1
3348,嫋嫋浮航,1
3349,嫋浮航金,1
3350,浮航金畫,1
3351,航金畫龍,1
3352,金畫龍大,1
3353,畫龍大江,1
3354,龍大江斂,1
3355,大江斂勢,1
3356,江斂勢避,1
3357,斂勢避辰,1
3358,勢避辰極,1
3359,避辰極兩,1
3360,辰極兩闕,1
3361,極兩闕深,1
3362,兩闕深嚴,1
3363,闕深嚴煙,1
3364,深嚴煙翠,1
3365,嚴煙翠濃,1
3366,煙翠濃春,1
3367,翠濃春姿,1
3368,濃春姿暖,1
3369,春姿暖氣,1
3370,姿暖氣昏,1
3371,暖氣昏神,1
3372,氣昏神沼,1
3373,昏神沼李,1
3374,神沼李樹,1
3375,沼李樹拳,1
3376,李樹拳枝,1
3377,樹拳枝紫,1
3378,拳枝紫芽,1
3379,枝紫芽小,1
3380,紫芽小玉,1
3381,芽小玉皇,1
3382,小玉皇夜,1
3383,玉皇夜入,1
3384,皇夜入未,1
3385,夜入未央,1
3386,入未央宮,1
3387,未央宮長,1
3388,央宮長火,1
3389,宮長火千,1
3390,長火千條,1
3391,火千條照,1
3392,千條照棲,1
3393,條照棲鳥,1
3394,照棲鳥馬,1
3395,棲鳥馬過,1
3396,鳥馬過平,1
3397,馬過平橋,1
3398,過平橋通,1
3399,平橋通畫,1
3400,橋通畫堂,1
3401,通畫堂虎,1
3402,畫堂虎幡,1
3403,堂虎幡龍,1
3404,虎幡龍戟,1
3405,幡龍戟風,1
3406,龍戟風飄,1
3407,戟風飄揚,1
3408,風飄揚簾,1
3409,飄揚簾間,1
3410,揚簾間清,1
3411,簾間清唱,1
3412,間清唱報,1
3413,清唱報寒,1
3414,唱報寒點,1
3415,報寒點丙,1
3416,寒點丙舍,1
3417,點丙舍無,1
3418,丙舍無人,1
3419,舍無人遺,1
3420,無人遺燼,1
3421,人遺燼香,1
3422,遺燼香搗,1
3423,燼香搗麝,1
3424,香搗麝成,1
3425,搗麝成塵,1
3426,麝成塵香,1
3427,成塵香不,1
3428,塵香不滅,1
3429,香不滅拗,1
3430,不滅拗蓮,1
3431,滅拗蓮作,1
3432,拗蓮作寸,1
3433,蓮作寸絲,1
3434,作寸絲難,1
3435,寸絲難絕,1
3436,絲難絕紅,1
3437,難絕紅淚,1
3438,絕紅淚文,1
3439,紅淚文姬,1
3440,淚文姬洛,1
3441,文姬洛水,1
3442,姬洛水春,1
3443,洛水春白,1
3444,水春白頭,1
3445,春白頭蘇,1
3446,白頭蘇武,1
3447,頭蘇武天,1
3448,蘇武天山,1
3449,武天山雪,1
3450,天山雪君,1
3451,山雪君不,1
3452,雪君不見,1
3453,君不見無,1
3454,不見無愁,1
3455,見無愁高,1
3456,無愁高緯,1
3457,愁高緯花,1
3458,高緯花漫,1
3459,緯花漫漫,1
3460,花漫漫漳,1
3461,漫漫漳浦,1
3462,漫漳浦宴,1
3463,漳浦宴餘,1
3464,浦宴餘清,1
3465,宴餘清露,1
3466,餘清露寒,1
3467,清露寒一,1
3468,露寒一旦,1
3469,寒一旦臣,1
3470,一旦臣僚,1
3471,旦臣僚共,1
3472,臣僚共囚,1
3473,僚共囚虜,1
3474,共囚虜欲,1
3475,囚虜欲吹,1
3476,虜欲吹羌,1
3477,欲吹羌管,1
3478,吹羌管先,1
3479,羌管先汍,1
3480,管先汍瀾,1
3481,先汍瀾舊,1
3482,汍瀾舊臣,1
3483,瀾舊臣頭,1
3484,舊臣頭鬢,1
3485,臣頭鬢霜,1
3486,頭鬢霜華,1
3487,鬢霜華早,1
3488,霜華早可,1
3489,華早可惜,1
3490,早可惜雄,1
3491,可惜雄心,1
3492,惜雄心醉,1
3493,雄心醉中,1
3494,心醉中老,1
3495,醉中老萬,1
3496,中老萬古,1
3497,老萬古春,1
3498,萬古春歸,1
3499,古春歸夢,1
3500,春歸夢不,1
3501,歸夢不歸,1
3502,夢不歸鄴,1
3503,不歸鄴城,1
3504,歸鄴城風,1
3505,鄴城風雨,1
3506,城風雨連,1
3507,風雨連天,1
3508,雨連天草,1
3509,連天草雲,1
3510,天草雲母,1
3511,草雲母空,1
3512,雲母空窗,1
3513,母空窗曉,1
3514,空窗曉煙,1
3515,窗曉煙薄,1
3516,曉煙薄香,1
3517,煙薄香昏,1
3518,薄香昏龍,1
3519,香昏龍氣,1
3520,昏龍氣凝,1
3521,龍氣凝暉,1
3522,氣凝暉閣,1
3523,凝暉閣霏,1
3524,暉閣霏霏,1
3525,閣霏霏霧,1
3526,霏霏霧雨,1
3527,霏霧雨杏,1
3528,霧雨杏花,1
3529,雨杏花天,1
3530,杏花天簾,1
3531,花天簾外,1
3532,天簾外春,1
3533,簾外春威,1
3534,外春威著,1
3535,春威著羅,1
3536,威著羅幕,1
3537,著羅幕曲,1
3538,羅幕曲闌,1
3539,幕曲闌伏,1
3540,曲闌伏檻,1
3541,闌伏檻金,1
3542,伏檻金麒,1
3543,檻金麒麟,1
3544,金麒麟沙,1
3545,麒麟沙苑,1
3546,麟沙苑芳,1
3547,沙苑芳郊,1
3548,苑芳郊連,1
3549,芳郊連翠,1
3550,郊連翠茵,1
3551,連翠茵廄,1
3552,翠茵廄馬,1
3553,茵廄馬何,1
3554,隨流塵湘,1
3555,流塵湘東,1
3556,塵湘東夜,1
3557,湘東夜宴,1
3558,東夜宴金,1
3559,夜宴金貂,1
3560,宴金貂人,1
3561,金貂人楚,1
3562,貂人楚女,1
3563,人楚女含,1
3564,楚女含情,1
3565,女含情嬌,1
3566,含情嬌翠,1
3567,情嬌翠嚬,1
3568,嬌翠嚬玉,1
3569,翠嚬玉管,1
3570,嚬玉管將,1
3571,玉管將吹,1
3572,管將吹插,1
3573,將吹插鈿,1
3574,吹插鈿帶,1
3575,插鈿帶錦,1
3576,鈿帶錦囊,1
3577,帶錦囊斜,1
3578,錦囊斜拂,1
3579,囊斜拂雙,1
3580,斜拂雙麒,1
3581,拂雙麒麟,1
3582,雙麒麟重,1
3583,麒麟重城,1
3584,麟重城漏,1
3585,重城漏斷,1
3586,城漏斷孤,1
3587,漏斷孤帆,1
3588,斷孤帆去,1
3589,孤帆去唯,1
3590,帆去唯恐,1
3591,去唯恐瓊,1
3592,唯恐瓊簽,1
3593,恐瓊簽報,1
3594,瓊簽報天,1
3595,簽報天曙,1
3596,報天曙萬,1
3597,天曙萬戶,1
3598,曙萬戶沉,1
3599,萬戶沉沉,1
3600,戶沉沉碧,1
3601,沉沉碧樹,1
3602,沉碧樹圓,1
3603,碧樹圓雲,1
3604,樹圓雲飛,1
3605,圓雲飛雨,1
3606,雲飛雨散,1
3607,飛雨散知,1
3608,雨散知何,1
3609,散知何處,1
3610,知何處欲,1
3611,何處欲上,1
3612,處欲上香,1
3613,欲上香車,1
3614,上香車俱,1
3615,香車俱脈,1
3616,車俱脈脈,1
3617,俱脈脈清,1
3618,脈脈清歌,1
3619,脈清歌響,1
3620,清歌響斷,1
3621,歌響斷銀,1
3622,響斷銀屏,1
3623,斷銀屏隔,1
3624,銀屏隔堤,1
3625,屏隔堤外,1
3626,隔堤外紅,1
3627,堤外紅塵,1
3628,外紅塵蠟,1
3629,紅塵蠟炬,1
3630,塵蠟炬歸,1
3631,蠟炬歸樓,1
3632,炬歸樓前,1
3633,歸樓前澹,1
3634,樓前澹月,1
3635,前澹月連,1
3636,澹月連江,1
3637,月連江白,1
3638,連江白鬥,1
3639,江白鬥雞,1
3640,白鬥雞台,1
3641,鬥雞台下,1
3642,雞台下東,1
3643,台下東西,1
3644,下東西道,1
3645,東西道柳,1
3646,西道柳覆,1
3647,道柳覆班,1
3648,柳覆班騅,1
3649,覆班騅蝶,1
3650,班騅蝶縈,1
3651,騅蝶縈草,1
3652,蝶縈草坱,1
3653,縈草坱靄,1
3654,草坱靄韶,1
3655,坱靄韶容,1
3656,靄韶容鎖,1
3657,韶容鎖澹,1
3658,容鎖澹愁,1
3659,鎖澹愁青,1
3660,澹愁青筐,1
3661,愁青筐葉,1
3662,青筐葉盡,1
3663,筐葉盡蠶,1
3664,葉盡蠶應,1
3665,盡蠶應老,1
3666,蠶應老綠,1
3667,應老綠渚,1
3668,老綠渚幽,1
3669,綠渚幽香,1
3670,渚幽香生,1
3671,幽香生白,1
3672,香生白蘋,1
3673,生白蘋差,1
3674,白蘋差差,1
3675,蘋差差小,1
3676,差差小浪,1
3677,差小浪吹,1
3678,小浪吹魚,1
3679,浪吹魚鱗,1
3680,吹魚鱗王,1
3681,魚鱗王孫,1
3682,鱗王孫騎,1
3683,王孫騎馬,1
3684,孫騎馬有,1
3685,騎馬有歸,1
3686,馬有歸意,1
3687,有歸意林,1
3688,歸意林彩,1
3689,意林彩著,1
3690,林彩著空,1
3691,彩著空如,1
3692,著空如細,1
3693,空如細塵,1
3694,如細塵安,1
3695,細塵安得,1
3696,塵安得人,1
3697,安得人生,1
3698,得人生各,1
3699,人生各相,1
3700,生各相守,1
3701,各相守燒,1
3702,相守燒船,1
3703,守燒船破,1
3704,燒船破棧,1
3705,船破棧休,1
3706,破棧休馳,1
3707,棧休馳走,1
3708,休馳走世,1
3709,馳走世上,1
3710,走世上方,1
3711,世上方應,1
3712,上方應無,1
3713,方應無別,1
3714,應無別離,1
3715,無別離路,1
3716,別離路傍,1
3717,離路傍更,1
3718,路傍更長,1
3719,傍更長千,1
3720,更長千株,1
3721,長千株柳,1
3722,千株柳水,1
3723,株柳水客,1
3724,柳水客夜,1
3725,水客夜騎,1
3726,客夜騎紅,1
3727,夜騎紅鯉,1
3728,騎紅鯉魚,1
3729,紅鯉魚赤,1
3730,鯉魚赤鸞,1
3731,魚赤鸞雙,1
3732,赤鸞雙鶴,1
3733,鸞雙鶴蓬,1
3734,雙鶴蓬瀛,1
3735,鶴蓬瀛書,1
3736,蓬瀛書輕,1
3737,瀛書輕塵,1
3738,書輕塵不,1
3739,輕塵不起,1
3740,塵不起雨,1
3741,不起雨新,1
3742,起雨新霽,1
3743,雨新霽萬,1
3744,新霽萬里,1
3745,霽萬里孤,1
3746,萬里孤光,1
3747,里孤光含,1
3748,孤光含碧,1
3749,光含碧虛,1
3750,含碧虛露,1
3751,碧虛露魄,1
3752,虛露魄冠,1
3753,露魄冠輕,1
3754,魄冠輕見,1
3755,冠輕見雲,1
3756,輕見雲發,1
3757,見雲發寒,1
3758,雲發寒絲,1
3759,發寒絲七,1
3760,寒絲七炷,1
3761,絲七炷香,1
3762,七炷香泉,1
3763,炷香泉咽,1
3764,香泉咽夜,1
3765,泉咽夜深,1
3766,咽夜深天,1
3767,夜深天碧,1
3768,深天碧亂,1
3769,天碧亂山,1
3770,碧亂山姿,1
3771,亂山姿光,1
3772,山姿光碎,1
3773,姿光碎平,1
3774,光碎平波,1
3775,碎平波滿,1
3776,平波滿船,1
3777,波滿船月,1
3778,滿船月錦,1
3779,船月錦礫,1
3780,月錦礫潺,1
3781,錦礫潺湲,1
3782,礫潺湲玉,1
3783,潺湲玉溪,1
3784,湲玉溪水,1
3785,玉溪水曉,1
3786,溪水曉來,1
3787,水曉來微,1
3788,曉來微雨,1
3789,來微雨藤,1
3790,微雨藤花,1
3791,雨藤花紫,1
3792,藤花紫冉,1
3793,花紫冉冉,1
3794,紫冉冉山,1
3795,冉冉山雞,1
3796,冉山雞紅,1
3797,山雞紅尾,1
3798,雞紅尾長,1
3799,紅尾長一,1
3800,尾長一聲,1
3801,長一聲樵,1
3802,一聲樵斧,1
3803,聲樵斧驚,1
3804,樵斧驚飛,1
3805,斧驚飛起,1
3806,驚飛起松,1
3807,飛起松刺,1
3808,起松刺梳,1
3809,松刺梳空,1
3810,刺梳空石,1
3811,梳空石差,1
3812,空石差齒,1
3813,石差齒煙,1
3814,差齒煙香,1
3815,齒煙香風,1
3816,煙香風軟,1
3817,香風軟人,1
3818,風軟人參,1
3819,軟人參蕊,1
3820,人參蕊陽,1
3821,參蕊陽崖,1
3822,蕊陽崖一,1
3823,陽崖一夢,1
3824,崖一夢伴,1
3825,一夢伴雲,1
3826,夢伴雲根,1
3827,伴雲根仙,1
3828,雲根仙菌,1
3829,根仙菌靈,1
3830,仙菌靈芝,1
3831,菌靈芝夢,1
3832,靈芝夢魂,1
3833,芝夢魂裏,1
3834,夢魂裏丙,1
3835,魂裏丙寅,1
3836,裏丙寅歲,1
3837,丙寅歲休,1
3838,寅歲休牛,1
3839,歲休牛馬,1
3840,休牛馬風,1
3841,牛馬風如,1
3842,馬風如吹,1
3843,風如吹煙,1
3844,如吹煙日,1
3845,吹煙日如,1
3846,煙日如渥,1
3847,日如渥赭,1
3848,如渥赭九,1
3849,渥赭九重,1
3850,赭九重天,1
3851,九重天子,1
3852,重天子調,1
3853,天子調天,1
3854,子調天下,1
3855,調天下春,1
3856,天下春綠,1
3857,下春綠將,1
3858,春綠將年,1
3859,綠將年到,1
3860,將年到西,1
3861,年到西野,1
3862,到西野西,1
3863,西野西野,1
3864,野西野翁,1
3865,西野翁生,1
3866,野翁生兒,1
3867,翁生兒童,1
3868,生兒童門,1
3869,兒童門前,1
3870,童門前好,1
3871,門前好樹,1
3872,前好樹青,1
3873,好樹青茸,1
3874,樹青茸茸,1
3875,青茸茸單,1
3876,茸茸單衣,1
3877,茸單衣麥,1
3878,單衣麥田,1
3879,衣麥田路,1
3880,麥田路村,1
3881,田路村南,1
3882,路村南娶,1
3883,村南娶婦,1
3884,南娶婦桃,1
3885,娶婦桃花,1
3886,婦桃花紅,1
3887,桃花紅新,1
3888,花紅新姑,1
3889,紅新姑車,1
3890,新姑車右,1
3891,姑車右及,1
3892,車右及門,1
3893,右及門柱,1
3894,及門柱粉,1
3895,門柱粉項,1
3896,柱粉項韓,1
3897,粉項韓憑,1
3898,項韓憑雙,1
3899,韓憑雙扇,1
3900,憑雙扇中,1
3901,雙扇中喜,1
3902,扇中喜氣,1
3903,中喜氣自,1
3904,喜氣自能,1
3905,氣自能成,1
3906,自能成歲,1
3907,能成歲豐,1
3908,成歲豐農,1
3909,歲豐農祥,1
3910,豐農祥爾,1
3911,農祥爾物,1
3912,祥爾物來,1
3913,爾物來爭,1
3914,物來爭功,1
3915,來爭功左,1
3916,爭功左亦,1
3917,功左亦不,1
3918,左亦不碌,1
3919,不碌碌右,1
3920,碌碌右亦,1
3921,碌右亦不,1
3922,右亦不碌,1
3923,不碌碌野,1
3924,碌碌野草,1
3925,碌野草自,1
3926,野草自根,1
3927,草自根肥,1
3928,自根肥羸,1
3929,根肥羸牛,1
3930,肥羸牛生,1
3931,羸牛生健,1
3932,牛生健犢,1
3933,生健犢融,1
3934,健犢融蠟,1
3935,犢融蠟作,1
3936,融蠟作杏,1
3937,蠟作杏蒂,1
3938,作杏蒂男,1
3939,杏蒂男兒,1
3940,蒂男兒不,1
3941,男兒不戀,1
3942,兒不戀家,1
3943,不戀家春,1
3944,戀家春風,1
3945,家春風破,1
3946,春風破紅,1
3947,風破紅意,1
3948,破紅意女,1
3949,紅意女頰,1
3950,意女頰如,1
3951,女頰如桃,1
3952,頰如桃花,1
3953,如桃花忠,1
3954,桃花忠言,1
3955,花忠言未,1
3956,忠言未見,1
3957,言未見信,1
3958,未見信巧,1
3959,見信巧語,1
3960,信巧語翻,1
3961,巧語翻咨,1
3962,語翻咨嗟,1
3963,翻咨嗟一,1
3964,咨嗟一鞘,1
3965,嗟一鞘無,1
3966,一鞘無兩,1
3967,鞘無兩刃,1
3968,無兩刃徒,1
3969,兩刃徒勞,1
3970,刃徒勞油,1
3971,徒勞油壁,1
3972,勞油壁車,1
3973,油壁車草,1
3974,壁車草淺,1
3975,車草淺淺,1
3976,草淺淺春,1
3977,淺淺春如,1
3978,淺春如剪,1
3979,春如剪花,1
3980,如剪花壓,1
3981,剪花壓李,1
3982,花壓李娘,1
3983,壓李娘愁,1
3984,李娘愁饑,1
3985,娘愁饑蠶,1
3986,愁饑蠶欲,1
3987,饑蠶欲成,1
3988,蠶欲成繭,1
3989,欲成繭東,1
3990,成繭東城,1
3991,繭東城年,1
3992,東城年少,1
3993,城年少氣,1
3994,年少氣堂,1
3995,少氣堂堂,1
3996,氣堂堂金,1
3997,堂堂金丸,1
3998,堂金丸驚,1
3999,金丸驚起,1
4000,丸驚起雙,1
4001,驚起雙鴛,1
4002,起雙鴛鴦,1
4003,雙鴛鴦含,1
4004,鴛鴦含羞,1
4005,鴦含羞更,1
4006,含羞更問,1
4007,羞更問衛,1
4008,更問衛公,1
4009,問衛公子,1
4010,衛公子月,1
4011,公子月到,1
4012,子月到枕,1
4013,月到枕前,1
4014,到枕前春,1
4015,枕前春夢,1
4016,前春夢長,1
4017,春夢長簷,1
4018,夢長簷柳,1
4019,長簷柳初,1
4020,簷柳初黃,1
4021,柳初黃燕,1
4022,初黃燕新,1
4023,黃燕新乳,1
4024,燕新乳曉,1
4025,新乳曉碧,1
4026,乳曉碧芊,1
4027,曉碧芊綿,1
4028,碧芊綿過,1
4029,芊綿過微,1
4030,綿過微雨,1
4031,過微雨樹,1
4032,微雨樹色,1
4033,雨樹色深,1
4034,樹色深含,1
4035,色深含台,1
4036,深含台榭,1
4037,含台榭情,1
4038,台榭情鶯,1
4039,榭情鶯聲,1
4040,情鶯聲巧,1
4041,鶯聲巧作,1
4042,聲巧作煙,1
4043,巧作煙花,1
4044,作煙花主,1
4045,煙花主錦,1
4046,花主錦袍,1
4047,主錦袍公,1
4048,錦袍公子,1
4049,袍公子陳,1
4050,公子陳杯,1
4051,子陳杯觴,1
4052,陳杯觴撥,1
4053,杯觴撥醅,1
4054,觴撥醅百,1
4055,撥醅百甕,1
4056,醅百甕春,1
4057,百甕春酒,1
4058,甕春酒香,1
4059,春酒香入,1
4060,酒香入門,1
4061,香入門下,1
4062,入門下馬,1
4063,門下馬問,1
4064,下馬問誰,1
4065,馬問誰在,1
4066,問誰在降,1
4067,誰在降階,1
4068,在降階握,1
4069,降階握手,1
4070,階握手登,1
4071,握手登華,1
4072,手登華堂,1
4073,登華堂臨,1
4074,華堂臨邛,1
4075,堂臨邛美,1
4076,臨邛美人,1
4077,邛美人連,1
4078,美人連山,1
4079,人連山眉,1
4080,連山眉低,1
4081,山眉低抱,1
4082,眉低抱琵,1
4083,低抱琵琶,1
4084,抱琵琶含,1
4085,琵琶含怨,1
4086,琶含怨思,1
4087,含怨思朔,1
4088,怨思朔風,1
4089,思朔風繞,1
4090,朔風繞指,1
4091,風繞指我,1
4092,繞指我先,1
4093,指我先笑,1
4094,我先笑明,1
4095,先笑明月,1
4096,笑明月入,1
4097,明月入懷,1
4098,月入懷君,1
4099,入懷君自,1
4100,懷君自知,1
4101,君自知勸,1
4102,自知勸君,1
4103,知勸君莫,1
4104,勸君莫惜,1
4105,君莫惜金,1
4106,莫惜金樽,1
4107,惜金樽酒,1
4108,金樽酒年,1
4109,樽酒年少,1
4110,酒年少須,1
4111,年少須臾,1
4112,少須臾如,1
4113,須臾如覆,1
4114,臾如覆手,1
4115,如覆手辛,1
4116,覆手辛勤,1
4117,手辛勤到,1
4118,辛勤到老,1
4119,勤到老慕,1
4120,到老慕簞,1
4121,老慕簞瓢,1
4122,慕簞瓢於,1
4123,簞瓢於我,1
4124,瓢於我悠,1
4125,於我悠悠,1
4126,我悠悠竟,1
4127,悠悠竟何,1
4128,悠竟何有,1
4129,竟何有洛,1
4130,何有洛陽,1
4131,有洛陽盧,1
4132,洛陽盧仝,1
4133,陽盧仝稱,1
4134,盧仝稱文,1
4135,仝稱文房,1
4136,稱文房妻,1
4137,文房妻子,1
4138,房妻子腳,1
4139,妻子腳禿,1
4140,子腳禿舂,1
4141,腳禿舂黃,1
4142,禿舂黃糧,1
4143,舂黃糧阿,1
4144,黃糧阿耋,1
4145,糧阿耋光,1
4146,阿耋光顏,1
4147,耋光顏不,1
4148,光顏不識,1
4149,顏不識字,1
4150,不識字指,1
4151,識字指麾,1
4152,字指麾豪,1
4153,指麾豪俊,1
4154,麾豪俊如,1
4155,豪俊如驅,1
4156,俊如驅羊,1
4157,如驅羊天,1
4158,驅羊天犀,1
4159,羊天犀壓,1
4160,天犀壓斷,1
4161,犀壓斷朱,1
4162,壓斷朱鼴,1
4163,斷朱鼴鼠,1
4164,朱鼴鼠瑞,1
4165,鼴鼠瑞錦,1
4166,鼠瑞錦驚,1
4167,瑞錦驚飛,1
4168,錦驚飛金,1
4169,驚飛金鳳,1
4170,飛金鳳凰,1
4171,金鳳凰其,1
4172,鳳凰其餘,1
4173,凰其餘豈,1
4174,其餘豈足,1
4175,餘豈足沾,1
4176,豈足沾牙,1
4177,足沾牙齒,1
4178,沾牙齒欲,1
4179,牙齒欲用,1
4180,齒欲用何,1
4181,欲用何能,1
4182,用何能報,1
4183,何能報天,1
4184,能報天子,1
4185,報天子駑,1
4186,天子駑馬,1
4187,子駑馬垂,1
4188,駑馬垂頭,1
4189,馬垂頭搶,1
4190,垂頭搶暝,1
4191,頭搶暝塵,1
4192,搶暝塵驊,1
4193,暝塵驊騮,1
4194,塵驊騮一,1
4195,驊騮一日,1
4196,騮一日行,1
4197,一日行千,1
4198,日行千里,1
4199,行千里但,1
4200,千里但有,1
4201,里但有沉,1
4202,但有沉冥,1
4203,有沉冥醉,1
4204,沉冥醉客,1
4205,冥醉客家,1
4206,醉客家支,1
4207,客家支頤,1
4208,家支頤瞪,1
4209,支頤瞪目,1
4210,頤瞪目持,1
4211,瞪目持流,1
4212,目持流霞,1
4213,持流霞唯,1
4214,流霞唯恐,1
4215,霞唯恐南,1
4216,唯恐南國,1
4217,恐南國風,1
4218,南國風雨,1
4219,國風雨落,1
4220,風雨落碧,1
4221,雨落碧蕪,1
4222,落碧蕪狼,1
4223,碧蕪狼藉,1
4224,蕪狼藉棠,1
4225,狼藉棠梨,1
4226,藉棠梨花,1
4227,棠梨花妾,1
4228,梨花妾家,1
4229,花妾家白,1
4230,妾家白蘋,1
4231,家白蘋浦,1
4232,白蘋浦日,1
4233,蘋浦日上,1
4234,浦日上芙,1
4235,日上芙蓉,1
4236,上芙蓉楫,1
4237,芙蓉楫軋,1
4238,蓉楫軋軋,1
4239,楫軋軋搖,1
4240,軋軋搖槳,1
4241,軋搖槳聲,1
4242,搖槳聲移,1
4243,槳聲移舟,1
4244,聲移舟入,1
4245,移舟入茭,1
4246,舟入茭葉,1
4247,入茭葉溪,1
4248,茭葉溪長,1
4249,葉溪長茭,1
4250,溪長茭葉,1
4251,長茭葉深,1
4252,茭葉深作,1
4253,葉深作底,1
4254,深作底難,1
4255,作底難相,1
4256,底難相尋,1
4257,難相尋避,1
4258,相尋避郎,1
4259,尋避郎郎,1
4260,避郎郎不,1
4261,郎郎不見,1
4262,郎不見鸂,1
4263,不見鸂鶒,1
4264,見鸂鶒自,1
4265,鸂鶒自浮,1
4266,鶒自浮沉,1
4267,自浮沉拾,1
4268,浮沉拾萍,1
4269,沉拾萍萍,1
4270,拾萍萍無,1
4271,萍萍無根,1
4272,萍無根採,1
4273,無根採蓮,1
4274,根採蓮蓮,1
4275,採蓮蓮有,1
4276,蓮蓮有子,1
4277,蓮有子不,1
4278,有子不作,1
4279,子不作浮,1
4280,不作浮萍,1
4281,作浮萍生,1
4282,浮萍生寧,1
4283,萍生寧為,1
4284,生寧為藕,1
4285,寧為藕花,1
4286,為藕花死,1
4287,藕花死岸,1
4288,花死岸傍,1
4289,死岸傍騎,1
4290,岸傍騎馬,1
4291,傍騎馬郎,1
4292,騎馬郎烏,1
4293,馬郎烏帽,1
4294,郎烏帽紫,1
4295,烏帽紫遊,1
4296,帽紫遊韁,1
4297,紫遊韁含,1
4298,遊韁含愁,1
4299,韁含愁複,1
4300,含愁複含,1
4301,愁複含笑,1
4302,複含笑回,1
4303,含笑回首,1
4304,笑回首問,1
4305,回首問橫,1
4306,首問橫塘,1
4307,問橫塘妾,1
4308,橫塘妾住,1
4309,塘妾住金,1
4310,妾住金陵,1
4311,住金陵浦,1
4312,金陵浦門,1
4313,陵浦門前,1
4314,浦門前朱,1
4315,門前朱雀,1
4316,前朱雀航,1
4317,朱雀航流,1
4318,雀航流蘇,1
4319,航流蘇持,1
4320,流蘇持作,1
4321,蘇持作帳,1
4322,持作帳芙,1
4323,作帳芙蓉,1
4324,帳芙蓉持,1
4325,芙蓉持作,1
4326,蓉持作梁,1
4327,持作梁出,1
4328,作梁出入,1
4329,梁出入金,1
4330,出入金犢,1
4331,入金犢幰,1
4332,金犢幰兄,1
4333,犢幰兄弟,1
4334,幰兄弟侍,1
4335,兄弟侍中,1
4336,弟侍中郎,1
4337,侍中郎前,1
4338,中郎前年,1
4339,郎前年學,1
4340,前年學歌,1
4341,年學歌舞,1
4342,學歌舞定,1
4343,歌舞定得,1
4344,舞定得郎,1
4345,定得郎相,1
4346,得郎相許,1
4347,郎相許連,1
4348,相許連娟,1
4349,許連娟眉,1
4350,連娟眉繞,1
4351,娟眉繞山,1
4352,眉繞山依,1
4353,繞山依約,1
4354,山依約腰,1
4355,依約腰如,1
4356,約腰如杵,1
4357,腰如杵鳳,1
4358,如杵鳳管,1
4359,杵鳳管悲,1
4360,鳳管悲若,1
4361,管悲若咽,1
4362,悲若咽鸞,1
4363,若咽鸞弦,1
4364,咽鸞弦嬌,1
4365,鸞弦嬌欲,1
4366,弦嬌欲語,1
4367,嬌欲語扇,1
4368,欲語扇薄,1
4369,語扇薄露,1
4370,扇薄露紅,1
4371,薄露紅鉛,1
4372,露紅鉛羅,1
4373,紅鉛羅輕,1
4374,鉛羅輕壓,1
4375,羅輕壓金,1
4376,輕壓金縷,1
4377,壓金縷明,1
4378,金縷明月,1
4379,縷明月西,1
4380,明月西南,1
4381,月西南樓,1
4382,西南樓珠,1
4383,南樓珠簾,1
4384,樓珠簾玳,1
4385,珠簾玳瑁,1
4386,簾玳瑁鉤,1
4387,玳瑁鉤橫,1
4388,瑁鉤橫波,1
4389,鉤橫波巧,1
4390,橫波巧能,1
4391,波巧能笑,1
4392,巧能笑彎,1
4393,能笑彎蛾,1
4394,笑彎蛾不,1
4395,彎蛾不識,1
4396,蛾不識愁,1
4397,不識愁花,1
4398,識愁花開,1
4399,愁花開子,1
4400,花開子留,1
4401,開子留樹,1
4402,子留樹草,1
4403,留樹草長,1
4404,樹草長根,1
4405,草長根依,1
4406,長根依土,1
4407,根依土早,1
4408,依土早聞,1
4409,土早聞金,1
4410,早聞金溝,1
4411,聞金溝遠,1
4412,金溝遠底,1
4413,溝遠底事,1
4414,遠底事歸,1
4415,底事歸郎,1
4416,事歸郎許,1
4417,歸郎許不,1
4418,郎許不學,1
4419,許不學楊,1
4420,不學楊白,1
4421,學楊白花,1
4422,楊白花朝,1
4423,白花朝朝,1
4424,花朝朝淚,1
4425,朝朝淚如,1
4426,朝淚如雨,1
4427,淚如雨錢,1
4428,如雨錢唐,1
4429,雨錢唐岸,1
4430,錢唐岸上,1
4431,唐岸上春,1
4432,岸上春如,1
4433,上春如織,1
4434,春如織淼,1
4435,如織淼淼,1
4436,織淼淼寒,1
4437,淼淼寒潮,1
4438,淼寒潮帶,1
4439,寒潮帶晴,1
4440,潮帶晴色,1
4441,帶晴色淮,1
4442,晴色淮南,1
4443,色淮南遊,1
4444,淮南遊客,1
4445,南遊客馬,1
4446,遊客馬連,1
4447,客馬連嘶,1
4448,馬連嘶碧,1
4449,連嘶碧草,1
4450,嘶碧草迷,1
4451,碧草迷人,1
4452,草迷人歸,1
4453,迷人歸不,1
4454,人歸不得,1
4455,歸不得風,1
4456,不得風飄,1
4457,得風飄客,1
4458,風飄客意,1
4459,飄客意如,1
4460,客意如吹,1
4461,意如吹煙,1
4462,如吹煙纖,1
4463,吹煙纖指,1
4464,煙纖指殷,1
4465,纖指殷勤,1
4466,指殷勤傷,1
4467,殷勤傷雁,1
4468,勤傷雁弦,1
4469,傷雁弦一,1
4470,雁弦一曲,1
4471,弦一曲堂,1
4472,紅燭筵長,1
4473,燭筵長鯨,1
4474,筵長鯨瀉,1
4475,長鯨瀉酒,1
4476,如飛泉百,1
4477,飛泉百舌,1
4478,泉百舌問,1
4479,百舌問花,1
4480,舌問花花,1
4481,問花花不,1
4482,花花不語,1
4483,花不語低,1
4484,不語低回,1
4485,語低回似,1
4486,低回似恨,1
4487,回似恨橫,1
4488,似恨橫塘,1
4489,恨橫塘雨,1
4490,橫塘雨蜂,1
4491,塘雨蜂爭,1
4492,雨蜂爭粉,1
4493,蜂爭粉蕊,1
4494,爭粉蕊蝶,1
4495,粉蕊蝶分,1
4496,蕊蝶分香,1
4497,蝶分香不,1
4498,分香不似,1
4499,香不似垂,1
4500,不似垂楊,1
4501,似垂楊惜,1
4502,垂楊惜金,1
4503,楊惜金縷,1
4504,惜金縷願,1
4505,金縷願君,1
4506,縷願君留,1
4507,願君留得,1
4508,君留得長,1
4509,留得長妖,1
4510,得長妖韶,1
4511,長妖韶莫,1
4512,妖韶莫逐,1
4513,韶莫逐東,1
4514,莫逐東風,1
4515,逐東風還,1
4516,東風還蕩,1
4517,風還蕩搖,1
4518,還蕩搖秦,1
4519,蕩搖秦女,1
4520,搖秦女含,1
4521,秦女含嚬,1
4522,女含嚬向,1
4523,含嚬向煙,1
4524,嚬向煙月,1
4525,向煙月愁,1
4526,煙月愁紅,1
4527,月愁紅帶,1
4528,愁紅帶露,1
4529,紅帶露空,1
4530,帶露空迢,1
4531,露空迢迢,1
4532,空迢迢紅,1
4533,迢迢紅絲,1
4534,迢紅絲穿,1
4535,紅絲穿露,1
4536,絲穿露珠,1
4537,穿露珠簾,1
4538,露珠簾冷,1
4539,珠簾冷百,1
4540,簾冷百尺,1
4541,冷百尺啞,1
4542,百尺啞啞,1
4543,尺啞啞下,1
4544,啞啞下纖,1
4545,啞下纖綆,1
4546,下纖綆遠,1
4547,纖綆遠翠,1
4548,綆遠翠愁,1
4549,遠翠愁山,1
4550,翠愁山入,1
4551,愁山入臥,1
4552,山入臥屏,1
4553,入臥屏兩,1
4554,臥屏兩重,1
4555,屏兩重雲,1
4556,兩重雲母,1
4557,重雲母空,1
4558,雲母空烘,1
4559,母空烘影,1
4560,空烘影涼,1
4561,烘影涼簪,1
4562,影涼簪墜,1
4563,涼簪墜發,1
4564,簪墜發春,1
4565,墜發春眠,1
4566,發春眠重,1
4567,春眠重玉,1
4568,眠重玉兔,1
4569,重玉兔煴,1
4570,玉兔煴香,1
4571,兔煴香柳,1
4572,煴香柳如,1
4573,香柳如夢,1
4574,柳如夢錦,1
4575,如夢錦疊,1
4576,夢錦疊空,1
4577,錦疊空床,1
4578,疊空床委,1
4579,空床委墮,1
4580,床委墮紅,1
4581,委墮紅颸,1
4582,墮紅颸颸,1
4583,紅颸颸掃,1
4584,颸颸掃尾,1
4585,颸掃尾雙,1
4586,掃尾雙金,1
4587,尾雙金鳳,1
4588,雙金鳳蜂,1
4589,金鳳蜂喧,1
4590,鳳蜂喧蝶,1
4591,蜂喧蝶駐,1
4592,喧蝶駐俱,1
4593,蝶駐俱悠,1
4594,駐俱悠揚,1
4595,俱悠揚柳,1
4596,悠揚柳拂,1
4597,揚柳拂赤,1
4598,柳拂赤欄,1
4599,拂赤欄纖,1
4600,赤欄纖草,1
4601,欄纖草長,1
4602,纖草長覺,1
4603,草長覺後,1
4604,長覺後梨,1
4605,覺後梨花,1
4606,後梨花委,1
4607,梨花委平,1
4608,花委平綠,1
4609,委平綠春,1
4610,平綠春風,1
4611,綠春風和,1
4612,春風和雨,1
4613,風和雨吹,1
4614,和雨吹池,1
4615,雨吹池塘,1
4616,吹池塘買,1
4617,池塘買蓮,1
4618,塘買蓮莫,1
4619,買蓮莫破,1
4620,蓮莫破券,1
4621,莫破券買,1
4622,破券買酒,1
4623,券買酒莫,1
4624,買酒莫解,1
4625,酒莫解金,1
4626,莫解金酒,1
4627,解金酒裏,1
4628,金酒裏春,1
4629,酒裏春容,1
4630,裏春容抱,1
4631,春容抱離,1
4632,容抱離恨,1
4633,抱離恨水,1
4634,離恨水中,1
4635,恨水中蓮,1
4636,水中蓮子,1
4637,中蓮子懷,1
4638,蓮子懷芳,1
4639,子懷芳心,1
4640,懷芳心吳,1
4641,芳心吳宮,1
4642,心吳宮女,1
4643,吳宮女兒,1
4644,宮女兒腰,1
4645,女兒腰似,1
4646,兒腰似束,1
4647,腰似束家,1
4648,似束家在,1
4649,束家在錢,1
4650,家在錢唐,1
4651,在錢唐小,1
4652,錢唐小江,1
4653,唐小江曲,1
4654,小江曲一,1
4655,江曲一自,1
4656,曲一自檀,1
4657,年年綠玉,1
4658,年綠玉樹,1
4659,綠玉樹歌,1
4660,玉樹歌闌,1
4661,樹歌闌海,1
4662,歌闌海雲,1
4663,闌海雲黑,1
4664,海雲黑花,1
4665,雲黑花庭,1
4666,黑花庭忽,1
4667,花庭忽作,1
4668,庭忽作青,1
4669,忽作青蕪,1
4670,作青蕪國,1
4671,青蕪國秦,1
4672,蕪國秦淮,1
4673,國秦淮有,1
4674,秦淮有水,1
4675,淮有水水,1
4676,有水水無,1
4677,水水無情,1
4678,水無情還,1
4679,無情還向,1
4680,情還向金,1
4681,還向金陵,1
4682,向金陵漾,1
4683,金陵漾春,1
4684,陵漾春色,1
4685,漾春色楊,1
4686,春色楊家,1
4687,色楊家二,1
4688,楊家二世,1
4689,家二世安,1
4690,二世安九,1
4691,世安九重,1
4692,安九重不,1
4693,九重不禦,1
4694,重不禦華,1
4695,不禦華芝,1
4696,禦華芝嫌,1
4697,華芝嫌六,1
4698,芝嫌六龍,1
4699,嫌六龍百,1
4700,六龍百幅,1
4701,龍百幅錦,1
4702,百幅錦帆,1
4703,幅錦帆風,1
4704,錦帆風力,1
4705,帆風力滿,1
4706,風力滿連,1
4707,力滿連天,1
4708,滿連天展,1
4709,連天展盡,1
4710,天展盡金,1
4711,展盡金芙,1
4712,盡金芙蓉,1
4713,金芙蓉珠,1
4714,芙蓉珠翠,1
4715,蓉珠翠丁,1
4716,珠翠丁星,1
4717,翠丁星複,1
4718,丁星複明,1
4719,星複明滅,1
4720,複明滅龍,1
4721,明滅龍頭,1
4722,滅龍頭劈,1
4723,龍頭劈浪,1
4724,頭劈浪哀,1
4725,劈浪哀笳,1
4726,浪哀笳發,1
4727,哀笳發千,1
4728,笳發千里,1
4729,發千里涵,1
4730,千里涵空,1
4731,里涵空澄,1
4732,涵空澄水,1
4733,空澄水魂,1
4734,澄水魂萬,1
4735,水魂萬枝,1
4736,魂萬枝破,1
4737,萬枝破鼻,1
4738,枝破鼻飄,1
4739,破鼻飄香,1
4740,鼻飄香雪,1
4741,飄香雪漏,1
4742,香雪漏轉,1
4743,雪漏轉霞,1
4744,漏轉霞高,1
4745,轉霞高滄,1
4746,霞高滄海,1
4747,高滄海西,1
4748,滄海西頗,1
4749,海西頗黎,1
4750,西頗黎枕,1
4751,頗黎枕上,1
4752,黎枕上聞,1
4753,枕上聞天,1
4754,上聞天雞,1
4755,聞天雞蠻,1
4756,天雞蠻弦,1
4757,雞蠻弦代,1
4758,蠻弦代寫,1
4759,弦代寫曲,1
4760,代寫曲如,1
4761,寫曲如語,1
4762,曲如語一,1
4763,如語一醉,1
4764,語一醉昏,1
4765,一醉昏昏,1
4766,醉昏昏天,1
4767,昏昏天下,1
4768,昏天下迷,1
4769,天下迷四,1
4770,下迷四方,1
4771,迷四方傾,1
4772,四方傾動,1
4773,方傾動煙,1
4774,傾動煙塵,1
4775,動煙塵起,1
4776,煙塵起猶,1
4777,塵起猶在,1
4778,起猶在濃,1
4779,猶在濃香,1
4780,在濃香夢,1
4781,濃香夢魂,1
4782,香夢魂裏,1
4783,夢魂裏後,1
4784,魂裏後主,1
4785,裏後主荒,1
4786,西江水藕,1
4787,江水藕絲,1
4788,水藕絲作,1
4789,藕絲作線,1
4790,絲作線難,1
4791,作線難勝,1
4792,線難勝針,1
4793,難勝針蕊,1
4794,勝針蕊粉,1
4795,針蕊粉染,1
4796,蕊粉染黃,1
4797,粉染黃那,1
4798,染黃那得,1
4799,黃那得深,1
4800,那得深玉,1
4801,得深玉白,1
4802,深玉白蘭,1
4803,玉白蘭芳,1
4804,白蘭芳不,1
4805,蘭芳不相,1
4806,芳不相顧,1
4807,不相顧青,1
4808,相顧青樓,1
4809,顧青樓一,1
4810,青樓一笑,1
4811,樓一笑輕,1
4812,一笑輕千,1
4813,笑輕千金,1
4814,輕千金莫,1
4815,千金莫言,1
4816,金莫言自,1
4817,莫言自古,1
4818,言自古皆,1
4819,自古皆如,1
4820,古皆如此,1
4821,皆如此健,1
4822,如此健劍,1
4823,此健劍刜,1
4824,健劍刜鐘,1
4825,劍刜鐘鉛,1
4826,刜鐘鉛繞,1
4827,鐘鉛繞指,1
4828,鉛繞指三,1
4829,繞指三秋,1
4830,指三秋庭,1
4831,三秋庭綠,1
4832,秋庭綠盡,1
4833,庭綠盡迎,1
4834,綠盡迎霜,1
4835,盡迎霜惟,1
4836,迎霜惟有,1
4837,霜惟有荷,1
4838,惟有荷花,1
4839,有荷花守,1
4840,荷花守紅,1
4841,花守紅死,1
4842,守紅死廬,1
4843,紅死廬江,1
4844,死廬江小,1
4845,廬江小吏,1
4846,江小吏朱,1
4847,小吏朱斑,1
4848,吏朱斑輪,1
4849,朱斑輪柳,1
4850,斑輪柳縷,1
4851,輪柳縷吐,1
4852,柳縷吐芽,1
4853,縷吐芽香,1
4854,吐芽香玉,1
4855,芽香玉春,1
4856,香玉春兩,1
4857,玉春兩股,1
4858,春兩股金,1
4859,兩股金釵,1
4860,股金釵已,1
4861,金釵已相,1
4862,釵已相許,1
4863,已相許不,1
4864,相許不令,1
4865,許不令獨,1
4866,不令獨作,1
4867,令獨作空,1
4868,獨作空成,1
4869,作空成塵,1
4870,空成塵悠,1
4871,成塵悠悠,1
4872,塵悠悠楚,1
4873,悠悠楚水,1
4874,悠楚水流,1
4875,楚水流如,1
4876,水流如馬,1
4877,流如馬恨,1
4878,如馬恨紫,1
4879,馬恨紫愁,1
4880,恨紫愁紅,1
4881,紫愁紅滿,1
4882,愁紅滿平,1
4883,紅滿平野,1
4884,滿平野野,1
4885,平野野土,1
4886,野野土千,1
4887,野土千年,1
4888,土千年怨,1
4889,千年怨不,1
4890,年怨不平,1
4891,怨不平至,1
4892,不平至今,1
4893,平至今燒,1
4894,至今燒作,1
4895,今燒作鴛,1
4896,燒作鴛鴦,1
4897,作鴛鴦瓦,1
4898,鴛鴦瓦團,1
4899,鴦瓦團圓,1
4900,瓦團圓莫,1
4901,團圓莫作,1
4902,圓莫作波,1
4903,莫作波中,1
4904,作波中月,1
4905,波中月潔,1
4906,中月潔白,1
4907,月潔白莫,1
4908,潔白莫為,1
4909,白莫為枝,1
4910,莫為枝上,1
4911,為枝上雪,1
4912,枝上雪月,1
4913,上雪月隨,1
4914,雪月隨波,1
4915,月隨波動,1
4916,隨波動碎,1
4917,波動碎潾,1
4918,動碎潾潾,1
4919,碎潾潾雪,1
4920,潾潾雪似,1
4921,潾雪似梅,1
4922,雪似梅花,1
4923,似梅花不,1
4924,梅花不堪,1
4925,花不堪折,1
4926,不堪折李,1
4927,堪折李娘,1
4928,折李娘十,1
4929,李娘十六,1
4930,娘十六青,1
4931,十六青絲,1
4932,六青絲發,1
4933,青絲發畫,1
4934,絲發畫帶,1
4935,發畫帶雙,1
4936,畫帶雙花,1
4937,帶雙花為,1
4938,雙花為君,1
4939,花為君結,1
4940,為君結門,1
4941,君結門前,1
4942,結門前有,1
4943,有路輕別,1
4944,路輕別離,1
4945,輕別離唯,1
4946,別離唯恐,1
4947,離唯恐歸,1
4948,唯恐歸來,1
4949,舊香滅早,1
4950,香滅早辭,1
4951,滅早辭平,1
4952,早辭平扆,1
4953,辭平扆殿,1
4954,平扆殿夕,1
4955,扆殿夕奉,1
4956,殿夕奉湘,1
4957,夕奉湘南,1
4958,奉湘南宴,1
4959,湘南宴香,1
4960,南宴香兔,1
4961,宴香兔抱,1
4962,香兔抱微,1
4963,兔抱微煙,1
4964,抱微煙重,1
4965,微煙重鱗,1
4966,煙重鱗疊,1
4967,重鱗疊輕,1
4968,鱗疊輕扇,1
4969,疊輕扇蠶,1
4970,輕扇蠶饑,1
4971,扇蠶饑使,1
4972,蠶饑使君,1
4973,饑使君馬,1
4974,使君馬雁,1
4975,君馬雁避,1
4976,馬雁避將,1
4977,雁避將軍,1
4978,避將軍箭,1
4979,將軍箭寶,1
4980,軍箭寶柱,1
4981,箭寶柱惜,1
4982,寶柱惜離,1
4983,柱惜離弦,1
4984,惜離弦流,1
4985,離弦流黃,1
4986,弦流黃悲,1
4987,流黃悲赤,1
4988,黃悲赤縣,1
4989,悲赤縣理,1
4990,赤縣理釵,1
4991,縣理釵低,1
4992,理釵低舞,1
4993,釵低舞鬢,1
4994,低舞鬢換,1
4995,舞鬢換袖,1
4996,鬢換袖回,1
4997,換袖回歌,1
4998,袖回歌面,1
4999,回歌面晚,1
5000,歌面晚柳,1
5001,面晚柳未,1
5002,晚柳未如,1
5003,柳未如絲,1
5004,未如絲春,1
5005,如絲春花,1
5006,絲春花已,1
5007,春花已如,1
5008,花已如霰,1
5009,已如霰所,1
5010,如霰所嗟,1
5011,霰所嗟故,1
5012,所嗟故里,1
5013,嗟故里曲,1
5014,故里曲不,1
5015,里曲不及,1
5016,曲不及青,1
5017,不及青樓,1
5018,及青樓宴,1
5019,青樓宴悠,1
5020,樓宴悠悠,1
5021,宴悠悠複,1
5022,日下西州,1
5023,下西州西,1
5024,西州西州,1
5025,州西州風,1
5026,西州風色,1
5027,州風色好,1
5028,天將曙鸂,1
5029,將曙鸂鶒,1
5030,曙鸂鶒飛,1
5031,鸂鶒飛複,1
5032,鶒飛複還,1
5033,莫作西州,1
5034,作西州客,1
5035,西州客西,1
5036,州客西州,1
5037,客西州人,1
5038,西州人不,1
5039,州人不歸,1
5040,年年碧起,1
5041,年碧起來,1
5042,碧起來望,1
5043,起來望南,1
5044,來望南山,1
5045,望南山山,1
5046,南山山火,1
5047,山山火燒,1
5048,山火燒山,1
5049,火燒山田,1
5050,燒山田微,1
5051,山田微紅,1
5052,田微紅夕,1
5053,微紅夕如,1
5054,紅夕如滅,1
5055,夕如滅短,1
5056,如滅短焰,1
5057,滅短焰複,1
5058,短焰複相,1
5059,焰複相連,1
5060,複相連差,1
5061,相連差差,1
5062,連差差向,1
5063,差差向岩,1
5064,差向岩石,1
5065,向岩石冉,1
5066,岩石冉冉,1
5067,石冉冉淩,1
5068,冉冉淩青,1
5069,冉淩青壁,1
5070,淩青壁低,1
5071,青壁低隨,1
5072,壁低隨回,1
5073,低隨回風,1
5074,隨回風盡,1
5075,回風盡遠,1
5076,風盡遠照,1
5077,盡遠照簷,1
5078,遠照簷茅,1
5079,照簷茅赤,1
5080,簷茅赤鄰,1
5081,茅赤鄰翁,1
5082,赤鄰翁能,1
5083,鄰翁能楚,1
5084,翁能楚言,1
5085,能楚言倚,1
5086,楚言倚插,1
5087,言倚插欲,1
5088,倚插欲潸,1
5089,插欲潸然,1
5090,欲潸然自,1
5091,潸然自言,1
5092,然自言楚,1
5093,自言楚越,1
5094,言楚越俗,1
5095,楚越俗燒,1
5096,越俗燒畬,1
5097,俗燒畬為,1
5098,燒畬為早,1
5099,畬為早田,1
5100,為早田豆,1
5101,早田豆苗,1
5102,田豆苗蟲,1
5103,豆苗蟲促,1
5104,苗蟲促促,1
5105,蟲促促籬,1
5106,促促籬上,1
5107,促籬上花,1
5108,籬上花當,1
5109,上花當屋,1
5110,花當屋廢,1
5111,當屋廢棧,1
5112,屋廢棧豕,1
5113,廢棧豕歸,1
5114,棧豕歸欄,1
5115,豕歸欄廣,1
5116,歸欄廣場,1
5117,欄廣場雞,1
5118,廣場雞啄,1
5119,場雞啄粟,1
5120,雞啄粟新,1
5121,啄粟新年,1
5122,粟新年春,1
5123,新年春雨,1
5124,年春雨晴,1
5125,春雨晴處,1
5126,雨晴處處,1
5127,晴處處賽,1
5128,處處賽神,1
5129,處賽神聲,1
5130,賽神聲持,1
5131,神聲持錢,1
5132,聲持錢就,1
5133,持錢就人,1
5134,錢就人蔔,1
5135,就人蔔敲,1
5136,人蔔敲瓦,1
5137,蔔敲瓦隔,1
5138,敲瓦隔林,1
5139,瓦隔林鳴,1
5140,隔林鳴蔔,1
5141,林鳴蔔得,1
5142,鳴蔔得山,1
5143,蔔得山上,1
5144,得山上卦,1
5145,山上卦歸,1
5146,上卦歸來,1
5147,卦歸來桑,1
5148,歸來桑棗,1
5149,來桑棗下,1
5150,桑棗下吹,1
5151,棗下吹火,1
5152,下吹火向,1
5153,吹火向白,1
5154,火向白茅,1
5155,向白茅腰,1
5156,白茅腰鐮,1
5157,茅腰鐮映,1
5158,腰鐮映赬,1
5159,鐮映赬蔗,1
5160,映赬蔗風,1
5161,赬蔗風驅,1
5162,蔗風驅槲,1
5163,風驅槲葉,1
5164,驅槲葉煙,1
5165,槲葉煙槲,1
5166,葉煙槲樹,1
5167,煙槲樹連,1
5168,槲樹連平,1
5169,樹連平山,1
5170,連平山迸,1
5171,平山迸星,1
5172,山迸星拂,1
5173,迸星拂霞,1
5174,星拂霞外,1
5175,拂霞外飛,1
5176,霞外飛燼,1
5177,外飛燼落,1
5178,飛燼落階,1
5179,燼落階前,1
5180,落階前仰,1
5181,階前仰面,1
5182,前仰面呻,1
5183,仰面呻複,1
5184,面呻複嚏,1
5185,呻複嚏鴉,1
5186,複嚏鴉娘,1
5187,嚏鴉娘咒,1
5188,鴉娘咒豐,1
5189,娘咒豐歲,1
5190,咒豐歲誰,1
5191,豐歲誰知,1
5192,歲誰知蒼,1
5193,誰知蒼翠,1
5194,知蒼翠容,1
5195,蒼翠容盡,1
5196,翠容盡作,1
5197,容盡作官,1
5198,盡作官家,1
5199,作官家稅,1
5200,官家稅仁,1
5201,家稅仁祠,1
5202,稅仁祠寫,1
5203,仁祠寫露,1
5204,祠寫露宮,1
5205,寫露宮長,1
5206,露宮長安,1
5207,宮長安佳,1
5208,長安佳氣,1
5209,安佳氣濃,1
5210,佳氣濃煙,1
5211,氣濃煙樹,1
5212,濃煙樹含,1
5213,煙樹含蔥,1
5214,樹含蔥蒨,1
5215,含蔥蒨金,1
5216,蔥蒨金刹,1
5217,蒨金刹映,1
5218,金刹映茸,1
5219,刹映茸繡,1
5220,映茸繡戶,1
5221,茸繡戶香,1
5222,繡戶香焚,1
5223,戶香焚象,1
5224,香焚象珠,1
5225,焚象珠網,1
5226,象珠網玉,1
5227,珠網玉盤,1
5228,網玉盤龍,1
5229,玉盤龍寶,1
5230,盤龍寶題,1
5231,龍寶題斜,1
5232,寶題斜翡,1
5233,題斜翡翠,1
5234,斜翡翠天,1
5235,翡翠天井,1
5236,翠天井倒,1
5237,天井倒芙,1
5238,井倒芙蓉,1
5239,倒芙蓉幡,1
5240,芙蓉幡長,1
5241,蓉幡長回,1
5242,幡長回遠,1
5243,長回遠吹,1
5244,回遠吹窗,1
5245,遠吹窗虛,1
5246,吹窗虛含,1
5247,窗虛含曉,1
5248,虛含曉風,1
5249,含曉風遊,1
5250,曉風遊騎,1
5251,風遊騎迷,1
5252,遊騎迷青,1
5253,騎迷青鎖,1
5254,迷青鎖歸,1
5255,青鎖歸鳥,1
5256,鎖歸鳥思,1
5257,歸鳥思華,1
5258,鳥思華鐘,1
5259,思華鐘雲,1
5260,華鐘雲栱,1
5261,鐘雲栱承,1
5262,雲栱承跗,1
5263,栱承跗邐,1
5264,承跗邐羽,1
5265,跗邐羽葆,1
5266,邐羽葆背,1
5267,羽葆背花,1
5268,葆背花重,1
5269,背花重所,1
5270,花重所嗟,1
5271,重所嗟蓮,1
5272,所嗟蓮社,1
5273,嗟蓮社客,1
5274,蓮社客輕,1
5275,社客輕蕩,1
5276,客輕蕩不,1
5277,輕蕩不相,1
5278,蕩不相從,1
5279,不相從桂,1
5280,相從桂棟,1
5281,從桂棟坐,1
5282,桂棟坐清,1
5283,棟坐清曉,1
5284,坐清曉瑤,1
5285,清曉瑤琴,1
5286,曉瑤琴商,1
5287,瑤琴商鳳,1
5288,琴商鳳絲,1
5289,商鳳絲況,1
5290,鳳絲況聞,1
5291,絲況聞楚,1
5292,況聞楚澤,1
5293,聞楚澤香,1
5294,楚澤香適,1
5295,澤香適與,1
5296,香適與秋,1
5297,適與秋風,1
5298,與秋風期,1
5299,秋風期遂,1
5300,風期遂從,1
5301,期遂從棹,1
5302,遂從棹萍,1
5303,從棹萍客,1
5304,棹萍客靜,1
5305,萍客靜嘯,1
5306,客靜嘯煙,1
5307,靜嘯煙草,1
5308,嘯煙草湄,1
5309,煙草湄倒,1
5310,草湄倒影,1
5311,湄倒影回,1
5312,倒影回澹,1
5313,影回澹蕩,1
5314,回澹蕩愁,1
5315,澹蕩愁紅,1
5316,蕩愁紅媚,1
5317,愁紅媚漣,1
5318,紅媚漣漪,1
5319,媚漣漪湘,1
5320,漣漪湘莖,1
5321,漪湘莖久,1
5322,湘莖久鮮,1
5323,莖久鮮澀,1
5324,久鮮澀宿,1
5325,鮮澀宿雨,1
5326,澀宿雨增,1
5327,宿雨增離,1
5328,雨增離披,1
5329,增離披而,1
5330,離披而我,1
5331,披而我江,1
5332,而我江海,1
5333,我江海意,1
5334,江海意楚,1
5335,海意楚遊,1
5336,意楚遊動,1
5337,楚遊動夢,1
5338,遊動夢思,1
5339,動夢思北,1
5340,夢思北渚,1
5341,思北渚水,1
5342,北渚水雲,1
5343,渚水雲葉,1
5344,水雲葉南,1
5345,雲葉南塘,1
5346,葉南塘煙,1
5347,南塘煙霧,1
5348,塘煙霧枝,1
5349,煙霧枝豈,1
5350,霧枝豈亡,1
5351,枝豈亡台,1
5352,豈亡台榭,1
5353,亡台榭芳,1
5354,台榭芳獨,1
5355,榭芳獨與,1
5356,芳獨與鷗,1
5357,獨與鷗鳥,1
5358,與鷗鳥知,1
5359,鷗鳥知珠,1
5360,鳥知珠墜,1
5361,知珠墜魚,1
5362,珠墜魚迸,1
5363,墜魚迸淺,1
5364,魚迸淺影,1
5365,迸淺影多,1
5366,淺影多鳧,1
5367,影多鳧泛,1
5368,多鳧泛遲,1
5369,鳧泛遲落,1
5370,泛遲落英,1
5371,遲落英不,1
5372,落英不可,1
5373,英不可攀,1
5374,不可攀返,1
5375,可攀返照,1
5376,攀返照昏,1
5377,返照昏澄,1
5378,照昏澄陂,1
5379,昏澄陂誠,1
5380,澄陂誠足,1
5381,陂誠足不,1
5382,誠足不顧,1
5383,足不顧得,1
5384,不顧得妄,1
5385,顧得妄矜,1
5386,得妄矜徒,1
5387,妄矜徒有,1
5388,矜徒有言,1
5389,徒有言語,1
5390,有言語斯,1
5391,言語斯諒,1
5392,語斯諒未,1
5393,斯諒未盡,1
5394,諒未盡隱,1
5395,未盡隱顯,1
5396,盡隱顯何,1
5397,隱顯何悠,1
5398,顯何悠然,1
5399,何悠然洵,1
5400,悠然洵彼,1
5401,然洵彼都,1
5402,洵彼都邑,1
5403,彼都邑盛,1
5404,都邑盛眷,1
5405,邑盛眷惟,1
5406,盛眷惟車,1
5407,眷惟車馬,1
5408,惟車馬喧,1
5409,車馬喧自,1
5410,馬喧自期,1
5411,喧自期尊,1
5412,自期尊客,1
5413,期尊客卿,1
5414,尊客卿非,1
5415,客卿非意,1
5416,卿非意幹,1
5417,非意幹王,1
5418,意幹王孫,1
5419,幹王孫銜,1
5420,王孫銜知,1
5421,孫銜知有,1
5422,銜知有貞,1
5423,知有貞爵,1
5424,有貞爵處,1
5425,貞爵處實,1
5426,爵處實非,1
5427,處實非厚,1
5428,實非厚顏,1
5429,非厚顏苟,1
5430,厚顏苟無,1
5431,顏苟無海,1
5432,苟無海岱,1
5433,無海岱氣,1
5434,海岱氣奚,1
5435,岱氣奚取,1
5436,氣奚取壺,1
5437,奚取壺漿,1
5438,取壺漿恩,1
5439,壺漿恩唯,1
5440,漿恩唯絲,1
5441,恩唯絲南,1
5442,唯絲南山,1
5443,絲南山楊,1
5444,南山楊適,1
5445,山楊適我,1
5446,楊適我松,1
5447,適我松菊,1
5448,我松菊香,1
5449,松菊香鵬,1
5450,菊香鵬鶤,1
5451,香鵬鶤誠,1
5452,鵬鶤誠未,1
5453,鶤誠未憶,1
5454,誠未憶誰,1
5455,未憶誰謂,1
5456,憶誰謂淩,1
5457,誰謂淩風,1
5458,謂淩風翔,1
5459,淩風翔寓,1
5460,風翔寓賞,1
5461,翔寓賞本,1
5462,寓賞本殊,1
5463,賞本殊致,1
5464,本殊致意,1
5465,殊致意幽,1
5466,致意幽非,1
5467,意幽非我,1
5468,幽非我情,1
5469,非我情吾,1
5470,我情吾常,1
5471,情吾常有,1
5472,吾常有流,1
5473,常有流淺,1
5474,有流淺外,1
5475,流淺外物,1
5476,淺外物無,1
5477,外物無重,1
5478,物無重輕,1
5479,無重輕各,1
5480,重輕各言,1
5481,輕各言藝,1
5482,各言藝幽,1
5483,言藝幽深,1
5484,藝幽深彼,1
5485,幽深彼美,1
5486,深彼美香,1
5487,彼美香素,1
5488,美香素莖,1
5489,香素莖豈,1
5490,素莖豈為,1
5491,莖豈為賞,1
5492,豈為賞者,1
5493,為賞者設,1
5494,賞者設自,1
5495,者設自保,1
5496,設自保孤,1
5497,自保孤根,1
5498,保孤根生,1
5499,孤根生易,1
5500,根生易地,1
5501,生易地無,1
5502,易地無赤,1
5503,地無赤株,1
5504,無赤株麗,1
5505,赤株麗土,1
5506,株麗土亦,1
5507,麗土亦同,1
5508,土亦同榮,1
5509,亦同榮賞,1
5510,同榮賞際,1
5511,榮賞際林,1
5512,賞際林壑,1
5513,際林壑近,1
5514,林壑近泛,1
5515,壑近泛餘,1
5516,近泛餘煙,1
5517,泛餘煙露,1
5518,餘煙露清,1
5519,煙露清余,1
5520,露清余懷,1
5521,清余懷既,1
5522,余懷既郁,1
5523,懷既郁陶,1
5524,既郁陶爾,1
5525,郁陶爾類,1
5526,陶爾類徒,1
5527,爾類徒縱,1
5528,類徒縱橫,1
5529,徒縱橫妍,1
5530,縱橫妍蚩,1
5531,橫妍蚩苟,1
5532,妍蚩苟不,1
5533,蚩苟不信,1
5534,苟不信寵,1
5535,不信寵辱,1
5536,信寵辱何,1
5537,寵辱何為,1
5538,辱何為驚,1
5539,何為驚貞,1
5540,為驚貞隱,1
5541,驚貞隱諒,1
5542,貞隱諒無,1
5543,隱諒無跡,1
5544,諒無跡激,1
5545,無跡激時,1
5546,跡激時猶,1
5547,激時猶揀,1
5548,時猶揀名,1
5549,猶揀名幽,1
5550,揀名幽叢,1
5551,名幽叢靄,1
5552,幽叢靄綠,1
5553,叢靄綠畹,1
5554,靄綠畹豈,1
5555,綠畹豈必,1
5556,畹豈必懷,1
5557,豈必懷歸,1
5558,必懷歸耕,1
5559,懷歸耕爽,1
5560,歸耕爽氣,1
5561,耕爽氣變,1
5562,爽氣變昏,1
5563,氣變昏旦,1
5564,變昏旦神,1
5565,昏旦神皋,1
5566,旦神皋遍,1
5567,神皋遍原,1
5568,皋遍原隰,1
5569,遍原隰煙,1
5570,原隰煙華,1
5571,隰煙華久,1
5572,煙華久蕩,1
5573,華久蕩搖,1
5574,久蕩搖石,1
5575,蕩搖石澗,1
5576,搖石澗仍,1
5577,石澗仍清,1
5578,澗仍清急,1
5579,仍清急柳,1
5580,清急柳暗,1
5581,急柳暗山,1
5582,柳暗山犬,1
5583,暗山犬吠,1
5584,山犬吠蒲,1
5585,犬吠蒲荒,1
5586,吠蒲荒水,1
5587,蒲荒水禽,1
5588,荒水禽立,1
5589,水禽立菊,1
5590,禽立菊花,1
5591,立菊花明,1
5592,菊花明欲,1
5593,花明欲迷,1
5594,明欲迷棗,1
5595,欲迷棗葉,1
5596,迷棗葉光,1
5597,棗葉光如,1
5598,葉光如濕,1
5599,光如濕天,1
5600,如濕天籟,1
5601,濕天籟思,1
5602,天籟思林,1
5603,籟思林嶺,1
5604,思林嶺車,1
5605,林嶺車塵,1
5606,嶺車塵倦,1
5607,車塵倦都,1
5608,塵倦都邑,1
5609,倦都邑譸,1
5610,都邑譸張,1
5611,邑譸張夙,1
5612,譸張夙所,1
5613,張夙所違,1
5614,夙所違悔,1
5615,所違悔吝,1
5616,違悔吝何,1
5617,悔吝何由,1
5618,吝何由入,1
5619,何由入芳,1
5620,由入芳草,1
5621,入芳草秋,1
5622,芳草秋可,1
5623,草秋可藉,1
5624,秋可藉幽,1
5625,可藉幽泉,1
5626,藉幽泉曉,1
5627,幽泉曉堪,1
5628,泉曉堪汲,1
5629,曉堪汲牧,1
5630,堪汲牧羊,1
5631,汲牧羊燒,1
5632,牧羊燒外,1
5633,羊燒外鳴,1
5634,燒外鳴林,1
5635,外鳴林果,1
5636,鳴林果雨,1
5637,林果雨中,1
5638,果雨中拾,1
5639,雨中拾複,1
5640,中拾複此,1
5641,拾複此遂,1
5642,複此遂閑,1
5643,此遂閑曠,1
5644,遂閑曠翛,1
5645,閑曠翛然,1
5646,曠翛然脫,1
5647,翛然脫羈,1
5648,然脫羈縶,1
5649,脫羈縶田,1
5650,羈縶田收,1
5651,縶田收鳥,1
5652,田收鳥雀,1
5653,收鳥雀喧,1
5654,鳥雀喧氣,1
5655,雀喧氣肅,1
5656,喧氣肅龍,1
5657,氣肅龍蛇,1
5658,肅龍蛇蟄,1
5659,龍蛇蟄佳,1
5660,蛇蟄佳節,1
5661,蟄佳節足,1
5662,佳節足豐,1
5663,節足豐穰,1
5664,足豐穰良,1
5665,豐穰良朋,1
5666,穰良朋阻,1
5667,良朋阻遊,1
5668,朋阻遊集,1
5669,阻遊集沉,1
5670,遊集沉機,1
5671,集沉機日,1
5672,沉機日寂,1
5673,機日寂寥,1
5674,日寂寥葆,1
5675,寂寥葆素,1
5676,寥葆素常,1
5677,葆素常呼,1
5678,素常呼吸,1
5679,常呼吸投,1
5680,呼吸投跡,1
5681,吸投跡倦,1
5682,投跡倦攸,1
5683,跡倦攸往,1
5684,倦攸往放,1
5685,攸往放懷,1
5686,往放懷志,1
5687,放懷志所,1
5688,懷志所執,1
5689,志所執良,1
5690,所執良時,1
5691,執良時有,1
5692,良時有東,1
5693,時有東菑,1
5694,有東菑吾,1
5695,東菑吾將,1
5696,菑吾將事,1
5697,吾將事蓑,1
5698,將事蓑笠,1
5699,事蓑笠鳴,1
5700,蓑笠鳴機,1
5701,笠鳴機劄,1
5702,鳴機劄劄,1
5703,機劄劄停,1
5704,劄劄停金,1
5705,劄停金梭,1
5706,停金梭芙,1
5707,金梭芙蓉,1
5708,梭芙蓉澹,1
5709,芙蓉澹蕩,1
5710,蓉澹蕩生,1
5711,澹蕩生池,1
5712,蕩生池波,1
5713,生池波神,1
5714,池波神軒,1
5715,波神軒紅,1
5716,神軒紅粉,1
5717,軒紅粉陳,1
5718,紅粉陳香,1
5719,粉陳香羅,1
5720,陳香羅鳳,1
5721,香羅鳳低,1
5722,羅鳳低蟬,1
5723,鳳低蟬薄,1
5724,低蟬薄愁,1
5725,蟬薄愁雙,1
5726,薄愁雙蛾,1
5727,愁雙蛾微,1
5728,雙蛾微光,1
5729,蛾微光奕,1
5730,微光奕奕,1
5731,光奕奕淩,1
5732,奕奕淩天,1
5733,奕淩天河,1
5734,淩天河鸞,1
5735,天河鸞咽,1
5736,河鸞咽鶴,1
5737,鸞咽鶴唳,1
5738,咽鶴唳飄,1
5739,鶴唳飄颻,1
5740,唳飄颻歌,1
5741,飄颻歌彎,1
5742,颻歌彎橋,1
5743,歌彎橋銷,1
5744,彎橋銷盡,1
5745,橋銷盡愁,1
5746,銷盡愁奈,1
5747,盡愁奈何,1
5748,愁奈何天,1
5749,奈何天氣,1
5750,何天氣駘,1
5751,天氣駘蕩,1
5752,氣駘蕩雲,1
5753,駘蕩雲陂,1
5754,蕩雲陂阤,1
5755,雲陂阤平,1
5756,陂阤平明,1
5757,阤平明花,1
5758,平明花木,1
5759,明花木有,1
5760,花木有秋,1
5761,木有秋意,1
5762,有秋意露,1
5763,秋意露濕,1
5764,意露濕彩,1
5765,露濕彩盤,1
5766,濕彩盤蛛,1
5767,彩盤蛛網,1
5768,盤蛛網多,1
5769,蛛網多辭,1
5770,網多辭榮,1
5771,多辭榮亦,1
5772,辭榮亦素,1
5773,榮亦素尚,1
5774,亦素尚倦,1
5775,素尚倦遊,1
5776,尚倦遊非,1
5777,倦遊非夙,1
5778,遊非夙心,1
5779,非夙心甯,1
5780,夙心甯複,1
5781,心甯複思,1
5782,甯複思金,1
5783,複思金籍,1
5784,思金籍獨,1
5785,金籍獨此,1
5786,籍獨此臥,1
5787,獨此臥煙,1
5788,此臥煙林,1
5789,臥煙林閑,1
5790,煙林閑雲,1
5791,林閑雲無,1
5792,閑雲無定,1
5793,雲無定貌,1
5794,無定貌佳,1
5795,定貌佳樹,1
5796,貌佳樹有,1
5797,佳樹有餘,1
5798,樹有餘陰,1
5799,有餘陰坐,1
5800,餘陰坐久,1
5801,陰坐久芰,1
5802,坐久芰荷,1
5803,久芰荷發,1
5804,芰荷發釣,1
5805,荷發釣闌,1
5806,發釣闌茭,1
5807,釣闌茭葦,1
5808,闌茭葦深,1
5809,茭葦深遊,1
5810,葦深遊魚,1
5811,深遊魚自,1
5812,遊魚自搖,1
5813,魚自搖漾,1
5814,自搖漾浴,1
5815,搖漾浴鳥,1
5816,漾浴鳥故,1
5817,浴鳥故浮,1
5818,鳥故浮沉,1
5819,故浮沉唯,1
5820,浮沉唯君,1
5821,沉唯君清,1
5822,唯君清露,1
5823,君清露夕,1
5824,清露夕一,1
5825,露夕一為,1
5826,夕一為灑,1
5827,一為灑煩,1
5828,為灑煩襟,1
5829,灑煩襟朔,1
5830,煩襟朔音,1
5831,襟朔音悲,1
5832,朔音悲嘒,1
5833,音悲嘒管,1
5834,悲嘒管瑤,1
5835,嘒管瑤踏,1
5836,管瑤踏動,1
5837,瑤踏動芳,1
5838,踏動芳塵,1
5839,動芳塵總,1
5840,芳塵總袖,1
5841,塵總袖時,1
5842,總袖時增,1
5843,袖時增怨,1
5844,時增怨聽,1
5845,增怨聽破,1
5846,怨聽破複,1
5847,聽破複含,1
5848,破複含嚬,1
5849,複含嚬凝,1
5850,含嚬凝腰,1
5851,嚬凝腰倚,1
5852,凝腰倚風,1
5853,腰倚風軟,1
5854,倚風軟花,1
5855,風軟花題,1
5856,軟花題照,1
5857,花題照錦,1
5858,題照錦春,1
5859,照錦春朱,1
5860,錦春朱弦,1
5861,春朱弦固,1
5862,朱弦固淒,1
5863,弦固淒緊,1
5864,固淒緊瓊,1
5865,淒緊瓊樹,1
5866,緊瓊樹亦,1
5867,瓊樹亦迷,1
5868,樹亦迷人,1
5869,亦迷人朔,1
5870,迷人朔管,1
5871,人朔管迎,1
5872,朔管迎秋,1
5873,管迎秋動,1
5874,迎秋動雕,1
5875,秋動雕陰,1
5876,動雕陰雁,1
5877,雕陰雁來,1
5878,陰雁來早,1
5879,雁來早上,1
5880,來早上郡,1
5881,早上郡隱,1
5882,上郡隱黃,1
5883,郡隱黃雲,1
5884,隱黃雲天,1
5885,黃雲天山,1
5886,雲天山吹,1
5887,天山吹白,1
5888,山吹白草,1
5889,吹白草嘶,1
5890,白草嘶馬,1
5891,草嘶馬悲,1
5892,嘶馬悲寒,1
5893,馬悲寒磧,1
5894,悲寒磧朝,1
5895,寒磧朝陽,1
5896,磧朝陽照,1
5897,朝陽照霜,1
5898,陽照霜堡,1
5899,照霜堡江,1
5900,霜堡江南,1
5901,堡江南戍,1
5902,江南戍客,1
5903,南戍客心,1
5904,戍客心門,1
5905,客心門外,1
5906,心門外芙,1
5907,門外芙蓉,1
5908,外芙蓉老,1
5909,芙蓉老搖,1
5910,蓉老搖搖,1
5911,老搖搖弱,1
5912,搖搖弱柳,1
5913,搖弱柳黃,1
5914,弱柳黃鸝,1
5915,柳黃鸝啼,1
5916,黃鸝啼芳,1
5917,鸝啼芳草,1
5918,啼芳草無,1
5919,芳草無情,1
5920,草無情人,1
5921,無情人自,1
5922,情人自迷,1
5923,人自迷日,1
5924,自迷日影,1
5925,迷日影明,1
5926,日影明滅,1
5927,影明滅金,1
5928,明滅金色,1
5929,滅金色鯉,1
5930,金色鯉杏,1
5931,色鯉杏花,1
5932,鯉杏花唼,1
5933,杏花唼喋,1
5934,花唼喋青,1
5935,唼喋青頭,1
5936,喋青頭雞,1
5937,青頭雞微,1
5938,頭雞微紅,1
5939,雞微紅奈,1
5940,微紅奈蒂,1
5941,紅奈蒂惹,1
5942,奈蒂惹峰,1
5943,蒂惹峰粉,1
5944,惹峰粉潔,1
5945,峰粉潔白,1
5946,粉潔白芹,1
5947,潔白芹芽,1
5948,白芹芽穿,1
5949,芹芽穿燕,1
5950,芽穿燕泥,1
5951,穿燕泥借,1
5952,燕泥借問,1
5953,泥借問含,1
5954,借問含嚬,1
5955,問含嚬向,1
5956,含嚬向何,1
5957,嚬向何事,1
5958,向何事昔,1
5959,何事昔年,1
5960,事昔年曾,1
5961,昔年曾到,1
5962,年曾到武,1
5963,曾到武陵,1
5964,到武陵溪,1
5965,武陵溪碧,1
5966,陵溪碧草,1
5967,溪碧草連,1
5968,碧草連金,1
5969,草連金虎,1
5970,連金虎青,1
5971,金虎青苔,1
5972,虎青苔蔽,1
5973,青苔蔽石,1
5974,苔蔽石麟,1
5975,蔽石麟皓,1
5976,石麟皓齒,1
5977,麟皓齒芳,1
5978,皓齒芳塵,1
5979,齒芳塵起,1
5980,芳塵起纖,1
5981,塵起纖腰,1
5982,起纖腰玉,1
5983,纖腰玉樹,1
5984,腰玉樹春,1
5985,玉樹春倚,1
5986,樹春倚瑟,1
5987,春倚瑟紅,1
5988,倚瑟紅鉛,1
5989,瑟紅鉛濕,1
5990,紅鉛濕分,1
5991,鉛濕分香,1
5992,濕分香翠,1
5993,分香翠黛,1
5994,香翠黛嚬,1
5995,翠黛嚬誰,1
5996,黛嚬誰言,1
5997,嚬誰言奉,1
5998,誰言奉陵,1
5999,言奉陵寢,1
6000,奉陵寢相,1
6001,陵寢相顧,1
6002,寢相顧複,1
6003,相顧複沾,1
6004,顧複沾巾,1
6005,複沾巾欲,1
6006,沾巾欲出,1
6007,巾欲出鴻,1
6008,馬夜頻驚,1
6009,夜頻驚三,1
6010,頻驚三更,1
6011,驚三更霸,1
6012,霸陵雪蟲,1
6013,陵雪蟲歇,1
6014,雪蟲歇紗,1
6015,蟲歇紗窗,1
6016,歇紗窗靜,1
6017,紗窗靜鴉,1
6018,窗靜鴉散,1
6019,靜鴉散碧,1
6020,鴉散碧梧,1
6021,散碧梧寒,1
6022,碧梧寒稍,1
6023,梧寒稍驚,1
6024,寒稍驚朝,1
6025,稍驚朝佩,1
6026,驚朝佩動,1
6027,朝佩動猶,1
6028,佩動猶傳,1
6029,動猶傳清,1
6030,猶傳清漏,1
6031,傳清漏殘,1
6032,清漏殘亂,1
6033,漏殘亂珠,1
6034,殘亂珠凝,1
6035,亂珠凝燭,1
6036,珠凝燭淚,1
6037,凝燭淚微,1
6038,燭淚微紅,1
6039,淚微紅上,1
6040,微紅上露,1
6041,紅上露盤,1
6042,上露盤褰,1
6043,露盤褰衣,1
6044,盤褰衣複,1
6045,褰衣複理,1
6046,衣複理鬢,1
6047,複理鬢餘,1
6048,理鬢餘潤,1
6049,鬢餘潤拂,1
6050,餘潤拂芝,1
6051,潤拂芝蘭,1
6052,拂芝蘭剌,1
6053,芝蘭剌莖,1
6054,蘭剌莖澹,1
6055,剌莖澹蕩,1
6056,莖澹蕩碧,1
6057,澹蕩碧花,1
6058,蕩碧花片,1
6059,碧花片參,1
6060,花片參差,1
6061,片參差紅,1
6062,參差紅吳,1
6063,差紅吳歌,1
6064,紅吳歌秋,1
6065,吳歌秋水,1
6066,歌秋水冷,1
6067,秋水冷湘,1
6068,水冷湘廟,1
6069,冷湘廟夜,1
6070,湘廟夜雲,1
6071,廟夜雲空,1
6072,夜雲空濃,1
6073,雲空濃豔,1
6074,空濃豔香,1
6075,濃豔香露,1
6076,豔香露裏,1
6077,香露裏美,1
6078,露裏美人,1
6079,裏美人青,1
6080,美人青鏡,1
6081,人青鏡中,1
6082,青鏡中南,1
6083,鏡中南樓,1
6084,中南樓未,1
6085,南樓未歸,1
6086,樓未歸客,1
6087,未歸客一,1
6088,歸客一夕,1
6089,客一夕練,1
6090,一夕練塘,1
6091,夕練塘東,1
6092,練塘東敕,1
6093,塘東敕勒,1
6094,東敕勒金,1
6095,敕勒金壁,1
6096,勒金壁陰,1
6097,金壁陰山,1
6098,壁陰山無,1
6099,陰山無歲,1
6100,山無歲華,1
6101,無歲華帳,1
6102,歲華帳外,1
6103,華帳外風,1
6104,帳外風飄,1
6105,外風飄雪,1
6106,風飄雪營,1
6107,飄雪營前,1
6108,雪營前月,1
6109,營前月照,1
6110,前月照沙,1
6111,月照沙羌,1
6112,照沙羌兒,1
6113,沙羌兒吹,1
6114,羌兒吹玉,1
6115,兒吹玉管,1
6116,吹玉管胡,1
6117,玉管胡姬,1
6118,管胡姬踏,1
6119,胡姬踏錦,1
6120,姬踏錦花,1
6121,踏錦花卻,1
6122,錦花卻笑,1
6123,花卻笑江,1
6124,卻笑江南,1
6125,笑江南客,1
6126,江南客梅,1
6127,南客梅落,1
6128,客梅落不,1
6129,梅落不歸,1
6130,落不歸家,1
6131,不歸家金,1
6132,歸家金笳,1
6133,家金笳悲,1
6134,金笳悲故,1
6135,笳悲故曲,1
6136,悲故曲玉,1
6137,故曲玉座,1
6138,曲玉座積,1
6139,玉座積深,1
6140,座積深塵,1
6141,積深塵言,1
6142,深塵言是,1
6143,塵言是邯,1
6144,言是邯鄲,1
6145,是邯鄲伎,1
6146,邯鄲伎不,1
6147,鄲伎不見,1
6148,伎不見鄴,1
6149,不見鄴城,1
6150,見鄴城人,1
6151,鄴城人青,1
6152,城人青苔,1
6153,人青苔竟,1
6154,青苔竟埋,1
6155,苔竟埋骨,1
6156,竟埋骨紅,1
6157,埋骨紅粉,1
6158,骨紅粉自,1
6159,紅粉自傷,1
6160,粉自傷神,1
6161,自傷神唯,1
6162,傷神唯有,1
6163,神唯有漳,1
6164,唯有漳河,1
6165,有漳河柳,1
6166,漳河柳還,1
6167,河柳還向,1
6168,柳還向舊,1
6169,還向舊營,1
6170,向舊營春,1
6171,舊營春莫,1
6172,營春莫莫,1
6173,春莫莫複,1
6174,莫莫複莫,1
6175,莫複莫莫,1
6176,複莫莫絲,1
6177,莫莫絲蘿,1
6178,莫絲蘿緣,1
6179,絲蘿緣澗,1
6180,蘿緣澗壑,1
6181,緣澗壑散,1
6182,澗壑散木,1
6183,壑散木無,1
6184,散木無斧,1
6185,木無斧斤,1
6186,無斧斤纖,1
6187,斧斤纖莖,1
6188,斤纖莖得,1
6189,纖莖得依,1
6190,莖得依託,1
6191,得依託枝,1
6192,依託枝低,1
6193,託枝低浴,1
6194,枝低浴鳥,1
6195,低浴鳥歇,1
6196,浴鳥歇根,1
6197,鳥歇根靜,1
6198,歇根靜懸,1
6199,根靜懸泉,1
6200,靜懸泉落,1
6201,懸泉落不,1
6202,泉落不慮,1
6203,落不慮見,1
6204,不慮見春,1
6205,慮見春遲,1
6206,見春遲空,1
6207,春遲空傷,1
6208,遲空傷致,1
6209,空傷致身,1
6210,傷致身錯,1
6211,致身錯白,1
6212,身錯白馬,1
6213,錯白馬雜,1
6214,白馬雜金,1
6215,馬雜金飾,1
6216,雜金飾言,1
6217,金飾言從,1
6218,飾言從雕,1
6219,言從雕輦,1
6220,從雕輦回,1
6221,雕輦回粉,1
6222,輦回粉香,1
6223,回粉香隨,1
6224,粉香隨笑,1
6225,香隨笑度,1
6226,隨笑度鬢,1
6227,笑度鬢態,1
6228,度鬢態伴,1
6229,鬢態伴愁,1
6230,態伴愁來,1
6231,伴愁來遠,1
6232,愁來遠水,1
6233,來遠水斜,1
6234,遠水斜如,1
6235,水斜如剪,1
6236,斜如剪青,1
6237,如剪青莎,1
6238,剪青莎綠,1
6239,青莎綠似,1
6240,莎綠似裁,1
6241,綠似裁所,1
6242,似裁所恨,1
6243,裁所恨章,1
6244,所恨章華,1
6245,恨章華日,1
6246,章華日冉,1
6247,華日冉冉,1
6248,日冉冉下,1
6249,冉冉下層,1
6250,冉下層台,1
6251,下層台柳,1
6252,層台柳岸,1
6253,台柳岸杏,1
6254,柳岸杏花,1
6255,岸杏花稀,1
6256,杏花稀梅,1
6257,花稀梅梁,1
6258,稀梅梁乳,1
6259,梅梁乳燕,1
6260,梁乳燕飛,1
6261,乳燕飛美,1
6262,燕飛美人,1
6263,飛美人鸞,1
6264,美人鸞鏡,1
6265,人鸞鏡笑,1
6266,鸞鏡笑嘶,1
6267,鏡笑嘶馬,1
6268,笑嘶馬雁,1
6269,嘶馬雁門,1
6270,馬雁門歸,1
6271,雁門歸楚,1
6272,門歸楚宮,1
6273,歸楚宮雲,1
6274,楚宮雲影,1
6275,宮雲影薄,1
6276,雲影薄台,1
6277,影薄台城,1
6278,薄台城心,1
6279,台城心賞,1
6280,城心賞違,1
6281,心賞違從,1
6282,賞違從來,1
6283,違從來千,1
6284,從來千里,1
6285,來千里恨,1
6286,千里恨邊,1
6287,里恨邊色,1
6288,恨邊色滿,1
6289,邊色滿戎,1
6290,色滿戎衣,1
6291,滿戎衣閒,1
6292,戎衣閒庭,1
6293,衣閒庭見,1
6294,閒庭見早,1
6295,庭見早梅,1
6296,見早梅花,1
6297,早梅花影,1
6298,梅花影為,1
6299,花影為誰,1
6300,影為誰栽,1
6301,為誰栽碧,1
6302,誰栽碧煙,1
6303,栽碧煙隨,1
6304,碧煙隨刃,1
6305,煙隨刃落,1
6306,隨刃落蟬,1
6307,刃落蟬鬢,1
6308,落蟬鬢覺,1
6309,蟬鬢覺春,1
6310,鬢覺春來,1
6311,覺春來代,1
6312,春來代郡,1
6313,來代郡嘶,1
6314,代郡嘶金,1
6315,郡嘶金勒,1
6316,嘶金勒梵,1
6317,金勒梵聲,1
6318,勒梵聲悲,1
6319,梵聲悲鏡,1
6320,聲悲鏡臺,1
6321,悲鏡臺玉,1
6322,鏡臺玉釵,1
6323,臺玉釵風,1
6324,玉釵風不,1
6325,釵風不定,1
6326,風不定香,1
6327,不定香步,1
6328,定香步獨,1
6329,香步獨徘,1
6330,步獨徘徊,1
6331,獨徘徊雞,1
6332,徘徊雞鳴,1
6333,徊雞鳴人,1
6334,雞鳴人草,1
6335,鳴人草草,1
6336,人草草香,1
6337,草草香輦,1
6338,草香輦出,1
6339,香輦出宮,1
6340,輦出宮花,1
6341,出宮花妓,1
6342,宮花妓語,1
6343,花妓語細,1
6344,妓語細腰,1
6345,語細腰轉,1
6346,細腰轉馬,1
6347,腰轉馬嘶,1
6348,轉馬嘶金,1
6349,馬嘶金面,1
6350,嘶金面斜,1
6351,金面斜早,1
6352,面斜早鶯,1
6353,斜早鶯隨,1
6354,早鶯隨彩,1
6355,鶯隨彩仗,1
6356,隨彩仗驚,1
6357,彩仗驚雉,1
6358,仗驚雉避,1
6359,驚雉避凝,1
6360,雉避凝笳,1
6361,避凝笳淅,1
6362,凝笳淅瀝,1
6363,笳淅瀝湘,1
6364,淅瀝湘風,1
6365,瀝湘風外,1
6366,湘風外紅,1
6367,風外紅輪,1
6368,外紅輪映,1
6369,紅輪映曙,1
6370,輪映曙霞,1
6371,映曙霞騎,1
6372,曙霞騎馬,1
6373,霞騎馬踏,1
6374,騎馬踏煙,1
6375,馬踏煙莎,1
6376,踏煙莎青,1
6377,煙莎青春,1
6378,莎青春奈,1
6379,青春奈怨,1
6380,春奈怨何,1
6381,奈怨何蝶,1
6382,怨何蝶翎,1
6383,何蝶翎朝,1
6384,蝶翎朝粉,1
6385,翎朝粉盡,1
6386,朝粉盡鴉,1
6387,粉盡鴉背,1
6388,盡鴉背夕,1
6389,鴉背夕陽,1
6390,背夕陽多,1
6391,夕陽多柳,1
6392,陽多柳豔,1
6393,多柳豔欺,1
6394,柳豔欺芳,1
6395,豔欺芳帶,1
6396,欺芳帶山,1
6397,芳帶山愁,1
6398,帶山愁縈,1
6399,山愁縈翠,1
6400,愁縈翠蛾,1
6401,縈翠蛾別,1
6402,翠蛾別情,1
6403,蛾別情無,1
6404,別情無處,1
6405,情無處說,1
6406,無處說方,1
6407,處說方寸,1
6408,說方寸是,1
6409,方寸是星,1
6410,寸是星河,1
6411,是星河毛,1
6412,星河毛羽,1
6413,河毛羽斂,1
6414,毛羽斂愁,1
6415,羽斂愁翠,1
6416,斂愁翠黛,1
6417,愁翠黛嬌,1
6418,翠黛嬌攢,1
6419,黛嬌攢豔,1
6420,嬌攢豔春,1
6421,攢豔春恨,1
6422,豔春恨容,1
6423,春恨容偏,1
6424,恨容偏落,1
6425,容偏落淚,1
6426,偏落淚低,1
6427,落淚低態,1
6428,淚低態定,1
6429,低態定思,1
6430,態定思人,1
6431,定思人枕,1
6432,思人枕上,1
6433,人枕上夢,1
6434,枕上夢隨,1
6435,上夢隨月,1
6436,夢隨月扇,1
6437,隨月扇邊,1
6438,月扇邊歌,1
6439,扇邊歌繞,1
6440,邊歌繞塵,1
6441,歌繞塵玉,1
6442,繞塵玉鉤,1
6443,塵玉鉤鸞,1
6444,玉鉤鸞不,1
6445,鉤鸞不住,1
6446,鸞不住波,1
6447,不住波淺,1
6448,住波淺石,1
6449,波淺石磷,1
6450,淺石磷磷,1
6451,石磷磷王,1
6452,磷磷王儉,1
6453,磷王儉風,1
6454,王儉風華,1
6455,儉風華首,1
6456,風華首蕭,1
6457,華首蕭何,1
6458,首蕭何社,1
6459,蕭何社稷,1
6460,何社稷臣,1
6461,社稷臣丹,1
6462,稷臣丹陽,1
6463,臣丹陽布,1
6464,丹陽布衣,1
6465,陽布衣客,1
6466,布衣客蓮,1
6467,衣客蓮渚,1
6468,客蓮渚白,1
6469,蓮渚白頭,1
6470,渚白頭人,1
6471,白頭人銘,1
6472,頭人銘勒,1
6473,人銘勒燕,1
6474,銘勒燕山,1
6475,勒燕山暮,1
6476,燕山暮碑,1
6477,山暮碑沉,1
6478,暮碑沉漢,1
6479,碑沉漢水,1
6480,沉漢水春,1
6481,漢水春從,1
6482,水春從今,1
6483,春從今虛,1
6484,從今虛醉,1
6485,今虛醉飽,1
6486,虛醉飽無,1
6487,醉飽無複,1
6488,飽無複汙,1
6489,無複汙車,1
6490,複汙車茵,1
6491,汙車茵箭,1
6492,車茵箭下,1
6493,茵箭下妖,1
6494,箭下妖星,1
6495,下妖星落,1
6496,妖星落風,1
6497,星落風前,1
6498,落風前殺,1
6499,風前殺氣,1
6500,前殺氣回,1
6501,殺氣回國,1
6502,氣回國香,1
6503,回國香荀,1
6504,國香荀令,1
6505,香荀令去,1
6506,荀令去樓,1
6507,令去樓月,1
6508,去樓月庾,1
6509,樓月庾公,1
6510,月庾公來,1
6511,庾公來玉,1
6512,公來玉璽,1
6513,來玉璽終,1
6514,玉璽終無,1
6515,璽終無慮,1
6516,終無慮金,1
6517,無慮金縢,1
6518,慮金縢意,1
6519,金縢意不,1
6520,縢意不開,1
6521,意不開空,1
6522,不開空嗟,1
6523,開空嗟薦,1
6524,空嗟薦賢,1
6525,嗟薦賢路,1
6526,薦賢路芳,1
6527,賢路芳草,1
6528,路芳草滿,1
6529,芳草滿燕,1
6530,草滿燕台,1
6531,滿燕台疊,1
6532,燕台疊鼓,1
6533,台疊鼓辭,1
6534,疊鼓辭宮,1
6535,鼓辭宮殿,1
6536,辭宮殿悲,1
6537,宮殿悲笳,1
6538,殿悲笳降,1
6539,悲笳降杳,1
6540,笳降杳冥,1
6541,降杳冥影,1
6542,杳冥影離,1
6543,冥影離雲,1
6544,影離雲外,1
6545,離雲外日,1
6546,雲外日光,1
6547,外日光滅,1
6548,日光滅火,1
6549,光滅火前,1
6550,滅火前星,1
6551,火前星鄴,1
6552,前星鄴客,1
6553,星鄴客瞻,1
6554,鄴客瞻秦,1
6555,客瞻秦苑,1
6556,瞻秦苑商,1
6557,秦苑商公,1
6558,苑商公下,1
6559,商公下漢,1
6560,公下漢庭,1
6561,下漢庭依,1
6562,漢庭依依,1
6563,庭依依陵,1
6564,依依陵樹,1
6565,依陵樹色,1
6566,陵樹色空,1
6567,樹色空繞,1
6568,色空繞古,1
6569,空繞古原,1
6570,繞古原青,1
6571,古原青東,1
6572,原青東府,1
6573,青東府虛,1
6574,東府虛容,1
6575,府虛容衛,1
6576,虛容衛西,1
6577,容衛西園,1
6578,衛西園寄,1
6579,西園寄夢,1
6580,園寄夢思,1
6581,寄夢思鳳,1
6582,夢思鳳懸,1
6583,思鳳懸吹,1
6584,鳳懸吹曲,1
6585,懸吹曲夜,1
6586,吹曲夜雞,1
6587,曲夜雞斷,1
6588,夜雞斷問,1
6589,雞斷問安,1
6590,斷問安時,1
6591,問安時塵,1
6592,安時塵陌,1
6593,時塵陌都,1
6594,塵陌都人,1
6595,陌都人恨,1
6596,都人恨霜,1
6597,人恨霜郊,1
6598,恨霜郊賵,1
6599,霜郊賵馬,1
6600,郊賵馬悲,1
6601,賵馬悲唯,1
6602,馬悲唯餘,1
6603,悲唯餘埋,1
6604,唯餘埋璧,1
6605,餘埋璧地,1
6606,埋璧地煙,1
6607,璧地煙草,1
6608,地煙草近,1
6609,煙草近丹,1
6610,草近丹墀,1
6611,近丹墀王,1
6612,丹墀王筆,1
6613,墀王筆活,1
6614,王筆活鸞,1
6615,筆活鸞鳳,1
6616,活鸞鳳謝,1
6617,鸞鳳謝詩,1
6618,鳳謝詩生,1
6619,謝詩生芙,1
6620,詩生芙蓉,1
6621,生芙蓉學,1
6622,芙蓉學筵,1
6623,蓉學筵開,1
6624,學筵開絳,1
6625,筵開絳帳,1
6626,開絳帳談,1
6627,絳帳談柄,1
6628,帳談柄發,1
6629,談柄發洪,1
6630,柄發洪鐘,1
6631,發洪鐘粉,1
6632,洪鐘粉署,1
6633,鐘粉署見,1
6634,粉署見飛,1
6635,署見飛鵩,1
6636,見飛鵩玉,1
6637,飛鵩玉山,1
6638,鵩玉山猜,1
6639,玉山猜臥,1
6640,山猜臥龍,1
6641,猜臥龍遺,1
6642,臥龍遺風,1
6643,龍遺風麗,1
6644,遺風麗清,1
6645,風麗清韻,1
6646,麗清韻蕭,1
6647,清韻蕭散,1
6648,韻蕭散九,1
6649,蕭散九原,1
6650,散九原松,1
6651,九原松麈,1
6652,原松麈尾,1
6653,松麈尾近,1
6654,麈尾近良,1
6655,尾近良玉,1
6656,近良玉鶴,1
6657,良玉鶴裘,1
6658,玉鶴裘吹,1
6659,鶴裘吹素,1
6660,裘吹素絲,1
6661,吹素絲壞,1
6662,素絲壞陵,1
6663,絲壞陵殷,1
6664,壞陵殷浩,1
6665,陵殷浩謫,1
6666,殷浩謫春,1
6667,浩謫春墅,1
6668,謫春墅謝,1
6669,春墅謝安,1
6670,墅謝安棋,1
6671,謝安棋京,1
6672,安棋京口,1
6673,棋京口貴,1
6674,京口貴公,1
6675,口貴公子,1
6676,貴公子襄,1
6677,公子襄陽,1
6678,子襄陽諸,1
6679,襄陽諸女,1
6680,陽諸女兒,1
6681,諸女兒折,1
6682,女兒折花,1
6683,兒折花兼,1
6684,折花兼踏,1
6685,花兼踏月,1
6686,兼踏月多,1
6687,踏月多唱,1
6688,月多唱柳,1
6689,多唱柳郎,1
6690,唱柳郎詞,1
6691,柳郎詞梨,1
6692,郎詞梨花,1
6693,詞梨花雪,1
6694,梨花雪壓,1
6695,花雪壓枝,1
6696,雪壓枝鶯,1
6697,壓枝鶯囀,1
6698,枝鶯囀柳,1
6699,鶯囀柳如,1
6700,囀柳如絲,1
6701,柳如絲懶,1
6702,如絲懶逐,1
6703,絲懶逐妝,1
6704,懶逐妝成,1
6705,逐妝成曉,1
6706,妝成曉春,1
6707,成曉春融,1
6708,曉春融夢,1
6709,春融夢覺,1
6710,融夢覺遲,1
6711,夢覺遲鬢,1
6712,覺遲鬢輕,1
6713,遲鬢輕全,1
6714,鬢輕全作,1
6715,輕全作影,1
6716,全作影嚬,1
6717,作影嚬淺,1
6718,影嚬淺未,1
6719,嚬淺未成,1
6720,淺未成眉,1
6721,未成眉莫,1
6722,成眉莫信,1
6723,眉莫信張,1
6724,莫信張公,1
6725,信張公子,1
6726,張公子窗,1
6727,公子窗間,1
6728,子窗間斷,1
6729,窗間斷暗,1
6730,間斷暗期,1
6731,斷暗期花,1
6732,暗期花紅,1
6733,期花紅蘭,1
6734,花紅蘭紫,1
6735,紅蘭紫莖,1
6736,蘭紫莖愁,1
6737,紫莖愁草,1
6738,莖愁草雨,1
6739,愁草雨新,1
6740,草雨新晴,1
6741,雨新晴柳,1
6742,新晴柳占,1
6743,晴柳占三,1
6744,柳占三春,1
6745,占三春色,1
6746,三春色鶯,1
6747,春色鶯偷,1
6748,色鶯偷百,1
6749,鶯偷百鳥,1
6750,偷百鳥聲,1
6751,百鳥聲日,1
6752,鳥聲日長,1
6753,聲日長嫌,1
6754,日長嫌輦,1
6755,長嫌輦重,1
6756,嫌輦重風,1
6757,輦重風暖,1
6758,重風暖覺,1
6759,風暖覺衣,1
6760,暖覺衣輕,1
6761,覺衣輕薄,1
6762,衣輕薄暮,1
6763,輕薄暮香,1
6764,薄暮香塵,1
6765,暮香塵起,1
6766,香塵起長,1
6767,塵起長楊,1
6768,起長楊落,1
6769,長楊落照,1
6770,楊落照明,1
6771,落照明乳,1
6772,照明乳竇,1
6773,明乳竇濺,1
6774,乳竇濺濺,1
6775,竇濺濺通,1
6776,濺濺通石,1
6777,濺通石脈,1
6778,通石脈綠,1
6779,石脈綠塵,1
6780,脈綠塵愁,1
6781,綠塵愁草,1
6782,塵愁草春,1
6783,愁草春江,1
6784,草春江色,1
6785,春江色澗,1
6786,江色澗花,1
6787,色澗花入,1
6788,澗花入井,1
6789,花入井水,1
6790,入井水味,1
6791,井水味香,1
6792,水味香山,1
6793,味香山月,1
6794,香山月當,1
6795,山月當人,1
6796,月當人松,1
6797,當人松影,1
6798,人松影直,1
6799,松影直仙,1
6800,影直仙翁,1
6801,直仙翁白,1
6802,仙翁白扇,1
6803,翁白扇霜,1
6804,白扇霜鳥,1
6805,扇霜鳥翎,1
6806,霜鳥翎拂,1
6807,鳥翎拂壇,1
6808,翎拂壇夜,1
6809,拂壇夜讀,1
6810,壇夜讀黃,1
6811,夜讀黃庭,1
6812,讀黃庭經,1
6813,黃庭經疏,1
6814,庭經疏香,1
6815,經疏香皓,1
6816,疏香皓齒,1
6817,香皓齒有,1
6818,皓齒有餘,1
6819,齒有餘味,1
6820,有餘味更,1
6821,餘味更覺,1
6822,味更覺鶴,1
6823,更覺鶴心,1
6824,覺鶴心通,1
6825,鶴心通杳,1
6826,心通杳冥,1
6827,通杳冥淺,1
6828,杳冥淺草,1
6829,冥淺草幹,1
6830,淺草幹河,1
6831,草幹河闊,1
6832,幹河闊叢,1
6833,河闊叢棘,1
6834,闊叢棘廢,1
6835,叢棘廢城,1
6836,棘廢城高,1
6837,廢城高白,1
6838,城高白馬,1
6839,高白馬犀,1
6840,白馬犀匕,1
6841,馬犀匕首,1
6842,犀匕首黑,1
6843,匕首黑裘,1
6844,首黑裘金,1
6845,黑裘金佩,1
6846,裘金佩刀,1
6847,金佩刀霜,1
6848,佩刀霜清,1
6849,刀霜清澈,1
6850,霜清澈兔,1
6851,清澈兔目,1
6852,澈兔目風,1
6853,兔目風急,1
6854,目風急吹,1
6855,風急吹雕,1
6856,急吹雕毛,1
6857,吹雕毛一,1
6858,雕毛一經,1
6859,毛一經何,1
6860,一經何用,1
6861,經何用厄,1
6862,何用厄日,1
6863,用厄日暮,1
6864,厄日暮涕,1
6865,日暮涕沾,1
6866,暮涕沾袍,1
6867,涕沾袍路,1
6868,沾袍路分,1
6869,袍路分溪,1
6870,路分溪石,1
6871,分溪石夾,1
6872,溪石夾煙,1
6873,石夾煙叢,1
6874,夾煙叢十,1
6875,煙叢十裏,1
6876,叢十裏蕭,1
6877,十裏蕭蕭,1
6878,裏蕭蕭古,1
6879,蕭蕭古樹,1
6880,蕭古樹風,1
6881,古樹風出,1
6882,樹風出寺,1
6883,風出寺馬,1
6884,出寺馬嘶,1
6885,寺馬嘶秋,1
6886,馬嘶秋色,1
6887,嘶秋色裏,1
6888,秋色裏向,1
6889,色裏向陵,1
6890,裏向陵鴉,1
6891,向陵鴉亂,1
6892,陵鴉亂夕,1
6893,鴉亂夕陽,1
6894,亂夕陽中,1
6895,夕陽中竹,1
6896,陽中竹間,1
6897,中竹間泉,1
6898,竹間泉落,1
6899,間泉落山,1
6900,泉落山廚,1
6901,落山廚靜,1
6902,山廚靜塔,1
6903,廚靜塔下,1
6904,靜塔下僧,1
6905,塔下僧歸,1
6906,下僧歸影,1
6907,僧歸影殿,1
6908,歸影殿空,1
6909,影殿空猶,1
6910,殿空猶有,1
6911,空猶有南,1
6912,猶有南朝,1
6913,有南朝舊,1
6914,南朝舊碑,1
6915,朝舊碑在,1
6916,舊碑在恥,1
6917,碑在恥將,1
6918,在恥將興,1
6919,恥將興廢,1
6920,將興廢問,1
6921,興廢問休,1
6922,廢問休公,1
6923,問休公十,1
6924,休公十年,1
6925,公十年分,1
6926,十年分散,1
6927,年分散劍,1
6928,分散劍關,1
6929,散劍關秋,1
6930,劍關秋萬,1
6931,關秋萬事,1
6932,秋萬事皆,1
6933,萬事皆隨,1
6934,事皆隨錦,1
6935,皆隨錦水,1
6936,隨錦水流,1
6937,錦水流志,1
6938,水流志氣,1
6939,流志氣已,1
6940,志氣已曾,1
6941,氣已曾明,1
6942,已曾明漢,1
6943,曾明漢節,1
6944,明漢節功,1
6945,漢節功名,1
6946,節功名猶,1
6947,功名猶自,1
6948,名猶自滯,1
6949,猶自滯吳,1
6950,自滯吳鉤,1
6951,滯吳鉤雕,1
6952,吳鉤雕邊,1
6953,鉤雕邊認,1
6954,雕邊認箭,1
6955,邊認箭寒,1
6956,認箭寒雲,1
6957,箭寒雲重,1
6958,寒雲重馬,1
6959,雲重馬上,1
6960,重馬上聽,1
6961,馬上聽笳,1
6962,上聽笳塞,1
6963,聽笳塞草,1
6964,笳塞草愁,1
6965,塞草愁今,1
6966,草愁今日,1
6967,愁今日逢,1
6968,今日逢君,1
6969,日逢君倍,1
6970,逢君倍惆,1
6971,君倍惆悵,1
6972,倍惆悵灌,1
6973,惆悵灌嬰,1
6974,悵灌嬰韓,1
6975,灌嬰韓信,1
6976,嬰韓信盡,1
6977,韓信盡封,1
6978,信盡封侯,1
6979,盡封侯晴,1
6980,封侯晴江,1
6981,侯晴江如,1
6982,晴江如鏡,1
6983,江如鏡月,1
6984,如鏡月如,1
6985,鏡月如鉤,1
6986,月如鉤泛,1
6987,如鉤泛灩,1
6988,鉤泛灩蒼,1
6989,泛灩蒼茫,1
6990,灩蒼茫送,1
6991,蒼茫送客,1
6992,茫送客愁,1
6993,送客愁衣,1
6994,客愁衣淚,1
6995,愁衣淚潛,1
6996,衣淚潛生,1
6997,淚潛生竹,1
6998,潛生竹枝,1
6999,生竹枝曲,1
7000,竹枝曲春,1
7001,枝曲春潮,1
7002,曲春潮遙,1
7003,春潮遙上,1
7004,潮遙上木,1
7005,遙上木蘭,1
7006,上木蘭舟,1
7007,木蘭舟事,1
7008,蘭舟事隨,1
7009,舟事隨雲,1
7010,事隨雲去,1
7011,隨雲去身,1
7012,雲去身難,1
7013,去身難到,1
7014,身難到夢,1
7015,難到夢逐,1
7016,到夢逐煙,1
7017,夢逐煙銷,1
7018,逐煙銷水,1
7019,煙銷水自,1
7020,銷水自流,1
7021,水自流昨,1
7022,自流昨日,1
7023,流昨日歡,1
7024,昨日歡娛,1
7025,日歡娛竟,1
7026,歡娛竟何,1
7027,娛竟何在,1
7028,竟何在一,1
7029,何在一枝,1
7030,在一枝梅,1
7031,一枝梅謝,1
7032,枝梅謝楚,1
7033,梅謝楚江,1
7034,謝楚江頭,1
7035,楚江頭石,1
7036,江頭石路,1
7037,頭石路無,1
7038,石路無塵,1
7039,路無塵竹,1
7040,無塵竹徑,1
7041,塵竹徑開,1
7042,竹徑開昔,1
7043,徑開昔年,1
7044,開昔年曾,1
7045,年曾伴戴,1
7046,曾伴戴顒,1
7047,伴戴顒來,1
7048,戴顒來窗,1
7049,顒來窗間,1
7050,來窗間半,1
7051,窗間半偈,1
7052,間半偈聞,1
7053,半偈聞鐘,1
7054,偈聞鐘後,1
7055,聞鐘後松,1
7056,鐘後松下,1
7057,後松下殘,1
7058,松下殘棋,1
7059,下殘棋送,1
7060,殘棋送客,1
7061,棋送客回,1
7062,送客回簾,1
7063,客回簾向,1
7064,回簾向玉,1
7065,簾向玉峰,1
7066,向玉峰藏,1
7067,玉峰藏夜,1
7068,峰藏夜雪,1
7069,藏夜雪砌,1
7070,夜雪砌因,1
7071,雪砌因藍,1
7072,砌因藍水,1
7073,因藍水長,1
7074,藍水長秋,1
7075,水長秋苔,1
7076,長秋苔白,1
7077,秋苔白蓮,1
7078,苔白蓮社,1
7079,白蓮社裏,1
7080,蓮社裏如,1
7081,社裏如相,1
7082,裏如相問,1
7083,如相問為,1
7084,相問為說,1
7085,問為說遊,1
7086,為說遊人,1
7087,說遊人是,1
7088,遊人是姓,1
7089,人是姓雷,1
7090,是姓雷百,1
7091,姓雷百尺,1
7092,雷百尺青,1
7093,百尺青崖,1
7094,尺青崖三,1
7095,青崖三尺,1
7096,崖三尺墳,1
7097,三尺墳微,1
7098,尺墳微言,1
7099,墳微言已,1
7100,微言已絕,1
7101,言已絕杳,1
7102,已絕杳難,1
7103,絕杳難聞,1
7104,杳難聞戴,1
7105,難聞戴顒,1
7106,聞戴顒今,1
7107,戴顒今日,1
7108,顒今日稱,1
7109,今日稱居,1
7110,日稱居士,1
7111,稱居士支,1
7112,居士支遁,1
7113,士支遁他,1
7114,支遁他年,1
7115,遁他年識,1
7116,他年識領,1
7117,年識領軍,1
7118,識領軍暫,1
7119,領軍暫對,1
7120,軍暫對杉,1
7121,暫對杉松,1
7122,對杉松如,1
7123,杉松如結,1
7124,松如結社,1
7125,如結社偶,1
7126,結社偶同,1
7127,社偶同麋,1
7128,偶同麋鹿,1
7129,同麋鹿自,1
7130,麋鹿自成,1
7131,鹿自成群,1
7132,自成群故,1
7133,成群故山,1
7134,群故山弟,1
7135,故山弟子,1
7136,山弟子空,1
7137,弟子空回,1
7138,子空回首,1
7139,空回首蔥,1
7140,回首蔥嶺,1
7141,首蔥嶺唯,1
7142,蔥嶺唯應,1
7143,嶺唯應見,1
7144,唯應見宋,1
7145,應見宋雲,1
7146,見宋雲水,1
7147,宋雲水玉,1
7148,雲水玉簪,1
7149,水玉簪頭,1
7150,玉簪頭白,1
7151,簪頭白角,1
7152,頭白角巾,1
7153,白角巾瑤,1
7154,角巾瑤琴,1
7155,巾瑤琴寂,1
7156,瑤琴寂曆,1
7157,琴寂曆拂,1
7158,寂曆拂輕,1
7159,曆拂輕塵,1
7160,拂輕塵濃,1
7161,輕塵濃陰,1
7162,塵濃陰似,1
7163,濃陰似帳,1
7164,陰似帳紅,1
7165,似帳紅薇,1
7166,帳紅薇晚,1
7167,紅薇晚細,1
7168,薇晚細雨,1
7169,晚細雨如,1
7170,細雨如煙,1
7171,雨如煙碧,1
7172,如煙碧草,1
7173,煙碧草春,1
7174,碧草春隔,1
7175,草春隔竹,1
7176,春隔竹見,1
7177,隔竹見籠,1
7178,竹見籠疑,1
7179,見籠疑有,1
7180,籠疑有鶴,1
7181,疑有鶴捲,1
7182,有鶴捲簾,1
7183,鶴捲簾看,1
7184,捲簾看畫,1
7185,簾看畫靜,1
7186,看畫靜無,1
7187,畫靜無人,1
7188,靜無人南,1
7189,無人南山,1
7190,人南山自,1
7191,南山自是,1
7192,山自是忘,1
7193,自是忘年,1
7194,是忘年友,1
7195,忘年友谷,1
7196,年友谷口,1
7197,友谷口徒,1
7198,谷口徒稱,1
7199,口徒稱鄭,1
7200,徒稱鄭子,1
7201,稱鄭子真,1
7202,鄭子真澹,1
7203,子真澹然,1
7204,真澹然空,1
7205,澹然空水,1
7206,然空水對,1
7207,空水對斜,1
7208,水對斜暉,1
7209,對斜暉曲,1
7210,斜暉曲島,1
7211,暉曲島蒼,1
7212,曲島蒼茫,1
7213,島蒼茫接,1
7214,蒼茫接翠,1
7215,茫接翠微,1
7216,接翠微波,1
7217,翠微波上,1
7218,微波上馬,1
7219,波上馬嘶,1
7220,上馬嘶看,1
7221,馬嘶看棹,1
7222,嘶看棹去,1
7223,看棹去柳,1
7224,棹去柳邊,1
7225,去柳邊人,1
7226,柳邊人歇,1
7227,邊人歇待,1
7228,人歇待船,1
7229,歇待船歸,1
7230,待船歸數,1
7231,船歸數叢,1
7232,歸數叢沙,1
7233,數叢沙草,1
7234,叢沙草群,1
7235,沙草群鷗,1
7236,草群鷗散,1
7237,群鷗散萬,1
7238,鷗散萬頃,1
7239,散萬頃江,1
7240,萬頃江田,1
7241,頃江田一,1
7242,江田一鷺,1
7243,田一鷺飛,1
7244,一鷺飛誰,1
7245,鷺飛誰解,1
7246,飛誰解乘,1
7247,誰解乘舟,1
7248,解乘舟尋,1
7249,乘舟尋範,1
7250,舟尋範蠡,1
7251,尋範蠡五,1
7252,範蠡五湖,1
7253,蠡五湖煙,1
7254,五湖煙水,1
7255,湖煙水獨,1
7256,煙水獨忘,1
7257,水獨忘機,1
7258,獨忘機誰,1
7259,忘機誰言,1
7260,機誰言荀,1
7261,誰言荀羨,1
7262,言荀羨愛,1
7263,荀羨愛功,1
7264,羨愛功勳,1
7265,愛功勳年,1
7266,功勳年少,1
7267,勳年少登,1
7268,年少登壇,1
7269,少登壇眾,1
7270,登壇眾所,1
7271,壇眾所聞,1
7272,眾所聞曾,1
7273,所聞曾以,1
7274,聞曾以能,1
7275,曾以能書,1
7276,以能書稱,1
7277,能書稱內,1
7278,書稱內史,1
7279,稱內史又,1
7280,內史又因,1
7281,史又因明,1
7282,又因明易,1
7283,因明易號,1
7284,明易號將,1
7285,易號將軍,1
7286,號將軍金,1
7287,將軍金溝,1
7288,軍金溝故,1
7289,金溝故事,1
7290,溝故事春,1
7291,故事春長,1
7292,事春長在,1
7293,春長在玉,1
7294,長在玉軸,1
7295,在玉軸遺,1
7296,玉軸遺文,1
7297,軸遺文火,1
7298,遺文火半,1
7299,文火半焚,1
7300,火半焚不,1
7301,半焚不學,1
7302,焚不學龍,1
7303,不學龍驤,1
7304,學龍驤畫,1
7305,龍驤畫山,1
7306,驤畫山水,1
7307,畫山水醉,1
7308,山水醉鄉,1
7309,水醉鄉無,1
7310,醉鄉無跡,1
7311,鄉無跡似,1
7312,無跡似閑,1
7313,跡似閑雲,1
7314,似閑雲紅,1
7315,閑雲紅深,1
7316,雲紅深綠,1
7317,紅深綠暗,1
7318,深綠暗徑,1
7319,綠暗徑相,1
7320,暗徑相交,1
7321,徑相交抱,1
7322,相交抱暖,1
7323,交抱暖含,1
7324,抱暖含芳,1
7325,暖含芳披,1
7326,含芳披紫,1
7327,芳披紫袍,1
7328,披紫袍彩,1
7329,紫袍彩索,1
7330,袍彩索平,1
7331,彩索平時,1
7332,索平時牆,1
7333,平時牆婉,1
7334,時牆婉娩,1
7335,牆婉娩輕,1
7336,婉娩輕球,1
7337,娩輕球落,1
7338,輕球落處,1
7339,球落處晚,1
7340,落處晚寥,1
7341,處晚寥梢,1
7342,晚寥梢窗,1
7343,寥梢窗中,1
7344,梢窗中草,1
7345,窗中草色,1
7346,中草色妒,1
7347,草色妒雞,1
7348,色妒雞卵,1
7349,妒雞卵盤,1
7350,雞卵盤上,1
7351,卵盤上芹,1
7352,盤上芹泥,1
7353,上芹泥憎,1
7354,芹泥憎燕,1
7355,泥憎燕巢,1
7356,憎燕巢自,1
7357,燕巢自有,1
7358,巢自有玉,1
7359,自有玉樓,1
7360,有玉樓春,1
7361,玉樓春意,1
7362,樓春意在,1
7363,春意在不,1
7364,意在不能,1
7365,在不能騎,1
7366,不能騎馬,1
7367,能騎馬度,1
7368,騎馬度煙,1
7369,馬度煙郊,1
7370,度煙郊高,1
7371,煙郊高談,1
7372,郊高談有,1
7373,高談有伴,1
7374,談有伴還,1
7375,有伴還成,1
7376,伴還成藪,1
7377,還成藪沉,1
7378,成藪沉醉,1
7379,藪沉醉無,1
7380,沉醉無期,1
7381,醉無期即,1
7382,無期即是,1
7383,期即是鄉,1
7384,即是鄉已,1
7385,是鄉已恨,1
7386,鄉已恨流,1
7387,已恨流鶯,1
7388,恨流鶯欺,1
7389,流鶯欺謝,1
7390,鶯欺謝客,1
7391,欺謝客更,1
7392,謝客更將,1
7393,客更將浮,1
7394,更將浮蟻,1
7395,將浮蟻與,1
7396,浮蟻與劉,1
7397,蟻與劉郎,1
7398,與劉郎簷,1
7399,劉郎簷前,1
7400,郎簷前柳,1
7401,簷前柳色,1
7402,前柳色分,1
7403,柳色分張,1
7404,色分張綠,1
7405,分張綠窗,1
7406,張綠窗外,1
7407,綠窗外花,1
7408,窗外花枝,1
7409,外花枝借,1
7410,花枝借助,1
7411,枝借助香,1
7412,借助香所,1
7413,助香所恨,1
7414,香所恨玳,1
7415,所恨玳筵,1
7416,恨玳筵紅,1
7417,玳筵紅燭,1
7418,筵紅燭夜,1
7419,紅燭夜草,1
7420,燭夜草玄,1
7421,夜草玄寥,1
7422,草玄寥落,1
7423,玄寥落近,1
7424,寥落近回,1
7425,落近回塘,1
7426,近回塘稻,1
7427,回塘稻田,1
7428,塘稻田鳧,1
7429,稻田鳧雁,1
7430,田鳧雁滿,1
7431,鳧雁滿晴,1
7432,雁滿晴沙,1
7433,滿晴沙釣,1
7434,晴沙釣渚,1
7435,沙釣渚歸,1
7436,釣渚歸來,1
7437,渚歸來一,1
7438,歸來一徑,1
7439,來一徑斜,1
7440,一徑斜門,1
7441,徑斜門帶,1
7442,斜門帶果,1
7443,門帶果林,1
7444,帶果林招,1
7445,果林招邑,1
7446,林招邑吏,1
7447,招邑吏井,1
7448,邑吏井分,1
7449,吏井分蔬,1
7450,井分蔬圃,1
7451,分蔬圃屬,1
7452,蔬圃屬鄰,1
7453,圃屬鄰家,1
7454,屬鄰家皋,1
7455,鄰家皋原,1
7456,家皋原寂,1
7457,皋原寂曆,1
7458,原寂曆垂,1
7459,寂曆垂禾,1
7460,曆垂禾穗,1
7461,垂禾穗桑,1
7462,禾穗桑竹,1
7463,穗桑竹參,1
7464,桑竹參差,1
7465,竹參差映,1
7466,參差映豆,1
7467,差映豆花,1
7468,映豆花自,1
7469,豆花自笑,1
7470,花自笑謾,1
7471,自笑謾懷,1
7472,笑謾懷經,1
7473,謾懷經濟,1
7474,懷經濟策,1
7475,經濟策不,1
7476,濟策不將,1
7477,策不將心,1
7478,心事許煙,1
7479,事許煙霞,1
7480,許煙霞月,1
7481,煙霞月榭,1
7482,霞月榭風,1
7483,月榭風亭,1
7484,榭風亭繞,1
7485,風亭繞曲,1
7486,亭繞曲池,1
7487,繞曲池粉,1
7488,曲池粉垣,1
7489,池粉垣回,1
7490,粉垣回互,1
7491,垣回互瓦,1
7492,回互瓦參,1
7493,互瓦參差,1
7494,瓦參差侵,1
7495,參差侵簾,1
7496,差侵簾片,1
7497,侵簾片白,1
7498,簾片白搖,1
7499,片白搖翻,1
7500,白搖翻影,1
7501,搖翻影落,1
7502,翻影落鏡,1
7503,影落鏡愁,1
7504,落鏡愁紅,1
7505,鏡愁紅寫,1
7506,愁紅寫倒,1
7507,紅寫倒枝,1
7508,寫倒枝鸂,1
7509,倒枝鸂鶒,1
7510,枝鸂鶒刷,1
7511,鸂鶒刷毛,1
7512,鶒刷毛花,1
7513,刷毛花蕩,1
7514,毛花蕩漾,1
7515,花蕩漾鷺,1
7516,蕩漾鷺鷥,1
7517,漾鷺鷥拳,1
7518,鷺鷥拳足,1
7519,鷥拳足雪,1
7520,拳足雪離,1
7521,足雪離披,1
7522,雪離披山,1
7523,離披山翁,1
7524,披山翁醉,1
7525,山翁醉後,1
7526,翁醉後如,1
7527,醉後如相,1
7528,後如相憶,1
7529,如相憶羽,1
7530,相憶羽扇,1
7531,憶羽扇清,1
7532,羽扇清樽,1
7533,扇清樽我,1
7534,清樽我自,1
7535,樽我自知,1
7536,我自知湖,1
7537,自知湖上,1
7538,知湖上微,1
7539,湖上微風,1
7540,上微風入,1
7541,微風入檻,1
7542,風入檻涼,1
7543,入檻涼翻,1
7544,檻涼翻翻,1
7545,涼翻翻菱,1
7546,翻翻菱荇,1
7547,翻菱荇滿,1
7548,菱荇滿回,1
7549,荇滿回塘,1
7550,滿回塘野,1
7551,回塘野船,1
7552,塘野船著,1
7553,野船著岸,1
7554,船著岸偎,1
7555,著岸偎春,1
7556,岸偎春草,1
7557,偎春草水,1
7558,春草水鳥,1
7559,草水鳥帶,1
7560,水鳥帶波,1
7561,鳥帶波飛,1
7562,帶波飛夕,1
7563,波飛夕陽,1
7564,飛夕陽蘆,1
7565,夕陽蘆葉,1
7566,陽蘆葉有,1
7567,蘆葉有聲,1
7568,葉有聲疑,1
7569,有聲疑霧,1
7570,聲疑霧雨,1
7571,疑霧雨浪,1
7572,霧雨浪花,1
7573,雨浪花無,1
7574,浪花無際,1
7575,花無際似,1
7576,無際似瀟,1
7577,際似瀟湘,1
7578,似瀟湘飄,1
7579,瀟湘飄然,1
7580,湘飄然篷,1
7581,飄然篷艇,1
7582,然篷艇東,1
7583,篷艇東歸,1
7584,艇東歸客,1
7585,東歸客盡,1
7586,歸客盡日,1
7587,客盡日相,1
7588,盡日相看,1
7589,日相看憶,1
7590,相看憶楚,1
7591,看憶楚鄉,1
7592,憶楚鄉一,1
7593,楚鄉一朝,1
7594,鄉一朝辭,1
7595,一朝辭滿,1
7596,朝辭滿有,1
7597,辭滿有心,1
7598,滿有心期,1
7599,有心期花,1
7600,心期花發,1
7601,期花發楊,1
7602,花發楊園,1
7603,發楊園雪,1
7604,楊園雪壓,1
7605,園雪壓枝,1
7606,雪壓枝劉,1
7607,壓枝劉尹,1
7608,枝劉尹故,1
7609,劉尹故人,1
7610,尹故人諳,1
7611,故人諳往,1
7612,人諳往事,1
7613,諳往事謝,1
7614,往事謝郎,1
7615,事謝郎諸,1
7616,謝郎諸弟,1
7617,郎諸弟得,1
7618,諸弟得新,1
7619,弟得新知,1
7620,得新知金,1
7621,新知金釵,1
7622,知金釵醉,1
7623,金釵醉就,1
7624,釵醉就胡,1
7625,醉就胡姬,1
7626,就胡姬畫,1
7627,胡姬畫玉,1
7628,姬畫玉管,1
7629,畫玉管閑,1
7630,玉管閑留,1
7631,管閑留洛,1
7632,閑留洛客,1
7633,留洛客吹,1
7634,洛客吹記,1
7635,客吹記得,1
7636,吹記得襄,1
7637,記得襄陽,1
7638,得襄陽耆,1
7639,襄陽耆舊,1
7640,陽耆舊語,1
7641,耆舊語不,1
7642,舊語不堪,1
7643,語不堪風,1
7644,不堪風景,1
7645,堪風景峴,1
7646,風景峴山,1
7647,景峴山碑,1
7648,峴山碑曾,1
7649,山碑曾識,1
7650,碑曾識匡,1
7651,曾識匡山,1
7652,識匡山遠,1
7653,匡山遠法,1
7654,山遠法師,1
7655,遠法師低,1
7656,法師低松,1
7657,師低松片,1
7658,低松片石,1
7659,松片石對,1
7660,片石對前,1
7661,石對前墀,1
7662,對前墀為,1
7663,前墀為尋,1
7664,墀為尋名,1
7665,為尋名畫,1
7666,尋名畫來,1
7667,名畫來過,1
7668,畫來過院,1
7669,來過院因,1
7670,過院因訪,1
7671,院因訪閒,1
7672,因訪閒人,1
7673,訪閒人得,1
7674,閒人得看,1
7675,人得看棋,1
7676,得看棋新,1
7677,看棋新雁,1
7678,棋新雁參,1
7679,新雁參差,1
7680,雁參差雲,1
7681,參差雲碧,1
7682,差雲碧處,1
7683,雲碧處寒,1
7684,碧處寒鴉,1
7685,處寒鴉遼,1
7686,寒鴉遼亂,1
7687,鴉遼亂葉,1
7688,遼亂葉紅,1
7689,亂葉紅時,1
7690,葉紅時自,1
7691,紅時自知,1
7692,時自知終,1
7693,自知終有,1
7694,知終有張,1
7695,終有張華,1
7696,有張華識,1
7697,張華識不,1
7698,華識不向,1
7699,識不向滄,1
7700,不向滄洲,1
7701,向滄洲理,1
7702,滄洲理釣,1
7703,洲理釣絲,1
7704,理釣絲微,1
7705,釣絲微風,1
7706,絲微風和,1
7707,微風和暖,1
7708,風和暖日,1
7709,和暖日鮮,1
7710,暖日鮮明,1
7711,日鮮明草,1
7712,鮮明草色,1
7713,明草色迷,1
7714,草色迷人,1
7715,色迷人向,1
7716,迷人向渭,1
7717,人向渭城,1
7718,向渭城吳,1
7719,渭城吳客,1
7720,城吳客捲,1
7721,吳客捲簾,1
7722,客捲簾閑,1
7723,捲簾閑不,1
7724,簾閑不語,1
7725,閑不語楚,1
7726,不語楚娥,1
7727,語楚娥攀,1
7728,楚娥攀樹,1
7729,娥攀樹獨,1
7730,攀樹獨含,1
7731,樹獨含情,1
7732,獨含情紅,1
7733,含情紅垂,1
7734,情紅垂果,1
7735,紅垂果蒂,1
7736,垂果蒂櫻,1
7737,果蒂櫻桃,1
7738,蒂櫻桃重,1
7739,櫻桃重黃,1
7740,桃重黃染,1
7741,重黃染花,1
7742,黃染花叢,1
7743,染花叢蝶,1
7744,花叢蝶粉,1
7745,叢蝶粉輕,1
7746,蝶粉輕自,1
7747,粉輕自恨,1
7748,輕自恨青,1
7749,自恨青樓,1
7750,恨青樓無,1
7751,青樓無近,1
7752,樓無近信,1
7753,無近信不,1
7754,近信不將,1
7755,信不將心,1
7756,心事許卿,1
7757,事許卿卿,1
7758,許卿卿釣,1
7759,卿卿釣輪,1
7760,卿釣輪形,1
7761,釣輪形與,1
7762,輪形與月,1
7763,形與月輪,1
7764,與月輪同,1
7765,月輪同獨,1
7766,輪同獨繭,1
7767,同獨繭和,1
7768,獨繭和煙,1
7769,繭和煙影,1
7770,和煙影似,1
7771,煙影似空,1
7772,影似空若,1
7773,似空若向,1
7774,空若向三,1
7775,若向三湘,1
7776,向三湘逢,1
7777,三湘逢雁,1
7778,湘逢雁信,1
7779,逢雁信莫,1
7780,雁信莫辭,1
7781,信莫辭千,1
7782,莫辭千里,1
7783,辭千里寄,1
7784,千里寄漁,1
7785,里寄漁翁,1
7786,寄漁翁篷,1
7787,漁翁篷聲,1
7788,翁篷聲夜,1
7789,篷聲夜滴,1
7790,聲夜滴松,1
7791,夜滴松江,1
7792,滴松江雨,1
7793,松江雨菱,1
7794,江雨菱葉,1
7795,雨菱葉秋,1
7796,菱葉秋傳,1
7797,葉秋傳鏡,1
7798,秋傳鏡水,1
7799,傳鏡水風,1
7800,鏡水風終,1
7801,水風終日,1
7802,風終日垂,1
7803,終日垂鉤,1
7804,日垂鉤還,1
7805,垂鉤還有,1
7806,鉤還有意,1
7807,還有意尺,1
7808,有意尺書,1
7809,意尺書多,1
7810,尺書多在,1
7811,書多在錦,1
7812,多在錦鱗,1
7813,在錦鱗中,1
7814,錦鱗中聞,1
7815,鱗中聞說,1
7816,中聞說蕭,1
7817,聞說蕭郎,1
7818,說蕭郎逐,1
7819,蕭郎逐逝,1
7820,郎逐逝川,1
7821,逐逝川伯,1
7822,逝川伯牙,1
7823,川伯牙因,1
7824,伯牙因此,1
7825,牙因此絕,1
7826,因此絕清,1
7827,此絕清弦,1
7828,絕清弦柳,1
7829,清弦柳邊,1
7830,弦柳邊猶,1
7831,柳邊猶憶,1
7832,邊猶憶青,1
7833,猶憶青驄,1
7834,憶青驄影,1
7835,青驄影墳,1
7836,驄影墳上,1
7837,影墳上俄,1
7838,墳上俄生,1
7839,上俄生碧,1
7840,俄生碧草,1
7841,生碧草煙,1
7842,碧草煙篋,1
7843,草煙篋裏,1
7844,煙篋裏詩,1
7845,篋裏詩書,1
7846,裏詩書疑,1
7847,詩書疑謝,1
7848,書疑謝後,1
7849,疑謝後夢,1
7850,謝後夢中,1
7851,後夢中風,1
7852,夢中風貌,1
7853,中風貌似,1
7854,風貌似潘,1
7855,貌似潘前,1
7856,似潘前他,1
7857,潘前他時,1
7858,前他時若,1
7859,他時若到,1
7860,時若到相,1
7861,若到相尋,1
7862,到相尋處,1
7863,相尋處碧,1
7864,尋處碧樹,1
7865,處碧樹紅,1
7866,碧樹紅樓,1
7867,樹紅樓自,1
7868,紅樓自宛,1
7869,樓自宛然,1
7870,自宛然晉,1
7871,宛然晉朝,1
7872,然晉朝名,1
7873,晉朝名輩,1
7874,朝名輩此,1
7875,名輩此離,1
7876,輩此離群,1
7877,此離群想,1
7878,離群想對,1
7879,群想對濃,1
7880,想對濃陰,1
7881,對濃陰去,1
7882,濃陰去住,1
7883,陰去住分,1
7884,去住分題,1
7885,住分題處,1
7886,分題處尚,1
7887,題處尚尋,1
7888,處尚尋王,1
7889,尚尋王內,1
7890,尋王內史,1
7891,王內史畫,1
7892,內史畫時,1
7893,史畫時應,1
7894,畫時應是,1
7895,時應是顧,1
7896,應是顧將,1
7897,是顧將軍,1
7898,顧將軍長,1
7899,將軍長廊,1
7900,軍長廊夜,1
7901,長廊夜靜,1
7902,廊夜靜聲,1
7903,夜靜聲疑,1
7904,靜聲疑雨,1
7905,聲疑雨古,1
7906,疑雨古殿,1
7907,雨古殿秋,1
7908,古殿秋深,1
7909,殿秋深影,1
7910,秋深影勝,1
7911,深影勝雲,1
7912,影勝雲一,1
7913,勝雲一下,1
7914,雲一下南,1
7915,一下南台,1
7916,下南台到,1
7917,南台到人,1
7918,台到人世,1
7919,到人世曉,1
7920,人世曉泉,1
7921,世曉泉清,1
7922,曉泉清籟,1
7923,泉清籟更,1
7924,清籟更難,1
7925,籟更難聞,1
7926,更難聞縱,1
7927,難聞縱得,1
7928,聞縱得步,1
7929,縱得步兵,1
7930,得步兵無,1
7931,步兵無綠,1
7932,兵無綠蟻,1
7933,無綠蟻不,1
7934,綠蟻不緣,1
7935,蟻不緣句,1
7936,不緣句漏,1
7937,緣句漏有,1
7938,句漏有丹,1
7939,漏有丹砂,1
7940,有丹砂殷,1
7941,丹砂殷勤,1
7942,砂殷勤為,1
7943,殷勤為報,1
7944,勤為報同,1
7945,為報同袍,1
7946,報同袍友,1
7947,同袍友我,1
7948,袍友我亦,1
7949,友我亦無,1
7950,我亦無心,1
7951,亦無心似,1
7952,無心似海,1
7953,心似海槎,1
7954,似海槎春,1
7955,海槎春服,1
7956,槎春服照,1
7957,春服照塵,1
7958,服照塵連,1
7959,照塵連草,1
7960,塵連草色,1
7961,連草色夜,1
7962,草色夜船,1
7963,色夜船聞,1
7964,夜船聞雨,1
7965,船聞雨滴,1
7966,聞雨滴蘆,1
7967,雨滴蘆花,1
7968,滴蘆花梅,1
7969,蘆花梅仙,1
7970,花梅仙自,1
7971,梅仙自是,1
7972,仙自是青,1
7973,自是青雲,1
7974,是青雲客,1
7975,青雲客莫,1
7976,雲客莫羨,1
7977,客莫羨相,1
7978,莫羨相如,1
7979,羨相如卻,1
7980,相如卻到,1
7981,如卻到家,1
7982,卻到家雨,1
7983,到家雨漲,1
7984,家雨漲西,1
7985,雨漲西塘,1
7986,漲西塘金,1
7987,西塘金堤,1
7988,塘金堤斜,1
7989,金堤斜碧,1
7990,堤斜碧草,1
7991,斜碧草芊,1
7992,碧草芊芊,1
7993,芊芊晴吐,1
7994,芊晴吐芽,1
7995,晴吐芽野,1
7996,吐芽野岸,1
7997,芽野岸明,1
7998,野岸明媚,1
7999,岸明媚山,1
8000,明媚山芍,1
8001,媚山芍藥,1
8002,山芍藥水,1
8003,芍藥水田,1
8004,藥水田叫,1
8005,水田叫噪,1
8006,田叫噪官,1
8007,叫噪官蝦,1
8008,噪官蝦蟆,1
8009,官蝦蟆鏡,1
8010,蝦蟆鏡中,1
8011,蟆鏡中有,1
8012,鏡中有浪,1
8013,中有浪動,1
8014,有浪動菱,1
8015,浪動菱蔓,1
8016,動菱蔓陌,1
8017,菱蔓陌上,1
8018,蔓陌上無,1
8019,陌上無風,1
8020,上無風飄,1
8021,無風飄柳,1
8022,風飄柳花,1
8023,飄柳花何,1
8024,柳花何事,1
8025,花何事輕,1
8026,何事輕橈,1
8027,事輕橈句,1
8028,輕橈句溪,1
8029,橈句溪客,1
8030,句溪客綠,1
8031,溪客綠萍,1
8032,客綠萍方,1
8033,綠萍方好,1
8034,萍方好不,1
8035,方好不歸,1
8036,好不歸家,1
8037,不歸家綠,1
8038,歸家綠塘,1
8039,家綠塘漾,1
8040,綠塘漾漾,1
8041,塘漾漾煙,1
8042,漾漾煙濛,1
8043,漾煙濛濛,1
8044,煙濛濛張,1
8045,濛濛張翰,1
8046,濛張翰此,1
8047,張翰此來,1
8048,翰此來情,1
8049,此來情不,1
8050,來情不窮,1
8051,情不窮雪,1
8052,不窮雪羽,1
8053,窮雪羽褵,1
8054,雪羽褵褷,1
8055,羽褵褷立,1
8056,褵褷立倒,1
8057,褷立倒影,1
8058,立倒影金,1
8059,倒影金鱗,1
8060,影金鱗撥,1
8061,金鱗撥剌,1
8062,鱗撥剌跳,1
8063,撥剌跳晴,1
8064,剌跳晴空,1
8065,跳晴空風,1
8066,晴空風翻,1
8067,空風翻荷,1
8068,風翻荷葉,1
8069,翻荷葉一,1
8070,荷葉一向,1
8071,葉一向白,1
8072,一向白雨,1
8073,向白雨濕,1
8074,白雨濕蓼,1
8075,雨濕蓼花,1
8076,濕蓼花千,1
8077,蓼花千穗,1
8078,花千穗紅,1
8079,千穗紅心,1
8080,穗紅心羨,1
8081,紅心羨夕,1
8082,心羨夕陽,1
8083,羨夕陽波,1
8084,夕陽波上,1
8085,陽波上客,1
8086,波上客片,1
8087,上客片時,1
8088,客片時歸,1
8089,片時歸夢,1
8090,時歸夢釣,1
8091,歸夢釣船,1
8092,夢釣船中,1
8093,釣船中人,1
8094,船中人間,1
8095,中人間鵷,1
8096,人間鵷鷺,1
8097,間鵷鷺杳,1
8098,鵷鷺杳難,1
8099,鷺杳難從,1
8100,杳難從獨,1
8101,難從獨恨,1
8102,從獨恨金,1
8103,獨恨金扉,1
8104,恨金扉直,1
8105,金扉直九,1
8106,扉直九重,1
8107,直九重萬,1
8108,九重萬象,1
8109,重萬象晚,1
8110,萬象晚歸,1
8111,象晚歸仁,1
8112,晚歸仁壽,1
8113,歸仁壽鏡,1
8114,仁壽鏡百,1
8115,壽鏡百花,1
8116,鏡百花春,1
8117,百花春隔,1
8118,花春隔景,1
8119,春隔景陽,1
8120,隔景陽鐘,1
8121,景陽鐘紫,1
8122,陽鐘紫微,1
8123,鐘紫微芒,1
8124,紫微芒動,1
8125,微芒動詞,1
8126,芒動詞初,1
8127,動詞初出,1
8128,詞初出紅,1
8129,初出紅燭,1
8130,出紅燭香,1
8131,紅燭香殘,1
8132,燭香殘誥,1
8133,香殘誥未,1
8134,殘誥未封,1
8135,誥未封每,1
8136,未封每過,1
8137,封每過朱,1
8138,每過朱門,1
8139,過朱門愛,1
8140,朱門愛庭,1
8141,門愛庭樹,1
8142,愛庭樹一,1
8143,庭樹一枝,1
8144,樹一枝何,1
8145,一枝何日,1
8146,枝何日許,1
8147,何日許相,1
8148,日許相容,1
8149,許相容西,1
8150,相容西園,1
8151,容西園一,1
8152,西園一曲,1
8153,園一曲豔,1
8154,一曲豔陽,1
8155,曲豔陽歌,1
8156,豔陽歌擾,1
8157,陽歌擾擾,1
8158,歌擾擾車,1
8159,擾擾車塵,1
8160,擾車塵負,1
8161,車塵負薜,1
8162,塵負薜蘿,1
8163,負薜蘿自,1
8164,薜蘿自欲,1
8165,蘿自欲放,1
8166,自欲放懷,1
8167,欲放懷猶,1
8168,放懷猶未,1
8169,懷猶未得,1
8170,猶未得不,1
8171,未得不知,1
8172,得不知經,1
8173,不知經世,1
8174,知經世竟,1
8175,經世竟如,1
8176,世竟如何,1
8177,竟如何夜,1
8178,如何夜聞,1
8179,何夜聞猛,1
8180,夜聞猛雨,1
8181,聞猛雨判,1
8182,猛雨判花,1
8183,雨判花盡,1
8184,判花盡寒,1
8185,花盡寒戀,1
8186,盡寒戀重,1
8187,寒戀重衾,1
8188,戀重衾覺,1
8189,重衾覺夢,1
8190,衾覺夢多,1
8191,覺夢多釣,1
8192,夢多釣渚,1
8193,多釣渚別,1
8194,釣渚別來,1
8195,渚別來應,1
8196,別來應更,1
8197,來應更好,1
8198,應更好春,1
8199,更好春風,1
8200,好春風還,1
8201,春風還為,1
8202,風還為起,1
8203,還為起微,1
8204,為起微波,1
8205,起微波斜,1
8206,微波斜掩,1
8207,波斜掩朱,1
8208,斜掩朱門,1
8209,掩朱門花,1
8210,朱門花外,1
8211,門花外鐘,1
8212,花外鐘曉,1
8213,外鐘曉鶯,1
8214,鐘曉鶯時,1
8215,曉鶯時節,1
8216,鶯時節好,1
8217,時節好相,1
8218,節好相逢,1
8219,好相逢窗,1
8220,相逢窗間,1
8221,逢窗間桃,1
8222,窗間桃蕊,1
8223,間桃蕊宿,1
8224,桃蕊宿妝,1
8225,蕊宿妝在,1
8226,宿妝在雨,1
8227,妝在雨後,1
8228,在雨後牡,1
8229,雨後牡丹,1
8230,後牡丹春,1
8231,牡丹春睡,1
8232,丹春睡濃,1
8233,春睡濃蘇,1
8234,睡濃蘇小,1
8235,濃蘇小風,1
8236,蘇小風姿,1
8237,小風姿迷,1
8238,風姿迷下,1
8239,姿迷下蔡,1
8240,迷下蔡馬,1
8241,下蔡馬卿,1
8242,蔡馬卿才,1
8243,馬卿才調,1
8244,卿才調似,1
8245,才調似臨,1
8246,調似臨邛,1
8247,似臨邛誰,1
8248,臨邛誰憐,1
8249,邛誰憐芳,1
8250,誰憐芳草,1
8251,憐芳草生,1
8252,芳草生三,1
8253,草生三徑,1
8254,生三徑參,1
8255,三徑參佐,1
8256,徑參佐橋,1
8257,參佐橋西,1
8258,佐橋西陸,1
8259,橋西陸士,1
8260,西陸士龍,1
8261,陸士龍穆,1
8262,士龍穆滿,1
8263,龍穆滿曾,1
8264,穆滿曾為,1
8265,滿曾為物,1
8266,曾為物外,1
8267,為物外游,1
8268,物外游六,1
8269,外游六龍,1
8270,游六龍經,1
8271,六龍經此,1
8272,龍經此暫,1
8273,經此暫淹,1
8274,此暫淹留,1
8275,暫淹留返,1
8276,淹留返魂,1
8277,留返魂無,1
8278,返魂無驗,1
8279,魂無驗青,1
8280,無驗青煙,1
8281,驗青煙滅,1
8282,青煙滅埋,1
8283,煙滅埋血,1
8284,滅埋血空,1
8285,埋血空生,1
8286,血空生碧,1
8287,空生碧草,1
8288,生碧草愁,1
8289,碧草愁香,1
8290,草愁香輦,1
8291,愁香輦卻,1
8292,香輦卻歸,1
8293,輦卻歸長,1
8294,卻歸長樂,1
8295,歸長樂殿,1
8296,長樂殿曉,1
8297,樂殿曉鐘,1
8298,殿曉鐘還,1
8299,曉鐘還下,1
8300,鐘還下景,1
8301,還下景陽,1
8302,下景陽樓,1
8303,景陽樓甘,1
8304,陽樓甘泉,1
8305,樓甘泉不,1
8306,甘泉不復,1
8307,泉不復重,1
8308,不復重相,1
8309,復重相見,1
8310,重相見誰,1
8311,相見誰道,1
8312,見誰道文,1
8313,誰道文成,1
8314,道文成是,1
8315,文成是故,1
8316,成是故侯,1
8317,是故侯積,1
8318,故侯積潤,1
8319,侯積潤初,1
8320,積潤初銷,1
8321,潤初銷碧,1
8322,初銷碧草,1
8323,銷碧草新,1
8324,碧草新鳳,1
8325,草新鳳陽,1
8326,新鳳陽晴,1
8327,鳳陽晴日,1
8328,陽晴日帶,1
8329,晴日帶雕,1
8330,日帶雕輪,1
8331,帶雕輪風,1
8332,雕輪風飄,1
8333,輪風飄弱,1
8334,風飄弱柳,1
8335,飄弱柳平,1
8336,弱柳平橋,1
8337,柳平橋晚,1
8338,平橋晚雪,1
8339,橋晚雪點,1
8340,晚雪點寒,1
8341,雪點寒梅,1
8342,點寒梅小,1
8343,寒梅小苑,1
8344,梅小苑春,1
8345,小苑春屏,1
8346,苑春屏上,1
8347,春屏上樓,1
8348,屏上樓臺,1
8349,上樓臺陳,1
8350,樓臺陳後,1
8351,臺陳後主,1
8352,陳後主鏡,1
8353,後主鏡中,1
8354,主鏡中金,1
8355,鏡中金翠,1
8356,中金翠李,1
8357,金翠李夫,1
8358,翠李夫人,1
8359,李夫人花,1
8360,夫人花房,1
8361,人花房透,1
8362,花房透露,1
8363,房透露紅,1
8364,透露紅珠,1
8365,露紅珠落,1
8366,紅珠落蛺,1
8367,珠落蛺蝶,1
8368,落蛺蝶雙,1
8369,蛺蝶雙飛,1
8370,蝶雙飛護,1
8371,雙飛護粉,1
8372,飛護粉塵,1
8373,護粉塵憶,1
8374,粉塵憶昔,1
8375,塵憶昔狂,1
8376,憶昔狂童,1
8377,昔狂童犯,1
8378,狂童犯順,1
8379,童犯順年,1
8380,犯順年玉,1
8381,順年玉虯,1
8382,年玉虯閒,1
8383,玉虯閒暇,1
8384,虯閒暇出,1
8385,閒暇出甘,1
8386,暇出甘泉,1
8387,出甘泉宗,1
8388,甘泉宗臣,1
8389,泉宗臣欲,1
8390,宗臣欲舞,1
8391,臣欲舞千,1
8392,欲舞千鈞,1
8393,舞千鈞劍,1
8394,千鈞劍追,1
8395,鈞劍追騎,1
8396,劍追騎猶,1
8397,追騎猶觀,1
8398,騎猶觀七,1
8399,猶觀七寶,1
8400,觀七寶鞭,1
8401,七寶鞭星,1
8402,寶鞭星背,1
8403,鞭星背紫,1
8404,星背紫垣,1
8405,背紫垣終,1
8406,紫垣終掃,1
8407,垣終掃地,1
8408,終掃地日,1
8409,掃地日歸,1
8410,地日歸黃,1
8411,日歸黃道,1
8412,歸黃道卻,1
8413,黃道卻當,1
8414,道卻當天,1
8415,卻當天至,1
8416,當天至今,1
8417,天至今南,1
8418,至今南頓,1
8419,今南頓諸,1
8420,南頓諸耆,1
8421,頓諸耆舊,1
8422,諸耆舊猶,1
8423,耆舊猶指,1
8424,舊猶指榛,1
8425,猶指榛蕪,1
8426,指榛蕪作,1
8427,榛蕪作弄,1
8428,蕪作弄田,1
8429,作弄田弱,1
8430,弄田弱柳,1
8431,田弱柳千,1
8432,弱柳千條,1
8433,柳千條杏,1
8434,千條杏一,1
8435,條杏一枝,1
8436,杏一枝半,1
8437,一枝半含,1
8438,枝半含春,1
8439,半含春雨,1
8440,含春雨半,1
8441,春雨半垂,1
8442,雨半垂絲,1
8443,半垂絲景,1
8444,垂絲景陽,1
8445,絲景陽寒,1
8446,景陽寒井,1
8447,陽寒井人,1
8448,寒井人難,1
8449,井人難到,1
8450,人難到長,1
8451,難到長樂,1
8452,到長樂晨,1
8453,長樂晨鐘,1
8454,樂晨鐘鳥,1
8455,晨鐘鳥自,1
8456,鐘鳥自知,1
8457,鳥自知花,1
8458,自知花影,1
8459,知花影至,1
8460,花影至今,1
8461,影至今通,1
8462,至今通博,1
8463,今通博望,1
8464,通博望樹,1
8465,博望樹名,1
8466,望樹名從,1
8467,樹名從此,1
8468,名從此號,1
8469,從此號相,1
8470,此號相思,1
8471,號相思分,1
8472,相思分明,1
8473,思分明十,1
8474,分明十二,1
8475,明十二樓,1
8476,二樓前月,1
8477,樓前月不,1
8478,前月不向,1
8479,月不向西,1
8480,不向西陵,1
8481,向西陵照,1
8482,西陵照盛,1
8483,陵照盛姬,1
8484,照盛姬閉,1
8485,盛姬閉門,1
8486,姬閉門高,1
8487,閉門高臥,1
8488,門高臥莫,1
8489,高臥莫長,1
8490,臥莫長嗟,1
8491,莫長嗟水,1
8492,長嗟水木,1
8493,嗟水木凝,1
8494,水木凝暉,1
8495,木凝暉屬,1
8496,凝暉屬謝,1
8497,暉屬謝家,1
8498,屬謝家緱,1
8499,謝家緱嶺,1
8500,家緱嶺參,1
8501,緱嶺參差,1
8502,嶺參差殘,1
8503,參差殘曉,1
8504,差殘曉雪,1
8505,殘曉雪洛,1
8506,曉雪洛波,1
8507,雪洛波清,1
8508,洛波清淺,1
8509,波清淺露,1
8510,清淺露晴,1
8511,淺露晴沙,1
8512,露晴沙劉,1
8513,晴沙劉公,1
8514,沙劉公春,1
8515,劉公春盡,1
8516,公春盡蕪,1
8517,春盡蕪菁,1
8518,盡蕪菁色,1
8519,蕪菁色華,1
8520,菁色華廙,1
8521,色華廙愁,1
8522,華廙愁深,1
8523,廙愁深苜,1
8524,愁深苜蓿,1
8525,深苜蓿花,1
8526,苜蓿花月,1
8527,蓿花月榭,1
8528,花月榭知,1
8529,月榭知君,1
8530,榭知君還,1
8531,知君還悵,1
8532,君還悵望,1
8533,還悵望碧,1
8534,悵望碧霄,1
8535,望碧霄煙,1
8536,碧霄煙闊,1
8537,霄煙闊雁,1
8538,煙闊雁行,1
8539,闊雁行斜,1
8540,雁行斜楊,1
8541,行斜楊柳,1
8542,斜楊柳千,1
8543,楊柳千條,1
8544,柳千條拂,1
8545,千條拂面,1
8546,條拂面絲,1
8547,拂面絲綠,1
8548,面絲綠煙,1
8549,絲綠煙金,1
8550,綠煙金穗,1
8551,煙金穗不,1
8552,金穗不勝,1
8553,穗不勝吹,1
8554,不勝吹香,1
8555,勝吹香隨,1
8556,吹香隨靜,1
8557,香隨靜婉,1
8558,隨靜婉歌,1
8559,靜婉歌塵,1
8560,婉歌塵起,1
8561,歌塵起影,1
8562,塵起影伴,1
8563,起影伴嬌,1
8564,影伴嬌嬈,1
8565,伴嬌嬈舞,1
8566,嬌嬈舞袖,1
8567,嬈舞袖垂,1
8568,舞袖垂羌,1
8569,袖垂羌管,1
8570,垂羌管一,1
8571,羌管一聲,1
8572,管一聲何,1
8573,一聲何處,1
8574,聲何處曲,1
8575,何處曲流,1
8576,處曲流鶯,1
8577,曲流鶯百,1
8578,流鶯百囀,1
8579,鶯百囀最,1
8580,百囀最高,1
8581,囀最高枝,1
8582,最高枝千,1
8583,高枝千門,1
8584,枝千門九,1
8585,千門九陌,1
8586,門九陌花,1
8587,九陌花如,1
8588,陌花如雪,1
8589,花如雪飛,1
8590,如雪飛過,1
8591,雪飛過宮,1
8592,飛過宮牆,1
8593,過宮牆兩,1
8594,宮牆兩自,1
8595,牆兩自知,1
8596,兩自知玉,1
8597,自知玉貌,1
8598,知玉貌潘,1
8599,玉貌潘郎,1
8600,貌潘郎淚,1
8601,潘郎淚滿,1
8602,郎淚滿衣,1
8603,淚滿衣畫,1
8604,滿衣畫羅,1
8605,衣畫羅輕,1
8606,畫羅輕鬢,1
8607,羅輕鬢雨,1
8608,輕鬢雨霏,1
8609,鬢雨霏微,1
8610,雨霏微紅,1
8611,霏微紅蘭,1
8612,微紅蘭委,1
8613,紅蘭委露,1
8614,蘭委露愁,1
8615,委露愁難,1
8616,露愁難盡,1
8617,愁難盡白,1
8618,難盡白馬,1
8619,盡白馬朝,1
8620,白馬朝天,1
8621,馬朝天望,1
8622,朝天望不,1
8623,天望不歸,1
8624,望不歸寶,1
8625,不歸寶鏡,1
8626,歸寶鏡塵,1
8627,寶鏡塵昏,1
8628,鏡塵昏鸞,1
8629,塵昏鸞影,1
8630,昏鸞影在,1
8631,鸞影在鈿,1
8632,影在鈿箏,1
8633,在鈿箏弦,1
8634,鈿箏弦斷,1
8635,箏弦斷雁,1
8636,弦斷雁行,1
8637,斷雁行稀,1
8638,雁行稀春,1
8639,行稀春來,1
8640,稀春來多,1
8641,春來多少,1
8642,來多少傷,1
8643,多少傷心,1
8644,少傷心事,1
8645,傷心事碧,1
8646,心事碧草,1
8647,事碧草侵,1
8648,碧草侵階,1
8649,草侵階粉,1
8650,侵階粉蝶,1
8651,階粉蝶飛,1
8652,粉蝶飛柳,1
8653,蝶飛柳不,1
8654,飛柳不成,1
8655,柳不成絲,1
8656,不成絲草,1
8657,成絲草帶,1
8658,絲草帶煙,1
8659,草帶煙海,1
8660,帶煙海槎,1
8661,煙海槎東,1
8662,海槎東去,1
8663,槎東去鶴,1
8664,東去鶴歸,1
8665,去鶴歸天,1
8666,鶴歸天愁,1
8667,歸天愁腸,1
8668,天愁腸斷,1
8669,愁腸斷處,1
8670,腸斷處春,1
8671,斷處春何,1
8672,處春何限,1
8673,春何限病,1
8674,何限病眼,1
8675,限病眼開,1
8676,病眼開時,1
8677,眼開時月,1
8678,開時月正,1
8679,時月正圓,1
8680,月正圓花,1
8681,正圓花若,1
8682,圓花若有,1
8683,花若有情,1
8684,若有情還,1
8685,有情還悵,1
8686,情還悵望,1
8687,還悵望水,1
8688,悵望水應,1
8689,望水應無,1
8690,水應無事,1
8691,應無事莫,1
8692,無事莫潺,1
8693,事莫潺湲,1
8694,莫潺湲終,1
8695,潺湲終知,1
8696,湲終知此,1
8697,終知此恨,1
8698,知此恨銷,1
8699,此恨銷難,1
8700,恨銷難盡,1
8701,銷難盡辜,1
8702,難盡辜負,1
8703,盡辜負南,1
8704,辜負南華,1
8705,負南華第,1
8706,南華第一,1
8707,華第一篇,1
8708,第一篇曾,1
8709,一篇曾道,1
8710,篇曾道逍,1
8711,曾道逍遙,1
8712,道逍遙第,1
8713,逍遙第一,1
8714,遙第一篇,1
8715,第一篇爾,1
8716,一篇爾來,1
8717,篇爾來無,1
8718,爾來無處,1
8719,來無處不,1
8720,無處不恬,1
8721,處不恬然,1
8722,不恬然便,1
8723,恬然便同,1
8724,然便同南,1
8725,便同南郭,1
8726,同南郭能,1
8727,南郭能忘,1
8728,郭能忘象,1
8729,能忘象兼,1
8730,忘象兼笑,1
8731,象兼笑東,1
8732,兼笑東林,1
8733,笑東林學,1
8734,東林學坐,1
8735,林學坐禪,1
8736,學坐禪人,1
8737,坐禪人事,1
8738,禪人事轉,1
8739,人事轉新,1
8740,事轉新花,1
8741,轉新花爛,1
8742,新花爛熳,1
8743,花爛熳客,1
8744,爛熳客程,1
8745,熳客程依,1
8746,客程依舊,1
8747,程依舊水,1
8748,依舊水潺,1
8749,舊水潺湲,1
8750,水潺湲若,1
8751,潺湲若教,1
8752,湲若教猶,1
8753,若教猶作,1
8754,教猶作當,1
8755,猶作當時,1
8756,作當時意,1
8757,當時意應,1
8758,時意應有,1
8759,意應有垂,1
8760,應有垂絲,1
8761,有垂絲在,1
8762,垂絲在鬢,1
8763,絲在鬢邊,1
8764,在鬢邊月,1
8765,鬢邊月出,1
8766,邊月出西,1
8767,月出西南,1
8768,出西南露,1
8769,西南露氣,1
8770,南露氣秋,1
8771,露氣秋綺,1
8772,氣秋綺羅,1
8773,秋綺羅河,1
8774,綺羅河漢,1
8775,羅河漢在,1
8776,河漢在斜,1
8777,漢在斜溝,1
8778,在斜溝楊,1
8779,斜溝楊家,1
8780,溝楊家繡,1
8781,楊家繡作,1
8782,家繡作鴛,1
8783,繡作鴛鴦,1
8784,作鴛鴦幔,1
8785,鴛鴦幔張,1
8786,鴦幔張氏,1
8787,幔張氏金,1
8788,張氏金為,1
8789,氏金為翡,1
8790,金為翡翠,1
8791,為翡翠鉤,1
8792,翡翠鉤香,1
8793,翠鉤香燭,1
8794,鉤香燭有,1
8795,香燭有花,1
8796,燭有花妨,1
8797,有花妨宿,1
8798,花妨宿燕,1
8799,妨宿燕畫,1
8800,宿燕畫屏,1
8801,燕畫屏無,1
8802,畫屏無睡,1
8803,屏無睡待,1
8804,無睡待牽,1
8805,睡待牽牛,1
8806,待牽牛萬,1
8807,牽牛萬家,1
8808,牛萬家砧,1
8809,萬家砧杵,1
8810,家砧杵三,1
8811,砧杵三篙,1
8812,杵三篙水,1
8813,三篙水一,1
8814,篙水一夕,1
8815,水一夕橫,1
8816,一夕橫塘,1
8817,夕橫塘似,1
8818,橫塘似舊,1
8819,塘似舊遊,1
8820,似舊遊曲,1
8821,舊遊曲巷,1
8822,遊曲巷斜,1
8823,曲巷斜臨,1
8824,巷斜臨一,1
8825,斜臨一水,1
8826,臨一水間,1
8827,一水間小,1
8828,水間小門,1
8829,間小門終,1
8830,小門終日,1
8831,門終日不,1
8832,終日不開,1
8833,日不開關,1
8834,不開關紅,1
8835,開關紅珠,1
8836,關紅珠鬥,1
8837,紅珠鬥帳,1
8838,珠鬥帳櫻,1
8839,鬥帳櫻桃,1
8840,帳櫻桃熟,1
8841,櫻桃熟金,1
8842,桃熟金尾,1
8843,熟金尾屏,1
8844,金尾屏風,1
8845,尾屏風孔,1
8846,屏風孔雀,1
8847,風孔雀閑,1
8848,孔雀閑雲,1
8849,雀閑雲髻,1
8850,閑雲髻幾,1
8851,雲髻幾迷,1
8852,髻幾迷芳,1
8853,幾迷芳草,1
8854,迷芳草蝶,1
8855,芳草蝶額,1
8856,草蝶額黃,1
8857,蝶額黃無,1
8858,額黃無限,1
8859,黃無限夕,1
8860,無限夕陽,1
8861,限夕陽山,1
8862,夕陽山與,1
8863,陽山與君,1
8864,山與君便,1
8865,與君便是,1
8866,君便是鴛,1
8867,便是鴛鴦,1
8868,是鴛鴦侶,1
8869,鴛鴦侶休,1
8870,鴦侶休向,1
8871,侶休向人,1
8872,休向人間,1
8873,向人間覓,1
8874,人間覓往,1
8875,間覓往還,1
8876,覓往還十,1
8877,往還十載,1
8878,還十載歸,1
8879,十載歸來,1
8880,載歸來鬢,1
8881,歸來鬢未,1
8882,來鬢未凋,1
8883,鬢未凋玳,1
8884,未凋玳簪,1
8885,凋玳簪珠,1
8886,玳簪珠履,1
8887,簪珠履見,1
8888,珠履見常,1
8889,履見常僚,1
8890,見常僚豈,1
8891,常僚豈關,1
8892,僚豈關名,1
8893,豈關名利,1
8894,關名利分,1
8895,名利分榮,1
8896,利分榮路,1
8897,分榮路自,1
8898,榮路自有,1
8899,路自有才,1
8900,自有才華,1
8901,有才華作,1
8902,才華作慶,1
8903,華作慶霄,1
8904,作慶霄鳥,1
8905,慶霄鳥影,1
8906,霄鳥影參,1
8907,鳥影參差,1
8908,影參差經,1
8909,參差經上,1
8910,差經上苑,1
8911,經上苑騎,1
8912,上苑騎聲,1
8913,苑騎聲斷,1
8914,騎聲斷續,1
8915,聲斷續過,1
8916,斷續過中,1
8917,續過中橋,1
8918,過中橋夕,1
8919,中橋夕陽,1
8920,橋夕陽亭,1
8921,夕陽亭畔,1
8922,陽亭畔山,1
8923,亭畔山如,1
8924,畔山如畫,1
8925,山如畫應,1
8926,如畫應念,1
8927,畫應念田,1
8928,應念田歌,1
8929,念田歌正,1
8930,田歌正寂,1
8931,歌正寂寥,1
8932,正寂寥翠,1
8933,寂寥翠羽,1
8934,寥翠羽花,1
8935,翠羽花冠,1
8936,羽花冠碧,1
8937,花冠碧樹,1
8938,冠碧樹雞,1
8939,碧樹雞未,1
8940,樹雞未明,1
8941,雞未明先,1
8942,未明先向,1
8943,明先向短,1
8944,先向短牆,1
8945,向短牆啼,1
8946,短牆啼窗,1
8947,牆啼窗間,1
8948,啼窗間謝,1
8949,窗間謝女,1
8950,間謝女青,1
8951,謝女青蛾,1
8952,女青蛾斂,1
8953,青蛾斂門,1
8954,蛾斂門外,1
8955,斂門外蕭,1
8956,門外蕭郎,1
8957,外蕭郎白,1
8958,蕭郎白馬,1
8959,郎白馬嘶,1
8960,白馬嘶星,1
8961,馬嘶星漢,1
8962,嘶星漢漸,1
8963,星漢漸移,1
8964,漢漸移庭,1
8965,漸移庭竹,1
8966,移庭竹影,1
8967,庭竹影露,1
8968,竹影露珠,1
8969,影露珠猶,1
8970,露珠猶綴,1
8971,珠猶綴野,1
8972,猶綴野花,1
8973,綴野花迷,1
8974,野花迷景,1
8975,花迷景陽,1
8976,迷景陽宮,1
8977,景陽宮裏,1
8978,陽宮裏鐘,1
8979,宮裏鐘初,1
8980,裏鐘初動,1
8981,鐘初動不,1
8982,初動不語,1
8983,動不語垂,1
8984,不語垂鞭,1
8985,語垂鞭上,1
8986,垂鞭上柳,1
8987,鞭上柳堤,1
8988,上柳堤曾,1
8989,柳堤曾於,1
8990,堤曾於青,1
8991,曾於青史,1
8992,於青史見,1
8993,青史見遺,1
8994,史見遺文,1
8995,見遺文今,1
8996,遺文今日,1
8997,文今日飄,1
8998,今日飄蓬,1
8999,日飄蓬過,1
9000,飄蓬過古,1
9001,蓬過古墳,1
9002,過古墳詞,1
9003,古墳詞客,1
9004,墳詞客有,1
9005,詞客有靈,1
9006,客有靈應,1
9007,有靈應識,1
9008,靈應識我,1
9009,應識我霸,1
9010,識我霸才,1
9011,我霸才無,1
9012,霸才無主,1
9013,才無主始,1
9014,無主始憐,1
9015,主始憐君,1
9016,始憐君石,1
9017,憐君石麟,1
9018,君石麟埋,1
9019,石麟埋沒,1
9020,麟埋沒藏,1
9021,埋沒藏春,1
9022,沒藏春草,1
9023,藏春草銅,1
9024,春草銅雀,1
9025,草銅雀荒,1
9026,銅雀荒涼,1
9027,雀荒涼對,1
9028,荒涼對暮,1
9029,涼對暮雲,1
9030,對暮雲莫,1
9031,暮雲莫怪,1
9032,雲莫怪臨,1
9033,莫怪臨風,1
9034,怪臨風倍,1
9035,臨風倍惆,1
9036,風倍惆悵,1
9037,倍惆悵欲,1
9038,惆悵欲將,1
9039,悵欲將書,1
9040,欲將書劍,1
9041,將書劍學,1
9042,書劍學從,1
9043,劍學從軍,1
9044,學從軍皎,1
9045,從軍皎鏡,1
9046,軍皎鏡方,1
9047,皎鏡方塘,1
9048,鏡方塘菡,1
9049,方塘菡萏,1
9050,塘菡萏秋,1
9051,菡萏秋此,1
9052,萏秋此來,1
9053,秋此來重,1
9054,此來重見,1
9055,來重見採,1
9056,重見採蓮,1
9057,見採蓮舟,1
9058,採蓮舟誰,1
9059,蓮舟誰能,1
9060,舟誰能不,1
9061,誰能不逐,1
9062,能不逐當,1
9063,不逐當年,1
9064,逐當年樂,1
9065,當年樂還,1
9066,年樂還恐,1
9067,樂還恐添,1
9068,還恐添成,1
9069,恐添成異,1
9070,添成異日,1
9071,成異日愁,1
9072,異日愁紅,1
9073,日愁紅豔,1
9074,愁紅豔影,1
9075,紅豔影多,1
9076,豔影多風,1
9077,影多風嫋,1
9078,多風嫋嫋,1
9079,風嫋嫋碧,1
9080,嫋嫋碧空,1
9081,嫋碧空雲,1
9082,碧空雲斷,1
9083,空雲斷水,1
9084,雲斷水悠,1
9085,斷水悠悠,1
9086,水悠悠簷,1
9087,悠悠簷前,1
9088,悠簷前依,1
9089,簷前依舊,1
9090,前依舊青,1
9091,依舊青山,1
9092,舊青山色,1
9093,青山色盡,1
9094,山色盡日,1
9095,色盡日無,1
9096,盡日無人,1
9097,日無人獨,1
9098,無人獨上,1
9099,人獨上樓,1
9100,獨上樓蒼,1
9101,上樓蒼莽,1
9102,樓蒼莽寒,1
9103,蒼莽寒空,1
9104,莽寒空遠,1
9105,寒空遠色,1
9106,空遠色愁,1
9107,遠色愁嗚,1
9108,色愁嗚嗚,1
9109,愁嗚嗚戍,1
9110,嗚嗚戍角,1
9111,嗚戍角上,1
9112,戍角上高,1
9113,角上高樓,1
9114,上高樓吳,1
9115,高樓吳姬,1
9116,樓吳姬怨,1
9117,吳姬怨思,1
9118,姬怨思吹,1
9119,怨思吹雙,1
9120,思吹雙管,1
9121,吹雙管燕,1
9122,雙管燕客,1
9123,管燕客悲,1
9124,燕客悲歌,1
9125,客悲歌別,1
9126,悲歌別五,1
9127,歌別五侯,1
9128,別五侯千,1
9129,五侯千里,1
9130,侯千里關,1
9131,千里關山,1
9132,里關山邊,1
9133,關山邊草,1
9134,山邊草暮,1
9135,邊草暮一,1
9136,草暮一星,1
9137,暮一星烽,1
9138,一星烽火,1
9139,星烽火朔,1
9140,烽火朔雲,1
9141,火朔雲秋,1
9142,朔雲秋夜,1
9143,雲秋夜來,1
9144,秋夜來霜,1
9145,夜來霜重,1
9146,來霜重西,1
9147,霜重西風,1
9148,重西風起,1
9149,西風起隴,1
9150,風起隴水,1
9151,起隴水無,1
9152,隴水無聲,1
9153,水無聲凍,1
9154,無聲凍不,1
9155,聲凍不流,1
9156,凍不流卻,1
9157,不流卻逐,1
9158,流卻逐嚴,1
9159,卻逐嚴光,1
9160,逐嚴光向,1
9161,嚴光向若,1
9162,光向若耶,1
9163,向若耶釣,1
9164,若耶釣輪,1
9165,耶釣輪菱,1
9166,釣輪菱棹,1
9167,輪菱棹寄,1
9168,菱棹寄年,1
9169,棹寄年華,1
9170,寄年華三,1
9171,年華三秋,1
9172,華三秋梅,1
9173,三秋梅雨,1
9174,秋梅雨愁,1
9175,梅雨愁楓,1
9176,雨愁楓葉,1
9177,愁楓葉一,1
9178,楓葉一夜,1
9179,葉一夜篷,1
9180,一夜篷舟,1
9181,夜篷舟宿,1
9182,篷舟宿葦,1
9183,舟宿葦花,1
9184,宿葦花不,1
9185,葦花不見,1
9186,花不見水,1
9187,不見水雲,1
9188,見水雲應,1
9189,水雲應有,1
9190,雲應有夢,1
9191,應有夢偶,1
9192,有夢偶隨,1
9193,夢偶隨鷗,1
9194,偶隨鷗鷺,1
9195,隨鷗鷺便,1
9196,鷗鷺便成,1
9197,鷺便成家,1
9198,便成家白,1
9199,成家白蘋,1
9200,家白蘋風,1
9201,白蘋風起,1
9202,蘋風起樓,1
9203,風起樓船,1
9204,起樓船暮,1
9205,樓船暮江,1
9206,船暮江燕,1
9207,暮江燕雙,1
9208,江燕雙雙,1
9209,燕雙雙五,1
9210,雙雙五兩,1
9211,雙五兩斜,1
9212,五兩斜昔,1
9213,兩斜昔年,1
9214,斜昔年曾,1
9215,昔年曾識,1
9216,年曾識范,1
9217,曾識范安,1
9218,識范安成,1
9219,范安成松,1
9220,安成松竹,1
9221,成松竹風,1
9222,松竹風姿,1
9223,竹風姿鶴,1
9224,風姿鶴性,1
9225,姿鶴性情,1
9226,鶴性情西,1
9227,性情西掖,1
9228,情西掖曙,1
9229,西掖曙河,1
9230,掖曙河橫,1
9231,曙河橫漏,1
9232,河橫漏響,1
9233,橫漏響北,1
9234,漏響北山,1
9235,響北山秋,1
9236,北山秋月,1
9237,山秋月照,1
9238,秋月照江,1
9239,月照江聲,1
9240,照江聲乘,1
9241,江聲乘舟,1
9242,聲乘舟覓,1
9243,乘舟覓吏,1
9244,舟覓吏經,1
9245,覓吏經輿,1
9246,吏經輿縣,1
9247,經輿縣為,1
9248,輿縣為酒,1
9249,縣為酒求,1
9250,為酒求官,1
9251,酒求官得,1
9252,求官得步,1
9253,官得步兵,1
9254,得步兵千,1
9255,步兵千頃,1
9256,兵千頃水,1
9257,千頃水流,1
9258,頃水流通,1
9259,水流通故,1
9260,流通故墅,1
9261,通故墅至,1
9262,故墅至今,1
9263,墅至今留,1
9264,今留得謝,1
9265,留得謝公,1
9266,得謝公名,1
9267,謝公名鵲,1
9268,公名鵲歸,1
9269,名鵲歸燕,1
9270,鵲歸燕去,1
9271,歸燕去兩,1
9272,燕去兩悠,1
9273,去兩悠悠,1
9274,兩悠悠青,1
9275,悠悠青瑣,1
9276,悠青瑣西,1
9277,青瑣西南,1
9278,瑣西南月,1
9279,西南月似,1
9280,南月似鉤,1
9281,月似鉤天,1
9282,似鉤天上,1
9283,鉤天上歲,1
9284,天上歲時,1
9285,上歲時星,1
9286,歲時星右,1
9287,時星右轉,1
9288,星右轉世,1
9289,右轉世間,1
9290,轉世間離,1
9291,世間離別,1
9292,間離別水,1
9293,離別水東,1
9294,別水東流,1
9295,水東流金,1
9296,東流金風,1
9297,流金風入,1
9298,金風入樹,1
9299,風入樹千,1
9300,入樹千門,1
9301,樹千門夜,1
9302,千門夜銀,1
9303,門夜銀漢,1
9304,夜銀漢橫,1
9305,銀漢橫空,1
9306,漢橫空萬,1
9307,橫空萬象,1
9308,空萬象秋,1
9309,萬象秋蘇,1
9310,象秋蘇小,1
9311,秋蘇小橫,1
9312,蘇小橫塘,1
9313,小橫塘通,1
9314,橫塘通桂,1
9315,塘通桂楫,1
9316,通桂楫未,1
9317,桂楫未應,1
9318,楫未應清,1
9319,未應清淺,1
9320,應清淺隔,1
9321,清淺隔牽,1
9322,淺隔牽牛,1
9323,隔牽牛玄,1
9324,牽牛玄晏,1
9325,牛玄晏先,1
9326,玄晏先生,1
9327,晏先生已,1
9328,先生已白,1
9329,生已白頭,1
9330,已白頭不,1
9331,白頭不隨,1
9332,頭不隨鵷,1
9333,不隨鵷鷺,1
9334,隨鵷鷺狎,1
9335,鵷鷺狎群,1
9336,鷺狎群鷗,1
9337,狎群鷗元,1
9338,群鷗元卿,1
9339,鷗元卿謝,1
9340,元卿謝免,1
9341,卿謝免開,1
9342,謝免開三,1
9343,免開三徑,1
9344,開三徑平,1
9345,三徑平仲,1
9346,徑平仲朝,1
9347,平仲朝歸,1
9348,仲朝歸臥,1
9349,朝歸臥一,1
9350,歸臥一裘,1
9351,臥一裘醉,1
9352,一裘醉後,1
9353,裘醉後獨,1
9354,醉後獨知,1
9355,後獨知殷,1
9356,獨知殷甲,1
9357,知殷甲子,1
9358,殷甲子病,1
9359,甲子病來,1
9360,子病來猶,1
9361,病來猶作,1
9362,來猶作晉,1
9363,猶作晉春,1
9364,作晉春秋,1
9365,晉春秋滄,1
9366,春秋滄浪,1
9367,秋滄浪未,1
9368,滄浪未濯,1
9369,浪未濯塵,1
9370,未濯塵纓,1
9371,濯塵纓在,1
9372,塵纓在野,1
9373,纓在野水,1
9374,在野水無,1
9375,野水無情,1
9376,水無情處,1
9377,無情處處,1
9378,情處處流,1
9379,處處流沖,1
9380,處流沖尚,1
9381,流沖尚猶,1
9382,沖尚猶來,1
9383,尚猶來出,1
9384,猶來出範,1
9385,來出範圍,1
9386,出範圍肯,1
9387,範圍肯將,1
9388,圍肯將經,1
9389,肯將經世,1
9390,將經世作,1
9391,經世作風,1
9392,世作風徽,1
9393,作風徽三,1
9394,風徽三台,1
9395,徽三台位,1
9396,三台位缺,1
9397,台位缺嚴,1
9398,位缺嚴陵,1
9399,缺嚴陵臥,1
9400,嚴陵臥百,1
9401,陵臥百戰,1
9402,臥百戰功,1
9403,百戰功高,1
9404,戰功高範,1
9405,功高範蠡,1
9406,高範蠡歸,1
9407,範蠡歸自,1
9408,蠡歸自欲,1
9409,歸自欲一,1
9410,自欲一鳴,1
9411,欲一鳴驚,1
9412,一鳴驚鶴,1
9413,鳴驚鶴寢,1
9414,驚鶴寢不,1
9415,鶴寢不應,1
9416,寢不應孤,1
9417,不應孤憤,1
9418,應孤憤學,1
9419,孤憤學牛,1
9420,憤學牛衣,1
9421,學牛衣西,1
9422,牛衣西州,1
9423,衣西州未,1
9424,西州未有,1
9425,州未有看,1
9426,未有看棋,1
9427,有看棋暇,1
9428,看棋暇澗,1
9429,棋暇澗戶,1
9430,暇澗戶何,1
9431,澗戶何由,1
9432,戶何由得,1
9433,何由得掩,1
9434,由得掩扉,1
9435,得掩扉幾,1
9436,掩扉幾年,1
9437,扉幾年辛,1
9438,幾年辛苦,1
9439,年辛苦與,1
9440,辛苦與君,1
9441,苦與君同,1
9442,與君同得,1
9443,君同得喪,1
9444,同得喪悲,1
9445,得喪悲歡,1
9446,喪悲歡儘,1
9447,悲歡儘是,1
9448,歡儘是空,1
9449,儘是空猶,1
9450,是空猶喜,1
9451,空猶喜故,1
9452,猶喜故人,1
9453,喜故人先,1
9454,故人先折,1
9455,人先折桂,1
9456,先折桂自,1
9457,折桂自憐,1
9458,桂自憐羈,1
9459,自憐羈客,1
9460,憐羈客尚,1
9461,羈客尚飄,1
9462,客尚飄蓬,1
9463,尚飄蓬三,1
9464,飄蓬三春,1
9465,蓬三春月,1
9466,三春月照,1
9467,春月照千,1
9468,月照千山,1
9469,照千山道,1
9470,千山道十,1
9471,山道十日,1
9472,道十日花,1
9473,十日花開,1
9474,日花開一,1
9475,花開一夜,1
9476,開一夜風,1
9477,一夜風知,1
9478,夜風知有,1
9479,風知有杏,1
9480,知有杏園,1
9481,有杏園無,1
9482,杏園無路,1
9483,園無路入,1
9484,無路入馬,1
9485,路入馬前,1
9486,入馬前惆,1
9487,馬前惆悵,1
9488,前惆悵滿,1
9489,惆悵滿枝,1
9490,悵滿枝紅,1
9491,滿枝紅露,1
9492,枝紅露濃,1
9493,紅露濃煙,1
9494,露濃煙重,1
9495,濃煙重草,1
9496,煙重草萋,1
9497,重草萋萋,1
9498,草萋萋樹,1
9499,萋萋樹映,1
9500,萋樹映闌,1
9501,樹映闌幹,1
9502,映闌幹柳,1
9503,闌幹柳拂,1
9504,幹柳拂堤,1
9505,柳拂堤一,1
9506,拂堤一院,1
9507,堤一院落,1
9508,一院落花,1
9509,院落花無,1
9510,落花無客,1
9511,花無客醉,1
9512,無客醉五,1
9513,客醉五更,1
9514,醉五更殘,1
9515,五更殘月,1
9516,更殘月有,1
9517,殘月有鶯,1
9518,月有鶯啼,1
9519,有鶯啼芳,1
9520,鶯啼芳筵,1
9521,啼芳筵想,1
9522,芳筵想像,1
9523,筵想像情,1
9524,想像情難,1
9525,像情難盡,1
9526,情難盡故,1
9527,難盡故榭,1
9528,盡故榭荒,1
9529,故榭荒涼,1
9530,榭荒涼路,1
9531,荒涼路已,1
9532,涼路已迷,1
9533,路已迷惆,1
9534,已迷惆悵,1
9535,迷惆悵羸,1
9536,惆悵羸驂,1
9537,悵羸驂往,1
9538,羸驂往來,1
9539,驂往來慣,1
9540,往來慣每,1
9541,來慣每經,1
9542,慣每經門,1
9543,每經門巷,1
9544,經門巷亦,1
9545,門巷亦長,1
9546,巷亦長嘶,1
9547,亦長嘶一,1
9548,長嘶一別,1
9549,嘶一別黔,1
9550,一別黔巫,1
9551,別黔巫似,1
9552,黔巫似斷,1
9553,巫似斷弦,1
9554,似斷弦故,1
9555,斷弦故交,1
9556,弦故交東,1
9557,故交東去,1
9558,交東去更,1
9559,東去更淒,1
9560,去更淒然,1
9561,更淒然心,1
9562,淒然心遊,1
9563,然心遊目,1
9564,心遊目送,1
9565,遊目送三,1
9566,目送三千,1
9567,送三千里,1
9568,三千里雨,1
9569,千里雨散,1
9570,里雨散雲,1
9571,雨散雲飛,1
9572,散雲飛二,1
9573,雲飛二十,1
9574,飛二十年,1
9575,二十年發,1
9576,十年發跡,1
9577,年發跡豈,1
9578,發跡豈勞,1
9579,跡豈勞天,1
9580,豈勞天上,1
9581,勞天上桂,1
9582,天上桂屬,1
9583,上桂屬詞,1
9584,桂屬詞還,1
9585,屬詞還得,1
9586,詞還得幕,1
9587,還得幕中,1
9588,得幕中蓮,1
9589,幕中蓮相,1
9590,中蓮相思,1
9591,蓮相思休,1
9592,相思休話,1
9593,思休話長,1
9594,休話長安,1
9595,話長安遠,1
9596,長安遠江,1
9597,安遠江月,1
9598,遠江月隨,1
9599,江月隨人,1
9600,月隨人處,1
9601,隨人處處,1
9602,人處處圓,1
9603,處處圓珠,1
9604,處圓珠箔,1
9605,圓珠箔金,1
9606,珠箔金鉤,1
9607,箔金鉤對,1
9608,金鉤對彩,1
9609,鉤對彩橋,1
9610,對彩橋昔,1
9611,彩橋昔年,1
9612,橋昔年於,1
9613,昔年於此,1
9614,年於此見,1
9615,於此見嬌,1
9616,此見嬌嬈,1
9617,見嬌嬈香,1
9618,嬌嬈香燈,1
9619,嬈香燈悵,1
9620,香燈悵望,1
9621,燈悵望飛,1
9622,悵望飛瓊,1
9623,望飛瓊鬢,1
9624,飛瓊鬢涼,1
9625,瓊鬢涼月,1
9626,鬢涼月殷,1
9627,涼月殷勤,1
9628,月殷勤碧,1
9629,殷勤碧玉,1
9630,勤碧玉簫,1
9631,碧玉簫屏,1
9632,玉簫屏倚,1
9633,簫屏倚故,1
9634,屏倚故窗,1
9635,倚故窗山,1
9636,故窗山六,1
9637,窗山六扇,1
9638,山六扇柳,1
9639,六扇柳垂,1
9640,扇柳垂寒,1
9641,柳垂寒砌,1
9642,垂寒砌露,1
9643,寒砌露千,1
9644,砌露千條,1
9645,露千條壞,1
9646,千條壞牆,1
9647,條壞牆經,1
9648,壞牆經雨,1
9649,牆經雨蒼,1
9650,經雨蒼苔,1
9651,雨蒼苔遍,1
9652,蒼苔遍拾,1
9653,苔遍拾得,1
9654,遍拾得當,1
9655,拾得當時,1
9656,得當時舊,1
9657,當時舊翠,1
9658,時舊翠翹,1
9659,舊翠翹紫,1
9660,翠翹紫氣,1
9661,翹紫氣氤,1
9662,紫氣氤氳,1
9663,氣氤氳捧,1
9664,氤氳捧半,1
9665,氳捧半岩,1
9666,捧半岩蓮,1
9667,半岩蓮峰,1
9668,岩蓮峰仙,1
9669,蓮峰仙掌,1
9670,峰仙掌共,1
9671,仙掌共巉,1
9672,掌共巉巉,1
9673,共巉巉廟,1
9674,巉巉廟前,1
9675,巉廟前晚,1
9676,廟前晚色,1
9677,前晚色連,1
9678,晚色連寒,1
9679,色連寒水,1
9680,連寒水天,1
9681,寒水天外,1
9682,水天外斜,1
9683,外斜陽帶,1
9684,斜陽帶遠,1
9685,陽帶遠帆,1
9686,帶遠帆百,1
9687,遠帆百二,1
9688,帆百二關,1
9689,百二關山,1
9690,二關山扶,1
9691,關山扶玉,1
9692,山扶玉座,1
9693,扶玉座五,1
9694,玉座五千,1
9695,座五千文,1
9696,五千文字,1
9697,千文字閟,1
9698,文字閟瑤,1
9699,字閟瑤緘,1
9700,閟瑤緘自,1
9701,瑤緘自憐,1
9702,緘自憐金,1
9703,自憐金骨,1
9704,憐金骨無,1
9705,金骨無人,1
9706,骨無人識,1
9707,無人識知,1
9708,人識知有,1
9709,識知有飛,1
9710,知有飛龜,1
9711,有飛龜在,1
9712,飛龜在石,1
9713,龜在石函,1
9714,在石函鐵,1
9715,石函鐵馬,1
9716,函鐵馬雲,1
9717,鐵馬雲雕,1
9718,馬雲雕久,1
9719,雲雕久絕,1
9720,雕久絕塵,1
9721,久絕塵柳,1
9722,絕塵柳陰,1
9723,塵柳陰高,1
9724,柳陰高壓,1
9725,陰高壓漢,1
9726,高壓漢營,1
9727,壓漢營春,1
9728,漢營春天,1
9729,營春天晴,1
9730,春天晴殺,1
9731,天晴殺氣,1
9732,晴殺氣屯,1
9733,殺氣屯關,1
9734,氣屯關右,1
9735,屯關右夜,1
9736,關右夜半,1
9737,右夜半妖,1
9738,夜半妖星,1
9739,半妖星照,1
9740,妖星照渭,1
9741,星照渭濱,1
9742,照渭濱下,1
9743,渭濱下國,1
9744,濱下國臥,1
9745,下國臥龍,1
9746,國臥龍空,1
9747,臥龍空誤,1
9748,龍空誤主,1
9749,空誤主中,1
9750,誤主中原,1
9751,主中原逐,1
9752,中原逐鹿,1
9753,原逐鹿不,1
9754,逐鹿不因,1
9755,鹿不因人,1
9756,不因人象,1
9757,因人象床,1
9758,人象床錦,1
9759,象床錦帳,1
9760,床錦帳無,1
9761,錦帳無言,1
9762,帳無言語,1
9763,無言語從,1
9764,言語從此,1
9765,語從此譙,1
9766,從此譙周,1
9767,此譙周是,1
9768,譙周是老,1
9769,周是老臣,1
9770,是老臣月,1
9771,老臣月缺,1
9772,臣月缺花,1
9773,月缺花殘,1
9774,缺花殘莫,1
9775,花殘莫愴,1
9776,殘莫愴然,1
9777,莫愴然花,1
9778,愴然花須,1
9779,然花須終,1
9780,花須終發,1
9781,須終發月,1
9782,終發月終,1
9783,發月終圓,1
9784,月終圓更,1
9785,終圓更能,1
9786,圓更能何,1
9787,更能何事,1
9788,能何事銷,1
9789,何事銷芳,1
9790,事銷芳念,1
9791,銷芳念亦,1
9792,芳念亦有,1
9793,念亦有濃,1
9794,亦有濃華,1
9795,有濃華委,1
9796,濃華委逝,1
9797,華委逝川,1
9798,委逝川一,1
9799,逝川一曲,1
9800,川一曲豔,1
9801,一曲豔歌,1
9802,曲豔歌留,1
9803,豔歌留婉,1
9804,歌留婉轉,1
9805,留婉轉九,1
9806,婉轉九原,1
9807,轉九原春,1
9808,九原春草,1
9809,原春草妒,1
9810,春草妒嬋,1
9811,草妒嬋娟,1
9812,妒嬋娟王,1
9813,嬋娟王孫,1
9814,娟王孫莫,1
9815,王孫莫學,1
9816,孫莫學多,1
9817,莫學多情,1
9818,學多情客,1
9819,多情客自,1
9820,情客自古,1
9821,客自古多,1
9822,自古多情,1
9823,古多情損,1
9824,多情損少,1
9825,情損少年,1
9826,損少年龍,1
9827,少年龍砂,1
9828,年龍砂鐵,1
9829,龍砂鐵馬,1
9830,砂鐵馬犯,1
9831,鐵馬犯煙,1
9832,馬犯煙塵,1
9833,犯煙塵跡,1
9834,煙塵跡近,1
9835,塵跡近群,1
9836,跡近群鷗,1
9837,近群鷗意,1
9838,群鷗意倍,1
9839,鷗意倍親,1
9840,意倍親風,1
9841,倍親風卷,1
9842,親風卷蓬,1
9843,風卷蓬根,1
9844,卷蓬根屯,1
9845,蓬根屯戊,1
9846,根屯戊己,1
9847,屯戊己月,1
9848,戊己月移,1
9849,己月移松,1
9850,月移松影,1
9851,移松影守,1
9852,松影守庚,1
9853,影守庚申,1
9854,守庚申韜,1
9855,庚申韜鈐,1
9856,申韜鈐豈,1
9857,韜鈐豈足,1
9858,鈐豈足為,1
9859,豈足為經,1
9860,足為經濟,1
9861,為經濟岩,1
9862,經濟岩壑,1
9863,濟岩壑何,1
9864,岩壑何嘗,1
9865,壑何嘗是,1
9866,何嘗是隱,1
9867,嘗是隱淪,1
9868,是隱淪心,1
9869,隱淪心許,1
9870,淪心許故,1
9871,心許故人,1
9872,許故人知,1
9873,故人知此,1
9874,人知此意,1
9875,知此意古,1
9876,此意古來,1
9877,意古來知,1
9878,古來知者,1
9879,來知者竟,1
9880,知者竟誰,1
9881,者竟誰人,1
9882,竟誰人越,1
9883,誰人越溪,1
9884,人越溪漁,1
9885,越溪漁客,1
9886,溪漁客賀,1
9887,漁客賀知,1
9888,客賀知章,1
9889,賀知章任,1
9890,知章任達,1
9891,章任達憐,1
9892,任達憐才,1
9893,達憐才愛,1
9894,憐才愛酒,1
9895,才愛酒狂,1
9896,愛酒狂鸂,1
9897,酒狂鸂鶒,1
9898,狂鸂鶒葦,1
9899,鸂鶒葦花,1
9900,鶒葦花隨,1
9901,葦花隨釣,1
9902,花隨釣艇,1
9903,隨釣艇蛤,1
9904,釣艇蛤蜊,1
9905,艇蛤蜊菰,1
9906,蛤蜊菰菜,1
9907,蜊菰菜夢,1
9908,菰菜夢橫,1
9909,菜夢橫塘,1
9910,夢橫塘幾,1
9911,橫塘幾年,1
9912,塘幾年涼,1
9913,幾年涼月,1
9914,年涼月拘,1
9915,涼月拘華,1
9916,月拘華省,1
9917,拘華省一,1
9918,華省一宿,1
9919,省一宿秋,1
9920,一宿秋風,1
9921,宿秋風憶,1
9922,秋風憶故,1
9923,風憶故鄉,1
9924,憶故鄉榮,1
9925,故鄉榮路,1
9926,鄉榮路脫,1
9927,榮路脫身,1
9928,路脫身終,1
9929,脫身終自,1
9930,身終自得,1
9931,終自得福,1
9932,自得福庭,1
9933,得福庭回,1
9934,福庭回首,1
9935,庭回首莫,1
9936,回首莫相,1
9937,首莫相忘,1
9938,莫相忘出,1
9939,相忘出籠,1
9940,忘出籠鸞,1
9941,出籠鸞鶴,1
9942,籠鸞鶴歸,1
9943,鸞鶴歸遼,1
9944,鶴歸遼海,1
9945,歸遼海落,1
9946,遼海落筆,1
9947,海落筆龍,1
9948,落筆龍蛇,1
9949,筆龍蛇滿,1
9950,龍蛇滿壞,1
9951,蛇滿壞牆,1
9952,滿壞牆李,1
9953,壞牆李白,1
9954,牆李白死,1
9955,李白死來,1
9956,白死來無,1
9957,死來無醉,1
9958,來無醉客,1
9959,無醉客可,1
9960,醉客可憐,1
9961,客可憐神,1
9962,可憐神彩,1
9963,憐神彩吊,1
9964,神彩吊殘,1
9965,彩吊殘陽,1
9966,吊殘陽謝,1
9967,殘陽謝傅,1
9968,陽謝傅林,1
9969,謝傅林亭,1
9970,傅林亭暑,1
9971,林亭暑氣,1
9972,亭暑氣微,1
9973,暑氣微山,1
9974,氣微山丘,1
9975,微山丘零,1
9976,山丘零落,1
9977,丘零落閟,1
9978,零落閟音,1
9979,落閟音徽,1
9980,閟音徽東,1
9981,音徽東山,1
9982,徽東山終,1
9983,東山終為,1
9984,山終為蒼,1
9985,終為蒼生,1
9986,為蒼生起,1
9987,蒼生起南,1
9988,生起南浦,1
9989,起南浦虛,1
9990,南浦虛言,1
9991,浦虛言白,1
9992,虛言白首,1
9993,言白首歸,1
9994,白首歸池,1
9995,首歸池鳳,1
9996,歸池鳳已,1
9997,池鳳已傳,1
9998,鳳已傳春,1
9999,已傳春水,1
10000,傳春水浴,1
10001,春水浴渚,1
10002,水浴渚禽,1
10003,浴渚禽猶,1
10004,渚禽猶帶,1
10005,禽猶帶夕,1
10006,猶帶夕陽,1
10007,帶夕陽飛,1
10008,夕陽飛悠,1
10009,陽飛悠然,1
10010,飛悠然到,1
10011,悠然到此,1
10012,然到此忘,1
10013,到此忘情,1
10014,此忘情處,1
10015,忘情處一,1
10016,情處一日,1
10017,處一日何,1
10018,一日何妨,1
10019,日何妨有,1
10020,何妨有萬,1
10021,妨有萬幾,1
10022,有萬幾昔,1
10023,萬幾昔年,1
10024,幾昔年戎,1
10025,昔年戎虜,1
10026,年戎虜犯,1
10027,戎虜犯榆,1
10028,虜犯榆關,1
10029,犯榆關一,1
10030,榆關一敗,1
10031,關一敗龍,1
10032,一敗龍城,1
10033,敗龍城匹,1
10034,龍城匹馬,1
10035,城匹馬還,1
10036,匹馬還侯,1
10037,馬還侯印,1
10038,還侯印不,1
10039,侯印不聞,1
10040,印不聞封,1
10041,不聞封李,1
10042,聞封李廣,1
10043,封李廣他,1
10044,李廣他人,1
10045,廣他人丘,1
10046,他人丘壟,1
10047,人丘壟似,1
10048,丘壟似天,1
10049,壟似天山,1
10050,似天山江,1
10051,天山江海,1
10052,山江海相,1
10053,江海相逢,1
10054,海相逢客,1
10055,相逢客恨,1
10056,逢客恨多,1
10057,客恨多秋,1
10058,恨多秋風,1
10059,多秋風葉,1
10060,秋風葉下,1
10061,風葉下洞,1
10062,葉下洞庭,1
10063,下洞庭波,1
10064,洞庭波酒,1
10065,庭波酒酣,1
10066,波酒酣夜,1
10067,酒酣夜別,1
10068,酣夜別淮,1
10069,夜別淮陰,1
10070,別淮陰市,1
10071,淮陰市月,1
10072,陰市月照,1
10073,市月照高,1
10074,月照高樓,1
10075,照高樓一,1
10076,高樓一曲,1
10077,一曲歌一,1
10078,曲歌一拋,1
10079,歌一拋蘭,1
10080,一拋蘭棹,1
10081,拋蘭棹逐,1
10082,蘭棹逐燕,1
10083,棹逐燕鴻,1
10084,逐燕鴻曾,1
10085,燕鴻曾向,1
10086,鴻曾向江,1
10087,曾向江湖,1
10088,向江湖識,1
10089,江湖識謝,1
10090,湖識謝公,1
10091,識謝公每,1
10092,謝公每到,1
10093,公每到朱,1
10094,每到朱門,1
10095,到朱門還,1
10096,朱門還悵,1
10097,門還悵望,1
10098,還悵望故,1
10099,悵望故山,1
10100,望故山多,1
10101,故山多在,1
10102,山多在畫,1
10103,多在畫屏,1
10104,在畫屏中,1
10105,畫屏中山,1
10106,屏中山鬼,1
10107,中山鬼揚,1
10108,山鬼揚威,1
10109,鬼揚威正,1
10110,揚威正氣,1
10111,威正氣愁,1
10112,正氣愁便,1
10113,氣愁便辭,1
10114,愁便辭珍,1
10115,便辭珍簟,1
10116,辭珍簟襲,1
10117,珍簟襲狐,1
10118,簟襲狐裘,1
10119,襲狐裘西,1
10120,狐裘西窗,1
10121,裘西窗一,1
10122,西窗一夕,1
10123,窗一夕悲,1
10124,一夕悲人,1
10125,夕悲人事,1
10126,悲人事團,1
10127,人事團扇,1
10128,事團扇無,1
10129,團扇無情,1
10130,扇無情不,1
10131,無情不待,1
10132,情不待秋,1
10133,不待秋盡,1
10134,待秋盡日,1
10135,秋盡日松,1
10136,盡日松堂,1
10137,日松堂看,1
10138,松堂看畫,1
10139,堂看畫圖,1
10140,看畫圖綺,1
10141,畫圖綺疏,1
10142,圖綺疏岑,1
10143,綺疏岑寂,1
10144,疏岑寂似,1
10145,岑寂似清,1
10146,寂似清都,1
10147,似清都若,1
10148,清都若教,1
10149,都若教煙,1
10150,若教煙水,1
10151,教煙水無,1
10152,煙水無鷗,1
10153,水無鷗鳥,1
10154,無鷗鳥張,1
10155,鷗鳥張翰,1
10156,鳥張翰何,1
10157,張翰何由,1
10158,翰何由到,1
10159,何由到五,1
10160,由到五湖,1
10161,到五湖豐,1
10162,五湖豐沛,1
10163,湖豐沛曾,1
10164,豐沛曾為,1
10165,沛曾為社,1
10166,曾為社稷,1
10167,為社稷臣,1
10168,社稷臣賜,1
10169,稷臣賜書,1
10170,臣賜書名,1
10171,賜書名畫,1
10172,書名畫墨,1
10173,名畫墨猶,1
10174,畫墨猶新,1
10175,墨猶新幾,1
10176,猶新幾人,1
10177,新幾人同,1
10178,幾人同保,1
10179,人同保山,1
10180,同保山河,1
10181,保山河誓,1
10182,山河誓猶,1
10183,河誓猶自,1
10184,誓猶自棲,1
10185,猶自棲棲,1
10186,自棲棲九,1
10187,棲棲九陌,1
10188,棲九陌塵,1
10189,九陌塵古,1
10190,陌塵古墳,1
10191,塵古墳零,1
10192,古墳零落,1
10193,墳零落野,1
10194,零落野花,1
10195,落野花春,1
10196,野花春聞,1
10197,花春聞說,1
10198,春聞說中,1
10199,聞說中郎,1
10200,說中郎有,1
10201,中郎有後,1
10202,郎有後身,1
10203,有後身今,1
10204,後身今日,1
10205,身今日愛,1
10206,今日愛才,1
10207,日愛才非,1
10208,愛才非昔,1
10209,才非昔日,1
10210,非昔日莫,1
10211,昔日莫拋,1
10212,日莫拋心,1
10213,莫拋心力,1
10214,拋心力作,1
10215,心力作詞,1
10216,力作詞人,1
10217,作詞人蓼,1
10218,詞人蓼穗,1
10219,人蓼穗菱,1
10220,蓼穗菱叢,1
10221,穗菱叢思,1
10222,菱叢思蟪,1
10223,叢思蟪蛄,1
10224,思蟪蛄水,1
10225,蟪蛄水螢,1
10226,蛄水螢江,1
10227,水螢江鳥,1
10228,螢江鳥滿,1
10229,江鳥滿煙,1
10230,鳥滿煙蒲,1
10231,滿煙蒲愁,1
10232,煙蒲愁紅,1
10233,蒲愁紅一,1
10234,愁紅一片,1
10235,紅一片風,1
10236,一片風前,1
10237,片風前落,1
10238,風前落池,1
10239,前落池上,1
10240,落池上秋,1
10241,池上秋波,1
10242,上秋波似,1
10243,秋波似五,1
10244,波似五湖,1
10245,似五湖自,1
10246,五湖自有,1
10247,湖自有林,1
10248,自有林亭,1
10249,有林亭不,1
10250,林亭不得,1
10251,亭不得閒,1
10252,不得閒陌,1
10253,得閒陌塵,1
10254,閒陌塵宮,1
10255,陌塵宮樹,1
10256,塵宮樹是,1
10257,宮樹是非,1
10258,樹是非間,1
10259,是非間終,1
10260,非間終南,1
10261,間終南長,1
10262,終南長在,1
10263,南長在茅,1
10264,長在茅簷,1
10265,在茅簷外,1
10266,茅簷外別,1
10267,簷外別向,1
10268,外別向人,1
10269,別向人間,1
10270,向人間看,1
10271,人間看華,1
10272,間看華山,1
10273,看華山一,1
10274,華山一隨,1
10275,山一隨菱,1
10276,一隨菱棹,1
10277,隨菱棹謁,1
10278,菱棹謁王,1
10279,棹謁王侯,1
10280,謁王侯深,1
10281,王侯深愧,1
10282,侯深愧移,1
10283,深愧移文,1
10284,愧移文負,1
10285,移文負釣,1
10286,文負釣舟,1
10287,負釣舟今,1
10288,釣舟今日,1
10289,舟今日太,1
10290,今日太湖,1
10291,日太湖風,1
10292,太湖風色,1
10293,湖風色好,1
10294,風色好卻,1
10295,色好卻將,1
10296,好卻將詩,1
10297,卻將詩句,1
10298,將詩句乞,1
10299,詩句乞魚,1
10300,句乞魚鉤,1
10301,乞魚鉤曲,1
10302,魚鉤曲江,1
10303,鉤曲江春,1
10304,曲江春半,1
10305,江春半日,1
10306,春半日遲,1
10307,半日遲遲,1
10308,日遲遲正,1
10309,遲遲正是,1
10310,遲正是王,1
10311,正是王孫,1
10312,是王孫悵,1
10313,王孫悵望,1
10314,孫悵望時,1
10315,悵望時杏,1
10316,望時杏花,1
10317,時杏花落,1
10318,杏花落盡,1
10319,花落盡不,1
10320,落盡不歸,1
10321,盡不歸去,1
10322,不歸去江,1
10323,歸去江上,1
10324,去江上東,1
10325,江上東風,1
10326,上東風吹,1
10327,東風吹柳,1
10328,風吹柳絲,1
10329,吹柳絲四,1
10330,柳絲四方,1
10331,絲四方無,1
10332,四方無事,1
10333,方無事太,1
10334,無事太平,1
10335,事太平年,1
10336,太平年萬,1
10337,平年萬象,1
10338,年萬象鮮,1
10339,萬象鮮明,1
10340,象鮮明禁,1
10341,鮮明禁火,1
10342,明禁火前,1
10343,禁火前九,1
10344,火前九重,1
10345,前九重細,1
10346,九重細雨,1
10347,重細雨惹,1
10348,細雨惹春,1
10349,雨惹春色,1
10350,惹春色輕,1
10351,春色輕染,1
10352,色輕染龍,1
10353,輕染龍池,1
10354,染龍池楊,1
10355,龍池楊柳,1
10356,池楊柳煙,1
10357,楊柳煙芍,1
10358,柳煙芍藥,1
10359,煙芍藥薔,1
10360,芍藥薔薇,1
10361,藥薔薇語,1
10362,薔薇語早,1
10363,薇語早梅,1
10364,語早梅不,1
10365,早梅不知,1
10366,梅不知誰,1
10367,不知誰是,1
10368,知誰是豔,1
10369,誰是豔陽,1
10370,是豔陽才,1
10371,豔陽才今,1
10372,陽才今朝,1
10373,才今朝領,1
10374,今朝領得,1
10375,朝領得春,1
10376,領得春風,1
10377,得春風意,1
10378,春風意不,1
10379,風意不復,1
10380,意不復饒,1
10381,不復饒君,1
10382,復饒君雪,1
10383,饒君雪裏,1
10384,君雪裏開,1
10385,雪裏開咸,1
10386,裏開咸陽,1
10387,開咸陽橋,1
10388,咸陽橋上,1
10389,陽橋上雨,1
10390,橋上雨如,1
10391,上雨如懸,1
10392,雨如懸萬,1
10393,如懸萬點,1
10394,懸萬點空,1
10395,萬點空蒙,1
10396,點空蒙隔,1
10397,空蒙隔釣,1
10398,蒙隔釣船,1
10399,隔釣船還,1
10400,釣船還似,1
10401,船還似洞,1
10402,還似洞庭,1
10403,似洞庭春,1
10404,洞庭春水,1
10405,庭春水色,1
10406,春水色曉,1
10407,水色曉雲,1
10408,色曉雲將,1
10409,曉雲將入,1
10410,雲將入岳,1
10411,將入岳陽,1
10412,入岳陽天,1
10413,岳陽天天,1
10414,陽天天寶,1
10415,天天寶年,1
10416,天寶年中,1
10417,寶年中事,1
10418,年中事玉,1
10419,中事玉皇,1
10420,事玉皇曾,1
10421,玉皇曾將,1
10422,皇曾將新,1
10423,曾將新曲,1
10424,將新曲教,1
10425,新曲教甯,1
10426,曲教甯王,1
10427,教甯王鈿,1
10428,甯王鈿蟬,1
10429,王鈿蟬金,1
10430,鈿蟬金雁,1
10431,蟬金雁今,1
10432,金雁今零,1
10433,雁今零落,1
10434,今零落一,1
10435,零落一曲,1
10436,落一曲伊,1
10437,一曲伊州,1
10438,曲伊州淚,1
10439,伊州淚萬,1
10440,州淚萬行,1
10441,淚萬行冰,1
10442,萬行冰簟,1
10443,行冰簟銀,1
10444,冰簟銀床,1
10445,簟銀床夢,1
10446,銀床夢不,1
10447,床夢不成,1
10448,夢不成碧,1
10449,不成碧天,1
10450,成碧天如,1
10451,碧天如水,1
10452,天如水夜,1
10453,如水夜雲,1
10454,水夜雲輕,1
10455,夜雲輕雁,1
10456,雲輕雁聲,1
10457,輕雁聲遠,1
10458,雁聲遠過,1
10459,聲遠過瀟,1
10460,遠過瀟湘,1
10461,過瀟湘去,1
10462,瀟湘去十,1
10463,湘去十二,1
10464,去十二樓,1
10465,十二樓中,1
10466,二樓中月,1
10467,樓中月自,1
10468,中月自明,1
10469,月自明路,1
10470,自明路傍,1
10471,明路傍佳,1
10472,路傍佳樹,1
10473,傍佳樹碧,1
10474,佳樹碧雲,1
10475,樹碧雲愁,1
10476,碧雲愁曾,1
10477,雲愁曾侍,1
10478,愁曾侍金,1
10479,曾侍金輿,1
10480,侍金輿幸,1
10481,金輿幸驛,1
10482,輿幸驛樓,1
10483,幸驛樓草,1
10484,驛樓草木,1
10485,樓草木榮,1
10486,草木榮枯,1
10487,木榮枯似,1
10488,榮枯似人,1
10489,枯似人事,1
10490,似人事綠,1
10491,人事綠陰,1
10492,事綠陰寂,1
10493,綠陰寂寞,1
10494,陰寂寞漢,1
10495,寂寞漢陵,1
10496,寞漢陵秋,1
10497,漢陵秋呂,1
10498,陵秋呂公,1
10499,秋呂公榮,1
10500,呂公榮達,1
10501,公榮達子,1
10502,榮達子陵,1
10503,達子陵歸,1
10504,子陵歸萬,1
10505,陵歸萬古,1
10506,歸萬古煙,1
10507,萬古煙波,1
10508,古煙波繞,1
10509,煙波繞釣,1
10510,波繞釣磯,1
10511,繞釣磯橋,1
10512,釣磯橋上,1
10513,磯橋上一,1
10514,橋上一通,1
10515,上一通名,1
10516,一通名利,1
10517,通名利跡,1
10518,名利跡至,1
10519,利跡至今,1
10520,跡至今江,1
10521,至今江鳥,1
10522,今江鳥背,1
10523,江鳥背人,1
10524,鳥背人飛,1
10525,背人飛目,1
10526,人飛目極,1
10527,飛目極雲,1
10528,目極雲霄,1
10529,極雲霄思,1
10530,雲霄思浩,1
10531,霄思浩然,1
10532,思浩然風,1
10533,浩然風帆,1
10534,然風帆一,1
10535,風帆一片,1
10536,帆一片水,1
10537,一片水連,1
10538,片水連天,1
10539,水連天輕,1
10540,連天輕橈,1
10541,天輕橈便,1
10542,輕橈便是,1
10543,橈便是東,1
10544,便是東歸,1
10545,是東歸路,1
10546,東歸路不,1
10547,歸路不肯,1
10548,路不肯忘,1
10549,不肯忘機,1
10550,肯忘機作,1
10551,忘機作釣,1
10552,機作釣船,1
10553,作釣船煙,1
10554,釣船煙水,1
10555,船煙水何,1
10556,煙水何曾,1
10557,水何曾息,1
10558,何曾息世,1
10559,曾息世機,1
10560,息世機暫,1
10561,世機暫時,1
10562,機暫時相,1
10563,暫時相向,1
10564,時相向亦,1
10565,相向亦依,1
10566,向亦依依,1
10567,亦依依所,1
10568,依依所嗟,1
10569,依所嗟白,1
10570,所嗟白首,1
10571,嗟白首磻,1
10572,白首磻溪,1
10573,首磻溪叟,1
10574,磻溪叟一,1
10575,溪叟一下,1
10576,叟一下漁,1
10577,一下漁舟,1
10578,下漁舟更,1
10579,漁舟更不,1
10580,舟更不歸,1
10581,更不歸劍,1
10582,不歸劍逐,1
10583,歸劍逐驚,1
10584,劍逐驚波,1
10585,逐驚波玉,1
10586,驚波玉委,1
10587,波玉委塵,1
10588,玉委塵謝,1
10589,委塵謝安,1
10590,塵謝安門,1
10591,謝安門下,1
10592,安門下更,1
10593,門下更何,1
10594,下更何人,1
10595,更何人西,1
10596,何人西州,1
10597,人西州城,1
10598,西州城外,1
10599,州城外花,1
10600,城外花千,1
10601,外花千樹,1
10602,花千樹儘,1
10603,千樹儘是,1
10604,樹儘是羊,1
10605,儘是羊曇,1
10606,是羊曇醉,1
10607,羊曇醉後,1
10608,曇醉後春,1
10609,醉後春卓,1
10610,後春卓氏,1
10611,春卓氏壚,1
10612,卓氏壚前,1
10613,氏壚前金,1
10614,壚前金線,1
10615,前金線柳,1
10616,金線柳隋,1
10617,線柳隋家,1
10618,柳隋家堤,1
10619,隋家堤畔,1
10620,家堤畔錦,1
10621,堤畔錦帆,1
10622,畔錦帆風,1
10623,錦帆風貪,1
10624,帆風貪為,1
10625,風貪為兩,1
10626,貪為兩地,1
10627,為兩地分,1
10628,兩地分霖,1
10629,地分霖雨,1
10630,分霖雨不,1
10631,霖雨不見,1
10632,雨不見池,1
10633,不見池蓮,1
10634,見池蓮照,1
10635,池蓮照水,1
10636,照水紅高,1
10637,水紅高低,1
10638,紅高低深,1
10639,高低深淺,1
10640,低深淺一,1
10641,深淺一闌,1
10642,淺一闌紅,1
10643,一闌紅把,1
10644,闌紅把火,1
10645,紅把火殷,1
10646,把火殷勤,1
10647,火殷勤繞,1
10648,殷勤繞露,1
10649,勤繞露叢,1
10650,繞露叢希,1
10651,露叢希逸,1
10652,叢希逸近,1
10653,希逸近來,1
10654,逸近來成,1
10655,近來成懶,1
10656,來成懶病,1
10657,成懶病不,1
10658,懶病不能,1
10659,病不能容,1
10660,不能容易,1
10661,能容易向,1
10662,容易向春,1
10663,易向春風,1
10664,向春風水,1
10665,春風水流,1
10666,風水流花,1
10667,水流花落,1
10668,流花落歎,1
10669,花落歎浮,1
10670,落歎浮生,1
10671,歎浮生又,1
10672,浮生又伴,1
10673,生又伴遊,1
10674,又伴遊人,1
10675,伴遊人宿,1
10676,遊人宿杜,1
10677,人宿杜城,1
10678,宿杜城還,1
10679,杜城還似,1
10680,城還似昔,1
10681,還似昔年,1
10682,似昔年殘,1
10683,昔年殘夢,1
10684,年殘夢裏,1
10685,殘夢裏透,1
10686,夢裏透簾,1
10687,裏透簾斜,1
10688,透簾斜月,1
10689,簾斜月獨,1
10690,斜月獨聞,1
10691,月獨聞鶯,1
10692,獨聞鶯溪,1
10693,聞鶯溪水,1
10694,鶯溪水無,1
10695,溪水無情,1
10696,水無情似,1
10697,無情似有,1
10698,情似有情,1
10699,似有情入,1
10700,有情入山,1
10701,情入山三,1
10702,入山三日,1
10703,山三日得,1
10704,三日得同,1
10705,日得同行,1
10706,得同行嶺,1
10707,同行嶺頭,1
10708,行嶺頭便,1
10709,嶺頭便是,1
10710,頭便是分,1
10711,便是分頭,1
10712,是分頭處,1
10713,分頭處惜,1
10714,頭處惜別,1
10715,處惜別潺,1
10716,惜別潺湲,1
10717,別潺湲一,1
10718,潺湲一夜,1
10719,湲一夜聲,1
10720,一夜聲槿,1
10721,夜聲槿籬,1
10722,聲槿籬芳,1
10723,槿籬芳援,1
10724,籬芳援近,1
10725,芳援近樵,1
10726,援近樵家,1
10727,近樵家壟,1
10728,樵家壟麥,1
10729,家壟麥青,1
10730,壟麥青青,1
10731,麥青青一,1
10732,青青一徑,1
10733,青一徑斜,1
10734,一徑斜寂,1
10735,徑斜寂寞,1
10736,斜寂寞遊,1
10737,寂寞遊人,1
10738,寞遊人寒,1
10739,遊人寒食,1
10740,人寒食後,1
10741,寒食後夜,1
10742,食後夜來,1
10743,後夜來風,1
10744,夜來風雨,1
10745,來風雨送,1
10746,風雨送梨,1
10747,雨送梨花,1
10748,送梨花昔,1
10749,梨花昔年,1
10750,花昔年曾,1
10751,年曾伴玉,1
10752,曾伴玉真,1
10753,伴玉真遊,1
10754,玉真遊每,1
10755,真遊每到,1
10756,遊每到仙,1
10757,每到仙宮,1
10758,到仙宮即,1
10759,仙宮即是,1
10760,宮即是秋,1
10761,即是秋曼,1
10762,是秋曼倩,1
10763,秋曼倩不,1
10764,曼倩不歸,1
10765,倩不歸花,1
10766,不歸花落,1
10767,歸花落盡,1
10768,花落盡滿,1
10769,落盡滿叢,1
10770,盡滿叢煙,1
10771,滿叢煙露,1
10772,叢煙露月,1
10773,煙露月當,1
10774,露月當樓,1
10775,月當樓商,1
10776,當樓商於,1
10777,樓商於甪,1
10778,商於甪裏,1
10779,於甪裏便,1
10780,甪裏便成,1
10781,裏便成功,1
10782,便成功一,1
10783,成功一寸,1
10784,功一寸沉,1
10785,一寸沉機,1
10786,寸沉機萬,1
10787,沉機萬古,1
10788,機萬古同,1
10789,萬古同但,1
10790,古同但得,1
10791,同但得戚,1
10792,但得戚姬,1
10793,得戚姬甘,1
10794,戚姬甘定,1
10795,姬甘定分,1
10796,甘定分不,1
10797,定分不應,1
10798,分不應真,1
10799,不應真有,1
10800,應真有紫,1
10801,真有紫芝,1
10802,有紫芝翁,1
10803,紫芝翁丹,1
10804,芝翁丹溪,1
10805,翁丹溪藥,1
10806,丹溪藥盡,1
10807,溪藥盡變,1
10808,藥盡變金,1
10809,盡變金骨,1
10810,變金骨清,1
10811,金骨清洛,1
10812,骨清洛月,1
10813,清洛月寒,1
10814,洛月寒吹,1
10815,月寒吹玉,1
10816,寒吹玉笙,1
10817,吹玉笙他,1
10818,玉笙他日,1
10819,笙他日隱,1
10820,他日隱居,1
10821,日隱居無,1
10822,隱居無訪,1
10823,居無訪處,1
10824,無訪處碧,1
10825,訪處碧桃,1
10826,處碧桃花,1
10827,碧桃花發,1
10828,桃花發水,1
10829,花發水縱,1
10830,發水縱橫,1
10831,水縱橫嵇,1
10832,縱橫嵇紹,1
10833,橫嵇紹垂,1
10834,嵇紹垂髫,1
10835,紹垂髫日,1
10836,垂髫日山,1
10837,髫日山濤,1
10838,日山濤筮,1
10839,山濤筮仕,1
10840,濤筮仕年,1
10841,筮仕年琴,1
10842,仕年琴樽,1
10843,年琴樽陳,1
10844,琴樽陳席,1
10845,樽陳席上,1
10846,陳席上紈,1
10847,席上紈綺,1
10848,上紈綺拜,1
10849,紈綺拜床,1
10850,綺拜床前,1
10851,拜床前鄰,1
10852,床前鄰里,1
10853,前鄰里才,1
10854,鄰里才三,1
10855,里才三徙,1
10856,才三徙雲,1
10857,三徙雲霄,1
10858,徙雲霄已,1
10859,雲霄已九,1
10860,霄已九遷,1
10861,已九遷感,1
10862,九遷感深,1
10863,遷感深情,1
10864,感深情惝,1
10865,深情惝怳,1
10866,情惝怳言,1
10867,惝怳言發,1
10868,怳言發淚,1
10869,言發淚潺,1
10870,發淚潺湲,1
10871,淚潺湲憶,1
10872,潺湲憶昔,1
10873,湲憶昔龍,1
10874,憶昔龍圖,1
10875,昔龍圖盛,1
10876,龍圖盛方,1
10877,圖盛方今,1
10878,盛方今鶴,1
10879,方今鶴羽,1
10880,今鶴羽全,1
10881,鶴羽全桂,1
10882,羽全桂枝,1
10883,全桂枝香,1
10884,桂枝香可,1
10885,枝香可襲,1
10886,香可襲楊,1
10887,可襲楊葉,1
10888,襲楊葉舊,1
10889,楊葉舊頻,1
10890,葉舊頻穿,1
10891,舊頻穿玉,1
10892,頻穿玉籍,1
10893,穿玉籍標,1
10894,玉籍標人,1
10895,籍標人瑞,1
10896,標人瑞金,1
10897,人瑞金丹,1
10898,瑞金丹化,1
10899,金丹化地,1
10900,丹化地仙,1
10901,化地仙賦,1
10902,地仙賦成,1
10903,仙賦成攢,1
10904,賦成攢筆,1
10905,成攢筆寫,1
10906,攢筆寫歌,1
10907,筆寫歌出,1
10908,寫歌出滿,1
10909,歌出滿城,1
10910,出滿城傳,1
10911,滿城傳既,1
10912,城傳既矯,1
10913,傳既矯排,1
10914,既矯排虛,1
10915,矯排虛翅,1
10916,排虛翅將,1
10917,虛翅將持,1
10918,翅將持造,1
10919,將持造物,1
10920,持造物權,1
10921,造物權萬,1
10922,物權萬靈,1
10923,權萬靈思,1
10924,萬靈思鼓,1
10925,靈思鼓鑄,1
10926,思鼓鑄群,1
10927,鼓鑄群品,1
10928,鑄群品待,1
10929,群品待陶,1
10930,品待陶甄,1
10931,待陶甄視,1
10932,陶甄視草,1
10933,甄視草絲,1
10934,視草絲綸,1
10935,草絲綸出,1
10936,絲綸出持,1
10937,綸出持綱,1
10938,出持綱雨,1
10939,持綱雨露,1
10940,綱雨露懸,1
10941,雨露懸法,1
10942,露懸法行,1
10943,懸法行黃,1
10944,法行黃道,1
10945,行黃道內,1
10946,黃道內居,1
10947,道內居近,1
10948,內居近翠,1
10949,居近翠華,1
10950,近翠華邊,1
10951,翠華邊書,1
10952,華邊書跡,1
10953,邊書跡臨,1
10954,書跡臨湯,1
10955,跡臨湯鼎,1
10956,臨湯鼎吟,1
10957,湯鼎吟聲,1
10958,鼎吟聲接,1
10959,吟聲接舜,1
10960,聲接舜弦,1
10961,接舜弦白,1
10962,舜弦白麻,1
10963,弦白麻紅,1
10964,白麻紅燭,1
10965,麻紅燭夜,1
10966,紅燭夜清,1
10967,燭夜清漏,1
10968,夜清漏紫,1
10969,清漏紫微,1
10970,漏紫微天,1
10971,紫微天雷,1
10972,微天雷電,1
10973,天雷電隨,1
10974,雷電隨神,1
10975,電隨神筆,1
10976,隨神筆魚,1
10977,神筆魚龍,1
10978,筆魚龍落,1
10979,魚龍落彩,1
10980,龍落彩箋,1
10981,落彩箋閑,1
10982,彩箋閑宵,1
10983,箋閑宵陪,1
10984,閑宵陪雍,1
10985,宵陪雍時,1
10986,陪雍時清,1
10987,雍時清暑,1
10988,時清暑在,1
10989,清暑在甘,1
10990,暑在甘泉,1
10991,在甘泉耿,1
10992,甘泉耿介,1
10993,泉耿介非,1
10994,耿介非持,1
10995,介非持祿,1
10996,非持祿優,1
10997,持祿優遊,1
10998,祿優遊是,1
10999,優遊是養,1
11000,遊是養賢,1
11001,是養賢冰,1
11002,養賢冰清,1
11003,賢冰清臨,1
11004,冰清臨百,1
11005,清臨百粵,1
11006,臨百粵風,1
11007,百粵風靡,1
11008,粵風靡化,1
11009,風靡化三,1
11010,靡化三川,1
11011,化三川委,1
11012,三川委寄,1
11013,川委寄崇,1
11014,委寄崇推,1
11015,寄崇推轂,1
11016,崇推轂威,1
11017,推轂威儀,1
11018,轂威儀壓,1
11019,威儀壓控,1
11020,儀壓控弦,1
11021,壓控弦梁,1
11022,控弦梁園,1
11023,弦梁園提,1
11024,梁園提彀,1
11025,園提彀騎,1
11026,提彀騎淮,1
11027,彀騎淮水,1
11028,騎淮水換,1
11029,淮水換戎,1
11030,水換戎旃,1
11031,換戎旃照,1
11032,戎旃照日,1
11033,旃照日青,1
11034,照日青油,1
11035,日青油濕,1
11036,青油濕迎,1
11037,油濕迎風,1
11038,濕迎風錦,1
11039,迎風錦帳,1
11040,風錦帳鮮,1
11041,錦帳鮮黛,1
11042,帳鮮黛蛾,1
11043,鮮黛蛾陳,1
11044,黛蛾陳二,1
11045,蛾陳二八,1
11046,陳二八珠,1
11047,二八珠履,1
11048,八珠履列,1
11049,珠履列三,1
11050,履列三千,1
11051,列三千舞,1
11052,三千舞轉,1
11053,千舞轉回,1
11054,舞轉回紅,1
11055,轉回紅袖,1
11056,回紅袖歌,1
11057,紅袖歌愁,1
11058,袖歌愁斂,1
11059,歌愁斂翠,1
11060,愁斂翠鈿,1
11061,斂翠鈿滿,1
11062,翠鈿滿堂,1
11063,鈿滿堂開,1
11064,滿堂開照,1
11065,堂開照曜,1
11066,開照曜分,1
11067,照曜分座,1
11068,曜分座儼,1
11069,分座儼嬋,1
11070,座儼嬋娟,1
11071,儼嬋娟油,1
11072,嬋娟油額,1
11073,娟油額芙,1
11074,油額芙蓉,1
11075,額芙蓉帳,1
11076,芙蓉帳香,1
11077,蓉帳香塵,1
11078,帳香塵玳,1
11079,香塵玳瑁,1
11080,塵玳瑁筵,1
11081,玳瑁筵繡,1
11082,瑁筵繡旗,1
11083,筵繡旗隨,1
11084,繡旗隨影,1
11085,旗隨影合,1
11086,隨影合金,1
11087,影合金陣,1
11088,合金陣似,1
11089,金陣似波,1
11090,陣似波旋,1
11091,似波旋緹,1
11092,波旋緹幕,1
11093,旋緹幕深,1
11094,緹幕深回,1
11095,幕深回互,1
11096,深回互朱,1
11097,回互朱門,1
11098,互朱門暗,1
11099,朱門暗接,1
11100,門暗接連,1
11101,暗接連彩,1
11102,接連彩虯,1
11103,連彩虯蟠,1
11104,彩虯蟠畫,1
11105,虯蟠畫戟,1
11106,蟠畫戟花,1
11107,畫戟花馬,1
11108,戟花馬立,1
11109,花馬立金,1
11110,馬立金鞭,1
11111,立金鞭有,1
11112,金鞭有客,1
11113,鞭有客將,1
11114,有客將誰,1
11115,客將誰托,1
11116,將誰托無,1
11117,誰托無媒,1
11118,托無媒竊,1
11119,無媒竊自,1
11120,媒竊自憐,1
11121,竊自憐抑,1
11122,自憐抑揚,1
11123,憐抑揚中,1
11124,抑揚中散,1
11125,揚中散曲,1
11126,中散曲漂,1
11127,散曲漂泊,1
11128,曲漂泊孝,1
11129,漂泊孝廉,1
11130,泊孝廉船,1
11131,孝廉船未,1
11132,廉船未展,1
11133,船未展幹,1
11134,未展幹時,1
11135,展幹時策,1
11136,幹時策徒,1
11137,時策徒拋,1
11138,策徒拋負,1
11139,徒拋負郭,1
11140,拋負郭田,1
11141,負郭田轉,1
11142,郭田轉蓬,1
11143,田轉蓬猶,1
11144,轉蓬猶邈,1
11145,蓬猶邈爾,1
11146,猶邈爾懷,1
11147,邈爾懷橘,1
11148,爾懷橘更,1
11149,懷橘更潸,1
11150,橘更潸然,1
11151,更潸然投,1
11152,潸然投足,1
11153,然投足乖,1
11154,投足乖蹊,1
11155,足乖蹊徑,1
11156,乖蹊徑冥,1
11157,蹊徑冥心,1
11158,徑冥心向,1
11159,冥心向簡,1
11160,心向簡編,1
11161,向簡編未,1
11162,簡編未知,1
11163,編未知魚,1
11164,未知魚躍,1
11165,知魚躍地,1
11166,魚躍地空,1
11167,躍地空愧,1
11168,地空愧鹿,1
11169,空愧鹿鳴,1
11170,愧鹿鳴篇,1
11171,鹿鳴篇稷,1
11172,鳴篇稷下,1
11173,篇稷下期,1
11174,稷下期方,1
11175,下期方至,1
11176,期方至漳,1
11177,方至漳濱,1
11178,至漳濱病,1
11179,漳濱病未,1
11180,濱病未痊,1
11181,病未痊定,1
11182,未痊定非,1
11183,痊定非籠,1
11184,定非籠外,1
11185,非籠外鳥,1
11186,籠外鳥真,1
11187,外鳥真是,1
11188,鳥真是殼,1
11189,真是殼中,1
11190,是殼中蟬,1
11191,殼中蟬蕙,1
11192,中蟬蕙徑,1
11193,蟬蕙徑鄰,1
11194,蕙徑鄰幽,1
11195,徑鄰幽澹,1
11196,鄰幽澹荊,1
11197,幽澹荊扉,1
11198,澹荊扉興,1
11199,荊扉興靜,1
11200,扉興靜便,1
11201,興靜便草,1
11202,靜便草堂,1
11203,便草堂苔,1
11204,草堂苔點,1
11205,堂苔點點,1
11206,苔點點蔬,1
11207,點點蔬囿,1
11208,點蔬囿水,1
11209,蔬囿水濺,1
11210,囿水濺濺,1
11211,水濺濺釣,1
11212,濺濺釣罷,1
11213,濺釣罷溪,1
11214,釣罷溪雲,1
11215,罷溪雲重,1
11216,溪雲重樵,1
11217,雲重樵歸,1
11218,重樵歸澗,1
11219,樵歸澗月,1
11220,歸澗月圓,1
11221,澗月圓懶,1
11222,月圓懶多,1
11223,圓懶多成,1
11224,懶多成宿,1
11225,多成宿疢,1
11226,成宿疢愁,1
11227,宿疢愁甚,1
11228,疢愁甚似,1
11229,愁甚似春,1
11230,甚似春眠,1
11231,似春眠木,1
11232,春眠木直,1
11233,眠木直終,1
11234,木直終難,1
11235,直終難怨,1
11236,終難怨膏,1
11237,難怨膏明,1
11238,怨膏明只,1
11239,膏明只自,1
11240,明只自煎,1
11241,只自煎鄭,1
11242,自煎鄭鄉,1
11243,煎鄭鄉空,1
11244,鄭鄉空健,1
11245,鄉空健羨,1
11246,空健羨陳,1
11247,健羨陳榻,1
11248,羨陳榻未,1
11249,陳榻未招,1
11250,榻未招延,1
11251,未招延旅,1
11252,招延旅食,1
11253,延旅食逢,1
11254,旅食逢春,1
11255,食逢春盡,1
11256,逢春盡羈,1
11257,春盡羈遊,1
11258,盡羈遊為,1
11259,羈遊為事,1
11260,遊為事牽,1
11261,為事牽宦,1
11262,事牽宦無,1
11263,牽宦無毛,1
11264,宦無毛義,1
11265,無毛義檄,1
11266,毛義檄婚,1
11267,義檄婚乏,1
11268,檄婚乏阮,1
11269,婚乏阮修,1
11270,乏阮修錢,1
11271,阮修錢冉,1
11272,修錢冉弱,1
11273,錢冉弱營,1
11274,冉弱營中,1
11275,弱營中柳,1
11276,營中柳披,1
11277,中柳披敷,1
11278,柳披敷幕,1
11279,披敷幕下,1
11280,敷幕下蓮,1
11281,幕下蓮儻,1
11282,下蓮儻能,1
11283,蓮儻能容,1
11284,儻能容委,1
11285,能容委質,1
11286,容委質非,1
11287,委質非敢,1
11288,質非敢望,1
11289,非敢望差,1
11290,敢望差肩,1
11291,望差肩澀,1
11292,差肩澀劍,1
11293,肩澀劍猶,1
11294,澀劍猶堪,1
11295,劍猶堪淬,1
11296,猶堪淬餘,1
11297,堪淬餘朱,1
11298,淬餘朱或,1
11299,餘朱或可,1
11300,朱或可研,1
11301,或可研從,1
11302,可研從師,1
11303,研從師當,1
11304,從師當鼓,1
11305,師當鼓篋,1
11306,當鼓篋窮,1
11307,鼓篋窮理,1
11308,篋窮理久,1
11309,窮理久忘,1
11310,理久忘筌,1
11311,久忘筌折,1
11312,忘筌折簡,1
11313,筌折簡能,1
11314,折簡能榮,1
11315,簡能榮瘁,1
11316,能榮瘁遣,1
11317,榮瘁遣簪,1
11318,瘁遣簪莫,1
11319,遣簪莫棄,1
11320,簪莫棄捐,1
11321,莫棄捐韶,1
11322,棄捐韶光,1
11323,捐韶光如,1
11324,韶光如見,1
11325,光如見借,1
11326,如見借寒,1
11327,見借寒穀,1
11328,借寒穀變,1
11329,寒穀變風,1
11330,穀變風煙,1
11331,變風煙邠,1
11332,風煙邠土,1
11333,煙邠土初,1
11334,邠土初成,1
11335,土初成邑,1
11336,初成邑虞,1
11337,成邑虞賓,1
11338,邑虞賓竟,1
11339,虞賓竟讓,1
11340,賓竟讓王,1
11341,竟讓王幹,1
11342,讓王幹符,1
11343,王幹符初,1
11344,幹符初得,1
11345,符初得位,1
11346,初得位天,1
11347,得位天弩,1
11348,位天弩夜,1
11349,天弩夜收,1
11350,弩夜收鋩,1
11351,夜收鋩偃,1
11352,收鋩偃息,1
11353,鋩偃息齊,1
11354,偃息齊三,1
11355,息齊三代,1
11356,齊三代優,1
11357,三代優遊,1
11358,代優遊念,1
11359,優遊念四,1
11360,遊念四方,1
11361,念四方萬,1
11362,四方萬靈,1
11363,方萬靈扶,1
11364,萬靈扶正,1
11365,靈扶正寢,1
11366,扶正寢千,1
11367,正寢千嶂,1
11368,寢千嶂抱,1
11369,千嶂抱重,1
11370,嶂抱重岡,1
11371,抱重岡幽,1
11372,重岡幽石,1
11373,岡幽石歸,1
11374,幽石歸階,1
11375,石歸階陛,1
11376,歸階陛喬,1
11377,階陛喬柯,1
11378,陛喬柯入,1
11379,喬柯入棟,1
11380,柯入棟樑,1
11381,入棟樑火,1
11382,棟樑火雲,1
11383,樑火雲如,1
11384,火雲如沃,1
11385,雲如沃雪,1
11386,如沃雪湯,1
11387,沃雪湯殿,1
11388,雪湯殿似,1
11389,湯殿似含,1
11390,殿似含霜,1
11391,似含霜澗,1
11392,含霜澗籟,1
11393,霜澗籟添,1
11394,澗籟添仙,1
11395,籟添仙曲,1
11396,添仙曲岩,1
11397,仙曲岩花,1
11398,曲岩花借,1
11399,岩花借禦,1
11400,花借禦香,1
11401,借禦香野,1
11402,禦香野麋,1
11403,香野麋陪,1
11404,野麋陪獸,1
11405,麋陪獸舞,1
11406,陪獸舞林,1
11407,獸舞林鳥,1
11408,舞林鳥逐,1
11409,林鳥逐鵷,1
11410,鳥逐鵷行,1
11411,逐鵷行鏡,1
11412,鵷行鏡寫,1
11413,行鏡寫三,1
11414,鏡寫三秦,1
11415,寫三秦色,1
11416,三秦色窗,1
11417,秦色窗搖,1
11418,色窗搖八,1
11419,窗搖八水,1
11420,搖八水光,1
11421,八水光問,1
11422,水光問雲,1
11423,光問雲征,1
11424,問雲征楚,1
11425,雲征楚女,1
11426,征楚女疑,1
11427,楚女疑粉,1
11428,女疑粉試,1
11429,疑粉試何,1
11430,粉試何郎,1
11431,試何郎蘭,1
11432,何郎蘭芷,1
11433,郎蘭芷承,1
11434,蘭芷承雕,1
11435,芷承雕輦,1
11436,承雕輦杉,1
11437,雕輦杉蘿,1
11438,輦杉蘿入,1
11439,杉蘿入畫,1
11440,蘿入畫堂,1
11441,入畫堂受,1
11442,畫堂受朝,1
11443,堂受朝松,1
11444,受朝松露,1
11445,朝松露曉,1
11446,松露曉頒,1
11447,露曉頒朔,1
11448,曉頒朔桂,1
11449,頒朔桂煙,1
11450,朔桂煙涼,1
11451,桂煙涼嵐,1
11452,煙涼嵐濕,1
11453,涼嵐濕金,1
11454,嵐濕金鋪,1
11455,濕金鋪外,1
11456,金鋪外溪,1
11457,鋪外溪鳴,1
11458,外溪鳴錦,1
11459,溪鳴錦幄,1
11460,鳴錦幄傍,1
11461,錦幄傍倚,1
11462,幄傍倚絲,1
11463,傍倚絲憂,1
11464,倚絲憂漢,1
11465,絲憂漢祖,1
11466,憂漢祖持,1
11467,漢祖持璧,1
11468,祖持璧告,1
11469,持璧告秦,1
11470,璧告秦皇,1
11471,告秦皇短,1
11472,秦皇短景,1
11473,皇短景催,1
11474,短景催風,1
11475,景催風馭,1
11476,催風馭長,1
11477,風馭長星,1
11478,馭長星屬,1
11479,長星屬羽,1
11480,星屬羽觴,1
11481,屬羽觴儲,1
11482,羽觴儲君,1
11483,觴儲君猶,1
11484,儲君猶問,1
11485,君猶問豎,1
11486,猶問豎元,1
11487,問豎元老,1
11488,豎元老已,1
11489,元老已登,1
11490,老已登床,1
11491,已登床鶴,1
11492,登床鶴蓋,1
11493,床鶴蓋趨,1
11494,鶴蓋趨平,1
11495,蓋趨平樂,1
11496,趨平樂雞,1
11497,平樂雞人,1
11498,樂雞人下,1
11499,雞人下建,1
11500,人下建章,1
11501,下建章龍,1
11502,建章龍髯,1
11503,章龍髯悲,1
11504,龍髯悲滿,1
11505,髯悲滿眼,1
11506,悲滿眼螭,1
11507,滿眼螭首,1
11508,眼螭首淚,1
11509,螭首淚沾,1
11510,首淚沾裳,1
11511,淚沾裳疊,1
11512,沾裳疊鼓,1
11513,裳疊鼓嚴,1
11514,疊鼓嚴靈,1
11515,鼓嚴靈仗,1
11516,嚴靈仗吹,1
11517,靈仗吹笙,1
11518,仗吹笙送,1
11519,吹笙送夕,1
11520,笙送夕陽,1
11521,送夕陽斷,1
11522,夕陽斷泉,1
11523,陽斷泉辭,1
11524,斷泉辭劍,1
11525,泉辭劍佩,1
11526,辭劍佩昏,1
11527,劍佩昏日,1
11528,佩昏日伴,1
11529,昏日伴旗,1
11530,日伴旗常,1
11531,伴旗常遺,1
11532,旗常遺廟,1
11533,常遺廟青,1
11534,遺廟青蓮,1
11535,廟青蓮在,1
11536,青蓮在頹,1
11537,蓮在頹垣,1
11538,在頹垣碧,1
11539,頹垣碧草,1
11540,垣碧草芳,1
11541,碧草芳無,1
11542,草芳無因,1
11543,芳無因奏,1
11544,無因奏韶,1
11545,因奏韶濩,1
11546,奏韶濩流,1
11547,韶濩流涕,1
11548,濩流涕對,1
11549,流涕對幽,1
11550,涕對幽篁,1
11551,對幽篁撫,1
11552,幽篁撫事,1
11553,篁撫事如,1
11554,撫事如神,1
11555,事如神遇,1
11556,如神遇臨,1
11557,神遇臨風,1
11558,遇臨風獨,1
11559,臨風獨涕,1
11560,風獨涕零,1
11561,獨涕零墓,1
11562,涕零墓平,1
11563,零墓平春,1
11564,墓平春草,1
11565,平春草綠,1
11566,春草綠碑,1
11567,草綠碑折,1
11568,綠碑折古,1
11569,碑折古苔,1
11570,折古苔青,1
11571,古苔青珪,1
11572,苔青珪玉,1
11573,青珪玉埋,1
11574,珪玉埋英,1
11575,玉埋英氣,1
11576,埋英氣山,1
11577,英氣山河,1
11578,氣山河孕,1
11579,山河孕炳,1
11580,河孕炳靈,1
11581,孕炳靈發,1
11582,炳靈發言,1
11583,靈發言驚,1
11584,發言驚辨,1
11585,言驚辨囿,1
11586,驚辨囿撝,1
11587,辨囿撝翰,1
11588,囿撝翰動,1
11589,撝翰動文,1
11590,翰動文星,1
11591,動文星蘊,1
11592,文星蘊策,1
11593,星蘊策期,1
11594,蘊策期幹,1
11595,策期幹世,1
11596,期幹世持,1
11597,幹世持權,1
11598,世持權欲,1
11599,持權欲反,1
11600,權欲反經,1
11601,欲反經激,1
11602,反經激揚,1
11603,經激揚思,1
11604,激揚思壯,1
11605,揚思壯志,1
11606,思壯志流,1
11607,壯志流落,1
11608,志流落歎,1
11609,流落歎頹,1
11610,落歎頹齡,1
11611,歎頹齡惡,1
11612,頹齡惡木,1
11613,齡惡木人,1
11614,惡木人皆,1
11615,木人皆息,1
11616,人皆息貪,1
11617,皆息貪泉,1
11618,息貪泉我,1
11619,貪泉我獨,1
11620,泉我獨醒,1
11621,我獨醒輪,1
11622,獨醒輪轅,1
11623,醒輪轅無,1
11624,輪轅無匠,1
11625,轅無匠石,1
11626,無匠石刀,1
11627,匠石刀幾,1
11628,石刀幾有,1
11629,刀幾有庖,1
11630,幾有庖丁,1
11631,有庖丁碌,1
11632,庖丁碌碌,1
11633,丁碌碌迷,1
11634,碌碌迷藏,1
11635,碌迷藏器,1
11636,迷藏器規,1
11637,藏器規規,1
11638,器規規守,1
11639,規規守挈,1
11640,規守挈瓶,1
11641,守挈瓶憤,1
11642,挈瓶憤容,1
11643,瓶憤容淩,1
11644,憤容淩鼎,1
11645,容淩鼎鑊,1
11646,淩鼎鑊公,1
11647,鼎鑊公議,1
11648,鑊公議動,1
11649,公議動朝,1
11650,議動朝廷,1
11651,動朝廷故,1
11652,朝廷故國,1
11653,廷故國將,1
11654,故國將辭,1
11655,國將辭寵,1
11656,將辭寵危,1
11657,辭寵危邦,1
11658,寵危邦竟,1
11659,危邦竟緩,1
11660,邦竟緩刑,1
11661,竟緩刑鈍,1
11662,緩刑鈍工,1
11663,刑鈍工磨,1
11664,鈍工磨白,1
11665,工磨白璧,1
11666,磨白璧凡,1
11667,白璧凡石,1
11668,璧凡石礪,1
11669,凡石礪青,1
11670,石礪青萍,1
11671,礪青萍揭,1
11672,青萍揭日,1
11673,萍揭日昭,1
11674,揭日昭東,1
11675,日昭東夏,1
11676,昭東夏摶,1
11677,東夏摶風,1
11678,夏摶風滯,1
11679,摶風滯北,1
11680,風滯北溟,1
11681,滯北溟後,1
11682,北溟後塵,1
11683,溟後塵遵,1
11684,後塵遵軌,1
11685,塵遵軌轍,1
11686,遵軌轍前,1
11687,軌轍前席,1
11688,轍前席詠,1
11689,前席詠儀,1
11690,席詠儀型,1
11691,詠儀型木,1
11692,儀型木秀,1
11693,型木秀當,1
11694,木秀當憂,1
11695,秀當憂悴,1
11696,當憂悴弦,1
11697,憂悴弦傷,1
11698,悴弦傷不,1
11699,弦傷不底,1
11700,傷不底寧,1
11701,不底寧矜,1
11702,底寧矜誇,1
11703,寧矜誇遭,1
11704,矜誇遭斥,1
11705,誇遭斥鷃,1
11706,遭斥鷃光,1
11707,斥鷃光彩,1
11708,鷃光彩困,1
11709,光彩困飛,1
11710,彩困飛螢,1
11711,困飛螢白,1
11712,飛螢白羽,1
11713,螢白羽留,1
11714,白羽留談,1
11715,羽留談柄,1
11716,留談柄清,1
11717,談柄清風,1
11718,柄清風襲,1
11719,清風襲德,1
11720,風襲德馨,1
11721,襲德馨鸞,1
11722,德馨鸞凰,1
11723,馨鸞凰嬰,1
11724,鸞凰嬰雪,1
11725,凰嬰雪刃,1
11726,嬰雪刃狼,1
11727,雪刃狼虎,1
11728,刃狼虎犯,1
11729,狼虎犯雲,1
11730,虎犯雲屏,1
11731,犯雲屏蘭,1
11732,雲屏蘭蕙,1
11733,屏蘭蕙荒,1
11734,蘭蕙荒遺,1
11735,蕙荒遺址,1
11736,荒遺址榛,1
11737,遺址榛蕪,1
11738,址榛蕪蔽,1
11739,榛蕪蔽舊,1
11740,蕪蔽舊坰,1
11741,蔽舊坰鐶,1
11742,舊坰鐶轅,1
11743,坰鐶轅近,1
11744,鐶轅近沂,1
11745,轅近沂水,1
11746,近沂水何,1
11747,沂水何事,1
11748,水何事戀,1
11749,何事戀明,1
11750,事戀明庭,1
11751,戀明庭憶,1
11752,明庭憶昔,1
11753,庭憶昔開,1
11754,憶昔開元,1
11755,昔開元日,1
11756,開元日承,1
11757,元日承平,1
11758,日承平事,1
11759,承平事勝,1
11760,平事勝遊,1
11761,事勝遊貴,1
11762,勝遊貴妃,1
11763,遊貴妃專,1
11764,貴妃專寵,1
11765,妃專寵倖,1
11766,專寵倖天,1
11767,寵倖天子,1
11768,倖天子富,1
11769,天子富春,1
11770,子富春秋,1
11771,富春秋月,1
11772,春秋月白,1
11773,秋月白霓,1
11774,月白霓裳,1
11775,白霓裳殿,1
11776,霓裳殿風,1
11777,裳殿風乾,1
11778,殿風乾羯,1
11779,風乾羯鼓,1
11780,乾羯鼓樓,1
11781,羯鼓樓鬥,1
11782,鼓樓鬥雞,1
11783,樓鬥雞花,1
11784,鬥雞花蔽,1
11785,雞花蔽膝,1
11786,花蔽膝騎,1
11787,蔽膝騎馬,1
11788,膝騎馬玉,1
11789,騎馬玉搔,1
11790,馬玉搔頭,1
11791,玉搔頭繡,1
11792,搔頭繡轂,1
11793,頭繡轂千,1
11794,繡轂千門,1
11795,轂千門妓,1
11796,千門妓金,1
11797,門妓金鞍,1
11798,妓金鞍萬,1
11799,金鞍萬戶,1
11800,鞍萬戶侯,1
11801,萬戶侯薄,1
11802,戶侯薄雲,1
11803,侯薄雲欹,1
11804,薄雲欹雀,1
11805,雲欹雀扇,1
11806,欹雀扇輕,1
11807,雀扇輕雪,1
11808,扇輕雪犯,1
11809,輕雪犯貂,1
11810,雪犯貂裘,1
11811,犯貂裘過,1
11812,貂裘過客,1
11813,裘過客聞,1
11814,過客聞韶,1
11815,客聞韶濩,1
11816,聞韶濩居,1
11817,韶濩居人,1
11818,濩居人識,1
11819,居人識冕,1
11820,人識冕旒,1
11821,識冕旒氣,1
11822,冕旒氣和,1
11823,旒氣和春,1
11824,氣和春不,1
11825,和春不覺,1
11826,春不覺煙,1
11827,不覺煙暖,1
11828,覺煙暖霽,1
11829,煙暖霽難,1
11830,暖霽難收,1
11831,霽難收澀,1
11832,難收澀浪,1
11833,收澀浪和,1
11834,澀浪和瓊,1
11835,浪和瓊甃,1
11836,和瓊甃晴,1
11837,瓊甃晴陽,1
11838,甃晴陽上,1
11839,晴陽上彩,1
11840,陽上彩斿,1
11841,上彩斿卷,1
11842,彩斿卷衣,1
11843,斿卷衣輕,1
11844,卷衣輕鬢,1
11845,衣輕鬢懶,1
11846,輕鬢懶窺,1
11847,鬢懶窺鏡,1
11848,懶窺鏡澹,1
11849,窺鏡澹蛾,1
11850,鏡澹蛾羞,1
11851,澹蛾羞屏,1
11852,蛾羞屏掩,1
11853,羞屏掩芙,1
11854,屏掩芙蓉,1
11855,掩芙蓉帳,1
11856,芙蓉帳簾,1
11857,蓉帳簾褰,1
11858,帳簾褰玳,1
11859,簾褰玳瑁,1
11860,褰玳瑁鉤,1
11861,玳瑁鉤重,1
11862,瑁鉤重瞳,1
11863,鉤重瞳分,1
11864,重瞳分渭,1
11865,瞳分渭曲,1
11866,分渭曲纖,1
11867,渭曲纖手,1
11868,曲纖手指,1
11869,纖手指神,1
11870,手指神州,1
11871,指神州禦,1
11872,神州禦案,1
11873,州禦案迷,1
11874,禦案迷萱,1
11875,案迷萱草,1
11876,迷萱草天,1
11877,萱草天袍,1
11878,草天袍妒,1
11879,天袍妒石,1
11880,袍妒石榴,1
11881,妒石榴深,1
11882,石榴深岩,1
11883,榴深岩藏,1
11884,深岩藏浴,1
11885,岩藏浴鳳,1
11886,藏浴鳳鮮,1
11887,浴鳳鮮隰,1
11888,鳳鮮隰媚,1
11889,鮮隰媚潛,1
11890,隰媚潛虯,1
11891,媚潛虯不,1
11892,潛虯不料,1
11893,虯不料邯,1
11894,不料邯鄲,1
11895,料邯鄲虱,1
11896,邯鄲虱俄,1
11897,鄲虱俄成,1
11898,虱俄成即,1
11899,俄成即墨,1
11900,成即墨牛,1
11901,即墨牛劍,1
11902,墨牛劍鋒,1
11903,牛劍鋒揮,1
11904,劍鋒揮太,1
11905,鋒揮太皞,1
11906,揮太皞旗,1
11907,太皞旗焰,1
11908,皞旗焰拂,1
11909,旗焰拂蚩,1
11910,焰拂蚩尤,1
11911,拂蚩尤內,1
11912,蚩尤內嬖,1
11913,尤內嬖陪,1
11914,內嬖陪行,1
11915,嬖陪行在,1
11916,陪行在孤,1
11917,行在孤臣,1
11918,在孤臣預,1
11919,孤臣預坐,1
11920,臣預坐籌,1
11921,預坐籌瑤,1
11922,坐籌瑤簪,1
11923,籌瑤簪遺,1
11924,瑤簪遺翡,1
11925,簪遺翡翠,1
11926,遺翡翠霜,1
11927,翡翠霜仗,1
11928,翠霜仗駐,1
11929,霜仗駐驊,1
11930,仗駐驊騮,1
11931,駐驊騮豔,1
11932,驊騮豔笑,1
11933,騮豔笑雙,1
11934,豔笑雙飛,1
11935,笑雙飛斷,1
11936,雙飛斷香,1
11937,飛斷香魂,1
11938,斷香魂一,1
11939,香魂一哭,1
11940,魂一哭休,1
11941,一哭休早,1
11942,哭休早梅,1
11943,休早梅悲,1
11944,早梅悲蜀,1
11945,梅悲蜀道,1
11946,悲蜀道高,1
11947,蜀道高樹,1
11948,道高樹隔,1
11949,高樹隔昭,1
11950,樹隔昭丘,1
11951,隔昭丘朱,1
11952,昭丘朱閣,1
11953,丘朱閣重,1
11954,朱閣重霄,1
11955,閣重霄近,1
11956,重霄近蒼,1
11957,霄近蒼崖,1
11958,近蒼崖萬,1
11959,蒼崖萬古,1
11960,崖萬古愁,1
11961,萬古愁至,1
11962,古愁至今,1
11963,愁至今湯,1
11964,至今湯殿,1
11965,今湯殿水,1
11966,湯殿水嗚,1
11967,殿水嗚咽,1
11968,水嗚咽縣,1
11969,嗚咽縣前,1
11970,咽縣前流,1
11971,縣前流洞,1
11972,前流洞戶,1
11973,流洞戶連,1
11974,洞戶連珠,1
11975,戶連珠網,1
11976,連珠網方,1
11977,珠網方疏,1
11978,網方疏隱,1
11979,方疏隱碧,1
11980,疏隱碧潯,1
11981,隱碧潯燭,1
11982,碧潯燭盤,1
11983,潯燭盤煙,1
11984,燭盤煙墜,1
11985,盤煙墜燼,1
11986,煙墜燼簾,1
11987,墜燼簾壓,1
11988,燼簾壓月,1
11989,簾壓月通,1
11990,壓月通陰,1
11991,月通陰粉,1
11992,通陰粉白,1
11993,陰粉白仙,1
11994,粉白仙郎,1
11995,白仙郎署,1
11996,仙郎署霜,1
11997,郎署霜清,1
11998,署霜清玉,1
11999,霜清玉女,1
12000,清玉女砧,1
12001,玉女砧醉,1
12002,女砧醉鄉,1
12003,砧醉鄉高,1
12004,醉鄉高窈,1
12005,鄉高窈窈,1
12006,高窈窈棋,1
12007,窈窈棋陣,1
12008,窈棋陣靜,1
12009,棋陣靜愔,1
12010,陣靜愔愔,1
12011,靜愔愔素,1
12012,愔愔素手,1
12013,愔素手琉,1
12014,素手琉璃,1
12015,手琉璃扇,1
12016,琉璃扇玄,1
12017,璃扇玄髫,1
12018,扇玄髫玳,1
12019,玄髫玳瑁,1
12020,髫玳瑁簪,1
12021,玳瑁簪昔,1
12022,瑁簪昔邪,1
12023,簪昔邪看,1
12024,昔邪看寄,1
12025,邪看寄跡,1
12026,看寄跡梔,1
12027,寄跡梔子,1
12028,跡梔子詠,1
12029,梔子詠同,1
12030,子詠同心,1
12031,詠同心樹,1
12032,同心樹列,1
12033,心樹列千,1
12034,樹列千秋,1
12035,列千秋勝,1
12036,千秋勝樓,1
12037,秋勝樓懸,1
12038,勝樓懸七,1
12039,樓懸七夕,1
12040,懸七夕針,1
12041,七夕針舊,1
12042,夕針舊詞,1
12043,針舊詞翻,1
12044,舊詞翻白,1
12045,詞翻白紵,1
12046,翻白紵新,1
12047,白紵新賦,1
12048,紵新賦換,1
12049,新賦換黃,1
12050,賦換黃金,1
12051,換黃金唳,1
12052,黃金唳鶴,1
12053,金唳鶴調,1
12054,唳鶴調蠻,1
12055,鶴調蠻鼓,1
12056,調蠻鼓驚,1
12057,蠻鼓驚蟬,1
12058,鼓驚蟬應,1
12059,驚蟬應寶,1
12060,蟬應寶琴,1
12061,應寶琴舞,1
12062,寶琴舞疑,1
12063,琴舞疑繁,1
12064,舞疑繁易,1
12065,疑繁易度,1
12066,繁易度歌,1
12067,易度歌轉,1
12068,度歌轉斷,1
12069,歌轉斷難,1
12070,轉斷難尋,1
12071,斷難尋露,1
12072,難尋露委,1
12073,尋露委花,1
12074,露委花相,1
12075,委花相妒,1
12076,花相妒風,1
12077,相妒風欹,1
12078,妒風欹柳,1
12079,風欹柳不,1
12080,欹柳不禁,1
12081,柳不禁橋,1
12082,不禁橋彎,1
12083,禁橋彎雙,1
12084,橋彎雙表,1
12085,彎雙表迥,1
12086,雙表迥池,1
12087,表迥池漲,1
12088,迥池漲一,1
12089,池漲一篙,1
12090,漲一篙深,1
12091,一篙深清,1
12092,篙深清蹕,1
12093,深清蹕傳,1
12094,清蹕傳恢,1
12095,蹕傳恢囿,1
12096,傳恢囿黃,1
12097,恢囿黃旗,1
12098,囿黃旗幸,1
12099,黃旗幸上,1
12100,旗幸上林,1
12101,幸上林神,1
12102,上林神鷹,1
12103,林神鷹參,1
12104,神鷹參翰,1
12105,鷹參翰苑,1
12106,參翰苑天,1
12107,翰苑天馬,1
12108,苑天馬破,1
12109,天馬破蹄,1
12110,馬破蹄涔,1
12111,破蹄涔武,1
12112,蹄涔武庫,1
12113,涔武庫方,1
12114,武庫方題,1
12115,庫方題品,1
12116,方題品文,1
12117,題品文園,1
12118,品文園有,1
12119,文園有好,1
12120,園有好音,1
12121,有好音朱,1
12122,好音朱莖,1
12123,音朱莖殊,1
12124,朱莖殊菌,1
12125,莖殊菌蠢,1
12126,殊菌蠢丹,1
12127,菌蠢丹桂,1
12128,蠢丹桂欲,1
12129,丹桂欲蕭,1
12130,桂欲蕭森,1
12131,欲蕭森黼,1
12132,蕭森黼帳,1
12133,森黼帳回,1
12134,黼帳回瑤,1
12135,帳回瑤席,1
12136,回瑤席華,1
12137,瑤席華燈,1
12138,席華燈對,1
12139,華燈對錦,1
12140,燈對錦衾,1
12141,對錦衾畫,1
12142,錦衾畫圖,1
12143,衾畫圖驚,1
12144,畫圖驚走,1
12145,圖驚走獸,1
12146,驚走獸書,1
12147,走獸書帖,1
12148,獸書帖得,1
12149,書帖得來,1
12150,帖得來禽,1
12151,得來禽河,1
12152,來禽河曙,1
12153,禽河曙秦,1
12154,河曙秦樓,1
12155,曙秦樓映,1
12156,秦樓映山,1
12157,樓映山晴,1
12158,映山晴魏,1
12159,山晴魏闕,1
12160,晴魏闕臨,1
12161,魏闕臨綠,1
12162,闕臨綠囊,1
12163,臨綠囊逢,1
12164,綠囊逢趙,1
12165,囊逢趙後,1
12166,逢趙後青,1
12167,趙後青鎖,1
12168,後青鎖見,1
12169,青鎖見王,1
12170,鎖見王沈,1
12171,見王沈任,1
12172,王沈任達,1
12173,沈任達嫌,1
12174,任達嫌孤,1
12175,達嫌孤憤,1
12176,嫌孤憤疏,1
12177,孤憤疏慵,1
12178,憤疏慵倦,1
12179,疏慵倦九,1
12180,慵倦九箴,1
12181,倦九箴若,1
12182,九箴若為,1
12183,箴若為南,1
12184,若為南遁,1
12185,為南遁客,1
12186,南遁客猶,1
12187,遁客猶作,1
12188,客猶作臥,1
12189,猶作臥龍,1
12190,作臥龍吟,1
12191,臥龍吟黯,1
12192,龍吟黯黯,1
12193,吟黯黯閉,1
12194,黯黯閉宮,1
12195,黯閉宮殿,1
12196,閉宮殿霏,1
12197,宮殿霏霏,1
12198,殿霏霏蔭,1
12199,霏霏蔭薜,1
12200,霏蔭薜蘿,1
12201,蔭薜蘿曉,1
12202,薜蘿曉峰,1
12203,蘿曉峰眉,1
12204,曉峰眉上,1
12205,峰眉上色,1
12206,眉上色春,1
12207,上色春水,1
12208,色春水臉,1
12209,春水臉前,1
12210,水臉前波,1
12211,臉前波古,1
12212,前波古樹,1
12213,波古樹芳,1
12214,古樹芳菲,1
12215,樹芳菲盡,1
12216,芳菲盡扁,1
12217,菲盡扁舟,1
12218,盡扁舟離,1
12219,扁舟離恨,1
12220,舟離恨多,1
12221,離恨多一,1
12222,恨多一叢,1
12223,多一叢斑,1
12224,一叢斑竹,1
12225,叢斑竹夜,1
12226,斑竹夜環,1
12227,竹夜環佩,1
12228,夜環佩響,1
12229,環佩響如,1
12230,佩響如何,1
12231,響如何冉,1
12232,如何冉冉,1
12233,何冉冉花,1
12234,冉冉花明,1
12235,冉花明岸,1
12236,花明岸涓,1
12237,明岸涓涓,1
12238,岸涓涓水,1
12239,涓涓水繞,1
12240,涓水繞山,1
12241,水繞山幾,1
12242,繞山幾時,1
12243,山幾時拋,1
12244,幾時拋俗,1
12245,時拋俗事,1
12246,拋俗事來,1
12247,俗事來共,1
12248,事來共白,1
12249,來共白雲,1
12250,共白雲閑,1
12251,白雲閑松,1
12252,雲閑松軒,1
12253,閑松軒塵,1
12254,松軒塵外,1
12255,軒塵外客,1
12256,塵外客高,1
12257,外客高枕,1
12258,客高枕自,1
12259,高枕自蕭,1
12260,枕自蕭疏,1
12261,自蕭疏雨,1
12262,蕭疏雨後,1
12263,疏雨後苔,1
12264,雨後苔侵,1
12265,後苔侵井,1
12266,苔侵井霜,1
12267,侵井霜來,1
12268,井霜來葉,1
12269,霜來葉滿,1
12270,來葉滿渠,1
12271,葉滿渠閑,1
12272,滿渠閑看,1
12273,渠閑看鏡,1
12274,閑看鏡湖,1
12275,看鏡湖畫,1
12276,鏡湖畫秋,1
12277,湖畫秋得,1
12278,畫秋得越,1
12279,秋得越僧,1
12280,得越僧書,1
12281,越僧書若,1
12282,僧書若待,1
12283,書若待前,1
12284,若待前溪,1
12285,待前溪月,1
12286,前溪月誰,1
12287,溪月誰人,1
12288,月誰人伴,1
12289,誰人伴釣,1
12290,人伴釣魚,1
12291,伴釣魚楊,1
12292,釣魚楊柳,1
12293,魚楊柳縈,1
12294,楊柳縈橋,1
12295,柳縈橋綠,1
12296,縈橋綠玫,1
12297,橋綠玫瑰,1
12298,綠玫瑰拂,1
12299,玫瑰拂地,1
12300,瑰拂地紅,1
12301,拂地紅繡,1
12302,地紅繡衫,1
12303,紅繡衫金,1
12304,繡衫金騕,1
12305,衫金騕褭,1
12306,金騕褭花,1
12307,騕褭花髻,1
12308,褭花髻玉,1
12309,花髻玉瓏,1
12310,髻玉瓏璁,1
12311,玉瓏璁宿,1
12312,瓏璁宿雨,1
12313,璁宿雨香,1
12314,宿雨香潛,1
12315,雨香潛潤,1
12316,香潛潤春,1
12317,潛潤春流,1
12318,潤春流水,1
12319,春流水暗,1
12320,流水暗通,1
12321,水暗通畫,1
12322,暗通畫樓,1
12323,通畫樓初,1
12324,畫樓初夢,1
12325,樓初夢斷,1
12326,初夢斷曉,1
12327,夢斷曉日,1
12328,斷曉日照,1
12329,曉日照湘,1
12330,日照湘風,1
12331,照湘風西,1
12332,湘風西溪,1
12333,風西溪問,1
12334,西溪問樵,1
12335,溪問樵客,1
12336,問樵客遙,1
12337,樵客遙識,1
12338,客遙識楚,1
12339,遙識楚人,1
12340,識楚人家,1
12341,楚人家古,1
12342,人家古樹,1
12343,家古樹老,1
12344,古樹老連,1
12345,樹老連石,1
12346,老連石急,1
12347,連石急泉,1
12348,石急泉清,1
12349,急泉清露,1
12350,泉清露沙,1
12351,清露沙千,1
12352,露沙千峰,1
12353,沙千峰隨,1
12354,千峰隨雨,1
12355,峰隨雨暗,1
12356,隨雨暗一,1
12357,雨暗一徑,1
12358,暗一徑入,1
12359,一徑入雲,1
12360,徑入雲斜,1
12361,入雲斜日,1
12362,雲斜日暮,1
12363,斜日暮飛,1
12364,日暮飛鴉,1
12365,暮飛鴉集,1
12366,飛鴉集滿,1
12367,鴉集滿山,1
12368,集滿山蕎,1
12369,滿山蕎麥,1
12370,山蕎麥花,1
12371,蕎麥花閑,1
12372,麥花閑夢,1
12373,花閑夢正,1
12374,閑夢正悠,1
12375,夢正悠悠,1
12376,正悠悠涼,1
12377,悠悠涼風,1
12378,悠涼風生,1
12379,涼風生竹,1
12380,風生竹樓,1
12381,生竹樓夜,1
12382,竹樓夜琴,1
12383,樓夜琴知,1
12384,夜琴知欲,1
12385,琴知欲雨,1
12386,知欲雨曉,1
12387,欲雨曉簟,1
12388,雨曉簟覺,1
12389,曉簟覺新,1
12390,簟覺新秋,1
12391,覺新秋獨,1
12392,新秋獨鳥,1
12393,秋獨鳥楚,1
12394,獨鳥楚山,1
12395,鳥楚山遠,1
12396,楚山遠一,1
12397,山遠一蟬,1
12398,遠一蟬關,1
12399,一蟬關樹,1
12400,蟬關樹愁,1
12401,關樹愁憑,1
12402,樹愁憑將,1
12403,愁憑將離,1
12404,憑將離別,1
12405,將離別恨,1
12406,離別恨江,1
12407,別恨江外,1
12408,恨江外問,1
12409,江外問同,1
12410,外問同遊,1
12411,問同遊花,1
12412,同遊花竹,1
12413,遊花竹有,1
12414,花竹有薄,1
12415,竹有薄埃,1
12416,有薄埃嘉,1
12417,薄埃嘉遊,1
12418,埃嘉遊集,1
12419,嘉遊集上,1
12420,遊集上才,1
12421,集上才白,1
12422,上才白蘋,1
12423,才白蘋安,1
12424,白蘋安石,1
12425,蘋安石渚,1
12426,安石渚紅,1
12427,石渚紅葉,1
12428,渚紅葉子,1
12429,紅葉子雲,1
12430,葉子雲台,1
12431,子雲台朱,1
12432,雲台朱戶,1
12433,台朱戶雀,1
12434,朱戶雀羅,1
12435,戶雀羅設,1
12436,雀羅設黃,1
12437,羅設黃門,1
12438,設黃門馭,1
12439,黃門馭騎,1
12440,門馭騎來,1
12441,馭騎來不,1
12442,騎來不知,1
12443,來不知淮,1
12444,不知淮水,1
12445,知淮水濁,1
12446,淮水濁丹,1
12447,水濁丹藕,1
12448,濁丹藕為,1
12449,丹藕為誰,1
12450,藕為誰開,1
12451,為誰開偶,1
12452,誰開偶到,1
12453,開偶到烏,1
12454,偶到烏衣,1
12455,到烏衣巷,1
12456,烏衣巷含,1
12457,衣巷含情,1
12458,巷含情更,1
12459,含情更惘,1
12460,情更惘然,1
12461,更惘然西,1
12462,惘然西州,1
12463,然西州曲,1
12464,西州曲堤,1
12465,州曲堤柳,1
12466,曲堤柳東,1
12467,堤柳東府,1
12468,柳東府舊,1
12469,東府舊池,1
12470,府舊池蓮,1
12471,舊池蓮星,1
12472,池蓮星坼,1
12473,蓮星坼悲,1
12474,星坼悲元,1
12475,坼悲元老,1
12476,悲元老雲,1
12477,元老雲歸,1
12478,老雲歸送,1
12479,雲歸送墨,1
12480,歸送墨仙,1
12481,送墨仙誰,1
12482,墨仙誰知,1
12483,仙誰知濟,1
12484,誰知濟川,1
12485,知濟川楫,1
12486,濟川楫今,1
12487,川楫今作,1
12488,楫今作野,1
12489,今作野人,1
12490,作野人船,1
12491,野人船山,1
12492,人船山近,1
12493,船山近覺,1
12494,山近覺寒,1
12495,近覺寒早,1
12496,覺寒早草,1
12497,寒早草堂,1
12498,早草堂霜,1
12499,草堂霜氣,1
12500,堂霜氣晴,1
12501,霜氣晴樹,1
12502,氣晴樹凋,1
12503,晴樹凋窗,1
12504,樹凋窗有,1
12505,凋窗有日,1
12506,窗有日池,1
12507,有日池滿,1
12508,日池滿水,1
12509,池滿水無,1
12510,滿水無聲,1
12511,水無聲果,1
12512,無聲果落,1
12513,聲果落見,1
12514,果落見猿,1
12515,落見猿過,1
12516,見猿過葉,1
12517,猿過葉幹,1
12518,過葉幹聞,1
12519,葉幹聞鹿,1
12520,幹聞鹿行,1
12521,聞鹿行素,1
12522,鹿行素琴,1
12523,行素琴機,1
12524,素琴機慮,1
12525,琴機慮靜,1
12526,機慮靜空,1
12527,慮靜空伴,1
12528,靜空伴夜,1
12529,空伴夜泉,1
12530,伴夜泉清,1
12531,夜泉清楚,1
12532,泉清楚寺,1
12533,清楚寺上,1
12534,楚寺上方,1
12535,寺上方宿,1
12536,上方宿滿,1
12537,方宿滿堂,1
12538,宿滿堂皆,1
12539,滿堂皆舊,1
12540,堂皆舊遊,1
12541,皆舊遊月,1
12542,舊遊月溪,1
12543,遊月溪逢,1
12544,月溪逢遠,1
12545,溪逢遠客,1
12546,逢遠客煙,1
12547,遠客煙浪,1
12548,客煙浪有,1
12549,煙浪有歸,1
12550,浪有歸舟,1
12551,有歸舟江,1
12552,歸舟江館,1
12553,舟江館白,1
12554,江館白蘋,1
12555,館白蘋夜,1
12556,白蘋夜水,1
12557,蘋夜水關,1
12558,夜水關紅,1
12559,水關紅葉,1
12560,關紅葉秋,1
12561,紅葉秋西,1
12562,葉秋西風,1
12563,秋西風吹,1
12564,西風吹暮,1
12565,風吹暮雨,1
12566,吹暮雨汀,1
12567,暮雨汀草,1
12568,雨汀草更,1
12569,汀草更堪,1
12570,草更堪愁,1
12571,更堪愁送,1
12572,堪愁送君,1
12573,愁送君游,1
12574,送君游楚,1
12575,君游楚國,1
12576,游楚國江,1
12577,楚國江浦,1
12578,國江浦樹,1
12579,江浦樹蒼,1
12580,浦樹蒼然,1
12581,樹蒼然沙,1
12582,蒼然沙淨,1
12583,然沙淨有,1
12584,沙淨有波,1
12585,淨有波跡,1
12586,有波跡岸,1
12587,波跡岸平,1
12588,跡岸平多,1
12589,岸平多草,1
12590,平多草煙,1
12591,多草煙角,1
12592,草煙角悲,1
12593,煙角悲臨,1
12594,角悲臨海,1
12595,悲臨海郡,1
12596,臨海郡月,1
12597,海郡月到,1
12598,郡月到渡,1
12599,月到渡淮,1
12600,到渡淮船,1
12601,渡淮船唯,1
12602,淮船唯以,1
12603,船唯以一,1
12604,唯以一杯,1
12605,以一杯酒,1
12606,一杯酒相,1
12607,杯酒相思,1
12608,酒相思高,1
12609,相思高楚,1
12610,思高楚天,1
12611,高楚天飄,1
12612,楚天飄然,1
12613,天飄然隨,1
12614,飄然隨釣,1
12615,然隨釣艇,1
12616,隨釣艇雲,1
12617,釣艇雲水,1
12618,艇雲水是,1
12619,雲水是天,1
12620,水是天涯,1
12621,是天涯紅,1
12622,天涯紅葉,1
12623,涯紅葉下,1
12624,紅葉下荒,1
12625,葉下荒井,1
12626,下荒井碧,1
12627,荒井碧梧,1
12628,井碧梧侵,1
12629,碧梧侵古,1
12630,梧侵古槎,1
12631,侵古槎醉,1
12632,古槎醉收,1
12633,槎醉收陶,1
12634,醉收陶令,1
12635,收陶令菊,1
12636,陶令菊貧,1
12637,令菊貧賣,1
12638,菊貧賣邵,1
12639,貧賣邵平,1
12640,賣邵平瓜,1
12641,邵平瓜更,1
12642,平瓜更有,1
12643,瓜更有相,1
12644,更有相期,1
12645,有相期處,1
12646,相期處南,1
12647,期處南籬,1
12648,處南籬一,1
12649,南籬一樹,1
12650,籬一樹花,1
12651,一樹花水,1
12652,樹花水容,1
12653,花水容侵,1
12654,水容侵古,1
12655,容侵古岸,1
12656,侵古岸峰,1
12657,古岸峰影,1
12658,岸峰影度,1
12659,峰影度青,1
12660,影度青蘋,1
12661,度青蘋廟,1
12662,青蘋廟竹,1
12663,蘋廟竹唯,1
12664,廟竹唯聞,1
12665,竹唯聞鳥,1
12666,唯聞鳥江,1
12667,聞鳥江帆,1
12668,鳥江帆不,1
12669,江帆不見,1
12670,帆不見人,1
12671,不見人雀,1
12672,見人雀聲,1
12673,人雀聲花,1
12674,雀聲花外,1
12675,聲花外暝,1
12676,花外暝客,1
12677,外暝客思,1
12678,暝客思柳,1
12679,客思柳邊,1
12680,思柳邊春,1
12681,柳邊春別,1
12682,邊春別恨,1
12683,春別恨轉,1
12684,別恨轉難,1
12685,恨轉難盡,1
12686,轉難盡行,1
12687,難盡行行,1
12688,盡行行汀,1
12689,行行汀草,1
12690,行汀草新,1
12691,汀草新茅,1
12692,草新茅堂,1
12693,新茅堂對,1
12694,茅堂對薇,1
12695,堂對薇蕨,1
12696,對薇蕨爐,1
12697,薇蕨爐暖,1
12698,蕨爐暖一,1
12699,爐暖一裘,1
12700,暖一裘輕,1
12701,一裘輕醉,1
12702,裘輕醉後,1
12703,輕醉後楚,1
12704,醉後楚山,1
12705,後楚山夢,1
12706,楚山夢覺,1
12707,山夢覺來,1
12708,夢覺來春,1
12709,覺來春鳥,1
12710,來春鳥聲,1
12711,春鳥聲採,1
12712,鳥聲採茶,1
12713,聲採茶溪,1
12714,採茶溪樹,1
12715,茶溪樹綠,1
12716,溪樹綠煮,1
12717,樹綠煮藥,1
12718,綠煮藥石,1
12719,煮藥石泉,1
12720,藥石泉清,1
12721,石泉清不,1
12722,泉清不問,1
12723,清不問人,1
12724,不問人間,1
12725,問人間事,1
12726,人間事忘,1
12727,間事忘機,1
12728,事忘機過,1
12729,忘機過此,1
12730,機過此生,1
12731,過此生風,1
12732,此生風華,1
12733,生風華已,1
12734,風華已眇,1
12735,華已眇然,1
12736,已眇然獨,1
12737,眇然獨立,1
12738,然獨立思,1
12739,獨立思江,1
12740,立思江天,1
12741,思江天鳧,1
12742,江天鳧雁,1
12743,天鳧雁野,1
12744,鳧雁野塘,1
12745,雁野塘水,1
12746,野塘水牛,1
12747,塘水牛羊,1
12748,水牛羊春,1
12749,牛羊春草,1
12750,羊春草煙,1
12751,春草煙秦,1
12752,草煙秦原,1
12753,煙秦原曉,1
12754,秦原曉重,1
12755,原曉重疊,1
12756,曉重疊灞,1
12757,重疊灞浪,1
12758,疊灞浪夜,1
12759,灞浪夜潺,1
12760,浪夜潺湲,1
12761,夜潺湲今,1
12762,潺湲今日,1
12763,湲今日思,1
12764,今日思歸,1
12765,日思歸客,1
12766,思歸客愁,1
12767,歸客愁容,1
12768,客愁容在,1
12769,愁容在鏡,1
12770,容在鏡懸,1
12771,在鏡懸香,1
12772,鏡懸香燈,1
12773,懸香燈伴,1
12774,香燈伴殘,1
12775,燈伴殘夢,1
12776,伴殘夢楚,1
12777,殘夢楚國,1
12778,夢楚國在,1
12779,楚國在天,1
12780,國在天涯,1
12781,在天涯月,1
12782,天涯月落,1
12783,涯月落子,1
12784,月落子規,1
12785,落子規歇,1
12786,子規歇滿,1
12787,規歇滿庭,1
12788,歇滿庭山,1
12789,滿庭山杏,1
12790,庭山杏花,1
12791,山杏花賓,1
12792,杏花賓筵,1
12793,花賓筵得,1
12794,賓筵得佳,1
12795,筵得佳客,1
12796,得佳客侯,1
12797,佳客侯印,1
12798,客侯印有,1
12799,侯印有光,1
12800,印有光輝,1
12801,有光輝候,1
12802,光輝候騎,1
12803,輝候騎不,1
12804,候騎不傳,1
12805,騎不傳箭,1
12806,不傳箭回,1
12807,傳箭回文,1
12808,箭回文空,1
12809,回文空上,1
12810,文空上機,1
12811,空上機塞,1
12812,上機塞城,1
12813,機塞城收,1
12814,塞城收馬,1
12815,城收馬去,1
12816,收馬去烽,1
12817,馬去烽火,1
12818,去烽火射,1
12819,烽火射雕,1
12820,火射雕歸,1
12821,射雕歸惟,1
12822,雕歸惟有,1
12823,歸惟有嚴,1
12824,惟有嚴家,1
12825,有嚴家瀨,1
12826,嚴家瀨回,1
12827,家瀨回環,1
12828,瀨回環徑,1
12829,回環徑草,1
12830,環徑草微,1
12831,徑草微世,1
12832,草微世機,1
12833,微世機消,1
12834,世機消已,1
12835,機消已盡,1
12836,消已盡巾,1
12837,已盡巾屨,1
12838,盡巾屨亦,1
12839,巾屨亦飄,1
12840,屨亦飄然,1
12841,亦飄然一,1
12842,飄然一室,1
12843,然一室故,1
12844,一室故山,1
12845,室故山月,1
12846,故山月滿,1
12847,山月滿瓶,1
12848,月滿瓶秋,1
12849,滿瓶秋澗,1
12850,瓶秋澗泉,1
12851,秋澗泉禪,1
12852,澗泉禪庵,1
12853,泉禪庵過,1
12854,禪庵過微,1
12855,庵過微雪,1
12856,過微雪鄉,1
12857,微雪鄉寺,1
12858,雪鄉寺隔,1
12859,鄉寺隔寒,1
12860,寺隔寒煙,1
12861,隔寒煙應,1
12862,寒煙應共,1
12863,煙應共白,1
12864,應共白蓮,1
12865,共白蓮客,1
12866,白蓮客相,1
12867,蓮客相期,1
12868,客相期松,1
12869,相期松桂,1
12870,期松桂前,1
12871,松桂前蘭,1
12872,桂前蘭亭,1
12873,前蘭亭舊,1
12874,蘭亭舊都,1
12875,亭舊都講,1
12876,舊都講今,1
12877,都講今日,1
12878,講今日意,1
12879,今日意如,1
12880,日意如何,1
12881,意如何有,1
12882,如何有樹,1
12883,何有樹關,1
12884,有樹關深,1
12885,樹關深院,1
12886,關深院無,1
12887,深院無塵,1
12888,院無塵到,1
12889,無塵到淺,1
12890,塵到淺莎,1
12891,到淺莎僧,1
12892,淺莎僧居,1
12893,莎僧居隨,1
12894,僧居隨處,1
12895,居隨處好,1
12896,隨處好人,1
12897,處好人事,1
12898,好人事出,1
12899,人事出門,1
12900,事出門多,1
12901,出門多不,1
12902,門多不及,1
12903,多不及新,1
12904,不及新春,1
12905,及新春雁,1
12906,新春雁年,1
12907,春雁年年,1
12908,雁年年鏡,1
12909,年年鏡水,1
12910,年鏡水波,1
12911,鏡水波萬,1
12912,水波萬壑,1
12913,波萬壑動,1
12914,萬壑動晴,1
12915,壑動晴景,1
12916,動晴景山,1
12917,晴景山禽,1
12918,景山禽淩,1
12919,山禽淩翠,1
12920,禽淩翠微,1
12921,淩翠微繡,1
12922,翠微繡翎,1
12923,微繡翎翻,1
12924,繡翎翻草,1
12925,翎翻草去,1
12926,翻草去紅,1
12927,草去紅觜,1
12928,去紅觜啄,1
12929,紅觜啄花,1
12930,觜啄花歸,1
12931,啄花歸巢,1
12932,花歸巢暖,1
12933,歸巢暖碧,1
12934,巢暖碧雲,1
12935,暖碧雲色,1
12936,碧雲色影,1
12937,雲色影孤,1
12938,色影孤清,1
12939,影孤清鏡,1
12940,孤清鏡輝,1
12941,清鏡輝不,1
12942,鏡輝不知,1
12943,輝不知春,1
12944,不知春樹,1
12945,知春樹伴,1
12946,春樹伴何,1
12947,樹伴何處,1
12948,伴何處又,1
12949,何處又分,1
12950,處又分飛,1
12951,又分飛幽,1
12952,分飛幽人,1
12953,飛幽人尋,1
12954,幽人尋藥,1
12955,人尋藥徑,1
12956,尋藥徑來,1
12957,藥徑來自,1
12958,徑來自曉,1
12959,來自曉雲,1
12960,自曉雲邊,1
12961,曉雲邊衣,1
12962,雲邊衣濕,1
12963,邊衣濕術,1
12964,衣濕術花,1
12965,濕術花雨,1
12966,術花雨語,1
12967,花雨語成,1
12968,雨語成松,1
12969,語成松嶺,1
12970,成松嶺煙,1
12971,松嶺煙解,1
12972,嶺煙解藤,1
12973,煙解藤開,1
12974,解藤開澗,1
12975,藤開澗戶,1
12976,開澗戶踏,1
12977,澗戶踏石,1
12978,戶踏石過,1
12979,踏石過溪,1
12980,石過溪泉,1
12981,過溪泉林,1
12982,溪泉林外,1
12983,泉林外晨,1
12984,林外晨光,1
12985,外晨光動,1
12986,晨光動山,1
12987,光動山昏,1
12988,動山昏鳥,1
12989,山昏鳥滿,1
12990,昏鳥滿天,1
12991,鳥滿天晨,1
12992,滿天晨起,1
12993,天晨起動,1
12994,晨起動征,1
12995,起動征鐸,1
12996,動征鐸客,1
12997,征鐸客行,1
12998,鐸客行悲,1
12999,客行悲故,1
13000,行悲故鄉,1
13001,悲故鄉雞,1
13002,故鄉雞聲,1
13003,鄉雞聲茅,1
13004,雞聲茅店,1
13005,聲茅店月,1
13006,茅店月人,1
13007,店月人跡,1
13008,月人跡板,1
13009,人跡板橋,1
13010,跡板橋霜,1
13011,板橋霜槲,1
13012,橋霜槲葉,1
13013,霜槲葉落,1
13014,槲葉落山,1
13015,葉落山路,1
13016,落山路枳,1
13017,山路枳花,1
13018,路枳花明,1
13019,枳花明驛,1
13020,花明驛牆,1
13021,明驛牆因,1
13022,驛牆因思,1
13023,牆因思杜,1
13024,因思杜陵,1
13025,思杜陵夢,1
13026,杜陵夢鳧,1
13027,陵夢鳧雁,1
13028,夢鳧雁滿,1
13029,鳧雁滿回,1
13030,雁滿回塘,1
13031,滿回塘蒼,1
13032,回塘蒼蒼,1
13033,塘蒼蒼松,1
13034,蒼蒼松竹,1
13035,蒼松竹晚,1
13036,松竹晚一,1
13037,竹晚一徑,1
13038,晚一徑入,1
13039,一徑入荒,1
13040,徑入荒祠,1
13041,入荒祠古,1
13042,荒祠古樹,1
13043,祠古樹風,1
13044,古樹風吹,1
13045,樹風吹馬,1
13046,風吹馬虛,1
13047,吹馬虛廊,1
13048,馬虛廊日,1
13049,虛廊日照,1
13050,廊日照旗,1
13051,日照旗煙,1
13052,照旗煙煤,1
13053,旗煙煤朝,1
13054,煙煤朝奠,1
13055,煤朝奠處,1
13056,朝奠處風,1
13057,奠處風雨,1
13058,處風雨夜,1
13059,風雨夜歸,1
13060,雨夜歸時,1
13061,夜歸時寂,1
13062,歸時寂寞,1
13063,時寂寞東,1
13064,寂寞東湖,1
13065,寞東湖客,1
13066,東湖客空,1
13067,湖客空看,1
13068,客空看蔣,1
13069,空看蔣帝,1
13070,看蔣帝碑,1
13071,蔣帝碑驅,1
13072,帝碑驅車,1
13073,碑驅車何,1
13074,驅車何日,1
13075,車何日閑,1
13076,何日閑擾,1
13077,日閑擾擾,1
13078,閑擾擾路,1
13079,擾擾路岐,1
13080,擾路岐間,1
13081,路岐間歲,1
13082,岐間歲暮,1
13083,間歲暮自,1
13084,歲暮自多,1
13085,暮自多感,1
13086,自多感客,1
13087,多感客程,1
13088,感客程殊,1
13089,客程殊未,1
13090,程殊未還,1
13091,殊未還亭,1
13092,未還亭皋,1
13093,還亭皋汝,1
13094,亭皋汝陽,1
13095,皋汝陽道,1
13096,汝陽道風,1
13097,陽道風雪,1
13098,道風雪穆,1
13099,風雪穆陵,1
13100,雪穆陵關,1
13101,穆陵關臘,1
13102,陵關臘後,1
13103,關臘後寒,1
13104,臘後寒梅,1
13105,後寒梅發,1
13106,寒梅發誰,1
13107,梅發誰人,1
13108,發誰人在,1
13109,誰人在故,1
13110,人在故山,1
13111,在故山憶,1
13112,故山憶昔,1
13113,山憶昔幾,1
13114,憶昔幾遊,1
13115,昔幾遊集,1
13116,幾遊集今,1
13117,遊集今來,1
13118,集今來倍,1
13119,今來倍歎,1
13120,來倍歎傷,1
13121,倍歎傷百,1
13122,歎傷百花,1
13123,傷百花情,1
13124,百花情易,1
13125,花情易老,1
13126,情易老一,1
13127,易老一笑,1
13128,老一笑事,1
13129,一笑事難,1
13130,笑事難忘,1
13131,事難忘白,1
13132,難忘白社,1
13133,忘白社已,1
13134,白社已蕭,1
13135,社已蕭索,1
13136,已蕭索青,1
13137,蕭索青樓,1
13138,索青樓空,1
13139,青樓空豔,1
13140,樓空豔陽,1
13141,空豔陽不,1
13142,豔陽不閑,1
13143,陽不閑雲,1
13144,不閑雲雨,1
13145,閑雲雨夢,1
13146,雲雨夢猶,1
13147,雨夢猶欲,1
13148,夢猶欲過,1
13149,猶欲過高,1
13150,欲過高唐,1
13151,過高唐經,1
13152,高唐經客,1
13153,唐經客有,1
13154,經客有餘,1
13155,客有餘音,1
13156,有餘音他,1
13157,餘音他年,1
13158,音他年終,1
13159,他年終故,1
13160,年終故林,1
13161,終故林高,1
13162,故林高樓,1
13163,林高樓本,1
13164,高樓本危,1
13165,樓本危睇,1
13166,本危睇涼,1
13167,危睇涼月,1
13168,睇涼月更,1
13169,涼月更傷,1
13170,月更傷心,1
13171,更傷心此,1
13172,傷心此意,1
13173,心此意竟,1
13174,此意竟難,1
13175,意竟難折,1
13176,竟難折伊,1
13177,難折伊人,1
13178,折伊人成,1
13179,伊人成古,1
13180,人成古今,1
13181,成古今流,1
13182,古今流塵,1
13183,今流塵其,1
13184,流塵其可,1
13185,塵其可欲,1
13186,其可欲非,1
13187,可欲非複,1
13188,欲非複懶,1
13189,非複懶鳴,1
13190,複懶鳴琴,1
13191,懶鳴琴昔,1
13192,鳴琴昔歲,1
13193,琴昔歲東,1
13194,昔歲東林,1
13195,歲東林下,1
13196,東林下深,1
13197,林下深公,1
13198,下深公識,1
13199,深公識姓,1
13200,公識姓名,1
13201,識姓名爾,1
13202,姓名爾來,1
13203,名爾來辭,1
13204,爾來辭半,1
13205,來辭半偈,1
13206,辭半偈空,1
13207,半偈空複,1
13208,偈空複歎,1
13209,空複歎勞,1
13210,複歎勞生,1
13211,歎勞生憂,1
13212,勞生憂患,1
13213,生憂患慕,1
13214,憂患慕禪,1
13215,患慕禪味,1
13216,慕禪味寂,1
13217,禪味寂寥,1
13218,味寂寥遺,1
13219,寂寥遺世,1
13220,寥遺世情,1
13221,遺世情所,1
13222,世情所歸,1
13223,情所歸心,1
13224,所歸心自,1
13225,歸心自得,1
13226,心自得何,1
13227,自得何事,1
13228,得何事倦,1
13229,何事倦塵,1
13230,事倦塵纓,1
13231,倦塵纓微,1
13232,塵纓微生,1
13233,纓微生竟,1
13234,微生竟勞,1
13235,生竟勞止,1
13236,竟勞止晤,1
13237,勞止晤言,1
13238,止晤言猶,1
13239,晤言猶是,1
13240,言猶是非,1
13241,猶是非出,1
13242,是非出門,1
13243,非出門還,1
13244,出門還有,1
13245,門還有淚,1
13246,還有淚看,1
13247,有淚看竹,1
13248,淚看竹暫,1
13249,看竹暫忘,1
13250,竹暫忘機,1
13251,暫忘機爽,1
13252,忘機爽氣,1
13253,機爽氣三,1
13254,爽氣三秋,1
13255,氣三秋近,1
13256,三秋近浮,1
13257,秋近浮生,1
13258,近浮生一,1
13259,浮生一笑,1
13260,生一笑稀,1
13261,一笑稀故,1
13262,笑稀故山,1
13263,稀故山松,1
13264,故山松菊,1
13265,山松菊在,1
13266,松菊在終,1
13267,菊在終欲,1
13268,在終欲掩,1
13269,終欲掩荊,1
13270,欲掩荊扉,1
13271,掩荊扉渭,1
13272,荊扉渭川,1
13273,扉渭川通,1
13274,渭川通野,1
13275,川通野戍,1
13276,通野戍有,1
13277,野戍有路,1
13278,戍有路上,1
13279,有路上桑,1
13280,路上桑幹,1
13281,上桑幹獨,1
13282,桑幹獨鳥,1
13283,幹獨鳥青,1
13284,獨鳥青天,1
13285,鳥青天暮,1
13286,青天暮驚,1
13287,天暮驚麏,1
13288,暮驚麏赤,1
13289,驚麏赤燒,1
13290,麏赤燒殘,1
13291,赤燒殘高,1
13292,燒殘高秋,1
13293,殘高秋辭,1
13294,高秋辭故,1
13295,秋辭故國,1
13296,辭故國昨,1
13297,故國昨日,1
13298,國昨日夢,1
13299,昨日夢長,1
13300,日夢長安,1
13301,夢長安客,1
13302,長安客意,1
13303,安客意自,1
13304,客意自如,1
13305,意自如此,1
13306,自如此非,1
13307,如此非關,1
13308,此非關行,1
13309,非關行路,1
13310,關行路難,1
13311,行路難荒,1
13312,路難荒戍,1
13313,難荒戍落,1
13314,荒戍落黃,1
13315,戍落黃葉,1
13316,落黃葉浩,1
13317,黃葉浩然,1
13318,葉浩然離,1
13319,浩然離故,1
13320,然離故關,1
13321,離故關高,1
13322,故關高風,1
13323,關高風漢,1
13324,高風漢陽,1
13325,風漢陽渡,1
13326,漢陽渡初,1
13327,陽渡初日,1
13328,渡初日郢,1
13329,初日郢門,1
13330,日郢門山,1
13331,郢門山江,1
13332,門山江上,1
13333,山江上幾,1
13334,江上幾人,1
13335,上幾人在,1
13336,幾人在天,1
13337,人在天涯,1
13338,在天涯孤,1
13339,天涯孤棹,1
13340,涯孤棹還,1
13341,孤棹還何,1
13342,棹還何當,1
13343,還何當重,1
13344,何當重相,1
13345,當重相見,1
13346,重相見尊,1
13347,相見尊酒,1
13348,見尊酒慰,1
13349,尊酒慰離,1
13350,酒慰離顏,1
13351,慰離顏惟,1
13352,離顏惟昔,1
13353,顏惟昔有,1
13354,惟昔有歸,1
13355,昔有歸趣,1
13356,有歸趣今,1
13357,歸趣今茲,1
13358,趣今茲固,1
13359,今茲固願,1
13360,茲固願言,1
13361,固願言嘯,1
13362,願言嘯歌,1
13363,言嘯歌成,1
13364,嘯歌成往,1
13365,歌成往事,1
13366,成往事風,1
13367,往事風雨,1
13368,事風雨坐,1
13369,風雨坐涼,1
13370,雨坐涼軒,1
13371,坐涼軒時,1
13372,涼軒時物,1
13373,軒時物信,1
13374,時物信佳,1
13375,物信佳節,1
13376,信佳節歲,1
13377,佳節歲華,1
13378,節歲華非,1
13379,歲華非故,1
13380,華非故園,1
13381,非故園固,1
13382,故園固知,1
13383,園固知春,1
13384,固知春草,1
13385,知春草色,1
13386,春草色何,1
13387,草色何意,1
13388,色何意為,1
13389,何意為王,1
13390,意為王孫,1
13391,為王孫孔,1
13392,王孫孔雀,1
13393,孫孔雀眠,1
13394,孔雀眠高,1
13395,雀眠高閣,1
13396,眠高閣櫻,1
13397,高閣櫻桃,1
13398,閣櫻桃拂,1
13399,櫻桃拂短,1
13400,桃拂短簷,1
13401,拂短簷畫,1
13402,短簷畫明,1
13403,簷畫明金,1
13404,畫明金冉,1
13405,明金冉冉,1
13406,金冉冉箏,1
13407,冉冉箏語,1
13408,冉箏語玉,1
13409,箏語玉纖,1
13410,語玉纖纖,1
13411,玉纖纖細,1
13412,纖纖細雨,1
13413,纖細雨無,1
13414,細雨無妨,1
13415,雨無妨燭,1
13416,無妨燭輕,1
13417,妨燭輕寒,1
13418,燭輕寒不,1
13419,輕寒不隔,1
13420,寒不隔簾,1
13421,不隔簾欲,1
13422,隔簾欲將,1
13423,簾欲將紅,1
13424,欲將紅錦,1
13425,將紅錦段,1
13426,紅錦段因,1
13427,錦段因夢,1
13428,段因夢寄,1
13429,因夢寄江,1
13430,夢寄江淹,1
13431,寄江淹白,1
13432,江淹白首,1
13433,淹白首方,1
13434,白首方辭,1
13435,首方辭滿,1
13436,方辭滿荊,1
13437,辭滿荊扉,1
13438,滿荊扉對,1
13439,荊扉對渚,1
13440,扉對渚田,1
13441,對渚田雪,1
13442,渚田雪中,1
13443,田雪中無,1
13444,雪中無陋,1
13445,中無陋巷,1
13446,無陋巷醉,1
13447,陋巷醉後,1
13448,巷醉後似,1
13449,醉後似當,1
13450,後似當年,1
13451,似當年一,1
13452,當年一笈,1
13453,年一笈負,1
13454,一笈負山,1
13455,笈負山藥,1
13456,負山藥兩,1
13457,山藥兩瓶,1
13458,藥兩瓶攜,1
13459,兩瓶攜澗,1
13460,瓶攜澗泉,1
13461,攜澗泉夜,1
13462,澗泉夜來,1
13463,泉夜來風,1
13464,夜來風浪,1
13465,來風浪起,1
13466,風浪起何,1
13467,浪起何處,1
13468,起何處認,1
13469,何處認漁,1
13470,處認漁船,1
13471,認漁船故,1
13472,漁船故道,1
13473,船故道木,1
13474,故道木陰,1
13475,道木陰濃,1
13476,木陰濃荒,1
13477,陰濃荒祠,1
13478,濃荒祠山,1
13479,荒祠山影,1
13480,祠山影東,1
13481,山影東杉,1
13482,影東杉松,1
13483,東杉松一,1
13484,杉松一庭,1
13485,松一庭雨,1
13486,一庭雨幡,1
13487,庭雨幡蓋,1
13488,雨幡蓋滿,1
13489,幡蓋滿堂,1
13490,蓋滿堂風,1
13491,滿堂風客,1
13492,堂風客奠,1
13493,風客奠曉,1
13494,客奠曉莎,1
13495,奠曉莎濕,1
13496,曉莎濕馬,1
13497,莎濕馬嘶,1
13498,濕馬嘶秋,1
13499,馬嘶秋廟,1
13500,嘶秋廟空,1
13501,秋廟空夜,1
13502,廟空夜深,1
13503,空夜深池,1
13504,夜深池上,1
13505,深池上歇,1
13506,池上歇龍,1
13507,上歇龍入,1
13508,歇龍入古,1
13509,龍入古潭,1
13510,入古潭中,1
13511,古潭中苒,1
13512,潭中苒弱,1
13513,中苒弱樓,1
13514,苒弱樓前,1
13515,弱樓前柳,1
13516,樓前柳輕,1
13517,前柳輕空,1
13518,柳輕空花,1
13519,輕空花外,1
13520,空花外窗,1
13521,花外窗蝶,1
13522,外窗蝶高,1
13523,窗蝶高飛,1
13524,蝶高飛有,1
13525,高飛有伴,1
13526,飛有伴鶯,1
13527,有伴鶯早,1
13528,伴鶯早語,1
13529,鶯早語無,1
13530,早語無雙,1
13531,語無雙剪,1
13532,無雙剪勝,1
13533,雙剪勝裁,1
13534,剪勝裁春,1
13535,勝裁春字,1
13536,裁春字開,1
13537,春字開屏,1
13538,字開屏見,1
13539,開屏見曉,1
13540,屏見曉江,1
13541,見曉江從,1
13542,曉江從來,1
13543,江從來共,1
13544,從來共情,1
13545,來共情戰,1
13546,共情戰今,1
13547,情戰今日,1
13548,戰今日欲,1
13549,今日欲歸,1
13550,日欲歸降,1
13551,欲歸降從,1
13552,歸降從小,1
13553,降從小識,1
13554,從小識賓,1
13555,小識賓卿,1
13556,識賓卿恩,1
13557,賓卿恩深,1
13558,卿恩深若,1
13559,恩深若弟,1
13560,深若弟兄,1
13561,若弟兄相,1
13562,弟兄相逢,1
13563,兄相逢在,1
13564,相逢在何,1
13565,逢在何日,1
13566,在何日此,1
13567,何日此別,1
13568,日此別不,1
13569,此別不勝,1
13570,別不勝情,1
13571,不勝情紅,1
13572,勝情紅粉,1
13573,情紅粉座,1
13574,紅粉座中,1
13575,粉座中客,1
13576,座中客彩,1
13577,中客彩斿,1
13578,客彩斿江,1
13579,彩斿江上,1
13580,斿江上城,1
13581,江上城尚,1
13582,上城尚平,1
13583,城尚平婚,1
13584,尚平婚嫁,1
13585,平婚嫁累,1
13586,婚嫁累無,1
13587,嫁累無路,1
13588,累無路逐,1
13589,無路逐雙,1
13590,路逐雙旌,1
13591,逐雙旌稱,1
13592,雙旌稱觴,1
13593,旌稱觴慚,1
13594,稱觴慚座,1
13595,觴慚座客,1
13596,慚座客懷,1
13597,座客懷刺,1
13598,客懷刺即,1
13599,懷刺即門,1
13600,刺即門人,1
13601,即門人素,1
13602,門人素向,1
13603,人素向寧,1
13604,素向寧知,1
13605,向寧知貴,1
13606,寧知貴清,1
13607,知貴清淡,1
13608,貴清淡不,1
13609,清淡不厭,1
13610,淡不厭貧,1
13611,不厭貧野,1
13612,厭貧野梅,1
13613,貧野梅江,1
13614,野梅江上,1
13615,梅江上晚,1
13616,江上晚堤,1
13617,上晚堤柳,1
13618,晚堤柳雨,1
13619,堤柳雨中,1
13620,柳雨中春,1
13621,雨中春未,1
13622,中春未報,1
13623,春未報淮,1
13624,未報淮南,1
13625,報淮南詔,1
13626,淮南詔何,1
13627,南詔何勞,1
13628,詔何勞問,1
13629,何勞問白,1
13630,勞問白蘋,1
13631,問白蘋蠟,1
13632,白蘋蠟珠,1
13633,蘋蠟珠攢,1
13634,蠟珠攢作,1
13635,珠攢作蒂,1
13636,攢作蒂緗,1
13637,作蒂緗彩,1
13638,蒂緗彩剪,1
13639,緗彩剪成,1
13640,彩剪成叢,1
13641,剪成叢鄭,1
13642,成叢鄭驛,1
13643,叢鄭驛多,1
13644,鄭驛多歸,1
13645,驛多歸思,1
13646,多歸思相,1
13647,歸思相期,1
13648,思相期一,1
13649,相期一笑,1
13650,期一笑同,1
13651,一笑同棲,1
13652,笑同棲息,1
13653,同棲息消,1
13654,棲息消心,1
13655,息消心象,1
13656,消心象簷,1
13657,心象簷楹,1
13658,象簷楹溢,1
13659,簷楹溢豔,1
13660,楹溢豔陽,1
13661,溢豔陽簾,1
13662,豔陽簾櫳,1
13663,陽簾櫳蘭,1
13664,簾櫳蘭露,1
13665,櫳蘭露落,1
13666,蘭露落鄰,1
13667,露落鄰里,1
13668,落鄰里柳,1
13669,鄰里柳林,1
13670,里柳林涼,1
13671,柳林涼高,1
13672,林涼高閣,1
13673,涼高閣過,1
13674,高閣過空,1
13675,閣過空穀,1
13676,過空穀孤,1
13677,空穀孤竿,1
13678,穀孤竿隔,1
13679,孤竿隔古,1
13680,竿隔古岡,1
13681,隔古岡潭,1
13682,古岡潭廬,1
13683,岡潭廬同,1
13684,潭廬同淡,1
13685,廬同淡蕩,1
13686,同淡蕩仿,1
13687,淡蕩仿佛,1
13688,蕩仿佛複,1
13689,仿佛複芬,1
13690,佛複芬芳,1
13691,複芬芳敷,1
13692,芬芳敷水,1
13693,芳敷水小,1
13694,敷水小橋,1
13695,水小橋東,1
13696,小橋東娟,1
13697,橋東娟娟,1
13698,東娟娟照,1
13699,娟娟照露,1
13700,娟照露叢,1
13701,照露叢所,1
13702,露叢所嗟,1
13703,叢所嗟非,1
13704,所嗟非勝,1
13705,嗟非勝地,1
13706,非勝地堪,1
13707,勝地堪恨,1
13708,地堪恨是,1
13709,堪恨是春,1
13710,恨是春風,1
13711,是春風二,1
13712,春風二月,1
13713,風二月豔,1
13714,二月豔陽,1
13715,月豔陽節,1
13716,豔陽節一,1
13717,陽節一枝,1
13718,節一枝惆,1
13719,一枝惆悵,1
13720,枝惆悵紅,1
13721,惆悵紅定,1
13722,悵紅定知,1
13723,紅定知留,1
13724,定知留不,1
13725,知留不住,1
13726,留不住吹,1
13727,不住吹落,1
13728,住吹落路,1
13729,吹落路塵,1
13730,落路塵中,1
13731,路塵中隋,1
13732,塵中隋堤,1
13733,中隋堤楊,1
13734,隋堤楊柳,1
13735,堤楊柳煙,1
13736,楊柳煙孤,1
13737,柳煙孤棹,1
13738,煙孤棹正,1
13739,孤棹正悠,1
13740,棹正悠然,1
13741,正悠然蕭,1
13742,悠然蕭寺,1
13743,然蕭寺通,1
13744,蕭寺通淮,1
13745,寺通淮戍,1
13746,通淮戍蕪,1
13747,淮戍蕪城,1
13748,戍蕪城枕,1
13749,蕪城枕楚,1
13750,城枕楚壖,1
13751,枕楚壖魚,1
13752,楚壖魚鹽,1
13753,壖魚鹽橋,1
13754,魚鹽橋上,1
13755,鹽橋上市,1
13756,橋上市燈,1
13757,上市燈火,1
13758,市燈火雨,1
13759,燈火雨中,1
13760,火雨中船,1
13761,雨中船故,1
13762,中船故老,1
13763,船故老青,1
13764,故老青葭,1
13765,老青葭岸,1
13766,青葭岸先,1
13767,葭岸先知,1
13768,岸先知子,1
13769,先知子賢,1
13770,知子賢禪,1
13771,子賢禪房,1
13772,賢禪房無,1
13773,禪房無外,1
13774,房無外物,1
13775,無外物清,1
13776,外物清話,1
13777,物清話此,1
13778,清話此宵,1
13779,話此宵同,1
13780,此宵同林,1
13781,宵同林彩,1
13782,同林彩水,1
13783,林彩水煙,1
13784,彩水煙裏,1
13785,水煙裏澗,1
13786,煙裏澗聲,1
13787,裏澗聲山,1
13788,澗聲山月,1
13789,聲山月中,1
13790,山月中橡,1
13791,月中橡霜,1
13792,中橡霜諸,1
13793,橡霜諸壑,1
13794,霜諸壑霽,1
13795,諸壑霽杉,1
13796,壑霽杉火,1
13797,霽杉火一,1
13798,杉火一爐,1
13799,火一爐空,1
13800,一爐空擁,1
13801,爐空擁褐,1
13802,空擁褐寒,1
13803,擁褐寒更,1
13804,褐寒更徹,1
13805,寒更徹心,1
13806,更徹心知,1
13807,徹心知覺,1
13808,心知覺路,1
13809,知覺路通,1
13810,覺路通維,1
13811,路通維舟,1
13812,通維舟息,1
13813,維舟息行,1
13814,舟息行役,1
13815,息行役霽,1
13816,行役霽景,1
13817,役霽景近,1
13818,霽景近江,1
13819,景近江村,1
13820,近江村並,1
13821,江村並起,1
13822,村並起別,1
13823,並起別離,1
13824,起別離恨,1
13825,別離恨似,1
13826,離恨似聞,1
13827,恨似聞歌,1
13828,似聞歌吹,1
13829,聞歌吹喧,1
13830,歌吹喧高,1
13831,吹喧高林,1
13832,喧高林月,1
13833,高林月初,1
13834,林月初上,1
13835,月初上遠,1
13836,初上遠水,1
13837,上遠水霧,1
13838,遠水霧猶,1
13839,水霧猶昏,1
13840,霧猶昏王,1
13841,猶昏王粲,1
13842,昏王粲平,1
13843,王粲平生,1
13844,粲平生感,1
13845,平生感登,1
13846,生感登臨,1
13847,感登臨幾,1
13848,登臨幾斷,1
13849,臨幾斷魂,1
13850,幾斷魂麈,1
13851,斷魂麈尾,1
13852,魂麈尾與,1
13853,麈尾與筇,1
13854,尾與筇杖,1
13855,與筇杖幾,1
13856,筇杖幾年,1
13857,杖幾年離,1
13858,幾年離石,1
13859,年離石壇,1
13860,離石壇梵,1
13861,石壇梵餘,1
13862,壇梵餘林,1
13863,梵餘林雪,1
13864,餘林雪厚,1
13865,林雪厚棋,1
13866,雪厚棋罷,1
13867,厚棋罷岳,1
13868,棋罷岳鐘,1
13869,罷岳鐘殘,1
13870,岳鐘殘開,1
13871,鐘殘開卷,1
13872,殘開卷喜,1
13873,開卷喜先,1
13874,卷喜先悟,1
13875,喜先悟漱,1
13876,先悟漱瓶,1
13877,悟漱瓶知,1
13878,漱瓶知早,1
13879,瓶知早寒,1
13880,知早寒衡,1
13881,早寒衡陽,1
13882,寒衡陽寺,1
13883,衡陽寺前,1
13884,陽寺前雁,1
13885,寺前雁今,1
13886,前雁今日,1
13887,雁今日到,1
13888,今日到長,1
13889,日到長安,1
13890,到長安閉,1
13891,長安閉門,1
13892,安閉門群,1
13893,閉門群動,1
13894,門群動息,1
13895,群動息積,1
13896,動息積雪,1
13897,息積雪透,1
13898,積雪透疏,1
13899,雪透疏林,1
13900,透疏林有,1
13901,疏林有客,1
13902,林有客寒,1
13903,有客寒方,1
13904,客寒方覺,1
13905,寒方覺無,1
13906,方覺無聲,1
13907,覺無聲曉,1
13908,無聲曉已,1
13909,聲曉已深,1
13910,曉已深正,1
13911,已深正繁,1
13912,深正繁聞,1
13913,正繁聞近,1
13914,繁聞近雁,1
13915,聞近雁並,1
13916,近雁並落,1
13917,雁並落起,1
13918,並落起棲,1
13919,落起棲禽,1
13920,起棲禽寂,1
13921,棲禽寂寞,1
13922,禽寂寞寒,1
13923,寂寞寒塘,1
13924,寞寒塘路,1
13925,寒塘路憐,1
13926,塘路憐君,1
13927,路憐君獨,1
13928,憐君獨阻,1
13929,君獨阻尋,1
13930,獨阻尋夜,1
13931,阻尋夜香,1
13932,尋夜香聞,1
13933,夜香聞偈,1
13934,香聞偈後,1
13935,聞偈後岑,1
13936,偈後岑寂,1
13937,後岑寂掩,1
13938,岑寂掩雙,1
13939,寂掩雙扉,1
13940,掩雙扉照,1
13941,雙扉照竹,1
13942,扉照竹燈,1
13943,照竹燈和,1
13944,竹燈和雪,1
13945,燈和雪看,1
13946,和雪看松,1
13947,雪看松月,1
13948,看松月到,1
13949,松月到衣,1
13950,月到衣草,1
13951,到衣草堂,1
13952,衣草堂疏,1
13953,草堂疏磬,1
13954,堂疏磬斷,1
13955,疏磬斷江,1
13956,磬斷江寺,1
13957,斷江寺故,1
13958,江寺故人,1
13959,寺故人稀,1
13960,故人稀唯,1
13961,人稀唯憶,1
13962,稀唯憶湘,1
13963,唯憶湘南,1
13964,憶湘南雨,1
13965,湘南雨春,1
13966,南雨春風,1
13967,雨春風獨,1
13968,春風獨鳥,1
13969,風獨鳥歸,1
13970,獨鳥歸清,1
13971,鳥歸清曉,1
13972,歸清曉盥,1
13973,清曉盥秋,1
13974,曉盥秋水,1
13975,盥秋水高,1
13976,秋水高窗,1
13977,水高窗留,1
13978,高窗留夕,1
13979,窗留夕陰,1
13980,留夕陰初,1
13981,夕陰初陽,1
13982,陰初陽到,1
13983,初陽到古,1
13984,陽到古寺,1
13985,到古寺宿,1
13986,古寺宿鳥,1
13987,寺宿鳥起,1
13988,宿鳥起寒,1
13989,鳥起寒林,1
13990,起寒林香,1
13991,寒林香火,1
13992,林香火有,1
13993,香火有良,1
13994,火有良願,1
13995,有良願宦,1
13996,良願宦名,1
13997,願宦名非,1
13998,宦名非素,1
13999,名非素心,1
14000,非素心靈,1
14001,素心靈山,1
14002,心靈山緣,1
14003,靈山緣未,1
14004,山緣未絕,1
14005,緣未絕他,1
14006,未絕他日,1
14007,絕他日重,1
14008,他日重來,1
14009,日重來尋,1
14010,重來尋離,1
14011,來尋離離,1
14012,尋離離麥,1
14013,離離麥擢,1
14014,離麥擢芒,1
14015,麥擢芒楚,1
14016,擢芒楚客,1
14017,芒楚客意,1
14018,楚客意偏,1
14019,客意偏傷,1
14020,意偏傷波,1
14021,偏傷波上,1
14022,傷波上旅,1
14023,波上旅愁,1
14024,上旅愁起,1
14025,旅愁起天,1
14026,愁起天邊,1
14027,起天邊歸,1
14028,天邊歸路,1
14029,邊歸路長,1
14030,歸路長孤,1
14031,路長孤橈,1
14032,長孤橈投,1
14033,孤橈投楚,1
14034,橈投楚驛,1
14035,投楚驛殘,1
14036,楚驛殘月,1
14037,驛殘月在,1
14038,殘月在淮,1
14039,月在淮檣,1
14040,在淮檣外,1
14041,淮檣外杜,1
14042,檣外杜三,1
14043,外杜三千,1
14044,杜三千里,1
14045,三千里誰,1
14046,千里誰人,1
14047,里誰人數,1
14048,誰人數雁,1
14049,人數雁行,1
14050,數雁行持,1
14051,雁行持頤,1
14052,行持頤望,1
14053,持頤望平,1
14054,頤望平綠,1
14055,望平綠萬,1
14056,平綠萬景,1
14057,綠萬景集,1
14058,萬景集所,1
14059,景集所思,1
14060,集所思南,1
14061,所思南塘,1
14062,思南塘遇,1
14063,南塘遇新,1
14064,塘遇新雨,1
14065,遇新雨百,1
14066,新雨百草,1
14067,雨百草生,1
14068,百草生容,1
14069,草生容姿,1
14070,生容姿幽,1
14071,容姿幽鳥,1
14072,姿幽鳥不,1
14073,幽鳥不相,1
14074,鳥不相識,1
14075,不相識美,1
14076,相識美人,1
14077,識美人如,1
14078,美人如何,1
14079,人如何期,1
14080,如何期徒,1
14081,何期徒然,1
14082,期徒然委,1
14083,徒然委搖,1
14084,然委搖盪,1
14085,委搖盪惆,1
14086,搖盪惆悵,1
14087,盪惆悵春,1
14088,惆悵春風,1
14089,悵春風時,1
14090,春風時稻,1
14091,風時稻香,1
14092,時稻香山,1
14093,稻香山色,1
14094,香山色疊,1
14095,山色疊平,1
14096,色疊平野,1
14097,疊平野接,1
14098,平野接荒,1
14099,野接荒陂,1
14100,接荒陂蓮,1
14101,荒陂蓮折,1
14102,陂蓮折舟,1
14103,蓮折舟行,1
14104,折舟行遠,1
14105,舟行遠萍,1
14106,行遠萍多,1
14107,遠萍多釣,1
14108,萍多釣下,1
14109,多釣下遲,1
14110,釣下遲壞,1
14111,下遲壞堤,1
14112,遲壞堤泉,1
14113,壞堤泉落,1
14114,堤泉落處,1
14115,泉落處涼,1
14116,落處涼簟,1
14117,處涼簟雨,1
14118,涼簟雨來,1
14119,簟雨來時,1
14120,雨來時京,1
14121,來時京口,1
14122,時京口兵,1
14123,京口兵堪,1
14124,口兵堪用,1
14125,兵堪用何,1
14126,堪用何因,1
14127,用何因入,1
14128,何因入夢,1
14129,因入夢思,1
14130,入夢思簟,1
14131,夢思簟翻,1
14132,思簟翻涼,1
14133,簟翻涼氣,1
14134,翻涼氣集,1
14135,涼氣集溪,1
14136,氣集溪上,1
14137,集溪上潤,1
14138,溪上潤殘,1
14139,上潤殘棋,1
14140,潤殘棋萍,1
14141,殘棋萍皺,1
14142,棋萍皺風,1
14143,萍皺風來,1
14144,皺風來後,1
14145,風來後荷,1
14146,來後荷喧,1
14147,後荷喧雨,1
14148,荷喧雨到,1
14149,喧雨到時,1
14150,雨到時寂,1
14151,到時寂寥,1
14152,時寂寥閑,1
14153,寂寥閑望,1
14154,寥閑望久,1
14155,閑望久飄,1
14156,望久飄灑,1
14157,久飄灑獨,1
14158,飄灑獨歸,1
14159,灑獨歸遲,1
14160,獨歸遲無,1
14161,歸遲無限,1
14162,遲無限松,1
14163,無限松江,1
14164,限松江恨,1
14165,松江恨煩,1
14166,江恨煩君,1
14167,恨煩君解,1
14168,煩君解釣,1
14169,君解釣絲,1
14170,解釣絲所,1
14171,釣絲所得,1
14172,絲所得乃,1
14173,所得乃清,1
14174,得乃清曠,1
14175,乃清曠寂,1
14176,清曠寂寥,1
14177,曠寂寥常,1
14178,寂寥常掩,1
14179,寥常掩關,1
14180,常掩關獨,1
14181,掩關獨來,1
14182,關獨來春,1
14183,獨來春尚,1
14184,來春尚在,1
14185,春尚在相,1
14186,尚在相得,1
14187,在相得暮,1
14188,相得暮方,1
14189,得暮方還,1
14190,暮方還花,1
14191,方還花白,1
14192,還花白風,1
14193,花白風露,1
14194,白風露晚,1
14195,風露晚柳,1
14196,露晚柳青,1
14197,晚柳青街,1
14198,柳青街陌,1
14199,青街陌閑,1
14200,街陌閑翠,1
14201,陌閑翠微,1
14202,閑翠微應,1
14203,翠微應有,1
14204,微應有雪,1
14205,應有雪窗,1
14206,有雪窗外,1
14207,雪窗外見,1
14208,窗外見南,1
14209,外見南山,1
14210,見南山晴,1
14211,南山晴川,1
14212,山晴川通,1
14213,晴川通野,1
14214,川通野陂,1
14215,通野陂此,1
14216,野陂此地,1
14217,陂此地昔,1
14218,此地昔傷,1
14219,地昔傷離,1
14220,昔傷離一,1
14221,傷離一去,1
14222,離一去跡,1
14223,一去跡常,1
14224,去跡常在,1
14225,跡常在獨,1
14226,常在獨來,1
14227,在獨來心,1
14228,獨來心自,1
14229,來心自知,1
14230,心自知鷺,1
14231,自知鷺眠,1
14232,知鷺眠茭,1
14233,鷺眠茭葉,1
14234,眠茭葉折,1
14235,茭葉折魚,1
14236,葉折魚靜,1
14237,折魚靜蓼,1
14238,魚靜蓼花,1
14239,靜蓼花垂,1
14240,蓼花垂無,1
14241,花垂無限,1
14242,垂無限高,1
14243,無限高秋,1
14244,限高秋淚,1
14245,高秋淚扁,1
14246,秋淚扁舟,1
14247,淚扁舟極,1
14248,扁舟極路,1
14249,舟極路岐,1
14250,極路岐赤,1
14251,路岐赤墀,1
14252,岐赤墀高,1
14253,赤墀高閣,1
14254,墀高閣自,1
14255,高閣自從,1
14256,閣自從容,1
14257,自從容玉,1
14258,從容玉女,1
14259,容玉女窗,1
14260,玉女窗扉,1
14261,女窗扉報,1
14262,窗扉報曙,1
14263,扉報曙鐘,1
14264,報曙鐘日,1
14265,曙鐘日麗,1
14266,鐘日麗九,1
14267,日麗九門,1
14268,麗九門青,1
14269,九門青鎖,1
14270,門青鎖闥,1
14271,青鎖闥雨,1
14272,鎖闥雨晴,1
14273,闥雨晴雙,1
14274,雨晴雙闕,1
14275,晴雙闕翠,1
14276,雙闕翠微,1
14277,闕翠微峰,1
14278,翠微峰毫,1
14279,微峰毫端,1
14280,峰毫端蕙,1
14281,毫端蕙露,1
14282,端蕙露滋,1
14283,蕙露滋仙,1
14284,露滋仙草,1
14285,滋仙草琴,1
14286,仙草琴上,1
14287,草琴上熏,1
14288,琴上熏風,1
14289,上熏風入,1
14290,熏風入禁,1
14291,風入禁松,1
14292,入禁松荀,1
14293,禁松荀令,1
14294,松荀令鳳,1
14295,荀令鳳池,1
14296,令鳳池春,1
14297,鳳池春婉,1
14298,池春婉娩,1
14299,春婉娩好,1
14300,婉娩好將,1
14301,娩好將餘,1
14302,好將餘潤,1
14303,將餘潤變,1
14304,餘潤變魚,1
14305,潤變魚龍,1
14306,變魚龍博,1
14307,魚龍博山,1
14308,龍博山香,1
14309,博山香重,1
14310,山香重欲,1
14311,香重欲成,1
14312,重欲成雲,1
14313,欲成雲錦,1
14314,成雲錦段,1
14315,雲錦段機,1
14316,錦段機絲,1
14317,段機絲妒,1
14318,機絲妒鄂,1
14319,絲妒鄂君,1
14320,妒鄂君粉,1
14321,鄂君粉蝶,1
14322,君粉蝶團,1
14323,粉蝶團飛,1
14324,蝶團飛花,1
14325,團飛花轉,1
14326,飛花轉影,1
14327,花轉影彩,1
14328,轉影彩鴛,1
14329,影彩鴛雙,1
14330,彩鴛雙泳,1
14331,鴛雙泳水,1
14332,雙泳水生,1
14333,泳水生紋,1
14334,水生紋青,1
14335,生紋青樓,1
14336,紋青樓二,1
14337,青樓二月,1
14338,樓二月春,1
14339,二月春將,1
14340,月春將半,1
14341,春將半碧,1
14342,將半碧瓦,1
14343,半碧瓦千,1
14344,碧瓦千家,1
14345,瓦千家日,1
14346,千家日未,1
14347,家日未曛,1
14348,日未曛見,1
14349,未曛見說,1
14350,曛見說楊,1
14351,見說楊朱,1
14352,說楊朱無,1
14353,楊朱無限,1
14354,朱無限淚,1
14355,無限淚豈,1
14356,限淚豈能,1
14357,淚豈能空,1
14358,豈能空為,1
14359,能空為路,1
14360,空為路岐,1
14361,為路岐分,1
14362,路岐分羨,1
14363,岐分羨君,1
14364,分羨君東,1
14365,羨君東去,1
14366,君東去見,1
14367,東去見殘,1
14368,去見殘梅,1
14369,見殘梅唯,1
14370,殘梅唯有,1
14371,梅唯有王,1
14372,唯有王孫,1
14373,有王孫獨,1
14374,王孫獨未,1
14375,孫獨未回,1
14376,獨未回吳,1
14377,未回吳苑,1
14378,回吳苑夕,1
14379,吳苑夕陽,1
14380,苑夕陽明,1
14381,夕陽明古,1
14382,陽明古堞,1
14383,明古堞越,1
14384,古堞越宮,1
14385,堞越宮春,1
14386,越宮春草,1
14387,宮春草上,1
14388,春草上高,1
14389,草上高臺,1
14390,上高臺波,1
14391,高臺波生,1
14392,臺波生野,1
14393,波生野水,1
14394,生野水雁,1
14395,野水雁初,1
14396,水雁初下,1
14397,雁初下風,1
14398,初下風滿,1
14399,下風滿驛,1
14400,風滿驛樓,1
14401,滿驛樓潮,1
14402,驛樓潮欲,1
14403,樓潮欲來,1
14404,潮欲來試,1
14405,欲來試逐,1
14406,來試逐漁,1
14407,試逐漁舟,1
14408,逐漁舟看,1
14409,漁舟看雪,1
14410,舟看雪浪,1
14411,看雪浪幾,1
14412,雪浪幾多,1
14413,浪幾多江,1
14414,幾多江燕,1
14415,多江燕荇,1
14416,江燕荇花,1
14417,燕荇花開,1
14418,荇花開一,1
14419,花開一劍,1
14420,開一劍乘,1
14421,一劍乘時,1
14422,劍乘時帝,1
14423,乘時帝業,1
14424,時帝業成,1
14425,帝業成沛,1
14426,業成沛中,1
14427,成沛中鄉,1
14428,沛中鄉里,1
14429,中鄉里到,1
14430,鄉里到咸,1
14431,里到咸京,1
14432,到咸京寰,1
14433,咸京寰區,1
14434,京寰區已,1
14435,寰區已作,1
14436,區已作皇,1
14437,已作皇居,1
14438,作皇居貴,1
14439,皇居貴風,1
14440,居貴風月,1
14441,貴風月猶,1
14442,風月猶含,1
14443,月猶含白,1
14444,猶含白社,1
14445,含白社情,1
14446,白社情泗,1
14447,社情泗水,1
14448,情泗水舊,1
14449,泗水舊亭,1
14450,水舊亭春,1
14451,舊亭春草,1
14452,亭春草遍,1
14453,春草遍千,1
14454,草遍千門,1
14455,遍千門遺,1
14456,千門遺瓦,1
14457,門遺瓦古,1
14458,遺瓦古苔,1
14459,瓦古苔生,1
14460,古苔生至,1
14461,苔生至今,1
14462,生至今留,1
14463,今留得離,1
14464,留得離家,1
14465,得離家恨,1
14466,離家恨雞,1
14467,家恨雞犬,1
14468,恨雞犬相,1
14469,雞犬相聞,1
14470,犬相聞落,1
14471,相聞落照,1
14472,聞落照明,1
14473,落照明地,1
14474,照明地形,1
14475,明地形盤,1
14476,地形盤屈,1
14477,形盤屈帶,1
14478,盤屈帶河,1
14479,屈帶河流,1
14480,帶河流景,1
14481,河流景氣,1
14482,流景氣澄,1
14483,景氣澄明,1
14484,氣澄明是,1
14485,澄明是勝,1
14486,明是勝遊,1
14487,是勝遊十,1
14488,勝遊十裏,1
14489,遊十裏曉,1
14490,十裏曉雞,1
14491,裏曉雞關,1
14492,曉雞關樹,1
14493,雞關樹暗,1
14494,關樹暗一,1
14495,樹暗一行,1
14496,暗一行寒,1
14497,一行寒雁,1
14498,行寒雁隴,1
14499,寒雁隴雲,1
14500,雁隴雲愁,1
14501,隴雲愁片,1
14502,雲愁片時,1
14503,愁片時無,1
14504,片時無事,1
14505,時無事溪,1
14506,無事溪泉,1
14507,事溪泉好,1
14508,溪泉好盡,1
14509,泉好盡日,1
14510,好盡日凝,1
14511,盡日凝眸,1
14512,日凝眸嶽,1
14513,凝眸嶽色,1
14514,眸嶽色秋,1
14515,嶽色秋麈,1
14516,色秋麈尾,1
14517,秋麈尾角,1
14518,麈尾角巾,1
14519,尾角巾應,1
14520,角巾應曠,1
14521,巾應曠望,1
14522,應曠望更,1
14523,曠望更嗟,1
14524,望更嗟芳,1
14525,更嗟芳靄,1
14526,嗟芳靄隔,1
14527,芳靄隔秦,1
14528,靄隔秦樓,1
14529,隔秦樓曾,1
14530,秦樓曾向,1
14531,樓曾向金,1
14532,曾向金扉,1
14533,向金扉玉,1
14534,金扉玉砌,1
14535,扉玉砌來,1
14536,玉砌來百,1
14537,砌來百花,1
14538,來百花鮮,1
14539,百花鮮濕,1
14540,花鮮濕隔,1
14541,鮮濕隔塵,1
14542,濕隔塵埃,1
14543,隔塵埃披,1
14544,塵埃披香,1
14545,埃披香殿,1
14546,披香殿下,1
14547,香殿下櫻,1
14548,殿下櫻桃,1
14549,下櫻桃熟,1
14550,櫻桃熟結,1
14551,桃熟結綺,1
14552,熟結綺樓,1
14553,結綺樓前,1
14554,綺樓前芍,1
14555,樓前芍藥,1
14556,前芍藥開,1
14557,芍藥開朱,1
14558,藥開朱鷺,1
14559,開朱鷺已,1
14560,朱鷺已隨,1
14561,鷺已隨新,1
14562,已隨新鹵,1
14563,隨新鹵簿,1
14564,新鹵簿黃,1
14565,鹵簿黃鸝,1
14566,簿黃鸝猶,1
14567,黃鸝猶濕,1
14568,鸝猶濕舊,1
14569,猶濕舊池,1
14570,濕舊池台,1
14571,舊池台世,1
14572,池台世間,1
14573,台世間剛,1
14574,世間剛有,1
14575,間剛有東,1
14576,剛有東流,1
14577,有東流水,1
14578,東流水一,1
14579,流水一送,1
14580,水一送恩,1
14581,一送恩波,1
14582,送恩波更,1
14583,恩波更不,1
14584,波更不回,1
14585,更不回倚,1
14586,不回倚闌,1
14587,回倚闌愁,1
14588,倚闌愁立,1
14589,闌愁立獨,1
14590,愁立獨徘,1
14591,立獨徘徊,1
14592,獨徘徊欲,1
14593,徘徊欲賦,1
14594,徊欲賦慚,1
14595,欲賦慚非,1
14596,賦慚非宋,1
14597,慚非宋玉,1
14598,非宋玉才,1
14599,宋玉才滿,1
14600,玉才滿座,1
14601,才滿座山,1
14602,滿座山光,1
14603,座山光搖,1
14604,山光搖劍,1
14605,光搖劍戟,1
14606,搖劍戟繞,1
14607,劍戟繞城,1
14608,戟繞城波,1
14609,繞城波色,1
14610,城波色動,1
14611,波色動樓,1
14612,色動樓臺,1
14613,動樓臺鳥,1
14614,樓臺鳥飛,1
14615,臺鳥飛天,1
14616,鳥飛天外,1
14617,飛天外斜,1
14618,外斜陽盡,1
14619,斜陽盡人,1
14620,陽盡人過,1
14621,盡人過橋,1
14622,人過橋心,1
14623,過橋心倒,1
14624,橋心倒影,1
14625,心倒影來,1
14626,倒影來添,1
14627,影來添得,1
14628,來添得五,1
14629,添得五湖,1
14630,得五湖多,1
14631,五湖多少,1
14632,湖多少恨,1
14633,多少恨柳,1
14634,少恨柳花,1
14635,恨柳花飄,1
14636,柳花飄蕩,1
14637,花飄蕩似,1
14638,飄蕩似寒,1
14639,蕩似寒梅,1
14640,似寒梅疏,1
14641,寒梅疏鐘,1
14642,梅疏鐘細,1
14643,疏鐘細響,1
14644,鐘細響亂,1
14645,細響亂鳴,1
14646,響亂鳴泉,1
14647,亂鳴泉客,1
14648,鳴泉客省,1
14649,泉客省高,1
14650,客省高臨,1
14651,省高臨似,1
14652,高臨似水,1
14653,臨似水天,1
14654,似水天嵐,1
14655,水天嵐翠,1
14656,天嵐翠暗,1
14657,嵐翠暗來,1
14658,翠暗來空,1
14659,暗來空覺,1
14660,來空覺潤,1
14661,空覺潤澗,1
14662,覺潤澗茶,1
14663,潤澗茶餘,1
14664,澗茶餘爽,1
14665,茶餘爽不,1
14666,餘爽不成,1
14667,爽不成眠,1
14668,不成眠越,1
14669,成眠越僧,1
14670,眠越僧寒,1
14671,越僧寒立,1
14672,僧寒立孤,1
14673,寒立孤燈,1
14674,立孤燈外,1
14675,孤燈外嶽,1
14676,燈外嶽月,1
14677,外嶽月秋,1
14678,嶽月秋當,1
14679,月秋當萬,1
14680,秋當萬木,1
14681,當萬木前,1
14682,萬木前張,1
14683,木前張邴,1
14684,前張邴宦,1
14685,張邴宦情,1
14686,邴宦情何,1
14687,宦情何太,1
14688,情何太薄,1
14689,何太薄遠,1
14690,太薄遠公,1
14691,薄遠公窗,1
14692,遠公窗外,1
14693,公窗外有,1
14694,窗外有池,1
14695,外有池蓮,1
14696,有池蓮蘇,1
14697,池蓮蘇武,1
14698,蓮蘇武魂,1
14699,蘇武魂銷,1
14700,武魂銷漢,1
14701,魂銷漢使,1
14702,銷漢使前,1
14703,漢使前古,1
14704,使前古祠,1
14705,前古祠高,1
14706,古祠高樹,1
14707,祠高樹兩,1
14708,高樹兩茫,1
14709,樹兩茫然,1
14710,兩茫然雲,1
14711,茫然雲邊,1
14712,然雲邊雁,1
14713,雲邊雁斷,1
14714,邊雁斷胡,1
14715,雁斷胡天,1
14716,斷胡天月,1
14717,胡天月隴,1
14718,天月隴上,1
14719,月隴上羊,1
14720,隴上羊歸,1
14721,上羊歸塞,1
14722,羊歸塞草,1
14723,歸塞草煙,1
14724,塞草煙回,1
14725,草煙回日,1
14726,煙回日樓,1
14727,回日樓臺,1
14728,日樓臺非,1
14729,樓臺非甲,1
14730,臺非甲帳,1
14731,非甲帳去,1
14732,甲帳去時,1
14733,帳去時冠,1
14734,去時冠劍,1
14735,時冠劍是,1
14736,冠劍是丁,1
14737,劍是丁年,1
14738,是丁年茂,1
14739,丁年茂陵,1
14740,年茂陵不,1
14741,茂陵不見,1
14742,陵不見封,1
14743,不見封侯,1
14744,見封侯印,1
14745,封侯印空,1
14746,侯印空向,1
14747,印空向秋,1
14748,空向秋波,1
14749,向秋波哭,1
14750,秋波哭逝,1
14751,波哭逝川,1
14752,哭逝川石,1
14753,逝川石路,1
14754,川石路荒,1
14755,石路荒涼,1
14756,路荒涼接,1
14757,荒涼接野,1
14758,涼接野蒿,1
14759,接野蒿西,1
14760,野蒿西風,1
14761,蒿西風吹,1
14762,西風吹馬,1
14763,風吹馬利,1
14764,吹馬利如,1
14765,馬利如刀,1
14766,利如刀小,1
14767,如刀小橋,1
14768,刀小橋連,1
14769,小橋連驛,1
14770,橋連驛楊,1
14771,連驛楊柳,1
14772,驛楊柳晚,1
14773,楊柳晚廢,1
14774,柳晚廢寺,1
14775,晚廢寺入,1
14776,廢寺入門,1
14777,寺入門禾,1
14778,入門禾黍,1
14779,門禾黍高,1
14780,禾黍高雞,1
14781,黍高雞犬,1
14782,高雞犬夕,1
14783,雞犬夕陽,1
14784,犬夕陽喧,1
14785,夕陽喧縣,1
14786,陽喧縣市,1
14787,喧縣市鳧,1
14788,縣市鳧鷖,1
14789,市鳧鷖秋,1
14790,鳧鷖秋水,1
14791,鷖秋水曝,1
14792,秋水曝城,1
14793,水曝城壕,1
14794,曝城壕故,1
14795,城壕故山,1
14796,壕故山有,1
14797,故山有夢,1
14798,山有夢不,1
14799,有夢不歸,1
14800,夢不歸去,1
14801,不歸去官,1
14802,歸去官樹,1
14803,去官樹陌,1
14804,官樹陌塵,1
14805,樹陌塵何,1
14806,陌塵何太,1
14807,塵何太勞,1
14808,何太勞萬,1
14809,太勞萬物,1
14810,勞萬物鮮,1
14811,萬物鮮華,1
14812,物鮮華雨,1
14813,鮮華雨乍,1
14814,華雨乍晴,1
14815,雨乍晴春,1
14816,乍晴春寒,1
14817,晴春寒寂,1
14818,春寒寂曆,1
14819,寒寂曆近,1
14820,寂曆近清,1
14821,曆近清明,1
14822,近清明殘,1
14823,清明殘芳,1
14824,明殘芳荏,1
14825,殘芳荏苒,1
14826,芳荏苒雙,1
14827,荏苒雙飛,1
14828,苒雙飛蝶,1
14829,雙飛蝶曉,1
14830,飛蝶曉睡,1
14831,蝶曉睡朦,1
14832,曉睡朦朧,1
14833,睡朦朧百,1
14834,朦朧百囀,1
14835,朧百囀鶯,1
14836,百囀鶯舊,1
14837,囀鶯舊侶,1
14838,鶯舊侶不,1
14839,舊侶不歸,1
14840,侶不歸成,1
14841,不歸成獨,1
14842,歸成獨酌,1
14843,成獨酌故,1
14844,獨酌故園,1
14845,酌故園雖,1
14846,故園雖在,1
14847,園雖在有,1
14848,雖在有誰,1
14849,在有誰耕,1
14850,有誰耕悠,1
14851,誰耕悠然,1
14852,耕悠然更,1
14853,悠然更起,1
14854,然更起嚴,1
14855,更起嚴灘,1
14856,起嚴灘恨,1
14857,嚴灘恨一,1
14858,灘恨一宿,1
14859,恨一宿東,1
14860,一宿東風,1
14861,宿東風蕙,1
14862,東風蕙草,1
14863,風蕙草生,1
14864,蕙草生白,1
14865,草生白蓋,1
14866,生白蓋微,1
14867,白蓋微雲,1
14868,蓋微雲一,1
14869,微雲一徑,1
14870,雲一徑深,1
14871,一徑深東,1
14872,徑深東峰,1
14873,深東峰弟,1
14874,東峰弟子,1
14875,峰弟子遠,1
14876,弟子遠相,1
14877,子遠相尋,1
14878,遠相尋蒼,1
14879,相尋蒼苔,1
14880,尋蒼苔路,1
14881,蒼苔路熟,1
14882,苔路熟僧,1
14883,路熟僧歸,1
14884,熟僧歸寺,1
14885,僧歸寺紅,1
14886,歸寺紅葉,1
14887,寺紅葉聲,1
14888,紅葉聲幹,1
14889,葉聲幹鹿,1
14890,聲幹鹿在,1
14891,幹鹿在林,1
14892,鹿在林高,1
14893,在林高閣,1
14894,林高閣清,1
14895,高閣清香,1
14896,閣清香生,1
14897,清香生靜,1
14898,香生靜境,1
14899,生靜境夜,1
14900,靜境夜堂,1
14901,境夜堂疏,1
14902,夜堂疏磬,1
14903,堂疏磬發,1
14904,疏磬發禪,1
14905,磬發禪心,1
14906,發禪心自,1
14907,禪心自從,1
14908,心自從紫,1
14909,自從紫桂,1
14910,從紫桂岩,1
14911,紫桂岩前,1
14912,桂岩前別,1
14913,岩前別不,1
14914,前別不見,1
14915,別不見南,1
14916,不見南能,1
14917,見南能直,1
14918,南能直至,1
14919,能直至今,1
14920,直至今含,1
14921,至今含蘋,1
14922,今含蘋不,1
14923,含蘋不語,1
14924,蘋不語坐,1
14925,不語坐持,1
14926,語坐持頤,1
14927,坐持頤天,1
14928,持頤天遠,1
14929,頤天遠樓,1
14930,天遠樓高,1
14931,遠樓高宋,1
14932,樓高宋玉,1
14933,高宋玉悲,1
14934,宋玉悲湖,1
14935,玉悲湖上,1
14936,悲湖上殘,1
14937,湖上殘棋,1
14938,上殘棋人,1
14939,殘棋人散,1
14940,棋人散後,1
14941,人散後岳,1
14942,散後岳陽,1
14943,後岳陽微,1
14944,岳陽微雨,1
14945,陽微雨鳥,1
14946,微雨鳥來,1
14947,雨鳥來遲,1
14948,鳥來遲早,1
14949,來遲早梅,1
14950,遲早梅猶,1
14951,早梅猶得,1
14952,梅猶得回,1
14953,猶得回歌,1
14954,得回歌扇,1
14955,回歌扇春,1
14956,歌扇春水,1
14957,扇春水還,1
14958,春水還應,1
14959,水還應理,1
14960,還應理釣,1
14961,應理釣絲,1
14962,理釣絲獨,1
14963,釣絲獨有,1
14964,絲獨有袁,1
14965,獨有袁宏,1
14966,有袁宏正,1
14967,袁宏正憔,1
14968,宏正憔悴,1
14969,正憔悴一,1
14970,憔悴一樽,1
14971,悴一樽惆,1
14972,一樽惆悵,1
14973,樽惆悵落,1
14974,惆悵落花,1
14975,悵落花時,1
14976,落花時白,1
14977,花時白鳥,1
14978,時白鳥梳,1
14979,白鳥梳翎,1
14980,鳥梳翎立,1
14981,梳翎立岸,1
14982,翎立岸莎,1
14983,立岸莎藻,1
14984,岸莎藻花,1
14985,莎藻花菱,1
14986,藻花菱刺,1
14987,花菱刺泛,1
14988,菱刺泛微,1
14989,刺泛微波,1
14990,泛微波煙,1
14991,微波煙光,1
14992,波煙光似,1
14993,煙光似帶,1
14994,光似帶侵,1
14995,似帶侵垂,1
14996,帶侵垂柳,1
14997,侵垂柳露,1
14998,垂柳露點,1
14999,柳露點如,1
15000,露點如珠,1
15001,點如珠落,1
15002,如珠落卷,1
15003,珠落卷荷,1
15004,落卷荷楚,1
15005,卷荷楚水,1
15006,荷楚水曉,1
15007,楚水曉涼,1
15008,水曉涼催,1
15009,曉涼催客,1
15010,涼催客早,1
15011,催客早杜,1
15012,客早杜陵,1
15013,早杜陵秋,1
15014,杜陵秋思,1
15015,陵秋思傍,1
15016,秋思傍蟬,1
15017,思傍蟬多,1
15018,傍蟬多鎦,1
15019,蟬多鎦公,1
15020,多鎦公不,1
15021,鎦公不信,1
15022,公不信歸,1
15023,不信歸心,1
15024,信歸心切,1
15025,歸心切聽,1
15026,心切聽取,1
15027,切聽取江,1
15028,聽取江樓,1
15029,取江樓一,1
15030,江樓一曲,1
15031,一曲歌遺,1
15032,曲歌遺業,1
15033,歌遺業荒,1
15034,遺業荒涼,1
15035,業荒涼近,1
15036,荒涼近故,1
15037,涼近故都,1
15038,近故都門,1
15039,故都門前,1
15040,都門前堤,1
15041,門前堤路,1
15042,前堤路枕,1
15043,堤路枕平,1
15044,路枕平湖,1
15045,枕平湖綠,1
15046,平湖綠楊,1
15047,湖綠楊陰,1
15048,綠楊陰裏,1
15049,楊陰裏千,1
15050,陰裏千家,1
15051,裏千家月,1
15052,千家月紅,1
15053,家月紅藕,1
15054,月紅藕香,1
15055,紅藕香中,1
15056,藕香中萬,1
15057,香中萬點,1
15058,中萬點珠,1
15059,萬點珠此,1
15060,點珠此地,1
15061,珠此地別,1
15062,此地別來,1
15063,地別來雙,1
15064,別來雙鬢,1
15065,來雙鬢改,1
15066,雙鬢改幾,1
15067,鬢改幾時,1
15068,改幾時歸,1
15069,幾時歸去,1
15070,時歸去片,1
15071,歸去片帆,1
15072,去片帆孤,1
15073,片帆孤他,1
15074,帆孤他年,1
15075,孤他年猶,1
15076,他年猶擬,1
15077,年猶擬金,1
15078,猶擬金貂,1
15079,擬金貂換,1
15080,金貂換寄,1
15081,貂換寄語,1
15082,換寄語黃,1
15083,寄語黃公,1
15084,語黃公舊,1
15085,黃公舊酒,1
15086,公舊酒壚,1
15087,舊酒壚花,1
15088,酒壚花深,1
15089,壚花深橋,1
15090,花深橋轉,1
15091,深橋轉水,1
15092,橋轉水潺,1
15093,轉水潺潺,1
15094,水潺潺甪,1
15095,潺潺甪裏,1
15096,潺甪裏先,1
15097,甪裏先生,1
15098,裏先生自,1
15099,先生自閉,1
15100,生自閉關,1
15101,自閉關看,1
15102,閉關看竹,1
15103,關看竹已,1
15104,看竹已知,1
15105,竹已知行,1
15106,已知行處,1
15107,知行處好,1
15108,行處好望,1
15109,處好望雲,1
15110,好望雲空,1
15111,望雲空得,1
15112,雲空得暫,1
15113,空得暫時,1
15114,得暫時閑,1
15115,暫時閑誰,1
15116,時閑誰言,1
15117,閑誰言有,1
15118,誰言有策,1
15119,言有策堪,1
15120,有策堪經,1
15121,策堪經世,1
15122,堪經世自,1
15123,經世自是,1
15124,世自是無,1
15125,自是無錢,1
15126,是無錢可,1
15127,無錢可買,1
15128,錢可買山,1
15129,可買山一,1
15130,買山一局,1
15131,山一局殘,1
15132,一局殘棋,1
15133,局殘棋千,1
15134,殘棋千點,1
15135,棋千點雨,1
15136,千點雨綠,1
15137,點雨綠萍,1
15138,雨綠萍池,1
15139,萍池上暮,1
15140,池上暮方,1
15141,上暮方還,1
15142,暮方還白,1
15143,方還白石,1
15144,還白石青,1
15145,白石青崖,1
15146,石青崖世,1
15147,青崖世界,1
15148,崖世界分,1
15149,世界分捲,1
15150,界分捲簾,1
15151,分捲簾孤,1
15152,捲簾孤坐,1
15153,簾孤坐對,1
15154,孤坐對氛,1
15155,坐對氛氳,1
15156,對氛氳林,1
15157,氛氳林間,1
15158,氳林間禪,1
15159,林間禪室,1
15160,間禪室春,1
15161,禪室春深,1
15162,室春深雪,1
15163,春深雪潭,1
15164,深雪潭上,1
15165,雪潭上龍,1
15166,潭上龍堂,1
15167,上龍堂夜,1
15168,龍堂夜半,1
15169,堂夜半雲,1
15170,夜半雲落,1
15171,半雲落月,1
15172,雲落月蒼,1
15173,落月蒼涼,1
15174,月蒼涼登,1
15175,蒼涼登閣,1
15176,涼登閣在,1
15177,登閣在曉,1
15178,閣在曉鐘,1
15179,在曉鐘搖,1
15180,曉鐘搖盪,1
15181,鐘搖盪隔,1
15182,搖盪隔江,1
15183,盪隔江聞,1
15184,隔江聞西,1
15185,江聞西山,1
15186,聞西山舊,1
15187,西山舊是,1
15188,山舊是經,1
15189,舊是經行,1
15190,是經行地,1
15191,經行地願,1
15192,行地願漱,1
15193,地願漱寒,1
15194,願漱寒瓶,1
15195,漱寒瓶逐,1
15196,寒瓶逐領,1
15197,瓶逐領軍,1
15198,逐領軍寒,1
15199,領軍寒宵,1
15200,軍寒宵何,1
15201,寒宵何耿,1
15202,宵何耿耿,1
15203,何耿耿良,1
15204,耿耿良宴,1
15205,耿良宴有,1
15206,良宴有餘,1
15207,宴有餘姿,1
15208,有餘姿寶,1
15209,餘姿寶靺,1
15210,姿寶靺徘,1
15211,寶靺徘徊,1
15212,靺徘徊處,1
15213,徘徊處熏,1
15214,徊處熏爐,1
15215,處熏爐悵,1
15216,熏爐悵望,1
15217,爐悵望時,1
15218,悵望時曲,1
15219,望時曲瓊,1
15220,時曲瓊垂,1
15221,曲瓊垂翡,1
15222,瓊垂翡翠,1
15223,垂翡翠斜,1
15224,翡翠斜月,1
15225,翠斜月到,1
15226,斜月到罘,1
15227,月到罘罳,1
15228,到罘罳委,1
15229,罘罳委墜,1
15230,罳委墜金,1
15231,委墜金釭,1
15232,墜金釭燼,1
15233,金釭燼闌,1
15234,釭燼闌珊,1
15235,燼闌珊玉,1
15236,闌珊玉局,1
15237,珊玉局棋,1
15238,玉局棋話,1
15239,局棋話窮,1
15240,棋話窮猶,1
15241,話窮猶注,1
15242,窮猶注睇,1
15243,猶注睇歌,1
15244,注睇歌罷,1
15245,睇歌罷尚,1
15246,歌罷尚持,1
15247,罷尚持頤,1
15248,尚持頤晻,1
15249,持頤晻暖,1
15250,頤晻暖遙,1
15251,晻暖遙相,1
15252,暖遙相屬,1
15253,遙相屬氛,1
15254,相屬氛氳,1
15255,屬氛氳積,1
15256,氛氳積所,1
15257,氳積所思,1
15258,積所思秦,1
15259,所思秦蛾,1
15260,思秦蛾卷,1
15261,秦蛾卷衣,1
15262,蛾卷衣晚,1
15263,卷衣晚胡,1
15264,衣晚胡雁,1
15265,晚胡雁度,1
15266,胡雁度雲,1
15267,雁度雲遲,1
15268,度雲遲上,1
15269,雲遲上郡,1
15270,遲上郡歸,1
15271,上郡歸來,1
15272,郡歸來夢,1
15273,歸來夢那,1
15274,來夢那知,1
15275,夢那知錦,1
15276,那知錦字,1
15277,知錦字詩,1
15278,錦字詩柳,1
15279,字詩柳弱,1
15280,詩柳弱湖,1
15281,柳弱湖堤,1
15282,弱湖堤曲,1
15283,湖堤曲籬,1
15284,堤曲籬疏,1
15285,曲籬疏水,1
15286,籬疏水巷,1
15287,疏水巷深,1
15288,水巷深酒,1
15289,巷深酒闌,1
15290,深酒闌初,1
15291,酒闌初促,1
15292,闌初促席,1
15293,初促席歌,1
15294,促席歌罷,1
15295,席歌罷欲,1
15296,歌罷欲分,1
15297,罷欲分襟,1
15298,欲分襟波,1
15299,分襟波月,1
15300,襟波月欺,1
15301,波月欺華,1
15302,月欺華燭,1
15303,欺華燭汀,1
15304,華燭汀雲,1
15305,燭汀雲潤,1
15306,汀雲潤故,1
15307,雲潤故琴,1
15308,潤故琴鏡,1
15309,故琴鏡清,1
15310,琴鏡清花,1
15311,鏡清花並,1
15312,清花並蒂,1
15313,花並蒂床,1
15314,並蒂床冷,1
15315,蒂床冷簟,1
15316,床冷簟連,1
15317,冷簟連心,1
15318,簟連心荷,1
15319,連心荷疊,1
15320,心荷疊平,1
15321,荷疊平橋,1
15322,疊平橋暗,1
15323,平橋暗萍,1
15324,橋暗萍稀,1
15325,暗萍稀敗,1
15326,萍稀敗舫,1
15327,稀敗舫沉,1
15328,敗舫沉城,1
15329,舫沉城頭,1
15330,沉城頭五,1
15331,城頭五通,1
15332,頭五通鼓,1
15333,五通鼓窗,1
15334,通鼓窗外,1
15335,鼓窗外萬,1
15336,窗外萬家,1
15337,外萬家砧,1
15338,萬家砧異,1
15339,家砧異縣,1
15340,砧異縣魚,1
15341,異縣魚投,1
15342,縣魚投浪,1
15343,魚投浪當,1
15344,投浪當年,1
15345,浪當年鳥,1
15346,當年鳥共,1
15347,年鳥共林,1
15348,鳥共林八,1
15349,共林八行,1
15350,林八行香,1
15351,八行香未,1
15352,行香未滅,1
15353,香未滅千,1
15354,未滅千里,1
15355,滅千里夢,1
15356,千里夢難,1
15357,里夢難尋,1
15358,夢難尋未,1
15359,難尋未肯,1
15360,尋未肯睽,1
15361,未肯睽良,1
15362,肯睽良願,1
15363,睽良願空,1
15364,良願空期,1
15365,願空期嗣,1
15366,空期嗣好,1
15367,期嗣好音,1
15368,嗣好音他,1
15369,好音他時,1
15370,音他時因,1
15371,他時因詠,1
15372,時因詠作,1
15373,因詠作猶,1
15374,詠作猶得,1
15375,作猶得比,1
15376,猶得比南,1
15377,得比南金,1
15378,比南金一,1
15379,南金一徑,1
15380,金一徑互,1
15381,一徑互紆,1
15382,徑互紆直,1
15383,互紆直茅,1
15384,紆直茅棘,1
15385,直茅棘亦,1
15386,茅棘亦已,1
15387,棘亦已繁,1
15388,亦已繁晴,1
15389,已繁晴陽,1
15390,繁晴陽入,1
15391,晴陽入荒,1
15392,陽入荒竹,1
15393,入荒竹曖,1
15394,荒竹曖曖,1
15395,竹曖曖和,1
15396,曖曖和春,1
15397,曖和春園,1
15398,和春園倚,1
15399,春園倚杖,1
15400,園倚杖息,1
15401,倚杖息慚,1
15402,杖息慚倦,1
15403,息慚倦徘,1
15404,慚倦徘徊,1
15405,倦徘徊戀,1
15406,徘徊戀微,1
15407,徊戀微暄,1
15408,戀微暄曆,1
15409,微暄曆尋,1
15410,暄曆尋嬋,1
15411,曆尋嬋娟,1
15412,尋嬋娟節,1
15413,嬋娟節剪,1
15414,娟節剪破,1
15415,節剪破蒼,1
15416,剪破蒼筤,1
15417,破蒼筤根,1
15418,蒼筤根地,1
15419,筤根地閉,1
15420,根地閉修,1
15421,地閉修莖,1
15422,閉修莖孤,1
15423,修莖孤林,1
15424,莖孤林振,1
15425,孤林振餘,1
15426,林振餘籜,1
15427,振餘籜翻,1
15428,餘籜翻適,1
15429,籜翻適心,1
15430,翻適心在,1
15431,適心在所,1
15432,心在所好,1
15433,在所好非,1
15434,所好非必,1
15435,好非必尋,1
15436,非必尋湘,1
15437,必尋湘沅,1
15438,尋湘沅問,1
15439,湘沅問君,1
15440,沅問君何,1
15441,問君何所,1
15442,君何所思,1
15443,何所思迢,1
15444,所思迢遞,1
15445,思迢遞豔,1
15446,迢遞豔陽,1
15447,遞豔陽時,1
15448,豔陽時門,1
15449,陽時門靜,1
15450,時門靜人,1
15451,門靜人歸,1
15452,靜人歸晚,1
15453,人歸晚牆,1
15454,歸晚牆高,1
15455,晚牆高蝶,1
15456,牆高蝶過,1
15457,高蝶過遲,1
15458,蝶過遲一,1
15459,過遲一雙,1
15460,遲一雙青,1
15461,一雙青瑣,1
15462,雙青瑣燕,1
15463,青瑣燕千,1
15464,瑣燕千萬,1
15465,燕千萬綠,1
15466,千萬綠楊,1
15467,萬綠楊絲,1
15468,綠楊絲屏,1
15469,楊絲屏上,1
15470,絲屏上吳,1
15471,屏上吳山,1
15472,上吳山遠,1
15473,吳山遠樓,1
15474,山遠樓中,1
15475,遠樓中朔,1
15476,樓中朔管,1
15477,中朔管悲,1
15478,朔管悲寶,1
15479,管悲寶書,1
15480,悲寶書無,1
15481,寶書無寄,1
15482,書無寄處,1
15483,無寄處香,1
15484,寄處香轂,1
15485,處香轂有,1
15486,香轂有來,1
15487,轂有來期,1
15488,有來期草,1
15489,來期草色,1
15490,期草色將,1
15491,草色將林,1
15492,色將林彩,1
15493,將林彩相,1
15494,林彩相添,1
15495,彩相添入,1
15496,相添入黛,1
15497,添入黛眉,1
15498,入黛眉鞏,1
15499,黛眉鞏樹,1
15500,眉鞏樹先,1
15501,鞏樹先春,1
15502,樹先春雪,1
15503,先春雪滿,1
15504,春雪滿枝,1
15505,雪滿枝上,1
15506,滿枝上陽,1
15507,枝上陽宮,1
15508,上陽宮柳,1
15509,陽宮柳囀,1
15510,宮柳囀黃,1
15511,柳囀黃鸝,1
15512,囀黃鸝桓,1
15513,黃鸝桓譚,1
15514,鸝桓譚未,1
15515,桓譚未便,1
15516,譚未便忘,1
15517,未便忘西,1
15518,便忘西笑,1
15519,忘西笑豈,1
15520,西笑豈為,1
15521,笑豈為長,1
15522,豈為長安,1
15523,為長安有,1
15524,長安有鳳,1
15525,安有鳳池,1
15526,有鳳池廢,1
15527,鳳池廢砌,1
15528,池廢砌翳,1
15529,廢砌翳薜,1
15530,砌翳薜荔,1
15531,翳薜荔枯,1
15532,薜荔枯湖,1
15533,荔枯湖無,1
15534,枯湖無菰,1
15535,湖無菰蒲,1
15536,無菰蒲老,1
15537,菰蒲老媼,1
15538,蒲老媼飽,1
15539,老媼飽槁,1
15540,媼飽槁草,1
15541,飽槁草愚,1
15542,槁草愚儒,1
15543,草愚儒輸,1
15544,愚儒輸逋,1
15545,儒輸逋租,1
15546,輸逋租隔,1
15547,逋租隔石,1
15548,租隔石覓,1
15549,隔石覓屐,1
15550,石覓屐跡,1
15551,覓屐跡西,1
15552,屐跡西溪,1
15553,跡西溪迷,1
15554,西溪迷雞,1
15555,溪迷雞啼,1
15556,迷雞啼小,1
15557,雞啼小鳥,1
15558,啼小鳥擾,1
15559,小鳥擾曉,1
15560,鳥擾曉沼,1
15561,擾曉沼犁,1
15562,曉沼犁泥,1
15563,沼犁泥齊,1
15564,犁泥齊低,1
15565,泥齊低畦,1
15566,齊低畦憑,1
15567,低畦憑軒,1
15568,畦憑軒望,1
15569,憑軒望秋,1
15570,軒望秋雨,1
15571,望秋雨涼,1
15572,秋雨涼入,1
15573,雨涼入暑,1
15574,涼入暑衣,1
15575,入暑衣清,1
15576,暑衣清極,1
15577,衣清極目,1
15578,清極目鳥,1
15579,極目鳥頻,1
15580,目鳥頻沒,1
15581,鳥頻沒片,1
15582,頻沒片時,1
15583,沒片時雲,1
15584,片時雲複,1
15585,時雲複輕,1
15586,雲複輕沼,1
15587,複輕沼萍,1
15588,輕沼萍開,1
15589,沼萍開更,1
15590,萍開更斂,1
15591,開更斂山,1
15592,更斂山葉,1
15593,斂山葉動,1
15594,山葉動還,1
15595,葉動還鳴,1
15596,動還鳴楚,1
15597,還鳴楚客,1
15598,鳴楚客秋,1
15599,楚客秋江,1
15600,客秋江上,1
15601,秋江上蕭,1
15602,江上蕭蕭,1
15603,上蕭蕭故,1
15604,蕭蕭故國,1
15605,蕭故國情,1
15606,故國情雲,1
15607,國情雲滿,1
15608,情雲滿鳥,1
15609,雲滿鳥行,1
15610,滿鳥行滅,1
15611,鳥行滅池,1
15612,行滅池涼,1
15613,滅池涼龍,1
15614,池涼龍氣,1
15615,涼龍氣腥,1
15616,龍氣腥斜,1
15617,氣腥斜飄,1
15618,腥斜飄看,1
15619,斜飄看棋,1
15620,飄看棋簟,1
15621,看棋簟疏,1
15622,棋簟疏灑,1
15623,簟疏灑望,1
15624,疏灑望山,1
15625,灑望山亭,1
15626,望山亭細,1
15627,山亭細響,1
15628,亭細響鳴,1
15629,細響鳴林,1
15630,響鳴林葉,1
15631,鳴林葉圓,1
15632,林葉圓文,1
15633,葉圓文破,1
15634,圓文破沼,1
15635,文破沼萍,1
15636,破沼萍秋,1
15637,沼萍秋陰,1
15638,萍秋陰杳,1
15639,秋陰杳無,1
15640,陰杳無際,1
15641,杳無際平,1
15642,無際平野,1
15643,際平野但,1
15644,平野但冥,1
15645,野但冥冥,1
15646,但冥冥淅,1
15647,冥冥淅瀝,1
15648,冥淅瀝生,1
15649,淅瀝生叢,1
15650,瀝生叢筱,1
15651,生叢筱空,1
15652,叢筱空蒙,1
15653,筱空蒙泫,1
15654,空蒙泫網,1
15655,蒙泫網軒,1
15656,泫網軒暝,1
15657,網軒暝姿,1
15658,軒暝姿看,1
15659,暝姿看遠,1
15660,姿看遠樹,1
15661,看遠樹春,1
15662,遠樹春意,1
15663,樹春意入,1
15664,春意入塵,1
15665,意入塵根,1
15666,入塵根點,1
15667,塵根點細,1
15668,根點細飄,1
15669,點細飄風,1
15670,細飄風急,1
15671,飄風急聲,1
15672,風急聲輕,1
15673,急聲輕入,1
15674,聲輕入夜,1
15675,輕入夜繁,1
15676,入夜繁雀,1
15677,夜繁雀喧,1
15678,繁雀喧爭,1
15679,雀喧爭槿,1
15680,喧爭槿樹,1
15681,爭槿樹人,1
15682,槿樹人靜,1
15683,樹人靜出,1
15684,人靜出蔬,1
15685,靜出蔬園,1
15686,出蔬園瓦,1
15687,蔬園瓦濕,1
15688,園瓦濕光,1
15689,瓦濕光先,1
15690,濕光先起,1
15691,光先起房,1
15692,先起房深,1
15693,起房深影,1
15694,房深影易,1
15695,深影易昏,1
15696,影易昏不,1
15697,易昏不應,1
15698,昏不應江,1
15699,不應江上,1
15700,應江上草,1
15701,江上草相,1
15702,上草相與,1
15703,草相與滯,1
15704,相與滯王,1
15705,與滯王孫,1
15706,滯王孫硯,1
15707,王孫硯水,1
15708,孫硯水池,1
15709,硯水池先,1
15710,水池先凍,1
15711,池先凍窗,1
15712,先凍窗風,1
15713,凍窗風酒,1
15714,窗風酒易,1
15715,風酒易消,1
15716,酒易消鴉,1
15717,易消鴉聲,1
15718,消鴉聲出,1
15719,鴉聲出山,1
15720,聲出山郭,1
15721,出山郭人,1
15722,山郭人跡,1
15723,郭人跡過,1
15724,人跡過村,1
15725,跡過村橋,1
15726,過村橋稍,1
15727,村橋稍急,1
15728,橋稍急方,1
15729,稍急方縈,1
15730,急方縈轉,1
15731,方縈轉才,1
15732,縈轉才深,1
15733,轉才深未,1
15734,才深未寂,1
15735,深未寂寥,1
15736,未寂寥細,1
15737,寂寥細光,1
15738,寥細光穿,1
15739,細光穿暗,1
15740,光穿暗隙,1
15741,穿暗隙輕,1
15742,暗隙輕白,1
15743,隙輕白駐,1
15744,輕白駐寒,1
15745,白駐寒條,1
15746,駐寒條草,1
15747,寒條草靜,1
15748,條草靜封,1
15749,草靜封還,1
15750,靜封還折,1
15751,封還折松,1
15752,還折松欹,1
15753,折松欹墮,1
15754,松欹墮複,1
15755,欹墮複搖,1
15756,墮複搖謝,1
15757,複搖謝莊,1
15758,搖謝莊今,1
15759,謝莊今病,1
15760,莊今病眼,1
15761,今病眼無,1
15762,病眼無意,1
15763,眼無意坐,1
15764,無意坐通,1
15765,意坐通宵,1
15766,坐通宵羸,1
15767,通宵羸驂,1
15768,宵羸驂出,1
15769,羸驂出更,1
15770,驂出更慵,1
15771,出更慵林,1
15772,更慵林寺,1
15773,慵林寺已,1
15774,林寺已疏,1
15775,寺已疏鐘,1
15776,已疏鐘踏,1
15777,疏鐘踏緊,1
15778,鐘踏緊寒,1
15779,踏緊寒聲,1
15780,緊寒聲澀,1
15781,寒聲澀飛,1
15782,聲澀飛交,1
15783,澀飛交細,1
15784,飛交細點,1
15785,交細點重,1
15786,細點重圃,1
15787,點重圃斜,1
15788,重圃斜人,1
15789,圃斜人過,1
15790,斜人過跡,1
15791,人過跡階,1
15792,過跡階靜,1
15793,跡階靜鳥,1
15794,階靜鳥行,1
15795,靜鳥行蹤,1
15796,鳥行蹤寂,1
15797,行蹤寂寞,1
15798,蹤寂寞梁,1
15799,寂寞梁鴻,1
15800,寞梁鴻病,1
15801,梁鴻病誰,1
15802,鴻病誰人,1
15803,病誰人代,1
15804,誰人代夜,1
15805,人代夜舂,1
15806,代夜舂背,1
15807,夜舂背檣,1
15808,舂背檣燈,1
15809,背檣燈色,1
15810,檣燈色暗,1
15811,燈色暗宿,1
15812,色暗宿客,1
15813,暗宿客夢,1
15814,宿客夢初,1
15815,客夢初成,1
15816,夢初成半,1
15817,初成半夜,1
15818,成半夜竹,1
15819,半夜竹窗,1
15820,夜竹窗雨,1
15821,竹窗雨滿,1
15822,窗雨滿池,1
15823,雨滿池荷,1
15824,滿池荷葉,1
15825,池荷葉聲,1
15826,荷葉聲簟,1
15827,葉聲簟涼,1
15828,聲簟涼秋,1
15829,簟涼秋合,1
15830,涼秋合思,1
15831,秋合思木,1
15832,合思木落,1
15833,思木落故,1
15834,木落故山,1
15835,落故山情,1
15836,故山情明,1
15837,山情明發,1
15838,情明發又,1
15839,明發又愁,1
15840,發又愁起,1
15841,又愁起桂,1
15842,愁起桂花,1
15843,起桂花溪,1
15844,桂花溪水,1
15845,花溪水清,1
15846,溪水清迥,1
15847,水清迥野,1
15848,清迥野韶,1
15849,迥野韶光,1
15850,野韶光早,1
15851,韶光早晴,1
15852,光早晴川,1
15853,早晴川柳,1
15854,晴川柳滿,1
15855,川柳滿堤,1
15856,柳滿堤拂,1
15857,滿堤拂塵,1
15858,堤拂塵生,1
15859,拂塵生嫩,1
15860,塵生嫩綠,1
15861,生嫩綠披,1
15862,嫩綠披雪,1
15863,綠披雪見,1
15864,披雪見柔,1
15865,雪見柔荑,1
15866,見柔荑碧,1
15867,柔荑碧玉,1
15868,荑碧玉牙,1
15869,碧玉牙猶,1
15870,玉牙猶短,1
15871,牙猶短黃,1
15872,猶短黃金,1
15873,短黃金縷,1
15874,黃金縷未,1
15875,金縷未齊,1
15876,縷未齊腰,1
15877,未齊腰肢,1
15878,齊腰肢弄,1
15879,腰肢弄寒,1
15880,肢弄寒吹,1
15881,弄寒吹眉,1
15882,寒吹眉意,1
15883,吹眉意入,1
15884,眉意入春,1
15885,意入春閨,1
15886,入春閨預,1
15887,春閨預恐,1
15888,閨預恐狂,1
15889,預恐狂夫,1
15890,恐狂夫折,1
15891,狂夫折迎,1
15892,夫折迎牽,1
15893,折迎牽逸,1
15894,迎牽逸客,1
15895,牽逸客迷,1
15896,逸客迷新,1
15897,客迷新鶯,1
15898,迷新鶯將,1
15899,新鶯將出,1
15900,鶯將出谷,1
15901,將出谷應,1
15902,出谷應借,1
15903,谷應借一,1
15904,應借一枝,1
15905,借一枝棲,1
15906,一枝棲衡,1
15907,枝棲衡巫,1
15908,棲衡巫路,1
15909,衡巫路不,1
15910,巫路不同,1
15911,路不同結,1
15912,不同結室,1
15913,同結室在,1
15914,結室在東,1
15915,室在東峰,1
15916,在東峰歲,1
15917,東峰歲晚,1
15918,峰歲晚得,1
15919,歲晚得支,1
15920,晚得支遁,1
15921,得支遁夜,1
15922,支遁夜寒,1
15923,遁夜寒逢,1
15924,夜寒逢戴,1
15925,寒逢戴顒,1
15926,逢戴顒龕,1
15927,戴顒龕燈,1
15928,顒龕燈落,1
15929,龕燈落葉,1
15930,燈落葉寺,1
15931,落葉寺山,1
15932,葉寺山雪,1
15933,寺山雪隔,1
15934,山雪隔林,1
15935,雪隔林鐘,1
15936,隔林鐘行,1
15937,林鐘行解,1
15938,鐘行解無,1
15939,行解無由,1
15940,解無由發,1
15941,無由發曹,1
15942,由發曹溪,1
15943,發曹溪欲,1
15944,曹溪欲施,1
15945,溪欲施舂,1
15946,欲施舂松,1
15947,施舂松根,1
15948,舂松根滿,1
15949,松根滿苔,1
15950,根滿苔石,1
15951,滿苔石盡,1
15952,苔石盡日,1
15953,石盡日閉,1
15954,盡日閉禪,1
15955,日閉禪關,1
15956,閉禪關有,1
15957,禪關有伴,1
15958,關有伴年,1
15959,有伴年年,1
15960,伴年年月,1
15961,年年月無,1
15962,年月無家,1
15963,月無家處,1
15964,無家處處,1
15965,家處處山,1
15966,處處山煙,1
15967,處山煙波,1
15968,山煙波五,1
15969,煙波五湖,1
15970,波五湖遠,1
15971,五湖遠瓶,1
15972,湖遠瓶屨,1
15973,遠瓶屨一,1
15974,瓶屨一身,1
15975,屨一身閑,1
15976,一身閑岳,1
15977,身閑岳寺,1
15978,閑岳寺蕙,1
15979,岳寺蕙蘭,1
15980,寺蕙蘭晚,1
15981,蕙蘭晚幾,1
15982,蘭晚幾時,1
15983,晚幾時幽,1
15984,幾時幽鳥,1
15985,時幽鳥還,1
15986,幽鳥還山,1
15987,鳥還山房,1
15988,還山房霜,1
15989,山房霜氣,1
15990,房霜氣晴,1
15991,霜氣晴一,1
15992,氣晴一宿,1
15993,晴一宿遂,1
15994,一宿遂平,1
15995,宿遂平生,1
15996,遂平生合,1
15997,平生合上,1
15998,生合上見,1
15999,合上見林,1
16000,上見林影,1
16001,見林影月,1
16002,林影月中,1
16003,影月中聞,1
16004,月中聞澗,1
16005,中聞澗聲,1
16006,聞澗聲佛,1
16007,澗聲佛燈,1
16008,聲佛燈銷,1
16009,佛燈銷永,1
16010,燈銷永夜,1
16011,銷永夜僧,1
16012,永夜僧磬,1
16013,夜僧磬徹,1
16014,僧磬徹寒,1
16015,磬徹寒更,1
16016,徹寒更不,1
16017,寒更不學,1
16018,更不學何,1
16019,不學何居,1
16020,學何居士,1
16021,何居士焚,1
16022,居士焚香,1
16023,士焚香為,1
16024,焚香為宦,1
16025,香為宦情,1
16026,為宦情師,1
16027,宦情師歸,1
16028,情師歸舊,1
16029,師歸舊山,1
16030,歸舊山去,1
16031,舊山去此,1
16032,山去此別,1
16033,去此別已,1
16034,此別已淒,1
16035,別已淒然,1
16036,已淒然燈,1
16037,淒然燈影,1
16038,然燈影秋,1
16039,燈影秋江,1
16040,影秋江寺,1
16041,秋江寺篷,1
16042,江寺篷聲,1
16043,寺篷聲夜,1
16044,篷聲夜雨,1
16045,聲夜雨船,1
16046,夜雨船鷗,1
16047,雨船鷗飛,1
16048,船鷗飛吳,1
16049,鷗飛吳市,1
16050,飛吳市外,1
16051,吳市外麟,1
16052,市外麟臥,1
16053,外麟臥晉,1
16054,麟臥晉陵,1
16055,臥晉陵前,1
16056,晉陵前若,1
16057,陵前若到,1
16058,前若到東,1
16059,若到東林,1
16060,到東林社,1
16061,東林社誰,1
16062,林社誰人,1
16063,社誰人更,1
16064,誰人更問,1
16065,人更問禪,1
16066,更問禪槲,1
16067,問禪槲葉,1
16068,禪槲葉蕭,1
16069,槲葉蕭蕭,1
16070,葉蕭蕭帶,1
16071,蕭蕭帶葦,1
16072,蕭帶葦風,1
16073,帶葦風寺,1
16074,葦風寺前,1
16075,風寺前歸,1
16076,寺前歸客,1
16077,前歸客別,1
16078,歸客別支,1
16079,客別支公,1
16080,別支公三,1
16081,支公三秋,1
16082,公三秋岸,1
16083,三秋岸雪,1
16084,秋岸雪花,1
16085,岸雪花初,1
16086,雪花初白,1
16087,花初白一,1
16088,初白一夜,1
16089,白一夜林,1
16090,一夜林霜,1
16091,夜林霜葉,1
16092,林霜葉盡,1
16093,霜葉盡紅,1
16094,葉盡紅山,1
16095,盡紅山疊,1
16096,紅山疊楚,1
16097,山疊楚天,1
16098,疊楚天雲,1
16099,楚天雲壓,1
16100,天雲壓塞,1
16101,雲壓塞浪,1
16102,壓塞浪遙,1
16103,塞浪遙吳,1
16104,浪遙吳苑,1
16105,遙吳苑水,1
16106,吳苑水連,1
16107,苑水連空,1
16108,水連空悠,1
16109,連空悠然,1
16110,空悠然旅,1
16111,悠然旅榜,1
16112,然旅榜頻,1
16113,旅榜頻回,1
16114,榜頻回首,1
16115,頻回首無,1
16116,回首無複,1
16117,首無複松,1
16118,無複松窗,1
16119,複松窗半,1
16120,松窗半偈,1
16121,窗半偈同,1
16122,半偈同鳴,1
16123,偈同鳴泉,1
16124,同鳴泉隔,1
16125,鳴泉隔翠,1
16126,泉隔翠微,1
16127,隔翠微千,1
16128,翠微千里,1
16129,微千里到,1
16130,千里到柴,1
16131,里到柴扉,1
16132,到柴扉地,1
16133,柴扉地勝,1
16134,扉地勝人,1
16135,地勝人無,1
16136,勝人無欲,1
16137,人無欲林,1
16138,無欲林昏,1
16139,欲林昏虎,1
16140,林昏虎有,1
16141,昏虎有威,1
16142,虎有威澗,1
16143,有威澗苔,1
16144,威澗苔侵,1
16145,澗苔侵客,1
16146,苔侵客屨,1
16147,侵客屨山,1
16148,客屨山雪,1
16149,屨山雪入,1
16150,山雪入禪,1
16151,雪入禪衣,1
16152,入禪衣桂,1
16153,禪衣桂樹,1
16154,衣桂樹芳,1
16155,桂樹芳陰,1
16156,樹芳陰在,1
16157,芳陰在還,1
16158,陰在還期,1
16159,在還期歲,1
16160,還期歲晏,1
16161,期歲晏歸,1
16162,歲晏歸荒,1
16163,晏歸荒雞,1
16164,歸荒雞夜,1
16165,荒雞夜唱,1
16166,雞夜唱戰,1
16167,夜唱戰塵,1
16168,唱戰塵深,1
16169,戰塵深五,1
16170,塵深五鼓,1
16171,深五鼓雕,1
16172,五鼓雕輿,1
16173,鼓雕輿過,1
16174,雕輿過上,1
16175,輿過上林,1
16176,過上林才,1
16177,上林才信,1
16178,林才信傾,1
16179,才信傾城,1
16180,信傾城是,1
16181,傾城是真,1
16182,城是真語,1
16183,是真語直,1
16184,真語直教,1
16185,語直教塗,1
16186,直教塗地,1
16187,教塗地始,1
16188,塗地始甘,1
16189,地始甘心,1
16190,始甘心兩,1
16191,甘心兩重,1
16192,心兩重秦,1
16193,兩重秦苑,1
16194,重秦苑成,1
16195,秦苑成千,1
16196,苑成千里,1
16197,成千里一,1
16198,千里一炷,1
16199,里一炷胡,1
16200,一炷胡香,1
16201,炷胡香抵,1
16202,胡香抵萬,1
16203,香抵萬金,1
16204,抵萬金曼,1
16205,萬金曼倩,1
16206,金曼倩死,1
16207,曼倩死來,1
16208,倩死來無,1
16209,死來無絕,1
16210,來無絕藝,1
16211,無絕藝後,1
16212,絕藝後人,1
16213,藝後人誰,1
16214,後人誰肯,1
16215,人誰肯惜,1
16216,誰肯惜青,1
16217,肯惜青禽,1
16218,惜青禽黃,1
16219,青禽黃花,1
16220,禽黃花紅,1
16221,黃花紅樹,1
16222,花紅樹謝,1
16223,紅樹謝芳,1
16224,樹謝芳蹊,1
16225,謝芳蹊宮,1
16226,芳蹊宮殿,1
16227,蹊宮殿參,1
16228,宮殿參差,1
16229,殿參差黛,1
16230,參差黛巘,1
16231,差黛巘西,1
16232,黛巘西詩,1
16233,巘西詩合,1
16234,西詩合曉,1
16235,詩合曉窗,1
16236,合曉窗藏,1
16237,曉窗藏雪,1
16238,窗藏雪嶺,1
16239,藏雪嶺畫,1
16240,雪嶺畫堂,1
16241,嶺畫堂秋,1
16242,畫堂秋水,1
16243,堂秋水接,1
16244,秋水接藍,1
16245,水接藍溪,1
16246,接藍溪松,1
16247,藍溪松飄,1
16248,溪松飄晚,1
16249,松飄晚吹,1
16250,飄晚吹摐,1
16251,晚吹摐金,1
16252,吹摐金鐸,1
16253,摐金鐸竹,1
16254,金鐸竹蔭,1
16255,鐸竹蔭寒,1
16256,竹蔭寒苔,1
16257,蔭寒苔上,1
16258,寒苔上石,1
16259,苔上石梯,1
16260,上石梯妙,1
16261,石梯妙跡,1
16262,梯妙跡奇,1
16263,妙跡奇名,1
16264,跡奇名竟,1
16265,奇名竟何,1
16266,名竟何在,1
16267,竟何在下,1
16268,何在下方,1
16269,在下方煙,1
16270,下方煙暝,1
16271,方煙暝草,1
16272,煙暝草萋,1
16273,暝草萋萋,1
16274,草萋萋移,1
16275,萋萋移病,1
16276,萋移病欲,1
16277,移病欲成,1
16278,病欲成隱,1
16279,欲成隱扁,1
16280,成隱扁舟,1
16281,隱扁舟歸,1
16282,扁舟歸舊,1
16283,舟歸舊居,1
16284,歸舊居地,1
16285,舊居地深,1
16286,居地深新,1
16287,地深新事,1
16288,深新事少,1
16289,新事少官,1
16290,事少官散,1
16291,少官散故,1
16292,官散故交,1
16293,散故交疏,1
16294,故交疏道,1
16295,交疏道直,1
16296,疏道直更,1
16297,道直更無,1
16298,直更無侶,1
16299,更無侶家,1
16300,無侶家貧,1
16301,侶家貧唯,1
16302,家貧唯有,1
16303,貧唯有書,1
16304,唯有書東,1
16305,有書東門,1
16306,書東門煙,1
16307,東門煙水,1
16308,門煙水夢,1
16309,煙水夢非,1
16310,水夢非獨,1
16311,夢非獨為,1
16312,非獨為鱸,1
16313,獨為鱸魚,1
16314,為鱸魚一,1
16315,鱸魚一水,1
16316,魚一水悠,1
16317,一水悠悠,1
16318,水悠悠隔,1
16319,悠悠隔渭,1
16320,悠隔渭城,1
16321,隔渭城渭,1
16322,渭城渭城,1
16323,城渭城風,1
16324,渭城風物,1
16325,城風物近,1
16326,風物近柴,1
16327,物近柴荊,1
16328,近柴荊寒,1
16329,柴荊寒蛩,1
16330,荊寒蛩乍,1
16331,寒蛩乍響,1
16332,蛩乍響催,1
16333,乍響催機,1
16334,響催機杼,1
16335,催機杼旅,1
16336,機杼旅雁,1
16337,杼旅雁初,1
16338,旅雁初來,1
16339,雁初來憶,1
16340,初來憶弟,1
16341,來憶弟兄,1
16342,憶弟兄自,1
16343,弟兄自為,1
16344,兄自為林,1
16345,自為林泉,1
16346,為林泉牽,1
16347,林泉牽曉,1
16348,泉牽曉夢,1
16349,牽曉夢不,1
16350,曉夢不關,1
16351,夢不關砧,1
16352,不關砧杵,1
16353,關砧杵報,1
16354,砧杵報秋,1
16355,杵報秋聲,1
16356,報秋聲子,1
16357,秋聲子虛,1
16358,聲子虛何,1
16359,子虛何處,1
16360,虛何處堪,1
16361,何處堪消,1
16362,處堪消渴,1
16363,堪消渴試,1
16364,消渴試向,1
16365,渴試向文,1
16366,試向文園,1
16367,向文園問,1
16368,文園問長,1
16369,園問長卿,1
16370,問長卿九,1
16371,長卿九枝,1
16372,卿九枝燈,1
16373,九枝燈在,1
16374,枝燈在瑣,1
16375,燈在瑣窗,1
16376,在瑣窗空,1
16377,瑣窗空希,1
16378,窗空希逸,1
16379,空希逸無,1
16380,希逸無聊,1
16381,逸無聊恨,1
16382,無聊恨不,1
16383,聊恨不同,1
16384,恨不同曉,1
16385,不同曉夢,1
16386,同曉夢未,1
16387,曉夢未離,1
16388,夢未離金,1
16389,未離金夾,1
16390,離金夾膝,1
16391,金夾膝早,1
16392,夾膝早寒,1
16393,膝早寒先,1
16394,早寒先到,1
16395,寒先到石,1
16396,先到石屏,1
16397,到石屏風,1
16398,石屏風遺,1
16399,屏風遺簪,1
16400,風遺簪可,1
16401,遺簪可惜,1
16402,簪可惜三,1
16403,可惜三秋,1
16404,惜三秋白,1
16405,三秋白蠟,1
16406,秋白蠟燭,1
16407,白蠟燭猶,1
16408,蠟燭猶殘,1
16409,燭猶殘一,1
16410,猶殘一寸,1
16411,殘一寸紅,1
16412,一寸紅應,1
16413,寸紅應卷,1
16414,紅應卷鰕,1
16415,應卷鰕簾,1
16416,卷鰕簾看,1
16417,鰕簾看皓,1
16418,簾看皓齒,1
16419,看皓齒鏡,1
16420,皓齒鏡中,1
16421,齒鏡中惆,1
16422,鏡中惆悵,1
16423,中惆悵見,1
16424,惆悵見梧,1
16425,悵見梧桐,1
16426,見梧桐疆,1
16427,梧桐疆理,1
16428,桐疆理雖,1
16429,疆理雖重,1
16430,理雖重海,1
16431,雖重海車,1
16432,重海車書,1
16433,海車書本,1
16434,車書本一,1
16435,書本一家,1
16436,本一家盛,1
16437,一家盛勳,1
16438,家盛勳歸,1
16439,盛勳歸舊,1
16440,勳歸舊國,1
16441,歸舊國佳,1
16442,舊國佳句,1
16443,國佳句在,1
16444,佳句在中,1
16445,句在中華,1
16446,在中華定,1
16447,中華定界,1
16448,華定界分,1
16449,定界分秋,1
16450,界分秋漲,1
16451,分秋漲開,1
16452,秋漲開帆,1
16453,漲開帆到,1
16454,開帆到曙,1
16455,帆到曙霞,1
16456,到曙霞九,1
16457,曙霞九門,1
16458,霞九門風,1
16459,九門風月,1
16460,門風月好,1
16461,風月好回,1
16462,月好回首,1
16463,好回首是,1
16464,回首是天,1
16465,首是天涯,1
16466,是天涯楚,1
16467,天涯楚鄉,1
16468,涯楚鄉千,1
16469,楚鄉千里,1
16470,鄉千里路,1
16471,千里路君,1
16472,里路君去,1
16473,路君去及,1
16474,君去及良,1
16475,去及良晨,1
16476,及良晨葦,1
16477,良晨葦浦,1
16478,晨葦浦迎,1
16479,葦浦迎船,1
16480,浦迎船火,1
16481,迎船火茶,1
16482,船火茶山,1
16483,火茶山候,1
16484,茶山候吏,1
16485,山候吏塵,1
16486,候吏塵桑,1
16487,吏塵桑濃,1
16488,塵桑濃蠶,1
16489,桑濃蠶臥,1
16490,濃蠶臥晚,1
16491,蠶臥晚麥,1
16492,臥晚麥秀,1
16493,晚麥秀雉,1
16494,麥秀雉聲,1
16495,秀雉聲春,1
16496,雉聲春莫,1
16497,聲春莫作,1
16498,春莫作東,1
16499,莫作東籬,1
16500,作東籬興,1
16501,東籬興青,1
16502,籬興青雲,1
16503,興青雲有,1
16504,青雲有故,1
16505,雲有故人,1
16506,有故人一,1
16507,故人一從,1
16508,人一從征,1
16509,一從征戰,1
16510,從征戰後,1
16511,征戰後故,1
16512,戰後故社,1
16513,後故社幾,1
16514,故社幾人,1
16515,社幾人歸,1
16516,幾人歸薄,1
16517,人歸薄宦,1
16518,歸薄宦離,1
16519,薄宦離山,1
16520,宦離山久,1
16521,離山久高,1
16522,山久高談,1
16523,久高談與,1
16524,高談與世,1
16525,談與世稀,1
16526,與世稀夕,1
16527,世稀夕陽,1
16528,稀夕陽當,1
16529,夕陽當板,1
16530,陽當板檻,1
16531,當板檻春,1
16532,板檻春日,1
16533,檻春日入,1
16534,春日入柴,1
16535,日入柴扉,1
16536,入柴扉莫,1
16537,柴扉莫卻,1
16538,扉莫卻嚴,1
16539,莫卻嚴灘,1
16540,卻嚴灘意,1
16541,嚴灘意西,1
16542,灘意西溪,1
16543,意西溪有,1
16544,西溪有釣,1
16545,溪有釣磯,1
16546,有釣磯青,1
16547,釣磯青門,1
16548,磯青門煙,1
16549,青門煙野,1
16550,門煙野外,1
16551,煙野外渡,1
16552,野外渡滻,1
16553,外渡滻送,1
16554,渡滻送行,1
16555,滻送行人,1
16556,送行人鴨,1
16557,行人鴨臥,1
16558,人鴨臥溪,1
16559,鴨臥溪沙,1
16560,臥溪沙暖,1
16561,溪沙暖鳩,1
16562,沙暖鳩鳴,1
16563,暖鳩鳴社,1
16564,鳩鳴社樹,1
16565,鳴社樹春,1
16566,社樹春殘,1
16567,樹春殘波,1
16568,春殘波青,1
16569,殘波青有,1
16570,波青有石,1
16571,青有石幽,1
16572,有石幽草,1
16573,石幽草綠,1
16574,幽草綠無,1
16575,草綠無塵,1
16576,綠無塵楊,1
16577,無塵楊柳,1
16578,塵楊柳東,1
16579,楊柳東風,1
16580,柳東風裏,1
16581,東風裏相,1
16582,風裏相看,1
16583,裏相看淚,1
16584,相看淚滿,1
16585,看淚滿巾,1
16586,淚滿巾漢,1
16587,滿巾漢庭,1
16588,巾漢庭文,1
16589,漢庭文采,1
16590,庭文采有,1
16591,文采有相,1
16592,采有相如,1
16593,有相如天,1
16594,相如天子,1
16595,如天子通,1
16596,天子通宵,1
16597,子通宵愛,1
16598,通宵愛子,1
16599,宵愛子虛,1
16600,愛子虛把,1
16601,子虛把釣,1
16602,虛把釣看,1
16603,把釣看棋,1
16604,釣看棋高,1
16605,看棋高興,1
16606,棋高興盡,1
16607,高興盡焚,1
16608,興盡焚香,1
16609,盡焚香起,1
16610,焚香起草,1
16611,香起草宦,1
16612,起草宦情,1
16613,草宦情疏,1
16614,宦情疏楚,1
16615,情疏楚山,1
16616,疏楚山重,1
16617,楚山重疊,1
16618,山重疊當,1
16619,重疊當歸,1
16620,疊當歸路,1
16621,當歸路溪,1
16622,歸路溪月,1
16623,路溪月分,1
16624,溪月分明,1
16625,月分明到,1
16626,分明到直,1
16627,明到直廬,1
16628,到直廬江,1
16629,直廬江雨,1
16630,廬江雨瀟,1
16631,江雨瀟瀟,1
16632,雨瀟瀟帆,1
16633,瀟瀟帆一,1
16634,瀟帆一片,1
16635,帆一片此,1
16636,一片此行,1
16637,片此行誰,1
16638,此行誰道,1
16639,行誰道為,1
16640,誰道為鱸,1
16641,道為鱸魚,1
16642,為鱸魚秋,1
16643,鱸魚秋色,1
16644,魚秋色滿,1
16645,秋色滿葭,1
16646,色滿葭菼,1
16647,滿葭菼離,1
16648,葭菼離人,1
16649,菼離人西,1
16650,離人西複,1
16651,人西複東,1
16652,西複東幾,1
16653,複東幾年,1
16654,東幾年方,1
16655,幾年方暫,1
16656,年方暫見,1
16657,方暫見一,1
16658,暫見一笑,1
16659,見一笑又,1
16660,一笑又難,1
16661,笑又難同,1
16662,又難同地,1
16663,難同地勢,1
16664,同地勢蕭,1
16665,地勢蕭陵,1
16666,勢蕭陵歇,1
16667,蕭陵歇江,1
16668,陵歇江聲,1
16669,歇江聲禹,1
16670,江聲禹廟,1
16671,聲禹廟空,1
16672,禹廟空如,1
16673,廟空如何,1
16674,空如何暮,1
16675,如何暮灘,1
16676,何暮灘上,1
16677,暮灘上千,1
16678,灘上千里,1
16679,上千里逐,1
16680,千里逐征,1
16681,里逐征鴻,1
16682,逐征鴻半,1
16683,征鴻半醉,1
16684,鴻半醉別,1
16685,半醉別都,1
16686,醉別都門,1
16687,別都門含,1
16688,都門含淒,1
16689,門含淒上,1
16690,含淒上古,1
16691,淒上古原,1
16692,上古原晚,1
16693,古原晚風,1
16694,原晚風楊,1
16695,晚風楊葉,1
16696,風楊葉社,1
16697,楊葉社寒,1
16698,葉社寒食,1
16699,社寒食杏,1
16700,寒食杏花,1
16701,食杏花村,1
16702,杏花村薄,1
16703,花村薄暮,1
16704,村薄暮牽,1
16705,薄暮牽離,1
16706,暮牽離緒,1
16707,牽離緒傷,1
16708,離緒傷春,1
16709,緒傷春憶,1
16710,傷春憶晤,1
16711,春憶晤言,1
16712,憶晤言年,1
16713,晤言年芳,1
16714,言年芳本,1
16715,年芳本無,1
16716,芳本無限,1
16717,本無限何,1
16718,無限何況,1
16719,限何況有,1
16720,何況有蘭,1
16721,況有蘭孫,1
16722,有蘭孫明,1
16723,蘭孫明皇,1
16724,孫明皇昔,1
16725,明皇昔禦,1
16726,皇昔禦極,1
16727,昔禦極神,1
16728,禦極神聖,1
16729,極神聖垂,1
16730,神聖垂耿,1
16731,聖垂耿光,1
16732,垂耿光沈,1
16733,耿光沈機,1
16734,光沈機發,1
16735,沈機發雷,1
16736,機發雷電,1
16737,發雷電逸,1
16738,雷電逸躅,1
16739,電逸躅陵,1
16740,逸躅陵堯,1
16741,躅陵堯湯,1
16742,陵堯湯西,1
16743,堯湯西覃,1
16744,湯西覃積,1
16745,西覃積石,1
16746,覃積石山,1
16747,積石山北,1
16748,石山北至,1
16749,山北至窮,1
16750,北至窮發,1
16751,至窮發鄉,1
16752,窮發鄉四,1
16753,發鄉四凶,1
16754,鄉四凶有,1
16755,四凶有獬,1
16756,凶有獬豸,1
16757,有獬豸一,1
16758,獬豸一臂,1
16759,豸一臂無,1
16760,一臂無螳,1
16761,臂無螳螂,1
16762,無螳螂嬋,1
16763,螳螂嬋娟,1
16764,螂嬋娟得,1
16765,嬋娟得神,1
16766,娟得神豔,1
16767,得神豔郁,1
16768,神豔郁烈,1
16769,豔郁烈聞,1
16770,郁烈聞國,1
16771,烈聞國香,1
16772,聞國香紫,1
16773,國香紫絛,1
16774,香紫絛鳴,1
16775,紫絛鳴羯,1
16776,絛鳴羯鼓,1
16777,鳴羯鼓玉,1
16778,羯鼓玉管,1
16779,鼓玉管吹,1
16780,玉管吹霓,1
16781,管吹霓裳,1
16782,吹霓裳祿,1
16783,霓裳祿山,1
16784,裳祿山未,1
16785,祿山未封,1
16786,山未封侯,1
16787,未封侯林,1
16788,封侯林甫,1
16789,侯林甫才,1
16790,林甫才為,1
16791,甫才為郎,1
16792,才為郎昭,1
16793,為郎昭融,1
16794,郎昭融廓,1
16795,昭融廓日,1
16796,融廓日月,1
16797,廓日月妥,1
16798,日月妥帖,1
16799,月妥帖安,1
16800,妥帖安紀,1
16801,帖安紀綱,1
16802,安紀綱群,1
16803,紀綱群生,1
16804,綱群生到,1
16805,群生到壽,1
16806,生到壽域,1
16807,到壽域百,1
16808,壽域百辟,1
16809,域百辟趨,1
16810,百辟趨明,1
16811,辟趨明堂,1
16812,趨明堂四,1
16813,明堂四海,1
16814,堂四海正,1
16815,四海正夷,1
16816,海正夷宴,1
16817,正夷宴一,1
16818,夷宴一塵,1
16819,宴一塵不,1
16820,一塵不飛,1
16821,塵不飛揚,1
16822,不飛揚天,1
16823,飛揚天子,1
16824,揚天子自,1
16825,天子自猶,1
16826,子自猶豫,1
16827,自猶豫侍,1
16828,猶豫侍臣,1
16829,豫侍臣宜,1
16830,侍臣宜樂,1
16831,臣宜樂康,1
16832,宜樂康軋,1
16833,樂康軋然,1
16834,康軋然閶,1
16835,軋然閶闔,1
16836,然閶闔開,1
16837,閶闔開赤,1
16838,闔開赤日,1
16839,開赤日生,1
16840,赤日生扶,1
16841,日生扶桑,1
16842,生扶桑玉,1
16843,扶桑玉砌,1
16844,桑玉砌露,1
16845,玉砌露盤,1
16846,砌露盤紆,1
16847,露盤紆金,1
16848,盤紆金壺,1
16849,紆金壺漏,1
16850,金壺漏丁,1
16851,壺漏丁當,1
16852,漏丁當劍,1
16853,丁當劍佩,1
16854,當劍佩相,1
16855,劍佩相擊,1
16856,佩相擊觸,1
16857,相擊觸左,1
16858,擊觸左右,1
16859,觸左右隨,1
16860,左右隨趨,1
16861,右隨趨蹌,1
16862,隨趨蹌玄,1
16863,趨蹌玄珠,1
16864,蹌玄珠十,1
16865,玄珠十二,1
16866,珠十二旒,1
16867,十二旒紅,1
16868,二旒紅粉,1
16869,旒紅粉三,1
16870,紅粉三千,1
16871,粉三千行,1
16872,三千行顧,1
16873,千行顧盻,1
16874,行顧盻生,1
16875,顧盻生羽,1
16876,盻生羽翼,1
16877,生羽翼叱,1
16878,羽翼叱嗟,1
16879,翼叱嗟回,1
16880,叱嗟回雪,1
16881,嗟回雪霜,1
16882,回雪霜神,1
16883,雪霜神霞,1
16884,霜神霞淩,1
16885,神霞淩雲,1
16886,霞淩雲閣,1
16887,淩雲閣春,1
16888,雲閣春水,1
16889,閣春水驪,1
16890,春水驪山,1
16891,水驪山陽,1
16892,驪山陽盤,1
16893,山陽盤鬥,1
16894,陽盤鬥九,1
16895,盤鬥九子,1
16896,鬥九子粽,1
16897,九子粽甌,1
16898,子粽甌擎,1
16899,粽甌擎五,1
16900,甌擎五雲,1
16901,擎五雲漿,1
16902,五雲漿雙,1
16903,雲漿雙瓊,1
16904,漿雙瓊京,1
16905,雙瓊京兆,1
16906,瓊京兆博,1
16907,京兆博七,1
16908,兆博七鼓,1
16909,博七鼓邯,1
16910,七鼓邯鄲,1
16911,鼓邯鄲娼,1
16912,邯鄲娼毰,1
16913,鄲娼毰毸,1
16914,娼毰毸碧,1
16915,毰毸碧雞,1
16916,毸碧雞鬥,1
16917,碧雞鬥蘢,1
16918,雞鬥蘢蔥,1
16919,鬥蘢蔥翠,1
16920,蘢蔥翠雉,1
16921,蔥翠雉場,1
16922,翠雉場仗,1
16923,雉場仗官,1
16924,場仗官繡,1
16925,仗官繡蔽,1
16926,官繡蔽膝,1
16927,繡蔽膝寶,1
16928,蔽膝寶馬,1
16929,膝寶馬金,1
16930,寶馬金鏤,1
16931,馬金鏤錫,1
16932,金鏤錫椒,1
16933,鏤錫椒塗,1
16934,錫椒塗隔,1
16935,椒塗隔鸚,1
16936,塗隔鸚鵡,1
16937,隔鸚鵡柘,1
16938,鸚鵡柘彈,1
16939,鵡柘彈驚,1
16940,柘彈驚鴛,1
16941,彈驚鴛鴦,1
16942,驚鴛鴦猗,1
16943,鴛鴦猗歟,1
16944,鴦猗歟華,1
16945,猗歟華國,1
16946,歟華國臣,1
16947,華國臣鬢,1
16948,國臣鬢髮,1
16949,臣鬢髮俱,1
16950,鬢髮俱蒼,1
16951,髮俱蒼蒼,1
16952,俱蒼蒼錫,1
16953,蒼蒼錫宴,1
16954,蒼錫宴得,1
16955,錫宴得幽,1
16956,宴得幽致,1
16957,得幽致車,1
16958,幽致車從,1
16959,致車從真,1
16960,車從真煒,1
16961,從真煒煌,1
16962,真煒煌畫,1
16963,煒煌畫鷁,1
16964,煌畫鷁照,1
16965,畫鷁照魚,1
16966,鷁照魚鱉,1
16967,照魚鱉鳴,1
16968,魚鱉鳴騶,1
16969,鱉鳴騶亂,1
16970,鳴騶亂甃,1
16971,騶亂甃鶬,1
16972,亂甃鶬颭,1
16973,甃鶬颭灩,1
16974,鶬颭灩蕩,1
16975,颭灩蕩碧,1
16976,灩蕩碧波,1
16977,蕩碧波炫,1
16978,碧波炫煌,1
16979,波炫煌迷,1
16980,炫煌迷橫,1
16981,煌迷橫塘,1
16982,迷橫塘縈,1
16983,橫塘縈盈,1
16984,塘縈盈舞,1
16985,縈盈舞回,1
16986,盈舞回雪,1
16987,舞回雪宛,1
16988,回雪宛轉,1
16989,雪宛轉歌,1
16990,宛轉歌繞,1
16991,轉歌繞梁,1
16992,歌繞梁豔,1
16993,繞梁豔帶,1
16994,梁豔帶畫,1
16995,豔帶畫銀,1
16996,帶畫銀絡,1
16997,畫銀絡寶,1
16998,銀絡寶梳,1
16999,絡寶梳金,1
17000,寶梳金鈿,1
17001,梳金鈿筐,1
17002,金鈿筐沈,1
17003,鈿筐沈冥,1
17004,筐沈冥類,1
17005,沈冥類漢,1
17006,冥類漢相,1
17007,類漢相醉,1
17008,漢相醉倒,1
17009,相醉倒疑,1
17010,醉倒疑楚,1
17011,倒疑楚狂,1
17012,疑楚狂一,1
17013,楚狂一旦,1
17014,狂一旦紫,1
17015,一旦紫微,1
17016,旦紫微東,1
17017,紫微東胡,1
17018,微東胡星,1
17019,東胡星森,1
17020,胡星森耀,1
17021,星森耀芒,1
17022,森耀芒憑,1
17023,耀芒憑陵,1
17024,芒憑陵逐,1
17025,憑陵逐鯨,1
17026,陵逐鯨鯢,1
17027,逐鯨鯢唐,1
17028,鯨鯢唐突,1
17029,鯢唐突驅,1
17030,唐突驅犬,1
17031,突驅犬羊,1
17032,驅犬羊縱,1
17033,犬羊縱火,1
17034,羊縱火三,1
17035,縱火三月,1
17036,火三月赤,1
17037,三月赤戰,1
17038,月赤戰塵,1
17039,赤戰塵千,1
17040,戰塵千里,1
17041,塵千里黃,1
17042,千里黃殽,1
17043,里黃殽函,1
17044,黃殽函與,1
17045,殽函與府,1
17046,函與府寺,1
17047,與府寺從,1
17048,府寺從此,1
17049,寺從此俱,1
17050,從此俱荒,1
17051,此俱荒涼,1
17052,俱荒涼茲,1
17053,荒涼茲地,1
17054,涼茲地乃,1
17055,茲地乃蔓,1
17056,地乃蔓草,1
17057,乃蔓草故,1
17058,蔓草故基,1
17059,草故基摧,1
17060,故基摧壞,1
17061,基摧壞牆,1
17062,摧壞牆枯,1
17063,壞牆枯池,1
17064,牆枯池接,1
17065,枯池接斷,1
17066,池接斷岸,1
17067,接斷岸唧,1
17068,斷岸唧唧,1
17069,岸唧唧啼,1
17070,唧唧啼寒,1
17071,唧啼寒螿,1
17072,啼寒螿敗,1
17073,寒螿敗荷,1
17074,螿敗荷塌,1
17075,敗荷塌作,1
17076,荷塌作泥,1
17077,塌作泥死,1
17078,作泥死竹,1
17079,泥死竹森,1
17080,死竹森如,1
17081,竹森如槍,1
17082,森如槍遊,1
17083,如槍遊人,1
17084,槍遊人問,1
17085,遊人問老,1
17086,人問老吏,1
17087,問老吏相,1
17088,老吏相對,1
17089,吏相對聊,1
17090,相對聊感,1
17091,對聊感傷,1
17092,聊感傷豈,1
17093,感傷豈必,1
17094,傷豈必見,1
17095,豈必見麋,1
17096,必見麋鹿,1
17097,見麋鹿然,1
17098,麋鹿然後,1
17099,鹿然後堪,1
17100,然後堪回,1
17101,後堪回腸,1
17102,堪回腸幸,1
17103,回腸幸今,1
17104,腸幸今遇,1
17105,幸今遇太,1
17106,今遇太平,1
17107,遇太平令,1
17108,太平令節,1
17109,平令節稱,1
17110,令節稱羽,1
17111,節稱羽觴,1
17112,稱羽觴誰,1
17113,羽觴誰知,1
17114,觴誰知曲,1
17115,誰知曲江,1
17116,知曲江曲,1
17117,曲江曲歲,1
17118,江曲歲歲,1
17119,曲歲歲棲,1
17120,歲歲棲鸞,1
17121,歲棲鸞凰,1
17122,棲鸞凰縹,1
17123,鸞凰縹帙,1
17124,凰縹帙無,1
17125,縹帙無塵,1
17126,帙無塵滿,1
17127,無塵滿畫,1
17128,塵滿畫廊,1
17129,滿畫廊鐘,1
17130,畫廊鐘山,1
17131,廊鐘山弟,1
17132,鐘山弟子,1
17133,山弟子靜,1
17134,弟子靜焚,1
17135,子靜焚香,1
17136,靜焚香惠,1
17137,焚香惠能,1
17138,香惠能未,1
17139,惠能未肯,1
17140,能未肯傳,1
17141,未肯傳心,1
17142,肯傳心法,1
17143,傳心法張,1
17144,心法張湛,1
17145,法張湛徒,1
17146,張湛徒勞,1
17147,湛徒勞與,1
17148,徒勞與眼,1
17149,勞與眼方,1
17150,與眼方風,1
17151,眼方風颺,1
17152,方風颺檀,1
17153,風颺檀煙,1
17154,颺檀煙銷,1
17155,檀煙銷篆,1
17156,煙銷篆印,1
17157,銷篆印日,1
17158,篆印日移,1
17159,印日移松,1
17160,日移松影,1
17161,移松影過,1
17162,松影過禪,1
17163,影過禪床,1
17164,過禪床客,1
17165,禪床客兒,1
17166,床客兒自,1
17167,客兒自有,1
17168,兒自有翻,1
17169,自有翻經,1
17170,有翻經處,1
17171,翻經處江,1
17172,經處江上,1
17173,處江上秋,1
17174,江上秋來,1
17175,上秋來蕙,1
17176,秋來蕙草,1
17177,來蕙草荒,1
17178,蕙草荒往,1
17179,草荒往年,1
17180,荒往年江,1
17181,往年江海,1
17182,年江海別,1
17183,江海別元,1
17184,海別元卿,1
17185,別元卿家,1
17186,元卿家近,1
17187,卿家近山,1
17188,家近山陽,1
17189,近山陽古,1
17190,山陽古郡,1
17191,陽古郡城,1
17192,古郡城蓮,1
17193,郡城蓮浦,1
17194,城蓮浦香,1
17195,蓮浦香中,1
17196,浦香中離,1
17197,香中離席,1
17198,中離席散,1
17199,離席散柳,1
17200,席散柳堤,1
17201,散柳堤風,1
17202,柳堤風裏,1
17203,堤風裏釣,1
17204,風裏釣船,1
17205,裏釣船橫,1
17206,釣船橫星,1
17207,船橫星霜,1
17208,橫星霜荏,1
17209,星霜荏苒,1
17210,霜荏苒無,1
17211,荏苒無音,1
17212,苒無音信,1
17213,無音信煙,1
17214,音信煙水,1
17215,信煙水微,1
17216,煙水微茫,1
17217,水微茫變,1
17218,微茫變姓,1
17219,茫變姓名,1
17220,變姓名菰,1
17221,姓名菰黍,1
17222,名菰黍正,1
17223,菰黍正肥,1
17224,黍正肥魚,1
17225,正肥魚正,1
17226,肥魚正美,1
17227,魚正美五,1
17228,正美五侯,1
17229,美五侯門,1
17230,五侯門下,1
17231,侯門下負,1
17232,門下負平,1
17233,下負平生,1
17234,負平生七,1
17235,平生七裏,1
17236,生七裏灘,1
17237,七裏灘聲,1
17238,裏灘聲舜,1
17239,灘聲舜廟,1
17240,聲舜廟前,1
17241,舜廟前杏,1
17242,廟前杏花,1
17243,前杏花初,1
17244,杏花初盛,1
17245,花初盛草,1
17246,初盛草芊,1
17247,盛草芊芊,1
17248,草芊芊綠,1
17249,芊芊綠昏,1
17250,芊綠昏晴,1
17251,綠昏晴氣,1
17252,昏晴氣春,1
17253,晴氣春風,1
17254,氣春風岸,1
17255,春風岸紅,1
17256,風岸紅漾,1
17257,岸紅漾輕,1
17258,紅漾輕綸,1
17259,漾輕綸野,1
17260,輕綸野水,1
17261,綸野水天,1
17262,野水天不,1
17263,水天不為,1
17264,天不為傷,1
17265,不為傷離,1
17266,為傷離成,1
17267,傷離成極,1
17268,離成極望,1
17269,成極望更,1
17270,極望更因,1
17271,望更因行,1
17272,更因行樂,1
17273,因行樂惜,1
17274,行樂惜流,1
17275,樂惜流年,1
17276,惜流年一,1
17277,流年一瓢,1
17278,年一瓢無,1
17279,一瓢無事,1
17280,瓢無事麛,1
17281,無事麛裘,1
17282,事麛裘暖,1
17283,麛裘暖手,1
17284,裘暖手弄,1
17285,暖手弄溪,1
17286,手弄溪波,1
17287,弄溪波坐,1
17288,溪波坐釣,1
17289,波坐釣船,1
17290,坐釣船東,1
17291,釣船東郊,1
17292,船東郊和,1
17293,東郊和氣,1
17294,郊和氣新,1
17295,和氣新芳,1
17296,氣新芳靄,1
17297,新芳靄遠,1
17298,芳靄遠如,1
17299,靄遠如塵,1
17300,遠如塵客,1
17301,如塵客舍,1
17302,塵客舍停,1
17303,客舍停疲,1
17304,舍停疲馬,1
17305,停疲馬僧,1
17306,疲馬僧牆,1
17307,馬僧牆畫,1
17308,僧牆畫故,1
17309,牆畫故人,1
17310,畫故人沃,1
17311,故人沃田,1
17312,人沃田桑,1
17313,沃田桑景,1
17314,田桑景晚,1
17315,桑景晚平,1
17316,景晚平野,1
17317,晚平野菜,1
17318,平野菜花,1
17319,野菜花春,1
17320,菜花春更,1
17321,花春更想,1
17322,春更想嚴,1
17323,更想嚴家,1
17324,想嚴家瀨,1
17325,嚴家瀨微,1
17326,家瀨微風,1
17327,瀨微風蕩,1
17328,微風蕩白,1
17329,風蕩白蘋,1
17330,蕩白蘋夜,1
17331,白蘋夜闌,1
17332,蘋夜闌黃,1
17333,夜闌黃葉,1
17334,闌黃葉寺,1
17335,黃葉寺瓶,1
17336,葉寺瓶錫,1
17337,寺瓶錫兩,1
17338,瓶錫兩俱,1
17339,錫兩俱能,1
17340,兩俱能松,1
17341,俱能松下,1
17342,能松下石,1
17343,松下石橋,1
17344,下石橋路,1
17345,石橋路雨,1
17346,橋路雨中,1
17347,路雨中山,1
17348,雨中山殿,1
17349,中山殿燈,1
17350,山殿燈茶,1
17351,殿燈茶爐,1
17352,燈茶爐天,1
17353,茶爐天姥,1
17354,爐天姥客,1
17355,天姥客棋,1
17356,姥客棋席,1
17357,客棋席剡,1
17358,棋席剡溪,1
17359,席剡溪僧,1
17360,剡溪僧還,1
17361,溪僧還笑,1
17362,僧還笑長,1
17363,還笑長門,1
17364,笑長門賦,1
17365,長門賦高,1
17366,門賦高秋,1
17367,賦高秋臥,1
17368,高秋臥茂,1
17369,秋臥茂陵,1
17370,臥茂陵虛,1
17371,茂陵虛合,1
17372,陵虛合披,1
17373,虛合披衣,1
17374,合披衣坐,1
17375,披衣坐寒,1
17376,衣坐寒階,1
17377,坐寒階踏,1
17378,寒階踏葉,1
17379,階踏葉行,1
17380,踏葉行眾,1
17381,葉行眾星,1
17382,行眾星中,1
17383,眾星中夜,1
17384,星中夜少,1
17385,中夜少圓,1
17386,夜少圓月,1
17387,少圓月上,1
17388,圓月上方,1
17389,月上方明,1
17390,上方明靄,1
17391,方明靄盡,1
17392,明靄盡無,1
17393,靄盡無林,1
17394,盡無林色,1
17395,無林色暄,1
17396,林色暄餘,1
17397,色暄餘有,1
17398,暄餘有澗,1
17399,餘有澗聲,1
17400,有澗聲只,1
17401,澗聲只應,1
17402,聲只應愁,1
17403,只應愁恨,1
17404,應愁恨事,1
17405,愁恨事還,1
17406,恨事還逐,1
17407,事還逐曉,1
17408,還逐曉光,1
17409,逐曉光生,1
17410,曉光生勝,1
17411,光生勝地,1
17412,生勝地當,1
17413,勝地當通,1
17414,地當通邑,1
17415,當通邑前,1
17416,通邑前山,1
17417,邑前山有,1
17418,前山有故,1
17419,山有故居,1
17420,有故居台,1
17421,故居台高,1
17422,居台高秋,1
17423,台高秋盡,1
17424,高秋盡出,1
17425,秋盡出林,1
17426,盡出林斷,1
17427,出林斷野,1
17428,林斷野無,1
17429,斷野無餘,1
17430,野無餘白,1
17431,無餘白露,1
17432,餘白露鳴,1
17433,白露鳴蛩,1
17434,露鳴蛩急,1
17435,鳴蛩急晴,1
17436,蛩急晴天,1
17437,急晴天度,1
17438,晴天度雁,1
17439,天度雁疏,1
17440,度雁疏由,1
17441,雁疏由來,1
17442,疏由來放,1
17443,由來放懷,1
17444,來放懷地,1
17445,放懷地非,1
17446,懷地非獨,1
17447,地非獨在,1
17448,非獨在吾,1
17449,獨在吾廬,1
17450,在吾廬輕,1
17451,吾廬輕陰,1
17452,廬輕陰隔,1
17453,輕陰隔翠,1
17454,陰隔翠幃,1
17455,隔翠幃宿,1
17456,翠幃宿雨,1
17457,幃宿雨泣,1
17458,宿雨泣晴,1
17459,雨泣晴暉,1
17460,泣晴暉醉,1
17461,晴暉醉後,1
17462,暉醉後佳,1
17463,醉後佳期,1
17464,後佳期在,1
17465,佳期在歌,1
17466,期在歌餘,1
17467,在歌餘舊,1
17468,歌餘舊意,1
17469,餘舊意非,1
17470,舊意非蝶,1
17471,意非蝶繁,1
17472,非蝶繁經,1
17473,蝶繁經粉,1
17474,繁經粉住,1
17475,經粉住蜂,1
17476,粉住蜂重,1
17477,住蜂重抱,1
17478,蜂重抱香,1
17479,重抱香歸,1
17480,抱香歸莫,1
17481,香歸莫惜,1
17482,歸莫惜熏,1
17483,莫惜熏爐,1
17484,惜熏爐夜,1
17485,熏爐夜因,1
17486,爐夜因風,1
17487,夜因風到,1
17488,因風到舞,1
17489,風到舞衣,1
17490,到舞衣水,1
17491,舞衣水漾,1
17492,衣水漾晴,1
17493,水漾晴紅,1
17494,漾晴紅壓,1
17495,晴紅壓疊,1
17496,紅壓疊波,1
17497,壓疊波曉,1
17498,疊波曉來,1
17499,波曉來金,1
17500,曉來金粉,1
17501,來金粉覆,1
17502,金粉覆庭,1
17503,粉覆庭莎,1
17504,覆庭莎裁,1
17505,庭莎裁成,1
17506,莎裁成豔,1
17507,裁成豔思,1
17508,成豔思偏,1
17509,豔思偏應,1
17510,思偏應巧,1
17511,偏應巧分,1
17512,應巧分得,1
17513,巧分得春,1
17514,分得春光,1
17515,得春光最,1
17516,春光最數,1
17517,光最數多,1
17518,最數多欲,1
17519,數多欲綻,1
17520,多欲綻似,1
17521,欲綻似含,1
17522,綻似含雙,1
17523,似含雙靨,1
17524,含雙靨笑,1
17525,雙靨笑正,1
17526,靨笑正繁,1
17527,笑正繁疑,1
17528,正繁疑有,1
17529,繁疑有一,1
17530,疑有一聲,1
17531,有一聲歌,1
17532,一聲歌華,1
17533,聲歌華堂,1
17534,歌華堂客,1
17535,華堂客散,1
17536,堂客散簾,1
17537,客散簾垂,1
17538,散簾垂地,1
17539,簾垂地想,1
17540,垂地想憑,1
17541,地想憑闌,1
17542,想憑闌幹,1
17543,憑闌幹斂,1
17544,闌幹斂翠,1
17545,幹斂翠蛾,1
17546,斂翠蛾疾,1
17547,翠蛾疾眼,1
17548,蛾疾眼逢,1
17549,疾眼逢春,1
17550,眼逢春四,1
17551,逢春四壁,1
17552,春四壁空,1
17553,四壁空夜,1
17554,壁空夜來,1
17555,空夜來山,1
17556,夜來山雪,1
17557,來山雪破,1
17558,山雪破東,1
17559,雪破東風,1
17560,破東風未,1
17561,東風未知,1
17562,風未知王,1
17563,未知王母,1
17564,知王母千,1
17565,王母千年,1
17566,母千年熟,1
17567,千年熟且,1
17568,年熟且共,1
17569,熟且共劉,1
17570,且共劉郎,1
17571,共劉郎一,1
17572,劉郎一笑,1
17573,郎一笑同,1
17574,一笑同已,1
17575,笑同已落,1
17576,同已落又,1
17577,已落又開,1
17578,落又開橫,1
17579,又開橫晚,1
17580,開橫晚翠,1
17581,橫晚翠似,1
17582,晚翠似無,1
17583,翠似無如,1
17584,似無如有,1
17585,無如有帶,1
17586,如有帶朝,1
17587,有帶朝紅,1
17588,帶朝紅僧,1
17589,朝紅僧虔,1
17590,紅僧虔蠟,1
17591,僧虔蠟炬,1
17592,虔蠟炬高,1
17593,蠟炬高三,1
17594,炬高三尺,1
17595,高三尺莫,1
17596,三尺莫惜,1
17597,尺莫惜連,1
17598,莫惜連宵,1
17599,惜連宵照,1
17600,連宵照露,1
17601,宵照露叢,1
17602,照露叢紅,1
17603,露叢紅花,1
17604,叢紅花初,1
17605,紅花初綻,1
17606,花初綻雪,1
17607,初綻雪花,1
17608,綻雪花繁,1
17609,雪花繁重,1
17610,花繁重疊,1
17611,繁重疊高,1
17612,重疊高低,1
17613,疊高低滿,1
17614,高低滿小,1
17615,低滿小園,1
17616,滿小園正,1
17617,小園正見,1
17618,園正見盛,1
17619,正見盛時,1
17620,見盛時猶,1
17621,盛時猶悵,1
17622,時猶悵望,1
17623,猶悵望豈,1
17624,悵望豈堪,1
17625,望豈堪開,1
17626,豈堪開處,1
17627,堪開處已,1
17628,開處已繽,1
17629,處已繽翻,1
17630,已繽翻情,1
17631,繽翻情為,1
17632,翻情為世,1
17633,情為世累,1
17634,為世累詩,1
17635,世累詩千,1
17636,累詩千首,1
17637,詩千首醉,1
17638,千首醉是,1
17639,首醉是吾,1
17640,醉是吾鄉,1
17641,是吾鄉酒,1
17642,吾鄉酒一,1
17643,鄉酒一樽,1
17644,酒一樽杳,1
17645,一樽杳杳,1
17646,樽杳杳豔,1
17647,杳杳豔歌,1
17648,杳豔歌春,1
17649,豔歌春日,1
17650,歌春日午,1
17651,春日午出,1
17652,日午出牆,1
17653,午出牆何,1
17654,出牆何處,1
17655,牆何處隔,1
17656,何處隔朱,1
17657,處隔朱門,1
17658,隔朱門春,1
17659,朱門春秋,1
17660,門春秋罷,1
17661,春秋罷注,1
17662,秋罷注直,1
17663,罷注直銅,1
17664,注直銅龍,1
17665,直銅龍舊,1
17666,銅龍舊宅,1
17667,龍舊宅嘉,1
17668,舊宅嘉蓮,1
17669,宅嘉蓮照,1
17670,嘉蓮照水,1
17671,照水紅兩,1
17672,水紅兩處,1
17673,紅兩處龜,1
17674,兩處龜巢,1
17675,處龜巢清,1
17676,龜巢清露,1
17677,巢清露裏,1
17678,清露裏一,1
17679,露裏一時,1
17680,裏一時魚,1
17681,一時魚躍,1
17682,時魚躍翠,1
17683,魚躍翠莖,1
17684,躍翠莖東,1
17685,翠莖東同,1
17686,莖東同心,1
17687,東同心表,1
17688,同心表瑞,1
17689,心表瑞荀,1
17690,表瑞荀池,1
17691,瑞荀池上,1
17692,荀池上半,1
17693,池上半面,1
17694,上半面分,1
17695,半面分妝,1
17696,面分妝樂,1
17697,分妝樂鏡,1
17698,妝樂鏡中,1
17699,樂鏡中應,1
17700,鏡中應為,1
17701,中應為臨,1
17702,應為臨川,1
17703,為臨川多,1
17704,臨川多麗,1
17705,川多麗句,1
17706,多麗句故,1
17707,麗句故持,1
17708,句故持重,1
17709,故持重豔,1
17710,持重豔向,1
17711,重豔向西,1
17712,豔向西風,1
17713,向西風幽,1
17714,西風幽態,1
17715,風幽態竟,1
17716,幽態竟誰,1
17717,態竟誰賞,1
17718,竟誰賞歲,1
17719,誰賞歲華,1
17720,賞歲華空,1
17721,歲華空與,1
17722,華空與期,1
17723,空與期島,1
17724,與期島回,1
17725,期島回香,1
17726,島回香盡,1
17727,回香盡處,1
17728,香盡處泉,1
17729,盡處泉照,1
17730,處泉照豔,1
17731,泉照豔濃,1
17732,照豔濃時,1
17733,豔濃時蜀,1
17734,濃時蜀彩,1
17735,時蜀彩淡,1
17736,蜀彩淡搖,1
17737,彩淡搖曳,1
17738,淡搖曳吳,1
17739,搖曳吳妝,1
17740,曳吳妝低,1
17741,吳妝低怨,1
17742,妝低怨思,1
17743,低怨思王,1
17744,怨思王孫,1
17745,思王孫又,1
17746,王孫又誰,1
17747,孫又誰恨,1
17748,又誰恨惆,1
17749,誰恨惆悵,1
17750,恨惆悵下,1
17751,惆悵下山,1
17752,悵下山遲,1
17753,下山遲院,1
17754,山遲院裏,1
17755,遲院裏鶯,1
17756,院裏鶯歌,1
17757,裏鶯歌歇,1
17758,鶯歌歇牆,1
17759,歌歇牆頭,1
17760,歇牆頭蝶,1
17761,牆頭蝶舞,1
17762,頭蝶舞孤,1
17763,蝶舞孤天,1
17764,舞孤天香,1
17765,孤天香熏,1
17766,天香熏羽,1
17767,香熏羽葆,1
17768,熏羽葆宮,1
17769,羽葆宮紫,1
17770,葆宮紫暈,1
17771,宮紫暈流,1
17772,紫暈流蘇,1
17773,暈流蘇晻,1
17774,流蘇晻曖,1
17775,蘇晻曖迷,1
17776,晻曖迷青,1
17777,曖迷青瑣,1
17778,迷青瑣氤,1
17779,青瑣氤氳,1
17780,瑣氤氳向,1
17781,氤氳向畫,1
17782,氳向畫圖,1
17783,向畫圖只,1
17784,畫圖只應,1
17785,圖只應春,1
17786,只應春惜,1
17787,應春惜別,1
17788,春惜別留,1
17789,惜別留與,1
17790,別留與博,1
17791,留與博山,1
17792,與博山爐,1
17793,博山爐露,1
17794,山爐露圓,1
17795,爐露圓霞,1
17796,露圓霞赤,1
17797,圓霞赤數,1
17798,霞赤數千,1
17799,赤數千枝,1
17800,數千枝銀,1
17801,千枝銀籠,1
17802,枝銀籠誰,1
17803,銀籠誰家,1
17804,籠誰家寄,1
17805,誰家寄所,1
17806,家寄所思,1
17807,寄所思秦,1
17808,所思秦苑,1
17809,思秦苑飛,1
17810,秦苑飛禽,1
17811,苑飛禽諳,1
17812,飛禽諳熟,1
17813,禽諳熟早,1
17814,諳熟早杜,1
17815,熟早杜陵,1
17816,早杜陵遊,1
17817,杜陵遊客,1
17818,陵遊客恨,1
17819,遊客恨來,1
17820,客恨來遲,1
17821,恨來遲空,1
17822,來遲空看,1
17823,遲空看翠,1
17824,空看翠幄,1
17825,看翠幄成,1
17826,翠幄成陰,1
17827,幄成陰日,1
17828,成陰日不,1
17829,陰日不見,1
17830,日不見紅,1
17831,不見紅珠,1
17832,見紅珠滿,1
17833,紅珠滿樹,1
17834,珠滿樹時,1
17835,滿樹時盡,1
17836,樹時盡日,1
17837,時盡日徘,1
17838,盡日徘徊,1
17839,日徘徊濃,1
17840,徘徊濃影,1
17841,徊濃影下,1
17842,濃影下只,1
17843,影下只應,1
17844,下只應重,1
17845,只應重作,1
17846,應重作釣,1
17847,重作釣魚,1
17848,作釣魚期,1
17849,釣魚期彩,1
17850,魚期彩翰,1
17851,期彩翰殊,1
17852,彩翰殊翁,1
17853,翰殊翁金,1
17854,殊翁金繚,1
17855,翁金繚繞,1
17856,金繚繞一,1
17857,繚繞一千,1
17858,繞一千二,1
17859,一千二百,1
17860,千二百逃,1
17861,二百逃飛,1
17862,百逃飛鳥,1
17863,逃飛鳥尾,1
17864,飛鳥尾薪,1
17865,鳥尾薪橋,1
17866,尾薪橋下,1
17867,薪橋下未,1
17868,橋下未為,1
17869,下未為癡,1
17870,未為癡暮,1
17871,為癡暮雨,1
17872,癡暮雨朝,1
17873,暮雨朝雲,1
17874,雨朝雲世,1
17875,朝雲世間,1
17876,雲世間少,1
17877,世間少綠,1
17878,間少綠塘,1
17879,少綠塘搖,1
17880,綠塘搖灩,1
17881,塘搖灩接,1
17882,搖灩接星,1
17883,灩接星津,1
17884,接星津軋,1
17885,星津軋軋,1
17886,津軋軋蘭,1
17887,軋軋蘭橈,1
17888,軋蘭橈入,1
17889,蘭橈入白,1
17890,橈入白蘋,1
17891,入白蘋應,1
17892,白蘋應為,1
17893,蘋應為洛,1
17894,應為洛神,1
17895,為洛神波,1
17896,洛神波上,1
17897,神波上襪,1
17898,波上襪至,1
17899,上襪至今,1
17900,襪至今蓮,1
17901,至今蓮蕊,1
17902,今蓮蕊有,1
17903,蓮蕊有香,1
17904,蕊有香塵,1
17905,有香塵王,1
17906,香塵王氣,1
17907,塵王氣銷,1
17908,王氣銷來,1
17909,氣銷來水,1
17910,銷來水淼,1
17911,來水淼茫,1
17912,水淼茫豈,1
17913,淼茫豈能,1
17914,茫豈能才,1
17915,豈能才與,1
17916,能才與命,1
17917,才與命相,1
17918,與命相妨,1
17919,命相妨虛,1
17920,相妨虛開,1
17921,妨虛開直,1
17922,虛開直瀆,1
17923,開直瀆三,1
17924,直瀆三千,1
17925,瀆三千里,1
17926,三千里青,1
17927,千里青蓋,1
17928,里青蓋何,1
17929,青蓋何曾,1
17930,蓋何曾到,1
17931,何曾到洛,1
17932,曾到洛陽,1
17933,到洛陽慢,1
17934,洛陽慢笑,1
17935,陽慢笑開,1
17936,慢笑開元,1
17937,笑開元有,1
17938,開元有幸,1
17939,元有幸臣,1
17940,有幸臣直,1
17941,幸臣直教,1
17942,臣直教天,1
17943,直教天子,1
17944,教天子到,1
17945,天子到蒙,1
17946,子到蒙塵,1
17947,到蒙塵今,1
17948,蒙塵今來,1
17949,塵今來看,1
17950,今來看畫,1
17951,來看畫猶,1
17952,看畫猶如,1
17953,畫猶如此,1
17954,猶如此何,1
17955,如此何況,1
17956,此何況親,1
17957,何況親逢,1
17958,況親逢絕,1
17959,親逢絕世,1
17960,逢絕世人,1
17961,絕世人池,1
17962,世人池塘,1
17963,人池塘經,1
17964,池塘經雨,1
17965,塘經雨更,1
17966,經雨更蒼,1
17967,雨更蒼蒼,1
17968,更蒼蒼萬,1
17969,蒼蒼萬點,1
17970,蒼萬點荷,1
17971,萬點荷珠,1
17972,點荷珠曉,1
17973,荷珠曉氣,1
17974,珠曉氣涼,1
17975,曉氣涼朱,1
17976,氣涼朱瑀,1
17977,涼朱瑀空,1
17978,朱瑀空偷,1
17979,瑀空偷禦,1
17980,空偷禦溝,1
17981,偷禦溝水,1
17982,禦溝水錦,1
17983,溝水錦鱗,1
17984,水錦鱗紅,1
17985,錦鱗紅尾,1
17986,鱗紅尾屬,1
17987,紅尾屬嚴,1
17988,尾屬嚴光,1
17989,屬嚴光開,1
17990,嚴光開濟,1
17991,光開濟由,1
17992,開濟由來,1
17993,濟由來變,1
17994,由來變盛,1
17995,來變盛衰,1
17996,變盛衰五,1
17997,盛衰五車,1
17998,衰五車才,1
17999,五車才得,1
18000,車才得號,1
18001,才得號鎡,1
18002,得號鎡基,1
18003,號鎡基留,1
18004,鎡基留侯,1
18005,基留侯功,1
18006,留侯功業,1
18007,侯功業何,1
18008,功業何容,1
18009,業何容易,1
18010,何容易一,1
18011,容易一卷,1
18012,易一卷兵,1
18013,一卷兵書,1
18014,卷兵書作,1
18015,兵書作帝,1
18016,書作帝師,1
18017,作帝師翠,1
18018,帝師翠染,1
18019,師翠染冰,1
18020,翠染冰輕,1
18021,染冰輕透,1
18022,冰輕透露,1
18023,輕透露光,1
18024,透露光墮,1
18025,露光墮雲,1
18026,光墮雲孫,1
18027,墮雲孫壽,1
18028,雲孫壽有,1
18029,孫壽有餘,1
18030,壽有餘香,1
18031,有餘香只,1
18032,餘香只因,1
18033,香只因七,1
18034,只因七夕,1
18035,因七夕回,1
18036,七夕回天,1
18037,夕回天浪,1
18038,回天浪添,1
18039,天浪添作,1
18040,浪添作湘,1
18041,添作湘妃,1
18042,作湘妃淚,1
18043,湘妃淚兩,1
18044,妃淚兩行,1
18045,淚兩行神,1
18046,兩行神耀,1
18047,行神耀破,1
18048,神耀破氛,1
18049,耀破氛昏,1
18050,破氛昏新,1
18051,氛昏新陽,1
18052,昏新陽入,1
18053,新陽入晏,1
18054,陽入晏溫,1
18055,入晏溫緒,1
18056,晏溫緒風,1
18057,溫緒風調,1
18058,緒風調玉,1
18059,風調玉吹,1
18060,調玉吹端,1
18061,玉吹端日,1
18062,吹端日應,1
18063,端日應銅,1
18064,日應銅渾,1
18065,應銅渾威,1
18066,銅渾威鳳,1
18067,渾威鳳蹌,1
18068,威鳳蹌瑤,1
18069,鳳蹌瑤簴,1
18070,蹌瑤簴升,1
18071,瑤簴升龍,1
18072,簴升龍護,1
18073,升龍護璧,1
18074,龍護璧門,1
18075,護璧門雨,1
18076,璧門雨暘,1
18077,門雨暘春,1
18078,雨暘春令,1
18079,暘春令煦,1
18080,春令煦裘,1
18081,令煦裘冕,1
18082,煦裘冕晬,1
18083,裘冕晬容,1
18084,冕晬容尊,1
18085,晬容尊曉,1
18086,容尊曉覺,1
18087,尊曉覺籠,1
18088,曉覺籠煙,1
18089,覺籠煙重,1
18090,籠煙重春,1
18091,煙重春深,1
18092,重春深染,1
18093,春深染雪,1
18094,深染雪輕,1
18095,染雪輕靜,1
18096,雪輕靜應,1
18097,輕靜應留,1
18098,靜應留得,1
18099,應留得蝶,1
18100,留得蝶繁,1
18101,得蝶繁欲,1
18102,蝶繁欲不,1
18103,繁欲不勝,1
18104,欲不勝鶯,1
18105,不勝鶯影,1
18106,勝鶯影亂,1
18107,鶯影亂晨,1
18108,影亂晨飆,1
18109,亂晨飆急,1
18110,晨飆急香,1
18111,飆急香多,1
18112,急香多夜,1
18113,香多夜雨,1
18114,多夜雨晴,1
18115,夜雨晴似,1
18116,雨晴似將,1
18117,晴似將千,1
18118,似將千萬,1
18119,將千萬恨,1
18120,千萬恨西,1
18121,萬恨西北,1
18122,恨西北為,1
18123,西北為卿,1
18124,北為卿卿,1
18125,為卿卿芳,1
18126,卿卿芳蘭,1
18127,卿芳蘭無,1
18128,芳蘭無意,1
18129,蘭無意綠,1
18130,無意綠弱,1
18131,意綠弱柳,1
18132,綠弱柳何,1
18133,弱柳何窮,1
18134,柳何窮縷,1
18135,何窮縷心,1
18136,窮縷心斷,1
18137,縷心斷入,1
18138,心斷入淮,1
18139,斷入淮山,1
18140,入淮山夢,1
18141,淮山夢長,1
18142,山夢長穿,1
18143,夢長穿楚,1
18144,長穿楚雨,1
18145,穿楚雨繁,1
18146,楚雨繁花,1
18147,雨繁花如,1
18148,繁花如二,1
18149,花如二八,1
18150,如二八好,1
18151,二八好月,1
18152,八好月當,1
18153,好月當三,1
18154,月當三五,1
18155,當三五愁,1
18156,三五愁碧,1
18157,五愁碧竟,1
18158,愁碧竟平,1
18159,碧竟平皋,1
18160,竟平皋韶,1
18161,平皋韶紅,1
18162,皋韶紅換,1
18163,韶紅換幽,1
18164,紅換幽圃,1
18165,換幽圃流,1
18166,幽圃流鶯,1
18167,圃流鶯隱,1
18168,流鶯隱員,1
18169,鶯隱員樹,1
18170,隱員樹乳,1
18171,員樹乳燕,1
18172,樹乳燕喧,1
18173,乳燕喧餘,1
18174,燕喧餘哺,1
18175,喧餘哺曠,1
18176,餘哺曠望,1
18177,哺曠望戀,1
18178,曠望戀曾,1
18179,望戀曾台,1
18180,戀曾台離,1
18181,曾台離憂,1
18182,台離憂集,1
18183,離憂集環,1
18184,憂集環堵,1
18185,集環堵當,1
18186,環堵當年,1
18187,堵當年不,1
18188,當年不自,1
18189,年不自遣,1
18190,不自遣晚,1
18191,自遣晚得,1
18192,遣晚得終,1
18193,晚得終何,1
18194,得終何補,1
18195,終何補鄭,1
18196,何補鄭谷,1
18197,補鄭谷有,1
18198,鄭谷有樵,1
18199,谷有樵蘇,1
18200,有樵蘇歸,1
18201,樵蘇歸來,1
18202,蘇歸來要,1
18203,歸來要腰,1
18204,來要腰斧,1
18205,要腰斧家,1
18206,腰斧家乏,1
18207,斧家乏兩,1
18208,家乏兩千,1
18209,乏兩千萬,1
18210,兩千萬時,1
18211,千萬時當,1
18212,萬時當一,1
18213,時當一百,1
18214,當一百五,1
18215,一百五颸,1
18216,百五颸颸,1
18217,五颸颸楊,1
18218,颸颸楊柳,1
18219,颸楊柳風,1
18220,楊柳風穰,1
18221,柳風穰穰,1
18222,風穰穰櫻,1
18223,穰穰櫻桃,1
18224,穰櫻桃雨,1
18225,櫻桃雨年,1
18226,桃雨年芳,1
18227,雨年芳苦,1
18228,年芳苦沉,1
18229,芳苦沉潦,1
18230,苦沉潦心,1
18231,沉潦心事,1
18232,潦心事如,1
18233,心事如摧,1
18234,事如摧櫓,1
18235,如摧櫓金,1
18236,摧櫓金犢,1
18237,櫓金犢近,1
18238,金犢近蘭,1
18239,犢近蘭汀,1
18240,近蘭汀銅,1
18241,蘭汀銅龍,1
18242,汀銅龍接,1
18243,銅龍接花,1
18244,龍接花塢,1
18245,接花塢青,1
18246,花塢青蔥,1
18247,塢青蔥建,1
18248,青蔥建楊,1
18249,蔥建楊宅,1
18250,建楊宅隱,1
18251,楊宅隱轔,1
18252,宅隱轔端,1
18253,隱轔端門,1
18254,轔端門鼓,1
18255,端門鼓彩,1
18256,門鼓彩素,1
18257,鼓彩素拂,1
18258,彩素拂庭,1
18259,素拂庭柯,1
18260,拂庭柯輕,1
18261,庭柯輕球,1
18262,柯輕球落,1
18263,輕球落鄰,1
18264,球落鄰圃,1
18265,落鄰圃三,1
18266,鄰圃三春,1
18267,圃三春謝,1
18268,三春謝遊,1
18269,春謝遊衍,1
18270,謝遊衍一,1
18271,遊衍一笑,1
18272,衍一笑牽,1
18273,一笑牽規,1
18274,笑牽規矩,1
18275,牽規矩獨,1
18276,規矩獨有,1
18277,矩獨有恩,1
18278,獨有恩澤,1
18279,有恩澤侯,1
18280,恩澤侯歸,1
18281,澤侯歸來,1
18282,侯歸來看,1
18283,歸來看楚,1
18284,來看楚舞,1
18285,看楚舞清,1
18286,楚舞清娥,1
18287,舞清娥畫,1
18288,清娥畫扇,1
18289,娥畫扇中,1
18290,畫扇中春,1
18291,扇中春樹,1
18292,中春樹郁,1
18293,春樹郁金,1
18294,樹郁金紅,1
18295,郁金紅出,1
18296,金紅出犯,1
18297,紅出犯繁,1
18298,出犯繁花,1
18299,犯繁花露,1
18300,繁花露歸,1
18301,花露歸穿,1
18302,露歸穿弱,1
18303,歸穿弱柳,1
18304,穿弱柳風,1
18305,弱柳風馬,1
18306,柳風馬驕,1
18307,風馬驕偏,1
18308,馬驕偏避,1
18309,驕偏避幰,1
18310,偏避幰雞,1
18311,避幰雞駭,1
18312,幰雞駭乍,1
18313,雞駭乍開,1
18314,駭乍開籠,1
18315,乍開籠柘,1
18316,開籠柘彈,1
18317,籠柘彈何,1
18318,柘彈何人,1
18319,彈何人發,1
18320,何人發黃,1
18321,人發黃鸝,1
18322,發黃鸝隔,1
18323,黃鸝隔故,1
18324,鸝隔故宮,1
18325,隔故宮駘,1
18326,故宮駘蕩,1
18327,宮駘蕩清,1
18328,駘蕩清明,1
18329,蕩清明日,1
18330,清明日儲,1
18331,明日儲胥,1
18332,日儲胥小,1
18333,儲胥小苑,1
18334,胥小苑東,1
18335,小苑東舞,1
18336,苑東舞衫,1
18337,東舞衫萱,1
18338,舞衫萱草,1
18339,衫萱草綠,1
18340,萱草綠春,1
18341,草綠春鬢,1
18342,綠春鬢杏,1
18343,春鬢杏花,1
18344,鬢杏花紅,1
18345,杏花紅馬,1
18346,花紅馬轡,1
18347,紅馬轡輕,1
18348,馬轡輕銜,1
18349,轡輕銜雪,1
18350,輕銜雪車,1
18351,銜雪車衣,1
18352,雪車衣弱,1
18353,車衣弱向,1
18354,衣弱向風,1
18355,弱向風愁,1
18356,向風愁聞,1
18357,風愁聞百,1
18358,愁聞百舌,1
18359,聞百舌殘,1
18360,百舌殘睡,1
18361,舌殘睡正,1
18362,殘睡正朦,1
18363,睡正朦朧,1
18364,正朦朧三,1
18365,朦朧三月,1
18366,朧三月雪,1
18367,三月雪連,1
18368,月雪連夜,1
18369,雪連夜未,1
18370,連夜未應,1
18371,夜未應傷,1
18372,未應傷物,1
18373,應傷物華,1
18374,傷物華只,1
18375,物華只緣,1
18376,華只緣春,1
18377,只緣春欲,1
18378,緣春欲盡,1
18379,春欲盡留,1
18380,欲盡留著,1
18381,盡留著伴,1
18382,留著伴梨,1
18383,著伴梨花,1
18384,伴梨花宜,1
18385,梨花宜春,1
18386,花宜春苑,1
18387,春水赤闌,1
18388,水赤闌橋,1
18389,赤闌橋南,1
18390,闌橋南內,1
18391,東禦路旁,1
18392,禦路旁預,1
18393,路旁預知,1
18394,旁預知春,1
18395,情思何是,1
18396,思何是情,1
18397,何是情人,1
18398,是情人最,1
18399,雨半拂闌,1
18400,半拂闌幹,1
18401,拂闌幹半,1
18402,闌幹半入,1
18403,景陽樓畔,1
18404,陽樓畔千,1
18405,樓畔千條,1
18406,畔千條露,1
18407,未覺春齊,1
18408,覺春齊馬,1
18409,春齊馬馳,1
18410,齊馬馳千,1
18411,馬馳千駟,1
18412,馳千駟盧,1
18413,千駟盧姬,1
18414,駟盧姬逞,1
18415,盧姬逞十,1
18416,姬逞十三,1
18417,逞十三玳,1
18418,十三玳筵,1
18419,三玳筵方,1
18420,玳筵方喜,1
18421,筵方喜睞,1
18422,方喜睞金,1
18423,喜睞金勒,1
18424,睞金勒自,1
18425,金勒自墮,1
18426,勒自墮珥,1
18427,自墮珥情,1
18428,墮珥情初,1
18429,珥情初洽,1
18430,情初洽鳴,1
18431,初洽鳴鞭,1
18432,洽鳴鞭戰,1
18433,鳴鞭戰未,1
18434,鞭戰未酣,1
18435,戰未酣神,1
18436,未酣神交,1
18437,酣神交花,1
18438,神交花冉,1
18439,交花冉冉,1
18440,花冉冉眉,1
18441,冉冉眉語,1
18442,冉眉語柳,1
18443,眉語柳毿,1
18444,語柳毿毿,1
18445,柳毿毿卻,1
18446,毿毿卻略,1
18447,毿卻略青,1
18448,卻略青鸞,1
18449,略青鸞鏡,1
18450,青鸞鏡翹,1
18451,鸞鏡翹翻,1
18452,鏡翹翻翠,1
18453,翹翻翠鳳,1
18454,翻翠鳳篸,1
18455,翠鳳篸專,1
18456,鳳篸專城,1
18457,篸專城有,1
18458,專城有佳,1
18459,城有佳對,1
18460,有佳對寧,1
18461,佳對寧肯,1
18462,對寧肯顧,1
18463,寧肯顧春,1
18464,肯顧春蠶,1
18465,顧春蠶吳,1
18466,春蠶吳國,1
18467,蠶吳國初,1
18468,吳國初成,1
18469,國初成陣,1
18470,初成陣王,1
18471,成陣王家,1
18472,陣王家欲,1
18473,王家欲解,1
18474,家欲解圍,1
18475,欲解圍拂,1
18476,解圍拂巾,1
18477,圍拂巾雙,1
18478,拂巾雙雉,1
18479,巾雙雉叫,1
18480,雙雉叫飄,1
18481,雉叫飄瓦,1
18482,叫飄瓦兩,1
18483,飄瓦兩鴛,1
18484,瓦兩鴛飛,1
18485,兩鴛飛一,1
18486,鴛飛一尺,1
18487,飛一尺深,1
18488,一尺深紅,1
18489,尺深紅勝,1
18490,深紅勝曲,1
18491,紅勝曲塵,1
18492,勝曲塵天,1
18493,曲塵天生,1
18494,塵天生舊,1
18495,天生舊物,1
18496,生舊物不,1
18497,舊物不如,1
18498,物不如新,1
18499,不如新合,1
18500,如新合歡,1
18501,新合歡桃,1
18502,合歡桃核,1
18503,歡桃核終,1
18504,桃核終堪,1
18505,核終堪恨,1
18506,終堪恨裏,1
18507,堪恨裏許,1
18508,恨裏許元,1
18509,裏許元來,1
18510,許元來別,1
18511,元來別有,1
18512,來別有人,1
18513,別有人井,1
18514,有人井底,1
18515,人井底點,1
18516,井底點燈,1
18517,底點燈深,1
18518,點燈深燭,1
18519,燈深燭伊,1
18520,深燭伊共,1
18521,燭伊共郎,1
18522,伊共郎長,1
18523,共郎長行,1
18524,郎長行莫,1
18525,長行莫圍,1
18526,行莫圍棋,1
18527,莫圍棋玲,1
18528,圍棋玲瓏,1
18529,棋玲瓏骰,1
18530,玲瓏骰子,1
18531,瓏骰子安,1
18532,骰子安紅,1
18533,子安紅豆,1
18534,安紅豆入,1
18535,紅豆入骨,1
18536,豆入骨相,1
18537,入骨相思,1
18538,骨相思知,1
18539,相思知不,1
18540,思知不知,1
18541,知不知蒿,1
18542,不知蒿棘,1
18543,知蒿棘深,1
18544,蒿棘深春,1
18545,棘深春衛,1
18546,深春衛國,1
18547,春衛國門,1
18548,衛國門九,1
18549,國門九年,1
18550,門九年於,1
18551,九年於此,1
18552,年於此盜,1
18553,於此盜乾,1
18554,此盜乾坤,1
18555,盜乾坤兩,1
18556,乾坤兩行,1
18557,坤兩行密,1
18558,兩行密疏,1
18559,行密疏傾,1
18560,密疏傾天,1
18561,疏傾天下,1
18562,傾天下一,1
18563,天下一夜,1
18564,下一夜陰,1
18565,一夜陰謀,1
18566,夜陰謀達,1
18567,陰謀達至,1
18568,謀達至尊,1
18569,達至尊肉,1
18570,至尊肉視,1
18571,尊肉視具,1
18572,肉視具僚,1
18573,視具僚忘,1
18574,具僚忘匕,1
18575,僚忘匕箸,1
18576,忘匕箸氣,1
18577,匕箸氣吞,1
18578,箸氣吞同,1
18579,氣吞同列,1
18580,吞同列削,1
18581,同列削寒,1
18582,列削寒溫,1
18583,削寒溫當,1
18584,寒溫當時,1
18585,溫當時誰,1
18586,當時誰是,1
18587,時誰是承,1
18588,誰是承恩,1
18589,是承恩者,1
18590,承恩者肯,1
18591,恩者肯有,1
18592,者肯有餘,1
18593,肯有餘波,1
18594,有餘波達,1
18595,餘波達鬼,1
18596,波達鬼村,1
18597,達鬼村勢,1
18598,鬼村勢欲,1
18599,村勢欲淩,1
18600,勢欲淩雲,1
18601,欲淩雲威,1
18602,淩雲威觸,1
18603,雲威觸天,1
18604,威觸天權,1
18605,觸天權傾,1
18606,天權傾諸,1
18607,權傾諸夏,1
18608,傾諸夏力,1
18609,諸夏力排,1
18610,夏力排山,1
18611,力排山三,1
18612,排山三年,1
18613,山三年驥,1
18614,三年驥尾,1
18615,年驥尾有,1
18616,驥尾有人,1
18617,尾有人附,1
18618,有人附一,1
18619,人附一日,1
18620,附一日龍,1
18621,一日龍須,1
18622,日龍須無,1
18623,龍須無路,1
18624,須無路攀,1
18625,無路攀畫,1
18626,路攀畫合,1
18627,攀畫合不,1
18628,畫合不開,1
18629,合不開梁,1
18630,不開梁燕,1
18631,開梁燕去,1
18632,梁燕去朱,1
18633,燕去朱門,1
18634,去朱門罷,1
18635,朱門罷掃,1
18636,門罷掃乳,1
18637,罷掃乳鴉,1
18638,掃乳鴉還,1
18639,乳鴉還千,1
18640,鴉還千岩,1
18641,還千岩萬,1
18642,千岩萬壑,1
18643,岩萬壑應,1
18644,萬壑應惆,1
18645,壑應惆悵,1
18646,應惆悵流,1
18647,惆悵流水,1
18648,悵流水斜,1
18649,流水斜傾,1
18650,水斜傾出,1
18651,斜傾出武,1
18652,傾出武關,1
18653,出武關風,1
18654,武關風帶,1
18655,關風帶巢,1
18656,風帶巢熊,1
18657,帶巢熊拗,1
18658,巢熊拗樹,1
18659,熊拗樹聲,1
18660,拗樹聲老,1
18661,樹聲老僧,1
18662,聲老僧相,1
18663,老僧相引,1
18664,僧相引入,1
18665,相引入雲,1
18666,引入雲行,1
18667,入雲行半,1
18668,雲行半坡,1
18669,行半坡新,1
18670,半坡新路,1
18671,坡新路畬,1
18672,新路畬才,1
18673,路畬才了,1
18674,畬才了一,1
18675,才了一穀,1
18676,了一穀寒,1
18677,一穀寒煙,1
18678,穀寒煙燒,1
18679,寒煙燒不,1
18680,煙燒不成,1
18681,燒不成閑,1
18682,不成閑對,1
18683,成閑對楸,1
18684,閑對楸枰,1
18685,對楸枰傾,1
18686,楸枰傾一,1
18687,枰傾一壺,1
18688,傾一壺黃,1
18689,一壺黃華,1
18690,壺黃華坪,1
18691,黃華坪上,1
18692,華坪上幾,1
18693,坪上幾成,1
18694,上幾成盧,1
18695,幾成盧他,1
18696,成盧他時,1
18697,盧他時謁,1
18698,他時謁帝,1
18699,時謁帝銅,1
18700,謁帝銅龍,1
18701,帝銅龍水,1
18702,銅龍水便,1
18703,龍水便賭,1
18704,水便賭宣,1
18705,便賭宣城,1
18706,賭宣城太,1
18707,宣城太守,1
18708,城太守無,1
18709,太守無春,1
18710,守無春水,1
18711,無春水碧,1
18712,春水碧於,1
18713,水碧於天,1
18714,碧於天畫,1
18715,於天畫船,1
18716,天畫船聽,1
18717,畫船聽雨,1
18718,船聽雨眠,1
18719,聽雨眠綠,1
18720,雨眠綠樹,1
18721,眠綠樹繞,1
18722,綠樹繞村,1
18723,樹繞村含,1
18724,繞村含細,1
18725,村含細雨,1
18726,含細雨寒,1
18727,細雨寒潮,1
18728,雨寒潮背,1
18729,寒潮背郭,1
18730,潮背郭卷,1
18731,背郭卷平,1
18732,郭卷平沙,1
18733,卷平沙送,1
18734,平沙送人,1
18735,沙送人見,1
18736,送人見詩,1
18737,人見詩人,1
18738,見詩人玉,1
18739,詩人玉屑,1
18740,人玉屑自,1
18741,玉屑自從,1
18742,屑自從元,1
18743,自從元老,1
18744,從元老登,1
18745,元老登庸,1
18746,老登庸後,1
18747,登庸後天,1
18748,庸後天下,1
18749,後天下諸,1
18750,天下諸胡,1
18751,下諸胡悉,1
18752,諸胡悉帶,1
18753,胡悉帶鈴,1
18754,悉帶鈴手,1
18755,帶鈴手裏,1
18756,鈴手裏金,1
18757,手裏金鸚,1
18758,裏金鸚鵡,1
18759,金鸚鵡胸,1
18760,鸚鵡胸前,1
18761,鵡胸前繡,1
18762,胸前繡鳳,1
18763,前繡鳳凰,1
18764,繡鳳凰偷,1
18765,鳳凰偷眼,1
18766,凰偷眼暗,1
18767,偷眼暗形,1
18768,眼暗形相,1
18769,暗形相不,1
18770,形相不如,1
18771,相不如從,1
18772,不如從嫁,1
18773,如從嫁與,1
18774,從嫁與作,1
18775,嫁與作鴛,1
18776,與作鴛鴦,1
18777,作鴛鴦似,1
18778,鴛鴦似帶,1
18779,鴦似帶如,1
18780,似帶如絲,1
18781,帶如絲柳,1
18782,如絲柳團,1
18783,絲柳團酥,1
18784,柳團酥握,1
18785,團酥握雪,1
18786,酥握雪花,1
18787,握雪花簾,1
18788,雪花簾卷,1
18789,花簾卷玉,1
18790,簾卷玉鉤,1
18791,卷玉鉤斜,1
18792,玉鉤斜九,1
18793,鉤斜九衢,1
18794,斜九衢塵,1
18795,九衢塵欲,1
18796,衢塵欲暮,1
18797,塵欲暮逐,1
18798,欲暮逐香,1
18799,暮逐香車,1
18800,逐香車倭,1
18801,香車倭墮,1
18802,車倭墮低,1
18803,倭墮低梳,1
18804,墮低梳髻,1
18805,低梳髻連,1
18806,梳髻連娟,1
18807,髻連娟細,1
18808,連娟細掃,1
18809,娟細掃眉,1
18810,細掃眉終,1
18811,掃眉終日,1
18812,眉終日兩,1
18813,終日兩相,1
18814,日兩相思,1
18815,兩相思為,1
18816,相思為君,1
18817,思為君憔,1
18818,為君憔悴,1
18819,君憔悴盡,1
18820,憔悴盡百,1
18821,悴盡百花,1
18822,盡百花時,1
18823,百花時臉,1
18824,花時臉上,1
18825,時臉上金,1
18826,臉上金霞,1
18827,上金霞細,1
18828,金霞細眉,1
18829,霞細眉間,1
18830,細眉間翠,1
18831,眉間翠鈿,1
18832,間翠鈿深,1
18833,翠鈿深欹,1
18834,鈿深欹枕,1
18835,深欹枕覆,1
18836,欹枕覆鴛,1
18837,枕覆鴛衾,1
18838,覆鴛衾隔,1
18839,鴛衾隔簾,1
18840,衾隔簾鶯,1
18841,隔簾鶯百,1
18842,簾鶯百轉,1
18843,鶯百轉感,1
18844,百轉感君,1
18845,轉感君心,1
18846,感君心撲,1
18847,君心撲蕊,1
18848,心撲蕊添,1
18849,撲蕊添黃,1
18850,蕊添黃子,1
18851,添黃子呵,1
18852,黃子呵花,1
18853,子呵花滿,1
18854,呵花滿翠,1
18855,花滿翠鬟,1
18856,滿翠鬟鴛,1
18857,翠鬟鴛枕,1
18858,鬟鴛枕映,1
18859,鴛枕映屏,1
18860,枕映屏山,1
18861,映屏山月,1
18862,屏山月明,1
18863,山月明三,1
18864,明三五夜,1
18865,三五夜對,1
18866,五夜對芳,1
18867,夜對芳顏,1
18868,對芳顏轉,1
18869,芳顏轉盼,1
18870,顏轉盼如,1
18871,轉盼如波,1
18872,盼如波眼,1
18873,如波眼娉,1
18874,波眼娉婷,1
18875,眼娉婷似,1
18876,娉婷似柳,1
18877,婷似柳腰,1
18878,似柳腰花,1
18879,柳腰花裏,1
18880,腰花裏暗,1
18881,花裏暗相,1
18882,裏暗相招,1
18883,暗相招憶,1
18884,相招憶君,1
18885,招憶君腸,1
18886,憶君腸欲,1
18887,君腸欲斷,1
18888,腸欲斷恨,1
18889,欲斷恨春,1
18890,斷恨春宵,1
18891,恨春宵懶,1
18892,春宵懶拂,1
18893,宵懶拂鴛,1
18894,懶拂鴛鴦,1
18895,拂鴛鴦枕,1
18896,鴛鴦枕休,1
18897,鴦枕休縫,1
18898,枕休縫翡,1
18899,休縫翡翠,1
18900,縫翡翠裙,1
18901,翡翠裙羅,1
18902,翠裙羅帳,1
18903,裙羅帳罷,1
18904,羅帳罷爐,1
18905,帳罷爐熏,1
18906,罷爐熏近,1
18907,爐熏近來,1
18908,熏近來心,1
18909,近來心更,1
18910,來心更切,1
18911,心更切為,1
18912,更切為思,1
18913,切為思君,1
18914,為思君一,1
18915,思君一點,1
18916,君一點露,1
18917,一點露珠,1
18918,點露珠凝,1
18919,露珠凝冷,1
18920,珠凝冷波,1
18921,凝冷波影,1
18922,冷波影滿,1
18923,波影滿池,1
18924,影滿池塘,1
18925,滿池塘綠,1
18926,池塘綠莖,1
18927,塘綠莖紅,1
18928,綠莖紅豔,1
18929,莖紅豔兩,1
18930,紅豔兩相,1
18931,豔兩相亂,1
18932,兩相亂腸,1
18933,相亂腸斷,1
18934,亂腸斷水,1
18935,腸斷水風,1
18936,斷水風涼,1
18937,水風涼鏡,1
18938,風涼鏡水,1
18939,涼鏡水夜,1
18940,鏡水夜來,1
18941,水夜來秋,1
18942,夜來秋月,1
18943,來秋月如,1
18944,秋月如雪,1
18945,月如雪採,1
18946,如雪採蓮,1
18947,雪採蓮時,1
18948,採蓮時小,1
18949,蓮時小娘,1
18950,時小娘紅,1
18951,小娘紅粉,1
18952,娘紅粉對,1
18953,紅粉對寒,1
18954,粉對寒浪,1
18955,對寒浪惆,1
18956,寒浪惆悵,1
18957,浪惆悵正,1
18958,惆悵正思,1
18959,悵正思惟,1
18960,正思惟楚,1
18961,思惟楚女,1
18962,惟楚女欲,1
18963,楚女欲歸,1
18964,女欲歸南,1
18965,欲歸南浦,1
18966,歸南浦朝,1
18967,南浦朝雨,1
18968,浦朝雨濕,1
18969,朝雨濕愁,1
18970,雨濕愁紅,1
18971,濕愁紅小,1
18972,愁紅小船,1
18973,紅小船搖,1
18974,小船搖漾,1
18975,船搖漾入,1
18976,搖漾入花,1
18977,漾入花裏,1
18978,入花裏波,1
18979,花裏波起,1
18980,裏波起隔,1
18981,波起隔西,1
18982,起隔西風,1
18983,隔西風千,1
18984,西風千萬,1
18985,風千萬恨,1
18986,千萬恨恨,1
18987,萬恨恨極,1
18988,恨恨極在,1
18989,恨極在天,1
18990,極在天涯,1
18991,在天涯山,1
18992,天涯山月,1
18993,涯山月不,1
18994,山月不知,1
18995,月不知心,1
18996,不知心裏,1
18997,知心裏事,1
18998,心裏事水,1
18999,裏事水風,1
19000,事水風空,1
19001,水風空落,1
19002,風空落眼,1
19003,空落眼前,1
19004,落眼前花,1
19005,眼前花搖,1
19006,前花搖曳,1
19007,花搖曳碧,1
19008,搖曳碧雲,1
19009,曳碧雲斜,1
19010,碧雲斜梳,1
19011,雲斜梳洗,1
19012,斜梳洗罷,1
19013,梳洗罷獨,1
19014,洗罷獨倚,1
19015,罷獨倚望,1
19016,獨倚望江,1
19017,倚望江樓,1
19018,望江樓過,1
19019,江樓過盡,1
19020,樓過盡千,1
19021,過盡千帆,1
19022,盡千帆皆,1
19023,千帆皆不,1
19024,帆皆不是,1
19025,皆不是斜,1
19026,不是斜暉,1
19027,是斜暉脈,1
19028,斜暉脈脈,1
19029,暉脈脈水,1
19030,脈脈水悠,1
19031,脈水悠悠,1
19032,水悠悠腸,1
19033,悠悠腸斷,1
19034,悠腸斷白,1
19035,腸斷白蘋,1
19036,斷白蘋洲,1
19037,白蘋洲萬,1
19038,蘋洲萬枝,1
19039,洲萬枝香,1
19040,萬枝香雪,1
19041,枝香雪開,1
19042,香雪開已,1
19043,雪開已遍,1
19044,開已遍細,1
19045,已遍細雨,1
19046,遍細雨雙,1
19047,細雨雙燕,1
19048,雨雙燕鈿,1
19049,雙燕鈿蟬,1
19050,燕鈿蟬箏,1
19051,鈿蟬箏金,1
19052,蟬箏金雀,1
19053,箏金雀扇,1
19054,金雀扇畫,1
19055,雀扇畫梁,1
19056,扇畫梁相,1
19057,畫梁相見,1
19058,梁相見雁,1
19059,相見雁門,1
19060,見雁門消,1
19061,雁門消息,1
19062,門消息不,1
19063,消息不歸,1
19064,息不歸來,1
19065,不歸來又,1
19066,歸來又飛,1
19067,來又飛回,1
19068,又飛回磧,1
19069,飛回磧南,1
19070,回磧南沙,1
19071,磧南沙上,1
19072,南沙上驚,1
19073,沙上驚雁,1
19074,上驚雁起,1
19075,驚雁起飛,1
19076,雁起飛雪,1
19077,起飛雪千,1
19078,飛雪千里,1
19079,雪千里玉,1
19080,千里玉連,1
19081,里玉連環,1
19082,玉連環金,1
19083,連環金鏃,1
19084,環金鏃箭,1
19085,金鏃箭年,1
19086,鏃箭年年,1
19087,箭年年征,1
19088,年年征戰,1
19089,年征戰畫,1
19090,征戰畫樓,1
19091,戰畫樓離,1
19092,畫樓離恨,1
19093,樓離恨錦,1
19094,離恨錦屏,1
19095,恨錦屏空,1
19096,錦屏空杏,1
19097,屏空杏花,1
19098,空杏花紅,1
19099,杏花紅憑,1
19100,花紅憑繡,1
19101,紅憑繡檻,1
19102,憑繡檻解,1
19103,繡檻解羅,1
19104,檻解羅幃,1
19105,解羅幃未,1
19106,羅幃未得,1
19107,幃未得君,1
19108,未得君書,1
19109,得君書斷,1
19110,君書斷腸,1
19111,書斷腸瀟,1
19112,斷腸瀟湘,1
19113,腸瀟湘春,1
19114,瀟湘春雁,1
19115,湘春雁飛,1
19116,春雁飛不,1
19117,雁飛不知,1
19118,飛不知征,1
19119,不知征馬,1
19120,知征馬幾,1
19121,征馬幾時,1
19122,馬幾時歸,1
19123,幾時歸海,1
19124,時歸海棠,1
19125,歸海棠花,1
19126,海棠花謝,1
19127,棠花謝也,1
19128,花謝也雨,1
19129,謝也雨霏,1
19130,也雨霏霏,1
19131,雨霏霏花,1
19132,霏霏花半,1
19133,霏花半拆,1
19134,花半拆雨,1
19135,半拆雨初,1
19136,拆雨初晴,1
19137,雨初晴未,1
19138,初晴未卷,1
19139,晴未卷珠,1
19140,未卷珠簾,1
19141,卷珠簾夢,1
19142,珠簾夢殘,1
19143,簾夢殘惆,1
19144,夢殘惆悵,1
19145,殘惆悵聞,1
19146,惆悵聞曉,1
19147,悵聞曉鶯,1
19148,聞曉鶯宿,1
19149,曉鶯宿妝,1
19150,鶯宿妝眉,1
19151,宿妝眉淺,1
19152,妝眉淺粉,1
19153,眉淺粉山,1
19154,淺粉山橫,1
19155,粉山橫約,1
19156,山橫約鬟,1
19157,橫約鬟鸞,1
19158,約鬟鸞鏡,1
19159,鬟鸞鏡裏,1
19160,鸞鏡裏繡,1
19161,鏡裏繡羅,1
19162,裏繡羅輕,1
19163,繡羅輕鶯,1
19164,羅輕鶯語,1
19165,輕鶯語花,1
19166,鶯語花舞,1
19167,語花舞春,1
19168,花舞春晝,1
19169,舞春晝午,1
19170,春晝午雨,1
19171,晝午雨霏,1
19172,午雨霏微,1
19173,雨霏微金,1
19174,霏微金帶,1
19175,微金帶枕,1
19176,金帶枕宮,1
19177,帶枕宮錦,1
19178,枕宮錦鳳,1
19179,宮錦鳳凰,1
19180,錦鳳凰帷,1
19181,鳳凰帷柳,1
19182,凰帷柳弱,1
19183,帷柳弱燕,1
19184,柳弱燕交,1
19185,弱燕交飛,1
19186,燕交飛依,1
19187,交飛依依,1
19188,飛依依遼,1
19189,依依遼陽,1
19190,依遼陽音,1
19191,遼陽音信,1
19192,陽音信稀,1
19193,音信稀夢,1
19194,信稀夢中,1
19195,稀夢中歸,1
19196,夢中歸漢,1
19197,中歸漢使,1
19198,歸漢使昔,1
19199,漢使昔年,1
19200,使昔年離,1
19201,昔年離別,1
19202,年離別攀,1
19203,離別攀弱,1
19204,別攀弱柳,1
19205,攀弱柳折,1
19206,弱柳折寒,1
19207,柳折寒梅,1
19208,折寒梅上,1
19209,寒梅上高,1
19210,梅上高臺,1
19211,上高臺千,1
19212,高臺千里,1
19213,臺千里玉,1
19214,千里玉關,1
19215,里玉關春,1
19216,玉關春雪,1
19217,關春雪雁,1
19218,春雪雁來,1
19219,雪雁來人,1
19220,雁來人不,1
19221,來人不來,1
19222,人不來羌,1
19223,不來羌笛,1
19224,來羌笛一,1
19225,羌笛一聲,1
19226,笛一聲愁,1
19227,一聲愁絕,1
19228,聲愁絕月,1
19229,愁絕月裴,1
19230,絕月裴回,1
19231,月裴回海,1
19232,裴回海燕,1
19233,回海燕欲,1
19234,海燕欲飛,1
19235,燕欲飛調,1
19236,欲飛調羽,1
19237,飛調羽萱,1
19238,調羽萱草,1
19239,羽萱草綠,1
19240,萱草綠杏,1
19241,草綠杏花,1
19242,綠杏花紅,1
19243,杏花紅隔,1
19244,花紅隔簾,1
19245,紅隔簾櫳,1
19246,隔簾櫳雙,1
19247,簾櫳雙鬢,1
19248,櫳雙鬢翠,1
19249,雙鬢翠霞,1
19250,鬢翠霞金,1
19251,翠霞金縷,1
19252,霞金縷一,1
19253,金縷一枝,1
19254,縷一枝春,1
19255,一枝春豔,1
19256,枝春豔濃,1
19257,春豔濃樓,1
19258,豔濃樓上,1
19259,濃樓上月,1
19260,樓上月明,1
19261,上月明三,1
19262,明三五瑣,1
19263,三五瑣窗,1
19264,五瑣窗中,1
19265,瑣窗中細,1
19266,窗中細雨,1
19267,中細雨曉,1
19268,細雨曉鶯,1
19269,雨曉鶯春,1
19270,曉鶯春晚,1
19271,鶯春晚人,1
19272,春晚人似,1
19273,晚人似玉,1
19274,人似玉柳,1
19275,似玉柳如,1
19276,玉柳如眉,1
19277,柳如眉正,1
19278,如眉正相,1
19279,眉正相思,1
19280,正相思羅,1
19281,相思羅幕,1
19282,思羅幕翠,1
19283,羅幕翠簾,1
19284,幕翠簾初,1
19285,翠簾初卷,1
19286,簾初卷鏡,1
19287,初卷鏡中,1
19288,卷鏡中花,1
19289,鏡中花一,1
19290,中花一枝,1
19291,花一枝腸,1
19292,一枝腸斷,1
19293,枝腸斷塞,1
19294,腸斷塞門,1
19295,斷塞門消,1
19296,塞門消息,1
19297,門消息雁,1
19298,消息雁來,1
19299,息雁來稀,1
19300,雁來稀花,1
19301,來稀花花,1
19302,稀花花滿,1
19303,花花滿枝,1
19304,花滿枝紅,1
19305,滿枝紅似,1
19306,枝紅似霞,1
19307,紅似霞羅,1
19308,似霞羅袖,1
19309,霞羅袖畫,1
19310,羅袖畫簾,1
19311,袖畫簾腸,1
19312,畫簾腸斷,1
19313,簾腸斷卓,1
19314,腸斷卓香,1
19315,斷卓香車,1
19316,卓香車回,1
19317,香車回面,1
19318,車回面共,1
19319,回面共人,1
19320,面共人閑,1
19321,共人閑語,1
19322,人閑語戰,1
19323,閑語戰篦,1
19324,語戰篦金,1
19325,戰篦金鳳,1
19326,篦金鳳斜,1
19327,金鳳斜惟,1
19328,鳳斜惟有,1
19329,斜惟有阮,1
19330,惟有阮郎,1
19331,有阮郎春,1
19332,阮郎春盡,1
19333,郎春盡不,1
19334,春盡不歸,1
19335,盡不歸家,1
19336,不歸家花,1
19337,歸家花映,1
19338,家花映柳,1
19339,花映柳條,1
19340,映柳條閑,1
19341,柳條閑向,1
19342,條閑向綠,1
19343,閑向綠萍,1
19344,向綠萍池,1
19345,萍池上憑,1
19346,池上憑欄,1
19347,上憑欄幹,1
19348,憑欄幹窺,1
19349,欄幹窺細,1
19350,幹窺細浪,1
19351,窺細浪雨,1
19352,細浪雨蕭,1
19353,浪雨蕭蕭,1
19354,雨蕭蕭近,1
19355,蕭蕭近來,1
19356,蕭近來音,1
19357,近來音信,1
19358,來音信兩,1
19359,音信兩疏,1
19360,信兩疏索,1
19361,兩疏索洞,1
19362,疏索洞房,1
19363,索洞房空,1
19364,洞房空寂,1
19365,房空寂寞,1
19366,空寂寞掩,1
19367,寂寞掩銀,1
19368,寞掩銀屏,1
19369,掩銀屏垂,1
19370,銀屏垂翠,1
19371,屏垂翠箔,1
19372,垂翠箔度,1
19373,翠箔度春,1
19374,箔度春宵,1
19375,度春宵日,1
19376,春宵日映,1
19377,宵日映紗,1
19378,日映紗窗,1
19379,映紗窗金,1
19380,紗窗金鴨,1
19381,窗金鴨小,1
19382,金鴨小屏,1
19383,鴨小屏山,1
19384,小屏山碧,1
19385,屏山碧故,1
19386,山碧故鄉,1
19387,碧故鄉春,1
19388,故鄉春煙,1
19389,鄉春煙靄,1
19390,春煙靄隔,1
19391,煙靄隔背,1
19392,靄隔背蘭,1
19393,隔背蘭釭,1
19394,背蘭釭宿,1
19395,蘭釭宿妝,1
19396,釭宿妝惆,1
19397,宿妝惆悵,1
19398,妝惆悵倚,1
19399,惆悵倚高,1
19400,悵倚高閣,1
19401,倚高閣千,1
19402,高閣千里,1
19403,閣千里雲,1
19404,千里雲影,1
19405,里雲影薄,1
19406,雲影薄草,1
19407,影薄草初,1
19408,薄草初齊,1
19409,草初齊花,1
19410,初齊花又,1
19411,齊花又落,1
19412,花又落燕,1
19413,又落燕雙,1
19414,落燕雙飛,1
19415,燕雙飛楚,1
19416,雙飛楚女,1
19417,飛楚女不,1
19418,楚女不歸,1
19419,女不歸樓,1
19420,不歸樓枕,1
19421,歸樓枕小,1
19422,樓枕小河,1
19423,枕小河春,1
19424,小河春水,1
19425,河春水月,1
19426,春水月孤,1
19427,水月孤明,1
19428,月孤明風,1
19429,孤明風又,1
19430,明風又起,1
19431,風又起杏,1
19432,又起杏花,1
19433,起杏花稀,1
19434,杏花稀玉,1
19435,花稀玉釵,1
19436,稀玉釵斜,1
19437,玉釵斜篸,1
19438,釵斜篸雲,1
19439,斜篸雲鬟,1
19440,篸雲鬟重,1
19441,雲鬟重裙,1
19442,鬟重裙上,1
19443,重裙上金,1
19444,裙上金縷,1
19445,上金縷鳳,1
19446,金縷鳳八,1
19447,縷鳳八行,1
19448,鳳八行書,1
19449,八行書千,1
19450,行書千里,1
19451,書千里夢,1
19452,千里夢雁,1
19453,里夢雁南,1
19454,夢雁南飛,1
19455,雁南飛羅,1
19456,南飛羅帶,1
19457,飛羅帶惹,1
19458,羅帶惹香,1
19459,帶惹香猶,1
19460,惹香猶系,1
19461,香猶系別,1
19462,猶系別時,1
19463,系別時紅,1
19464,別時紅豆,1
19465,時紅豆淚,1
19466,紅豆淚痕,1
19467,豆淚痕新,1
19468,淚痕新金,1
19469,痕新金縷,1
19470,新金縷舊,1
19471,金縷舊斷,1
19472,縷舊斷離,1
19473,舊斷離腸,1
19474,斷離腸一,1
19475,離腸一雙,1
19476,腸一雙嬌,1
19477,一雙嬌燕,1
19478,雙嬌燕語,1
19479,嬌燕語雕,1
19480,燕語雕梁,1
19481,語雕梁還,1
19482,雕梁還是,1
19483,梁還是去,1
19484,還是去年,1
19485,是去年時,1
19486,去年時節,1
19487,年時節綠,1
19488,時節綠楊,1
19489,節綠楊濃,1
19490,綠楊濃芳,1
19491,楊濃芳草,1
19492,濃芳草歇,1
19493,芳草歇柳,1
19494,草歇柳花,1
19495,歇柳花狂,1
19496,柳花狂秋,1
19497,花狂秋風,1
19498,狂秋風淒,1
19499,秋風淒切,1
19500,風淒切傷,1
19501,淒切傷離,1
19502,切傷離行,1
19503,傷離行客,1
19504,離行客未,1
19505,行客未歸,1
19506,客未歸時,1
19507,未歸時塞,1
19508,歸時塞外,1
19509,時塞外草,1
19510,塞外草先,1
19511,外草先衰,1
19512,草先衰江,1
19513,先衰江南,1
19514,衰江南雁,1
19515,江南雁到,1
19516,南雁到遲,1
19517,雁到遲芙,1
19518,到遲芙蓉,1
19519,遲芙蓉凋,1
19520,芙蓉凋嫩,1
19521,蓉凋嫩臉,1
19522,凋嫩臉楊,1
19523,嫩臉楊柳,1
19524,臉楊柳墮,1
19525,楊柳墮新,1
19526,柳墮新眉,1
19527,墮新眉搖,1
19528,新眉搖落,1
19529,眉搖落使,1
19530,搖落使人,1
19531,落使人悲,1
19532,使人悲斷,1
19533,人悲斷腸,1
19534,悲斷腸誰,1
19535,斷腸誰得,1
19536,腸誰得知,1
19537,誰得知含,1
19538,得知含嬌,1
19539,知含嬌含,1
19540,含嬌含笑,1
19541,嬌含笑宿,1
19542,含笑宿翠,1
19543,笑宿翠殘,1
19544,宿翠殘紅,1
19545,翠殘紅窈,1
19546,殘紅窈窕,1
19547,紅窈窕鬢,1
19548,窈窕鬢如,1
19549,窕鬢如蟬,1
19550,鬢如蟬寒,1
19551,如蟬寒玉,1
19552,蟬寒玉簪,1
19553,寒玉簪秋,1
19554,玉簪秋水,1
19555,簪秋水輕,1
19556,秋水輕紗,1
19557,水輕紗卷,1
19558,輕紗卷碧,1
19559,紗卷碧煙,1
19560,卷碧煙雪,1
19561,碧煙雪胸,1
19562,煙雪胸鸞,1
19563,雪胸鸞鏡,1
19564,胸鸞鏡裏,1
19565,鸞鏡裏琪,1
19566,鏡裏琪樹,1
19567,裏琪樹鳳,1
19568,琪樹鳳樓,1
19569,樹鳳樓前,1
19570,鳳樓前寄,1
19571,樓前寄語,1
19572,前寄語青,1
19573,寄語青娥,1
19574,語青娥伴,1
19575,青娥伴早,1
19576,娥伴早求,1
19577,伴早求仙,1
19578,早求仙霞,1
19579,求仙霞帔,1
19580,仙霞帔雲,1
19581,霞帔雲發,1
19582,帔雲發鈿,1
19583,雲發鈿鏡,1
19584,發鈿鏡仙,1
19585,鈿鏡仙容,1
19586,鏡仙容似,1
19587,仙容似雪,1
19588,容似雪畫,1
19589,似雪畫愁,1
19590,雪畫愁眉,1
19591,畫愁眉遮,1
19592,愁眉遮語,1
19593,眉遮語回,1
19594,遮語回輕,1
19595,語回輕扇,1
19596,回輕扇含,1
19597,輕扇含羞,1
19598,扇含羞下,1
19599,含羞下繡,1
19600,羞下繡幃,1
19601,下繡幃玉,1
19602,繡幃玉樓,1
19603,幃玉樓相,1
19604,玉樓相望,1
19605,相望久花,1
19606,望久花洞,1
19607,久花洞恨,1
19608,花洞恨來,1
19609,洞恨來遲,1
19610,恨來遲早,1
19611,來遲早晚,1
19612,遲早晚乘,1
19613,早晚乘鸞,1
19614,晚乘鸞去,1
19615,乘鸞去莫,1
19616,鸞去莫相,1
19617,去莫相遺,1
19618,莫相遺香,1
19619,相遺香玉,1
19620,遺香玉翠,1
19621,香玉翠鳳,1
19622,玉翠鳳寶,1
19623,翠鳳寶釵,1
19624,鳳寶釵垂,1
19625,寶釵垂鈿,1
19626,釵垂鈿筐,1
19627,垂鈿筐交,1
19628,鈿筐交勝,1
19629,筐交勝金,1
19630,交勝金粟,1
19631,勝金粟越,1
19632,金粟越羅,1
19633,粟越羅春,1
19634,越羅春水,1
19635,羅春水綠,1
19636,春水綠畫,1
19637,水綠畫堂,1
19638,綠畫堂照,1
19639,畫堂照簾,1
19640,堂照簾殘,1
19641,照簾殘燭,1
19642,簾殘燭夢,1
19643,殘燭夢餘,1
19644,燭夢餘更,1
19645,夢餘更漏,1
19646,餘更漏促,1
19647,更漏促謝,1
19648,漏促謝娘,1
19649,促謝娘無,1
19650,謝娘無限,1
19651,娘無限心,1
19652,無限心曲,1
19653,限心曲曉,1
19654,心曲曉屏,1
19655,曲曉屏山,1
19656,曉屏山斷,1
19657,屏山斷續,1
19658,山斷續雙,1
19659,斷續雙臉,1
19660,續雙臉小,1
19661,雙臉小鳳,1
19662,臉小鳳戰,1
19663,小鳳戰篦,1
19664,鳳戰篦金,1
19665,戰篦金颭,1
19666,篦金颭豔,1
19667,金颭豔舞,1
19668,颭豔舞衣,1
19669,豔舞衣無,1
19670,舞衣無力,1
19671,衣無力風,1
19672,無力風斂,1
19673,力風斂藕,1
19674,風斂藕絲,1
19675,斂藕絲秋,1
19676,絲秋色染,1
19677,秋色染錦,1
19678,色染錦帳,1
19679,染錦帳繡,1
19680,錦帳繡幃,1
19681,帳繡幃斜,1
19682,繡幃斜掩,1
19683,幃斜掩露,1
19684,斜掩露珠,1
19685,掩露珠清,1
19686,露珠清曉,1
19687,珠清曉簟,1
19688,清曉簟粉,1
19689,曉簟粉心,1
19690,簟粉心黃,1
19691,粉心黃蕊,1
19692,心黃蕊花,1
19693,黃蕊花靨,1
19694,蕊花靨黛,1
19695,花靨黛眉,1
19696,靨黛眉山,1
19697,黛眉山兩,1
19698,眉山兩點,1
19699,山兩點小,1
19700,兩點小山,1
19701,點小山重,1
19702,小山重疊,1
19703,山重疊金,1
19704,重疊金明,1
19705,疊金明滅,1
19706,金明滅鬢,1
19707,明滅鬢雲,1
19708,滅鬢雲欲,1
19709,鬢雲欲度,1
19710,雲欲度香,1
19711,欲度香腮,1
19712,度香腮雪,1
19713,香腮雪懶,1
19714,腮雪懶起,1
19715,雪懶起畫,1
19716,懶起畫蛾,1
19717,起畫蛾眉,1
19718,畫蛾眉弄,1
19719,蛾眉弄妝,1
19720,眉弄妝梳,1
19721,弄妝梳洗,1
19722,妝梳洗遲,1
19723,梳洗遲照,1
19724,洗遲照花,1
19725,遲照花前,1
19726,照花前後,1
19727,花前後鏡,1
19728,前後鏡花,1
19729,後鏡花面,1
19730,鏡花面交,1
19731,花面交相,1
19732,面交相映,1
19733,交相映新,1
19734,相映新帖,1
19735,映新帖繡,1
19736,新帖繡羅,1
19737,帖繡羅襦,1
19738,繡羅襦雙,1
19739,羅襦雙雙,1
19740,襦雙雙金,1
19741,雙雙金鷓,1
19742,雙金鷓鴣,1
19743,金鷓鴣水,1
19744,鷓鴣水精,1
19745,鴣水精簾,1
19746,水精簾裏,1
19747,精簾裏頗,1
19748,簾裏頗黎,1
19749,裏頗黎枕,1
19750,頗黎枕暖,1
19751,黎枕暖香,1
19752,枕暖香惹,1
19753,暖香惹夢,1
19754,香惹夢鴛,1
19755,惹夢鴛鴦,1
19756,夢鴛鴦錦,1
19757,鴛鴦錦江,1
19758,鴦錦江上,1
19759,錦江上柳,1
19760,江上柳如,1
19761,上柳如煙,1
19762,柳如煙雁,1
19763,如煙雁飛,1
19764,煙雁飛殘,1
19765,雁飛殘月,1
19766,飛殘月天,1
19767,殘月天藕,1
19768,月天藕絲,1
19769,天藕絲秋,1
19770,絲秋色淺,1
19771,秋色淺人,1
19772,色淺人勝,1
19773,淺人勝參,1
19774,人勝參差,1
19775,勝參差剪,1
19776,參差剪雙,1
19777,差剪雙鬢,1
19778,剪雙鬢隔,1
19779,雙鬢隔香,1
19780,鬢隔香紅,1
19781,隔香紅玉,1
19782,香紅玉釵,1
19783,紅玉釵頭,1
19784,玉釵頭上,1
19785,釵頭上風,1
19786,頭上風蕊,1
19787,上風蕊黃,1
19788,風蕊黃無,1
19789,蕊黃無限,1
19790,黃無限當,1
19791,無限當山,1
19792,限當山額,1
19793,當山額宿,1
19794,山額宿妝,1
19795,額宿妝隱,1
19796,宿妝隱笑,1
19797,妝隱笑紗,1
19798,隱笑紗窗,1
19799,笑紗窗隔,1
19800,紗窗隔相,1
19801,窗隔相見,1
19802,隔相見牡,1
19803,相見牡丹,1
19804,見牡丹時,1
19805,牡丹時暫,1
19806,丹時暫來,1
19807,時暫來還,1
19808,暫來還別,1
19809,來還別離,1
19810,還別離翠,1
19811,別離翠釵,1
19812,離翠釵金,1
19813,翠釵金作,1
19814,釵金作股,1
19815,金作股釵,1
19816,作股釵上,1
19817,股釵上蝶,1
19818,釵上蝶雙,1
19819,上蝶雙舞,1
19820,蝶雙舞心,1
19821,雙舞心事,1
19822,舞心事竟,1
19823,心事竟誰,1
19824,事竟誰知,1
19825,竟誰知月,1
19826,誰知月明,1
19827,知月明花,1
19828,月明花滿,1
19829,明花滿枝,1
19830,花滿枝翠,1
19831,滿枝翠翹,1
19832,枝翠翹金,1
19833,翠翹金縷,1
19834,翹金縷雙,1
19835,金縷雙鸂,1
19836,縷雙鸂鶒,1
19837,雙鸂鶒水,1
19838,鸂鶒水文,1
19839,鶒水文細,1
19840,水文細起,1
19841,文細起春,1
19842,細起春池,1
19843,起春池碧,1
19844,春池碧池,1
19845,池碧池上,1
19846,碧池上海,1
19847,池上海棠,1
19848,上海棠梨,1
19849,海棠梨雨,1
19850,棠梨雨晴,1
19851,梨雨晴紅,1
19852,雨晴紅滿,1
19853,晴紅滿枝,1
19854,紅滿枝繡,1
19855,滿枝繡衫,1
19856,枝繡衫遮,1
19857,繡衫遮笑,1
19858,衫遮笑靨,1
19859,遮笑靨煙,1
19860,笑靨煙草,1
19861,靨煙草黏,1
19862,煙草黏飛,1
19863,草黏飛蝶,1
19864,黏飛蝶青,1
19865,飛蝶青瑣,1
19866,蝶青瑣對,1
19867,青瑣對芳,1
19868,瑣對芳菲,1
19869,對芳菲玉,1
19870,芳菲玉關,1
19871,菲玉關音,1
19872,玉關音信,1
19873,關音信稀,1
19874,音信稀杏,1
19875,信稀杏花,1
19876,稀杏花含,1
19877,杏花含露,1
19878,花含露團,1
19879,含露團香,1
19880,露團香雪,1
19881,團香雪綠,1
19882,香雪綠楊,1
19883,雪綠楊陌,1
19884,綠楊陌上,1
19885,楊陌上多,1
19886,陌上多離,1
19887,上多離別,1
19888,多離別燈,1
19889,離別燈在,1
19890,別燈在月,1
19891,燈在月朧,1
19892,在月朧明,1
19893,月朧明覺,1
19894,朧明覺來,1
19895,明覺來聞,1
19896,覺來聞曉,1
19897,來聞曉鶯,1
19898,聞曉鶯玉,1
19899,曉鶯玉鉤,1
19900,鶯玉鉤褰,1
19901,玉鉤褰翠,1
19902,鉤褰翠幕,1
19903,褰翠幕妝,1
19904,翠幕妝淺,1
19905,幕妝淺舊,1
19906,妝淺舊眉,1
19907,淺舊眉薄,1
19908,舊眉薄春,1
19909,眉薄春夢,1
19910,薄春夢正,1
19911,春夢正關,1
19912,夢正關情,1
19913,正關情鏡,1
19914,關情鏡中,1
19915,情鏡中蟬,1
19916,鏡中蟬鬢,1
19917,中蟬鬢輕,1
19918,蟬鬢輕玉,1
19919,鬢輕玉樓,1
19920,輕玉樓明,1
19921,玉樓明月,1
19922,樓明月長,1
19923,明月長相,1
19924,月長相憶,1
19925,長相憶柳,1
19926,相憶柳絲,1
19927,憶柳絲嫋,1
19928,柳絲嫋娜,1
19929,絲嫋娜春,1
19930,嫋娜春無,1
19931,娜春無力,1
19932,春無力門,1
19933,無力門外,1
19934,力門外草,1
19935,門外草萋,1
19936,外草萋萋,1
19937,草萋萋送,1
19938,萋萋送君,1
19939,萋送君聞,1
19940,送君聞馬,1
19941,君聞馬嘶,1
19942,聞馬嘶畫,1
19943,馬嘶畫羅,1
19944,嘶畫羅金,1
19945,畫羅金翡,1
19946,羅金翡翠,1
19947,金翡翠香,1
19948,翡翠香燭,1
19949,翠香燭銷,1
19950,香燭銷成,1
19951,燭銷成淚,1
19952,銷成淚花,1
19953,成淚花落,1
19954,淚花落子,1
19955,花落子規,1
19956,落子規啼,1
19957,子規啼綠,1
19958,規啼綠窗,1
19959,啼綠窗殘,1
19960,綠窗殘夢,1
19961,窗殘夢迷,1
19962,殘夢迷鳳,1
19963,夢迷鳳凰,1
19964,迷鳳凰相,1
19965,鳳凰相對,1
19966,凰相對盤,1
19967,相對盤金,1
19968,對盤金縷,1
19969,盤金縷牡,1
19970,金縷牡丹,1
19971,縷牡丹一,1
19972,牡丹一夜,1
19973,丹一夜經,1
19974,一夜經微,1
19975,夜經微雨,1
19976,經微雨明,1
19977,微雨明鏡,1
19978,雨明鏡照,1
19979,明鏡照新,1
19980,鏡照新妝,1
19981,照新妝鬢,1
19982,新妝鬢輕,1
19983,妝鬢輕雙,1
19984,鬢輕雙臉,1
19985,輕雙臉長,1
19986,雙臉長畫,1
19987,臉長畫樓,1
19988,長畫樓相,1
19989,畫樓相望,1
19990,相望久闌,1
19991,望久闌外,1
19992,久闌外垂,1
19993,闌外垂絲,1
19994,外垂絲柳,1
19995,垂絲柳音,1
19996,絲柳音信,1
19997,柳音信不,1
19998,音信不歸,1
19999,信不歸來,1
20000,不歸來社,1
20001,歸來社前,1
20002,來社前雙,1
20003,社前雙燕,1
20004,前雙燕回,1
20005,雙燕回牡,1
20006,燕回牡丹,1
20007,回牡丹花,1
20008,牡丹花謝,1
20009,丹花謝鶯,1
20010,花謝鶯聲,1
20011,謝鶯聲歇,1
20012,鶯聲歇綠,1
20013,聲歇綠楊,1
20014,歇綠楊滿,1
20015,綠楊滿院,1
20016,楊滿院中,1
20017,滿院中庭,1
20018,院中庭月,1
20019,中庭月相,1
20020,庭月相憶,1
20021,月相憶夢,1
20022,相憶夢難,1
20023,憶夢難成,1
20024,夢難成背,1
20025,難成背窗,1
20026,成背窗燈,1
20027,背窗燈半,1
20028,窗燈半明,1
20029,燈半明翠,1
20030,半明翠鈿,1
20031,明翠鈿金,1
20032,翠鈿金壓,1
20033,鈿金壓臉,1
20034,金壓臉寂,1
20035,壓臉寂寞,1
20036,臉寂寞香,1
20037,寂寞香閨,1
20038,寞香閨掩,1
20039,香閨掩人,1
20040,閨掩人遠,1
20041,掩人遠淚,1
20042,人遠淚闌,1
20043,遠淚闌幹,1
20044,淚闌幹燕,1
20045,闌幹燕飛,1
20046,幹燕飛春,1
20047,燕飛春又,1
20048,飛春又殘,1
20049,春又殘滿,1
20050,又殘滿宮,1
20051,殘滿宮明,1
20052,滿宮明月,1
20053,宮明月梨,1
20054,梨花白故,1
20055,花白故人,1
20056,白故人萬,1
20057,故人萬里,1
20058,人萬里關,1
20059,萬里關山,1
20060,里關山隔,1
20061,關山隔金,1
20062,山隔金雁,1
20063,隔金雁一,1
20064,金雁一雙,1
20065,雁一雙飛,1
20066,一雙飛淚,1
20067,雙飛淚痕,1
20068,飛淚痕沾,1
20069,淚痕沾繡,1
20070,痕沾繡衣,1
20071,沾繡衣小,1
20072,繡衣小園,1
20073,衣小園芳,1
20074,小園芳草,1
20075,園芳草綠,1
20076,芳草綠家,1
20077,草綠家住,1
20078,綠家住越,1
20079,家住越溪,1
20080,住越溪曲,1
20081,越溪曲楊,1
20082,溪曲楊柳,1
20083,曲楊柳色,1
20084,楊柳色依,1
20085,柳色依依,1
20086,色依依燕,1
20087,依依燕歸,1
20088,依燕歸君,1
20089,燕歸君不,1
20090,歸君不歸,1
20091,君不歸寶,1
20092,不歸寶函,1
20093,歸寶函鈿,1
20094,寶函鈿雀,1
20095,函鈿雀金,1
20096,鈿雀金鸂,1
20097,雀金鸂鶒,1
20098,金鸂鶒沈,1
20099,鸂鶒沈香,1
20100,鶒沈香閣,1
20101,沈香閣上,1
20102,香閣上吳,1
20103,閣上吳山,1
20104,上吳山碧,1
20105,吳山碧楊,1
20106,山碧楊柳,1
20107,碧楊柳又,1
20108,楊柳又如,1
20109,柳又如絲,1
20110,又如絲驛,1
20111,如絲驛橋,1
20112,絲驛橋春,1
20113,驛橋春雨,1
20114,橋春雨時,1
20115,春雨時畫,1
20116,雨時畫樓,1
20117,時畫樓音,1
20118,畫樓音信,1
20119,樓音信斷,1
20120,音信斷芳,1
20121,信斷芳草,1
20122,斷芳草江,1
20123,芳草江南,1
20124,草江南岸,1
20125,江南岸鸞,1
20126,南岸鸞鏡,1
20127,岸鸞鏡與,1
20128,鸞鏡與花,1
20129,鏡與花枝,1
20130,與花枝此,1
20131,花枝此情,1
20132,枝此情誰,1
20133,此情誰得,1
20134,情誰得知,1
20135,誰得知南,1
20136,得知南園,1
20137,知南園滿,1
20138,南園滿地,1
20139,園滿地堆,1
20140,滿地堆輕,1
20141,地堆輕絮,1
20142,堆輕絮愁,1
20143,輕絮愁聞,1
20144,絮愁聞一,1
20145,愁聞一霎,1
20146,聞一霎清,1
20147,一霎清明,1
20148,霎清明雨,1
20149,清明雨雨,1
20150,明雨雨後,1
20151,雨雨後卻,1
20152,雨後卻斜,1
20153,後卻斜陽,1
20154,卻斜陽杏,1
20155,斜陽杏花,1
20156,陽杏花零,1
20157,杏花零落,1
20158,花零落香,1
20159,零落香無,1
20160,落香無言,1
20161,香無言勻,1
20162,無言勻睡,1
20163,言勻睡臉,1
20164,勻睡臉枕,1
20165,睡臉枕上,1
20166,臉枕上屏,1
20167,枕上屏山,1
20168,上屏山掩,1
20169,屏山掩時,1
20170,山掩時節,1
20171,掩時節欲,1
20172,時節欲黃,1
20173,節欲黃昏,1
20174,欲黃昏無,1
20175,黃昏無憀,1
20176,昏無憀獨,1
20177,無憀獨倚,1
20178,憀獨倚門,1
20179,獨倚門夜,1
20180,倚門夜來,1
20181,門夜來皓,1
20182,夜來皓月,1
20183,來皓月才,1
20184,皓月才當,1
20185,月才當午,1
20186,才當午重,1
20187,當午重簾,1
20188,午重簾悄,1
20189,重簾悄悄,1
20190,簾悄悄無,1
20191,悄悄無人,1
20192,悄無人語,1
20193,無人語深,1
20194,人語深處,1
20195,語深處麝,1
20196,深處麝煙,1
20197,處麝煙長,1
20198,麝煙長臥,1
20199,煙長臥時,1
20200,長臥時留,1
20201,臥時留薄,1
20202,時留薄妝,1
20203,留薄妝當,1
20204,薄妝當年,1
20205,妝當年還,1
20206,當年還自,1
20207,年還自惜,1
20208,還自惜往,1
20209,自惜往事,1
20210,惜往事那,1
20211,往事那堪,1
20212,事那堪憶,1
20213,那堪憶花,1
20214,堪憶花露,1
20215,憶花露月,1
20216,花露月明,1
20217,露月明殘,1
20218,月明殘錦,1
20219,明殘錦衾,1
20220,殘錦衾知,1
20221,錦衾知曉,1
20222,衾知曉寒,1
20223,知曉寒雨,1
20224,曉寒雨晴,1
20225,寒雨晴夜,1
20226,雨晴夜合,1
20227,晴夜合玲,1
20228,夜合玲瓏,1
20229,合玲瓏日,1
20230,玲瓏日萬,1
20231,瓏日萬枝,1
20232,日萬枝香,1
20233,萬枝香嫋,1
20234,枝香嫋紅,1
20235,香嫋紅絲,1
20236,嫋紅絲拂,1
20237,紅絲拂閑,1
20238,絲拂閑夢,1
20239,拂閑夢憶,1
20240,閑夢憶金,1
20241,夢憶金堂,1
20242,憶金堂滿,1
20243,金堂滿庭,1
20244,堂滿庭萱,1
20245,滿庭萱草,1
20246,庭萱草長,1
20247,萱草長繡,1
20248,草長繡簾,1
20249,長繡簾垂,1
20250,繡簾垂眉,1
20251,簾垂眉黛,1
20252,垂眉黛遠,1
20253,眉黛遠山,1
20254,黛遠山綠,1
20255,遠山綠春,1
20256,山綠春水,1
20257,綠春水渡,1
20258,春水渡溪,1
20259,水渡溪橋,1
20260,渡溪橋憑,1
20261,溪橋憑闌,1
20262,橋憑闌魂,1
20263,憑闌魂欲,1
20264,闌魂欲消,1
20265,魂欲消竹,1
20266,欲消竹風,1
20267,消竹風輕,1
20268,竹風輕動,1
20269,風輕動庭,1
20270,輕動庭除,1
20271,動庭除冷,1
20272,庭除冷珠,1
20273,除冷珠簾,1
20274,冷珠簾月,1
20275,珠簾月上,1
20276,簾月上玲,1
20277,月上玲瓏,1
20278,上玲瓏影,1
20279,玲瓏影山,1
20280,瓏影山枕,1
20281,影山枕隱,1
20282,山枕隱濃,1
20283,枕隱濃妝,1
20284,隱濃妝綠,1
20285,濃妝綠檀,1
20286,妝綠檀金,1
20287,綠檀金鳳,1
20288,檀金鳳凰,1
20289,金鳳凰兩,1
20290,鳳凰兩蛾,1
20291,凰兩蛾愁,1
20292,兩蛾愁黛,1
20293,蛾愁黛淺,1
20294,愁黛淺故,1
20295,黛淺故國,1
20296,淺故國吳,1
20297,故國吳宮,1
20298,國吳宮遠,1
20299,吳宮遠春,1
20300,宮遠春恨,1
20301,遠春恨正,1
20302,春恨正關,1
20303,恨正關情,1
20304,正關情畫,1
20305,關情畫樓,1
20306,情畫樓殘,1
20307,畫樓殘點,1
20308,樓殘點聲,1
20309,殘點聲玉,1
20310,點聲玉纖,1
20311,聲玉纖彈,1
20312,玉纖彈處,1
20313,纖彈處真,1
20314,彈處真珠,1
20315,處真珠落,1
20316,真珠落流,1
20317,珠落流多,1
20318,落流多暗,1
20319,流多暗濕,1
20320,多暗濕鉛,1
20321,暗濕鉛華,1
20322,濕鉛華薄,1
20323,鉛華薄春,1
20324,華薄春露,1
20325,薄春露浥,1
20326,春露浥朝,1
20327,露浥朝花,1
20328,浥朝花秋,1
20329,朝花秋波,1
20330,花秋波浸,1
20331,秋波浸晚,1
20332,波浸晚霞,1
20333,浸晚霞風,1
20334,晚霞風流,1
20335,霞風流心,1
20336,風流心上,1
20337,流心上物,1
20338,心上物本,1
20339,上物本為,1
20340,物本為風,1
20341,本為風流,1
20342,為風流出,1
20343,風流出看,1
20344,流出看取,1
20345,出看取薄,1
20346,看取薄情,1
20347,取薄情人,1
20348,薄情人羅,1
20349,情人羅衣,1
20350,人羅衣無,1
20351,羅衣無此,1
20352,衣無此痕,1
20353,無此痕上,1
20354,此痕上陽,1
20355,痕上陽春,1
20356,上陽春晚,1
20357,陽春晚宮,1
20358,春晚宮女,1
20359,晚宮女愁,1
20360,宮女愁蛾,1
20361,女愁蛾淺,1
20362,愁蛾淺新,1
20363,蛾淺新歲,1
20364,淺新歲清,1
20365,新歲清平,1
20366,歲清平思,1
20367,清平思同,1
20368,平思同輦,1
20369,思同輦爭,1
20370,同輦爭奈,1
20371,輦爭奈長,1
20372,爭奈長安,1
20373,奈長安路,1
20374,長安路遠,1
20375,安路遠鳳,1
20376,路遠鳳帳,1
20377,遠鳳帳鴛,1
20378,鳳帳鴛被,1
20379,帳鴛被徒,1
20380,鴛被徒熏,1
20381,被徒熏寂,1
20382,徒熏寂寞,1
20383,熏寂寞花,1
20384,寂寞花鎖,1
20385,寞花鎖千,1
20386,花鎖千門,1
20387,鎖千門競,1
20388,千門競把,1
20389,門競把黃,1
20390,競把黃金,1
20391,把黃金買,1
20392,黃金買賦,1
20393,金買賦為,1
20394,買賦為妾,1
20395,賦為妾將,1
20396,為妾將上,1
20397,妾將上明,1
20398,將上明君,1
20399,上明君洛,1
20400,明君洛陽,1
20401,君洛陽愁,1
20402,洛陽愁絕,1
20403,陽愁絕楊,1
20404,愁絕楊柳,1
20405,絕楊柳花,1
20406,楊柳花飄,1
20407,柳花飄雪,1
20408,花飄雪終,1
20409,飄雪終日,1
20410,雪終日行,1
20411,終日行人,1
20412,日行人爭,1
20413,行人爭攀,1
20414,人爭攀折,1
20415,爭攀折橋,1
20416,攀折橋下,1
20417,折橋下水,1
20418,橋下水流,1
20419,下水流嗚,1
20420,水流嗚咽,1
20421,流嗚咽上,1
20422,嗚咽上馬,1
20423,咽上馬爭,1
20424,上馬爭勸,1
20425,馬爭勸離,1
20426,爭勸離觴,1
20427,勸離觴南,1
20428,離觴南浦,1
20429,觴南浦鶯,1
20430,南浦鶯聲,1
20431,浦鶯聲斷,1
20432,鶯聲斷腸,1
20433,聲斷腸愁,1
20434,斷腸愁殺,1
20435,腸愁殺平,1
20436,愁殺平原,1
20437,殺平原年,1
20438,平原年少,1
20439,原年少回,1
20440,年少回首,1
20441,少回首揮,1
20442,回首揮淚,1
20443,首揮淚千,1
20444,揮淚千行,1
20445,淚千行柳,1
20446,千行柳絲,1
20447,行柳絲長,1
20448,柳絲長春,1
20449,絲長春雨,1
20450,長春雨細,1
20451,春雨細花,1
20452,雨細花外,1
20453,細花外漏,1
20454,花外漏聲,1
20455,外漏聲迢,1
20456,漏聲迢遞,1
20457,聲迢遞驚,1
20458,迢遞驚塞,1
20459,遞驚塞雁,1
20460,驚塞雁起,1
20461,塞雁起城,1
20462,雁起城烏,1
20463,起城烏畫,1
20464,城烏畫屏,1
20465,烏畫屏金,1
20466,畫屏金鷓,1
20467,屏金鷓鴣,1
20468,金鷓鴣香,1
20469,鷓鴣香霧,1
20470,鴣香霧薄,1
20471,香霧薄透,1
20472,霧薄透簾,1
20473,薄透簾幕,1
20474,透簾幕惆,1
20475,簾幕惆悵,1
20476,幕惆悵謝,1
20477,惆悵謝家,1
20478,悵謝家池,1
20479,謝家池閣,1
20480,家池閣紅,1
20481,池閣紅燭,1
20482,閣紅燭背,1
20483,紅燭背繡,1
20484,燭背繡簾,1
20485,背繡簾垂,1
20486,繡簾垂夢,1
20487,簾垂夢長,1
20488,垂夢長君,1
20489,夢長君不,1
20490,長君不知,1
20491,君不知星,1
20492,不知星斗,1
20493,知星斗稀,1
20494,星斗稀鐘,1
20495,斗稀鐘鼓,1
20496,稀鐘鼓歇,1
20497,鐘鼓歇簾,1
20498,鼓歇簾外,1
20499,歇簾外曉,1
20500,簾外曉鶯,1
20501,外曉鶯殘,1
20502,曉鶯殘月,1
20503,鶯殘月蘭,1
20504,殘月蘭露,1
20505,月蘭露重,1
20506,蘭露重柳,1
20507,露重柳風,1
20508,重柳風斜,1
20509,柳風斜滿,1
20510,風斜滿庭,1
20511,斜滿庭堆,1
20512,滿庭堆落,1
20513,庭堆落花,1
20514,堆落花虛,1
20515,落花虛閣,1
20516,花虛閣上,1
20517,虛閣上倚,1
20518,閣上倚闌,1
20519,上倚闌望,1
20520,倚闌望還,1
20521,闌望還似,1
20522,望還似去,1
20523,還似去年,1
20524,似去年惆,1
20525,去年惆悵,1
20526,年惆悵春,1
20527,惆悵春欲,1
20528,悵春欲暮,1
20529,春欲暮思,1
20530,欲暮思無,1
20531,暮思無窮,1
20532,思無窮舊,1
20533,無窮舊歡,1
20534,窮舊歡如,1
20535,舊歡如夢,1
20536,歡如夢中,1
20537,如夢中金,1
20538,夢中金雀,1
20539,中金雀釵,1
20540,金雀釵紅,1
20541,雀釵紅粉,1
20542,釵紅粉面,1
20543,紅粉面花,1
20544,粉面花裏,1
20545,面花裏暫,1
20546,花裏暫時,1
20547,裏暫時相,1
20548,暫時相見,1
20549,時相見知,1
20550,相見知我,1
20551,見知我意,1
20552,知我意感,1
20553,我意感君,1
20554,意感君憐,1
20555,感君憐此,1
20556,君憐此情,1
20557,憐此情須,1
20558,此情須問,1
20559,情須問天,1
20560,須問天香,1
20561,問天香作,1
20562,天香作穗,1
20563,香作穗蠟,1
20564,作穗蠟成,1
20565,穗蠟成淚,1
20566,蠟成淚還,1
20567,成淚還似,1
20568,淚還似兩,1
20569,還似兩人,1
20570,似兩人心,1
20571,兩人心意,1
20572,人心意山,1
20573,心意山枕,1
20574,意山枕膩,1
20575,山枕膩錦,1
20576,枕膩錦衾,1
20577,膩錦衾寒,1
20578,錦衾寒覺,1
20579,衾寒覺來,1
20580,寒覺來更,1
20581,覺來更漏,1
20582,來更漏殘,1
20583,更漏殘相,1
20584,漏殘相見,1
20585,殘相見稀,1
20586,相見稀相,1
20587,見稀相憶,1
20588,稀相憶久,1
20589,相憶久眉,1
20590,憶久眉淺,1
20591,久眉淺淡,1
20592,眉淺淡煙,1
20593,淺淡煙如,1
20594,淡煙如柳,1
20595,煙如柳垂,1
20596,如柳垂翠,1
20597,柳垂翠幕,1
20598,垂翠幕結,1
20599,翠幕結同,1
20600,幕結同心,1
20601,結同心待,1
20602,同心待郎,1
20603,心待郎熏,1
20604,待郎熏繡,1
20605,郎熏繡衾,1
20606,熏繡衾城,1
20607,繡衾城上,1
20608,衾城上月,1
20609,城上月白,1
20610,上月白如,1
20611,月白如雪,1
20612,白如雪蟬,1
20613,如雪蟬鬢,1
20614,雪蟬鬢美,1
20615,人愁絕宮,1
20616,愁絕宮樹,1
20617,絕宮樹暗,1
20618,宮樹暗鵲,1
20619,樹暗鵲橋,1
20620,暗鵲橋橫,1
20621,鵲橋橫玉,1
20622,橋橫玉簽,1
20623,橫玉簽初,1
20624,玉簽初報,1
20625,簽初報明,1
20626,初報明背,1
20627,報明背江,1
20628,明背江樓,1
20629,背江樓臨,1
20630,江樓臨海,1
20631,樓臨海月,1
20632,臨海月城,1
20633,海月城上,1
20634,月城上角,1
20635,城上角聲,1
20636,上角聲嗚,1
20637,角聲嗚咽,1
20638,聲嗚咽堤,1
20639,嗚咽堤柳,1
20640,咽堤柳動,1
20641,堤柳動島,1
20642,柳動島煙,1
20643,動島煙昏,1
20644,島煙昏兩,1
20645,煙昏兩行,1
20646,昏兩行征,1
20647,兩行征雁,1
20648,行征雁分,1
20649,征雁分京,1
20650,雁分京口,1
20651,分京口路,1
20652,京口路歸,1
20653,口路歸帆,1
20654,路歸帆渡,1
20655,歸帆渡正,1
20656,帆渡正是,1
20657,渡正是芳,1
20658,正是芳菲,1
20659,是芳菲欲,1
20660,芳菲欲度,1
20661,菲欲度銀,1
20662,欲度銀燭,1
20663,度銀燭盡,1
20664,銀燭盡玉,1
20665,燭盡玉繩,1
20666,盡玉繩低,1
20667,玉繩低一,1
20668,繩低一聲,1
20669,低一聲村,1
20670,一聲村落,1
20671,聲村落雞,1
20672,村落雞玉,1
20673,落雞玉爐,1
20674,雞玉爐香,1
20675,玉爐香紅,1
20676,爐香紅蠟,1
20677,香紅蠟淚,1
20678,紅蠟淚偏,1
20679,蠟淚偏照,1
20680,淚偏照畫,1
20681,偏照畫堂,1
20682,照畫堂秋,1
20683,畫堂秋思,1
20684,堂秋思眉,1
20685,秋思眉翠,1
20686,思眉翠薄,1
20687,眉翠薄鬢,1
20688,翠薄鬢雲,1
20689,薄鬢雲殘,1
20690,鬢雲殘夜,1
20691,雲殘夜長,1
20692,殘夜長衾,1
20693,夜長衾枕,1
20694,長衾枕寒,1
20695,衾枕寒梧,1
20696,枕寒梧桐,1
20697,寒梧桐樹,1
20698,梧桐樹三,1
20699,桐樹三更,1
20700,樹三更雨,1
20701,三更雨不,1
20702,更雨不道,1
20703,雨不道離,1
20704,不道離情,1
20705,道離情正,1
20706,離情正苦,1
20707,情正苦一,1
20708,正苦一葉,1
20709,苦一葉葉,1
20710,一葉葉一,1
20711,葉葉一聲,1
20712,葉一聲聲,1
20713,一聲聲空,1
20714,聲聲空階,1
20715,聲空階滴,1
20716,空階滴到,1
20717,階滴到明,1
20718,滴到明河,1
20719,到明河上,1
20720,明河上望,1
20721,河上望叢,1
20722,上望叢祠,1
20723,望叢祠廟,1
20724,叢祠廟前,1
20725,祠廟前春,1
20726,廟前春雨,1
20727,前春雨來,1
20728,春雨來時,1
20729,雨來時楚,1
20730,來時楚山,1
20731,時楚山無,1
20732,楚山無限,1
20733,山無限鳥,1
20734,無限鳥飛,1
20735,限鳥飛遲,1
20736,鳥飛遲蘭,1
20737,飛遲蘭棹,1
20738,遲蘭棹空,1
20739,蘭棹空傷,1
20740,棹空傷別,1
20741,空傷別離,1
20742,傷別離何,1
20743,別離何處,1
20744,離何處杜,1
20745,何處杜鵑,1
20746,處杜鵑啼,1
20747,杜鵑啼不,1
20748,鵑啼不歇,1
20749,啼不歇豔,1
20750,不歇豔紅,1
20751,歇豔紅開,1
20752,豔紅開盡,1
20753,紅開盡如,1
20754,開盡如血,1
20755,盡如血蟬,1
20756,如血蟬鬢,1
20757,血蟬鬢美,1
20758,人愁絕百,1
20759,愁絕百花,1
20760,絕百花芳,1
20761,百花芳草,1
20762,花芳草佳,1
20763,芳草佳節,1
20764,草佳節孤,1
20765,佳節孤廟,1
20766,節孤廟對,1
20767,孤廟對寒,1
20768,廟對寒潮,1
20769,對寒潮西,1
20770,寒潮西陵,1
20771,潮西陵風,1
20772,西陵風雨,1
20773,陵風雨瀟,1
20774,風雨瀟瀟,1
20775,雨瀟瀟謝,1
20776,瀟瀟謝娘,1
20777,瀟謝娘惆,1
20778,謝娘惆悵,1
20779,娘惆悵倚,1
20780,惆悵倚蘭,1
20781,悵倚蘭橈,1
20782,倚蘭橈淚,1
20783,蘭橈淚流,1
20784,橈淚流玉,1
20785,淚流玉箸,1
20786,流玉箸千,1
20787,玉箸千條,1
20788,箸千條暮,1
20789,千條暮天,1
20790,條暮天愁,1
20791,暮天愁聽,1
20792,天愁聽思,1
20793,愁聽思歸,1
20794,聽思歸樂,1
20795,思歸樂早,1
20796,歸樂早梅,1
20797,樂早梅香,1
20798,早梅香滿,1
20799,梅香滿山,1
20800,香滿山郭,1
20801,滿山郭回,1
20802,山郭回首,1
20803,郭回首兩,1
20804,回首兩情,1
20805,首兩情蕭,1
20806,兩情蕭索,1
20807,情蕭索離,1
20808,蕭索離魂,1
20809,索離魂何,1
20810,離魂何處,1
20811,魂何處飄,1
20812,何處飄泊,1
20813,處飄泊銅,1
20814,飄泊銅鼓,1
20815,泊銅鼓賽,1
20816,銅鼓賽神,1
20817,鼓賽神來,1
20818,賽神來滿,1
20819,神來滿庭,1
20820,來滿庭幡,1
20821,滿庭幡蓋,1
20822,庭幡蓋裴,1
20823,幡蓋裴回,1
20824,蓋裴回水,1
20825,裴回水村,1
20826,回水村江,1
20827,水村江浦,1
20828,村江浦過,1
20829,江浦過風,1
20830,浦過風雷,1
20831,過風雷楚,1
20832,風雷楚山,1
20833,雷楚山如,1
20834,楚山如畫,1
20835,山如畫煙,1
20836,如畫煙開,1
20837,畫煙開離,1
20838,煙開離別,1
20839,開離別櫓,1
20840,離別櫓聲,1
20841,別櫓聲空,1
20842,櫓聲空蕭,1
20843,聲空蕭索,1
20844,空蕭索玉,1
20845,蕭索玉容,1
20846,索玉容惆,1
20847,玉容惆悵,1
20848,容惆悵妝,1
20849,惆悵妝薄,1
20850,悵妝薄青,1
20851,妝薄青麥,1
20852,薄青麥燕,1
20853,青麥燕飛,1
20854,麥燕飛落,1
20855,燕飛落落,1
20856,飛落落捲,1
20857,落落捲簾,1
20858,落捲簾愁,1
20859,捲簾愁對,1
20860,簾愁對珠,1
20861,愁對珠閣,1
20862,對珠閣江,1
20863,珠閣江畔,1
20864,閣江畔相,1
20865,江畔相喚,1
20866,畔相喚曉,1
20867,相喚曉妝,1
20868,喚曉妝鮮,1
20869,曉妝鮮仙,1
20870,妝鮮仙景,1
20871,鮮仙景個,1
20872,仙景個女,1
20873,景個女採,1
20874,個女採蓮,1
20875,女採蓮請,1
20876,採蓮請君,1
20877,蓮請君莫,1
20878,請君莫向,1
20879,君莫向那,1
20880,莫向那岸,1
20881,向那岸邊,1
20882,那岸邊少,1
20883,岸邊少年,1
20884,邊少年好,1
20885,少年好花,1
20886,年好花新,1
20887,好花新滿,1
20888,花新滿船,1
20889,新滿船紅,1
20890,滿船紅袖,1
20891,船紅袖搖,1
20892,紅袖搖曳,1
20893,袖搖曳逐,1
20894,搖曳逐風,1
20895,曳逐風軟,1
20896,逐風軟垂,1
20897,風軟垂玉,1
20898,軟垂玉腕,1
20899,垂玉腕腸,1
20900,玉腕腸向,1
20901,腕腸向柳,1
20902,腸向柳絲,1
20903,向柳絲斷,1
20904,柳絲斷浦,1
20905,絲斷浦南,1
20906,斷浦南歸,1
20907,浦南歸浦,1
20908,南歸浦北,1
20909,歸浦北歸,1
20910,浦北歸莫,1
20911,北歸莫知,1
20912,歸莫知晚,1
20913,莫知晚來,1
20914,知晚來人,1
20915,晚來人已,1
20916,來人已稀,1
20917,人已稀湖,1
20918,已稀湖上,1
20919,稀湖上閑,1
20920,湖上閑望,1
20921,上閑望雨,1
20922,閑望雨蕭,1
20923,望雨蕭蕭,1
20924,雨蕭蕭煙,1
20925,蕭蕭煙浦,1
20926,蕭煙浦花,1
20927,煙浦花橋,1
20928,浦花橋路,1
20929,花橋路遙,1
20930,橋路遙謝,1
20931,路遙謝娘,1
20932,遙謝娘翠,1
20933,謝娘翠蛾,1
20934,娘翠蛾愁,1
20935,翠蛾愁不,1
20936,蛾愁不銷,1
20937,愁不銷終,1
20938,不銷終朝,1
20939,銷終朝夢,1
20940,終朝夢魂,1
20941,朝夢魂迷,1
20942,夢魂迷晚,1
20943,魂迷晚潮,1
20944,迷晚潮蕩,1
20945,晚潮蕩子,1
20946,潮蕩子天,1
20947,蕩子天涯,1
20948,子天涯歸,1
20949,天涯歸棹,1
20950,涯歸棹遠,1
20951,歸棹遠春,1
20952,棹遠春已,1
20953,春已晚鶯,1
20954,已晚鶯語,1
20955,晚鶯語空,1
20956,鶯語空腸,1
20957,語空腸斷,1
20958,空腸斷若,1
20959,腸斷若耶,1
20960,斷若耶溪,1
20961,若耶溪溪,1
20962,耶溪溪水,1
20963,溪溪水西,1
20964,溪水西柳,1
20965,水西柳堤,1
20966,西柳堤不,1
20967,柳堤不聞,1
20968,堤不聞郎,1
20969,不聞郎馬,1
20970,聞郎馬嘶,1
20971,郎馬嘶同,1
20972,馬嘶同伴,1
20973,嘶同伴相,1
20974,同伴相喚,1
20975,伴相喚杏,1
20976,相喚杏花,1
20977,喚杏花稀,1
20978,杏花稀夢,1
20979,花稀夢裏,1
20980,稀夢裏每,1
20981,夢裏每愁,1
20982,裏每愁依,1
20983,每愁依違,1
20984,愁依違仙,1
20985,依違仙客,1
20986,違仙客一,1
20987,仙客一去,1
20988,客一去燕,1
20989,一去燕已,1
20990,去燕已飛,1
20991,燕已飛不,1
20992,已飛不歸,1
20993,飛不歸淚,1
20994,不歸淚痕,1
20995,歸淚痕空,1
20996,淚痕空滿,1
20997,痕空滿衣,1
20998,空滿衣天,1
20999,滿衣天際,1
21000,衣天際雲,1
21001,天際雲鳥,1
21002,際雲鳥引,1
21003,雲鳥引情,1
21004,鳥引情遠,1
21005,引情遠春,1
21006,情遠春已,1
21007,春已晚煙,1
21008,已晚煙靄,1
21009,晚煙靄渡,1
21010,煙靄渡南,1
21011,靄渡南苑,1
21012,渡南苑雪,1
21013,南苑雪梅,1
21014,苑雪梅香,1
21015,雪梅香柳,1
21016,梅香柳帶,1
21017,香柳帶長,1
21018,柳帶長小,1
21019,帶長小娘,1
21020,長小娘轉,1
21021,小娘轉令,1
21022,娘轉令人,1
21023,轉令人意,1
21024,令人意傷,1
21025,人意傷家,1
21026,意傷家臨,1
21027,傷家臨長,1
21028,家臨長信,1
21029,臨長信往,1
21030,長信往來,1
21031,信往來道,1
21032,往來道乳,1
21033,來道乳燕,1
21034,道乳燕雙,1
21035,乳燕雙雙,1
21036,燕雙雙拂,1
21037,雙雙拂煙,1
21038,雙拂煙草,1
21039,拂煙草油,1
21040,煙草油壁,1
21041,草油壁車,1
21042,油壁車輕,1
21043,壁車輕金,1
21044,車輕金犢,1
21045,輕金犢肥,1
21046,金犢肥流,1
21047,犢肥流蘇,1
21048,肥流蘇帳,1
21049,流蘇帳曉,1
21050,蘇帳曉春,1
21051,帳曉春雞,1
21052,曉春雞早,1
21053,春雞早籠,1
21054,雞早籠中,1
21055,早籠中嬌,1
21056,籠中嬌鳥,1
21057,中嬌鳥暖,1
21058,嬌鳥暖猶,1
21059,鳥暖猶睡,1
21060,暖猶睡簾,1
21061,猶睡簾外,1
21062,睡簾外落,1
21063,簾外落花,1
21064,外落花閑,1
21065,落花閑不,1
21066,花閑不掃,1
21067,閑不掃衰,1
21068,不掃衰桃,1
21069,掃衰桃一,1
21070,衰桃一樹,1
21071,桃一樹近,1
21072,一樹近前,1
21073,樹近前池,1
21074,近前池似,1
21075,前池似惜,1
21076,池似惜容,1
21077,似惜容顏,1
21078,惜容顏鏡,1
21079,容顏鏡中,1
21080,顏鏡中老,1
