排名,詞彙,出現次數
1,魚藻池邊射,3
2,藻池邊射鴨,3
3,池邊射鴨芙,3
4,邊射鴨芙蓉,3
5,裏看花日色,3
6,看花日色柘,3
7,花日色柘袍,3
8,日色柘袍相,3
9,色柘袍相似,3
10,柘袍相似不,3
11,袍相似不著,3
12,相似不著紅,3
13,似不著紅鸞,3
14,不著紅鸞扇,3
15,著紅鸞扇遮,3
16,紅鸞扇遮池,3
17,鸞扇遮池北,3
18,扇遮池北池,3
19,遮池北池南,3
20,池北池南草,3
21,北池南草綠,3
22,池南草綠殿,3
23,南草綠殿前,3
24,草綠殿前殿,3
25,綠殿前殿后,3
26,殿前殿后花,3
27,前殿后花紅,3
28,殿后花紅天,3
29,后花紅天子,3
30,花紅天子千,3
31,萬歲未央明,3
32,歲未央明月,3
33,未央明月清,3
34,央明月清風,3
35,明月清風揚,3
36,月清風揚州,3
37,清風揚州橋,3
38,風揚州橋邊,3
39,年不得消息,3
40,不得消息各,3
41,得消息各自,3
42,消息各自拜,3
43,息各自拜鬼,3
44,各自拜鬼求,3
45,自拜鬼求神,3
46,拜鬼求神青,3
47,鬼求神青草,3
48,求神青草湖,3
49,神青草湖邊,3
50,青草湖邊草,3
51,草湖邊草色,3
52,湖邊草色飛,3
53,邊草色飛猿,3
54,草色飛猿嶺,3
55,色飛猿嶺上,3
56,飛猿嶺上猿,3
57,猿嶺上猿聲,3
58,嶺上猿聲萬,3
59,上猿聲萬里,3
60,客到有風有,3
61,到有風有雨,3
62,有風有雨人,3
63,風有雨人行,3
64,有雨人行樹,3
65,雨人行樹頭,3
66,人行樹頭花,3
67,行樹頭花落,3
68,樹頭花落花,3
69,頭花落花開,3
70,花落花開道,3
71,落花開道上,3
72,花開道上人,3
73,開道上人去,3
74,道上人去人,3
75,上人去人來,3
76,人去人來朝,3
77,去人來朝愁,3
78,人來朝愁暮,3
79,來朝愁暮愁,3
80,朝愁暮愁即,3
81,愁暮愁即老,3
82,暮愁即老百,3
83,愁即老百年,3
84,即老百年幾,3
85,老百年幾度,3
86,百年幾度三,3
87,年幾度三台,3
88,身強健且為,3
89,強健且為頭,3
90,健且為頭白,3
91,且為頭白齒,3
92,為頭白齒落,3
93,頭白齒落難,3
94,白齒落難追,3
95,齒落難追准,3
96,落難追准擬,3
97,難追准擬百,3
98,追准擬百年,3
99,准擬百年千,3
100,擬百年千歲,3
101,百年千歲能,3
102,年千歲能得,3
103,千歲能得幾,3
104,歲能得幾許,3
105,能得幾許多,3
106,得幾許多時,3
107,自從江樹秋,2
108,從江樹秋日,2
109,江樹秋日日,2
110,江樓夢見離,2
111,樓夢見離珠,2
112,夢見離珠浦,2
113,見離珠浦書,2
114,離珠浦書來,2
115,珠浦書來在,2
116,浦書來在桂,2
117,書來在桂州,2
118,來在桂州不,2
119,在桂州不同,2
120,桂州不同魚,2
121,州不同魚比,2
122,不同魚比目,2
123,同魚比目終,2
124,魚比目終恨,2
125,比目終恨水,2
126,目終恨水分,2
127,終恨水分流,2
128,恨水分流久,2
129,水分流久不,2
130,分流久不開,2
131,流久不開明,2
132,久不開明鏡,2
133,不開明鏡多,2
134,開明鏡多應,2
135,明鏡多應是,2
136,鏡多應是白,2
137,多應是白頭,2
138,庭樹烏爾何,2
139,樹烏爾何不,2
140,烏爾何不向,2
141,爾何不向別,2
142,何不向別處,2
143,不向別處棲,2
144,向別處棲夜,2
145,別處棲夜夜,2
146,處棲夜夜夜,2
147,棲夜夜夜半,2
148,夜夜夜半當,2
149,夜夜半當戶,2
150,夜半當戶啼,2
151,風飄雨濕亦,2
152,飄雨濕亦不,2
153,雨濕亦不移,2
154,濕亦不移君,2
155,亦不移君家,2
156,不移君家樹,2
157,移君家樹頭,2
158,君家樹頭多,2
159,家樹頭多好,2
160,樹頭多好枝,2
161,章華宮人夜,2
162,華宮人夜上,2
163,宮人夜上樓,2
164,人夜上樓君,2
165,夜上樓君王,2
166,上樓君王望,2
167,樓君王望月,2
168,君王望月西,2
169,王望月西山,2
170,望月西山頭,2
171,月西山頭夜,2
172,西山頭夜深,2
173,山頭夜深宮,2
174,頭夜深宮殿,2
175,夜深宮殿門,2
176,深宮殿門不,2
177,宮殿門不鎖,2
178,殿門不鎖白,2
179,門不鎖白露,2
180,不鎖白露滿,2
181,鎖白露滿山,2
182,白露滿山山,2
183,露滿山山葉,2
184,滿山山葉墮,2
185,獨獨漉漉鼠,2
186,獨漉漉鼠食,2
187,漉漉鼠食貓,2
188,漉鼠食貓肉,2
189,鼠食貓肉烏,2
190,食貓肉烏日,2
191,貓肉烏日中,2
192,肉烏日中鶴,2
193,烏日中鶴露,2
194,日中鶴露宿,2
195,中鶴露宿黃,2
196,鶴露宿黃河,2
197,露宿黃河水,2
198,宿黃河水直,2
199,黃河水直人,2
200,河水直人心,2
201,水直人心曲,2
202,酒多夜長夜,2
203,多夜長夜未,2
204,夜長夜未曉,2
205,長夜未曉月,2
206,夜未曉月明,2
207,未曉月明燈,2
208,曉月明燈光,2
209,月明燈光兩,2
210,明燈光兩相,2
211,燈光兩相照,2
212,光兩相照後,2
213,兩相照後庭,2
214,相照後庭歌,2
215,照後庭歌聲,2
216,後庭歌聲更,2
217,庭歌聲更窈,2
218,歌聲更窈窕,2
219,弟子部中留,2
220,子部中留一,2
221,部中留一色,2
222,中留一色聽,2
223,留一色聽風,2
224,一色聽風聽,2
225,色聽風聽水,2
226,聽風聽水作,2
227,風聽水作霓,2
228,聽水作霓裳,2
229,水作霓裳散,2
230,作霓裳散聲,2
231,霓裳散聲未,2
232,裳散聲未足,2
233,散聲未足重,2
234,聲未足重來,2
235,未足重來授,2
236,足重來授直,2
237,重來授直到,2
238,來授直到床,2
239,授直到床前,2
240,直到床前見,2
241,到床前見上,2
242,床前見上皇,2
243,前見上皇中,2
244,見上皇中管,2
245,上皇中管五,2
246,皇中管五弦,2
247,中管五弦初,2
248,管五弦初半,2
249,五弦初半曲,2
250,弦初半曲遙,2
251,初半曲遙教,2
252,半曲遙教合,2
253,曲遙教合上,2
254,遙教合上隔,2
255,教合上隔簾,2
256,合上隔簾聽,2
257,上隔簾聽一,2
258,隔簾聽一聲,2
259,簾聽一聲聲,2
260,聽一聲聲向,2
261,一聲聲向天,2
262,聲聲向天頭,2
263,聲向天頭落,2
264,向天頭落效,2
265,天頭落效得,2
266,頭落效得仙,2
267,落效得仙人,2
268,效得仙人夜,2
269,得仙人夜唱,2
270,仙人夜唱經,2
271,人夜唱經自,2
272,夜唱經自直,2
273,唱經自直梨,2
274,經自直梨園,2
275,自直梨園得,2
276,直梨園得出,2
277,梨園得出稀,2
278,園得出稀更,2
279,得出稀更番,2
280,出稀更番上,2
281,稀更番上曲,2
282,更番上曲不,2
283,番上曲不教,2
284,上曲不教歸,2
285,曲不教歸一,2
286,不教歸一時,2
287,教歸一時跪,2
288,歸一時跪拜,2
289,一時跪拜霓,2
290,時跪拜霓裳,2
291,跪拜霓裳徹,2
292,拜霓裳徹立,2
293,霓裳徹立地,2
294,裳徹立地階,2
295,徹立地階前,2
296,立地階前賜,2
297,地階前賜紫,2
298,階前賜紫衣,2
299,前賜紫衣旋,2
300,賜紫衣旋翻,2
301,紫衣旋翻新,2
302,衣旋翻新譜,2
303,旋翻新譜聲,2
304,翻新譜聲初,2
305,新譜聲初足,2
306,譜聲初足除,2
307,聲初足除卻,2
308,初足除卻梨,2
309,足除卻梨園,2
310,除卻梨園未,2
311,卻梨園未教,2
312,梨園未教人,2
313,園未教人宣,2
314,未教人宣與,2
315,教人宣與書,2
316,人宣與書家,2
317,宣與書家分,2
318,與書家分手,2
319,書家分手寫,2
320,家分手寫中,2
321,分手寫中官,2
322,手寫中官走,2
323,寫中官走馬,2
324,中官走馬賜,2
325,官走馬賜功,2
326,走馬賜功臣,2
327,馬賜功臣伴,2
328,賜功臣伴教,2
329,功臣伴教霓,2
330,臣伴教霓裳,2
331,伴教霓裳有,2
332,教霓裳有貴,2
333,霓裳有貴妃,2
334,裳有貴妃從,2
335,有貴妃從初,2
336,貴妃從初直,2
337,妃從初直到,2
338,從初直到曲,2
339,初直到曲成,2
340,直到曲成時,2
341,到曲成時日,2
342,曲成時日長,2
343,成時日長耳,2
344,時日長耳裏,2
345,日長耳裏聞,2
346,長耳裏聞聲,2
347,耳裏聞聲熟,2
348,裏聞聲熟拍,2
349,聞聲熟拍數,2
350,聲熟拍數分,2
351,熟拍數分毫,2
352,拍數分毫錯,2
353,數分毫錯總,2
354,分毫錯總知,2
355,毫錯總知弦,2
356,錯總知弦索,2
357,總知弦索摐,2
358,知弦索摐摐,2
359,弦索摐摐隔,2
360,索摐摐隔彩,2
361,摐摐隔彩雲,2
362,摐隔彩雲五,2
363,隔彩雲五更,2
364,彩雲五更初,2
365,雲五更初發,2
366,五更初發一,2
367,更初發一山,2
368,初發一山聞,2
369,發一山聞武,2
370,一山聞武皇,2
371,山聞武皇自,2
372,聞武皇自送,2
373,武皇自送西,2
374,皇自送西王,2
375,自送西王母,2
376,送西王母新,2
377,西王母新換,2
378,王母新換霓,2
379,母新換霓裳,2
380,新換霓裳月,2
381,換霓裳月色,2
382,霓裳月色裙,2
383,裳月色裙敕,2
384,月色裙敕賜,2
385,色裙敕賜宮,2
386,裙敕賜宮人,2
387,敕賜宮人澡,2
388,賜宮人澡浴,2
389,宮人澡浴回,2
390,人澡浴回遙,2
391,澡浴回遙看,2
392,浴回遙看美,2
393,回遙看美女,2
394,遙看美女院,2
395,看美女院門,2
396,美女院門開,2
397,女院門開一,2
398,院門開一山,2
399,門開一山星,2
400,開一山星月,2
401,一山星月霓,2
402,山星月霓裳,2
403,星月霓裳動,2
404,月霓裳動好,2
405,霓裳動好字,2
406,裳動好字先,2
407,動好字先從,2
408,好字先從殿,2
409,字先從殿裏,2
410,先從殿裏來,2
411,從殿裏來傳,2
412,殿裏來傳呼,2
413,裏來傳呼法,2
414,來傳呼法部,2
415,傳呼法部按,2
416,呼法部按霓,2
417,法部按霓裳,2
418,部按霓裳新,2
419,按霓裳新得,2
420,霓裳新得承,2
421,裳新得承恩,2
422,新得承恩別,2
423,得承恩別作,2
424,承恩別作行,2
425,恩別作行應,2
426,別作行應是,2
427,作行應是貴,2
428,行應是貴妃,2
429,應是貴妃樓,2
430,是貴妃樓上,2
431,貴妃樓上看,2
432,妃樓上看內,2
433,樓上看內人,2
434,上看內人舁,2
435,看內人舁下,2
436,內人舁下彩,2
437,人舁下彩羅,2
438,舁下彩羅箱,2
439,下彩羅箱朝,2
440,彩羅箱朝元,2
441,羅箱朝元閣,2
442,箱朝元閣上,2
443,朝元閣上山,2
444,元閣上山風,2
445,閣上山風起,2
446,上山風起夜,2
447,山風起夜聽,2
448,風起夜聽霓,2
449,起夜聽霓裳,2
450,夜聽霓裳玉,2
451,聽霓裳玉露,2
452,霓裳玉露寒,2
453,裳玉露寒宮,2
454,玉露寒宮女,2
455,露寒宮女月,2
456,寒宮女月中,2
457,宮女月中更,2
458,女月中更替,2
459,月中更替立,2
460,中更替立黃,2
461,更替立黃金,2
462,替立黃金梯,2
463,立黃金梯滑,2
464,黃金梯滑並,2
465,金梯滑並行,2
466,梯滑並行難,2
467,滑並行難知,2
468,並行難知向,2
469,行難知向華,2
470,難知向華清,2
471,知向華清年,2
472,向華清年月,2
473,華清年月滿,2
474,清年月滿山,2
475,年月滿山頭,2
476,月滿山頭山,2
477,滿山頭山底,2
478,山頭山底種,2
479,頭山底種長,2
480,山底種長生,2
481,底種長生去,2
482,種長生去時,2
483,長生去時留,2
484,生去時留下,2
485,去時留下霓,2
486,時留下霓裳,2
487,留下霓裳曲,2
488,下霓裳曲總,2
489,霓裳曲總是,2
490,裳曲總是離,2
491,曲總是離宮,2
492,總是離宮別,2
493,是離宮別館,2
494,離宮別館聲,2
495,池邊巢破松,2
496,邊巢破松樹,2
497,巢破松樹死,2
498,破松樹死樹,2
499,松樹死樹頭,2
500,樹死樹頭年,2
501,死樹頭年年,2
502,樹頭年年烏,2
503,頭年年烏生,2
504,年年烏生子,2
505,射鴨芙蓉園,2
506,鴨芙蓉園裏,2
507,芙蓉園裏看,2
508,蓉園裏看花,2
509,園裏看花日,2
510,紅天子千年,2
511,天子千年萬,2
512,子千年萬歲,2
513,千年萬歲未,2
514,年萬歲未央,2
515,揚州橋邊小,2
516,州橋邊小婦,2
517,橋邊小婦長,2
518,邊小婦長幹,2
519,小婦長幹市,2
520,婦長幹市里,2
521,長幹市里商,2
522,幹市里商人,2
523,市里商人三,2
524,里商人三年,2
525,商人三年不,2
526,人三年不得,2
527,三年不得消,2
528,猿聲萬里三,2
529,聲萬里三湘,2
530,萬里三湘客,2
531,里三湘客到,2
532,三湘客到有,2
533,湘客到有風,2
534,幾度三台聞,2
535,度三台聞身,2
536,三台聞身強,2
537,台聞身強健,2
538,聞身強健且,2
539,秋燈向壁掩,2
540,燈向壁掩洞,2
541,向壁掩洞房,2
542,壁掩洞房良,2
543,掩洞房良人,2
544,洞房良人此,2
545,房良人此夜,2
546,良人此夜直,2
547,人此夜直明,2
548,此夜直明光,2
549,夜直明光天,2
550,直明光天河,2
551,明光天河悠,2
552,光天河悠悠,2
553,天河悠悠漏,2
554,河悠悠漏水,2
555,悠悠漏水長,2
556,悠漏水長南,2
557,漏水長南樓,2
558,水長南樓北,2
559,長南樓北斗,2
560,南樓北斗兩,2
561,樓北斗兩相,2
562,北斗兩相當,2
563,樹秋日日上,1
564,秋日日上江,1
565,日日上江樓,1
566,日上江樓夢,1
567,上江樓夢見,1
568,應是白頭采,1
569,是白頭采桑,1
570,白頭采桑畏,1
571,頭采桑畏日,1
572,采桑畏日高,1
573,桑畏日高不,1
574,畏日高不待,1
575,日高不待春,1
576,高不待春眠,1
577,不待春眠足,1
578,待春眠足攀,1
579,春眠足攀條,1
580,眠足攀條有,1
581,足攀條有餘,1
582,攀條有餘愁,1
583,條有餘愁那,1
584,有餘愁那矜,1
585,餘愁那矜貌,1
586,愁那矜貌如,1
587,那矜貌如玉,1
588,矜貌如玉千,1
589,貌如玉千金,1
590,如玉千金豈,1
591,玉千金豈不,1
592,千金豈不贈,1
593,金豈不贈五,1
594,豈不贈五馬,1
595,不贈五馬空,1
596,贈五馬空躑,1
597,五馬空躑躅,1
598,馬空躑躅何,1
599,空躑躅何以,1
600,躑躅何以變,1
601,躅何以變真,1
602,何以變真性,1
603,以變真性幽,1
604,變真性幽篁,1
605,真性幽篁雪,1
606,性幽篁雪中,1
607,幽篁雪中綠,1
608,篁雪中綠城,1
609,雪中綠城邊,1
610,中綠城邊路,1
611,綠城邊路今,1
612,城邊路今人,1
613,邊路今人犁,1
614,路今人犁田,1
615,今人犁田昔,1
616,人犁田昔人,1
617,犁田昔人墓,1
618,田昔人墓岸,1
619,昔人墓岸上,1
620,人墓岸上沙,1
621,墓岸上沙昔,1
622,岸上沙昔時,1
623,上沙昔時江,1
624,沙昔時江水,1
625,昔時江水今,1
626,時江水今人,1
627,江水今人家,1
628,水今人家紫,1
629,今人家紫燕,1
630,人家紫燕西,1
631,家紫燕西飛,1
632,紫燕西飛欲,1
633,燕西飛欲寄,1
634,西飛欲寄書,1
635,飛欲寄書白,1
636,欲寄書白雲,1
637,寄書白雲何,1
638,書白雲何處,1
639,白雲何處逢,1
640,雲何處逢來,1
641,何處逢來客,1
642,處逢來客新,1
643,逢來客新系,1
644,來客新系青,1
645,客新系青絲,1
646,新系青絲百,1
647,系青絲百尺,1
648,青絲百尺繩,1
649,絲百尺繩心,1
650,百尺繩心在,1
651,尺繩心在君,1
652,繩心在君家,1
653,心在君家轆,1
654,在君家轆轤,1
655,君家轆轤上,1
656,家轆轤上我,1
657,轆轤上我心,1
658,轤上我心皎,1
659,上我心皎潔,1
660,我心皎潔君,1
661,心皎潔君不,1
662,皎潔君不知,1
663,潔君不知轆,1
664,君不知轆轤,1
665,不知轆轤一,1
666,知轆轤一轉,1
667,轆轤一轉一,1
668,轤一轉一惆,1
669,一轉一惆悵,1
670,轉一惆悵何,1
671,一惆悵何處,1
672,惆悵何處春,1
673,悵何處春風,1
674,何處春風吹,1
675,處春風吹曉,1
676,春風吹曉幕,1
677,風吹曉幕江,1
678,吹曉幕江南,1
679,曉幕江南綠,1
680,幕江南綠水,1
681,江南綠水通,1
682,南綠水通朱,1
683,綠水通朱閣,1
684,水通朱閣美,1
685,通朱閣美人,1
686,朱閣美人二,1
687,閣美人二八,1
688,美人二八面,1
689,人二八面如,1
690,二八面如花,1
691,八面如花泣,1
692,面如花泣向,1
693,如花泣向東,1
694,花泣向東風,1
695,泣向東風畏,1
696,向東風畏花,1
697,東風畏花落,1
698,風畏花落候,1
699,畏花落候騎,1
700,花落候騎出,1
701,落候騎出紛,1
702,候騎出紛紛,1
703,騎出紛紛元,1
704,出紛紛元戎,1
705,紛紛元戎霍,1
706,紛元戎霍冠,1
707,元戎霍冠軍,1
708,戎霍冠軍漢,1
709,霍冠軍漢鞞,1
710,冠軍漢鞞秋,1
711,軍漢鞞秋聒,1
712,漢鞞秋聒地,1
713,鞞秋聒地羌,1
714,秋聒地羌火,1
715,聒地羌火晝,1
716,地羌火晝燒,1
717,羌火晝燒雲,1
718,火晝燒雲萬,1
719,晝燒雲萬里,1
720,燒雲萬里戍,1
721,雲萬里戍城,1
722,萬里戍城合,1
723,里戍城合三,1
724,戍城合三邊,1
725,城合三邊羽,1
726,合三邊羽檄,1
727,三邊羽檄分,1
728,邊羽檄分烏,1
729,羽檄分烏孫,1
730,檄分烏孫驅,1
731,分烏孫驅未,1
732,烏孫驅未盡,1
733,孫驅未盡肯,1
734,驅未盡肯顧,1
735,未盡肯顧遼,1
736,盡肯顧遼陽,1
737,肯顧遼陽勳,1
738,顧遼陽勳漢,1
739,遼陽勳漢旆,1
740,陽勳漢旆拂,1
741,勳漢旆拂丹,1
742,漢旆拂丹霄,1
743,旆拂丹霄漢,1
744,拂丹霄漢軍,1
745,丹霄漢軍新,1
746,霄漢軍新破,1
747,漢軍新破遼,1
748,軍新破遼紅,1
749,新破遼紅塵,1
750,破遼紅塵驅,1
751,遼紅塵驅鹵,1
752,紅塵驅鹵簿,1
753,塵驅鹵簿白,1
754,驅鹵簿白羽,1
755,鹵簿白羽擁,1
756,簿白羽擁嫖,1
757,白羽擁嫖姚,1
758,羽擁嫖姚戰,1
759,擁嫖姚戰苦,1
760,嫖姚戰苦軍,1
761,姚戰苦軍猶,1
762,戰苦軍猶樂,1
763,苦軍猶樂功,1
764,軍猶樂功高,1
765,猶樂功高將,1
766,樂功高將不,1
767,功高將不驕,1
768,高將不驕至,1
769,將不驕至今,1
770,不驕至今丁,1
771,驕至今丁令,1
772,至今丁令塞,1
773,今丁令塞朔,1
774,丁令塞朔吹,1
775,令塞朔吹空,1
776,塞朔吹空蕭,1
777,朔吹空蕭蕭,1
778,吹空蕭蕭百,1
779,空蕭蕭百萬,1
780,蕭蕭百萬逐,1
781,蕭百萬逐呼,1
782,百萬逐呼韓,1
783,萬逐呼韓頻,1
784,逐呼韓頻年,1
785,呼韓頻年不,1
786,韓頻年不解,1
787,頻年不解鞍,1
788,年不解鞍兵,1
789,不解鞍兵屯,1
790,解鞍兵屯絕,1
791,鞍兵屯絕漠,1
792,兵屯絕漠暗,1
793,屯絕漠暗馬,1
794,絕漠暗馬飲,1
795,漠暗馬飲濁,1
796,暗馬飲濁河,1
797,馬飲濁河幹,1
798,飲濁河幹破,1
799,濁河幹破虜,1
800,河幹破虜功,1
801,幹破虜功未,1
802,破虜功未錄,1
803,虜功未錄勞,1
804,功未錄勞師,1
805,未錄勞師力,1
806,錄勞師力已,1
807,勞師力已殫,1
808,師力已殫須,1
809,力已殫須防,1
810,已殫須防肘,1
811,殫須防肘腋,1
812,須防肘腋下,1
813,防肘腋下飛,1
814,肘腋下飛禍,1
815,腋下飛禍出,1
816,下飛禍出無,1
817,飛禍出無端,1
818,禍出無端飛,1
819,出無端飛將,1
820,無端飛將下,1
821,端飛將下天,1
822,飛將下天來,1
823,將下天來奇,1
824,下天來奇謀,1
825,天來奇謀閫,1
826,來奇謀閫外,1
827,奇謀閫外裁,1
828,謀閫外裁水,1
829,閫外裁水心,1
830,外裁水心龍,1
831,裁水心龍劍,1
832,水心龍劍動,1
833,心龍劍動地,1
834,龍劍動地肺,1
835,劍動地肺雁,1
836,動地肺雁山,1
837,地肺雁山開,1
838,肺雁山開望,1
839,雁山開望氣,1
840,山開望氣燕,1
841,開望氣燕師,1
842,望氣燕師銳,1
843,氣燕師銳當,1
844,燕師銳當鋒,1
845,師銳當鋒虜,1
846,銳當鋒虜陣,1
847,當鋒虜陣摧,1
848,鋒虜陣摧從,1
849,虜陣摧從今,1
850,陣摧從今射,1
851,摧從今射雕,1
852,從今射雕騎,1
853,今射雕騎不,1
854,射雕騎不敢,1
855,雕騎不敢過,1
856,騎不敢過雲,1
857,不敢過雲堆,1
858,敢過雲堆黃,1
859,過雲堆黃紙,1
860,雲堆黃紙君,1
861,堆黃紙君王,1
862,黃紙君王詔,1
863,紙君王詔青,1
864,君王詔青泥,1
865,王詔青泥校,1
866,詔青泥校尉,1
867,青泥校尉書,1
868,泥校尉書誓,1
869,校尉書誓師,1
870,尉書誓師張,1
871,書誓師張虎,1
872,誓師張虎落,1
873,師張虎落選,1
874,張虎落選將,1
875,虎落選將擐,1
876,落選將擐犀,1
877,選將擐犀渠,1
878,將擐犀渠霧,1
879,擐犀渠霧暗,1
880,犀渠霧暗津,1
881,渠霧暗津浦,1
882,霧暗津浦失,1
883,暗津浦失天,1
884,津浦失天寒,1
885,浦失天寒塞,1
886,失天寒塞柳,1
887,天寒塞柳疏,1
888,寒塞柳疏橫,1
889,塞柳疏橫行,1
890,柳疏橫行十,1
891,疏橫行十萬,1
892,橫行十萬騎,1
893,行十萬騎欲,1
894,十萬騎欲掃,1
895,萬騎欲掃虜,1
896,騎欲掃虜塵,1
897,欲掃虜塵餘,1
898,掃虜塵餘庭,1
899,虜塵餘庭樹,1
900,塵餘庭樹烏,1
901,餘庭樹烏爾,1
902,半當戶啼風,1
903,當戶啼風飄,1
904,戶啼風飄雨,1
905,啼風飄雨濕,1
906,頭多好枝章,1
907,多好枝章華,1
908,好枝章華宮,1
909,枝章華宮人,1
910,山山葉墮獨,1
911,山葉墮獨獨,1
912,葉墮獨獨漉,1
913,墮獨獨漉漉,1
914,直人心曲酒,1
915,人心曲酒多,1
916,心曲酒多夜,1
917,曲酒多夜長,1
918,聲更窈窕弟,1
919,更窈窕弟子,1
920,窈窕弟子部,1
921,窕弟子部中,1
922,宮別館聲池,1
923,別館聲池邊,1
924,館聲池邊巢,1
925,聲池邊巢破,1
926,年烏生子空,1
927,烏生子空城,1
928,生子空城雀,1
929,子空城雀何,1
930,空城雀何不,1
931,城雀何不飛,1
932,雀何不飛來,1
933,何不飛來人,1
934,不飛來人家,1
935,飛來人家住,1
936,來人家住空,1
937,人家住空城,1
938,家住空城無,1
939,住空城無人,1
940,空城無人種,1
941,城無人種禾,1
942,無人種禾黍,1
943,人種禾黍魚,1
944,種禾黍魚藻,1
945,禾黍魚藻池,1
946,黍魚藻池邊,1
947,幾許多時秋,1
948,許多時秋燈,1
949,多時秋燈向,1
950,時秋燈向壁,1
951,斗兩相當主,1
952,兩相當主人,1
953,相當主人昔,1
954,當主人昔專,1
955,主人昔專城,1
956,人昔專城城,1
957,昔專城城南,1
958,專城城南起,1
959,城城南起高,1
960,城南起高亭,1
961,南起高亭貴,1
962,起高亭貴與,1
963,高亭貴與賓,1
964,亭貴與賓客,1
965,貴與賓客遊,1
966,與賓客遊工,1
967,賓客遊工者,1
968,客遊工者夜,1
969,遊工者夜不,1
970,工者夜不寧,1
971,者夜不寧酒,1
972,夜不寧酒食,1
973,不寧酒食宴,1
974,寧酒食宴圃,1
975,酒食宴圃人,1
976,食宴圃人栽,1
977,宴圃人栽接,1
978,圃人栽接望,1
979,人栽接望早,1
980,栽接望早成,1
981,接望早成經,1
982,望早成經年,1
983,早成經年使,1
984,成經年使家,1
985,經年使家僮,1
986,年使家僮遠,1
987,使家僮遠道,1
988,家僮遠道求,1
989,僮遠道求異,1
990,遠道求異英,1
991,道求異英郡,1
992,求異英郡中,1
993,異英郡中暫,1
994,英郡中暫閒,1
995,郡中暫閒暇,1
996,中暫閒暇繞,1
997,暫閒暇繞樹,1
998,閒暇繞樹引,1
999,暇繞樹引諸,1
1000,繞樹引諸生,1
1001,樹引諸生開,1
1002,引諸生開泉,1
1003,諸生開泉浴,1
1004,生開泉浴山,1
1005,開泉浴山禽,1
1006,泉浴山禽為,1
1007,浴山禽為愛,1
1008,山禽為愛山,1
1009,禽為愛山中,1
1010,為愛山中聲,1
1011,愛山中聲世,1
1012,山中聲世間,1
1013,中聲世間事,1
1014,聲世間事難,1
1015,世間事難保,1
1016,間事難保一,1
1017,事難保一日,1
1018,難保一日各,1
1019,保一日各徂,1
1020,一日各徂征,1
1021,日各徂征死,1
1022,各徂征死生,1
1023,徂征死生不,1
1024,征死生不相,1
1025,死生不相及,1
1026,生不相及花,1
1027,不相及花落,1
1028,相及花落實,1
1029,及花落實方,1
1030,花落實方榮,1
1031,落實方榮我,1
1032,實方榮我來,1
1033,方榮我來至,1
1034,榮我來至此,1
1035,我來至此中,1
1036,來至此中守,1
1037,至此中守吏,1
1038,此中守吏非,1
1039,中守吏非本,1
1040,守吏非本名,1
1041,吏非本名重,1
1042,非本名重君,1
1043,本名重君昔,1
1044,名重君昔為,1
1045,重君昔為主,1
1046,君昔為主相,1
1047,昔為主相與,1
1048,為主相與下,1
1049,主相與下馬,1
1050,相與下馬行,1
1051,與下馬行舊,1
1052,下馬行舊島,1
1053,馬行舊島日,1
1054,行舊島日日,1
1055,舊島日日摧,1
1056,島日日摧池,1
1057,日日摧池水,1
1058,日摧池水不,1
1059,摧池水不復,1
1060,池水不復清,1
1061,水不復清豈,1
1062,不復清豈無,1
1063,復清豈無後,1
1064,清豈無後人,1
1065,豈無後人賞,1
1066,無後人賞所,1
1067,後人賞所貴,1
1068,人賞所貴手,1
1069,賞所貴手自,1
1070,所貴手自營,1
1071,貴手自營澆,1
1072,手自營澆酒,1
1073,自營澆酒向,1
1074,營澆酒向所,1
1075,澆酒向所思,1
1076,酒向所思風,1
1077,向所思風起,1
1078,所思風起如,1
1079,思風起如有,1
1080,風起如有靈,1
1081,起如有靈此,1
1082,如有靈此去,1
1083,有靈此去不,1
1084,靈此去不重,1
1085,此去不重來,1
1086,去不重來重,1
1087,不重來重來,1
1088,重來重來傷,1
1089,來重來傷我,1
1090,重來傷我形,1
1091,來傷我形漢,1
1092,傷我形漢家,1
1093,我形漢家逐,1
1094,形漢家逐單,1
1095,漢家逐單于,1
1096,家逐單于日,1
1097,逐單于日沒,1
1098,單于日沒處,1
1099,于日沒處河,1
1100,日沒處河曲,1
1101,沒處河曲浮,1
1102,處河曲浮雲,1
1103,河曲浮雲道,1
1104,曲浮雲道旁,1
1105,浮雲道旁起,1
1106,雲道旁起行,1
1107,道旁起行子,1
1108,旁起行子車,1
1109,起行子車下,1
1110,行子車下宿,1
1111,子車下宿槍,1
1112,車下宿槍城,1
1113,下宿槍城圍,1
1114,宿槍城圍鼓,1
1115,槍城圍鼓角,1
1116,城圍鼓角氈,1
1117,圍鼓角氈帳,1
1118,鼓角氈帳依,1
1119,角氈帳依山,1
1120,氈帳依山谷,1
1121,帳依山谷馬,1
1122,依山谷馬上,1
1123,山谷馬上懸,1
1124,谷馬上懸壺,1
1125,馬上懸壺漿,1
1126,上懸壺漿刀,1
1127,懸壺漿刀頭,1
1128,壺漿刀頭分,1
1129,漿刀頭分頰,1
1130,刀頭分頰肉,1
1131,頭分頰肉來,1
1132,分頰肉來時,1
1133,頰肉來時高,1
1134,肉來時高堂,1
1135,來時高堂上,1
1136,時高堂上父,1
1137,高堂上父母,1
1138,堂上父母親,1
1139,上父母親結,1
1140,父母親結束,1
1141,母親結束回,1
1142,親結束回面,1
1143,結束回面不,1
1144,束回面不見,1
1145,回面不見家,1
1146,面不見家風,1
1147,不見家風吹,1
1148,見家風吹破,1
1149,家風吹破衣,1
1150,風吹破衣服,1
1151,吹破衣服金,1
1152,破衣服金瘡,1
1153,衣服金瘡在,1
1154,服金瘡在肢,1
1155,金瘡在肢節,1
1156,瘡在肢節相,1
1157,在肢節相與,1
1158,肢節相與拔,1
1159,節相與拔箭,1
1160,相與拔箭鏃,1
1161,與拔箭鏃聞,1
1162,拔箭鏃聞道,1
1163,箭鏃聞道西,1
1164,鏃聞道西涼,1
1165,聞道西涼州,1
1166,道西涼州家,1
1167,西涼州家家,1
1168,涼州家家婦,1
1169,州家家婦女,1
1170,家家婦女哭,1
1171,家婦女哭遠,1
1172,婦女哭遠客,1
1173,女哭遠客無,1
1174,哭遠客無主,1
1175,遠客無主人,1
1176,客無主人夜,1
1177,無主人夜投,1
1178,主人夜投邯,1
1179,人夜投邯鄲,1
1180,夜投邯鄲市,1
1181,投邯鄲市飛,1
1182,邯鄲市飛蛾,1
1183,鄲市飛蛾繞,1
1184,市飛蛾繞殘,1
1185,飛蛾繞殘燭,1
1186,蛾繞殘燭半,1
1187,繞殘燭半夜,1
1188,殘燭半夜人,1
1189,燭半夜人醉,1
1190,半夜人醉起,1
1191,夜人醉起壚,1
1192,人醉起壚邊,1
1193,醉起壚邊酒,1
1194,起壚邊酒家,1
1195,壚邊酒家女,1
1196,邊酒家女遺,1
1197,酒家女遺我,1
1198,家女遺我緗,1
1199,女遺我緗綺,1
1200,遺我緗綺被,1
1201,我緗綺被合,1
1202,緗綺被合成,1
1203,綺被合成雙,1
1204,被合成雙鳳,1
1205,合成雙鳳花,1
1206,成雙鳳花宛,1
1207,雙鳳花宛轉,1
1208,鳳花宛轉不,1
1209,花宛轉不相,1
1210,宛轉不相離,1
1211,轉不相離縱,1
1212,不相離縱令,1
1213,相離縱令顏,1
1214,離縱令顏色,1
1215,縱令顏色改,1
1216,令顏色改勿,1
1217,顏色改勿遣,1
1218,色改勿遣合,1
1219,改勿遣合歡,1
1220,勿遣合歡異,1
1221,遣合歡異一,1
1222,合歡異一念,1
1223,歡異一念始,1
1224,異一念始為,1
1225,一念始為難,1
1226,念始為難萬,1
1227,始為難萬金,1
1228,為難萬金誰,1
1229,難萬金誰足,1
1230,萬金誰足貴,1
1231,金誰足貴門,1
1232,誰足貴門前,1
1233,足貴門前長,1
1234,貴門前長安,1
1235,門前長安道,1
1236,前長安道去,1
1237,長安道去者,1
1238,安道去者如,1
1239,道去者如流,1
1240,去者如流水,1
1241,者如流水晨,1
1242,如流水晨風,1
1243,流水晨風群,1
1244,水晨風群鳥,1
1245,晨風群鳥翔,1
1246,風群鳥翔裴,1
1247,群鳥翔裴回,1
1248,鳥翔裴回別,1
1249,翔裴回別離,1
1250,裴回別離此,1
1251,回別離此載,1
1252,別離此載酒,1
1253,離此載酒入,1
1254,此載酒入煙,1
1255,載酒入煙浦,1
1256,酒入煙浦方,1
1257,入煙浦方舟,1
1258,煙浦方舟泛,1
1259,浦方舟泛綠,1
1260,方舟泛綠波,1
1261,舟泛綠波子,1
1262,泛綠波子酌,1
1263,綠波子酌我,1
1264,波子酌我複,1
1265,子酌我複飲,1
1266,酌我複飲子,1
1267,我複飲子飲,1
1268,複飲子飲我,1
1269,飲子飲我還,1
1270,子飲我還歌,1
1271,飲我還歌蓮,1
1272,我還歌蓮深,1
1273,還歌蓮深微,1
1274,歌蓮深微路,1
1275,蓮深微路通,1
1276,深微路通峰,1
1277,微路通峰曲,1
1278,路通峰曲幽,1
1279,通峰曲幽氣,1
1280,峰曲幽氣多,1
1281,曲幽氣多閱,1
1282,幽氣多閱芳,1
1283,氣多閱芳無,1
1284,多閱芳無留,1
1285,閱芳無留瞬,1
1286,芳無留瞬弄,1
1287,無留瞬弄桂,1
1288,留瞬弄桂不,1
1289,瞬弄桂不停,1
1290,弄桂不停柯,1
1291,桂不停柯水,1
1292,不停柯水上,1
1293,停柯水上秋,1
1294,柯水上秋日,1
1295,水上秋日鮮,1
1296,上秋日鮮西,1
1297,秋日鮮西山,1
1298,日鮮西山碧,1
1299,鮮西山碧峨,1
1300,西山碧峨峨,1
1301,山碧峨峨茲,1
1302,碧峨峨茲歡,1
1303,峨峨茲歡良,1
1304,峨茲歡良可,1
1305,茲歡良可貴,1
1306,歡良可貴誰,1
1307,良可貴誰複,1
1308,可貴誰複更,1
1309,貴誰複更來,1
1310,誰複更來過,1
1311,複更來過江,1
1312,更來過江上,1
1313,來過江上風,1
1314,過江上風翛,1
1315,江上風翛翛,1
1316,上風翛翛竹,1
1317,風翛翛竹間,1
1318,翛翛竹間湘,1
1319,翛竹間湘水,1
1320,竹間湘水流,1
1321,間湘水流日,1
1322,湘水流日夜,1
1323,水流日夜桂,1
1324,流日夜桂花,1
1325,日夜桂花落,1
1326,夜桂花落行,1
1327,桂花落行人,1
1328,花落行人去,1
1329,落行人去悠,1
1330,行人去悠悠,1
1331,人去悠悠複,1
1332,去悠悠複見,1
1333,悠悠複見離,1
1334,悠複見離別,1
1335,複見離別處,1
1336,見離別處蟲,1
1337,離別處蟲聲,1
1338,別處蟲聲陰,1
1339,處蟲聲陰雨,1
1340,蟲聲陰雨秋,1
1341,聲陰雨秋處,1
1342,陰雨秋處處,1
1343,雨秋處處江,1
1344,秋處處江草,1
1345,處處江草綠,1
1346,處江草綠行,1
1347,江草綠行人,1
1348,草綠行人發,1
1349,綠行人發瀟,1
1350,行人發瀟湘,1
1351,人發瀟湘瀟,1
1352,發瀟湘瀟湘,1
1353,瀟湘瀟湘回,1
1354,湘瀟湘回雁,1
1355,瀟湘回雁多,1
1356,湘回雁多日,1
1357,回雁多日夜,1
1358,雁多日夜思,1
1359,多日夜思故,1
1360,日夜思故鄉,1
1361,夜思故鄉春,1
1362,思故鄉春夢,1
1363,故鄉春夢不,1
1364,鄉春夢不知,1
1365,春夢不知數,1
1366,夢不知數空,1
1367,不知數空山,1
1368,知數空山蘭,1
1369,數空山蘭蕙,1
1370,空山蘭蕙芳,1
1371,山蘭蕙芳萬,1
1372,蘭蕙芳萬里,1
1373,蕙芳萬里發,1
1374,芳萬里發遼,1
1375,萬里發遼陽,1
1376,里發遼陽處,1
1377,發遼陽處處,1
1378,遼陽處處問,1
1379,陽處處問家,1
1380,處處問家鄉,1
1381,處問家鄉回,1
1382,問家鄉回車,1
1383,家鄉回車不,1
1384,鄉回車不淹,1
1385,回車不淹轍,1
1386,車不淹轍雨,1
1387,不淹轍雨雪,1
1388,淹轍雨雪滿,1
1389,轍雨雪滿衣,1
1390,雨雪滿衣裳,1
1391,雪滿衣裳行,1
1392,滿衣裳行見,1
1393,衣裳行見日,1
1394,裳行見日月,1
1395,行見日月疾,1
1396,見日月疾坐,1
1397,日月疾坐思,1
1398,月疾坐思道,1
1399,疾坐思道路,1
1400,坐思道路長,1
1401,思道路長但,1
1402,道路長但令,1
1403,路長但令不,1
1404,長但令不征,1
1405,但令不征戍,1
1406,令不征戍暗,1
1407,不征戍暗鏡,1
1408,征戍暗鏡生,1
1409,戍暗鏡生重,1
1410,暗鏡生重光,1
1411,鏡生重光妾,1
1412,生重光妾思,1
1413,重光妾思常,1
1414,光妾思常懸,1
1415,妾思常懸懸,1
1416,思常懸懸君,1
1417,常懸懸君行,1
1418,懸懸君行複,1
1419,懸君行複綿,1
1420,君行複綿綿,1
1421,行複綿綿征,1
1422,複綿綿征途,1
1423,綿綿征途向,1
1424,綿征途向何,1
1425,征途向何處,1
1426,途向何處碧,1
1427,向何處碧海,1
1428,何處碧海與,1
1429,處碧海與青,1
1430,碧海與青天,1
1431,海與青天歲,1
1432,與青天歲久,1
1433,青天歲久自,1
1434,天歲久自有,1
1435,歲久自有念,1
1436,久自有念誰,1
1437,自有念誰令,1
1438,有念誰令長,1
1439,念誰令長在,1
1440,誰令長在邊,1
1441,令長在邊少,1
1442,長在邊少年,1
1443,在邊少年若,1
1444,邊少年若不,1
1445,少年若不歸,1
1446,年若不歸蘭,1
1447,若不歸蘭室,1
1448,不歸蘭室如,1
1449,歸蘭室如黃,1
1450,蘭室如黃泉,1
1451,室如黃泉離,1
1452,如黃泉離人,1
1453,黃泉離人隔,1
1454,泉離人隔中,1
1455,離人隔中庭,1
1456,人隔中庭幸,1
1457,隔中庭幸不,1
1458,中庭幸不為,1
1459,庭幸不為遠,1
1460,幸不為遠征,1
1461,不為遠征雕,1
1462,為遠征雕梁,1
1463,遠征雕梁下,1
1464,征雕梁下有,1
1465,雕梁下有壁,1
1466,梁下有壁聞,1
1467,下有壁聞語,1
1468,有壁聞語亦,1
1469,壁聞語亦聞,1
1470,聞語亦聞行,1
1471,語亦聞行天,1
1472,亦聞行天涯,1
1473,聞行天涯尚,1
1474,行天涯尚寄,1
1475,天涯尚寄信,1
1476,涯尚寄信此,1
1477,尚寄信此處,1
1478,寄信此處不,1
1479,信此處不傳,1
1480,此處不傳情,1
1481,處不傳情君,1
1482,不傳情君能,1
1483,傳情君能並,1
1484,情君能並照,1
1485,君能並照水,1
1486,能並照水形,1
1487,並照水形影,1
1488,照水形影自,1
1489,水形影自分,1
1490,形影自分明,1
1491,影自分明大,1
1492,自分明大國,1
1493,分明大國禮,1
1494,明大國禮樂,1
1495,大國禮樂備,1
1496,國禮樂備萬,1
1497,禮樂備萬邦,1
1498,樂備萬邦朝,1
1499,備萬邦朝元,1
1500,萬邦朝元正,1
1501,邦朝元正東,1
1502,朝元正東方,1
1503,元正東方色,1
1504,正東方色未,1
1505,東方色未動,1
1506,方色未動冠,1
1507,色未動冠劍,1
1508,未動冠劍門,1
1509,動冠劍門已,1
1510,冠劍門已盈,1
1511,劍門已盈帝,1
1512,門已盈帝居,1
1513,已盈帝居在,1
1514,盈帝居在蓬,1
1515,帝居在蓬萊,1
1516,居在蓬萊肅,1
1517,在蓬萊肅肅,1
1518,蓬萊肅肅鐘,1
1519,萊肅肅鐘漏,1
1520,肅肅鐘漏清,1
1521,肅鐘漏清將,1
1522,鐘漏清將軍,1
1523,漏清將軍領,1
1524,清將軍領羽,1
1525,將軍領羽林,1
1526,軍領羽林持,1
1527,領羽林持戟,1
1528,羽林持戟巡,1
1529,林持戟巡宮,1
1530,持戟巡宮城,1
1531,戟巡宮城翠,1
1532,巡宮城翠華,1
1533,宮城翠華皆,1
1534,城翠華皆宿,1
1535,翠華皆宿陳,1
1536,華皆宿陳雪,1
1537,皆宿陳雪仗,1
1538,宿陳雪仗羅,1
1539,陳雪仗羅天,1
1540,雪仗羅天兵,1
1541,仗羅天兵庭,1
1542,羅天兵庭燎,1
1543,天兵庭燎遠,1
1544,兵庭燎遠煌,1
1545,庭燎遠煌煌,1
1546,燎遠煌煌旗,1
1547,遠煌煌旗上,1
1548,煌煌旗上日,1
1549,煌旗上日月,1
1550,旗上日月明,1
1551,上日月明聖,1
1552,日月明聖人,1
1553,月明聖人龍,1
1554,明聖人龍火,1
1555,聖人龍火衣,1
1556,人龍火衣寢,1
1557,龍火衣寢殿,1
1558,火衣寢殿開,1
1559,衣寢殿開璿,1
1560,寢殿開璿扃,1
1561,殿開璿扃龍,1
1562,開璿扃龍樓,1
1563,璿扃龍樓橫,1
1564,扃龍樓橫紫,1
1565,龍樓橫紫煙,1
1566,樓橫紫煙宮,1
1567,橫紫煙宮女,1
1568,紫煙宮女天,1
1569,煙宮女天中,1
1570,宮女天中行,1
1571,女天中行六,1
1572,天中行六蕃,1
1573,中行六蕃倍,1
1574,行六蕃倍位,1
1575,六蕃倍位次,1
1576,蕃倍位次衣,1
1577,倍位次衣服,1
1578,位次衣服各,1
1579,次衣服各異,1
1580,衣服各異形,1
1581,服各異形舉,1
1582,各異形舉頭,1
1583,異形舉頭看,1
1584,形舉頭看玉,1
1585,舉頭看玉牌,1
1586,頭看玉牌不,1
1587,看玉牌不識,1
1588,玉牌不識宮,1
1589,牌不識宮殿,1
1590,不識宮殿名,1
1591,識宮殿名左,1
1592,宮殿名左右,1
1593,殿名左右雉,1
1594,名左右雉扇,1
1595,左右雉扇開,1
1596,右雉扇開蹈,1
1597,雉扇開蹈舞,1
1598,扇開蹈舞分,1
1599,開蹈舞分滿,1
1600,蹈舞分滿庭,1
1601,舞分滿庭朝,1
1602,分滿庭朝服,1
1603,滿庭朝服帶,1
1604,庭朝服帶金,1
1605,朝服帶金玉,1
1606,服帶金玉珊,1
1607,帶金玉珊珊,1
1608,金玉珊珊相,1
1609,玉珊珊相觸,1
1610,珊珊相觸聲,1
1611,珊相觸聲泰,1
1612,相觸聲泰階,1
1613,觸聲泰階備,1
1614,聲泰階備雅,1
1615,泰階備雅樂,1
1616,階備雅樂九,1
1617,備雅樂九奏,1
1618,雅樂九奏鸞,1
1619,樂九奏鸞鳳,1
1620,九奏鸞鳳鳴,1
1621,奏鸞鳳鳴裴,1
1622,鸞鳳鳴裴回,1
1623,鳳鳴裴回慶,1
1624,鳴裴回慶雲,1
1625,裴回慶雲中,1
1626,回慶雲中竽,1
1627,慶雲中竽磬,1
1628,雲中竽磬寒,1
1629,中竽磬寒錚,1
1630,竽磬寒錚錚,1
1631,磬寒錚錚三,1
1632,寒錚錚三公,1
1633,錚錚三公再,1
1634,錚三公再獻,1
1635,三公再獻壽,1
1636,公再獻壽上,1
1637,再獻壽上帝,1
1638,獻壽上帝錫,1
1639,壽上帝錫永,1
1640,上帝錫永貞,1
1641,帝錫永貞天,1
1642,錫永貞天明,1
1643,永貞天明告,1
1644,貞天明告四,1
1645,天明告四方,1
1646,明告四方群,1
1647,告四方群後,1
1648,四方群後保,1
1649,方群後保太,1
1650,群後保太平,1
1651,後保太平昔,1
1652,保太平昔聞,1
1653,太平昔聞著,1
1654,平昔聞著征,1
1655,昔聞著征戍,1
1656,聞著征戍三,1
1657,著征戍三年,1
1658,征戍三年一,1
1659,戍三年一還,1
1660,三年一還鄉,1
1661,年一還鄉今,1
1662,一還鄉今來,1
1663,還鄉今來不,1
1664,鄉今來不換,1
1665,今來不換兵,1
1666,來不換兵須,1
1667,不換兵須死,1
1668,換兵須死在,1
1669,兵須死在戰,1
1670,須死在戰場,1
1671,死在戰場念,1
1672,在戰場念子,1
1673,戰場念子無,1
1674,場念子無氣,1
1675,念子無氣力,1
1676,子無氣力徒,1
1677,無氣力徒學,1
1678,氣力徒學事,1
1679,力徒學事戎,1
1680,徒學事戎行,1
1681,學事戎行少,1
1682,事戎行少年,1
1683,戎行少年得,1
1684,行少年得生,1
1685,少年得生還,1
1686,年得生還有,1
1687,得生還有同,1
1688,生還有同墮,1
1689,還有同墮穹,1
1690,有同墮穹蒼,1
1691,同墮穹蒼自,1
1692,墮穹蒼自去,1
1693,穹蒼自去報,1
1694,蒼自去報爾,1
1695,自去報爾家,1
1696,去報爾家再,1
1697,報爾家再行,1
1698,爾家再行上,1
1699,家再行上高,1
1700,再行上高堂,1
1701,行上高堂爾,1
1702,上高堂爾弟,1
1703,高堂爾弟修,1
1704,堂爾弟修廢,1
1705,爾弟修廢櫪,1
1706,弟修廢櫪爾,1
1707,修廢櫪爾母,1
1708,廢櫪爾母縫,1
1709,櫪爾母縫新,1
1710,爾母縫新裳,1
1711,母縫新裳恍,1
1712,縫新裳恍恍,1
1713,新裳恍恍恐,1
1714,裳恍恍恐不,1
1715,恍恍恐不真,1
1716,恍恐不真猶,1
1717,恐不真猶未,1
1718,不真猶未苦,1
1719,真猶未苦承,1
1720,猶未苦承望,1
1721,未苦承望每,1
1722,苦承望每日,1
1723,承望每日空,1
1724,望每日空出,1
1725,每日空出城,1
1726,日空出城畏,1
1727,空出城畏渴,1
1728,出城畏渴攜,1
1729,城畏渴攜壺,1
1730,畏渴攜壺漿,1
1731,渴攜壺漿安,1
1732,攜壺漿安得,1
1733,壺漿安得縮,1
1734,漿安得縮地,1
1735,安得縮地經,1
1736,得縮地經忽,1
1737,縮地經忽使,1
1738,地經忽使在,1
1739,經忽使在我,1
1740,忽使在我傍,1
1741,使在我傍亦,1
1742,在我傍亦知,1
1743,我傍亦知遠,1
1744,傍亦知遠行,1
1745,亦知遠行勞,1
1746,知遠行勞人,1
1747,遠行勞人悴,1
1748,行勞人悴馬,1
1749,勞人悴馬玄,1
1750,人悴馬玄黃,1
1751,悴馬玄黃慎,1
1752,馬玄黃慎莫,1
1753,玄黃慎莫多,1
1754,黃慎莫多停,1
1755,慎莫多停留,1
1756,莫多停留苦,1
1757,多停留苦我,1
1758,停留苦我居,1
1759,留苦我居者,1
1760,苦我居者腸,1
1761,我居者腸長,1
1762,居者腸長年,1
1763,者腸長年好,1
1764,腸長年好名,1
1765,長年好名山,1
1766,年好名山本,1
1767,好名山本性,1
1768,名山本性今,1
1769,山本性今得,1
1770,本性今得從,1
1771,性今得從回,1
1772,今得從回看,1
1773,得從回看塵,1
1774,從回看塵跡,1
1775,回看塵跡遙,1
1776,看塵跡遙稍,1
1777,塵跡遙稍見,1
1778,跡遙稍見麋,1
1779,遙稍見麋鹿,1
1780,稍見麋鹿蹤,1
1781,見麋鹿蹤老,1
1782,麋鹿蹤老僧,1
1783,鹿蹤老僧雲,1
1784,蹤老僧雲中,1
1785,老僧雲中居,1
1786,僧雲中居石,1
1787,雲中居石門,1
1788,中居石門青,1
1789,居石門青重,1
1790,石門青重重,1
1791,門青重重陰,1
1792,青重重陰泉,1
1793,重重陰泉養,1
1794,重陰泉養成,1
1795,陰泉養成龜,1
1796,泉養成龜古,1
1797,養成龜古壁,1
1798,成龜古壁飛,1
1799,龜古壁飛卻,1
1800,古壁飛卻龍,1
1801,壁飛卻龍掃,1
1802,飛卻龍掃石,1
1803,卻龍掃石禮,1
1804,龍掃石禮新,1
1805,掃石禮新經,1
1806,石禮新經懸,1
1807,禮新經懸幡,1
1808,新經懸幡上,1
1809,經懸幡上高,1
1810,懸幡上高峰,1
1811,幡上高峰日,1
1812,上高峰日夕,1
1813,高峰日夕猿,1
1814,峰日夕猿鳥,1
1815,日夕猿鳥合,1
1816,夕猿鳥合覓,1
1817,猿鳥合覓食,1
1818,鳥合覓食聽,1
1819,合覓食聽山,1
1820,覓食聽山鐘,1
1821,食聽山鐘將,1
1822,聽山鐘將火,1
1823,山鐘將火尋,1
1824,鐘將火尋遠,1
1825,將火尋遠泉,1
1826,火尋遠泉煮,1
1827,尋遠泉煮茶,1
1828,遠泉煮茶傍,1
1829,泉煮茶傍寒,1
1830,煮茶傍寒松,1
1831,茶傍寒松晚,1
1832,傍寒松晚隨,1
1833,寒松晚隨收,1
1834,松晚隨收藥,1
1835,晚隨收藥人,1
1836,隨收藥人便,1
1837,收藥人便宿,1
1838,藥人便宿南,1
1839,人便宿南澗,1
1840,便宿南澗中,1
1841,宿南澗中晨,1
1842,南澗中晨起,1
1843,澗中晨起沖,1
1844,中晨起沖露,1
1845,晨起沖露行,1
1846,起沖露行濕,1
1847,沖露行濕花,1
1848,露行濕花枝,1
1849,行濕花枝茸,1
1850,濕花枝茸茸,1
1851,花枝茸茸歸,1
1852,枝茸茸歸依,1
1853,茸茸歸依向,1
1854,茸歸依向禪,1
1855,歸依向禪師,1
1856,依向禪師願,1
1857,向禪師願作,1
1858,禪師願作香,1
1859,師願作香火,1
1860,願作香火翁,1
1861,作香火翁六,1
1862,香火翁六月,1
1863,火翁六月晨,1
1864,翁六月晨亦,1
1865,六月晨亦熱,1
1866,月晨亦熱卑,1
1867,晨亦熱卑居,1
1868,亦熱卑居多,1
1869,熱卑居多煩,1
1870,卑居多煩昏,1
1871,居多煩昏五,1
1872,多煩昏五馬,1
1873,煩昏五馬遊,1
1874,昏五馬遊西,1
1875,五馬遊西城,1
1876,馬遊西城几,1
1877,遊西城几杖,1
1878,西城几杖隨,1
1879,城几杖隨朱,1
1880,几杖隨朱輪,1
1881,杖隨朱輪西,1
1882,隨朱輪西樓,1
1883,朱輪西樓臨,1
1884,輪西樓臨方,1
1885,西樓臨方塘,1
1886,樓臨方塘嘉,1
1887,臨方塘嘉木,1
1888,方塘嘉木當,1
1889,塘嘉木當華,1
1890,嘉木當華軒,1
1891,木當華軒鳧,1
1892,當華軒鳧鷖,1
1893,華軒鳧鷖滿,1
1894,軒鳧鷖滿中,1
1895,鳧鷖滿中流,1
1896,鷖滿中流有,1
1897,滿中流有酒,1
1898,中流有酒複,1
1899,流有酒複盈,1
1900,有酒複盈尊,1
1901,酒複盈尊山,1
1902,複盈尊山東,1
1903,盈尊山東地,1
1904,尊山東地無,1
1905,山東地無山,1
1906,東地無山平,1
1907,地無山平視,1
1908,無山平視大,1
1909,山平視大海,1
1910,平視大海垠,1
1911,視大海垠高,1
1912,大海垠高風,1
1913,海垠高風涼,1
1914,垠高風涼氣,1
1915,高風涼氣來,1
1916,風涼氣來灝,1
1917,涼氣來灝景,1
1918,氣來灝景沈,1
1919,來灝景沈清,1
1920,灝景沈清源,1
1921,景沈清源青,1
1922,沈清源青衿,1
1923,清源青衿儼,1
1924,源青衿儼坐,1
1925,青衿儼坐傍,1
1926,衿儼坐傍禮,1
1927,儼坐傍禮容,1
1928,坐傍禮容益,1
1929,傍禮容益敦,1
1930,禮容益敦敦,1
1931,容益敦敦願,1
1932,益敦敦願為,1
1933,敦敦願為顏,1
1934,敦願為顏氏,1
1935,願為顏氏徒,1
1936,為顏氏徒歌,1
1937,顏氏徒歌詠,1
1938,氏徒歌詠夫,1
1939,徒歌詠夫子,1
1940,歌詠夫子門,1
1941,詠夫子門西,1
1942,夫子門西域,1
1943,子門西域傳,1
1944,門西域傳中,1
1945,西域傳中說,1
1946,域傳中說靈,1
1947,傳中說靈臺,1
1948,中說靈臺屬,1
1949,說靈臺屬雍,1
1950,靈臺屬雍州,1
1951,臺屬雍州有,1
1952,屬雍州有泉,1
1953,雍州有泉皆,1
1954,州有泉皆聖,1
1955,有泉皆聖跡,1
1956,泉皆聖跡有,1
1957,皆聖跡有石,1
1958,聖跡有石皆,1
1959,跡有石皆佛,1
1960,有石皆佛頭,1
1961,石皆佛頭所,1
1962,皆佛頭所出,1
1963,佛頭所出薝,1
1964,頭所出薝蔔,1
1965,所出薝蔔香,1
1966,出薝蔔香外,1
1967,薝蔔香外國,1
1968,蔔香外國俗,1
1969,香外國俗來,1
1970,外國俗來求,1
1971,國俗來求毒,1
1972,俗來求毒蛇,1
1973,來求毒蛇護,1
1974,求毒蛇護其,1
1975,毒蛇護其下,1
1976,蛇護其下樵,1
1977,護其下樵者,1
1978,其下樵者不,1
1979,下樵者不可,1
1980,樵者不可偷,1
1981,者不可偷古,1
1982,不可偷古碑,1
1983,可偷古碑在,1
1984,偷古碑在雲,1
1985,古碑在雲巔,1
1986,碑在雲巔備,1
1987,在雲巔備載,1
1988,雲巔備載置,1
1989,巔備載置寺,1
1990,備載置寺由,1
1991,載置寺由魏,1
1992,置寺由魏家,1
1993,寺由魏家移,1
1994,由魏家移下,1
1995,魏家移下來,1
1996,家移下來後,1
1997,移下來後人,1
1998,下來後人始,1
1999,來後人始增,1
2000,後人始增修,1
2001,人始增修近,1
2002,始增修近與,1
2003,增修近與韋,1
2004,修近與韋處,1
2005,近與韋處士,1
2006,與韋處士愛,1
2007,韋處士愛此,1
2008,處士愛此山,1
2009,士愛此山之,1
2010,愛此山之幽,1
2011,此山之幽各,1
2012,山之幽各自,1
2013,之幽各自具,1
2014,幽各自具所,1
2015,各自具所須,1
2016,自具所須竹,1
2017,具所須竹籠,1
2018,所須竹籠盛,1
2019,須竹籠盛茶,1
2020,竹籠盛茶甌,1
2021,籠盛茶甌牽,1
2022,盛茶甌牽馬,1
2023,茶甌牽馬過,1
2024,甌牽馬過危,1
2025,牽馬過危棧,1
2026,馬過危棧襞,1
2027,過危棧襞衣,1
2028,危棧襞衣涉,1
2029,棧襞衣涉奔,1
2030,襞衣涉奔流,1
2031,衣涉奔流草,1
2032,涉奔流草開,1
2033,奔流草開平,1
2034,流草開平路,1
2035,草開平路盡,1
2036,開平路盡林,1
2037,平路盡林下,1
2038,路盡林下大,1
2039,盡林下大石,1
2040,林下大石稠,1
2041,下大石稠過,1
2042,大石稠過郭,1
2043,石稠過郭轉,1
2044,稠過郭轉經,1
2045,過郭轉經峰,1
2046,郭轉經峰忽,1
2047,轉經峰忽見,1
2048,經峰忽見東,1
2049,峰忽見東西,1
2050,忽見東西樓,1
2051,見東西樓瀑,1
2052,東西樓瀑布,1
2053,西樓瀑布當,1
2054,樓瀑布當寺,1
2055,瀑布當寺門,1
2056,布當寺門迸,1
2057,當寺門迸落,1
2058,寺門迸落衣,1
2059,門迸落衣裳,1
2060,迸落衣裳秋,1
2061,落衣裳秋石,1
2062,衣裳秋石苔,1
2063,裳秋石苔鋪,1
2064,秋石苔鋪紫,1
2065,石苔鋪紫花,1
2066,苔鋪紫花溪,1
2067,鋪紫花溪葉,1
2068,紫花溪葉裁,1
2069,花溪葉裁碧,1
2070,溪葉裁碧油,1
2071,葉裁碧油松,1
2072,裁碧油松根,1
2073,碧油松根載,1
2074,油松根載殿,1
2075,松根載殿高,1
2076,根載殿高飄,1
2077,載殿高飄颻,1
2078,殿高飄颻仙,1
2079,高飄颻仙山,1
2080,飄颻仙山浮,1
2081,颻仙山浮縣,1
2082,仙山浮縣中,1
2083,山浮縣中賢,1
2084,浮縣中賢大,1
2085,縣中賢大夫,1
2086,中賢大夫一,1
2087,賢大夫一月,1
2088,大夫一月前,1
2089,夫一月前此,1
2090,一月前此遊,1
2091,月前此遊賽,1
2092,前此遊賽神,1
2093,此遊賽神賀,1
2094,遊賽神賀得,1
2095,賽神賀得雨,1
2096,神賀得雨豈,1
2097,賀得雨豈暇,1
2098,得雨豈暇多,1
2099,雨豈暇多停,1
2100,豈暇多停留,1
2101,暇多停留二,1
2102,多停留二十,1
2103,停留二十韻,1
2104,留二十韻新,1
2105,二十韻新詩,1
2106,十韻新詩遠,1
2107,韻新詩遠寄,1
2108,新詩遠寄尋,1
2109,詩遠寄尋山,1
2110,遠寄尋山儔,1
2111,寄尋山儔清,1
2112,尋山儔清泠,1
2113,山儔清泠玉,1
2114,儔清泠玉澗,1
2115,清泠玉澗泣,1
2116,泠玉澗泣冷,1
2117,玉澗泣冷切,1
2118,澗泣冷切石,1
2119,泣冷切石磬,1
2120,冷切石磬愁,1
2121,切石磬愁君,1
2122,石磬愁君名,1
2123,磬愁君名高,1
2124,愁君名高難,1
2125,君名高難閑,1
2126,名高難閑餘,1
2127,高難閑餘身,1
2128,難閑餘身愚,1
2129,閑餘身愚終,1
2130,餘身愚終休,1
2131,身愚終休相,1
2132,愚終休相將,1
2133,終休相將長,1
2134,休相將長無,1
2135,相將長無因,1
2136,將長無因從,1
2137,長無因從今,1
2138,無因從今生,1
2139,因從今生離,1
2140,從今生離憂,1
2141,今生離憂輝,1
2142,生離憂輝天,1
2143,離憂輝天複,1
2144,憂輝天複耀,1
2145,輝天複耀地,1
2146,天複耀地再,1
2147,複耀地再為,1
2148,耀地再為歌,1
2149,地再為歌詠,1
2150,再為歌詠始,1
2151,為歌詠始素,1
2152,歌詠始素傳,1
2153,詠始素傳學,1
2154,始素傳學道,1
2155,素傳學道徒,1
2156,傳學道徒清,1
2157,學道徒清門,1
2158,道徒清門有,1
2159,徒清門有君,1
2160,清門有君子,1
2161,門有君子文,1
2162,有君子文澗,1
2163,君子文澗瀉,1
2164,子文澗瀉潺,1
2165,文澗瀉潺潺,1
2166,澗瀉潺潺德,1
2167,瀉潺潺德峰,1
2168,潺潺德峰來,1
2169,潺德峰來壘,1
2170,德峰來壘壘,1
2171,峰來壘壘兩,1
2172,來壘壘兩京,1
2173,壘壘兩京二,1
2174,壘兩京二十,1
2175,兩京二十年,1
2176,京二十年投,1
2177,二十年投食,1
2178,十年投食公,1
2179,年投食公卿,1
2180,投食公卿間,1
2181,食公卿間封,1
2182,公卿間封章,1
2183,卿間封章既,1
2184,間封章既不,1
2185,封章既不下,1
2186,章既不下故,1
2187,既不下故舊,1
2188,不下故舊多,1
2189,下故舊多慚,1
2190,故舊多慚顏,1
2191,舊多慚顏賣,1
2192,多慚顏賣馬,1
2193,慚顏賣馬市,1
2194,顏賣馬市耕,1
2195,賣馬市耕牛,1
2196,馬市耕牛卻,1
2197,市耕牛卻歸,1
2198,耕牛卻歸湘,1
2199,牛卻歸湘浦,1
2200,卻歸湘浦山,1
2201,歸湘浦山麥,1
2202,湘浦山麥收,1
2203,浦山麥收蠶,1
2204,山麥收蠶上,1
2205,麥收蠶上簇,1
2206,收蠶上簇衣,1
2207,蠶上簇衣食,1
2208,上簇衣食應,1
2209,簇衣食應豐,1
2210,衣食應豐足,1
2211,食應豐足碧,1
2212,應豐足碧澗,1
2213,豐足碧澗伴,1
2214,足碧澗伴僧,1
2215,碧澗伴僧禪,1
2216,澗伴僧禪秋,1
2217,伴僧禪秋山,1
2218,僧禪秋山對,1
2219,禪秋山對雨,1
2220,秋山對雨宿,1
2221,山對雨宿且,1
2222,對雨宿且歡,1
2223,雨宿且歡身,1
2224,宿且歡身體,1
2225,且歡身體適,1
2226,歡身體適倖,1
2227,身體適倖免,1
2228,體適倖免纓,1
2229,適倖免纓組,1
2230,倖免纓組束,1
2231,免纓組束上,1
2232,纓組束上宰,1
2233,組束上宰鎮,1
2234,束上宰鎮荊,1
2235,上宰鎮荊州,1
2236,宰鎮荊州敬,1
2237,鎮荊州敬重,1
2238,荊州敬重同,1
2239,州敬重同歲,1
2240,敬重同歲遊,1
2241,重同歲遊歡,1
2242,同歲遊歡逢,1
2243,歲遊歡逢通,1
2244,遊歡逢通世,1
2245,歡逢通世友,1
2246,逢通世友簡,1
2247,通世友簡授,1
2248,世友簡授畫,1
2249,友簡授畫戎,1
2250,簡授畫戎籌,1
2251,授畫戎籌遲,1
2252,畫戎籌遲遲,1
2253,戎籌遲遲就,1
2254,籌遲遲就公,1
2255,遲遲就公食,1
2256,遲就公食愴,1
2257,就公食愴愴,1
2258,公食愴愴別,1
2259,食愴愴別野,1
2260,愴愴別野裘,1
2261,愴別野裘主,1
2262,別野裘主人,1
2263,野裘主人開,1
2264,裘主人開宴,1
2265,主人開宴席,1
2266,人開宴席禮,1
2267,開宴席禮數,1
2268,宴席禮數無,1
2269,席禮數無形,1
2270,禮數無形跡,1
2271,數無形跡醉,1
2272,無形跡醉笑,1
2273,形跡醉笑或,1
2274,跡醉笑或顛,1
2275,醉笑或顛吟,1
2276,笑或顛吟發,1
2277,或顛吟發談,1
2278,顛吟發談皆,1
2279,吟發談皆損,1
2280,發談皆損益,1
2281,談皆損益臨,1
2282,皆損益臨甃,1
2283,損益臨甃理,1
2284,益臨甃理芳,1
2285,臨甃理芳鮮,1
2286,甃理芳鮮升,1
2287,理芳鮮升堂,1
2288,芳鮮升堂引,1
2289,鮮升堂引賓,1
2290,升堂引賓客,1
2291,堂引賓客早,1
2292,引賓客早歲,1
2293,賓客早歲慕,1
2294,客早歲慕嘉,1
2295,早歲慕嘉名,1
2296,歲慕嘉名遠,1
2297,慕嘉名遠思,1
2298,嘉名遠思今,1
2299,名遠思今始,1
2300,遠思今始平,1
2301,思今始平孔,1
2302,今始平孔門,1
2303,始平孔門忝,1
2304,平孔門忝同,1
2305,孔門忝同轍,1
2306,門忝同轍潘,1
2307,忝同轍潘館,1
2308,同轍潘館幸,1
2309,轍潘館幸諸,1
2310,潘館幸諸甥,1
2311,館幸諸甥自,1
2312,幸諸甥自知,1
2313,諸甥自知再,1
2314,甥自知再婚,1
2315,自知再婚娶,1
2316,知再婚娶豈,1
2317,再婚娶豈望,1
2318,婚娶豈望為,1
2319,娶豈望為親,1
2320,豈望為親情,1
2321,望為親情欣,1
2322,為親情欣欣,1
2323,親情欣欣還,1
2324,情欣欣還切,1
2325,欣欣還切切,1
2326,欣還切切又,1
2327,還切切又二,1
2328,切切又二千,1
2329,切又二千里,1
2330,又二千里別,1
2331,二千里別楚,1
2332,千里別楚筆,1
2333,里別楚筆防,1
2334,別楚筆防寄,1
2335,楚筆防寄書,1
2336,筆防寄書蜀,1
2337,防寄書蜀茶,1
2338,寄書蜀茶憂,1
2339,書蜀茶憂遠,1
2340,蜀茶憂遠熱,1
2341,茶憂遠熱關,1
2342,憂遠熱關山,1
2343,遠熱關山足,1
2344,熱關山足重,1
2345,關山足重疊,1
2346,山足重疊會,1
2347,足重疊會合,1
2348,重疊會合何,1
2349,疊會合何時,1
2350,會合何時節,1
2351,合何時節莫,1
2352,何時節莫歎,1
2353,時節莫歎各,1
2354,節莫歎各從,1
2355,莫歎各從軍,1
2356,歎各從軍且,1
2357,各從軍且愁,1
2358,從軍且愁岐,1
2359,軍且愁岐路,1
2360,且愁岐路分,1
2361,愁岐路分美,1
2362,岐路分美人,1
2363,路分美人停,1
2364,分美人停玉,1
2365,美人停玉指,1
2366,人停玉指離,1
2367,停玉指離瑟,1
2368,玉指離瑟不,1
2369,指離瑟不中,1
2370,離瑟不中聞,1
2371,瑟不中聞爭,1
2372,不中聞爭向,1
2373,中聞爭向巴,1
2374,聞爭向巴山,1
2375,爭向巴山夜,1
2376,向巴山夜猿,1
2377,巴山夜猿聲,1
2378,山夜猿聲滿,1
2379,夜猿聲滿碧,1
2380,猿聲滿碧雲,1
2381,聲滿碧雲蟲,1
2382,滿碧雲蟲聲,1
2383,碧雲蟲聲四,1
2384,雲蟲聲四野,1
2385,蟲聲四野合,1
2386,聲四野合月,1
2387,四野合月色,1
2388,野合月色滿,1
2389,合月色滿城,1
2390,月色滿城白,1
2391,色滿城白家,1
2392,滿城白家家,1
2393,城白家家閉,1
2394,白家家閉戶,1
2395,家家閉戶眠,1
2396,家閉戶眠行,1
2397,閉戶眠行人,1
2398,戶眠行人發,1
2399,眠行人發孤,1
2400,行人發孤驛,1
2401,人發孤驛離,1
2402,發孤驛離家,1
2403,孤驛離家尚,1
2404,驛離家尚苦,1
2405,離家尚苦熱,1
2406,家尚苦熱衣,1
2407,尚苦熱衣服,1
2408,苦熱衣服唯,1
2409,熱衣服唯輕,1
2410,衣服唯輕綌,1
2411,服唯輕綌時,1
2412,唯輕綌時節,1
2413,輕綌時節忽,1
2414,綌時節忽複,1
2415,時節忽複遷,1
2416,節忽複遷秋,1
2417,忽複遷秋風,1
2418,複遷秋風徹,1
2419,遷秋風徹經,1
2420,秋風徹經脈,1
2421,風徹經脈人,1
2422,徹經脈人睡,1
2423,經脈人睡落,1
2424,脈人睡落塹,1
2425,人睡落塹轍,1
2426,睡落塹轍馬,1
2427,落塹轍馬驚,1
2428,塹轍馬驚入,1
2429,轍馬驚入蘆,1
2430,馬驚入蘆荻,1
2431,驚入蘆荻慰,1
2432,入蘆荻慰遠,1
2433,蘆荻慰遠時,1
2434,荻慰遠時問,1
2435,慰遠時問程,1
2436,遠時問程驚,1
2437,時問程驚昏,1
2438,問程驚昏忽,1
2439,程驚昏忽搖,1
2440,驚昏忽搖策,1
2441,昏忽搖策從,1
2442,忽搖策從軍,1
2443,搖策從軍豈,1
2444,策從軍豈雲,1
2445,從軍豈雲樂,1
2446,軍豈雲樂憂,1
2447,豈雲樂憂患,1
2448,雲樂憂患常,1
2449,樂憂患常縈,1
2450,憂患常縈積,1
2451,患常縈積唯,1
2452,常縈積唯願,1
2453,縈積唯願在,1
2454,積唯願在貧,1
2455,唯願在貧家,1
2456,願在貧家團,1
2457,在貧家團圓,1
2458,貧家團圓過,1
2459,家團圓過朝,1
2460,團圓過朝夕,1
2461,圓過朝夕雲,1
2462,過朝夕雲間,1
2463,朝夕雲間雙,1
2464,夕雲間雙鳳,1
2465,雲間雙鳳鳴,1
2466,間雙鳳鳴一,1
2467,雙鳳鳴一去,1
2468,鳳鳴一去一,1
2469,鳴一去一歸,1
2470,一去一歸城,1
2471,去一歸城鞍,1
2472,一歸城鞍馬,1
2473,歸城鞍馬朝,1
2474,城鞍馬朝天,1
2475,鞍馬朝天色,1
2476,馬朝天色封,1
2477,朝天色封章,1
2478,天色封章戀,1
2479,色封章戀闕,1
2480,封章戀闕情,1
2481,章戀闕情日,1
2482,戀闕情日臨,1
2483,闕情日臨宮,1
2484,情日臨宮樹,1
2485,日臨宮樹高,1
2486,臨宮樹高煙,1
2487,宮樹高煙蓋,1
2488,樹高煙蓋沙,1
2489,高煙蓋沙草,1
2490,煙蓋沙草平,1
2491,蓋沙草平會,1
2492,沙草平會當,1
2493,草平會當戎,1
2494,平會當戎事,1
2495,會當戎事息,1
2496,當戎事息聯,1
2497,戎事息聯影,1
2498,事息聯影繞,1
2499,息聯影繞池,1
2500,聯影繞池行,1
2501,影繞池行盆,1
2502,繞池行盆裏,1
2503,池行盆裏盛,1
2504,行盆裏盛野,1
2505,盆裏盛野泉,1
2506,裏盛野泉晚,1
2507,盛野泉晚鮮,1
2508,野泉晚鮮幽,1
2509,泉晚鮮幽更,1
2510,晚鮮幽更好,1
2511,鮮幽更好初,1
2512,幽更好初活,1
2513,更好初活草,1
2514,好初活草根,1
2515,初活草根浮,1
2516,活草根浮重,1
2517,草根浮重生,1
2518,根浮重生荷,1
2519,浮重生荷葉,1
2520,重生荷葉小,1
2521,生荷葉小多,1
2522,荷葉小多時,1
2523,葉小多時水,1
2524,小多時水馬,1
2525,多時水馬出,1
2526,時水馬出盡,1
2527,水馬出盡日,1
2528,馬出盡日蜻,1
2529,出盡日蜻蜓,1
2530,盡日蜻蜓繞,1
2531,日蜻蜓繞朝,1
2532,蜻蜓繞朝早,1
2533,蜓繞朝早獨,1
2534,繞朝早獨來,1
2535,朝早獨來看,1
2536,早獨來看冷,1
2537,獨來看冷星,1
2538,來看冷星沈,1
2539,看冷星沈碧,1
2540,冷星沈碧曉,1
2541,星沈碧曉明,1
2542,沈碧曉明蒙,1
2543,碧曉明蒙竹,1
2544,曉明蒙竹間,1
2545,明蒙竹間亭,1
2546,蒙竹間亭天,1
2547,竹間亭天暖,1
2548,間亭天暖幽,1
2549,亭天暖幽桂,1
2550,天暖幽桂碧,1
2551,暖幽桂碧雲,1
2552,幽桂碧雲生,1
2553,桂碧雲生四,1
2554,碧雲生四面,1
2555,雲生四面山,1
2556,生四面山水,1
2557,四面山水接,1
2558,面山水接當,1
2559,山水接當階,1
2560,水接當階石,1
2561,接當階石濕,1
2562,當階石濕樹,1
2563,階石濕樹浴,1
2564,石濕樹浴鳥,1
2565,濕樹浴鳥痕,1
2566,樹浴鳥痕破,1
2567,浴鳥痕破苔,1
2568,鳥痕破苔臥,1
2569,痕破苔臥鹿,1
2570,破苔臥鹿跡,1
2571,苔臥鹿跡不,1
2572,臥鹿跡不緣,1
2573,鹿跡不緣塵,1
2574,跡不緣塵駕,1
2575,不緣塵駕觸,1
2576,緣塵駕觸堪,1
2577,塵駕觸堪作,1
2578,駕觸堪作商,1
2579,觸堪作商皓,1
2580,堪作商皓宅,1
2581,作商皓宅清,1
2582,商皓宅清泉,1
2583,皓宅清泉浣,1
2584,宅清泉浣塵,1
2585,清泉浣塵緇,1
2586,泉浣塵緇靈,1
2587,浣塵緇靈藥,1
2588,塵緇靈藥釋,1
2589,緇靈藥釋昏,1
2590,靈藥釋昏狂,1
2591,藥釋昏狂君,1
2592,釋昏狂君詩,1
2593,昏狂君詩發,1
2594,狂君詩發大,1
2595,君詩發大雅,1
2596,詩發大雅正,1
2597,發大雅正氣,1
2598,大雅正氣回,1
2599,雅正氣回我,1
2600,正氣回我腸,1
2601,氣回我腸複,1
2602,回我腸複令,1
2603,我腸複令五,1
2604,腸複令五彩,1
2605,複令五彩姿,1
2606,令五彩姿潔,1
2607,五彩姿潔白,1
2608,彩姿潔白歸,1
2609,姿潔白歸天,1
2610,潔白歸天常,1
2611,白歸天常昔,1
2612,歸天常昔歲,1
2613,天常昔歲同,1
2614,常昔歲同講,1
2615,昔歲同講道,1
2616,歲同講道青,1
2617,同講道青襟,1
2618,講道青襟在,1
2619,道青襟在師,1
2620,青襟在師傍,1
2621,襟在師傍出,1
2622,在師傍出處,1
2623,師傍出處兩,1
2624,傍出處兩相,1
2625,出處兩相因,1
2626,處兩相因如,1
2627,兩相因如彼,1
2628,相因如彼衣,1
2629,因如彼衣與,1
2630,如彼衣與裳,1
2631,彼衣與裳行,1
2632,衣與裳行行,1
2633,與裳行行成,1
2634,裳行行成此,1
2635,行行成此歸,1
2636,行成此歸離,1
2637,成此歸離我,1
2638,此歸離我適,1
2639,歸離我適咸,1
2640,離我適咸陽,1
2641,我適咸陽失,1
2642,適咸陽失意,1
2643,咸陽失意未,1
2644,陽失意未還,1
2645,失意未還家,1
2646,意未還家馬,1
2647,未還家馬蹄,1
2648,還家馬蹄盡,1
2649,家馬蹄盡四,1
2650,馬蹄盡四方,1
2651,蹄盡四方訪,1
2652,盡四方訪余,1
2653,四方訪余詠,1
2654,方訪余詠新,1
2655,訪余詠新文,1
2656,余詠新文不,1
2657,詠新文不倦,1
2658,新文不倦道,1
2659,文不倦道路,1
2660,不倦道路長,1
2661,倦道路長僮,1
2662,道路長僮僕,1
2663,路長僮僕懷,1
2664,長僮僕懷昔,1
2665,僮僕懷昔念,1
2666,僕懷昔念亦,1
2667,懷昔念亦如,1
2668,昔念亦如還,1
2669,念亦如還故,1
2670,亦如還故鄉,1
2671,如還故鄉相,1
2672,還故鄉相親,1
2673,故鄉相親惜,1
2674,鄉相親惜晝,1
2675,相親惜晝夜,1
2676,親惜晝夜寢,1
2677,惜晝夜寢息,1
2678,晝夜寢息不,1
2679,夜寢息不異,1
2680,寢息不異床,1
2681,息不異床猶,1
2682,不異床猶將,1
2683,異床猶將在,1
2684,床猶將在遠,1
2685,猶將在遠道,1
2686,將在遠道忽,1
2687,在遠道忽忽,1
2688,遠道忽忽起,1
2689,道忽忽起思,1
2690,忽忽起思量,1
2691,忽起思量黃,1
2692,起思量黃金,1
2693,思量黃金未,1
2694,量黃金未為,1
2695,黃金未為罍,1
2696,金未為罍無,1
2697,未為罍無以,1
2698,為罍無以挹,1
2699,罍無以挹酒,1
2700,無以挹酒漿,1
2701,以挹酒漿所,1
2702,挹酒漿所念,1
2703,酒漿所念俱,1
2704,漿所念俱貧,1
2705,所念俱貧賤,1
2706,念俱貧賤安,1
2707,俱貧賤安得,1
2708,貧賤安得相,1
2709,賤安得相發,1
2710,安得相發揚,1
2711,得相發揚回,1
2712,相發揚回車,1
2713,發揚回車遠,1
2714,揚回車遠歸,1
2715,回車遠歸省,1
2716,車遠歸省舊,1
2717,遠歸省舊宅,1
2718,歸省舊宅江,1
2719,省舊宅江南,1
2720,舊宅江南廂,1
2721,宅江南廂歸,1
2722,江南廂歸鄉,1
2723,南廂歸鄉非,1
2724,廂歸鄉非得,1
2725,歸鄉非得意,1
2726,鄉非得意但,1
2727,非得意但貴,1
2728,得意但貴情,1
2729,意但貴情義,1
2730,但貴情義彰,1
2731,貴情義彰五,1
2732,情義彰五月,1
2733,義彰五月天,1
2734,彰五月天氣,1
2735,五月天氣熱,1
2736,月天氣熱波,1
2737,天氣熱波濤,1
2738,氣熱波濤毒,1
2739,熱波濤毒于,1
2740,波濤毒于湯,1
2741,濤毒于湯慎,1
2742,毒于湯慎勿,1
2743,于湯慎勿多,1
2744,湯慎勿多飲,1
2745,慎勿多飲酒,1
2746,勿多飲酒藥,1
2747,多飲酒藥膳,1
2748,飲酒藥膳願,1
2749,酒藥膳願自,1
2750,藥膳願自強,1
2751,膳願自強買,1
2752,願自強買地,1
2753,自強買地不,1
2754,強買地不肥,1
2755,買地不肥實,1
2756,地不肥實其,1
2757,不肥實其繁,1
2758,肥實其繁系,1
2759,實其繁系耕,1
2760,其繁系耕鑿,1
2761,繁系耕鑿良,1
2762,系耕鑿良田,1
2763,耕鑿良田少,1
2764,鑿良田少鋤,1
2765,良田少鋤理,1
2766,田少鋤理蘭,1
2767,少鋤理蘭焦,1
2768,鋤理蘭焦香,1
2769,理蘭焦香亦,1
2770,蘭焦香亦薄,1
2771,焦香亦薄勿,1
2772,香亦薄勿以,1
2773,亦薄勿以聽,1
2774,薄勿以聽者,1
2775,勿以聽者迷,1
2776,以聽者迷故,1
2777,聽者迷故使,1
2778,者迷故使宮,1
2779,迷故使宮征,1
2780,故使宮征錯,1
2781,使宮征錯誰,1
2782,宮征錯誰言,1
2783,征錯誰言三,1
2784,錯誰言三歲,1
2785,誰言三歲童,1
2786,言三歲童還,1
2787,三歲童還能,1
2788,歲童還能分,1
2789,童還能分善,1
2790,還能分善惡,1
2791,能分善惡孜,1
2792,分善惡孜孜,1
2793,善惡孜孜日,1
2794,惡孜孜日求,1
2795,孜孜日求益,1
2796,孜日求益猶,1
2797,日求益猶恐,1
2798,求益猶恐業,1
2799,益猶恐業未,1
2800,猶恐業未博,1
2801,恐業未博況,1
2802,業未博況我,1
2803,未博況我性,1
2804,博況我性頑,1
2805,況我性頑蒙,1
2806,我性頑蒙複,1
2807,性頑蒙複不,1
2808,頑蒙複不勤,1
2809,蒙複不勤修,1
2810,複不勤修學,1
2811,不勤修學有,1
2812,勤修學有如,1
2813,修學有如朝,1
2814,學有如朝暮,1
2815,有如朝暮食,1
2816,如朝暮食暫,1
2817,朝暮食暫虧,1
2818,暮食暫虧憂,1
2819,食暫虧憂隕,1
2820,暫虧憂隕獲,1
2821,虧憂隕獲若,1
2822,憂隕獲若使,1
2823,隕獲若使無,1
2824,獲若使無六,1
2825,若使無六經,1
2826,使無六經賢,1
2827,無六經賢愚,1
2828,六經賢愚何,1
2829,經賢愚何所,1
2830,賢愚何所托,1
2831,愚何所托長,1
2832,何所托長長,1
2833,所托長長南,1
2834,托長長南山,1
2835,長長南山松,1
2836,長南山松短,1
2837,南山松短短,1
2838,山松短短北,1
2839,松短短北澗,1
2840,短短北澗楊,1
2841,短北澗楊俱,1
2842,北澗楊俱承,1
2843,澗楊俱承日,1
2844,楊俱承日月,1
2845,俱承日月照,1
2846,承日月照倖,1
2847,日月照倖免,1
2848,月照倖免斤,1
2849,照倖免斤斧,1
2850,倖免斤斧傷,1
2851,免斤斧傷去,1
2852,斤斧傷去年,1
2853,斧傷去年與,1
2854,傷去年與子,1
2855,去年與子別,1
2856,年與子別誠,1
2857,與子別誠言,1
2858,子別誠言暫,1
2859,別誠言暫還,1
2860,誠言暫還鄉,1
2861,言暫還鄉如,1
2862,暫還鄉如何,1
2863,還鄉如何棄,1
2864,鄉如何棄我,1
2865,如何棄我去,1
2866,何棄我去天,1
2867,棄我去天路,1
2868,我去天路忽,1
2869,去天路忽騰,1
2870,天路忽騰驤,1
2871,路忽騰驤誰,1
2872,忽騰驤誰謂,1
2873,騰驤誰謂有,1
2874,驤誰謂有雙,1
2875,誰謂有雙目,1
2876,謂有雙目識,1
2877,有雙目識貌,1
2878,雙目識貌不,1
2879,目識貌不識,1
2880,識貌不識腸,1
2881,貌不識腸豈,1
2882,不識腸豈知,1
2883,識腸豈知心,1
2884,腸豈知心內,1
2885,豈知心內乖,1
2886,知心內乖著,1
2887,心內乖著我,1
2888,內乖著我薜,1
2889,乖著我薜蘿,1
2890,著我薜蘿裳,1
2891,我薜蘿裳尋,1
2892,薜蘿裳尋君,1
2893,蘿裳尋君向,1
2894,裳尋君向前,1
2895,尋君向前事,1
2896,君向前事不,1
2897,向前事不歎,1
2898,前事不歎今,1
2899,事不歎今異,1
2900,不歎今異翔,1
2901,歎今異翔往,1
2902,今異翔往往,1
2903,異翔往往空,1
2904,翔往往空室,1
2905,往往空室中,1
2906,往空室中寤,1
2907,空室中寤寐,1
2908,室中寤寐說,1
2909,中寤寐說珪,1
2910,寤寐說珪璋,1
2911,寐說珪璋十,1
2912,說珪璋十年,1
2913,珪璋十年居,1
2914,璋十年居此,1
2915,十年居此溪,1
2916,年居此溪松,1
2917,居此溪松桂,1
2918,此溪松桂日,1
2919,溪松桂日蒼,1
2920,松桂日蒼蒼,1
2921,桂日蒼蒼自,1
2922,日蒼蒼自從,1
2923,蒼蒼自從無,1
2924,蒼自從無佳,1
2925,自從無佳人,1
2926,從無佳人山,1
2927,無佳人山中,1
2928,佳人山中不,1
2929,人山中不輝,1
2930,山中不輝光,1
2931,中不輝光盡,1
2932,不輝光盡棄,1
2933,輝光盡棄所,1
2934,光盡棄所留,1
2935,盡棄所留藥,1
2936,棄所留藥亦,1
2937,所留藥亦焚,1
2938,留藥亦焚舊,1
2939,藥亦焚舊草,1
2940,亦焚舊草堂,1
2941,焚舊草堂還,1
2942,舊草堂還君,1
2943,草堂還君誓,1
2944,堂還君誓已,1
2945,還君誓已書,1
2946,君誓已書歸,1
2947,誓已書歸我,1
2948,已書歸我學,1
2949,書歸我學仙,1
2950,歸我學仙方,1
2951,我學仙方既,1
2952,學仙方既為,1
2953,仙方既為參,1
2954,方既為參與,1
2955,既為參與辰,1
2956,為參與辰各,1
2957,參與辰各願,1
2958,與辰各願不,1
2959,辰各願不相,1
2960,各願不相望,1
2961,願不相望始,1
2962,不相望始終,1
2963,相望始終名,1
2964,望始終名利,1
2965,始終名利途,1
2966,終名利途慎,1
2967,名利途慎勿,1
2968,利途慎勿罹,1
2969,途慎勿罹咎,1
2970,慎勿罹咎殃,1
2971,勿罹咎殃鑒,1
2972,罹咎殃鑒形,1
2973,咎殃鑒形須,1
2974,殃鑒形須明,1
2975,鑒形須明鏡,1
2976,形須明鏡療,1
2977,須明鏡療疾,1
2978,明鏡療疾須,1
2979,鏡療疾須良,1
2980,療疾須良醫,1
2981,疾須良醫若,1
2982,須良醫若無,1
2983,良醫若無傍,1
2984,醫若無傍人,1
2985,若無傍人見,1
2986,無傍人見形,1
2987,傍人見形疾,1
2988,人見形疾安,1
2989,見形疾安自,1
2990,形疾安自知,1
2991,疾安自知世,1
2992,安自知世路,1
2993,自知世路薄,1
2994,知世路薄言,1
2995,世路薄言行,1
2996,路薄言行學,1
2997,薄言行學成,1
2998,言行學成棄,1
2999,行學成棄其,1
3000,學成棄其師,1
3001,成棄其師每,1
3002,棄其師每懷,1
3003,其師每懷一,1
3004,師每懷一飯,1
3005,每懷一飯恩,1
3006,懷一飯恩不,1
3007,一飯恩不重,1
3008,飯恩不重勸,1
3009,恩不重勸勉,1
3010,不重勸勉詞,1
3011,重勸勉詞斅,1
3012,勸勉詞斅學,1
3013,勉詞斅學既,1
3014,詞斅學既不,1
3015,斅學既不誠,1
3016,學既不誠朋,1
3017,既不誠朋友,1
3018,不誠朋友道,1
3019,誠朋友道日,1
3020,朋友道日虧,1
3021,友道日虧遂,1
3022,道日虧遂作,1
3023,日虧遂作名,1
3024,虧遂作名利,1
3025,遂作名利交,1
3026,作名利交四,1
3027,名利交四海,1
3028,利交四海爭,1
3029,交四海爭賓,1
3030,四海爭賓士,1
3031,海爭賓士常,1
3032,爭賓士常慕,1
3033,賓士常慕正,1
3034,士常慕正直,1
3035,常慕正直人,1
3036,慕正直人生,1
3037,正直人生死,1
3038,直人生死不,1
3039,人生死不相,1
3040,生死不相離,1
3041,死不相離苟,1
3042,不相離苟能,1
3043,相離苟能成,1
3044,離苟能成我,1
3045,苟能成我身,1
3046,能成我身甘,1
3047,成我身甘與,1
3048,我身甘與僮,1
3049,身甘與僮僕,1
3050,甘與僮僕隨,1
3051,與僮僕隨我,1
3052,僮僕隨我言,1
3053,僕隨我言彼,1
3054,隨我言彼當,1
3055,我言彼當信,1
3056,言彼當信彼,1
3057,彼當信彼道,1
3058,當信彼道我,1
3059,信彼道我無,1
3060,彼道我無疑,1
3061,道我無疑針,1
3062,我無疑針藥,1
3063,無疑針藥及,1
3064,疑針藥及病,1
3065,針藥及病源,1
3066,藥及病源以,1
3067,及病源以石,1
3068,病源以石投,1
3069,源以石投深,1
3070,以石投深池,1
3071,石投深池終,1
3072,投深池終朝,1
3073,深池終朝舉,1
3074,池終朝舉善,1
3075,終朝舉善道,1
3076,朝舉善道敬,1
3077,舉善道敬愛,1
3078,善道敬愛當,1
3079,道敬愛當行,1
3080,敬愛當行之,1
3081,愛當行之縱,1
3082,當行之縱令,1
3083,行之縱令誤,1
3084,之縱令誤所,1
3085,縱令誤所見,1
3086,令誤所見亦,1
3087,誤所見亦貴,1
3088,所見亦貴本,1
3089,見亦貴本相,1
3090,亦貴本相規,1
3091,貴本相規不,1
3092,本相規不求,1
3093,相規不求立,1
3094,規不求立名,1
3095,不求立名聲,1
3096,求立名聲所,1
3097,立名聲所貴,1
3098,名聲所貴去,1
3099,聲所貴去瑕,1
3100,所貴去瑕玼,1
3101,貴去瑕玼各,1
3102,去瑕玼各願,1
3103,瑕玼各願貽,1
3104,玼各願貽子,1
3105,各願貽子孫,1
3106,願貽子孫永,1
3107,貽子孫永為,1
3108,子孫永為後,1
3109,孫永為後世,1
3110,永為後世資,1
3111,為後世資大,1
3112,後世資大雅,1
3113,世資大雅廢,1
3114,資大雅廢已,1
3115,大雅廢已久,1
3116,雅廢已久人,1
3117,廢已久人倫,1
3118,已久人倫失,1
3119,久人倫失其,1
3120,人倫失其常,1
3121,倫失其常天,1
3122,失其常天若,1
3123,其常天若不,1
3124,常天若不生,1
3125,天若不生君,1
3126,若不生君誰,1
3127,不生君誰複,1
3128,生君誰複為,1
3129,君誰複為文,1
3130,誰複為文綱,1
3131,複為文綱迷,1
3132,為文綱迷者,1
3133,文綱迷者得,1
3134,綱迷者得道,1
3135,迷者得道路,1
3136,者得道路溺,1
3137,得道路溺者,1
3138,道路溺者遇,1
3139,路溺者遇舟,1
3140,溺者遇舟航,1
3141,者遇舟航國,1
3142,遇舟航國風,1
3143,舟航國風人,1
3144,航國風人已,1
3145,國風人已變,1
3146,風人已變山,1
3147,人已變山澤,1
3148,已變山澤增,1
3149,變山澤增輝,1
3150,山澤增輝光,1
3151,澤增輝光星,1
3152,增輝光星辰,1
3153,輝光星辰有,1
3154,光星辰有其,1
3155,星辰有其位,1
3156,辰有其位豈,1
3157,有其位豈合,1
3158,其位豈合離,1
3159,位豈合離帝,1
3160,豈合離帝傍,1
3161,合離帝傍賢,1
3162,離帝傍賢人,1
3163,帝傍賢人既,1
3164,傍賢人既遐,1
3165,賢人既遐征,1
3166,人既遐征鳳,1
3167,既遐征鳳鳥,1
3168,遐征鳳鳥安,1
3169,征鳳鳥安來,1
3170,鳳鳥安來翔,1
3171,鳥安來翔少,1
3172,安來翔少小,1
3173,來翔少小慕,1
3174,翔少小慕高,1
3175,少小慕高名,1
3176,小慕高名所,1
3177,慕高名所念,1
3178,高名所念隔,1
3179,名所念隔山,1
3180,所念隔山岡,1
3181,念隔山岡集,1
3182,隔山岡集卷,1
3183,山岡集卷新,1
3184,岡集卷新紙,1
3185,集卷新紙封,1
3186,卷新紙封每,1
3187,新紙封每讀,1
3188,紙封每讀常,1
3189,封每讀常焚,1
3190,每讀常焚香,1
3191,讀常焚香古,1
3192,常焚香古來,1
3193,焚香古來難,1
3194,香古來難自,1
3195,古來難自達,1
3196,來難自達取,1
3197,難自達取鑒,1
3198,自達取鑒在,1
3199,達取鑒在賢,1
3200,取鑒在賢良,1
3201,鑒在賢良未,1
3202,在賢良未為,1
3203,賢良未為知,1
3204,良未為知音,1
3205,未為知音故,1
3206,為知音故徒,1
3207,知音故徒恨,1
3208,音故徒恨名,1
3209,故徒恨名不,1
3210,徒恨名不彰,1
3211,恨名不彰諒,1
3212,名不彰諒無,1
3213,不彰諒無金,1
3214,彰諒無金石,1
3215,諒無金石堅,1
3216,無金石堅性,1
3217,金石堅性命,1
3218,石堅性命豈,1
3219,堅性命豈能,1
3220,性命豈能長,1
3221,命豈能長常,1
3222,豈能長常恐,1
3223,能長常恐一,1
3224,長常恐一世,1
3225,常恐一世中,1
3226,恐一世中不,1
3227,一世中不上,1
3228,世中不上君,1
3229,中不上君子,1
3230,不上君子堂,1
3231,上君子堂偉,1
3232,君子堂偉哉,1
3233,子堂偉哉清,1
3234,堂偉哉清河,1
3235,偉哉清河子,1
3236,哉清河子少,1
3237,清河子少年,1
3238,河子少年志,1
3239,子少年志堅,1
3240,少年志堅強,1
3241,年志堅強篋,1
3242,志堅強篋中,1
3243,堅強篋中有,1
3244,強篋中有素,1
3245,篋中有素文,1
3246,中有素文千,1
3247,有素文千里,1
3248,素文千里求,1
3249,文千里求發,1
3250,千里求發揚,1
3251,里求發揚自,1
3252,求發揚自顧,1
3253,發揚自顧音,1
3254,揚自顧音韻,1
3255,自顧音韻乖,1
3256,顧音韻乖無,1
3257,音韻乖無因,1
3258,韻乖無因合,1
3259,乖無因合宮,1
3260,無因合宮商,1
3261,因合宮商幸,1
3262,合宮商幸君,1
3263,宮商幸君達,1
3264,商幸君達精,1
3265,幸君達精誠,1
3266,君達精誠為,1
3267,達精誠為我,1
3268,精誠為我求,1
3269,誠為我求回,1
3270,為我求回章,1
3271,我求回章火,1
3272,求回章火山,1
3273,回章火山無,1
3274,章火山無冷,1
3275,火山無冷地,1
3276,山無冷地濁,1
3277,無冷地濁流,1
3278,冷地濁流無,1
3279,地濁流無清,1
3280,濁流無清源,1
3281,流無清源人,1
3282,無清源人生,1
3283,清源人生在,1
3284,源人生在艱,1
3285,人生在艱世,1
3286,生在艱世何,1
3287,在艱世何處,1
3288,艱世何處避,1
3289,世何處避讒,1
3290,何處避讒言,1
3291,處避讒言諸,1
3292,避讒言諸侯,1
3293,讒言諸侯鎮,1
3294,言諸侯鎮九,1
3295,諸侯鎮九州,1
3296,侯鎮九州天,1
3297,鎮九州天子,1
3298,九州天子開,1
3299,州天子開四,1
3300,天子開四門,1
3301,子開四門尚,1
3302,開四門尚有,1
3303,四門尚有忠,1
3304,門尚有忠義,1
3305,尚有忠義士,1
3306,有忠義士不,1
3307,忠義士不得,1
3308,義士不得申,1
3309,士不得申其,1
3310,不得申其冤,1
3311,得申其冤嘉,1
3312,申其冤嘉木,1
3313,其冤嘉木移,1
3314,冤嘉木移遠,1
3315,嘉木移遠植,1
3316,木移遠植為,1
3317,移遠植為我,1
3318,遠植為我當,1
3319,植為我當行,1
3320,為我當行軒,1
3321,我當行軒君,1
3322,當行軒君子,1
3323,行軒君子居,1
3324,軒君子居要,1
3325,君子居要途,1
3326,子居要途易,1
3327,居要途易失,1
3328,要途易失主,1
3329,途易失主人,1
3330,易失主人恩,1
3331,失主人恩我,1
3332,主人恩我愛,1
3333,人恩我愛古,1
3334,恩我愛古人,1
3335,我愛古人道,1
3336,愛古人道師,1
3337,古人道師君,1
3338,人道師君直,1
3339,道師君直且,1
3340,師君直且溫,1
3341,君直且溫貪,1
3342,直且溫貪泉,1
3343,且溫貪泉誓,1
3344,溫貪泉誓不,1
3345,貪泉誓不飲,1
3346,泉誓不飲邪,1
3347,誓不飲邪路,1
3348,不飲邪路誓,1
3349,飲邪路誓不,1
3350,邪路誓不奔,1
3351,路誓不奔如,1
3352,誓不奔如何,1
3353,不奔如何非,1
3354,奔如何非岡,1
3355,如何非岡阪,1
3356,何非岡阪故,1
3357,非岡阪故使,1
3358,岡阪故使車,1
3359,阪故使車輪,1
3360,故使車輪翻,1
3361,使車輪翻妓,1
3362,車輪翻妓妾,1
3363,輪翻妓妾隨,1
3364,翻妓妾隨他,1
3365,妓妾隨他人,1
3366,妾隨他人家,1
3367,隨他人家事,1
3368,他人家事幸,1
3369,人家事幸獲,1
3370,家事幸獲存,1
3371,事幸獲存當,1
3372,幸獲存當時,1
3373,獲存當時門,1
3374,存當時門前,1
3375,當時門前客,1
3376,時門前客默,1
3377,門前客默默,1
3378,前客默默空,1
3379,客默默空冤,1
3380,默默空冤煩,1
3381,默空冤煩從,1
3382,空冤煩從今,1
3383,冤煩從今遇,1
3384,煩從今遇明,1
3385,從今遇明代,1
3386,今遇明代善,1
3387,遇明代善惡,1
3388,明代善惡亦,1
3389,代善惡亦須,1
3390,善惡亦須論,1
3391,惡亦須論莫,1
3392,亦須論莫以,1
3393,須論莫以曾,1
3394,論莫以曾見,1
3395,莫以曾見疑,1
3396,以曾見疑直,1
3397,曾見疑直道,1
3398,見疑直道遂,1
3399,疑直道遂不,1
3400,直道遂不敦,1
3401,道遂不敦去,1
3402,遂不敦去者,1
3403,不敦去者如,1
3404,敦去者如弊,1
3405,去者如弊帷,1
3406,者如弊帷來,1
3407,如弊帷來者,1
3408,弊帷來者如,1
3409,帷來者如新,1
3410,來者如新衣,1
3411,者如新衣鮮,1
3412,如新衣鮮華,1
3413,新衣鮮華非,1
3414,衣鮮華非久,1
3415,鮮華非久長,1
3416,華非久長色,1
3417,非久長色落,1
3418,久長色落還,1
3419,長色落還棄,1
3420,色落還棄遺,1
3421,落還棄遺詎,1
3422,還棄遺詎知,1
3423,棄遺詎知行,1
3424,遺詎知行者,1
3425,詎知行者夭,1
3426,知行者夭豈,1
3427,行者夭豈悟,1
3428,者夭豈悟壯,1
3429,夭豈悟壯者,1
3430,豈悟壯者衰,1
3431,悟壯者衰區,1
3432,壯者衰區區,1
3433,者衰區區未,1
3434,衰區區未死,1
3435,區區未死間,1
3436,區未死間回,1
3437,未死間回面,1
3438,死間回面相,1
3439,間回面相是,1
3440,回面相是非,1
3441,面相是非好,1
3442,相是非好聞,1
3443,是非好聞苦,1
3444,非好聞苦不,1
3445,好聞苦不樂,1
3446,聞苦不樂好,1
3447,苦不樂好視,1
3448,不樂好視忽,1
3449,樂好視忽生,1
3450,好視忽生疵,1
3451,視忽生疵乃,1
3452,忽生疵乃明,1
3453,生疵乃明萬,1
3454,疵乃明萬物,1
3455,乃明萬物情,1
3456,明萬物情皆,1
3457,萬物情皆逐,1
3458,物情皆逐人,1
3459,情皆逐人心,1
3460,皆逐人心移,1
3461,逐人心移古,1
3462,人心移古今,1
3463,心移古今盡,1
3464,移古今盡如,1
3465,古今盡如此,1
3466,今盡如此達,1
3467,盡如此達士,1
3468,如此達士將,1
3469,此達士將何,1
3470,達士將何為,1
3471,士將何為愚,1
3472,將何為愚者,1
3473,何為愚者昧,1
3474,為愚者昧邪,1
3475,愚者昧邪正,1
3476,者昧邪正貴,1
3477,昧邪正貴將,1
3478,邪正貴將平,1
3479,正貴將平道,1
3480,貴將平道行,1
3481,將平道行君,1
3482,平道行君子,1
3483,道行君子抱,1
3484,行君子抱仁,1
3485,君子抱仁義,1
3486,子抱仁義不,1
3487,抱仁義不懼,1
3488,仁義不懼天,1
3489,義不懼天地,1
3490,不懼天地傾,1
3491,懼天地傾三,1
3492,天地傾三受,1
3493,地傾三受主,1
3494,傾三受主人,1
3495,三受主人辟,1
3496,受主人辟方,1
3497,主人辟方出,1
3498,人辟方出咸,1
3499,辟方出咸陽,1
3500,方出咸陽城,1
3501,出咸陽城遲,1
3502,咸陽城遲疑,1
3503,陽城遲疑匪,1
3504,城遲疑匪自,1
3505,遲疑匪自崇,1
3506,疑匪自崇將,1
3507,匪自崇將顯,1
3508,自崇將顯求,1
3509,崇將顯求賢,1
3510,將顯求賢名,1
3511,顯求賢名自,1
3512,求賢名自來,1
3513,賢名自來掌,1
3514,名自來掌軍,1
3515,自來掌軍書,1
3516,來掌軍書無,1
3517,掌軍書無不,1
3518,軍書無不盡,1
3519,書無不盡臣,1
3520,無不盡臣誠,1
3521,不盡臣誠何,1
3522,盡臣誠何必,1
3523,臣誠何必操,1
3524,誠何必操白,1
3525,何必操白刃,1
3526,必操白刃始,1
3527,操白刃始致,1
3528,白刃始致海,1
3529,刃始致海內,1
3530,始致海內平,1
3531,致海內平恭,1
3532,海內平恭事,1
3533,內平恭事四,1
3534,平恭事四海,1
3535,恭事四海人,1
3536,事四海人甚,1
3537,四海人甚於,1
3538,海人甚於敬,1
3539,人甚於敬公,1
3540,甚於敬公卿,1
3541,於敬公卿有,1
3542,敬公卿有惡,1
3543,公卿有惡如,1
3544,卿有惡如己,1
3545,有惡如己辱,1
3546,惡如己辱聞,1
3547,如己辱聞善,1
3548,己辱聞善如,1
3549,辱聞善如己,1
3550,聞善如己榮,1
3551,善如己榮或,1
3552,如己榮或人,1
3553,己榮或人居,1
3554,榮或人居饑,1
3555,或人居饑寒,1
3556,人居饑寒進,1
3557,居饑寒進退,1
3558,饑寒進退陳,1
3559,寒進退陳中,1
3560,進退陳中情,1
3561,退陳中情徹,1
3562,陳中情徹晏,1
3563,中情徹晏聽,1
3564,情徹晏聽苦,1
3565,徹晏聽苦辛,1
3566,晏聽苦辛坐,1
3567,聽苦辛坐臥,1
3568,苦辛坐臥身,1
3569,辛坐臥身不,1
3570,坐臥身不寧,1
3571,臥身不寧以,1
3572,身不寧以心,1
3573,不寧以心應,1
3574,寧以心應所,1
3575,以心應所求,1
3576,心應所求盡,1
3577,應所求盡家,1
3578,所求盡家猶,1
3579,求盡家猶為,1
3580,盡家猶為輕,1
3581,家猶為輕衣,1
3582,猶為輕衣食,1
3583,為輕衣食有,1
3584,輕衣食有親,1
3585,衣食有親疏,1
3586,食有親疏但,1
3587,有親疏但恐,1
3588,親疏但恐逾,1
3589,疏但恐逾禮,1
3590,但恐逾禮經,1
3591,恐逾禮經我,1
3592,逾禮經我今,1
3593,禮經我今願,1
3594,經我今願求,1
3595,我今願求益,1
3596,今願求益詎,1
3597,願求益詎敢,1
3598,求益詎敢為,1
3599,益詎敢為友,1
3600,詎敢為友生,1
3601,敢為友生幸,1
3602,為友生幸君,1
3603,友生幸君揚,1
3604,生幸君揚素,1
3605,幸君揚素風,1
3606,君揚素風永,1
3607,揚素風永作,1
3608,素風永作來,1
3609,風永作來者,1
3610,永作來者程,1
3611,作來者程五,1
3612,來者程五女,1
3613,者程五女誓,1
3614,程五女誓終,1
3615,五女誓終養,1
3616,女誓終養貞,1
3617,誓終養貞孝,1
3618,終養貞孝內,1
3619,養貞孝內自,1
3620,貞孝內自持,1
3621,孝內自持兔,1
3622,內自持兔絲,1
3623,自持兔絲自,1
3624,持兔絲自縈,1
3625,兔絲自縈紆,1
3626,絲自縈紆不,1
3627,自縈紆不上,1
3628,縈紆不上青,1
3629,紆不上青松,1
3630,不上青松枝,1
3631,上青松枝晨,1
3632,青松枝晨昏,1
3633,松枝晨昏在,1
3634,枝晨昏在親,1
3635,晨昏在親傍,1
3636,昏在親傍閑,1
3637,在親傍閑則,1
3638,親傍閑則讀,1
3639,傍閑則讀書,1
3640,閑則讀書詩,1
3641,則讀書詩自,1
3642,讀書詩自得,1
3643,書詩自得聖,1
3644,詩自得聖人,1
3645,自得聖人心,1
3646,得聖人心不,1
3647,聖人心不因,1
3648,人心不因儒,1
3649,心不因儒者,1
3650,不因儒者知,1
3651,因儒者知少,1
3652,儒者知少年,1
3653,者知少年絕,1
3654,知少年絕音,1
3655,少年絕音華,1
3656,年絕音華貴,1
3657,絕音華貴絕,1
3658,音華貴絕父,1
3659,華貴絕父母,1
3660,貴絕父母詞,1
3661,絕父母詞素,1
3662,父母詞素釵,1
3663,母詞素釵垂,1
3664,詞素釵垂兩,1
3665,素釵垂兩髦,1
3666,釵垂兩髦短,1
3667,垂兩髦短窄,1
3668,兩髦短窄古,1
3669,髦短窄古時,1
3670,短窄古時衣,1
3671,窄古時衣行,1
3672,古時衣行成,1
3673,時衣行成聞,1
3674,衣行成聞四,1
3675,行成聞四方,1
3676,成聞四方征,1
3677,聞四方征詔,1
3678,四方征詔環,1
3679,方征詔環佩,1
3680,征詔環佩隨,1
3681,詔環佩隨同,1
3682,環佩隨同時,1
3683,佩隨同時入,1
3684,隨同時入皇,1
3685,同時入皇宮,1
3686,時入皇宮聯,1
3687,入皇宮聯影,1
3688,皇宮聯影步,1
3689,宮聯影步玉,1
3690,聯影步玉墀,1
3691,影步玉墀鄉,1
3692,步玉墀鄉中,1
3693,玉墀鄉中尚,1
3694,墀鄉中尚其,1
3695,鄉中尚其風,1
3696,中尚其風重,1
3697,尚其風重為,1
3698,其風重為修,1
3699,風重為修茅,1
3700,重為修茅茨,1
3701,為修茅茨聖,1
3702,修茅茨聖朝,1
3703,茅茨聖朝有,1
3704,茨聖朝有良,1
3705,聖朝有良史,1
3706,朝有良史將,1
3707,有良史將此,1
3708,良史將此為,1
3709,史將此為女,1
3710,將此為女師,1
3711,此為女師憶,1
3712,為女師憶昔,1
3713,女師憶昔門,1
3714,師憶昔門館,1
3715,憶昔門館前,1
3716,昔門館前君,1
3717,門館前君當,1
3718,館前君當童,1
3719,前君當童子,1
3720,君當童子年,1
3721,當童子年今,1
3722,童子年今來,1
3723,子年今來見,1
3724,年今來見成,1
3725,今來見成長,1
3726,來見成長俱,1
3727,見成長俱過,1
3728,成長俱過遠,1
3729,長俱過遠所,1
3730,俱過遠所傳,1
3731,過遠所傳詩,1
3732,遠所傳詩禮,1
3733,所傳詩禮不,1
3734,傳詩禮不外,1
3735,詩禮不外學,1
3736,禮不外學兄,1
3737,不外學兄弟,1
3738,外學兄弟相,1
3739,學兄弟相攻,1
3740,兄弟相攻研,1
3741,弟相攻研如,1
3742,相攻研如彼,1
3743,攻研如彼販,1
3744,研如彼販海,1
3745,如彼販海翁,1
3746,彼販海翁豈,1
3747,販海翁豈種,1
3748,海翁豈種溪,1
3749,翁豈種溪中,1
3750,豈種溪中田,1
3751,種溪中田四,1
3752,溪中田四方,1
3753,中田四方尚,1
3754,田四方尚爾,1
3755,四方尚爾文,1
3756,方尚爾文獨,1
3757,尚爾文獨我,1
3758,爾文獨我敬,1
3759,文獨我敬爾,1
3760,獨我敬爾賢,1
3761,我敬爾賢但,1
3762,敬爾賢但愛,1
3763,爾賢但愛金,1
3764,賢但愛金玉,1
3765,但愛金玉聲,1
3766,愛金玉聲不,1
3767,金玉聲不貴,1
3768,玉聲不貴金,1
3769,聲不貴金玉,1
3770,不貴金玉堅,1
3771,貴金玉堅孤,1
3772,金玉堅孤遺,1
3773,玉堅孤遺一,1
3774,堅孤遺一室,1
3775,孤遺一室中,1
3776,遺一室中寢,1
3777,一室中寢食,1
3778,室中寢食不,1
3779,中寢食不相,1
3780,寢食不相捐,1
3781,食不相捐飽,1
3782,不相捐飽如,1
3783,相捐飽如腸,1
3784,捐飽如腸胃,1
3785,飽如腸胃同,1
3786,如腸胃同疾,1
3787,腸胃同疾苦,1
3788,胃同疾苦膚,1
3789,同疾苦膚體,1
3790,疾苦膚體連,1
3791,苦膚體連耕,1
3792,膚體連耕者,1
3793,體連耕者求,1
3794,連耕者求沃,1
3795,耕者求沃土,1
3796,者求沃土漚,1
3797,求沃土漚者,1
3798,沃土漚者求,1
3799,土漚者求深,1
3800,漚者求深源,1
3801,者求深源彼,1
3802,求深源彼邦,1
3803,深源彼邦君,1
3804,源彼邦君子,1
3805,彼邦君子居,1
3806,邦君子居一,1
3807,君子居一日,1
3808,子居一日可,1
3809,居一日可徂,1
3810,一日可徂遷,1
3811,日可徂遷念,1
3812,可徂遷念此,1
3813,徂遷念此居,1
3814,遷念此居處,1
3815,念此居處近,1
3816,此居處近各,1
3817,居處近各為,1
3818,處近各為衣,1
3819,近各為衣食,1
3820,各為衣食牽,1
3821,為衣食牽從,1
3822,衣食牽從今,1
3823,食牽從今不,1
3824,牽從今不見,1
3825,從今不見面,1
3826,今不見面猶,1
3827,不見面猶勝,1
3828,見面猶勝異,1
3829,面猶勝異山,1
3830,猶勝異山川,1
3831,勝異山川既,1
3832,異山川既乖,1
3833,山川既乖歡,1
3834,川既乖歡會,1
3835,既乖歡會期,1
3836,乖歡會期鬱,1
3837,歡會期鬱鬱,1
3838,會期鬱鬱兩,1
3839,期鬱鬱兩難,1
3840,鬱鬱兩難宣,1
3841,鬱兩難宣素,1
3842,兩難宣素琴,1
3843,難宣素琴苦,1
3844,宣素琴苦無,1
3845,素琴苦無徽,1
3846,琴苦無徽安,1
3847,苦無徽安得,1
3848,無徽安得宮,1
3849,徽安得宮商,1
3850,安得宮商全,1
3851,得宮商全他,1
3852,宮商全他皆,1
3853,商全他皆緩,1
3854,全他皆緩別,1
3855,他皆緩別日,1
3856,皆緩別日我,1
3857,緩別日我願,1
3858,別日我願促,1
3859,日我願促行,1
3860,我願促行軒,1
3861,願促行軒送,1
3862,促行軒送人,1
3863,行軒送人莫,1
3864,軒送人莫長,1
3865,送人莫長歌,1
3866,人莫長歌長,1
3867,莫長歌長歌,1
3868,長歌長歌離,1
3869,歌長歌離恨,1
3870,長歌離恨延,1
3871,歌離恨延羸,1
3872,離恨延羸馬,1
3873,恨延羸馬不,1
3874,延羸馬不知,1
3875,羸馬不知去,1
3876,馬不知去過,1
3877,不知去過門,1
3878,知去過門常,1
3879,去過門常盤,1
3880,過門常盤旋,1
3881,門常盤旋會,1
3882,常盤旋會當,1
3883,盤旋會當為,1
3884,旋會當為爾,1
3885,會當為爾鄰,1
3886,當為爾鄰有,1
3887,為爾鄰有地,1
3888,爾鄰有地容,1
3889,鄰有地容一,1
3890,有地容一泉,1
3891,地容一泉孤,1
3892,容一泉孤賤,1
3893,一泉孤賤相,1
3894,泉孤賤相長,1
3895,孤賤相長育,1
3896,賤相長育未,1
3897,相長育未曾,1
3898,長育未曾為,1
3899,育未曾為遠,1
3900,未曾為遠遊,1
3901,曾為遠遊誰,1
3902,為遠遊誰不,1
3903,遠遊誰不重,1
3904,遊誰不重歡,1
3905,誰不重歡愛,1
3906,不重歡愛晨,1
3907,重歡愛晨昏,1
3908,歡愛晨昏闕,1
3909,愛晨昏闕珍,1
3910,晨昏闕珍羞,1
3911,昏闕珍羞出,1
3912,闕珍羞出門,1
3913,珍羞出門念,1
3914,羞出門念衣,1
3915,出門念衣單,1
3916,門念衣單草,1
3917,念衣單草木,1
3918,衣單草木當,1
3919,單草木當窮,1
3920,草木當窮秋,1
3921,木當窮秋非,1
3922,當窮秋非疾,1
3923,窮秋非疾有,1
3924,秋非疾有憂,1
3925,非疾有憂歎,1
3926,疾有憂歎實,1
3927,有憂歎實為,1
3928,憂歎實為人,1
3929,歎實為人子,1
3930,實為人子尤,1
3931,為人子尤世,1
3932,人子尤世情,1
3933,子尤世情本,1
3934,尤世情本難,1
3935,世情本難合,1
3936,情本難合對,1
3937,本難合對面,1
3938,難合對面隔,1
3939,合對面隔山,1
3940,對面隔山丘,1
3941,面隔山丘況,1
3942,隔山丘況複,1
3943,山丘況複干,1
3944,丘況複干戈,1
3945,況複干戈地,1
3946,複干戈地懦,1
3947,干戈地懦夫,1
3948,戈地懦夫何,1
3949,地懦夫何所,1
3950,懦夫何所投,1
3951,夫何所投與,1
3952,何所投與爾,1
3953,所投與爾俱,1
3954,投與爾俱長,1
3955,與爾俱長成,1
3956,爾俱長成尚,1
3957,俱長成尚為,1
3958,長成尚為溝,1
3959,成尚為溝壑,1
3960,尚為溝壑憂,1
3961,為溝壑憂豈,1
3962,溝壑憂豈非,1
3963,壑憂豈非輕,1
3964,憂豈非輕歲,1
3965,豈非輕歲月,1
3966,非輕歲月少,1
3967,輕歲月少小,1
3968,歲月少小不,1
3969,月少小不勤,1
3970,少小不勤修,1
3971,小不勤修從,1
3972,不勤修從今,1
3973,勤修從今解,1
3974,修從今解思,1
3975,從今解思量,1
3976,今解思量勉,1
3977,解思量勉力,1
3978,思量勉力謀,1
3979,量勉力謀善,1
3980,勉力謀善猷,1
3981,力謀善猷但,1
3982,謀善猷但得,1
3983,善猷但得成,1
3984,猷但得成爾,1
3985,但得成爾身,1
3986,得成爾身衣,1
3987,成爾身衣食,1
3988,爾身衣食寧,1
3989,身衣食寧我,1
3990,衣食寧我求,1
3991,食寧我求固,1
3992,寧我求固合,1
3993,我求固合受,1
3994,求固合受此,1
3995,固合受此訓,1
3996,合受此訓墮,1
3997,受此訓墮慢,1
3998,此訓墮慢為,1
3999,訓墮慢為身,1
4000,墮慢為身羞,1
4001,慢為身羞歲,1
4002,為身羞歲暮,1
4003,身羞歲暮當,1
4004,羞歲暮當歸,1
4005,歲暮當歸來,1
4006,暮當歸來慎,1
4007,當歸來慎莫,1
4008,歸來慎莫懷,1
4009,來慎莫懷遠,1
4010,慎莫懷遠遊,1
4011,莫懷遠遊官,1
4012,懷遠遊官家,1
4013,遠遊官家有,1
4014,遊官家有壞,1
4015,官家有壞屋,1
4016,家有壞屋居,1
4017,有壞屋居者,1
4018,壞屋居者願,1
4019,屋居者願離,1
4020,居者願離得,1
4021,者願離得苟,1
4022,願離得苟或,1
4023,離得苟或幸,1
4024,得苟或幸其,1
4025,苟或幸其遷,1
4026,或幸其遷回,1
4027,幸其遷回循,1
4028,其遷回循任,1
4029,遷回循任傾,1
4030,回循任傾側,1
4031,循任傾側若,1
4032,任傾側若當,1
4033,傾側若當君,1
4034,側若當君子,1
4035,若當君子住,1
4036,當君子住一,1
4037,君子住一日,1
4038,子住一日還,1
4039,住一日還修,1
4040,一日還修飾,1
4041,日還修飾必,1
4042,還修飾必使,1
4043,修飾必使換,1
4044,飾必使換榱,1
4045,必使換榱楹,1
4046,使換榱楹先,1
4047,換榱楹先須,1
4048,榱楹先須木,1
4049,楹先須木端,1
4050,先須木端直,1
4051,須木端直永,1
4052,木端直永令,1
4053,端直永令雀,1
4054,直永令雀與,1
4055,永令雀與鼠,1
4056,令雀與鼠無,1
4057,雀與鼠無處,1
4058,與鼠無處求,1
4059,鼠無處求棲,1
4060,無處求棲息,1
4061,處求棲息堅,1
4062,求棲息堅固,1
4063,棲息堅固傳,1
4064,息堅固傳後,1
4065,堅固傳後人,1
4066,固傳後人從,1
4067,傳後人從今,1
4068,後人從今勉,1
4069,人從今勉勞,1
4070,從今勉勞力,1
4071,今勉勞力以,1
4072,勉勞力以茲,1
4073,勞力以茲喻,1
4074,力以茲喻臣,1
4075,以茲喻臣下,1
4076,茲喻臣下亦,1
4077,喻臣下亦可,1
4078,臣下亦可成,1
4079,下亦可成邦,1
4080,亦可成邦國,1
4081,可成邦國雖,1
4082,成邦國雖曰,1
4083,邦國雖曰愚,1
4084,國雖曰愚者,1
4085,雖曰愚者詞,1
4086,曰愚者詞將,1
4087,愚者詞將來,1
4088,者詞將來幸,1
4089,詞將來幸無,1
4090,將來幸無惑,1
4091,來幸無惑四,1
4092,幸無惑四海,1
4093,無惑四海重,1
4094,惑四海重貢,1
4095,四海重貢獻,1
4096,海重貢獻珠,1
4097,重貢獻珠贐,1
4098,貢獻珠贐稱,1
4099,獻珠贐稱至,1
4100,珠贐稱至珍,1
4101,贐稱至珍聖,1
4102,稱至珍聖朝,1
4103,至珍聖朝開,1
4104,珍聖朝開禮,1
4105,聖朝開禮闈,1
4106,朝開禮闈所,1
4107,開禮闈所貴,1
4108,禮闈所貴集,1
4109,闈所貴集嘉,1
4110,所貴集嘉賓,1
4111,貴集嘉賓若,1
4112,集嘉賓若生,1
4113,嘉賓若生在,1
4114,賓若生在世,1
4115,若生在世間,1
4116,生在世間此,1
4117,在世間此路,1
4118,世間此路出,1
4119,間此路出常,1
4120,此路出常倫,1
4121,路出常倫一,1
4122,出常倫一士,1
4123,常倫一士登,1
4124,倫一士登甲,1
4125,一士登甲科,1
4126,士登甲科九,1
4127,登甲科九族,1
4128,甲科九族光,1
4129,科九族光彩,1
4130,九族光彩新,1
4131,族光彩新憧,1
4132,光彩新憧憧,1
4133,彩新憧憧車,1
4134,新憧憧車馬,1
4135,憧憧車馬徒,1
4136,憧車馬徒爭,1
4137,車馬徒爭路,1
4138,馬徒爭路長,1
4139,徒爭路長安,1
4140,爭路長安塵,1
4141,路長安塵萬,1
4142,長安塵萬目,1
4143,安塵萬目視,1
4144,塵萬目視高,1
4145,萬目視高天,1
4146,目視高天升,1
4147,視高天升者,1
4148,高天升者得,1
4149,天升者得苦,1
4150,升者得苦辛,1
4151,者得苦辛況,1
4152,得苦辛況子,1
4153,苦辛況子當,1
4154,辛況子當少,1
4155,況子當少年,1
4156,子當少年丈,1
4157,當少年丈人,1
4158,少年丈人在,1
4159,年丈人在咸,1
4160,丈人在咸秦,1
4161,人在咸秦出,1
4162,在咸秦出門,1
4163,咸秦出門見,1
4164,秦出門見宮,1
4165,出門見宮闕,1
4166,門見宮闕獻,1
4167,見宮闕獻賦,1
4168,宮闕獻賦侍,1
4169,闕獻賦侍朱,1
4170,獻賦侍朱輪,1
4171,賦侍朱輪有,1
4172,侍朱輪有賢,1
4173,朱輪有賢大,1
4174,輪有賢大國,1
4175,有賢大國豐,1
4176,賢大國豐無,1
4177,大國豐無子,1
4178,國豐無子一,1
4179,豐無子一家,1
4180,無子一家貧,1
4181,子一家貧男,1
4182,一家貧男兒,1
4183,家貧男兒富,1
4184,貧男兒富邦,1
4185,男兒富邦家,1
4186,兒富邦家豈,1
4187,富邦家豈為,1
4188,邦家豈為榮,1
4189,家豈為榮其,1
4190,豈為榮其身,1
4191,為榮其身煌,1
4192,榮其身煌煌,1
4193,其身煌煌文,1
4194,身煌煌文明,1
4195,煌煌文明代,1
4196,煌文明代俱,1
4197,文明代俱幸,1
4198,明代俱幸生,1
4199,代俱幸生此,1
4200,俱幸生此辰,1
4201,幸生此辰自,1
4202,生此辰自顧,1
4203,此辰自顧非,1
4204,辰自顧非國,1
4205,自顧非國風,1
4206,顧非國風難,1
4207,非國風難以,1
4208,國風難以合,1
4209,風難以合聖,1
4210,難以合聖人,1
4211,以合聖人子,1
4212,合聖人子去,1
4213,聖人子去東,1
4214,人子去東堂,1
4215,子去東堂上,1
4216,去東堂上我,1
4217,東堂上我歸,1
4218,堂上我歸南,1
4219,上我歸南澗,1
4220,我歸南澗濱,1
4221,歸南澗濱願,1
4222,南澗濱願君,1
4223,澗濱願君勤,1
4224,濱願君勤作,1
4225,願君勤作書,1
4226,君勤作書與,1
4227,勤作書與我,1
4228,作書與我山,1
4229,書與我山中,1
4230,與我山中鄰,1
4231,我山中鄰有,1
4232,山中鄰有川,1
4233,中鄰有川不,1
4234,鄰有川不得,1
4235,有川不得涉,1
4236,川不得涉有,1
4237,不得涉有路,1
4238,得涉有路不,1
4239,涉有路不得,1
4240,有路不得行,1
4241,路不得行沉,1
4242,不得行沉沉,1
4243,得行沉沉百,1
4244,行沉沉百憂,1
4245,沉沉百憂中,1
4246,沉百憂中一,1
4247,百憂中一日,1
4248,憂中一日如,1
4249,中一日如一,1
4250,一日如一生,1
4251,日如一生錯,1
4252,如一生錯來,1
4253,一生錯來幹,1
4254,生錯來幹諸,1
4255,錯來幹諸侯,1
4256,來幹諸侯石,1
4257,幹諸侯石田,1
4258,諸侯石田廢,1
4259,侯石田廢春,1
4260,石田廢春耕,1
4261,田廢春耕虎,1
4262,廢春耕虎戟,1
4263,春耕虎戟衛,1
4264,耕虎戟衛重,1
4265,虎戟衛重門,1
4266,戟衛重門何,1
4267,衛重門何因,1
4268,重門何因達,1
4269,門何因達中,1
4270,何因達中誠,1
4271,因達中誠日,1
4272,達中誠日月,1
4273,中誠日月俱,1
4274,誠日月俱照,1
4275,日月俱照輝,1
4276,月俱照輝山,1
4277,俱照輝山川,1
4278,照輝山川異,1
4279,輝山川異陰,1
4280,山川異陰晴,1
4281,川異陰晴如,1
4282,異陰晴如何,1
4283,陰晴如何百,1
4284,晴如何百里,1
4285,如何百里間,1
4286,何百里間開,1
4287,百里間開目,1
4288,里間開目不,1
4289,間開目不見,1
4290,開目不見明,1
4291,目不見明我,1
4292,不見明我今,1
4293,見明我今歸,1
4294,明我今歸故,1
4295,我今歸故山,1
4296,今歸故山誓,1
4297,歸故山誓與,1
4298,故山誓與草,1
4299,山誓與草木,1
4300,誓與草木並,1
4301,與草木並願,1
4302,草木並願君,1
4303,木並願君去,1
4304,並願君去丘,1
4305,願君去丘阪,1
4306,君去丘阪長,1
4307,去丘阪長使,1
4308,丘阪長使道,1
4309,阪長使道路,1
4310,長使道路平,1
4311,使道路平憶,1
4312,道路平憶昨,1
4313,路平憶昨癡,1
4314,平憶昨癡小,1
4315,憶昨癡小年,1
4316,昨癡小年不,1
4317,癡小年不知,1
4318,小年不知有,1
4319,年不知有經,1
4320,不知有經籍,1
4321,知有經籍常,1
4322,有經籍常隨,1
4323,經籍常隨童,1
4324,籍常隨童子,1
4325,常隨童子游,1
4326,隨童子游多,1
4327,童子游多向,1
4328,子游多向外,1
4329,游多向外家,1
4330,多向外家劇,1
4331,向外家劇偷,1
4332,外家劇偷花,1
4333,家劇偷花入,1
4334,劇偷花入鄰,1
4335,偷花入鄰里,1
4336,花入鄰里弄,1
4337,入鄰里弄筆,1
4338,鄰里弄筆書,1
4339,里弄筆書牆,1
4340,弄筆書牆壁,1
4341,筆書牆壁照,1
4342,書牆壁照水,1
4343,牆壁照水學,1
4344,壁照水學梳,1
4345,照水學梳頭,1
4346,水學梳頭應,1
4347,學梳頭應門,1
4348,梳頭應門未,1
4349,頭應門未穿,1
4350,應門未穿幘,1
4351,門未穿幘人,1
4352,未穿幘人前,1
4353,穿幘人前賞,1
4354,幘人前賞文,1
4355,人前賞文性,1
4356,前賞文性梨,1
4357,賞文性梨果,1
4358,文性梨果蒙,1
4359,性梨果蒙不,1
4360,梨果蒙不惜,1
4361,果蒙不惜賦,1
4362,蒙不惜賦字,1
4363,不惜賦字詠,1
4364,惜賦字詠新,1
4365,賦字詠新泉,1
4366,字詠新泉探,1
4367,詠新泉探題,1
4368,新泉探題得,1
4369,泉探題得幽,1
4370,探題得幽石,1
4371,題得幽石自,1
4372,得幽石自從,1
4373,幽石自從出,1
4374,石自從出關,1
4375,自從出關輔,1
4376,從出關輔三,1
4377,出關輔三十,1
4378,關輔三十年,1
4379,輔三十年作,1
4380,三十年作客,1
4381,十年作客風,1
4382,年作客風雨,1
4383,作客風雨一,1
4384,客風雨一飄,1
4385,風雨一飄颻,1
4386,雨一飄颻親,1
4387,一飄颻親情,1
4388,飄颻親情多,1
4389,颻親情多阻,1
4390,親情多阻隔,1
4391,情多阻隔如,1
4392,多阻隔如何,1
4393,阻隔如何二,1
4394,隔如何二千,1
4395,如何二千里,1
4396,何二千里塵,1
4397,二千里塵土,1
4398,千里塵土驅,1
4399,里塵土驅蹇,1
4400,塵土驅蹇瘠,1
4401,土驅蹇瘠良,1
4402,驅蹇瘠良久,1
4403,蹇瘠良久陳,1
4404,瘠良久陳苦,1
4405,良久陳苦辛,1
4406,久陳苦辛從,1
4407,陳苦辛從頭,1
4408,苦辛從頭歎,1
4409,辛從頭歎衰,1
4410,從頭歎衰白,1
4411,頭歎衰白既,1
4412,歎衰白既來,1
4413,衰白既來今,1
4414,白既來今又,1
4415,既來今又去,1
4416,來今又去暫,1
4417,今又去暫笑,1
4418,又去暫笑還,1
4419,去暫笑還成,1
4420,暫笑還成戚,1
4421,笑還成戚落,1
4422,還成戚落日,1
4423,成戚落日動,1
4424,戚落日動征,1
4425,落日動征車,1
4426,日動征車春,1
4427,動征車春風,1
4428,征車春風卷,1
4429,車春風卷離,1
4430,春風卷離席,1
4431,風卷離席雲,1
4432,卷離席雲台,1
4433,離席雲台觀,1
4434,席雲台觀西,1
4435,雲台觀西路,1
4436,台觀西路華,1
4437,觀西路華岳,1
4438,西路華岳祠,1
4439,路華岳祠前,1
4440,華岳祠前柏,1
4441,岳祠前柏會,1
4442,祠前柏會得,1
4443,前柏會得過,1
4444,柏會得過帝,1
4445,會得過帝鄉,1
4446,得過帝鄉重,1
4447,過帝鄉重尋,1
4448,帝鄉重尋舊,1
4449,鄉重尋舊行,1
4450,重尋舊行跡,1
4451,尋舊行跡各,1
4452,舊行跡各為,1
4453,行跡各為四,1
4454,跡各為四方,1
4455,各為四方人,1
4456,為四方人此,1
4457,四方人此地,1
4458,方人此地同,1
4459,人此地同事,1
4460,此地同事師,1
4461,地同事師業,1
4462,同事師業成,1
4463,事師業成有,1
4464,師業成有先,1
4465,業成有先後,1
4466,成有先後不,1
4467,有先後不得,1
4468,先後不得長,1
4469,後不得長相,1
4470,不得長相隨,1
4471,得長相隨出,1
4472,長相隨出林,1
4473,相隨出林多,1
4474,隨出林多道,1
4475,出林多道路,1
4476,林多道路緣,1
4477,多道路緣岡,1
4478,道路緣岡複,1
4479,路緣岡複繞,1
4480,緣岡複繞陂,1
4481,岡複繞陂念,1
4482,複繞陂念君,1
4483,繞陂念君辛,1
4484,陂念君辛苦,1
4485,念君辛苦行,1
4486,君辛苦行令,1
4487,辛苦行令我,1
4488,苦行令我形,1
4489,行令我形體,1
4490,令我形體疲,1
4491,我形體疲黃,1
4492,形體疲黃葉,1
4493,體疲黃葉墮,1
4494,疲黃葉墮車,1
4495,黃葉墮車前,1
4496,葉墮車前四,1
4497,墮車前四散,1
4498,車前四散當,1
4499,前四散當此,1
4500,四散當此時,1
4501,散當此時亭,1
4502,當此時亭上,1
4503,此時亭上夜,1
4504,時亭上夜蕭,1
4505,亭上夜蕭索,1
4506,上夜蕭索山,1
4507,夜蕭索山風,1
4508,蕭索山風水,1
4509,索山風水離,1
4510,山風水離離,1
4511,風水離離行,1
4512,水離離行子,1
4513,離離行子繞,1
4514,離行子繞天,1
4515,行子繞天北,1
4516,子繞天北山,1
4517,繞天北山高,1
4518,天北山高塞,1
4519,北山高塞複,1
4520,山高塞複深,1
4521,高塞複深升,1
4522,塞複深升堂,1
4523,複深升堂展,1
4524,深升堂展客,1
4525,升堂展客禮,1
4526,堂展客禮臨,1
4527,展客禮臨水,1
4528,客禮臨水濯,1
4529,禮臨水濯纓,1
4530,臨水濯纓襟,1
4531,水濯纓襟驅,1
4532,濯纓襟驅馳,1
4533,纓襟驅馳戎,1
4534,襟驅馳戎地,1
4535,驅馳戎地馬,1
4536,馳戎地馬聚,1
4537,戎地馬聚散,1
4538,地馬聚散林,1
4539,馬聚散林間,1
4540,聚散林間禽,1
4541,散林間禽一,1
4542,林間禽一杯,1
4543,間禽一杯瀉,1
4544,禽一杯瀉東,1
4545,一杯瀉東流,1
4546,杯瀉東流各,1
4547,瀉東流各願,1
4548,東流各願無,1
4549,流各願無異,1
4550,各願無異心,1
4551,願無異心薊,1
4552,無異心薊亭,1
4553,異心薊亭雖,1
4554,心薊亭雖苦,1
4555,薊亭雖苦寒,1
4556,亭雖苦寒春,1
4557,雖苦寒春夕,1
4558,苦寒春夕勿,1
4559,寒春夕勿重,1
4560,春夕勿重衾,1
4561,夕勿重衾從,1
4562,勿重衾從軍,1
4563,重衾從軍任,1
4564,衾從軍任白,1
4565,從軍任白頭,1
4566,軍任白頭莫,1
4567,任白頭莫賣,1
4568,白頭莫賣故,1
4569,頭莫賣故山,1
4570,莫賣故山岑,1
4571,賣故山岑早,1
4572,故山岑早入,1
4573,山岑早入溫,1
4574,岑早入溫門,1
4575,早入溫門山,1
4576,入溫門山群,1
4577,溫門山群峰,1
4578,門山群峰亂,1
4579,山群峰亂如,1
4580,群峰亂如戟,1
4581,峰亂如戟崩,1
4582,亂如戟崩崖,1
4583,如戟崩崖欲,1
4584,戟崩崖欲相,1
4585,崩崖欲相觸,1
4586,崖欲相觸呀,1
4587,欲相觸呀豁,1
4588,相觸呀豁斷,1
4589,觸呀豁斷行,1
4590,呀豁斷行跡,1
4591,豁斷行跡脫,1
4592,斷行跡脫屐,1
4593,行跡脫屐尋,1
4594,跡脫屐尋淺,1
4595,脫屐尋淺流,1
4596,屐尋淺流定,1
4597,尋淺流定足,1
4598,淺流定足畏,1
4599,流定足畏欹,1
4600,定足畏欹石,1
4601,足畏欹石路,1
4602,畏欹石路盡,1
4603,欹石路盡十,1
4604,石路盡十裏,1
4605,路盡十裏溪,1
4606,盡十裏溪地,1
4607,十裏溪地多,1
4608,裏溪地多千,1
4609,溪地多千歲,1
4610,地多千歲柏,1
4611,多千歲柏洞,1
4612,千歲柏洞門,1
4613,歲柏洞門晝,1
4614,柏洞門晝陰,1
4615,洞門晝陰黑,1
4616,門晝陰黑深,1
4617,晝陰黑深處,1
4618,陰黑深處惟,1
4619,黑深處惟石,1
4620,深處惟石壁,1
4621,處惟石壁似,1
4622,惟石壁似見,1
4623,石壁似見丹,1
4624,壁似見丹砂,1
4625,似見丹砂光,1
4626,見丹砂光亦,1
4627,丹砂光亦聞,1
4628,砂光亦聞鐘,1
4629,光亦聞鐘乳,1
4630,亦聞鐘乳滴,1
4631,聞鐘乳滴靈,1
4632,鐘乳滴靈池,1
4633,乳滴靈池出,1
4634,滴靈池出山,1
4635,靈池出山底,1
4636,池出山底沸,1
4637,出山底沸水,1
4638,山底沸水沖,1
4639,底沸水沖地,1
4640,沸水沖地脈,1
4641,水沖地脈暖,1
4642,沖地脈暖氣,1
4643,地脈暖氣成,1
4644,脈暖氣成濕,1
4645,暖氣成濕煙,1
4646,氣成濕煙濛,1
4647,成濕煙濛濛,1
4648,濕煙濛濛窗,1
4649,煙濛濛窗中,1
4650,濛濛窗中白,1
4651,濛窗中白隨,1
4652,窗中白隨僧,1
4653,中白隨僧入,1
4654,白隨僧入古,1
4655,隨僧入古寺,1
4656,僧入古寺便,1
4657,入古寺便是,1
4658,古寺便是雲,1
4659,寺便是雲外,1
4660,便是雲外客,1
4661,是雲外客月,1
4662,雲外客月出,1
4663,外客月出天,1
4664,客月出天氣,1
4665,月出天氣涼,1
4666,出天氣涼夜,1
4667,天氣涼夜鐘,1
4668,氣涼夜鐘山,1
4669,涼夜鐘山寂,1
4670,夜鐘山寂寂,1
4671,鐘山寂寂雙,1
4672,山寂寂雙轂,1
4673,寂寂雙轂不,1
4674,寂雙轂不回,1
4675,雙轂不回轍,1
4676,轂不回轍子,1
4677,不回轍子疾,1
4678,回轍子疾已,1
4679,轍子疾已在,1
4680,子疾已在旁,1
4681,疾已在旁侍,1
4682,已在旁侍坐,1
4683,在旁侍坐長,1
4684,旁侍坐長搖,1
4685,侍坐長搖扇,1
4686,坐長搖扇迎,1
4687,長搖扇迎醫,1
4688,搖扇迎醫漸,1
4689,扇迎醫漸下,1
4690,迎醫漸下床,1
4691,醫漸下床新,1
4692,漸下床新施,1
4693,下床新施箱,1
4694,床新施箱中,1
4695,新施箱中幔,1
4696,施箱中幔未,1
4697,箱中幔未洗,1
4698,中幔未洗來,1
4699,幔未洗來時,1
4700,未洗來時妝,1
4701,洗來時妝奉,1
4702,來時妝奉君,1
4703,時妝奉君纏,1
4704,妝奉君纏綿,1
4705,奉君纏綿意,1
4706,君纏綿意幸,1
4707,纏綿意幸願,1
4708,綿意幸願莫,1
4709,意幸願莫相,1
4710,幸願莫相忘,1
4711,願莫相忘鳥,1
4712,莫相忘鳥鳴,1
4713,相忘鳥鳴桑,1
4714,忘鳥鳴桑葉,1
4715,鳥鳴桑葉間,1
4716,鳴桑葉間綠,1
4717,桑葉間綠條,1
4718,葉間綠條複,1
4719,間綠條複柔,1
4720,綠條複柔柔,1
4721,條複柔柔攀,1
4722,複柔柔攀看,1
4723,柔柔攀看去,1
4724,柔攀看去手,1
4725,攀看去手近,1
4726,看去手近放,1
4727,去手近放下,1
4728,手近放下長,1
4729,近放下長長,1
4730,放下長長鉤,1
4731,下長長鉤黃,1
4732,長長鉤黃花,1
4733,長鉤黃花蓋,1
4734,鉤黃花蓋野,1
4735,黃花蓋野田,1
4736,花蓋野田白,1
4737,蓋野田白馬,1
4738,野田白馬少,1
4739,田白馬少年,1
4740,白馬少年游,1
4741,馬少年游所,1
4742,少年游所念,1
4743,年游所念豈,1
4744,游所念豈回,1
4745,所念豈回顧,1
4746,念豈回顧良,1
4747,豈回顧良人,1
4748,回顧良人在,1
4749,顧良人在高,1
4750,良人在高樓,1
4751,人在高樓曉,1
4752,在高樓曉氣,1
4753,高樓曉氣生,1
4754,樓曉氣生綠,1
4755,曉氣生綠水,1
4756,氣生綠水春,1
4757,生綠水春條,1
4758,綠水春條露,1
4759,水春條露霏,1
4760,春條露霏霏,1
4761,條露霏霏林,1
4762,露霏霏林間,1
4763,霏霏林間棲,1
4764,霏林間棲鳥,1
4765,林間棲鳥散,1
4766,間棲鳥散遠,1
4767,棲鳥散遠念,1
4768,鳥散遠念征,1
4769,散遠念征人,1
4770,遠念征人起,1
4771,念征人起幽,1
4772,征人起幽花,1
4773,人起幽花宿,1
4774,起幽花宿含,1
4775,幽花宿含彩,1
4776,花宿含彩早,1
4777,宿含彩早蝶,1
4778,含彩早蝶寒,1
4779,彩早蝶寒弄,1
4780,早蝶寒弄翅,1
4781,蝶寒弄翅君,1
4782,寒弄翅君行,1
4783,弄翅君行非,1
4784,翅君行非晨,1
4785,君行非晨風,1
4786,行非晨風詎,1
4787,非晨風詎能,1
4788,晨風詎能從,1
4789,風詎能從門,1
4790,詎能從門至,1
4791,能從門至回,1
4792,從門至回燈,1
4793,門至回燈正,1
4794,至回燈正衣,1
4795,回燈正衣裳,1
4796,燈正衣裳出,1
4797,正衣裳出戶,1
4798,衣裳出戶星,1
4799,裳出戶星未,1
4800,出戶星未稀,1
4801,戶星未稀堂,1
4802,星未稀堂前,1
4803,未稀堂前候,1
4804,稀堂前候姑,1
4805,堂前候姑起,1
4806,前候姑起環,1
4807,候姑起環佩,1
4808,姑起環佩生,1
4809,起環佩生晨,1
4810,環佩生晨輝,1
4811,佩生晨輝暗,1
4812,生晨輝暗池,1
4813,晨輝暗池光,1
4814,輝暗池光冪,1
4815,暗池光冪密,1
4816,池光冪密樹,1
4817,光冪密樹花,1
4818,冪密樹花葳,1
4819,密樹花葳蕤,1
4820,樹花葳蕤九,1
4821,花葳蕤九城,1
4822,葳蕤九城鐘,1
4823,蕤九城鐘漏,1
4824,九城鐘漏絕,1
4825,城鐘漏絕遙,1
4826,鐘漏絕遙聽,1
4827,漏絕遙聽直,1
4828,絕遙聽直郎,1
4829,遙聽直郎歸,1
4830,聽直郎歸本,1
4831,直郎歸本性,1
4832,郎歸本性慵,1
4833,歸本性慵遠,1
4834,本性慵遠行,1
4835,性慵遠行綿,1
4836,慵遠行綿綿,1
4837,遠行綿綿病,1
4838,行綿綿病自,1
4839,綿綿病自生,1
4840,綿病自生見,1
4841,病自生見君,1
4842,自生見君綢,1
4843,生見君綢繆,1
4844,見君綢繆思,1
4845,君綢繆思慰,1
4846,綢繆思慰我,1
4847,繆思慰我寂,1
4848,思慰我寂寞,1
4849,慰我寂寞情,1
4850,我寂寞情風,1
4851,寂寞情風幌,1
4852,寞情風幌夜,1
4853,情風幌夜不,1
4854,風幌夜不掩,1
4855,幌夜不掩秋,1
4856,夜不掩秋燈,1
4857,不掩秋燈照,1
4858,掩秋燈照雨,1
4859,秋燈照雨明,1
4860,燈照雨明彼,1
4861,照雨明彼愁,1
4862,雨明彼愁此,1
4863,明彼愁此又,1
4864,彼愁此又憶,1
4865,愁此又憶一,1
4866,此又憶一夕,1
4867,又憶一夕兩,1
4868,憶一夕兩盈,1
4869,一夕兩盈盈,1
4870,夕兩盈盈寒,1
4871,兩盈盈寒食,1
4872,盈盈寒食家,1
4873,盈寒食家家,1
4874,寒食家家出,1
4875,食家家出古,1
4876,家家出古城,1
4877,家出古城老,1
4878,出古城老人,1
4879,古城老人看,1
4880,城老人看屋,1
4881,老人看屋少,1
4882,人看屋少年,1
4883,看屋少年行,1
4884,屋少年行丘,1
4885,少年行丘壟,1
4886,年行丘壟年,1
4887,行丘壟年年,1
4888,丘壟年年無,1
4889,壟年年無舊,1
4890,年年無舊道,1
4891,年無舊道車,1
4892,無舊道車徒,1
4893,舊道車徒散,1
4894,道車徒散行,1
4895,車徒散行入,1
4896,徒散行入衰,1
4897,散行入衰草,1
4898,行入衰草牧,1
4899,入衰草牧兒,1
4900,衰草牧兒驅,1
4901,草牧兒驅牛,1
4902,牧兒驅牛下,1
4903,兒驅牛下塚,1
4904,驅牛下塚頭,1
4905,牛下塚頭畏,1
4906,下塚頭畏有,1
4907,塚頭畏有家,1
4908,頭畏有家人,1
4909,畏有家人來,1
4910,有家人來灑,1
4911,家人來灑掃,1
4912,人來灑掃遠,1
4913,來灑掃遠人,1
4914,灑掃遠人無,1
4915,掃遠人無墳,1
4916,遠人無墳水,1
4917,人無墳水頭,1
4918,無墳水頭祭,1
4919,墳水頭祭還,1
4920,水頭祭還引,1
4921,頭祭還引婦,1
4922,祭還引婦姑,1
4923,還引婦姑望,1
4924,引婦姑望鄉,1
4925,婦姑望鄉拜,1
4926,姑望鄉拜三,1
4927,望鄉拜三日,1
4928,鄉拜三日無,1
4929,拜三日無火,1
4930,三日無火燒,1
4931,日無火燒紙,1
4932,無火燒紙錢,1
4933,火燒紙錢紙,1
4934,燒紙錢紙錢,1
4935,紙錢紙錢那,1
4936,錢紙錢那得,1
4937,紙錢那得到,1
4938,錢那得到黃,1
4939,那得到黃泉,1
4940,得到黃泉但,1
4941,到黃泉但看,1
4942,黃泉但看壟,1
4943,泉但看壟上,1
4944,但看壟上無,1
4945,看壟上無新,1
4946,壟上無新土,1
4947,上無新土此,1
4948,無新土此中,1
4949,新土此中白,1
4950,土此中白骨,1
4951,此中白骨應,1
4952,中白骨應無,1
4953,白骨應無主,1
4954,骨應無主促,1
4955,應無主促刺,1
4956,無主促刺複,1
4957,主促刺複促,1
4958,促刺複促刺,1
4959,刺複促刺水,1
4960,複促刺水中,1
4961,促刺水中無,1
4962,刺水中無魚,1
4963,水中無魚山,1
4964,中無魚山無,1
4965,無魚山無石,1
4966,魚山無石少,1
4967,山無石少年,1
4968,無石少年雖,1
4969,石少年雖嫁,1
4970,少年雖嫁不,1
4971,年雖嫁不得,1
4972,雖嫁不得歸,1
4973,嫁不得歸頭,1
4974,不得歸頭白,1
4975,得歸頭白猶,1
4976,歸頭白猶著,1
4977,頭白猶著父,1
4978,白猶著父母,1
4979,猶著父母衣,1
4980,著父母衣田,1
4981,父母衣田邊,1
4982,母衣田邊舊,1
4983,衣田邊舊宅,1
4984,田邊舊宅非,1
4985,邊舊宅非所,1
4986,舊宅非所有,1
4987,宅非所有我,1
4988,非所有我身,1
4989,所有我身不,1
4990,有我身不及,1
4991,我身不及逐,1
4992,身不及逐雞,1
4993,不及逐雞飛,1
4994,及逐雞飛出,1
4995,逐雞飛出門,1
4996,雞飛出門若,1
4997,飛出門若有,1
4998,出門若有歸,1
4999,門若有歸死,1
5000,若有歸死處,1
5001,有歸死處猛,1
5002,歸死處猛虎,1
5003,死處猛虎當,1
5004,處猛虎當衢,1
5005,猛虎當衢向,1
5006,虎當衢向前,1
5007,當衢向前去,1
5008,衢向前去百,1
5009,向前去百年,1
5010,前去百年不,1
5011,去百年不遣,1
5012,百年不遣踏,1
5013,年不遣踏君,1
5014,不遣踏君門,1
5015,遣踏君門在,1
5016,踏君門在家,1
5017,君門在家誰,1
5018,門在家誰喚,1
5019,在家誰喚為,1
5020,家誰喚為新,1
5021,誰喚為新婦,1
5022,喚為新婦豈,1
5023,為新婦豈不,1
5024,新婦豈不見,1
5025,婦豈不見他,1
5026,豈不見他鄰,1
5027,不見他鄰舍,1
5028,見他鄰舍娘,1
5029,他鄰舍娘嫁,1
5030,鄰舍娘嫁來,1
5031,舍娘嫁來常,1
5032,娘嫁來常在,1
5033,嫁來常在舅,1
5034,來常在舅姑,1
5035,常在舅姑傍,1
5036,在舅姑傍壟,1
5037,舅姑傍壟水,1
5038,姑傍壟水何,1
5039,傍壟水何年,1
5040,壟水何年壟,1
5041,水何年壟頭,1
5042,何年壟頭別,1
5043,年壟頭別不,1
5044,壟頭別不在,1
5045,頭別不在山,1
5046,別不在山中,1
5047,不在山中亦,1
5048,在山中亦嗚,1
5049,山中亦嗚咽,1
5050,中亦嗚咽征,1
5051,亦嗚咽征人,1
5052,嗚咽征人塞,1
5053,咽征人塞耳,1
5054,征人塞耳馬,1
5055,人塞耳馬不,1
5056,塞耳馬不行,1
5057,耳馬不行未,1
5058,馬不行未到,1
5059,不行未到壟,1
5060,行未到壟頭,1
5061,未到壟頭聞,1
5062,到壟頭聞水,1
5063,壟頭聞水聲,1
5064,頭聞水聲謂,1
5065,聞水聲謂是,1
5066,水聲謂是西,1
5067,聲謂是西流,1
5068,謂是西流入,1
5069,是西流入蒲,1
5070,西流入蒲海,1
5071,流入蒲海還,1
5072,入蒲海還聞,1
5073,蒲海還聞北,1
5074,海還聞北去,1
5075,還聞北去繞,1
5076,聞北去繞龍,1
5077,北去繞龍城,1
5078,去繞龍城壟,1
5079,繞龍城壟東,1
5080,龍城壟東壟,1
5081,城壟東壟西,1
5082,壟東壟西多,1
5083,東壟西多屈,1
5084,壟西多屈曲,1
5085,西多屈曲野,1
5086,多屈曲野麋,1
5087,屈曲野麋飲,1
5088,曲野麋飲水,1
5089,野麋飲水長,1
5090,麋飲水長簇,1
5091,飲水長簇簇,1
5092,水長簇簇胡,1
5093,長簇簇胡兵,1
5094,簇簇胡兵夜,1
5095,簇胡兵夜回,1
5096,胡兵夜回水,1
5097,兵夜回水旁,1
5098,夜回水旁住,1
5099,回水旁住憶,1
5100,水旁住憶著,1
5101,旁住憶著來,1
5102,住憶著來時,1
5103,憶著來時磨,1
5104,著來時磨劍,1
5105,來時磨劍處,1
5106,時磨劍處向,1
5107,磨劍處向前,1
5108,劍處向前無,1
5109,處向前無井,1
5110,向前無井複,1
5111,前無井複無,1
5112,無井複無泉,1
5113,井複無泉放,1
5114,複無泉放馬,1
5115,無泉放馬回,1
5116,泉放馬回看,1
5117,放馬回看壟,1
5118,馬回看壟頭,1
5119,回看壟頭樹,1
5120,看壟頭樹北,1
5121,壟頭樹北邙,1
5122,頭樹北邙山,1
5123,樹北邙山頭,1
5124,北邙山頭少,1
5125,邙山頭少閑,1
5126,山頭少閑土,1
5127,頭少閑土儘,1
5128,少閑土儘是,1
5129,閑土儘是洛,1
5130,土儘是洛陽,1
5131,儘是洛陽人,1
5132,是洛陽人舊,1
5133,洛陽人舊墓,1
5134,陽人舊墓舊,1
5135,人舊墓舊墓,1
5136,舊墓舊墓人,1
5137,墓舊墓人家,1
5138,舊墓人家歸,1
5139,墓人家歸葬,1
5140,人家歸葬多,1
5141,家歸葬多堆,1
5142,歸葬多堆著,1
5143,葬多堆著黃,1
5144,多堆著黃金,1
5145,堆著黃金無,1
5146,著黃金無買,1
5147,黃金無買處,1
5148,金無買處天,1
5149,無買處天涯,1
5150,買處天涯悠,1
5151,處天涯悠悠,1
5152,天涯悠悠葬,1
5153,涯悠悠葬日,1
5154,悠悠葬日促,1
5155,悠葬日促岡,1
5156,葬日促岡阪,1
5157,日促岡阪崎,1
5158,促岡阪崎嶇,1
5159,岡阪崎嶇不,1
5160,阪崎嶇不停,1
5161,崎嶇不停轂,1
5162,嶇不停轂高,1
5163,不停轂高張,1
5164,停轂高張素,1
5165,轂高張素幕,1
5166,高張素幕繞,1
5167,張素幕繞銘,1
5168,素幕繞銘旌,1
5169,幕繞銘旌夜,1
5170,繞銘旌夜唱,1
5171,銘旌夜唱挽,1
5172,旌夜唱挽歌,1
5173,夜唱挽歌山,1
5174,唱挽歌山下,1
5175,挽歌山下宿,1
5176,歌山下宿洛,1
5177,山下宿洛陽,1
5178,下宿洛陽城,1
5179,宿洛陽城北,1
5180,洛陽城北複,1
5181,陽城北複城,1
5182,城北複城東,1
5183,北複城東魂,1
5184,複城東魂車,1
5185,城東魂車祖,1
5186,東魂車祖馬,1
5187,魂車祖馬長,1
5188,車祖馬長相,1
5189,祖馬長相逢,1
5190,馬長相逢車,1
5191,長相逢車轍,1
5192,相逢車轍廣,1
5193,逢車轍廣若,1
5194,車轍廣若長,1
5195,轍廣若長安,1
5196,廣若長安路,1
5197,若長安路蒿,1
5198,長安路蒿草,1
5199,安路蒿草少,1
5200,路蒿草少於,1
5201,蒿草少於松,1
5202,草少於松柏,1
5203,少於松柏樹,1
5204,於松柏樹澗,1
5205,松柏樹澗底,1
5206,柏樹澗底盤,1
5207,樹澗底盤陀,1
5208,澗底盤陀石,1
5209,底盤陀石漸,1
5210,盤陀石漸稀,1
5211,陀石漸稀盡,1
5212,石漸稀盡向,1
5213,漸稀盡向墳,1
5214,稀盡向墳前,1
5215,盡向墳前作,1
5216,向墳前作羊,1
5217,墳前作羊虎,1
5218,前作羊虎誰,1
5219,作羊虎誰家,1
5220,羊虎誰家石,1
5221,虎誰家石碑,1
5222,誰家石碑文,1
5223,家石碑文字,1
5224,石碑文字滅,1
5225,碑文字滅後,1
5226,文字滅後人,1
5227,字滅後人重,1
5228,滅後人重取,1
5229,後人重取書,1
5230,人重取書年,1
5231,重取書年月,1
5232,取書年月朝,1
5233,書年月朝朝,1
5234,年月朝朝車,1
5235,月朝朝車馬,1
5236,朝朝車馬送,1
5237,朝車馬送葬,1
5238,車馬送葬回,1
5239,馬送葬回還,1
5240,送葬回還起,1
5241,葬回還起大,1
5242,回還起大宅,1
5243,還起大宅與,1
5244,起大宅與高,1
5245,大宅與高臺,1
5246,宅與高臺十,1
5247,與高臺十月,1
5248,高臺十月一,1
5249,臺十月一日,1
5250,十月一日天,1
5251,月一日天子,1
5252,一日天子來,1
5253,日天子來青,1
5254,天子來青繩,1
5255,子來青繩禦,1
5256,來青繩禦路,1
5257,青繩禦路無,1
5258,繩禦路無塵,1
5259,禦路無塵埃,1
5260,路無塵埃宮,1
5261,無塵埃宮前,1
5262,塵埃宮前內,1
5263,埃宮前內裏,1
5264,宮前內裏湯,1
5265,前內裏湯各,1
5266,內裏湯各別,1
5267,裏湯各別每,1
5268,湯各別每個,1
5269,各別每個白,1
5270,別每個白玉,1
5271,每個白玉芙,1
5272,個白玉芙蓉,1
5273,白玉芙蓉開,1
5274,玉芙蓉開朝,1
5275,芙蓉開朝元,1
5276,蓉開朝元閣,1
5277,開朝元閣向,1
5278,朝元閣向山,1
5279,元閣向山上,1
5280,閣向山上起,1
5281,向山上起城,1
5282,山上起城繞,1
5283,上起城繞青,1
5284,起城繞青山,1
5285,城繞青山龍,1
5286,繞青山龍暖,1
5287,青山龍暖水,1
5288,山龍暖水夜,1
5289,龍暖水夜開,1
5290,暖水夜開金,1
5291,水夜開金殿,1
5292,夜開金殿看,1
5293,開金殿看星,1
5294,金殿看星河,1
5295,殿看星河宮,1
5296,看星河宮女,1
5297,星河宮女知,1
5298,河宮女知更,1
5299,宮女知更月,1
5300,女知更月明,1
5301,知更月明裏,1
5302,更月明裏武,1
5303,月明裏武皇,1
5304,明裏武皇得,1
5305,裏武皇得仙,1
5306,武皇得仙王,1
5307,皇得仙王母,1
5308,得仙王母去,1
5309,仙王母去山,1
5310,王母去山雞,1
5311,母去山雞晝,1
5312,去山雞晝鳴,1
5313,山雞晝鳴宮,1
5314,雞晝鳴宮中,1
5315,晝鳴宮中樹,1
5316,鳴宮中樹溫,1
5317,宮中樹溫泉,1
5318,中樹溫泉決,1
5319,樹溫泉決決,1
5320,溫泉決決出,1
5321,泉決決出宮,1
5322,決決出宮流,1
5323,決出宮流宮,1
5324,出宮流宮使,1
5325,宮流宮使年,1
5326,流宮使年年,1
5327,宮使年年修,1
5328,使年年修玉,1
5329,年年修玉樓,1
5330,年修玉樓禁,1
5331,修玉樓禁兵,1
5332,玉樓禁兵去,1
5333,樓禁兵去盡,1
5334,禁兵去盡無,1
5335,兵去盡無射,1
5336,去盡無射獵,1
5337,盡無射獵日,1
5338,無射獵日西,1
5339,射獵日西麋,1
5340,獵日西麋鹿,1
5341,日西麋鹿登,1
5342,西麋鹿登城,1
5343,麋鹿登城頭,1
5344,鹿登城頭梨,1
5345,登城頭梨園,1
5346,城頭梨園弟,1
5347,頭梨園弟子,1
5348,梨園弟子偷,1
5349,園弟子偷曲,1
5350,弟子偷曲譜,1
5351,子偷曲譜頭,1
5352,偷曲譜頭白,1
5353,曲譜頭白人,1
5354,譜頭白人間,1
5355,頭白人間教,1
5356,白人間教歌,1
5357,人間教歌舞,1
5358,間教歌舞紅,1
5359,教歌舞紅煙,1
5360,歌舞紅煙滿,1
5361,舞紅煙滿戶,1
5362,紅煙滿戶日,1
5363,煙滿戶日照,1
5364,滿戶日照梁,1
5365,戶日照梁天,1
5366,日照梁天絲,1
5367,照梁天絲軟,1
5368,梁天絲軟弱,1
5369,天絲軟弱蟲,1
5370,絲軟弱蟲飛,1
5371,軟弱蟲飛揚,1
5372,弱蟲飛揚菱,1
5373,蟲飛揚菱花,1
5374,飛揚菱花霍,1
5375,揚菱花霍霍,1
5376,菱花霍霍繞,1
5377,花霍霍繞帷,1
5378,霍霍繞帷光,1
5379,霍繞帷光美,1
5380,繞帷光美人,1
5381,帷光美人對,1
5382,光美人對鏡,1
5383,美人對鏡著,1
5384,人對鏡著衣,1
5385,對鏡著衣裳,1
5386,鏡著衣裳庭,1
5387,著衣裳庭中,1
5388,衣裳庭中並,1
5389,裳庭中並種,1
5390,庭中並種相,1
5391,中並種相思,1
5392,並種相思樹,1
5393,種相思樹夜,1
5394,相思樹夜夜,1
5395,思樹夜夜還,1
5396,樹夜夜還棲,1
5397,夜夜還棲雙,1
5398,夜還棲雙鳳,1
5399,還棲雙鳳凰,1
5400,棲雙鳳凰遼,1
5401,雙鳳凰遼東,1
5402,鳳凰遼東萬,1
5403,凰遼東萬里,1
5404,遼東萬里遼,1
5405,東萬里遼水,1
5406,萬里遼水曲,1
5407,里遼水曲古,1
5408,遼水曲古戍,1
5409,水曲古戍無,1
5410,曲古戍無城,1
5411,古戍無城複,1
5412,戍無城複無,1
5413,無城複無屋,1
5414,城複無屋黃,1
5415,複無屋黃雲,1
5416,無屋黃雲蓋,1
5417,屋黃雲蓋地,1
5418,黃雲蓋地雪,1
5419,雲蓋地雪作,1
5420,蓋地雪作山,1
5421,地雪作山不,1
5422,雪作山不惜,1
5423,作山不惜黃,1
5424,山不惜黃金,1
5425,不惜黃金買,1
5426,惜黃金買衣,1
5427,黃金買衣服,1
5428,金買衣服戰,1
5429,買衣服戰回,1
5430,衣服戰回各,1
5431,服戰回各自,1
5432,戰回各自收,1
5433,回各自收弓,1
5434,各自收弓箭,1
5435,自收弓箭正,1
5436,收弓箭正西,1
5437,弓箭正西回,1
5438,箭正西回面,1
5439,正西回面家,1
5440,西回面家鄉,1
5441,回面家鄉遠,1
5442,面家鄉遠年,1
5443,家鄉遠年年,1
5444,鄉遠年年郡,1
5445,遠年年郡縣,1
5446,年年郡縣送,1
5447,年郡縣送征,1
5448,郡縣送征人,1
5449,縣送征人將,1
5450,送征人將與,1
5451,征人將與遼,1
5452,人將與遼東,1
5453,將與遼東作,1
5454,與遼東作丘,1
5455,遼東作丘阪,1
5456,東作丘阪寧,1
5457,作丘阪寧為,1
5458,丘阪寧為草,1
5459,阪寧為草木,1
5460,寧為草木鄉,1
5461,為草木鄉中,1
5462,草木鄉中生,1
5463,木鄉中生有,1
5464,鄉中生有身,1
5465,中生有身不,1
5466,生有身不向,1
5467,有身不向遼,1
5468,身不向遼東,1
5469,不向遼東行,1
5470,向遼東行天,1
5471,遼東行天山,1
5472,東行天山路,1
5473,行天山路傍,1
5474,天山路傍一,1
5475,山路傍一株,1
5476,路傍一株梅,1
5477,傍一株梅年,1
5478,一株梅年年,1
5479,株梅年年花,1
5480,梅年年花發,1
5481,年年花發黃,1
5482,年花發黃雲,1
5483,花發黃雲下,1
5484,發黃雲下昭,1
5485,黃雲下昭君,1
5486,雲下昭君已,1
5487,下昭君已歿,1
5488,昭君已歿漢,1
5489,君已歿漢使,1
5490,已歿漢使回,1
5491,歿漢使回前,1
5492,漢使回前後,1
5493,使回前後征,1
5494,回前後征人,1
5495,前後征人惟,1
5496,後征人惟系,1
5497,征人惟系馬,1
5498,人惟系馬日,1
5499,惟系馬日夜,1
5500,系馬日夜風,1
5501,馬日夜風吹,1
5502,日夜風吹滿,1
5503,夜風吹滿隴,1
5504,風吹滿隴頭,1
5505,吹滿隴頭還,1
5506,滿隴頭還隨,1
5507,隴頭還隨隴,1
5508,頭還隨隴水,1
5509,還隨隴水東,1
5510,隨隴水東西,1
5511,隴水東西流,1
5512,水東西流此,1
5513,東西流此花,1
5514,西流此花若,1
5515,流此花若近,1
5516,此花若近長,1
5517,花若近長安,1
5518,若近長安路,1
5519,近長安路九,1
5520,長安路九衢,1
5521,安路九衢年,1
5522,路九衢年少,1
5523,九衢年少無,1
5524,衢年少無攀,1
5525,年少無攀處,1
5526,少無攀處戴,1
5527,無攀處戴勝,1
5528,攀處戴勝誰,1
5529,處戴勝誰與,1
5530,戴勝誰與爾,1
5531,勝誰與爾為,1
5532,誰與爾為名,1
5533,與爾為名木,1
5534,爾為名木中,1
5535,為名木中作,1
5536,名木中作窠,1
5537,木中作窠牆,1
5538,中作窠牆上,1
5539,作窠牆上鳴,1
5540,窠牆上鳴聲,1
5541,牆上鳴聲聲,1
5542,上鳴聲聲催,1
5543,鳴聲聲催我,1
5544,聲聲催我急,1
5545,聲催我急種,1
5546,催我急種穀,1
5547,我急種穀人,1
5548,急種穀人家,1
5549,種穀人家向,1
5550,穀人家向田,1
5551,人家向田不,1
5552,家向田不歸,1
5553,向田不歸宿,1
5554,田不歸宿紫,1
5555,不歸宿紫冠,1
5556,歸宿紫冠采,1
5557,宿紫冠采采,1
5558,紫冠采采褐,1
5559,冠采采褐羽,1
5560,采采褐羽斑,1
5561,采褐羽斑銜,1
5562,褐羽斑銜得,1
5563,羽斑銜得蜻,1
5564,斑銜得蜻蜓,1
5565,銜得蜻蜓飛,1
5566,得蜻蜓飛過,1
5567,蜻蜓飛過屋,1
5568,蜓飛過屋可,1
5569,飛過屋可憐,1
5570,過屋可憐白,1
5571,屋可憐白鷺,1
5572,可憐白鷺滿,1
5573,憐白鷺滿綠,1
5574,白鷺滿綠池,1
5575,鷺滿綠池不,1
5576,滿綠池不如,1
5577,綠池不如戴,1
5578,池不如戴勝,1
5579,不如戴勝知,1
5580,如戴勝知天,1
5581,戴勝知天時,1
5582,勝知天時長,1
5583,知天時長長,1
5584,天時長長絲,1
5585,時長長絲繩,1
5586,長長絲繩紫,1
5587,長絲繩紫複,1
5588,絲繩紫複碧,1
5589,繩紫複碧嫋,1
5590,紫複碧嫋嫋,1
5591,複碧嫋嫋橫,1
5592,碧嫋嫋橫枝,1
5593,嫋嫋橫枝高,1
5594,嫋橫枝高百,1
5595,橫枝高百尺,1
5596,枝高百尺少,1
5597,高百尺少年,1
5598,百尺少年兒,1
5599,尺少年兒女,1
5600,少年兒女重,1
5601,年兒女重秋,1
5602,兒女重秋千,1
5603,女重秋千盤,1
5604,重秋千盤巾,1
5605,秋千盤巾結,1
5606,千盤巾結帶,1
5607,盤巾結帶分,1
5608,巾結帶分兩,1
5609,結帶分兩邊,1
5610,帶分兩邊身,1
5611,分兩邊身輕,1
5612,兩邊身輕裙,1
5613,邊身輕裙薄,1
5614,身輕裙薄易,1
5615,輕裙薄易生,1
5616,裙薄易生力,1
5617,薄易生力雙,1
5618,易生力雙手,1
5619,生力雙手向,1
5620,力雙手向空,1
5621,雙手向空如,1
5622,手向空如鳥,1
5623,向空如鳥翼,1
5624,空如鳥翼下,1
5625,如鳥翼下來,1
5626,鳥翼下來立,1
5627,翼下來立定,1
5628,下來立定重,1
5629,來立定重系,1
5630,立定重系衣,1
5631,定重系衣複,1
5632,重系衣複畏,1
5633,系衣複畏斜,1
5634,衣複畏斜風,1
5635,複畏斜風高,1
5636,畏斜風高不,1
5637,斜風高不得,1
5638,風高不得傍,1
5639,高不得傍人,1
5640,不得傍人送,1
5641,得傍人送上,1
5642,傍人送上那,1
5643,人送上那足,1
5644,送上那足貴,1
5645,上那足貴終,1
5646,那足貴終賭,1
5647,足貴終賭鳴,1
5648,貴終賭鳴璫,1
5649,終賭鳴璫鬥,1
5650,賭鳴璫鬥自,1
5651,鳴璫鬥自起,1
5652,璫鬥自起回,1
5653,鬥自起回回,1
5654,自起回回若,1
5655,起回回若與,1
5656,回回若與高,1
5657,回若與高樹,1
5658,若與高樹齊,1
5659,與高樹齊頭,1
5660,高樹齊頭上,1
5661,樹齊頭上寶,1
5662,齊頭上寶釵,1
5663,頭上寶釵從,1
5664,上寶釵從墮,1
5665,寶釵從墮地,1
5666,釵從墮地眼,1
5667,從墮地眼前,1
5668,墮地眼前爭,1
5669,地眼前爭勝,1
5670,眼前爭勝難,1
5671,前爭勝難為,1
5672,爭勝難為休,1
5673,勝難為休足,1
5674,難為休足踏,1
5675,為休足踏平,1
5676,休足踏平地,1
5677,足踏平地看,1
5678,踏平地看始,1
5679,平地看始愁,1
5680,地看始愁美,1
5681,看始愁美人,1
5682,始愁美人開,1
5683,愁美人開池,1
5684,美人開池北,1
5685,人開池北堂,1
5686,開池北堂下,1
5687,池北堂下拾,1
5688,北堂下拾得,1
5689,堂下拾得寶,1
5690,下拾得寶釵,1
5691,拾得寶釵金,1
5692,得寶釵金未,1
5693,寶釵金未化,1
5694,釵金未化鳳,1
5695,金未化鳳凰,1
5696,未化鳳凰半,1
5697,化鳳凰半在,1
5698,鳳凰半在雙,1
5699,凰半在雙股,1
5700,半在雙股齊,1
5701,在雙股齊鈿,1
5702,雙股齊鈿花,1
5703,股齊鈿花落,1
5704,齊鈿花落處,1
5705,鈿花落處生,1
5706,花落處生黃,1
5707,落處生黃泥,1
5708,處生黃泥當,1
5709,生黃泥當時,1
5710,黃泥當時墮,1
5711,泥當時墮地,1
5712,當時墮地覓,1
5713,時墮地覓不,1
5714,墮地覓不得,1
5715,地覓不得暗,1
5716,覓不得暗想,1
5717,不得暗想窗,1
5718,得暗想窗中,1
5719,暗想窗中還,1
5720,想窗中還夜,1
5721,窗中還夜啼,1
5722,中還夜啼可,1
5723,還夜啼可知,1
5724,夜啼可知將,1
5725,啼可知將來,1
5726,可知將來對,1
5727,知將來對夫,1
5728,將來對夫婿,1
5729,來對夫婿鏡,1
5730,對夫婿鏡前,1
5731,夫婿鏡前學,1
5732,婿鏡前學梳,1
5733,鏡前學梳古,1
5734,前學梳古時,1
5735,學梳古時髻,1
5736,梳古時髻莫,1
5737,古時髻莫言,1
5738,時髻莫言至,1
5739,髻莫言至死,1
5740,莫言至死亦,1
5741,言至死亦不,1
5742,至死亦不遺,1
5743,死亦不遺還,1
5744,亦不遺還似,1
5745,不遺還似前,1
5746,遺還似前人,1
5747,還似前人初,1
5748,似前人初得,1
5749,前人初得時,1
5750,人初得時男,1
5751,初得時男抱,1
5752,得時男抱琵,1
5753,時男抱琵琶,1
5754,男抱琵琶女,1
5755,抱琵琶女作,1
5756,琵琶女作舞,1
5757,琶女作舞主,1
5758,女作舞主人,1
5759,作舞主人再,1
5760,舞主人再拜,1
5761,主人再拜聽,1
5762,人再拜聽神,1
5763,再拜聽神語,1
5764,拜聽神語新,1
5765,聽神語新婦,1
5766,神語新婦上,1
5767,語新婦上酒,1
5768,新婦上酒勿,1
5769,婦上酒勿辭,1
5770,上酒勿辭勤,1
5771,酒勿辭勤使,1
5772,勿辭勤使爾,1
5773,辭勤使爾舅,1
5774,勤使爾舅姑,1
5775,使爾舅姑無,1
5776,爾舅姑無所,1
5777,舅姑無所苦,1
5778,姑無所苦椒,1
5779,無所苦椒漿,1
5780,所苦椒漿湛,1
5781,苦椒漿湛湛,1
5782,椒漿湛湛桂,1
5783,漿湛湛桂座,1
5784,湛湛桂座新,1
5785,湛桂座新一,1
5786,桂座新一雙,1
5787,座新一雙長,1
5788,新一雙長箭,1
5789,一雙長箭系,1
5790,雙長箭系紅,1
5791,長箭系紅巾,1
5792,箭系紅巾但,1
5793,系紅巾但願,1
5794,紅巾但願牛,1
5795,巾但願牛羊,1
5796,但願牛羊滿,1
5797,願牛羊滿家,1
5798,牛羊滿家宅,1
5799,羊滿家宅十,1
5800,滿家宅十月,1
5801,家宅十月報,1
5802,宅十月報賽,1
5803,十月報賽南,1
5804,月報賽南山,1
5805,報賽南山神,1
5806,賽南山神青,1
5807,南山神青天,1
5808,山神青天無,1
5809,神青天無風,1
5810,青天無風水,1
5811,天無風水複,1
5812,無風水複碧,1
5813,風水複碧龍,1
5814,水複碧龍馬,1
5815,複碧龍馬上,1
5816,碧龍馬上鞍,1
5817,龍馬上鞍牛,1
5818,馬上鞍牛服,1
5819,上鞍牛服軛,1
5820,鞍牛服軛紛,1
5821,牛服軛紛紛,1
5822,服軛紛紛醉,1
5823,軛紛紛醉舞,1
5824,紛紛醉舞踏,1
5825,紛醉舞踏衣,1
5826,醉舞踏衣裳,1
5827,舞踏衣裳把,1
5828,踏衣裳把酒,1
5829,衣裳把酒路,1
5830,裳把酒路旁,1
5831,把酒路旁勸,1
5832,酒路旁勸行,1
5833,路旁勸行客,1
5834,旁勸行客人,1
5835,勸行客人家,1
5836,行客人家少,1
5837,客人家少能,1
5838,人家少能留,1
5839,家少能留我,1
5840,少能留我屋,1
5841,能留我屋客,1
5842,留我屋客有,1
5843,我屋客有新,1
5844,屋客有新漿,1
5845,客有新漿馬,1
5846,有新漿馬有,1
5847,新漿馬有粟,1
5848,漿馬有粟遠,1
5849,馬有粟遠行,1
5850,有粟遠行僮,1
5851,粟遠行僮僕,1
5852,遠行僮僕應,1
5853,行僮僕應苦,1
5854,僮僕應苦饑,1
5855,僕應苦饑新,1
5856,應苦饑新婦,1
5857,苦饑新婦廚,1
5858,饑新婦廚中,1
5859,新婦廚中炊,1
5860,婦廚中炊欲,1
5861,廚中炊欲熟,1
5862,中炊欲熟不,1
5863,炊欲熟不嫌,1
5864,欲熟不嫌田,1
5865,熟不嫌田家,1
5866,不嫌田家破,1
5867,嫌田家破門,1
5868,田家破門戶,1
5869,家破門戶蠶,1
5870,破門戶蠶房,1
5871,門戶蠶房新,1
5872,戶蠶房新泥,1
5873,蠶房新泥無,1
5874,房新泥無風,1
5875,新泥無風土,1
5876,泥無風土行,1
5877,無風土行人,1
5878,風土行人但,1
5879,土行人但飲,1
5880,行人但飲莫,1
5881,人但飲莫畏,1
5882,但飲莫畏貧,1
5883,飲莫畏貧明,1
5884,莫畏貧明府,1
5885,畏貧明府上,1
5886,貧明府上來,1
5887,明府上來何,1
5888,府上來何苦,1
5889,上來何苦辛,1
5890,來何苦辛丁,1
5891,何苦辛丁甯,1
5892,苦辛丁甯回,1
5893,辛丁甯回語,1
5894,丁甯回語屋,1
5895,甯回語屋中,1
5896,回語屋中妻,1
5897,語屋中妻有,1
5898,屋中妻有客,1
5899,中妻有客勿,1
5900,妻有客勿令,1
5901,有客勿令兒,1
5902,客勿令兒夜,1
5903,勿令兒夜啼,1
5904,令兒夜啼雙,1
5905,兒夜啼雙塚,1
5906,夜啼雙塚直,1
5907,啼雙塚直西,1
5908,雙塚直西有,1
5909,塚直西有縣,1
5910,直西有縣路,1
5911,西有縣路我,1
5912,有縣路我教,1
5913,縣路我教丁,1
5914,路我教丁男,1
5915,我教丁男送,1
5916,教丁男送君,1
5917,丁男送君去,1
5918,男送君去精,1
5919,送君去精衛,1
5920,君去精衛誰,1
5921,去精衛誰教,1
5922,精衛誰教爾,1
5923,衛誰教爾填,1
5924,誰教爾填海,1
5925,教爾填海海,1
5926,爾填海海邊,1
5927,填海海邊石,1
5928,海海邊石子,1
5929,海邊石子青,1
5930,邊石子青磊,1
5931,石子青磊磊,1
5932,子青磊磊但,1
5933,青磊磊但得,1
5934,磊磊但得海,1
5935,磊但得海水,1
5936,但得海水作,1
5937,得海水作枯,1
5938,海水作枯池,1
5939,水作枯池海,1
5940,作枯池海中,1
5941,枯池海中魚,1
5942,池海中魚龍,1
5943,海中魚龍何,1
5944,中魚龍何所,1
5945,魚龍何所為,1
5946,龍何所為口,1
5947,何所為口穿,1
5948,所為口穿豈,1
5949,為口穿豈為,1
5950,口穿豈為空,1
5951,穿豈為空銜,1
5952,豈為空銜石,1
5953,為空銜石山,1
5954,空銜石山中,1
5955,銜石山中草,1
5956,石山中草木,1
5957,山中草木無,1
5958,中草木無全,1
5959,草木無全枝,1
5960,木無全枝朝,1
5961,無全枝朝在,1
5962,全枝朝在樹,1
5963,枝朝在樹頭,1
5964,朝在樹頭暮,1
5965,在樹頭暮海,1
5966,樹頭暮海裏,1
5967,頭暮海裏飛,1
5968,暮海裏飛多,1
5969,海裏飛多羽,1
5970,裏飛多羽折,1
5971,飛多羽折時,1
5972,多羽折時墮,1
5973,羽折時墮水,1
5974,折時墮水高,1
5975,時墮水高山,1
5976,墮水高山未,1
5977,水高山未盡,1
5978,高山未盡海,1
5979,山未盡海未,1
5980,未盡海未平,1
5981,盡海未平願,1
5982,海未平願我,1
5983,未平願我身,1
5984,平願我身死,1
5985,願我身死子,1
5986,我身死子還,1
5987,身死子還生,1
5988,死子還生嫁,1
5989,子還生嫁時,1
5990,還生嫁時明,1
5991,生嫁時明鏡,1
5992,嫁時明鏡老,1
5993,時明鏡老猶,1
5994,明鏡老猶在,1
5995,鏡老猶在黃,1
5996,老猶在黃金,1
5997,猶在黃金鏤,1
5998,在黃金鏤畫,1
5999,黃金鏤畫雙,1
6000,金鏤畫雙鳳,1
6001,鏤畫雙鳳背,1
6002,畫雙鳳背憶,1
6003,雙鳳背憶昔,1
6004,鳳背憶昔咸,1
6005,背憶昔咸陽,1
6006,憶昔咸陽初,1
6007,昔咸陽初買,1
6008,咸陽初買來,1
6009,陽初買來燈,1
6010,初買來燈前,1
6011,買來燈前自,1
6012,來燈前自繡,1
6013,燈前自繡芙,1
6014,前自繡芙蓉,1
6015,自繡芙蓉帶,1
6016,繡芙蓉帶十,1
6017,芙蓉帶十年,1
6018,蓉帶十年不,1
6019,帶十年不開,1
6020,十年不開一,1
6021,年不開一片,1
6022,不開一片鐵,1
6023,開一片鐵長,1
6024,一片鐵長向,1
6025,片鐵長向暗,1
6026,鐵長向暗中,1
6027,長向暗中梳,1
6028,向暗中梳白,1
6029,暗中梳白髮,1
6030,中梳白髮今,1
6031,梳白髮今日,1
6032,白髮今日後,1
6033,髮今日後床,1
6034,今日後床重,1
6035,日後床重照,1
6036,後床重照看,1
6037,床重照看生,1
6038,重照看生死,1
6039,照看生死終,1
6040,看生死終當,1
6041,生死終當此,1
6042,死終當此長,1
6043,終當此長別,1
6044,當此長別望,1
6045,此長別望夫,1
6046,長別望夫處,1
6047,別望夫處江,1
6048,望夫處江悠,1
6049,夫處江悠悠,1
6050,處江悠悠化,1
6051,江悠悠化為,1
6052,悠悠化為石,1
6053,悠化為石不,1
6054,化為石不回,1
6055,為石不回頭,1
6056,石不回頭上,1
6057,不回頭上頭,1
6058,回頭上頭日,1
6059,頭上頭日日,1
6060,上頭日日風,1
6061,頭日日風複,1
6062,日日風複雨,1
6063,日風複雨行,1
6064,風複雨行人,1
6065,複雨行人歸,1
6066,雨行人歸來,1
6067,行人歸來石,1
6068,人歸來石應,1
6069,歸來石應語,1
6070,來石應語主,1
6071,石應語主人,1
6072,應語主人一,1
6073,語主人一去,1
6074,主人一去池,1
6075,人一去池水,1
6076,一去池水絕,1
6077,去池水絕池,1
6078,池水絕池鶴,1
6079,水絕池鶴散,1
6080,絕池鶴散飛,1
6081,池鶴散飛不,1
6082,鶴散飛不相,1
6083,散飛不相別,1
6084,飛不相別青,1
6085,不相別青天,1
6086,相別青天漫,1
6087,別青天漫漫,1
6088,青天漫漫碧,1
6089,天漫漫碧水,1
6090,漫漫碧水重,1
6091,漫碧水重知,1
6092,碧水重知向,1
6093,水重知向何,1
6094,重知向何山,1
6095,知向何山風,1
6096,向何山風雪,1
6097,何山風雪中,1
6098,山風雪中萬,1
6099,風雪中萬里,1
6100,雪中萬里雖,1
6101,中萬里雖然,1
6102,萬里雖然音,1
6103,里雖然音影,1
6104,雖然音影在,1
6105,然音影在兩,1
6106,音影在兩心,1
6107,影在兩心終,1
6108,在兩心終是,1
6109,兩心終是死,1
6110,心終是死生,1
6111,終是死生同,1
6112,是死生同池,1
6113,死生同池邊,1
6114,生同池邊巢,1
6115,同池邊巢破,1
6116,年烏生子章,1
6117,烏生子章華,1
6118,生子章華宮,1
6119,子章華宮人,1
6120,山山葉墮雉,1
6121,山葉墮雉咿,1
6122,葉墮雉咿喔,1
6123,墮雉咿喔雛,1
6124,雉咿喔雛出,1
6125,咿喔雛出毛,1
6126,喔雛出毛斑,1
6127,雛出毛斑斑,1
6128,出毛斑斑觜,1
6129,毛斑斑觜啄,1
6130,斑斑觜啄啄,1
6131,斑觜啄啄學,1
6132,觜啄啄學飛,1
6133,啄啄學飛未,1
6134,啄學飛未得,1
6135,學飛未得一,1
6136,飛未得一尺,1
6137,未得一尺高,1
6138,得一尺高還,1
6139,一尺高還逐,1
6140,尺高還逐母,1
6141,高還逐母行,1
6142,還逐母行旋,1
6143,逐母行旋母,1
6144,母行旋母腳,1
6145,行旋母腳麥,1
6146,旋母腳麥壟,1
6147,母腳麥壟淺,1
6148,腳麥壟淺淺,1
6149,麥壟淺淺難,1
6150,壟淺淺難蔽,1
6151,淺淺難蔽身,1
6152,淺難蔽身遠,1
6153,難蔽身遠去,1
6154,蔽身遠去戀,1
6155,身遠去戀雛,1
6156,遠去戀雛低,1
6157,去戀雛低怕,1
6158,戀雛低怕人,1
6159,雛低怕人時,1
6160,低怕人時時,1
6161,怕人時時土,1
6162,人時時土中,1
6163,時時土中鼓,1
6164,時土中鼓兩,1
6165,土中鼓兩翅,1
6166,中鼓兩翅引,1
6167,鼓兩翅引雛,1
6168,兩翅引雛拾,1
6169,翅引雛拾蟲,1
6170,引雛拾蟲不,1
6171,雛拾蟲不相,1
6172,拾蟲不相離,1
6173,蟲不相離天,1
6174,不相離天河,1
6175,相離天河漫,1
6176,離天河漫漫,1
6177,天河漫漫北,1
6178,河漫漫北斗,1
6179,漫漫北斗璨,1
6180,漫北斗璨宮,1
6181,北斗璨宮中,1
6182,斗璨宮中烏,1
6183,璨宮中烏啼,1
6184,宮中烏啼知,1
6185,中烏啼知夜,1
6186,烏啼知夜半,1
6187,啼知夜半新,1
6188,知夜半新縫,1
6189,夜半新縫白,1
6190,半新縫白紵,1
6191,新縫白紵舞,1
6192,縫白紵舞衣,1
6193,白紵舞衣成,1
6194,紵舞衣成來,1
6195,舞衣成來遲,1
6196,衣成來遲邀,1
6197,成來遲邀得,1
6198,來遲邀得吳,1
6199,遲邀得吳王,1
6200,邀得吳王迎,1
6201,得吳王迎低,1
6202,吳王迎低鬟,1
6203,王迎低鬟轉,1
6204,迎低鬟轉面,1
6205,低鬟轉面掩,1
6206,鬟轉面掩雙,1
6207,轉面掩雙袖,1
6208,面掩雙袖玉,1
6209,掩雙袖玉釵,1
6210,雙袖玉釵浮,1
6211,袖玉釵浮動,1
6212,玉釵浮動秋,1
6213,釵浮動秋風,1
6214,浮動秋風生,1
6215,動秋風生酒,1
6216,秋風生酒多,1
6217,風生酒多夜,1
6218,生酒多夜長,1
6219,聲更窈窕館,1
6220,更窈窕館娃,1
6221,窈窕館娃宮,1
6222,窕館娃宮中,1
6223,館娃宮中春,1
6224,娃宮中春日,1
6225,宮中春日暮,1
6226,中春日暮荔,1
6227,春日暮荔枝,1
6228,日暮荔枝木,1
6229,暮荔枝木瓜,1
6230,荔枝木瓜花,1
6231,枝木瓜花滿,1
6232,木瓜花滿樹,1
6233,瓜花滿樹城,1
6234,花滿樹城頭,1
6235,滿樹城頭烏,1
6236,樹城頭烏棲,1
6237,城頭烏棲休,1
6238,頭烏棲休擊,1
6239,烏棲休擊鼓,1
6240,棲休擊鼓青,1
6241,休擊鼓青娥,1
6242,擊鼓青娥彈,1
6243,鼓青娥彈瑟,1
6244,青娥彈瑟白,1
6245,娥彈瑟白紵,1
6246,彈瑟白紵舞,1
6247,瑟白紵舞夜,1
6248,白紵舞夜天,1
6249,紵舞夜天曈,1
6250,舞夜天曈曈,1
6251,夜天曈曈不,1
6252,天曈曈不見,1
6253,曈曈不見星,1
6254,曈不見星宮,1
6255,不見星宮中,1
6256,見星宮中火,1
6257,星宮中火照,1
6258,宮中火照西,1
6259,中火照西江,1
6260,火照西江明,1
6261,照西江明美,1
6262,西江明美人,1
6263,江明美人醉,1
6264,明美人醉起,1
6265,美人醉起無,1
6266,人醉起無次,1
6267,醉起無次第,1
6268,起無次第墮,1
6269,無次第墮釵,1
6270,次第墮釵遺,1
6271,第墮釵遺佩,1
6272,墮釵遺佩滿,1
6273,釵遺佩滿中,1
6274,遺佩滿中庭,1
6275,佩滿中庭此,1
6276,滿中庭此時,1
6277,中庭此時但,1
6278,庭此時但願,1
6279,此時但願可,1
6280,時但願可君,1
6281,但願可君意,1
6282,願可君意回,1
6283,可君意回晝,1
6284,君意回晝為,1
6285,意回晝為宵,1
6286,回晝為宵亦,1
6287,晝為宵亦不,1
6288,為宵亦不寐,1
6289,宵亦不寐年,1
6290,亦不寐年年,1
6291,不寐年年奉,1
6292,寐年年奉君,1
6293,年年奉君君,1
6294,年奉君君莫,1
6295,奉君君莫棄,1
6296,君君莫棄人,1
6297,君莫棄人初,1
6298,莫棄人初生,1
6299,棄人初生日,1
6300,人初生日初,1
6301,初生日初出,1
6302,生日初出上,1
6303,日初出上山,1
6304,初出上山遲,1
6305,出上山遲下,1
6306,上山遲下山,1
6307,山遲下山疾,1
6308,遲下山疾百,1
6309,下山疾百年,1
6310,山疾百年三,1
6311,疾百年三萬,1
6312,百年三萬六,1
6313,年三萬六千,1
6314,三萬六千朝,1
6315,萬六千朝夜,1
6316,六千朝夜裏,1
6317,千朝夜裏分,1
6318,朝夜裏分將,1
6319,夜裏分將強,1
6320,裏分將強半,1
6321,分將強半日,1
6322,將強半日有,1
6323,強半日有歌,1
6324,半日有歌有,1
6325,日有歌有舞,1
6326,有歌有舞須,1
6327,歌有舞須早,1
6328,有舞須早為,1
6329,舞須早為昨,1
6330,須早為昨日,1
6331,早為昨日健,1
6332,為昨日健於,1
6333,昨日健於今,1
6334,日健於今日,1
6335,健於今日時,1
6336,於今日時人,1
6337,今日時人家,1
6338,日時人家見,1
6339,時人家見生,1
6340,人家見生男,1
6341,家見生男女,1
6342,見生男女好,1
6343,生男女好不,1
6344,男女好不知,1
6345,女好不知男,1
6346,好不知男女,1
6347,不知男女催,1
6348,知男女催人,1
6349,男女催人老,1
6350,女催人老短,1
6351,催人老短歌,1
6352,人老短歌行,1
6353,老短歌行無,1
6354,短歌行無樂,1
6355,歌行無樂聲,1
6356,行無樂聲長,1
6357,無樂聲長城,1
6358,樂聲長城窟,1
6359,聲長城窟長,1
6360,長城窟長城,1
6361,城窟長城窟,1
6362,窟長城窟邊,1
6363,長城窟邊多,1
6364,城窟邊多馬,1
6365,窟邊多馬骨,1
6366,邊多馬骨古,1
6367,多馬骨古來,1
6368,馬骨古來此,1
6369,骨古來此地,1
6370,古來此地無,1
6371,來此地無井,1
6372,此地無井泉,1
6373,地無井泉賴,1
6374,無井泉賴得,1
6375,井泉賴得秦,1
6376,泉賴得秦家,1
6377,賴得秦家築,1
6378,得秦家築城,1
6379,秦家築城卒,1
6380,家築城卒征,1
6381,築城卒征人,1
6382,城卒征人飲,1
6383,卒征人飲馬,1
6384,征人飲馬愁,1
6385,人飲馬愁不,1
6386,飲馬愁不回,1
6387,馬愁不回長,1
6388,愁不回長城,1
6389,不回長城變,1
6390,回長城變作,1
6391,長城變作望,1
6392,城變作望鄉,1
6393,變作望鄉堆,1
6394,作望鄉堆蹄,1
6395,望鄉堆蹄蹤,1
6396,鄉堆蹄蹤未,1
6397,堆蹄蹤未幹,1
6398,蹄蹤未幹人,1
6399,蹤未幹人去,1
6400,未幹人去近,1
6401,幹人去近續,1
6402,人去近續後,1
6403,去近續後馬,1
6404,近續後馬來,1
6405,續後馬來泥,1
6406,後馬來泥汙,1
6407,馬來泥汙盡,1
6408,來泥汙盡枕,1
6409,泥汙盡枕弓,1
6410,汙盡枕弓睡,1
6411,盡枕弓睡著,1
6412,枕弓睡著待,1
6413,弓睡著待水,1
6414,睡著待水生,1
6415,著待水生不,1
6416,待水生不見,1
6417,水生不見陰,1
6418,生不見陰山,1
6419,不見陰山在,1
6420,見陰山在前,1
6421,陰山在前陣,1
6422,山在前陣馬,1
6423,在前陣馬蹄,1
6424,前陣馬蹄足,1
6425,陣馬蹄足脫,1
6426,馬蹄足脫裝,1
6427,蹄足脫裝馬,1
6428,足脫裝馬頭,1
6429,脫裝馬頭健,1
6430,裝馬頭健兒,1
6431,馬頭健兒戰,1
6432,頭健兒戰死,1
6433,健兒戰死誰,1
6434,兒戰死誰封,1
6435,戰死誰封侯,1
6436,死誰封侯庭,1
6437,誰封侯庭樹,1
6438,封侯庭樹烏,1
6439,侯庭樹烏爾,1
6440,半當戶啼家,1
6441,當戶啼家人,1
6442,戶啼家人把,1
6443,啼家人把燭,1
6444,家人把燭出,1
6445,人把燭出洞,1
6446,把燭出洞戶,1
6447,燭出洞戶驚,1
6448,出洞戶驚棲,1
6449,洞戶驚棲失,1
6450,戶驚棲失群,1
6451,驚棲失群飛,1
6452,棲失群飛落,1
6453,失群飛落樹,1
6454,群飛落樹一,1
6455,飛落樹一飛,1
6456,落樹一飛直,1
6457,樹一飛直欲,1
6458,一飛直欲飛,1
6459,飛直欲飛上,1
6460,直欲飛上天,1
6461,欲飛上天回,1
6462,飛上天回回,1
6463,上天回回不,1
6464,天回回不離,1
6465,回回不離舊,1
6466,回不離舊棲,1
6467,不離舊棲處,1
6468,離舊棲處未,1
6469,舊棲處未明,1
6470,棲處未明重,1
6471,處未明重繞,1
6472,未明重繞主,1
6473,明重繞主人,1
6474,重繞主人屋,1
6475,繞主人屋欲,1
6476,主人屋欲下,1
6477,人屋欲下空,1
6478,屋欲下空中,1
6479,欲下空中黑,1
6480,下空中黑相,1
6481,空中黑相觸,1
6482,中黑相觸風,1
6483,黑相觸風飄,1
6484,相觸風飄雨,1
6485,觸風飄雨濕,1
6486,頭多好枝蠶,1
6487,多好枝蠶欲,1
6488,好枝蠶欲老,1
6489,枝蠶欲老箔,1
6490,蠶欲老箔頭,1
6491,欲老箔頭作,1
6492,老箔頭作繭,1
6493,箔頭作繭絲,1
6494,頭作繭絲皓,1
6495,作繭絲皓皓,1
6496,繭絲皓皓場,1
6497,絲皓皓場寬,1
6498,皓皓場寬地,1
6499,皓場寬地高,1
6500,場寬地高風,1
6501,寬地高風日,1
6502,地高風日多,1
6503,高風日多不,1
6504,風日多不向,1
6505,日多不向中,1
6506,多不向中庭,1
6507,不向中庭蒿,1
6508,向中庭蒿草,1
6509,中庭蒿草神,1
6510,庭蒿草神蠶,1
6511,蒿草神蠶急,1
6512,草神蠶急作,1
6513,神蠶急作莫,1
6514,蠶急作莫悠,1
6515,急作莫悠揚,1
6516,作莫悠揚年,1
6517,莫悠揚年來,1
6518,悠揚年來為,1
6519,揚年來為爾,1
6520,年來為爾祭,1
6521,來為爾祭神,1
6522,為爾祭神桑,1
6523,爾祭神桑但,1
6524,祭神桑但得,1
6525,神桑但得青,1
6526,桑但得青天,1
6527,但得青天不,1
6528,得青天不下,1
6529,青天不下雨,1
6530,天不下雨上,1
6531,不下雨上無,1
6532,下雨上無蒼,1
6533,雨上無蒼蠅,1
6534,上無蒼蠅下,1
6535,無蒼蠅下無,1
6536,蒼蠅下無鼠,1
6537,蠅下無鼠新,1
6538,下無鼠新婦,1
6539,無鼠新婦拜,1
6540,鼠新婦拜簇,1
6541,新婦拜簇願,1
6542,婦拜簇願繭,1
6543,拜簇願繭稠,1
6544,簇願繭稠女,1
6545,願繭稠女灑,1
6546,繭稠女灑桃,1
6547,稠女灑桃漿,1
6548,女灑桃漿男,1
6549,灑桃漿男打,1
6550,桃漿男打鼓,1
6551,漿男打鼓三,1
6552,男打鼓三日,1
6553,打鼓三日開,1
6554,鼓三日開箔,1
6555,三日開箔雪,1
6556,日開箔雪團,1
6557,開箔雪團團,1
6558,箔雪團團先,1
6559,雪團團先將,1
6560,團團先將新,1
6561,團先將新繭,1
6562,先將新繭送,1
6563,將新繭送縣,1
6564,新繭送縣官,1
6565,繭送縣官已,1
6566,送縣官已聞,1
6567,縣官已聞鄉,1
6568,官已聞鄉里,1
6569,已聞鄉里催,1
6570,聞鄉里催織,1
6571,鄉里催織作,1
6572,里催織作去,1
6573,催織作去與,1
6574,織作去與誰,1
6575,作去與誰人,1
6576,去與誰人身,1
6577,與誰人身上,1
6578,誰人身上著,1
6579,人身上著渡,1
6580,身上著渡遼,1
6581,上著渡遼水,1
6582,著渡遼水此,1
6583,渡遼水此去,1
6584,遼水此去咸,1
6585,水此去咸陽,1
6586,此去咸陽五,1
6587,去咸陽五千,1
6588,咸陽五千里,1
6589,陽五千里來,1
6590,五千里來時,1
6591,千里來時父,1
6592,里來時父母,1
6593,來時父母知,1
6594,時父母知隔,1
6595,父母知隔生,1
6596,母知隔生重,1
6597,知隔生重著,1
6598,隔生重著衣,1
6599,生重著衣裳,1
6600,重著衣裳如,1
6601,著衣裳如送,1
6602,衣裳如送死,1
6603,裳如送死亦,1
6604,如送死亦有,1
6605,送死亦有白,1
6606,死亦有白骨,1
6607,亦有白骨歸,1
6608,有白骨歸咸,1
6609,白骨歸咸陽,1
6610,骨歸咸陽營,1
6611,歸咸陽營家,1
6612,咸陽營家各,1
6613,陽營家各與,1
6614,營家各與題,1
6615,家各與題本,1
6616,各與題本鄉,1
6617,與題本鄉身,1
6618,題本鄉身在,1
6619,本鄉身在應,1
6620,鄉身在應無,1
6621,身在應無回,1
6622,在應無回渡,1
6623,應無回渡日,1
6624,無回渡日駐,1
6625,回渡日駐馬,1
6626,渡日駐馬相,1
6627,日駐馬相看,1
6628,駐馬相看遼,1
6629,馬相看遼水,1
6630,相看遼水傍,1
6631,看遼水傍土,1
6632,遼水傍土間,1
6633,水傍土間生,1
6634,傍土間生子,1
6635,土間生子草,1
6636,間生子草間,1
6637,生子草間長,1
6638,子草間長滿,1
6639,草間長滿地,1
6640,間長滿地蓬,1
6641,長滿地蓬蒿,1
6642,滿地蓬蒿幸,1
6643,地蓬蒿幸無,1
6644,蓬蒿幸無主,1
6645,蒿幸無主近,1
6646,幸無主近村,1
6647,無主近村雖,1
6648,主近村雖有,1
6649,近村雖有高,1
6650,村雖有高樹,1
6651,雖有高樹枝,1
6652,有高樹枝雨,1
6653,高樹枝雨中,1
6654,樹枝雨中無,1
6655,枝雨中無食,1
6656,雨中無食長,1
6657,中無食長苦,1
6658,無食長苦饑,1
6659,食長苦饑八,1
6660,長苦饑八月,1
6661,苦饑八月小,1
6662,饑八月小兒,1
6663,八月小兒挾,1
6664,月小兒挾弓,1
6665,小兒挾弓箭,1
6666,兒挾弓箭家,1
6667,挾弓箭家家,1
6668,弓箭家家畏,1
6669,箭家家畏向,1
6670,家家畏向田,1
6671,家畏向田頭,1
6672,畏向田頭飛,1
6673,向田頭飛但,1
6674,田頭飛但能,1
6675,頭飛但能不,1
6676,飛但能不出,1
6677,但能不出空,1
6678,能不出空城,1
6679,不出空城裏,1
6680,出空城裏秋,1
6681,空城裏秋時,1
6682,城裏秋時百,1
6683,裏秋時百草,1
6684,秋時百草皆,1
6685,時百草皆有,1
6686,百草皆有子,1
6687,草皆有子報,1
6688,皆有子報言,1
6689,有子報言黃,1
6690,子報言黃口,1
6691,報言黃口莫,1
6692,言黃口莫啾,1
6693,黃口莫啾啾,1
6694,口莫啾啾長,1
6695,莫啾啾長爾,1
6696,啾啾長爾得,1
6697,啾長爾得成,1
6698,長爾得成無,1
6699,爾得成無橫,1
6700,得成無橫死,1
6701,成無橫死西,1
6702,無橫死西江,1
6703,橫死西江運,1
6704,死西江運船,1
6705,西江運船立,1
6706,江運船立紅,1
6707,運船立紅幟,1
6708,船立紅幟萬,1
6709,立紅幟萬棹,1
6710,紅幟萬棹千,1
6711,幟萬棹千帆,1
6712,萬棹千帆繞,1
6713,棹千帆繞江,1
6714,千帆繞江水,1
6715,帆繞江水去,1
6716,繞江水去年,1
6717,江水去年六,1
6718,水去年六月,1
6719,去年六月無,1
6720,年六月無稻,1
6721,六月無稻苗,1
6722,月無稻苗已,1
6723,無稻苗已說,1
6724,稻苗已說水,1
6725,苗已說水鄉,1
6726,已說水鄉人,1
6727,說水鄉人餓,1
6728,水鄉人餓死,1
6729,鄉人餓死縣,1
6730,人餓死縣官,1
6731,餓死縣官部,1
6732,死縣官部船,1
6733,縣官部船日,1
6734,官部船日算,1
6735,部船日算程,1
6736,船日算程暴,1
6737,日算程暴風,1
6738,算程暴風惡,1
6739,程暴風惡雨,1
6740,暴風惡雨亦,1
6741,風惡雨亦不,1
6742,惡雨亦不停,1
6743,雨亦不停在,1
6744,亦不停在生,1
6745,不停在生有,1
6746,停在生有樂,1
6747,在生有樂當,1
6748,生有樂當有,1
6749,有樂當有苦,1
6750,樂當有苦三,1
6751,當有苦三年,1
6752,有苦三年作,1
6753,苦三年作官,1
6754,三年作官一,1
6755,年作官一年,1
6756,作官一年行,1
6757,官一年行壞,1
6758,一年行壞舟,1
6759,年行壞舟畏,1
6760,行壞舟畏鼠,1
6761,壞舟畏鼠複,1
6762,舟畏鼠複畏,1
6763,畏鼠複畏漏,1
6764,鼠複畏漏恐,1
6765,複畏漏恐向,1
6766,畏漏恐向太,1
6767,漏恐向太倉,1
6768,恐向太倉折,1
6769,向太倉折升,1
6770,太倉折升鬥,1
6771,倉折升鬥辛,1
6772,折升鬥辛勤,1
6773,升鬥辛勤耕,1
6774,鬥辛勤耕種,1
6775,辛勤耕種非,1
6776,勤耕種非毒,1
6777,耕種非毒藥,1
6778,種非毒藥看,1
6779,非毒藥看著,1
6780,毒藥看著不,1
6781,藥看著不入,1
6782,看著不入農,1
6783,著不入農夫,1
6784,不入農夫口,1
6785,入農夫口用,1
6786,農夫口用盡,1
6787,夫口用盡百,1
6788,口用盡百金,1
6789,用盡百金不,1
6790,盡百金不為,1
6791,百金不為費,1
6792,金不為費但,1
6793,不為費但得,1
6794,為費但得一,1
6795,費但得一金,1
6796,但得一金即,1
6797,得一金即為,1
6798,一金即為利,1
6799,金即為利遠,1
6800,即為利遠征,1
6801,為利遠征海,1
6802,利遠征海稻,1
6803,遠征海稻供,1
6804,征海稻供邊,1
6805,海稻供邊食,1
6806,稻供邊食豈,1
6807,供邊食豈如,1
6808,邊食豈如多,1
6809,食豈如多種,1
6810,豈如多種邊,1
6811,如多種邊頭,1
6812,多種邊頭地,1
6813,種邊頭地歎,1
6814,邊頭地歎息,1
6815,頭地歎息複,1
6816,地歎息複歎,1
6817,歎息複歎息,1
6818,息複歎息園,1
6819,複歎息園中,1
6820,歎息園中有,1
6821,息園中有棗,1
6822,園中有棗行,1
6823,中有棗行人,1
6824,有棗行人食,1
6825,棗行人食貧,1
6826,行人食貧家,1
6827,人食貧家女,1
6828,食貧家女為,1
6829,貧家女為富,1
6830,家女為富家,1
6831,女為富家織,1
6832,為富家織翁,1
6833,富家織翁母,1
6834,家織翁母隔,1
6835,織翁母隔牆,1
6836,翁母隔牆不,1
6837,母隔牆不得,1
6838,隔牆不得力,1
6839,牆不得力水,1
6840,不得力水寒,1
6841,得力水寒手,1
6842,力水寒手澀,1
6843,水寒手澀絲,1
6844,寒手澀絲脆,1
6845,手澀絲脆斷,1
6846,澀絲脆斷續,1
6847,絲脆斷續來,1
6848,脆斷續來續,1
6849,斷續來續去,1
6850,續來續去心,1
6851,來續去心腸,1
6852,續去心腸爛,1
6853,去心腸爛草,1
6854,心腸爛草蟲,1
6855,腸爛草蟲促,1
6856,爛草蟲促促,1
6857,草蟲促促機,1
6858,蟲促促機下,1
6859,促促機下啼,1
6860,促機下啼兩,1
6861,機下啼兩日,1
6862,下啼兩日催,1
6863,啼兩日催成,1
6864,兩日催成一,1
6865,日催成一匹,1
6866,催成一匹半,1
6867,成一匹半輸,1
6868,一匹半輸官,1
6869,匹半輸官上,1
6870,半輸官上頂,1
6871,輸官上頂有,1
6872,官上頂有零,1
6873,上頂有零落,1
6874,頂有零落姑,1
6875,有零落姑未,1
6876,零落姑未得,1
6877,落姑未得衣,1
6878,姑未得衣身,1
6879,未得衣身不,1
6880,得衣身不著,1
6881,衣身不著當,1
6882,身不著當窗,1
6883,不著當窗卻,1
6884,著當窗卻羨,1
6885,當窗卻羨青,1
6886,窗卻羨青樓,1
6887,卻羨青樓倡,1
6888,羨青樓倡十,1
6889,青樓倡十指,1
6890,樓倡十指不,1
6891,倡十指不動,1
6892,十指不動衣,1
6893,指不動衣盈,1
6894,不動衣盈箱,1
6895,動衣盈箱貧,1
6896,衣盈箱貧女,1
6897,盈箱貧女銅,1
6898,箱貧女銅釵,1
6899,貧女銅釵惜,1
6900,女銅釵惜於,1
6901,銅釵惜於玉,1
6902,釵惜於玉失,1
6903,惜於玉失卻,1
6904,於玉失卻來,1
6905,玉失卻來尋,1
6906,失卻來尋一,1
6907,卻來尋一日,1
6908,來尋一日哭,1
6909,尋一日哭嫁,1
6910,一日哭嫁時,1
6911,日哭嫁時女,1
6912,哭嫁時女伴,1
6913,嫁時女伴與,1
6914,時女伴與作,1
6915,女伴與作妝,1
6916,伴與作妝頭,1
6917,與作妝頭戴,1
6918,作妝頭戴此,1
6919,妝頭戴此釵,1
6920,頭戴此釵如,1
6921,戴此釵如鳳,1
6922,此釵如鳳凰,1
6923,釵如鳳凰雙,1
6924,如鳳凰雙杯,1
6925,鳳凰雙杯行,1
6926,凰雙杯行酒,1
6927,雙杯行酒六,1
6928,杯行酒六親,1
6929,行酒六親喜,1
6930,酒六親喜我,1
6931,六親喜我家,1
6932,親喜我家新,1
6933,喜我家新婦,1
6934,我家新婦宜,1
6935,家新婦宜拜,1
6936,新婦宜拜堂,1
6937,婦宜拜堂鏡,1
6938,宜拜堂鏡中,1
6939,拜堂鏡中乍,1
6940,堂鏡中乍無,1
6941,鏡中乍無失,1
6942,中乍無失髻,1
6943,乍無失髻樣,1
6944,無失髻樣初,1
6945,失髻樣初起,1
6946,髻樣初起猶,1
6947,樣初起猶疑,1
6948,初起猶疑在,1
6949,起猶疑在床,1
6950,猶疑在床上,1
6951,疑在床上高,1
6952,在床上高樓,1
6953,床上高樓翠,1
6954,上高樓翠鈿,1
6955,高樓翠鈿飄,1
6956,樓翠鈿飄舞,1
6957,翠鈿飄舞塵,1
6958,鈿飄舞塵明,1
6959,飄舞塵明日,1
6960,舞塵明日從,1
6961,塵明日從頭,1
6962,明日從頭一,1
6963,日從頭一遍,1
6964,從頭一遍新,1
6965,頭一遍新新,1
6966,一遍新新燕,1
6967,遍新新燕新,1
6968,新新燕新燕,1
6969,新燕新燕何,1
6970,燕新燕何不,1
6971,新燕何不定,1
6972,燕何不定東,1
6973,何不定東家,1
6974,不定東家綠,1
6975,定東家綠池,1
6976,東家綠池西,1
6977,家綠池西家,1
6978,綠池西家井,1
6979,池西家井飛,1
6980,西家井飛鳴,1
6981,家井飛鳴當,1
6982,井飛鳴當戶,1
6983,飛鳴當戶影,1
6984,鳴當戶影悠,1
6985,當戶影悠揚,1
6986,戶影悠揚一,1
6987,影悠揚一繞,1
6988,悠揚一繞簷,1
6989,揚一繞簷頭,1
6990,一繞簷頭一,1
6991,繞簷頭一繞,1
6992,簷頭一繞梁,1
6993,頭一繞梁黃,1
6994,一繞梁黃姑,1
6995,繞梁黃姑說,1
6996,梁黃姑說向,1
6997,黃姑說向新,1
6998,姑說向新婦,1
6999,說向新婦女,1
7000,向新婦女去,1
7001,新婦女去年,1
7002,婦女去年墮,1
7003,女去年墮子,1
7004,去年墮子汙,1
7005,年墮子汙衣,1
7006,墮子汙衣箱,1
7007,子汙衣箱已,1
7008,汙衣箱已能,1
7009,衣箱已能辭,1
7010,箱已能辭山,1
7011,已能辭山複,1
7012,能辭山複過,1
7013,辭山複過海,1
7014,山複過海幸,1
7015,複過海幸我,1
7016,過海幸我堂,1
7017,海幸我堂前,1
7018,幸我堂前故,1
7019,我堂前故巢,1
7020,堂前故巢在,1
7021,前故巢在求,1
7022,故巢在求食,1
7023,巢在求食慎,1
7024,在求食慎勿,1
7025,求食慎勿愛,1
7026,食慎勿愛高,1
7027,慎勿愛高飛,1
7028,勿愛高飛空,1
7029,愛高飛空中,1
7030,高飛空中饑,1
7031,飛空中饑鳶,1
7032,空中饑鳶為,1
7033,中饑鳶為爾,1
7034,饑鳶為爾害,1
7035,鳶為爾害辛,1
7036,為爾害辛勤,1
7037,爾害辛勤作,1
7038,害辛勤作窠,1
7039,辛勤作窠在,1
7040,勤作窠在畫,1
7041,作窠在畫梁,1
7042,窠在畫梁願,1
7043,在畫梁願得,1
7044,畫梁願得年,1
7045,梁願得年年,1
7046,願得年年主,1
7047,得年年主人,1
7048,年年主人富,1
7049,年主人富高,1
7050,主人富高池,1
7051,人富高池高,1
7052,富高池高閣,1
7053,高池高閣上,1
7054,池高閣上連,1
7055,高閣上連起,1
7056,閣上連起荷,1
7057,上連起荷葉,1
7058,連起荷葉團,1
7059,起荷葉團團,1
7060,荷葉團團蓋,1
7061,葉團團蓋秋,1
7062,團團蓋秋水,1
7063,團蓋秋水主,1
7064,蓋秋水主人,1
7065,秋水主人已,1
7066,水主人已遠,1
7067,主人已遠涼,1
7068,人已遠涼風,1
7069,已遠涼風生,1
7070,遠涼風生舊,1
7071,涼風生舊客,1
7072,風生舊客不,1
7073,生舊客不來,1
7074,舊客不來芙,1
7075,客不來芙蓉,1
7076,不來芙蓉死,1
7077,來芙蓉死乳,1
7078,芙蓉死乳烏,1
7079,蓉死乳烏啞,1
7080,死乳烏啞啞,1
7081,乳烏啞啞飛,1
7082,烏啞啞飛複,1
7083,啞啞飛複啼,1
7084,啞飛複啼城,1
7085,飛複啼城頭,1
7086,複啼城頭晨,1
7087,啼城頭晨夕,1
7088,城頭晨夕宮,1
7089,頭晨夕宮中,1
7090,晨夕宮中棲,1
7091,夕宮中棲吳,1
7092,宮中棲吳王,1
7093,中棲吳王別,1
7094,棲吳王別殿,1
7095,吳王別殿繞,1
7096,王別殿繞江,1
7097,別殿繞江水,1
7098,殿繞江水後,1
7099,繞江水後宮,1
7100,江水後宮不,1
7101,水後宮不開,1
7102,後宮不開美,1
7103,宮不開美人,1
7104,不開美人死,1
7105,開美人死關,1
7106,美人死關山,1
7107,人死關山月,1
7108,死關山月營,1
7109,關山月營開,1
7110,山月營開道,1
7111,月營開道白,1
7112,營開道白前,1
7113,開道白前軍,1
7114,道白前軍發,1
7115,白前軍發凍,1
7116,前軍發凍輪,1
7117,軍發凍輪當,1
7118,發凍輪當磧,1
7119,凍輪當磧光,1
7120,輪當磧光悠,1
7121,當磧光悠悠,1
7122,磧光悠悠照,1
7123,光悠悠照見,1
7124,悠悠照見三,1
7125,悠照見三堆,1
7126,照見三堆兩,1
7127,見三堆兩堆,1
7128,三堆兩堆骨,1
7129,堆兩堆骨邊,1
7130,兩堆骨邊風,1
7131,堆骨邊風割,1
7132,骨邊風割面,1
7133,邊風割面天,1
7134,風割面天欲,1
7135,割面天欲明,1
7136,面天欲明金,1
7137,天欲明金沙,1
7138,欲明金沙嶺,1
7139,明金沙嶺西,1
7140,金沙嶺西看,1
7141,沙嶺西看看,1
7142,嶺西看看沒,1
7143,西看看沒合,1
7144,看看沒合歡,1
7145,看沒合歡葉,1
7146,沒合歡葉墮,1
7147,合歡葉墮梧,1
7148,歡葉墮梧桐,1
7149,葉墮梧桐秋,1
7150,墮梧桐秋鴛,1
7151,梧桐秋鴛鴦,1
7152,桐秋鴛鴦背,1
7153,秋鴛鴦背飛,1
7154,鴛鴦背飛水,1
7155,鴦背飛水分,1
7156,背飛水分流,1
7157,飛水分流少,1
7158,水分流少年,1
7159,分流少年使,1
7160,流少年使我,1
7161,少年使我忽,1
7162,年使我忽相,1
7163,使我忽相棄,1
7164,我忽相棄雌,1
7165,忽相棄雌號,1
7166,相棄雌號雄,1
7167,棄雌號雄鳴,1
7168,雌號雄鳴夜,1
7169,號雄鳴夜悠,1
7170,雄鳴夜悠悠,1
7171,鳴夜悠悠夜,1
7172,夜悠悠夜長,1
7173,悠悠夜長月,1
7174,悠夜長月沒,1
7175,夜長月沒蟲,1
7176,長月沒蟲切,1
7177,月沒蟲切切,1
7178,沒蟲切切冷,1
7179,蟲切切冷風,1
7180,切切冷風入,1
7181,切冷風入房,1
7182,冷風入房燈,1
7183,風入房燈焰,1
7184,入房燈焰滅,1
7185,房燈焰滅若,1
7186,燈焰滅若知,1
7187,焰滅若知中,1
7188,滅若知中路,1
7189,若知中路各,1
7190,知中路各西,1
7191,中路各西東,1
7192,路各西東彼,1
7193,各西東彼此,1
7194,西東彼此不,1
7195,東彼此不忘,1
7196,彼此不忘同,1
7197,此不忘同心,1
7198,不忘同心結,1
7199,忘同心結收,1
7200,同心結收取,1
7201,心結收取頭,1
7202,結收取頭邊,1
7203,收取頭邊蛟,1
7204,取頭邊蛟龍,1
7205,頭邊蛟龍枕,1
7206,邊蛟龍枕留,1
7207,蛟龍枕留著,1
7208,龍枕留著箱,1
7209,枕留著箱中,1
7210,留著箱中雙,1
7211,著箱中雙雉,1
7212,箱中雙雉裳,1
7213,中雙雉裳我,1
7214,雙雉裳我今,1
7215,雉裳我今焚,1
7216,裳我今焚卻,1
7217,我今焚卻舊,1
7218,今焚卻舊房,1
7219,焚卻舊房物,1
7220,卻舊房物免,1
7221,舊房物免使,1
7222,房物免使他,1
7223,物免使他人,1
7224,免使他人登,1
7225,使他人登爾,1
7226,他人登爾床,1
7227,人登爾床宛,1
7228,登爾床宛宛,1
7229,爾床宛宛轉,1
7230,床宛宛轉轉,1
7231,宛宛轉轉勝,1
7232,宛轉轉勝上,1
7233,轉轉勝上紗,1
7234,轉勝上紗紅,1
7235,勝上紗紅紅,1
7236,上紗紅紅綠,1
7237,紗紅紅綠綠,1
7238,紅紅綠綠苑,1
7239,紅綠綠苑中,1
7240,綠綠苑中花,1
7241,綠苑中花紛,1
7242,苑中花紛紛,1
7243,中花紛紛泊,1
7244,花紛紛泊泊,1
7245,紛紛泊泊夜,1
7246,紛泊泊夜飛,1
7247,泊泊夜飛鴉,1
7248,泊夜飛鴉寂,1
7249,夜飛鴉寂寂,1
7250,飛鴉寂寂寞,1
7251,鴉寂寂寞寞,1
7252,寂寂寞寞離,1
7253,寂寞寞離人,1
7254,寞寞離人家,1
7255,寞離人家苦,1
7256,離人家苦哉,1
7257,人家苦哉生,1
7258,家苦哉生長,1
7259,苦哉生長當,1
7260,哉生長當驛,1
7261,生長當驛邊,1
7262,長當驛邊官,1
7263,當驛邊官家,1
7264,驛邊官家使,1
7265,邊官家使我,1
7266,官家使我牽,1
7267,家使我牽驛,1
7268,使我牽驛船,1
7269,我牽驛船辛,1
7270,牽驛船辛苦,1
7271,驛船辛苦日,1
7272,船辛苦日多,1
7273,辛苦日多樂,1
7274,苦日多樂日,1
7275,日多樂日少,1
7276,多樂日少水,1
7277,樂日少水宿,1
7278,日少水宿沙,1
7279,少水宿沙行,1
7280,水宿沙行如,1
7281,宿沙行如海,1
7282,沙行如海鳥,1
7283,行如海鳥逆,1
7284,如海鳥逆風,1
7285,海鳥逆風上,1
7286,鳥逆風上水,1
7287,逆風上水萬,1
7288,風上水萬斛,1
7289,上水萬斛重,1
7290,水萬斛重前,1
7291,萬斛重前驛,1
7292,斛重前驛迢,1
7293,重前驛迢迢,1
7294,前驛迢迢後,1
7295,驛迢迢後淼,1
7296,迢迢後淼淼,1
7297,迢後淼淼半,1
7298,後淼淼半夜,1
7299,淼淼半夜緣,1
7300,淼半夜緣堤,1
7301,半夜緣堤雪,1
7302,夜緣堤雪和,1
7303,緣堤雪和雨,1
7304,堤雪和雨受,1
7305,雪和雨受他,1
7306,和雨受他驅,1
7307,雨受他驅遣,1
7308,受他驅遣還,1
7309,他驅遣還複,1
7310,驅遣還複去,1
7311,遣還複去衣,1
7312,還複去衣寒,1
7313,複去衣寒衣,1
7314,去衣寒衣濕,1
7315,衣寒衣濕披,1
7316,寒衣濕披短,1
7317,衣濕披短蓑,1
7318,濕披短蓑臆,1
7319,披短蓑臆穿,1
7320,短蓑臆穿足,1
7321,蓑臆穿足裂,1
7322,臆穿足裂忍,1
7323,穿足裂忍痛,1
7324,足裂忍痛何,1
7325,裂忍痛何到,1
7326,忍痛何到明,1
7327,痛何到明辛,1
7328,何到明辛苦,1
7329,到明辛苦無,1
7330,明辛苦無處,1
7331,辛苦無處說,1
7332,苦無處說齊,1
7333,無處說齊聲,1
7334,處說齊聲騰,1
7335,說齊聲騰踏,1
7336,齊聲騰踏牽,1
7337,聲騰踏牽船,1
7338,騰踏牽船出,1
7339,踏牽船出一,1
7340,牽船出一間,1
7341,船出一間茆,1
7342,出一間茆屋,1
7343,一間茆屋何,1
7344,間茆屋何所,1
7345,茆屋何所直,1
7346,屋何所直父,1
7347,何所直父母,1
7348,所直父母之,1
7349,直父母之鄉,1
7350,父母之鄉去,1
7351,母之鄉去不,1
7352,之鄉去不得,1
7353,鄉去不得我,1
7354,去不得我願,1
7355,不得我願此,1
7356,得我願此水,1
7357,我願此水作,1
7358,願此水作平,1
7359,此水作平田,1
7360,水作平田長,1
7361,作平田長使,1
7362,平田長使水,1
7363,田長使水夫,1
7364,長使水夫不,1
7365,使水夫不怨,1
7366,水夫不怨天,1
7367,夫不怨天男,1
7368,不怨天男聲,1
7369,怨天男聲欣,1
7370,天男聲欣欣,1
7371,男聲欣欣女,1
7372,聲欣欣女顏,1
7373,欣欣女顏悅,1
7374,欣女顏悅人,1
7375,女顏悅人家,1
7376,顏悅人家不,1
7377,悅人家不怨,1
7378,人家不怨言,1
7379,家不怨言語,1
7380,不怨言語別,1
7381,怨言語別五,1
7382,言語別五月,1
7383,語別五月雖,1
7384,別五月雖熱,1
7385,五月雖熱麥,1
7386,月雖熱麥風,1
7387,雖熱麥風清,1
7388,熱麥風清簷,1
7389,麥風清簷頭,1
7390,風清簷頭索,1
7391,清簷頭索索,1
7392,簷頭索索繰,1
7393,頭索索繰車,1
7394,索索繰車鳴,1
7395,索繰車鳴野,1
7396,繰車鳴野蠶,1
7397,車鳴野蠶作,1
7398,鳴野蠶作繭,1
7399,野蠶作繭人,1
7400,蠶作繭人不,1
7401,作繭人不取,1
7402,繭人不取葉,1
7403,人不取葉間,1
7404,不取葉間撲,1
7405,取葉間撲撲,1
7406,葉間撲撲秋,1
7407,間撲撲秋蛾,1
7408,撲撲秋蛾生,1
7409,撲秋蛾生麥,1
7410,秋蛾生麥收,1
7411,蛾生麥收上,1
7412,生麥收上場,1
7413,麥收上場絹,1
7414,收上場絹在,1
7415,上場絹在軸,1
7416,場絹在軸的,1
7417,絹在軸的知,1
7418,在軸的知輸,1
7419,軸的知輸得,1
7420,的知輸得官,1
7421,知輸得官家,1
7422,輸得官家足,1
7423,得官家足不,1
7424,官家足不望,1
7425,家足不望入,1
7426,足不望入口,1
7427,不望入口複,1
7428,望入口複上,1
7429,入口複上身,1
7430,口複上身且,1
7431,複上身且免,1
7432,上身且免向,1
7433,身且免向城,1
7434,且免向城賣,1
7435,免向城賣黃,1
7436,向城賣黃犢,1
7437,城賣黃犢回,1
7438,賣黃犢回家,1
7439,黃犢回家衣,1
7440,犢回家衣食,1
7441,回家衣食無,1
7442,家衣食無厚,1
7443,衣食無厚薄,1
7444,食無厚薄不,1
7445,無厚薄不見,1
7446,厚薄不見縣,1
7447,薄不見縣門,1
7448,不見縣門身,1
7449,見縣門身即,1
7450,縣門身即樂,1
7451,門身即樂新,1
7452,身即樂新婦,1
7453,即樂新婦去,1
7454,樂新婦去年,1
7455,新婦去年胼,1
7456,婦去年胼手,1
7457,去年胼手足,1
7458,年胼手足衣,1
7459,胼手足衣不,1
7460,手足衣不暇,1
7461,足衣不暇縫,1
7462,衣不暇縫蠶,1
7463,不暇縫蠶廢,1
7464,暇縫蠶廢簇,1
7465,縫蠶廢簇白,1
7466,蠶廢簇白頭,1
7467,廢簇白頭使,1
7468,簇白頭使我,1
7469,白頭使我憂,1
7470,頭使我憂家,1
7471,使我憂家事,1
7472,我憂家事還,1
7473,憂家事還如,1
7474,家事還如夜,1
7475,事還如夜裏,1
7476,還如夜裏燒,1
7477,如夜裏燒殘,1
7478,夜裏燒殘燭,1
7479,裏燒殘燭當,1
7480,燒殘燭當初,1
7481,殘燭當初為,1
7482,燭當初為取,1
7483,當初為取傍,1
7484,初為取傍人,1
7485,為取傍人語,1
7486,取傍人語豈,1
7487,傍人語豈道,1
7488,人語豈道如,1
7489,語豈道如今,1
7490,豈道如今自,1
7491,道如今自辛,1
7492,如今自辛苦,1
7493,今自辛苦在,1
7494,自辛苦在時,1
7495,辛苦在時縱,1
7496,苦在時縱嫌,1
7497,在時縱嫌織,1
7498,時縱嫌織絹,1
7499,縱嫌織絹遲,1
7500,嫌織絹遲有,1
7501,織絹遲有絲,1
7502,絹遲有絲不,1
7503,遲有絲不上,1
7504,有絲不上鄰,1
7505,絲不上鄰家,1
7506,不上鄰家機,1
7507,上鄰家機我,1
7508,鄰家機我家,1
7509,家機我家家,1
7510,機我家家西,1
7511,我家家西老,1
7512,家家西老棠,1
7513,家西老棠樹,1
7514,西老棠樹須,1
7515,老棠樹須晴,1
7516,棠樹須晴即,1
7517,樹須晴即晴,1
7518,須晴即晴雨,1
7519,晴即晴雨即,1
7520,即晴雨即雨,1
7521,晴雨即雨四,1
7522,雨即雨四時,1
7523,即雨四時八,1
7524,雨四時八節,1
7525,四時八節上,1
7526,時八節上杯,1
7527,八節上杯盤,1
7528,節上杯盤願,1
7529,上杯盤願神,1
7530,杯盤願神莫,1
7531,盤願神莫離,1
7532,願神莫離神,1
7533,神莫離神處,1
7534,莫離神處所,1
7535,離神處所男,1
7536,神處所男不,1
7537,處所男不著,1
7538,所男不著丁,1
7539,男不著丁女,1
7540,不著丁女在,1
7541,著丁女在舍,1
7542,丁女在舍官,1
7543,女在舍官事,1
7544,在舍官事上,1
7545,舍官事上下,1
7546,官事上下無,1
7547,事上下無言,1
7548,上下無言語,1
7549,下無言語老,1
7550,無言語老身,1
7551,言語老身長,1
7552,語老身長健,1
7553,老身長健樹,1
7554,身長健樹婆,1
7555,長健樹婆娑,1
7556,健樹婆娑萬,1
7557,樹婆娑萬歲,1
7558,婆娑萬歲千,1
7559,娑萬歲千年,1
7560,萬歲千年作,1
7561,歲千年作神,1
7562,千年作神主,1
7563,年作神主神,1
7564,作神主神鵲,1
7565,神主神鵲神,1
7566,主神鵲神鵲,1
7567,神鵲神鵲好,1
7568,鵲神鵲好言,1
7569,神鵲好言語,1
7570,鵲好言語行,1
7571,好言語行人,1
7572,言語行人早,1
7573,語行人早回,1
7574,行人早回多,1
7575,人早回多利,1
7576,早回多利賂,1
7577,回多利賂我,1
7578,多利賂我今,1
7579,利賂我今庭,1
7580,賂我今庭中,1
7581,我今庭中栽,1
7582,今庭中栽好,1
7583,庭中栽好樹,1
7584,中栽好樹與,1
7585,栽好樹與汝,1
7586,好樹與汝作,1
7587,樹與汝作巢,1
7588,與汝作巢當,1
7589,汝作巢當報,1
7590,作巢當報汝,1
7591,巢當報汝一,1
7592,當報汝一東,1
7593,報汝一東一,1
7594,汝一東一西,1
7595,一東一西壟,1
7596,東一西壟頭,1
7597,一西壟頭水,1
7598,西壟頭水一,1
7599,壟頭水一聚,1
7600,頭水一聚一,1
7601,水一聚一散,1
7602,一聚一散天,1
7603,聚一散天邊,1
7604,一散天邊霞,1
7605,散天邊霞一,1
7606,天邊霞一來,1
7607,邊霞一來一,1
7608,霞一來一去,1
7609,一來一去道,1
7610,來一去道上,1
7611,一去道上客,1
7612,去道上客一,1
7613,道上客一顛,1
7614,上客一顛一,1
7615,客一顛一倒,1
7616,一顛一倒池,1
7617,顛一倒池中,1
7618,一倒池中麻,1
7619,倒池中麻渡,1
7620,池中麻渡頭,1
7621,中麻渡頭惡,1
7622,麻渡頭惡天,1
7623,渡頭惡天兩,1
7624,頭惡天兩岸,1
7625,惡天兩岸遠,1
7626,天兩岸遠波,1
7627,兩岸遠波濤,1
7628,岸遠波濤塞,1
7629,遠波濤塞川,1
7630,波濤塞川如,1
7631,濤塞川如疊,1
7632,塞川如疊阪,1
7633,川如疊阪幸,1
7634,如疊阪幸無,1
7635,疊阪幸無白,1
7636,阪幸無白刃,1
7637,幸無白刃驅,1
7638,無白刃驅向,1
7639,白刃驅向前,1
7640,刃驅向前何,1
7641,驅向前何用,1
7642,向前何用將,1
7643,前何用將身,1
7644,何用將身自,1
7645,用將身自棄,1
7646,將身自棄捐,1
7647,身自棄捐蛟,1
7648,自棄捐蛟龍,1
7649,棄捐蛟龍齧,1
7650,捐蛟龍齧骨,1
7651,蛟龍齧骨魚,1
7652,龍齧骨魚食,1
7653,齧骨魚食血,1
7654,骨魚食血黃,1
7655,魚食血黃泥,1
7656,食血黃泥直,1
7657,血黃泥直下,1
7658,黃泥直下無,1
7659,泥直下無青,1
7660,直下無青天,1
7661,下無青天男,1
7662,無青天男兒,1
7663,青天男兒縱,1
7664,天男兒縱輕,1
7665,男兒縱輕婦,1
7666,兒縱輕婦人,1
7667,縱輕婦人語,1
7668,輕婦人語惜,1
7669,婦人語惜君,1
7670,人語惜君性,1
7671,語惜君性命,1
7672,惜君性命還,1
7673,君性命還須,1
7674,性命還須取,1
7675,命還須取婦,1
7676,還須取婦人,1
7677,須取婦人無,1
7678,取婦人無力,1
7679,婦人無力挽,1
7680,人無力挽斷,1
7681,無力挽斷衣,1
7682,力挽斷衣舟,1
7683,挽斷衣舟沈,1
7684,斷衣舟沈身,1
7685,衣舟沈身死,1
7686,舟沈身死悔,1
7687,沈身死悔難,1
7688,身死悔難追,1
7689,死悔難追公,1
7690,悔難追公無,1
7691,難追公無渡,1
7692,追公無渡河,1
7693,公無渡河公,1
7694,無渡河公須,1
7695,渡河公須自,1
7696,河公須自為,1
7697,公須自為海,1
7698,須自為海人,1
7699,自為海人無,1
7700,為海人無家,1
7701,海人無家海,1
7702,人無家海裏,1
7703,無家海裏住,1
7704,家海裏住采,1
7705,海裏住采珠,1
7706,裏住采珠役,1
7707,住采珠役象,1
7708,采珠役象為,1
7709,珠役象為歲,1
7710,役象為歲賦,1
7711,象為歲賦惡,1
7712,為歲賦惡波,1
7713,歲賦惡波橫,1
7714,賦惡波橫天,1
7715,惡波橫天山,1
7716,波橫天山塞,1
7717,橫天山塞路,1
7718,天山塞路未,1
7719,山塞路未央,1
7720,塞路未央宮,1
7721,路未央宮中,1
7722,未央宮中常,1
7723,央宮中常滿,1
7724,宮中常滿庫,1
7725,中常滿庫月,1
7726,常滿庫月初,1
7727,滿庫月初生,1
7728,庫月初生居,1
7729,月初生居人,1
7730,初生居人見,1
7731,生居人見月,1
7732,居人見月一,1
7733,人見月一月,1
7734,見月一月行,1
7735,月一月行行,1
7736,一月行行行,1
7737,月行行行一,1
7738,行行行一年,1
7739,行行一年十,1
7740,行一年十二,1
7741,一年十二月,1
7742,年十二月強,1
7743,十二月強半,1
7744,二月強半馬,1
7745,月強半馬上,1
7746,強半馬上看,1
7747,半馬上看盈,1
7748,馬上看盈缺,1
7749,上看盈缺百,1
7750,看盈缺百年,1
7751,盈缺百年歡,1
7752,缺百年歡樂,1
7753,百年歡樂能,1
7754,年歡樂能幾,1
7755,歡樂能幾何,1
7756,樂能幾何在,1
7757,能幾何在家,1
7758,幾何在家見,1
7759,何在家見少,1
7760,在家見少行,1
7761,家見少行見,1
7762,見少行見多,1
7763,少行見多不,1
7764,行見多不緣,1
7765,見多不緣衣,1
7766,多不緣衣食,1
7767,不緣衣食相,1
7768,緣衣食相驅,1
7769,衣食相驅遣,1
7770,食相驅遣此,1
7771,相驅遣此身,1
7772,驅遣此身誰,1
7773,遣此身誰願,1
7774,此身誰願長,1
7775,身誰願長奔,1
7776,誰願長奔波,1
7777,願長奔波篋,1
7778,長奔波篋中,1
7779,奔波篋中有,1
7780,波篋中有帛,1
7781,篋中有帛倉,1
7782,中有帛倉有,1
7783,有帛倉有粟,1
7784,帛倉有粟豈,1
7785,倉有粟豈向,1
7786,有粟豈向天,1
7787,粟豈向天涯,1
7788,豈向天涯走,1
7789,向天涯走碌,1
7790,天涯走碌碌,1
7791,涯走碌碌家,1
7792,走碌碌家人,1
7793,碌碌家人見,1
7794,碌家人見月,1
7795,家人見月望,1
7796,人見月望我,1
7797,見月望我歸,1
7798,月望我歸正,1
7799,望我歸正是,1
7800,我歸正是道,1
7801,歸正是道上,1
7802,正是道上思,1
7803,是道上思家,1
7804,道上思家時,1
7805,上思家時河,1
7806,思家時河邊,1
7807,家時河邊獨,1
7808,時河邊獨自,1
7809,河邊獨自看,1
7810,邊獨自看星,1
7811,獨自看星宿,1
7812,自看星宿夜,1
7813,看星宿夜織,1
7814,星宿夜織天,1
7815,宿夜織天絲,1
7816,夜織天絲難,1
7817,織天絲難接,1
7818,天絲難接續,1
7819,絲難接續拋,1
7820,難接續拋梭,1
7821,接續拋梭振,1
7822,續拋梭振鑷,1
7823,拋梭振鑷動,1
7824,梭振鑷動明,1
7825,振鑷動明璫,1
7826,鑷動明璫為,1
7827,動明璫為有,1
7828,明璫為有秋,1
7829,璫為有秋期,1
7830,為有秋期眠,1
7831,有秋期眠不,1
7832,秋期眠不足,1
7833,期眠不足遙,1
7834,眠不足遙愁,1
7835,不足遙愁今,1
7836,足遙愁今夜,1
7837,遙愁今夜河,1
7838,愁今夜河水,1
7839,今夜河水隔,1
7840,夜河水隔龍,1
7841,河水隔龍駕,1
7842,水隔龍駕車,1
7843,隔龍駕車轅,1
7844,龍駕車轅鵲,1
7845,駕車轅鵲填,1
7846,車轅鵲填石,1
7847,轅鵲填石流,1
7848,鵲填石流蘇,1
7849,填石流蘇翠,1
7850,石流蘇翠帳,1
7851,流蘇翠帳星,1
7852,蘇翠帳星渚,1
7853,翠帳星渚間,1
7854,帳星渚間環,1
7855,星渚間環佩,1
7856,渚間環佩無,1
7857,間環佩無聲,1
7858,環佩無聲燈,1
7859,佩無聲燈寂,1
7860,無聲燈寂寂,1
7861,聲燈寂寂兩,1
7862,燈寂寂兩情,1
7863,寂寂兩情纏,1
7864,寂兩情纏綿,1
7865,兩情纏綿忽,1
7866,情纏綿忽如,1
7867,纏綿忽如故,1
7868,綿忽如故複,1
7869,忽如故複畏,1
7870,如故複畏秋,1
7871,故複畏秋風,1
7872,複畏秋風生,1
7873,畏秋風生曉,1
7874,秋風生曉路,1
7875,風生曉路幸,1
7876,生曉路幸回,1
7877,曉路幸回郎,1
7878,路幸回郎意,1
7879,幸回郎意且,1
7880,回郎意且斯,1
7881,郎意且斯須,1
7882,意且斯須一,1
7883,且斯須一年,1
7884,斯須一年中,1
7885,須一年中別,1
7886,一年中別今,1
7887,年中別今始,1
7888,中別今始初,1
7889,別今始初明,1
7890,今始初明星,1
7891,始初明星未,1
7892,初明星未出,1
7893,明星未出少,1
7894,星未出少停,1
7895,未出少停車,1
7896,出少停車逼,1
7897,少停車逼逼,1
7898,停車逼逼僕,1
7899,車逼逼僕僕,1
7900,逼逼僕僕春,1
7901,逼僕僕春冰,1
7902,僕僕春冰裂,1
7903,僕春冰裂磊,1
7904,春冰裂磊磊,1
7905,冰裂磊磊落,1
7906,裂磊磊落落,1
7907,磊磊落落桃,1
7908,磊落落桃花,1
7909,落落桃花結,1
7910,落桃花結獨,1
7911,桃花結獨獨,1
7912,花結獨獨漉,1
7913,結獨獨漉漉,1
7914,直人心曲美,1
7915,人心曲美人,1
7916,心曲美人別,1
7917,曲美人別來,1
7918,美人別來無,1
7919,人別來無處,1
7920,別來無處所,1
7921,來無處所巫,1
7922,無處所巫山,1
7923,處所巫山月,1
7924,所巫山月明,1
7925,巫山月明湘,1
7926,山月明湘江,1
7927,月明湘江雨,1
7928,明湘江雨千,1
7929,湘江雨千回,1
7930,江雨千回相,1
7931,雨千回相見,1
7932,千回相見不,1
7933,回相見不分,1
7934,相見不分明,1
7935,見不分明井,1
7936,不分明井底,1
7937,分明井底看,1
7938,明井底看星,1
7939,井底看星夢,1
7940,底看星夢中,1
7941,看星夢中語,1
7942,星夢中語兩,1
7943,夢中語兩心,1
7944,中語兩心相,1
7945,語兩心相對,1
7946,兩心相對尚,1
7947,心相對尚難,1
7948,相對尚難知,1
7949,對尚難知何,1
7950,尚難知何況,1
7951,難知何況萬,1
7952,知何況萬里,1
7953,何況萬里不,1
7954,況萬里不相,1
7955,萬里不相疑,1
7956,里不相疑可,1
7957,不相疑可憐,1
7958,相疑可憐孔,1
7959,疑可憐孔雀,1
7960,可憐孔雀初,1
7961,憐孔雀初得,1
7962,孔雀初得時,1
7963,雀初得時美,1
7964,初得時美人,1
7965,得時美人為,1
7966,時美人為爾,1
7967,美人為爾別,1
7968,人為爾別開,1
7969,為爾別開池,1
7970,爾別開池池,1
7971,別開池池邊,1
7972,開池池邊鳳,1
7973,池池邊鳳凰,1
7974,池邊鳳凰作,1
7975,邊鳳凰作伴,1
7976,鳳凰作伴侶,1
7977,凰作伴侶羌,1
7978,作伴侶羌聲,1
7979,伴侶羌聲鸚,1
7980,侶羌聲鸚鵡,1
7981,羌聲鸚鵡無,1
7982,聲鸚鵡無言,1
7983,鸚鵡無言語,1
7984,鵡無言語雕,1
7985,無言語雕籠,1
7986,言語雕籠玉,1
7987,語雕籠玉架,1
7988,雕籠玉架嫌,1
7989,籠玉架嫌不,1
7990,玉架嫌不棲,1
7991,架嫌不棲夜,1
7992,嫌不棲夜夜,1
7993,不棲夜夜思,1
7994,棲夜夜思歸,1
7995,夜夜思歸向,1
7996,夜思歸向南,1
7997,思歸向南舞,1
7998,歸向南舞如,1
7999,向南舞如今,1
8000,南舞如今憔,1
8001,舞如今憔悴,1
8002,如今憔悴人,1
8003,今憔悴人見,1
8004,憔悴人見惡,1
8005,悴人見惡萬,1
8006,人見惡萬里,1
8007,見惡萬里更,1
8008,惡萬里更求,1
8009,萬里更求新,1
8010,里更求新孔,1
8011,更求新孔雀,1
8012,求新孔雀熱,1
8013,新孔雀熱眠,1
8014,孔雀熱眠雨,1
8015,雀熱眠雨水,1
8016,熱眠雨水饑,1
8017,眠雨水饑拾,1
8018,雨水饑拾蟲,1
8019,水饑拾蟲翠,1
8020,饑拾蟲翠尾,1
8021,拾蟲翠尾盤,1
8022,蟲翠尾盤泥,1
8023,翠尾盤泥金,1
8024,尾盤泥金彩,1
8025,盤泥金彩落,1
8026,泥金彩落多,1
8027,金彩落多時,1
8028,彩落多時人,1
8029,落多時人養,1
8030,多時人養不,1
8031,時人養不解,1
8032,人養不解飛,1
8033,養不解飛海,1
8034,不解飛海山,1
8035,解飛海山風,1
8036,飛海山風黑,1
8037,海山風黑何,1
8038,山風黑何處,1
8039,風黑何處歸,1
8040,黑何處歸東,1
8041,何處歸東家,1
8042,處歸東家小,1
8043,歸東家小女,1
8044,東家小女不,1
8045,家小女不惜,1
8046,小女不惜錢,1
8047,女不惜錢買,1
8048,不惜錢買得,1
8049,惜錢買得鸚,1
8050,錢買得鸚鵡,1
8051,買得鸚鵡獨,1
8052,得鸚鵡獨自,1
8053,鸚鵡獨自憐,1
8054,鵡獨自憐自,1
8055,獨自憐自從,1
8056,自憐自從死,1
8057,憐自從死卻,1
8058,自從死卻家,1
8059,從死卻家中,1
8060,死卻家中女,1
8061,卻家中女無,1
8062,家中女無人,1
8063,中女無人更,1
8064,女無人更共,1
8065,無人更共鸚,1
8066,人更共鸚鵡,1
8067,更共鸚鵡語,1
8068,共鸚鵡語十,1
8069,鸚鵡語十日,1
8070,鵡語十日不,1
8071,語十日不飲,1
8072,十日不飲一,1
8073,日不飲一滴,1
8074,不飲一滴漿,1
8075,飲一滴漿淚,1
8076,一滴漿淚漬,1
8077,滴漿淚漬綠,1
8078,漿淚漬綠毛,1
8079,淚漬綠毛頭,1
8080,漬綠毛頭似,1
8081,綠毛頭似鼠,1
8082,毛頭似鼠舌,1
8083,頭似鼠舌關,1
8084,似鼠舌關啞,1
8085,鼠舌關啞咽,1
8086,舌關啞咽畜,1
8087,關啞咽畜哀,1
8088,啞咽畜哀怨,1
8089,咽畜哀怨開,1
8090,畜哀怨開籠,1
8091,哀怨開籠放,1
8092,怨開籠放飛,1
8093,開籠放飛離,1
8094,籠放飛離人,1
8095,放飛離人眼,1
8096,飛離人眼短,1
8097,離人眼短聲,1
8098,人眼短聲亦,1
8099,眼短聲亦絕,1
8100,短聲亦絕翠,1
8101,聲亦絕翠臆,1
8102,亦絕翠臆翻,1
8103,絕翠臆翻新,1
8104,翠臆翻新墓,1
8105,臆翻新墓崔,1
8106,翻新墓崔嵬,1
8107,新墓崔嵬舊,1
8108,墓崔嵬舊巢,1
8109,崔嵬舊巢遠,1
8110,嵬舊巢遠此,1
8111,舊巢遠此禽,1
8112,巢遠此禽有,1
8113,遠此禽有志,1
8114,此禽有志女,1
8115,禽有志女有,1
8116,有志女有靈,1
8117,志女有靈定,1
8118,女有靈定為,1
8119,有靈定為連,1
8120,靈定為連理,1
8121,定為連理相,1
8122,為連理相並,1
8123,連理相並生,1
8124,理相並生春,1
8125,相並生春欲,1
8126,並生春欲來,1
8127,生春欲來每,1
8128,春欲來每日,1
8129,欲來每日望,1
8130,來每日望春,1
8131,每日望春門,1
8132,日望春門早,1
8133,望春門早開,1
8134,春門早開黃,1
8135,門早開黃衫,1
8136,早開黃衫白,1
8137,開黃衫白馬,1
8138,黃衫白馬帶,1
8139,衫白馬帶塵,1
8140,白馬帶塵土,1
8141,馬帶塵土逢,1
8142,帶塵土逢著,1
8143,塵土逢著探,1
8144,土逢著探春,1
8145,逢著探春人,1
8146,著探春人卻,1
8147,探春人卻回,1
8148,春人卻回禦,1
8149,人卻回禦堤,1
8150,卻回禦堤內,1
8151,回禦堤內園,1
8152,禦堤內園曉,1
8153,堤內園曉過,1
8154,內園曉過急,1
8155,園曉過急九,1
8156,曉過急九衢,1
8157,過急九衢大,1
8158,急九衢大宅,1
8159,九衢大宅家,1
8160,衢大宅家家,1
8161,大宅家家入,1
8162,宅家家入青,1
8163,家家入青帝,1
8164,家入青帝少,1
8165,入青帝少女,1
8166,青帝少女染,1
8167,帝少女染桃,1
8168,少女染桃花,1
8169,女染桃花露,1
8170,染桃花露妝,1
8171,桃花露妝初,1
8172,花露妝初出,1
8173,露妝初出紅,1
8174,妝初出紅猶,1
8175,初出紅猶濕,1
8176,出紅猶濕光,1
8177,紅猶濕光風,1
8178,猶濕光風暾,1
8179,濕光風暾暾,1
8180,光風暾暾蝶,1
8181,風暾暾蝶宛,1
8182,暾暾蝶宛宛,1
8183,暾蝶宛宛繞,1
8184,蝶宛宛繞樹,1
8185,宛宛繞樹氣,1
8186,宛繞樹氣匝,1
8187,繞樹氣匝枝,1
8188,樹氣匝枝柯,1
8189,氣匝枝柯軟,1
8190,匝枝柯軟可,1
8191,枝柯軟可憐,1
8192,柯軟可憐寒,1
8193,軟可憐寒食,1
8194,可憐寒食街,1
8195,憐寒食街中,1
8196,寒食街中郎,1
8197,食街中郎早,1
8198,街中郎早起,1
8199,中郎早起著,1
8200,郎早起著得,1
8201,早起著得單,1
8202,起著得單衣,1
8203,著得單衣裳,1
8204,得單衣裳少,1
8205,單衣裳少年,1
8206,衣裳少年即,1
8207,裳少年即見,1
8208,少年即見春,1
8209,年即見春好,1
8210,即見春好處,1
8211,見春好處似,1
8212,春好處似我,1
8213,好處似我白,1
8214,處似我白頭,1
8215,似我白頭無,1
8216,我白頭無好,1
8217,白頭無好樹,1
8218,頭無好樹春,1
8219,無好樹春已,1
8220,好樹春已去,1
8221,樹春已去花,1
8222,春已去花亦,1
8223,已去花亦不,1
8224,去花亦不知,1
8225,花亦不知春,1
8226,亦不知春去,1
8227,不知春去處,1
8228,知春去處緣,1
8229,春去處緣岡,1
8230,去處緣岡繞,1
8231,處緣岡繞澗,1
8232,緣岡繞澗卻,1
8233,岡繞澗卻歸,1
8234,繞澗卻歸來,1
8235,澗卻歸來百,1
8236,卻歸來百回,1
8237,歸來百回看,1
8238,來百回看著,1
8239,百回看著無,1
8240,回看著無花,1
8241,看著無花樹,1
8242,著無花樹就,1
8243,無花樹就中,1
8244,花樹就中一,1
8245,樹就中一夜,1
8246,就中一夜東,1
8247,中一夜東風,1
8248,一夜東風惡,1
8249,夜東風惡收,1
8250,東風惡收紅,1
8251,風惡收紅拾,1
8252,惡收紅拾紫,1
8253,收紅拾紫無,1
8254,紅拾紫無遺,1
8255,拾紫無遺落,1
8256,紫無遺落老,1
8257,無遺落老夫,1
8258,遺落老夫不,1
8259,落老夫不比,1
8260,老夫不比少,1
8261,夫不比少年,1
8262,不比少年兒,1
8263,比少年兒不,1
8264,少年兒不中,1
8265,年兒不中數,1
8266,兒不中數與,1
8267,不中數與春,1
8268,中數與春別,1
8269,數與春別離,1
8270,與春別離桐,1
8271,春別離桐柏,1
8272,別離桐柏水,1
8273,離桐柏水西,1
8274,桐柏水西賊,1
8275,柏水西賊星,1
8276,水西賊星落,1
8277,西賊星落梟,1
8278,賊星落梟雛,1
8279,星落梟雛夜,1
8280,落梟雛夜飛,1
8281,梟雛夜飛林,1
8282,雛夜飛林木,1
8283,夜飛林木惡,1
8284,飛林木惡相,1
8285,林木惡相國,1
8286,木惡相國刻,1
8287,惡相國刻日,1
8288,相國刻日波,1
8289,國刻日波濤,1
8290,刻日波濤清,1
8291,日波濤清當,1
8292,波濤清當朝,1
8293,濤清當朝自,1
8294,清當朝自請,1
8295,當朝自請東,1
8296,朝自請東南,1
8297,自請東南征,1
8298,請東南征舍,1
8299,東南征舍人,1
8300,南征舍人為,1
8301,征舍人為賓,1
8302,舍人為賓侍,1
8303,人為賓侍郎,1
8304,為賓侍郎副,1
8305,賓侍郎副曉,1
8306,侍郎副曉覺,1
8307,郎副曉覺蓬,1
8308,副曉覺蓬萊,1
8309,曉覺蓬萊欠,1
8310,覺蓬萊欠佩,1
8311,蓬萊欠佩聲,1
8312,萊欠佩聲玉,1
8313,欠佩聲玉階,1
8314,佩聲玉階舞,1
8315,聲玉階舞蹈,1
8316,玉階舞蹈謝,1
8317,階舞蹈謝旌,1
8318,舞蹈謝旌節,1
8319,蹈謝旌節生,1
8320,謝旌節生死,1
8321,旌節生死向,1
8322,節生死向前,1
8323,生死向前山,1
8324,死向前山可,1
8325,向前山可穴,1
8326,前山可穴同,1
8327,山可穴同時,1
8328,可穴同時賜,1
8329,穴同時賜馬,1
8330,同時賜馬並,1
8331,時賜馬並賜,1
8332,賜馬並賜衣,1
8333,馬並賜衣禦,1
8334,並賜衣禦樓,1
8335,賜衣禦樓看,1
8336,衣禦樓看帶,1
8337,禦樓看帶弓,1
8338,樓看帶弓刀,1
8339,看帶弓刀發,1
8340,帶弓刀發馬,1
8341,弓刀發馬前,1
8342,刀發馬前猛,1
8343,發馬前猛士,1
8344,馬前猛士三,1
8345,前猛士三百,1
8346,猛士三百人,1
8347,士三百人金,1
8348,三百人金書,1
8349,百人金書左,1
8350,人金書左右,1
8351,金書左右紅,1
8352,書左右紅旗,1
8353,左右紅旗新,1
8354,右紅旗新司,1
8355,紅旗新司庖,1
8356,旗新司庖常,1
8357,新司庖常膳,1
8358,司庖常膳皆,1
8359,庖常膳皆得,1
8360,常膳皆得對,1
8361,膳皆得對好,1
8362,皆得對好事,1
8363,得對好事將,1
8364,對好事將軍,1
8365,好事將軍封,1
8366,事將軍封爾,1
8367,將軍封爾身,1
8368,軍封爾身男,1
8369,封爾身男兒,1
8370,爾身男兒生,1
8371,身男兒生殺,1
8372,男兒生殺在,1
8373,兒生殺在手,1
8374,生殺在手裏,1
8375,殺在手裏營,1
8376,在手裏營門,1
8377,手裏營門老,1
8378,裏營門老將,1
8379,營門老將皆,1
8380,門老將皆憂,1
8381,老將皆憂死,1
8382,將皆憂死曈,1
8383,皆憂死曈曈,1
8384,憂死曈曈白,1
8385,死曈曈白日,1
8386,曈曈白日當,1
8387,曈白日當南,1
8388,白日當南山,1
8389,日當南山不,1
8390,當南山不立,1
8391,南山不立功,1
8392,山不立功名,1
8393,不立功名終,1
8394,立功名終不,1
8395,功名終不還,1
8396,名終不還江,1
8397,終不還江邊,1
8398,不還江邊行,1
8399,還江邊行人,1
8400,江邊行人暮,1
8401,邊行人暮悠,1
8402,行人暮悠悠,1
8403,人暮悠悠山,1
8404,暮悠悠山頭,1
8405,悠悠山頭殊,1
8406,悠山頭殊未,1
8407,山頭殊未見,1
8408,頭殊未見荊,1
8409,殊未見荊州,1
8410,未見荊州峴,1
8411,見荊州峴亭,1
8412,荊州峴亭西,1
8413,州峴亭西南,1
8414,峴亭西南路,1
8415,亭西南路多,1
8416,西南路多曲,1
8417,南路多曲櫟,1
8418,路多曲櫟林,1
8419,多曲櫟林深,1
8420,曲櫟林深深,1
8421,櫟林深深石,1
8422,林深深石鏃,1
8423,深深石鏃鏃,1
8424,深石鏃鏃看,1
8425,石鏃鏃看炊,1
8426,鏃鏃看炊紅,1
8427,鏃看炊紅米,1
8428,看炊紅米煮,1
8429,炊紅米煮白,1
8430,紅米煮白魚,1
8431,米煮白魚夜,1
8432,煮白魚夜向,1
8433,白魚夜向雞,1
8434,魚夜向雞鳴,1
8435,夜向雞鳴店,1
8436,向雞鳴店家,1
8437,雞鳴店家宿,1
8438,鳴店家宿南,1
8439,店家宿南中,1
8440,家宿南中三,1
8441,宿南中三月,1
8442,南中三月蚊,1
8443,中三月蚊蚋,1
8444,三月蚊蚋生,1
8445,月蚊蚋生黃,1
8446,蚊蚋生黃昏,1
8447,蚋生黃昏不,1
8448,生黃昏不聞,1
8449,黃昏不聞人,1
8450,昏不聞人語,1
8451,不聞人語聲,1
8452,聞人語聲生,1
8453,人語聲生紗,1
8454,語聲生紗帷,1
8455,聲生紗帷疏,1
8456,生紗帷疏薄,1
8457,紗帷疏薄如,1
8458,帷疏薄如霧,1
8459,疏薄如霧隔,1
8460,薄如霧隔衣,1
8461,如霧隔衣噆,1
8462,霧隔衣噆膚,1
8463,隔衣噆膚耳,1
8464,衣噆膚耳邊,1
8465,噆膚耳邊鳴,1
8466,膚耳邊鳴欲,1
8467,耳邊鳴欲明,1
8468,邊鳴欲明不,1
8469,鳴欲明不待,1
8470,欲明不待燈,1
8471,明不待燈火,1
8472,不待燈火起,1
8473,待燈火起喚,1
8474,燈火起喚得,1
8475,火起喚得官,1
8476,起喚得官船,1
8477,喚得官船過,1
8478,得官船過蠻,1
8479,官船過蠻水,1
8480,船過蠻水女,1
8481,過蠻水女兒,1
8482,蠻水女兒停,1
8483,水女兒停客,1
8484,女兒停客茆,1
8485,兒停客茆屋,1
8486,停客茆屋新,1
8487,客茆屋新開,1
8488,茆屋新開門,1
8489,屋新開門掃,1
8490,新開門掃地,1
8491,開門掃地桐,1
8492,門掃地桐花,1
8493,掃地桐花裏,1
8494,地桐花裏犬,1
8495,桐花裏犬聲,1
8496,花裏犬聲撲,1
8497,裏犬聲撲撲,1
8498,犬聲撲撲寒,1
8499,聲撲撲寒溪,1
8500,撲撲寒溪煙,1
8501,撲寒溪煙人,1
8502,寒溪煙人家,1
8503,溪煙人家燒,1
8504,煙人家燒竹,1
8505,人家燒竹種,1
8506,家燒竹種山,1
8507,燒竹種山田,1
8508,竹種山田巴,1
8509,種山田巴雲,1
8510,山田巴雲欲,1
8511,田巴雲欲雨,1
8512,巴雲欲雨熏,1
8513,雲欲雨熏石,1
8514,欲雨熏石熱,1
8515,雨熏石熱麋,1
8516,熏石熱麋鹿,1
8517,石熱麋鹿度,1
8518,熱麋鹿度江,1
8519,麋鹿度江蟲,1
8520,鹿度江蟲出,1
8521,度江蟲出穴,1
8522,江蟲出穴大,1
8523,蟲出穴大蛇,1
8524,出穴大蛇過,1
8525,穴大蛇過處,1
8526,大蛇過處一,1
8527,蛇過處一山,1
8528,過處一山腥,1
8529,處一山腥野,1
8530,一山腥野牛,1
8531,山腥野牛驚,1
8532,腥野牛驚跳,1
8533,野牛驚跳雙,1
8534,牛驚跳雙角,1
8535,驚跳雙角折,1
8536,跳雙角折斜,1
8537,雙角折斜分,1
8538,角折斜分漢,1
8539,折斜分漢水,1
8540,斜分漢水橫,1
8541,分漢水橫千,1
8542,漢水橫千山,1
8543,水橫千山山,1
8544,橫千山山青,1
8545,千山山青水,1
8546,山山青水綠,1
8547,山青水綠荊,1
8548,青水綠荊門,1
8549,水綠荊門關,1
8550,綠荊門關向,1
8551,荊門關向前,1
8552,門關向前問,1
8553,關向前問個,1
8554,向前問個長,1
8555,前問個長沙,1
8556,問個長沙路,1
8557,個長沙路舊,1
8558,長沙路舊是,1
8559,沙路舊是屈,1
8560,路舊是屈原,1
8561,舊是屈原沈,1
8562,是屈原沈溺,1
8563,屈原沈溺處,1
8564,原沈溺處誰,1
8565,沈溺處誰家,1
8566,溺處誰家丹,1
8567,處誰家丹旐,1
8568,誰家丹旐已,1
8569,家丹旐已南,1
8570,丹旐已南來,1
8571,旐已南來逢,1
8572,已南來逢著,1
8573,南來逢著流,1
8574,來逢著流人,1
8575,逢著流人從,1
8576,著流人從此,1
8577,流人從此去,1
8578,人從此去月,1
8579,從此去月明,1
8580,此去月明山,1
8581,去月明山鳥,1
8582,月明山鳥多,1
8583,明山鳥多不,1
8584,山鳥多不棲,1
8585,鳥多不棲下,1
8586,多不棲下枝,1
8587,不棲下枝飛,1
8588,棲下枝飛上,1
8589,下枝飛上高,1
8590,枝飛上高枝,1
8591,飛上高枝啼,1
8592,上高枝啼主,1
8593,高枝啼主人,1
8594,枝啼主人念,1
8595,啼主人念遠,1
8596,主人念遠心,1
8597,人念遠心不,1
8598,念遠心不懌,1
8599,遠心不懌羅,1
8600,心不懌羅衫,1
8601,不懌羅衫臥,1
8602,懌羅衫臥對,1
8603,羅衫臥對章,1
8604,衫臥對章台,1
8605,臥對章台夕,1
8606,對章台夕紅,1
8607,章台夕紅燭,1
8608,台夕紅燭交,1
8609,夕紅燭交橫,1
8610,紅燭交橫各,1
8611,燭交橫各自,1
8612,交橫各自歸,1
8613,橫各自歸酒,1
8614,各自歸酒醒,1
8615,自歸酒醒還,1
8616,歸酒醒還是,1
8617,酒醒還是他,1
8618,醒還是他鄉,1
8619,還是他鄉客,1
8620,是他鄉客壯,1
8621,他鄉客壯年,1
8622,鄉客壯年留,1
8623,客壯年留滯,1
8624,壯年留滯尚,1
8625,年留滯尚思,1
8626,留滯尚思家,1
8627,滯尚思家況,1
8628,尚思家況複,1
8629,思家況複白,1
8630,家況複白頭,1
8631,況複白頭在,1
8632,複白頭在天,1
8633,白頭在天涯,1
8634,頭在天涯重,1
8635,在天涯重重,1
8636,天涯重重摩,1
8637,涯重重摩挲,1
8638,重重摩挲嫁,1
8639,重摩挲嫁時,1
8640,摩挲嫁時鏡,1
8641,挲嫁時鏡夫,1
8642,嫁時鏡夫婿,1
8643,時鏡夫婿遠,1
8644,鏡夫婿遠行,1
8645,夫婿遠行憑,1
8646,婿遠行憑鏡,1
8647,遠行憑鏡聽,1
8648,行憑鏡聽回,1
8649,憑鏡聽回身,1
8650,鏡聽回身不,1
8651,聽回身不遣,1
8652,回身不遣別,1
8653,身不遣別人,1
8654,不遣別人知,1
8655,遣別人知人,1
8656,別人知人意,1
8657,人知人意丁,1
8658,知人意丁寧,1
8659,人意丁寧鏡,1
8660,意丁寧鏡神,1
8661,丁寧鏡神聖,1
8662,寧鏡神聖懷,1
8663,鏡神聖懷中,1
8664,神聖懷中收,1
8665,聖懷中收拾,1
8666,懷中收拾雙,1
8667,中收拾雙錦,1
8668,收拾雙錦帶,1
8669,拾雙錦帶恐,1
8670,雙錦帶恐畏,1
8671,錦帶恐畏街,1
8672,帶恐畏街頭,1
8673,恐畏街頭見,1
8674,畏街頭見驚,1
8675,街頭見驚怪,1
8676,頭見驚怪嗟,1
8677,見驚怪嗟嗟,1
8678,驚怪嗟嗟下,1
8679,怪嗟嗟下堂,1
8680,嗟嗟下堂階,1
8681,嗟下堂階獨,1
8682,下堂階獨自,1
8683,堂階獨自灶,1
8684,階獨自灶前,1
8685,獨自灶前來,1
8686,自灶前來跪,1
8687,灶前來跪拜,1
8688,前來跪拜出,1
8689,來跪拜出門,1
8690,跪拜出門願,1
8691,拜出門願不,1
8692,出門願不聞,1
8693,門願不聞悲,1
8694,願不聞悲哀,1
8695,不聞悲哀郎,1
8696,聞悲哀郎在,1
8697,悲哀郎在任,1
8698,哀郎在任郎,1
8699,郎在任郎回,1
8700,在任郎回未,1
8701,任郎回未回,1
8702,郎回未回月,1
8703,回未回月明,1
8704,未回月明地,1
8705,回月明地上,1
8706,月明地上人,1
8707,明地上人過,1
8708,地上人過盡,1
8709,上人過盡好,1
8710,人過盡好語,1
8711,過盡好語多,1
8712,盡好語多同,1
8713,好語多同皆,1
8714,語多同皆道,1
8715,多同皆道來,1
8716,同皆道來卷,1
8717,皆道來卷帷,1
8718,道來卷帷上,1
8719,來卷帷上床,1
8720,卷帷上床喜,1
8721,帷上床喜不,1
8722,上床喜不定,1
8723,床喜不定與,1
8724,喜不定與郎,1
8725,不定與郎裁,1
8726,定與郎裁衣,1
8727,與郎裁衣失,1
8728,郎裁衣失翻,1
8729,裁衣失翻正,1
8730,衣失翻正可,1
8731,失翻正可中,1
8732,翻正可中三,1
8733,正可中三日,1
8734,可中三日得,1
8735,中三日得相,1
8736,三日得相見,1
8737,日得相見重,1
8738,得相見重繡,1
8739,相見重繡錦,1
8740,見重繡錦囊,1
8741,重繡錦囊磨,1
8742,繡錦囊磨鏡,1
8743,錦囊磨鏡面,1
8744,囊磨鏡面上,1
8745,磨鏡面上陽,1
8746,鏡面上陽宮,1
8747,面上陽宮到,1
8748,上陽宮到蓬,1
8749,陽宮到蓬萊,1
8750,宮到蓬萊殿,1
8751,到蓬萊殿行,1
8752,蓬萊殿行宮,1
8753,萊殿行宮岩,1
8754,殿行宮岩岩,1
8755,行宮岩岩遙,1
8756,宮岩岩遙相,1
8757,岩岩遙相見,1
8758,岩遙相見向,1
8759,遙相見向前,1
8760,相見向前天,1
8761,見向前天子,1
8762,向前天子行,1
8763,前天子行幸,1
8764,天子行幸多,1
8765,子行幸多馬,1
8766,行幸多馬蹄,1
8767,幸多馬蹄車,1
8768,多馬蹄車轍,1
8769,馬蹄車轍山,1
8770,蹄車轍山川,1
8771,車轍山川遍,1
8772,轍山川遍當,1
8773,山川遍當時,1
8774,川遍當時州,1
8775,遍當時州縣,1
8776,當時州縣每,1
8777,時州縣每年,1
8778,州縣每年修,1
8779,縣每年修皆,1
8780,每年修皆留,1
8781,年修皆留內,1
8782,修皆留內人,1
8783,皆留內人看,1
8784,留內人看玉,1
8785,內人看玉案,1
8786,人看玉案禁,1
8787,看玉案禁兵,1
8788,玉案禁兵奪,1
8789,案禁兵奪得,1
8790,禁兵奪得明,1
8791,兵奪得明堂,1
8792,奪得明堂後,1
8793,得明堂後長,1
8794,明堂後長閉,1
8795,堂後長閉桃,1
8796,後長閉桃源,1
8797,長閉桃源與,1
8798,閉桃源與綺,1
8799,桃源與綺繡,1
8800,源與綺繡開,1
8801,與綺繡開元,1
8802,綺繡開元歌,1
8803,繡開元歌舞,1
8804,開元歌舞古,1
8805,元歌舞古草,1
8806,歌舞古草頭,1
8807,舞古草頭梁,1
8808,古草頭梁州,1
8809,草頭梁州樂,1
8810,頭梁州樂人,1
8811,梁州樂人世,1
8812,州樂人世嫌,1
8813,樂人世嫌舊,1
8814,人世嫌舊官,1
8815,世嫌舊官家,1
8816,嫌舊官家乏,1
8817,舊官家乏人,1
8818,官家乏人作,1
8819,家乏人作宮,1
8820,乏人作宮戶,1
8821,人作宮戶不,1
8822,作宮戶不泥,1
8823,宮戶不泥宮,1
8824,戶不泥宮牆,1
8825,不泥宮牆斫,1
8826,泥宮牆斫宮,1
8827,宮牆斫宮樹,1
8828,牆斫宮樹兩,1
8829,斫宮樹兩邊,1
8830,宮樹兩邊仗,1
8831,樹兩邊仗屋,1
8832,兩邊仗屋半,1
8833,邊仗屋半崩,1
8834,仗屋半崩摧,1
8835,屋半崩摧夜,1
8836,半崩摧夜火,1
8837,崩摧夜火入,1
8838,摧夜火入林,1
8839,夜火入林燒,1
8840,火入林燒殿,1
8841,入林燒殿柱,1
8842,林燒殿柱休,1
8843,燒殿柱休封,1
8844,殿柱休封中,1
8845,柱休封中嶽,1
8846,休封中嶽六,1
8847,封中嶽六十,1
8848,中嶽六十年,1
8849,嶽六十年行,1
8850,六十年行宮,1
8851,十年行宮不,1
8852,年行宮不見,1
8853,行宮不見人,1
8854,宮不見人眼,1
8855,不見人眼穿,1
8856,見人眼穿長,1
8857,人眼穿長安,1
8858,眼穿長安惡,1
8859,穿長安惡少,1
8860,長安惡少出,1
8861,安惡少出名,1
8862,惡少出名字,1
8863,少出名字樓,1
8864,出名字樓下,1
8865,名字樓下劫,1
8866,字樓下劫商,1
8867,樓下劫商樓,1
8868,下劫商樓上,1
8869,劫商樓上醉,1
8870,商樓上醉天,1
8871,樓上醉天明,1
8872,上醉天明下,1
8873,醉天明下直,1
8874,天明下直明,1
8875,明下直明光,1
8876,下直明光宮,1
8877,直明光宮散,1
8878,明光宮散入,1
8879,光宮散入五,1
8880,宮散入五陵,1
8881,散入五陵松,1
8882,入五陵松柏,1
8883,五陵松柏中,1
8884,陵松柏中百,1
8885,松柏中百回,1
8886,柏中百回殺,1
8887,中百回殺人,1
8888,百回殺人身,1
8889,回殺人身合,1
8890,殺人身合死,1
8891,人身合死赦,1
8892,身合死赦書,1
8893,合死赦書尚,1
8894,死赦書尚有,1
8895,赦書尚有收,1
8896,書尚有收城,1
8897,尚有收城功,1
8898,有收城功九,1
8899,收城功九衢,1
8900,城功九衢一,1
8901,功九衢一日,1
8902,九衢一日消,1
8903,衢一日消息,1
8904,一日消息定,1
8905,日消息定鄉,1
8906,消息定鄉吏,1
8907,息定鄉吏籍,1
8908,定鄉吏籍中,1
8909,鄉吏籍中重,1
8910,吏籍中重改,1
8911,籍中重改姓,1
8912,中重改姓出,1
8913,重改姓出來,1
8914,改姓出來依,1
8915,姓出來依舊,1
8916,出來依舊屬,1
8917,來依舊屬羽,1
8918,依舊屬羽林,1
8919,舊屬羽林立,1
8920,屬羽林立在,1
8921,羽林立在殿,1
8922,林立在殿前,1
8923,立在殿前射,1
8924,在殿前射飛,1
8925,殿前射飛禽,1
8926,前射飛禽自,1
8927,射飛禽自去,1
8928,飛禽自去射,1
8929,禽自去射虎,1
8930,自去射虎得,1
8931,去射虎得虎,1
8932,射虎得虎歸,1
8933,虎得虎歸官,1
8934,得虎歸官差,1
8935,虎歸官差射,1
8936,歸官差射虎,1
8937,官差射虎得,1
8938,差射虎得虎,1
8939,射虎得虎遲,1
8940,虎得虎遲獨,1
8941,得虎遲獨行,1
8942,虎遲獨行以,1
8943,遲獨行以死,1
8944,獨行以死當,1
8945,行以死當虎,1
8946,以死當虎命,1
8947,死當虎命兩,1
8948,當虎命兩人,1
8949,虎命兩人因,1
8950,命兩人因疑,1
8951,兩人因疑終,1
8952,人因疑終不,1
8953,因疑終不定,1
8954,疑終不定朝,1
8955,終不定朝朝,1
8956,不定朝朝暮,1
8957,定朝朝暮暮,1
8958,朝朝暮暮空,1
8959,朝暮暮空手,1
8960,暮暮空手回,1
8961,暮空手回山,1
8962,空手回山下,1
8963,手回山下綠,1
8964,回山下綠苗,1
8965,山下綠苗成,1
8966,下綠苗成道,1
8967,綠苗成道徑,1
8968,苗成道徑遠,1
8969,成道徑遠立,1
8970,道徑遠立不,1
8971,徑遠立不敢,1
8972,遠立不敢汙,1
8973,立不敢汙箭,1
8974,不敢汙箭鏃,1
8975,敢汙箭鏃聞,1
8976,汙箭鏃聞死,1
8977,箭鏃聞死還,1
8978,鏃聞死還來,1
8979,聞死還來分,1
8980,死還來分虎,1
8981,還來分虎肉,1
8982,來分虎肉惜,1
8983,分虎肉惜留,1
8984,虎肉惜留猛,1
8985,肉惜留猛虎,1
8986,惜留猛虎著,1
8987,留猛虎著深,1
8988,猛虎著深山,1
8989,虎著深山射,1
8990,著深山射殺,1
8991,深山射殺恐,1
8992,山射殺恐畏,1
8993,射殺恐畏終,1
8994,殺恐畏終身,1
8995,恐畏終身閑,1
8996,畏終身閑去,1
8997,終身閑去願,1
8998,身閑去願車,1
8999,閑去願車輪,1
9000,去願車輪遲,1
9001,願車輪遲回,1
9002,車輪遲回思,1
9003,輪遲回思馬,1
9004,遲回思馬蹄,1
9005,回思馬蹄速,1
9006,思馬蹄速但,1
9007,馬蹄速但令,1
9008,蹄速但令在,1
9009,速但令在舍,1
9010,但令在舍相,1
9011,令在舍相對,1
9012,在舍相對貧,1
9013,舍相對貧不,1
9014,相對貧不向,1
9015,對貧不向天,1
9016,貧不向天涯,1
9017,不向天涯金,1
9018,向天涯金繞,1
9019,天涯金繞身,1
9020,涯金繞身人,1
9021,金繞身人間,1
9022,繞身人間百,1
9023,身人間百戲,1
9024,人間百戲皆,1
9025,間百戲皆可,1
9026,百戲皆可學,1
9027,戲皆可學尋,1
9028,皆可學尋橦,1
9029,可學尋橦不,1
9030,學尋橦不比,1
9031,尋橦不比諸,1
9032,橦不比諸餘,1
9033,不比諸餘樂,1
9034,比諸餘樂重,1
9035,諸餘樂重梳,1
9036,餘樂重梳短,1
9037,樂重梳短髻,1
9038,重梳短髻下,1
9039,梳短髻下金,1
9040,短髻下金鈿,1
9041,髻下金鈿紅,1
9042,下金鈿紅帽,1
9043,金鈿紅帽青,1
9044,鈿紅帽青巾,1
9045,紅帽青巾各,1
9046,帽青巾各一,1
9047,青巾各一邊,1
9048,巾各一邊身,1
9049,各一邊身輕,1
9050,一邊身輕足,1
9051,邊身輕足捷,1
9052,身輕足捷勝,1
9053,輕足捷勝男,1
9054,足捷勝男子,1
9055,捷勝男子繞,1
9056,勝男子繞竿,1
9057,男子繞竿四,1
9058,子繞竿四面,1
9059,繞竿四面爭,1
9060,竿四面爭先,1
9061,四面爭先緣,1
9062,面爭先緣習,1
9063,爭先緣習多,1
9064,先緣習多倚,1
9065,緣習多倚附,1
9066,習多倚附欹,1
9067,多倚附欹竿,1
9068,倚附欹竿滑,1
9069,附欹竿滑上,1
9070,欹竿滑上下,1
9071,竿滑上下蹁,1
9072,滑上下蹁躚,1
9073,上下蹁躚皆,1
9074,下蹁躚皆著,1
9075,蹁躚皆著襪,1
9076,躚皆著襪翻,1
9077,皆著襪翻身,1
9078,著襪翻身垂,1
9079,襪翻身垂頸,1
9080,翻身垂頸欲,1
9081,身垂頸欲落,1
9082,垂頸欲落地,1
9083,頸欲落地卻,1
9084,欲落地卻住,1
9085,落地卻住把,1
9086,地卻住把腰,1
9087,卻住把腰初,1
9088,住把腰初似,1
9089,把腰初似歇,1
9090,腰初似歇大,1
9091,初似歇大竿,1
9092,似歇大竿百,1
9093,歇大竿百夫,1
9094,大竿百夫擎,1
9095,竿百夫擎不,1
9096,百夫擎不起,1
9097,夫擎不起嫋,1
9098,擎不起嫋嫋,1
9099,不起嫋嫋半,1
9100,起嫋嫋半在,1
9101,嫋嫋半在青,1
9102,嫋半在青雲,1
9103,半在青雲裏,1
9104,在青雲裏纖,1
9105,青雲裏纖腰,1
9106,雲裏纖腰女,1
9107,裏纖腰女兒,1
9108,纖腰女兒不,1
9109,腰女兒不動,1
9110,女兒不動容,1
9111,兒不動容戴,1
9112,不動容戴行,1
9113,動容戴行直,1
9114,容戴行直舞,1
9115,戴行直舞一,1
9116,行直舞一曲,1
9117,直舞一曲終,1
9118,舞一曲終回,1
9119,一曲終回頭,1
9120,曲終回頭但,1
9121,終回頭但覺,1
9122,回頭但覺人,1
9123,頭但覺人眼,1
9124,但覺人眼見,1
9125,覺人眼見矜,1
9126,人眼見矜難,1
9127,眼見矜難恐,1
9128,見矜難恐畏,1
9129,矜難恐畏天,1
9130,難恐畏天無,1
9131,恐畏天無風,1
9132,畏天無風險,1
9133,天無風險中,1
9134,無風險中更,1
9135,風險中更險,1
9136,險中更險何,1
9137,中更險何曾,1
9138,更險何曾失,1
9139,險何曾失山,1
9140,何曾失山鼠,1
9141,曾失山鼠懸,1
9142,失山鼠懸頭,1
9143,山鼠懸頭猿,1
9144,鼠懸頭猿掛,1
9145,懸頭猿掛膝,1
9146,頭猿掛膝小,1
9147,猿掛膝小垂,1
9148,掛膝小垂一,1
9149,膝小垂一手,1
9150,小垂一手當,1
9151,垂一手當舞,1
9152,一手當舞盤,1
9153,手當舞盤斜,1
9154,當舞盤斜慘,1
9155,舞盤斜慘雙,1
9156,盤斜慘雙蛾,1
9157,斜慘雙蛾看,1
9158,慘雙蛾看落,1
9159,雙蛾看落日,1
9160,蛾看落日斯,1
9161,看落日斯須,1
9162,落日斯須改,1
9163,日斯須改變,1
9164,斯須改變曲,1
9165,須改變曲解,1
9166,改變曲解新,1
9167,變曲解新貴,1
9168,曲解新貴欲,1
9169,解新貴欲歡,1
9170,新貴欲歡他,1
9171,貴欲歡他平,1
9172,欲歡他平地,1
9173,歡他平地人,1
9174,他平地人散,1
9175,平地人散時,1
9176,地人散時滿,1
9177,人散時滿面,1
9178,散時滿面生,1
9179,時滿面生顏,1
9180,滿面生顏色,1
9181,面生顏色行,1
9182,生顏色行步,1
9183,顏色行步依,1
9184,色行步依前,1
9185,行步依前無,1
9186,步依前無氣,1
9187,依前無氣力,1
9188,前無氣力嬌,1
9189,無氣力嬌愛,1
9190,氣力嬌愛更,1
9191,力嬌愛更何,1
9192,嬌愛更何日,1
9193,愛更何日高,1
9194,更何日高臺,1
9195,何日高臺空,1
9196,日高臺空數,1
9197,高臺空數層,1
9198,臺空數層含,1
9199,空數層含啼,1
9200,數層含啼映,1
9201,層含啼映雙,1
9202,含啼映雙袖,1
9203,啼映雙袖不,1
9204,映雙袖不忍,1
9205,雙袖不忍看,1
9206,袖不忍看西,1
9207,不忍看西陵,1
9208,忍看西陵漳,1
9209,看西陵漳水,1
9210,西陵漳水東,1
9211,陵漳水東流,1
9212,漳水東流無,1
9213,水東流無複,1
9214,東流無複來,1
9215,流無複來百,1
9216,無複來百花,1
9217,複來百花輦,1
9218,來百花輦路,1
9219,百花輦路為,1
9220,花輦路為蒼,1
9221,輦路為蒼苔,1
9222,路為蒼苔青,1
9223,為蒼苔青樓,1
9224,蒼苔青樓月,1
9225,苔青樓月夜,1
9226,青樓月夜長,1
9227,樓月夜長寂,1
9228,月夜長寂寞,1
9229,夜長寂寞碧,1
9230,長寂寞碧雲,1
9231,寂寞碧雲日,1
9232,寞碧雲日暮,1
9233,碧雲日暮空,1
9234,雲日暮空裴,1
9235,日暮空裴回,1
9236,暮空裴回君,1
9237,空裴回君不,1
9238,裴回君不見,1
9239,回君不見鄴,1
9240,君不見鄴中,1
9241,不見鄴中萬,1
9242,見鄴中萬事,1
9243,鄴中萬事非,1
9244,中萬事非昔,1
9245,萬事非昔時,1
9246,事非昔時古,1
9247,非昔時古人,1
9248,昔時古人不,1
9249,時古人不在,1
9250,古人不在今,1
9251,人不在今人,1
9252,不在今人悲,1
9253,在今人悲春,1
9254,今人悲春風,1
9255,人悲春風不,1
9256,悲春風不逐,1
9257,春風不逐君,1
9258,風不逐君王,1
9259,不逐君王去,1
9260,逐君王去草,1
9261,君王去草色,1
9262,王去草色年,1
9263,去草色年年,1
9264,草色年年舊,1
9265,色年年舊宮,1
9266,年年舊宮路,1
9267,年舊宮路宮,1
9268,舊宮路宮中,1
9269,宮路宮中歌,1
9270,路宮中歌舞,1
9271,宮中歌舞已,1
9272,中歌舞已浮,1
9273,歌舞已浮雲,1
9274,舞已浮雲空,1
9275,已浮雲空指,1
9276,浮雲空指行,1
9277,雲空指行人,1
9278,空指行人往,1
9279,指行人往來,1
9280,行人往來處,1
9281,人往來處雞,1
9282,往來處雞初,1
9283,來處雞初鳴,1
9284,處雞初鳴明,1
9285,雞初鳴明星,1
9286,初鳴明星照,1
9287,鳴明星照東,1
9288,明星照東屋,1
9289,星照東屋雞,1
9290,照東屋雞再,1
9291,東屋雞再鳴,1
9292,屋雞再鳴紅,1
9293,雞再鳴紅霞,1
9294,再鳴紅霞生,1
9295,鳴紅霞生海,1
9296,紅霞生海腹,1
9297,霞生海腹百,1
9298,生海腹百官,1
9299,海腹百官待,1
9300,腹百官待漏,1
9301,百官待漏雙,1
9302,官待漏雙闕,1
9303,待漏雙闕前,1
9304,漏雙闕前聖,1
9305,雙闕前聖人,1
9306,闕前聖人亦,1
9307,前聖人亦掛,1
9308,聖人亦掛山,1
9309,人亦掛山龍,1
9310,亦掛山龍服,1
9311,掛山龍服寶,1
9312,山龍服寶釵,1
9313,龍服寶釵命,1
9314,服寶釵命婦,1
9315,寶釵命婦燈,1
9316,釵命婦燈下,1
9317,命婦燈下起,1
9318,婦燈下起環,1
9319,燈下起環佩,1
9320,下起環佩玲,1
9321,起環佩玲瓏,1
9322,環佩玲瓏曉,1
9323,佩玲瓏曉光,1
9324,玲瓏曉光裏,1
9325,瓏曉光裏直,1
9326,曉光裏直內,1
9327,光裏直內初,1
9328,裏直內初燒,1
9329,直內初燒玉,1
9330,內初燒玉案,1
9331,初燒玉案香,1
9332,燒玉案香司,1
9333,玉案香司更,1
9334,案香司更尚,1
9335,香司更尚滴,1
9336,司更尚滴銅,1
9337,更尚滴銅壺,1
9338,尚滴銅壺水,1
9339,滴銅壺水金,1
9340,銅壺水金吾,1
9341,壺水金吾衛,1
9342,水金吾衛裏,1
9343,金吾衛裏直,1
9344,吾衛裏直郎,1
9345,衛裏直郎妻,1
9346,裏直郎妻到,1
9347,直郎妻到明,1
9348,郎妻到明不,1
9349,妻到明不睡,1
9350,到明不睡聽,1
9351,明不睡聽晨,1
9352,不睡聽晨雞,1
9353,睡聽晨雞天,1
9354,聽晨雞天頭,1
9355,晨雞天頭日,1
9356,雞天頭日月,1
9357,天頭日月相,1
9358,頭日月相送,1
9359,日月相送迎,1
9360,月相送迎夜,1
9361,相送迎夜棲,1
9362,送迎夜棲旦,1
9363,迎夜棲旦鳴,1
9364,夜棲旦鳴人,1
9365,棲旦鳴人不,1
9366,旦鳴人不迷,1
9367,鳴人不迷去,1
9368,人不迷去秋,1
9369,不迷去秋送,1
9370,迷去秋送衣,1
9371,去秋送衣渡,1
9372,秋送衣渡黃,1
9373,送衣渡黃河,1
9374,衣渡黃河今,1
9375,渡黃河今秋,1
9376,黃河今秋送,1
9377,河今秋送衣,1
9378,今秋送衣上,1
9379,秋送衣上隴,1
9380,送衣上隴阪,1
9381,衣上隴阪婦,1
9382,上隴阪婦人,1
9383,隴阪婦人不,1
9384,阪婦人不知,1
9385,婦人不知道,1
9386,人不知道徑,1
9387,不知道徑處,1
9388,知道徑處但,1
9389,道徑處但問,1
9390,徑處但問新,1
9391,處但問新移,1
9392,但問新移軍,1
9393,問新移軍近,1
9394,新移軍近遠,1
9395,移軍近遠半,1
9396,軍近遠半年,1
9397,近遠半年著,1
9398,遠半年著道,1
9399,半年著道經,1
9400,年著道經雨,1
9401,著道經雨濕,1
9402,道經雨濕開,1
9403,經雨濕開籠,1
9404,雨濕開籠見,1
9405,濕開籠見風,1
9406,開籠見風衣,1
9407,籠見風衣領,1
9408,見風衣領急,1
9409,風衣領急舊,1
9410,衣領急舊來,1
9411,領急舊來十,1
9412,急舊來十月,1
9413,舊來十月初,1
9414,來十月初點,1
9415,十月初點衣,1
9416,月初點衣與,1
9417,初點衣與郎,1
9418,點衣與郎著,1
9419,衣與郎著向,1
9420,與郎著向營,1
9421,郎著向營中,1
9422,著向營中集,1
9423,向營中集絮,1
9424,營中集絮時,1
9425,中集絮時厚,1
9426,集絮時厚厚,1
9427,絮時厚厚綿,1
9428,時厚厚綿纂,1
9429,厚厚綿纂纂,1
9430,厚綿纂纂貴,1
9431,綿纂纂貴欲,1
9432,纂纂貴欲征,1
9433,纂貴欲征人,1
9434,貴欲征人身,1
9435,欲征人身上,1
9436,征人身上暖,1
9437,人身上暖願,1
9438,身上暖願身,1
9439,上暖願身莫,1
9440,暖願身莫著,1
9441,願身莫著裹,1
9442,身莫著裹屍,1
9443,莫著裹屍歸,1
9444,著裹屍歸願,1
9445,裹屍歸願妾,1
9446,屍歸願妾不,1
9447,歸願妾不死,1
9448,願妾不死長,1
9449,妾不死長送,1
9450,不死長送衣,1
9451,死長送衣世,1
9452,長送衣世間,1
9453,送衣世間娶,1
9454,衣世間娶容,1
9455,世間娶容非,1
9456,間娶容非娶,1
9457,娶容非娶婦,1
9458,容非娶婦中,1
9459,非娶婦中庭,1
9460,娶婦中庭牡,1
9461,婦中庭牡丹,1
9462,中庭牡丹勝,1
9463,庭牡丹勝松,1
9464,牡丹勝松樹,1
9465,丹勝松樹九,1
9466,勝松樹九衢,1
9467,松樹九衢大,1
9468,樹九衢大道,1
9469,九衢大道人,1
9470,衢大道人不,1
9471,大道人不行,1
9472,道人不行走,1
9473,人不行走馬,1
9474,不行走馬奔,1
9475,行走馬奔車,1
9476,走馬奔車逐,1
9477,馬奔車逐斜,1
9478,奔車逐斜路,1
9479,車逐斜路斜,1
9480,逐斜路斜路,1
9481,斜路斜路行,1
9482,路斜路行熟,1
9483,斜路行熟直,1
9484,路行熟直路,1
9485,行熟直路荒,1
9486,熟直路荒東,1
9487,直路荒東西,1
9488,路荒東西豈,1
9489,荒東西豈是,1
9490,東西豈是橫,1
9491,西豈是橫太,1
9492,豈是橫太行,1
9493,是橫太行南,1
9494,橫太行南樓,1
9495,太行南樓彈,1
9496,行南樓彈弦,1
9497,南樓彈弦北,1
9498,樓彈弦北戶,1
9499,彈弦北戶舞,1
9500,弦北戶舞行,1
9501,北戶舞行人,1
9502,戶舞行人到,1
9503,舞行人到此,1
9504,行人到此多,1
9505,人到此多回,1
9506,到此多回徨,1
9507,此多回徨頭,1
9508,多回徨頭白,1
9509,回徨頭白如,1
9510,徨頭白如絲,1
9511,頭白如絲面,1
9512,白如絲面如,1
9513,如絲面如繭,1
9514,絲面如繭亦,1
9515,面如繭亦學,1
9516,如繭亦學少,1
9517,繭亦學少年,1
9518,亦學少年行,1
9519,學少年行不,1
9520,少年行不返,1
9521,年行不返縱,1
9522,行不返縱令,1
9523,不返縱令自,1
9524,返縱令自解,1
9525,縱令自解思,1
9526,令自解思故,1
9527,自解思故鄉,1
9528,解思故鄉輪,1
9529,思故鄉輪折,1
9530,故鄉輪折蹄,1
9531,鄉輪折蹄穿,1
9532,輪折蹄穿白,1
9533,折蹄穿白日,1
9534,蹄穿白日晚,1
9535,穿白日晚誰,1
9536,白日晚誰將,1
9537,日晚誰將古,1
9538,晚誰將古曲,1
9539,誰將古曲換,1
9540,將古曲換斜,1
9541,古曲換斜音,1
9542,曲換斜音回,1
9543,換斜音回取,1
9544,斜音回取行,1
9545,音回取行人,1
9546,回取行人斜,1
9547,取行人斜路,1
9548,行人斜路心,1
9549,人斜路心大,1
9550,斜路心大女,1
9551,路心大女身,1
9552,心大女身為,1
9553,大女身為織,1
9554,女身為織錦,1
9555,身為織錦戶,1
9556,為織錦戶名,1
9557,織錦戶名在,1
9558,錦戶名在縣,1
9559,戶名在縣家,1
9560,名在縣家供,1
9561,在縣家供進,1
9562,縣家供進簿,1
9563,家供進簿長,1
9564,供進簿長頭,1
9565,進簿長頭起,1
9566,簿長頭起樣,1
9567,長頭起樣呈,1
9568,頭起樣呈作,1
9569,起樣呈作官,1
9570,樣呈作官聞,1
9571,呈作官聞道,1
9572,作官聞道官,1
9573,官聞道官家,1
9574,聞道官家中,1
9575,道官家中苦,1
9576,官家中苦難,1
9577,家中苦難回,1
9578,中苦難回花,1
9579,苦難回花側,1
9580,難回花側葉,1
9581,回花側葉與,1
9582,花側葉與人,1
9583,側葉與人別,1
9584,葉與人別唯,1
9585,與人別唯恐,1
9586,人別唯恐秋,1
9587,別唯恐秋天,1
9588,唯恐秋天絲,1
9589,恐秋天絲線,1
9590,秋天絲線幹,1
9591,天絲線幹紅,1
9592,絲線幹紅縷,1
9593,線幹紅縷葳,1
9594,幹紅縷葳蕤,1
9595,紅縷葳蕤紫,1
9596,縷葳蕤紫茸,1
9597,葳蕤紫茸軟,1
9598,蕤紫茸軟蝶,1
9599,紫茸軟蝶飛,1
9600,茸軟蝶飛參,1
9601,軟蝶飛參差,1
9602,蝶飛參差花,1
9603,飛參差花宛,1
9604,參差花宛轉,1
9605,差花宛轉一,1
9606,花宛轉一梭,1
9607,宛轉一梭聲,1
9608,轉一梭聲盡,1
9609,一梭聲盡重,1
9610,梭聲盡重一,1
9611,聲盡重一梭,1
9612,盡重一梭玉,1
9613,重一梭玉腕,1
9614,一梭玉腕不,1
9615,梭玉腕不停,1
9616,玉腕不停羅,1
9617,腕不停羅袖,1
9618,不停羅袖卷,1
9619,停羅袖卷窗,1
9620,羅袖卷窗中,1
9621,袖卷窗中夜,1
9622,卷窗中夜久,1
9623,窗中夜久睡,1
9624,中夜久睡髻,1
9625,夜久睡髻偏,1
9626,久睡髻偏橫,1
9627,睡髻偏橫釵,1
9628,髻偏橫釵欲,1
9629,偏橫釵欲墮,1
9630,橫釵欲墮垂,1
9631,釵欲墮垂著,1
9632,欲墮垂著肩,1
9633,墮垂著肩合,1
9634,垂著肩合衣,1
9635,著肩合衣臥,1
9636,肩合衣臥時,1
9637,合衣臥時參,1
9638,衣臥時參沒,1
9639,臥時參沒後,1
9640,時參沒後停,1
9641,參沒後停燈,1
9642,沒後停燈起,1
9643,後停燈起在,1
9644,停燈起在雞,1
9645,燈起在雞鳴,1
9646,起在雞鳴前,1
9647,在雞鳴前一,1
9648,雞鳴前一匹,1
9649,鳴前一匹千,1
9650,前一匹千金,1
9651,一匹千金亦,1
9652,匹千金亦不,1
9653,千金亦不賣,1
9654,金亦不賣限,1
9655,亦不賣限日,1
9656,不賣限日未,1
9657,賣限日未成,1
9658,限日未成宮,1
9659,日未成宮裏,1
9660,未成宮裏怪,1
9661,成宮裏怪錦,1
9662,宮裏怪錦江,1
9663,裏怪錦江水,1
9664,怪錦江水涸,1
9665,錦江水涸貢,1
9666,江水涸貢轉,1
9667,水涸貢轉多,1
9668,涸貢轉多宮,1
9669,貢轉多宮中,1
9670,轉多宮中盡,1
9671,多宮中盡著,1
9672,宮中盡著單,1
9673,中盡著單絲,1
9674,盡著單絲羅,1
9675,著單絲羅莫,1
9676,單絲羅莫言,1
9677,絲羅莫言山,1
9678,羅莫言山積,1
9679,莫言山積無,1
9680,言山積無盡,1
9681,山積無盡日,1
9682,積無盡日百,1
9683,無盡日百尺,1
9684,盡日百尺高,1
9685,日百尺高樓,1
9686,百尺高樓一,1
9687,尺高樓一曲,1
9688,高樓一曲歌,1
9689,樓一曲歌月,1
9690,一曲歌月明,1
9691,曲歌月明中,1
9692,歌月明中庭,1
9693,月明中庭擣,1
9694,明中庭擣衣,1
9695,中庭擣衣石,1
9696,庭擣衣石掩,1
9697,擣衣石掩帷,1
9698,衣石掩帷下,1
9699,石掩帷下堂,1
9700,掩帷下堂來,1
9701,帷下堂來搗,1
9702,下堂來搗帛,1
9703,堂來搗帛婦,1
9704,來搗帛婦姑,1
9705,搗帛婦姑相,1
9706,帛婦姑相對,1
9707,婦姑相對神,1
9708,姑相對神力,1
9709,相對神力生,1
9710,對神力生雙,1
9711,神力生雙揎,1
9712,力生雙揎白,1
9713,生雙揎白腕,1
9714,雙揎白腕調,1
9715,揎白腕調杵,1
9716,白腕調杵聲,1
9717,腕調杵聲高,1
9718,調杵聲高樓,1
9719,杵聲高樓敲,1
9720,聲高樓敲玉,1
9721,高樓敲玉節,1
9722,樓敲玉節會,1
9723,敲玉節會成,1
9724,玉節會成家,1
9725,節會成家家,1
9726,會成家家不,1
9727,成家家不睡,1
9728,家家不睡皆,1
9729,家不睡皆起,1
9730,不睡皆起聽,1
9731,睡皆起聽秋,1
9732,皆起聽秋天,1
9733,起聽秋天丁,1
9734,聽秋天丁丁,1
9735,秋天丁丁複,1
9736,天丁丁複凍,1
9737,丁丁複凍凍,1
9738,丁複凍凍玉,1
9739,複凍凍玉釵,1
9740,凍凍玉釵低,1
9741,凍玉釵低昂,1
9742,玉釵低昂衣,1
9743,釵低昂衣帶,1
9744,低昂衣帶動,1
9745,昂衣帶動夜,1
9746,衣帶動夜深,1
9747,帶動夜深月,1
9748,動夜深月落,1
9749,夜深月落冷,1
9750,深月落冷如,1
9751,月落冷如刀,1
9752,落冷如刀濕,1
9753,冷如刀濕著,1
9754,如刀濕著一,1
9755,刀濕著一雙,1
9756,濕著一雙纖,1
9757,著一雙纖手,1
9758,一雙纖手痛,1
9759,雙纖手痛回,1
9760,纖手痛回編,1
9761,手痛回編易,1
9762,痛回編易裂,1
9763,回編易裂看,1
9764,編易裂看生,1
9765,易裂看生熟,1
9766,裂看生熟鴛,1
9767,看生熟鴛鴦,1
9768,生熟鴛鴦紋,1
9769,熟鴛鴦紋成,1
9770,鴛鴦紋成水,1
9771,鴦紋成水波,1
9772,紋成水波曲,1
9773,成水波曲重,1
9774,水波曲重燒,1
9775,波曲重燒熨,1
9776,曲重燒熨斗,1
9777,重燒熨斗帖,1
9778,燒熨斗帖兩,1
9779,熨斗帖兩頭,1
9780,斗帖兩頭與,1
9781,帖兩頭與郎,1
9782,兩頭與郎裁,1
9783,頭與郎裁作,1
9784,與郎裁作迎,1
9785,郎裁作迎寒,1
9786,裁作迎寒裘,1
9787,作迎寒裘天,1
9788,迎寒裘天清,1
9789,寒裘天清漏,1
9790,裘天清漏長,1
9791,天清漏長霜,1
9792,清漏長霜泊,1
9793,漏長霜泊泊,1
9794,長霜泊泊蘭,1
9795,霜泊泊蘭綠,1
9796,泊泊蘭綠收,1
9797,泊蘭綠收榮,1
9798,蘭綠收榮桂,1
9799,綠收榮桂膏,1
9800,收榮桂膏涸,1
9801,榮桂膏涸高,1
9802,桂膏涸高樓,1
9803,膏涸高樓雲,1
9804,涸高樓雲鬟,1
9805,高樓雲鬟弄,1
9806,樓雲鬟弄嬋,1
9807,雲鬟弄嬋娟,1
9808,鬟弄嬋娟古,1
9809,弄嬋娟古瑟,1
9810,嬋娟古瑟暗,1
9811,娟古瑟暗斷,1
9812,古瑟暗斷秋,1
9813,瑟暗斷秋風,1
9814,暗斷秋風弦,1
9815,斷秋風弦玉,1
9816,秋風弦玉關,1
9817,風弦玉關遙,1
9818,弦玉關遙隔,1
9819,玉關遙隔萬,1
9820,關遙隔萬里,1
9821,遙隔萬里道,1
9822,隔萬里道金,1
9823,萬里道金刀,1
9824,里道金刀不,1
9825,道金刀不剪,1
9826,金刀不剪雙,1
9827,刀不剪雙淚,1
9828,不剪雙淚泉,1
9829,剪雙淚泉香,1
9830,雙淚泉香囊,1
9831,淚泉香囊火,1
9832,泉香囊火死,1
9833,香囊火死香,1
9834,囊火死香氣,1
9835,火死香氣少,1
9836,死香氣少向,1
9837,香氣少向帷,1
9838,氣少向帷合,1
9839,少向帷合眼,1
9840,向帷合眼何,1
9841,帷合眼何時,1
9842,合眼何時曉,1
9843,眼何時曉城,1
9844,何時曉城烏,1
9845,時曉城烏作,1
9846,曉城烏作營,1
9847,城烏作營啼,1
9848,烏作營啼野,1
9849,作營啼野月,1
9850,營啼野月秦,1
9851,啼野月秦州,1
9852,野月秦州少,1
9853,月秦州少婦,1
9854,秦州少婦生,1
9855,州少婦生離,1
9856,少婦生離別,1
9857,婦生離別秋,1
9858,生離別秋燈,1
9859,離別秋燈向,1
9860,別秋燈向壁,1
9861,斗兩相當隱,1
9862,兩相當隱靜,1
9863,相當隱靜靈,1
9864,當隱靜靈仙,1
9865,隱靜靈仙寺,1
9866,靜靈仙寺天,1
9867,靈仙寺天鑿,1
9868,仙寺天鑿杯,1
9869,寺天鑿杯度,1
9870,天鑿杯度飛,1
9871,鑿杯度飛來,1
9872,杯度飛來建,1
9873,度飛來建岩,1
9874,飛來建岩壑,1
9875,來建岩壑五,1
9876,建岩壑五峰,1
9877,岩壑五峰直,1
9878,壑五峰直上,1
9879,五峰直上插,1
9880,峰直上插銀,1
9881,直上插銀河,1
9882,上插銀河一,1
9883,插銀河一澗,1
9884,銀河一澗當,1
9885,河一澗當空,1
9886,一澗當空瀉,1
9887,澗當空瀉寥,1
9888,當空瀉寥廓,1
9889,空瀉寥廓崆,1
9890,瀉寥廓崆峒,1
9891,寥廓崆峒黯,1
9892,廓崆峒黯淡,1
9893,崆峒黯淡碧,1
9894,峒黯淡碧琉,1
9895,黯淡碧琉璃,1
9896,淡碧琉璃白,1
9897,碧琉璃白雲,1
9898,琉璃白雲吞,1
9899,璃白雲吞吐,1
9900,白雲吞吐紅,1
9901,雲吞吐紅蓮,1
9902,吞吐紅蓮閣,1
9903,吐紅蓮閣不,1
9904,紅蓮閣不知,1
9905,蓮閣不知勢,1
9906,閣不知勢壓,1
9907,不知勢壓天,1
9908,知勢壓天幾,1
9909,勢壓天幾重,1
9910,壓天幾重鐘,1
9911,天幾重鐘聲,1
9912,幾重鐘聲常,1
9913,重鐘聲常聞,1
9914,鐘聲常聞月,1
9915,聲常聞月中,1
9916,常聞月中落,1
9917,聞月中落百,1
9918,月中落百戰,1
9919,中落百戰一,1
9920,落百戰一身,1
9921,百戰一身在,1
9922,戰一身在相,1
9923,一身在相逢,1
9924,身在相逢白,1
9925,在相逢白髮,1
9926,相逢白髮生,1
9927,逢白髮生何,1
9928,白髮生何時,1
9929,髮生何時得,1
9930,生何時得鄉,1
9931,何時得鄉信,1
9932,時得鄉信每,1
9933,得鄉信每日,1
9934,鄉信每日算,1
9935,信每日算歸,1
9936,每日算歸程,1
9937,日算歸程走,1
9938,算歸程走馬,1
9939,歸程走馬登,1
9940,程走馬登寒,1
9941,走馬登寒壟,1
9942,馬登寒壟驅,1
9943,登寒壟驅羊,1
9944,寒壟驅羊入,1
9945,壟驅羊入廢,1
9946,驅羊入廢城,1
9947,羊入廢城羌,1
9948,入廢城羌笳,1
9949,廢城羌笳三,1
9950,城羌笳三兩,1
9951,羌笳三兩曲,1
9952,笳三兩曲人,1
9953,三兩曲人醉,1
9954,兩曲人醉海,1
9955,曲人醉海西,1
9956,人醉海西營,1
9957,醉海西營天,1
9958,海西營天南,1
9959,西營天南多,1
9960,營天南多鳥,1
9961,天南多鳥聲,1
9962,南多鳥聲州,1
9963,多鳥聲州縣,1
9964,鳥聲州縣半,1
9965,聲州縣半無,1
9966,州縣半無城,1
9967,縣半無城野,1
9968,半無城野市,1
9969,無城野市依,1
9970,城野市依蠻,1
9971,野市依蠻姓,1
9972,市依蠻姓山,1
9973,依蠻姓山村,1
9974,蠻姓山村逐,1
9975,姓山村逐水,1
9976,山村逐水名,1
9977,村逐水名瘴,1
9978,逐水名瘴煙,1
9979,水名瘴煙沙,1
9980,名瘴煙沙上,1
9981,瘴煙沙上起,1
9982,煙沙上起陰,1
9983,沙上起陰火,1
9984,上起陰火雨,1
9985,起陰火雨中,1
9986,陰火雨中生,1
9987,火雨中生獨,1
9988,雨中生獨有,1
9989,中生獨有求,1
9990,生獨有求珠,1
9991,獨有求珠客,1
9992,有求珠客年,1
9993,求珠客年年,1
9994,珠客年年入,1
9995,客年年入海,1
9996,年年入海行,1
9997,年入海行晚,1
9998,入海行晚泊,1
9999,海行晚泊水,1
10000,行晚泊水邊,1
10001,晚泊水邊驛,1
10002,泊水邊驛柳,1
10003,水邊驛柳塘,1
10004,邊驛柳塘初,1
10005,驛柳塘初起,1
10006,柳塘初起風,1
10007,塘初起風蛙,1
10008,初起風蛙鳴,1
10009,起風蛙鳴蒲,1
10010,風蛙鳴蒲葉,1
10011,蛙鳴蒲葉下,1
10012,鳴蒲葉下魚,1
10013,蒲葉下魚入,1
10014,葉下魚入稻,1
10015,下魚入稻花,1
10016,魚入稻花中,1
10017,入稻花中去,1
10018,稻花中去舍,1
10019,花中去舍已,1
10020,中去舍已雲,1
10021,去舍已雲遠,1
10022,舍已雲遠問,1
10023,已雲遠問程,1
10024,雲遠問程猶,1
10025,遠問程猶向,1
10026,問程猶向東,1
10027,程猶向東近,1
10028,猶向東近來,1
10029,向東近來多,1
10030,東近來多怨,1
10031,近來多怨別,1
10032,來多怨別不,1
10033,多怨別不與,1
10034,怨別不與少,1
10035,別不與少年,1
10036,不與少年同,1
10037,與少年同戀,1
10038,少年同戀戀,1
10039,年同戀戀春,1
10040,同戀戀春恨,1
10041,戀戀春恨結,1
10042,戀春恨結綿,1
10043,春恨結綿綿,1
10044,恨結綿綿淮,1
10045,結綿綿淮草,1
10046,綿綿淮草深,1
10047,綿淮草深病,1
10048,淮草深病身,1
10049,草深病身愁,1
10050,深病身愁至,1
10051,病身愁至夜,1
10052,身愁至夜遠,1
10053,愁至夜遠道,1
10054,至夜遠道畏,1
10055,夜遠道畏逢,1
10056,遠道畏逢陰,1
10057,道畏逢陰忽,1
10058,畏逢陰忽逐,1
10059,逢陰忽逐酒,1
10060,陰忽逐酒杯,1
10061,忽逐酒杯會,1
10062,逐酒杯會暫,1
10063,酒杯會暫同,1
10064,杯會暫同風,1
10065,會暫同風景,1
10066,暫同風景心,1
10067,同風景心從,1
10068,風景心從今,1
10069,景心從今一,1
10070,心從今一分,1
10071,從今一分散,1
10072,今一分散還,1
10073,一分散還是,1
10074,分散還是曉,1
10075,散還是曉枝,1
10076,還是曉枝禽,1
10077,是曉枝禽千,1
10078,曉枝禽千里,1
10079,枝禽千里河,1
10080,禽千里河煙,1
10081,千里河煙直,1
10082,里河煙直青,1
10083,河煙直青槐,1
10084,煙直青槐夾,1
10085,直青槐夾岸,1
10086,青槐夾岸長,1
10087,槐夾岸長天,1
10088,夾岸長天涯,1
10089,岸長天涯同,1
10090,長天涯同此,1
10091,天涯同此路,1
10092,涯同此路人,1
10093,同此路人語,1
10094,此路人語各,1
10095,路人語各殊,1
10096,人語各殊方,1
10097,語各殊方草,1
10098,各殊方草市,1
10099,殊方草市迎,1
10100,方草市迎江,1
10101,草市迎江貨,1
10102,市迎江貨津,1
10103,迎江貨津橋,1
10104,江貨津橋稅,1
10105,貨津橋稅海,1
10106,津橋稅海商,1
10107,橋稅海商回,1
10108,稅海商回看,1
10109,海商回看故,1
10110,商回看故宮,1
10111,回看故宮柳,1
10112,看故宮柳憔,1
10113,故宮柳憔悴,1
10114,宮柳憔悴不,1
10115,柳憔悴不成,1
10116,憔悴不成行,1
10117,悴不成行屋,1
10118,不成行屋在,1
10119,成行屋在瀑,1
10120,行屋在瀑泉,1
10121,屋在瀑泉西,1
10122,在瀑泉西茅,1
10123,瀑泉西茅簷,1
10124,泉西茅簷下,1
10125,西茅簷下有,1
10126,茅簷下有溪,1
10127,簷下有溪閉,1
10128,下有溪閉門,1
10129,有溪閉門留,1
10130,溪閉門留野,1
10131,閉門留野鹿,1
10132,門留野鹿分,1
10133,留野鹿分食,1
10134,野鹿分食養,1
10135,鹿分食養山,1
10136,分食養山雞,1
10137,食養山雞桂,1
10138,養山雞桂熟,1
10139,山雞桂熟長,1
10140,雞桂熟長收,1
10141,桂熟長收子,1
10142,熟長收子蘭,1
10143,長收子蘭生,1
10144,收子蘭生不,1
10145,子蘭生不作,1
10146,蘭生不作畦,1
10147,生不作畦初,1
10148,不作畦初開,1
10149,作畦初開洞,1
10150,畦初開洞中,1
10151,初開洞中路,1
10152,開洞中路深,1
10153,洞中路深處,1
10154,中路深處轉,1
10155,路深處轉松,1
10156,深處轉松梯,1
10157,處轉松梯花,1
10158,轉松梯花開,1
10159,松梯花開草,1
10160,梯花開草複,1
10161,花開草複秋,1
10162,開草複秋雲,1
10163,草複秋雲水,1
10164,複秋雲水自,1
10165,秋雲水自悠,1
10166,雲水自悠悠,1
10167,水自悠悠因,1
10168,自悠悠因醉,1
10169,悠悠因醉暫,1
10170,悠因醉暫無,1
10171,因醉暫無事,1
10172,醉暫無事在,1
10173,暫無事在山,1
10174,無事在山難,1
10175,事在山難免,1
10176,在山難免愁,1
10177,山難免愁遇,1
10178,難免愁遇晴,1
10179,免愁遇晴須,1
10180,愁遇晴須看,1
10181,遇晴須看月,1
10182,晴須看月鬥,1
10183,須看月鬥健,1
10184,看月鬥健且,1
10185,月鬥健且登,1
10186,鬥健且登樓,1
10187,健且登樓暗,1
10188,且登樓暗想,1
10189,登樓暗想山,1
10190,樓暗想山中,1
10191,暗想山中伴,1
10192,想山中伴如,1
10193,山中伴如今,1
10194,中伴如今盡,1
10195,伴如今盡白,1
10196,如今盡白頭,1
10197,今盡白頭見,1
10198,盡白頭見說,1
10199,白頭見說長,1
10200,頭見說長沙,1
10201,見說長沙去,1
10202,說長沙去無,1
10203,長沙去無親,1
10204,沙去無親亦,1
10205,去無親亦共,1
10206,無親亦共愁,1
10207,親亦共愁陰,1
10208,亦共愁陰雲,1
10209,共愁陰雲鬼,1
10210,愁陰雲鬼門,1
10211,陰雲鬼門夜,1
10212,雲鬼門夜寒,1
10213,鬼門夜寒雨,1
10214,門夜寒雨瘴,1
10215,夜寒雨瘴江,1
10216,寒雨瘴江秋,1
10217,雨瘴江秋水,1
10218,瘴江秋水國,1
10219,江秋水國山,1
10220,秋水國山魈,1
10221,水國山魈引,1
10222,國山魈引蠻,1
10223,山魈引蠻鄉,1
10224,魈引蠻鄉洞,1
10225,引蠻鄉洞主,1
10226,蠻鄉洞主留,1
10227,鄉洞主留漸,1
10228,洞主留漸看,1
10229,主留漸看歸,1
10230,留漸看歸處,1
10231,漸看歸處遠,1
10232,看歸處遠垂,1
10233,歸處遠垂白,1
10234,處遠垂白住,1
10235,遠垂白住炎,1
10236,垂白住炎州,1
10237,白住炎州眼,1
10238,住炎州眼底,1
10239,炎州眼底貧,1
10240,州眼底貧家,1
10241,眼底貧家計,1
10242,底貧家計多,1
10243,貧家計多時,1
10244,家計多時總,1
10245,計多時總莫,1
10246,多時總莫嫌,1
10247,時總莫嫌蠹,1
10248,總莫嫌蠹生,1
10249,莫嫌蠹生騰,1
10250,嫌蠹生騰藥,1
10251,蠹生騰藥紙,1
10252,生騰藥紙字,1
10253,騰藥紙字暗,1
10254,藥紙字暗換,1
10255,紙字暗換書,1
10256,字暗換書簽,1
10257,暗換書簽避,1
10258,換書簽避雨,1
10259,書簽避雨拾,1
10260,簽避雨拾黃,1
10261,避雨拾黃葉,1
10262,雨拾黃葉遮,1
10263,拾黃葉遮風,1
10264,黃葉遮風下,1
10265,葉遮風下黑,1
10266,遮風下黑簾,1
10267,風下黑簾近,1
10268,下黑簾近來,1
10269,黑簾近來身,1
10270,簾近來身不,1
10271,近來身不健,1
10272,來身不健時,1
10273,身不健時就,1
10274,不健時就六,1
10275,健時就六壬,1
10276,時就六壬占,1
10277,就六壬占休,1
10278,六壬占休師,1
10279,壬占休師竹,1
10280,占休師竹林,1
10281,休師竹林北,1
10282,師竹林北空,1
10283,竹林北空可,1
10284,林北空可兩,1
10285,北空可兩三,1
10286,空可兩三間,1
10287,可兩三間雖,1
10288,兩三間雖愛,1
10289,三間雖愛獨,1
10290,間雖愛獨居,1
10291,雖愛獨居好,1
10292,愛獨居好終,1
10293,獨居好終來,1
10294,居好終來相,1
10295,好終來相伴,1
10296,終來相伴閑,1
10297,來相伴閑猶,1
10298,相伴閑猶嫌,1
10299,伴閑猶嫌近,1
10300,閑猶嫌近前,1
10301,猶嫌近前樹,1
10302,嫌近前樹為,1
10303,近前樹為礙,1
10304,前樹為礙看,1
10305,樹為礙看南,1
10306,為礙看南山,1
10307,礙看南山的,1
10308,看南山的有,1
10309,南山的有深,1
10310,山的有深耕,1
10311,的有深耕處,1
10312,有深耕處春,1
10313,深耕處春初,1
10314,耕處春初須,1
10315,處春初須早,1
10316,春初須早還,1
10317,初須早還故,1
10318,須早還故欲,1
10319,早還故欲遮,1
10320,還故欲遮春,1
10321,故欲遮春巷,1
10322,欲遮春巷還,1
10323,遮春巷還來,1
10324,春巷還來繞,1
10325,巷還來繞暮,1
10326,還來繞暮天,1
10327,來繞暮天老,1
10328,繞暮天老夫,1
10329,暮天老夫行,1
10330,天老夫行步,1
10331,老夫行步弱,1
10332,夫行步弱免,1
10333,行步弱免到,1
10334,步弱免到寺,1
10335,弱免到寺門,1
10336,免到寺門前,1
10337,到寺門前路,1
10338,寺門前路盡,1
10339,門前路盡煙,1
10340,前路盡煙水,1
10341,路盡煙水外,1
10342,盡煙水外院,1
10343,煙水外院門,1
10344,水外院門題,1
10345,外院門題上,1
10346,院門題上清,1
10347,門題上清鶴,1
10348,題上清鶴雛,1
10349,上清鶴雛靈,1
10350,清鶴雛靈解,1
10351,鶴雛靈解語,1
10352,雛靈解語瓊,1
10353,靈解語瓊葉,1
10354,解語瓊葉軟,1
10355,語瓊葉軟無,1
10356,瓊葉軟無聲,1
10357,葉軟無聲白,1
10358,軟無聲白髮,1
10359,無聲白髮道,1
10360,聲白髮道心,1
10361,白髮道心熟,1
10362,髮道心熟黃,1
10363,道心熟黃衣,1
10364,心熟黃衣仙,1
10365,熟黃衣仙骨,1
10366,黃衣仙骨輕,1
10367,衣仙骨輕寂,1
10368,仙骨輕寂寥,1
10369,骨輕寂寥虛,1
10370,輕寂寥虛境,1
10371,寂寥虛境裏,1
10372,寥虛境裏何,1
10373,虛境裏何處,1
10374,境裏何處覓,1
10375,裏何處覓長,1
10376,何處覓長生,1
10377,處覓長生別,1
10378,覓長生別屋,1
10379,長生別屋炊,1
10380,生別屋炊香,1
10381,別屋炊香飯,1
10382,屋炊香飯熏,1
10383,炊香飯熏辛,1
10384,香飯熏辛不,1
10385,飯熏辛不入,1
10386,熏辛不入家,1
10387,辛不入家溫,1
10388,不入家溫泉,1
10389,入家溫泉調,1
10390,家溫泉調葛,1
10391,溫泉調葛面,1
10392,泉調葛面淨,1
10393,調葛面淨手,1
10394,葛面淨手摘,1
10395,面淨手摘藤,1
10396,淨手摘藤花,1
10397,手摘藤花蒲,1
10398,摘藤花蒲鮓,1
10399,藤花蒲鮓除,1
10400,花蒲鮓除青,1
10401,蒲鮓除青葉,1
10402,鮓除青葉芹,1
10403,除青葉芹齏,1
10404,青葉芹齏帶,1
10405,葉芹齏帶紫,1
10406,芹齏帶紫芽,1
10407,齏帶紫芽願,1
10408,帶紫芽願師,1
10409,紫芽願師常,1
10410,芽願師常伴,1
10411,願師常伴食,1
10412,師常伴食消,1
10413,常伴食消氣,1
10414,伴食消氣有,1
10415,食消氣有薑,1
10416,消氣有薑茶,1
10417,氣有薑茶忽,1
10418,有薑茶忽自,1
10419,薑茶忽自見,1
10420,茶忽自見憔,1
10421,忽自見憔悴,1
10422,自見憔悴壯,1
10423,見憔悴壯年,1
10424,憔悴壯年人,1
10425,悴壯年人亦,1
10426,壯年人亦疑,1
10427,年人亦疑發,1
10428,人亦疑發緣,1
10429,亦疑發緣多,1
10430,疑發緣多病,1
10431,發緣多病落,1
10432,緣多病落力,1
10433,多病落力為,1
10434,病落力為不,1
10435,落力為不行,1
10436,力為不行衰,1
10437,為不行衰暖,1
10438,不行衰暖手,1
10439,行衰暖手揉,1
10440,衰暖手揉雙,1
10441,暖手揉雙目,1
10442,手揉雙目看,1
10443,揉雙目看圖,1
10444,雙目看圖引,1
10445,目看圖引四,1
10446,看圖引四肢,1
10447,圖引四肢老,1
10448,引四肢老來,1
10449,四肢老來真,1
10450,肢老來真愛,1
10451,老來真愛道,1
10452,來真愛道所,1
10453,真愛道所恨,1
10454,愛道所恨覺,1
10455,道所恨覺還,1
10456,所恨覺還遲,1
10457,恨覺還遲喜,1
10458,覺還遲喜得,1
10459,還遲喜得近,1
10460,遲喜得近京,1
10461,喜得近京城,1
10462,得近京城官,1
10463,近京城官卑,1
10464,京城官卑意,1
10465,城官卑意亦,1
10466,官卑意亦榮,1
10467,卑意亦榮並,1
10468,意亦榮並床,1
10469,亦榮並床歡,1
10470,榮並床歡未,1
10471,並床歡未定,1
10472,床歡未定離,1
10473,歡未定離室,1
10474,未定離室思,1
10475,定離室思還,1
10476,離室思還生,1
10477,室思還生計,1
10478,思還生計拙,1
10479,還生計拙偷,1
10480,生計拙偷閒,1
10481,計拙偷閒住,1
10482,拙偷閒住經,1
10483,偷閒住經過,1
10484,閒住經過買,1
10485,住經過買日,1
10486,經過買日行,1
10487,過買日行如,1
10488,買日行如無,1
10489,日行如無自,1
10490,行如無自來,1
10491,如無自來分,1
10492,無自來分一,1
10493,自來分一驛,1
10494,來分一驛是,1
10495,分一驛是遙,1
10496,一驛是遙程,1
10497,驛是遙程一,1
10498,是遙程一學,1
10499,遙程一學芙,1
10500,程一學芙蓉,1
10501,一學芙蓉葉,1
10502,學芙蓉葉初,1
10503,芙蓉葉初開,1
10504,蓉葉初開映,1
10505,葉初開映水,1
10506,初開映水幽,1
10507,開映水幽雖,1
10508,映水幽雖經,1
10509,水幽雖經小,1
10510,幽雖經小兒,1
10511,雖經小兒手,1
10512,經小兒手不,1
10513,小兒手不稱,1
10514,兒手不稱老,1
10515,手不稱老夫,1
10516,不稱老夫頭,1
10517,稱老夫頭枕,1
10518,老夫頭枕上,1
10519,夫頭枕上眠,1
10520,頭枕上眠常,1
10521,枕上眠常戴,1
10522,上眠常戴風,1
10523,眠常戴風前,1
10524,常戴風前醉,1
10525,戴風前醉恐,1
10526,風前醉恐柔,1
10527,前醉恐柔明,1
10528,醉恐柔明年,1
10529,恐柔明年有,1
10530,柔明年有閨,1
10531,明年有閨閣,1
10532,年有閨閣此,1
10533,有閨閣此樣,1
10534,閨閣此樣必,1
10535,閣此樣必難,1
10536,此樣必難求,1
10537,樣必難求騎,1
10538,必難求騎馬,1
10539,難求騎馬傍,1
10540,求騎馬傍閑,1
10541,騎馬傍閑坊,1
10542,馬傍閑坊新,1
10543,傍閑坊新衣,1
10544,閑坊新衣著,1
10545,坊新衣著雨,1
10546,新衣著雨香,1
10547,衣著雨香桃,1
10548,著雨香桃花,1
10549,雨香桃花紅,1
10550,香桃花紅粉,1
10551,桃花紅粉醉,1
10552,花紅粉醉柳,1
10553,紅粉醉柳樹,1
10554,粉醉柳樹白,1
10555,醉柳樹白雲,1
10556,柳樹白雲狂,1
10557,樹白雲狂不,1
10558,白雲狂不覺,1
10559,雲狂不覺愁,1
10560,狂不覺愁春,1
10561,不覺愁春去,1
10562,覺愁春去何,1
10563,愁春去何曾,1
10564,春去何曾得,1
10565,去何曾得日,1
10566,何曾得日長,1
10567,曾得日長牡,1
10568,得日長牡丹,1
10569,日長牡丹相,1
10570,長牡丹相次,1
10571,牡丹相次發,1
10572,丹相次發城,1
10573,相次發城裏,1
10574,次發城裏又,1
10575,發城裏又須,1
10576,城裏又須忙,1
10577,裏又須忙晚,1
10578,又須忙晚年,1
10579,須忙晚年恩,1
10580,忙晚年恩愛,1
10581,晚年恩愛少,1
10582,年恩愛少耳,1
10583,恩愛少耳目,1
10584,愛少耳目靜,1
10585,少耳目靜於,1
10586,耳目靜於僧,1
10587,目靜於僧竟,1
10588,靜於僧竟夜,1
10589,於僧竟夜不,1
10590,僧竟夜不聞,1
10591,竟夜不聞語,1
10592,夜不聞語空,1
10593,不聞語空房,1
10594,聞語空房唯,1
10595,語空房唯有,1
10596,空房唯有燈,1
10597,房唯有燈氣,1
10598,唯有燈氣噓,1
10599,有燈氣噓寒,1
10600,燈氣噓寒被,1
10601,氣噓寒被濕,1
10602,噓寒被濕霜,1
10603,寒被濕霜入,1
10604,被濕霜入破,1
10605,濕霜入破窗,1
10606,霜入破窗凝,1
10607,入破窗凝斷,1
10608,破窗凝斷得,1
10609,窗凝斷得人,1
10610,凝斷得人間,1
10611,斷得人間事,1
10612,得人間事長,1
10613,人間事長如,1
10614,間事長如此,1
10615,事長如此亦,1
10616,長如此亦能,1
10617,如此亦能白,1
10618,此亦能白髮,1
10619,亦能白髮初,1
10620,能白髮初為,1
10621,白髮初為吏,1
10622,髮初為吏有,1
10623,初為吏有慚,1
10624,為吏有慚年,1
10625,吏有慚年少,1
10626,有慚年少郎,1
10627,慚年少郎自,1
10628,年少郎自知,1
10629,少郎自知身,1
10630,郎自知身上,1
10631,自知身上拙,1
10632,知身上拙不,1
10633,身上拙不稱,1
10634,上拙不稱世,1
10635,拙不稱世間,1
10636,不稱世間忙,1
10637,稱世間忙秋,1
10638,世間忙秋雨,1
10639,間忙秋雨懸,1
10640,忙秋雨懸牆,1
10641,秋雨懸牆綠,1
10642,雨懸牆綠暮,1
10643,懸牆綠暮山,1
10644,牆綠暮山宮,1
10645,綠暮山宮樹,1
10646,暮山宮樹黃,1
10647,山宮樹黃同,1
10648,宮樹黃同官,1
10649,樹黃同官若,1
10650,黃同官若容,1
10651,同官若容許,1
10652,官若容許長,1
10653,若容許長借,1
10654,容許長借老,1
10655,許長借老僧,1
10656,長借老僧房,1
10657,借老僧房宮,1
10658,老僧房宮殿,1
10659,僧房宮殿半,1
10660,房宮殿半山,1
10661,宮殿半山上,1
10662,殿半山上人,1
10663,半山上人家,1
10664,山上人家高,1
10665,上人家高下,1
10666,人家高下居,1
10667,家高下居古,1
10668,高下居古廳,1
10669,下居古廳眠,1
10670,居古廳眠受,1
10671,古廳眠受魘,1
10672,廳眠受魘老,1
10673,眠受魘老吏,1
10674,受魘老吏語,1
10675,魘老吏語多,1
10676,老吏語多虛,1
10677,吏語多虛雨,1
10678,語多虛雨水,1
10679,多虛雨水洗,1
10680,虛雨水洗荒,1
10681,雨水洗荒竹,1
10682,水洗荒竹溪,1
10683,洗荒竹溪沙,1
10684,荒竹溪沙填,1
10685,竹溪沙填廢,1
10686,溪沙填廢渠,1
10687,沙填廢渠聖,1
10688,填廢渠聖朝,1
10689,廢渠聖朝收,1
10690,渠聖朝收外,1
10691,聖朝收外府,1
10692,朝收外府皆,1
10693,收外府皆自,1
10694,外府皆自九,1
10695,府皆自九天,1
10696,皆自九天除,1
10697,自九天除老,1
10698,九天除老病,1
10699,天除老病貪,1
10700,除老病貪光,1
10701,老病貪光景,1
10702,病貪光景尋,1
10703,貪光景尋常,1
10704,光景尋常不,1
10705,景尋常不下,1
10706,尋常不下簾,1
10707,常不下簾妻,1
10708,不下簾妻愁,1
10709,下簾妻愁耽,1
10710,簾妻愁耽酒,1
10711,妻愁耽酒僻,1
10712,愁耽酒僻人,1
10713,耽酒僻人怪,1
10714,酒僻人怪考,1
10715,僻人怪考詩,1
10716,人怪考詩嚴,1
10717,怪考詩嚴小,1
10718,考詩嚴小婢,1
10719,詩嚴小婢偷,1
10720,嚴小婢偷紅,1
10721,小婢偷紅紙,1
10722,婢偷紅紙嬌,1
10723,偷紅紙嬌兒,1
10724,紅紙嬌兒弄,1
10725,紙嬌兒弄白,1
10726,嬌兒弄白髯,1
10727,兒弄白髯有,1
10728,弄白髯有時,1
10729,白髯有時看,1
10730,髯有時看舊,1
10731,有時看舊卷,1
10732,時看舊卷未,1
10733,看舊卷未免,1
10734,舊卷未免意,1
10735,卷未免意中,1
10736,未免意中嫌,1
10737,免意中嫌荒,1
10738,意中嫌荒林,1
10739,中嫌荒林四,1
10740,嫌荒林四面,1
10741,荒林四面通,1
10742,林四面通門,1
10743,四面通門在,1
10744,面通門在野,1
10745,通門在野田,1
10746,門在野田中,1
10747,在野田中頑,1
10748,野田中頑僕,1
10749,田中頑僕長,1
10750,中頑僕長如,1
10751,頑僕長如客,1
10752,僕長如客貧,1
10753,長如客貧居,1
10754,如客貧居未,1
10755,客貧居未勝,1
10756,貧居未勝蓬,1
10757,居未勝蓬舊,1
10758,未勝蓬舊綿,1
10759,勝蓬舊綿衣,1
10760,蓬舊綿衣不,1
10761,舊綿衣不暖,1
10762,綿衣不暖新,1
10763,衣不暖新草,1
10764,不暖新草屋,1
10765,暖新草屋多,1
10766,新草屋多風,1
10767,草屋多風唯,1
10768,屋多風唯去,1
10769,多風唯去山,1
10770,風唯去山南,1
10771,唯去山南近,1
10772,去山南近閑,1
10773,山南近閑親,1
10774,南近閑親販,1
10775,近閑親販藥,1
10776,閑親販藥翁,1
10777,親販藥翁新,1
10778,販藥翁新占,1
10779,藥翁新占原,1
10780,翁新占原頭,1
10781,新占原頭地,1
10782,占原頭地本,1
10783,原頭地本無,1
10784,頭地本無山,1
10785,地本無山可,1
10786,本無山可歸,1
10787,無山可歸荒,1
10788,山可歸荒藤,1
10789,可歸荒藤生,1
10790,歸荒藤生葉,1
10791,荒藤生葉晚,1
10792,藤生葉晚老,1
10793,生葉晚老杏,1
10794,葉晚老杏著,1
10795,晚老杏著花,1
10796,老杏著花稀,1
10797,杏著花稀廚,1
10798,著花稀廚舍,1
10799,花稀廚舍近,1
10800,稀廚舍近泥,1
10801,廚舍近泥灶,1
10802,舍近泥灶家,1
10803,近泥灶家人,1
10804,泥灶家人初,1
10805,灶家人初飽,1
10806,家人初飽薇,1
10807,人初飽薇弟,1
10808,初飽薇弟兄,1
10809,飽薇弟兄今,1
10810,薇弟兄今四,1
10811,弟兄今四散,1
10812,兄今四散何,1
10813,今四散何日,1
10814,四散何日更,1
10815,散何日更相,1
10816,何日更相依,1
10817,日更相依一,1
10818,更相依一家,1
10819,相依一家榆,1
10820,依一家榆柳,1
10821,一家榆柳新,1
10822,家榆柳新四,1
10823,榆柳新四面,1
10824,柳新四面遠,1
10825,新四面遠無,1
10826,四面遠無鄰,1
10827,面遠無鄰人,1
10828,遠無鄰人少,1
10829,無鄰人少愁,1
10830,鄰人少愁聞,1
10831,人少愁聞病,1
10832,少愁聞病莊,1
10833,愁聞病莊孤,1
10834,聞病莊孤幸,1
10835,病莊孤幸得,1
10836,莊孤幸得貧,1
10837,孤幸得貧耕,1
10838,幸得貧耕牛,1
10839,得貧耕牛長,1
10840,貧耕牛長願,1
10841,耕牛長願飽,1
10842,牛長願飽樵,1
10843,長願飽樵僕,1
10844,願飽樵僕每,1
10845,飽樵僕每憐,1
10846,樵僕每憐勤,1
10847,僕每憐勤終,1
10848,每憐勤終日,1
10849,憐勤終日憂,1
10850,勤終日憂衣,1
10851,終日憂衣食,1
10852,日憂衣食何,1
10853,憂衣食何由,1
10854,衣食何由脫,1
10855,食何由脫此,1
10856,何由脫此身,1
10857,由脫此身長,1
10858,脫此身長安,1
10859,此身長安無,1
10860,身長安無舊,1
10861,長安無舊識,1
10862,安無舊識百,1
10863,無舊識百里,1
10864,舊識百里是,1
10865,識百里是天,1
10866,百里是天涯,1
10867,里是天涯寂,1
10868,是天涯寂寞,1
10869,天涯寂寞思,1
10870,涯寂寞思逢,1
10871,寂寞思逢客,1
10872,寞思逢客荒,1
10873,思逢客荒涼,1
10874,逢客荒涼喜,1
10875,客荒涼喜見,1
10876,荒涼喜見花,1
10877,涼喜見花訪,1
10878,喜見花訪僧,1
10879,見花訪僧求,1
10880,花訪僧求賤,1
10881,訪僧求賤藥,1
10882,僧求賤藥將,1
10883,求賤藥將馬,1
10884,賤藥將馬中,1
10885,藥將馬中豪,1
10886,將馬中豪家,1
10887,馬中豪家乍,1
10888,中豪家乍得,1
10889,豪家乍得新,1
10890,家乍得新蔬,1
10891,乍得新蔬菜,1
10892,得新蔬菜朝,1
10893,新蔬菜朝盤,1
10894,蔬菜朝盤忽,1
10895,菜朝盤忽覺,1
10896,朝盤忽覺奢,1
10897,盤忽覺奢雞,1
10898,忽覺奢雞鳴,1
10899,覺奢雞鳴村,1
10900,奢雞鳴村舍,1
10901,雞鳴村舍遙,1
10902,鳴村舍遙花,1
10903,村舍遙花發,1
10904,舍遙花發亦,1
10905,遙花發亦蕭,1
10906,花發亦蕭條,1
10907,發亦蕭條野,1
10908,亦蕭條野竹,1
10909,蕭條野竹初,1
10910,條野竹初生,1
10911,野竹初生筍,1
10912,竹初生筍溪,1
10913,初生筍溪田,1
10914,生筍溪田未,1
10915,筍溪田未得,1
10916,溪田未得苗,1
10917,田未得苗家,1
10918,未得苗家貧,1
10919,得苗家貧僮,1
10920,苗家貧僮僕,1
10921,家貧僮僕瘦,1
10922,貧僮僕瘦春,1
10923,僮僕瘦春冷,1
10924,僕瘦春冷菜,1
10925,瘦春冷菜蔬,1
10926,春冷菜蔬焦,1
10927,冷菜蔬焦甘,1
10928,菜蔬焦甘分,1
10929,蔬焦甘分長,1
10930,焦甘分長如,1
10931,甘分長如此,1
10932,分長如此無,1
10933,長如此無名,1
10934,如此無名在,1
10935,此無名在聖,1
10936,無名在聖朝,1
10937,名在聖朝春,1
10938,在聖朝春來,1
10939,聖朝春來梨,1
10940,朝春來梨棗,1
10941,春來梨棗盡,1
10942,來梨棗盡啼,1
10943,梨棗盡啼哭,1
10944,棗盡啼哭小,1
10945,盡啼哭小兒,1
10946,啼哭小兒饑,1
10947,哭小兒饑鄰,1
10948,小兒饑鄰富,1
10949,兒饑鄰富雞,1
10950,饑鄰富雞常,1
10951,鄰富雞常去,1
10952,富雞常去莊,1
10953,雞常去莊貧,1
10954,常去莊貧客,1
10955,去莊貧客漸,1
10956,莊貧客漸稀,1
10957,貧客漸稀借,1
10958,客漸稀借牛,1
10959,漸稀借牛耕,1
10960,稀借牛耕地,1
10961,借牛耕地晚,1
10962,牛耕地晚賣,1
10963,耕地晚賣樹,1
10964,地晚賣樹納,1
10965,晚賣樹納錢,1
10966,賣樹納錢遲,1
10967,樹納錢遲牆,1
10968,納錢遲牆下,1
10969,錢遲牆下當,1
10970,遲牆下當官,1
10971,牆下當官路,1
10972,下當官路依,1
10973,當官路依山,1
10974,官路依山補,1
10975,路依山補竹,1
10976,依山補竹籬,1
10977,山補竹籬自,1
10978,補竹籬自掃,1
10979,竹籬自掃一,1
10980,籬自掃一間,1
10981,自掃一間房,1
10982,掃一間房唯,1
10983,一間房唯鋪,1
10984,間房唯鋪獨,1
10985,房唯鋪獨臥,1
10986,唯鋪獨臥床,1
10987,鋪獨臥床野,1
10988,獨臥床野羹,1
10989,臥床野羹溪,1
10990,床野羹溪菜,1
10991,野羹溪菜滑,1
10992,羹溪菜滑山,1
10993,溪菜滑山紙,1
10994,菜滑山紙水,1
10995,滑山紙水苔,1
10996,山紙水苔香,1
10997,紙水苔香陳,1
10998,水苔香陳藥,1
10999,苔香陳藥初,1
11000,香陳藥初和,1
11001,陳藥初和白,1
11002,藥初和白新,1
11003,初和白新經,1
11004,和白新經未,1
11005,白新經未入,1
11006,新經未入黃,1
11007,經未入黃近,1
11008,未入黃近來,1
11009,入黃近來心,1
11010,黃近來心力,1
11011,近來心力少,1
11012,來心力少休,1
11013,心力少休讀,1
11014,力少休讀養,1
11015,少休讀養生,1
11016,休讀養生方,1
11017,讀養生方擬,1
11018,養生方擬作,1
11019,生方擬作讀,1
11020,方擬作讀經,1
11021,擬作讀經人,1
11022,作讀經人空,1
11023,讀經人空房,1
11024,經人空房置,1
11025,人空房置淨,1
11026,空房置淨巾,1
11027,房置淨巾鎖,1
11028,置淨巾鎖茶,1
11029,淨巾鎖茶藤,1
11030,巾鎖茶藤篋,1
11031,鎖茶藤篋密,1
11032,茶藤篋密曝,1
11033,藤篋密曝藥,1
11034,篋密曝藥竹,1
11035,密曝藥竹床,1
11036,曝藥竹床新,1
11037,藥竹床新老,1
11038,竹床新老病,1
11039,床新老病應,1
11040,新老病應隨,1
11041,老病應隨業,1
11042,病應隨業因,1
11043,應隨業因緣,1
11044,隨業因緣不,1
11045,業因緣不離,1
11046,因緣不離身,1
11047,緣不離身焚,1
11048,不離身焚香,1
11049,離身焚香向,1
11050,身焚香向居,1
11051,焚香向居士,1
11052,香向居士無,1
11053,向居士無計,1
11054,居士無計出,1
11055,士無計出諸,1
11056,無計出諸塵,1
11057,計出諸塵移,1
11058,出諸塵移家,1
11059,諸塵移家近,1
11060,塵移家近住,1
11061,移家近住村,1
11062,家近住村貧,1
11063,近住村貧苦,1
11064,住村貧苦自,1
11065,村貧苦自安,1
11066,貧苦自安存,1
11067,苦自安存細,1
11068,自安存細問,1
11069,安存細問梨,1
11070,存細問梨果,1
11071,細問梨果植,1
11072,問梨果植遠,1
11073,梨果植遠求,1
11074,果植遠求花,1
11075,植遠求花藥,1
11076,遠求花藥根,1
11077,求花藥根倩,1
11078,花藥根倩人,1
11079,藥根倩人開,1
11080,根倩人開廢,1
11081,倩人開廢井,1
11082,人開廢井趁,1
11083,開廢井趁犢,1
11084,廢井趁犢入,1
11085,井趁犢入新,1
11086,趁犢入新園,1
11087,犢入新園長,1
11088,入新園長愛,1
11089,新園長愛當,1
11090,園長愛當山,1
11091,長愛當山立,1
11092,愛當山立黃,1
11093,當山立黃昏,1
11094,山立黃昏不,1
11095,立黃昏不閉,1
11096,黃昏不閉門,1
11097,昏不閉門和,1
11098,不閉門和暖,1
11099,閉門和暖繞,1
11100,門和暖繞林,1
11101,和暖繞林行,1
11102,暖繞林行新,1
11103,繞林行新貧,1
11104,林行新貧足,1
11105,行新貧足喜,1
11106,新貧足喜聲,1
11107,貧足喜聲掃,1
11108,足喜聲掃渠,1
11109,喜聲掃渠憂,1
11110,聲掃渠憂竹,1
11111,掃渠憂竹旱,1
11112,渠憂竹旱澆,1
11113,憂竹旱澆地,1
11114,竹旱澆地引,1
11115,旱澆地引蘭,1
11116,澆地引蘭生,1
11117,地引蘭生山,1
11118,引蘭生山客,1
11119,蘭生山客憑,1
11120,生山客憑栽,1
11121,山客憑栽樹,1
11122,客憑栽樹家,1
11123,憑栽樹家僮,1
11124,栽樹家僮使,1
11125,樹家僮使入,1
11126,家僮使入城,1
11127,僮使入城門,1
11128,使入城門前,1
11129,入城門前粉,1
11130,城門前粉壁,1
11131,門前粉壁上,1
11132,前粉壁上書,1
11133,粉壁上書著,1
11134,壁上書著縣,1
11135,上書著縣官,1
11136,書著縣官名,1
11137,著縣官名住,1
11138,縣官名住處,1
11139,官名住處鐘,1
11140,名住處鐘鼓,1
11141,住處鐘鼓外,1
11142,處鐘鼓外免,1
11143,鐘鼓外免爭,1
11144,鼓外免爭當,1
11145,外免爭當路,1
11146,免爭當路橋,1
11147,爭當路橋身,1
11148,當路橋身閒,1
11149,路橋身閒時,1
11150,橋身閒時卻,1
11151,身閒時卻困,1
11152,閒時卻困兒,1
11153,時卻困兒病,1
11154,卻困兒病可,1
11155,困兒病可來,1
11156,兒病可來嬌,1
11157,病可來嬌雞,1
11158,可來嬌雞睡,1
11159,來嬌雞睡日,1
11160,嬌雞睡日陽,1
11161,雞睡日陽暖,1
11162,睡日陽暖蜂,1
11163,日陽暖蜂狂,1
11164,陽暖蜂狂花,1
11165,暖蜂狂花豔,1
11166,蜂狂花豔燒,1
11167,狂花豔燒長,1
11168,花豔燒長安,1
11169,豔燒長安足,1
11170,燒長安足門,1
11171,長安足門戶,1
11172,安足門戶疊,1
11173,足門戶疊疊,1
11174,門戶疊疊看,1
11175,戶疊疊看登,1
11176,疊疊看登朝,1
11177,疊看登朝近,1
11178,看登朝近來,1
11179,登朝近來年,1
11180,朝近來年紀,1
11181,近來年紀到,1
11182,來年紀到世,1
11183,年紀到世事,1
11184,紀到世事總,1
11185,到世事總無,1
11186,世事總無心,1
11187,事總無心古,1
11188,總無心古碣,1
11189,無心古碣憑,1
11190,心古碣憑人,1
11191,古碣憑人拓,1
11192,碣憑人拓閑,1
11193,憑人拓閑詩,1
11194,人拓閑詩任,1
11195,拓閑詩任客,1
11196,閑詩任客吟,1
11197,詩任客吟送,1
11198,任客吟送經,1
11199,客吟送經還,1
11200,吟送經還野,1
11201,送經還野苑,1
11202,經還野苑移,1
11203,還野苑移石,1
11204,野苑移石入,1
11205,苑移石入幽,1
11206,移石入幽林,1
11207,石入幽林谷,1
11208,入幽林谷口,1
11209,幽林谷口春,1
11210,林谷口春風,1
11211,谷口春風惡,1
11212,口春風惡梨,1
11213,春風惡梨花,1
11214,風惡梨花蓋,1
11215,惡梨花蓋地,1
11216,梨花蓋地深,1
11217,花蓋地深懶,1
11218,蓋地深懶更,1
11219,地深懶更學,1
11220,深懶更學諸,1
11221,懶更學諸餘,1
11222,更學諸餘林,1
11223,學諸餘林中,1
11224,諸餘林中掃,1
11225,餘林中掃地,1
11226,林中掃地居,1
11227,中掃地居膩,1
11228,掃地居膩衣,1
11229,地居膩衣穿,1
11230,居膩衣穿不,1
11231,膩衣穿不洗,1
11232,衣穿不洗白,1
11233,穿不洗白髮,1
11234,不洗白髮短,1
11235,洗白髮短慵,1
11236,白髮短慵梳,1
11237,髮短慵梳苦,1
11238,短慵梳苦相,1
11239,慵梳苦相常,1
11240,梳苦相常多,1
11241,苦相常多淚,1
11242,相常多淚勞,1
11243,常多淚勞生,1
11244,多淚勞生自,1
11245,淚勞生自悟,1
11246,勞生自悟虛,1
11247,生自悟虛閑,1
11248,自悟虛閑行,1
11249,悟虛閑行人,1
11250,虛閑行人事,1
11251,閑行人事絕,1
11252,行人事絕親,1
11253,人事絕親故,1
11254,事絕親故亦,1
11255,絕親故亦無,1
11256,親故亦無書,1
11257,故亦無書住,1
11258,亦無書住處,1
11259,無書住處去,1
11260,書住處去山,1
11261,住處去山近,1
11262,處去山近傍,1
11263,去山近傍園,1
11264,山近傍園麋,1
11265,近傍園麋鹿,1
11266,傍園麋鹿行,1
11267,園麋鹿行野,1
11268,麋鹿行野桑,1
11269,鹿行野桑穿,1
11270,行野桑穿井,1
11271,野桑穿井長,1
11272,桑穿井長荒,1
11273,穿井長荒竹,1
11274,井長荒竹過,1
11275,長荒竹過牆,1
11276,荒竹過牆生,1
11277,竹過牆生新,1
11278,過牆生新識,1
11279,牆生新識鄰,1
11280,生新識鄰里,1
11281,新識鄰里面,1
11282,識鄰里面未,1
11283,鄰里面未諳,1
11284,里面未諳村,1
11285,面未諳村社,1
11286,未諳村社情,1
11287,諳村社情石,1
11288,村社情石田,1
11289,社情石田無,1
11290,情石田無力,1
11291,石田無力及,1
11292,田無力及賤,1
11293,無力及賤賃,1
11294,力及賤賃與,1
11295,及賤賃與人,1
11296,賤賃與人耕,1
11297,賃與人耕勸,1
11298,與人耕勸酒,1
11299,人耕勸酒不,1
11300,耕勸酒不依,1
11301,勸酒不依巡,1
11302,酒不依巡明,1
11303,不依巡明朝,1
11304,依巡明朝萬,1
11305,巡明朝萬里,1
11306,明朝萬里人,1
11307,朝萬里人轉,1
11308,萬里人轉江,1
11309,里人轉江雲,1
11310,人轉江雲棧,1
11311,轉江雲棧細,1
11312,江雲棧細近,1
11313,雲棧細近驛,1
11314,棧細近驛板,1
11315,細近驛板橋,1
11316,近驛板橋新,1
11317,驛板橋新石,1
11318,板橋新石冷,1
11319,橋新石冷啼,1
11320,新石冷啼猿,1
11321,石冷啼猿影,1
11322,冷啼猿影松,1
11323,啼猿影松昏,1
11324,猿影松昏戲,1
11325,影松昏戲鹿,1
11326,松昏戲鹿塵,1
11327,昏戲鹿塵少,1
11328,戲鹿塵少年,1
11329,鹿塵少年為,1
11330,塵少年為客,1
11331,少年為客好,1
11332,年為客好況,1
11333,為客好況是,1
11334,客好況是益,1
11335,好況是益州,1
11336,況是益州春,1
11337,是益州春世,1
11338,益州春世間,1
11339,州春世間無,1
11340,春世間無所,1
11341,世間無所入,1
11342,間無所入學,1
11343,無所入學道,1
11344,所入學道處,1
11345,入學道處新,1
11346,學道處新成,1
11347,道處新成兩,1
11348,處新成兩面,1
11349,新成兩面有,1
11350,成兩面有山,1
11351,兩面有山色,1
11352,面有山色六,1
11353,有山色六時,1
11354,山色六時聞,1
11355,色六時聞磬,1
11356,六時聞磬聲,1
11357,時聞磬聲閑,1
11358,聞磬聲閑加,1
11359,磬聲閑加經,1
11360,聲閑加經遍,1
11361,閑加經遍數,1
11362,加經遍數老,1
11363,經遍數老愛,1
11364,遍數老愛字,1
11365,數老愛字分,1
11366,老愛字分明,1
11367,愛字分明若,1
11368,字分明若得,1
11369,分明若得離,1
11370,明若得離煩,1
11371,若得離煩惱,1
11372,得離煩惱焚,1
11373,離煩惱焚香,1
11374,煩惱焚香過,1
11375,惱焚香過一,1
11376,焚香過一生,1
11377,香過一生老,1
11378,過一生老僧,1
11379,一生老僧真,1
11380,生老僧真古,1
11381,老僧真古畫,1
11382,僧真古畫閑,1
11383,真古畫閑坐,1
11384,古畫閑坐語,1
11385,畫閑坐語中,1
11386,閑坐語中聽,1
11387,坐語中聽識,1
11388,語中聽識病,1
11389,中聽識病方,1
11390,聽識病方書,1
11391,識病方書聖,1
11392,病方書聖諳,1
11393,方書聖諳山,1
11394,書聖諳山草,1
11395,聖諳山草木,1
11396,諳山草木靈,1
11397,山草木靈人,1
11398,草木靈人來,1
11399,木靈人來多,1
11400,靈人來多施,1
11401,人來多施藥,1
11402,來多施藥願,1
11403,多施藥願滿,1
11404,施藥願滿不,1
11405,藥願滿不持,1
11406,願滿不持經,1
11407,滿不持經相,1
11408,不持經相伴,1
11409,持經相伴尋,1
11410,經相伴尋溪,1
11411,相伴尋溪竹,1
11412,伴尋溪竹秋,1
11413,尋溪竹秋苔,1
11414,溪竹秋苔襪,1
11415,竹秋苔襪履,1
11416,秋苔襪履青,1
11417,苔襪履青不,1
11418,襪履青不剃,1
11419,履青不剃頭,1
11420,青不剃頭多,1
11421,不剃頭多日,1
11422,剃頭多日禪,1
11423,頭多日禪來,1
11424,多日禪來白,1
11425,日禪來白髮,1
11426,禪來白髮長,1
11427,來白髮長合,1
11428,白髮長合村,1
11429,髮長合村迎,1
11430,長合村迎住,1
11431,合村迎住寺,1
11432,村迎住寺同,1
11433,迎住寺同學,1
11434,住寺同學乞,1
11435,寺同學乞修,1
11436,同學乞修房,1
11437,學乞修房覺,1
11438,乞修房覺少,1
11439,修房覺少持,1
11440,房覺少持經,1
11441,覺少持經力,1
11442,少持經力憂,1
11443,持經力憂無,1
11444,經力憂無養,1
11445,力憂無養病,1
11446,憂無養病糧,1
11447,無養病糧上,1
11448,養病糧上山,1
11449,病糧上山猶,1
11450,糧上山猶得,1
11451,上山猶得在,1
11452,山猶得在自,1
11453,猶得在自解,1
11454,得在自解衲,1
11455,在自解衲衣,1
11456,自解衲衣裳,1
11457,解衲衣裳溪,1
11458,衲衣裳溪田,1
11459,衣裳溪田借,1
11460,裳溪田借四,1
11461,溪田借四鄰,1
11462,田借四鄰不,1
11463,借四鄰不省,1
11464,四鄰不省解,1
11465,鄰不省解憂,1
11466,不省解憂身,1
11467,省解憂身看,1
11468,解憂身看日,1
11469,憂身看日和,1
11470,身看日和仙,1
11471,看日和仙藥,1
11472,日和仙藥書,1
11473,和仙藥書符,1
11474,仙藥書符救,1
11475,藥書符救病,1
11476,書符救病人,1
11477,符救病人伴,1
11478,救病人伴僧,1
11479,病人伴僧齋,1
11480,人伴僧齋過,1
11481,伴僧齋過夏,1
11482,僧齋過夏中,1
11483,齋過夏中酒,1
11484,過夏中酒臥,1
11485,夏中酒臥經,1
11486,中酒臥經旬,1
11487,酒臥經旬應,1
11488,臥經旬應得,1
11489,經旬應得丹,1
11490,旬應得丹砂,1
11491,應得丹砂力,1
11492,得丹砂力春,1
11493,丹砂力春來,1
11494,砂力春來黑,1
11495,力春來黑髮,1
11496,春來黑髮新,1
11497,來黑髮新館,1
11498,黑髮新館舍,1
11499,髮新館舍幸,1
11500,新館舍幸相,1
11501,館舍幸相近,1
11502,舍幸相近因,1
11503,幸相近因風,1
11504,相近因風及,1
11505,近因風及病,1
11506,因風及病身,1
11507,風及病身一,1
11508,及病身一官,1
11509,病身一官雖,1
11510,身一官雖隔,1
11511,一官雖隔水,1
11512,官雖隔水四,1
11513,雖隔水四韻,1
11514,隔水四韻是,1
11515,水四韻是同,1
11516,四韻是同人,1
11517,韻是同人衰,1
11518,是同人衰臥,1
11519,同人衰臥朦,1
11520,人衰臥朦朧,1
11521,衰臥朦朧曉,1
11522,臥朦朧曉貧,1
11523,朦朧曉貧居,1
11524,朧曉貧居冷,1
11525,曉貧居冷落,1
11526,貧居冷落春,1
11527,居冷落春少,1
11528,冷落春少年,1
11529,落春少年無,1
11530,春少年無不,1
11531,少年無不好,1
11532,年無不好莫,1
11533,無不好莫恨,1
11534,不好莫恨滿,1
11535,好莫恨滿頭,1
11536,莫恨滿頭塵,1
11537,恨滿頭塵田,1
11538,滿頭塵田舍,1
11539,頭塵田舍清,1
11540,塵田舍清明,1
11541,田舍清明日,1
11542,舍清明日家,1
11543,清明日家家,1
11544,明日家家出,1
11545,日家家出火,1
11546,家家出火遲,1
11547,家出火遲白,1
11548,出火遲白衫,1
11549,火遲白衫眠,1
11550,遲白衫眠古,1
11551,白衫眠古巷,1
11552,衫眠古巷紅,1
11553,眠古巷紅索,1
11554,古巷紅索搭,1
11555,巷紅索搭高,1
11556,紅索搭高枝,1
11557,索搭高枝紗,1
11558,搭高枝紗帶,1
11559,高枝紗帶生,1
11560,枝紗帶生難,1
11561,紗帶生難結,1
11562,帶生難結銅,1
11563,生難結銅釵,1
11564,難結銅釵重,1
11565,結銅釵重欲,1
11566,銅釵重欲垂,1
11567,釵重欲垂斬,1
11568,重欲垂斬新,1
11569,欲垂斬新衣,1
11570,垂斬新衣踏,1
11571,斬新衣踏盡,1
11572,新衣踏盡還,1
11573,衣踏盡還似,1
11574,踏盡還似去,1
11575,盡還似去年,1
11576,還似去年時,1
11577,似去年時新,1
11578,去年時新剃,1
11579,年時新剃青,1
11580,時新剃青頭,1
11581,新剃青頭髮,1
11582,剃青頭髮生,1
11583,青頭髮生來,1
11584,頭髮生來未,1
11585,髮生來未掃,1
11586,生來未掃眉,1
11587,來未掃眉身,1
11588,未掃眉身輕,1
11589,掃眉身輕禮,1
11590,眉身輕禮拜,1
11591,身輕禮拜穩,1
11592,輕禮拜穩心,1
11593,禮拜穩心慢,1
11594,拜穩心慢記,1
11595,穩心慢記經,1
11596,心慢記經遲,1
11597,慢記經遲喚,1
11598,記經遲喚起,1
11599,經遲喚起猶,1
11600,遲喚起猶侵,1
11601,喚起猶侵曉,1
11602,起猶侵曉催,1
11603,猶侵曉催齋,1
11604,侵曉催齋已,1
11605,曉催齋已過,1
11606,催齋已過時,1
11607,齋已過時春,1
11608,已過時春晴,1
11609,過時春晴階,1
11610,時春晴階下,1
11611,春晴階下立,1
11612,晴階下立私,1
11613,階下立私地,1
11614,下立私地弄,1
11615,立私地弄花,1
11616,私地弄花枝,1
11617,地弄花枝當,1
11618,弄花枝當歡,1
11619,花枝當歡須,1
11620,枝當歡須且,1
11621,當歡須且歡,1
11622,歡須且歡過,1
11623,須且歡過後,1
11624,且歡過後買,1
11625,歡過後買應,1
11626,過後買應難,1
11627,後買應難歲,1
11628,買應難歲去,1
11629,應難歲去停,1
11630,難歲去停燈,1
11631,歲去停燈守,1
11632,去停燈守花,1
11633,停燈守花開,1
11634,燈守花開把,1
11635,守花開把火,1
11636,花開把火看,1
11637,開把火看狂,1
11638,把火看狂來,1
11639,火看狂來欺,1
11640,看狂來欺酒,1
11641,狂來欺酒淺,1
11642,來欺酒淺愁,1
11643,欺酒淺愁盡,1
11644,酒淺愁盡覺,1
11645,淺愁盡覺天,1
11646,愁盡覺天寬,1
11647,盡覺天寬次,1
11648,覺天寬次第,1
11649,天寬次第頭,1
11650,寬次第頭皆,1
11651,次第頭皆白,1
11652,第頭皆白齊,1
11653,頭皆白齊年,1
11654,皆白齊年人,1
11655,白齊年人已,1
11656,齊年人已殘,1
11657,年人已殘忽,1
11658,人已殘忽看,1
11659,已殘忽看花,1
11660,殘忽看花漸,1
11661,忽看花漸稀,1
11662,看花漸稀罪,1
11663,花漸稀罪過,1
11664,漸稀罪過酒,1
11665,稀罪過酒醒,1
11666,罪過酒醒時,1
11667,過酒醒時尋,1
11668,酒醒時尋覓,1
11669,醒時尋覓風,1
11670,時尋覓風來,1
11671,尋覓風來處,1
11672,覓風來處驚,1
11673,風來處驚張,1
11674,來處驚張夜,1
11675,處驚張夜落,1
11676,驚張夜落時,1
11677,張夜落時遊,1
11678,夜落時遊絲,1
11679,落時遊絲纏,1
11680,時遊絲纏故,1
11681,遊絲纏故蕊,1
11682,絲纏故蕊宿,1
11683,纏故蕊宿夜,1
11684,故蕊宿夜守,1
11685,蕊宿夜守空,1
11686,宿夜守空枝,1
11687,夜守空枝開,1
11688,守空枝開取,1
11689,空枝開取當,1
11690,枝開取當軒,1
11691,開取當軒地,1
11692,取當軒地年,1
11693,當軒地年年,1
11694,軒地年年樹,1
11695,地年年樹底,1
11696,年年樹底期,1
11697,年樹底期孤,1
11698,樹底期孤號,1
11699,底期孤號秋,1
11700,期孤號秋閣,1
11701,孤號秋閣陰,1
11702,號秋閣陰韋,1
11703,秋閣陰韋令,1
11704,閣陰韋令在,1
11705,陰韋令在時,1
11706,韋令在時禽,1
11707,令在時禽覓,1
11708,在時禽覓伴,1
11709,時禽覓伴海,1
11710,禽覓伴海山,1
11711,覓伴海山黑,1
11712,伴海山黑思,1
11713,海山黑思鄉,1
11714,山黑思鄉橘,1
11715,黑思鄉橘柚,1
11716,思鄉橘柚深,1
11717,鄉橘柚深舉,1
11718,橘柚深舉頭,1
11719,柚深舉頭聞,1
11720,深舉頭聞舊,1
11721,舉頭聞舊曲,1
11722,頭聞舊曲顧,1
11723,聞舊曲顧尾,1
11724,舊曲顧尾惜,1
11725,曲顧尾惜殘,1
11726,顧尾惜殘金,1
11727,尾惜殘金憔,1
11728,惜殘金憔悴,1
11729,殘金憔悴不,1
11730,金憔悴不飛,1
11731,憔悴不飛去,1
11732,悴不飛去重,1
11733,不飛去重君,1
11734,飛去重君池,1
11735,去重君池上,1
11736,重君池上心,1
11737,君池上心賃,1
11738,池上心賃宅,1
11739,上心賃宅得,1
11740,心賃宅得花,1
11741,賃宅得花饒,1
11742,宅得花饒初,1
11743,得花饒初開,1
11744,花饒初開恐,1
11745,饒初開恐是,1
11746,初開恐是妖,1
11747,開恐是妖粉,1
11748,恐是妖粉光,1
11749,是妖粉光深,1
11750,妖粉光深紫,1
11751,粉光深紫膩,1
11752,光深紫膩肉,1
11753,深紫膩肉色,1
11754,紫膩肉色退,1
11755,膩肉色退紅,1
11756,肉色退紅嬌,1
11757,色退紅嬌且,1
11758,退紅嬌且願,1
11759,紅嬌且願風,1
11760,嬌且願風留,1
11761,且願風留著,1
11762,願風留著惟,1
11763,風留著惟愁,1
11764,留著惟愁日,1
11765,著惟愁日炙,1
11766,惟愁日炙燋,1
11767,愁日炙燋可,1
11768,日炙燋可憐,1
11769,炙燋可憐零,1
11770,燋可憐零落,1
11771,可憐零落蕊,1
11772,憐零落蕊收,1
11773,零落蕊收取,1
11774,落蕊收取作,1
11775,蕊收取作香,1
11776,收取作香燒,1
11777,取作香燒山,1
11778,作香燒山人,1
11779,香燒山人住,1
11780,燒山人住處,1
11781,山人住處高,1
11782,人住處高看,1
11783,住處高看日,1
11784,處高看日上,1
11785,高看日上蟠,1
11786,看日上蟠桃,1
11787,日上蟠桃雪,1
11788,上蟠桃雪縷,1
11789,蟠桃雪縷青,1
11790,桃雪縷青山,1
11791,雪縷青山脈,1
11792,縷青山脈雲,1
11793,青山脈雲生,1
11794,山脈雲生白,1
11795,脈雲生白鶴,1
11796,雲生白鶴毛,1
11797,生白鶴毛朱,1
11798,白鶴毛朱書,1
11799,鶴毛朱書護,1
11800,毛朱書護身,1
11801,朱書護身咒,1
11802,書護身咒水,1
11803,護身咒水噀,1
11804,身咒水噀斷,1
11805,咒水噀斷邪,1
11806,水噀斷邪刀,1
11807,噀斷邪刀何,1
11808,斷邪刀何物,1
11809,邪刀何物中,1
11810,刀何物中長,1
11811,何物中長食,1
11812,物中長食胡,1
11813,中長食胡麻,1
11814,長食胡麻慢,1
11815,食胡麻慢火,1
11816,胡麻慢火熬,1
11817,麻慢火熬繞,1
11818,慢火熬繞廳,1
11819,火熬繞廳春,1
11820,熬繞廳春草,1
11821,繞廳春草合,1
11822,廳春草合知,1
11823,春草合知道,1
11824,草合知道縣,1
11825,合知道縣家,1
11826,知道縣家閑,1
11827,道縣家閑行,1
11828,縣家閑行見,1
11829,家閑行見雨,1
11830,閑行見雨遮,1
11831,行見雨遮院,1
11832,見雨遮院臥,1
11833,雨遮院臥看,1
11834,遮院臥看人,1
11835,院臥看人上,1
11836,臥看人上山,1
11837,看人上山避,1
11838,人上山避風,1
11839,上山避風新,1
11840,山避風新浴,1
11841,避風新浴後,1
11842,風新浴後請,1
11843,新浴後請假,1
11844,浴後請假未,1
11845,後請假未醒,1
11846,請假未醒間,1
11847,假未醒間朝,1
11848,未醒間朝客,1
11849,醒間朝客輕,1
11850,間朝客輕卑,1
11851,朝客輕卑吏,1
11852,客輕卑吏從,1
11853,輕卑吏從他,1
11854,卑吏從他不,1
11855,吏從他不往,1
11856,從他不往還,1
11857,他不往還嶺,1
11858,不往還嶺頭,1
11859,往還嶺頭分,1
11860,還嶺頭分界,1
11861,嶺頭分界候,1
11862,頭分界候一,1
11863,分界候一半,1
11864,界候一半屬,1
11865,候一半屬湘,1
11866,一半屬湘潭,1
11867,半屬湘潭水,1
11868,屬湘潭水驛,1
11869,湘潭水驛門,1
11870,潭水驛門旗,1
11871,水驛門旗出,1
11872,驛門旗出山,1
11873,門旗出山戀,1
11874,旗出山戀洞,1
11875,出山戀洞主,1
11876,山戀洞主參,1
11877,戀洞主參辟,1
11878,洞主參辟邪,1
11879,主參辟邪犀,1
11880,參辟邪犀角,1
11881,辟邪犀角重,1
11882,邪犀角重解,1
11883,犀角重解酒,1
11884,角重解酒荔,1
11885,重解酒荔枝,1
11886,解酒荔枝甘,1
11887,酒荔枝甘莫,1
11888,荔枝甘莫歎,1
11889,枝甘莫歎京,1
11890,甘莫歎京華,1
11891,莫歎京華遠,1
11892,歎京華遠安,1
11893,京華遠安南,1
11894,華遠安南更,1
11895,遠安南更有,1
11896,安南更有南,1
11897,南更有南自,1
11898,更有南自從,1
11899,有南自從江,1
11900,南自從江樹,1
11901,樹秋日日望,1
11902,秋日日望江,1
11903,日日望江樓,1
11904,日望江樓夢,1
11905,望江樓夢見,1
11906,應是白頭漫,1
11907,是白頭漫漫,1
11908,白頭漫漫複,1
11909,頭漫漫複淒,1
11910,漫漫複淒淒,1
11911,漫複淒淒黃,1
11912,複淒淒黃沙,1
11913,淒淒黃沙暮,1
11914,淒黃沙暮漸,1
11915,黃沙暮漸迷,1
11916,沙暮漸迷人,1
11917,暮漸迷人當,1
11918,漸迷人當故,1
11919,迷人當故鄉,1
11920,人當故鄉立,1
11921,當故鄉立馬,1
11922,故鄉立馬過,1
11923,鄉立馬過舊,1
11924,立馬過舊營,1
11925,馬過舊營嘶,1
11926,過舊營嘶斷,1
11927,舊營嘶斷雁,1
11928,營嘶斷雁逢,1
11929,嘶斷雁逢冰,1
11930,斷雁逢冰磧,1
11931,雁逢冰磧回,1
11932,逢冰磧回軍,1
11933,冰磧回軍占,1
11934,磧回軍占雪,1
11935,回軍占雪溪,1
11936,軍占雪溪夜,1
11937,占雪溪夜來,1
11938,雪溪夜來山,1
11939,溪夜來山下,1
11940,夜來山下哭,1
11941,來山下哭應,1
11942,山下哭應是,1
11943,下哭應是送,1
11944,哭應是送降,1
11945,應是送降奚,1
11946,是送降奚此,1
11947,送降奚此地,1
11948,降奚此地本,1
11949,奚此地本無,1
11950,此地本無竹,1
11951,地本無竹遠,1
11952,本無竹遠從,1
11953,無竹遠從山,1
11954,竹遠從山寺,1
11955,遠從山寺移,1
11956,從山寺移經,1
11957,山寺移經年,1
11958,寺移經年求,1
11959,移經年求養,1
11960,經年求養法,1
11961,年求養法隔,1
11962,求養法隔日,1
11963,養法隔日記,1
11964,法隔日記澆,1
11965,隔日記澆時,1
11966,日記澆時嫩,1
11967,記澆時嫩綠,1
11968,澆時嫩綠卷,1
11969,時嫩綠卷新,1
11970,嫩綠卷新葉,1
11971,綠卷新葉殘,1
11972,卷新葉殘黃,1
11973,新葉殘黃收,1
11974,葉殘黃收故,1
11975,殘黃收故枝,1
11976,黃收故枝色,1
11977,收故枝色經,1
11978,故枝色經寒,1
11979,枝色經寒不,1
11980,色經寒不動,1
11981,經寒不動聲,1
11982,寒不動聲與,1
11983,不動聲與靜,1
11984,動聲與靜相,1
11985,聲與靜相宜,1
11986,與靜相宜愛,1
11987,靜相宜愛護,1
11988,相宜愛護出,1
11989,宜愛護出常,1
11990,愛護出常數,1
11991,護出常數稀,1
11992,出常數稀稠,1
11993,常數稀稠看,1
11994,數稀稠看自,1
11995,稀稠看自知,1
11996,稠看自知貧,1
11997,看自知貧來,1
11998,自知貧來緣,1
11999,知貧來緣未,1
12000,貧來緣未有,1
12001,來緣未有客,1
12002,緣未有客散,1
12003,未有客散獨,1
12004,有客散獨行,1
12005,客散獨行遲,1
12006,散獨行遲曉,1
12007,獨行遲曉日,1
12008,行遲曉日花,1
12009,遲曉日花初,1
12010,曉日花初吐,1
12011,日花初吐春,1
12012,花初吐春寒,1
12013,初吐春寒白,1
12014,吐春寒白未,1
12015,春寒白未凝,1
12016,寒白未凝月,1
12017,白未凝月光,1
12018,未凝月光裁,1
12019,凝月光裁不,1
12020,月光裁不得,1
12021,光裁不得蘇,1
12022,裁不得蘇合,1
12023,不得蘇合點,1
12024,得蘇合點難,1
12025,蘇合點難勝,1
12026,合點難勝柔,1
12027,點難勝柔膩,1
12028,難勝柔膩于,1
12029,勝柔膩于雲,1
12030,柔膩于雲葉,1
12031,膩于雲葉新,1
12032,于雲葉新鮮,1
12033,雲葉新鮮掩,1
12034,葉新鮮掩鶴,1
12035,新鮮掩鶴膺,1
12036,鮮掩鶴膺統,1
12037,掩鶴膺統心,1
12038,鶴膺統心黃,1
12039,膺統心黃倒,1
12040,統心黃倒暈,1
12041,心黃倒暈側,1
12042,黃倒暈側莖,1
12043,倒暈側莖紫,1
12044,暈側莖紫重,1
12045,側莖紫重棱,1
12046,莖紫重棱乍,1
12047,紫重棱乍斂,1
12048,重棱乍斂看,1
12049,棱乍斂看如,1
12050,乍斂看如睡,1
12051,斂看如睡初,1
12052,看如睡初開,1
12053,如睡初開問,1
12054,睡初開問欲,1
12055,初開問欲應,1
12056,開問欲應並,1
12057,問欲應並香,1
12058,欲應並香幽,1
12059,應並香幽蕙,1
12060,並香幽蕙死,1
12061,香幽蕙死比,1
12062,幽蕙死比豔,1
12063,蕙死比豔美,1
12064,死比豔美人,1
12065,比豔美人憎,1
12066,豔美人憎價,1
12067,美人憎價數,1
12068,人憎價數千,1
12069,憎價數千金,1
12070,價數千金貴,1
12071,數千金貴形,1
12072,千金貴形相,1
12073,金貴形相兩,1
12074,貴形相兩眼,1
12075,形相兩眼疼,1
12076,相兩眼疼自,1
12077,兩眼疼自知,1
12078,眼疼自知顏,1
12079,疼自知顏色,1
12080,自知顏色好,1
12081,知顏色好愁,1
12082,顏色好愁被,1
12083,色好愁被彩,1
12084,好愁被彩光,1
12085,愁被彩光淩,1
12086,被彩光淩西,1
12087,彩光淩西台,1
12088,光淩西台複,1
12089,淩西台複南,1
12090,西台複南省,1
12091,台複南省清,1
12092,複南省清白,1
12093,南省清白上,1
12094,省清白上天,1
12095,清白上天知,1
12096,白上天知家,1
12097,上天知家每,1
12098,天知家每因,1
12099,知家每因窮,1
12100,家每因窮散,1
12101,每因窮散官,1
12102,因窮散官多,1
12103,窮散官多為,1
12104,散官多為直,1
12105,官多為直移,1
12106,多為直移遙,1
12107,為直移遙邊,1
12108,直移遙邊過,1
12109,移遙邊過驛,1
12110,遙邊過驛近,1
12111,邊過驛近買,1
12112,過驛近買藥,1
12113,驛近買藥出,1
12114,近買藥出城,1
12115,買藥出城遲,1
12116,藥出城遲朝,1
12117,出城遲朝野,1
12118,城遲朝野憑,1
12119,遲朝野憑人,1
12120,朝野憑人別,1
12121,野憑人別親,1
12122,憑人別親情,1
12123,人別親情伴,1
12124,別親情伴酒,1
12125,親情伴酒悲,1
12126,情伴酒悲故,1
12127,伴酒悲故園,1
12128,酒悲故園愁,1
12129,悲故園愁去,1
12130,故園愁去後,1
12131,園愁去後白,1
12132,愁去後白髮,1
12133,去後白髮想,1
12134,後白髮想回,1
12135,白髮想回時,1
12136,髮想回時何,1
12137,想回時何處,1
12138,回時何處忠,1
12139,時何處忠州,1
12140,何處忠州界,1
12141,處忠州界山,1
12142,忠州界山頭,1
12143,州界山頭卓,1
12144,界山頭卓望,1
12145,山頭卓望旗,1
12146,頭卓望旗終,1
12147,卓望旗終日,1
12148,望旗終日自,1
12149,旗終日自纏,1
12150,終日自纏繞,1
12151,日自纏繞此,1
12152,自纏繞此身,1
12153,纏繞此身無,1
12154,繞此身無適,1
12155,此身無適緣,1
12156,身無適緣萬,1
12157,無適緣萬愁,1
12158,適緣萬愁生,1
12159,緣萬愁生旅,1
12160,萬愁生旅夜,1
12161,愁生旅夜百,1
12162,生旅夜百病,1
12163,旅夜百病湊,1
12164,夜百病湊衰,1
12165,百病湊衰年,1
12166,病湊衰年少,1
12167,湊衰年少睡,1
12168,衰年少睡憎,1
12169,年少睡憎明,1
12170,少睡憎明屋,1
12171,睡憎明屋慵,1
12172,憎明屋慵行,1
12173,明屋慵行待,1
12174,屋慵行待暖,1
12175,慵行待暖天,1
12176,行待暖天癢,1
12177,待暖天癢頭,1
12178,暖天癢頭梳,1
12179,天癢頭梳有,1
12180,癢頭梳有虱,1
12181,頭梳有虱風,1
12182,梳有虱風耳,1
12183,有虱風耳炙,1
12184,虱風耳炙聞,1
12185,風耳炙聞蟬,1
12186,耳炙聞蟬搖,1
12187,炙聞蟬搖白,1
12188,聞蟬搖白方,1
12189,蟬搖白方多,1
12190,搖白方多錯,1
12191,白方多錯回,1
12192,方多錯回金,1
12193,多錯回金法,1
12194,錯回金法不,1
12195,回金法不全,1
12196,金法不全家,1
12197,法不全家貧,1
12198,不全家貧何,1
12199,全家貧何所,1
12200,家貧何所戀,1
12201,貧何所戀時,1
12202,何所戀時在,1
12203,所戀時在老,1
12204,戀時在老僧,1
12205,時在老僧邊,1
12206,在老僧邊憶,1
12207,老僧邊憶得,1
12208,僧邊憶得宿,1
12209,邊憶得宿新,1
12210,憶得宿新宅,1
12211,得宿新宅別,1
12212,宿新宅別來,1
12213,新宅別來餘,1
12214,宅別來餘蕙,1
12215,別來餘蕙香,1
12216,來餘蕙香初,1
12217,餘蕙香初聞,1
12218,蕙香初聞守,1
12219,香初聞守郡,1
12220,初聞守郡遠,1
12221,聞守郡遠一,1
12222,守郡遠一日,1
12223,郡遠一日臥,1
12224,遠一日臥空,1
12225,一日臥空床,1
12226,日臥空床野,1
12227,臥空床野驛,1
12228,空床野驛煙,1
12229,床野驛煙火,1
12230,野驛煙火濕,1
12231,驛煙火濕路,1
12232,煙火濕路人,1
12233,火濕路人消,1
12234,濕路人消息,1
12235,路人消息狂,1
12236,人消息狂山,1
12237,消息狂山樓,1
12238,息狂山樓添,1
12239,狂山樓添鼓,1
12240,山樓添鼓角,1
12241,樓添鼓角村,1
12242,添鼓角村柵,1
12243,鼓角村柵立,1
12244,角村柵立旗,1
12245,村柵立旗槍,1
12246,柵立旗槍晚,1
12247,立旗槍晚渚,1
12248,旗槍晚渚露,1
12249,槍晚渚露荷,1
12250,晚渚露荷敗,1
12251,渚露荷敗早,1
12252,露荷敗早衙,1
12253,荷敗早衙風,1
12254,敗早衙風桂,1
12255,早衙風桂涼,1
12256,衙風桂涼謝,1
12257,風桂涼謝家,1
12258,桂涼謝家章,1
12259,涼謝家章句,1
12260,謝家章句出,1
12261,家章句出江,1
12262,章句出江月,1
12263,句出江月少,1
12264,出江月少輝,1
12265,江月少輝光,1
12266,月少輝光七,1
12267,少輝光七郡,1
12268,輝光七郡雙,1
12269,光七郡雙旌,1
12270,七郡雙旌貴,1
12271,郡雙旌貴人,1
12272,雙旌貴人皆,1
12273,旌貴人皆不,1
12274,貴人皆不憶,1
12275,人皆不憶回,1
12276,皆不憶回戍,1
12277,不憶回戍頭,1
12278,憶回戍頭龍,1
12279,回戍頭龍腦,1
12280,戍頭龍腦鋪,1
12281,頭龍腦鋪關,1
12282,龍腦鋪關口,1
12283,腦鋪關口象,1
12284,鋪關口象牙,1
12285,關口象牙堆,1
12286,口象牙堆敕,1
12287,象牙堆敕設,1
12288,牙堆敕設熏,1
12289,堆敕設熏爐,1
12290,敕設熏爐出,1
12291,設熏爐出蠻,1
12292,熏爐出蠻辭,1
12293,爐出蠻辭咒,1
12294,出蠻辭咒節,1
12295,蠻辭咒節開,1
12296,辭咒節開市,1
12297,咒節開市喧,1
12298,節開市喧山,1
12299,開市喧山賊,1
12300,市喧山賊破,1
12301,喧山賊破金,1
12302,山賊破金賤,1
12303,賊破金賤海,1
12304,破金賤海船,1
12305,金賤海船來,1
12306,賤海船來白,1
12307,海船來白氎,1
12308,船來白氎家,1
12309,來白氎家家,1
12310,白氎家家織,1
12311,氎家家織紅,1
12312,家家織紅蕉,1
12313,家織紅蕉處,1
12314,織紅蕉處處,1
12315,紅蕉處處栽,1
12316,蕉處處栽已,1
12317,處處栽已將,1
12318,處栽已將身,1
12319,栽已將身報,1
12320,已將身報國,1
12321,將身報國莫,1
12322,身報國莫起,1
12323,報國莫起望,1
12324,國莫起望鄉,1
12325,莫起望鄉台,1
12326,起望鄉台曾,1
12327,望鄉台曾住,1
12328,鄉台曾住爐,1
12329,台曾住爐峰,1
12330,曾住爐峰下,1
12331,住爐峰下書,1
12332,爐峰下書堂,1
12333,峰下書堂對,1
12334,下書堂對藥,1
12335,書堂對藥台,1
12336,堂對藥台斬,1
12337,對藥台斬新,1
12338,藥台斬新蘿,1
12339,台斬新蘿徑,1
12340,斬新蘿徑合,1
12341,新蘿徑合依,1
12342,蘿徑合依舊,1
12343,徑合依舊竹,1
12344,合依舊竹窗,1
12345,依舊竹窗開,1
12346,舊竹窗開砌,1
12347,竹窗開砌水,1
12348,窗開砌水親,1
12349,開砌水親看,1
12350,砌水親看決,1
12351,水親看決池,1
12352,親看決池荷,1
12353,看決池荷手,1
12354,決池荷手自,1
12355,池荷手自栽,1
12356,荷手自栽五,1
12357,手自栽五年,1
12358,自栽五年方,1
12359,栽五年方暫,1
12360,五年方暫至,1
12361,年方暫至一,1
12362,方暫至一宿,1
12363,暫至一宿又,1
12364,至一宿又須,1
12365,一宿又須回,1
12366,宿又須回縱,1
12367,又須回縱未,1
12368,須回縱未長,1
12369,回縱未長歸,1
12370,縱未長歸得,1
12371,未長歸得猶,1
12372,長歸得猶勝,1
12373,歸得猶勝不,1
12374,得猶勝不到,1
12375,猶勝不到來,1
12376,勝不到來君,1
12377,不到來君家,1
12378,到來君家白,1
12379,來君家白鹿,1
12380,君家白鹿洞,1
12381,家白鹿洞聞,1
12382,白鹿洞聞道,1
12383,鹿洞聞道亦,1
12384,洞聞道亦生,1
12385,聞道亦生苔,1
12386,道亦生苔此,1
12387,亦生苔此花,1
12388,生苔此花名,1
12389,苔此花名價,1
12390,此花名價別,1
12391,花名價別開,1
12392,名價別開豔,1
12393,價別開豔益,1
12394,別開豔益皇,1
12395,開豔益皇都,1
12396,豔益皇都香,1
12397,益皇都香遍,1
12398,皇都香遍苓,1
12399,都香遍苓菱,1
12400,香遍苓菱死,1
12401,遍苓菱死紅,1
12402,苓菱死紅燒,1
12403,菱死紅燒躑,1
12404,死紅燒躑躅,1
12405,紅燒躑躅枯,1
12406,燒躑躅枯軟,1
12407,躑躅枯軟光,1
12408,躅枯軟光籠,1
12409,枯軟光籠細,1
12410,軟光籠細脈,1
12411,光籠細脈妖,1
12412,籠細脈妖色,1
12413,細脈妖色暖,1
12414,脈妖色暖鮮,1
12415,妖色暖鮮膚,1
12416,色暖鮮膚滿,1
12417,暖鮮膚滿蕊,1
12418,鮮膚滿蕊攢,1
12419,膚滿蕊攢黃,1
12420,滿蕊攢黃粉,1
12421,蕊攢黃粉含,1
12422,攢黃粉含棱,1
12423,黃粉含棱縷,1
12424,粉含棱縷絳,1
12425,含棱縷絳蘇,1
12426,棱縷絳蘇好,1
12427,縷絳蘇好和,1
12428,絳蘇好和熏,1
12429,蘇好和熏禦,1
12430,好和熏禦服,1
12431,和熏禦服堪,1
12432,熏禦服堪畫,1
12433,禦服堪畫入,1
12434,服堪畫入宮,1
12435,堪畫入宮圖,1
12436,畫入宮圖晚,1
12437,入宮圖晚態,1
12438,宮圖晚態愁,1
12439,圖晚態愁新,1
12440,晚態愁新婦,1
12441,態愁新婦殘,1
12442,愁新婦殘妝,1
12443,新婦殘妝望,1
12444,婦殘妝望病,1
12445,殘妝望病夫,1
12446,妝望病夫教,1
12447,望病夫教人,1
12448,病夫教人知,1
12449,夫教人知個,1
12450,教人知個數,1
12451,人知個數留,1
12452,知個數留客,1
12453,個數留客賞,1
12454,數留客賞斯,1
12455,留客賞斯須,1
12456,客賞斯須一,1
12457,賞斯須一夜,1
12458,斯須一夜輕,1
12459,須一夜輕風,1
12460,一夜輕風起,1
12461,夜輕風起千,1
12462,輕風起千金,1
12463,風起千金買,1
12464,起千金買亦,1
12465,千金買亦無,1
12466,金買亦無高,1
12467,買亦無高樹,1
12468,亦無高樹蟬,1
12469,無高樹蟬聲,1
12470,高樹蟬聲秋,1
12471,樹蟬聲秋巷,1
12472,蟬聲秋巷裏,1
12473,聲秋巷裏朱,1
12474,秋巷裏朱門,1
12475,巷裏朱門冷,1
12476,裏朱門冷靜,1
12477,朱門冷靜似,1
12478,門冷靜似閒,1
12479,冷靜似閒居,1
12480,靜似閒居重,1
12481,似閒居重裝,1
12482,閒居重裝墨,1
12483,居重裝墨畫,1
12484,重裝墨畫數,1
12485,裝墨畫數莖,1
12486,墨畫數莖竹,1
12487,畫數莖竹長,1
12488,數莖竹長著,1
12489,莖竹長著香,1
12490,竹長著香熏,1
12491,長著香熏一,1
12492,著香熏一架,1
12493,香熏一架書,1
12494,熏一架書語,1
12495,一架書語笑,1
12496,架書語笑侍,1
12497,書語笑侍兒,1
12498,語笑侍兒知,1
12499,笑侍兒知禮,1
12500,侍兒知禮數,1
12501,兒知禮數吟,1
12502,知禮數吟哦,1
12503,禮數吟哦野,1
12504,數吟哦野客,1
12505,吟哦野客任,1
12506,哦野客任狂,1
12507,野客任狂疏,1
12508,客任狂疏就,1
12509,任狂疏就中,1
12510,狂疏就中愛,1
12511,疏就中愛讀,1
12512,就中愛讀英,1
12513,中愛讀英雄,1
12514,愛讀英雄傳,1
12515,讀英雄傳欲,1
12516,英雄傳欲立,1
12517,雄傳欲立功,1
12518,傳欲立功勳,1
12519,欲立功勳恐,1
12520,立功勳恐不,1
12521,功勳恐不如,1
12522,勳恐不如瘴,1
12523,恐不如瘴雲,1
12524,不如瘴雲梅,1
12525,如瘴雲梅雨,1
12526,瘴雲梅雨不,1
12527,雲梅雨不成,1
12528,梅雨不成泥,1
12529,雨不成泥十,1
12530,不成泥十裏,1
12531,成泥十裏津,1
12532,泥十裏津樓,1
12533,十裏津樓壓,1
12534,裏津樓壓大,1
12535,津樓壓大堤,1
12536,樓壓大堤蜀,1
12537,壓大堤蜀女,1
12538,大堤蜀女下,1
12539,堤蜀女下沙,1
12540,蜀女下沙迎,1
12541,女下沙迎水,1
12542,下沙迎水客,1
12543,沙迎水客巴,1
12544,迎水客巴童,1
12545,水客巴童傍,1
12546,客巴童傍驛,1
12547,巴童傍驛賣,1
12548,童傍驛賣山,1
12549,傍驛賣山雞,1
12550,驛賣山雞寺,1
12551,賣山雞寺多,1
12552,山雞寺多紅,1
12553,雞寺多紅藥,1
12554,寺多紅藥燒,1
12555,多紅藥燒人,1
12556,紅藥燒人眼,1
12557,藥燒人眼地,1
12558,燒人眼地足,1
12559,人眼地足青,1
12560,眼地足青苔,1
12561,地足青苔染,1
12562,足青苔染馬,1
12563,青苔染馬蹄,1
12564,苔染馬蹄夜,1
12565,染馬蹄夜半,1
12566,馬蹄夜半獨,1
12567,蹄夜半獨眠,1
12568,夜半獨眠愁,1
12569,半獨眠愁在,1
12570,獨眠愁在遠,1
12571,眠愁在遠北,1
12572,愁在遠北看,1
12573,在遠北看歸,1
12574,遠北看歸路,1
12575,北看歸路隔,1
12576,看歸路隔蠻,1
12577,歸路隔蠻溪,1
12578,路隔蠻溪膩,1
12579,隔蠻溪膩如,1
12580,蠻溪膩如雲,1
12581,溪膩如雲母,1
12582,膩如雲母輕,1
12583,如雲母輕如,1
12584,雲母輕如粉,1
12585,母輕如粉豔,1
12586,輕如粉豔勝,1
12587,如粉豔勝香,1
12588,粉豔勝香黃,1
12589,豔勝香黃薄,1
12590,勝香黃薄勝,1
12591,香黃薄勝蟬,1
12592,黃薄勝蟬點,1
12593,薄勝蟬點綠,1
12594,勝蟬點綠斜,1
12595,蟬點綠斜蒿,1
12596,點綠斜蒿新,1
12597,綠斜蒿新葉,1
12598,斜蒿新葉嫩,1
12599,蒿新葉嫩添,1
12600,新葉嫩添紅,1
12601,葉嫩添紅石,1
12602,嫩添紅石竹,1
12603,添紅石竹晚,1
12604,紅石竹晚花,1
12605,石竹晚花鮮,1
12606,竹晚花鮮鴛,1
12607,晚花鮮鴛鴦,1
12608,花鮮鴛鴦比,1
12609,鮮鴛鴦比翼,1
12610,鴛鴦比翼人,1
12611,鴦比翼人初,1
12612,比翼人初帖,1
12613,翼人初帖蛺,1
12614,人初帖蛺蝶,1
12615,初帖蛺蝶重,1
12616,帖蛺蝶重飛,1
12617,蛺蝶重飛樣,1
12618,蝶重飛樣未,1
12619,重飛樣未傳,1
12620,飛樣未傳況,1
12621,樣未傳況複,1
12622,未傳況複蕭,1
12623,傳況複蕭郎,1
12624,況複蕭郎有,1
12625,複蕭郎有情,1
12626,蕭郎有情思,1
12627,郎有情思可,1
12628,有情思可憐,1
12629,情思可憐春,1
12630,思可憐春日,1
12631,可憐春日鏡,1
12632,憐春日鏡臺,1
12633,春日鏡臺前,1
12634,日鏡臺前江,1
12635,鏡臺前江陵,1
12636,臺前江陵少,1
12637,前江陵少尹,1
12638,江陵少尹好,1
12639,陵少尹好閑,1
12640,少尹好閑官,1
12641,尹好閑官親,1
12642,好閑官親故,1
12643,閑官親故皆,1
12644,官親故皆來,1
12645,親故皆來勸,1
12646,故皆來勸自,1
12647,皆來勸自寬,1
12648,來勸自寬無,1
12649,勸自寬無事,1
12650,自寬無事日,1
12651,寬無事日長,1
12652,無事日長貧,1
12653,事日長貧不,1
12654,日長貧不易,1
12655,長貧不易有,1
12656,貧不易有才,1
12657,不易有才年,1
12658,易有才年少,1
12659,有才年少屈,1
12660,才年少屈終,1
12661,年少屈終難,1
12662,少屈終難沙,1
12663,屈終難沙頭,1
12664,終難沙頭欲,1
12665,難沙頭欲買,1
12666,沙頭欲買紅,1
12667,頭欲買紅螺,1
12668,欲買紅螺盞,1
12669,買紅螺盞渡,1
12670,紅螺盞渡口,1
12671,螺盞渡口多,1
12672,盞渡口多呈,1
12673,渡口多呈白,1
12674,口多呈白角,1
12675,多呈白角盤,1
12676,呈白角盤應,1
12677,白角盤應向,1
12678,角盤應向章,1
12679,盤應向章華,1
12680,應向章華台,1
12681,向章華台下,1
12682,章華台下醉,1
12683,華台下醉莫,1
12684,台下醉莫沖,1
12685,下醉莫沖雲,1
12686,醉莫沖雲雨,1
12687,莫沖雲雨夜,1
12688,沖雲雨夜深,1
12689,雲雨夜深寒,1
12690,雨夜深寒塵,1
12691,夜深寒塵到,1
12692,深寒塵到朝,1
12693,寒塵到朝元,1
12694,塵到朝元邊,1
12695,到朝元邊使,1
12696,朝元邊使急,1
12697,元邊使急千,1
12698,邊使急千官,1
12699,使急千官夜,1
12700,急千官夜發,1
12701,千官夜發六,1
12702,官夜發六龍,1
12703,夜發六龍回,1
12704,發六龍回輦,1
12705,六龍回輦前,1
12706,龍回輦前月,1
12707,回輦前月照,1
12708,輦前月照羅,1
12709,前月照羅衫,1
12710,月照羅衫淚,1
12711,照羅衫淚馬,1
12712,羅衫淚馬上,1
12713,衫淚馬上風,1
12714,淚馬上風吹,1
12715,馬上風吹蠟,1
12716,上風吹蠟燭,1
12717,風吹蠟燭灰,1
12718,吹蠟燭灰公,1
12719,蠟燭灰公主,1
12720,燭灰公主妝,1
12721,灰公主妝樓,1
12722,公主妝樓金,1
12723,主妝樓金鎖,1
12724,妝樓金鎖澀,1
12725,樓金鎖澀貴,1
12726,金鎖澀貴妃,1
12727,鎖澀貴妃湯,1
12728,澀貴妃湯殿,1
12729,貴妃湯殿玉,1
12730,妃湯殿玉蓮,1
12731,湯殿玉蓮開,1
12732,殿玉蓮開有,1
12733,玉蓮開有時,1
12734,蓮開有時雲,1
12735,開有時雲外,1
12736,有時雲外聞,1
12737,時雲外聞天,1
12738,雲外聞天樂,1
12739,外聞天樂知,1
12740,聞天樂知是,1
12741,天樂知是先,1
12742,樂知是先皇,1
12743,知是先皇沐,1
12744,是先皇沐浴,1
12745,先皇沐浴來,1
12746,皇沐浴來仙,1
12747,沐浴來仙居,1
12748,浴來仙居五,1
12749,來仙居五裏,1
12750,仙居五裏外,1
12751,居五裏外門,1
12752,五裏外門西,1
12753,裏外門西石,1
12754,外門西石路,1
12755,門西石路親,1
12756,西石路親回,1
12757,石路親回禦,1
12758,路親回禦馬,1
12759,親回禦馬蹄,1
12760,回禦馬蹄天,1
12761,禦馬蹄天使,1
12762,馬蹄天使來,1
12763,蹄天使來栽,1
12764,天使來栽宮,1
12765,使來栽宮裏,1
12766,來栽宮裏樹,1
12767,栽宮裏樹羅,1
12768,宮裏樹羅衣,1
12769,裏樹羅衣自,1
12770,樹羅衣自買,1
12771,羅衣自買院,1
12772,衣自買院前,1
12773,自買院前溪,1
12774,買院前溪野,1
12775,院前溪野牛,1
12776,前溪野牛行,1
12777,溪野牛行傍,1
12778,野牛行傍澆,1
12779,牛行傍澆花,1
12780,行傍澆花井,1
12781,傍澆花井本,1
12782,澆花井本主,1
12783,花井本主分,1
12784,井本主分將,1
12785,本主分將灌,1
12786,主分將灌藥,1
12787,分將灌藥畦,1
12788,將灌藥畦樓,1
12789,灌藥畦樓上,1
12790,藥畦樓上鳳,1
12791,畦樓上鳳凰,1
12792,樓上鳳凰飛,1
12793,上鳳凰飛去,1
12794,鳳凰飛去後,1
12795,凰飛去後白,1
12796,飛去後白雲,1
12797,去後白雲紅,1
12798,後白雲紅葉,1
12799,白雲紅葉屬,1
12800,雲紅葉屬山,1
12801,紅葉屬山雞,1
12802,葉屬山雞高,1
12803,屬山雞高亭,1
12804,山雞高亭望,1
12805,雞高亭望見,1
12806,高亭望見長,1
12807,亭望見長安,1
12808,望見長安樹,1
12809,見長安樹春,1
12810,長安樹春草,1
12811,安樹春草岡,1
12812,樹春草岡西,1
12813,春草岡西舊,1
12814,草岡西舊院,1
12815,岡西舊院斜,1
12816,西舊院斜光,1
12817,舊院斜光動,1
12818,院斜光動綠,1
12819,斜光動綠煙,1
12820,光動綠煙遮,1
12821,動綠煙遮岸,1
12822,綠煙遮岸竹,1
12823,煙遮岸竹粉,1
12824,遮岸竹粉開,1
12825,岸竹粉開紅,1
12826,竹粉開紅豔,1
12827,粉開紅豔塞,1
12828,開紅豔塞溪,1
12829,紅豔塞溪花,1
12830,豔塞溪花野,1
12831,塞溪花野泉,1
12832,溪花野泉聞,1
12833,花野泉聞洗,1
12834,野泉聞洗親,1
12835,泉聞洗親王,1
12836,聞洗親王馬,1
12837,洗親王馬古,1
12838,親王馬古柳,1
12839,王馬古柳曾,1
12840,馬古柳曾停,1
12841,古柳曾停貴,1
12842,柳曾停貴主,1
12843,曾停貴主車,1
12844,停貴主車妝,1
12845,貴主車妝閣,1
12846,主車妝閣書,1
12847,車妝閣書樓,1
12848,妝閣書樓傾,1
12849,閣書樓傾側,1
12850,書樓傾側盡,1
12851,樓傾側盡雲,1
12852,傾側盡雲山,1
12853,側盡雲山新,1
12854,盡雲山新賣,1
12855,雲山新賣與,1
12856,山新賣與官,1
12857,新賣與官家,1
12858,賣與官家少,1
12859,與官家少年,1
12860,官家少年因,1
12861,家少年因病,1
12862,少年因病離,1
12863,年因病離天,1
12864,因病離天仗,1
12865,病離天仗乞,1
12866,離天仗乞得,1
12867,天仗乞得歸,1
12868,仗乞得歸家,1
12869,乞得歸家自,1
12870,得歸家自養,1
12871,歸家自養身,1
12872,家自養身買,1
12873,自養身買斷,1
12874,養身買斷竹,1
12875,身買斷竹溪,1
12876,買斷竹溪無,1
12877,斷竹溪無別,1
12878,竹溪無別主,1
12879,溪無別主散,1
12880,無別主散分,1
12881,別主散分泉,1
12882,主散分泉水,1
12883,散分泉水與,1
12884,分泉水與新,1
12885,泉水與新鄰,1
12886,水與新鄰山,1
12887,與新鄰山頭,1
12888,新鄰山頭鹿,1
12889,鄰山頭鹿下,1
12890,山頭鹿下長,1
12891,頭鹿下長驚,1
12892,鹿下長驚犬,1
12893,下長驚犬池,1
12894,長驚犬池面,1
12895,驚犬池面魚,1
12896,犬池面魚行,1
12897,池面魚行不,1
12898,面魚行不怕,1
12899,魚行不怕人,1
12900,行不怕人鄉,1
12901,不怕人鄉使,1
12902,怕人鄉使到,1
12903,人鄉使到來,1
12904,鄉使到來常,1
12905,使到來常款,1
12906,到來常款語,1
12907,來常款語還,1
12908,常款語還聞,1
12909,款語還聞世,1
12910,語還聞世上,1
12911,還聞世上有,1
12912,聞世上有功,1
12913,世上有功臣,1
12914,上有功臣精,1
12915,有功臣精思,1
12916,功臣精思堂,1
12917,臣精思堂上,1
12918,精思堂上畫,1
12919,思堂上畫三,1
12920,堂上畫三身,1
12921,上畫三身回,1
12922,畫三身回作,1
12923,三身回作仙,1
12924,身回作仙宮,1
12925,回作仙宮度,1
12926,作仙宮度美,1
12927,仙宮度美人,1
12928,宮度美人賜,1
12929,度美人賜額,1
12930,美人賜額禦,1
12931,人賜額禦書,1
12932,賜額禦書金,1
12933,額禦書金字,1
12934,禦書金字貴,1
12935,書金字貴行,1
12936,金字貴行香,1
12937,字貴行香天,1
12938,貴行香天樂,1
12939,行香天樂羽,1
12940,香天樂羽衣,1
12941,天樂羽衣新,1
12942,樂羽衣新空,1
12943,羽衣新空廊,1
12944,衣新空廊鳥,1
12945,新空廊鳥啄,1
12946,空廊鳥啄花,1
12947,廊鳥啄花磚,1
12948,鳥啄花磚縫,1
12949,啄花磚縫小,1
12950,花磚縫小殿,1
12951,磚縫小殿蟲,1
12952,縫小殿蟲緣,1
12953,小殿蟲緣玉,1
12954,殿蟲緣玉像,1
12955,蟲緣玉像塵,1
12956,緣玉像塵頭,1
12957,玉像塵頭白,1
12958,像塵頭白女,1
12959,塵頭白女冠,1
12960,頭白女冠猶,1
12961,白女冠猶說,1
12962,女冠猶說得,1
12963,冠猶說得薔,1
12964,猶說得薔薇,1
12965,說得薔薇不,1
12966,得薔薇不似,1
12967,薔薇不似已,1
12968,薇不似已前,1
12969,不似已前春,1
12970,似已前春秦,1
12971,已前春秦時,1
12972,前春秦時桃,1
12973,春秦時桃樹,1
12974,秦時桃樹滿,1
12975,時桃樹滿山,1
12976,桃樹滿山坡,1
12977,樹滿山坡騎,1
12978,滿山坡騎鹿,1
12979,山坡騎鹿先,1
12980,坡騎鹿先生,1
12981,騎鹿先生降,1
12982,鹿先生降大,1
12983,先生降大羅,1
12984,生降大羅路,1
12985,降大羅路盡,1
12986,大羅路盡溪,1
12987,羅路盡溪頭,1
12988,路盡溪頭逢,1
12989,盡溪頭逢地,1
12990,溪頭逢地少,1
12991,頭逢地少門,1
12992,逢地少門連,1
12993,地少門連內,1
12994,少門連內裏,1
12995,門連內裏見,1
12996,連內裏見天,1
12997,內裏見天多,1
12998,裏見天多荒,1
12999,見天多荒泉,1
13000,天多荒泉壞,1
13001,多荒泉壞簡,1
13002,荒泉壞簡朱,1
13003,泉壞簡朱砂,1
13004,壞簡朱砂暗,1
13005,簡朱砂暗古,1
13006,朱砂暗古塔,1
13007,砂暗古塔殘,1
13008,暗古塔殘經,1
13009,古塔殘經篆,1
13010,塔殘經篆字,1
13011,殘經篆字訛,1
13012,經篆字訛聞,1
13013,篆字訛聞說,1
13014,字訛聞說開,1
13015,訛聞說開元,1
13016,聞說開元齋,1
13017,說開元齋醮,1
13018,開元齋醮日,1
13019,元齋醮日曉,1
13020,齋醮日曉移,1
13021,醮日曉移行,1
13022,日曉移行漏,1
13023,曉移行漏帝,1
13024,移行漏帝親,1
13025,行漏帝親過,1
13026,漏帝親過逍,1
13027,帝親過逍遙,1
13028,親過逍遙翁,1
13029,過逍遙翁在,1
13030,逍遙翁在此,1
13031,遙翁在此裴,1
13032,翁在此裴回,1
13033,在此裴回帝,1
13034,此裴回帝改,1
13035,裴回帝改溪,1
13036,回帝改溪名,1
13037,帝改溪名起,1
13038,改溪名起石,1
13039,溪名起石台,1
13040,名起石台車,1
13041,起石台車馬,1
13042,石台車馬到,1
13043,台車馬到春,1
13044,車馬到春常,1
13045,馬到春常借,1
13046,到春常借問,1
13047,春常借問子,1
13048,常借問子孫,1
13049,借問子孫因,1
13050,問子孫因選,1
13051,子孫因選暫,1
13052,孫因選暫歸,1
13053,因選暫歸來,1
13054,選暫歸來稀,1
13055,暫歸來稀疏,1
13056,歸來稀疏野,1
13057,來稀疏野竹,1
13058,稀疏野竹人,1
13059,疏野竹人移,1
13060,野竹人移折,1
13061,竹人移折零,1
13062,人移折零落,1
13063,移折零落蕉,1
13064,折零落蕉花,1
13065,零落蕉花雨,1
13066,落蕉花雨打,1
13067,蕉花雨打開,1
13068,花雨打開無,1
13069,雨打開無主,1
13070,打開無主青,1
13071,開無主青山,1
13072,無主青山何,1
13073,主青山何所,1
13074,青山何所直,1
13075,山何所直賣,1
13076,何所直賣供,1
13077,所直賣供官,1
13078,直賣供官稅,1
13079,賣供官稅不,1
13080,供官稅不如,1
13081,官稅不如灰,1
13082,稅不如灰山,1
13083,不如灰山客,1
13084,如灰山客長,1
13085,灰山客長須,1
13086,山客長須少,1
13087,客長須少在,1
13088,長須少在時,1
13089,須少在時溪,1
13090,少在時溪中,1
13091,在時溪中放,1
13092,時溪中放鶴,1
13093,溪中放鶴洞,1
13094,中放鶴洞中,1
13095,放鶴洞中棋,1
13096,鶴洞中棋生,1
13097,洞中棋生金,1
13098,中棋生金有,1
13099,棋生金有氣,1
13100,生金有氣尋,1
13101,金有氣尋還,1
13102,有氣尋還遠,1
13103,氣尋還遠仙,1
13104,尋還遠仙藥,1
13105,還遠仙藥成,1
13106,遠仙藥成窠,1
13107,仙藥成窠見,1
13108,藥成窠見即,1
13109,成窠見即移,1
13110,窠見即移莫,1
13111,見即移莫為,1
13112,即移莫為無,1
13113,移莫為無家,1
13114,莫為無家陪,1
13115,為無家陪寺,1
13116,無家陪寺食,1
13117,家陪寺食應,1
13118,陪寺食應緣,1
13119,寺食應緣將,1
13120,食應緣將米,1
13121,應緣將米寄,1
13122,緣將米寄人,1
13123,將米寄人炊,1
13124,米寄人炊從,1
13125,寄人炊從頭,1
13126,人炊從頭石,1
13127,炊從頭石上,1
13128,從頭石上留,1
13129,頭石上留名,1
13130,石上留名去,1
13131,上留名去獨,1
13132,留名去獨向,1
13133,名去獨向南,1
13134,去獨向南峰,1
13135,獨向南峰問,1
13136,向南峰問老,1
13137,南峰問老師,1
13138,峰問老師青,1
13139,問老師青崖,1
13140,老師青崖白,1
13141,師青崖白石,1
13142,青崖白石夾,1
13143,崖白石夾城,1
13144,白石夾城東,1
13145,石夾城東泉,1
13146,夾城東泉脈,1
13147,城東泉脈鐘,1
13148,東泉脈鐘聲,1
13149,泉脈鐘聲內,1
13150,脈鐘聲內裏,1
13151,鐘聲內裏通,1
13152,聲內裏通地,1
13153,內裏通地壓,1
13154,裏通地壓龍,1
13155,通地壓龍蛇,1
13156,地壓龍蛇山,1
13157,壓龍蛇山色,1
13158,龍蛇山色別,1
13159,蛇山色別屋,1
13160,山色別屋連,1
13161,色別屋連宮,1
13162,別屋連宮殿,1
13163,屋連宮殿匠,1
13164,連宮殿匠名,1
13165,宮殿匠名同,1
13166,殿匠名同簷,1
13167,匠名同簷燈,1
13168,名同簷燈經,1
13169,同簷燈經夏,1
13170,簷燈經夏紗,1
13171,燈經夏紗籠,1
13172,經夏紗籠黑,1
13173,夏紗籠黑溪,1
13174,紗籠黑溪葉,1
13175,籠黑溪葉先,1
13176,黑溪葉先秋,1
13177,溪葉先秋臘,1
13178,葉先秋臘樹,1
13179,先秋臘樹紅,1
13180,秋臘樹紅天,1
13181,臘樹紅天子,1
13182,樹紅天子親,1
13183,紅天子親題,1
13184,天子親題詩,1
13185,子親題詩總,1
13186,親題詩總在,1
13187,題詩總在畫,1
13188,詩總在畫扉,1
13189,總在畫扉長,1
13190,在畫扉長鎖,1
13191,畫扉長鎖碧,1
13192,扉長鎖碧龕,1
13193,長鎖碧龕中,1
13194,鎖碧龕中上,1
13195,碧龕中上方,1
13196,龕中上方台,1
13197,中上方台殿,1
13198,上方台殿第,1
13199,方台殿第三,1
13200,台殿第三層,1
13201,殿第三層朝,1
13202,第三層朝壁,1
13203,三層朝壁紅,1
13204,層朝壁紅窗,1
13205,朝壁紅窗日,1
13206,壁紅窗日氣,1
13207,紅窗日氣凝,1
13208,窗日氣凝煙,1
13209,日氣凝煙霧,1
13210,氣凝煙霧開,1
13211,凝煙霧開時,1
13212,煙霧開時分,1
13213,霧開時分遠,1
13214,開時分遠寺,1
13215,時分遠寺山,1
13216,分遠寺山川,1
13217,遠寺山川晴,1
13218,寺山川晴處,1
13219,山川晴處見,1
13220,川晴處見崇,1
13221,晴處見崇陵,1
13222,處見崇陵沙,1
13223,見崇陵沙灣,1
13224,崇陵沙灣漾,1
13225,陵沙灣漾水,1
13226,沙灣漾水圖,1
13227,灣漾水圖新,1
13228,漾水圖新粉,1
13229,水圖新粉綠,1
13230,圖新粉綠野,1
13231,新粉綠野荒,1
13232,粉綠野荒阡,1
13233,綠野荒阡暈,1
13234,野荒阡暈色,1
13235,荒阡暈色繒,1
13236,阡暈色繒莫,1
13237,暈色繒莫說,1
13238,色繒莫說城,1
13239,繒莫說城南,1
13240,莫說城南月,1
13241,說城南月燈,1
13242,城南月燈閣,1
13243,南月燈閣自,1
13244,月燈閣自諸,1
13245,燈閣自諸樓,1
13246,閣自諸樓看,1
13247,自諸樓看總,1
13248,諸樓看總難,1
13249,樓看總難勝,1
13250,看總難勝隋,1
13251,總難勝隋朝,1
13252,難勝隋朝舊,1
13253,勝隋朝舊寺,1
13254,隋朝舊寺楚,1
13255,朝舊寺楚江,1
13256,舊寺楚江頭,1
13257,寺楚江頭深,1
13258,楚江頭深謝,1
13259,江頭深謝師,1
13260,頭深謝師僧,1
13261,深謝師僧引,1
13262,謝師僧引客,1
13263,師僧引客遊,1
13264,僧引客遊空,1
13265,引客遊空賞,1
13266,客遊空賞野,1
13267,遊空賞野花,1
13268,空賞野花無,1
13269,賞野花無過,1
13270,野花無過夜,1
13271,花無過夜若,1
13272,無過夜若看,1
13273,過夜若看琪,1
13274,夜若看琪樹,1
13275,若看琪樹即,1
13276,看琪樹即須,1
13277,琪樹即須秋,1
13278,樹即須秋紅,1
13279,即須秋紅珠,1
13280,須秋紅珠落,1
13281,秋紅珠落地,1
13282,紅珠落地求,1
13283,珠落地求誰,1
13284,落地求誰與,1
13285,地求誰與青,1
13286,求誰與青角,1
13287,誰與青角垂,1
13288,與青角垂階,1
13289,青角垂階自,1
13290,角垂階自不,1
13291,垂階自不收,1
13292,階自不收願,1
13293,自不收願乞,1
13294,不收願乞野,1
13295,收願乞野人,1
13296,願乞野人三,1
13297,乞野人三兩,1
13298,野人三兩粒,1
13299,人三兩粒歸,1
13300,三兩粒歸家,1
13301,兩粒歸家將,1
13302,粒歸家將助,1
13303,歸家將助小,1
13304,家將助小庭,1
13305,將助小庭幽,1
13306,助小庭幽三,1
13307,小庭幽三年,1
13308,庭幽三年說,1
13309,幽三年說戒,1
13310,三年說戒龍,1
13311,年說戒龍宮,1
13312,說戒龍宮裏,1
13313,戒龍宮裏巡,1
13314,龍宮裏巡禮,1
13315,宮裏巡禮還,1
13316,裏巡禮還來,1
13317,巡禮還來向,1
13318,禮還來向水,1
13319,還來向水行,1
13320,來向水行多,1
13321,向水行多愛,1
13322,水行多愛貧,1
13323,行多愛貧窮,1
13324,多愛貧窮人,1
13325,愛貧窮人遠,1
13326,貧窮人遠請,1
13327,窮人遠請長,1
13328,人遠請長修,1
13329,遠請長修破,1
13330,請長修破落,1
13331,長修破落寺,1
13332,修破落寺先,1
13333,破落寺先成,1
13334,落寺先成秋,1
13335,寺先成秋天,1
13336,先成秋天盆,1
13337,成秋天盆底,1
13338,秋天盆底新,1
13339,天盆底新荷,1
13340,盆底新荷色,1
13341,底新荷色夜,1
13342,新荷色夜地,1
13343,荷色夜地房,1
13344,色夜地房前,1
13345,夜地房前小,1
13346,地房前小竹,1
13347,房前小竹聲,1
13348,前小竹聲僧,1
13349,小竹聲僧院,1
13350,竹聲僧院不,1
13351,聲僧院不求,1
13352,僧院不求諸,1
13353,院不求諸處,1
13354,不求諸處好,1
13355,求諸處好轉,1
13356,諸處好轉經,1
13357,處好轉經唯,1
13358,好轉經唯有,1
13359,轉經唯有一,1
13360,經唯有一窗,1
13361,唯有一窗明,1
13362,有一窗明欲,1
13363,一窗明欲明,1
13364,窗明欲明天,1
13365,明欲明天色,1
13366,欲明天色白,1
13367,明天色白漫,1
13368,天色白漫漫,1
13369,色白漫漫打,1
13370,白漫漫打葉,1
13371,漫漫打葉穿,1
13372,漫打葉穿簾,1
13373,打葉穿簾雪,1
13374,葉穿簾雪未,1
13375,穿簾雪未幹,1
13376,簾雪未幹薄,1
13377,雪未幹薄落,1
13378,未幹薄落階,1
13379,幹薄落階前,1
13380,薄落階前人,1
13381,落階前人踏,1
13382,階前人踏盡,1
13383,前人踏盡差,1
13384,人踏盡差池,1
13385,踏盡差池樹,1
13386,盡差池樹裏,1
13387,差池樹裏鳥,1
13388,池樹裏鳥銜,1
13389,樹裏鳥銜殘,1
13390,裏鳥銜殘旋,1
13391,鳥銜殘旋銷,1
13392,銜殘旋銷迎,1
13393,殘旋銷迎暖,1
13394,旋銷迎暖沾,1
13395,銷迎暖沾牆,1
13396,迎暖沾牆少,1
13397,暖沾牆少斜,1
13398,沾牆少斜舞,1
13399,牆少斜舞遮,1
13400,少斜舞遮春,1
13401,斜舞遮春到,1
13402,舞遮春到地,1
13403,遮春到地難,1
13404,春到地難勞,1
13405,到地難勞動,1
13406,地難勞動更,1
13407,難勞動更裁,1
13408,勞動更裁新,1
13409,動更裁新樣,1
13410,更裁新樣綺,1
13411,裁新樣綺紅,1
13412,新樣綺紅燈,1
13413,樣綺紅燈一,1
13414,綺紅燈一夜,1
13415,紅燈一夜剪,1
13416,燈一夜剪刀,1
13417,一夜剪刀寒,1
13418,夜剪刀寒愛,1
13419,剪刀寒愛仙,1
13420,刀寒愛仙無,1
13421,寒愛仙無藥,1
13422,愛仙無藥住,1
13423,仙無藥住溪,1
13424,無藥住溪貧,1
13425,藥住溪貧脫,1
13426,住溪貧脫卻,1
13427,溪貧脫卻山,1
13428,貧脫卻山衣,1
13429,脫卻山衣事,1
13430,卻山衣事漢,1
13431,山衣事漢臣,1
13432,衣事漢臣夜,1
13433,事漢臣夜半,1
13434,漢臣夜半聽,1
13435,臣夜半聽雞,1
13436,夜半聽雞梳,1
13437,半聽雞梳白,1
13438,聽雞梳白髮,1
13439,雞梳白髮天,1
13440,梳白髮天明,1
13441,白髮天明走,1
13442,髮天明走馬,1
13443,天明走馬入,1
13444,明走馬入紅,1
13445,走馬入紅塵,1
13446,馬入紅塵村,1
13447,入紅塵村童,1
13448,紅塵村童近,1
13449,塵村童近去,1
13450,村童近去嫌,1
13451,童近去嫌腥,1
13452,近去嫌腥食,1
13453,去嫌腥食野,1
13454,嫌腥食野鶴,1
13455,腥食野鶴高,1
13456,食野鶴高飛,1
13457,野鶴高飛避,1
13458,鶴高飛避俗,1
13459,高飛避俗人,1
13460,飛避俗人勞,1
13461,避俗人勞動,1
13462,俗人勞動先,1
13463,人勞動先生,1
13464,勞動先生遠,1
13465,動先生遠相,1
13466,先生遠相示,1
13467,生遠相示別,1
13468,遠相示別來,1
13469,相示別來弓,1
13470,示別來弓箭,1
13471,別來弓箭不,1
13472,來弓箭不離,1
13473,弓箭不離身,1
13474,箭不離身三,1
13475,不離身三軍,1
13476,離身三軍江,1
13477,身三軍江口,1
13478,三軍江口擁,1
13479,軍江口擁雙,1
13480,江口擁雙旌,1
13481,口擁雙旌虎,1
13482,擁雙旌虎帳,1
13483,雙旌虎帳長,1
13484,旌虎帳長開,1
13485,虎帳長開自,1
13486,帳長開自教,1
13487,長開自教兵,1
13488,開自教兵機,1
13489,自教兵機鎖,1
13490,教兵機鎖惡,1
13491,兵機鎖惡徒,1
13492,機鎖惡徒狂,1
13493,鎖惡徒狂寇,1
13494,惡徒狂寇盡,1
13495,徒狂寇盡恩,1
13496,狂寇盡恩驅,1
13497,寇盡恩驅老,1
13498,盡恩驅老將,1
13499,恩驅老將壯,1
13500,驅老將壯心,1
13501,老將壯心生,1
13502,將壯心生水,1
13503,壯心生水門,1
13504,心生水門向,1
13505,生水門向晚,1
13506,水門向晚茶,1
13507,門向晚茶商,1
13508,向晚茶商鬧,1
13509,晚茶商鬧橋,1
13510,茶商鬧橋市,1
13511,商鬧橋市通,1
13512,鬧橋市通宵,1
13513,橋市通宵酒,1
13514,市通宵酒客,1
13515,通宵酒客行,1
13516,宵酒客行秋,1
13517,酒客行秋日,1
13518,客行秋日梁,1
13519,行秋日梁王,1
13520,秋日梁王池,1
13521,日梁王池閣,1
13522,梁王池閣好,1
13523,王池閣好新,1
13524,池閣好新歌,1
13525,閣好新歌散,1
13526,好新歌散入,1
13527,新歌散入管,1
13528,歌散入管弦,1
13529,散入管弦聲,1
13530,入管弦聲同,1
13531,管弦聲同受,1
13532,弦聲同受艱,1
13533,聲同受艱難,1
13534,同受艱難驃,1
13535,受艱難驃騎,1
13536,艱難驃騎營,1
13537,難驃騎營半,1
13538,驃騎營半年,1
13539,騎營半年中,1
13540,營半年中聽,1
13541,半年中聽揭,1
13542,年中聽揭槍,1
13543,中聽揭槍聲,1
13544,聽揭槍聲草,1
13545,揭槍聲草頭,1
13546,槍聲草頭送,1
13547,聲草頭送酒,1
13548,草頭送酒驅,1
13549,頭送酒驅村,1
13550,送酒驅村樂,1
13551,酒驅村樂賊,1
13552,驅村樂賊裏,1
13553,村樂賊裏看,1
13554,樂賊裏看花,1
13555,賊裏看花著,1
13556,裏看花著探,1
13557,看花著探兵,1
13558,花著探兵講,1
13559,著探兵講易,1
13560,探兵講易工,1
13561,兵講易工夫,1
13562,講易工夫尋,1
13563,易工夫尋已,1
13564,工夫尋已聖,1
13565,夫尋已聖說,1
13566,尋已聖說詩,1
13567,已聖說詩門,1
13568,聖說詩門戶,1
13569,說詩門戶別,1
13570,詩門戶別來,1
13571,門戶別來情,1
13572,戶別來情薦,1
13573,別來情薦書,1
13574,來情薦書自,1
13575,情薦書自入,1
13576,薦書自入無,1
13577,書自入無消,1
13578,自入無消息,1
13579,入無消息賣,1
13580,無消息賣盡,1
13581,消息賣盡寒,1
13582,息賣盡寒衣,1
13583,賣盡寒衣卻,1
13584,盡寒衣卻出,1
13585,寒衣卻出城,1
13586,衣卻出城五,1
13587,卻出城五色,1
13588,出城五色箱,1
13589,城五色箱中,1
13590,五色箱中絳,1
13591,色箱中絳服,1
13592,箱中絳服春,1
13593,中絳服春笏,1
13594,絳服春笏花,1
13595,服春笏花成,1
13596,春笏花成就,1
13597,笏花成就白,1
13598,花成就白魚,1
13599,成就白魚新,1
13600,就白魚新看,1
13601,白魚新看宣,1
13602,魚新看宣賜,1
13603,新看宣賜處,1
13604,看宣賜處驚,1
13605,宣賜處驚回,1
13606,賜處驚回眼,1
13607,處驚回眼著,1
13608,驚回眼著謝,1
13609,回眼著謝恩,1
13610,眼著謝恩時,1
13611,著謝恩時便,1
13612,謝恩時便稱,1
13613,恩時便稱身,1
13614,時便稱身瑞,1
13615,便稱身瑞草,1
13616,稱身瑞草唯,1
13617,身瑞草唯承,1
13618,瑞草唯承天,1
13619,草唯承天上,1
13620,唯承天上露,1
13621,承天上露紅,1
13622,天上露紅鸞,1
13623,上露紅鸞不,1
13624,露紅鸞不受,1
13625,紅鸞不受世,1
13626,鸞不受世間,1
13627,不受世間塵,1
13628,受世間塵翰,1
13629,世間塵翰林,1
13630,間塵翰林同,1
13631,塵翰林同賀,1
13632,翰林同賀文,1
13633,林同賀文章,1
13634,同賀文章出,1
13635,賀文章出驚,1
13636,文章出驚動,1
13637,章出驚動茫,1
13638,出驚動茫茫,1
13639,驚動茫茫下,1
13640,動茫茫下界,1
13641,茫茫下界人,1
13642,茫下界人人,1
13643,下界人人皆,1
13644,界人人皆欲,1
13645,人人皆欲得,1
13646,人皆欲得長,1
13647,皆欲得長年,1
13648,欲得長年少,1
13649,得長年少無,1
13650,長年少無那,1
13651,年少無那排,1
13652,少無那排門,1
13653,無那排門白,1
13654,那排門白髮,1
13655,排門白髮催,1
13656,門白髮催一,1
13657,白髮催一向,1
13658,髮催一向破,1
13659,催一向破除,1
13660,一向破除愁,1
13661,向破除愁不,1
13662,破除愁不盡,1
13663,除愁不盡百,1
13664,愁不盡百方,1
13665,不盡百方回,1
13666,盡百方回避,1
13667,百方回避老,1
13668,方回避老須,1
13669,回避老須來,1
13670,避老須來草,1
13671,老須來草堂,1
13672,須來草堂未,1
13673,來草堂未辦,1
13674,草堂未辦終,1
13675,堂未辦終須,1
13676,未辦終須置,1
13677,辦終須置松,1
13678,終須置松樹,1
13679,須置松樹難,1
13680,置松樹難成,1
13681,松樹難成亦,1
13682,樹難成亦且,1
13683,難成亦且栽,1
13684,成亦且栽瀝,1
13685,亦且栽瀝酒,1
13686,且栽瀝酒願,1
13687,栽瀝酒願從,1
13688,瀝酒願從今,1
13689,酒願從今日,1
13690,願從今日後,1
13691,從今日後更,1
13692,今日後更逢,1
13693,日後更逢二,1
13694,後更逢二十,1
13695,更逢二十度,1
13696,逢二十度花,1
13697,二十度花開,1
13698,十度花開癡,1
13699,度花開癡頑,1
13700,花開癡頑終,1
13701,開癡頑終日,1
13702,癡頑終日羨,1
13703,頑終日羨人,1
13704,終日羨人閑,1
13705,日羨人閑卻,1
13706,羨人閑卻喜,1
13707,人閑卻喜因,1
13708,閑卻喜因官,1
13709,卻喜因官得,1
13710,喜因官得近,1
13711,因官得近山,1
13712,官得近山斜,1
13713,得近山斜對,1
13714,近山斜對寺,1
13715,山斜對寺樓,1
13716,斜對寺樓分,1
13717,對寺樓分寂,1
13718,寺樓分寂寂,1
13719,樓分寂寂遠,1
13720,分寂寂遠從,1
13721,寂寂遠從溪,1
13722,寂遠從溪路,1
13723,遠從溪路借,1
13724,從溪路借潺,1
13725,溪路借潺潺,1
13726,路借潺潺眇,1
13727,借潺潺眇身,1
13728,潺潺眇身多,1
13729,潺眇身多病,1
13730,眇身多病唯,1
13731,身多病唯親,1
13732,多病唯親藥,1
13733,病唯親藥空,1
13734,唯親藥空院,1
13735,親藥空院無,1
13736,藥空院無錢,1
13737,空院無錢不,1
13738,院無錢不要,1
13739,無錢不要關,1
13740,錢不要關文,1
13741,不要關文案,1
13742,要關文案把,1
13743,關文案把來,1
13744,文案把來看,1
13745,案把來看未,1
13746,把來看未會,1
13747,來看未會雖,1
13748,看未會雖書,1
13749,未會雖書一,1
13750,會雖書一字,1
13751,雖書一字甚,1
13752,書一字甚慚,1
13753,一字甚慚顏,1
13754,字甚慚顏因,1
13755,甚慚顏因依,1
13756,慚顏因依老,1
13757,顏因依老宿,1
13758,因依老宿發,1
13759,依老宿發心,1
13760,老宿發心初,1
13761,宿發心初半,1
13762,發心初半學,1
13763,心初半學修,1
13764,初半學修心,1
13765,半學修心半,1
13766,學修心半讀,1
13767,修心半讀書,1
13768,心半讀書雪,1
13769,半讀書雪後,1
13770,讀書雪後每,1
13771,書雪後每常,1
13772,雪後每常同,1
13773,後每常同席,1
13774,每常同席臥,1
13775,常同席臥花,1
13776,同席臥花時,1
13777,席臥花時未,1
13778,臥花時未省,1
13779,花時未省兩,1
13780,時未省兩山,1
13781,未省兩山居,1
13782,省兩山居獵,1
13783,兩山居獵人,1
13784,山居獵人箭,1
13785,居獵人箭底,1
13786,獵人箭底求,1
13787,人箭底求傷,1
13788,箭底求傷雁,1
13789,底求傷雁釣,1
13790,求傷雁釣戶,1
13791,傷雁釣戶竿,1
13792,雁釣戶竿頭,1
13793,釣戶竿頭乞,1
13794,戶竿頭乞活,1
13795,竿頭乞活魚,1
13796,頭乞活魚一,1
13797,乞活魚一向,1
13798,活魚一向風,1
13799,魚一向風塵,1
13800,一向風塵取,1
13801,向風塵取煩,1
13802,風塵取煩惱,1
13803,塵取煩惱不,1
13804,取煩惱不知,1
13805,煩惱不知衰,1
13806,惱不知衰病,1
13807,不知衰病日,1
13808,知衰病日難,1
13809,衰病日難除,1
13810,病日難除尋,1
13811,日難除尋春,1
13812,難除尋春何,1
13813,除尋春何事,1
13814,尋春何事卻,1
13815,春何事卻悲,1
13816,何事卻悲涼,1
13817,事卻悲涼春,1
13818,卻悲涼春到,1
13819,悲涼春到他,1
13820,涼春到他鄉,1
13821,春到他鄉憶,1
13822,到他鄉憶故,1
13823,他鄉憶故鄉,1
13824,鄉憶故鄉秦,1
13825,憶故鄉秦女,1
13826,故鄉秦女洞,1
13827,鄉秦女洞桃,1
13828,秦女洞桃欹,1
13829,女洞桃欹澗,1
13830,洞桃欹澗碧,1
13831,桃欹澗碧楚,1
13832,欹澗碧楚王,1
13833,澗碧楚王堤,1
13834,碧楚王堤柳,1
13835,楚王堤柳舞,1
13836,王堤柳舞煙,1
13837,堤柳舞煙黃,1
13838,柳舞煙黃波,1
13839,舞煙黃波濤,1
13840,煙黃波濤入,1
13841,黃波濤入夢,1
13842,波濤入夢家,1
13843,濤入夢家山,1
13844,入夢家山遠,1
13845,夢家山遠名,1
13846,家山遠名利,1
13847,山遠名利關,1
13848,遠名利關身,1
13849,名利關身客,1
13850,利關身客路,1
13851,關身客路長,1
13852,身客路長不,1
13853,客路長不似,1
13854,路長不似冥,1
13855,長不似冥心,1
13856,不似冥心叩,1
13857,似冥心叩塵,1
13858,冥心叩塵寂,1
13859,心叩塵寂玉,1
13860,叩塵寂玉編,1
13861,塵寂玉編金,1
13862,寂玉編金軸,1
13863,玉編金軸有,1
13864,編金軸有仙,1
13865,金軸有仙方,1
13866,軸有仙方一,1
13867,有仙方一別,1
13868,仙方一別京,1
13869,方一別京華,1
13870,一別京華年,1
13871,別京華年歲,1
13872,京華年歲久,1
13873,華年歲久卷,1
13874,年歲久卷中,1
13875,歲久卷中多,1
13876,久卷中多見,1
13877,卷中多見嶺,1
13878,中多見嶺南,1
13879,多見嶺南詩,1
13880,見嶺南詩聲,1
13881,嶺南詩聲名,1
13882,南詩聲名已,1
13883,詩聲名已壓,1
13884,聲名已壓眾,1
13885,名已壓眾人,1
13886,已壓眾人上,1
13887,壓眾人上愁,1
13888,眾人上愁思,1
13889,人上愁思未,1
13890,上愁思未平,1
13891,愁思未平雙,1
13892,思未平雙鬢,1
13893,未平雙鬢知,1
13894,平雙鬢知江,1
13895,雙鬢知江郡,1
13896,鬢知江郡遷,1
13897,知江郡遷移,1
13898,江郡遷移猶,1
13899,郡遷移猶遠,1
13900,遷移猶遠地,1
13901,移猶遠地仙,1
13902,猶遠地仙官,1
13903,遠地仙官榮,1
13904,地仙官榮寵,1
13905,仙官榮寵是,1
13906,官榮寵是分,1
13907,榮寵是分司,1
13908,寵是分司青,1
13909,是分司青天,1
13910,分司青天白,1
13911,司青天白日,1
13912,青天白日當,1
13913,天白日當頭,1
13914,白日當頭上,1
13915,日當頭上會,1
13916,當頭上會有,1
13917,頭上會有求,1
13918,上會有求閑,1
13919,會有求閑不,1
13920,有求閑不得,1
13921,求閑不得時,1
13922,閑不得時旌,1
13923,不得時旌旗,1
13924,得時旌旗坐,1
13925,時旌旗坐鎮,1
13926,旌旗坐鎮蜀,1
13927,旗坐鎮蜀江,1
13928,坐鎮蜀江雄,1
13929,鎮蜀江雄帝,1
13930,蜀江雄帝命,1
13931,江雄帝命重,1
13932,雄帝命重開,1
13933,帝命重開舊,1
13934,命重開舊合,1
13935,重開舊合崇,1
13936,開舊合崇褒,1
13937,舊合崇褒貶,1
13938,合崇褒貶唐,1
13939,崇褒貶唐書,1
13940,褒貶唐書天,1
13941,貶唐書天曆,1
13942,唐書天曆上,1
13943,書天曆上捧,1
13944,天曆上捧持,1
13945,曆上捧持堯,1
13946,上捧持堯日,1
13947,捧持堯日慶,1
13948,持堯日慶雲,1
13949,堯日慶雲中,1
13950,日慶雲中孤,1
13951,慶雲中孤情,1
13952,雲中孤情迥,1
13953,中孤情迥出,1
13954,孤情迥出鸞,1
13955,情迥出鸞皇,1
13956,迥出鸞皇遠,1
13957,出鸞皇遠健,1
13958,鸞皇遠健思,1
13959,皇遠健思潛,1
13960,遠健思潛搜,1
13961,健思潛搜海,1
13962,思潛搜海嶽,1
13963,潛搜海嶽空,1
13964,搜海嶽空長,1
13965,海嶽空長得,1
13966,嶽空長得蕭,1
13967,空長得蕭何,1
13968,長得蕭何為,1
13969,得蕭何為國,1
13970,蕭何為國相,1
13971,何為國相自,1
13972,為國相自西,1
13973,國相自西流,1
13974,相自西流水,1
13975,自西流水盡,1
13976,西流水盡朝,1
13977,流水盡朝宗,1
13978,水盡朝宗傳,1
13979,盡朝宗傳封,1
13980,朝宗傳封三,1
13981,宗傳封三世,1
13982,傳封三世盡,1
13983,封三世盡河,1
13984,三世盡河東,1
13985,世盡河東家,1
13986,盡河東家占,1
13987,河東家占中,1
13988,東家占中條,1
13989,家占中條第,1
13990,占中條第一,1
13991,中條第一峰,1
13992,條第一峰旱,1
13993,第一峰旱歲,1
13994,一峰旱歲天,1
13995,峰旱歲天教,1
13996,旱歲天教作,1
13997,歲天教作霖,1
13998,天教作霖雨,1
13999,教作霖雨明,1
14000,作霖雨明時,1
14001,霖雨明時帝,1
14002,雨明時帝用,1
14003,明時帝用補,1
14004,時帝用補山,1
14005,帝用補山龍,1
14006,用補山龍草,1
14007,補山龍草開,1
14008,山龍草開舊,1
14009,龍草開舊路,1
14010,草開舊路沙,1
14011,開舊路沙痕,1
14012,舊路沙痕在,1
14013,路沙痕在日,1
14014,沙痕在日照,1
14015,痕在日照新,1
14016,在日照新池,1
14017,日照新池鳳,1
14018,照新池鳳跡,1
14019,新池鳳跡重,1
14020,池鳳跡重卑,1
14021,鳳跡重卑散,1
14022,跡重卑散自,1
14023,重卑散自知,1
14024,卑散自知霄,1
14025,散自知霄漢,1
14026,自知霄漢隔,1
14027,知霄漢隔若,1
14028,霄漢隔若為,1
14029,漢隔若為門,1
14030,隔若為門下,1
14031,若為門下賜,1
14032,為門下賜從,1
14033,門下賜從容,1
14034,下賜從容小,1
14035,賜從容小松,1
14036,從容小松雙,1
14037,容小松雙對,1
14038,小松雙對鳳,1
14039,松雙對鳳池,1
14040,雙對鳳池開,1
14041,對鳳池開履,1
14042,鳳池開履跡,1
14043,池開履跡衣,1
14044,開履跡衣香,1
14045,履跡衣香逼,1
14046,跡衣香逼上,1
14047,衣香逼上臺,1
14048,香逼上臺天,1
14049,逼上臺天意,1
14050,上臺天意皆,1
14051,臺天意皆從,1
14052,天意皆從彩,1
14053,意皆從彩毫,1
14054,皆從彩毫出,1
14055,從彩毫出宸,1
14056,彩毫出宸心,1
14057,毫出宸心盡,1
14058,出宸心盡向,1
14059,宸心盡向紫,1
14060,心盡向紫煙,1
14061,盡向紫煙來,1
14062,向紫煙來非,1
14063,紫煙來非時,1
14064,煙來非時玉,1
14065,來非時玉案,1
14066,非時玉案呈,1
14067,時玉案呈宣,1
14068,玉案呈宣旨,1
14069,案呈宣旨每,1
14070,呈宣旨每日,1
14071,宣旨每日金,1
14072,旨每日金階,1
14073,每日金階謝,1
14074,日金階謝賜,1
14075,金階謝賜回,1
14076,階謝賜回仙,1
14077,謝賜回仙侶,1
14078,賜回仙侶何,1
14079,回仙侶何因,1
14080,仙侶何因記,1
14081,侶何因記名,1
14082,何因記名姓,1
14083,因記名姓縣,1
14084,記名姓縣丞,1
14085,名姓縣丞頭,1
14086,姓縣丞頭白,1
14087,縣丞頭白走,1
14088,丞頭白走塵,1
14089,頭白走塵埃,1
14090,白走塵埃學,1
14091,走塵埃學士,1
14092,塵埃學士金,1
14093,埃學士金鑾,1
14094,學士金鑾殿,1
14095,士金鑾殿后,1
14096,金鑾殿后居,1
14097,鑾殿后居天,1
14098,殿后居天中,1
14099,后居天中行,1
14100,居天中行坐,1
14101,天中行坐侍,1
14102,中行坐侍龍,1
14103,行坐侍龍輿,1
14104,坐侍龍輿承,1
14105,侍龍輿承恩,1
14106,龍輿承恩不,1
14107,輿承恩不許,1
14108,承恩不許離,1
14109,恩不許離床,1
14110,不許離床謝,1
14111,許離床謝密,1
14112,離床謝密詔,1
14113,床謝密詔常,1
14114,謝密詔常教,1
14115,密詔常教倚,1
14116,詔常教倚案,1
14117,常教倚案書,1
14118,教倚案書馬,1
14119,倚案書馬上,1
14120,案書馬上喚,1
14121,書馬上喚遮,1
14122,馬上喚遮紅,1
14123,上喚遮紅觜,1
14124,喚遮紅觜鴨,1
14125,遮紅觜鴨船,1
14126,紅觜鴨船頭,1
14127,觜鴨船頭看,1
14128,鴨船頭看釣,1
14129,船頭看釣赤,1
14130,頭看釣赤鱗,1
14131,看釣赤鱗魚,1
14132,釣赤鱗魚閑,1
14133,赤鱗魚閑曹,1
14134,鱗魚閑曹散,1
14135,魚閑曹散吏,1
14136,閑曹散吏無,1
14137,曹散吏無相,1
14138,散吏無相識,1
14139,吏無相識猶,1
14140,無相識猶記,1
14141,相識猶記荊,1
14142,識猶記荊州,1
14143,猶記荊州拜,1
14144,記荊州拜謁,1
14145,荊州拜謁初,1
14146,州拜謁初青,1
14147,拜謁初青蛾,1
14148,謁初青蛾不,1
14149,初青蛾不得,1
14150,青蛾不得在,1
14151,蛾不得在床,1
14152,不得在床前,1
14153,得在床前空,1
14154,在床前空室,1
14155,床前空室焚,1
14156,前空室焚香,1
14157,空室焚香獨,1
14158,室焚香獨自,1
14159,焚香獨自眠,1
14160,香獨自眠功,1
14161,獨自眠功證,1
14162,自眠功證詩,1
14163,眠功證詩篇,1
14164,功證詩篇離,1
14165,證詩篇離景,1
14166,詩篇離景象,1
14167,篇離景象藥,1
14168,離景象藥成,1
14169,景象藥成官,1
14170,象藥成官位,1
14171,藥成官位屬,1
14172,成官位屬神,1
14173,官位屬神仙,1
14174,位屬神仙閑,1
14175,屬神仙閑過,1
14176,神仙閑過寺,1
14177,仙閑過寺觀,1
14178,閑過寺觀長,1
14179,過寺觀長沖,1
14180,寺觀長沖夜,1
14181,觀長沖夜立,1
14182,長沖夜立送,1
14183,沖夜立送封,1
14184,夜立送封章,1
14185,立送封章直,1
14186,送封章直上,1
14187,封章直上天,1
14188,章直上天近,1
14189,直上天近見,1
14190,上天近見蘭,1
14191,天近見蘭台,1
14192,近見蘭台諸,1
14193,見蘭台諸吏,1
14194,蘭台諸吏說,1
14195,台諸吏說禦,1
14196,諸吏說禦詩,1
14197,吏說禦詩新,1
14198,說禦詩新集,1
14199,禦詩新集未,1
14200,詩新集未教,1
14201,新集未教傳,1
14202,集未教傳合,1
14203,未教傳合歸,1
14204,教傳合歸蘭,1
14205,傳合歸蘭署,1
14206,合歸蘭署已,1
14207,歸蘭署已多,1
14208,蘭署已多時,1
14209,署已多時上,1
14210,已多時上得,1
14211,多時上得金,1
14212,時上得金梯,1
14213,上得金梯亦,1
14214,得金梯亦未,1
14215,金梯亦未遲,1
14216,梯亦未遲兩,1
14217,亦未遲兩省,1
14218,未遲兩省郎,1
14219,遲兩省郎官,1
14220,兩省郎官開,1
14221,省郎官開道,1
14222,郎官開道路,1
14223,官開道路九,1
14224,開道路九州,1
14225,道路九州山,1
14226,路九州山澤,1
14227,九州山澤屬,1
14228,州山澤屬曹,1
14229,山澤屬曹司,1
14230,澤屬曹司諸,1
14231,屬曹司諸生,1
14232,曹司諸生拜,1
14233,司諸生拜別,1
14234,諸生拜別收,1
14235,生拜別收書,1
14236,拜別收書卷,1
14237,別收書卷舊,1
14238,收書卷舊客,1
14239,書卷舊客看,1
14240,卷舊客看來,1
14241,舊客看來讀,1
14242,客看來讀制,1
14243,看來讀制詞,1
14244,來讀制詞殘,1
14245,讀制詞殘著,1
14246,制詞殘著幾,1
14247,詞殘著幾丸,1
14248,殘著幾丸仙,1
14249,著幾丸仙藥,1
14250,幾丸仙藥在,1
14251,丸仙藥在分,1
14252,仙藥在分張,1
14253,藥在分張還,1
14254,在分張還遣,1
14255,分張還遣病,1
14256,張還遣病夫,1
14257,還遣病夫知,1
14258,遣病夫知承,1
14259,病夫知承恩,1
14260,夫知承恩新,1
14261,知承恩新拜,1
14262,承恩新拜上,1
14263,恩新拜上將,1
14264,新拜上將軍,1
14265,拜上將軍當,1
14266,上將軍當直,1
14267,將軍當直巡,1
14268,軍當直巡更,1
14269,當直巡更近,1
14270,直巡更近五,1
14271,巡更近五雲,1
14272,更近五雲天,1
14273,近五雲天下,1
14274,五雲天下表,1
14275,雲天下表章,1
14276,天下表章經,1
14277,下表章經院,1
14278,表章經院過,1
14279,章經院過宮,1
14280,經院過宮中,1
14281,院過宮中語,1
14282,過宮中語笑,1
14283,宮中語笑隔,1
14284,中語笑隔牆,1
14285,語笑隔牆聞,1
14286,笑隔牆聞密,1
14287,隔牆聞密封,1
14288,牆聞密封計,1
14289,聞密封計策,1
14290,密封計策非,1
14291,封計策非時,1
14292,計策非時奏,1
14293,策非時奏別,1
14294,非時奏別賜,1
14295,時奏別賜衣,1
14296,奏別賜衣裳,1
14297,別賜衣裳到,1
14298,賜衣裳到處,1
14299,衣裳到處熏,1
14300,裳到處熏向,1
14301,到處熏向晚,1
14302,處熏向晚臨,1
14303,熏向晚臨階,1
14304,向晚臨階看,1
14305,晚臨階看號,1
14306,臨階看號簿,1
14307,階看號簿眼,1
14308,看號簿眼前,1
14309,號簿眼前風,1
14310,簿眼前風景,1
14311,眼前風景任,1
14312,前風景任支,1
14313,風景任支分,1
14314,景任支分初,1
14315,任支分初從,1
14316,支分初從學,1
14317,分初從學院,1
14318,初從學院別,1
14319,從學院別先,1
14320,學院別先生,1
14321,院別先生便,1
14322,別先生便領,1
14323,先生便領偏,1
14324,生便領偏師,1
14325,便領偏師得,1
14326,領偏師得戰,1
14327,偏師得戰名,1
14328,師得戰名大,1
14329,得戰名大小,1
14330,戰名大小獨,1
14331,名大小獨當,1
14332,大小獨當三,1
14333,小獨當三百,1
14334,獨當三百陣,1
14335,當三百陣縱,1
14336,三百陣縱橫,1
14337,百陣縱橫只,1
14338,陣縱橫只用,1
14339,縱橫只用五,1
14340,橫只用五千,1
14341,只用五千兵,1
14342,用五千兵回,1
14343,五千兵回殘,1
14344,千兵回殘匹,1
14345,兵回殘匹帛,1
14346,回殘匹帛歸,1
14347,殘匹帛歸天,1
14348,匹帛歸天庫,1
14349,帛歸天庫分,1
14350,歸天庫分好,1
14351,天庫分好旌,1
14352,庫分好旌旗,1
14353,分好旌旗入,1
14354,好旌旗入禁,1
14355,旌旗入禁營,1
14356,旗入禁營自,1
14357,入禁營自執,1
14358,禁營自執金,1
14359,營自執金吾,1
14360,自執金吾長,1
14361,執金吾長上,1
14362,金吾長上直,1
14363,吾長上直蓬,1
14364,長上直蓬萊,1
14365,上直蓬萊宮,1
14366,直蓬萊宮裏,1
14367,蓬萊宮裏夜,1
14368,萊宮裏夜巡,1
14369,宮裏夜巡更,1
14370,裏夜巡更書,1
14371,夜巡更書生,1
14372,巡更書生難,1
14373,更書生難得,1
14374,書生難得是,1
14375,生難得是金,1
14376,難得是金吾,1
14377,得是金吾近,1
14378,是金吾近日,1
14379,金吾近日登,1
14380,吾近日登科,1
14381,近日登科記,1
14382,日登科記總,1
14383,登科記總無,1
14384,科記總無半,1
14385,記總無半夜,1
14386,總無半夜進,1
14387,無半夜進儺,1
14388,半夜進儺當,1
14389,夜進儺當玉,1
14390,進儺當玉殿,1
14391,儺當玉殿未,1
14392,當玉殿未明,1
14393,玉殿未明排,1
14394,殿未明排仗,1
14395,未明排仗到,1
14396,明排仗到銅,1
14397,排仗到銅壺,1
14398,仗到銅壺朱,1
14399,到銅壺朱牌,1
14400,銅壺朱牌面,1
14401,壺朱牌面上,1
14402,朱牌面上分,1
14403,牌面上分官,1
14404,面上分官契,1
14405,上分官契黃,1
14406,分官契黃紙,1
14407,官契黃紙頭,1
14408,契黃紙頭邊,1
14409,黃紙頭邊押,1
14410,紙頭邊押敕,1
14411,頭邊押敕符,1
14412,邊押敕符恐,1
14413,押敕符恐要,1
14414,敕符恐要蕃,1
14415,符恐要蕃中,1
14416,恐要蕃中新,1
14417,要蕃中新道,1
14418,蕃中新道路,1
14419,中新道路指,1
14420,新道路指揮,1
14421,道路指揮重,1
14422,路指揮重畫,1
14423,指揮重畫五,1
14424,揮重畫五城,1
14425,重畫五城圖,1
14426,畫五城圖擬,1
14427,五城圖擬報,1
14428,城圖擬報平,1
14429,圖擬報平生,1
14430,擬報平生未,1
14431,報平生未殺,1
14432,平生未殺身,1
14433,生未殺身難,1
14434,未殺身難離,1
14435,殺身難離門,1
14436,身難離門館,1
14437,難離門館起,1
14438,離門館起居,1
14439,門館起居頻,1
14440,館起居頻不,1
14441,起居頻不看,1
14442,居頻不看匣,1
14443,頻不看匣裏,1
14444,不看匣裏釵,1
14445,看匣裏釵頭,1
14446,匣裏釵頭古,1
14447,裏釵頭古猶,1
14448,釵頭古猶戀,1
14449,頭古猶戀機,1
14450,古猶戀機中,1
14451,猶戀機中錦,1
14452,戀機中錦樣,1
14453,機中錦樣新,1
14454,中錦樣新一,1
14455,錦樣新一旦,1
14456,樣新一旦甘,1
14457,新一旦甘為,1
14458,一旦甘為漳,1
14459,旦甘為漳岸,1
14460,甘為漳岸老,1
14461,為漳岸老全,1
14462,漳岸老全家,1
14463,岸老全家卻,1
14464,老全家卻作,1
14465,全家卻作杜,1
14466,家卻作杜陵,1
14467,卻作杜陵人,1
14468,作杜陵人朝,1
14469,杜陵人朝天,1
14470,陵人朝天路,1
14471,人朝天路在,1
14472,朝天路在驪,1
14473,天路在驪山,1
14474,路在驪山下,1
14475,在驪山下專,1
14476,驪山下專望,1
14477,山下專望紅,1
14478,下專望紅旗,1
14479,專望紅旗拜,1
14480,望紅旗拜舊,1
14481,紅旗拜舊塵,1
14482,旗拜舊塵年,1
14483,拜舊塵年少,1
14484,舊塵年少平,1
14485,塵年少平戎,1
14486,年少平戎老,1
14487,少平戎老學,1
14488,平戎老學仙,1
14489,戎老學仙表,1
14490,老學仙表求,1
14491,學仙表求骸,1
14492,仙表求骸骨,1
14493,表求骸骨乞,1
14494,求骸骨乞生,1
14495,骸骨乞生全,1
14496,骨乞生全不,1
14497,乞生全不堪,1
14498,生全不堪腰,1
14499,全不堪腰下,1
14500,不堪腰下懸,1
14501,堪腰下懸金,1
14502,腰下懸金印,1
14503,下懸金印已,1
14504,懸金印已向,1
14505,金印已向雲,1
14506,印已向雲西,1
14507,已向雲西寄,1
14508,向雲西寄玉,1
14509,雲西寄玉田,1
14510,西寄玉田旄,1
14511,寄玉田旄節,1
14512,玉田旄節抱,1
14513,田旄節抱歸,1
14514,旄節抱歸官,1
14515,節抱歸官路,1
14516,抱歸官路上,1
14517,歸官路上公,1
14518,官路上公卿,1
14519,路上公卿送,1
14520,上公卿送到,1
14521,公卿送到國,1
14522,卿送到國門,1
14523,送到國門前,1
14524,到國門前人,1
14525,國門前人間,1
14526,門前人間雞,1
14527,前人間雞犬,1
14528,人間雞犬同,1
14529,間雞犬同時,1
14530,雞犬同時去,1
14531,犬同時去遙,1
14532,同時去遙聽,1
14533,時去遙聽笙,1
14534,去遙聽笙歌,1
14535,遙聽笙歌隔,1
14536,聽笙歌隔水,1
14537,笙歌隔水煙,1
14538,歌隔水煙杏,1
14539,隔水煙杏花,1
14540,水煙杏花壇,1
14541,煙杏花壇上,1
14542,杏花壇上授,1
14543,花壇上授書,1
14544,壇上授書時,1
14545,上授書時不,1
14546,授書時不廢,1
14547,書時不廢中,1
14548,時不廢中庭,1
14549,不廢中庭趁,1
14550,廢中庭趁蝶,1
14551,中庭趁蝶飛,1
14552,庭趁蝶飛暗,1
14553,趁蝶飛暗寫,1
14554,蝶飛暗寫五,1
14555,飛暗寫五經,1
14556,暗寫五經收,1
14557,寫五經收部,1
14558,五經收部秩,1
14559,經收部秩初,1
14560,收部秩初年,1
14561,部秩初年七,1
14562,秩初年七歲,1
14563,初年七歲著,1
14564,年七歲著衫,1
14565,七歲著衫衣,1
14566,歲著衫衣秋,1
14567,著衫衣秋堂,1
14568,衫衣秋堂白,1
14569,衣秋堂白髮,1
14570,秋堂白髮先,1
14571,堂白髮先生,1
14572,白髮先生別,1
14573,髮先生別古,1
14574,先生別古巷,1
14575,生別古巷青,1
14576,別古巷青襟,1
14577,古巷青襟舊,1
14578,巷青襟舊伴,1
14579,青襟舊伴歸,1
14580,襟舊伴歸獨,1
14581,舊伴歸獨向,1
14582,伴歸獨向鳳,1
14583,歸獨向鳳城,1
14584,獨向鳳城持,1
14585,向鳳城持薦,1
14586,鳳城持薦表,1
14587,城持薦表萬,1
14588,持薦表萬人,1
14589,薦表萬人叢,1
14590,表萬人叢裏,1
14591,萬人叢裏有,1
14592,人叢裏有光,1
14593,叢裏有光輝,1
14594,裏有光輝回,1
14595,有光輝回天,1
14596,光輝回天轉,1
14597,輝回天轉地,1
14598,回天轉地是,1
14599,天轉地是將,1
14600,轉地是將軍,1
14601,地是將軍扶,1
14602,是將軍扶助,1
14603,將軍扶助春,1
14604,軍扶助春宮,1
14605,扶助春宮上,1
14606,助春宮上五,1
14607,春宮上五雲,1
14608,宮上五雲撫,1
14609,上五雲撫背,1
14610,五雲撫背恩,1
14611,雲撫背恩雖,1
14612,撫背恩雖同,1
14613,背恩雖同骨,1
14614,恩雖同骨肉,1
14615,雖同骨肉擁,1
14616,同骨肉擁旄,1
14617,骨肉擁旄名,1
14618,肉擁旄名未,1
14619,擁旄名未敵,1
14620,旄名未敵功,1
14621,名未敵功勳,1
14622,未敵功勳盡,1
14623,敵功勳盡收,1
14624,功勳盡收壯,1
14625,勳盡收壯勇,1
14626,盡收壯勇填,1
14627,收壯勇填兵,1
14628,壯勇填兵數,1
14629,勇填兵數不,1
14630,填兵數不向,1
14631,兵數不向蕃,1
14632,數不向蕃渾,1
14633,不向蕃渾奪,1
14634,向蕃渾奪馬,1
14635,蕃渾奪馬群,1
14636,渾奪馬群閑,1
14637,奪馬群閑即,1
14638,馬群閑即單,1
14639,群閑即單于,1
14640,閑即單于台,1
14641,即單于台下,1
14642,單于台下獵,1
14643,于台下獵威,1
14644,台下獵威聲,1
14645,下獵威聲直,1
14646,獵威聲直到,1
14647,威聲直到海,1
14648,聲直到海西,1
14649,直到海西聞,1
14650,到海西聞鄱,1
14651,海西聞鄱陽,1
14652,西聞鄱陽太,1
14653,聞鄱陽太守,1
14654,鄱陽太守是,1
14655,陽太守是真,1
14656,太守是真人,1
14657,守是真人琴,1
14658,是真人琴在,1
14659,真人琴在床,1
14660,人琴在床頭,1
14661,琴在床頭籙,1
14662,在床頭籙在,1
14663,床頭籙在身,1
14664,頭籙在身曾,1
14665,籙在身曾向,1
14666,在身曾向先,1
14667,身曾向先皇,1
14668,曾向先皇邊,1
14669,向先皇邊諫,1
14670,先皇邊諫事,1
14671,皇邊諫事還,1
14672,邊諫事還應,1
14673,諫事還應上,1
14674,事還應上帝,1
14675,還應上帝處,1
14676,應上帝處稱,1
14677,上帝處稱臣,1
14678,帝處稱臣養,1
14679,處稱臣養生,1
14680,稱臣養生自,1
14681,臣養生自有,1
14682,養生自有年,1
14683,生自有年支,1
14684,自有年支藥,1
14685,有年支藥稅,1
14686,年支藥稅戶,1
14687,支藥稅戶應,1
14688,藥稅戶應停,1
14689,稅戶應停月,1
14690,戶應停月進,1
14691,應停月進銀,1
14692,停月進銀淨,1
14693,月進銀淨掃,1
14694,進銀淨掃水,1
14695,銀淨掃水堂,1
14696,淨掃水堂無,1
14697,掃水堂無侍,1
14698,水堂無侍女,1
14699,堂無侍女下,1
14700,無侍女下街,1
14701,侍女下街唯,1
14702,女下街唯共,1
14703,下街唯共鶴,1
14704,街唯共鶴殷,1
14705,唯共鶴殷勤,1
14706,共鶴殷勤髭,1
14707,鶴殷勤髭須,1
14708,殷勤髭須雖,1
14709,勤髭須雖白,1
14710,髭須雖白體,1
14711,須雖白體輕,1
14712,雖白體輕健,1
14713,白體輕健九,1
14714,體輕健九十,1
14715,輕健九十三,1
14716,健九十三來,1
14717,九十三來卻,1
14718,十三來卻少,1
14719,三來卻少年,1
14720,來卻少年問,1
14721,卻少年問事,1
14722,少年問事愛,1
14723,年問事愛知,1
14724,問事愛知天,1
14725,事愛知天寶,1
14726,愛知天寶裏,1
14727,知天寶裏識,1
14728,天寶裏識人,1
14729,寶裏識人皆,1
14730,裏識人皆是,1
14731,識人皆是武,1
14732,人皆是武皇,1
14733,皆是武皇前,1
14734,是武皇前玉,1
14735,武皇前玉裝,1
14736,皇前玉裝劍,1
14737,前玉裝劍佩,1
14738,玉裝劍佩身,1
14739,裝劍佩身長,1
14740,劍佩身長帶,1
14741,佩身長帶絹,1
14742,身長帶絹寫,1
14743,長帶絹寫方,1
14744,帶絹寫方書,1
14745,絹寫方書子,1
14746,寫方書子不,1
14747,方書子不傳,1
14748,書子不傳侍,1
14749,子不傳侍女,1
14750,不傳侍女常,1
14751,傳侍女常時,1
14752,侍女常時教,1
14753,女常時教合,1
14754,常時教合藥,1
14755,時教合藥亦,1
14756,教合藥亦聞,1
14757,合藥亦聞私,1
14758,藥亦聞私地,1
14759,亦聞私地學,1
14760,聞私地學求,1
14761,私地學求仙,1
14762,地學求仙百,1
14763,學求仙百代,1
14764,求仙百代功,1
14765,仙百代功勳,1
14766,百代功勳一,1
14767,代功勳一日,1
14768,功勳一日成,1
14769,勳一日成三,1
14770,一日成三年,1
14771,日成三年五,1
14772,成三年五度,1
14773,三年五度換,1
14774,年五度換雙,1
14775,五度換雙旌,1
14776,度換雙旌閑,1
14777,換雙旌閑來,1
14778,雙旌閑來不,1
14779,旌閑來不對,1
14780,閑來不對人,1
14781,來不對人論,1
14782,不對人論戰,1
14783,對人論戰難,1
14784,人論戰難處,1
14785,論戰難處長,1
14786,戰難處長先,1
14787,難處長先自,1
14788,處長先自請,1
14789,長先自請行,1
14790,先自請行旗,1
14791,自請行旗下,1
14792,請行旗下可,1
14793,行旗下可聞,1
14794,旗下可聞誅,1
14795,下可聞誅敗,1
14796,可聞誅敗將,1
14797,聞誅敗將陣,1
14798,誅敗將陣頭,1
14799,敗將陣頭多,1
14800,將陣頭多是,1
14801,陣頭多是用,1
14802,頭多是用降,1
14803,多是用降兵,1
14804,是用降兵當,1
14805,用降兵當朝,1
14806,降兵當朝面,1
14807,兵當朝面受,1
14808,當朝面受新,1
14809,朝面受新恩,1
14810,面受新恩去,1
14811,受新恩去算,1
14812,新恩去算料,1
14813,恩去算料妖,1
14814,去算料妖星,1
14815,算料妖星不,1
14816,料妖星不敢,1
14817,妖星不敢生,1
14818,星不敢生渾,1
14819,不敢生渾身,1
14820,敢生渾身著,1
14821,生渾身著箭,1
14822,渾身著箭瘢,1
14823,身著箭瘢猶,1
14824,著箭瘢猶在,1
14825,箭瘢猶在萬,1
14826,瘢猶在萬槊,1
14827,猶在萬槊千,1
14828,在萬槊千刀,1
14829,萬槊千刀總,1
14830,槊千刀總過,1
14831,千刀總過來,1
14832,刀總過來輪,1
14833,總過來輪劍,1
14834,過來輪劍直,1
14835,來輪劍直沖,1
14836,輪劍直沖生,1
14837,劍直沖生馬,1
14838,直沖生馬隊,1
14839,沖生馬隊抽,1
14840,生馬隊抽旗,1
14841,馬隊抽旗旋,1
14842,隊抽旗旋踏,1
14843,抽旗旋踏死,1
14844,旗旋踏死人,1
14845,旋踏死人堆,1
14846,踏死人堆聞,1
14847,死人堆聞休,1
14848,人堆聞休鬥,1
14849,堆聞休鬥戰,1
14850,聞休鬥戰心,1
14851,休鬥戰心還,1
14852,鬥戰心還癢,1
14853,戰心還癢見,1
14854,心還癢見說,1
14855,還癢見說煙,1
14856,癢見說煙塵,1
14857,見說煙塵眼,1
14858,說煙塵眼即,1
14859,煙塵眼即開,1
14860,塵眼即開淚,1
14861,眼即開淚滴,1
14862,即開淚滴先,1
14863,開淚滴先皇,1
14864,淚滴先皇階,1
14865,滴先皇階下,1
14866,先皇階下土,1
14867,皇階下土南,1
14868,階下土南衙,1
14869,下土南衙班,1
14870,土南衙班裏,1
14871,南衙班裏趁,1
14872,衙班裏趁朝,1
14873,班裏趁朝回,1
14874,裏趁朝回玉,1
14875,趁朝回玉皇,1
14876,朝回玉皇符,1
14877,回玉皇符詔,1
14878,玉皇符詔下,1
14879,皇符詔下天,1
14880,符詔下天壇,1
14881,詔下天壇玳,1
14882,下天壇玳瑁,1
14883,天壇玳瑁頭,1
14884,壇玳瑁頭簪,1
14885,玳瑁頭簪白,1
14886,瑁頭簪白角,1
14887,頭簪白角冠,1
14888,簪白角冠鶴,1
14889,白角冠鶴遣,1
14890,角冠鶴遣院,1
14891,冠鶴遣院中,1
14892,鶴遣院中童,1
14893,遣院中童子,1
14894,院中童子養,1
14895,中童子養鹿,1
14896,童子養鹿憑,1
14897,子養鹿憑山,1
14898,養鹿憑山下,1
14899,鹿憑山下老,1
14900,憑山下老人,1
14901,山下老人看,1
14902,下老人看法,1
14903,老人看法成,1
14904,人看法成不,1
14905,看法成不怕,1
14906,法成不怕刀,1
14907,成不怕刀槍,1
14908,不怕刀槍利,1
14909,怕刀槍利體,1
14910,刀槍利體實,1
14911,槍利體實常,1
14912,利體實常欺,1
14913,體實常欺石,1
14914,實常欺石榻,1
14915,常欺石榻寒,1
14916,欺石榻寒能,1
14917,石榻寒能斷,1
14918,榻寒能斷世,1
14919,寒能斷世間,1
14920,能斷世間腥,1
14921,斷世間腥血,1
14922,世間腥血味,1
14923,間腥血味長,1
14924,腥血味長生,1
14925,血味長生只,1
14926,味長生只要,1
14927,長生只要一,1
14928,生只要一丸,1
14929,只要一丸丹,1
14930,要一丸丹松,1
14931,一丸丹松樹,1
14932,丸丹松樹當,1
14933,丹松樹當軒,1
14934,松樹當軒雪,1
14935,樹當軒雪滿,1
14936,當軒雪滿池,1
14937,軒雪滿池青,1
14938,雪滿池青山,1
14939,滿池青山掩,1
14940,池青山掩障,1
14941,青山掩障碧,1
14942,山掩障碧紗,1
14943,掩障碧紗幮,1
14944,障碧紗幮鼠,1
14945,碧紗幮鼠來,1
14946,紗幮鼠來案,1
14947,幮鼠來案上,1
14948,鼠來案上常,1
14949,來案上常偷,1
14950,案上常偷水,1
14951,上常偷水鶴,1
14952,常偷水鶴在,1
14953,偷水鶴在床,1
14954,水鶴在床前,1
14955,鶴在床前亦,1
14956,在床前亦看,1
14957,床前亦看棋,1
14958,前亦看棋道,1
14959,亦看棋道士,1
14960,看棋道士寫,1
14961,棋道士寫將,1
14962,道士寫將行,1
14963,士寫將行氣,1
14964,寫將行氣法,1
14965,將行氣法家,1
14966,行氣法家童,1
14967,氣法家童授,1
14968,法家童授與,1
14969,家童授與步,1
14970,童授與步虛,1
14971,授與步虛詞,1
14972,與步虛詞世,1
14973,步虛詞世間,1
14974,虛詞世間有,1
14975,詞世間有似,1
14976,世間有似君,1
14977,間有似君應,1
14978,有似君應少,1
14979,似君應少便,1
14980,君應少便乞,1
14981,應少便乞從,1
14982,少便乞從今,1
14983,便乞從今作,1
14984,乞從今作我,1
14985,從今作我師,1
14986,今作我師最,1
14987,作我師最是,1
14988,我師最是城,1
14989,師最是城中,1
14990,最是城中閒,1
14991,是城中閒靜,1
14992,城中閒靜處,1
14993,中閒靜處更,1
14994,閒靜處更回,1
14995,靜處更回門,1
14996,處更回門向,1
14997,更回門向寺,1
14998,回門向寺前,1
14999,門向寺前開,1
15000,向寺前開雲,1
15001,寺前開雲山,1
15002,前開雲山且,1
15003,開雲山且喜,1
15004,雲山且喜重,1
15005,山且喜重重,1
15006,且喜重重見,1
15007,喜重重見親,1
15008,重重見親故,1
15009,重見親故應,1
15010,見親故應須,1
15011,親故應須得,1
15012,故應須得得,1
15013,應須得得來,1
15014,須得得來借,1
15015,得得來借倩,1
15016,得來借倩學,1
15017,來借倩學生,1
15018,借倩學生排,1
15019,倩學生排藥,1
15020,學生排藥合,1
15021,生排藥合留,1
15022,排藥合留連,1
15023,藥合留連處,1
15024,合留連處士,1
15025,留連處士乞,1
15026,連處士乞松,1
15027,處士乞松栽,1
15028,士乞松栽自,1
15029,乞松栽自君,1
15030,松栽自君移,1
15031,栽自君移到,1
15032,自君移到無,1
15033,君移到無多,1
15034,移到無多日,1
15035,到無多日牆,1
15036,無多日牆上,1
15037,多日牆上人,1
15038,日牆上人名,1
15039,牆上人名滿,1
15040,上人名滿綠,1
15041,人名滿綠苔,1
15042,名滿綠苔鳥,1
15043,滿綠苔鳥聲,1
15044,綠苔鳥聲真,1
15045,苔鳥聲真似,1
15046,鳥聲真似深,1
15047,聲真似深山,1
15048,真似深山裏,1
15049,似深山裏平,1
15050,深山裏平地,1
15051,山裏平地人,1
15052,裏平地人間,1
15053,平地人間自,1
15054,地人間自不,1
15055,人間自不同,1
15056,間自不同春,1
15057,自不同春圃,1
15058,不同春圃紫,1
15059,同春圃紫芹,1
15060,春圃紫芹長,1
15061,圃紫芹長卓,1
15062,紫芹長卓卓,1
15063,芹長卓卓暖,1
15064,長卓卓暖泉,1
15065,卓卓暖泉青,1
15066,卓暖泉青草,1
15067,暖泉青草一,1
15068,泉青草一叢,1
15069,青草一叢叢,1
15070,草一叢叢松,1
15071,一叢叢松台,1
15072,叢叢松台前,1
15073,叢松台前後,1
15074,松台前後花,1
15075,台前後花皆,1
15076,前後花皆別,1
15077,後花皆別竹,1
15078,花皆別竹崦,1
15079,皆別竹崦高,1
15080,別竹崦高低,1
15081,竹崦高低水,1
15082,崦高低水盡,1
15083,高低水盡通,1
15084,低水盡通細,1
15085,水盡通細問,1
15086,盡通細問來,1
15087,通細問來時,1
15088,細問來時從,1
15089,問來時從近,1
15090,來時從近遠,1
15091,時從近遠溪,1
15092,從近遠溪名,1
15093,近遠溪名載,1
15094,遠溪名載入,1
15095,溪名載入縣,1
15096,名載入縣圖,1
15097,載入縣圖中,1
15098,入縣圖中漢,1
15099,縣圖中漢家,1
15100,圖中漢家都,1
15101,中漢家都護,1
15102,漢家都護邊,1
15103,家都護邊頭,1
15104,都護邊頭沒,1
15105,護邊頭沒舊,1
15106,邊頭沒舊將,1
15107,頭沒舊將麻,1
15108,沒舊將麻衣,1
15109,舊將麻衣萬,1
15110,將麻衣萬里,1
15111,麻衣萬里迎,1
15112,衣萬里迎陰,1
15113,萬里迎陰地,1
15114,里迎陰地背,1
15115,迎陰地背行,1
15116,陰地背行山,1
15117,地背行山下,1
15118,背行山下火,1
15119,行山下火風,1
15120,山下火風天,1
15121,下火風天錯,1
15122,火風天錯到,1
15123,風天錯到磧,1
15124,天錯到磧西,1
15125,錯到磧西城,1
15126,到磧西城單,1
15127,磧西城單于,1
15128,西城單于送,1
15129,城單于送葬,1
15130,單于送葬還,1
15131,于送葬還垂,1
15132,送葬還垂淚,1
15133,葬還垂淚部,1
15134,還垂淚部曲,1
15135,垂淚部曲招,1
15136,淚部曲招魂,1
15137,部曲招魂亦,1
15138,曲招魂亦道,1
15139,招魂亦道名,1
15140,魂亦道名卻,1
15141,亦道名卻入,1
15142,道名卻入杜,1
15143,名卻入杜陵,1
15144,卻入杜陵秋,1
15145,入杜陵秋巷,1
15146,杜陵秋巷裏,1
15147,陵秋巷裏路,1
15148,秋巷裏路人,1
15149,巷裏路人來,1
15150,裏路人來去,1
15151,路人來去讀,1
15152,人來去讀銘,1
15153,來去讀銘旌,1
15154,去讀銘旌鳳,1
15155,讀銘旌鳳凰,1
15156,銘旌鳳凰樓,1
15157,旌鳳凰樓閣,1
15158,鳳凰樓閣連,1
15159,凰樓閣連宮,1
15160,樓閣連宮樹,1
15161,閣連宮樹天,1
15162,連宮樹天子,1
15163,宮樹天子崔,1
15164,樹天子崔郎,1
15165,天子崔郎自,1
15166,子崔郎自愛,1
15167,崔郎自愛貧,1
15168,郎自愛貧金,1
15169,自愛貧金埒,1
15170,愛貧金埒減,1
15171,貧金埒減添,1
15172,金埒減添栽,1
15173,埒減添栽藥,1
15174,減添栽藥地,1
15175,添栽藥地玉,1
15176,栽藥地玉鞭,1
15177,藥地玉鞭平,1
15178,地玉鞭平與,1
15179,玉鞭平與賣,1
15180,鞭平與賣書,1
15181,平與賣書人,1
15182,與賣書人家,1
15183,賣書人家中,1
15184,書人家中弦,1
15185,人家中弦管,1
15186,家中弦管聽,1
15187,中弦管聽常,1
15188,弦管聽常少,1
15189,管聽常少分,1
15190,聽常少分外,1
15191,常少分外詩,1
15192,少分外詩篇,1
15193,分外詩篇看,1
15194,外詩篇看即,1
15195,詩篇看即新,1
15196,篇看即新一,1
15197,看即新一月,1
15198,即新一月一,1
15199,新一月一回,1
15200,一月一回陪,1
15201,月一回陪內,1
15202,一回陪內宴,1
15203,回陪內宴馬,1
15204,陪內宴馬蹄,1
15205,內宴馬蹄猶,1
15206,宴馬蹄猶厭,1
15207,馬蹄猶厭踏,1
15208,蹄猶厭踏香,1
15209,猶厭踏香塵,1
15210,厭踏香塵上,1
15211,踏香塵上清,1
15212,香塵上清道,1
15213,塵上清道士,1
15214,上清道士未,1
15215,清道士未升,1
15216,道士未升天,1
15217,士未升天南,1
15218,未升天南嶽,1
15219,升天南嶽中,1
15220,天南嶽中華,1
15221,南嶽中華作,1
15222,嶽中華作散,1
15223,中華作散仙,1
15224,華作散仙書,1
15225,作散仙書賣,1
15226,散仙書賣八,1
15227,仙書賣八分,1
15228,書賣八分通,1
15229,賣八分通字,1
15230,八分通字學,1
15231,分通字學丹,1
15232,通字學丹燒,1
15233,字學丹燒九,1
15234,學丹燒九轉,1
15235,丹燒九轉定,1
15236,燒九轉定人,1
15237,九轉定人年,1
15238,轉定人年修,1
15239,定人年修行,1
15240,人年修行近,1
15241,年修行近日,1
15242,修行近日形,1
15243,行近日形如,1
15244,近日形如鶴,1
15245,日形如鶴導,1
15246,形如鶴導引,1
15247,如鶴導引多,1
15248,鶴導引多時,1
15249,導引多時骨,1
15250,引多時骨似,1
15251,多時骨似綿,1
15252,時骨似綿想,1
15253,骨似綿想向,1
15254,似綿想向諸,1
15255,綿想向諸山,1
15256,想向諸山尋,1
15257,向諸山尋禮,1
15258,諸山尋禮遍,1
15259,山尋禮遍卻,1
15260,尋禮遍卻回,1
15261,禮遍卻回還,1
15262,遍卻回還守,1
15263,卻回還守老,1
15264,回還守老君,1
15265,還守老君前,1
15266,守老君前休,1
15267,老君前休梳,1
15268,君前休梳叢,1
15269,前休梳叢鬢,1
15270,休梳叢鬢洗,1
15271,梳叢鬢洗紅,1
15272,叢鬢洗紅妝,1
15273,鬢洗紅妝頭,1
15274,洗紅妝頭戴,1
15275,紅妝頭戴芙,1
15276,妝頭戴芙蓉,1
15277,頭戴芙蓉出,1
15278,戴芙蓉出未,1
15279,芙蓉出未央,1
15280,蓉出未央弟,1
15281,出未央弟子,1
15282,未央弟子抄,1
15283,央弟子抄將,1
15284,弟子抄將歌,1
15285,子抄將歌遍,1
15286,抄將歌遍疊,1
15287,將歌遍疊宮,1
15288,歌遍疊宮人,1
15289,遍疊宮人分,1
15290,疊宮人分散,1
15291,宮人分散舞,1
15292,人分散舞衣,1
15293,分散舞衣裳,1
15294,散舞衣裳問,1
15295,舞衣裳問師,1
15296,衣裳問師初,1
15297,裳問師初得,1
15298,問師初得經,1
15299,師初得經中,1
15300,初得經中字,1
15301,得經中字入,1
15302,經中字入靜,1
15303,中字入靜猶,1
15304,字入靜猶燒,1
15305,入靜猶燒內,1
15306,靜猶燒內裏,1
15307,猶燒內裏香,1
15308,燒內裏香發,1
15309,內裏香發願,1
15310,裏香發願蓬,1
15311,香發願蓬萊,1
15312,發願蓬萊見,1
15313,願蓬萊見王,1
15314,蓬萊見王母,1
15315,萊見王母卻,1
15316,見王母卻歸,1
15317,王母卻歸人,1
15318,母卻歸人世,1
15319,卻歸人世施,1
15320,歸人世施仙,1
15321,人世施仙方,1
15322,世施仙方聖,1
15323,施仙方聖朝,1
15324,仙方聖朝齊,1
15325,方聖朝齊賀,1
15326,聖朝齊賀說,1
15327,朝齊賀說逢,1
15328,齊賀說逢殷,1
15329,賀說逢殷霄,1
15330,說逢殷霄漢,1
15331,逢殷霄漢無,1
15332,殷霄漢無雲,1
15333,霄漢無雲日,1
15334,漢無雲日月,1
15335,無雲日月真,1
15336,雲日月真金,1
15337,日月真金鼎,1
15338,月真金鼎調,1
15339,真金鼎調和,1
15340,金鼎調和天,1
15341,鼎調和天膳,1
15342,調和天膳美,1
15343,和天膳美瑤,1
15344,天膳美瑤池,1
15345,膳美瑤池沐,1
15346,美瑤池沐浴,1
15347,瑤池沐浴賜,1
15348,池沐浴賜衣,1
15349,沐浴賜衣新,1
15350,浴賜衣新兩,1
15351,賜衣新兩河,1
15352,衣新兩河開,1
15353,新兩河開地,1
15354,兩河開地山,1
15355,河開地山川,1
15356,開地山川正,1
15357,地山川正四,1
15358,山川正四海,1
15359,川正四海休,1
15360,正四海休兵,1
15361,四海休兵造,1
15362,海休兵造化,1
15363,休兵造化仁,1
15364,兵造化仁曾,1
15365,造化仁曾向,1
15366,化仁曾向山,1
15367,仁曾向山東,1
15368,曾向山東為,1
15369,向山東為散,1
15370,山東為散吏,1
15371,東為散吏當,1
15372,為散吏當今,1
15373,散吏當今竇,1
15374,吏當今竇憲,1
15375,當今竇憲是,1
15376,今竇憲是賢,1
15377,竇憲是賢臣,1
15378,憲是賢臣紫,1
15379,是賢臣紫煙,1
15380,賢臣紫煙樓,1
15381,臣紫煙樓閣,1
15382,紫煙樓閣碧,1
15383,煙樓閣碧紗,1
15384,樓閣碧紗亭,1
15385,閣碧紗亭上,1
15386,碧紗亭上界,1
15387,紗亭上界詩,1
15388,亭上界詩仙,1
15389,上界詩仙獨,1
15390,界詩仙獨自,1
15391,詩仙獨自行,1
15392,仙獨自行奇,1
15393,獨自行奇險,1
15394,自行奇險驅,1
15395,行奇險驅回,1
15396,奇險驅回還,1
15397,險驅回還寂,1
15398,驅回還寂寞,1
15399,回還寂寞雲,1
15400,還寂寞雲山,1
15401,寂寞雲山經,1
15402,寞雲山經用,1
15403,雲山經用始,1
15404,山經用始鮮,1
15405,經用始鮮明,1
15406,用始鮮明藕,1
15407,始鮮明藕綃,1
15408,鮮明藕綃紋,1
15409,明藕綃紋縷,1
15410,藕綃紋縷裁,1
15411,綃紋縷裁來,1
15412,紋縷裁來滑,1
15413,縷裁來滑鏡,1
15414,裁來滑鏡水,1
15415,來滑鏡水波,1
15416,滑鏡水波濤,1
15417,鏡水波濤濾,1
15418,水波濤濾得,1
15419,波濤濾得清,1
15420,濤濾得清昏,1
15421,濾得清昏思,1
15422,得清昏思願,1
15423,清昏思願因,1
15424,昏思願因秋,1
15425,思願因秋露,1
15426,願因秋露洗,1
15427,因秋露洗幸,1
15428,秋露洗幸容,1
15429,露洗幸容階,1
15430,洗幸容階下,1
15431,幸容階下禮,1
15432,容階下禮先,1
15433,階下禮先生,1
15434,下禮先生近,1
15435,禮先生近移,1
15436,先生近移松,1
15437,生近移松樹,1
15438,近移松樹初,1
15439,移松樹初栽,1
15440,松樹初栽藥,1
15441,樹初栽藥經,1
15442,初栽藥經帙,1
15443,栽藥經帙書,1
15444,藥經帙書簽,1
15445,經帙書簽一,1
15446,帙書簽一切,1
15447,書簽一切新,1
15448,簽一切新鋪,1
15449,一切新鋪設,1
15450,切新鋪設暖,1
15451,新鋪設暖房,1
15452,鋪設暖房迎,1
15453,設暖房迎道,1
15454,暖房迎道士,1
15455,房迎道士支,1
15456,迎道士支分,1
15457,道士支分閑,1
15458,士支分閑院,1
15459,支分閑院著,1
15460,分閑院著醫,1
15461,閑院著醫人,1
15462,院著醫人買,1
15463,著醫人買來,1
15464,醫人買來高,1
15465,人買來高石,1
15466,買來高石雖,1
15467,來高石雖然,1
15468,高石雖然貴,1
15469,石雖然貴入,1
15470,雖然貴入得,1
15471,然貴入得朱,1
15472,貴入得朱門,1
15473,入得朱門未,1
15474,得朱門未免,1
15475,朱門未免貧,1
15476,門未免貧惟,1
15477,未免貧惟有,1
15478,免貧惟有好,1
15479,貧惟有好詩,1
15480,惟有好詩名,1
15481,有好詩名字,1
15482,好詩名字出,1
15483,詩名字出倍,1
15484,名字出倍教,1
15485,字出倍教年,1
15486,出倍教年少,1
15487,倍教年少損,1
15488,教年少損心,1
15489,年少損心神,1
15490,少損心神除,1
15491,損心神除書,1
15492,心神除書亦,1
15493,神除書亦下,1
15494,除書亦下屬,1
15495,書亦下屬微,1
15496,亦下屬微班,1
15497,下屬微班喚,1
15498,屬微班喚作,1
15499,微班喚作官,1
15500,班喚作官曹,1
15501,喚作官曹便,1
15502,作官曹便不,1
15503,官曹便不閑,1
15504,曹便不閑檢,1
15505,便不閑檢案,1
15506,不閑檢案事,1
15507,閑檢案事多,1
15508,檢案事多關,1
15509,案事多關市,1
15510,事多關市井,1
15511,多關市井聽,1
15512,關市井聽人,1
15513,市井聽人言,1
15514,井聽人言志,1
15515,聽人言志在,1
15516,人言志在雲,1
15517,言志在雲山,1
15518,志在雲山病,1
15519,在雲山病童,1
15520,雲山病童喚,1
15521,山病童喚著,1
15522,病童喚著唯,1
15523,童喚著唯行,1
15524,喚著唯行慢,1
15525,著唯行慢老,1
15526,唯行慢老馬,1
15527,行慢老馬鞭,1
15528,慢老馬鞭多,1
15529,老馬鞭多轉,1
15530,馬鞭多轉放,1
15531,鞭多轉放頑,1
15532,多轉放頑此,1
15533,轉放頑此去,1
15534,放頑此去仙,1
15535,頑此去仙宮,1
15536,此去仙宮無,1
15537,去仙宮無一,1
15538,仙宮無一裏,1
15539,宮無一裏遙,1
15540,無一裏遙看,1
15541,一裏遙看松,1
15542,裏遙看松樹,1
15543,遙看松樹眾,1
15544,看松樹眾家,1
15545,松樹眾家攀,1
15546,樹眾家攀唐,1
15547,眾家攀唐州,1
15548,家攀唐州將,1
15549,攀唐州將士,1
15550,唐州將士死,1
15551,州將士死生,1
15552,將士死生同,1
15553,士死生同盡,1
15554,死生同盡逐,1
15555,生同盡逐雙,1
15556,同盡逐雙旌,1
15557,盡逐雙旌舊,1
15558,逐雙旌舊鎮,1
15559,雙旌舊鎮空,1
15560,旌舊鎮空獨,1
15561,舊鎮空獨破,1
15562,鎮空獨破淮,1
15563,空獨破淮西,1
15564,獨破淮西功,1
15565,破淮西功業,1
15566,淮西功業大,1
15567,西功業大新,1
15568,功業大新除,1
15569,業大新除隴,1
15570,大新除隴右,1
15571,新除隴右世,1
15572,除隴右世家,1
15573,隴右世家雄,1
15574,右世家雄知,1
15575,世家雄知時,1
15576,家雄知時每,1
15577,雄知時每笑,1
15578,知時每笑論,1
15579,時每笑論兵,1
15580,每笑論兵法,1
15581,笑論兵法識,1
15582,論兵法識勢,1
15583,兵法識勢還,1
15584,法識勢還輕,1
15585,識勢還輕立,1
15586,勢還輕立戰,1
15587,還輕立戰功,1
15588,輕立戰功次,1
15589,立戰功次第,1
15590,戰功次第各,1
15591,功次第各分,1
15592,次第各分茅,1
15593,第各分茅土,1
15594,各分茅土貴,1
15595,分茅土貴殊,1
15596,茅土貴殊勳,1
15597,土貴殊勳並,1
15598,貴殊勳並在,1
15599,殊勳並在一,1
15600,勳並在一門,1
15601,並在一門中,1
15602,在一門中二,1
15603,一門中二年,1
15604,門中二年同,1
15605,中二年同在,1
15606,二年同在華,1
15607,年同在華清,1
15608,同在華清下,1
15609,在華清下入,1
15610,華清下入縣,1
15611,清下入縣門,1
15612,下入縣門中,1
15613,入縣門中最,1
15614,縣門中最近,1
15615,門中最近鄰,1
15616,中最近鄰替,1
15617,最近鄰替飲,1
15618,近鄰替飲觥,1
15619,鄰替飲觥籌,1
15620,替飲觥籌知,1
15621,飲觥籌知戶,1
15622,觥籌知戶小,1
15623,籌知戶小助,1
15624,知戶小助成,1
15625,戶小助成書,1
15626,小助成書屋,1
15627,助成書屋見,1
15628,成書屋見家,1
15629,書屋見家貧,1
15630,屋見家貧夜,1
15631,見家貧夜棋,1
15632,家貧夜棋臨,1
15633,貧夜棋臨散,1
15634,夜棋臨散停,1
15635,棋臨散停分,1
15636,臨散停分客,1
15637,散停分客朝,1
15638,停分客朝浴,1
15639,分客朝浴先,1
15640,客朝浴先回,1
15641,朝浴先回各,1
15642,浴先回各送,1
15643,先回各送人,1
15644,回各送人僮,1
15645,各送人僮僕,1
15646,送人僮僕使,1
15647,人僮僕使來,1
15648,僮僕使來傳,1
15649,僕使來傳語,1
15650,使來傳語熟,1
15651,來傳語熟至,1
15652,傳語熟至今,1
15653,語熟至今行,1
15654,熟至今行酒,1
15655,至今行酒校,1
15656,今行酒校殷,1
15657,行酒校殷勤,1
15658,酒校殷勤枯,1
15659,校殷勤枯桂,1
15660,殷勤枯桂衰,1
15661,勤枯桂衰蘭,1
15662,枯桂衰蘭一,1
15663,桂衰蘭一遍,1
15664,衰蘭一遍春,1
15665,蘭一遍春唯,1
15666,一遍春唯將,1
15667,遍春唯將道,1
15668,春唯將道德,1
15669,唯將道德定,1
15670,將道德定君,1
15671,道德定君臣,1
15672,德定君臣施,1
15673,定君臣施行,1
15674,君臣施行聖,1
15675,臣施行聖澤,1
15676,施行聖澤山,1
15677,行聖澤山川,1
15678,聖澤山川潤,1
15679,澤山川潤圖,1
15680,山川潤圖畫,1
15681,川潤圖畫天,1
15682,潤圖畫天文,1
15683,圖畫天文彩,1
15684,畫天文彩色,1
15685,天文彩色新,1
15686,文彩色新開,1
15687,彩色新開閣,1
15688,色新開閣覆,1
15689,新開閣覆看,1
15690,開閣覆看祥,1
15691,閣覆看祥瑞,1
15692,覆看祥瑞曆,1
15693,看祥瑞曆封,1
15694,祥瑞曆封名,1
15695,瑞曆封名直,1
15696,曆封名直進,1
15697,封名直進薜,1
15698,名直進薜蘿,1
15699,直進薜蘿人,1
15700,進薜蘿人應,1
15701,薜蘿人應憐,1
15702,蘿人應憐老,1
15703,人應憐老病,1
15704,應憐老病無,1
15705,憐老病無知,1
15706,老病無知己,1
15707,病無知己自,1
15708,無知己自別,1
15709,知己自別溪,1
15710,己自別溪中,1
15711,自別溪中滿,1
15712,別溪中滿鬢,1
15713,溪中滿鬢塵,1
15714,中滿鬢塵初,1
15715,滿鬢塵初移,1
15716,鬢塵初移古,1
15717,塵初移古寺,1
15718,初移古寺正,1
15719,移古寺正南,1
15720,古寺正南方,1
15721,寺正南方靜,1
15722,正南方靜是,1
15723,南方靜是浮,1
15724,方靜是浮山,1
15725,靜是浮山遠,1
15726,是浮山遠是,1
15727,浮山遠是莊,1
15728,山遠是莊人,1
15729,遠是莊人定,1
15730,是莊人定猶,1
15731,莊人定猶行,1
15732,人定猶行背,1
15733,定猶行背街,1
15734,猶行背街鼓,1
15735,行背街鼓月,1
15736,背街鼓月高,1
15737,街鼓月高還,1
15738,鼓月高還去,1
15739,月高還去打,1
15740,高還去打僧,1
15741,還去打僧房,1
15742,去打僧房新,1
15743,打僧房新詩,1
15744,僧房新詩欲,1
15745,房新詩欲寫,1
15746,新詩欲寫中,1
15747,詩欲寫中朝,1
15748,欲寫中朝滿,1
15749,寫中朝滿舊,1
15750,中朝滿舊卷,1
15751,朝滿舊卷常,1
15752,滿舊卷常抄,1
15753,舊卷常抄外,1
15754,卷常抄外國,1
15755,常抄外國將,1
15756,抄外國將閑,1
15757,外國將閑出,1
15758,國將閑出天,1
15759,將閑出天門,1
15760,閑出天門醉,1
15761,出天門醉騎,1
15762,天門醉騎馬,1
15763,門醉騎馬可,1
15764,醉騎馬可憐,1
15765,騎馬可憐蓬,1
15766,馬可憐蓬閣,1
15767,可憐蓬閣秘,1
15768,憐蓬閣秘書,1
15769,蓬閣秘書郎,1
15770,閣秘書郎五,1
15771,秘書郎五侯,1
15772,書郎五侯三,1
15773,郎五侯三任,1
15774,五侯三任未,1
15775,侯三任未相,1
15776,三任未相稱,1
15777,任未相稱頭,1
15778,未相稱頭白,1
15779,相稱頭白如,1
15780,稱頭白如絲,1
15781,頭白如絲作,1
15782,白如絲作縣,1
15783,如絲作縣丞,1
15784,絲作縣丞錯,1
15785,作縣丞錯判,1
15786,縣丞錯判符,1
15787,丞錯判符曹,1
15788,錯判符曹群,1
15789,判符曹群吏,1
15790,符曹群吏笑,1
15791,曹群吏笑亂,1
15792,群吏笑亂書,1
15793,吏笑亂書岩,1
15794,笑亂書岩石,1
15795,亂書岩石一,1
15796,書岩石一山,1
15797,岩石一山憎,1
15798,石一山憎自,1
15799,一山憎自知,1
15800,山憎自知酒,1
15801,憎自知酒病,1
15802,自知酒病衰,1
15803,知酒病衰腸,1
15804,酒病衰腸怯,1
15805,病衰腸怯遙,1
15806,衰腸怯遙怕,1
15807,腸怯遙怕春,1
15808,怯遙怕春殘,1
15809,遙怕春殘百,1
15810,怕春殘百鳥,1
15811,春殘百鳥淩,1
15812,殘百鳥淩年,1
15813,百鳥淩年少,1
15814,鳥淩年少力,1
15815,淩年少力生,1
15816,年少力生猶,1
15817,少力生猶不,1
15818,力生猶不敵,1
15819,生猶不敵況,1
15820,猶不敵況加,1
15821,不敵況加憔,1
15822,敵況加憔悴,1
15823,況加憔悴悶,1
15824,加憔悴悶騰,1
15825,憔悴悶騰騰,1
15826,悴悶騰騰萬,1
15827,悶騰騰萬事,1
15828,騰騰萬事風,1
15829,騰萬事風吹,1
15830,萬事風吹過,1
15831,事風吹過耳,1
15832,風吹過耳輪,1
15833,吹過耳輪貧,1
15834,過耳輪貧兒,1
15835,耳輪貧兒活,1
15836,輪貧兒活計,1
15837,貧兒活計亦,1
15838,兒活計亦曾,1
15839,活計亦曾聞,1
15840,計亦曾聞偶,1
15841,亦曾聞偶逢,1
15842,曾聞偶逢新,1
15843,聞偶逢新語,1
15844,偶逢新語書,1
15845,逢新語書紅,1
15846,新語書紅葉,1
15847,語書紅葉難,1
15848,書紅葉難得,1
15849,紅葉難得閒,1
15850,葉難得閒人,1
15851,難得閒人話,1
15852,得閒人話白,1
15853,閒人話白雲,1
15854,人話白雲霜,1
15855,話白雲霜下,1
15856,白雲霜下野,1
15857,雲霜下野花,1
15858,霜下野花渾,1
15859,下野花渾著,1
15860,野花渾著地,1
15861,花渾著地寒,1
15862,渾著地寒來,1
15863,著地寒來溪,1
15864,地寒來溪鳥,1
15865,寒來溪鳥不,1
15866,來溪鳥不成,1
15867,溪鳥不成群,1
15868,鳥不成群病,1
15869,不成群病多,1
15870,成群病多體,1
15871,群病多體痛,1
15872,病多體痛無,1
15873,多體痛無心,1
15874,體痛無心力,1
15875,痛無心力更,1
15876,無心力更被,1
15877,心力更被頭,1
15878,力更被頭邊,1
15879,更被頭邊藥,1
15880,被頭邊藥氣,1
15881,頭邊藥氣熏,1
15882,邊藥氣熏每,1
15883,藥氣熏每個,1
15884,氣熏每個樹,1
15885,熏每個樹邊,1
15886,每個樹邊消,1
15887,個樹邊消一,1
15888,樹邊消一日,1
15889,邊消一日繞,1
15890,消一日繞池,1
15891,一日繞池行,1
15892,日繞池行匝,1
15893,繞池行匝又,1
15894,池行匝又須,1
15895,行匝又須行,1
15896,匝又須行異,1
15897,又須行異花,1
15898,須行異花多,1
15899,行異花多是,1
15900,異花多是非,1
15901,花多是非時,1
15902,多是非時有,1
15903,是非時有好,1
15904,非時有好竹,1
15905,時有好竹皆,1
15906,有好竹皆當,1
15907,好竹皆當要,1
15908,竹皆當要處,1
15909,皆當要處生,1
15910,當要處生斜,1
15911,要處生斜豎,1
15912,處生斜豎小,1
15913,生斜豎小橋,1
15914,斜豎小橋看,1
15915,豎小橋看島,1
15916,小橋看島勢,1
15917,橋看島勢遠,1
15918,看島勢遠移,1
15919,島勢遠移山,1
15920,勢遠移山石,1
15921,遠移山石作,1
15922,移山石作泉,1
15923,山石作泉聲,1
15924,石作泉聲浮,1
15925,作泉聲浮萍,1
15926,泉聲浮萍著,1
15927,聲浮萍著岸,1
15928,浮萍著岸風,1
15929,萍著岸風吹,1
15930,著岸風吹歇,1
15931,岸風吹歇水,1
15932,風吹歇水面,1
15933,吹歇水面無,1
15934,歇水面無塵,1
15935,水面無塵晚,1
15936,面無塵晚更,1
15937,無塵晚更清,1
15938,塵晚更清平,1
15939,晚更清平陽,1
15940,更清平陽池,1
15941,清平陽池館,1
15942,平陽池館枕,1
15943,陽池館枕秦,1
15944,池館枕秦川,1
15945,館枕秦川門,1
15946,枕秦川門鎖,1
15947,秦川門鎖南,1
15948,川門鎖南山,1
15949,門鎖南山一,1
15950,鎖南山一朵,1
15951,南山一朵煙,1
15952,山一朵煙素,1
15953,一朵煙素柰,1
15954,朵煙素柰花,1
15955,煙素柰花開,1
15956,素柰花開西,1
15957,柰花開西子,1
15958,花開西子面,1
15959,開西子面綠,1
15960,西子面綠榆,1
15961,子面綠榆枝,1
15962,面綠榆枝散,1
15963,綠榆枝散沈,1
15964,榆枝散沈郎,1
15965,枝散沈郎錢,1
15966,散沈郎錢裝,1
15967,沈郎錢裝簷,1
15968,郎錢裝簷玳,1
15969,錢裝簷玳瑁,1
15970,裝簷玳瑁隨,1
15971,簷玳瑁隨風,1
15972,玳瑁隨風落,1
15973,瑁隨風落傍,1
15974,隨風落傍岸,1
15975,風落傍岸鵁,1
15976,落傍岸鵁鶄,1
15977,傍岸鵁鶄逐,1
15978,岸鵁鶄逐暖,1
15979,鵁鶄逐暖眠,1
15980,鶄逐暖眠寂,1
15981,逐暖眠寂寞,1
15982,暖眠寂寞空,1
15983,眠寂寞空餘,1
15984,寂寞空餘歌,1
15985,寞空餘歌舞,1
15986,空餘歌舞地,1
15987,餘歌舞地玉,1
15988,歌舞地玉簫,1
15989,舞地玉簫聲,1
15990,地玉簫聲絕,1
15991,玉簫聲絕鳳,1
15992,簫聲絕鳳歸,1
15993,聲絕鳳歸天,1
15994,絕鳳歸天皇,1
15995,鳳歸天皇帝,1
15996,歸天皇帝施,1
15997,天皇帝施錢,1
15998,皇帝施錢修,1
15999,帝施錢修此,1
16000,施錢修此院,1
16001,錢修此院半,1
16002,修此院半居,1
16003,此院半居天,1
16004,院半居天上,1
16005,半居天上半,1
16006,居天上半人,1
16007,天上半人間,1
16008,上半人間丹,1
16009,半人間丹梯,1
16010,人間丹梯暗,1
16011,間丹梯暗出,1
16012,丹梯暗出三,1
16013,梯暗出三重,1
16014,暗出三重閣,1
16015,出三重閣古,1
16016,三重閣古像,1
16017,重閣古像斜,1
16018,閣古像斜開,1
16019,古像斜開一,1
16020,像斜開一面,1
16021,斜開一面山,1
16022,開一面山松,1
16023,一面山松柏,1
16024,面山松柏自,1
16025,山松柏自穿,1
16026,松柏自穿空,1
16027,柏自穿空地,1
16028,自穿空地少,1
16029,穿空地少川,1
16030,空地少川原,1
16031,地少川原不,1
16032,少川原不稅,1
16033,川原不稅小,1
16034,原不稅小僧,1
16035,不稅小僧閑,1
16036,稅小僧閑行,1
16037,小僧閑行香,1
16038,僧閑行香天,1
16039,閑行香天使,1
16040,行香天使長,1
16041,香天使長相,1
16042,天使長相續,1
16043,使長相續早,1
16044,長相續早起,1
16045,相續早起離,1
16046,續早起離城,1
16047,早起離城日,1
16048,起離城日午,1
16049,離城日午還,1
16050,城日午還縣,1
16051,日午還縣在,1
16052,午還縣在華,1
16053,還縣在華清,1
16054,縣在華清宮,1
16055,在華清宮北,1
16056,華清宮北面,1
16057,清宮北面曉,1
16058,宮北面曉看,1
16059,北面曉看樓,1
16060,面曉看樓殿,1
16061,曉看樓殿正,1
16062,看樓殿正相,1
16063,樓殿正相當,1
16064,殿正相當慶,1
16065,正相當慶雲,1
16066,相當慶雲出,1
16067,當慶雲出處,1
16068,慶雲出處依,1
16069,雲出處依時,1
16070,出處依時報,1
16071,處依時報禦,1
16072,依時報禦果,1
16073,時報禦果呈,1
16074,報禦果呈來,1
16075,禦果呈來每,1
16076,果呈來每度,1
16077,呈來每度嘗,1
16078,來每度嘗臘,1
16079,每度嘗臘月,1
16080,度嘗臘月近,1
16081,嘗臘月近湯,1
16082,臘月近湯泉,1
16083,月近湯泉不,1
16084,近湯泉不凍,1
16085,湯泉不凍夏,1
16086,泉不凍夏天,1
16087,不凍夏天臨,1
16088,凍夏天臨渭,1
16089,夏天臨渭屋,1
16090,天臨渭屋多,1
16091,臨渭屋多涼,1
16092,渭屋多涼兩,1
16093,屋多涼兩衙,1
16094,多涼兩衙早,1
16095,涼兩衙早被,1
16096,兩衙早被官,1
16097,衙早被官拘,1
16098,早被官拘束,1
16099,被官拘束登,1
16100,官拘束登閣,1
16101,拘束登閣巡,1
16102,束登閣巡溪,1
16103,登閣巡溪亦,1
16104,閣巡溪亦屬,1
16105,巡溪亦屬忙,1
16106,溪亦屬忙窗,1
16107,亦屬忙窗戶,1
16108,屬忙窗戶風,1
16109,忙窗戶風涼,1
16110,窗戶風涼四,1
16111,戶風涼四面,1
16112,風涼四面開,1
16113,涼四面開陶,1
16114,四面開陶公,1
16115,面開陶公愛,1
16116,開陶公愛晚,1
16117,陶公愛晚上,1
16118,公愛晚上高,1
16119,愛晚上高臺,1
16120,晚上高臺中,1
16121,上高臺中庭,1
16122,高臺中庭不,1
16123,臺中庭不熱,1
16124,中庭不熱青,1
16125,庭不熱青山,1
16126,不熱青山入,1
16127,熱青山入野,1
16128,青山入野水,1
16129,山入野水初,1
16130,入野水初晴,1
16131,野水初晴白,1
16132,水初晴白鳥,1
16133,初晴白鳥來,1
16134,晴白鳥來精,1
16135,白鳥來精思,1
16136,鳥來精思道,1
16137,來精思道心,1
16138,精思道心緣,1
16139,思道心緣境,1
16140,道心緣境熟,1
16141,心緣境熟粗,1
16142,緣境熟粗疏,1
16143,境熟粗疏文,1
16144,熟粗疏文字,1
16145,粗疏文字見,1
16146,疏文字見詩,1
16147,文字見詩回,1
16148,字見詩回諸,1
16149,見詩回諸生,1
16150,詩回諸生圍,1
16151,回諸生圍繞,1
16152,諸生圍繞新,1
16153,生圍繞新篇,1
16154,圍繞新篇讀,1
16155,繞新篇讀玉,1
16156,新篇讀玉闕,1
16157,篇讀玉闕仙,1
16158,讀玉闕仙官,1
16159,玉闕仙官少,1
16160,闕仙官少此,1
16161,仙官少此才,1
16162,官少此才桃,1
16163,少此才桃花,1
16164,此才桃花百,1
16165,才桃花百葉,1
16166,桃花百葉不,1
16167,花百葉不成,1
16168,百葉不成春,1
16169,葉不成春鶴,1
16170,不成春鶴壽,1
16171,成春鶴壽千,1
16172,春鶴壽千年,1
16173,鶴壽千年也,1
16174,壽千年也未,1
16175,千年也未神,1
16176,年也未神秦,1
16177,也未神秦隴,1
16178,未神秦隴州,1
16179,神秦隴州緣,1
16180,秦隴州緣鸚,1
16181,隴州緣鸚鵡,1
16182,州緣鸚鵡貴,1
16183,緣鸚鵡貴王,1
16184,鸚鵡貴王侯,1
16185,鵡貴王侯家,1
16186,貴王侯家為,1
16187,王侯家為牡,1
16188,侯家為牡丹,1
16189,家為牡丹貧,1
16190,為牡丹貧歌,1
16191,牡丹貧歌頭,1
16192,丹貧歌頭舞,1
16193,貧歌頭舞遍,1
16194,歌頭舞遍回,1
16195,頭舞遍回回,1
16196,舞遍回回別,1
16197,遍回回別鬢,1
16198,回回別鬢樣,1
16199,回別鬢樣眉,1
16200,別鬢樣眉心,1
16201,鬢樣眉心日,1
16202,樣眉心日日,1
16203,眉心日日新,1
16204,心日日新鼓,1
16205,日日新鼓動,1
16206,日新鼓動六,1
16207,新鼓動六街,1
16208,鼓動六街騎,1
16209,動六街騎馬,1
16210,六街騎馬出,1
16211,街騎馬出相,1
16212,騎馬出相逢,1
16213,馬出相逢總,1
16214,出相逢總是,1
16215,相逢總是學,1
16216,逢總是學狂,1
16217,總是學狂人,1
16218,是學狂人衰,1
16219,學狂人衰門,1
16220,狂人衰門海,1
16221,人衰門海內,1
16222,衰門海內幾,1
16223,門海內幾多,1
16224,海內幾多人,1
16225,內幾多人滿,1
16226,幾多人滿眼,1
16227,多人滿眼公,1
16228,人滿眼公卿,1
16229,滿眼公卿總,1
16230,眼公卿總不,1
16231,公卿總不親,1
16232,卿總不親四,1
16233,總不親四授,1
16234,不親四授官,1
16235,親四授官資,1
16236,四授官資元,1
16237,授官資元七,1
16238,官資元七品,1
16239,資元七品再,1
16240,元七品再經,1
16241,七品再經婚,1
16242,品再經婚娶,1
16243,再經婚娶尚,1
16244,經婚娶尚單,1
16245,婚娶尚單身,1
16246,娶尚單身圖,1
16247,尚單身圖書,1
16248,單身圖書亦,1
16249,身圖書亦為,1
16250,圖書亦為頻,1
16251,書亦為頻移,1
16252,亦為頻移盡,1
16253,為頻移盡兄,1
16254,頻移盡兄弟,1
16255,移盡兄弟還,1
16256,盡兄弟還因,1
16257,兄弟還因數,1
16258,弟還因數散,1
16259,還因數散貧,1
16260,因數散貧獨,1
16261,數散貧獨自,1
16262,散貧獨自在,1
16263,貧獨自在家,1
16264,獨自在家長,1
16265,自在家長似,1
16266,在家長似客,1
16267,家長似客黃,1
16268,長似客黃昏,1
16269,似客黃昏哭,1
16270,客黃昏哭向,1
16271,黃昏哭向野,1
16272,昏哭向野田,1
16273,哭向野田春,1
16274,向野田春香,1
16275,野田春香熏,1
16276,田春香熏羅,1
16277,春香熏羅幕,1
16278,香熏羅幕暖,1
16279,熏羅幕暖成,1
16280,羅幕暖成煙,1
16281,幕暖成煙火,1
16282,暖成煙火照,1
16283,成煙火照中,1
16284,煙火照中庭,1
16285,火照中庭燭,1
16286,照中庭燭滿,1
16287,中庭燭滿筵,1
16288,庭燭滿筵整,1
16289,燭滿筵整頓,1
16290,滿筵整頓舞,1
16291,筵整頓舞衣,1
16292,整頓舞衣呈,1
16293,頓舞衣呈玉,1
16294,舞衣呈玉腕,1
16295,衣呈玉腕動,1
16296,呈玉腕動搖,1
16297,玉腕動搖歌,1
16298,腕動搖歌扇,1
16299,動搖歌扇露,1
16300,搖歌扇露金,1
16301,歌扇露金鈿,1
16302,扇露金鈿青,1
16303,露金鈿青蛾,1
16304,金鈿青蛾側,1
16305,鈿青蛾側座,1
16306,青蛾側座調,1
16307,蛾側座調雙,1
16308,側座調雙管,1
16309,座調雙管彩,1
16310,調雙管彩鳳,1
16311,雙管彩鳳斜,1
16312,管彩鳳斜飛,1
16313,彩鳳斜飛入,1
16314,鳳斜飛入五,1
16315,斜飛入五弦,1
16316,飛入五弦雖,1
16317,入五弦雖是,1
16318,五弦雖是沂,1
16319,弦雖是沂公,1
16320,雖是沂公門,1
16321,是沂公門下,1
16322,沂公門下客,1
16323,公門下客爭,1
16324,門下客爭將,1
16325,下客爭將肉,1
16326,客爭將肉眼,1
16327,爭將肉眼看,1
16328,將肉眼看雲,1
16329,肉眼看雲天,1
16330,眼看雲天早,1
16331,看雲天早入,1
16332,雲天早入公,1
16333,天早入公門,1
16334,早入公門到,1
16335,入公門到夜,1
16336,公門到夜歸,1
16337,門到夜歸不,1
16338,到夜歸不因,1
16339,夜歸不因寒,1
16340,歸不因寒食,1
16341,不因寒食少,1
16342,因寒食少閒,1
16343,寒食少閒時,1
16344,食少閒時顛,1
16345,少閒時顛狂,1
16346,閒時顛狂繞,1
16347,時顛狂繞樹,1
16348,顛狂繞樹猿,1
16349,狂繞樹猿離,1
16350,繞樹猿離鎖,1
16351,樹猿離鎖跳,1
16352,猿離鎖跳躑,1
16353,離鎖跳躑緣,1
16354,鎖跳躑緣岡,1
16355,跳躑緣岡馬,1
16356,躑緣岡馬斷,1
16357,緣岡馬斷羈,1
16358,岡馬斷羈酒,1
16359,馬斷羈酒汙,1
16360,斷羈酒汙衣,1
16361,羈酒汙衣裳,1
16362,酒汙衣裳從,1
16363,汙衣裳從客,1
16364,衣裳從客笑,1
16365,裳從客笑醉,1
16366,從客笑醉饒,1
16367,客笑醉饒言,1
16368,笑醉饒言語,1
16369,醉饒言語覓,1
16370,饒言語覓花,1
16371,言語覓花知,1
16372,語覓花知老,1
16373,覓花知老來,1
16374,花知老來自,1
16375,知老來自喜,1
16376,老來自喜身,1
16377,來自喜身無,1
16378,自喜身無事,1
16379,喜身無事仰,1
16380,身無事仰面,1
16381,無事仰面西,1
16382,事仰面西園,1
16383,仰面西園得,1
16384,面西園得詠,1
16385,西園得詠詩,1
16386,園得詠詩蓬,1
16387,得詠詩蓬萊,1
16388,詠詩蓬萊春,1
16389,詩蓬萊春雪,1
16390,蓬萊春雪曉,1
16391,萊春雪曉猶,1
16392,春雪曉猶殘,1
16393,雪曉猶殘點,1
16394,曉猶殘點地,1
16395,猶殘點地成,1
16396,殘點地成花,1
16397,點地成花繞,1
16398,地成花繞百,1
16399,成花繞百官,1
16400,花繞百官已,1
16401,繞百官已傍,1
16402,百官已傍祥,1
16403,官已傍祥鸞,1
16404,已傍祥鸞迷,1
16405,傍祥鸞迷殿,1
16406,祥鸞迷殿角,1
16407,鸞迷殿角還,1
16408,迷殿角還穿,1
16409,殿角還穿瑞,1
16410,角還穿瑞草,1
16411,還穿瑞草入,1
16412,穿瑞草入袍,1
16413,瑞草入袍襴,1
16414,草入袍襴無,1
16415,入袍襴無多,1
16416,袍襴無多白,1
16417,襴無多白玉,1
16418,無多白玉階,1
16419,多白玉階前,1
16420,白玉階前濕,1
16421,玉階前濕積,1
16422,階前濕積漸,1
16423,前濕積漸青,1
16424,濕積漸青松,1
16425,積漸青松葉,1
16426,漸青松葉上,1
16427,青松葉上幹,1
16428,松葉上幹粉,1
16429,葉上幹粉畫,1
16430,上幹粉畫南,1
16431,幹粉畫南山,1
16432,粉畫南山棱,1
16433,畫南山棱郭,1
16434,南山棱郭出,1
16435,山棱郭出初,1
16436,棱郭出初晴,1
16437,郭出初晴一,1
16438,出初晴一半,1
16439,初晴一半隔,1
16440,晴一半隔雲,1
16441,一半隔雲看,1
16442,半隔雲看宮,1
16443,隔雲看宮鴉,1
16444,雲看宮鴉棲,1
16445,看宮鴉棲定,1
16446,宮鴉棲定禁,1
16447,鴉棲定禁槍,1
16448,棲定禁槍攢,1
16449,定禁槍攢樓,1
16450,禁槍攢樓殿,1
16451,槍攢樓殿深,1
16452,攢樓殿深嚴,1
16453,樓殿深嚴月,1
16454,殿深嚴月色,1
16455,深嚴月色寒,1
16456,嚴月色寒進,1
16457,月色寒進狀,1
16458,色寒進狀直,1
16459,寒進狀直穿,1
16460,進狀直穿金,1
16461,狀直穿金戟,1
16462,直穿金戟槊,1
16463,穿金戟槊探,1
16464,金戟槊探更,1
16465,戟槊探更先,1
16466,槊探更先傍,1
16467,探更先傍玉,1
16468,更先傍玉鉤,1
16469,先傍玉鉤欄,1
16470,傍玉鉤欄漏,1
16471,玉鉤欄漏傳,1
16472,鉤欄漏傳五,1
16473,欄漏傳五點,1
16474,漏傳五點班,1
16475,傳五點班初,1
16476,五點班初合,1
16477,點班初合鼓,1
16478,班初合鼓動,1
16479,初合鼓動三,1
16480,合鼓動三聲,1
16481,鼓動三聲仗,1
16482,動三聲仗已,1
16483,三聲仗已端,1
16484,聲仗已端遙,1
16485,仗已端遙見,1
16486,已端遙見正,1
16487,端遙見正南,1
16488,遙見正南宣,1
16489,見正南宣不,1
16490,正南宣不坐,1
16491,南宣不坐新,1
16492,宣不坐新栽,1
16493,不坐新栽松,1
16494,坐新栽松樹,1
16495,新栽松樹喚,1
16496,栽松樹喚人,1
16497,松樹喚人看,1
16498,樹喚人看百,1
16499,喚人看百官,1
16500,人看百官朝,1
16501,看百官朝下,1
16502,百官朝下五,1
16503,官朝下五門,1
16504,朝下五門西,1
16505,下五門西塵,1
16506,五門西塵起,1
16507,門西塵起春,1
16508,西塵起春風,1
16509,塵起春風過,1
16510,起春風過玉,1
16511,春風過玉堤,1
16512,風過玉堤黃,1
16513,過玉堤黃帕,1
16514,玉堤黃帕蓋,1
16515,堤黃帕蓋鞍,1
16516,黃帕蓋鞍呈,1
16517,帕蓋鞍呈了,1
16518,蓋鞍呈了馬,1
16519,鞍呈了馬紅,1
16520,呈了馬紅羅,1
16521,了馬紅羅系,1
16522,馬紅羅系項,1
16523,紅羅系項鬥,1
16524,羅系項鬥回,1
16525,系項鬥回雞,1
16526,項鬥回雞館,1
16527,鬥回雞館松,1
16528,回雞館松枝,1
16529,雞館松枝重,1
16530,館松枝重牆,1
16531,松枝重牆頭,1
16532,枝重牆頭出,1
16533,重牆頭出禦,1
16534,牆頭出禦柳,1
16535,頭出禦柳條,1
16536,出禦柳條長,1
16537,禦柳條長水,1
16538,柳條長水面,1
16539,條長水面齊,1
16540,長水面齊唯,1
16541,水面齊唯有,1
16542,面齊唯有教,1
16543,齊唯有教坊,1
16544,唯有教坊南,1
16545,有教坊南草,1
16546,教坊南草綠,1
16547,坊南草綠古,1
16548,南草綠古苔,1
16549,草綠古苔陰,1
16550,綠古苔陰地,1
16551,古苔陰地冷,1
16552,苔陰地冷淒,1
16553,陰地冷淒淒,1
16554,地冷淒淒霏,1
16555,冷淒淒霏霏,1
16556,淒淒霏霏漠,1
16557,淒霏霏漠漠,1
16558,霏霏漠漠繞,1
16559,霏漠漠繞皇,1
16560,漠漠繞皇州,1
16561,漠繞皇州銷,1
16562,繞皇州銷雪,1
16563,皇州銷雪欺,1
16564,州銷雪欺寒,1
16565,銷雪欺寒不,1
16566,雪欺寒不自,1
16567,欺寒不自由,1
16568,寒不自由先,1
16569,不自由先向,1
16570,自由先向紅,1
16571,由先向紅妝,1
16572,先向紅妝添,1
16573,向紅妝添曉,1
16574,紅妝添曉夢,1
16575,妝添曉夢爭,1
16576,添曉夢爭來,1
16577,曉夢爭來白,1
16578,夢爭來白發,1
16579,爭來白發送,1
16580,來白發送新,1
16581,白發送新愁,1
16582,發送新愁暖,1
16583,送新愁暖催,1
16584,新愁暖催衣,1
16585,愁暖催衣上,1
16586,暖催衣上縫,1
16587,催衣上縫羅,1
16588,衣上縫羅勝,1
16589,上縫羅勝晴,1
16590,縫羅勝晴報,1
16591,羅勝晴報窗,1
16592,勝晴報窗中,1
16593,晴報窗中點,1
16594,報窗中點彩,1
16595,窗中點彩球,1
16596,中點彩球每,1
16597,點彩球每度,1
16598,彩球每度暗,1
16599,球每度暗來,1
16600,每度暗來還,1
16601,度暗來還暗,1
16602,暗來還暗去,1
16603,來還暗去今,1
16604,還暗去今年,1
16605,暗去今年須,1
16606,去今年須遣,1
16607,今年須遣蝶,1
16608,年須遣蝶遲,1
16609,須遣蝶遲留,1
16610,遣蝶遲留日,1
16611,蝶遲留日日,1
16612,遲留日日春,1
16613,留日日春風,1
16614,日日春風階,1
16615,日春風階下,1
16616,春風階下起,1
16617,風階下起不,1
16618,階下起不吹,1
16619,下起不吹光,1
16620,起不吹光彩,1
16621,不吹光彩上,1
16622,吹光彩上寒,1
16623,光彩上寒株,1
16624,彩上寒株師,1
16625,上寒株師教,1
16626,寒株師教絳,1
16627,株師教絳服,1
16628,師教絳服禳,1
16629,教絳服禳衰,1
16630,絳服禳衰月,1
16631,服禳衰月妻,1
16632,禳衰月妻許,1
16633,衰月妻許青,1
16634,月妻許青衣,1
16635,妻許青衣侍,1
16636,許青衣侍病,1
16637,青衣侍病夫,1
16638,衣侍病夫健,1
16639,侍病夫健羨,1
16640,病夫健羨人,1
16641,夫健羨人家,1
16642,健羨人家多,1
16643,羨人家多力,1
16644,人家多力子,1
16645,家多力子祈,1
16646,多力子祈求,1
16647,力子祈求道,1
16648,子祈求道士,1
16649,祈求道士有,1
16650,求道士有神,1
16651,道士有神符,1
16652,士有神符世,1
16653,有神符世間,1
16654,神符世間方,1
16655,符世間方法,1
16656,世間方法從,1
16657,間方法從誰,1
16658,方法從誰問,1
16659,法從誰問臥,1
16660,從誰問臥處,1
16661,誰問臥處還,1
16662,問臥處還看,1
16663,臥處還看藥,1
16664,處還看藥草,1
16665,還看藥草圖,1
16666,看藥草圖上,1
16667,藥草圖上陽,1
16668,草圖上陽花,1
16669,圖上陽花木,1
16670,上陽花木不,1
16671,陽花木不曾,1
16672,花木不曾秋,1
16673,木不曾秋洛,1
16674,不曾秋洛水,1
16675,曾秋洛水穿,1
16676,秋洛水穿宮,1
16677,洛水穿宮處,1
16678,水穿宮處處,1
16679,穿宮處處流,1
16680,宮處處流畫,1
16681,處處流畫閣,1
16682,處流畫閣紅,1
16683,流畫閣紅樓,1
16684,畫閣紅樓宮,1
16685,閣紅樓宮女,1
16686,紅樓宮女笑,1
16687,樓宮女笑玉,1
16688,宮女笑玉簫,1
16689,女笑玉簫金,1
16690,笑玉簫金管,1
16691,玉簫金管路,1
16692,簫金管路人,1
16693,金管路人愁,1
16694,管路人愁幔,1
16695,路人愁幔城,1
16696,人愁幔城入,1
16697,愁幔城入澗,1
16698,幔城入澗橙,1
16699,城入澗橙花,1
16700,入澗橙花發,1
16701,澗橙花發玉,1
16702,橙花發玉輦,1
16703,花發玉輦登,1
16704,發玉輦登山,1
16705,玉輦登山桂,1
16706,輦登山桂葉,1
16707,登山桂葉稠,1
16708,山桂葉稠曾,1
16709,桂葉稠曾讀,1
16710,葉稠曾讀列,1
16711,稠曾讀列仙,1
16712,曾讀列仙王,1
16713,讀列仙王母,1
16714,列仙王母傳,1
16715,仙王母傳九,1
16716,王母傳九天,1
16717,母傳九天未,1
16718,傳九天未勝,1
16719,九天未勝此,1
16720,天未勝此中,1
16721,未勝此中游,1
16722,勝此中游露,1
16723,此中游露濃,1
16724,中游露濃煙,1
16725,游露濃煙重,1
16726,露濃煙重草,1
16727,濃煙重草萋,1
16728,煙重草萋萋,1
16729,重草萋萋樹,1
16730,草萋萋樹映,1
16731,萋萋樹映闌,1
16732,萋樹映闌幹,1
16733,樹映闌幹柳,1
16734,映闌幹柳拂,1
16735,闌幹柳拂堤,1
16736,幹柳拂堤一,1
16737,柳拂堤一院,1
16738,拂堤一院落,1
16739,堤一院落花,1
16740,一院落花無,1
16741,院落花無客,1
16742,落花無客醉,1
16743,花無客醉半,1
16744,無客醉半窗,1
16745,客醉半窗殘,1
16746,醉半窗殘月,1
16747,半窗殘月有,1
16748,窗殘月有鶯,1
16749,殘月有鶯啼,1
16750,月有鶯啼芳,1
16751,有鶯啼芳筵,1
16752,鶯啼芳筵想,1
16753,啼芳筵想像,1
16754,芳筵想像情,1
16755,筵想像情難,1
16756,想像情難盡,1
16757,像情難盡故,1
16758,情難盡故榭,1
16759,難盡故榭荒,1
16760,盡故榭荒涼,1
16761,故榭荒涼路,1
16762,榭荒涼路欲,1
16763,荒涼路欲迷,1
16764,涼路欲迷風,1
16765,路欲迷風景,1
16766,欲迷風景宛,1
16767,迷風景宛然,1
16768,風景宛然人,1
16769,景宛然人自,1
16770,宛然人自改,1
16771,然人自改卻,1
16772,人自改卻經,1
16773,自改卻經門,1
16774,改卻經門外,1
16775,卻經門外馬,1
16776,經門外馬頻,1
16777,門外馬頻嘶,1
16778,外馬頻嘶盡,1
16779,馬頻嘶盡日,1
16780,頻嘶盡日吟,1
16781,嘶盡日吟詩,1
16782,盡日吟詩坐,1
16783,日吟詩坐忍,1
16784,吟詩坐忍饑,1
16785,詩坐忍饑萬,1
16786,坐忍饑萬人,1
16787,忍饑萬人中,1
16788,饑萬人中覓,1
16789,萬人中覓似,1
16790,人中覓似君,1
16791,中覓似君稀,1
16792,覓似君稀僮,1
16793,似君稀僮眠,1
16794,君稀僮眠冷,1
16795,稀僮眠冷榻,1
16796,僮眠冷榻朝,1
16797,眠冷榻朝猶,1
16798,冷榻朝猶臥,1
16799,榻朝猶臥驢,1
16800,朝猶臥驢放,1
16801,猶臥驢放秋,1
16802,臥驢放秋田,1
16803,驢放秋田夜,1
16804,放秋田夜不,1
16805,秋田夜不歸,1
16806,田夜不歸傍,1
16807,夜不歸傍暖,1
16808,不歸傍暖旋,1
16809,歸傍暖旋收,1
16810,傍暖旋收紅,1
16811,暖旋收紅落,1
16812,旋收紅落葉,1
16813,收紅落葉覺,1
16814,紅落葉覺寒,1
16815,落葉覺寒猶,1
16816,葉覺寒猶著,1
16817,覺寒猶著舊,1
16818,寒猶著舊生,1
16819,猶著舊生衣,1
16820,著舊生衣曲,1
16821,舊生衣曲江,1
16822,生衣曲江池,1
16823,衣曲江池畔,1
16824,曲江池畔時,1
16825,江池畔時時,1
16826,池畔時時到,1
16827,畔時時到為,1
16828,時時到為愛,1
16829,時到為愛鸕,1
16830,到為愛鸕鷀,1
16831,為愛鸕鷀雨,1
16832,愛鸕鷀雨後,1
16833,鸕鷀雨後飛,1
16834,鷀雨後飛休,1
16835,雨後飛休看,1
16836,後飛休看小,1
16837,飛休看小字,1
16838,休看小字大,1
16839,看小字大書,1
16840,小字大書名,1
16841,字大書名向,1
16842,大書名向日,1
16843,書名向日持,1
16844,名向日持經,1
16845,向日持經眼,1
16846,日持經眼卻,1
16847,持經眼卻明,1
16848,經眼卻明時,1
16849,眼卻明時過,1
16850,卻明時過無,1
16851,明時過無心,1
16852,時過無心求,1
16853,過無心求富,1
16854,無心求富貴,1
16855,心求富貴身,1
16856,求富貴身閑,1
16857,富貴身閑不,1
16858,貴身閑不夢,1
16859,身閑不夢見,1
16860,閑不夢見公,1
16861,不夢見公卿,1
16862,夢見公卿因,1
16863,見公卿因尋,1
16864,公卿因尋寺,1
16865,卿因尋寺裏,1
16866,因尋寺裏熏,1
16867,尋寺裏熏辛,1
16868,寺裏熏辛斷,1
16869,裏熏辛斷自,1
16870,熏辛斷自別,1
16871,辛斷自別城,1
16872,斷自別城中,1
16873,自別城中禮,1
16874,別城中禮數,1
16875,城中禮數生,1
16876,中禮數生斜,1
16877,禮數生斜月,1
16878,數生斜月照,1
16879,生斜月照房,1
16880,斜月照房新,1
16881,月照房新睡,1
16882,照房新睡覺,1
16883,房新睡覺西,1
16884,新睡覺西峰,1
16885,睡覺西峰半,1
16886,覺西峰半夜,1
16887,西峰半夜鶴,1
16888,峰半夜鶴來,1
16889,半夜鶴來聲,1
16890,夜鶴來聲江,1
16891,鶴來聲江上,1
16892,來聲江上數,1
16893,聲江上數株,1
16894,江上數株桑,1
16895,上數株桑棗,1
16896,數株桑棗樹,1
16897,株桑棗樹自,1
16898,桑棗樹自從,1
16899,棗樹自從離,1
16900,樹自從離亂,1
16901,自從離亂更,1
16902,從離亂更荒,1
16903,離亂更荒涼,1
16904,亂更荒涼那,1
16905,更荒涼那堪,1
16906,荒涼那堪旅,1
16907,涼那堪旅館,1
16908,那堪旅館經,1
16909,堪旅館經殘,1
16910,旅館經殘臘,1
16911,館經殘臘只,1
16912,經殘臘只把,1
16913,殘臘只把空,1
16914,臘只把空書,1
16915,只把空書寄,1
16916,把空書寄故,1
16917,空書寄故鄉,1
16918,書寄故鄉典,1
16919,寄故鄉典盡,1
16920,故鄉典盡客,1
16921,鄉典盡客衣,1
16922,典盡客衣三,1
16923,盡客衣三尺,1
16924,客衣三尺雪,1
16925,衣三尺雪煉,1
16926,三尺雪煉精,1
16927,尺雪煉精詩,1
16928,雪煉精詩句,1
16929,煉精詩句一,1
16930,精詩句一頭,1
16931,詩句一頭霜,1
16932,句一頭霜故,1
16933,一頭霜故人,1
16934,頭霜故人多,1
16935,霜故人多在,1
16936,故人多在芙,1
16937,人多在芙蓉,1
16938,多在芙蓉幕,1
16939,在芙蓉幕應,1
16940,芙蓉幕應笑,1
16941,蓉幕應笑孜,1
16942,幕應笑孜孜,1
16943,應笑孜孜道,1
16944,笑孜孜道未,1
16945,孜孜道未光,1
16946,孜道未光何,1
16947,道未光何須,1
16948,未光何須服,1
16949,光何須服藥,1
16950,何須服藥覓,1
16951,須服藥覓升,1
16952,服藥覓升天,1
16953,藥覓升天粉,1
16954,覓升天粉閣,1
16955,升天粉閣為,1
16956,天粉閣為郎,1
16957,粉閣為郎即,1
16958,閣為郎即是,1
16959,為郎即是仙,1
16960,郎即是仙買,1
16961,即是仙買宅,1
16962,是仙買宅但,1
16963,仙買宅但幽,1
16964,買宅但幽從,1
16965,宅但幽從索,1
16966,但幽從索價,1
16967,幽從索價栽,1
16968,從索價栽松,1
16969,索價栽松取,1
16970,價栽松取活,1
16971,栽松取活不,1
16972,松取活不爭,1
16973,取活不爭錢,1
16974,活不爭錢退,1
16975,不爭錢退朝,1
16976,爭錢退朝寺,1
16977,錢退朝寺裏,1
16978,退朝寺裏尋,1
16979,朝寺裏尋荒,1
16980,寺裏尋荒塔,1
16981,裏尋荒塔經,1
16982,尋荒塔經宿,1
16983,荒塔經宿城,1
16984,塔經宿城南,1
16985,經宿城南看,1
16986,宿城南看野,1
16987,城南看野泉,1
16988,南看野泉道,1
16989,看野泉道氣,1
16990,野泉道氣清,1
16991,泉道氣清凝,1
16992,道氣清凝分,1
16993,氣清凝分曉,1
16994,清凝分曉爽,1
16995,凝分曉爽詩,1
16996,分曉爽詩情,1
16997,曉爽詩情冷,1
16998,爽詩情冷瘦,1
16999,詩情冷瘦滴,1
17000,情冷瘦滴秋,1
17001,冷瘦滴秋鮮,1
17002,瘦滴秋鮮學,1
17003,滴秋鮮學通,1
17004,秋鮮學通儒,1
17005,鮮學通儒釋,1
17006,學通儒釋三,1
17007,通儒釋三千,1
17008,儒釋三千卷,1
17009,釋三千卷身,1
17010,三千卷身擁,1
17011,千卷身擁旌,1
17012,卷身擁旌旗,1
17013,身擁旌旗二,1
17014,擁旌旗二十,1
17015,旌旗二十年,1
17016,旗二十年春,1
17017,二十年春巷,1
17018,十年春巷偶,1
17019,年春巷偶過,1
17020,春巷偶過同,1
17021,巷偶過同戶,1
17022,偶過同戶飲,1
17023,過同戶飲暖,1
17024,同戶飲暖窗,1
17025,戶飲暖窗時,1
17026,飲暖窗時與,1
17027,暖窗時與對,1
17028,窗時與對床,1
17029,時與對床眠,1
17030,與對床眠破,1
17031,對床眠破除,1
17032,床眠破除心,1
17033,眠破除心力,1
17034,破除心力緣,1
17035,除心力緣書,1
17036,心力緣書癖,1
17037,力緣書癖傷,1
17038,緣書癖傷瘦,1
17039,書癖傷瘦花,1
17040,癖傷瘦花枝,1
17041,傷瘦花枝為,1
17042,瘦花枝為酒,1
17043,花枝為酒顛,1
17044,枝為酒顛今,1
17045,為酒顛今日,1
17046,酒顛今日總,1
17047,顛今日總來,1
17048,今日總來歸,1
17049,日總來歸聖,1
17050,總來歸聖代,1
17051,來歸聖代丈,1
17052,歸聖代丈人,1
17053,聖代丈人先,1
17054,代丈人先達,1
17055,丈人先達幸,1
17056,人先達幸相,1
17057,先達幸相憐,1
17058,達幸相憐重,1
17059,幸相憐重登,1
17060,相憐重登大,1
17061,憐重登大學,1
17062,重登大學領,1
17063,登大學領儒,1
17064,大學領儒流,1
17065,學領儒流學,1
17066,領儒流學浪,1
17067,儒流學浪詞,1
17068,流學浪詞鋒,1
17069,學浪詞鋒壓,1
17070,浪詞鋒壓九,1
17071,詞鋒壓九州,1
17072,鋒壓九州不,1
17073,壓九州不以,1
17074,九州不以雄,1
17075,州不以雄名,1
17076,不以雄名疏,1
17077,以雄名疏野,1
17078,雄名疏野賤,1
17079,名疏野賤唯,1
17080,疏野賤唯將,1
17081,野賤唯將直,1
17082,賤唯將直氣,1
17083,唯將直氣折,1
17084,將直氣折王,1
17085,直氣折王侯,1
17086,氣折王侯詠,1
17087,折王侯詠傷,1
17088,王侯詠傷松,1
17089,侯詠傷松桂,1
17090,詠傷松桂青,1
17091,傷松桂青山,1
17092,松桂青山瘦,1
17093,桂青山瘦取,1
17094,青山瘦取盡,1
17095,山瘦取盡珠,1
17096,瘦取盡珠璣,1
17097,取盡珠璣碧,1
17098,盡珠璣碧海,1
17099,珠璣碧海愁,1
17100,璣碧海愁敘,1
17101,碧海愁敘述,1
17102,海愁敘述異,1
17103,愁敘述異篇,1
17104,敘述異篇經,1
17105,述異篇經總,1
17106,異篇經總別,1
17107,篇經總別鞭,1
17108,經總別鞭驅,1
17109,總別鞭驅險,1
17110,別鞭驅險句,1
17111,鞭驅險句最,1
17112,驅險句最先,1
17113,險句最先投,1
17114,句最先投碑,1
17115,最先投碑文,1
17116,先投碑文合,1
17117,投碑文合遣,1
17118,碑文合遣貞,1
17119,文合遣貞魂,1
17120,合遣貞魂謝,1
17121,遣貞魂謝史,1
17122,貞魂謝史筆,1
17123,魂謝史筆應,1
17124,謝史筆應令,1
17125,史筆應令諂,1
17126,筆應令諂骨,1
17127,應令諂骨羞,1
17128,令諂骨羞清,1
17129,諂骨羞清俸,1
17130,骨羞清俸探,1
17131,羞清俸探將,1
17132,清俸探將還,1
17133,俸探將還酒,1
17134,探將還酒債,1
17135,將還酒債黃,1
17136,還酒債黃金,1
17137,酒債黃金旋,1
17138,債黃金旋得,1
17139,黃金旋得起,1
17140,金旋得起書,1
17141,旋得起書樓,1
17142,得起書樓參,1
17143,起書樓參來,1
17144,書樓參來擬,1
17145,樓參來擬設,1
17146,參來擬設官,1
17147,來擬設官人,1
17148,擬設官人禮,1
17149,設官人禮朝,1
17150,官人禮朝退,1
17151,人禮朝退多,1
17152,禮朝退多逢,1
17153,朝退多逢月,1
17154,退多逢月閣,1
17155,多逢月閣遊,1
17156,逢月閣遊見,1
17157,月閣遊見說,1
17158,閣遊見說雲,1
17159,遊見說雲泉,1
17160,見說雲泉求,1
17161,說雲泉求住,1
17162,雲泉求住處,1
17163,泉求住處若,1
17164,求住處若無,1
17165,住處若無知,1
17166,處若無知薦,1
17167,若無知薦一,1
17168,無知薦一生,1
17169,知薦一生休,1
17170,薦一生休此,1
17171,一生休此官,1
17172,生休此官出,1
17173,休此官出入,1
17174,此官出入鳳,1
17175,官出入鳳池,1
17176,出入鳳池頭,1
17177,入鳳池頭通,1
17178,鳳池頭通化,1
17179,池頭通化門,1
17180,頭通化門前,1
17181,通化門前第,1
17182,化門前第一,1
17183,門前第一州,1
17184,前第一州少,1
17185,第一州少華,1
17186,一州少華山,1
17187,州少華山雲,1
17188,少華山雲當,1
17189,華山雲當驛,1
17190,山雲當驛起,1
17191,雲當驛起小,1
17192,當驛起小敷,1
17193,驛起小敷溪,1
17194,起小敷溪水,1
17195,小敷溪水入,1
17196,敷溪水入城,1
17197,溪水入城流,1
17198,水入城流空,1
17199,入城流空閒,1
17200,城流空閒地,1
17201,流空閒地內,1
17202,空閒地內人,1
17203,閒地內人初,1
17204,地內人初滿,1
17205,內人初滿詞,1
17206,人初滿詞訟,1
17207,初滿詞訟牌,1
17208,滿詞訟牌前,1
17209,詞訟牌前草,1
17210,訟牌前草漸,1
17211,牌前草漸稠,1
17212,前草漸稠報,1
17213,草漸稠報狀,1
17214,漸稠報狀拆,1
17215,稠報狀拆開,1
17216,報狀拆開知,1
17217,狀拆開知足,1
17218,拆開知足雨,1
17219,開知足雨赦,1
17220,知足雨赦書,1
17221,足雨赦書宣,1
17222,雨赦書宣過,1
17223,赦書宣過喜,1
17224,書宣過喜無,1
17225,宣過喜無囚,1
17226,過喜無囚自,1
17227,喜無囚自來,1
17228,無囚自來不,1
17229,囚自來不說,1
17230,自來不說雙,1
17231,來不說雙旌,1
17232,不說雙旌貴,1
17233,說雙旌貴恐,1
17234,雙旌貴恐替,1
17235,旌貴恐替長,1
17236,貴恐替長教,1
17237,恐替長教百,1
17238,替長教百姓,1
17239,長教百姓愁,1
17240,教百姓愁公,1
17241,百姓愁公退,1
17242,姓愁公退晚,1
17243,愁公退晚涼,1
17244,公退晚涼無,1
17245,退晚涼無一,1
17246,晚涼無一事,1
17247,涼無一事步,1
17248,無一事步行,1
17249,一事步行攜,1
17250,事步行攜客,1
17251,步行攜客上,1
17252,行攜客上南,1
17253,攜客上南樓,1
17254,客上南樓使,1
17255,上南樓使回,1
17256,南樓使回高,1
17257,樓使回高品,1
17258,使回高品滿,1
17259,回高品滿城,1
17260,高品滿城傳,1
17261,品滿城傳親,1
17262,滿城傳親見,1
17263,城傳親見沂,1
17264,傳親見沂公,1
17265,親見沂公在,1
17266,見沂公在陣,1
17267,沂公在陣前,1
17268,公在陣前百,1
17269,在陣前百里,1
17270,陣前百里旗,1
17271,前百里旗幡,1
17272,百里旗幡沖,1
17273,里旗幡沖即,1
17274,旗幡沖即斷,1
17275,幡沖即斷兩,1
17276,沖即斷兩重,1
17277,即斷兩重衣,1
17278,斷兩重衣甲,1
17279,兩重衣甲射,1
17280,重衣甲射皆,1
17281,衣甲射皆穿,1
17282,甲射皆穿探,1
17283,射皆穿探知,1
17284,皆穿探知點,1
17285,穿探知點檢,1
17286,探知點檢兵,1
17287,知點檢兵應,1
17288,點檢兵應怯,1
17289,檢兵應怯算,1
17290,兵應怯算得,1
17291,應怯算得新,1
17292,怯算得新移,1
17293,算得新移柵,1
17294,得新移柵未,1
17295,新移柵未堅,1
17296,移柵未堅營,1
17297,柵未堅營被,1
17298,未堅營被數,1
17299,堅營被數驚,1
17300,營被數驚乘,1
17301,被數驚乘勢,1
17302,數驚乘勢破,1
17303,驚乘勢破將,1
17304,乘勢破將經,1
17305,勢破將經頻,1
17306,破將經頻敗,1
17307,將經頻敗遂,1
17308,經頻敗遂生,1
17309,頻敗遂生全,1
17310,敗遂生全密,1
17311,遂生全密招,1
17312,生全密招殘,1
17313,全密招殘寇,1
17314,密招殘寇防,1
17315,招殘寇防人,1
17316,殘寇防人覺,1
17317,寇防人覺遙,1
17318,防人覺遙斬,1
17319,人覺遙斬元,1
17320,覺遙斬元兇,1
17321,遙斬元兇恐,1
17322,斬元兇恐自,1
17323,元兇恐自專,1
17324,兇恐自專首,1
17325,恐自專首讓,1
17326,自專首讓諸,1
17327,專首讓諸軍,1
17328,首讓諸軍無,1
17329,讓諸軍無敢,1
17330,諸軍無敢近,1
17331,軍無敢近功,1
17332,無敢近功歸,1
17333,敢近功歸部,1
17334,近功歸部曲,1
17335,功歸部曲不,1
17336,歸部曲不爭,1
17337,部曲不爭先,1
17338,曲不爭先開,1
17339,不爭先開通,1
17340,爭先開通州,1
17341,先開通州縣,1
17342,開通州縣斜,1
17343,通州縣斜連,1
17344,州縣斜連海,1
17345,縣斜連海交,1
17346,斜連海交割,1
17347,連海交割山,1
17348,海交割山河,1
17349,交割山河直,1
17350,割山河直到,1
17351,山河直到燕,1
17352,河直到燕戰,1
17353,直到燕戰馬,1
17354,到燕戰馬散,1
17355,燕戰馬散驅,1
17356,戰馬散驅還,1
17357,馬散驅還逐,1
17358,散驅還逐草,1
17359,驅還逐草肉,1
17360,還逐草肉牛,1
17361,逐草肉牛齊,1
17362,草肉牛齊散,1
17363,肉牛齊散卻,1
17364,牛齊散卻耕,1
17365,齊散卻耕田,1
17366,散卻耕田府,1
17367,卻耕田府中,1
17368,耕田府中獨,1
17369,田府中獨拜,1
17370,府中獨拜將,1
17371,中獨拜將軍,1
17372,獨拜將軍貴,1
17373,拜將軍貴門,1
17374,將軍貴門下,1
17375,軍貴門下兼,1
17376,貴門下兼分,1
17377,門下兼分宰,1
17378,下兼分宰相,1
17379,兼分宰相權,1
17380,分宰相權唐,1
17381,宰相權唐史,1
17382,相權唐史上,1
17383,權唐史上頭,1
17384,唐史上頭功,1
17385,史上頭功第,1
17386,上頭功第一,1
17387,頭功第一春,1
17388,功第一春風,1
17389,第一春風雙,1
17390,一春風雙節,1
17391,春風雙節好,1
17392,風雙節好朝,1
17393,雙節好朝天,1
17394,節好朝天還,1
17395,好朝天還攜,1
17396,朝天還攜堂,1
17397,天還攜堂印,1
17398,還攜堂印向,1
17399,攜堂印向並,1
17400,堂印向並州,1
17401,印向並州將,1
17402,向並州將相,1
17403,並州將相兼,1
17404,州將相兼權,1
17405,將相兼權是,1
17406,相兼權是武,1
17407,兼權是武侯,1
17408,權是武侯時,1
17409,是武侯時難,1
17410,武侯時難獨,1
17411,侯時難獨當,1
17412,時難獨當天,1
17413,難獨當天下,1
17414,獨當天下事,1
17415,當天下事功,1
17416,天下事功成,1
17417,下事功成卻,1
17418,事功成卻進,1
17419,功成卻進手,1
17420,成卻進手中,1
17421,卻進手中籌,1
17422,進手中籌再,1
17423,手中籌再三,1
17424,中籌再三陳,1
17425,籌再三陳乞,1
17426,再三陳乞壚,1
17427,三陳乞壚煙,1
17428,陳乞壚煙裏,1
17429,乞壚煙裏前,1
17430,壚煙裏前後,1
17431,煙裏前後封,1
17432,裏前後封章,1
17433,前後封章玉,1
17434,後封章玉案,1
17435,封章玉案頭,1
17436,章玉案頭朱,1
17437,玉案頭朱架,1
17438,案頭朱架早,1
17439,頭朱架早朝,1
17440,朱架早朝立,1
17441,架早朝立劍,1
17442,早朝立劍戟,1
17443,朝立劍戟綠,1
17444,立劍戟綠槐,1
17445,劍戟綠槐殘,1
17446,戟綠槐殘雨,1
17447,綠槐殘雨看,1
17448,槐殘雨看張,1
17449,殘雨看張油,1
17450,雨看張油遙,1
17451,看張油遙知,1
17452,張油遙知塞,1
17453,油遙知塞雁,1
17454,遙知塞雁從,1
17455,知塞雁從今,1
17456,塞雁從今好,1
17457,雁從今好直,1
17458,從今好直得,1
17459,今好直得漁,1
17460,好直得漁陽,1
17461,直得漁陽已,1
17462,得漁陽已北,1
17463,漁陽已北愁,1
17464,陽已北愁邊,1
17465,已北愁邊鋪,1
17466,北愁邊鋪警,1
17467,愁邊鋪警巡,1
17468,邊鋪警巡旗,1
17469,鋪警巡旗盡,1
17470,警巡旗盡換,1
17471,巡旗盡換山,1
17472,旗盡換山城,1
17473,盡換山城候,1
17474,換山城候館,1
17475,山城候館壁,1
17476,城候館壁重,1
17477,候館壁重修,1
17478,館壁重修千,1
17479,壁重修千群,1
17480,重修千群白,1
17481,修千群白刃,1
17482,千群白刃兵,1
17483,群白刃兵迎,1
17484,白刃兵迎節,1
17485,刃兵迎節十,1
17486,兵迎節十對,1
17487,迎節十對紅,1
17488,節十對紅妝,1
17489,十對紅妝妓,1
17490,對紅妝妓打,1
17491,紅妝妓打球,1
17492,妝妓打球聖,1
17493,妓打球聖主,1
17494,打球聖主分,1
17495,球聖主分明,1
17496,聖主分明交,1
17497,主分明交暫,1
17498,分明交暫去,1
17499,明交暫去不,1
17500,交暫去不須,1
17501,暫去不須高,1
17502,去不須高起,1
17503,不須高起見,1
17504,須高起見京,1
17505,高起見京樓,1
17506,起見京樓河,1
17507,見京樓河亭,1
17508,京樓河亭收,1
17509,樓河亭收酒,1
17510,河亭收酒器,1
17511,亭收酒器語,1
17512,收酒器語盡,1
17513,酒器語盡各,1
17514,器語盡各西,1
17515,語盡各西東,1
17516,盡各西東回,1
17517,各西東回首,1
17518,西東回首不,1
17519,東回首不相,1
17520,回首不相見,1
17521,首不相見行,1
17522,不相見行車,1
17523,相見行車秋,1
17524,見行車秋雨,1
17525,行車秋雨中,1
17526,車秋雨中去,1
17527,秋雨中去日,1
17528,雨中去日丁,1
17529,中去日丁寧,1
17530,去日丁寧別,1
17531,日丁寧別情,1
17532,丁寧別情知,1
17533,寧別情知寒,1
17534,別情知寒食,1
17535,情知寒食歸,1
17536,知寒食歸緣,1
17537,寒食歸緣逢,1
17538,食歸緣逢好,1
17539,歸緣逢好天,1
17540,緣逢好天氣,1
17541,逢好天氣教,1
17542,好天氣教熨,1
17543,天氣教熨看,1
17544,氣教熨看花,1
17545,教熨看花衣,1
17546,熨看花衣誰,1
17547,看花衣誰是,1
17548,花衣誰是杏,1
17549,衣誰是杏園,1
17550,誰是杏園主,1
17551,是杏園主一,1
17552,杏園主一枝,1
17553,園主一枝臨,1
17554,主一枝臨古,1
17555,一枝臨古岐,1
17556,枝臨古岐從,1
17557,臨古岐從傷,1
17558,古岐從傷早,1
17559,岐從傷早春,1
17560,從傷早春意,1
17561,傷早春意乞,1
17562,早春意乞取,1
17563,春意乞取欲,1
17564,意乞取欲開,1
17565,乞取欲開枝,1
17566,取欲開枝子,1
17567,欲開枝子規,1
17568,開枝子規啼,1
17569,枝子規啼不,1
17570,子規啼不歇,1
17571,規啼不歇到,1
17572,啼不歇到曉,1
17573,不歇到曉口,1
17574,歇到曉口應,1
17575,到曉口應穿,1
17576,曉口應穿況,1
17577,口應穿況是,1
17578,應穿況是不,1
17579,穿況是不眠,1
17580,況是不眠夜,1
17581,是不眠夜聲,1
17582,不眠夜聲聲,1
17583,眠夜聲聲在,1
17584,夜聲聲在耳,1
17585,聲聲在耳邊,1
17586,聲在耳邊當,1
17587,在耳邊當初,1
17588,耳邊當初北,1
17589,邊當初北澗,1
17590,當初北澗別,1
17591,初北澗別直,1
17592,北澗別直至,1
17593,澗別直至此,1
17594,別直至此庭,1
17595,直至此庭中,1
17596,至此庭中何,1
17597,此庭中何意,1
17598,庭中何意聞,1
17599,中何意聞鞞,1
17600,何意聞鞞耳,1
17601,意聞鞞耳聽,1
17602,聞鞞耳聽君,1
17603,鞞耳聽君枝,1
17604,耳聽君枝上,1
17605,聽君枝上風,1
17606,君枝上風水,1
17607,枝上風水面,1
17608,上風水面細,1
17609,風水面細風,1
17610,水面細風生,1
17611,面細風生菱,1
17612,細風生菱歌,1
17613,風生菱歌慢,1
17614,生菱歌慢慢,1
17615,菱歌慢慢聲,1
17616,歌慢慢聲客,1
17617,慢慢聲客亭,1
17618,慢聲客亭臨,1
17619,聲客亭臨小,1
17620,客亭臨小市,1
17621,亭臨小市燈,1
17622,臨小市燈火,1
17623,小市燈火夜,1
17624,市燈火夜妝,1
17625,燈火夜妝明,1
17626,火夜妝明水,1
17627,夜妝明水北,1
17628,妝明水北金,1
17629,明水北金台,1
17630,水北金台路,1
17631,北金台路年,1
17632,金台路年年,1
17633,台路年年行,1
17634,路年年行客,1
17635,年年行客稀,1
17636,年行客稀近,1
17637,行客稀近聞,1
17638,客稀近聞天,1
17639,稀近聞天子,1
17640,近聞天子使,1
17641,聞天子使多,1
17642,天子使多取,1
17643,子使多取雁,1
17644,使多取雁門,1
17645,多取雁門歸,1
17646,取雁門歸何,1
17647,雁門歸何罪,1
17648,門歸何罪過,1
17649,歸何罪過長,1
17650,何罪過長沙,1
17651,罪過長沙年,1
17652,過長沙年年,1
17653,長沙年年北,1
17654,沙年年北望,1
17655,年年北望家,1
17656,年北望家重,1
17657,北望家重封,1
17658,望家重封嶺,1
17659,家重封嶺頭,1
17660,重封嶺頭信,1
17661,封嶺頭信一,1
17662,嶺頭信一樹,1
17663,頭信一樹海,1
17664,信一樹海邊,1
17665,一樹海邊花,1
17666,樹海邊花芸,1
17667,海邊花芸香,1
17668,邊花芸香閣,1
17669,花芸香閣裏,1
17670,芸香閣裏人,1
17671,香閣裏人採,1
17672,閣裏人採摘,1
17673,裏人採摘禦,1
17674,人採摘禦園,1
17675,採摘禦園春,1
17676,摘禦園春取,1
17677,禦園春取此,1
17678,園春取此和,1
17679,春取此和仙,1
17680,取此和仙藥,1
17681,此和仙藥猶,1
17682,和仙藥猶治,1
17683,仙藥猶治老,1
17684,藥猶治老病,1
17685,猶治老病身,1
17686,治老病身夜,1
17687,老病身夜久,1
17688,病身夜久葉,1
17689,身夜久葉露,1
17690,夜久葉露滴,1
17691,久葉露滴秋,1
17692,葉露滴秋蟲,1
17693,露滴秋蟲入,1
17694,滴秋蟲入戶,1
17695,秋蟲入戶飛,1
17696,蟲入戶飛臥,1
17697,入戶飛臥多,1
17698,戶飛臥多骨,1
17699,飛臥多骨髓,1
17700,臥多骨髓冷,1
17701,多骨髓冷起,1
17702,骨髓冷起覆,1
17703,髓冷起覆舊,1
17704,冷起覆舊綿,1
17705,起覆舊綿衣,1
17706,覆舊綿衣映,1
17707,舊綿衣映水,1
17708,綿衣映水色,1
17709,衣映水色不,1
17710,映水色不別,1
17711,水色不別向,1
17712,色不別向月,1
17713,不別向月光,1
17714,別向月光還,1
17715,向月光還度,1
17716,月光還度傾,1
17717,光還度傾在,1
17718,還度傾在荷,1
17719,度傾在荷葉,1
17720,傾在荷葉中,1
17721,在荷葉中有,1
17722,荷葉中有時,1
17723,葉中有時看,1
17724,中有時看是,1
17725,有時看是露,1
17726,時看是露閑,1
17727,看是露閑坐,1
17728,是露閑坐燒,1
17729,露閑坐燒印,1
17730,閑坐燒印香,1
17731,坐燒印香滿,1
17732,燒印香滿戶,1
17733,印香滿戶松,1
17734,香滿戶松柏,1
17735,滿戶松柏氣,1
17736,戶松柏氣火,1
17737,松柏氣火盡,1
17738,柏氣火盡轉,1
17739,氣火盡轉分,1
17740,火盡轉分明,1
17741,盡轉分明青,1
17742,轉分明青苔,1
17743,分明青苔碑,1
17744,明青苔碑上,1
17745,青苔碑上字,1
17746,苔碑上字向,1
17747,碑上字向壁,1
17748,上字向壁暖,1
17749,字向壁暖悠,1
17750,向壁暖悠悠,1
17751,壁暖悠悠羅,1
17752,暖悠悠羅幃,1
17753,悠悠羅幃寒,1
17754,悠羅幃寒寂,1
17755,羅幃寒寂寂,1
17756,幃寒寂寂斜,1
17757,寒寂寂斜照,1
17758,寂寂斜照碧,1
17759,寂斜照碧山,1
17760,斜照碧山圖,1
17761,照碧山圖松,1
17762,碧山圖松間,1
17763,山圖松間一,1
17764,圖松間一片,1
17765,松間一片石,1
17766,間一片石陳,1
17767,一片石陳綠,1
17768,片石陳綠向,1
17769,石陳綠向參,1
17770,陳綠向參差,1
17771,綠向參差初,1
17772,向參差初紅,1
17773,參差初紅已,1
17774,差初紅已重,1
17775,初紅已重疊,1
17776,紅已重疊中,1
17777,已重疊中庭,1
17778,重疊中庭初,1
17779,疊中庭初掃,1
17780,中庭初掃地,1
17781,庭初掃地繞,1
17782,初掃地繞樹,1
17783,掃地繞樹三,1
17784,地繞樹三兩,1
17785,繞樹三兩葉,1
17786,樹三兩葉雨,1
17787,三兩葉雨中,1
17788,兩葉雨中梨,1
17789,葉雨中梨果,1
17790,雨中梨果病,1
17791,中梨果病每,1
17792,梨果病每樹,1
17793,果病每樹無,1
17794,病每樹無數,1
17795,每樹無數個,1
17796,樹無數個小,1
17797,無數個小兒,1
17798,數個小兒出,1
17799,個小兒出入,1
17800,小兒出入看,1
17801,兒出入看一,1
17802,出入看一半,1
17803,入看一半鳥,1
17804,看一半鳥啄,1
17805,一半鳥啄破,1
17806,半鳥啄破晚,1
17807,鳥啄破晚豔,1
17808,啄破晚豔出,1
17809,破晚豔出荒,1
17810,晚豔出荒籬,1
17811,豔出荒籬冷,1
17812,出荒籬冷香,1
17813,荒籬冷香著,1
17814,籬冷香著秋,1
17815,冷香著秋水,1
17816,香著秋水憶,1
17817,著秋水憶向,1
17818,秋水憶向山,1
17819,水憶向山中,1
17820,憶向山中見,1
17821,向山中見伴,1
17822,山中見伴蛩,1
17823,中見伴蛩石,1
17824,見伴蛩石壁,1
17825,伴蛩石壁裏,1
17826,蛩石壁裏朝,1
17827,石壁裏朝日,1
17828,壁裏朝日滿,1
17829,裏朝日滿園,1
17830,朝日滿園霜,1
17831,日滿園霜牛,1
17832,滿園霜牛沖,1
17833,園霜牛沖籬,1
17834,霜牛沖籬落,1
17835,牛沖籬落壞,1
17836,沖籬落壞掃,1
17837,籬落壞掃掠,1
17838,落壞掃掠黃,1
17839,壞掃掠黃葉,1
17840,掃掠黃葉中,1
17841,掠黃葉中時,1
17842,黃葉中時時,1
17843,葉中時時一,1
17844,中時時一窠,1
17845,時時一窠薤,1
17846,時一窠薤野,1
17847,一窠薤野桂,1
17848,窠薤野桂香,1
17849,薤野桂香滿,1
17850,野桂香滿溪,1
17851,桂香滿溪石,1
17852,香滿溪石莎,1
17853,滿溪石莎寒,1
17854,溪石莎寒覆,1
17855,石莎寒覆水,1
17856,莎寒覆水愛,1
17857,寒覆水愛此,1
17858,覆水愛此南,1
17859,水愛此南澗,1
17860,愛此南澗頭,1
17861,此南澗頭終,1
17862,南澗頭終日,1
17863,澗頭終日潺,1
17864,頭終日潺湲,1
17865,終日潺湲裏,1
17866,日潺湲裏粉,1
17867,潺湲裏粉翅,1
17868,湲裏粉翅嫩,1
17869,裏粉翅嫩如,1
17870,粉翅嫩如水,1
17871,翅嫩如水繞,1
17872,嫩如水繞砌,1
17873,如水繞砌乍,1
17874,水繞砌乍依,1
17875,繞砌乍依風,1
17876,砌乍依風日,1
17877,乍依風日高,1
17878,依風日高山,1
17879,風日高山露,1
17880,日高山露解,1
17881,高山露解飛,1
17882,山露解飛入,1
17883,露解飛入菊,1
17884,解飛入菊花,1
17885,飛入菊花中,1
17886,入菊花中啾,1
17887,菊花中啾啾,1
17888,花中啾啾雀,1
17889,中啾啾雀滿,1
17890,啾啾雀滿樹,1
17891,啾雀滿樹靄,1
17892,雀滿樹靄靄,1
17893,滿樹靄靄東,1
17894,樹靄靄東坡,1
17895,靄靄東坡雨,1
17896,靄東坡雨田,1
17897,東坡雨田家,1
17898,坡雨田家夜,1
17899,雨田家夜無,1
17900,田家夜無食,1
17901,家夜無食水,1
17902,夜無食水中,1
17903,無食水中摘,1
17904,食水中摘禾,1
17905,水中摘禾黍,1
17906,中摘禾黍鄰,1
17907,摘禾黍鄰家,1
17908,禾黍鄰家人,1
17909,黍鄰家人未,1
17910,鄰家人未識,1
17911,家人未識床,1
17912,人未識床上,1
17913,未識床上坐,1
17914,識床上坐堆,1
17915,床上坐堆堆,1
17916,上坐堆堆郎,1
17917,坐堆堆郎來,1
17918,堆堆郎來傍,1
17919,堆郎來傍門,1
17920,郎來傍門戶,1
17921,來傍門戶滿,1
17922,傍門戶滿口,1
17923,門戶滿口索,1
17924,戶滿口索錢,1
17925,滿口索錢財,1
17926,口索錢財錦,1
17927,索錢財錦幛,1
17928,錢財錦幛兩,1
17929,財錦幛兩邊,1
17930,錦幛兩邊橫,1
17931,幛兩邊橫遮,1
17932,兩邊橫遮掩,1
17933,邊橫遮掩侍,1
17934,橫遮掩侍娘,1
17935,遮掩侍娘行,1
17936,掩侍娘行遣,1
17937,侍娘行遣郎,1
17938,娘行遣郎鋪,1
17939,行遣郎鋪簟,1
17940,遣郎鋪簟席,1
17941,郎鋪簟席相,1
17942,鋪簟席相並,1
17943,簟席相並拜,1
17944,席相並拜親,1
17945,相並拜親情,1
17946,並拜親情三,1
17947,拜親情三日,1
17948,親情三日入,1
17949,情三日入廚,1
17950,三日入廚下,1
17951,日入廚下洗,1
17952,入廚下洗手,1
17953,廚下洗手作,1
17954,下洗手作羹,1
17955,洗手作羹湯,1
17956,手作羹湯未,1
17957,作羹湯未諳,1
17958,羹湯未諳姑,1
17959,湯未諳姑食,1
17960,未諳姑食性,1
17961,諳姑食性先,1
17962,姑食性先遣,1
17963,食性先遣小,1
17964,性先遣小姑,1
17965,先遣小姑嘗,1
17966,遣小姑嘗寥,1
17967,小姑嘗寥落,1
17968,姑嘗寥落古,1
17969,嘗寥落古行,1
17970,寥落古行宮,1
17971,落古行宮宮,1
17972,古行宮宮花,1
17973,行宮宮花寂,1
17974,宮宮花寂寞,1
17975,宮花寂寞紅,1
17976,花寂寞紅白,1
17977,寂寞紅白頭,1
17978,寞紅白頭宮,1
17979,紅白頭宮女,1
17980,白頭宮女在,1
17981,頭宮女在閑,1
17982,宮女在閑坐,1
17983,女在閑坐說,1
17984,在閑坐說玄,1
17985,閑坐說玄宗,1
17986,坐說玄宗眼,1
17987,說玄宗眼暗,1
17988,玄宗眼暗沒,1
17989,宗眼暗沒功,1
17990,眼暗沒功夫,1
17991,暗沒功夫慵,1
17992,沒功夫慵來,1
17993,功夫慵來剪,1
17994,夫慵來剪刻,1
17995,慵來剪刻粗,1
17996,來剪刻粗自,1
17997,剪刻粗自看,1
17998,刻粗自看花,1
17999,粗自看花樣,1
18000,自看花樣古,1
18001,看花樣古稱,1
18002,花樣古稱得,1
18003,樣古稱得少,1
18004,古稱得少年,1
18005,稱得少年無,1
18006,得少年無去,1
18007,少年無去年,1
18008,年無去年今,1
18009,無去年今日,1
18010,去年今日栽,1
18011,年今日栽臨,1
18012,今日栽臨去,1
18013,日栽臨去見,1
18014,栽臨去見花,1
18015,臨去見花開,1
18016,去見花開好,1
18017,見花開好住,1
18018,花開好住守,1
18019,開好住守空,1
18020,好住守空院,1
18021,住守空院夜,1
18022,守空院夜間,1
18023,空院夜間人,1
18024,院夜間人不,1
18025,夜間人不來,1
18026,間人不來橋,1
18027,人不來橋上,1
18028,不來橋上車,1
18029,來橋上車馬,1
18030,橋上車馬發,1
18031,上車馬發橋,1
18032,車馬發橋南,1
18033,馬發橋南煙,1
18034,發橋南煙樹,1
18035,橋南煙樹開,1
18036,南煙樹開青,1
18037,煙樹開青山,1
18038,樹開青山斜,1
18039,開青山斜不,1
18040,青山斜不斷,1
18041,山斜不斷迢,1
18042,斜不斷迢遞,1
18043,不斷迢遞故,1
18044,斷迢遞故鄉,1
18045,迢遞故鄉來,1
18046,遞故鄉來魚,1
18047,故鄉來魚藻,1
18048,鄉來魚藻池,1
18049,來魚藻池邊,1
18050,揚州橋邊少,1
18051,州橋邊少婦,1
18052,橋邊少婦長,1
18053,邊少婦長安,1
18054,少婦長安城,1
18055,婦長安城裏,1
18056,長安城裏商,1
18057,安城裏商人,1
18058,城裏商人二,1
18059,裏商人二年,1
18060,商人二年不,1
18061,人二年不得,1
18062,二年不得消,1
18063,猿聲萬里湘,1
18064,聲萬里湘江,1
18065,萬里湘江客,1
18066,里湘江客到,1
18067,湘江客到有,1
18068,江客到有風,1
18069,幾許多時青,1
18070,許多時青山,1
18071,多時青山直,1
18072,時青山直繞,1
18073,青山直繞鳳,1
18074,山直繞鳳城,1
18075,直繞鳳城頭,1
18076,繞鳳城頭滻,1
18077,鳳城頭滻水,1
18078,城頭滻水斜,1
18079,頭滻水斜分,1
18080,滻水斜分入,1
18081,水斜分入禦,1
18082,斜分入禦溝,1
18083,分入禦溝新,1
18084,入禦溝新教,1
18085,禦溝新教內,1
18086,溝新教內人,1
18087,新教內人唯,1
18088,教內人唯射,1
18089,內人唯射鴨,1
18090,人唯射鴨長,1
18091,唯射鴨長隨,1
18092,射鴨長隨天,1
18093,鴨長隨天子,1
18094,長隨天子苑,1
18095,隨天子苑東,1
18096,天子苑東游,1
18097,子苑東游秋,1
18098,苑東游秋夜,1
18099,東游秋夜床,1
18100,游秋夜床前,1
18101,秋夜床前蠟,1
18102,夜床前蠟燭,1
18103,床前蠟燭微,1
18104,前蠟燭微銅,1
18105,蠟燭微銅壺,1
18106,燭微銅壺滴,1
18107,微銅壺滴盡,1
18108,銅壺滴盡曉,1
18109,壺滴盡曉鐘,1
18110,滴盡曉鐘遲,1
18111,盡曉鐘遲殘,1
18112,曉鐘遲殘光,1
18113,鐘遲殘光欲,1
18114,遲殘光欲滅,1
18115,殘光欲滅還,1
18116,光欲滅還吹,1
18117,欲滅還吹著,1
18118,滅還吹著年,1
18119,還吹著年少,1
18120,吹著年少宮,1
18121,著年少宮人,1
18122,年少宮人未,1
18123,少宮人未睡,1
18124,宮人未睡時,1
18125,人未睡時玉,1
18126,未睡時玉樓,1
18127,睡時玉樓傾,1
18128,時玉樓傾倒,1
18129,玉樓傾倒粉,1
18130,樓傾倒粉牆,1
18131,傾倒粉牆空,1
18132,倒粉牆空重,1
18133,粉牆空重疊,1
18134,牆空重疊青,1
18135,空重疊青山,1
18136,重疊青山繞,1
18137,疊青山繞故,1
18138,青山繞故宮,1
18139,山繞故宮武,1
18140,繞故宮武帝,1
18141,故宮武帝去,1
18142,宮武帝去來,1
18143,武帝去來羅,1
18144,帝去來羅袖,1
18145,去來羅袖盡,1
18146,來羅袖盡野,1
18147,羅袖盡野花,1
18148,袖盡野花黃,1
18149,盡野花黃蝶,1
18150,野花黃蝶領,1
18151,花黃蝶領春,1
18152,黃蝶領春風,1
18153,蝶領春風山,1
18154,領春風山川,1
18155,春風山川初,1
18156,風山川初展,1
18157,山川初展國,1
18158,川初展國圖,1
18159,初展國圖寬,1
18160,展國圖寬未,1
18161,國圖寬未識,1
18162,圖寬未識龍,1
18163,寬未識龍顏,1
18164,未識龍顏坐,1
18165,識龍顏坐不,1
18166,龍顏坐不安,1
18167,顏坐不安風,1
18168,坐不安風動,1
18169,不安風動白,1
18170,安風動白髯,1
18171,風動白髯旌,1
18172,動白髯旌節,1
18173,白髯旌節下,1
18174,髯旌節下過,1
18175,旌節下過時,1
18176,節下過時天,1
18177,下過時天子,1
18178,過時天子禦,1
18179,時天子禦樓,1
18180,天子禦樓看,1
18181,子禦樓看相,1
18182,禦樓看相感,1
18183,樓看相感君,1
18184,看相感君臣,1
18185,相感君臣總,1
18186,感君臣總淚,1
18187,君臣總淚流,1
18188,臣總淚流恩,1
18189,總淚流恩深,1
18190,淚流恩深舞,1
18191,流恩深舞蹈,1
18192,恩深舞蹈不,1
18193,深舞蹈不知,1
18194,舞蹈不知休,1
18195,蹈不知休初,1
18196,不知休初從,1
18197,知休初從戰,1
18198,休初從戰地,1
18199,初從戰地來,1
18200,從戰地來無,1
18201,戰地來無物,1
18202,地來無物唯,1
18203,來無物唯奏,1
18204,無物唯奏新,1
18205,物唯奏新添,1
18206,唯奏新添十,1
18207,奏新添十八,1
18208,新添十八州,1
18209,添十八州催,1
18210,十八州催修,1
18211,八州催修水,1
18212,州催修水殿,1
18213,催修水殿宴,1
18214,修水殿宴沂,1
18215,水殿宴沂公,1
18216,殿宴沂公與,1
18217,宴沂公與別,1
18218,沂公與別諸,1
18219,公與別諸侯,1
18220,與別諸侯總,1
18221,別諸侯總不,1
18222,諸侯總不同,1
18223,侯總不同隔,1
18224,總不同隔月,1
18225,不同隔月太,1
18226,同隔月太常,1
18227,隔月太常先,1
18228,月太常先習,1
18229,太常先習樂,1
18230,常先習樂金,1
18231,先習樂金書,1
18232,習樂金書牌,1
18233,樂金書牌纛,1
18234,金書牌纛彩,1
18235,書牌纛彩雲,1
18236,牌纛彩雲中,1
18237,纛彩雲中無,1
18238,彩雲中無人,1
18239,雲中無人敢,1
18240,中無人敢奪,1
18241,無人敢奪在,1
18242,人敢奪在先,1
18243,敢奪在先籌,1
18244,奪在先籌天,1
18245,在先籌天子,1
18246,先籌天子門,1
18247,籌天子門邊,1
18248,天子門邊送,1
18249,子門邊送與,1
18250,門邊送與球,1
18251,邊送與球遙,1
18252,送與球遙索,1
18253,與球遙索彩,1
18254,球遙索彩箱,1
18255,遙索彩箱新,1
18256,索彩箱新樣,1
18257,彩箱新樣錦,1
18258,箱新樣錦內,1
18259,新樣錦內人,1
18260,樣錦內人舁,1
18261,錦內人舁出,1
18262,內人舁出馬,1
18263,人舁出馬前,1
18264,舁出馬前頭,1
18265,出馬前頭禦,1
18266,馬前頭禦馬,1
18267,前頭禦馬牽,1
18268,頭禦馬牽來,1
18269,禦馬牽來親,1
18270,馬牽來親自,1
18271,牽來親自試,1
18272,來親自試珠,1
18273,親自試珠球,1
18274,自試珠球到,1
18275,試珠球到處,1
18276,珠球到處玉,1
18277,球到處玉蹄,1
18278,到處玉蹄知,1
18279,處玉蹄知殿,1
18280,玉蹄知殿頭,1
18281,蹄知殿頭宣,1
18282,知殿頭宣賜,1
18283,殿頭宣賜連,1
18284,頭宣賜連催,1
18285,宣賜連催上,1
18286,賜連催上未,1
18287,連催上未解,1
18288,催上未解紅,1
18289,上未解紅纓,1
18290,未解紅纓不,1
18291,解紅纓不敢,1
18292,紅纓不敢騎,1
18293,纓不敢騎老,1
18294,不敢騎老作,1
18295,敢騎老作三,1
18296,騎老作三公,1
18297,老作三公經,1
18298,作三公經獻,1
18299,三公經獻壽,1
18300,公經獻壽臨,1
18301,經獻壽臨時,1
18302,獻壽臨時猶,1
18303,壽臨時猶自,1
18304,臨時猶自語,1
18305,時猶自語差,1
18306,猶自語差池,1
18307,自語差池私,1
18308,語差池私從,1
18309,差池私從班,1
18310,池私從班裏,1
18311,私從班裏來,1
18312,從班裏來長,1
18313,班裏來長跪,1
18314,裏來長跪捧,1
18315,來長跪捧上,1
18316,長跪捧上金,1
18317,跪捧上金杯,1
18318,捧上金杯便,1
18319,上金杯便合,1
18320,金杯便合儀,1
18321,杯便合儀四,1
18322,便合儀四海,1
18323,合儀四海無,1
18324,儀四海無波,1
18325,四海無波乞,1
18326,海無波乞放,1
18327,無波乞放閑,1
18328,波乞放閑三,1
18329,乞放閑三封,1
18330,放閑三封手,1
18331,閑三封手疏,1
18332,三封手疏犯,1
18333,封手疏犯龍,1
18334,手疏犯龍顏,1
18335,疏犯龍顏他,1
18336,犯龍顏他時,1
18337,龍顏他時若,1
18338,顏他時若有,1
18339,他時若有邊,1
18340,時若有邊塵,1
18341,若有邊塵動,1
18342,有邊塵動不,1
18343,邊塵動不待,1
18344,塵動不待天,1
18345,動不待天書,1
18346,不待天書自,1
18347,待天書自出,1
18348,天書自出山,1
18349,書自出山胡,1
18350,自出山胡馬,1
18351,出山胡馬悠,1
18352,山胡馬悠悠,1
18353,胡馬悠悠未,1
18354,馬悠悠未盡,1
18355,悠悠未盡歸,1
18356,悠未盡歸玉,1
18357,未盡歸玉關,1
18358,盡歸玉關猶,1
18359,歸玉關猶隔,1
18360,玉關猶隔吐,1
18361,關猶隔吐蕃,1
18362,猶隔吐蕃旗,1
18363,隔吐蕃旗老,1
18364,吐蕃旗老臣,1
18365,蕃旗老臣一,1
18366,旗老臣一表,1
18367,老臣一表求,1
18368,臣一表求高,1
18369,一表求高臥,1
18370,表求高臥邊,1
18371,求高臥邊事,1
18372,高臥邊事從,1
18373,臥邊事從今,1
18374,邊事從今欲,1
18375,事從今欲問,1
18376,從今欲問誰,1
18377,今欲問誰威,1
18378,欲問誰威容,1
18379,問誰威容難,1
18380,誰威容難畫,1
18381,威容難畫改,1
18382,容難畫改頻,1
18383,難畫改頻頻,1
18384,畫改頻頻眉,1
18385,改頻頻眉目,1
18386,頻頻眉目分,1
18387,頻眉目分毫,1
18388,眉目分毫恐,1
18389,目分毫恐不,1
18390,分毫恐不真,1
18391,毫恐不真有,1
18392,恐不真有詔,1
18393,不真有詔別,1
18394,真有詔別圖,1
18395,有詔別圖書,1
18396,詔別圖書閣,1
18397,別圖書閣上,1
18398,圖書閣上先,1
18399,書閣上先教,1
18400,閣上先教粉,1
18401,上先教粉本,1
18402,先教粉本定,1
18403,教粉本定風,1
18404,粉本定風神,1
18405,本定風神重,1
18406,定風神重賜,1
18407,風神重賜弓,1
18408,神重賜弓刀,1
18409,重賜弓刀內,1
18410,賜弓刀內宴,1
18411,弓刀內宴回,1
18412,刀內宴回看,1
18413,內宴回看人,1
18414,宴回看人城,1
18415,回看人城外,1
18416,看人城外滿,1
18417,人城外滿樓,1
18418,城外滿樓臺,1
18419,外滿樓臺君,1
18420,滿樓臺君臣,1
18421,樓臺君臣不,1
18422,臺君臣不作,1
18423,君臣不作多,1
18424,臣不作多時,1
18425,不作多時別,1
18426,作多時別收,1
18427,多時別收盡,1
18428,時別收盡邊,1
18429,別收盡邊旗,1
18430,收盡邊旗當,1
18431,盡邊旗當日,1
18432,邊旗當日來,1
18433,旗當日來弟,1
18434,當日來弟子,1
18435,日來弟子部,1
18436,來弟子部中,1
18437,宮別館聲酒,1
18438,別館聲酒幔,1
18439,館聲酒幔高,1
18440,聲酒幔高樓,1
18441,酒幔高樓一,1
18442,幔高樓一百,1
18443,高樓一百家,1
18444,樓一百家宮,1
18445,一百家宮前,1
18446,百家宮前楊,1
18447,家宮前楊柳,1
18448,宮前楊柳寺,1
18449,前楊柳寺前,1
18450,楊柳寺前花,1
18451,柳寺前花內,1
18452,寺前花內園,1
18453,前花內園分,1
18454,花內園分得,1
18455,內園分得溫,1
18456,園分得溫湯,1
18457,分得溫湯水,1
18458,得溫湯水二,1
18459,溫湯水二月,1
18460,湯水二月中,1
18461,水二月中旬,1
18462,二月中旬已,1
18463,月中旬已進,1
18464,中旬已進瓜,1
18465,旬已進瓜寺,1
18466,已進瓜寺門,1
18467,進瓜寺門連,1
18468,瓜寺門連內,1
18469,寺門連內繞,1
18470,門連內繞丹,1
18471,連內繞丹岩,1
18472,內繞丹岩下,1
18473,繞丹岩下界,1
18474,丹岩下界雲,1
18475,岩下界雲開,1
18476,下界雲開數,1
18477,界雲開數過,1
18478,雲開數過帆,1
18479,開數過帆遙,1
18480,數過帆遙指,1
18481,過帆遙指上,1
18482,帆遙指上皇,1
18483,遙指上皇翻,1
18484,指上皇翻曲,1
18485,上皇翻曲處,1
18486,皇翻曲處百,1
18487,翻曲處百官,1
18488,曲處百官題,1
18489,處百官題字,1
18490,百官題字滿,1
18491,官題字滿西,1
18492,題字滿西嵌,1
18493,字滿西嵌先,1
18494,滿西嵌先帝,1
18495,西嵌先帝舊,1
18496,嵌先帝舊宮,1
18497,先帝舊宮宮,1
18498,帝舊宮宮女,1
18499,舊宮宮女在,1
18500,宮宮女在亂,1
18501,宮女在亂絲,1
18502,女在亂絲猶,1
18503,在亂絲猶掛,1
18504,亂絲猶掛鳳,1
18505,絲猶掛鳳凰,1
18506,猶掛鳳凰釵,1
18507,掛鳳凰釵霓,1
18508,鳳凰釵霓裳,1
18509,凰釵霓裳法,1
18510,釵霓裳法曲,1
18511,霓裳法曲渾,1
18512,裳法曲渾拋,1
18513,法曲渾拋卻,1
18514,曲渾拋卻獨,1
18515,渾拋卻獨自,1
18516,拋卻獨自花,1
18517,卻獨自花間,1
18518,獨自花間掃,1
18519,自花間掃玉,1
18520,花間掃玉階,1
18521,間掃玉階新,1
18522,掃玉階新短,1
18523,玉階新短方,1
18524,階新短方裙,1
18525,新短方裙疊,1
18526,短方裙疊作,1
18527,方裙疊作棱,1
18528,裙疊作棱聽,1
18529,疊作棱聽鐘,1
18530,作棱聽鐘洗,1
18531,棱聽鐘洗缽,1
18532,聽鐘洗缽繞,1
18533,鐘洗缽繞青,1
18534,洗缽繞青蠅,1
18535,缽繞青蠅自,1
18536,繞青蠅自知,1
18537,青蠅自知戒,1
18538,蠅自知戒相,1
18539,自知戒相分,1
18540,知戒相分明,1
18541,戒相分明後,1
18542,相分明後先,1
18543,分明後先出,1
18544,明後先出壇,1
18545,後先出壇場,1
18546,先出壇場禮,1
18547,出壇場禮大,1
18548,壇場禮大僧,1
18549,場禮大僧塞,1
18550,禮大僧塞黑,1
18551,大僧塞黑雲,1
18552,僧塞黑雲黃,1
18553,塞黑雲黃欲,1
18554,黑雲黃欲渡,1
18555,雲黃欲渡河,1
18556,黃欲渡河風,1
18557,欲渡河風沙,1
18558,渡河風沙眯,1
18559,河風沙眯眼,1
18560,風沙眯眼雪,1
18561,沙眯眼雪相,1
18562,眯眼雪相和,1
18563,眼雪相和琵,1
18564,雪相和琵琶,1
18565,相和琵琶淚,1
18566,和琵琶淚濕,1
18567,琵琶淚濕行,1
18568,琶淚濕行聲,1
18569,淚濕行聲小,1
18570,濕行聲小斷,1
18571,行聲小斷得,1
18572,聲小斷得人,1
18573,小斷得人腸,1
18574,斷得人腸不,1
18575,得人腸不在,1
18576,人腸不在多,1
18577,腸不在多盤,1
18578,不在多盤磴,1
18579,在多盤磴回,1
18580,多盤磴回廊,1
18581,盤磴回廊古,1
18582,磴回廊古塔,1
18583,回廊古塔深,1
18584,廊古塔深紫,1
18585,古塔深紫芝,1
18586,塔深紫芝紅,1
18587,深紫芝紅藥,1
18588,紫芝紅藥入,1
18589,芝紅藥入雲,1
18590,紅藥入雲尋,1
18591,藥入雲尋晚,1
18592,入雲尋晚吹,1
18593,雲尋晚吹簫,1
18594,尋晚吹簫管,1
18595,晚吹簫管秋,1
18596,吹簫管秋山,1
18597,簫管秋山裏,1
18598,管秋山裏引,1
18599,秋山裏引得,1
18600,山裏引得獮,1
18601,裏引得獮猴,1
18602,引得獮猴出,1
18603,得獮猴出象,1
18604,獮猴出象林,1
18605,猴出象林回,1
18606,出象林回看,1
18607,象林回看佛,1
18608,林回看佛閣,1
18609,回看佛閣青,1
18610,看佛閣青山,1
18611,佛閣青山半,1
18612,閣青山半三,1
18613,青山半三四,1
18614,山半三四年,1
18615,半三四年前,1
18616,三四年前到,1
18617,四年前到上,1
18618,年前到上頭,1
18619,前到上頭省,1
18620,到上頭省得,1
18621,上頭省得老,1
18622,頭省得老僧,1
18623,省得老僧留,1
18624,得老僧留不,1
18625,老僧留不住,1
18626,僧留不住重,1
18627,留不住重尋,1
18628,不住重尋更,1
18629,住重尋更可,1
18630,重尋更可有,1
18631,尋更可有因,1
18632,更可有因由,1
18633,可有因由西,1
18634,有因由西南,1
18635,因由西南東,1
18636,由西南東北,1
18637,西南東北暮,1
18638,南東北暮天,1
18639,東北暮天斜,1
18640,北暮天斜巴,1
18641,暮天斜巴字,1
18642,天斜巴字江,1
18643,斜巴字江邊,1
18644,巴字江邊楚,1
18645,字江邊楚樹,1
18646,江邊楚樹花,1
18647,邊楚樹花珍,1
18648,楚樹花珍重,1
18649,樹花珍重荊,1
18650,花珍重荊州,1
18651,珍重荊州杜,1
18652,重荊州杜書,1
18653,荊州杜書記,1
18654,州杜書記閒,1
18655,杜書記閒時,1
18656,書記閒時多,1
18657,記閒時多在,1
18658,閒時多在廣,1
18659,時多在廣師,1
18660,多在廣師家,1
18661,在廣師家無,1
18662,廣師家無事,1
18663,師家無事此,1
18664,家無事此身,1
18665,無事此身離,1
18666,事此身離白,1
18667,此身離白雲,1
18668,身離白雲松,1
18669,離白雲松風,1
18670,白雲松風溪,1
18671,雲松風溪水,1
18672,松風溪水不,1
18673,風溪水不曾,1
18674,溪水不曾聞,1
18675,水不曾聞至,1
18676,不曾聞至心,1
18677,曾聞至心聽,1
18678,聞至心聽著,1
18679,至心聽著仙,1
18680,心聽著仙翁,1
18681,聽著仙翁引,1
18682,著仙翁引今,1
18683,仙翁引今看,1
18684,翁引今看青,1
18685,引今看青山,1
18686,今看青山圍,1
18687,看青山圍繞,1
18688,青山圍繞君,1
18689,山圍繞君識,1
18690,圍繞君識君,1
18691,繞君識君雖,1
18692,君識君雖向,1
18693,識君雖向歌,1
18694,君雖向歌鐘,1
18695,雖向歌鐘會,1
18696,向歌鐘會說,1
18697,歌鐘會說事,1
18698,鐘會說事不,1
18699,會說事不離,1
18700,說事不離雲,1
18701,事不離雲水,1
18702,不離雲水間,1
18703,離雲水間春,1
18704,雲水間春夜,1
18705,水間春夜酒,1
18706,間春夜酒醒,1
18707,春夜酒醒長,1
18708,夜酒醒長起,1
18709,酒醒長起坐,1
18710,醒長起坐燈,1
18711,長起坐燈前,1
18712,起坐燈前一,1
18713,坐燈前一紙,1
18714,燈前一紙洞,1
18715,前一紙洞庭,1
18716,一紙洞庭山,1
18717,紙洞庭山天,1
18718,洞庭山天香,1
18719,庭山天香寺,1
18720,山天香寺裏,1
18721,天香寺裏古,1
18722,香寺裏古松,1
18723,寺裏古松僧,1
18724,裏古松僧不,1
18725,古松僧不畫,1
18726,松僧不畫枯,1
18727,僧不畫枯松,1
18728,不畫枯松落,1
18729,畫枯松落石,1
18730,枯松落石層,1
18731,松落石層最,1
18732,落石層最愛,1
18733,石層最愛臨,1
18734,層最愛臨江,1
18735,最愛臨江兩,1
18736,愛臨江兩三,1
18737,臨江兩三樹,1
18738,江兩三樹水,1
18739,兩三樹水禽,1
18740,三樹水禽棲,1
18741,樹水禽棲處,1
18742,水禽棲處解,1
18743,禽棲處解無,1
18744,棲處解無藤,1
18745,處解無藤對,1
18746,解無藤對織,1
18747,無藤對織芭,1
18748,藤對織芭蕉,1
18749,對織芭蕉雪,1
18750,織芭蕉雪毳,1
18751,芭蕉雪毳新,1
18752,蕉雪毳新長,1
18753,雪毳新長縫,1
18754,毳新長縫雙,1
18755,新長縫雙袖,1
18756,長縫雙袖窄,1
18757,縫雙袖窄裁,1
18758,雙袖窄裁身,1
18759,袖窄裁身到,1
18760,窄裁身到頭,1
18761,裁身到頭須,1
18762,身到頭須向,1
18763,到頭須向邊,1
18764,頭須向邊城,1
18765,須向邊城著,1
18766,向邊城著消,1
18767,邊城著消殺,1
18768,城著消殺秋,1
18769,著消殺秋風,1
18770,消殺秋風稱,1
18771,殺秋風稱獵,1
18772,秋風稱獵塵,1
18773,風稱獵塵宮,1
18774,稱獵塵宮棋,1
18775,獵塵宮棋佈,1
18776,塵宮棋佈局,1
18777,宮棋佈局不,1
18778,棋佈局不依,1
18779,佈局不依經,1
18780,局不依經黑,1
18781,不依經黑白,1
18782,依經黑白分,1
18783,經黑白分明,1
18784,黑白分明子,1
18785,白分明子數,1
18786,分明子數停,1
18787,明子數停巡,1
18788,子數停巡拾,1
18789,數停巡拾玉,1
18790,停巡拾玉沙,1
18791,巡拾玉沙天,1
18792,拾玉沙天漢,1
18793,玉沙天漢曉,1
18794,沙天漢曉猶,1
18795,天漢曉猶殘,1
18796,漢曉猶殘織,1
18797,曉猶殘織女,1
18798,猶殘織女兩,1
18799,殘織女兩三,1
18800,織女兩三星,1
18801,女兩三星一,1
18802,兩三星一方,1
18803,三星一方新,1
18804,星一方新地,1
18805,一方新地隔,1
18806,方新地隔河,1
18807,新地隔河煙,1
18808,地隔河煙曾,1
18809,隔河煙曾接,1
18810,河煙曾接諸,1
18811,煙曾接諸生,1
18812,曾接諸生聽,1
18813,接諸生聽管,1
18814,諸生聽管弦,1
18815,生聽管弦卻,1
18816,聽管弦卻憶,1
18817,管弦卻憶去,1
18818,弦卻憶去年,1
18819,卻憶去年寒,1
18820,憶去年寒食,1
18821,去年寒食會,1
18822,年寒食會看,1
18823,寒食會看花,1
18824,食會看花猶,1
18825,會看花猶在,1
18826,看花猶在水,1
18827,花猶在水堂,1
18828,猶在水堂前,1
18829,在水堂前菱,1
18830,水堂前菱葉,1
18831,堂前菱葉參,1
18832,前菱葉參差,1
18833,菱葉參差萍,1
18834,葉參差萍葉,1
18835,參差萍葉重,1
18836,差萍葉重新,1
18837,萍葉重新蒲,1
18838,葉重新蒲半,1
18839,重新蒲半折,1
18840,新蒲半折夜,1
18841,蒲半折夜來,1
18842,半折夜來風,1
18843,折夜來風江,1
18844,夜來風江村,1
18845,來風江村水,1
18846,風江村水落,1
18847,江村水落平,1
18848,村水落平地,1
18849,水落平地出,1
18850,落平地出溪,1
18851,平地出溪畔,1
18852,地出溪畔漁,1
18853,出溪畔漁船,1
18854,溪畔漁船青,1
18855,畔漁船青草,1
18856,漁船青草中,1
18857,船青草中日,1
18858,青草中日近,1
18859,草中日近山,1
18860,中日近山紅,1
18861,日近山紅暖,1
18862,近山紅暖氣,1
18863,山紅暖氣新,1
18864,紅暖氣新一,1
18865,暖氣新一陽,1
18866,氣新一陽先,1
18867,新一陽先入,1
18868,一陽先入禦,1
18869,陽先入禦溝,1
18870,先入禦溝春,1
18871,入禦溝春聞,1
18872,禦溝春聞閑,1
18873,溝春聞閑立,1
18874,春聞閑立馬,1
18875,聞閑立馬重,1
18876,閑立馬重來,1
18877,立馬重來此,1
18878,馬重來此沐,1
18879,重來此沐浴,1
18880,來此沐浴明,1
18881,此沐浴明年,1
18882,沐浴明年稱,1
18883,浴明年稱意,1
18884,明年稱意身,1
18885,年稱意身毒,1
18886,稱意身毒蛇,1
18887,意身毒蛇在,1
18888,身毒蛇在腸,1
18889,毒蛇在腸瘡,1
18890,蛇在腸瘡滿,1
18891,在腸瘡滿背,1
18892,腸瘡滿背去,1
18893,瘡滿背去年,1
18894,滿背去年別,1
18895,背去年別家,1
18896,去年別家今,1
18897,年別家今別,1
18898,別家今別弟,1
18899,家今別弟馬,1
18900,今別弟馬頭,1
18901,別弟馬頭對,1
18902,弟馬頭對哭,1
18903,馬頭對哭各,1
18904,頭對哭各東,1
18905,對哭各東西,1
18906,哭各東西天,1
18907,各東西天邊,1
18908,東西天邊柳,1
18909,西天邊柳絮,1
18910,天邊柳絮無,1
18911,邊柳絮無根,1
18912,柳絮無根蒂,1
18913,絮無根蒂長,1
18914,無根蒂長安,1
18915,根蒂長安清,1
18916,蒂長安清明,1
18917,長安清明好,1
18918,安清明好時,1
18919,清明好時節,1
18920,明好時節只,1
18921,好時節只宜,1
18922,時節只宜相,1
18923,節只宜相送,1
18924,只宜相送不,1
18925,宜相送不宜,1
18926,相送不宜別,1
18927,送不宜別噁,1
18928,不宜別噁心,1
18929,宜別噁心床,1
18930,別噁心床上,1
18931,噁心床上銅,1
18932,心床上銅片,1
18933,床上銅片明,1
18934,上銅片明照,1
18935,銅片明照見,1
18936,片明照見離,1
18937,明照見離人,1
18938,照見離人白,1
18939,見離人白頭,1
18940,離人白頭發,1
18941,人白頭發未,1
18942,白頭發未央,1
18943,頭發未央牆,1
18944,發未央牆西,1
18945,未央牆西青,1
18946,央牆西青草,1
18947,牆西青草路,1
18948,西青草路宮,1
18949,青草路宮人,1
18950,草路宮人斜,1
18951,路宮人斜裏,1
18952,宮人斜裏紅,1
18953,人斜裏紅妝,1
18954,斜裏紅妝墓,1
18955,裏紅妝墓一,1
18956,紅妝墓一邊,1
18957,妝墓一邊載,1
18958,墓一邊載出,1
18959,一邊載出一,1
18960,邊載出一邊,1
18961,載出一邊來,1
18962,出一邊來更,1
18963,一邊來更衣,1
18964,邊來更衣不,1
18965,來更衣不減,1
18966,更衣不減尋,1
18967,衣不減尋常,1
18968,不減尋常數,1
18969,減尋常數良,1
18970,尋常數良人,1
18971,常數良人朝,1
18972,數良人朝早,1
18973,良人朝早半,1
18974,人朝早半夜,1
18975,朝早半夜起,1
18976,早半夜起櫻,1
18977,半夜起櫻桃,1
18978,夜起櫻桃如,1
18979,起櫻桃如珠,1
18980,櫻桃如珠露,1
18981,桃如珠露如,1
18982,如珠露如水,1
18983,珠露如水下,1
18984,露如水下堂,1
18985,如水下堂把,1
18986,水下堂把火,1
18987,下堂把火送,1
18988,堂把火送郎,1
18989,把火送郎回,1
18990,火送郎回移,1
18991,送郎回移枕,1
18992,郎回移枕重,1
18993,回移枕重眠,1
18994,移枕重眠曉,1
18995,枕重眠曉窗,1
18996,重眠曉窗裏,1
18997,眠曉窗裏川,1
18998,曉窗裏川口,1
18999,窗裏川口雨,1
19000,裏川口雨晴,1
19001,川口雨晴風,1
19002,口雨晴風複,1
19003,雨晴風複止,1
19004,晴風複止蜻,1
19005,風複止蜻蜓,1
19006,複止蜻蜓上,1
19007,止蜻蜓上下,1
19008,蜻蜓上下魚,1
19009,蜓上下魚東,1
19010,上下魚東西,1
19011,下魚東西自,1
19012,魚東西自知,1
19013,東西自知名,1
19014,西自知名出,1
19015,自知名出休,1
19016,知名出休呈,1
19017,名出休呈卷,1
19018,出休呈卷愛,1
19019,休呈卷愛去,1
19020,呈卷愛去人,1
19021,卷愛去人家,1
19022,愛去人家遠,1
19023,去人家遠處,1
19024,人家遠處居,1
19025,家遠處居時,1
19026,遠處居時複,1
19027,處居時複打,1
19028,居時複打門,1
19029,時複打門無,1
19030,複打門無別,1
19031,打門無別事,1
19032,門無別事鋪,1
19033,無別事鋪頭,1
19034,別事鋪頭來,1
19035,事鋪頭來索,1
19036,鋪頭來索買,1
19037,頭來索買殘,1
19038,來索買殘書,1
19039,索買殘書茱,1
19040,買殘書茱萸,1
19041,殘書茱萸酒,1
19042,書茱萸酒法,1
19043,茱萸酒法大,1
19044,萸酒法大家,1
19045,酒法大家同,1
19046,法大家同好,1
19047,大家同好是,1
19048,家同好是盛,1
19049,同好是盛來,1
19050,好是盛來白,1
19051,是盛來白碗,1
19052,盛來白碗中,1
19053,來白碗中這,1
19054,白碗中這度,1
19055,碗中這度自,1
19056,中這度自知,1
19057,這度自知顏,1
19058,度自知顏色,1
19059,自知顏色重,1
19060,知顏色重不,1
19061,顏色重不消,1
19062,色重不消詩,1
19063,重不消詩里,1
19064,不消詩里弄,1
19065,消詩里弄溪,1
19066,詩里弄溪翁,1
19067,里弄溪翁芍,1
19068,弄溪翁芍藥,1
19069,溪翁芍藥丁,1
19070,翁芍藥丁香,1
19071,芍藥丁香手,1
19072,藥丁香手裏,1
19073,丁香手裏栽,1
19074,香手裏栽臨,1
19075,手裏栽臨行,1
19076,裏栽臨行一,1
19077,栽臨行一日,1
19078,臨行一日繞,1
19079,行一日繞千,1
19080,一日繞千回,1
19081,日繞千回外,1
19082,繞千回外人,1
19083,千回外人應,1
19084,回外人應怪,1
19085,外人應怪難,1
19086,人應怪難辭,1
19087,應怪難辭別,1
19088,怪難辭別總,1
19089,難辭別總是,1
19090,辭別總是山,1
19091,別總是山中,1
19092,總是山中自,1
19093,是山中自取,1
19094,山中自取來,1
19095,中自取來病,1
19096,自取來病臥,1
19097,取來病臥玉,1
19098,來病臥玉窗,1
19099,病臥玉窗秋,1
19100,臥玉窗秋雨,1
19101,玉窗秋雨下,1
19102,窗秋雨下遙,1
19103,秋雨下遙聞,1
19104,雨下遙聞別,1
19105,下遙聞別院,1
19106,遙聞別院喚,1
19107,聞別院喚人,1
19108,別院喚人聲,1
19109,院喚人聲雲,1
19110,喚人聲雲開,1
19111,人聲雲開遠,1
19112,聲雲開遠水,1
19113,雲開遠水傍,1
19114,開遠水傍秋,1
19115,遠水傍秋天,1
19116,水傍秋天沙,1
19117,傍秋天沙岸,1
19118,秋天沙岸蒲,1
19119,天沙岸蒲帆,1
19120,沙岸蒲帆隔,1
19121,岸蒲帆隔野,1
19122,蒲帆隔野煙,1
19123,帆隔野煙一,1
19124,隔野煙一片,1
19125,野煙一片蔡,1
19126,煙一片蔡州,1
19127,一片蔡州青,1
19128,片蔡州青草,1
19129,蔡州青草色,1
19130,州青草色日,1
19131,青草色日西,1
19132,草色日西鋪,1
19133,色日西鋪在,1
19134,日西鋪在古,1
19135,西鋪在古台,1
19136,鋪在古台邊,1
19137,在古台邊夜,1
19138,古台邊夜過,1
19139,台邊夜過深,1
19140,邊夜過深山,1
19141,夜過深山算,1
19142,過深山算驛,1
19143,深山算驛程,1
19144,山算驛程三,1
19145,算驛程三回,1
19146,驛程三回黑,1
19147,程三回黑地,1
19148,三回黑地聽,1
19149,回黑地聽泉,1
19150,黑地聽泉聲,1
19151,地聽泉聲自,1
19152,聽泉聲自離,1
19153,泉聲自離軍,1
19154,聲自離軍馬,1
19155,自離軍馬身,1
19156,離軍馬身輕,1
19157,軍馬身輕健,1
19158,馬身輕健得,1
19159,身輕健得向,1
19160,輕健得向溪,1
19161,健得向溪邊,1
19162,得向溪邊盡,1
19163,向溪邊盡足,1
19164,溪邊盡足行,1
19165,邊盡足行萬,1
19166,盡足行萬里,1
19167,足行萬里潮,1
19168,行萬里潮州,1
19169,萬里潮州一,1
19170,里潮州一逐,1
19171,潮州一逐臣,1
19172,州一逐臣悠,1
19173,一逐臣悠悠,1
19174,逐臣悠悠青,1
19175,臣悠悠青草,1
19176,悠悠青草海,1
19177,悠青草海邊,1
19178,青草海邊春,1
19179,草海邊春天,1
19180,海邊春天涯,1
19181,邊春天涯莫,1
19182,春天涯莫道,1
19183,天涯莫道無,1
19184,涯莫道無回,1
19185,莫道無回日,1
19186,道無回日上,1
19187,無回日上嶺,1
19188,回日上嶺還,1
19189,日上嶺還逢,1
19190,上嶺還逢向,1
19191,嶺還逢向北,1
19192,還逢向北人,1
19193,逢向北人空,1
19194,向北人空廊,1
19195,北人空廊屋,1
19196,人空廊屋漏,1
19197,空廊屋漏畫,1
19198,廊屋漏畫僧,1
19199,屋漏畫僧盡,1
19200,漏畫僧盡梁,1
19201,畫僧盡梁上,1
19202,僧盡梁上猶,1
19203,盡梁上猶書,1
19204,梁上猶書天,1
19205,上猶書天寶,1
19206,猶書天寶年,1
19207,書天寶年浮,1
19208,天寶年浮生,1
19209,寶年浮生不,1
19210,年浮生不住,1
19211,浮生不住葉,1
19212,生不住葉隨,1
19213,不住葉隨風,1
19214,住葉隨風填,1
19215,葉隨風填海,1
19216,隨風填海移,1
19217,風填海移山,1
19218,填海移山總,1
19219,海移山總是,1
19220,移山總是空,1
19221,山總是空長,1
19222,總是空長向,1
19223,是空長向人,1
19224,空長向人間,1
19225,長向人間愁,1
19226,向人間愁老,1
19227,人間愁老病,1
19228,間愁老病誰,1
19229,愁老病誰來,1
19230,老病誰來閑,1
19231,病誰來閑坐,1
19232,誰來閑坐此,1
19233,來閑坐此房,1
19234,閑坐此房中,1
19235,坐此房中留,1
19236,此房中留得,1
19237,房中留得行,1
19238,中留得行人,1
19239,留得行人忘,1
19240,得行人忘卻,1
19241,行人忘卻歸,1
19242,人忘卻歸雨,1
19243,忘卻歸雨中,1
19244,卻歸雨中須,1
19245,歸雨中須是,1
19246,雨中須是石,1
19247,中須是石楠,1
19248,須是石楠枝,1
19249,是石楠枝明,1
19250,石楠枝明朝,1
19251,楠枝明朝獨,1
19252,枝明朝獨上,1
19253,明朝獨上銅,1
19254,朝獨上銅台,1
19255,獨上銅台路,1
19256,上銅台路容,1
19257,銅台路容見,1
19258,台路容見花,1
19259,路容見花開,1
19260,容見花開少,1
19261,見花開少許,1
19262,花開少許時,1
19263,開少許時水,1
19264,少許時水凍,1
19265,許時水凍橫,1
19266,時水凍橫橋,1
19267,水凍橫橋雪,1
19268,凍橫橋雪滿,1
19269,橫橋雪滿池,1
19270,橋雪滿池新,1
19271,雪滿池新排,1
19272,滿池新排石,1
19273,池新排石筍,1
19274,新排石筍繞,1
19275,排石筍繞巴,1
19276,石筍繞巴籬,1
19277,筍繞巴籬縣,1
19278,繞巴籬縣門,1
19279,巴籬縣門斜,1
19280,籬縣門斜掩,1
19281,縣門斜掩無,1
19282,門斜掩無人,1
19283,斜掩無人吏,1
19284,掩無人吏看,1
19285,無人吏看畫,1
19286,人吏看畫雙,1
19287,吏看畫雙飛,1
19288,看畫雙飛白,1
19289,畫雙飛白鷺,1
19290,雙飛白鷺鷥,1
19291,飛白鷺鷥女,1
19292,白鷺鷥女巫,1
19293,鷺鷥女巫遮,1
19294,鷥女巫遮客,1
19295,女巫遮客買,1
19296,巫遮客買神,1
19297,遮客買神盤,1
19298,客買神盤爭,1
19299,買神盤爭取,1
19300,神盤爭取琵,1
19301,盤爭取琵琶,1
19302,爭取琵琶廟,1
19303,取琵琶廟裏,1
19304,琵琶廟裏彈,1
19305,琶廟裏彈聞,1
19306,廟裏彈聞有,1
19307,裏彈聞有馬,1
19308,彈聞有馬蹄,1
19309,聞有馬蹄生,1
19310,有馬蹄生拍,1
19311,馬蹄生拍樹,1
19312,蹄生拍樹路,1
19313,生拍樹路人,1
19314,拍樹路人來,1
19315,樹路人來去,1
19316,路人來去向,1
19317,人來去向南,1
19318,來去向南看,1
19319,去向南看自,1
19320,向南看自移,1
19321,南看自移西,1
19322,看自移西嶽,1
19323,自移西嶽門,1
19324,移西嶽門長,1
19325,西嶽門長鎖,1
19326,嶽門長鎖一,1
19327,門長鎖一個,1
19328,長鎖一個行,1
19329,鎖一個行人,1
19330,一個行人一,1
19331,個行人一遍,1
19332,行人一遍開,1
19333,人一遍開上,1
19334,一遍開上廟,1
19335,遍開上廟參,1
19336,開上廟參天,1
19337,上廟參天今,1
19338,廟參天今見,1
19339,參天今見在,1
19340,天今見在夜,1
19341,今見在夜頭,1
19342,見在夜頭風,1
19343,在夜頭風起,1
19344,夜頭風起覺,1
19345,頭風起覺神,1
19346,風起覺神來,1
19347,起覺神來年,1
19348,覺神來年少,1
19349,神來年少同,1
19350,來年少同為,1
19351,年少同為鄴,1
19352,少同為鄴下,1
19353,同為鄴下游,1
19354,為鄴下游閑,1
19355,鄴下游閑尋,1
19356,下游閑尋野,1
19357,游閑尋野寺,1
19358,閑尋野寺醉,1
19359,尋野寺醉登,1
19360,野寺醉登樓,1
19361,寺醉登樓別,1
19362,醉登樓別來,1
19363,登樓別來衣,1
19364,樓別來衣馬,1
19365,別來衣馬從,1
19366,來衣馬從勝,1
19367,衣馬從勝舊,1
19368,馬從勝舊爭,1
19369,從勝舊爭向,1
19370,勝舊爭向邊,1
19371,舊爭向邊塵,1
19372,爭向邊塵滿,1
19373,向邊塵滿白,1
19374,邊塵滿白頭,1
19375,塵滿白頭總,1
19376,滿白頭總道,1
19377,白頭總道老,1
19378,頭總道老來,1
19379,總道老來無,1
19380,道老來無用,1
19381,老來無用處,1
19382,來無用處何,1
19383,無用處何須,1
19384,用處何須白,1
19385,處何須白髮,1
19386,何須白髮在,1
19387,須白髮在前,1
19388,白髮在前生,1
19389,髮在前生如,1
19390,在前生如今,1
19391,前生如今不,1
19392,生如今不用,1
19393,如今不用偷,1
19394,今不用偷年,1
19395,不用偷年少,1
19396,用偷年少拔,1
19397,偷年少拔卻,1
19398,年少拔卻三,1
19399,少拔卻三莖,1
19400,拔卻三莖又,1
19401,卻三莖又五,1
19402,三莖又五莖,1
19403,莖又五莖嵩,1
19404,又五莖嵩山,1
19405,五莖嵩山古,1
19406,莖嵩山古寺,1
19407,嵩山古寺離,1
19408,山古寺離來,1
19409,古寺離來久,1
19410,寺離來久回,1
19411,離來久回見,1
19412,來久回見溪,1
19413,久回見溪橋,1
19414,回見溪橋野,1
19415,見溪橋野葉,1
19416,溪橋野葉黃,1
19417,橋野葉黃辛,1
19418,野葉黃辛苦,1
19419,葉黃辛苦老,1
19420,黃辛苦老師,1
19421,辛苦老師看,1
19422,苦老師看守,1
19423,老師看守處,1
19424,師看守處為,1
19425,看守處為懸,1
19426,守處為懸秋,1
19427,處為懸秋藥,1
19428,為懸秋藥閉,1
19429,懸秋藥閉空,1
19430,秋藥閉空房,1
19431,藥閉空房山,1
19432,閉空房山客,1
19433,空房山客狂,1
19434,房山客狂來,1
19435,山客狂來跨,1
19436,客狂來跨白,1
19437,狂來跨白驢,1
19438,來跨白驢袖,1
19439,跨白驢袖中,1
19440,白驢袖中遺,1
19441,驢袖中遺卻,1
19442,袖中遺卻潁,1
19443,中遺卻潁陽,1
19444,遺卻潁陽書,1
19445,卻潁陽書人,1
19446,潁陽書人間,1
19447,陽書人間亦,1
19448,書人間亦有,1
19449,人間亦有妻,1
19450,間亦有妻兒,1
19451,亦有妻兒在,1
19452,有妻兒在拋,1
19453,妻兒在拋向,1
19454,兒在拋向嵩,1
19455,在拋向嵩陽,1
19456,拋向嵩陽古,1
19457,向嵩陽古觀,1
19458,嵩陽古觀居,1
19459,陽古觀居別,1
19460,古觀居別後,1
19461,觀居別後知,1
19462,居別後知君,1
19463,別後知君在,1
19464,後知君在楚,1
19465,知君在楚城,1
19466,君在楚城揚,1
19467,在楚城揚州,1
19468,楚城揚州寺,1
19469,城揚州寺裏,1
19470,揚州寺裏覓,1
19471,州寺裏覓君,1
19472,寺裏覓君名,1
19473,裏覓君名西,1
19474,覓君名西江,1
19475,君名西江水,1
19476,名西江水闊,1
19477,西江水闊吳,1
19478,江水闊吳山,1
19479,水闊吳山遠,1
19480,闊吳山遠卻,1
19481,吳山遠卻打,1
19482,山遠卻打船,1
19483,遠卻打船頭,1
19484,卻打船頭向,1
19485,打船頭向北,1
19486,船頭向北行,1
19487,頭向北行新,1
19488,向北行新向,1
19489,北行新向金,1
19490,行新向金階,1
19491,新向金階奏,1
19492,向金階奏罷,1
19493,金階奏罷兵,1
19494,階奏罷兵長,1
19495,奏罷兵長安,1
19496,罷兵長安縣,1
19497,兵長安縣裏,1
19498,長安縣裏繞,1
19499,安縣裏繞池,1
19500,縣裏繞池行,1
19501,裏繞池行喜,1
19502,繞池行喜歡,1
19503,池行喜歡得,1
19504,行喜歡得伴,1
19505,喜歡得伴山,1
19506,歡得伴山僧,1
19507,得伴山僧宿,1
19508,伴山僧宿看,1
19509,山僧宿看雪,1
19510,僧宿看雪吟,1
19511,宿看雪吟詩,1
19512,看雪吟詩直,1
19513,雪吟詩直到,1
19514,吟詩直到明,1
19515,詩直到明夜,1
19516,直到明夜市,1
19517,到明夜市千,1
19518,明夜市千燈,1
19519,夜市千燈照,1
19520,市千燈照碧,1
19521,千燈照碧雲,1
19522,燈照碧雲高,1
19523,照碧雲高樓,1
19524,碧雲高樓紅,1
19525,雲高樓紅袖,1
19526,高樓紅袖客,1
19527,樓紅袖客紛,1
19528,紅袖客紛紛,1
19529,袖客紛紛如,1
19530,客紛紛如今,1
19531,紛紛如今不,1
19532,紛如今不似,1
19533,如今不似時,1
19534,今不似時平,1
19535,不似時平日,1
19536,似時平日猶,1
19537,時平日猶自,1
19538,平日猶自笙,1
19539,日猶自笙歌,1
19540,猶自笙歌徹,1
19541,自笙歌徹曉,1
19542,笙歌徹曉聞,1
19543,歌徹曉聞百,1
19544,徹曉聞百年,1
19545,曉聞百年看,1
19546,聞百年看似,1
19547,百年看似暫,1
19548,年看似暫時,1
19549,看似暫時間,1
19550,似暫時間頭,1
19551,暫時間頭白,1
19552,時間頭白求,1
19553,間頭白求官,1
19554,頭白求官亦,1
19555,白求官亦未,1
19556,求官亦未閑,1
19557,官亦未閑獨,1
19558,亦未閑獨有,1
19559,未閑獨有龍,1
19560,閑獨有龍門,1
19561,獨有龍門韋,1
19562,有龍門韋諫,1
19563,龍門韋諫議,1
19564,門韋諫議三,1
19565,韋諫議三征,1
19566,諫議三征不,1
19567,議三征不起,1
19568,三征不起戀,1
19569,征不起戀青,1
19570,不起戀青山,1
19571,起戀青山知,1
19572,戀青山知得,1
19573,青山知得清,1
19574,山知得清名,1
19575,知得清名二,1
19576,得清名二十,1
19577,清名二十年,1
19578,名二十年登,1
19579,二十年登山,1
19580,十年登山上,1
19581,年登山上阪,1
19582,登山上阪乞,1
19583,山上阪乞新,1
19584,上阪乞新篇,1
19585,阪乞新篇除,1
19586,乞新篇除書,1
19587,新篇除書近,1
19588,篇除書近拜,1
19589,除書近拜侍,1
19590,書近拜侍臣,1
19591,近拜侍臣去,1
19592,拜侍臣去空,1
19593,侍臣去空院,1
19594,臣去空院鳥,1
19595,去空院鳥啼,1
19596,空院鳥啼風,1
19597,院鳥啼風竹,1
19598,鳥啼風竹前,1
19599,啼風竹前遠,1
19600,風竹前遠投,1
19601,竹前遠投人,1
19602,前遠投人宿,1
19603,遠投人宿趁,1
19604,投人宿趁房,1
19605,人宿趁房遲,1
19606,宿趁房遲僮,1
19607,趁房遲僮僕,1
19608,房遲僮僕傷,1
19609,遲僮僕傷寒,1
19610,僮僕傷寒馬,1
19611,僕傷寒馬亦,1
19612,傷寒馬亦饑,1
19613,寒馬亦饑為,1
19614,馬亦饑為客,1
19615,亦饑為客悠,1
19616,饑為客悠悠,1
19617,為客悠悠十,1
19618,客悠悠十月,1
19619,悠悠十月盡,1
19620,悠十月盡莊,1
19621,十月盡莊頭,1
19622,月盡莊頭栽,1
19623,盡莊頭栽竹,1
19624,莊頭栽竹已,1
19625,頭栽竹已過,1
19626,栽竹已過時,1
19627,竹已過時鳥,1
19628,已過時鳥聲,1
19629,過時鳥聲愁,1
19630,時鳥聲愁雨,1
19631,鳥聲愁雨似,1
19632,聲愁雨似秋,1
19633,愁雨似秋天,1
19634,雨似秋天病,1
19635,似秋天病客,1
19636,秋天病客思,1
19637,天病客思家,1
19638,病客思家一,1
19639,客思家一向,1
19640,思家一向眠,1
19641,家一向眠草,1
19642,一向眠草館,1
19643,向眠草館門,1
19644,眠草館門臨,1
19645,草館門臨廣,1
19646,館門臨廣州,1
19647,門臨廣州路,1
19648,臨廣州路夜,1
19649,廣州路夜聞,1
19650,州路夜聞蠻,1
19651,路夜聞蠻語,1
19652,夜聞蠻語小,1
19653,聞蠻語小江,1
19654,蠻語小江邊,1
19655,語小江邊雨,1
19656,小江邊雨裏,1
19657,江邊雨裏雞,1
19658,邊雨裏雞鳴,1
19659,雨裏雞鳴一,1
19660,裏雞鳴一兩,1
19661,雞鳴一兩家,1
19662,鳴一兩家竹,1
19663,一兩家竹溪,1
19664,兩家竹溪村,1
19665,家竹溪村路,1
19666,竹溪村路板,1
19667,溪村路板橋,1
19668,村路板橋斜,1
19669,路板橋斜婦,1
19670,板橋斜婦姑,1
19671,橋斜婦姑相,1
19672,斜婦姑相喚,1
19673,婦姑相喚浴,1
19674,姑相喚浴蠶,1
19675,相喚浴蠶去,1
19676,喚浴蠶去閑,1
19677,浴蠶去閑看,1
19678,蠶去閑看中,1
19679,去閑看中庭,1
19680,閑看中庭梔,1
19681,看中庭梔子,1
19682,中庭梔子花,1
19683,庭梔子花登,1
19684,梔子花登登,1
19685,子花登登石,1
19686,花登登石路,1
19687,登登石路何,1
19688,登石路何時,1
19689,石路何時盡,1
19690,路何時盡決,1
19691,何時盡決決,1
19692,時盡決決溪,1
19693,盡決決溪泉,1
19694,決決溪泉到,1
19695,決溪泉到處,1
19696,溪泉到處聞,1
19697,泉到處聞風,1
19698,到處聞風動,1
19699,處聞風動葉,1
19700,聞風動葉聲,1
19701,風動葉聲山,1
19702,動葉聲山犬,1
19703,葉聲山犬吠,1
19704,聲山犬吠一,1
19705,山犬吠一家,1
19706,犬吠一家松,1
19707,吠一家松火,1
19708,一家松火隔,1
19709,家松火隔秋,1
19710,松火隔秋雲,1
19711,火隔秋雲雨,1
19712,隔秋雲雨中,1
19713,秋雲雨中溪,1
19714,雲雨中溪破,1
19715,雨中溪破無,1
19716,中溪破無干,1
19717,溪破無干地,1
19718,破無干地浸,1
19719,無干地浸著,1
19720,干地浸著床,1
19721,地浸著床頭,1
19722,浸著床頭濕,1
19723,著床頭濕著,1
19724,床頭濕著書,1
19725,頭濕著書一,1
19726,濕著書一個,1
19727,著書一個月,1
19728,書一個月來,1
19729,一個月來山,1
19730,個月來山水,1
19731,月來山水隔,1
19732,來山水隔不,1
19733,山水隔不知,1
19734,水隔不知茅,1
19735,隔不知茅屋,1
19736,不知茅屋若,1
19737,知茅屋若為,1
19738,茅屋若為居,1
19739,屋若為居乞,1
19740,若為居乞取,1
19741,為居乞取池,1
19742,居乞取池西,1
19743,乞取池西三,1
19744,取池西三兩,1
19745,池西三兩竿,1
19746,西三兩竿房,1
19747,三兩竿房前,1
19748,兩竿房前栽,1
19749,竿房前栽著,1
19750,房前栽著病,1
19751,前栽著病時,1
19752,栽著病時看,1
19753,著病時看亦,1
19754,病時看亦知,1
19755,時看亦知自,1
19756,看亦知自惜,1
19757,亦知自惜難,1
19758,知自惜難判,1
19759,自惜難判割,1
19760,惜難判割猶,1
19761,難判割猶勝,1
19762,判割猶勝橫,1
19763,割猶勝橫根,1
19764,猶勝橫根引,1
19765,勝橫根引出,1
19766,橫根引出欄,1
19767,根引出欄年,1
19768,引出欄年少,1
19769,出欄年少狂,1
19770,欄年少狂疏,1
19771,年少狂疏逐,1
19772,少狂疏逐君,1
19773,狂疏逐君馬,1
19774,疏逐君馬去,1
19775,逐君馬去來,1
19776,君馬去來憔,1
19777,馬去來憔悴,1
19778,去來憔悴到,1
19779,來憔悴到京,1
19780,憔悴到京華,1
19781,悴到京華恨,1
19782,到京華恨無,1
19783,京華恨無閑,1
19784,華恨無閑地,1
19785,恨無閑地栽,1
19786,無閑地栽仙,1
19787,閑地栽仙藥,1
19788,地栽仙藥長,1
19789,栽仙藥長傍,1
19790,仙藥長傍人,1
19791,藥長傍人家,1
19792,長傍人家看,1
19793,傍人家看好,1
19794,人家看好花,1
19795,家看好花五,1
19796,看好花五更,1
19797,好花五更先,1
19798,花五更先起,1
19799,五更先起玉,1
19800,更先起玉階,1
19801,先起玉階東,1
19802,起玉階東漸,1
19803,玉階東漸入,1
19804,階東漸入千,1
19805,東漸入千門,1
19806,漸入千門萬,1
19807,入千門萬戶,1
19808,千門萬戶中,1
19809,門萬戶中總,1
19810,萬戶中總向,1
19811,戶中總向高,1
19812,中總向高樓,1
19813,總向高樓吹,1
19814,向高樓吹舞,1
19815,高樓吹舞袖,1
19816,樓吹舞袖秋,1
19817,吹舞袖秋風,1
19818,舞袖秋風還,1
19819,袖秋風還不,1
19820,秋風還不及,1
19821,風還不及春,1
19822,還不及春風,1
19823,不及春風長,1
19824,及春風長安,1
19825,春風長安寄,1
19826,風長安寄食,1
19827,長安寄食半,1
19828,安寄食半年,1
19829,寄食半年餘,1
19830,食半年餘重,1
19831,半年餘重向,1
19832,年餘重向人,1
19833,餘重向人邊,1
19834,重向人邊乞,1
19835,向人邊乞薦,1
19836,人邊乞薦書,1
19837,邊乞薦書山,1
19838,乞薦書山路,1
19839,薦書山路獨,1
19840,書山路獨歸,1
19841,山路獨歸沖,1
19842,路獨歸沖夜,1
19843,獨歸沖夜雪,1
19844,歸沖夜雪落,1
19845,沖夜雪落斜,1
19846,夜雪落斜騎,1
19847,雪落斜騎馬,1
19848,落斜騎馬避,1
19849,斜騎馬避柴,1
19850,騎馬避柴車,1
19851,馬避柴車京,1
19852,避柴車京中,1
19853,柴車京中曹,1
19854,車京中曹局,1
19855,京中曹局無,1
19856,中曹局無多,1
19857,曹局無多事,1
19858,局無多事寒,1
19859,無多事寒食,1
19860,多事寒食貧,1
19861,事寒食貧兒,1
19862,寒食貧兒要,1
19863,食貧兒要在,1
19864,貧兒要在家,1
19865,兒要在家遮,1
19866,要在家遮莫,1
19867,在家遮莫杏,1
19868,家遮莫杏園,1
19869,遮莫杏園勝,1
19870,莫杏園勝別,1
19871,杏園勝別處,1
19872,園勝別處亦,1
19873,勝別處亦須,1
19874,別處亦須歸,1
19875,處亦須歸看,1
19876,亦須歸看傍,1
19877,須歸看傍村,1
19878,歸看傍村花,1
19879,看傍村花謝,1
19880,傍村花謝恩,1
19881,村花謝恩新,1
19882,花謝恩新入,1
19883,謝恩新入鳳,1
19884,恩新入鳳凰,1
19885,新入鳳凰城,1
19886,入鳳凰城亂,1
19887,鳳凰城亂定,1
19888,凰城亂定相,1
19889,城亂定相逢,1
19890,亂定相逢合,1
19891,定相逢合眼,1
19892,相逢合眼明,1
19893,逢合眼明千,1
19894,合眼明千萬,1
19895,眼明千萬求,1
19896,明千萬求方,1
19897,千萬求方好,1
19898,萬求方好將,1
19899,求方好將息,1
19900,方好將息杏,1
19901,好將息杏花,1
19902,將息杏花寒,1
19903,息杏花寒食,1
19904,杏花寒食的,1
19905,花寒食的同,1
19906,寒食的同行,1
19907,食的同行玉,1
19908,的同行玉作,1
19909,同行玉作車,1
19910,行玉作車轅,1
19911,玉作車轅蒲,1
19912,作車轅蒲作,1
19913,車轅蒲作輪,1
19914,轅蒲作輪當,1
19915,蒲作輪當初,1
19916,作輪當初不,1
19917,輪當初不起,1
19918,當初不起潁,1
19919,初不起潁陽,1
19920,不起潁陽人,1
19921,起潁陽人一,1
19922,潁陽人一家,1
19923,陽人一家總,1
19924,人一家總入,1
19925,一家總入嵩,1
19926,家總入嵩山,1
19927,總入嵩山去,1
19928,入嵩山去天,1
19929,嵩山去天子,1
19930,山去天子何,1
19931,去天子何因,1
19932,天子何因得,1
19933,子何因得諫,1
19934,何因得諫臣,1
19935,因得諫臣一,1
19936,得諫臣一烏,1
19937,諫臣一烏墮,1
19938,臣一烏墮水,1
19939,一烏墮水百,1
19940,烏墮水百烏,1
19941,墮水百烏啼,1
19942,水百烏啼相,1
19943,百烏啼相吊,1
19944,烏啼相吊相,1
19945,啼相吊相號,1
19946,相吊相號繞,1
19947,吊相號繞故,1
19948,相號繞故堤,1
19949,號繞故堤眼,1
19950,繞故堤眼見,1
19951,故堤眼見行,1
19952,堤眼見行人,1
19953,眼見行人車,1
19954,見行人車輾,1
19955,行人車輾過,1
19956,人車輾過不,1
19957,車輾過不妨,1
19958,輾過不妨同,1
19959,過不妨同伴,1
19960,不妨同伴各,1
19961,妨同伴各東,1
19962,同伴各東西,1
19963,伴各東西彼,1
19964,各東西彼此,1
19965,東西彼此抽,1
19966,西彼此抽先,1
19967,彼此抽先局,1
19968,此抽先局勢,1
19969,抽先局勢平,1
19970,先局勢平傍,1
19971,局勢平傍人,1
19972,勢平傍人道,1
19973,平傍人道死,1
19974,傍人道死的,1
19975,人道死的還,1
19976,道死的還生,1
19977,死的還生兩,1
19978,的還生兩邊,1
19979,還生兩邊對,1
19980,生兩邊對坐,1
19981,兩邊對坐無,1
19982,邊對坐無言,1
19983,對坐無言語,1
19984,坐無言語盡,1
19985,無言語盡日,1
19986,言語盡日時,1
19987,語盡日時聞,1
19988,盡日時聞下,1
19989,日時聞下子,1
19990,時聞下子聲,1
19991,聞下子聲自,1
19992,下子聲自看,1
19993,子聲自看和,1
19994,聲自看和釀,1
19995,自看和釀一,1
19996,看和釀一依,1
19997,和釀一依方,1
19998,釀一依方緣,1
19999,一依方緣看,1
20000,依方緣看松,1
20001,方緣看松花,1
20002,緣看松花色,1
20003,看松花色較,1
20004,松花色較黃,1
20005,花色較黃不,1
20006,色較黃不分,1
20007,較黃不分君,1
20008,黃不分君家,1
20009,不分君家新,1
20010,分君家新酒,1
20011,君家新酒熟,1
20012,家新酒熟好,1
20013,新酒熟好詩,1
20014,酒熟好詩收,1
20015,熟好詩收得,1
20016,好詩收得被,1
20017,詩收得被回,1
20018,收得被回將,1
20019,得被回將金,1
20020,被回將金爐,1
20021,回將金爐煙,1
20022,將金爐煙裏,1
20023,金爐煙裏要,1
20024,爐煙裏要班,1
20025,煙裏要班頭,1
20026,裏要班頭欲,1
20027,要班頭欲得,1
20028,班頭欲得歸,1
20029,頭欲得歸山,1
20030,欲得歸山可,1
20031,得歸山可自,1
20032,歸山可自由,1
20033,山可自由每,1
20034,可自由每度,1
20035,自由每度報,1
20036,由每度報朝,1
20037,每度報朝愁,1
20038,度報朝愁入,1
20039,報朝愁入閣,1
20040,朝愁入閣在,1
20041,愁入閣在先,1
20042,入閣在先教,1
20043,閣在先教示,1
20044,在先教示小,1
20045,先教示小千,1
20046,教示小千牛,1
20047,示小千牛多,1
20048,小千牛多在,1
20049,千牛多在蓬,1
20050,牛多在蓬萊,1
20051,多在蓬萊少,1
20052,在蓬萊少在,1
20053,蓬萊少在家,1
20054,萊少在家越,1
20055,少在家越緋,1
20056,在家越緋衫,1
20057,家越緋衫上,1
20058,越緋衫上有,1
20059,緋衫上有紅,1
20060,衫上有紅霞,1
20061,上有紅霞朝,1
20062,有紅霞朝回,1
20063,紅霞朝回不,1
20064,霞朝回不向,1
20065,朝回不向諸,1
20066,回不向諸餘,1
20067,不向諸餘處,1
20068,向諸餘處騎,1
20069,諸餘處騎馬,1
20070,餘處騎馬城,1
20071,處騎馬城西,1
20072,騎馬城西檢,1
20073,馬城西檢校,1
20074,城西檢校花,1
20075,西檢校花天,1
20076,檢校花天寶,1
20077,校花天寶年,1
20078,花天寶年前,1
20079,天寶年前勤,1
20080,寶年前勤政,1
20081,年前勤政樓,1
20082,前勤政樓每,1
20083,勤政樓每年,1
20084,政樓每年三,1
20085,樓每年三日,1
20086,每年三日作,1
20087,年三日作千,1
20088,三日作千秋,1
20089,日作千秋飛,1
20090,作千秋飛龍,1
20091,千秋飛龍老,1
20092,秋飛龍老馬,1
20093,飛龍老馬曾,1
20094,龍老馬曾教,1
20095,老馬曾教舞,1
20096,馬曾教舞聞,1
20097,曾教舞聞著,1
20098,教舞聞著音,1
20099,舞聞著音聲,1
20100,聞著音聲總,1
20101,著音聲總舉,1
20102,音聲總舉頭,1
20103,聲總舉頭年,1
20104,總舉頭年少,1
20105,舉頭年少病,1
20106,頭年少病多,1
20107,年少病多應,1
20108,少病多應為,1
20109,病多應為酒,1
20110,多應為酒誰,1
20111,應為酒誰家,1
20112,為酒誰家將,1
20113,酒誰家將息,1
20114,誰家將息過,1
20115,家將息過今,1
20116,將息過今春,1
20117,息過今春賒,1
20118,過今春賒來,1
20119,今春賒來半,1
20120,春賒來半夏,1
20121,賒來半夏重,1
20122,來半夏重熏,1
20123,半夏重熏盡,1
20124,夏重熏盡投,1
20125,重熏盡投著,1
20126,熏盡投著山,1
20127,盡投著山中,1
20128,投著山中舊,1
20129,著山中舊主,1
20130,山中舊主人,1
20131,中舊主人半,1
20132,舊主人半夜,1
20133,主人半夜思,1
20134,人半夜思家,1
20135,半夜思家睡,1
20136,夜思家睡裏,1
20137,思家睡裏愁,1
20138,家睡裏愁雨,1
20139,睡裏愁雨聲,1
20140,裏愁雨聲落,1
20141,愁雨聲落落,1
20142,雨聲落落屋,1
20143,聲落落屋簷,1
20144,落落屋簷頭,1
20145,落屋簷頭照,1
20146,屋簷頭照泥,1
20147,簷頭照泥星,1
20148,頭照泥星出,1
20149,照泥星出依,1
20150,泥星出依前,1
20151,星出依前黑,1
20152,出依前黑淹,1
20153,依前黑淹爛,1
20154,前黑淹爛庭,1
20155,黑淹爛庭花,1
20156,淹爛庭花不,1
20157,爛庭花不肯,1
20158,庭花不肯休,1
20159,花不肯休夏,1
20160,不肯休夏夜,1
20161,肯休夏夜新,1
20162,休夏夜新晴,1
20163,夏夜新晴星,1
20164,夜新晴星校,1
20165,新晴星校少,1
20166,晴星校少雨,1
20167,星校少雨收,1
20168,校少雨收殘,1
20169,少雨收殘水,1
20170,雨收殘水入,1
20171,收殘水入天,1
20172,殘水入天河,1
20173,水入天河簷,1
20174,入天河簷前,1
20175,天河簷前熟,1
20176,河簷前熟著,1
20177,簷前熟著衣,1
20178,前熟著衣裳,1
20179,熟著衣裳坐,1
20180,著衣裳坐風,1
20181,衣裳坐風冷,1
20182,裳坐風冷渾,1
20183,坐風冷渾無,1
20184,風冷渾無撲,1
20185,冷渾無撲火,1
20186,渾無撲火蛾,1
20187,無撲火蛾住,1
20188,撲火蛾住處,1
20189,火蛾住處近,1
20190,蛾住處近山,1
20191,住處近山常,1
20192,處近山常足,1
20193,近山常足雨,1
20194,山常足雨聞,1
20195,常足雨聞晴,1
20196,足雨聞晴曝,1
20197,雨聞晴曝舊,1
20198,聞晴曝舊芳,1
20199,晴曝舊芳茵,1
20200,曝舊芳茵立,1
20201,舊芳茵立秋,1
20202,芳茵立秋日,1
20203,茵立秋日後,1
20204,立秋日後無,1
20205,秋日後無多,1
20206,日後無多熱,1
20207,後無多熱漸,1
20208,無多熱漸覺,1
20209,多熱漸覺生,1
20210,熱漸覺生衣,1
20211,漸覺生衣不,1
20212,覺生衣不著,1
20213,生衣不著身,1
20214,衣不著身吟,1
20215,不著身吟損,1
20216,著身吟損秋,1
20217,身吟損秋天,1
20218,吟損秋天月,1
20219,損秋天月不,1
20220,秋天月不明,1
20221,天月不明蘭,1
20222,月不明蘭無,1
20223,不明蘭無香,1
20224,明蘭無香氣,1
20225,蘭無香氣鶴,1
20226,無香氣鶴無,1
20227,香氣鶴無聲,1
20228,氣鶴無聲自,1
20229,鶴無聲自從,1
20230,無聲自從東,1
20231,聲自從東野,1
20232,自從東野先,1
20233,從東野先生,1
20234,東野先生死,1
20235,野先生死側,1
20236,先生死側近,1
20237,生死側近雲,1
20238,死側近雲山,1
20239,側近雲山得,1
20240,近雲山得散,1
20241,雲山得散行,1
20242,山得散行老,1
20243,得散行老松,1
20244,散行老松臨,1
20245,行老松臨死,1
20246,老松臨死不,1
20247,松臨死不生,1
20248,臨死不生枝,1
20249,死不生枝東,1
20250,不生枝東野,1
20251,生枝東野先,1
20252,枝東野先生,1
20253,東野先生早,1
20254,野先生早哭,1
20255,先生早哭兒,1
20256,生早哭兒但,1
20257,早哭兒但是,1
20258,哭兒但是洛,1
20259,兒但是洛陽,1
20260,但是洛陽城,1
20261,是洛陽城裏,1
20262,洛陽城裏客,1
20263,陽城裏客家,1
20264,城裏客家傳,1
20265,裏客家傳一,1
20266,客家傳一本,1
20267,家傳一本杏,1
20268,傳一本杏殤,1
20269,一本杏殤詩,1
20270,本杏殤詩萬,1
20271,杏殤詩萬里,1
20272,殤詩萬里橋,1
20273,詩萬里橋邊,1
20274,萬里橋邊女,1
20275,里橋邊女校,1
20276,橋邊女校書,1
20277,邊女校書枇,1
20278,女校書枇杷,1
20279,校書枇杷花,1
20280,書枇杷花裏,1
20281,枇杷花裏閉,1
20282,杷花裏閉門,1
20283,花裏閉門居,1
20284,裏閉門居掃,1
20285,閉門居掃眉,1
20286,門居掃眉才,1
20287,居掃眉才子,1
20288,掃眉才子於,1
20289,眉才子於今,1
20290,才子於今少,1
20291,子於今少管,1
20292,於今少管領,1
20293,今少管領春,1
20294,少管領春風,1
20295,管領春風總,1
20296,領春風總不,1
20297,春風總不如,1
20298,風總不如去,1
20299,總不如去路,1
20300,不如去路何,1
20301,如去路何詞,1
20302,去路何詞見,1
20303,路何詞見六,1
20304,何詞見六親,1
20305,詞見六親手,1
20306,見六親手中,1
20307,六親手中刀,1
20308,親手中刀尺,1
20309,手中刀尺不,1
20310,中刀尺不如,1
20311,刀尺不如人,1
20312,尺不如人可,1
20313,不如人可憐,1
20314,如人可憐池,1
20315,人可憐池閣,1
20316,可憐池閣秋,1
20317,憐池閣秋風,1
20318,池閣秋風夜,1
20319,閣秋風夜愁,1
20320,秋風夜愁綠,1
20321,風夜愁綠嬌,1
20322,夜愁綠嬌紅,1
20323,愁綠嬌紅一,1
20324,綠嬌紅一遍,1
20325,嬌紅一遍新,1
20326,紅一遍新小,1
20327,一遍新小葉,1
20328,遍新小葉稠,1
20329,新小葉稠枝,1
20330,小葉稠枝粉,1
20331,葉稠枝粉壓,1
20332,稠枝粉壓摧,1
20333,枝粉壓摧暖,1
20334,粉壓摧暖風,1
20335,壓摧暖風吹,1
20336,摧暖風吹動,1
20337,暖風吹動鶴,1
20338,風吹動鶴翎,1
20339,吹動鶴翎開,1
20340,動鶴翎開若,1
20341,鶴翎開若無,1
20342,翎開若無別,1
20343,開若無別事,1
20344,若無別事為,1
20345,無別事為留,1
20346,別事為留滯,1
20347,事為留滯應,1
20348,為留滯應便,1
20349,留滯應便拋,1
20350,滯應便拋家,1
20351,應便拋家宿,1
20352,便拋家宿看,1
20353,拋家宿看來,1
20354,家宿看來竹,1
20355,宿看來竹煙,1
20356,看來竹煙花,1
20357,來竹煙花雨,1
20358,竹煙花雨細,1
20359,煙花雨細相,1
20360,花雨細相和,1
20361,雨細相和看,1
20362,細相和看著,1
20363,相和看著閒,1
20364,和看著閒書,1
20365,看著閒書睡,1
20366,著閒書睡更,1
20367,閒書睡更多,1
20368,書睡更多好,1
20369,睡更多好是,1
20370,更多好是主,1
20371,多好是主人,1
20372,好是主人無,1
20373,是主人無事,1
20374,主人無事日,1
20375,人無事日應,1
20376,無事日應持,1
20377,事日應持小,1
20378,日應持小酒,1
20379,應持小酒按,1
20380,持小酒按新,1
20381,小酒按新歌,1
20382,酒按新歌欲,1
20383,按新歌欲說,1
20384,新歌欲說昭,1
20385,歌欲說昭君,1
20386,欲說昭君斂,1
20387,說昭君斂翠,1
20388,昭君斂翠蛾,1
20389,君斂翠蛾清,1
20390,斂翠蛾清聲,1
20391,翠蛾清聲委,1
20392,蛾清聲委曲,1
20393,清聲委曲怨,1
20394,聲委曲怨於,1
20395,委曲怨於歌,1
20396,曲怨於歌誰,1
20397,怨於歌誰家,1
20398,於歌誰家年,1
20399,歌誰家年少,1
20400,誰家年少春,1
20401,家年少春風,1
20402,年少春風裏,1
20403,少春風裏拋,1
20404,春風裏拋與,1
20405,風裏拋與金,1
20406,裏拋與金錢,1
20407,拋與金錢唱,1
20408,與金錢唱好,1
20409,金錢唱好多,1
20410,錢唱好多江,1
20411,唱好多江城,1
20412,好多江城柳,1
20413,多江城柳色,1
20414,江城柳色海,1
20415,城柳色海門,1
20416,柳色海門煙,1
20417,色海門煙欲,1
20418,海門煙欲到,1
20419,門煙欲到茅,1
20420,煙欲到茅山,1
20421,欲到茅山始,1
20422,到茅山始下,1
20423,茅山始下船,1
20424,山始下船知,1
20425,始下船知道,1
20426,下船知道君,1
20427,船知道君家,1
20428,知道君家當,1
20429,道君家當瀑,1
20430,君家當瀑布,1
20431,家當瀑布菖,1
20432,當瀑布菖蒲,1
20433,瀑布菖蒲潭,1
20434,布菖蒲潭在,1
20435,菖蒲潭在草,1
20436,蒲潭在草堂,1
20437,潭在草堂前,1
20438,在草堂前白,1
20439,草堂前白髮,1
20440,堂前白髮老,1
20441,前白髮老人,1
20442,白髮老人垂,1
20443,髮老人垂淚,1
20444,老人垂淚行,1
20445,人垂淚行上,1
20446,垂淚行上皇,1
20447,淚行上皇生,1
20448,行上皇生日,1
20449,上皇生日出,1
20450,皇生日出京,1
20451,生日出京城,1
20452,日出京城如,1
20453,出京城如今,1
20454,京城如今供,1
20455,城如今供奉,1
20456,如今供奉多,1
20457,今供奉多新,1
20458,供奉多新意,1
20459,奉多新意錯,1
20460,多新意錯唱,1
20461,新意錯唱當,1
20462,意錯唱當時,1
20463,錯唱當時一,1
20464,唱當時一半,1
20465,當時一半聲,1
20466,時一半聲半,1
20467,一半聲半秋,1
20468,半聲半秋初,1
20469,聲半秋初入,1
20470,半秋初入中,1
20471,秋初入中旬,1
20472,初入中旬夜,1
20473,入中旬夜已,1
20474,中旬夜已向,1
20475,旬夜已向階,1
20476,夜已向階前,1
20477,已向階前守,1
20478,向階前守月,1
20479,階前守月明,1
20480,前守月明從,1
20481,守月明從未,1
20482,月明從未圓,1
20483,明從未圓時,1
20484,從未圓時看,1
20485,未圓時看卻,1
20486,圓時看卻好,1
20487,時看卻好一,1
20488,看卻好一分,1
20489,卻好一分分,1
20490,好一分分見,1
20491,一分分見傍,1
20492,分分見傍輪,1
20493,分見傍輪生,1
20494,見傍輪生亂,1
20495,傍輪生亂雲,1
20496,輪生亂雲遮,1
20497,生亂雲遮卻,1
20498,亂雲遮卻台,1
20499,雲遮卻台東,1
20500,遮卻台東月,1
20501,卻台東月不,1
20502,台東月不許,1
20503,東月不許教,1
20504,月不許教依,1
20505,不許教依次,1
20506,許教依次第,1
20507,教依次第看,1
20508,依次第看莫,1
20509,次第看莫為,1
20510,第看莫為詩,1
20511,看莫為詩家,1
20512,莫為詩家先,1
20513,為詩家先見,1
20514,詩家先見鏡,1
20515,家先見鏡被,1
20516,先見鏡被他,1
20517,見鏡被他籠,1
20518,鏡被他籠與,1
20519,被他籠與作,1
20520,他籠與作艱,1
20521,籠與作艱難,1
20522,與作艱難今,1
20523,作艱難今夜,1
20524,艱難今夜月,1
20525,難今夜月明,1
20526,今夜月明勝,1
20527,夜月明勝昨,1
20528,月明勝昨夜,1
20529,明勝昨夜新,1
20530,勝昨夜新添,1
20531,昨夜新添桂,1
20532,夜新添桂樹,1
20533,新添桂樹近,1
20534,添桂樹近東,1
20535,桂樹近東枝,1
20536,樹近東枝立,1
20537,近東枝立多,1
20538,東枝立多地,1
20539,枝立多地濕,1
20540,立多地濕舁,1
20541,多地濕舁床,1
20542,地濕舁床坐,1
20543,濕舁床坐看,1
20544,舁床坐看過,1
20545,床坐看過牆,1
20546,坐看過牆西,1
20547,看過牆西寸,1
20548,過牆西寸寸,1
20549,牆西寸寸遲,1
20550,西寸寸遲月,1
20551,寸寸遲月似,1
20552,寸遲月似圓,1
20553,遲月似圓來,1
20554,月似圓來色,1
20555,似圓來色漸,1
20556,圓來色漸凝,1
20557,來色漸凝玉,1
20558,色漸凝玉盆,1
20559,漸凝玉盆盛,1
20560,凝玉盆盛水,1
20561,玉盆盛水欲,1
20562,盆盛水欲侵,1
20563,盛水欲侵棱,1
20564,水欲侵棱夜,1
20565,欲侵棱夜深,1
20566,侵棱夜深盡,1
20567,棱夜深盡放,1
20568,夜深盡放家,1
20569,深盡放家人,1
20570,盡放家人睡,1
20571,放家人睡直,1
20572,家人睡直到,1
20573,人睡直到天,1
20574,睡直到天明,1
20575,直到天明不,1
20576,到天明不炷,1
20577,天明不炷燈,1
20578,明不炷燈合,1
20579,不炷燈合望,1
20580,炷燈合望月,1
20581,燈合望月時,1
20582,合望月時常,1
20583,望月時常望,1
20584,月時常望月,1
20585,時常望月分,1
20586,常望月分明,1
20587,望月分明不,1
20588,月分明不得,1
20589,分明不得似,1
20590,明不得似今,1
20591,不得似今年,1
20592,得似今年仰,1
20593,似今年仰頭,1
20594,今年仰頭五,1
20595,年仰頭五夜,1
20596,仰頭五夜風,1
20597,頭五夜風中,1
20598,五夜風中立,1
20599,夜風中立從,1
20600,風中立從未,1
20601,中立從未圓,1
20602,立從未圓時,1
20603,從未圓時直,1
20604,未圓時直到,1
20605,圓時直到圓,1
20606,時直到圓為,1
20607,直到圓為病,1
20608,到圓為病比,1
20609,圓為病比來,1
20610,為病比來渾,1
20611,病比來渾斷,1
20612,比來渾斷絕,1
20613,來渾斷絕緣,1
20614,渾斷絕緣花,1
20615,斷絕緣花不,1
20616,絕緣花不免,1
20617,緣花不免卻,1
20618,花不免卻知,1
20619,不免卻知聞,1
20620,免卻知聞從,1
20621,卻知聞從來,1
20622,知聞從來事,1
20623,聞從來事事,1
20624,從來事事關,1
20625,來事事關身,1
20626,事事關身少,1
20627,事關身少主,1
20628,關身少主領,1
20629,身少主領春,1
20630,少主領春風,1
20631,主領春風只,1
20632,領春風只在,1
20633,春風只在君,1
20634,風只在君曉,1
20635,只在君曉來,1
20636,在君曉來樓,1
20637,君曉來樓閣,1
20638,曉來樓閣更,1
20639,來樓閣更鮮,1
20640,樓閣更鮮明,1
20641,閣更鮮明日,1
20642,更鮮明日出,1
20643,鮮明日出闌,1
20644,明日出闌幹,1
20645,日出闌幹見,1
20646,出闌幹見鹿,1
20647,闌幹見鹿行,1
20648,幹見鹿行武,1
20649,見鹿行武帝,1
20650,鹿行武帝自,1
20651,行武帝自知,1
20652,武帝自知身,1
20653,帝自知身不,1
20654,自知身不死,1
20655,知身不死看,1
20656,身不死看修,1
20657,不死看修玉,1
20658,死看修玉殿,1
20659,看修玉殿號,1
20660,修玉殿號長,1
20661,玉殿號長生,1
20662,殿號長生和,1
20663,號長生和雪,1
20664,長生和雪翻,1
20665,生和雪翻營,1
20666,和雪翻營一,1
20667,雪翻營一夜,1
20668,翻營一夜行,1
20669,營一夜行神,1
20670,一夜行神旗,1
20671,夜行神旗凍,1
20672,行神旗凍定,1
20673,神旗凍定馬,1
20674,旗凍定馬無,1
20675,凍定馬無聲,1
20676,定馬無聲遙,1
20677,馬無聲遙看,1
20678,無聲遙看火,1
20679,聲遙看火號,1
20680,遙看火號連,1
20681,看火號連營,1
20682,火號連營赤,1
20683,號連營赤知,1
20684,連營赤知是,1
20685,營赤知是先,1
20686,赤知是先鋒,1
20687,知是先鋒已,1
20688,是先鋒已上,1
20689,先鋒已上城,1
20690,鋒已上城旗,1
20691,已上城旗幡,1
20692,上城旗幡四,1
20693,城旗幡四面,1
20694,旗幡四面下,1
20695,幡四面下營,1
20696,四面下營稠,1
20697,面下營稠手,1
20698,下營稠手詔,1
20699,營稠手詔頻,1
20700,稠手詔頻來,1
20701,手詔頻來老,1
20702,詔頻來老將,1
20703,頻來老將憂,1
20704,來老將憂每,1
20705,老將憂每日,1
20706,將憂每日城,1
20707,憂每日城南,1
20708,每日城南空,1
20709,日城南空挑,1
20710,城南空挑戰,1
20711,南空挑戰不,1
20712,空挑戰不知,1
20713,挑戰不知生,1
20714,戰不知生縛,1
20715,不知生縛入,1
20716,知生縛入唐,1
20717,生縛入唐州,1
20718,縛入唐州夜,1
20719,入唐州夜山,1
20720,唐州夜山秋,1
20721,州夜山秋雨,1
20722,夜山秋雨滴,1
20723,山秋雨滴空,1
20724,秋雨滴空廊,1
20725,雨滴空廊燈,1
20726,滴空廊燈照,1
20727,空廊燈照堂,1
20728,廊燈照堂前,1
20729,燈照堂前樹,1
20730,照堂前樹葉,1
20731,堂前樹葉光,1
20732,前樹葉光對,1
20733,樹葉光對坐,1
20734,葉光對坐讀,1
20735,光對坐讀書,1
20736,對坐讀書終,1
20737,坐讀書終卷,1
20738,讀書終卷後,1
20739,書終卷後自,1
20740,終卷後自披,1
20741,卷後自披衣,1
20742,後自披衣被,1
20743,自披衣被掃,1
20744,披衣被掃僧,1
20745,衣被掃僧房,1
20746,被掃僧房楊,1
20747,掃僧房楊柳,1
20748,僧房楊柳宮,1
20749,房楊柳宮前,1
20750,楊柳宮前忽,1
20751,柳宮前忽地,1
20752,宮前忽地春,1
20753,前忽地春在,1
20754,忽地春在先,1
20755,地春在先驚,1
20756,春在先驚動,1
20757,在先驚動探,1
20758,先驚動探春,1
20759,驚動探春人,1
20760,動探春人曉,1
20761,探春人曉來,1
20762,春人曉來唯,1
20763,人曉來唯欠,1
20764,曉來唯欠驪,1
20765,來唯欠驪山,1
20766,唯欠驪山雨,1
20767,欠驪山雨洗,1
20768,驪山雨洗卻,1
20769,山雨洗卻枝,1
20770,雨洗卻枝頭,1
20771,洗卻枝頭綠,1
20772,卻枝頭綠上,1
20773,枝頭綠上塵,1
20774,頭綠上塵從,1
20775,綠上塵從軍,1
20776,上塵從軍秣,1
20777,塵從軍秣馬,1
20778,從軍秣馬十,1
20779,軍秣馬十三,1
20780,秣馬十三年,1
20781,馬十三年白,1
20782,十三年白髮,1
20783,三年白髮營,1
20784,年白髮營中,1
20785,白髮營中聽,1
20786,髮營中聽早,1
20787,營中聽早蟬,1
20788,中聽早蟬故,1
20789,聽早蟬故作,1
20790,早蟬故作老,1
20791,蟬故作老丞,1
20792,故作老丞身,1
20793,作老丞身不,1
20794,老丞身不避,1
20795,丞身不避縣,1
20796,身不避縣名,1
20797,不避縣名昭,1
20798,避縣名昭應,1
20799,縣名昭應管,1
20800,名昭應管山,1
20801,昭應管山泉,1
20802,應管山泉侵,1
20803,管山泉侵黑,1
20804,山泉侵黑行,1
20805,泉侵黑行飛,1
20806,侵黑行飛一,1
20807,黑行飛一兩,1
20808,行飛一兩聲,1
20809,飛一兩聲春,1
20810,一兩聲春寒,1
20811,兩聲春寒囀,1
20812,聲春寒囀小,1
20813,春寒囀小未,1
20814,寒囀小未分,1
20815,囀小未分明,1
20816,小未分明若,1
20817,未分明若教,1
20818,分明若教更,1
20819,明若教更解,1
20820,若教更解諸,1
20821,教更解諸餘,1
20822,更解諸餘語,1
20823,解諸餘語應,1
20824,諸餘語應向,1
20825,餘語應向宮,1
20826,語應向宮花,1
20827,應向宮花不,1
20828,向宮花不惜,1
20829,宮花不惜情,1
20830,花不惜情去,1
20831,不惜情去處,1
20832,惜情去處長,1
20833,情去處長將,1
20834,去處長將決,1
20835,處長將決勝,1
20836,長將決勝籌,1
20837,將決勝籌回,1
20838,決勝籌回回,1
20839,勝籌回回身,1
20840,籌回回身在,1
20841,回回身在陣,1
20842,回身在陣前,1
20843,身在陣前頭,1
20844,在陣前頭賊,1
20845,陣前頭賊城,1
20846,前頭賊城破,1
20847,頭賊城破後,1
20848,賊城破後先,1
20849,城破後先鋒,1
20850,破後先鋒入,1
20851,後先鋒入看,1
20852,先鋒入看著,1
20853,鋒入看著紅,1
20854,入看著紅妝,1
20855,看著紅妝不,1
20856,著紅妝不敢,1
20857,紅妝不敢收,1
20858,妝不敢收熨,1
20859,不敢收熨帖,1
20860,敢收熨帖朝,1
20861,收熨帖朝衣,1
20862,熨帖朝衣拋,1
20863,帖朝衣拋戰,1
20864,朝衣拋戰袍,1
20865,衣拋戰袍夔,1
20866,拋戰袍夔龍,1
20867,戰袍夔龍班,1
20868,袍夔龍班裏,1
20869,夔龍班裏侍,1
20870,龍班裏侍中,1
20871,班裏侍中高,1
20872,裏侍中高對,1
20873,侍中高對時,1
20874,中高對時先,1
20875,高對時先奏,1
20876,對時先奏牙,1
20877,時先奏牙間,1
20878,先奏牙間將,1
20879,奏牙間將次,1
20880,牙間將次第,1
20881,間將次第天,1
20882,將次第天恩,1
20883,次第天恩與,1
20884,第天恩與節,1
20885,天恩與節旄,1
20886,恩與節旄踏,1
20887,與節旄踏著,1
20888,節旄踏著家,1
20889,旄踏著家鄉,1
20890,踏著家鄉馬,1
20891,著家鄉馬腳,1
20892,家鄉馬腳輕,1
20893,鄉馬腳輕暮,1
20894,馬腳輕暮山,1
20895,腳輕暮山秋,1
20896,輕暮山秋色,1
20897,暮山秋色眼,1
20898,山秋色眼前,1
20899,秋色眼前明,1
20900,色眼前明老,1
20901,眼前明老人,1
20902,前明老人上,1
20903,明老人上酒,1
20904,老人上酒齊,1
20905,人上酒齊頭,1
20906,上酒齊頭拜,1
20907,酒齊頭拜得,1
20908,齊頭拜得侍,1
20909,頭拜得侍中,1
20910,拜得侍中來,1
20911,得侍中來盡,1
20912,侍中來盡再,1
20913,中來盡再生,1
20914,來盡再生功,1
20915,盡再生功成,1
20916,再生功成誰,1
20917,生功成誰不,1
20918,功成誰不擁,1
20919,成誰不擁藩,1
20920,誰不擁藩方,1
20921,不擁藩方富,1
20922,擁藩方富貴,1
20923,藩方富貴還,1
20924,方富貴還須,1
20925,富貴還須是,1
20926,貴還須是本,1
20927,還須是本鄉,1
20928,須是本鄉萬,1
20929,是本鄉萬里,1
20930,本鄉萬里雙,1
20931,鄉萬里雙旌,1
20932,萬里雙旌汾,1
20933,里雙旌汾水,1
20934,雙旌汾水上,1
20935,旌汾水上玉,1
20936,汾水上玉鞭,1
20937,水上玉鞭遙,1
20938,上玉鞭遙指,1
20939,玉鞭遙指白,1
20940,鞭遙指白雲,1
20941,遙指白雲莊,1
20942,指白雲莊鼓,1
20943,白雲莊鼓吹,1
20944,雲莊鼓吹幡,1
20945,莊鼓吹幡旗,1
20946,鼓吹幡旗道,1
20947,吹幡旗道兩,1
20948,幡旗道兩邊,1
20949,旗道兩邊行,1
20950,道兩邊行男,1
20951,兩邊行男走,1
20952,邊行男走女,1
20953,行男走女喜,1
20954,男走女喜駢,1
20955,走女喜駢闐,1
20956,女喜駢闐舊,1
20957,喜駢闐舊交,1
20958,駢闐舊交省,1
20959,闐舊交省得,1
20960,舊交省得當,1
20961,交省得當時,1
20962,省得當時別,1
20963,得當時別指,1
20964,當時別指點,1
20965,時別指點如,1
20966,別指點如今,1
20967,指點如今卻,1
20968,點如今卻少,1
20969,如今卻少年,1
20970,今卻少年廣,1
20971,卻少年廣場,1
20972,少年廣場破,1
20973,年廣場破陣,1
20974,廣場破陣樂,1
20975,場破陣樂初,1
20976,破陣樂初休,1
20977,陣樂初休彩,1
20978,樂初休彩纛,1
20979,初休彩纛高,1
20980,休彩纛高於,1
20981,彩纛高於百,1
20982,纛高於百尺,1
20983,高於百尺樓,1
20984,於百尺樓老,1
20985,百尺樓老將,1
20986,尺樓老將氣,1
20987,樓老將氣雄,1
20988,老將氣雄爭,1
20989,將氣雄爭起,1
20990,氣雄爭起舞,1
20991,雄爭起舞管,1
20992,爭起舞管弦,1
20993,起舞管弦回,1
20994,舞管弦回作,1
20995,管弦回作大,1
20996,弦回作大纏,1
20997,回作大纏頭,1
20998,作大纏頭笳,1
20999,大纏頭笳聲,1
21000,纏頭笳聲萬,1
21001,頭笳聲萬里,1
21002,笳聲萬里動,1
21003,聲萬里動燕,1
21004,萬里動燕山,1
21005,里動燕山草,1
21006,動燕山草白,1
21007,燕山草白天,1
21008,山草白天清,1
21009,草白天清塞,1
21010,白天清塞馬,1
21011,天清塞馬閑,1
21012,清塞馬閑觸,1
21013,塞馬閑觸處,1
21014,馬閑觸處不,1
21015,閑觸處不如,1
21016,觸處不如別,1
21017,處不如別處,1
21018,不如別處樂,1
21019,如別處樂可,1
21020,別處樂可憐,1
21021,處樂可憐秋,1
21022,樂可憐秋月,1
21023,可憐秋月照,1
21024,憐秋月照江,1
21025,秋月照江關,1
21026,月照江關將,1
21027,照江關將士,1
21028,江關將士請,1
21029,關將士請衣,1
21030,將士請衣忘,1
21031,士請衣忘卻,1
21032,請衣忘卻貧,1
21033,衣忘卻貧綠,1
21034,忘卻貧綠窗,1
21035,卻貧綠窗紅,1
21036,貧綠窗紅燭,1
21037,綠窗紅燭酒,1
21038,窗紅燭酒樓,1
21039,紅燭酒樓新,1
21040,燭酒樓新家,1
21041,酒樓新家家,1
21042,樓新家家盡,1
21043,新家家盡踏,1
21044,家家盡踏還,1
21045,家盡踏還鄉,1
21046,盡踏還鄉曲,1
21047,踏還鄉曲明,1
21048,還鄉曲明月,1
21049,鄉曲明月街,1
21050,曲明月街中,1
21051,明月街中不,1
21052,月街中不絕,1
21053,街中不絕人,1
21054,中不絕人春,1
21055,不絕人春明,1
21056,絕人春明門,1
21057,人春明門外,1
21058,春明門外作,1
21059,明門外作卑,1
21060,門外作卑官,1
21061,外作卑官病,1
21062,作卑官病友,1
21063,卑官病友經,1
21064,官病友經年,1
21065,病友經年不,1
21066,友經年不得,1
21067,經年不得看,1
21068,年不得看莫,1
21069,不得看莫道,1
21070,得看莫道長,1
21071,看莫道長安,1
21072,莫道長安近,1
21073,道長安近於,1
21074,長安近於日,1
21075,安近於日升,1
21076,近於日升天,1
21077,於日升天卻,1
21078,日升天卻易,1
21079,升天卻易到,1
21080,天卻易到城,1
21081,卻易到城難,1
21082,易到城難漸,1
21083,到城難漸老,1
21084,城難漸老風,1
21085,難漸老風光,1
21086,漸老風光不,1
21087,老風光不著,1
21088,風光不著人,1
21089,光不著人花,1
21090,不著人花溪,1
21091,著人花溪柳,1
21092,人花溪柳陌,1
21093,花溪柳陌早,1
21094,溪柳陌早逢,1
21095,柳陌早逢春,1
21096,陌早逢春近,1
21097,早逢春近來,1
21098,逢春近來行,1
21099,春近來行到,1
21100,近來行到門,1
21101,來行到門前,1
21102,行到門前少,1
21103,到門前少趁,1
21104,門前少趁暖,1
21105,前少趁暖閑,1
21106,少趁暖閑眠,1
21107,趁暖閑眠似,1
21108,暖閑眠似病,1
21109,閑眠似病人,1
21110,眠似病人一,1
21111,似病人一樹,1
21112,病人一樹籠,1
21113,人一樹籠松,1
21114,一樹籠松玉,1
21115,樹籠松玉刻,1
21116,籠松玉刻成,1
21117,松玉刻成飄,1
21118,玉刻成飄廊,1
21119,刻成飄廊點,1
21120,成飄廊點地,1
21121,飄廊點地色,1
21122,廊點地色輕,1
21123,點地色輕輕,1
21124,地色輕輕女,1
21125,色輕輕女冠,1
21126,輕輕女冠夜,1
21127,輕女冠夜覓,1
21128,女冠夜覓香,1
21129,冠夜覓香來,1
21130,夜覓香來處,1
21131,覓香來處唯,1
21132,香來處唯見,1
21133,來處唯見階,1
21134,處唯見階前,1
21135,唯見階前碎,1
21136,見階前碎月,1
21137,階前碎月明,1
21138,前碎月明天,1
21139,碎月明天寒,1
21140,月明天寒眼,1
21141,明天寒眼痛,1
21142,天寒眼痛少,1
21143,寒眼痛少心,1
21144,眼痛少心情,1
21145,痛少心情隔,1
21146,少心情隔霧,1
21147,心情隔霧看,1
21148,情隔霧看人,1
21149,隔霧看人夜,1
21150,霧看人夜裏,1
21151,看人夜裏行,1
21152,人夜裏行年,1
21153,夜裏行年少,1
21154,裏行年少往,1
21155,行年少往來,1
21156,年少往來常,1
21157,少往來常不,1
21158,往來常不住,1
21159,來常不住牆,1
21160,常不住牆西,1
21161,不住牆西凍,1
21162,住牆西凍地,1
21163,牆西凍地馬,1
21164,西凍地馬蹄,1
21165,凍地馬蹄聲,1
21166,地馬蹄聲平,1
21167,馬蹄聲平原,1
21168,蹄聲平原池,1
21169,聲平原池閣,1
21170,平原池閣在,1
21171,原池閣在誰,1
21172,池閣在誰家,1
21173,閣在誰家雙,1
21174,在誰家雙塔,1
21175,誰家雙塔叢,1
21176,家雙塔叢台,1
21177,雙塔叢台野,1
21178,塔叢台野菊,1
21179,叢台野菊花,1
21180,台野菊花零,1
21181,野菊花零落,1
21182,菊花零落故,1
21183,花零落故宮,1
21184,零落故宮無,1
21185,落故宮無入,1
21186,故宮無入路,1
21187,宮無入路西,1
21188,無入路西來,1
21189,入路西來澗,1
21190,路西來澗水,1
21191,西來澗水繞,1
21192,來澗水繞城,1
21193,澗水繞城斜,1
21194,水繞城斜蒼,1
21195,繞城斜蒼苔,1
21196,城斜蒼苔滿,1
21197,斜蒼苔滿字,1
21198,蒼苔滿字土,1
21199,苔滿字土埋,1
21200,滿字土埋龜,1
21201,字土埋龜風,1
21202,土埋龜風雨,1
21203,埋龜風雨銷,1
21204,龜風雨銷磨,1
21205,風雨銷磨絕,1
21206,雨銷磨絕妙,1
21207,銷磨絕妙詞,1
21208,磨絕妙詞不,1
21209,絕妙詞不向,1
21210,妙詞不向圖,1
21211,詞不向圖經,1
21212,不向圖經中,1
21213,向圖經中舊,1
21214,圖經中舊見,1
21215,經中舊見無,1
21216,中舊見無人,1
21217,舊見無人知,1
21218,見無人知是,1
21219,無人知是蔡,1
21220,人知是蔡邕,1
21221,知是蔡邕碑,1
21222,是蔡邕碑回,1
21223,蔡邕碑回看,1
21224,邕碑回看巴,1
21225,碑回看巴路,1
21226,回看巴路在,1
21227,看巴路在雲,1
21228,巴路在雲間,1
21229,路在雲間寒,1
21230,在雲間寒食,1
21231,雲間寒食離,1
21232,間寒食離家,1
21233,寒食離家麥,1
21234,食離家麥熟,1
21235,離家麥熟還,1
21236,家麥熟還日,1
21237,麥熟還日暮,1
21238,熟還日暮數,1
21239,還日暮數峰,1
21240,日暮數峰青,1
21241,暮數峰青似,1
21242,數峰青似染,1
21243,峰青似染商,1
21244,青似染商人,1
21245,似染商人說,1
21246,染商人說是,1
21247,商人說是汝,1
21248,人說是汝州,1
21249,說是汝州山,1
21250,是汝州山中,1
21251,汝州山中庭,1
21252,州山中庭地,1
21253,山中庭地白,1
21254,中庭地白樹,1
21255,庭地白樹棲,1
21256,地白樹棲鴉,1
21257,白樹棲鴉冷,1
21258,樹棲鴉冷露,1
21259,棲鴉冷露無,1
21260,鴉冷露無聲,1
21261,冷露無聲濕,1
21262,露無聲濕桂,1
21263,無聲濕桂花,1
21264,聲濕桂花今,1
21265,濕桂花今夜,1
21266,桂花今夜月,1
21267,花今夜月明,1
21268,今夜月明人,1
21269,夜月明人盡,1
21270,月明人盡望,1
21271,明人盡望不,1
21272,人盡望不知,1
21273,盡望不知秋,1
21274,望不知秋思,1
21275,不知秋思在,1
21276,知秋思在誰,1
21277,秋思在誰家,1
21278,思在誰家除,1
21279,在誰家除聽,1
21280,誰家除聽好,1
21281,家除聽好語,1
21282,除聽好語耳,1
21283,聽好語耳常,1
21284,好語耳常聾,1
21285,語耳常聾不,1
21286,耳常聾不見,1
21287,常聾不見詩,1
21288,聾不見詩人,1
21289,不見詩人眼,1
21290,見詩人眼底,1
21291,詩人眼底空,1
21292,人眼底空莫,1
21293,眼底空莫怪,1
21294,底空莫怪出,1
21295,空莫怪出城,1
21296,莫怪出城為,1
21297,怪出城為長,1
21298,出城為長史,1
21299,城為長史總,1
21300,為長史總緣,1
21301,長史總緣山,1
21302,史總緣山在,1
21303,總緣山在白,1
21304,緣山在白雲,1
21305,山在白雲中,1
21306,在白雲中夾,1
21307,白雲中夾城,1
21308,雲中夾城門,1
21309,中夾城門向,1
21310,夾城門向野,1
21311,城門向野田,1
21312,門向野田開,1
21313,向野田開白,1
21314,野田開白鹿,1
21315,田開白鹿非,1
21316,開白鹿非時,1
21317,白鹿非時出,1
21318,鹿非時出洞,1
21319,非時出洞來,1
21320,時出洞來日,1
21321,出洞來日暮,1
21322,洞來日暮秦,1
21323,來日暮秦陵,1
21324,日暮秦陵塵,1
21325,暮秦陵塵土,1
21326,秦陵塵土起,1
21327,陵塵土起從,1
21328,塵土起從東,1
21329,土起從東外,1
21330,起從東外按,1
21331,從東外按使,1
21332,東外按使初,1
21333,外按使初回,1
21334,按使初回單,1
21335,使初回單于,1
21336,初回單于不,1
21337,回單于不向,1
21338,單于不向南,1
21339,于不向南牧,1
21340,不向南牧馬,1
21341,向南牧馬席,1
21342,南牧馬席萁,1
21343,牧馬席萁遍,1
21344,馬席萁遍滿,1
21345,席萁遍滿天,1
21346,萁遍滿天山,1
21347,遍滿天山下,1
21348,滿天山下卻,1
21349,天山下卻公,1
21350,山下卻公不,1
21351,下卻公不易,1
21352,卻公不易勝,1
21353,公不易勝莫,1
21354,不易勝莫著,1
21355,易勝莫著外,1
21356,勝莫著外家,1
21357,莫著外家欺,1
21358,著外家欺錦,1
21359,外家欺錦江,1
21360,家欺錦江詩,1
21361,欺錦江詩弟,1
21362,錦江詩弟子,1
21363,江詩弟子時,1
21364,詩弟子時寄,1
21365,弟子時寄五,1
21366,子時寄五花,1
21367,時寄五花箋,1
21368,寄五花箋花,1
21369,五花箋花燒,1
21370,花箋花燒落,1
21371,箋花燒落第,1
21372,花燒落第眼,1
21373,燒落第眼雨,1
21374,落第眼雨破,1
21375,第眼雨破到,1
21376,眼雨破到家,1
21377,雨破到家程,1
21378,破到家程一,1
21379,到家程一朝,1
21380,家程一朝金,1
21381,程一朝金鳳,1
21382,一朝金鳳庭,1
21383,朝金鳳庭前,1
21384,金鳳庭前下,1
21385,鳳庭前下當,1
21386,庭前下當是,1
21387,前下當是虛,1
21388,下當是虛皇,1
21389,當是虛皇詔,1
21390,是虛皇詔沈,1
21391,虛皇詔沈曦,1
21392,皇詔沈曦宣,1
21393,詔沈曦宣城,1
21394,沈曦宣城四,1
21395,曦宣城四面,1
21396,宣城四面水,1
21397,城四面水茫,1
21398,四面水茫茫,1
21399,面水茫茫草,1
21400,水茫茫草蓋,1
21401,茫茫草蓋江,1
21402,茫草蓋江城,1
21403,草蓋江城竹,1
21404,蓋江城竹夾,1
21405,江城竹夾牆,1
21406,城竹夾牆魚,1
21407,竹夾牆魚藻,1
21408,夾牆魚藻池,1
21409,牆魚藻池邊,1
21410,射鴨芙蓉苑,1
21411,鴨芙蓉苑裏,1
21412,芙蓉苑裏看,1
21413,蓉苑裏看花,1
21414,苑裏看花日,1
21415,紅天子千秋,1
21416,天子千秋萬,1
21417,子千秋萬歲,1
21418,千秋萬歲未,1
21419,秋萬歲未央,1
21420,幾度三台鬥,1
21421,度三台鬥身,1
21422,三台鬥身強,1
21423,台鬥身強健,1
21424,鬥身強健且,1
21425,幾許多時團,1
21426,許多時團扇,1
21427,多時團扇團,1
21428,時團扇團扇,1
21429,團扇團扇美,1
21430,扇團扇美人,1
21431,團扇美人並,1
21432,扇美人並來,1
21433,美人並來遮,1
21434,人並來遮面,1
21435,並來遮面玉,1
21436,來遮面玉顏,1
21437,遮面玉顏憔,1
21438,面玉顏憔悴,1
21439,玉顏憔悴三,1
21440,顏憔悴三年,1
21441,憔悴三年誰,1
21442,悴三年誰複,1
21443,三年誰複商,1
21444,年誰複商量,1
21445,誰複商量管,1
21446,複商量管弦,1
21447,商量管弦弦,1
21448,量管弦弦管,1
21449,管弦弦管弦,1
21450,弦弦管弦管,1
21451,弦管弦管春,1
21452,管弦管春草,1
21453,弦管春草昭,1
21454,管春草昭陽,1
21455,春草昭陽路,1
21456,草昭陽路斷,1
21457,昭陽路斷蝴,1
21458,陽路斷蝴蝶,1
21459,路斷蝴蝶蝴,1
21460,斷蝴蝶蝴蝶,1
21461,蝴蝶蝴蝶飛,1
21462,蝶蝴蝶飛上,1
21463,蝴蝶飛上金,1
21464,蝶飛上金枝,1
21465,飛上金枝玉,1
21466,上金枝玉葉,1
21467,金枝玉葉君,1
21468,枝玉葉君前,1
21469,玉葉君前對,1
21470,葉君前對舞,1
21471,君前對舞春,1
21472,前對舞春風,1
21473,對舞春風百,1
21474,舞春風百葉,1
21475,春風百葉桃,1
21476,風百葉桃花,1
21477,百葉桃花樹,1
21478,葉桃花樹紅,1
21479,桃花樹紅紅,1
21480,花樹紅紅樹,1
21481,樹紅紅樹紅,1
21482,紅紅樹紅樹,1
21483,紅樹紅樹燕,1
21484,樹紅樹燕語,1
21485,紅樹燕語鶯,1
21486,樹燕語鶯啼,1
21487,燕語鶯啼日,1
21488,語鶯啼日暮,1
21489,鶯啼日暮羅,1
21490,啼日暮羅袖,1
21491,日暮羅袖羅,1
21492,暮羅袖羅袖,1
21493,羅袖羅袖暗,1
21494,袖羅袖暗舞,1
21495,羅袖暗舞春,1
21496,袖暗舞春風,1
21497,暗舞春風依,1
21498,舞春風依舊,1
21499,春風依舊遙,1
21500,風依舊遙看,1
21501,依舊遙看歌,1
21502,舊遙看歌舞,1
21503,遙看歌舞玉,1
21504,看歌舞玉樓,1
21505,歌舞玉樓好,1
21506,舞玉樓好日,1
21507,玉樓好日新,1
21508,樓好日新妝,1
21509,好日新妝坐,1
21510,日新妝坐愁,1
21511,新妝坐愁愁,1
21512,妝坐愁愁坐,1
21513,坐愁愁坐愁,1
21514,愁愁坐愁坐,1
21515,愁坐愁坐一,1
21516,坐愁坐一世,1
21517,愁坐一世虛,1
21518,坐一世虛生,1
21519,一世虛生虛,1
21520,世虛生虛過,1
21521,虛生虛過楊,1
21522,生虛過楊柳,1
21523,虛過楊柳楊,1
21524,過楊柳楊柳,1
21525,楊柳楊柳日,1
21526,柳楊柳日暮,1
21527,楊柳日暮白,1
21528,柳日暮白沙,1
21529,日暮白沙渡,1
21530,暮白沙渡口,1
21531,白沙渡口船,1
21532,沙渡口船頭,1
21533,渡口船頭江,1
21534,口船頭江水,1
21535,船頭江水茫,1
21536,頭江水茫茫,1
21537,江水茫茫商,1
21538,水茫茫商人,1
21539,茫茫商人少,1
21540,茫商人少婦,1
21541,商人少婦斷,1
21542,人少婦斷腸,1
21543,少婦斷腸腸,1
21544,婦斷腸腸斷,1
21545,斷腸腸斷腸,1
21546,腸腸斷腸斷,1
21547,腸斷腸斷鷓,1
21548,斷腸斷鷓鴣,1
21549,腸斷鷓鴣夜,1
21550,斷鷓鴣夜飛,1
21551,鷓鴣夜飛失,1
21552,鴣夜飛失伴,1
