排名,詞彙,出現次數
1,向人間,4
2,無因見,3
3,知多少,3
4,思量太,3
5,九衢雙,3
6,衢雙闕,3
7,將刀筆,3
8,何處有,3
9,不自由,3
10,公子醉,3
11,二月春,3
12,月春風,3
13,人間作,3
14,路行難,3
15,次第開,3
16,何處不,3
17,慢逐風,2
18,逐風暖,2
19,風暖香,2
20,暖香閑,2
21,香閑破,2
22,閑破鼻,2
23,破鼻青,2
24,鼻青帝,2
25,青帝固,2
26,帝固有,2
27,固有心,2
28,有心時,2
29,心時時,2
30,意去年,2
31,去年高,2
32,年高枝,2
33,高枝猶,2
34,地今年,2
35,今年低,2
36,年低枝,2
37,低枝已,2
38,枝已憔,2
39,已憔悴,2
40,憔悴吾,2
41,悴吾所,2
42,吾所以,2
43,所以見,2
44,以見造,2
45,見造化,2
46,造化之,2
47,化之權,2
48,之權變,2
49,權變通,2
50,變通之,2
51,通之理,2
52,之理春,2
53,理春夏,2
54,春夏作,2
55,夏作頭,2
56,作頭秋,2
57,頭秋冬,2
58,秋冬為,2
59,冬為尾,2
60,借問隴,2
61,問隴頭,2
62,隴頭水,2
63,頭水年,2
64,水年年,2
65,年年恨,2
66,年恨何,2
67,恨何事,2
68,何事全,2
69,事全疑,2
70,全疑嗚,2
71,疑嗚咽,2
72,嗚咽聲,2
73,咽聲中,2
74,聲中有,2
75,中有征,2
76,有征人,2
77,征人淚,2
78,人淚自,2
79,淚自古,2
80,自古無,2
81,古無長,2
82,無長策,2
83,長策況,2
84,策況我,2
85,況我非,2
86,我非深,2
87,非深智,2
88,深智何,2
89,智何計,2
90,何計謝,2
91,計謝潺,2
92,謝潺湲,2
93,潺湲一,2
94,湲一宵,2
95,一宵空,2
96,宵空不,2
97,空不寐,2
98,數仞牆,2
99,不勝春,2
100,塵可憐,2
101,當時天,2
102,到揚州,2
103,平生事,2
104,把釣竿,2
105,說用兵,2
106,別酒催,2
107,從板輿,2
108,罹亂後,2
109,乘興雪,2
110,舊主人,2
111,勞寄夢,2
112,動神祇,2
113,繼馬卿,2
114,望重才,2
115,淚滿襟,2
116,年不得,2
117,有時還,2
118,時節懶,2
119,量太平,2
120,枝仙桂,2
121,雙闕夜,2
122,憶故人,2
123,聞餘力,2
124,何以報,2
125,台星拆,2
126,北去南,2
127,去南來,2
128,是無端,2
129,二年隔,2
130,寡妻稚,2
131,倚危樓,2
132,不知何,2
133,知何處,2
134,逾千里,2
135,刀筆事,2
136,魚今日,2
137,還如此,2
138,人不見,2
139,思量應,2
140,餘力猶,2
141,去如飛,2
142,知世事,2
143,亦偶然,2
144,聖君宵,2
145,君宵旰,2
146,宵旰望,2
147,更何事,2
148,憑危檻,2
149,後故人,2
150,不回頭,2
151,奈相尤,2
152,言不得,2
153,枝還有,2
154,不肯行,2
155,九華山,2
156,到江邊,2
157,白楊風,2
158,何處是,2
159,明日愁,2
160,人不會,2
161,曩日野,2
162,禰先生,2
163,里山河,2
164,往事應,2
165,張公子,2
166,成底事,2
167,早年容,2
168,幾時回,2
169,才終是,2
170,不多時,2
171,爭肯不,2
172,難得不,2
173,費工夫,2
174,憐君未,2
175,月明樓,2
176,年容易,2
177,謀身易,2
178,即有情,2
179,似前生,2
180,兩度春,2
181,是受恩,2
182,有知己,2
183,掉五侯,2
184,年疏懶,2
185,疏懶共,2
186,懶共江,2
187,頭一種,2
188,不可尋,2
189,戰馬閑,2
190,難重到,2
191,柳惲詩,2
192,淚滿巾,2
193,堪回首,2
194,草青青,2
195,尋無主,2
196,長楊賦,2
197,何由見,2
198,花觸處,2
199,便回頭,2
200,舊行處,2
201,從來事,2
202,如此君,2
203,出帝鄉,2
204,從此是,2
205,是何人,2
206,故人今,2
207,老萊衣,2
208,無人見,2
209,後幾回,2
210,憑闌幹,2
211,從來不,2
212,自相親,2
213,憶廉頗,2
214,煙喬木,2
215,奈爾何,2
216,把餘杯,2
217,在不堪,2
218,知莊叟,2
219,只應從,2
220,應從此,2
221,奉梁王,2
222,羨君歸,2
223,還有釣,2
224,有釣魚,2
225,今已矣,2
226,路迢迢,2
227,梅花已,2
228,路不通,2
229,十三州,2
230,梧桐暗,2
231,又沾衣,2
232,半月餘,2
233,故人何,2
234,人何處,2
235,非曩日,2
236,莫相笑,2
237,廣都龐,2
238,都龐令,2
239,別有天,2
240,蓮塘館,2
241,有黃金,2
242,海門風,2
243,君看取,2
244,風流一,2
245,是同人,2
246,春他日,2
247,曩日酒,2
248,日酒杯,2
249,雨釣魚,2
250,來何處,2
251,采香徑,2
252,五湖煙,2
253,半夜秋,2
254,到青雲,2
255,京口酒,2
256,猶在莫,2
257,百尺風,2
258,在不得,2
259,與閒人,2
260,得相如,2
261,年今夜,2
262,今夜江,2
263,雜感詩,2
264,細蕊慢,1
265,蕊慢逐,1
266,時時動,1
267,時動人,1
268,動人意,1
269,人意去,1
270,枝猶壓,1
271,猶壓地,1
272,壓地今,1
273,為尾借,1
274,尾借問,1
275,不寐江,1
276,寐江南,1
277,江南風,1
278,南風土,1
279,風土歡,1
280,土歡樂,1
281,歡樂多,1
282,樂多悠,1
283,多悠悠,1
284,悠悠處,1
285,悠處處,1
286,處處盡,1
287,處盡經,1
288,盡經過,1
289,經過日,1
290,過日暮,1
291,日暮銅,1
292,暮銅雀,1
293,銅雀靜,1
294,雀靜西,1
295,靜西陵,1
296,西陵鳥,1
297,陵鳥雀,1
298,鳥雀歸,1
299,雀歸撫,1
300,歸撫弦,1
301,撫弦心,1
302,弦心斷,1
303,心斷絕,1
304,斷絕聽,1
305,絕聽管,1
306,聽管淚,1
307,管淚霏,1
308,淚霏霏,1
309,霏霏靈,1
310,霏靈幾,1
311,靈幾臨,1
312,幾臨朝,1
313,臨朝奠,1
314,朝奠空,1
315,奠空床,1
316,空床卷,1
317,床卷夜,1
318,卷夜衣,1
319,夜衣蒼,1
320,衣蒼蒼,1
321,蒼蒼川,1
322,蒼川上,1
323,川上月,1
324,上月應,1
325,月應照,1
326,應照妾,1
327,照妾魂,1
328,妾魂飛,1
329,魂飛皇,1
330,飛皇陂,1
331,皇陂瀲,1
332,陂瀲灩,1
333,瀲灩深,1
334,灩深複,1
335,深複深,1
336,複深陂,1
337,深陂西,1
338,陂西下,1
339,西下馬,1
340,下馬聊,1
341,馬聊登,1
342,聊登臨,1
343,登臨垂,1
344,臨垂楊,1
345,垂楊風,1
346,楊風輕,1
347,風輕弄,1
348,輕弄翠,1
349,弄翠帶,1
350,翠帶鯉,1
351,帶鯉魚,1
352,鯉魚日,1
353,魚日暖,1
354,日暖跳,1
355,暖跳黃,1
356,跳黃金,1
357,黃金三,1
358,金三月,1
359,三月窮,1
360,月窮途,1
361,窮途無,1
362,途無勝,1
363,無勝事,1
364,勝事十,1
365,事十年,1
366,十年流,1
367,年流水,1
368,流水見,1
369,水見歸,1
370,見歸心,1
371,歸心輸,1
372,心輸他,1
373,輸他谷,1
374,他谷口,1
375,谷口鄭,1
376,口鄭夫,1
377,鄭夫子,1
378,夫子偷,1
379,子偷得,1
380,偷得閒,1
381,得閒名,1
382,閒名說,1
383,名說至,1
384,說至今,1
385,至今夫,1
386,今夫子,1
387,夫子門,1
388,子門前,1
389,門前數,1
390,前數仞,1
391,仞牆每,1
392,牆每經,1
393,每經過,1
394,經過處,1
395,過處憶,1
396,處憶游,1
397,憶游梁,1
398,游梁路,1
399,梁路從,1
400,路從青,1
401,從青瑣,1
402,青瑣無,1
403,瑣無因,1
404,因見恩,1
405,見恩在,1
406,恩在丹,1
407,在丹心,1
408,丹心不,1
409,心不可,1
410,不可忘,1
411,可忘未,1
412,忘未必,1
413,未必便,1
414,必便為,1
415,便為讒,1
416,為讒口,1
417,讒口隔,1
418,口隔只,1
419,隔只應,1
420,只應貪,1
421,應貪草,1
422,貪草諫,1
423,草諫書,1
424,諫書忙,1
425,書忙別,1
426,忙別來,1
427,別來愁,1
428,來愁悴,1
429,愁悴知,1
430,悴知多,1
431,多少兩,1
432,少兩度,1
433,兩度槐,1
434,度槐花,1
435,槐花馬,1
436,花馬上,1
437,馬上黃,1
438,上黃似,1
439,黃似共,1
440,似共東,1
441,共東風,1
442,東風別,1
443,風別有,1
444,別有因,1
445,有因絳,1
446,因絳羅,1
447,絳羅高,1
448,羅高卷,1
449,高卷不,1
450,卷不勝,1
451,勝春若,1
452,春若教,1
453,若教解,1
454,教解語,1
455,解語應,1
456,語應傾,1
457,應傾國,1
458,傾國任,1
459,國任是,1
460,任是無,1
461,是無情,1
462,無情亦,1
463,情亦動,1
464,亦動人,1
465,動人芍,1
466,人芍藥,1
467,芍藥與,1
468,藥與君,1
469,與君為,1
470,君為近,1
471,為近侍,1
472,近侍芙,1
473,侍芙蓉,1
474,芙蓉何,1
475,蓉何處,1
476,何處避,1
477,處避芳,1
478,避芳塵,1
479,芳塵可,1
480,可憐韓,1
481,憐韓令,1
482,韓令功,1
483,令功成,1
484,功成後,1
485,成後辜,1
486,後辜負,1
487,辜負穠,1
488,負穠華,1
489,穠華過,1
490,華過此,1
491,過此身,1
492,此身莫,1
493,身莫把,1
494,莫把阿,1
495,把阿膠,1
496,阿膠向,1
497,膠向此,1
498,向此傾,1
499,此傾此,1
500,傾此中,1
501,此中天,1
502,中天意,1
503,天意固,1
504,意固難,1
505,固難明,1
506,難明解,1
507,明解通,1
508,解通銀,1
509,通銀漢,1
510,銀漢應,1
511,漢應須,1
512,應須曲,1
513,須曲才,1
514,曲才出,1
515,才出昆,1
516,出昆侖,1
517,昆侖便,1
518,侖便不,1
519,便不清,1
520,不清高,1
521,清高祖,1
522,高祖誓,1
523,祖誓功,1
524,誓功衣,1
525,功衣帶,1
526,衣帶小,1
527,帶小仙,1
528,小仙人,1
529,仙人占,1
530,人占鬥,1
531,占鬥客,1
532,鬥客槎,1
533,客槎輕,1
534,槎輕三,1
535,輕三千,1
536,三千年,1
537,千年後,1
538,年後知,1
539,後知誰,1
540,知誰在,1
541,誰在何,1
542,在何必,1
543,何必勞,1
544,必勞君,1
545,勞君報,1
546,君報太,1
547,報太平,1
548,太平當,1
549,平當時,1
550,時天子,1
551,天子是,1
552,子是閒,1
553,是閒遊,1
554,閒遊今,1
555,遊今日,1
556,今日行,1
557,日行人,1
558,行人特,1
559,人特地,1
560,特地愁,1
561,地愁柳,1
562,愁柳色,1
563,柳色縱,1
564,色縱饒,1
565,縱饒妝,1
566,饒妝故,1
567,妝故國,1
568,故國水,1
569,國水聲,1
570,水聲何,1
571,聲何忍,1
572,何忍到,1
573,忍到揚,1
574,揚州乾,1
575,州乾坤,1
576,乾坤有,1
577,坤有意,1
578,有意終,1
579,意終難,1
580,終難會,1
581,難會黎,1
582,會黎庶,1
583,黎庶無,1
584,庶無情,1
585,無情豈,1
586,情豈自,1
587,豈自由,1
588,自由應,1
589,由應笑,1
590,應笑秦,1
591,笑秦皇,1
592,秦皇用,1
593,皇用心,1
594,用心錯,1
595,心錯謾,1
596,錯謾驅,1
597,謾驅神,1
598,驅神鬼,1
599,神鬼海,1
600,鬼海東,1
601,海東頭,1
602,東頭進,1
603,頭進乏,1
604,進乏梯,1
605,乏梯媒,1
606,梯媒退,1
607,媒退又,1
608,退又難,1
609,又難強,1
610,難強隨,1
611,強隨豪,1
612,隨豪貴,1
613,豪貴殢,1
614,貴殢長,1
615,殢長安,1
616,長安風,1
617,安風從,1
618,風從昨,1
619,從昨夜,1
620,昨夜吹,1
621,夜吹銀,1
622,吹銀漢,1
623,銀漢淚,1
624,漢淚擬,1
625,淚擬何,1
626,擬何門,1
627,何門落,1
628,門落玉,1
629,落玉盤,1
630,玉盤拋,1
631,盤拋擲,1
632,拋擲紅,1
633,擲紅塵,1
634,紅塵應,1
635,塵應有,1
636,應有恨,1
637,有恨思,1
638,恨思量,1
639,思量仙,1
640,量仙桂,1
641,仙桂也,1
642,桂也無,1
643,也無端,1
644,無端錦,1
645,端錦鱗,1
646,錦鱗赬,1
647,鱗赬尾,1
648,赬尾平,1
649,尾平生,1
650,生事卻,1
651,事卻被,1
652,卻被閒,1
653,被閒人,1
654,閒人把,1
655,人把釣,1
656,釣竿憔,1
657,竿憔悴,1
658,憔悴長,1
659,悴長安,1
660,長安何,1
661,安何所,1
662,何所為,1
663,所為旅,1
664,為旅魂,1
665,旅魂窮,1
666,魂窮命,1
667,窮命自,1
668,命自相,1
669,自相疑,1
670,相疑滿,1
671,疑滿川,1
672,滿川碧,1
673,川碧嶂,1
674,碧嶂無,1
675,嶂無歸,1
676,無歸日,1
677,歸日一,1
678,日一榻,1
679,一榻紅,1
680,榻紅塵,1
681,紅塵有,1
682,塵有淚,1
683,有淚時,1
684,淚時雕,1
685,時雕琢,1
686,雕琢只,1
687,琢只應,1
688,只應勞,1
689,應勞郢,1
690,勞郢匠,1
691,郢匠膏,1
692,匠膏肓,1
693,膏肓終,1
694,肓終恐,1
695,終恐誤,1
696,恐誤秦,1
697,誤秦醫,1
698,秦醫浮,1
699,醫浮生,1
700,浮生七,1
701,生七十,1
702,七十今,1
703,十今三,1
704,今三十,1
705,三十從,1
706,十從此,1
707,從此悽,1
708,此悽惶,1
709,悽惶未,1
710,惶未可,1
711,未可知,1
712,可知行,1
713,知行塵,1
714,行塵不,1
715,塵不是,1
716,不是昔,1
717,是昔時,1
718,昔時塵,1
719,時塵謾,1
720,塵謾向,1
721,謾向朱,1
722,向朱門,1
723,朱門憶,1
724,門憶侍,1
725,憶侍臣,1
726,侍臣一,1
727,臣一榻,1
728,一榻已,1
729,榻已無,1
730,已無開,1
731,無開眼,1
732,開眼處,1
733,眼處九,1
734,處九泉,1
735,九泉應,1
736,泉應有,1
737,應有愛,1
738,有愛才,1
739,愛才人,1
740,才人文,1
741,人文餘,1
742,文餘吐,1
743,餘吐鳳,1
744,吐鳳他,1
745,鳳他年,1
746,他年詔,1
747,年詔樹,1
748,詔樹想,1
749,樹想棲,1
750,想棲鸞,1
751,棲鸞舊,1
752,鸞舊日,1
753,舊日春,1
754,日春從,1
755,春從此,1
756,從此恩,1
757,此恩深,1
758,恩深轉,1
759,深轉難,1
760,轉難報,1
761,難報夕,1
762,報夕陽,1
763,夕陽衰,1
764,陽衰草,1
765,衰草淚,1
766,草淚沾,1
767,淚沾巾,1
768,沾巾大,1
769,巾大鹵,1
770,大鹵旌,1
771,鹵旌旗,1
772,旌旗出,1
773,旗出洛,1
774,出洛濱,1
775,洛濱此,1
776,濱此中,1
777,此中煙,1
778,中煙月,1
779,煙月已,1
780,月已埃,1
781,已埃塵,1
782,埃塵更,1
783,塵更無,1
784,更無樓,1
785,無樓閣,1
786,樓閣尋,1
787,閣尋行,1
788,尋行處,1
789,行處只,1
790,處只有,1
791,只有山,1
792,有山川,1
793,山川識,1
794,川識野,1
795,識野人,1
796,野人早,1
797,人早得,1
798,早得鑄,1
799,得鑄金,1
800,鑄金誇,1
801,金誇範,1
802,誇範蠡,1
803,範蠡旋,1
804,蠡旋聞,1
805,旋聞垂,1
806,聞垂釣,1
807,垂釣哭,1
808,釣哭平,1
809,哭平津,1
810,平津舊,1
811,津舊游,1
812,舊游難,1
813,游難得,1
814,難得時,1
815,得時難,1
816,時難遇,1
817,難遇回,1
818,遇回首,1
819,回首空,1
820,首空城,1
821,空城百,1
822,城百草,1
823,百草春,1
824,草春水,1
825,春水蓼,1
826,水蓼花,1
827,蓼花紅,1
828,花紅稻,1
829,紅稻穗,1
830,稻穗黃,1
831,穗黃使,1
832,黃使君,1
833,使君蘭,1
834,君蘭棹,1
835,蘭棹泛,1
836,棹泛回,1
837,泛回塘,1
838,回塘倚,1
839,塘倚風,1
840,倚風荇,1
841,風荇藻,1
842,荇藻先,1
843,藻先開,1
844,先開路,1
845,開路迎,1
846,路迎旆,1
847,迎旆鳧,1
848,旆鳧鷖,1
849,鳧鷖盡,1
850,鷖盡著,1
851,盡著行,1
852,著行手,1
853,行手裏,1
854,手裏兵,1
855,裏兵符,1
856,兵符神,1
857,符神與,1
858,神與術,1
859,與術腰,1
860,術腰間,1
861,腰間金,1
862,間金印,1
863,金印彩,1
864,印彩為,1
865,彩為囊,1
866,為囊少,1
867,囊少年,1
868,少年太,1
869,年太守,1
870,太守勳,1
871,守勳庸,1
872,勳庸盛,1
873,庸盛應,1
874,盛應笑,1
875,應笑燕,1
876,笑燕台,1
877,燕台兩,1
878,台兩鬢,1
879,兩鬢霜,1
880,鬢霜多,1
881,霜多病,1
882,多病無,1
883,病無因,1
884,無因棹,1
885,因棹小,1
886,棹小舟,1
887,小舟闔,1
888,舟闔閭,1
889,闔閭城,1
890,閭城下,1
891,城下謁,1
892,下謁名,1
893,謁名侯,1
894,名侯水,1
895,侯水寒,1
896,水寒不,1
897,寒不見,1
898,不見雙,1
899,見雙魚,1
900,雙魚信,1
901,魚信風,1
902,信風便,1
903,風便唯,1
904,便唯聞,1
905,唯聞五,1
906,聞五袴,1
907,五袴謳,1
908,袴謳早,1
909,謳早說,1
910,早說用,1
911,用兵長,1
912,兵長暗,1
913,長暗合,1
914,暗合近,1
915,合近傳,1
916,近傳觀,1
917,傳觀稼,1
918,觀稼亦,1
919,稼亦閒,1
920,亦閒遊,1
921,閒遊須,1
922,遊須知,1
923,須知謝,1
924,知謝奕,1
925,謝奕依,1
926,奕依前,1
927,依前醉,1
928,前醉閑,1
929,醉閑阻,1
930,閑阻清,1
931,阻清談,1
932,清談又,1
933,談又一,1
934,又一秋,1
935,一秋蘋,1
936,秋蘋鹿,1
937,蘋鹿歌,1
938,鹿歌中,1
939,歌中別,1
940,中別酒,1
941,酒催粉,1
942,催粉闈,1
943,粉闈星,1
944,闈星彩,1
945,星彩動,1
946,彩動昭,1
947,動昭回,1
948,昭回久,1
949,回久經,1
950,久經罹,1
951,經罹亂,1
952,罹亂心,1
953,亂心應,1
954,心應破,1
955,應破乍,1
956,破乍睹,1
957,乍睹升,1
958,睹升平,1
959,升平眼,1
960,平眼漸,1
961,眼漸開,1
962,漸開顧,1
963,開顧我,1
964,顧我昔,1
965,我昔年,1
966,昔年悲,1
967,年悲玉,1
968,悲玉石,1
969,玉石憐,1
970,石憐君,1
971,憐君今,1
972,君今日,1
973,今日蘊,1
974,日蘊風,1
975,蘊風雷,1
976,風雷龍,1
977,雷龍門,1
978,龍門盛,1
979,門盛事,1
980,盛事無,1
981,事無因,1
982,因見費,1
983,見費盡,1
984,費盡黃,1
985,盡黃金,1
986,黃金老,1
987,金老隗,1
988,老隗台,1
989,隗台湖,1
990,台湖水,1
991,湖水平,1
992,水平來,1
993,平來見,1
994,來見鯉,1
995,見鯉魚,1
996,鯉魚偶,1
997,魚偶因,1
998,偶因烹,1
999,因烹處,1
1000,烹處得,1
1001,處得瓊,1
1002,得瓊琚,1
1003,瓊琚披,1
1004,琚披尋,1
1005,披尋藻,1
1006,尋藻思,1
1007,藻思千,1
1008,思千重,1
1009,千重後,1
1010,重後吟,1
1011,後吟想,1
1012,吟想冰,1
1013,想冰光,1
1014,冰光萬,1
1015,光萬里,1
1016,萬里餘,1
1017,里餘漳,1
1018,餘漳浦,1
1019,漳浦病,1
1020,浦病來,1
1021,病來情,1
1022,來情轉,1
1023,情轉薄,1
1024,轉薄赤,1
1025,薄赤城,1
1026,赤城吟,1
1027,城吟苦,1
1028,吟苦意,1
1029,苦意何,1
1030,意何如,1
1031,何如錦,1
1032,如錦衣,1
1033,錦衣公,1
1034,衣公子,1
1035,公子憐,1
1036,子憐君,1
1037,憐君在,1
1038,君在十,1
1039,在十載,1
1040,十載兵,1
1041,載兵戈,1
1042,兵戈從,1
1043,戈從板,1
1044,板輿會,1
1045,輿會稽,1
1046,會稽詩,1
1047,稽詩客,1
1048,詩客趙,1
1049,客趙能,1
1050,趙能卿,1
1051,能卿往,1
1052,卿往歲,1
1053,往歲相,1
1054,歲相逢,1
1055,相逢話,1
1056,逢話石,1
1057,話石城,1
1058,石城正,1
1059,城正恨,1
1060,正恨故,1
1061,恨故人,1
1062,故人無,1
1063,人無上,1
1064,無上壽,1
1065,上壽喜,1
1066,壽喜聞,1
1067,喜聞良,1
1068,聞良宰,1
1069,良宰有,1
1070,宰有高,1
1071,有高情,1
1072,高情山,1
1073,情山朝,1
1074,山朝佐,1
1075,朝佐命,1
1076,佐命層,1
1077,命層層,1
1078,層層聳,1
1079,層聳水,1
1080,聳水接,1
1081,水接飛,1
1082,接飛流,1
1083,飛流步,1
1084,流步步,1
1085,步步清,1
1086,步清兩,1
1087,清兩火,1
1088,兩火一,1
1089,火一刀,1
1090,一刀罹,1
1091,刀罹亂,1
1092,亂後會,1
1093,後會須,1
1094,會須乘,1
1095,須乘興,1
1096,興雪中,1
1097,雪中行,1
1098,中行雙,1
1099,行雙魚,1
1100,雙魚迢,1
1101,魚迢遞,1
1102,迢遞到,1
1103,遞到江,1
1104,到江濱,1
1105,江濱傷,1
1106,濱傷感,1
1107,傷感南,1
1108,感南陵,1
1109,南陵舊,1
1110,陵舊主,1
1111,主人萬,1
1112,人萬里,1
1113,萬里朝,1
1114,里朝台,1
1115,朝台勞,1
1116,台勞寄,1
1117,寄夢十,1
1118,夢十年,1
1119,十年侯,1
1120,年侯國,1
1121,侯國阻,1
1122,國阻趨,1
1123,阻趨塵,1
1124,趨塵尋,1
1125,塵尋知,1
1126,尋知亂,1
1127,知亂後,1
1128,亂後嘗,1
1129,後嘗辭,1
1130,嘗辭祿,1
1131,辭祿共,1
1132,祿共喜,1
1133,共喜閑,1
1134,喜閑來,1
1135,閑來得,1
1136,來得養,1
1137,得養神,1
1138,養神時,1
1139,神時見,1
1140,時見齊,1
1141,見齊山,1
1142,齊山敬,1
1143,山敬亭,1
1144,敬亭客,1
1145,亭客不,1
1146,客不堪,1
1147,不堪戎,1
1148,堪戎馬,1
1149,戎馬戰,1
1150,馬戰征,1
1151,戰征頻,1
1152,征頻曾,1
1153,頻曾逐,1
1154,曾逐旌,1
1155,逐旌旗,1
1156,旌旗過,1
1157,旗過板,1
1158,過板橋,1
1159,板橋世,1
1160,橋世途,1
1161,世途多,1
1162,途多難,1
1163,多難竟,1
1164,難竟蓬,1
1165,竟蓬飄,1
1166,蓬飄步,1
1167,飄步兵,1
1168,步兵校,1
1169,兵校尉,1
1170,校尉辭,1
1171,尉辭公,1
1172,辭公府,1
1173,公府車,1
1174,府車騎,1
1175,車騎將,1
1176,騎將軍,1
1177,將軍憶,1
1178,軍憶本,1
1179,憶本朝,1
1180,本朝醉,1
1181,朝醉裏,1
1182,醉裏舊,1
1183,裏舊遊,1
1184,舊遊還,1
1185,遊還歷,1
1186,還歷歷,1
1187,歷歷病,1
1188,歷病中,1
1189,病中衰,1
1190,中衰鬢,1
1191,衰鬢奈,1
1192,鬢奈蕭,1
1193,奈蕭蕭,1
1194,蕭蕭遺,1
1195,蕭遺簪,1
1196,遺簪墮,1
1197,簪墮履,1
1198,墮履應,1
1199,履應留,1
1200,應留念,1
1201,留念門,1
1202,念門客,1
1203,門客如,1
1204,客如今,1
1205,如今只,1
1206,今只下,1
1207,只下僚,1
1208,下僚細,1
1209,僚細玉,1
1210,細玉羅,1
1211,玉羅紋,1
1212,羅紋下,1
1213,紋下碧,1
1214,下碧霄,1
1215,碧霄杜,1
1216,霄杜門,1
1217,杜門顏,1
1218,門顏巷,1
1219,顏巷落,1
1220,巷落偏,1
1221,落偏饒,1
1222,偏饒巢,1
1223,饒巢居,1
1224,巢居只,1
1225,居只恐,1
1226,只恐高,1
1227,恐高柯,1
1228,高柯折,1
1229,柯折旅,1
1230,折旅客,1
1231,旅客愁,1
1232,客愁聞,1
1233,愁聞去,1
1234,聞去路,1
1235,去路遙,1
1236,路遙撅,1
1237,遙撅凍,1
1238,撅凍野,1
1239,凍野蔬,1
1240,野蔬和,1
1241,蔬和粉,1
1242,和粉重,1
1243,粉重掃,1
1244,重掃庭,1
1245,掃庭松,1
1246,庭松葉,1
1247,松葉帶,1
1248,葉帶酥,1
1249,帶酥燒,1
1250,酥燒寒,1
1251,燒寒窗,1
1252,寒窗呵,1
1253,窗呵筆,1
1254,呵筆尋,1
1255,筆尋詩,1
1256,尋詩句,1
1257,詩句一,1
1258,句一片,1
1259,一片飛,1
1260,片飛來,1
1261,飛來紙,1
1262,來紙上,1
1263,紙上銷,1
1264,上銷嘉,1
1265,銷嘉植,1
1266,嘉植陰,1
1267,植陰陰,1
1268,陰陰覆,1
1269,陰覆劍,1
1270,覆劍池,1
1271,劍池此,1
1272,池此中,1
1273,此中能,1
1274,中能政,1
1275,能政動,1
1276,政動神,1
1277,神祇湖,1
1278,祇湖邊,1
1279,湖邊觀,1
1280,邊觀稼,1
1281,觀稼雨,1
1282,稼雨迎,1
1283,雨迎馬,1
1284,迎馬城,1
1285,馬城外,1
1286,城外犒,1
1287,外犒軍,1
1288,犒軍風,1
1289,軍風滿,1
1290,風滿旗,1
1291,滿旗融,1
1292,旗融酒,1
1293,融酒徒,1
1294,酒徒誇,1
1295,徒誇無,1
1296,誇無算,1
1297,無算爵,1
1298,算爵儉,1
1299,爵儉蓮,1
1300,儉蓮還,1
1301,蓮還少,1
1302,還少最,1
1303,少最高,1
1304,最高枝,1
1305,高枝珊,1
1306,枝珊瑚,1
1307,珊瑚筆,1
1308,瑚筆架,1
1309,筆架真,1
1310,架真珠,1
1311,真珠履,1
1312,珠履曾,1
1313,履曾和,1
1314,曾和陳,1
1315,和陳王,1
1316,陳王幾,1
1317,王幾首,1
1318,幾首詩,1
1319,首詩耳,1
1320,詩耳邊,1
1321,耳邊要,1
1322,邊要靜,1
1323,要靜不,1
1324,靜不得,1
1325,不得靜,1
1326,得靜心,1
1327,靜心裏,1
1328,心裏欲,1
1329,裏欲閑,1
1330,欲閑終,1
1331,閑終未,1
1332,終未閑,1
1333,未閑自,1
1334,閑自是,1
1335,自是宿,1
1336,是宿緣,1
1337,宿緣應,1
1338,緣應有,1
1339,應有累,1
1340,有累可,1
1341,累可能,1
1342,可能時,1
1343,能時事,1
1344,時事更,1
1345,事更相,1
1346,更相關,1
1347,相關魚,1
1348,關魚慚,1
1349,魚慚張,1
1350,慚張翰,1
1351,張翰辭,1
1352,翰辭東,1
1353,辭東府,1
1354,東府鶴,1
1355,府鶴怨,1
1356,鶴怨周,1
1357,怨周顒,1
1358,周顒負,1
1359,顒負北,1
1360,負北山,1
1361,北山看,1
1362,山看卻,1
1363,看卻金,1
1364,卻金庭,1
1365,金庭芝,1
1366,庭芝朮,1
1367,芝朮老,1
1368,朮老又,1
1369,老又驅,1
1370,又驅車,1
1371,驅車入,1
1372,車入七,1
1373,入七人,1
1374,七人班,1
1375,人班千,1
1376,班千載,1
1377,千載遺,1
1378,載遺蹤,1
1379,遺蹤一,1
1380,蹤一窖,1
1381,一窖塵,1
1382,窖塵路,1
1383,塵路傍,1
1384,路傍耕,1
1385,傍耕者,1
1386,耕者亦,1
1387,者亦傷,1
1388,亦傷神,1
1389,傷神祖,1
1390,神祖龍,1
1391,祖龍算,1
1392,龍算事,1
1393,算事渾,1
1394,事渾乖,1
1395,渾乖角,1
1396,乖角將,1
1397,角將謂,1
1398,將謂詩,1
1399,謂詩書,1
1400,詩書活,1
1401,書活得,1
1402,活得人,1
1403,得人荒,1
1404,人荒堆,1
1405,荒堆無,1
1406,堆無草,1
1407,無草樹,1
1408,草樹無,1
1409,樹無枝,1
1410,無枝懶,1
1411,枝懶向,1
1412,懶向行,1
1413,向行人,1
1414,行人問,1
1415,人問昔,1
1416,問昔時,1
1417,昔時六,1
1418,時六國,1
1419,六國英,1
1420,國英雄,1
1421,英雄漫,1
1422,雄漫多,1
1423,漫多事,1
1424,多事到,1
1425,事到頭,1
1426,到頭徐,1
1427,頭徐福,1
1428,徐福是,1
1429,福是男,1
1430,是男兒,1
1431,男兒青,1
1432,兒青青,1
1433,青青月,1
1434,青月桂,1
1435,月桂觸,1
1436,桂觸人,1
1437,觸人香,1
1438,人香白,1
1439,香白苧,1
1440,白苧衫,1
1441,苧衫輕,1
1442,衫輕稱,1
1443,輕稱沈,1
1444,稱沈郎,1
1445,沈郎好,1
1446,郎好繼,1
1447,好繼馬,1
1448,馬卿歸,1
1449,卿歸故,1
1450,歸故里,1
1451,故里況,1
1452,里況聞,1
1453,況聞山,1
1454,聞山簡,1
1455,山簡在,1
1456,簡在襄,1
1457,在襄陽,1
1458,襄陽杯,1
1459,陽杯傾,1
1460,杯傾別,1
1461,傾別岸,1
1462,別岸應,1
1463,岸應須,1
1464,應須醉,1
1465,須醉花,1
1466,醉花傍,1
1467,花傍征,1
1468,傍征車,1
1469,征車漸,1
1470,車漸欲,1
1471,漸欲芳,1
1472,欲芳擬,1
1473,芳擬把,1
1474,擬把金,1
1475,把金錢,1
1476,金錢贈,1
1477,錢贈嘉,1
1478,贈嘉禮,1
1479,嘉禮不,1
1480,禮不堪,1
1481,不堪棲,1
1482,堪棲屑,1
1483,棲屑困,1
1484,屑困名,1
1485,困名場,1
1486,名場江,1
1487,場江花,1
1488,江花江,1
1489,花江草,1
1490,江草暖,1
1491,草暖相,1
1492,暖相隈,1
1493,相隈也,1
1494,隈也向,1
1495,也向江,1
1496,向江邊,1
1497,江邊把,1
1498,邊把酒,1
1499,把酒杯,1
1500,酒杯春,1
1501,杯春色,1
1502,春色惱,1
1503,色惱人,1
1504,惱人遮,1
1505,人遮不,1
1506,遮不得,1
1507,不得別,1
1508,得別愁,1
1509,別愁如,1
1510,愁如瘧,1
1511,如瘧避,1
1512,瘧避還,1
1513,避還來,1
1514,還來安,1
1515,來安排,1
1516,安排賤,1
1517,排賤跡,1
1518,賤跡無,1
1519,跡無良,1
1520,無良策,1
1521,良策裨,1
1522,策裨補,1
1523,裨補明,1
1524,補明時,1
1525,明時望,1
1526,時望重,1
1527,重才一,1
1528,才一曲,1
1529,一曲吳,1
1530,曲吳歌,1
1531,吳歌齊,1
1532,歌齊拍,1
1533,齊拍手,1
1534,拍手十,1
1535,手十年,1
1536,十年塵,1
1537,年塵眼,1
1538,塵眼未,1
1539,眼未曾,1
1540,未曾開,1
1541,曾開秦,1
1542,開秦樹,1
1543,秦樹團,1
1544,樹團團,1
1545,團團夕,1
1546,團夕結,1
1547,夕結陰,1
1548,結陰此,1
1549,陰此中,1
1550,此中莊,1
1551,中莊舄,1
1552,莊舄動,1
1553,舄動悲,1
1554,動悲吟,1
1555,悲吟一,1
1556,吟一枝,1
1557,一枝丹,1
1558,枝丹桂,1
1559,丹桂未,1
1560,桂未入,1
1561,未入手,1
1562,入手萬,1
1563,手萬里,1
1564,萬里蒼,1
1565,里蒼波,1
1566,蒼波長,1
1567,波長負,1
1568,長負心,1
1569,負心老,1
1570,心老去,1
1571,老去漸,1
1572,去漸知,1
1573,漸知時,1
1574,知時態,1
1575,時態薄,1
1576,態薄愁,1
1577,薄愁來,1
1578,愁來唯,1
1579,來唯願,1
1580,唯願酒,1
1581,願酒杯,1
1582,酒杯深,1
1583,杯深七,1
1584,深七雄,1
1585,七雄三,1
1586,雄三傑,1
1587,三傑今,1
1588,傑今何,1
1589,今何在,1
1590,何在休,1
1591,在休為,1
1592,休為閒,1
1593,為閒人,1
1594,閒人淚,1
1595,人淚滿,1
1596,滿襟漢,1
1597,襟漢陽,1
1598,漢陽渡,1
1599,陽渡口,1
1600,渡口蘭,1
1601,口蘭為,1
1602,蘭為舟,1
1603,為舟漢,1
1604,舟漢陽,1
1605,漢陽城,1
1606,陽城下,1
1607,城下多,1
1608,下多酒,1
1609,多酒樓,1
1610,酒樓當,1
1611,樓當年,1
1612,當年不,1
1613,不得盡,1
1614,得盡一,1
1615,盡一醉,1
1616,一醉別,1
1617,醉別夢,1
1618,別夢有,1
1619,夢有時,1
1620,時還重,1
1621,還重遊,1
1622,重遊襟,1
1623,遊襟帶,1
1624,襟帶可,1
1625,帶可憐,1
1626,可憐吞,1
1627,憐吞楚,1
1628,吞楚塞,1
1629,楚塞風,1
1630,塞風煙,1
1631,風煙只,1
1632,煙只好,1
1633,只好狎,1
1634,好狎江,1
1635,狎江鷗,1
1636,江鷗月,1
1637,鷗月明,1
1638,月明更,1
1639,明更想,1
1640,更想曾,1
1641,想曾行,1
1642,曾行處,1
1643,行處吹,1
1644,處吹笛,1
1645,吹笛橋,1
1646,笛橋邊,1
1647,橋邊木,1
1648,邊木葉,1
1649,木葉秋,1
1650,葉秋楚,1
1651,秋楚人,1
1652,楚人曾,1
1653,人曾此,1
1654,曾此限,1
1655,此限封,1
1656,限封疆,1
1657,封疆不,1
1658,疆不見,1
1659,不見清,1
1660,見清陰,1
1661,清陰六,1
1662,陰六裏,1
1663,六裏長,1
1664,裏長一,1
1665,長一壑,1
1666,一壑暮,1
1667,壑暮聲,1
1668,暮聲何,1
1669,聲何怨,1
1670,何怨望,1
1671,怨望數,1
1672,望數峰,1
1673,數峰秋,1
1674,峰秋勢,1
1675,秋勢自,1
1676,勢自顛,1
1677,自顛狂,1
1678,顛狂由,1
1679,狂由來,1
1680,由來四,1
1681,來四皓,1
1682,四皓須,1
1683,皓須神,1
1684,須神伏,1
1685,神伏大,1
1686,伏大抵,1
1687,大抵秦,1
1688,抵秦皇,1
1689,秦皇謾,1
1690,皇謾氣,1
1691,謾氣強,1
1692,氣強欲,1
1693,強欲學,1
1694,欲學雞,1
1695,學雞鳴,1
1696,雞鳴試,1
1697,鳴試關,1
1698,試關吏,1
1699,關吏太,1
1700,吏太平,1
1701,太平時,1
1702,平時節,1
1703,節懶思,1
1704,懶思量,1
1705,太平天,1
1706,平天子,1
1707,天子念,1
1708,子念蒲,1
1709,念蒲東,1
1710,蒲東又,1
1711,東又委,1
1712,又委星,1
1713,委星郎,1
1714,星郎養,1
1715,郎養育,1
1716,養育功,1
1717,育功昨,1
1718,功昨日,1
1719,昨日隼,1
1720,日隼旟,1
1721,隼旟辭,1
1722,旟辭闕,1
1723,辭闕下,1
1724,闕下今,1
1725,下今朝,1
1726,今朝珠,1
1727,朝珠履,1
1728,珠履在,1
1729,履在河,1
1730,在河中,1
1731,河中樓,1
1732,中樓移,1
1733,樓移庾,1
1734,移庾亮,1
1735,庾亮千,1
1736,亮千山,1
1737,千山月,1
1738,山月樹,1
1739,月樹待,1
1740,樹待袁,1
1741,待袁宏,1
1742,袁宏一,1
1743,宏一扇,1
1744,一扇風,1
1745,扇風不,1
1746,風不及,1
1747,不及政,1
1748,及政成,1
1749,政成應,1
1750,成應入,1
1751,應入拜,1
1752,入拜晉,1
1753,拜晉州,1
1754,晉州何,1
1755,州何足,1
1756,何足展,1
1757,足展清,1
1758,展清通,1
1759,清通遠,1
1760,通遠聞,1
1761,遠聞天,1
1762,聞天子,1
1763,天子似,1
1764,子似羲,1
1765,似羲皇,1
1766,羲皇偶,1
1767,皇偶舍,1
1768,偶舍漁,1
1769,舍漁鄉,1
1770,漁鄉入,1
1771,鄉入帝,1
1772,入帝鄉,1
1773,帝鄉五,1
1774,鄉五等,1
1775,五等列,1
1776,等列侯,1
1777,列侯無,1
1778,侯無故,1
1779,無故舊,1
1780,故舊一,1
1781,舊一枝,1
1782,一枝仙,1
1783,仙桂有,1
1784,桂有風,1
1785,有風霜,1
1786,風霜燈,1
1787,霜燈欹,1
1788,燈欹短,1
1789,欹短焰,1
1790,短焰燒,1
1791,焰燒離,1
1792,燒離鬢,1
1793,離鬢漏,1
1794,鬢漏轉,1
1795,漏轉寒,1
1796,轉寒更,1
1797,寒更滴,1
1798,更滴旅,1
1799,滴旅腸,1
1800,旅腸歸,1
1801,腸歸計,1
1802,歸計未,1
1803,計未知,1
1804,未知身,1
1805,知身已,1
1806,身已老,1
1807,已老九,1
1808,老九衢,1
1809,闕夜蒼,1
1810,夜蒼蒼,1
1811,蒼蒼宰,1
1812,蒼宰府,1
1813,宰府初,1
1814,府初開,1
1815,初開忝,1
1816,開忝末,1
1817,忝末塵,1
1818,末塵四,1
1819,塵四年,1
1820,四年談,1
1821,年談笑,1
1822,談笑隔,1
1823,笑隔通,1
1824,隔通津,1
1825,通津官,1
1826,津官資,1
1827,官資肯,1
1828,資肯便,1
1829,肯便矜,1
1830,便矜中,1
1831,矜中路,1
1832,中路酒,1
1833,路酒醆,1
1834,酒醆還,1
1835,醆還應,1
1836,還應憶,1
1837,應憶故,1
1838,故人江,1
1839,人江畔,1
1840,江畔舊,1
1841,畔舊游,1
1842,舊游秦,1
1843,游秦望,1
1844,秦望月,1
1845,望月檻,1
1846,月檻前,1
1847,檻前公,1
1848,前公事,1
1849,公事鏡,1
1850,事鏡湖,1
1851,鏡湖春,1
1852,湖春如,1
1853,春如今,1
1854,如今莫,1
1855,今莫問,1
1856,莫問西,1
1857,問西禪,1
1858,西禪塢,1
1859,禪塢一,1
1860,塢一炷,1
1861,一炷寒,1
1862,炷寒香,1
1863,寒香老,1
1864,香老病,1
1865,老病身,1
1866,病身洞,1
1867,身洞庭,1
1868,洞庭霜,1
1869,庭霜落,1
1870,霜落水,1
1871,落水雲,1
1872,水雲秋,1
1873,雲秋又,1
1874,秋又泛,1
1875,又泛輕,1
1876,泛輕漣,1
1877,輕漣任,1
1878,漣任去,1
1879,任去留,1
1880,去留世,1
1881,留世界,1
1882,世界高,1
1883,界高談,1
1884,高談今,1
1885,談今已,1
1886,今已得,1
1887,已得宦,1
1888,得宦途,1
1889,宦途清,1
1890,途清貴,1
1891,清貴舊,1
1892,貴舊曾,1
1893,舊曾遊,1
1894,曾遊手,1
1895,遊手中,1
1896,手中彩,1
1897,中彩筆,1
1898,彩筆誇,1
1899,筆誇題,1
1900,誇題鳳,1
1901,題鳳天,1
1902,鳳天上,1
1903,天上泥,1
1904,上泥封,1
1905,泥封獎,1
1906,封獎狎,1
1907,獎狎鷗,1
1908,狎鷗更,1
1909,鷗更見,1
1910,更見南,1
1911,見南來,1
1912,南來釣,1
1913,來釣翁,1
1914,釣翁說,1
1915,翁說醉,1
1916,說醉吟,1
1917,醉吟還,1
1918,吟還上,1
1919,還上木,1
1920,上木蘭,1
1921,木蘭舟,1
1922,蘭舟舊,1
1923,舟舊業,1
1924,舊業傳,1
1925,業傳家,1
1926,傳家有,1
1927,家有寶,1
1928,有寶刀,1
1929,寶刀近,1
1930,刀近聞,1
1931,近聞餘,1
1932,餘力更,1
1933,力更揮,1
1934,更揮毫,1
1935,揮毫腰,1
1936,毫腰間,1
1937,腰間印,1
1938,間印佩,1
1939,印佩黃,1
1940,佩黃金,1
1941,黃金重,1
1942,金重卷,1
1943,重卷裏,1
1944,卷裏詩,1
1945,裏詩裁,1
1946,詩裁白,1
1947,裁白雪,1
1948,白雪高,1
1949,雪高宴,1
1950,高宴罷,1
1951,宴罷嘉,1
1952,罷嘉賓,1
1953,嘉賓迎,1
1954,賓迎鳳,1
1955,迎鳳藻,1
1956,鳳藻獵,1
1957,藻獵歸,1
1958,獵歸諸,1
1959,歸諸將,1
1960,諸將問,1
1961,將問龍,1
1962,問龍韜,1
1963,龍韜分,1
1964,韜分茅,1
1965,分茅列,1
1966,茅列土,1
1967,列土才,1
1968,土才三,1
1969,才三十,1
1970,三十猶,1
1971,十猶擬,1
1972,猶擬回,1
1973,擬回頭,1
1974,回頭賭,1
1975,頭賭錦,1
1976,賭錦袍,1
1977,錦袍梁,1
1978,袍梁王,1
1979,梁王兔,1
1980,王兔苑,1
1981,兔苑荊,1
1982,苑荊榛,1
1983,荊榛裏,1
1984,榛裏煬,1
1985,裏煬帝,1
1986,煬帝雞,1
1987,帝雞台,1
1988,雞台夢,1
1989,台夢想,1
1990,夢想中,1
1991,想中只,1
1992,中只覺,1
1993,只覺惘,1
1994,覺惘然,1
1995,惘然悲,1
1996,然悲謝,1
1997,悲謝傅,1
1998,謝傅未,1
1999,傅未知,1
2000,未知何,1
2001,知何以,1
2002,以報文,1
2003,報文翁,1
2004,文翁生,1
2005,翁生靈,1
2006,生靈不,1
2007,靈不幸,1
2008,不幸台,1
2009,幸台星,1
2010,星拆造,1
2011,拆造化,1
2012,造化無,1
2013,化無情,1
2014,無情世,1
2015,情世界,1
2016,世界空,1
2017,界空劃,1
2018,空劃盡,1
2019,劃盡寒,1
2020,盡寒灰,1
2021,寒灰始,1
2022,灰始堪,1
2023,始堪歎,1
2024,堪歎滿,1
2025,歎滿庭,1
2026,滿庭霜,1
2027,庭霜葉,1
2028,霜葉一,1
2029,葉一窗,1
2030,一窗風,1
2031,窗風亂,1
2032,風亂離,1
2033,亂離無,1
2034,離無計,1
2035,無計駐,1
2036,計駐生,1
2037,駐生涯,1
2038,生涯又,1
2039,涯又事,1
2040,又事東,1
2041,事東游,1
2042,東游惜,1
2043,游惜歲,1
2044,惜歲華,1
2045,歲華村,1
2046,華村店,1
2047,村店酒,1
2048,店酒旗,1
2049,酒旗沽,1
2050,旗沽竹,1
2051,沽竹葉,1
2052,竹葉野,1
2053,葉野橋,1
2054,野橋梅,1
2055,橋梅雨,1
2056,梅雨泊,1
2057,雨泊蘆,1
2058,泊蘆花,1
2059,蘆花讎,1
2060,花讎書,1
2061,讎書發,1
2062,書發跡,1
2063,發跡官,1
2064,跡官雖,1
2065,官雖屈,1
2066,雖屈負,1
2067,屈負米,1
2068,負米安,1
2069,米安親,1
2070,安親路,1
2071,親路不,1
2072,路不賒,1
2073,不賒應,1
2074,賒應見,1
2075,應見使,1
2076,見使君,1
2077,使君論,1
2078,君論世,1
2079,論世舊,1
2080,世舊掃,1
2081,舊掃門,1
2082,掃門重,1
2083,門重得,1
2084,重得向,1
2085,得向曹,1
2086,向曹家,1
2087,曹家漢,1
2088,家漢惠,1
2089,漢惠秦,1
2090,惠秦皇,1
2091,秦皇事,1
2092,皇事已,1
2093,事已聞,1
2094,已聞廟,1
2095,聞廟前,1
2096,廟前高,1
2097,前高木,1
2098,高木眼,1
2099,木眼前,1
2100,眼前雲,1
2101,前雲楚,1
2102,雲楚王,1
2103,楚王謾,1
2104,王謾費,1
2105,謾費閒,1
2106,費閒心,1
2107,閒心力,1
2108,心力六,1
2109,力六裏,1
2110,六裏青,1
2111,裏青山,1
2112,青山盡,1
2113,山盡屬,1
2114,盡屬君,1
2115,屬君溶,1
2116,君溶溶,1
2117,溶溶曳,1
2118,溶曳曳,1
2119,曳曳自,1
2120,曳自舒,1
2121,自舒張,1
2122,舒張不,1
2123,張不向,1
2124,不向蒼,1
2125,向蒼梧,1
2126,蒼梧即,1
2127,梧即帝,1
2128,即帝鄉,1
2129,帝鄉莫,1
2130,鄉莫道,1
2131,莫道無,1
2132,道無心,1
2133,無心便,1
2134,心便無,1
2135,便無事,1
2136,無事也,1
2137,事也曾,1
2138,也曾愁,1
2139,曾愁殺,1
2140,愁殺楚,1
2141,殺楚襄,1
2142,楚襄王,1
2143,襄王北,1
2144,王北去,1
2145,南來無,1
2146,來無定,1
2147,無定居,1
2148,定居此,1
2149,居此生,1
2150,此生生,1
2151,生生計,1
2152,生計竟,1
2153,計竟何,1
2154,竟何如,1
2155,何如酷,1
2156,如酷憐,1
2157,酷憐一,1
2158,憐一覺,1
2159,一覺平,1
2160,覺平明,1
2161,平明睡,1
2162,明睡長,1
2163,睡長被,1
2164,長被雞,1
2165,被雞聲,1
2166,雞聲惡,1
2167,聲惡破,1
2168,惡破除,1
2169,破除沈,1
2170,除沈水,1
2171,沈水良,1
2172,水良材,1
2173,良材食,1
2174,材食柏,1
2175,食柏珍,1
2176,柏珍博,1
2177,珍博山,1
2178,博山煙,1
2179,山煙暖,1
2180,煙暖玉,1
2181,暖玉樓,1
2182,玉樓春,1
2183,樓春憐,1
2184,春憐君,1
2185,憐君亦,1
2186,君亦是,1
2187,亦是無,1
2188,無端物,1
2189,端物貪,1
2190,物貪作,1
2191,貪作馨,1
2192,作馨香,1
2193,馨香忘,1
2194,香忘卻,1
2195,忘卻身,1
2196,卻身臺,1
2197,身臺上,1
2198,臺上年,1
2199,上年年,1
2200,年年掩,1
2201,年掩翠,1
2202,掩翠蛾,1
2203,翠蛾台,1
2204,蛾台前,1
2205,台前高,1
2206,前高樹,1
2207,高樹夾,1
2208,樹夾漳,1
2209,夾漳河,1
2210,漳河英,1
2211,河英雄,1
2212,英雄亦,1
2213,雄亦到,1
2214,亦到分,1
2215,到分香,1
2216,分香處,1
2217,香處能,1
2218,處能共,1
2219,能共常,1
2220,共常人,1
2221,常人較,1
2222,人較幾,1
2223,較幾多,1
2224,幾多賦,1
2225,多賦得,1
2226,賦得長,1
2227,得長楊,1
2228,長楊不,1
2229,楊不直,1
2230,不直錢,1
2231,直錢卻,1
2232,錢卻來,1
2233,卻來京,1
2234,來京口,1
2235,京口看,1
2236,口看鶯,1
2237,看鶯遷,1
2238,鶯遷也,1
2239,遷也知,1
2240,也知絳,1
2241,知絳灌,1
2242,絳灌輕,1
2243,灌輕才,1
2244,輕才子,1
2245,才子好,1
2246,子好謁,1
2247,好謁尤,1
2248,謁尤常,1
2249,尤常醉,1
2250,常醉少,1
2251,醉少年,1
2252,少年萬,1
2253,年萬里,1
2254,萬里故,1
2255,里故鄉,1
2256,故鄉雲,1
2257,鄉雲縹,1
2258,雲縹緲,1
2259,縹緲一,1
2260,緲一春,1
2261,一春生,1
2262,春生計,1
2263,生計淚,1
2264,計淚瀾,1
2265,淚瀾汍,1
2266,瀾汍多,1
2267,汍多情,1
2268,多情柱,1
2269,情柱史,1
2270,柱史應,1
2271,史應相,1
2272,應相問,1
2273,相問與,1
2274,問與話,1
2275,與話歸,1
2276,話歸心,1
2277,歸心正,1
2278,心正浩,1
2279,正浩然,1
2280,浩然君,1
2281,然君與,1
2282,君與田,1
2283,與田蘇,1
2284,田蘇即,1
2285,蘇即舊,1
2286,即舊游,1
2287,舊游我,1
2288,游我於,1
2289,我於交,1
2290,於交分,1
2291,交分亦,1
2292,分亦綢,1
2293,亦綢繆,1
2294,綢繆二,1
2295,繆二年,1
2296,年隔絕,1
2297,隔絕黃,1
2298,絕黃泉,1
2299,黃泉下,1
2300,泉下盡,1
2301,下盡日,1
2302,盡日悲,1
2303,日悲涼,1
2304,悲涼曲,1
2305,涼曲水,1
2306,曲水頭,1
2307,水頭鷗,1
2308,頭鷗鳥,1
2309,鷗鳥似,1
2310,鳥似能,1
2311,似能齊,1
2312,能齊物,1
2313,齊物理,1
2314,物理杏,1
2315,理杏花,1
2316,杏花疑,1
2317,花疑欲,1
2318,疑欲伴,1
2319,欲伴人,1
2320,伴人愁,1
2321,人愁寡,1
2322,愁寡妻,1
2323,妻稚子,1
2324,稚子應,1
2325,子應寒,1
2326,應寒食,1
2327,寒食遙,1
2328,食遙望,1
2329,遙望江,1
2330,望江陵,1
2331,江陵一,1
2332,陵一淚,1
2333,一淚流,1
2334,淚流欲,1
2335,流欲將,1
2336,欲將刀,1
2337,刀筆潤,1
2338,筆潤王,1
2339,潤王猷,1
2340,王猷東,1
2341,猷東去,1
2342,東去先,1
2343,去先分,1
2344,先分聖,1
2345,分聖主,1
2346,聖主憂,1
2347,主憂滿,1
2348,憂滿扇,1
2349,滿扇好,1
2350,扇好風,1
2351,好風吹,1
2352,風吹鄭,1
2353,吹鄭圃,1
2354,鄭圃一,1
2355,圃一車,1
2356,一車甘,1
2357,車甘雨,1
2358,甘雨別,1
2359,雨別皇,1
2360,別皇州,1
2361,皇州尚,1
2362,州尚書,1
2363,尚書磧,1
2364,書磧冷,1
2365,磧冷鴻,1
2366,冷鴻聲,1
2367,鴻聲晚,1
2368,聲晚僕,1
2369,晚僕射,1
2370,僕射陂,1
2371,射陂寒,1
2372,陂寒樹,1
2373,寒樹影,1
2374,樹影秋,1
2375,影秋從,1
2376,秋從此,1
2377,從此文,1
2378,此文星,1
2379,文星在,1
2380,星在何,1
2381,在何處,1
2382,何處武,1
2383,處武牢,1
2384,武牢關,1
2385,牢關外,1
2386,關外庾,1
2387,外庾公,1
2388,庾公樓,1
2389,公樓遠,1
2390,樓遠山,1
2391,遠山高,1
2392,山高枝,1
2393,高枝思,1
2394,枝思悠,1
2395,思悠哉,1
2396,悠哉重,1
2397,哉重倚,1
2398,重倚危,1
2399,危樓盡,1
2400,樓盡一,1
2401,盡一杯,1
2402,一杯謝,1
2403,杯謝守,1
2404,謝守已,1
2405,守已隨,1
2406,已隨征,1
2407,隨征詔,1
2408,征詔入,1
2409,詔入魯,1
2410,入魯儒,1
2411,魯儒猶,1
2412,儒猶逐,1
2413,猶逐斷,1
2414,逐斷蓬,1
2415,斷蓬來,1
2416,蓬來地,1
2417,來地寒,1
2418,地寒謾,1
2419,寒謾憶,1
2420,謾憶移,1
2421,憶移暄,1
2422,移暄手,1
2423,暄手時,1
2424,手時急,1
2425,時急方,1
2426,急方須,1
2427,方須濟,1
2428,須濟世,1
2429,濟世才,1
2430,世才宣,1
2431,才宣室,1
2432,宣室夜,1
2433,室夜闌,1
2434,夜闌如,1
2435,闌如有,1
2436,如有問,1
2437,有問可,1
2438,問可能,1
2439,可能全,1
2440,能全忘,1
2441,全忘未,1
2442,忘未然,1
2443,未然灰,1
2444,然灰烏,1
2445,灰烏噪,1
2446,烏噪殘,1
2447,噪殘陽,1
2448,殘陽草,1
2449,陽草滿,1
2450,草滿庭,1
2451,滿庭此,1
2452,庭此中,1
2453,此中枯,1
2454,中枯木,1
2455,枯木似,1
2456,木似人,1
2457,似人形,1
2458,人形只,1
2459,形只應,1
2460,只應神,1
2461,應神物,1
2462,神物長,1
2463,物長為,1
2464,長為主,1
2465,為主未,1
2466,主未必,1
2467,未必浮,1
2468,必浮槎,1
2469,浮槎即,1
2470,槎即有,1
2471,即有靈,1
2472,有靈八,1
2473,靈八月,1
2474,八月風,1
2475,月風波,1
2476,風波飄,1
2477,波飄不,1
2478,飄不去,1
2479,不去四,1
2480,去四時,1
2481,四時黍,1
2482,時黍稷,1
2483,黍稷薦,1
2484,稷薦惟,1
2485,薦惟馨,1
2486,惟馨南,1
2487,馨南朝,1
2488,南朝庾,1
2489,朝庾信,1
2490,庾信無,1
2491,信無因,1
2492,無因賦,1
2493,因賦牢,1
2494,賦牢落,1
2495,牢落祠,1
2496,落祠前,1
2497,祠前水,1
2498,前水氣,1
2499,水氣腥,1
2500,氣腥孺,1
2501,腥孺亭,1
2502,孺亭滕,1
2503,亭滕閣,1
2504,滕閣少,1
2505,閣少踟,1
2506,少踟躕,1
2507,踟躕三,1
2508,躕三度,1
2509,三度南,1
2510,度南遊,1
2511,南遊一,1
2512,遊一事,1
2513,一事無,1
2514,事無只,1
2515,無只覺,1
2516,只覺流,1
2517,覺流年,1
2518,流年如,1
2519,年如鳥,1
2520,如鳥逝,1
2521,鳥逝不,1
2522,逝不知,1
2523,處有龍,1
2524,有龍屠,1
2525,龍屠雲,1
2526,屠雲歸,1
2527,雲歸洪,1
2528,歸洪井,1
2529,洪井枝,1
2530,井枝柯,1
2531,枝柯斂,1
2532,柯斂水,1
2533,斂水下,1
2534,水下漳,1
2535,下漳江,1
2536,漳江氣,1
2537,江氣色,1
2538,氣色粗,1
2539,色粗賴,1
2540,粗賴得,1
2541,賴得與,1
2542,得與君,1
2543,與君同,1
2544,君同此,1
2545,同此醉,1
2546,此醉醒,1
2547,醉醒來,1
2548,醒來愁,1
2549,來愁被,1
2550,愁被鬼,1
2551,被鬼揶,1
2552,鬼揶揄,1
2553,揶揄吳,1
2554,揄吳門,1
2555,吳門此,1
2556,門此去,1
2557,此去逾,1
2558,去逾千,1
2559,千里湘,1
2560,里湘浦,1
2561,湘浦離,1
2562,浦離來,1
2563,離來想,1
2564,來想數,1
2565,想數旬,1
2566,數旬只,1
2567,旬只見,1
2568,只見風,1
2569,見風師,1
2570,風師長,1
2571,師長占,1
2572,長占路,1
2573,占路不,1
2574,路不知,1
2575,不知青,1
2576,知青帝,1
2577,青帝已,1
2578,帝已行,1
2579,已行春,1
2580,行春危,1
2581,春危憐,1
2582,危憐壞,1
2583,憐壞堞,1
2584,壞堞猶,1
2585,堞猶遮,1
2586,猶遮水,1
2587,遮水狂,1
2588,水狂愛,1
2589,狂愛寒,1
2590,愛寒梅,1
2591,寒梅欲,1
2592,梅欲傍,1
2593,欲傍人,1
2594,傍人事,1
2595,人事往,1
2596,事往時,1
2597,往時移,1
2598,時移何,1
2599,移何足,1
2600,何足問,1
2601,足問且,1
2602,問且憑,1
2603,且憑村,1
2604,憑村酒,1
2605,村酒暖,1
2606,酒暖精,1
2607,暖精神,1
2608,精神旅,1
2609,神旅榜,1
2610,旅榜前,1
2611,榜前年,1
2612,前年過,1
2613,年過洞,1
2614,過洞庭,1
2615,洞庭曾,1
2616,庭曾提,1
2617,曾提刀,1
2618,提刀筆,1
2619,筆事甘,1
2620,事甘寧,1
2621,甘寧玳,1
2622,寧玳筵,1
2623,玳筵離,1
2624,筵離隔,1
2625,離隔將,1
2626,隔將軍,1
2627,將軍幕,1
2628,軍幕朱,1
2629,幕朱履,1
2630,朱履頻,1
2631,履頻窺,1
2632,頻窺處,1
2633,窺處士,1
2634,處士星,1
2635,士星恩,1
2636,星恩重,1
2637,恩重匣,1
2638,重匣中,1
2639,匣中孤,1
2640,中孤劍,1
2641,孤劍在,1
2642,劍在夢,1
2643,在夢餘,1
2644,夢餘江,1
2645,餘江畔,1
2646,江畔數,1
2647,畔數峰,1
2648,數峰青,1
2649,峰青金,1
2650,青金貂,1
2651,金貂見,1
2652,貂見服,1
2653,見服嘉,1
2654,服嘉賓,1
2655,嘉賓散,1
2656,賓散回,1
2657,散回首,1
2658,回首昭,1
2659,首昭丘,1
2660,昭丘一,1
2661,丘一涕,1
2662,一涕零,1
2663,涕零儉,1
2664,零儉蓮,1
2665,儉蓮高,1
2666,蓮高貴,1
2667,高貴九,1
2668,貴九霄,1
2669,九霄聞,1
2670,霄聞粲,1
2671,聞粲粲,1
2672,粲粲朱,1
2673,粲朱衣,1
2674,朱衣降,1
2675,衣降五,1
2676,降五雲,1
2677,五雲驄,1
2678,雲驄馬,1
2679,驄馬早,1
2680,馬早年,1
2681,早年曾,1
2682,年曾避,1
2683,曾避路,1
2684,避路銀,1
2685,路銀魚,1
2686,銀魚今,1
2687,今日且,1
2688,日且從,1
2689,且從軍,1
2690,從軍禦,1
2691,軍禦題,1
2692,禦題彩,1
2693,題彩服,1
2694,彩服垂,1
2695,服垂天,1
2696,垂天眷,1
2697,天眷袍,1
2698,眷袍展,1
2699,袍展花,1
2700,展花心,1
2701,花心透,1
2702,心透縠,1
2703,透縠紋,1
2704,縠紋應,1
2705,紋應笑,1
2706,應笑當,1
2707,笑當年,1
2708,當年老,1
2709,年老萊,1
2710,老萊子,1
2711,萊子鮮,1
2712,子鮮華,1
2713,鮮華都,1
2714,華都自,1
2715,都自降,1
2716,自降明,1
2717,降明君,1
2718,明君樹,1
2719,君樹遠,1
2720,樹遠連,1
2721,遠連天,1
2722,連天水,1
2723,天水接,1
2724,水接空,1
2725,接空幾,1
2726,空幾年,1
2727,幾年行,1
2728,年行樂,1
2729,行樂舊,1
2730,樂舊隋,1
2731,舊隋宮,1
2732,隋宮花,1
2733,宮花開,1
2734,花開花,1
2735,開花謝,1
2736,花謝還,1
2737,謝還如,1
2738,如此人,1
2739,此人去,1
2740,人去人,1
2741,去人來,1
2742,人來自,1
2743,來自不,1
2744,自不同,1
2745,不同鸞,1
2746,同鸞鳳,1
2747,鸞鳳調,1
2748,鳳調高,1
2749,調高何,1
2750,高何處,1
2751,何處酒,1
2752,處酒吳,1
2753,酒吳牛,1
2754,吳牛蹄,1
2755,牛蹄健,1
2756,蹄健滿,1
2757,健滿車,1
2758,滿車風,1
2759,車風思,1
2760,風思量,1
2761,思量只,1
2762,量只合,1
2763,只合騰,1
2764,合騰騰,1
2765,騰騰醉,1
2766,騰醉煮,1
2767,醉煮海,1
2768,煮海平,1
2769,海平陳,1
2770,平陳一,1
2771,陳一夢,1
2772,一夢中,1
2773,夢中層,1
2774,中層層,1
2775,層層高,1
2776,層高閣,1
2777,高閣舊,1
2778,閣舊瀛,1
2779,舊瀛洲,1
2780,瀛洲此,1
2781,洲此地,1
2782,此地須,1
2783,地須征,1
2784,須征第,1
2785,征第一,1
2786,第一流,1
2787,一流丞,1
2788,流丞相,1
2789,丞相近,1
2790,相近年,1
2791,近年縈,1
2792,年縈倚,1
2793,縈倚望,1
2794,倚望重,1
2795,重才今,1
2796,才今日,1
2797,今日喜,1
2798,日喜遨,1
2799,喜遨遊,1
2800,遨遊榮,1
2801,遊榮持,1
2802,榮持健,1
2803,持健筆,1
2804,健筆金,1
2805,筆金黃,1
2806,金黃貴,1
2807,黃貴恨,1
2808,貴恨咽,1
2809,恨咽離,1
2810,咽離筵,1
2811,離筵管,1
2812,筵管吹,1
2813,管吹秋,1
2814,吹秋誰,1
2815,秋誰繼,1
2816,誰繼伊,1
2817,繼伊皋,1
2818,伊皋送,1
2819,皋送行,1
2820,送行句,1
2821,行句梁,1
2822,句梁王,1
2823,梁王詩,1
2824,王詩好,1
2825,詩好郢,1
2826,好郢人,1
2827,郢人愁,1
2828,人愁四,1
2829,愁四海,1
2830,四海兵,1
2831,海兵戈,1
2832,兵戈尚,1
2833,戈尚未,1
2834,尚未甯,1
2835,未甯始,1
2836,甯始於,1
2837,始於雲,1
2838,於雲外,1
2839,雲外學,1
2840,外學儀,1
2841,學儀形,1
2842,儀形九,1
2843,形九天,1
2844,九天玄,1
2845,天玄女,1
2846,玄女猶,1
2847,女猶無,1
2848,猶無聖,1
2849,無聖後,1
2850,聖後土,1
2851,後土夫,1
2852,土夫人,1
2853,夫人豈,1
2854,人豈有,1
2855,豈有靈,1
2856,有靈一,1
2857,靈一帶,1
2858,一帶好,1
2859,帶好雲,1
2860,好雲侵,1
2861,雲侵鬢,1
2862,侵鬢綠,1
2863,鬢綠兩,1
2864,綠兩層,1
2865,兩層危,1
2866,層危岫,1
2867,危岫拂,1
2868,岫拂眉,1
2869,拂眉青,1
2870,眉青韋,1
2871,青韋郎,1
2872,韋郎年,1
2873,郎年少,1
2874,年少知,1
2875,少知何,1
2876,知何在,1
2877,何在端,1
2878,在端坐,1
2879,端坐思,1
2880,坐思量,1
2881,量太白,1
2882,太白經,1
2883,白經冷,1
2884,經冷煙,1
2885,冷煙輕,1
2886,煙輕淡,1
2887,輕淡傍,1
2888,淡傍衰,1
2889,傍衰叢,1
2890,衰叢此,1
2891,叢此夕,1
2892,此夕秦,1
2893,夕秦淮,1
2894,秦淮駐,1
2895,淮駐斷,1
2896,駐斷蓬,1
2897,斷蓬棲,1
2898,蓬棲雁,1
2899,棲雁遠,1
2900,雁遠驚,1
2901,遠驚沽,1
2902,驚沽酒,1
2903,沽酒火,1
2904,酒火亂,1
2905,火亂鴉,1
2906,亂鴉高,1
2907,鴉高避,1
2908,高避落,1
2909,避落帆,1
2910,落帆風,1
2911,帆風地,1
2912,風地銷,1
2913,地銷王,1
2914,銷王氣,1
2915,王氣波,1
2916,氣波聲,1
2917,波聲急,1
2918,聲急山,1
2919,急山帶,1
2920,山帶秋,1
2921,帶秋陰,1
2922,秋陰樹,1
2923,陰樹影,1
2924,樹影空,1
2925,影空六,1
2926,空六代,1
2927,六代精,1
2928,代精靈,1
2929,精靈人,1
2930,靈人不,1
2931,不見思,1
2932,見思量,1
2933,量應在,1
2934,應在月,1
2935,在月明,1
2936,月明中,1
2937,明中寒,1
2938,中寒江,1
2939,寒江九,1
2940,江九派,1
2941,九派轉,1
2942,派轉城,1
2943,轉城樓,1
2944,城樓東,1
2945,樓東下,1
2946,東下鐘,1
2947,下鐘陵,1
2948,鐘陵第,1
2949,陵第一,1
2950,第一州,1
2951,一州人,1
2952,州人自,1
2953,人自中,1
2954,自中台,1
2955,中台方,1
2956,台方貴,1
2957,方貴盛,1
2958,貴盛地,1
2959,盛地從,1
2960,地從西,1
2961,從西晉,1
2962,西晉即,1
2963,晉即風,1
2964,即風流,1
2965,風流舊,1
2966,流舊班,1
2967,舊班久,1
2968,班久望,1
2969,久望鵷,1
2970,望鵷晴,1
2971,鵷晴翥,1
2972,晴翥餘,1
2973,翥餘力,1
2974,力猶聞,1
2975,猶聞虎,1
2976,聞虎夜,1
2977,虎夜浮,1
2978,夜浮應,1
2979,浮應恨,1
2980,應恨屬,1
2981,恨屬官,1
2982,屬官無,1
2983,官無健,1
2984,無健令,1
2985,健令異,1
2986,令異時,1
2987,異時佳,1
2988,時佳節,1
2989,佳節阻,1
2990,節阻閒,1
2991,阻閒遊,1
2992,閒遊滿,1
2993,遊滿檻,1
2994,滿檻山,1
2995,檻山川,1
2996,山川漾,1
2997,川漾落,1
2998,漾落暉,1
2999,落暉檻,1
3000,暉檻前,1
3001,檻前前,1
3002,前前事,1
3003,前事去,1
3004,事去如,1
3005,如飛雲,1
3006,飛雲中,1
3007,雲中雞,1
3008,中雞犬,1
3009,雞犬劉,1
3010,犬劉安,1
3011,劉安過,1
3012,安過月,1
3013,過月裏,1
3014,月裏笙,1
3015,裏笙歌,1
3016,笙歌煬,1
3017,歌煬帝,1
3018,煬帝歸,1
3019,帝歸江,1
3020,歸江蹙,1
3021,江蹙海,1
3022,蹙海門,1
3023,海門帆,1
3024,門帆散,1
3025,帆散去,1
3026,散去地,1
3027,去地吞,1
3028,地吞淮,1
3029,吞淮口,1
3030,淮口樹,1
3031,口樹相,1
3032,樹相依,1
3033,相依紅,1
3034,依紅樓,1
3035,紅樓翠,1
3036,樓翠幕,1
3037,翠幕知,1
3038,幕知多,1
3039,多少長,1
3040,少長向,1
3041,長向東,1
3042,向東風,1
3043,東風有,1
3044,風有是,1
3045,有是非,1
3046,是非往,1
3047,非往歲,1
3048,往歲先,1
3049,歲先皇,1
3050,先皇馭,1
3051,皇馭九,1
3052,馭九州,1
3053,九州侍,1
3054,州侍臣,1
3055,侍臣才,1
3056,臣才業,1
3057,才業最,1
3058,業最風,1
3059,最風流,1
3060,風流文,1
3061,流文窮,1
3062,文窮典,1
3063,窮典誥,1
3064,典誥雖,1
3065,誥雖餘,1
3066,雖餘力,1
3067,餘力俗,1
3068,力俗致,1
3069,俗致雍,1
3070,致雍熙,1
3071,雍熙盡,1
3072,熙盡密,1
3073,盡密謀,1
3074,密謀蘭,1
3075,謀蘭省,1
3076,蘭省換,1
3077,省換班,1
3078,換班青,1
3079,班青作,1
3080,青作綬,1
3081,作綬柏,1
3082,綬柏台,1
3083,柏台前,1
3084,台前引,1
3085,前引絳,1
3086,引絳為,1
3087,絳為鞲,1
3088,為鞲都,1
3089,鞲都緣,1
3090,都緣未,1
3091,緣未負,1
3092,未負江,1
3093,負江山,1
3094,江山興,1
3095,山興開,1
3096,興開濟,1
3097,開濟生,1
3098,濟生靈,1
3099,生靈校,1
3100,靈校一,1
3101,校一秋,1
3102,一秋遠,1
3103,秋遠雪,1
3104,遠雪亭,1
3105,雪亭亭,1
3106,亭亭望,1
3107,亭望未,1
3108,望未銷,1
3109,未銷岳,1
3110,銷岳陽,1
3111,岳陽春,1
3112,陽春淺,1
3113,春淺似,1
3114,淺似相,1
3115,似相饒,1
3116,相饒短,1
3117,饒短蘆,1
3118,短蘆冒,1
3119,蘆冒土,1
3120,冒土初,1
3121,土初生,1
3122,初生筍,1
3123,生筍高,1
3124,筍高柳,1
3125,高柳偷,1
3126,柳偷風,1
3127,偷風已,1
3128,風已弄,1
3129,已弄條,1
3130,弄條波,1
3131,條波泛,1
3132,波泛洞,1
3133,泛洞庭,1
3134,洞庭猵,1
3135,庭猵獺,1
3136,猵獺健,1
3137,獺健谷,1
3138,健谷連,1
3139,谷連荊,1
3140,連荊楚,1
3141,荊楚鬼,1
3142,楚鬼神,1
3143,鬼神妖,1
3144,神妖中,1
3145,妖中流,1
3146,中流菱,1
3147,流菱唱,1
3148,菱唱泊,1
3149,唱泊何,1
3150,泊何處,1
3151,何處一,1
3152,處一隻,1
3153,一隻畫,1
3154,隻畫船,1
3155,畫船蘭,1
3156,船蘭作,1
3157,蘭作橈,1
3158,作橈驛,1
3159,橈驛西,1
3160,驛西斜,1
3161,西斜日,1
3162,斜日滿,1
3163,日滿窗,1
3164,滿窗前,1
3165,窗前獨,1
3166,前獨憑,1
3167,獨憑秋,1
3168,憑秋欄,1
3169,秋欄思,1
3170,欄思渺,1
3171,思渺綿,1
3172,渺綿數,1
3173,綿數尺,1
3174,數尺斷,1
3175,尺斷蓬,1
3176,斷蓬慚,1
3177,蓬慚故,1
3178,慚故國,1
3179,故國一,1
3180,國一輪,1
3181,一輪清,1
3182,輪清鏡,1
3183,清鏡泣,1
3184,鏡泣流,1
3185,泣流年,1
3186,流年已,1
3187,年已知,1
3188,已知世,1
3189,世事真,1
3190,事真徒,1
3191,真徒爾,1
3192,徒爾縱,1
3193,爾縱有,1
3194,縱有心,1
3195,有心期,1
3196,心期亦,1
3197,期亦偶,1
3198,偶然空,1
3199,然空愧,1
3200,空愧荀,1
3201,愧荀家,1
3202,荀家好,1
3203,家好兄,1
3204,好兄弟,1
3205,兄弟雁,1
3206,弟雁來,1
3207,雁來魚,1
3208,來魚去,1
3209,魚去是,1
3210,去是因,1
3211,是因緣,1
3212,因緣聖,1
3213,緣聖君,1
3214,旰望時,1
3215,望時雍,1
3216,時雍丹,1
3217,雍丹詔,1
3218,丹詔西,1
3219,詔西來,1
3220,西來雨,1
3221,來雨露,1
3222,雨露濃,1
3223,露濃宣,1
3224,濃宣父,1
3225,宣父道,1
3226,父道高,1
3227,道高休,1
3228,高休歎,1
3229,休歎鳳,1
3230,歎鳳武,1
3231,鳳武侯,1
3232,武侯才,1
3233,侯才大,1
3234,才大本,1
3235,大本吟,1
3236,本吟龍,1
3237,吟龍九,1
3238,龍九州,1
3239,九州似,1
3240,州似鼎,1
3241,似鼎終,1
3242,鼎終須,1
3243,終須負,1
3244,須負萬,1
3245,負萬物,1
3246,萬物為,1
3247,物為銅,1
3248,為銅只,1
3249,銅只待,1
3250,只待熔,1
3251,待熔臘,1
3252,熔臘後,1
3253,臘後春,1
3254,後春前,1
3255,春前更,1
3256,前更何,1
3257,何事便,1
3258,事便看,1
3259,便看經,1
3260,看經度,1
3261,經度奏,1
3262,度奏東,1
3263,奏東封,1
3264,東封野,1
3265,封野寺,1
3266,野寺疏,1
3267,寺疏鐘,1
3268,疏鐘萬,1
3269,鐘萬木,1
3270,萬木秋,1
3271,木秋偶,1
3272,秋偶尋,1
3273,偶尋題,1
3274,尋題處,1
3275,題處認,1
3276,處認名,1
3277,認名侯,1
3278,名侯官,1
3279,侯官離,1
3280,官離南,1
3281,離南郡,1
3282,南郡應,1
3283,郡應閒,1
3284,應閒暇,1
3285,閒暇地,1
3286,暇地勝,1
3287,地勝東,1
3288,勝東山,1
3289,東山想,1
3290,山想駐,1
3291,想駐留,1
3292,駐留百,1
3293,留百醆,1
3294,百醆濃,1
3295,醆濃醪,1
3296,濃醪成,1
3297,醪成別,1
3298,成別夢,1
3299,別夢兩,1
3300,夢兩行,1
3301,兩行垂,1
3302,行垂露,1
3303,垂露浣,1
3304,露浣羈,1
3305,浣羈愁,1
3306,羈愁心,1
3307,愁心知,1
3308,心知只,1
3309,知只有,1
3310,只有韋,1
3311,有韋公,1
3312,韋公在,1
3313,公在更,1
3314,在更對,1
3315,更對真,1
3316,對真蹤,1
3317,真蹤話,1
3318,蹤話舊,1
3319,話舊遊,1
3320,舊遊煙,1
3321,遊煙水,1
3322,煙水濛,1
3323,水濛濛,1
3324,濛濛接,1
3325,濛接板,1
3326,接板橋,1
3327,板橋數,1
3328,橋數年,1
3329,數年經,1
3330,年經歷,1
3331,經歷駐,1
3332,歷駐征,1
3333,駐征橈,1
3334,征橈醉,1
3335,橈醉憑,1
3336,醉憑危,1
3337,危檻波,1
3338,檻波千,1
3339,波千頃,1
3340,千頃愁,1
3341,頃愁倚,1
3342,愁倚長,1
3343,倚長亭,1
3344,長亭柳,1
3345,亭柳萬,1
3346,柳萬條,1
3347,萬條別,1
3348,條別後,1
3349,別後故,1
3350,故人冠,1
3351,人冠獬,1
3352,冠獬豸,1
3353,獬豸病,1
3354,豸病來,1
3355,病來知,1
3356,來知己,1
3357,知己賞,1
3358,己賞鷦,1
3359,賞鷦鷯,1
3360,鷦鷯清,1
3361,鷯清流,1
3362,清流夾,1
3363,流夾宅,1
3364,夾宅千,1
3365,宅千家,1
3366,千家住,1
3367,家住會,1
3368,住會待,1
3369,會待閑,1
3370,待閑乘,1
3371,閑乘一,1
3372,乘一信,1
3373,一信潮,1
3374,信潮蟾,1
3375,潮蟾宮,1
3376,蟾宮虎,1
3377,宮虎穴,1
3378,虎穴兩,1
3379,穴兩皆,1
3380,兩皆休,1
3381,皆休來,1
3382,休來憑,1
3383,來憑危,1
3384,憑危欄,1
3385,危欄送,1
3386,欄送遠,1
3387,送遠愁,1
3388,遠愁多,1
3389,愁多事,1
3390,多事林,1
3391,事林鶯,1
3392,林鶯還,1
3393,鶯還謾,1
3394,還謾語,1
3395,謾語薄,1
3396,語薄情,1
3397,薄情邊,1
3398,情邊雁,1
3399,邊雁不,1
3400,雁不回,1
3401,回頭春,1
3402,頭春融,1
3403,春融只,1
3404,融只待,1
3405,只待乾,1
3406,待乾坤,1
3407,乾坤醉,1
3408,坤醉水,1
3409,醉水闊,1
3410,水闊深,1
3411,闊深知,1
3412,深知世,1
3413,知世界,1
3414,世界浮,1
3415,界浮欲,1
3416,浮欲共,1
3417,欲共高,1
3418,共高僧,1
3419,高僧話,1
3420,僧話心,1
3421,話心跡,1
3422,心跡野,1
3423,跡野花,1
3424,野花芳,1
3425,花芳草,1
3426,芳草奈,1
3427,草奈相,1
3428,相尤此,1
3429,尤此日,1
3430,此日蓬,1
3431,日蓬壺,1
3432,蓬壺兩,1
3433,壺兩日,1
3434,兩日程,1
3435,日程當,1
3436,程當時,1
3437,當時消,1
3438,時消息,1
3439,消息甚,1
3440,息甚分,1
3441,甚分明,1
3442,分明桃,1
3443,明桃須,1
3444,桃須曼,1
3445,須曼倩,1
3446,曼倩催,1
3447,倩催方,1
3448,催方熟,1
3449,方熟橘,1
3450,熟橘待,1
3451,橘待洪,1
3452,待洪崖,1
3453,洪崖遣,1
3454,崖遣始,1
3455,遣始行,1
3456,始行島,1
3457,行島外,1
3458,島外音,1
3459,外音書,1
3460,音書應,1
3461,書應有,1
3462,應有意,1
3463,有意眼,1
3464,意眼前,1
3465,眼前塵,1
3466,前塵土,1
3467,塵土漸,1
3468,土漸無,1
3469,漸無情,1
3470,無情莫,1
3471,情莫教,1
3472,莫教更,1
3473,教更似,1
3474,更似山,1
3475,似山西,1
3476,山西鼠,1
3477,西鼠齧,1
3478,鼠齧破,1
3479,齧破愁,1
3480,破愁腸,1
3481,愁腸恨,1
3482,腸恨一,1
3483,恨一生,1
3484,一生晴,1
3485,生晴江,1
3486,晴江春,1
3487,江春暖,1
3488,春暖蘭,1
3489,暖蘭蕙,1
3490,蘭蕙熏,1
3491,蕙熏鳧,1
3492,熏鳧鷖,1
3493,鳧鷖苒,1
3494,鷖苒苒,1
3495,苒苒鷗,1
3496,苒鷗著,1
3497,鷗著群,1
3498,著群洛,1
3499,群洛陽,1
3500,洛陽賈,1
3501,陽賈誼,1
3502,賈誼自,1
3503,誼自無,1
3504,自無命,1
3505,無命少,1
3506,命少陵,1
3507,少陵杜,1
3508,陵杜甫,1
3509,杜甫兼,1
3510,甫兼有,1
3511,兼有文,1
3512,有文空,1
3513,文空闊,1
3514,空闊遠,1
3515,闊遠帆,1
3516,遠帆遮,1
3517,帆遮落,1
3518,遮落日,1
3519,落日蒼,1
3520,日蒼茫,1
3521,蒼茫野,1
3522,茫野樹,1
3523,野樹礙,1
3524,樹礙歸,1
3525,礙歸雲,1
3526,歸雲松,1
3527,雲松醪,1
3528,松醪酒,1
3529,醪酒好,1
3530,酒好昭,1
3531,好昭潭,1
3532,昭潭靜,1
3533,潭靜閑,1
3534,靜閑過,1
3535,閑過中,1
3536,過中流,1
3537,中流一,1
3538,流一吊,1
3539,一吊君,1
3540,吊君東,1
3541,君東南,1
3542,東南蒼,1
3543,南蒼翠,1
3544,蒼翠何,1
3545,翠何崔,1
3546,何崔嵬,1
3547,崔嵬橫,1
3548,嵬橫流,1
3549,橫流一,1
3550,流一望,1
3551,一望幽,1
3552,望幽抱,1
3553,幽抱開,1
3554,抱開影,1
3555,開影寒,1
3556,影寒已,1
3557,寒已令,1
3558,已令水,1
3559,令水底,1
3560,水底去,1
3561,底去腳,1
3562,去腳闊,1
3563,腳闊欲,1
3564,闊欲過,1
3565,欲過湖,1
3566,過湖心,1
3567,湖心來,1
3568,心來深,1
3569,來深處,1
3570,深處不,1
3571,處不唯,1
3572,不唯容,1
3573,唯容鬼,1
3574,容鬼怪,1
3575,鬼怪暗,1
3576,怪暗中,1
3577,暗中兼,1
3578,中兼恐,1
3579,兼恐有,1
3580,恐有風,1
3581,有風雷,1
3582,風雷仙,1
3583,雷仙人,1
3584,仙人往,1
3585,人往往,1
3586,往往今,1
3587,往今誰,1
3588,今誰在,1
3589,誰在紅,1
3590,在紅杏,1
3591,紅杏花,1
3592,杏花香,1
3593,花香重,1
3594,香重首,1
3595,重首回,1
3596,首回二,1
3597,回二年,1
3598,二年岐,1
3599,年岐路,1
3600,岐路有,1
3601,路有西,1
3602,有西東,1
3603,西東長,1
3604,東長憶,1
3605,長憶優,1
3606,憶優遊,1
3607,優遊楚,1
3608,遊楚驛,1
3609,楚驛中,1
3610,驛中虎,1
3611,中虎帳,1
3612,虎帳談,1
3613,帳談高,1
3614,談高無,1
3615,高無客,1
3616,無客繼,1
3617,客繼馬,1
3618,馬卿官,1
3619,卿官傲,1
3620,官傲少,1
3621,傲少人,1
3622,少人同,1
3623,人同世,1
3624,同世危,1
3625,世危肯,1
3626,危肯使,1
3627,肯使依,1
3628,使依劉,1
3629,依劉表,1
3630,劉表山,1
3631,表山好,1
3632,山好猶,1
3633,好猶能,1
3634,猶能憶,1
3635,能憶謝,1
3636,憶謝公,1
3637,謝公此,1
3638,公此去,1
3639,此去此,1
3640,去此恩,1
3641,此恩言,1
3642,恩言不,1
3643,不得謾,1
3644,得謾將,1
3645,謾將閑,1
3646,將閑淚,1
3647,閑淚對,1
3648,淚對春,1
3649,對春風,1
3650,春風蠻,1
3651,風蠻箋,1
3652,蠻箋象,1
3653,箋象管,1
3654,象管夜,1
3655,管夜深,1
3656,夜深時,1
3657,深時曾,1
3658,時曾賦,1
3659,曾賦陳,1
3660,賦陳宮,1
3661,陳宮第,1
3662,宮第一,1
3663,第一詩,1
3664,一詩宴,1
3665,詩宴罷,1
3666,宴罷風,1
3667,罷風流,1
3668,風流人,1
3669,流人不,1
3670,不見廢,1
3671,見廢來,1
3672,廢來蹤,1
3673,來蹤跡,1
3674,蹤跡草,1
3675,跡草應,1
3676,草應知,1
3677,應知鶯,1
3678,知鶯憐,1
3679,鶯憐勝,1
3680,憐勝事,1
3681,勝事啼,1
3682,事啼空,1
3683,啼空巷,1
3684,空巷蝶,1
3685,巷蝶戀,1
3686,蝶戀餘,1
3687,戀餘香,1
3688,餘香舞,1
3689,香舞好,1
3690,舞好枝,1
3691,好枝還,1
3692,還有往,1
3693,有往年,1
3694,往年金,1
3695,年金甃,1
3696,金甃井,1
3697,甃井牧,1
3698,井牧童,1
3699,牧童樵,1
3700,童樵叟,1
3701,樵叟等,1
3702,叟等閒,1
3703,等閒窺,1
3704,閒窺海,1
3705,窺海槎,1
3706,海槎閒,1
3707,槎閒暇,1
3708,閒暇閬,1
3709,暇閬風,1
3710,閬風輕,1
3711,風輕不,1
3712,輕不是,1
3713,不是安,1
3714,是安流,1
3715,安流不,1
3716,流不肯,1
3717,肯行雞,1
3718,行雞省,1
3719,雞省露,1
3720,省露濃,1
3721,露濃湯,1
3722,濃湯餅,1
3723,湯餅熟,1
3724,餅熟鳳,1
3725,熟鳳池,1
3726,鳳池煙,1
3727,池煙暖,1
3728,煙暖詔,1
3729,暖詔書,1
3730,詔書成,1
3731,書成漁,1
3732,成漁籌,1
3733,漁籌已,1
3734,籌已合,1
3735,已合光,1
3736,合光儒,1
3737,光儒夢,1
3738,儒夢堯,1
3739,夢堯印,1
3740,堯印何,1
3741,印何妨,1
3742,何妨且,1
3743,妨且治,1
3744,且治兵,1
3745,治兵會,1
3746,兵會待,1
3747,會待兩,1
3748,待兩都,1
3749,兩都收,1
3750,都收復,1
3751,收復後,1
3752,復後右,1
3753,後右圖,1
3754,右圖儀,1
3755,圖儀錶,1
3756,儀錶左,1
3757,錶左題,1
3758,左題名,1
3759,題名黃,1
3760,名黃塵,1
3761,黃塵初,1
3762,塵初起,1
3763,初起此,1
3764,起此留,1
3765,此留連,1
3766,留連火,1
3767,連火耨,1
3768,火耨刀,1
3769,耨刀耕,1
3770,刀耕六,1
3771,耕六七,1
3772,六七年,1
3773,七年雨,1
3774,年雨夜,1
3775,雨夜老,1
3776,夜老農,1
3777,老農傷,1
3778,農傷水,1
3779,傷水旱,1
3780,水旱雪,1
3781,旱雪晴,1
3782,雪晴漁,1
3783,晴漁父,1
3784,漁父共,1
3785,父共舟,1
3786,共舟船,1
3787,舟船已,1
3788,船已悲,1
3789,已悲世,1
3790,悲世亂,1
3791,世亂身,1
3792,亂身須,1
3793,身須去,1
3794,須去肯,1
3795,去肯愧,1
3796,肯愧途,1
3797,愧途危,1
3798,途危跡,1
3799,危跡屢,1
3800,跡屢遷,1
3801,屢遷卻,1
3802,遷卻是,1
3803,卻是九,1
3804,是九華,1
3805,華山有,1
3806,山有意,1
3807,有意列,1
3808,意列行,1
3809,列行相,1
3810,行相送,1
3811,相送到,1
3812,送到江,1
3813,江邊八,1
3814,邊八都,1
3815,八都上,1
3816,都上將,1
3817,上將近,1
3818,將近平,1
3819,近平戎,1
3820,平戎便,1
3821,戎便附,1
3822,便附輶,1
3823,附輶軒,1
3824,輶軒奏,1
3825,軒奏聖,1
3826,奏聖聰,1
3827,聖聰三,1
3828,聰三接,1
3829,三接駕,1
3830,接駕前,1
3831,駕前朝,1
3832,前朝覲,1
3833,朝覲禮,1
3834,覲禮一,1
3835,禮一函,1
3836,一函江,1
3837,函江表,1
3838,江表戰,1
3839,表戰征,1
3840,戰征功,1
3841,征功雲,1
3842,功雲間,1
3843,雲間閬,1
3844,間閬苑,1
3845,閬苑何,1
3846,苑何時,1
3847,何時見,1
3848,時見水,1
3849,見水底,1
3850,水底瑤,1
3851,底瑤池,1
3852,瑤池觸,1
3853,池觸處,1
3854,觸處通,1
3855,處通知,1
3856,通知有,1
3857,知有殿,1
3858,有殿庭,1
3859,殿庭餘,1
3860,庭餘力,1
3861,餘力在,1
3862,力在莫,1
3863,在莫辭,1
3864,莫辭消,1
3865,辭消息,1
3866,消息寄,1
3867,息寄西,1
3868,寄西風,1
3869,西風舊,1
3870,風舊遊,1
3871,舊遊不,1
3872,遊不合,1
3873,不合到,1
3874,合到心,1
3875,到心中,1
3876,心中把,1
3877,中把得,1
3878,把得君,1
3879,得君詩,1
3880,君詩意,1
3881,詩意亦,1
3882,意亦同,1
3883,亦同水,1
3884,同水館,1
3885,水館酒,1
3886,館酒闌,1
3887,酒闌清,1
3888,闌清夜,1
3889,清夜月,1
3890,夜月香,1
3891,月香街,1
3892,香街人,1
3893,街人散,1
3894,人散白,1
3895,散白楊,1
3896,楊風長,1
3897,風長繩,1
3898,長繩系,1
3899,繩系日,1
3900,系日雖,1
3901,日雖難,1
3902,雖難絆,1
3903,難絆辨,1
3904,絆辨口,1
3905,辨口談,1
3906,口談天,1
3907,談天不,1
3908,天不易,1
3909,不易窮,1
3910,易窮世,1
3911,窮世事,1
3912,世事自,1
3913,事自隨,1
3914,自隨蓬,1
3915,隨蓬轉,1
3916,蓬轉在,1
3917,轉在思,1
3918,在思量,1
3919,思量何,1
3920,量何處,1
3921,處是飛,1
3922,是飛蓬,1
3923,飛蓬一,1
3924,蓬一片,1
3925,一片絲,1
3926,片絲羅,1
3927,絲羅洞,1
3928,羅洞房,1
3929,洞房西,1
3930,房西室,1
3931,西室女,1
3932,室女工,1
3933,女工勞,1
3934,工勞花,1
3935,勞花隨,1
3936,花隨玉,1
3937,隨玉指,1
3938,玉指添,1
3939,指添春,1
3940,添春色,1
3941,春色鳥,1
3942,色鳥逐,1
3943,鳥逐金,1
3944,逐金針,1
3945,金針長,1
3946,針長羽,1
3947,長羽毛,1
3948,羽毛蜀,1
3949,毛蜀錦,1
3950,蜀錦謾,1
3951,錦謾誇,1
3952,謾誇聲,1
3953,誇聲自,1
3954,聲自貴,1
3955,自貴越,1
3956,貴越綾,1
3957,越綾虛,1
3958,綾虛說,1
3959,虛說價,1
3960,說價功,1
3961,價功高,1
3962,功高可,1
3963,高可中,1
3964,可中用,1
3965,中用作,1
3966,用作鴛,1
3967,作鴛鴦,1
3968,鴛鴦被,1
3969,鴦被紅,1
3970,被紅葉,1
3971,紅葉枝,1
3972,葉枝枝,1
3973,枝枝不,1
3974,枝不礙,1
3975,不礙刀,1
3976,礙刀家,1
3977,刀家國,1
3978,家國興,1
3979,國興亡,1
3980,興亡自,1
3981,亡自有,1
3982,自有時,1
3983,有時吳,1
3984,時吳人,1
3985,吳人何,1
3986,人何苦,1
3987,何苦怨,1
3988,苦怨西,1
3989,怨西施,1
3990,西施得,1
3991,施得即,1
3992,得即高,1
3993,即高歌,1
3994,高歌失,1
3995,歌失即,1
3996,失即休,1
3997,即休多,1
3998,休多愁,1
3999,多愁多,1
4000,愁多恨,1
4001,多恨亦,1
4002,恨亦悠,1
4003,亦悠悠,1
4004,悠悠今,1
4005,悠今朝,1
4006,今朝有,1
4007,朝有酒,1
4008,有酒今,1
4009,酒今朝,1
4010,今朝醉,1
4011,朝醉明,1
4012,醉明日,1
4013,日愁來,1
4014,愁來明,1
4015,來明日,1
4016,日愁白,1
4017,愁白似,1
4018,白似瓊,1
4019,似瓊瑤,1
4020,瓊瑤滑,1
4021,瑤滑似,1
4022,滑似苔,1
4023,似苔隨,1
4024,苔隨梳,1
4025,隨梳伴,1
4026,梳伴鏡,1
4027,伴鏡拂,1
4028,鏡拂塵,1
4029,拂塵埃,1
4030,塵埃莫,1
4031,埃莫言,1
4032,莫言此,1
4033,言此個,1
4034,此個尖,1
4035,個尖頭,1
4036,尖頭物,1
4037,頭物幾,1
4038,物幾度,1
4039,幾度撩,1
4040,度撩人,1
4041,撩人惡,1
4042,人惡發,1
4043,惡發來,1
4044,發來強,1
4045,來強歌,1
4046,強歌強,1
4047,歌強舞,1
4048,強舞竟,1
4049,舞竟難,1
4050,竟難勝,1
4051,難勝花,1
4052,勝花落,1
4053,花落花,1
4054,落花開,1
4055,花開淚,1
4056,開淚滿,1
4057,淚滿膺,1
4058,滿膺只,1
4059,膺只合,1
4060,只合當,1
4061,合當年,1
4062,當年伴,1
4063,年伴君,1
4064,伴君死,1
4065,君死免,1
4066,死免交,1
4067,免交憔,1
4068,交憔悴,1
4069,憔悴望,1
4070,悴望西,1
4071,望西陵,1
4072,西陵莫,1
4073,陵莫恨,1
4074,莫恨雕,1
4075,恨雕籠,1
4076,雕籠翠,1
4077,籠翠羽,1
4078,翠羽殘,1
4079,羽殘江,1
4080,殘江南,1
4081,江南地,1
4082,南地暖,1
4083,地暖隴,1
4084,暖隴西,1
4085,隴西寒,1
4086,西寒勸,1
4087,寒勸君,1
4088,勸君不,1
4089,君不用,1
4090,不用分,1
4091,用分明,1
4092,分明語,1
4093,明語語,1
4094,語語得,1
4095,語得分,1
4096,得分明,1
4097,分明出,1
4098,明出轉,1
4099,出轉難,1
4100,轉難占,1
4101,難占得,1
4102,占得佳,1
4103,得佳名,1
4104,佳名繞,1
4105,名繞樹,1
4106,繞樹芳,1
4107,樹芳依,1
4108,芳依依,1
4109,依依相,1
4110,依相伴,1
4111,相伴向,1
4112,伴向秋,1
4113,向秋光,1
4114,秋光若,1
4115,光若教,1
4116,若教此,1
4117,教此物,1
4118,此物堪,1
4119,物堪收,1
4120,堪收貯,1
4121,收貯應,1
4122,貯應被,1
4123,應被豪,1
4124,被豪門,1
4125,豪門盡,1
4126,門盡劚,1
4127,盡劚將,1
4128,劚將天,1
4129,將天賜,1
4130,天賜胭,1
4131,賜胭脂,1
4132,胭脂一,1
4133,脂一抹,1
4134,一抹腮,1
4135,抹腮盤,1
4136,腮盤中,1
4137,盤中磊,1
4138,中磊落,1
4139,磊落笛,1
4140,落笛中,1
4141,笛中哀,1
4142,中哀雖,1
4143,哀雖然,1
4144,雖然未,1
4145,然未得,1
4146,未得和,1
4147,得和羹,1
4148,和羹便,1
4149,羹便曾,1
4150,便曾與,1
4151,曾與將,1
4152,與將軍,1
4153,將軍止,1
4154,軍止渴,1
4155,止渴來,1
4156,渴來出,1
4157,來出馴,1
4158,出馴桑,1
4159,馴桑雉,1
4160,桑雉入,1
4161,雉入朝,1
4162,入朝簪,1
4163,朝簪簫,1
4164,簪簫灑,1
4165,簫灑清,1
4166,灑清名,1
4167,清名映,1
4168,名映士,1
4169,映士林,1
4170,士林近,1
4171,林近日,1
4172,近日篇,1
4173,日篇章,1
4174,篇章欺,1
4175,章欺白,1
4176,欺白雪,1
4177,白雪早,1
4178,雪早年,1
4179,早年詞,1
4180,年詞賦,1
4181,詞賦得,1
4182,賦得黃,1
4183,得黃金,1
4184,黃金桂,1
4185,金桂堂,1
4186,桂堂縱,1
4187,堂縱道,1
4188,縱道探,1
4189,道探龍,1
4190,探龍頷,1
4191,龍頷蘭,1
4192,頷蘭省,1
4193,蘭省何,1
4194,省何曾,1
4195,何曾駐,1
4196,曾駐鶴,1
4197,駐鶴心,1
4198,鶴心離,1
4199,心離亂,1
4200,離亂事,1
4201,亂事多,1
4202,事多人,1
4203,多人不,1
4204,不會酒,1
4205,會酒濃,1
4206,酒濃花,1
4207,濃花暖,1
4208,花暖且,1
4209,暖且閑,1
4210,且閑吟,1
4211,閑吟下,1
4212,吟下盤,1
4213,下盤空,1
4214,盤空跡,1
4215,空跡上,1
4216,跡上雲,1
4217,上雲浮,1
4218,雲浮偶,1
4219,浮偶逐,1
4220,偶逐僧,1
4221,逐僧行,1
4222,僧行步,1
4223,行步步,1
4224,步步愁,1
4225,步愁暫,1
4226,愁暫憩,1
4227,暫憩已,1
4228,憩已知,1
4229,已知須,1
4230,知須用,1
4231,須用意,1
4232,用意漸,1
4233,意漸來,1
4234,漸來爭,1
4235,來爭忍,1
4236,爭忍不,1
4237,忍不回,1
4238,回頭煙,1
4239,頭煙中,1
4240,煙中樹,1
4241,中樹老,1
4242,樹老重,1
4243,老重江,1
4244,重江晚,1
4245,江晚鐸,1
4246,晚鐸外,1
4247,鐸外風,1
4248,外風輕,1
4249,風輕四,1
4250,輕四境,1
4251,四境秋,1
4252,境秋懶,1
4253,秋懶指,1
4254,懶指台,1
4255,指台城,1
4256,台城更,1
4257,城更東,1
4258,更東望,1
4259,東望鵲,1
4260,望鵲飛,1
4261,鵲飛龍,1
4262,飛龍鬥,1
4263,龍鬥盡,1
4264,鬥盡荒,1
4265,盡荒丘,1
4266,荒丘草,1
4267,丘草堂,1
4268,草堂何,1
4269,堂何處,1
4270,何處試,1
4271,處試徘,1
4272,試徘徊,1
4273,徘徊見,1
4274,徊見說,1
4275,見說遺,1
4276,說遺蹤,1
4277,遺蹤向,1
4278,蹤向此,1
4279,向此開,1
4280,此開蟾,1
4281,開蟾桂,1
4282,蟾桂自,1
4283,桂自歸,1
4284,自歸三,1
4285,歸三徑,1
4286,三徑後,1
4287,徑後鶴,1
4288,後鶴書,1
4289,鶴書曾,1
4290,書曾降,1
4291,曾降九,1
4292,降九天,1
4293,九天來,1
4294,天來白,1
4295,來白雲,1
4296,白雲事,1
4297,雲事蹟,1
4298,事蹟依,1
4299,蹟依前,1
4300,依前在,1
4301,前在青,1
4302,在青瑣,1
4303,青瑣光,1
4304,瑣光陰,1
4305,光陰竟,1
4306,陰竟不,1
4307,竟不回,1
4308,不回盡,1
4309,回盡夕,1
4310,盡夕為,1
4311,夕為君,1
4312,為君思,1
4313,君思曩,1
4314,思曩日,1
4315,日野泉,1
4316,野泉嗚,1
4317,泉嗚咽,1
4318,嗚咽路,1
4319,咽路莓,1
4320,路莓苔,1
4321,莓苔不,1
4322,苔不知,1
4323,處是前,1
4324,是前程,1
4325,前程合,1
4326,程合眼,1
4327,合眼騰,1
4328,眼騰騰,1
4329,騰騰信,1
4330,騰信馬,1
4331,信馬行,1
4332,馬行兩,1
4333,行兩鬢,1
4334,兩鬢已,1
4335,鬢已衰,1
4336,已衰時,1
4337,衰時未,1
4338,時未遇,1
4339,未遇數,1
4340,遇數峰,1
4341,數峰雖,1
4342,峰雖在,1
4343,雖在病,1
4344,在病相,1
4345,病相攖,1
4346,相攖塵,1
4347,攖塵埃,1
4348,塵埃鞏,1
4349,埃鞏洛,1
4350,鞏洛虛,1
4351,洛虛光,1
4352,虛光景,1
4353,光景詩,1
4354,景詩酒,1
4355,詩酒江,1
4356,酒江湖,1
4357,江湖漫,1
4358,湖漫姓,1
4359,漫姓名,1
4360,姓名試,1
4361,名試哭,1
4362,試哭軍,1
4363,哭軍門,1
4364,軍門看,1
4365,門看誰,1
4366,看誰問,1
4367,誰問舊,1
4368,問舊來,1
4369,舊來還,1
4370,來還似,1
4371,還似禰,1
4372,似禰先,1
4373,先生傞,1
4374,生傞傞,1
4375,傞傞江,1
4376,傞江柳,1
4377,江柳欲,1
4378,柳欲矜,1
4379,欲矜春,1
4380,矜春鐵,1
4381,春鐵甕,1
4382,鐵甕城,1
4383,甕城邊,1
4384,城邊見,1
4385,邊見故,1
4386,見故人,1
4387,故人屈,1
4388,人屈指,1
4389,屈指不,1
4390,指不堪,1
4391,不堪言,1
4392,堪言甲,1
4393,言甲子,1
4394,甲子披,1
4395,子披風,1
4396,披風常,1
4397,風常記,1
4398,常記是,1
4399,記是庚,1
4400,是庚申,1
4401,庚申別,1
4402,申別來,1
4403,別來且,1
4404,來且喜,1
4405,且喜身,1
4406,喜身俱,1
4407,身俱健,1
4408,俱健亂,1
4409,健亂後,1
4410,亂後休,1
4411,後休悲,1
4412,休悲業,1
4413,悲業盡,1
4414,業盡貧,1
4415,盡貧還,1
4416,貧還有,1
4417,還有杖,1
4418,有杖頭,1
4419,杖頭沽,1
4420,頭沽酒,1
4421,沽酒物,1
4422,酒物待,1
4423,物待尋,1
4424,待尋山,1
4425,尋山寺,1
4426,山寺話,1
4427,寺話逡,1
4428,話逡巡,1
4429,逡巡病,1
4430,巡病寄,1
4431,病寄南,1
4432,寄南徐,1
4433,南徐兩,1
4434,徐兩度,1
4435,兩度秋,1
4436,度秋故,1
4437,秋故人,1
4438,故人依,1
4439,人依約,1
4440,依約亦,1
4441,約亦揚,1
4442,亦揚州,1
4443,揚州偶,1
4444,州偶因,1
4445,偶因雁,1
4446,因雁足,1
4447,雁足思,1
4448,足思閒,1
4449,思閒事,1
4450,閒事擬,1
4451,事擬棹,1
4452,擬棹孤,1
4453,棹孤舟,1
4454,孤舟訪,1
4455,舟訪舊,1
4456,訪舊遊,1
4457,舊遊風,1
4458,遊風急,1
4459,風急幾,1
4460,急幾聞,1
4461,幾聞江,1
4462,聞江上,1
4463,江上笛,1
4464,上笛月,1
4465,笛月高,1
4466,月高誰,1
4467,高誰共,1
4468,誰共酒,1
4469,共酒家,1
4470,酒家樓,1
4471,家樓平,1
4472,樓平生,1
4473,平生意,1
4474,生意氣,1
4475,意氣消,1
4476,氣消磨,1
4477,消磨盡,1
4478,磨盡甘,1
4479,盡甘露,1
4480,甘露軒,1
4481,露軒前,1
4482,軒前看,1
4483,前看水,1
4484,看水流,1
4485,水流籬,1
4486,流籬畔,1
4487,籬畔霜,1
4488,畔霜前,1
4489,霜前偶,1
4490,前偶得,1
4491,偶得存,1
4492,得存苦,1
4493,存苦教,1
4494,苦教遲,1
4495,教遲晚,1
4496,遲晚避,1
4497,晚避蘭,1
4498,避蘭蓀,1
4499,蘭蓀能,1
4500,蓀能銷,1
4501,能銷造,1
4502,銷造化,1
4503,造化幾,1
4504,化幾多,1
4505,幾多力,1
4506,多力不,1
4507,力不受,1
4508,不受陽,1
4509,受陽和,1
4510,陽和一,1
4511,和一點,1
4512,一點恩,1
4513,點恩生,1
4514,恩生處,1
4515,生處豈,1
4516,處豈容,1
4517,豈容依,1
4518,容依玉,1
4519,依玉砌,1
4520,玉砌要,1
4521,砌要時,1
4522,要時還,1
4523,時還許,1
4524,還許上,1
4525,許上金,1
4526,上金樽,1
4527,金樽陶,1
4528,樽陶公,1
4529,陶公沒,1
4530,公沒後,1
4531,沒後無,1
4532,後無知,1
4533,無知己,1
4534,知己露,1
4535,己露滴,1
4536,露滴幽,1
4537,滴幽叢,1
4538,幽叢見,1
4539,叢見淚,1
4540,見淚痕,1
4541,淚痕寒,1
4542,痕寒城,1
4543,寒城獵,1
4544,城獵獵,1
4545,獵獵戍,1
4546,獵戍旗,1
4547,戍旗風,1
4548,旗風獨,1
4549,風獨倚,1
4550,獨倚危,1
4551,危樓悵,1
4552,樓悵望,1
4553,悵望中,1
4554,望中萬,1
4555,中萬里,1
4556,萬里山,1
4557,山河唐,1
4558,河唐土,1
4559,唐土地,1
4560,土地千,1
4561,地千年,1
4562,千年魂,1
4563,年魂魄,1
4564,魂魄晉,1
4565,魄晉英,1
4566,晉英雄,1
4567,英雄離,1
4568,雄離心,1
4569,離心不,1
4570,心不忍,1
4571,不忍聽,1
4572,忍聽邊,1
4573,聽邊馬,1
4574,邊馬往,1
4575,馬往事,1
4576,事應須,1
4577,應須問,1
4578,須問塞,1
4579,問塞鴻,1
4580,塞鴻好,1
4581,鴻好脫,1
4582,好脫儒,1
4583,脫儒冠,1
4584,儒冠從,1
4585,冠從校,1
4586,從校尉,1
4587,校尉一,1
4588,尉一枝,1
4589,一枝長,1
4590,枝長戟,1
4591,長戟六,1
4592,戟六鈞,1
4593,六鈞弓,1
4594,鈞弓野,1
4595,弓野水,1
4596,野水無,1
4597,水無情,1
4598,無情去,1
4599,情去不,1
4600,去不回,1
4601,不回水,1
4602,回水邊,1
4603,水邊花,1
4604,邊花好,1
4605,花好為,1
4606,好為誰,1
4607,為誰開,1
4608,誰開只,1
4609,開只知,1
4610,只知事,1
4611,知事逐,1
4612,事逐眼,1
4613,逐眼前,1
4614,眼前去,1
4615,前去不,1
4616,去不覺,1
4617,不覺老,1
4618,覺老從,1
4619,老從頭,1
4620,從頭上,1
4621,頭上來,1
4622,上來窮,1
4623,來窮似,1
4624,窮似丘,1
4625,似丘軻,1
4626,丘軻休,1
4627,軻休歎,1
4628,休歎息,1
4629,歎息達,1
4630,息達如,1
4631,達如周,1
4632,如周召,1
4633,周召亦,1
4634,召亦塵,1
4635,亦塵埃,1
4636,塵埃思,1
4637,埃思量,1
4638,思量此,1
4639,量此理,1
4640,此理何,1
4641,理何人,1
4642,何人會,1
4643,人會蒙,1
4644,會蒙邑,1
4645,蒙邑先,1
4646,邑先生,1
4647,先生最,1
4648,生最有,1
4649,最有才,1
4650,有才孤,1
4651,才孤舟,1
4652,孤舟欲,1
4653,舟欲泊,1
4654,欲泊思,1
4655,泊思何,1
4656,思何窮,1
4657,何窮曾,1
4658,窮曾憶,1
4659,曾憶西,1
4660,憶西來,1
4661,西來值,1
4662,來值雪,1
4663,值雪中,1
4664,雪中珠,1
4665,中珠履,1
4666,珠履少,1
4667,履少年,1
4668,少年初,1
4669,年初滿,1
4670,初滿座,1
4671,滿座白,1
4672,座白衣,1
4673,白衣遊,1
4674,衣遊子,1
4675,遊子也,1
4676,子也從,1
4677,也從公,1
4678,從公狂,1
4679,公狂拋,1
4680,狂拋賦,1
4681,拋賦筆,1
4682,賦筆琉,1
4683,筆琉璃,1
4684,琉璃冷,1
4685,璃冷醉,1
4686,冷醉倚,1
4687,醉倚歌,1
4688,倚歌筵,1
4689,歌筵玳,1
4690,筵玳瑁,1
4691,玳瑁紅,1
4692,瑁紅今,1
4693,紅今日,1
4694,今日斯,1
4695,日斯文,1
4696,斯文向,1
4697,文向誰,1
4698,向誰說,1
4699,誰說淚,1
4700,說淚碑,1
4701,淚碑棠,1
4702,碑棠樹,1
4703,棠樹兩,1
4704,樹兩成,1
4705,兩成空,1
4706,成空南,1
4707,空南望,1
4708,南望商,1
4709,望商於,1
4710,商於北,1
4711,於北帝,1
4712,北帝都,1
4713,帝都兩,1
4714,都兩堪,1
4715,兩堪棲,1
4716,堪棲托,1
4717,棲托兩,1
4718,托兩無,1
4719,兩無圖,1
4720,無圖只,1
4721,圖只聞,1
4722,只聞斥,1
4723,聞斥逐,1
4724,斥逐張,1
4725,逐張公,1
4726,公子不,1
4727,子不覺,1
4728,不覺悲,1
4729,覺悲同,1
4730,悲同楚,1
4731,同楚大,1
4732,楚大夫,1
4733,大夫岩,1
4734,夫岩畔,1
4735,岩畔早,1
4736,畔早涼,1
4737,早涼生,1
4738,涼生紫,1
4739,生紫桂,1
4740,紫桂井,1
4741,桂井邊,1
4742,井邊疏,1
4743,邊疏影,1
4744,疏影落,1
4745,影落高,1
4746,落高梧,1
4747,高梧一,1
4748,梧一杯,1
4749,一杯淥,1
4750,杯淥酒,1
4751,淥酒他,1
4752,酒他年,1
4753,他年憶,1
4754,年憶瀝,1
4755,憶瀝向,1
4756,瀝向清,1
4757,向清波,1
4758,清波寄,1
4759,波寄五,1
4760,寄五湖,1
4761,五湖往,1
4762,湖往歲,1
4763,往歲酂,1
4764,歲酂侯,1
4765,酂侯鎮,1
4766,侯鎮渚,1
4767,鎮渚宮,1
4768,渚宮曾,1
4769,宮曾將,1
4770,曾將清,1
4771,將清律,1
4772,清律暖,1
4773,律暖孤,1
4774,暖孤蓬,1
4775,孤蓬才,1
4776,蓬才憐,1
4777,才憐曼,1
4778,憐曼倩,1
4779,曼倩三,1
4780,倩三冬,1
4781,三冬後,1
4782,冬後藝,1
4783,後藝許,1
4784,藝許由,1
4785,許由基,1
4786,由基一,1
4787,基一箭,1
4788,一箭中,1
4789,箭中言,1
4790,中言重,1
4791,言重不,1
4792,重不能,1
4793,不能輕,1
4794,能輕薄,1
4795,輕薄命,1
4796,薄命地,1
4797,命地寒,1
4798,地寒終,1
4799,寒終是,1
4800,終是泣,1
4801,是泣春,1
4802,泣春風,1
4803,春風鳳,1
4804,風鳳凰,1
4805,鳳凰池,1
4806,凰池涸,1
4807,池涸台,1
4808,涸台星,1
4809,星拆回,1
4810,拆回首,1
4811,回首岐,1
4812,首岐山,1
4813,岐山憶,1
4814,山憶至,1
4815,憶至公,1
4816,至公草,1
4817,公草蟲,1
4818,草蟲幽,1
4819,蟲幽咽,1
4820,幽咽樹,1
4821,咽樹初,1
4822,樹初團,1
4823,初團獨,1
4824,團獨系,1
4825,獨系孤,1
4826,系孤舟,1
4827,孤舟夜,1
4828,舟夜已,1
4829,夜已闌,1
4830,已闌濁,1
4831,闌濁浪,1
4832,濁浪勢,1
4833,浪勢奔,1
4834,勢奔吳,1
4835,奔吳苑,1
4836,吳苑急,1
4837,苑急疏,1
4838,急疏鐘,1
4839,疏鐘聲,1
4840,鐘聲徹,1
4841,聲徹惠,1
4842,徹惠山,1
4843,惠山寒,1
4844,山寒愁,1
4845,寒愁催,1
4846,愁催鬢,1
4847,催鬢髮,1
4848,鬢髮凋,1
4849,髮凋何,1
4850,凋何易,1
4851,何易貧,1
4852,易貧戀,1
4853,貧戀家,1
4854,戀家鄉,1
4855,家鄉別,1
4856,鄉別漸,1
4857,別漸難,1
4858,漸難他,1
4859,難他日,1
4860,他日親,1
4861,日親朋,1
4862,親朋應,1
4863,朋應大,1
4864,應大笑,1
4865,大笑始,1
4866,笑始知,1
4867,始知書,1
4868,知書劍,1
4869,書劍是,1
4870,劍是無,1
4871,無端暖,1
4872,端暖觸,1
4873,暖觸衣,1
4874,觸衣襟,1
4875,衣襟漠,1
4876,襟漠漠,1
4877,漠漠香,1
4878,漠香間,1
4879,香間梅,1
4880,間梅遮,1
4881,梅遮柳,1
4882,遮柳不,1
4883,柳不勝,1
4884,不勝芳,1
4885,勝芳數,1
4886,芳數枝,1
4887,數枝豔,1
4888,枝豔拂,1
4889,豔拂文,1
4890,拂文君,1
4891,文君酒,1
4892,君酒半,1
4893,酒半裏,1
4894,半裏紅,1
4895,裏紅欹,1
4896,紅欹宋,1
4897,欹宋玉,1
4898,宋玉牆,1
4899,玉牆盡,1
4900,牆盡日,1
4901,盡日無,1
4902,日無人,1
4903,無人疑,1
4904,人疑悵,1
4905,疑悵望,1
4906,悵望有,1
4907,望有時,1
4908,有時經,1
4909,時經雨,1
4910,經雨乍,1
4911,雨乍淒,1
4912,乍淒涼,1
4913,淒涼舊,1
4914,涼舊山,1
4915,舊山山,1
4916,山山下,1
4917,山下還,1
4918,下還如,1
4919,如此回,1
4920,此回首,1
4921,回首東,1
4922,首東風,1
4923,東風一,1
4924,風一斷,1
4925,一斷腸,1
4926,斷腸拋,1
4927,腸拋擲,1
4928,拋擲南,1
4929,擲南陽,1
4930,南陽為,1
4931,陽為主,1
4932,為主憂,1
4933,主憂北,1
4934,憂北征,1
4935,北征東,1
4936,征東討,1
4937,東討盡,1
4938,討盡良,1
4939,盡良籌,1
4940,良籌時,1
4941,籌時來,1
4942,時來天,1
4943,來天地,1
4944,天地皆,1
4945,地皆同,1
4946,皆同力,1
4947,同力運,1
4948,力運去,1
4949,運去英,1
4950,去英雄,1
4951,英雄不,1
4952,雄不自,1
4953,自由千,1
4954,由千里,1
4955,千里山,1
4956,山河輕,1
4957,河輕孺,1
4958,輕孺子,1
4959,孺子兩,1
4960,子兩朝,1
4961,兩朝冠,1
4962,朝冠劍,1
4963,冠劍恨,1
4964,劍恨譙,1
4965,恨譙周,1
4966,譙周唯,1
4967,周唯餘,1
4968,唯餘岩,1
4969,餘岩下,1
4970,岩下多,1
4971,下多情,1
4972,多情水,1
4973,情水猶,1
4974,水猶解,1
4975,猶解年,1
4976,解年年,1
4977,年年傍,1
4978,年傍驛,1
4979,傍驛流,1
4980,驛流莊,1
4981,流莊周,1
4982,莊周高,1
4983,周高論,1
4984,高論伯,1
4985,論伯牙,1
4986,伯牙琴,1
4987,牙琴閑,1
4988,琴閑夜,1
4989,閑夜思,1
4990,夜思量,1
4991,思量淚,1
4992,量淚滿,1
4993,滿襟四,1
4994,襟四海,1
4995,四海共,1
4996,海共誰,1
4997,共誰言,1
4998,誰言近,1
4999,言近事,1
5000,近事九,1
5001,事九原,1
5002,九原從,1
5003,原從此,1
5004,從此負,1
5005,此負初,1
5006,負初心,1
5007,初心鷗,1
5008,心鷗翻,1
5009,鷗翻漢,1
5010,翻漢浦,1
5011,漢浦風,1
5012,浦風波,1
5013,風波急,1
5014,波急雁,1
5015,急雁下,1
5016,雁下鄖,1
5017,下鄖溪,1
5018,鄖溪霧,1
5019,溪霧雨,1
5020,霧雨深,1
5021,雨深慚,1
5022,深慚愧,1
5023,慚愧蒼,1
5024,愧蒼生,1
5025,蒼生還,1
5026,生還有,1
5027,還有意,1
5028,有意解,1
5029,意解歌,1
5030,解歌襦,1
5031,歌襦袴,1
5032,襦袴至,1
5033,袴至如,1
5034,至如今,1
5035,如今山,1
5036,今山川,1
5037,山川去,1
5038,川去接,1
5039,去接漢,1
5040,接漢江,1
5041,漢江東,1
5042,江東曾,1
5043,東曾伴,1
5044,曾伴隋,1
5045,伴隋侯,1
5046,隋侯醉,1
5047,侯醉此,1
5048,醉此中,1
5049,此中歌,1
5050,中歌繞,1
5051,歌繞夜,1
5052,繞夜梁,1
5053,夜梁珠,1
5054,梁珠宛,1
5055,珠宛轉,1
5056,宛轉舞,1
5057,轉舞嬌,1
5058,舞嬌春,1
5059,嬌春席,1
5060,春席雪,1
5061,席雪朦,1
5062,雪朦朧,1
5063,朦朧棠,1
5064,朧棠遺,1
5065,棠遺善,1
5066,遺善政,1
5067,善政陰,1
5068,政陰猶,1
5069,陰猶在,1
5070,猶在薤,1
5071,在薤送,1
5072,薤送哀,1
5073,送哀聲,1
5074,哀聲事,1
5075,聲事已,1
5076,事已空,1
5077,已空惆,1
5078,空惆悵,1
5079,惆悵知,1
5080,悵知音,1
5081,知音竟,1
5082,音竟難,1
5083,竟難得,1
5084,難得兩,1
5085,得兩行,1
5086,兩行清,1
5087,行清淚,1
5088,清淚白,1
5089,淚白楊,1
5090,楊風杜,1
5091,風杜甫,1
5092,杜甫詩,1
5093,甫詩中,1
5094,詩中韋,1
5095,中韋曲,1
5096,韋曲花,1
5097,曲花至,1
5098,花至今,1
5099,至今無,1
5100,今無賴,1
5101,無賴尚,1
5102,賴尚豪,1
5103,尚豪家,1
5104,豪家美,1
5105,家美人,1
5106,美人曉,1
5107,人曉折,1
5108,曉折露,1
5109,折露沾,1
5110,露沾袖,1
5111,沾袖公,1
5112,袖公子,1
5113,子醉時,1
5114,醉時香,1
5115,時香滿,1
5116,香滿車,1
5117,滿車萬,1
5118,車萬里,1
5119,萬里丹,1
5120,里丹青,1
5121,丹青傳,1
5122,青傳不,1
5123,傳不得,1
5124,不得二,1
5125,得二年,1
5126,二年風,1
5127,年風雨,1
5128,風雨恨,1
5129,雨恨無,1
5130,恨無涯,1
5131,無涯羨,1
5132,涯羨他,1
5133,羨他南,1
5134,他南澗,1
5135,南澗高,1
5136,澗高眠,1
5137,高眠客,1
5138,眠客春,1
5139,客春去,1
5140,春去春,1
5141,去春來,1
5142,春來任,1
5143,來任物,1
5144,任物華,1
5145,物華吳,1
5146,華吳王,1
5147,吳王醉,1
5148,王醉處,1
5149,醉處十,1
5150,處十餘,1
5151,十餘裏,1
5152,餘裏照,1
5153,裏照野,1
5154,照野拂,1
5155,野拂衣,1
5156,拂衣今,1
5157,衣今正,1
5158,今正繁,1
5159,正繁經,1
5160,繁經雨,1
5161,經雨不,1
5162,雨不隨,1
5163,不隨山,1
5164,隨山鳥,1
5165,山鳥散,1
5166,鳥散倚,1
5167,散倚風,1
5168,倚風疑,1
5169,風疑共,1
5170,疑共路,1
5171,共路人,1
5172,路人言,1
5173,人言愁,1
5174,言愁憐,1
5175,愁憐粉,1
5176,憐粉豔,1
5177,粉豔飄,1
5178,豔飄歌,1
5179,飄歌席,1
5180,歌席靜,1
5181,席靜愛,1
5182,靜愛寒,1
5183,愛寒香,1
5184,寒香撲,1
5185,香撲酒,1
5186,撲酒樽,1
5187,酒樽欲,1
5188,樽欲寄,1
5189,欲寄所,1
5190,寄所思,1
5191,所思無,1
5192,思無好,1
5193,無好信,1
5194,好信為,1
5195,信為人,1
5196,為人惆,1
5197,人惆悵,1
5198,惆悵又,1
5199,悵又黃,1
5200,又黃昏,1
5201,黃昏鸞,1
5202,昏鸞音,1
5203,鸞音鶴,1
5204,音鶴信,1
5205,鶴信杳,1
5206,信杳難,1
5207,杳難回,1
5208,難回鳳,1
5209,回鳳駕,1
5210,鳳駕龍,1
5211,駕龍車,1
5212,龍車早,1
5213,車早晚,1
5214,早晚來,1
5215,晚來仙,1
5216,來仙境,1
5217,仙境是,1
5218,境是誰,1
5219,是誰知,1
5220,誰知處,1
5221,知處所,1
5222,處所人,1
5223,所人間,1
5224,人間空,1
5225,間空自,1
5226,空自造,1
5227,自造樓,1
5228,造樓臺,1
5229,樓臺雲,1
5230,臺雲侵,1
5231,雲侵朱,1
5232,侵朱檻,1
5233,朱檻應,1
5234,檻應難,1
5235,應難到,1
5236,難到蟲,1
5237,到蟲網,1
5238,蟲網閑,1
5239,網閑窗,1
5240,閑窗永,1
5241,窗永不,1
5242,永不開,1
5243,不開子,1
5244,開子細,1
5245,子細思,1
5246,細思量,1
5247,思量成,1
5248,量成底,1
5249,底事露,1
5250,事露凝,1
5251,露凝風,1
5252,凝風擺,1
5253,風擺作,1
5254,擺作塵,1
5255,作塵埃,1
5256,塵埃高,1
5257,埃高僧,1
5258,高僧惠,1
5259,僧惠我,1
5260,惠我七,1
5261,我七言,1
5262,七言詩,1
5263,言詩頓,1
5264,詩頓豁,1
5265,頓豁塵,1
5266,豁塵心,1
5267,塵心展,1
5268,心展白,1
5269,展白眉,1
5270,白眉秀,1
5271,眉秀似,1
5272,秀似穀,1
5273,似穀中,1
5274,穀中花,1
5275,中花媚,1
5276,花媚日,1
5277,媚日清,1
5278,日清如,1
5279,清如潭,1
5280,如潭底,1
5281,潭底月,1
5282,底月圓,1
5283,月圓時,1
5284,圓時應,1
5285,時應觀,1
5286,應觀法,1
5287,觀法界,1
5288,法界蓮,1
5289,界蓮千,1
5290,蓮千葉,1
5291,千葉肯,1
5292,葉肯折,1
5293,肯折人,1
5294,折人間,1
5295,人間桂,1
5296,間桂一,1
5297,桂一支,1
5298,一支漂,1
5299,支漂蕩,1
5300,漂蕩秦,1
5301,蕩秦吳,1
5302,秦吳十,1
5303,吳十餘,1
5304,十餘載,1
5305,餘載因,1
5306,載因循,1
5307,因循猶,1
5308,循猶恨,1
5309,猶恨識,1
5310,恨識師,1
5311,識師遲,1
5312,師遲晚,1
5313,遲晚來,1
5314,晚來乘,1
5315,來乘興,1
5316,乘興謁,1
5317,興謁先,1
5318,謁先師,1
5319,先師松,1
5320,師松柏,1
5321,松柏淒,1
5322,柏淒淒,1
5323,淒淒人,1
5324,淒人不,1
5325,人不知,1
5326,不知九,1
5327,知九仞,1
5328,九仞蕭,1
5329,仞蕭牆,1
5330,蕭牆堆,1
5331,牆堆瓦,1
5332,堆瓦礫,1
5333,瓦礫三,1
5334,礫三間,1
5335,三間茅,1
5336,間茅殿,1
5337,茅殿走,1
5338,殿走狐,1
5339,走狐狸,1
5340,狐狸雨,1
5341,狸雨淋,1
5342,雨淋狀,1
5343,淋狀似,1
5344,狀似悲,1
5345,似悲麟,1
5346,悲麟泣,1
5347,麟泣露,1
5348,泣露滴,1
5349,露滴還,1
5350,滴還同,1
5351,還同歎,1
5352,同歎鳳,1
5353,歎鳳悲,1
5354,鳳悲儻,1
5355,悲儻使,1
5356,儻使小,1
5357,使小儒,1
5358,小儒名,1
5359,儒名稍,1
5360,名稍立,1
5361,稍立豈,1
5362,立豈教,1
5363,豈教吾,1
5364,教吾道,1
5365,吾道受,1
5366,道受棲,1
5367,受棲遲,1
5368,棲遲三,1
5369,遲三教,1
5370,三教之,1
5371,教之中,1
5372,之中儒,1
5373,中儒最,1
5374,儒最尊,1
5375,最尊止,1
5376,尊止戈,1
5377,止戈為,1
5378,戈為武,1
5379,為武武,1
5380,武武尊,1
5381,武尊文,1
5382,尊文吾,1
5383,文吾今,1
5384,吾今尚,1
5385,今尚自,1
5386,尚自披,1
5387,自披蓑,1
5388,披蓑笠,1
5389,蓑笠你,1
5390,笠你等,1
5391,你等何,1
5392,等何須,1
5393,何須讀,1
5394,須讀典,1
5395,讀典墳,1
5396,典墳釋,1
5397,墳釋氏,1
5398,釋氏寶,1
5399,氏寶樓,1
5400,寶樓侵,1
5401,樓侵碧,1
5402,侵碧漢,1
5403,碧漢道,1
5404,漢道家,1
5405,道家宮,1
5406,家宮殿,1
5407,宮殿拂,1
5408,殿拂青,1
5409,拂青雲,1
5410,青雲若,1
5411,雲若教,1
5412,若教顏,1
5413,教顏閔,1
5414,顏閔英,1
5415,閔英靈,1
5416,英靈在,1
5417,靈在終,1
5418,在終不,1
5419,終不羞,1
5420,不羞他,1
5421,羞他李,1
5422,他李老,1
5423,李老君,1
5424,老君朱,1
5425,君朱輪,1
5426,朱輪此,1
5427,輪此去,1
5428,此去正,1
5429,去正春,1
5430,正春風,1
5431,春風且,1
5432,風且駐,1
5433,且駐青,1
5434,駐青雲,1
5435,青雲聽,1
5436,雲聽斷,1
5437,聽斷蓬,1
5438,斷蓬一,1
5439,蓬一榻,1
5440,一榻早,1
5441,榻早年,1
5442,年容孺,1
5443,容孺子,1
5444,孺子雙,1
5445,子雙旌,1
5446,雙旌今,1
5447,旌今日,1
5448,今日別,1
5449,日別文,1
5450,別文翁,1
5451,文翁誠,1
5452,翁誠知,1
5453,誠知汲,1
5454,知汲善,1
5455,汲善心,1
5456,善心長,1
5457,心長在,1
5458,長在爭,1
5459,在爭奈,1
5460,爭奈幹,1
5461,奈幹時,1
5462,幹時跡,1
5463,時跡轉,1
5464,跡轉窮,1
5465,轉窮酬,1
5466,窮酬德,1
5467,酬德酬,1
5468,德酬恩,1
5469,酬恩兩,1
5470,恩兩無,1
5471,兩無路,1
5472,無路謾,1
5473,路謾勞,1
5474,謾勞惆,1
5475,勞惆悵,1
5476,惆悵鳳,1
5477,悵鳳城,1
5478,鳳城東,1
5479,城東入,1
5480,東入蜀,1
5481,入蜀歸,1
5482,蜀歸吳,1
5483,歸吳三,1
5484,吳三首,1
5485,三首詩,1
5486,首詩藏,1
5487,詩藏於,1
5488,藏於笥,1
5489,於笥篋,1
5490,笥篋重,1
5491,篋重于,1
5492,重于師,1
5493,于師劍,1
5494,師劍關,1
5495,劍關夜,1
5496,關夜讀,1
5497,夜讀相,1
5498,讀相如,1
5499,相如聽,1
5500,如聽瓜,1
5501,聽瓜步,1
5502,瓜步秋,1
5503,步秋吟,1
5504,秋吟煬,1
5505,吟煬帝,1
5506,煬帝悲,1
5507,帝悲景,1
5508,悲景物,1
5509,景物也,1
5510,物也知,1
5511,也知輸,1
5512,知輸健,1
5513,輸健筆,1
5514,健筆時,1
5515,筆時情,1
5516,時情誰,1
5517,情誰不,1
5518,誰不許,1
5519,不許高,1
5520,許高枝,1
5521,高枝明,1
5522,枝明年,1
5523,明年二,1
5524,年二月,1
5525,春風裏,1
5526,風裏江,1
5527,裏江島,1
5528,江島閒,1
5529,島閒人,1
5530,閒人慰,1
5531,人慰所,1
5532,慰所思,1
5533,所思桃,1
5534,思桃在,1
5535,桃在仙,1
5536,在仙翁,1
5537,仙翁舊,1
5538,翁舊苑,1
5539,舊苑傍,1
5540,苑傍暖,1
5541,傍暖煙,1
5542,暖煙輕,1
5543,煙輕靄,1
5544,輕靄撲,1
5545,靄撲人,1
5546,撲人香,1
5547,人香十,1
5548,香十年,1
5549,十年此,1
5550,年此地,1
5551,此地頻,1
5552,地頻偷,1
5553,頻偷眼,1
5554,偷眼二,1
5555,眼二月,1
5556,春風最,1
5557,風最斷,1
5558,最斷腸,1
5559,斷腸曾,1
5560,腸曾恨,1
5561,曾恨夢,1
5562,恨夢中,1
5563,夢中無,1
5564,中無好,1
5565,無好事,1
5566,好事也,1
5567,事也知,1
5568,也知囊,1
5569,知囊裏,1
5570,囊裏有,1
5571,裏有仙,1
5572,有仙方,1
5573,仙方尋,1
5574,方尋思,1
5575,尋思仙,1
5576,思仙骨,1
5577,仙骨終,1
5578,骨終難,1
5579,終難得,1
5580,難得始,1
5581,得始與,1
5582,始與回,1
5583,與回頭,1
5584,回頭問,1
5585,頭問玉,1
5586,問玉皇,1
5587,玉皇漢,1
5588,皇漢江,1
5589,漢江波,1
5590,江波浪,1
5591,波浪淥,1
5592,浪淥於,1
5593,淥於苔,1
5594,於苔每,1
5595,苔每到,1
5596,每到江,1
5597,江邊病,1
5598,邊病眼,1
5599,病眼開,1
5600,眼開半,1
5601,開半雨,1
5602,半雨半,1
5603,雨半風,1
5604,半風終,1
5605,風終日,1
5606,終日恨,1
5607,日恨無,1
5608,恨無名,1
5609,無名無,1
5610,名無跡,1
5611,無跡幾,1
5612,跡幾時,1
5613,時回雲,1
5614,回雲生,1
5615,雲生岸,1
5616,生岸谷,1
5617,岸谷秋,1
5618,谷秋陰,1
5619,秋陰合,1
5620,陰合樹,1
5621,合樹接,1
5622,樹接帆,1
5623,接帆檣,1
5624,帆檣晚,1
5625,檣晚思,1
5626,晚思來,1
5627,思來對,1
5628,來對此,1
5629,對此空,1
5630,此空慚,1
5631,空慚聖,1
5632,慚聖明,1
5633,聖明代,1
5634,明代忍,1
5635,代忍教,1
5636,忍教纓,1
5637,教纓上,1
5638,纓上有,1
5639,上有塵,1
5640,有塵埃,1
5641,塵埃秋,1
5642,埃秋河,1
5643,秋河耿,1
5644,河耿耿,1
5645,耿耿夜,1
5646,耿夜沉,1
5647,夜沉沉,1
5648,沉沉往,1
5649,沉往事,1
5650,往事三,1
5651,事三更,1
5652,三更盡,1
5653,更盡到,1
5654,盡到心,1
5655,到心多,1
5656,心多病,1
5657,多病謾,1
5658,病謾勞,1
5659,謾勞窺,1
5660,勞窺聖,1
5661,窺聖代,1
5662,聖代薄,1
5663,代薄才,1
5664,薄才終,1
5665,終是費,1
5666,是費知,1
5667,費知音,1
5668,知音家,1
5669,音家山,1
5670,家山夢,1
5671,山夢後,1
5672,夢後帆,1
5673,後帆千,1
5674,帆千尺,1
5675,千尺塵,1
5676,尺塵土,1
5677,塵土搔,1
5678,土搔來,1
5679,搔來發,1
5680,來發一,1
5681,發一簪,1
5682,一簪空,1
5683,簪空羨,1
5684,空羨良,1
5685,羨良朋,1
5686,良朋盡,1
5687,朋盡高,1
5688,盡高價,1
5689,高價可,1
5690,價可憐,1
5691,可憐東,1
5692,憐東箭,1
5693,東箭與,1
5694,箭與南,1
5695,與南金,1
5696,南金暖,1
5697,金暖雲,1
5698,暖雲慵,1
5699,雲慵墮,1
5700,慵墮柳,1
5701,墮柳垂,1
5702,柳垂條,1
5703,垂條驄,1
5704,條驄馬,1
5705,驄馬徐,1
5706,馬徐郎,1
5707,徐郎過,1
5708,郎過渭,1
5709,過渭橋,1
5710,渭橋官,1
5711,橋官秩,1
5712,官秩舊,1
5713,秩舊參,1
5714,舊參荀,1
5715,參荀秘,1
5716,荀秘監,1
5717,秘監樽,1
5718,監樽罍,1
5719,樽罍今,1
5720,罍今伴,1
5721,今伴霍,1
5722,伴霍嫖,1
5723,霍嫖姚,1
5724,嫖姚科,1
5725,姚科隨,1
5726,科隨鵠,1
5727,隨鵠箭,1
5728,鵠箭頻,1
5729,箭頻曾,1
5730,頻曾中,1
5731,曾中禮,1
5732,中禮向,1
5733,禮向侯,1
5734,向侯弓,1
5735,侯弓以,1
5736,弓以重,1
5737,以重招,1
5738,重招莫,1
5739,招莫恨,1
5740,莫恨東,1
5741,恨東風,1
5742,東風促,1
5743,風促行,1
5744,促行李,1
5745,行李不,1
5746,李不多,1
5747,多時節,1
5748,時節卻,1
5749,節卻歸,1
5750,卻歸朝,1
5751,歸朝酒,1
5752,朝酒闌,1
5753,酒闌離,1
5754,闌離思,1
5755,離思浩,1
5756,思浩無,1
5757,浩無窮,1
5758,無窮西,1
5759,窮西望,1
5760,西望維,1
5761,望維揚,1
5762,維揚憶,1
5763,揚憶數,1
5764,憶數公,1
5765,數公萬,1
5766,公萬里,1
5767,萬里飄,1
5768,里飄零,1
5769,飄零身,1
5770,零身未,1
5771,身未了,1
5772,未了一,1
5773,了一家,1
5774,一家知,1
5775,家知獎,1
5776,知獎意,1
5777,獎意曾,1
5778,意曾同,1
5779,曾同雲,1
5780,同雲橫,1
5781,雲橫晉,1
5782,橫晉國,1
5783,晉國塵,1
5784,國塵應,1
5785,塵應暗,1
5786,應暗路,1
5787,暗路轉,1
5788,路轉吳,1
5789,轉吳江,1
5790,吳江信,1
5791,江信不,1
5792,信不通,1
5793,不通今,1
5794,通今日,1
5795,今日便,1
5796,日便成,1
5797,便成盧,1
5798,成盧子,1
5799,盧子諒,1
5800,子諒滿,1
5801,諒滿襟,1
5802,滿襟珠,1
5803,襟珠淚,1
5804,珠淚墮,1
5805,淚墮霜,1
5806,墮霜風,1
5807,霜風小,1
5808,風小敷,1
5809,小敷文,1
5810,敷文伯,1
5811,文伯見,1
5812,伯見何,1
5813,見何時,1
5814,何時南,1
5815,時南望,1
5816,南望三,1
5817,望三衢,1
5818,三衢渴,1
5819,衢渴複,1
5820,渴複饑,1
5821,複饑天,1
5822,饑天子,1
5823,天子未,1
5824,子未能,1
5825,未能崇,1
5826,能崇典,1
5827,崇典誥,1
5828,典誥諸,1
5829,誥諸生,1
5830,諸生徒,1
5831,生徒欲,1
5832,徒欲戀,1
5833,欲戀旌,1
5834,戀旌旗,1
5835,旌旗風,1
5836,旗風高,1
5837,風高綠,1
5838,高綠野,1
5839,綠野苗,1
5840,野苗千,1
5841,苗千頃,1
5842,千頃露,1
5843,頃露冷,1
5844,露冷平,1
5845,冷平樓,1
5846,平樓酒,1
5847,樓酒滿,1
5848,酒滿卮,1
5849,滿卮儘,1
5850,卮儘是,1
5851,儘是數,1
5852,是數旬,1
5853,數旬陪,1
5854,旬陪奉,1
5855,陪奉處,1
5856,奉處使,1
5857,處使君,1
5858,使君爭,1
5859,君爭肯,1
5860,肯不相,1
5861,不相思,1
5862,相思鳳,1
5863,思鳳鸞,1
5864,鳳鸞勢,1
5865,鸞勢逸,1
5866,勢逸九,1
5867,逸九霄,1
5868,九霄寬,1
5869,霄寬北,1
5870,寬北去,1
5871,南來任,1
5872,來任羽,1
5873,任羽翰,1
5874,羽翰朱,1
5875,翰朱紱,1
5876,朱紱兩,1
5877,紱兩參,1
5878,兩參王,1
5879,參王儉,1
5880,王儉府,1
5881,儉府繡,1
5882,府繡衣,1
5883,繡衣三,1
5884,衣三領,1
5885,三領杜,1
5886,領杜林,1
5887,杜林官,1
5888,林官道,1
5889,官道從,1
5890,道從上,1
5891,從上國,1
5892,上國曾,1
5893,國曾匡,1
5894,曾匡濟,1
5895,匡濟才,1
5896,濟才向,1
5897,才向牢,1
5898,向牢盆,1
5899,牢盆始,1
5900,盆始重,1
5901,始重難,1
5902,重難應,1
5903,難應笑,1
5904,應笑張,1
5905,笑張綱,1
5906,張綱謾,1
5907,綱謾生,1
5908,謾生事,1
5909,生事埋,1
5910,事埋輪,1
5911,埋輪不,1
5912,輪不得,1
5913,不得在,1
5914,得在長,1
5915,在長安,1
5916,長安入,1
5917,安入郭,1
5918,入郭登,1
5919,郭登橋,1
5920,登橋出,1
5921,橋出郭,1
5922,出郭船,1
5923,郭船紅,1
5924,船紅樓,1
5925,紅樓日,1
5926,樓日日,1
5927,日日柳,1
5928,日柳年,1
5929,柳年年,1
5930,年年君,1
5931,年君王,1
5932,君王忍,1
5933,王忍把,1
5934,忍把平,1
5935,把平陳,1
5936,平陳業,1
5937,陳業只,1
5938,業只博,1
5939,只博雷,1
5940,博雷塘,1
5941,雷塘數,1
5942,塘數畝,1
5943,數畝田,1
5944,畝田佛,1
5945,田佛屋,1
5946,佛屋前,1
5947,屋前頭,1
5948,前頭野,1
5949,頭野草,1
5950,野草春,1
5951,草春貴,1
5952,春貴妃,1
5953,貴妃輕,1
5954,妃輕骨,1
5955,輕骨此,1
5956,骨此為,1
5957,此為塵,1
5958,為塵從,1
5959,塵從來,1
5960,從來絕,1
5961,來絕色,1
5962,絕色知,1
5963,色知難,1
5964,知難得,1
5965,得不破,1
5966,不破中,1
5967,破中原,1
5968,中原未,1
5969,原未是,1
5970,未是人,1
5971,是人灞,1
5972,人灞岸,1
5973,灞岸晴,1
5974,岸晴來,1
5975,晴來送,1
5976,來送別,1
5977,送別頻,1
5978,別頻相,1
5979,頻相偎,1
5980,相偎相,1
5981,偎相倚,1
5982,相倚不,1
5983,倚不勝,1
5984,勝春自,1
5985,春自家,1
5986,自家飛,1
5987,家飛絮,1
5988,飛絮猶,1
5989,絮猶無,1
5990,猶無定,1
5991,無定爭,1
5992,定爭解,1
5993,爭解垂,1
5994,解垂絲,1
5995,垂絲絆,1
5996,絲絆路,1
5997,絆路人,1
5998,路人夾,1
5999,人夾路,1
6000,夾路依,1
6001,路依依,1
6002,依依千,1
6003,依千里,1
6004,千里遙,1
6005,里遙路,1
6006,遙路人,1
6007,路人回,1
6008,人回首,1
6009,回首認,1
6010,首認隋,1
6011,認隋朝,1
6012,隋朝春,1
6013,朝春風,1
6014,春風未,1
6015,風未借,1
6016,未借宣,1
6017,借宣華,1
6018,宣華意,1
6019,華意猶,1
6020,意猶費,1
6021,猶費工,1
6022,工夫長,1
6023,夫長綠,1
6024,長綠條,1
6025,綠條數,1
6026,條數步,1
6027,數步荒,1
6028,步荒榛,1
6029,荒榛接,1
6030,榛接舊,1
6031,接舊蹊,1
6032,舊蹊寒,1
6033,蹊寒江,1
6034,寒江漠,1
6035,江漠漠,1
6036,漠漠草,1
6037,漠草淒,1
6038,草淒淒,1
6039,淒淒鹿,1
6040,淒鹿門,1
6041,鹿門黃,1
6042,門黃土,1
6043,黃土無,1
6044,土無多,1
6045,無多少,1
6046,多少恰,1
6047,少恰到,1
6048,恰到書,1
6049,到書生,1
6050,書生塚,1
6051,生塚便,1
6052,塚便低,1
6053,便低長,1
6054,低長策,1
6055,長策東,1
6056,策東鞭,1
6057,東鞭及,1
6058,鞭及海,1
6059,及海隅,1
6060,海隅黿,1
6061,隅黿鼉,1
6062,黿鼉奔,1
6063,鼉奔走,1
6064,奔走鬼,1
6065,走鬼神,1
6066,鬼神趨,1
6067,神趨憐,1
6068,趨憐君,1
6069,君未到,1
6070,未到沙,1
6071,到沙丘,1
6072,沙丘日,1
6073,丘日肯,1
6074,日肯信,1
6075,肯信人,1
6076,信人間,1
6077,人間有,1
6078,間有死,1
6079,有死無,1
6080,死無掌,1
6081,無掌前,1
6082,掌前流,1
6083,前流水,1
6084,流水駐,1
6085,水駐無,1
6086,駐無塵,1
6087,無塵掌,1
6088,塵掌下,1
6089,掌下軒,1
6090,下軒車,1
6091,軒車日,1
6092,車日日,1
6093,日日新,1
6094,日新謾,1
6095,新謾向,1
6096,謾向山,1
6097,向山頭,1
6098,山頭高,1
6099,頭高舉,1
6100,高舉手,1
6101,舉手何,1
6102,手何曾,1
6103,何曾招,1
6104,曾招得,1
6105,招得路,1
6106,得路行,1
6107,路行人,1
6108,行人西,1
6109,人西游,1
6110,西游象,1
6111,游象闕,1
6112,象闕愧,1
6113,闕愧知,1
6114,愧知音,1
6115,知音東,1
6116,音東下,1
6117,東下荊,1
6118,下荊溪,1
6119,荊溪稱,1
6120,溪稱越,1
6121,稱越吟,1
6122,越吟風,1
6123,吟風動,1
6124,風動芰,1
6125,動芰荷,1
6126,芰荷香,1
6127,荷香四,1
6128,香四散,1
6129,四散月,1
6130,散月明,1
6131,明樓閣,1
6132,樓閣影,1
6133,閣影相,1
6134,影相侵,1
6135,相侵閑,1
6136,侵閑欹,1
6137,閑欹別,1
6138,欹別枕,1
6139,別枕千,1
6140,枕千般,1
6141,千般夢,1
6142,般夢醉,1
6143,夢醉送,1
6144,醉送征,1
6145,送征帆,1
6146,征帆萬,1
6147,帆萬里,1
6148,萬里心,1
6149,里心薜,1
6150,心薜荔,1
6151,薜荔衣,1
6152,荔衣裳,1
6153,衣裳木,1
6154,裳木蘭,1
6155,木蘭楫,1
6156,蘭楫異,1
6157,楫異時,1
6158,異時煙,1
6159,時煙雨,1
6160,煙雨好,1
6161,雨好追,1
6162,好追尋,1
6163,追尋雪,1
6164,尋雪晴,1
6165,雪晴天,1
6166,晴天外,1
6167,天外見,1
6168,外見諸,1
6169,見諸峰,1
6170,諸峰幽,1
6171,峰幽軋,1
6172,幽軋行,1
6173,軋行輪,1
6174,行輪有,1
6175,輪有去,1
6176,有去蹤,1
6177,去蹤內,1
6178,蹤內史,1
6179,內史宅,1
6180,史宅邊,1
6181,宅邊今,1
6182,邊今獨,1
6183,今獨恨,1
6184,獨恨步,1
6185,恨步兵,1
6186,步兵廚,1
6187,兵廚畔,1
6188,廚畔舊,1
6189,畔舊相,1
6190,舊相容,1
6191,相容十,1
6192,容十年,1
6193,十年別,1
6194,年別鬢,1
6195,別鬢疑,1
6196,鬢疑朝,1
6197,疑朝鏡,1
6198,朝鏡千,1
6199,鏡千里,1
6200,千里歸,1
6201,里歸心,1
6202,歸心著,1
6203,心著晚,1
6204,著晚鐘,1
6205,晚鐘若,1
6206,鐘若不,1
6207,若不他,1
6208,不他時,1
6209,他時更,1
6210,時更青,1
6211,更青眼,1
6212,青眼未,1
6213,眼未知,1
6214,未知誰,1
6215,知誰肯,1
6216,誰肯薦,1
6217,肯薦臨,1
6218,薦臨邛,1
6219,臨邛少,1
6220,邛少年,1
6221,少年容,1
6222,容易舍,1
6223,易舍樵,1
6224,舍樵漁,1
6225,樵漁曾,1
6226,漁曾辱,1
6227,曾辱明,1
6228,辱明公,1
6229,明公薦,1
6230,公薦子,1
6231,薦子虛,1
6232,子虛漢,1
6233,虛漢殿,1
6234,漢殿夜,1
6235,殿夜寒,1
6236,夜寒時,1
6237,寒時不,1
6238,時不食,1
6239,不食宋,1
6240,食宋都,1
6241,宋都風,1
6242,都風急,1
6243,風急命,1
6244,急命何,1
6245,命何疏,1
6246,何疏雲,1
6247,疏雲埋,1
6248,雲埋野,1
6249,埋野艇,1
6250,野艇吟,1
6251,艇吟歸,1
6252,吟歸去,1
6253,歸去草,1
6254,去草沒,1
6255,草沒山,1
6256,沒山田,1
6257,山田賦,1
6258,田賦遂,1
6259,賦遂初,1
6260,遂初長,1
6261,初長劍,1
6262,長劍一,1
6263,劍一尋,1
6264,一尋歌,1
6265,尋歌一,1
6266,歌一奏,1
6267,一奏此,1
6268,奏此心,1
6269,此心爭,1
6270,心爭肯,1
6271,爭肯為,1
6272,肯為鱸,1
6273,為鱸魚,1
6274,鱸魚江,1
6275,魚江邊,1
6276,江邊舊,1
6277,邊舊業,1
6278,舊業半,1
6279,業半雕,1
6280,半雕殘,1
6281,雕殘每,1
6282,殘每軫,1
6283,每軫歸,1
6284,軫歸心,1
6285,歸心即,1
6286,心即萬,1
6287,即萬端,1
6288,萬端狂,1
6289,端狂折,1
6290,狂折野,1
6291,折野梅,1
6292,野梅山,1
6293,梅山店,1
6294,山店暖,1
6295,店暖醉,1
6296,暖醉吹,1
6297,醉吹村,1
6298,吹村笛,1
6299,村笛酒,1
6300,笛酒樓,1
6301,酒樓寒,1
6302,樓寒只,1
6303,寒只言,1
6304,只言聖,1
6305,言聖代,1
6306,聖代謀,1
6307,代謀身,1
6308,身易爭,1
6309,易爭奈,1
6310,爭奈貧,1
6311,奈貧儒,1
6312,貧儒得,1
6313,儒得路,1
6314,得路難,1
6315,路難同,1
6316,難同病,1
6317,同病同,1
6318,病同憂,1
6319,同憂更,1
6320,憂更何,1
6321,何事為,1
6322,事為君,1
6323,為君提,1
6324,君提筆,1
6325,提筆劃,1
6326,筆劃漁,1
6327,劃漁竿,1
6328,漁竿二,1
6329,竿二年,1
6330,二年流,1
6331,年流落,1
6332,流落大,1
6333,落大樑,1
6334,大樑城,1
6335,樑城每,1
6336,城每送,1
6337,每送君,1
6338,送君歸,1
6339,君歸即,1
6340,歸即有,1
6341,有情別,1
6342,情別路,1
6343,別路算,1
6344,路算來,1
6345,算來成,1
6346,來成底,1
6347,底事舊,1
6348,事舊遊,1
6349,舊遊言,1
6350,遊言著,1
6351,言著似,1
6352,著似前,1
6353,前生苑,1
6354,生苑荒,1
6355,苑荒懶,1
6356,荒懶認,1
6357,懶認詞,1
6358,認詞人,1
6359,詞人會,1
6360,人會門,1
6361,會門在,1
6362,門在空,1
6363,在空憐,1
6364,空憐烈,1
6365,憐烈士,1
6366,烈士名,1
6367,士名至,1
6368,名至竟,1
6369,至竟男,1
6370,竟男兒,1
6371,男兒分,1
6372,兒分應,1
6373,分應定,1
6374,應定不,1
6375,定不須,1
6376,不須惆,1
6377,須惆悵,1
6378,惆悵穀,1
6379,悵穀中,1
6380,穀中鶯,1
6381,中鶯吳,1
6382,鶯吳公,1
6383,吳公台,1
6384,公台下,1
6385,台下別,1
6386,下別經,1
6387,別經秋,1
6388,經秋破,1
6389,秋破虜,1
6390,破虜城,1
6391,虜城邊,1
6392,城邊暫,1
6393,邊暫駐,1
6394,暫駐留,1
6395,駐留一,1
6396,留一笑,1
6397,一笑有,1
6398,笑有情,1
6399,有情堪,1
6400,情堪解,1
6401,堪解夢,1
6402,解夢數,1
6403,夢數年,1
6404,數年無,1
6405,年無故,1
6406,無故不,1
6407,故不同,1
6408,不同遊,1
6409,同遊雲,1
6410,遊雲牽,1
6411,雲牽楚,1
6412,牽楚思,1
6413,楚思橫,1
6414,思橫魚,1
6415,橫魚艇,1
6416,魚艇柳,1
6417,艇柳送,1
6418,柳送鄉,1
6419,送鄉心,1
6420,鄉心入,1
6421,心入酒,1
6422,入酒樓,1
6423,酒樓且,1
6424,樓且酌,1
6425,且酌松,1
6426,酌松醪,1
6427,松醪依,1
6428,醪依舊,1
6429,依舊醉,1
6430,舊醉誰,1
6431,醉誰能,1
6432,誰能相,1
6433,能相見,1
6434,相見向,1
6435,見向春,1
6436,向春愁,1
6437,春愁貴,1
6438,愁貴提,1
6439,貴提金,1
6440,提金印,1
6441,金印出,1
6442,印出咸,1
6443,出咸秦,1
6444,咸秦瀟,1
6445,秦瀟灑,1
6446,瀟灑江,1
6447,灑江城,1
6448,江城兩,1
6449,城兩度,1
6450,度春一,1
6451,春一派,1
6452,一派水,1
6453,派水清,1
6454,水清疑,1
6455,清疑見,1
6456,疑見膽,1
6457,見膽數,1
6458,膽數重,1
6459,數重山,1
6460,重山翠,1
6461,山翠欲,1
6462,翠欲留,1
6463,欲留人,1
6464,留人望,1
6465,人望崇,1
6466,望崇早,1
6467,崇早合,1
6468,早合歸,1
6469,合歸黃,1
6470,歸黃閣,1
6471,黃閣詩,1
6472,閣詩好,1
6473,詩好何,1
6474,好何妨,1
6475,何妨戀,1
6476,妨戀白,1
6477,戀白蘋,1
6478,白蘋自,1
6479,蘋自是,1
6480,自是受,1
6481,受恩心,1
6482,恩心未,1
6483,心未足,1
6484,未足卻,1
6485,足卻垂,1
6486,卻垂雙,1
6487,垂雙翅,1
6488,雙翅羨,1
6489,翅羨吳,1
6490,羨吳均,1
6491,吳均怒,1
6492,均怒聲,1
6493,怒聲洶,1
6494,聲洶洶,1
6495,洶洶勢,1
6496,洶勢悠,1
6497,勢悠悠,1
6498,悠悠羅,1
6499,悠羅刹,1
6500,羅刹江,1
6501,刹江邊,1
6502,江邊地,1
6503,邊地欲,1
6504,地欲浮,1
6505,欲浮漫,1
6506,浮漫道,1
6507,漫道往,1
6508,道往來,1
6509,往來存,1
6510,來存大,1
6511,存大信,1
6512,大信也,1
6513,信也知,1
6514,也知反,1
6515,知反復,1
6516,反復向,1
6517,復向平,1
6518,向平流,1
6519,平流任,1
6520,流任拋,1
6521,任拋巨,1
6522,拋巨浸,1
6523,巨浸疑,1
6524,浸疑無,1
6525,疑無底,1
6526,無底猛,1
6527,底猛過,1
6528,猛過西,1
6529,過西陵,1
6530,西陵只,1
6531,陵只有,1
6532,只有頭,1
6533,有頭至,1
6534,頭至竟,1
6535,至竟朝,1
6536,竟朝昏,1
6537,朝昏誰,1
6538,昏誰主,1
6539,誰主掌,1
6540,主掌好,1
6541,掌好騎,1
6542,好騎赬,1
6543,騎赬鯉,1
6544,赬鯉問,1
6545,鯉問陽,1
6546,問陽侯,1
6547,陽侯物,1
6548,侯物態,1
6549,物態時,1
6550,態時情,1
6551,時情難,1
6552,情難重,1
6553,難重陳,1
6554,重陳夫,1
6555,陳夫君,1
6556,夫君此,1
6557,君此去,1
6558,此去莫,1
6559,去莫傷,1
6560,莫傷春,1
6561,傷春男,1
6562,春男兒,1
6563,男兒只,1
6564,兒只要,1
6565,只要有,1
6566,要有知,1
6567,知己才,1
6568,己才子,1
6569,才子何,1
6570,子何堪,1
6571,何堪更,1
6572,堪更問,1
6573,更問津,1
6574,問津萬,1
6575,津萬轉,1
6576,萬轉江,1
6577,轉江山,1
6578,江山通,1
6579,山通蜀,1
6580,通蜀國,1
6581,蜀國兩,1
6582,國兩行,1
6583,兩行珠,1
6584,行珠翠,1
6585,珠翠見,1
6586,翠見褒,1
6587,見褒人,1
6588,褒人海,1
6589,人海棠,1
6590,海棠花,1
6591,棠花謝,1
6592,花謝東,1
6593,謝東風,1
6594,東風老,1
6595,風老應,1
6596,老應念,1
6597,應念京,1
6598,念京都,1
6599,京都共,1
6600,都共苦,1
6601,共苦辛,1
6602,苦辛試,1
6603,辛試將,1
6604,試將生,1
6605,將生計,1
6606,生計問,1
6607,計問蓬,1
6608,問蓬根,1
6609,蓬根心,1
6610,根心委,1
6611,心委寒,1
6612,委寒灰,1
6613,寒灰首,1
6614,灰首戴,1
6615,首戴盆,1
6616,戴盆翅,1
6617,盆翅弱,1
6618,翅弱未,1
6619,弱未知,1
6620,未知三,1
6621,知三島,1
6622,三島路,1
6623,島路舌,1
6624,路舌頑,1
6625,舌頑虛,1
6626,頑虛掉,1
6627,虛掉五,1
6628,五侯門,1
6629,侯門嘯,1
6630,門嘯煙,1
6631,嘯煙白,1
6632,煙白狖,1
6633,白狖沈,1
6634,狖沈高,1
6635,沈高木,1
6636,高木搗,1
6637,木搗月,1
6638,搗月清,1
6639,月清砧,1
6640,清砧觸,1
6641,砧觸旅,1
6642,觸旅魂,1
6643,旅魂家,1
6644,魂家在,1
6645,家在碧,1
6646,在碧江,1
6647,碧江歸,1
6648,江歸不,1
6649,歸不得,1
6650,不得十,1
6651,得十年,1
6652,十年魚,1
6653,年魚艇,1
6654,魚艇長,1
6655,艇長苔,1
6656,長苔痕,1
6657,苔痕蕭,1
6658,痕蕭蕭,1
6659,蕭蕭羸,1
6660,蕭羸馬,1
6661,羸馬正,1
6662,馬正塵,1
6663,正塵埃,1
6664,塵埃又,1
6665,埃又送,1
6666,又送輶,1
6667,送輶軒,1
6668,輶軒向,1
6669,軒向吹,1
6670,向吹台,1
6671,吹台別,1
6672,台別酒,1
6673,別酒莫,1
6674,酒莫辭,1
6675,莫辭今,1
6676,辭今夜,1
6677,今夜醉,1
6678,夜醉故,1
6679,醉故人,1
6680,故人知,1
6681,人知是,1
6682,知是幾,1
6683,是幾時,1
6684,時回泉,1
6685,回泉經,1
6686,泉經華,1
6687,經華岳,1
6688,華岳猶,1
6689,岳猶應,1
6690,猶應凍,1
6691,應凍花,1
6692,凍花到,1
6693,花到梁,1
6694,到梁園,1
6695,梁園始,1
6696,園始合,1
6697,始合開,1
6698,合開為,1
6699,開為謝,1
6700,為謝東,1
6701,謝東門,1
6702,東門抱,1
6703,門抱關,1
6704,抱關吏,1
6705,關吏不,1
6706,吏不堪,1
6707,不堪惆,1
6708,堪惆悵,1
6709,惆悵滿,1
6710,悵滿離,1
6711,滿離杯,1
6712,離杯松,1
6713,杯松橘,1
6714,松橘蒼,1
6715,橘蒼黃,1
6716,蒼黃覆,1
6717,黃覆釣,1
6718,覆釣磯,1
6719,釣磯早,1
6720,磯早年,1
6721,早年生,1
6722,年生計,1
6723,生計近,1
6724,計近年,1
6725,近年違,1
6726,年違老,1
6727,違老知,1
6728,老知風,1
6729,知風月,1
6730,風月終,1
6731,月終堪,1
6732,終堪恨,1
6733,堪恨貧,1
6734,恨貧覺,1
6735,貧覺家,1
6736,覺家山,1
6737,家山不,1
6738,山不易,1
6739,不易歸,1
6740,易歸別,1
6741,歸別岸,1
6742,別岸客,1
6743,岸客帆,1
6744,客帆和,1
6745,帆和雁,1
6746,和雁落,1
6747,雁落晚,1
6748,落晚程,1
6749,晚程霜,1
6750,程霜葉,1
6751,霜葉向,1
6752,葉向人,1
6753,向人飛,1
6754,人飛買,1
6755,飛買臣,1
6756,買臣嚴,1
6757,臣嚴助,1
6758,嚴助精,1
6759,助精靈,1
6760,精靈在,1
6761,靈在應,1
6762,在應笑,1
6763,應笑無,1
6764,笑無成,1
6765,無成一,1
6766,成一布,1
6767,一布衣,1
6768,布衣賦,1
6769,衣賦成,1
6770,賦成無,1
6771,成無處,1
6772,無處換,1
6773,處換黃,1
6774,換黃金,1
6775,黃金卻,1
6776,金卻向,1
6777,卻向春,1
6778,向春風,1
6779,春風動,1
6780,風動越,1
6781,動越吟,1
6782,越吟天,1
6783,吟天子,1
6784,天子愛,1
6785,子愛才,1
6786,愛才雖,1
6787,才雖仄,1
6788,雖仄席,1
6789,仄席諸,1
6790,席諸生,1
6791,諸生多,1
6792,生多病,1
6793,多病又,1
6794,病又沾,1
6795,又沾襟,1
6796,沾襟柳,1
6797,襟柳攀,1
6798,柳攀灞,1
6799,攀灞岸,1
6800,灞岸狂,1
6801,岸狂遮,1
6802,狂遮袂,1
6803,遮袂水,1
6804,袂水憶,1
6805,水憶池,1
6806,憶池陽,1
6807,池陽淥,1
6808,陽淥滿,1
6809,淥滿心,1
6810,滿心珍,1
6811,心珍重,1
6812,珍重彩,1
6813,重彩衣,1
6814,彩衣歸,1
6815,衣歸正,1
6816,歸正好,1
6817,正好莫,1
6818,好莫將,1
6819,莫將閒,1
6820,將閒事,1
6821,閒事系,1
6822,事系升,1
6823,系升沈,1
6824,升沈丹,1
6825,沈丹桂,1
6826,丹桂無,1
6827,桂無心,1
6828,無心彼,1
6829,心彼此,1
6830,彼此諳,1
6831,此諳二,1
6832,諳二年,1
6833,二年疏,1
6834,共江潭,1
6835,江潭愁,1
6836,潭愁知,1
6837,愁知酒,1
6838,知酒醆,1
6839,酒醆終,1
6840,醆終難,1
6841,終難舍,1
6842,難舍老,1
6843,舍老覺,1
6844,老覺人,1
6845,覺人情,1
6846,人情轉,1
6847,情轉不,1
6848,轉不堪,1
6849,不堪雲,1
6850,堪雲外,1
6851,雲外鴛,1
6852,外鴛鴦,1
6853,鴛鴦非,1
6854,鴦非故,1
6855,非故舊,1
6856,故舊眼,1
6857,舊眼前,1
6858,眼前膠,1
6859,前膠漆,1
6860,膠漆似,1
6861,漆似煙,1
6862,似煙嵐,1
6863,煙嵐勞,1
6864,嵐勞歌,1
6865,勞歌一,1
6866,歌一曲,1
6867,一曲霜,1
6868,曲霜風,1
6869,霜風暮,1
6870,風暮擊,1
6871,暮擊折,1
6872,擊折湘,1
6873,折湘妃,1
6874,湘妃白,1
6875,妃白玉,1
6876,白玉簪,1
6877,玉簪衰,1
6878,簪衰羸,1
6879,衰羸豈,1
6880,羸豈合,1
6881,豈合話,1
6882,合話荊,1
6883,話荊州,1
6884,荊州爭,1
6885,州爭奈,1
6886,爭奈思,1
6887,奈思多,1
6888,思多不,1
6889,多不自,1
6890,自由無,1
6891,由無路,1
6892,無路重,1
6893,路重趨,1
6894,重趨桓,1
6895,趨桓典,1
6896,桓典馬,1
6897,典馬有,1
6898,馬有詩,1
6899,有詩曾,1
6900,詩曾上,1
6901,曾上仲,1
6902,上仲宣,1
6903,仲宣樓,1
6904,宣樓塵,1
6905,樓塵銷,1
6906,塵銷別,1
6907,銷別跡,1
6908,別跡堪,1
6909,跡堪垂,1
6910,堪垂淚,1
6911,垂淚樹,1
6912,淚樹拂,1
6913,樹拂他,1
6914,拂他門,1
6915,他門懶,1
6916,門懶舉,1
6917,懶舉頭,1
6918,舉頭一,1
6919,一種人,1
6920,種人間,1
6921,人間太,1
6922,間太平,1
6923,太平日,1
6924,平日獨,1
6925,日獨教,1
6926,獨教零,1
6927,教零落,1
6928,零落憶,1
6929,落憶滄,1
6930,憶滄洲,1
6931,滄洲楚,1
6932,洲楚城,1
6933,楚城日,1
6934,城日暮,1
6935,日暮煙,1
6936,暮煙靄,1
6937,煙靄深,1
6938,靄深楚,1
6939,深楚人,1
6940,楚人駐,1
6941,人駐馬,1
6942,駐馬還,1
6943,馬還登,1
6944,還登臨,1
6945,登臨襄,1
6946,臨襄王,1
6947,襄王台,1
6948,王台下,1
6949,台下水,1
6950,下水無,1
6951,水無賴,1
6952,無賴神,1
6953,賴神女,1
6954,神女廟,1
6955,女廟前,1
6956,廟前雲,1
6957,前雲有,1
6958,雲有心,1
6959,有心千,1
6960,心千載,1
6961,千載是,1
6962,載是非,1
6963,是非難,1
6964,非難重,1
6965,難重問,1
6966,重問一,1
6967,問一江,1
6968,一江風,1
6969,江風雨,1
6970,風雨好,1
6971,雨好閑,1
6972,好閑吟,1
6973,閑吟欲,1
6974,吟欲招,1
6975,欲招屈,1
6976,招屈宋,1
6977,屈宋當,1
6978,宋當時,1
6979,當時魄,1
6980,時魄蘭,1
6981,魄蘭敗,1
6982,蘭敗荷,1
6983,敗荷枯,1
6984,荷枯不,1
6985,枯不可,1
6986,可尋槐,1
6987,尋槐杪,1
6988,槐杪清,1
6989,杪清蟬,1
6990,清蟬煙,1
6991,蟬煙雨,1
6992,煙雨餘,1
6993,雨餘蕭,1
6994,餘蕭蕭,1
6995,蕭蕭涼,1
6996,蕭涼葉,1
6997,涼葉墮,1
6998,葉墮衣,1
6999,墮衣裾,1
7000,衣裾噪,1
7001,裾噪槎,1
7002,噪槎烏,1
7003,槎烏散,1
7004,烏散沈,1
7005,散沈蒼,1
7006,沈蒼嶺,1
7007,蒼嶺弄,1
7008,嶺弄杵,1
7009,弄杵風,1
7010,杵風高,1
7011,風高上,1
7012,高上碧,1
7013,上碧虛,1
7014,碧虛百,1
7015,虛百歲,1
7016,百歲夢,1
7017,歲夢生,1
7018,夢生悲,1
7019,生悲蛺,1
7020,悲蛺蝶,1
7021,蛺蝶一,1
7022,蝶一朝,1
7023,一朝香,1
7024,朝香死,1
7025,香死泣,1
7026,死泣芙,1
7027,泣芙蕖,1
7028,芙蕖六,1
7029,蕖六宮,1
7030,六宮誰,1
7031,宮誰買,1
7032,誰買相,1
7033,買相如,1
7034,相如賦,1
7035,如賦團,1
7036,賦團扇,1
7037,團扇恩,1
7038,扇恩情,1
7039,恩情日,1
7040,情日日,1
7041,日日疏,1
7042,日疏潮,1
7043,疏潮平,1
7044,潮平遠,1
7045,平遠岸,1
7046,遠岸草,1
7047,岸草侵,1
7048,草侵沙,1
7049,侵沙東,1
7050,沙東晉,1
7051,東晉衰,1
7052,晉衰來,1
7053,衰來最,1
7054,來最可,1
7055,最可嗟,1
7056,可嗟庾,1
7057,嗟庾舅,1
7058,庾舅已,1
7059,舅已能,1
7060,已能窺,1
7061,能窺帝,1
7062,窺帝室,1
7063,帝室王,1
7064,室王都,1
7065,王都還,1
7066,都還是,1
7067,還是預,1
7068,是預人,1
7069,預人家,1
7070,人家山,1
7071,家山寒,1
7072,山寒老,1
7073,寒老樹,1
7074,老樹啼,1
7075,樹啼風,1
7076,啼風曲,1
7077,風曲泉,1
7078,曲泉暖,1
7079,泉暖枯,1
7080,暖枯骸,1
7081,枯骸動,1
7082,骸動芷,1
7083,動芷牙,1
7084,芷牙欲,1
7085,牙欲起,1
7086,欲起九,1
7087,起九原,1
7088,九原看,1
7089,原看一,1
7090,看一遍,1
7091,一遍秦,1
7092,遍秦淮,1
7093,秦淮聲,1
7094,淮聲急,1
7095,聲急日,1
7096,急日西,1
7097,日西斜,1
7098,西斜江,1
7099,斜江蘺,1
7100,江蘺漠,1
7101,蘺漠漠,1
7102,漠漠樹,1
7103,漠樹重,1
7104,樹重重,1
7105,重重東,1
7106,重東過,1
7107,東過清,1
7108,過清淮,1
7109,清淮到,1
7110,淮到宿,1
7111,到宿松,1
7112,宿松縣,1
7113,松縣好,1
7114,縣好也,1
7115,好也知,1
7116,也知臨,1
7117,知臨浣,1
7118,臨浣水,1
7119,浣水官,1
7120,水官閑,1
7121,官閑應,1
7122,閑應得,1
7123,應得看,1
7124,得看灊,1
7125,看灊峰,1
7126,灊峰春,1
7127,峰春生,1
7128,春生綠,1
7129,生綠野,1
7130,綠野吳,1
7131,野吳歌,1
7132,吳歌怨,1
7133,歌怨雪,1
7134,怨雪霽,1
7135,雪霽平,1
7136,霽平郊,1
7137,平郊楚,1
7138,郊楚酒,1
7139,楚酒濃,1
7140,酒濃留,1
7141,濃留取,1
7142,留取餘,1
7143,取餘杯,1
7144,餘杯待,1
7145,杯待張,1
7146,待張翰,1
7147,張翰明,1
7148,翰明年,1
7149,明年歸,1
7150,年歸棹,1
7151,歸棹一,1
7152,棹一從,1
7153,一從容,1
7154,從容敗,1
7155,容敗垣,1
7156,敗垣危,1
7157,垣危堞,1
7158,危堞跡,1
7159,堞跡依,1
7160,跡依稀,1
7161,依稀試,1
7162,稀試駐,1
7163,試駐羸,1
7164,駐羸驂,1
7165,羸驂吊,1
7166,驂吊落,1
7167,吊落暉,1
7168,落暉跋,1
7169,暉跋扈,1
7170,跋扈以,1
7171,扈以成,1
7172,以成梁,1
7173,成梁冀,1
7174,梁冀在,1
7175,冀在簡,1
7176,在簡書,1
7177,簡書難,1
7178,書難問,1
7179,難問杜,1
7180,問杜喬,1
7181,杜喬歸,1
7182,喬歸由,1
7183,歸由來,1
7184,由來世,1
7185,來世事,1
7186,世事須,1
7187,事須翻,1
7188,須翻覆,1
7189,翻覆未,1
7190,覆未必,1
7191,未必餘,1
7192,必餘才,1
7193,餘才解,1
7194,才解是,1
7195,解是非,1
7196,是非千,1
7197,非千載,1
7198,千載昆,1
7199,載昆陽,1
7200,昆陽好,1
7201,陽好功,1
7202,好功業,1
7203,功業與,1
7204,業與君,1
7205,與君門,1
7206,君門下,1
7207,門下作,1
7208,下作恩,1
7209,作恩威,1
7210,恩威百,1
7211,威百尺,1
7212,百尺高,1
7213,尺高臺,1
7214,高臺勃,1
7215,臺勃勃,1
7216,勃勃州,1
7217,勃州大,1
7218,州大刀,1
7219,大刀長,1
7220,刀長戟,1
7221,長戟漢,1
7222,戟漢諸,1
7223,漢諸侯,1
7224,諸侯征,1
7225,侯征鴻,1
7226,征鴻過,1
7227,鴻過盡,1
7228,過盡邊,1
7229,盡邊雲,1
7230,邊雲闊,1
7231,雲闊戰,1
7232,闊戰馬,1
7233,馬閑來,1
7234,閑來塞,1
7235,來塞草,1
7236,塞草秋,1
7237,草秋國,1
7238,秋國計,1
7239,國計已,1
7240,計已推,1
7241,已推肝,1
7242,推肝膽,1
7243,肝膽許,1
7244,膽許家,1
7245,許家財,1
7246,家財不,1
7247,財不為,1
7248,不為子,1
7249,為子孫,1
7250,子孫謀,1
7251,孫謀仍,1
7252,謀仍聞,1
7253,仍聞隴,1
7254,聞隴蜀,1
7255,隴蜀由,1
7256,蜀由多,1
7257,由多事,1
7258,多事深,1
7259,事深喜,1
7260,深喜將,1
7261,喜將軍,1
7262,將軍未,1
7263,軍未白,1
7264,未白頭,1
7265,白頭半,1
7266,頭半年,1
7267,半年池,1
7268,年池口,1
7269,池口恨,1
7270,口恨萍,1
7271,恨萍蓬,1
7272,萍蓬今,1
7273,蓬今日,1
7274,今日思,1
7275,日思量,1
7276,思量已,1
7277,量已夢,1
7278,已夢中,1
7279,夢中遊,1
7280,中遊子,1
7281,遊子馬,1
7282,子馬蹄,1
7283,馬蹄難,1
7284,蹄難重,1
7285,重到故,1
7286,到故人,1
7287,故人尊,1
7288,人尊酒,1
7289,尊酒與,1
7290,酒與誰,1
7291,與誰同,1
7292,誰同山,1
7293,同山橫,1
7294,山橫翠,1
7295,橫翠後,1
7296,翠後千,1
7297,後千重,1
7298,千重綠,1
7299,重綠蠟,1
7300,綠蠟想,1
7301,蠟想歌,1
7302,想歌時,1
7303,歌時一,1
7304,時一燼,1
7305,一燼紅,1
7306,燼紅從,1
7307,紅從此,1
7308,從此客,1
7309,此客程,1
7310,客程君,1
7311,程君不,1
7312,君不見,1
7313,不見麥,1
7314,見麥秋,1
7315,麥秋梅,1
7316,秋梅雨,1
7317,梅雨遍,1
7318,雨遍江,1
7319,遍江東,1
7320,江東中,1
7321,東中間,1
7322,中間聲,1
7323,間聲跡,1
7324,聲跡早,1
7325,跡早熏,1
7326,早熏然,1
7327,熏然阻,1
7328,然阻避,1
7329,阻避鈞,1
7330,避鈞衡,1
7331,鈞衡過,1
7332,衡過十,1
7333,過十年,1
7334,十年碧,1
7335,年碧海,1
7336,碧海浪,1
7337,海浪高,1
7338,浪高終,1
7339,高終濟,1
7340,終濟物,1
7341,濟物蒼,1
7342,物蒼梧,1
7343,蒼梧雲,1
7344,梧雲好,1
7345,雲好已,1
7346,好已歸,1
7347,已歸天,1
7348,歸天花,1
7349,天花迎,1
7350,花迎彩,1
7351,迎彩服,1
7352,彩服離,1
7353,服離鶯,1
7354,離鶯谷,1
7355,鶯谷柳,1
7356,谷柳傍,1
7357,柳傍東,1
7358,傍東風,1
7359,東風觸,1
7360,風觸馬,1
7361,觸馬鞭,1
7362,馬鞭應,1
7363,鞭應念,1
7364,應念淒,1
7365,念淒涼,1
7366,淒涼洞,1
7367,涼洞庭,1
7368,洞庭客,1
7369,庭客夜,1
7370,客夜深,1
7371,夜深雙,1
7372,深雙淚,1
7373,雙淚憶,1
7374,淚憶漁,1
7375,憶漁船,1
7376,漁船一,1
7377,船一枝,1
7378,一枝何,1
7379,枝何足,1
7380,何足解,1
7381,足解人,1
7382,解人愁,1
7383,人愁拋,1
7384,愁拋卻,1
7385,拋卻還,1
7386,卻還隨,1
7387,還隨定,1
7388,隨定遠,1
7389,定遠侯,1
7390,遠侯紫,1
7391,侯紫陌,1
7392,紫陌紅,1
7393,陌紅塵,1
7394,紅塵今,1
7395,塵今別,1
7396,今別恨,1
7397,別恨九,1
7398,恨九衢,1
7399,闕夜同,1
7400,夜同遊,1
7401,同遊芳,1
7402,遊芳時,1
7403,芳時易,1
7404,時易失,1
7405,易失勞,1
7406,失勞行,1
7407,勞行止,1
7408,行止良,1
7409,止良會,1
7410,良會難,1
7411,會難期,1
7412,難期且,1
7413,期且駐,1
7414,且駐留,1
7415,駐留若,1
7416,留若到,1
7417,若到邊,1
7418,到邊庭,1
7419,邊庭有,1
7420,庭有來,1
7421,有來使,1
7422,來使試,1
7423,使試批,1
7424,試批書,1
7425,批書尾,1
7426,書尾話,1
7427,尾話梁,1
7428,話梁州,1
7429,梁州錦,1
7430,州錦帳,1
7431,錦帳郎,1
7432,帳郎官,1
7433,郎官塞,1
7434,官塞詔,1
7435,塞詔年,1
7436,詔年汀,1
7437,年汀洲,1
7438,汀洲曾,1
7439,洲曾駐,1
7440,曾駐木,1
7441,駐木蘭,1
7442,木蘭船,1
7443,蘭船禰,1
7444,船禰衡,1
7445,禰衡酒,1
7446,衡酒醒,1
7447,酒醒春,1
7448,醒春瓶,1
7449,春瓶倒,1
7450,瓶倒柳,1
7451,倒柳惲,1
7452,惲詩成,1
7453,詩成海,1
7454,成海月,1
7455,海月圓,1
7456,月圓歌,1
7457,圓歌蹙,1
7458,歌蹙遠,1
7459,蹙遠山,1
7460,遠山珠,1
7461,山珠滴,1
7462,珠滴滴,1
7463,滴滴漏,1
7464,滴漏催,1
7465,漏催香,1
7466,催香燭,1
7467,香燭淚,1
7468,燭淚漣,1
7469,淚漣漣,1
7470,漣漣使,1
7471,漣使君,1
7472,使君入,1
7473,君入拜,1
7474,入拜吾,1
7475,拜吾徒,1
7476,吾徒在,1
7477,徒在宣,1
7478,在宣室,1
7479,宣室他,1
7480,室他時,1
7481,他時豈,1
7482,時豈偶,1
7483,豈偶然,1
7484,偶然蘋,1
7485,然蘋洲,1
7486,蘋洲重,1
7487,洲重到,1
7488,重到杳,1
7489,到杳難,1
7490,杳難期,1
7491,難期西,1
7492,期西倚,1
7493,西倚郵,1
7494,倚郵亭,1
7495,郵亭憶,1
7496,亭憶往,1
7497,憶往時,1
7498,往時北,1
7499,時北海,1
7500,北海尊,1
7501,海尊中,1
7502,尊中常,1
7503,中常有,1
7504,常有酒,1
7505,有酒東,1
7506,酒東陽,1
7507,東陽樓,1
7508,陽樓上,1
7509,樓上豈,1
7510,上豈無,1
7511,豈無詩,1
7512,無詩地,1
7513,詩地清,1
7514,地清每,1
7515,清每負,1
7516,每負生,1
7517,負生靈,1
7518,生靈望,1
7519,靈望官,1
7520,望官重,1
7521,官重方,1
7522,重方升,1
7523,方升禮,1
7524,升禮樂,1
7525,禮樂司,1
7526,樂司聞,1
7527,司聞說,1
7528,聞說江,1
7529,說江南,1
7530,江南舊,1
7531,南舊歌,1
7532,舊歌曲,1
7533,歌曲至,1
7534,曲至今,1
7535,至今猶,1
7536,今猶自,1
7537,猶自唱,1
7538,自唱吳,1
7539,唱吳姬,1
7540,吳姬吳,1
7541,姬吳塞,1
7542,吳塞當,1
7543,塞當時,1
7544,當時指,1
7545,時指此,1
7546,指此山,1
7547,此山吳,1
7548,山吳都,1
7549,吳都亡,1
7550,都亡後,1
7551,亡後綠,1
7552,後綠孱,1
7553,綠孱顏,1
7554,孱顏嶺,1
7555,顏嶺梅,1
7556,嶺梅乍,1
7557,梅乍暖,1
7558,乍暖殘,1
7559,暖殘妝,1
7560,殘妝恨,1
7561,妝恨沙,1
7562,恨沙鳥,1
7563,沙鳥初,1
7564,鳥初晴,1
7565,初晴小,1
7566,晴小隊,1
7567,小隊閑,1
7568,隊閑波,1
7569,閑波闊,1
7570,波闊魚,1
7571,闊魚龍,1
7572,魚龍應,1
7573,龍應混,1
7574,應混雜,1
7575,混雜壁,1
7576,雜壁危,1
7577,壁危猿,1
7578,危猿狖,1
7579,猿狖奈,1
7580,狖奈奸,1
7581,奈奸頑,1
7582,奸頑會,1
7583,頑會將,1
7584,會將一,1
7585,將一副,1
7586,一副寒,1
7587,副寒蓑,1
7588,寒蓑笠,1
7589,蓑笠來,1
7590,笠來與,1
7591,來與漁,1
7592,與漁翁,1
7593,漁翁作,1
7594,翁作往,1
7595,作往還,1
7596,往還梁,1
7597,還梁宋,1
7598,梁宋追,1
7599,宋追遊,1
7600,追遊早,1
7601,遊早歲,1
7602,早歲同,1
7603,歲同偶,1
7604,同偶然,1
7605,偶然違,1
7606,然違別,1
7607,違別事,1
7608,別事皆,1
7609,事皆空,1
7610,皆空年,1
7611,空年如,1
7612,年如流,1
7613,如流水,1
7614,流水催,1
7615,水催何,1
7616,催何急,1
7617,何急道,1
7618,急道似,1
7619,道似危,1
7620,似危途,1
7621,危途動,1
7622,途動即,1
7623,動即窮,1
7624,即窮醉,1
7625,窮醉舞,1
7626,醉舞且,1
7627,舞且欣,1
7628,且欣連,1
7629,欣連夜,1
7630,連夜月,1
7631,夜月狂,1
7632,月狂吟,1
7633,狂吟還,1
7634,吟還聚,1
7635,還聚上,1
7636,聚上樓,1
7637,上樓風,1
7638,樓風煩,1
7639,風煩君,1
7640,煩君更,1
7641,君更枉,1
7642,更枉騷,1
7643,枉騷人,1
7644,騷人句,1
7645,人句白,1
7646,句白鳳,1
7647,白鳳靈,1
7648,鳳靈蛇,1
7649,靈蛇滿,1
7650,蛇滿袖,1
7651,滿袖中,1
7652,袖中仙,1
7653,中仙桂,1
7654,仙桂高,1
7655,桂高高,1
7656,高高似,1
7657,高似有,1
7658,似有神,1
7659,有神貂,1
7660,神貂裘,1
7661,貂裘敝,1
7662,裘敝盡,1
7663,敝盡取,1
7664,盡取無,1
7665,取無因,1
7666,無因難,1
7667,因難將,1
7668,難將白,1
7669,將白髮,1
7670,白髮期,1
7671,髮期公,1
7672,期公道,1
7673,公道不,1
7674,道不覺,1
7675,不覺丹,1
7676,覺丹枝,1
7677,丹枝屬,1
7678,枝屬別,1
7679,屬別人,1
7680,別人雙,1
7681,人雙闕,1
7682,雙闕往,1
7683,闕往來,1
7684,往來慚,1
7685,來慚請,1
7686,慚請謁,1
7687,請謁五,1
7688,謁五湖,1
7689,五湖歸,1
7690,湖歸後,1
7691,歸後恥,1
7692,後恥交,1
7693,恥交親,1
7694,交親盈,1
7695,親盈盤,1
7696,盈盤紫,1
7697,盤紫蟹,1
7698,紫蟹千,1
7699,蟹千卮,1
7700,千卮酒,1
7701,卮酒添,1
7702,酒添得,1
7703,添得臨,1
7704,得臨岐,1
7705,臨岐淚,1
7706,岐淚滿,1
7707,滿巾朝,1
7708,巾朝論,1
7709,朝論國,1
7710,論國計,1
7711,國計暮,1
7712,計暮論,1
7713,暮論兵,1
7714,論兵餘,1
7715,兵餘力,1
7716,力猶隨,1
7717,猶隨鳳,1
7718,隨鳳藻,1
7719,鳳藻生,1
7720,藻生語,1
7721,生語繼,1
7722,語繼盤,1
7723,繼盤盂,1
7724,盤盂拋,1
7725,盂拋俗,1
7726,拋俗格,1
7727,俗格氣,1
7728,格氣兼,1
7729,氣兼河,1
7730,兼河岳,1
7731,河岳帶,1
7732,岳帶商,1
7733,帶商聲,1
7734,商聲閑,1
7735,聲閑尋,1
7736,閑尋綺,1
7737,尋綺思,1
7738,綺思千,1
7739,思千花,1
7740,千花麗,1
7741,花麗靜,1
7742,麗靜想,1
7743,靜想高,1
7744,想高吟,1
7745,高吟六,1
7746,吟六義,1
7747,六義清,1
7748,義清天,1
7749,清天柄,1
7750,天柄已,1
7751,柄已持,1
7752,已持堯,1
7753,持堯典,1
7754,堯典在,1
7755,典在更,1
7756,在更堪,1
7757,更堪回,1
7758,回首問,1
7759,首問緣,1
7760,問緣情,1
7761,緣情燕,1
7762,情燕戀,1
7763,燕戀雕,1
7764,戀雕梁,1
7765,雕梁馬,1
7766,梁馬戀,1
7767,馬戀軒,1
7768,戀軒此,1
7769,軒此心,1
7770,此心從,1
7771,心從此,1
7772,從此更,1
7773,此更何,1
7774,更何言,1
7775,何言直,1
7776,言直將,1
7777,直將塵,1
7778,將塵外,1
7779,塵外三,1
7780,外三生,1
7781,三生命,1
7782,生命未,1
7783,命未敵,1
7784,未敵君,1
7785,敵君侯,1
7786,君侯一,1
7787,侯一日,1
7788,一日恩,1
7789,日恩紅,1
7790,恩紅蠟,1
7791,紅蠟有,1
7792,蠟有時,1
7793,時還入,1
7794,還入夢,1
7795,入夢片,1
7796,夢片帆,1
7797,片帆何,1
7798,帆何處,1
7799,何處獨,1
7800,處獨銷,1
7801,獨銷魂,1
7802,銷魂忍,1
7803,魂忍看,1
7804,忍看明,1
7805,看明發,1
7806,明發衣,1
7807,發衣襟,1
7808,衣襟上,1
7809,襟上珠,1
7810,上珠淚,1
7811,珠淚痕,1
7812,淚痕中,1
7813,痕中見,1
7814,中見酒,1
7815,見酒痕,1
7816,酒痕鳳,1
7817,痕鳳裏,1
7818,鳳裏前,1
7819,裏前年,1
7820,前年別,1
7821,年別望,1
7822,別望郎,1
7823,望郎丁,1
7824,郎丁甯,1
7825,丁甯唯,1
7826,甯唯恐,1
7827,唯恐滯,1
7828,恐滯吳,1
7829,滯吳鄉,1
7830,吳鄉勸,1
7831,鄉勸疏,1
7832,勸疏杯,1
7833,疏杯酒,1
7834,杯酒知,1
7835,酒知妨,1
7836,知妨事,1
7837,妨事乞,1
7838,事乞與,1
7839,乞與書,1
7840,與書題,1
7841,書題作,1
7842,題作裹,1
7843,作裹糧,1
7844,裹糧蘋,1
7845,糧蘋鹿,1
7846,蘋鹿未,1
7847,鹿未能,1
7848,未能移,1
7849,能移海,1
7850,移海曲,1
7851,海曲縣,1
7852,曲縣花,1
7853,縣花尋,1
7854,花尋已,1
7855,尋已落,1
7856,已落河,1
7857,落河陽,1
7858,河陽九,1
7859,陽九原,1
7860,九原自,1
7861,原自此,1
7862,自此無,1
7863,此無因,1
7864,因見反,1
7865,見反復,1
7866,反復遺,1
7867,復遺蹤,1
7868,遺蹤淚,1
7869,蹤淚萬,1
7870,淚萬行,1
7871,萬行逼,1
7872,行逼臉,1
7873,逼臉橫,1
7874,臉橫頤,1
7875,橫頤咽,1
7876,頤咽複,1
7877,咽複勻,1
7878,複勻也,1
7879,勻也曾,1
7880,也曾讒,1
7881,曾讒毀,1
7882,讒毀也,1
7883,毀也傷,1
7884,也傷神,1
7885,傷神自,1
7886,神自從,1
7887,自從魯,1
7888,從魯國,1
7889,魯國潸,1
7890,國潸然,1
7891,潸然後,1
7892,然後不,1
7893,後不是,1
7894,不是奸,1
7895,是奸人,1
7896,奸人即,1
7897,人即婦,1
7898,即婦人,1
7899,婦人銅,1
7900,人銅梁,1
7901,銅梁路,1
7902,梁路遠,1
7903,路遠草,1
7904,遠草青,1
7905,青青此,1
7906,青此恨,1
7907,此恨那,1
7908,恨那堪,1
7909,那堪枕,1
7910,堪枕上,1
7911,枕上聽,1
7912,上聽一,1
7913,聽一種,1
7914,一種有,1
7915,種有冤,1
7916,有冤猶,1
7917,冤猶可,1
7918,猶可報,1
7919,可報不,1
7920,報不如,1
7921,不如銜,1
7922,如銜石,1
7923,銜石疊,1
7924,石疊滄,1
7925,疊滄溟,1
7926,滄溟讓,1
7927,溟讓高,1
7928,讓高泰,1
7929,高泰伯,1
7930,泰伯開,1
7931,伯開基,1
7932,開基日,1
7933,基日賢,1
7934,日賢見,1
7935,賢見延,1
7936,見延陵,1
7937,延陵複,1
7938,陵複命,1
7939,複命時,1
7940,命時未,1
7941,時未會,1
7942,未會子,1
7943,會子孫,1
7944,子孫因,1
7945,孫因底,1
7946,因底事,1
7947,底事解,1
7948,事解崇,1
7949,解崇台,1
7950,崇台榭,1
7951,台榭為,1
7952,榭為西,1
7953,為西施,1
7954,西施男,1
7955,施男兒,1
7956,男兒未,1
7957,兒未必,1
7958,未必盡,1
7959,必盡英,1
7960,盡英雄,1
7961,英雄但,1
7962,雄但到,1
7963,但到時,1
7964,到時來,1
7965,時來即,1
7966,來即命,1
7967,即命通,1
7968,命通若,1
7969,通若使,1
7970,若使吳,1
7971,使吳都,1
7972,吳都猶,1
7973,都猶王,1
7974,猶王氣,1
7975,王氣將,1
7976,氣將軍,1
7977,將軍何,1
7978,軍何處,1
7979,何處立,1
7980,處立殊,1
7981,立殊功,1
7982,殊功心,1
7983,功心如,1
7984,心如野,1
7985,如野鹿,1
7986,野鹿跡,1
7987,鹿跡如,1
7988,跡如萍,1
7989,如萍謾,1
7990,萍謾向,1
7991,謾向人,1
7992,人間性,1
7993,間性一,1
7994,性一靈,1
7995,一靈往,1
7996,靈往事,1
7997,往事不,1
7998,事不知,1
7999,不知多,1
8000,多少夢,1
8001,少夢夜,1
8002,夢夜來,1
8003,夜來和,1
8004,來和酒,1
8005,和酒一,1
8006,酒一時,1
8007,一時醒,1
8008,時醒蘭,1
8009,醒蘭亭,1
8010,蘭亭醉,1
8011,亭醉客,1
8012,醉客舊,1
8013,客舊知,1
8014,舊知聞,1
8015,知聞欲,1
8016,聞欲問,1
8017,欲問平,1
8018,問平安,1
8019,平安隔,1
8020,安隔海,1
8021,隔海雲,1
8022,海雲不,1
8023,雲不是,1
8024,不是金,1
8025,是金陵,1
8026,金陵錢,1
8027,陵錢太,1
8028,錢太尉,1
8029,太尉世,1
8030,尉世間,1
8031,世間誰,1
8032,間誰肯,1
8033,誰肯更,1
8034,肯更容,1
8035,更容身,1
8036,容身鼇,1
8037,身鼇背,1
8038,鼇背樓,1
8039,背樓臺,1
8040,樓臺拂,1
8041,臺拂白,1
8042,拂白榆,1
8043,白榆此,1
8044,榆此中,1
8045,此中槎,1
8046,中槎客,1
8047,槎客亦,1
8048,客亦踟,1
8049,亦踟躊,1
8050,踟躊牢,1
8051,躊牢山,1
8052,牢山道,1
8053,山道士,1
8054,道士無,1
8055,士無仙,1
8056,無仙骨,1
8057,仙骨卻,1
8058,骨卻向,1
8059,卻向人,1
8060,間作酒,1
8061,作酒徒,1
8062,酒徒故,1
8063,徒故人,1
8064,故人不,1
8065,人不可,1
8066,不可見,1
8067,可見聊,1
8068,見聊複,1
8069,聊複拂,1
8070,複拂鳴,1
8071,拂鳴琴,1
8072,鳴琴鵲,1
8073,琴鵲繞,1
8074,鵲繞風,1
8075,繞風枝,1
8076,風枝急,1
8077,枝急螢,1
8078,急螢藏,1
8079,螢藏露,1
8080,藏露草,1
8081,露草深,1
8082,草深平,1
8083,深平生,1
8084,平生四,1
8085,生四方,1
8086,四方志,1
8087,方志此,1
8088,志此夜,1
8089,此夜五,1
8090,夜五湖,1
8091,五湖心,1
8092,湖心惆,1
8093,心惆悵,1
8094,惆悵友,1
8095,悵友朋,1
8096,友朋盡,1
8097,朋盡洋,1
8098,盡洋洋,1
8099,洋洋漫,1
8100,洋漫好,1
8101,漫好音,1
8102,好音龍,1
8103,音龍樓,1
8104,龍樓李,1
8105,樓李丞,1
8106,李丞相,1
8107,丞相昔,1
8108,相昔歲,1
8109,昔歲仰,1
8110,歲仰高,1
8111,仰高文,1
8112,高文黃,1
8113,文黃閣,1
8114,黃閣尋,1
8115,閣尋無,1
8116,無主青,1
8117,主青山,1
8118,青山竟,1
8119,山竟未,1
8120,竟未焚,1
8121,未焚夜,1
8122,焚夜船,1
8123,夜船乘,1
8124,船乘海,1
8125,乘海月,1
8126,海月秋,1
8127,月秋寺,1
8128,秋寺伴,1
8129,寺伴江,1
8130,伴江雲,1
8131,江雲卻,1
8132,雲卻恐,1
8133,卻恐塵,1
8134,恐塵埃,1
8135,塵埃裏,1
8136,埃裏浮,1
8137,裏浮名,1
8138,浮名點,1
8139,名點汙,1
8140,點汙君,1
8141,汙君中,1
8142,君中間,1
8143,中間李,1
8144,間李建,1
8145,李建州,1
8146,建州夏,1
8147,州夏汭,1
8148,夏汭偶,1
8149,汭偶同,1
8150,偶同遊,1
8151,同遊顧,1
8152,遊顧我,1
8153,顧我論,1
8154,我論佳,1
8155,論佳句,1
8156,佳句推,1
8157,句推君,1
8158,推君最,1
8159,君最上,1
8160,最上流,1
8161,上流九,1
8162,流九霄,1
8163,九霄無,1
8164,霄無鶴,1
8165,無鶴板,1
8166,鶴板雙,1
8167,板雙鬢,1
8168,雙鬢老,1
8169,鬢老漁,1
8170,老漁舟,1
8171,漁舟世,1
8172,舟世難,1
8173,世難方,1
8174,難方如,1
8175,方如此,1
8176,如此何,1
8177,此何當,1
8178,何當浣,1
8179,當浣旅,1
8180,浣旅愁,1
8181,旅愁兵,1
8182,愁兵戈,1
8183,兵戈村,1
8184,戈村落,1
8185,村落破,1
8186,落破饑,1
8187,破饑儉,1
8188,饑儉虎,1
8189,儉虎狼,1
8190,虎狼驕,1
8191,狼驕吾,1
8192,驕吾土,1
8193,吾土兼,1
8194,土兼連,1
8195,兼連此,1
8196,連此離,1
8197,此離魂,1
8198,離魂望,1
8199,魂望裏,1
8200,望裏消,1
8201,裏消梁,1
8202,消梁王,1
8203,梁王握,1
8204,王握豹,1
8205,握豹韜,1
8206,豹韜雪,1
8207,韜雪裏,1
8208,雪裏見,1
8209,裏見枚,1
8210,見枚皋,1
8211,枚皋上,1
8212,皋上客,1
8213,上客趨,1
8214,客趨丹,1
8215,趨丹陛,1
8216,丹陛遊,1
8217,陛遊人,1
8218,遊人歎,1
8219,人歎二,1
8220,歎二毛,1
8221,二毛門,1
8222,毛門閑,1
8223,門閑知,1
8224,閑知待,1
8225,知待詔,1
8226,待詔星,1
8227,詔星動,1
8228,星動想,1
8229,動想濡,1
8230,想濡毫,1
8231,濡毫一,1
8232,毫一首,1
8233,一首長,1
8234,首長楊,1
8235,楊賦應,1
8236,賦應嫌,1
8237,應嫌索,1
8238,嫌索價,1
8239,索價高,1
8240,價高秋,1
8241,高秋日,1
8242,秋日黃,1
8243,日黃陂,1
8244,黃陂下,1
8245,陂下孤,1
8246,下孤舟,1
8247,孤舟憶,1
8248,舟憶共,1
8249,憶共誰,1
8250,共誰江,1
8251,誰江山,1
8252,江山三,1
8253,山三楚,1
8254,三楚分,1
8255,楚分風,1
8256,分風雨,1
8257,風雨二,1
8258,雨二妃,1
8259,二妃祠,1
8260,妃祠知,1
8261,祠知己,1
8262,知己秦,1
8263,己秦貂,1
8264,秦貂沒,1
8265,貂沒流,1
8266,沒流年,1
8267,流年賈,1
8268,年賈鵩,1
8269,賈鵩悲,1
8270,鵩悲中,1
8271,悲中原,1
8272,中原正,1
8273,原正兵,1
8274,正兵馬,1
8275,兵馬相,1
8276,馬相見,1
8277,相見是,1
8278,見是何,1
8279,是何時,1
8280,何時分,1
8281,時分漕,1
8282,分漕得,1
8283,漕得洛,1
8284,得洛川,1
8285,洛川讜,1
8286,川讜議,1
8287,讜議更,1
8288,議更昭,1
8289,更昭然,1
8290,昭然在,1
8291,然在省,1
8292,在省曾,1
8293,省曾批,1
8294,曾批敕,1
8295,批敕中,1
8296,敕中台,1
8297,中台肯,1
8298,台肯避,1
8299,肯避權,1
8300,避權所,1
8301,權所悲,1
8302,所悲時,1
8303,悲時漸,1
8304,時漸薄,1
8305,漸薄共,1
8306,薄共賀,1
8307,共賀道,1
8308,賀道由,1
8309,道由全,1
8310,由全賣,1
8311,全賣與,1
8312,賣與清,1
8313,與清平,1
8314,清平代,1
8315,平代相,1
8316,代相兼,1
8317,相兼直,1
8318,兼直幾,1
8319,直幾錢,1
8320,幾錢不,1
8321,錢不是,1
8322,不是逢,1
8323,是逢清,1
8324,逢清世,1
8325,清世何,1
8326,世何由,1
8327,由見皂,1
8328,見皂囊,1
8329,皂囊事,1
8330,囊事雖,1
8331,事雖危,1
8332,雖危虎,1
8333,危虎尾,1
8334,虎尾名,1
8335,尾名勝,1
8336,名勝泊,1
8337,勝泊鵷,1
8338,泊鵷行,1
8339,鵷行毒,1
8340,行毒霧,1
8341,毒霧郴,1
8342,霧郴江,1
8343,郴江闊,1
8344,江闊愁,1
8345,闊愁雲,1
8346,愁雲楚,1
8347,雲楚驛,1
8348,楚驛長,1
8349,驛長歸,1
8350,長歸時,1
8351,歸時有,1
8352,時有詩,1
8353,有詩賦,1
8354,詩賦一,1
8355,賦一為,1
8356,一為吊,1
8357,為吊沉,1
8358,吊沉湘,1
8359,沉湘劍,1
8360,湘劍佩,1
8361,劍佩孫,1
8362,佩孫弘,1
8363,孫弘閣,1
8364,弘閣戈,1
8365,閣戈鋋,1
8366,戈鋋太,1
8367,鋋太尉,1
8368,太尉營,1
8369,尉營重,1
8370,營重言,1
8371,重言虛,1
8372,言虛有,1
8373,虛有位,1
8374,有位孤,1
8375,位孤立,1
8376,孤立竟,1
8377,立竟無,1
8378,竟無成,1
8379,無成丘,1
8380,成丘隴,1
8381,丘隴笳,1
8382,隴笳簫,1
8383,笳簫咽,1
8384,簫咽池,1
8385,咽池台,1
8386,池台歲,1
8387,台歲月,1
8388,歲月平,1
8389,月平此,1
8390,平此恩,1
8391,此恩何,1
8392,恩何以,1
8393,以報歸,1
8394,報歸處,1
8395,歸處是,1
8396,處是柴,1
8397,是柴荊,1
8398,柴荊越,1
8399,荊越海,1
8400,越海霜,1
8401,海霜天,1
8402,霜天暮,1
8403,天暮辭,1
8404,暮辭韜,1
8405,辭韜野,1
8406,韜野草,1
8407,野草幹,1
8408,草幹俊,1
8409,幹俊通,1
8410,俊通司,1
8411,通司隸,1
8412,司隸職,1
8413,隸職嚴,1
8414,職嚴奉,1
8415,嚴奉武,1
8416,奉武夫,1
8417,武夫官,1
8418,夫官眼,1
8419,官眼惡,1
8420,眼惡藏,1
8421,惡藏蜂,1
8422,藏蜂在,1
8423,蜂在心,1
8424,在心粗,1
8425,心粗逐,1
8426,粗逐物,1
8427,逐物殫,1
8428,物殫近,1
8429,殫近來,1
8430,近來脂,1
8431,來脂膩,1
8432,脂膩足,1
8433,膩足驅,1
8434,足驅遣,1
8435,驅遣不,1
8436,遣不妨,1
8437,不妨難,1
8438,妨難紅,1
8439,難紅塵,1
8440,紅塵擾,1
8441,塵擾擾,1
8442,擾擾間,1
8443,擾間立,1
8444,間立馬,1
8445,立馬看,1
8446,馬看南,1
8447,看南山,1
8448,南山謾,1
8449,山謾道,1
8450,謾道經,1
8451,道經年,1
8452,經年往,1
8453,年往何,1
8454,往何妨,1
8455,何妨逐,1
8456,妨逐日,1
8457,逐日閑,1
8458,日閑病,1
8459,閑病中,1
8460,病中霜,1
8461,中霜葉,1
8462,霜葉赤,1
8463,葉赤愁,1
8464,赤愁裏,1
8465,愁裏鬢,1
8466,裏鬢毛,1
8467,鬢毛斑,1
8468,毛斑不,1
8469,斑不為,1
8470,不為良,1
8471,為良知,1
8472,良知在,1
8473,知在驅,1
8474,在驅車,1
8475,驅車已,1
8476,車已出,1
8477,已出關,1
8478,出關謝,1
8479,關謝舞,1
8480,謝舞仍,1
8481,舞仍宮,1
8482,仍宮柳,1
8483,宮柳高,1
8484,柳高奇,1
8485,高奇世,1
8486,奇世少,1
8487,世少雙,1
8488,少雙侍,1
8489,雙侍中,1
8490,侍中生,1
8491,中生不,1
8492,生不到,1
8493,不到園,1
8494,到園令,1
8495,園令死,1
8496,令死須,1
8497,死須降,1
8498,須降班,1
8499,降班秩,1
8500,班秩通,1
8501,秩通烏,1
8502,通烏府,1
8503,烏府樽,1
8504,府樽罍,1
8505,樽罍奉,1
8506,罍奉碧,1
8507,奉碧幢,1
8508,碧幢昭,1
8509,幢昭王,1
8510,昭王有,1
8511,王有餘,1
8512,有餘烈,1
8513,餘烈試,1
8514,烈試為,1
8515,試為禱,1
8516,為禱迷,1
8517,禱迷邦,1
8518,迷邦佐,1
8519,邦佐棘,1
8520,佐棘竟,1
8521,棘竟誰,1
8522,竟誰同,1
8523,誰同因,1
8524,同因思,1
8525,因思證,1
8526,思證聖,1
8527,證聖中,1
8528,聖中事,1
8529,中事雖,1
8530,事雖忘,1
8531,雖忘顯,1
8532,忘顯報,1
8533,顯報理,1
8534,報理合,1
8535,理合有,1
8536,合有陰,1
8537,有陰功,1
8538,陰功官,1
8539,功官序,1
8540,官序詵,1
8541,序詵枝,1
8542,詵枝老,1
8543,枝老幽,1
8544,老幽塵,1
8545,幽塵範,1
8546,塵範甑,1
8547,範甑空,1
8548,甑空幾,1
8549,空幾時,1
8550,幾時潘,1
8551,時潘好,1
8552,潘好禮,1
8553,好禮重,1
8554,禮重與,1
8555,重與話,1
8556,與話清,1
8557,話清風,1
8558,清風早,1
8559,風早歲,1
8560,早歲長,1
8561,歲長楊,1
8562,楊賦當,1
8563,賦當年,1
8564,當年諫,1
8565,年諫獵,1
8566,諫獵書,1
8567,獵書格,1
8568,書格高,1
8569,格高時,1
8570,高時輩,1
8571,時輩伏,1
8572,輩伏言,1
8573,伏言數,1
8574,言數宦,1
8575,數宦情,1
8576,宦情疏,1
8577,情疏慷,1
8578,疏慷慨,1
8579,慷慨傳,1
8580,慨傳丹,1
8581,傳丹桂,1
8582,丹桂艱,1
8583,桂艱難,1
8584,艱難保,1
8585,難保舊,1
8586,保舊居,1
8587,舊居退,1
8588,居退朝,1
8589,退朝觀,1
8590,朝觀槁,1
8591,觀槁草,1
8592,槁草能,1
8593,草能望,1
8594,能望馬,1
8595,望馬相,1
8596,馬相如,1
8597,相如多,1
8598,如多病,1
8599,多病仍,1
8600,病仍疏,1
8601,仍疏拙,1
8602,疏拙唯,1
8603,拙唯君,1
8604,唯君與,1
8605,君與我,1
8606,與我同,1
8607,我同帝,1
8608,同帝鄉,1
8609,帝鄉年,1
8610,鄉年共,1
8611,年共老,1
8612,共老江,1
8613,老江徼,1
8614,江徼業,1
8615,徼業俱,1
8616,業俱空,1
8617,俱空燕,1
8618,空燕冷,1
8619,燕冷辭,1
8620,冷辭華,1
8621,辭華屋,1
8622,華屋蛩,1
8623,屋蛩涼,1
8624,蛩涼恨,1
8625,涼恨曉,1
8626,恨曉叢,1
8627,曉叢白,1
8628,叢白雲,1
8629,白雲高,1
8630,雲高幾,1
8631,高幾許,1
8632,幾許全,1
8633,許全屬,1
8634,全屬采,1
8635,屬采芝,1
8636,采芝翁,1
8637,芝翁欒,1
8638,翁欒郤,1
8639,欒郤門,1
8640,郤門風,1
8641,門風大,1
8642,風大裴,1
8643,大裴王,1
8644,裴王禮,1
8645,王禮樂,1
8646,禮樂優,1
8647,樂優班,1
8648,優班資,1
8649,班資冠,1
8650,資冠雞,1
8651,冠雞舌,1
8652,雞舌人,1
8653,舌人品,1
8654,人品壓,1
8655,品壓龍,1
8656,壓龍頭,1
8657,龍頭夜,1
8658,頭夜直,1
8659,夜直爐,1
8660,直爐香,1
8661,爐香細,1
8662,香細晴,1
8663,細晴編,1
8664,晴編疏,1
8665,編疏草,1
8666,疏草稠,1
8667,草稠近,1
8668,稠近聞,1
8669,近聞潘,1
8670,聞潘散,1
8671,潘散騎,1
8672,散騎三,1
8673,騎三十,1
8674,三十二,1
8675,十二悲,1
8676,二悲秋,1
8677,悲秋籬,1
8678,秋籬落,1
8679,籬落歲,1
8680,落歲雲,1
8681,歲雲暮,1
8682,雲暮數,1
8683,暮數枝,1
8684,數枝聊,1
8685,枝聊自,1
8686,聊自芳,1
8687,自芳雪,1
8688,芳雪裁,1
8689,雪裁纖,1
8690,裁纖蕊,1
8691,纖蕊密,1
8692,蕊密金,1
8693,密金拆,1
8694,金拆小,1
8695,拆小苞,1
8696,小苞香,1
8697,苞香千,1
8698,香千載,1
8699,千載白,1
8700,載白衣,1
8701,白衣酒,1
8702,衣酒一,1
8703,酒一生,1
8704,一生青,1
8705,生青女,1
8706,青女霜,1
8707,女霜春,1
8708,霜春叢,1
8709,春叢莫,1
8710,叢莫輕,1
8711,莫輕薄,1
8712,輕薄彼,1
8713,薄彼此,1
8714,彼此有,1
8715,此有行,1
8716,有行藏,1
8717,行藏水,1
8718,藏水國,1
8719,水國春,1
8720,國春常,1
8721,春常在,1
8722,常在台,1
8723,在台城,1
8724,台城夜,1
8725,城夜未,1
8726,夜未寒,1
8727,未寒麗,1
8728,寒麗華,1
8729,麗華承,1
8730,華承寵,1
8731,承寵渥,1
8732,寵渥江,1
8733,渥江令,1
8734,江令捧,1
8735,令捧杯,1
8736,捧杯盤,1
8737,杯盤宴,1
8738,盤宴罷,1
8739,宴罷明,1
8740,罷明堂,1
8741,明堂爛,1
8742,堂爛詩,1
8743,爛詩成,1
8744,詩成寶,1
8745,成寶炬,1
8746,寶炬殘,1
8747,炬殘兵,1
8748,殘兵來,1
8749,兵來吾,1
8750,來吾有,1
8751,吾有計,1
8752,有計金,1
8753,計金井,1
8754,金井玉,1
8755,井玉鉤,1
8756,玉鉤欄,1
8757,鉤欄良,1
8758,欄良時,1
8759,良時不,1
8760,時不復,1
8761,不復再,1
8762,復再漸,1
8763,再漸老,1
8764,漸老更,1
8765,老更難,1
8766,更難言,1
8767,難言遠,1
8768,言遠水,1
8769,遠水猶,1
8770,水猶經,1
8771,猶經眼,1
8772,經眼高,1
8773,眼高樓,1
8774,高樓似,1
8775,樓似斷,1
8776,似斷魂,1
8777,斷魂依,1
8778,魂依依,1
8779,依依宋,1
8780,依宋玉,1
8781,宋玉宅,1
8782,玉宅歷,1
8783,宅歷歷,1
8784,歷歷長,1
8785,歷長卿,1
8786,長卿村,1
8787,卿村今,1
8788,村今日,1
8789,今日空,1
8790,日空江,1
8791,空江畔,1
8792,江畔相,1
8793,畔相於,1
8794,相於只,1
8795,於只酒,1
8796,只酒樽,1
8797,酒樽祝,1
8798,樽祝融,1
8799,祝融峰,1
8800,融峰下,1
8801,峰下別,1
8802,下別三,1
8803,別三載,1
8804,三載夢,1
8805,載夢魂,1
8806,夢魂勞,1
8807,魂勞地,1
8808,勞地轉,1
8809,地轉南,1
8810,轉南康,1
8811,南康重,1
8812,康重官,1
8813,重官兼,1
8814,官兼亞,1
8815,兼亞相,1
8816,亞相高,1
8817,相高海,1
8818,高海鵬,1
8819,海鵬終,1
8820,鵬終負,1
8821,終負日,1
8822,負日神,1
8823,日神馬,1
8824,神馬背,1
8825,馬背眠,1
8826,背眠槽,1
8827,眠槽會,1
8828,槽會得,1
8829,會得窺,1
8830,得窺成,1
8831,窺成績,1
8832,成績幽,1
8833,績幽窗,1
8834,幽窗染,1
8835,窗染兔,1
8836,染兔毫,1
8837,兔毫魂,1
8838,毫魂兮,1
8839,魂兮檇,1
8840,兮檇李,1
8841,檇李城,1
8842,李城猶,1
8843,城猶未,1
8844,猶未有,1
8845,未有人,1
8846,有人耕,1
8847,人耕好,1
8848,耕好月,1
8849,好月當,1
8850,月當年,1
8851,當年事,1
8852,年事殘,1
8853,事殘花,1
8854,殘花觸,1
8855,觸處情,1
8856,處情向,1
8857,情向誰,1
8858,向誰曾,1
8859,誰曾豔,1
8860,曾豔冶,1
8861,豔冶隨,1
8862,冶隨分,1
8863,隨分得,1
8864,分得聲,1
8865,得聲名,1
8866,聲名應,1
8867,名應侍,1
8868,應侍吳,1
8869,侍吳王,1
8870,吳王宴,1
8871,王宴蘭,1
8872,宴蘭橈,1
8873,蘭橈暗,1
8874,橈暗送,1
8875,暗送迎,1
8876,送迎青,1
8877,迎青門,1
8878,青門欲,1
8879,門欲曙,1
8880,欲曙天,1
8881,曙天車,1
8882,天車馬,1
8883,車馬已,1
8884,馬已喧,1
8885,已喧闐,1
8886,喧闐禁,1
8887,闐禁柳,1
8888,禁柳疏,1
8889,柳疏風,1
8890,疏風雨,1
8891,風雨牆,1
8892,雨牆花,1
8893,牆花拆,1
8894,花拆露,1
8895,拆露鮮,1
8896,露鮮向,1
8897,鮮向誰,1
8898,向誰誇,1
8899,誰誇麗,1
8900,誇麗景,1
8901,麗景只,1
8902,景只是,1
8903,只是歎,1
8904,是歎流,1
8905,歎流年,1
8906,流年不,1
8907,不得高,1
8908,得高飛,1
8909,高飛便,1
8910,飛便回,1
8911,回頭望,1
8912,頭望紙,1
8913,望紙鳶,1
8914,紙鳶邊,1
8915,鳶邊寇,1
8916,邊寇日,1
8917,寇日騷,1
8918,日騷動,1
8919,騷動故,1
8920,動故人,1
8921,故人音,1
8922,人音信,1
8923,音信稀,1
8924,信稀長,1
8925,稀長纓,1
8926,長纓慚,1
8927,纓慚賈,1
8928,慚賈誼,1
8929,賈誼孤,1
8930,誼孤憤,1
8931,孤憤憶,1
8932,憤憶韓,1
8933,憶韓非,1
8934,韓非曉,1
8935,非曉匣,1
8936,曉匣魚,1
8937,匣魚腸,1
8938,魚腸冷,1
8939,腸冷春,1
8940,冷春園,1
8941,春園鴨,1
8942,園鴨掌,1
8943,鴨掌肥,1
8944,掌肥知,1
8945,肥知君,1
8946,知君安,1
8947,君安未,1
8948,安未得,1
8949,未得聊,1
8950,得聊且,1
8951,聊且示,1
8952,且示忘,1
8953,示忘機,1
8954,忘機滄,1
8955,機滄海,1
8956,滄海去,1
8957,海去未,1
8958,去未得,1
8959,未得倚,1
8960,得倚舟,1
8961,倚舟聊,1
8962,舟聊問,1
8963,聊問津,1
8964,問津生,1
8965,津生靈,1
8966,生靈寇,1
8967,靈寇盜,1
8968,寇盜盡,1
8969,盜盡方,1
8970,盡方鎮,1
8971,方鎮改,1
8972,鎮改更,1
8973,改更貧,1
8974,更貧夢,1
8975,貧夢裏,1
8976,夢裏舊,1
8977,裏舊行,1
8978,行處眼,1
8979,處眼前,1
8980,眼前新,1
8981,前新貴,1
8982,新貴人,1
8983,貴人從,1
8984,人從來,1
8985,來事如,1
8986,事如此,1
8987,此君莫,1
8988,君莫獨,1
8989,莫獨沾,1
8990,獨沾巾,1
8991,沾巾已,1
8992,巾已歎,1
8993,已歎良,1
8994,歎良時,1
8995,良時晚,1
8996,時晚仍,1
8997,晚仍悲,1
8998,仍悲別,1
8999,悲別酒,1
9000,酒催暖,1
9001,催暖芳,1
9002,暖芳隨,1
9003,芳隨日,1
9004,隨日薄,1
9005,日薄輕,1
9006,薄輕片,1
9007,輕片逐,1
9008,片逐風,1
9009,逐風回,1
9010,風回黛,1
9011,回黛斂,1
9012,黛斂愁,1
9013,斂愁歌,1
9014,愁歌扇,1
9015,歌扇妝,1
9016,扇妝殘,1
9017,妝殘泣,1
9018,殘泣鏡,1
9019,泣鏡臺,1
9020,鏡臺繁,1
9021,臺繁陰,1
9022,繁陰莫,1
9023,陰莫矜,1
9024,莫矜衒,1
9025,矜衒終,1
9026,衒終是,1
9027,終是共,1
9028,是共塵,1
9029,共塵埃,1
9030,塵埃遠,1
9031,埃遠岸,1
9032,遠岸平,1
9033,岸平如,1
9034,平如剪,1
9035,如剪澄,1
9036,剪澄江,1
9037,澄江靜,1
9038,江靜似,1
9039,靜似鋪,1
9040,似鋪紫,1
9041,鋪紫鱗,1
9042,紫鱗仙,1
9043,鱗仙客,1
9044,仙客馭,1
9045,客馭金,1
9046,馭金顆,1
9047,金顆李,1
9048,顆李衡,1
9049,李衡奴,1
9050,衡奴冷,1
9051,奴冷疊,1
9052,冷疊群,1
9053,疊群山,1
9054,群山闊,1
9055,山闊清,1
9056,闊清涵,1
9057,清涵萬,1
9058,涵萬象,1
9059,萬象殊,1
9060,象殊嚴,1
9061,殊嚴陵,1
9062,嚴陵亦,1
9063,陵亦高,1
9064,亦高見,1
9065,高見歸,1
9066,見歸臥,1
9067,歸臥是,1
9068,臥是良,1
9069,是良圖,1
9070,良圖規,1
9071,圖規諫,1
9072,規諫揚,1
9073,諫揚雄,1
9074,揚雄賦,1
9075,雄賦邅,1
9076,賦邅回,1
9077,邅回賈,1
9078,回賈誼,1
9079,賈誼官,1
9080,誼官久,1
9081,官久貧,1
9082,久貧還,1
9083,貧還往,1
9084,還往少,1
9085,往少孤,1
9086,少孤立,1
9087,孤立轉,1
9088,立轉遷,1
9089,轉遷難,1
9090,遷難清,1
9091,難清鏡,1
9092,清鏡流,1
9093,鏡流年,1
9094,流年急,1
9095,年急高,1
9096,急高槐,1
9097,高槐旅,1
9098,槐旅舍,1
9099,旅舍寒,1
9100,舍寒侏,1
9101,寒侏儒,1
9102,侏儒亦,1
9103,儒亦何,1
9104,亦何有,1
9105,何有飽,1
9106,有飽食,1
9107,飽食向,1
9108,食向長,1
9109,向長安,1
9110,長安未,1
9111,安未至,1
9112,未至應,1
9113,至應居,1
9114,應居右,1
9115,居右全,1
9116,右全家,1
9117,全家出,1
9118,家出帝,1
9119,帝鄉禮,1
9120,鄉禮優,1
9121,禮優逢,1
9122,優逢苑,1
9123,逢苑雪,1
9124,苑雪官,1
9125,雪官重,1
9126,官重帶,1
9127,重帶台,1
9128,帶台霜,1
9129,台霜夜,1
9130,霜夜浦,1
9131,夜浦吳,1
9132,浦吳潮,1
9133,吳潮吼,1
9134,潮吼春,1
9135,吼春灘,1
9136,春灘建,1
9137,灘建水,1
9138,建水狂,1
9139,水狂延,1
9140,狂延平,1
9141,延平有,1
9142,平有風,1
9143,有風雨,1
9144,風雨從,1
9145,雨從此,1
9146,此是騰,1
9147,是騰驤,1
9148,騰驤東,1
9149,驤東台,1
9150,東台失,1
9151,台失路,1
9152,失路岐,1
9153,路岐榮,1
9154,岐榮辱,1
9155,榮辱事,1
9156,辱事堪,1
9157,事堪悲,1
9158,堪悲我,1
9159,悲我寢,1
9160,我寢牛,1
9161,寢牛衣,1
9162,牛衣敝,1
9163,衣敝君,1
9164,敝君居,1
9165,君居豸,1
9166,居豸角,1
9167,豸角危,1
9168,角危風,1
9169,危風塵,1
9170,風塵慚,1
9171,塵慚上,1
9172,慚上品,1
9173,上品才,1
9174,品才業,1
9175,才業愧,1
9176,業愧明,1
9177,愧明時,1
9178,明時千,1
9179,時千里,1
9180,千里芙,1
9181,里芙蓉,1
9182,芙蓉幕,1
9183,蓉幕何,1
9184,幕何由,1
9185,何由話,1
9186,由話所,1
9187,話所思,1
9188,所思西,1
9189,思西班,1
9190,西班掌,1
9191,班掌禁,1
9192,掌禁兵,1
9193,禁兵蘭,1
9194,兵蘭錡,1
9195,蘭錡最,1
9196,錡最分,1
9197,最分明,1
9198,分明曉,1
9199,明曉色,1
9200,曉色嚴,1
9201,色嚴天,1
9202,嚴天仗,1
9203,天仗春,1
9204,仗春寒,1
9205,春寒避,1
9206,寒避火,1
9207,避火城,1
9208,火城安,1
9209,城安危,1
9210,安危雖,1
9211,危雖已,1
9212,雖已任,1
9213,已任韜,1
9214,任韜略,1
9215,韜略即,1
9216,略即嘉,1
9217,即嘉聲,1
9218,嘉聲請,1
9219,聲請問,1
9220,請問何,1
9221,問何功,1
9222,何功德,1
9223,功德壺,1
9224,德壺關,1
9225,壺關寇,1
9226,關寇始,1
9227,寇始平,1
9228,始平南,1
9229,平南朝,1
9230,南朝徐,1
9231,朝徐庾,1
9232,徐庾流,1
9233,庾流洛,1
9234,流洛下,1
9235,洛下憶,1
9236,下憶同,1
9237,憶同遊,1
9238,同遊酒,1
9239,遊酒采,1
9240,酒采閑,1
9241,采閑坊,1
9242,閑坊菊,1
9243,坊菊山,1
9244,菊山登,1
9245,山登遠,1
9246,登遠寺,1
9247,遠寺樓,1
9248,寺樓相,1
9249,樓相思,1
9250,相思勞,1
9251,思勞寄,1
9252,寄夢偶,1
9253,夢偶別,1
9254,偶別已,1
9255,別已經,1
9256,已經秋,1
9257,經秋還,1
9258,秋還被,1
9259,還被青,1
9260,被青青,1
9261,青青桂,1
9262,青桂催,1
9263,桂催君,1
9264,催君不,1
9265,君不自,1
9266,自由盛,1
9267,由盛禮,1
9268,盛禮何,1
9269,禮何由,1
9270,何由睹,1
9271,由睹嘉,1
9272,睹嘉名,1
9273,嘉名偶,1
9274,名偶寄,1
9275,偶寄居,1
9276,寄居周,1
9277,居周南,1
9278,周南太,1
9279,南太史,1
9280,太史淚,1
9281,史淚蠻,1
9282,淚蠻徼,1
9283,蠻徼長,1
9284,徼長卿,1
9285,長卿書,1
9286,卿書砌,1
9287,書砌竹,1
9288,砌竹搖,1
9289,竹搖風,1
9290,搖風直,1
9291,風直庭,1
9292,直庭花,1
9293,庭花泣,1
9294,花泣露,1
9295,泣露疏,1
9296,露疏誰,1
9297,疏誰能,1
9298,誰能賦,1
9299,能賦秋,1
9300,賦秋興,1
9301,秋興千,1
9302,興千里,1
9303,千里隔,1
9304,里隔吾,1
9305,隔吾廬,1
9306,吾廬志,1
9307,廬志士,1
9308,志士不,1
9309,士不敢,1
9310,不敢道,1
9311,敢道貯,1
9312,道貯之,1
9313,貯之成,1
9314,之成禍,1
9315,成禍胎,1
9316,禍胎小,1
9317,胎小人,1
9318,小人無,1
9319,人無事,1
9320,無事藝,1
9321,事藝假,1
9322,藝假爾,1
9323,假爾作,1
9324,爾作梯,1
9325,作梯媒,1
9326,梯媒解,1
9327,媒解釋,1
9328,解釋愁,1
9329,釋愁腸,1
9330,愁腸結,1
9331,腸結能,1
9332,結能分,1
9333,能分睡,1
9334,分睡眼,1
9335,睡眼開,1
9336,眼開朱,1
9337,開朱門,1
9338,朱門狼,1
9339,門狼虎,1
9340,狼虎性,1
9341,虎性一,1
9342,性一半,1
9343,一半逐,1
9344,半逐君,1
9345,逐君回,1
9346,君回赤,1
9347,回赤壁,1
9348,赤壁徵,1
9349,壁徵文,1
9350,徵文聘,1
9351,文聘中,1
9352,聘中台,1
9353,中台拜,1
9354,台拜郤,1
9355,拜郤詵,1
9356,郤詵官,1
9357,詵官資,1
9358,官資參,1
9359,資參令,1
9360,參令僕,1
9361,令僕曹,1
9362,僕曹署,1
9363,曹署轄,1
9364,署轄星,1
9365,轄星辰,1
9366,星辰襆,1
9367,辰襆被,1
9368,襆被從,1
9369,被從誰,1
9370,從誰起,1
9371,誰起持,1
9372,起持綱,1
9373,持綱自,1
9374,綱自此,1
9375,自此新,1
9376,此新舉,1
9377,新舉朝,1
9378,舉朝明,1
9379,朝明典,1
9380,明典教,1
9381,典教封,1
9382,教封納,1
9383,封納詔,1
9384,納詔書,1
9385,詔書頻,1
9386,書頻禁,1
9387,頻禁樹,1
9388,禁樹曾,1
9389,樹曾摛,1
9390,曾摛藻,1
9391,摛藻台,1
9392,藻台烏,1
9393,台烏舊,1
9394,烏舊避,1
9395,舊避塵,1
9396,避塵便,1
9397,塵便應,1
9398,便應酬,1
9399,應酬倚,1
9400,酬倚注,1
9401,倚注何,1
9402,注何處,1
9403,何處話,1
9404,處話窮,1
9405,話窮鱗,1
9406,窮鱗不,1
9407,鱗不奈,1
9408,不奈荒,1
9409,奈荒城,1
9410,荒城畔,1
9411,城畔那,1
9412,畔那堪,1
9413,那堪晚,1
9414,堪晚照,1
9415,晚照中,1
9416,照中野,1
9417,中野晴,1
9418,野晴霜,1
9419,晴霜浥,1
9420,霜浥綠,1
9421,浥綠山,1
9422,綠山冷,1
9423,山冷雨,1
9424,冷雨催,1
9425,雨催紅,1
9426,催紅遊,1
9427,紅遊子,1
9428,遊子灞,1
9429,子灞陵,1
9430,灞陵道,1
9431,陵道美,1
9432,道美人,1
9433,美人長,1
9434,人長信,1
9435,長信宮,1
9436,信宮等,1
9437,宮等閒,1
9438,等閒居,1
9439,閒居歲,1
9440,居歲暮,1
9441,歲暮搖,1
9442,暮搖落,1
9443,搖落意,1
9444,落意無,1
9445,意無窮,1
9446,無窮遼,1
9447,窮遼鶴,1
9448,遼鶴虛,1
9449,鶴虛空,1
9450,虛空語,1
9451,空語冥,1
9452,語冥鴻,1
9453,冥鴻未,1
9454,鴻未易,1
9455,未易親,1
9456,易親偶,1
9457,親偶然,1
9458,偶然來,1
9459,然來即,1
9460,來即是,1
9461,即是必,1
9462,是必擬,1
9463,必擬見,1
9464,擬見無,1
9465,見無因,1
9466,無因霜,1
9467,因霜霰,1
9468,霜霰窮,1
9469,霰窮冬,1
9470,窮冬令,1
9471,冬令杯,1
9472,令杯盤,1
9473,杯盤旅,1
9474,盤旅舍,1
9475,旅舍貧,1
9476,舍貧只,1
9477,貧只應,1
9478,只應薊,1
9479,應薊子,1
9480,薊子訓,1
9481,子訓醉,1
9482,訓醉後,1
9483,醉後懶,1
9484,後懶分,1
9485,懶分身,1
9486,分身官,1
9487,身官曆,1
9488,官曆行,1
9489,曆行將,1
9490,行將盡,1
9491,將盡村,1
9492,盡村醪,1
9493,村醪強,1
9494,醪強自,1
9495,強自傾,1
9496,自傾厭,1
9497,傾厭寒,1
9498,厭寒思,1
9499,寒思暖,1
9500,思暖律,1
9501,暖律畏,1
9502,律畏老,1
9503,畏老惜,1
9504,老惜殘,1
9505,惜殘更,1
9506,殘更歲,1
9507,更歲月,1
9508,歲月已,1
9509,月已如,1
9510,已如此,1
9511,如此寇,1
9512,此寇戎,1
9513,寇戎猶,1
9514,戎猶未,1
9515,猶未平,1
9516,未平兒,1
9517,平兒童,1
9518,兒童不,1
9519,童不諳,1
9520,不諳事,1
9521,諳事歌,1
9522,事歌吹,1
9523,歌吹待,1
9524,吹待天,1
9525,待天明,1
9526,天明盡,1
9527,明盡道,1
9528,盡道豐,1
9529,道豐年,1
9530,豐年瑞,1
9531,年瑞豐,1
9532,瑞豐年,1
9533,豐年事,1
9534,年事若,1
9535,事若何,1
9536,若何長,1
9537,何長安,1
9538,長安有,1
9539,安有貧,1
9540,有貧者,1
9541,貧者為,1
9542,者為瑞,1
9543,為瑞不,1
9544,瑞不宜,1
9545,不宜多,1
9546,宜多漏,1
9547,多漏澀,1
9548,漏澀才,1
9549,澀才成,1
9550,才成滴,1
9551,成滴燈,1
9552,滴燈寒,1
9553,燈寒不,1
9554,寒不作,1
9555,不作花,1
9556,作花出,1
9557,花出門,1
9558,出門聊,1
9559,門聊一,1
9560,聊一望,1
9561,一望蟾,1
9562,望蟾桂,1
9563,蟾桂向,1
9564,桂向人,1
9565,向人斜,1
9566,人斜庭,1
9567,斜庭樹,1
9568,庭樹已,1
9569,樹已黃,1
9570,已黃落,1
9571,黃落閉,1
9572,落閉門,1
9573,閉門俱,1
9574,門俱寂,1
9575,俱寂寥,1
9576,寂寥未,1
9577,寥未知,1
9578,未知棲,1
9579,知棲托,1
9580,棲托處,1
9581,托處空,1
9582,處空羨,1
9583,空羨聖,1
9584,羨聖明,1
9585,聖明朝,1
9586,明朝酒,1
9587,朝酒醒,1
9588,酒醒鄉,1
9589,醒鄉心,1
9590,鄉心闊,1
9591,心闊雲,1
9592,闊雲晴,1
9593,雲晴客,1
9594,晴客思,1
9595,客思遙,1
9596,思遙吾,1
9597,遙吾徒,1
9598,吾徒自,1
9599,徒自多,1
9600,自多感,1
9601,多感顏,1
9602,感顏子,1
9603,顏子只,1
9604,子只簞,1
9605,只簞瓢,1
9606,簞瓢舊,1
9607,瓢舊國,1
9608,舊國迢,1
9609,國迢迢,1
9610,迢迢遠,1
9611,迢遠清,1
9612,遠清秋,1
9613,清秋種,1
9614,秋種種,1
9615,種種新,1
9616,種新已,1
9617,新已衰,1
9618,已衰曾,1
9619,衰曾軫,1
9620,曾軫慮,1
9621,軫慮初,1
9622,慮初見,1
9623,初見忽,1
9624,見忽沾,1
9625,忽沾巾,1
9626,沾巾日,1
9627,巾日薄,1
9628,日薄梳,1
9629,薄梳兼,1
9630,梳兼懶,1
9631,兼懶根,1
9632,懶根危,1
9633,根危鑷,1
9634,危鑷恐,1
9635,鑷恐頻,1
9636,恐頻青,1
9637,頻青銅,1
9638,青銅不,1
9639,銅不自,1
9640,不自見,1
9641,自見只,1
9642,見只擬,1
9643,只擬老,1
9644,擬老他,1
9645,老他人,1
9646,他人雨,1
9647,人雨過,1
9648,雨過晚,1
9649,過晚涼,1
9650,晚涼生,1
9651,涼生樓,1
9652,生樓中,1
9653,樓中枕,1
9654,中枕簟,1
9655,枕簟清,1
9656,簟清海,1
9657,清海風,1
9658,海風吹,1
9659,風吹亂,1
9660,吹亂木,1
9661,亂木岩,1
9662,木岩磬,1
9663,岩磬落,1
9664,磬落孤,1
9665,落孤城,1
9666,孤城百,1
9667,城百歲,1
9668,百歲幾,1
9669,歲幾多,1
9670,幾多日,1
9671,多日四,1
9672,日四蹄,1
9673,四蹄無,1
9674,蹄無限,1
9675,無限程,1
9676,限程西,1
9677,程西鄰,1
9678,西鄰莫,1
9679,鄰莫高,1
9680,莫高唱,1
9681,高唱俱,1
9682,唱俱是,1
9683,俱是別,1
9684,是別離,1
9685,別離情,1
9686,離情九,1
9687,情九華,1
9688,九華曾,1
9689,華曾屏,1
9690,曾屏跡,1
9691,屏跡罹,1
9692,跡罹亂,1
9693,罹亂與,1
9694,亂與心,1
9695,與心違,1
9696,心違是,1
9697,違是處,1
9698,是處堪,1
9699,處堪終,1
9700,堪終老,1
9701,終老新,1
9702,老新秋,1
9703,新秋又,1
9704,秋又未,1
9705,又未歸,1
9706,未歸病,1
9707,歸病中,1
9708,病中芳,1
9709,中芳草,1
9710,芳草歇,1
9711,草歇愁,1
9712,歇愁裏,1
9713,愁裏白,1
9714,裏白雲,1
9715,白雲飛,1
9716,雲飛樵,1
9717,飛樵侶,1
9718,樵侶兼,1
9719,侶兼同,1
9720,兼同志,1
9721,同志音,1
9722,志音書,1
9723,音書近,1
9724,書近亦,1
9725,近亦稀,1
9726,亦稀端,1
9727,稀端居,1
9728,端居湖,1
9729,居湖岸,1
9730,湖岸東,1
9731,岸東生,1
9732,東生計,1
9733,生計有,1
9734,計有無,1
9735,有無中,1
9736,無中魘,1
9737,中魘處,1
9738,魘處千,1
9739,處千般,1
9740,千般鬼,1
9741,般鬼寒,1
9742,鬼寒時,1
9743,寒時百,1
9744,時百種,1
9745,百種風,1
9746,種風性,1
9747,風性靈,1
9748,性靈從,1
9749,靈從道,1
9750,從道拙,1
9751,道拙心,1
9752,拙心事,1
9753,心事奈,1
9754,事奈成,1
9755,奈成空,1
9756,成空多,1
9757,空多謝,1
9758,多謝金,1
9759,謝金台,1
9760,金台客,1
9761,台客何,1
9762,客何當,1
9763,何當一,1
9764,當一笑,1
9765,一笑同,1
9766,笑同南,1
9767,同南山,1
9768,南山雪,1
9769,山雪乍,1
9770,雪乍晴,1
9771,乍晴寒,1
9772,晴寒氣,1
9773,寒氣轉,1
9774,氣轉崢,1
9775,轉崢嶸,1
9776,崢嶸鎖,1
9777,嶸鎖卻,1
9778,鎖卻閑,1
9779,卻閑門,1
9780,閑門出,1
9781,門出隨,1
9782,出隨他,1
9783,隨他駿,1
9784,他駿馬,1
9785,駿馬行,1
9786,馬行一,1
9787,行一竿,1
9788,一竿如,1
9789,竿如有,1
9790,如有計,1
9791,有計五,1
9792,計五鼎,1
9793,五鼎豈,1
9794,鼎豈須,1
9795,豈須烹,1
9796,須烹愁,1
9797,烹愁見,1
9798,愁見天,1
9799,見天街,1
9800,天街草,1
9801,街草青,1
9802,青青又,1
9803,青又欲,1
9804,又欲生,1
9805,欲生終,1
9806,生終日,1
9807,終日路,1
9808,日路岐,1
9809,路岐旁,1
9810,岐旁前,1
9811,旁前程,1
9812,前程亦,1
9813,程亦可,1
9814,亦可量,1
9815,可量未,1
9816,量未能,1
9817,未能慚,1
9818,能慚面,1
9819,慚面黑,1
9820,面黑只,1
9821,黑只是,1
9822,只是恨,1
9823,是恨頭,1
9824,恨頭方,1
9825,頭方雅,1
9826,方雅旨,1
9827,雅旨逾,1
9828,旨逾千,1
9829,千里高,1
9830,里高文,1
9831,高文近,1
9832,文近兩,1
9833,近兩行,1
9834,兩行君,1
9835,行君知,1
9836,君知不,1
9837,知不識,1
9838,不識字,1
9839,識字第,1
9840,字第一,1
9841,第一莫,1
9842,一莫形,1
9843,莫形相,1
9844,形相江,1
9845,相江上,1
9846,江上偶,1
9847,上偶分,1
9848,偶分袂,1
9849,分袂四,1
9850,袂四回,1
9851,四回寒,1
9852,回寒暑,1
9853,寒暑更,1
9854,暑更青,1
9855,更青山,1
9856,青山無,1
9857,山無路,1
9858,無路入,1
9859,路入白,1
9860,入白髮,1
9861,白髮滿,1
9862,髮滿頭,1
9863,滿頭生,1
9864,頭生郢,1
9865,生郢浦,1
9866,郢浦雁,1
9867,浦雁尋,1
9868,雁尋過,1
9869,尋過鏡,1
9870,過鏡湖,1
9871,鏡湖蟬,1
9872,湖蟬又,1
9873,蟬又鳴,1
9874,又鳴憐,1
9875,鳴憐君,1
9876,君未歸,1
9877,未歸日,1
9878,歸日杯,1
9879,日杯酒,1
9880,杯酒若,1
9881,酒若為,1
9882,若為情,1
9883,為情苕,1
9884,情苕溪,1
9885,苕溪煙,1
9886,溪煙月,1
9887,煙月久,1
9888,月久因,1
9889,久因循,1
9890,因循野,1
9891,循野鶴,1
9892,野鶴衣,1
9893,鶴衣裘,1
9894,衣裘獨,1
9895,裘獨繭,1
9896,獨繭綸,1
9897,繭綸只,1
9898,綸只說,1
9899,只說泊,1
9900,說泊船,1
9901,泊船無,1
9902,船無定,1
9903,無定處,1
9904,定處不,1
9905,處不知,1
9906,不知攜,1
9907,知攜手,1
9908,攜手是,1
9909,手是何,1
9910,何人朱,1
9911,人朱黃,1
9912,朱黃揀,1
9913,黃揀日,1
9914,揀日囚,1
9915,日囚屍,1
9916,囚屍鬼,1
9917,屍鬼青,1
9918,鬼青白,1
9919,青白臨,1
9920,白臨時,1
9921,臨時注,1
9922,時注腦,1
9923,注腦神,1
9924,腦神欲,1
9925,神欲訪,1
9926,欲訪先,1
9927,訪先生,1
9928,先生問,1
9929,生問經,1
9930,問經訣,1
9931,經訣世,1
9932,訣世間,1
9933,世間難,1
9934,間難得,1
9935,得不由,1
9936,不由身,1
9937,由身西,1
9938,身西華,1
9939,西華有,1
9940,華有路,1
9941,有路入,1
9942,路入中,1
9943,入中華,1
9944,中華依,1
9945,華依約,1
9946,依約山,1
9947,約山川,1
9948,山川認,1
9949,川認永,1
9950,認永嘉,1
9951,永嘉羽,1
9952,嘉羽客,1
9953,羽客昔,1
9954,客昔時,1
9955,昔時留,1
9956,時留筱,1
9957,留筱簜,1
9958,筱簜故,1
9959,簜故人,1
9960,人今又,1
9961,今又種,1
9962,又種煙,1
9963,種煙霞,1
9964,煙霞壇,1
9965,霞壇高,1
9966,壇高已,1
9967,高已降,1
9968,已降三,1
9969,降三清,1
9970,三清鶴,1
9971,清鶴海,1
9972,鶴海近,1
9973,海近應,1
9974,近應通,1
9975,應通八,1
9976,通八月,1
9977,八月槎,1
9978,月槎盛,1
9979,槎盛事,1
9980,盛事兩,1
9981,事兩般,1
9982,兩般君,1
9983,般君總,1
9984,君總得,1
9985,總得老,1
9986,得老萊,1
9987,萊衣服,1
9988,衣服戴,1
9989,服戴顒,1
9990,戴顒家,1
9991,顒家西,1
9992,家西上,1
9993,西上青,1
9994,上青雲,1
9995,青雲未,1
9996,雲未有,1
9997,未有期,1
9998,有期東,1
9999,期東歸,1
10000,東歸滄,1
10001,歸滄海,1
10002,滄海一,1
10003,海一何,1
10004,一何遲,1
10005,何遲酒,1
10006,遲酒闌,1
10007,酒闌夢,1
10008,闌夢覺,1
10009,夢覺不,1
10010,覺不稱,1
10011,不稱意,1
10012,稱意花,1
10013,意花落,1
10014,花落月,1
10015,落月明,1
10016,月明空,1
10017,明空所,1
10018,空所思,1
10019,所思長,1
10020,思長恐,1
10021,長恐病,1
10022,恐病侵,1
10023,病侵多,1
10024,侵多事,1
10025,多事日,1
10026,事日可,1
10027,日可堪,1
10028,可堪貧,1
10029,堪貧過,1
10030,貧過少,1
10031,過少年,1
10032,少年時,1
10033,年時鬥,1
10034,時鬥雞,1
10035,鬥雞走,1
10036,雞走狗,1
10037,走狗五,1
10038,狗五陵,1
10039,五陵道,1
10040,陵道惆,1
10041,道惆悵,1
10042,惆悵輸,1
10043,悵輸他,1
10044,輸他輕,1
10045,他輕薄,1
10046,輕薄兒,1
10047,薄兒青,1
10048,兒青溪,1
10049,青溪煙,1
10050,溪煙雨,1
10051,煙雨九,1
10052,雨九華,1
10053,華山亂,1
10054,山亂後,1
10055,亂後應,1
10056,後應同,1
10057,應同夢,1
10058,同夢寐,1
10059,夢寐間,1
10060,寐間萬,1
10061,間萬里,1
10062,萬里分,1
10063,里分飛,1
10064,分飛休,1
10065,飛休掩,1
10066,休掩袂,1
10067,掩袂兩,1
10068,袂兩旬,1
10069,兩旬相,1
10070,旬相見,1
10071,相見且,1
10072,見且開,1
10073,且開顏,1
10074,開顏君,1
10075,顏君依,1
10076,君依宰,1
10077,依宰相,1
10078,宰相貂,1
10079,相貂蟬,1
10080,貂蟬貴,1
10081,蟬貴我,1
10082,貴我戀,1
10083,我戀王,1
10084,戀王門,1
10085,王門鬢,1
10086,門鬢髮,1
10087,鬢髮斑,1
10088,髮斑為,1
10089,斑為謝,1
10090,為謝伏,1
10091,謝伏波,1
10092,伏波筵,1
10093,波筵上,1
10094,筵上客,1
10095,上客幾,1
10096,客幾時,1
10097,幾時金,1
10098,時金印,1
10099,金印擬,1
10100,印擬西,1
10101,擬西還,1
10102,西還衰,1
10103,還衰老,1
10104,衰老應,1
10105,老應難,1
10106,應難更,1
10107,難更進,1
10108,更進趨,1
10109,進趨藥,1
10110,趨藥畦,1
10111,藥畦經,1
10112,畦經卷,1
10113,經卷自,1
10114,卷自朝,1
10115,自朝晡,1
10116,朝晡縱,1
10117,晡縱無,1
10118,縱無顯,1
10119,無顯效,1
10120,顯效亦,1
10121,效亦藏,1
10122,亦藏拙,1
10123,藏拙若,1
10124,拙若有,1
10125,若有所,1
10126,有所成,1
10127,所成甘,1
10128,成甘守,1
10129,甘守株,1
10130,守株漢,1
10131,株漢武,1
10132,漢武巡,1
10133,武巡遊,1
10134,巡遊虛,1
10135,遊虛軋,1
10136,虛軋軋,1
10137,軋軋秦,1
10138,軋秦皇,1
10139,秦皇吞,1
10140,皇吞併,1
10141,吞併謾,1
10142,併謾驅,1
10143,謾驅驅,1
10144,驅驅如,1
10145,驅如何,1
10146,如何只,1
10147,何只見,1
10148,只見丁,1
10149,見丁家,1
10150,丁家鶴,1
10151,家鶴依,1
10152,鶴依舊,1
10153,依舊遼,1
10154,舊遼東,1
10155,遼東歎,1
10156,東歎綠,1
10157,歎綠蕪,1
10158,綠蕪璧,1
10159,蕪璧池,1
10160,璧池清,1
10161,池清秩,1
10162,清秩訪,1
10163,秩訪燕,1
10164,訪燕台,1
10165,燕台曾,1
10166,台曾捧,1
10167,曾捧瀛,1
10168,捧瀛洲,1
10169,瀛洲劄,1
10170,洲劄翰,1
10171,劄翰來,1
10172,翰來今,1
10173,來今日,1
10174,今日二,1
10175,日二難,1
10176,二難俱,1
10177,難俱大,1
10178,俱大夜,1
10179,大夜當,1
10180,夜當時,1
10181,當時三,1
10182,時三幅,1
10183,三幅謾,1
10184,幅謾高,1
10185,謾高才,1
10186,高才戲,1
10187,才戲悲,1
10188,戲悲槐,1
10189,悲槐市,1
10190,槐市便,1
10191,市便便,1
10192,便便笥,1
10193,便笥狂,1
10194,笥狂憶,1
10195,狂憶樟,1
10196,憶樟亭,1
10197,樟亭滿,1
10198,亭滿滿,1
10199,滿滿杯,1
10200,滿杯猶,1
10201,杯猶幸,1
10202,猶幸小,1
10203,幸小蘭,1
10204,小蘭同,1
10205,蘭同舍,1
10206,同舍在,1
10207,舍在每,1
10208,在每因,1
10209,每因相,1
10210,因相見,1
10211,相見即,1
10212,見即銜,1
10213,即銜哀,1
10214,銜哀逐,1
10215,哀逐隊,1
10216,逐隊隨,1
10217,隊隨行,1
10218,隨行二,1
10219,行二十,1
10220,二十春,1
10221,十春曲,1
10222,春曲江,1
10223,曲江池,1
10224,江池畔,1
10225,池畔避,1
10226,畔避車,1
10227,避車塵,1
10228,車塵如,1
10229,塵如今,1
10230,如今贏,1
10231,今贏得,1
10232,贏得將,1
10233,得將衰,1
10234,將衰老,1
10235,衰老閑,1
10236,老閑看,1
10237,閑看人,1
10238,看人間,1
10239,人間得,1
10240,間得意,1
10241,得意人,1
10242,意人日,1
10243,人日夜,1
10244,日夜潮,1
10245,夜潮聲,1
10246,潮聲送,1
10247,聲送是,1
10248,送是非,1
10249,是非一,1
10250,非一回,1
10251,一回登,1
10252,回登眺,1
10253,登眺一,1
10254,眺一忘,1
10255,一忘機,1
10256,忘機憐,1
10257,機憐師,1
10258,憐師好,1
10259,師好事,1
10260,好事無,1
10261,事無人,1
10262,人見不,1
10263,見不把,1
10264,不把蘭,1
10265,把蘭芽,1
10266,蘭芽染,1
10267,芽染褐,1
10268,染褐衣,1
10269,褐衣東,1
10270,衣東望,1
10271,東望陳,1
10272,望陳留,1
10273,陳留日,1
10274,留日欲,1
10275,日欲曛,1
10276,欲曛每,1
10277,曛每因,1
10278,每因刀,1
10279,因刀筆,1
10280,刀筆想,1
10281,筆想夫,1
10282,想夫君,1
10283,夫君自,1
10284,君自從,1
10285,自從郭,1
10286,從郭泰,1
10287,郭泰碑,1
10288,泰碑銘,1
10289,碑銘後,1
10290,銘後只,1
10291,後只見,1
10292,只見黃,1
10293,見黃金,1
10294,黃金不,1
10295,金不見,1
10296,不見文,1
10297,見文兩,1
10298,文兩府,1
10299,兩府攀,1
10300,府攀陪,1
10301,攀陪十,1
10302,陪十五,1
10303,十五年,1
10304,五年郡,1
10305,年郡中,1
10306,郡中甘,1
10307,中甘雨,1
10308,甘雨幕,1
10309,雨幕中,1
10310,幕中蓮,1
10311,中蓮一,1
10312,蓮一瓶,1
10313,一瓶猶,1
10314,瓶猶是,1
10315,猶是烏,1
10316,是烏程,1
10317,烏程酒,1
10318,程酒須,1
10319,酒須對,1
10320,須對霜,1
10321,對霜風,1
10322,霜風度,1
10323,風度泫,1
10324,度泫然,1
10325,泫然宦,1
10326,然宦途,1
10327,宦途不,1
10328,途不復,1
10329,不復更,1
10330,復更經,1
10331,更經營,1
10332,經營歸,1
10333,營歸去,1
10334,歸去東,1
10335,去東南,1
10336,東南任,1
10337,南任意,1
10338,任意行,1
10339,意行別,1
10340,行別後,1
10341,別後幾,1
10342,幾回思,1
10343,回思會,1
10344,思會面,1
10345,會面到,1
10346,面到來,1
10347,到來相,1
10348,來相見,1
10349,相見似,1
10350,見似前,1
10351,前生久,1
10352,生久居,1
10353,久居竹,1
10354,居竹蓋,1
10355,竹蓋知,1
10356,蓋知勤,1
10357,知勤苦,1
10358,勤苦舊,1
10359,苦舊業,1
10360,舊業蓮,1
10361,業蓮峰,1
10362,蓮峰想,1
10363,峰想變,1
10364,想變更,1
10365,變更為,1
10366,更為謝,1
10367,為謝佯,1
10368,謝佯狂,1
10369,佯狂吳,1
10370,狂吳道,1
10371,吳道士,1
10372,道士耳,1
10373,士耳中,1
10374,耳中時,1
10375,中時有,1
10376,時有鐵,1
10377,有鐵船,1
10378,鐵船聲,1
10379,船聲牛,1
10380,聲牛鬥,1
10381,牛鬥星,1
10382,鬥星邊,1
10383,星邊女,1
10384,邊女宿,1
10385,女宿間,1
10386,宿間棟,1
10387,間棟樑,1
10388,棟樑虛,1
10389,樑虛敞,1
10390,虛敞麗,1
10391,敞麗江,1
10392,麗江關,1
10393,江關望,1
10394,關望高,1
10395,望高漢,1
10396,高漢相,1
10397,漢相東,1
10398,相東西,1
10399,東西閣,1
10400,西閣名,1
10401,閣名重,1
10402,名重淮,1
10403,重淮王,1
10404,淮王大,1
10405,王大小,1
10406,大小山,1
10407,小山醴,1
10408,山醴設,1
10409,醴設鬥,1
10410,設鬥傾,1
10411,鬥傾金,1
10412,傾金鑿,1
10413,金鑿落,1
10414,鑿落馬,1
10415,落馬歸,1
10416,馬歸爭,1
10417,歸爭撼,1
10418,爭撼玉,1
10419,撼玉連,1
10420,玉連環,1
10421,連環自,1
10422,環自慚,1
10423,自慚麋,1
10424,慚麋鹿,1
10425,麋鹿無,1
10426,鹿無能,1
10427,無能事,1
10428,能事未,1
10429,事未報,1
10430,未報深,1
10431,報深恩,1
10432,深恩鬢,1
10433,恩鬢已,1
10434,鬢已斑,1
10435,已斑齊,1
10436,斑齊王,1
10437,齊王僚,1
10438,王僚屬,1
10439,僚屬好,1
10440,屬好男,1
10441,好男兒,1
10442,男兒偶,1
10443,兒偶覓,1
10444,偶覓東,1
10445,覓東歸,1
10446,東歸便,1
10447,歸便得,1
10448,便得歸,1
10449,得歸滿,1
10450,歸滿目,1
10451,滿目路,1
10452,目路岐,1
10453,路岐拋,1
10454,岐拋似,1
10455,拋似夢,1
10456,似夢一,1
10457,夢一船,1
10458,一船風,1
10459,船風雨,1
10460,風雨去,1
10461,雨去如,1
10462,如飛盤,1
10463,飛盤擎,1
10464,盤擎紫,1
10465,擎紫線,1
10466,紫線蓴,1
10467,線蓴初,1
10468,蓴初熟,1
10469,初熟箸,1
10470,熟箸撥,1
10471,箸撥紅,1
10472,撥紅絲,1
10473,紅絲鱠,1
10474,絲鱠正,1
10475,鱠正肥,1
10476,正肥惆,1
10477,肥惆悵,1
10478,惆悵途,1
10479,悵途中,1
10480,途中無,1
10481,中無限,1
10482,無限事,1
10483,限事與,1
10484,事與君,1
10485,與君千,1
10486,君千載,1
10487,千載兩,1
10488,載兩忘,1
10489,兩忘機,1
10490,忘機玉,1
10491,機玉函,1
10492,玉函瑤,1
10493,函瑤檢,1
10494,瑤檢下,1
10495,檢下臺,1
10496,下臺司,1
10497,臺司記,1
10498,司記得,1
10499,記得當,1
10500,得當時,1
10501,當時捧,1
10502,時捧領,1
10503,捧領時,1
10504,領時半,1
10505,時半壁,1
10506,半壁龍,1
10507,壁龍蛇,1
10508,龍蛇蟠,1
10509,蛇蟠造,1
10510,蟠造化,1
10511,造化滿,1
10512,化滿筐,1
10513,滿筐山,1
10514,筐山嶽,1
10515,山嶽動,1
10516,嶽動神,1
10517,神祇疲,1
10518,祇疲牛,1
10519,疲牛舐,1
10520,牛舐犢,1
10521,舐犢心,1
10522,犢心猶,1
10523,心猶切,1
10524,猶切陰,1
10525,切陰鶴,1
10526,陰鶴鳴,1
10527,鶴鳴雛,1
10528,鳴雛力,1
10529,雛力已,1
10530,力已衰,1
10531,已衰稚,1
10532,衰稚子,1
10533,稚子不,1
10534,子不才,1
10535,不才身,1
10536,才身抱,1
10537,身抱疾,1
10538,抱疾日,1
10539,疾日窺,1
10540,日窺貞,1
10541,窺貞跡,1
10542,貞跡淚,1
10543,跡淚雙,1
10544,淚雙垂,1
10545,雙垂結,1
10546,垂結構,1
10547,結構叨,1
10548,構叨馮,1
10549,叨馮柱,1
10550,馮柱石,1
10551,柱石才,1
10552,石才敢,1
10553,才敢期,1
10554,敢期幢,1
10555,期幢蓋,1
10556,幢蓋此,1
10557,蓋此裴,1
10558,此裴回,1
10559,裴回陽,1
10560,回陽春,1
10561,陽春曲,1
10562,春曲調,1
10563,曲調高,1
10564,調高誰,1
10565,高誰和,1
10566,誰和盡,1
10567,和盡日,1
10568,盡日焚,1
10569,日焚香,1
10570,焚香倚,1
10571,香倚隗,1
10572,倚隗台,1
10573,隗台玳,1
10574,台玳簪,1
10575,玳簪珠,1
10576,簪珠履,1
10577,珠履愧,1
10578,履愧非,1
10579,愧非才,1
10580,非才時,1
10581,才時憑,1
10582,時憑闌,1
10583,闌幹首,1
10584,幹首重,1
10585,首重回,1
10586,重回只,1
10587,回只待,1
10588,只待淮,1
10589,待淮妖,1
10590,淮妖剪,1
10591,妖剪除,1
10592,剪除後,1
10593,除後別,1
10594,後別傾,1
10595,別傾卮,1
10596,傾卮酒,1
10597,卮酒賀,1
10598,酒賀行,1
10599,賀行台,1
10600,行台闌,1
10601,台闌檻,1
10602,闌檻初,1
10603,檻初成,1
10604,初成愧,1
10605,成愧楚,1
10606,愧楚才,1
10607,楚才不,1
10608,才不知,1
10609,不知星,1
10610,知星彩,1
10611,星彩尚,1
10612,彩尚迂,1
10613,尚迂回,1
10614,迂回風,1
10615,回風流,1
10616,風流孔,1
10617,流孔令,1
10618,孔令陶,1
10619,令陶鈞,1
10620,陶鈞外,1
10621,鈞外猶,1
10622,外猶記,1
10623,猶記山,1
10624,記山妖,1
10625,山妖逼,1
10626,妖逼小,1
10627,逼小台,1
10628,小台杳,1
10629,台杳杳,1
10630,杳杳諸,1
10631,杳諸天,1
10632,諸天路,1
10633,天路蒼,1
10634,路蒼蒼,1
10635,蒼蒼大,1
10636,蒼大滌,1
10637,大滌山,1
10638,滌山景,1
10639,山景輿,1
10640,景輿留,1
10641,輿留不,1
10642,留不得,1
10643,不得毛,1
10644,得毛節,1
10645,毛節去,1
10646,節去應,1
10647,去應閑,1
10648,應閑相,1
10649,閑相府,1
10650,相府舊,1
10651,府舊知,1
10652,舊知己,1
10653,知己教,1
10654,己教門,1
10655,教門新,1
10656,門新啟,1
10657,新啟關,1
10658,啟關太,1
10659,關太平,1
10660,太平匡,1
10661,平匡濟,1
10662,匡濟術,1
10663,濟術流,1
10664,術流落,1
10665,流落在,1
10666,落在人,1
10667,在人間,1
10668,人間先,1
10669,間先生,1
10670,先生訣,1
10671,生訣行,1
10672,訣行日,1
10673,行日曾,1
10674,日曾奉,1
10675,曾奉數,1
10676,奉數行,1
10677,數行書,1
10678,行書意,1
10679,書意密,1
10680,意密尋,1
10681,密尋難,1
10682,尋難會,1
10683,難會情,1
10684,會情深,1
10685,情深恨,1
10686,深恨有,1
10687,恨有餘,1
10688,有餘石,1
10689,餘石橋,1
10690,石橋春,1
10691,橋春暖,1
10692,春暖後,1
10693,暖後句,1
10694,後句漏,1
10695,句漏藥,1
10696,漏藥成,1
10697,藥成初,1
10698,成初珍,1
10699,初珍重,1
10700,珍重雲,1
10701,重雲兼,1
10702,雲兼鶴,1
10703,兼鶴從,1
10704,鶴從來,1
10705,來不定,1
10706,不定居,1
10707,定居常,1
10708,居常時,1
10709,常時憶,1
10710,時憶討,1
10711,憶討論,1
10712,討論歷,1
10713,論歷歷,1
10714,歷歷事,1
10715,歷事猶,1
10716,事猶存,1
10717,猶存酒,1
10718,存酒向,1
10719,酒向餘,1
10720,向餘杭,1
10721,餘杭盡,1
10722,杭盡雲,1
10723,盡雲從,1
10724,雲從大,1
10725,從大滌,1
10726,大滌昏,1
10727,滌昏往,1
10728,昏往來,1
10729,往來無,1
10730,來無道,1
10731,無道侶,1
10732,道侶歸,1
10733,侶歸去,1
10734,歸去有,1
10735,去有台,1
10736,有台恩,1
10737,台恩自,1
10738,恩自此,1
10739,自此玄,1
10740,此玄言,1
10741,玄言絕,1
10742,言絕長,1
10743,絕長應,1
10744,長應閉,1
10745,應閉洞,1
10746,閉洞門,1
10747,洞門從,1
10748,門從軍,1
10749,從軍無,1
10750,軍無一,1
10751,無一事,1
10752,一事終,1
10753,事終日,1
10754,終日掩,1
10755,日掩空,1
10756,掩空齋,1
10757,空齋道,1
10758,齋道薄,1
10759,道薄交,1
10760,薄交遊,1
10761,交遊少,1
10762,遊少才,1
10763,少才疏,1
10764,才疏進,1
10765,疏進取,1
10766,進取乖,1
10767,取乖野,1
10768,乖野禽,1
10769,野禽鳴,1
10770,禽鳴聒,1
10771,鳴聒耳,1
10772,聒耳庭,1
10773,耳庭草,1
10774,庭草綠,1
10775,草綠侵,1
10776,綠侵階,1
10777,侵階幸,1
10778,階幸自,1
10779,幸自同,1
10780,自同樗,1
10781,同樗櫟,1
10782,樗櫟何,1
10783,櫟何妨,1
10784,何妨愜,1
10785,妨愜所,1
10786,愜所懷,1
10787,所懷謬,1
10788,懷謬忝,1
10789,謬忝蓮,1
10790,忝蓮華,1
10791,蓮華幕,1
10792,華幕虛,1
10793,幕虛沾,1
10794,虛沾柏,1
10795,沾柏署,1
10796,柏署官,1
10797,署官欹,1
10798,官欹危,1
10799,欹危長,1
10800,危長抱,1
10801,長抱疾,1
10802,抱疾衰,1
10803,疾衰老,1
10804,衰老不,1
10805,老不禁,1
10806,不禁寒,1
10807,禁寒時,1
10808,寒時事,1
10809,時事已,1
10810,事已日,1
10811,已日過,1
10812,日過世,1
10813,過世途,1
10814,世途行,1
10815,途行轉,1
10816,行轉難,1
10817,轉難千,1
10818,難千崖,1
10819,千崖兼,1
10820,崖兼萬,1
10821,兼萬壑,1
10822,萬壑只,1
10823,壑只向,1
10824,只向望,1
10825,向望中,1
10826,望中看,1
10827,中看淨,1
10828,看淨碧,1
10829,淨碧山,1
10830,碧山光,1
10831,山光冷,1
10832,光冷圓,1
10833,冷圓明,1
10834,圓明露,1
10835,明露點,1
10836,露點勻,1
10837,點勻渚,1
10838,勻渚蓮,1
10839,渚蓮丹,1
10840,蓮丹臉,1
10841,丹臉恨,1
10842,臉恨堤,1
10843,恨堤柳,1
10844,堤柳翠,1
10845,柳翠眉,1
10846,翠眉顰,1
10847,眉顰蟬,1
10848,顰蟬已,1
10849,蟬已送,1
10850,已送行,1
10851,送行客,1
10852,行客雁,1
10853,客雁應,1
10854,雁應辭,1
10855,應辭主,1
10856,辭主人,1
10857,主人蠅,1
10858,人蠅蚊,1
10859,蠅蚊漸,1
10860,蚊漸無,1
10861,漸無況,1
10862,無況日,1
10863,況日晚,1
10864,日晚自,1
10865,晚自相,1
10866,相親從,1
10867,親從事,1
10868,從事不,1
10869,事不從,1
10870,不從事,1
10871,從事養,1
10872,事養生,1
10873,養生非,1
10874,生非養,1
10875,非養生,1
10876,養生職,1
10877,生職為,1
10878,職為屍,1
10879,為屍祿,1
10880,屍祿本,1
10881,祿本官,1
10882,本官是,1
10883,官是受,1
10884,受恩名,1
10885,恩名時,1
10886,名時態,1
10887,時態已,1
10888,態已相,1
10889,已相失,1
10890,相失歲,1
10891,失歲華,1
10892,歲華徒,1
10893,華徒自,1
10894,徒自驚,1
10895,自驚西,1
10896,驚西齋,1
10897,西齋一,1
10898,齋一卮,1
10899,一卮酒,1
10900,卮酒衰,1
10901,酒衰老,1
10902,衰老與,1
10903,老與誰,1
10904,與誰傾,1
10905,誰傾四,1
10906,傾四海,1
10907,四海霍,1
10908,海霍光,1
10909,霍光第,1
10910,光第六,1
10911,第六宮,1
10912,六宮張,1
10913,宮張奉,1
10914,張奉營,1
10915,奉營陪,1
10916,營陪臣,1
10917,陪臣無,1
10918,臣無以,1
10919,無以報,1
10920,以報西,1
10921,報西望,1
10922,西望不,1
10923,望不勝,1
10924,不勝情,1
10925,勝情吳,1
10926,情吳楚,1
10927,吳楚煙,1
10928,楚煙波,1
10929,煙波裏,1
10930,波裏巢,1
10931,裏巢由,1
10932,巢由季,1
10933,由季孟,1
10934,季孟間,1
10935,孟間只,1
10936,間只言,1
10937,只言無,1
10938,言無事,1
10939,無事貴,1
10940,事貴不,1
10941,貴不道,1
10942,不道致,1
10943,道致身,1
10944,致身閑,1
10945,身閑別,1
10946,閑別渚,1
10947,別渚蓮,1
10948,渚蓮根,1
10949,蓮根斷,1
10950,根斷歸,1
10951,斷歸心,1
10952,歸心桂,1
10953,心桂樹,1
10954,桂樹頑,1
10955,樹頑空,1
10956,頑空勞,1
10957,空勞鐘,1
10958,勞鐘璞,1
10959,鐘璞意,1
10960,璞意塵,1
10961,意塵世,1
10962,塵世隔,1
10963,世隔函,1
10964,隔函關,1
10965,函關華,1
10966,關華馬,1
10967,華馬憑,1
10968,馬憑誰,1
10969,憑誰問,1
10970,誰問胡,1
10971,問胡塵,1
10972,胡塵自,1
10973,塵自此,1
10974,自此多,1
10975,此多因,1
10976,多因思,1
10977,因思漢,1
10978,思漢明,1
10979,漢明帝,1
10980,明帝中,1
10981,帝中夜,1
10982,中夜憶,1
10983,夜憶廉,1
10984,廉頗借,1
10985,頗借問,1
10986,不寐高,1
10987,寐高高,1
10988,高高起,1
10989,高起華,1
10990,起華堂,1
10991,華堂區,1
10992,堂區區,1
10993,區區引,1
10994,區引流,1
10995,引流水,1
10996,流水糞,1
10997,水糞土,1
10998,糞土金,1
10999,土金玉,1
11000,金玉珍,1
11001,玉珍猶,1
11002,珍猶嫌,1
11003,猶嫌未,1
11004,嫌未奢,1
11005,未奢侈,1
11006,奢侈陋,1
11007,侈陋巷,1
11008,陋巷滿,1
11009,巷滿蓬,1
11010,滿蓬蒿,1
11011,蓬蒿誰,1
11012,蒿誰知,1
11013,誰知有,1
11014,知有顏,1
11015,有顏子,1
11016,顏子不,1
11017,子不耕,1
11018,不耕南,1
11019,耕南畝,1
11020,南畝田,1
11021,畝田為,1
11022,田為愛,1
11023,為愛東,1
11024,愛東堂,1
11025,東堂桂,1
11026,堂桂身,1
11027,桂身同,1
11028,身同樹,1
11029,同樹上,1
11030,樹上花,1
11031,上花一,1
11032,花一落,1
11033,一落又,1
11034,落又經,1
11035,又經歲,1
11036,經歲交,1
11037,歲交親,1
11038,交親亦,1
11039,親亦相,1
11040,亦相薄,1
11041,相薄知,1
11042,薄知己,1
11043,知己恩,1
11044,己恩潛,1
11045,恩潛替,1
11046,潛替日,1
11047,替日開,1
11048,日開十,1
11049,開十二,1
11050,十二門,1
11051,二門自,1
11052,門自是,1
11053,自是無,1
11054,是無歸,1
11055,無歸計,1
11056,歸計三,1
11057,計三秦,1
11058,三秦流,1
11059,秦流血,1
11060,流血已,1
11061,血已成,1
11062,已成川,1
11063,成川塞,1
11064,川塞上,1
11065,塞上黃,1
11066,上黃雲,1
11067,黃雲戰,1
11068,雲戰馬,1
11069,馬閑只,1
11070,閑只有,1
11071,只有羸,1
11072,有羸兵,1
11073,羸兵填,1
11074,兵填渭,1
11075,填渭水,1
11076,渭水終,1
11077,水終無,1
11078,終無奇,1
11079,無奇事,1
11080,奇事出,1
11081,事出商,1
11082,出商山,1
11083,商山田,1
11084,山田園,1
11085,田園已,1
11086,園已沒,1
11087,已沒紅,1
11088,沒紅塵,1
11089,紅塵內,1
11090,塵內弟,1
11091,內弟侄,1
11092,弟侄相,1
11093,侄相逢,1
11094,相逢白,1
11095,逢白刃,1
11096,白刃間,1
11097,刃間惆,1
11098,間惆悵,1
11099,惆悵翠,1
11100,悵翠華,1
11101,翠華猶,1
11102,華猶未,1
11103,猶未返,1
11104,未返淚,1
11105,返淚痕,1
11106,淚痕空,1
11107,痕空滴,1
11108,空滴劍,1
11109,滴劍文,1
11110,劍文斑,1
11111,文斑一,1
11112,斑一年,1
11113,一年兩,1
11114,年兩度,1
11115,兩度錦,1
11116,度錦江,1
11117,錦江遊,1
11118,江遊前,1
11119,遊前值,1
11120,前值東,1
11121,值東風,1
11122,東風後,1
11123,風後值,1
11124,後值秋,1
11125,值秋芳,1
11126,秋芳草,1
11127,芳草有,1
11128,草有情,1
11129,有情皆,1
11130,情皆礙,1
11131,皆礙馬,1
11132,礙馬好,1
11133,馬好雲,1
11134,好雲無,1
11135,雲無處,1
11136,無處不,1
11137,處不遮,1
11138,不遮樓,1
11139,遮樓山,1
11140,樓山將,1
11141,山將別,1
11142,將別恨,1
11143,別恨和,1
11144,恨和心,1
11145,和心斷,1
11146,心斷水,1
11147,斷水帶,1
11148,水帶離,1
11149,帶離聲,1
11150,離聲入,1
11151,聲入夢,1
11152,入夢流,1
11153,夢流今,1
11154,流今日,1
11155,今日因,1
11156,日因君,1
11157,因君試,1
11158,君試回,1
11159,試回首,1
11160,回首淡,1
11161,首淡煙,1
11162,淡煙喬,1
11163,喬木隔,1
11164,木隔綿,1
11165,隔綿州,1
11166,綿州醉,1
11167,州醉別,1
11168,醉別江,1
11169,別江東,1
11170,江東酒,1
11171,東酒一,1
11172,酒一杯,1
11173,一杯往,1
11174,杯往年,1
11175,往年曾,1
11176,年曾此,1
11177,曾此駐,1
11178,此駐塵,1
11179,駐塵埃,1
11180,塵埃魚,1
11181,埃魚聽,1
11182,魚聽建,1
11183,聽建業,1
11184,建業歌,1
11185,業歌聲,1
11186,歌聲過,1
11187,聲過水,1
11188,過水看,1
11189,水看瞿,1
11190,看瞿塘,1
11191,瞿塘雪,1
11192,塘雪影,1
11193,雪影來,1
11194,影來黃,1
11195,來黃祖,1
11196,黃祖不,1
11197,祖不能,1
11198,不能容,1
11199,能容賤,1
11200,容賤客,1
11201,賤客費,1
11202,客費禕,1
11203,費禕終,1
11204,禕終是,1
11205,終是負,1
11206,是負仙,1
11207,負仙才,1
11208,仙才平,1
11209,才平生,1
11210,平生膽,1
11211,生膽氣,1
11212,膽氣平,1
11213,氣平生,1
11214,平生恨,1
11215,生恨今,1
11216,恨今日,1
11217,今日江,1
11218,日江邊,1
11219,江邊首,1
11220,邊首懶,1
11221,首懶回,1
11222,懶回蕩,1
11223,回蕩漾,1
11224,蕩漾春,1
11225,漾春風,1
11226,春風淥,1
11227,風淥似,1
11228,淥似波,1
11229,似波惹,1
11230,波惹情,1
11231,惹情搖,1
11232,情搖恨,1
11233,搖恨去,1
11234,恨去傞,1
11235,去傞傞,1
11236,傞傞燕,1
11237,傞燕翻,1
11238,燕翻永,1
11239,翻永日,1
11240,永日音,1
11241,日音聲,1
11242,音聲好,1
11243,聲好柳,1
11244,好柳舞,1
11245,柳舞空,1
11246,舞空城,1
11247,空城意,1
11248,城意緒,1
11249,意緒多,1
11250,緒多蜀,1
11251,多蜀國,1
11252,蜀國暖,1
11253,國暖回,1
11254,暖回溪,1
11255,回溪峽,1
11256,溪峽浪,1
11257,峽浪衛,1
11258,浪衛娘,1
11259,衛娘清,1
11260,娘清轉,1
11261,清轉遏,1
11262,轉遏雲,1
11263,遏雲歌,1
11264,雲歌可,1
11265,歌可憐,1
11266,可憐戶,1
11267,憐戶外,1
11268,戶外桃,1
11269,外桃兼,1
11270,桃兼李,1
11271,兼李仲,1
11272,李仲蔚,1
11273,仲蔚蓬,1
11274,蔚蓬蒿,1
11275,蓬蒿奈,1
11276,蒿奈爾,1
11277,爾何野,1
11278,何野雲,1
11279,野雲芳,1
11280,雲芳草,1
11281,芳草繞,1
11282,草繞離,1
11283,繞離鞭,1
11284,離鞭敢,1
11285,鞭敢對,1
11286,敢對青,1
11287,對青樓,1
11288,青樓倚,1
11289,樓倚少,1
11290,倚少年,1
11291,少年秋,1
11292,年秋色,1
11293,秋色未,1
11294,色未催,1
11295,未催榆,1
11296,催榆塞,1
11297,榆塞雁,1
11298,塞雁人,1
11299,雁人心,1
11300,人心先,1
11301,心先下,1
11302,先下洞,1
11303,下洞庭,1
11304,洞庭船,1
11305,庭船高,1
11306,船高歌,1
11307,高歌酒,1
11308,歌酒市,1
11309,酒市非,1
11310,市非狂,1
11311,非狂者,1
11312,狂者大,1
11313,者大嚼,1
11314,大嚼屠,1
11315,嚼屠門,1
11316,屠門亦,1
11317,門亦偶,1
11318,偶然車,1
11319,然車馬,1
11320,車馬同,1
11321,馬同歸,1
11322,同歸莫,1
11323,歸莫同,1
11324,莫同恨,1
11325,同恨古,1
11326,恨古人,1
11327,古人頭,1
11328,人頭白,1
11329,頭白盡,1
11330,白盡林,1
11331,盡林泉,1
11332,林泉靈,1
11333,泉靈蛇,1
11334,靈蛇橋,1
11335,蛇橋下,1
11336,橋下水,1
11337,下水聲,1
11338,水聲聲,1
11339,聲聲曾,1
11340,聲曾向,1
11341,曾向橋,1
11342,向橋邊,1
11343,橋邊話,1
11344,邊話別,1
11345,話別情,1
11346,別情一,1
11347,情一榻,1
11348,一榻偶,1
11349,榻偶依,1
11350,偶依陳,1
11351,依陳太,1
11352,陳太守,1
11353,太守三,1
11354,守三年,1
11355,三年深,1
11356,年深憶,1
11357,深憶禰,1
11358,憶禰先,1
11359,先生塵,1
11360,生塵欺,1
11361,塵欺鬢,1
11362,欺鬢色,1
11363,鬢色非,1
11364,色非前,1
11365,非前事,1
11366,前事火,1
11367,事火爇,1
11368,火爇蓬,1
11369,爇蓬根,1
11370,蓬根有,1
11371,根有去,1
11372,有去程,1
11373,去程還,1
11374,程還把,1
11375,還把餘,1
11376,餘杯重,1
11377,杯重相,1
11378,重相勸,1
11379,相勸不,1
11380,勸不堪,1
11381,不堪秋,1
11382,堪秋色,1
11383,秋色背,1
11384,色背鄖,1
11385,背鄖城,1
11386,鄖城一,1
11387,城一從,1
11388,一從朱,1
11389,從朱履,1
11390,朱履步,1
11391,履步金,1
11392,步金台,1
11393,金台蘖,1
11394,台蘖苦,1
11395,蘖苦冰,1
11396,苦冰寒,1
11397,冰寒奉,1
11398,寒奉上,1
11399,奉上臺,1
11400,上臺峻,1
11401,臺峻節,1
11402,峻節不,1
11403,節不由,1
11404,不由人,1
11405,由人學,1
11406,人學得,1
11407,學得遠,1
11408,得遠途,1
11409,遠途終,1
11410,途終是,1
11411,終是自,1
11412,是自將,1
11413,自將來,1
11414,將來風,1
11415,來風高,1
11416,風高漸,1
11417,高漸展,1
11418,漸展摩,1
11419,展摩天,1
11420,摩天翼,1
11421,天翼幹,1
11422,翼幹聳,1
11423,幹聳方,1
11424,聳方呈,1
11425,方呈構,1
11426,呈構廈,1
11427,構廈材,1
11428,廈材應,1
11429,材應笑,1
11430,應笑樟,1
11431,笑樟亭,1
11432,樟亭舊,1
11433,亭舊同,1
11434,舊同舍,1
11435,同舍九,1
11436,舍九州,1
11437,九州無,1
11438,州無驗,1
11439,無驗滿,1
11440,驗滿爐,1
11441,滿爐灰,1
11442,爐灰陰,1
11443,灰陰雲,1
11444,陰雲薄,1
11445,雲薄暮,1
11446,薄暮上,1
11447,暮上空,1
11448,上空虛,1
11449,空虛此,1
11450,虛此夕,1
11451,此夕清,1
11452,夕清光,1
11453,清光已,1
11454,光已破,1
11455,已破除,1
11456,破除只,1
11457,除只恐,1
11458,只恐異,1
11459,恐異時,1
11460,異時開,1
11461,時開霽,1
11462,開霽後,1
11463,霽後玉,1
11464,後玉輪,1
11465,玉輪依,1
11466,輪依舊,1
11467,依舊養,1
11468,舊養蟾,1
11469,養蟾蜍,1
11470,蟾蜍寒,1
11471,蜍寒門,1
11472,寒門雖,1
11473,門雖得,1
11474,雖得在,1
11475,得在諸,1
11476,在諸宗,1
11477,諸宗棲,1
11478,宗棲北,1
11479,棲北巢,1
11480,北巢南,1
11481,巢南恨,1
11482,南恨不,1
11483,恨不同,1
11484,不同馬,1
11485,同馬上,1
11486,馬上固,1
11487,上固慚,1
11488,固慚消,1
11489,慚消髀,1
11490,消髀肉,1
11491,髀肉幄,1
11492,肉幄中,1
11493,幄中由,1
11494,中由羨,1
11495,由羨愈,1
11496,羨愈頭,1
11497,愈頭風,1
11498,頭風蹉,1
11499,風蹉跎,1
11500,蹉跎歲,1
11501,跎歲月,1
11502,歲月心,1
11503,月心仍,1
11504,心仍切,1
11505,仍切迢,1
11506,切迢遞,1
11507,迢遞江,1
11508,遞江山,1
11509,江山夢,1
11510,山夢未,1
11511,夢未通,1
11512,未通深,1
11513,通深荷,1
11514,深荷吾,1
11515,荷吾宗,1
11516,吾宗有,1
11517,宗有知,1
11518,知己好,1
11519,己好將,1
11520,好將刀,1
11521,刀筆為,1
11522,筆為英,1
11523,為英雄,1
11524,英雄甘,1
11525,雄甘露,1
11526,甘露捲,1
11527,露捲簾,1
11528,捲簾看,1
11529,簾看雨,1
11530,看雨腳,1
11531,雨腳樟,1
11532,腳樟亭,1
11533,樟亭倚,1
11534,亭倚柱,1
11535,倚柱望,1
11536,柱望潮,1
11537,望潮頭,1
11538,潮頭十,1
11539,頭十年,1
11540,十年顧,1
11541,年顧我,1
11542,顧我醉,1
11543,我醉中,1
11544,醉中過,1
11545,中過兩,1
11546,過兩地,1
11547,兩地與,1
11548,地與師,1
11549,與師方,1
11550,師方外,1
11551,方外遊,1
11552,外遊久,1
11553,遊久隔,1
11554,久隔兵,1
11555,隔兵戈,1
11556,兵戈常,1
11557,戈常寄,1
11558,常寄夢,1
11559,寄夢近,1
11560,夢近無,1
11561,近無書,1
11562,無書信,1
11563,書信更,1
11564,信更堪,1
11565,更堪憂,1
11566,堪憂香,1
11567,憂香爐,1
11568,香爐煙,1
11569,爐煙靄,1
11570,煙靄虎,1
11571,靄虎溪,1
11572,虎溪月,1
11573,溪月終,1
11574,月終棹,1
11575,終棹鐵,1
11576,棹鐵船,1
11577,鐵船尋,1
11578,船尋惠,1
11579,尋惠休,1
11580,惠休左,1
11581,休左腳,1
11582,左腳方,1
11583,腳方行,1
11584,方行右,1
11585,行右臂,1
11586,右臂攣,1
11587,臂攣每,1
11588,攣每慚,1
11589,每慚名,1
11590,慚名跡,1
11591,名跡汙,1
11592,跡汙賓,1
11593,汙賓筵,1
11594,賓筵縱,1
11595,筵縱饒,1
11596,縱饒吳,1
11597,饒吳土,1
11598,吳土容,1
11599,土容衰,1
11600,容衰病,1
11601,衰病爭,1
11602,病爭奈,1
11603,爭奈燕,1
11604,奈燕台,1
11605,燕台費,1
11606,台費料,1
11607,費料錢,1
11608,料錢藜,1
11609,錢藜杖,1
11610,藜杖已,1
11611,杖已幹,1
11612,已幹難,1
11613,幹難更,1
11614,難更把,1
11615,更把竹,1
11616,把竹輿,1
11617,竹輿雖,1
11618,輿雖在,1
11619,雖在不,1
11620,不堪懸,1
11621,堪懸深,1
11622,懸深恩,1
11623,深恩重,1
11624,恩重德,1
11625,重德無,1
11626,德無言,1
11627,無言處,1
11628,言處回,1
11629,處回首,1
11630,回首浮,1
11631,首浮生,1
11632,浮生淚,1
11633,生淚泫,1
11634,淚泫然,1
11635,泫然槐,1
11636,然槐花,1
11637,槐花漠,1
11638,花漠漠,1
11639,漠漠向,1
11640,漠向人,1
11641,向人黃,1
11642,人黃此,1
11643,黃此地,1
11644,此地追,1
11645,地追遊,1
11646,追遊跡,1
11647,遊跡已,1
11648,跡已荒,1
11649,已荒清,1
11650,荒清論,1
11651,清論不,1
11652,論不知,1
11653,不知莊,1
11654,莊叟達,1
11655,叟達死,1
11656,達死交,1
11657,死交空,1
11658,交空歎,1
11659,空歎趙,1
11660,歎趙岐,1
11661,趙岐忙,1
11662,岐忙病,1
11663,忙病來,1
11664,病來未,1
11665,來未忍,1
11666,未忍言,1
11667,忍言閒,1
11668,言閒事,1
11669,閒事老,1
11670,事老去,1
11671,老去唯,1
11672,去唯知,1
11673,唯知覓,1
11674,知覓醉,1
11675,覓醉鄉,1
11676,醉鄉日,1
11677,鄉日暮,1
11678,日暮街,1
11679,暮街東,1
11680,街東策,1
11681,東策羸,1
11682,策羸馬,1
11683,羸馬一,1
11684,馬一聲,1
11685,一聲橫,1
11686,聲橫笛,1
11687,橫笛似,1
11688,笛似山,1
11689,似山陽,1
11690,山陽前,1
11691,陽前年,1
11692,前年帝,1
11693,年帝裏,1
11694,帝裏望,1
11695,裏望行,1
11696,望行塵,1
11697,行塵記,1
11698,塵記得,1
11699,記得仙,1
11700,得仙家,1
11701,仙家第,1
11702,家第四,1
11703,第四人,1
11704,四人泉,1
11705,人泉暖,1
11706,泉暖舊,1
11707,暖舊諳,1
11708,舊諳龍,1
11709,諳龍偃,1
11710,龍偃息,1
11711,偃息露,1
11712,息露寒,1
11713,露寒初,1
11714,寒初見,1
11715,初見鶴,1
11716,見鶴精,1
11717,鶴精神,1
11718,精神歌,1
11719,神歌聲,1
11720,歌聲上,1
11721,聲上榻,1
11722,上榻梁,1
11723,榻梁園,1
11724,梁園晚,1
11725,園晚夢,1
11726,晚夢繞,1
11727,夢繞殘,1
11728,繞殘鐘,1
11729,殘鐘汜,1
11730,鐘汜水,1
11731,汜水春,1
11732,水春知,1
11733,春知有,1
11734,知有篋,1
11735,有篋中,1
11736,篋中編,1
11737,中編集,1
11738,編集在,1
11739,集在只,1
11740,在只應,1
11741,此是經,1
11742,是經綸,1
11743,經綸翠,1
11744,綸翠斂,1
11745,翠斂王,1
11746,斂王孫,1
11747,王孫草,1
11748,孫草荒,1
11749,草荒誅,1
11750,荒誅宋,1
11751,誅宋玉,1
11752,宋玉茅,1
11753,玉茅寇,1
11754,茅寇餘,1
11755,寇餘無,1
11756,餘無故,1
11757,無故物,1
11758,故物時,1
11759,物時薄,1
11760,時薄少,1
11761,薄少深,1
11762,少深交,1
11763,深交迸,1
11764,交迸筍,1
11765,迸筍穿,1
11766,筍穿行,1
11767,穿行徑,1
11768,行徑饑,1
11769,徑饑雛,1
11770,饑雛出,1
11771,雛出壞,1
11772,出壞巢,1
11773,壞巢小,1
11774,巢小園,1
11775,小園吾,1
11776,園吾亦,1
11777,吾亦有,1
11778,亦有多,1
11779,有多病,1
11780,多病近,1
11781,病近來,1
11782,近來拋,1
11783,來拋凡,1
11784,拋凡客,1
11785,凡客從,1
11786,客從題,1
11787,從題鳳,1
11788,題鳳膚,1
11789,鳳膚音,1
11790,膚音未,1
11791,音未勝,1
11792,未勝蛙,1
11793,勝蛙小,1
11794,蛙小船,1
11795,小船兼,1
11796,船兼有,1
11797,兼有槳,1
11798,有槳始,1
11799,槳始與,1
11800,始與問,1
11801,與問漁,1
11802,問漁家,1
11803,漁家臘,1
11804,家臘酒,1
11805,臘酒複,1
11806,酒複臘,1
11807,複臘雪,1
11808,臘雪故,1
11809,雪故人,1
11810,人今越,1
11811,今越鄉,1
11812,越鄉所,1
11813,鄉所思,1
11814,所思誰,1
11815,思誰把,1
11816,誰把盞,1
11817,把盞端,1
11818,盞端坐,1
11819,端坐恨,1
11820,坐恨無,1
11821,恨無航,1
11822,無航兔,1
11823,航兔苑,1
11824,兔苑舊,1
11825,苑舊遊,1
11826,舊遊盡,1
11827,遊盡龜,1
11828,盡龜台,1
11829,龜台仙,1
11830,台仙路,1
11831,仙路長,1
11832,路長未,1
11833,長未知,1
11834,未知鄒,1
11835,知鄒孟,1
11836,鄒孟子,1
11837,孟子何,1
11838,子何以,1
11839,何以奉,1
11840,以奉梁,1
11841,梁王宰,1
11842,王宰邑,1
11843,宰邑慚,1
11844,邑慚良,1
11845,慚良術,1
11846,良術為,1
11847,術為文,1
11848,為文愧,1
11849,文愧壯,1
11850,愧壯圖,1
11851,壯圖縱,1
11852,圖縱饒,1
11853,縱饒長,1
11854,饒長委,1
11855,長委命,1
11856,委命爭,1
11857,命爭奈,1
11858,爭奈漸,1
11859,奈漸非,1
11860,漸非夫,1
11861,非夫杯,1
11862,夫杯酒,1
11863,杯酒有,1
11864,酒有時,1
11865,有時有,1
11866,時有亂,1
11867,有亂罹,1
11868,亂罹無,1
11869,罹無處,1
11870,無處無,1
11871,處無金,1
11872,無金庭,1
11873,金庭在,1
11874,庭在何,1
11875,在何域,1
11876,何域回,1
11877,域回首,1
11878,回首一,1
11879,首一踟,1
11880,一踟躕,1
11881,踟躕危,1
11882,躕危梁,1
11883,危梁枕,1
11884,梁枕路,1
11885,枕路岐,1
11886,路岐駐,1
11887,岐駐馬,1
11888,駐馬問,1
11889,馬問前,1
11890,問前時,1
11891,前時價,1
11892,時價自,1
11893,價自友,1
11894,自友朋,1
11895,友朋得,1
11896,朋得名,1
11897,得名因,1
11898,名因婦,1
11899,因婦女,1
11900,婦女知,1
11901,女知直,1
11902,知直須,1
11903,直須論,1
11904,須論運,1
11905,論運命,1
11906,運命不,1
11907,命不得,1
11908,不得逞,1
11909,得逞文,1
11910,逞文詞,1
11911,文詞執,1
11912,詞執戟,1
11913,執戟君,1
11914,戟君鄉,1
11915,君鄉里,1
11916,鄉里榮,1
11917,里榮華,1
11918,榮華竟,1
11919,華竟若,1
11920,竟若為,1
11921,若為春,1
11922,為春草,1
11923,春草荒,1
11924,草荒墳,1
11925,荒墳墓,1
11926,墳墓萋,1
11927,墓萋萋,1
11928,萋萋向,1
11929,萋向虎,1
11930,向虎丘,1
11931,虎丘死,1
11932,丘死猶,1
11933,死猶嫌,1
11934,猶嫌寂,1
11935,嫌寂寞,1
11936,寂寞生,1
11937,寞生肯,1
11938,生肯不,1
11939,肯不風,1
11940,不風流,1
11941,風流皎,1
11942,流皎鏡,1
11943,皎鏡山,1
11944,鏡山泉,1
11945,山泉冷,1
11946,泉冷輕,1
11947,冷輕裾,1
11948,輕裾海,1
11949,裾海霧,1
11950,海霧秋,1
11951,霧秋還,1
11952,秋還應,1
11953,還應伴,1
11954,應伴西,1
11955,伴西子,1
11956,西子香,1
11957,子香徑,1
11958,香徑夜,1
11959,徑夜深,1
11960,夜深遊,1
11961,深遊晚,1
11962,遊晚景,1
11963,晚景聊,1
11964,景聊攄,1
11965,聊攄抱,1
11966,攄抱憑,1
11967,抱憑欄,1
11968,憑欄幾,1
11969,欄幾蕩,1
11970,幾蕩魂,1
11971,蕩魂檻,1
11972,魂檻虛,1
11973,檻虛從,1
11974,虛從四,1
11975,從四面,1
11976,四面江,1
11977,面江闊,1
11978,江闊奈,1
11979,闊奈孤,1
11980,奈孤根,1
11981,孤根幽,1
11982,根幽徑,1
11983,幽徑薜,1
11984,徑薜蘿,1
11985,薜蘿色,1
11986,蘿色小,1
11987,色小山,1
11988,小山苔,1
11989,山苔蘚,1
11990,苔蘚痕,1
11991,蘚痕欲,1
11992,痕欲依,1
11993,欲依師,1
11994,依師問,1
11995,師問道,1
11996,問道何,1
11997,道何處,1
11998,何處系,1
11999,處系心,1
12000,系心猿,1
12001,心猿樹,1
12002,猿樹解,1
12003,樹解將,1
12004,解將軍,1
12005,將軍夢,1
12006,軍夢城,1
12007,夢城遺,1
12008,城遺禦,1
12009,遺禦史,1
12010,禦史烏,1
12011,史烏直,1
12012,烏直應,1
12013,直應齊,1
12014,應齊始,1
12015,齊始了,1
12016,始了傾,1
12017,了傾酌,1
12018,傾酌向,1
12019,酌向寒,1
12020,向寒蕪,1
12021,寒蕪夜,1
12022,蕪夜月,1
12023,夜月色,1
12024,月色可,1
12025,色可掬,1
12026,可掬倚,1
12027,掬倚樓,1
12028,倚樓聊,1
12029,樓聊解,1
12030,聊解顏,1
12031,解顏未,1
12032,顏未能,1
12033,未能分,1
12034,能分寇,1
12035,分寇盜,1
12036,寇盜徒,1
12037,盜徒欲,1
12038,徒欲滿,1
12039,欲滿關,1
12040,滿關山,1
12041,關山背,1
12042,山背冷,1
12043,背冷金,1
12044,冷金蟾,1
12045,金蟾滑,1
12046,蟾滑毛,1
12047,滑毛寒,1
12048,毛寒玉,1
12049,寒玉兔,1
12050,玉兔頑,1
12051,兔頑姮,1
12052,頑姮娥,1
12053,姮娥謾,1
12054,娥謾偷,1
12055,謾偷藥,1
12056,偷藥長,1
12057,藥長寡,1
12058,長寡老,1
12059,寡老中,1
12060,老中閑,1
12061,中閑家,1
12062,閑家遁,1
12063,家遁蘇,1
12064,遁蘇門,1
12065,蘇門節,1
12066,門節清,1
12067,節清貧,1
12068,清貧粉,1
12069,貧粉署,1
12070,粉署官,1
12071,署官不,1
12072,官不矜,1
12073,不矜朝,1
12074,矜朝命,1
12075,朝命重,1
12076,命重只,1
12077,重只恨,1
12078,只恨路,1
12079,恨路行,1
12080,行難窗,1
12081,難窗曉,1
12082,窗曉雞,1
12083,曉雞譚,1
12084,雞譚倦,1
12085,譚倦庭,1
12086,倦庭秋,1
12087,庭秋蝶,1
12088,秋蝶夢,1
12089,蝶夢闌,1
12090,夢闌羨,1
12091,闌羨君,1
12092,君歸未,1
12093,歸未得,1
12094,未得還,1
12095,得還有,1
12096,釣魚竿,1
12097,魚竿孤,1
12098,竿孤館,1
12099,孤館少,1
12100,館少行,1
12101,少行旅,1
12102,行旅解,1
12103,旅解鞍,1
12104,解鞍增,1
12105,鞍增別,1
12106,增別愁,1
12107,別愁遠,1
12108,愁遠山,1
12109,遠山矜,1
12110,山矜薄,1
12111,矜薄暮,1
12112,薄暮高,1
12113,暮高柳,1
12114,高柳怯,1
12115,柳怯清,1
12116,怯清秋,1
12117,清秋病,1
12118,秋病裏,1
12119,病裏見,1
12120,裏見時,1
12121,見時態,1
12122,時態醉,1
12123,態醉中,1
12124,醉中思,1
12125,中思舊,1
12126,思舊遊,1
12127,舊遊所,1
12128,遊所懷,1
12129,所懷今,1
12130,懷今已,1
12131,已矣何,1
12132,矣何必,1
12133,何必恨,1
12134,必恨東,1
12135,恨東流,1
12136,東流空,1
12137,流空庭,1
12138,空庭夜,1
12139,庭夜未,1
12140,夜未央,1
12141,未央點,1
12142,央點點,1
12143,點點度,1
12144,點度西,1
12145,度西牆,1
12146,西牆抱,1
12147,牆抱影,1
12148,抱影何,1
12149,影何微,1
12150,何微細,1
12151,微細乘,1
12152,細乘時,1
12153,乘時忽,1
12154,時忽發,1
12155,忽發揚,1
12156,發揚不,1
12157,揚不思,1
12158,不思因,1
12159,思因腐,1
12160,因腐草,1
12161,腐草便,1
12162,草便擬,1
12163,便擬倚,1
12164,擬倚孤,1
12165,倚孤光,1
12166,孤光若,1
12167,光若道,1
12168,若道能,1
12169,道能通,1
12170,能通照,1
12171,通照車,1
12172,照車公,1
12173,車公業,1
12174,公業肯,1
12175,業肯長,1
12176,肯長池,1
12177,長池荷,1
12178,池荷葉,1
12179,荷葉正,1
12180,葉正圓,1
12181,正圓長,1
12182,圓長曆,1
12183,長曆報,1
12184,曆報時,1
12185,報時殫,1
12186,時殫曠,1
12187,殫曠野,1
12188,曠野雲,1
12189,野雲蒸,1
12190,雲蒸熱,1
12191,蒸熱空,1
12192,熱空庭,1
12193,空庭雨,1
12194,庭雨始,1
12195,雨始寒,1
12196,始寒蠅,1
12197,寒蠅蚊,1
12198,蠅蚊猶,1
12199,蚊猶得,1
12200,猶得志,1
12201,得志簟,1
12202,志簟席,1
12203,簟席若,1
12204,席若為,1
12205,若為安,1
12206,為安浮,1
12207,安浮世,1
12208,浮世知,1
12209,世知誰,1
12210,知誰是,1
12211,誰是勞,1
12212,是勞歌,1
12213,勞歌共,1
12214,歌共一,1
12215,共一歡,1
12216,一歡漢,1
12217,歡漢王,1
12218,漢王刀,1
12219,王刀筆,1
12220,刀筆精,1
12221,筆精寫,1
12222,精寫爾,1
12223,寫爾逼,1
12224,爾逼天,1
12225,逼天生,1
12226,天生舞,1
12227,生舞巧,1
12228,舞巧何,1
12229,巧何妨,1
12230,何妨急,1
12231,妨急飛,1
12232,急飛高,1
12233,飛高所,1
12234,高所恨,1
12235,所恨輕,1
12236,恨輕野,1
12237,輕野田,1
12238,野田黃,1
12239,田黃雀,1
12240,黃雀慮,1
12241,雀慮山,1
12242,慮山館,1
12243,山館主,1
12244,館主人,1
12245,主人情,1
12246,人情此,1
12247,情此物,1
12248,此物那,1
12249,物那堪,1
12250,那堪作,1
12251,堪作莊,1
12252,作莊周,1
12253,莊周夢,1
12254,周夢不,1
12255,夢不成,1
12256,不成春,1
12257,成春風,1
12258,春風百,1
12259,風百卉,1
12260,百卉搖,1
12261,卉搖舊,1
12262,搖舊國,1
12263,舊國路,1
12264,國路迢,1
12265,迢迢偶,1
12266,迢偶病,1
12267,偶病成,1
12268,病成疏,1
12269,成疏散,1
12270,疏散因,1
12271,散因貧,1
12272,因貧得,1
12273,貧得寂,1
12274,得寂寥,1
12275,寂寥倚,1
12276,寥倚簾,1
12277,倚簾高,1
12278,簾高柳,1
12279,高柳弱,1
12280,柳弱乘,1
12281,弱乘露,1
12282,乘露小,1
12283,露小桃,1
12284,小桃夭,1
12285,桃夭春,1
12286,夭春色,1
12287,春色常,1
12288,色常無,1
12289,常無處,1
12290,無處村,1
12291,處村醪,1
12292,村醪更,1
12293,醪更一,1
12294,更一瓢,1
12295,一瓢楚,1
12296,瓢楚雖,1
12297,楚雖屈,1
12298,雖屈子,1
12299,屈子重,1
12300,子重漢,1
12301,重漢亦,1
12302,漢亦憶,1
12303,亦憶廉,1
12304,廉頗不,1
12305,頗不及,1
12306,不及雲,1
12307,及雲台,1
12308,雲台議,1
12309,台議空,1
12310,議空山,1
12311,空山老,1
12312,山老薜,1
12313,老薜蘿,1
12314,薜蘿不,1
12315,蘿不必,1
12316,不必嫌,1
12317,必嫌漂,1
12318,嫌漂露,1
12319,漂露何,1
12320,露何妨,1
12321,何妨養,1
12322,妨養羽,1
12323,養羽毛,1
12324,羽毛漢,1
12325,毛漢妃,1
12326,漢妃金,1
12327,妃金屋,1
12328,金屋遠,1
12329,屋遠盧,1
12330,遠盧女,1
12331,盧女杏,1
12332,女杏梁,1
12333,杏梁高,1
12334,梁高野,1
12335,高野迥,1
12336,野迥雙,1
12337,迥雙飛,1
12338,雙飛急,1
12339,飛急煙,1
12340,急煙晴,1
12341,煙晴對,1
12342,晴對語,1
12343,對語勞,1
12344,語勞猶,1
12345,勞猶勝,1
12346,猶勝黃,1
12347,勝黃雀,1
12348,黃雀在,1
12349,雀在棲,1
12350,在棲息,1
12351,棲息是,1
12352,息是蓬,1
12353,是蓬蒿,1
12354,蓬蒿長,1
12355,蒿長途,1
12356,長途已,1
12357,途已自,1
12358,已自窮,1
12359,自窮此,1
12360,窮此去,1
12361,此去更,1
12362,去更西,1
12363,更西東,1
12364,西東樹,1
12365,東樹色,1
12366,樹色榮,1
12367,色榮衰,1
12368,榮衰裏,1
12369,衰裏人,1
12370,裏人心,1
12371,人心往,1
12372,心往返,1
12373,往返中,1
12374,返中別,1
12375,中別情,1
12376,別情流,1
12377,情流水,1
12378,流水急,1
12379,水急歸,1
12380,急歸夢,1
12381,歸夢故,1
12382,夢故山,1
12383,故山空,1
12384,山空莫,1
12385,空莫忘,1
12386,莫忘交,1
12387,忘交遊,1
12388,交遊分,1
12389,遊分從,1
12390,分從來,1
12391,來事一,1
12392,事一同,1
12393,一同梅,1
12394,同梅花,1
12395,花已著,1
12396,已著眼,1
12397,著眼竹,1
12398,眼竹葉,1
12399,竹葉況,1
12400,葉況粘,1
12401,況粘唇,1
12402,粘唇只,1
12403,唇只此,1
12404,只此留,1
12405,此留殘,1
12406,留殘歲,1
12407,殘歲那,1
12408,歲那堪,1
12409,那堪憶,1
12410,堪憶故,1
12411,故人亂,1
12412,人亂罹,1
12413,亂罹書,1
12414,罹書不,1
12415,書不遠,1
12416,不遠衰,1
12417,遠衰病,1
12418,衰病日,1
12419,病日相,1
12420,日相親,1
12421,相親江,1
12422,親江浦,1
12423,江浦思,1
12424,浦思歸,1
12425,思歸意,1
12426,歸意明,1
12427,意明朝,1
12428,明朝又,1
12429,朝又一,1
12430,又一春,1
12431,一春營,1
12432,春營室,1
12433,營室東,1
12434,室東回,1
12435,東回蔭,1
12436,回蔭斥,1
12437,蔭斥丘,1
12438,斥丘少,1
12439,丘少年,1
12440,少年承,1
12441,年承襲,1
12442,承襲擁,1
12443,襲擁青,1
12444,擁青油,1
12445,青油坐,1
12446,油坐調,1
12447,坐調金,1
12448,調金鼎,1
12449,金鼎尊,1
12450,鼎尊明,1
12451,尊明主,1
12452,明主橫,1
12453,主橫把,1
12454,橫把雕,1
12455,把雕戈,1
12456,雕戈拜,1
12457,戈拜列,1
12458,拜列侯,1
12459,列侯書,1
12460,侯書劄,1
12461,書劄二,1
12462,劄二王,1
12463,二王爭,1
12464,王爭巧,1
12465,爭巧拙,1
12466,巧拙篇,1
12467,拙篇章,1
12468,篇章七,1
12469,章七子,1
12470,七子避,1
12471,子避風,1
12472,避風流,1
12473,風流西,1
12474,流西園,1
12475,西園舊,1
12476,園舊跡,1
12477,舊跡今,1
12478,跡今應,1
12479,今應在,1
12480,應在衰,1
12481,在衰老,1
12482,衰老無,1
12483,老無因,1
12484,無因奉,1
12485,因奉勝,1
12486,奉勝遊,1
12487,勝遊脈,1
12488,遊脈散,1
12489,脈散源,1
12490,散源分,1
12491,源分曆,1
12492,分曆幾,1
12493,曆幾朝,1
12494,幾朝縱,1
12495,朝縱然,1
12496,縱然官,1
12497,然官宦,1
12498,官宦只,1
12499,宦只卑,1
12500,只卑僚,1
12501,卑僚正,1
12502,僚正憂,1
12503,正憂末,1
12504,憂末派,1
12505,末派淪,1
12506,派淪滄,1
12507,淪滄海,1
12508,滄海忽,1
12509,海忽見,1
12510,忽見高,1
12511,見高枝,1
12512,高枝拂,1
12513,枝拂絳,1
12514,拂絳霄,1
12515,絳霄十,1
12516,霄十萬,1
12517,十萬貔,1
12518,萬貔貅,1
12519,貔貅趨,1
12520,貅趨玉,1
12521,趨玉帳,1
12522,玉帳三,1
12523,帳三千,1
12524,三千賓,1
12525,千賓客,1
12526,賓客珥,1
12527,客珥金,1
12528,珥金貂,1
12529,金貂良,1
12530,貂良時,1
12531,良時難,1
12532,時難得,1
12533,難得吾,1
12534,得吾宗,1
12535,吾宗少,1
12536,宗少應,1
12537,少應念,1
12538,應念寒,1
12539,念寒門,1
12540,寒門更,1
12541,門更寂,1
12542,更寂寥,1
12543,寂寥敢,1
12544,寥敢將,1
12545,敢將衰,1
12546,將衰弱,1
12547,衰弱附,1
12548,弱附強,1
12549,附強宗,1
12550,強宗細,1
12551,宗細算,1
12552,細算還,1
12553,算還緣,1
12554,還緣血,1
12555,緣血脈,1
12556,血脈同,1
12557,脈同湘,1
12558,同湘浦,1
12559,湘浦煙,1
12560,浦煙波,1
12561,煙波無,1
12562,波無舊,1
12563,無舊跡,1
12564,舊跡鄴,1
12565,跡鄴都,1
12566,鄴都蘭,1
12567,都蘭菊,1
12568,蘭菊有,1
12569,菊有遺,1
12570,有遺風,1
12571,遺風每,1
12572,風每憐,1
12573,每憐罹,1
12574,憐罹亂,1
12575,罹亂書,1
12576,亂書猶,1
12577,書猶達,1
12578,猶達所,1
12579,達所恨,1
12580,所恨雲,1
12581,恨雲泥,1
12582,雲泥路,1
12583,泥路不,1
12584,不通珍,1
12585,通珍重,1
12586,珍重珠,1
12587,重珠璣,1
12588,珠璣兼,1
12589,璣兼繡,1
12590,兼繡段,1
12591,繡段草,1
12592,段草玄,1
12593,草玄堂,1
12594,玄堂下,1
12595,堂下寄,1
12596,下寄揚,1
12597,寄揚雄,1
12598,揚雄水,1
12599,雄水雲,1
12600,水雲開,1
12601,雲開霽,1
12602,開霽立,1
12603,霽立高,1
12604,立高亭,1
12605,高亭依,1
12606,亭依約,1
12607,依約黎,1
12608,約黎陽,1
12609,黎陽對,1
12610,陽對福,1
12611,對福星,1
12612,福星只,1
12613,星只見,1
12614,只見篇,1
12615,見篇章,1
12616,篇章矜,1
12617,章矜鏤,1
12618,矜鏤管,1
12619,鏤管不,1
12620,管不知,1
12621,不知勳,1
12622,知勳業,1
12623,勳業柱,1
12624,業柱青,1
12625,柱青冥,1
12626,青冥早,1
12627,冥早緣,1
12628,早緣入,1
12629,緣入夢,1
12630,入夢金,1
12631,夢金方,1
12632,金方礪,1
12633,方礪晚,1
12634,礪晚為,1
12635,晚為傳,1
12636,為傳家,1
12637,傳家鼎,1
12638,家鼎始,1
12639,鼎始銘,1
12640,始銘鶴,1
12641,銘鶴發,1
12642,鶴發四,1
12643,發四垂,1
12644,四垂煙,1
12645,垂煙閣,1
12646,煙閣遠,1
12647,閣遠此,1
12648,遠此生,1
12649,此生何,1
12650,生何處,1
12651,何處拜,1
12652,處拜儀,1
12653,拜儀形,1
12654,儀形錦,1
12655,形錦笈,1
12656,錦笈朱,1
12657,笈朱囊,1
12658,朱囊連,1
12659,囊連複,1
12660,連複連,1
12661,複連紫,1
12662,連紫鸞,1
12663,紫鸞飛,1
12664,鸞飛下,1
12665,飛下浙,1
12666,下浙江,1
12667,浙江邊,1
12668,江邊綃,1
12669,邊綃從,1
12670,綃從海,1
12671,從海室,1
12672,海室奪,1
12673,室奪煙,1
12674,奪煙霧,1
12675,煙霧樂,1
12676,霧樂奏,1
12677,樂奏帝,1
12678,奏帝宮,1
12679,帝宮勝,1
12680,宮勝管,1
12681,勝管弦,1
12682,管弦長,1
12683,弦長笑,1
12684,長笑應,1
12685,笑應劉,1
12686,應劉悲,1
12687,劉悲顯,1
12688,悲顯達,1
12689,顯達每,1
12690,達每嫌,1
12691,每嫌伊,1
12692,嫌伊霍,1
12693,伊霍少,1
12694,霍少詩,1
12695,少詩篇,1
12696,詩篇戴,1
12697,篇戴灣,1
12698,戴灣老,1
12699,灣老圃,1
12700,老圃根,1
12701,圃根基,1
12702,根基薄,1
12703,基薄虛,1
12704,薄虛費,1
12705,虛費工,1
12706,工夫八,1
12707,夫八十,1
12708,八十年,1
12709,十年正,1
12710,年正憂,1
12711,正憂衰,1
12712,憂衰老,1
12713,衰老辱,1
12714,老辱金,1
12715,辱金台,1
12716,金台敢,1
12717,台敢望,1
12718,敢望昭,1
12719,望昭王,1
12720,昭王顧,1
12721,王顧問,1
12722,顧問來,1
12723,問來門,1
12724,來門外,1
12725,門外旌,1
12726,外旌旗,1
12727,旌旗屯,1
12728,旗屯虎,1
12729,屯虎豹,1
12730,虎豹壁,1
12731,豹壁閒,1
12732,壁閒章,1
12733,閒章句,1
12734,章句動,1
12735,句動風,1
12736,動風雷,1
12737,風雷三,1
12738,雷三都,1
12739,三都節,1
12740,都節已,1
12741,節已聯,1
12742,已聯翩,1
12743,聯翩降,1
12744,翩降兩,1
12745,降兩地,1
12746,兩地花,1
12747,地花應,1
12748,花應次,1
12749,應次第,1
12750,第開若,1
12751,開若比,1
12752,若比紫,1
12753,比紫髯,1
12754,紫髯分,1
12755,髯分鼎,1
12756,分鼎足,1
12757,鼎足未,1
12758,足未聞,1
12759,未聞餘,1
12760,餘力有,1
12761,力有瓊,1
12762,有瓊瑰,1
12763,瓊瑰征,1
12764,瑰征東,1
12765,征東幕,1
12766,東幕府,1
12767,幕府十,1
12768,府十三,1
12769,三州敢,1
12770,州敢望,1
12771,敢望非,1
12772,望非才,1
12773,非才忝,1
12774,才忝上,1
12775,忝上游,1
12776,上游官,1
12777,游官秩,1
12778,官秩已,1
12779,秩已叨,1
12780,已叨吳,1
12781,叨吳品,1
12782,吳品職,1
12783,品職姓,1
12784,職姓名,1
12785,姓名兼,1
12786,名兼顯,1
12787,兼顯魯,1
12788,顯魯春,1
12789,魯春秋,1
12790,春秋鹽,1
12791,秋鹽車,1
12792,鹽車顧,1
12793,車顧後,1
12794,顧後聲,1
12795,後聲方,1
12796,聲方重,1
12797,方重火,1
12798,重火井,1
12799,火井窺,1
12800,井窺來,1
12801,窺來焰,1
12802,來焰始,1
12803,焰始浮,1
12804,始浮一,1
12805,浮一句,1
12806,一句黃,1
12807,句黃河,1
12808,黃河千,1
12809,河千載,1
12810,千載事,1
12811,載事麥,1
12812,事麥城,1
12813,麥城王,1
12814,城王粲,1
12815,王粲謾,1
12816,粲謾登,1
12817,謾登樓,1
12818,登樓新,1
12819,樓新恩,1
12820,新恩別,1
12821,恩別啟,1
12822,別啟館,1
12823,啟館娃,1
12824,館娃宮,1
12825,娃宮還,1
12826,宮還拜,1
12827,還拜吳,1
12828,拜吳王,1
12829,吳王向,1
12830,王向此,1
12831,向此中,1
12832,此中九,1
12833,中九牧,1
12834,九牧土,1
12835,牧土田,1
12836,土田周,1
12837,田周制,1
12838,周制在,1
12839,制在兩,1
12840,在兩藩,1
12841,兩藩茅,1
12842,藩茅社,1
12843,茅社漢,1
12844,社漢儀,1
12845,漢儀同,1
12846,儀同春,1
12847,同春生,1
12848,春生舊,1
12849,生舊苑,1
12850,舊苑芳,1
12851,苑芳洲,1
12852,芳洲雨,1
12853,洲雨香,1
12854,雨香入,1
12855,香入高,1
12856,入高臺,1
12857,高臺小,1
12858,臺小徑,1
12859,小徑風,1
12860,徑風更,1
12861,風更有,1
12862,更有寵,1
12863,有寵光,1
12864,寵光人,1
12865,光人未,1
12866,人未見,1
12867,未見問,1
12868,見問安,1
12869,問安調,1
12870,安調膳,1
12871,調膳盡,1
12872,膳盡三,1
12873,盡三公,1
12874,三公潏,1
12875,公潏潏,1
12876,潏潏寒,1
12877,潏寒光,1
12878,寒光濺,1
12879,光濺路,1
12880,濺路塵,1
12881,路塵相,1
12882,塵相傳,1
12883,相傳妖,1
12884,傳妖物,1
12885,妖物此,1
12886,物此潛,1
12887,此潛身,1
12888,潛身又,1
12889,身又應,1
12890,又應改,1
12891,應改換,1
12892,改換皮,1
12893,換皮毛,1
12894,皮毛後,1
12895,毛後何,1
12896,後何處,1
12897,何處人,1
12898,處人間,1
12899,間作好,1
12900,作好人,1
12901,好人策,1
12902,人策蹇,1
12903,策蹇南,1
12904,蹇南游,1
12905,南游憶,1
12906,游憶楚,1
12907,憶楚朝,1
12908,楚朝陰,1
12909,朝陰風,1
12910,陰風淅,1
12911,風淅淅,1
12912,淅淅樹,1
12913,淅樹蕭,1
12914,樹蕭蕭,1
12915,蕭蕭不,1
12916,蕭不知,1
12917,不知無,1
12918,知無忌,1
12919,無忌奸,1
12920,忌奸邪,1
12921,奸邪骨,1
12922,邪骨又,1
12923,骨又作,1
12924,又作何,1
12925,作何山,1
12926,何山野,1
12927,山野葛,1
12928,野葛苗,1
12929,葛苗人,1
12930,苗人人,1
12931,人人盡,1
12932,人盡道,1
12933,盡道事,1
12934,道事空,1
12935,事空王,1
12936,空王心,1
12937,王心裏,1
12938,心裏忙,1
12939,裏忙於,1
12940,忙於市,1
12941,於市井,1
12942,市井忙,1
12943,井忙惟,1
12944,忙惟有,1
12945,惟有馬,1
12946,有馬當,1
12947,馬當山,1
12948,當山上,1
12949,山上客,1
12950,上客死,1
12951,客死門,1
12952,死門生,1
12953,門生路,1
12954,生路兩,1
12955,路兩相,1
12956,兩相忘,1
12957,相忘青,1
12958,忘青雲,1
12959,青雲路,1
12960,雲路不,1
12961,不通歸,1
12962,通歸計,1
12963,歸計奈,1
12964,計奈長,1
12965,奈長蒙,1
12966,長蒙老,1
12967,蒙老恐,1
12968,老恐醫,1
12969,恐醫方,1
12970,醫方誤,1
12971,方誤窮,1
12972,誤窮憂,1
12973,窮憂酒,1
12974,憂酒醆,1
12975,酒醆空,1
12976,醆空何,1
12977,空何堪,1
12978,何堪罹,1
12979,堪罹亂,1
12980,亂後更,1
12981,後更入,1
12982,更入是,1
12983,入是非,1
12984,是非中,1
12985,非中長,1
12986,中長短,1
12987,長短遭,1
12988,短遭譏,1
12989,遭譏笑,1
12990,譏笑回,1
12991,笑回頭,1
12992,回頭避,1
12993,頭避釣,1
12994,避釣翁,1
12995,釣翁臘,1
12996,翁臘雪,1
12997,臘雪都,1
12998,雪都堂,1
12999,都堂試,1
13000,堂試春,1
13001,試春風,1
13002,春風汴,1
13003,風汴水,1
13004,汴水行,1
13005,水行十,1
13006,行十年,1
13007,十年雖,1
13008,年雖抱,1
13009,雖抱疾,1
13010,抱疾何,1
13011,疾何處,1
13012,處不無,1
13013,不無情,1
13014,無情群,1
13015,情群盜,1
13016,群盜正,1
13017,盜正當,1
13018,正當路,1
13019,當路此,1
13020,路此游,1
13021,此游應,1
13022,游應隔,1
13023,應隔生,1
13024,隔生勞,1
13025,生勞君,1
13026,勞君問,1
13027,君問流,1
13028,問流落,1
13029,流落山,1
13030,落山下,1
13031,山下已,1
13032,下已躬,1
13033,已躬耕,1
13034,躬耕井,1
13035,耕井上,1
13036,井上梧,1
13037,上梧桐,1
13038,桐暗花,1
13039,暗花間,1
13040,花間霧,1
13041,間霧露,1
13042,霧露晞,1
13043,露晞一,1
13044,晞一枝,1
13045,一枝晴,1
13046,枝晴複,1
13047,晴複暖,1
13048,複暖百,1
13049,暖百囀,1
13050,百囀是,1
13051,囀是兼,1
13052,是兼非,1
13053,兼非金,1
13054,非金屋,1
13055,金屋夢,1
13056,屋夢初,1
13057,夢初覺,1
13058,初覺玉,1
13059,覺玉關,1
13060,玉關人,1
13061,關人未,1
13062,人未歸,1
13063,未歸不,1
13064,歸不堪,1
13065,不堪閑,1
13066,堪閑日,1
13067,閑日聽,1
13068,日聽因,1
13069,聽因爾,1
13070,因爾又,1
13071,爾又沾,1
13072,沾衣青,1
13073,衣青樓,1
13074,青樓枕,1
13075,樓枕路,1
13076,枕路隅,1
13077,路隅壁,1
13078,隅壁甃,1
13079,壁甃複,1
13080,甃複椒,1
13081,複椒塗,1
13082,椒塗晚,1
13083,塗晚夢,1
13084,晚夢通,1
13085,夢通簾,1
13086,通簾柙,1
13087,簾柙春,1
13088,柙春寒,1
13089,春寒逼,1
13090,寒逼酒,1
13091,逼酒壚,1
13092,酒壚解,1
13093,壚解吟,1
13094,解吟憐,1
13095,吟憐芍,1
13096,憐芍藥,1
13097,芍藥難,1
13098,藥難見,1
13099,難見恨,1
13100,見恨菖,1
13101,恨菖蒲,1
13102,菖蒲試,1
13103,蒲試問,1
13104,試問年,1
13105,問年多,1
13106,年多少,1
13107,多少鄰,1
13108,少鄰姬,1
13109,鄰姬亦,1
13110,姬亦姓,1
13111,亦姓胡,1
13112,姓胡香,1
13113,胡香筵,1
13114,香筵酒,1
13115,筵酒散,1
13116,酒散思,1
13117,散思朝,1
13118,思朝散,1
13119,朝散偶,1
13120,散偶向,1
13121,偶向梧,1
13122,向梧桐,1
13123,桐暗處,1
13124,暗處聞,1
13125,處聞大,1
13126,聞大底,1
13127,大底曲,1
13128,底曲中,1
13129,曲中皆,1
13130,中皆有,1
13131,皆有恨,1
13132,有恨滿,1
13133,恨滿樓,1
13134,滿樓人,1
13135,樓人自,1
13136,人自不,1
13137,自不知,1
13138,不知君,1
13139,知君紫,1
13140,君紫菊,1
13141,紫菊馨,1
13142,菊馨香,1
13143,馨香覆,1
13144,香覆楚,1
13145,覆楚醪,1
13146,楚醪奠,1
13147,醪奠君,1
13148,奠君江,1
13149,君江畔,1
13150,江畔雨,1
13151,畔雨蕭,1
13152,雨蕭騷,1
13153,蕭騷旅,1
13154,騷旅魂,1
13155,旅魂自,1
13156,魂自是,1
13157,自是才,1
13158,是才相,1
13159,才相累,1
13160,相累閑,1
13161,累閑骨,1
13162,閑骨何,1
13163,骨何妨,1
13164,何妨塚,1
13165,妨塚更,1
13166,塚更高,1
13167,更高騄,1
13168,高騄驥,1
13169,騄驥喪,1
13170,驥喪來,1
13171,喪來空,1
13172,來空蹇,1
13173,空蹇蹶,1
13174,蹇蹶芝,1
13175,蹶芝蘭,1
13176,芝蘭衰,1
13177,蘭衰後,1
13178,衰後長,1
13179,後長蓬,1
13180,長蓬蒿,1
13181,蓬蒿屈,1
13182,蒿屈原,1
13183,屈原宋,1
13184,原宋玉,1
13185,宋玉鄰,1
13186,玉鄰君,1
13187,鄰君處,1
13188,君處幾,1
13189,處幾駕,1
13190,幾駕青,1
13191,駕青螭,1
13192,青螭緩,1
13193,螭緩郁,1
13194,緩郁陶,1
13195,郁陶蒲,1
13196,陶蒲梢,1
13197,蒲梢獵,1
13198,梢獵獵,1
13199,獵獵燕,1
13200,獵燕差,1
13201,燕差差,1
13202,差差數,1
13203,差數裏,1
13204,數裏溪,1
13205,裏溪光,1
13206,溪光日,1
13207,光日落,1
13208,日落時,1
13209,落時芳,1
13210,時芳樹,1
13211,芳樹文,1
13212,樹文君,1
13213,文君機,1
13214,君機上,1
13215,機上錦,1
13216,上錦遠,1
13217,錦遠山,1
13218,遠山孫,1
13219,山孫壽,1
13220,孫壽鏡,1
13221,壽鏡中,1
13222,鏡中眉,1
13223,中眉雞,1
13224,眉雞窗,1
13225,雞窗夜,1
13226,窗夜靜,1
13227,夜靜開,1
13228,靜開書,1
13229,開書卷,1
13230,書卷魚,1
13231,卷魚檻,1
13232,魚檻春,1
13233,檻春深,1
13234,春深展,1
13235,深展釣,1
13236,展釣絲,1
13237,釣絲若,1
13238,絲若使,1
13239,若使浮,1
13240,使浮名,1
13241,浮名拘,1
13242,名拘絆,1
13243,拘絆得,1
13244,絆得世,1
13245,得世間,1
13246,世間何,1
13247,間何處,1
13248,處有男,1
13249,有男兒,1
13250,男兒乘,1
13251,兒乘鳳,1
13252,乘鳳仙,1
13253,鳳仙人,1
13254,仙人降,1
13255,人降此,1
13256,降此時,1
13257,此時玉,1
13258,時玉篇,1
13259,玉篇才,1
13260,篇才罷,1
13261,才罷到,1
13262,罷到文,1
13263,到文詞,1
13264,文詞兩,1
13265,詞兩輪,1
13266,兩輪水,1
13267,輪水磑,1
13268,水磑光,1
13269,磑光明,1
13270,光明照,1
13271,明照百,1
13272,照百尺,1
13273,百尺鮫,1
13274,尺鮫綃,1
13275,鮫綃換,1
13276,綃換好,1
13277,換好詩,1
13278,好詩帶,1
13279,詩帶礪,1
13280,帶礪山,1
13281,礪山河,1
13282,山河今,1
13283,河今盡,1
13284,今盡在,1
13285,盡在風,1
13286,在風流,1
13287,風流樽,1
13288,流樽俎,1
13289,樽俎見,1
13290,俎見無,1
13291,見無期,1
13292,無期壇,1
13293,期壇場,1
13294,壇場客,1
13295,場客散,1
13296,客散香,1
13297,散香街,1
13298,香街暝,1
13299,街暝惆,1
13300,暝惆悵,1
13301,惆悵齊,1
13302,悵齊竽,1
13303,齊竽取,1
13304,竽取次,1
13305,取次吹,1
13306,次吹故,1
13307,吹故人,1
13308,故人刀,1
13309,人刀筆,1
13310,筆事軍,1
13311,事軍書,1
13312,軍書南,1
13313,書南轉,1
13314,南轉黔,1
13315,轉黔江,1
13316,黔江半,1
13317,江半月,1
13318,月餘別,1
13319,餘別後,1
13320,別後鄉,1
13321,後鄉關,1
13322,鄉關情,1
13323,關情幾,1
13324,情幾許,1
13325,幾許近,1
13326,許近來,1
13327,近來詩,1
13328,來詩酒,1
13329,詩酒興,1
13330,酒興何,1
13331,興何如,1
13332,何如貪,1
13333,如貪將,1
13334,貪將醉,1
13335,將醉袖,1
13336,醉袖矜,1
13337,袖矜鶯,1
13338,矜鶯穀,1
13339,鶯穀不,1
13340,穀不把,1
13341,不把瑤,1
13342,把瑤緘,1
13343,瑤緘附,1
13344,緘附鯉,1
13345,附鯉魚,1
13346,鯉魚今,1
13347,今日舉,1
13348,日舉觴,1
13349,舉觴君,1
13350,觴君莫,1
13351,君莫問,1
13352,莫問生,1
13353,問生涯,1
13354,生涯牢,1
13355,涯牢落,1
13356,牢落鬢,1
13357,落鬢蕭,1
13358,鬢蕭疏,1
13359,蕭疏關,1
13360,疏關畔,1
13361,關畔春,1
13362,畔春雲,1
13363,春雲拂,1
13364,雲拂馬,1
13365,拂馬頭,1
13366,馬頭馬,1
13367,頭馬前,1
13368,馬前春,1
13369,前春事,1
13370,春事共,1
13371,事共悠,1
13372,共悠悠,1
13373,悠悠風,1
13374,悠風搖,1
13375,風搖岸,1
13376,搖岸柳,1
13377,岸柳長,1
13378,柳長條,1
13379,長條困,1
13380,條困露,1
13381,困露裛,1
13382,露裛山,1
13383,裛山花,1
13384,山花小,1
13385,花小朵,1
13386,小朵愁,1
13387,朵愁信,1
13388,愁信越,1
13389,信越功,1
13390,越功名,1
13391,功名高,1
13392,名高似,1
13393,高似狗,1
13394,似狗裴,1
13395,狗裴王,1
13396,裴王氣,1
13397,王氣力,1
13398,氣力大,1
13399,力大於,1
13400,大於牛,1
13401,於牛未,1
13402,牛未知,1
13403,未知至,1
13404,知至竟,1
13405,至竟將,1
13406,竟將何,1
13407,將何用,1
13408,何用渭,1
13409,用渭水,1
13410,渭水涇,1
13411,水涇川,1
13412,涇川一,1
13413,川一向,1
13414,一向流,1
13415,向流往,1
13416,流往年,1
13417,往年疏,1
13418,共江湖,1
13419,江湖月,1
13420,湖月滿,1
13421,月滿花,1
13422,滿花香,1
13423,花香記,1
13424,香記得,1
13425,記得無,1
13426,得無霜,1
13427,無霜壓,1
13428,霜壓楚,1
13429,壓楚蓮,1
13430,楚蓮秋,1
13431,蓮秋後,1
13432,秋後折,1
13433,後折雨,1
13434,折雨催,1
13435,雨催蠻,1
13436,催蠻酒,1
13437,蠻酒夜,1
13438,酒夜深,1
13439,夜深酤,1
13440,深酤紅,1
13441,酤紅塵,1
13442,紅塵偶,1
13443,塵偶別,1
13444,偶別迷,1
13445,別迷前,1
13446,迷前事,1
13447,前事丹,1
13448,事丹桂,1
13449,丹桂相,1
13450,桂相傾,1
13451,相傾愧,1
13452,傾愧後,1
13453,愧後徒,1
13454,後徒出,1
13455,徒出得,1
13456,出得函,1
13457,得函關,1
13458,函關抽,1
13459,關抽得,1
13460,抽得手,1
13461,得手從,1
13462,手從來,1
13463,來不及,1
13464,不及阮,1
13465,及阮元,1
13466,阮元瑜,1
13467,元瑜石,1
13468,瑜石城,1
13469,石城蓑,1
13470,城蓑笠,1
13471,蓑笠阻,1
13472,笠阻心,1
13473,阻心期,1
13474,心期落,1
13475,期落盡,1
13476,落盡山,1
13477,盡山花,1
13478,山花有,1
13479,花有所,1
13480,有所思,1
13481,所思羸,1
13482,思羸馬,1
13483,羸馬二,1
13484,馬二年,1
13485,二年蓬,1
13486,年蓬轉,1
13487,蓬轉後,1
13488,轉後故,1
13489,何處月,1
13490,處月明,1
13491,月明時,1
13492,明時風,1
13493,時風催,1
13494,風催曉,1
13495,催曉雁,1
13496,曉雁看,1
13497,雁看看,1
13498,看看別,1
13499,看別雨,1
13500,別雨脅,1
13501,雨脅秋,1
13502,脅秋蠅,1
13503,秋蠅漸,1
13504,蠅漸漸,1
13505,漸漸癡,1
13506,漸癡禪,1
13507,癡禪智,1
13508,禪智闌,1
13509,智闌幹,1
13510,闌幹市,1
13511,幹市橋,1
13512,市橋酒,1
13513,橋酒縱,1
13514,酒縱然,1
13515,縱然相,1
13516,然相見,1
13517,相見只,1
13518,見只相,1
13519,只相悲,1
13520,相悲溪,1
13521,悲溪風,1
13522,溪風如,1
13523,風如扇,1
13524,如扇雨,1
13525,扇雨如,1
13526,雨如絲,1
13527,如絲閒,1
13528,絲閒步,1
13529,閒步閑,1
13530,步閑吟,1
13531,閑吟柳,1
13532,吟柳惲,1
13533,惲詩杯,1
13534,詩杯酒,1
13535,杯酒疏,1
13536,酒疏狂,1
13537,疏狂非,1
13538,狂非曩,1
13539,日野花,1
13540,野花狼,1
13541,花狼藉,1
13542,狼藉似,1
13543,藉似當,1
13544,似當時,1
13545,當時道,1
13546,時道窮,1
13547,道窮謾,1
13548,窮謾有,1
13549,謾有依,1
13550,有依劉,1
13551,依劉感,1
13552,劉感才,1
13553,感才急,1
13554,才急應,1
13555,急應無,1
13556,應無借,1
13557,無借寇,1
13558,借寇期,1
13559,寇期滿,1
13560,期滿眼,1
13561,滿眼雲,1
13562,眼雲山,1
13563,雲山莫,1
13564,山莫相,1
13565,相笑與,1
13566,笑與君,1
13567,與君俱,1
13568,君俱是,1
13569,俱是受,1
13570,是受深,1
13571,受深知,1
13572,深知官,1
13573,知官罷,1
13574,官罷春,1
13575,罷春坊,1
13576,春坊地,1
13577,坊地象,1
13578,地象雷,1
13579,象雷片,1
13580,雷片帆,1
13581,片帆高,1
13582,帆高指,1
13583,高指貴,1
13584,指貴池,1
13585,貴池開,1
13586,池開五,1
13587,開五侯,1
13588,五侯水,1
13589,侯水暖,1
13590,水暖魚,1
13591,暖魚鱗,1
13592,魚鱗去,1
13593,鱗去九,1
13594,去九子,1
13595,九子山,1
13596,子山晴,1
13597,山晴雁,1
13598,晴雁敘,1
13599,雁敘來,1
13600,敘來江,1
13601,來江夏,1
13602,江夏黃,1
13603,夏黃童,1
13604,黃童徒,1
13605,童徒逞,1
13606,徒逞辯,1
13607,逞辯廣,1
13608,辯廣都,1
13609,龐令恐,1
13610,令恐非,1
13611,恐非才,1
13612,非才到,1
13613,才到頭,1
13614,到頭稱,1
13615,頭稱意,1
13616,稱意須,1
13617,意須年,1
13618,須年少,1
13619,年少贏,1
13620,少贏得,1
13621,贏得時,1
13622,得時光,1
13623,時光向,1
13624,光向酒,1
13625,向酒杯,1
13626,酒杯南,1
13627,杯南經,1
13628,南經湘,1
13629,經湘浦,1
13630,湘浦北,1
13631,浦北揚,1
13632,北揚州,1
13633,揚州別,1
13634,州別後,1
13635,別後風,1
13636,後風帆,1
13637,風帆幾,1
13638,帆幾度,1
13639,幾度遊,1
13640,度遊春,1
13641,遊春酒,1
13642,春酒誰,1
13643,酒誰家,1
13644,誰家禁,1
13645,家禁爛,1
13646,禁爛漫,1
13647,爛漫野,1
13648,漫野花,1
13649,野花何,1
13650,花何處,1
13651,何處最,1
13652,處最淹,1
13653,最淹留,1
13654,淹留欲,1
13655,留欲憑,1
13656,欲憑尺,1
13657,憑尺素,1
13658,尺素邊,1
13659,素邊鴻,1
13660,邊鴻懶,1
13661,鴻懶未,1
13662,懶未定,1
13663,未定雕,1
13664,定雕梁,1
13665,雕梁海,1
13666,梁海燕,1
13667,海燕愁,1
13668,燕愁長,1
13669,愁長短,1
13670,長短此,1
13671,短此行,1
13672,此行須,1
13673,行須入,1
13674,須入手,1
13675,入手更,1
13676,手更饒,1
13677,更饒君,1
13678,饒君占,1
13679,君占一,1
13680,占一年,1
13681,一年秋,1
13682,年秋塞,1
13683,秋塞外,1
13684,塞外偷,1
13685,外偷兒,1
13686,偷兒塞,1
13687,兒塞內,1
13688,塞內兵,1
13689,內兵聖,1
13690,兵聖君,1
13691,旰望升,1
13692,望升平,1
13693,升平碧,1
13694,平碧幢,1
13695,碧幢未,1
13696,幢未作,1
13697,未作朝,1
13698,作朝廷,1
13699,朝廷計,1
13700,廷計白,1
13701,計白梃,1
13702,白梃猶,1
13703,梃猶驅,1
13704,猶驅婦,1
13705,驅婦女,1
13706,婦女行,1
13707,女行可,1
13708,行可使,1
13709,可使禦,1
13710,使禦戎,1
13711,禦戎無,1
13712,戎無上,1
13713,無上策,1
13714,上策只,1
13715,策只應,1
13716,只應憂,1
13717,應憂國,1
13718,憂國是,1
13719,國是虛,1
13720,是虛聲,1
13721,虛聲漢,1
13722,聲漢王,1
13723,漢王第,1
13724,王第宅,1
13725,第宅秦,1
13726,宅秦田,1
13727,秦田土,1
13728,田土今,1
13729,土今日,1
13730,今日將,1
13731,日將軍,1
13732,將軍已,1
13733,軍已自,1
13734,已自榮,1
13735,自榮楚,1
13736,榮楚珪,1
13737,楚珪班,1
13738,珪班序,1
13739,班序未,1
13740,序未為,1
13741,未為輕,1
13742,為輕莫,1
13743,輕莫惜,1
13744,莫惜良,1
13745,惜良途,1
13746,良途副,1
13747,途副聖,1
13748,副聖明,1
13749,聖明宮,1
13750,明宮省,1
13751,宮省舊,1
13752,省舊推,1
13753,舊推皇,1
13754,推皇甫,1
13755,皇甫謐,1
13756,甫謐寺,1
13757,謐寺曹,1
13758,寺曹今,1
13759,曹今得,1
13760,今得夏,1
13761,得夏侯,1
13762,夏侯嬰,1
13763,侯嬰秩,1
13764,嬰秩隨,1
13765,秩隨科,1
13766,隨科第,1
13767,科第臨,1
13768,第臨時,1
13769,臨時貴,1
13770,時貴官,1
13771,貴官逐,1
13772,官逐簪,1
13773,逐簪裾,1
13774,簪裾到,1
13775,裾到處,1
13776,到處清,1
13777,處清應,1
13778,清應笑,1
13779,應笑馬,1
13780,笑馬安,1
13781,馬安虛,1
13782,安虛巧,1
13783,虛巧宦,1
13784,巧宦四,1
13785,宦四回,1
13786,四回遷,1
13787,回遷轉,1
13788,遷轉始,1
13789,轉始為,1
13790,始為卿,1
13791,為卿蠹,1
13792,卿蠹簡,1
13793,蠹簡遺,1
13794,簡遺編,1
13795,遺編試,1
13796,編試一,1
13797,試一尋,1
13798,一尋寂,1
13799,尋寂寥,1
13800,寂寥前,1
13801,寥前事,1
13802,前事似,1
13803,事似如,1
13804,似如今,1
13805,如今徐,1
13806,今徐陵,1
13807,徐陵筆,1
13808,陵筆硯,1
13809,筆硯珊,1
13810,硯珊瑚,1
13811,珊瑚架,1
13812,瑚架趙,1
13813,架趙勝,1
13814,趙勝賓,1
13815,勝賓朋,1
13816,賓朋玳,1
13817,朋玳瑁,1
13818,玳瑁簪,1
13819,瑁簪未,1
13820,簪未必,1
13821,未必片,1
13822,必片言,1
13823,片言資,1
13824,言資國,1
13825,資國計,1
13826,國計只,1
13827,計只應,1
13828,只應邪,1
13829,應邪說,1
13830,邪說動,1
13831,說動人,1
13832,動人心,1
13833,人心九,1
13834,心九原,1
13835,九原郝,1
13836,原郝泚,1
13837,郝泚何,1
13838,泚何由,1
13839,何由起,1
13840,由起虛,1
13841,起虛誤,1
13842,虛誤西,1
13843,誤西蕃,1
13844,西蕃八,1
13845,蕃八尺,1
13846,八尺金,1
13847,尺金木,1
13848,金木葉,1
13849,木葉回,1
13850,葉回飄,1
13851,回飄水,1
13852,飄水面,1
13853,水面平,1
13854,面平偶,1
13855,平偶因,1
13856,偶因孤,1
13857,因孤棹,1
13858,孤棹已,1
13859,棹已三,1
13860,已三更,1
13861,三更秋,1
13862,更秋涼,1
13863,秋涼霧,1
13864,涼霧露,1
13865,霧露侵,1
13866,露侵燈,1
13867,侵燈下,1
13868,燈下夜,1
13869,下夜靜,1
13870,夜靜魚,1
13871,靜魚龍,1
13872,魚龍逼,1
13873,龍逼岸,1
13874,逼岸行,1
13875,岸行欹,1
13876,行欹枕,1
13877,欹枕正,1
13878,枕正牽,1
13879,正牽題,1
13880,牽題柱,1
13881,題柱思,1
13882,柱思隔,1
13883,思隔樓,1
13884,隔樓誰,1
13885,樓誰轉,1
13886,誰轉繞,1
13887,轉繞梁,1
13888,繞梁聲,1
13889,梁聲錦,1
13890,聲錦帆,1
13891,錦帆天,1
13892,帆天子,1
13893,天子狂,1
13894,子狂魂,1
13895,狂魂魄,1
13896,魂魄應,1
13897,魄應過,1
13898,應過揚,1
13899,過揚州,1
13900,揚州看,1
13901,州看月,1
13902,看月明,1
13903,月明獸,1
13904,明獸繞,1
13905,獸繞朱,1
13906,繞朱輪,1
13907,朱輪酒,1
13908,輪酒滿,1
13909,酒滿船,1
13910,滿船郡,1
13911,船郡城,1
13912,郡城蕭,1
13913,城蕭灑,1
13914,蕭灑貴,1
13915,灑貴池,1
13916,貴池邊,1
13917,池邊衣,1
13918,邊衣同,1
13919,衣同萊,1
13920,同萊子,1
13921,萊子曾,1
13922,子曾分,1
13923,曾分筆,1
13924,分筆扇,1
13925,筆扇似,1
13926,扇似袁,1
13927,似袁宏,1
13928,袁宏別,1
13929,宏別有,1
13930,有天九,1
13931,天九點,1
13932,九點好,1
13933,點好山,1
13934,好山樓,1
13935,山樓上,1
13936,樓上客,1
13937,上客兩,1
13938,客兩行,1
13939,兩行高,1
13940,行高柳,1
13941,高柳雨,1
13942,柳雨中,1
13943,雨中煙,1
13944,中煙陵,1
13945,煙陵陽,1
13946,陵陽百,1
13947,陽百姓,1
13948,百姓將,1
13949,姓將何,1
13950,將何福,1
13951,何福社,1
13952,福社舞,1
13953,社舞村,1
13954,舞村歌,1
13955,村歌又,1
13956,歌又一,1
13957,又一年,1
13958,一年陸,1
13959,年陸海,1
13960,陸海波,1
13961,海波濤,1
13962,波濤漸,1
13963,濤漸漸,1
13964,漸漸深,1
13965,漸深一,1
13966,深一回,1
13967,一回歸,1
13968,回歸夢,1
13969,歸夢抵,1
13970,夢抵千,1
13971,抵千金,1
13972,千金路,1
13973,金路傍,1
13974,路傍草,1
13975,傍草色,1
13976,草色休,1
13977,色休多,1
13978,休多事,1
13979,多事牆,1
13980,事牆外,1
13981,牆外鶯,1
13982,外鶯聲,1
13983,鶯聲肯,1
13984,聲肯有,1
13985,肯有心,1
13986,有心日,1
13987,心日晚,1
13988,日晚向,1
13989,晚向隅,1
13990,向隅悲,1
13991,隅悲斷,1
13992,悲斷梗,1
13993,斷梗夜,1
13994,梗夜闌,1
13995,夜闌澆,1
13996,闌澆酒,1
13997,澆酒哭,1
13998,酒哭知,1
13999,哭知音,1
14000,知音貪,1
14001,音貪財,1
14002,貪財敗,1
14003,財敗陣,1
14004,敗陣誰,1
14005,陣誰相,1
14006,誰相悉,1
14007,相悉鮑,1
14008,悉鮑叔,1
14009,鮑叔如,1
14010,叔如今,1
14011,如今不,1
14012,今不可,1
14013,可尋兵,1
14014,尋兵寇,1
14015,兵寇傷,1
14016,寇傷殘,1
14017,傷殘國,1
14018,殘國力,1
14019,國力衰,1
14020,力衰就,1
14021,衰就中,1
14022,就中南,1
14023,中南土,1
14024,南土藉,1
14025,土藉良,1
14026,藉良醫,1
14027,良醫鳳,1
14028,醫鳳銜,1
14029,鳳銜泥,1
14030,銜泥詔,1
14031,泥詔辭,1
14032,詔辭丹,1
14033,辭丹闕,1
14034,丹闕雕,1
14035,闕雕倚,1
14036,雕倚霜,1
14037,倚霜風,1
14038,霜風上,1
14039,風上畫,1
14040,上畫旗,1
14041,畫旗官,1
14042,旗官職,1
14043,官職不,1
14044,職不須,1
14045,不須輕,1
14046,須輕遠,1
14047,輕遠地,1
14048,遠地生,1
14049,地生靈,1
14050,生靈只,1
14051,靈只是,1
14052,只是計,1
14053,是計臨,1
14054,計臨時,1
14055,臨時灞,1
14056,時灞橋,1
14057,灞橋酒,1
14058,橋酒醆,1
14059,酒醆黔,1
14060,醆黔巫,1
14061,黔巫月,1
14062,巫月從,1
14063,月從此,1
14064,從此江,1
14065,此江心,1
14066,江心兩,1
14067,心兩所,1
14068,兩所思,1
14069,所思明,1
14070,思明時,1
14071,明時塞,1
14072,時塞詔,1
14073,塞詔列,1
14074,詔列分,1
14075,列分麾,1
14076,分麾東,1
14077,麾東擁,1
14078,東擁朱,1
14079,擁朱輪,1
14080,朱輪出,1
14081,輪出帝,1
14082,出帝畿,1
14083,帝畿銅,1
14084,畿銅虎,1
14085,銅虎貴,1
14086,虎貴提,1
14087,貴提天,1
14088,提天子,1
14089,天子印,1
14090,子印銀,1
14091,印銀魚,1
14092,銀魚榮,1
14093,魚榮傍,1
14094,榮傍老,1
14095,傍老萊,1
14096,萊衣歌,1
14097,衣歌聽,1
14098,歌聽茗,1
14099,聽茗塢,1
14100,茗塢春,1
14101,塢春山,1
14102,春山暖,1
14103,山暖詩,1
14104,暖詩詠,1
14105,詩詠蘋,1
14106,詠蘋洲,1
14107,蘋洲暮,1
14108,洲暮鳥,1
14109,暮鳥飛,1
14110,鳥飛知,1
14111,飛知有,1
14112,知有掖,1
14113,有掖垣,1
14114,掖垣南,1
14115,垣南步,1
14116,南步在,1
14117,步在可,1
14118,在可能,1
14119,可能須,1
14120,能須待,1
14121,須待政,1
14122,待政成,1
14123,政成歸,1
14124,成歸當,1
14125,歸當年,1
14126,當年憶,1
14127,年憶見,1
14128,憶見桂,1
14129,見桂枝,1
14130,桂枝春,1
14131,枝春自,1
14132,春自此,1
14133,自此清,1
14134,此清途,1
14135,清途未,1
14136,途未四,1
14137,未四旬,1
14138,四旬左,1
14139,旬左省,1
14140,左省望,1
14141,省望高,1
14142,望高推,1
14143,高推健,1
14144,推健筆,1
14145,健筆右,1
14146,筆右曹,1
14147,右曹官,1
14148,曹官重,1
14149,官重得,1
14150,重得名,1
14151,得名人,1
14152,名人閑,1
14153,人閑摛,1
14154,閑摛麗,1
14155,摛麗藻,1
14156,麗藻嫌,1
14157,藻嫌秋,1
14158,嫌秋興,1
14159,秋興靜,1
14160,興靜獵,1
14161,靜獵遺,1
14162,獵遺編,1
14163,遺編笑,1
14164,編笑過,1
14165,笑過秦,1
14166,過秦猶,1
14167,秦猶把,1
14168,猶把隨,1
14169,把隨和,1
14170,隨和向,1
14171,和向泥,1
14172,向泥滓,1
14173,泥滓應,1
14174,滓應憐,1
14175,應憐疏,1
14176,憐疏散,1
14177,疏散任,1
14178,散任天,1
14179,任天真,1
14180,天真蓮,1
14181,真蓮塘,1
14182,塘館東,1
14183,館東初,1
14184,東初日,1
14185,初日明,1
14186,日明蓮,1
14187,明蓮塘,1
14188,塘館西,1
14189,館西行,1
14190,西行人,1
14191,行人行,1
14192,人行隔,1
14193,行隔林,1
14194,隔林啼,1
14195,林啼鳥,1
14196,啼鳥似,1
14197,鳥似相,1
14198,似相應,1
14199,相應當,1
14200,應當路,1
14201,當路好,1
14202,路好花,1
14203,好花疑,1
14204,花疑有,1
14205,疑有情,1
14206,有情一,1
14207,情一夢,1
14208,一夢不,1
14209,夢不須,1
14210,不須追,1
14211,須追往,1
14212,追往事,1
14213,往事數,1
14214,事數杯,1
14215,數杯猶,1
14216,杯猶可,1
14217,猶可慰,1
14218,可慰勞,1
14219,慰勞生,1
14220,勞生莫,1
14221,生莫言,1
14222,莫言來,1
14223,言來去,1
14224,來去只,1
14225,去只如,1
14226,只如此,1
14227,此君看,1
14228,君看鬢,1
14229,看鬢邊,1
14230,鬢邊霜,1
14231,邊霜幾,1
14232,霜幾莖,1
14233,幾莖六,1
14234,莖六朝,1
14235,六朝勝,1
14236,朝勝事,1
14237,勝事已,1
14238,事已塵,1
14239,已塵埃,1
14240,塵埃猶,1
14241,埃猶有,1
14242,猶有閒,1
14243,有閒人,1
14244,閒人悵,1
14245,人悵望,1
14246,悵望來,1
14247,望來只,1
14248,來只道,1
14249,只道鬼,1
14250,道鬼神,1
14251,鬼神能,1
14252,神能護,1
14253,能護物,1
14254,護物不,1
14255,物不知,1
14256,不知龍,1
14257,知龍象,1
14258,龍象自,1
14259,象自成,1
14260,自成灰,1
14261,成灰犀,1
14262,灰犀慚,1
14263,犀慚水,1
14264,慚水府,1
14265,水府渾,1
14266,府渾非,1
14267,渾非怪,1
14268,非怪燕,1
14269,怪燕說,1
14270,燕說吳,1
14271,說吳宮,1
14272,吳宮未,1
14273,宮未是,1
14274,未是災,1
14275,是災還,1
14276,災還識,1
14277,還識平,1
14278,識平泉,1
14279,平泉故,1
14280,泉故侯,1
14281,故侯否,1
14282,侯否一,1
14283,否一生,1
14284,一生蹤,1
14285,生蹤跡,1
14286,蹤跡比,1
14287,跡比樓,1
14288,比樓臺,1
14289,樓臺萬,1
14290,臺萬里,1
14291,萬里傷,1
14292,里傷心,1
14293,傷心極,1
14294,心極目,1
14295,極目春,1
14296,目春東,1
14297,春東南,1
14298,東南王,1
14299,南王氣,1
14300,王氣只,1
14301,氣只逡,1
14302,只逡巡,1
14303,逡巡野,1
14304,巡野花,1
14305,野花相,1
14306,花相笑,1
14307,相笑落,1
14308,笑落滿,1
14309,落滿地,1
14310,滿地山,1
14311,地山鳥,1
14312,山鳥自,1
14313,鳥自驚,1
14314,自驚啼,1
14315,驚啼傍,1
14316,啼傍人,1
14317,傍人謾,1
14318,人謾道,1
14319,謾道城,1
14320,道城池,1
14321,城池須,1
14322,池須險,1
14323,須險阻,1
14324,險阻可,1
14325,阻可知,1
14326,可知豪,1
14327,知豪傑,1
14328,豪傑亦,1
14329,傑亦埃,1
14330,亦埃塵,1
14331,埃塵太,1
14332,塵太平,1
14333,太平寺,1
14334,平寺主,1
14335,寺主惟,1
14336,主惟輕,1
14337,惟輕薄,1
14338,輕薄卻,1
14339,薄卻把,1
14340,卻把三,1
14341,把三公,1
14342,三公與,1
14343,公與賊,1
14344,與賊臣,1
14345,賊臣傲,1
14346,臣傲睨,1
14347,傲睨公,1
14348,睨公卿,1
14349,公卿二,1
14350,卿二十,1
14351,二十年,1
14352,十年東,1
14353,年東來,1
14354,東來西,1
14355,來西去,1
14356,西去只,1
14357,去只悠,1
14358,只悠然,1
14359,悠然白,1
14360,然白知,1
14361,白知關,1
14362,知關畔,1
14363,關畔元,1
14364,畔元非,1
14365,元非馬,1
14366,非馬玄,1
14367,馬玄覺,1
14368,玄覺壺,1
14369,覺壺中,1
14370,壺中別,1
14371,中別有,1
14372,有天漢,1
14373,天漢帝,1
14374,漢帝詔,1
14375,帝詔銜,1
14376,詔銜應,1
14377,銜應異,1
14378,應異日,1
14379,異日梁,1
14380,日梁王,1
14381,梁王風,1
14382,王風雪,1
14383,風雪是,1
14384,雪是初,1
14385,是初筵,1
14386,初筵臨,1
14387,筵臨行,1
14388,臨行不,1
14389,行不惜,1
14390,不惜刀,1
14391,惜刀圭,1
14392,刀圭便,1
14393,圭便愁,1
14394,便愁殺,1
14395,愁殺長,1
14396,殺長安,1
14397,長安買,1
14398,安買笑,1
14399,買笑錢,1
14400,笑錢曉,1
14401,錢曉發,1
14402,曉發星,1
14403,發星星,1
14404,星星入,1
14405,星入鏡,1
14406,入鏡宜,1
14407,鏡宜早,1
14408,宜早年,1
14409,容易近,1
14410,易近年,1
14411,近年悲,1
14412,年悲敢,1
14413,悲敢言,1
14414,敢言得,1
14415,言得事,1
14416,得事時,1
14417,事時將,1
14418,時將晚,1
14419,將晚只,1
14420,晚只恐,1
14421,只恐酬,1
14422,恐酬恩,1
14423,酬恩日,1
14424,恩日漸,1
14425,日漸遲,1
14426,漸遲南,1
14427,遲南國,1
14428,南國傾,1
14429,國傾心,1
14430,傾心應,1
14431,心應望,1
14432,應望速,1
14433,望速東,1
14434,速東堂,1
14435,東堂開,1
14436,堂開口,1
14437,開口欲,1
14438,口欲從,1
14439,欲從誰,1
14440,從誰仙,1
14441,誰仙郎,1
14442,仙郎舊,1
14443,郎舊有,1
14444,舊有黃,1
14445,黃金約,1
14446,金約瀝,1
14447,約瀝膽,1
14448,瀝膽隳,1
14449,膽隳肝,1
14450,隳肝更,1
14451,肝更禱,1
14452,更禱祈,1
14453,禱祈子,1
14454,祈子儀,1
14455,子儀不,1
14456,儀不起,1
14457,不起渾,1
14458,起渾瑊,1
14459,渾瑊亡,1
14460,瑊亡西,1
14461,亡西幸,1
14462,西幸誰,1
14463,幸誰人,1
14464,誰人從,1
14465,人從武,1
14466,從武皇,1
14467,武皇四,1
14468,皇四海,1
14469,四海為,1
14470,海為家,1
14471,為家雖,1
14472,家雖未,1
14473,雖未遠,1
14474,未遠九,1
14475,遠九州,1
14476,九州多,1
14477,州多事,1
14478,多事竟,1
14479,事竟難,1
14480,竟難防,1
14481,難防已,1
14482,防已聞,1
14483,已聞旰,1
14484,聞旰食,1
14485,旰食思,1
14486,食思真,1
14487,思真將,1
14488,真將會,1
14489,將會待,1
14490,會待畋,1
14491,待畋游,1
14492,畋游致,1
14493,游致假,1
14494,致假王,1
14495,假王應,1
14496,王應感,1
14497,應感兩,1
14498,感兩朝,1
14499,兩朝巡,1
14500,朝巡狩,1
14501,巡狩跡,1
14502,狩跡綠,1
14503,跡綠槐,1
14504,綠槐端,1
14505,槐端正,1
14506,端正驛,1
14507,正驛荒,1
14508,驛荒涼,1
14509,荒涼爪,1
14510,涼爪牙,1
14511,爪牙柱,1
14512,牙柱石,1
14513,柱石兩,1
14514,石兩俱,1
14515,兩俱銷,1
14516,俱銷一,1
14517,銷一點,1
14518,一點渝,1
14519,點渝塵,1
14520,渝塵九,1
14521,塵九土,1
14522,九土搖,1
14523,土搖敢,1
14524,搖敢恨,1
14525,敢恨甲,1
14526,恨甲兵,1
14527,甲兵為,1
14528,兵為棄,1
14529,為棄物,1
14530,棄物所,1
14531,物所嗟,1
14532,所嗟流,1
14533,嗟流品,1
14534,流品誤,1
14535,品誤清,1
14536,誤清朝,1
14537,清朝幾,1
14538,朝幾時,1
14539,幾時睿,1
14540,時睿算,1
14541,睿算殲,1
14542,算殲張,1
14543,殲張角,1
14544,張角何,1
14545,角何處,1
14546,何處愚,1
14547,處愚人,1
14548,愚人戴,1
14549,人戴隗,1
14550,戴隗囂,1
14551,隗囂跪,1
14552,囂跪望,1
14553,跪望嵕,1
14554,望嵕山,1
14555,嵕山重,1
14556,山重啟,1
14557,重啟告,1
14558,啟告可,1
14559,告可能,1
14560,可能餘,1
14561,能餘烈,1
14562,餘烈不,1
14563,烈不勝,1
14564,不勝妖,1
14565,勝妖邪,1
14566,妖邪氣,1
14567,邪氣奔,1
14568,氣奔屯,1
14569,奔屯瑞,1
14570,屯瑞氣,1
14571,瑞氣移,1
14572,氣移清,1
14573,移清平,1
14574,清平過,1
14575,平過盡,1
14576,過盡到,1
14577,盡到艱,1
14578,到艱危,1
14579,艱危縱,1
14580,危縱饒,1
14581,縱饒犬,1
14582,饒犬彘,1
14583,犬彘迷,1
14584,彘迷常,1
14585,迷常理,1
14586,常理不,1
14587,理不奈,1
14588,不奈豺,1
14589,奈豺狼,1
14590,豺狼幸,1
14591,狼幸此,1
14592,幸此時,1
14593,此時九,1
14594,時九廟,1
14595,九廟有,1
14596,廟有靈,1
14597,有靈思,1
14598,靈思李,1
14599,思李令,1
14600,李令三,1
14601,令三川,1
14602,三川悲,1
14603,川悲憶,1
14604,悲憶恨,1
14605,憶恨張,1
14606,恨張儀,1
14607,張儀可,1
14608,儀可憐,1
14609,可憐一,1
14610,憐一曲,1
14611,一曲還,1
14612,曲還京,1
14613,還京樂,1
14614,京樂重,1
14615,樂重對,1
14616,重對紅,1
14617,對紅蕉,1
14618,紅蕉教,1
14619,蕉教蜀,1
14620,教蜀兒,1
14621,蜀兒白,1
14622,兒白丁,1
14623,白丁攘,1
14624,丁攘臂,1
14625,攘臂犯,1
14626,臂犯長,1
14627,犯長安,1
14628,長安翠,1
14629,安翠輦,1
14630,翠輦蒼,1
14631,輦蒼黃,1
14632,蒼黃路,1
14633,黃路屈,1
14634,路屈盤,1
14635,屈盤丹,1
14636,盤丹鳳,1
14637,丹鳳有,1
14638,鳳有情,1
14639,有情塵,1
14640,情塵外,1
14641,塵外遠,1
14642,外遠玉,1
14643,遠玉龍,1
14644,玉龍無,1
14645,龍無跡,1
14646,無跡渡,1
14647,跡渡頭,1
14648,渡頭寒,1
14649,頭寒靜,1
14650,寒靜憐,1
14651,靜憐貴,1
14652,憐貴族,1
14653,貴族謀,1
14654,族謀身,1
14655,身易危,1
14656,易危惜,1
14657,危惜文,1
14658,惜文皇,1
14659,文皇創,1
14660,皇創業,1
14661,創業難,1
14662,業難不,1
14663,難不將,1
14664,不將不,1
14665,將不侯,1
14666,不侯何,1
14667,侯何計,1
14668,何計是,1
14669,計是釣,1
14670,是釣魚,1
14671,釣魚船,1
14672,魚船上,1
14673,船上淚,1
14674,上淚闌,1
14675,淚闌幹,1
14676,闌幹紫,1
14677,幹紫髯,1
14678,紫髯桑,1
14679,髯桑蓋,1
14680,桑蓋此,1
14681,蓋此沈,1
14682,此沈吟,1
14683,沈吟很,1
14684,吟很石,1
14685,很石猶,1
14686,石猶存,1
14687,猶存事,1
14688,存事可,1
14689,事可尋,1
14690,可尋漢,1
14691,尋漢鼎,1
14692,漢鼎未,1
14693,鼎未安,1
14694,未安聊,1
14695,安聊把,1
14696,聊把手,1
14697,把手楚,1
14698,手楚醪,1
14699,楚醪雖,1
14700,醪雖滿,1
14701,雖滿肯,1
14702,滿肯同,1
14703,肯同心,1
14704,同心英,1
14705,心英雄,1
14706,英雄已,1
14707,雄已往,1
14708,已往時,1
14709,往時難,1
14710,時難問,1
14711,難問苔,1
14712,問苔蘚,1
14713,苔蘚何,1
14714,蘚何知,1
14715,何知日,1
14716,知日漸,1
14717,日漸深,1
14718,漸深還,1
14719,深還有,1
14720,還有市,1
14721,有市鄽,1
14722,市鄽沽,1
14723,鄽沽酒,1
14724,沽酒客,1
14725,酒客雀,1
14726,客雀喧,1
14727,雀喧鳩,1
14728,喧鳩聚,1
14729,鳩聚話,1
14730,聚話蹄,1
14731,話蹄涔,1
14732,蹄涔亂,1
14733,涔亂罹,1
14734,亂罹時,1
14735,罹時節,1
14736,節懶登,1
14737,懶登臨,1
14738,登臨試,1
14739,臨試借,1
14740,試借條,1
14741,借條風,1
14742,條風半,1
14743,風半日,1
14744,半日吟,1
14745,日吟只,1
14746,吟只有,1
14747,只有遠,1
14748,有遠山,1
14749,遠山含,1
14750,山含暖,1
14751,含暖律,1
14752,暖律不,1
14753,律不知,1
14754,不知高,1
14755,知高閣,1
14756,高閣動,1
14757,閣動歸,1
14758,動歸心,1
14759,歸心溪,1
14760,心溪喧,1
14761,溪喧晚,1
14762,喧晚棹,1
14763,晚棹千,1
14764,棹千聲,1
14765,千聲浪,1
14766,聲浪雲,1
14767,浪雲護,1
14768,雲護寒,1
14769,護寒郊,1
14770,寒郊數,1
14771,郊數丈,1
14772,數丈陰,1
14773,丈陰自,1
14774,陰自笑,1
14775,自笑疏,1
14776,笑疏慵,1
14777,疏慵似,1
14778,慵似麋,1
14779,似麋鹿,1
14780,麋鹿也,1
14781,鹿也教,1
14782,也教臺,1
14783,教臺上,1
14784,臺上費,1
14785,上費黃,1
14786,費黃金,1
14787,黃金晚,1
14788,金晚雲,1
14789,晚雲陰,1
14790,雲陰映,1
14791,陰映下,1
14792,映下空,1
14793,下空城,1
14794,空城六,1
14795,城六代,1
14796,六代累,1
14797,代累累,1
14798,累累夕,1
14799,累夕照,1
14800,夕照明,1
14801,照明玉,1
14802,明玉井,1
14803,玉井已,1
14804,井已幹,1
14805,已幹龍,1
14806,幹龍不,1
14807,龍不起,1
14808,不起金,1
14809,起金甌,1
14810,金甌雖,1
14811,甌雖破,1
14812,雖破虎,1
14813,破虎曾,1
14814,虎曾爭,1
14815,曾爭亦,1
14816,爭亦知,1
14817,亦知霸,1
14818,知霸世,1
14819,霸世才,1
14820,世才難,1
14821,才難得,1
14822,難得卻,1
14823,得卻是,1
14824,卻是蒙,1
14825,是蒙塵,1
14826,蒙塵事,1
14827,塵事最,1
14828,事最平,1
14829,最平深,1
14830,平深谷,1
14831,深谷作,1
14832,谷作陵,1
14833,作陵山,1
14834,陵山作,1
14835,山作海,1
14836,作海茂,1
14837,海茂弘,1
14838,茂弘流,1
14839,弘流輩,1
14840,流輩莫,1
14841,輩莫傷,1
14842,莫傷情,1
14843,傷情篩,1
14844,情篩寒,1
14845,篩寒灑,1
14846,寒灑白,1
14847,灑白亂,1
14848,白亂溟,1
14849,亂溟蒙,1
14850,溟蒙禱,1
14851,蒙禱請,1
14852,禱請功,1
14853,請功兼,1
14854,功兼造,1
14855,兼造化,1
14856,造化功,1
14857,化功光,1
14858,功光薄,1
14859,光薄乍,1
14860,薄乍迷,1
14861,乍迷京,1
14862,迷京口,1
14863,京口月,1
14864,口月影,1
14865,月影交,1
14866,影交初,1
14867,交初轉,1
14868,初轉海,1
14869,轉海門,1
14870,門風細,1
14871,風細黏,1
14872,細黏謝,1
14873,黏謝客,1
14874,謝客衣,1
14875,客衣裾,1
14876,衣裾上,1
14877,裾上輕,1
14878,上輕墮,1
14879,輕墮梁,1
14880,墮梁王,1
14881,梁王酒,1
14882,王酒醆,1
14883,酒醆中,1
14884,醆中一,1
14885,中一種,1
14886,一種為,1
14887,種為祥,1
14888,為祥君,1
14889,祥君看,1
14890,看取半,1
14891,取半禳,1
14892,半禳災,1
14893,禳災沴,1
14894,災沴半,1
14895,沴半年,1
14896,半年豐,1
14897,年豐柏,1
14898,豐柏台,1
14899,柏台蘭,1
14900,台蘭署,1
14901,蘭署四,1
14902,署四周,1
14903,四周旋,1
14904,周旋賓,1
14905,旋賓榻,1
14906,賓榻何,1
14907,榻何妨,1
14908,何妨雁,1
14909,妨雁影,1
14910,雁影連,1
14911,影連才,1
14912,連才見,1
14913,才見玳,1
14914,見玳簪,1
14915,玳簪欹,1
14916,簪欹細,1
14917,欹細柳,1
14918,細柳便,1
14919,柳便知,1
14920,便知油,1
14921,知油幕,1
14922,油幕勝,1
14923,幕勝紅,1
14924,勝紅蓮,1
14925,紅蓮家,1
14926,蓮家從,1
14927,家從入,1
14928,從入洛,1
14929,入洛聲,1
14930,洛聲名,1
14931,聲名大,1
14932,名大跡,1
14933,大跡為,1
14934,跡為依,1
14935,為依劉,1
14936,依劉事,1
14937,劉事分,1
14938,事分偏,1
14939,分偏爭,1
14940,偏爭奈,1
14941,爭奈亂,1
14942,奈亂罹,1
14943,亂罹人,1
14944,罹人漸,1
14945,人漸少,1
14946,漸少麥,1
14947,少麥城,1
14948,麥城新,1
14949,城新賦,1
14950,新賦許,1
14951,賦許誰,1
14952,許誰傳,1
14953,誰傳鐘,1
14954,傳鐘陵,1
14955,鐘陵醉,1
14956,陵醉別,1
14957,醉別十,1
14958,別十餘,1
14959,十餘春,1
14960,餘春重,1
14961,春重見,1
14962,重見雲,1
14963,見雲英,1
14964,雲英掌,1
14965,英掌上,1
14966,掌上身,1
14967,上身我,1
14968,身我未,1
14969,我未成,1
14970,未成名,1
14971,成名君,1
14972,名君未,1
14973,君未嫁,1
14974,未嫁可,1
14975,嫁可能,1
14976,可能俱,1
14977,能俱是,1
14978,俱是不,1
14979,是不如,1
14980,不如人,1
14981,如人江,1
14982,人江南,1
14983,江南江,1
14984,南江北,1
14985,江北兩,1
14986,北兩風,1
14987,兩風流,1
14988,流一作,1
14989,一作迷,1
14990,作迷津,1
14991,迷津一,1
14992,津一拜,1
14993,一拜侯,1
14994,拜侯至,1
14995,侯至竟,1
14996,至竟不,1
14997,竟不如,1
14998,不如隋,1
14999,如隋煬,1
15000,隋煬帝,1
15001,煬帝破,1
15002,帝破家,1
15003,破家猶,1
15004,家猶得,1
15005,猶得到,1
15006,得到揚,1
15007,揚州災,1
15008,州災變,1
15009,災變儒,1
15010,變儒生,1
15011,儒生不,1
15012,生不合,1
15013,不合聞,1
15014,合聞謾,1
15015,聞謾將,1
15016,謾將刀,1
15017,刀筆指,1
15018,筆指乾,1
15019,指乾坤,1
15020,乾坤偶,1
15021,坤偶然,1
15022,偶然留,1
15023,然留得,1
15024,留得陰,1
15025,得陰陽,1
15026,陰陽術,1
15027,陽術閉,1
15028,術閉卻,1
15029,閉卻南,1
15030,卻南門,1
15031,南門又,1
15032,門又北,1
15033,又北門,1
15034,北門數,1
15035,門數年,1
15036,數年鐵,1
15037,年鐵甲,1
15038,鐵甲定,1
15039,甲定東,1
15040,定東甌,1
15041,東甌夜,1
15042,甌夜渡,1
15043,夜渡江,1
15044,渡江山,1
15045,江山瞻,1
15046,山瞻鬥,1
15047,瞻鬥牛,1
15048,鬥牛今,1
15049,牛今日,1
15050,今日朱,1
15051,日朱方,1
15052,朱方平,1
15053,方平殄,1
15054,平殄後,1
15055,殄後虎,1
15056,後虎符,1
15057,虎符龍,1
15058,符龍節,1
15059,龍節十,1
15060,節十三,1
15061,三州不,1
15062,州不論,1
15063,不論平,1
15064,論平地,1
15065,平地與,1
15066,地與山,1
15067,與山尖,1
15068,山尖無,1
15069,尖無限,1
15070,無限風,1
15071,限風光,1
15072,風光盡,1
15073,光盡被,1
15074,盡被占,1
15075,被占采,1
15076,占采得,1
15077,采得百,1
15078,得百花,1
15079,百花成,1
15080,花成蜜,1
15081,成蜜後,1
15082,蜜後為,1
15083,後為誰,1
15084,為誰辛,1
15085,誰辛苦,1
15086,辛苦為,1
15087,苦為誰,1
15088,為誰甜,1
15089,誰甜疊,1
15090,甜疊影,1
15091,疊影重,1
15092,影重紋,1
15093,重紋映,1
15094,紋映畫,1
15095,映畫堂,1
15096,畫堂玉,1
15097,堂玉鉤,1
15098,玉鉤銀,1
15099,鉤銀燭,1
15100,銀燭共,1
15101,燭共熒,1
15102,共熒煌,1
15103,熒煌會,1
15104,煌會應,1
15105,會應得,1
15106,應得見,1
15107,得見神,1
15108,見神仙,1
15109,神仙在,1
15110,仙在休,1
15111,在休下,1
15112,休下真,1
15113,下真珠,1
15114,真珠十,1
15115,珠十二,1
15116,十二行,1
15117,二行翡,1
15118,行翡翠,1
15119,翡翠佳,1
15120,翠佳名,1
15121,佳名世,1
15122,名世共,1
15123,世共稀,1
15124,共稀玉,1
15125,稀玉堂,1
15126,玉堂高,1
15127,堂高下,1
15128,高下巧,1
15129,下巧相,1
15130,巧相宜,1
15131,相宜殷,1
15132,宜殷勤,1
15133,殷勤為,1
15134,勤為囑,1
15135,為囑纖,1
15136,囑纖纖,1
15137,纖纖手,1
15138,纖手卷,1
15139,手卷上,1
15140,卷上銀,1
15141,上銀鉤,1
15142,銀鉤莫,1
15143,鉤莫放,1
15144,莫放垂,1
15145,放垂村,1
15146,垂村橋,1
15147,村橋酒,1
15148,橋酒旆,1
15149,酒旆月,1
15150,旆月明,1
15151,明樓偶,1
15152,樓偶逐,1
15153,偶逐漁,1
15154,逐漁舟,1
15155,漁舟系,1
15156,舟系葉,1
15157,系葉舟,1
15158,葉舟莫,1
15159,舟莫學,1
15160,莫學魯,1
15161,學魯人,1
15162,魯人疑,1
15163,人疑海,1
15164,疑海鳥,1
15165,海鳥須,1
15166,鳥須知,1
15167,須知莊,1
15168,莊叟惡,1
15169,叟惡犧,1
15170,惡犧牛,1
15171,犧牛心,1
15172,牛心寒,1
15173,心寒已,1
15174,寒已分,1
15175,已分灰,1
15176,分灰無,1
15177,灰無焰,1
15178,無焰事,1
15179,焰事往,1
15180,事往曾,1
15181,往曾將,1
15182,曾將水,1
15183,將水共,1
15184,水共流,1
15185,共流除,1
15186,流除卻,1
15187,除卻思,1
15188,卻思量,1
15189,太平在,1
15190,平在肯,1
15191,在肯拋,1
15192,肯拋疏,1
15193,拋疏散,1
15194,疏散換,1
15195,散換公,1
15196,換公侯,1
15197,公侯野,1
15198,侯野雲,1
15199,野雲如,1
15200,雲如火,1
15201,如火照,1
15202,火照行,1
15203,照行塵,1
15204,行塵會,1
15205,塵會績,1
15206,會績溪,1
15207,績溪邊,1
15208,溪邊去,1
15209,邊去問,1
15210,去問津,1
15211,問津才,1
15212,津才子,1
15213,才子省,1
15214,子省銜,1
15215,省銜非,1
15216,銜非幕,1
15217,非幕客,1
15218,幕客楚,1
15219,客楚君,1
15220,楚君科,1
15221,君科第,1
15222,科第是,1
15223,第是同,1
15224,同人狂,1
15225,人狂思,1
15226,狂思下,1
15227,思下國,1
15228,下國千,1
15229,國千場,1
15230,千場醉,1
15231,場醉病,1
15232,醉病負,1
15233,病負東,1
15234,負東堂,1
15235,東堂兩,1
15236,堂兩度,1
15237,度春他,1
15238,他日酒,1
15239,日酒筵,1
15240,酒筵應,1
15241,筵應見,1
15242,應見問,1
15243,見問鹿,1
15244,問鹿裘,1
15245,鹿裘漁,1
15246,裘漁艇,1
15247,漁艇隔,1
15248,艇隔朱,1
15249,隔朱輪,1
15250,朱輪池,1
15251,輪池邊,1
15252,池邊月,1
15253,邊月影,1
15254,月影閑,1
15255,影閑婆,1
15256,閑婆娑,1
15257,婆娑池,1
15258,娑池上,1
15259,池上醉,1
15260,上醉來,1
15261,醉來成,1
15262,來成短,1
15263,成短歌,1
15264,短歌芙,1
15265,歌芙渠,1
15266,芙渠抵,1
15267,渠抵死,1
15268,抵死怨,1
15269,死怨珠,1
15270,怨珠露,1
15271,珠露蟋,1
15272,露蟋蟀,1
15273,蟋蟀苦,1
15274,蟀苦口,1
15275,苦口嫌,1
15276,口嫌金,1
15277,嫌金波,1
15278,金波往,1
15279,波往事,1
15280,往事向,1
15281,事向人,1
15282,向人言,1
15283,人言不,1
15284,不得舊,1
15285,得舊遊,1
15286,舊遊臨,1
15287,遊臨老,1
15288,臨老恨,1
15289,老恨空,1
15290,恨空多,1
15291,空多松,1
15292,多松醪,1
15293,松醪作,1
15294,醪作酒,1
15295,作酒蘭,1
15296,酒蘭為,1
15297,蘭為棹,1
15298,為棹十,1
15299,棹十載,1
15300,十載煙,1
15301,載煙塵,1
15302,煙塵奈,1
15303,塵奈爾,1
15304,爾何梁,1
15305,何梁王,1
15306,梁王雪,1
15307,王雪裏,1
15308,雪裏有,1
15309,裏有深,1
15310,有深知,1
15311,深知偶,1
15312,知偶別,1
15313,偶別家,1
15314,別家鄉,1
15315,家鄉隔,1
15316,鄉隔路,1
15317,隔路岐,1
15318,路岐官,1
15319,岐官品,1
15320,官品共,1
15321,品共傳,1
15322,共傳勝,1
15323,傳勝曩,1
15324,勝曩日,1
15325,酒杯爭,1
15326,杯爭肯,1
15327,爭肯忍,1
15328,肯忍當,1
15329,忍當時,1
15330,當時豫,1
15331,時豫章,1
15332,豫章地,1
15333,章地暖,1
15334,地暖矜,1
15335,暖矜千,1
15336,矜千尺,1
15337,千尺越,1
15338,尺越嶠,1
15339,越嶠天,1
15340,嶠天寒,1
15341,天寒愧,1
15342,寒愧一,1
15343,愧一枝,1
15344,一枝還,1
15345,釣魚蓑,1
15346,魚蓑笠,1
15347,蓑笠在,1
15348,笠在不,1
15349,不堪風,1
15350,堪風雨,1
15351,風雨失,1
15352,雨失歸,1
15353,失歸期,1
15354,歸期杜,1
15355,期杜秋,1
15356,杜秋在,1
15357,秋在時,1
15358,在時花,1
15359,時花解,1
15360,花解言,1
15361,解言杜,1
15362,言杜秋,1
15363,杜秋死,1
15364,秋死後,1
15365,死後花,1
15366,後花更,1
15367,花更繁,1
15368,更繁柔,1
15369,繁柔姿,1
15370,柔姿曼,1
15371,姿曼態,1
15372,曼態葬,1
15373,態葬何,1
15374,葬何處,1
15375,何處天,1
15376,處天紅,1
15377,天紅膩,1
15378,紅膩白,1
15379,膩白愁,1
15380,白愁荒,1
15381,愁荒原,1
15382,荒原高,1
15383,原高洞,1
15384,高洞紫,1
15385,洞紫簫,1
15386,紫簫吹,1
15387,簫吹夢,1
15388,吹夢想,1
15389,夢想小,1
15390,想小窗,1
15391,小窗殘,1
15392,窗殘雨,1
15393,殘雨濕,1
15394,雨濕精,1
15395,濕精魂,1
15396,精魂綺,1
15397,魂綺筵,1
15398,綺筵金,1
15399,筵金縷,1
15400,金縷無,1
15401,縷無消,1
15402,無消息,1
15403,消息一,1
15404,息一陣,1
15405,一陣征,1
15406,陣征帆,1
15407,征帆過,1
15408,帆過海,1
15409,過海門,1
15410,海門東,1
15411,門東南,1
15412,東南一,1
15413,南一望,1
15414,一望可,1
15415,望可長,1
15416,可長籲,1
15417,長籲猶,1
15418,籲猶憶,1
15419,猶憶王,1
15420,憶王孫,1
15421,王孫領,1
15422,孫領虎,1
15423,領虎符,1
15424,虎符兩,1
15425,符兩地,1
15426,兩地干,1
15427,地干戈,1
15428,干戈連,1
15429,戈連越,1
15430,連越絕,1
15431,越絕數,1
15432,絕數年,1
15433,數年麋,1
15434,年麋鹿,1
15435,麋鹿臥,1
15436,鹿臥姑,1
15437,臥姑蘇,1
15438,姑蘇疲,1
15439,蘇疲甿,1
15440,疲甿賦,1
15441,甿賦重,1
15442,賦重全,1
15443,重全家,1
15444,全家盡,1
15445,家盡舊,1
15446,盡舊族,1
15447,舊族兵,1
15448,族兵侵,1
15449,兵侵太,1
15450,侵太半,1
15451,太半無,1
15452,半無料,1
15453,無料得,1
15454,料得伍,1
15455,得伍員,1
15456,伍員兼,1
15457,員兼旅,1
15458,兼旅寓,1
15459,旅寓不,1
15460,寓不妨,1
15461,不妨招,1
15462,妨招取,1
15463,招取好,1
15464,取好揶,1
15465,好揶揄,1
15466,揶揄九,1
15467,揄九華,1
15468,九華巉,1
15469,華巉崒,1
15470,巉崒蔭,1
15471,崒蔭柴,1
15472,蔭柴扉,1
15473,柴扉長,1
15474,扉長憶,1
15475,長憶前,1
15476,憶前時,1
15477,前時此,1
15478,時此息,1
15479,此息機,1
15480,息機黃,1
15481,機黃菊,1
15482,黃菊倚,1
15483,菊倚風,1
15484,倚風村,1
15485,風村酒,1
15486,村酒熟,1
15487,酒熟綠,1
15488,熟綠蒲,1
15489,綠蒲低,1
15490,蒲低雨,1
15491,低雨釣,1
15492,釣魚歸,1
15493,魚歸干,1
15494,歸干戈,1
15495,干戈已,1
15496,戈已是,1
15497,已是三,1
15498,是三年,1
15499,三年別,1
15500,年別塵,1
15501,別塵土,1
15502,塵土那,1
15503,土那堪,1
15504,那堪萬,1
15505,堪萬事,1
15506,萬事違,1
15507,事違回,1
15508,違回首,1
15509,回首佳,1
15510,首佳期,1
15511,佳期恨,1
15512,期恨多,1
15513,恨多少,1
15514,多少夜,1
15515,少夜闌,1
15516,夜闌霜,1
15517,闌霜露,1
15518,霜露又,1
15519,露又沾,1
15520,沾衣金,1
15521,衣金庭,1
15522,金庭路,1
15523,庭路指,1
15524,路指剡,1
15525,指剡川,1
15526,剡川隈,1
15527,川隈珍,1
15528,隈珍重,1
15529,珍重良,1
15530,重良朋,1
15531,良朋自,1
15532,朋自此,1
15533,自此來,1
15534,此來兩,1
15535,來兩鬢,1
15536,兩鬢不,1
15537,鬢不堪,1
15538,不堪悲,1
15539,堪悲歲,1
15540,悲歲月,1
15541,歲月一,1
15542,月一卮,1
15543,一卮猶,1
15544,卮猶得,1
15545,猶得話,1
15546,得話塵,1
15547,話塵埃,1
15548,塵埃家,1
15549,埃家通,1
15550,家通曩,1
15551,通曩分,1
15552,曩分心,1
15553,分心空,1
15554,心空在,1
15555,空在世,1
15556,在世逼,1
15557,世逼橫,1
15558,逼橫流,1
15559,橫流眼,1
15560,流眼未,1
15561,眼未開,1
15562,未開笑,1
15563,開笑殺,1
15564,笑殺山,1
15565,殺山陰,1
15566,山陰雪,1
15567,陰雪中,1
15568,雪中客,1
15569,中客等,1
15570,客等閒,1
15571,等閒乘,1
15572,閒乘興,1
15573,乘興又,1
15574,興又須,1
15575,又須回,1
15576,須回棟,1
15577,回棟間,1
15578,棟間雲,1
15579,間雲出,1
15580,雲出認,1
15581,出認行,1
15582,認行軒,1
15583,行軒郊,1
15584,軒郊外,1
15585,郊外陰,1
15586,外陰陰,1
15587,陰陰夏,1
15588,陰夏木,1
15589,夏木繁,1
15590,木繁高,1
15591,繁高道,1
15592,高道乍,1
15593,道乍為,1
15594,乍為張,1
15595,為張翰,1
15596,張翰侶,1
15597,翰侶使,1
15598,侶使君,1
15599,使君兼,1
15600,君兼是,1
15601,兼是世,1
15602,是世龍,1
15603,世龍孫,1
15604,龍孫溪,1
15605,孫溪含,1
15606,溪含句,1
15607,含句曲,1
15608,句曲清,1
15609,曲清連,1
15610,清連底,1
15611,連底酒,1
15612,底酒貰,1
15613,酒貰餘,1
15614,貰餘杭,1
15615,餘杭淥,1
15616,杭淥滿,1
15617,淥滿樽,1
15618,滿樽莫,1
15619,樽莫見,1
15620,莫見時,1
15621,見時危,1
15622,時危便,1
15623,危便乘,1
15624,便乘興,1
15625,乘興人,1
15626,興人來,1
15627,人來何,1
15628,處不桃,1
15629,不桃源,1
15630,桃源采,1
15631,源采香,1
15632,香徑在,1
15633,徑在人,1
15634,在人不,1
15635,人不留,1
15636,不留采,1
15637,留采香,1
15638,香徑下,1
15639,徑下停,1
15640,下停葉,1
15641,停葉舟,1
15642,葉舟桃,1
15643,舟桃花,1
15644,桃花李,1
15645,花李花,1
15646,李花鬥,1
15647,花鬥紅,1
15648,鬥紅白,1
15649,紅白山,1
15650,白山鳥,1
15651,山鳥水,1
15652,鳥水鳥,1
15653,水鳥自,1
15654,鳥自獻,1
15655,自獻酬,1
15656,獻酬十,1
15657,酬十萬,1
15658,十萬梅,1
15659,萬梅鋗,1
15660,梅鋗空,1
15661,鋗空寸,1
15662,空寸土,1
15663,寸土三,1
15664,土三分,1
15665,三分孫,1
15666,分孫策,1
15667,孫策竟,1
15668,策竟荒,1
15669,竟荒丘,1
15670,荒丘未,1
15671,丘未知,1
15672,未知到,1
15673,知到了,1
15674,到了關,1
15675,了關身,1
15676,關身否,1
15677,身否笑,1
15678,否笑殺,1
15679,笑殺雷,1
15680,殺雷平,1
15681,雷平許,1
15682,平許遠,1
15683,許遠遊,1
15684,遠遊稂,1
15685,遊稂莠,1
15686,稂莠參,1
15687,莠參天,1
15688,參天剪,1
15689,天剪未,1
15690,剪未平,1
15691,未平且,1
15692,平且乘,1
15693,且乘孤,1
15694,乘孤棹,1
15695,孤棹且,1
15696,棹且行,1
15697,且行行,1
15698,行行計,1
15699,行計疏,1
15700,計疏狡,1
15701,疏狡兔,1
15702,狡兔無,1
15703,兔無三,1
15704,無三窟,1
15705,三窟羈,1
15706,窟羈甚,1
15707,羈甚賓,1
15708,甚賓鴻,1
15709,賓鴻欲,1
15710,鴻欲一,1
15711,欲一生,1
15712,一生合,1
15713,生合眼,1
15714,合眼亦,1
15715,眼亦知,1
15716,亦知非,1
15717,知非本,1
15718,非本意,1
15719,本意傷,1
15720,意傷心,1
15721,傷心其,1
15722,心其奈,1
15723,其奈是,1
15724,奈是多,1
15725,是多情,1
15726,多情前,1
15727,情前溪,1
15728,前溪好,1
15729,溪好泊,1
15730,好泊誰,1
15731,泊誰為,1
15732,誰為主,1
15733,為主昨,1
15734,主昨夜,1
15735,昨夜沙,1
15736,夜沙禽,1
15737,沙禽占,1
15738,禽占月,1
15739,占月明,1
15740,月明故,1
15741,明故人,1
15742,何處又,1
15743,處又留,1
15744,又留連,1
15745,留連月,1
15746,連月冷,1
15747,月冷風,1
15748,冷風高,1
15749,風高鏡,1
15750,高鏡水,1
15751,鏡水邊,1
15752,水邊文,1
15753,邊文陣,1
15754,文陣解,1
15755,陣解圍,1
15756,解圍才,1
15757,圍才昨,1
15758,才昨日,1
15759,昨日醉,1
15760,日醉鄉,1
15761,醉鄉分,1
15762,鄉分袂,1
15763,分袂已,1
15764,袂已三,1
15765,已三年,1
15766,三年交,1
15767,年交情,1
15768,交情澹,1
15769,情澹泊,1
15770,澹泊應,1
15771,泊應長,1
15772,應長在,1
15773,長在俗,1
15774,在俗態,1
15775,俗態流,1
15776,態流離,1
15777,流離且,1
15778,離且勉,1
15779,且勉旃,1
15780,勉旃還,1
15781,旃還擬,1
15782,還擬山,1
15783,擬山陰,1
15784,山陰一,1
15785,陰一乘,1
15786,一乘興,1
15787,興雪寒,1
15788,雪寒難,1
15789,寒難得,1
15790,難得渡,1
15791,得渡江,1
15792,渡江船,1
15793,江船蕭,1
15794,船蕭蕭,1
15795,蕭蕭簷,1
15796,蕭簷雪,1
15797,簷雪打,1
15798,雪打窗,1
15799,打窗聲,1
15800,窗聲因,1
15801,聲因憶,1
15802,因憶江,1
15803,憶江東,1
15804,江東阮,1
15805,東阮步,1
15806,阮步兵,1
15807,步兵兩,1
15808,兵兩信,1
15809,兩信海,1
15810,信海潮,1
15811,海潮書,1
15812,潮書不,1
15813,書不達,1
15814,不達數,1
15815,達數峰,1
15816,數峰稽,1
15817,峰稽嶺,1
15818,稽嶺眼,1
15819,嶺眼長,1
15820,眼長明,1
15821,長明梅,1
15822,明梅繁,1
15823,梅繁幾,1
15824,繁幾處,1
15825,幾處垂,1
15826,處垂鞭,1
15827,垂鞭看,1
15828,鞭看酒,1
15829,看酒好,1
15830,酒好何,1
15831,好何人,1
15832,何人倚,1
15833,人倚檻,1
15834,倚檻傾,1
15835,檻傾會,1
15836,傾會待,1
15837,會待與,1
15838,待與君,1
15839,與君開,1
15840,君開秫,1
15841,開秫甕,1
15842,秫甕滿,1
15843,甕滿船,1
15844,滿船般,1
15845,船般載,1
15846,般載鏡,1
15847,載鏡中,1
15848,鏡中行,1
15849,中行中,1
15850,行中原,1
15851,中原甲,1
15852,原甲馬,1
15853,甲馬未,1
15854,馬未曾,1
15855,未曾安,1
15856,曾安今,1
15857,安今日,1
15858,今日逢,1
15859,日逢君,1
15860,逢君事,1
15861,君事萬,1
15862,事萬端,1
15863,萬端亂,1
15864,端亂後,1
15865,亂後幾,1
15866,幾回鄉,1
15867,回鄉夢,1
15868,鄉夢隔,1
15869,夢隔別,1
15870,隔別來,1
15871,別來何,1
15872,何處路,1
15873,處路行,1
15874,行難霜,1
15875,難霜鱗,1
15876,霜鱗共,1
15877,鱗共落,1
15878,共落三,1
15879,落三門,1
15880,三門浪,1
15881,門浪雪,1
15882,浪雪鬢,1
15883,雪鬢同,1
15884,鬢同歸,1
15885,同歸七,1
15886,歸七裏,1
15887,七裏灘,1
15888,裏灘何,1
15889,灘何必,1
15890,何必新,1
15891,必新詩,1
15892,新詩更,1
15893,詩更相,1
15894,更相戲,1
15895,相戲小,1
15896,戲小樓,1
15897,小樓吟,1
15898,樓吟罷,1
15899,吟罷暮,1
15900,罷暮天,1
15901,暮天寒,1
15902,天寒金,1
15903,寒金徽,1
15904,金徽玉,1
15905,徽玉軫,1
15906,玉軫肯,1
15907,軫肯躇,1
15908,肯躇躕,1
15909,躇躕偶,1
15910,躕偶滯,1
15911,偶滯良,1
15912,滯良途,1
15913,良途半,1
15914,途半月,1
15915,月餘樓,1
15916,餘樓上,1
15917,樓上酒,1
15918,上酒闌,1
15919,酒闌梅,1
15920,闌梅拆,1
15921,梅拆後,1
15922,拆後馬,1
15923,後馬前,1
15924,馬前山,1
15925,前山好,1
15926,山好雪,1
15927,好雪晴,1
15928,雪晴初,1
15929,晴初欒,1
15930,初欒公,1
15931,欒公社,1
15932,公社在,1
15933,社在憐,1
15934,在憐鄉,1
15935,憐鄉樹,1
15936,鄉樹潘,1
15937,樹潘令,1
15938,潘令花,1
15939,令花繁,1
15940,花繁賀,1
15941,繁賀版,1
15942,賀版輿,1
15943,版輿縣,1
15944,輿縣譜,1
15945,縣譜莫,1
15946,譜莫辭,1
15947,莫辭留,1
15948,辭留舊,1
15949,留舊本,1
15950,舊本異,1
15951,本異時,1
15952,異時量,1
15953,時量度,1
15954,量度更,1
15955,度更何,1
15956,更何如,1
15957,何如往,1
15958,如往年,1
15959,往年西,1
15960,年西謁,1
15961,西謁謝,1
15962,謁謝玄,1
15963,謝玄暉,1
15964,玄暉樽,1
15965,暉樽酒,1
15966,樽酒留,1
15967,酒留歡,1
15968,留歡醉,1
15969,歡醉始,1
15970,醉始歸,1
15971,始歸曲,1
15972,歸曲檻,1
15973,曲檻柳,1
15974,檻柳濃,1
15975,柳濃鶯,1
15976,濃鶯未,1
15977,鶯未老,1
15978,未老小,1
15979,老小園,1
15980,小園花,1
15981,園花暖,1
15982,花暖蝶,1
15983,暖蝶初,1
15984,蝶初飛,1
15985,初飛噴,1
15986,飛噴香,1
15987,噴香瑞,1
15988,香瑞獸,1
15989,瑞獸金,1
15990,獸金三,1
15991,金三尺,1
15992,三尺舞,1
15993,尺舞雪,1
15994,舞雪佳,1
15995,雪佳人,1
15996,佳人玉,1
15997,人玉一,1
15998,玉一圍,1
15999,一圍今,1
16000,圍今日,1
16001,今日亂,1
16002,日亂罹,1
16003,亂罹尋,1
16004,罹尋不,1
16005,尋不得,1
16006,不得滿,1
16007,得滿蓑,1
16008,滿蓑風,1
16009,蓑風雨,1
16010,風雨釣,1
16011,釣魚磯,1
16012,魚磯巉,1
16013,磯巉巉,1
16014,巉巉危,1
16015,巉危岫,1
16016,危岫倚,1
16017,岫倚滄,1
16018,倚滄洲,1
16019,滄洲聞,1
16020,洲聞說,1
16021,聞說秦,1
16022,說秦皇,1
16023,秦皇亦,1
16024,皇亦此,1
16025,亦此遊,1
16026,此遊霸,1
16027,遊霸主,1
16028,霸主卷,1
16029,主卷衣,1
16030,卷衣才,1
16031,衣才二,1
16032,才二世,1
16033,二世老,1
16034,世老僧,1
16035,老僧傳,1
16036,僧傳錫,1
16037,傳錫已,1
16038,錫已千,1
16039,已千秋,1
16040,千秋陰,1
16041,秋陰崖,1
16042,陰崖水,1
16043,崖水賴,1
16044,水賴松,1
16045,賴松梢,1
16046,松梢直,1
16047,梢直蘚,1
16048,直蘚壁,1
16049,蘚壁苔,1
16050,壁苔侵,1
16051,苔侵畫,1
16052,侵畫像,1
16053,畫像愁,1
16054,像愁各,1
16055,愁各是,1
16056,各是病,1
16057,是病來,1
16058,病來俱,1
16059,來俱未,1
16060,俱未了,1
16061,未了莫,1
16062,了莫將,1
16063,莫將煩,1
16064,將煩惱,1
16065,煩惱問,1
16066,惱問湯,1
16067,問湯休,1
16068,湯休一,1
16069,休一年,1
16070,一年極,1
16071,年極目,1
16072,極目望,1
16073,目望西,1
16074,望西轅,1
16075,西轅此,1
16076,轅此日,1
16077,此日殷,1
16078,日殷勤,1
16079,殷勤聖,1
16080,勤聖主,1
16081,聖主恩,1
16082,主恩上,1
16083,恩上國,1
16084,上國已,1
16085,國已留,1
16086,已留虞,1
16087,留虞寄,1
16088,虞寄命,1
16089,寄命中,1
16090,命中朝,1
16091,中朝應,1
16092,朝應聽,1
16093,應聽范,1
16094,聽范汪,1
16095,范汪言,1
16096,汪言官,1
16097,言官從,1
16098,官從府,1
16099,從府幕,1
16100,府幕歸,1
16101,幕歸卿,1
16102,歸卿寺,1
16103,卿寺路,1
16104,寺路向,1
16105,路向干,1
16106,向干戈,1
16107,干戈見,1
16108,戈見禁,1
16109,見禁門,1
16110,禁門鵷,1
16111,門鵷侶,1
16112,鵷侶寂,1
16113,侶寂寥,1
16114,寂寥曹,1
16115,寥曹署,1
16116,曹署冷,1
16117,署冷更,1
16118,冷更堪,1
16119,更堪嗚,1
16120,堪嗚咽,1
16121,嗚咽問,1
16122,咽問田,1
16123,問田園,1
16124,田園鶴,1
16125,園鶴信,1
16126,鶴信雖,1
16127,信雖然,1
16128,雖然到,1
16129,然到五,1
16130,到五湖,1
16131,湖煙波,1
16132,煙波迢,1
16133,波迢遞,1
16134,迢遞路,1
16135,遞路崎,1
16136,路崎嶇,1
16137,崎嶇玉,1
16138,嶇玉書,1
16139,玉書分,1
16140,書分薄,1
16141,分薄花,1
16142,薄花生,1
16143,花生眼,1
16144,生眼金,1
16145,眼金鼎,1
16146,金鼎功,1
16147,鼎功遲,1
16148,功遲雪,1
16149,遲雪滿,1
16150,雪滿須,1
16151,滿須三,1
16152,須三秀,1
16153,三秀紫,1
16154,秀紫芝,1
16155,紫芝勞,1
16156,芝勞夢,1
16157,勞夢寐,1
16158,夢寐一,1
16159,寐一番,1
16160,一番紅,1
16161,番紅槿,1
16162,紅槿恨,1
16163,槿恨朝,1
16164,恨朝晡,1
16165,朝晡未,1
16166,晡未知,1
16167,未知朽,1
16168,知朽敗,1
16169,朽敗凡,1
16170,敗凡間,1
16171,凡間骨,1
16172,間骨中,1
16173,骨中授,1
16174,中授先,1
16175,授先生,1
16176,先生指,1
16177,生指教,1
16178,指教無,1
16179,教無前,1
16180,無前年,1
16181,前年上,1
16182,年上將,1
16183,上將定,1
16184,將定妖,1
16185,定妖氛,1
16186,妖氛曾,1
16187,氛曾築,1
16188,曾築岩,1
16189,築岩城,1
16190,岩城駐,1
16191,城駐大,1
16192,駐大軍,1
16193,大軍近,1
16194,軍近日,1
16195,近日關,1
16196,日關防,1
16197,關防雖,1
16198,防雖弛,1
16199,雖弛柝,1
16200,弛柝舊,1
16201,柝舊時,1
16202,舊時欄,1
16203,時欄檻,1
16204,欄檻尚,1
16205,檻尚侵,1
16206,尚侵雲,1
16207,侵雲蠻,1
16208,雲蠻兵,1
16209,蠻兵績,1
16210,兵績盛,1
16211,績盛人,1
16212,盛人皆,1
16213,人皆伏,1
16214,皆伏坐,1
16215,伏坐石,1
16216,坐石名,1
16217,石名高,1
16218,名高世,1
16219,高世共,1
16220,世共聞,1
16221,共聞唯,1
16222,聞唯恐,1
16223,唯恐亂,1
16224,恐亂來,1
16225,亂來良,1
16226,來良吏,1
16227,良吏少,1
16228,吏少不,1
16229,少不知,1
16230,不知誰,1
16231,知誰解,1
16232,誰解敘,1
16233,解敘功,1
16234,敘功勳,1
16235,功勳華,1
16236,勳華蓋,1
16237,華蓋峰,1
16238,蓋峰前,1
16239,峰前擬,1
16240,前擬卜,1
16241,擬卜耕,1
16242,卜耕主,1
16243,耕主人,1
16244,主人無,1
16245,人無奈,1
16246,無奈又,1
16247,奈又閑,1
16248,又閑行,1
16249,閑行且,1
16250,行且憑,1
16251,且憑鶴,1
16252,憑鶴駕,1
16253,鶴駕尋,1
16254,駕尋滄,1
16255,尋滄海,1
16256,滄海又,1
16257,海又恐,1
16258,又恐犀,1
16259,恐犀軒,1
16260,犀軒過,1
16261,軒過赤,1
16262,過赤城,1
16263,赤城絳,1
16264,城絳簡,1
16265,絳簡便,1
16266,簡便應,1
16267,便應朝,1
16268,應朝右,1
16269,朝右弼,1
16270,右弼紫,1
16271,弼紫旄,1
16272,紫旄兼,1
16273,旄兼合,1
16274,兼合見,1
16275,合見東,1
16276,見東卿,1
16277,東卿勸,1
16278,卿勸君,1
16279,勸君莫,1
16280,君莫忘,1
16281,莫忘歸,1
16282,忘歸時,1
16283,歸時節,1
16284,時節芝,1
16285,節芝似,1
16286,芝似螢,1
16287,似螢光,1
16288,螢光處,1
16289,光處處,1
16290,處處生,1
16291,處生行,1
16292,生行杯,1
16293,行杯且,1
16294,杯且待,1
16295,且待怨,1
16296,待怨歌,1
16297,怨歌終,1
16298,歌終多,1
16299,終多病,1
16300,多病憐,1
16301,病憐君,1
16302,憐君事,1
16303,君事事,1
16304,事事同,1
16305,事同衰,1
16306,同衰鬢,1
16307,衰鬢別,1
16308,鬢別來,1
16309,別來光,1
16310,來光景,1
16311,光景裏,1
16312,景裏故,1
16313,裏故鄉,1
16314,故鄉歸,1
16315,鄉歸去,1
16316,歸去亂,1
16317,去亂罹,1
16318,亂罹中,1
16319,罹中乾,1
16320,中乾坤,1
16321,乾坤墊,1
16322,坤墊裂,1
16323,墊裂三,1
16324,裂三分,1
16325,三分在,1
16326,分在井,1
16327,在井邑,1
16328,井邑摧,1
16329,邑摧殘,1
16330,摧殘一,1
16331,殘一半,1
16332,一半空,1
16333,半空日,1
16334,空日晚,1
16335,日晚長,1
16336,晚長亭,1
16337,長亭問,1
16338,亭問西,1
16339,問西使,1
16340,西使不,1
16341,使不堪,1
16342,不堪車,1
16343,堪車馬,1
16344,車馬尚,1
16345,馬尚萍,1
16346,尚萍蓬,1
16347,萍蓬曾,1
16348,蓬曾陪,1
16349,曾陪公,1
16350,陪公子,1
16351,子醉西,1
16352,醉西園,1
16353,西園峴,1
16354,園峴首,1
16355,峴首碑,1
16356,首碑前,1
16357,碑前事,1
16358,前事懶,1
16359,事懶言,1
16360,懶言世,1
16361,言世亂,1
16362,世亂共,1
16363,亂共嗟,1
16364,共嗟王,1
16365,嗟王粲,1
16366,王粲老,1
16367,粲老時,1
16368,老時危,1
16369,時危俱,1
16370,危俱受,1
16371,俱受信,1
16372,受信陵,1
16373,信陵恩,1
16374,陵恩潮,1
16375,恩潮憐,1
16376,潮憐把,1
16377,憐把醆,1
16378,把醆吟,1
16379,醆吟江,1
16380,吟江徼,1
16381,江徼雨,1
16382,徼雨憶,1
16383,雨憶憑,1
16384,憶憑闌,1
16385,憑闌望,1
16386,闌望海,1
16387,望海門,1
16388,海門飛,1
16389,門飛蓋,1
16390,飛蓋寂,1
16391,蓋寂寥,1
16392,寂寥清,1
16393,寥清宴,1
16394,清宴罷,1
16395,宴罷不,1
16396,罷不知,1
16397,不知簪,1
16398,知簪履,1
16399,簪履更,1
16400,履更誰,1
16401,更誰存,1
16402,誰存蔡,1
16403,存蔡倫,1
16404,蔡倫池,1
16405,倫池北,1
16406,池北雁,1
16407,北雁峰,1
16408,雁峰前,1
16409,峰前罹,1
16410,前罹亂,1
16411,罹亂相,1
16412,亂相兼,1
16413,相兼十,1
16414,兼十九,1
16415,十九年,1
16416,九年所,1
16417,年所喜,1
16418,所喜故,1
16419,喜故人,1
16420,故人猶,1
16421,人猶會,1
16422,猶會面,1
16423,會面不,1
16424,面不堪,1
16425,不堪良,1
16426,堪良牧,1
16427,良牧已,1
16428,牧已重,1
16429,已重泉,1
16430,重泉醉,1
16431,泉醉思,1
16432,醉思把,1
16433,思把箸,1
16434,把箸欹,1
16435,箸欹歌,1
16436,欹歌席,1
16437,歌席狂,1
16438,席狂憶,1
16439,狂憶判,1
16440,憶判身,1
16441,判身入,1
16442,身入酒,1
16443,入酒船,1
16444,酒船今,1
16445,船今日,1
16446,今日與,1
16447,日與君,1
16448,與君贏,1
16449,君贏得,1
16450,贏得在,1
16451,得在戴,1
16452,在戴家,1
16453,戴家灣,1
16454,家灣裏,1
16455,灣裏兩,1
16456,裏兩皤,1
16457,兩皤然,1
16458,皤然淮,1
16459,然淮王,1
16460,淮王高,1
16461,王高宴,1
16462,高宴動,1
16463,宴動江,1
16464,動江都,1
16465,江都曾,1
16466,都曾憶,1
16467,曾憶狂,1
16468,憶狂生,1
16469,狂生亦,1
16470,生亦坐,1
16471,亦坐隅,1
16472,坐隅九,1
16473,隅九裏,1
16474,九裏樓,1
16475,裏樓臺,1
16476,樓臺牽,1
16477,臺牽翡,1
16478,牽翡翠,1
16479,翡翠兩,1
16480,翠兩行,1
16481,兩行鴛,1
16482,行鴛鷺,1
16483,鴛鷺踏,1
16484,鷺踏真,1
16485,踏真珠,1
16486,真珠歌,1
16487,珠歌聽,1
16488,歌聽麗,1
16489,聽麗句,1
16490,麗句秦,1
16491,句秦雲,1
16492,秦雲咽,1
16493,雲咽詩,1
16494,咽詩轉,1
16495,詩轉新,1
16496,轉新題,1
16497,新題蜀,1
16498,題蜀錦,1
16499,蜀錦鋪,1
16500,錦鋪惆,1
16501,鋪惆悵,1
16502,惆悵晉,1
16503,悵晉陽,1
16504,晉陽星,1
16505,陽星拆,1
16506,星拆後,1
16507,拆後世,1
16508,後世間,1
16509,世間兵,1
16510,間兵革,1
16511,兵革地,1
16512,革地荒,1
16513,地荒蕪,1
16514,荒蕪雪,1
16515,蕪雪天,1
16516,雪天螢,1
16517,天螢席,1
16518,螢席幾,1
16519,席幾辛,1
16520,幾辛勤,1
16521,辛勤同,1
16522,勤同志,1
16523,同志當,1
16524,志當時,1
16525,當時四,1
16526,時四五,1
16527,四五人,1
16528,五人蘭,1
16529,人蘭版,1
16530,蘭版地,1
16531,版地寒,1
16532,地寒俱,1
16533,寒俱受,1
16534,俱受露,1
16535,受露桂,1
16536,露桂堂,1
16537,桂堂風,1
16538,堂風惡,1
16539,風惡獨,1
16540,惡獨傷,1
16541,獨傷春,1
16542,傷春音,1
16543,春音書,1
16544,音書久,1
16545,書久絕,1
16546,久絕應,1
16547,絕應埋,1
16548,應埋玉,1
16549,埋玉編,1
16550,玉編簡,1
16551,編簡難,1
16552,簡難言,1
16553,難言竟,1
16554,言竟委,1
16555,竟委塵,1
16556,委塵唯,1
16557,塵唯有,1
16558,唯有廣,1
16559,有廣都,1
16560,龐令在,1
16561,令在白,1
16562,在白頭,1
16563,白頭樽,1
16564,頭樽酒,1
16565,樽酒憶,1
16566,酒憶交,1
16567,憶交親,1
16568,交親南,1
16569,親南憶,1
16570,南憶龍,1
16571,憶龍沙,1
16572,龍沙兩,1
16573,沙兩岸,1
16574,兩岸行,1
16575,岸行當,1
16576,行當時,1
16577,時天下,1
16578,天下尚,1
16579,下尚清,1
16580,尚清平,1
16581,清平醉,1
16582,平醉眠,1
16583,醉眠野,1
16584,眠野寺,1
16585,野寺花,1
16586,寺花方,1
16587,花方落,1
16588,方落吟,1
16589,落吟倚,1
16590,吟倚江,1
16591,倚江樓,1
16592,江樓月,1
16593,樓月欲,1
16594,月欲明,1
16595,欲明老,1
16596,明老去,1
16597,老去亦,1
16598,去亦知,1
16599,亦知難,1
16600,知難重,1
16601,重到亂,1
16602,到亂來,1
16603,亂來爭,1
16604,來爭肯,1
16605,肯不牽,1
16606,不牽情,1
16607,牽情西,1
16608,情西山,1
16609,西山十,1
16610,山十二,1
16611,十二真,1
16612,二真人,1
16613,真人在,1
16614,人在從,1
16615,在從此,1
16616,從此煩,1
16617,此煩君,1
16618,煩君語,1
16619,君語姓,1
16620,語姓名,1
16621,姓名禹,1
16622,名禹祠,1
16623,禹祠分,1
16624,祠分首,1
16625,分首戴,1
16626,首戴灣,1
16627,戴灣逢,1
16628,灣逢健,1
16629,逢健筆,1
16630,健筆尋,1
16631,筆尋知,1
16632,尋知達,1
16633,知達九,1
16634,達九重,1
16635,九重聖,1
16636,重聖主,1
16637,聖主賜,1
16638,主賜衣,1
16639,賜衣憐,1
16640,衣憐絕,1
16641,憐絕藝,1
16642,絕藝侍,1
16643,藝侍臣,1
16644,侍臣摛,1
16645,臣摛藻,1
16646,摛藻許,1
16647,藻許高,1
16648,許高蹤,1
16649,高蹤寧,1
16650,蹤寧親,1
16651,寧親久,1
16652,親久別,1
16653,久別街,1
16654,別街西,1
16655,街西寺,1
16656,西寺待,1
16657,寺待詔,1
16658,待詔初,1
16659,詔初離,1
16660,初離海,1
16661,離海上,1
16662,海上峰,1
16663,上峰一,1
16664,峰一種,1
16665,一種苦,1
16666,種苦心,1
16667,苦心師,1
16668,心師得,1
16669,師得了,1
16670,得了不,1
16671,了不須,1
16672,不須回,1
16673,須回首,1
16674,回首笑,1
16675,首笑龍,1
16676,笑龍鍾,1
16677,龍鍾百,1
16678,鍾百雉,1
16679,百雉摧,1
16680,雉摧殘,1
16681,摧殘連,1
16682,殘連野,1
16683,連野青,1
16684,野青廟,1
16685,青廟門,1
16686,廟門猶,1
16687,門猶見,1
16688,猶見昔,1
16689,見昔朝,1
16690,昔朝廷,1
16691,朝廷一,1
16692,廷一生,1
16693,一生雖,1
16694,生雖抱,1
16695,雖抱楚,1
16696,抱楚王,1
16697,楚王恨,1
16698,王恨千,1
16699,恨千載,1
16700,千載終,1
16701,載終為,1
16702,終為息,1
16703,為息地,1
16704,息地靈,1
16705,地靈蟲,1
16706,靈蟲網,1
16707,蟲網翠,1
16708,網翠環,1
16709,翠環終,1
16710,環終縹,1
16711,終縹緲,1
16712,縹緲風,1
16713,緲風吹,1
16714,風吹寶,1
16715,吹寶瑟,1
16716,寶瑟助,1
16717,瑟助微,1
16718,助微冥,1
16719,微冥玉,1
16720,冥玉顏,1
16721,玉顏渾,1
16722,顏渾似,1
16723,渾似羞,1
16724,似羞來,1
16725,羞來客,1
16726,來客依,1
16727,客依舊,1
16728,依舊無,1
16729,舊無言,1
16730,無言照,1
16731,言照畫,1
16732,照畫屏,1
16733,畫屏寂,1
16734,屏寂寂,1
16735,寂寂荒,1
16736,寂荒墳,1
16737,荒墳一,1
16738,墳一水,1
16739,一水濱,1
16740,水濱蘆,1
16741,濱蘆洲,1
16742,蘆洲絕,1
16743,洲絕島,1
16744,絕島自,1
16745,島自相,1
16746,相親青,1
16747,親青娥,1
16748,青娥已,1
16749,娥已落,1
16750,已落淮,1
16751,落淮邊,1
16752,淮邊月,1
16753,邊月白,1
16754,月白骨,1
16755,白骨甘,1
16756,骨甘為,1
16757,甘為泉,1
16758,為泉下,1
16759,泉下塵,1
16760,下塵原,1
16761,塵原上,1
16762,原上荻,1
16763,上荻花,1
16764,荻花飄,1
16765,花飄素,1
16766,飄素發,1
16767,素發道,1
16768,發道傍,1
16769,道傍菰,1
16770,傍菰葉,1
16771,菰葉碎,1
16772,葉碎羅,1
16773,碎羅巾,1
16774,羅巾雖,1
16775,巾雖然,1
16776,雖然寂,1
16777,然寂寞,1
16778,寂寞千,1
16779,寞千秋,1
16780,千秋魄,1
16781,秋魄猶,1
16782,魄猶是,1
16783,猶是韓,1
16784,是韓侯,1
16785,韓侯舊,1
16786,侯舊主,1
16787,主人石,1
16788,人石徑,1
16789,石徑松,1
16790,徑松軒,1
16791,松軒亦,1
16792,軒亦自,1
16793,亦自由,1
16794,自由謾,1
16795,由謾隨,1
16796,謾隨浮,1
16797,隨浮世,1
16798,浮世逐,1
16799,世逐飄,1
16800,逐飄流,1
16801,飄流駑,1
16802,流駑駘,1
16803,駑駘路,1
16804,駘路結,1
16805,路結前,1
16806,結前程,1
16807,前程恨,1
16808,程恨蟋,1
16809,恨蟋蟀,1
16810,蟋蟀床,1
16811,蟀床生,1
16812,床生半,1
16813,生半夜,1
16814,夜秋掩,1
16815,秋掩耳,1
16816,掩耳惡,1
16817,耳惡聞,1
16818,惡聞宮,1
16819,聞宮妾,1
16820,宮妾語,1
16821,妾語低,1
16822,語低顏,1
16823,低顏須,1
16824,顏須向,1
16825,須向路,1
16826,向路人,1
16827,路人羞,1
16828,人羞雖,1
16829,羞雖教,1
16830,雖教小,1
16831,教小事,1
16832,小事相,1
16833,事相催,1
16834,相催逼,1
16835,催逼未,1
16836,逼未到,1
16837,未到青,1
16838,青雲擬,1
16839,雲擬白,1
16840,擬白頭,1
16841,白頭為,1
16842,頭為愛,1
16843,為愛紅,1
16844,愛紅芳,1
16845,紅芳滿,1
16846,芳滿砌,1
16847,滿砌階,1
16848,砌階教,1
16849,階教人,1
16850,教人扇,1
16851,人扇上,1
16852,扇上畫,1
16853,上畫將,1
16854,畫將來,1
16855,將來葉,1
16856,來葉隨,1
16857,葉隨彩,1
16858,隨彩筆,1
16859,彩筆參,1
16860,筆參差,1
16861,參差長,1
16862,差長花,1
16863,長花逐,1
16864,花逐輕,1
16865,逐輕風,1
16866,輕風次,1
16867,風次第,1
16868,第開閑,1
16869,開閑掛,1
16870,閑掛幾,1
16871,掛幾曾,1
16872,幾曾停,1
16873,曾停蛺,1
16874,停蛺蝶,1
16875,蛺蝶頻,1
16876,蝶頻搖,1
16877,頻搖不,1
16878,搖不怕,1
16879,不怕落,1
16880,怕落莓,1
16881,落莓苔,1
16882,莓苔根,1
16883,苔根生,1
16884,根生無,1
16885,生無地,1
16886,無地如,1
16887,地如仙,1
16888,如仙桂,1
16889,仙桂疑,1
16890,桂疑是,1
16891,疑是姮,1
16892,是姮娥,1
16893,姮娥月,1
16894,娥月裏,1
16895,月裏栽,1
16896,裏栽釣,1
16897,栽釣船,1
16898,釣船拋,1
16899,船拋卻,1
16900,拋卻異,1
16901,卻異鄉,1
16902,異鄉來,1
16903,鄉來擬,1
16904,來擬向,1
16905,擬向何,1
16906,向何門,1
16907,何門用,1
16908,門用不,1
16909,用不才,1
16910,不才日,1
16911,才日晚,1
16912,日晚獨,1
16913,晚獨登,1
16914,獨登樓,1
16915,登樓上,1
16916,樓上望,1
16917,上望馬,1
16918,望馬蹄,1
16919,馬蹄車,1
16920,蹄車轍,1
16921,車轍滿,1
16922,轍滿塵,1
16923,滿塵埃,1
16924,塵埃月,1
16925,埃月帳,1
16926,月帳星,1
16927,帳星房,1
16928,星房次,1
16929,房次第,1
16930,第開兩,1
16931,開兩情,1
16932,兩情惟,1
16933,情惟恐,1
16934,惟恐曙,1
16935,恐曙光,1
16936,曙光催,1
16937,光催時,1
16938,催時人,1
16939,時人不,1
16940,人不用,1
16941,不用穿,1
16942,用穿針,1
16943,穿針待,1
16944,針待沒,1
16945,待沒得,1
16946,沒得心,1
16947,得心情,1
16948,心情送,1
16949,情送巧,1
16950,送巧來,1
16951,巧來一,1
16952,來一簇,1
16953,一簇青,1
16954,簇青煙,1
16955,青煙鎖,1
16956,煙鎖玉,1
16957,鎖玉樓,1
16958,玉樓半,1
16959,樓半垂,1
16960,半垂闌,1
16961,垂闌畔,1
16962,闌畔半,1
16963,畔半垂,1
16964,半垂溝,1
16965,垂溝明,1
16966,溝明年,1
16967,明年更,1
16968,年更有,1
16969,更有新,1
16970,有新條,1
16971,新條在,1
16972,條在繞,1
16973,在繞亂,1
16974,繞亂春,1
16975,亂春風,1
16976,春風卒,1
16977,風卒未,1
16978,卒未休,1
16979,未休雉,1
16980,休雉聲,1
16981,雉聲角,1
16982,聲角角,1
16983,角角野,1
16984,角野田,1
16985,野田春,1
16986,田春試,1
16987,春試駐,1
16988,試駐征,1
16989,駐征車,1
16990,征車問,1
16991,車問水,1
16992,問水濱,1
16993,水濱數,1
16994,濱數樹,1
16995,數樹枯,1
16996,樹枯桑,1
16997,枯桑雖,1
16998,桑雖不,1
16999,雖不語,1
17000,不語思,1
17001,語思量,1
17002,量應合,1
17003,應合識,1
17004,合識秦,1
17005,識秦人,1
17006,秦人一,1
17007,人一二,1
17008,一二三,1
17009,二三四,1
17010,三四五,1
17011,四五六,1
17012,五六七,1
17013,六七萬,1
17014,七萬木,1
17015,萬木生,1
17016,木生芽,1
17017,生芽是,1
17018,芽是今,1
17019,是今日,1
17020,今日遠,1
17021,日遠天,1
17022,遠天歸,1
17023,天歸雁,1
17024,歸雁拂,1
17025,雁拂雲,1
17026,拂雲飛,1
17027,雲飛近,1
17028,飛近水,1
17029,近水遊,1
17030,水遊魚,1
17031,遊魚迸,1
17032,魚迸冰,1
17033,迸冰出,1
17034,冰出館,1
17035,出館陶,1
17036,館陶園,1
17037,陶園外,1
17038,園外雨,1
17039,外雨初,1
17040,雨初晴,1
17041,初晴繡,1
17042,晴繡轂,1
17043,繡轂香,1
17044,轂香車,1
17045,香車入,1
17046,車入鳳,1
17047,入鳳城,1
17048,鳳城八,1
17049,城八尺,1
17050,八尺家,1
17051,尺家僮,1
17052,家僮三,1
17053,僮三尺,1
17054,三尺棰,1
17055,尺棰何,1
17056,棰何知,1
17057,何知高,1
17058,知高祖,1
17059,高祖要,1
17060,祖要蒼,1
17061,要蒼生,1
17062,蒼生中,1
17063,生中都,1
17064,中都九,1
17065,都九鼎,1
17066,九鼎勤,1
17067,鼎勤英,1
17068,勤英髦,1
17069,英髦漁,1
17070,髦漁釣,1
17071,漁釣牛,1
17072,釣牛蓑,1
17073,牛蓑且,1
17074,蓑且遁,1
17075,且遁逃,1
17076,遁逃世,1
17077,逃世祖,1
17078,世祖升,1
17079,祖升遐,1
17080,升遐夫,1
17081,遐夫子,1
17082,夫子死,1
17083,子死原,1
17084,死原陵,1
17085,原陵不,1
17086,陵不及,1
17087,不及釣,1
17088,及釣台,1
17089,釣台高,1
17090,台高中,1
17091,高中和,1
17092,中和節,1
17093,和節後,1
17094,節後捧,1
17095,後捧瓊,1
17096,捧瓊瑰,1
17097,瓊瑰坐,1
17098,瑰坐讀,1
17099,坐讀行,1
17100,讀行吟,1
17101,行吟數,1
17102,吟數月,1
17103,數月來,1
17104,月來只,1
17105,來只歎,1
17106,只歎雕,1
17107,歎雕龍,1
17108,雕龍方,1
17109,龍方擅,1
17110,方擅價,1
17111,擅價不,1
17112,價不知,1
17113,不知赬,1
17114,知赬尾,1
17115,赬尾竟,1
17116,尾竟空,1
17117,竟空回,1
17118,空回千,1
17119,回千枝,1
17120,千枝白,1
17121,枝白露,1
17122,白露陶,1
17123,露陶潛,1
17124,陶潛柳,1
17125,潛柳百,1
17126,柳百尺,1
17127,百尺黃,1
17128,尺黃金,1
17129,黃金郭,1
17130,金郭隗,1
17131,郭隗台,1
17132,隗台惆,1
17133,台惆悵,1
17134,惆悵報,1
17135,悵報君,1
17136,報君無,1
17137,君無玉,1
17138,無玉案,1
17139,玉案水,1
17140,案水天,1
17141,水天東,1
17142,天東望,1
17143,東望一,1
17144,望一裴,1
17145,一裴回,1
17146,裴回交,1
17147,回交梨,1
17148,交梨火,1
17149,梨火棗,1
17150,火棗味,1
17151,棗味何,1
17152,味何如,1
17153,何如聞,1
17154,如聞說,1
17155,聞說苕,1
17156,說苕川,1
17157,苕川已,1
17158,川已下,1
17159,已下車,1
17160,下車瓦,1
17161,車瓦榼,1
17162,瓦榼尚,1
17163,榼尚攜,1
17164,尚攜京,1
17165,攜京口,1
17166,口酒草,1
17167,酒草堂,1
17168,草堂應,1
17169,堂應寫,1
17170,應寫潁,1
17171,寫潁陽,1
17172,潁陽書,1
17173,陽書亦,1
17174,書亦知,1
17175,亦知得,1
17176,知得意,1
17177,得意須,1
17178,意須乘,1
17179,須乘鶴,1
17180,乘鶴未,1
17181,鶴未必,1
17182,未必忘,1
17183,必忘機,1
17184,忘機便,1
17185,機便釣,1
17186,便釣魚,1
17187,釣魚卻,1
17188,魚卻恐,1
17189,卻恐武,1
17190,恐武皇,1
17191,武皇還,1
17192,皇還望,1
17193,還望祀,1
17194,望祀軟,1
17195,祀軟輪,1
17196,軟輪征,1
17197,輪征入,1
17198,征入問,1
17199,入問玄,1
17200,問玄虛,1
17201,玄虛老,1
17202,虛老住,1
17203,老住西,1
17204,住西峰,1
17205,西峰第,1
17206,峰第幾,1
17207,第幾層,1
17208,幾層為,1
17209,層為師,1
17210,為師回,1
17211,師回首,1
17212,回首憶,1
17213,首憶南,1
17214,憶南能,1
17215,南能有,1
17216,能有緣,1
17217,有緣有,1
17218,緣有相,1
17219,有相應,1
17220,相應非,1
17221,應非佛,1
17222,非佛無,1
17223,佛無我,1
17224,無我無,1
17225,我無人,1
17226,無人始,1
17227,人始是,1
17228,始是僧,1
17229,是僧爛,1
17230,僧爛椹,1
17231,爛椹作,1
17232,椹作袍,1
17233,作袍名,1
17234,袍名複,1
17235,名複利,1
17236,複利鑠,1
17237,利鑠金,1
17238,鑠金為,1
17239,金為講,1
17240,為講愛,1
17241,講愛兼,1
17242,愛兼憎,1
17243,兼憎何,1
17244,憎何如,1
17245,何如一,1
17246,如一衲,1
17247,一衲塵,1
17248,衲塵埃,1
17249,塵埃外,1
17250,埃外日,1
17251,外日日,1
17252,日日香,1
17253,日香煙,1
17254,香煙夜,1
17255,煙夜夜,1
17256,夜夜燈,1
17257,夜燈丹,1
17258,燈丹青,1
17259,丹青未,1
17260,青未合,1
17261,未合便,1
17262,合便回,1
17263,回頭見,1
17264,頭見盡,1
17265,見盡人,1
17266,盡人間,1
17267,人間事,1
17268,間事始,1
17269,事始休,1
17270,始休只,1
17271,休只有,1
17272,只有百,1
17273,有百神,1
17274,百神朝,1
17275,神朝寶,1
17276,朝寶鏡,1
17277,寶鏡永,1
17278,鏡永無,1
17279,永無纖,1
17280,無纖浪,1
17281,纖浪犯,1
17282,浪犯虛,1
17283,犯虛舟,1
17284,虛舟曾,1
17285,舟曾臨,1
17286,曾臨鐵,1
17287,臨鐵甕,1
17288,鐵甕雖,1
17289,甕雖分,1
17290,雖分職,1
17291,分職近,1
17292,職近得,1
17293,近得金,1
17294,得金陵,1
17295,金陵亦,1
17296,陵亦偶,1
17297,亦偶遊,1
17298,偶遊東,1
17299,遊東去,1
17300,東去西,1
17301,去西來,1
17302,西來人,1
17303,來人不,1
17304,不會上,1
17305,會上卿,1
17306,上卿蹤,1
17307,卿蹤跡,1
17308,蹤跡本,1
17309,跡本玄,1
17310,本玄洲,1
17311,玄洲五,1
17312,洲五年,1
17313,五年苛,1
17314,年苛政,1
17315,苛政甚,1
17316,政甚蟲,1
17317,甚蟲螟,1
17318,蟲螟深,1
17319,螟深喜,1
17320,深喜夫,1
17321,喜夫君,1
17322,夫君已,1
17323,君已戴,1
17324,已戴星,1
17325,戴星大,1
17326,星大族,1
17327,大族不,1
17328,族不唯,1
17329,不唯專,1
17330,唯專禮,1
17331,專禮樂,1
17332,禮樂上,1
17333,樂上才,1
17334,上才終,1
17335,終是惜,1
17336,是惜生,1
17337,惜生靈,1
17338,生靈亦,1
17339,靈亦知,1
17340,亦知單,1
17341,知單父,1
17342,單父琴,1
17343,父琴猶,1
17344,琴猶在,1
17345,在莫厭,1
17346,莫厭東,1
17347,厭東歸,1
17348,東歸酒,1
17349,歸酒未,1
17350,酒未醒,1
17351,未醒二,1
17352,醒二月,1
17353,春風何,1
17354,風何處,1
17355,何處好,1
17356,處好亞,1
17357,好亞夫,1
17358,亞夫營,1
17359,夫營畔,1
17360,營畔柳,1
17361,畔柳青,1
17362,柳青青,1
17363,青青年,1
17364,青年年,1
17365,年年模,1
17366,年模樣,1
17367,模樣一,1
17368,樣一般,1
17369,一般般,1
17370,般般何,1
17371,般何似,1
17372,何似東,1
17373,似東歸,1
17374,東歸把,1
17375,歸把釣,1
17376,釣竿岩,1
17377,竿岩谷,1
17378,岩谷謾,1
17379,谷謾勞,1
17380,謾勞思,1
17381,勞思雨,1
17382,思雨露,1
17383,雨露彩,1
17384,露彩雲,1
17385,彩雲終,1
17386,雲終是,1
17387,終是逐,1
17388,是逐鵷,1
17389,逐鵷鸞,1
17390,鵷鸞塵,1
17391,鸞塵迷,1
17392,塵迷魏,1
17393,迷魏闕,1
17394,魏闕身,1
17395,闕身應,1
17396,身應老,1
17397,應老水,1
17398,老水到,1
17399,水到吳,1
17400,到吳門,1
17401,吳門葉,1
17402,門葉欲,1
17403,葉欲殘,1
17404,欲殘至,1
17405,殘至竟,1
17406,至竟窮,1
17407,竟窮途,1
17408,窮途也,1
17409,途也須,1
17410,也須達,1
17411,須達不,1
17412,達不能,1
17413,不能長,1
17414,能長與,1
17415,長與世,1
17416,與世人,1
17417,世人看,1
17418,人看病,1
17419,看病想,1
17420,病想醫,1
17421,想醫門,1
17422,醫門渴,1
17423,門渴望,1
17424,渴望梅,1
17425,望梅十,1
17426,梅十年,1
17427,十年心,1
17428,年心地,1
17429,心地僅,1
17430,地僅成,1
17431,僅成灰,1
17432,成灰早,1
17433,灰早知,1
17434,早知世,1
17435,世事長,1
17436,事長如,1
17437,長如此,1
17438,如此自,1
17439,此自是,1
17440,自是孤,1
17441,是孤寒,1
17442,孤寒不,1
17443,寒不合,1
17444,不合來,1
17445,合來谷,1
17446,來谷畔,1
17447,谷畔氣,1
17448,畔氣濃,1
17449,氣濃高,1
17450,濃高蔽,1
17451,高蔽日,1
17452,蔽日蟄,1
17453,日蟄邊,1
17454,蟄邊聲,1
17455,邊聲暖,1
17456,聲暖乍,1
17457,暖乍聞,1
17458,乍聞雷,1
17459,聞雷滿,1
17460,雷滿城,1
17461,滿城桃,1
17462,城桃李,1
17463,桃李君,1
17464,李君看,1
17465,看取一,1
17466,取一一,1
17467,一一還,1
17468,一還從,1
17469,還從舊,1
17470,從舊處,1
17471,舊處開,1
17472,處開一,1
17473,開一種,1
17474,一種山,1
17475,種山前,1
17476,山前路,1
17477,前路入,1
17478,路入秦,1
17479,入秦嵩,1
17480,秦嵩山,1
17481,嵩山堪,1
17482,山堪愛,1
17483,堪愛此,1
17484,愛此傷,1
17485,此傷神,1
17486,傷神魏,1
17487,神魏明,1
17488,魏明未,1
17489,明未死,1
17490,未死虛,1
17491,死虛留,1
17492,虛留意,1
17493,留意莊,1
17494,意莊叟,1
17495,莊叟雖,1
17496,叟雖生,1
17497,雖生酌,1
17498,生酌滿,1
17499,酌滿巾,1
17500,滿巾何,1
17501,巾何必,1
17502,何必更,1
17503,必更尋,1
17504,更尋無,1
17505,無主骨,1
17506,主骨也,1
17507,骨也知,1
17508,也知曾,1
17509,知曾有,1
17510,曾有弄,1
17511,有弄權,1
17512,弄權人,1
17513,權人羨,1
17514,人羨他,1
17515,羨他緱,1
17516,他緱嶺,1
17517,緱嶺吹,1
17518,嶺吹簫,1
17519,吹簫客,1
17520,簫客閑,1
17521,客閑訪,1
17522,閑訪雲,1
17523,訪雲頭,1
17524,雲頭看,1
17525,頭看俗,1
17526,看俗塵,1
17527,俗塵爛,1
17528,塵爛柯,1
17529,爛柯山,1
17530,柯山下,1
17531,山下忍,1
17532,下忍重,1
17533,忍重到,1
17534,重到雙,1
17535,到雙檜,1
17536,雙檜樓,1
17537,檜樓前,1
17538,樓前日,1
17539,前日欲,1
17540,日欲殘,1
17541,欲殘華,1
17542,殘華屋,1
17543,華屋未,1
17544,屋未移,1
17545,未移春,1
17546,移春照,1
17547,春照灼,1
17548,照灼故,1
17549,灼故侯,1
17550,故侯何,1
17551,侯何在,1
17552,何在淚,1
17553,在淚汍,1
17554,淚汍瀾,1
17555,汍瀾不,1
17556,瀾不唯,1
17557,不唯濟,1
17558,唯濟物,1
17559,濟物工,1
17560,物工夫,1
17561,工夫大,1
17562,夫大長,1
17563,大長憶,1
17564,長憶容,1
17565,憶容才,1
17566,容才尺,1
17567,才尺度,1
17568,尺度寬,1
17569,度寬一,1
17570,寬一慟,1
17571,一慟旁,1
17572,慟旁人,1
17573,旁人莫,1
17574,人莫相,1
17575,相笑知,1
17576,笑知音,1
17577,知音衰,1
17578,音衰盡,1
17579,衰盡路,1
17580,盡路行,1
17581,行難六,1
17582,難六枝,1
17583,六枝仙,1
17584,仙桂最,1
17585,桂最先,1
17586,最先春,1
17587,先春蕭,1
17588,春蕭灑,1
17589,蕭灑高,1
17590,灑高辭,1
17591,高辭九,1
17592,辭九陌,1
17593,九陌塵,1
17594,陌塵兩,1
17595,塵兩晉,1
17596,兩晉家,1
17597,晉家聲,1
17598,家聲須,1
17599,聲須有,1
17600,須有主,1
17601,有主六,1
17602,主六朝,1
17603,六朝文,1
17604,朝文雅,1
17605,文雅別,1
17606,雅別無,1
17607,別無人,1
17608,無人榮,1
17609,人榮驅,1
17610,榮驅豹,1
17611,驅豹尾,1
17612,豹尾拋,1
17613,尾拋同,1
17614,拋同輩,1
17615,同輩貴,1
17616,輩貴上,1
17617,貴上螭,1
17618,上螭頭,1
17619,螭頭見,1
17620,頭見近,1
17621,見近臣,1
17622,近臣蘄,1
17623,臣蘄水,1
17624,蘄水蒼,1
17625,水蒼生,1
17626,蒼生莫,1
17627,生莫相,1
17628,莫相羨,1
17629,相羨早,1
17630,羨早看,1
17631,早看歸,1
17632,看歸去,1
17633,歸去掌,1
17634,去掌絲,1
17635,掌絲綸,1
17636,絲綸秋,1
17637,綸秋山,1
17638,秋山抱,1
17639,山抱病,1
17640,抱病何,1
17641,病何處,1
17642,何處登,1
17643,處登前,1
17644,登前時,1
17645,前時韋,1
17646,時韋曲,1
17647,韋曲今,1
17648,曲今廣,1
17649,今廣陵,1
17650,廣陵廣,1
17651,陵廣陵,1
17652,廣陵大,1
17653,陵大醉,1
17654,大醉不,1
17655,醉不解,1
17656,不解悶,1
17657,解悶韋,1
17658,悶韋曲,1
17659,韋曲舊,1
17660,曲舊遊,1
17661,舊遊堪,1
17662,遊堪拊,1
17663,堪拊膺,1
17664,拊膺佳,1
17665,膺佳節,1
17666,佳節縱,1
17667,節縱饒,1
17668,縱饒隨,1
17669,饒隨分,1
17670,隨分過,1
17671,分過流,1
17672,過流年,1
17673,流年無,1
17674,年無奈,1
17675,無奈得,1
17676,奈得人,1
17677,得人憎,1
17678,人憎卻,1
17679,憎卻驅,1
17680,卻驅羸,1
17681,驅羸馬,1
17682,羸馬向,1
17683,馬向前,1
17684,向前去,1
17685,前去牢,1
17686,去牢落,1
17687,牢落路,1
17688,落路岐,1
17689,路岐非,1
17690,岐非所,1
17691,非所能,1
17692,所能芙,1
17693,能芙蓉,1
17694,芙蓉宮,1
17695,蓉宮闕,1
17696,宮闕二,1
17697,闕二妃,1
17698,二妃壇,1
17699,妃壇兩,1
17700,壇兩處,1
17701,兩處因,1
17702,處因依,1
17703,因依五,1
17704,依五歲,1
17705,五歲寒,1
17706,歲寒鄒,1
17707,寒鄒律,1
17708,鄒律有,1
17709,律有風,1
17710,有風吹,1
17711,風吹不,1
17712,吹不變,1
17713,不變郤,1
17714,變郤枝,1
17715,郤枝無,1
17716,枝無分,1
17717,無分住,1
17718,分住應,1
17719,住應難,1
17720,應難愁,1
17721,難愁心,1
17722,愁心似,1
17723,心似火,1
17724,似火還,1
17725,火還燒,1
17726,還燒鬢,1
17727,燒鬢別,1
17728,鬢別淚,1
17729,別淚非,1
17730,淚非珠,1
17731,非珠謾,1
17732,珠謾落,1
17733,謾落盤,1
17734,落盤卻,1
17735,盤卻羨,1
17736,卻羨淮,1
17737,羨淮南,1
17738,淮南好,1
17739,南好雞,1
17740,好雞犬,1
17741,雞犬也,1
17742,犬也能,1
17743,也能終,1
17744,能終始,1
17745,終始逐,1
17746,始逐劉,1
17747,逐劉安,1
17748,劉安思,1
17749,安思量,1
17750,思量前,1
17751,量前事,1
17752,前事不,1
17753,事不堪,1
17754,不堪尋,1
17755,堪尋牢,1
17756,尋牢落,1
17757,牢落餘,1
17758,落餘情,1
17759,餘情滿,1
17760,情滿素,1
17761,滿素琴,1
17762,素琴四,1
17763,琴四海,1
17764,四海豈,1
17765,海豈無,1
17766,豈無騰,1
17767,無騰躍,1
17768,騰躍路,1
17769,躍路一,1
17770,路一家,1
17771,一家長,1
17772,家長有,1
17773,長有別,1
17774,有別離,1
17775,別離心,1
17776,離心道,1
17777,心道從,1
17778,道從汩,1
17779,從汩沒,1
17780,汩沒甘,1
17781,沒甘雌,1
17782,甘雌伏,1
17783,雌伏跡,1
17784,伏跡恐,1
17785,跡恐因,1
17786,恐因循,1
17787,因循更,1
17788,循更陸,1
17789,更陸沈,1
17790,陸沈寂,1
17791,沈寂寞,1
17792,寂寞誰,1
17793,寞誰應,1
17794,誰應吊,1
17795,應吊空,1
17796,吊空館,1
17797,空館異,1
17798,館異鄉,1
17799,異鄉時,1
17800,鄉時節,1
17801,時節獨,1
17802,節獨沾,1
17803,獨沾襟,1
17804,沾襟簟,1
17805,襟簟卷,1
17806,簟卷兩,1
17807,卷兩床,1
17808,兩床琴,1
17809,床琴瑟,1
17810,琴瑟秋,1
17811,瑟秋暫,1
17812,秋暫憑,1
17813,暫憑前,1
17814,憑前計,1
17815,前計奈,1
17816,計奈相,1
17817,相尤塵,1
17818,尤塵飄,1
17819,塵飄馬,1
17820,飄馬尾,1
17821,馬尾甘,1
17822,尾甘蓬,1
17823,甘蓬轉,1
17824,蓬轉酒,1
17825,轉酒憶,1
17826,酒憶江,1
17827,憶江邊,1
17828,江邊有,1
17829,邊有夢,1
17830,有夢留,1
17831,夢留隋,1
17832,留隋帝,1
17833,隋帝舊,1
17834,帝舊祠,1
17835,舊祠雖,1
17836,祠雖寂,1
17837,雖寂寞,1
17838,寂寞楚,1
17839,寞楚妃,1
17840,楚妃清,1
17841,妃清唱,1
17842,清唱亦,1
17843,唱亦風,1
17844,亦風流,1
17845,風流可,1
17846,流可憐,1
17847,可憐別,1
17848,憐別恨,1
17849,別恨無,1
17850,恨無人,1
17851,人見獨,1
17852,見獨背,1
17853,獨背殘,1
17854,背殘陽,1
17855,殘陽下,1
17856,陽下寺,1
17857,下寺樓,1
17858,寺樓半,1
17859,樓半夜,1
17860,夜秋聲,1
17861,秋聲觸,1
17862,聲觸斷,1
17863,觸斷蓬,1
17864,斷蓬百,1
17865,蓬百年,1
17866,百年身,1
17867,年身事,1
17868,身事算,1
17869,事算成,1
17870,算成空,1
17871,成空禰,1
17872,空禰生,1
17873,禰生詞,1
17874,生詞賦,1
17875,詞賦拋,1
17876,賦拋江,1
17877,拋江夏,1
17878,江夏漢,1
17879,夏漢祖,1
17880,漢祖精,1
17881,祖精神,1
17882,精神憶,1
17883,神憶沛,1
17884,憶沛中,1
17885,沛中未,1
17886,中未必,1
17887,未必他,1
17888,必他時,1
17889,他時能,1
17890,時能富,1
17891,能富貴,1
17892,富貴只,1
17893,貴只應,1
17894,從此見,1
17895,此見窮,1
17896,見窮通,1
17897,窮通邊,1
17898,通邊禽,1
17899,邊禽隴,1
17900,禽隴水,1
17901,隴水休,1
17902,水休相,1
17903,休相笑,1
17904,相笑自,1
17905,笑自有,1
17906,自有滄,1
17907,有滄洲,1
17908,滄洲一,1
17909,洲一棹,1
17910,一棹風,1
17911,棹風每,1
17912,風每持,1
17913,每持纖,1
17914,持纖白,1
17915,纖白助,1
17916,白助君,1
17917,助君時,1
17918,君時霜,1
17919,時霜自,1
17920,霜自無,1
17921,自無憀,1
17922,無憀雪,1
17923,憀雪自,1
17924,雪自疑,1
17925,自疑郎,1
17926,疑郎若,1
17927,郎若姓,1
17928,若姓何,1
17929,姓何應,1
17930,何應解,1
17931,應解傅,1
17932,解傅女,1
17933,傅女能,1
17934,女能窺,1
17935,能窺宋,1
17936,窺宋不,1
17937,宋不勞,1
17938,不勞施,1
17939,勞施妝,1
17940,施妝成,1
17941,妝成麗,1
17942,成麗色,1
17943,麗色唯,1
17944,色唯花,1
17945,唯花妒,1
17946,花妒落,1
17947,妒落盡,1
17948,落盡啼,1
17949,盡啼痕,1
17950,啼痕只,1
17951,痕只鏡,1
17952,只鏡知,1
17953,鏡知最,1
17954,知最好,1
17955,最好玉,1
17956,好玉京,1
17957,玉京仙,1
17958,京仙署,1
17959,仙署裏,1
17960,署裏更,1
17961,裏更和,1
17962,更和秋,1
17963,和秋月,1
17964,秋月照,1
17965,月照瓊,1
17966,照瓊枝,1
17967,瓊枝葉,1
17968,枝葉艇,1
17969,葉艇悠,1
17970,艇悠揚,1
17971,悠揚鶴,1
17972,揚鶴發,1
17973,鶴發垂,1
17974,發垂生,1
17975,垂生涯,1
17976,生涯空,1
17977,涯空托,1
17978,空托一,1
17979,托一綸,1
17980,一綸絲,1
17981,綸絲是,1
17982,絲是非,1
17983,是非不,1
17984,非不向,1
17985,不向眼,1
17986,向眼前,1
17987,眼前起,1
17988,前起寒,1
17989,起寒暑,1
17990,寒暑任,1
17991,暑任從,1
17992,任從波,1
17993,從波上,1
17994,波上移,1
17995,上移風,1
17996,移風漾,1
17997,風漾長,1
17998,漾長歌,1
17999,長歌籠,1
18000,歌籠月,1
18001,籠月裏,1
18002,月裏夢,1
18003,裏夢和,1
18004,夢和春,1
18005,和春雨,1
18006,春雨晝,1
18007,雨晝眠,1
18008,晝眠時,1
18009,眠時逍,1
18010,時逍遙,1
18011,逍遙此,1
18012,遙此意,1
18013,此意誰,1
18014,意誰人,1
18015,誰人會,1
18016,人會應,1
18017,會應有,1
18018,應有青,1
18019,有青山,1
18020,青山淥,1
18021,山淥水,1
18022,淥水知,1
18023,水知謾,1
18024,知謾費,1
18025,謾費精,1
18026,費精神,1
18027,精神掉,1
18028,神掉五,1
18029,五侯破,1
18030,侯破琴,1
18031,破琴孤,1
18032,琴孤劍,1
18033,孤劍是,1
18034,劍是身,1
18035,是身仇,1
18036,身仇九,1
18037,仇九衢,1
18038,雙闕擬,1
18039,闕擬何,1
18040,擬何去,1
18041,何去玉,1
18042,去玉壘,1
18043,玉壘銅,1
18044,壘銅梁,1
18045,銅梁空,1
18046,梁空舊,1
18047,空舊遊,1
18048,舊遊蝴,1
18049,遊蝴蝶,1
18050,蝴蝶有,1
18051,蝶有情,1
18052,有情牽,1
18053,情牽晚,1
18054,牽晚夢,1
18055,晚夢杜,1
18056,夢杜鵑,1
18057,杜鵑無,1
18058,鵑無賴,1
18059,無賴伴,1
18060,賴伴春,1
18061,伴春愁,1
18062,春愁思,1
18063,愁思量,1
18064,思量不,1
18065,量不及,1
18066,不及張,1
18067,及張公,1
18068,公子經,1
18069,子經歲,1
18070,經歲池,1
18071,歲池江,1
18072,池江倚,1
18073,江倚酒,1
18074,倚酒樓,1
18075,酒樓六,1
18076,樓六載,1
18077,六載辛,1
18078,載辛勤,1
18079,辛勤九,1
18080,勤九陌,1
18081,九陌中,1
18082,陌中卻,1
18083,中卻尋,1
18084,卻尋歸,1
18085,尋歸路,1
18086,歸路五,1
18087,路五湖,1
18088,五湖東,1
18089,湖東名,1
18090,東名慚,1
18091,名慚桂,1
18092,慚桂苑,1
18093,桂苑一,1
18094,苑一枝,1
18095,一枝綠,1
18096,枝綠鱠,1
18097,綠鱠憶,1
18098,鱠憶松,1
18099,憶松江,1
18100,松江兩,1
18101,江兩箸,1
18102,兩箸紅,1
18103,箸紅浮,1
18104,紅浮世,1
18105,浮世到,1
18106,世到頭,1
18107,到頭須,1
18108,頭須適,1
18109,須適性,1
18110,適性男,1
18111,性男兒,1
18112,男兒何,1
18113,兒何必,1
18114,何必盡,1
18115,必盡成,1
18116,盡成功,1
18117,成功唯,1
18118,功唯慚,1
18119,唯慚鮑,1
18120,慚鮑叔,1
18121,鮑叔深,1
18122,叔深知,1
18123,深知我,1
18124,知我他,1
18125,我他日,1
18126,他日蒲,1
18127,日蒲帆,1
18128,蒲帆百,1
18129,帆百尺,1
18130,尺風珪,1
18131,風珪玷,1
18132,珪玷由,1
18133,玷由來,1
18134,由來尚,1
18135,來尚可,1
18136,尚可磨,1
18137,可磨似,1
18138,磨似簧,1
18139,似簧終,1
18140,簧終日,1
18141,終日複,1
18142,日複如,1
18143,複如何,1
18144,如何成,1
18145,何成名,1
18146,成名成,1
18147,名成事,1
18148,成事皆,1
18149,事皆因,1
18150,皆因慎,1
18151,因慎亡,1
18152,慎亡國,1
18153,亡國亡,1
18154,國亡家,1
18155,亡家只,1
18156,家只為,1
18157,只為多,1
18158,為多須,1
18159,多須信,1
18160,須信禍,1
18161,信禍胎,1
18162,禍胎生,1
18163,胎生利,1
18164,生利口,1
18165,利口莫,1
18166,口莫將,1
18167,莫將譏,1
18168,將譏思,1
18169,譏思逞,1
18170,思逞懸,1
18171,逞懸河,1
18172,懸河猩,1
18173,河猩猩,1
18174,猩猩鸚,1
18175,猩鸚鵡,1
18176,鸚鵡無,1
18177,鵡無端,1
18178,無端解,1
18179,端解長,1
18180,解長向,1
18181,長向人,1
18182,人間被,1
18183,間被網,1
18184,被網羅,1
18185,網羅祥,1
18186,羅祥煙,1
18187,祥煙靄,1
18188,煙靄靄,1
18189,靄靄拂,1
18190,靄拂樓,1
18191,拂樓臺,1
18192,樓臺慶,1
18193,臺慶積,1
18194,慶積玄,1
18195,積玄元,1
18196,玄元節,1
18197,元節後,1
18198,節後來,1
18199,後來已,1
18200,來已向,1
18201,已向青,1
18202,向青陽,1
18203,青陽標,1
18204,陽標四,1
18205,標四序,1
18206,四序便,1
18207,序便從,1
18208,便從嵩,1
18209,從嵩岳,1
18210,嵩岳應,1
18211,岳應三,1
18212,應三台,1
18213,三台龜,1
18214,台龜銜,1
18215,龜銜玉,1
18216,銜玉柄,1
18217,玉柄增,1
18218,柄增年,1
18219,增年算,1
18220,年算鶴,1
18221,算鶴舞,1
18222,鶴舞瓊,1
18223,舞瓊筵,1
18224,瓊筵獻,1
18225,筵獻壽,1
18226,獻壽杯,1
18227,壽杯自,1
18228,杯自顧,1
18229,自顧下,1
18230,顧下儒,1
18231,下儒何,1
18232,儒何以,1
18233,何以祝,1
18234,以祝柱,1
18235,祝柱天,1
18236,柱天功,1
18237,天功業,1
18238,功業濟,1
18239,業濟時,1
18240,濟時才,1
18241,時才憑,1
18242,才憑古,1
18243,憑古城,1
18244,古城邊,1
18245,城邊眺,1
18246,邊眺晚,1
18247,眺晚晴,1
18248,晚晴遠,1
18249,晴遠村,1
18250,遠村高,1
18251,村高樹,1
18252,高樹轉,1
18253,樹轉分,1
18254,轉分明,1
18255,分明天,1
18256,明天如,1
18257,天如鏡,1
18258,如鏡面,1
18259,鏡面都,1
18260,面都來,1
18261,都來靜,1
18262,來靜地,1
18263,靜地似,1
18264,地似人,1
18265,似人心,1
18266,人心總,1
18267,心總不,1
18268,總不平,1
18269,不平雲,1
18270,平雲向,1
18271,雲向嶺,1
18272,向嶺頭,1
18273,嶺頭閑,1
18274,頭閑不,1
18275,閑不徹,1
18276,不徹水,1
18277,徹水流,1
18278,水流溪,1
18279,流溪裏,1
18280,溪裏太,1
18281,裏太忙,1
18282,太忙生,1
18283,忙生誰,1
18284,生誰人,1
18285,誰人得,1
18286,人得及,1
18287,得及莊,1
18288,及莊居,1
18289,莊居老,1
18290,居老免,1
18291,老免被,1
18292,免被榮,1
18293,被榮枯,1
18294,榮枯寵,1
18295,枯寵辱,1
18296,寵辱驚,1
18297,辱驚萬,1
18298,驚萬點,1
18299,萬點紅,1
18300,點紅芳,1
18301,紅芳血,1
18302,芳血色,1
18303,血色殷,1
18304,色殷為,1
18305,殷為無,1
18306,為無名,1
18307,無名字,1
18308,名字對,1
18309,字對空,1
18310,對空山,1
18311,空山多,1
18312,山多因,1
18313,多因戲,1
18314,因戲蝶,1
18315,戲蝶尋,1
18316,蝶尋香,1
18317,尋香住,1
18318,香住少,1
18319,住少有,1
18320,少有行,1
18321,有行人,1
18322,行人輟,1
18323,人輟棹,1
18324,輟棹攀,1
18325,棹攀若,1
18326,攀若在,1
18327,若在侯,1
18328,在侯門,1
18329,侯門看,1
18330,門看不,1
18331,看不足,1
18332,不足為,1
18333,足為生,1
18334,為生江,1
18335,生江岸,1
18336,江岸見,1
18337,岸見如,1
18338,見如閑,1
18339,如閑結,1
18340,閑結根,1
18341,結根必,1
18342,根必竟,1
18343,必竟輸,1
18344,竟輸桃,1
18345,輸桃李,1
18346,桃李長,1
18347,李長向,1
18348,長向春,1
18349,向春城,1
18350,春城紫,1
18351,城紫陌,1
18352,紫陌間,1
18353,陌間櫪,1
18354,間櫪上,1
18355,櫪上病,1
18356,上病驄,1
18357,病驄蹄,1
18358,驄蹄褭,1
18359,蹄褭褭,1
18360,褭褭江,1
18361,褭江邊,1
18362,江邊廢,1
18363,邊廢宅,1
18364,廢宅路,1
18365,宅路迢,1
18366,迢迢自,1
18367,迢自經,1
18368,自經梅,1
18369,經梅雨,1
18370,梅雨長,1
18371,雨長垂,1
18372,長垂耳,1
18373,垂耳乍,1
18374,耳乍食,1
18375,乍食菰,1
18376,食菰漿,1
18377,菰漿欲,1
18378,漿欲折,1
18379,欲折腰,1
18380,折腰金,1
18381,腰金絡,1
18382,金絡銜,1
18383,絡銜頭,1
18384,銜頭光,1
18385,頭光未,1
18386,光未滅,1
18387,未滅玉,1
18388,滅玉花,1
18389,玉花毛,1
18390,花毛色,1
18391,毛色瘦,1
18392,色瘦來,1
18393,瘦來焦,1
18394,來焦曾,1
18395,焦曾聽,1
18396,曾聽禁,1
18397,聽禁漏,1
18398,禁漏驚,1
18399,漏驚街,1
18400,驚街鼓,1
18401,街鼓慣,1
18402,鼓慣踏,1
18403,慣踏康,1
18404,踏康莊,1
18405,康莊怕,1
18406,莊怕小,1
18407,怕小橋,1
18408,小橋夜,1
18409,橋夜半,1
18410,夜半雄,1
18411,半雄聲,1
18412,雄聲心,1
18413,聲心尚,1
18414,心尚壯,1
18415,尚壯日,1
18416,壯日中,1
18417,日中高,1
18418,中高臥,1
18419,高臥尾,1
18420,臥尾還,1
18421,尾還搖,1
18422,還搖龍,1
18423,搖龍媒,1
18424,龍媒落,1
18425,媒落地,1
18426,落地天,1
18427,地天池,1
18428,天池遠,1
18429,池遠何,1
18430,遠何事,1
18431,何事牽,1
18432,事牽牛,1
18433,牽牛在,1
18434,牛在碧,1
18435,在碧霄,1
18436,碧霄晴,1
18437,霄晴川,1
18438,晴川倚,1
18439,川倚落,1
18440,倚落暉,1
18441,落暉極,1
18442,暉極目,1
18443,極目思,1
18444,目思依,1
18445,思依依,1
18446,依依野,1
18447,依野色,1
18448,野色寒,1
18449,色寒來,1
18450,寒來淺,1
18451,來淺人,1
18452,淺人家,1
18453,人家亂,1
18454,家亂後,1
18455,亂後稀,1
18456,後稀久,1
18457,稀久貧,1
18458,久貧身,1
18459,貧身不,1
18460,身不達,1
18461,不達多,1
18462,達多病,1
18463,多病意,1
18464,病意長,1
18465,意長違,1
18466,長違還,1
18467,違還有,1
18468,還有漁,1
18469,有漁舟,1
18470,漁舟在,1
18471,舟在時,1
18472,在時時,1
18473,時時夢,1
18474,時夢裏,1
18475,夢裏歸,1
18476,裏歸弱,1
18477,歸弱冠,1
18478,弱冠負,1
18479,冠負文,1
18480,負文翰,1
18481,文翰此,1
18482,翰此中,1
18483,此中聽,1
18484,中聽鹿,1
18485,聽鹿鳴,1
18486,鹿鳴使,1
18487,鳴使君,1
18488,使君延,1
18489,君延上,1
18490,延上榻,1
18491,上榻時,1
18492,榻時輩,1
18493,時輩仰,1
18494,輩仰前,1
18495,仰前程,1
18496,前程丹,1
18497,程丹桂,1
18498,丹桂竟,1
18499,桂竟多,1
18500,竟多故,1
18501,多故白,1
18502,故白雲,1
18503,白雲空,1
18504,雲空有,1
18505,空有情,1
18506,有情唯,1
18507,情唯餘,1
18508,唯餘路,1
18509,餘路旁,1
18510,路旁淚,1
18511,旁淚沾,1
18512,淚沾灑,1
18513,沾灑向,1
18514,灑向塵,1
18515,向塵纓,1
18516,塵纓高,1
18517,纓高亭,1
18518,高亭暮,1
18519,亭暮色,1
18520,暮色中,1
18521,色中往,1
18522,中往事,1
18523,往事更,1
18524,事更誰,1
18525,更誰同,1
18526,誰同水,1
18527,同水謾,1
18528,水謾矜,1
18529,謾矜天,1
18530,矜天闊,1
18531,天闊山,1
18532,闊山應,1
18533,山應到,1
18534,應到此,1
18535,到此窮,1
18536,此窮病,1
18537,窮病憐,1
18538,病憐京,1
18539,憐京口,1
18540,口酒老,1
18541,酒老怯,1
18542,老怯海,1
18543,怯海門,1
18544,門風唯,1
18545,風唯有,1
18546,唯有言,1
18547,有言堪,1
18548,言堪解,1
18549,堪解何,1
18550,解何由,1
18551,由見遠,1
18552,見遠公,1
18553,遠公樓,1
18554,公樓殿,1
18555,樓殿層,1
18556,殿層層,1
18557,層層佳,1
18558,層佳氣,1
18559,佳氣多,1
18560,氣多開,1
18561,多開元,1
18562,開元時,1
18563,元時節,1
18564,時節好,1
18565,節好笙,1
18566,好笙歌,1
18567,笙歌也,1
18568,歌也知,1
18569,也知道,1
18570,知道德,1
18571,道德勝,1
18572,德勝堯,1
18573,勝堯舜,1
18574,堯舜爭,1
18575,舜爭奈,1
18576,爭奈楊,1
18577,奈楊妃,1
18578,楊妃解,1
18579,妃解笑,1
18580,解笑何,1
18581,笑何剪,1
18582,何剪項,1
18583,剪項移,1
18584,項移秦,1
18585,移秦勢,1
18586,秦勢自,1
18587,勢自雄,1
18588,自雄布,1
18589,雄布衣,1
18590,布衣還,1
18591,衣還是,1
18592,還是負,1
18593,是負深,1
18594,負深功,1
18595,深功寡,1
18596,功寡妻,1
18597,妻稚女,1
18598,稚女俱,1
18599,女俱堪,1
18600,俱堪恨,1
18601,堪恨卻,1
18602,恨卻把,1
18603,卻把餘,1
18604,餘杯奠,1
18605,杯奠蒯,1
18606,奠蒯通,1
18607,蒯通擊,1
18608,通擊柱,1
18609,擊柱狂,1
18610,柱狂歌,1
18611,狂歌慘,1
18612,歌慘別,1
18613,慘別顏,1
18614,別顏百,1
18615,顏百年,1
18616,百年人,1
18617,年人事,1
18618,人事夢,1
18619,事夢魂,1
18620,夢魂間,1
18621,魂間李,1
18622,間李將,1
18623,李將軍,1
18624,將軍自,1
18625,軍自嘉,1
18626,自嘉聲,1
18627,嘉聲在,1
18628,聲在不,1
18629,不得封,1
18630,得封侯,1
18631,封侯亦,1
18632,侯亦自,1
18633,亦自閑,1
18634,自閑芳,1
18635,閑芳草,1
18636,芳草台,1
18637,草台邊,1
18638,台邊魂,1
18639,邊魂不,1
18640,魂不歸,1
18641,不歸野,1
18642,歸野煙,1
18643,野煙喬,1
18644,喬木弄,1
18645,木弄殘,1
18646,弄殘暉,1
18647,殘暉可,1
18648,暉可憐,1
18649,可憐高,1
18650,憐高祖,1
18651,高祖清,1
18652,祖清平,1
18653,清平業,1
18654,平業留,1
18655,業留與,1
18656,留與閒,1
18657,閒人作,1
18658,人作是,1
18659,作是非,1
18660,是非馬,1
18661,非馬嵬,1
18662,馬嵬山,1
18663,嵬山色,1
18664,山色翠,1
18665,色翠依,1
18666,翠依依,1
18667,依依又,1
18668,依又見,1
18669,又見鑾,1
18670,見鑾輿,1
18671,鑾輿幸,1
18672,輿幸蜀,1
18673,幸蜀歸,1
18674,蜀歸泉,1
18675,歸泉下,1
18676,泉下阿,1
18677,下阿蠻,1
18678,阿蠻應,1
18679,蠻應有,1
18680,應有語,1
18681,有語這,1
18682,語這回,1
18683,這回休,1
18684,回休更,1
18685,休更怨,1
18686,更怨楊,1
18687,怨楊妃,1
18688,楊妃把,1
18689,妃把得,1
18690,把得閒,1
18691,得閒書,1
18692,閒書坐,1
18693,書坐水,1
18694,坐水濱,1
18695,水濱讀,1
18696,濱讀來,1
18697,讀來前,1
18698,來前事,1
18699,前事亦,1
18700,事亦酸,1
18701,亦酸辛,1
18702,酸辛莫,1
18703,辛莫言,1
18704,莫言麈,1
18705,言麈尾,1
18706,麈尾清,1
18707,尾清譚,1
18708,清譚柄,1
18709,譚柄壞,1
18710,柄壞卻,1
18711,壞卻淳,1
18712,卻淳風,1
18713,淳風是,1
18714,風是此,1
18715,是此人,1
18716,此人斜,1
18717,人斜陽,1
18718,斜陽澹,1
18719,陽澹澹,1
18720,澹澹柳,1
18721,澹柳陰,1
18722,柳陰陰,1
18723,陰陰風,1
18724,陰風嫋,1
18725,風嫋寒,1
18726,嫋寒絲,1
18727,寒絲映,1
18728,絲映水,1
18729,映水深,1
18730,水深不,1
18731,深不要,1
18732,不要向,1
18733,要向人,1
18734,向人誇,1
18735,人誇素,1
18736,誇素白,1
18737,素白也,1
18738,白也知,1
18739,也知常,1
18740,知常有,1
18741,常有羨,1
18742,有羨魚,1
18743,羨魚心,1
18744,魚心寒,1
18745,心寒燈,1
18746,寒燈挑,1
18747,燈挑盡,1
18748,挑盡見,1
18749,盡見遺,1
18750,見遺塵,1
18751,遺塵試,1
18752,塵試瀝,1
18753,試瀝椒,1
18754,瀝椒漿,1
18755,椒漿合,1
18756,漿合有,1
18757,合有神,1
18758,有神莫,1
18759,神莫恨,1
18760,莫恨高,1
18761,恨高皇,1
18762,高皇不,1
18763,皇不終,1
18764,不終始,1
18765,終始滅,1
18766,始滅秦,1
18767,滅秦謀,1
18768,秦謀項,1
18769,謀項是,1
18770,項是何,1
18771,何人市,1
18772,人市簫,1
18773,市簫聲,1
18774,簫聲咽,1
18775,聲咽跡,1
18776,咽跡崎,1
18777,跡崎嶇,1
18778,崎嶇雪,1
18779,嶇雪恥,1
18780,雪恥酬,1
18781,恥酬恩,1
18782,酬恩此,1
18783,恩此丈,1
18784,此丈夫,1
18785,丈夫霸,1
18786,夫霸主,1
18787,霸主兩,1
18788,主兩亡,1
18789,兩亡時,1
18790,亡時亦,1
18791,時亦異,1
18792,亦異不,1
18793,異不知,1
18794,不知魂,1
18795,知魂魄,1
18796,魂魄更,1
18797,魄更無,1
18798,更無歸,1
18799,無歸已,1
18800,歸已有,1
18801,已有清,1
18802,有清陰,1
18803,清陰逼,1
18804,陰逼座,1
18805,逼座隅,1
18806,座隅愛,1
18807,隅愛聲,1
18808,愛聲仙,1
18809,聲仙客,1
18810,仙客肯,1
18811,客肯過,1
18812,肯過無,1
18813,過無陵,1
18814,無陵遷,1
18815,陵遷谷,1
18816,遷谷變,1
18817,谷變須,1
18818,變須高,1
18819,須高節,1
18820,高節莫,1
18821,節莫向,1
18822,莫向人,1
18823,間作大,1
18824,作大夫,1
18825,大夫籬,1
18826,夫籬外,1
18827,籬外清,1
18828,外清陰,1
18829,清陰接,1
18830,陰接藥,1
18831,接藥闌,1
18832,藥闌曉,1
18833,闌曉風,1
18834,曉風交,1
18835,風交戛,1
18836,交戛碧,1
18837,戛碧琅,1
18838,碧琅玕,1
18839,琅玕子,1
18840,玕子猷,1
18841,子猷死,1
18842,猷死後,1
18843,死後知,1
18844,後知音,1
18845,知音少,1
18846,音少粉,1
18847,少粉節,1
18848,粉節霜,1
18849,節霜筠,1
18850,霜筠謾,1
18851,筠謾歲,1
18852,謾歲寒,1
18853,歲寒西,1
18854,寒西去,1
18855,西去休,1
18856,去休言,1
18857,休言蜀,1
18858,言蜀道,1
18859,蜀道難,1
18860,道難此,1
18861,難此中,1
18862,此中危,1
18863,中危峻,1
18864,危峻已,1
18865,峻已多,1
18866,已多端,1
18867,多端到,1
18868,端到頭,1
18869,到頭未,1
18870,頭未會,1
18871,未會蒼,1
18872,會蒼蒼,1
18873,蒼蒼色,1
18874,蒼色爭,1
18875,色爭得,1
18876,爭得禁,1
18877,得禁他,1
18878,禁他兩,1
18879,他兩度,1
18880,兩度謾,1
18881,度謾頑,1
18882,謾頑颸,1
18883,頑颸斃,1
18884,颸斃芳,1
18885,斃芳吹,1
18886,芳吹愁,1
18887,吹愁夕,1
18888,愁夕長,1
18889,夕長屑,1
18890,長屑戍,1
18891,屑戍有,1
18892,戍有動,1
18893,有動歌,1
18894,動歌離,1
18895,歌離吊,1
18896,離吊夢,1
18897,吊夢如,1
18898,夢如訴,1
18899,如訴如,1
18900,訴如言,1
18901,如言緒,1
18902,言緒引,1
18903,緒引虛,1
18904,引虛寬,1
18905,虛寬周,1
18906,寬周隙,1
18907,周隙伺,1
18908,隙伺榻,1
18909,伺榻繁,1
18910,榻繁咽,1
18911,繁咽夤,1
18912,咽夤緣,1
18913,夤緣範,1
18914,緣範睡,1
18915,範睡蟬,1
18916,睡蟬老,1
18917,蟬老冠,1
18918,老冠峨,1
18919,冠峨緌,1
18920,峨緌好,1
18921,緌好不,1
18922,好不冠,1
18923,不冠不,1
18924,冠不緌,1
18925,不緌爾,1
18926,緌爾奚,1
18927,爾奚以,1
18928,奚以悲,1
18929,以悲蚊,1
18930,悲蚊蚋,1
18931,蚊蚋有,1
18932,蚋有毒,1
18933,有毒食,1
18934,毒食人,1
18935,食人肌,1
18936,人肌肉,1
18937,肌肉蒼,1
18938,肉蒼蠅,1
18939,蒼蠅多,1
18940,蠅多端,1
18941,多端黑,1
18942,端黑白,1
18943,黑白偷,1
18944,白偷安,1
18945,偷安爾,1
18946,安爾也,1
18947,爾也出,1
18948,也出處,1
18949,出處物,1
18950,處物兮,1
18951,物兮莫,1
18952,兮莫累,1
18953,莫累壞,1
18954,累壞舍,1
18955,壞舍啼,1
18956,舍啼衰,1
18957,啼衰虛,1
18958,衰虛堂,1
18959,虛堂泣,1
18960,堂泣曙,1
18961,泣曙勿,1
18962,曙勿徇,1
18963,勿徇喧,1
18964,徇喧嘩,1
18965,喧嘩鼠,1
18966,嘩鼠豈,1
18967,鼠豈無,1
18968,豈無牙,1
18969,無牙勿,1
18970,牙勿學,1
18971,勿學萋,1
18972,學萋菲,1
18973,萋菲垣,1
18974,菲垣亦,1
18975,垣亦有,1
18976,亦有耳,1
18977,有耳危,1
18978,耳危條,1
18979,危條槁,1
18980,條槁飛,1
18981,槁飛抽,1
18982,飛抽恨,1
18983,抽恨咿,1
18984,恨咿咿,1
18985,咿咿別,1
18986,咿別帳,1
18987,別帳缸,1
18988,帳缸冷,1
18989,缸冷柔,1
18990,冷柔魂,1
18991,柔魂不,1
18992,魂不定,1
18993,不定美,1
18994,定美人,1
18995,美人在,1
18996,人在何,1
18997,在何夜,1
18998,何夜影,1
18999,夜影流,1
19000,影流波,1
19001,流波與,1
19002,波與子,1
19003,與子佇,1
19004,子佇立,1
19005,佇立裴,1
19006,立裴回,1
19007,裴回思,1
19008,回思多,1
19009,思多相,1
19010,多相歡,1
19011,相歡雖,1
19012,歡雖則,1
19013,雖則不,1
19014,則不多,1
19015,多時相,1
19016,時相別,1
19017,相別那,1
19018,別那能,1
19019,那能不,1
19020,能不斂,1
19021,不斂眉,1
19022,斂眉蜀,1
19023,眉蜀客,1
19024,蜀客賦,1
19025,客賦高,1
19026,賦高君,1
19027,高君解,1
19028,君解愛,1
19029,解愛楚,1
19030,愛楚宮,1
19031,楚宮腰,1
19032,宮腰細,1
19033,腰細我,1
19034,細我還,1
19035,我還知,1
19036,還知百,1
19037,知百年,1
19038,百年恩,1
19039,年恩愛,1
19040,恩愛無,1
19041,愛無終,1
19042,無終始,1
19043,終始萬,1
19044,始萬里,1
19045,萬里因,1
19046,里因緣,1
19047,因緣有,1
19048,緣有夢,1
19049,有夢思,1
19050,夢思腸,1
19051,思腸斷,1
19052,腸斷門,1
19053,斷門前,1
19054,門前舊,1
19055,前舊行,1
19056,行處不,1
19057,處不堪,1
19058,不堪全,1
19059,堪全屬,1
19060,全屬五,1
19061,屬五陵,1
19062,五陵兒,1
19063,陵兒縠,1
19064,兒縠江,1
19065,縠江東,1
19066,江東下,1
19067,東下幾,1
19068,下幾多,1
19069,幾多程,1
19070,多程每,1
19071,程每泊,1
19072,每泊孤,1
19073,泊孤舟,1
19074,孤舟即,1
19075,舟即有,1
19076,有情山,1
19077,情山色,1
19078,山色已,1
19079,色已隨,1
19080,已隨遊,1
19081,隨遊子,1
19082,遊子遠,1
19083,子遠水,1
19084,遠水紋,1
19085,水紋猶,1
19086,紋猶認,1
19087,猶認主,1
19088,認主人,1
19089,主人清,1
19090,人清恩,1
19091,清恩如,1
19092,恩如海,1
19093,如海嶽,1
19094,海嶽何,1
19095,嶽何時,1
19096,何時報,1
19097,時報恨,1
19098,報恨似,1
19099,恨似煙,1
19100,似煙花,1
19101,煙花觸,1
19102,觸處生,1
19103,處生百,1
19104,生百尺,1
19105,尺風帆,1
19106,風帆兩,1
19107,帆兩行,1
19108,兩行淚,1
19109,行淚不,1
19110,淚不堪,1
19111,不堪回,1
19112,回首望,1
19113,首望崢,1
19114,望崢嶸,1
19115,崢嶸豔,1
19116,嶸豔多,1
19117,豔多煙,1
19118,多煙重,1
19119,煙重欲,1
19120,重欲開,1
19121,欲開難,1
19122,開難紅,1
19123,難紅蕊,1
19124,紅蕊當,1
19125,蕊當心,1
19126,當心一,1
19127,心一抹,1
19128,一抹檀,1
19129,抹檀公,1
19130,檀公子,1
19131,子醉歸,1
19132,醉歸燈,1
19133,歸燈下,1
19134,燈下見,1
19135,下見美,1
19136,見美人,1
19137,美人朝,1
19138,人朝插,1
19139,朝插鏡,1
19140,插鏡中,1
19141,鏡中看,1
19142,中看當,1
19143,看當庭,1
19144,當庭始,1
19145,庭始覺,1
19146,始覺春,1
19147,覺春風,1
19148,春風貴,1
19149,風貴帶,1
19150,貴帶雨,1
19151,帶雨方,1
19152,雨方知,1
19153,方知國,1
19154,知國色,1
19155,國色寒,1
19156,色寒日,1
19157,寒日晚,1
19158,日晚更,1
19159,晚更將,1
19160,更將何,1
19161,將何所,1
19162,何所似,1
19163,所似太,1
19164,似太真,1
19165,太真無,1
19166,真無力,1
19167,無力憑,1
19168,力憑闌,1
19169,闌幹下,1
19170,幹下壓,1
19171,下壓重,1
19172,壓重泉,1
19173,重泉上,1
19174,泉上千,1
19175,上千仞,1
19176,千仞香,1
19177,仞香雲,1
19178,香雲結,1
19179,雲結夢,1
19180,結夢西,1
19181,夢西風,1
19182,西風緊,1
19183,風緊縱,1
19184,緊縱有,1
19185,縱有精,1
19186,有精靈,1
19187,精靈得,1
19188,靈得往,1
19189,得往來,1
19190,往來狖,1
19191,來狖軛,1
19192,狖軛鼯,1
19193,軛鼯軒,1
19194,鼯軒亦,1
19195,軒亦顛,1
19196,亦顛隕,1
19197,顛隕嵐,1
19198,隕嵐光,1
19199,嵐光雙,1
19200,光雙雙,1
19201,雙雙雷,1
19202,雙雷隱,1
19203,雷隱隱,1
19204,隱隱愁,1
19205,隱愁為,1
19206,愁為衣,1
19207,為衣裳,1
19208,衣裳恨,1
19209,裳恨為,1
19210,恨為鬢,1
19211,為鬢暮,1
19212,鬢暮灑,1
19213,暮灑朝,1
19214,灑朝行,1
19215,朝行何,1
19216,行何所,1
19217,何所之,1
19218,所之江,1
19219,之江邊,1
19220,江邊日,1
19221,邊日月,1
19222,日月情,1
19223,月情無,1
19224,情無盡,1
19225,無盡珠,1
19226,盡珠零,1
19227,珠零冷,1
19228,零冷露,1
19229,冷露丹,1
19230,露丹墮,1
19231,丹墮楓,1
19232,墮楓細,1
19233,楓細腰,1
19234,細腰長,1
19235,腰長臉,1
19236,長臉愁,1
19237,臉愁滿,1
19238,愁滿宮,1
19239,滿宮人,1
19240,宮人生,1
19241,人生對,1
19242,生對面,1
19243,對面猶,1
19244,面猶異,1
19245,猶異同,1
19246,異同況,1
19247,同況在,1
19248,況在千,1
19249,在千岩,1
19250,千岩萬,1
19251,岩萬壑,1
19252,萬壑中,1
19253,壑中江,1
19254,中江煙,1
19255,江煙濕,1
19256,煙濕雨,1
19257,濕雨蛟,1
19258,雨蛟綃,1
19259,蛟綃軟,1
19260,綃軟漠,1
19261,軟漠漠,1
19262,漠漠小,1
19263,漠小山,1
19264,小山眉,1
19265,山眉黛,1
19266,眉黛淺,1
19267,黛淺水,1
19268,淺水國,1
19269,水國多,1
19270,國多愁,1
19271,多愁又,1
19272,愁又有,1
19273,又有情,1
19274,有情夜,1
19275,情夜槽,1
19276,夜槽壓,1
19277,槽壓酒,1
19278,壓酒銀,1
19279,酒銀船,1
19280,銀船滿,1
19281,船滿細,1
19282,滿細絲,1
19283,細絲搖,1
19284,絲搖柳,1
19285,搖柳凝,1
19286,柳凝曉,1
19287,凝曉空,1
19288,曉空吳,1
19289,空吳王,1
19290,吳王台,1
19291,王台榭,1
19292,台榭春,1
19293,榭春夢,1
19294,春夢中,1
19295,夢中鴛,1
19296,中鴛鴦,1
19297,鴛鴦鸂,1
19298,鴦鸂鶒,1
19299,鸂鶒喚,1
19300,鶒喚不,1
19301,喚不起,1
19302,不起平,1
19303,起平鋪,1
19304,平鋪綠,1
19305,鋪綠水,1
19306,綠水眠,1
19307,水眠東,1
19308,眠東風,1
19309,東風西,1
19310,風西陵,1
19311,西陵路,1
19312,陵路邊,1
19313,路邊月,1
19314,邊月悄,1
19315,月悄悄,1
19316,悄悄油,1
19317,悄油碧,1
19318,油碧輕,1
19319,碧輕車,1
19320,輕車蘇,1
19321,車蘇小,1
19322,蘇小小,1
19323,小小雀,1
19324,小雀入,1
19325,雀入官,1
19326,入官倉,1
19327,官倉中,1
19328,倉中所,1
19329,中所食,1
19330,所食能,1
19331,食能損,1
19332,能損幾,1
19333,損幾所,1
19334,幾所恨,1
19335,所恨往,1
19336,恨往復,1
19337,往復頻,1
19338,復頻官,1
19339,頻官倉,1
19340,官倉乃,1
19341,倉乃害,1
19342,乃害爾,1
19343,害爾魚,1
19344,爾魚網,1
19345,魚網不,1
19346,網不在,1
19347,不在天,1
19348,在天鳥,1
19349,天鳥網,1
19350,鳥網不,1
19351,網不張,1
19352,不張水,1
19353,張水飲,1
19354,水飲啄,1
19355,飲啄要,1
19356,啄要自,1
19357,要自然,1
19358,自然何,1
19359,然何必,1
19360,何必空,1
19361,必空城,1
19362,空城裏,1
19363,城裏細,1
19364,裏細萼,1
19365,細萼慢,1
19366,萼慢逐,1
19367,時時漏,1
19368,時漏天,1
19369,漏天意,1
19370,天意去,1
19371,枝猶墮,1
19372,猶墮地,1
19373,墮地今,1
19374,為尾迴,1
19375,尾迴圈,1
19376,迴圈反,1
19377,圈反復,1
19378,反復無,1
19379,復無終,1
19380,無終已,1
19381,終已人,1
19382,已人生,1
19383,人生長,1
19384,生長短,1
19385,長短同,1
19386,短同一,1
19387,同一軌,1
19388,一軌若,1
19389,軌若使,1
19390,若使威,1
19391,使威可,1
19392,威可以,1
19393,可以制,1
19394,以制力,1
19395,制力可,1
19396,力可以,1
19397,可以止,1
19398,以止則,1
19399,止則秦,1
19400,則秦皇,1
19401,秦皇不,1
19402,皇不肯,1
19403,不肯斂,1
19404,肯斂手,1
19405,斂手下,1
19406,手下沙,1
19407,下沙丘,1
19408,沙丘孟,1
19409,丘孟賁,1
19410,孟賁不,1
19411,賁不合,1
19412,不合低,1
19413,合低頭,1
19414,低頭入,1
19415,頭入蒿,1
19416,入蒿裏,1
19417,蒿裏伊,1
19418,裏伊人,1
19419,伊人強,1
19420,人強猛,1
19421,強猛猶,1
19422,猛猶如,1
19423,猶如此,1
19424,如此顧,1
19425,此顧我,1
19426,顧我勞,1
19427,我勞生,1
19428,勞生何,1
19429,生何足,1
19430,何足恃,1
19431,足恃但,1
19432,恃但願,1
19433,但願我,1
19434,願我開,1
19435,我開素,1
19436,開素袍,1
19437,素袍傾,1
19438,袍傾綠,1
19439,傾綠蟻,1
19440,綠蟻陶,1
19441,蟻陶陶,1
19442,陶陶兀,1
19443,陶兀兀,1
19444,兀兀大,1
19445,兀大醉,1
19446,大醉於,1
19447,醉於清,1
19448,於清宵,1
19449,清宵白,1
19450,宵白晝,1
19451,白晝間,1
19452,晝間任,1
19453,間任他,1
19454,任他上,1
19455,他上是,1
19456,上是天,1
19457,是天下,1
19458,天下是,1
19459,下是地,1
19460,是地寒,1
19461,地寒雨,1
19462,寒雨蕭,1
19463,雨蕭蕭,1
19464,蕭蕭落,1
19465,蕭落井,1
19466,落井梧,1
19467,井梧夜,1
19468,梧夜深,1
19469,夜深何,1
19470,深何處,1
19471,何處怨,1
19472,處怨啼,1
19473,怨啼烏,1
19474,啼烏不,1
19475,烏不知,1
19476,不知一,1
19477,知一盞,1
19478,一盞臨,1
19479,盞臨邛,1
19480,臨邛酒,1
19481,邛酒救,1
19482,酒救得,1
19483,救得相,1
19484,相如渴,1
19485,如渴病,1
19486,渴病無,1
19487,病無湘,1
19488,無湘水,1
19489,湘水春,1
19490,水春浮,1
19491,春浮岸,1
19492,浮岸淮,1
19493,岸淮燈,1
19494,淮燈夜,1
19495,燈夜滿,1
19496,夜滿橋,1
19497,滿橋六,1
19498,橋六年,1
19499,六年悲,1
19500,年悲梗,1
19501,悲梗斷,1
19502,梗斷兩,1
19503,斷兩地,1
19504,兩地各,1
19505,地各萍,1
19506,各萍漂,1
19507,萍漂刀,1
19508,漂刀筆,1
19509,刀筆依,1
19510,筆依三,1
19511,依三事,1
19512,三事篇,1
19513,事篇章,1
19514,篇章奏,1
19515,章奏珥,1
19516,奏珥貂,1
19517,珥貂跡,1
19518,貂跡卑,1
19519,跡卑甘,1
19520,卑甘汩,1
19521,甘汩沒,1
19522,汩沒名,1
19523,沒名散,1
19524,名散稱,1
19525,散稱逍,1
19526,稱逍遙,1
19527,逍遙好,1
19528,遙好寺,1
19529,好寺松,1
19530,寺松為,1
19531,松為徑,1
19532,為徑空,1
19533,徑空江,1
19534,空江桂,1
19535,江桂作,1
19536,桂作橈,1
19537,作橈野,1
19538,橈野香,1
19539,野香花,1
19540,香花伴,1
19541,花伴落,1
19542,伴落缸,1
19543,落缸暖,1
19544,缸暖酒,1
19545,暖酒和,1
19546,酒和燒,1
19547,和燒晉,1
19548,燒晉沼,1
19549,晉沼尋,1
19550,沼尋游,1
19551,尋游鳳,1
19552,游鳳秦,1
19553,鳳秦冠,1
19554,秦冠竟,1
19555,冠竟歎,1
19556,竟歎鴞,1
19557,歎鴞骨,1
19558,鴞骨凡,1
19559,骨凡雞,1
19560,凡雞犬,1
19561,雞犬薄,1
19562,犬薄魂,1
19563,薄魂斷,1
19564,魂斷蕙,1
19565,斷蕙蘭,1
19566,蕙蘭招,1
19567,蘭招悵,1
19568,招悵望,1
19569,悵望添,1
19570,望添燕,1
19571,添燕管,1
19572,燕管蹉,1
19573,管蹉跎,1
19574,蹉跎厭,1
19575,跎厭魯,1
19576,厭魯瓢,1
19577,魯瓢敗,1
19578,瓢敗桐,1
19579,敗桐方,1
19580,桐方委,1
19581,方委爨,1
19582,委爨冤,1
19583,爨冤匣,1
19584,冤匣正,1
19585,匣正沖,1
19586,正沖霄,1
19587,沖霄戰,1
19588,霄戰代,1
19589,戰代安,1
19590,代安厘,1
19591,安厘國,1
19592,厘國封,1
19593,國封崇,1
19594,封崇孝,1
19595,崇孝景,1
19596,孝景朝,1
19597,景朝千,1
19598,朝千年,1
19599,千年非,1
19600,年非有,1
19601,非有限,1
19602,有限一,1
19603,限一醉,1
19604,一醉解,1
19605,醉解無,1
19606,解無聊,1
19607,無聊漏,1
19608,聊漏永,1
19609,漏永燈,1
19610,永燈花,1
19611,燈花暗,1
19612,花暗爐,1
19613,暗爐紅,1
19614,爐紅雪,1
19615,紅雪片,1
19616,雪片銷,1
19617,片銷久,1
19618,銷久遊,1
19619,久遊家,1
19620,遊家共,1
19621,家共遠,1
19622,共遠相,1
19623,遠相對,1
19624,相對鬢,1
19625,對鬢俱,1
19626,鬢俱凋,1
19627,俱凋運,1
19628,凋運命,1
19629,運命從,1
19630,命從難,1
19631,從難合,1
19632,難合光,1
19633,合光陰,1
19634,光陰奈,1
19635,陰奈不,1
19636,奈不饒,1
19637,不饒到,1
19638,饒到頭,1
19639,到頭蓑,1
19640,頭蓑笠,1
19641,蓑笠契,1
19642,笠契兩,1
19643,契兩信,1
19644,兩信釣,1
19645,信釣魚,1
19646,釣魚潮,1
19647,魚潮寄,1
19648,潮寄蹇,1
19649,寄蹇渾,1
19650,蹇渾成,1
19651,渾成跡,1
19652,成跡經,1
19653,跡經年,1
19654,經年滯,1
19655,年滯杜,1
19656,滯杜南,1
19657,杜南價,1
19658,南價輕,1
19659,價輕猶,1
19660,輕猶有,1
19661,猶有二,1
19662,有二足,1
19663,二足刖,1
19664,足刖已,1
19665,刖已過,1
19666,已過三,1
19667,過三雞,1
19668,三雞肋,1
19669,雞肋曹,1
19670,肋曹公,1
19671,曹公忿,1
19672,公忿豬,1
19673,忿豬肝,1
19674,豬肝仲,1
19675,肝仲叔,1
19676,仲叔慚,1
19677,叔慚會,1
19678,慚會應,1
19679,會應謀,1
19680,應謀避,1
19681,謀避地,1
19682,避地依,1
19683,地依約,1
19684,依約近,1
19685,約近禪,1
19686,近禪庵,1
19687,禪庵簾,1
19688,庵簾下,1
19689,簾下嚴,1
19690,下嚴君,1
19691,嚴君蔔,1
19692,君蔔窗,1
19693,蔔窗間,1
19694,窗間少,1
19695,間少室,1
19696,少室峰,1
19697,室峰攝,1
19698,峰攝生,1
19699,攝生門,1
19700,生門已,1
19701,門已盡,1
19702,已盡混,1
19703,盡混跡,1
19704,混跡世,1
19705,跡世猶,1
19706,世猶逢,1
19707,猶逢山,1
19708,逢山藪,1
19709,山藪師,1
19710,藪師王,1
19711,師王烈,1
19712,王烈簪,1
19713,烈簪纓,1
19714,簪纓友,1
19715,纓友戴,1
19716,友戴顒,1
19717,戴顒魚,1
19718,顒魚跳,1
19719,魚跳介,1
19720,跳介象,1
19721,介象鱠,1
19722,象鱠飯,1
19723,鱠飯吐,1
19724,飯吐葛,1
19725,吐葛玄,1
19726,葛玄蜂,1
19727,玄蜂紫,1
19728,蜂紫飽,1
19729,紫飽垂,1
19730,飽垂新,1
19731,垂新椹,1
19732,新椹黃,1
19733,椹黃輕,1
19734,黃輕墮,1
19735,輕墮小,1
19736,墮小松,1
19737,小松塵,1
19738,松塵埃,1
19739,塵埃金,1
19740,埃金谷,1
19741,金谷路,1
19742,谷路樓,1
19743,路樓閣,1
19744,樓閣上,1
19745,閣上陽,1
19746,上陽鐘,1
19747,陽鐘野,1
19748,鐘野耗,1
19749,野耗鳶,1
19750,耗鳶肩,1
19751,鳶肩寄,1
19752,肩寄仙,1
19753,寄仙書,1
19754,仙書鳥,1
19755,書鳥爪,1
19756,鳥爪封,1
19757,爪封支,1
19758,封支床,1
19759,支床龜,1
19760,床龜縱,1
19761,龜縱老,1
19762,縱老取,1
19763,老取箭,1
19764,取箭鶴,1
19765,箭鶴何,1
19766,鶴何慵,1
19767,何慵別,1
19768,慵別久,1
19769,別久曾,1
19770,久曾牽,1
19771,曾牽念,1
19772,牽念閑,1
19773,念閑來,1
19774,閑來肯,1
19775,來肯壓,1
19776,肯壓重,1
19777,壓重尚,1
19778,重尚餘,1
19779,尚餘青,1
19780,餘青竹,1
19781,青竹在,1
19782,竹在試,1
19783,在試為,1
19784,試為剪,1
19785,為剪成,1
19786,剪成龍,1
19787,成龍欲,1
19788,龍欲芟,1
19789,欲芟荊,1
19790,芟荊棘,1
19791,荊棘種,1
19792,棘種交,1
19793,種交梨,1
19794,交梨指,1
19795,梨指畫,1
19796,指畫城,1
19797,畫城中,1
19798,城中日,1
19799,中日恐,1
19800,日恐遲,1
19801,恐遲安,1
19802,遲安得,1
19803,安得紫,1
19804,得紫青,1
19805,紫青磨,1
19806,青磨鏡,1
19807,磨鏡石,1
19808,鏡石與,1
19809,石與君,1
19810,與君閑,1
19811,君閑處,1
19812,閑處看,1
19813,處看榮,1
19814,看榮衰,1
19815,榮衰根,1
19816,衰根盤,1
19817,根盤蛟,1
19818,盤蛟蜃,1
19819,蛟蜃路,1
19820,蜃路藤,1
19821,路藤蘿,1
19822,藤蘿四,1
19823,蘿四面,1
19824,四面無,1
19825,面無塵,1
19826,無塵輟,1
19827,塵輟棹,1
19828,輟棹過,1
19829,棹過得,1
19830,過得似,1
19831,得似吾,1
19832,似吾師,1
19833,吾師始,1
19834,師始惆,1
19835,始惆悵,1
19836,惆悵眼,1
19837,悵眼前,1
19838,眼前終,1
19839,前終日,1
19840,終日有,1
19841,日有風,1
19842,有風波,1
19843,風波舊,1
19844,波舊遊,1
19845,舊遊雖,1
19846,遊雖一,1
19847,雖一夢,1
19848,一夢別,1
19849,夢別緒,1
19850,別緒忽,1
19851,緒忽千,1
19852,忽千般,1
19853,千般敗,1
19854,般敗草,1
19855,敗草湯,1
19856,草湯陵,1
19857,湯陵晚,1
19858,陵晚衰,1
19859,晚衰槐,1
19860,衰槐楚,1
19861,槐楚寺,1
19862,楚寺寒,1
19863,寺寒數,1
19864,寒數奇,1
19865,數奇常,1
19866,奇常自,1
19867,常自愧,1
19868,自愧時,1
19869,愧時薄,1
19870,時薄欲,1
19871,薄欲何,1
19872,欲何干,1
19873,何干猶,1
19874,干猶賴,1
19875,猶賴君,1
19876,賴君相,1
19877,君相勉,1
19878,相勉殷,1
19879,勉殷勤,1
19880,殷勤貢,1
19881,勤貢禹,1
19882,貢禹冠,1
19883,禹冠群,1
19884,冠群盜,1
19885,群盜方,1
19886,盜方為,1
19887,方為梗,1
19888,為梗分,1
19889,梗分符,1
19890,分符奏,1
19891,符奏未,1
19892,奏未寧,1
19893,未寧黃,1
19894,寧黃巾,1
19895,黃巾攻,1
19896,巾攻郡,1
19897,攻郡邑,1
19898,郡邑白,1
19899,邑白梃,1
19900,白梃掠,1
19901,梃掠生,1
19902,掠生靈,1
19903,生靈塵,1
19904,靈塵土,1
19905,塵土周,1
19906,土周畿,1
19907,周畿暗,1
19908,畿暗瘡,1
19909,暗瘡痍,1
19910,瘡痍汝,1
19911,痍汝水,1
19912,汝水腥,1
19913,水腥一,1
19914,腥一凶,1
19915,一凶雖,1
19916,凶雖剪,1
19917,雖剪滅,1
19918,剪滅數,1
19919,滅數縣,1
19920,數縣尚,1
19921,縣尚凋,1
19922,尚凋零,1
19923,凋零理,1
19924,零理必,1
19925,理必資,1
19926,必資寬,1
19927,資寬猛,1
19928,寬猛謀,1
19929,猛謀須,1
19930,謀須藉,1
19931,須藉典,1
19932,藉典刑,1
19933,典刑與,1
19934,刑與能,1
19935,與能才,1
19936,能才物,1
19937,才物論,1
19938,物論慎,1
19939,論慎選,1
19940,慎選忽,1
19941,選忽天,1
19942,忽天庭,1
19943,天庭官,1
19944,庭官品,1
19945,官品尊,1
19946,品尊台,1
19947,尊台秩,1
19948,台秩山,1
19949,秩山河,1
19950,山河擁,1
19951,河擁福,1
19952,擁福星,1
19953,福星虎,1
19954,星虎知,1
19955,虎知應,1
19956,知應去,1
19957,應去境,1
19958,去境牛,1
19959,境牛在,1
19960,牛在肯,1
19961,在肯全,1
19962,肯全形,1
19963,全形舊,1
19964,形舊政,1
19965,舊政窮,1
19966,政窮人,1
19967,窮人瘼,1
19968,人瘼新,1
19969,瘼新銜,1
19970,新銜展,1
19971,銜展武,1
19972,展武經,1
19973,武經關,1
19974,經關防,1
19975,關防秋,1
19976,防秋草,1
19977,秋草白,1
19978,草白城,1
19979,白城壁,1
19980,城壁晚,1
19981,壁晚峰,1
19982,晚峰青,1
19983,峰青破,1
19984,青破膽,1
19985,破膽期,1
19986,膽期來,1
19987,期來複,1
19988,來複迷,1
19989,複迷魂,1
19990,迷魂想,1
19991,魂想待,1
19992,想待醒,1
19993,待醒魯,1
19994,醒魯山,1
19995,魯山行,1
19996,山行縣,1
19997,行縣後,1
19998,縣後聊,1
19999,後聊為,1
20000,聊為奠,1
20001,為奠惟,1
20002,奠惟馨,1
20003,惟馨吹,1
20004,馨吹台,1
20005,吹台高,1
20006,台高倚,1
20007,高倚圃,1
20008,倚圃田,1
20009,圃田東,1
20010,田東此,1
20011,東此去,1
20012,此去軺,1
20013,去軺車,1
20014,軺車事,1
20015,車事不,1
20016,事不同,1
20017,不同珠,1
20018,同珠履,1
20019,珠履舊,1
20020,履舊參,1
20021,舊參蕭,1
20022,參蕭相,1
20023,蕭相國,1
20024,相國彩,1
20025,國彩衣,1
20026,彩衣今,1
20027,衣今佐,1
20028,今佐晉,1
20029,佐晉司,1
20030,晉司空,1
20031,司空醉,1
20032,空醉離,1
20033,醉離淮,1
20034,離淮甸,1
20035,淮甸寒,1
20036,甸寒星,1
20037,寒星下,1
20038,星下吟,1
20039,下吟指,1
20040,吟指梁,1
20041,指梁園,1
20042,梁園密,1
20043,園密雪,1
20044,密雪中,1
20045,雪中到,1
20046,中到彼,1
20047,到彼的,1
20048,彼的知,1
20049,的知宣,1
20050,知宣室,1
20051,宣室語,1
20052,室語幾,1
20053,語幾時,1
20054,幾時征,1
20055,時征拜,1
20056,征拜黑,1
20057,拜黑頭,1
20058,黑頭公,1
20059,頭公綿,1
20060,公綿綿,1
20061,綿綿堤,1
20062,綿堤草,1
20063,堤草拂,1
20064,草拂征,1
20065,拂征輪,1
20066,征輪龍,1
20067,輪龍虎,1
20068,龍虎俱,1
20069,虎俱辭,1
20070,俱辭楚,1
20071,辭楚水,1
20072,楚水濱,1
20073,水濱只,1
20074,濱只見,1
20075,只見勝,1
20076,見勝之,1
20077,勝之為,1
20078,之為禦,1
20079,為禦史,1
20080,禦史不,1
20081,史不知,1
20082,不知梅,1
20083,知梅福,1
20084,梅福是,1
20085,福是仙,1
20086,是仙人,1
20087,仙人地,1
20088,人地推,1
20089,地推八,1
20090,推八米,1
20091,八米源,1
20092,米源流,1
20093,源流盛,1
20094,流盛才,1
20095,盛才笑,1
20096,才笑三,1
20097,笑三張,1
20098,三張事,1
20099,張事業,1
20100,事業貧,1
20101,業貧一,1
20102,貧一種,1
20103,一種西,1
20104,種西歸,1
20105,西歸一,1
20106,歸一般,1
20107,一般達,1
20108,般達柏,1
20109,達柏台,1
20110,柏台霜,1
20111,台霜冷,1
20112,霜冷夏,1
20113,冷夏城,1
20114,夏城春,1
20115,城春聖,1
20116,春聖朝,1
20117,聖朝綸,1
20118,朝綸閣,1
20119,綸閣最,1
20120,閣最延,1
20121,最延才,1
20122,延才須,1
20123,才須牧,1
20124,須牧生,1
20125,牧生民,1
20126,生民始,1
20127,民始入,1
20128,始入來,1
20129,入來鳳,1
20130,來鳳藻,1
20131,鳳藻已,1
20132,藻已期,1
20133,已期他,1
20134,期他日,1
20135,他日用,1
20136,日用隼,1
20137,用隼旟,1
20138,隼旟應,1
20139,旟應是,1
20140,應是來,1
20141,是來年,1
20142,來年回,1
20143,年回旗,1
20144,回旗飄,1
20145,旗飄峴,1
20146,飄峴首,1
20147,峴首嵐,1
20148,首嵐光,1
20149,嵐光重,1
20150,光重酒,1
20151,重酒奠,1
20152,酒奠湘,1
20153,奠湘江,1
20154,湘江杜,1
20155,江杜魄,1
20156,杜魄哀,1
20157,魄哀腸,1
20158,哀腸斷,1
20159,腸斷秦,1
20160,斷秦原,1
20161,秦原二,1
20162,原二三,1
20163,二三月,1
20164,三月好,1
20165,月好花,1
20166,好花全,1
20167,花全為,1
20168,全為使,1
20169,為使君,1
20170,使君開,1
20171,君開始,1
20172,開始從,1
20173,始從豸,1
20174,從豸角,1
20175,豸角曳,1
20176,角曳長,1
20177,曳長裾,1
20178,長裾又,1
20179,裾又吐,1
20180,又吐雞,1
20181,吐雞香,1
20182,雞香奏,1
20183,香奏玉,1
20184,奏玉除,1
20185,玉除隋,1
20186,除隋邸,1
20187,隋邸舊,1
20188,邸舊僚,1
20189,舊僚推,1
20190,僚推謝,1
20191,推謝掾,1
20192,謝掾漢,1
20193,掾漢廷,1
20194,漢廷高,1
20195,廷高議,1
20196,高議得,1
20197,議得相,1
20198,相如貴,1
20199,如貴分,1
20200,貴分赤,1
20201,分赤筆,1
20202,赤筆升,1
20203,筆升蘭,1
20204,升蘭署,1
20205,蘭署榮,1
20206,署榮著,1
20207,榮著緋,1
20208,著緋衣,1
20209,緋衣從,1
20210,衣從板,1
20211,板輿遙,1
20212,輿遙想,1
20213,遙想到,1
20214,想到時,1
20215,到時秋,1
20216,時秋欲,1
20217,秋欲盡,1
20218,欲盡禁,1
20219,盡禁城,1
20220,禁城涼,1
20221,城涼冷,1
20222,涼冷露,1
20223,冷露槐,1
20224,露槐疏,1
20225,槐疏中,1
20226,疏中朝,1
20227,中朝品,1
20228,朝品秩,1
20229,品秩重,1
20230,秩重文,1
20231,重文章,1
20232,文章雙,1
20233,章雙筆,1
20234,雙筆依,1
20235,筆依前,1
20236,依前賜,1
20237,前賜望,1
20238,賜望郎,1
20239,望郎五,1
20240,郎五夜,1
20241,五夜星,1
20242,夜星辰,1
20243,星辰歸,1
20244,辰歸帝,1
20245,歸帝座,1
20246,帝座半,1
20247,座半年,1
20248,半年樽,1
20249,年樽俎,1
20250,樽俎奉,1
20251,俎奉梁,1
20252,梁王南,1
20253,王南都,1
20254,南都水,1
20255,都水暖,1
20256,水暖蓮,1
20257,暖蓮分,1
20258,蓮分影,1
20259,分影北,1
20260,影北極,1
20261,北極天,1
20262,極天寒,1
20263,天寒雁,1
20264,寒雁著,1
20265,雁著行,1
20266,著行不,1
20267,行不必,1
20268,不必戀,1
20269,必戀恩,1
20270,戀恩多,1
20271,恩多感,1
20272,多感激,1
20273,感激過,1
20274,激過淮,1
20275,過淮應,1
20276,淮應合,1
20277,應合見,1
20278,合見征,1
20279,見征黃,1
20280,征黃幕,1
20281,黃幕下,1
20282,幕下留,1
20283,下留連,1
20284,留連兩,1
20285,連兩月,1
20286,兩月強,1
20287,月強爐,1
20288,強爐邊,1
20289,爐邊侍,1
20290,邊侍史,1
20291,侍史舊,1
20292,史舊焚,1
20293,舊焚香,1
20294,焚香不,1
20295,香不關,1
20296,不關雨,1
20297,關雨露,1
20298,雨露偏,1
20299,露偏垂,1
20300,偏垂意,1
20301,垂意自,1
20302,意自是,1
20303,自是鴛,1
20304,是鴛鸞,1
20305,鴛鸞合,1
20306,鸞合著,1
20307,合著行,1
20308,著行三,1
20309,行三署,1
20310,三署履,1
20311,署履聲,1
20312,履聲通,1
20313,聲通建,1
20314,通建禮,1
20315,建禮九,1
20316,禮九霄,1
20317,九霄星,1
20318,霄星彩,1
20319,星彩映,1
20320,彩映明,1
20321,映明光,1
20322,明光少,1
20323,光少瑜,1
20324,少瑜鏤,1
20325,瑜鏤管,1
20326,鏤管丘,1
20327,管丘遲,1
20328,丘遲錦,1
20329,遲錦從,1
20330,錦從此,1
20331,從此西,1
20332,此西垣,1
20333,西垣使,1
20334,垣使鳳,1
20335,使鳳凰,1
20336,鳳凰離,1
20337,凰離驂,1
20338,離驂莫,1
20339,驂莫惜,1
20340,莫惜暫,1
20341,惜暫逡,1
20342,暫逡巡,1
20343,逡巡君,1
20344,巡君向,1
20345,君向池,1
20346,向池陽,1
20347,池陽我,1
20348,陽我入,1
20349,我入秦,1
20350,入秦歲,1
20351,秦歲月,1
20352,歲月易,1
20353,月易拋,1
20354,易拋非,1
20355,拋非曩,1
20356,酒杯難,1
20357,杯難得,1
20358,難得是,1
20359,得是同,1
20360,同人路,1
20361,人路經,1
20362,路經隋,1
20363,經隋苑,1
20364,隋苑橋,1
20365,苑橋燈,1
20366,橋燈夜,1
20367,燈夜江,1
20368,夜江轉,1
20369,江轉臺,1
20370,轉臺城,1
20371,臺城岸,1
20372,城岸草,1
20373,岸草春,1
20374,草春此,1
20375,春此處,1
20376,此處故,1
20377,處故交,1
20378,故交誰,1
20379,交誰見,1
20380,誰見問,1
20381,見問為,1
20382,問為言,1
20383,為言霜,1
20384,言霜鬢,1
20385,霜鬢壓,1
20386,鬢壓風,1
20387,壓風塵,1
20388,風塵縣,1
20389,塵縣前,1
20390,縣前水,1
20391,前水色,1
20392,水色細,1
20393,色細鱗,1
20394,細鱗鱗,1
20395,鱗鱗一,1
20396,鱗一為,1
20397,一為夫,1
20398,為夫君,1
20399,夫君吊,1
20400,君吊水,1
20401,吊水濱,1
20402,水濱漫,1
20403,濱漫把,1
20404,漫把文,1
20405,把文章,1
20406,文章矜,1
20407,章矜後,1
20408,矜後代,1
20409,後代可,1
20410,代可知,1
20411,可知榮,1
20412,知榮貴,1
20413,榮貴是,1
20414,貴是他,1
20415,是他人,1
20416,他人鶯,1
20417,人鶯偷,1
20418,鶯偷舊,1
20419,偷舊韻,1
20420,舊韻還,1
20421,韻還成,1
20422,還成曲,1
20423,成曲草,1
20424,曲草賴,1
20425,草賴餘,1
20426,賴餘吟,1
20427,餘吟盡,1
20428,吟盡解,1
20429,盡解春,1
20430,解春我,1
20431,春我亦,1
20432,我亦有,1
20433,亦有心,1
20434,有心無,1
20435,心無處,1
20436,無處說,1
20437,處說等,1
20438,說等閒,1
20439,等閒停,1
20440,閒停棹,1
20441,停棹似,1
20442,棹似迷,1
20443,似迷津,1
20444,迷津光,1
20445,津光景,1
20446,光景漂,1
20447,景漂如,1
20448,漂如水,1
20449,如水生,1
20450,水生涯,1
20451,生涯轉,1
20452,涯轉似,1
20453,轉似萍,1
20454,似萍雁,1
20455,萍雁門,1
20456,雁門窮,1
20457,門窮朔,1
20458,窮朔路,1
20459,朔路牛,1
20460,路牛鬥,1
20461,牛鬥故,1
20462,鬥故鄉,1
20463,故鄉星,1
20464,鄉星句,1
20465,星句盡,1
20466,句盡人,1
20467,盡人誰,1
20468,人誰切,1
20469,誰切歌,1
20470,切歌終,1
20471,歌終淚,1
20472,終淚自,1
20473,淚自零,1
20474,自零夜,1
20475,零夜闌,1
20476,夜闌回,1
20477,闌回首,1
20478,回首算,1
20479,首算何,1
20480,算何處,1
20481,處不長,1
20482,不長亭,1
20483,長亭前,1
20484,亭前輩,1
20485,前輩倏,1
20486,輩倏雲,1
20487,倏雲歿,1
20488,雲歿愧,1
20489,歿愧君,1
20490,愧君曾,1
20491,君曾比,1
20492,曾比方,1
20493,比方格,1
20494,方格卑,1
20495,格卑雖,1
20496,卑雖不,1
20497,雖不稱,1
20498,不稱言,1
20499,稱言重,1
20500,言重亦,1
20501,重亦難,1
20502,亦難忘,1
20503,難忘諫,1
20504,忘諫草,1
20505,諫草猶,1
20506,草猶青,1
20507,猶青瑣,1
20508,青瑣悲,1
20509,瑣悲風,1
20510,悲風已,1
20511,風已白,1
20512,已白楊,1
20513,白楊只,1
20514,楊只應,1
20515,只應移,1
20516,應移理,1
20517,移理窟,1
20518,理窟泉,1
20519,窟泉下,1
20520,泉下對,1
20521,下對真,1
20522,對真長,1
20523,真長一,1
20524,長一陣,1
20525,一陣孤,1
20526,陣孤軍,1
20527,孤軍不,1
20528,軍不復,1
20529,不復回,1
20530,復回更,1
20531,回更無,1
20532,更無分,1
20533,無分別,1
20534,分別只,1
20535,別只荒,1
20536,只荒堆,1
20537,荒堆莫,1
20538,堆莫言,1
20539,莫言賦,1
20540,言賦分,1
20541,賦分須,1
20542,分須如,1
20543,須如此,1
20544,如此曾,1
20545,此曾作,1
20546,曾作文,1
20547,作文皇,1
20548,文皇赤,1
20549,皇赤子,1
20550,赤子來,1
20551,子來戰,1
20552,來戰國,1
20553,戰國蒼,1
20554,國蒼茫,1
20555,蒼茫難,1
20556,茫難重,1
20557,難重尋,1
20558,重尋此,1
20559,尋此中,1
20560,此中蹤,1
20561,中蹤跡,1
20562,蹤跡想,1
20563,跡想知,1
20564,想知音,1
20565,知音強,1
20566,音強停,1
20567,強停別,1
20568,停別騎,1
20569,別騎山,1
20570,騎山花,1
20571,山花曉,1
20572,花曉欲,1
20573,曉欲吊,1
20574,欲吊遺,1
20575,吊遺魂,1
20576,遺魂野,1
20577,魂野草,1
20578,野草深,1
20579,草深浮,1
20580,深浮世,1
20581,浮世近,1
20582,世近來,1
20583,近來輕,1
20584,來輕駿,1
20585,輕駿骨,1
20586,駿骨高,1
20587,骨高臺,1
20588,高臺何,1
20589,臺何處,1
20590,處有黃,1
20591,黃金思,1
20592,金思量,1
20593,思量郭,1
20594,量郭隗,1
20595,郭隗平,1
20596,隗平生,1
20597,生事不,1
20598,事不殉,1
20599,不殉昭,1
20600,殉昭王,1
20601,昭王是,1
20602,王是負,1
20603,是負心,1
20604,負心玉,1
20605,心玉樹,1
20606,玉樹歌,1
20607,樹歌聲,1
20608,歌聲澤,1
20609,聲澤國,1
20610,澤國春,1
20611,國春累,1
20612,春累累,1
20613,累累輜,1
20614,累輜重,1
20615,輜重憶,1
20616,重憶亡,1
20617,憶亡陳,1
20618,亡陳垂,1
20619,陳垂衣,1
20620,垂衣端,1
20621,衣端拱,1
20622,端拱渾,1
20623,拱渾閒,1
20624,渾閒事,1
20625,閒事忍,1
20626,事忍把,1
20627,忍把江,1
20628,把江山,1
20629,江山乞,1
20630,山乞與,1
20631,乞與人,1
20632,與人廢,1
20633,人廢宮,1
20634,廢宮荒,1
20635,宮荒苑,1
20636,荒苑莫,1
20637,苑莫閒,1
20638,莫閒愁,1
20639,閒愁成,1
20640,愁成敗,1
20641,成敗終,1
20642,敗終須,1
20643,終須要,1
20644,須要徹,1
20645,要徹頭,1
20646,徹頭一,1
20647,一種風,1
20648,種風流,1
20649,流一種,1
20650,一種死,1
20651,種死朝,1
20652,死朝歌,1
20653,朝歌爭,1
20654,歌爭得,1
20655,爭得似,1
20656,得似揚,1
20657,似揚州,1
20658,揚州關,1
20659,州關城,1
20660,關城樹,1
20661,城樹色,1
20662,樹色齊,1
20663,色齊往,1
20664,齊往事,1
20665,往事未,1
20666,事未全,1
20667,未全迷,1
20668,全迷塞,1
20669,迷塞路,1
20670,塞路真,1
20671,路真人,1
20672,真人氣,1
20673,人氣封,1
20674,氣封門,1
20675,封門壯,1
20676,門壯士,1
20677,壯士泥,1
20678,士泥草,1
20679,泥草濃,1
20680,草濃延,1
20681,濃延蝶,1
20682,延蝶舞,1
20683,蝶舞花,1
20684,舞花密,1
20685,花密教,1
20686,密教鶯,1
20687,教鶯啼,1
20688,鶯啼若,1
20689,啼若以,1
20690,若以鳴,1
20691,以鳴為,1
20692,鳴為德,1
20693,為德鸞,1
20694,德鸞皇,1
20695,鸞皇不,1
20696,皇不及,1
20697,不及雞,1
20698,及雞楚,1
20699,雞楚水,1
20700,楚水蕭,1
20701,水蕭蕭,1
20702,蕭蕭多,1
20703,蕭多病,1
20704,多病身,1
20705,病身強,1
20706,身強憑,1
20707,強憑危,1
20708,危檻送,1
20709,檻送殘,1
20710,送殘春,1
20711,殘春高,1
20712,春高城,1
20713,高城自,1
20714,城自有,1
20715,自有陵,1
20716,有陵兼,1
20717,陵兼穀,1
20718,兼穀流,1
20719,穀流水,1
20720,流水那,1
20721,水那知,1
20722,那知越,1
20723,知越與,1
20724,越與秦,1
20725,與秦岸,1
20726,秦岸下,1
20727,岸下藤,1
20728,下藤蘿,1
20729,藤蘿陰,1
20730,蘿陰作,1
20731,陰作怪,1
20732,作怪橋,1
20733,怪橋邊,1
20734,橋邊蛟,1
20735,邊蛟蜃,1
20736,蛟蜃夜,1
20737,蜃夜欺,1
20738,夜欺人,1
20739,欺人琵,1
20740,人琵琶,1
20741,琵琶洲,1
20742,琶洲遠,1
20743,洲遠江,1
20744,遠江村,1
20745,江村闊,1
20746,村闊回,1
20747,闊回首,1
20748,回首征,1
20749,首征途,1
20750,征途淚,1
20751,途淚滿,1
20752,滿巾搏,1
20753,巾搏擊,1
20754,搏擊路,1
20755,擊路終,1
20756,路終迷,1
20757,終迷南,1
20758,迷南園,1
20759,南園且,1
20760,園且灌,1
20761,且灌畦,1
20762,灌畦敢,1
20763,畦敢言,1
20764,敢言逃,1
20765,言逃俗,1
20766,逃俗態,1
20767,俗態自,1
20768,態自是,1
20769,自是樂,1
20770,是樂幽,1
20771,樂幽棲,1
20772,幽棲葉,1
20773,棲葉長,1
20774,葉長春,1
20775,長春松,1
20776,春松闊,1
20777,松闊科,1
20778,闊科圓,1
20779,科圓早,1
20780,圓早薤,1
20781,早薤齊,1
20782,薤齊雨,1
20783,齊雨沾,1
20784,雨沾虛,1
20785,沾虛檻,1
20786,虛檻冷,1
20787,檻冷雪,1
20788,冷雪壓,1
20789,雪壓遠,1
20790,壓遠山,1
20791,遠山低,1
20792,山低竹,1
20793,低竹好,1
20794,竹好還,1
20795,好還成,1
20796,還成徑,1
20797,成徑桃,1
20798,徑桃夭,1
20799,桃夭亦,1
20800,夭亦有,1
20801,亦有蹊,1
20802,有蹊小,1
20803,蹊小窗,1
20804,小窗奔,1
20805,窗奔野,1
20806,奔野馬,1
20807,野馬閑,1
20808,馬閑甕,1
20809,閑甕養,1
20810,甕養醯,1
20811,養醯雞,1
20812,醯雞水,1
20813,雞水石,1
20814,水石心,1
20815,石心逾,1
20816,心逾切,1
20817,逾切煙,1
20818,切煙霄,1
20819,煙霄分,1
20820,霄分已,1
20821,分已暌,1
20822,已暌病,1
20823,暌病憐,1
20824,病憐王,1
20825,憐王猛,1
20826,王猛畚,1
20827,猛畚愚,1
20828,畚愚笑,1
20829,愚笑隗,1
20830,笑隗囂,1
20831,隗囂泥,1
20832,囂泥澤,1
20833,泥澤國,1
20834,澤國潮,1
20835,國潮平,1
20836,潮平岸,1
20837,平岸江,1
20838,岸江村,1
20839,江村柳,1
20840,村柳覆,1
20841,柳覆堤,1
20842,覆堤到,1
20843,堤到頭,1
20844,到頭乘,1
20845,頭乘興,1
20846,乘興是,1
20847,興是誰,1
20848,是誰手,1
20849,誰手好,1
20850,手好提,1
20851,好提攜,1
20852,提攜長,1
20853,攜長途,1
20854,長途酒,1
20855,途酒醒,1
20856,酒醒臘,1
20857,醒臘春,1
20858,臘春寒,1
20859,春寒嫩,1
20860,寒嫩蕊,1
20861,嫩蕊香,1
20862,蕊香英,1
20863,香英撲,1
20864,英撲馬,1
20865,撲馬鞍,1
20866,馬鞍不,1
20867,鞍不上,1
20868,不上壽,1
20869,上壽陽,1
20870,壽陽公,1
20871,陽公主,1
20872,公主面,1
20873,主面憐,1
20874,面憐君,1
20875,憐君開,1
20876,君開得,1
20877,開得卻,1
20878,得卻無,1
20879,卻無端,1
20880,無端高,1
20881,端高掛,1
20882,高掛風,1
20883,掛風瓢,1
20884,風瓢濯,1
20885,瓢濯漢,1
20886,濯漢濱,1
20887,漢濱土,1
20888,濱土階,1
20889,土階三,1
20890,階三尺,1
20891,三尺愧,1
20892,尺愧清,1
20893,愧清塵,1
20894,清塵可,1
20895,可憐比,1
20896,憐比屋,1
20897,比屋堪,1
20898,屋堪封,1
20899,堪封日,1
20900,封日若,1
20901,日若到,1
20902,若到人,1
20903,到人間,1
20904,人間是,1
20905,間是眾,1
20906,是眾人,1
20907,眾人近,1
20908,人近甸,1
20909,近甸蒙,1
20910,甸蒙塵,1
20911,蒙塵日,1
20912,塵日南,1
20913,日南梁,1
20914,南梁反,1
20915,梁反正,1
20916,反正年,1
20917,正年飄,1
20918,年飄流,1
20919,飄流茂,1
20920,流茂陵,1
20921,茂陵碗,1
20922,陵碗零,1
20923,碗零落,1
20924,零落太,1
20925,落太官,1
20926,太官椽,1
20927,官椽建,1
20928,椽建纛,1
20929,建纛非,1
20930,纛非降,1
20931,非降楚,1
20932,降楚披,1
20933,楚披圖,1
20934,披圖異,1
20935,圖異錄,1
20936,異錄燕,1
20937,錄燕堪,1
20938,燕堪嗟,1
20939,堪嗟侍,1
20940,嗟侍中,1
20941,侍中血,1
20942,中血不,1
20943,血不及,1
20944,不及禦,1
20945,及禦衣,1
20946,禦衣前,1
20947,衣前劉,1
20948,前劉表,1
20949,劉表荒,1
20950,表荒碑,1
20951,荒碑斷,1
20952,碑斷水,1
20953,斷水濱,1
20954,水濱廟,1
20955,濱廟前,1
20956,廟前幽,1
20957,前幽草,1
20958,幽草閉,1
20959,草閉殘,1
20960,閉殘春,1
20961,殘春已,1
20962,春已將,1
20963,已將怨,1
20964,將怨淚,1
20965,怨淚流,1
20966,淚流斑,1
20967,流斑竹,1
20968,斑竹又,1
20969,竹又感,1
20970,又感悲,1
20971,感悲風,1
20972,悲風入,1
20973,風入白,1
20974,入白蘋,1
20975,白蘋八,1
20976,蘋八族,1
20977,八族未,1
20978,族未來,1
20979,未來誰,1
20980,來誰北,1
20981,誰北拱,1
20982,北拱四,1
20983,拱四凶,1
20984,四凶猶,1
20985,凶猶在,1
20986,在莫南,1
20987,莫南巡,1
20988,南巡九,1
20989,巡九峰,1
20990,九峰相,1
20991,峰相似,1
20992,相似堪,1
20993,似堪疑,1
20994,堪疑處,1
20995,疑處望,1
20996,處望見,1
20997,望見蒼,1
20998,見蒼梧,1
20999,蒼梧不,1
21000,梧不見,1
21001,不見人,1
21002,見人穆,1
21003,人穆滿,1
21004,穆滿當,1
21005,滿當年,1
21006,當年物,1
21007,年物外,1
21008,物外程,1
21009,外程電,1
21010,程電腰,1
21011,電腰風,1
21012,腰風腳,1
21013,風腳一,1
21014,腳一何,1
21015,一何輕,1
21016,何輕如,1
21017,輕如今,1
21018,如今縱,1
21019,今縱有,1
21020,縱有驊,1
21021,有驊騮,1
21022,驊騮在,1
21023,騮在不,1
21024,不得長,1
21025,得長鞭,1
21026,長鞭不,1
21027,鞭不肯,1
21028,肯行昨,1
21029,行昨日,1
21030,昨日芳,1
21031,日芳豔,1
21032,芳豔濃,1
21033,豔濃開,1
21034,濃開尊,1
21035,開尊幾,1
21036,尊幾同,1
21037,幾同醉,1
21038,同醉今,1
21039,醉今朝,1
21040,今朝風,1
21041,朝風雨,1
21042,風雨惡,1
21043,雨惡惆,1
21044,惡惆悵,1
21045,惆悵人,1
21046,悵人生,1
21047,人生事,1
21048,生事南,1
21049,事南威,1
21050,南威病,1
21051,威病不,1
21052,病不起,1
21053,不起西,1
21054,起西子,1
21055,西子老,1
21056,子老兼,1
21057,老兼至,1
21058,兼至向,1
21059,至向晚,1
21060,向晚寂,1
21061,晚寂無,1
21062,寂無人,1
21063,無人相,1
21064,人相偎,1
21065,相偎墮,1
21066,偎墮紅,1
21067,墮紅淚,1
21068,紅淚遼,1
21069,淚遼水,1
21070,遼水華,1
21071,水華亭,1
21072,華亭舊,1
21073,亭舊所,1
21074,舊所聞,1
21075,所聞病,1
21076,聞病中,1
21077,病中毛,1
21078,中毛羽,1
21079,毛羽最,1
21080,羽最憐,1
21081,最憐君,1
21082,憐君稻,1
21083,君稻粱,1
21084,稻粱且,1
21085,粱且足,1
21086,且足身,1
21087,足身兼,1
21088,身兼健,1
21089,兼健何,1
21090,健何必,1
21091,何必青,1
21092,必青雲,1
21093,青雲與,1
21094,雲與白,1
21095,與白雲,1
21096,白雲天,1
21097,雲天地,1
21098,天地工,1
21099,地工夫,1
21100,工夫一,1
21101,夫一不,1
21102,一不遺,1
21103,不遺與,1
21104,遺與君,1
21105,與君聲,1
21106,君聲調,1
21107,聲調借,1
21108,調借君,1
21109,借君緌,1
21110,君緌風,1
21111,緌風棲,1
21112,風棲露,1
21113,棲露飽,1
21114,露飽今,1
21115,飽今如,1
21116,今如此,1
21117,如此應,1
21118,此應忘,1
21119,應忘當,1
21120,忘當年,1
21121,當年滓,1
21122,年滓濁,1
21123,滓濁時,1
21124,濁時平,1
21125,時平泉,1
21126,平泉上,1
21127,泉上相,1
21128,上相東,1
21129,相東征,1
21130,東征日,1
21131,征日曾,1
21132,日曾為,1
21133,曾為陽,1
21134,為陽陶,1
21135,陽陶歌,1
21136,陶歌觱,1
21137,歌觱篥,1
21138,觱篥烏,1
21139,篥烏江,1
21140,烏江太,1
21141,江太守,1
21142,太守會,1
21143,守會稽,1
21144,會稽侯,1
21145,稽侯相,1
21146,侯相次,1
21147,相次三,1
21148,次三篇,1
21149,三篇皆,1
21150,篇皆俊,1
21151,皆俊逸,1
21152,俊逸橋,1
21153,逸橋山,1
21154,橋山殯,1
21155,山殯葬,1
21156,殯葬衣,1
21157,葬衣冠,1
21158,衣冠後,1
21159,冠後金,1
21160,後金印,1
21161,金印蒼,1
21162,印蒼黃,1
21163,蒼黃南,1
21164,黃南去,1
21165,南去疾,1
21166,去疾龍,1
21167,疾龍樓,1
21168,龍樓冷,1
21169,樓冷落,1
21170,冷落夏,1
21171,落夏口,1
21172,夏口寒,1
21173,口寒從,1
21174,寒從此,1
21175,從此風,1
21176,此風流,1
21177,風流為,1
21178,流為廢,1
21179,為廢物,1
21180,廢物人,1
21181,物人間,1
21182,人間至,1
21183,間至藝,1
21184,至藝難,1
21185,藝難得,1
21186,難得主,1
21187,得主懷,1
21188,主懷抱,1
21189,懷抱差,1
21190,抱差池,1
21191,差池恨,1
21192,池恨星,1
21193,恨星律,1
21194,星律邗,1
21195,律邗溝,1
21196,邗溝僕,1
21197,溝僕射,1
21198,僕射戎,1
21199,射戎政,1
21200,戎政閑,1
21201,政閑試,1
21202,閑試渡,1
21203,試渡瓜,1
21204,渡瓜洲,1
21205,瓜洲吐,1
21206,洲吐伊,1
21207,吐伊鬱,1
21208,伊鬱西,1
21209,鬱西風,1
21210,西風九,1
21211,風九月,1
21212,九月草,1
21213,月草樹,1
21214,草樹秋,1
21215,樹秋萬,1
21216,秋萬喧,1
21217,萬喧沈,1
21218,喧沈寂,1
21219,沈寂登,1
21220,寂登高,1
21221,登高樓,1
21222,高樓左,1
21223,樓左篁,1
21224,左篁揭,1
21225,篁揭指,1
21226,揭指征,1
21227,指征羽,1
21228,征羽吼,1
21229,羽吼煬,1
21230,吼煬帝,1
21231,煬帝起,1
21232,帝起坐,1
21233,起坐淮,1
21234,坐淮王,1
21235,淮王愁,1
21236,王愁高,1
21237,愁高飄,1
21238,高飄咽,1
21239,飄咽滅,1
21240,咽滅出,1
21241,滅出滯,1
21242,出滯氣,1
21243,滯氣下,1
21244,氣下感,1
21245,下感知,1
21246,感知己,1
21247,知己時,1
21248,己時橫,1
21249,時橫流,1
21250,橫流穿,1
21251,流穿空,1
21252,穿空激,1
21253,空激遠,1
21254,激遠不,1
21255,遠不可,1
21256,不可遏,1
21257,可遏仿,1
21258,遏仿佛,1
21259,仿佛似,1
21260,佛似向,1
21261,似向伊,1
21262,向伊水,1
21263,伊水頭,1
21264,水頭伊,1
21265,頭伊水,1
21266,伊水林,1
21267,水林泉,1
21268,林泉今,1
21269,泉今已,1
21270,已矣因,1
21271,矣因取,1
21272,因取遺,1
21273,取遺編,1
21274,遺編認,1
21275,編認前,1
21276,認前事,1
21277,前事武,1
21278,事武宗,1
21279,武宗皇,1
21280,宗皇帝,1
21281,皇帝禦,1
21282,帝禦宇,1
21283,禦宇時,1
21284,宇時四,1
21285,時四海,1
21286,四海恬,1
21287,海恬然,1
21288,恬然知,1
21289,然知所,1
21290,知所自,1
21291,所自掃,1
21292,自掃除,1
21293,掃除桀,1
21294,除桀黠,1
21295,桀黠似,1
21296,黠似提,1
21297,似提帚,1
21298,提帚制,1
21299,帚制壓,1
21300,制壓群,1
21301,壓群豪,1
21302,群豪若,1
21303,豪若穿,1
21304,若穿鼻,1
21305,穿鼻九,1
21306,鼻九鼎,1
21307,九鼎調,1
21308,鼎調和,1
21309,調和各,1
21310,和各有,1
21311,各有門,1
21312,有門謝,1
21313,門謝安,1
21314,謝安空,1
21315,安空儉,1
21316,空儉真,1
21317,儉真兒,1
21318,真兒戲,1
21319,兒戲功,1
21320,戲功高,1
21321,功高近,1
21322,高近代,1
21323,近代竟,1
21324,代竟誰,1
21325,竟誰知,1
21326,誰知藝,1
21327,知藝小,1
21328,藝小似,1
21329,小似君,1
21330,似君猶,1
21331,君猶不,1
21332,猶不棄,1
21333,不棄勿,1
21334,棄勿惜,1
21335,勿惜喑,1
21336,惜喑嗚,1
21337,喑嗚更,1
21338,嗚更一,1
21339,更一吹,1
21340,一吹與,1
21341,吹與君,1
21342,與君共,1
21343,君共下,1
21344,共下難,1
21345,下難逢,1
21346,難逢淚,1
21347,逢淚正,1
21348,淚正月,1
21349,正月十,1
21350,月十一,1
21351,十一日,1
21352,一日書,1
21353,日書劄,1
21354,書劄五,1
21355,劄五月,1
21356,五月十,1
21357,月十六,1
21358,十六日,1
21359,六日到,1
21360,日到來,1
21361,到來柳,1
21362,來柳吟,1
21363,柳吟秦,1
21364,吟秦望,1
21365,秦望咫,1
21366,望咫尺,1
21367,咫尺地,1
21368,尺地鯉,1
21369,地鯉魚,1
21370,鯉魚何,1
21371,魚何處,1
21372,何處閑,1
21373,處閑裴,1
21374,閑裴回,1
21375,裴回故,1
21376,回故人,1
21377,故人情,1
21378,人情意,1
21379,情意未,1
21380,意未疏,1
21381,未疏索,1
21382,疏索次,1
21383,索次第,1
21384,次第序,1
21385,第序述,1
21386,序述眉,1
21387,述眉眼,1
21388,眉眼開,1
21389,眼開上,1
21390,開上言,1
21391,上言二,1
21392,言二年,1
21393,年隔煙,1
21394,隔煙水,1
21395,煙水下,1
21396,水下有,1
21397,下有數,1
21398,有數幅,1
21399,數幅真,1
21400,幅真瓊,1
21401,真瓊瑰,1
21402,瓊瑰行,1
21403,瑰行吟,1
21404,行吟坐,1
21405,吟坐讀,1
21406,坐讀口,1
21407,讀口不,1
21408,口不倦,1
21409,不倦瀑,1
21410,倦瀑泉,1
21411,瀑泉激,1
21412,泉激射,1
21413,激射琅,1
21414,射琅玕,1
21415,琅玕摧,1
21416,玕摧壁,1
21417,摧壁池,1
21418,壁池蘭,1
21419,池蘭蕙,1
21420,蘭蕙日,1
21421,蕙日已,1
21422,日已老,1
21423,已老村,1
21424,老村酒,1
21425,村酒蘸,1
21426,酒蘸甲,1
21427,蘸甲時,1
21428,甲時幾,1
21429,時幾杯,1
21430,幾杯鶴,1
21431,杯鶴齡,1
21432,鶴齡鴻,1
21433,齡鴻算,1
21434,鴻算不,1
21435,算不復,1
21436,不復見,1
21437,復見雨,1
21438,見雨後,1
21439,雨後蓑,1
21440,後蓑笠,1
21441,蓑笠空,1
21442,笠空莓,1
21443,空莓苔,1
21444,莓苔自,1
21445,苔自從,1
21446,自從黃,1
21447,從黃寇,1
21448,黃寇擾,1
21449,寇擾中,1
21450,擾中土,1
21451,中土人,1
21452,土人心,1
21453,人心波,1
21454,心波蕩,1
21455,波蕩猶,1
21456,蕩猶未,1
21457,猶未回,1
21458,未回道,1
21459,回道殷,1
21460,道殷合,1
21461,殷合眼,1
21462,合眼拜,1
21463,眼拜九,1
21464,拜九列,1
21465,九列張,1
21466,列張浚,1
21467,張浚掉,1
21468,浚掉舌,1
21469,掉舌升,1
21470,舌升三,1
21471,升三台,1
21472,三台朝,1
21473,台朝廷,1
21474,朝廷濟,1
21475,廷濟濟,1
21476,濟濟百,1
21477,濟百揆,1
21478,百揆序,1
21479,揆序寧,1
21480,序寧將,1
21481,寧將對,1
21482,將對面,1
21483,對面容,1
21484,面容奸,1
21485,容奸回,1
21486,奸回禍,1
21487,回禍生,1
21488,禍生有,1
21489,生有基,1
21490,有基妖,1
21491,基妖有,1
21492,妖有漸,1
21493,有漸翠,1
21494,漸翠華,1
21495,翠華西,1
21496,華西幸,1
21497,西幸蒙,1
21498,幸蒙塵,1
21499,蒙塵埃,1
21500,塵埃三,1
21501,埃三川,1
21502,三川梗,1
21503,川梗塞,1
21504,梗塞兩,1
21505,塞兩河,1
21506,兩河閉,1
21507,河閉大,1
21508,閉大明,1
21509,大明宮,1
21510,明宮殿,1
21511,宮殿生,1
21512,殿生蒿,1
21513,生蒿萊,1
21514,蒿萊懦,1
21515,萊懦夫,1
21516,懦夫早,1
21517,夫早歲,1
21518,早歲不,1
21519,歲不量,1
21520,不量力,1
21521,量力策,1
21522,力策蹇,1
21523,策蹇仰,1
21524,蹇仰北,1
21525,仰北高,1
21526,北高崔,1
21527,高崔嵬,1
21528,崔嵬千,1
21529,嵬千門,1
21530,千門萬,1
21531,門萬戶,1
21532,萬戶扃,1
21533,戶扃鎖,1
21534,扃鎖密,1
21535,鎖密良,1
21536,密良匠,1
21537,良匠不,1
21538,匠不肯,1
21539,不肯雕,1
21540,肯雕散,1
21541,雕散材,1
21542,散材君,1
21543,材君今,1
21544,君今得,1
21545,今得意,1
21546,得意尚,1
21547,意尚如,1
21548,尚如此,1
21549,如此況,1
21550,此況我,1
21551,況我麋,1
21552,我麋鹿,1
21553,麋鹿悠,1
21554,鹿悠悠,1
21555,悠悠哉,1
21556,悠哉榮,1
21557,哉榮衰,1
21558,榮衰貴,1
21559,衰貴賤,1
21560,貴賤目,1
21561,賤目所,1
21562,目所睹,1
21563,所睹莫,1
21564,睹莫嫌,1
21565,莫嫌頭,1
21566,嫌頭白,1
21567,頭白黃,1
21568,白黃金,1
21569,黃金台,1
21570,金台漢,1
21571,台漢代,1
21572,漢代簪,1
21573,代簪纓,1
21574,簪纓盛,1
21575,纓盛梁,1
21576,盛梁園,1
21577,梁園雉,1
21578,園雉堞,1
21579,雉堞雄,1
21580,堞雄物,1
21581,雄物情,1
21582,物情須,1
21583,情須重,1
21584,須重德,1
21585,重德時,1
21586,德時論,1
21587,時論在,1
21588,論在明,1
21589,在明公,1
21590,明公族,1
21591,公族大,1
21592,族大逾,1
21593,大逾開,1
21594,逾開魏,1
21595,開魏神,1
21596,魏神高,1
21597,神高本,1
21598,高本降,1
21599,本降嵩,1
21600,降嵩世,1
21601,嵩世家,1
21602,世家惟,1
21603,家惟蹇,1
21604,惟蹇諤,1
21605,蹇諤官,1
21606,諤官業,1
21607,官業即,1
21608,業即清,1
21609,即清通,1
21610,清通翰,1
21611,通翰苑,1
21612,翰苑論,1
21613,苑論思,1
21614,論思外,1
21615,思外綸,1
21616,外綸闈,1
21617,綸闈嘯,1
21618,闈嘯傲,1
21619,嘯傲中,1
21620,傲中健,1
21621,中健豪,1
21622,健豪驚,1
21623,豪驚彩,1
21624,驚彩鳳,1
21625,彩鳳高,1
21626,鳳高步,1
21627,高步出,1
21628,步出冥,1
21629,出冥鴻,1
21630,冥鴻履,1
21631,鴻履歷,1
21632,履歷雖,1
21633,歷雖吾,1
21634,雖吾道,1
21635,吾道行,1
21636,道行藏,1
21637,行藏必,1
21638,藏必聖,1
21639,必聖聰,1
21640,聖聰絳,1
21641,聰絳霄,1
21642,絳霄無,1
21643,霄無系,1
21644,無系滯,1
21645,系滯浙,1
21646,滯浙水,1
21647,浙水忽,1
21648,水忽西,1
21649,忽西東,1
21650,西東庾,1
21651,東庾監,1
21652,庾監高,1
21653,監高樓,1
21654,高樓月,1
21655,樓月袁,1
21656,月袁郎,1
21657,袁郎滿,1
21658,郎滿扇,1
21659,滿扇風,1
21660,扇風四,1
21661,風四年,1
21662,四年將,1
21663,年將故,1
21664,將故事,1
21665,故事兩,1
21666,事兩地,1
21667,兩地有,1
21668,地有全,1
21669,有全功,1
21670,全功去,1
21671,功去去,1
21672,去去才,1
21673,去才須,1
21674,才須展,1
21675,須展行,1
21676,展行行,1
21677,行行道,1
21678,行道益,1
21679,道益隆,1
21680,益隆避,1
21681,隆避權,1
21682,避權辭,1
21683,權辭憲,1
21684,辭憲署,1
21685,憲署仗,1
21686,署仗節,1
21687,仗節出,1
21688,節出南,1
21689,出南宮,1
21690,南宮雁,1
21691,宮雁影,1
21692,雁影相,1
21693,影相承,1
21694,相承接,1
21695,承接龍,1
21696,接龍圖,1
21697,龍圖共,1
21698,圖共始,1
21699,共始終,1
21700,始終自,1
21701,終自然,1
21702,自然須,1
21703,然須作,1
21704,須作礪,1
21705,作礪不,1
21706,礪不必,1
21707,不必恨,1
21708,必恨臨,1
21709,恨臨戎,1
21710,臨戎幕,1
21711,戎幕下,1
21712,幕下蓮,1
21713,下蓮花,1
21714,蓮花盛,1
21715,花盛竿,1
21716,盛竿頭,1
21717,竿頭佩,1
21718,頭佩紅,1
21719,佩紅騎,1
21720,紅騎兒,1
21721,騎兒逢,1
21722,兒逢郭,1
21723,逢郭伋,1
21724,郭伋戰,1
21725,伋戰士,1
21726,戰士得,1
21727,士得文,1
21728,得文翁,1
21729,文翁人,1
21730,翁人地,1
21731,人地應,1
21732,地應無,1
21733,應無比,1
21734,無比簟,1
21735,比簟瓢,1
21736,簟瓢奈,1
21737,瓢奈屢,1
21738,奈屢空,1
21739,屢空因,1
21740,空因思,1
21741,因思一,1
21742,思一枝,1
21743,一枝桂,1
21744,枝桂已,1
21745,桂已作,1
21746,已作斷,1
21747,作斷根,1
21748,斷根蓬,1
21749,根蓬往,1
21750,蓬往事,1
21751,事應歸,1
21752,應歸捷,1
21753,歸捷勞,1
21754,捷勞歌,1
21755,勞歌且,1
21756,歌且責,1
21757,且責躬,1
21758,責躬殷,1
21759,躬殷勤,1
21760,殷勤信,1
21761,勤信陵,1
21762,信陵館,1
21763,陵館今,1
21764,館今日,1
21765,今日自,1
21766,日自途,1
21767,自途窮,1
21768,途窮越,1
21769,窮越嶺,1
21770,越嶺千,1
21771,嶺千峰,1
21772,千峰秀,1
21773,峰秀淮,1
21774,秀淮流,1
21775,淮流一,1
21776,流一派,1
21777,一派長,1
21778,派長暫,1
21779,長暫憑,1
21780,暫憑開,1
21781,憑開物,1
21782,開物手,1
21783,物手來,1
21784,手來展,1
21785,來展濟,1
21786,展濟時,1
21787,濟時方,1
21788,時方舊,1
21789,方舊跡,1
21790,舊跡蘭,1
21791,跡蘭亭,1
21792,蘭亭在,1
21793,亭在高,1
21794,在高風,1
21795,高風桂,1
21796,風桂樹,1
21797,桂樹香,1
21798,樹香地,1
21799,香地清,1
21800,地清無,1
21801,清無等,1
21802,無等級,1
21803,等級天,1
21804,級天闊,1
21805,天闊任,1
21806,闊任徊,1
21807,任徊翔,1
21808,徊翔麈,1
21809,翔麈尾,1
21810,麈尾談,1
21811,尾談何,1
21812,談何勝,1
21813,何勝螭,1
21814,勝螭頭,1
21815,螭頭筆,1
21816,頭筆更,1
21817,筆更狂,1
21818,更狂直,1
21819,狂直曾,1
21820,直曾批,1
21821,曾批鳳,1
21822,批鳳詔,1
21823,鳳詔高,1
21824,詔高已,1
21825,高已冠,1
21826,已冠鵷,1
21827,冠鵷行,1
21828,鵷行嘯,1
21829,行嘯傲,1
21830,嘯傲辭,1
21831,傲辭民,1
21832,辭民部,1
21833,民部雍,1
21834,部雍容,1
21835,雍容出,1
21836,容出帝,1
21837,帝鄉趙,1
21838,鄉趙堯,1
21839,趙堯推,1
21840,堯推印,1
21841,推印綬,1
21842,印綬句,1
21843,綬句踐,1
21844,句踐與,1
21845,踐與封,1
21846,與封疆,1
21847,封疆水,1
21848,疆水占,1
21849,水占仙,1
21850,占仙人,1
21851,仙人吹,1
21852,人吹城,1
21853,吹城留,1
21854,城留禦,1
21855,留禦史,1
21856,禦史床,1
21857,史床嘉,1
21858,床嘉賓,1
21859,嘉賓鄒,1
21860,賓鄒潤,1
21861,鄒潤甫,1
21862,潤甫百,1
21863,甫百姓,1
21864,百姓賀,1
21865,姓賀知,1
21866,賀知章,1
21867,知章席,1
21868,章席暖,1
21869,席暖飛,1
21870,暖飛鸚,1
21871,飛鸚鵡,1
21872,鸚鵡塵,1
21873,鵡塵輕,1
21874,塵輕駐,1
21875,輕駐驌,1
21876,駐驌驦,1
21877,驌驦夜,1
21878,驦夜歌,1
21879,夜歌珠,1
21880,歌珠斷,1
21881,珠斷續,1
21882,斷續晴,1
21883,續晴舞,1
21884,晴舞雪,1
21885,舞雪悠,1
21886,雪悠揚,1
21887,悠揚化,1
21888,揚化向,1
21889,化向棠,1
21890,向棠陰,1
21891,棠陰布,1
21892,陰布春,1
21893,布春隨,1
21894,春隨棣,1
21895,隨棣萼,1
21896,棣萼芳,1
21897,萼芳盛,1
21898,芳盛名,1
21899,盛名韜,1
21900,名韜不,1
21901,韜不得,1
21902,不得雄,1
21903,得雄略,1
21904,雄略晦,1
21905,略晦彌,1
21906,晦彌彰,1
21907,彌彰自,1
21908,彰自愧,1
21909,自愧三,1
21910,愧三冬,1
21911,三冬學,1
21912,冬學來,1
21913,學來窺,1
21914,來窺數,1
21915,窺數仞,1
21916,仞牆感,1
21917,牆感深,1
21918,感深惟,1
21919,深惟刻,1
21920,惟刻骨,1
21921,刻骨時,1
21922,骨時去,1
21923,時去欲,1
21924,去欲沾,1
21925,欲沾裳,1
21926,沾裳想,1
21927,裳想望,1
21928,想望魚,1
21929,望魚燒,1
21930,魚燒尾,1
21931,燒尾咨,1
21932,尾咨嗟,1
21933,咨嗟鼠,1
21934,嗟鼠齧,1
21935,鼠齧腸,1
21936,齧腸可,1
21937,腸可能,1
21938,可能因,1
21939,能因蹇,1
21940,因蹇拙,1
21941,蹇拙便,1
21942,拙便合,1
21943,便合老,1
21944,合老滄,1
21945,老滄浪,1
21946,滄浪題,1
21947,浪題柱,1
21948,題柱心,1
21949,柱心猶,1
21950,心猶壯,1
21951,猶壯移,1
21952,壯移山,1
21953,移山志,1
21954,山志不,1
21955,志不忘,1
21956,不忘深,1
21957,忘深慚,1
21958,深慚百,1
21959,慚百般,1
21960,百般病,1
21961,般病今,1
21962,病今日,1
21963,今日問,1
21964,日問醫,1
21965,問醫王,1
21966,醫王金,1
21967,王金庭,1
21968,金庭養,1
21969,庭養真,1
21970,養真地,1
21971,真地珠,1
21972,地珠篆,1
21973,珠篆會,1
21974,篆會稽,1
21975,會稽官,1
21976,稽官境,1
21977,官境勝,1
21978,境勝堪,1
21979,勝堪長,1
21980,堪長往,1
21981,長往時,1
21982,往時危,1
21983,時危喜,1
21984,危喜暫,1
21985,喜暫安,1
21986,暫安洞,1
21987,安洞連,1
21988,洞連滄,1
21989,連滄海,1
21990,滄海闊,1
21991,海闊山,1
21992,闊山擁,1
21993,山擁赤,1
21994,擁赤城,1
21995,赤城寒,1
21996,城寒他,1
21997,寒他日,1
21998,他日拋,1
21999,日拋塵,1
22000,拋塵土,1
22001,塵土因,1
22002,土因君,1
22003,因君擬,1
22004,君擬煉,1
22005,擬煉丹,1
22006,煉丹風,1
22007,丹風簾,1
22008,風簾淅,1
22009,簾淅淅,1
22010,淅淅漏,1
22011,淅漏燈,1
22012,漏燈痕,1
22013,燈痕一,1
22014,痕一半,1
22015,一半秋,1
22016,半秋光,1
22017,秋光此,1
22018,光此夕,1
22019,此夕分,1
22020,夕分天,1
22021,分天為,1
22022,天為素,1
22023,為素娥,1
22024,素娥孀,1
22025,娥孀怨,1
22026,孀怨苦,1
22027,怨苦並,1
22028,苦並教,1
22029,並教西,1
22030,教西北,1
22031,西北起,1
22032,北起浮,1
22033,起浮雲,1
22034,浮雲昆,1
22035,雲昆侖,1
22036,昆侖水,1
22037,侖水色,1
22038,水色九,1
22039,色九般,1
22040,九般流,1
22041,般流飲,1
22042,流飲即,1
22043,飲即神,1
22044,即神仙,1
22045,神仙憩,1
22046,仙憩即,1
22047,憩即休,1
22048,即休敢,1
22049,休敢恨,1
22050,敢恨守,1
22051,恨守株,1
22052,守株曾,1
22053,株曾失,1
22054,曾失意,1
22055,失意始,1
22056,意始知,1
22057,始知緣,1
22058,知緣木,1
22059,緣木更,1
22060,木更難,1
22061,更難求,1
22062,難求鴒,1
22063,求鴒原,1
22064,鴒原謾,1
22065,原謾欲,1
22066,謾欲均,1
22067,欲均餘,1
22068,均餘力,1
22069,餘力鶴,1
22070,力鶴發,1
22071,鶴發那,1
22072,發那堪,1
22073,那堪問,1
22074,堪問舊,1
22075,問舊遊,1
22076,舊遊遙,1
22077,遊遙望,1
22078,遙望北,1
22079,望北辰,1
22080,北辰當,1
22081,辰當上,1
22082,當上國,1
22083,上國羨,1
22084,國羨君,1
22085,君歸棹,1
22086,歸棹五,1
22087,棹五諸,1
22088,五諸侯,1
22089,諸侯雨,1
22090,侯雨灑,1
22091,雨灑江,1
22092,灑江聲,1
22093,江聲風,1
22094,聲風又,1
22095,風又吹,1
22096,又吹扁,1
22097,吹扁舟,1
22098,扁舟正,1
22099,舟正與,1
22100,正與睡,1
22101,與睡相,1
22102,睡相宜,1
22103,相宜無,1
22104,宜無端,1
22105,無端戍,1
22106,端戍鼓,1
22107,戍鼓催,1
22108,鼓催前,1
22109,催前去,1
22110,前去別,1
22111,去別卻,1
22112,別卻青,1
22113,卻青山,1
22114,青山向,1
22115,山向曉,1
22116,向曉時,1
22117,曉時雖,1
22118,時雖被,1
22119,雖被風,1
22120,被風霜,1
22121,風霜競,1
22122,霜競欲,1
22123,競欲催,1
22124,欲催皎,1
22125,催皎然,1
22126,皎然顏,1
22127,然顏色,1
22128,顏色不,1
22129,色不低,1
22130,不低摧,1
22131,低摧已,1
22132,摧已疑,1
22133,已疑素,1
22134,疑素手,1
22135,素手能,1
22136,手能妝,1
22137,能妝出,1
22138,妝出又,1
22139,出又似,1
22140,又似金,1
22141,似金錢,1
22142,金錢未,1
22143,錢未染,1
22144,未染來,1
22145,染來香,1
22146,來香散,1
22147,香散自,1
22148,散自宜,1
22149,自宜飄,1
22150,宜飄淥,1
22151,飄淥酒,1
22152,淥酒葉,1
22153,酒葉交,1
22154,葉交仍,1
22155,交仍得,1
22156,仍得蔭,1
22157,得蔭香,1
22158,蔭香苔,1
22159,香苔尋,1
22160,苔尋思,1
22161,尋思閉,1
22162,思閉戶,1
22163,閉戶中,1
22164,戶中宵,1
22165,中宵見,1
22166,宵見應,1
22167,見應認,1
22168,應認寒,1
22169,認寒窗,1
22170,寒窗雪,1
22171,窗雪一,1
22172,雪一堆,1
22173,一堆解,1
22174,堆解纜,1
22175,解纜隨,1
22176,纜隨江,1
22177,隨江流,1
22178,江流晚,1
22179,流晚泊,1
22180,晚泊古,1
22181,泊古淮,1
22182,古淮岸,1
22183,淮岸歸,1
22184,岸歸雲,1
22185,歸雲送,1
22186,雲送春,1
22187,送春和,1
22188,春和繁,1
22189,和繁星,1
22190,繁星麗,1
22191,星麗雲,1
22192,麗雲漢,1
22193,雲漢春,1
22194,漢春深,1
22195,春深胡,1
22196,深胡雁,1
22197,胡雁飛,1
22198,雁飛人,1
22199,飛人喧,1
22200,人喧水,1
22201,喧水禽,1
22202,水禽散,1
22203,禽散仰,1
22204,散仰君,1
22205,仰君邈,1
22206,君邈難,1
22207,邈難親,1
22208,難親沈,1
22209,親沈思,1
22210,沈思夜,1
22211,思夜將,1
22212,夜將旦,1
22213,將旦歌,1
22214,旦歌敲,1
22215,歌敲玉,1
22216,敲玉唾,1
22217,玉唾壺,1
22218,唾壺醉,1
22219,壺醉擊,1
22220,醉擊珊,1
22221,擊珊瑚,1
22222,珊瑚枝,1
22223,瑚枝石,1
22224,枝石羊,1
22225,石羊妙,1
22226,羊妙善,1
22227,妙善街,1
22228,善街甘,1
22229,街甘露,1
22230,甘露平,1
22231,露平泉,1
22232,平泉碑,1
22233,泉碑捫,1
22234,碑捫苔,1
22235,捫苔想,1
22236,苔想豪,1
22237,想豪傑,1
22238,豪傑剔,1
22239,傑剔蘚,1
22240,剔蘚看,1
22241,蘚看文,1
22242,看文詞,1
22243,文詞歸,1
22244,詞歸來,1
22245,歸來北,1
22246,來北固,1
22247,北固山,1
22248,固山水,1
22249,山水檻,1
22250,水檻光,1
22251,檻光參,1
22252,光參差,1
22253,參差去,1
22254,差去年,1
22255,去年今,1
22256,夜江南,1
22257,江南別,1
22258,南別鴛,1
22259,別鴛鴦,1
22260,鴛鴦翅,1
22261,鴦翅冷,1
22262,翅冷飛,1
22263,冷飛蓬,1
22264,飛蓬爇,1
22265,蓬爇今,1
22266,爇今年,1
22267,今年今,1
22268,夜江北,1
22269,江北邊,1
22270,北邊鯉,1
22271,邊鯉魚,1
22272,鯉魚腸,1
22273,魚腸斷,1
22274,腸斷音,1
22275,斷音書,1
22276,音書絕,1
22277,書絕男,1
22278,絕男兒,1
22279,男兒心,1
22280,兒心事,1
22281,心事無,1
22282,事無了,1
22283,無了時,1
22284,了時出,1
22285,時出門,1
22286,出門上,1
22287,門上馬,1
22288,上馬不,1
22289,馬不自,1
22290,不自知,1
22291,自知勝,1
22292,知勝景,1
22293,勝景天,1
22294,景天然,1
22295,天然別,1
22296,然別精,1
22297,別精神,1
22298,精神入,1
22299,神入畫,1
22300,入畫圖,1
22301,畫圖一,1
22302,圖一山,1
22303,一山分,1
22304,山分四,1
22305,分四頂,1
22306,四頂三,1
22307,頂三面,1
22308,三面瞰,1
22309,面瞰平,1
22310,瞰平湖,1
22311,平湖過,1
22312,湖過夏,1
22313,過夏僧,1
22314,夏僧無,1
22315,僧無熱,1
22316,無熱淩,1
22317,熱淩冬,1
22318,淩冬草,1
22319,冬草不,1
22320,草不枯,1
22321,不枯遊,1
22322,枯遊人,1
22323,遊人來,1
22324,人來至,1
22325,來至此,1
22326,至此願,1
22327,此願剃,1
22328,願剃發,1
22329,剃發和,1
22330,發和須,1
22331,和須臨,1
22332,須臨塘,1
22333,臨塘古,1
22334,塘古廟,1
22335,古廟一,1
22336,廟一神,1
22337,一神仙,1
22338,神仙繡,1
22339,仙繡幌,1
22340,繡幌花,1
22341,幌花容,1
22342,花容色,1
22343,容色儼,1
22344,色儼然,1
22345,儼然為,1
22346,然為逐,1
22347,為逐朝,1
22348,逐朝雲,1
22349,朝雲來,1
22350,雲來此,1
22351,來此地,1
22352,此地因,1
22353,地因隨,1
22354,因隨暮,1
22355,隨暮雨,1
22356,暮雨不,1
22357,雨不歸,1
22358,不歸天,1
22359,歸天眉,1
22360,天眉分,1
22361,眉分初,1
22362,分初月,1
22363,初月湖,1
22364,月湖中,1
22365,湖中鑒,1
22366,中鑒香,1
22367,鑒香散,1
22368,香散餘,1
22369,散餘風,1
22370,餘風竹,1
22371,風竹上,1
22372,竹上煙,1
22373,上煙借,1
22374,煙借問,1
22375,借問邑,1
22376,問邑人,1
22377,邑人沈,1
22378,人沈水,1
22379,沈水事,1
22380,水事已,1
22381,事已經,1
22382,已經秦,1
22383,經秦漢,1
22384,秦漢幾,1
22385,漢幾千,1
22386,幾千年,1
22387,千年朱,1
22388,年朱邸,1
22389,朱邸平,1
22390,邸平臺,1
22391,平臺隔,1
22392,臺隔禁,1
22393,隔禁闈,1
22394,禁闈貴,1
22395,闈貴游,1
22396,貴游陳,1
22397,游陳跡,1
22398,陳跡尚,1
22399,跡尚依,1
22400,尚依稀,1
22401,依稀雲,1
22402,稀雲低,1
22403,雲低雍,1
22404,低雍畤,1
22405,雍畤祈,1
22406,畤祈年,1
22407,祈年去,1
22408,年去雨,1
22409,去雨細,1
22410,雨細長,1
22411,細長楊,1
22412,長楊從,1
22413,楊從獵,1
22414,從獵歸,1
22415,獵歸申,1
22416,歸申白,1
22417,申白賓,1
22418,白賓朋,1
22419,賓朋傳,1
22420,朋傳道,1
22421,傳道義,1
22422,道義應,1
22423,義應劉,1
22424,應劉文,1
22425,劉文彩,1
22426,文彩寄,1
22427,彩寄音,1
22428,寄音徽,1
22429,音徽承,1
22430,徽承平,1
22431,承平舊,1
22432,平舊物,1
22433,舊物惟,1
22434,物惟君,1
22435,惟君盡,1
22436,君盡猶,1
22437,盡猶寫,1
22438,猶寫雕,1
22439,寫雕鞍,1
22440,雕鞍伴,1
22441,鞍伴六,1
22442,伴六飛,1
22443,六飛破,1
22444,飛破暗,1
22445,破暗長,1
22446,暗長明,1
22447,長明世,1
22448,明世代,1
22449,世代深,1
22450,代深煙,1
22451,深煙和,1
22452,煙和香,1
22453,和香氣,1
22454,香氣兩,1
22455,氣兩沉,1
22456,兩沉沉,1
22457,沉沉不,1
22458,沉不知,1
22459,不知初,1
22460,知初點,1
22461,初點人,1
22462,點人何,1
22463,人何在,1
22464,何在只,1
22465,在只見,1
22466,只見當,1
22467,見當年,1
22468,當年火,1
22469,年火至,1
22470,火至今,1
22471,至今曉,1
22472,今曉似,1
22473,曉似紅,1
22474,似紅蓮,1
22475,紅蓮開,1
22476,蓮開沼,1
22477,開沼面,1
22478,沼面夜,1
22479,面夜如,1
22480,夜如寒,1
22481,如寒月,1
22482,寒月鎮,1
22483,月鎮潭,1
22484,鎮潭心,1
22485,潭心孤,1
22486,心孤光,1
22487,孤光自,1
22488,光自有,1
22489,自有龍,1
22490,有龍神,1
22491,龍神護,1
22492,神護雀,1
22493,護雀戲,1
22494,雀戲蛾,1
22495,戲蛾飛,1
22496,蛾飛不,1
22497,飛不敢,1
22498,不敢侵,1
22499,敢侵艱,1
22500,侵艱難,1
22501,艱難別,1
22502,難別離,1
22503,別離久,1
22504,離久中,1
22505,久中外,1
22506,中外往,1
22507,外往還,1
22508,往還深,1
22509,還深已,1
22510,深已改,1
22511,已改當,1
22512,改當時,1
22513,當時發,1
22514,時發空,1
22515,發空餘,1
22516,空餘舊,1
22517,餘舊日,1
22518,舊日心,1
22519,日心累,1
22520,心累年,1
22521,累年無,1
22522,年無的,1
22523,無的信,1
22524,的信每,1
22525,信每夜,1
22526,每夜望,1
22527,夜望邊,1
22528,望邊城,1
22529,邊城袖,1
22530,城袖掩,1
22531,袖掩千,1
22532,掩千行,1
22533,千行淚,1
22534,行淚書,1
22535,淚書封,1
22536,書封一,1
22537,封一尺,1
22538,一尺金,1
22539,尺金自,1
22540,金自到,1
22541,自到西,1
22542,到西川,1
22543,西川住,1
22544,川住惟,1
22545,住惟君,1
22546,惟君別,1
22547,君別有,1
22548,別有情,1
22549,有情常,1
22550,情常逢,1
22551,常逢對,1
22552,逢對門,1
22553,對門遠,1
22554,門遠又,1
22555,遠又隔,1
22556,又隔一,1
22557,隔一重,1
22558,一重城,1
22559,重城巧,1
22560,城巧畫,1
22561,巧畫蛾,1
22562,畫蛾眉,1
22563,蛾眉獨,1
22564,眉獨出,1
22565,獨出群,1
22566,出群當,1
22567,群當時,1
22568,當時人,1
22569,時人道,1
22570,人道便,1
22571,道便承,1
22572,便承恩,1
22573,承恩經,1
22574,恩經年,1
22575,經年不,1
22576,年不見,1
22577,不見君,1
22578,見君王,1
22579,君王面,1
22580,王面落,1
22581,面落日,1
22582,落日黃,1
22583,日黃昏,1
22584,黃昏空,1
22585,昏空掩,1
22586,空掩門,1
22587,掩門卻,1
22588,門卻是,1
22589,卻是平,1
22590,是平流,1
22591,平流無,1
22592,流無石,1
22593,無石處,1
22594,石處時,1
22595,處時時,1
22596,時時聞,1
22597,時聞說,1
22598,聞說有,1
22599,說有沈,1
22600,有沈淪,1
22601,沈淪楚,1
22602,淪楚水,1
22603,楚水悠,1
22604,水悠悠,1
22605,悠悠浸,1
22606,悠浸楚,1
22607,浸楚亭,1
22608,楚亭楚,1
22609,亭楚南,1
22610,楚南天,1
22611,南天地,1
22612,天地兩,1
22613,地兩無,1
22614,兩無情,1
22615,無情忍,1
22616,情忍交,1
22617,忍交孫,1
22618,交孫武,1
22619,孫武重,1
22620,武重泉,1
22621,重泉下,1
22622,泉下不,1
22623,下不見,1
22624,不見時,1
22625,見時人,1
22626,時人說,1
22627,人說用,1
22628,用兵十,1
22629,兵十二,1
22630,十二三,1
22631,二三年,1
22632,三年就,1
22633,年就試,1
22634,就試期,1
22635,試期五,1
22636,期五湖,1
22637,湖煙月,1
22638,煙月奈,1
22639,月奈相,1
22640,奈相違,1
22641,相違何,1
22642,違何如,1
22643,何如買,1
22644,如買取,1
22645,買取胡,1
22646,取胡孫,1
22647,胡孫弄,1
22648,孫弄一,1
22649,弄一笑,1
22650,一笑君,1
22651,笑君王,1
22652,君王便,1
22653,王便著,1
22654,便著緋,1
22655,著緋呂,1
22656,緋呂望,1
22657,呂望當,1
22658,望當年,1
22659,當年展,1
22660,年展廟,1
22661,展廟謨,1
22662,廟謨直,1
22663,謨直鉤,1
22664,直鉤釣,1
22665,鉤釣國,1
22666,釣國更,1
22667,國更誰,1
22668,更誰如,1
22669,誰如若,1
22670,如若教,1
22671,若教生,1
22672,教生在,1
22673,生在西,1
22674,在西湖,1
22675,西湖上,1
22676,湖上也,1
22677,上也是,1
22678,也是須,1
22679,是須供,1
22680,須供使,1
22681,供使宅,1
22682,使宅魚,1
22683,宅魚也,1
22684,魚也知,1
22685,也知有,1
22686,知有意,1
22687,有意吹,1
22688,意吹噓,1
22689,吹噓切,1
22690,噓切爭,1
22691,切爭奈,1
22692,爭奈人,1
22693,奈人間,1
22694,人間善,1
22695,間善惡,1
22696,善惡分,1
22697,惡分但,1
22698,分但是,1
22699,但是秕,1
22700,是秕糠,1
22701,秕糠微,1
22702,糠微細,1
22703,微細物,1
22704,細物等,1
22705,物等閒,1
22706,等閒抬,1
22707,閒抬舉,1
22708,抬舉到,1
22709,舉到青,1
22710,青雲牆,1
22711,雲牆下,1
22712,牆下濃,1
22713,下濃陰,1
22714,濃陰對,1
22715,陰對此,1
22716,對此君,1
22717,此君小,1
22718,君小山,1
22719,小山尖,1
22720,山尖險,1
22721,尖險玉,1
22722,險玉為,1
22723,玉為群,1
22724,為群夜,1
22725,群夜來,1
22726,夜來解,1
22727,來解凍,1
22728,解凍風,1
22729,凍風雖,1
22730,風雖急,1
22731,雖急不,1
22732,急不向,1
22733,不向寒,1
22734,向寒城,1
22735,寒城減,1
22736,城減一,1
22737,減一分,1
22738,一分暖,1
22739,分暖氣,1
22740,暖氣潛,1
22741,氣潛催,1
22742,潛催次,1
22743,催次第,1
22744,次第春,1
22745,第春梅,1
22746,春梅花,1
22747,花已謝,1
22748,已謝杏,1
22749,謝杏花,1
22750,杏花新,1
22751,花新半,1
22752,新半開,1
22753,半開半,1
22754,開半落,1
22755,半落閑,1
22756,落閑園,1
22757,閑園裏,1
22758,園裏何,1
22759,裏何異,1
22760,何異榮,1
22761,異榮枯,1
22762,榮枯世,1
22763,枯世上,1
22764,世上人,1
22765,上人簷,1
22766,人簷前,1
22767,簷前飛,1
22768,前飛雪,1
22769,飛雪扇,1
22770,雪扇前,1
22771,扇前塵,1
22772,前塵千,1
22773,塵千里,1
22774,千里移,1
22775,里移添,1
22776,移添上,1
22777,添上苑,1
22778,上苑春,1
22779,苑春他,1
22780,他日丁,1
22781,日丁甯,1
22782,丁甯柿,1
22783,甯柿林,1
22784,柿林院,1
22785,林院莫,1
22786,院莫宣,1
22787,莫宣恩,1
22788,宣恩澤,1
22789,恩澤與,1
22790,澤與閒,1
22791,閒人餘,1
22792,人餘聲,1
22793,餘聲宛,1
22794,聲宛宛,1
22795,宛宛拂,1
22796,宛拂庭,1
22797,拂庭梅,1
22798,庭梅通,1
22799,梅通濟,1
22800,通濟渠,1
22801,濟渠邊,1
22802,渠邊去,1
22803,邊去又,1
22804,去又回,1
22805,又回若,1
22806,回若使,1
22807,若使煬,1
22808,使煬皇,1
22809,煬皇魂,1
22810,皇魂魄,1
22811,魂魄在,1
22812,魄在為,1
22813,在為君,1
22814,為君應,1
22815,君應合,1
22816,應合過,1
22817,合過江,1
22818,過江來,1
22819,江來黃,1
22820,來黃土,1
22821,黃土原,1
22822,土原邊,1
22823,原邊狡,1
22824,邊狡兔,1
22825,狡兔肥,1
22826,兔肥犬,1
22827,肥犬如,1
22828,犬如流,1
22829,如流電,1
22830,流電馬,1
22831,電馬如,1
22832,馬如飛,1
22833,如飛灞,1
22834,飛灞陵,1
22835,灞陵老,1
22836,陵老將,1
22837,老將無,1
22838,將無功,1
22839,無功業,1
22840,功業猶,1
22841,業猶憶,1
22842,猶憶當,1
22843,憶當時,1
22844,當時夜,1
22845,時夜獵,1
22846,夜獵歸,1
22847,獵歸夏,1
22848,歸夏窗,1
22849,夏窗七,1
22850,窗七葉,1
22851,七葉連,1
22852,葉連陰,1
22853,連陰暗,1
22854,陰暗游,1
22855,暗游城,1
22856,游城南,1
22857,城南記,1
22858,南記杜,1
22859,記杜佑,1
22860,杜佑有,1
22861,佑有別,1
22862,有別墅,1
22863,別墅為,1
22864,墅為城,1
22865,為城南,1
22866,城南之,1
22867,南之最,1
22868,之最有,1
22869,最有樹,1
22870,有樹每,1
22871,樹每朵,1
22872,每朵七,1
22873,朵七葉,1
22874,七葉因,1
22875,葉因以,1
22876,因以為,1
22877,以為名,1
22878,為名隱,1
22879,名隱詩,1
22880,隱詩紀,1
22881,詩紀之,1
22882,紀之賴,1
22883,之賴家,1
22884,賴家橋,1
22885,家橋上,1
22886,橋上潏,1
22887,上潏河,1
22888,潏河邊,1
22889,河邊隱,1
22890,邊隱又,1
22891,隱又有,1
22892,又有城,1
22893,有城南,1
22894,城南雜,1
22895,南雜感,1
22896,感詩其,1
22897,詩其題,1
22898,其題有,1
22899,題有景,1
22900,有景星,1
22901,景星觀,1
22902,星觀姚,1
22903,觀姚家,1
22904,姚家園,1
22905,家園葉,1
22906,園葉家,1
22907,葉家林,1
22908,家林及,1
22909,林及此,1
22910,及此句,1
22911,此句今,1
22912,句今雜,1
22913,今雜感,1
22914,感詩亡,1
22915,詩亡細,1
22916,亡細看,1
22917,細看月,1
22918,看月輪,1
22919,月輪真,1
22920,輪真有,1
22921,真有意,1
22922,有意已,1
22923,意已知,1
22924,已知青,1
22925,知青桂,1
22926,青桂近,1
22927,桂近嫦,1
22928,近嫦娥,1
22929,嫦娥曾,1
22930,娥曾公,1
22931,曾公類,1
22932,公類苑,1
22933,類苑裴,1
22934,苑裴筠,1
22935,裴筠娶,1
22936,筠娶簫,1
22937,娶簫楚,1
22938,簫楚公,1
22939,楚公女,1
22940,公女便,1
22941,女便擢,1
22942,便擢進,1
22943,擢進士,1
22944,進士隱,1
22945,士隱詩,1
22946,隱詩云,1
22947,詩云云,1
22948,云云一,1
22949,云一個,1
22950,一個禰,1
22951,個禰衡,1
22952,禰衡容,1
22953,衡容不,1
22954,容不得,1
22955,不得思,1
22956,得思量,1
22957,思量黃,1
22958,量黃祖,1
22959,黃祖謾,1
22960,祖謾英,1
22961,謾英雄,1
22962,英雄吳,1
22963,雄吳越,1
22964,吳越備,1
22965,越備史,1
22966,備史隱,1
22967,史隱初,1
22968,隱初見,1
22969,初見錢,1
22970,見錢鏐,1
22971,錢鏐懼,1
22972,鏐懼不,1
22973,懼不見,1
22974,不見用,1
22975,見用遂,1
22976,用遂以,1
22977,遂以所,1
22978,以所為,1
22979,所為夏,1
22980,為夏口,1
22981,夏口詩,1
22982,口詩標,1
22983,詩標於,1
22984,標於卷,1
22985,於卷末,1
22986,卷末云,1
22987,末云云,1
22988,云云鏐,1
22989,云鏐覽,1
22990,鏐覽之,1
22991,覽之大,1
22992,之大笑,1
22993,大笑因,1
22994,笑因加,1
22995,因加殊,1
22996,加殊遇,1
22997,殊遇張,1
22998,遇張華,1
22999,張華謾,1
23000,華謾出,1
23001,謾出如,1
23002,出如丹,1
23003,如丹語,1
23004,丹語不,1
23005,語不及,1
23006,不及劉,1
23007,及劉侯,1
23008,劉侯一,1
23009,侯一紙,1
23010,一紙書,1
23011,紙書鑒,1
23012,書鑒戒,1
23013,鑒戒錄,1
23014,戒錄雲,1
23015,錄雲鄭,1
23016,雲鄭畋,1
23017,鄭畋女,1
23018,畋女喜,1
23019,女喜隱,1
23020,喜隱此,1
23021,隱此詩,1
23022,此詩山,1
23023,詩山雨,1
23024,山雨霏,1
23025,雨霏微,1
23026,霏微宿,1
23027,微宿上,1
23028,宿上亭,1
23029,上亭雨,1
23030,亭雨中,1
23031,雨中因,1
23032,中因想,1
23033,因想雨,1
23034,想雨淋,1
23035,雨淋鈴,1
23036,淋鈴老,1
23037,鈴老僧,1
23038,老僧齋,1
23039,僧齋罷,1
23040,齋罷關,1
23041,罷關門,1
23042,關門睡,1
23043,門睡不,1
23044,睡不管,1
23045,不管波,1
23046,管波濤,1
23047,波濤四,1
23048,濤四面,1
23049,四面生,1
23050,面生金,1
23051,生金山,1
23052,金山僧,1
23053,山僧院,1
23054,僧院詩,1
23055,院詩話,1
23056,詩話總,1
23057,話總龜,1
23058,總龜朦,1
23059,龜朦朧,1
23060,朦朧南,1
23061,朧南溟,1
23062,南溟月,1
23063,溟月洶,1
23064,月洶湧,1
23065,洶湧出,1
23066,湧出雲,1
23067,出雲濤,1
23068,雲濤下,1
23069,濤下射,1
23070,下射長,1
23071,射長鯨,1
23072,長鯨眼,1
23073,鯨眼遙,1
23074,眼遙分,1
23075,遙分玉,1
23076,分玉兔,1
23077,玉兔毫,1
23078,兔毫勢,1
23079,毫勢來,1
23080,勢來牛,1
23081,來牛鬥,1
23082,牛鬥動,1
23083,鬥動路,1
23084,動路越,1
23085,路越宵,1
23086,越宵冥,1
23087,宵冥高,1
23088,冥高竟,1
23089,高竟夕,1
23090,竟夕瞻,1
23091,夕瞻光,1
23092,瞻光影,1
23093,光影昂,1
23094,影昂頭,1
23095,昂頭把,1
23096,頭把白,1
23097,把白醪,1
