排名,詞彙,出現次數
1,殘雲歸太華,3
2,雲歸太華疏,3
3,歸太華疏雨,3
4,太華疏雨過,3
5,華疏雨過中,3
6,疏雨過中條,3
7,酒盡青山暮,3
8,里書回碧樹,3
9,書回碧樹秋,3
10,淮南人已悲,2
11,家林晚鳥爭,2
12,林晚鳥爭樹,2
13,晚鳥爭樹園,2
14,鳥爭樹園春,2
15,長亭酒一瓢,2
16,亭酒一瓢殘,2
17,酒一瓢殘雲,2
18,一瓢殘雲歸,2
19,瓢殘雲歸太,2
20,雨過中條樹,2
21,過中條樹色,2
22,中條樹色隨,2
23,風雨下西樓,2
24,鹿裘烏角巾,2
25,雙岩瀉一川,2
26,古廟陰風地,2
27,廟陰風地寒,2
28,陰風地寒鐘,2
29,風地寒鐘暮,2
30,地寒鐘暮雨,2
31,寒鐘暮雨天,2
32,鐘暮雨天沙,2
33,暮雨天沙虛,2
34,雨天沙虛留,2
35,天沙虛留虎,2
36,沙虛留虎跡,2
37,虛留虎跡水,2
38,留虎跡水滑,2
39,虎跡水滑帶,2
40,跡水滑帶龍,2
41,水滑帶龍涎,2
42,帆石梯迎雨,2
43,湘潭雲盡暮,2
44,潭雲盡暮山,2
45,雲盡暮山出,2
46,盡暮山出巴,2
47,暮山出巴蜀,2
48,山出巴蜀雪,2
49,出巴蜀雪消,2
50,巴蜀雪消春,2
51,蜀雪消春水,2
52,雪消春水來,2
53,一尊酒盡青,2
54,尊酒盡青山,2
55,盡青山暮千,2
56,青山暮千里,2
57,山暮千里書,2
58,暮千里書回,2
59,千里書回碧,2
60,書劍功遲白,2
61,劍功遲白髮,2
62,功遲白髮新,2
63,楚客送僧歸,2
64,海門帆勢極,2
65,門帆勢極瀟,2
66,帆勢極瀟湘,2
67,勢極瀟湘碧,2
68,極瀟湘碧雲,2
69,瀟湘碧雲千,2
70,湘碧雲千里,2
71,碧雲千里暮,2
72,雲千里暮愁,2
73,千里暮愁合,2
74,里暮愁合白,2
75,暮愁合白雪,2
76,愁合白雪一,2
77,合白雪一聲,2
78,白雪一聲春,2
79,雪一聲春思,2
80,一聲春思長,2
81,隨暮雨百年,2
82,暮雨百年無,2
83,雨百年無節,2
84,百年無節待,2
85,年無節待秋,2
86,無節待秋霜,2
87,節待秋霜重,2
88,待秋霜重尋,2
89,秋霜重尋繡,2
90,霜重尋繡帶,2
91,重尋繡帶朱,2
92,尋繡帶朱藤,2
93,繡帶朱藤合,2
94,帶朱藤合更,2
95,朱藤合更認,2
96,藤合更認羅,2
97,合更認羅裙,2
98,更認羅裙碧,2
99,認羅裙碧草,2
100,羅裙碧草長,2
101,黃花釀酒濃,2
102,花釀酒濃山,2
103,日斜喧鳥雀,2
104,斜喧鳥雀石,2
105,喧鳥雀石潭,2
106,鳥雀石潭波,2
107,雀石潭波動,2
108,石潭波動戲,2
109,潭波動戲魚,2
110,波動戲魚龍,2
111,心在重霄鬢,2
112,別思悠悠一,2
113,玉樹後庭花,2
114,為儒白髮生,1
115,儒白髮生鄉,1
116,白髮生鄉里,1
117,髮生鄉里早,1
118,生鄉里早聞,1
119,鄉里早聞名,1
120,里早聞名暖,1
121,早聞名暖酒,1
122,聞名暖酒雪,1
123,名暖酒雪初,1
124,暖酒雪初下,1
125,酒雪初下讀,1
126,雪初下讀書,1
127,初下讀書山,1
128,下讀書山欲,1
129,讀書山欲明,1
130,書山欲明字,1
131,山欲明字形,1
132,欲明字形翻,1
133,明字形翻鳥,1
134,字形翻鳥跡,1
135,形翻鳥跡詩,1
136,翻鳥跡詩調,1
137,鳥跡詩調合,1
138,跡詩調合猿,1
139,詩調合猿聲,1
140,調合猿聲門,1
141,合猿聲門外,1
142,猿聲門外滄,1
143,聲門外滄浪,1
144,門外滄浪水,1
145,外滄浪水知,1
146,滄浪水知君,1
147,浪水知君欲,1
148,水知君欲濯,1
149,知君欲濯纓,1
150,君欲濯纓飛,1
151,欲濯纓飛舞,1
152,濯纓飛舞北,1
153,纓飛舞北風,1
154,飛舞北風涼,1
155,舞北風涼玉,1
156,北風涼玉人,1
157,風涼玉人歌,1
158,涼玉人歌玉,1
159,玉人歌玉堂,1
160,人歌玉堂簾,1
161,歌玉堂簾帷,1
162,玉堂簾帷增,1
163,堂簾帷增曙,1
164,簾帷增曙色,1
165,帷增曙色珠,1
166,增曙色珠翠,1
167,曙色珠翠發,1
168,色珠翠發寒,1
169,珠翠發寒光,1
170,翠發寒光柳,1
171,發寒光柳重,1
172,寒光柳重絮,1
173,光柳重絮微,1
174,柳重絮微濕,1
175,重絮微濕梅,1
176,絮微濕梅繁,1
177,微濕梅繁花,1
178,濕梅繁花未,1
179,梅繁花未香,1
180,繁花未香茲,1
181,花未香茲辰,1
182,未香茲辰賀,1
183,香茲辰賀豐,1
184,茲辰賀豐歲,1
185,辰賀豐歲簫,1
186,賀豐歲簫鼓,1
187,豐歲簫鼓宴,1
188,歲簫鼓宴梁,1
189,簫鼓宴梁王,1
190,鼓宴梁王筇,1
191,宴梁王筇杖,1
192,梁王筇杖倚,1
193,王筇杖倚柴,1
194,筇杖倚柴關,1
195,杖倚柴關都,1
196,倚柴關都城,1
197,柴關都城賣,1
198,關都城賣蔔,1
199,都城賣蔔還,1
200,城賣蔔還雨,1
201,賣蔔還雨中,1
202,蔔還雨中耕,1
203,還雨中耕白,1
204,雨中耕白水,1
205,中耕白水雲,1
206,耕白水雲外,1
207,白水雲外劚,1
208,水雲外劚青,1
209,雲外劚青山,1
210,外劚青山有,1
211,劚青山有藥,1
212,青山有藥身,1
213,山有藥身長,1
214,有藥身長健,1
215,藥身長健無,1
216,身長健無機,1
217,長健無機性,1
218,健無機性自,1
219,無機性自閑,1
220,機性自閑即,1
221,性自閑即應,1
222,自閑即應生,1
223,閑即應生羽,1
224,即應生羽翼,1
225,應生羽翼華,1
226,生羽翼華表,1
227,羽翼華表在,1
228,翼華表在人,1
229,華表在人間,1
230,表在人間遙,1
231,在人間遙夜,1
232,人間遙夜泛,1
233,間遙夜泛清,1
234,遙夜泛清瑟,1
235,夜泛清瑟西,1
236,泛清瑟西風,1
237,清瑟西風生,1
238,瑟西風生翠,1
239,西風生翠蘿,1
240,風生翠蘿殘,1
241,生翠蘿殘螢,1
242,翠蘿殘螢委,1
243,蘿殘螢委玉,1
244,殘螢委玉露,1
245,螢委玉露早,1
246,委玉露早雁,1
247,玉露早雁拂,1
248,露早雁拂銀,1
249,早雁拂銀河,1
250,雁拂銀河高,1
251,拂銀河高樹,1
252,銀河高樹曉,1
253,河高樹曉還,1
254,高樹曉還密,1
255,樹曉還密遠,1
256,曉還密遠山,1
257,還密遠山晴,1
258,密遠山晴更,1
259,遠山晴更多,1
260,山晴更多淮,1
261,晴更多淮南,1
262,更多淮南一,1
263,多淮南一葉,1
264,淮南一葉下,1
265,南一葉下自,1
266,一葉下自覺,1
267,葉下自覺老,1
268,下自覺老煙,1
269,自覺老煙波,1
270,覺老煙波一,1
271,老煙波一葉,1
272,煙波一葉下,1
273,波一葉下前,1
274,一葉下前墀,1
275,葉下前墀淮,1
276,下前墀淮南,1
277,前墀淮南人,1
278,墀淮南人已,1
279,南人已悲蹉,1
280,人已悲蹉跎,1
281,已悲蹉跎青,1
282,悲蹉跎青漢,1
283,蹉跎青漢望,1
284,跎青漢望迢,1
285,青漢望迢遞,1
286,漢望迢遞白,1
287,望迢遞白雲,1
288,迢遞白雲期,1
289,遞白雲期老,1
290,白雲期老信,1
291,雲期老信相,1
292,期老信相如,1
293,老信相如渴,1
294,信相如渴貧,1
295,相如渴貧憂,1
296,如渴貧憂曼,1
297,渴貧憂曼倩,1
298,貧憂曼倩饑,1
299,憂曼倩饑生,1
300,曼倩饑生公,1
301,倩饑生公與,1
302,饑生公與園,1
303,生公與園吏,1
304,公與園吏何,1
305,與園吏何處,1
306,園吏何處是,1
307,吏何處是吾,1
308,何處是吾師,1
309,處是吾師薊,1
310,是吾師薊北,1
311,吾師薊北雁,1
312,師薊北雁猶,1
313,薊北雁猶遠,1
314,北雁猶遠淮,1
315,雁猶遠淮南,1
316,猶遠淮南人,1
317,遠淮南人已,1
318,南人已悲殘,1
319,人已悲殘桃,1
320,已悲殘桃間,1
321,悲殘桃間墮,1
322,殘桃間墮井,1
323,桃間墮井新,1
324,間墮井新菊,1
325,墮井新菊亦,1
326,井新菊亦侵,1
327,新菊亦侵籬,1
328,菊亦侵籬書,1
329,亦侵籬書劍,1
330,侵籬書劍豈,1
331,籬書劍豈相,1
332,書劍豈相誤,1
333,劍豈相誤琴,1
334,豈相誤琴尊,1
335,相誤琴尊聊,1
336,誤琴尊聊自,1
337,琴尊聊自持,1
338,尊聊自持西,1
339,聊自持西齋,1
340,自持西齋風,1
341,持西齋風雨,1
342,西齋風雨夜,1
343,齋風雨夜更,1
344,風雨夜更有,1
345,雨夜更有詠,1
346,夜更有詠貧,1
347,更有詠貧詩,1
348,有詠貧詩一,1
349,詠貧詩一衲,1
350,貧詩一衲老,1
351,詩一衲老禪,1
352,一衲老禪床,1
353,衲老禪床吾,1
354,老禪床吾生,1
355,禪床吾生半,1
356,床吾生半異,1
357,吾生半異鄉,1
358,生半異鄉管,1
359,半異鄉管弦,1
360,異鄉管弦愁,1
361,鄉管弦愁裏,1
362,管弦愁裏老,1
363,弦愁裏老書,1
364,愁裏老書劍,1
365,裏老書劍夢,1
366,老書劍夢中,1
367,書劍夢中忙,1
368,劍夢中忙鳥,1
369,夢中忙鳥急,1
370,中忙鳥急山,1
371,忙鳥急山初,1
372,鳥急山初暝,1
373,急山初暝蟬,1
374,山初暝蟬稀,1
375,初暝蟬稀樹,1
376,暝蟬稀樹正,1
377,蟬稀樹正涼,1
378,稀樹正涼又,1
379,樹正涼又歸,1
380,正涼又歸何,1
381,涼又歸何處,1
382,又歸何處去,1
383,歸何處去塵,1
384,何處去塵路,1
385,處去塵路月,1
386,去塵路月蒼,1
387,塵路月蒼蒼,1
388,路月蒼蒼書,1
389,月蒼蒼書劍,1
390,蒼蒼書劍南,1
391,蒼書劍南歸,1
392,書劍南歸去,1
393,劍南歸去山,1
394,南歸去山扉,1
395,歸去山扉別,1
396,去山扉別幾,1
397,山扉別幾年,1
398,扉別幾年苔,1
399,別幾年苔侵,1
400,幾年苔侵岩,1
401,年苔侵岩下,1
402,苔侵岩下路,1
403,侵岩下路果,1
404,岩下路果落,1
405,下路果落洞,1
406,路果落洞中,1
407,果落洞中泉,1
408,落洞中泉紅,1
409,洞中泉紅葉,1
410,中泉紅葉高,1
411,泉紅葉高齋,1
412,紅葉高齋雨,1
413,葉高齋雨青,1
414,高齋雨青蘿,1
415,齋雨青蘿曲,1
416,雨青蘿曲檻,1
417,青蘿曲檻煙,1
418,蘿曲檻煙甯,1
419,曲檻煙甯知,1
420,檻煙甯知遠,1
421,煙甯知遠遊,1
422,甯知遠遊客,1
423,知遠遊客羸,1
424,遠遊客羸馬,1
425,遊客羸馬太,1
426,客羸馬太行,1
427,羸馬太行前,1
428,馬太行前詩,1
429,太行前詩僧,1
430,行前詩僧與,1
431,前詩僧與釣,1
432,詩僧與釣翁,1
433,僧與釣翁千,1
434,與釣翁千里,1
435,釣翁千里兩,1
436,翁千里兩情,1
437,千里兩情通,1
438,里兩情通雲,1
439,兩情通雲帶,1
440,情通雲帶雁,1
441,通雲帶雁門,1
442,雲帶雁門雪,1
443,帶雁門雪水,1
444,雁門雪水連,1
445,門雪水連漁,1
446,雪水連漁浦,1
447,水連漁浦風,1
448,連漁浦風心,1
449,漁浦風心期,1
450,浦風心期榮,1
451,風心期榮辱,1
452,心期榮辱外,1
453,期榮辱外名,1
454,榮辱外名掛,1
455,辱外名掛是,1
456,外名掛是非,1
457,名掛是非中,1
458,掛是非中歲,1
459,是非中歲晚,1
460,非中歲晚亦,1
461,中歲晚亦歸,1
462,歲晚亦歸去,1
463,晚亦歸去田,1
464,亦歸去田園,1
465,歸去田園清,1
466,去田園清洛,1
467,田園清洛東,1
468,園清洛東何,1
469,清洛東何處,1
470,洛東何處是,1
471,東何處是西,1
472,何處是西林,1
473,處是西林疏,1
474,是西林疏鐘,1
475,西林疏鐘複,1
476,林疏鐘複遠,1
477,疏鐘複遠砧,1
478,鐘複遠砧雁,1
479,複遠砧雁來,1
480,遠砧雁來秋,1
481,砧雁來秋水,1
482,雁來秋水闊,1
483,來秋水闊鴉,1
484,秋水闊鴉盡,1
485,水闊鴉盡夕,1
486,闊鴉盡夕陽,1
487,鴉盡夕陽沉,1
488,盡夕陽沉婚,1
489,夕陽沉婚嫁,1
490,陽沉婚嫁乖,1
491,沉婚嫁乖前,1
492,婚嫁乖前志,1
493,嫁乖前志功,1
494,乖前志功名,1
495,前志功名異,1
496,志功名異夙,1
497,功名異夙心,1
498,名異夙心湯,1
499,異夙心湯師,1
500,夙心湯師不,1
501,心湯師不可,1
502,湯師不可問,1
503,師不可問江,1
504,不可問江上,1
505,可問江上碧,1
506,問江上碧雲,1
507,江上碧雲深,1
508,上碧雲深桂,1
509,碧雲深桂樹,1
510,雲深桂樹綠,1
511,深桂樹綠層,1
512,桂樹綠層層,1
513,樹綠層層風,1
514,綠層層風微,1
515,層層風微煙,1
516,層風微煙露,1
517,風微煙露凝,1
518,微煙露凝簷,1
519,煙露凝簷楹,1
520,露凝簷楹銜,1
521,凝簷楹銜落,1
522,簷楹銜落月,1
523,楹銜落月幃,1
524,銜落月幃幌,1
525,落月幃幌映,1
526,月幃幌映殘,1
527,幃幌映殘燈,1
528,幌映殘燈蘄,1
529,映殘燈蘄簟,1
530,殘燈蘄簟曙,1
531,燈蘄簟曙香,1
532,蘄簟曙香冷,1
533,簟曙香冷越,1
534,曙香冷越瓶,1
535,香冷越瓶秋,1
536,冷越瓶秋水,1
537,越瓶秋水澄,1
538,瓶秋水澄心,1
539,秋水澄心閑,1
540,水澄心閑即,1
541,澄心閑即無,1
542,心閑即無事,1
543,閑即無事何,1
544,即無事何異,1
545,無事何異住,1
546,事何異住山,1
547,何異住山僧,1
548,異住山僧殘,1
549,住山僧殘月,1
550,山僧殘月皓,1
551,僧殘月皓煙,1
552,殘月皓煙露,1
553,月皓煙露掩,1
554,皓煙露掩門,1
555,煙露掩門深,1
556,露掩門深竹,1
557,掩門深竹齋,1
558,門深竹齋水,1
559,深竹齋水蟲,1
560,竹齋水蟲鳴,1
561,齋水蟲鳴曲,1
562,水蟲鳴曲檻,1
563,蟲鳴曲檻山,1
564,鳴曲檻山鳥,1
565,曲檻山鳥下,1
566,檻山鳥下空,1
567,山鳥下空階,1
568,鳥下空階清,1
569,下空階清鏡,1
570,空階清鏡曉,1
571,階清鏡曉看,1
572,清鏡曉看發,1
573,鏡曉看發素,1
574,曉看發素琴,1
575,看發素琴秋,1
576,發素琴秋寄,1
577,素琴秋寄懷,1
578,琴秋寄懷因,1
579,秋寄懷因知,1
580,寄懷因知北,1
581,懷因知北窗,1
582,因知北窗客,1
583,知北窗客日,1
584,北窗客日與,1
585,窗客日與世,1
586,客日與世情,1
587,日與世情乖,1
588,與世情乖南,1
589,世情乖南北,1
590,情乖南北信,1
591,乖南北信多,1
592,南北信多岐,1
593,北信多岐生,1
594,信多岐生涯,1
595,多岐生涯半,1
596,岐生涯半別,1
597,生涯半別離,1
598,涯半別離地,1
599,半別離地窮,1
600,別離地窮山,1
601,離地窮山盡,1
602,地窮山盡處,1
603,窮山盡處江,1
604,山盡處江泛,1
605,盡處江泛水,1
606,處江泛水寒,1
607,江泛水寒時,1
608,泛水寒時露,1
609,水寒時露曉,1
610,寒時露曉蒹,1
611,時露曉蒹葭,1
612,露曉蒹葭重,1
613,曉蒹葭重霜,1
614,蒹葭重霜晴,1
615,葭重霜晴橘,1
616,重霜晴橘柚,1
617,霜晴橘柚垂,1
618,晴橘柚垂無,1
619,橘柚垂無勞,1
620,柚垂無勞促,1
621,垂無勞促回,1
622,無勞促回楫,1
623,勞促回楫千,1
624,促回楫千里,1
625,回楫千里有,1
626,楫千里有心,1
627,千里有心期,1
628,里有心期月,1
629,有心期月沉,1
630,心期月沉霜,1
631,期月沉霜已,1
632,月沉霜已凝,1
633,沉霜已凝無,1
634,霜已凝無夢,1
635,已凝無夢竟,1
636,凝無夢竟寒,1
637,無夢竟寒燈,1
638,夢竟寒燈寄,1
639,竟寒燈寄世,1
640,寒燈寄世何,1
641,燈寄世何殊,1
642,寄世何殊客,1
643,世何殊客修,1
644,何殊客修身,1
645,殊客修身未,1
646,客修身未到,1
647,修身未到僧,1
648,身未到僧二,1
649,未到僧二毛,1
650,到僧二毛梳,1
651,僧二毛梳上,1
652,二毛梳上雪,1
653,毛梳上雪雙,1
654,梳上雪雙淚,1
655,上雪雙淚枕,1
656,雪雙淚枕前,1
657,雙淚枕前冰,1
658,淚枕前冰借,1
659,枕前冰借問,1
660,前冰借問曹,1
661,冰借問曹溪,1
662,借問曹溪路,1
663,問曹溪路山,1
664,曹溪路山多,1
665,溪路山多路,1
666,路山多路幾,1
667,山多路幾層,1
668,多路幾層城,1
669,路幾層城勢,1
670,幾層城勢已,1
671,層城勢已坡,1
672,城勢已坡陀,1
673,勢已坡陀城,1
674,已坡陀城邊,1
675,坡陀城邊東,1
676,陀城邊東逝,1
677,城邊東逝波,1
678,邊東逝波綠,1
679,東逝波綠桑,1
680,逝波綠桑非,1
681,波綠桑非苑,1
682,綠桑非苑樹,1
683,桑非苑樹青,1
684,非苑樹青草,1
685,苑樹青草是,1
686,樹青草是宮,1
687,青草是宮莎,1
688,草是宮莎山,1
689,是宮莎山暝,1
690,宮莎山暝牛,1
691,莎山暝牛羊,1
692,山暝牛羊少,1
693,暝牛羊少水,1
694,牛羊少水寒,1
695,羊少水寒鳧,1
696,少水寒鳧雁,1
697,水寒鳧雁多,1
698,寒鳧雁多因,1
699,鳧雁多因高,1
700,雁多因高一,1
701,多因高一回,1
702,因高一回首,1
703,高一回首還,1
704,一回首還詠,1
705,回首還詠黍,1
706,首還詠黍離,1
707,還詠黍離歌,1
708,詠黍離歌誰,1
709,黍離歌誰家,1
710,離歌誰家歌,1
711,歌誰家歌嫋,1
712,誰家歌嫋嫋,1
713,家歌嫋嫋孤,1
714,歌嫋嫋孤枕,1
715,嫋嫋孤枕在,1
716,嫋孤枕在西,1
717,孤枕在西樓,1
718,枕在西樓竹,1
719,在西樓竹色,1
720,西樓竹色寒,1
721,樓竹色寒清,1
722,竹色寒清簟,1
723,色寒清簟松,1
724,寒清簟松香,1
725,清簟松香染,1
726,簟松香染翠,1
727,松香染翠幬,1
728,香染翠幬月,1
729,染翠幬月移,1
730,翠幬月移珠,1
731,幬月移珠殿,1
732,月移珠殿曉,1
733,移珠殿曉風,1
734,珠殿曉風遞,1
735,殿曉風遞玉,1
736,曉風遞玉箏,1
737,風遞玉箏秋,1
738,遞玉箏秋日,1
739,玉箏秋日出,1
740,箏秋日出應,1
741,秋日出應移,1
742,日出應移棹,1
743,出應移棹三,1
744,應移棹三湘,1
745,移棹三湘萬,1
746,棹三湘萬里,1
747,三湘萬里愁,1
748,湘萬里愁霜,1
749,萬里愁霜霰,1
750,里愁霜霰不,1
751,愁霜霰不凋,1
752,霜霰不凋色,1
753,霰不凋色兩,1
754,不凋色兩株,1
755,凋色兩株交,1
756,色兩株交石,1
757,兩株交石壇,1
758,株交石壇未,1
759,交石壇未秋,1
760,石壇未秋紅,1
761,壇未秋紅實,1
762,未秋紅實淺,1
763,秋紅實淺經,1
764,紅實淺經夏,1
765,實淺經夏綠,1
766,淺經夏綠陰,1
767,經夏綠陰寒,1
768,夏綠陰寒露,1
769,綠陰寒露重,1
770,陰寒露重蟬,1
771,寒露重蟬鳴,1
772,露重蟬鳴急,1
773,重蟬鳴急風,1
774,蟬鳴急風多,1
775,鳴急風多鳥,1
776,急風多鳥宿,1
777,風多鳥宿難,1
778,多鳥宿難何,1
779,鳥宿難何如,1
780,宿難何如西,1
781,難何如西禁,1
782,何如西禁柳,1
783,如西禁柳晴,1
784,西禁柳晴舞,1
785,禁柳晴舞玉,1
786,柳晴舞玉闌,1
787,晴舞玉闌幹,1
788,舞玉闌幹商,1
789,玉闌幹商洛,1
790,闌幹商洛轉,1
791,幹商洛轉江,1
792,商洛轉江濆,1
793,洛轉江濆一,1
794,轉江濆一杯,1
795,江濆一杯聊,1
796,濆一杯聊送,1
797,一杯聊送君,1
798,杯聊送君劍,1
799,聊送君劍愁,1
800,送君劍愁龍,1
801,君劍愁龍失,1
802,劍愁龍失伴,1
803,愁龍失伴琴,1
804,龍失伴琴怨,1
805,失伴琴怨鶴,1
806,伴琴怨鶴離,1
807,琴怨鶴離群,1
808,怨鶴離群楚,1
809,鶴離群楚驛,1
810,離群楚驛枕,1
811,群楚驛枕秋,1
812,楚驛枕秋水,1
813,驛枕秋水湘,1
814,枕秋水湘帆,1
815,秋水湘帆淩,1
816,水湘帆淩暮,1
817,湘帆淩暮雲,1
818,帆淩暮雲猿,1
819,淩暮雲猿聲,1
820,暮雲猿聲斷,1
821,雲猿聲斷腸,1
822,猿聲斷腸夜,1
823,聲斷腸夜應,1
824,斷腸夜應向,1
825,腸夜應向雨,1
826,夜應向雨中,1
827,應向雨中聞,1
828,向雨中聞西,1
829,雨中聞西風,1
830,中聞西風帆,1
831,聞西風帆勢,1
832,西風帆勢輕,1
833,風帆勢輕南,1
834,帆勢輕南浦,1
835,勢輕南浦遍,1
836,輕南浦遍離,1
837,南浦遍離情,1
838,浦遍離情菊,1
839,遍離情菊豔,1
840,離情菊豔含,1
841,情菊豔含秋,1
842,菊豔含秋水,1
843,豔含秋水荷,1
844,含秋水荷花,1
845,秋水荷花遞,1
846,水荷花遞雨,1
847,荷花遞雨聲,1
848,花遞雨聲扣,1
849,遞雨聲扣舷,1
850,雨聲扣舷灘,1
851,聲扣舷灘鳥,1
852,扣舷灘鳥沒,1
853,舷灘鳥沒移,1
854,灘鳥沒移棹,1
855,鳥沒移棹草,1
856,沒移棹草蟲,1
857,移棹草蟲鳴,1
858,棹草蟲鳴更,1
859,草蟲鳴更憶,1
860,蟲鳴更憶前,1
861,鳴更憶前年,1
862,更憶前年別,1
863,憶前年別槐,1
864,前年別槐花,1
865,年別槐花滿,1
866,別槐花滿鳳,1
867,槐花滿鳳城,1
868,花滿鳳城珍,1
869,滿鳳城珍禽,1
870,鳳城珍禽暫,1
871,城珍禽暫不,1
872,珍禽暫不扃,1
873,禽暫不扃飛,1
874,暫不扃飛舞,1
875,不扃飛舞躍,1
876,扃飛舞躍前,1
877,飛舞躍前庭,1
878,舞躍前庭翠,1
879,躍前庭翠網,1
880,前庭翠網摧,1
881,庭翠網摧金,1
882,翠網摧金距,1
883,網摧金距雕,1
884,摧金距雕籠,1
885,金距雕籠減,1
886,距雕籠減繡,1
887,雕籠減繡翎,1
888,籠減繡翎月,1
889,減繡翎月圓,1
890,繡翎月圓疑,1
891,翎月圓疑望,1
892,月圓疑望鏡,1
893,圓疑望鏡花,1
894,疑望鏡花暖,1
895,望鏡花暖似,1
896,鏡花暖似依,1
897,花暖似依屏,1
898,暖似依屏何,1
899,似依屏何必,1
900,依屏何必舊,1
901,屏何必舊巢,1
902,何必舊巢去,1
903,必舊巢去山,1
904,舊巢去山山,1
905,巢去山山芳,1
906,去山山芳草,1
907,山山芳草青,1
908,山芳草青昔,1
909,芳草青昔年,1
910,草青昔年雙,1
911,青昔年雙頡,1
912,昔年雙頡頏,1
913,年雙頡頏池,1
914,雙頡頏池上,1
915,頡頏池上靄,1
916,頏池上靄春,1
917,池上靄春暉,1
918,上靄春暉霄,1
919,靄春暉霄漢,1
920,春暉霄漢力,1
921,暉霄漢力猶,1
922,霄漢力猶怯,1
923,漢力猶怯稻,1
924,力猶怯稻粱,1
925,猶怯稻粱心,1
926,怯稻粱心已,1
927,稻粱心已違,1
928,粱心已違蘆,1
929,心已違蘆洲,1
930,已違蘆洲寒,1
931,違蘆洲寒獨,1
932,蘆洲寒獨宿,1
933,洲寒獨宿榆,1
934,寒獨宿榆塞,1
935,獨宿榆塞夜,1
936,宿榆塞夜孤,1
937,榆塞夜孤飛,1
938,塞夜孤飛不,1
939,夜孤飛不及,1
940,孤飛不及營,1
941,飛不及營巢,1
942,不及營巢燕,1
943,及營巢燕西,1
944,營巢燕西風,1
945,巢燕西風相,1
946,燕西風相伴,1
947,西風相伴歸,1
948,風相伴歸南,1
949,相伴歸南國,1
950,伴歸南國浣,1
951,歸南國浣紗,1
952,南國浣紗伴,1
953,國浣紗伴盈,1
954,浣紗伴盈盈,1
955,紗伴盈盈天,1
956,伴盈盈天下,1
957,盈盈天下姝,1
958,盈天下姝盤,1
959,天下姝盤金,1
960,下姝盤金明,1
961,姝盤金明繡,1
962,盤金明繡帶,1
963,金明繡帶動,1
964,明繡帶動佩,1
965,繡帶動佩響,1
966,帶動佩響羅,1
967,動佩響羅襦,1
968,佩響羅襦素,1
969,響羅襦素手,1
970,羅襦素手怨,1
971,襦素手怨瑤,1
972,素手怨瑤瑟,1
973,手怨瑤瑟清,1
974,怨瑤瑟清心,1
975,瑤瑟清心悲,1
976,瑟清心悲玉,1
977,清心悲玉壺,1
978,心悲玉壺春,1
979,悲玉壺春華,1
980,玉壺春華坐,1
981,壺春華坐銷,1
982,春華坐銷落,1
983,華坐銷落未,1
984,坐銷落未忍,1
985,銷落未忍泣,1
986,落未忍泣蘼,1
987,未忍泣蘼蕪,1
988,忍泣蘼蕪康,1
989,泣蘼蕪康衢,1
990,蘼蕪康衢一,1
991,蕪康衢一望,1
992,康衢一望通,1
993,衢一望通河,1
994,一望通河洛,1
995,望通河洛正,1
996,通河洛正天,1
997,河洛正天中,1
998,洛正天中樓,1
999,正天中樓勢,1
1000,天中樓勢排,1
1001,中樓勢排高,1
1002,樓勢排高鳳,1
1003,勢排高鳳橋,1
1004,排高鳳橋形,1
1005,高鳳橋形架,1
1006,鳳橋形架斷,1
1007,橋形架斷虹,1
1008,形架斷虹遠,1
1009,架斷虹遠山,1
1010,斷虹遠山晴,1
1011,虹遠山晴帶,1
1012,遠山晴帶雪,1
1013,山晴帶雪寒,1
1014,晴帶雪寒水,1
1015,帶雪寒水晚,1
1016,雪寒水晚多,1
1017,寒水晚多風,1
1018,水晚多風幾,1
1019,晚多風幾日,1
1020,多風幾日還,1
1021,風幾日還攜,1
1022,幾日還攜手,1
1023,日還攜手鳥,1
1024,還攜手鳥鳴,1
1025,攜手鳥鳴花,1
1026,手鳥鳴花滿,1
1027,鳥鳴花滿宮,1
1028,鳴花滿宮微,1
1029,花滿宮微風,1
1030,滿宮微風起,1
1031,宮微風起畫,1
1032,微風起畫鸞,1
1033,風起畫鸞金,1
1034,起畫鸞金翠,1
1035,畫鸞金翠暗,1
1036,鸞金翠暗珊,1
1037,金翠暗珊珊,1
1038,翠暗珊珊晚,1
1039,暗珊珊晚樹,1
1040,珊珊晚樹垂,1
1041,珊晚樹垂朱,1
1042,晚樹垂朱實,1
1043,樹垂朱實春,1
1044,垂朱實春篁,1
1045,朱實春篁露,1
1046,實春篁露粉,1
1047,春篁露粉竿,1
1048,篁露粉竿散,1
1049,露粉竿散香,1
1050,粉竿散香蘄,1
1051,竿散香蘄簟,1
1052,散香蘄簟滑,1
1053,香蘄簟滑沉,1
1054,蘄簟滑沉水,1
1055,簟滑沉水越,1
1056,滑沉水越瓶,1
1057,沉水越瓶寒,1
1058,水越瓶寒猶,1
1059,越瓶寒猶恐,1
1060,瓶寒猶恐何,1
1061,寒猶恐何郎,1
1062,猶恐何郎熱,1
1063,恐何郎熱冰,1
1064,何郎熱冰生,1
1065,郎熱冰生白,1
1066,熱冰生白玉,1
1067,冰生白玉盤,1
1068,生白玉盤久,1
1069,白玉盤久客,1
1070,玉盤久客怨,1
1071,盤久客怨長,1
1072,久客怨長夜,1
1073,客怨長夜西,1
1074,怨長夜西風,1
1075,長夜西風吹,1
1076,夜西風吹雁,1
1077,西風吹雁聲,1
1078,風吹雁聲雲,1
1079,吹雁聲雲移,1
1080,雁聲雲移河,1
1081,聲雲移河漢,1
1082,雲移河漢淺,1
1083,移河漢淺月,1
1084,河漢淺月泛,1
1085,漢淺月泛露,1
1086,淺月泛露華,1
1087,月泛露華清,1
1088,泛露華清掩,1
1089,露華清掩瑟,1
1090,華清掩瑟獨,1
1091,清掩瑟獨凝,1
1092,掩瑟獨凝思,1
1093,瑟獨凝思緩,1
1094,獨凝思緩歌,1
1095,凝思緩歌空,1
1096,思緩歌空寄,1
1097,緩歌空寄情,1
1098,歌空寄情門,1
1099,空寄情門前,1
1100,寄情門前有,1
1101,情門前有歸,1
1102,門前有歸路,1
1103,前有歸路迢,1
1104,有歸路迢遞,1
1105,歸路迢遞洛,1
1106,路迢遞洛陽,1
1107,迢遞洛陽城,1
1108,遞洛陽城池,1
1109,洛陽城池寒,1
1110,陽城池寒柳,1
1111,城池寒柳複,1
1112,池寒柳複凋,1
1113,寒柳複凋獨,1
1114,柳複凋獨宿,1
1115,複凋獨宿夜,1
1116,凋獨宿夜迢,1
1117,獨宿夜迢迢,1
1118,宿夜迢迢雨,1
1119,夜迢迢雨頂,1
1120,迢迢雨頂冠,1
1121,迢雨頂冠應,1
1122,雨頂冠應冷,1
1123,頂冠應冷風,1
1124,冠應冷風毛,1
1125,應冷風毛劍,1
1126,冷風毛劍欲,1
1127,風毛劍欲飄,1
1128,毛劍欲飄故,1
1129,劍欲飄故巢,1
1130,欲飄故巢迷,1
1131,飄故巢迷碧,1
1132,故巢迷碧水,1
1133,巢迷碧水舊,1
1134,迷碧水舊侶,1
1135,碧水舊侶越,1
1136,水舊侶越丹,1
1137,舊侶越丹霄,1
1138,侶越丹霄不,1
1139,越丹霄不是,1
1140,丹霄不是無,1
1141,霄不是無歸,1
1142,不是無歸處,1
1143,是無歸處心,1
1144,無歸處心高,1
1145,歸處心高多,1
1146,處心高多寂,1
1147,心高多寂寥,1
1148,高多寂寥陵,1
1149,多寂寥陵前,1
1150,寂寥陵前春,1
1151,寥陵前春不,1
1152,陵前春不盡,1
1153,前春不盡陵,1
1154,春不盡陵下,1
1155,不盡陵下夜,1
1156,盡陵下夜何,1
1157,陵下夜何窮,1
1158,下夜何窮未,1
1159,夜何窮未信,1
1160,何窮未信金,1
1161,窮未信金蠶,1
1162,未信金蠶老,1
1163,信金蠶老先,1
1164,金蠶老先驚,1
1165,蠶老先驚玉,1
1166,老先驚玉燕,1
1167,先驚玉燕空,1
1168,驚玉燕空挽,1
1169,玉燕空挽移,1
1170,燕空挽移蘭,1
1171,空挽移蘭殿,1
1172,挽移蘭殿月,1
1173,移蘭殿月笳,1
1174,蘭殿月笳引,1
1175,殿月笳引柏,1
1176,月笳引柏城,1
1177,笳引柏城風,1
1178,引柏城風自,1
1179,柏城風自此,1
1180,城風自此隨,1
1181,風自此隨龍,1
1182,自此隨龍馭,1
1183,此隨龍馭橋,1
1184,隨龍馭橋山,1
1185,龍馭橋山翠,1
1186,馭橋山翠靄,1
1187,橋山翠靄中,1
1188,山翠靄中自,1
1189,翠靄中自爾,1
1190,靄中自爾出,1
1191,中自爾出門,1
1192,自爾出門去,1
1193,爾出門去淚,1
1194,出門去淚痕,1
1195,門去淚痕長,1
1196,去淚痕長滿,1
1197,淚痕長滿衣,1
1198,痕長滿衣家,1
1199,長滿衣家貧,1
1200,滿衣家貧為,1
1201,衣家貧為客,1
1202,家貧為客早,1
1203,貧為客早路,1
1204,為客早路遠,1
1205,客早路遠得,1
1206,早路遠得書,1
1207,路遠得書稀,1
1208,遠得書稀文,1
1209,得書稀文字,1
1210,書稀文字何,1
1211,稀文字何人,1
1212,文字何人賞,1
1213,字何人賞煙,1
1214,何人賞煙波,1
1215,人賞煙波幾,1
1216,賞煙波幾日,1
1217,煙波幾日歸,1
1218,波幾日歸秋,1
1219,幾日歸秋風,1
1220,日歸秋風正,1
1221,歸秋風正搖,1
1222,秋風正搖落,1
1223,風正搖落孤,1
1224,正搖落孤雁,1
1225,搖落孤雁又,1
1226,落孤雁又南,1
1227,孤雁又南飛,1
1228,雁又南飛雁,1
1229,又南飛雁門,1
1230,南飛雁門歸,1
1231,飛雁門歸去,1
1232,雁門歸去遠,1
1233,門歸去遠垂,1
1234,歸去遠垂老,1
1235,去遠垂老脫,1
1236,遠垂老脫袈,1
1237,垂老脫袈裟,1
1238,老脫袈裟蕭,1
1239,脫袈裟蕭寺,1
1240,袈裟蕭寺休,1
1241,裟蕭寺休為,1
1242,蕭寺休為客,1
1243,寺休為客曹,1
1244,休為客曹溪,1
1245,為客曹溪便,1
1246,客曹溪便寄,1
1247,曹溪便寄家,1
1248,溪便寄家綠,1
1249,便寄家綠琪,1
1250,寄家綠琪千,1
1251,家綠琪千歲,1
1252,綠琪千歲樹,1
1253,琪千歲樹黃,1
1254,千歲樹黃槿,1
1255,歲樹黃槿四,1
1256,樹黃槿四時,1
1257,黃槿四時花,1
1258,槿四時花別,1
1259,四時花別怨,1
1260,時花別怨應,1
1261,花別怨應無,1
1262,別怨應無限,1
1263,怨應無限門,1
1264,應無限門前,1
1265,無限門前桂,1
1266,限門前桂水,1
1267,門前桂水斜,1
1268,前桂水斜山,1
1269,桂水斜山多,1
1270,水斜山多水,1
1271,斜山多水不,1
1272,山多水不窮,1
1273,多水不窮一,1
1274,水不窮一葉,1
1275,不窮一葉似,1
1276,窮一葉似漁,1
1277,一葉似漁翁,1
1278,葉似漁翁鳥,1
1279,似漁翁鳥浴,1
1280,漁翁鳥浴寒,1
1281,翁鳥浴寒潭,1
1282,鳥浴寒潭雨,1
1283,浴寒潭雨猿,1
1284,寒潭雨猿吟,1
1285,潭雨猿吟暮,1
1286,雨猿吟暮嶺,1
1287,猿吟暮嶺風,1
1288,吟暮嶺風雜,1
1289,暮嶺風雜英,1
1290,嶺風雜英垂,1
1291,風雜英垂錦,1
1292,雜英垂錦繡,1
1293,英垂錦繡眾,1
1294,垂錦繡眾籟,1
1295,錦繡眾籟合,1
1296,繡眾籟合絲,1
1297,眾籟合絲桐,1
1298,籟合絲桐應,1
1299,合絲桐應有,1
1300,絲桐應有曹,1
1301,桐應有曹溪,1
1302,應有曹溪路,1
1303,有曹溪路千,1
1304,曹溪路千岩,1
1305,溪路千岩萬,1
1306,路千岩萬壑,1
1307,千岩萬壑中,1
1308,岩萬壑中松,1
1309,萬壑中松偃,1
1310,壑中松偃石,1
1311,中松偃石床,1
1312,松偃石床平,1
1313,偃石床平何,1
1314,石床平何人,1
1315,床平何人識,1
1316,平何人識姓,1
1317,何人識姓名,1
1318,人識姓名溪,1
1319,識姓名溪冰,1
1320,姓名溪冰寒,1
1321,名溪冰寒棹,1
1322,溪冰寒棹響,1
1323,冰寒棹響岩,1
1324,寒棹響岩雪,1
1325,棹響岩雪夜,1
1326,響岩雪夜窗,1
1327,岩雪夜窗明,1
1328,雪夜窗明機,1
1329,夜窗明機盡,1
1330,窗明機盡心,1
1331,明機盡心猿,1
1332,機盡心猿伏,1
1333,盡心猿伏神,1
1334,心猿伏神閑,1
1335,猿伏神閑意,1
1336,伏神閑意馬,1
1337,神閑意馬行,1
1338,閑意馬行應,1
1339,意馬行應知,1
1340,馬行應知此,1
1341,行應知此來,1
1342,應知此來客,1
1343,知此來客身,1
1344,此來客身世,1
1345,來客身世兩,1
1346,客身世兩無,1
1347,身世兩無情,1
1348,世兩無情停,1
1349,兩無情停車,1
1350,無情停車祀,1
1351,情停車祀聖,1
1352,停車祀聖女,1
1353,車祀聖女涼,1
1354,祀聖女涼葉,1
1355,聖女涼葉下,1
1356,女涼葉下陰,1
1357,涼葉下陰風,1
1358,葉下陰風龍,1
1359,下陰風龍氣,1
1360,陰風龍氣石,1
1361,風龍氣石床,1
1362,龍氣石床濕,1
1363,氣石床濕鳥,1
1364,石床濕鳥聲,1
1365,床濕鳥聲山,1
1366,濕鳥聲山廟,1
1367,鳥聲山廟空,1
1368,聲山廟空長,1
1369,山廟空長眉,1
1370,廟空長眉留,1
1371,空長眉留桂,1
1372,長眉留桂綠,1
1373,眉留桂綠丹,1
1374,留桂綠丹臉,1
1375,桂綠丹臉寄,1
1376,綠丹臉寄蓮,1
1377,丹臉寄蓮紅,1
1378,臉寄蓮紅莫,1
1379,寄蓮紅莫學,1
1380,蓮紅莫學陽,1
1381,紅莫學陽臺,1
1382,莫學陽臺畔,1
1383,學陽臺畔朝,1
1384,陽臺畔朝雲,1
1385,臺畔朝雲暮,1
1386,畔朝雲暮雨,1
1387,朝雲暮雨中,1
1388,雲暮雨中酒,1
1389,暮雨中酒酣,1
1390,雨中酒酣輕,1
1391,中酒酣輕別,1
1392,酒酣輕別恨,1
1393,酣輕別恨酒,1
1394,輕別恨酒醒,1
1395,別恨酒醒複,1
1396,恨酒醒複離,1
1397,酒醒複離憂,1
1398,醒複離憂遠,1
1399,複離憂遠水,1
1400,離憂遠水應,1
1401,憂遠水應移,1
1402,遠水應移棹,1
1403,水應移棹高,1
1404,應移棹高峰,1
1405,移棹高峰更,1
1406,棹高峰更上,1
1407,高峰更上樓,1
1408,峰更上樓簟,1
1409,更上樓簟涼,1
1410,上樓簟涼清,1
1411,樓簟涼清露,1
1412,簟涼清露夜,1
1413,涼清露夜琴,1
1414,清露夜琴響,1
1415,露夜琴響碧,1
1416,夜琴響碧天,1
1417,琴響碧天秋,1
1418,響碧天秋重,1
1419,碧天秋重惜,1
1420,天秋重惜芳,1
1421,秋重惜芳尊,1
1422,重惜芳尊宴,1
1423,惜芳尊宴滿,1
1424,芳尊宴滿城,1
1425,尊宴滿城無,1
1426,宴滿城無舊,1
1427,滿城無舊遊,1
1428,城無舊遊蒼,1
1429,無舊遊蒼蒼,1
1430,舊遊蒼蒼松,1
1431,遊蒼蒼松桂,1
1432,蒼蒼松桂陰,1
1433,蒼松桂陰殘,1
1434,松桂陰殘月,1
1435,桂陰殘月半,1
1436,陰殘月半西,1
1437,殘月半西岑,1
1438,月半西岑素,1
1439,半西岑素壁,1
1440,西岑素壁寒,1
1441,岑素壁寒燈,1
1442,素壁寒燈暗,1
1443,壁寒燈暗紅,1
1444,寒燈暗紅爐,1
1445,燈暗紅爐夜,1
1446,暗紅爐夜火,1
1447,紅爐夜火深,1
1448,爐夜火深廚,1
1449,夜火深廚開,1
1450,火深廚開山,1
1451,深廚開山鼠,1
1452,廚開山鼠散,1
1453,開山鼠散鐘,1
1454,山鼠散鐘盡,1
1455,鼠散鐘盡嶺,1
1456,散鐘盡嶺猿,1
1457,鐘盡嶺猿吟,1
1458,盡嶺猿吟行,1
1459,嶺猿吟行役,1
1460,猿吟行役方,1
1461,吟行役方如,1
1462,行役方如此,1
1463,役方如此逢,1
1464,方如此逢師,1
1465,如此逢師懶,1
1466,此逢師懶話,1
1467,逢師懶話心,1
1468,師懶話心飛,1
1469,懶話心飛閣,1
1470,話心飛閣極,1
1471,心飛閣極層,1
1472,飛閣極層台,1
1473,閣極層台終,1
1474,極層台終南,1
1475,層台終南此,1
1476,台終南此路,1
1477,終南此路回,1
1478,南此路回山,1
1479,此路回山形,1
1480,路回山形朝,1
1481,回山形朝闕,1
1482,山形朝闕去,1
1483,形朝闕去河,1
1484,朝闕去河勢,1
1485,闕去河勢抱,1
1486,去河勢抱關,1
1487,河勢抱關來,1
1488,勢抱關來雁,1
1489,抱關來雁過,1
1490,關來雁過秋,1
1491,來雁過秋風,1
1492,雁過秋風急,1
1493,過秋風急蟬,1
1494,秋風急蟬鳴,1
1495,風急蟬鳴宿,1
1496,急蟬鳴宿霧,1
1497,蟬鳴宿霧開,1
1498,鳴宿霧開平,1
1499,宿霧開平生,1
1500,霧開平生無,1
1501,開平生無限,1
1502,平生無限意,1
1503,生無限意驅,1
1504,無限意驅馬,1
1505,限意驅馬任,1
1506,意驅馬任塵,1
1507,驅馬任塵埃,1
1508,馬任塵埃南,1
1509,任塵埃南齋,1
1510,塵埃南齋夢,1
1511,埃南齋夢釣,1
1512,南齋夢釣竿,1
1513,齋夢釣竿晨,1
1514,夢釣竿晨起,1
1515,釣竿晨起月,1
1516,竿晨起月猶,1
1517,晨起月猶殘,1
1518,起月猶殘露,1
1519,月猶殘露重,1
1520,猶殘露重螢,1
1521,殘露重螢依,1
1522,露重螢依草,1
1523,重螢依草風,1
1524,螢依草風高,1
1525,依草風高蝶,1
1526,草風高蝶委,1
1527,風高蝶委蘭,1
1528,高蝶委蘭池,1
1529,蝶委蘭池光,1
1530,委蘭池光秋,1
1531,蘭池光秋鏡,1
1532,池光秋鏡澈,1
1533,光秋鏡澈山,1
1534,秋鏡澈山色,1
1535,鏡澈山色曉,1
1536,澈山色曉屏,1
1537,山色曉屏寒,1
1538,色曉屏寒更,1
1539,曉屏寒更戀,1
1540,屏寒更戀陶,1
1541,寒更戀陶彭,1
1542,更戀陶彭澤,1
1543,戀陶彭澤無,1
1544,陶彭澤無心,1
1545,彭澤無心議,1
1546,澤無心議去,1
1547,無心議去官,1
1548,心議去官楚,1
1549,議去官楚翁,1
1550,去官楚翁秦,1
1551,官楚翁秦塞,1
1552,楚翁秦塞住,1
1553,翁秦塞住昔,1
1554,秦塞住昔事,1
1555,塞住昔事李,1
1556,住昔事李輕,1
1557,昔事李輕車,1
1558,事李輕車白,1
1559,李輕車白社,1
1560,輕車白社貧,1
1561,車白社貧思,1
1562,白社貧思橘,1
1563,社貧思橘青,1
1564,貧思橘青門,1
1565,思橘青門老,1
1566,橘青門老仰,1
1567,青門老仰瓜,1
1568,門老仰瓜讀,1
1569,老仰瓜讀書,1
1570,仰瓜讀書三,1
1571,瓜讀書三徑,1
1572,讀書三徑草,1
1573,書三徑草沽,1
1574,三徑草沽酒,1
1575,徑草沽酒一,1
1576,草沽酒一籬,1
1577,沽酒一籬花,1
1578,酒一籬花更,1
1579,一籬花更欲,1
1580,籬花更欲尋,1
1581,花更欲尋芝,1
1582,更欲尋芝朮,1
1583,欲尋芝朮商,1
1584,尋芝朮商山,1
1585,芝朮商山便,1
1586,朮商山便寄,1
1587,商山便寄家,1
1588,山便寄家晚,1
1589,便寄家晚過,1
1590,寄家晚過石,1
1591,家晚過石屏,1
1592,晚過石屏村,1
1593,過石屏村村,1
1594,石屏村村長,1
1595,屏村村長日,1
1596,村村長日漸,1
1597,村長日漸曛,1
1598,長日漸曛僧,1
1599,日漸曛僧歸,1
1600,漸曛僧歸下,1
1601,曛僧歸下嶺,1
1602,僧歸下嶺見,1
1603,歸下嶺見人,1
1604,下嶺見人語,1
1605,嶺見人語隔,1
1606,見人語隔溪,1
1607,人語隔溪聞,1
1608,語隔溪聞穀,1
1609,隔溪聞穀響,1
1610,溪聞穀響寒,1
1611,聞穀響寒耕,1
1612,穀響寒耕雪,1
1613,響寒耕雪山,1
1614,寒耕雪山明,1
1615,耕雪山明夜,1
1616,雪山明夜燒,1
1617,山明夜燒雲,1
1618,明夜燒雲家,1
1619,夜燒雲家家,1
1620,燒雲家家扣,1
1621,雲家家扣銅,1
1622,家家扣銅鼓,1
1623,家扣銅鼓欲,1
1624,扣銅鼓欲賽,1
1625,銅鼓欲賽魯,1
1626,鼓欲賽魯將,1
1627,欲賽魯將軍,1
1628,賽魯將軍名,1
1629,魯將軍名高,1
1630,將軍名高猶,1
1631,軍名高猶素,1
1632,名高猶素衣,1
1633,高猶素衣窮,1
1634,猶素衣窮巷,1
1635,素衣窮巷掩,1
1636,衣窮巷掩荊,1
1637,窮巷掩荊扉,1
1638,巷掩荊扉漸,1
1639,掩荊扉漸老,1
1640,荊扉漸老故,1
1641,扉漸老故人,1
1642,漸老故人少,1
1643,老故人少久,1
1644,故人少久貧,1
1645,人少久貧豪,1
1646,少久貧豪客,1
1647,久貧豪客稀,1
1648,貧豪客稀塞,1
1649,豪客稀塞雲,1
1650,客稀塞雲橫,1
1651,稀塞雲橫劍,1
1652,塞雲橫劍望,1
1653,雲橫劍望山,1
1654,橫劍望山月,1
1655,劍望山月抱,1
1656,望山月抱琴,1
1657,山月抱琴歸,1
1658,月抱琴歸幾,1
1659,抱琴歸幾日,1
1660,琴歸幾日藍,1
1661,歸幾日藍溪,1
1662,幾日藍溪醉,1
1663,日藍溪醉藤,1
1664,藍溪醉藤花,1
1665,溪醉藤花拂,1
1666,醉藤花拂釣,1
1667,藤花拂釣磯,1
1668,花拂釣磯京,1
1669,拂釣磯京洛,1
1670,釣磯京洛多,1
1671,磯京洛多高,1
1672,京洛多高蓋,1
1673,洛多高蓋憐,1
1674,多高蓋憐兄,1
1675,高蓋憐兄劇,1
1676,蓋憐兄劇斷,1
1677,憐兄劇斷蓬,1
1678,兄劇斷蓬身,1
1679,劇斷蓬身隨,1
1680,斷蓬身隨一,1
1681,蓬身隨一劍,1
1682,身隨一劍老,1
1683,隨一劍老家,1
1684,一劍老家入,1
1685,劍老家入萬,1
1686,老家入萬山,1
1687,家入萬山空,1
1688,入萬山空夜,1
1689,萬山空夜憶,1
1690,山空夜憶蕭,1
1691,空夜憶蕭關,1
1692,夜憶蕭關月,1
1693,憶蕭關月行,1
1694,蕭關月行悲,1
1695,關月行悲易,1
1696,月行悲易水,1
1697,行悲易水風,1
1698,悲易水風無,1
1699,易水風無人,1
1700,水風無人知,1
1701,風無人知此,1
1702,無人知此意,1
1703,人知此意甘,1
1704,知此意甘臥,1
1705,此意甘臥白,1
1706,意甘臥白雲,1
1707,甘臥白雲中,1
1708,臥白雲中燕,1
1709,白雲中燕雁,1
1710,雲中燕雁下,1
1711,中燕雁下秋,1
1712,燕雁下秋塘,1
1713,雁下秋塘田,1
1714,下秋塘田家,1
1715,秋塘田家自,1
1716,塘田家自此,1
1717,田家自此忙,1
1718,家自此忙移,1
1719,自此忙移蔬,1
1720,此忙移蔬通,1
1721,忙移蔬通遠,1
1722,移蔬通遠水,1
1723,蔬通遠水收,1
1724,通遠水收果,1
1725,遠水收果待,1
1726,水收果待繁,1
1727,收果待繁霜,1
1728,果待繁霜野,1
1729,待繁霜野碓,1
1730,繁霜野碓舂,1
1731,霜野碓舂粳,1
1732,野碓舂粳滑,1
1733,碓舂粳滑山,1
1734,舂粳滑山廚,1
1735,粳滑山廚焙,1
1736,滑山廚焙茗,1
1737,山廚焙茗香,1
1738,廚焙茗香客,1
1739,焙茗香客來,1
1740,茗香客來還,1
1741,香客來還有,1
1742,客來還有酒,1
1743,來還有酒隨,1
1744,還有酒隨事,1
1745,有酒隨事宿,1
1746,酒隨事宿茅,1
1747,隨事宿茅堂,1
1748,事宿茅堂疊,1
1749,宿茅堂疊嶂,1
1750,茅堂疊嶂平,1
1751,堂疊嶂平蕪,1
1752,疊嶂平蕪外,1
1753,嶂平蕪外依,1
1754,平蕪外依依,1
1755,蕪外依依識,1
1756,外依依識舊,1
1757,依依識舊邦,1
1758,依識舊邦氣,1
1759,識舊邦氣高,1
1760,舊邦氣高詩,1
1761,邦氣高詩易,1
1762,氣高詩易怨,1
1763,高詩易怨愁,1
1764,詩易怨愁極,1
1765,易怨愁極酒,1
1766,怨愁極酒難,1
1767,愁極酒難降,1
1768,極酒難降樹,1
1769,酒難降樹暗,1
1770,難降樹暗支,1
1771,降樹暗支公,1
1772,樹暗支公院,1
1773,暗支公院山,1
1774,支公院山寒,1
1775,公院山寒謝,1
1776,院山寒謝守,1
1777,山寒謝守窗,1
1778,寒謝守窗殷,1
1779,謝守窗殷勤,1
1780,守窗殷勤樓,1
1781,窗殷勤樓下,1
1782,殷勤樓下水,1
1783,勤樓下水幾,1
1784,樓下水幾日,1
1785,下水幾日到,1
1786,水幾日到荊,1
1787,幾日到荊江,1
1788,日到荊江天,1
1789,到荊江天晚,1
1790,荊江天晚日,1
1791,江天晚日沉,1
1792,天晚日沉沉,1
1793,晚日沉沉歸,1
1794,日沉沉歸舟,1
1795,沉沉歸舟系,1
1796,沉歸舟系柳,1
1797,歸舟系柳陰,1
1798,舟系柳陰江,1
1799,系柳陰江村,1
1800,柳陰江村平,1
1801,陰江村平見,1
1802,江村平見寺,1
1803,村平見寺山,1
1804,平見寺山郭,1
1805,見寺山郭遠,1
1806,寺山郭遠聞,1
1807,山郭遠聞砧,1
1808,郭遠聞砧樹,1
1809,遠聞砧樹密,1
1810,聞砧樹密猿,1
1811,砧樹密猿聲,1
1812,樹密猿聲響,1
1813,密猿聲響波,1
1814,猿聲響波澄,1
1815,聲響波澄雁,1
1816,響波澄雁影,1
1817,波澄雁影深,1
1818,澄雁影深榮,1
1819,雁影深榮華,1
1820,影深榮華暫,1
1821,深榮華暫時,1
1822,榮華暫時事,1
1823,華暫時事誰,1
1824,暫時事誰識,1
1825,時事誰識子,1
1826,事誰識子陵,1
1827,誰識子陵心,1
1828,識子陵心近,1
1829,子陵心近逢,1
1830,陵心近逢商,1
1831,心近逢商洛,1
1832,近逢商洛客,1
1833,逢商洛客知,1
1834,商洛客知爾,1
1835,洛客知爾住,1
1836,客知爾住南,1
1837,知爾住南塘,1
1838,爾住南塘草,1
1839,住南塘草閣,1
1840,南塘草閣平,1
1841,塘草閣平春,1
1842,草閣平春水,1
1843,閣平春水柴,1
1844,平春水柴門,1
1845,春水柴門掩,1
1846,水柴門掩夕,1
1847,柴門掩夕陽,1
1848,門掩夕陽隨,1
1849,掩夕陽隨蜂,1
1850,夕陽隨蜂收,1
1851,陽隨蜂收野,1
1852,隨蜂收野蜜,1
1853,蜂收野蜜尋,1
1854,收野蜜尋麝,1
1855,野蜜尋麝采,1
1856,蜜尋麝采生,1
1857,尋麝采生香,1
1858,麝采生香更,1
1859,采生香更憶,1
1860,生香更憶前,1
1861,香更憶前年,1
1862,更憶前年醉,1
1863,憶前年醉松,1
1864,前年醉松花,1
1865,年醉松花滿,1
1866,醉松花滿石,1
1867,松花滿石床,1
1868,花滿石床帶,1
1869,滿石床帶月,1
1870,石床帶月飯,1
1871,床帶月飯行,1
1872,帶月飯行侶,1
1873,月飯行侶西,1
1874,飯行侶西游,1
1875,行侶西游關,1
1876,侶西游關塞,1
1877,西游關塞長,1
1878,游關塞長晨,1
1879,關塞長晨雞,1
1880,塞長晨雞鳴,1
1881,長晨雞鳴遠,1
1882,晨雞鳴遠戍,1
1883,雞鳴遠戍宿,1
1884,鳴遠戍宿雁,1
1885,遠戍宿雁起,1
1886,戍宿雁起寒,1
1887,宿雁起寒塘,1
1888,雁起寒塘雲,1
1889,起寒塘雲卷,1
1890,寒塘雲卷四,1
1891,塘雲卷四山,1
1892,雲卷四山雪,1
1893,卷四山雪風,1
1894,四山雪風凝,1
1895,山雪風凝千,1
1896,雪風凝千樹,1
1897,風凝千樹霜,1
1898,凝千樹霜誰,1
1899,千樹霜誰家,1
1900,樹霜誰家遊,1
1901,霜誰家遊俠,1
1902,誰家遊俠子,1
1903,家遊俠子沉,1
1904,遊俠子沉醉,1
1905,俠子沉醉臥,1
1906,子沉醉臥蘭,1
1907,沉醉臥蘭堂,1
1908,醉臥蘭堂劚,1
1909,臥蘭堂劚藥,1
1910,蘭堂劚藥去,1
1911,堂劚藥去還,1
1912,劚藥去還歸,1
1913,藥去還歸家,1
1914,去還歸家人,1
1915,還歸家人半,1
1916,歸家人半掩,1
1917,家人半掩扉,1
1918,人半掩扉山,1
1919,半掩扉山風,1
1920,掩扉山風藤,1
1921,扉山風藤子,1
1922,山風藤子落,1
1923,風藤子落溪,1
1924,藤子落溪雨,1
1925,子落溪雨豆,1
1926,落溪雨豆花,1
1927,溪雨豆花肥,1
1928,雨豆花肥寺,1
1929,豆花肥寺遠,1
1930,花肥寺遠僧,1
1931,肥寺遠僧來,1
1932,寺遠僧來少,1
1933,遠僧來少橋,1
1934,僧來少橋危,1
1935,來少橋危客,1
1936,少橋危客到,1
1937,橋危客到稀,1
1938,危客到稀不,1
1939,客到稀不聞,1
1940,到稀不聞砧,1
1941,稀不聞砧杵,1
1942,不聞砧杵動,1
1943,聞砧杵動應,1
1944,砧杵動應解,1
1945,杵動應解制,1
1946,動應解制荷,1
1947,應解制荷衣,1
1948,解制荷衣萬,1
1949,制荷衣萬里,1
1950,荷衣萬里不,1
1951,衣萬里不辭,1
1952,萬里不辭勞,1
1953,里不辭勞寒,1
1954,不辭勞寒裝,1
1955,辭勞寒裝疊,1
1956,勞寒裝疊縕,1
1957,寒裝疊縕袍,1
1958,裝疊縕袍停,1
1959,疊縕袍停車,1
1960,縕袍停車山,1
1961,袍停車山店,1
1962,停車山店雨,1
1963,車山店雨掛,1
1964,山店雨掛席,1
1965,店雨掛席海,1
1966,雨掛席海門,1
1967,掛席海門濤,1
1968,席海門濤鷹,1
1969,海門濤鷹勢,1
1970,門濤鷹勢暮,1
1971,濤鷹勢暮偏,1
1972,鷹勢暮偏急,1
1973,勢暮偏急鶴,1
1974,暮偏急鶴聲,1
1975,偏急鶴聲秋,1
1976,急鶴聲秋更,1
1977,鶴聲秋更高,1
1978,聲秋更高知,1
1979,秋更高知君,1
1980,更高知君北,1
1981,高知君北邙,1
1982,知君北邙路,1
1983,君北邙路留,1
1984,北邙路留劍,1
1985,邙路留劍泣,1
1986,路留劍泣黃,1
1987,留劍泣黃蒿,1
1988,劍泣黃蒿藤,1
1989,泣黃蒿藤杖,1
1990,黃蒿藤杖叩,1
1991,蒿藤杖叩松,1
1992,藤杖叩松關,1
1993,杖叩松關春,1
1994,叩松關春溪,1
1995,松關春溪劚,1
1996,關春溪劚藥,1
1997,春溪劚藥還,1
1998,溪劚藥還雨,1
1999,劚藥還雨晴,1
2000,藥還雨晴巢,1
2001,還雨晴巢燕,1
2002,雨晴巢燕急,1
2003,晴巢燕急波,1
2004,巢燕急波暖,1
2005,燕急波暖浴,1
2006,急波暖浴鷗,1
2007,波暖浴鷗閑,1
2008,暖浴鷗閑倚,1
2009,浴鷗閑倚檻,1
2010,鷗閑倚檻花,1
2011,閑倚檻花臨,1
2012,倚檻花臨水,1
2013,檻花臨水回,1
2014,花臨水回舟,1
2015,臨水回舟月,1
2016,水回舟月照,1
2017,回舟月照山,1
2018,舟月照山憶,1
2019,月照山憶歸,1
2020,照山憶歸師,1
2021,山憶歸師莫,1
2022,憶歸師莫笑,1
2023,歸師莫笑書,1
2024,師莫笑書劍,1
2025,莫笑書劍在,1
2026,笑書劍在人,1
2027,書劍在人間,1
2028,劍在人間疑,1
2029,在人間疑與,1
2030,人間疑與武,1
2031,間疑與武陵,1
2032,疑與武陵通,1
2033,與武陵通青,1
2034,武陵通青溪,1
2035,陵通青溪碧,1
2036,通青溪碧嶂,1
2037,青溪碧嶂中,1
2038,溪碧嶂中水,1
2039,碧嶂中水寒,1
2040,嶂中水寒深,1
2041,中水寒深見,1
2042,水寒深見石,1
2043,寒深見石松,1
2044,深見石松晚,1
2045,見石松晚靜,1
2046,石松晚靜聞,1
2047,松晚靜聞風,1
2048,晚靜聞風遁,1
2049,靜聞風遁跡,1
2050,聞風遁跡驅,1
2051,風遁跡驅雞,1
2052,遁跡驅雞吏,1
2053,跡驅雞吏冥,1
2054,驅雞吏冥心,1
2055,雞吏冥心失,1
2056,吏冥心失馬,1
2057,冥心失馬翁,1
2058,心失馬翁才,1
2059,失馬翁才應,1
2060,馬翁才應畢,1
2061,翁才應畢婚,1
2062,才應畢婚嫁,1
2063,應畢婚嫁還,1
2064,畢婚嫁還此,1
2065,婚嫁還此息,1
2066,嫁還此息微,1
2067,還此息微躬,1
2068,此息微躬琴,1
2069,息微躬琴清,1
2070,微躬琴清詩,1
2071,躬琴清詩思,1
2072,琴清詩思勞,1
2073,清詩思勞更,1
2074,詩思勞更欲,1
2075,思勞更欲學,1
2076,勞更欲學龍,1
2077,更欲學龍韜,1
2078,欲學龍韜王,1
2079,學龍韜王粲,1
2080,龍韜王粲暫,1
2081,韜王粲暫停,1
2082,王粲暫停筆,1
2083,粲暫停筆呂,1
2084,暫停筆呂虔,1
2085,停筆呂虔初,1
2086,筆呂虔初佩,1
2087,呂虔初佩刀,1
2088,虔初佩刀夜,1
2089,初佩刀夜吟,1
2090,佩刀夜吟關,1
2091,刀夜吟關月,1
2092,夜吟關月靜,1
2093,吟關月靜秋,1
2094,關月靜秋望,1
2095,月靜秋望塞,1
2096,靜秋望塞雲,1
2097,秋望塞雲高,1
2098,望塞雲高去,1
2099,塞雲高去去,1
2100,雲高去去從,1
2101,高去去從軍,1
2102,去去從軍樂,1
2103,去從軍樂雕,1
2104,從軍樂雕飛,1
2105,軍樂雕飛代,1
2106,樂雕飛代馬,1
2107,雕飛代馬豪,1
2108,飛代馬豪故,1
2109,代馬豪故人,1
2110,馬豪故人日,1
2111,豪故人日已,1
2112,故人日已遠,1
2113,人日已遠身,1
2114,日已遠身事,1
2115,已遠身事與,1
2116,遠身事與誰,1
2117,身事與誰論,1
2118,事與誰論性,1
2119,與誰論性拙,1
2120,誰論性拙難,1
2121,論性拙難趨,1
2122,性拙難趨世,1
2123,拙難趨世心,1
2124,難趨世心孤,1
2125,趨世心孤易,1
2126,世心孤易感,1
2127,心孤易感恩,1
2128,孤易感恩秋,1
2129,易感恩秋悲,1
2130,感恩秋悲憐,1
2131,恩秋悲憐宋,1
2132,秋悲憐宋玉,1
2133,悲憐宋玉夜,1
2134,憐宋玉夜舞,1
2135,宋玉夜舞笑,1
2136,玉夜舞笑劉,1
2137,夜舞笑劉琨,1
2138,舞笑劉琨徒,1
2139,笑劉琨徒有,1
2140,劉琨徒有幹,1
2141,琨徒有幹時,1
2142,徒有幹時策,1
2143,有幹時策青,1
2144,幹時策青山,1
2145,時策青山尚,1
2146,策青山尚掩,1
2147,青山尚掩門,1
2148,山尚掩門醉,1
2149,尚掩門醉舞,1
2150,掩門醉舞任,1
2151,門醉舞任生,1
2152,醉舞任生涯,1
2153,舞任生涯褐,1
2154,任生涯褐寬,1
2155,生涯褐寬烏,1
2156,涯褐寬烏帽,1
2157,褐寬烏帽斜,1
2158,寬烏帽斜庾,1
2159,烏帽斜庾公,1
2160,帽斜庾公先,1
2161,斜庾公先在,1
2162,庾公先在郡,1
2163,公先在郡疏,1
2164,先在郡疏傅,1
2165,在郡疏傅早,1
2166,郡疏傅早還,1
2167,疏傅早還家,1
2168,傅早還家林,1
2169,早還家林晚,1
2170,還家林晚鳥,1
2171,爭樹園春蜂,1
2172,樹園春蜂護,1
2173,園春蜂護花,1
2174,春蜂護花高,1
2175,蜂護花高吟,1
2176,護花高吟應,1
2177,花高吟應更,1
2178,高吟應更逸,1
2179,吟應更逸嵩,1
2180,應更逸嵩洛,1
2181,更逸嵩洛舊,1
2182,逸嵩洛舊煙,1
2183,嵩洛舊煙霞,1
2184,洛舊煙霞雲,1
2185,舊煙霞雲屋,1
2186,煙霞雲屋何,1
2187,霞雲屋何年,1
2188,雲屋何年客,1
2189,屋何年客青,1
2190,何年客青山,1
2191,年客青山白,1
2192,客青山白日,1
2193,青山白日長,1
2194,山白日長種,1
2195,白日長種花,1
2196,日長種花春,1
2197,長種花春掃,1
2198,種花春掃雪,1
2199,花春掃雪看,1
2200,春掃雪看籙,1
2201,掃雪看籙夜,1
2202,雪看籙夜焚,1
2203,看籙夜焚香,1
2204,籙夜焚香上,1
2205,夜焚香上象,1
2206,焚香上象壺,1
2207,香上象壺中,1
2208,上象壺中闊,1
2209,象壺中闊平,1
2210,壺中闊平生,1
2211,中闊平生夢,1
2212,闊平生夢裏,1
2213,平生夢裏忙,1
2214,生夢裏忙幸,1
2215,夢裏忙幸承,1
2216,裏忙幸承仙,1
2217,忙幸承仙籍,1
2218,幸承仙籍後,1
2219,承仙籍後乞,1
2220,仙籍後乞取,1
2221,籍後乞取大,1
2222,後乞取大還,1
2223,乞取大還方,1
2224,取大還方澗,1
2225,大還方澗梅,1
2226,還方澗梅寒,1
2227,方澗梅寒正,1
2228,澗梅寒正發,1
2229,梅寒正發莫,1
2230,寒正發莫信,1
2231,正發莫信笛,1
2232,發莫信笛中,1
2233,莫信笛中吹,1
2234,信笛中吹素,1
2235,笛中吹素豔,1
2236,中吹素豔雪,1
2237,吹素豔雪凝,1
2238,素豔雪凝樹,1
2239,豔雪凝樹清,1
2240,雪凝樹清香,1
2241,凝樹清香風,1
2242,樹清香風滿,1
2243,清香風滿枝,1
2244,香風滿枝折,1
2245,風滿枝折驚,1
2246,滿枝折驚山,1
2247,枝折驚山鳥,1
2248,折驚山鳥散,1
2249,驚山鳥散攜,1
2250,山鳥散攜任,1
2251,鳥散攜任野,1
2252,散攜任野蜂,1
2253,攜任野蜂隨,1
2254,任野蜂隨今,1
2255,野蜂隨今日,1
2256,蜂隨今日從,1
2257,隨今日從公,1
2258,今日從公醉,1
2259,日從公醉何,1
2260,從公醉何人,1
2261,公醉何人倒,1
2262,醉何人倒接,1
2263,何人倒接酒,1
2264,人倒接酒闌,1
2265,倒接酒闌橫,1
2266,接酒闌橫劍,1
2267,酒闌橫劍歌,1
2268,闌橫劍歌日,1
2269,橫劍歌日暮,1
2270,劍歌日暮望,1
2271,歌日暮望關,1
2272,日暮望關河,1
2273,暮望關河道,1
2274,望關河道直,1
2275,關河道直去,1
2276,河道直去官,1
2277,道直去官早,1
2278,直去官早家,1
2279,去官早家貧,1
2280,官早家貧為,1
2281,早家貧為客,1
2282,家貧為客多,1
2283,貧為客多山,1
2284,為客多山昏,1
2285,客多山昏函,1
2286,多山昏函穀,1
2287,山昏函穀雨,1
2288,昏函穀雨木,1
2289,函穀雨木落,1
2290,穀雨木落洞,1
2291,雨木落洞庭,1
2292,木落洞庭波,1
2293,落洞庭波莫,1
2294,洞庭波莫盡,1
2295,庭波莫盡遠,1
2296,波莫盡遠遊,1
2297,莫盡遠遊興,1
2298,盡遠遊興故,1
2299,遠遊興故園,1
2300,遊興故園荒,1
2301,興故園荒薜,1
2302,故園荒薜蘿,1
2303,園荒薜蘿松,1
2304,荒薜蘿松亞,1
2305,薜蘿松亞竹,1
2306,蘿松亞竹珊,1
2307,松亞竹珊珊,1
2308,亞竹珊珊心,1
2309,竹珊珊心知,1
2310,珊珊心知萬,1
2311,珊心知萬井,1
2312,心知萬井歡,1
2313,知萬井歡山,1
2314,萬井歡山明,1
2315,井歡山明迷,1
2316,歡山明迷舊,1
2317,山明迷舊徑,1
2318,明迷舊徑溪,1
2319,迷舊徑溪滿,1
2320,舊徑溪滿漲,1
2321,徑溪滿漲新,1
2322,溪滿漲新瀾,1
2323,滿漲新瀾客,1
2324,漲新瀾客醉,1
2325,新瀾客醉瑤,1
2326,瀾客醉瑤台,1
2327,客醉瑤台曙,1
2328,醉瑤台曙兵,1
2329,瑤台曙兵防,1
2330,台曙兵防玉,1
2331,曙兵防玉塞,1
2332,兵防玉塞寒,1
2333,防玉塞寒紅,1
2334,玉塞寒紅樓,1
2335,塞寒紅樓知,1
2336,寒紅樓知有,1
2337,紅樓知有酒,1
2338,樓知有酒誰,1
2339,知有酒誰肯,1
2340,有酒誰肯學,1
2341,酒誰肯學袁,1
2342,誰肯學袁安,1
2343,肯學袁安心,1
2344,學袁安心法,1
2345,袁安心法本,1
2346,安心法本無,1
2347,心法本無住,1
2348,法本無住流,1
2349,本無住流沙,1
2350,無住流沙歸,1
2351,住流沙歸複,1
2352,流沙歸複來,1
2353,沙歸複來錫,1
2354,歸複來錫隨,1
2355,複來錫隨山,1
2356,來錫隨山鳥,1
2357,錫隨山鳥動,1
2358,隨山鳥動經,1
2359,山鳥動經附,1
2360,鳥動經附海,1
2361,動經附海船,1
2362,經附海船回,1
2363,附海船回洗,1
2364,海船回洗足,1
2365,船回洗足柳,1
2366,回洗足柳遮,1
2367,洗足柳遮寺,1
2368,足柳遮寺坐,1
2369,柳遮寺坐禪,1
2370,遮寺坐禪花,1
2371,寺坐禪花委,1
2372,坐禪花委苔,1
2373,禪花委苔唯,1
2374,花委苔唯將,1
2375,委苔唯將一,1
2376,苔唯將一童,1
2377,唯將一童子,1
2378,將一童子又,1
2379,一童子又欲,1
2380,童子又欲上,1
2381,子又欲上天,1
2382,又欲上天臺,1
2383,欲上天臺高,1
2384,上天臺高寺,1
2385,天臺高寺移,1
2386,臺高寺移清,1
2387,高寺移清宴,1
2388,寺移清宴漁,1
2389,移清宴漁舟,1
2390,清宴漁舟系,1
2391,宴漁舟系綠,1
2392,漁舟系綠蘿,1
2393,舟系綠蘿潮,1
2394,系綠蘿潮平,1
2395,綠蘿潮平秋,1
2396,蘿潮平秋水,1
2397,潮平秋水闊,1
2398,平秋水闊雲,1
2399,秋水闊雲斂,1
2400,水闊雲斂暮,1
2401,闊雲斂暮山,1
2402,雲斂暮山多,1
2403,斂暮山多廣,1
2404,暮山多廣檻,1
2405,山多廣檻停,1
2406,多廣檻停簫,1
2407,廣檻停簫鼓,1
2408,檻停簫鼓繁,1
2409,停簫鼓繁弦,1
2410,簫鼓繁弦散,1
2411,鼓繁弦散綺,1
2412,繁弦散綺羅,1
2413,弦散綺羅西,1
2414,散綺羅西樓,1
2415,綺羅西樓半,1
2416,羅西樓半床,1
2417,西樓半床月,1
2418,樓半床月莫,1
2419,半床月莫問,1
2420,床月莫問夜,1
2421,月莫問夜如,1
2422,莫問夜如何,1
2423,問夜如何孤,1
2424,夜如何孤城,1
2425,如何孤城漏,1
2426,何孤城漏未,1
2427,孤城漏未殘,1
2428,城漏未殘徒,1
2429,漏未殘徒侶,1
2430,未殘徒侶拂,1
2431,殘徒侶拂征,1
2432,徒侶拂征鞍,1
2433,侶拂征鞍洛,1
2434,拂征鞍洛北,1
2435,征鞍洛北去,1
2436,鞍洛北去遊,1
2437,洛北去遊遠,1
2438,北去遊遠淮,1
2439,去遊遠淮南,1
2440,遊遠淮南歸,1
2441,遠淮南歸夢,1
2442,淮南歸夢闌,1
2443,南歸夢闌曉,1
2444,歸夢闌曉燈,1
2445,夢闌曉燈回,1
2446,闌曉燈回壁,1
2447,曉燈回壁暗,1
2448,燈回壁暗晴,1
2449,回壁暗晴雪,1
2450,壁暗晴雪捲,1
2451,暗晴雪捲簾,1
2452,晴雪捲簾寒,1
2453,雪捲簾寒強,1
2454,捲簾寒強盡,1
2455,簾寒強盡主,1
2456,寒強盡主人,1
2457,強盡主人酒,1
2458,盡主人酒出,1
2459,主人酒出門,1
2460,人酒出門行,1
2461,酒出門行路,1
2462,出門行路難,1
2463,門行路難高,1
2464,行路難高人,1
2465,路難高人亦,1
2466,難高人亦未,1
2467,高人亦未閑,1
2468,人亦未閑來,1
2469,亦未閑來往,1
2470,未閑來往楚,1
2471,閑來往楚雲,1
2472,來往楚雲間,1
2473,往楚雲間劍,1
2474,楚雲間劍在,1
2475,雲間劍在心,1
2476,間劍在心應,1
2477,劍在心應壯,1
2478,在心應壯書,1
2479,心應壯書窮,1
2480,應壯書窮鬢,1
2481,壯書窮鬢已,1
2482,書窮鬢已斑,1
2483,窮鬢已斑落,1
2484,鬢已斑落帆,1
2485,已斑落帆秋,1
2486,斑落帆秋水,1
2487,落帆秋水寺,1
2488,帆秋水寺驅,1
2489,秋水寺驅馬,1
2490,水寺驅馬夕,1
2491,寺驅馬夕陽,1
2492,驅馬夕陽山,1
2493,馬夕陽山明,1
2494,夕陽山明日,1
2495,陽山明日南,1
2496,山明日南昌,1
2497,明日南昌尉,1
2498,日南昌尉空,1
2499,南昌尉空齋,1
2500,昌尉空齋又,1
2501,尉空齋又掩,1
2502,空齋又掩關,1
2503,齋又掩關南,1
2504,又掩關南北,1
2505,掩關南北斷,1
2506,關南北斷蓬,1
2507,南北斷蓬飛,1
2508,北斷蓬飛別,1
2509,斷蓬飛別多,1
2510,蓬飛別多相,1
2511,飛別多相見,1
2512,別多相見稀,1
2513,多相見稀更,1
2514,相見稀更傷,1
2515,見稀更傷今,1
2516,稀更傷今日,1
2517,更傷今日酒,1
2518,傷今日酒未,1
2519,今日酒未換,1
2520,日酒未換昔,1
2521,酒未換昔年,1
2522,未換昔年衣,1
2523,換昔年衣舊,1
2524,昔年衣舊友,1
2525,年衣舊友幾,1
2526,衣舊友幾人,1
2527,舊友幾人在,1
2528,友幾人在故,1
2529,幾人在故鄉,1
2530,人在故鄉何,1
2531,在故鄉何處,1
2532,故鄉何處歸,1
2533,鄉何處歸秦,1
2534,何處歸秦原,1
2535,處歸秦原向,1
2536,歸秦原向西,1
2537,秦原向西路,1
2538,原向西路雲,1
2539,向西路雲晚,1
2540,西路雲晚雪,1
2541,路雲晚雪霏,1
2542,雲晚雪霏霏,1
2543,晚雪霏霏鱸,1
2544,雪霏霏鱸鱠,1
2545,霏霏鱸鱠與,1
2546,霏鱸鱠與蓴,1
2547,鱸鱠與蓴羹,1
2548,鱠與蓴羹西,1
2549,與蓴羹西風,1
2550,蓴羹西風片,1
2551,羹西風片席,1
2552,西風片席輕,1
2553,風片席輕潮,1
2554,片席輕潮回,1
2555,席輕潮回孤,1
2556,輕潮回孤島,1
2557,潮回孤島晚,1
2558,回孤島晚雲,1
2559,孤島晚雲斂,1
2560,島晚雲斂眾,1
2561,晚雲斂眾山,1
2562,雲斂眾山晴,1
2563,斂眾山晴丹,1
2564,眾山晴丹羽,1
2565,山晴丹羽下,1
2566,晴丹羽下高,1
2567,丹羽下高閣,1
2568,羽下高閣黃,1
2569,下高閣黃花,1
2570,高閣黃花垂,1
2571,閣黃花垂古,1
2572,黃花垂古城,1
2573,花垂古城因,1
2574,垂古城因秋,1
2575,古城因秋倍,1
2576,城因秋倍多,1
2577,因秋倍多感,1
2578,秋倍多感鄉,1
2579,倍多感鄉樹,1
2580,多感鄉樹接,1
2581,感鄉樹接咸,1
2582,鄉樹接咸京,1
2583,樹接咸京昔,1
2584,接咸京昔年,1
2585,咸京昔年湖,1
2586,京昔年湖上,1
2587,昔年湖上客,1
2588,年湖上客留,1
2589,湖上客留訪,1
2590,上客留訪雪,1
2591,客留訪雪山,1
2592,留訪雪山翁,1
2593,訪雪山翁王,1
2594,雪山翁王氏,1
2595,山翁王氏船,1
2596,翁王氏船猶,1
2597,王氏船猶在,1
2598,氏船猶在蕭,1
2599,船猶在蕭家,1
2600,猶在蕭家寺,1
2601,在蕭家寺已,1
2602,蕭家寺已空,1
2603,家寺已空月,1
2604,寺已空月高,1
2605,已空月高花,1
2606,空月高花有,1
2607,月高花有露,1
2608,高花有露煙,1
2609,花有露煙合,1
2610,有露煙合水,1
2611,露煙合水無,1
2612,煙合水無風,1
2613,合水無風處,1
2614,水無風處處,1
2615,無風處處多,1
2616,風處處多遺,1
2617,處處多遺韻,1
2618,處多遺韻何,1
2619,多遺韻何曾,1
2620,遺韻何曾入,1
2621,韻何曾入剡,1
2622,何曾入剡中,1
2623,曾入剡中愛,1
2624,入剡中愛樹,1
2625,剡中愛樹滿,1
2626,中愛樹滿西,1
2627,愛樹滿西津,1
2628,樹滿西津津,1
2629,滿西津津亭,1
2630,西津津亭墮,1
2631,津津亭墮淚,1
2632,津亭墮淚頻,1
2633,亭墮淚頻素,1
2634,墮淚頻素車,1
2635,淚頻素車應,1
2636,頻素車應度,1
2637,素車應度洛,1
2638,車應度洛珠,1
2639,應度洛珠履,1
2640,度洛珠履更,1
2641,洛珠履更歸,1
2642,珠履更歸秦,1
2643,履更歸秦水,1
2644,更歸秦水接,1
2645,歸秦水接三,1
2646,秦水接三湘,1
2647,水接三湘暮,1
2648,接三湘暮山,1
2649,三湘暮山通,1
2650,湘暮山通五,1
2651,暮山通五嶺,1
2652,山通五嶺春,1
2653,通五嶺春傷,1
2654,五嶺春傷離,1
2655,嶺春傷離與,1
2656,春傷離與懷,1
2657,傷離與懷舊,1
2658,離與懷舊明,1
2659,與懷舊明日,1
2660,懷舊明日白,1
2661,舊明日白頭,1
2662,明日白頭人,1
2663,日白頭人離,1
2664,白頭人離別,1
2665,頭人離別奈,1
2666,人離別奈情,1
2667,離別奈情何,1
2668,別奈情何江,1
2669,奈情何江樓,1
2670,情何江樓凝,1
2671,何江樓凝豔,1
2672,江樓凝豔歌,1
2673,樓凝豔歌蕙,1
2674,凝豔歌蕙蘭,1
2675,豔歌蕙蘭秋,1
2676,歌蕙蘭秋露,1
2677,蕙蘭秋露重,1
2678,蘭秋露重蘆,1
2679,秋露重蘆葦,1
2680,露重蘆葦夜,1
2681,重蘆葦夜風,1
2682,蘆葦夜風多,1
2683,葦夜風多深,1
2684,夜風多深怨,1
2685,風多深怨寄,1
2686,多深怨寄清,1
2687,深怨寄清瑟,1
2688,怨寄清瑟遠,1
2689,寄清瑟遠愁,1
2690,清瑟遠愁生,1
2691,瑟遠愁生翠,1
2692,遠愁生翠蛾,1
2693,愁生翠蛾酒,1
2694,生翠蛾酒酣,1
2695,翠蛾酒酣相,1
2696,蛾酒酣相顧,1
2697,酒酣相顧起,1
2698,酣相顧起明,1
2699,相顧起明月,1
2700,顧起明月棹,1
2701,起明月棹寒,1
2702,明月棹寒波,1
2703,月棹寒波山,1
2704,棹寒波山空,1
2705,寒波山空葉,1
2706,波山空葉複,1
2707,山空葉複落,1
2708,空葉複落一,1
2709,葉複落一徑,1
2710,複落一徑下,1
2711,落一徑下新,1
2712,一徑下新安,1
2713,徑下新安風,1
2714,下新安風急,1
2715,新安風急渡,1
2716,安風急渡溪,1
2717,風急渡溪晚,1
2718,急渡溪晚雪,1
2719,渡溪晚雪晴,1
2720,溪晚雪晴歸,1
2721,晚雪晴歸寺,1
2722,雪晴歸寺寒,1
2723,晴歸寺寒尋,1
2724,歸寺寒尋雲,1
2725,寺寒尋雲策,1
2726,寒尋雲策藤,1
2727,尋雲策藤杖,1
2728,雲策藤杖向,1
2729,策藤杖向日,1
2730,藤杖向日倚,1
2731,杖向日倚蒲,1
2732,向日倚蒲團,1
2733,日倚蒲團甯,1
2734,倚蒲團甯憶,1
2735,蒲團甯憶西,1
2736,團甯憶西遊,1
2737,甯憶西遊客,1
2738,憶西遊客勞,1
2739,西遊客勞勞,1
2740,遊客勞勞歌,1
2741,客勞勞歌路,1
2742,勞勞歌路難,1
2743,勞歌路難山,1
2744,歌路難山斷,1
2745,路難山斷水,1
2746,難山斷水茫,1
2747,山斷水茫茫,1
2748,斷水茫茫洛,1
2749,水茫茫洛人,1
2750,茫茫洛人西,1
2751,茫洛人西路,1
2752,洛人西路長,1
2753,人西路長笙,1
2754,西路長笙歌,1
2755,路長笙歌留,1
2756,長笙歌留遠,1
2757,笙歌留遠棹,1
2758,歌留遠棹風,1
2759,留遠棹風雨,1
2760,遠棹風雨寄,1
2761,棹風雨寄華,1
2762,風雨寄華堂,1
2763,雨寄華堂紅,1
2764,寄華堂紅壁,1
2765,華堂紅壁耿,1
2766,堂紅壁耿秋,1
2767,紅壁耿秋燭,1
2768,壁耿秋燭翠,1
2769,耿秋燭翠簾,1
2770,秋燭翠簾凝,1
2771,燭翠簾凝曉,1
2772,翠簾凝曉香,1
2773,簾凝曉香誰,1
2774,凝曉香誰堪,1
2775,曉香誰堪從,1
2776,香誰堪從此,1
2777,誰堪從此去,1
2778,堪從此去雲,1
2779,從此去雲樹,1
2780,此去雲樹滿,1
2781,去雲樹滿陵,1
2782,雲樹滿陵陽,1
2783,樹滿陵陽花,1
2784,滿陵陽花落,1
2785,陵陽花落水,1
2786,陽花落水潺,1
2787,花落水潺潺,1
2788,落水潺潺十,1
2789,水潺潺十年,1
2790,潺潺十年離,1
2791,潺十年離舊,1
2792,十年離舊山,1
2793,年離舊山夜,1
2794,離舊山夜愁,1
2795,舊山夜愁添,1
2796,山夜愁添白,1
2797,夜愁添白髮,1
2798,愁添白髮春,1
2799,添白髮春淚,1
2800,白髮春淚減,1
2801,髮春淚減朱,1
2802,春淚減朱顏,1
2803,淚減朱顏孤,1
2804,減朱顏孤劍,1
2805,朱顏孤劍北,1
2806,顏孤劍北遊,1
2807,孤劍北遊塞,1
2808,劍北遊塞遠,1
2809,北遊塞遠書,1
2810,遊塞遠書東,1
2811,塞遠書東出,1
2812,遠書東出關,1
2813,書東出關逢,1
2814,東出關逢君,1
2815,出關逢君話,1
2816,關逢君話心,1
2817,逢君話心曲,1
2818,君話心曲一,1
2819,話心曲一醉,1
2820,心曲一醉灞,1
2821,曲一醉灞陵,1
2822,一醉灞陵間,1
2823,醉灞陵間車,1
2824,灞陵間車馬,1
2825,陵間車馬長,1
2826,間車馬長安,1
2827,車馬長安道,1
2828,馬長安道誰,1
2829,長安道誰知,1
2830,安道誰知大,1
2831,道誰知大隱,1
2832,誰知大隱心,1
2833,知大隱心蠻,1
2834,大隱心蠻僧,1
2835,隱心蠻僧留,1
2836,心蠻僧留古,1
2837,蠻僧留古鏡,1
2838,僧留古鏡蜀,1
2839,留古鏡蜀客,1
2840,古鏡蜀客寄,1
2841,鏡蜀客寄新,1
2842,蜀客寄新琴,1
2843,客寄新琴曬,1
2844,寄新琴曬藥,1
2845,新琴曬藥竹,1
2846,琴曬藥竹齋,1
2847,曬藥竹齋暖,1
2848,藥竹齋暖搗,1
2849,竹齋暖搗茶,1
2850,齋暖搗茶松,1
2851,暖搗茶松院,1
2852,搗茶松院深,1
2853,茶松院深思,1
2854,松院深思君,1
2855,院深思君一,1
2856,深思君一相,1
2857,思君一相訪,1
2858,君一相訪殘,1
2859,一相訪殘雪,1
2860,相訪殘雪似,1
2861,訪殘雪似山,1
2862,殘雪似山陰,1
2863,雪似山陰殷,1
2864,似山陰殷勤,1
2865,山陰殷勤解,1
2866,陰殷勤解金,1
2867,殷勤解金鎖,1
2868,勤解金鎖昨,1
2869,解金鎖昨夜,1
2870,金鎖昨夜雨,1
2871,鎖昨夜雨淒,1
2872,昨夜雨淒淒,1
2873,夜雨淒淒山,1
2874,雨淒淒山淺,1
2875,淒淒山淺憶,1
2876,淒山淺憶巫,1
2877,山淺憶巫峽,1
2878,淺憶巫峽水,1
2879,憶巫峽水寒,1
2880,巫峽水寒思,1
2881,峽水寒思建,1
2882,水寒思建溪,1
2883,寒思建溪遠,1
2884,思建溪遠尋,1
2885,建溪遠尋紅,1
2886,溪遠尋紅樹,1
2887,遠尋紅樹宿,1
2888,尋紅樹宿深,1
2889,紅樹宿深向,1
2890,樹宿深向白,1
2891,宿深向白雲,1
2892,深向白雲啼,1
2893,向白雲啼好,1
2894,白雲啼好覓,1
2895,雲啼好覓來,1
2896,啼好覓來時,1
2897,好覓來時路,1
2898,覓來時路煙,1
2899,來時路煙蘿,1
2900,時路煙蘿莫,1
2901,路煙蘿莫共,1
2902,煙蘿莫共迷,1
2903,蘿莫共迷身,1
2904,莫共迷身賤,1
2905,共迷身賤與,1
2906,迷身賤與心,1
2907,身賤與心違,1
2908,賤與心違秋,1
2909,與心違秋風,1
2910,心違秋風生,1
2911,違秋風生旅,1
2912,秋風生旅衣,1
2913,風生旅衣久,1
2914,生旅衣久貧,1
2915,旅衣久貧辭,1
2916,衣久貧辭國,1
2917,久貧辭國遠,1
2918,貧辭國遠多,1
2919,辭國遠多病,1
2920,國遠多病在,1
2921,遠多病在家,1
2922,多病在家稀,1
2923,病在家稀山,1
2924,在家稀山暝,1
2925,家稀山暝客,1
2926,稀山暝客初,1
2927,山暝客初散,1
2928,暝客初散樹,1
2929,客初散樹涼,1
2930,初散樹涼人,1
2931,散樹涼人未,1
2932,樹涼人未歸,1
2933,涼人未歸西,1
2934,人未歸西都,1
2935,未歸西都萬,1
2936,歸西都萬餘,1
2937,西都萬餘裏,1
2938,都萬餘裏明,1
2939,萬餘裏明旦,1
2940,餘裏明旦別,1
2941,裏明旦別柴,1
2942,明旦別柴扉,1
2943,旦別柴扉月,1
2944,別柴扉月涼,1
2945,柴扉月涼風,1
2946,扉月涼風靜,1
2947,月涼風靜夜,1
2948,涼風靜夜歸,1
2949,風靜夜歸客,1
2950,靜夜歸客泊,1
2951,夜歸客泊岩,1
2952,歸客泊岩前,1
2953,客泊岩前橋,1
2954,泊岩前橋響,1
2955,岩前橋響犬,1
2956,前橋響犬遙,1
2957,橋響犬遙吠,1
2958,響犬遙吠庭,1
2959,犬遙吠庭空,1
2960,遙吠庭空人,1
2961,吠庭空人散,1
2962,庭空人散眠,1
2963,空人散眠紫,1
2964,人散眠紫蒲,1
2965,散眠紫蒲低,1
2966,眠紫蒲低水,1
2967,紫蒲低水檻,1
2968,蒲低水檻紅,1
2969,低水檻紅葉,1
2970,水檻紅葉半,1
2971,檻紅葉半江,1
2972,紅葉半江船,1
2973,葉半江船自,1
2974,半江船自有,1
2975,江船自有還,1
2976,船自有還家,1
2977,自有還家計,1
2978,有還家計南,1
2979,還家計南湖,1
2980,家計南湖二,1
2981,計南湖二頃,1
2982,南湖二頃田,1
2983,湖二頃田昔,1
2984,二頃田昔人,1
2985,頃田昔人詩,1
2986,田昔人詩酒,1
2987,昔人詩酒地,1
2988,人詩酒地芳,1
2989,詩酒地芳草,1
2990,酒地芳草思,1
2991,地芳草思王,1
2992,芳草思王孫,1
2993,草思王孫白,1
2994,思王孫白水,1
2995,王孫白水半,1
2996,孫白水半塘,1
2997,白水半塘岸,1
2998,水半塘岸青,1
2999,半塘岸青山,1
3000,塘岸青山橫,1
3001,岸青山橫郭,1
3002,青山橫郭門,1
3003,山橫郭門懸,1
3004,橫郭門懸岩,1
3005,郭門懸岩碑,1
3006,門懸岩碑已,1
3007,懸岩碑已折,1
3008,岩碑已折磐,1
3009,碑已折磐石,1
3010,已折磐石井,1
3011,折磐石井猶,1
3012,磐石井猶存,1
3013,石井猶存無,1
3014,井猶存無處,1
3015,猶存無處繼,1
3016,存無處繼行,1
3017,無處繼行樂,1
3018,處繼行樂野,1
3019,繼行樂野花,1
3020,行樂野花空,1
3021,樂野花空一,1
3022,野花空一尊,1
3023,花空一尊蕭,1
3024,空一尊蕭蕭,1
3025,一尊蕭蕭淩,1
3026,尊蕭蕭淩雪,1
3027,蕭蕭淩雪霜,1
3028,蕭淩雪霜濃,1
3029,淩雪霜濃翠,1
3030,雪霜濃翠異,1
3031,霜濃翠異三,1
3032,濃翠異三湘,1
3033,翠異三湘疏,1
3034,異三湘疏影,1
3035,三湘疏影月,1
3036,湘疏影月移,1
3037,疏影月移壁,1
3038,影月移壁寒,1
3039,月移壁寒聲,1
3040,移壁寒聲風,1
3041,壁寒聲風滿,1
3042,寒聲風滿堂,1
3043,聲風滿堂捲,1
3044,風滿堂捲簾,1
3045,滿堂捲簾秋,1
3046,堂捲簾秋更,1
3047,捲簾秋更早,1
3048,簾秋更早高,1
3049,秋更早高枕,1
3050,更早高枕夜,1
3051,早高枕夜偏,1
3052,高枕夜偏長,1
3053,枕夜偏長忽,1
3054,夜偏長忽憶,1
3055,偏長忽憶秦,1
3056,長忽憶秦溪,1
3057,忽憶秦溪路,1
3058,憶秦溪路萬,1
3059,秦溪路萬竿,1
3060,溪路萬竿今,1
3061,路萬竿今正,1
3062,萬竿今正涼,1
3063,竿今正涼繞,1
3064,今正涼繞屋,1
3065,正涼繞屋遍,1
3066,涼繞屋遍桑,1
3067,繞屋遍桑麻,1
3068,屋遍桑麻村,1
3069,遍桑麻村南,1
3070,桑麻村南第,1
3071,麻村南第一,1
3072,村南第一家,1
3073,南第一家林,1
3074,第一家林繁,1
3075,一家林繁樹,1
3076,家林繁樹勢,1
3077,林繁樹勢直,1
3078,繁樹勢直溪,1
3079,樹勢直溪轉,1
3080,勢直溪轉水,1
3081,直溪轉水紋,1
3082,溪轉水紋斜,1
3083,轉水紋斜竹,1
3084,水紋斜竹院,1
3085,紋斜竹院晝,1
3086,斜竹院晝看,1
3087,竹院晝看筍,1
3088,院晝看筍藥,1
3089,晝看筍藥欄,1
3090,看筍藥欄春,1
3091,筍藥欄春賣,1
3092,藥欄春賣花,1
3093,欄春賣花故,1
3094,春賣花故園,1
3095,賣花故園歸,1
3096,花故園歸未,1
3097,故園歸未得,1
3098,園歸未得到,1
3099,歸未得到此,1
3100,未得到此是,1
3101,得到此是天,1
3102,到此是天涯,1
3103,此是天涯北,1
3104,是天涯北嶺,1
3105,天涯北嶺枕,1
3106,涯北嶺枕南,1
3107,北嶺枕南塘,1
3108,嶺枕南塘數,1
3109,枕南塘數家,1
3110,南塘數家村,1
3111,塘數家村落,1
3112,數家村落長,1
3113,家村落長鶯,1
3114,村落長鶯啼,1
3115,落長鶯啼幼,1
3116,長鶯啼幼婦,1
3117,鶯啼幼婦懶,1
3118,啼幼婦懶蠶,1
3119,幼婦懶蠶出,1
3120,婦懶蠶出小,1
3121,懶蠶出小姑,1
3122,蠶出小姑忙,1
3123,出小姑忙煙,1
3124,小姑忙煙草,1
3125,姑忙煙草近,1
3126,忙煙草近溝,1
3127,煙草近溝濕,1
3128,草近溝濕風,1
3129,近溝濕風花,1
3130,溝濕風花臨,1
3131,濕風花臨路,1
3132,風花臨路香,1
3133,花臨路香自,1
3134,臨路香自憐,1
3135,路香自憐非,1
3136,香自憐非楚,1
3137,自憐非楚客,1
3138,憐非楚客春,1
3139,非楚客春望,1
3140,楚客春望亦,1
3141,客春望亦心,1
3142,春望亦心傷,1
3143,望亦心傷蕭,1
3144,亦心傷蕭寺,1
3145,心傷蕭寺暫,1
3146,傷蕭寺暫相,1
3147,蕭寺暫相逢,1
3148,寺暫相逢離,1
3149,暫相逢離憂,1
3150,相逢離憂滿,1
3151,逢離憂滿病,1
3152,離憂滿病容,1
3153,憂滿病容寒,1
3154,滿病容寒齋,1
3155,病容寒齋秋,1
3156,容寒齋秋少,1
3157,寒齋秋少燕,1
3158,齋秋少燕陰,1
3159,秋少燕陰壁,1
3160,少燕陰壁夜,1
3161,燕陰壁夜多,1
3162,陰壁夜多蛩,1
3163,壁夜多蛩樹,1
3164,夜多蛩樹暗,1
3165,多蛩樹暗水,1
3166,蛩樹暗水千,1
3167,樹暗水千里,1
3168,暗水千里山,1
3169,水千里山深,1
3170,千里山深雲,1
3171,里山深雲萬,1
3172,山深雲萬重,1
3173,深雲萬重懷,1
3174,雲萬重懷君,1
3175,萬重懷君在,1
3176,重懷君在書,1
3177,懷君在書信,1
3178,君在書信莫,1
3179,在書信莫過,1
3180,書信莫過雁,1
3181,信莫過雁回,1
3182,莫過雁回峰,1
3183,過雁回峰氣,1
3184,雁回峰氣逸,1
3185,回峰氣逸何,1
3186,峰氣逸何人,1
3187,氣逸何人識,1
3188,逸何人識才,1
3189,何人識才高,1
3190,人識才高舉,1
3191,識才高舉世,1
3192,才高舉世疑,1
3193,高舉世疑禰,1
3194,舉世疑禰生,1
3195,世疑禰生狂,1
3196,疑禰生狂善,1
3197,禰生狂善賦,1
3198,生狂善賦陶,1
3199,狂善賦陶令,1
3200,善賦陶令醉,1
3201,賦陶令醉能,1
3202,陶令醉能詩,1
3203,令醉能詩碧,1
3204,醉能詩碧水,1
3205,能詩碧水鱸,1
3206,詩碧水鱸魚,1
3207,碧水鱸魚思,1
3208,水鱸魚思青,1
3209,鱸魚思青山,1
3210,魚思青山鵩,1
3211,思青山鵩鳥,1
3212,青山鵩鳥悲,1
3213,山鵩鳥悲至,1
3214,鵩鳥悲至今,1
3215,鳥悲至今孤,1
3216,悲至今孤塚,1
3217,至今孤塚在,1
3218,今孤塚在荊,1
3219,孤塚在荊棘,1
3220,塚在荊棘楚,1
3221,在荊棘楚江,1
3222,荊棘楚江湄,1
3223,棘楚江湄故,1
3224,楚江湄故人,1
3225,江湄故人天,1
3226,湄故人天下,1
3227,故人天下定,1
3228,人天下定垂,1
3229,天下定垂釣,1
3230,下定垂釣碧,1
3231,定垂釣碧岩,1
3232,垂釣碧岩幽,1
3233,釣碧岩幽舊,1
3234,碧岩幽舊跡,1
3235,岩幽舊跡隨,1
3236,幽舊跡隨台,1
3237,舊跡隨台古,1
3238,跡隨台古高,1
3239,隨台古高名,1
3240,台古高名寄,1
3241,古高名寄水,1
3242,高名寄水流,1
3243,名寄水流鳥,1
3244,寄水流鳥喧,1
3245,水流鳥喧群,1
3246,流鳥喧群木,1
3247,鳥喧群木晚,1
3248,喧群木晚蟬,1
3249,群木晚蟬急,1
3250,木晚蟬急眾,1
3251,晚蟬急眾山,1
3252,蟬急眾山秋,1
3253,急眾山秋更,1
3254,眾山秋更待,1
3255,山秋更待新,1
3256,秋更待新安,1
3257,更待新安月,1
3258,待新安月憑,1
3259,新安月憑君,1
3260,安月憑君暫,1
3261,月憑君暫駐,1
3262,憑君暫駐舟,1
3263,君暫駐舟南,1
3264,暫駐舟南樓,1
3265,駐舟南樓春,1
3266,舟南樓春一,1
3267,南樓春一望,1
3268,樓春一望雲,1
3269,春一望雲水,1
3270,一望雲水共,1
3271,望雲水共昏,1
3272,雲水共昏昏,1
3273,水共昏昏野,1
3274,共昏昏野店,1
3275,昏昏野店歸,1
3276,昏野店歸山,1
3277,野店歸山路,1
3278,店歸山路危,1
3279,歸山路危橋,1
3280,山路危橋帶,1
3281,路危橋帶郭,1
3282,危橋帶郭村,1
3283,橋帶郭村晴,1
3284,帶郭村晴煙,1
3285,郭村晴煙和,1
3286,村晴煙和草,1
3287,晴煙和草色,1
3288,煙和草色夜,1
3289,和草色夜雨,1
3290,草色夜雨長,1
3291,色夜雨長溪,1
3292,夜雨長溪痕,1
3293,雨長溪痕下,1
3294,長溪痕下岸,1
3295,溪痕下岸誰,1
3296,痕下岸誰家,1
3297,下岸誰家住,1
3298,岸誰家住殘,1
3299,誰家住殘陽,1
3300,家住殘陽半,1
3301,住殘陽半掩,1
3302,殘陽半掩門,1
3303,陽半掩門飄,1
3304,半掩門飄飄,1
3305,掩門飄飄隨,1
3306,門飄飄隨晚,1
3307,飄飄隨晚浪,1
3308,飄隨晚浪杯,1
3309,隨晚浪杯影,1
3310,晚浪杯影入,1
3311,浪杯影入鷗,1
3312,杯影入鷗群,1
3313,影入鷗群岸,1
3314,入鷗群岸凍,1
3315,鷗群岸凍千,1
3316,群岸凍千船,1
3317,岸凍千船雪,1
3318,凍千船雪岩,1
3319,千船雪岩陰,1
3320,船雪岩陰一,1
3321,雪岩陰一寺,1
3322,岩陰一寺雲,1
3323,陰一寺雲夜,1
3324,一寺雲夜燈,1
3325,寺雲夜燈江,1
3326,雲夜燈江北,1
3327,夜燈江北見,1
3328,燈江北見寒,1
3329,江北見寒磬,1
3330,北見寒磬水,1
3331,見寒磬水西,1
3332,寒磬水西聞,1
3333,磬水西聞鶴,1
3334,水西聞鶴嶺,1
3335,西聞鶴嶺煙,1
3336,聞鶴嶺煙霞,1
3337,鶴嶺煙霞在,1
3338,嶺煙霞在歸,1
3339,煙霞在歸期,1
3340,霞在歸期不,1
3341,在歸期不羨,1
3342,歸期不羨君,1
3343,期不羨君綠,1
3344,不羨君綠樹,1
3345,羨君綠樹蔭,1
3346,君綠樹蔭青,1
3347,綠樹蔭青苔,1
3348,樹蔭青苔柴,1
3349,蔭青苔柴門,1
3350,青苔柴門臨,1
3351,苔柴門臨水,1
3352,柴門臨水開,1
3353,門臨水開簟,1
3354,臨水開簟涼,1
3355,水開簟涼初,1
3356,開簟涼初熟,1
3357,簟涼初熟麥,1
3358,涼初熟麥枕,1
3359,初熟麥枕膩,1
3360,熟麥枕膩乍,1
3361,麥枕膩乍經,1
3362,枕膩乍經梅,1
3363,膩乍經梅魚,1
3364,乍經梅魚躍,1
3365,經梅魚躍海,1
3366,梅魚躍海風,1
3367,魚躍海風起,1
3368,躍海風起鼉,1
3369,海風起鼉鳴,1
3370,風起鼉鳴江,1
3371,起鼉鳴江雨,1
3372,鼉鳴江雨來,1
3373,鳴江雨來佳,1
3374,江雨來佳人,1
3375,雨來佳人竟,1
3376,來佳人竟何,1
3377,佳人竟何處,1
3378,人竟何處日,1
3379,竟何處日夕,1
3380,何處日夕上,1
3381,處日夕上樓,1
3382,日夕上樓臺,1
3383,夕上樓臺磻,1
3384,上樓臺磻溪,1
3385,樓臺磻溪連,1
3386,臺磻溪連灞,1
3387,磻溪連灞水,1
3388,溪連灞水商,1
3389,連灞水商嶺,1
3390,灞水商嶺接,1
3391,水商嶺接秦,1
3392,商嶺接秦山,1
3393,嶺接秦山青,1
3394,接秦山青漢,1
3395,秦山青漢不,1
3396,山青漢不回,1
3397,青漢不回駕,1
3398,漢不回駕白,1
3399,不回駕白雲,1
3400,回駕白雲長,1
3401,駕白雲長掩,1
3402,白雲長掩關,1
3403,雲長掩關雀,1
3404,長掩關雀喧,1
3405,掩關雀喧知,1
3406,關雀喧知鶴,1
3407,雀喧知鶴靜,1
3408,喧知鶴靜鳧,1
3409,知鶴靜鳧戲,1
3410,鶴靜鳧戲識,1
3411,靜鳧戲識鷗,1
3412,鳧戲識鷗閑,1
3413,戲識鷗閑卻,1
3414,識鷗閑卻笑,1
3415,鷗閑卻笑南,1
3416,閑卻笑南昌,1
3417,卻笑南昌尉,1
3418,笑南昌尉悠,1
3419,南昌尉悠悠,1
3420,昌尉悠悠城,1
3421,尉悠悠城市,1
3422,悠悠城市間,1
3423,悠城市間溪,1
3424,城市間溪亭,1
3425,市間溪亭四,1
3426,間溪亭四面,1
3427,溪亭四面山,1
3428,亭四面山橫,1
3429,四面山橫柳,1
3430,面山橫柳半,1
3431,山橫柳半溪,1
3432,橫柳半溪灣,1
3433,柳半溪灣蟬,1
3434,半溪灣蟬響,1
3435,溪灣蟬響螳,1
3436,灣蟬響螳螂,1
3437,蟬響螳螂急,1
3438,響螳螂急魚,1
3439,螳螂急魚深,1
3440,螂急魚深翡,1
3441,急魚深翡翠,1
3442,魚深翡翠閑,1
3443,深翡翠閑水,1
3444,翡翠閑水寒,1
3445,翠閑水寒留,1
3446,閑水寒留客,1
3447,水寒留客醉,1
3448,寒留客醉月,1
3449,留客醉月上,1
3450,客醉月上與,1
3451,醉月上與僧,1
3452,月上與僧還,1
3453,上與僧還猶,1
3454,與僧還猶戀,1
3455,僧還猶戀蕭,1
3456,還猶戀蕭蕭,1
3457,猶戀蕭蕭竹,1
3458,戀蕭蕭竹西,1
3459,蕭蕭竹西齋,1
3460,蕭竹西齋未,1
3461,竹西齋未掩,1
3462,西齋未掩關,1
3463,齋未掩關暖,1
3464,未掩關暖枕,1
3465,掩關暖枕眠,1
3466,關暖枕眠溪,1
3467,暖枕眠溪柳,1
3468,枕眠溪柳僧,1
3469,眠溪柳僧齋,1
3470,溪柳僧齋昨,1
3471,柳僧齋昨夜,1
3472,僧齋昨夜期,1
3473,齋昨夜期茶,1
3474,昨夜期茶香,1
3475,夜期茶香秋,1
3476,期茶香秋夢,1
3477,茶香秋夢後,1
3478,香秋夢後松,1
3479,秋夢後松韻,1
3480,夢後松韻晚,1
3481,後松韻晚吟,1
3482,松韻晚吟時,1
3483,韻晚吟時共,1
3484,晚吟時共戲,1
3485,吟時共戲魚,1
3486,時共戲魚翻,1
3487,共戲魚翻藻,1
3488,戲魚翻藻爭,1
3489,魚翻藻爭棲,1
3490,翻藻爭棲鳥,1
3491,藻爭棲鳥墜,1
3492,爭棲鳥墜枝,1
3493,棲鳥墜枝重,1
3494,鳥墜枝重陽,1
3495,墜枝重陽應,1
3496,枝重陽應一,1
3497,重陽應一醉,1
3498,陽應一醉栽,1
3499,應一醉栽菊,1
3500,一醉栽菊助,1
3501,醉栽菊助東,1
3502,栽菊助東籬,1
3503,菊助東籬紅,1
3504,助東籬紅葉,1
3505,東籬紅葉晚,1
3506,籬紅葉晚蕭,1
3507,紅葉晚蕭蕭,1
3508,葉晚蕭蕭長,1
3509,晚蕭蕭長亭,1
3510,蕭蕭長亭酒,1
3511,蕭長亭酒一,1
3512,條樹色隨山,1
3513,樹色隨山迥,1
3514,色隨山迥河,1
3515,隨山迥河聲,1
3516,山迥河聲入,1
3517,迥河聲入海,1
3518,河聲入海遙,1
3519,聲入海遙帝,1
3520,入海遙帝鄉,1
3521,海遙帝鄉明,1
3522,遙帝鄉明日,1
3523,帝鄉明日到,1
3524,鄉明日到猶,1
3525,明日到猶自,1
3526,日到猶自夢,1
3527,到猶自夢漁,1
3528,猶自夢漁樵,1
3529,自夢漁樵吳,1
3530,夢漁樵吳歌,1
3531,漁樵吳歌咽,1
3532,樵吳歌咽深,1
3533,吳歌咽深思,1
3534,歌咽深思楚,1
3535,咽深思楚客,1
3536,深思楚客怨,1
3537,思楚客怨歸,1
3538,楚客怨歸程,1
3539,客怨歸程寺,1
3540,怨歸程寺曉,1
3541,歸程寺曉樓,1
3542,程寺曉樓臺,1
3543,寺曉樓臺迥,1
3544,曉樓臺迥江,1
3545,樓臺迥江秋,1
3546,臺迥江秋管,1
3547,迥江秋管吹,1
3548,江秋管吹清,1
3549,秋管吹清早,1
3550,管吹清早潮,1
3551,吹清早潮低,1
3552,清早潮低水,1
3553,早潮低水檻,1
3554,潮低水檻殘,1
3555,低水檻殘月,1
3556,水檻殘月下,1
3557,檻殘月下山,1
3558,殘月下山城,1
3559,月下山城惆,1
3560,下山城惆悵,1
3561,山城惆悵回,1
3562,城惆悵回舟,1
3563,惆悵回舟日,1
3564,悵回舟日湘,1
3565,回舟日湘南,1
3566,舟日湘南春,1
3567,日湘南春草,1
3568,湘南春草生,1
3569,南春草生禪,1
3570,春草生禪床,1
3571,草生禪床深,1
3572,生禪床深竹,1
3573,禪床深竹裏,1
3574,床深竹裏心,1
3575,深竹裏心與,1
3576,竹裏心與徑,1
3577,裏心與徑山,1
3578,心與徑山期,1
3579,與徑山期結,1
3580,徑山期結社,1
3581,山期結社多,1
3582,期結社多高,1
3583,結社多高客,1
3584,社多高客登,1
3585,多高客登壇,1
3586,高客登壇盡,1
3587,客登壇盡小,1
3588,登壇盡小師,1
3589,壇盡小師早,1
3590,盡小師早秋,1
3591,小師早秋歸,1
3592,師早秋歸寺,1
3593,早秋歸寺遠,1
3594,秋歸寺遠新,1
3595,歸寺遠新雨,1
3596,寺遠新雨上,1
3597,遠新雨上灘,1
3598,新雨上灘遲,1
3599,雨上灘遲別,1
3600,上灘遲別後,1
3601,灘遲別後江,1
3602,遲別後江雲,1
3603,別後江雲碧,1
3604,後江雲碧南,1
3605,江雲碧南齋,1
3606,雲碧南齋一,1
3607,碧南齋一首,1
3608,南齋一首詩,1
3609,齋一首詩征,1
3610,一首詩征車,1
3611,首詩征車何,1
3612,詩征車何軋,1
3613,征車何軋軋,1
3614,車何軋軋南,1
3615,何軋軋南北,1
3616,軋軋南北極,1
3617,軋南北極天,1
3618,南北極天涯,1
3619,北極天涯孤,1
3620,極天涯孤枕,1
3621,天涯孤枕易,1
3622,涯孤枕易為,1
3623,孤枕易為客,1
3624,枕易為客遠,1
3625,易為客遠書,1
3626,為客遠書難,1
3627,客遠書難到,1
3628,遠書難到家,1
3629,書難到家鄉,1
3630,難到家鄉連,1
3631,到家鄉連雲,1
3632,家鄉連雲外,1
3633,鄉連雲外樹,1
3634,連雲外樹城,1
3635,雲外樹城閉,1
3636,外樹城閉月,1
3637,樹城閉月中,1
3638,城閉月中花,1
3639,閉月中花猶,1
3640,月中花猶有,1
3641,中花猶有扁,1
3642,花猶有扁舟,1
3643,猶有扁舟思,1
3644,有扁舟思前,1
3645,扁舟思前年,1
3646,舟思前年別,1
3647,思前年別若,1
3648,前年別若耶,1
3649,年別若耶東,1
3650,別若耶東西,1
3651,若耶東西車,1
3652,耶東西車馬,1
3653,東西車馬塵,1
3654,西車馬塵鞏,1
3655,車馬塵鞏洛,1
3656,馬塵鞏洛與,1
3657,塵鞏洛與咸,1
3658,鞏洛與咸秦,1
3659,洛與咸秦山,1
3660,與咸秦山月,1
3661,咸秦山月夜,1
3662,秦山月夜行,1
3663,山月夜行客,1
3664,月夜行客水,1
3665,夜行客水煙,1
3666,行客水煙朝,1
3667,客水煙朝渡,1
3668,水煙朝渡人,1
3669,煙朝渡人樹,1
3670,朝渡人樹涼,1
3671,渡人樹涼風,1
3672,人樹涼風皓,1
3673,樹涼風皓皓,1
3674,涼風皓皓灘,1
3675,風皓皓灘淺,1
3676,皓皓灘淺石,1
3677,皓灘淺石磷,1
3678,灘淺石磷磷,1
3679,淺石磷磷會,1
3680,石磷磷會待,1
3681,磷磷會待功,1
3682,磷會待功名,1
3683,會待功名就,1
3684,待功名就扁,1
3685,功名就扁舟,1
3686,名就扁舟寄,1
3687,就扁舟寄此,1
3688,扁舟寄此身,1
3689,舟寄此身漠,1
3690,寄此身漠漠,1
3691,此身漠漠故,1
3692,身漠漠故宮,1
3693,漠漠故宮地,1
3694,漠故宮地月,1
3695,故宮地月涼,1
3696,宮地月涼風,1
3697,地月涼風露,1
3698,月涼風露幽,1
3699,涼風露幽雞,1
3700,風露幽雞鳴,1
3701,露幽雞鳴荒,1
3702,幽雞鳴荒戍,1
3703,雞鳴荒戍曉,1
3704,鳴荒戍曉雁,1
3705,荒戍曉雁過,1
3706,戍曉雁過古,1
3707,曉雁過古城,1
3708,雁過古城秋,1
3709,過古城秋楊,1
3710,古城秋楊柳,1
3711,城秋楊柳北,1
3712,秋楊柳北歸,1
3713,楊柳北歸路,1
3714,柳北歸路蒹,1
3715,北歸路蒹葭,1
3716,歸路蒹葭南,1
3717,路蒹葭南渡,1
3718,蒹葭南渡舟,1
3719,葭南渡舟去,1
3720,南渡舟去鄉,1
3721,渡舟去鄉今,1
3722,舟去鄉今已,1
3723,去鄉今已遠,1
3724,鄉今已遠更,1
3725,今已遠更上,1
3726,已遠更上望,1
3727,遠更上望京,1
3728,更上望京樓,1
3729,上望京樓宴,1
3730,望京樓宴罷,1
3731,京樓宴罷眾,1
3732,樓宴罷眾賓,1
3733,宴罷眾賓散,1
3734,罷眾賓散長,1
3735,眾賓散長歌,1
3736,賓散長歌攜,1
3737,散長歌攜一,1
3738,長歌攜一卮,1
3739,歌攜一卮溪,1
3740,攜一卮溪亭,1
3741,一卮溪亭相,1
3742,卮溪亭相送,1
3743,溪亭相送遠,1
3744,亭相送遠山,1
3745,相送遠山郭,1
3746,送遠山郭獨,1
3747,遠山郭獨歸,1
3748,山郭獨歸遲,1
3749,郭獨歸遲風,1
3750,獨歸遲風檻,1
3751,歸遲風檻夕,1
3752,遲風檻夕雲,1
3753,風檻夕雲散,1
3754,檻夕雲散月,1
3755,夕雲散月軒,1
3756,雲散月軒寒,1
3757,散月軒寒露,1
3758,月軒寒露滋,1
3759,軒寒露滋病,1
3760,寒露滋病來,1
3761,露滋病來雙,1
3762,滋病來雙鬢,1
3763,病來雙鬢白,1
3764,來雙鬢白不,1
3765,雙鬢白不是,1
3766,鬢白不是舊,1
3767,白不是舊離,1
3768,不是舊離時,1
3769,是舊離時越,1
3770,舊離時越兵,1
3771,離時越兵驅,1
3772,時越兵驅綺,1
3773,越兵驅綺羅,1
3774,兵驅綺羅越,1
3775,驅綺羅越女,1
3776,綺羅越女唱,1
3777,羅越女唱吳,1
3778,越女唱吳歌,1
3779,女唱吳歌宮,1
3780,唱吳歌宮盡,1
3781,吳歌宮盡燕,1
3782,歌宮盡燕聲,1
3783,宮盡燕聲少,1
3784,盡燕聲少台,1
3785,燕聲少台荒,1
3786,聲少台荒麋,1
3787,少台荒麋跡,1
3788,台荒麋跡多,1
3789,荒麋跡多茱,1
3790,麋跡多茱萸,1
3791,跡多茱萸垂,1
3792,多茱萸垂曉,1
3793,茱萸垂曉露,1
3794,萸垂曉露菡,1
3795,垂曉露菡萏,1
3796,曉露菡萏落,1
3797,露菡萏落秋,1
3798,菡萏落秋波,1
3799,萏落秋波無,1
3800,落秋波無複,1
3801,秋波無複君,1
3802,波無複君王,1
3803,無複君王醉,1
3804,複君王醉滿,1
3805,君王醉滿城,1
3806,王醉滿城顰,1
3807,醉滿城顰翠,1
3808,滿城顰翠蛾,1
3809,城顰翠蛾香,1
3810,顰翠蛾香徑,1
3811,翠蛾香徑繞,1
3812,蛾香徑繞吳,1
3813,香徑繞吳宮,1
3814,徑繞吳宮千,1
3815,繞吳宮千帆,1
3816,吳宮千帆落,1
3817,宮千帆落照,1
3818,千帆落照中,1
3819,帆落照中鸛,1
3820,落照中鸛鳴,1
3821,照中鸛鳴山,1
3822,中鸛鳴山欲,1
3823,鸛鳴山欲雨,1
3824,鳴山欲雨魚,1
3825,山欲雨魚躍,1
3826,欲雨魚躍水,1
3827,雨魚躍水多,1
3828,魚躍水多風,1
3829,躍水多風城,1
3830,水多風城帶,1
3831,多風城帶晚,1
3832,風城帶晚莎,1
3833,城帶晚莎綠,1
3834,帶晚莎綠池,1
3835,晚莎綠池連,1
3836,莎綠池連秋,1
3837,綠池連秋蓼,1
3838,池連秋蓼紅,1
3839,連秋蓼紅當,1
3840,秋蓼紅當年,1
3841,蓼紅當年國,1
3842,紅當年國門,1
3843,當年國門外,1
3844,年國門外誰,1
3845,國門外誰識,1
3846,門外誰識伍,1
3847,外誰識伍員,1
3848,誰識伍員忠,1
3849,識伍員忠草,1
3850,伍員忠草堂,1
3851,員忠草堂近,1
3852,忠草堂近西,1
3853,草堂近西郭,1
3854,堂近西郭遙,1
3855,近西郭遙對,1
3856,西郭遙對敬,1
3857,郭遙對敬亭,1
3858,遙對敬亭開,1
3859,對敬亭開枕,1
3860,敬亭開枕膩,1
3861,亭開枕膩海,1
3862,開枕膩海雲,1
3863,枕膩海雲起,1
3864,膩海雲起簟,1
3865,海雲起簟涼,1
3866,雲起簟涼山,1
3867,起簟涼山雨,1
3868,簟涼山雨來,1
3869,涼山雨來高,1
3870,山雨來高歌,1
3871,雨來高歌懷,1
3872,來高歌懷地,1
3873,高歌懷地肺,1
3874,歌懷地肺遠,1
3875,懷地肺遠賦,1
3876,地肺遠賦憶,1
3877,肺遠賦憶天,1
3878,遠賦憶天臺,1
3879,賦憶天臺應,1
3880,憶天臺應學,1
3881,天臺應學相,1
3882,臺應學相如,1
3883,應學相如志,1
3884,學相如志終,1
3885,相如志終須,1
3886,如志終須駟,1
3887,志終須駟馬,1
3888,終須駟馬回,1
3889,須駟馬回西,1
3890,駟馬回西岩,1
3891,馬回西岩有,1
3892,回西岩有高,1
3893,西岩有高興,1
3894,岩有高興路,1
3895,有高興路僻,1
3896,高興路僻幾,1
3897,興路僻幾人,1
3898,路僻幾人知,1
3899,僻幾人知松,1
3900,幾人知松蔭,1
3901,人知松蔭花,1
3902,知松蔭花開,1
3903,松蔭花開晚,1
3904,蔭花開晚山,1
3905,花開晚山寒,1
3906,開晚山寒酒,1
3907,晚山寒酒熟,1
3908,山寒酒熟遲,1
3909,寒酒熟遲遊,1
3910,酒熟遲遊從,1
3911,熟遲遊從隨,1
3912,遲遊從隨野,1
3913,遊從隨野鶴,1
3914,從隨野鶴休,1
3915,隨野鶴休息,1
3916,野鶴休息遇,1
3917,鶴休息遇靈,1
3918,休息遇靈龜,1
3919,息遇靈龜長,1
3920,遇靈龜長見,1
3921,靈龜長見鄰,1
3922,龜長見鄰翁,1
3923,長見鄰翁說,1
3924,見鄰翁說容,1
3925,鄰翁說容華,1
3926,翁說容華似,1
3927,說容華似舊,1
3928,容華似舊時,1
3929,華似舊時懷,1
3930,似舊時懷土,1
3931,舊時懷土泣,1
3932,時懷土泣京,1
3933,懷土泣京華,1
3934,土泣京華舊,1
3935,泣京華舊山,1
3936,京華舊山歸,1
3937,華舊山歸路,1
3938,舊山歸路賒,1
3939,山歸路賒靜,1
3940,歸路賒靜依,1
3941,路賒靜依禪,1
3942,賒靜依禪客,1
3943,靜依禪客院,1
3944,依禪客院幽,1
3945,禪客院幽學,1
3946,客院幽學野,1
3947,院幽學野人,1
3948,幽學野人家,1
3949,學野人家林,1
3950,野人家林晚,1
3951,人家林晚鳥,1
3952,爭樹園春蝶,1
3953,樹園春蝶護,1
3954,園春蝶護花,1
3955,春蝶護花東,1
3956,蝶護花東門,1
3957,護花東門有,1
3958,花東門有閑,1
3959,東門有閑地,1
3960,門有閑地誰,1
3961,有閑地誰種,1
3962,閑地誰種邵,1
3963,地誰種邵平,1
3964,誰種邵平瓜,1
3965,種邵平瓜山,1
3966,邵平瓜山在,1
3967,平瓜山在水,1
3968,瓜山在水滔,1
3969,山在水滔滔,1
3970,在水滔滔流,1
3971,水滔滔流年,1
3972,滔滔流年欲,1
3973,滔流年欲二,1
3974,流年欲二毛,1
3975,年欲二毛湘,1
3976,欲二毛湘潭,1
3977,二毛湘潭歸,1
3978,毛湘潭歸夢,1
3979,湘潭歸夢遠,1
3980,潭歸夢遠燕,1
3981,歸夢遠燕趙,1
3982,夢遠燕趙客,1
3983,遠燕趙客程,1
3984,燕趙客程勞,1
3985,趙客程勞露,1
3986,客程勞露曉,1
3987,程勞露曉紅,1
3988,勞露曉紅蘭,1
3989,露曉紅蘭重,1
3990,曉紅蘭重雲,1
3991,紅蘭重雲晴,1
3992,蘭重雲晴碧,1
3993,重雲晴碧樹,1
3994,雲晴碧樹高,1
3995,晴碧樹高逢,1
3996,碧樹高逢秋,1
3997,樹高逢秋正,1
3998,高逢秋正多,1
3999,逢秋正多感,1
4000,秋正多感萬,1
4001,正多感萬里,1
4002,多感萬里別,1
4003,感萬里別同,1
4004,萬里別同袍,1
4005,里別同袍端,1
4006,別同袍端居,1
4007,同袍端居換,1
4008,袍端居換時,1
4009,端居換時節,1
4010,居換時節離,1
4011,換時節離恨,1
4012,時節離恨隔,1
4013,節離恨隔龍,1
4014,離恨隔龍瀧,1
4015,恨隔龍瀧苔,1
4016,隔龍瀧苔色,1
4017,龍瀧苔色上,1
4018,瀧苔色上春,1
4019,苔色上春閣,1
4020,色上春閣柳,1
4021,上春閣柳陰,1
4022,春閣柳陰移,1
4023,閣柳陰移晚,1
4024,柳陰移晚窗,1
4025,陰移晚窗寄,1
4026,移晚窗寄懷,1
4027,晚窗寄懷因,1
4028,窗寄懷因桂,1
4029,寄懷因桂水,1
4030,懷因桂水流,1
4031,因桂水流淚,1
4032,桂水流淚極,1
4033,水流淚極楓,1
4034,流淚極楓江,1
4035,淚極楓江此,1
4036,極楓江此日,1
4037,楓江此日南,1
4038,江此日南來,1
4039,此日南來使,1
4040,日南來使金,1
4041,南來使金盤,1
4042,來使金盤魚,1
4043,使金盤魚一,1
4044,金盤魚一雙,1
4045,盤魚一雙南,1
4046,魚一雙南國,1
4047,一雙南國別,1
4048,雙南國別經,1
4049,南國別經年,1
4050,國別經年雲,1
4051,別經年雲晴,1
4052,經年雲晴波,1
4053,年雲晴波接,1
4054,雲晴波接天,1
4055,晴波接天蒲,1
4056,波接天蒲深,1
4057,接天蒲深鸂,1
4058,天蒲深鸂鶒,1
4059,蒲深鸂鶒戲,1
4060,深鸂鶒戲花,1
4061,鸂鶒戲花暖,1
4062,鶒戲花暖鷓,1
4063,戲花暖鷓鴣,1
4064,花暖鷓鴣眠,1
4065,暖鷓鴣眠竹,1
4066,鷓鴣眠竹暗,1
4067,鴣眠竹暗湘,1
4068,眠竹暗湘妃,1
4069,竹暗湘妃廟,1
4070,暗湘妃廟楓,1
4071,湘妃廟楓陰,1
4072,妃廟楓陰楚,1
4073,廟楓陰楚客,1
4074,楓陰楚客船,1
4075,陰楚客船唯,1
4076,楚客船唯應,1
4077,客船唯應洞,1
4078,船唯應洞庭,1
4079,唯應洞庭月,1
4080,應洞庭月萬,1
4081,洞庭月萬里,1
4082,庭月萬里共,1
4083,月萬里共嬋,1
4084,萬里共嬋娟,1
4085,里共嬋娟故,1
4086,共嬋娟故國,1
4087,嬋娟故國無,1
4088,娟故國無歸,1
4089,故國無歸處,1
4090,國無歸處官,1
4091,無歸處官閑,1
4092,歸處官閑憶,1
4093,處官閑憶遠,1
4094,官閑憶遠遊,1
4095,閑憶遠遊吳,1
4096,憶遠遊吳僧,1
4097,遠遊吳僧秣,1
4098,遊吳僧秣陵,1
4099,吳僧秣陵寺,1
4100,僧秣陵寺楚,1
4101,秣陵寺楚客,1
4102,陵寺楚客洞,1
4103,寺楚客洞庭,1
4104,楚客洞庭舟,1
4105,客洞庭舟久,1
4106,洞庭舟久病,1
4107,庭舟久病先,1
4108,舟久病先知,1
4109,久病先知雨,1
4110,病先知雨長,1
4111,先知雨長貧,1
4112,知雨長貧早,1
4113,雨長貧早覺,1
4114,長貧早覺秋,1
4115,貧早覺秋壯,1
4116,早覺秋壯心,1
4117,覺秋壯心能,1
4118,秋壯心能幾,1
4119,壯心能幾許,1
4120,心能幾許伊,1
4121,能幾許伊水,1
4122,幾許伊水更,1
4123,許伊水更東,1
4124,伊水更東流,1
4125,水更東流尊,1
4126,更東流尊前,1
4127,東流尊前萬,1
4128,流尊前萬里,1
4129,尊前萬里愁,1
4130,前萬里愁楚,1
4131,萬里愁楚塞,1
4132,里愁楚塞與,1
4133,愁楚塞與皇,1
4134,楚塞與皇州,1
4135,塞與皇州雲,1
4136,與皇州雲識,1
4137,皇州雲識瀟,1
4138,州雲識瀟湘,1
4139,雲識瀟湘雨,1
4140,識瀟湘雨風,1
4141,瀟湘雨風知,1
4142,湘雨風知鄠,1
4143,雨風知鄠杜,1
4144,風知鄠杜秋,1
4145,知鄠杜秋潮,1
4146,鄠杜秋潮平,1
4147,杜秋潮平猶,1
4148,秋潮平猶倚,1
4149,潮平猶倚棹,1
4150,平猶倚棹月,1
4151,猶倚棹月上,1
4152,倚棹月上更,1
4153,棹月上更登,1
4154,月上更登樓,1
4155,上更登樓他,1
4156,更登樓他日,1
4157,登樓他日滄,1
4158,樓他日滄浪,1
4159,他日滄浪水,1
4160,日滄浪水漁,1
4161,滄浪水漁歌,1
4162,浪水漁歌對,1
4163,水漁歌對白,1
4164,漁歌對白頭,1
4165,歌對白頭來,1
4166,對白頭來往,1
4167,白頭來往幾,1
4168,頭來往幾經,1
4169,來往幾經過,1
4170,往幾經過前,1
4171,幾經過前軒,1
4172,經過前軒枕,1
4173,過前軒枕大,1
4174,前軒枕大河,1
4175,軒枕大河遠,1
4176,枕大河遠帆,1
4177,大河遠帆春,1
4178,河遠帆春水,1
4179,遠帆春水闊,1
4180,帆春水闊高,1
4181,春水闊高寺,1
4182,水闊高寺夕,1
4183,闊高寺夕陽,1
4184,高寺夕陽多,1
4185,寺夕陽多蝶,1
4186,夕陽多蝶影,1
4187,陽多蝶影下,1
4188,多蝶影下紅,1
4189,蝶影下紅藥,1
4190,影下紅藥鳥,1
4191,下紅藥鳥聲,1
4192,紅藥鳥聲喧,1
4193,藥鳥聲喧綠,1
4194,鳥聲喧綠蘿,1
4195,聲喧綠蘿故,1
4196,喧綠蘿故山,1
4197,綠蘿故山歸,1
4198,蘿故山歸未,1
4199,故山歸未得,1
4200,山歸未得徒,1
4201,歸未得徒詠,1
4202,未得徒詠采,1
4203,得徒詠采芝,1
4204,徒詠采芝歌,1
4205,詠采芝歌豔,1
4206,采芝歌豔陽,1
4207,芝歌豔陽無,1
4208,歌豔陽無處,1
4209,豔陽無處避,1
4210,陽無處避皎,1
4211,無處避皎潔,1
4212,處避皎潔不,1
4213,避皎潔不成,1
4214,皎潔不成容,1
4215,潔不成容素,1
4216,不成容素質,1
4217,成容素質添,1
4218,容素質添瑤,1
4219,素質添瑤水,1
4220,質添瑤水清,1
4221,添瑤水清光,1
4222,瑤水清光散,1
4223,水清光散玉,1
4224,清光散玉峰,1
4225,光散玉峰眠,1
4226,散玉峰眠鷗,1
4227,玉峰眠鷗猶,1
4228,峰眠鷗猶戀,1
4229,眠鷗猶戀草,1
4230,鷗猶戀草棲,1
4231,猶戀草棲鶴,1
4232,戀草棲鶴未,1
4233,草棲鶴未離,1
4234,棲鶴未離松,1
4235,鶴未離松聞,1
4236,未離松聞在,1
4237,離松聞在金,1
4238,松聞在金鑾,1
4239,聞在金鑾望,1
4240,在金鑾望群,1
4241,金鑾望群仙,1
4242,鑾望群仙對,1
4243,望群仙對九,1
4244,群仙對九重,1
4245,仙對九重傾,1
4246,對九重傾幕,1
4247,九重傾幕來,1
4248,重傾幕來華,1
4249,傾幕來華館,1
4250,幕來華館淹,1
4251,來華館淹留,1
4252,華館淹留二,1
4253,館淹留二使,1
4254,淹留二使君,1
4255,留二使君舞,1
4256,二使君舞移,1
4257,使君舞移清,1
4258,君舞移清夜,1
4259,舞移清夜月,1
4260,移清夜月歌,1
4261,清夜月歌斷,1
4262,夜月歌斷碧,1
4263,月歌斷碧空,1
4264,歌斷碧空雲,1
4265,斷碧空雲海,1
4266,碧空雲海郡,1
4267,空雲海郡樓,1
4268,雲海郡樓臺,1
4269,海郡樓臺接,1
4270,郡樓臺接江,1
4271,樓臺接江船,1
4272,臺接江船劍,1
4273,接江船劍戟,1
4274,江船劍戟分,1
4275,船劍戟分明,1
4276,劍戟分明時,1
4277,戟分明時自,1
4278,分明時自鶱,1
4279,明時自鶱翥,1
4280,時自鶱翥無,1
4281,自鶱翥無複,1
4282,鶱翥無複歎,1
4283,翥無複歎離,1
4284,無複歎離群,1
4285,複歎離群江,1
4286,歎離群江行,1
4287,離群江行春,1
4288,群江行春欲,1
4289,江行春欲半,1
4290,行春欲半孤,1
4291,春欲半孤枕,1
4292,欲半孤枕弋,1
4293,半孤枕弋陽,1
4294,孤枕弋陽堤,1
4295,枕弋陽堤雲,1
4296,弋陽堤雲暗,1
4297,陽堤雲暗猶,1
4298,堤雲暗猶飄,1
4299,雲暗猶飄雪,1
4300,暗猶飄雪潮,1
4301,猶飄雪潮寒,1
4302,飄雪潮寒未,1
4303,雪潮寒未應,1
4304,潮寒未應溪,1
4305,寒未應溪飲,1
4306,未應溪飲猿,1
4307,應溪飲猿聞,1
4308,溪飲猿聞棹,1
4309,飲猿聞棹散,1
4310,猿聞棹散飛,1
4311,聞棹散飛鳥,1
4312,棹散飛鳥背,1
4313,散飛鳥背船,1
4314,飛鳥背船低,1
4315,鳥背船低此,1
4316,背船低此路,1
4317,船低此路成,1
4318,低此路成幽,1
4319,此路成幽絕,1
4320,路成幽絕家,1
4321,成幽絕家山,1
4322,幽絕家山鞏,1
4323,絕家山鞏洛,1
4324,家山鞏洛西,1
4325,山鞏洛西吳,1
4326,鞏洛西吳僧,1
4327,洛西吳僧誦,1
4328,西吳僧誦經,1
4329,吳僧誦經罷,1
4330,僧誦經罷敗,1
4331,誦經罷敗衲,1
4332,經罷敗衲倚,1
4333,罷敗衲倚蒲,1
4334,敗衲倚蒲團,1
4335,衲倚蒲團鐘,1
4336,倚蒲團鐘韻,1
4337,蒲團鐘韻花,1
4338,團鐘韻花猶,1
4339,鐘韻花猶斂,1
4340,韻花猶斂樓,1
4341,花猶斂樓陰,1
4342,猶斂樓陰月,1
4343,斂樓陰月向,1
4344,樓陰月向殘,1
4345,陰月向殘晴,1
4346,月向殘晴山,1
4347,向殘晴山開,1
4348,殘晴山開殿,1
4349,晴山開殿響,1
4350,山開殿響秋,1
4351,開殿響秋水,1
4352,殿響秋水捲,1
4353,響秋水捲簾,1
4354,秋水捲簾寒,1
4355,水捲簾寒獨,1
4356,捲簾寒獨恨,1
4357,簾寒獨恨孤,1
4358,寒獨恨孤舟,1
4359,獨恨孤舟去,1
4360,恨孤舟去千,1
4361,孤舟去千灘,1
4362,舟去千灘複,1
4363,去千灘複萬,1
4364,千灘複萬灘,1
4365,灘複萬灘蕭,1
4366,複萬灘蕭蕭,1
4367,萬灘蕭蕭蘆,1
4368,灘蕭蕭蘆荻,1
4369,蕭蕭蘆荻花,1
4370,蕭蘆荻花郢,1
4371,蘆荻花郢客,1
4372,荻花郢客獨,1
4373,花郢客獨辭,1
4374,郢客獨辭家,1
4375,客獨辭家遠,1
4376,獨辭家遠棹,1
4377,辭家遠棹依,1
4378,家遠棹依山,1
4379,遠棹依山響,1
4380,棹依山響危,1
4381,依山響危檣,1
4382,山響危檣轉,1
4383,響危檣轉浦,1
4384,危檣轉浦斜,1
4385,檣轉浦斜不,1
4386,轉浦斜不寒,1
4387,浦斜不寒澄,1
4388,斜不寒澄淺,1
4389,不寒澄淺石,1
4390,寒澄淺石潮,1
4391,澄淺石潮落,1
4392,淺石潮落漲,1
4393,石潮落漲虛,1
4394,潮落漲虛沙,1
4395,落漲虛沙莫,1
4396,漲虛沙莫與,1
4397,虛沙莫與征,1
4398,沙莫與征徒,1
4399,莫與征徒望,1
4400,與征徒望鄉,1
4401,征徒望鄉園,1
4402,徒望鄉園去,1
4403,望鄉園去漸,1
4404,鄉園去漸賒,1
4405,園去漸賒西,1
4406,去漸賒西岩,1
4407,漸賒西岩一,1
4408,賒西岩一磬,1
4409,西岩一磬長,1
4410,岩一磬長僧,1
4411,一磬長僧起,1
4412,磬長僧起樹,1
4413,長僧起樹蒼,1
4414,僧起樹蒼蒼,1
4415,起樹蒼蒼開,1
4416,樹蒼蒼開殿,1
4417,蒼蒼開殿灑,1
4418,蒼開殿灑寒,1
4419,開殿灑寒水,1
4420,殿灑寒水誦,1
4421,灑寒水誦經,1
4422,寒水誦經焚,1
4423,水誦經焚晚,1
4424,誦經焚晚香,1
4425,經焚晚香竹,1
4426,焚晚香竹風,1
4427,晚香竹風雲,1
4428,香竹風雲漸,1
4429,竹風雲漸散,1
4430,風雲漸散杉,1
4431,雲漸散杉露,1
4432,漸散杉露月,1
4433,散杉露月猶,1
4434,杉露月猶光,1
4435,露月猶光無,1
4436,月猶光無複,1
4437,猶光無複重,1
4438,光無複重來,1
4439,無複重來此,1
4440,複重來此歸,1
4441,重來此歸舟,1
4442,來此歸舟淩,1
4443,此歸舟淩夕,1
4444,歸舟淩夕陽,1
4445,舟淩夕陽春,1
4446,淩夕陽春尋,1
4447,夕陽春尋采,1
4448,陽春尋采藥,1
4449,春尋采藥翁,1
4450,尋采藥翁歸,1
4451,采藥翁歸路,1
4452,藥翁歸路宿,1
4453,翁歸路宿禪,1
4454,歸路宿禪宮,1
4455,路宿禪宮雲,1
4456,宿禪宮雲起,1
4457,禪宮雲起客,1
4458,宮雲起客眠,1
4459,雲起客眠處,1
4460,起客眠處月,1
4461,客眠處月殘,1
4462,眠處月殘僧,1
4463,處月殘僧定,1
4464,月殘僧定中,1
4465,殘僧定中藤,1
4466,僧定中藤花,1
4467,定中藤花深,1
4468,中藤花深洞,1
4469,藤花深洞水,1
4470,花深洞水槲,1
4471,深洞水槲葉,1
4472,洞水槲葉滿,1
4473,水槲葉滿山,1
4474,槲葉滿山風,1
4475,葉滿山風清,1
4476,滿山風清境,1
4477,山風清境不,1
4478,風清境不能,1
4479,清境不能住,1
4480,境不能住朝,1
4481,不能住朝朝,1
4482,能住朝朝慚,1
4483,住朝朝慚遠,1
4484,朝朝慚遠公,1
4485,朝慚遠公潺,1
4486,慚遠公潺湲,1
4487,遠公潺湲繞,1
4488,公潺湲繞門,1
4489,潺湲繞門水,1
4490,湲繞門水未,1
4491,繞門水未省,1
4492,門水未省濯,1
4493,水未省濯纓,1
4494,未省濯纓塵,1
4495,省濯纓塵鳥,1
4496,濯纓塵鳥散,1
4497,纓塵鳥散千,1
4498,塵鳥散千岩,1
4499,鳥散千岩曙,1
4500,散千岩曙蜂,1
4501,千岩曙蜂來,1
4502,岩曙蜂來一,1
4503,曙蜂來一徑,1
4504,蜂來一徑春,1
4505,來一徑春杉,1
4506,一徑春杉松,1
4507,徑春杉松還,1
4508,春杉松還待,1
4509,杉松還待客,1
4510,松還待客芝,1
4511,還待客芝朮,1
4512,待客芝朮不,1
4513,客芝朮不求,1
4514,芝朮不求人,1
4515,朮不求人寧,1
4516,不求人寧學,1
4517,求人寧學磻,1
4518,人寧學磻溪,1
4519,寧學磻溪叟,1
4520,學磻溪叟逢,1
4521,磻溪叟逢時,1
4522,溪叟逢時罷,1
4523,叟逢時罷隱,1
4524,逢時罷隱淪,1
4525,時罷隱淪南,1
4526,罷隱淪南樓,1
4527,隱淪南樓送,1
4528,淪南樓送郢,1
4529,南樓送郢客,1
4530,樓送郢客西,1
4531,送郢客西郭,1
4532,郢客西郭見,1
4533,客西郭見荊,1
4534,西郭見荊門,1
4535,郭見荊門鳧,1
4536,見荊門鳧鵠,1
4537,荊門鳧鵠下,1
4538,門鳧鵠下寒,1
4539,鳧鵠下寒渚,1
4540,鵠下寒渚牛,1
4541,下寒渚牛羊,1
4542,寒渚牛羊歸,1
4543,渚牛羊歸遠,1
4544,牛羊歸遠村,1
4545,羊歸遠村蘭,1
4546,歸遠村蘭舟,1
4547,遠村蘭舟倚,1
4548,村蘭舟倚行,1
4549,蘭舟倚行棹,1
4550,舟倚行棹桂,1
4551,倚行棹桂酒,1
4552,行棹桂酒掩,1
4553,棹桂酒掩餘,1
4554,桂酒掩餘尊,1
4555,酒掩餘尊重,1
4556,掩餘尊重此,1
4557,餘尊重此一,1
4558,尊重此一留,1
4559,重此一留宿,1
4560,此一留宿前,1
4561,一留宿前村,1
4562,留宿前村煙,1
4563,宿前村煙水,1
4564,前村煙水昏,1
4565,村煙水昏儒,1
4566,煙水昏儒翁,1
4567,水昏儒翁九,1
4568,昏儒翁九十,1
4569,儒翁九十餘,1
4570,翁九十餘舊,1
4571,九十餘舊向,1
4572,十餘舊向此,1
4573,餘舊向此山,1
4574,舊向此山居,1
4575,向此山居生,1
4576,此山居生寄,1
4577,山居生寄一,1
4578,居生寄一壺,1
4579,生寄一壺酒,1
4580,寄一壺酒死,1
4581,一壺酒死留,1
4582,壺酒死留千,1
4583,酒死留千卷,1
4584,死留千卷書,1
4585,留千卷書檻,1
4586,千卷書檻摧,1
4587,卷書檻摧新,1
4588,書檻摧新竹,1
4589,檻摧新竹少,1
4590,摧新竹少池,1
4591,新竹少池淺,1
4592,竹少池淺故,1
4593,少池淺故蓮,1
4594,池淺故蓮疏,1
4595,淺故蓮疏但,1
4596,故蓮疏但有,1
4597,蓮疏但有子,1
4598,疏但有子孫,1
4599,但有子孫在,1
4600,有子孫在帶,1
4601,子孫在帶經,1
4602,孫在帶經還,1
4603,在帶經還荷,1
4604,帶經還荷鋤,1
4605,經還荷鋤曾,1
4606,還荷鋤曾經,1
4607,荷鋤曾經黑,1
4608,鋤曾經黑山,1
4609,曾經黑山虜,1
4610,經黑山虜一,1
4611,黑山虜一劍,1
4612,山虜一劍出,1
4613,虜一劍出重,1
4614,一劍出重圍,1
4615,劍出重圍年,1
4616,出重圍年長,1
4617,重圍年長窮,1
4618,圍年長窮書,1
4619,年長窮書意,1
4620,長窮書意時,1
4621,窮書意時清,1
4622,書意時清隱,1
4623,意時清隱釣,1
4624,時清隱釣磯,1
4625,清隱釣磯高,1
4626,隱釣磯高齋,1
4627,釣磯高齋雲,1
4628,磯高齋雲外,1
4629,高齋雲外住,1
4630,齋雲外住瘦,1
4631,雲外住瘦馬,1
4632,外住瘦馬月,1
4633,住瘦馬月中,1
4634,瘦馬月中歸,1
4635,馬月中歸唯,1
4636,月中歸唯說,1
4637,中歸唯說鄉,1
4638,歸唯說鄉心,1
4639,唯說鄉心苦,1
4640,說鄉心苦春,1
4641,鄉心苦春風,1
4642,心苦春風雁,1
4643,苦春風雁北,1
4644,春風雁北飛,1
4645,風雁北飛適,1
4646,雁北飛適意,1
4647,北飛適意極,1
4648,飛適意極春,1
4649,適意極春日,1
4650,意極春日南,1
4651,極春日南台,1
4652,春日南台披,1
4653,日南台披薜,1
4654,南台披薜蘿,1
4655,台披薜蘿花,1
4656,披薜蘿花光,1
4657,薜蘿花光晴,1
4658,蘿花光晴漾,1
4659,花光晴漾漾,1
4660,光晴漾漾山,1
4661,晴漾漾山色,1
4662,漾漾山色晝,1
4663,漾山色晝峨,1
4664,山色晝峨峨,1
4665,色晝峨峨湘,1
4666,晝峨峨湘水,1
4667,峨峨湘水美,1
4668,峨湘水美人,1
4669,湘水美人遠,1
4670,水美人遠信,1
4671,美人遠信陵,1
4672,人遠信陵豪,1
4673,遠信陵豪客,1
4674,信陵豪客多,1
4675,陵豪客多唯,1
4676,豪客多唯憑,1
4677,客多唯憑一,1
4678,多唯憑一瓢,1
4679,唯憑一瓢酒,1
4680,憑一瓢酒彈,1
4681,一瓢酒彈瑟,1
4682,瓢酒彈瑟縱,1
4683,酒彈瑟縱高,1
4684,彈瑟縱高歌,1
4685,瑟縱高歌三,1
4686,縱高歌三年,1
4687,高歌三年嬰,1
4688,歌三年嬰酒,1
4689,三年嬰酒渴,1
4690,年嬰酒渴高,1
4691,嬰酒渴高臥,1
4692,酒渴高臥似,1
4693,渴高臥似袁,1
4694,高臥似袁安,1
4695,臥似袁安秋,1
4696,似袁安秋色,1
4697,袁安秋色鬢,1
4698,安秋色鬢應,1
4699,秋色鬢應改,1
4700,色鬢應改夜,1
4701,鬢應改夜涼,1
4702,應改夜涼心,1
4703,改夜涼心已,1
4704,夜涼心已寬,1
4705,涼心已寬風,1
4706,心已寬風衣,1
4707,已寬風衣藤,1
4708,寬風衣藤簟,1
4709,風衣藤簟滑,1
4710,衣藤簟滑露,1
4711,藤簟滑露井,1
4712,簟滑露井竹,1
4713,滑露井竹床,1
4714,露井竹床寒,1
4715,井竹床寒臥,1
4716,竹床寒臥憶,1
4717,床寒臥憶郊,1
4718,寒臥憶郊扉,1
4719,臥憶郊扉月,1
4720,憶郊扉月恩,1
4721,郊扉月恩深,1
4722,扉月恩深未,1
4723,月恩深未掛,1
4724,恩深未掛冠,1
4725,深未掛冠私,1
4726,未掛冠私歸,1
4727,掛冠私歸人,1
4728,冠私歸人暫,1
4729,私歸人暫適,1
4730,歸人暫適扶,1
4731,人暫適扶杖,1
4732,暫適扶杖繞,1
4733,適扶杖繞西,1
4734,扶杖繞西林,1
4735,杖繞西林風,1
4736,繞西林風急,1
4737,西林風急柳,1
4738,林風急柳溪,1
4739,風急柳溪響,1
4740,急柳溪響露,1
4741,柳溪響露寒,1
4742,溪響露寒莎,1
4743,響露寒莎徑,1
4744,露寒莎徑深,1
4745,寒莎徑深一,1
4746,莎徑深一身,1
4747,徑深一身仍,1
4748,深一身仍白,1
4749,一身仍白髮,1
4750,身仍白髮萬,1
4751,仍白髮萬慮,1
4752,白髮萬慮只,1
4753,髮萬慮只丹,1
4754,萬慮只丹心,1
4755,慮只丹心此,1
4756,只丹心此意,1
4757,丹心此意無,1
4758,心此意無言,1
4759,此意無言處,1
4760,意無言處高,1
4761,無言處高窗,1
4762,言處高窗托,1
4763,處高窗托素,1
4764,高窗托素琴,1
4765,窗托素琴官,1
4766,托素琴官靜,1
4767,素琴官靜亦,1
4768,琴官靜亦無,1
4769,官靜亦無能,1
4770,靜亦無能平,1
4771,亦無能平生,1
4772,無能平生少,1
4773,能平生少面,1
4774,平生少面朋,1
4775,生少面朋務,1
4776,少面朋務開,1
4777,面朋務開唯,1
4778,朋務開唯印,1
4779,務開唯印吏,1
4780,開唯印吏公,1
4781,唯印吏公退,1
4782,印吏公退只,1
4783,吏公退只棋,1
4784,公退只棋僧,1
4785,退只棋僧藥,1
4786,只棋僧藥鼎,1
4787,棋僧藥鼎初,1
4788,僧藥鼎初寒,1
4789,藥鼎初寒火,1
4790,鼎初寒火書,1
4791,初寒火書龕,1
4792,寒火書龕欲,1
4793,火書龕欲夜,1
4794,書龕欲夜燈,1
4795,龕欲夜燈安,1
4796,欲夜燈安知,1
4797,夜燈安知北,1
4798,燈安知北溟,1
4799,安知北溟水,1
4800,知北溟水終,1
4801,北溟水終日,1
4802,溟水終日送,1
4803,水終日送摶,1
4804,終日送摶鵬,1
4805,日送摶鵬樓,1
4806,送摶鵬樓臺,1
4807,摶鵬樓臺橫,1
4808,鵬樓臺橫複,1
4809,樓臺橫複重,1
4810,臺橫複重猶,1
4811,橫複重猶有,1
4812,複重猶有半,1
4813,重猶有半岩,1
4814,猶有半岩空,1
4815,有半岩空蘿,1
4816,半岩空蘿洞,1
4817,岩空蘿洞淺,1
4818,空蘿洞淺深,1
4819,蘿洞淺深水,1
4820,洞淺深水竹,1
4821,淺深水竹廊,1
4822,深水竹廊高,1
4823,水竹廊高下,1
4824,竹廊高下風,1
4825,廊高下風晴,1
4826,高下風晴山,1
4827,下風晴山疏,1
4828,風晴山疏雨,1
4829,晴山疏雨後,1
4830,山疏雨後秋,1
4831,疏雨後秋樹,1
4832,雨後秋樹斷,1
4833,後秋樹斷雲,1
4834,秋樹斷雲中,1
4835,樹斷雲中未,1
4836,斷雲中未盡,1
4837,雲中未盡平,1
4838,中未盡平生,1
4839,未盡平生意,1
4840,盡平生意孤,1
4841,平生意孤帆,1
4842,生意孤帆又,1
4843,意孤帆又向,1
4844,孤帆又向東,1
4845,帆又向東羽,1
4846,又向東羽客,1
4847,向東羽客煉,1
4848,東羽客煉丹,1
4849,羽客煉丹井,1
4850,客煉丹井井,1
4851,煉丹井井留,1
4852,丹井井留人,1
4853,井井留人已,1
4854,井留人已無,1
4855,留人已無舊,1
4856,人已無舊泉,1
4857,已無舊泉青,1
4858,無舊泉青石,1
4859,舊泉青石下,1
4860,泉青石下餘,1
4861,青石下餘甃,1
4862,石下餘甃碧,1
4863,下餘甃碧山,1
4864,餘甃碧山隅,1
4865,甃碧山隅雲,1
4866,碧山隅雲朗,1
4867,山隅雲朗鏡,1
4868,隅雲朗鏡開,1
4869,雲朗鏡開匣,1
4870,朗鏡開匣月,1
4871,鏡開匣月寒,1
4872,開匣月寒冰,1
4873,匣月寒冰在,1
4874,月寒冰在壺,1
4875,寒冰在壺仍,1
4876,冰在壺仍聞,1
4877,在壺仍聞釀,1
4878,壺仍聞釀仙,1
4879,仍聞釀仙酒,1
4880,聞釀仙酒此,1
4881,釀仙酒此水,1
4882,仙酒此水過,1
4883,酒此水過瓊,1
4884,此水過瓊酴,1
4885,水過瓊酴簟,1
4886,過瓊酴簟涼,1
4887,瓊酴簟涼襟,1
4888,酴簟涼襟袖,1
4889,簟涼襟袖清,1
4890,涼襟袖清月,1
4891,襟袖清月沒,1
4892,袖清月沒尚,1
4893,清月沒尚殘,1
4894,月沒尚殘星,1
4895,沒尚殘星山,1
4896,尚殘星山果,1
4897,殘星山果落,1
4898,星山果落秋,1
4899,山果落秋院,1
4900,果落秋院水,1
4901,落秋院水花,1
4902,秋院水花開,1
4903,院水花開曉,1
4904,水花開曉庭,1
4905,花開曉庭疏,1
4906,開曉庭疏藤,1
4907,曉庭疏藤風,1
4908,庭疏藤風嫋,1
4909,疏藤風嫋嫋,1
4910,藤風嫋嫋圓,1
4911,風嫋嫋圓桂,1
4912,嫋嫋圓桂露,1
4913,嫋圓桂露冥,1
4914,圓桂露冥冥,1
4915,桂露冥冥正,1
4916,露冥冥正憶,1
4917,冥冥正憶江,1
4918,冥正憶江南,1
4919,正憶江南寺,1
4920,憶江南寺岩,1
4921,江南寺岩齋,1
4922,南寺岩齋聞,1
4923,寺岩齋聞誦,1
4924,岩齋聞誦經,1
4925,齋聞誦經無,1
4926,聞誦經無辭,1
4927,誦經無辭一,1
4928,經無辭一杯,1
4929,無辭一杯酒,1
4930,辭一杯酒昔,1
4931,一杯酒昔日,1
4932,杯酒昔日與,1
4933,酒昔日與君,1
4934,昔日與君深,1
4935,日與君深秋,1
4936,與君深秋色,1
4937,君深秋色換,1
4938,深秋色換歸,1
4939,秋色換歸鬢,1
4940,色換歸鬢曙,1
4941,換歸鬢曙光,1
4942,歸鬢曙光生,1
4943,鬢曙光生別,1
4944,曙光生別心,1
4945,光生別心桂,1
4946,生別心桂花,1
4947,別心桂花山,1
4948,心桂花山廟,1
4949,桂花山廟冷,1
4950,花山廟冷楓,1
4951,山廟冷楓樹,1
4952,廟冷楓樹水,1
4953,冷楓樹水樓,1
4954,楓樹水樓陰,1
4955,樹水樓陰此,1
4956,水樓陰此路,1
4957,樓陰此路千,1
4958,陰此路千餘,1
4959,此路千餘裏,1
4960,路千餘裏應,1
4961,千餘裏應勞,1
4962,餘裏應勞楚,1
4963,裏應勞楚客,1
4964,應勞楚客吟,1
4965,勞楚客吟往,1
4966,楚客吟往年,1
4967,客吟往年公,1
4968,吟往年公子,1
4969,往年公子宅,1
4970,年公子宅夜,1
4971,公子宅夜宴,1
4972,子宅夜宴樂,1
4973,宅夜宴樂難,1
4974,夜宴樂難忘,1
4975,宴樂難忘高,1
4976,樂難忘高竹,1
4977,難忘高竹動,1
4978,忘高竹動疏,1
4979,高竹動疏翠,1
4980,竹動疏翠早,1
4981,動疏翠早蓮,1
4982,疏翠早蓮飄,1
4983,翠早蓮飄暗,1
4984,早蓮飄暗香,1
4985,蓮飄暗香珠,1
4986,飄暗香珠盤,1
4987,暗香珠盤凝,1
4988,香珠盤凝寶,1
4989,珠盤凝寶瑟,1
4990,盤凝寶瑟綺,1
4991,凝寶瑟綺席,1
4992,寶瑟綺席遞,1
4993,瑟綺席遞華,1
4994,綺席遞華觴,1
4995,席遞華觴今,1
4996,遞華觴今日,1
4997,華觴今日皆,1
4998,觴今日皆何,1
4999,今日皆何處,1
5000,日皆何處閉,1
5001,皆何處閉門,1
5002,何處閉門春,1
5003,處閉門春草,1
5004,閉門春草長,1
5005,門春草長津,1
5006,春草長津亭,1
5007,草長津亭多,1
5008,長津亭多別,1
5009,津亭多別離,1
5010,亭多別離楊,1
5011,多別離楊柳,1
5012,別離楊柳半,1
5013,離楊柳半無,1
5014,楊柳半無枝,1
5015,柳半無枝住,1
5016,半無枝住接,1
5017,無枝住接猿,1
5018,枝住接猿啼,1
5019,住接猿啼處,1
5020,接猿啼處行,1
5021,猿啼處行逢,1
5022,啼處行逢雁,1
5023,處行逢雁過,1
5024,行逢雁過時,1
5025,逢雁過時江,1
5026,雁過時江風,1
5027,過時江風颺,1
5028,時江風颺帆,1
5029,江風颺帆急,1
5030,風颺帆急山,1
5031,颺帆急山月,1
5032,帆急山月下,1
5033,急山月下樓,1
5034,山月下樓遲,1
5035,月下樓遲還,1
5036,下樓遲還就,1
5037,樓遲還就西,1
5038,遲還就西齋,1
5039,還就西齋宿,1
5040,就西齋宿煙,1
5041,西齋宿煙波,1
5042,齋宿煙波勞,1
5043,宿煙波勞夢,1
5044,煙波勞夢思,1
5045,波勞夢思劚,1
5046,勞夢思劚石,1
5047,夢思劚石種,1
5048,思劚石種松,1
5049,劚石種松子,1
5050,石種松子數,1
5051,種松子數根,1
5052,松子數根侵,1
5053,子數根侵杳,1
5054,數根侵杳冥,1
5055,根侵杳冥天,1
5056,侵杳冥天寒,1
5057,杳冥天寒猶,1
5058,冥天寒猶講,1
5059,天寒猶講律,1
5060,寒猶講律雨,1
5061,猶講律雨暗,1
5062,講律雨暗尚,1
5063,律雨暗尚尋,1
5064,雨暗尚尋經,1
5065,暗尚尋經小,1
5066,尚尋經小殿,1
5067,尋經小殿燈,1
5068,經小殿燈千,1
5069,小殿燈千盞,1
5070,殿燈千盞深,1
5071,燈千盞深爐,1
5072,千盞深爐水,1
5073,盞深爐水一,1
5074,深爐水一瓶,1
5075,爐水一瓶碧,1
5076,水一瓶碧雲,1
5077,一瓶碧雲多,1
5078,瓶碧雲多別,1
5079,碧雲多別思,1
5080,雲多別思休,1
5081,多別思休到,1
5082,別思休到望,1
5083,思休到望溪,1
5084,休到望溪亭,1
5085,到望溪亭仙,1
5086,望溪亭仙署,1
5087,溪亭仙署淹,1
5088,亭仙署淹清,1
5089,仙署淹清景,1
5090,署淹清景雪,1
5091,淹清景雪華,1
5092,清景雪華松,1
5093,景雪華松桂,1
5094,雪華松桂陰,1
5095,華松桂陰夜,1
5096,松桂陰夜淩,1
5097,桂陰夜淩瑤,1
5098,陰夜淩瑤席,1
5099,夜淩瑤席宴,1
5100,淩瑤席宴春,1
5101,瑤席宴春寄,1
5102,席宴春寄玉,1
5103,宴春寄玉京,1
5104,春寄玉京吟,1
5105,寄玉京吟燭,1
5106,玉京吟燭晃,1
5107,京吟燭晃垂,1
5108,吟燭晃垂羅,1
5109,燭晃垂羅幕,1
5110,晃垂羅幕香,1
5111,垂羅幕香寒,1
5112,羅幕香寒重,1
5113,幕香寒重繡,1
5114,香寒重繡衾,1
5115,寒重繡衾相,1
5116,重繡衾相思,1
5117,繡衾相思不,1
5118,衾相思不相,1
5119,相思不相訪,1
5120,思不相訪煙,1
5121,不相訪煙月,1
5122,相訪煙月剡,1
5123,訪煙月剡溪,1
5124,煙月剡溪深,1
5125,月剡溪深酒,1
5126,剡溪深酒醲,1
5127,溪深酒醲花,1
5128,深酒醲花一,1
5129,酒醲花一樹,1
5130,醲花一樹何,1
5131,花一樹何暇,1
5132,一樹何暇卓,1
5133,樹何暇卓文,1
5134,何暇卓文君,1
5135,暇卓文君客,1
5136,卓文君客坐,1
5137,文君客坐長,1
5138,君客坐長先,1
5139,客坐長先飲,1
5140,坐長先飲公,1
5141,長先飲公閑,1
5142,先飲公閑半,1
5143,飲公閑半已,1
5144,公閑半已曛,1
5145,閑半已曛水,1
5146,半已曛水鄉,1
5147,已曛水鄉春,1
5148,曛水鄉春足,1
5149,水鄉春足雨,1
5150,鄉春足雨山,1
5151,春足雨山郭,1
5152,足雨山郭夜,1
5153,雨山郭夜多,1
5154,山郭夜多雲,1
5155,郭夜多雲何,1
5156,夜多雲何以,1
5157,多雲何以參,1
5158,雲何以參禪,1
5159,何以參禪理,1
5160,以參禪理榮,1
5161,參禪理榮枯,1
5162,禪理榮枯盡,1
5163,理榮枯盡不,1
5164,榮枯盡不聞,1
5165,枯盡不聞病,1
5166,盡不聞病客,1
5167,不聞病客與,1
5168,聞病客與僧,1
5169,病客與僧閑,1
5170,客與僧閑頻,1
5171,與僧閑頻來,1
5172,僧閑頻來不,1
5173,閑頻來不掩,1
5174,頻來不掩關,1
5175,來不掩關高,1
5176,不掩關高窗,1
5177,掩關高窗雲,1
5178,關高窗雲外,1
5179,高窗雲外樹,1
5180,窗雲外樹疏,1
5181,雲外樹疏磬,1
5182,外樹疏磬雨,1
5183,樹疏磬雨中,1
5184,疏磬雨中山,1
5185,磬雨中山離,1
5186,雨中山離索,1
5187,中山離索秋,1
5188,山離索秋蟲,1
5189,離索秋蟲響,1
5190,索秋蟲響登,1
5191,秋蟲響登臨,1
5192,蟲響登臨夕,1
5193,響登臨夕鳥,1
5194,登臨夕鳥還,1
5195,臨夕鳥還心,1
5196,夕鳥還心知,1
5197,鳥還心知落,1
5198,還心知落帆,1
5199,心知落帆處,1
5200,知落帆處明,1
5201,落帆處明月,1
5202,帆處明月浙,1
5203,處明月浙河,1
5204,明月浙河灣,1
5205,月浙河灣綠,1
5206,浙河灣綠水,1
5207,河灣綠水暖,1
5208,灣綠水暖青,1
5209,綠水暖青蘋,1
5210,水暖青蘋湘,1
5211,暖青蘋湘潭,1
5212,青蘋湘潭萬,1
5213,蘋湘潭萬里,1
5214,湘潭萬里春,1
5215,潭萬里春瓦,1
5216,萬里春瓦尊,1
5217,里春瓦尊迎,1
5218,春瓦尊迎海,1
5219,瓦尊迎海客,1
5220,尊迎海客銅,1
5221,迎海客銅鼓,1
5222,海客銅鼓賽,1
5223,客銅鼓賽江,1
5224,銅鼓賽江神,1
5225,鼓賽江神避,1
5226,賽江神避雨,1
5227,江神避雨松,1
5228,神避雨松楓,1
5229,避雨松楓岸,1
5230,雨松楓岸看,1
5231,松楓岸看雲,1
5232,楓岸看雲楊,1
5233,岸看雲楊柳,1
5234,看雲楊柳津,1
5235,雲楊柳津長,1
5236,楊柳津長安,1
5237,柳津長安一,1
5238,津長安一杯,1
5239,長安一杯酒,1
5240,安一杯酒座,1
5241,一杯酒座上,1
5242,杯酒座上有,1
5243,酒座上有歸,1
5244,座上有歸人,1
5245,上有歸人西,1
5246,有歸人西岩,1
5247,歸人西岩一,1
5248,人西岩一徑,1
5249,西岩一徑通,1
5250,岩一徑通知,1
5251,一徑通知學,1
5252,徑通知學采,1
5253,通知學采芝,1
5254,知學采芝翁,1
5255,學采芝翁寒,1
5256,采芝翁寒暑,1
5257,芝翁寒暑丹,1
5258,翁寒暑丹心,1
5259,寒暑丹心外,1
5260,暑丹心外光,1
5261,丹心外光陰,1
5262,心外光陰白,1
5263,外光陰白髮,1
5264,光陰白髮中,1
5265,陰白髮中水,1
5266,白髮中水深,1
5267,髮中水深魚,1
5268,中水深魚避,1
5269,水深魚避釣,1
5270,深魚避釣雲,1
5271,魚避釣雲迥,1
5272,避釣雲迥鶴,1
5273,釣雲迥鶴辭,1
5274,雲迥鶴辭籠,1
5275,迥鶴辭籠坐,1
5276,鶴辭籠坐想,1
5277,辭籠坐想還,1
5278,籠坐想還家,1
5279,坐想還家日,1
5280,想還家日人,1
5281,還家日人非,1
5282,家日人非井,1
5283,日人非井邑,1
5284,人非井邑空,1
5285,非井邑空侯,1
5286,井邑空侯門,1
5287,邑空侯門大,1
5288,空侯門大道,1
5289,侯門大道傍,1
5290,門大道傍蟬,1
5291,大道傍蟬噪,1
5292,道傍蟬噪樹,1
5293,傍蟬噪樹蒼,1
5294,蟬噪樹蒼蒼,1
5295,噪樹蒼蒼開,1
5296,樹蒼蒼開鎖,1
5297,蒼蒼開鎖洞,1
5298,蒼開鎖洞門,1
5299,開鎖洞門遠,1
5300,鎖洞門遠下,1
5301,洞門遠下簾,1
5302,門遠下簾賓,1
5303,遠下簾賓館,1
5304,下簾賓館涼,1
5305,簾賓館涼欄,1
5306,賓館涼欄圍,1
5307,館涼欄圍紅,1
5308,涼欄圍紅藥,1
5309,欄圍紅藥盛,1
5310,圍紅藥盛架,1
5311,紅藥盛架引,1
5312,藥盛架引綠,1
5313,盛架引綠蘿,1
5314,架引綠蘿長,1
5315,引綠蘿長永,1
5316,綠蘿長永日,1
5317,蘿長永日一,1
5318,長永日一欹,1
5319,永日一欹枕,1
5320,日一欹枕故,1
5321,一欹枕故山,1
5322,欹枕故山雲,1
5323,枕故山雲水,1
5324,故山雲水鄉,1
5325,山雲水鄉恨,1
5326,雲水鄉恨與,1
5327,水鄉恨與前,1
5328,鄉恨與前歡,1
5329,恨與前歡隔,1
5330,與前歡隔愁,1
5331,前歡隔愁因,1
5332,歡隔愁因此,1
5333,隔愁因此會,1
5334,愁因此會同,1
5335,因此會同跡,1
5336,此會同跡高,1
5337,會同跡高芸,1
5338,同跡高芸閣,1
5339,跡高芸閣吏,1
5340,高芸閣吏名,1
5341,芸閣吏名散,1
5342,閣吏名散雪,1
5343,吏名散雪樓,1
5344,名散雪樓翁,1
5345,散雪樓翁城,1
5346,雪樓翁城閉,1
5347,樓翁城閉三,1
5348,翁城閉三秋,1
5349,城閉三秋雨,1
5350,閉三秋雨帆,1
5351,三秋雨帆飛,1
5352,秋雨帆飛一,1
5353,雨帆飛一夜,1
5354,帆飛一夜風,1
5355,飛一夜風酒,1
5356,一夜風酒醒,1
5357,夜風酒醒鱸,1
5358,風酒醒鱸鱠,1
5359,酒醒鱸鱠美,1
5360,醒鱸鱠美應,1
5361,鱸鱠美應在,1
5362,鱠美應在竟,1
5363,美應在竟陵,1
5364,應在竟陵東,1
5365,在竟陵東城,1
5366,竟陵東城高,1
5367,陵東城高不,1
5368,東城高不可,1
5369,城高不可下,1
5370,高不可下永,1
5371,不可下永日,1
5372,可下永日一,1
5373,下永日一登,1
5374,永日一登臨,1
5375,日一登臨曲,1
5376,一登臨曲檻,1
5377,登臨曲檻涼,1
5378,臨曲檻涼飆,1
5379,曲檻涼飆急,1
5380,檻涼飆急空,1
5381,涼飆急空樓,1
5382,飆急空樓返,1
5383,急空樓返照,1
5384,空樓返照深,1
5385,樓返照深葦,1
5386,返照深葦花,1
5387,照深葦花迷,1
5388,深葦花迷夕,1
5389,葦花迷夕棹,1
5390,花迷夕棹梧,1
5391,迷夕棹梧葉,1
5392,夕棹梧葉散,1
5393,棹梧葉散秋,1
5394,梧葉散秋砧,1
5395,葉散秋砧謾,1
5396,散秋砧謾作,1
5397,秋砧謾作歸,1
5398,砧謾作歸田,1
5399,謾作歸田賦,1
5400,作歸田賦蹉,1
5401,歸田賦蹉跎,1
5402,田賦蹉跎歲,1
5403,賦蹉跎歲欲,1
5404,蹉跎歲欲陰,1
5405,跎歲欲陰來,1
5406,歲欲陰來暮,1
5407,欲陰來暮亦,1
5408,陰來暮亦何,1
5409,來暮亦何愁,1
5410,暮亦何愁金,1
5411,亦何愁金貂,1
5412,何愁金貂在,1
5413,愁金貂在鷁,1
5414,金貂在鷁舟,1
5415,貂在鷁舟旆,1
5416,在鷁舟旆隨,1
5417,鷁舟旆隨寒,1
5418,舟旆隨寒浪,1
5419,旆隨寒浪動,1
5420,隨寒浪動帆,1
5421,寒浪動帆帶,1
5422,浪動帆帶夕,1
5423,動帆帶夕陽,1
5424,帆帶夕陽收,1
5425,帶夕陽收布,1
5426,夕陽收布令,1
5427,陽收布令滕,1
5428,收布令滕王,1
5429,布令滕王閣,1
5430,令滕王閣裁,1
5431,滕王閣裁詩,1
5432,王閣裁詩郢,1
5433,閣裁詩郢客,1
5434,裁詩郢客樓,1
5435,詩郢客樓即,1
5436,郢客樓即應,1
5437,客樓即應歸,1
5438,樓即應歸鳳,1
5439,即應歸鳳沼,1
5440,應歸鳳沼中,1
5441,歸鳳沼中外,1
5442,鳳沼中外贊,1
5443,沼中外贊天,1
5444,中外贊天休,1
5445,外贊天休風,1
5446,贊天休風度,1
5447,天休風度龍,1
5448,休風度龍山,1
5449,風度龍山暗,1
5450,度龍山暗雲,1
5451,龍山暗雲凝,1
5452,山暗雲凝象,1
5453,暗雲凝象闕,1
5454,雲凝象闕陰,1
5455,凝象闕陰瑞,1
5456,象闕陰瑞花,1
5457,闕陰瑞花瓊,1
5458,陰瑞花瓊樹,1
5459,瑞花瓊樹合,1
5460,花瓊樹合仙,1
5461,瓊樹合仙草,1
5462,樹合仙草玉,1
5463,合仙草玉苗,1
5464,仙草玉苗深,1
5465,草玉苗深欲,1
5466,玉苗深欲醉,1
5467,苗深欲醉梁,1
5468,深欲醉梁王,1
5469,欲醉梁王酒,1
5470,醉梁王酒先,1
5471,梁王酒先調,1
5472,王酒先調楚,1
5473,酒先調楚客,1
5474,先調楚客琴,1
5475,調楚客琴即,1
5476,楚客琴即應,1
5477,客琴即應攜,1
5478,琴即應攜手,1
5479,即應攜手去,1
5480,應攜手去將,1
5481,攜手去將此,1
5482,手去將此助,1
5483,去將此助商,1
5484,將此助商霖,1
5485,此助商霖年,1
5486,助商霖年來,1
5487,商霖年來不,1
5488,霖年來不自,1
5489,年來不自得,1
5490,來不自得一,1
5491,不自得一望,1
5492,自得一望幾,1
5493,得一望幾傷,1
5494,一望幾傷心,1
5495,望幾傷心風,1
5496,幾傷心風轉,1
5497,傷心風轉蕙,1
5498,心風轉蕙蘭,1
5499,風轉蕙蘭色,1
5500,轉蕙蘭色月,1
5501,蕙蘭色月移,1
5502,蘭色月移松,1
5503,色月移松桂,1
5504,月移松桂陰,1
5505,移松桂陰馬,1
5506,松桂陰馬隨,1
5507,桂陰馬隨邊,1
5508,陰馬隨邊草,1
5509,馬隨邊草遠,1
5510,隨邊草遠帆,1
5511,邊草遠帆落,1
5512,草遠帆落海,1
5513,遠帆落海雲,1
5514,帆落海雲深,1
5515,落海雲深明,1
5516,海雲深明旦,1
5517,雲深明旦各,1
5518,深明旦各分,1
5519,明旦各分首,1
5520,旦各分首更,1
5521,各分首更聽,1
5522,分首更聽梁,1
5523,首更聽梁甫,1
5524,更聽梁甫吟,1
5525,聽梁甫吟城,1
5526,梁甫吟城下,1
5527,甫吟城下水,1
5528,吟城下水縈,1
5529,城下水縈回,1
5530,下水縈回潮,1
5531,水縈回潮沖,1
5532,縈回潮沖野,1
5533,回潮沖野艇,1
5534,潮沖野艇來,1
5535,沖野艇來鳥,1
5536,野艇來鳥驚,1
5537,艇來鳥驚山,1
5538,來鳥驚山果,1
5539,鳥驚山果落,1
5540,驚山果落龜,1
5541,山果落龜泛,1
5542,果落龜泛綠,1
5543,落龜泛綠萍,1
5544,龜泛綠萍開,1
5545,泛綠萍開白,1
5546,綠萍開白首,1
5547,萍開白首書,1
5548,開白首書千,1
5549,白首書千卷,1
5550,首書千卷朱,1
5551,書千卷朱顏,1
5552,千卷朱顏酒,1
5553,卷朱顏酒一,1
5554,朱顏酒一杯,1
5555,顏酒一杯南,1
5556,酒一杯南軒,1
5557,一杯南軒自,1
5558,杯南軒自流,1
5559,南軒自流涕,1
5560,軒自流涕不,1
5561,自流涕不是,1
5562,流涕不是望,1
5563,涕不是望燕,1
5564,不是望燕台,1
5565,是望燕台春,1
5566,望燕台春草,1
5567,燕台春草越,1
5568,台春草越吳,1
5569,春草越吳間,1
5570,草越吳間心,1
5571,越吳間心期,1
5572,吳間心期旦,1
5573,間心期旦夕,1
5574,心期旦夕還,1
5575,期旦夕還酒,1
5576,旦夕還酒鄉,1
5577,夕還酒鄉逢,1
5578,還酒鄉逢客,1
5579,酒鄉逢客病,1
5580,鄉逢客病詩,1
5581,逢客病詩境,1
5582,客病詩境遇,1
5583,病詩境遇僧,1
5584,詩境遇僧閑,1
5585,境遇僧閑倚,1
5586,遇僧閑倚棹,1
5587,僧閑倚棹冰,1
5588,閑倚棹冰生,1
5589,倚棹冰生浦,1
5590,棹冰生浦登,1
5591,冰生浦登樓,1
5592,生浦登樓雪,1
5593,浦登樓雪滿,1
5594,登樓雪滿山,1
5595,樓雪滿山東,1
5596,雪滿山東風,1
5597,滿山東風不,1
5598,山東風不可,1
5599,東風不可待,1
5600,風不可待歸,1
5601,不可待歸鬢,1
5602,可待歸鬢坐,1
5603,待歸鬢坐斑,1
5604,歸鬢坐斑斑,1
5605,鬢坐斑斑蘆,1
5606,坐斑斑蘆葦,1
5607,斑斑蘆葦暮,1
5608,斑蘆葦暮修,1
5609,蘆葦暮修修,1
5610,葦暮修修溪,1
5611,暮修修溪禽,1
5612,修修溪禽上,1
5613,修溪禽上釣,1
5614,溪禽上釣舟,1
5615,禽上釣舟露,1
5616,上釣舟露涼,1
5617,釣舟露涼花,1
5618,舟露涼花斂,1
5619,露涼花斂夕,1
5620,涼花斂夕風,1
5621,花斂夕風靜,1
5622,斂夕風靜竹,1
5623,夕風靜竹含,1
5624,風靜竹含秋,1
5625,靜竹含秋素,1
5626,竹含秋素志,1
5627,含秋素志應,1
5628,秋素志應難,1
5629,素志應難契,1
5630,志應難契清,1
5631,應難契清言,1
5632,難契清言豈,1
5633,契清言豈易,1
5634,清言豈易求,1
5635,言豈易求相,1
5636,豈易求相歡,1
5637,易求相歡一,1
5638,求相歡一瓢,1
5639,相歡一瓢酒,1
5640,歡一瓢酒明,1
5641,一瓢酒明日,1
5642,瓢酒明日醉,1
5643,酒明日醉西,1
5644,明日醉西樓,1
5645,日醉西樓車,1
5646,醉西樓車馬,1
5647,西樓車馬楚,1
5648,樓車馬楚城,1
5649,車馬楚城壕,1
5650,馬楚城壕清,1
5651,楚城壕清歌,1
5652,城壕清歌送,1
5653,壕清歌送濁,1
5654,清歌送濁醪,1
5655,歌送濁醪露,1
5656,送濁醪露花,1
5657,濁醪露花羞,1
5658,醪露花羞別,1
5659,露花羞別淚,1
5660,花羞別淚煙,1
5661,羞別淚煙草,1
5662,別淚煙草讓,1
5663,淚煙草讓歸,1
5664,煙草讓歸袍,1
5665,草讓歸袍鳥,1
5666,讓歸袍鳥浴,1
5667,歸袍鳥浴春,1
5668,袍鳥浴春塘,1
5669,鳥浴春塘暖,1
5670,浴春塘暖猿,1
5671,春塘暖猿吟,1
5672,塘暖猿吟暮,1
5673,暖猿吟暮嶺,1
5674,猿吟暮嶺高,1
5675,吟暮嶺高尋,1
5676,暮嶺高尋仙,1
5677,嶺高尋仙在,1
5678,高尋仙在仙,1
5679,尋仙在仙骨,1
5680,仙在仙骨不,1
5681,在仙骨不用,1
5682,仙骨不用廢,1
5683,骨不用廢牛,1
5684,不用廢牛刀,1
5685,用廢牛刀何,1
5686,廢牛刀何必,1
5687,牛刀何必老,1
5688,刀何必老林,1
5689,何必老林泉,1
5690,必老林泉冥,1
5691,老林泉冥心,1
5692,林泉冥心便,1
5693,泉冥心便是,1
5694,冥心便是禪,1
5695,心便是禪講,1
5696,便是禪講時,1
5697,是禪講時開,1
5698,禪講時開院,1
5699,講時開院去,1
5700,時開院去齋,1
5701,開院去齋後,1
5702,院去齋後下,1
5703,去齋後下簾,1
5704,齋後下簾眠,1
5705,後下簾眠鏡,1
5706,下簾眠鏡朗,1
5707,簾眠鏡朗燈,1
5708,眠鏡朗燈分,1
5709,鏡朗燈分焰,1
5710,朗燈分焰香,1
5711,燈分焰香銷,1
5712,分焰香銷印,1
5713,焰香銷印絕,1
5714,香銷印絕煙,1
5715,銷印絕煙真,1
5716,印絕煙真乘,1
5717,絕煙真乘不,1
5718,煙真乘不可,1
5719,真乘不可到,1
5720,乘不可到雲,1
5721,不可到雲盡,1
5722,可到雲盡月,1
5723,到雲盡月明,1
5724,雲盡月明天,1
5725,盡月明天燕,1
5726,月明天燕雁,1
5727,明天燕雁水,1
5728,天燕雁水鄉,1
5729,燕雁水鄉飛,1
5730,雁水鄉飛京,1
5731,水鄉飛京華,1
5732,鄉飛京華信,1
5733,飛京華信自,1
5734,京華信自稀,1
5735,華信自稀簟,1
5736,信自稀簟瓢,1
5737,自稀簟瓢貧,1
5738,稀簟瓢貧守,1
5739,簟瓢貧守道,1
5740,瓢貧守道書,1
5741,貧守道書劍,1
5742,守道書劍病,1
5743,道書劍病忘,1
5744,書劍病忘機,1
5745,劍病忘機疊,1
5746,病忘機疊鼓,1
5747,忘機疊鼓吏,1
5748,機疊鼓吏初,1
5749,疊鼓吏初散,1
5750,鼓吏初散繁,1
5751,吏初散繁鐘,1
5752,初散繁鐘鳥,1
5753,散繁鐘鳥獨,1
5754,繁鐘鳥獨歸,1
5755,鐘鳥獨歸高,1
5756,鳥獨歸高梧,1
5757,獨歸高梧與,1
5758,歸高梧與疏,1
5759,高梧與疏柳,1
5760,梧與疏柳風,1
5761,與疏柳風雨,1
5762,疏柳風雨似,1
5763,柳風雨似郊,1
5764,風雨似郊扉,1
5765,雨似郊扉丹,1
5766,似郊扉丹葉,1
5767,郊扉丹葉下,1
5768,扉丹葉下西,1
5769,丹葉下西樓,1
5770,葉下西樓知,1
5771,下西樓知君,1
5772,西樓知君萬,1
5773,樓知君萬里,1
5774,知君萬里愁,1
5775,君萬里愁鐘,1
5776,萬里愁鐘非,1
5777,里愁鐘非黔,1
5778,愁鐘非黔峽,1
5779,鐘非黔峽寺,1
5780,非黔峽寺帆,1
5781,黔峽寺帆是,1
5782,峽寺帆是敬,1
5783,寺帆是敬亭,1
5784,帆是敬亭舟,1
5785,是敬亭舟山,1
5786,敬亭舟山色,1
5787,亭舟山色和,1
5788,舟山色和雲,1
5789,山色和雲暮,1
5790,色和雲暮湖,1
5791,和雲暮湖光,1
5792,雲暮湖光共,1
5793,暮湖光共月,1
5794,湖光共月秋,1
5795,光共月秋天,1
5796,共月秋天臺,1
5797,月秋天臺多,1
5798,秋天臺多道,1
5799,天臺多道侶,1
5800,臺多道侶何,1
5801,多道侶何惜,1
5802,道侶何惜更,1
5803,侶何惜更南,1
5804,何惜更南遊,1
5805,惜更南遊身,1
5806,更南遊身閑,1
5807,南遊身閑白,1
5808,遊身閑白日,1
5809,身閑白日長,1
5810,閑白日長何,1
5811,白日長何處,1
5812,日長何處不,1
5813,長何處不尋,1
5814,何處不尋芳,1
5815,處不尋芳山,1
5816,不尋芳山崦,1
5817,尋芳山崦登,1
5818,芳山崦登樓,1
5819,山崦登樓寺,1
5820,崦登樓寺溪,1
5821,登樓寺溪灣,1
5822,樓寺溪灣泊,1
5823,寺溪灣泊晚,1
5824,溪灣泊晚檣,1
5825,灣泊晚檣洞,1
5826,泊晚檣洞花,1
5827,晚檣洞花蜂,1
5828,檣洞花蜂聚,1
5829,洞花蜂聚蜜,1
5830,花蜂聚蜜岩,1
5831,蜂聚蜜岩柏,1
5832,聚蜜岩柏麝,1
5833,蜜岩柏麝留,1
5834,岩柏麝留香,1
5835,柏麝留香若,1
5836,麝留香若指,1
5837,留香若指求,1
5838,香若指求仙,1
5839,若指求仙路,1
5840,指求仙路劉,1
5841,求仙路劉郎,1
5842,仙路劉郎學,1
5843,路劉郎學阮,1
5844,劉郎學阮郎,1
5845,郎學阮郎禪,1
5846,學阮郎禪扉,1
5847,阮郎禪扉倚,1
5848,郎禪扉倚石,1
5849,禪扉倚石梯,1
5850,扉倚石梯雲,1
5851,倚石梯雲濕,1
5852,石梯雲濕雨,1
5853,梯雲濕雨淒,1
5854,雲濕雨淒淒,1
5855,濕雨淒淒草,1
5856,雨淒淒草色,1
5857,淒淒草色分,1
5858,淒草色分松,1
5859,草色分松徑,1
5860,色分松徑泉,1
5861,分松徑泉聲,1
5862,松徑泉聲咽,1
5863,徑泉聲咽稻,1
5864,泉聲咽稻畦,1
5865,聲咽稻畦棹,1
5866,咽稻畦棹移,1
5867,稻畦棹移灘,1
5868,畦棹移灘鳥,1
5869,棹移灘鳥沒,1
5870,移灘鳥沒鐘,1
5871,灘鳥沒鐘斷,1
5872,鳥沒鐘斷嶺,1
5873,沒鐘斷嶺猿,1
5874,鐘斷嶺猿啼,1
5875,斷嶺猿啼入,1
5876,嶺猿啼入夜,1
5877,猿啼入夜花,1
5878,啼入夜花如,1
5879,入夜花如雪,1
5880,夜花如雪回,1
5881,花如雪回舟,1
5882,如雪回舟憶,1
5883,雪回舟憶剡,1
5884,回舟憶剡溪,1
5885,舟憶剡溪台,1
5886,憶剡溪台殿,1
5887,剡溪台殿冠,1
5888,溪台殿冠嵯,1
5889,台殿冠嵯峨,1
5890,殿冠嵯峨春,1
5891,冠嵯峨春來,1
5892,嵯峨春來日,1
5893,峨春來日日,1
5894,春來日日過,1
5895,來日日過水,1
5896,日日過水分,1
5897,日過水分諸,1
5898,過水分諸院,1
5899,水分諸院少,1
5900,分諸院少雲,1
5901,諸院少雲近,1
5902,院少雲近上,1
5903,少雲近上方,1
5904,雲近上方多,1
5905,近上方多眾,1
5906,上方多眾籟,1
5907,方多眾籟凝,1
5908,多眾籟凝絲,1
5909,眾籟凝絲竹,1
5910,籟凝絲竹繁,1
5911,凝絲竹繁英,1
5912,絲竹繁英耀,1
5913,竹繁英耀綺,1
5914,繁英耀綺羅,1
5915,英耀綺羅酒,1
5916,耀綺羅酒酣,1
5917,綺羅酒酣詩,1
5918,羅酒酣詩自,1
5919,酒酣詩自逸,1
5920,酣詩自逸乘,1
5921,詩自逸乘月,1
5922,自逸乘月棹,1
5923,逸乘月棹寒,1
5924,乘月棹寒波,1
5925,月棹寒波西,1
5926,棹寒波西林,1
5927,寒波西林本,1
5928,波西林本行,1
5929,西林本行殿,1
5930,林本行殿池,1
5931,本行殿池榭,1
5932,行殿池榭日,1
5933,殿池榭日坡,1
5934,池榭日坡阤,1
5935,榭日坡阤雨,1
5936,日坡阤雨過,1
5937,坡阤雨過水,1
5938,阤雨過水初,1
5939,雨過水初漲,1
5940,過水初漲雲,1
5941,水初漲雲開,1
5942,初漲雲開山,1
5943,漲雲開山漸,1
5944,雲開山漸多,1
5945,開山漸多曉,1
5946,山漸多曉街,1
5947,漸多曉街垂,1
5948,多曉街垂禦,1
5949,曉街垂禦柳,1
5950,街垂禦柳秋,1
5951,垂禦柳秋院,1
5952,禦柳秋院閉,1
5953,柳秋院閉宮,1
5954,秋院閉宮莎,1
5955,院閉宮莎借,1
5956,閉宮莎借問,1
5957,宮莎借問龍,1
5958,莎借問龍歸,1
5959,借問龍歸處,1
5960,問龍歸處鼎,1
5961,龍歸處鼎湖,1
5962,歸處鼎湖空,1
5963,處鼎湖空碧,1
5964,鼎湖空碧波,1
5965,湖空碧波宅,1
5966,空碧波宅前,1
5967,碧波宅前雲,1
5968,波宅前雲水,1
5969,宅前雲水滿,1
5970,前雲水滿高,1
5971,雲水滿高興,1
5972,水滿高興一,1
5973,滿高興一書,1
5974,高興一書生,1
5975,興一書生垂,1
5976,一書生垂釣,1
5977,書生垂釣有,1
5978,生垂釣有深,1
5979,垂釣有深意,1
5980,釣有深意望,1
5981,有深意望山,1
5982,深意望山多,1
5983,意望山多遠,1
5984,望山多遠情,1
5985,山多遠情夜,1
5986,多遠情夜棋,1
5987,遠情夜棋留,1
5988,情夜棋留客,1
5989,夜棋留客宿,1
5990,棋留客宿春,1
5991,留客宿春酒,1
5992,客宿春酒勸,1
5993,宿春酒勸僧,1
5994,春酒勸僧傾,1
5995,酒勸僧傾未,1
5996,勸僧傾未作,1
5997,僧傾未作幹,1
5998,傾未作幹時,1
5999,未作幹時計,1
6000,作幹時計何,1
6001,幹時計何人,1
6002,時計何人問,1
6003,計何人問姓,1
6004,何人問姓名,1
6005,人問姓名老,1
6006,問姓名老歸,1
6007,姓名老歸江,1
6008,名老歸江上,1
6009,老歸江上寺,1
6010,歸江上寺不,1
6011,江上寺不忘,1
6012,上寺不忘舊,1
6013,寺不忘舊師,1
6014,不忘舊師恩,1
6015,忘舊師恩駐,1
6016,舊師恩駐錫,1
6017,師恩駐錫逢,1
6018,恩駐錫逢山,1
6019,駐錫逢山色,1
6020,錫逢山色停,1
6021,逢山色停杯,1
6022,山色停杯見,1
6023,色停杯見浪,1
6024,停杯見浪痕,1
6025,杯見浪痕秋,1
6026,見浪痕秋濤,1
6027,浪痕秋濤吞,1
6028,痕秋濤吞楚,1
6029,秋濤吞楚驛,1
6030,濤吞楚驛曉,1
6031,吞楚驛曉月,1
6032,楚驛曉月上,1
6033,驛曉月上荊,1
6034,曉月上荊門,1
6035,月上荊門為,1
6036,上荊門為訪,1
6037,荊門為訪題,1
6038,門為訪題詩,1
6039,為訪題詩處,1
6040,訪題詩處莓,1
6041,題詩處莓苔,1
6042,詩處莓苔幾,1
6043,處莓苔幾字,1
6044,莓苔幾字存,1
6045,苔幾字存花,1
6046,幾字存花在,1
6047,字存花在舞,1
6048,存花在舞樓,1
6049,花在舞樓空,1
6050,在舞樓空年,1
6051,舞樓空年年,1
6052,樓空年年依,1
6053,空年年依舊,1
6054,年年依舊紅,1
6055,年依舊紅淚,1
6056,依舊紅淚光,1
6057,舊紅淚光停,1
6058,紅淚光停曉,1
6059,淚光停曉露,1
6060,光停曉露愁,1
6061,停曉露愁態,1
6062,曉露愁態倚,1
6063,露愁態倚春,1
6064,愁態倚春風,1
6065,態倚春風開,1
6066,倚春風開處,1
6067,春風開處妾,1
6068,風開處妾先,1
6069,開處妾先死,1
6070,處妾先死落,1
6071,妾先死落時,1
6072,先死落時君,1
6073,死落時君亦,1
6074,落時君亦終,1
6075,時君亦終東,1
6076,君亦終東流,1
6077,亦終東流兩,1
6078,終東流兩三,1
6079,東流兩三片,1
6080,流兩三片應,1
6081,兩三片應在,1
6082,三片應在夜,1
6083,片應在夜泉,1
6084,應在夜泉中,1
6085,在夜泉中香,1
6086,夜泉中香徑,1
6087,泉中香徑小,1
6088,中香徑小船,1
6089,香徑小船通,1
6090,徑小船通菱,1
6091,小船通菱歌,1
6092,船通菱歌繞,1
6093,通菱歌繞故,1
6094,菱歌繞故宮,1
6095,歌繞故宮魚,1
6096,繞故宮魚沉,1
6097,故宮魚沉秋,1
6098,宮魚沉秋水,1
6099,魚沉秋水靜,1
6100,沉秋水靜鳥,1
6101,秋水靜鳥宿,1
6102,水靜鳥宿暮,1
6103,靜鳥宿暮山,1
6104,鳥宿暮山空,1
6105,宿暮山空荷,1
6106,暮山空荷葉,1
6107,山空荷葉橋,1
6108,空荷葉橋邊,1
6109,荷葉橋邊雨,1
6110,葉橋邊雨蘆,1
6111,橋邊雨蘆花,1
6112,邊雨蘆花海,1
6113,雨蘆花海上,1
6114,蘆花海上風,1
6115,花海上風歸,1
6116,海上風歸心,1
6117,上風歸心無,1
6118,風歸心無處,1
6119,歸心無處托,1
6120,心無處托高,1
6121,無處托高枕,1
6122,處托高枕畫,1
6123,托高枕畫屏,1
6124,高枕畫屏中,1
6125,枕畫屏中直,1
6126,畫屏中直道,1
6127,屏中直道知,1
6128,中直道知難,1
6129,直道知難用,1
6130,道知難用經,1
6131,知難用經年,1
6132,難用經年向,1
6133,用經年向水,1
6134,經年向水濱,1
6135,年向水濱宅,1
6136,向水濱宅從,1
6137,水濱宅從栽,1
6138,濱宅從栽竹,1
6139,宅從栽竹貴,1
6140,從栽竹貴家,1
6141,栽竹貴家為,1
6142,竹貴家為買,1
6143,貴家為買書,1
6144,家為買書貧,1
6145,為買書貧就,1
6146,買書貧就學,1
6147,書貧就學多,1
6148,貧就學多新,1
6149,就學多新客,1
6150,學多新客登,1
6151,多新客登朝,1
6152,新客登朝盡,1
6153,客登朝盡故,1
6154,登朝盡故人,1
6155,朝盡故人蓬,1
6156,盡故人蓬萊,1
6157,故人蓬萊自,1
6158,人蓬萊自有,1
6159,蓬萊自有路,1
6160,萊自有路莫,1
6161,自有路莫羨,1
6162,有路莫羨武,1
6163,路莫羨武陵,1
6164,莫羨武陵春,1
6165,羨武陵春桑,1
6166,武陵春桑柘,1
6167,陵春桑柘滿,1
6168,春桑柘滿江,1
6169,桑柘滿江村,1
6170,柘滿江村西,1
6171,滿江村西齋,1
6172,江村西齋接,1
6173,村西齋接海,1
6174,西齋接海門,1
6175,齋接海門浪,1
6176,接海門浪沖,1
6177,海門浪沖高,1
6178,門浪沖高岸,1
6179,浪沖高岸響,1
6180,沖高岸響潮,1
6181,高岸響潮入,1
6182,岸響潮入小,1
6183,響潮入小池,1
6184,潮入小池渾,1
6185,入小池渾岩,1
6186,小池渾岩樹,1
6187,池渾岩樹陰,1
6188,渾岩樹陰棋,1
6189,岩樹陰棋局,1
6190,樹陰棋局山,1
6191,陰棋局山花,1
6192,棋局山花落,1
6193,局山花落酒,1
6194,山花落酒樽,1
6195,花落酒樽相,1
6196,落酒樽相逢,1
6197,酒樽相逢亦,1
6198,樽相逢亦留,1
6199,相逢亦留宿,1
6200,逢亦留宿還,1
6201,亦留宿還似,1
6202,留宿還似識,1
6203,宿還似識王,1
6204,還似識王孫,1
6205,似識王孫十,1
6206,識王孫十年,1
6207,王孫十年劍,1
6208,孫十年劍中,1
6209,十年劍中路,1
6210,年劍中路傳,1
6211,劍中路傳盡,1
6212,中路傳盡本,1
6213,路傳盡本師,1
6214,傳盡本師經,1
6215,盡本師經曉,1
6216,本師經曉月,1
6217,師經曉月下,1
6218,經曉月下黔,1
6219,曉月下黔峽,1
6220,月下黔峽秋,1
6221,下黔峽秋風,1
6222,黔峽秋風歸,1
6223,峽秋風歸敬,1
6224,秋風歸敬亭,1
6225,風歸敬亭開,1
6226,歸敬亭開門,1
6227,敬亭開門新,1
6228,亭開門新樹,1
6229,開門新樹綠,1
6230,門新樹綠登,1
6231,新樹綠登閣,1
6232,樹綠登閣舊,1
6233,綠登閣舊山,1
6234,登閣舊山青,1
6235,閣舊山青遙,1
6236,舊山青遙想,1
6237,山青遙想論,1
6238,青遙想論禪,1
6239,遙想論禪處,1
6240,想論禪處松,1
6241,論禪處松陰,1
6242,禪處松陰水,1
6243,處松陰水一,1
6244,松陰水一瓶,1
6245,陰水一瓶貧,1
6246,水一瓶貧居,1
6247,一瓶貧居樂,1
6248,瓶貧居樂游,1
6249,貧居樂游此,1
6250,居樂游此江,1
6251,樂游此江海,1
6252,游此江海思,1
6253,此江海思迢,1
6254,江海思迢迢,1
6255,海思迢迢雪,1
6256,思迢迢雪夜,1
6257,迢迢雪夜書,1
6258,迢雪夜書千,1
6259,雪夜書千卷,1
6260,夜書千卷花,1
6261,書千卷花時,1
6262,千卷花時酒,1
6263,卷花時酒一,1
6264,花時酒一瓢,1
6265,時酒一瓢獨,1
6266,酒一瓢獨愁,1
6267,一瓢獨愁秦,1
6268,瓢獨愁秦樹,1
6269,獨愁秦樹老,1
6270,愁秦樹老孤,1
6271,秦樹老孤夢,1
6272,樹老孤夢楚,1
6273,老孤夢楚山,1
6274,孤夢楚山遙,1
6275,夢楚山遙有,1
6276,楚山遙有路,1
6277,山遙有路應,1
6278,遙有路應相,1
6279,有路應相念,1
6280,路應相念風,1
6281,應相念風塵,1
6282,相念風塵滿,1
6283,念風塵滿黑,1
6284,風塵滿黑貂,1
6285,塵滿黑貂明,1
6286,滿黑貂明星,1
6287,黑貂明星低,1
6288,貂明星低未,1
6289,明星低未央,1
6290,星低未央蓮,1
6291,低未央蓮闕,1
6292,未央蓮闕迥,1
6293,央蓮闕迥蒼,1
6294,蓮闕迥蒼蒼,1
6295,闕迥蒼蒼疊,1
6296,迥蒼蒼疊鼓,1
6297,蒼蒼疊鼓催,1
6298,蒼疊鼓催殘,1
6299,疊鼓催殘月,1
6300,鼓催殘月疏,1
6301,催殘月疏鐘,1
6302,殘月疏鐘迎,1
6303,月疏鐘迎早,1
6304,疏鐘迎早霜,1
6305,鐘迎早霜關,1
6306,迎早霜關防,1
6307,早霜關防浮,1
6308,霜關防浮瑞,1
6309,關防浮瑞氣,1
6310,防浮瑞氣宮,1
6311,浮瑞氣宮館,1
6312,瑞氣宮館耀,1
6313,氣宮館耀神,1
6314,宮館耀神光,1
6315,館耀神光再,1
6316,耀神光再拜,1
6317,神光再拜為,1
6318,光再拜為君,1
6319,再拜為君壽,1
6320,拜為君壽南,1
6321,為君壽南山,1
6322,君壽南山高,1
6323,壽南山高且,1
6324,南山高且長,1
6325,山高且長戰,1
6326,高且長戰馬,1
6327,且長戰馬昔,1
6328,長戰馬昔紛,1
6329,戰馬昔紛紛,1
6330,馬昔紛紛風,1
6331,昔紛紛風驚,1
6332,紛紛風驚嵩,1
6333,紛風驚嵩少,1
6334,風驚嵩少塵,1
6335,驚嵩少塵全,1
6336,嵩少塵全家,1
6337,少塵全家南,1
6338,塵全家南渡,1
6339,全家南渡遠,1
6340,家南渡遠舊,1
6341,南渡遠舊友,1
6342,渡遠舊友北,1
6343,遠舊友北來,1
6344,舊友北來頻,1
6345,友北來頻罷,1
6346,北來頻罷酒,1
6347,來頻罷酒松,1
6348,頻罷酒松筠,1
6349,罷酒松筠晚,1
6350,酒松筠晚賦,1
6351,松筠晚賦詩,1
6352,筠晚賦詩楊,1
6353,晚賦詩楊柳,1
6354,賦詩楊柳春,1
6355,詩楊柳春誰,1
6356,楊柳春誰言,1
6357,柳春誰言今,1
6358,春誰言今夜,1
6359,誰言今夜月,1
6360,言今夜月同,1
6361,今夜月同是,1
6362,夜月同是洛,1
6363,月同是洛陽,1
6364,同是洛陽人,1
6365,是洛陽人素,1
6366,洛陽人素衣,1
6367,陽人素衣京,1
6368,人素衣京洛,1
6369,素衣京洛塵,1
6370,衣京洛塵歸,1
6371,京洛塵歸棹,1
6372,洛塵歸棹過,1
6373,塵歸棹過南,1
6374,歸棹過南津,1
6375,棹過南津故,1
6376,過南津故里,1
6377,南津故里跡,1
6378,津故里跡猶,1
6379,故里跡猶在,1
6380,里跡猶在舊,1
6381,跡猶在舊交,1
6382,猶在舊交心,1
6383,在舊交心更,1
6384,舊交心更新,1
6385,交心更新月,1
6386,心更新月高,1
6387,更新月高蕭,1
6388,新月高蕭寺,1
6389,月高蕭寺夜,1
6390,高蕭寺夜風,1
6391,蕭寺夜風暖,1
6392,寺夜風暖庾,1
6393,夜風暖庾樓,1
6394,風暖庾樓春,1
6395,暖庾樓春詩,1
6396,庾樓春詩酒,1
6397,樓春詩酒應,1
6398,春詩酒應無,1
6399,詩酒應無暇,1
6400,酒應無暇朝,1
6401,應無暇朝朝,1
6402,無暇朝朝問,1
6403,暇朝朝問旅,1
6404,朝朝問旅人,1
6405,朝問旅人綠,1
6406,問旅人綠水,1
6407,旅人綠水棹,1
6408,人綠水棹雲,1
6409,綠水棹雲月,1
6410,水棹雲月洞,1
6411,棹雲月洞庭,1
6412,雲月洞庭歸,1
6413,月洞庭歸路,1
6414,洞庭歸路長,1
6415,庭歸路長春,1
6416,歸路長春橋,1
6417,路長春橋懸,1
6418,長春橋懸酒,1
6419,春橋懸酒幔,1
6420,橋懸酒幔夜,1
6421,懸酒幔夜柵,1
6422,酒幔夜柵集,1
6423,幔夜柵集茶,1
6424,夜柵集茶檣,1
6425,柵集茶檣箬,1
6426,集茶檣箬葉,1
6427,茶檣箬葉沉,1
6428,檣箬葉沉溪,1
6429,箬葉沉溪暖,1
6430,葉沉溪暖蘋,1
6431,沉溪暖蘋花,1
6432,溪暖蘋花繞,1
6433,暖蘋花繞郭,1
6434,蘋花繞郭香,1
6435,花繞郭香應,1
6436,繞郭香應逢,1
6437,郭香應逢柳,1
6438,香應逢柳太,1
6439,應逢柳太守,1
6440,逢柳太守為,1
6441,柳太守為說,1
6442,太守為說過,1
6443,守為說過瀟,1
6444,為說過瀟湘,1
6445,說過瀟湘坐,1
6446,過瀟湘坐待,1
6447,瀟湘坐待故,1
6448,湘坐待故人,1
6449,坐待故人宿,1
6450,待故人宿月,1
6451,故人宿月華,1
6452,人宿月華清,1
6453,宿月華清興,1
6454,月華清興秋,1
6455,華清興秋管,1
6456,清興秋管弦,1
6457,興秋管弦誰,1
6458,秋管弦誰處,1
6459,管弦誰處醉,1
6460,弦誰處醉池,1
6461,誰處醉池館,1
6462,處醉池館此,1
6463,醉池館此時,1
6464,池館此時愁,1
6465,館此時愁風,1
6466,此時愁風過,1
6467,時愁風過渚,1
6468,愁風過渚荷,1
6469,風過渚荷動,1
6470,過渚荷動露,1
6471,渚荷動露含,1
6472,荷動露含山,1
6473,動露含山桂,1
6474,露含山桂幽,1
6475,含山桂幽孤,1
6476,山桂幽孤吟,1
6477,桂幽孤吟不,1
6478,幽孤吟不可,1
6479,孤吟不可曙,1
6480,吟不可曙昨,1
6481,不可曙昨夜,1
6482,可曙昨夜共,1
6483,曙昨夜共登,1
6484,昨夜共登樓,1
6485,夜共登樓禪,1
6486,共登樓禪空,1
6487,登樓禪空心,1
6488,樓禪空心已,1
6489,禪空心已寂,1
6490,空心已寂世,1
6491,心已寂世路,1
6492,已寂世路任,1
6493,寂世路任多,1
6494,世路任多岐,1
6495,路任多岐到,1
6496,任多岐到院,1
6497,多岐到院客,1
6498,岐到院客長,1
6499,到院客長見,1
6500,院客長見閉,1
6501,客長見閉關,1
6502,長見閉關人,1
6503,見閉關人不,1
6504,閉關人不知,1
6505,關人不知寺,1
6506,人不知寺喧,1
6507,不知寺喧聽,1
6508,知寺喧聽講,1
6509,寺喧聽講絕,1
6510,喧聽講絕廚,1
6511,聽講絕廚遠,1
6512,講絕廚遠送,1
6513,絕廚遠送齋,1
6514,廚遠送齋遲,1
6515,遠送齋遲牆,1
6516,送齋遲牆外,1
6517,齋遲牆外洛,1
6518,遲牆外洛陽,1
6519,牆外洛陽道,1
6520,外洛陽道東,1
6521,洛陽道東西,1
6522,陽道東西無,1
6523,道東西無盡,1
6524,東西無盡時,1
6525,西無盡時擾,1
6526,無盡時擾擾,1
6527,盡時擾擾換,1
6528,時擾擾換時,1
6529,擾擾換時節,1
6530,擾換時節舊,1
6531,換時節舊山,1
6532,時節舊山琪,1
6533,節舊山琪樹,1
6534,舊山琪樹陰,1
6535,山琪樹陰猶,1
6536,琪樹陰猶乖,1
6537,樹陰猶乖清,1
6538,陰猶乖清漢,1
6539,猶乖清漢志,1
6540,乖清漢志空,1
6541,清漢志空負,1
6542,漢志空負白,1
6543,志空負白雲,1
6544,空負白雲心,1
6545,負白雲心廣,1
6546,白雲心廣陌,1
6547,雲心廣陌埃,1
6548,心廣陌埃塵,1
6549,廣陌埃塵遠,1
6550,陌埃塵遠重,1
6551,埃塵遠重門,1
6552,塵遠重門管,1
6553,遠重門管吹,1
6554,重門管吹深,1
6555,門管吹深勞,1
6556,管吹深勞歌,1
6557,吹深勞歌極,1
6558,深勞歌極西,1
6559,勞歌極西望,1
6560,歌極西望芸,1
6561,極西望芸省,1
6562,西望芸省有,1
6563,望芸省有知,1
6564,芸省有知音,1
6565,省有知音霄,1
6566,有知音霄漢,1
6567,知音霄漢兩,1
6568,音霄漢兩飛,1
6569,霄漢兩飛鳴,1
6570,漢兩飛鳴喧,1
6571,兩飛鳴喧喧,1
6572,飛鳴喧喧動,1
6573,鳴喧喧動禁,1
6574,喧喧動禁城,1
6575,喧動禁城桂,1
6576,動禁城桂堂,1
6577,禁城桂堂同,1
6578,城桂堂同日,1
6579,桂堂同日盛,1
6580,堂同日盛芸,1
6581,同日盛芸閣,1
6582,日盛芸閣間,1
6583,盛芸閣間年,1
6584,芸閣間年榮,1
6585,閣間年榮香,1
6586,間年榮香掩,1
6587,年榮香掩蕙,1
6588,榮香掩蕙蘭,1
6589,香掩蕙蘭氣,1
6590,掩蕙蘭氣韻,1
6591,蕙蘭氣韻高,1
6592,蘭氣韻高鸞,1
6593,氣韻高鸞鶴,1
6594,韻高鸞鶴聲,1
6595,高鸞鶴聲應,1
6596,鸞鶴聲應憐,1
6597,鶴聲應憐茂,1
6598,聲應憐茂陵,1
6599,應憐茂陵客,1
6600,憐茂陵客未,1
6601,茂陵客未有,1
6602,陵客未有子,1
6603,客未有子虛,1
6604,未有子虛名,1
6605,有子虛名南,1
6606,子虛名南齋,1
6607,虛名南齋知,1
6608,名南齋知數,1
6609,南齋知數宿,1
6610,齋知數宿半,1
6611,知數宿半為,1
6612,數宿半為木,1
6613,宿半為木蘭,1
6614,半為木蘭開,1
6615,為木蘭開晴,1
6616,木蘭開晴閣,1
6617,蘭開晴閣留,1
6618,開晴閣留詩,1
6619,晴閣留詩遍,1
6620,閣留詩遍春,1
6621,留詩遍春帆,1
6622,詩遍春帆載,1
6623,遍春帆載酒,1
6624,春帆載酒回,1
6625,帆載酒回煙,1
6626,載酒回煙深,1
6627,酒回煙深揚,1
6628,回煙深揚子,1
6629,煙深揚子宅,1
6630,深揚子宅雲,1
6631,揚子宅雲斷,1
6632,子宅雲斷越,1
6633,宅雲斷越王,1
6634,雲斷越王台,1
6635,斷越王台自,1
6636,越王台自有,1
6637,王台自有孤,1
6638,台自有孤舟,1
6639,自有孤舟興,1
6640,有孤舟興何,1
6641,孤舟興何妨,1
6642,舟興何妨更,1
6643,興何妨更一,1
6644,何妨更一來,1
6645,妨更一來霽,1
6646,更一來霽色,1
6647,一來霽色明,1
6648,來霽色明高,1
6649,霽色明高巘,1
6650,色明高巘關,1
6651,明高巘關河,1
6652,高巘關河獨,1
6653,巘關河獨望,1
6654,關河獨望遙,1
6655,河獨望遙殘,1
6656,獨望遙殘雲,1
6657,望遙殘雲歸,1
6658,遙殘雲歸太,1
6659,雨過中條鳥,1
6660,過中條鳥散,1
6661,中條鳥散綠,1
6662,條鳥散綠蘿,1
6663,鳥散綠蘿靜,1
6664,散綠蘿靜蟬,1
6665,綠蘿靜蟬鳴,1
6666,蘿靜蟬鳴紅,1
6667,靜蟬鳴紅樹,1
6668,蟬鳴紅樹凋,1
6669,鳴紅樹凋何,1
6670,紅樹凋何言,1
6671,樹凋何言此,1
6672,凋何言此時,1
6673,何言此時節,1
6674,言此時節去,1
6675,此時節去去,1
6676,時節去去任,1
6677,節去去任蓬,1
6678,去去任蓬飄,1
6679,去任蓬飄花,1
6680,任蓬飄花下,1
6681,蓬飄花下送,1
6682,飄花下送歸,1
6683,花下送歸客,1
6684,下送歸客路,1
6685,送歸客路長,1
6686,歸客路長應,1
6687,客路長應過,1
6688,路長應過秋,1
6689,長應過秋暮,1
6690,應過秋暮隨,1
6691,過秋暮隨江,1
6692,秋暮隨江鳥,1
6693,暮隨江鳥宿,1
6694,隨江鳥宿寒,1
6695,江鳥宿寒共,1
6696,鳥宿寒共嶺,1
6697,宿寒共嶺猿,1
6698,寒共嶺猿愁,1
6699,共嶺猿愁眾,1
6700,嶺猿愁眾水,1
6701,猿愁眾水喧,1
6702,愁眾水喧嚴,1
6703,眾水喧嚴瀨,1
6704,水喧嚴瀨群,1
6705,喧嚴瀨群峰,1
6706,嚴瀨群峰抱,1
6707,瀨群峰抱沉,1
6708,群峰抱沉樓,1
6709,峰抱沉樓因,1
6710,抱沉樓因君,1
6711,沉樓因君幾,1
6712,樓因君幾南,1
6713,因君幾南望,1
6714,君幾南望曾,1
6715,幾南望曾向,1
6716,南望曾向此,1
6717,望曾向此中,1
6718,曾向此中游,1
6719,向此中游中,1
6720,此中游中岩,1
6721,中游中岩多,1
6722,游中岩多少,1
6723,中岩多少隱,1
6724,岩多少隱提,1
6725,多少隱提榼,1
6726,少隱提榼抱,1
6727,隱提榼抱琴,1
6728,提榼抱琴遊,1
6729,榼抱琴遊潭,1
6730,抱琴遊潭冷,1
6731,琴遊潭冷薜,1
6732,遊潭冷薜蘿,1
6733,潭冷薜蘿晚,1
6734,冷薜蘿晚山,1
6735,薜蘿晚山香,1
6736,蘿晚山香松,1
6737,晚山香松桂,1
6738,山香松桂秋,1
6739,香松桂秋瓢,1
6740,松桂秋瓢閑,1
6741,桂秋瓢閑高,1
6742,秋瓢閑高樹,1
6743,瓢閑高樹掛,1
6744,閑高樹掛杯,1
6745,高樹掛杯急,1
6746,樹掛杯急曲,1
6747,掛杯急曲池,1
6748,杯急曲池流,1
6749,急曲池流獨,1
6750,曲池流獨有,1
6751,池流獨有迷,1
6752,流獨有迷津,1
6753,獨有迷津客,1
6754,有迷津客東,1
6755,迷津客東西,1
6756,津客東西南,1
6757,客東西南北,1
6758,東西南北愁,1
6759,西南北愁征,1
6760,南北愁征夫,1
6761,北愁征夫天,1
6762,愁征夫天一,1
6763,征夫天一涯,1
6764,夫天一涯醉,1
6765,天一涯醉贈,1
6766,一涯醉贈別,1
6767,涯醉贈別吾,1
6768,醉贈別吾詩,1
6769,贈別吾詩雁,1
6770,別吾詩雁迥,1
6771,吾詩雁迥參,1
6772,詩雁迥參差,1
6773,雁迥參差遠,1
6774,迥參差遠龍,1
6775,參差遠龍多,1
6776,差遠龍多次,1
6777,遠龍多次第,1
6778,龍多次第遲,1
6779,多次第遲寧,1
6780,次第遲寧歌,1
6781,第遲寧歌還,1
6782,遲寧歌還夜,1
6783,寧歌還夜苦,1
6784,歌還夜苦宋,1
6785,還夜苦宋賦,1
6786,夜苦宋賦更,1
6787,苦宋賦更秋,1
6788,宋賦更秋悲,1
6789,賦更秋悲的,1
6790,更秋悲的的,1
6791,秋悲的的遙,1
6792,悲的的遙相,1
6793,的的遙相待,1
6794,的遙相待清,1
6795,遙相待清風,1
6796,相待清風白,1
6797,待清風白露,1
6798,清風白露時,1
6799,風白露時山,1
6800,白露時山水,1
6801,露時山水引,1
6802,時山水引歸,1
6803,山水引歸路,1
6804,水引歸路陸,1
6805,引歸路陸郎,1
6806,歸路陸郎從,1
6807,路陸郎從此,1
6808,陸郎從此諳,1
6809,郎從此諳秋,1
6810,從此諳秋茶,1
6811,此諳秋茶垂,1
6812,諳秋茶垂露,1
6813,秋茶垂露細,1
6814,茶垂露細寒,1
6815,垂露細寒菊,1
6816,露細寒菊帶,1
6817,細寒菊帶霜,1
6818,寒菊帶霜甘,1
6819,菊帶霜甘台,1
6820,帶霜甘台倚,1
6821,霜甘台倚烏,1
6822,甘台倚烏龍,1
6823,台倚烏龍嶺,1
6824,倚烏龍嶺樓,1
6825,烏龍嶺樓侵,1
6826,龍嶺樓侵白,1
6827,嶺樓侵白雁,1
6828,樓侵白雁潭,1
6829,侵白雁潭沈,1
6830,白雁潭沈公,1
6831,雁潭沈公如,1
6832,潭沈公如借,1
6833,沈公如借問,1
6834,公如借問心,1
6835,如借問心在,1
6836,借問心在浙,1
6837,問心在浙河,1
6838,心在浙河南,1
6839,在浙河南江,1
6840,浙河南江曲,1
6841,河南江曲山,1
6842,南江曲山如,1
6843,江曲山如畫,1
6844,曲山如畫貪,1
6845,山如畫貪程,1
6846,如畫貪程亦,1
6847,畫貪程亦駐,1
6848,貪程亦駐舟,1
6849,程亦駐舟果,1
6850,亦駐舟果隨,1
6851,駐舟果隨岩,1
6852,舟果隨岩狖,1
6853,果隨岩狖落,1
6854,隨岩狖落槎,1
6855,岩狖落槎帶,1
6856,狖落槎帶水,1
6857,落槎帶水禽,1
6858,槎帶水禽流,1
6859,帶水禽流客,1
6860,水禽流客散,1
6861,禽流客散他,1
6862,流客散他鄉,1
6863,客散他鄉夜,1
6864,散他鄉夜人,1
6865,他鄉夜人歸,1
6866,鄉夜人歸故,1
6867,夜人歸故國,1
6868,人歸故國秋,1
6869,歸故國秋樽,1
6870,故國秋樽前,1
6871,國秋樽前掛,1
6872,秋樽前掛帆,1
6873,樽前掛帆去,1
6874,前掛帆去風,1
6875,掛帆去風雨,1
6876,帆去風雨下,1
6877,去風雨下西,1
6878,雨下西樓旅,1
6879,下西樓旅葬,1
6880,西樓旅葬不,1
6881,樓旅葬不可,1
6882,旅葬不可問,1
6883,葬不可問茫,1
6884,不可問茫茫,1
6885,可問茫茫西,1
6886,問茫茫西隴,1
6887,茫茫西隴頭,1
6888,茫西隴頭水,1
6889,西隴頭水雲,1
6890,隴頭水雲青,1
6891,頭水雲青草,1
6892,水雲青草濕,1
6893,雲青草濕山,1
6894,青草濕山月,1
6895,草濕山月白,1
6896,濕山月白楊,1
6897,山月白楊愁,1
6898,月白楊愁琴,1
6899,白楊愁琴信,1
6900,楊愁琴信有,1
6901,愁琴信有時,1
6902,琴信有時罷,1
6903,信有時罷劍,1
6904,有時罷劍傷,1
6905,時罷劍傷無,1
6906,罷劍傷無處,1
6907,劍傷無處留,1
6908,傷無處留淮,1
6909,無處留淮南,1
6910,處留淮南舊,1
6911,留淮南舊煙,1
6912,淮南舊煙月,1
6913,南舊煙月孤,1
6914,舊煙月孤棹,1
6915,煙月孤棹更,1
6916,月孤棹更逢,1
6917,孤棹更逢秋,1
6918,棹更逢秋儒,1
6919,更逢秋儒家,1
6920,逢秋儒家有,1
6921,秋儒家有釋,1
6922,儒家有釋子,1
6923,家有釋子年,1
6924,有釋子年少,1
6925,釋子年少學,1
6926,子年少學支,1
6927,年少學支公,1
6928,少學支公心,1
6929,學支公心出,1
6930,支公心出是,1
6931,公心出是非,1
6932,心出是非外,1
6933,出是非外跡,1
6934,是非外跡辭,1
6935,非外跡辭榮,1
6936,外跡辭榮辱,1
6937,跡辭榮辱中,1
6938,辭榮辱中錫,1
6939,榮辱中錫寒,1
6940,辱中錫寒秦,1
6941,中錫寒秦嶺,1
6942,錫寒秦嶺月,1
6943,寒秦嶺月杯,1
6944,秦嶺月杯急,1
6945,嶺月杯急楚,1
6946,月杯急楚江,1
6947,杯急楚江風,1
6948,急楚江風離,1
6949,楚江風離怨,1
6950,江風離怨故,1
6951,風離怨故園,1
6952,離怨故園裏,1
6953,怨故園裏小,1
6954,故園裏小秋,1
6955,園裏小秋梨,1
6956,裏小秋梨葉,1
6957,小秋梨葉紅,1
6958,秋梨葉紅歸,1
6959,梨葉紅歸臥,1
6960,葉紅歸臥養,1
6961,紅歸臥養天,1
6962,歸臥養天真,1
6963,臥養天真鹿,1
6964,養天真鹿裘,1
6965,天真鹿裘烏,1
6966,真鹿裘烏角,1
6967,裘烏角巾茂,1
6968,烏角巾茂陵,1
6969,角巾茂陵閑,1
6970,巾茂陵閑久,1
6971,茂陵閑久病,1
6972,陵閑久病彭,1
6973,閑久病彭澤,1
6974,久病彭澤醉,1
6975,病彭澤醉長,1
6976,彭澤醉長貧,1
6977,澤醉長貧冠,1
6978,醉長貧冠蓋,1
6979,長貧冠蓋西,1
6980,貧冠蓋西園,1
6981,冠蓋西園夜,1
6982,蓋西園夜笙,1
6983,西園夜笙歌,1
6984,園夜笙歌北,1
6985,夜笙歌北裏,1
6986,笙歌北裏春,1
6987,歌北裏春誰,1
6988,北裏春誰憐,1
6989,裏春誰憐清,1
6990,春誰憐清渭,1
6991,誰憐清渭曲,1
6992,憐清渭曲又,1
6993,清渭曲又老,1
6994,渭曲又老釣,1
6995,曲又老釣魚,1
6996,又老釣魚人,1
6997,老釣魚人調,1
6998,釣魚人調瑟,1
6999,魚人調瑟勸,1
7000,人調瑟勸離,1
7001,調瑟勸離酒,1
7002,瑟勸離酒苦,1
7003,勸離酒苦諳,1
7004,離酒苦諳荊,1
7005,酒苦諳荊楚,1
7006,苦諳荊楚門,1
7007,諳荊楚門竹,1
7008,荊楚門竹斑,1
7009,楚門竹斑悲,1
7010,門竹斑悲帝,1
7011,竹斑悲帝女,1
7012,斑悲帝女草,1
7013,悲帝女草綠,1
7014,帝女草綠怨,1
7015,女草綠怨王,1
7016,草綠怨王孫,1
7017,綠怨王孫潮,1
7018,怨王孫潮落,1
7019,王孫潮落九,1
7020,孫潮落九疑,1
7021,潮落九疑迥,1
7022,落九疑迥雨,1
7023,九疑迥雨連,1
7024,疑迥雨連三,1
7025,迥雨連三峽,1
7026,雨連三峽昏,1
7027,連三峽昏同,1
7028,三峽昏同來,1
7029,峽昏同來不,1
7030,昏同來不同,1
7031,同來不同去,1
7032,來不同去迢,1
7033,不同去迢遞,1
7034,同去迢遞更,1
7035,去迢遞更傷,1
7036,迢遞更傷魂,1
7037,遞更傷魂綠,1
7038,更傷魂綠雲,1
7039,傷魂綠雲多,1
7040,魂綠雲多學,1
7041,綠雲多學術,1
7042,雲多學術黃,1
7043,多學術黃發,1
7044,學術黃發竟,1
7045,術黃發竟無,1
7046,黃發竟無成,1
7047,發竟無成酒,1
7048,竟無成酒縱,1
7049,無成酒縱山,1
7050,成酒縱山中,1
7051,酒縱山中性,1
7052,縱山中性詩,1
7053,山中性詩留,1
7054,中性詩留海,1
7055,性詩留海上,1
7056,詩留海上名,1
7057,留海上名讀,1
7058,海上名讀書,1
7059,上名讀書新,1
7060,名讀書新樹,1
7061,讀書新樹老,1
7062,書新樹老垂,1
7063,新樹老垂釣,1
7064,樹老垂釣舊,1
7065,老垂釣舊磯,1
7066,垂釣舊磯平,1
7067,釣舊磯平今,1
7068,舊磯平今日,1
7069,磯平今日悲,1
7070,平今日悲前,1
7071,今日悲前事,1
7072,日悲前事西,1
7073,悲前事西風,1
7074,前事西風聞,1
7075,事西風聞哭,1
7076,西風聞哭聲,1
7077,風聞哭聲從,1
7078,聞哭聲從官,1
7079,哭聲從官任,1
7080,聲從官任直,1
7081,從官任直道,1
7082,官任直道幾,1
7083,任直道幾處,1
7084,直道幾處脫,1
7085,道幾處脫長,1
7086,幾處脫長裾,1
7087,處脫長裾歿,1
7088,脫長裾歿後,1
7089,長裾歿後兒,1
7090,裾歿後兒猶,1
7091,歿後兒猶小,1
7092,後兒猶小葬,1
7093,兒猶小葬來,1
7094,猶小葬來人,1
7095,小葬來人漸,1
7096,葬來人漸疏,1
7097,來人漸疏新,1
7098,人漸疏新鄰,1
7099,漸疏新鄰占,1
7100,疏新鄰占池,1
7101,新鄰占池館,1
7102,鄰占池館長,1
7103,占池館長史,1
7104,池館長史覓,1
7105,館長史覓圖,1
7106,長史覓圖書,1
7107,史覓圖書身,1
7108,覓圖書身賤,1
7109,圖書身賤難,1
7110,書身賤難相,1
7111,身賤難相報,1
7112,賤難相報平,1
7113,難相報平生,1
7114,相報平生恨,1
7115,報平生恨有,1
7116,平生恨有餘,1
7117,生恨有餘滄,1
7118,恨有餘滄波,1
7119,有餘滄波天,1
7120,餘滄波天塹,1
7121,滄波天塹外,1
7122,波天塹外何,1
7123,天塹外何島,1
7124,塹外何島是,1
7125,外何島是新,1
7126,何島是新羅,1
7127,島是新羅舶,1
7128,是新羅舶主,1
7129,新羅舶主辭,1
7130,羅舶主辭番,1
7131,舶主辭番遠,1
7132,主辭番遠棋,1
7133,辭番遠棋僧,1
7134,番遠棋僧入,1
7135,遠棋僧入漢,1
7136,棋僧入漢多,1
7137,僧入漢多海,1
7138,入漢多海風,1
7139,漢多海風吹,1
7140,多海風吹白,1
7141,海風吹白鶴,1
7142,風吹白鶴沙,1
7143,吹白鶴沙日,1
7144,白鶴沙日曬,1
7145,鶴沙日曬紅,1
7146,沙日曬紅螺,1
7147,日曬紅螺此,1
7148,曬紅螺此去,1
7149,紅螺此去知,1
7150,螺此去知投,1
7151,此去知投筆,1
7152,去知投筆須,1
7153,知投筆須求,1
7154,投筆須求利,1
7155,筆須求利劍,1
7156,須求利劍磨,1
7157,求利劍磨密,1
7158,利劍磨密林,1
7159,劍磨密林生,1
7160,磨密林生雨,1
7161,密林生雨氣,1
7162,林生雨氣古,1
7163,生雨氣古石,1
7164,雨氣古石帶,1
7165,氣古石帶苔,1
7166,古石帶苔文,1
7167,石帶苔文雖,1
7168,帶苔文雖去,1
7169,苔文雖去清,1
7170,文雖去清朝,1
7171,雖去清朝遠,1
7172,去清朝遠朝,1
7173,清朝遠朝朝,1
7174,朝遠朝朝見,1
7175,遠朝朝見白,1
7176,朝朝見白雲,1
7177,朝見白雲江,1
7178,見白雲江昏,1
7179,白雲江昏山,1
7180,雲江昏山半,1
7181,江昏山半晴,1
7182,昏山半晴南,1
7183,山半晴南阻,1
7184,半晴南阻絕,1
7185,晴南阻絕人,1
7186,南阻絕人行,1
7187,阻絕人行葭,1
7188,絕人行葭菼,1
7189,人行葭菼連,1
7190,行葭菼連雲,1
7191,葭菼連雲色,1
7192,菼連雲色杉,1
7193,連雲色杉松,1
7194,雲色杉松共,1
7195,色杉松共雨,1
7196,杉松共雨聲,1
7197,松共雨聲早,1
7198,共雨聲早秋,1
7199,雨聲早秋仍,1
7200,聲早秋仍燕,1
7201,早秋仍燕舞,1
7202,秋仍燕舞深,1
7203,仍燕舞深夜,1
7204,燕舞深夜更,1
7205,舞深夜更鼉,1
7206,深夜更鼉鳴,1
7207,夜更鼉鳴為,1
7208,更鼉鳴為報,1
7209,鼉鳴為報迷,1
7210,鳴為報迷津,1
7211,為報迷津客,1
7212,報迷津客訛,1
7213,迷津客訛言,1
7214,津客訛言未,1
7215,客訛言未可,1
7216,訛言未可輕,1
7217,言未可輕步,1
7218,未可輕步步,1
7219,可輕步步入,1
7220,輕步步入山,1
7221,步步入山門,1
7222,步入山門仙,1
7223,入山門仙家,1
7224,山門仙家鳥,1
7225,門仙家鳥徑,1
7226,仙家鳥徑分,1
7227,家鳥徑分漁,1
7228,鳥徑分漁樵,1
7229,徑分漁樵不,1
7230,分漁樵不到,1
7231,漁樵不到處,1
7232,樵不到處麋,1
7233,不到處麋鹿,1
7234,到處麋鹿自,1
7235,處麋鹿自成,1
7236,麋鹿自成群,1
7237,鹿自成群石,1
7238,自成群石面,1
7239,成群石面迸,1
7240,群石面迸出,1
7241,石面迸出水,1
7242,面迸出水松,1
7243,迸出水松頭,1
7244,出水松頭穿,1
7245,水松頭穿破,1
7246,松頭穿破雲,1
7247,頭穿破雲道,1
7248,穿破雲道人,1
7249,破雲道人星,1
7250,雲道人星月,1
7251,道人星月下,1
7252,人星月下相,1
7253,星月下相次,1
7254,月下相次禮,1
7255,下相次禮茅,1
7256,相次禮茅君,1
7257,次禮茅君洛,1
7258,禮茅君洛陽,1
7259,茅君洛陽多,1
7260,君洛陽多舊,1
7261,洛陽多舊跡,1
7262,陽多舊跡一,1
7263,多舊跡一日,1
7264,舊跡一日幾,1
7265,跡一日幾堪,1
7266,一日幾堪愁,1
7267,日幾堪愁風,1
7268,幾堪愁風起,1
7269,堪愁風起林,1
7270,愁風起林花,1
7271,風起林花晚,1
7272,起林花晚月,1
7273,林花晚月明,1
7274,花晚月明陵,1
7275,晚月明陵樹,1
7276,月明陵樹秋,1
7277,明陵樹秋興,1
7278,陵樹秋興亡,1
7279,樹秋興亡不,1
7280,秋興亡不可,1
7281,興亡不可問,1
7282,亡不可問自,1
7283,不可問自古,1
7284,可問自古水,1
7285,問自古水東,1
7286,自古水東流,1
7287,古水東流憶,1
7288,水東流憶昨,1
7289,東流憶昨未,1
7290,流憶昨未知,1
7291,憶昨未知道,1
7292,昨未知道臨,1
7293,未知道臨川,1
7294,知道臨川每,1
7295,道臨川每羨,1
7296,臨川每羨魚,1
7297,川每羨魚世,1
7298,每羨魚世途,1
7299,羨魚世途行,1
7300,魚世途行處,1
7301,世途行處見,1
7302,途行處見人,1
7303,行處見人事,1
7304,處見人事病,1
7305,見人事病來,1
7306,人事病來疏,1
7307,事病來疏微,1
7308,病來疏微雨,1
7309,來疏微雨秋,1
7310,疏微雨秋栽,1
7311,微雨秋栽竹,1
7312,雨秋栽竹孤,1
7313,秋栽竹孤燈,1
7314,栽竹孤燈夜,1
7315,竹孤燈夜讀,1
7316,孤燈夜讀書,1
7317,燈夜讀書憐,1
7318,夜讀書憐君,1
7319,讀書憐君亦,1
7320,書憐君亦同,1
7321,憐君亦同志,1
7322,君亦同志晚,1
7323,亦同志晚歲,1
7324,同志晚歲傍,1
7325,志晚歲傍山,1
7326,晚歲傍山居,1
7327,歲傍山居何,1
7328,傍山居何處,1
7329,山居何處少,1
7330,居何處少人,1
7331,何處少人事,1
7332,處少人事西,1
7333,少人事西山,1
7334,人事西山舊,1
7335,事西山舊草,1
7336,西山舊草堂,1
7337,山舊草堂曬,1
7338,舊草堂曬書,1
7339,草堂曬書秋,1
7340,堂曬書秋日,1
7341,曬書秋日晚,1
7342,書秋日晚洗,1
7343,秋日晚洗藥,1
7344,日晚洗藥石,1
7345,晚洗藥石泉,1
7346,洗藥石泉香,1
7347,藥石泉香浚,1
7348,石泉香浚嶺,1
7349,泉香浚嶺有,1
7350,香浚嶺有朝,1
7351,浚嶺有朝雨,1
7352,嶺有朝雨北,1
7353,有朝雨北窗,1
7354,朝雨北窗生,1
7355,雨北窗生夜,1
7356,北窗生夜涼,1
7357,窗生夜涼從,1
7358,生夜涼從勞,1
7359,夜涼從勞問,1
7360,涼從勞問歸,1
7361,從勞問歸路,1
7362,勞問歸路峰,1
7363,問歸路峰疊,1
7364,歸路峰疊繞,1
7365,路峰疊繞家,1
7366,峰疊繞家鄉,1
7367,疊繞家鄉回,1
7368,繞家鄉回報,1
7369,家鄉回報隱,1
7370,鄉回報隱居,1
7371,回報隱居士,1
7372,報隱居士莫,1
7373,隱居士莫愁,1
7374,居士莫愁山,1
7375,士莫愁山興,1
7376,莫愁山興闌,1
7377,愁山興闌求,1
7378,山興闌求人,1
7379,興闌求人顏,1
7380,闌求人顏色,1
7381,求人顏色盡,1
7382,人顏色盡知,1
7383,顏色盡知道,1
7384,色盡知道性,1
7385,盡知道性情,1
7386,知道性情寬,1
7387,道性情寬信,1
7388,性情寬信譜,1
7389,情寬信譜彈,1
7390,寬信譜彈琴,1
7391,信譜彈琴誤,1
7392,譜彈琴誤緣,1
7393,彈琴誤緣崖,1
7394,琴誤緣崖劚,1
7395,誤緣崖劚藥,1
7396,緣崖劚藥難,1
7397,崖劚藥難東,1
7398,劚藥難東皋,1
7399,藥難東皋亦,1
7400,難東皋亦自,1
7401,東皋亦自給,1
7402,皋亦自給殊,1
7403,亦自給殊愧,1
7404,自給殊愧遠,1
7405,給殊愧遠相,1
7406,殊愧遠相安,1
7407,愧遠相安溪,1
7408,遠相安溪長,1
7409,相安溪長山,1
7410,安溪長山幾,1
7411,溪長山幾重,1
7412,長山幾重十,1
7413,山幾重十裏,1
7414,幾重十裏萬,1
7415,重十裏萬株,1
7416,十裏萬株松,1
7417,裏萬株松秋,1
7418,萬株松秋日,1
7419,株松秋日下,1
7420,松秋日下丹,1
7421,秋日下丹檻,1
7422,日下丹檻暮,1
7423,下丹檻暮雲,1
7424,丹檻暮雲歸,1
7425,檻暮雲歸碧,1
7426,暮雲歸碧峰,1
7427,雲歸碧峰樹,1
7428,歸碧峰樹棲,1
7429,碧峰樹棲新,1
7430,峰樹棲新放,1
7431,樹棲新放鶴,1
7432,棲新放鶴潭,1
7433,新放鶴潭隱,1
7434,放鶴潭隱舊,1
7435,鶴潭隱舊降,1
7436,潭隱舊降龍,1
7437,隱舊降龍還,1
7438,舊降龍還在,1
7439,降龍還在孤,1
7440,龍還在孤舟,1
7441,還在孤舟宿,1
7442,在孤舟宿臥,1
7443,孤舟宿臥聞,1
7444,舟宿臥聞初,1
7445,宿臥聞初夜,1
7446,臥聞初夜鐘,1
7447,聞初夜鐘江,1
7448,初夜鐘江城,1
7449,夜鐘江城紅,1
7450,鐘江城紅葉,1
7451,江城紅葉盡,1
7452,城紅葉盡旅,1
7453,紅葉盡旅思,1
7454,葉盡旅思複,1
7455,盡旅思複淒,1
7456,旅思複淒傷,1
7457,思複淒傷孤,1
7458,複淒傷孤夢,1
7459,淒傷孤夢家,1
7460,傷孤夢家山,1
7461,孤夢家山遠,1
7462,夢家山遠獨,1
7463,家山遠獨眠,1
7464,山遠獨眠秋,1
7465,遠獨眠秋夜,1
7466,獨眠秋夜長,1
7467,眠秋夜長道,1
7468,秋夜長道存,1
7469,夜長道存空,1
7470,長道存空倚,1
7471,道存空倚命,1
7472,存空倚命身,1
7473,空倚命身賤,1
7474,倚命身賤未,1
7475,命身賤未歸,1
7476,身賤未歸鄉,1
7477,賤未歸鄉南,1
7478,未歸鄉南望,1
7479,歸鄉南望空,1
7480,鄉南望空垂,1
7481,南望空垂淚,1
7482,望空垂淚天,1
7483,空垂淚天邊,1
7484,垂淚天邊雁,1
7485,淚天邊雁一,1
7486,天邊雁一行,1
7487,邊雁一行有,1
7488,雁一行有計,1
7489,一行有計自,1
7490,行有計自安,1
7491,有計自安業,1
7492,計自安業秋,1
7493,自安業秋風,1
7494,安業秋風罷,1
7495,業秋風罷苦,1
7496,秋風罷苦吟,1
7497,風罷苦吟買,1
7498,罷苦吟買山,1
7499,苦吟買山兼,1
7500,吟買山兼種,1
7501,買山兼種竹,1
7502,山兼種竹對,1
7503,兼種竹對客,1
7504,種竹對客更,1
7505,竹對客更彈,1
7506,對客更彈琴,1
7507,客更彈琴煙,1
7508,更彈琴煙起,1
7509,彈琴煙起藥,1
7510,琴煙起藥園,1
7511,煙起藥園晚,1
7512,起藥園晚杵,1
7513,藥園晚杵聲,1
7514,園晚杵聲松,1
7515,晚杵聲松院,1
7516,杵聲松院深,1
7517,聲松院深閑,1
7518,松院深閑眠,1
7519,院深閑眠得,1
7520,深閑眠得真,1
7521,閑眠得真性,1
7522,眠得真性惆,1
7523,得真性惆悵,1
7524,真性惆悵舊,1
7525,性惆悵舊時,1
7526,惆悵舊時心,1
7527,悵舊時心通,1
7528,舊時心通竹,1
7529,時心通竹引,1
7530,心通竹引泉,1
7531,通竹引泉脈,1
7532,竹引泉脈泓,1
7533,引泉脈泓澄,1
7534,泉脈泓澄瀲,1
7535,脈泓澄瀲石,1
7536,泓澄瀲石盆,1
7537,澄瀲石盆驚,1
7538,瀲石盆驚魚,1
7539,石盆驚魚翻,1
7540,盆驚魚翻藻,1
7541,驚魚翻藻葉,1
7542,魚翻藻葉浴,1
7543,翻藻葉浴鳥,1
7544,藻葉浴鳥上,1
7545,葉浴鳥上松,1
7546,浴鳥上松根,1
7547,鳥上松根殘,1
7548,上松根殘月,1
7549,松根殘月留,1
7550,根殘月留山,1
7551,殘月留山影,1
7552,月留山影高,1
7553,留山影高風,1
7554,山影高風耗,1
7555,影高風耗水,1
7556,高風耗水痕,1
7557,風耗水痕誰,1
7558,耗水痕誰家,1
7559,水痕誰家秋,1
7560,痕誰家秋洗,1
7561,誰家秋洗藥,1
7562,家秋洗藥來,1
7563,秋洗藥來往,1
7564,洗藥來往自,1
7565,藥來往自開,1
7566,來往自開門,1
7567,往自開門昔,1
7568,自開門昔話,1
7569,開門昔話平,1
7570,門昔話平生,1
7571,昔話平生志,1
7572,話平生志高,1
7573,平生志高齋,1
7574,生志高齋曾,1
7575,志高齋曾見,1
7576,高齋曾見留,1
7577,齋曾見留道,1
7578,曾見留道孤,1
7579,見留道孤心,1
7580,留道孤心易,1
7581,道孤心易感,1
7582,孤心易感恩,1
7583,心易感恩重,1
7584,易感恩重力,1
7585,感恩重力難,1
7586,恩重力難酬,1
7587,重力難酬獨,1
7588,力難酬獨立,1
7589,難酬獨立千,1
7590,酬獨立千峰,1
7591,獨立千峰曉,1
7592,立千峰曉頻,1
7593,千峰曉頻來,1
7594,峰曉頻來一,1
7595,曉頻來一葉,1
7596,頻來一葉秋,1
7597,來一葉秋雞,1
7598,一葉秋雞鳴,1
7599,葉秋雞鳴應,1
7600,秋雞鳴應有,1
7601,雞鳴應有處,1
7602,鳴應有處不,1
7603,應有處不覺,1
7604,有處不覺淚,1
7605,處不覺淚空,1
7606,不覺淚空流,1
7607,覺淚空流夜,1
7608,淚空流夜程,1
7609,空流夜程何,1
7610,流夜程何處,1
7611,夜程何處宿,1
7612,程何處宿山,1
7613,何處宿山疊,1
7614,處宿山疊樹,1
7615,宿山疊樹層,1
7616,山疊樹層層,1
7617,疊樹層層孤,1
7618,樹層層孤館,1
7619,層層孤館閉,1
7620,層孤館閉秋,1
7621,孤館閉秋雨,1
7622,館閉秋雨空,1
7623,閉秋雨空堂,1
7624,秋雨空堂停,1
7625,雨空堂停曙,1
7626,空堂停曙燈,1
7627,堂停曙燈歌,1
7628,停曙燈歌慚,1
7629,曙燈歌慚漁,1
7630,燈歌慚漁浦,1
7631,歌慚漁浦客,1
7632,慚漁浦客詩,1
7633,漁浦客詩學,1
7634,浦客詩學雁,1
7635,客詩學雁門,1
7636,詩學雁門僧,1
7637,學雁門僧此,1
7638,雁門僧此意,1
7639,門僧此意無,1
7640,僧此意無人,1
7641,此意無人識,1
7642,意無人識明,1
7643,無人識明朝,1
7644,人識明朝見,1
7645,識明朝見李,1
7646,明朝見李膺,1
7647,朝見李膺綠,1
7648,見李膺綠蘿,1
7649,李膺綠蘿縈,1
7650,膺綠蘿縈數,1
7651,綠蘿縈數匝,1
7652,蘿縈數匝本,1
7653,縈數匝本在,1
7654,數匝本在草,1
7655,匝本在草堂,1
7656,本在草堂間,1
7657,在草堂間秋,1
7658,草堂間秋色,1
7659,堂間秋色寄,1
7660,間秋色寄高,1
7661,秋色寄高樹,1
7662,色寄高樹晝,1
7663,寄高樹晝陰,1
7664,高樹晝陰籠,1
7665,樹晝陰籠遠,1
7666,晝陰籠遠山,1
7667,陰籠遠山移,1
7668,籠遠山移花,1
7669,遠山移花疏,1
7670,山移花疏處,1
7671,移花疏處種,1
7672,花疏處種劚,1
7673,疏處種劚藥,1
7674,處種劚藥困,1
7675,種劚藥困時,1
7676,劚藥困時攀,1
7677,藥困時攀日,1
7678,困時攀日暮,1
7679,時攀日暮微,1
7680,攀日暮微風,1
7681,日暮微風起,1
7682,暮微風起難,1
7683,微風起難尋,1
7684,風起難尋舊,1
7685,起難尋舊徑,1
7686,難尋舊徑還,1
7687,尋舊徑還雙,1
7688,舊徑還雙岩,1
7689,徑還雙岩瀉,1
7690,還雙岩瀉一,1
7691,岩瀉一川回,1
7692,瀉一川回馬,1
7693,一川回馬斷,1
7694,川回馬斷橋,1
7695,回馬斷橋前,1
7696,馬斷橋前古,1
7697,斷橋前古廟,1
7698,橋前古廟陰,1
7699,前古廟陰風,1
7700,滑帶龍涎卻,1
7701,帶龍涎卻下,1
7702,龍涎卻下臨,1
7703,涎卻下臨江,1
7704,卻下臨江路,1
7705,下臨江路潮,1
7706,臨江路潮深,1
7707,江路潮深無,1
7708,路潮深無渡,1
7709,潮深無渡船,1
7710,深無渡船失,1
7711,無渡船失意,1
7712,渡船失意歸,1
7713,船失意歸三,1
7714,失意歸三徑,1
7715,意歸三徑傷,1
7716,歸三徑傷春,1
7717,三徑傷春別,1
7718,徑傷春別九,1
7719,傷春別九門,1
7720,春別九門薄,1
7721,別九門薄煙,1
7722,九門薄煙楊,1
7723,門薄煙楊柳,1
7724,薄煙楊柳路,1
7725,煙楊柳路微,1
7726,楊柳路微雨,1
7727,柳路微雨杏,1
7728,路微雨杏花,1
7729,微雨杏花村,1
7730,雨杏花村牧,1
7731,杏花村牧豎,1
7732,花村牧豎還,1
7733,村牧豎還呼,1
7734,牧豎還呼犢,1
7735,豎還呼犢鄰,1
7736,還呼犢鄰翁,1
7737,呼犢鄰翁亦,1
7738,犢鄰翁亦抱,1
7739,鄰翁亦抱孫,1
7740,翁亦抱孫不,1
7741,亦抱孫不知,1
7742,抱孫不知餘,1
7743,孫不知餘正,1
7744,不知餘正苦,1
7745,知餘正苦迎,1
7746,餘正苦迎馬,1
7747,正苦迎馬問,1
7748,苦迎馬問寒,1
7749,迎馬問寒溫,1
7750,馬問寒溫何,1
7751,問寒溫何年,1
7752,寒溫何年去,1
7753,溫何年去此,1
7754,何年去此地,1
7755,年去此地南,1
7756,去此地南浦,1
7757,此地南浦滿,1
7758,地南浦滿鳧,1
7759,南浦滿鳧雛,1
7760,浦滿鳧雛雲,1
7761,滿鳧雛雲漢,1
7762,鳧雛雲漢知,1
7763,雛雲漢知心,1
7764,雲漢知心遠,1
7765,漢知心遠林,1
7766,知心遠林塘,1
7767,心遠林塘覺,1
7768,遠林塘覺思,1
7769,林塘覺思孤,1
7770,塘覺思孤低,1
7771,覺思孤低飛,1
7772,思孤低飛下,1
7773,孤低飛下晚,1
7774,低飛下晚樹,1
7775,飛下晚樹獨,1
7776,下晚樹獨睡,1
7777,晚樹獨睡映,1
7778,樹獨睡映新,1
7779,獨睡映新蒲,1
7780,睡映新蒲為,1
7781,映新蒲為爾,1
7782,新蒲為爾多,1
7783,蒲為爾多歸,1
7784,為爾多歸興,1
7785,爾多歸興前,1
7786,多歸興前年,1
7787,歸興前年在,1
7788,興前年在五,1
7789,前年在五湖,1
7790,年在五湖處,1
7791,在五湖處處,1
7792,五湖處處哭,1
7793,湖處處哭聲,1
7794,處處哭聲悲,1
7795,處哭聲悲行,1
7796,哭聲悲行人,1
7797,聲悲行人馬,1
7798,悲行人馬亦,1
7799,行人馬亦遲,1
7800,人馬亦遲店,1
7801,馬亦遲店閑,1
7802,亦遲店閑無,1
7803,遲店閑無火,1
7804,店閑無火日,1
7805,閑無火日村,1
7806,無火日村暖,1
7807,火日村暖斫,1
7808,日村暖斫桑,1
7809,村暖斫桑時,1
7810,暖斫桑時泣,1
7811,斫桑時泣路,1
7812,桑時泣路同,1
7813,時泣路同楊,1
7814,泣路同楊子,1
7815,路同楊子燒,1
7816,同楊子燒山,1
7817,楊子燒山憶,1
7818,子燒山憶介,1
7819,燒山憶介推,1
7820,山憶介推清,1
7821,憶介推清明,1
7822,介推清明明,1
7823,推清明明日,1
7824,清明明日是,1
7825,明明日是甘,1
7826,明日是甘負,1
7827,日是甘負故,1
7828,是甘負故園,1
7829,甘負故園期,1
7830,負故園期故,1
7831,故園期故里,1
7832,園期故里千,1
7833,期故里千帆,1
7834,故里千帆外,1
7835,里千帆外深,1
7836,千帆外深春,1
7837,帆外深春一,1
7838,外深春一雁,1
7839,深春一雁飛,1
7840,春一雁飛幹,1
7841,一雁飛幹名,1
7842,雁飛幹名頻,1
7843,飛幹名頻慟,1
7844,幹名頻慟哭,1
7845,名頻慟哭將,1
7846,頻慟哭將老,1
7847,慟哭將老欲,1
7848,哭將老欲何,1
7849,將老欲何歸,1
7850,老欲何歸未,1
7851,欲何歸未穀,1
7852,何歸未穀拋,1
7853,歸未穀拋還,1
7854,未穀拋還憶,1
7855,穀拋還憶交,1
7856,拋還憶交親,1
7857,還憶交親晚,1
7858,憶交親晚更,1
7859,交親晚更稀,1
7860,親晚更稀空,1
7861,晚更稀空持,1
7862,更稀空持望,1
7863,稀空持望鄉,1
7864,空持望鄉淚,1
7865,持望鄉淚沾,1
7866,望鄉淚沾灑,1
7867,鄉淚沾灑寄,1
7868,淚沾灑寄來,1
7869,沾灑寄來衣,1
7870,灑寄來衣心,1
7871,寄來衣心悟,1
7872,來衣心悟覺,1
7873,衣心悟覺身,1
7874,心悟覺身勞,1
7875,悟覺身勞雲,1
7876,覺身勞雲中,1
7877,身勞雲中棄,1
7878,勞雲中棄寶,1
7879,雲中棄寶刀,1
7880,中棄寶刀久,1
7881,棄寶刀久閑,1
7882,寶刀久閑生,1
7883,刀久閑生髀,1
7884,久閑生髀肉,1
7885,閑生髀肉多,1
7886,生髀肉多壽,1
7887,髀肉多壽長,1
7888,肉多壽長眉,1
7889,多壽長眉毫,1
7890,壽長眉毫客,1
7891,長眉毫客棹,1
7892,眉毫客棹春,1
7893,毫客棹春潮,1
7894,客棹春潮急,1
7895,棹春潮急禪,1
7896,春潮急禪齋,1
7897,潮急禪齋暮,1
7898,急禪齋暮雪,1
7899,禪齋暮雪高,1
7900,齋暮雪高南,1
7901,暮雪高南一,1
7902,雪高南一回,1
7903,高南一回首,1
7904,南一回首山,1
7905,一回首山碧,1
7906,回首山碧水,1
7907,首山碧水滔,1
7908,山碧水滔滔,1
7909,碧水滔滔閉,1
7910,水滔滔閉門,1
7911,滔滔閉門池,1
7912,滔閉門池館,1
7913,閉門池館靜,1
7914,門池館靜雲,1
7915,池館靜雲訪,1
7916,館靜雲訪紫,1
7917,靜雲訪紫芝,1
7918,雲訪紫芝翁,1
7919,訪紫芝翁零,1
7920,紫芝翁零落,1
7921,芝翁零落槿,1
7922,翁零落槿花,1
7923,零落槿花雨,1
7924,落槿花雨參,1
7925,槿花雨參差,1
7926,花雨參差荷,1
7927,雨參差荷葉,1
7928,參差荷葉風,1
7929,差荷葉風夜,1
7930,荷葉風夜棋,1
7931,葉風夜棋全,1
7932,風夜棋全局,1
7933,夜棋全局在,1
7934,棋全局在春,1
7935,全局在春酒,1
7936,局在春酒半,1
7937,在春酒半壺,1
7938,春酒半壺空,1
7939,酒半壺空長,1
7940,半壺空長嘯,1
7941,壺空長嘯倚,1
7942,空長嘯倚西,1
7943,長嘯倚西閣,1
7944,嘯倚西閣悠,1
7945,倚西閣悠悠,1
7946,西閣悠悠名,1
7947,閣悠悠名利,1
7948,悠悠名利中,1
7949,悠名利中志,1
7950,名利中志淩,1
7951,利中志淩三,1
7952,中志淩三蜀,1
7953,志淩三蜀客,1
7954,淩三蜀客心,1
7955,三蜀客心愛,1
7956,蜀客心愛五,1
7957,客心愛五湖,1
7958,心愛五湖人,1
7959,愛五湖人死,1
7960,五湖人死酒,1
7961,湖人死酒中,1
7962,人死酒中老,1
7963,死酒中老謀,1
7964,酒中老謀生,1
7965,中老謀生書,1
7966,老謀生書外,1
7967,謀生書外貧,1
7968,生書外貧掃,1
7969,書外貧掃花,1
7970,外貧掃花眠,1
7971,貧掃花眠石,1
7972,掃花眠石榻,1
7973,花眠石榻搗,1
7974,眠石榻搗藥,1
7975,石榻搗藥轉,1
7976,榻搗藥轉溪,1
7977,搗藥轉溪輪,1
7978,藥轉溪輪往,1
7979,轉溪輪往往,1
7980,溪輪往往乘,1
7981,輪往往乘黃,1
7982,往往乘黃牸,1
7983,往乘黃牸鹿,1
7984,乘黃牸鹿裘,1
7985,黃牸鹿裘烏,1
7986,牸鹿裘烏角,1
7987,裘烏角巾異,1
7988,烏角巾異鄉,1
7989,角巾異鄉多,1
7990,巾異鄉多遠,1
7991,異鄉多遠情,1
7992,鄉多遠情夢,1
7993,多遠情夢斷,1
7994,遠情夢斷落,1
7995,情夢斷落江,1
7996,夢斷落江城,1
7997,斷落江城病,1
7998,落江城病起,1
7999,江城病起慚,1
8000,城病起慚書,1
8001,病起慚書癖,1
8002,起慚書癖貧,1
8003,慚書癖貧家,1
8004,書癖貧家負,1
8005,癖貧家負酒,1
8006,貧家負酒名,1
8007,家負酒名過,1
8008,負酒名過春,1
8009,酒名過春花,1
8010,名過春花自,1
8011,過春花自落,1
8012,春花自落竟,1
8013,花自落竟曉,1
8014,自落竟曉月,1
8015,落竟曉月空,1
8016,竟曉月空明,1
8017,曉月空明獨,1
8018,月空明獨此,1
8019,空明獨此一,1
8020,明獨此一長,1
8021,獨此一長嘯,1
8022,此一長嘯故,1
8023,一長嘯故人,1
8024,長嘯故人天,1
8025,嘯故人天際,1
8026,故人天際行,1
8027,人天際行望,1
8028,天際行望月,1
8029,際行望月憶,1
8030,行望月憶披,1
8031,望月憶披襟,1
8032,月憶披襟長,1
8033,憶披襟長溪,1
8034,披襟長溪柳,1
8035,襟長溪柳半,1
8036,長溪柳半陰,1
8037,溪柳半陰高,1
8038,柳半陰高齋,1
8039,半陰高齋初,1
8040,陰高齋初釀,1
8041,高齋初釀酒,1
8042,齋初釀酒孤,1
8043,初釀酒孤棹,1
8044,釀酒孤棹遠,1
8045,酒孤棹遠攜,1
8046,孤棹遠攜琴,1
8047,棹遠攜琴犬,1
8048,遠攜琴犬吠,1
8049,攜琴犬吠秋,1
8050,琴犬吠秋山,1
8051,犬吠秋山迥,1
8052,吠秋山迥雞,1
8053,秋山迥雞鳴,1
8054,山迥雞鳴曉,1
8055,迥雞鳴曉樹,1
8056,雞鳴曉樹深,1
8057,鳴曉樹深開,1
8058,曉樹深開門,1
8059,樹深開門更,1
8060,深開門更欹,1
8061,開門更欹枕,1
8062,門更欹枕誰,1
8063,更欹枕誰識,1
8064,欹枕誰識野,1
8065,枕誰識野人,1
8066,誰識野人心,1
8067,識野人心飛,1
8068,野人心飛蓋,1
8069,人心飛蓋集,1
8070,心飛蓋集蘭,1
8071,飛蓋集蘭堂,1
8072,蓋集蘭堂清,1
8073,集蘭堂清歌,1
8074,蘭堂清歌遞,1
8075,堂清歌遞柏,1
8076,清歌遞柏觴,1
8077,歌遞柏觴高,1
8078,遞柏觴高城,1
8079,柏觴高城榆,1
8080,觴高城榆柳,1
8081,高城榆柳蔭,1
8082,城榆柳蔭虛,1
8083,榆柳蔭虛閣,1
8084,柳蔭虛閣芰,1
8085,蔭虛閣芰荷,1
8086,虛閣芰荷香,1
8087,閣芰荷香海,1
8088,芰荷香海月,1
8089,荷香海月秋,1
8090,香海月秋偏,1
8091,海月秋偏靜,1
8092,月秋偏靜山,1
8093,秋偏靜山風,1
8094,偏靜山風夜,1
8095,靜山風夜更,1
8096,山風夜更涼,1
8097,風夜更涼自,1
8098,夜更涼自憐,1
8099,更涼自憐書,1
8100,涼自憐書萬,1
8101,自憐書萬卷,1
8102,憐書萬卷扶,1
8103,書萬卷扶病,1
8104,萬卷扶病對,1
8105,卷扶病對螢,1
8106,扶病對螢光,1
8107,病對螢光幾,1
8108,對螢光幾日,1
8109,螢光幾日臥,1
8110,光幾日臥南,1
8111,幾日臥南亭,1
8112,日臥南亭捲,1
8113,臥南亭捲簾,1
8114,南亭捲簾秋,1
8115,亭捲簾秋月,1
8116,捲簾秋月清,1
8117,簾秋月清河,1
8118,秋月清河關,1
8119,月清河關初,1
8120,清河關初罷,1
8121,河關初罷夢,1
8122,關初罷夢池,1
8123,初罷夢池閣,1
8124,罷夢池閣更,1
8125,夢池閣更含,1
8126,池閣更含情,1
8127,閣更含情寒,1
8128,更含情寒露,1
8129,含情寒露潤,1
8130,情寒露潤金,1
8131,寒露潤金井,1
8132,露潤金井高,1
8133,潤金井高風,1
8134,金井高風飄,1
8135,井高風飄玉,1
8136,高風飄玉箏,1
8137,風飄玉箏前,1
8138,飄玉箏前年,1
8139,玉箏前年共,1
8140,箏前年共遊,1
8141,前年共遊客,1
8142,年共遊客刀,1
8143,共遊客刀筆,1
8144,遊客刀筆事,1
8145,客刀筆事戎,1
8146,刀筆事戎旌,1
8147,筆事戎旌金,1
8148,事戎旌金風,1
8149,戎旌金風蕩,1
8150,旌金風蕩天,1
8151,金風蕩天地,1
8152,風蕩天地關,1
8153,蕩天地關西,1
8154,天地關西群,1
8155,地關西群木,1
8156,關西群木凋,1
8157,西群木凋早,1
8158,群木凋早霜,1
8159,木凋早霜雞,1
8160,凋早霜雞喔,1
8161,早霜雞喔喔,1
8162,霜雞喔喔殘,1
8163,雞喔喔殘月,1
8164,喔喔殘月馬,1
8165,喔殘月馬蕭,1
8166,殘月馬蕭蕭,1
8167,月馬蕭蕭紫,1
8168,馬蕭蕭紫陌,1
8169,蕭蕭紫陌秦,1
8170,蕭紫陌秦山,1
8171,紫陌秦山近,1
8172,陌秦山近青,1
8173,秦山近青楓,1
8174,山近青楓楚,1
8175,近青楓楚樹,1
8176,青楓楚樹遙,1
8177,楓楚樹遙還,1
8178,楚樹遙還同,1
8179,樹遙還同長,1
8180,遙還同長卿,1
8181,還同長卿志,1
8182,同長卿志題,1
8183,長卿志題字,1
8184,卿志題字滿,1
8185,志題字滿河,1
8186,題字滿河橋,1
8187,字滿河橋霜,1
8188,滿河橋霜風,1
8189,河橋霜風露,1
8190,橋霜風露葉,1
8191,霜風露葉下,1
8192,風露葉下遠,1
8193,露葉下遠思,1
8194,葉下遠思獨,1
8195,下遠思獨裴,1
8196,遠思獨裴回,1
8197,思獨裴回夜,1
8198,獨裴回夜久,1
8199,裴回夜久草,1
8200,回夜久草堂,1
8201,夜久草堂靜,1
8202,久草堂靜月,1
8203,草堂靜月明,1
8204,堂靜月明山,1
8205,靜月明山客,1
8206,月明山客來,1
8207,明山客來遣,1
8208,山客來遣貧,1
8209,客來遣貧相,1
8210,來遣貧相勸,1
8211,遣貧相勸酒,1
8212,貧相勸酒憶,1
8213,相勸酒憶字,1
8214,勸酒憶字共,1
8215,酒憶字共書,1
8216,憶字共書灰,1
8217,字共書灰何,1
8218,共書灰何事,1
8219,書灰何事清,1
8220,灰何事清平,1
8221,何事清平世,1
8222,事清平世幹,1
8223,清平世幹名,1
8224,平世幹名待,1
8225,世幹名待有,1
8226,幹名待有媒,1
8227,名待有媒浙,1
8228,待有媒浙南,1
8229,有媒浙南分,1
8230,媒浙南分首,1
8231,浙南分首日,1
8232,南分首日誰,1
8233,分首日誰謂,1
8234,首日誰謂別,1
8235,日誰謂別經,1
8236,誰謂別經時,1
8237,謂別經時路,1
8238,別經時路遠,1
8239,經時路遠遙,1
8240,時路遠遙相,1
8241,路遠遙相訪,1
8242,遠遙相訪家,1
8243,遙相訪家貧,1
8244,相訪家貧喜,1
8245,訪家貧喜見,1
8246,家貧喜見知,1
8247,貧喜見知不,1
8248,喜見知不須,1
8249,見知不須辭,1
8250,知不須辭不,1
8251,不須辭不酌,1
8252,須辭不酌更,1
8253,辭不酌更請,1
8254,不酌更請續,1
8255,酌更請續新,1
8256,更請續新詩,1
8257,請續新詩但,1
8258,續新詩但得,1
8259,新詩但得心,1
8260,詩但得心中,1
8261,但得心中劍,1
8262,得心中劍酬,1
8263,心中劍酬恩,1
8264,中劍酬恩會,1
8265,劍酬恩會有,1
8266,酬恩會有期,1
8267,恩會有期雙,1
8268,會有期雙岩,1
8269,有期雙岩瀉,1
8270,期雙岩瀉一,1
8271,岩瀉一川十,1
8272,瀉一川十裏,1
8273,一川十裏絕,1
8274,川十裏絕人,1
8275,十裏絕人煙,1
8276,裏絕人煙古,1
8277,絕人煙古廟,1
8278,人煙古廟陰,1
8279,煙古廟陰風,1
8280,滑帶龍涎不,1
8281,帶龍涎不及,1
8282,龍涎不及曹,1
8283,涎不及曹溪,1
8284,不及曹溪侶,1
8285,及曹溪侶空,1
8286,曹溪侶空林,1
8287,溪侶空林已,1
8288,侶空林已夜,1
8289,空林已夜禪,1
8290,林已夜禪樟,1
8291,已夜禪樟亭,1
8292,夜禪樟亭去,1
8293,禪樟亭去已,1
8294,樟亭去已遠,1
8295,亭去已遠來,1
8296,去已遠來上,1
8297,已遠來上虎,1
8298,遠來上虎頭,1
8299,來上虎頭岩,1
8300,上虎頭岩灘,1
8301,虎頭岩灘急,1
8302,頭岩灘急水,1
8303,岩灘急水移,1
8304,灘急水移棹,1
8305,急水移棹山,1
8306,水移棹山回,1
8307,移棹山回風,1
8308,棹山回風滿,1
8309,山回風滿帆,1
8310,回風滿帆石,1
8311,風滿帆石梯,1
8312,滿帆石梯迎,1
8313,石梯迎雨滑,1
8314,梯迎雨滑沙,1
8315,迎雨滑沙井,1
8316,雨滑沙井落,1
8317,滑沙井落潮,1
8318,沙井落潮鹹,1
8319,井落潮鹹何,1
8320,落潮鹹何以,1
8321,潮鹹何以慰,1
8322,鹹何以慰行,1
8323,何以慰行旅,1
8324,以慰行旅如,1
8325,慰行旅如公,1
8326,行旅如公書,1
8327,旅如公書一,1
8328,如公書一緘,1
8329,公書一緘路,1
8330,書一緘路長,1
8331,一緘路長春,1
8332,緘路長春欲,1
8333,路長春欲盡,1
8334,長春欲盡歌,1
8335,春欲盡歌怨,1
8336,欲盡歌怨酒,1
8337,盡歌怨酒初,1
8338,歌怨酒初酣,1
8339,怨酒初酣白,1
8340,酒初酣白社,1
8341,初酣白社蓮,1
8342,酣白社蓮宮,1
8343,白社蓮宮北,1
8344,社蓮宮北青,1
8345,蓮宮北青袍,1
8346,宮北青袍桂,1
8347,北青袍桂水,1
8348,青袍桂水南,1
8349,袍桂水南驛,1
8350,桂水南驛行,1
8351,水南驛行盤,1
8352,南驛行盤鳥,1
8353,驛行盤鳥道,1
8354,行盤鳥道船,1
8355,盤鳥道船宿,1
8356,鳥道船宿避,1
8357,道船宿避龍,1
8358,船宿避龍潭,1
8359,宿避龍潭真,1
8360,避龍潭真得,1
8361,龍潭真得詩,1
8362,潭真得詩人,1
8363,真得詩人趣,1
8364,得詩人趣煙,1
8365,詩人趣煙霞,1
8366,人趣煙霞處,1
8367,趣煙霞處處,1
8368,煙霞處處諳,1
8369,霞處處諳山,1
8370,處處諳山齋,1
8371,處諳山齋路,1
8372,諳山齋路幾,1
8373,山齋路幾層,1
8374,齋路幾層敗,1
8375,路幾層敗衲,1
8376,幾層敗衲學,1
8377,層敗衲學真,1
8378,敗衲學真乘,1
8379,衲學真乘寒,1
8380,學真乘寒暑,1
8381,真乘寒暑移,1
8382,乘寒暑移雙,1
8383,寒暑移雙樹,1
8384,暑移雙樹光,1
8385,移雙樹光陰,1
8386,雙樹光陰盡,1
8387,樹光陰盡一,1
8388,光陰盡一燈,1
8389,陰盡一燈風,1
8390,盡一燈風飄,1
8391,一燈風飄高,1
8392,燈風飄高竹,1
8393,風飄高竹雪,1
8394,飄高竹雪泉,1
8395,高竹雪泉漲,1
8396,竹雪泉漲小,1
8397,雪泉漲小池,1
8398,泉漲小池冰,1
8399,漲小池冰莫,1
8400,小池冰莫訝,1
8401,池冰莫訝頻,1
8402,冰莫訝頻來,1
8403,莫訝頻來此,1
8404,訝頻來此修,1
8405,頻來此修身,1
8406,來此修身欲,1
8407,此修身欲到,1
8408,修身欲到僧,1
8409,身欲到僧念,1
8410,欲到僧念遠,1
8411,到僧念遠坐,1
8412,僧念遠坐西,1
8413,念遠坐西閣,1
8414,遠坐西閣華,1
8415,坐西閣華池,1
8416,西閣華池涵,1
8417,閣華池涵月,1
8418,華池涵月涼,1
8419,池涵月涼書,1
8420,涵月涼書回,1
8421,月涼書回秋,1
8422,涼書回秋欲,1
8423,書回秋欲盡,1
8424,回秋欲盡酒,1
8425,秋欲盡酒醒,1
8426,欲盡酒醒夜,1
8427,盡酒醒夜初,1
8428,酒醒夜初長,1
8429,醒夜初長露,1
8430,夜初長露白,1
8431,初長露白蓮,1
8432,長露白蓮衣,1
8433,露白蓮衣淺,1
8434,白蓮衣淺風,1
8435,蓮衣淺風清,1
8436,衣淺風清蕙,1
8437,淺風清蕙帶,1
8438,風清蕙帶香,1
8439,清蕙帶香前,1
8440,蕙帶香前年,1
8441,帶香前年此,1
8442,香前年此佳,1
8443,前年此佳景,1
8444,年此佳景蘭,1
8445,此佳景蘭棹,1
8446,佳景蘭棹醉,1
8447,景蘭棹醉橫,1
8448,蘭棹醉橫塘,1
8449,棹醉橫塘初,1
8450,醉橫塘初霽,1
8451,橫塘初霽獨,1
8452,塘初霽獨登,1
8453,初霽獨登賞,1
8454,霽獨登賞西,1
8455,獨登賞西樓,1
8456,登賞西樓多,1
8457,賞西樓多遠,1
8458,西樓多遠風,1
8459,樓多遠風橫,1
8460,多遠風橫煙,1
8461,遠風橫煙秋,1
8462,風橫煙秋水,1
8463,橫煙秋水上,1
8464,煙秋水上疏,1
8465,秋水上疏雨,1
8466,水上疏雨夕,1
8467,上疏雨夕陽,1
8468,疏雨夕陽中,1
8469,雨夕陽中高,1
8470,夕陽中高樹,1
8471,陽中高樹下,1
8472,中高樹下山,1
8473,高樹下山鳥,1
8474,樹下山鳥平,1
8475,下山鳥平蕪,1
8476,山鳥平蕪飛,1
8477,鳥平蕪飛草,1
8478,平蕪飛草蟲,1
8479,蕪飛草蟲唯,1
8480,飛草蟲唯應,1
8481,草蟲唯應待,1
8482,蟲唯應待明,1
8483,唯應待明月,1
8484,應待明月千,1
8485,待明月千里,1
8486,明月千里與,1
8487,月千里與君,1
8488,千里與君同,1
8489,里與君同蜀,1
8490,與君同蜀道,1
8491,君同蜀道下,1
8492,同蜀道下湘,1
8493,蜀道下湘渚,1
8494,道下湘渚客,1
8495,下湘渚客帆,1
8496,湘渚客帆應,1
8497,渚客帆應不,1
8498,客帆應不迷,1
8499,帆應不迷江,1
8500,應不迷江分,1
8501,不迷江分三,1
8502,迷江分三峽,1
8503,江分三峽響,1
8504,分三峽響山,1
8505,三峽響山並,1
8506,峽響山並九,1
8507,響山並九華,1
8508,山並九華齊,1
8509,並九華齊秋,1
8510,九華齊秋泊,1
8511,華齊秋泊雁,1
8512,齊秋泊雁初,1
8513,秋泊雁初宿,1
8514,泊雁初宿夜,1
8515,雁初宿夜吟,1
8516,初宿夜吟猿,1
8517,宿夜吟猿乍,1
8518,夜吟猿乍啼,1
8519,吟猿乍啼歸,1
8520,猿乍啼歸時,1
8521,乍啼歸時慎,1
8522,啼歸時慎行,1
8523,歸時慎行李,1
8524,時慎行李莫,1
8525,慎行李莫到,1
8526,行李莫到石,1
8527,李莫到石城,1
8528,莫到石城西,1
8529,到石城西花,1
8530,石城西花開,1
8531,城西花開又,1
8532,西花開又花,1
8533,花開又花落,1
8534,開又花落時,1
8535,又花落時節,1
8536,花落時節暗,1
8537,落時節暗中,1
8538,時節暗中遷,1
8539,節暗中遷無,1
8540,暗中遷無計,1
8541,中遷無計延,1
8542,遷無計延春,1
8543,無計延春日,1
8544,計延春日可,1
8545,延春日可能,1
8546,春日可能留,1
8547,日可能留少,1
8548,可能留少年,1
8549,能留少年小,1
8550,留少年小叢,1
8551,少年小叢初,1
8552,年小叢初散,1
8553,小叢初散蝶,1
8554,叢初散蝶高,1
8555,初散蝶高柳,1
8556,散蝶高柳即,1
8557,蝶高柳即聞,1
8558,高柳即聞蟬,1
8559,柳即聞蟬繁,1
8560,即聞蟬繁豔,1
8561,聞蟬繁豔歸,1
8562,蟬繁豔歸何,1
8563,繁豔歸何處,1
8564,豔歸何處滿,1
8565,歸何處滿山,1
8566,何處滿山啼,1
8567,處滿山啼杜,1
8568,滿山啼杜鵑,1
8569,山啼杜鵑聚,1
8570,啼杜鵑聚散,1
8571,杜鵑聚散竟,1
8572,鵑聚散竟無,1
8573,聚散竟無形,1
8574,散竟無形回,1
8575,竟無形回腸,1
8576,無形回腸百,1
8577,形回腸百結,1
8578,回腸百結成,1
8579,腸百結成古,1
8580,百結成古今,1
8581,結成古今銷,1
8582,成古今銷不,1
8583,古今銷不得,1
8584,今銷不得離,1
8585,銷不得離別,1
8586,不得離別覺,1
8587,得離別覺潛,1
8588,離別覺潛生,1
8589,別覺潛生降,1
8590,覺潛生降虜,1
8591,潛生降虜將,1
8592,生降虜將軍,1
8593,降虜將軍思,1
8594,虜將軍思窮,1
8595,將軍思窮秋,1
8596,軍思窮秋遠,1
8597,思窮秋遠客,1
8598,窮秋遠客情,1
8599,秋遠客情何,1
8600,遠客情何人,1
8601,客情何人更,1
8602,情何人更憔,1
8603,何人更憔悴,1
8604,人更憔悴落,1
8605,更憔悴落第,1
8606,憔悴落第泣,1
8607,悴落第泣秦,1
8608,落第泣秦京,1
8609,第泣秦京兩,1
8610,泣秦京兩兩,1
8611,秦京兩兩戲,1
8612,京兩兩戲沙,1
8613,兩兩戲沙汀,1
8614,兩戲沙汀長,1
8615,戲沙汀長疑,1
8616,沙汀長疑畫,1
8617,汀長疑畫不,1
8618,長疑畫不成,1
8619,疑畫不成錦,1
8620,畫不成錦機,1
8621,不成錦機爭,1
8622,成錦機爭織,1
8623,錦機爭織樣,1
8624,機爭織樣歌,1
8625,爭織樣歌曲,1
8626,織樣歌曲愛,1
8627,樣歌曲愛呼,1
8628,歌曲愛呼名,1
8629,曲愛呼名好,1
8630,愛呼名好顧,1
8631,呼名好顧棲,1
8632,名好顧棲息,1
8633,好顧棲息堪,1
8634,顧棲息堪憐,1
8635,棲息堪憐泛,1
8636,息堪憐泛淺,1
8637,堪憐泛淺清,1
8638,憐泛淺清鳧,1
8639,泛淺清鳧鷗,1
8640,淺清鳧鷗皆,1
8641,清鳧鷗皆爾,1
8642,鳧鷗皆爾類,1
8643,鷗皆爾類唯,1
8644,皆爾類唯羨,1
8645,爾類唯羨獨,1
8646,類唯羨獨含,1
8647,唯羨獨含情,1
8648,羨獨含情帶,1
8649,獨含情帶霜,1
8650,含情帶霜南,1
8651,情帶霜南去,1
8652,帶霜南去雁,1
8653,霜南去雁夜,1
8654,南去雁夜好,1
8655,去雁夜好宿,1
8656,雁夜好宿汀,1
8657,夜好宿汀沙,1
8658,好宿汀沙驚,1
8659,宿汀沙驚起,1
8660,汀沙驚起向,1
8661,沙驚起向何,1
8662,驚起向何處,1
8663,起向何處高,1
8664,向何處高飛,1
8665,何處高飛極,1
8666,處高飛極海,1
8667,高飛極海涯,1
8668,飛極海涯入,1
8669,極海涯入雲,1
8670,海涯入雲聲,1
8671,涯入雲聲漸,1
8672,入雲聲漸遠,1
8673,雲聲漸遠離,1
8674,聲漸遠離岳,1
8675,漸遠離岳路,1
8676,遠離岳路猶,1
8677,離岳路猶賒,1
8678,岳路猶賒歸,1
8679,路猶賒歸夢,1
8680,猶賒歸夢當,1
8681,賒歸夢當時,1
8682,歸夢當時斷,1
8683,夢當時斷參,1
8684,當時斷參差,1
8685,時斷參差欲,1
8686,斷參差欲到,1
8687,參差欲到家,1
8688,差欲到家到,1
8689,欲到家到曉,1
8690,到家到曉不,1
8691,家到曉不成,1
8692,到曉不成夢,1
8693,曉不成夢思,1
8694,不成夢思量,1
8695,成夢思量堪,1
8696,夢思量堪白,1
8697,思量堪白頭,1
8698,量堪白頭多,1
8699,堪白頭多無,1
8700,白頭多無百,1
8701,頭多無百年,1
8702,多無百年命,1
8703,無百年命長,1
8704,百年命長有,1
8705,年命長有萬,1
8706,命長有萬般,1
8707,長有萬般愁,1
8708,有萬般愁世,1
8709,萬般愁世事,1
8710,般愁世事應,1
8711,愁世事應難,1
8712,世事應難盡,1
8713,事應難盡營,1
8714,應難盡營生,1
8715,難盡營生卒,1
8716,盡營生卒未,1
8717,營生卒未休,1
8718,生卒未休莫,1
8719,卒未休莫言,1
8720,未休莫言名,1
8721,休莫言名與,1
8722,莫言名與利,1
8723,言名與利名,1
8724,名與利名利,1
8725,與利名利是,1
8726,利名利是身,1
8727,名利是身仇,1
8728,利是身仇孤,1
8729,是身仇孤舟,1
8730,身仇孤舟路,1
8731,仇孤舟路漸,1
8732,孤舟路漸賒,1
8733,舟路漸賒時,1
8734,路漸賒時見,1
8735,漸賒時見碧,1
8736,賒時見碧桃,1
8737,時見碧桃花,1
8738,見碧桃花溪,1
8739,碧桃花溪雨,1
8740,桃花溪雨灘,1
8741,花溪雨灘聲,1
8742,溪雨灘聲急,1
8743,雨灘聲急岩,1
8744,灘聲急岩風,1
8745,聲急岩風樹,1
8746,急岩風樹勢,1
8747,岩風樹勢斜,1
8748,風樹勢斜獼,1
8749,樹勢斜獼猴,1
8750,勢斜獼猴垂,1
8751,斜獼猴垂弱,1
8752,獼猴垂弱蔓,1
8753,猴垂弱蔓鸛,1
8754,垂弱蔓鸛鶴,1
8755,弱蔓鸛鶴睡,1
8756,蔓鸛鶴睡橫,1
8757,鸛鶴睡橫槎,1
8758,鶴睡橫槎謾,1
8759,睡橫槎謾向,1
8760,橫槎謾向仙,1
8761,槎謾向仙林,1
8762,謾向仙林宿,1
8763,向仙林宿無,1
8764,仙林宿無人,1
8765,林宿無人識,1
8766,宿無人識阮,1
8767,無人識阮家,1
8768,人識阮家失,1
8769,識阮家失枕,1
8770,阮家失枕驚,1
8771,家失枕驚先,1
8772,失枕驚先起,1
8773,枕驚先起人,1
8774,驚先起人家,1
8775,先起人家半,1
8776,起人家半夢,1
8777,人家半夢中,1
8778,家半夢中聞,1
8779,半夢中聞雞,1
8780,夢中聞雞憑,1
8781,中聞雞憑早,1
8782,聞雞憑早晏,1
8783,雞憑早晏占,1
8784,憑早晏占鬥,1
8785,早晏占鬥認,1
8786,晏占鬥認西,1
8787,占鬥認西東,1
8788,鬥認西東轡,1
8789,認西東轡濕,1
8790,西東轡濕知,1
8791,東轡濕知行,1
8792,轡濕知行露,1
8793,濕知行露衣,1
8794,知行露衣單,1
8795,行露衣單覺,1
8796,露衣單覺曉,1
8797,衣單覺曉風,1
8798,單覺曉風秋,1
8799,覺曉風秋陽,1
8800,曉風秋陽弄,1
8801,風秋陽弄光,1
8802,秋陽弄光影,1
8803,陽弄光影忽,1
8804,弄光影忽吐,1
8805,光影忽吐半,1
8806,影忽吐半林,1
8807,忽吐半林紅,1
8808,吐半林紅南,1
8809,半林紅南郭,1
8810,林紅南郭望,1
8811,紅南郭望歸,1
8812,南郭望歸處,1
8813,郭望歸處郡,1
8814,望歸處郡樓,1
8815,歸處郡樓高,1
8816,處郡樓高捲,1
8817,郡樓高捲簾,1
8818,樓高捲簾平,1
8819,高捲簾平橋,1
8820,捲簾平橋低,1
8821,簾平橋低皂,1
8822,平橋低皂蓋,1
8823,橋低皂蓋曲,1
8824,低皂蓋曲岸,1
8825,皂蓋曲岸轉,1
8826,蓋曲岸轉彤,1
8827,曲岸轉彤襜,1
8828,岸轉彤襜江,1
8829,轉彤襜江晚,1
8830,彤襜江晚笙,1
8831,襜江晚笙歌,1
8832,江晚笙歌促,1
8833,晚笙歌促山,1
8834,笙歌促山晴,1
8835,歌促山晴鼓,1
8836,促山晴鼓角,1
8837,山晴鼓角嚴,1
8838,晴鼓角嚴羊,1
8839,鼓角嚴羊公,1
8840,角嚴羊公莫,1
8841,嚴羊公莫先,1
8842,羊公莫先醉,1
8843,公莫先醉清,1
8844,莫先醉清曉,1
8845,先醉清曉月,1
8846,醉清曉月纖,1
8847,清曉月纖纖,1
8848,曉月纖纖相,1
8849,月纖纖相如,1
8850,纖纖相如愧,1
8851,纖相如愧許,1
8852,相如愧許詢,1
8853,如愧許詢寥,1
8854,愧許詢寥落,1
8855,許詢寥落向,1
8856,詢寥落向溪,1
8857,寥落向溪濱,1
8858,落向溪濱竹,1
8859,向溪濱竹馬,1
8860,溪濱竹馬兒,1
8861,濱竹馬兒猶,1
8862,竹馬兒猶小,1
8863,馬兒猶小荊,1
8864,兒猶小荊釵,1
8865,猶小荊釵婦,1
8866,小荊釵婦慣,1
8867,荊釵婦慣貧,1
8868,釵婦慣貧獨,1
8869,婦慣貧獨愁,1
8870,慣貧獨愁憂,1
8871,貧獨愁憂過,1
8872,獨愁憂過日,1
8873,愁憂過日多,1
8874,憂過日多病,1
8875,過日多病不,1
8876,日多病不如,1
8877,多病不如人,1
8878,病不如人莫,1
8879,不如人莫怪,1
8880,如人莫怪青,1
8881,人莫怪青袍,1
8882,莫怪青袍選,1
8883,怪青袍選長,1
8884,青袍選長安,1
8885,袍選長安隱,1
8886,選長安隱舊,1
8887,長安隱舊春,1
8888,安隱舊春無,1
8889,隱舊春無機,1
8890,舊春無機還,1
8891,春無機還得,1
8892,無機還得罪,1
8893,機還得罪直,1
8894,還得罪直道,1
8895,得罪直道不,1
8896,罪直道不傷,1
8897,直道不傷情,1
8898,道不傷情微,1
8899,不傷情微雨,1
8900,傷情微雨昏,1
8901,情微雨昏山,1
8902,微雨昏山色,1
8903,雨昏山色疏,1
8904,昏山色疏籠,1
8905,山色疏籠閉,1
8906,色疏籠閉鶴,1
8907,疏籠閉鶴聲,1
8908,籠閉鶴聲閒,1
8909,閉鶴聲閒居,1
8910,鶴聲閒居多,1
8911,聲閒居多野,1
8912,閒居多野客,1
8913,居多野客高,1
8914,多野客高枕,1
8915,野客高枕見,1
8916,客高枕見江,1
8917,高枕見江城,1
8918,枕見江城門,1
8919,見江城門外,1
8920,江城門外長,1
8921,城門外長溪,1
8922,門外長溪水,1
8923,外長溪水憐,1
8924,長溪水憐君,1
8925,溪水憐君又,1
8926,水憐君又濯,1
8927,憐君又濯纓,1
8928,君又濯纓少,1
8929,又濯纓少年,1
8930,濯纓少年乘,1
8931,纓少年乘勇,1
8932,少年乘勇氣,1
8933,年乘勇氣百,1
8934,乘勇氣百戰,1
8935,勇氣百戰過,1
8936,氣百戰過烏,1
8937,百戰過烏孫,1
8938,戰過烏孫力,1
8939,過烏孫力盡,1
8940,烏孫力盡邊,1
8941,孫力盡邊城,1
8942,力盡邊城難,1
8943,盡邊城難功,1
8944,邊城難功加,1
8945,城難功加上,1
8946,難功加上將,1
8947,功加上將恩,1
8948,加上將恩曉,1
8949,上將恩曉風,1
8950,將恩曉風聽,1
8951,恩曉風聽戍,1
8952,曉風聽戍角,1
8953,風聽戍角殘,1
8954,聽戍角殘月,1
8955,戍角殘月倚,1
8956,角殘月倚營,1
8957,殘月倚營門,1
8958,月倚營門自,1
8959,倚營門自說,1
8960,營門自說輕,1
8961,門自說輕生,1
8962,自說輕生處,1
8963,說輕生處金,1
8964,輕生處金瘡,1
8965,生處金瘡有,1
8966,處金瘡有舊,1
8967,金瘡有舊痕,1
8968,瘡有舊痕不,1
8969,有舊痕不知,1
8970,舊痕不知身,1
8971,痕不知身老,1
8972,不知身老大,1
8973,知身老大猶,1
8974,身老大猶似,1
8975,老大猶似舊,1
8976,大猶似舊時,1
8977,猶似舊時狂,1
8978,似舊時狂為,1
8979,舊時狂為酒,1
8980,時狂為酒遊,1
8981,狂為酒遊山,1
8982,為酒遊山縣,1
8983,酒遊山縣留,1
8984,遊山縣留詩,1
8985,山縣留詩遍,1
8986,縣留詩遍草,1
8987,留詩遍草堂,1
8988,詩遍草堂歸,1
8989,遍草堂歸期,1
8990,草堂歸期秋,1
8991,堂歸期秋未,1
8992,歸期秋未盡,1
8993,期秋未盡離,1
8994,秋未盡離恨,1
8995,未盡離恨日,1
8996,盡離恨日偏,1
8997,離恨日偏長,1
8998,恨日偏長更,1
8999,日偏長更羨,1
9000,偏長更羨君,1
9001,長更羨君兄,1
9002,更羨君兄弟,1
9003,羨君兄弟參,1
9004,君兄弟參差,1
9005,兄弟參差雁,1
9006,弟參差雁一,1
9007,參差雁一行,1
9008,差雁一行相,1
9009,雁一行相見,1
9010,一行相見又,1
9011,行相見又南,1
9012,相見又南北,1
9013,見又南北中,1
9014,又南北中宵,1
9015,南北中宵淚,1
9016,北中宵淚滿,1
9017,中宵淚滿襟,1
9018,宵淚滿襟旅,1
9019,淚滿襟旅遊,1
9020,滿襟旅遊知,1
9021,襟旅遊知世,1
9022,旅遊知世薄,1
9023,遊知世薄貧,1
9024,知世薄貧別,1
9025,世薄貧別覺,1
9026,薄貧別覺情,1
9027,貧別覺情深,1
9028,別覺情深歌,1
9029,覺情深歌管,1
9030,情深歌管一,1
9031,深歌管一尊,1
9032,歌管一尊酒,1
9033,管一尊酒山,1
9034,一尊酒山川,1
9035,尊酒山川萬,1
9036,酒山川萬里,1
9037,山川萬里心,1
9038,川萬里心此,1
9039,萬里心此身,1
9040,里心此身多,1
9041,心此身多在,1
9042,此身多在路,1
9043,身多在路休,1
9044,多在路休誦,1
9045,在路休誦異,1
9046,路休誦異鄉,1
9047,休誦異鄉吟,1
9048,誦異鄉吟故,1
9049,異鄉吟故國,1
9050,鄉吟故國今,1
9051,吟故國今何,1
9052,故國今何在,1
9053,國今何在扁,1
9054,今何在扁舟,1
9055,何在扁舟竟,1
9056,在扁舟竟不,1
9057,扁舟竟不歸,1
9058,舟竟不歸雲,1
9059,竟不歸雲移,1
9060,不歸雲移山,1
9061,歸雲移山漠,1
9062,雲移山漠漠,1
9063,移山漠漠江,1
9064,山漠漠江闊,1
9065,漠漠江闊樹,1
9066,漠江闊樹依,1
9067,江闊樹依依,1
9068,闊樹依依晚,1
9069,樹依依晚色,1
9070,依依晚色千,1
9071,依晚色千帆,1
9072,晚色千帆落,1
9073,色千帆落秋,1
9074,千帆落秋聲,1
9075,帆落秋聲一,1
9076,落秋聲一雁,1
9077,秋聲一雁飛,1
9078,聲一雁飛此,1
9079,一雁飛此時,1
9080,雁飛此時兼,1
9081,飛此時兼送,1
9082,此時兼送客,1
9083,時兼送客憑,1
9084,兼送客憑檻,1
9085,送客憑檻欲,1
9086,客憑檻欲沾,1
9087,憑檻欲沾衣,1
9088,檻欲沾衣寥,1
9089,欲沾衣寥落,1
9090,沾衣寥落故,1
9091,衣寥落故人,1
9092,寥落故人宅,1
9093,落故人宅重,1
9094,故人宅重來,1
9095,人宅重來身,1
9096,宅重來身已,1
9097,重來身已亡,1
9098,來身已亡古,1
9099,身已亡古苔,1
9100,已亡古苔殘,1
9101,亡古苔殘墨,1
9102,古苔殘墨沼,1
9103,苔殘墨沼深,1
9104,殘墨沼深竹,1
9105,墨沼深竹舊,1
9106,沼深竹舊書,1
9107,深竹舊書堂,1
9108,竹舊書堂秋,1
9109,舊書堂秋色,1
9110,書堂秋色館,1
9111,堂秋色館池,1
9112,秋色館池靜,1
9113,色館池靜雨,1
9114,館池靜雨聲,1
9115,池靜雨聲雲,1
9116,靜雨聲雲木,1
9117,雨聲雲木涼,1
9118,聲雲木涼無,1
9119,雲木涼無因,1
9120,木涼無因展,1
9121,涼無因展交,1
9122,無因展交道,1
9123,因展交道日,1
9124,展交道日暮,1
9125,交道日暮倍,1
9126,道日暮倍心,1
9127,日暮倍心傷,1
9128,暮倍心傷宮,1
9129,倍心傷宮館,1
9130,心傷宮館餘,1
9131,傷宮館餘基,1
9132,宮館餘基輟,1
9133,館餘基輟棹,1
9134,餘基輟棹過,1
9135,基輟棹過黍,1
9136,輟棹過黍苗,1
9137,棹過黍苗無,1
9138,過黍苗無限,1
9139,黍苗無限獨,1
9140,苗無限獨悲,1
9141,無限獨悲歌,1
9142,限獨悲歌荒,1
9143,獨悲歌荒台,1
9144,悲歌荒台麋,1
9145,歌荒台麋鹿,1
9146,荒台麋鹿爭,1
9147,台麋鹿爭新,1
9148,麋鹿爭新草,1
9149,鹿爭新草空,1
9150,爭新草空苑,1
9151,新草空苑鳧,1
9152,草空苑鳧鷖,1
9153,空苑鳧鷖占,1
9154,苑鳧鷖占淺,1
9155,鳧鷖占淺莎,1
9156,鷖占淺莎吳,1
9157,占淺莎吳岫,1
9158,淺莎吳岫雨,1
9159,莎吳岫雨來,1
9160,吳岫雨來虛,1
9161,岫雨來虛檻,1
9162,雨來虛檻冷,1
9163,來虛檻冷楚,1
9164,虛檻冷楚江,1
9165,檻冷楚江風,1
9166,冷楚江風急,1
9167,楚江風急遠,1
9168,江風急遠帆,1
9169,風急遠帆多,1
9170,急遠帆多可,1
9171,遠帆多可憐,1
9172,帆多可憐國,1
9173,多可憐國破,1
9174,可憐國破忠,1
9175,憐國破忠臣,1
9176,國破忠臣死,1
9177,破忠臣死日,1
9178,忠臣死日日,1
9179,臣死日日東,1
9180,死日日東流,1
9181,日日東流生,1
9182,日東流生白,1
9183,東流生白波,1
9184,流生白波宋,1
9185,生白波宋祖,1
9186,白波宋祖淩,1
9187,波宋祖淩高,1
9188,宋祖淩高樂,1
9189,祖淩高樂未,1
9190,淩高樂未回,1
9191,高樂未回三,1
9192,樂未回三千,1
9193,未回三千歌,1
9194,回三千歌舞,1
9195,三千歌舞宿,1
9196,千歌舞宿層,1
9197,歌舞宿層台,1
9198,舞宿層台湘,1
9199,宿層台湘潭,1
9200,層台湘潭雲,1
9201,台湘潭雲盡,1
9202,消春水來行,1
9203,春水來行殿,1
9204,水來行殿有,1
9205,來行殿有基,1
9206,行殿有基荒,1
9207,殿有基荒薺,1
9208,有基荒薺合,1
9209,基荒薺合寢,1
9210,荒薺合寢園,1
9211,薺合寢園無,1
9212,合寢園無主,1
9213,寢園無主野,1
9214,園無主野棠,1
9215,無主野棠開,1
9216,主野棠開百,1
9217,野棠開百年,1
9218,棠開百年便,1
9219,開百年便作,1
9220,百年便作萬,1
9221,年便作萬年,1
9222,便作萬年計,1
9223,作萬年計岩,1
9224,萬年計岩畔,1
9225,年計岩畔古,1
9226,計岩畔古碑,1
9227,岩畔古碑空,1
9228,畔古碑空綠,1
9229,古碑空綠苔,1
9230,碑空綠苔聞,1
9231,空綠苔聞說,1
9232,綠苔聞說先,1
9233,苔聞說先皇,1
9234,聞說先皇醉,1
9235,說先皇醉碧,1
9236,先皇醉碧桃,1
9237,皇醉碧桃日,1
9238,醉碧桃日華,1
9239,碧桃日華浮,1
9240,桃日華浮動,1
9241,日華浮動郁,1
9242,華浮動郁金,1
9243,浮動郁金袍,1
9244,動郁金袍風,1
9245,郁金袍風隨,1
9246,金袍風隨玉,1
9247,袍風隨玉輦,1
9248,風隨玉輦笙,1
9249,隨玉輦笙歌,1
9250,玉輦笙歌迥,1
9251,輦笙歌迥雲,1
9252,笙歌迥雲卷,1
9253,歌迥雲卷珠,1
9254,迥雲卷珠簾,1
9255,雲卷珠簾劍,1
9256,卷珠簾劍佩,1
9257,珠簾劍佩高,1
9258,簾劍佩高鳳,1
9259,劍佩高鳳駕,1
9260,佩高鳳駕北,1
9261,高鳳駕北歸,1
9262,鳳駕北歸山,1
9263,駕北歸山寂,1
9264,北歸山寂寂,1
9265,歸山寂寂龍,1
9266,山寂寂龍旟,1
9267,寂寂龍旟西,1
9268,寂龍旟西幸,1
9269,龍旟西幸水,1
9270,旟西幸水滔,1
9271,西幸水滔滔,1
9272,幸水滔滔貴,1
9273,水滔滔貴妃,1
9274,滔滔貴妃沒,1
9275,滔貴妃沒後,1
9276,貴妃沒後巡,1
9277,妃沒後巡遊,1
9278,沒後巡遊少,1
9279,後巡遊少瓦,1
9280,巡遊少瓦落,1
9281,遊少瓦落宮,1
9282,少瓦落宮牆,1
9283,瓦落宮牆見,1
9284,落宮牆見野,1
9285,宮牆見野蒿,1
9286,牆見野蒿一,1
9287,見野蒿一上,1
9288,野蒿一上高,1
9289,蒿一上高城,1
9290,一上高城萬,1
9291,上高城萬里,1
9292,高城萬里愁,1
9293,城萬里愁蒹,1
9294,萬里愁蒹葭,1
9295,里愁蒹葭楊,1
9296,愁蒹葭楊柳,1
9297,蒹葭楊柳似,1
9298,葭楊柳似汀,1
9299,楊柳似汀洲,1
9300,柳似汀洲溪,1
9301,似汀洲溪雲,1
9302,汀洲溪雲初,1
9303,洲溪雲初起,1
9304,溪雲初起日,1
9305,雲初起日沈,1
9306,初起日沈閣,1
9307,起日沈閣山,1
9308,日沈閣山雨,1
9309,沈閣山雨欲,1
9310,閣山雨欲來,1
9311,山雨欲來風,1
9312,雨欲來風滿,1
9313,欲來風滿樓,1
9314,來風滿樓鳥,1
9315,風滿樓鳥下,1
9316,滿樓鳥下綠,1
9317,樓鳥下綠蕪,1
9318,鳥下綠蕪秦,1
9319,下綠蕪秦苑,1
9320,綠蕪秦苑夕,1
9321,蕪秦苑夕蟬,1
9322,秦苑夕蟬鳴,1
9323,苑夕蟬鳴黃,1
9324,夕蟬鳴黃葉,1
9325,蟬鳴黃葉漢,1
9326,鳴黃葉漢宮,1
9327,黃葉漢宮秋,1
9328,葉漢宮秋行,1
9329,漢宮秋行人,1
9330,宮秋行人莫,1
9331,秋行人莫問,1
9332,行人莫問當,1
9333,人莫問當年,1
9334,莫問當年事,1
9335,問當年事故,1
9336,當年事故國,1
9337,年事故國東,1
9338,事故國東來,1
9339,故國東來渭,1
9340,國東來渭水,1
9341,東來渭水流,1
9342,來渭水流吳,1
9343,渭水流吳門,1
9344,水流吳門煙,1
9345,流吳門煙月,1
9346,吳門煙月昔,1
9347,門煙月昔同,1
9348,煙月昔同遊,1
9349,月昔同遊楓,1
9350,昔同遊楓葉,1
9351,同遊楓葉蘆,1
9352,遊楓葉蘆花,1
9353,楓葉蘆花並,1
9354,葉蘆花並客,1
9355,蘆花並客舟,1
9356,花並客舟聚,1
9357,並客舟聚散,1
9358,客舟聚散有,1
9359,舟聚散有期,1
9360,聚散有期雲,1
9361,散有期雲北,1
9362,有期雲北去,1
9363,期雲北去浮,1
9364,雲北去浮沈,1
9365,北去浮沈無,1
9366,去浮沈無計,1
9367,浮沈無計水,1
9368,沈無計水東,1
9369,無計水東流,1
9370,計水東流一,1
9371,水東流一尊,1
9372,東流一尊酒,1
9373,流一尊酒盡,1
9374,回碧樹秋何,1
9375,碧樹秋何處,1
9376,樹秋何處相,1
9377,秋何處相思,1
9378,何處相思不,1
9379,處相思不相,1
9380,相思不相見,1
9381,思不相見鳳,1
9382,不相見鳳城,1
9383,相見鳳城龍,1
9384,見鳳城龍闕,1
9385,鳳城龍闕楚,1
9386,城龍闕楚江,1
9387,龍闕楚江頭,1
9388,闕楚江頭月,1
9389,楚江頭月沉,1
9390,江頭月沉高,1
9391,頭月沉高岫,1
9392,月沉高岫宿,1
9393,沉高岫宿雲,1
9394,高岫宿雲開,1
9395,岫宿雲開萬,1
9396,宿雲開萬里,1
9397,雲開萬里歸,1
9398,開萬里歸心,1
9399,萬里歸心獨,1
9400,里歸心獨上,1
9401,歸心獨上來,1
9402,心獨上來河,1
9403,獨上來河畔,1
9404,上來河畔雪,1
9405,來河畔雪飛,1
9406,河畔雪飛揚,1
9407,畔雪飛揚子,1
9408,雪飛揚子宅,1
9409,飛揚子宅海,1
9410,揚子宅海邊,1
9411,子宅海邊花,1
9412,宅海邊花盛,1
9413,海邊花盛越,1
9414,邊花盛越王,1
9415,花盛越王台,1
9416,盛越王台瀧,1
9417,越王台瀧分,1
9418,王台瀧分桂,1
9419,台瀧分桂嶺,1
9420,瀧分桂嶺魚,1
9421,分桂嶺魚難,1
9422,桂嶺魚難過,1
9423,嶺魚難過瘴,1
9424,魚難過瘴近,1
9425,難過瘴近衡,1
9426,過瘴近衡峰,1
9427,瘴近衡峰雁,1
9428,近衡峰雁卻,1
9429,衡峰雁卻回,1
9430,峰雁卻回鄉,1
9431,雁卻回鄉信,1
9432,卻回鄉信漸,1
9433,回鄉信漸稀,1
9434,鄉信漸稀人,1
9435,信漸稀人漸,1
9436,漸稀人漸老,1
9437,稀人漸老只,1
9438,人漸老只應,1
9439,漸老只應頻,1
9440,老只應頻看,1
9441,只應頻看一,1
9442,應頻看一枝,1
9443,頻看一枝梅,1
9444,看一枝梅雲,1
9445,一枝梅雲度,1
9446,枝梅雲度龍,1
9447,梅雲度龍山,1
9448,雲度龍山暗,1
9449,度龍山暗倚,1
9450,龍山暗倚城,1
9451,山暗倚城先,1
9452,暗倚城先飛,1
9453,倚城先飛淅,1
9454,城先飛淅瀝,1
9455,先飛淅瀝引,1
9456,飛淅瀝引輕,1
9457,淅瀝引輕盈,1
9458,瀝引輕盈素,1
9459,引輕盈素娥,1
9460,輕盈素娥冉,1
9461,盈素娥冉冉,1
9462,素娥冉冉拜,1
9463,娥冉冉拜瑤,1
9464,冉冉拜瑤闕,1
9465,冉拜瑤闕皓,1
9466,拜瑤闕皓鶴,1
9467,瑤闕皓鶴紛,1
9468,闕皓鶴紛紛,1
9469,皓鶴紛紛朝,1
9470,鶴紛紛朝玉,1
9471,紛紛朝玉京,1
9472,紛朝玉京陰,1
9473,朝玉京陰嶺,1
9474,玉京陰嶺有,1
9475,京陰嶺有風,1
9476,陰嶺有風梅,1
9477,嶺有風梅豔,1
9478,有風梅豔散,1
9479,風梅豔散寒,1
9480,梅豔散寒林,1
9481,豔散寒林無,1
9482,散寒林無月,1
9483,寒林無月桂,1
9484,林無月桂華,1
9485,無月桂華生,1
9486,月桂華生剡,1
9487,桂華生剡溪,1
9488,華生剡溪一,1
9489,生剡溪一醉,1
9490,剡溪一醉十,1
9491,溪一醉十年,1
9492,一醉十年事,1
9493,醉十年事忽,1
9494,十年事忽憶,1
9495,年事忽憶棹,1
9496,事忽憶棹回,1
9497,忽憶棹回天,1
9498,憶棹回天未,1
9499,棹回天未明,1
9500,回天未明醉,1
9501,天未明醉斜,1
9502,未明醉斜烏,1
9503,明醉斜烏帽,1
9504,醉斜烏帽發,1
9505,斜烏帽發如,1
9506,烏帽發如絲,1
9507,帽發如絲曾,1
9508,發如絲曾看,1
9509,如絲曾看仙,1
9510,絲曾看仙人,1
9511,曾看仙人一,1
9512,看仙人一局,1
9513,仙人一局棋,1
9514,人一局棋賓,1
9515,一局棋賓館,1
9516,局棋賓館有,1
9517,棋賓館有魚,1
9518,賓館有魚為,1
9519,館有魚為客,1
9520,有魚為客久,1
9521,魚為客久鄉,1
9522,為客久鄉書,1
9523,客久鄉書無,1
9524,久鄉書無雁,1
9525,鄉書無雁到,1
9526,書無雁到家,1
9527,無雁到家遲,1
9528,雁到家遲緱,1
9529,到家遲緱山,1
9530,家遲緱山住,1
9531,遲緱山住近,1
9532,緱山住近吹,1
9533,山住近吹笙,1
9534,住近吹笙廟,1
9535,近吹笙廟湘,1
9536,吹笙廟湘水,1
9537,笙廟湘水行,1
9538,廟湘水行逢,1
9539,湘水行逢鼓,1
9540,水行逢鼓瑟,1
9541,行逢鼓瑟祠,1
9542,逢鼓瑟祠今,1
9543,鼓瑟祠今夜,1
9544,瑟祠今夜月,1
9545,祠今夜月明,1
9546,今夜月明何,1
9547,夜月明何處,1
9548,月明何處宿,1
9549,明何處宿九,1
9550,何處宿九疑,1
9551,處宿九疑雲,1
9552,宿九疑雲盡,1
9553,九疑雲盡碧,1
9554,疑雲盡碧參,1
9555,雲盡碧參差,1
9556,盡碧參差三,1
9557,碧參差三十,1
9558,參差三十六,1
9559,差三十六峰,1
9560,三十六峰橫,1
9561,十六峰橫一,1
9562,六峰橫一川,1
9563,峰橫一川綠,1
9564,橫一川綠波,1
9565,一川綠波無,1
9566,川綠波無路,1
9567,綠波無路草,1
9568,波無路草芊,1
9569,無路草芊芊,1
9570,路草芊芊牛,1
9571,草芊芊牛羊,1
9572,芊芊牛羊晚,1
9573,芊牛羊晚食,1
9574,牛羊晚食鋪,1
9575,羊晚食鋪平,1
9576,晚食鋪平地,1
9577,食鋪平地雕,1
9578,鋪平地雕鶚,1
9579,平地雕鶚晴,1
9580,地雕鶚晴飛,1
9581,雕鶚晴飛摩,1
9582,鶚晴飛摩遠,1
9583,晴飛摩遠天,1
9584,飛摩遠天洛,1
9585,摩遠天洛客,1
9586,遠天洛客盡,1
9587,天洛客盡回,1
9588,洛客盡回臨,1
9589,客盡回臨水,1
9590,盡回臨水寺,1
9591,回臨水寺楚,1
9592,臨水寺楚人,1
9593,水寺楚人皆,1
9594,寺楚人皆逐,1
9595,楚人皆逐下,1
9596,人皆逐下江,1
9597,皆逐下江船,1
9598,逐下江船東,1
9599,下江船東西,1
9600,江船東西未,1
9601,船東西未有,1
9602,東西未有相,1
9603,西未有相逢,1
9604,未有相逢日,1
9605,有相逢日更,1
9606,相逢日更把,1
9607,逢日更把繁,1
9608,日更把繁華,1
9609,更把繁華共,1
9610,把繁華共醉,1
9611,繁華共醉眠,1
9612,華共醉眠獨,1
9613,共醉眠獨望,1
9614,醉眠獨望天,1
9615,眠獨望天門,1
9616,獨望天門倚,1
9617,望天門倚劍,1
9618,天門倚劍歌,1
9619,門倚劍歌幹,1
9620,倚劍歌幹時,1
9621,劍歌幹時無,1
9622,歌幹時無計,1
9623,幹時無計老,1
9624,時無計老關,1
9625,無計老關河,1
9626,計老關河東,1
9627,老關河東歸,1
9628,關河東歸萬,1
9629,河東歸萬里,1
9630,東歸萬里慚,1
9631,歸萬里慚張,1
9632,萬里慚張翰,1
9633,里慚張翰西,1
9634,慚張翰西上,1
9635,張翰西上四,1
9636,翰西上四年,1
9637,西上四年羞,1
9638,上四年羞卞,1
9639,四年羞卞和,1
9640,年羞卞和花,1
9641,羞卞和花暗,1
9642,卞和花暗楚,1
9643,和花暗楚城,1
9644,花暗楚城春,1
9645,暗楚城春醉,1
9646,楚城春醉少,1
9647,城春醉少月,1
9648,春醉少月涼,1
9649,醉少月涼秦,1
9650,少月涼秦塞,1
9651,月涼秦塞夜,1
9652,涼秦塞夜愁,1
9653,秦塞夜愁多,1
9654,塞夜愁多三,1
9655,夜愁多三山,1
9656,愁多三山歲,1
9657,多三山歲歲,1
9658,三山歲歲有,1
9659,山歲歲有人,1
9660,歲歲有人去,1
9661,歲有人去唯,1
9662,有人去唯恐,1
9663,人去唯恐海,1
9664,去唯恐海風,1
9665,唯恐海風生,1
9666,恐海風生白,1
9667,海風生白波,1
9668,風生白波諫,1
9669,生白波諫獵,1
9670,白波諫獵歸,1
9671,波諫獵歸來,1
9672,諫獵歸來綺,1
9673,獵歸來綺季,1
9674,歸來綺季歌,1
9675,來綺季歌大,1
9676,綺季歌大茅,1
9677,季歌大茅峰,1
9678,歌大茅峰影,1
9679,大茅峰影滿,1
9680,茅峰影滿秋,1
9681,峰影滿秋波,1
9682,影滿秋波山,1
9683,滿秋波山齋,1
9684,秋波山齋留,1
9685,波山齋留客,1
9686,山齋留客掃,1
9687,齋留客掃紅,1
9688,留客掃紅葉,1
9689,客掃紅葉野,1
9690,掃紅葉野艇,1
9691,紅葉野艇送,1
9692,葉野艇送僧,1
9693,野艇送僧披,1
9694,艇送僧披綠,1
9695,送僧披綠莎,1
9696,僧披綠莎長,1
9697,披綠莎長覆,1
9698,綠莎長覆舊,1
9699,莎長覆舊圖,1
9700,長覆舊圖棋,1
9701,覆舊圖棋勢,1
9702,舊圖棋勢盡,1
9703,圖棋勢盡遍,1
9704,棋勢盡遍添,1
9705,勢盡遍添新,1
9706,盡遍添新品,1
9707,遍添新品藥,1
9708,添新品藥名,1
9709,新品藥名多,1
9710,品藥名多雲,1
9711,藥名多雲中,1
9712,名多雲中黃,1
9713,多雲中黃鵠,1
9714,雲中黃鵠日,1
9715,中黃鵠日千,1
9716,黃鵠日千里,1
9717,鵠日千里自,1
9718,日千里自宿,1
9719,千里自宿自,1
9720,里自宿自飛,1
9721,自宿自飛無,1
9722,宿自飛無網,1
9723,自飛無網羅,1
9724,飛無網羅遠,1
9725,無網羅遠書,1
9726,網羅遠書開,1
9727,羅遠書開罷,1
9728,遠書開罷更,1
9729,書開罷更依,1
9730,開罷更依依,1
9731,罷更依依晨,1
9732,更依依晨坐,1
9733,依依晨坐高,1
9734,依晨坐高臺,1
9735,晨坐高臺竟,1
9736,坐高臺竟落,1
9737,高臺竟落暉,1
9738,臺竟落暉顏,1
9739,竟落暉顏巷,1
9740,落暉顏巷雪,1
9741,暉顏巷雪深,1
9742,顏巷雪深人,1
9743,巷雪深人已,1
9744,雪深人已去,1
9745,深人已去庾,1
9746,人已去庾樓,1
9747,已去庾樓花,1
9748,去庾樓花盛,1
9749,庾樓花盛客,1
9750,樓花盛客初,1
9751,花盛客初歸,1
9752,盛客初歸東,1
9753,客初歸東堂,1
9754,初歸東堂望,1
9755,歸東堂望絕,1
9756,東堂望絕遷,1
9757,堂望絕遷鶯,1
9758,望絕遷鶯起,1
9759,絕遷鶯起南,1
9760,遷鶯起南國,1
9761,鶯起南國哀,1
9762,起南國哀餘,1
9763,南國哀餘候,1
9764,國哀餘候雁,1
9765,哀餘候雁飛,1
9766,餘候雁飛今,1
9767,候雁飛今日,1
9768,雁飛今日勞,1
9769,飛今日勞君,1
9770,今日勞君猶,1
9771,日勞君猶問,1
9772,勞君猶問訊,1
9773,君猶問訊一,1
9774,猶問訊一官,1
9775,問訊一官唯,1
9776,訊一官唯長,1
9777,一官唯長故,1
9778,官唯長故山,1
9779,唯長故山薇,1
9780,長故山薇廣,1
9781,故山薇廣陵,1
9782,山薇廣陵堤,1
9783,薇廣陵堤上,1
9784,廣陵堤上昔,1
9785,陵堤上昔離,1
9786,堤上昔離居,1
9787,上昔離居帆,1
9788,昔離居帆轉,1
9789,離居帆轉瀟,1
9790,居帆轉瀟湘,1
9791,帆轉瀟湘萬,1
9792,轉瀟湘萬里,1
9793,瀟湘萬里餘,1
9794,湘萬里餘楚,1
9795,萬里餘楚客,1
9796,里餘楚客病,1
9797,餘楚客病時,1
9798,楚客病時無,1
9799,客病時無鵩,1
9800,病時無鵩鳥,1
9801,時無鵩鳥越,1
9802,無鵩鳥越鄉,1
9803,鵩鳥越鄉歸,1
9804,鳥越鄉歸處,1
9805,越鄉歸處有,1
9806,鄉歸處有鱸,1
9807,歸處有鱸魚,1
9808,處有鱸魚潮,1
9809,有鱸魚潮生,1
9810,鱸魚潮生水,1
9811,魚潮生水郭,1
9812,潮生水郭蒹,1
9813,生水郭蒹葭,1
9814,水郭蒹葭響,1
9815,郭蒹葭響雨,1
9816,蒹葭響雨過,1
9817,葭響雨過山,1
9818,響雨過山城,1
9819,雨過山城橘,1
9820,過山城橘柚,1
9821,山城橘柚疏,1
9822,城橘柚疏聞,1
9823,橘柚疏聞說,1
9824,柚疏聞說攜,1
9825,疏聞說攜琴,1
9826,聞說攜琴兼,1
9827,說攜琴兼載,1
9828,攜琴兼載酒,1
9829,琴兼載酒邑,1
9830,兼載酒邑人,1
9831,載酒邑人爭,1
9832,酒邑人爭識,1
9833,邑人爭識馬,1
9834,人爭識馬相,1
9835,爭識馬相如,1
9836,識馬相如山,1
9837,馬相如山樂,1
9838,相如山樂來,1
9839,如山樂來迎,1
9840,山樂來迎去,1
9841,樂來迎去不,1
9842,來迎去不言,1
9843,迎去不言廟,1
9844,去不言廟前,1
9845,不言廟前高,1
9846,言廟前高柳,1
9847,廟前高柳水,1
9848,前高柳水禽,1
9849,高柳水禽喧,1
9850,柳水禽喧綺,1
9851,水禽喧綺羅,1
9852,禽喧綺羅無,1
9853,喧綺羅無色,1
9854,綺羅無色雨,1
9855,羅無色雨侵,1
9856,無色雨侵帳,1
9857,色雨侵帳珠,1
9858,雨侵帳珠翠,1
9859,侵帳珠翠有,1
9860,帳珠翠有聲,1
9861,珠翠有聲風,1
9862,翠有聲風繞,1
9863,有聲風繞幡,1
9864,聲風繞幡妝,1
9865,風繞幡妝鏡,1
9866,繞幡妝鏡尚,1
9867,幡妝鏡尚疑,1
9868,妝鏡尚疑山,1
9869,鏡尚疑山月,1
9870,尚疑山月滿,1
9871,疑山月滿寢,1
9872,山月滿寢屏,1
9873,月滿寢屏猶,1
9874,滿寢屏猶認,1
9875,寢屏猶認野,1
9876,屏猶認野花,1
9877,猶認野花繁,1
9878,認野花繁孤,1
9879,野花繁孤舟,1
9880,花繁孤舟夢,1
9881,繁孤舟夢斷,1
9882,孤舟夢斷行,1
9883,舟夢斷行雲,1
9884,夢斷行雲散,1
9885,斷行雲散何,1
9886,行雲散何限,1
9887,雲散何限離,1
9888,散何限離心,1
9889,何限離心寄,1
9890,限離心寄曉,1
9891,離心寄曉猿,1
9892,心寄曉猿草,1
9893,寄曉猿草生,1
9894,曉猿草生宮,1
9895,猿草生宮舍,1
9896,草生宮舍似,1
9897,生宮舍似閒,1
9898,宮舍似閒居,1
9899,舍似閒居雪,1
9900,似閒居雪照,1
9901,閒居雪照南,1
9902,居雪照南窗,1
9903,雪照南窗滿,1
9904,照南窗滿素,1
9905,南窗滿素書,1
9906,窗滿素書貧,1
9907,滿素書貧後,1
9908,素書貧後始,1
9909,書貧後始知,1
9910,貧後始知為,1
9911,後始知為吏,1
9912,始知為吏拙,1
9913,知為吏拙病,1
9914,為吏拙病來,1
9915,吏拙病來還,1
9916,拙病來還喜,1
9917,病來還喜識,1
9918,來還喜識人,1
9919,還喜識人疏,1
9920,喜識人疏青,1
9921,識人疏青雲,1
9922,人疏青雲豈,1
9923,疏青雲豈有,1
9924,青雲豈有窺,1
9925,雲豈有窺梁,1
9926,豈有窺梁燕,1
9927,有窺梁燕濁,1
9928,窺梁燕濁水,1
9929,梁燕濁水應,1
9930,燕濁水應無,1
9931,濁水應無避,1
9932,水應無避釣,1
9933,應無避釣魚,1
9934,無避釣魚不,1
9935,避釣魚不待,1
9936,釣魚不待秋,1
9937,魚不待秋風,1
9938,不待秋風便,1
9939,待秋風便歸,1
9940,秋風便歸去,1
9941,風便歸去紫,1
9942,便歸去紫陽,1
9943,歸去紫陽山,1
9944,去紫陽山下,1
9945,紫陽山下是,1
9946,陽山下是吾,1
9947,山下是吾廬,1
9948,下是吾廬雲,1
9949,是吾廬雲起,1
9950,吾廬雲起高,1
9951,廬雲起高臺,1
9952,雲起高臺日,1
9953,起高臺日未,1
9954,高臺日未沉,1
9955,臺日未沉數,1
9956,日未沉數村,1
9957,未沉數村殘,1
9958,沉數村殘照,1
9959,數村殘照半,1
9960,村殘照半岩,1
9961,殘照半岩陰,1
9962,照半岩陰野,1
9963,半岩陰野蠶,1
9964,岩陰野蠶成,1
9965,陰野蠶成繭,1
9966,野蠶成繭桑,1
9967,蠶成繭桑柘,1
9968,成繭桑柘盡,1
9969,繭桑柘盡溪,1
9970,桑柘盡溪鳥,1
9971,柘盡溪鳥引,1
9972,盡溪鳥引雛,1
9973,溪鳥引雛蒲,1
9974,鳥引雛蒲稗,1
9975,引雛蒲稗深,1
9976,雛蒲稗深帆,1
9977,蒲稗深帆勢,1
9978,稗深帆勢依,1
9979,深帆勢依依,1
9980,帆勢依依投,1
9981,勢依依投極,1
9982,依依投極浦,1
9983,依投極浦鐘,1
9984,投極浦鐘聲,1
9985,極浦鐘聲杳,1
9986,浦鐘聲杳杳,1
9987,鐘聲杳杳隔,1
9988,聲杳杳隔前,1
9989,杳杳隔前林,1
9990,杳隔前林故,1
9991,隔前林故山,1
9992,前林故山迢,1
9993,林故山迢遞,1
9994,故山迢遞故,1
9995,山迢遞故人,1
9996,迢遞故人去,1
9997,遞故人去一,1
9998,故人去一夜,1
9999,人去一夜月,1
10000,去一夜月明,1
10001,一夜月明千,1
10002,夜月明千里,1
10003,月明千里心,1
10004,明千里心曾,1
10005,千里心曾事,1
10006,里心曾事劉,1
10007,心曾事劉琨,1
10008,曾事劉琨雁,1
10009,事劉琨雁塞,1
10010,劉琨雁塞空,1
10011,琨雁塞空十,1
10012,雁塞空十年,1
10013,塞空十年書,1
10014,空十年書劍,1
10015,十年書劍任,1
10016,年書劍任飄,1
10017,書劍任飄蓬,1
10018,劍任飄蓬東,1
10019,任飄蓬東堂,1
10020,飄蓬東堂舊,1
10021,蓬東堂舊屈,1
10022,東堂舊屈移,1
10023,堂舊屈移山,1
10024,舊屈移山志,1
10025,屈移山志南,1
10026,移山志南國,1
10027,山志南國新,1
10028,志南國新留,1
10029,南國新留煮,1
10030,國新留煮海,1
10031,新留煮海功,1
10032,留煮海功還,1
10033,煮海功還掛,1
10034,海功還掛一,1
10035,功還掛一帆,1
10036,還掛一帆青,1
10037,掛一帆青海,1
10038,一帆青海上,1
10039,帆青海上更,1
10040,青海上更開,1
10041,海上更開三,1
10042,上更開三徑,1
10043,更開三徑碧,1
10044,開三徑碧蓮,1
10045,三徑碧蓮中,1
10046,徑碧蓮中關,1
10047,碧蓮中關西,1
10048,蓮中關西舊,1
10049,中關西舊友,1
10050,關西舊友如,1
10051,西舊友如相,1
10052,舊友如相問,1
10053,友如相問已,1
10054,如相問已許,1
10055,相問已許滄,1
10056,問已許滄浪,1
10057,已許滄浪伴,1
10058,許滄浪伴釣,1
10059,滄浪伴釣翁,1
10060,浪伴釣翁行,1
10061,伴釣翁行盡,1
10062,釣翁行盡青,1
10063,翁行盡青溪,1
10064,行盡青溪日,1
10065,盡青溪日已,1
10066,青溪日已蹉,1
10067,溪日已蹉雲,1
10068,日已蹉雲容,1
10069,已蹉雲容山,1
10070,蹉雲容山影,1
10071,雲容山影水,1
10072,容山影水嵯,1
10073,山影水嵯峨,1
10074,影水嵯峨樓,1
10075,水嵯峨樓前,1
10076,嵯峨樓前歸,1
10077,峨樓前歸客,1
10078,樓前歸客怨,1
10079,前歸客怨清,1
10080,歸客怨清夢,1
10081,客怨清夢樓,1
10082,怨清夢樓上,1
10083,清夢樓上美,1
10084,夢樓上美人,1
10085,樓上美人凝,1
10086,上美人凝夜,1
10087,美人凝夜歌,1
10088,人凝夜歌獨,1
10089,凝夜歌獨樹,1
10090,夜歌獨樹高,1
10091,歌獨樹高高,1
10092,獨樹高高風,1
10093,樹高高風勢,1
10094,高高風勢急,1
10095,高風勢急平,1
10096,風勢急平湖,1
10097,勢急平湖渺,1
10098,急平湖渺渺,1
10099,平湖渺渺月,1
10100,湖渺渺月明,1
10101,渺渺月明多,1
10102,渺月明多終,1
10103,月明多終期,1
10104,明多終期一,1
10105,多終期一艇,1
10106,終期一艇載,1
10107,期一艇載樵,1
10108,一艇載樵去,1
10109,艇載樵去來,1
10110,載樵去來往,1
10111,樵去來往使,1
10112,去來往使帆,1
10113,來往使帆淩,1
10114,往使帆淩白,1
10115,使帆淩白波,1
10116,帆淩白波碧,1
10117,淩白波碧天,1
10118,白波碧天飛,1
10119,波碧天飛舞,1
10120,碧天飛舞下,1
10121,天飛舞下晴,1
10122,飛舞下晴莎,1
10123,舞下晴莎金,1
10124,下晴莎金閣,1
10125,晴莎金閣瑤,1
10126,莎金閣瑤池,1
10127,金閣瑤池絕,1
10128,閣瑤池絕網,1
10129,瑤池絕網羅,1
10130,池絕網羅岩,1
10131,絕網羅岩響,1
10132,網羅岩響數,1
10133,羅岩響數聲,1
10134,岩響數聲風,1
10135,響數聲風滿,1
10136,數聲風滿樹,1
10137,聲風滿樹岸,1
10138,風滿樹岸移,1
10139,滿樹岸移孤,1
10140,樹岸移孤影,1
10141,岸移孤影雪,1
10142,移孤影雪淩,1
10143,孤影雪淩波,1
10144,影雪淩波緱,1
10145,雪淩波緱山,1
10146,淩波緱山去,1
10147,波緱山去遠,1
10148,緱山去遠雲,1
10149,山去遠雲霄,1
10150,去遠雲霄迥,1
10151,遠雲霄迥遼,1
10152,雲霄迥遼海,1
10153,霄迥遼海歸,1
10154,迥遼海歸遲,1
10155,遼海歸遲歲,1
10156,海歸遲歲月,1
10157,歸遲歲月多,1
10158,遲歲月多雙,1
10159,歲月多雙翅,1
10160,月多雙翅一,1
10161,多雙翅一開,1
10162,雙翅一開千,1
10163,翅一開千萬,1
10164,一開千萬里,1
10165,開千萬里只,1
10166,千萬里只應,1
10167,萬里只應棲,1
10168,里只應棲隱,1
10169,只應棲隱戀,1
10170,應棲隱戀喬,1
10171,棲隱戀喬柯,1
10172,隱戀喬柯暮,1
10173,戀喬柯暮暮,1
10174,喬柯暮暮焚,1
10175,柯暮暮焚香,1
10176,暮暮焚香何,1
10177,暮焚香何處,1
10178,焚香何處宿,1
10179,香何處宿西,1
10180,何處宿西岩,1
10181,處宿西岩一,1
10182,宿西岩一室,1
10183,西岩一室映,1
10184,岩一室映疏,1
10185,一室映疏藤,1
10186,室映疏藤光,1
10187,映疏藤光陰,1
10188,疏藤光陰難,1
10189,藤光陰難駐,1
10190,光陰難駐跡,1
10191,陰難駐跡如,1
10192,難駐跡如客,1
10193,駐跡如客寒,1
10194,跡如客寒暑,1
10195,如客寒暑不,1
10196,客寒暑不驚,1
10197,寒暑不驚心,1
10198,暑不驚心似,1
10199,不驚心似僧,1
10200,驚心似僧高,1
10201,心似僧高樹,1
10202,似僧高樹有,1
10203,僧高樹有風,1
10204,高樹有風聞,1
10205,樹有風聞夜,1
10206,有風聞夜磬,1
10207,風聞夜磬遠,1
10208,聞夜磬遠山,1
10209,夜磬遠山無,1
10210,磬遠山無月,1
10211,遠山無月見,1
10212,山無月見秋,1
10213,無月見秋燈,1
10214,月見秋燈身,1
10215,見秋燈身閑,1
10216,秋燈身閑境,1
10217,燈身閑境靜,1
10218,身閑境靜日,1
10219,閑境靜日為,1
10220,境靜日為樂,1
10221,靜日為樂若,1
10222,日為樂若問,1
10223,為樂若問其,1
10224,樂若問其餘,1
10225,若問其餘非,1
10226,問其餘非我,1
10227,其餘非我能,1
10228,餘非我能杜,1
10229,非我能杜陵,1
10230,我能杜陵池,1
10231,能杜陵池榭,1
10232,杜陵池榭綺,1
10233,陵池榭綺城,1
10234,池榭綺城東,1
10235,榭綺城東孤,1
10236,綺城東孤島,1
10237,城東孤島回,1
10238,東孤島回汀,1
10239,孤島回汀路,1
10240,島回汀路不,1
10241,回汀路不窮,1
10242,汀路不窮高,1
10243,路不窮高岫,1
10244,不窮高岫乍,1
10245,窮高岫乍疑,1
10246,高岫乍疑三,1
10247,岫乍疑三峽,1
10248,乍疑三峽近,1
10249,疑三峽近遠,1
10250,三峽近遠波,1
10251,峽近遠波初,1
10252,近遠波初似,1
10253,遠波初似五,1
10254,波初似五湖,1
10255,初似五湖通,1
10256,似五湖通楸,1
10257,五湖通楸梧,1
10258,湖通楸梧葉,1
10259,通楸梧葉暗,1
10260,楸梧葉暗瀟,1
10261,梧葉暗瀟瀟,1
10262,葉暗瀟瀟雨,1
10263,暗瀟瀟雨菱,1
10264,瀟瀟雨菱荇,1
10265,瀟雨菱荇花,1
10266,雨菱荇花香,1
10267,菱荇花香淡,1
10268,荇花香淡淡,1
10269,花香淡淡風,1
10270,香淡淡風還,1
10271,淡淡風還有,1
10272,淡風還有昔,1
10273,風還有昔時,1
10274,還有昔時巢,1
10275,有昔時巢燕,1
10276,昔時巢燕在,1
10277,時巢燕在飛,1
10278,巢燕在飛來,1
10279,燕在飛來飛,1
10280,在飛來飛去,1
10281,飛來飛去畫,1
10282,來飛去畫堂,1
10283,飛去畫堂中,1
10284,去畫堂中宵,1
10285,畫堂中宵衣,1
10286,堂中宵衣應,1
10287,中宵衣應待,1
10288,宵衣應待絕,1
10289,衣應待絕更,1
10290,應待絕更籌,1
10291,待絕更籌環,1
10292,絕更籌環佩,1
10293,更籌環佩鏘,1
10294,籌環佩鏘鏘,1
10295,環佩鏘鏘月,1
10296,佩鏘鏘月下,1
10297,鏘鏘月下樓,1
10298,鏘月下樓井,1
10299,月下樓井轉,1
10300,下樓井轉轆,1
10301,樓井轉轆轤,1
10302,井轉轆轤千,1
10303,轉轆轤千樹,1
10304,轆轤千樹曉,1
10305,轤千樹曉鎖,1
10306,千樹曉鎖開,1
10307,樹曉鎖開閶,1
10308,曉鎖開閶闔,1
10309,鎖開閶闔萬,1
10310,開閶闔萬山,1
10311,閶闔萬山秋,1
10312,闔萬山秋龍,1
10313,萬山秋龍旗,1
10314,山秋龍旗盡,1
10315,秋龍旗盡列,1
10316,龍旗盡列趨,1
10317,旗盡列趨金,1
10318,盡列趨金殿,1
10319,列趨金殿雉,1
10320,趨金殿雉扇,1
10321,金殿雉扇才,1
10322,殿雉扇才分,1
10323,雉扇才分見,1
10324,扇才分見玉,1
10325,才分見玉旒,1
10326,分見玉旒虛,1
10327,見玉旒虛戴,1
10328,玉旒虛戴鐵,1
10329,旒虛戴鐵冠,1
10330,虛戴鐵冠無,1
10331,戴鐵冠無一,1
10332,鐵冠無一事,1
10333,冠無一事滄,1
10334,無一事滄江,1
10335,一事滄江歸,1
10336,事滄江歸去,1
10337,滄江歸去老,1
10338,江歸去老漁,1
10339,歸去老漁舟,1
10340,去老漁舟纓,1
10341,老漁舟纓帶,1
10342,漁舟纓帶流,1
10343,舟纓帶流塵,1
10344,纓帶流塵發,1
10345,帶流塵發半,1
10346,流塵發半霜,1
10347,塵發半霜獨,1
10348,發半霜獨尋,1
10349,半霜獨尋殘,1
10350,霜獨尋殘月,1
10351,獨尋殘月下,1
10352,尋殘月下滄,1
10353,殘月下滄浪,1
10354,月下滄浪一,1
10355,下滄浪一聲,1
10356,滄浪一聲溪,1
10357,浪一聲溪鳥,1
10358,一聲溪鳥暗,1
10359,聲溪鳥暗雲,1
10360,溪鳥暗雲散,1
10361,鳥暗雲散萬,1
10362,暗雲散萬片,1
10363,雲散萬片野,1
10364,散萬片野花,1
10365,萬片野花流,1
10366,片野花流水,1
10367,野花流水香,1
10368,花流水香昔,1
10369,流水香昔日,1
10370,水香昔日未,1
10371,香昔日未知,1
10372,昔日未知方,1
10373,日未知方外,1
10374,未知方外樂,1
10375,知方外樂暮,1
10376,方外樂暮年,1
10377,外樂暮年初,1
10378,樂暮年初信,1
10379,暮年初信夢,1
10380,年初信夢中,1
10381,初信夢中忙,1
10382,信夢中忙紅,1
10383,夢中忙紅蝦,1
10384,中忙紅蝦青,1
10385,忙紅蝦青鯽,1
10386,紅蝦青鯽紫,1
10387,蝦青鯽紫芹,1
10388,青鯽紫芹脆,1
10389,鯽紫芹脆歸,1
10390,紫芹脆歸去,1
10391,芹脆歸去不,1
10392,脆歸去不辭,1
10393,歸去不辭來,1
10394,去不辭來路,1
10395,不辭來路長,1
10396,辭來路長禾,1
10397,來路長禾黍,1
10398,路長禾黍離,1
10399,長禾黍離離,1
10400,禾黍離離半,1
10401,黍離離半野,1
10402,離離半野蒿,1
10403,離半野蒿昔,1
10404,半野蒿昔人,1
10405,野蒿昔人城,1
10406,蒿昔人城此,1
10407,昔人城此豈,1
10408,人城此豈知,1
10409,城此豈知勞,1
10410,此豈知勞水,1
10411,豈知勞水聲,1
10412,知勞水聲東,1
10413,勞水聲東去,1
10414,水聲東去市,1
10415,聲東去市朝,1
10416,東去市朝變,1
10417,去市朝變山,1
10418,市朝變山勢,1
10419,朝變山勢北,1
10420,變山勢北來,1
10421,山勢北來宮,1
10422,勢北來宮殿,1
10423,北來宮殿高,1
10424,來宮殿高鴉,1
10425,宮殿高鴉噪,1
10426,殿高鴉噪暮,1
10427,高鴉噪暮雲,1
10428,鴉噪暮雲歸,1
10429,噪暮雲歸古,1
10430,暮雲歸古堞,1
10431,雲歸古堞雁,1
10432,歸古堞雁迷,1
10433,古堞雁迷寒,1
10434,堞雁迷寒雨,1
10435,雁迷寒雨下,1
10436,迷寒雨下空,1
10437,寒雨下空壕,1
10438,雨下空壕可,1
10439,下空壕可憐,1
10440,空壕可憐緱,1
10441,壕可憐緱嶺,1
10442,可憐緱嶺登,1
10443,憐緱嶺登仙,1
10444,緱嶺登仙子,1
10445,嶺登仙子猶,1
10446,登仙子猶自,1
10447,仙子猶自吹,1
10448,子猶自吹笙,1
10449,猶自吹笙醉,1
10450,自吹笙醉碧,1
10451,吹笙醉碧桃,1
10452,笙醉碧桃欲,1
10453,醉碧桃欲求,1
10454,碧桃欲求真,1
10455,桃欲求真訣,1
10456,欲求真訣戀,1
10457,求真訣戀禪,1
10458,真訣戀禪扃,1
10459,訣戀禪扃羽,1
10460,戀禪扃羽帔,1
10461,禪扃羽帔方,1
10462,扃羽帔方袍,1
10463,羽帔方袍盡,1
10464,帔方袍盡有,1
10465,方袍盡有情,1
10466,袍盡有情仙,1
10467,盡有情仙骨,1
10468,有情仙骨本,1
10469,情仙骨本微,1
10470,仙骨本微靈,1
10471,骨本微靈鶴,1
10472,本微靈鶴遠,1
10473,微靈鶴遠法,1
10474,靈鶴遠法心,1
10475,鶴遠法心潛,1
10476,遠法心潛動,1
10477,法心潛動毒,1
10478,心潛動毒龍,1
10479,潛動毒龍驚,1
10480,動毒龍驚三,1
10481,毒龍驚三山,1
10482,龍驚三山未,1
10483,驚三山未有,1
10484,三山未有偷,1
10485,山未有偷桃,1
10486,未有偷桃計,1
10487,有偷桃計四,1
10488,偷桃計四海,1
10489,桃計四海初,1
10490,計四海初傳,1
10491,四海初傳問,1
10492,海初傳問菊,1
10493,初傳問菊名,1
10494,傳問菊名今,1
10495,問菊名今日,1
10496,菊名今日勸,1
10497,名今日勸師,1
10498,今日勸師師,1
10499,日勸師師莫,1
10500,勸師師莫惑,1
10501,師師莫惑長,1
10502,師莫惑長生,1
10503,莫惑長生難,1
10504,惑長生難學,1
10505,長生難學證,1
10506,生難學證無,1
10507,難學證無生,1
10508,學證無生暗,1
10509,證無生暗灘,1
10510,無生暗灘水,1
10511,生暗灘水落,1
10512,暗灘水落漲,1
10513,灘水落漲虛,1
10514,水落漲虛沙,1
10515,落漲虛沙灘,1
10516,漲虛沙灘去,1
10517,虛沙灘去秦,1
10518,沙灘去秦吳,1
10519,灘去秦吳萬,1
10520,去秦吳萬里,1
10521,秦吳萬里賒,1
10522,吳萬里賒馬,1
10523,萬里賒馬上,1
10524,里賒馬上折,1
10525,賒馬上折殘,1
10526,馬上折殘江,1
10527,上折殘江北,1
10528,折殘江北柳,1
10529,殘江北柳舟,1
10530,江北柳舟中,1
10531,北柳舟中開,1
10532,柳舟中開盡,1
10533,舟中開盡嶺,1
10534,中開盡嶺南,1
10535,開盡嶺南花,1
10536,盡嶺南花離,1
10537,嶺南花離歌,1
10538,南花離歌不,1
10539,花離歌不斷,1
10540,離歌不斷如,1
10541,歌不斷如留,1
10542,不斷如留客,1
10543,斷如留客歸,1
10544,如留客歸夢,1
10545,留客歸夢初,1
10546,客歸夢初驚,1
10547,歸夢初驚似,1
10548,夢初驚似到,1
10549,初驚似到家,1
10550,驚似到家山,1
10551,似到家山鳥,1
10552,到家山鳥一,1
10553,家山鳥一聲,1
10554,山鳥一聲人,1
10555,鳥一聲人未,1
10556,一聲人未起,1
10557,聲人未起半,1
10558,人未起半床,1
10559,未起半床春,1
10560,起半床春月,1
10561,半床春月在,1
10562,床春月在天,1
10563,春月在天涯,1
10564,月在天涯心,1
10565,在天涯心憶,1
10566,天涯心憶蓮,1
10567,涯心憶蓮池,1
10568,心憶蓮池秉,1
10569,憶蓮池秉燭,1
10570,蓮池秉燭游,1
10571,池秉燭游葉,1
10572,秉燭游葉殘,1
10573,燭游葉殘花,1
10574,游葉殘花敗,1
10575,葉殘花敗尚,1
10576,殘花敗尚維,1
10577,花敗尚維舟,1
10578,敗尚維舟煙,1
10579,尚維舟煙開,1
10580,維舟煙開翠,1
10581,舟煙開翠扇,1
10582,煙開翠扇清,1
10583,開翠扇清風,1
10584,翠扇清風曉,1
10585,扇清風曉水,1
10586,清風曉水泥,1
10587,風曉水泥紅,1
10588,曉水泥紅衣,1
10589,水泥紅衣白,1
10590,泥紅衣白露,1
10591,紅衣白露秋,1
10592,衣白露秋神,1
10593,白露秋神女,1
10594,露秋神女暫,1
10595,秋神女暫來,1
10596,神女暫來雲,1
10597,女暫來雲易,1
10598,暫來雲易散,1
10599,來雲易散仙,1
10600,雲易散仙娥,1
10601,易散仙娥初,1
10602,散仙娥初去,1
10603,仙娥初去月,1
10604,娥初去月難,1
10605,初去月難留,1
10606,去月難留空,1
10607,月難留空懷,1
10608,難留空懷遠,1
10609,留空懷遠道,1
10610,空懷遠道難,1
10611,懷遠道難持,1
10612,遠道難持贈,1
10613,道難持贈醉,1
10614,難持贈醉倚,1
10615,持贈醉倚闌,1
10616,贈醉倚闌幹,1
10617,醉倚闌幹盡,1
10618,倚闌幹盡日,1
10619,闌幹盡日愁,1
10620,幹盡日愁二,1
10621,盡日愁二十,1
10622,日愁二十知,1
10623,愁二十知兵,1
10624,二十知兵在,1
10625,十知兵在羽,1
10626,知兵在羽林,1
10627,兵在羽林中,1
10628,在羽林中年,1
10629,羽林中年潛,1
10630,林中年潛識,1
10631,中年潛識子,1
10632,年潛識子房,1
10633,潛識子房心,1
10634,識子房心蒼,1
10635,子房心蒼鷹,1
10636,房心蒼鷹出,1
10637,心蒼鷹出塞,1
10638,蒼鷹出塞胡,1
10639,鷹出塞胡塵,1
10640,出塞胡塵滅,1
10641,塞胡塵滅白,1
10642,胡塵滅白鶴,1
10643,塵滅白鶴還,1
10644,滅白鶴還鄉,1
10645,白鶴還鄉楚,1
10646,鶴還鄉楚水,1
10647,還鄉楚水深,1
10648,鄉楚水深春,1
10649,楚水深春坼,1
10650,水深春坼酒,1
10651,深春坼酒瓶,1
10652,春坼酒瓶浮,1
10653,坼酒瓶浮藥,1
10654,酒瓶浮藥氣,1
10655,瓶浮藥氣晚,1
10656,浮藥氣晚攜,1
10657,藥氣晚攜棋,1
10658,氣晚攜棋局,1
10659,晚攜棋局帶,1
10660,攜棋局帶松,1
10661,棋局帶松陰,1
10662,局帶松陰雞,1
10663,帶松陰雞籠,1
10664,松陰雞籠山,1
10665,陰雞籠山上,1
10666,雞籠山上雲,1
10667,籠山上雲多,1
10668,山上雲多處,1
10669,上雲多處自,1
10670,雲多處自劚,1
10671,多處自劚黃,1
10672,處自劚黃精,1
10673,自劚黃精不,1
10674,劚黃精不可,1
10675,黃精不可尋,1
10676,精不可尋兵,1
10677,不可尋兵書,1
10678,可尋兵書一,1
10679,尋兵書一篋,1
10680,兵書一篋老,1
10681,書一篋老無,1
10682,一篋老無功,1
10683,篋老無功故,1
10684,老無功故國,1
10685,無功故國郊,1
10686,功故國郊扉,1
10687,故國郊扉在,1
10688,國郊扉在夢,1
10689,郊扉在夢中,1
10690,扉在夢中藤,1
10691,在夢中藤蔓,1
10692,夢中藤蔓覆,1
10693,中藤蔓覆梨,1
10694,藤蔓覆梨張,1
10695,蔓覆梨張穀,1
10696,覆梨張穀暗,1
10697,梨張穀暗草,1
10698,張穀暗草花,1
10699,穀暗草花侵,1
10700,暗草花侵菊,1
10701,草花侵菊庾,1
10702,花侵菊庾園,1
10703,侵菊庾園空,1
10704,菊庾園空朱,1
10705,庾園空朱門,1
10706,園空朱門跡,1
10707,空朱門跡忝,1
10708,朱門跡忝登,1
10709,門跡忝登龍,1
10710,跡忝登龍客,1
10711,忝登龍客白,1
10712,登龍客白屋,1
10713,龍客白屋心,1
10714,客白屋心期,1
10715,白屋心期失,1
10716,屋心期失馬,1
10717,心期失馬翁,1
10718,期失馬翁楚,1
10719,失馬翁楚水,1
10720,馬翁楚水吳,1
10721,翁楚水吳山,1
10722,楚水吳山何,1
10723,水吳山何處,1
10724,吳山何處是,1
10725,山何處是北,1
10726,何處是北窗,1
10727,處是北窗殘,1
10728,是北窗殘月,1
10729,北窗殘月照,1
10730,窗殘月照屏,1
10731,殘月照屏風,1
10732,月照屏風一,1
10733,照屏風一笛,1
10734,屏風一笛迎,1
10735,風一笛迎風,1
10736,一笛迎風萬,1
10737,笛迎風萬葉,1
10738,迎風萬葉飛,1
10739,風萬葉飛強,1
10740,萬葉飛強攜,1
10741,葉飛強攜刀,1
10742,飛強攜刀筆,1
10743,強攜刀筆換,1
10744,攜刀筆換荷,1
10745,刀筆換荷衣,1
10746,筆換荷衣潮,1
10747,換荷衣潮寒,1
10748,荷衣潮寒水,1
10749,衣潮寒水國,1
10750,潮寒水國秋,1
10751,寒水國秋砧,1
10752,水國秋砧早,1
10753,國秋砧早月,1
10754,秋砧早月暗,1
10755,砧早月暗山,1
10756,早月暗山城,1
10757,月暗山城夜,1
10758,暗山城夜漏,1
10759,山城夜漏稀,1
10760,城夜漏稀岩,1
10761,夜漏稀岩響,1
10762,漏稀岩響遠,1
10763,稀岩響遠聞,1
10764,岩響遠聞樵,1
10765,響遠聞樵客,1
10766,遠聞樵客過,1
10767,聞樵客過浦,1
10768,樵客過浦深,1
10769,客過浦深遙,1
10770,過浦深遙送,1
10771,浦深遙送釣,1
10772,深遙送釣童,1
10773,遙送釣童歸,1
10774,送釣童歸中,1
10775,釣童歸中年,1
10776,童歸中年未,1
10777,歸中年未識,1
10778,中年未識從,1
10779,年未識從軍,1
10780,未識從軍樂,1
10781,識從軍樂虛,1
10782,從軍樂虛近,1
10783,軍樂虛近三,1
10784,樂虛近三茅,1
10785,虛近三茅望,1
10786,近三茅望少,1
10787,三茅望少微,1
10788,茅望少微白,1
10789,望少微白首,1
10790,少微白首從,1
10791,微白首從軍,1
10792,白首從軍未,1
10793,首從軍未有,1
10794,從軍未有名,1
10795,軍未有名近,1
10796,未有名近將,1
10797,有名近將孤,1
10798,名近將孤劍,1
10799,近將孤劍到,1
10800,將孤劍到江,1
10801,孤劍到江城,1
10802,劍到江城巴,1
10803,到江城巴童,1
10804,江城巴童戍,1
10805,城巴童戍久,1
10806,巴童戍久能,1
10807,童戍久能番,1
10808,戍久能番語,1
10809,久能番語胡,1
10810,能番語胡馬,1
10811,番語胡馬調,1
10812,語胡馬調多,1
10813,胡馬調多解,1
10814,馬調多解漢,1
10815,調多解漢行,1
10816,多解漢行對,1
10817,解漢行對雪,1
10818,漢行對雪夜,1
10819,行對雪夜窮,1
10820,對雪夜窮黃,1
10821,雪夜窮黃石,1
10822,夜窮黃石略,1
10823,窮黃石略望,1
10824,黃石略望雲,1
10825,石略望雲秋,1
10826,略望雲秋計,1
10827,望雲秋計黑,1
10828,雲秋計黑山,1
10829,秋計黑山程,1
10830,計黑山程可,1
10831,黑山程可憐,1
10832,山程可憐身,1
10833,程可憐身死,1
10834,可憐身死家,1
10835,憐身死家猶,1
10836,身死家猶遠,1
10837,死家猶遠汴,1
10838,家猶遠汴水,1
10839,猶遠汴水東,1
10840,遠汴水東流,1
10841,汴水東流無,1
10842,水東流無哭,1
10843,東流無哭聲,1
10844,流無哭聲秋,1
10845,無哭聲秋來,1
10846,哭聲秋來鳧,1
10847,聲秋來鳧雁,1
10848,秋來鳧雁下,1
10849,來鳧雁下方,1
10850,鳧雁下方塘,1
10851,雁下方塘系,1
10852,下方塘系馬,1
10853,方塘系馬朝,1
10854,塘系馬朝臺,1
10855,系馬朝臺步,1
10856,馬朝臺步夕,1
10857,朝臺步夕陽,1
10858,臺步夕陽村,1
10859,步夕陽村徑,1
10860,夕陽村徑繞,1
10861,陽村徑繞山,1
10862,村徑繞山松,1
10863,徑繞山松葉,1
10864,繞山松葉暗,1
10865,山松葉暗野,1
10866,松葉暗野門,1
10867,葉暗野門臨,1
10868,暗野門臨水,1
10869,野門臨水稻,1
10870,門臨水稻花,1
10871,臨水稻花香,1
10872,水稻花香雲,1
10873,稻花香雲連,1
10874,花香雲連海,1
10875,香雲連海氣,1
10876,雲連海氣琴,1
10877,連海氣琴書,1
10878,海氣琴書潤,1
10879,氣琴書潤風,1
10880,琴書潤風帶,1
10881,書潤風帶潮,1
10882,潤風帶潮聲,1
10883,風帶潮聲枕,1
10884,帶潮聲枕簟,1
10885,潮聲枕簟涼,1
10886,聲枕簟涼西,1
10887,枕簟涼西下,1
10888,簟涼西下磻,1
10889,涼西下磻溪,1
10890,西下磻溪猶,1
10891,下磻溪猶萬,1
10892,磻溪猶萬里,1
10893,溪猶萬里可,1
10894,猶萬里可能,1
10895,萬里可能垂,1
10896,里可能垂白,1
10897,可能垂白待,1
10898,能垂白待文,1
10899,垂白待文王,1
10900,白待文王知,1
10901,待文王知己,1
10902,文王知己蕭,1
10903,王知己蕭條,1
10904,知己蕭條信,1
10905,己蕭條信陸,1
10906,蕭條信陸沉,1
10907,條信陸沉茂,1
10908,信陸沉茂陵,1
10909,陸沉茂陵扶,1
10910,沉茂陵扶疾,1
10911,茂陵扶疾臥,1
10912,陵扶疾臥西,1
10913,扶疾臥西林,1
10914,疾臥西林芰,1
10915,臥西林芰荷,1
10916,西林芰荷風,1
10917,林芰荷風起,1
10918,芰荷風起客,1
10919,荷風起客堂,1
10920,風起客堂靜,1
10921,起客堂靜松,1
10922,客堂靜松桂,1
10923,堂靜松桂月,1
10924,靜松桂月高,1
10925,松桂月高僧,1
10926,桂月高僧院,1
10927,月高僧院深,1
10928,高僧院深清,1
10929,僧院深清露,1
10930,院深清露下,1
10931,深清露下時,1
10932,清露下時傷,1
10933,露下時傷旅,1
10934,下時傷旅鬢,1
10935,時傷旅鬢白,1
10936,傷旅鬢白雲,1
10937,旅鬢白雲歸,1
10938,鬢白雲歸處,1
10939,白雲歸處寄,1
10940,雲歸處寄鄉,1
10941,歸處寄鄉心,1
10942,處寄鄉心憐,1
10943,寄鄉心憐君,1
10944,鄉心憐君詩,1
10945,心憐君詩句,1
10946,憐君詩句猶,1
10947,君詩句猶相,1
10948,詩句猶相憶,1
10949,句猶相憶題,1
10950,猶相憶題在,1
10951,相憶題在空,1
10952,憶題在空齋,1
10953,題在空齋夜,1
10954,在空齋夜夜,1
10955,空齋夜夜吟,1
10956,齋夜夜吟三,1
10957,夜夜吟三獻,1
10958,夜吟三獻無,1
10959,吟三獻無功,1
10960,三獻無功玉,1
10961,獻無功玉有,1
10962,無功玉有瑕,1
10963,功玉有瑕更,1
10964,玉有瑕更攜,1
10965,有瑕更攜書,1
10966,瑕更攜書劍,1
10967,更攜書劍客,1
10968,攜書劍客天,1
10969,書劍客天涯,1
10970,劍客天涯孤,1
10971,客天涯孤帆,1
10972,天涯孤帆夜,1
10973,涯孤帆夜別,1
10974,孤帆夜別瀟,1
10975,帆夜別瀟湘,1
10976,夜別瀟湘雨,1
10977,別瀟湘雨廣,1
10978,瀟湘雨廣陌,1
10979,湘雨廣陌春,1
10980,雨廣陌春期,1
10981,廣陌春期鄠,1
10982,陌春期鄠杜,1
10983,春期鄠杜花,1
10984,期鄠杜花燈,1
10985,鄠杜花燈照,1
10986,杜花燈照水,1
10987,花燈照水螢,1
10988,燈照水螢千,1
10989,照水螢千點,1
10990,水螢千點滅,1
10991,螢千點滅棹,1
10992,千點滅棹驚,1
10993,點滅棹驚灘,1
10994,滅棹驚灘雁,1
10995,棹驚灘雁一,1
10996,驚灘雁一行,1
10997,灘雁一行斜,1
10998,雁一行斜關,1
10999,一行斜關河,1
11000,行斜關河萬,1
11001,斜關河萬里,1
11002,關河萬里秋,1
11003,河萬里秋風,1
11004,萬里秋風急,1
11005,里秋風急望,1
11006,秋風急望見,1
11007,風急望見鄉,1
11008,急望見鄉山,1
11009,望見鄉山不,1
11010,見鄉山不到,1
11011,鄉山不到家,1
11012,山不到家來,1
11013,不到家來往,1
11014,到家來往天,1
11015,家來往天臺,1
11016,來往天臺天,1
11017,往天臺天姥,1
11018,天臺天姥間,1
11019,臺天姥間欲,1
11020,天姥間欲求,1
11021,姥間欲求真,1
11022,間欲求真訣,1
11023,欲求真訣駐,1
11024,求真訣駐衰,1
11025,真訣駐衰顏,1
11026,訣駐衰顏星,1
11027,駐衰顏星河,1
11028,衰顏星河半,1
11029,顏星河半落,1
11030,星河半落岩,1
11031,河半落岩前,1
11032,半落岩前寺,1
11033,落岩前寺雲,1
11034,岩前寺雲霧,1
11035,前寺雲霧初,1
11036,寺雲霧初開,1
11037,雲霧初開嶺,1
11038,霧初開嶺上,1
11039,初開嶺上關,1
11040,開嶺上關丹,1
11041,嶺上關丹壑,1
11042,上關丹壑樹,1
11043,關丹壑樹多,1
11044,丹壑樹多風,1
11045,壑樹多風浩,1
11046,樹多風浩浩,1
11047,多風浩浩碧,1
11048,風浩浩碧溪,1
11049,浩浩碧溪苔,1
11050,浩碧溪苔淺,1
11051,碧溪苔淺水,1
11052,溪苔淺水潺,1
11053,苔淺水潺潺,1
11054,淺水潺潺可,1
11055,水潺潺可知,1
11056,潺潺可知劉,1
11057,潺可知劉阮,1
11058,可知劉阮逢,1
11059,知劉阮逢人,1
11060,劉阮逢人處,1
11061,阮逢人處行,1
11062,逢人處行盡,1
11063,人處行盡深,1
11064,處行盡深山,1
11065,行盡深山又,1
11066,盡深山又是,1
11067,深山又是山,1
11068,山又是山小,1
11069,又是山小隱,1
11070,是山小隱西,1
11071,山小隱西亭,1
11072,小隱西亭為,1
11073,隱西亭為客,1
11074,西亭為客開,1
11075,亭為客開翠,1
11076,為客開翠蘿,1
11077,客開翠蘿深,1
11078,開翠蘿深處,1
11079,翠蘿深處遍,1
11080,蘿深處遍蒼,1
11081,深處遍蒼苔,1
11082,處遍蒼苔林,1
11083,遍蒼苔林間,1
11084,蒼苔林間掃,1
11085,苔林間掃石,1
11086,林間掃石安,1
11087,間掃石安棋,1
11088,掃石安棋局,1
11089,石安棋局岩,1
11090,安棋局岩下,1
11091,棋局岩下分,1
11092,局岩下分泉,1
11093,岩下分泉遞,1
11094,下分泉遞酒,1
11095,分泉遞酒杯,1
11096,泉遞酒杯蘭,1
11097,遞酒杯蘭葉,1
11098,酒杯蘭葉露,1
11099,杯蘭葉露光,1
11100,蘭葉露光秋,1
11101,葉露光秋月,1
11102,露光秋月上,1
11103,光秋月上蘆,1
11104,秋月上蘆花,1
11105,月上蘆花風,1
11106,上蘆花風起,1
11107,蘆花風起夜,1
11108,花風起夜潮,1
11109,風起夜潮來,1
11110,起夜潮來雲,1
11111,夜潮來雲山,1
11112,潮來雲山繞,1
11113,來雲山繞屋,1
11114,雲山繞屋猶,1
11115,山繞屋猶嫌,1
11116,繞屋猶嫌淺,1
11117,屋猶嫌淺欲,1
11118,猶嫌淺欲棹,1
11119,嫌淺欲棹漁,1
11120,淺欲棹漁舟,1
11121,欲棹漁舟近,1
11122,棹漁舟近釣,1
11123,漁舟近釣台,1
11124,舟近釣台十,1
11125,近釣台十裏,1
11126,釣台十裏蒹,1
11127,台十裏蒹葭,1
11128,十裏蒹葭入,1
11129,裏蒹葭入薜,1
11130,蒹葭入薜蘿,1
11131,葭入薜蘿春,1
11132,入薜蘿春風,1
11133,薜蘿春風誰,1
11134,蘿春風誰許,1
11135,春風誰許暫,1
11136,風誰許暫鳴,1
11137,誰許暫鳴珂,1
11138,許暫鳴珂相,1
11139,暫鳴珂相如,1
11140,鳴珂相如渴,1
11141,珂相如渴後,1
11142,相如渴後狂,1
11143,如渴後狂還,1
11144,渴後狂還減,1
11145,後狂還減曼,1
11146,狂還減曼倩,1
11147,還減曼倩歸,1
11148,減曼倩歸來,1
11149,曼倩歸來語,1
11150,倩歸來語更,1
11151,歸來語更多,1
11152,來語更多門,1
11153,語更多門枕,1
11154,更多門枕碧,1
11155,多門枕碧溪,1
11156,門枕碧溪冰,1
11157,枕碧溪冰皓,1
11158,碧溪冰皓耀,1
11159,溪冰皓耀檻,1
11160,冰皓耀檻齊,1
11161,皓耀檻齊青,1
11162,耀檻齊青嶂,1
11163,檻齊青嶂雪,1
11164,齊青嶂雪嵯,1
11165,青嶂雪嵯峨,1
11166,嶂雪嵯峨野,1
11167,雪嵯峨野橋,1
11168,嵯峨野橋沽,1
11169,峨野橋沽酒,1
11170,野橋沽酒茅,1
11171,橋沽酒茅簷,1
11172,沽酒茅簷醉,1
11173,酒茅簷醉誰,1
11174,茅簷醉誰羨,1
11175,簷醉誰羨紅,1
11176,醉誰羨紅樓,1
11177,誰羨紅樓一,1
11178,羨紅樓一曲,1
11179,紅樓一曲歌,1
11180,樓一曲歌鄉,1
11181,一曲歌鄉心,1
11182,曲歌鄉心迢,1
11183,歌鄉心迢遞,1
11184,鄉心迢遞宦,1
11185,心迢遞宦情,1
11186,迢遞宦情微,1
11187,遞宦情微吏,1
11188,宦情微吏散,1
11189,情微吏散尋,1
11190,微吏散尋幽,1
11191,吏散尋幽竟,1
11192,散尋幽竟落,1
11193,尋幽竟落暉,1
11194,幽竟落暉林,1
11195,竟落暉林下,1
11196,落暉林下草,1
11197,暉林下草腥,1
11198,林下草腥巢,1
11199,下草腥巢鷺,1
11200,草腥巢鷺宿,1
11201,腥巢鷺宿洞,1
11202,巢鷺宿洞前,1
11203,鷺宿洞前雲,1
11204,宿洞前雲濕,1
11205,洞前雲濕雨,1
11206,前雲濕雨龍,1
11207,雲濕雨龍歸,1
11208,濕雨龍歸鐘,1
11209,雨龍歸鐘隨,1
11210,龍歸鐘隨野,1
11211,歸鐘隨野艇,1
11212,鐘隨野艇回,1
11213,隨野艇回孤,1
11214,野艇回孤棹,1
11215,艇回孤棹鼓,1
11216,回孤棹鼓絕,1
11217,孤棹鼓絕山,1
11218,棹鼓絕山城,1
11219,鼓絕山城掩,1
11220,絕山城掩半,1
11221,山城掩半扉,1
11222,城掩半扉今,1
11223,掩半扉今夜,1
11224,半扉今夜西,1
11225,扉今夜西齋,1
11226,今夜西齋好,1
11227,夜西齋好風,1
11228,西齋好風月,1
11229,齋好風月一,1
11230,好風月一瓢,1
11231,風月一瓢春,1
11232,月一瓢春酒,1
11233,一瓢春酒莫,1
11234,瓢春酒莫相,1
11235,春酒莫相違,1
11236,酒莫相違書,1
11237,莫相違書劍,1
11238,相違書劍功,1
11239,違書劍功遲,1
11240,遲白髮新異,1
11241,白髮新異鄉,1
11242,髮新異鄉仍,1
11243,新異鄉仍送,1
11244,異鄉仍送故,1
11245,鄉仍送故鄉,1
11246,仍送故鄉人,1
11247,送故鄉人阮,1
11248,故鄉人阮公,1
11249,鄉人阮公留,1
11250,人阮公留客,1
11251,阮公留客竹,1
11252,公留客竹林,1
11253,留客竹林晚,1
11254,客竹林晚田,1
11255,竹林晚田氏,1
11256,林晚田氏到,1
11257,晚田氏到家,1
11258,田氏到家荊,1
11259,氏到家荊樹,1
11260,到家荊樹春,1
11261,家荊樹春雪,1
11262,荊樹春雪盡,1
11263,樹春雪盡塞,1
11264,春雪盡塞鴻,1
11265,雪盡塞鴻南,1
11266,盡塞鴻南翥,1
11267,塞鴻南翥少,1
11268,鴻南翥少風,1
11269,南翥少風來,1
11270,翥少風來胡,1
11271,少風來胡馬,1
11272,風來胡馬北,1
11273,來胡馬北嘶,1
11274,胡馬北嘶頻,1
11275,馬北嘶頻洞,1
11276,北嘶頻洞庭,1
11277,嘶頻洞庭煙,1
11278,頻洞庭煙月,1
11279,洞庭煙月如,1
11280,庭煙月如終,1
11281,煙月如終老,1
11282,月如終老誰,1
11283,如終老誰是,1
11284,終老誰是長,1
11285,老誰是長楊,1
11286,誰是長楊諫,1
11287,是長楊諫獵,1
11288,長楊諫獵臣,1
11289,楊諫獵臣雲,1
11290,諫獵臣雲埋,1
11291,獵臣雲埋陰,1
11292,臣雲埋陰壑,1
11293,雲埋陰壑雪,1
11294,埋陰壑雪凝,1
11295,陰壑雪凝峰,1
11296,壑雪凝峰半,1
11297,雪凝峰半壁,1
11298,凝峰半壁天,1
11299,峰半壁天臺,1
11300,半壁天臺已,1
11301,壁天臺已萬,1
11302,天臺已萬重,1
11303,臺已萬重人,1
11304,已萬重人度,1
11305,萬重人度碧,1
11306,重人度碧溪,1
11307,人度碧溪疑,1
11308,度碧溪疑輟,1
11309,碧溪疑輟棹,1
11310,溪疑輟棹僧,1
11311,疑輟棹僧歸,1
11312,輟棹僧歸蒼,1
11313,棹僧歸蒼嶺,1
11314,僧歸蒼嶺似,1
11315,歸蒼嶺似聞,1
11316,蒼嶺似聞鐘,1
11317,嶺似聞鐘暖,1
11318,似聞鐘暖眠,1
11319,聞鐘暖眠鸂,1
11320,鐘暖眠鸂鶒,1
11321,暖眠鸂鶒晴,1
11322,眠鸂鶒晴灘,1
11323,鸂鶒晴灘草,1
11324,鶒晴灘草高,1
11325,晴灘草高掛,1
11326,灘草高掛獼,1
11327,草高掛獼猴,1
11328,高掛獼猴暮,1
11329,掛獼猴暮澗,1
11330,獼猴暮澗松,1
11331,猴暮澗松曾,1
11332,暮澗松曾約,1
11333,澗松曾約共,1
11334,松曾約共遊,1
11335,曾約共遊今,1
11336,約共遊今獨,1
11337,共遊今獨去,1
11338,遊今獨去赤,1
11339,今獨去赤城,1
11340,獨去赤城西,1
11341,去赤城西面,1
11342,赤城西面水,1
11343,城西面水溶,1
11344,西面水溶溶,1
11345,面水溶溶能,1
11346,水溶溶能琴,1
11347,溶溶能琴道,1
11348,溶能琴道士,1
11349,能琴道士洞,1
11350,琴道士洞庭,1
11351,道士洞庭西,1
11352,士洞庭西風,1
11353,洞庭西風滿,1
11354,庭西風滿歸,1
11355,西風滿歸帆,1
11356,風滿歸帆路,1
11357,滿歸帆路不,1
11358,歸帆路不迷,1
11359,帆路不迷對,1
11360,路不迷對岸,1
11361,不迷對岸水,1
11362,迷對岸水花,1
11363,對岸水花霜,1
11364,岸水花霜後,1
11365,水花霜後淺,1
11366,花霜後淺傍,1
11367,霜後淺傍簷,1
11368,後淺傍簷山,1
11369,淺傍簷山果,1
11370,傍簷山果雨,1
11371,簷山果雨來,1
11372,山果雨來低,1
11373,果雨來低杉,1
11374,雨來低杉松,1
11375,來低杉松近,1
11376,低杉松近晚,1
11377,杉松近晚移,1
11378,松近晚移茶,1
11379,近晚移茶灶,1
11380,晚移茶灶岩,1
11381,移茶灶岩谷,1
11382,茶灶岩谷初,1
11383,灶岩谷初寒,1
11384,岩谷初寒蓋,1
11385,谷初寒蓋藥,1
11386,初寒蓋藥畦,1
11387,寒蓋藥畦他,1
11388,蓋藥畦他日,1
11389,藥畦他日相,1
11390,畦他日相思,1
11391,他日相思兩,1
11392,日相思兩行,1
11393,相思兩行字,1
11394,思兩行字無,1
11395,兩行字無人,1
11396,行字無人知,1
11397,字無人知處,1
11398,無人知處武,1
11399,人知處武陵,1
11400,知處武陵溪,1
11401,處武陵溪病,1
11402,武陵溪病移,1
11403,陵溪病移岩,1
11404,溪病移岩邑,1
11405,病移岩邑稱,1
11406,移岩邑稱閑,1
11407,岩邑稱閑身,1
11408,邑稱閑身何,1
11409,稱閑身何處,1
11410,閑身何處風,1
11411,身何處風光,1
11412,何處風光貰,1
11413,處風光貰酒,1
11414,風光貰酒頻,1
11415,光貰酒頻溪,1
11416,貰酒頻溪柳,1
11417,酒頻溪柳繞,1
11418,頻溪柳繞門,1
11419,溪柳繞門彭,1
11420,柳繞門彭澤,1
11421,繞門彭澤令,1
11422,門彭澤令野,1
11423,彭澤令野花,1
11424,澤令野花連,1
11425,令野花連洞,1
11426,野花連洞武,1
11427,花連洞武陵,1
11428,連洞武陵人,1
11429,洞武陵人嬌,1
11430,武陵人嬌歌,1
11431,陵人嬌歌自,1
11432,人嬌歌自駐,1
11433,嬌歌自駐壺,1
11434,歌自駐壺中,1
11435,自駐壺中景,1
11436,駐壺中景豔,1
11437,壺中景豔舞,1
11438,中景豔舞長,1
11439,景豔舞長留,1
11440,豔舞長留海,1
11441,舞長留海上,1
11442,長留海上春,1
11443,留海上春早,1
11444,海上春早晚,1
11445,上春早晚高,1
11446,春早晚高臺,1
11447,早晚高臺更,1
11448,晚高臺更同,1
11449,高臺更同醉,1
11450,臺更同醉綠,1
11451,更同醉綠蘿,1
11452,同醉綠蘿如,1
11453,醉綠蘿如帳,1
11454,綠蘿如帳草,1
11455,蘿如帳草如,1
11456,如帳草如茵,1
11457,帳草如茵水,1
11458,草如茵水晚,1
11459,如茵水晚雲,1
11460,茵水晚雲秋,1
11461,水晚雲秋山,1
11462,晚雲秋山不,1
11463,雲秋山不窮,1
11464,秋山不窮自,1
11465,山不窮自疑,1
11466,不窮自疑身,1
11467,窮自疑身在,1
11468,自疑身在畫,1
11469,疑身在畫屏,1
11470,身在畫屏中,1
11471,在畫屏中孤,1
11472,畫屏中孤舟,1
11473,屏中孤舟移,1
11474,中孤舟移棹,1
11475,孤舟移棹一,1
11476,舟移棹一江,1
11477,移棹一江月,1
11478,棹一江月高,1
11479,一江月高閣,1
11480,江月高閣捲,1
11481,月高閣捲簾,1
11482,高閣捲簾千,1
11483,閣捲簾千樹,1
11484,捲簾千樹風,1
11485,簾千樹風窗,1
11486,千樹風窗下,1
11487,樹風窗下覆,1
11488,風窗下覆棋,1
11489,窗下覆棋殘,1
11490,下覆棋殘局,1
11491,覆棋殘局在,1
11492,棋殘局在橘,1
11493,殘局在橘邊,1
11494,局在橘邊沽,1
11495,在橘邊沽酒,1
11496,橘邊沽酒半,1
11497,邊沽酒半壇,1
11498,沽酒半壇空,1
11499,酒半壇空早,1
11500,半壇空早炊,1
11501,壇空早炊香,1
11502,空早炊香稻,1
11503,早炊香稻待,1
11504,炊香稻待鱸,1
11505,香稻待鱸鱠,1
11506,稻待鱸鱠南,1
11507,待鱸鱠南渚,1
11508,鱸鱠南渚未,1
11509,鱠南渚未明,1
11510,南渚未明尋,1
11511,渚未明尋釣,1
11512,未明尋釣翁,1
11513,明尋釣翁西,1
11514,尋釣翁西岩,1
11515,釣翁西岩一,1
11516,翁西岩一徑,1
11517,西岩一徑不,1
11518,岩一徑不通,1
11519,一徑不通樵,1
11520,徑不通樵八,1
11521,不通樵八十,1
11522,通樵八十持,1
11523,樵八十持杯,1
11524,八十持杯未,1
11525,十持杯未覺,1
11526,持杯未覺遙,1
11527,杯未覺遙龍,1
11528,未覺遙龍在,1
11529,覺遙龍在石,1
11530,遙龍在石潭,1
11531,龍在石潭聞,1
11532,在石潭聞夜,1
11533,石潭聞夜雨,1
11534,潭聞夜雨雁,1
11535,聞夜雨雁移,1
11536,夜雨雁移沙,1
11537,雨雁移沙渚,1
11538,雁移沙渚見,1
11539,移沙渚見秋,1
11540,沙渚見秋潮,1
11541,渚見秋潮經,1
11542,見秋潮經函,1
11543,秋潮經函露,1
11544,潮經函露濕,1
11545,經函露濕文,1
11546,函露濕文多,1
11547,露濕文多暗,1
11548,濕文多暗香,1
11549,文多暗香印,1
11550,多暗香印風,1
11551,暗香印風吹,1
11552,香印風吹字,1
11553,印風吹字半,1
11554,風吹字半銷,1
11555,吹字半銷應,1
11556,字半銷應笑,1
11557,半銷應笑東,1
11558,銷應笑東歸,1
11559,應笑東歸又,1
11560,笑東歸又南,1
11561,東歸又南去,1
11562,歸又南去越,1
11563,又南去越山,1
11564,南去越山無,1
11565,去越山無路,1
11566,越山無路水,1
11567,山無路水迢,1
11568,無路水迢迢,1
11569,路水迢迢一,1
11570,水迢迢一官,1
11571,迢迢一官唯,1
11572,迢一官唯買,1
11573,一官唯買晝,1
11574,官唯買晝公,1
11575,唯買晝公堂,1
11576,買晝公堂但,1
11577,晝公堂但得,1
11578,公堂但得身,1
11579,堂但得身閑,1
11580,但得身閑日,1
11581,得身閑日自,1
11582,身閑日自長,1
11583,閑日自長琴,1
11584,日自長琴曲,1
11585,自長琴曲少,1
11586,長琴曲少聲,1
11587,琴曲少聲重,1
11588,曲少聲重勘,1
11589,少聲重勘譜,1
11590,聲重勘譜藥,1
11591,重勘譜藥丸,1
11592,勘譜藥丸多,1
11593,譜藥丸多忌,1
11594,藥丸多忌更,1
11595,丸多忌更尋,1
11596,多忌更尋方,1
11597,忌更尋方溪,1
11598,更尋方溪浮,1
11599,尋方溪浮箬,1
11600,方溪浮箬葉,1
11601,溪浮箬葉添,1
11602,浮箬葉添醅,1
11603,箬葉添醅綠,1
11604,葉添醅綠泉,1
11605,添醅綠泉繞,1
11606,醅綠泉繞松,1
11607,綠泉繞松根,1
11608,泉繞松根助,1
11609,繞松根助茗,1
11610,松根助茗香,1
11611,根助茗香明,1
11612,助茗香明日,1
11613,茗香明日鱖,1
11614,香明日鱖魚,1
11615,明日鱖魚何,1
11616,日鱖魚何處,1
11617,鱖魚何處釣,1
11618,魚何處釣門,1
11619,何處釣門前,1
11620,處釣門前春,1
11621,釣門前春水,1
11622,門前春水似,1
11623,前春水似滄,1
11624,春水似滄浪,1
11625,水似滄浪桐,1
11626,似滄浪桐履,1
11627,滄浪桐履如,1
11628,浪桐履如飛,1
11629,桐履如飛不,1
11630,履如飛不可,1
11631,如飛不可尋,1
11632,飛不可尋一,1
11633,不可尋一壺,1
11634,可尋一壺雙,1
11635,尋一壺雙笈,1
11636,一壺雙笈嶧,1
11637,壺雙笈嶧陽,1
11638,雙笈嶧陽琴,1
11639,笈嶧陽琴舟,1
11640,嶧陽琴舟橫,1
11641,陽琴舟橫野,1
11642,琴舟橫野渡,1
11643,舟橫野渡寒,1
11644,橫野渡寒風,1
11645,野渡寒風急,1
11646,渡寒風急門,1
11647,寒風急門掩,1
11648,風急門掩荒,1
11649,急門掩荒山,1
11650,門掩荒山夜,1
11651,掩荒山夜雪,1
11652,荒山夜雪深,1
11653,山夜雪深貧,1
11654,夜雪深貧笑,1
11655,雪深貧笑白,1
11656,深貧笑白駒,1
11657,貧笑白駒無,1
11658,笑白駒無去,1
11659,白駒無去意,1
11660,駒無去意病,1
11661,無去意病慚,1
11662,去意病慚黃,1
11663,意病慚黃鵠,1
11664,病慚黃鵠有,1
11665,慚黃鵠有歸,1
11666,黃鵠有歸心,1
11667,鵠有歸心雲,1
11668,有歸心雲間,1
11669,歸心雲間二,1
11670,心雲間二室,1
11671,雲間二室勞,1
11672,間二室勞君,1
11673,二室勞君畫,1
11674,室勞君畫水,1
11675,勞君畫水墨,1
11676,君畫水墨蒼,1
11677,畫水墨蒼蒼,1
11678,水墨蒼蒼半,1
11679,墨蒼蒼半壁,1
11680,蒼蒼半壁陰,1
11681,蒼半壁陰西,1
11682,半壁陰西風,1
11683,壁陰西風渺,1
11684,陰西風渺渺,1
11685,西風渺渺月,1
11686,風渺渺月連,1
11687,渺渺月連天,1
11688,渺月連天同,1
11689,月連天同醉,1
11690,連天同醉蘭,1
11691,天同醉蘭舟,1
11692,同醉蘭舟未,1
11693,醉蘭舟未十,1
11694,蘭舟未十年,1
11695,舟未十年鵩,1
11696,未十年鵩鳥,1
11697,十年鵩鳥賦,1
11698,年鵩鳥賦成,1
11699,鵩鳥賦成人,1
11700,鳥賦成人已,1
11701,賦成人已沒,1
11702,成人已沒嘉,1
11703,人已沒嘉魚,1
11704,已沒嘉魚詩,1
11705,沒嘉魚詩在,1
11706,嘉魚詩在世,1
11707,魚詩在世空,1
11708,詩在世空傳,1
11709,在世空傳榮,1
11710,世空傳榮枯,1
11711,空傳榮枯盡,1
11712,傳榮枯盡寄,1
11713,榮枯盡寄浮,1
11714,枯盡寄浮雲,1
11715,盡寄浮雲外,1
11716,寄浮雲外哀,1
11717,浮雲外哀樂,1
11718,雲外哀樂猶,1
11719,外哀樂猶驚,1
11720,哀樂猶驚逝,1
11721,樂猶驚逝水,1
11722,猶驚逝水前,1
11723,驚逝水前日,1
11724,逝水前日暮,1
11725,水前日暮長,1
11726,前日暮長堤,1
11727,日暮長堤更,1
11728,暮長堤更回,1
11729,長堤更回首,1
11730,堤更回首一,1
11731,更回首一聲,1
11732,回首一聲鄰,1
11733,首一聲鄰笛,1
11734,一聲鄰笛舊,1
11735,聲鄰笛舊山,1
11736,鄰笛舊山川,1
11737,笛舊山川萬,1
11738,舊山川萬峰,1
11739,山川萬峰秋,1
11740,川萬峰秋盡,1
11741,萬峰秋盡百,1
11742,峰秋盡百泉,1
11743,秋盡百泉清,1
11744,盡百泉清舊,1
11745,百泉清舊鎖,1
11746,泉清舊鎖禪,1
11747,清舊鎖禪扉,1
11748,舊鎖禪扉在,1
11749,鎖禪扉在赤,1
11750,禪扉在赤城,1
11751,扉在赤城楓,1
11752,在赤城楓浦,1
11753,赤城楓浦客,1
11754,城楓浦客來,1
11755,楓浦客來煙,1
11756,浦客來煙未,1
11757,客來煙未散,1
11758,來煙未散竹,1
11759,煙未散竹窗,1
11760,未散竹窗僧,1
11761,散竹窗僧去,1
11762,竹窗僧去月,1
11763,窗僧去月猶,1
11764,僧去月猶明,1
11765,去月猶明杯,1
11766,月猶明杯浮,1
11767,猶明杯浮野,1
11768,明杯浮野渡,1
11769,杯浮野渡魚,1
11770,浮野渡魚龍,1
11771,野渡魚龍遠,1
11772,渡魚龍遠錫,1
11773,魚龍遠錫響,1
11774,龍遠錫響空,1
11775,遠錫響空山,1
11776,錫響空山虎,1
11777,響空山虎豹,1
11778,空山虎豹驚,1
11779,山虎豹驚一,1
11780,虎豹驚一字,1
11781,豹驚一字不,1
11782,驚一字不留,1
11783,一字不留何,1
11784,字不留何足,1
11785,不留何足訝,1
11786,留何足訝白,1
11787,何足訝白雲,1
11788,足訝白雲無,1
11789,訝白雲無路,1
11790,白雲無路水,1
11791,雲無路水無,1
11792,無路水無情,1
11793,路水無情廣,1
11794,水無情廣陵,1
11795,無情廣陵花,1
11796,情廣陵花盛,1
11797,廣陵花盛帝,1
11798,陵花盛帝東,1
11799,花盛帝東遊,1
11800,盛帝東遊先,1
11801,帝東遊先劈,1
11802,東遊先劈昆,1
11803,遊先劈昆侖,1
11804,先劈昆侖一,1
11805,劈昆侖一派,1
11806,昆侖一派流,1
11807,侖一派流百,1
11808,一派流百二,1
11809,派流百二禁,1
11810,流百二禁兵,1
11811,百二禁兵辭,1
11812,二禁兵辭象,1
11813,禁兵辭象闕,1
11814,兵辭象闕三,1
11815,辭象闕三千,1
11816,象闕三千宮,1
11817,闕三千宮女,1
11818,三千宮女下,1
11819,千宮女下龍,1
11820,宮女下龍舟,1
11821,女下龍舟凝,1
11822,下龍舟凝雲,1
11823,龍舟凝雲鼓,1
11824,舟凝雲鼓震,1
11825,凝雲鼓震星,1
11826,雲鼓震星辰,1
11827,鼓震星辰動,1
11828,震星辰動拂,1
11829,星辰動拂浪,1
11830,辰動拂浪旗,1
11831,動拂浪旗開,1
11832,拂浪旗開日,1
11833,浪旗開日月,1
11834,旗開日月浮,1
11835,開日月浮四,1
11836,日月浮四海,1
11837,月浮四海義,1
11838,浮四海義師,1
11839,四海義師歸,1
11840,海義師歸有,1
11841,義師歸有道,1
11842,師歸有道迷,1
11843,歸有道迷樓,1
11844,有道迷樓還,1
11845,道迷樓還似,1
11846,迷樓還似景,1
11847,樓還似景陽,1
11848,還似景陽樓,1
11849,似景陽樓自,1
11850,景陽樓自翦,1
11851,陽樓自翦青,1
11852,樓自翦青莎,1
11853,自翦青莎織,1
11854,翦青莎織雨,1
11855,青莎織雨衣,1
11856,莎織雨衣南,1
11857,織雨衣南峰,1
11858,雨衣南峰煙,1
11859,衣南峰煙火,1
11860,南峰煙火是,1
11861,峰煙火是柴,1
11862,煙火是柴扉,1
11863,火是柴扉萊,1
11864,是柴扉萊妻,1
11865,柴扉萊妻早,1
11866,扉萊妻早報,1
11867,萊妻早報蒸,1
11868,妻早報蒸藜,1
11869,早報蒸藜熟,1
11870,報蒸藜熟童,1
11871,蒸藜熟童子,1
11872,藜熟童子遙,1
11873,熟童子遙迎,1
11874,童子遙迎種,1
11875,子遙迎種豆,1
11876,遙迎種豆歸,1
11877,迎種豆歸魚,1
11878,種豆歸魚下,1
11879,豆歸魚下碧,1
11880,歸魚下碧潭,1
11881,魚下碧潭當,1
11882,下碧潭當鏡,1
11883,碧潭當鏡躍,1
11884,潭當鏡躍鳥,1
11885,當鏡躍鳥還,1
11886,鏡躍鳥還青,1
11887,躍鳥還青嶂,1
11888,鳥還青嶂拂,1
11889,還青嶂拂屏,1
11890,青嶂拂屏飛,1
11891,嶂拂屏飛花,1
11892,拂屏飛花時,1
11893,屏飛花時未,1
11894,飛花時未免,1
11895,花時未免人,1
11896,時未免人來,1
11897,未免人來往,1
11898,免人來往欲,1
11899,人來往欲買,1
11900,來往欲買嚴,1
11901,往欲買嚴光,1
11902,欲買嚴光舊,1
11903,買嚴光舊釣,1
11904,嚴光舊釣磯,1
11905,光舊釣磯尚,1
11906,舊釣磯尚平,1
11907,釣磯尚平多,1
11908,磯尚平多累,1
11909,尚平多累自,1
11910,平多累自歸,1
11911,多累自歸難,1
11912,累自歸難一,1
11913,自歸難一日,1
11914,歸難一日身,1
11915,難一日身閑,1
11916,一日身閑一,1
11917,日身閑一日,1
11918,身閑一日安,1
11919,閑一日安山,1
11920,一日安山徑,1
11921,日安山徑曉,1
11922,安山徑曉雲,1
11923,山徑曉雲收,1
11924,徑曉雲收獵,1
11925,曉雲收獵網,1
11926,雲收獵網水,1
11927,收獵網水門,1
11928,獵網水門涼,1
11929,網水門涼月,1
11930,水門涼月掛,1
11931,門涼月掛魚,1
11932,涼月掛魚竿,1
11933,月掛魚竿花,1
11934,掛魚竿花間,1
11935,魚竿花間酒,1
11936,竿花間酒氣,1
11937,花間酒氣春,1
11938,間酒氣春風,1
11939,酒氣春風暖,1
11940,氣春風暖竹,1
11941,春風暖竹裏,1
11942,風暖竹裏棋,1
11943,暖竹裏棋聲,1
11944,竹裏棋聲暮,1
11945,裏棋聲暮雨,1
11946,棋聲暮雨寒,1
11947,聲暮雨寒三,1
11948,暮雨寒三頃,1
11949,雨寒三頃水,1
11950,寒三頃水田,1
11951,三頃水田秋,1
11952,頃水田秋更,1
11953,水田秋更熟,1
11954,田秋更熟北,1
11955,秋更熟北窗,1
11956,更熟北窗誰,1
11957,熟北窗誰拂,1
11958,北窗誰拂舊,1
11959,窗誰拂舊塵,1
11960,誰拂舊塵冠,1
11961,拂舊塵冠欲,1
11962,舊塵冠欲寄,1
11963,塵冠欲寄家,1
11964,冠欲寄家書,1
11965,欲寄家書少,1
11966,寄家書少客,1
11967,家書少客過,1
11968,書少客過閉,1
11969,少客過閉門,1
11970,客過閉門心,1
11971,過閉門心遠,1
11972,閉門心遠洞,1
11973,門心遠洞庭,1
11974,心遠洞庭波,1
11975,遠洞庭波兩,1
11976,洞庭波兩岩,1
11977,庭波兩岩花,1
11978,波兩岩花落,1
11979,兩岩花落夜,1
11980,岩花落夜風,1
11981,花落夜風急,1
11982,落夜風急一,1
11983,夜風急一徑,1
11984,風急一徑草,1
11985,急一徑草荒,1
11986,一徑草荒春,1
11987,徑草荒春雨,1
11988,草荒春雨多,1
11989,荒春雨多愁,1
11990,春雨多愁泛,1
11991,雨多愁泛楚,1
11992,多愁泛楚江,1
11993,愁泛楚江吟,1
11994,泛楚江吟浩,1
11995,楚江吟浩渺,1
11996,江吟浩渺憶,1
11997,吟浩渺憶歸,1
11998,浩渺憶歸吳,1
11999,渺憶歸吳岫,1
12000,憶歸吳岫夢,1
12001,歸吳岫夢嵯,1
12002,吳岫夢嵯峨,1
12003,岫夢嵯峨貧,1
12004,夢嵯峨貧居,1
12005,嵯峨貧居不,1
12006,峨貧居不問,1
12007,貧居不問應,1
12008,居不問應知,1
12009,不問應知處,1
12010,問應知處溪,1
12011,應知處溪上,1
12012,知處溪上閑,1
12013,處溪上閑船,1
12014,溪上閑船系,1
12015,上閑船系綠,1
12016,閑船系綠蘿,1
12017,船系綠蘿政,1
12018,系綠蘿政成,1
12019,綠蘿政成身,1
12020,蘿政成身沒,1
12021,政成身沒共,1
12022,成身沒共興,1
12023,身沒共興衰,1
12024,沒共興衰鄉,1
12025,共興衰鄉路,1
12026,興衰鄉路兵,1
12027,衰鄉路兵戈,1
12028,鄉路兵戈旅,1
12029,路兵戈旅櫬,1
12030,兵戈旅櫬回,1
12031,戈旅櫬回城,1
12032,旅櫬回城上,1
12033,櫬回城上暮,1
12034,回城上暮雲,1
12035,城上暮雲凝,1
12036,上暮雲凝鼓,1
12037,暮雲凝鼓角,1
12038,雲凝鼓角海,1
12039,凝鼓角海邊,1
12040,鼓角海邊春,1
12041,角海邊春草,1
12042,海邊春草閉,1
12043,邊春草閉池,1
12044,春草閉池台,1
12045,草閉池台經,1
12046,閉池台經年,1
12047,池台經年未,1
12048,台經年未葬,1
12049,經年未葬家,1
12050,年未葬家人,1
12051,未葬家人散,1
12052,葬家人散昨,1
12053,家人散昨夜,1
12054,人散昨夜因,1
12055,散昨夜因齋,1
12056,昨夜因齋故,1
12057,夜因齋故吏,1
12058,因齋故吏來,1
12059,齋故吏來南,1
12060,故吏來南北,1
12061,吏來南北相,1
12062,來南北相逢,1
12063,南北相逢皆,1
12064,北相逢皆掩,1
12065,相逢皆掩泣,1
12066,逢皆掩泣白,1
12067,皆掩泣白蘋,1
12068,掩泣白蘋洲,1
12069,泣白蘋洲暖,1
12070,白蘋洲暖百,1
12071,蘋洲暖百花,1
12072,洲暖百花開,1
12073,暖百花開楚,1
12074,百花開楚客,1
12075,花開楚客送,1
12076,開楚客送僧,1
12077,客送僧歸桂,1
12078,送僧歸桂陽,1
12079,僧歸桂陽海,1
12080,歸桂陽海門,1
12081,桂陽海門帆,1
12082,陽海門帆勢,1
12083,聲春思長柳,1
12084,春思長柳絮,1
12085,思長柳絮擁,1
12086,長柳絮擁堤,1
12087,柳絮擁堤添,1
12088,絮擁堤添衲,1
12089,擁堤添衲軟,1
12090,堤添衲軟松,1
12091,添衲軟松花,1
12092,衲軟松花浮,1
12093,軟松花浮水,1
12094,松花浮水注,1
12095,花浮水注瓶,1
12096,浮水注瓶香,1
12097,水注瓶香南,1
12098,注瓶香南京,1
12099,瓶香南京長,1
12100,香南京長老,1
12101,南京長老幾,1
12102,京長老幾年,1
12103,長老幾年別,1
12104,老幾年別聞,1
12105,幾年別聞道,1
12106,年別聞道半,1
12107,別聞道半岩,1
12108,聞道半岩多,1
12109,道半岩多影,1
12110,半岩多影堂,1
12111,岩多影堂垂,1
12112,多影堂垂釣,1
12113,影堂垂釣京,1
12114,堂垂釣京江,1
12115,垂釣京江欲,1
12116,釣京江欲白,1
12117,京江欲白頭,1
12118,江欲白頭江,1
12119,欲白頭江魚,1
12120,白頭江魚堪,1
12121,頭江魚堪釣,1
12122,江魚堪釣卻,1
12123,魚堪釣卻西,1
12124,堪釣卻西遊,1
12125,釣卻西遊劉,1
12126,卻西遊劉伶,1
12127,西遊劉伶台,1
12128,遊劉伶台下,1
12129,劉伶台下稻,1
12130,伶台下稻花,1
12131,台下稻花晚,1
12132,下稻花晚韓,1
12133,稻花晚韓信,1
12134,花晚韓信廟,1
12135,晚韓信廟前,1
12136,韓信廟前楓,1
12137,信廟前楓葉,1
12138,廟前楓葉秋,1
12139,前楓葉秋淮,1
12140,楓葉秋淮月,1
12141,葉秋淮月未,1
12142,秋淮月未明,1
12143,淮月未明先,1
12144,月未明先倚,1
12145,未明先倚檻,1
12146,明先倚檻海,1
12147,先倚檻海雲,1
12148,倚檻海雲初,1
12149,檻海雲初起,1
12150,海雲初起更,1
12151,雲初起更維,1
12152,初起更維舟,1
12153,起更維舟河,1
12154,更維舟河橋,1
12155,維舟河橋有,1
12156,舟河橋有酒,1
12157,河橋有酒無,1
12158,橋有酒無人,1
12159,有酒無人醉,1
12160,酒無人醉獨,1
12161,無人醉獨上,1
12162,人醉獨上高,1
12163,醉獨上高城,1
12164,獨上高城望,1
12165,上高城望庾,1
12166,高城望庾樓,1
12167,城望庾樓修,1
12168,望庾樓修蛾,1
12169,庾樓修蛾顰,1
12170,樓修蛾顰翠,1
12171,修蛾顰翠倚,1
12172,蛾顰翠倚柔,1
12173,顰翠倚柔桑,1
12174,翠倚柔桑遙,1
12175,倚柔桑遙謝,1
12176,柔桑遙謝春,1
12177,桑遙謝春風,1
12178,遙謝春風白,1
12179,謝春風白麵,1
12180,春風白麵郎,1
12181,風白麵郎五,1
12182,白麵郎五夜,1
12183,麵郎五夜有,1
12184,郎五夜有情,1
12185,五夜有情隨,1
12186,夜有情隨暮,1
12187,有情隨暮雨,1
12188,情隨暮雨百,1
12189,裙碧草長何,1
12190,碧草長何處,1
12191,草長何處野,1
12192,長何處野花,1
12193,何處野花何,1
12194,處野花何處,1
12195,野花何處水,1
12196,花何處水下,1
12197,何處水下峰,1
12198,處水下峰流,1
12199,水下峰流出,1
12200,下峰流出一,1
12201,峰流出一渠,1
12202,流出一渠香,1
12203,出一渠香蓮,1
12204,一渠香蓮府,1
12205,渠香蓮府公,1
12206,香蓮府公卿,1
12207,蓮府公卿拜,1
12208,府公卿拜後,1
12209,公卿拜後塵,1
12210,卿拜後塵手,1
12211,拜後塵手持,1
12212,後塵手持優,1
12213,塵手持優詔,1
12214,手持優詔掛,1
12215,持優詔掛朱,1
12216,優詔掛朱輪,1
12217,詔掛朱輪從,1
12218,掛朱輪從軍,1
12219,朱輪從軍幕,1
12220,輪從軍幕下,1
12221,從軍幕下三,1
12222,軍幕下三千,1
12223,幕下三千客,1
12224,下三千客聞,1
12225,三千客聞禮,1
12226,千客聞禮庭,1
12227,客聞禮庭中,1
12228,聞禮庭中七,1
12229,禮庭中七十,1
12230,庭中七十人,1
12231,中七十人錦,1
12232,七十人錦帳,1
12233,十人錦帳麗,1
12234,人錦帳麗詞,1
12235,錦帳麗詞推,1
12236,帳麗詞推北,1
12237,麗詞推北巷,1
12238,詞推北巷畫,1
12239,推北巷畫堂,1
12240,北巷畫堂清,1
12241,巷畫堂清樂,1
12242,畫堂清樂掩,1
12243,堂清樂掩南,1
12244,清樂掩南鄰,1
12245,樂掩南鄰豈,1
12246,掩南鄰豈同,1
12247,南鄰豈同王,1
12248,鄰豈同王謝,1
12249,豈同王謝山,1
12250,同王謝山陰,1
12251,王謝山陰會,1
12252,謝山陰會空,1
12253,山陰會空敘,1
12254,陰會空敘流,1
12255,會空敘流杯,1
12256,空敘流杯醉,1
12257,敘流杯醉暮,1
12258,流杯醉暮春,1
12259,杯醉暮春桂,1
12260,醉暮春桂香,1
12261,暮春桂香松,1
12262,春桂香松暖,1
12263,桂香松暖廟,1
12264,香松暖廟門,1
12265,松暖廟門開,1
12266,暖廟門開獨,1
12267,廟門開獨瀉,1
12268,門開獨瀉椒,1
12269,開獨瀉椒漿,1
12270,獨瀉椒漿奠,1
12271,瀉椒漿奠一,1
12272,椒漿奠一杯,1
12273,漿奠一杯秦,1
12274,奠一杯秦法,1
12275,一杯秦法欲,1
12276,杯秦法欲興,1
12277,秦法欲興鴻,1
12278,法欲興鴻已,1
12279,欲興鴻已去,1
12280,興鴻已去漢,1
12281,鴻已去漢儲,1
12282,已去漢儲將,1
12283,去漢儲將廢,1
12284,漢儲將廢鳳,1
12285,儲將廢鳳還,1
12286,將廢鳳還來,1
12287,廢鳳還來紫,1
12288,鳳還來紫芝,1
12289,還來紫芝翳,1
12290,來紫芝翳翳,1
12291,紫芝翳翳多,1
12292,芝翳翳多青,1
12293,翳翳多青草,1
12294,翳多青草白,1
12295,多青草白石,1
12296,青草白石蒼,1
12297,草白石蒼蒼,1
12298,白石蒼蒼半,1
12299,石蒼蒼半綠,1
12300,蒼蒼半綠苔,1
12301,蒼半綠苔山,1
12302,半綠苔山下,1
12303,綠苔山下驛,1
12304,苔山下驛塵,1
12305,山下驛塵南,1
12306,下驛塵南竄,1
12307,驛塵南竄路,1
12308,塵南竄路不,1
12309,南竄路不知,1
12310,竄路不知冠,1
12311,路不知冠蓋,1
12312,不知冠蓋幾,1
12313,知冠蓋幾人,1
12314,冠蓋幾人回,1
12315,蓋幾人回待,1
12316,幾人回待月,1
12317,人回待月東,1
12318,回待月東林,1
12319,待月東林月,1
12320,月東林月正,1
12321,東林月正圓,1
12322,林月正圓廣,1
12323,月正圓廣庭,1
12324,正圓廣庭無,1
12325,圓廣庭無樹,1
12326,廣庭無樹草,1
12327,庭無樹草無,1
12328,無樹草無煙,1
12329,樹草無煙中,1
12330,草無煙中秋,1
12331,無煙中秋雲,1
12332,煙中秋雲盡,1
12333,中秋雲盡出,1
12334,秋雲盡出滄,1
12335,雲盡出滄海,1
12336,盡出滄海半,1
12337,出滄海半夜,1
12338,滄海半夜露,1
12339,海半夜露寒,1
12340,半夜露寒當,1
12341,夜露寒當碧,1
12342,露寒當碧天,1
12343,寒當碧天輪,1
12344,當碧天輪彩,1
12345,碧天輪彩漸,1
12346,天輪彩漸移,1
12347,輪彩漸移金,1
12348,彩漸移金殿,1
12349,漸移金殿外,1
12350,移金殿外鏡,1
12351,金殿外鏡光,1
12352,殿外鏡光猶,1
12353,外鏡光猶掛,1
12354,鏡光猶掛玉,1
12355,光猶掛玉樓,1
12356,猶掛玉樓前,1
12357,掛玉樓前莫,1
12358,玉樓前莫辭,1
12359,樓前莫辭達,1
12360,前莫辭達曙,1
12361,莫辭達曙殷,1
12362,辭達曙殷勤,1
12363,達曙殷勤望,1
12364,曙殷勤望一,1
12365,殷勤望一墮,1
12366,勤望一墮西,1
12367,望一墮西岩,1
12368,一墮西岩又,1
12369,墮西岩又來,1
12370,西岩又來年,1
12371,岩又來年樓,1
12372,又來年樓船,1
12373,來年樓船旌,1
12374,年樓船旌旆,1
12375,樓船旌旆極,1
12376,船旌旆極天,1
12377,旌旆極天涯,1
12378,旆極天涯一,1
12379,極天涯一劍,1
12380,天涯一劍從,1
12381,涯一劍從軍,1
12382,一劍從軍兩,1
12383,劍從軍兩鬢,1
12384,從軍兩鬢華,1
12385,軍兩鬢華回,1
12386,兩鬢華回日,1
12387,鬢華回日眼,1
12388,華回日眼明,1
12389,回日眼明河,1
12390,日眼明河畔,1
12391,眼明河畔草,1
12392,明河畔草去,1
12393,河畔草去時,1
12394,畔草去時腸,1
12395,草去時腸斷,1
12396,去時腸斷嶺,1
12397,時腸斷嶺頭,1
12398,腸斷嶺頭花,1
12399,斷嶺頭花陶,1
12400,嶺頭花陶詩,1
12401,頭花陶詩盡,1
12402,花陶詩盡寫,1
12403,陶詩盡寫行,1
12404,詩盡寫行過,1
12405,盡寫行過縣,1
12406,寫行過縣張,1
12407,行過縣張賦,1
12408,過縣張賦初,1
12409,縣張賦初成,1
12410,張賦初成臥,1
12411,賦初成臥到,1
12412,初成臥到家,1
12413,成臥到家官,1
12414,臥到家官滿,1
12415,到家官滿知,1
12416,家官滿知君,1
12417,官滿知君有,1
12418,滿知君有歸,1
12419,知君有歸處,1
12420,君有歸處姑,1
12421,有歸處姑蘇,1
12422,歸處姑蘇臺,1
12423,處姑蘇臺上,1
12424,姑蘇臺上舊,1
12425,蘇臺上舊煙,1
12426,臺上舊煙霞,1
12427,上舊煙霞武,1
12428,舊煙霞武牢,1
12429,煙霞武牢關,1
12430,霞武牢關下,1
12431,武牢關下護,1
12432,牢關下護龍,1
12433,關下護龍旗,1
12434,下護龍旗挾,1
12435,護龍旗挾槊,1
12436,龍旗挾槊彎,1
12437,旗挾槊彎弧,1
12438,挾槊彎弧馬,1
12439,槊彎弧馬上,1
12440,彎弧馬上飛,1
12441,弧馬上飛漢,1
12442,馬上飛漢業,1
12443,上飛漢業未,1
12444,飛漢業未興,1
12445,漢業未興王,1
12446,業未興王霸,1
12447,未興王霸在,1
12448,興王霸在秦,1
12449,王霸在秦軍,1
12450,霸在秦軍才,1
12451,在秦軍才散,1
12452,秦軍才散魯,1
12453,軍才散魯連,1
12454,才散魯連歸,1
12455,散魯連歸墳,1
12456,魯連歸墳穿,1
12457,連歸墳穿大,1
12458,歸墳穿大澤,1
12459,墳穿大澤埋,1
12460,穿大澤埋金,1
12461,大澤埋金劍,1
12462,澤埋金劍廟,1
12463,埋金劍廟枕,1
12464,金劍廟枕長,1
12465,劍廟枕長溪,1
12466,廟枕長溪掛,1
12467,枕長溪掛鐵,1
12468,長溪掛鐵衣,1
12469,溪掛鐵衣欲,1
12470,掛鐵衣欲奠,1
12471,鐵衣欲奠忠,1
12472,衣欲奠忠魂,1
12473,欲奠忠魂何,1
12474,奠忠魂何處,1
12475,忠魂何處問,1
12476,魂何處問葦,1
12477,何處問葦花,1
12478,處問葦花楓,1
12479,問葦花楓葉,1
12480,葦花楓葉雨,1
12481,花楓葉雨霏,1
12482,楓葉雨霏霏,1
12483,葉雨霏霏犬,1
12484,雨霏霏犬吠,1
12485,霏霏犬吠雙,1
12486,霏犬吠雙岩,1
12487,犬吠雙岩碧,1
12488,吠雙岩碧樹,1
12489,雙岩碧樹間,1
12490,岩碧樹間主,1
12491,碧樹間主人,1
12492,樹間主人朝,1
12493,間主人朝出,1
12494,主人朝出半,1
12495,人朝出半開,1
12496,朝出半開關,1
12497,出半開關湯,1
12498,半開關湯師,1
12499,開關湯師閣,1
12500,關湯師閣上,1
12501,湯師閣上留,1
12502,師閣上留詩,1
12503,閣上留詩別,1
12504,上留詩別杜,1
12505,留詩別杜叟,1
12506,詩別杜叟橋,1
12507,別杜叟橋邊,1
12508,杜叟橋邊載,1
12509,叟橋邊載酒,1
12510,橋邊載酒還,1
12511,邊載酒還櫟,1
12512,載酒還櫟塢,1
12513,酒還櫟塢炭,1
12514,還櫟塢炭煙,1
12515,櫟塢炭煙晴,1
12516,塢炭煙晴過,1
12517,炭煙晴過嶺,1
12518,煙晴過嶺蓼,1
12519,晴過嶺蓼村,1
12520,過嶺蓼村漁,1
12521,嶺蓼村漁火,1
12522,蓼村漁火夜,1
12523,村漁火夜移,1
12524,漁火夜移灣,1
12525,火夜移灣故,1
12526,夜移灣故鄉,1
12527,移灣故鄉蕪,1
12528,灣故鄉蕪沒,1
12529,故鄉蕪沒兵,1
12530,鄉蕪沒兵戈,1
12531,蕪沒兵戈後,1
12532,沒兵戈後憑,1
12533,兵戈後憑向,1
12534,戈後憑向溪,1
12535,後憑向溪南,1
12536,憑向溪南買,1
12537,向溪南買一,1
12538,溪南買一山,1
12539,南買一山結,1
12540,買一山結束,1
12541,一山結束征,1
12542,山結束征東,1
12543,結束征東換,1
12544,束征東換黑,1
12545,征東換黑貂,1
12546,東換黑貂灞,1
12547,換黑貂灞西,1
12548,黑貂灞西風,1
12549,貂灞西風雨,1
12550,灞西風雨正,1
12551,西風雨正瀟,1
12552,風雨正瀟瀟,1
12553,雨正瀟瀟茂,1
12554,正瀟瀟茂陵,1
12555,瀟瀟茂陵久,1
12556,瀟茂陵久病,1
12557,茂陵久病書,1
12558,陵久病書千,1
12559,久病書千卷,1
12560,病書千卷彭,1
12561,書千卷彭澤,1
12562,千卷彭澤初,1
12563,卷彭澤初歸,1
12564,彭澤初歸酒,1
12565,澤初歸酒一,1
12566,初歸酒一瓢,1
12567,歸酒一瓢帆,1
12568,酒一瓢帆背,1
12569,一瓢帆背夕,1
12570,瓢帆背夕陽,1
12571,帆背夕陽湓,1
12572,背夕陽湓水,1
12573,夕陽湓水闊,1
12574,陽湓水闊棹,1
12575,湓水闊棹經,1
12576,水闊棹經滄,1
12577,闊棹經滄海,1
12578,棹經滄海甑,1
12579,經滄海甑山,1
12580,滄海甑山遙,1
12581,海甑山遙殷,1
12582,甑山遙殷勤,1
12583,山遙殷勤為,1
12584,遙殷勤為謝,1
12585,殷勤為謝南,1
12586,勤為謝南溪,1
12587,為謝南溪客,1
12588,謝南溪客白,1
12589,南溪客白首,1
12590,溪客白首螢,1
12591,客白首螢窗,1
12592,白首螢窗未,1
12593,首螢窗未見,1
12594,螢窗未見招,1
12595,窗未見招南,1
12596,未見招南國,1
12597,見招南國多,1
12598,招南國多情,1
12599,南國多情多,1
12600,國多情多豔,1
12601,多情多豔詞,1
12602,情多豔詞鷓,1
12603,多豔詞鷓鴣,1
12604,豔詞鷓鴣清,1
12605,詞鷓鴣清怨,1
12606,鷓鴣清怨繞,1
12607,鴣清怨繞梁,1
12608,清怨繞梁飛,1
12609,怨繞梁飛甘,1
12610,繞梁飛甘棠,1
12611,梁飛甘棠城,1
12612,飛甘棠城上,1
12613,甘棠城上客,1
12614,棠城上客先,1
12615,城上客先醉,1
12616,上客先醉苦,1
12617,客先醉苦竹,1
12618,先醉苦竹嶺,1
12619,醉苦竹嶺頭,1
12620,苦竹嶺頭人,1
12621,竹嶺頭人未,1
12622,嶺頭人未歸,1
12623,頭人未歸響,1
12624,人未歸響轉,1
12625,未歸響轉碧,1
12626,歸響轉碧霄,1
12627,響轉碧霄雲,1
12628,轉碧霄雲駐,1
12629,碧霄雲駐影,1
12630,霄雲駐影曲,1
12631,雲駐影曲終,1
12632,駐影曲終清,1
12633,影曲終清漏,1
12634,曲終清漏月,1
12635,終清漏月沈,1
12636,清漏月沈暉,1
12637,漏月沈暉山,1
12638,月沈暉山行,1
12639,沈暉山行水,1
12640,暉山行水宿,1
12641,山行水宿不,1
12642,行水宿不知,1
12643,水宿不知遠,1
12644,宿不知遠猶,1
12645,不知遠猶夢,1
12646,知遠猶夢玉,1
12647,遠猶夢玉釵,1
12648,猶夢玉釵金,1
12649,夢玉釵金縷,1
12650,玉釵金縷衣,1
12651,釵金縷衣三,1
12652,金縷衣三面,1
12653,縷衣三面樓,1
12654,衣三面樓臺,1
12655,三面樓臺百,1
12656,面樓臺百丈,1
12657,樓臺百丈峰,1
12658,臺百丈峰西,1
12659,百丈峰西岩,1
12660,丈峰西岩高,1
12661,峰西岩高枕,1
12662,西岩高枕樹,1
12663,岩高枕樹重,1
12664,高枕樹重重,1
12665,枕樹重重晴,1
12666,樹重重晴攀,1
12667,重重晴攀翠,1
12668,重晴攀翠竹,1
12669,晴攀翠竹題,1
12670,攀翠竹題詩,1
12671,翠竹題詩滑,1
12672,竹題詩滑秋,1
12673,題詩滑秋摘,1
12674,詩滑秋摘黃,1
12675,滑秋摘黃花,1
12676,秋摘黃花釀,1
12677,摘黃花釀酒,1
12678,釀酒濃山殿,1
12679,酒濃山殿日,1
12680,濃山殿日斜,1
12681,山殿日斜喧,1
12682,殿日斜喧鳥,1
12683,動戲魚龍今,1
12684,戲魚龍今來,1
12685,魚龍今來故,1
12686,龍今來故國,1
12687,今來故國遙,1
12688,來故國遙相,1
12689,故國遙相憶,1
12690,國遙相憶月,1
12691,遙相憶月照,1
12692,相憶月照千,1
12693,憶月照千山,1
12694,月照千山半,1
12695,照千山半夜,1
12696,千山半夜鐘,1
12697,山半夜鐘蜀,1
12698,半夜鐘蜀客,1
12699,夜鐘蜀客操,1
12700,鐘蜀客操琴,1
12701,蜀客操琴吳,1
12702,客操琴吳女,1
12703,操琴吳女歌,1
12704,琴吳女歌明,1
12705,吳女歌明珠,1
12706,女歌明珠十,1
12707,歌明珠十斛,1
12708,明珠十斛是,1
12709,珠十斛是天,1
12710,十斛是天河,1
12711,斛是天河霜,1
12712,是天河霜凝,1
12713,天河霜凝薜,1
12714,河霜凝薜荔,1
12715,霜凝薜荔怯,1
12716,凝薜荔怯秋,1
12717,薜荔怯秋樹,1
12718,荔怯秋樹露,1
12719,怯秋樹露滴,1
12720,秋樹露滴芙,1
12721,樹露滴芙蓉,1
12722,露滴芙蓉愁,1
12723,滴芙蓉愁晚,1
12724,芙蓉愁晚波,1
12725,蓉愁晚波蘭,1
12726,愁晚波蘭浦,1
12727,晚波蘭浦遠,1
12728,波蘭浦遠鄉,1
12729,蘭浦遠鄉應,1
12730,浦遠鄉應解,1
12731,遠鄉應解佩,1
12732,鄉應解佩柳,1
12733,應解佩柳堤,1
12734,解佩柳堤殘,1
12735,佩柳堤殘月,1
12736,柳堤殘月未,1
12737,堤殘月未鳴,1
12738,殘月未鳴珂,1
12739,月未鳴珂西,1
12740,未鳴珂西樓,1
12741,鳴珂西樓沉,1
12742,珂西樓沉醉,1
12743,西樓沉醉不,1
12744,樓沉醉不知,1
12745,沉醉不知散,1
12746,醉不知散潮,1
12747,不知散潮落,1
12748,知散潮落洞,1
12749,散潮落洞庭,1
12750,潮落洞庭洲,1
12751,落洞庭洲渚,1
12752,洞庭洲渚多,1
12753,庭洲渚多瘴,1
12754,洲渚多瘴霧,1
12755,渚多瘴霧南,1
12756,多瘴霧南邊,1
12757,瘴霧南邊久,1
12758,霧南邊久寄,1
12759,南邊久寄家,1
12760,邊久寄家海,1
12761,久寄家海中,1
12762,寄家海中來,1
12763,家海中來往,1
12764,海中來往信,1
12765,中來往信流,1
12766,來往信流槎,1
12767,往信流槎林,1
12768,信流槎林藏,1
12769,流槎林藏狒,1
12770,槎林藏狒狒,1
12771,林藏狒狒多,1
12772,藏狒狒多殘,1
12773,狒狒多殘筍,1
12774,狒多殘筍樹,1
12775,多殘筍樹過,1
12776,殘筍樹過猩,1
12777,筍樹過猩猩,1
12778,樹過猩猩少,1
12779,過猩猩少落,1
12780,猩猩少落花,1
12781,猩少落花深,1
12782,少落花深洞,1
12783,落花深洞有,1
12784,花深洞有雲,1
12785,深洞有雲龍,1
12786,洞有雲龍蛻,1
12787,有雲龍蛻骨,1
12788,雲龍蛻骨半,1
12789,龍蛻骨半岩,1
12790,蛻骨半岩無,1
12791,骨半岩無草,1
12792,半岩無草象,1
12793,岩無草象生,1
12794,無草象生牙,1
12795,草象生牙知,1
12796,象生牙知君,1
12797,生牙知君愛,1
12798,牙知君愛宿,1
12799,知君愛宿層,1
12800,君愛宿層峰,1
12801,愛宿層峰頂,1
12802,宿層峰頂坐,1
12803,層峰頂坐到,1
12804,峰頂坐到三,1
12805,頂坐到三更,1
12806,坐到三更見,1
12807,到三更見日,1
12808,三更見日華,1
12809,更見日華趙,1
12810,見日華趙佗,1
12811,日華趙佗西,1
12812,華趙佗西拜,1
12813,趙佗西拜已,1
12814,佗西拜已登,1
12815,西拜已登壇,1
12816,拜已登壇馬,1
12817,已登壇馬援,1
12818,登壇馬援南,1
12819,壇馬援南征,1
12820,馬援南征土,1
12821,援南征土宇,1
12822,南征土宇寬,1
12823,征土宇寬越,1
12824,土宇寬越國,1
12825,宇寬越國舊,1
12826,寬越國舊無,1
12827,越國舊無唐,1
12828,國舊無唐印,1
12829,舊無唐印綬,1
12830,無唐印綬蠻,1
12831,唐印綬蠻鄉,1
12832,印綬蠻鄉今,1
12833,綬蠻鄉今有,1
12834,蠻鄉今有漢,1
12835,鄉今有漢衣,1
12836,今有漢衣冠,1
12837,有漢衣冠江,1
12838,漢衣冠江雲,1
12839,衣冠江雲帶,1
12840,冠江雲帶日,1
12841,江雲帶日秋,1
12842,雲帶日秋偏,1
12843,帶日秋偏熱,1
12844,日秋偏熱海,1
12845,秋偏熱海雨,1
12846,偏熱海雨隨,1
12847,熱海雨隨風,1
12848,海雨隨風夏,1
12849,雨隨風夏亦,1
12850,隨風夏亦寒,1
12851,風夏亦寒嶺,1
12852,夏亦寒嶺北,1
12853,亦寒嶺北歸,1
12854,寒嶺北歸人,1
12855,嶺北歸人莫,1
12856,北歸人莫回,1
12857,歸人莫回首,1
12858,人莫回首蓼,1
12859,莫回首蓼花,1
12860,回首蓼花楓,1
12861,首蓼花楓葉,1
12862,蓼花楓葉萬,1
12863,花楓葉萬重,1
12864,楓葉萬重灘,1
12865,葉萬重灘碧,1
12866,萬重灘碧樹,1
12867,重灘碧樹蒼,1
12868,灘碧樹蒼蒼,1
12869,碧樹蒼蒼茂,1
12870,樹蒼蒼茂苑,1
12871,蒼蒼茂苑東,1
12872,蒼茂苑東佳,1
12873,茂苑東佳期,1
12874,苑東佳期迢,1
12875,東佳期迢遞,1
12876,佳期迢遞路,1
12877,期迢遞路何,1
12878,迢遞路何窮,1
12879,遞路何窮一,1
12880,路何窮一聲,1
12881,何窮一聲山,1
12882,窮一聲山鳥,1
12883,一聲山鳥曙,1
12884,聲山鳥曙雲,1
12885,山鳥曙雲外,1
12886,鳥曙雲外萬,1
12887,曙雲外萬點,1
12888,雲外萬點水,1
12889,外萬點水螢,1
12890,萬點水螢秋,1
12891,點水螢秋草,1
12892,水螢秋草中,1
12893,螢秋草中門,1
12894,秋草中門掩,1
12895,草中門掩竹,1
12896,中門掩竹齋,1
12897,門掩竹齋微,1
12898,掩竹齋微有,1
12899,竹齋微有月,1
12900,齋微有月棹,1
12901,微有月棹移,1
12902,有月棹移蘭,1
12903,月棹移蘭渚,1
12904,棹移蘭渚淡,1
12905,移蘭渚淡無,1
12906,蘭渚淡無風,1
12907,渚淡無風欲,1
12908,淡無風欲知,1
12909,無風欲知此,1
12910,風欲知此路,1
12911,欲知此路堪,1
12912,知此路堪惆,1
12913,此路堪惆悵,1
12914,路堪惆悵菱,1
12915,堪惆悵菱葉,1
12916,惆悵菱葉蓼,1
12917,悵菱葉蓼花,1
12918,菱葉蓼花連,1
12919,葉蓼花連故,1
12920,蓼花連故宮,1
12921,花連故宮一,1
12922,連故宮一章,1
12923,故宮一章西,1
12924,宮一章西奏,1
12925,一章西奏拜,1
12926,章西奏拜仙,1
12927,西奏拜仙曹,1
12928,奏拜仙曹回,1
12929,拜仙曹回馬,1
12930,仙曹回馬天,1
12931,曹回馬天津,1
12932,回馬天津北,1
12933,馬天津北望,1
12934,天津北望勞,1
12935,津北望勞寒,1
12936,北望勞寒水,1
12937,望勞寒水欲,1
12938,勞寒水欲春,1
12939,寒水欲春冰,1
12940,水欲春冰彩,1
12941,欲春冰彩薄,1
12942,春冰彩薄曉,1
12943,冰彩薄曉山,1
12944,彩薄曉山初,1
12945,薄曉山初霽,1
12946,曉山初霽雪,1
12947,山初霽雪峰,1
12948,初霽雪峰高,1
12949,霽雪峰高樓,1
12950,雪峰高樓形,1
12951,峰高樓形向,1
12952,高樓形向日,1
12953,樓形向日攢,1
12954,形向日攢飛,1
12955,向日攢飛鳳,1
12956,日攢飛鳳宮,1
12957,攢飛鳳宮勢,1
12958,飛鳳宮勢淩,1
12959,鳳宮勢淩波,1
12960,宮勢淩波壓,1
12961,勢淩波壓抃,1
12962,淩波壓抃鼇,1
12963,波壓抃鼇空,1
12964,壓抃鼇空鎖,1
12965,抃鼇空鎖煙,1
12966,鼇空鎖煙霞,1
12967,空鎖煙霞絕,1
12968,鎖煙霞絕巡,1
12969,煙霞絕巡幸,1
12970,霞絕巡幸周,1
12971,絕巡幸周人,1
12972,巡幸周人誰,1
12973,幸周人誰識,1
12974,周人誰識郁,1
12975,人誰識郁金,1
12976,誰識郁金袍,1
12977,識郁金袍夜,1
12978,郁金袍夜按,1
12979,金袍夜按雙,1
12980,袍夜按雙娃,1
12981,夜按雙娃禁,1
12982,按雙娃禁曲,1
12983,雙娃禁曲新,1
12984,娃禁曲新東,1
12985,禁曲新東西,1
12986,曲新東西簫,1
12987,新東西簫鼓,1
12988,東西簫鼓接,1
12989,西簫鼓接雲,1
12990,簫鼓接雲津,1
12991,鼓接雲津舞,1
12992,接雲津舞衫,1
12993,雲津舞衫未,1
12994,津舞衫未換,1
12995,舞衫未換紅,1
12996,衫未換紅鉛,1
12997,未換紅鉛濕,1
12998,換紅鉛濕歌,1
12999,紅鉛濕歌扇,1
13000,鉛濕歌扇初,1
13001,濕歌扇初移,1
13002,歌扇初移翠,1
13003,扇初移翠黛,1
13004,初移翠黛顰,1
13005,移翠黛顰彩,1
13006,翠黛顰彩檻,1
13007,黛顰彩檻燭,1
13008,顰彩檻燭煙,1
13009,彩檻燭煙光,1
13010,檻燭煙光吐,1
13011,燭煙光吐日,1
13012,煙光吐日畫,1
13013,光吐日畫屏,1
13014,吐日畫屏香,1
13015,日畫屏香霧,1
13016,畫屏香霧暖,1
13017,屏香霧暖如,1
13018,香霧暖如春,1
13019,霧暖如春西,1
13020,暖如春西樓,1
13021,如春西樓月,1
13022,春西樓月在,1
13023,西樓月在襄,1
13024,樓月在襄王,1
13025,月在襄王醉,1
13026,在襄王醉十,1
13027,襄王醉十二,1
13028,王醉十二山,1
13029,醉十二山高,1
13030,十二山高不,1
13031,二山高不見,1
13032,山高不見人,1
13033,高不見人西,1
13034,不見人西岩,1
13035,見人西岩泉,1
13036,人西岩泉落,1
13037,西岩泉落水,1
13038,岩泉落水容,1
13039,泉落水容寬,1
13040,落水容寬靈,1
13041,水容寬靈物,1
13042,容寬靈物蜿,1
13043,寬靈物蜿蜒,1
13044,靈物蜿蜒黑,1
13045,物蜿蜒黑處,1
13046,蜿蜒黑處蟠,1
13047,蜒黑處蟠松,1
13048,黑處蟠松葉,1
13049,處蟠松葉正,1
13050,蟠松葉正秋,1
13051,松葉正秋琴,1
13052,葉正秋琴韻,1
13053,正秋琴韻響,1
13054,秋琴韻響菱,1
13055,琴韻響菱花,1
13056,韻響菱花初,1
13057,響菱花初曉,1
13058,菱花初曉鏡,1
13059,花初曉鏡光,1
13060,初曉鏡光寒,1
13061,曉鏡光寒雲,1
13062,鏡光寒雲開,1
13063,光寒雲開星,1
13064,寒雲開星月,1
13065,雲開星月浮,1
13066,開星月浮山,1
13067,星月浮山殿,1
13068,月浮山殿雨,1
13069,浮山殿雨過,1
13070,山殿雨過風,1
13071,殿雨過風雷,1
13072,雨過風雷繞,1
13073,過風雷繞石,1
13074,風雷繞石壇,1
13075,雷繞石壇仙,1
13076,繞石壇仙客,1
13077,石壇仙客不,1
13078,壇仙客不歸,1
13079,仙客不歸龍,1
13080,客不歸龍亦,1
13081,不歸龍亦去,1
13082,歸龍亦去稻,1
13083,龍亦去稻畦,1
13084,亦去稻畦長,1
13085,去稻畦長滿,1
13086,稻畦長滿此,1
13087,畦長滿此池,1
13088,長滿此池幹,1
13089,滿此池幹身,1
13090,此池幹身在,1
13091,池幹身在關,1
13092,幹身在關西,1
13093,身在關西家,1
13094,在關西家洞,1
13095,關西家洞庭,1
13096,西家洞庭夜,1
13097,家洞庭夜寒,1
13098,洞庭夜寒歌,1
13099,庭夜寒歌苦,1
13100,夜寒歌苦燭,1
13101,寒歌苦燭熒,1
13102,歌苦燭熒熒,1
13103,苦燭熒熒人,1
13104,燭熒熒人心,1
13105,熒熒人心高,1
13106,熒人心高下,1
13107,人心高下月,1
13108,心高下月中,1
13109,高下月中桂,1
13110,下月中桂客,1
13111,月中桂客思,1
13112,中桂客思往,1
13113,桂客思往來,1
13114,客思往來波,1
13115,思往來波上,1
13116,往來波上萍,1
13117,來波上萍馬,1
13118,波上萍馬氏,1
13119,上萍馬氏識,1
13120,萍馬氏識君,1
13121,馬氏識君眉,1
13122,氏識君眉最,1
13123,識君眉最白,1
13124,君眉最白阮,1
13125,眉最白阮公,1
13126,最白阮公留,1
13127,白阮公留我,1
13128,阮公留我眼,1
13129,公留我眼長,1
13130,留我眼長青,1
13131,我眼長青花,1
13132,眼長青花前,1
13133,長青花前失,1
13134,青花前失意,1
13135,花前失意共,1
13136,前失意共寥,1
13137,失意共寥落,1
13138,意共寥落莫,1
13139,共寥落莫遣,1
13140,寥落莫遣東,1
13141,落莫遣東風,1
13142,莫遣東風吹,1
13143,遣東風吹酒,1
13144,東風吹酒醒,1
13145,風吹酒醒魚,1
13146,吹酒醒魚龍,1
13147,酒醒魚龍多,1
13148,醒魚龍多處,1
13149,魚龍多處鑿,1
13150,龍多處鑿門,1
13151,多處鑿門開,1
13152,處鑿門開萬,1
13153,鑿門開萬古,1
13154,門開萬古人,1
13155,開萬古人知,1
13156,萬古人知夏,1
13157,古人知夏禹,1
13158,人知夏禹材,1
13159,知夏禹材青,1
13160,夏禹材青嶂,1
13161,禹材青嶂遠,1
13162,材青嶂遠分,1
13163,青嶂遠分從,1
13164,嶂遠分從地,1
13165,遠分從地斷,1
13166,分從地斷洪,1
13167,從地斷洪流,1
13168,地斷洪流高,1
13169,斷洪流高瀉,1
13170,洪流高瀉自,1
13171,流高瀉自天,1
13172,高瀉自天來,1
13173,瀉自天來風,1
13174,自天來風雲,1
13175,天來風雲有,1
13176,來風雲有路,1
13177,風雲有路皆,1
13178,雲有路皆燒,1
13179,有路皆燒尾,1
13180,路皆燒尾波,1
13181,皆燒尾波浪,1
13182,燒尾波浪無,1
13183,尾波浪無程,1
13184,波浪無程盡,1
13185,浪無程盡曝,1
13186,無程盡曝腮,1
13187,程盡曝腮心,1
13188,盡曝腮心感,1
13189,曝腮心感膺,1
13190,腮心感膺門,1
13191,心感膺門身,1
13192,感膺門身過,1
13193,膺門身過此,1
13194,門身過此晚,1
13195,身過此晚山,1
13196,過此晚山秋,1
13197,此晚山秋樹,1
13198,晚山秋樹獨,1
13199,山秋樹獨徘,1
13200,秋樹獨徘徊,1
13201,樹獨徘徊曾,1
13202,獨徘徊曾醉,1
13203,徘徊曾醉笙,1
13204,徊曾醉笙歌,1
13205,曾醉笙歌日,1
13206,醉笙歌日正,1
13207,笙歌日正遲,1
13208,歌日正遲醉,1
13209,日正遲醉中,1
13210,正遲醉中相,1
13211,遲醉中相送,1
13212,醉中相送易,1
13213,中相送易前,1
13214,相送易前期,1
13215,送易前期橘,1
13216,易前期橘花,1
13217,前期橘花滿,1
13218,期橘花滿地,1
13219,橘花滿地人,1
13220,花滿地人亡,1
13221,滿地人亡後,1
13222,地人亡後菰,1
13223,人亡後菰葉,1
13224,亡後菰葉連,1
13225,後菰葉連天,1
13226,菰葉連天雁,1
13227,葉連天雁過,1
13228,連天雁過時,1
13229,天雁過時琴,1
13230,雁過時琴倚,1
13231,過時琴倚舊,1
13232,時琴倚舊窗,1
13233,琴倚舊窗塵,1
13234,倚舊窗塵漠,1
13235,舊窗塵漠漠,1
13236,窗塵漠漠劍,1
13237,塵漠漠劍埋,1
13238,漠漠劍埋新,1
13239,漠劍埋新塚,1
13240,劍埋新塚草,1
13241,埋新塚草離,1
13242,新塚草離離,1
13243,塚草離離河,1
13244,草離離河橋,1
13245,離離河橋酒,1
13246,離河橋酒熟,1
13247,河橋酒熟平,1
13248,橋酒熟平生,1
13249,酒熟平生事,1
13250,熟平生事更,1
13251,平生事更向,1
13252,生事更向東,1
13253,事更向東流,1
13254,更向東流奠,1
13255,向東流奠一,1
13256,東流奠一厄,1
13257,流奠一厄待,1
13258,奠一厄待月,1
13259,一厄待月西,1
13260,厄待月西樓,1
13261,待月西樓卷,1
13262,月西樓卷翠,1
13263,西樓卷翠羅,1
13264,樓卷翠羅玉,1
13265,卷翠羅玉杯,1
13266,翠羅玉杯瑤,1
13267,羅玉杯瑤瑟,1
13268,玉杯瑤瑟近,1
13269,杯瑤瑟近星,1
13270,瑤瑟近星河,1
13271,瑟近星河簾,1
13272,近星河簾前,1
13273,星河簾前碧,1
13274,河簾前碧樹,1
13275,簾前碧樹窮,1
13276,前碧樹窮秋,1
13277,碧樹窮秋密,1
13278,樹窮秋密窗,1
13279,窮秋密窗外,1
13280,秋密窗外青,1
13281,密窗外青山,1
13282,窗外青山薄,1
13283,外青山薄暮,1
13284,青山薄暮多,1
13285,山薄暮多鴝,1
13286,薄暮多鴝鵒,1
13287,暮多鴝鵒未,1
13288,多鴝鵒未知,1
13289,鴝鵒未知狂,1
13290,鵒未知狂客,1
13291,未知狂客醉,1
13292,知狂客醉鷓,1
13293,狂客醉鷓鴣,1
13294,客醉鷓鴣先,1
13295,醉鷓鴣先讓,1
13296,鷓鴣先讓美,1
13297,鴣先讓美人,1
13298,先讓美人歌,1
13299,讓美人歌使,1
13300,美人歌使君,1
13301,人歌使君莫,1
13302,歌使君莫惜,1
13303,使君莫惜通,1
13304,君莫惜通宵,1
13305,莫惜通宵飲,1
13306,惜通宵飲刀,1
13307,通宵飲刀筆,1
13308,宵飲刀筆初,1
13309,飲刀筆初從,1
13310,刀筆初從馬,1
13311,筆初從馬伏,1
13312,初從馬伏波,1
13313,從馬伏波詔,1
13314,馬伏波詔移,1
13315,伏波詔移丞,1
13316,波詔移丞相,1
13317,詔移丞相木,1
13318,移丞相木蘭,1
13319,丞相木蘭舟,1
13320,相木蘭舟桂,1
13321,木蘭舟桂水,1
13322,蘭舟桂水潺,1
13323,舟桂水潺湲,1
13324,桂水潺湲嶺,1
13325,水潺湲嶺北,1
13326,潺湲嶺北流,1
13327,湲嶺北流青,1
13328,嶺北流青漢,1
13329,北流青漢夢,1
13330,流青漢夢歸,1
13331,青漢夢歸雙,1
13332,漢夢歸雙闕,1
13333,夢歸雙闕曙,1
13334,歸雙闕曙白,1
13335,雙闕曙白雲,1
13336,闕曙白雲吟,1
13337,曙白雲吟過,1
13338,白雲吟過五,1
13339,雲吟過五湖,1
13340,吟過五湖秋,1
13341,過五湖秋恩,1
13342,五湖秋恩回,1
13343,湖秋恩回玉,1
13344,秋恩回玉扆,1
13345,恩回玉扆人,1
13346,回玉扆人先,1
13347,玉扆人先喜,1
13348,扆人先喜道,1
13349,人先喜道在,1
13350,先喜道在金,1
13351,喜道在金縢,1
13352,道在金縢世,1
13353,在金縢世不,1
13354,金縢世不憂,1
13355,縢世不憂聞,1
13356,世不憂聞說,1
13357,不憂聞說公,1
13358,憂聞說公卿,1
13359,聞說公卿盡,1
13360,說公卿盡南,1
13361,公卿盡南望,1
13362,卿盡南望甘,1
13363,盡南望甘棠,1
13364,南望甘棠花,1
13365,望甘棠花暖,1
13366,甘棠花暖鳳,1
13367,棠花暖鳳池,1
13368,花暖鳳池頭,1
13369,暖鳳池頭身,1
13370,鳳池頭身沒,1
13371,池頭身沒南,1
13372,頭身沒南朝,1
13373,身沒南朝宅,1
13374,沒南朝宅已,1
13375,南朝宅已荒,1
13376,朝宅已荒邑,1
13377,宅已荒邑人,1
13378,已荒邑人猶,1
13379,荒邑人猶賞,1
13380,邑人猶賞舊,1
13381,人猶賞舊風,1
13382,猶賞舊風光,1
13383,賞舊風光芹,1
13384,舊風光芹根,1
13385,風光芹根生,1
13386,光芹根生葉,1
13387,芹根生葉石,1
13388,根生葉石池,1
13389,生葉石池淺,1
13390,葉石池淺桐,1
13391,石池淺桐樹,1
13392,池淺桐樹落,1
13393,淺桐樹落花,1
13394,桐樹落花金,1
13395,樹落花金井,1
13396,落花金井香,1
13397,花金井香帶,1
13398,金井香帶暖,1
13399,井香帶暖山,1
13400,香帶暖山蜂,1
13401,帶暖山蜂巢,1
13402,暖山蜂巢畫,1
13403,山蜂巢畫閣,1
13404,蜂巢畫閣欲,1
13405,巢畫閣欲陰,1
13406,畫閣欲陰溪,1
13407,閣欲陰溪燕,1
13408,欲陰溪燕集,1
13409,陰溪燕集書,1
13410,溪燕集書堂,1
13411,燕集書堂閒,1
13412,集書堂閒愁,1
13413,書堂閒愁此,1
13414,堂閒愁此地,1
13415,閒愁此地更,1
13416,愁此地更西,1
13417,此地更西望,1
13418,地更西望潮,1
13419,更西望潮浸,1
13420,西望潮浸台,1
13421,望潮浸台城,1
13422,潮浸台城春,1
13423,浸台城春草,1
13424,台城春草長,1
13425,城春草長瘦,1
13426,春草長瘦馬,1
13427,草長瘦馬頻,1
13428,長瘦馬頻嘶,1
13429,瘦馬頻嘶灞,1
13430,馬頻嘶灞水,1
13431,頻嘶灞水寒,1
13432,嘶灞水寒灞,1
13433,灞水寒灞南,1
13434,水寒灞南高,1
13435,寒灞南高處,1
13436,灞南高處望,1
13437,南高處望長,1
13438,高處望長安,1
13439,處望長安何,1
13440,望長安何人,1
13441,長安何人更,1
13442,安何人更結,1
13443,何人更結王,1
13444,人更結王生,1
13445,更結王生襪,1
13446,結王生襪此,1
13447,王生襪此客,1
13448,生襪此客虛,1
13449,襪此客虛彈,1
13450,此客虛彈貢,1
13451,客虛彈貢氏,1
13452,虛彈貢氏冠,1
13453,彈貢氏冠江,1
13454,貢氏冠江上,1
13455,氏冠江上蟹,1
13456,冠江上蟹螯,1
13457,江上蟹螯沙,1
13458,上蟹螯沙渺,1
13459,蟹螯沙渺渺,1
13460,螯沙渺渺塢,1
13461,沙渺渺塢中,1
13462,渺渺塢中蝸,1
13463,渺塢中蝸殼,1
13464,塢中蝸殼雪,1
13465,中蝸殼雪漫,1
13466,蝸殼雪漫漫,1
13467,殼雪漫漫舊,1
13468,雪漫漫舊交,1
13469,漫漫舊交已,1
13470,漫舊交已變,1
13471,舊交已變新,1
13472,交已變新知,1
13473,已變新知少,1
13474,變新知少卻,1
13475,新知少卻伴,1
13476,知少卻伴漁,1
13477,少卻伴漁郎,1
13478,卻伴漁郎把,1
13479,伴漁郎把釣,1
13480,漁郎把釣竿,1
13481,郎把釣竿不,1
13482,把釣竿不知,1
13483,釣竿不知何,1
13484,竿不知何計,1
13485,不知何計寫,1
13486,知何計寫離,1
13487,何計寫離憂,1
13488,計寫離憂萬,1
13489,寫離憂萬里,1
13490,離憂萬里山,1
13491,憂萬里山川,1
13492,萬里山川半,1
13493,里山川半舊,1
13494,山川半舊遊,1
13495,川半舊遊風,1
13496,半舊遊風卷,1
13497,舊遊風卷暮,1
13498,遊風卷暮沙,1
13499,風卷暮沙和,1
13500,卷暮沙和雪,1
13501,暮沙和雪起,1
13502,沙和雪起日,1
13503,和雪起日融,1
13504,雪起日融春,1
13505,起日融春水,1
13506,日融春水帶,1
13507,融春水帶冰,1
13508,春水帶冰流,1
13509,水帶冰流淩,1
13510,帶冰流淩晨,1
13511,冰流淩晨客,1
13512,流淩晨客淚,1
13513,淩晨客淚分,1
13514,晨客淚分東,1
13515,客淚分東郭,1
13516,淚分東郭竟,1
13517,分東郭竟夕,1
13518,東郭竟夕鄉,1
13519,郭竟夕鄉心,1
13520,竟夕鄉心共,1
13521,夕鄉心共北,1
13522,鄉心共北樓,1
13523,心共北樓青,1
13524,共北樓青桂,1
13525,北樓青桂一,1
13526,樓青桂一枝,1
13527,青桂一枝年,1
13528,桂一枝年少,1
13529,一枝年少事,1
13530,枝年少事莫,1
13531,年少事莫因,1
13532,少事莫因鱸,1
13533,事莫因鱸鱠,1
13534,莫因鱸鱠涉,1
13535,因鱸鱠涉窮,1
13536,鱸鱠涉窮秋,1
13537,鱠涉窮秋盧,1
13538,涉窮秋盧橘,1
13539,窮秋盧橘花,1
13540,秋盧橘花香,1
13541,盧橘花香拂,1
13542,橘花香拂釣,1
13543,花香拂釣磯,1
13544,香拂釣磯佳,1
13545,拂釣磯佳人,1
13546,釣磯佳人猶,1
13547,磯佳人猶舞,1
13548,佳人猶舞越,1
13549,人猶舞越羅,1
13550,猶舞越羅衣,1
13551,舞越羅衣三,1
13552,越羅衣三洲,1
13553,羅衣三洲水,1
13554,衣三洲水淺,1
13555,三洲水淺魚,1
13556,洲水淺魚來,1
13557,水淺魚來少,1
13558,淺魚來少五,1
13559,魚來少五嶺,1
13560,來少五嶺山,1
13561,少五嶺山高,1
13562,五嶺山高雁,1
13563,嶺山高雁到,1
13564,山高雁到稀,1
13565,高雁到稀客,1
13566,雁到稀客路,1
13567,到稀客路晚,1
13568,稀客路晚依,1
13569,客路晚依紅,1
13570,路晚依紅樹,1
13571,晚依紅樹宿,1
13572,依紅樹宿鄉,1
13573,紅樹宿鄉關,1
13574,樹宿鄉關朝,1
13575,宿鄉關朝望,1
13576,鄉關朝望白,1
13577,關朝望白雲,1
13578,朝望白雲歸,1
13579,望白雲歸交,1
13580,白雲歸交親,1
13581,雲歸交親不,1
13582,歸交親不念,1
13583,交親不念征,1
13584,親不念征南,1
13585,不念征南吏,1
13586,念征南吏昨,1
13587,征南吏昨夜,1
13588,南吏昨夜風,1
13589,吏昨夜風帆,1
13590,昨夜風帆去,1
13591,夜風帆去似,1
13592,風帆去似飛,1
13593,帆去似飛暫,1
13594,去似飛暫引,1
13595,似飛暫引寒,1
13596,飛暫引寒泉,1
13597,暫引寒泉濯,1
13598,引寒泉濯遠,1
13599,寒泉濯遠塵,1
13600,泉濯遠塵此,1
13601,濯遠塵此生,1
13602,遠塵此生多,1
13603,塵此生多是,1
13604,此生多是異,1
13605,生多是異鄉,1
13606,多是異鄉人,1
13607,是異鄉人荊,1
13608,異鄉人荊溪,1
13609,鄉人荊溪夜,1
13610,人荊溪夜雨,1
13611,荊溪夜雨花,1
13612,溪夜雨花開,1
13613,夜雨花開疾,1
13614,雨花開疾吳,1
13615,花開疾吳苑,1
13616,開疾吳苑秋,1
13617,疾吳苑秋風,1
13618,吳苑秋風月,1
13619,苑秋風月滿,1
13620,秋風月滿頻,1
13621,風月滿頻萬,1
13622,月滿頻萬里,1
13623,滿頻萬里高,1
13624,頻萬里高低,1
13625,萬里高低門,1
13626,里高低門外,1
13627,高低門外路,1
13628,低門外路百,1
13629,門外路百年,1
13630,外路百年榮,1
13631,路百年榮辱,1
13632,百年榮辱夢,1
13633,年榮辱夢中,1
13634,榮辱夢中身,1
13635,辱夢中身世,1
13636,夢中身世間,1
13637,中身世間誰,1
13638,身世間誰似,1
13639,世間誰似西,1
13640,間誰似西林,1
13641,誰似西林客,1
13642,似西林客一,1
13643,西林客一臥,1
13644,林客一臥煙,1
13645,客一臥煙霞,1
13646,一臥煙霞四,1
13647,臥煙霞四十,1
13648,煙霞四十春,1
13649,霞四十春載,1
13650,四十春載書,1
13651,十春載書攜,1
13652,春載書攜榼,1
13653,載書攜榼別,1
13654,書攜榼別池,1
13655,攜榼別池龍,1
13656,榼別池龍十,1
13657,別池龍十幅,1
13658,池龍十幅輕,1
13659,龍十幅輕帆,1
13660,十幅輕帆處,1
13661,幅輕帆處處,1
13662,輕帆處處通,1
13663,帆處處通謝,1
13664,處處通謝脁,1
13665,處通謝脁宅,1
13666,通謝脁宅荒,1
13667,謝脁宅荒山,1
13668,脁宅荒山翠,1
13669,宅荒山翠裏,1
13670,荒山翠裏王,1
13671,山翠裏王敦,1
13672,翠裏王敦城,1
13673,裏王敦城古,1
13674,王敦城古月,1
13675,敦城古月明,1
13676,城古月明中,1
13677,古月明中江,1
13678,月明中江村,1
13679,明中江村夜,1
13680,中江村夜漲,1
13681,江村夜漲浮,1
13682,村夜漲浮天,1
13683,夜漲浮天水,1
13684,漲浮天水澤,1
13685,浮天水澤國,1
13686,天水澤國秋,1
13687,水澤國秋生,1
13688,澤國秋生動,1
13689,國秋生動地,1
13690,秋生動地風,1
13691,生動地風飽,1
13692,動地風飽食,1
13693,地風飽食鱠,1
13694,風飽食鱠魚,1
13695,飽食鱠魚榜,1
13696,食鱠魚榜歸,1
13697,鱠魚榜歸楫,1
13698,魚榜歸楫待,1
13699,榜歸楫待君,1
13700,歸楫待君琴,1
13701,楫待君琴酒,1
13702,待君琴酒醉,1
13703,君琴酒醉陶,1
13704,琴酒醉陶公,1
13705,酒醉陶公飛,1
13706,醉陶公飛軒,1
13707,陶公飛軒危,1
13708,公飛軒危檻,1
13709,飛軒危檻百,1
13710,軒危檻百花,1
13711,危檻百花堂,1
13712,檻百花堂朝,1
13713,百花堂朝宴,1
13714,花堂朝宴歌,1
13715,堂朝宴歌鐘,1
13716,朝宴歌鐘暮,1
13717,宴歌鐘暮已,1
13718,歌鐘暮已荒,1
13719,鐘暮已荒中,1
13720,暮已荒中散,1
13721,已荒中散獄,1
13722,荒中散獄成,1
13723,中散獄成琴,1
13724,散獄成琴自,1
13725,獄成琴自怨,1
13726,成琴自怨步,1
13727,琴自怨步兵,1
13728,自怨步兵廚,1
13729,怨步兵廚廢,1
13730,步兵廚廢酒,1
13731,兵廚廢酒猶,1
13732,廚廢酒猶香,1
13733,廢酒猶香風,1
13734,酒猶香風池,1
13735,猶香風池宿,1
13736,香風池宿鳥,1
13737,風池宿鳥喧,1
13738,池宿鳥喧朱,1
13739,宿鳥喧朱閣,1
13740,鳥喧朱閣雨,1
13741,喧朱閣雨砌,1
13742,朱閣雨砌秋,1
13743,閣雨砌秋螢,1
13744,雨砌秋螢拂,1
13745,砌秋螢拂畫,1
13746,秋螢拂畫梁,1
13747,螢拂畫梁力,1
13748,拂畫梁力保,1
13749,畫梁力保山,1
13750,梁力保山河,1
13751,力保山河家,1
13752,保山河家又,1
13753,山河家又慶,1
13754,河家又慶只,1
13755,家又慶只應,1
13756,又慶只應中,1
13757,慶只應中令,1
13758,只應中令敵,1
13759,應中令敵汾,1
13760,中令敵汾陽,1
13761,令敵汾陽秦,1
13762,敵汾陽秦樓,1
13763,汾陽秦樓心,1
13764,陽秦樓心斷,1
13765,秦樓心斷楚,1
13766,樓心斷楚江,1
13767,心斷楚江湄,1
13768,斷楚江湄系,1
13769,楚江湄系馬,1
13770,江湄系馬春,1
13771,湄系馬春風,1
13772,系馬春風酒,1
13773,馬春風酒一,1
13774,春風酒一卮,1
13775,風酒一卮汴,1
13776,酒一卮汴水,1
13777,一卮汴水月,1
13778,卮汴水月明,1
13779,汴水月明東,1
13780,水月明東下,1
13781,月明東下疾,1
13782,明東下疾練,1
13783,東下疾練塘,1
13784,下疾練塘花,1
13785,疾練塘花發,1
13786,練塘花發北,1
13787,塘花發北來,1
13788,花發北來遲,1
13789,發北來遲青,1
13790,北來遲青蕪,1
13791,來遲青蕪定,1
13792,遲青蕪定沒,1
13793,青蕪定沒安,1
13794,蕪定沒安貧,1
13795,定沒安貧處,1
13796,沒安貧處黃,1
13797,安貧處黃葉,1
13798,貧處黃葉應,1
13799,處黃葉應催,1
13800,黃葉應催獻,1
13801,葉應催獻賦,1
13802,應催獻賦詩,1
13803,催獻賦詩憑,1
13804,獻賦詩憑寄,1
13805,賦詩憑寄家,1
13806,詩憑寄家書,1
13807,憑寄家書為,1
13808,寄家書為回,1
13809,家書為回報,1
13810,書為回報舊,1
13811,為回報舊鄉,1
13812,回報舊鄉還,1
13813,報舊鄉還有,1
13814,舊鄉還有故,1
13815,鄉還有故人,1
13816,還有故人知,1
13817,有故人知月,1
13818,故人知月斜,1
13819,人知月斜孤,1
13820,知月斜孤館,1
13821,月斜孤館傍,1
13822,斜孤館傍村,1
13823,孤館傍村行,1
13824,館傍村行野,1
13825,傍村行野店,1
13826,村行野店高,1
13827,行野店高低,1
13828,野店高低帶,1
13829,店高低帶古,1
13830,高低帶古城,1
13831,低帶古城籬,1
13832,帶古城籬上,1
13833,古城籬上曉,1
13834,城籬上曉花,1
13835,籬上曉花齋,1
13836,上曉花齋後,1
13837,曉花齋後落,1
13838,花齋後落井,1
13839,齋後落井邊,1
13840,後落井邊秋,1
13841,落井邊秋葉,1
13842,井邊秋葉社,1
13843,邊秋葉社前,1
13844,秋葉社前生,1
13845,葉社前生饑,1
13846,社前生饑烏,1
13847,前生饑烏索,1
13848,生饑烏索哺,1
13849,饑烏索哺隨,1
13850,烏索哺隨雛,1
13851,索哺隨雛叫,1
13852,哺隨雛叫乳,1
13853,隨雛叫乳牸,1
13854,雛叫乳牸慵,1
13855,叫乳牸慵歸,1
13856,乳牸慵歸望,1
13857,牸慵歸望犢,1
13858,慵歸望犢鳴,1
13859,歸望犢鳴荒,1
13860,望犢鳴荒草,1
13861,犢鳴荒草連,1
13862,鳴荒草連天,1
13863,荒草連天風,1
13864,草連天風動,1
13865,連天風動地,1
13866,天風動地不,1
13867,風動地不知,1
13868,動地不知誰,1
13869,地不知誰學,1
13870,不知誰學武,1
13871,知誰學武侯,1
13872,誰學武侯耕,1
13873,學武侯耕毳,1
13874,武侯耕毳幕,1
13875,侯耕毳幕承,1
13876,耕毳幕承秋,1
13877,毳幕承秋極,1
13878,幕承秋極斷,1
13879,承秋極斷蓬,1
13880,秋極斷蓬飄,1
13881,極斷蓬飄颻,1
13882,斷蓬飄颻一,1
13883,蓬飄颻一劍,1
13884,飄颻一劍黑,1
13885,颻一劍黑山,1
13886,一劍黑山空,1
13887,劍黑山空匈,1
13888,黑山空匈奴,1
13889,山空匈奴北,1
13890,空匈奴北走,1
13891,匈奴北走荒,1
13892,奴北走荒秦,1
13893,北走荒秦壘,1
13894,走荒秦壘貴,1
13895,荒秦壘貴主,1
13896,秦壘貴主西,1
13897,壘貴主西還,1
13898,貴主西還盛,1
13899,主西還盛漢,1
13900,西還盛漢宮,1
13901,還盛漢宮定,1
13902,盛漢宮定是,1
13903,漢宮定是廟,1
13904,宮定是廟謨,1
13905,定是廟謨傾,1
13906,是廟謨傾種,1
13907,廟謨傾種落,1
13908,謨傾種落必,1
13909,傾種落必知,1
13910,種落必知邊,1
13911,落必知邊寇,1
13912,必知邊寇畏,1
13913,知邊寇畏驍,1
13914,邊寇畏驍雄,1
13915,寇畏驍雄恩,1
13916,畏驍雄恩沾,1
13917,驍雄恩沾殘,1
13918,雄恩沾殘類,1
13919,恩沾殘類從,1
13920,沾殘類從歸,1
13921,殘類從歸去,1
13922,類從歸去莫,1
13923,從歸去莫使,1
13924,歸去莫使華,1
13925,去莫使華人,1
13926,莫使華人雜,1
13927,使華人雜犬,1
13928,華人雜犬戎,1
13929,人雜犬戎白,1
13930,雜犬戎白筆,1
13931,犬戎白筆南,1
13932,戎白筆南征,1
13933,白筆南征變,1
13934,筆南征變二,1
13935,南征變二毛,1
13936,征變二毛越,1
13937,變二毛越山,1
13938,二毛越山愁,1
13939,毛越山愁瘴,1
13940,越山愁瘴海,1
13941,山愁瘴海驚,1
13942,愁瘴海驚濤,1
13943,瘴海驚濤才,1
13944,海驚濤才歸,1
13945,驚濤才歸龍,1
13946,濤才歸龍尾,1
13947,才歸龍尾含,1
13948,歸龍尾含雞,1
13949,龍尾含雞舌,1
13950,尾含雞舌更,1
13951,含雞舌更立,1
13952,雞舌更立螭,1
13953,舌更立螭頭,1
13954,更立螭頭運,1
13955,立螭頭運兔,1
13956,螭頭運兔毫,1
13957,頭運兔毫閶,1
13958,運兔毫閶闔,1
13959,兔毫閶闔欲,1
13960,毫閶闔欲開,1
13961,閶闔欲開宮,1
13962,闔欲開宮漏,1
13963,欲開宮漏盡,1
13964,開宮漏盡冕,1
13965,宮漏盡冕旒,1
13966,漏盡冕旒初,1
13967,盡冕旒初坐,1
13968,冕旒初坐禦,1
13969,旒初坐禦香,1
13970,初坐禦香高,1
13971,坐禦香高吳,1
13972,禦香高吳中,1
13973,香高吳中舊,1
13974,高吳中舊侶,1
13975,吳中舊侶君,1
13976,中舊侶君先,1
13977,舊侶君先貴,1
13978,侶君先貴曾,1
13979,君先貴曾憶,1
13980,先貴曾憶王,1
13981,貴曾憶王祥,1
13982,曾憶王祥與,1
13983,憶王祥與佩,1
13984,王祥與佩刀,1
13985,祥與佩刀宋,1
13986,與佩刀宋玉,1
13987,佩刀宋玉含,1
13988,刀宋玉含淒,1
13989,宋玉含淒夢,1
13990,玉含淒夢亦,1
13991,含淒夢亦驚,1
13992,淒夢亦驚芙,1
13993,夢亦驚芙蓉,1
13994,亦驚芙蓉山,1
13995,驚芙蓉山響,1
13996,芙蓉山響一,1
13997,蓉山響一猿,1
13998,山響一猿聲,1
13999,響一猿聲陰,1
14000,一猿聲陰雲,1
14001,猿聲陰雲迎,1
14002,聲陰雲迎雨,1
14003,陰雲迎雨枕,1
14004,雲迎雨枕先,1
14005,迎雨枕先潤,1
14006,雨枕先潤夜,1
14007,枕先潤夜電,1
14008,先潤夜電引,1
14009,潤夜電引雷,1
14010,夜電引雷窗,1
14011,電引雷窗暫,1
14012,引雷窗暫明,1
14013,雷窗暫明暗,1
14014,窗暫明暗惜,1
14015,暫明暗惜水,1
14016,明暗惜水花,1
14017,暗惜水花飄,1
14018,惜水花飄廣,1
14019,水花飄廣檻,1
14020,花飄廣檻遠,1
14021,飄廣檻遠愁,1
14022,廣檻遠愁風,1
14023,檻遠愁風葉,1
14024,遠愁風葉下,1
14025,愁風葉下高,1
14026,風葉下高城,1
14027,葉下高城西,1
14028,下高城西歸,1
14029,高城西歸萬,1
14030,城西歸萬里,1
14031,西歸萬里未,1
14032,歸萬里未千,1
14033,萬里未千里,1
14034,里未千里應,1
14035,未千里應到,1
14036,千里應到故,1
14037,里應到故園,1
14038,應到故園春,1
14039,到故園春草,1
14040,故園春草生,1
14041,園春草生朝,1
14042,春草生朝宴,1
14043,草生朝宴華,1
14044,生朝宴華堂,1
14045,朝宴華堂暮,1
14046,宴華堂暮未,1
14047,華堂暮未休,1
14048,堂暮未休幾,1
14049,暮未休幾人,1
14050,未休幾人偏,1
14051,休幾人偏得,1
14052,幾人偏得謝,1
14053,人偏得謝公,1
14054,偏得謝公留,1
14055,得謝公留風,1
14056,謝公留風傳,1
14057,公留風傳鼓,1
14058,留風傳鼓角,1
14059,風傳鼓角霜,1
14060,傳鼓角霜侵,1
14061,鼓角霜侵戟,1
14062,角霜侵戟雲,1
14063,霜侵戟雲卷,1
14064,侵戟雲卷笙,1
14065,戟雲卷笙歌,1
14066,雲卷笙歌月,1
14067,卷笙歌月上,1
14068,笙歌月上樓,1
14069,歌月上樓賓,1
14070,月上樓賓館,1
14071,上樓賓館盡,1
14072,樓賓館盡開,1
14073,賓館盡開徐,1
14074,館盡開徐稚,1
14075,盡開徐稚榻,1
14076,開徐稚榻客,1
14077,徐稚榻客帆,1
14078,稚榻客帆空,1
14079,榻客帆空戀,1
14080,客帆空戀李,1
14081,帆空戀李膺,1
14082,空戀李膺舟,1
14083,戀李膺舟謾,1
14084,李膺舟謾誇,1
14085,膺舟謾誇書,1
14086,舟謾誇書劍,1
14087,謾誇書劍無,1
14088,誇書劍無知,1
14089,書劍無知己,1
14090,劍無知己水,1
14091,無知己水遠,1
14092,知己水遠山,1
14093,己水遠山長,1
14094,水遠山長步,1
14095,遠山長步步,1
14096,山長步步愁,1
14097,長步步愁貰,1
14098,步步愁貰酒,1
14099,步愁貰酒攜,1
14100,愁貰酒攜琴,1
14101,貰酒攜琴訪,1
14102,酒攜琴訪我,1
14103,攜琴訪我頻,1
14104,琴訪我頻始,1
14105,訪我頻始知,1
14106,我頻始知城,1
14107,頻始知城市,1
14108,始知城市有,1
14109,知城市有閒,1
14110,城市有閒人,1
14111,市有閒人君,1
14112,有閒人君臣,1
14113,閒人君臣藥,1
14114,人君臣藥在,1
14115,君臣藥在寧,1
14116,臣藥在寧憂,1
14117,藥在寧憂病,1
14118,在寧憂病子,1
14119,寧憂病子母,1
14120,憂病子母錢,1
14121,病子母錢成,1
14122,子母錢成豈,1
14123,母錢成豈患,1
14124,錢成豈患貧,1
14125,成豈患貧年,1
14126,豈患貧年長,1
14127,患貧年長每,1
14128,貧年長每勞,1
14129,年長每勞推,1
14130,長每勞推甲,1
14131,每勞推甲子,1
14132,勞推甲子夜,1
14133,推甲子夜寒,1
14134,甲子夜寒初,1
14135,子夜寒初共,1
14136,夜寒初共守,1
14137,寒初共守庚,1
14138,初共守庚申,1
14139,共守庚申近,1
14140,守庚申近來,1
14141,庚申近來聞,1
14142,申近來聞說,1
14143,近來聞說燒,1
14144,來聞說燒丹,1
14145,聞說燒丹處,1
14146,說燒丹處玉,1
14147,燒丹處玉洞,1
14148,丹處玉洞桃,1
14149,處玉洞桃花,1
14150,玉洞桃花萬,1
14151,洞桃花萬樹,1
14152,桃花萬樹春,1
14153,花萬樹春心,1
14154,萬樹春心慕,1
14155,樹春心慕知,1
14156,春心慕知音,1
14157,心慕知音命,1
14158,慕知音命自,1
14159,知音命自拘,1
14160,音命自拘畫,1
14161,命自拘畫堂,1
14162,自拘畫堂聞,1
14163,拘畫堂聞欲,1
14164,畫堂聞欲試,1
14165,堂聞欲試吹,1
14166,聞欲試吹竽,1
14167,欲試吹竽茂,1
14168,試吹竽茂陵,1
14169,吹竽茂陵罷,1
14170,竽茂陵罷酒,1
14171,茂陵罷酒慚,1
14172,陵罷酒慚中,1
14173,罷酒慚中聖,1
14174,酒慚中聖漳,1
14175,慚中聖漳浦,1
14176,中聖漳浦題,1
14177,聖漳浦題詩,1
14178,漳浦題詩怯,1
14179,浦題詩怯大,1
14180,題詩怯大巫,1
14181,詩怯大巫鬐,1
14182,怯大巫鬐鬣,1
14183,大巫鬐鬣幾,1
14184,巫鬐鬣幾年,1
14185,鬐鬣幾年傷,1
14186,鬣幾年傷在,1
14187,幾年傷在藻,1
14188,年傷在藻羽,1
14189,傷在藻羽毛,1
14190,在藻羽毛終,1
14191,藻羽毛終日,1
14192,羽毛終日羨,1
14193,毛終日羨棲,1
14194,終日羨棲梧,1
14195,日羨棲梧還,1
14196,羨棲梧還愁,1
14197,棲梧還愁旅,1
14198,梧還愁旅棹,1
14199,還愁旅棹空,1
14200,愁旅棹空歸,1
14201,旅棹空歸去,1
14202,棹空歸去楓,1
14203,空歸去楓葉,1
14204,歸去楓葉荷,1
14205,去楓葉荷花,1
14206,楓葉荷花釣,1
14207,葉荷花釣五,1
14208,荷花釣五湖,1
14209,花釣五湖道,1
14210,釣五湖道傍,1
14211,五湖道傍年,1
14212,湖道傍年少,1
14213,道傍年少莫,1
14214,傍年少莫矜,1
14215,年少莫矜誇,1
14216,少莫矜誇心,1
14217,莫矜誇心在,1
14218,矜誇心在重,1
14219,誇心在重霄,1
14220,在重霄鬢未,1
14221,重霄鬢未華,1
14222,霄鬢未華楊,1
14223,鬢未華楊子,1
14224,未華楊子可,1
14225,華楊子可曾,1
14226,楊子可曾過,1
14227,子可曾過北,1
14228,可曾過北裏,1
14229,曾過北裏魯,1
14230,過北裏魯人,1
14231,北裏魯人何,1
14232,裏魯人何必,1
14233,魯人何必敬,1
14234,人何必敬東,1
14235,何必敬東家,1
14236,必敬東家寒,1
14237,敬東家寒雲,1
14238,東家寒雲曉,1
14239,家寒雲曉散,1
14240,寒雲曉散千,1
14241,雲曉散千峰,1
14242,曉散千峰雪,1
14243,散千峰雪暖,1
14244,千峰雪暖雨,1
14245,峰雪暖雨晴,1
14246,雪暖雨晴開,1
14247,暖雨晴開一,1
14248,雨晴開一徑,1
14249,晴開一徑花,1
14250,開一徑花且,1
14251,一徑花且賣,1
14252,徑花且賣湖,1
14253,花且賣湖田,1
14254,且賣湖田釀,1
14255,賣湖田釀春,1
14256,湖田釀春酒,1
14257,田釀春酒與,1
14258,釀春酒與君,1
14259,春酒與君書,1
14260,酒與君書劍,1
14261,與君書劍是,1
14262,君書劍是生,1
14263,書劍是生涯,1
14264,劍是生涯高,1
14265,是生涯高揭,1
14266,生涯高揭雞,1
14267,涯高揭雞竿,1
14268,高揭雞竿辟,1
14269,揭雞竿辟帝,1
14270,雞竿辟帝閽,1
14271,竿辟帝閽祥,1
14272,辟帝閽祥風,1
14273,帝閽祥風微,1
14274,閽祥風微暖,1
14275,祥風微暖瑞,1
14276,風微暖瑞雲,1
14277,微暖瑞雲屯,1
14278,暖瑞雲屯千,1
14279,瑞雲屯千官,1
14280,雲屯千官共,1
14281,屯千官共削,1
14282,千官共削奸,1
14283,官共削奸臣,1
14284,共削奸臣跡,1
14285,削奸臣跡萬,1
14286,奸臣跡萬國,1
14287,臣跡萬國初,1
14288,跡萬國初銜,1
14289,萬國初銜聖,1
14290,國初銜聖主,1
14291,初銜聖主恩,1
14292,銜聖主恩宮,1
14293,聖主恩宮殿,1
14294,主恩宮殿雪,1
14295,恩宮殿雪華,1
14296,宮殿雪華齊,1
14297,殿雪華齊紫,1
14298,雪華齊紫閣,1
14299,華齊紫閣關,1
14300,齊紫閣關河,1
14301,紫閣關河春,1
14302,閣關河春色,1
14303,關河春色到,1
14304,河春色到青,1
14305,春色到青門,1
14306,色到青門華,1
14307,到青門華夷,1
14308,青門華夷一,1
14309,門華夷一軌,1
14310,華夷一軌人,1
14311,夷一軌人方,1
14312,一軌人方泰,1
14313,軌人方泰莫,1
14314,人方泰莫學,1
14315,方泰莫學論,1
14316,泰莫學論兵,1
14317,莫學論兵誤,1
14318,學論兵誤至,1
14319,論兵誤至尊,1
14320,兵誤至尊劉,1
14321,誤至尊劉項,1
14322,至尊劉項持,1
14323,尊劉項持兵,1
14324,劉項持兵鹿,1
14325,項持兵鹿未,1
14326,持兵鹿未窮,1
14327,兵鹿未窮自,1
14328,鹿未窮自乘,1
14329,未窮自乘黃,1
14330,窮自乘黃屋,1
14331,自乘黃屋島,1
14332,乘黃屋島夷,1
14333,黃屋島夷中,1
14334,屋島夷中南,1
14335,島夷中南來,1
14336,夷中南來作,1
14337,中南來作尉,1
14338,南來作尉任,1
14339,來作尉任囂,1
14340,作尉任囂力,1
14341,尉任囂力北,1
14342,任囂力北向,1
14343,囂力北向稱,1
14344,力北向稱臣,1
14345,北向稱臣陸,1
14346,向稱臣陸賈,1
14347,稱臣陸賈功,1
14348,臣陸賈功簫,1
14349,陸賈功簫鼓,1
14350,賈功簫鼓尚,1
14351,功簫鼓尚陳,1
14352,簫鼓尚陳今,1
14353,鼓尚陳今世,1
14354,尚陳今世廟,1
14355,陳今世廟旌,1
14356,今世廟旌旗,1
14357,世廟旌旗猶,1
14358,廟旌旗猶鎮,1
14359,旌旗猶鎮昔,1
14360,旗猶鎮昔時,1
14361,猶鎮昔時宮,1
14362,鎮昔時宮越,1
14363,昔時宮越人,1
14364,時宮越人未,1
14365,宮越人未必,1
14366,越人未必知,1
14367,人未必知虞,1
14368,未必知虞舜,1
14369,必知虞舜一,1
14370,知虞舜一奏,1
14371,虞舜一奏熏,1
14372,舜一奏熏弦,1
14373,一奏熏弦萬,1
14374,奏熏弦萬古,1
14375,熏弦萬古風,1
14376,弦萬古風簷,1
14377,萬古風簷外,1
14378,古風簷外千,1
14379,風簷外千帆,1
14380,簷外千帆背,1
14381,外千帆背夕,1
14382,千帆背夕陽,1
14383,帆背夕陽歸,1
14384,背夕陽歸心,1
14385,夕陽歸心杳,1
14386,陽歸心杳杳,1
14387,歸心杳杳鬢,1
14388,心杳杳鬢蒼,1
14389,杳杳鬢蒼蒼,1
14390,杳鬢蒼蒼嶺,1
14391,鬢蒼蒼嶺猿,1
14392,蒼蒼嶺猿群,1
14393,蒼嶺猿群宿,1
14394,嶺猿群宿夜,1
14395,猿群宿夜山,1
14396,群宿夜山靜,1
14397,宿夜山靜沙,1
14398,夜山靜沙鳥,1
14399,山靜沙鳥獨,1
14400,靜沙鳥獨飛,1
14401,沙鳥獨飛秋,1
14402,鳥獨飛秋水,1
14403,獨飛秋水涼,1
14404,飛秋水涼露,1
14405,秋水涼露墮,1
14406,水涼露墮桂,1
14407,涼露墮桂花,1
14408,露墮桂花棋,1
14409,墮桂花棋局,1
14410,桂花棋局濕,1
14411,花棋局濕風,1
14412,棋局濕風吹,1
14413,局濕風吹荷,1
14414,濕風吹荷葉,1
14415,風吹荷葉酒,1
14416,吹荷葉酒瓶,1
14417,荷葉酒瓶香,1
14418,葉酒瓶香主,1
14419,酒瓶香主人,1
14420,瓶香主人不,1
14421,香主人不醉,1
14422,主人不醉下,1
14423,人不醉下樓,1
14424,不醉下樓去,1
14425,醉下樓去月,1
14426,下樓去月在,1
14427,樓去月在南,1
14428,去月在南軒,1
14429,月在南軒更,1
14430,在南軒更漏,1
14431,南軒更漏長,1
14432,軒更漏長碧,1
14433,更漏長碧油,1
14434,漏長碧油紅,1
14435,長碧油紅旆,1
14436,碧油紅旆想,1
14437,油紅旆想青,1
14438,紅旆想青衿,1
14439,旆想青衿積,1
14440,想青衿積雪,1
14441,青衿積雪窗,1
14442,衿積雪窗前,1
14443,積雪窗前盡,1
14444,雪窗前盡日,1
14445,窗前盡日吟,1
14446,前盡日吟巢,1
14447,盡日吟巢鶴,1
14448,日吟巢鶴去,1
14449,吟巢鶴去時,1
14450,巢鶴去時雲,1
14451,鶴去時雲樹,1
14452,去時雲樹老,1
14453,時雲樹老臥,1
14454,雲樹老臥龍,1
14455,樹老臥龍歸,1
14456,老臥龍歸處,1
14457,臥龍歸處石,1
14458,龍歸處石潭,1
14459,歸處石潭深,1
14460,處石潭深道,1
14461,石潭深道傍,1
14462,潭深道傍苦,1
14463,深道傍苦李,1
14464,道傍苦李猶,1
14465,傍苦李猶垂,1
14466,苦李猶垂實,1
14467,李猶垂實城,1
14468,猶垂實城外,1
14469,垂實城外甘,1
14470,實城外甘棠,1
14471,城外甘棠已,1
14472,外甘棠已布,1
14473,甘棠已布陰,1
14474,棠已布陰賓,1
14475,已布陰賓禦,1
14476,布陰賓禦莫,1
14477,陰賓禦莫辭,1
14478,賓禦莫辭岩,1
14479,禦莫辭岩下,1
14480,莫辭岩下醉,1
14481,辭岩下醉武,1
14482,岩下醉武丁,1
14483,下醉武丁高,1
14484,醉武丁高枕,1
14485,武丁高枕待,1
14486,丁高枕待為,1
14487,高枕待為霖,1
14488,枕待為霖名,1
14489,待為霖名振,1
14490,為霖名振金,1
14491,霖名振金閨,1
14492,名振金閨步,1
14493,振金閨步玉,1
14494,金閨步玉京,1
14495,閨步玉京暫,1
14496,步玉京暫留,1
14497,玉京暫留滄,1
14498,京暫留滄海,1
14499,暫留滄海見,1
14500,留滄海見高,1
14501,滄海見高情,1
14502,海見高情眾,1
14503,見高情眾花,1
14504,高情眾花盡,1
14505,情眾花盡處,1
14506,眾花盡處松,1
14507,花盡處松千,1
14508,盡處松千尺,1
14509,處松千尺群,1
14510,松千尺群鳥,1
14511,千尺群鳥喧,1
14512,尺群鳥喧時,1
14513,群鳥喧時鶴,1
14514,鳥喧時鶴一,1
14515,喧時鶴一聲,1
14516,時鶴一聲朱,1
14517,鶴一聲朱閣,1
14518,一聲朱閣簟,1
14519,聲朱閣簟涼,1
14520,朱閣簟涼疏,1
14521,閣簟涼疏雨,1
14522,簟涼疏雨過,1
14523,涼疏雨過碧,1
14524,疏雨過碧溪,1
14525,雨過碧溪船,1
14526,過碧溪船動,1
14527,碧溪船動早,1
14528,溪船動早潮,1
14529,船動早潮生,1
14530,動早潮生離,1
14531,早潮生離心,1
14532,潮生離心不,1
14533,生離心不異,1
14534,離心不異西,1
14535,心不異西江,1
14536,不異西江水,1
14537,異西江水直,1
14538,西江水直送,1
14539,江水直送征,1
14540,水直送征帆,1
14541,直送征帆萬,1
14542,送征帆萬里,1
14543,征帆萬里行,1
14544,帆萬里行湘,1
14545,萬里行湘南,1
14546,里行湘南詩,1
14547,行湘南詩客,1
14548,湘南詩客海,1
14549,南詩客海中,1
14550,詩客海中行,1
14551,客海中行鵬,1
14552,海中行鵬翅,1
14553,中行鵬翅垂,1
14554,行鵬翅垂雲,1
14555,鵬翅垂雲不,1
14556,翅垂雲不自,1
14557,垂雲不自矜,1
14558,雲不自矜秋,1
14559,不自矜秋水,1
14560,自矜秋水靜,1
14561,矜秋水靜磨,1
14562,秋水靜磨金,1
14563,水靜磨金鏡,1
14564,靜磨金鏡土,1
14565,磨金鏡土夜,1
14566,金鏡土夜風,1
14567,鏡土夜風寒,1
14568,土夜風寒結,1
14569,夜風寒結玉,1
14570,風寒結玉壺,1
14571,寒結玉壺冰,1
14572,結玉壺冰萬,1
14573,玉壺冰萬重,1
14574,壺冰萬重嶺,1
14575,冰萬重嶺嶠,1
14576,萬重嶺嶠辭,1
14577,重嶺嶠辭衡,1
14578,嶺嶠辭衡嶽,1
14579,嶠辭衡嶽千,1
14580,辭衡嶽千里,1
14581,衡嶽千里山,1
14582,嶽千里山陂,1
14583,千里山陂問,1
14584,里山陂問竟,1
14585,山陂問竟陵,1
14586,陂問竟陵醉,1
14587,問竟陵醉倚,1
14588,竟陵醉倚西,1
14589,陵醉倚西樓,1
14590,醉倚西樓人,1
14591,倚西樓人已,1
14592,西樓人已遠,1
14593,樓人已遠柳,1
14594,人已遠柳溪,1
14595,已遠柳溪無,1
14596,遠柳溪無浪,1
14597,柳溪無浪月,1
14598,溪無浪月澄,1
14599,無浪月澄澄,1
14600,浪月澄澄先,1
14601,月澄澄先生,1
14602,澄澄先生憂,1
14603,澄先生憂道,1
14604,先生憂道樂,1
14605,生憂道樂清,1
14606,憂道樂清貧,1
14607,道樂清貧白,1
14608,樂清貧白髮,1
14609,清貧白髮終,1
14610,貧白髮終為,1
14611,白髮終為不,1
14612,髮終為不仕,1
14613,終為不仕身,1
14614,為不仕身嵇,1
14615,不仕身嵇阮,1
14616,仕身嵇阮沒,1
14617,身嵇阮沒來,1
14618,嵇阮沒來無,1
14619,阮沒來無酒,1
14620,沒來無酒客,1
14621,來無酒客應,1
14622,無酒客應劉,1
14623,酒客應劉亡,1
14624,客應劉亡後,1
14625,應劉亡後少,1
14626,劉亡後少詩,1
14627,亡後少詩人,1
14628,後少詩人山,1
14629,少詩人山前,1
14630,詩人山前月,1
14631,人山前月照,1
14632,山前月照荒,1
14633,前月照荒墳,1
14634,月照荒墳曉,1
14635,照荒墳曉溪,1
14636,荒墳曉溪上,1
14637,墳曉溪上花,1
14638,曉溪上花開,1
14639,溪上花開舊,1
14640,上花開舊宅,1
14641,花開舊宅春,1
14642,開舊宅春昨,1
14643,舊宅春昨夜,1
14644,宅春昨夜回,1
14645,春昨夜回舟,1
14646,昨夜回舟更,1
14647,夜回舟更惆,1
14648,回舟更惆悵,1
14649,舟更惆悵至,1
14650,更惆悵至今,1
14651,惆悵至今鐘,1
14652,悵至今鐘磬,1
14653,至今鐘磬滿,1
14654,今鐘磬滿南,1
14655,鐘磬滿南鄰,1
14656,磬滿南鄰候,1
14657,滿南鄰候館,1
14658,南鄰候館人,1
14659,鄰候館人稀,1
14660,候館人稀夜,1
14661,館人稀夜自,1
14662,人稀夜自長,1
14663,稀夜自長姑,1
14664,夜自長姑蘇,1
14665,自長姑蘇台,1
14666,長姑蘇台遠,1
14667,姑蘇台遠樹,1
14668,蘇台遠樹蒼,1
14669,台遠樹蒼蒼,1
14670,遠樹蒼蒼江,1
14671,樹蒼蒼江湖,1
14672,蒼蒼江湖潮,1
14673,蒼江湖潮落,1
14674,江湖潮落高,1
14675,湖潮落高樓,1
14676,潮落高樓迥,1
14677,落高樓迥河,1
14678,高樓迥河漢,1
14679,樓迥河漢秋,1
14680,迥河漢秋歸,1
14681,河漢秋歸廣,1
14682,漢秋歸廣簟,1
14683,秋歸廣簟涼,1
14684,歸廣簟涼月,1
14685,廣簟涼月轉,1
14686,簟涼月轉碧,1
14687,涼月轉碧梧,1
14688,月轉碧梧移,1
14689,轉碧梧移鵲,1
14690,碧梧移鵲影,1
14691,梧移鵲影露,1
14692,移鵲影露低,1
14693,鵲影露低紅,1
14694,影露低紅葉,1
14695,露低紅葉濕,1
14696,低紅葉濕螢,1
14697,紅葉濕螢光,1
14698,葉濕螢光西,1
14699,濕螢光西園,1
14700,螢光西園詩,1
14701,光西園詩侶,1
14702,西園詩侶應,1
14703,園詩侶應多,1
14704,詩侶應多思,1
14705,侶應多思莫,1
14706,應多思莫醉,1
14707,多思莫醉笙,1
14708,思莫醉笙歌,1
14709,莫醉笙歌掩,1
14710,醉笙歌掩畫,1
14711,笙歌掩畫堂,1
14712,歌掩畫堂太,1
14713,掩畫堂太乙,1
14714,畫堂太乙靈,1
14715,堂太乙靈方,1
14716,太乙靈方煉,1
14717,乙靈方煉紫,1
14718,靈方煉紫荷,1
14719,方煉紫荷紫,1
14720,煉紫荷紫荷,1
14721,紫荷紫荷飛,1
14722,荷紫荷飛盡,1
14723,紫荷飛盡發,1
14724,荷飛盡發皤,1
14725,飛盡發皤皤,1
14726,盡發皤皤猿,1
14727,發皤皤猿啼,1
14728,皤皤猿啼巫,1
14729,皤猿啼巫峽,1
14730,猿啼巫峽曉,1
14731,啼巫峽曉雲,1
14732,巫峽曉雲薄,1
14733,峽曉雲薄雁,1
14734,曉雲薄雁宿,1
14735,雲薄雁宿洞,1
14736,薄雁宿洞庭,1
14737,雁宿洞庭秋,1
14738,宿洞庭秋月,1
14739,洞庭秋月多,1
14740,庭秋月多導,1
14741,秋月多導引,1
14742,月多導引豈,1
14743,多導引豈如,1
14744,導引豈如桃,1
14745,引豈如桃葉,1
14746,豈如桃葉舞,1
14747,如桃葉舞步,1
14748,桃葉舞步虛,1
14749,葉舞步虛寧,1
14750,舞步虛寧比,1
14751,步虛寧比竹,1
14752,虛寧比竹枝,1
14753,寧比竹枝歌,1
14754,比竹枝歌華,1
14755,竹枝歌華陽,1
14756,枝歌華陽舊,1
14757,歌華陽舊隱,1
14758,華陽舊隱莫,1
14759,陽舊隱莫歸,1
14760,舊隱莫歸去,1
14761,隱莫歸去水,1
14762,莫歸去水沒,1
14763,歸去水沒芝,1
14764,去水沒芝田,1
14765,水沒芝田生,1
14766,沒芝田生綠,1
14767,芝田生綠莎,1
14768,田生綠莎西,1
14769,生綠莎西湖,1
14770,綠莎西湖清,1
14771,莎西湖清宴,1
14772,西湖清宴不,1
14773,湖清宴不知,1
14774,清宴不知回,1
14775,宴不知回一,1
14776,不知回一曲,1
14777,知回一曲離,1
14778,回一曲離歌,1
14779,一曲離歌酒,1
14780,曲離歌酒一,1
14781,離歌酒一杯,1
14782,歌酒一杯城,1
14783,酒一杯城帶,1
14784,一杯城帶夕,1
14785,杯城帶夕陽,1
14786,城帶夕陽聞,1
14787,帶夕陽聞鼓,1
14788,夕陽聞鼓角,1
14789,陽聞鼓角寺,1
14790,聞鼓角寺臨,1
14791,鼓角寺臨秋,1
14792,角寺臨秋水,1
14793,寺臨秋水見,1
14794,臨秋水見樓,1
14795,秋水見樓臺,1
14796,水見樓臺蘭,1
14797,見樓臺蘭堂,1
14798,樓臺蘭堂客,1
14799,臺蘭堂客散,1
14800,蘭堂客散蟬,1
14801,堂客散蟬猶,1
14802,客散蟬猶噪,1
14803,散蟬猶噪桂,1
14804,蟬猶噪桂楫,1
14805,猶噪桂楫人,1
14806,噪桂楫人稀,1
14807,桂楫人稀鳥,1
14808,楫人稀鳥自,1
14809,人稀鳥自來,1
14810,稀鳥自來獨,1
14811,鳥自來獨想,1
14812,自來獨想征,1
14813,來獨想征車,1
14814,獨想征車過,1
14815,想征車過鞏,1
14816,征車過鞏洛,1
14817,車過鞏洛此,1
14818,過鞏洛此中,1
14819,鞏洛此中霜,1
14820,洛此中霜菊,1
14821,此中霜菊繞,1
14822,中霜菊繞潭,1
14823,霜菊繞潭開,1
14824,菊繞潭開泣,1
14825,繞潭開泣玉,1
14826,潭開泣玉三,1
14827,開泣玉三年,1
14828,泣玉三年一,1
14829,玉三年一見,1
14830,三年一見君,1
14831,年一見君白,1
14832,一見君白衣,1
14833,見君白衣憔,1
14834,君白衣憔悴,1
14835,白衣憔悴更,1
14836,衣憔悴更離,1
14837,憔悴更離群,1
14838,悴更離群柳,1
14839,更離群柳堤,1
14840,離群柳堤惜,1
14841,群柳堤惜別,1
14842,柳堤惜別春,1
14843,堤惜別春潮,1
14844,惜別春潮落,1
14845,別春潮落花,1
14846,春潮落花榭,1
14847,潮落花榭留,1
14848,落花榭留歡,1
14849,花榭留歡夜,1
14850,榭留歡夜漏,1
14851,留歡夜漏分,1
14852,歡夜漏分孤,1
14853,夜漏分孤館,1
14854,漏分孤館宿,1
14855,分孤館宿時,1
14856,孤館宿時風,1
14857,館宿時風帶,1
14858,宿時風帶雨,1
14859,時風帶雨遠,1
14860,風帶雨遠帆,1
14861,帶雨遠帆歸,1
14862,雨遠帆歸處,1
14863,遠帆歸處水,1
14864,帆歸處水連,1
14865,歸處水連雲,1
14866,處水連雲悲,1
14867,水連雲悲歌,1
14868,連雲悲歌曲,1
14869,雲悲歌曲盡,1
14870,悲歌曲盡莫,1
14871,歌曲盡莫重,1
14872,曲盡莫重奏,1
14873,盡莫重奏心,1
14874,莫重奏心繞,1
14875,重奏心繞關,1
14876,奏心繞關河,1
14877,心繞關河不,1
14878,繞關河不忍,1
14879,關河不忍聞,1
14880,河不忍聞酷,1
14881,不忍聞酷似,1
14882,忍聞酷似牢,1
14883,聞酷似牢之,1
14884,酷似牢之玉,1
14885,似牢之玉不,1
14886,牢之玉不如,1
14887,之玉不如落,1
14888,玉不如落星,1
14889,不如落星山,1
14890,如落星山下,1
14891,落星山下白,1
14892,星山下白雲,1
14893,山下白雲居,1
14894,下白雲居春,1
14895,白雲居春耕,1
14896,雲居春耕旋,1
14897,居春耕旋構,1
14898,春耕旋構金,1
14899,耕旋構金門,1
14900,旋構金門客,1
14901,構金門客夜,1
14902,金門客夜學,1
14903,門客夜學兼,1
14904,客夜學兼修,1
14905,夜學兼修玉,1
14906,學兼修玉府,1
14907,兼修玉府書,1
14908,修玉府書風,1
14909,玉府書風掃,1
14910,府書風掃碧,1
14911,書風掃碧雲,1
14912,風掃碧雲迎,1
14913,掃碧雲迎鷙,1
14914,碧雲迎鷙鳥,1
14915,雲迎鷙鳥水,1
14916,迎鷙鳥水還,1
14917,鷙鳥水還滄,1
14918,鳥水還滄海,1
14919,水還滄海養,1
14920,還滄海養嘉,1
14921,滄海養嘉魚,1
14922,海養嘉魚莫,1
14923,養嘉魚莫將,1
14924,嘉魚莫將年,1
14925,魚莫將年少,1
14926,莫將年少輕,1
14927,將年少輕時,1
14928,年少輕時節,1
14929,少輕時節王,1
14930,輕時節王氏,1
14931,時節王氏家,1
14932,節王氏家風,1
14933,王氏家風在,1
14934,氏家風在石,1
14935,家風在石渠,1
14936,風在石渠一,1
14937,在石渠一匱,1
14938,石渠一匱為,1
14939,渠一匱為功,1
14940,一匱為功極,1
14941,匱為功極九,1
14942,為功極九層,1
14943,功極九層康,1
14944,極九層康莊,1
14945,九層康莊猶,1
14946,層康莊猶自,1
14947,康莊猶自劍,1
14948,莊猶自劍棱,1
14949,猶自劍棱棱,1
14950,自劍棱棱舟,1
14951,劍棱棱舟回,1
14952,棱棱舟回北,1
14953,棱舟回北渚,1
14954,舟回北渚經,1
14955,回北渚經年,1
14956,北渚經年泊,1
14957,渚經年泊門,1
14958,經年泊門接,1
14959,年泊門接東,1
14960,泊門接東山,1
14961,門接東山盡,1
14962,接東山盡日,1
14963,東山盡日登,1
14964,山盡日登萬,1
14965,盡日登萬國,1
14966,日登萬國已,1
14967,登萬國已聞,1
14968,萬國已聞傳,1
14969,國已聞傳玉,1
14970,已聞傳玉璽,1
14971,聞傳玉璽百,1
14972,傳玉璽百官,1
14973,玉璽百官猶,1
14974,璽百官猶望,1
14975,百官猶望啟,1
14976,官猶望啟金,1
14977,猶望啟金縢,1
14978,望啟金縢賢,1
14979,啟金縢賢臣,1
14980,金縢賢臣會,1
14981,縢賢臣會致,1
14982,賢臣會致唐,1
14983,臣會致唐虞,1
14984,會致唐虞世,1
14985,致唐虞世獨,1
14986,唐虞世獨倚,1
14987,虞世獨倚江,1
14988,世獨倚江樓,1
14989,獨倚江樓笑,1
14990,倚江樓笑範,1
14991,江樓笑範增,1
14992,樓笑範增千,1
14993,笑範增千官,1
14994,範增千官奉,1
14995,增千官奉職,1
14996,千官奉職袞,1
14997,官奉職袞龍,1
14998,奉職袞龍垂,1
14999,職袞龍垂旅,1
15000,袞龍垂旅臥,1
15001,龍垂旅臥淮,1
15002,垂旅臥淮陽,1
15003,旅臥淮陽鬢,1
15004,臥淮陽鬢日,1
15005,淮陽鬢日衰,1
15006,陽鬢日衰三,1
15007,鬢日衰三月,1
15008,日衰三月已,1
15009,衰三月已乖,1
15010,三月已乖棠,1
15011,月已乖棠樹,1
15012,已乖棠樹政,1
15013,乖棠樹政二,1
15014,棠樹政二年,1
15015,樹政二年空,1
15016,政二年空負,1
15017,二年空負竹,1
15018,年空負竹林,1
15019,空負竹林期,1
15020,負竹林期樓,1
15021,竹林期樓侵,1
15022,林期樓侵白,1
15023,期樓侵白浪,1
15024,樓侵白浪風,1
15025,侵白浪風來,1
15026,白浪風來遠,1
15027,浪風來遠城,1
15028,風來遠城抱,1
15029,來遠城抱丹,1
15030,遠城抱丹岩,1
15031,城抱丹岩日,1
15032,抱丹岩日到,1
15033,丹岩日到遲,1
15034,岩日到遲長,1
15035,日到遲長欲,1
15036,到遲長欲掛,1
15037,遲長欲掛帆,1
15038,長欲掛帆君,1
15039,欲掛帆君莫,1
15040,掛帆君莫笑,1
15041,帆君莫笑越,1
15042,君莫笑越禽,1
15043,莫笑越禽花,1
15044,笑越禽花晚,1
15045,越禽花晚夢,1
15046,禽花晚夢南,1
15047,花晚夢南枝,1
15048,晚夢南枝盧,1
15049,夢南枝盧橘,1
15050,南枝盧橘含,1
15051,枝盧橘含花,1
15052,盧橘含花處,1
15053,橘含花處處,1
15054,含花處處香,1
15055,花處處香老,1
15056,處處香老人,1
15057,處香老人依,1
15058,香老人依舊,1
15059,老人依舊臥,1
15060,人依舊臥清,1
15061,依舊臥清漳,1
15062,舊臥清漳心,1
15063,臥清漳心同,1
15064,清漳心同客,1
15065,漳心同客舍,1
15066,心同客舍驚,1
15067,同客舍驚秋,1
15068,客舍驚秋早,1
15069,舍驚秋早跡,1
15070,驚秋早跡似,1
15071,秋早跡似僧,1
15072,早跡似僧齋,1
15073,跡似僧齋厭,1
15074,似僧齋厭夜,1
15075,僧齋厭夜長,1
15076,齋厭夜長風,1
15077,厭夜長風卷,1
15078,夜長風卷翠,1
15079,長風卷翠簾,1
15080,風卷翠簾琴,1
15081,卷翠簾琴自,1
15082,翠簾琴自響,1
15083,簾琴自響露,1
15084,琴自響露凝,1
15085,自響露凝朱,1
15086,響露凝朱閣,1
15087,露凝朱閣簟,1
15088,凝朱閣簟先,1
15089,朱閣簟先涼,1
15090,閣簟先涼明,1
15091,簟先涼明朝,1
15092,先涼明朝欲,1
15093,涼明朝欲醉,1
15094,明朝欲醉文,1
15095,朝欲醉文中,1
15096,欲醉文中彥,1
15097,醉文中彥猶,1
15098,文中彥猶覺,1
15099,中彥猶覺吟,1
15100,彥猶覺吟聲,1
15101,猶覺吟聲帶,1
15102,覺吟聲帶越,1
15103,吟聲帶越鄉,1
15104,聲帶越鄉六,1
15105,帶越鄉六十,1
15106,越鄉六十懸,1
15107,鄉六十懸車,1
15108,六十懸車自,1
15109,十懸車自古,1
15110,懸車自古稀,1
15111,車自古稀我,1
15112,自古稀我公,1
15113,古稀我公年,1
15114,稀我公年少,1
15115,我公年少獨,1
15116,公年少獨忘,1
15117,年少獨忘機,1
15118,少獨忘機門,1
15119,獨忘機門臨,1
15120,忘機門臨二,1
15121,機門臨二室,1
15122,門臨二室留,1
15123,臨二室留侯,1
15124,二室留侯隱,1
15125,室留侯隱棹,1
15126,留侯隱棹倚,1
15127,侯隱棹倚三,1
15128,隱棹倚三川,1
15129,棹倚三川越,1
15130,倚三川越相,1
15131,三川越相歸,1
15132,川越相歸不,1
15133,越相歸不擬,1
15134,相歸不擬優,1
15135,歸不擬優遊,1
15136,不擬優遊同,1
15137,擬優遊同陸,1
15138,優遊同陸賈,1
15139,遊同陸賈已,1
15140,同陸賈已回,1
15141,陸賈已回清,1
15142,賈已回清白,1
15143,已回清白遺,1
15144,回清白遺胡,1
15145,清白遺胡威,1
15146,白遺胡威龍,1
15147,遺胡威龍城,1
15148,胡威龍城鳳,1
15149,威龍城鳳沼,1
15150,龍城鳳沼棠,1
15151,城鳳沼棠陰,1
15152,鳳沼棠陰在,1
15153,沼棠陰在只,1
15154,棠陰在只恐,1
15155,陰在只恐歸,1
15156,在只恐歸鴻,1
15157,只恐歸鴻更,1
15158,恐歸鴻更北,1
15159,歸鴻更北飛,1
15160,鴻更北飛坐,1
15161,更北飛坐窮,1
15162,北飛坐窮今,1
15163,飛坐窮今古,1
15164,坐窮今古掩,1
15165,窮今古掩書,1
15166,今古掩書堂,1
15167,古掩書堂二,1
15168,掩書堂二頃,1
15169,書堂二頃湖,1
15170,堂二頃湖田,1
15171,二頃湖田一,1
15172,頃湖田一半,1
15173,湖田一半荒,1
15174,田一半荒荊,1
15175,一半荒荊樹,1
15176,半荒荊樹有,1
15177,荒荊樹有花,1
15178,荊樹有花兄,1
15179,樹有花兄弟,1
15180,有花兄弟樂,1
15181,花兄弟樂橘,1
15182,兄弟樂橘林,1
15183,弟樂橘林無,1
15184,樂橘林無實,1
15185,橘林無實子,1
15186,林無實子孫,1
15187,無實子孫忙,1
15188,實子孫忙龍,1
15189,子孫忙龍歸,1
15190,孫忙龍歸曉,1
15191,忙龍歸曉洞,1
15192,龍歸曉洞雲,1
15193,歸曉洞雲猶,1
15194,曉洞雲猶濕,1
15195,洞雲猶濕麝,1
15196,雲猶濕麝過,1
15197,猶濕麝過春,1
15198,濕麝過春山,1
15199,麝過春山草,1
15200,過春山草自,1
15201,春山草自香,1
15202,山草自香向,1
15203,草自香向夜,1
15204,自香向夜欲,1
15205,香向夜欲歸,1
15206,向夜欲歸心,1
15207,夜欲歸心萬,1
15208,欲歸心萬里,1
15209,歸心萬里故,1
15210,心萬里故園,1
15211,萬里故園松,1
15212,里故園松月,1
15213,故園松月更,1
15214,園松月更蒼,1
15215,松月更蒼蒼,1
15216,月更蒼蒼強,1
15217,更蒼蒼強留,1
15218,蒼蒼強留佳,1
15219,蒼強留佳客,1
15220,強留佳客宴,1
15221,留佳客宴王,1
15222,佳客宴王孫,1
15223,客宴王孫岩,1
15224,宴王孫岩上,1
15225,王孫岩上餘,1
15226,孫岩上餘花,1
15227,岩上餘花落,1
15228,上餘花落酒,1
15229,餘花落酒樽,1
15230,花落酒樽書,1
15231,落酒樽書院,1
15232,酒樽書院欲,1
15233,樽書院欲開,1
15234,書院欲開蟲,1
15235,院欲開蟲網,1
15236,欲開蟲網戶,1
15237,開蟲網戶訟,1
15238,蟲網戶訟庭,1
15239,網戶訟庭猶,1
15240,戶訟庭猶掩,1
15241,訟庭猶掩雀,1
15242,庭猶掩雀羅,1
15243,猶掩雀羅門,1
15244,掩雀羅門耳,1
15245,雀羅門耳虛,1
15246,羅門耳虛盡,1
15247,門耳虛盡日,1
15248,耳虛盡日疑,1
15249,虛盡日疑琴,1
15250,盡日疑琴癖,1
15251,日疑琴癖眼,1
15252,疑琴癖眼暗,1
15253,琴癖眼暗經,1
15254,癖眼暗經秋,1
15255,眼暗經秋覺,1
15256,暗經秋覺鏡,1
15257,經秋覺鏡昏,1
15258,秋覺鏡昏莫,1
15259,覺鏡昏莫引,1
15260,鏡昏莫引劉,1
15261,昏莫引劉安,1
15262,莫引劉安倚,1
15263,引劉安倚西,1
15264,劉安倚西檻,1
15265,安倚西檻夜,1
15266,倚西檻夜來,1
15267,西檻夜來紅,1
15268,檻夜來紅葉,1
15269,夜來紅葉下,1
15270,來紅葉下江,1
15271,紅葉下江村,1
15272,葉下江村茲,1
15273,下江村茲樓,1
15274,江村茲樓今,1
15275,村茲樓今是,1
15276,茲樓今是望,1
15277,樓今是望鄉,1
15278,今是望鄉台,1
15279,是望鄉台鄉,1
15280,望鄉台鄉信,1
15281,鄉台鄉信全,1
15282,台鄉信全稀,1
15283,鄉信全稀曉,1
15284,信全稀曉雁,1
15285,全稀曉雁哀,1
15286,稀曉雁哀山,1
15287,曉雁哀山翠,1
15288,雁哀山翠萬,1
15289,哀山翠萬重,1
15290,山翠萬重當,1
15291,翠萬重當檻,1
15292,萬重當檻出,1
15293,重當檻出水,1
15294,當檻出水華,1
15295,檻出水華千,1
15296,出水華千里,1
15297,水華千里抱,1
15298,華千里抱城,1
15299,千里抱城來,1
15300,里抱城來東,1
15301,抱城來東岩,1
15302,城來東岩月,1
15303,來東岩月在,1
15304,東岩月在僧,1
15305,岩月在僧初,1
15306,月在僧初定,1
15307,在僧初定南,1
15308,僧初定南浦,1
15309,初定南浦花,1
15310,定南浦花殘,1
15311,南浦花殘客,1
15312,浦花殘客未,1
15313,花殘客未回,1
15314,殘客未回欲,1
15315,客未回欲吊,1
15316,未回欲吊靈,1
15317,回欲吊靈均,1
15318,欲吊靈均能,1
15319,吊靈均能賦,1
15320,靈均能賦否,1
15321,均能賦否秋,1
15322,能賦否秋風,1
15323,賦否秋風還,1
15324,否秋風還有,1
15325,秋風還有木,1
15326,風還有木蘭,1
15327,還有木蘭開,1
15328,有木蘭開病,1
15329,木蘭開病守,1
15330,蘭開病守江,1
15331,開病守江城,1
15332,病守江城眼,1
15333,守江城眼暫,1
15334,江城眼暫開,1
15335,城眼暫開昔,1
15336,眼暫開昔年,1
15337,暫開昔年吳,1
15338,開昔年吳越,1
15339,昔年吳越共,1
15340,年吳越共銜,1
15341,吳越共銜杯,1
15342,越共銜杯膺,1
15343,共銜杯膺舟,1
15344,銜杯膺舟出,1
15345,杯膺舟出鎮,1
15346,膺舟出鎮虛,1
15347,舟出鎮虛陳,1
15348,出鎮虛陳榻,1
15349,鎮虛陳榻鄭,1
15350,虛陳榻鄭履,1
15351,陳榻鄭履還,1
15352,榻鄭履還京,1
15353,鄭履還京下,1
15354,履還京下隗,1
15355,還京下隗台,1
15356,京下隗台雲,1
15357,下隗台雲葉,1
15358,隗台雲葉漸,1
15359,台雲葉漸低,1
15360,雲葉漸低朱,1
15361,葉漸低朱閣,1
15362,漸低朱閣掩,1
15363,低朱閣掩浪,1
15364,朱閣掩浪花,1
15365,閣掩浪花初,1
15366,掩浪花初起,1
15367,浪花初起畫,1
15368,花初起畫檣,1
15369,初起畫檣回,1
15370,起畫檣回心,1
15371,畫檣回心期,1
15372,檣回心期解,1
15373,回心期解印,1
15374,心期解印同,1
15375,期解印同君,1
15376,解印同君醉,1
15377,印同君醉九,1
15378,同君醉九曲,1
15379,君醉九曲池,1
15380,醉九曲池西,1
15381,九曲池西望,1
15382,曲池西望月,1
15383,池西望月來,1
15384,西望月來白,1
15385,望月來白雪,1
15386,月來白雪多,1
15387,來白雪多隨,1
15388,白雪多隨漢,1
15389,雪多隨漢水,1
15390,多隨漢水流,1
15391,隨漢水流謾,1
15392,漢水流謾勞,1
15393,水流謾勞旌,1
15394,流謾勞旌旆,1
15395,謾勞旌旆晚,1
15396,勞旌旆晚悠,1
15397,旌旆晚悠悠,1
15398,旆晚悠悠笙,1
15399,晚悠悠笙歌,1
15400,悠悠笙歌暗,1
15401,悠笙歌暗寫,1
15402,笙歌暗寫終,1
15403,歌暗寫終年,1
15404,暗寫終年恨,1
15405,寫終年恨台,1
15406,終年恨台榭,1
15407,年恨台榭潛,1
15408,恨台榭潛消,1
15409,台榭潛消盡,1
15410,榭潛消盡日,1
15411,潛消盡日憂,1
15412,消盡日憂鳥,1
15413,盡日憂鳥散,1
15414,日憂鳥散落,1
15415,憂鳥散落花,1
15416,鳥散落花人,1
15417,散落花人自,1
15418,落花人自醉,1
15419,花人自醉馬,1
15420,人自醉馬嘶,1
15421,自醉馬嘶芳,1
15422,醉馬嘶芳草,1
15423,馬嘶芳草客,1
15424,嘶芳草客先,1
15425,芳草客先愁,1
15426,草客先愁怪,1
15427,客先愁怪來,1
15428,先愁怪來雅,1
15429,愁怪來雅韻,1
15430,怪來雅韻清,1
15431,來雅韻清無,1
15432,雅韻清無敵,1
15433,韻清無敵三,1
15434,清無敵三十,1
15435,無敵三十六,1
15436,敵三十六峰,1
15437,三十六峰當,1
15438,十六峰當庾,1
15439,六峰當庾樓,1
15440,峰當庾樓無,1
15441,當庾樓無處,1
15442,庾樓無處登,1
15443,樓無處登臨,1
15444,無處登臨不,1
15445,處登臨不系,1
15446,登臨不系情,1
15447,臨不系情一,1
15448,不系情一憑,1
15449,系情一憑春,1
15450,情一憑春酒,1
15451,一憑春酒醉,1
15452,憑春酒醉高,1
15453,春酒醉高城,1
15454,酒醉高城暫,1
15455,醉高城暫移,1
15456,高城暫移羅,1
15457,城暫移羅綺,1
15458,暫移羅綺見,1
15459,移羅綺見山,1
15460,羅綺見山色,1
15461,綺見山色才,1
15462,見山色才駐,1
15463,山色才駐管,1
15464,色才駐管弦,1
15465,才駐管弦聞,1
15466,駐管弦聞水,1
15467,管弦聞水聲,1
15468,弦聞水聲花,1
15469,聞水聲花落,1
15470,水聲花落西,1
15471,聲花落西亭,1
15472,花落西亭添,1
15473,落西亭添別,1
15474,西亭添別恨,1
15475,亭添別恨柳,1
15476,添別恨柳陰,1
15477,別恨柳陰南,1
15478,恨柳陰南浦,1
15479,柳陰南浦促,1
15480,陰南浦促歸,1
15481,南浦促歸程,1
15482,浦促歸程前,1
15483,促歸程前期,1
15484,歸程前期迢,1
15485,程前期迢遞,1
15486,前期迢遞今,1
15487,期迢遞今宵,1
15488,迢遞今宵短,1
15489,遞今宵短更,1
15490,今宵短更倚,1
15491,宵短更倚朱,1
15492,短更倚朱闌,1
15493,更倚朱闌待,1
15494,倚朱闌待月,1
15495,朱闌待月明,1
15496,闌待月明楚,1
15497,待月明楚客,1
15498,月明楚客送,1
15499,明楚客送僧,1
15500,客送僧歸故,1
15501,送僧歸故鄉,1
15502,僧歸故鄉海,1
15503,歸故鄉海門,1
15504,故鄉海門帆,1
15505,鄉海門帆勢,1
15506,聲春思長滿,1
15507,春思長滿院,1
15508,思長滿院草,1
15509,長滿院草花,1
15510,滿院草花平,1
15511,院草花平講,1
15512,草花平講席,1
15513,花平講席繞,1
15514,平講席繞龕,1
15515,講席繞龕藤,1
15516,席繞龕藤葉,1
15517,繞龕藤葉蓋,1
15518,龕藤葉蓋禪,1
15519,藤葉蓋禪床,1
15520,葉蓋禪床憐,1
15521,蓋禪床憐師,1
15522,禪床憐師不,1
15523,床憐師不得,1
15524,憐師不得隨,1
15525,師不得隨師,1
15526,不得隨師去,1
15527,得隨師去已,1
15528,隨師去已戴,1
15529,師去已戴儒,1
15530,去已戴儒冠,1
15531,已戴儒冠事,1
15532,戴儒冠事素,1
15533,儒冠事素王,1
15534,冠事素王莫,1
15535,事素王莫言,1
15536,素王莫言名,1
15537,王莫言名重,1
15538,莫言名重懶,1
15539,言名重懶驅,1
15540,名重懶驅雞,1
15541,重懶驅雞六,1
15542,懶驅雞六代,1
15543,驅雞六代江,1
15544,雞六代江山,1
15545,六代江山碧,1
15546,代江山碧海,1
15547,江山碧海西,1
15548,山碧海西日,1
15549,碧海西日照,1
15550,海西日照蒹,1
15551,西日照蒹葭,1
15552,日照蒹葭明,1
15553,照蒹葭明楚,1
15554,蒹葭明楚塞,1
15555,葭明楚塞煙,1
15556,明楚塞煙分,1
15557,楚塞煙分楊,1
15558,塞煙分楊柳,1
15559,煙分楊柳見,1
15560,分楊柳見隋,1
15561,楊柳見隋堤,1
15562,柳見隋堤荒,1
15563,見隋堤荒城,1
15564,隋堤荒城樹,1
15565,堤荒城樹暗,1
15566,荒城樹暗沉,1
15567,城樹暗沉書,1
15568,樹暗沉書浦,1
15569,暗沉書浦舊,1
15570,沉書浦舊宅,1
15571,書浦舊宅花,1
15572,浦舊宅花連,1
15573,舊宅花連罨,1
15574,宅花連罨畫,1
15575,花連罨畫溪,1
15576,連罨畫溪官,1
15577,罨畫溪官滿,1
15578,畫溪官滿定,1
15579,溪官滿定知,1
15580,官滿定知歸,1
15581,滿定知歸未,1
15582,定知歸未得,1
15583,知歸未得九,1
15584,歸未得九重,1
15585,未得九重霄,1
15586,得九重霄漢,1
15587,九重霄漢有,1
15588,重霄漢有丹,1
15589,霄漢有丹梯,1
15590,漢有丹梯煬,1
15591,有丹梯煬帝,1
15592,丹梯煬帝都,1
15593,梯煬帝都城,1
15594,煬帝都城春,1
15595,帝都城春水,1
15596,都城春水邊,1
15597,城春水邊笙,1
15598,春水邊笙歌,1
15599,水邊笙歌夜,1
15600,邊笙歌夜上,1
15601,笙歌夜上木,1
15602,歌夜上木蘭,1
15603,夜上木蘭船,1
15604,上木蘭船三,1
15605,木蘭船三千,1
15606,蘭船三千宮,1
15607,船三千宮女,1
15608,三千宮女自,1
15609,千宮女自塗,1
15610,宮女自塗地,1
15611,女自塗地十,1
15612,自塗地十萬,1
15613,塗地十萬人,1
15614,地十萬人家,1
15615,十萬人家如,1
15616,萬人家如洞,1
15617,人家如洞天,1
15618,家如洞天豔,1
15619,如洞天豔豔,1
15620,洞天豔豔花,1
15621,天豔豔花枝,1
15622,豔豔花枝官,1
15623,豔花枝官舍,1
15624,花枝官舍晚,1
15625,枝官舍晚重,1
15626,官舍晚重重,1
15627,舍晚重重雲,1
15628,晚重重雲影,1
15629,重重雲影寺,1
15630,重雲影寺牆,1
15631,雲影寺牆連,1
15632,影寺牆連少,1
15633,寺牆連少年,1
15634,牆連少年作,1
15635,連少年作尉,1
15636,少年作尉須,1
15637,年作尉須兢,1
15638,作尉須兢慎,1
15639,尉須兢慎莫,1
15640,須兢慎莫向,1
15641,兢慎莫向樓,1
15642,慎莫向樓前,1
15643,莫向樓前墜,1
15644,向樓前墜馬,1
15645,樓前墜馬鞭,1
15646,前墜馬鞭雪,1
15647,墜馬鞭雪帶,1
15648,馬鞭雪帶東,1
15649,鞭雪帶東風,1
15650,雪帶東風洗,1
15651,帶東風洗畫,1
15652,東風洗畫屏,1
15653,風洗畫屏客,1
15654,洗畫屏客星,1
15655,畫屏客星懸,1
15656,屏客星懸處,1
15657,客星懸處聚,1
15658,星懸處聚文,1
15659,懸處聚文星,1
15660,處聚文星未,1
15661,聚文星未歸,1
15662,文星未歸嵩,1
15663,星未歸嵩嶺,1
15664,未歸嵩嶺暮,1
15665,歸嵩嶺暮雲,1
15666,嵩嶺暮雲碧,1
15667,嶺暮雲碧久,1
15668,暮雲碧久別,1
15669,雲碧久別杜,1
15670,碧久別杜陵,1
15671,久別杜陵春,1
15672,別杜陵春草,1
15673,杜陵春草青,1
15674,陵春草青熊,1
15675,春草青熊軾,1
15676,草青熊軾並,1
15677,青熊軾並驅,1
15678,熊軾並驅因,1
15679,軾並驅因雀,1
15680,並驅因雀噪,1
15681,驅因雀噪隼,1
15682,因雀噪隼旟,1
15683,雀噪隼旟齊,1
15684,噪隼旟齊駐,1
15685,隼旟齊駐是,1
15686,旟齊駐是鴻,1
15687,齊駐是鴻冥,1
15688,駐是鴻冥豈,1
15689,是鴻冥豈知,1
15690,鴻冥豈知京,1
15691,冥豈知京洛,1
15692,豈知京洛舊,1
15693,知京洛舊親,1
15694,京洛舊親友,1
15695,洛舊親友夢,1
15696,舊親友夢繞,1
15697,親友夢繞潺,1
15698,友夢繞潺湲,1
15699,夢繞潺湲江,1
15700,繞潺湲江上,1
15701,潺湲江上亭,1
15702,湲江上亭死,1
15703,江上亭死酬,1
15704,上亭死酬知,1
15705,亭死酬知己,1
15706,死酬知己道,1
15707,酬知己道終,1
15708,知己道終全,1
15709,己道終全波,1
15710,道終全波暖,1
15711,終全波暖孤,1
15712,全波暖孤冰,1
15713,波暖孤冰且,1
15714,暖孤冰且自,1
15715,孤冰且自堅,1
15716,冰且自堅鵩,1
15717,且自堅鵩上,1
15718,自堅鵩上承,1
15719,堅鵩上承塵,1
15720,鵩上承塵才,1
15721,上承塵才一,1
15722,承塵才一日,1
15723,塵才一日鶴,1
15724,才一日鶴歸,1
15725,一日鶴歸華,1
15726,日鶴歸華表,1
15727,鶴歸華表已,1
15728,歸華表已千,1
15729,華表已千年,1
15730,表已千年風,1
15731,已千年風吹,1
15732,千年風吹藥,1
15733,年風吹藥蔓,1
15734,風吹藥蔓迷,1
15735,吹藥蔓迷樵,1
15736,藥蔓迷樵徑,1
15737,蔓迷樵徑雨,1
15738,迷樵徑雨暗,1
15739,樵徑雨暗蘆,1
15740,徑雨暗蘆花,1
15741,雨暗蘆花失,1
15742,暗蘆花失釣,1
15743,蘆花失釣船,1
15744,花失釣船四,1
15745,失釣船四尺,1
15746,釣船四尺孤,1
15747,船四尺孤墳,1
15748,四尺孤墳何,1
15749,尺孤墳何處,1
15750,孤墳何處是,1
15751,墳何處是闔,1
15752,何處是闔閭,1
15753,處是闔閭城,1
15754,是闔閭城外,1
15755,闔閭城外草,1
15756,閭城外草連,1
15757,城外草連天,1
15758,外草連天陪,1
15759,草連天陪泛,1
15760,連天陪泛芳,1
15761,天陪泛芳池,1
15762,陪泛芳池醉,1
15763,泛芳池醉北,1
15764,芳池醉北樓,1
15765,池醉北樓水,1
15766,醉北樓水花,1
15767,北樓水花繁,1
15768,樓水花繁豔,1
15769,水花繁豔照,1
15770,花繁豔照膺,1
15771,繁豔照膺舟,1
15772,豔照膺舟亭,1
15773,照膺舟亭台,1
15774,膺舟亭台陰,1
15775,舟亭台陰合,1
15776,亭台陰合樹,1
15777,台陰合樹初,1
15778,陰合樹初晝,1
15779,合樹初晝弦,1
15780,樹初晝弦管,1
15781,初晝弦管韻,1
15782,晝弦管韻高,1
15783,弦管韻高山,1
15784,管韻高山欲,1
15785,韻高山欲秋,1
15786,高山欲秋皆,1
15787,山欲秋皆賀,1
15788,欲秋皆賀虢,1
15789,秋皆賀虢岩,1
15790,皆賀虢岩終,1
15791,賀虢岩終選,1
15792,虢岩終選傅,1
15793,岩終選傅自,1
15794,終選傅自傷,1
15795,選傅自傷燕,1
15796,傅自傷燕谷,1
15797,自傷燕谷未,1
15798,傷燕谷未逢,1
15799,燕谷未逢鄒,1
15800,谷未逢鄒昔,1
15801,未逢鄒昔時,1
15802,逢鄒昔時恩,1
15803,鄒昔時恩遇,1
15804,昔時恩遇今,1
15805,時恩遇今能,1
15806,恩遇今能否,1
15807,遇今能否一,1
15808,今能否一尉,1
15809,能否一尉滄,1
15810,否一尉滄洲,1
15811,一尉滄洲已,1
15812,尉滄洲已白,1
15813,滄洲已白頭,1
15814,洲已白頭江,1
15815,已白頭江上,1
15816,白頭江上西,1
15817,頭江上西來,1
15818,江上西來共,1
15819,上西來共鳥,1
15820,西來共鳥飛,1
15821,來共鳥飛剪,1
15822,共鳥飛剪荷,1
15823,鳥飛剪荷浮,1
15824,飛剪荷浮泛,1
15825,剪荷浮泛似,1
15826,荷浮泛似輕,1
15827,浮泛似輕肥,1
15828,泛似輕肥王,1
15829,似輕肥王珣,1
15830,輕肥王珣作,1
15831,肥王珣作簿,1
15832,王珣作簿公,1
15833,珣作簿公曾,1
15834,作簿公曾喜,1
15835,簿公曾喜劉,1
15836,公曾喜劉表,1
15837,曾喜劉表為,1
15838,喜劉表為邦,1
15839,劉表為邦客,1
15840,表為邦客盡,1
15841,為邦客盡依,1
15842,邦客盡依雲,1
15843,客盡依雲外,1
15844,盡依雲外軒,1
15845,依雲外軒窗,1
15846,雲外軒窗通,1
15847,外軒窗通早,1
15848,軒窗通早景,1
15849,窗通早景風,1
15850,通早景風前,1
15851,早景風前簫,1
15852,景風前簫鼓,1
15853,風前簫鼓送,1
15854,前簫鼓送殘,1
15855,簫鼓送殘暉,1
15856,鼓送殘暉宛,1
15857,送殘暉宛陵,1
15858,殘暉宛陵行,1
15859,暉宛陵行樂,1
15860,宛陵行樂金,1
15861,陵行樂金陵,1
15862,行樂金陵住,1
15863,樂金陵住遙,1
15864,金陵住遙對,1
15865,陵住遙對家,1
15866,住遙對家山,1
15867,遙對家山未,1
15868,對家山未憶,1
15869,家山未憶歸,1
15870,山未憶歸海,1
15871,未憶歸海門,1
15872,憶歸海門征,1
15873,歸海門征棹,1
15874,海門征棹赴,1
15875,門征棹赴龍,1
15876,征棹赴龍瀧,1
15877,棹赴龍瀧暫,1
15878,赴龍瀧暫寄,1
15879,龍瀧暫寄華,1
15880,瀧暫寄華筵,1
15881,暫寄華筵倒,1
15882,寄華筵倒玉,1
15883,華筵倒玉缸,1
15884,筵倒玉缸簫,1
15885,倒玉缸簫鼓,1
15886,玉缸簫鼓散,1
15887,缸簫鼓散時,1
15888,簫鼓散時逢,1
15889,鼓散時逢夜,1
15890,散時逢夜雨,1
15891,時逢夜雨綺,1
15892,逢夜雨綺羅,1
15893,夜雨綺羅分,1
15894,雨綺羅分處,1
15895,綺羅分處下,1
15896,羅分處下秋,1
15897,分處下秋江,1
15898,處下秋江孤,1
15899,下秋江孤帆,1
15900,秋江孤帆已,1
15901,江孤帆已過,1
15902,孤帆已過滕,1
15903,帆已過滕王,1
15904,已過滕王閣,1
15905,過滕王閣高,1
15906,滕王閣高榻,1
15907,王閣高榻留,1
15908,閣高榻留眠,1
15909,高榻留眠謝,1
15910,榻留眠謝守,1
15911,留眠謝守窗,1
15912,眠謝守窗卻,1
15913,謝守窗卻願,1
15914,守窗卻願煙,1
15915,窗卻願煙波,1
15916,卻願煙波阻,1
15917,願煙波阻風,1
15918,煙波阻風雪,1
15919,波阻風雪待,1
15920,阻風雪待君,1
15921,風雪待君同,1
15922,雪待君同拜,1
15923,待君同拜碧,1
15924,君同拜碧油,1
15925,同拜碧油幢,1
15926,拜碧油幢舊,1
15927,碧油幢舊隱,1
15928,油幢舊隱青,1
15929,幢舊隱青山,1
15930,舊隱青山紫,1
15931,隱青山紫桂,1
15932,青山紫桂陰,1
15933,山紫桂陰一,1
15934,紫桂陰一書,1
15935,桂陰一書迢,1
15936,陰一書迢遞,1
15937,一書迢遞寄,1
15938,書迢遞寄歸,1
15939,迢遞寄歸心,1
15940,遞寄歸心謝,1
15941,寄歸心謝公,1
15942,歸心謝公樓,1
15943,心謝公樓上,1
15944,謝公樓上晚,1
15945,公樓上晚花,1
15946,樓上晚花盛,1
15947,上晚花盛揚,1
15948,晚花盛揚子,1
15949,花盛揚子宅,1
15950,盛揚子宅前,1
15951,揚子宅前春,1
15952,子宅前春草,1
15953,宅前春草深,1
15954,前春草深吳,1
15955,春草深吳岫,1
15956,草深吳岫雨,1
15957,深吳岫雨來,1
15958,吳岫雨來溪,1
15959,岫雨來溪鳥,1
15960,雨來溪鳥浴,1
15961,來溪鳥浴楚,1
15962,溪鳥浴楚江,1
15963,鳥浴楚江雲,1
15964,浴楚江雲暗,1
15965,楚江雲暗嶺,1
15966,江雲暗嶺猿,1
15967,雲暗嶺猿吟,1
15968,暗嶺猿吟野,1
15969,嶺猿吟野人,1
15970,猿吟野人寧,1
15971,吟野人寧憶,1
15972,野人寧憶滄,1
15973,人寧憶滄洲,1
15974,寧憶滄洲畔,1
15975,憶滄洲畔會,1
15976,滄洲畔會待,1
15977,洲畔會待吹,1
15978,畔會待吹噓,1
15979,會待吹噓定,1
15980,待吹噓定至,1
15981,吹噓定至音,1
15982,噓定至音千,1
15983,定至音千岩,1
15984,至音千岩萬,1
15985,音千岩萬壑,1
15986,千岩萬壑獨,1
15987,岩萬壑獨攜,1
15988,萬壑獨攜琴,1
15989,壑獨攜琴知,1
15990,獨攜琴知在,1
15991,攜琴知在陵,1
15992,琴知在陵陽,1
15993,知在陵陽不,1
15994,在陵陽不可,1
15995,陵陽不可尋,1
15996,陽不可尋去,1
15997,不可尋去轍,1
15998,可尋去轍已,1
15999,尋去轍已平,1
16000,去轍已平秋,1
16001,轍已平秋草,1
16002,已平秋草遍,1
16003,平秋草遍空,1
16004,秋草遍空齋,1
16005,草遍空齋長,1
16006,遍空齋長掩,1
16007,空齋長掩暮,1
16008,齋長掩暮雲,1
16009,長掩暮雲深,1
16010,掩暮雲深霜,1
16011,暮雲深霜寒,1
16012,雲深霜寒橡,1
16013,深霜寒橡栗,1
16014,霜寒橡栗留,1
16015,寒橡栗留山,1
16016,橡栗留山鼠,1
16017,栗留山鼠月,1
16018,留山鼠月冷,1
16019,山鼠月冷菰,1
16020,鼠月冷菰蒲,1
16021,月冷菰蒲散,1
16022,冷菰蒲散水,1
16023,菰蒲散水禽,1
16024,蒲散水禽唯,1
16025,散水禽唯有,1
16026,水禽唯有西,1
16027,禽唯有西鄰,1
16028,唯有西鄰張,1
16029,有西鄰張仲,1
16030,西鄰張仲蔚,1
16031,鄰張仲蔚坐,1
16032,張仲蔚坐來,1
16033,仲蔚坐來同,1
16034,蔚坐來同愴,1
16035,坐來同愴別,1
16036,來同愴別離,1
16037,同愴別離心,1
16038,愴別離心簫,1
16039,別離心簫管,1
16040,離心簫管筵,1
16041,心簫管筵間,1
16042,簫管筵間列,1
16043,管筵間列翠,1
16044,筵間列翠蛾,1
16045,間列翠蛾玉,1
16046,列翠蛾玉杯,1
16047,翠蛾玉杯金,1
16048,蛾玉杯金液,1
16049,玉杯金液耀,1
16050,杯金液耀金,1
16051,金液耀金波,1
16052,液耀金波池,1
16053,耀金波池邊,1
16054,金波池邊雨,1
16055,波池邊雨過,1
16056,池邊雨過飄,1
16057,邊雨過飄帷,1
16058,雨過飄帷幕,1
16059,過飄帷幕海,1
16060,飄帷幕海上,1
16061,帷幕海上風,1
16062,幕海上風來,1
16063,海上風來動,1
16064,上風來動綺,1
16065,風來動綺羅,1
16066,來動綺羅顏,1
16067,動綺羅顏子,1
16068,綺羅顏子巷,1
16069,羅顏子巷深,1
16070,顏子巷深青,1
16071,子巷深青草,1
16072,巷深青草遍,1
16073,深青草遍庾,1
16074,青草遍庾君,1
16075,草遍庾君樓,1
16076,遍庾君樓迥,1
16077,庾君樓迥碧,1
16078,君樓迥碧山,1
16079,樓迥碧山多,1
16080,迥碧山多甘,1
16081,碧山多甘心,1
16082,山多甘心不,1
16083,多甘心不及,1
16084,甘心不及同,1
16085,心不及同年,1
16086,不及同年友,1
16087,及同年友臥,1
16088,同年友臥聽,1
16089,年友臥聽行,1
16090,友臥聽行雲,1
16091,臥聽行雲一,1
16092,聽行雲一曲,1
16093,行雲一曲歌,1
16094,雲一曲歌十,1
16095,一曲歌十載,1
16096,曲歌十載功,1
16097,歌十載功名,1
16098,十載功名翰,1
16099,載功名翰墨,1
16100,功名翰墨林,1
16101,名翰墨林為,1
16102,翰墨林為從,1
16103,墨林為從知,1
16104,林為從知己,1
16105,為從知己信,1
16106,從知己信浮,1
16107,知己信浮沈,1
16108,己信浮沈青,1
16109,信浮沈青山,1
16110,浮沈青山有,1
16111,沈青山有雪,1
16112,青山有雪諳,1
16113,山有雪諳松,1
16114,有雪諳松性,1
16115,雪諳松性碧,1
16116,諳松性碧落,1
16117,松性碧落無,1
16118,性碧落無雲,1
16119,碧落無雲稱,1
16120,落無雲稱鶴,1
16121,無雲稱鶴心,1
16122,雲稱鶴心帶,1
16123,稱鶴心帶月,1
16124,鶴心帶月獨,1
16125,心帶月獨歸,1
16126,帶月獨歸蕭,1
16127,月獨歸蕭寺,1
16128,獨歸蕭寺遠,1
16129,歸蕭寺遠玩,1
16130,蕭寺遠玩花,1
16131,寺遠玩花頻,1
16132,遠玩花頻醉,1
16133,玩花頻醉庾,1
16134,花頻醉庾樓,1
16135,頻醉庾樓深,1
16136,醉庾樓深思,1
16137,庾樓深思君,1
16138,樓深思君一,1
16139,深思君一見,1
16140,思君一見如,1
16141,君一見如瓊,1
16142,一見如瓊樹,1
16143,見如瓊樹空,1
16144,如瓊樹空把,1
16145,瓊樹空把新,1
16146,樹空把新詩,1
16147,空把新詩盡,1
16148,把新詩盡日,1
16149,新詩盡日吟,1
16150,詩盡日吟長,1
16151,盡日吟長劍,1
16152,日吟長劍高,1
16153,吟長劍高歌,1
16154,長劍高歌換,1
16155,劍高歌換素,1
16156,高歌換素衣,1
16157,歌換素衣君,1
16158,換素衣君恩,1
16159,素衣君恩未,1
16160,衣君恩未報,1
16161,君恩未報不,1
16162,恩未報不言,1
16163,未報不言歸,1
16164,報不言歸舊,1
16165,不言歸舊精,1
16166,言歸舊精鳥,1
16167,歸舊精鳥篆,1
16168,舊精鳥篆諳,1
16169,精鳥篆諳書,1
16170,鳥篆諳書體,1
16171,篆諳書體新,1
16172,諳書體新授,1
16173,書體新授龍,1
16174,體新授龍韜,1
16175,新授龍韜識,1
16176,授龍韜識戰,1
16177,龍韜識戰機,1
16178,韜識戰機萬,1
16179,識戰機萬里,1
16180,戰機萬里往,1
16181,機萬里往來,1
16182,萬里往來征,1
16183,里往來征馬,1
16184,往來征馬瘦,1
16185,來征馬瘦十,1
16186,征馬瘦十年,1
16187,馬瘦十年離,1
16188,瘦十年離別,1
16189,十年離別故,1
16190,年離別故人,1
16191,離別故人稀,1
16192,別故人稀生,1
16193,故人稀生平,1
16194,人稀生平志,1
16195,稀生平志氣,1
16196,生平志氣何,1
16197,平志氣何人,1
16198,志氣何人見,1
16199,氣何人見空,1
16200,何人見空上,1
16201,人見空上西,1
16202,見空上西樓,1
16203,空上西樓望,1
16204,上西樓望落,1
16205,西樓望落暉,1
16206,樓望落暉吳,1
16207,望落暉吳門,1
16208,落暉吳門風,1
16209,暉吳門風水,1
16210,吳門風水各,1
16211,門風水各萍,1
16212,風水各萍流,1
16213,水各萍流月,1
16214,各萍流月滿,1
16215,萍流月滿花,1
16216,流月滿花開,1
16217,月滿花開懶,1
16218,滿花開懶獨,1
16219,花開懶獨遊,1
16220,開懶獨遊萬,1
16221,懶獨遊萬里,1
16222,獨遊萬里山,1
16223,遊萬里山川,1
16224,萬里山川分,1
16225,里山川分曉,1
16226,山川分曉夢,1
16227,川分曉夢四,1
16228,分曉夢四鄰,1
16229,曉夢四鄰歌,1
16230,夢四鄰歌管,1
16231,四鄰歌管送,1
16232,鄰歌管送春,1
16233,歌管送春愁,1
16234,管送春愁昔,1
16235,送春愁昔年,1
16236,春愁昔年顧,1
16237,愁昔年顧我,1
16238,昔年顧我長,1
16239,年顧我長青,1
16240,顧我長青眼,1
16241,我長青眼今,1
16242,長青眼今日,1
16243,青眼今日逢,1
16244,眼今日逢君,1
16245,今日逢君盡,1
16246,日逢君盡白,1
16247,逢君盡白頭,1
16248,君盡白頭莫,1
16249,盡白頭莫向,1
16250,白頭莫向尊,1
16251,頭莫向尊前,1
16252,莫向尊前更,1
16253,向尊前更惆,1
16254,尊前更惆悵,1
16255,前更惆悵古,1
16256,更惆悵古來,1
16257,惆悵古來投,1
16258,悵古來投筆,1
16259,古來投筆盡,1
16260,來投筆盡封,1
16261,投筆盡封侯,1
16262,筆盡封侯百,1
16263,盡封侯百年,1
16264,封侯百年身,1
16265,侯百年身世,1
16266,百年身世似,1
16267,年身世似飄,1
16268,身世似飄蓬,1
16269,世似飄蓬澤,1
16270,似飄蓬澤國,1
16271,飄蓬澤國移,1
16272,蓬澤國移家,1
16273,澤國移家疊,1
16274,國移家疊嶂,1
16275,移家疊嶂中,1
16276,家疊嶂中萬,1
16277,疊嶂中萬里,1
16278,嶂中萬里綠,1
16279,中萬里綠波,1
16280,萬里綠波魚,1
16281,里綠波魚戀,1
16282,綠波魚戀釣,1
16283,波魚戀釣九,1
16284,魚戀釣九重,1
16285,戀釣九重青,1
16286,釣九重青漢,1
16287,九重青漢鶴,1
16288,重青漢鶴愁,1
16289,青漢鶴愁籠,1
16290,漢鶴愁籠西,1
16291,鶴愁籠西池,1
16292,愁籠西池水,1
16293,籠西池水冷,1
16294,西池水冷春,1
16295,池水冷春岩,1
16296,水冷春岩雪,1
16297,冷春岩雪南,1
16298,春岩雪南浦,1
16299,岩雪南浦花,1
16300,雪南浦花香,1
16301,南浦花香曉,1
16302,浦花香曉樹,1
16303,花香曉樹風,1
16304,香曉樹風縱,1
16305,曉樹風縱倒,1
16306,樹風縱倒芳,1
16307,風縱倒芳尊,1
16308,縱倒芳尊心,1
16309,倒芳尊心不,1
16310,芳尊心不醉,1
16311,尊心不醉故,1
16312,心不醉故人,1
16313,不醉故人多,1
16314,醉故人多在,1
16315,故人多在洛,1
16316,人多在洛城,1
16317,多在洛城東,1
16318,在洛城東江,1
16319,洛城東江館,1
16320,城東江館維,1
16321,東江館維舟,1
16322,江館維舟為,1
16323,館維舟為庾,1
16324,維舟為庾公,1
16325,舟為庾公暖,1
16326,為庾公暖波,1
16327,庾公暖波微,1
16328,公暖波微淥,1
16329,暖波微淥雨,1
16330,波微淥雨濛,1
16331,微淥雨濛濛,1
16332,淥雨濛濛紅,1
16333,雨濛濛紅橋,1
16334,濛濛紅橋迤,1
16335,濛紅橋迤邐,1
16336,紅橋迤邐春,1
16337,橋迤邐春岩,1
16338,迤邐春岩下,1
16339,邐春岩下朱,1
16340,春岩下朱旆,1
16341,岩下朱旆聯,1
16342,下朱旆聯翩,1
16343,朱旆聯翩曉,1
16344,旆聯翩曉樹,1
16345,聯翩曉樹中,1
16346,翩曉樹中柳,1
16347,曉樹中柳滴,1
16348,樹中柳滴圓,1
16349,中柳滴圓波,1
16350,柳滴圓波生,1
16351,滴圓波生細,1
16352,圓波生細浪,1
16353,波生細浪梅,1
16354,生細浪梅含,1
16355,細浪梅含香,1
16356,浪梅含香豔,1
16357,梅含香豔吐,1
16358,含香豔吐輕,1
16359,香豔吐輕風,1
16360,豔吐輕風郢,1
16361,吐輕風郢歌,1
16362,輕風郢歌莫,1
16363,風郢歌莫問,1
16364,郢歌莫問青,1
16365,歌莫問青山,1
16366,莫問青山吏,1
16367,問青山吏魚,1
16368,青山吏魚在,1
16369,山吏魚在深,1
16370,吏魚在深池,1
16371,魚在深池鳥,1
16372,在深池鳥在,1
16373,深池鳥在籠,1
16374,池鳥在籠涼,1
16375,鳥在籠涼露,1
16376,在籠涼露清,1
16377,籠涼露清蟬,1
16378,涼露清蟬柳,1
16379,露清蟬柳陌,1
16380,清蟬柳陌空,1
16381,蟬柳陌空故,1
16382,柳陌空故人,1
16383,陌空故人遙,1
16384,空故人遙指,1
16385,故人遙指浙,1
16386,人遙指浙江,1
16387,遙指浙江東,1
16388,指浙江東青,1
16389,浙江東青山,1
16390,江東青山有,1
16391,東青山有雪,1
16392,青山有雪松,1
16393,山有雪松當,1
16394,有雪松當澗,1
16395,雪松當澗碧,1
16396,松當澗碧落,1
16397,當澗碧落無,1
16398,澗碧落無雲,1
16399,碧落無雲鶴,1
16400,落無雲鶴出,1
16401,無雲鶴出籠,1
16402,雲鶴出籠齊,1
16403,鶴出籠齊唱,1
16404,出籠齊唱離,1
16405,籠齊唱離歌,1
16406,齊唱離歌愁,1
16407,唱離歌愁晚,1
16408,離歌愁晚月,1
16409,歌愁晚月獨,1
16410,愁晚月獨看,1
16411,晚月獨看征,1
16412,月獨看征棹,1
16413,獨看征棹怨,1
16414,看征棹怨秋,1
16415,征棹怨秋風,1
16416,棹怨秋風定,1
16417,怨秋風定知,1
16418,秋風定知洛,1
16419,風定知洛下,1
16420,定知洛下聲,1
16421,知洛下聲名,1
16422,洛下聲名士,1
16423,下聲名士共,1
16424,聲名士共說,1
16425,名士共說膺,1
16426,士共說膺門,1
16427,共說膺門得,1
16428,說膺門得孔,1
16429,膺門得孔融,1
16430,門得孔融一,1
16431,得孔融一日,1
16432,孔融一日高,1
16433,融一日高名,1
16434,一日高名遍,1
16435,日高名遍九,1
16436,高名遍九州,1
16437,名遍九州玄,1
16438,遍九州玄珠,1
16439,九州玄珠仍,1
16440,州玄珠仍向,1
16441,玄珠仍向道,1
16442,珠仍向道中,1
16443,仍向道中求,1
16444,向道中求郢,1
16445,道中求郢中,1
16446,中求郢中白,1
16447,求郢中白雪,1
16448,郢中白雪慚,1
16449,中白雪慚新,1
16450,白雪慚新唱,1
16451,雪慚新唱塗,1
16452,慚新唱塗上,1
16453,新唱塗上青,1
16454,唱塗上青山,1
16455,塗上青山憶,1
16456,上青山憶舊,1
16457,青山憶舊遊,1
16458,山憶舊遊笙,1
16459,憶舊遊笙磬,1
16460,舊遊笙磬有,1
16461,遊笙磬有文,1
16462,笙磬有文終,1
16463,磬有文終易,1
16464,有文終易別,1
16465,文終易別珠,1
16466,終易別珠璣,1
16467,易別珠璣無,1
16468,別珠璣無價,1
16469,珠璣無價竟,1
16470,璣無價竟難,1
16471,無價竟難酬,1
16472,價竟難酬柳,1
16473,竟難酬柳營,1
16474,難酬柳營迢,1
16475,酬柳營迢遞,1
16476,柳營迢遞江,1
16477,營迢遞江風,1
16478,迢遞江風闊,1
16479,遞江風闊夜,1
16480,江風闊夜夜,1
16481,風闊夜夜孤,1
16482,闊夜夜孤吟,1
16483,夜夜孤吟月,1
16484,夜孤吟月下,1
16485,孤吟月下樓,1
16486,吟月下樓故,1
16487,月下樓故人,1
16488,下樓故人書,1
16489,樓故人書信,1
16490,故人書信越,1
16491,人書信越褒,1
16492,書信越褒斜,1
16493,信越褒斜新,1
16494,越褒斜新意,1
16495,褒斜新意雖,1
16496,斜新意雖多,1
16497,新意雖多舊,1
16498,意雖多舊約,1
16499,雖多舊約賒,1
16500,多舊約賒皆,1
16501,舊約賒皆就,1
16502,約賒皆就一,1
16503,賒皆就一麾,1
16504,皆就一麾先,1
16505,就一麾先去,1
16506,一麾先去國,1
16507,麾先去國共,1
16508,先去國共謀,1
16509,去國共謀三,1
16510,國共謀三徑,1
16511,共謀三徑未,1
16512,謀三徑未還,1
16513,三徑未還家,1
16514,徑未還家荊,1
16515,未還家荊巫,1
16516,還家荊巫夜,1
16517,家荊巫夜隔,1
16518,荊巫夜隔巴,1
16519,巫夜隔巴西,1
16520,夜隔巴西月,1
16521,隔巴西月鄢,1
16522,巴西月鄢郢,1
16523,西月鄢郢春,1
16524,月鄢郢春連,1
16525,鄢郢春連漢,1
16526,郢春連漢上,1
16527,春連漢上花,1
16528,連漢上花半,1
16529,漢上花半月,1
16530,上花半月離,1
16531,花半月離居,1
16532,半月離居猶,1
16533,月離居猶悵,1
16534,離居猶悵望,1
16535,居猶悵望可,1
16536,猶悵望可堪,1
16537,悵望可堪垂,1
16538,望可堪垂白,1
16539,可堪垂白各,1
16540,堪垂白各天,1
16541,垂白各天涯,1
16542,白各天涯紫,1
16543,各天涯紫霄,1
16544,天涯紫霄峰,1
16545,涯紫霄峰下,1
16546,紫霄峰下絕,1
16547,霄峰下絕韋,1
16548,峰下絕韋編,1
16549,下絕韋編舊,1
16550,絕韋編舊隱,1
16551,韋編舊隱相,1
16552,編舊隱相如,1
16553,舊隱相如結,1
16554,隱相如結襪,1
16555,相如結襪前,1
16556,如結襪前月,1
16557,結襪前月落,1
16558,襪前月落尚,1
16559,前月落尚留,1
16560,月落尚留東,1
16561,落尚留東合,1
16562,尚留東合醉,1
16563,留東合醉風,1
16564,東合醉風高,1
16565,合醉風高還,1
16566,醉風高還憶,1
16567,風高還憶北,1
16568,高還憶北窗,1
16569,還憶北窗眠,1
16570,憶北窗眠江,1
16571,北窗眠江城,1
16572,窗眠江城夜,1
16573,眠江城夜別,1
16574,江城夜別瀟,1
16575,城夜別瀟瀟,1
16576,夜別瀟瀟雨,1
16577,別瀟瀟雨山,1
16578,瀟瀟雨山檻,1
16579,瀟雨山檻晴,1
16580,雨山檻晴歸,1
16581,山檻晴歸漠,1
16582,檻晴歸漠漠,1
16583,晴歸漠漠煙,1
16584,歸漠漠煙一,1
16585,漠漠煙一頃,1
16586,漠煙一頃豆,1
16587,煙一頃豆花,1
16588,一頃豆花三,1
16589,頃豆花三頃,1
16590,豆花三頃竹,1
16591,花三頃竹想,1
16592,三頃竹想應,1
16593,頃竹想應拋,1
16594,竹想應拋卻,1
16595,想應拋卻釣,1
16596,應拋卻釣魚,1
16597,拋卻釣魚船,1
16598,卻釣魚船自,1
16599,釣魚船自卜,1
16600,魚船自卜閒,1
16601,船自卜閒居,1
16602,自卜閒居荊,1
16603,卜閒居荊水,1
16604,閒居荊水頭,1
16605,居荊水頭感,1
16606,荊水頭感時,1
16607,水頭感時相,1
16608,頭感時相別,1
16609,感時相別思,1
16610,時相別思悠,1
16611,相別思悠悠,1
16612,思悠悠一樽,1
16613,悠悠一樽酒,1
16614,悠一樽酒盡,1
16615,一樽酒盡青,1
16616,樽酒盡青山,1
16617,回碧樹秋深,1
16618,碧樹秋深巷,1
16619,樹秋深巷久,1
16620,秋深巷久貧,1
16621,深巷久貧知,1
16622,巷久貧知寂,1
16623,久貧知寂寞,1
16624,貧知寂寞小,1
16625,知寂寞小詩,1
16626,寂寞小詩多,1
16627,寞小詩多病,1
16628,小詩多病尚,1
16629,詩多病尚風,1
16630,多病尚風流,1
16631,病尚風流晝,1
16632,尚風流晝公,1
16633,風流晝公此,1
16634,流晝公此去,1
16635,晝公此去應,1
16636,公此去應相,1
16637,此去應相問,1
16638,去應相問為,1
16639,應相問為說,1
16640,相問為說沾,1
16641,問為說沾巾,1
16642,為說沾巾憶,1
16643,說沾巾憶舊,1
16644,沾巾憶舊遊,1
16645,巾憶舊遊三,1
16646,憶舊遊三年,1
16647,舊遊三年無,1
16648,遊三年無事,1
16649,三年無事客,1
16650,年無事客吳,1
16651,無事客吳鄉,1
16652,事客吳鄉南,1
16653,客吳鄉南陌,1
16654,吳鄉南陌春,1
16655,鄉南陌春園,1
16656,南陌春園碧,1
16657,陌春園碧草,1
16658,春園碧草長,1
16659,園碧草長共,1
16660,碧草長共醉,1
16661,草長共醉八,1
16662,長共醉八門,1
16663,共醉八門回,1
16664,醉八門回畫,1
16665,八門回畫舸,1
16666,門回畫舸獨,1
16667,回畫舸獨還,1
16668,畫舸獨還三,1
16669,舸獨還三徑,1
16670,獨還三徑掩,1
16671,還三徑掩書,1
16672,三徑掩書堂,1
16673,徑掩書堂前,1
16674,掩書堂前山,1
16675,書堂前山雨,1
16676,堂前山雨過,1
16677,前山雨過池,1
16678,山雨過池塘,1
16679,雨過池塘滿,1
16680,過池塘滿小,1
16681,池塘滿小院,1
16682,塘滿小院秋,1
16683,滿小院秋歸,1
16684,小院秋歸枕,1
16685,院秋歸枕簟,1
16686,秋歸枕簟涼,1
16687,歸枕簟涼經,1
16688,枕簟涼經歲,1
16689,簟涼經歲別,1
16690,涼經歲別離,1
16691,經歲別離心,1
16692,歲別離心自,1
16693,別離心自苦,1
16694,離心自苦何,1
16695,心自苦何堪,1
16696,自苦何堪黃,1
16697,苦何堪黃葉,1
16698,何堪黃葉落,1
16699,堪黃葉落清,1
16700,黃葉落清漳,1
16701,葉落清漳獨,1
16702,落清漳獨振,1
16703,清漳獨振儒,1
16704,漳獨振儒風,1
16705,獨振儒風遇,1
16706,振儒風遇盛,1
16707,儒風遇盛時,1
16708,風遇盛時紫,1
16709,遇盛時紫泥,1
16710,盛時紫泥初,1
16711,時紫泥初降,1
16712,紫泥初降世,1
16713,泥初降世人,1
16714,初降世人知,1
16715,降世人知文,1
16716,世人知文章,1
16717,人知文章報,1
16718,知文章報主,1
16719,文章報主非,1
16720,章報主非無,1
16721,報主非無意,1
16722,主非無意書,1
16723,非無意書劍,1
16724,無意書劍還,1
16725,意書劍還家,1
16726,書劍還家素,1
16727,劍還家素有,1
16728,還家素有期,1
16729,家素有期秋,1
16730,素有期秋寺,1
16731,有期秋寺臥,1
16732,期秋寺臥雲,1
16733,秋寺臥雲移,1
16734,寺臥雲移棹,1
16735,臥雲移棹晚,1
16736,雲移棹晚暮,1
16737,移棹晚暮江,1
16738,棹晚暮江乘,1
16739,晚暮江乘月,1
16740,暮江乘月落,1
16741,江乘月落帆,1
16742,乘月落帆遲,1
16743,月落帆遲東,1
16744,落帆遲東歸,1
16745,帆遲東歸自,1
16746,遲東歸自是,1
16747,東歸自是緣,1
16748,歸自是緣清,1
16749,自是緣清興,1
16750,是緣清興莫,1
16751,緣清興莫比,1
16752,清興莫比商,1
16753,興莫比商山,1
16754,莫比商山詠,1
16755,比商山詠紫,1
16756,商山詠紫芝,1
16757,山詠紫芝湘,1
16758,詠紫芝湘南,1
16759,紫芝湘南官,1
16760,芝湘南官罷,1
16761,湘南官罷不,1
16762,南官罷不歸,1
16763,官罷不歸來,1
16764,罷不歸來高,1
16765,不歸來高閣,1
16766,歸來高閣經,1
16767,來高閣經年,1
16768,高閣經年掩,1
16769,閣經年掩綠,1
16770,經年掩綠苔,1
16771,年掩綠苔魚,1
16772,掩綠苔魚溢,1
16773,綠苔魚溢池,1
16774,苔魚溢池塘,1
16775,魚溢池塘秋,1
16776,溢池塘秋雨,1
16777,池塘秋雨過,1
16778,塘秋雨過鳥,1
16779,秋雨過鳥還,1
16780,雨過鳥還洲,1
16781,過鳥還洲島,1
16782,鳥還洲島暮,1
16783,還洲島暮潮,1
16784,洲島暮潮回,1
16785,島暮潮回階,1
16786,暮潮回階前,1
16787,潮回階前石,1
16788,回階前石穩,1
16789,階前石穩棋,1
16790,前石穩棋終,1
16791,石穩棋終局,1
16792,穩棋終局窗,1
16793,棋終局窗外,1
16794,終局窗外山,1
16795,局窗外山寒,1
16796,窗外山寒酒,1
16797,外山寒酒滿,1
16798,山寒酒滿杯,1
16799,寒酒滿杯借,1
16800,酒滿杯借問,1
16801,滿杯借問先,1
16802,杯借問先生,1
16803,借問先生獨,1
16804,問先生獨何,1
16805,先生獨何處,1
16806,生獨何處一,1
16807,獨何處一籬,1
16808,何處一籬疏,1
16809,處一籬疏菊,1
16810,一籬疏菊又,1
16811,籬疏菊又花,1
16812,疏菊又花開,1
16813,菊又花開花,1
16814,又花開花時,1
16815,花開花時曾,1
16816,開花時曾省,1
16817,花時曾省杜,1
16818,時曾省杜陵,1
16819,曾省杜陵游,1
16820,省杜陵游聞,1
16821,杜陵游聞下,1
16822,陵游聞下書,1
16823,游聞下書帷,1
16824,聞下書帷不,1
16825,下書帷不舉,1
16826,書帷不舉頭,1
16827,帷不舉頭因,1
16828,不舉頭因過,1
16829,舉頭因過石,1
16830,頭因過石城,1
16831,因過石城先,1
16832,過石城先訪,1
16833,石城先訪戴,1
16834,城先訪戴欲,1
16835,先訪戴欲朝,1
16836,訪戴欲朝金,1
16837,戴欲朝金闕,1
16838,欲朝金闕暫,1
16839,朝金闕暫依,1
16840,金闕暫依劉,1
16841,闕暫依劉征,1
16842,暫依劉征帆,1
16843,依劉征帆夜,1
16844,劉征帆夜轉,1
16845,征帆夜轉鸕,1
16846,帆夜轉鸕鷀,1
16847,夜轉鸕鷀穴,1
16848,轉鸕鷀穴騁,1
16849,鸕鷀穴騁騎,1
16850,鷀穴騁騎春,1
16851,穴騁騎春辭,1
16852,騁騎春辭鸛,1
16853,騎春辭鸛雀,1
16854,春辭鸛雀樓,1
16855,辭鸛雀樓正,1
16856,鸛雀樓正把,1
16857,雀樓正把新,1
16858,樓正把新詩,1
16859,正把新詩望,1
16860,把新詩望南,1
16861,新詩望南浦,1
16862,詩望南浦棹,1
16863,望南浦棹歌,1
16864,南浦棹歌應,1
16865,浦棹歌應是,1
16866,棹歌應是木,1
16867,歌應是木蘭,1
16868,應是木蘭舟,1
16869,是木蘭舟五,1
16870,木蘭舟五色,1
16871,蘭舟五色如,1
16872,舟五色如絲,1
16873,五色如絲下,1
16874,色如絲下碧,1
16875,如絲下碧空,1
16876,絲下碧空片,1
16877,下碧空片帆,1
16878,碧空片帆還,1
16879,空片帆還繞,1
16880,片帆還繞楚,1
16881,帆還繞楚王,1
16882,還繞楚王宮,1
16883,繞楚王宮文,1
16884,楚王宮文章,1
16885,王宮文章已,1
16886,宮文章已變,1
16887,文章已變南,1
16888,章已變南山,1
16889,已變南山霧,1
16890,變南山霧羽,1
16891,南山霧羽翼,1
16892,山霧羽翼應,1
16893,霧羽翼應摶,1
16894,羽翼應摶北,1
16895,翼應摶北海,1
16896,應摶北海風,1
16897,摶北海風春,1
16898,北海風春雪,1
16899,海風春雪預,1
16900,風春雪預呈,1
16901,春雪預呈霜,1
16902,雪預呈霜簡,1
16903,預呈霜簡白,1
16904,呈霜簡白曉,1
16905,霜簡白曉霞,1
16906,簡白曉霞先,1
16907,白曉霞先染,1
16908,曉霞先染繡,1
16909,霞先染繡衣,1
16910,先染繡衣紅,1
16911,染繡衣紅十,1
16912,繡衣紅十千,1
16913,衣紅十千沽,1
16914,紅十千沽酒,1
16915,十千沽酒留,1
16916,千沽酒留君,1
16917,沽酒留君醉,1
16918,酒留君醉莫,1
16919,留君醉莫道,1
16920,君醉莫道歸,1
16921,醉莫道歸心,1
16922,莫道歸心似,1
16923,道歸心似轉,1
16924,歸心似轉蓬,1
16925,心似轉蓬三,1
16926,似轉蓬三川,1
16927,轉蓬三川歌,1
16928,蓬三川歌頌,1
16929,三川歌頌徹,1
16930,川歌頌徹咸,1
16931,歌頌徹咸秦,1
16932,頌徹咸秦十,1
16933,徹咸秦十二,1
16934,咸秦十二樓,1
16935,秦十二樓前,1
16936,十二樓前侍,1
16937,二樓前侍從,1
16938,樓前侍從臣,1
16939,前侍從臣休,1
16940,侍從臣休閉,1
16941,從臣休閉玉,1
16942,臣休閉玉籠,1
16943,休閉玉籠留,1
16944,閉玉籠留鸑,1
16945,玉籠留鸑鷟,1
16946,籠留鸑鷟早,1
16947,留鸑鷟早開,1
16948,鸑鷟早開金,1
16949,鷟早開金埒,1
16950,早開金埒縱,1
16951,開金埒縱麒,1
16952,金埒縱麒麟,1
16953,埒縱麒麟花,1
16954,縱麒麟花深,1
16955,麒麟花深稚,1
16956,麟花深稚榻,1
16957,花深稚榻迎,1
16958,深稚榻迎何,1
16959,稚榻迎何客,1
16960,榻迎何客月,1
16961,迎何客月在,1
16962,何客月在膺,1
16963,客月在膺舟,1
16964,月在膺舟醉,1
16965,在膺舟醉幾,1
16966,膺舟醉幾人,1
16967,舟醉幾人自,1
16968,醉幾人自笑,1
16969,幾人自笑東,1
16970,人自笑東風,1
16971,自笑東風過,1
16972,笑東風過寒,1
16973,東風過寒食,1
16974,風過寒食茂,1
16975,過寒食茂陵,1
16976,寒食茂陵寥,1
16977,食茂陵寥落,1
16978,茂陵寥落未,1
16979,陵寥落未知,1
16980,寥落未知春,1
16981,落未知春半,1
16982,未知春半年,1
16983,知春半年三,1
16984,春半年三度,1
16985,半年三度轉,1
16986,年三度轉蓬,1
16987,三度轉蓬居,1
16988,度轉蓬居錦,1
16989,轉蓬居錦帳,1
16990,蓬居錦帳心,1
16991,居錦帳心闌,1
16992,錦帳心闌羨,1
16993,帳心闌羨隼,1
16994,心闌羨隼旟,1
16995,闌羨隼旟老,1
16996,羨隼旟老去,1
16997,隼旟老去自,1
16998,旟老去自驚,1
16999,老去自驚秦,1
17000,去自驚秦塞,1
17001,自驚秦塞雁,1
17002,驚秦塞雁病,1
17003,秦塞雁病來,1
17004,塞雁病來先,1
17005,雁病來先憶,1
17006,病來先憶楚,1
17007,來先憶楚江,1
17008,先憶楚江魚,1
17009,憶楚江魚長,1
17010,楚江魚長聞,1
17011,江魚長聞季,1
17012,魚長聞季氏,1
17013,長聞季氏千,1
17014,聞季氏千金,1
17015,季氏千金諾,1
17016,氏千金諾更,1
17017,千金諾更望,1
17018,金諾更望劉,1
17019,諾更望劉公,1
17020,更望劉公一,1
17021,望劉公一紙,1
17022,劉公一紙書,1
17023,公一紙書春,1
17024,一紙書春雪,1
17025,紙書春雪未,1
17026,書春雪未晴,1
17027,春雪未晴春,1
17028,雪未晴春酒,1
17029,未晴春酒貴,1
17030,晴春酒貴莫,1
17031,春酒貴莫教,1
17032,酒貴莫教愁,1
17033,貴莫教愁殺,1
17034,莫教愁殺馬,1
17035,教愁殺馬相,1
17036,愁殺馬相如,1
17037,殺馬相如詞,1
17038,馬相如詞賦,1
17039,相如詞賦名,1
17040,如詞賦名高,1
17041,詞賦名高身,1
17042,賦名高身不,1
17043,名高身不閑,1
17044,高身不閑采,1
17045,身不閑采衣,1
17046,不閑采衣如,1
17047,閑采衣如錦,1
17048,采衣如錦度,1
17049,衣如錦度函,1
17050,如錦度函關,1
17051,錦度函關鏡,1
17052,度函關鏡中,1
17053,函關鏡中鸞,1
17054,關鏡中鸞影,1
17055,鏡中鸞影胡,1
17056,中鸞影胡威,1
17057,鸞影胡威去,1
17058,影胡威去劍,1
17059,胡威去劍外,1
17060,威去劍外花,1
17061,去劍外花歸,1
17062,劍外花歸衛,1
17063,外花歸衛玠,1
17064,花歸衛玠還,1
17065,歸衛玠還秋,1
17066,衛玠還秋浪,1
17067,玠還秋浪遠,1
17068,還秋浪遠侵,1
17069,秋浪遠侵黃,1
17070,浪遠侵黃鶴,1
17071,遠侵黃鶴嶺,1
17072,侵黃鶴嶺暮,1
17073,黃鶴嶺暮雲,1
17074,鶴嶺暮雲遙,1
17075,嶺暮雲遙斷,1
17076,暮雲遙斷碧,1
17077,雲遙斷碧雞,1
17078,遙斷碧雞山,1
17079,斷碧雞山時,1
17080,碧雞山時人,1
17081,雞山時人若,1
17082,山時人若問,1
17083,時人若問西,1
17084,人若問西遊,1
17085,若問西遊客,1
17086,問西遊客心,1
17087,西遊客心在,1
17088,遊客心在重,1
17089,客心在重霄,1
17090,在重霄鬢欲,1
17091,重霄鬢欲斑,1
17092,霄鬢欲斑高,1
17093,鬢欲斑高閣,1
17094,欲斑高閣晴,1
17095,斑高閣晴軒,1
17096,高閣晴軒對,1
17097,閣晴軒對一,1
17098,晴軒對一峰,1
17099,軒對一峰毗,1
17100,對一峰毗陵,1
17101,一峰毗陵書,1
17102,峰毗陵書客,1
17103,毗陵書客此,1
17104,陵書客此相,1
17105,書客此相逢,1
17106,客此相逢晚,1
17107,此相逢晚收,1
17108,相逢晚收紅,1
17109,逢晚收紅葉,1
17110,晚收紅葉題,1
17111,收紅葉題詩,1
17112,紅葉題詩遍,1
17113,葉題詩遍秋,1
17114,題詩遍秋待,1
17115,詩遍秋待黃,1
17116,遍秋待黃花,1
17117,秋待黃花釀,1
17118,待黃花釀酒,1
17119,釀酒濃山館,1
17120,酒濃山館日,1
17121,濃山館日斜,1
17122,山館日斜喧,1
17123,館日斜喧鳥,1
17124,動戲魚龍上,1
17125,戲魚龍上方,1
17126,魚龍上方有,1
17127,龍上方有路,1
17128,上方有路應,1
17129,方有路應知,1
17130,有路應知處,1
17131,路應知處疏,1
17132,應知處疏磬,1
17133,知處疏磬寒,1
17134,處疏磬寒蟬,1
17135,疏磬寒蟬樹,1
17136,磬寒蟬樹幾,1
17137,寒蟬樹幾重,1
17138,蟬樹幾重近,1
17139,樹幾重近日,1
17140,幾重近日高,1
17141,重近日高僧,1
17142,近日高僧更,1
17143,日高僧更有,1
17144,高僧更有誰,1
17145,僧更有誰宛,1
17146,更有誰宛陵,1
17147,有誰宛陵山,1
17148,誰宛陵山下,1
17149,宛陵山下遇,1
17150,陵山下遇閑,1
17151,山下遇閑師,1
17152,下遇閑師東,1
17153,遇閑師東林,1
17154,閑師東林共,1
17155,師東林共許,1
17156,東林共許三,1
17157,林共許三乘,1
17158,共許三乘學,1
17159,許三乘學南,1
17160,三乘學南國,1
17161,乘學南國爭,1
17162,學南國爭傳,1
17163,南國爭傳五,1
17164,國爭傳五字,1
17165,爭傳五字詩,1
17166,傳五字詩初,1
17167,五字詩初到,1
17168,字詩初到庾,1
17169,詩初到庾樓,1
17170,初到庾樓紅,1
17171,到庾樓紅葉,1
17172,庾樓紅葉墜,1
17173,樓紅葉墜夜,1
17174,紅葉墜夜投,1
17175,葉墜夜投蕭,1
17176,墜夜投蕭寺,1
17177,夜投蕭寺碧,1
17178,投蕭寺碧雲,1
17179,蕭寺碧雲隨,1
17180,寺碧雲隨秋,1
17181,碧雲隨秋江,1
17182,雲隨秋江莫,1
17183,隨秋江莫惜,1
17184,秋江莫惜題,1
17185,江莫惜題佳,1
17186,莫惜題佳句,1
17187,惜題佳句正,1
17188,題佳句正是,1
17189,佳句正是磷,1
17190,句正是磷磷,1
17191,正是磷磷見,1
17192,是磷磷見底,1
17193,磷磷見底時,1
17194,磷見底時煩,1
17195,見底時煩君,1
17196,底時煩君沽,1
17197,時煩君沽酒,1
17198,煩君沽酒強,1
17199,君沽酒強登,1
17200,沽酒強登樓,1
17201,酒強登樓罷,1
17202,強登樓罷唱,1
17203,登樓罷唱離,1
17204,樓罷唱離歌,1
17205,罷唱離歌說,1
17206,唱離歌說遠,1
17207,離歌說遠遊,1
17208,歌說遠遊文,1
17209,說遠遊文字,1
17210,遠遊文字豈,1
17211,遊文字豈勞,1
17212,文字豈勞諸,1
17213,字豈勞諸子,1
17214,豈勞諸子重,1
17215,勞諸子重風,1
17216,諸子重風塵,1
17217,子重風塵多,1
17218,重風塵多幸,1
17219,風塵多幸故,1
17220,塵多幸故人,1
17221,多幸故人憂,1
17222,幸故人憂數,1
17223,故人憂數程,1
17224,人憂數程山,1
17225,憂數程山路,1
17226,數程山路長,1
17227,程山路長侵,1
17228,山路長侵夜,1
17229,路長侵夜千,1
17230,長侵夜千里,1
17231,侵夜千里家,1
17232,夜千里家書,1
17233,千里家書動,1
17234,里家書動隔,1
17235,家書動隔秋,1
17236,書動隔秋起,1
17237,動隔秋起憑,1
17238,隔秋起憑欄,1
17239,秋起憑欄幹,1
17240,起憑欄幹各,1
17241,憑欄幹各垂,1
17242,欄幹各垂淚,1
17243,幹各垂淚又,1
17244,各垂淚又驅,1
17245,垂淚又驅羸,1
17246,淚又驅羸馬,1
17247,又驅羸馬向,1
17248,驅羸馬向東,1
17249,羸馬向東州,1
17250,馬向東州騷,1
17251,向東州騷人,1
17252,東州騷人吟,1
17253,州騷人吟罷,1
17254,騷人吟罷起,1
17255,人吟罷起鄉,1
17256,吟罷起鄉愁,1
17257,罷起鄉愁暗,1
17258,起鄉愁暗覺,1
17259,鄉愁暗覺年,1
17260,愁暗覺年華,1
17261,暗覺年華似,1
17262,覺年華似水,1
17263,年華似水流,1
17264,華似水流花,1
17265,似水流花滿,1
17266,水流花滿謝,1
17267,流花滿謝城,1
17268,花滿謝城傷,1
17269,滿謝城傷共,1
17270,謝城傷共別,1
17271,城傷共別蟬,1
17272,傷共別蟬鳴,1
17273,共別蟬鳴蕭,1
17274,別蟬鳴蕭寺,1
17275,蟬鳴蕭寺喜,1
17276,鳴蕭寺喜同,1
17277,蕭寺喜同遊,1
17278,寺喜同遊前,1
17279,喜同遊前山,1
17280,同遊前山月,1
17281,遊前山月落,1
17282,前山月落杉,1
17283,山月落杉松,1
17284,月落杉松晚,1
17285,落杉松晚深,1
17286,杉松晚深夜,1
17287,松晚深夜風,1
17288,晚深夜風清,1
17289,深夜風清枕,1
17290,夜風清枕簟,1
17291,風清枕簟秋,1
17292,清枕簟秋明,1
17293,枕簟秋明日,1
17294,簟秋明日分,1
17295,秋明日分襟,1
17296,明日分襟又,1
17297,日分襟又何,1
17298,分襟又何處,1
17299,襟又何處江,1
17300,又何處江南,1
17301,何處江南江,1
17302,處江南江北,1
17303,江南江北路,1
17304,南江北路悠,1
17305,江北路悠悠,1
17306,北路悠悠形,1
17307,路悠悠形影,1
17308,悠悠形影無,1
17309,悠形影無群,1
17310,形影無群消,1
17311,影無群消息,1
17312,無群消息沉,1
17313,群消息沉登,1
17314,消息沉登聞,1
17315,息沉登聞三,1
17316,沉登聞三擊,1
17317,登聞三擊血,1
17318,聞三擊血沾,1
17319,三擊血沾襟,1
17320,擊血沾襟皇,1
17321,血沾襟皇綱,1
17322,沾襟皇綱一,1
17323,襟皇綱一日,1
17324,皇綱一日開,1
17325,綱一日開冤,1
17326,一日開冤氣,1
17327,日開冤氣青,1
17328,開冤氣青史,1
17329,冤氣青史千,1
17330,氣青史千年,1
17331,青史千年重,1
17332,史千年重壯,1
17333,千年重壯心,1
17334,年重壯心卻,1
17335,重壯心卻望,1
17336,壯心卻望烏,1
17337,心卻望烏台,1
17338,卻望烏台春,1
17339,望烏台春樹,1
17340,烏台春樹老,1
17341,台春樹老獨,1
17342,春樹老獨歸,1
17343,樹老獨歸蝸,1
17344,老獨歸蝸舍,1
17345,獨歸蝸舍暮,1
17346,歸蝸舍暮雲,1
17347,蝸舍暮雲深,1
17348,舍暮雲深他,1
17349,暮雲深他時,1
17350,雲深他時縱,1
17351,深他時縱有,1
17352,他時縱有征,1
17353,時縱有征書,1
17354,縱有征書至,1
17355,有征書至雪,1
17356,征書至雪滿,1
17357,書至雪滿空,1
17358,至雪滿空山,1
17359,雪滿空山不,1
17360,滿空山不可,1
17361,空山不可尋,1
17362,山不可尋身,1
17363,不可尋身沒,1
17364,可尋身沒蘭,1
17365,尋身沒蘭閨,1
17366,身沒蘭閨道,1
17367,沒蘭閨道日,1
17368,蘭閨道日明,1
17369,閨道日明郭,1
17370,道日明郭南,1
17371,日明郭南尋,1
17372,明郭南尋得,1
17373,郭南尋得舊,1
17374,南尋得舊池,1
17375,尋得舊池亭,1
17376,得舊池亭詩,1
17377,舊池亭詩人,1
17378,池亭詩人愁,1
17379,亭詩人愁立,1
17380,詩人愁立暮,1
17381,人愁立暮山,1
17382,愁立暮山碧,1
17383,立暮山碧賈,1
17384,暮山碧賈客,1
17385,山碧賈客怨,1
17386,碧賈客怨離,1
17387,賈客怨離秋,1
17388,客怨離秋草,1
17389,怨離秋草青,1
17390,離秋草青四,1
17391,秋草青四望,1
17392,草青四望月,1
17393,青四望月沉,1
17394,四望月沉疑,1
17395,望月沉疑掩,1
17396,月沉疑掩鏡,1
17397,沉疑掩鏡兩,1
17398,疑掩鏡兩簷,1
17399,掩鏡兩簷花,1
17400,鏡兩簷花動,1
17401,兩簷花動認,1
17402,簷花動認收,1
17403,花動認收屏,1
17404,動認收屏至,1
17405,認收屏至今,1
17406,收屏至今鄉,1
17407,屏至今鄉里,1
17408,至今鄉里風,1
17409,今鄉里風猶,1
17410,鄉里風猶在,1
17411,里風猶在借,1
17412,風猶在借問,1
17413,猶在借問誰,1
17414,在借問誰傳,1
17415,借問誰傳義,1
17416,問誰傳義女,1
17417,誰傳義女銘,1
17418,傳義女銘晚,1
17419,義女銘晚促,1
17420,女銘晚促離,1
17421,銘晚促離筵,1
17422,晚促離筵醉,1
17423,促離筵醉玉,1
17424,離筵醉玉缸,1
17425,筵醉玉缸伊,1
17426,醉玉缸伊州,1
17427,玉缸伊州一,1
17428,缸伊州一曲,1
17429,伊州一曲淚,1
17430,州一曲淚雙,1
17431,一曲淚雙雙,1
17432,曲淚雙雙欲,1
17433,淚雙雙欲攜,1
17434,雙雙欲攜刀,1
17435,雙欲攜刀筆,1
17436,欲攜刀筆從,1
17437,攜刀筆從新,1
17438,刀筆從新幕,1
17439,筆從新幕更,1
17440,從新幕更宿,1
17441,新幕更宿煙,1
17442,幕更宿煙霞,1
17443,更宿煙霞別,1
17444,宿煙霞別舊,1
17445,煙霞別舊窗,1
17446,霞別舊窗胡,1
17447,別舊窗胡馬,1
17448,舊窗胡馬近,1
17449,窗胡馬近秋,1
17450,胡馬近秋侵,1
17451,馬近秋侵紫,1
17452,近秋侵紫塞,1
17453,秋侵紫塞吳,1
17454,侵紫塞吳帆,1
17455,紫塞吳帆乘,1
17456,塞吳帆乘月,1
17457,吳帆乘月下,1
17458,帆乘月下清,1
17459,乘月下清江,1
17460,月下清江嫖,1
17461,下清江嫖姚,1
17462,清江嫖姚若,1
17463,江嫖姚若許,1
17464,嫖姚若許傳,1
17465,姚若許傳書,1
17466,若許傳書檄,1
17467,許傳書檄坐,1
17468,傳書檄坐築,1
17469,書檄坐築三,1
17470,檄坐築三城,1
17471,坐築三城看,1
17472,築三城看受,1
17473,三城看受降,1
17474,城看受降欲,1
17475,看受降欲學,1
17476,受降欲學漁,1
17477,降欲學漁翁,1
17478,欲學漁翁釣,1
17479,學漁翁釣艇,1
17480,漁翁釣艇新,1
17481,翁釣艇新濯,1
17482,釣艇新濯纓,1
17483,艇新濯纓猶,1
17484,新濯纓猶惜,1
17485,濯纓猶惜九,1
17486,纓猶惜九衢,1
17487,猶惜九衢塵,1
17488,惜九衢塵花,1
17489,九衢塵花前,1
17490,衢塵花前更,1
17491,塵花前更謝,1
17492,花前更謝依,1
17493,前更謝依劉,1
17494,更謝依劉客,1
17495,謝依劉客雪,1
17496,依劉客雪後,1
17497,劉客雪後空,1
17498,客雪後空懷,1
17499,雪後空懷訪,1
17500,後空懷訪戴,1
17501,空懷訪戴人,1
17502,懷訪戴人僧,1
17503,訪戴人僧舍,1
17504,戴人僧舍覆,1
17505,人僧舍覆棋,1
17506,僧舍覆棋消,1
17507,舍覆棋消白,1
17508,覆棋消白日,1
17509,棋消白日市,1
17510,消白日市樓,1
17511,白日市樓賒,1
17512,日市樓賒酒,1
17513,市樓賒酒過,1
17514,樓賒酒過青,1
17515,賒酒過青春,1
17516,酒過青春一,1
17517,過青春一山,1
17518,青春一山桃,1
17519,春一山桃杏,1
17520,一山桃杏同,1
17521,山桃杏同時,1
17522,桃杏同時發,1
17523,杏同時發誰,1
17524,同時發誰似,1
17525,時發誰似東,1
17526,發誰似東風,1
17527,誰似東風不,1
17528,似東風不厭,1
17529,東風不厭貧,1
17530,風不厭貧客,1
17531,不厭貧客醉,1
17532,厭貧客醉更,1
17533,貧客醉更長,1
17534,客醉更長樂,1
17535,醉更長樂未,1
17536,更長樂未窮,1
17537,長樂未窮似,1
17538,樂未窮似知,1
17539,未窮似知身,1
17540,窮似知身世,1
17541,似知身世一,1
17542,知身世一宵,1
17543,身世一宵空,1
17544,世一宵空香,1
17545,一宵空香街,1
17546,宵空香街寶,1
17547,空香街寶馬,1
17548,香街寶馬嘶,1
17549,街寶馬嘶殘,1
17550,寶馬嘶殘月,1
17551,馬嘶殘月暖,1
17552,嘶殘月暖閣,1
17553,殘月暖閣佳,1
17554,月暖閣佳人,1
17555,暖閣佳人哭,1
17556,閣佳人哭曉,1
17557,佳人哭曉風,1
17558,人哭曉風未,1
17559,哭曉風未卷,1
17560,曉風未卷繡,1
17561,風未卷繡筵,1
17562,未卷繡筵朱,1
17563,卷繡筵朱閣,1
17564,繡筵朱閣上,1
17565,筵朱閣上已,1
17566,朱閣上已開,1
17567,閣上已開塵,1
17568,上已開塵席,1
17569,已開塵席畫,1
17570,開塵席畫屏,1
17571,塵席畫屏中,1
17572,席畫屏中何,1
17573,畫屏中何須,1
17574,屏中何須更,1
17575,中何須更賦,1
17576,何須更賦山,1
17577,須更賦山陽,1
17578,更賦山陽笛,1
17579,賦山陽笛寒,1
17580,山陽笛寒月,1
17581,陽笛寒月沉,1
17582,笛寒月沉西,1
17583,寒月沉西水,1
17584,月沉西水向,1
17585,沉西水向東,1
17586,西水向東楚,1
17587,水向東楚客,1
17588,向東楚客停,1
17589,東楚客停橈,1
17590,楚客停橈太,1
17591,客停橈太守,1
17592,停橈太守知,1
17593,橈太守知露,1
17594,太守知露凝,1
17595,守知露凝丹,1
17596,知露凝丹葉,1
17597,露凝丹葉自,1
17598,凝丹葉自秋,1
17599,丹葉自秋悲,1
17600,葉自秋悲蟹,1
17601,自秋悲蟹螯,1
17602,秋悲蟹螯只,1
17603,悲蟹螯只恐,1
17604,蟹螯只恐相,1
17605,螯只恐相如,1
17606,只恐相如渴,1
17607,恐相如渴鱸,1
17608,相如渴鱸鱠,1
17609,如渴鱸鱠應,1
17610,渴鱸鱠應防,1
17611,鱸鱠應防曼,1
17612,鱠應防曼倩,1
17613,應防曼倩饑,1
17614,防曼倩饑風,1
17615,曼倩饑風卷,1
17616,倩饑風卷曙,1
17617,饑風卷曙雲,1
17618,風卷曙雲飄,1
17619,卷曙雲飄角,1
17620,曙雲飄角遠,1
17621,雲飄角遠雨,1
17622,飄角遠雨昏,1
17623,角遠雨昏寒,1
17624,遠雨昏寒浪,1
17625,雨昏寒浪掛,1
17626,昏寒浪掛帆,1
17627,寒浪掛帆遲,1
17628,浪掛帆遲離,1
17629,掛帆遲離心,1
17630,帆遲離心更,1
17631,遲離心更羨,1
17632,離心更羨高,1
17633,心更羨高齋,1
17634,更羨高齋夕,1
17635,羨高齋夕巫,1
17636,高齋夕巫峽,1
17637,齋夕巫峽花,1
17638,夕巫峽花深,1
17639,巫峽花深醉,1
17640,峽花深醉玉,1
17641,花深醉玉卮,1
17642,深醉玉卮外,1
17643,醉玉卮外監,1
17644,玉卮外監多,1
17645,卮外監多假,1
17646,外監多假帝,1
17647,監多假帝王,1
17648,多假帝王尊,1
17649,假帝王尊威,1
17650,帝王尊威脅,1
17651,王尊威脅偏,1
17652,尊威脅偏裨,1
17653,威脅偏裨勢,1
17654,脅偏裨勢不,1
17655,偏裨勢不存,1
17656,裨勢不存才,1
17657,勢不存才許,1
17658,不存才許誓,1
17659,存才許誓心,1
17660,才許誓心安,1
17661,許誓心安玉,1
17662,誓心安玉壘,1
17663,心安玉壘已,1
17664,安玉壘已傷,1
17665,玉壘已傷傳,1
17666,壘已傷傳首,1
17667,已傷傳首動,1
17668,傷傳首動金,1
17669,傳首動金門,1
17670,首動金門三,1
17671,動金門三千,1
17672,金門三千客,1
17673,門三千客裏,1
17674,三千客裏寧,1
17675,千客裏寧無,1
17676,客裏寧無義,1
17677,裏寧無義五,1
17678,寧無義五百,1
17679,無義五百人,1
17680,義五百人中,1
17681,五百人中必,1
17682,百人中必有,1
17683,人中必有恩,1
17684,中必有恩卻,1
17685,必有恩卻賴,1
17686,有恩卻賴漢,1
17687,恩卻賴漢庭,1
17688,卻賴漢庭多,1
17689,賴漢庭多烈,1
17690,漢庭多烈士,1
17691,庭多烈士至,1
17692,多烈士至今,1
17693,烈士至今猶,1
17694,士至今猶自,1
17695,至今猶自伏,1
17696,今猶自伏蒲,1
17697,猶自伏蒲輪,1
17698,自伏蒲輪姑,1
17699,伏蒲輪姑蘇,1
17700,蒲輪姑蘇城,1
17701,輪姑蘇城外,1
17702,姑蘇城外柳,1
17703,蘇城外柳初,1
17704,城外柳初凋,1
17705,外柳初凋同,1
17706,柳初凋同上,1
17707,初凋同上江,1
17708,凋同上江樓,1
17709,同上江樓更,1
17710,上江樓更寂,1
17711,江樓更寂寥,1
17712,樓更寂寥繞,1
17713,更寂寥繞壁,1
17714,寂寥繞壁舊,1
17715,寥繞壁舊詩,1
17716,繞壁舊詩塵,1
17717,壁舊詩塵漠,1
17718,舊詩塵漠漠,1
17719,詩塵漠漠對,1
17720,塵漠漠對窗,1
17721,漠漠對窗寒,1
17722,漠對窗寒竹,1
17723,對窗寒竹雨,1
17724,窗寒竹雨瀟,1
17725,寒竹雨瀟瀟,1
17726,竹雨瀟瀟憐,1
17727,雨瀟瀟憐君,1
17728,瀟瀟憐君別,1
17729,瀟憐君別路,1
17730,憐君別路隨,1
17731,君別路隨秋,1
17732,別路隨秋雁,1
17733,路隨秋雁盡,1
17734,隨秋雁盡我,1
17735,秋雁盡我離,1
17736,雁盡我離觴,1
17737,盡我離觴任,1
17738,我離觴任晚,1
17739,離觴任晚潮,1
17740,觴任晚潮從,1
17741,任晚潮從此,1
17742,晚潮從此草,1
17743,潮從此草玄,1
17744,從此草玄應,1
17745,此草玄應有,1
17746,草玄應有處,1
17747,玄應有處白,1
17748,應有處白雲,1
17749,有處白雲青,1
17750,處白雲青嶂,1
17751,白雲青嶂一,1
17752,雲青嶂一相,1
17753,青嶂一相招,1
17754,嶂一相招青,1
17755,一相招青山,1
17756,相招青山有,1
17757,招青山有志,1
17758,青山有志路,1
17759,山有志路猶,1
17760,有志路猶賒,1
17761,志路猶賒心,1
17762,路猶賒心在,1
17763,猶賒心在琴,1
17764,賒心在琴書,1
17765,心在琴書自,1
17766,在琴書自憶,1
17767,琴書自憶家,1
17768,書自憶家醉,1
17769,自憶家醉別,1
17770,憶家醉別庾,1
17771,家醉別庾樓,1
17772,醉別庾樓山,1
17773,別庾樓山色,1
17774,庾樓山色曉,1
17775,樓山色曉夜,1
17776,山色曉夜歸,1
17777,色曉夜歸蕭,1
17778,曉夜歸蕭寺,1
17779,夜歸蕭寺月,1
17780,歸蕭寺月光,1
17781,蕭寺月光斜,1
17782,寺月光斜落,1
17783,月光斜落帆,1
17784,光斜落帆露,1
17785,斜落帆露濕,1
17786,落帆露濕回,1
17787,帆露濕回塘,1
17788,露濕回塘柳,1
17789,濕回塘柳別,1
17790,回塘柳別院,1
17791,塘柳別院風,1
17792,柳別院風驚,1
17793,別院風驚滿,1
17794,院風驚滿地,1
17795,風驚滿地花,1
17796,驚滿地花他,1
17797,滿地花他日,1
17798,地花他日此,1
17799,花他日此身,1
17800,他日此身須,1
17801,日此身須報,1
17802,此身須報德,1
17803,身須報德莫,1
17804,須報德莫言,1
17805,報德莫言空,1
17806,德莫言空愛,1
17807,莫言空愛舊,1
17808,言空愛舊煙,1
17809,空愛舊煙霞,1
17810,愛舊煙霞帝,1
17811,舊煙霞帝城,1
17812,煙霞帝城春,1
17813,霞帝城春榜,1
17814,帝城春榜謫,1
17815,城春榜謫靈,1
17816,春榜謫靈仙,1
17817,榜謫靈仙四,1
17818,謫靈仙四海,1
17819,靈仙四海聲,1
17820,仙四海聲華,1
17821,四海聲華二,1
17822,海聲華二十,1
17823,聲華二十年,1
17824,華二十年闕,1
17825,二十年闕下,1
17826,十年闕下書,1
17827,年闕下書功,1
17828,闕下書功無,1
17829,下書功無後,1
17830,書功無後輩,1
17831,功無後輩卷,1
17832,無後輩卷中,1
17833,後輩卷中文,1
17834,輩卷中文字,1
17835,卷中文字掩,1
17836,中文字掩前,1
17837,文字掩前賢,1
17838,字掩前賢官,1
17839,掩前賢官閑,1
17840,前賢官閑每,1
17841,賢官閑每喜,1
17842,官閑每喜江,1
17843,閑每喜江山,1
17844,每喜江山靜,1
17845,喜江山靜道,1
17846,江山靜道在,1
17847,山靜道在甯,1
17848,靜道在甯憂,1
17849,道在甯憂雨,1
17850,在甯憂雨露,1
17851,甯憂雨露偏,1
17852,憂雨露偏自,1
17853,雨露偏自笑,1
17854,露偏自笑小,1
17855,偏自笑小儒,1
17856,自笑小儒非,1
17857,笑小儒非一,1
17858,小儒非一鶚,1
17859,儒非一鶚亦,1
17860,非一鶚亦趨,1
17861,一鶚亦趨門,1
17862,鶚亦趨門屏,1
17863,亦趨門屏冀,1
17864,趨門屏冀相,1
17865,門屏冀相憐,1
17866,屏冀相憐雲,1
17867,冀相憐雲蔽,1
17868,相憐雲蔽長,1
17869,憐雲蔽長安,1
17870,雲蔽長安路,1
17871,蔽長安路更,1
17872,長安路更賒,1
17873,安路更賒獨,1
17874,路更賒獨隨,1
17875,更賒獨隨漁,1
17876,賒獨隨漁艇,1
17877,獨隨漁艇老,1
17878,隨漁艇老天,1
17879,漁艇老天涯,1
17880,艇老天涯青,1
17881,老天涯青山,1
17882,天涯青山盡,1
17883,涯青山盡日,1
17884,青山盡日尋,1
17885,山盡日尋黃,1
17886,盡日尋黃絹,1
17887,日尋黃絹滄,1
17888,尋黃絹滄海,1
17889,黃絹滄海經,1
17890,絹滄海經年,1
17891,滄海經年夢,1
17892,海經年夢絳,1
17893,經年夢絳紗,1
17894,年夢絳紗雪,1
17895,夢絳紗雪憤,1
17896,絳紗雪憤有,1
17897,紗雪憤有期,1
17898,雪憤有期心,1
17899,憤有期心自,1
17900,有期心自壯,1
17901,期心自壯報,1
17902,心自壯報恩,1
17903,自壯報恩無,1
17904,壯報恩無處,1
17905,報恩無處發,1
17906,恩無處發先,1
17907,無處發先華,1
17908,處發先華東,1
17909,發先華東堂,1
17910,先華東堂舊,1
17911,華東堂舊侶,1
17912,東堂舊侶勤,1
17913,堂舊侶勤書,1
17914,舊侶勤書劍,1
17915,侶勤書劍同,1
17916,勤書劍同出,1
17917,書劍同出膺,1
17918,劍同出膺門,1
17919,同出膺門是,1
17920,出膺門是一,1
17921,膺門是一家,1
17922,門是一家南,1
17923,是一家南郭,1
17924,一家南郭煙,1
17925,家南郭煙光,1
17926,南郭煙光異,1
17927,郭煙光異世,1
17928,煙光異世間,1
17929,光異世間碧,1
17930,異世間碧桃,1
17931,世間碧桃紅,1
17932,間碧桃紅杏,1
17933,碧桃紅杏水,1
17934,桃紅杏水潺,1
17935,紅杏水潺潺,1
17936,杏水潺潺猿,1
17937,水潺潺猿來,1
17938,潺潺猿來近,1
17939,潺猿來近嶺,1
17940,猿來近嶺獼,1
17941,來近嶺獼猴,1
17942,近嶺獼猴散,1
17943,嶺獼猴散魚,1
17944,獼猴散魚下,1
17945,猴散魚下深,1
17946,散魚下深潭,1
17947,魚下深潭翡,1
17948,下深潭翡翠,1
17949,深潭翡翠閑,1
17950,潭翡翠閑猶,1
17951,翡翠閑猶阻,1
17952,翠閑猶阻晚,1
17953,閑猶阻晚風,1
17954,猶阻晚風停,1
17955,阻晚風停桂,1
17956,晚風停桂楫,1
17957,風停桂楫欲,1
17958,停桂楫欲乘,1
17959,桂楫欲乘春,1
17960,楫欲乘春月,1
17961,欲乘春月訪,1
17962,乘春月訪松,1
17963,春月訪松關,1
17964,月訪松關幾,1
17965,訪松關幾回,1
17966,松關幾回策,1
17967,關幾回策杖,1
17968,幾回策杖終,1
17969,回策杖終難,1
17970,策杖終難去,1
17971,杖終難去洞,1
17972,終難去洞口,1
17973,難去洞口雲,1
17974,去洞口雲歸,1
17975,洞口雲歸不,1
17976,口雲歸不見,1
17977,雲歸不見山,1
17978,歸不見山得,1
17979,不見山得路,1
17980,見山得路逢,1
17981,山得路逢津,1
17982,得路逢津更,1
17983,路逢津更俊,1
17984,逢津更俊才,1
17985,津更俊才可,1
17986,更俊才可憐,1
17987,俊才可憐鞍,1
17988,才可憐鞍馬,1
17989,可憐鞍馬照,1
17990,憐鞍馬照春,1
17991,鞍馬照春來,1
17992,馬照春來殘,1
17993,照春來殘花,1
17994,春來殘花幾,1
17995,來殘花幾日,1
17996,殘花幾日小,1
17997,花幾日小齋,1
17998,幾日小齋閉,1
17999,日小齋閉大,1
18000,小齋閉大笑,1
18001,齋閉大笑一,1
18002,閉大笑一聲,1
18003,大笑一聲幽,1
18004,笑一聲幽抱,1
18005,一聲幽抱開,1
18006,聲幽抱開袖,1
18007,幽抱開袖拂,1
18008,抱開袖拂碧,1
18009,開袖拂碧溪,1
18010,袖拂碧溪寒,1
18011,拂碧溪寒繚,1
18012,碧溪寒繚繞,1
18013,溪寒繚繞冠,1
18014,寒繚繞冠欹,1
18015,繚繞冠欹紅,1
18016,繞冠欹紅樹,1
18017,冠欹紅樹晚,1
18018,欹紅樹晚徘,1
18019,紅樹晚徘徊,1
18020,樹晚徘徊相,1
18021,晚徘徊相逢,1
18022,徘徊相逢少,1
18023,徊相逢少別,1
18024,相逢少別更,1
18025,逢少別更堪,1
18026,少別更堪恨,1
18027,別更堪恨何,1
18028,更堪恨何必,1
18029,堪恨何必秋,1
18030,恨何必秋風,1
18031,何必秋風江,1
18032,必秋風江上,1
18033,秋風江上臺,1
18034,風江上臺歸,1
18035,江上臺歸作,1
18036,上臺歸作儒,1
18037,臺歸作儒翁,1
18038,歸作儒翁出,1
18039,作儒翁出致,1
18040,儒翁出致君,1
18041,翁出致君故,1
18042,出致君故山,1
18043,致君故山誰,1
18044,君故山誰複,1
18045,故山誰複有,1
18046,山誰複有遺,1
18047,誰複有遺文,1
18048,複有遺文漢,1
18049,有遺文漢庭,1
18050,遺文漢庭使,1
18051,文漢庭使氣,1
18052,漢庭使氣摧,1
18053,庭使氣摧張,1
18054,使氣摧張禹,1
18055,氣摧張禹楚,1
18056,摧張禹楚國,1
18057,張禹楚國懷,1
18058,禹楚國懷憂,1
18059,楚國懷憂送,1
18060,國懷憂送範,1
18061,懷憂送範雲,1
18062,憂送範雲楓,1
18063,送範雲楓葉,1
18064,範雲楓葉暗,1
18065,雲楓葉暗時,1
18066,楓葉暗時迷,1
18067,葉暗時迷舊,1
18068,暗時迷舊宅,1
18069,時迷舊宅芳,1
18070,迷舊宅芳花,1
18071,舊宅芳花落,1
18072,宅芳花落處,1
18073,芳花落處認,1
18074,花落處認荒,1
18075,落處認荒墳,1
18076,處認荒墳朱,1
18077,認荒墳朱弦,1
18078,荒墳朱弦一,1
18079,墳朱弦一奏,1
18080,朱弦一奏沉,1
18081,弦一奏沉湘,1
18082,一奏沉湘怨,1
18083,奏沉湘怨風,1
18084,沉湘怨風起,1
18085,湘怨風起寒,1
18086,怨風起寒波,1
18087,風起寒波日,1
18088,起寒波日欲,1
18089,寒波日欲曛,1
18090,波日欲曛芙,1
18091,日欲曛芙蓉,1
18092,欲曛芙蓉村,1
18093,曛芙蓉村步,1
18094,芙蓉村步失,1
18095,蓉村步失官,1
18096,村步失官金,1
18097,步失官金折,1
18098,失官金折獄,1
18099,官金折獄無,1
18100,金折獄無功,1
18101,折獄無功不,1
18102,獄無功不可,1
18103,無功不可尋,1
18104,功不可尋初,1
18105,不可尋初掛,1
18106,可尋初掛海,1
18107,尋初掛海帆,1
18108,初掛海帆逢,1
18109,掛海帆逢歲,1
18110,海帆逢歲暮,1
18111,帆逢歲暮卻,1
18112,逢歲暮卻開,1
18113,歲暮卻開山,1
18114,暮卻開山館,1
18115,卻開山館值,1
18116,開山館值春,1
18117,山館值春深,1
18118,館值春深波,1
18119,值春深波渾,1
18120,春深波渾未,1
18121,深波渾未辨,1
18122,波渾未辨魚,1
18123,渾未辨魚龍,1
18124,未辨魚龍跡,1
18125,辨魚龍跡霧,1
18126,魚龍跡霧暗,1
18127,龍跡霧暗寧,1
18128,跡霧暗寧知,1
18129,霧暗寧知蚌,1
18130,暗寧知蚌鷸,1
18131,寧知蚌鷸心,1
18132,知蚌鷸心夜,1
18133,蚌鷸心夜榜,1
18134,鷸心夜榜歸,1
18135,心夜榜歸舟,1
18136,夜榜歸舟望,1
18137,榜歸舟望漁,1
18138,歸舟望漁火,1
18139,舟望漁火一,1
18140,望漁火一溪,1
18141,漁火一溪風,1
18142,火一溪風雨,1
18143,一溪風雨兩,1
18144,溪風雨兩岩,1
18145,風雨兩岩陰,1
18146,雨兩岩陰萬,1
18147,兩岩陰萬山,1
18148,岩陰萬山晴,1
18149,陰萬山晴雪,1
18150,萬山晴雪九,1
18151,山晴雪九衢,1
18152,晴雪九衢塵,1
18153,雪九衢塵何,1
18154,九衢塵何處,1
18155,衢塵何處風,1
18156,塵何處風光,1
18157,何處風光寄,1
18158,處風光寄夢,1
18159,風光寄夢頻,1
18160,光寄夢頻花,1
18161,寄夢頻花盛,1
18162,夢頻花盛庾,1
18163,頻花盛庾園,1
18164,花盛庾園攜,1
18165,盛庾園攜酒,1
18166,庾園攜酒客,1
18167,園攜酒客草,1
18168,攜酒客草深,1
18169,酒客草深顏,1
18170,客草深顏巷,1
18171,草深顏巷讀,1
18172,深顏巷讀書,1
18173,顏巷讀書人,1
18174,巷讀書人征,1
18175,讀書人征帆,1
18176,書人征帆又,1
18177,人征帆又過,1
18178,征帆又過湘,1
18179,帆又過湘南,1
18180,又過湘南月,1
18181,過湘南月旅,1
18182,湘南月旅館,1
18183,南月旅館還,1
18184,月旅館還悲,1
18185,旅館還悲渭,1
18186,館還悲渭水,1
18187,還悲渭水春,1
18188,悲渭水春無,1
18189,渭水春無限,1
18190,水春無限別,1
18191,春無限別情,1
18192,無限別情多,1
18193,限別情多病,1
18194,別情多病後,1
18195,情多病後杜,1
18196,多病後杜陵,1
18197,病後杜陵寥,1
18198,後杜陵寥落,1
18199,杜陵寥落在,1
18200,陵寥落在漳,1
18201,寥落在漳濱,1
18202,落在漳濱汴,1
18203,在漳濱汴人,1
18204,漳濱汴人迎,1
18205,濱汴人迎拜,1
18206,汴人迎拜洛,1
18207,人迎拜洛人,1
18208,迎拜洛人留,1
18209,拜洛人留虎,1
18210,洛人留虎豹,1
18211,人留虎豹旌,1
18212,留虎豹旌旗,1
18213,虎豹旌旗擁,1
18214,豹旌旗擁碧,1
18215,旌旗擁碧油,1
18216,旗擁碧油刁,1
18217,擁碧油刁鬥,1
18218,碧油刁鬥嚴,1
18219,油刁鬥嚴更,1
18220,刁鬥嚴更軍,1
18221,鬥嚴更軍耳,1
18222,嚴更軍耳目,1
18223,更軍耳目戈,1
18224,軍耳目戈鋋,1
18225,耳目戈鋋長,1
18226,目戈鋋長控,1
18227,戈鋋長控國,1
18228,鋋長控國咽,1
18229,長控國咽喉,1
18230,控國咽喉柳,1
18231,國咽喉柳營,1
18232,咽喉柳營出,1
18233,喉柳營出號,1
18234,柳營出號風,1
18235,營出號風生,1
18236,出號風生纛,1
18237,號風生纛蓮,1
18238,風生纛蓮幕,1
18239,生纛蓮幕題,1
18240,纛蓮幕題詩,1
18241,蓮幕題詩月,1
18242,幕題詩月上,1
18243,題詩月上樓,1
18244,詩月上樓應,1
18245,月上樓應念,1
18246,上樓應念散,1
18247,樓應念散郎,1
18248,應念散郎千,1
18249,念散郎千裏,1
18250,散郎千裏外,1
18251,郎千裏外去,1
18252,千裏外去年,1
18253,裏外去年今,1
18254,外去年今夜,1
18255,去年今夜醉,1
18256,年今夜醉蘭,1
18257,今夜醉蘭舟,1
18258,夜醉蘭舟寒,1
18259,醉蘭舟寒窗,1
18260,蘭舟寒窗燈,1
18261,舟寒窗燈盡,1
18262,寒窗燈盡月,1
18263,窗燈盡月斜,1
18264,燈盡月斜暉,1
18265,盡月斜暉佩,1
18266,月斜暉佩馬,1
18267,斜暉佩馬朝,1
18268,暉佩馬朝天,1
18269,佩馬朝天獨,1
18270,馬朝天獨掩,1
18271,朝天獨掩扉,1
18272,天獨掩扉清,1
18273,獨掩扉清露,1
18274,掩扉清露已,1
18275,扉清露已凋,1
18276,清露已凋秦,1
18277,露已凋秦塞,1
18278,已凋秦塞柳,1
18279,凋秦塞柳白,1
18280,秦塞柳白雲,1
18281,塞柳白雲空,1
18282,柳白雲空長,1
18283,白雲空長越,1
18284,雲空長越山,1
18285,空長越山薇,1
18286,長越山薇病,1
18287,越山薇病中,1
18288,山薇病中送,1
18289,薇病中送客,1
18290,病中送客難,1
18291,中送客難為,1
18292,送客難為別,1
18293,客難為別夢,1
18294,難為別夢裏,1
18295,為別夢裏還,1
18296,別夢裏還家,1
18297,夢裏還家不,1
18298,裏還家不當,1
18299,還家不當歸,1
18300,家不當歸惟,1
18301,不當歸惟有,1
18302,當歸惟有寄,1
18303,歸惟有寄書,1
18304,惟有寄書書,1
18305,有寄書書未,1
18306,寄書書未得,1
18307,書書未得臥,1
18308,書未得臥聞,1
18309,未得臥聞燕,1
18310,得臥聞燕雁,1
18311,臥聞燕雁向,1
18312,聞燕雁向南,1
18313,燕雁向南飛,1
18314,雁向南飛憶,1
18315,向南飛憶昨,1
18316,南飛憶昨新,1
18317,飛憶昨新春,1
18318,憶昨新春霰,1
18319,昨新春霰雪,1
18320,新春霰雪飛,1
18321,春霰雪飛階,1
18322,霰雪飛階前,1
18323,雪飛階前簷,1
18324,飛階前簷上,1
18325,階前簷上鬥,1
18326,前簷上鬥寒,1
18327,簷上鬥寒姿,1
18328,上鬥寒姿狂,1
18329,鬥寒姿狂風,1
18330,寒姿狂風送,1
18331,姿狂風送在,1
18332,狂風送在竹,1
18333,風送在竹深,1
18334,送在竹深處,1
18335,在竹深處隔,1
18336,竹深處隔日,1
18337,深處隔日未,1
18338,處隔日未消,1
18339,隔日未消花,1
18340,日未消花發,1
18341,未消花發時,1
18342,消花發時輕,1
18343,花發時輕壓,1
18344,發時輕壓嫩,1
18345,時輕壓嫩蔬,1
18346,輕壓嫩蔬旁,1
18347,壓嫩蔬旁出,1
18348,嫩蔬旁出土,1
18349,蔬旁出土冷,1
18350,旁出土冷沖,1
18351,出土冷沖幽,1
18352,土冷沖幽鳥,1
18353,冷沖幽鳥別,1
18354,沖幽鳥別尋,1
18355,幽鳥別尋枝,1
18356,鳥別尋枝晚,1
18357,別尋枝晚來,1
18358,尋枝晚來又,1
18359,枝晚來又喜,1
18360,晚來又喜登,1
18361,來又喜登樓,1
18362,又喜登樓見,1
18363,喜登樓見一,1
18364,登樓見一曲,1
18365,樓見一曲高,1
18366,見一曲高歌,1
18367,一曲高歌和,1
18368,曲高歌和者,1
18369,高歌和者誰,1
18370,歌和者誰謝,1
18371,和者誰謝守,1
18372,者誰謝守攜,1
18373,誰謝守攜猿,1
18374,謝守攜猿東,1
18375,守攜猿東路,1
18376,攜猿東路長,1
18377,猿東路長嫋,1
18378,東路長嫋藤,1
18379,路長嫋藤穿,1
18380,長嫋藤穿竹,1
18381,嫋藤穿竹似,1
18382,藤穿竹似瀟,1
18383,穿竹似瀟湘,1
18384,竹似瀟湘碧,1
18385,似瀟湘碧山,1
18386,瀟湘碧山初,1
18387,湘碧山初暝,1
18388,碧山初暝嘯,1
18389,山初暝嘯秋,1
18390,初暝嘯秋月,1
18391,暝嘯秋月紅,1
18392,嘯秋月紅樹,1
18393,秋月紅樹生,1
18394,月紅樹生寒,1
18395,紅樹生寒啼,1
18396,樹生寒啼曉,1
18397,生寒啼曉霜,1
18398,寒啼曉霜陌,1
18399,啼曉霜陌上,1
18400,曉霜陌上楚,1
18401,霜陌上楚人,1
18402,陌上楚人皆,1
18403,上楚人皆駐,1
18404,楚人皆駐馬,1
18405,人皆駐馬裏,1
18406,皆駐馬裏中,1
18407,駐馬裏中巴,1
18408,馬裏中巴客,1
18409,裏中巴客半,1
18410,中巴客半歸,1
18411,巴客半歸鄉,1
18412,客半歸鄉心,1
18413,半歸鄉心知,1
18414,歸鄉心知欲,1
18415,鄉心知欲借,1
18416,心知欲借南,1
18417,知欲借南遊,1
18418,欲借南遊侶,1
18419,借南遊侶未,1
18420,南遊侶未到,1
18421,遊侶未到三,1
18422,侶未到三聲,1
18423,未到三聲恐,1
18424,到三聲恐斷,1
18425,三聲恐斷腸,1
18426,聲恐斷腸綠,1
18427,恐斷腸綠發,1
18428,斷腸綠發監,1
18429,腸綠發監州,1
18430,綠發監州丹,1
18431,發監州丹府,1
18432,監州丹府歸,1
18433,州丹府歸還,1
18434,丹府歸還家,1
18435,府歸還家樂,1
18436,歸還家樂事,1
18437,還家樂事我,1
18438,家樂事我先,1
18439,樂事我先知,1
18440,事我先知群,1
18441,我先知群童,1
18442,先知群童竹,1
18443,知群童竹馬,1
18444,群童竹馬交,1
18445,童竹馬交迎,1
18446,竹馬交迎日,1
18447,馬交迎日二,1
18448,交迎日二老,1
18449,迎日二老蘭,1
18450,日二老蘭觴,1
18451,二老蘭觴初,1
18452,老蘭觴初見,1
18453,蘭觴初見時,1
18454,觴初見時黃,1
18455,初見時黃卷,1
18456,見時黃卷新,1
18457,時黃卷新書,1
18458,黃卷新書芸,1
18459,卷新書芸委,1
18460,新書芸委積,1
18461,書芸委積青,1
18462,芸委積青山,1
18463,委積青山舊,1
18464,積青山舊路,1
18465,青山舊路菊,1
18466,山舊路菊離,1
18467,舊路菊離披,1
18468,路菊離披亨,1
18469,菊離披亨衢,1
18470,離披亨衢自,1
18471,披亨衢自有,1
18472,亨衢自有橫,1
18473,衢自有橫飛,1
18474,自有橫飛勢,1
18475,有橫飛勢便,1
18476,橫飛勢便到,1
18477,飛勢便到西,1
18478,勢便到西垣,1
18479,便到西垣視,1
18480,到西垣視訓,1
18481,西垣視訓辭,1
18482,垣視訓辭暖,1
18483,視訓辭暖溪,1
18484,訓辭暖溪寒,1
18485,辭暖溪寒井,1
18486,暖溪寒井碧,1
18487,溪寒井碧岩,1
18488,寒井碧岩前,1
18489,井碧岩前謝,1
18490,碧岩前謝傅,1
18491,岩前謝傅賓,1
18492,前謝傅賓朋,1
18493,謝傅賓朋盛,1
18494,傅賓朋盛綺,1
18495,賓朋盛綺筵,1
18496,朋盛綺筵雲,1
18497,盛綺筵雲斷,1
18498,綺筵雲斷石,1
18499,筵雲斷石峰,1
18500,雲斷石峰高,1
18501,斷石峰高並,1
18502,石峰高並筍,1
18503,峰高並筍日,1
18504,高並筍日臨,1
18505,並筍日臨山,1
18506,筍日臨山勢,1
18507,日臨山勢遠,1
18508,臨山勢遠開,1
18509,山勢遠開蓮,1
18510,勢遠開蓮閑,1
18511,遠開蓮閑留,1
18512,開蓮閑留幢,1
18513,蓮閑留幢節,1
18514,閑留幢節低,1
18515,留幢節低春,1
18516,幢節低春水,1
18517,節低春水醉,1
18518,低春水醉擁,1
18519,春水醉擁笙,1
18520,水醉擁笙歌,1
18521,醉擁笙歌出,1
18522,擁笙歌出暮,1
18523,笙歌出暮煙,1
18524,歌出暮煙聞,1
18525,出暮煙聞道,1
18526,暮煙聞道詩,1
18527,煙聞道詩成,1
18528,聞道詩成歸,1
18529,道詩成歸已,1
18530,詩成歸已夕,1
18531,成歸已夕柳,1
18532,歸已夕柳風,1
18533,已夕柳風花,1
18534,夕柳風花露,1
18535,柳風花露月,1
18536,風花露月初,1
18537,花露月初圓,1
18538,露月初圓詔,1
18539,月初圓詔選,1
18540,初圓詔選將,1
18541,圓詔選將軍,1
18542,詔選將軍護,1
18543,選將軍護北,1
18544,將軍護北戎,1
18545,軍護北戎身,1
18546,護北戎身騎,1
18547,北戎身騎白,1
18548,戎身騎白馬,1
18549,身騎白馬臂,1
18550,騎白馬臂彤,1
18551,白馬臂彤弓,1
18552,馬臂彤弓柳,1
18553,臂彤弓柳營,1
18554,彤弓柳營遠,1
18555,弓柳營遠識,1
18556,柳營遠識金,1
18557,營遠識金貂,1
18558,遠識金貂貴,1
18559,識金貂貴榆,1
18560,金貂貴榆塞,1
18561,貂貴榆塞遙,1
18562,貴榆塞遙知,1
18563,榆塞遙知玉,1
18564,塞遙知玉帳,1
18565,遙知玉帳雄,1
18566,知玉帳雄秋,1
18567,玉帳雄秋檻,1
18568,帳雄秋檻鼓,1
18569,雄秋檻鼓鼙,1
18570,秋檻鼓鼙驚,1
18571,檻鼓鼙驚朔,1
18572,鼓鼙驚朔雪,1
18573,鼙驚朔雪曉,1
18574,驚朔雪曉階,1
18575,朔雪曉階旗,1
18576,雪曉階旗纛,1
18577,曉階旗纛起,1
18578,階旗纛起邊,1
18579,旗纛起邊風,1
18580,纛起邊風蓬,1
18581,起邊風蓬萊,1
18582,邊風蓬萊每,1
18583,風蓬萊每望,1
18584,蓬萊每望平,1
18585,萊每望平安,1
18586,每望平安火,1
18587,望平安火應,1
18588,平安火應奏,1
18589,安火應奏班,1
18590,火應奏班超,1
18591,應奏班超定,1
18592,奏班超定遠,1
18593,班超定遠功,1
18594,超定遠功賦,1
18595,定遠功賦擬,1
18596,遠功賦擬相,1
18597,功賦擬相如,1
18598,賦擬相如詩,1
18599,擬相如詩似,1
18600,相如詩似陶,1
18601,如詩似陶雲,1
18602,詩似陶雲陽,1
18603,似陶雲陽煙,1
18604,陶雲陽煙月,1
18605,雲陽煙月又,1
18606,陽煙月又同,1
18607,煙月又同袍,1
18608,月又同袍車,1
18609,又同袍車前,1
18610,同袍車前驥,1
18611,袍車前驥病,1
18612,車前驥病駑,1
18613,前驥病駑駘,1
18614,驥病駑駘逸,1
18615,病駑駘逸架,1
18616,駑駘逸架上,1
18617,駘逸架上鷹,1
18618,逸架上鷹閑,1
18619,架上鷹閑鳥,1
18620,上鷹閑鳥雀,1
18621,鷹閑鳥雀高,1
18622,閑鳥雀高舊,1
18623,鳥雀高舊日,1
18624,雀高舊日樂,1
18625,高舊日樂貧,1
18626,舊日樂貧能,1
18627,日樂貧能飲,1
18628,樂貧能飲水,1
18629,貧能飲水他,1
18630,能飲水他時,1
18631,飲水他時隨,1
18632,水他時隨俗,1
18633,他時隨俗願,1
18634,時隨俗願餔,1
18635,隨俗願餔糟,1
18636,俗願餔糟不,1
18637,願餔糟不須,1
18638,餔糟不須倚,1
18639,糟不須倚向,1
18640,不須倚向青,1
18641,須倚向青山,1
18642,倚向青山住,1
18643,向青山住詠,1
18644,青山住詠雪,1
18645,山住詠雪題,1
18646,住詠雪題詩,1
18647,詠雪題詩用,1
18648,雪題詩用意,1
18649,題詩用意勞,1
18650,詩用意勞北,1
18651,用意勞北望,1
18652,意勞北望高,1
18653,勞北望高樓,1
18654,北望高樓夏,1
18655,望高樓夏亦,1
18656,高樓夏亦寒,1
18657,樓夏亦寒山,1
18658,夏亦寒山重,1
18659,亦寒山重水,1
18660,寒山重水闊,1
18661,山重水闊接,1
18662,重水闊接長,1
18663,水闊接長安,1
18664,闊接長安修,1
18665,接長安修梁,1
18666,長安修梁暗,1
18667,安修梁暗換,1
18668,修梁暗換丹,1
18669,梁暗換丹楹,1
18670,暗換丹楹小,1
18671,換丹楹小疏,1
18672,丹楹小疏牖,1
18673,楹小疏牖全,1
18674,小疏牖全開,1
18675,疏牖全開彩,1
18676,牖全開彩檻,1
18677,全開彩檻寬,1
18678,開彩檻寬風,1
18679,彩檻寬風卷,1
18680,檻寬風卷浮,1
18681,寬風卷浮雲,1
18682,風卷浮雲披,1
18683,卷浮雲披睥,1
18684,浮雲披睥睨,1
18685,雲披睥睨露,1
18686,披睥睨露涼,1
18687,睥睨露涼明,1
18688,睨露涼明月,1
18689,露涼明月墜,1
18690,涼明月墜闌,1
18691,明月墜闌幹,1
18692,月墜闌幹庾,1
18693,墜闌幹庾公,1
18694,闌幹庾公戀,1
18695,幹庾公戀闕,1
18696,庾公戀闕懷,1
18697,公戀闕懷鄉,1
18698,戀闕懷鄉處,1
18699,闕懷鄉處目,1
18700,懷鄉處目送,1
18701,鄉處目送歸,1
18702,處目送歸帆,1
18703,目送歸帆下,1
18704,送歸帆下遠,1
18705,歸帆下遠灘,1
18706,帆下遠灘兩,1
18707,下遠灘兩河,1
18708,遠灘兩河庶,1
18709,灘兩河庶事,1
18710,兩河庶事已,1
18711,河庶事已堪,1
18712,庶事已堪傷,1
18713,事已堪傷南,1
18714,已堪傷南客,1
18715,堪傷南客秋,1
18716,傷南客秋歸,1
18717,南客秋歸路,1
18718,客秋歸路更,1
18719,秋歸路更長,1
18720,歸路更長台,1
18721,路更長台畔,1
18722,更長台畔古,1
18723,長台畔古松,1
18724,台畔古松悲,1
18725,畔古松悲魏,1
18726,古松悲魏帝,1
18727,松悲魏帝苑,1
18728,悲魏帝苑邊,1
18729,魏帝苑邊修,1
18730,帝苑邊修竹,1
18731,苑邊修竹吊,1
18732,邊修竹吊梁,1
18733,修竹吊梁王,1
18734,竹吊梁王山,1
18735,吊梁王山行,1
18736,梁王山行露,1
18737,王山行露變,1
18738,山行露變茱,1
18739,行露變茱萸,1
18740,露變茱萸色,1
18741,變茱萸色水,1
18742,茱萸色水宿,1
18743,萸色水宿風,1
18744,色水宿風披,1
18745,水宿風披菡,1
18746,宿風披菡萏,1
18747,風披菡萏香,1
18748,披菡萏香遙,1
18749,菡萏香遙羨,1
18750,萏香遙羨落,1
18751,香遙羨落帆,1
18752,遙羨落帆逢,1
18753,羨落帆逢舊,1
18754,落帆逢舊友,1
18755,帆逢舊友綠,1
18756,逢舊友綠蛾,1
18757,舊友綠蛾青,1
18758,友綠蛾青鬢,1
18759,綠蛾青鬢醉,1
18760,蛾青鬢醉橫,1
18761,青鬢醉橫塘,1
18762,鬢醉橫塘野,1
18763,醉橫塘野水,1
18764,橫塘野水通,1
18765,塘野水通池,1
18766,野水通池石,1
18767,水通池石疊,1
18768,通池石疊台,1
18769,池石疊台五,1
18770,石疊台五營,1
18771,疊台五營無,1
18772,台五營無事,1
18773,五營無事隱,1
18774,營無事隱雄,1
18775,無事隱雄才,1
18776,事隱雄才松,1
18777,隱雄才松齋,1
18778,雄才松齋下,1
18779,才松齋下馬,1
18780,松齋下馬書,1
18781,齋下馬書千,1
18782,下馬書千卷,1
18783,馬書千卷蘭,1
18784,書千卷蘭舫,1
18785,千卷蘭舫逢,1
18786,卷蘭舫逢人,1
18787,蘭舫逢人酒,1
18788,舫逢人酒一,1
18789,逢人酒一杯,1
18790,人酒一杯寒,1
18791,酒一杯寒樹,1
18792,一杯寒樹雪,1
18793,杯寒樹雪晴,1
18794,寒樹雪晴紅,1
18795,樹雪晴紅豔,1
18796,雪晴紅豔吐,1
18797,晴紅豔吐遠,1
18798,紅豔吐遠山,1
18799,豔吐遠山雲,1
18800,吐遠山雲曉,1
18801,遠山雲曉翠,1
18802,山雲曉翠光,1
18803,雲曉翠光來,1
18804,曉翠光來定,1
18805,翠光來定知,1
18806,光來定知別,1
18807,來定知別後,1
18808,定知別後無,1
18809,知別後無多,1
18810,別後無多日,1
18811,後無多日海,1
18812,無多日海柳,1
18813,多日海柳江,1
18814,日海柳江花,1
18815,海柳江花次,1
18816,柳江花次第,1
18817,江花次第開,1
18818,花次第開雲,1
18819,次第開雲齋,1
18820,第開雲齋曾,1
18821,開雲齋曾宿,1
18822,雲齋曾宿借,1
18823,齋曾宿借方,1
18824,曾宿借方袍,1
18825,宿借方袍因,1
18826,借方袍因說,1
18827,方袍因說浮,1
18828,袍因說浮生,1
18829,因說浮生大,1
18830,說浮生大夢,1
18831,浮生大夢勞,1
18832,生大夢勞言,1
18833,大夢勞言下,1
18834,夢勞言下是,1
18835,勞言下是非,1
18836,言下是非齊,1
18837,下是非齊虎,1
18838,是非齊虎尾,1
18839,非齊虎尾宿,1
18840,齊虎尾宿來,1
18841,虎尾宿來榮,1
18842,尾宿來榮辱,1
18843,宿來榮辱比,1
18844,來榮辱比鴻,1
18845,榮辱比鴻毛,1
18846,辱比鴻毛孤,1
18847,比鴻毛孤舟,1
18848,鴻毛孤舟千,1
18849,毛孤舟千棹,1
18850,孤舟千棹水,1
18851,舟千棹水猶,1
18852,千棹水猶闊,1
18853,棹水猶闊寒,1
18854,水猶闊寒殿,1
18855,猶闊寒殿一,1
18856,闊寒殿一燈,1
18857,寒殿一燈夜,1
18858,殿一燈夜更,1
18859,一燈夜更高,1
18860,燈夜更高明,1
18861,夜更高明日,1
18862,更高明日東,1
18863,高明日東林,1
18864,明日東林有,1
18865,日東林有誰,1
18866,東林有誰在,1
18867,林有誰在不,1
18868,有誰在不堪,1
18869,誰在不堪秋,1
18870,在不堪秋磬,1
18871,不堪秋磬拂,1
18872,堪秋磬拂煙,1
18873,秋磬拂煙濤,1
18874,磬拂煙濤風,1
18875,拂煙濤風暖,1
18876,煙濤風暖曲,1
18877,濤風暖曲江,1
18878,風暖曲江花,1
18879,暖曲江花半,1
18880,曲江花半開,1
18881,江花半開忽,1
18882,花半開忽思,1
18883,半開忽思京,1
18884,開忽思京口,1
18885,忽思京口共,1
18886,思京口共銜,1
18887,京口共銜杯,1
18888,口共銜杯湘,1
18889,共銜杯湘潭,1
18890,銜杯湘潭雲,1
18891,杯湘潭雲盡,1
18892,消春水來懷,1
18893,春水來懷玉,1
18894,水來懷玉尚,1
18895,來懷玉尚悲,1
18896,懷玉尚悲迷,1
18897,玉尚悲迷楚,1
18898,尚悲迷楚塞,1
18899,悲迷楚塞捧,1
18900,迷楚塞捧金,1
18901,楚塞捧金猶,1
18902,塞捧金猶羨,1
18903,捧金猶羨樂,1
18904,金猶羨樂燕,1
18905,猶羨樂燕台,1
18906,羨樂燕台薊,1
18907,樂燕台薊門,1
18908,燕台薊門高,1
18909,台薊門高處,1
18910,薊門高處極,1
18911,門高處極歸,1
18912,高處極歸思,1
18913,處極歸思隴,1
18914,極歸思隴雁,1
18915,歸思隴雁北,1
18916,思隴雁北飛,1
18917,隴雁北飛雙,1
18918,雁北飛雙燕,1
18919,北飛雙燕回,1
18920,飛雙燕回楚,1
18921,雙燕回楚水,1
18922,燕回楚水西,1
18923,回楚水西來,1
18924,楚水西來天,1
18925,水西來天際,1
18926,西來天際流,1
18927,來天際流感,1
18928,天際流感時,1
18929,際流感時傷,1
18930,流感時傷別,1
18931,感時傷別思,1
18932,時傷別思悠,1
18933,傷別思悠悠,1
18934,思悠悠一尊,1
18935,悠悠一尊酒,1
18936,悠一尊酒盡,1
18937,盡青山暮萬,1
18938,青山暮萬里,1
18939,山暮萬里書,1
18940,暮萬里書回,1
18941,萬里書回碧,1
18942,回碧樹秋日,1
18943,碧樹秋日落,1
18944,樹秋日落遠,1
18945,秋日落遠波,1
18946,日落遠波驚,1
18947,落遠波驚宿,1
18948,遠波驚宿雁,1
18949,波驚宿雁風,1
18950,驚宿雁風吹,1
18951,宿雁風吹輕,1
18952,雁風吹輕浪,1
18953,風吹輕浪起,1
18954,吹輕浪起眠,1
18955,輕浪起眠鷗,1
18956,浪起眠鷗嵩,1
18957,起眠鷗嵩陽,1
18958,眠鷗嵩陽親,1
18959,鷗嵩陽親友,1
18960,嵩陽親友如,1
18961,陽親友如相,1
18962,親友如相問,1
18963,友如相問潘,1
18964,如相問潘嶽,1
18965,相問潘嶽閒,1
18966,問潘嶽閒居,1
18967,潘嶽閒居欲,1
18968,嶽閒居欲白,1
18969,閒居欲白頭,1
18970,居欲白頭桂,1
18971,欲白頭桂州,1
18972,白頭桂州南,1
18973,頭桂州南去,1
18974,桂州南去與,1
18975,州南去與誰,1
18976,南去與誰同,1
18977,去與誰同處,1
18978,與誰同處處,1
18979,誰同處處山,1
18980,同處處山連,1
18981,處處山連水,1
18982,處山連水自,1
18983,山連水自通,1
18984,連水自通兩,1
18985,水自通兩岸,1
18986,自通兩岸曉,1
18987,通兩岸曉霞,1
18988,兩岸曉霞千,1
18989,岸曉霞千里,1
18990,曉霞千里草,1
18991,霞千里草半,1
18992,千里草半帆,1
18993,里草半帆斜,1
18994,草半帆斜日,1
18995,半帆斜日一,1
18996,帆斜日一江,1
18997,斜日一江風,1
18998,日一江風瘴,1
18999,一江風瘴雨,1
19000,江風瘴雨欲,1
19001,風瘴雨欲來,1
19002,瘴雨欲來楓,1
19003,雨欲來楓樹,1
19004,欲來楓樹黑,1
19005,來楓樹黑火,1
19006,楓樹黑火雲,1
19007,樹黑火雲初,1
19008,黑火雲初起,1
19009,火雲初起荔,1
19010,雲初起荔枝,1
19011,初起荔枝紅,1
19012,起荔枝紅愁,1
19013,荔枝紅愁君,1
19014,枝紅愁君路,1
19015,紅愁君路遠,1
19016,愁君路遠銷,1
19017,君路遠銷年,1
19018,路遠銷年月,1
19019,遠銷年月莫,1
19020,銷年月莫滯,1
19021,年月莫滯三,1
19022,月莫滯三湘,1
19023,莫滯三湘五,1
19024,滯三湘五嶺,1
19025,三湘五嶺中,1
19026,湘五嶺中芳,1
19027,五嶺中芳草,1
19028,嶺中芳草渡,1
19029,中芳草渡頭,1
19030,芳草渡頭微,1
19031,草渡頭微雨,1
19032,渡頭微雨時,1
19033,頭微雨時萬,1
19034,微雨時萬株,1
19035,雨時萬株楊,1
19036,時萬株楊柳,1
19037,萬株楊柳拂,1
19038,株楊柳拂波,1
19039,楊柳拂波垂,1
19040,柳拂波垂蒲,1
19041,拂波垂蒲根,1
19042,波垂蒲根水,1
19043,垂蒲根水暖,1
19044,蒲根水暖雁,1
19045,根水暖雁初,1
19046,水暖雁初落,1
19047,暖雁初落梅,1
19048,雁初落梅徑,1
19049,初落梅徑香,1
19050,落梅徑香寒,1
19051,梅徑香寒蜂,1
19052,徑香寒蜂未,1
19053,香寒蜂未知,1
19054,寒蜂未知詞,1
19055,蜂未知詞客,1
19056,未知詞客倚,1
19057,知詞客倚風,1
19058,詞客倚風吹,1
19059,客倚風吹暗,1
19060,倚風吹暗淡,1
19061,風吹暗淡使,1
19062,吹暗淡使君,1
19063,暗淡使君回,1
19064,淡使君回馬,1
19065,使君回馬濕,1
19066,君回馬濕旌,1
19067,回馬濕旌旗,1
19068,馬濕旌旗江,1
19069,濕旌旗江南,1
19070,旌旗江南仲,1
19071,旗江南仲蔚,1
19072,江南仲蔚多,1
19073,南仲蔚多情,1
19074,仲蔚多情調,1
19075,蔚多情調悵,1
19076,多情調悵望,1
19077,情調悵望青,1
19078,調悵望青雲,1
19079,悵望青雲幾,1
19080,望青雲幾首,1
19081,青雲幾首詩,1
19082,雲幾首詩西,1
19083,幾首詩西風,1
19084,首詩西風吹,1
19085,詩西風吹雨,1
19086,西風吹雨雁,1
19087,風吹雨雁初,1
19088,吹雨雁初時,1
19089,雨雁初時病,1
19090,雁初時病寄,1
19091,初時病寄僧,1
19092,時病寄僧齋,1
19093,病寄僧齋罷,1
19094,寄僧齋罷獻,1
19095,僧齋罷獻書,1
19096,齋罷獻書萬,1
19097,罷獻書萬里,1
19098,獻書萬里咸,1
19099,書萬里咸秦,1
19100,萬里咸秦勞,1
19101,里咸秦勞我,1
19102,咸秦勞我馬,1
19103,秦勞我馬四,1
19104,勞我馬四鄰,1
19105,我馬四鄰松,1
19106,馬四鄰松桂,1
19107,四鄰松桂憶,1
19108,鄰松桂憶吾,1
19109,松桂憶吾廬,1
19110,桂憶吾廬滄,1
19111,憶吾廬滄洲,1
19112,吾廬滄洲有,1
19113,廬滄洲有約,1
19114,滄洲有約心,1
19115,洲有約心還,1
19116,有約心還靜,1
19117,約心還靜青,1
19118,心還靜青漢,1
19119,還靜青漢無,1
19120,靜青漢無媒,1
19121,青漢無媒跡,1
19122,漢無媒跡自,1
19123,無媒跡自疏,1
19124,媒跡自疏不,1
19125,跡自疏不是,1
19126,自疏不是醉,1
19127,疏不是醉眠,1
19128,不是醉眠愁,1
19129,是醉眠愁不,1
19130,醉眠愁不散,1
19131,眠愁不散莫,1
19132,愁不散莫言,1
19133,不散莫言琴,1
19134,散莫言琴酒,1
19135,莫言琴酒學,1
19136,言琴酒學相,1
19137,琴酒學相如,1
19138,酒學相如權,1
19139,學相如權門,1
19140,相如權門陰,1
19141,如權門陰奏,1
19142,權門陰奏奪,1
19143,門陰奏奪移,1
19144,陰奏奪移才,1
19145,奏奪移才馹,1
19146,奪移才馹騎,1
19147,移才馹騎如,1
19148,才馹騎如星,1
19149,馹騎如星墮,1
19150,騎如星墮峽,1
19151,如星墮峽來,1
19152,星墮峽來晁,1
19153,墮峽來晁氏,1
19154,峽來晁氏有,1
19155,來晁氏有恩,1
19156,晁氏有恩忠,1
19157,氏有恩忠作,1
19158,有恩忠作禍,1
19159,恩忠作禍賈,1
19160,忠作禍賈生,1
19161,作禍賈生無,1
19162,禍賈生無罪,1
19163,賈生無罪直,1
19164,生無罪直為,1
19165,無罪直為災,1
19166,罪直為災貞,1
19167,直為災貞魂,1
19168,為災貞魂誤,1
19169,災貞魂誤向,1
19170,貞魂誤向崇,1
19171,魂誤向崇山,1
19172,誤向崇山歿,1
19173,向崇山歿冤,1
19174,崇山歿冤氣,1
19175,山歿冤氣疑,1
19176,歿冤氣疑從,1
19177,冤氣疑從汨,1
19178,氣疑從汨水,1
19179,疑從汨水回,1
19180,從汨水回畢,1
19181,汨水回畢竟,1
19182,水回畢竟功,1
19183,回畢竟功成,1
19184,畢竟功成何,1
19185,竟功成何處,1
19186,功成何處是,1
19187,成何處是五,1
19188,何處是五湖,1
19189,處是五湖雲,1
19190,是五湖雲月,1
19191,五湖雲月一,1
19192,湖雲月一帆,1
19193,雲月一帆開,1
19194,月一帆開月,1
19195,一帆開月落,1
19196,帆開月落湘,1
19197,開月落湘潭,1
19198,月落湘潭棹,1
19199,落湘潭棹不,1
19200,湘潭棹不喧,1
19201,潭棹不喧玉,1
19202,棹不喧玉杯,1
19203,不喧玉杯瑤,1
19204,喧玉杯瑤瑟,1
19205,玉杯瑤瑟奠,1
19206,杯瑤瑟奠蘋,1
19207,瑤瑟奠蘋蘩,1
19208,瑟奠蘋蘩誰,1
19209,奠蘋蘩誰能,1
19210,蘋蘩誰能力,1
19211,蘩誰能力制,1
19212,誰能力制乘,1
19213,能力制乘時,1
19214,力制乘時鶴,1
19215,制乘時鶴自,1
19216,乘時鶴自取,1
19217,時鶴自取機,1
19218,鶴自取機沉,1
19219,自取機沉在,1
19220,取機沉在檻,1
19221,機沉在檻猿,1
19222,沉在檻猿位,1
19223,在檻猿位極,1
19224,檻猿位極乾,1
19225,猿位極乾坤,1
19226,位極乾坤三,1
19227,極乾坤三事,1
19228,乾坤三事貴,1
19229,坤三事貴謗,1
19230,三事貴謗興,1
19231,事貴謗興華,1
19232,貴謗興華夏,1
19233,謗興華夏一,1
19234,興華夏一夫,1
19235,華夏一夫冤,1
19236,夏一夫冤宵,1
19237,一夫冤宵衣,1
19238,夫冤宵衣旰,1
19239,冤宵衣旰食,1
19240,宵衣旰食明,1
19241,衣旰食明天,1
19242,旰食明天子,1
19243,食明天子日,1
19244,明天子日伏,1
19245,天子日伏青,1
19246,子日伏青蒲,1
19247,日伏青蒲不,1
19248,伏青蒲不敢,1
19249,青蒲不敢言,1
19250,蒲不敢言因,1
19251,不敢言因釣,1
19252,敢言因釣鱸,1
19253,言因釣鱸魚,1
19254,因釣鱸魚住,1
19255,釣鱸魚住浙,1
19256,鱸魚住浙河,1
19257,魚住浙河掛,1
19258,住浙河掛帆,1
19259,浙河掛帆千,1
19260,河掛帆千里,1
19261,掛帆千里亦,1
19262,帆千里亦相,1
19263,千里亦相過,1
19264,里亦相過茅,1
19265,亦相過茅簷,1
19266,相過茅簷夜,1
19267,過茅簷夜醉,1
19268,茅簷夜醉平,1
19269,簷夜醉平階,1
19270,夜醉平階月,1
19271,醉平階月蘭,1
19272,平階月蘭棹,1
19273,階月蘭棹春,1
19274,月蘭棹春歸,1
19275,蘭棹春歸拍,1
19276,棹春歸拍岸,1
19277,春歸拍岸波,1
19278,歸拍岸波湖,1
19279,拍岸波湖日,1
19280,岸波湖日似,1
19281,波湖日似陰,1
19282,湖日似陰鼉,1
19283,日似陰鼉鼓,1
19284,似陰鼉鼓響,1
19285,陰鼉鼓響海,1
19286,鼉鼓響海雲,1
19287,鼓響海雲才,1
19288,響海雲才起,1
19289,海雲才起蜃,1
19290,雲才起蜃樓,1
19291,才起蜃樓多,1
19292,起蜃樓多明,1
19293,蜃樓多明時,1
19294,樓多明時又,1
19295,多明時又作,1
19296,明時又作閒,1
19297,時又作閒居,1
19298,又作閒居賦,1
19299,作閒居賦誰,1
19300,閒居賦誰薦,1
19301,居賦誰薦東,1
19302,賦誰薦東門,1
19303,誰薦東門策,1
19304,薦東門策四,1
19305,東門策四科,1
19306,門策四科蜀,1
19307,策四科蜀國,1
19308,四科蜀國名,1
19309,科蜀國名鞭,1
19310,蜀國名鞭見,1
19311,國名鞭見惠,1
19312,名鞭見惠稀,1
19313,鞭見惠稀駑,1
19314,見惠稀駑駘,1
19315,惠稀駑駘從,1
19316,稀駑駘從此,1
19317,駑駘從此長,1
19318,駘從此長光,1
19319,從此長光輝,1
19320,此長光輝獨,1
19321,長光輝獨根,1
19322,光輝獨根擁,1
19323,輝獨根擁腫,1
19324,獨根擁腫來,1
19325,根擁腫來雲,1
19326,擁腫來雲岫,1
19327,腫來雲岫紫,1
19328,來雲岫紫陌,1
19329,雲岫紫陌提,1
19330,岫紫陌提攜,1
19331,紫陌提攜在,1
19332,陌提攜在繡,1
19333,提攜在繡衣,1
19334,攜在繡衣幾,1
19335,在繡衣幾度,1
19336,繡衣幾度拂,1
19337,衣幾度拂花,1
19338,幾度拂花香,1
19339,度拂花香裏,1
19340,拂花香裏過,1
19341,花香裏過也,1
19342,香裏過也曾,1
19343,裏過也曾敲,1
19344,過也曾敲鐙,1
19345,也曾敲鐙月,1
19346,曾敲鐙月中,1
19347,敲鐙月中歸,1
19348,鐙月中歸莫,1
19349,月中歸莫言,1
19350,中歸莫言三,1
19351,歸莫言三尺,1
19352,莫言三尺長,1
19353,言三尺長無,1
19354,三尺長無用,1
19355,尺長無用百,1
19356,長無用百萬,1
19357,無用百萬軍,1
19358,用百萬軍中,1
19359,百萬軍中要,1
19360,萬軍中要指,1
19361,軍中要指揮,1
19362,中要指揮天,1
19363,要指揮天生,1
19364,指揮天生心,1
19365,揮天生心識,1
19366,天生心識富,1
19367,生心識富人,1
19368,心識富人侯,1
19369,識富人侯將,1
19370,富人侯將相,1
19371,人侯將相門,1
19372,侯將相門中,1
19373,將相門中第,1
19374,相門中第一,1
19375,門中第一流,1
19376,中第一流旗,1
19377,第一流旗纛,1
19378,一流旗纛早,1
19379,流旗纛早開,1
19380,旗纛早開擒,1
19381,纛早開擒虎,1
19382,早開擒虎帳,1
19383,開擒虎帳戈,1
19384,擒虎帳戈鋋,1
19385,虎帳戈鋋初,1
19386,帳戈鋋初發,1
19387,戈鋋初發斬,1
19388,鋋初發斬鯨,1
19389,初發斬鯨舟,1
19390,發斬鯨舟柳,1
19391,斬鯨舟柳營,1
19392,鯨舟柳營書,1
19393,舟柳營書號,1
19394,柳營書號海,1
19395,營書號海山,1
19396,書號海山暝,1
19397,號海山暝菌,1
19398,海山暝菌閣,1
19399,山暝菌閣賦,1
19400,暝菌閣賦詩,1
19401,菌閣賦詩江,1
19402,閣賦詩江樹,1
19403,賦詩江樹秋,1
19404,詩江樹秋昨,1
19405,江樹秋昨夜,1
19406,樹秋昨夜雨,1
19407,秋昨夜雨涼,1
19408,昨夜雨涼今,1
19409,夜雨涼今夜,1
19410,雨涼今夜月,1
19411,涼今夜月笙,1
19412,今夜月笙歌,1
19413,夜月笙歌應,1
19414,月笙歌應醉,1
19415,笙歌應醉最,1
19416,歌應醉最高,1
19417,應醉最高樓,1
19418,醉最高樓世,1
19419,最高樓世間,1
19420,高樓世間得,1
19421,樓世間得意,1
19422,世間得意是,1
19423,間得意是春,1
19424,得意是春風,1
19425,意是春風散,1
19426,是春風散誕,1
19427,春風散誕經,1
19428,風散誕經過,1
19429,散誕經過觸,1
19430,誕經過觸處,1
19431,經過觸處通,1
19432,過觸處通細,1
19433,觸處通細搖,1
19434,處通細搖柳,1
19435,通細搖柳臉,1
19436,細搖柳臉牽,1
19437,搖柳臉牽長,1
19438,柳臉牽長帶,1
19439,臉牽長帶慢,1
19440,牽長帶慢撼,1
19441,長帶慢撼桃,1
19442,帶慢撼桃株,1
19443,慢撼桃株舞,1
19444,撼桃株舞碎,1
19445,桃株舞碎紅,1
19446,株舞碎紅也,1
19447,舞碎紅也從,1
19448,碎紅也從吹,1
19449,紅也從吹幌,1
19450,也從吹幌驚,1
19451,從吹幌驚殘,1
19452,吹幌驚殘夢,1
19453,幌驚殘夢何,1
19454,驚殘夢何處,1
19455,殘夢何處飄,1
19456,夢何處飄香,1
19457,何處飄香別,1
19458,處飄香別故,1
19459,飄香別故叢,1
19460,香別故叢猶,1
19461,別故叢猶以,1
19462,故叢猶以西,1
19463,叢猶以西都,1
19464,猶以西都名,1
19465,以西都名下,1
19466,西都名下客,1
19467,都名下客今,1
19468,名下客今年,1
19469,下客今年一,1
19470,客今年一月,1
19471,今年一月始,1
19472,年一月始相,1
19473,一月始相逢,1
19474,月始相逢三,1
19475,始相逢三年,1
19476,相逢三年何,1
19477,逢三年何處,1
19478,三年何處淚,1
19479,年何處淚汍,1
19480,何處淚汍瀾,1
19481,處淚汍瀾白,1
19482,淚汍瀾白帝,1
19483,汍瀾白帝城,1
19484,瀾白帝城邊,1
19485,白帝城邊曉,1
19486,帝城邊曉角,1
19487,城邊曉角殘,1
19488,邊曉角殘非,1
19489,曉角殘非是,1
19490,角殘非是無,1
19491,殘非是無心,1
19492,非是無心戀,1
19493,是無心戀巫,1
19494,無心戀巫峽,1
19495,心戀巫峽自,1
19496,戀巫峽自緣,1
19497,巫峽自緣臂,1
19498,峽自緣臂到,1
19499,自緣臂到長,1
19500,緣臂到長安,1
19501,臂到長安黔,1
19502,到長安黔江,1
19503,長安黔江水,1
19504,安黔江水暖,1
19505,黔江水暖還,1
19506,江水暖還曾,1
19507,水暖還曾飲,1
19508,暖還曾飲楚,1
19509,還曾飲楚岫,1
19510,曾飲楚岫雲,1
19511,飲楚岫雲深,1
19512,楚岫雲深不,1
19513,岫雲深不識,1
19514,雲深不識寒,1
19515,深不識寒大,1
19516,不識寒大抵,1
19517,識寒大抵莫,1
19518,寒大抵莫教,1
19519,大抵莫教聞,1
19520,抵莫教聞雨,1
19521,莫教聞雨後,1
19522,教聞雨後此,1
19523,聞雨後此時,1
19524,雨後此時腸,1
19525,後此時腸斷,1
19526,此時腸斷不,1
19527,時腸斷不應,1
19528,腸斷不應難,1
19529,斷不應難台,1
19530,不應難台閣,1
19531,應難台閣參,1
19532,難台閣參差,1
19533,台閣參差倚,1
19534,閣參差倚太,1
19535,參差倚太陽,1
19536,差倚太陽年,1
19537,倚太陽年年,1
19538,太陽年年花,1
19539,陽年年花發,1
19540,年年花發滿,1
19541,年花發滿山,1
19542,花發滿山香,1
19543,發滿山香重,1
19544,滿山香重門,1
19545,山香重門勘,1
19546,香重門勘鎖,1
19547,重門勘鎖青,1
19548,門勘鎖青春,1
19549,勘鎖青春晚,1
19550,鎖青春晚深,1
19551,青春晚深院,1
19552,春晚深院垂,1
19553,晚深院垂簾,1
19554,深院垂簾白,1
19555,院垂簾白晝,1
19556,垂簾白晝長,1
19557,簾白晝長草,1
19558,白晝長草色,1
19559,晝長草色芊,1
19560,長草色芊綿,1
19561,草色芊綿侵,1
19562,色芊綿侵禦,1
19563,芊綿侵禦路,1
19564,綿侵禦路泉,1
19565,侵禦路泉聲,1
19566,禦路泉聲嗚,1
19567,路泉聲嗚咽,1
19568,泉聲嗚咽繞,1
19569,聲嗚咽繞宮,1
19570,嗚咽繞宮牆,1
19571,咽繞宮牆先,1
19572,繞宮牆先皇,1
19573,宮牆先皇一,1
19574,牆先皇一去,1
19575,先皇一去無,1
19576,皇一去無回,1
19577,一去無回駕,1
19578,去無回駕紅,1
19579,無回駕紅粉,1
19580,回駕紅粉雲,1
19581,駕紅粉雲鬟,1
19582,紅粉雲鬟空,1
19583,粉雲鬟空斷,1
19584,雲鬟空斷腸,1
19585,鬟空斷腸十,1
19586,空斷腸十畝,1
19587,斷腸十畝山,1
19588,腸十畝山田,1
19589,十畝山田近,1
19590,畝山田近石,1
19591,山田近石涵,1
19592,田近石涵村,1
19593,近石涵村居,1
19594,石涵村居風,1
19595,涵村居風俗,1
19596,村居風俗舊,1
19597,居風俗舊曾,1
19598,風俗舊曾諳,1
19599,俗舊曾諳簾,1
19600,舊曾諳簾前,1
19601,曾諳簾前白,1
19602,諳簾前白艾,1
19603,簾前白艾驚,1
19604,前白艾驚春,1
19605,白艾驚春燕,1
19606,艾驚春燕籬,1
19607,驚春燕籬上,1
19608,春燕籬上青,1
19609,燕籬上青桑,1
19610,籬上青桑待,1
19611,上青桑待晚,1
19612,青桑待晚蠶,1
19613,桑待晚蠶雲,1
19614,待晚蠶雲暖,1
19615,晚蠶雲暖採,1
19616,蠶雲暖採茶,1
19617,雲暖採茶來,1
19618,暖採茶來嶺,1
19619,採茶來嶺北,1
19620,茶來嶺北月,1
19621,來嶺北月明,1
19622,嶺北月明沽,1
19623,北月明沽酒,1
19624,月明沽酒過,1
19625,明沽酒過溪,1
19626,沽酒過溪南,1
19627,酒過溪南陵,1
19628,過溪南陵陽,1
19629,溪南陵陽秋,1
19630,南陵陽秋盡,1
19631,陵陽秋盡多,1
19632,陽秋盡多歸,1
19633,秋盡多歸思,1
19634,盡多歸思紅,1
19635,多歸思紅樹,1
19636,歸思紅樹蕭,1
19637,思紅樹蕭蕭,1
19638,紅樹蕭蕭覆,1
19639,樹蕭蕭覆碧,1
19640,蕭蕭覆碧潭,1
19641,蕭覆碧潭朝,1
19642,覆碧潭朝回,1
19643,碧潭朝回佩,1
19644,潭朝回佩馬,1
19645,朝回佩馬早,1
19646,回佩馬早淒,1
19647,佩馬早淒淒,1
19648,馬早淒淒年,1
19649,早淒淒年少,1
19650,淒淒年少恩,1
19651,淒年少恩深,1
19652,年少恩深衛,1
19653,少恩深衛霍,1
19654,恩深衛霍齊,1
19655,深衛霍齊斧,1
19656,衛霍齊斧鉞,1
19657,霍齊斧鉞舊,1
19658,齊斧鉞舊威,1
19659,斧鉞舊威龍,1
19660,鉞舊威龍塞,1
19661,舊威龍塞北,1
19662,威龍塞北池,1
19663,龍塞北池台,1
19664,塞北池台新,1
19665,北池台新賜,1
19666,池台新賜鳳,1
19667,台新賜鳳城,1
19668,新賜鳳城西,1
19669,賜鳳城西門,1
19670,鳳城西門通,1
19671,城西門通碧,1
19672,西門通碧樹,1
19673,門通碧樹開,1
19674,通碧樹開金,1
19675,碧樹開金鎖,1
19676,樹開金鎖樓,1
19677,開金鎖樓對,1
19678,金鎖樓對青,1
19679,鎖樓對青山,1
19680,樓對青山倚,1
19681,對青山倚玉,1
19682,青山倚玉梯,1
19683,山倚玉梯南,1
19684,倚玉梯南陌,1
19685,玉梯南陌行,1
19686,梯南陌行人,1
19687,南陌行人盡,1
19688,陌行人盡回,1
19689,行人盡回首,1
19690,人盡回首笙,1
19691,盡回首笙歌,1
19692,回首笙歌一,1
19693,首笙歌一曲,1
19694,笙歌一曲暮,1
19695,歌一曲暮雲,1
19696,一曲暮雲低,1
19697,曲暮雲低眼,1
19698,暮雲低眼前,1
19699,雲低眼前迎,1
19700,低眼前迎送,1
19701,眼前迎送不,1
19702,前迎送不曾,1
19703,迎送不曾休,1
19704,送不曾休相,1
19705,不曾休相續,1
19706,曾休相續輪,1
19707,休相續輪蹄,1
19708,相續輪蹄似,1
19709,續輪蹄似水,1
19710,輪蹄似水流,1
19711,蹄似水流門,1
19712,似水流門外,1
19713,水流門外若,1
19714,流門外若無,1
19715,門外若無南,1
19716,外若無南北,1
19717,若無南北路,1
19718,無南北路人,1
19719,南北路人間,1
19720,北路人間應,1
19721,路人間應免,1
19722,人間應免別,1
19723,間應免別離,1
19724,應免別離愁,1
19725,免別離愁蘇,1
19726,別離愁蘇秦,1
19727,離愁蘇秦六,1
19728,愁蘇秦六印,1
19729,蘇秦六印歸,1
19730,秦六印歸何,1
19731,六印歸何日,1
19732,印歸何日潘,1
19733,歸何日潘岳,1
19734,何日潘岳雙,1
19735,日潘岳雙毛,1
19736,潘岳雙毛去,1
19737,岳雙毛去值,1
19738,雙毛去值秋,1
19739,毛去值秋莫,1
19740,去值秋莫怪,1
19741,值秋莫怪分,1
19742,秋莫怪分襟,1
19743,莫怪分襟銜,1
19744,怪分襟銜淚,1
19745,分襟銜淚語,1
19746,襟銜淚語十,1
19747,銜淚語十年,1
19748,淚語十年耕,1
19749,語十年耕釣,1
19750,十年耕釣憶,1
19751,年耕釣憶滄,1
19752,耕釣憶滄洲,1
19753,釣憶滄洲楚,1
19754,憶滄洲楚國,1
19755,滄洲楚國同,1
19756,洲楚國同遊,1
19757,楚國同遊過,1
19758,國同遊過十,1
19759,同遊過十霜,1
19760,遊過十霜萬,1
19761,過十霜萬重,1
19762,十霜萬重心,1
19763,霜萬重心事,1
19764,萬重心事幾,1
19765,重心事幾堪,1
19766,心事幾堪傷,1
19767,事幾堪傷蒹,1
19768,幾堪傷蒹葭,1
19769,堪傷蒹葭露,1
19770,傷蒹葭露白,1
19771,蒹葭露白蓮,1
19772,葭露白蓮塘,1
19773,露白蓮塘淺,1
19774,白蓮塘淺砧,1
19775,蓮塘淺砧杵,1
19776,塘淺砧杵夜,1
19777,淺砧杵夜清,1
19778,砧杵夜清河,1
19779,杵夜清河漢,1
19780,夜清河漢涼,1
19781,清河漢涼雲,1
19782,河漢涼雲外,1
19783,漢涼雲外山,1
19784,涼雲外山川,1
19785,雲外山川歸,1
19786,外山川歸夢,1
19787,山川歸夢遠,1
19788,川歸夢遠天,1
19789,歸夢遠天涯,1
19790,夢遠天涯岐,1
19791,遠天涯岐路,1
19792,天涯岐路客,1
19793,涯岐路客愁,1
19794,岐路客愁長,1
19795,路客愁長寒,1
19796,客愁長寒城,1
19797,愁長寒城欲,1
19798,長寒城欲曉,1
19799,寒城欲曉聞,1
19800,城欲曉聞吹,1
19801,欲曉聞吹笛,1
19802,曉聞吹笛猶,1
19803,聞吹笛猶臥,1
19804,吹笛猶臥東,1
19805,笛猶臥東軒,1
19806,猶臥東軒月,1
19807,臥東軒月滿,1
19808,東軒月滿床,1
19809,軒月滿床九,1
19810,月滿床九衢,1
19811,滿床九衢塵,1
19812,床九衢塵土,1
19813,九衢塵土遞,1
19814,衢塵土遞追,1
19815,塵土遞追攀,1
19816,土遞追攀馬,1
19817,遞追攀馬跡,1
19818,追攀馬跡軒,1
19819,攀馬跡軒車,1
19820,馬跡軒車日,1
19821,跡軒車日暮,1
19822,軒車日暮間,1
19823,車日暮間玄,1
19824,日暮間玄發,1
19825,暮間玄發盡,1
19826,間玄發盡驚,1
19827,玄發盡驚為,1
19828,發盡驚為客,1
19829,盡驚為客換,1
19830,驚為客換白,1
19831,為客換白頭,1
19832,客換白頭曾,1
19833,換白頭曾見,1
19834,白頭曾見幾,1
19835,頭曾見幾人,1
19836,曾見幾人閑,1
19837,見幾人閑空,1
19838,幾人閑空悲,1
19839,人閑空悲浮,1
19840,閑空悲浮世,1
19841,空悲浮世雲,1
19842,悲浮世雲無,1
19843,浮世雲無定,1
19844,世雲無定多,1
19845,雲無定多感,1
19846,無定多感流,1
19847,定多感流年,1
19848,多感流年水,1
19849,感流年水不,1
19850,流年水不還,1
19851,年水不還謝,1
19852,水不還謝卻,1
19853,不還謝卻從,1
19854,還謝卻從前,1
19855,謝卻從前受,1
19856,卻從前受恩,1
19857,從前受恩地,1
19858,前受恩地歸,1
19859,受恩地歸來,1
19860,恩地歸來依,1
19861,地歸來依止,1
19862,歸來依止叩,1
19863,來依止叩禪,1
19864,依止叩禪關,1
19865,止叩禪關莫,1
19866,叩禪關莫戀,1
19867,禪關莫戀醉,1
19868,關莫戀醉鄉,1
19869,莫戀醉鄉迷,1
19870,戀醉鄉迷酒,1
19871,醉鄉迷酒杯,1
19872,鄉迷酒杯流,1
19873,迷酒杯流年,1
19874,酒杯流年長,1
19875,杯流年長怕,1
19876,流年長怕老,1
19877,年長怕老年,1
19878,長怕老年催,1
19879,怕老年催西,1
19880,老年催西陵,1
19881,年催西陵水,1
19882,催西陵水闊,1
19883,西陵水闊魚,1
19884,陵水闊魚難,1
19885,水闊魚難到,1
19886,闊魚難到南,1
19887,魚難到南國,1
19888,難到南國路,1
19889,到南國路遙,1
19890,南國路遙書,1
19891,國路遙書未,1
19892,路遙書未回,1
19893,遙書未回匹,1
19894,書未回匹馬,1
19895,未回匹馬計,1
19896,回匹馬計程,1
19897,匹馬計程愁,1
19898,馬計程愁日,1
19899,計程愁日盡,1
19900,程愁日盡一,1
19901,愁日盡一蟬,1
19902,日盡一蟬何,1
19903,盡一蟬何事,1
19904,一蟬何事引,1
19905,蟬何事引秋,1
19906,何事引秋來,1
19907,事引秋來相,1
19908,引秋來相如,1
19909,秋來相如已,1
19910,來相如已定,1
19911,相如已定題,1
19912,如已定題橋,1
19913,已定題橋志,1
19914,定題橋志江,1
19915,題橋志江上,1
19916,橋志江上無,1
19917,志江上無由,1
19918,江上無由夢,1
19919,上無由夢釣,1
19920,無由夢釣台,1
19921,由夢釣台故,1
19922,夢釣台故國,1
19923,釣台故國歸,1
19924,台故國歸人,1
19925,故國歸人酒,1
19926,國歸人酒一,1
19927,歸人酒一杯,1
19928,人酒一杯暫,1
19929,酒一杯暫停,1
19930,一杯暫停蘭,1
19931,杯暫停蘭棹,1
19932,暫停蘭棹共,1
19933,停蘭棹共徘,1
19934,蘭棹共徘徊,1
19935,棹共徘徊村,1
19936,共徘徊村連,1
19937,徘徊村連三,1
19938,徊村連三峽,1
19939,村連三峽暮,1
19940,連三峽暮雲,1
19941,三峽暮雲起,1
19942,峽暮雲起潮,1
19943,暮雲起潮送,1
19944,雲起潮送九,1
19945,起潮送九江,1
19946,潮送九江寒,1
19947,送九江寒雨,1
19948,九江寒雨來,1
19949,江寒雨來已,1
19950,寒雨來已作,1
19951,雨來已作相,1
19952,來已作相如,1
19953,已作相如投,1
19954,作相如投賦,1
19955,相如投賦計,1
19956,如投賦計還,1
19957,投賦計還憑,1
19958,賦計還憑殷,1
19959,計還憑殷浩,1
19960,還憑殷浩寄,1
19961,憑殷浩寄書,1
19962,殷浩寄書回,1
19963,浩寄書回到,1
19964,寄書回到時,1
19965,書回到時若,1
19966,回到時若見,1
19967,到時若見東,1
19968,時若見東籬,1
19969,若見東籬菊,1
19970,見東籬菊為,1
19971,東籬菊為問,1
19972,籬菊為問經,1
19973,菊為問經霜,1
19974,為問經霜幾,1
19975,問經霜幾度,1
19976,經霜幾度開,1
19977,霜幾度開淒,1
19978,幾度開淒涼,1
19979,度開淒涼遺,1
19980,開淒涼遺跡,1
19981,淒涼遺跡洛,1
19982,涼遺跡洛川,1
19983,遺跡洛川東,1
19984,跡洛川東浮,1
19985,洛川東浮世,1
19986,川東浮世榮,1
19987,東浮世榮枯,1
19988,浮世榮枯萬,1
19989,世榮枯萬古,1
19990,榮枯萬古同,1
19991,枯萬古同桃,1
19992,萬古同桃李,1
19993,古同桃李香,1
19994,同桃李香銷,1
19995,桃李香銷金,1
19996,李香銷金穀,1
19997,香銷金穀在,1
19998,銷金穀在綺,1
19999,金穀在綺羅,1
20000,穀在綺羅魂,1
20001,在綺羅魂斷,1
20002,綺羅魂斷玉,1
20003,羅魂斷玉樓,1
20004,魂斷玉樓空,1
20005,斷玉樓空往,1
20006,玉樓空往年,1
20007,樓空往年人,1
20008,空往年人事,1
20009,往年人事傷,1
20010,年人事傷心,1
20011,人事傷心外,1
20012,事傷心外今,1
20013,傷心外今日,1
20014,心外今日風,1
20015,外今日風光,1
20016,今日風光屬,1
20017,日風光屬夢,1
20018,風光屬夢中,1
20019,光屬夢中離,1
20020,屬夢中離魂,1
20021,夢中離魂斷,1
20022,中離魂斷續,1
20023,離魂斷續楚,1
20024,魂斷續楚江,1
20025,斷續楚江壖,1
20026,續楚江壖葉,1
20027,楚江壖葉墜,1
20028,江壖葉墜初,1
20029,壖葉墜初紅,1
20030,葉墜初紅十,1
20031,墜初紅十月,1
20032,初紅十月天,1
20033,紅十月天紫,1
20034,十月天紫陌,1
20035,月天紫陌事,1
20036,天紫陌事多,1
20037,紫陌事多難,1
20038,陌事多難數,1
20039,事多難數悉,1
20040,多難數悉青,1
20041,難數悉青山,1
20042,數悉青山長,1
20043,悉青山長在,1
20044,青山長在好,1
20045,山長在好閑,1
20046,長在好閑眠,1
20047,在好閑眠方,1
20048,好閑眠方趨,1
20049,閑眠方趨上,1
20050,眠方趨上國,1
20051,方趨上國期,1
20052,趨上國期幹,1
20053,上國期幹祿,1
20054,國期幹祿未,1
20055,期幹祿未得,1
20056,幹祿未得空,1
20057,祿未得空堂,1
20058,未得空堂學,1
20059,得空堂學坐,1
20060,空堂學坐禪,1
20061,堂學坐禪他,1
20062,學坐禪他歲,1
20063,坐禪他歲若,1
20064,禪他歲若教,1
20065,他歲若教如,1
20066,歲若教如範,1
20067,若教如範蠡,1
20068,教如範蠡也,1
20069,如範蠡也應,1
20070,範蠡也應須,1
20071,蠡也應須入,1
20072,也應須入五,1
20073,應須入五湖,1
20074,須入五湖煙,1
20075,入五湖煙西,1
20076,五湖煙西岩,1
20077,湖煙西岩曾,1
20078,煙西岩曾到,1
20079,西岩曾到讀,1
20080,岩曾到讀書,1
20081,曾到讀書堂,1
20082,到讀書堂穿,1
20083,讀書堂穿竹,1
20084,書堂穿竹行,1
20085,堂穿竹行沙,1
20086,穿竹行沙十,1
20087,竹行沙十裏,1
20088,行沙十裏強,1
20089,沙十裏強湖,1
20090,十裏強湖上,1
20091,裏強湖上夢,1
20092,強湖上夢餘,1
20093,湖上夢餘波,1
20094,上夢餘波灩,1
20095,夢餘波灩灩,1
20096,餘波灩灩嶺,1
20097,波灩灩嶺頭,1
20098,灩灩嶺頭愁,1
20099,灩嶺頭愁斷,1
20100,嶺頭愁斷路,1
20101,頭愁斷路茫,1
20102,愁斷路茫茫,1
20103,斷路茫茫經,1
20104,路茫茫經過,1
20105,茫茫經過事,1
20106,茫經過事寄,1
20107,經過事寄煙,1
20108,過事寄煙霞,1
20109,事寄煙霞遠,1
20110,寄煙霞遠名,1
20111,煙霞遠名利,1
20112,霞遠名利塵,1
20113,遠名利塵隨,1
20114,名利塵隨日,1
20115,利塵隨日月,1
20116,塵隨日月長,1
20117,隨日月長莫,1
20118,日月長莫道,1
20119,月長莫道少,1
20120,長莫道少年,1
20121,莫道少年頭,1
20122,道少年頭不,1
20123,少年頭不白,1
20124,年頭不白君,1
20125,頭不白君看,1
20126,不白君看潘,1
20127,白君看潘嶽,1
20128,君看潘嶽幾,1
20129,看潘嶽幾莖,1
20130,潘嶽幾莖霜,1
20131,嶽幾莖霜簾,1
20132,幾莖霜簾卷,1
20133,莖霜簾卷平,1
20134,霜簾卷平蕪,1
20135,簾卷平蕪接,1
20136,卷平蕪接遠,1
20137,平蕪接遠天,1
20138,蕪接遠天暫,1
20139,接遠天暫寬,1
20140,遠天暫寬行,1
20141,天暫寬行役,1
20142,暫寬行役到,1
20143,寬行役到尊,1
20144,行役到尊前,1
20145,役到尊前是,1
20146,到尊前是非,1
20147,尊前是非境,1
20148,前是非境裏,1
20149,是非境裏有,1
20150,非境裏有閑,1
20151,境裏有閑日,1
20152,裏有閑日榮,1
20153,有閑日榮辱,1
20154,閑日榮辱塵,1
20155,日榮辱塵中,1
20156,榮辱塵中無,1
20157,辱塵中無了,1
20158,塵中無了年,1
20159,中無了年山,1
20160,無了年山簇,1
20161,了年山簇暮,1
20162,年山簇暮雲,1
20163,山簇暮雲千,1
20164,簇暮雲千野,1
20165,暮雲千野雨,1
20166,雲千野雨江,1
20167,千野雨江分,1
20168,野雨江分秋,1
20169,雨江分秋水,1
20170,江分秋水九,1
20171,分秋水九條,1
20172,秋水九條煙,1
20173,水九條煙馬,1
20174,九條煙馬蹄,1
20175,條煙馬蹄不,1
20176,煙馬蹄不道,1
20177,馬蹄不道貪,1
20178,蹄不道貪西,1
20179,不道貪西去,1
20180,道貪西去爭,1
20181,貪西去爭向,1
20182,西去爭向一,1
20183,去爭向一聲,1
20184,爭向一聲高,1
20185,向一聲高樹,1
20186,一聲高樹蟬,1
20187,聲高樹蟬蘆,1
20188,高樹蟬蘆荻,1
20189,樹蟬蘆荻花,1
20190,蟬蘆荻花多,1
20191,蘆荻花多觸,1
20192,荻花多觸處,1
20193,花多觸處飛,1
20194,多觸處飛獨,1
20195,觸處飛獨憑,1
20196,處飛獨憑虛,1
20197,飛獨憑虛檻,1
20198,獨憑虛檻雨,1
20199,憑虛檻雨微,1
20200,虛檻雨微微,1
20201,檻雨微微寒,1
20202,雨微微寒林,1
20203,微微寒林葉,1
20204,微寒林葉落,1
20205,寒林葉落鳥,1
20206,林葉落鳥巢,1
20207,葉落鳥巢出,1
20208,落鳥巢出古,1
20209,鳥巢出古渡,1
20210,巢出古渡浪,1
20211,出古渡浪高,1
20212,古渡浪高魚,1
20213,渡浪高魚艇,1
20214,浪高魚艇稀,1
20215,高魚艇稀雲,1
20216,魚艇稀雲抱,1
20217,艇稀雲抱四,1
20218,稀雲抱四山,1
20219,雲抱四山終,1
20220,抱四山終日,1
20221,四山終日在,1
20222,山終日在草,1
20223,終日在草荒,1
20224,日在草荒三,1
20225,在草荒三徑,1
20226,草荒三徑幾,1
20227,荒三徑幾時,1
20228,三徑幾時歸,1
20229,徑幾時歸江,1
20230,幾時歸江城,1
20231,時歸江城向,1
20232,歸江城向暝,1
20233,江城向暝東,1
20234,城向暝東風,1
20235,向暝東風急,1
20236,暝東風急一,1
20237,東風急一半,1
20238,風急一半鄉,1
20239,急一半鄉愁,1
20240,一半鄉愁聞,1
20241,半鄉愁聞擣,1
20242,鄉愁聞擣衣,1
20243,愁聞擣衣溪,1
20244,聞擣衣溪邊,1
20245,擣衣溪邊楊,1
20246,衣溪邊楊柳,1
20247,溪邊楊柳色,1
20248,邊楊柳色參,1
20249,楊柳色參差,1
20250,柳色參差攀,1
20251,色參差攀折,1
20252,參差攀折年,1
20253,差攀折年年,1
20254,攀折年年贈,1
20255,折年年贈別,1
20256,年年贈別離,1
20257,年贈別離一,1
20258,贈別離一片,1
20259,別離一片風,1
20260,離一片風帆,1
20261,一片風帆望,1
20262,片風帆望已,1
20263,風帆望已極,1
20264,帆望已極三,1
20265,望已極三湘,1
20266,已極三湘煙,1
20267,極三湘煙水,1
20268,三湘煙水返,1
20269,湘煙水返何,1
20270,煙水返何時,1
20271,水返何時多,1
20272,返何時多緣,1
20273,何時多緣去,1
20274,時多緣去棹,1
20275,多緣去棹將,1
20276,緣去棹將愁,1
20277,去棹將愁遠,1
20278,棹將愁遠猶,1
20279,將愁遠猶倚,1
20280,愁遠猶倚危,1
20281,遠猶倚危樓,1
20282,猶倚危樓欲,1
20283,倚危樓欲下,1
20284,危樓欲下遲,1
20285,樓欲下遲莫,1
20286,欲下遲莫殢,1
20287,下遲莫殢酒,1
20288,遲莫殢酒杯,1
20289,莫殢酒杯閑,1
20290,殢酒杯閑過,1
20291,酒杯閑過日,1
20292,杯閑過日碧,1
20293,閑過日碧雲,1
20294,過日碧雲深,1
20295,日碧雲深處,1
20296,碧雲深處是,1
20297,雲深處是佳,1
20298,深處是佳期,1
20299,處是佳期兩,1
20300,是佳期兩葉,1
20301,佳期兩葉愁,1
20302,期兩葉愁眉,1
20303,兩葉愁眉愁,1
20304,葉愁眉愁不,1
20305,愁眉愁不開,1
20306,眉愁不開獨,1
20307,愁不開獨含,1
20308,不開獨含惆,1
20309,開獨含惆悵,1
20310,獨含惆悵上,1
20311,含惆悵上層,1
20312,惆悵上層台,1
20313,悵上層台碧,1
20314,上層台碧雲,1
20315,層台碧雲空,1
20316,台碧雲空斷,1
20317,碧雲空斷雁,1
20318,雲空斷雁行,1
20319,空斷雁行處,1
20320,斷雁行處紅,1
20321,雁行處紅葉,1
20322,行處紅葉已,1
20323,處紅葉已凋,1
20324,紅葉已凋人,1
20325,葉已凋人未,1
20326,已凋人未來,1
20327,凋人未來塞,1
20328,人未來塞外,1
20329,未來塞外音,1
20330,來塞外音書,1
20331,塞外音書無,1
20332,外音書無信,1
20333,音書無信息,1
20334,書無信息道,1
20335,無信息道傍,1
20336,信息道傍車,1
20337,息道傍車馬,1
20338,道傍車馬起,1
20339,傍車馬起塵,1
20340,車馬起塵埃,1
20341,馬起塵埃功,1
20342,起塵埃功名,1
20343,塵埃功名待,1
20344,埃功名待寄,1
20345,功名待寄淩,1
20346,名待寄淩煙,1
20347,待寄淩煙閣,1
20348,寄淩煙閣力,1
20349,淩煙閣力盡,1
20350,煙閣力盡遼,1
20351,閣力盡遼城,1
20352,力盡遼城不,1
20353,盡遼城不肯,1
20354,遼城不肯回,1
20355,城不肯回無,1
20356,不肯回無力,1
20357,肯回無力搖,1
20358,回無力搖風,1
20359,無力搖風曉,1
20360,力搖風曉色,1
20361,搖風曉色新,1
20362,風曉色新細,1
20363,曉色新細腰,1
20364,色新細腰爭,1
20365,新細腰爭妒,1
20366,細腰爭妒看,1
20367,腰爭妒看來,1
20368,爭妒看來頻,1
20369,妒看來頻綠,1
20370,看來頻綠陰,1
20371,來頻綠陰未,1
20372,頻綠陰未覆,1
20373,綠陰未覆長,1
20374,陰未覆長堤,1
20375,未覆長堤水,1
20376,覆長堤水金,1
20377,長堤水金穗,1
20378,堤水金穗先,1
20379,水金穗先迎,1
20380,金穗先迎上,1
20381,穗先迎上苑,1
20382,先迎上苑春,1
20383,迎上苑春幾,1
20384,上苑春幾處,1
20385,苑春幾處傷,1
20386,春幾處傷心,1
20387,幾處傷心懷,1
20388,處傷心懷遠,1
20389,傷心懷遠路,1
20390,心懷遠路一,1
20391,懷遠路一枝,1
20392,遠路一枝和,1
20393,路一枝和日,1
20394,一枝和日送,1
20395,枝和日送行,1
20396,和日送行塵,1
20397,日送行塵東,1
20398,送行塵東門,1
20399,行塵東門外,1
20400,塵東門外多,1
20401,東門外多離,1
20402,門外多離別,1
20403,外多離別愁,1
20404,多離別愁殺,1
20405,離別愁殺朝,1
20406,別愁殺朝朝,1
20407,愁殺朝朝暮,1
20408,殺朝朝暮暮,1
20409,朝朝暮暮人,1
20410,朝暮暮人促,1
20411,暮暮人促促,1
20412,暮人促促因,1
20413,人促促因吟,1
20414,促促因吟晝,1
20415,促因吟晝短,1
20416,因吟晝短詩,1
20417,吟晝短詩朝,1
20418,晝短詩朝驚,1
20419,短詩朝驚穠,1
20420,詩朝驚穠色,1
20421,朝驚穠色暮,1
20422,驚穠色暮空,1
20423,穠色暮空枝,1
20424,色暮空枝無,1
20425,暮空枝無情,1
20426,空枝無情春,1
20427,枝無情春色,1
20428,無情春色不,1
20429,情春色不長,1
20430,春色不長久,1
20431,色不長久有,1
20432,不長久有限,1
20433,長久有限年,1
20434,久有限年光,1
20435,有限年光多,1
20436,限年光多盛,1
20437,年光多盛衰,1
20438,光多盛衰往,1
20439,多盛衰往事,1
20440,盛衰往事只,1
20441,衰往事只應,1
20442,往事只應隨,1
20443,事只應隨夢,1
20444,只應隨夢裏,1
20445,應隨夢裏勞,1
20446,隨夢裏勞生,1
20447,夢裏勞生何,1
20448,裏勞生何處,1
20449,勞生何處是,1
20450,生何處是閒,1
20451,何處是閒時,1
20452,處是閒時眼,1
20453,是閒時眼前,1
20454,閒時眼前擾,1
20455,時眼前擾擾,1
20456,眼前擾擾日,1
20457,前擾擾日一,1
20458,擾擾日一日,1
20459,擾日一日暗,1
20460,日一日暗送,1
20461,一日暗送白,1
20462,日暗送白頭,1
20463,暗送白頭人,1
20464,送白頭人不,1
20465,白頭人不知,1
20466,頭人不知萬,1
20467,人不知萬里,1
20468,不知萬里銜,1
20469,知萬里銜蘆,1
20470,萬里銜蘆別,1
20471,里銜蘆別故,1
20472,銜蘆別故鄉,1
20473,蘆別故鄉雲,1
20474,別故鄉雲飛,1
20475,故鄉雲飛水,1
20476,鄉雲飛水宿,1
20477,雲飛水宿向,1
20478,飛水宿向瀟,1
20479,水宿向瀟湘,1
20480,宿向瀟湘數,1
20481,向瀟湘數聲,1
20482,瀟湘數聲孤,1
20483,湘數聲孤枕,1
20484,數聲孤枕堪,1
20485,聲孤枕堪垂,1
20486,孤枕堪垂淚,1
20487,枕堪垂淚幾,1
20488,堪垂淚幾處,1
20489,垂淚幾處高,1
20490,淚幾處高樓,1
20491,幾處高樓欲,1
20492,處高樓欲斷,1
20493,高樓欲斷腸,1
20494,樓欲斷腸度,1
20495,欲斷腸度日,1
20496,斷腸度日翩,1
20497,腸度日翩翩,1
20498,度日翩翩斜,1
20499,日翩翩斜避,1
20500,翩翩斜避影,1
20501,翩斜避影臨,1
20502,斜避影臨風,1
20503,避影臨風一,1
20504,影臨風一一,1
20505,臨風一一直,1
20506,風一一直成,1
20507,一一直成行,1
20508,一直成行年,1
20509,直成行年年,1
20510,成行年年辛,1
20511,行年年辛苦,1
20512,年年辛苦來,1
20513,年辛苦來衡,1
20514,辛苦來衡嶽,1
20515,苦來衡嶽羽,1
20516,來衡嶽羽翼,1
20517,衡嶽羽翼摧,1
20518,嶽羽翼摧殘,1
20519,羽翼摧殘隴,1
20520,翼摧殘隴塞,1
20521,摧殘隴塞霜,1
20522,殘隴塞霜朝,1
20523,隴塞霜朝纓,1
20524,塞霜朝纓初,1
20525,霜朝纓初解,1
20526,朝纓初解佐,1
20527,纓初解佐江,1
20528,初解佐江濱,1
20529,解佐江濱麋,1
20530,佐江濱麋鹿,1
20531,江濱麋鹿心,1
20532,濱麋鹿心知,1
20533,麋鹿心知自,1
20534,鹿心知自有,1
20535,心知自有群,1
20536,知自有群漢,1
20537,自有群漢囿,1
20538,有群漢囿獵,1
20539,群漢囿獵稀,1
20540,漢囿獵稀慵,1
20541,囿獵稀慵獻,1
20542,獵稀慵獻賦,1
20543,稀慵獻賦楚,1
20544,慵獻賦楚山,1
20545,獻賦楚山耕,1
20546,賦楚山耕早,1
20547,楚山耕早任,1
20548,山耕早任移,1
20549,耕早任移文,1
20550,早任移文臥,1
20551,任移文臥歸,1
20552,移文臥歸漁,1
20553,文臥歸漁浦,1
20554,臥歸漁浦月,1
20555,歸漁浦月連,1
20556,漁浦月連海,1
20557,浦月連海行,1
20558,月連海行望,1
20559,連海行望鳳,1
20560,海行望鳳城,1
20561,行望鳳城花,1
20562,望鳳城花隔,1
20563,鳳城花隔雲,1
20564,城花隔雲關,1
20565,花隔雲關吏,1
20566,隔雲關吏不,1
20567,雲關吏不須,1
20568,關吏不須迎,1
20569,吏不須迎馬,1
20570,不須迎馬笑,1
20571,須迎馬笑去,1
20572,迎馬笑去時,1
20573,馬笑去時無,1
20574,笑去時無意,1
20575,去時無意學,1
20576,時無意學終,1
20577,無意學終軍,1
20578,意學終軍春,1
20579,學終軍春風,1
20580,終軍春風白,1
20581,軍春風白馬,1
20582,春風白馬紫,1
20583,風白馬紫絲,1
20584,白馬紫絲韁,1
20585,馬紫絲韁正,1
20586,紫絲韁正值,1
20587,絲韁正值蠶,1
20588,韁正值蠶眠,1
20589,正值蠶眠未,1
20590,值蠶眠未采,1
20591,蠶眠未采桑,1
20592,眠未采桑五,1
20593,未采桑五夜,1
20594,采桑五夜有,1
20595,桑五夜有心,1
20596,五夜有心隨,1
20597,夜有心隨暮,1
20598,有心隨暮雨,1
20599,心隨暮雨百,1
20600,裙碧草長為,1
20601,碧草長為報,1
20602,草長為報西,1
20603,長為報西遊,1
20604,為報西遊減,1
20605,報西遊減離,1
20606,西遊減離恨,1
20607,遊減離恨阮,1
20608,減離恨阮郎,1
20609,離恨阮郎才,1
20610,恨阮郎才去,1
20611,阮郎才去嫁,1
20612,郎才去嫁劉,1
20613,才去嫁劉郎,1
20614,去嫁劉郎高,1
20615,嫁劉郎高樓,1
20616,劉郎高樓王,1
20617,郎高樓王與,1
20618,高樓王與謝,1
20619,樓王與謝逸,1
20620,王與謝逸韻,1
20621,與謝逸韻比,1
20622,謝逸韻比南,1
20623,逸韻比南金,1
20624,韻比南金不,1
20625,比南金不遇,1
20626,南金不遇銷,1
20627,金不遇銷憂,1
20628,不遇銷憂日,1
20629,遇銷憂日埃,1
20630,銷憂日埃塵,1
20631,憂日埃塵誰,1
20632,日埃塵誰複,1
20633,埃塵誰複尋,1
20634,塵誰複尋曠,1
20635,誰複尋曠懷,1
20636,複尋曠懷澹,1
20637,尋曠懷澹得,1
20638,曠懷澹得喪,1
20639,懷澹得喪失,1
20640,澹得喪失意,1
20641,得喪失意縱,1
20642,喪失意縱登,1
20643,失意縱登臨,1
20644,意縱登臨彩,1
20645,縱登臨彩檻,1
20646,登臨彩檻浮,1
20647,臨彩檻浮雲,1
20648,彩檻浮雲迥,1
20649,檻浮雲迥綺,1
20650,浮雲迥綺窗,1
20651,雲迥綺窗明,1
20652,迥綺窗明月,1
20653,綺窗明月深,1
20654,窗明月深虯,1
20655,明月深虯龍,1
20656,月深虯龍壓,1
20657,深虯龍壓滄,1
20658,虯龍壓滄海,1
20659,龍壓滄海鴛,1
20660,壓滄海鴛鸞,1
20661,滄海鴛鸞思,1
20662,海鴛鸞思鄧,1
20663,鴛鸞思鄧林,1
20664,鸞思鄧林青,1
20665,思鄧林青雲,1
20666,鄧林青雲傷,1
20667,林青雲傷國,1
20668,青雲傷國器,1
20669,雲傷國器白,1
20670,傷國器白髮,1
20671,國器白髮軫,1
20672,器白髮軫鄉,1
20673,白髮軫鄉心,1
20674,髮軫鄉心功,1
20675,軫鄉心功高,1
20676,鄉心功高恩,1
20677,心功高恩自,1
20678,功高恩自洽,1
20679,高恩自洽道,1
20680,恩自洽道直,1
20681,自洽道直謗,1
20682,洽道直謗徒,1
20683,道直謗徒侵,1
20684,直謗徒侵應,1
20685,謗徒侵應笑,1
20686,徒侵應笑靈,1
20687,侵應笑靈均,1
20688,應笑靈均恨,1
20689,笑靈均恨江,1
20690,靈均恨江畔,1
20691,均恨江畔獨,1
20692,恨江畔獨行,1
20693,江畔獨行吟,1
20694,畔獨行吟曾,1
20695,獨行吟曾試,1
20696,行吟曾試昭,1
20697,吟曾試昭陽,1
20698,曾試昭陽曲,1
20699,試昭陽曲瑤,1
20700,昭陽曲瑤齋,1
20701,陽曲瑤齋帝,1
20702,曲瑤齋帝自,1
20703,瑤齋帝自臨,1
20704,齋帝自臨紅,1
20705,帝自臨紅珠,1
20706,自臨紅珠絡,1
20707,臨紅珠絡繡,1
20708,紅珠絡繡帽,1
20709,珠絡繡帽翠,1
20710,絡繡帽翠鈿,1
20711,繡帽翠鈿束,1
20712,帽翠鈿束羅,1
20713,翠鈿束羅襟,1
20714,鈿束羅襟雙,1
20715,束羅襟雙闕,1
20716,羅襟雙闕胡,1
20717,襟雙闕胡塵,1
20718,雙闕胡塵起,1
20719,闕胡塵起千,1
20720,胡塵起千門,1
20721,塵起千門宿,1
20722,起千門宿露,1
20723,千門宿露陰,1
20724,門宿露陰出,1
20725,宿露陰出宮,1
20726,露陰出宮迷,1
20727,陰出宮迷國,1
20728,出宮迷國步,1
20729,宮迷國步回,1
20730,迷國步回駕,1
20731,國步回駕軫,1
20732,步回駕軫皇,1
20733,回駕軫皇心,1
20734,駕軫皇心桂,1
20735,軫皇心桂殿,1
20736,皇心桂殿春,1
20737,心桂殿春空,1
20738,桂殿春空晚,1
20739,殿春空晚椒,1
20740,春空晚椒房,1
20741,空晚椒房夜,1
20742,晚椒房夜自,1
20743,椒房夜自深,1
20744,房夜自深急,1
20745,夜自深急宣,1
20746,自深急宣求,1
20747,深急宣求故,1
20748,急宣求故劍,1
20749,宣求故劍冥,1
20750,求故劍冥契,1
20751,故劍冥契得,1
20752,劍冥契得遺,1
20753,冥契得遺簪,1
20754,契得遺簪暗,1
20755,得遺簪暗記,1
20756,遺簪暗記神,1
20757,簪暗記神仙,1
20758,暗記神仙傳,1
20759,記神仙傳潛,1
20760,神仙傳潛封,1
20761,仙傳潛封女,1
20762,傳潛封女史,1
20763,潛封女史箴,1
20764,封女史箴壺,1
20765,女史箴壺中,1
20766,史箴壺中知,1
20767,箴壺中知日,1
20768,壺中知日永,1
20769,中知日永掌,1
20770,知日永掌上,1
20771,日永掌上畏,1
20772,永掌上畏年,1
20773,掌上畏年侵,1
20774,上畏年侵莫,1
20775,畏年侵莫比,1
20776,年侵莫比班,1
20777,侵莫比班家,1
20778,莫比班家扇,1
20779,比班家扇甯,1
20780,班家扇甯同,1
20781,家扇甯同卓,1
20782,扇甯同卓氏,1
20783,甯同卓氏琴,1
20784,同卓氏琴雲,1
20785,卓氏琴雲車,1
20786,氏琴雲車辭,1
20787,琴雲車辭鳳,1
20788,雲車辭鳳輦,1
20789,車辭鳳輦羽,1
20790,辭鳳輦羽帔,1
20791,鳳輦羽帔別,1
20792,輦羽帔別鴛,1
20793,羽帔別鴛衾,1
20794,帔別鴛衾網,1
20795,別鴛衾網斷,1
20796,鴛衾網斷魚,1
20797,衾網斷魚遊,1
20798,網斷魚遊藻,1
20799,斷魚遊藻籠,1
20800,魚遊藻籠開,1
20801,遊藻籠開鶴,1
20802,藻籠開鶴戲,1
20803,籠開鶴戲林,1
20804,開鶴戲林洛,1
20805,鶴戲林洛煙,1
20806,戲林洛煙浮,1
20807,林洛煙浮碧,1
20808,洛煙浮碧漢,1
20809,煙浮碧漢嵩,1
20810,浮碧漢嵩月,1
20811,碧漢嵩月上,1
20812,漢嵩月上丹,1
20813,嵩月上丹岑,1
20814,月上丹岑露,1
20815,上丹岑露草,1
20816,丹岑露草爭,1
20817,岑露草爭三,1
20818,露草爭三秀,1
20819,草爭三秀風,1
20820,爭三秀風篁,1
20821,三秀風篁共,1
20822,秀風篁共八,1
20823,風篁共八音,1
20824,篁共八音吹,1
20825,共八音吹笙,1
20826,八音吹笙延,1
20827,音吹笙延鶴,1
20828,吹笙延鶴舞,1
20829,笙延鶴舞敲,1
20830,延鶴舞敲磬,1
20831,鶴舞敲磬引,1
20832,舞敲磬引龍,1
20833,敲磬引龍吟,1
20834,磬引龍吟旄,1
20835,引龍吟旄節,1
20836,龍吟旄節纖,1
20837,吟旄節纖腰,1
20838,旄節纖腰舉,1
20839,節纖腰舉霞,1
20840,纖腰舉霞杯,1
20841,腰舉霞杯皓,1
20842,舉霞杯皓腕,1
20843,霞杯皓腕斟,1
20844,杯皓腕斟還,1
20845,皓腕斟還磨,1
20846,腕斟還磨照,1
20847,斟還磨照寶,1
20848,還磨照寶鏡,1
20849,磨照寶鏡猶,1
20850,照寶鏡猶插,1
20851,寶鏡猶插辟,1
20852,鏡猶插辟寒,1
20853,猶插辟寒金,1
20854,插辟寒金東,1
20855,辟寒金東海,1
20856,寒金東海人,1
20857,金東海人情,1
20858,東海人情變,1
20859,海人情變南,1
20860,人情變南山,1
20861,情變南山聖,1
20862,變南山聖壽,1
20863,南山聖壽沈,1
20864,山聖壽沈朱,1
20865,聖壽沈朱顏,1
20866,壽沈朱顏常,1
20867,沈朱顏常似,1
20868,朱顏常似渥,1
20869,顏常似渥綠,1
20870,常似渥綠發,1
20871,似渥綠發已,1
20872,渥綠發已如,1
20873,綠發已如尋,1
20874,發已如尋養,1
20875,已如尋養氣,1
20876,如尋養氣齊,1
20877,尋養氣齊生,1
20878,養氣齊生死,1
20879,氣齊生死留,1
20880,齊生死留形,1
20881,生死留形盡,1
20882,死留形盡古,1
20883,留形盡古今,1
20884,形盡古今更,1
20885,盡古今更求,1
20886,古今更求應,1
20887,今更求應不,1
20888,更求應不見,1
20889,求應不見雞,1
20890,應不見雞犬,1
20891,不見雞犬日,1
20892,見雞犬日駸,1
20893,雞犬日駸駸,1
20894,犬日駸駸一,1
20895,日駸駸一缽,1
20896,駸駸一缽事,1
20897,駸一缽事南,1
20898,一缽事南宗,1
20899,缽事南宗僧,1
20900,事南宗僧儀,1
20901,南宗僧儀稱,1
20902,宗僧儀稱病,1
20903,僧儀稱病容,1
20904,儀稱病容曹,1
20905,稱病容曹溪,1
20906,病容曹溪花,1
20907,容曹溪花裏,1
20908,曹溪花裏別,1
20909,溪花裏別蕭,1
20910,花裏別蕭寺,1
20911,裏別蕭寺竹,1
20912,別蕭寺竹前,1
20913,蕭寺竹前逢,1
20914,寺竹前逢燭,1
20915,竹前逢燭影,1
20916,前逢燭影深,1
20917,逢燭影深寒,1
20918,燭影深寒殿,1
20919,影深寒殿經,1
20920,深寒殿經聲,1
20921,寒殿經聲徹,1
20922,殿經聲徹曙,1
20923,經聲徹曙鐘,1
20924,聲徹曙鐘欲,1
20925,徹曙鐘欲齋,1
20926,曙鐘欲齋簷,1
20927,鐘欲齋簷睡,1
20928,欲齋簷睡鴿,1
20929,齋簷睡鴿初,1
20930,簷睡鴿初定,1
20931,睡鴿初定壁,1
20932,鴿初定壁吟,1
20933,初定壁吟蛩,1
20934,定壁吟蛩詩,1
20935,壁吟蛩詩繼,1
20936,吟蛩詩繼休,1
20937,蛩詩繼休遺,1
20938,詩繼休遺韻,1
20939,繼休遺韻書,1
20940,休遺韻書傳,1
20941,遺韻書傳永,1
20942,韻書傳永逸,1
20943,書傳永逸蹤,1
20944,傳永逸蹤藝,1
20945,永逸蹤藝多,1
20946,逸蹤藝多人,1
20947,蹤藝多人譽,1
20948,藝多人譽洽,1
20949,多人譽洽機,1
20950,人譽洽機絕,1
20951,譽洽機絕道,1
20952,洽機絕道情,1
20953,機絕道情濃,1
20954,絕道情濃汲,1
20955,道情濃汲澗,1
20956,情濃汲澗瓶,1
20957,濃汲澗瓶沈,1
20958,汲澗瓶沈藻,1
20959,澗瓶沈藻眠,1
20960,瓶沈藻眠階,1
20961,沈藻眠階錫,1
20962,藻眠階錫掛,1
20963,眠階錫掛松,1
20964,階錫掛松雲,1
20965,錫掛松雲鳴,1
20966,掛松雲鳴新,1
20967,松雲鳴新放,1
20968,雲鳴新放鶴,1
20969,鳴新放鶴池,1
20970,新放鶴池臥,1
20971,放鶴池臥舊,1
20972,鶴池臥舊降,1
20973,池臥舊降龍,1
20974,臥舊降龍露,1
20975,舊降龍露茗,1
20976,降龍露茗山,1
20977,龍露茗山廚,1
20978,露茗山廚焙,1
20979,茗山廚焙霜,1
20980,山廚焙霜粳,1
20981,廚焙霜粳野,1
20982,焙霜粳野碓,1
20983,霜粳野碓舂,1
20984,粳野碓舂梵,1
20985,野碓舂梵文,1
20986,碓舂梵文明,1
20987,舂梵文明處,1
20988,梵文明處譯,1
20989,文明處譯禪,1
20990,明處譯禪衲,1
20991,處譯禪衲暖,1
20992,譯禪衲暖時,1
20993,禪衲暖時縫,1
20994,衲暖時縫層,1
20995,暖時縫層塔,1
20996,時縫層塔題,1
20997,縫層塔題應,1
20998,層塔題應遍,1
20999,塔題應遍飛,1
21000,題應遍飛軒,1
21001,應遍飛軒步,1
21002,遍飛軒步不,1
21003,飛軒步不慵,1
21004,軒步不慵繡,1
21005,步不慵繡梁,1
21006,不慵繡梁交,1
21007,慵繡梁交薜,1
21008,繡梁交薜荔,1
21009,梁交薜荔畫,1
21010,交薜荔畫井,1
21011,薜荔畫井倒,1
21012,荔畫井倒芙,1
21013,畫井倒芙蓉,1
21014,井倒芙蓉翠,1
21015,倒芙蓉翠戶,1
21016,芙蓉翠戶垂,1
21017,蓉翠戶垂旗,1
21018,翠戶垂旗網,1
21019,戶垂旗網朱,1
21020,垂旗網朱窗,1
21021,旗網朱窗列,1
21022,網朱窗列劍,1
21023,朱窗列劍鋒,1
21024,窗列劍鋒寒,1
21025,列劍鋒寒風,1
21026,劍鋒寒風金,1
21027,鋒寒風金磬,1
21028,寒風金磬遠,1
21029,風金磬遠晴,1
21030,金磬遠晴雪,1
21031,磬遠晴雪玉,1
21032,遠晴雪玉樓,1
21033,晴雪玉樓重,1
21034,雪玉樓重妙,1
21035,玉樓重妙理,1
21036,樓重妙理三,1
21037,重妙理三乘,1
21038,妙理三乘達,1
21039,理三乘達清,1
21040,三乘達清才,1
21041,乘達清才萬,1
21042,達清才萬象,1
21043,清才萬象供,1
21044,才萬象供山,1
21045,萬象供山高,1
21046,象供山高橫,1
21047,供山高橫睥,1
21048,山高橫睥睨,1
21049,高橫睥睨灘,1
21050,橫睥睨灘淺,1
21051,睥睨灘淺聚,1
21052,睨灘淺聚艨,1
21053,灘淺聚艨艟,1
21054,淺聚艨艟微,1
21055,聚艨艟微霧,1
21056,艨艟微霧蒼,1
21057,艟微霧蒼平,1
21058,微霧蒼平楚,1
21059,霧蒼平楚殘,1
21060,蒼平楚殘暉,1
21061,平楚殘暉淡,1
21062,楚殘暉淡遠,1
21063,殘暉淡遠峰,1
21064,暉淡遠峰林,1
21065,淡遠峰林疏,1
21066,遠峰林疏霜,1
21067,峰林疏霜摵,1
21068,林疏霜摵摵,1
21069,疏霜摵摵波,1
21070,霜摵摵波靜,1
21071,摵摵波靜月,1
21072,摵波靜月溶,1
21073,波靜月溶溶,1
21074,靜月溶溶劍,1
21075,月溶溶劍出,1
21076,溶溶劍出因,1
21077,溶劍出因雷,1
21078,劍出因雷煥,1
21079,出因雷煥琴,1
21080,因雷煥琴全,1
21081,雷煥琴全遇,1
21082,煥琴全遇蔡,1
21083,琴全遇蔡邕,1
21084,全遇蔡邕西,1
21085,遇蔡邕西方,1
21086,蔡邕西方知,1
21087,邕西方知有,1
21088,西方知有社,1
21089,方知有社支,1
21090,知有社支許,1
21091,有社支許合,1
21092,社支許合相,1
21093,支許合相從,1
21094,許合相從給,1
21095,合相從給事,1
21096,相從給事為,1
21097,從給事為郎,1
21098,給事為郎日,1
21099,事為郎日青,1
21100,為郎日青溪,1
21101,郎日青溪醉,1
21102,日青溪醉隱,1
21103,青溪醉隱銜,1
21104,溪醉隱銜冰,1
21105,醉隱銜冰池,1
21106,隱銜冰池通,1
21107,銜冰池通極,1
21108,冰池通極浦,1
21109,池通極浦雪,1
21110,通極浦雪徑,1
21111,極浦雪徑繞,1
21112,浦雪徑繞高,1
21113,雪徑繞高岩,1
21114,徑繞高岩珠,1
21115,繞高岩珠玉,1
21116,高岩珠玉砂,1
21117,岩珠玉砂同,1
21118,珠玉砂同棄,1
21119,玉砂同棄松,1
21120,砂同棄松筠,1
21121,同棄松筠草,1
21122,棄松筠草共,1
21123,松筠草共芟,1
21124,筠草共芟帝,1
21125,草共芟帝圖,1
21126,共芟帝圖憂,1
21127,芟帝圖憂一,1
21128,帝圖憂一失,1
21129,圖憂一失臣,1
21130,憂一失臣節,1
21131,一失臣節恥,1
21132,失臣節恥三,1
21133,臣節恥三緘,1
21134,節恥三緘代,1
21135,恥三緘代有,1
21136,三緘代有王,1
21137,緘代有王陵,1
21138,代有王陵戇,1
21139,有王陵戇時,1
21140,王陵戇時無,1
21141,陵戇時無靳,1
21142,戇時無靳尚,1
21143,時無靳尚讒,1
21144,無靳尚讒定,1
21145,靳尚讒定應,1
21146,尚讒定應標,1
21147,讒定應標直,1
21148,定應標直筆,1
21149,應標直筆寧,1
21150,標直筆寧為,1
21151,直筆寧為發,1
21152,筆寧為發空,1
21153,寧為發空函,1
21154,為發空函霧,1
21155,發空函霧黑,1
21156,空函霧黑連,1
21157,函霧黑連雲,1
21158,霧黑連雲棧,1
21159,黑連雲棧風,1
21160,連雲棧風狂,1
21161,雲棧風狂截,1
21162,棧風狂截海,1
21163,風狂截海帆,1
21164,狂截海帆石,1
21165,截海帆石梯,1
21166,海帆石梯迎,1
21167,石梯迎雨潤,1
21168,梯迎雨潤沙,1
21169,迎雨潤沙井,1
21170,雨潤沙井待,1
21171,潤沙井待潮,1
21172,沙井待潮鹹,1
21173,井待潮鹹蠟,1
21174,待潮鹹蠟屐,1
21175,潮鹹蠟屐青,1
21176,鹹蠟屐青筇,1
21177,蠟屐青筇杖,1
21178,屐青筇杖籃,1
21179,青筇杖籃輿,1
21180,筇杖籃輿白,1
21181,杖籃輿白罽,1
21182,籃輿白罽衫,1
21183,輿白罽衫應,1
21184,白罽衫應勞,1
21185,罽衫應勞北,1
21186,衫應勞北歸,1
21187,應勞北歸夢,1
21188,勞北歸夢山,1
21189,北歸夢山路,1
21190,歸夢山路正,1
21191,夢山路正巉,1
21192,山路正巉巉,1
21193,路正巉巉羽,1
21194,正巉巉羽檄,1
21195,巉巉羽檄徵,1
21196,巉羽檄徵兵,1
21197,羽檄徵兵急,1
21198,檄徵兵急轅,1
21199,徵兵急轅門,1
21200,兵急轅門選,1
21201,急轅門選將,1
21202,轅門選將雄,1
21203,門選將雄犬,1
21204,選將雄犬羊,1
21205,將雄犬羊憂,1
21206,雄犬羊憂破,1
21207,犬羊憂破竹,1
21208,羊憂破竹貔,1
21209,憂破竹貔虎,1
21210,破竹貔虎極,1
21211,竹貔虎極飛,1
21212,貔虎極飛蓬,1
21213,虎極飛蓬定,1
21214,極飛蓬定系,1
21215,飛蓬定系倡,1
21216,蓬定系倡狂,1
21217,定系倡狂虜,1
21218,系倡狂虜何,1
21219,倡狂虜何煩,1
21220,狂虜何煩矍,1
21221,虜何煩矍鑠,1
21222,何煩矍鑠翁,1
21223,煩矍鑠翁更,1
21224,矍鑠翁更探,1
21225,鑠翁更探黃,1
21226,翁更探黃石,1
21227,更探黃石略,1
21228,探黃石略重,1
21229,黃石略重振,1
21230,石略重振黑,1
21231,略重振黑山,1
21232,重振黑山功,1
21233,振黑山功別,1
21234,黑山功別馬,1
21235,山功別馬嘶,1
21236,功別馬嘶營,1
21237,別馬嘶營柳,1
21238,馬嘶營柳驚,1
21239,嘶營柳驚烏,1
21240,營柳驚烏散,1
21241,柳驚烏散井,1
21242,驚烏散井桐,1
21243,烏散井桐低,1
21244,散井桐低星,1
21245,井桐低星連,1
21246,桐低星連寶,1
21247,低星連寶劍,1
21248,星連寶劍殘,1
21249,連寶劍殘月,1
21250,寶劍殘月讓,1
21251,劍殘月讓雕,1
21252,殘月讓雕弓,1
21253,月讓雕弓浪,1
21254,讓雕弓浪曉,1
21255,雕弓浪曉戈,1
21256,弓浪曉戈鋋,1
21257,浪曉戈鋋裏,1
21258,曉戈鋋裏山,1
21259,戈鋋裏山晴,1
21260,鋋裏山晴鼓,1
21261,裏山晴鼓角,1
21262,山晴鼓角中,1
21263,晴鼓角中甲,1
21264,鼓角中甲開,1
21265,角中甲開魚,1
21266,中甲開魚照,1
21267,甲開魚照水,1
21268,開魚照水旗,1
21269,魚照水旗颺,1
21270,照水旗颺虎,1
21271,水旗颺虎拏,1
21272,旗颺虎拏風,1
21273,颺虎拏風去,1
21274,虎拏風去想,1
21275,拏風去想金,1
21276,風去想金河,1
21277,去想金河遠,1
21278,想金河遠行,1
21279,金河遠行知,1
21280,河遠行知玉,1
21281,遠行知玉塞,1
21282,行知玉塞空,1
21283,知玉塞空漢,1
21284,玉塞空漢庭,1
21285,塞空漢庭應,1
21286,空漢庭應有,1
21287,漢庭應有問,1
21288,庭應有問師,1
21289,應有問師律,1
21290,有問師律在,1
21291,問師律在元,1
21292,師律在元戎,1
21293,律在元戎聞,1
21294,在元戎聞與,1
21295,元戎聞與湘,1
21296,戎聞與湘南,1
21297,聞與湘南令,1
21298,與湘南令童,1
21299,湘南令童年,1
21300,南令童年侍,1
21301,令童年侍玉,1
21302,童年侍玉墀,1
21303,年侍玉墀家,1
21304,侍玉墀家留,1
21305,玉墀家留秦,1
21306,墀家留秦塞,1
21307,家留秦塞曲,1
21308,留秦塞曲官,1
21309,秦塞曲官謫,1
21310,塞曲官謫瘴,1
21311,曲官謫瘴溪,1
21312,官謫瘴溪湄,1
21313,謫瘴溪湄道,1
21314,瘴溪湄道直,1
21315,溪湄道直奸,1
21316,湄道直奸臣,1
21317,道直奸臣屏,1
21318,直奸臣屏冤,1
21319,奸臣屏冤深,1
21320,臣屏冤深聖,1
21321,屏冤深聖主,1
21322,冤深聖主知,1
21323,深聖主知逝,1
21324,聖主知逝川,1
21325,主知逝川東,1
21326,知逝川東去,1
21327,逝川東去疾,1
21328,川東去疾霈,1
21329,東去疾霈澤,1
21330,去疾霈澤北,1
21331,疾霈澤北來,1
21332,霈澤北來遲,1
21333,澤北來遲青,1
21334,北來遲青漢,1
21335,來遲青漢龍,1
21336,遲青漢龍髯,1
21337,青漢龍髯絕,1
21338,漢龍髯絕蒼,1
21339,龍髯絕蒼岑,1
21340,髯絕蒼岑馬,1
21341,絕蒼岑馬鬣,1
21342,蒼岑馬鬣移,1
21343,岑馬鬣移風,1
21344,馬鬣移風淒,1
21345,鬣移風淒聞,1
21346,移風淒聞笛,1
21347,風淒聞笛處,1
21348,淒聞笛處月,1
21349,聞笛處月慘,1
21350,笛處月慘罷,1
21351,處月慘罷琴,1
21352,月慘罷琴時,1
21353,慘罷琴時客,1
21354,罷琴時客路,1
21355,琴時客路黃,1
21356,時客路黃公,1
21357,客路黃公廟,1
21358,路黃公廟鄉,1
21359,黃公廟鄉關,1
21360,公廟鄉關白,1
21361,廟鄉關白帝,1
21362,鄉關白帝祠,1
21363,關白帝祠已,1
21364,白帝祠已稱,1
21365,帝祠已稱鸚,1
21366,祠已稱鸚鵡,1
21367,已稱鸚鵡賦,1
21368,稱鸚鵡賦寧,1
21369,鸚鵡賦寧誦,1
21370,鵡賦寧誦鶺,1
21371,賦寧誦鶺鴒,1
21372,寧誦鶺鴒詩,1
21373,誦鶺鴒詩遠,1
21374,鶺鴒詩遠道,1
21375,鴒詩遠道書,1
21376,詩遠道書難,1
21377,遠道書難達,1
21378,道書難達長,1
21379,書難達長亭,1
21380,難達長亭酒,1
21381,達長亭酒莫,1
21382,長亭酒莫持,1
21383,亭酒莫持當,1
21384,酒莫持當憑,1
21385,莫持當憑蜀,1
21386,持當憑蜀江,1
21387,當憑蜀江水,1
21388,憑蜀江水萬,1
21389,蜀江水萬里,1
21390,江水萬里寄,1
21391,水萬里寄相,1
21392,萬里寄相思,1
21393,里寄相思極,1
21394,寄相思極目,1
21395,相思極目皆,1
21396,思極目皆陳,1
21397,極目皆陳跡,1
21398,目皆陳跡披,1
21399,皆陳跡披圖,1
21400,陳跡披圖問,1
21401,跡披圖問遠,1
21402,披圖問遠公,1
21403,圖問遠公戈,1
21404,問遠公戈鋋,1
21405,遠公戈鋋三,1
21406,公戈鋋三國,1
21407,戈鋋三國後,1
21408,鋋三國後冠,1
21409,三國後冠蓋,1
21410,國後冠蓋六,1
21411,後冠蓋六朝,1
21412,冠蓋六朝中,1
21413,蓋六朝中葛,1
21414,六朝中葛蔓,1
21415,朝中葛蔓交,1
21416,中葛蔓交殘,1
21417,葛蔓交殘壘,1
21418,蔓交殘壘芒,1
21419,交殘壘芒花,1
21420,殘壘芒花沒,1
21421,壘芒花沒後,1
21422,芒花沒後宮,1
21423,花沒後宮水,1
21424,沒後宮水流,1
21425,後宮水流簫,1
21426,宮水流簫鼓,1
21427,水流簫鼓絕,1
21428,流簫鼓絕山,1
21429,簫鼓絕山在,1
21430,鼓絕山在綺,1
21431,絕山在綺羅,1
21432,山在綺羅空,1
21433,在綺羅空極,1
21434,綺羅空極浦,1
21435,羅空極浦千,1
21436,空極浦千艘,1
21437,極浦千艘聚,1
21438,浦千艘聚高,1
21439,千艘聚高臺,1
21440,艘聚高臺一,1
21441,聚高臺一徑,1
21442,高臺一徑通,1
21443,臺一徑通雲,1
21444,一徑通雲移,1
21445,徑通雲移吳,1
21446,通雲移吳岫,1
21447,雲移吳岫雨,1
21448,移吳岫雨潮,1
21449,吳岫雨潮轉,1
21450,岫雨潮轉楚,1
21451,雨潮轉楚江,1
21452,潮轉楚江風,1
21453,轉楚江風登,1
21454,楚江風登閣,1
21455,江風登閣漸,1
21456,風登閣漸漂,1
21457,登閣漸漂梗,1
21458,閣漸漂梗停,1
21459,漸漂梗停舟,1
21460,漂梗停舟憶,1
21461,梗停舟憶斷,1
21462,停舟憶斷蓬,1
21463,舟憶斷蓬歸,1
21464,憶斷蓬歸期,1
21465,斷蓬歸期與,1
21466,蓬歸期與歸,1
21467,歸期與歸路,1
21468,期與歸路杉,1
21469,與歸路杉桂,1
21470,歸路杉桂海,1
21471,路杉桂海門,1
21472,杉桂海門東,1
21473,桂海門東書,1
21474,海門東書劍,1
21475,門東書劍少,1
21476,東書劍少青,1
21477,書劍少青眼,1
21478,劍少青眼煙,1
21479,少青眼煙波,1
21480,青眼煙波初,1
21481,眼煙波初白,1
21482,煙波初白頭,1
21483,波初白頭鄉,1
21484,初白頭鄉關,1
21485,白頭鄉關背,1
21486,頭鄉關背梨,1
21487,鄉關背梨嶺,1
21488,關背梨嶺客,1
21489,背梨嶺客路,1
21490,梨嶺客路轉,1
21491,嶺客路轉蘋,1
21492,客路轉蘋洲,1
21493,路轉蘋洲處,1
21494,轉蘋洲處困,1
21495,蘋洲處困道,1
21496,洲處困道難,1
21497,處困道難固,1
21498,困道難固乘,1
21499,道難固乘時,1
21500,難固乘時恩,1
21501,固乘時恩易,1
21502,乘時恩易酬,1
21503,時恩易酬鏡,1
21504,恩易酬鏡中,1
21505,易酬鏡中非,1
21506,酬鏡中非訪,1
21507,鏡中非訪戴,1
21508,中非訪戴劍,1
21509,非訪戴劍外,1
21510,訪戴劍外欲,1
21511,戴劍外欲依,1
21512,劍外欲依劉,1
21513,外欲依劉高,1
21514,欲依劉高枕,1
21515,依劉高枕海,1
21516,劉高枕海天,1
21517,高枕海天暝,1
21518,枕海天暝落,1
21519,海天暝落帆,1
21520,天暝落帆江,1
21521,暝落帆江雨,1
21522,落帆江雨秋,1
21523,帆江雨秋鼉,1
21524,江雨秋鼉聲,1
21525,雨秋鼉聲應,1
21526,秋鼉聲應遠,1
21527,鼉聲應遠鼓,1
21528,聲應遠鼓蜃,1
21529,應遠鼓蜃氣,1
21530,遠鼓蜃氣學,1
21531,鼓蜃氣學危,1
21532,蜃氣學危樓,1
21533,氣學危樓智,1
21534,學危樓智士,1
21535,危樓智士役,1
21536,樓智士役千,1
21537,智士役千慮,1
21538,士役千慮達,1
21539,役千慮達人,1
21540,千慮達人經,1
21541,慮達人經百,1
21542,達人經百憂,1
21543,人經百憂唯,1
21544,經百憂唯聞,1
21545,百憂唯聞陶,1
21546,憂唯聞陶靖,1
21547,唯聞陶靖節,1
21548,聞陶靖節多,1
21549,陶靖節多在,1
21550,靖節多在醉,1
21551,節多在醉鄉,1
21552,多在醉鄉遊,1
21553,在醉鄉遊桂,1
21554,醉鄉遊桂楫,1
21555,鄉遊桂楫謫,1
21556,遊桂楫謫湘,1
21557,桂楫謫湘渚,1
21558,楫謫湘渚三,1
21559,謫湘渚三年,1
21560,湘渚三年波,1
21561,渚三年波上,1
21562,三年波上春,1
21563,年波上春舟,1
21564,波上春舟寒,1
21565,上春舟寒剡,1
21566,春舟寒剡溪,1
21567,舟寒剡溪雪,1
21568,寒剡溪雪衣,1
21569,剡溪雪衣破,1
21570,溪雪衣破洛,1
21571,雪衣破洛城,1
21572,衣破洛城塵,1
21573,破洛城塵客,1
21574,洛城塵客道,1
21575,城塵客道恥,1
21576,塵客道恥搖,1
21577,客道恥搖尾,1
21578,道恥搖尾皇,1
21579,恥搖尾皇恩,1
21580,搖尾皇恩寬,1
21581,尾皇恩寬犯,1
21582,皇恩寬犯鱗,1
21583,恩寬犯鱗花,1
21584,寬犯鱗花時,1
21585,犯鱗花時去,1
21586,鱗花時去國,1
21587,花時去國遠,1
21588,時去國遠月,1
21589,去國遠月夕,1
21590,國遠月夕上,1
21591,遠月夕上樓,1
21592,月夕上樓頻,1
21593,夕上樓頻貪,1
21594,上樓頻貪酒,1
21595,樓頻貪酒不,1
21596,頻貪酒不辭,1
21597,貪酒不辭病,1
21598,酒不辭病傭,1
21599,不辭病傭書,1
21600,辭病傭書非,1
21601,病傭書非為,1
21602,傭書非為貧,1
21603,書非為貧行,1
21604,非為貧行吟,1
21605,為貧行吟值,1
21606,貧行吟值漁,1
21607,行吟值漁父,1
21608,吟值漁父坐,1
21609,值漁父坐隱,1
21610,漁父坐隱對,1
21611,父坐隱對樵,1
21612,坐隱對樵人,1
21613,隱對樵人紫,1
21614,對樵人紫陌,1
21615,樵人紫陌罷,1
21616,人紫陌罷雙,1
21617,紫陌罷雙轍,1
21618,陌罷雙轍碧,1
21619,罷雙轍碧潭,1
21620,雙轍碧潭窮,1
21621,轍碧潭窮一,1
21622,碧潭窮一綸,1
21623,潭窮一綸高,1
21624,窮一綸高歌,1
21625,一綸高歌更,1
21626,綸高歌更南,1
21627,高歌更南去,1
21628,歌更南去煙,1
21629,更南去煙水,1
21630,南去煙水是,1
21631,去煙水是通,1
21632,煙水是通津,1
21633,水是通津公,1
21634,是通津公子,1
21635,通津公子征,1
21636,津公子征詞,1
21637,公子征詞客,1
21638,子征詞客秋,1
21639,征詞客秋堂,1
21640,詞客秋堂遞,1
21641,客秋堂遞玉,1
21642,秋堂遞玉杯,1
21643,堂遞玉杯月,1
21644,遞玉杯月高,1
21645,玉杯月高羅,1
21646,杯月高羅幕,1
21647,月高羅幕卷,1
21648,高羅幕卷風,1
21649,羅幕卷風度,1
21650,幕卷風度錦,1
21651,卷風度錦屏,1
21652,風度錦屏開,1
21653,度錦屏開鳳,1
21654,錦屏開鳳管,1
21655,屏開鳳管添,1
21656,開鳳管添簧,1
21657,鳳管添簧品,1
21658,管添簧品鶤,1
21659,添簧品鶤弦,1
21660,簧品鶤弦促,1
21661,品鶤弦促柱,1
21662,鶤弦促柱哀,1
21663,弦促柱哀轉,1
21664,促柱哀轉喉,1
21665,柱哀轉喉雲,1
21666,哀轉喉雲旋,1
21667,轉喉雲旋合,1
21668,喉雲旋合垂,1
21669,雲旋合垂手,1
21670,旋合垂手露,1
21671,合垂手露徐,1
21672,垂手露徐來,1
21673,手露徐來燭,1
21674,露徐來燭換,1
21675,徐來燭換三,1
21676,來燭換三條,1
21677,燭換三條燼,1
21678,換三條燼香,1
21679,三條燼香銷,1
21680,條燼香銷十,1
21681,燼香銷十炷,1
21682,香銷十炷灰,1
21683,銷十炷灰蛩,1
21684,十炷灰蛩聲,1
21685,炷灰蛩聲聞,1
21686,灰蛩聲聞鼓,1
21687,蛩聲聞鼓歇,1
21688,聲聞鼓歇螢,1
21689,聞鼓歇螢焰,1
21690,鼓歇螢焰觸,1
21691,歇螢焰觸簾,1
21692,螢焰觸簾回,1
21693,焰觸簾回廣,1
21694,觸簾回廣檻,1
21695,簾回廣檻煙,1
21696,回廣檻煙分,1
21697,廣檻煙分柳,1
21698,檻煙分柳空,1
21699,煙分柳空庭,1
21700,分柳空庭露,1
21701,柳空庭露積,1
21702,空庭露積苔,1
21703,庭露積苔解,1
21704,露積苔解酲,1
21705,積苔解酲須,1
21706,苔解酲須滿,1
21707,解酲須滿酌,1
21708,酲須滿酌應,1
21709,須滿酌應為,1
21710,滿酌應為撥,1
21711,酌應為撥新,1
21712,應為撥新醅,1
21713,為撥新醅佛,1
21714,撥新醅佛寺,1
21715,新醅佛寺通,1
21716,醅佛寺通南,1
21717,佛寺通南徑,1
21718,寺通南徑僧,1
21719,通南徑僧堂,1
21720,南徑僧堂倚,1
21721,徑僧堂倚北,1
21722,僧堂倚北坡,1
21723,堂倚北坡藤,1
21724,倚北坡藤陰,1
21725,北坡藤陰迷,1
21726,坡藤陰迷晚,1
21727,藤陰迷晚竹,1
21728,陰迷晚竹苔,1
21729,迷晚竹苔滑,1
21730,晚竹苔滑仰,1
21731,竹苔滑仰晴,1
21732,苔滑仰晴莎,1
21733,滑仰晴莎病,1
21734,仰晴莎病憶,1
21735,晴莎病憶春,1
21736,莎病憶春前,1
21737,病憶春前別,1
21738,憶春前別閑,1
21739,春前別閑宜,1
21740,前別閑宜雨,1
21741,別閑宜雨後,1
21742,閑宜雨後過,1
21743,宜雨後過石,1
21744,雨後過石橫,1
21745,後過石橫聞,1
21746,過石橫聞水,1
21747,石橫聞水遠,1
21748,橫聞水遠林,1
21749,聞水遠林缺,1
21750,水遠林缺見,1
21751,遠林缺見山,1
21752,林缺見山多,1
21753,缺見山多欲,1
21754,見山多欲結,1
21755,山多欲結三,1
21756,多欲結三天,1
21757,欲結三天社,1
21758,結三天社初,1
21759,三天社初降,1
21760,天社初降十,1
21761,社初降十地,1
21762,初降十地魔,1
21763,降十地魔毒,1
21764,十地魔毒龍,1
21765,地魔毒龍來,1
21766,魔毒龍來有,1
21767,毒龍來有窟,1
21768,龍來有窟靈,1
21769,來有窟靈鶴,1
21770,有窟靈鶴去,1
21771,窟靈鶴去無,1
21772,靈鶴去無窠,1
21773,鶴去無窠客,1
21774,去無窠客路,1
21775,無窠客路隨,1
21776,窠客路隨萍,1
21777,客路隨萍梗,1
21778,路隨萍梗鄉,1
21779,隨萍梗鄉園,1
21780,萍梗鄉園失,1
21781,梗鄉園失薜,1
21782,鄉園失薜蘿,1
21783,園失薜蘿禪,1
21784,失薜蘿禪心,1
21785,薜蘿禪心如,1
21786,蘿禪心如可,1
21787,禪心如可學,1
21788,心如可學不,1
21789,如可學不藉,1
21790,可學不藉魯,1
21791,學不藉魯陽,1
21792,不藉魯陽戈,1
21793,藉魯陽戈夜,1
21794,魯陽戈夜醉,1
21795,陽戈夜醉晨,1
21796,戈夜醉晨方,1
21797,夜醉晨方醒,1
21798,醉晨方醒孤,1
21799,晨方醒孤吟,1
21800,方醒孤吟恐,1
21801,醒孤吟恐失,1
21802,孤吟恐失群,1
21803,吟恐失群海,1
21804,恐失群海鰍,1
21805,失群海鰍潮,1
21806,群海鰍潮上,1
21807,海鰍潮上見,1
21808,鰍潮上見江,1
21809,潮上見江鵠,1
21810,上見江鵠霧,1
21811,見江鵠霧中,1
21812,江鵠霧中聞,1
21813,鵠霧中聞未,1
21814,霧中聞未臘,1
21815,中聞未臘梅,1
21816,聞未臘梅先,1
21817,未臘梅先實,1
21818,臘梅先實經,1
21819,梅先實經冬,1
21820,先實經冬草,1
21821,實經冬草自,1
21822,經冬草自熏,1
21823,冬草自熏樹,1
21824,草自熏樹隨,1
21825,自熏樹隨山,1
21826,熏樹隨山崦,1
21827,樹隨山崦合,1
21828,隨山崦合泉,1
21829,山崦合泉到,1
21830,崦合泉到石,1
21831,合泉到石棱,1
21832,泉到石棱分,1
21833,到石棱分虎,1
21834,石棱分虎跡,1
21835,棱分虎跡空,1
21836,分虎跡空林,1
21837,虎跡空林雨,1
21838,跡空林雨猿,1
21839,空林雨猿聲,1
21840,林雨猿聲絕,1
21841,雨猿聲絕嶺,1
21842,猿聲絕嶺雲,1
21843,聲絕嶺雲蕭,1
21844,絕嶺雲蕭蕭,1
21845,嶺雲蕭蕭異,1
21846,雲蕭蕭異鄉,1
21847,蕭蕭異鄉鬢,1
21848,蕭異鄉鬢明,1
21849,異鄉鬢明日,1
21850,鄉鬢明日共,1
21851,鬢明日共絲,1
21852,明日共絲棼,1
21853,日共絲棼薄,1
21854,共絲棼薄暮,1
21855,絲棼薄暮緣,1
21856,棼薄暮緣西,1
21857,薄暮緣西峽,1
21858,暮緣西峽停,1
21859,緣西峽停橈,1
21860,西峽停橈一,1
21861,峽停橈一訪,1
21862,停橈一訪僧,1
21863,橈一訪僧鷺,1
21864,一訪僧鷺巢,1
21865,訪僧鷺巢橫,1
21866,僧鷺巢橫臥,1
21867,鷺巢橫臥柳,1
21868,巢橫臥柳猿,1
21869,橫臥柳猿飲,1
21870,臥柳猿飲倒,1
21871,柳猿飲倒垂,1
21872,猿飲倒垂藤,1
21873,飲倒垂藤水,1
21874,倒垂藤水曲,1
21875,垂藤水曲岩,1
21876,藤水曲岩千,1
21877,水曲岩千疊,1
21878,曲岩千疊雲,1
21879,岩千疊雲重,1
21880,千疊雲重樹,1
21881,疊雲重樹百,1
21882,雲重樹百層,1
21883,重樹百層山,1
21884,樹百層山風,1
21885,百層山風寒,1
21886,層山風寒殿,1
21887,山風寒殿磬,1
21888,風寒殿磬溪,1
21889,寒殿磬溪雨,1
21890,殿磬溪雨夜,1
21891,磬溪雨夜船,1
21892,溪雨夜船燈,1
21893,雨夜船燈灘,1
21894,夜船燈灘漲,1
21895,船燈灘漲危,1
21896,燈灘漲危槎,1
21897,灘漲危槎沒,1
21898,漲危槎沒泉,1
21899,危槎沒泉沖,1
21900,槎沒泉沖怪,1
21901,沒泉沖怪石,1
21902,泉沖怪石崩,1
21903,沖怪石崩中,1
21904,怪石崩中台,1
21905,石崩中台一,1
21906,崩中台一襟,1
21907,中台一襟淚,1
21908,台一襟淚歲,1
21909,一襟淚歲杪,1
21910,襟淚歲杪別,1
21911,淚歲杪別良,1
21912,歲杪別良朋,1
21913,杪別良朋密,1
21914,別良朋密樹,1
21915,良朋密樹分,1
21916,朋密樹分蒼,1
21917,密樹分蒼壁,1
21918,樹分蒼壁長,1
21919,分蒼壁長溪,1
21920,蒼壁長溪抱,1
21921,壁長溪抱碧,1
21922,長溪抱碧岑,1
21923,溪抱碧岑海,1
21924,抱碧岑海風,1
21925,碧岑海風聞,1
21926,岑海風聞鶴,1
21927,海風聞鶴遠,1
21928,風聞鶴遠潭,1
21929,聞鶴遠潭日,1
21930,鶴遠潭日見,1
21931,遠潭日見魚,1
21932,潭日見魚深,1
21933,日見魚深松,1
21934,見魚深松蓋,1
21935,魚深松蓋環,1
21936,深松蓋環清,1
21937,松蓋環清韻,1
21938,蓋環清韻榕,1
21939,環清韻榕根,1
21940,清韻榕根架,1
21941,韻榕根架綠,1
21942,榕根架綠陰,1
21943,根架綠陰洞,1
21944,架綠陰洞丁,1
21945,綠陰洞丁多,1
21946,陰洞丁多斫,1
21947,洞丁多斫石,1
21948,丁多斫石蠻,1
21949,多斫石蠻女,1
21950,斫石蠻女半,1
21951,石蠻女半淘,1
21952,蠻女半淘金,1
21953,女半淘金南,1
21954,半淘金南浦,1
21955,淘金南浦驚,1
21956,金南浦驚春,1
21957,南浦驚春至,1
21958,浦驚春至西,1
21959,驚春至西樓,1
21960,春至西樓送,1
21961,至西樓送月,1
21962,西樓送月沉,1
21963,樓送月沉江,1
21964,送月沉江流,1
21965,月沉江流不,1
21966,沉江流不過,1
21967,江流不過嶺,1
21968,流不過嶺何,1
21969,不過嶺何處,1
21970,過嶺何處寄,1
21971,嶺何處寄歸,1
21972,何處寄歸心,1
21973,處寄歸心月,1
21974,寄歸心月在,1
21975,歸心月在行,1
21976,心月在行人,1
21977,月在行人起,1
21978,在行人起千,1
21979,行人起千峰,1
21980,人起千峰複,1
21981,起千峰複萬,1
21982,千峰複萬峰,1
21983,峰複萬峰海,1
21984,複萬峰海虛,1
21985,萬峰海虛爭,1
21986,峰海虛爭翡,1
21987,海虛爭翡翠,1
21988,虛爭翡翠溪,1
21989,爭翡翠溪邏,1
21990,翡翠溪邏鬥,1
21991,翠溪邏鬥芙,1
21992,溪邏鬥芙蓉,1
21993,邏鬥芙蓉古,1
21994,鬥芙蓉古木,1
21995,芙蓉古木高,1
21996,蓉古木高生,1
21997,古木高生槲,1
21998,木高生槲陰,1
21999,高生槲陰池,1
22000,生槲陰池滿,1
22001,槲陰池滿種,1
22002,陰池滿種松,1
22003,池滿種松火,1
22004,滿種松火探,1
22005,種松火探深,1
22006,松火探深洞,1
22007,火探深洞燕,1
22008,探深洞燕香,1
22009,深洞燕香送,1
22010,洞燕香送遠,1
22011,燕香送遠潭,1
22012,香送遠潭龍,1
22013,送遠潭龍藍,1
22014,遠潭龍藍塢,1
22015,潭龍藍塢寒,1
22016,龍藍塢寒先,1
22017,藍塢寒先燒,1
22018,塢寒先燒禾,1
22019,寒先燒禾堂,1
22020,先燒禾堂晚,1
22021,燒禾堂晚並,1
22022,禾堂晚並舂,1
22023,堂晚並舂更,1
22024,晚並舂更投,1
22025,並舂更投何,1
22026,舂更投何處,1
22027,更投何處宿,1
22028,投何處宿西,1
22029,何處宿西峽,1
22030,處宿西峽隔,1
22031,宿西峽隔雲,1
22032,西峽隔雲鐘,1
22033,峽隔雲鐘何,1
22034,隔雲鐘何處,1
22035,雲鐘何處曾,1
22036,鐘何處曾移,1
22037,何處曾移菊,1
22038,處曾移菊溪,1
22039,曾移菊溪橋,1
22040,移菊溪橋鶴,1
22041,菊溪橋鶴嶺,1
22042,溪橋鶴嶺東,1
22043,橋鶴嶺東籬,1
22044,鶴嶺東籬疏,1
22045,嶺東籬疏還,1
22046,東籬疏還有,1
22047,籬疏還有豔,1
22048,疏還有豔園,1
22049,還有豔園小,1
22050,有豔園小亦,1
22051,豔園小亦無,1
22052,園小亦無叢,1
22053,小亦無叢日,1
22054,亦無叢日晚,1
22055,無叢日晚秋,1
22056,叢日晚秋煙,1
22057,日晚秋煙裏,1
22058,晚秋煙裏星,1
22059,秋煙裏星繁,1
22060,煙裏星繁曉,1
22061,裏星繁曉露,1
22062,星繁曉露中,1
22063,繁曉露中影,1
22064,曉露中影搖,1
22065,露中影搖金,1
22066,中影搖金澗,1
22067,影搖金澗水,1
22068,搖金澗水香,1
22069,金澗水香染,1
22070,澗水香染玉,1
22071,水香染玉潭,1
22072,香染玉潭風,1
22073,染玉潭風罷,1
22074,玉潭風罷酒,1
22075,潭風罷酒慚,1
22076,風罷酒慚陶,1
22077,罷酒慚陶令,1
22078,酒慚陶令題,1
22079,慚陶令題詩,1
22080,陶令題詩答,1
22081,令題詩答謝,1
22082,題詩答謝公,1
22083,詩答謝公朝,1
22084,答謝公朝來,1
22085,謝公朝來數,1
22086,公朝來數花,1
22087,朝來數花發,1
22088,來數花發身,1
22089,數花發身在,1
22090,花發身在尉,1
22091,發身在尉佗,1
22092,身在尉佗宮,1
22093,在尉佗宮巨,1
22094,尉佗宮巨實,1
22095,佗宮巨實珍,1
22096,宮巨實珍吳,1
22097,巨實珍吳果,1
22098,實珍吳果馴,1
22099,珍吳果馴雛,1
22100,吳果馴雛重,1
22101,果馴雛重越,1
22102,馴雛重越禽,1
22103,雛重越禽摘,1
22104,重越禽摘來,1
22105,越禽摘來漁,1
22106,禽摘來漁浦,1
22107,摘來漁浦上,1
22108,來漁浦上攜,1
22109,漁浦上攜在,1
22110,浦上攜在兔,1
22111,上攜在兔園,1
22112,攜在兔園陰,1
22113,在兔園陰霜,1
22114,兔園陰霜合,1
22115,園陰霜合凝,1
22116,陰霜合凝丹,1
22117,霜合凝丹頰,1
22118,合凝丹頰風,1
22119,凝丹頰風披,1
22120,丹頰風披斂,1
22121,頰風披斂素,1
22122,風披斂素襟,1
22123,披斂素襟刀,1
22124,斂素襟刀分,1
22125,素襟刀分瓊,1
22126,襟刀分瓊液,1
22127,刀分瓊液散,1
22128,分瓊液散籠,1
22129,瓊液散籠簌,1
22130,液散籠簌雪,1
22131,散籠簌雪華,1
22132,籠簌雪華深,1
22133,簌雪華深虎,1
22134,雪華深虎帳,1
22135,華深虎帳齋,1
22136,深虎帳齋中,1
22137,虎帳齋中設,1
22138,帳齋中設龍,1
22139,齋中設龍樓,1
22140,中設龍樓洛,1
22141,設龍樓洛下,1
22142,龍樓洛下吟,1
22143,樓洛下吟含,1
22144,洛下吟含消,1
22145,下吟含消兼,1
22146,吟含消兼受,1
22147,含消兼受彩,1
22148,消兼受彩應,1
22149,兼受彩應貴,1
22150,受彩應貴塚,1
22151,彩應貴塚卿,1
22152,應貴塚卿心,1
22153,貴塚卿心池,1
22154,塚卿心池色,1
22155,卿心池色似,1
22156,心池色似瀟,1
22157,池色似瀟湘,1
22158,色似瀟湘仙,1
22159,似瀟湘仙舟,1
22160,瀟湘仙舟正,1
22161,湘仙舟正日,1
22162,仙舟正日長,1
22163,舟正日長燕,1
22164,正日長燕飛,1
22165,日長燕飛驚,1
22166,長燕飛驚蛺,1
22167,燕飛驚蛺蝶,1
22168,飛驚蛺蝶魚,1
22169,驚蛺蝶魚躍,1
22170,蛺蝶魚躍動,1
22171,蝶魚躍動鴛,1
22172,魚躍動鴛鴦,1
22173,躍動鴛鴦雲,1
22174,動鴛鴦雲聚,1
22175,鴛鴦雲聚歌,1
22176,鴦雲聚歌初,1
22177,雲聚歌初轉,1
22178,聚歌初轉風,1
22179,歌初轉風回,1
22180,初轉風回舞,1
22181,轉風回舞欲,1
22182,風回舞欲翔,1
22183,回舞欲翔暖,1
22184,舞欲翔暖醅,1
22185,欲翔暖醅松,1
22186,翔暖醅松葉,1
22187,暖醅松葉嫩,1
22188,醅松葉嫩寒,1
22189,松葉嫩寒粥,1
22190,葉嫩寒粥杏,1
22191,嫩寒粥杏花,1
22192,寒粥杏花香,1
22193,粥杏花香羅,1
22194,杏花香羅綺,1
22195,花香羅綺留,1
22196,香羅綺留春,1
22197,羅綺留春色,1
22198,綺留春色笙,1
22199,留春色笙竽,1
22200,春色笙竽送,1
22201,色笙竽送晚,1
22202,笙竽送晚光,1
22203,竽送晚光何,1
22204,送晚光何須,1
22205,晚光何須明,1
22206,光何須明月,1
22207,何須明月夜,1
22208,須明月夜紅,1
22209,明月夜紅燭,1
22210,月夜紅燭在,1
22211,夜紅燭在華,1
22212,紅燭在華堂,1
22213,燭在華堂近,1
22214,在華堂近臘,1
22215,華堂近臘千,1
22216,堂近臘千岩,1
22217,近臘千岩白,1
22218,臘千岩白迎,1
22219,千岩白迎春,1
22220,岩白迎春四,1
22221,白迎春四氣,1
22222,迎春四氣催,1
22223,春四氣催雲,1
22224,四氣催雲陰,1
22225,氣催雲陰連,1
22226,催雲陰連海,1
22227,雲陰連海起,1
22228,陰連海起風,1
22229,連海起風急,1
22230,海起風急度,1
22231,起風急度山,1
22232,風急度山來,1
22233,急度山來盡,1
22234,度山來盡日,1
22235,山來盡日隋,1
22236,來盡日隋堤,1
22237,盡日隋堤絮,1
22238,日隋堤絮經,1
22239,隋堤絮經冬,1
22240,堤絮經冬越,1
22241,絮經冬越嶺,1
22242,經冬越嶺梅,1
22243,冬越嶺梅豔,1
22244,越嶺梅豔疑,1
22245,嶺梅豔疑歌,1
22246,梅豔疑歌處,1
22247,豔疑歌處散,1
22248,疑歌處散輕,1
22249,歌處散輕似,1
22250,處散輕似舞,1
22251,散輕似舞時,1
22252,輕似舞時回,1
22253,似舞時回道,1
22254,舞時回道蘊,1
22255,時回道蘊詩,1
22256,回道蘊詩傳,1
22257,道蘊詩傳麗,1
22258,蘊詩傳麗相,1
22259,詩傳麗相如,1
22260,傳麗相如賦,1
22261,麗相如賦騁,1
22262,相如賦騁才,1
22263,如賦騁才霽,1
22264,賦騁才霽添,1
22265,騁才霽添松,1
22266,才霽添松筱,1
22267,霽添松筱媚,1
22268,添松筱媚寒,1
22269,松筱媚寒積,1
22270,筱媚寒積蕙,1
22271,媚寒積蕙蘭,1
22272,寒積蕙蘭猜,1
22273,積蕙蘭猜暗,1
22274,蕙蘭猜暗漲,1
22275,蘭猜暗漲宮,1
22276,猜暗漲宮池,1
22277,暗漲宮池水,1
22278,漲宮池水平,1
22279,宮池水平封,1
22280,池水平封輦,1
22281,水平封輦路,1
22282,平封輦路埃,1
22283,封輦路埃燭,1
22284,輦路埃燭龍,1
22285,路埃燭龍初,1
22286,埃燭龍初照,1
22287,燭龍初照耀,1
22288,龍初照耀巢,1
22289,初照耀巢鶴,1
22290,照耀巢鶴乍,1
22291,耀巢鶴乍裴,1
22292,巢鶴乍裴回,1
22293,鶴乍裴回簷,1
22294,乍裴回簷日,1
22295,裴回簷日瓊,1
22296,回簷日瓊先,1
22297,簷日瓊先掛,1
22298,日瓊先掛牆,1
22299,瓊先掛牆風,1
22300,先掛牆風粉,1
22301,掛牆風粉旋,1
22302,牆風粉旋摧,1
22303,風粉旋摧五,1
22304,粉旋摧五門,1
22305,旋摧五門環,1
22306,摧五門環玉,1
22307,五門環玉壘,1
22308,門環玉壘雙,1
22309,環玉壘雙闕,1
22310,玉壘雙闕對,1
22311,壘雙闕對瑤,1
22312,雙闕對瑤台,1
22313,闕對瑤台綺,1
22314,對瑤台綺席,1
22315,瑤台綺席陵,1
22316,台綺席陵寒,1
22317,綺席陵寒坐,1
22318,席陵寒坐珠,1
22319,陵寒坐珠簾,1
22320,寒坐珠簾遠,1
22321,坐珠簾遠曙,1
22322,珠簾遠曙開,1
22323,簾遠曙開靈,1
22324,遠曙開靈芝,1
22325,曙開靈芝霜,1
22326,開靈芝霜下,1
22327,靈芝霜下秀,1
22328,芝霜下秀仙,1
22329,霜下秀仙桂,1
22330,下秀仙桂月,1
22331,秀仙桂月中,1
22332,仙桂月中栽,1
22333,桂月中栽卷,1
22334,月中栽卷幌,1
22335,中栽卷幌書,1
22336,栽卷幌書千,1
22337,卷幌書千帙,1
22338,幌書千帙援,1
22339,書千帙援琴,1
22340,千帙援琴酒,1
22341,帙援琴酒百,1
22342,援琴酒百杯,1
22343,琴酒百杯垂,1
22344,酒百杯垂休,1
22345,百杯垂休編,1
22346,杯垂休編太,1
22347,垂休編太史,1
22348,休編太史呈,1
22349,編太史呈瑞,1
22350,太史呈瑞表,1
22351,史呈瑞表中,1
22352,呈瑞表中台,1
22353,瑞表中台皓,1
22354,表中台皓夜,1
22355,中台皓夜迷,1
22356,台皓夜迷三,1
22357,皓夜迷三徑,1
22358,夜迷三徑浮,1
22359,迷三徑浮光,1
22360,三徑浮光徹,1
22361,徑浮光徹九,1
22362,浮光徹九垓,1
22363,光徹九垓茲,1
22364,徹九垓茲辰,1
22365,九垓茲辰是,1
22366,垓茲辰是豐,1
22367,茲辰是豐歲,1
22368,辰是豐歲歌,1
22369,是豐歲歌詠,1
22370,豐歲歌詠屬,1
22371,歲歌詠屬良,1
22372,歌詠屬良哉,1
22373,詠屬良哉岩,1
22374,屬良哉岩穀,1
22375,良哉岩穀留,1
22376,哉岩穀留心,1
22377,岩穀留心賞,1
22378,穀留心賞為,1
22379,留心賞為山,1
22380,心賞為山極,1
22381,賞為山極自,1
22382,為山極自然,1
22383,山極自然孤,1
22384,極自然孤峰,1
22385,自然孤峰空,1
22386,然孤峰空迸,1
22387,孤峰空迸筍,1
22388,峰空迸筍攢,1
22389,空迸筍攢萼,1
22390,迸筍攢萼旋,1
22391,筍攢萼旋開,1
22392,攢萼旋開蓮,1
22393,萼旋開蓮黛,1
22394,旋開蓮黛色,1
22395,開蓮黛色朱,1
22396,蓮黛色朱樓,1
22397,黛色朱樓下,1
22398,色朱樓下雲,1
22399,朱樓下雲形,1
22400,樓下雲形繡,1
22401,下雲形繡戶,1
22402,雲形繡戶前,1
22403,形繡戶前砌,1
22404,繡戶前砌塵,1
22405,戶前砌塵凝,1
22406,前砌塵凝積,1
22407,砌塵凝積靄,1
22408,塵凝積靄簷,1
22409,凝積靄簷溜,1
22410,積靄簷溜掛,1
22411,靄簷溜掛飛,1
22412,簷溜掛飛泉,1
22413,溜掛飛泉樹,1
22414,掛飛泉樹暗,1
22415,飛泉樹暗壺,1
22416,泉樹暗壺中,1
22417,樹暗壺中月,1
22418,暗壺中月花,1
22419,壺中月花香,1
22420,中月花香洞,1
22421,月花香洞裏,1
22422,花香洞裏天,1
22423,香洞裏天何,1
22424,洞裏天何如,1
22425,裏天何如謝,1
22426,天何如謝康,1
22427,何如謝康樂,1
22428,如謝康樂海,1
22429,謝康樂海嶠,1
22430,康樂海嶠獨,1
22431,樂海嶠獨題,1
22432,海嶠獨題篇,1
22433,嶠獨題篇疊,1
22434,獨題篇疊石,1
22435,題篇疊石通,1
22436,篇疊石通溪,1
22437,疊石通溪水,1
22438,石通溪水量,1
22439,通溪水量波,1
22440,溪水量波失,1
22441,水量波失舊,1
22442,量波失舊規,1
22443,波失舊規芳,1
22444,失舊規芳洲,1
22445,舊規芳洲還,1
22446,規芳洲還屈,1
22447,芳洲還屈曲,1
22448,洲還屈曲朱,1
22449,還屈曲朱閣,1
22450,屈曲朱閣更,1
22451,曲朱閣更逶,1
22452,朱閣更逶迤,1
22453,閣更逶迤浴,1
22454,更逶迤浴鳥,1
22455,逶迤浴鳥翻,1
22456,迤浴鳥翻荷,1
22457,浴鳥翻荷葉,1
22458,鳥翻荷葉驚,1
22459,翻荷葉驚蟬,1
22460,荷葉驚蟬出,1
22461,葉驚蟬出柳,1
22462,驚蟬出柳絲,1
22463,蟬出柳絲翠,1
22464,出柳絲翠煙,1
22465,柳絲翠煙秋,1
22466,絲翠煙秋檜,1
22467,翠煙秋檜聳,1
22468,煙秋檜聳紅,1
22469,秋檜聳紅露,1
22470,檜聳紅露曉,1
22471,聳紅露曉蓮,1
22472,紅露曉蓮披,1
22473,露曉蓮披攀,1
22474,曉蓮披攀檻,1
22475,蓮披攀檻登,1
22476,披攀檻登樓,1
22477,攀檻登樓近,1
22478,檻登樓近停,1
22479,登樓近停橈,1
22480,樓近停橈待,1
22481,近停橈待客,1
22482,停橈待客遲,1
22483,橈待客遲野,1
22484,待客遲野橋,1
22485,客遲野橋從,1
22486,遲野橋從浪,1
22487,野橋從浪沒,1
22488,橋從浪沒輕,1
22489,從浪沒輕舸,1
22490,浪沒輕舸信,1
22491,沒輕舸信風,1
22492,輕舸信風移,1
22493,舸信風移竹,1
22494,信風移竹韻,1
22495,風移竹韻遷,1
22496,移竹韻遷棋,1
22497,竹韻遷棋局,1
22498,韻遷棋局松,1
22499,遷棋局松陰,1
22500,棋局松陰遞,1
22501,局松陰遞酒,1
22502,松陰遞酒卮,1
22503,陰遞酒卮性,1
22504,遞酒卮性閑,1
22505,酒卮性閑鷗,1
22506,卮性閑鷗自,1
22507,性閑鷗自識,1
22508,閑鷗自識心,1
22509,鷗自識心遠,1
22510,自識心遠鶴,1
22511,識心遠鶴先,1
22512,心遠鶴先知,1
22513,遠鶴先知應,1
22514,鶴先知應想,1
22515,先知應想秦,1
22516,知應想秦人,1
22517,應想秦人會,1
22518,想秦人會休,1
22519,秦人會休懷,1
22520,人會休懷越,1
22521,會休懷越相,1
22522,休懷越相祠,1
22523,懷越相祠當,1
22524,越相祠當期,1
22525,相祠當期穆,1
22526,祠當期穆天,1
22527,當期穆天子,1
22528,期穆天子簫,1
22529,穆天子簫鼓,1
22530,天子簫鼓宴,1
22531,子簫鼓宴瑤,1
22532,簫鼓宴瑤池,1
22533,鼓宴瑤池新,1
22534,宴瑤池新秋,1
22535,瑤池新秋弦,1
22536,池新秋弦管,1
22537,新秋弦管清,1
22538,秋弦管清時,1
22539,弦管清時轉,1
22540,管清時轉遏,1
22541,清時轉遏雲,1
22542,時轉遏雲聲,1
22543,轉遏雲聲曲,1
22544,遏雲聲曲盡,1
22545,雲聲曲盡不,1
22546,聲曲盡不知,1
22547,曲盡不知處,1
22548,盡不知處月,1
22549,不知處月高,1
22550,知處月高風,1
22551,處月高風滿,1
22552,月高風滿城,1
22553,高風滿城赤,1
22554,風滿城赤城,1
22555,滿城赤城雲,1
22556,城赤城雲雪,1
22557,赤城雲雪深,1
22558,城雲雪深山,1
22559,雲雪深山客,1
22560,雪深山客負,1
22561,深山客負歸,1
22562,山客負歸心,1
22563,客負歸心昨,1
22564,負歸心昨夜,1
22565,歸心昨夜西,1
22566,心昨夜西齋,1
22567,昨夜西齋宿,1
22568,夜西齋宿月,1
22569,西齋宿月明,1
22570,齋宿月明琪,1
22571,宿月明琪樹,1
22572,月明琪樹陰,1
22573,明琪樹陰雲,1
22574,琪樹陰雲月,1
22575,樹陰雲月有,1
22576,陰雲月有歸,1
22577,雲月有歸處,1
22578,月有歸處故,1
22579,有歸處故山,1
22580,歸處故山清,1
22581,處故山清洛,1
22582,故山清洛南,1
22583,山清洛南如,1
22584,清洛南如何,1
22585,洛南如何一,1
22586,南如何一花,1
22587,如何一花發,1
22588,何一花發春,1
22589,一花發春夢,1
22590,花發春夢遍,1
22591,發春夢遍江,1
22592,春夢遍江潭,1
22593,夢遍江潭夜,1
22594,遍江潭夜戰,1
22595,江潭夜戰桑,1
22596,潭夜戰桑幹,1
22597,夜戰桑幹北,1
22598,戰桑幹北秦,1
22599,桑幹北秦兵,1
22600,幹北秦兵半,1
22601,北秦兵半不,1
22602,秦兵半不歸,1
22603,兵半不歸朝,1
22604,半不歸朝來,1
22605,不歸朝來有,1
22606,歸朝來有鄉,1
22607,朝來有鄉信,1
22608,來有鄉信猶,1
22609,有鄉信猶自,1
22610,鄉信猶自寄,1
22611,信猶自寄征,1
22612,猶自寄征衣,1
22613,自寄征衣野,1
22614,寄征衣野寺,1
22615,征衣野寺薜,1
22616,衣野寺薜蘿,1
22617,野寺薜蘿晚,1
22618,寺薜蘿晚官,1
22619,薜蘿晚官渠,1
22620,蘿晚官渠楊,1
22621,晚官渠楊柳,1
22622,官渠楊柳春,1
22623,渠楊柳春歸,1
22624,楊柳春歸心,1
22625,柳春歸心已,1
22626,春歸心已無,1
22627,歸心已無限,1
22628,心已無限更,1
22629,已無限更送,1
22630,無限更送洞,1
22631,限更送洞庭,1
22632,更送洞庭人,1
22633,送洞庭人潮,1
22634,洞庭人潮去,1
22635,庭人潮去潮,1
22636,人潮去潮來,1
22637,潮去潮來洲,1
22638,去潮來洲渚,1
22639,潮來洲渚春,1
22640,來洲渚春山,1
22641,洲渚春山花,1
22642,渚春山花如,1
22643,春山花如繡,1
22644,山花如繡草,1
22645,花如繡草如,1
22646,如繡草如茵,1
22647,繡草如茵嚴,1
22648,草如茵嚴陵,1
22649,如茵嚴陵台,1
22650,茵嚴陵台下,1
22651,嚴陵台下桐,1
22652,陵台下桐江,1
22653,台下桐江水,1
22654,下桐江水解,1
22655,桐江水解釣,1
22656,江水解釣鱸,1
22657,水解釣鱸魚,1
22658,解釣鱸魚能,1
22659,釣鱸魚能幾,1
22660,鱸魚能幾人,1
22661,魚能幾人帆,1
22662,能幾人帆轉,1
22663,幾人帆轉清,1
22664,人帆轉清淮,1
22665,帆轉清淮極,1
22666,轉清淮極鳥,1
22667,清淮極鳥飛,1
22668,淮極鳥飛落,1
22669,極鳥飛落帆,1
22670,鳥飛落帆應,1
22671,飛落帆應換,1
22672,落帆應換老,1
22673,帆應換老萊,1
22674,應換老萊衣,1
22675,換老萊衣河,1
22676,老萊衣河亭,1
22677,萊衣河亭未,1
22678,衣河亭未醉,1
22679,河亭未醉先,1
22680,亭未醉先惆,1
22681,未醉先惆悵,1
22682,醉先惆悵明,1
22683,先惆悵明日,1
22684,惆悵明日還,1
22685,悵明日還從,1
22686,明日還從此,1
22687,日還從此路,1
22688,還從此路歸,1
22689,從此路歸淚,1
22690,此路歸淚沿,1
22691,路歸淚沿紅,1
22692,歸淚沿紅粉,1
22693,淚沿紅粉濕,1
22694,沿紅粉濕羅,1
22695,紅粉濕羅巾,1
22696,粉濕羅巾重,1
22697,濕羅巾重系,1
22698,羅巾重系蘭,1
22699,巾重系蘭舟,1
22700,重系蘭舟勸,1
22701,系蘭舟勸酒,1
22702,蘭舟勸酒頻,1
22703,舟勸酒頻留,1
22704,勸酒頻留卻,1
22705,酒頻留卻一,1
22706,頻留卻一枝,1
22707,留卻一枝河,1
22708,卻一枝河畔,1
22709,一枝河畔柳,1
22710,枝河畔柳明,1
22711,河畔柳明朝,1
22712,畔柳明朝猶,1
22713,柳明朝猶有,1
22714,明朝猶有遠,1
22715,朝猶有遠行,1
22716,猶有遠行人,1
22717,有遠行人仿,1
22718,遠行人仿佛,1
22719,行人仿佛欲,1
22720,人仿佛欲當,1
22721,仿佛欲當三,1
22722,佛欲當三五,1
22723,欲當三五夕,1
22724,當三五夕萬,1
22725,三五夕萬蟬,1
22726,五夕萬蟬清,1
22727,夕萬蟬清雜,1
22728,萬蟬清雜亂,1
22729,蟬清雜亂泉,1
22730,清雜亂泉紋,1
22731,雜亂泉紋釣,1
22732,亂泉紋釣魚,1
22733,泉紋釣魚船,1
22734,紋釣魚船上,1
22735,釣魚船上一,1
22736,魚船上一尊,1
22737,船上一尊酒,1
22738,上一尊酒月,1
22739,一尊酒月出,1
22740,尊酒月出渡,1
22741,酒月出渡頭,1
22742,月出渡頭零,1
22743,出渡頭零落,1
22744,渡頭零落雲,1
22745,頭零落雲蓮,1
22746,零落雲蓮渚,1
22747,落雲蓮渚愁,1
22748,雲蓮渚愁紅,1
22749,蓮渚愁紅蕩,1
22750,渚愁紅蕩碧,1
22751,愁紅蕩碧波,1
22752,紅蕩碧波吳,1
22753,蕩碧波吳娃,1
22754,碧波吳娃齊,1
22755,波吳娃齊唱,1
22756,吳娃齊唱採,1
22757,娃齊唱採蓮,1
22758,齊唱採蓮歌,1
22759,唱採蓮歌橫,1
22760,採蓮歌橫塘,1
22761,蓮歌橫塘一,1
22762,歌橫塘一別,1
22763,橫塘一別已,1
22764,塘一別已千,1
22765,一別已千里,1
22766,別已千里蘆,1
22767,已千里蘆葦,1
22768,千里蘆葦蕭,1
22769,里蘆葦蕭蕭,1
22770,蘆葦蕭蕭風,1
22771,葦蕭蕭風雨,1
22772,蕭蕭風雨多,1
22773,蕭風雨多野,1
22774,風雨多野客,1
22775,雨多野客從,1
22776,多野客從來,1
22777,野客從來不,1
22778,客從來不解,1
22779,從來不解愁,1
22780,來不解愁等,1
22781,不解愁等閒,1
22782,解愁等閒乘,1
22783,愁等閒乘月,1
22784,等閒乘月海,1
22785,閒乘月海西,1
22786,乘月海西頭,1
22787,月海西頭未,1
22788,海西頭未知,1
22789,西頭未知南,1
22790,頭未知南陌,1
22791,未知南陌誰,1
22792,知南陌誰家,1
22793,南陌誰家子,1
22794,陌誰家子夜,1
22795,誰家子夜半,1
22796,家子夜半吹,1
22797,子夜半吹笙,1
22798,夜半吹笙入,1
22799,半吹笙入水,1
22800,吹笙入水樓,1
22801,笙入水樓勞,1
22802,入水樓勞歌,1
22803,水樓勞歌一,1
22804,樓勞歌一曲,1
22805,勞歌一曲解,1
22806,歌一曲解行,1
22807,一曲解行舟,1
22808,曲解行舟紅,1
22809,解行舟紅葉,1
22810,行舟紅葉青,1
22811,舟紅葉青山,1
22812,紅葉青山水,1
22813,葉青山水急,1
22814,青山水急流,1
22815,山水急流日,1
22816,水急流日暮,1
22817,急流日暮酒,1
22818,流日暮酒醒,1
22819,日暮酒醒人,1
22820,暮酒醒人已,1
22821,酒醒人已遠,1
22822,醒人已遠滿,1
22823,人已遠滿天,1
22824,已遠滿天風,1
22825,遠滿天風雨,1
22826,滿天風雨下,1
22827,天風雨下西,1
22828,雨下西樓知,1
22829,下西樓知有,1
22830,西樓知有瑤,1
22831,樓知有瑤華,1
22832,知有瑤華手,1
22833,有瑤華手自,1
22834,瑤華手自開,1
22835,華手自開巴,1
22836,手自開巴人,1
22837,自開巴人虛,1
22838,開巴人虛唱,1
22839,巴人虛唱懶,1
22840,人虛唱懶封,1
22841,虛唱懶封回,1
22842,唱懶封回山,1
22843,懶封回山陰,1
22844,封回山陰一,1
22845,回山陰一夜,1
22846,山陰一夜滿,1
22847,陰一夜滿溪,1
22848,一夜滿溪雪,1
22849,夜滿溪雪借,1
22850,滿溪雪借問,1
22851,溪雪借問扁,1
22852,雪借問扁舟,1
22853,借問扁舟來,1
22854,問扁舟來不,1
22855,扁舟來不來,1
22856,舟來不來噪,1
22857,來不來噪柳,1
22858,不來噪柳鳴,1
22859,來噪柳鳴槐,1
22860,噪柳鳴槐晚,1
22861,柳鳴槐晚未,1
22862,鳴槐晚未休,1
22863,槐晚未休不,1
22864,晚未休不知,1
22865,未休不知何,1
22866,休不知何事,1
22867,不知何事愛,1
22868,知何事愛悲,1
22869,何事愛悲秋,1
22870,事愛悲秋朱,1
22871,愛悲秋朱門,1
22872,悲秋朱門大,1
22873,秋朱門大有,1
22874,朱門大有長,1
22875,門大有長吟,1
22876,大有長吟處,1
22877,有長吟處剛,1
22878,長吟處剛傍,1
22879,吟處剛傍愁,1
22880,處剛傍愁人,1
22881,剛傍愁人又,1
22882,傍愁人又送,1
22883,愁人又送愁,1
22884,人又送愁清,1
22885,又送愁清露,1
22886,送愁清露白,1
22887,愁清露白雲,1
22888,清露白雲明,1
22889,露白雲明月,1
22890,白雲明月天,1
22891,雲明月天與,1
22892,明月天與君,1
22893,月天與君齊,1
22894,天與君齊棹,1
22895,與君齊棹木,1
22896,君齊棹木蘭,1
22897,齊棹木蘭船,1
22898,棹木蘭船南,1
22899,木蘭船南湖,1
22900,蘭船南湖風,1
22901,船南湖風雨,1
22902,南湖風雨一,1
22903,湖風雨一相,1
22904,風雨一相失,1
22905,雨一相失夜,1
22906,一相失夜泊,1
22907,相失夜泊橫,1
22908,失夜泊橫塘,1
22909,夜泊橫塘心,1
22910,泊橫塘心渺,1
22911,橫塘心渺然,1
22912,塘心渺然遙,1
22913,心渺然遙見,1
22914,渺然遙見江,1
22915,然遙見江陰,1
22916,遙見江陰夜,1
22917,見江陰夜漁,1
22918,江陰夜漁客,1
22919,陰夜漁客因,1
22920,夜漁客因思,1
22921,漁客因思京,1
22922,客因思京口,1
22923,因思京口釣,1
22924,思京口釣魚,1
22925,京口釣魚時,1
22926,口釣魚時一,1
22927,釣魚時一潭,1
22928,魚時一潭明,1
22929,時一潭明月,1
22930,一潭明月萬,1
22931,潭明月萬株,1
22932,明月萬株柳,1
22933,月萬株柳自,1
22934,萬株柳自去,1
22935,株柳自去自,1
22936,柳自去自來,1
22937,自去自來人,1
22938,去自來人不,1
22939,自來人不知,1
22940,來人不知商,1
22941,人不知商嶺,1
22942,不知商嶺采,1
22943,知商嶺采芝,1
22944,商嶺采芝尋,1
22945,嶺采芝尋四,1
22946,采芝尋四老,1
22947,芝尋四老紫,1
22948,尋四老紫陽,1
22949,四老紫陽收,1
22950,老紫陽收朮,1
22951,紫陽收朮訪,1
22952,陽收朮訪三,1
22953,收朮訪三茅,1
22954,朮訪三茅欲,1
22955,訪三茅欲求,1
22956,三茅欲求不,1
22957,茅欲求不死,1
22958,欲求不死長,1
22959,求不死長生,1
22960,不死長生訣,1
22961,死長生訣骨,1
22962,長生訣骨裏,1
22963,生訣骨裏無,1
22964,訣骨裏無仙,1
22965,骨裏無仙不,1
22966,裏無仙不肯,1
22967,無仙不肯教,1
22968,仙不肯教紅,1
22969,不肯教紅花,1
22970,肯教紅花半,1
22971,教紅花半落,1
22972,紅花半落燕,1
22973,花半落燕於,1
22974,半落燕於飛,1
22975,落燕於飛同,1
22976,燕於飛同客,1
22977,於飛同客長,1
22978,飛同客長安,1
22979,同客長安今,1
22980,客長安今獨,1
22981,長安今獨歸,1
22982,安今獨歸一,1
22983,今獨歸一紙,1
22984,獨歸一紙鄉,1
22985,歸一紙鄉書,1
22986,一紙鄉書報,1
22987,紙鄉書報兄,1
22988,鄉書報兄弟,1
22989,書報兄弟還,1
22990,報兄弟還家,1
22991,兄弟還家羞,1
22992,弟還家羞著,1
22993,還家羞著別,1
22994,家羞著別時,1
22995,羞著別時衣,1
22996,著別時衣朱,1
22997,別時衣朱檻,1
22998,時衣朱檻煙,1
22999,衣朱檻煙霜,1
23000,朱檻煙霜夜,1
23001,檻煙霜夜坐,1
23002,煙霜夜坐勞,1
23003,霜夜坐勞美,1
23004,夜坐勞美人,1
23005,坐勞美人南,1
23006,勞美人南國,1
23007,美人南國舊,1
23008,人南國舊同,1
23009,南國舊同袍,1
23010,國舊同袍山,1
23011,舊同袍山長,1
23012,同袍山長水,1
23013,袍山長水遠,1
23014,山長水遠無,1
23015,長水遠無消,1
23016,水遠無消息,1
23017,遠無消息瑤,1
23018,無消息瑤瑟,1
23019,消息瑤瑟一,1
23020,息瑤瑟一彈,1
23021,瑤瑟一彈秋,1
23022,瑟一彈秋月,1
23023,一彈秋月高,1
23024,彈秋月高峨,1
23025,秋月高峨峨,1
23026,月高峨峨商,1
23027,高峨峨商嶺,1
23028,峨峨商嶺采,1
23029,峨商嶺采芝,1
23030,商嶺采芝人,1
23031,嶺采芝人雪,1
23032,采芝人雪頂,1
23033,芝人雪頂霜,1
23034,人雪頂霜髯,1
23035,雪頂霜髯虎,1
23036,頂霜髯虎豹,1
23037,霜髯虎豹茵,1
23038,髯虎豹茵山,1
23039,虎豹茵山酒,1
23040,豹茵山酒一,1
23041,茵山酒一卮,1
23042,山酒一卮歌,1
23043,酒一卮歌一,1
23044,一卮歌一曲,1
23045,卮歌一曲漢,1
23046,歌一曲漢家,1
23047,一曲漢家天,1
23048,曲漢家天子,1
23049,漢家天子忌,1
23050,家天子忌功,1
23051,天子忌功臣,1
23052,子忌功臣避,1
23053,忌功臣避秦,1
23054,功臣避秦安,1
23055,臣避秦安漢,1
23056,避秦安漢出,1
23057,秦安漢出藍,1
23058,安漢出藍關,1
23059,漢出藍關松,1
23060,出藍關松桂,1
23061,藍關松桂花,1
23062,關松桂花陰,1
23063,松桂花陰滿,1
23064,桂花陰滿舊,1
23065,花陰滿舊山,1
23066,陰滿舊山自,1
23067,滿舊山自是,1
23068,舊山自是無,1
23069,山自是無人,1
23070,自是無人有,1
23071,是無人有歸,1
23072,無人有歸意,1
23073,人有歸意白,1
23074,有歸意白雲,1
23075,歸意白雲常,1
23076,意白雲常在,1
23077,白雲常在水,1
23078,雲常在水潺,1
23079,常在水潺潺,1
23080,在水潺潺雨,1
23081,水潺潺雨過,1
23082,潺潺雨過前,1
23083,潺雨過前山,1
23084,雨過前山日,1
23085,過前山日未,1
23086,前山日未斜,1
23087,山日未斜清,1
23088,日未斜清蟬,1
23089,未斜清蟬嘒,1
23090,斜清蟬嘒嘒,1
23091,清蟬嘒嘒落,1
23092,蟬嘒嘒落槐,1
23093,嘒嘒落槐花,1
23094,嘒落槐花車,1
23095,落槐花車輪,1
23096,槐花車輪南,1
23097,花車輪南北,1
23098,車輪南北已,1
23099,輪南北已無,1
23100,南北已無限,1
23101,北已無限江,1
23102,已無限江上,1
23103,無限江上故,1
23104,限江上故人,1
23105,江上故人才,1
23106,上故人才到,1
23107,故人才到家,1
23108,人才到家獨,1
23109,才到家獨掩,1
23110,到家獨掩衡,1
23111,家獨掩衡門,1
23112,獨掩衡門花,1
23113,掩衡門花盛,1
23114,衡門花盛時,1
23115,門花盛時一,1
23116,花盛時一封,1
23117,盛時一封書,1
23118,時一封書信,1
23119,一封書信緩,1
23120,封書信緩歸,1
23121,書信緩歸期,1
23122,信緩歸期南,1
23123,緩歸期南宗,1
23124,歸期南宗更,1
23125,期南宗更有,1
23126,南宗更有瀟,1
23127,宗更有瀟湘,1
23128,更有瀟湘客,1
23129,有瀟湘客夜,1
23130,瀟湘客夜夜,1
23131,湘客夜夜月,1
23132,客夜夜月明,1
23133,夜夜月明聞,1
23134,夜月明聞竹,1
23135,月明聞竹枝,1
23136,明聞竹枝海,1
23137,聞竹枝海燕,1
23138,竹枝海燕西,1
23139,枝海燕西飛,1
23140,海燕西飛白,1
23141,燕西飛白日,1
23142,西飛白日斜,1
23143,飛白日斜天,1
23144,白日斜天門,1
23145,日斜天門遙,1
23146,斜天門遙望,1
23147,天門遙望五,1
23148,門遙望五侯,1
23149,遙望五侯家,1
23150,望五侯家樓,1
23151,五侯家樓臺,1
23152,侯家樓臺深,1
23153,家樓臺深鎖,1
23154,樓臺深鎖無,1
23155,臺深鎖無人,1
23156,深鎖無人到,1
23157,鎖無人到落,1
23158,無人到落盡,1
23159,人到落盡春,1
23160,到落盡春風,1
23161,落盡春風第,1
23162,盡春風第一,1
23163,春風第一花,1
23164,風第一花風,1
23165,第一花風暖,1
23166,一花風暖江,1
23167,花風暖江城,1
23168,風暖江城白,1
23169,暖江城白日,1
23170,江城白日遲,1
23171,城白日遲昔,1
23172,白日遲昔人,1
23173,日遲昔人遺,1
23174,遲昔人遺事,1
23175,昔人遺事後,1
23176,人遺事後人,1
23177,遺事後人悲,1
23178,事後人悲草,1
23179,後人悲草生,1
23180,人悲草生宮,1
23181,悲草生宮闕,1
23182,草生宮闕國,1
23183,生宮闕國無,1
23184,宮闕國無主,1
23185,闕國無主玉,1
23186,國無主玉樹,1
23187,無主玉樹後,1
23188,主玉樹後庭,1
23189,樹後庭花為,1
23190,後庭花為誰,1
23191,庭花為誰地,1
23192,花為誰地雄,1
23193,為誰地雄山,1
23194,誰地雄山險,1
23195,地雄山險水,1
23196,雄山險水悠,1
23197,山險水悠悠,1
23198,險水悠悠不,1
23199,水悠悠不信,1
23200,悠悠不信隋,1
23201,悠不信隋兵,1
23202,不信隋兵到,1
23203,信隋兵到石,1
23204,隋兵到石頭,1
23205,兵到石頭玉,1
23206,到石頭玉樹,1
23207,石頭玉樹後,1
23208,頭玉樹後庭,1
23209,樹後庭花一,1
23210,後庭花一曲,1
23211,庭花一曲與,1
23212,花一曲與君,1
23213,一曲與君同,1
23214,曲與君同上,1
23215,與君同上景,1
23216,君同上景陽,1
23217,同上景陽樓,1
23218,上景陽樓靜,1
23219,景陽樓靜想,1
23220,陽樓靜想追,1
23221,樓靜想追兵,1
23222,靜想追兵緩,1
23223,想追兵緩翠,1
23224,追兵緩翠華,1
23225,兵緩翠華古,1
23226,緩翠華古碑,1
23227,翠華古碑荒,1
23228,華古碑荒廟,1
23229,古碑荒廟閉,1
23230,碑荒廟閉松,1
23231,荒廟閉松花,1
23232,廟閉松花紀,1
23233,閉松花紀生,1
23234,松花紀生不,1
23235,花紀生不向,1
23236,紀生不向滎,1
23237,生不向滎陽,1
23238,不向滎陽死,1
23239,向滎陽死爭,1
23240,滎陽死爭有,1
23241,陽死爭有山,1
23242,死爭有山河,1
23243,爭有山河屬,1
23244,有山河屬漢,1
23245,山河屬漢家,1
23246,河屬漢家龍,1
23247,屬漢家龍盤,1
23248,漢家龍盤虎,1
23249,家龍盤虎踞,1
23250,龍盤虎踞樹,1
23251,盤虎踞樹層,1
23252,虎踞樹層層,1
23253,踞樹層層勢,1
23254,樹層層勢入,1
23255,層層勢入浮,1
23256,層勢入浮雲,1
23257,勢入浮雲亦,1
23258,入浮雲亦是,1
23259,浮雲亦是崩,1
23260,雲亦是崩一,1
23261,亦是崩一種,1
23262,是崩一種青,1
23263,崩一種青山,1
23264,一種青山秋,1
23265,種青山秋草,1
23266,青山秋草裏,1
23267,山秋草裏路,1
23268,秋草裏路人,1
23269,草裏路人唯,1
23270,裏路人唯拜,1
23271,路人唯拜漢,1
23272,人唯拜漢文,1
23273,唯拜漢文陵,1
23274,拜漢文陵碧,1
23275,漢文陵碧煙,1
23276,文陵碧煙秋,1
23277,陵碧煙秋寺,1
23278,碧煙秋寺泛,1
23279,煙秋寺泛潮,1
23280,秋寺泛潮來,1
23281,寺泛潮來水,1
23282,泛潮來水浸,1
23283,潮來水浸城,1
23284,來水浸城根,1
23285,水浸城根古,1
23286,浸城根古堞,1
23287,城根古堞摧,1
23288,根古堞摧盡,1
23289,古堞摧盡日,1
23290,堞摧盡日傷,1
23291,摧盡日傷心,1
23292,盡日傷心人,1
23293,日傷心人不,1
23294,傷心人不見,1
23295,心人不見石,1
23296,人不見石榴,1
23297,不見石榴花,1
23298,見石榴花滿,1
23299,石榴花滿舊,1
23300,榴花滿舊琴,1
23301,花滿舊琴台,1
23302,滿舊琴台王,1
23303,舊琴台王子,1
23304,琴台王子吹,1
23305,台王子吹簫,1
23306,王子吹簫月,1
23307,子吹簫月滿,1
23308,吹簫月滿台,1
23309,簫月滿台玉,1
23310,月滿台玉簫,1
23311,滿台玉簫清,1
23312,台玉簫清轉,1
23313,玉簫清轉鶴,1
23314,簫清轉鶴裴,1
23315,清轉鶴裴回,1
23316,轉鶴裴回曲,1
23317,鶴裴回曲終,1
23318,裴回曲終飛,1
23319,回曲終飛去,1
23320,曲終飛去不,1
23321,終飛去不知,1
23322,飛去不知處,1
23323,去不知處山,1
23324,不知處山下,1
23325,知處山下碧,1
23326,處山下碧桃,1
23327,山下碧桃春,1
23328,下碧桃春自,1
23329,碧桃春自開,1
23330,桃春自開一,1
23331,春自開一卮,1
23332,自開一卮春,1
23333,開一卮春酒,1
23334,一卮春酒送,1
23335,卮春酒送離,1
23336,春酒送離歌,1
23337,酒送離歌花,1
23338,送離歌花落,1
23339,離歌花落敬,1
23340,歌花落敬亭,1
23341,花落敬亭芳,1
23342,落敬亭芳草,1
23343,敬亭芳草多,1
23344,亭芳草多欲,1
23345,芳草多欲問,1
23346,草多欲問歸,1
23347,多欲問歸期,1
23348,欲問歸期已,1
23349,問歸期已深,1
23350,歸期已深醉,1
23351,期已深醉只,1
23352,已深醉只應,1
23353,深醉只應孤,1
23354,醉只應孤夢,1
23355,只應孤夢繞,1
23356,應孤夢繞關,1
23357,孤夢繞關河,1
23358,夢繞關河相,1
23359,繞關河相持,1
23360,關河相持未,1
23361,河相持未定,1
23362,相持未定各,1
23363,持未定各為,1
23364,未定各為君,1
23365,定各為君秦,1
23366,各為君秦政,1
23367,為君秦政山,1
23368,君秦政山河,1
23369,秦政山河此,1
23370,政山河此地,1
23371,山河此地分,1
23372,河此地分力,1
23373,此地分力盡,1
23374,地分力盡烏,1
23375,分力盡烏江,1
23376,力盡烏江千,1
23377,盡烏江千載,1
23378,烏江千載後,1
23379,江千載後古,1
23380,千載後古溝,1
23381,載後古溝芳,1
23382,後古溝芳草,1
23383,古溝芳草起,1
23384,溝芳草起寒,1
23385,芳草起寒雲,1
23386,草起寒雲朝,1
23387,起寒雲朝言,1
23388,寒雲朝言雲,1
23389,雲朝言雲夢,1
23390,朝言雲夢暮,1
23391,言雲夢暮南,1
23392,雲夢暮南巡,1
23393,夢暮南巡已,1
23394,暮南巡已為,1
23395,南巡已為功,1
23396,巡已為功名,1
23397,已為功名少,1
23398,為功名少退,1
23399,功名少退身,1
23400,名少退身盡,1
23401,少退身盡握,1
23402,退身盡握兵,1
23403,身盡握兵權,1
23404,盡握兵權猶,1
23405,握兵權猶不,1
23406,兵權猶不得,1
23407,權猶不得更,1
23408,猶不得更將,1
23409,不得更將心,1
23410,得更將心計,1
23411,更將心計托,1
23412,將心計托何,1
23413,心計托何人,1
23414,計托何人古,1
23415,托何人古木,1
23416,何人古木蒼,1
23417,人古木蒼山,1
23418,古木蒼山掩,1
23419,木蒼山掩翠,1
23420,蒼山掩翠娥,1
23421,山掩翠娥月,1
23422,掩翠娥月明,1
23423,翠娥月明南,1
23424,娥月明南浦,1
23425,月明南浦起,1
23426,明南浦起微,1
23427,南浦起微波,1
23428,浦起微波九,1
23429,起微波九疑,1
23430,微波九疑望,1
23431,波九疑望斷,1
23432,九疑望斷幾,1
23433,疑望斷幾千,1
23434,望斷幾千載,1
23435,斷幾千載斑,1
23436,幾千載斑竹,1
23437,千載斑竹淚,1
23438,載斑竹淚痕,1
23439,斑竹淚痕今,1
23440,竹淚痕今更,1
23441,淚痕今更多,1
23442,痕今更多萬,1
23443,今更多萬山,1
23444,更多萬山秋,1
23445,多萬山秋雨,1
23446,萬山秋雨水,1
23447,山秋雨水縈,1
23448,秋雨水縈回,1
23449,雨水縈回紅,1
23450,水縈回紅葉,1
23451,縈回紅葉多,1
23452,回紅葉多從,1
23453,紅葉多從紫,1
23454,葉多從紫閣,1
23455,多從紫閣來,1
23456,從紫閣來雲,1
23457,紫閣來雲冷,1
23458,閣來雲冷竹,1
23459,來雲冷竹齋,1
23460,雲冷竹齋禪,1
23461,冷竹齋禪衲,1
23462,竹齋禪衲薄,1
23463,齋禪衲薄已,1
23464,禪衲薄已應,1
23465,衲薄已應飛,1
23466,薄已應飛錫,1
23467,已應飛錫過,1
23468,應飛錫過天,1
23469,飛錫過天臺,1
23470,錫過天臺琪,1
23471,過天臺琪樹,1
23472,天臺琪樹西,1
23473,臺琪樹西風,1
23474,琪樹西風枕,1
23475,樹西風枕簟,1
23476,西風枕簟秋,1
23477,風枕簟秋楚,1
23478,枕簟秋楚雲,1
23479,簟秋楚雲湘,1
23480,秋楚雲湘水,1
23481,楚雲湘水憶,1
23482,雲湘水憶同,1
23483,湘水憶同遊,1
23484,水憶同遊高,1
23485,憶同遊高歌,1
23486,同遊高歌一,1
23487,遊高歌一曲,1
23488,高歌一曲掩,1
23489,歌一曲掩明,1
23490,一曲掩明鏡,1
23491,曲掩明鏡昨,1
23492,掩明鏡昨日,1
23493,明鏡昨日少,1
23494,鏡昨日少年,1
23495,昨日少年今,1
23496,日少年今白,1
23497,少年今白頭,1
23498,年今白頭賣,1
23499,今白頭賣藥,1
23500,白頭賣藥修,1
23501,頭賣藥修琴,1
23502,賣藥修琴歸,1
23503,藥修琴歸去,1
23504,修琴歸去遲,1
23505,琴歸去遲山,1
23506,歸去遲山風,1
23507,去遲山風吹,1
23508,遲山風吹盡,1
23509,山風吹盡桂,1
23510,風吹盡桂花,1
23511,吹盡桂花枝,1
23512,盡桂花枝世,1
23513,桂花枝世間,1
23514,花枝世間甲,1
23515,枝世間甲子,1
23516,世間甲子須,1
23517,間甲子須臾,1
23518,甲子須臾事,1
23519,子須臾事逢,1
23520,須臾事逢著,1
23521,臾事逢著仙,1
23522,事逢著仙人,1
23523,逢著仙人莫,1
23524,著仙人莫看,1
23525,仙人莫看棋,1
23526,人莫看棋欲,1
23527,莫看棋欲寫,1
23528,看棋欲寫明,1
23529,棋欲寫明妃,1
23530,欲寫明妃萬,1
23531,寫明妃萬里,1
23532,明妃萬里情,1
23533,妃萬里情紫,1
23534,萬里情紫槽,1
23535,里情紫槽紅,1
23536,情紫槽紅撥,1
23537,紫槽紅撥夜,1
23538,槽紅撥夜丁,1
23539,紅撥夜丁丁,1
23540,撥夜丁丁胡,1
23541,夜丁丁胡沙,1
23542,丁丁胡沙望,1
23543,丁胡沙望盡,1
23544,胡沙望盡漢,1
23545,沙望盡漢宮,1
23546,望盡漢宮遠,1
23547,盡漢宮遠月,1
23548,漢宮遠月落,1
23549,宮遠月落天,1
23550,遠月落天山,1
23551,月落天山聞,1
23552,落天山聞一,1
23553,天山聞一聲,1
23554,山聞一聲秦,1
23555,聞一聲秦女,1
23556,一聲秦女夢,1
23557,聲秦女夢餘,1
23558,秦女夢餘仙,1
23559,女夢餘仙路,1
23560,夢餘仙路遙,1
23561,餘仙路遙月,1
23562,仙路遙月窗,1
23563,路遙月窗風,1
23564,遙月窗風簟,1
23565,月窗風簟夜,1
23566,窗風簟夜迢,1
23567,風簟夜迢迢,1
23568,簟夜迢迢潘,1
23569,夜迢迢潘郎,1
23570,迢迢潘郎翠,1
23571,迢潘郎翠鳳,1
23572,潘郎翠鳳雙,1
23573,郎翠鳳雙飛,1
23574,翠鳳雙飛去,1
23575,鳳雙飛去三,1
23576,雙飛去三十,1
23577,飛去三十六,1
23578,去三十六宮,1
23579,三十六宮聞,1
23580,十六宮聞玉,1
23581,六宮聞玉簫,1
23582,宮聞玉簫寒,1
23583,聞玉簫寒陌,1
23584,玉簫寒陌陰,1
23585,簫寒陌陰風,1
23586,寒陌陰風萬,1
23587,陌陰風萬古,1
23588,陰風萬古悲,1
23589,風萬古悲儒,1
23590,萬古悲儒冠,1
23591,古悲儒冠相,1
23592,悲儒冠相枕,1
23593,儒冠相枕死,1
23594,冠相枕死秦,1
23595,相枕死秦時,1
23596,枕死秦時廟,1
23597,死秦時廟前,1
23598,秦時廟前亦,1
23599,時廟前亦有,1
23600,廟前亦有商,1
23601,前亦有商山,1
23602,亦有商山路,1
23603,有商山路不,1
23604,商山路不學,1
23605,山路不學老,1
23606,路不學老翁,1
23607,不學老翁歌,1
23608,學老翁歌紫,1
23609,老翁歌紫芝,1
23610,翁歌紫芝高,1
23611,歌紫芝高閣,1
23612,紫芝高閣清,1
23613,芝高閣清吟,1
23614,高閣清吟寄,1
23615,閣清吟寄遠,1
23616,清吟寄遠公,1
23617,吟寄遠公四,1
23618,寄遠公四時,1
23619,遠公四時雲,1
23620,公四時雲月,1
23621,四時雲月一,1
23622,時雲月一篇,1
23623,雲月一篇中,1
23624,月一篇中今,1
23625,一篇中今來,1
23626,篇中今來借,1
23627,中今來借問,1
23628,今來借問獨,1
23629,來借問獨何,1
23630,借問獨何處,1
23631,問獨何處日,1
23632,獨何處日暮,1
23633,何處日暮槿,1
23634,處日暮槿花,1
23635,日暮槿花零,1
23636,暮槿花零落,1
23637,槿花零落風,1
23638,花零落風十,1
23639,零落風十二,1
23640,落風十二山,1
23641,風十二山晴,1
23642,十二山晴花,1
23643,二山晴花盡,1
23644,山晴花盡開,1
23645,晴花盡開楚,1
23646,花盡開楚宮,1
23647,盡開楚宮雙,1
23648,開楚宮雙闕,1
23649,楚宮雙闕對,1
23650,宮雙闕對陽,1
23651,雙闕對陽臺,1
23652,闕對陽臺細,1
23653,對陽臺細腰,1
23654,陽臺細腰爭,1
23655,臺細腰爭舞,1
23656,細腰爭舞君,1
23657,腰爭舞君沉,1
23658,爭舞君沉醉,1
23659,舞君沉醉白,1
23660,君沉醉白日,1
23661,沉醉白日秦,1
23662,醉白日秦兵,1
23663,白日秦兵天,1
23664,日秦兵天上,1
23665,秦兵天上來,1
23666,兵天上來獵,1
23667,天上來獵騎,1
23668,上來獵騎秋,1
23669,來獵騎秋來,1
23670,獵騎秋來在,1
23671,騎秋來在內,1
23672,秋來在內稀,1
23673,來在內稀渚,1
23674,在內稀渚宮,1
23675,內稀渚宮雲,1
23676,稀渚宮雲雨,1
23677,渚宮雲雨濕,1
23678,宮雲雨濕龍,1
23679,雲雨濕龍衣,1
23680,雨濕龍衣騰,1
23681,濕龍衣騰騰,1
23682,龍衣騰騰戰,1
23683,衣騰騰戰鼓,1
23684,騰騰戰鼓動,1
23685,騰戰鼓動城,1
23686,戰鼓動城闕,1
23687,鼓動城闕江,1
23688,動城闕江畔,1
23689,城闕江畔射,1
23690,闕江畔射麋,1
23691,江畔射麋殊,1
23692,畔射麋殊未,1
23693,射麋殊未歸,1
23694,麋殊未歸金,1
23695,殊未歸金穀,1
23696,未歸金穀歌,1
23697,歸金穀歌傳,1
23698,金穀歌傳第,1
23699,穀歌傳第一,1
23700,歌傳第一流,1
23701,傳第一流鷓,1
23702,第一流鷓鴣,1
23703,一流鷓鴣清,1
23704,流鷓鴣清怨,1
23705,鷓鴣清怨碧,1
23706,鴣清怨碧煙,1
23707,清怨碧煙愁,1
23708,怨碧煙愁夜,1
23709,碧煙愁夜來,1
23710,煙愁夜來省,1
23711,愁夜來省得,1
23712,夜來省得曾,1
23713,來省得曾聞,1
23714,省得曾聞處,1
23715,得曾聞處萬,1
23716,曾聞處萬里,1
23717,聞處萬里月,1
23718,處萬里月明,1
23719,萬里月明湘,1
23720,里月明湘水,1
23721,月明湘水秋,1
23722,明湘水秋留,1
23723,湘水秋留情,1
23724,水秋留情深,1
23725,秋留情深處,1
23726,留情深處駐,1
23727,情深處駐橫,1
23728,深處駐橫波,1
23729,處駐橫波斂,1
23730,駐橫波斂翠,1
23731,橫波斂翠凝,1
23732,波斂翠凝紅,1
23733,斂翠凝紅一,1
23734,翠凝紅一曲,1
23735,凝紅一曲歌,1
23736,紅一曲歌明,1
23737,一曲歌明月,1
23738,曲歌明月下,1
23739,歌明月下樓,1
23740,明月下樓人,1
23741,月下樓人未,1
23742,下樓人未散,1
23743,樓人未散共,1
23744,人未散共愁,1
23745,未散共愁三,1
23746,散共愁三徑,1
23747,共愁三徑是,1
23748,愁三徑是天,1
23749,三徑是天河,1
23750,徑是天河又,1
23751,是天河又攜,1
23752,天河又攜刀,1
23753,河又攜刀筆,1
23754,又攜刀筆泛,1
23755,攜刀筆泛膺,1
23756,刀筆泛膺舟,1
23757,筆泛膺舟藍,1
23758,泛膺舟藍口,1
23759,膺舟藍口風,1
23760,舟藍口風高,1
23761,藍口風高桂,1
23762,口風高桂楫,1
23763,風高桂楫留,1
23764,高桂楫留還,1
23765,桂楫留還似,1
23766,楫留還似郢,1
23767,留還似郢中,1
23768,還似郢中歌,1
23769,似郢中歌一,1
23770,郢中歌一曲,1
23771,中歌一曲夜,1
23772,歌一曲夜來,1
23773,一曲夜來春,1
23774,曲夜來春雪,1
23775,夜來春雪照,1
23776,來春雪照西,1
23777,春雪照西樓,1
23778,雪照西樓東,1
23779,照西樓東別,1
23780,西樓東別茅,1
23781,樓東別茅峰,1
23782,東別茅峰北,1
23783,別茅峰北去,1
23784,茅峰北去秦,1
23785,峰北去秦梅,1
23786,北去秦梅仙,1
23787,去秦梅仙書,1
23788,秦梅仙書裏,1
23789,梅仙書裏說,1
23790,仙書裏說真,1
23791,書裏說真人,1
23792,裏說真人白,1
23793,說真人白頭,1
23794,真人白頭主,1
23795,人白頭主印,1
23796,白頭主印青,1
23797,頭主印青山,1
23798,主印青山下,1
23799,印青山下雖,1
23800,青山下雖遇,1
23801,山下雖遇唐,1
23802,下雖遇唐生,1
23803,雖遇唐生不,1
23804,遇唐生不敢,1
23805,唐生不敢親,1
23806,生不敢親西,1
23807,不敢親西風,1
23808,敢親西風澹,1
23809,親西風澹澹,1
23810,西風澹澹水,1
23811,風澹澹水悠,1
23812,澹澹水悠悠,1
23813,澹水悠悠雪,1
23814,水悠悠雪點,1
23815,悠悠雪點絲,1
23816,悠雪點絲飄,1
23817,雪點絲飄帶,1
23818,點絲飄帶雨,1
23819,絲飄帶雨愁,1
23820,飄帶雨愁何,1
23821,帶雨愁何限,1
23822,雨愁何限歸,1
23823,愁何限歸心,1
23824,何限歸心倚,1
23825,限歸心倚前,1
23826,歸心倚前合,1
23827,心倚前合綠,1
23828,倚前合綠蒲,1
23829,前合綠蒲紅,1
23830,合綠蒲紅蓼,1
23831,綠蒲紅蓼練,1
23832,蒲紅蓼練塘,1
23833,紅蓼練塘秋,1
23834,蓼練塘秋漢,1
23835,練塘秋漢武,1
23836,塘秋漢武迎,1
23837,秋漢武迎仙,1
23838,漢武迎仙紫,1
23839,武迎仙紫禁,1
23840,迎仙紫禁秋,1
23841,仙紫禁秋玉,1
23842,紫禁秋玉笙,1
23843,禁秋玉笙瑤,1
23844,秋玉笙瑤瑟,1
23845,玉笙瑤瑟祀,1
23846,笙瑤瑟祀昆,1
23847,瑤瑟祀昆丘,1
23848,瑟祀昆丘年,1
23849,祀昆丘年年,1
23850,昆丘年年望,1
23851,丘年年望斷,1
23852,年年望斷無,1
23853,年望斷無消,1
23854,望斷無消息,1
23855,斷無消息空,1
23856,無消息空閉,1
23857,消息空閉重,1
23858,息空閉重城,1
23859,空閉重城十,1
23860,閉重城十二,1
23861,重城十二樓,1
23862,城十二樓心,1
23863,十二樓心期,1
23864,二樓心期仙,1
23865,樓心期仙訣,1
23866,心期仙訣意,1
23867,期仙訣意無,1
23868,仙訣意無窮,1
23869,訣意無窮采,1
23870,意無窮采畫,1
23871,無窮采畫雲,1
23872,窮采畫雲車,1
23873,采畫雲車起,1
23874,畫雲車起壽,1
23875,雲車起壽宮,1
23876,車起壽宮聞,1
23877,起壽宮聞有,1
23878,壽宮聞有三,1
23879,宮聞有三山,1
23880,聞有三山未,1
23881,有三山未知,1
23882,三山未知處,1
23883,山未知處茂,1
23884,未知處茂陵,1
23885,知處茂陵松,1
23886,處茂陵松柏,1
23887,茂陵松柏滿,1
23888,陵松柏滿西,1
23889,松柏滿西風,1
23890,柏滿西風桂,1
23891,滿西風桂楫,1
23892,西風桂楫美,1
23893,風桂楫美人,1
23894,桂楫美人歌,1
23895,楫美人歌木,1
23896,美人歌木蘭,1
23897,人歌木蘭西,1
23898,歌木蘭西風,1
23899,木蘭西風嫋,1
23900,蘭西風嫋嫋,1
23901,西風嫋嫋露,1
23902,風嫋嫋露漙,1
23903,嫋嫋露漙漙,1
23904,嫋露漙漙夜,1
23905,露漙漙夜長,1
23906,漙漙夜長曲,1
23907,漙夜長曲盡,1
23908,夜長曲盡意,1
23909,長曲盡意不,1
23910,曲盡意不盡,1
23911,盡意不盡月,1
23912,意不盡月在,1
23913,不盡月在清,1
23914,盡月在清湘,1
23915,月在清湘洲,1
23916,在清湘洲渚,1
23917,清湘洲渚寒,1
23918,湘洲渚寒綠,1
23919,洲渚寒綠蔓,1
23920,渚寒綠蔓穠,1
23921,寒綠蔓穠陰,1
23922,綠蔓穠陰紫,1
23923,蔓穠陰紫袖,1
23924,穠陰紫袖低,1
23925,陰紫袖低客,1
23926,紫袖低客來,1
23927,袖低客來留,1
23928,低客來留坐,1
23929,客來留坐小,1
23930,來留坐小堂,1
23931,留坐小堂西,1
23932,坐小堂西醉,1
23933,小堂西醉中,1
23934,堂西醉中掩,1
23935,西醉中掩瑟,1
23936,醉中掩瑟無,1
23937,中掩瑟無人,1
23938,掩瑟無人會,1
23939,瑟無人會家,1
23940,無人會家近,1
23941,人會家近江,1
23942,會家近江南,1
23943,家近江南罨,1
23944,近江南罨畫,1
23945,江南罨畫溪,1
23946,南罨畫溪羽,1
23947,罨畫溪羽袖,1
23948,畫溪羽袖飄,1
23949,溪羽袖飄飄,1
23950,羽袖飄飄杳,1
23951,袖飄飄杳夜,1
23952,飄飄杳夜風,1
23953,飄杳夜風翠,1
23954,杳夜風翠幢,1
23955,夜風翠幢歸,1
23956,風翠幢歸殿,1
23957,翠幢歸殿玉,1
23958,幢歸殿玉壇,1
23959,歸殿玉壇空,1
23960,殿玉壇空步,1
23961,玉壇空步虛,1
23962,壇空步虛聲,1
23963,空步虛聲盡,1
23964,步虛聲盡天,1
23965,虛聲盡天未,1
23966,聲盡天未曉,1
23967,盡天未曉露,1
23968,天未曉露壓,1
23969,未曉露壓桃,1
23970,曉露壓桃花,1
23971,露壓桃花月,1
23972,壓桃花月滿,1
23973,桃花月滿宮,1
23974,花月滿宮三,1
23975,月滿宮三惑,1
23976,滿宮三惑沉,1
23977,宮三惑沉身,1
23978,三惑沉身是,1
23979,惑沉身是此,1
23980,沉身是此園,1
23981,身是此園古,1
23982,是此園古藤,1
23983,此園古藤荒,1
23984,園古藤荒草,1
23985,古藤荒草野,1
23986,藤荒草野禽,1
23987,荒草野禽喧,1
23988,草野禽喧二,1
23989,野禽喧二十,1
23990,禽喧二十四,1
23991,喧二十四友,1
23992,二十四友一,1
23993,十四友一朝,1
23994,四友一朝盡,1
23995,友一朝盡愛,1
23996,一朝盡愛妾,1
23997,朝盡愛妾墜,1
23998,盡愛妾墜樓,1
23999,愛妾墜樓何,1
24000,妾墜樓何足,1
24001,墜樓何足言,1
24002,樓何足言書,1
24003,何足言書劍,1
24004,足言書劍功,1
24005,言書劍功遲,1
24006,遲白髮新強,1
24007,白髮新強登,1
24008,髮新強登蕭,1
24009,新強登蕭寺,1
24010,強登蕭寺送,1
24011,登蕭寺送歸,1
24012,蕭寺送歸秦,1
24013,寺送歸秦月,1
24014,送歸秦月斜,1
24015,歸秦月斜松,1
24016,秦月斜松桂,1
24017,月斜松桂倚,1
24018,斜松桂倚高,1
24019,松桂倚高閣,1
24020,桂倚高閣明,1
24021,倚高閣明夜,1
24022,高閣明夜江,1
24023,閣明夜江南,1
24024,明夜江南江,1
24025,夜江南江北,1
24026,江南江北人,1
24027,南江北人江,1
24028,江北人江上,1
24029,北人江上懸,1
24030,人江上懸光,1
24031,江上懸光海,1
24032,上懸光海上,1
24033,懸光海上生,1
24034,光海上生仙,1
24035,海上生仙舟,1
24036,上生仙舟迢,1
24037,生仙舟迢遞,1
24038,仙舟迢遞繞,1
24039,舟迢遞繞軍,1
24040,迢遞繞軍營,1
24041,遞繞軍營高,1
24042,繞軍營高歌,1
24043,軍營高歌一,1
24044,營高歌一曲,1
24045,高歌一曲同,1
24046,歌一曲同筵,1
24047,一曲同筵醉,1
24048,曲同筵醉卻,1
24049,同筵醉卻是,1
24050,筵醉卻是劉,1
24051,醉卻是劉楨,1
24052,卻是劉楨坐,1
24053,是劉楨坐到,1
24054,劉楨坐到明,1
24055,楨坐到明佞,1
24056,坐到明佞臣,1
24057,到明佞臣巫,1
24058,明佞臣巫蠱,1
24059,佞臣巫蠱已,1
24060,臣巫蠱已相,1
24061,巫蠱已相疑,1
24062,蠱已相疑身,1
24063,已相疑身沒,1
24064,相疑身沒湖,1
24065,疑身沒湖邊,1
24066,身沒湖邊築,1
24067,沒湖邊築望,1
24068,湖邊築望思,1
24069,邊築望思今,1
24070,築望思今日,1
24071,望思今日更,1
24072,思今日更歸,1
24073,今日更歸何,1
24074,日更歸何處,1
24075,更歸何處是,1
24076,歸何處是年,1
24077,何處是年年,1
24078,處是年年芳,1
24079,是年年芳草,1
24080,年年芳草上,1
24081,年芳草上臺,1
24082,芳草上臺基,1
24083,草上臺基飛,1
24084,上臺基飛度,1
24085,臺基飛度龍,1
24086,基飛度龍山,1
24087,飛度龍山下,1
24088,度龍山下遠,1
24089,龍山下遠空,1
24090,山下遠空拂,1
24091,下遠空拂簷,1
24092,遠空拂簷縈,1
24093,空拂簷縈竹,1
24094,拂簷縈竹晝,1
24095,簷縈竹晝濛,1
24096,縈竹晝濛濛,1
24097,竹晝濛濛知,1
24098,晝濛濛知君,1
24099,濛濛知君吟,1
24100,濛知君吟罷,1
24101,知君吟罷意,1
24102,君吟罷意無,1
24103,吟罷意無限,1
24104,罷意無限曾,1
24105,意無限曾聽,1
24106,無限曾聽玉,1
24107,限曾聽玉堂,1
24108,曾聽玉堂歌,1
24109,聽玉堂歌北,1
24110,玉堂歌北風,1
24111,堂歌北風十,1
24112,歌北風十世,1
24113,北風十世為,1
24114,風十世為儒,1
24115,十世為儒少,1
24116,世為儒少子,1
24117,為儒少子孫,1
24118,儒少子孫一,1
24119,少子孫一生,1
24120,子孫一生長,1
24121,孫一生長負,1
24122,一生長負信,1
24123,生長負信陵,1
24124,長負信陵恩,1
24125,負信陵恩今,1
24126,信陵恩今朝,1
24127,陵恩今朝埋,1
24128,恩今朝埋骨,1
24129,今朝埋骨寒,1
24130,朝埋骨寒山,1
24131,埋骨寒山下,1
24132,骨寒山下為,1
24133,寒山下為報,1
24134,山下為報慈,1
24135,下為報慈親,1
24136,為報慈親休,1
24137,報慈親休倚,1
24138,慈親休倚門,1
24139,親休倚門香,1
24140,休倚門香銷,1
24141,倚門香銷雲,1
24142,門香銷雲凝,1
24143,香銷雲凝舊,1
24144,銷雲凝舊僧,1
24145,雲凝舊僧家,1
24146,凝舊僧家僧,1
24147,舊僧家僧刹,1
24148,僧家僧刹殘,1
24149,家僧刹殘燈,1
24150,僧刹殘燈壁,1
24151,刹殘燈壁半,1
24152,殘燈壁半斜,1
24153,燈壁半斜日,1
24154,壁半斜日暮,1
24155,半斜日暮松,1
24156,斜日暮松煙,1
24157,日暮松煙空,1
24158,暮松煙空漠,1
24159,松煙空漠漠,1
24160,煙空漠漠秋,1
24161,空漠漠秋風,1
24162,漠漠秋風吹,1
24163,漠秋風吹破,1
24164,秋風吹破妙,1
24165,風吹破妙蓮,1
24166,吹破妙蓮華,1
24167,破妙蓮華曉,1
24168,妙蓮華曉入,1
24169,蓮華曉入瑤,1
24170,華曉入瑤台,1
24171,曉入瑤台露,1
24172,入瑤台露氣,1
24173,瑤台露氣清,1
24174,台露氣清座,1
24175,露氣清座中,1
24176,氣清座中唯,1
24177,清座中唯有,1
24178,座中唯有許,1
24179,中唯有許飛,1
24180,唯有許飛瓊,1
24181,有許飛瓊塵,1
24182,許飛瓊塵心,1
24183,飛瓊塵心未,1
24184,瓊塵心未盡,1
24185,塵心未盡俗,1
24186,心未盡俗緣,1
24187,未盡俗緣在,1
24188,盡俗緣在十,1
24189,俗緣在十裏,1
24190,緣在十裏下,1
24191,在十裏下山,1
24192,十裏下山空,1
24193,裏下山空月,1
24194,下山空月明,1
24195,山空月明縹,1
24196,空月明縹緲,1
24197,月明縹緲臨,1
24198,明縹緲臨風,1
24199,縹緲臨風思,1
24200,緲臨風思美,1
24201,臨風思美人,1
24202,風思美人荻,1
24203,思美人荻花,1
24204,美人荻花楓,1
24205,人荻花楓葉,1
24206,荻花楓葉帶,1
24207,花楓葉帶離,1
24208,楓葉帶離聲,1
24209,葉帶離聲夜,1
24210,帶離聲夜深,1
24211,離聲夜深吹,1
24212,聲夜深吹笛,1
24213,夜深吹笛移,1
24214,深吹笛移船,1
24215,吹笛移船去,1
24216,笛移船去三,1
24217,移船去三十,1
24218,船去三十六,1
24219,去三十六灣,1
24220,三十六灣秋,1
24221,十六灣秋月,1
24222,六灣秋月明,1
24223,灣秋月明石,1
24224,秋月明石城,1
24225,月明石城花,1
24226,明石城花暖,1
24227,石城花暖鷓,1
24228,城花暖鷓鴣,1
24229,花暖鷓鴣飛,1
24230,暖鷓鴣飛征,1
24231,鷓鴣飛征客,1
24232,鴣飛征客春,1
24233,飛征客春帆,1
24234,征客春帆秋,1
24235,客春帆秋不,1
24236,春帆秋不歸,1
24237,帆秋不歸猶,1
24238,秋不歸猶自,1
24239,不歸猶自保,1
24240,歸猶自保郎,1
24241,猶自保郎心,1
24242,自保郎心似,1
24243,保郎心似石,1
24244,郎心似石綾,1
24245,心似石綾梭,1
24246,似石綾梭夜,1
24247,石綾梭夜夜,1
24248,綾梭夜夜織,1
24249,梭夜夜織寒,1
24250,夜夜織寒衣,1
24251,夜織寒衣南,1
24252,織寒衣南北,1
24253,寒衣南北斷,1
24254,衣南北斷蓬,1
24255,南北斷蓬飄,1
24256,北斷蓬飄長,1
24257,斷蓬飄長亭,1
24258,蓬飄長亭酒,1
24259,飄長亭酒一,1
24260,條樹色隨關,1
24261,樹色隨關迥,1
24262,色隨關迥河,1
24263,隨關迥河聲,1
24264,關迥河聲入,1
24265,迥河聲入塞,1
24266,河聲入塞遙,1
24267,聲入塞遙勞,1
24268,入塞遙勞歌,1
24269,塞遙勞歌此,1
24270,遙勞歌此分,1
24271,勞歌此分首,1
24272,歌此分首風,1
24273,此分首風急,1
24274,分首風急馬,1
24275,首風急馬蕭,1
24276,風急馬蕭蕭,1
