排名,詞彙,出現次數
1,韓愈,117
2,孟郊,83
3,不可,50
4,不能,31
5,不知,30
6,不得,29
7,李正,25
8,正封,25
9,不見,18
10,無由,17
11,日月,15
12,無所,15
13,天子,14
14,何為,13
15,誰能,13
16,不自,13
17,如此,13
18,不敢,13
19,左右,12
20,悠悠,12
21,白日,12
22,人生,12
23,文章,12
24,無人,11
25,君子,11
26,胡為,11
27,不如,11
28,行行,11
29,春風,11
30,雖雲,11
31,萬里,11
32,軒轅,11
33,誰與,10
34,四海,10
35,奈何,10
36,天地,10
37,不復,10
38,文字,10
39,豈不,10
40,塵埃,10
41,不足,10
42,一日,10
43,相公,10
44,東野,10
45,少年,10
46,先生,10
47,劉師,10
48,師服,10
49,侯喜,10
50,轅彌,10
51,彌明,10
52,我不,9
53,相逢,9
54,歸來,9
55,安得,9
56,各有,9
57,不相,9
58,青青,9
59,南山,9
60,洞庭,9
61,何處,9
62,明月,9
63,長安,9
64,何能,9
65,之不,9
66,百里,9
67,有餘,9
68,風吹,9
69,幾時,9
70,平生,9
71,名聲,9
72,何由,9
73,兩鳥,9
74,日出,8
75,波濤,8
76,一朝,8
77,自從,8
78,出門,8
79,紛紛,8
80,讀書,8
81,太平,8
82,者誰,8
83,今日,8
84,二十,8
85,千里,8
86,當今,8
87,三百,8
88,不忍,8
89,如何,8
90,不覺,8
91,桃李,8
92,不聞,7
93,不同,7
94,顛倒,7
95,嗟我,7
96,無一,7
97,東西,7
98,雷電,7
99,須臾,7
100,性命,7
101,無事,7
102,丈夫,7
103,青冥,7
104,子不,7
105,鳳凰,7
106,鳥鳴,7
107,主人,7
108,二三,7
109,何時,7
110,瑕疵,7
111,山水,7
112,百鳥,7
113,縱橫,7
114,如今,7
115,無不,7
116,不用,7
117,不為,7
118,久不,7
119,青天,7
120,人間,7
121,我來,7
122,惆悵,7
123,事不,7
124,乾坤,7
125,譬如,7
126,黃鵠,7
127,四方,6
128,為我,6
129,薺麥,6
130,麥之,6
131,子之,6
132,上天,6
133,安可,6
134,九州,6
135,使我,6
136,朝日,6
137,京城,6
138,爛漫,6
139,相從,6
140,躑躅,6
141,茫茫,6
142,有如,6
143,黃昏,6
144,固已,6
145,官不,6
146,可以,6
147,不及,6
148,草木,6
149,我歌,6
150,天下,6
151,感激,6
152,未能,6
153,張籍,6
154,百年,6
155,風雨,6
156,誰複,6
157,日已,6
158,一何,6
159,蛟螭,6
160,十餘,6
161,飛飛,6
162,安能,6
163,今者,6
164,借問,6
165,黃金,6
166,惟有,6
167,人不,6
168,無時,6
169,不肯,6
170,故人,6
171,蝦蟆,6
172,我今,6
173,曲江,6
174,可憐,6
175,今朝,6
176,豈有,6
177,此時,6
178,洛陽,6
179,親交,6
180,之罘,6
181,不停,6
182,猛虎,6
183,誰人,6
184,欲知,6
185,兮其,5
186,知無,5
187,嗚呼,5
188,罪當,5
189,伊我,5
190,有不,5
191,在中,5
192,今天,5
193,雪霜,5
194,如不,5
195,之水,5
196,幽幽,5
197,兮不,5
198,無與,5
199,孔子,5
200,周公,5
201,獨何,5
202,十年,5
203,參差,5
204,前年,5
205,若相,5
206,或如,5
207,劍戟,5
208,自然,5
209,神仙,5
210,其間,5
211,逶迤,5
212,夜半,5
213,無端,5
214,羲和,5
215,無窮,5
216,時節,5
217,鳴聲,5
218,有意,5
219,事業,5
220,窮年,5
221,為君,5
222,由來,5
223,未免,5
224,流傳,5
225,我時,5
226,語言,5
227,白頭,5
228,齒牙,5
229,竟何,5
230,何所,5
231,自有,5
232,誰謂,5
233,念昔,5
234,有所,5
235,車載,5
236,聽其,5
237,浩浩,5
238,兒童,5
239,子去,5
240,妻子,5
241,中有,5
242,我去,5
243,豈無,5
244,無複,5
245,耿耿,5
246,我為,5
247,人皆,5
248,舉頭,5
249,是時,5
250,太守,5
251,自古,5
252,間不,5
253,生死,5
254,誰為,5
255,侯生,5
256,三年,5
257,經營,5
258,來何,5
259,新月,5
260,竄逐,5
261,日有,5
262,幾何,5
263,歸期,5
264,水中,5
265,擾擾,5
266,變化,5
267,新詩,5
268,騏驥,5
269,何如,5
270,上有,5
271,董生,5
272,嗟哉,5
273,歸去,5
274,蛟龍,5
275,將軍,5
276,川原,5
277,我言,5
278,連天,5
279,照耀,5
280,一生,5
281,知何,5
282,兩翅,5
283,人知,5
284,何人,5
285,有一,5
286,天門,5
287,芙蓉,5
288,去年,5
289,氣不,5
290,虎豹,5
291,蔡州,5
292,遺我,5
293,自知,5
294,終不,5
295,丞相,5
296,富貴,5
297,慷慨,5
298,回首,5
299,地無,5
300,西來,5
301,芳菲,5
302,夜不,4
303,為生,4
304,以有,4
305,我家,4
306,之人,4
307,誰使,4
308,人莫,4
309,思我,4
310,兮兒,4
311,兒寒,4
312,兒饑,4
313,母憐,4
314,天之,4
315,日以,4
316,之茂,4
317,秋之,4
318,我將,4
319,得其,4
320,其誰,4
321,相隨,4
322,隨飛,4
323,而作,4
324,天不,4
325,一身,4
326,龜山,4
327,其言,4
328,作本,4
329,本詞,4
330,詞雲,4
331,嗟嗟,4
332,別離,4
333,知我,4
334,鳴相,4
335,無子,4
336,父母,4
337,無風,4
338,宇宙,4
339,西南,4
340,太白,4
341,峨冠,4
342,而不,4
343,兀兀,4
344,蕭蕭,4
345,官吏,4
346,所見,4
347,遂成,4
348,鳴不,4
349,不已,4
350,顏色,4
351,寂寞,4
352,得所,4
353,書史,4
354,千萬,4
355,惜哉,4
356,不成,4
357,盡日,4
358,空堂,4
359,何用,4
360,生還,4
361,者何,4
362,謂言,4
363,青雲,4
364,何足,4
365,得歸,4
366,昨者,4
367,嗣皇,4
368,造化,4
369,官去,4
370,幸無,4
371,陰氣,4
372,飲食,4
373,勸君,4
374,鸞鳳,4
375,夫子,4
376,我有,4
377,山下,4
378,日暮,4
379,一來,4
380,可惜,4
381,酒不,4
382,南方,4
383,所得,4
384,往往,4
385,木有,4
386,魚鱉,4
387,赫赫,4
388,難為,4
389,相見,4
390,日不,4
391,二月,4
392,辛苦,4
393,多所,4
394,三十,4
395,十日,4
396,蕭條,4
397,尊酒,4
398,失所,4
399,以為,4
400,上言,4
401,多感,4
402,終朝,4
403,君知,4
404,為誰,4
405,不識,4
406,所以,4
407,不解,4
408,十五,4
409,夜宿,4
410,星辰,4
411,下視,4
412,好古,4
413,浩蕩,4
414,垂天,4
415,顧我,4
416,爾來,4
417,皇甫,4
418,團團,4
419,豈得,4
420,真可,4
421,去去,4
422,勝事,4
423,自相,4
424,相賀,4
425,長沙,4
426,玲瓏,4
427,門不,4
428,猶疑,4
429,淹留,4
430,彈射,4
431,行當,4
432,時不,4
433,為不,4
434,自可,4
435,神所,4
436,白石,4
437,來相,4
438,無路,4
439,居然,4
440,曷不,4
441,咫尺,4
442,天外,4
443,古人,4
444,日來,4
445,哉董,4
446,人書,4
447,不開,4
448,中斷,4
449,開青,4
450,與我,4
451,臣有,4
452,相映,4
453,風霜,4
454,事無,4
455,事皆,4
456,酒食,4
457,月明,4
458,獨有,4
459,未可,4
460,與子,4
461,苦不,4
462,雖有,4
463,祝融,4
464,未許,4
465,慎勿,4
466,去不,4
467,啾啾,4
468,此處,4
469,不到,4
470,詩書,4
471,攜手,4
472,憶昔,4
473,從此,4
474,來不,4
475,道士,4
476,已多,4
477,子雖,4
478,不出,4
479,再拜,4
480,然有,4
481,昆侖,4
482,作詩,4
483,今來,4
484,落一,4
485,一時,4
486,而我,4
487,不以,4
488,往來,4
489,患不,4
490,從軍,4
491,籠中,4
492,東風,4
493,崔嵬,4
494,何當,4
495,別我,4
496,天公,4
497,還家,4
498,別後,4
499,低頭,4
500,至日,4
501,平地,4
502,長須,4
503,辛勤,4
504,春秋,4
505,石鼓,4
506,三千,4
507,停兩,4
508,知誰,4
509,來日,4
510,旦夕,4
511,歲晚,4
512,所有,4
513,百尺,4
514,忽然,4
515,八九,4
516,婆娑,4
517,潮州,4
518,複何,4
519,我亦,4
520,何年,4
521,多少,4
522,眾鳥,4
523,翻翻,4
524,事已,4
525,何須,4
526,莫辭,4
527,翻覆,3
528,肅肅,3
529,聽不,3
530,朝不,3
531,有知,3
532,臣罪,3
533,天王,3
534,雨之,3
535,為自,3
536,自周,3
537,在上,3
538,我先,3
539,敢有,3
540,民為,3
541,戰誰,3
542,我往,3
543,寒何,3
544,行于,3
545,履霜,3
546,猗猗,3
547,揚揚,3
548,為然,3
549,然我,3
550,我行,3
551,不爾,3
552,水兮,3
553,將濟,3
554,其由,3
555,乘其,3
556,入我,3
557,兮無,3
558,兮我,3
559,得之,3
560,之其,3
561,其身,3
562,吉凶,3
563,巫咸,3
564,天兮,3
565,泥歸,3
566,歸巢,3
567,生子,3
568,乖離,3
569,離江,3
570,江漢,3
571,漢水,3
572,之大,3
573,更無,3
574,無相,3
575,古琴,3
576,琴操,3
577,操雲,3
578,之子,3
579,逍遙,3
580,太山,3
581,龜之,3
582,嗟餘,3
583,不明,3
584,皇天,3
585,七十,3
586,我獨,3
587,未有,3
588,可奈,3
589,我雖,3
590,年無,3
591,吾聞,3
592,城南,3
593,所經,3
594,戢戢,3
595,雲時,3
596,冰雪,3
597,頃刻,3
598,明大,3
599,踴躍,3
600,軒昂,3
601,始得,3
602,欲進,3
603,魚蝦,3
604,邂逅,3
605,馬顛,3
606,昨來,3
607,崢嶸,3
608,又如,3
609,流落,3
610,落落,3
611,蠢蠢,3
612,開張,3
613,黽勉,3
614,嘗聞,3
615,州南,3
616,有神,3
617,生其,3
618,冥冥,3
619,天白,3
620,五色,3
621,觀者,3
622,入門,3
623,門無,3
624,信可,3
625,其源,3
626,何不,3
627,生有,3
628,有常,3
629,饑食,3
630,於此,3
631,風一,3
632,得酒,3
633,滿地,3
634,行無,3
635,松柏,3
636,柏不,3
637,竟誰,3
638,豈謂,3
639,吾無,3
640,庶幾,3
641,事有,3
642,汲汲,3
643,何以,3
644,豈必,3
645,贏餘,3
646,落地,3
647,若有,3
648,時已,3
649,霜風,3
650,汍瀾,3
651,不計,3
652,還不,3
653,婉孌,3
654,日凋,3
655,足道,3
656,愆尤,3
657,漫不,3
658,自疑,3
659,京師,3
660,赤子,3
661,莫肯,3
662,歸舍,3
663,禦史,3
664,苦無,3
665,根本,3
666,二子,3
667,悲啼,3
668,稚子,3
669,出沒,3
670,孤舟,3
671,窮冬,3
672,雷霆,3
673,氣象,3
674,前日,3
675,戈矛,3
676,生平,3
677,仁義,3
678,湘水,3
679,水清,3
680,清且,3
681,風日,3
682,歸路,3
683,侍從,3
684,卓犖,3
685,清文,3
686,嘗同,3
687,焉能,3
688,殷勤,3
689,吾友,3
690,輾轉,3
691,有清,3
692,所憂,3
693,小人,3
694,亦各,3
695,賢愚,3
696,耳不,3
697,何事,3
698,此日,3
699,未知,3
700,自矜,3
701,言子,3
702,可見,3
703,中堂,3
704,誠難,3
705,難得,3
706,城西,3
707,歲時,3
708,時未,3
709,未雲,3
710,進士,3
711,於庭,3
712,人事,3
713,日正,3
714,從相,3
715,出入,3
716,豈知,3
717,絲竹,3
718,平明,3
719,十裏,3
720,東南,3
721,誰雲,3
722,僕射,3
723,南陽,3
724,閉門,3
725,為久,3
726,三子,3
727,舍我,3
728,去我,3
729,尚可,3
730,無為,3
731,一尊,3
732,還自,3
733,子行,3
734,我心,3
735,飄颻,3
736,誰子,3
737,所宜,3
738,東郡,3
739,隨我,3
740,我欲,3
741,空自,3
742,連日,3
743,不語,3
744,酩酊,3
745,東方,3
746,勸我,3
747,君為,3
748,為此,3
749,亦足,3
750,為文,3
751,繽紛,3
752,得一,3
753,子固,3
754,吾徒,3
755,亦已,3
756,愛山,3
757,頭看,3
758,死不,3
759,是非,3
760,何有,3
761,不去,3
762,昨日,3
763,見我,3
764,興歎,3
765,安足,3
766,九疑,3
767,清湘,3
768,去矣,3
769,少小,3
770,飲酒,3
771,有時,3
772,月高,3
773,五六,3
774,驚電,3
775,三四,3
776,語不,3
777,手持,3
778,高標,3
779,相識,3
780,能一,3
781,蹉跎,3
782,不盈,3
783,聲音,3
784,指摘,3
785,睢盱,3
786,未報,3
787,去事,3
788,今便,3
789,事誰,3
790,閭裏,3
791,窮秋,3
792,平分,3
793,況當,3
794,氣尚,3
795,亦雲,3
796,車馬,3
797,道何,3
798,鬼神,3
799,宜春,3
800,俯仰,3
801,下上,3
802,蕩漾,3
803,時當,3
804,得無,3
805,新恩,3
806,從今,3
807,人少,3
808,出其,3
809,來得,3
810,勤來,3
811,可得,3
812,報恩,3
813,爾其,3
814,肝膽,3
815,浮萍,3
816,華山,3
817,袖拂,3
818,此回,3
819,刺史,3
820,朝廷,3
821,聖人,3
822,李杜,3
823,賢相,3
824,後時,3
825,我在,3
826,非所,3
827,歷歷,3
828,孟生,3
829,具盤,3
830,此州,3
831,駑駘,3
832,問誰,3
833,能為,3
834,自由,3
835,鄙夫,3
836,山東,3
837,咨嗟,3
838,不事,3
839,願君,3
840,城門,3
841,知音,3
842,劍鋒,3
843,去無,3
844,時見,3
845,歸天,3
846,未已,3
847,新秋,3
848,側身,3
849,得長,3
850,我身,3
851,南去,3
852,江南,3
853,雄雌,3
854,欲以,3
855,十載,3
856,白首,3
857,南宮,3
858,宮室,3
859,猶自,3
860,此地,3
861,物色,3
862,驚人,3
863,離別,3
864,一回,3
865,蒼蒼,3
866,殘月,3
867,嗟爾,3
868,暉暉,3
869,手把,3
870,胡不,3
871,上書,3
872,風雷,3
873,持竿,3
874,都門,3
875,一寸,3
876,徒自,3
877,清風,3
878,不堪,3
879,有酒,3
880,三公,3
881,豈非,3
882,人識,3
883,不死,3
884,相望,3
885,高閣,3
886,道人,3
887,見之,3
888,之我,3
889,森森,3
890,朝士,3
891,曾無,3
892,磊落,3
893,行可,3
894,國家,3
895,日相,3
896,吾嘗,3
897,時休,3
898,蒼茫,3
899,犬雞,3
900,不容,3
901,寒光,3
902,去未,3
903,只今,3
904,寒不,3
905,鷓鴣,3
906,豈如,3
907,京國,3
908,四時,3
909,沽酒,3
910,不疑,3
911,暮歸,3
912,已矣,3
913,恨不,3
914,未滿,3
915,走馬,3
916,難見,3
917,斗柄,3
918,寒食,3
919,春序,3
920,淚落,3
921,山鳥,3
922,今君,3
923,自足,3
924,當晝,3
925,眾所,3
926,五月,3
927,八尺,3
928,明珠,3
929,時新,3
930,風飄,3
931,忽驚,3
932,子時,3
933,閑官,3
934,有似,3
935,王師,3
936,終莫,3
937,來取,3
938,洶洶,3
939,野有,3
940,我遷,3
941,服上,3
942,書至,3
943,雖不,3
944,我生,3
945,青水,3
946,中蒲,3
947,行子,3
948,大靈,3
949,有子,3
950,一一,3
951,欲誰,3
952,不待,3
953,聞語,3
954,其人,3
955,入其,3
956,不休,3
957,水龍,3
958,海水,3
959,桂林,3
960,幽尋,3
961,人可,3
962,殊未,3
963,人言,3
964,滂沱,3
965,造次,3
966,有類,3
967,朝餐,3
968,問之,3
969,府公,3
970,寒氣,3
971,我齒,3
972,三月,3
973,掃除,3
974,受恩,3
975,惟當,3
976,得閒,3
977,更遣,3
978,有詩,3
979,時來,3
980,無塵,3
981,詎可,3
982,高居,3
983,將衰,3
984,誰肯,3
985,事作,3
986,光景,3
987,因循,3
988,元和,3
989,人得,3
990,豈惟,3
991,龍鍾,3
992,終始,3
993,回頭,3
994,我願,3
995,汝下,3
996,交加,3
997,張徹,3
998,生兩,3
999,大野,3
1000,馬不,3
1001,千丈,3
1002,能不,3
1003,山中,3
1004,玉川,3
1005,山人,3
1006,世事,3
1007,欲何,3
1008,度量,3
1009,遠近,3
1010,騁雄,3
1011,欲將,3
1012,豈能,3
1013,未識,3
1014,鳥各,3
1015,有口,3
1016,百物,3
1017,兒女,3
1018,桂樹,3
1019,秦關,3
1020,骨肉,3
1021,君來,3
1022,無可,3
1023,今更,3
1024,屬和,3
1025,竟不,3
1026,不報,3
1027,不掉,3
1028,長風,3
1029,日未,3
1030,高卑,3
1031,庭樹,3
1032,別來,3
1033,糞壤,3
1034,君看,3
1035,相待,3
1036,物象,3
1037,呀呀,3
1038,風波,3
1039,相對,3
1040,無數,3
1041,苦寒,3
1042,寥落,3
1043,滿盤,3
1044,所為,3
1045,中人,3
1046,無地,3
1047,青熒,3
1048,區區,3
1049,知官,3
1050,數十,3
1051,無嫌,3
1052,之所,3
1053,可過,3
1054,眼不,3
1055,即是,3
1056,奔流,3
1057,揭陽,3
1058,江水,3
1059,相思,3
1060,得知,3
1061,百步,3
1062,澄觀,3
1063,青蛙,3
1064,誰言,3
1065,又不,3
1066,不與,3
1067,王母,3
1068,方朔,3
1069,亭亭,3
1070,功德,3
1071,自是,3
1072,眼明,3
1073,著地,3
1074,新年,3
1075,孤嶼,3
1076,榆莢,3
1077,楊花,3
1078,曉日,3
1079,已去,3
1080,我羽,3
1081,愈儒,3
1082,漢時,2
1083,時翻,2
1084,無定,2
1085,朝過,2
1086,入淮,2
1087,其凝,2
1088,凝其,2
1089,其盲,2
1090,盲耳,2
1091,耳肅,2
1092,肅兮,2
1093,兮聽,2
1094,聞聲,2
1095,聲朝,2
1096,不日,2
1097,出兮,2
1098,兮夜,2
1099,見月,2
1100,月與,2
1101,與星,2
1102,星有,2
1103,無知,2
1104,知兮,2
1105,兮為,2
1106,為死,2
1107,死為,2
1108,生嗚,2
1109,呼臣,2
1110,當誅,2
1111,誅兮,2
1112,兮天,2
1113,王聖,2
1114,聖明,2
1115,之施,2
1116,施物,2
1117,物以,2
1118,以孳,2
1119,孳我,2
1120,我何,2
1121,何意,2
1122,意於,2
1123,於彼,2
1124,彼為,2
1125,周之,2
1126,之先,2
1127,先其,2
1128,其艱,2
1129,艱其,2
1130,其勤,2
1131,勤以,2
1132,有疆,2
1133,疆宇,2
1134,宇私,2
1135,私我,2
1136,我後,2
1137,後人,2
1138,人我,2
1139,我祖,2
1140,祖在,2
1141,上四,2
1142,方在,2
1143,在下,2
1144,下我,2
1145,家於,2
1146,於豳,2
1147,豳自,2
1148,自我,2
1149,先公,2
1150,公伊,2
1151,我承,2
1152,同今,2
1153,今狄,2
1154,狄之,2
1155,人將,2
1156,將土,2
1157,土我,2
1158,我疆,2
1159,疆民,2
1160,我戰,2
1161,使死,2
1162,死傷,2
1163,傷彼,2
1164,彼岐,2
1165,岐有,2
1166,有岨,2
1167,岨我,2
1168,往獨,2
1169,獨處,2
1170,莫餘,2
1171,餘追,2
1172,追無,2
1173,無思,2
1174,我悲,2
1175,父兮,2
1176,寒母,2
1177,母兮,2
1178,饑兒,2
1179,兒罪,2
1180,當笞,2
1181,笞逐,2
1182,逐兒,2
1183,兒何,2
1184,為兒,2
1185,兒在,2
1186,中野,2
1187,野以,2
1188,以宿,2
1189,宿以,2
1190,以處,2
1191,處四,2
1192,四無,2
1193,人聲,2
1194,聲誰,2
1195,與兒,2
1196,兒語,2
1197,語兒,2
1198,何衣,2
1199,衣兒,2
1200,饑何,2
1201,何食,2
1202,食兒,2
1203,兒行,2
1204,于野,2
1205,野履,2
1206,霜以,2
1207,以足,2
1208,足母,2
1209,母生,2
1210,生眾,2
1211,眾兒,2
1212,兒有,2
1213,有母,2
1214,憐之,2
1215,之獨,2
1216,獨無,2
1217,無母,2
1218,憐兒,2
1219,兒甯,2
1220,甯不,2
1221,不悲,2
1222,蘭之,2
1223,之猗,2
1224,猗揚,2
1225,揚其,2
1226,其香,2
1227,香不,2
1228,不采,2
1229,采而,2
1230,而佩,2
1231,佩于,2
1232,于蘭,2
1233,蘭何,2
1234,何傷,2
1235,傷今,2
1236,之旋,2
1237,旋其,2
1238,其曷,2
1239,曷為,2
1240,行四,2
1241,方以,2
1242,以日,2
1243,以年,2
1244,年雪,2
1245,霜貿,2
1246,貿貿,2
1247,貿薺,2
1248,茂子,2
1249,子如,2
1250,不傷,2
1251,傷我,2
1252,爾覯,2
1253,覯薺,2
1254,茂薺,2
1255,之有,2
1256,有君,2
1257,之傷,2
1258,傷君,2
1259,之守,2
1260,其色,2
1261,色幽,2
1262,幽我,2
1263,濟兮,2
1264,由涉,2
1265,涉其,2
1266,其淺,2
1267,淺兮,2
1268,兮石,2
1269,石齧,2
1270,齧我,2
1271,我足,2
1272,足乘,2
1273,其深,2
1274,深兮,2
1275,兮龍,2
1276,龍入,2
1277,我舟,2
1278,舟我,2
1279,我濟,2
1280,濟而,2
1281,而悔,2
1282,悔兮,2
1283,兮將,2
1284,將安,2
1285,安歸,2
1286,歸尤,2
1287,尤歸,2
1288,歸乎,2
1289,與石,2
1290,石鬥,2
1291,鬥兮,2
1292,無應,2
1293,應龍,2
1294,龍求,2
1295,有獸,2
1296,獸維,2
1297,維狸,2
1298,狸兮,2
1299,我夢,2
1300,夢得,2
1301,身孔,2
1302,孔明,2
1303,明兮,2
1304,兮而,2
1305,而頭,2
1306,頭不,2
1307,知吉,2
1308,凶何,2
1309,為兮,2
1310,兮覺,2
1311,覺坐,2
1312,坐而,2
1313,而思,2
1314,思巫,2
1315,咸上,2
1316,兮識,2
1317,識者,2
1318,者其,2
1319,誰雄,2
1320,雄鵠,2
1321,鵠銜,2
1322,銜枝,2
1323,枝來,2
1324,來雌,2
1325,雌鵠,2
1326,鵠啄,2
1327,啄泥,2
1328,巢成,2
1329,成不,2
1330,不生,2
1331,子大,2
1332,大義,2
1333,義當,2
1334,當乖,2
1335,水之,2
1336,大鵠,2
1337,鵠身,2
1338,身鳥,2
1339,鳥之,2
1340,之微,2
1341,微更,2
1342,逢日,2
1343,可相,2
1344,殺鳴,2
1345,鳴犢,2
1346,作歌,2
1347,舟楫,2
1348,更相,2
1349,歸兮,2
1350,不逢,2
1351,時作,2
1352,作古,2
1353,送於,2
1354,定處,2
1355,人暗,2
1356,身將,2
1357,將老,2
1358,不從,2
1359,山而,2
1360,山在,2
1361,手無,2
1362,不中,2
1363,有鬼,2
1364,朱紫,2
1365,紫相,2
1366,合不,2
1367,信讒,2
1368,讒言,2
1369,言兮,2
1370,勤勤,2
1371,岐山,2
1372,兮誰,2
1373,遭斯,2
1374,自傷,2
1375,明其,2
1376,感之,2
1377,之而,2
1378,相和,2
1379,暮兮,2
1380,兮可,2
1381,於朝,2
1382,群雌,2
1383,意氣,2
1384,飛隨,2
1385,曾不,2
1386,生身,2
1387,穆子,2
1388,五年,2
1389,聞之,2
1390,中夜,2
1391,漫漫,2
1392,且可,2
1393,樹相,2
1394,崇丘,2
1395,見相,2
1396,明出,2
1397,橫雲,2
1398,點點,2
1399,天空,2
1400,沮洳,2
1401,濯濯,2
1402,軟弱,2
1403,神靈,2
1404,氣爭,2
1405,結構,2
1406,秋霜,2
1407,無停,2
1408,莫間,2
1409,空虛,2
1410,兢兢,2
1411,昆明,2
1412,北去,2
1413,倒側,2
1414,破碎,2
1415,呀不,2
1416,尋徑,2
1417,昂始,2
1418,坼裂,2
1419,巨靈,2
1420,誇蛾,2
1421,意固,2
1422,威容,2
1423,計日,2
1424,神物,2
1425,安敢,2
1426,籲嗟,2
1427,奇怪,2
1428,顛蹶,2
1429,且複,2
1430,若驚,2
1431,決若,2
1432,若抽,2
1433,碎若,2
1434,食案,2
1435,飣餖,2
1436,先後,2
1437,婚媾,2
1438,或若,2
1439,不收,2
1440,大哉,2
1441,厥初,2
1442,誰勸,2
1443,得非,2
1444,無乃,2
1445,歌詩,2
1446,惟用,2
1447,用贊,2
1448,寒女,2
1449,所識,2
1450,但聞,2
1451,聞有,2
1452,魑魅,2
1453,坐空,2
1454,空室,2
1455,笙竽,2
1456,來自,2
1457,風景,2
1458,簷楹,2
1459,風中,2
1460,且歎,2
1461,灼灼,2
1462,聞古,2
1463,可入,2
1464,恣欺,2
1465,欺謾,2
1466,紛雜,2
1467,亂人,2
1468,人鬼,2
1469,來此,2
1470,此禍,2
1471,木石,2
1472,怪變,2
1473,狐狸,2
1474,萬類,2
1475,知識,2
1476,者不,2
1477,文人,2
1478,男女,2
1479,子孫,2
1480,奉君,2
1481,異於,2
1482,異物,2
1483,物群,2
1484,成詩,2
1485,窗前,2
1486,眾葉,2
1487,已微,2
1488,床夜,2
1489,端來,2
1490,天明,2
1491,與故,2
1492,相似,2
1493,惟一,2
1494,為浪,2
1495,露下,2
1496,百草,2
1497,牆下,2
1498,下已,2
1499,已複,2
1500,地寒,2
1501,暫寂,2
1502,蟋蟀,2
1503,鳴自,2
1504,自恣,2
1505,時各,2
1506,我志,2
1507,志何,2
1508,日無,2
1509,事驅,2
1510,所願,2
1511,欲去,2
1512,聊自,2
1513,秋空,2
1514,空日,2
1515,上無,2
1516,無枝,2
1517,盤中,2
1518,耳目,2
1519,見高,2
1520,其下,2
1521,得往,2
1522,無能,2
1523,戚戚,2
1524,猶有,2
1525,味薄,2
1526,自幸,2
1527,尤即,2
1528,即此,2
1529,此是,2
1530,今晨,2
1531,冏冏,2
1532,伺候,2
1533,有朝,2
1534,秋日,2
1535,日苦,2
1536,我無,2
1537,有此,2
1538,滅無,2
1539,見真,2
1540,如乘,2
1541,乘風,2
1542,餘所,2
1543,前軒,2
1544,聲若,2
1545,相追,2
1546,追奔,2
1547,不言,2
1548,童子,2
1549,子自,2
1550,自外,2
1551,前問,2
1552,我我,2
1553,饋我,2
1554,退坐,2
1555,坐西,2
1556,相去,2
1557,言有,2
1558,謂汝,2
1559,安眠,2
1560,梧桐,2
1561,著樹,2
1562,一片,2
1563,琅玕,2
1564,是夜,2
1565,夜氣,2
1566,難安,2
1567,驚起,2
1568,出戶,2
1569,暗來,2
1570,客去,2
1571,去群,2
1572,亹亹,2
1573,不滿,2
1574,冥茫,2
1575,千金,2
1576,鮮鮮,2
1577,不早,2
1578,運窮,2
1579,龍蛇,2
1580,孤臣,2
1581,放逐,2
1582,汗漫,2
1583,不省,2
1584,乘桴,2
1585,或自,2
1586,上疏,2
1587,豈其,2
1588,無食,2
1589,休有,2
1590,富者,2
1591,時出,2
1592,何其,2
1593,其稠,2
1594,道邊,2
1595,佇立,2
1596,咿嚘,2
1597,能食,2
1598,食有,2
1599,魚中,2
1600,中鉤,2
1601,得言,2
1602,門為,2
1603,寧自,2
1604,無令,2
1605,絕其,2
1606,幸寬,2
1607,然感,2
1608,司空,2
1609,綢繆,2
1610,同官,2
1611,之落,2
1612,不宜,2
1613,中使,2
1614,得留,2
1615,明幽,2
1616,別百,2
1617,不頷,2
1618,頷頭,2
1619,不回,2
1620,回顧,2
1621,連州,2
1622,朝為,2
1623,暮作,2
1624,所任,2
1625,君侯,2
1626,酸寒,2
1627,生獰,2
1628,群飛,2
1629,重裘,2
1630,最可,2
1631,可畏,2
1632,怪氣,2
1633,喜還,2
1634,然又,2
1635,法曹,2
1636,處事,2
1637,事卑,2
1638,早知,2
1639,不列,2
1640,何況,2
1641,懸知,2
1642,事勢,2
1643,涼風,2
1644,夷猶,2
1645,然下,2
1646,下明,2
1647,複聞,2
1648,班行,2
1649,肅穆,2
1650,佩鳴,2
1651,兜鍪,2
1652,鹿鳴,2
1653,失志,2
1654,早衰,2
1655,畢命,2
1656,懷焉,2
1657,禽獸,2
1658,鬥牛,2
1659,誠可,2
1660,可尚,2
1661,尚誰,2
1662,夜歸,2
1663,嗟世,2
1664,志氣,2
1665,氣方,2
1666,方自,2
1667,自得,2
1668,非我,2
1669,失其,2
1670,寒涼,2
1671,惟憂,2
1672,此志,2
1673,非職,2
1674,所當,2
1675,死幽,2
1676,芬芳,2
1677,流沙,2
1678,繾綣,2
1679,在不,2
1680,遊者,2
1681,者貧,2
1682,有徒,2
1683,時亦,2
1684,有以,2
1685,以娛,2
1686,有文,2
1687,高門,2
1688,且欲,2
1689,謂我,2
1690,有耳,2
1691,朅來,2
1692,知時,2
1693,時俗,2
1694,死千,2
1695,千載,2
1696,其光,2
1697,吾君,2
1698,分一,2
1699,日光,2
1700,昔未,2
1701,君自,2
1702,子有,2
1703,相府,2
1704,欲往,2
1705,驅馳,2
1706,公事,2
1707,聞子,2
1708,孔丘,2
1709,已遠,2
1710,百家,2
1711,披猖,2
1712,所聞,2
1713,後生,2
1714,譬彼,2
1715,館置,2
1716,雲幾,2
1717,我知,2
1718,知不,2
1719,州家,2
1720,知有,2
1721,高第,2
1722,暮宿,2
1723,師西,2
1724,汴州,2
1725,彷徨,2
1726,及將,2
1727,將相,2
1728,見不,2
1729,零落,2
1730,甘所,2
1731,能忘,2
1732,忽如,2
1733,我所,2
1734,得返,2
1735,汴水,2
1736,水東,2
1737,東去,2
1738,彭城,2
1739,軍門,2
1740,且僵,2
1741,敢辭,2
1742,忽忽,2
1743,心如,2
1744,轟轟,2
1745,脫身,2
1746,號呼,2
1747,久乃,2
1748,沙水,2
1749,驚波,2
1750,星宿,2
1751,紅紫,2
1752,低昂,2
1753,里不,2
1754,逢人,2
1755,人角,2
1756,角雄,2
1757,行二,2
1758,下馬,2
1759,吾兄,2
1760,艱難,2
1761,百口,2
1762,篋中,2
1763,子來,2
1764,言無,2
1765,無倦,2
1766,連延,2
1767,晨坐,2
1768,我友,2
1769,在西,2
1770,禹穴,2
1771,李翱,2
1772,會合,2
1773,山直,2
1774,所窮,2
1775,男兒,2
1776,不再,2
1777,壯百,2
1778,可求,2
1779,守一,2
1780,洲渚,2
1781,人心,2
1782,中鳥,2
1783,時易,2
1784,歌君,2
1785,古猶,2
1786,利害,2
1787,能使,2
1788,心皎,2
1789,皎皎,2
1790,不更,2
1791,沾衣,2
1792,子無,2
1793,去歲,2
1794,禍福,2
1795,堯舜,2
1796,下言,2
1797,引龍,2
1798,葳蕤,2
1799,已自,2
1800,良自,2
1801,到京,2
1802,周行,2
1803,行多,2
1804,議論,2
1805,論無,2
1806,無瑕,2
1807,俟其,2
1808,戎馬,2
1809,煌煌,2
1810,奈此,2
1811,淋漓,2
1812,身上,2
1813,生如,2
1814,置人,2
1815,到君,2
1816,此座,2
1817,座上,2
1818,君詩,2
1819,藹藹,2
1820,雲東,2
1821,詩成,2
1822,成使,2
1823,使之,2
1824,酒味,2
1825,氛氳,2
1826,性情,2
1827,此誠,2
1828,盤饌,2
1829,雖得,2
1830,固無,2
1831,至寶,2
1832,雕琢,2
1833,方今,2
1834,庶以,2
1835,維舟,2
1836,舟山,2
1837,水間,2
1838,宿雲,2
1839,日忽,2
1840,羈旅,2
1841,潺湲,2
1842,浮屠,2
1843,人十,2
1844,上秋,2
1845,照燭,2
1846,南北,2
1847,茲地,2
1848,日輪,2
1849,魚龍,2
1850,龍驚,2
1851,輪囷,2
1852,六合,2
1853,越俗,2
1854,不好,2
1855,古流,2
1856,傳失,2
1857,壯志,2
1858,千年,2
1859,如隔,2
1860,隔晨,2
1861,有棄,2
1862,棄去,2
1863,非吾,2
1864,南海,2
1865,長翮,2
1866,城闉,2
1867,窮崖,2
1868,我令,2
1869,奔波,2
1870,波自,2
1871,離合,2
1872,疑好,2
1873,道所,2
1874,浮游,2
1875,子當,2
1876,當去,2
1877,子道,2
1878,江魚,2
1879,憐子,2
1880,異趣,2
1881,入中,2
1882,中國,2
1883,六百,2
1884,高士,2
1885,吏不,2
1886,耕桑,2
1887,靈師,2
1888,中間,2
1889,軒騰,2
1890,白黑,2
1891,在一,2
1892,一擲,2
1893,迴旋,2
1894,浩汗,2
1895,高唱,2
1896,四座,2
1897,不憚,2
1898,環回,2
1899,勢益,2
1900,仰見,2
1901,生全,2
1902,同行,2
1903,師不,2
1904,不掛,2
1905,詩賦,2
1906,使君,2
1907,開筵,2
1908,不許,2
1909,十月,2
1910,月下,2
1911,員外,2
1912,先自,2
1913,皆眼,2
1914,眼前,2
1915,以此,2
1916,生足,2
1917,悲吒,2
1918,猶嫌,2
1919,江湖,2
1920,勞何,2
1921,人情,2
1922,殊異,2
1923,世路,2
1924,愈下,2
1925,非罪,2
1926,皇都,2
1927,志欲,2
1928,閒暇,2
1929,朝食,2
1930,食不,2
1931,冬衣,2
1932,大樑,2
1933,兩府,2
1934,荒涼,2
1935,時方,2
1936,湖波,2
1937,波翻,2
1938,坼天,2
1939,炎風,2
1940,籲可,2
1941,未慣,2
1942,滌瑕,2
1943,事桑,2
1944,雀鼠,2
1945,酒時,2
1946,便可,2
1947,爾何,2
1948,綠淨,2
1949,人去,2
1950,無幾,2
1951,複論,2
1952,中丞,2
1953,之初,2
1954,勤苦,2
1955,猶在,2
1956,鬥起,2
1957,群行,2
1958,行忘,2
1959,後先,2
1960,堂喜,2
1961,空涼,2
1962,所慕,2
1963,幸逢,2
1964,獨宿,2
1965,不掩,2
1966,屈原,2
1967,遠憶,2
1968,賈誼,2
1969,誰令,2
1970,事苦,2
1971,大廈,2
1972,嶺猿,2
1973,猿鳴,2
1974,睒睒,2
1975,與讓,2
1976,水北,2
1977,無歸,2
1978,然大,2
1979,口極,2
1980,涵泳,2
1981,怒不,2
1982,飛廉,2
1983,清晏,2
1984,泓澄,2
1985,凝綠,2
1986,忽蕩,2
1987,近岸,2
1988,憐我,2
1989,我竄,2
1990,杯行,2
1991,才不,2
1992,不擇,2
1993,觸事,2
1994,無妄,2
1995,公卿,2
1996,識天,2
1997,天仗,2
1998,懼失,2
1999,南渡,2
2000,入高,2
2001,高浪,2
2002,可喜,2
2003,懲創,2
2004,粗識,2
2005,四門,2
2006,有僧,2
2007,僧來,2
2008,根源,2
2009,送行,2
2010,未得,2
2011,清越,2
2012,上論,2
2013,開迷,2
2014,風塵,2
2015,塵一,2
2016,時日,2
2017,多如,2
2018,坐深,2
2019,征租,2
2020,不比,2
2021,門戶,2
2022,來過,2
2023,今聖,2
2024,恩澤,2
2025,幽都,2
2026,還相,2
2027,報我,2
2028,始識,2
2029,後分,2
2030,道途,2
2031,古劍,2
2032,耳驚,2
2033,竦竦,2
2034,引袖,2
2035,天星,2
2036,金神,2
2037,石劍,2
2038,劍攢,2
2039,險疑,2
2040,吏人,2
2041,點綴,2
2042,映波,2
2043,瑚璉,2
2044,方當,2
2045,動朝,2
2046,晤語,2
2047,勿憚,2
2048,詩三,2
2049,東都,2
2050,派別,2
2051,百川,2
2052,能者,2
2053,後來,2
2054,各臻,2
2055,妥帖,2
2056,榮華,2
2057,眸子,2
2058,五十,2
2059,甘旨,2
2060,知者,2
2061,日登,2
2062,廟堂,2
2063,與張,2
2064,迭嗟,2
2065,吹噓,2
2066,風破,2
2067,路日,2
2068,日夜,2
2069,數君,2
2070,如以,2
2071,至死,2
2072,死無,2
2073,地遐,2
2074,誠自,2
2075,來還,2
2076,眠聽,2
2077,豔豔,2
2078,鉛槧,2
2079,呼奴,2
2080,生但,2
2081,但如,2
2082,州之,2
2083,汝不,2
2084,不顧,2
2085,湯湯,2
2086,我衣,2
2087,齷齪,2
2088,渴飲,2
2089,一束,2
2090,當大,2
2091,矜無,2
2092,入市,2
2093,為留,2
2094,玉山,2
2095,世不,2
2096,言天,2
2097,使人,2
2098,能必,2
2099,必見,2
2100,孰雲,2
2101,時與,2
2102,敢言,2
2103,言低,2
2104,低徊,2
2105,頭人,2
2106,寄詩,2
2107,志兮,2
2108,不我,2
2109,百萬,2
2110,之豈,2
2111,與世,2
2112,人雖,2
2113,書上,2
2114,相期,2
2115,水出,2
2116,遙遙,2
2117,能休,2
2118,祿不,2
2119,門外,2
2120,朝出,2
2121,讀古,2
2122,起居,2
2123,母不,2
2124,求食,2
2125,其兒,2
2126,啄啄,2
2127,庭中,2
2128,不食,2
2129,誰將,2
2130,與儔,2
2131,時之,2
2132,君之,2
2133,何心,2
2134,光輝,2
2135,念此,2
2136,夜中,2
2137,歸我,2
2138,乃獨,2
2139,如雷,2
2140,留後,2
2141,諸侯,2
2142,尺不,2
2143,士何,2
2144,者為,2
2145,大夫,2
2146,佩之,2
2147,持用,2
2148,如冰,2
2149,雪不,2
2150,黃泉,2
2151,大賢,2
2152,報國,2
2153,皎潔,2
2154,君豈,2
2155,山石,2
2156,堂坐,2
2157,葉大,2
2158,言古,2
2159,來照,2
2160,夜深,2
2161,靜臥,2
2162,百蟲,2
2163,出嶺,2
2164,光入,2
2165,道路,2
2166,路出,2
2167,高下,2
2168,山紅,2
2169,為人,2
2170,老不,2
2171,牢落,2
2172,正當,2
2173,冬寒,2
2174,寒未,2
2175,上宰,2
2176,公今,2
2177,此去,2
2178,歸何,2
2179,交流,2
2180,郡城,2
2181,平如,2
2182,短垣,2
2183,未見,2
2184,結束,2
2185,霹靂,2
2186,散漫,2
2187,揮霍,2
2188,壯士,2
2189,兩相,2
2190,閒人,2
2191,鳴且,2
2192,北歸,2
2193,地闊,2
2194,毛羽,2
2195,摧落,2
2196,身不,2
2197,裴回,2
2198,龍移,2
2199,雷驚,2
2200,電激,2
2201,清泉,2
2202,泉百,2
2203,百丈,2
2204,可悲,2
2205,火燒,2
2206,惜不,2
2207,不發,2
2208,者多,2
2209,起百,2
2210,百餘,2
2211,酒相,2
2212,逢十,2
2213,為壯,2
2214,壯夫,2
2215,相當,2
2216,賢俊,2
2217,君何,2
2218,遑遑,2
2219,君莫,2
2220,萬事,2
2221,有無,2
2222,桃源,2
2223,流水,2
2224,盤回,2
2225,山百,2
2226,數幅,2
2227,武陵,2
2228,好事,2
2229,遠寄,2
2230,宮下,2
2231,文辭,2
2232,恍惚,2
2233,於斯,2
2234,連牆,2
2235,處處,2
2236,開花,2
2237,近遠,2
2238,初來,2
2239,來猶,2
2240,久此,2
2241,聽終,2
2242,淒然,2
2243,然自,2
2244,自說,2
2245,幾許,2
2246,持酒,2
2247,數不,2
2248,間有,2
2249,依然,2
2250,為情,2
2251,世俗,2
2252,寧知,2
2253,至今,2
2254,人東,2
2255,兮牛,2
2256,獨抱,2
2257,賢良,2
2258,開明,2
2259,明光,2
2260,書自,2
2261,坐令,2
2262,懸流,2
2263,吾党,2
2264,溫水,2
2265,鞭馬,2
2266,馬出,2
2267,出都,2
2268,門盡,2
2269,日行,2
2270,荊棘,2
2271,微茫,2
2272,縱有,2
2273,有魚,2
2274,可期,2
2275,忽有,2
2276,是日,2
2277,韓子,2
2278,歎息,2
2279,相看,2
2280,今行,2
2281,行事,2
2282,正好,2
2283,一名,2
2284,得紅,2
2285,間事,2
2286,苦終,2
2287,終何,2
2288,便當,2
2289,提攜,2
2290,子南,2
2291,君今,2
2292,君欲,2
2293,欲釣,2
2294,釣魚,2
2295,遠去,2
2296,豈肯,2
2297,太華,2
2298,路難,2
2299,天無,2
2300,一杯,2
2301,相屬,2
2302,君當,2
2303,當歌,2
2304,君歌,2
2305,淚如,2
2306,默默,2
2307,海氣,2
2308,腥臊,2
2309,家抑,2
2310,同時,2
2311,時輩,2
2312,追攀,2
2313,聽我,2
2314,與君,2
2315,一年,2
2316,月今,2
2317,非由,2
2318,明何,2
2319,心默,2
2320,正直,2
2321,突兀,2
2322,紫蓋,2
2323,一徑,2
2324,光彩,2
2325,鬼物,2
2326,青紅,2
2327,升階,2
2328,難同,2
2329,衣食,2
2330,長終,2
2331,為功,2
2332,佛寺,2
2333,上高,2
2334,映雲,2
2335,動不,2
2336,寒日,2
2337,日生,2
2338,形模,2
2339,科鬥,2
2340,處有,2
2341,君不,2
2342,乘時,2
2343,自將,2
2344,懍懍,2
2345,狐鳴,2
2346,詔書,2
2347,然白,2
2348,堆金,2
2349,金盤,2
2350,元臣,2
2351,公誰,2
2352,可歎,2
2353,文如,2
2354,明堂,2
2355,嗟可,2
2356,天日,2
2357,瘴癘,2
2358,未曾,2
2359,鳴喚,2
2360,令人,2
2361,飛夜,2
2362,難憑,2
2363,情可,2
2364,可勝,2
2365,既往,2
2366,外有,2
2367,暫開,2
2368,是吾,2
2369,花不,2
2370,見桃,2
2371,濤翻,2
2372,何似,2
2373,金烏,2
2374,海底,2
2375,飛來,2
2376,青霞,2
2377,亂眼,2
2378,看不,2
2379,未到,2
2380,今四,2
2381,四十,2
2382,後日,2
2383,誰論,2
2384,攜一,2
2385,就醉,2
2386,醉不,2
2387,古寺,2
2388,流竄,2
2389,見草,2
2390,陽氣,2
2391,長有,2
2392,深谷,2
2393,此樹,2
2394,樹一,2
2395,在京,2
2396,萬片,2
2397,明年,2
2398,更好,2
2399,莫忘,2
2400,在何,2
2401,處東,2
2402,雜花,2
2403,取醉,2
2404,生長,2
2405,長恨,2
2406,天平,2
2407,蓋地,2
2408,留不,2
2409,如秋,2
2410,冽摧,2
2411,離騷,2
2412,言語,2
2413,非癡,2
2414,四目,2
2415,馬上,2
2416,發禿,2
2417,江頭,2
2418,人長,2
2419,精神,2
2420,無處,2
2421,埃塵,2
2422,誰相,2
2423,相親,2
2424,得死,2
2425,花初,2
2426,初發,2
2427,歸不,2
2428,千株,2
2429,與梨,2
2430,紛落,2
2431,不共,2
2432,新妝,2
2433,端正,2
2434,今已,2
2435,寸步,2
2436,庭看,2
2437,一處,2
2438,言生,2
2439,追隨,2
2440,南荒,2
2441,儘是,2
2442,陛下,2
2443,倒誰,2
2444,食日,2
2445,日還,2
2446,然憂,2
2447,天性,2
2448,見人,2
2449,放縱,2
2450,相就,2
2451,有月,2
2452,莫愁,2
2453,初吹,2
2454,光照,2
2455,金罍,2
2456,長松,2
2457,自期,2
2458,數日,2
2459,落不,2
2460,昔從,2
2461,驛馬,2
2462,歸日,2
2463,天涯,2
2464,難哉,2
2465,哉無,2
2466,散百,2
2467,嵩山,2
2468,伊洛,2
2469,不假,2
2470,可繼,2
2471,貧賤,2
2472,來獨,2
2473,我意,2
2474,掃地,2
2475,童兒,2
2476,飆吹,2
2477,贈子,2
2478,宮官,2
2479,穰穰,2
2480,月初,2
2481,飄飄,2
2482,偃蹇,2
2483,笳鼓,2
2484,鼓咽,2
2485,備無,2
2486,無贏,2
2487,友生,2
2488,行正,2
2489,正值,2
2490,紅葉,2
2491,炎官,2
2492,然雲,2
2493,處所,2
2494,鄉思,2
2495,得今,2
2496,懷抱,2
2497,年少,2
2498,忙時,2
2499,身無,2
2500,誰家,2
2501,家多,2
2502,須知,2
2503,圭角,2
2504,外來,2
2505,為百,2
2506,心轉,2
2507,爭名,2
2508,欲保,2
2509,封疆,2
2510,官敢,2
2511,一發,2
2512,無益,2
2513,似黃,2
2514,拔擢,2
2515,杞梓,2
2516,朝菌,2
2517,紛拏,2
2518,豈比,2
2519,菊花,2
2520,摵摵,2
2521,泯泯,2
2522,象犀,2
2523,分散,2
2524,遷于,2
2525,我念,2
2526,前人,2
2527,不辱,2
2528,來京,2
2529,道不,2
2530,能自,2
2531,巍巍,2
2532,佩服,2
2533,衣淚,2
2534,朝暮,2
2535,時若,2
2536,我當,2
2537,當為,2
2538,為子,2
2539,子言,2
2540,其口,2
2541,聲已,2
2542,聲相,2
2543,嗟汝,2
2544,獨不,2
2545,有客,2
2546,從者,2
2547,者語,2
2548,語我,2
2549,欲不,2
2550,堙其,2
2551,窅窅,2
2552,與為,2
2553,波瀾,2
2554,開口,2
2555,不勇,2
2556,其如,2
2557,汝無,2
2558,不有,2
2559,一雙,2
2560,雙魚,2
2561,與誰,2
2562,中居,2
2563,短不,2
2564,出水,2
2565,不下,2
2566,子在,2
2567,天女,2
2568,主下,2
2569,下人,2
2570,人與,2
2571,乃令,2
2572,何罪,2
2573,旬日,2
2574,地祇,2
2575,呼大,2
2576,門問,2
2577,人由,2
2578,孰能,2
2579,誰憐,2
2580,舉族,2
2581,鴟梟,2
2582,蝮蛇,2
2583,腸與,2
2584,未還,2
2585,頭受,2
2586,之言,2
2587,拜謝,2
2588,軒軒,2
2589,猿水,2
2590,龜魚,2
2591,五山,2
2592,熙熙,2
2593,笑語,2
2594,雷公,2
2595,山海,2
2596,水翻,2
2597,君臣,2
2598,相憐,2
2599,天闕,2
2600,九河,2
2601,古所,2
2602,所存,2
2603,出真,2
2604,宰山,2
2605,松桂,2
2606,孤斟,2
2607,雲日,2
2608,自守,2
2609,難任,2
2610,縞帶,2
2611,兼金,2
2612,日日,2
2613,奪春,2
2614,並出,2
2615,忽無,2
2616,飄吹,2
2617,淚何,2
2618,可攜,2
2619,棄置,2
2620,年落,2
2621,今年,2
2622,餘存,2
2623,豁可,2
2624,意與,2
2625,比今,2
2626,言齒,2
2627,齒之,2
2628,長短,2
2629,俱死,2
2630,右驚,2
2631,雲水,2
2632,詩持,2
2633,白髮,2
2634,晨興,2
2635,固不,2
2636,遂令,2
2637,萌牙,2
2638,飆攪,2
2639,炎帝,2
2640,如刀,2
2641,知已,2
2642,不存,2
2643,不在,2
2644,其餘,2
2645,稱最,2
2646,五藏,2
2647,中宵,2
2648,無辜,2
2649,下顧,2
2650,顧瞻,2
2651,前簷,2
2652,蘭蕙,2
2653,旌麾,2
2654,赤龍,2
2655,又雲,2
2656,幾重,2
2657,捧贈,2
2658,贈同,2
2659,塤篪,2
2660,時相,2
2661,赤縣,2
2662,博士,2
2663,間我,2
2664,隔牆,2
2665,眾口,2
2666,頓乖,2
2667,乖張,2
2668,嬌兒,2
2669,趨走,2
2670,閉口,2
2671,人吏,2
2672,又言,2
2673,腸肚,2
2674,當自,2
2675,音問,2
2676,覿清,2
2677,昔初,2
2678,詎幾,2
2679,君顏,2
2680,可憎,2
2681,中相,2
2682,學省,2
2683,桃花,2
2684,沈冥,2
2685,一已,2
2686,司徒,2
2687,徒公,2
2688,儒冠,2
2689,言事,2
2690,事上,2
2691,歲老,2
2692,作雲,2
2693,別袖,2
2694,洛水,2
2695,送君,2
2696,如遇,2
2697,策馬,2
2698,不掃,2
2699,寄書,2
2700,來曾,2
2701,曾幾,2
2702,舊遊,2
2703,欲辭,2
2704,來鳥,2
2705,昏不,2
2706,有來,2
2707,共紛,2
2708,紛披,2
2709,朝昏,2
2710,群公,2
2711,四面,2
2712,敬我,2
2713,如籠,2
2714,為詩,2
2715,辛夷,2
2716,高花,2
2717,到死,2
2718,還有,2
2719,陽東,2
2720,鎖不,2
2721,莫與,2
2722,可耕,2
2723,戰馬,2
2724,將死,2
2725,來朝,2
2726,未省,2
2727,笑言,2
2728,風骨,2
2729,輝輝,2
2730,輝燭,2
2731,日薄,2
2732,薄暮,2
2733,來亦,2
2734,事賢,2
2735,聲自,2
2736,薄不,2
2737,出聲,2
2738,忝縣,2
2739,縣尹,2
2740,妻兒,2
2741,能充,2
2742,公作,2
2743,勉哉,2
2744,山重,2
2745,時到,2
2746,我出,2
2747,雲有,2
2748,跡絕,2
2749,一世,2
2750,世間,2
2751,風雲,2
2752,惟彼,2
2753,固是,2
2754,入楚,2
2755,鴻雁,2
2756,蒹葭,2
2757,當返,2
2758,婉娩,2
2759,在此,2
2760,息偃,2
2761,昔年,2
2762,野不,2
2763,頭有,2
2764,身為,2
2765,為龍,2
2766,逐東,2
2767,梨花,2
2768,若矜,2
2769,矜誇,2
2770,旁有,2
2771,繞百,2
2772,百匝,2
2773,正見,2
2774,芳意,2
2775,當春,2
2776,奢華,2
2777,作此,2
2778,玉皇,2
2779,羅列,2
2780,未肯,2
2781,清寒,2
2782,思慮,2
2783,石間,2
2784,間萬,2
2785,野馬,2
2786,就平,2
2787,傷根,2
2788,以至,2
2789,山來,2
2790,有求,2
2791,罘歸,2
2792,罘別,2
2793,我自,2
2794,所不,2
2795,何異,2
2796,不遠,2
2797,饑渴,2
2798,老無,2
2799,一紀,2
2800,耳水,2
2801,下士,2
2802,水南,2
2803,高兩,2
2804,口論,2
2805,近來,2
2806,虛空,2
2807,耒耜,2
2808,在陳,2
2809,陳力,2
2810,忠孝,2
2811,須來,2
2812,忽此,2
2813,何俟,2
2814,遣長,2
2815,況又,2
2816,又時,2
2817,都邑,2
2818,敢窺,2
2819,謝不,2
2820,偶逢,2
2821,從事,2
2822,穿朝,2
2823,綠槐,2
2824,以當,2
2825,小生,2
2826,月不,2
2827,其奈,2
2828,尋常,2
2829,雖然,2
2830,其友,2
2831,此詩,2
2832,不過,2
2833,七八,2
2834,雖巧,2
2835,長令,2
2836,蛙黽,2
2837,狼藉,2
2838,大不,2
2839,首不,2
2840,鯨鵬,2
2841,菡萏,2
2842,能無,2
2843,始見,2
2844,陽春,2
2845,遂來,2
2846,金帛,2
2847,去雪,2
2848,張生,2
2849,朝賀,2
2850,相磨,2
2851,無差,2
2852,深豈,2
2853,蛟鼉,2
2854,掎摭,2
2855,酒如,2
2856,太廟,2
2857,太學,2
2858,諸生,2
2859,坐見,2
2860,國來,2
2861,埋沒,2
2862,六年,2
2863,吟哦,2
2864,罷無,2
2865,收拾,2
2866,丘軻,2
2867,能以,2
2868,願借,2
2869,海外,2
2870,中州,2
2871,州一,2
2872,一鳥,2
2873,得相,2
2874,千秋,2
2875,逢百,2
2876,留草,2
2877,微物,2
2878,愁不,2
2879,公不,2
2880,為公,2
2881,食千,2
2882,千頭,2
2883,秋更,2
2884,呀豁,2
2885,日懸,2
2886,此外,2
2887,更數,2
2888,虞翻,2
2889,命存,2
2890,百無,2
2891,倘可,2
2892,子共,2
2893,若攢,2
2894,環環,2
2895,在其,2
2896,地敢,2
2897,吾其,2
2898,死茅,2
2899,浮雲,2
2900,雲柳,2
2901,柳絮,2
2902,鳥群,2
2903,忽見,2
2904,見孤,2
2905,可上,2
2906,起坐,2
2907,無以,2
2908,我腸,2
2909,以能,2
2910,取高,2
2911,恩不,2
2912,不即,2
2913,坐食,2
2914,孤豚,2
2915,貴豈,2
2916,一門,2
2917,直言,2
2918,日親,2
2919,金紫,2
2920,唐虞,2
2921,知之,2
2922,吾老,2
2923,餘事,2
2924,眼有,2
2925,門限,2
2926,其無,2
2927,上馬,2
2928,手版,2
2929,食使,2
2930,迎我,2
2931,將詩,2
2932,高蹇,2
2933,有人,2
2934,親戚,2
2935,更誰,2
2936,萬丈,2
2937,那用,2
2938,大樹,2
2939,自量,2
2940,其後,2
2941,夜夢,2
2942,長吟,2
2943,落人,2
2944,百怪,2
2945,不著,2
2946,晴天,2
2947,沖風,2
2948,馬頭,2
2949,方口,2
2950,之計,2
2951,眇芒,2
2952,門長,2
2953,三日,2
2954,送歸,2
2955,進退,2
2956,朝行,2
2957,晝睡,2
2958,一封,2
2959,昏昏,2
2960,相值,2
2961,奇術,2
2962,北窗,2
2963,金石,2
2964,文百,2
2965,吾欲,2
2966,牛羊,2
2967,田野,2
2968,空杠,2
2969,斟酌,2
2970,四壁,2
2971,有形,2
2972,將歸,2
2973,角逐,2
2974,君乃,2
2975,愚蠢,2
2976,無言,2
2977,億萬,2
2978,抱所,2
2979,未及,2
2980,初不,2
2981,侍郎,2
2982,郎歸,2
2983,佳句,2
2984,不論,2
2985,老翁,2
2986,來人,2
2987,知安,2
2988,爪牙,2
2989,汝頭,2
2990,泥溝,2
2991,來漢,2
2992,宦途,2
2993,差池,2
2994,華不,2
2995,相報,2
2996,放我,2
2997,涕垂,2
2998,存者,2
2999,迢遞,2
3000,水隔,2
3001,長女,2
3002,十九,2
3003,兩眼,2
3004,燕席,2
3005,過半,2
3006,觀名,2
3007,非無,2
3008,有雙,2
3009,雕鐫,2
3010,能爭,2
3011,野草,2
3012,草花,2
3013,花葉,2
3014,細不,2
3015,覆載,2
3016,萬木,2
3017,風月,2
3018,是何,2
3019,川子,2
3020,自保,2
3021,是蝦,2
3022,兩目,2
3023,何故,2
3024,大水,2
3025,萬國,2
3026,地行,2
3027,行賤,2
3028,通丁,2
3029,漏泄,2
3030,月蝕,2
3031,安用,2
3032,天河,2
3033,於汝,2
3034,頭汝,2
3035,汝口,2
3036,惡物,2
3037,眼鏡,2
3038,淨無,2
3039,太陽,2
3040,陽有,2
3041,臣知,2
3042,雖無,2
3043,有氣,2
3044,安行,2
3045,眾罪,2
3046,江海,2
3047,古心,2
3048,百首,2
3049,九重,2
3050,蕩相,2
3051,相射,2
3052,桑榆,2
3053,性競,2
3054,采蘭,2
3055,兩地,2
3056,求觀,2
3057,觀眾,2
3058,子其,2
3059,有鳥,2
3060,安然,2
3061,造作,2
3062,意欲,2
3063,僥倖,2
3064,得已,2
3065,十六,2
3066,寒饑,2
3067,潁水,2
3068,聲暫,2
3069,來非,2
3070,長檠,2
3071,尺空,2
3072,短檠,2
3073,風露,2
3074,儒生,2
3075,辭家,2
3076,到曉,2
3077,那能,2
3078,珠翠,2
3079,中休,2
3080,城去,2
3081,去京,2
3082,念汝,2
3083,欲別,2
3084,座中,2
3085,親故,2
3086,汝將,2
3087,年名,2
3088,不謂,2
3089,裏閭,2
3090,日同,2
3091,亦可,2
3092,聖朝,2
3093,佳節,2
3094,寧止,2
3095,叫相,2
3096,瓦礫,2
3097,遭逢,2
3098,饑來,2
3099,來傍,2
3100,豎子,2
3101,不易,2
3102,泥坑,2
3103,街東,2
3104,女兒,2
3105,歸仙,2
3106,紅頰,2
3107,塞路,2
3108,知道,2
3109,道來,2
3110,腳不,2
3111,丁寧,2
3112,牙舌,2
3113,蟲魚,2
3114,定非,2
3115,安不,2
3116,池水,2
3117,觀之,2
3118,不觀,2
3119,意不,2
3120,諸人,2
3121,時君,2
3122,複一,2
3123,我抱,2
3124,生成,2
3125,鳩鳴,2
3126,既遠,2
3127,將經,2
3128,六旬,2
3129,惡不,2
3130,而知,2
3131,嶺南,2
3132,道苦,2
3133,海無,2
3134,颶風,2
3135,風有,2
3136,明時,2
3137,來事,2
3138,瓶罌,2
3139,官在,2
3140,在朝,2
3141,家不,2
3142,有之,2
3143,敢不,2
3144,子兮,2
3145,同無,2
3146,自媚,2
3147,林伯,2
3148,文武,2
3149,波無,2
3150,難我,2
3151,且何,2
3152,吾未,2
3153,已三,2
3154,情所,2
3155,藥物,2
3156,形神,2
3157,不多,2
3158,多思,2
3159,不學,2
3160,未宜,2
3161,水石,2
3162,門雖,2
3163,雲高,2
3164,罪不,2
3165,自生,2
3166,口眼,2
3167,自宜,2
3168,其去,2
3169,尚不,2
3170,我罪,2
3171,情不,2
3172,又以,2
3173,昏水,2
3174,高處,2
3175,處水,2
3176,屋不,2
3177,舟入,2
3178,仰視,2
3179,北斗,2
3180,所歸,2
3181,屈曲,2
3182,林間,2
3183,間無,2
3184,拙謀,2
3185,路何,2
3186,校雖,2
3187,高意,2
3188,不離,2
3189,眠不,2
3190,聞報,2
3191,當鼎,2
3192,稍稍,2
3193,深未,2
3194,君先,2
3195,詩與,2
3196,春意,2
3197,頭笑,2
3198,奚為,2
3199,今子,2
3200,亦有,2
3201,來已,2
3202,半百,2
3203,無多,2
3204,思故,2
3205,言臣,2
3206,可收,2
3207,寄相,2
3208,山有,2
3209,有高,2
3210,高樹,2
3211,何山,2
3212,其私,2
3213,枝葉,2
3214,汝去,2
3215,匹儕,2
3216,熊豹,2
3217,正晝,2
3218,知所,2
3219,不辭,2
3220,當結,2
3221,結以,2
3222,人誰,2
3223,閣切,2
3224,切星,2
3225,淮泗,2
3226,波平,2
3227,地空,2
3228,高三,2
3229,本何,2
3230,言澄,2
3231,客何,2
3232,詩人,2
3233,吟詩,2
3234,詩句,2
3235,來訪,2
3236,使前,2
3237,初到,2
3238,從容,2
3239,豈為,2
3240,隔絕,2
3241,偶坐,2
3242,樹下,2
3243,寥寥,2
3244,自無,2
3245,九衢,2
3246,百花,2
3247,柳枝,2
3248,人金,2
3249,戟心,2
3250,莫一,2
3251,老大,2
3252,天街,2
3253,不薄,2
3254,寂寥,2
3255,子歸,2
3256,歸騎,2
3257,晴雲,2
3258,詩文,2
3259,紅雲,2
3260,來看,2
3261,問言,2
3262,花裏,2
3263,終日,2
3264,神官,2
3265,人共,2
3266,一人,2
3267,前對,2
3268,壯非,2
3269,非少,2
3270,坐臥,2
3271,語一,2
3272,我以,2
3273,顏不,2
3274,清雨,2
3275,雨不,2
3276,淒淒,2
3277,籍朝,2
3278,文才,2
3279,收身,2
3280,峨峨,2
3281,水蒼,2
3282,其聲,2
3283,得時,2
3284,鳴有,2
3285,萬萬,2
3286,兒可,2
3287,狡獪,2
3288,睥睨,2
3289,不修,2
3290,此屋,2
3291,為華,2
3292,春華,2
3293,夏陰,2
3294,西偏,2
3295,來無,2
3296,無非,2
3297,食罷,2
3298,亦無,2
3299,我常,2
3300,常坐,2
3301,日在,2
3302,上不,2
3303,無日,2
3304,月來,2
3305,權門,2
3306,無涯,2
3307,今夕,2
3308,寒露,2
3309,對南,2
3310,來應,2
3311,須歸,2
3312,軒乍,2
3313,類天,2
3314,岩洞,2
3315,日一,2
3316,只見,2
3317,見有,2
3318,作前,2
3319,作新,2
3320,侯家,2
3321,台閣,2
3322,龍魚,2
3323,事隨,2
3324,梢梢,2
3325,晚自,2
3326,驚見,2
3327,留我,2
3328,歸此,2
3329,幸有,2
3330,時有,2
3331,溪流,2
3332,乍可,2
3333,一半,2
3334,細得,2
3335,獲饒,2
3336,無心,2
3337,心思,2
3338,嶺北,2
3339,鳥莫,2
3340,纖纖,2
3341,莫令,2
3342,空看,2
3343,空聞,2
3344,無期,2
3345,此生,2
3346,未覺,2
3347,已分,2
3348,照曜,2
3349,紅豔,2
3350,聞道,2
3351,千樹,2
3352,醉如,2
3353,逐吹,2
3354,獻歲,2
3355,願得,2
3356,詎相,2
3357,正月,2
3358,自同,2
3359,初成,2
3360,今始,2
3361,行人,2
3362,聞說,2
3363,國新,2
3364,台室,2
3365,長河,2
3366,池邊,2
3367,花樹,2
3368,水上,2
3369,郡樓,2
3370,處望,2
3371,右掖,2
3372,可猜,2
3373,片片,2
3374,皚皚,2
3375,隨車,2
3376,松篁,2
3377,與酒,2
3378,別長,2
3379,直到,2
3380,到新,2
3381,生何,2
3382,戎旆,2
3383,暫停,2
3384,玉佩,2
3385,風光,2
3386,風送,2
3387,歸柳,2
3388,柳花,2
3389,漠漠,2
3390,春色,2
3391,故穿,2
3392,幸自,2
3393,隱約,2
3394,莫道,2
3395,知名,2
3396,伴侶,2
3397,煩鳴,2
3398,且待,2
3399,驚恐,2
3400,知花,2
3401,條系,2
3402,池上,2
3403,能回,2
3404,色將,2
3405,複非,2
3406,盡相,2
3407,方橋,2
3408,不久,2
3409,久歸,2
3410,百般,2
3411,飛已,2
3412,青羅,2
3413,尋根,2
3414,多情,2
3415,青草,2
3416,岸草,2
3417,蚯蚓,2
3418,鼓聲,2
3419,暫出,2
3420,下見,2
3421,只有,2
3422,日閑,2
3423,把酒,2
3424,定知,2
3425,知難,2
3426,須著,2
3427,著人,2
3428,綺陌,2
3429,柳色,2
3430,詠白,2
3431,白蘋,2
3432,早晚,2
3433,不屬,2
3434,半不,2
3435,秋天,2
3436,遍青,2
3437,詎能,2
3438,老樹,2
3439,詩酒,2
3440,逐遠,2
3441,萌芽,2
3442,慰我,2
3443,君王,2
3444,不難,2
3445,公平,2
3446,平賊,2
3447,不暖,2
3448,歸台,2
3449,迎候,2
3450,騎火,2
3451,煙火,2
3452,破賊,2
3453,家人,2
3454,遠來,2
3455,荒山,2
3456,雪寒,2
3457,征衣,2
3458,憑高,2
3459,潼關,2
3460,重疊,2
3461,元功,2
3462,貴相,2
3463,鵷鷺,2
3464,入禁,2
3465,來風,2
3466,有誰,2
3467,那堪,2
3468,江山,2
3469,山多,2
3470,路八,2
3471,八千,2
3472,潮陽,2
3473,後自,2
3474,落日,2
3475,道無,2
3476,江上,2
3477,病身,2
3478,絲綸,2
3479,未銷,2
3480,身已,2
3481,已病,2
3482,酒誰,2
3483,家逐,2
3484,鼓晨,2
3485,起似,2
3486,卻無,2
3487,到江,2
3488,林園,2
3489,暫閑,2
3490,理不,2
3491,非公,2
3492,騎春,2
3493,春衫,2
3494,寥廓,2
3495,天鵬,2
3496,年十,2
3497,子桑,2
3498,子輿,2
3499,我鱗,2
3500,將辭,2
3501,還作,2
3502,感恩,2
3503,景明,2
3504,丈人,2
3505,春酒,2
3506,壯氣,2
3507,雲闕,2
3508,咽絕,2
3509,益倍,2
3510,鏡面,2
3511,皺眉,2
3512,翻海,2
3513,乍如,2
3514,雖令,2
3515,難可,2
3516,喉中,2
3517,辭酒,2
3518,有歡,2
3519,豈是,2
3520,君教,2
3521,朝鼓,2
3522,暗浪,2
3523,客子,2
3524,得暫,2
3525,意彌,2
3526,言多,2
3527,愈吟,2
3528,忽爾,2
3529,愈雪,2
3530,郊馳,2
3531,郊我,2
3532,郊君,2
3533,余何,2
3534,郊龍,2
3535,雲韶,2
3536,愈大,2
3537,高行,2
3538,嘉願,2
3539,郊微,2
3540,酒醪,2
3541,菅蒯,2
3542,愈此,2
3543,愈簷,2
3544,坱圠,2
3545,颼飀,2
3546,沛孟,2
3547,愈懷,2
3548,郊毛,2
3549,愈戰,2
3550,無已,2
3551,雷鼓,2
3552,瘡痍,2
3553,夷凶,2
3554,知相,2
3555,郊氣,2
3556,洪爐,2
3557,頗似,1
3558,似楚,1
3559,楚漢,1
3560,覆無,1
3561,定止,1
3562,止朝,1
3563,過博,1
3564,博浪,1
3565,浪沙,1
3566,沙暮,1
3567,暮入,1
3568,淮陰,1
3569,陰市,1
3570,市目,1
3571,目掩,1
3572,掩掩,1
3573,掩兮,1
3574,明雨,1
3575,承緒,1
3576,緒敢,1
3577,處人,1
3578,悲父,1
3579,悲蘭,1
3580,守秋,1
3581,乎歸,1
3582,乎無,1
3583,求有,1
3584,日安,1
3585,飛孔,1
3586,之趙,1
3587,趙聞,1
3588,聞殺,1
3589,犢作,1
3590,作趙,1
3591,趙殺,1
3592,犢孔,1
3593,子臨,1
3594,臨河,1
3595,河歎,1
3596,歎而,1
3597,歌曰,1
3598,曰秋,1
3599,兮風,1
3600,風揚,1
3601,揚波,1
3602,波舟,1
3603,楫顛,1
3604,倒更,1
3605,相加,1
3606,加歸,1
3607,來歸,1
3608,來胡,1
3609,為斯,1
3610,斯秋,1
3611,兮歸,1
3612,求孔,1
3613,子傷,1
3614,傷不,1
3615,逢時,1
3616,雲習,1
3617,習習,1
3618,習谷,1
3619,谷風,1
3620,風以,1
3621,以陰,1
3622,陰以,1
3623,以雨,1
3624,子於,1
3625,於歸,1
3626,歸遠,1
3627,遠送,1
3628,於野,1
3629,野何,1
3630,何彼,1
3631,彼蒼,1
3632,蒼天,1
3633,其所,1
3634,所逍,1
3635,遙九,1
3636,州無,1
3637,無有,1
3638,有定,1
3639,處世,1
3640,世人,1
3641,暗蔽,1
3642,蔽不,1
3643,知賢,1
3644,賢者,1
3645,者年,1
3646,年紀,1
3647,紀逝,1
3648,逝邁,1
3649,邁一,1
3650,老蘭,1
3651,守孔,1
3652,子以,1
3653,以季,1
3654,季桓,1
3655,桓子,1
3656,子受,1
3657,受齊,1
3658,齊女,1
3659,女樂,1
3660,樂諫,1
3661,諫不,1
3662,從望,1
3663,望龜,1
3664,作龜,1
3665,在太,1
3666,山博,1
3667,博縣,1
3668,縣古,1
3669,雲予,1
3670,予欲,1
3671,欲望,1
3672,望魯,1
3673,魯兮,1
3674,兮龜,1
3675,山蔽,1
3676,蔽之,1
3677,之手,1
3678,無斧,1
3679,斧柯,1
3680,柯奈,1
3681,奈龜,1
3682,山何,1
3683,何龜,1
3684,之氛,1
3685,氛兮,1
3686,能雲,1
3687,雲雨,1
3688,雨龜,1
3689,之枿,1
3690,枿兮,1
3691,中樑,1
3692,樑柱,1
3693,柱龜,1
3694,大兮,1
3695,兮祗,1
3696,祗以,1
3697,以奄,1
3698,奄魯,1
3699,魯知,1
3700,知將,1
3701,將隳,1
3702,隳兮,1
3703,兮哀,1
3704,哀莫,1
3705,莫余,1
3706,余伍,1
3707,伍周,1
3708,公有,1
3709,鬼兮,1
3710,兮嗟,1
3711,餘歸,1
3712,歸輔,1
3713,輔雨,1
3714,下厥,1
3715,厥臨,1
3716,臨孔,1
3717,孔威,1
3718,威敢,1
3719,敢戲,1
3720,戲以,1
3721,以侮,1
3722,侮孰,1
3723,孰荒,1
3724,荒於,1
3725,於門,1
3726,門孰,1
3727,孰治,1
3728,治于,1
3729,于田,1
3730,田四,1
3731,海既,1
3732,既均,1
3733,均越,1
3734,越裳,1
3735,裳是,1
3736,是臣,1
3737,臣文,1
3738,文王,1
3739,王羑,1
3740,羑裏,1
3741,裏作,1
3742,雲殷,1
3743,殷道,1
3744,道溷,1
3745,溷溷,1
3746,溷浸,1
3747,浸濁,1
3748,濁煩,1
3749,煩兮,1
3750,兮朱,1
3751,相合,1
3752,不別,1
3753,別分,1
3754,分兮,1
3755,兮迷,1
3756,迷亂,1
3757,亂聲,1
3758,聲色,1
3759,色信,1
3760,兮炎,1
3761,炎炎,1
3762,炎之,1
3763,之虐,1
3764,虐使,1
3765,我愆,1
3766,愆兮,1
3767,兮幽,1
3768,幽閉,1
3769,閉牢,1
3770,牢阱,1
3771,阱由,1
3772,由其,1
3773,兮遘,1
3774,遘我,1
3775,我四,1
3776,四人,1
3777,人憂,1
3778,憂勤,1
3779,勤兮,1
3780,兮目,1
3781,目窈,1
3782,窈窈,1
3783,窈兮,1
3784,明周,1
3785,公為,1
3786,為太,1
3787,太王,1
3788,王作,1
3789,雲狄,1
3790,狄戎,1
3791,戎侵,1
3792,侵兮,1
3793,兮土,1
3794,土地,1
3795,地遷,1
3796,遷移,1
3797,移邦,1
3798,邦邑,1
3799,邑適,1
3800,適於,1
3801,於岐,1
3802,山烝,1
3803,烝民,1
3804,民不,1
3805,不憂,1
3806,憂兮,1
3807,誰者,1
3808,者知,1
3809,知嗟,1
3810,嗟奈,1
3811,何兮,1
3812,兮予,1
3813,予命,1
3814,命遭,1
3815,斯我,1
3816,承序,1
3817,序敢,1
3818,處爾,1
3819,爾莫,1
3820,悲尹,1
3821,尹吉,1
3822,吉甫,1
3823,甫子,1
3824,子伯,1
3825,伯奇,1
3826,奇無,1
3827,無罪,1
3828,罪為,1
3829,為後,1
3830,後母,1
3831,母譖,1
3832,譖而,1
3833,而見,1
3834,見逐,1
3835,逐自,1
3836,傷作,1
3837,雲朝,1
3838,朝履,1
3839,霜兮,1
3840,兮采,1
3841,采晨,1
3842,晨寒,1
3843,寒考,1
3844,考不,1
3845,其心,1
3846,心兮,1
3847,兮信,1
3848,言孤,1
3849,孤恩,1
3850,恩別,1
3851,離兮,1
3852,兮摧,1
3853,摧肺,1
3854,肺肝,1
3855,肝何,1
3856,何辜,1
3857,辜皇,1
3858,兮遭,1
3859,斯愆,1
3860,愆痛,1
3861,痛歿,1
3862,歿不,1
3863,同兮,1
3864,兮恩,1
3865,恩有,1
3866,有偏,1
3867,偏誰,1
3868,能流,1
3869,流顧,1
3870,顧兮,1
3871,兮知,1
3872,我冤,1
3873,冤父,1
3874,悲牧,1
3875,牧犢,1
3876,犢子,1
3877,子七,1
3878,十無,1
3879,無妻,1
3880,妻見,1
3881,見雉,1
3882,雉雙,1
3883,雙飛,1
3884,飛感,1
3885,雲雉,1
3886,雉朝,1
3887,朝飛,1
3888,飛兮,1
3889,兮鳴,1
3890,和雌,1
3891,雌雄,1
3892,雄群,1
3893,群遊,1
3894,遊兮,1
3895,兮山,1
3896,山之,1
3897,之阿,1
3898,阿我,1
3899,何命,1
3900,命兮,1
3901,兮未,1
3902,有家,1
3903,家時,1
3904,時將,1
3905,將暮,1
3906,何嗟,1
3907,嗟暮,1
3908,何雉,1
3909,雉之,1
3910,之飛,1
3911,飛於,1
3912,日群,1
3913,雌孤,1
3914,孤雄,1
3915,雄意,1
3916,氣橫,1
3917,橫出,1
3918,出當,1
3919,當東,1
3920,東而,1
3921,而西,1
3922,西當,1
3923,當啄,1
3924,啄而,1
3925,而飛,1
3926,隨啄,1
3927,啄群,1
3928,雌粥,1
3929,粥粥,1
3930,粥嗟,1
3931,雖人,1
3932,人曾,1
3933,如彼,1
3934,彼雉,1
3935,雉雞,1
3936,雞生,1
3937,身七,1
3938,一妾,1
3939,妾與,1
3940,與妃,1
3941,妃商,1
3942,商陵,1
3943,陵穆,1
3944,子娶,1
3945,娶妻,1
3946,妻五,1
3947,子父,1
3948,母欲,1
3949,欲其,1
3950,其改,1
3951,改娶,1
3952,娶其,1
3953,其妻,1
3954,妻聞,1
3955,之中,1
3956,夜悲,1
3957,悲嘯,1
3958,嘯穆,1
3959,子感,1
3960,雲將,1
3961,將乖,1
3962,乖比,1
3963,比翼,1
3964,翼隔,1
3965,隔天,1
3966,天端,1
3967,端山,1
3968,山川,1
3969,川悠,1
3970,悠遠,1
3971,遠路,1
3972,路漫,1
3973,漫攬,1
3974,攬衾,1
3975,衾不,1
3976,不寐,1
3977,寐食,1
3978,食忘,1
3979,忘飧,1
3980,飧雄,1
3981,日且,1
3982,可繞,1
3983,繞樹,1
3984,飛有,1
3985,誰吾,1
3986,聞京,1
3987,南茲,1
3988,茲惟,1
3989,惟群,1
3990,群山,1
3991,山囿,1
3992,囿東,1
3993,西兩,1
3994,兩際,1
3995,際海,1
3996,海巨,1
3997,巨細,1
3998,細難,1
3999,難悉,1
4000,悉究,1
4001,究山,1
4002,山經,1
4003,經及,1
4004,及地,1
4005,地志,1
4006,志茫,1
4007,茫昧,1
4008,昧非,1
4009,非受,1
4010,受授,1
4011,授團,1
4012,團辭,1
4013,辭試,1
4014,試提,1
4015,提挈,1
4016,挈掛,1
4017,掛一,1
4018,一念,1
4019,念萬,1
4020,萬漏,1
4021,漏欲,1
4022,欲休,1
4023,休諒,1
4024,諒不,1
4025,能粗,1
4026,粗敘,1
4027,敘所,1
4028,經覯,1
4029,覯嘗,1
4030,嘗升,1
4031,升崇,1
4032,丘望,1
4033,望戢,1
4034,戢見,1
4035,相湊,1
4036,湊晴,1
4037,晴明,1
4038,出棱,1
4039,棱角,1
4040,角縷,1
4041,縷脈,1
4042,脈碎,1
4043,碎分,1
4044,分繡,1
4045,繡蒸,1
4046,蒸嵐,1
4047,嵐相,1
4048,相澒,1
4049,澒洞,1
4050,洞表,1
4051,表裏,1
4052,裏忽,1
4053,忽通,1
4054,通透,1
4055,透無,1
4056,風自,1
4057,自飄,1
4058,飄簸,1
4059,簸融,1
4060,融液,1
4061,液煦,1
4062,煦柔,1
4063,柔茂,1
4064,茂橫,1
4065,時平,1
4066,平凝,1
4067,凝點,1
4068,點露,1
4069,露數,1
4070,數岫,1
4071,岫天,1
4072,空浮,1
4073,浮修,1
4074,修眉,1
4075,眉濃,1
4076,濃綠,1
4077,綠畫,1
4078,畫新,1
4079,新就,1
4080,就孤,1
4081,孤撐,1
4082,撐有,1
4083,有巉,1
4084,巉絕,1
4085,絕海,1
4086,海浴,1
4087,浴褰,1
4088,褰鵬,1
4089,鵬噣,1
4090,噣春,1
4091,春陽,1
4092,陽潛,1
4093,潛沮,1
4094,洳濯,1
4095,濯吐,1
4096,吐深,1
4097,深秀,1
4098,秀岩,1
4099,岩巒,1
4100,巒雖,1
4101,雖嵂,1
4102,嵂崒,1
4103,崒軟,1
4104,弱類,1
4105,類含,1
4106,含酎,1
4107,酎夏,1
4108,夏炎,1
4109,炎百,1
4110,百木,1
4111,木盛,1
4112,盛蔭,1
4113,蔭鬱,1
4114,鬱增,1
4115,增埋,1
4116,埋覆,1
4117,覆神,1
4118,靈日,1
4119,日歊,1
4120,歊歔,1
4121,歔雲,1
4122,雲氣,1
4123,爭結,1
4124,構秋,1
4125,霜喜,1
4126,喜刻,1
4127,刻轢,1
4128,轢磔,1
4129,磔卓,1
4130,卓立,1
4131,立臒,1
4132,臒瘦,1
4133,瘦參,1
4134,差相,1
4135,相疊,1
4136,疊重,1
4137,重剛,1
4138,剛耿,1
4139,耿陵,1
4140,陵宇,1
4141,宙冬,1
4142,冬行,1
4143,行雖,1
4144,雖幽,1
4145,幽墨,1
4146,墨冰,1
4147,雪工,1
4148,工琢,1
4149,琢鏤,1
4150,鏤新,1
4151,新曦,1
4152,曦照,1
4153,照危,1
4154,危峨,1
4155,峨億,1
4156,億丈,1
4157,丈恒,1
4158,恒高,1
4159,高袤,1
4160,袤明,1
4161,明昏,1
4162,昏無,1
4163,停態,1
4164,態頃,1
4165,刻異,1
4166,異狀,1
4167,狀候,1
4168,候西,1
4169,南雄,1
4170,雄太,1
4171,白突,1
4172,突起,1
4173,起莫,1
4174,間簉,1
4175,簉藩,1
4176,藩都,1
4177,都配,1
4178,配德,1
4179,德運,1
4180,運分,1
4181,分宅,1
4182,宅占,1
4183,占丁,1
4184,丁戊,1
4185,戊逍,1
4186,遙越,1
4187,越坤,1
4188,坤位,1
4189,位詆,1
4190,詆訐,1
4191,訐陷,1
4192,陷幹,1
4193,幹竇,1
4194,竇空,1
4195,虛寒,1
4196,寒兢,1
4197,兢風,1
4198,風氣,1
4199,氣較,1
4200,較搜,1
4201,搜漱,1
4202,漱朱,1
4203,朱維,1
4204,維方,1
4205,方燒,1
4206,燒日,1
4207,日陰,1
4208,陰霰,1
4209,霰縱,1
4210,縱騰,1
4211,騰糅,1
4212,糅昆,1
4213,大池,1
4214,池北,1
4215,去覿,1
4216,覿偶,1
4217,偶晴,1
4218,晴晝,1
4219,晝綿,1
4220,綿聯,1
4221,聯窮,1
4222,窮俯,1
4223,俯視,1
4224,視倒,1
4225,側困,1
4226,困清,1
4227,清漚,1
4228,漚微,1
4229,微瀾,1
4230,瀾動,1
4231,動水,1
4232,水面,1
4233,面踴,1
4234,躍躁,1
4235,躁猱,1
4236,猱狖,1
4237,狖驚,1
4238,驚呼,1
4239,呼惜,1
4240,惜破,1
4241,碎仰,1
4242,仰喜,1
4243,喜呀,1
4244,不僕,1
4245,僕前,1
4246,前尋,1
4247,徑杜,1
4248,杜墅,1
4249,墅岔,1
4250,岔蔽,1
4251,蔽畢,1
4252,畢原,1
4253,原陋,1
4254,陋崎,1
4255,崎嶇,1
4256,嶇上,1
4257,上軒,1
4258,得觀,1
4259,觀覽,1
4260,覽富,1
4261,富行,1
4262,行將,1
4263,將遂,1
4264,遂窮,1
4265,窮嶺,1
4266,嶺陸,1
4267,陸煩,1
4268,煩互,1
4269,互走,1
4270,走勃,1
4271,勃然,1
4272,然思,1
4273,思坼,1
4274,裂擁,1
4275,擁掩,1
4276,掩難,1
4277,難恕,1
4278,恕宥,1
4279,宥巨,1
4280,靈與,1
4281,與誇,1
4282,蛾遠,1
4283,遠賈,1
4284,賈期,1
4285,期必,1
4286,必售,1
4287,售還,1
4288,還疑,1
4289,疑造,1
4290,造物,1
4291,物意,1
4292,固護,1
4293,護蓄,1
4294,蓄精,1
4295,精佑,1
4296,佑力,1
4297,力雖,1
4298,雖能,1
4299,能排,1
4300,排斡,1
4301,斡雷,1
4302,電怯,1
4303,怯呵,1
4304,呵詬,1
4305,詬攀,1
4306,攀緣,1
4307,緣脫,1
4308,脫手,1
4309,手足,1
4310,足蹭,1
4311,蹭蹬,1
4312,蹬抵,1
4313,抵積,1
4314,積甃,1
4315,甃茫,1
4316,茫如,1
4317,如試,1
4318,試矯,1
4319,矯首,1
4320,首堛,1
4321,堛塞,1
4322,塞生,1
4323,生怐,1
4324,怐愗,1
4325,愗威,1
4326,容喪,1
4327,喪蕭,1
4328,蕭爽,1
4329,爽近,1
4330,近新,1
4331,新迷,1
4332,迷遠,1
4333,遠舊,1
4334,舊拘,1
4335,拘官,1
4336,官計,1
4337,月欲,1
4338,進不,1
4339,可又,1
4340,又因,1
4341,因緣,1
4342,緣窺,1
4343,窺其,1
4344,其湫,1
4345,湫凝,1
4346,凝湛,1
4347,湛閟,1
4348,閟陰,1
4349,陰獸,1
4350,獸魚,1
4351,蝦可,1
4352,可俯,1
4353,俯掇,1
4354,掇神,1
4355,物安,1
4356,敢寇,1
4357,寇林,1
4358,林柯,1
4359,柯有,1
4360,有脫,1
4361,脫葉,1
4362,葉欲,1
4363,欲墮,1
4364,墮鳥,1
4365,鳥驚,1
4366,驚救,1
4367,救爭,1
4368,爭銜,1
4369,銜彎,1
4370,彎環,1
4371,環飛,1
4372,飛投,1
4373,投棄,1
4374,棄急,1
4375,急哺,1
4376,哺鷇,1
4377,鷇旋,1
4378,旋歸,1
4379,歸道,1
4380,道回,1
4381,回睨,1
4382,睨達,1
4383,達枿,1
4384,枿壯,1
4385,壯複,1
4386,複奏,1
4387,奏籲,1
4388,嗟信,1
4389,信奇,1
4390,怪峙,1
4391,峙質,1
4392,質能,1
4393,能化,1
4394,化貿,1
4395,貿前,1
4396,年遭,1
4397,遭譴,1
4398,譴謫,1
4399,謫探,1
4400,探曆,1
4401,曆得,1
4402,得邂,1
4403,逅初,1
4404,初從,1
4405,從藍,1
4406,藍田,1
4407,田入,1
4408,入顧,1
4409,顧盻,1
4410,盻勞,1
4411,勞頸,1
4412,頸脰,1
4413,脰時,1
4414,時天,1
4415,天晦,1
4416,晦大,1
4417,大雪,1
4418,雪淚,1
4419,淚目,1
4420,目苦,1
4421,苦蒙,1
4422,蒙瞀,1
4423,瞀峻,1
4424,峻塗,1
4425,塗拖,1
4426,拖長,1
4427,長冰,1
4428,冰直,1
4429,直上,1
4430,上若,1
4431,若懸,1
4432,懸溜,1
4433,溜褰,1
4434,褰衣,1
4435,衣步,1
4436,步推,1
4437,推馬,1
4438,蹶退,1
4439,退且,1
4440,複蒼,1
4441,蒼黃,1
4442,黃忘,1
4443,忘遐,1
4444,遐睎,1
4445,睎所,1
4446,所矚,1
4447,矚才,1
4448,才左,1
4449,右杉,1
4450,杉篁,1
4451,篁吒,1
4452,吒蒲,1
4453,蒲蘇,1
4454,蘇杲,1
4455,杲耀,1
4456,耀攢,1
4457,攢介,1
4458,介胄,1
4459,胄專,1
4460,專心,1
4461,心憶,1
4462,憶平,1
4463,平道,1
4464,道脫,1
4465,脫險,1
4466,險逾,1
4467,逾避,1
4468,避臭,1
4469,臭昨,1
4470,來逢,1
4471,逢清,1
4472,清霽,1
4473,霽宿,1
4474,宿願,1
4475,願忻,1
4476,忻始,1
4477,始副,1
4478,副崢,1
4479,嶸躋,1
4480,躋塚,1
4481,塚頂,1
4482,頂倏,1
4483,倏閃,1
4484,閃雜,1
4485,雜鼯,1
4486,鼯鼬,1
4487,鼬前,1
4488,前低,1
4489,低劃,1
4490,劃開,1
4491,開闊,1
4492,闊爛,1
4493,漫堆,1
4494,堆眾,1
4495,眾皺,1
4496,皺或,1
4497,或連,1
4498,連若,1
4499,從或,1
4500,或蹙,1
4501,蹙若,1
4502,相鬥,1
4503,鬥或,1
4504,或妥,1
4505,妥若,1
4506,若弭,1
4507,弭伏,1
4508,伏或,1
4509,或竦,1
4510,竦若,1
4511,驚雊,1
4512,雊或,1
4513,或散,1
4514,散若,1
4515,若瓦,1
4516,瓦解,1
4517,解或,1
4518,或赴,1
4519,赴若,1
4520,若輻,1
4521,輻湊,1
4522,湊或,1
4523,或翩,1
4524,翩若,1
4525,若船,1
4526,船遊,1
4527,遊或,1
4528,或決,1
4529,若馬,1
4530,馬驟,1
4531,驟或,1
4532,或背,1
4533,背若,1
4534,相惡,1
4535,惡或,1
4536,或向,1
4537,向若,1
4538,相佑,1
4539,佑或,1
4540,或亂,1
4541,亂若,1
4542,抽筍,1
4543,筍或,1
4544,或嵲,1
4545,嵲若,1
4546,若注,1
4547,注灸,1
4548,灸或,1
4549,或錯,1
4550,錯若,1
4551,若繪,1
4552,繪畫,1
4553,畫或,1
4554,或繚,1
4555,繚若,1
4556,若篆,1
4557,篆籀,1
4558,籀或,1
4559,或羅,1
4560,羅若,1
4561,若星,1
4562,星離,1
4563,離或,1
4564,或蓊,1
4565,蓊若,1
4566,若雲,1
4567,雲逗,1
4568,逗或,1
4569,或浮,1
4570,浮若,1
4571,若波,1
4572,濤或,1
4573,或碎,1
4574,若鋤,1
4575,鋤耨,1
4576,耨或,1
4577,如賁,1
4578,賁育,1
4579,育倫,1
4580,倫賭,1
4581,賭勝,1
4582,勝勇,1
4583,勇前,1
4584,前購,1
4585,購先,1
4586,先強,1
4587,強勢,1
4588,勢已,1
4589,已出,1
4590,出後,1
4591,後鈍,1
4592,鈍嗔,1
4593,嗔譳,1
4594,譳或,1
4595,如帝,1
4596,帝王,1
4597,王尊,1
4598,尊叢,1
4599,叢集,1
4600,集朝,1
4601,朝賤,1
4602,賤幼,1
4603,幼雖,1
4604,雖親,1
4605,親不,1
4606,不褻,1
4607,褻狎,1
4608,狎雖,1
4609,雖遠,1
4610,遠不,1
4611,不悖,1
4612,悖謬,1
4613,謬或,1
4614,如臨,1
4615,臨食,1
4616,案肴,1
4617,肴核,1
4618,核紛,1
4619,紛飣,1
4620,餖又,1
4621,如游,1
4622,游九,1
4623,九原,1
4624,原墳,1
4625,墳墓,1
4626,墓包,1
4627,包槨,1
4628,槨柩,1
4629,柩或,1
4630,或累,1
4631,累若,1
4632,若盆,1
4633,盆罌,1
4634,罌或,1
4635,或揭,1
4636,揭若,1
4637,若豆,1
4638,豆或,1
4639,或覆,1
4640,覆若,1
4641,若曝,1
4642,曝鱉,1
4643,鱉或,1
4644,或頹,1
4645,頹若,1
4646,若寢,1
4647,寢獸,1
4648,獸或,1
4649,或蜿,1
4650,蜿若,1
4651,若藏,1
4652,藏龍,1
4653,龍或,1
4654,或翼,1
4655,翼若,1
4656,若搏,1
4657,搏鷲,1
4658,鷲或,1
4659,或齊,1
4660,齊若,1
4661,若友,1
4662,友朋,1
4663,朋或,1
4664,或隨,1
4665,隨若,1
4666,若先,1
4667,後或,1
4668,或迸,1
4669,迸若,1
4670,若流,1
4671,落或,1
4672,或顧,1
4673,顧若,1
4674,若宿,1
4675,宿留,1
4676,留或,1
4677,或戾,1
4678,戾若,1
4679,若仇,1
4680,仇讎,1
4681,讎或,1
4682,或密,1
4683,密若,1
4684,若婚,1
4685,媾或,1
4686,或儼,1
4687,儼若,1
4688,若峨,1
4689,冠或,1
4690,或翻,1
4691,翻若,1
4692,若舞,1
4693,舞袖,1
4694,袖或,1
4695,或屹,1
4696,屹若,1
4697,若戰,1
4698,戰陣,1
4699,陣或,1
4700,或圍,1
4701,圍若,1
4702,若搜,1
4703,搜狩,1
4704,狩或,1
4705,或靡,1
4706,靡然,1
4707,然東,1
4708,東注,1
4709,注或,1
4710,或偃,1
4711,偃然,1
4712,然北,1
4713,北首,1
4714,首或,1
4715,如火,1
4716,火熹,1
4717,熹焰,1
4718,焰或,1
4719,若氣,1
4720,氣饙,1
4721,饙餾,1
4722,餾或,1
4723,或行,1
4724,行而,1
4725,不輟,1
4726,輟或,1
4727,或遺,1
4728,遺而,1
4729,收或,1
4730,或斜,1
4731,斜而,1
4732,不倚,1
4733,倚或,1
4734,或弛,1
4735,弛而,1
4736,不彀,1
4737,彀或,1
4738,或赤,1
4739,赤若,1
4740,若禿,1
4741,禿鬝,1
4742,鬝或,1
4743,或熏,1
4744,熏若,1
4745,若柴,1
4746,柴槱,1
4747,槱或,1
4748,如龜,1
4749,龜拆,1
4750,拆兆,1
4751,兆或,1
4752,若卦,1
4753,卦分,1
4754,分繇,1
4755,繇或,1
4756,或前,1
4757,前橫,1
4758,橫若,1
4759,若剝,1
4760,剝或,1
4761,或後,1
4762,後斷,1
4763,斷若,1
4764,若姤,1
4765,姤延,1
4766,延延,1
4767,延離,1
4768,離又,1
4769,又屬,1
4770,屬夬,1
4771,夬夬,1
4772,夬叛,1
4773,叛還,1
4774,還遘,1
4775,遘喁,1
4776,喁喁,1
4777,喁魚,1
4778,魚闖,1
4779,闖萍,1
4780,萍落,1
4781,落月,1
4782,月經,1
4783,經宿,1
4784,宿誾,1
4785,誾誾,1
4786,誾樹,1
4787,樹牆,1
4788,牆垣,1
4789,垣巘,1
4790,巘巘,1
4791,巘駕,1
4792,駕庫,1
4793,庫廄,1
4794,廄參,1
4795,參參,1
4796,參削,1
4797,削劍,1
4798,戟煥,1
4799,煥煥,1
4800,煥銜,1
4801,銜瑩,1
4802,瑩琇,1
4803,琇敷,1
4804,敷敷,1
4805,敷花,1
4806,花披,1
4807,披萼,1
4808,萼屋,1
4809,屋摧,1
4810,摧溜,1
4811,溜悠,1
4812,悠舒,1
4813,舒而,1
4814,而安,1
4815,安兀,1
4816,兀狂,1
4817,狂以,1
4818,以狃,1
4819,狃超,1
4820,超超,1
4821,超出,1
4822,出猶,1
4823,猶奔,1
4824,奔蠢,1
4825,蠢駭,1
4826,駭不,1
4827,不懋,1
4828,懋大,1
4829,哉立,1
4830,立天,1
4831,地經,1
4832,經紀,1
4833,紀肖,1
4834,肖營,1
4835,營腠,1
4836,腠厥,1
4837,初孰,1
4838,孰開,1
4839,張黽,1
4840,勉誰,1
4841,勸侑,1
4842,侑創,1
4843,創茲,1
4844,茲樸,1
4845,樸而,1
4846,而巧,1
4847,巧戮,1
4848,戮力,1
4849,力忍,1
4850,忍勞,1
4851,勞疚,1
4852,疚得,1
4853,非施,1
4854,施斧,1
4855,斧斤,1
4856,斤無,1
4857,乃假,1
4858,假詛,1
4859,詛咒,1
4860,咒鴻,1
4861,鴻荒,1
4862,荒竟,1
4863,竟無,1
4864,無傳,1
4865,傳功,1
4866,功大,1
4867,大莫,1
4868,莫酬,1
4869,酬僦,1
4870,僦嘗,1
4871,聞於,1
4872,於祠,1
4873,祠官,1
4874,官芬,1
4875,芬苾,1
4876,苾降,1
4877,降歆,1
4878,歆嗅,1
4879,嗅斐,1
4880,斐然,1
4881,然作,1
4882,詩惟,1
4883,贊報,1
4884,報酭,1
4885,酭果,1
4886,果州,1
4887,南充,1
4888,充縣,1
4889,縣寒,1
4890,女謝,1
4891,謝自,1
4892,然童,1
4893,童騃,1
4894,騃無,1
4895,識但,1
4896,仙輕,1
4897,輕生,1
4898,生學,1
4899,學其,1
4900,其術,1
4901,術乃,1
4902,乃在,1
4903,在金,1
4904,金泉,1
4905,泉山,1
4906,山繁,1
4907,繁華,1
4908,華榮,1
4909,榮慕,1
4910,慕絕,1
4911,絕父,1
4912,母慈,1
4913,慈愛,1
4914,愛捐,1
4915,捐凝,1
4916,凝心,1
4917,心感,1
4918,感魑,1
4919,魅慌,1
4920,慌惚,1
4921,惚難,1
4922,難具,1
4923,具言,1
4924,言一,1
4925,朝坐,1
4926,室雲,1
4927,雲霧,1
4928,霧生,1
4929,間如,1
4930,如聆,1
4931,聆笙,1
4932,竽韻,1
4933,韻來,1
4934,自冥,1
4935,冥天,1
4936,日變,1
4937,變幽,1
4938,幽晦,1
4939,晦蕭,1
4940,蕭風,1
4941,景寒,1
4942,寒簷,1
4943,楹暫,1
4944,暫明,1
4945,明滅,1
4946,滅五,1
4947,色光,1
4948,光屬,1
4949,屬聯,1
4950,聯觀,1
4951,者徒,1
4952,徒傾,1
4953,傾駭,1
4954,駭躑,1
4955,躅詎,1
4956,詎敢,1
4957,敢前,1
4958,前須,1
4959,臾自,1
4960,自輕,1
4961,輕舉,1
4962,舉飄,1
4963,飄若,1
4964,若風,1
4965,中煙,1
4966,煙茫,1
4967,茫八,1
4968,八紘,1
4969,紘大,1
4970,大影,1
4971,影響,1
4972,響無,1
4973,由緣,1
4974,緣裏,1
4975,裏胥,1
4976,胥上,1
4977,上其,1
4978,其事,1
4979,事郡,1
4980,郡守,1
4981,守驚,1
4982,驚且,1
4983,歎驅,1
4984,驅車,1
4985,車領,1
4986,領官,1
4987,吏氓,1
4988,氓俗,1
4989,俗爭,1
4990,爭相,1
4991,相先,1
4992,先入,1
4993,見冠,1
4994,冠履,1
4995,履同,1
4996,同蛻,1
4997,蛻蟬,1
4998,蟬皆,1
4999,皆雲,1
5000,雲神,1
5001,仙事,1
5002,事灼,1
5003,灼信,1
5004,可傳,1
5005,傳余,1
5006,余聞,1
5007,古夏,1
5008,夏後,1
5009,後象,1
5010,象物,1
5011,物知,1
5012,知神,1
5013,神奸,1
5014,奸山,1
5015,山林,1
5016,林民,1
5017,民可,1
5018,入魍,1
5019,魍魎,1
5020,魎莫,1
5021,莫逢,1
5022,逢旃,1
5023,旃逶,1
5024,迤不,1
5025,復振,1
5026,振後,1
5027,後世,1
5028,世恣,1
5029,謾幽,1
5030,幽明,1
5031,明紛,1
5032,雜亂,1
5033,鬼更,1
5034,相殘,1
5035,殘秦,1
5036,秦皇,1
5037,皇雖,1
5038,雖篤,1
5039,篤好,1
5040,好漢,1
5041,漢武,1
5042,武洪,1
5043,洪其,1
5044,源自,1
5045,從二,1
5046,二主,1
5047,主來,1
5048,禍竟,1
5049,竟連,1
5050,連連,1
5051,連木,1
5052,石生,1
5053,生怪,1
5054,變狐,1
5055,狸騁,1
5056,騁妖,1
5057,妖患,1
5058,患莫,1
5059,莫能,1
5060,能盡,1
5061,盡性,1
5062,命安,1
5063,得更,1
5064,更長,1
5065,長延,1
5066,延人,1
5067,生處,1
5068,處萬,1
5069,類知,1
5070,識最,1
5071,最為,1
5072,為賢,1
5073,賢奈,1
5074,自信,1
5075,信反,1
5076,反欲,1
5077,欲從,1
5078,從物,1
5079,物遷,1
5080,遷往,1
5081,往者,1
5082,可悔,1
5083,悔孤,1
5084,孤魂,1
5085,魂抱,1
5086,抱深,1
5087,深冤,1
5088,冤來,1
5089,來者,1
5090,者猶,1
5091,猶可,1
5092,可誡,1
5093,誡餘,1
5094,餘言,1
5095,言豈,1
5096,豈空,1
5097,空文,1
5098,常理,1
5099,理男,1
5100,女各,1
5101,有倫,1
5102,倫寒,1
5103,寒衣,1
5104,衣及,1
5105,及饑,1
5106,食在,1
5107,在紡,1
5108,紡績,1
5109,績耕,1
5110,耕耘,1
5111,耘下,1
5112,下以,1
5113,以保,1
5114,保子,1
5115,孫上,1
5116,上以,1
5117,以奉,1
5118,君親,1
5119,親苟,1
5120,苟異,1
5121,此道,1
5122,道皆,1
5123,皆為,1
5124,為棄,1
5125,棄其,1
5126,身噫,1
5127,噫乎,1
5128,乎彼,1
5129,彼寒,1
5130,女永,1
5131,永托,1
5132,托異,1
5133,群感,1
5134,感傷,1
5135,傷遂,1
5136,詩昧,1
5137,昧者,1
5138,者宜,1
5139,宜書,1
5140,書紳,1
5141,紳窗,1
5142,前兩,1
5143,兩好,1
5144,好樹,1
5145,樹眾,1
5146,葉光,1
5147,光薿,1
5148,薿薿,1
5149,薿秋,1
5150,秋風,1
5151,一拂,1
5152,拂披,1
5153,披策,1
5154,策策,1
5155,策鳴,1
5156,微燈,1
5157,燈照,1
5158,照空,1
5159,空床,1
5160,半偏,1
5161,偏入,1
5162,入耳,1
5163,耳愁,1
5164,愁憂,1
5165,憂無,1
5166,來感,1
5167,感歎,1
5168,歎成,1
5169,成坐,1
5170,坐起,1
5171,起天,1
5172,明視,1
5173,視顏,1
5174,色與,1
5175,故不,1
5176,似羲,1
5177,和驅,1
5178,驅日,1
5179,月疾,1
5180,疾急,1
5181,急不,1
5182,可恃,1
5183,恃浮,1
5184,浮生,1
5185,生雖,1
5186,雖多,1
5187,多塗,1
5188,塗趨,1
5189,趨死,1
5190,死惟,1
5191,一軌,1
5192,軌胡,1
5193,浪自,1
5194,自苦,1
5195,苦得,1
5196,酒且,1
5197,且歡,1
5198,歡喜,1
5199,喜白,1
5200,白露,1
5201,下百,1
5202,草蕭,1
5203,蕭蘭,1
5204,蘭共,1
5205,共雕,1
5206,雕悴,1
5207,悴青,1
5208,青四,1
5209,四牆,1
5210,複生,1
5211,生滿,1
5212,寒蟬,1
5213,蟬暫,1
5214,寞蟋,1
5215,蟀鳴,1
5216,恣運,1
5217,運行,1
5218,窮期,1
5219,期稟,1
5220,稟受,1
5221,受氣,1
5222,氣苦,1
5223,苦異,1
5224,異適,1
5225,適時,1
5226,各得,1
5227,所松,1
5228,不必,1
5229,必貴,1
5230,貴彼,1
5231,彼時,1
5232,時何,1
5233,何卒,1
5234,卒卒,1
5235,卒我,1
5236,何曼,1
5237,曼曼,1
5238,曼犀,1
5239,犀首,1
5240,首空,1
5241,空好,1
5242,好飲,1
5243,飲廉,1
5244,廉頗,1
5245,頗尚,1
5246,尚能,1
5247,能飯,1
5248,飯學,1
5249,學堂,1
5250,堂日,1
5251,驅馬,1
5252,馬適,1
5253,適所,1
5254,願茫,1
5255,茫出,1
5256,門路,1
5257,路欲,1
5258,去聊,1
5259,自勸,1
5260,勸歸,1
5261,歸還,1
5262,還閱,1
5263,閱書,1
5264,史文,1
5265,字浩,1
5266,浩千,1
5267,萬陳,1
5268,陳跡,1
5269,跡竟,1
5270,誰尋,1
5271,尋賤,1
5272,賤嗜,1
5273,嗜非,1
5274,非貴,1
5275,貴獻,1
5276,獻丈,1
5277,夫意,1
5278,意有,1
5279,有在,1
5280,在女,1
5281,女子,1
5282,子乃,1
5283,乃多,1
5284,多怨,1
5285,怨秋,1
5286,秋氣,1
5287,氣日,1
5288,日惻,1
5289,惻惻,1
5290,惻秋,1
5291,日淩,1
5292,淩淩,1
5293,淩上,1
5294,枝上,1
5295,上蜩,1
5296,蜩下,1
5297,下無,1
5298,無盤,1
5299,中蠅,1
5300,蠅豈,1
5301,不感,1
5302,感時,1
5303,節耳,1
5304,目去,1
5305,去所,1
5306,所憎,1
5307,憎清,1
5308,清曉,1
5309,曉卷,1
5310,卷書,1
5311,書坐,1
5312,坐南,1
5313,山見,1
5314,高棱,1
5315,棱其,1
5316,下澄,1
5317,澄湫,1
5318,湫水,1
5319,水有,1
5320,有蛟,1
5321,蛟寒,1
5322,寒可,1
5323,可罾,1
5324,罾惜,1
5325,哉不,1
5326,往豈,1
5327,謂吾,1
5328,能離,1
5329,離離,1
5330,離掛,1
5331,掛空,1
5332,空悲,1
5333,悲戚,1
5334,戚抱,1
5335,抱虛,1
5336,虛警,1
5337,警露,1
5338,露泫,1
5339,泫秋,1
5340,秋樹,1
5341,樹高,1
5342,高蟲,1
5343,蟲吊,1
5344,吊寒,1
5345,寒夜,1
5346,夜永,1
5347,永斂,1
5348,斂退,1
5349,退就,1
5350,就新,1
5351,新懦,1
5352,懦趨,1
5353,趨營,1
5354,營悼,1
5355,悼前,1
5356,前猛,1
5357,猛歸,1
5358,歸愚,1
5359,愚識,1
5360,識夷,1
5361,夷塗,1
5362,塗汲,1
5363,汲古,1
5364,古得,1
5365,得修,1
5366,修綆,1
5367,綆名,1
5368,名浮,1
5369,浮猶,1
5370,有恥,1
5371,恥味,1
5372,薄真,1
5373,真自,1
5374,幸庶,1
5375,幾遺,1
5376,遺悔,1
5377,悔尤,1
5378,是幽,1
5379,幽屏,1
5380,屏今,1
5381,晨不,1
5382,成起,1
5383,起端,1
5384,端坐,1
5385,坐盡,1
5386,日景,1
5387,景蟲,1
5388,蟲鳴,1
5389,鳴室,1
5390,室幽,1
5391,幽月,1
5392,月吐,1
5393,吐窗,1
5394,窗冏,1
5395,冏喪,1
5396,喪懷,1
5397,懷若,1
5398,若迷,1
5399,迷方,1
5400,方浮,1
5401,浮念,1
5402,念劇,1
5403,劇含,1
5404,含梗,1
5405,梗塵,1
5406,埃慵,1
5407,慵伺,1
5408,候文,1
5409,字浪,1
5410,浪馳,1
5411,馳騁,1
5412,騁尚,1
5413,尚須,1
5414,須勉,1
5415,勉其,1
5416,其頑,1
5417,頑王,1
5418,王事,1
5419,朝請,1
5420,請秋,1
5421,秋夜,1
5422,可晨,1
5423,晨秋,1
5424,苦易,1
5425,易暗,1
5426,暗我,1
5427,無汲,1
5428,汲志,1
5429,此憾,1
5430,憾寒,1
5431,寒雞,1
5432,雞空,1
5433,空在,1
5434,在棲,1
5435,棲缺,1
5436,缺月,1
5437,月煩,1
5438,煩屢,1
5439,屢瞰,1
5440,瞰有,1
5441,有琴,1
5442,琴具,1
5443,具徽,1
5444,徽弦,1
5445,弦再,1
5446,再鼓,1
5447,鼓聽,1
5448,聽愈,1
5449,愈淡,1
5450,淡古,1
5451,古聲,1
5452,聲久,1
5453,久埋,1
5454,埋滅,1
5455,由見,1
5456,真濫,1
5457,濫低,1
5458,低心,1
5459,心逐,1
5460,逐時,1
5461,時趨,1
5462,趨苦,1
5463,苦勉,1
5464,勉祗,1
5465,祗能,1
5466,能暫,1
5467,暫有,1
5468,風船,1
5469,船一,1
5470,一縱,1
5471,縱不,1
5472,可纜,1
5473,纜不,1
5474,如覷,1
5475,覷文,1
5476,字丹,1
5477,丹鉛,1
5478,鉛事,1
5479,事點,1
5480,點勘,1
5481,勘豈,1
5482,必求,1
5483,求贏,1
5484,所要,1
5485,要石,1
5486,石與,1
5487,與甔,1
5488,甔卷,1
5489,卷卷,1
5490,卷落,1
5491,地葉,1
5492,葉隨,1
5493,隨風,1
5494,風走,1
5495,走前,1
5496,軒鳴,1
5497,意顛,1
5498,倒相,1
5499,奔空,1
5500,堂黃,1
5501,昏暮,1
5502,暮我,1
5503,我坐,1
5504,坐默,1
5505,默不,1
5506,言童,1
5507,外至,1
5508,至吹,1
5509,吹燈,1
5510,燈當,1
5511,當我,1
5512,我前,1
5513,問我,1
5514,不應,1
5515,應饋,1
5516,不餐,1
5517,餐退,1
5518,西壁,1
5519,壁下,1
5520,下讀,1
5521,讀詩,1
5522,詩盡,1
5523,盡數,1
5524,數編,1
5525,編作,1
5526,作者,1
5527,者非,1
5528,非今,1
5529,今士,1
5530,士相,1
5531,去時,1
5532,已千,1
5533,千其,1
5534,有感,1
5535,感觸,1
5536,觸使,1
5537,我複,1
5538,複淒,1
5539,淒酸,1
5540,酸顧,1
5541,顧謂,1
5542,汝童,1
5543,子置,1
5544,置書,1
5545,書且,1
5546,且安,1
5547,眠丈,1
5548,夫屬,1
5549,屬有,1
5550,有念,1
5551,念事,1
5552,業無,1
5553,年霜,1
5554,風侵,1
5555,侵梧,1
5556,桐眾,1
5557,葉著,1
5558,樹幹,1
5559,幹空,1
5560,空階,1
5561,階一,1
5562,片下,1
5563,下琤,1
5564,琤若,1
5565,若摧,1
5566,摧琅,1
5567,玕謂,1
5568,謂是,1
5569,氣滅,1
5570,滅望,1
5571,望舒,1
5572,舒霣,1
5573,霣其,1
5574,其團,1
5575,團青,1
5576,冥無,1
5577,無依,1
5578,依倚,1
5579,倚飛,1
5580,飛轍,1
5581,轍危,1
5582,危難,1
5583,安驚,1
5584,起出,1
5585,戶視,1
5586,視倚,1
5587,倚楹,1
5588,楹久,1
5589,久汍,1
5590,瀾憂,1
5591,憂愁,1
5592,愁費,1
5593,費晷,1
5594,晷景,1
5595,景日,1
5596,月如,1
5597,如跳,1
5598,跳丸,1
5599,丸迷,1
5600,迷複,1
5601,複不,1
5602,計遠,1
5603,遠為,1
5604,君駐,1
5605,駐塵,1
5606,塵鞍,1
5607,鞍暮,1
5608,暮暗,1
5609,來客,1
5610,群囂,1
5611,囂各,1
5612,各收,1
5613,收聲,1
5614,聲悠,1
5615,悠偃,1
5616,偃宵,1
5617,宵寂,1
5618,寂亹,1
5619,亹抱,1
5620,抱秋,1
5621,秋明,1
5622,明世,1
5623,世累,1
5624,累忽,1
5625,忽進,1
5626,進慮,1
5627,慮外,1
5628,外憂,1
5629,憂遂,1
5630,遂侵,1
5631,侵誠,1
5632,誠強,1
5633,強懷,1
5634,懷張,1
5635,張不,1
5636,滿弱,1
5637,弱念,1
5638,念缺,1
5639,缺已,1
5640,已盈,1
5641,盈詰,1
5642,詰屈,1
5643,屈避,1
5644,避語,1
5645,語阱,1
5646,阱冥,1
5647,茫觸,1
5648,觸心,1
5649,心兵,1
5650,兵敗,1
5651,敗虞,1
5652,虞千,1
5653,金棄,1
5654,棄得,1
5655,得比,1
5656,比寸,1
5657,寸草,1
5658,草榮,1
5659,榮知,1
5660,知恥,1
5661,恥足,1
5662,足為,1
5663,為勇,1
5664,勇晏,1
5665,晏然,1
5666,然誰,1
5667,誰汝,1
5668,汝令,1
5669,令鮮,1
5670,鮮霜,1
5671,霜中,1
5672,中菊,1
5673,菊既,1
5674,既晚,1
5675,晚何,1
5676,用好,1
5677,好揚,1
5678,揚弄,1
5679,弄芳,1
5680,芳蝶,1
5681,蝶爾,1
5682,爾生,1
5683,早運,1
5684,窮兩,1
5685,兩值,1
5686,值遇,1
5687,遇婉,1
5688,孌死,1
5689,死相,1
5690,相保,1
5691,保西,1
5692,西風,1
5693,風蟄,1
5694,蟄龍,1
5695,蛇眾,1
5696,眾木,1
5697,木日,1
5698,凋槁,1
5699,槁由,1
5700,來命,1
5701,命分,1
5702,分爾,1
5703,爾泯,1
5704,泯滅,1
5705,滅豈,1
5706,豈足,1
5707,道孤,1
5708,臣昔,1
5709,昔放,1
5710,逐血,1
5711,血泣,1
5712,泣追,1
5713,追愆,1
5714,尤汗,1
5715,省識,1
5716,識恍,1
5717,恍如,1
5718,桴浮,1
5719,浮或,1
5720,疑上,1
5721,疏上,1
5722,疏豈,1
5723,由是,1
5724,是年,1
5725,年京,1
5726,師旱,1
5727,旱田,1
5728,田畝,1
5729,畝少,1
5730,少所,1
5731,所收,1
5732,收上,1
5733,上憐,1
5734,憐民,1
5735,民無,1
5736,食征,1
5737,征賦,1
5738,賦半,1
5739,半已,1
5740,已休,1
5741,有司,1
5742,司恤,1
5743,恤經,1
5744,經費,1
5745,費未,1
5746,免煩,1
5747,煩徵,1
5748,徵求,1
5749,求富,1
5750,者既,1
5751,既雲,1
5752,雲急,1
5753,急貧,1
5754,貧者,1
5755,者固,1
5756,已流,1
5757,傳聞,1
5758,聞閭,1
5759,閭里,1
5760,里間,1
5761,間赤,1
5762,子棄,1
5763,棄渠,1
5764,渠溝,1
5765,溝持,1
5766,持男,1
5767,男易,1
5768,易鬥,1
5769,鬥粟,1
5770,粟掉,1
5771,掉臂,1
5772,臂莫,1
5773,肯酬,1
5774,酬我,1
5775,出衢,1
5776,衢路,1
5777,路餓,1
5778,餓者,1
5779,稠親,1
5780,親逢,1
5781,逢道,1
5782,邊死,1
5783,死佇,1
5784,立久,1
5785,久咿,1
5786,嚘歸,1
5787,舍不,1
5788,如魚,1
5789,鉤適,1
5790,適會,1
5791,會除,1
5792,除禦,1
5793,史誠,1
5794,誠當,1
5795,當得,1
5796,言秋,1
5797,秋拜,1
5798,拜疏,1
5799,疏移,1
5800,移合,1
5801,合門,1
5802,為忠,1
5803,忠寧,1
5804,自謀,1
5805,謀上,1
5806,上陳,1
5807,陳人,1
5808,人疾,1
5809,疾苦,1
5810,令絕,1
5811,其喉,1
5812,喉下,1
5813,下陳,1
5814,陳畿,1
5815,畿甸,1
5816,甸內,1
5817,內根,1
5818,本理,1
5819,理宜,1
5820,宜優,1
5821,優積,1
5822,積雪,1
5823,雪驗,1
5824,驗豐,1
5825,豐熟,1
5826,熟幸,1
5827,寬待,1
5828,待蠶,1
5829,蠶麰,1
5830,麰天,1
5831,子惻,1
5832,惻然,1
5833,感司,1
5834,空歎,1
5835,歎綢,1
5836,繆謂,1
5837,言即,1
5838,即施,1
5839,施設,1
5840,設乃,1
5841,乃反,1
5842,反遷,1
5843,遷炎,1
5844,炎州,1
5845,州同,1
5846,官盡,1
5847,盡才,1
5848,才俊,1
5849,俊偏,1
5850,偏善,1
5851,善柳,1
5852,柳與,1
5853,與劉,1
5854,劉或,1
5855,或慮,1
5856,慮語,1
5857,言泄,1
5858,泄傳,1
5859,傳之,1
5860,落冤,1
5861,冤讎,1
5862,讎二,1
5863,宜爾,1
5864,爾將,1
5865,將疑,1
5866,疑斷,1
5867,斷還,1
5868,使臨,1
5869,臨門,1
5870,門遣,1
5871,遣頃,1
5872,刻不,1
5873,留病,1
5874,病妹,1
5875,妹臥,1
5876,臥床,1
5877,床褥,1
5878,褥分,1
5879,分知,1
5880,知隔,1
5881,隔明,1
5882,幽悲,1
5883,啼乞,1
5884,乞就,1
5885,就別,1
5886,百請,1
5887,請不,1
5888,頭弱,1
5889,弱妻,1
5890,妻抱,1
5891,抱稚,1
5892,子出,1
5893,出拜,1
5894,拜忘,1
5895,忘慚,1
5896,慚羞,1
5897,羞黽,1
5898,勉不,1
5899,顧行,1
5900,行詣,1
5901,詣連,1
5902,州朝,1
5903,為青,1
5904,雲士,1
5905,士暮,1
5906,作白,1
5907,頭囚,1
5908,囚商,1
5909,商山,1
5910,山季,1
5911,季冬,1
5912,冬月,1
5913,月冰,1
5914,冰凍,1
5915,凍絕,1
5916,絕行,1
5917,行輈,1
5918,輈春,1
5919,風洞,1
5920,庭浪,1
5921,浪出,1
5922,沒驚,1
5923,驚孤,1
5924,舟逾,1
5925,逾嶺,1
5926,嶺到,1
5927,到所,1
5928,任低,1
5929,低顏,1
5930,顏奉,1
5931,侯酸,1
5932,道隨,1
5933,隨事,1
5934,事生,1
5935,生瘡,1
5936,瘡疣,1
5937,疣遠,1
5938,遠地,1
5939,地觸,1
5940,觸途,1
5941,途異,1
5942,異吏,1
5943,吏民,1
5944,民似,1
5945,似猿,1
5946,猿猴,1
5947,猴生,1
5948,獰多,1
5949,多忿,1
5950,忿很,1
5951,很辭,1
5952,辭舌,1
5953,舌紛,1
5954,紛嘲,1
5955,嘲啁,1
5956,啁白,1
5957,日屋,1
5958,屋簷,1
5959,簷下,1
5960,下雙,1
5961,雙鳴,1
5962,鳴鬥,1
5963,鬥鵂,1
5964,鵂鶹,1
5965,鶹有,1
5966,有蛇,1
5967,蛇類,1
5968,類兩,1
5969,兩首,1
5970,首有,1
5971,有蠱,1
5972,蠱群,1
5973,飛遊,1
5974,遊窮,1
5975,冬或,1
5976,或搖,1
5977,搖扇,1
5978,扇盛,1
5979,盛夏,1
5980,夏或,1
5981,或重,1
5982,裘颶,1
5983,颶起,1
5984,起最,1
5985,畏訇,1
5986,訇哮,1
5987,哮簸,1
5988,簸陵,1
5989,陵丘,1
5990,丘雷,1
5991,霆助,1
5992,助光,1
5993,光怪,1
5994,象難,1
5995,難比,1
5996,比侔,1
5997,侔癘,1
5998,癘疫,1
5999,疫忽,1
6000,忽潛,1
6001,潛遘,1
6002,遘十,1
6003,十家,1
6004,家無,1
6005,一瘳,1
6006,瘳猜,1
6007,猜嫌,1
6008,嫌動,1
6009,動置,1
6010,置毒,1
6011,毒對,1
6012,對案,1
6013,案輒,1
6014,輒懷,1
6015,懷愁,1
6016,愁前,1
6017,日遇,1
6018,遇恩,1
6019,恩赦,1
6020,赦私,1
6021,私心,1
6022,心喜,1
6023,還憂,1
6024,憂果,1
6025,果然,1
6026,又羈,1
6027,羈縶,1
6028,縶不,1
6029,歸鋤,1
6030,鋤耰,1
6031,耰此,1
6032,此府,1
6033,府雄,1
6034,雄且,1
6035,且大,1
6036,大騰,1
6037,騰淩,1
6038,淩盡,1
6039,盡戈,1
6040,矛棲,1
6041,棲棲,1
6042,棲法,1
6043,曹掾,1
6044,掾何,1
6045,卑陬,1
6046,陬生,1
6047,平企,1
6048,企仁,1
6049,義所,1
6050,所學,1
6051,學皆,1
6052,皆孔,1
6053,孔周,1
6054,周早,1
6055,知大,1
6056,大理,1
6057,理官,1
6058,列三,1
6059,三後,1
6060,後儔,1
6061,儔何,1
6062,況親,1
6063,親犴,1
6064,犴獄,1
6065,獄敲,1
6066,敲搒,1
6067,搒發,1
6068,發奸,1
6069,奸偷,1
6070,偷懸,1
6071,知失,1
6072,失事,1
6073,勢恐,1
6074,恐自,1
6075,自罹,1
6076,罹罝,1
6077,罝罘,1
6078,罘湘,1
6079,且急,1
6080,急涼,1
6081,日修,1
6082,修修,1
6083,修胡,1
6084,為首,1
6085,首歸,1
6086,路旅,1
6087,旅泊,1
6088,泊尚,1
6089,尚夷,1
6090,猶昨,1
6091,者京,1
6092,京使,1
6093,使至,1
6094,至嗣,1
6095,皇傳,1
6096,傳冕,1
6097,冕旒,1
6098,旒赫,1
6099,赫然,1
6100,明詔,1
6101,詔首,1
6102,首罪,1
6103,罪誅,1
6104,誅共,1
6105,共吺,1
6106,吺複,1
6107,聞顛,1
6108,顛夭,1
6109,夭輩,1
6110,輩峨,1
6111,冠進,1
6112,進鴻,1
6113,鴻疇,1
6114,疇班,1
6115,行再,1
6116,再肅,1
6117,穆璜,1
6118,璜佩,1
6119,鳴琅,1
6120,琅璆,1
6121,璆佇,1
6122,佇繼,1
6123,繼貞,1
6124,貞觀,1
6125,觀烈,1
6126,烈邊,1
6127,邊封,1
6128,封脫,1
6129,脫兜,1
6130,鍪三,1
6131,三賢,1
6132,賢推,1
6133,推侍,1
6134,從卓,1
6135,犖傾,1
6136,傾枚,1
6137,枚鄒,1
6138,鄒高,1
6139,高議,1
6140,議參,1
6141,參造,1
6142,化清,1
6143,文煥,1
6144,煥皇,1
6145,皇猷,1
6146,猷協,1
6147,協心,1
6148,心輔,1
6149,輔齊,1
6150,齊聖,1
6151,聖致,1
6152,致理,1
6153,理同,1
6154,同毛,1
6155,毛輶,1
6156,輶小,1
6157,小雅,1
6158,雅詠,1
6159,詠鹿,1
6160,鳴食,1
6161,食蘋,1
6162,蘋貴,1
6163,貴呦,1
6164,呦呦,1
6165,呦遺,1
6166,遺風,1
6167,風邈,1
6168,邈不,1
6169,不嗣,1
6170,嗣豈,1
6171,豈憶,1
6172,憶嘗,1
6173,同裯,1
6174,裯失,1
6175,志早,1
6176,衰換,1
6177,換前,1
6178,前期,1
6179,期擬,1
6180,擬蜉,1
6181,蜉蝣,1
6182,蝣自,1
6183,從齒,1
6184,牙缺,1
6185,缺始,1
6186,始慕,1
6187,慕舌,1
6188,舌為,1
6189,為柔,1
6190,柔因,1
6191,因疾,1
6192,疾鼻,1
6193,鼻又,1
6194,又塞,1
6195,塞漸,1
6196,漸能,1
6197,能等,1
6198,等熏,1
6199,熏蕕,1
6200,蕕深,1
6201,深思,1
6202,思罷,1
6203,罷官,1
6204,去畢,1
6205,命依,1
6206,依松,1
6207,松楸,1
6208,楸空,1
6209,空懷,1
6210,能果,1
6211,果但,1
6212,但見,1
6213,見歲,1
6214,歲已,1
6215,已遒,1
6216,遒殷,1
6217,殷湯,1
6218,湯閔,1
6219,閔禽,1
6220,獸解,1
6221,解網,1
6222,網祝,1
6223,祝蛛,1
6224,蛛蝥,1
6225,蝥雷,1
6226,雷煥,1
6227,煥掘,1
6228,掘寶,1
6229,寶劍,1
6230,劍冤,1
6231,冤氛,1
6232,氛消,1
6233,消鬥,1
6234,牛茲,1
6235,茲道,1
6236,道誠,1
6237,能借,1
6238,借前,1
6239,前籌,1
6240,籌殷,1
6241,勤答,1
6242,答吾,1
6243,友明,1
6244,月非,1
6245,非暗,1
6246,暗投,1
6247,投夜,1
6248,歸孤,1
6249,舟臥,1
6250,臥輾,1
6251,轉空,1
6252,空及,1
6253,及晨,1
6254,晨謀,1
6255,謀計,1
6256,計竟,1
6257,何就,1
6258,就嗟,1
6259,世與,1
6260,與身,1
6261,身靜,1
6262,靜夜,1
6263,夜有,1
6264,清光,1
6265,光閑,1
6266,閑堂,1
6267,堂仍,1
6268,仍獨,1
6269,獨息,1
6270,息念,1
6271,念身,1
6272,身幸,1
6273,無恨,1
6274,恨志,1
6275,得樂,1
6276,樂哉,1
6277,哉何,1
6278,憂所,1
6279,憂非,1
6280,我力,1
6281,力夭,1
6282,夭行,1
6283,行失,1
6284,其度,1
6285,度陰,1
6286,氣來,1
6287,來幹,1
6288,幹陽,1
6289,陽重,1
6290,重雲,1
6291,雲閉,1
6292,閉白,1
6293,日炎,1
6294,炎燠,1
6295,燠成,1
6296,成寒,1
6297,涼小,1
6298,人但,1
6299,但咨,1
6300,咨怨,1
6301,怨君,1
6302,子惟,1
6303,憂傷,1
6304,傷飲,1
6305,食為,1
6306,為減,1
6307,減少,1
6308,少身,1
6309,身體,1
6310,體豈,1
6311,豈甯,1
6312,甯康,1
6313,康此,1
6314,志誠,1
6315,誠足,1
6316,足貴,1
6317,貴懼,1
6318,懼非,1
6319,職所,1
6320,當藜,1
6321,藜羹,1
6322,羹尚,1
6323,尚如,1
6324,此肉,1
6325,肉食,1
6326,食安,1
6327,可嘗,1
6328,嘗窮,1
6329,冬百,1
6330,草死,1
6331,幽桂,1
6332,桂乃,1
6333,乃芬,1
6334,芳且,1
6335,且況,1
6336,況天,1
6337,地間,1
6338,間大,1
6339,大運,1
6340,運自,1
6341,常勸,1
6342,君善,1
6343,善飲,1
6344,食鸞,1
6345,鳳本,1
6346,本高,1
6347,高翔,1
6348,翔江,1
6349,漢雖,1
6350,雲廣,1
6351,廣乘,1
6352,乘舟,1
6353,舟渡,1
6354,渡無,1
6355,無艱,1
6356,艱流,1
6357,沙信,1
6358,信難,1
6359,難行,1
6360,行馬,1
6361,馬足,1
6362,足常,1
6363,常往,1
6364,往還,1
6365,還淒,1
6366,淒風,1
6367,風結,1
6368,結沖,1
6369,沖波,1
6370,波狐,1
6371,狐裘,1
6372,裘能,1
6373,能禦,1
6374,禦寒,1
6375,寒終,1
6376,終宵,1
6377,宵處,1
6378,處幽,1
6379,幽室,1
6380,室華,1
6381,華燭,1
6382,燭光,1
6383,光爛,1
6384,爛爛,1
6385,爛苟,1
6386,苟能,1
6387,能行,1
6388,行忠,1
6389,忠信,1
6390,以居,1
6391,居夷,1
6392,夷蠻,1
6393,蠻嗟,1
6394,嗟余,1
6395,余與,1
6396,與夫,1
6397,子此,1
6398,此義,1
6399,義每,1
6400,每所,1
6401,所敦,1
6402,敦何,1
6403,為複,1
6404,複見,1
6405,見贈,1
6406,贈繾,1
6407,綣在,1
6408,不諼,1
6409,諼長,1
6410,安交,1
6411,交遊,1
6412,貧富,1
6413,富各,1
6414,徒親,1
6415,親朋,1
6416,朋相,1
6417,相過,1
6418,過時,1
6419,娛陋,1
6420,陋室,1
6421,室有,1
6422,文史,1
6423,史高,1
6424,門有,1
6425,有笙,1
6426,竽何,1
6427,能辨,1
6428,辨榮,1
6429,榮悴,1
6430,悴且,1
6431,欲分,1
6432,分賢,1
6433,愚誰,1
6434,聞鳳,1
6435,凰鳴,1
6436,鳴朅,1
6437,來岐,1
6438,下日,1
6439,暮邊,1
6440,邊鴻,1
6441,鴻驚,1
6442,驚丹,1
6443,丹穴,1
6444,穴五,1
6445,色羽,1
6446,羽其,1
6447,其名,1
6448,名為,1
6449,為鳳,1
6450,凰昔,1
6451,昔周,1
6452,周有,1
6453,有盛,1
6454,盛德,1
6455,德此,1
6456,此鳥,1
6457,鳴高,1
6458,高岡,1
6459,岡和,1
6460,和聲,1
6461,聲隨,1
6462,隨祥,1
6463,祥風,1
6464,風窅,1
6465,窅窕,1
6466,窕相,1
6467,相飄,1
6468,飄揚,1
6469,揚聞,1
6470,聞者,1
6471,者亦,1
6472,亦何,1
6473,事但,1
6474,但知,1
6475,俗康,1
6476,康自,1
6477,從公,1
6478,公旦,1
6479,旦死,1
6480,載閟,1
6481,閟其,1
6482,光吾,1
6483,君亦,1
6484,亦勤,1
6485,勤理,1
6486,理遲,1
6487,遲爾,1
6488,爾一,1
6489,來翔,1
6490,翔此,1
6491,日足,1
6492,足可,1
6493,惜此,1
6494,此酒,1
6495,足嘗,1
6496,嘗舍,1
6497,舍酒,1
6498,酒去,1
6499,去相,1
6500,相語,1
6501,語共,1
6502,共分,1
6503,光念,1
6504,知子,1
6505,子孟,1
6506,孟君,1
6507,自南,1
6508,矜有,1
6509,章我,1
6510,我名,1
6511,名屬,1
6512,屬相,1
6513,府欲,1
6514,往不,1
6515,得行,1
6516,行思,1
6517,思之,1
6518,見百,1
6519,百端,1
6520,端在,1
6521,中腸,1
6522,腸維,1
6523,維時,1
6524,時月,1
6525,月魄,1
6526,魄死,1
6527,死冬,1
6528,冬日,1
6529,日朝,1
6530,朝在,1
6531,在房,1
6532,房驅,1
6533,馳公,1
6534,事退,1
6535,退聞,1
6536,子適,1
6537,適及,1
6538,及城,1
6539,城命,1
6540,命車,1
6541,載之,1
6542,之至,1
6543,至引,1
6544,引坐,1
6545,坐于,1
6546,于中,1
6547,堂開,1
6548,開懷,1
6549,懷聽,1
6550,其說,1
6551,說往,1
6552,往副,1
6553,副所,1
6554,所望,1
6555,望孔,1
6556,丘歿,1
6557,歿已,1
6558,遠仁,1
6559,義路,1
6560,路久,1
6561,久荒,1
6562,荒紛,1
6563,紛百,1
6564,家起,1
6565,起詭,1
6566,詭怪,1
6567,怪相,1
6568,相披,1
6569,猖長,1
6570,長老,1
6571,老守,1
6572,守所,1
6573,聞後,1
6574,生習,1
6575,習為,1
6576,為常,1
6577,常少,1
6578,少知,1
6579,知誠,1
6580,得純,1
6581,純粹,1
6582,粹古,1
6583,古已,1
6584,已亡,1
6585,亡譬,1
6586,彼植,1
6587,植園,1
6588,園木,1
6589,有根,1
6590,根易,1
6591,易為,1
6592,為長,1
6593,長留,1
6594,留之,1
6595,不遣,1
6596,遣去,1
6597,去館,1
6598,置城,1
6599,西旁,1
6600,旁歲,1
6601,幾浩,1
6602,浩觀,1
6603,觀湖,1
6604,湖江,1
6605,江眾,1
6606,眾夫,1
6607,夫指,1
6608,指之,1
6609,之笑,1
6610,笑謂,1
6611,明兒,1
6612,童畏,1
6613,畏雷,1
6614,電魚,1
6615,鱉驚,1
6616,驚夜,1
6617,夜光,1
6618,光州,1
6619,家舉,1
6620,舉進,1
6621,士選,1
6622,選試,1
6623,試繆,1
6624,繆所,1
6625,當馳,1
6626,馳辭,1
6627,辭對,1
6628,對我,1
6629,我策,1
6630,策章,1
6631,章句,1
6632,句何,1
6633,何煒,1
6634,煒煌,1
6635,煌相,1
6636,公朝,1
6637,朝服,1
6638,服立,1
6639,立工,1
6640,工席,1
6641,席歌,1
6642,歌鹿,1
6643,鳴禮,1
6644,禮終,1
6645,終樂,1
6646,樂亦,1
6647,亦闋,1
6648,闋相,1
6649,相拜,1
6650,拜送,1
6651,庭之,1
6652,去須,1
6653,臾赫,1
6654,赫流,1
6655,流盛,1
6656,盛名,1
6657,名竊,1
6658,竊喜,1
6659,喜複,1
6660,複竊,1
6661,竊歎,1
6662,歎諒,1
6663,諒知,1
6664,所成,1
6665,成人,1
6666,事安,1
6667,可恒,1
6668,恒奄,1
6669,奄忽,1
6670,忽令,1
6671,令我,1
6672,我傷,1
6673,傷聞,1
6674,子高,1
6675,第日,1
6676,正從,1
6677,公喪,1
6678,喪哀,1
6679,哀情,1
6680,情逢,1
6681,逢吉,1
6682,吉語,1
6683,語惝,1
6684,惝恍,1
6685,恍難,1
6686,為雙,1
6687,雙暮,1
6688,宿偃,1
6689,偃師,1
6690,西徒,1
6691,徒輾,1
6692,轉在,1
6693,在床,1
6694,夜聞,1
6695,聞汴,1
6696,州亂,1
6697,亂繞,1
6698,繞壁,1
6699,壁行,1
6700,行彷,1
6701,徨我,1
6702,時留,1
6703,留妻,1
6704,子倉,1
6705,倉卒,1
6706,卒不,1
6707,復期,1
6708,期零,1
6709,落甘,1
6710,所丁,1
6711,丁驕,1
6712,驕兒,1
6713,兒未,1
6714,未絕,1
6715,絕乳,1
6716,乳念,1
6717,念之,1
6718,忘忽,1
6719,如在,1
6720,在我,1
6721,所耳,1
6722,耳若,1
6723,若聞,1
6724,聞啼,1
6725,啼聲,1
6726,聲中,1
6727,中途,1
6728,途安,1
6729,返一,1
6730,可更,1
6731,更俄,1
6732,俄有,1
6733,有東,1
6734,東來,1
6735,來說,1
6736,說我,1
6737,家免,1
6738,免罹,1
6739,罹殃,1
6740,殃乘,1
6741,乘船,1
6742,船下,1
6743,下汴,1
6744,去趨,1
6745,趨彭,1
6746,城從,1
6747,從喪,1
6748,喪朝,1
6749,朝至,1
6750,至洛,1
6751,洛還,1
6752,還走,1
6753,走不,1
6754,及停,1
6755,停假,1
6756,假道,1
6757,道經,1
6758,經盟,1
6759,盟津,1
6760,津出,1
6761,入行,1
6762,行澗,1
6763,澗岡,1
6764,岡日,1
6765,日西,1
6766,西入,1
6767,入軍,1
6768,門羸,1
6769,羸馬,1
6770,顛且,1
6771,僵主,1
6772,人願,1
6773,願少,1
6774,少留,1
6775,留延,1
6776,延入,1
6777,入陳,1
6778,陳壺,1
6779,壺觴,1
6780,觴卑,1
6781,卑賤,1
6782,賤不,1
6783,辭忽,1
6784,忽心,1
6785,如狂,1
6786,狂飲,1
6787,食豈,1
6788,知味,1
6789,味絲,1
6790,竹徒,1
6791,徒轟,1
6792,轟平,1
6793,明脫,1
6794,身去,1
6795,去決,1
6796,驚鳧,1
6797,鳧翔,1
6798,翔黃,1
6799,昏次,1
6800,次汜,1
6801,汜水,1
6802,水欲,1
6803,欲過,1
6804,過無,1
6805,無舟,1
6806,舟航,1
6807,航號,1
6808,呼久,1
6809,乃至,1
6810,至夜,1
6811,夜濟,1
6812,濟十,1
6813,裏黃,1
6814,黃中,1
6815,中流,1
6816,流上,1
6817,上灘,1
6818,灘潬,1
6819,潬沙,1
6820,水不,1
6821,可詳,1
6822,詳驚,1
6823,波暗,1
6824,暗合,1
6825,合遝,1
6826,遝星,1
6827,宿爭,1
6828,爭翻,1
6829,翻芒,1
6830,芒轅,1
6831,轅馬,1
6832,馬蹢,1
6833,蹢躅,1
6834,躅鳴,1
6835,鳴左,1
6836,右泣,1
6837,泣僕,1
6838,僕童,1
6839,童甲,1
6840,甲午,1
6841,午憩,1
6842,憩時,1
6843,時門,1
6844,門臨,1
6845,臨泉,1
6846,泉窺,1
6847,窺鬥,1
6848,鬥龍,1
6849,龍東,1
6850,南出,1
6851,出陳,1
6852,陳許,1
6853,許陂,1
6854,陂澤,1
6855,澤平,1
6856,平茫,1
6857,茫道,1
6858,邊草,1
6859,木花,1
6860,花紅,1
6861,相低,1
6862,昂百,1
6863,角角,1
6864,雄雉,1
6865,雉鳴,1
6866,鳴行,1
6867,月暮,1
6868,暮乃,1
6869,乃及,1
6870,及徐,1
6871,徐南,1
6872,南疆,1
6873,疆下,1
6874,馬步,1
6875,步堤,1
6876,堤岸,1
6877,岸上,1
6878,上船,1
6879,船拜,1
6880,拜吾,1
6881,兄誰,1
6882,雲經,1
6883,經艱,1
6884,難百,1
6885,口無,1
6886,無夭,1
6887,夭殤,1
6888,殤僕,1
6889,射南,1
6890,陽公,1
6891,公宅,1
6892,宅我,1
6893,我睢,1
6894,睢水,1
6895,水陽,1
6896,陽篋,1
6897,餘衣,1
6898,衣盎,1
6899,盎中,1
6900,餘糧,1
6901,糧閉,1
6902,門讀,1
6903,史窗,1
6904,窗戶,1
6905,戶忽,1
6906,忽已,1
6907,已涼,1
6908,涼日,1
6909,日念,1
6910,念子,1
6911,來遊,1
6912,遊子,1
6913,子豈,1
6914,我情,1
6915,情別,1
6916,離未,1
6917,未為,1
6918,久辛,1
6919,苦多,1
6920,經對,1
6921,對食,1
6922,食每,1
6923,每不,1
6924,不飽,1
6925,飽共,1
6926,共言,1
6927,倦聽,1
6928,聽連,1
6929,延三,1
6930,日晨,1
6931,坐達,1
6932,達五,1
6933,五更,1
6934,更我,1
6935,友二,1
6936,子宦,1
6937,宦遊,1
6938,遊在,1
6939,西京,1
6940,京東,1
6941,野窺,1
6942,窺禹,1
6943,穴李,1
6944,翱觀,1
6945,觀濤,1
6946,濤江,1
6947,江蕭,1
6948,條千,1
6949,里會,1
6950,合安,1
6951,可逢,1
6952,逢淮,1
6953,淮之,1
6954,水舒,1
6955,舒舒,1
6956,舒楚,1
6957,楚山,1
6958,直叢,1
6959,叢叢,1
6960,叢子,1
6961,子又,1
6962,又舍,1
6963,我懷,1
6964,焉所,1
6965,窮男,1
6966,兒不,1
6967,再壯,1
6968,百歲,1
6969,歲如,1
6970,如風,1
6971,風狂,1
6972,狂高,1
6973,高爵,1
6974,爵尚,1
6975,求無,1
6976,為守,1
6977,一鄉,1
6978,鄉凝,1
6979,凝妝,1
6980,妝耀,1
6981,耀洲,1
6982,渚繁,1
6983,繁吹,1
6984,吹蕩,1
6985,蕩人,1
6986,心間,1
6987,間關,1
6988,關林,1
6989,林中,1
6990,鳥亦,1
6991,亦知,1
6992,知和,1
6993,和為,1
6994,為音,1
6995,音豈,1
6996,酒自,1
6997,自酌,1
6998,酌還,1
6999,自吟,1
7000,吟但,1
7001,但悲,1
7002,悲時,1
7003,易失,1
7004,失四,1
7005,四序,1
7006,序迭,1
7007,迭相,1
7008,相侵,1
7009,侵我,1
7010,行視,1
7011,視古,1
7012,猶視,1
7013,視今,1
7014,今利,1
7015,害有,1
7016,常勢,1
7017,勢取,1
7018,取捨,1
7019,捨無,1
7020,定姿,1
7021,姿焉,1
7022,皎遠,1
7023,遠憂,1
7024,憂疑,1
7025,疑落,1
7026,落葉,1
7027,葉不,1
7028,更息,1
7029,息斷,1
7030,斷蓬,1
7031,蓬無,1
7032,複歸,1
7033,歸飄,1
7034,颻終,1
7035,終自,1
7036,自異,1
7037,異邂,1
7038,逅暫,1
7039,暫相,1
7040,相依,1
7041,依悄,1
7042,悄悄,1
7043,悄深,1
7044,深夜,1
7045,夜語,1
7046,語悠,1
7047,悠寒,1
7048,寒月,1
7049,月輝,1
7050,輝誰,1
7051,雲少,1
7052,年別,1
7053,別流,1
7054,流淚,1
7055,淚各,1
7056,各沾,1
7057,衣天,1
7058,下兵,1
7059,兵又,1
7060,又動,1
7061,動太,1
7062,平竟,1
7063,時籲,1
7064,籲謨,1
7065,謨者,1
7066,乃失,1
7067,宜前,1
7068,年關,1
7069,關中,1
7070,中旱,1
7071,旱閭,1
7072,閭井,1
7073,井多,1
7074,多死,1
7075,死饑,1
7076,饑去,1
7077,歲東,1
7078,郡水,1
7079,水生,1
7080,生民,1
7081,為流,1
7082,流屍,1
7083,屍上,1
7084,不虛,1
7085,虛應,1
7086,應禍,1
7087,福各,1
7088,有隨,1
7089,進短,1
7090,短策,1
7091,策無,1
7092,由至,1
7093,至彤,1
7094,彤墀,1
7095,墀刳,1
7096,刳肝,1
7097,肝以,1
7098,為紙,1
7099,紙瀝,1
7100,瀝血,1
7101,血以,1
7102,以書,1
7103,書辭,1
7104,辭上,1
7105,言陳,1
7106,陳堯,1
7107,舜下,1
7108,言引,1
7109,龍夔,1
7110,夔言,1
7111,言詞,1
7112,詞多,1
7113,激文,1
7114,字少,1
7115,少葳,1
7116,蕤一,1
7117,一讀,1
7118,讀已,1
7119,自怪,1
7120,怪再,1
7121,再尋,1
7122,尋良,1
7123,疑食,1
7124,食芹,1
7125,芹雖,1
7126,雲美,1
7127,美獻,1
7128,獻禦,1
7129,禦固,1
7130,已癡,1
7131,癡緘,1
7132,緘封,1
7133,封在,1
7134,在骨,1
7135,骨髓,1
7136,髓耿,1
7137,耿空,1
7138,自奇,1
7139,奇昨,1
7140,者到,1
7141,城屢,1
7142,屢陪,1
7143,陪高,1
7144,高車,1
7145,車馳,1
7146,馳周,1
7147,多俊,1
7148,俊異,1
7149,異議,1
7150,疵見,1
7151,見待,1
7152,待頗,1
7153,頗異,1
7154,異禮,1
7155,禮未,1
7156,能去,1
7157,去毛,1
7158,毛皮,1
7159,皮到,1
7160,到口,1
7161,口不,1
7162,敢吐,1
7163,吐徐,1
7164,徐徐,1
7165,徐俟,1
7166,其巇,1
7167,巇歸,1
7168,來戎,1
7169,馬間,1
7170,間驚,1
7171,驚顧,1
7172,顧似,1
7173,似羈,1
7174,羈雌,1
7175,雌連,1
7176,日或,1
7177,或不,1
7178,語終,1
7179,朝見,1
7180,相欺,1
7181,欺乘,1
7182,乘閑,1
7183,閑輒,1
7184,輒騎,1
7185,騎馬,1
7186,馬茫,1
7187,茫詣,1
7188,詣空,1
7189,空陂,1
7190,陂遇,1
7191,遇酒,1
7192,酒即,1
7193,即酩,1
7194,酊君,1
7195,誰煌,1
7196,煌東,1
7197,方星,1
7198,星奈,1
7199,此眾,1
7200,眾客,1
7201,客醉,1
7202,醉初,1
7203,初喧,1
7204,喧或,1
7205,或忿,1
7206,忿爭,1
7207,爭中,1
7208,中靜,1
7209,靜雜,1
7210,雜嘲,1
7211,嘲戲,1
7212,戲淋,1
7213,漓身,1
7214,上衣,1
7215,衣顛,1
7216,倒筆,1
7217,筆下,1
7218,下字,1
7219,字人,1
7220,此少,1
7221,少酒,1
7222,酒賤,1
7223,賤且,1
7224,且勤,1
7225,勤置,1
7226,皆勸,1
7227,我酒,1
7228,酒我,1
7229,我若,1
7230,若耳,1
7231,聞今,1
7232,日到,1
7233,君家,1
7234,家呼,1
7235,呼酒,1
7236,酒持,1
7237,持勸,1
7238,上客,1
7239,客及,1
7240,及余,1
7241,余各,1
7242,各能,1
7243,能文,1
7244,文君,1
7245,詩多,1
7246,多態,1
7247,態度,1
7248,度藹,1
7249,藹春,1
7250,春空,1
7251,空雲,1
7252,野動,1
7253,動驚,1
7254,驚俗,1
7255,俗天,1
7256,天葩,1
7257,葩吐,1
7258,吐奇,1
7259,奇芬,1
7260,芬張,1
7261,籍學,1
7262,學古,1
7263,古淡,1
7264,淡軒,1
7265,軒鶴,1
7266,鶴避,1
7267,避雞,1
7268,雞群,1
7269,群阿,1
7270,阿買,1
7271,買不,1
7272,識字,1
7273,字頗,1
7274,頗知,1
7275,知書,1
7276,書八,1
7277,八分,1
7278,分詩,1
7279,之寫,1
7280,寫亦,1
7281,足張,1
7282,張吾,1
7283,吾軍,1
7284,軍所,1
7285,以欲,1
7286,欲得,1
7287,酒為,1
7288,文俟,1
7289,其醺,1
7290,醺酒,1
7291,味既,1
7292,既冷,1
7293,冷冽,1
7294,冽酒,1
7295,酒氣,1
7296,氣又,1
7297,又氛,1
7298,氳性,1
7299,情漸,1
7300,漸浩,1
7301,浩諧,1
7302,諧笑,1
7303,笑方,1
7304,方云,1
7305,云云,1
7306,云此,1
7307,誠得,1
7308,酒意,1
7309,意餘,1
7310,餘外,1
7311,外徒,1
7312,徒繽,1
7313,紛長,1
7314,安眾,1
7315,眾富,1
7316,富兒,1
7317,兒盤,1
7318,饌羅,1
7319,羅膻,1
7320,膻葷,1
7321,葷不,1
7322,解文,1
7323,字飲,1
7324,飲惟,1
7325,惟能,1
7326,能醉,1
7327,醉紅,1
7328,紅裙,1
7329,裙雖,1
7330,一餉,1
7331,餉樂,1
7332,樂有,1
7333,如聚,1
7334,聚飛,1
7335,飛蚊,1
7336,蚊今,1
7337,今我,1
7338,我及,1
7339,及數,1
7340,數子,1
7341,無蕕,1
7342,蕕與,1
7343,與熏,1
7344,熏險,1
7345,險語,1
7346,語破,1
7347,破鬼,1
7348,鬼膽,1
7349,膽高,1
7350,高詞,1
7351,詞媲,1
7352,媲皇,1
7353,皇墳,1
7354,墳至,1
7355,寶不,1
7356,不雕,1
7357,琢神,1
7358,神功,1
7359,功謝,1
7360,謝鋤,1
7361,鋤耘,1
7362,耘方,1
7363,今向,1
7364,向太,1
7365,平元,1
7366,元凱,1
7367,凱承,1
7368,承華,1
7369,華勳,1
7370,勳吾,1
7371,徒幸,1
7372,事庶,1
7373,以窮,1
7374,窮朝,1
7375,朝曛,1
7376,曛南,1
7377,方二,1
7378,月半,1
7379,半春,1
7380,春物,1
7381,物亦,1
7382,已少,1
7383,少維,1
7384,間晨,1
7385,坐聽,1
7386,聽百,1
7387,鳥宿,1
7388,雲尚,1
7389,尚含,1
7390,含姿,1
7391,姿朝,1
7392,忽升,1
7393,升曉,1
7394,曉羈,1
7395,旅感,1
7396,感和,1
7397,和鳴,1
7398,鳴囚,1
7399,囚拘,1
7400,拘念,1
7401,念輕,1
7402,輕矯,1
7403,矯潺,1
7404,湲淚,1
7405,淚久,1
7406,久迸,1
7407,迸詰,1
7408,詰曲,1
7409,曲思,1
7410,思增,1
7411,增繞,1
7412,繞行,1
7413,行矣,1
7414,矣且,1
7415,且無,1
7416,無然,1
7417,然蓋,1
7418,蓋棺,1
7419,棺事,1
7420,事乃,1
7421,乃了,1
7422,了惠,1
7423,惠師,1
7424,師浮,1
7425,屠者,1
7426,者乃,1
7427,乃是,1
7428,是不,1
7429,不羈,1
7430,羈人,1
7431,五愛,1
7432,水超,1
7433,超然,1
7434,然謝,1
7435,謝朋,1
7436,朋親,1
7437,親脫,1
7438,脫冠,1
7439,冠剪,1
7440,剪頭,1
7441,頭髮,1
7442,髮飛,1
7443,飛步,1
7444,步遺,1
7445,遺蹤,1
7446,蹤塵,1
7447,塵發,1
7448,發跡,1
7449,跡入,1
7450,入四,1
7451,四明,1
7452,明梯,1
7453,梯空,1
7454,空上,1
7455,秋旻,1
7456,旻遂,1
7457,遂登,1
7458,登天,1
7459,天臺,1
7460,臺望,1
7461,望眾,1
7462,眾壑,1
7463,壑皆,1
7464,皆嶙,1
7465,嶙峋,1
7466,峋夜,1
7467,宿最,1
7468,最高,1
7469,高頂,1
7470,頂舉,1
7471,看星,1
7472,辰光,1
7473,光芒,1
7474,芒相,1
7475,相照,1
7476,燭南,1
7477,北爭,1
7478,爭羅,1
7479,羅陳,1
7480,陳茲,1
7481,地絕,1
7482,絕翔,1
7483,翔走,1
7484,走自,1
7485,然嚴,1
7486,嚴且,1
7487,且神,1
7488,神微,1
7489,微風,1
7490,吹木,1
7491,石澎,1
7492,澎湃,1
7493,湃聞,1
7494,聞韶,1
7495,韶鈞,1
7496,鈞夜,1
7497,半起,1
7498,起下,1
7499,視溟,1
7500,溟波,1
7501,波銜,1
7502,銜日,1
7503,輪魚,1
7504,驚踴,1
7505,躍叫,1
7506,叫嘯,1
7507,嘯成,1
7508,成悲,1
7509,悲辛,1
7510,辛怪,1
7511,氣或,1
7512,或紫,1
7513,紫赤,1
7514,赤敲,1
7515,敲磨,1
7516,磨共,1
7517,共輪,1
7518,囷金,1
7519,金鴉,1
7520,鴉既,1
7521,既騰,1
7522,騰翥,1
7523,翥六,1
7524,合俄,1
7525,俄清,1
7526,清新,1
7527,新常,1
7528,常聞,1
7529,聞禹,1
7530,穴奇,1
7531,奇東,1
7532,去窺,1
7533,窺甌,1
7534,甌閩,1
7535,閩越,1
7536,俗不,1
7537,其真,1
7538,真幽,1
7539,幽蹤,1
7540,蹤邈,1
7541,邈難,1
7542,得聖,1
7543,聖路,1
7544,路嗟,1
7545,嗟長,1
7546,長堙,1
7547,堙回,1
7548,回臨,1
7549,臨浙,1
7550,浙江,1
7551,江濤,1
7552,濤屹,1
7553,屹起,1
7554,起高,1
7555,高峨,1
7556,峨岷,1
7557,岷壯,1
7558,志死,1
7559,不息,1
7560,息千,1
7561,年如,1
7562,晨是,1
7563,非竟,1
7564,去非,1
7565,吾倫,1
7566,倫淩,1
7567,淩江,1
7568,江詣,1
7569,詣廬,1
7570,廬嶽,1
7571,嶽浩,1
7572,蕩極,1
7573,極遊,1
7574,遊巡,1
7575,巡崔,1
7576,崔崒,1
7577,崒沒,1
7578,沒雲,1
7579,雲表,1
7580,表陂,1
7581,陂陀,1
7582,陀浸,1
7583,浸湖,1
7584,湖淪,1
7585,淪是,1
7586,時雨,1
7587,雨初,1
7588,初霽,1
7589,霽懸,1
7590,懸瀑,1
7591,瀑垂,1
7592,天紳,1
7593,紳前,1
7594,年往,1
7595,往羅,1
7596,羅浮,1
7597,浮步,1
7598,步戛,1
7599,戛南,1
7600,海漘,1
7601,漘大,1
7602,哉陽,1
7603,陽德,1
7604,德盛,1
7605,盛榮,1
7606,榮茂,1
7607,茂恒,1
7608,恒留,1
7609,留春,1
7610,春鵬,1
7611,鵬鶱,1
7612,鶱墮,1
7613,墮長,1
7614,翮鯨,1
7615,鯨戲,1
7616,戲側,1
7617,側修,1
7618,修鱗,1
7619,鱗自,1
7620,自來,1
7621,來連,1
7622,州寺,1
7623,寺曾,1
7624,曾未,1
7625,未造,1
7626,造城,1
7627,闉日,1
7628,日攜,1
7629,攜青,1
7630,雲客,1
7631,客探,1
7632,探勝,1
7633,勝窮,1
7634,崖濱,1
7635,濱太,1
7636,守邀,1
7637,邀不,1
7638,群官,1
7639,官請,1
7640,請徒,1
7641,徒頻,1
7642,頻囊,1
7643,囊無,1
7644,一金,1
7645,金資,1
7646,資翻,1
7647,翻謂,1
7648,謂富,1
7649,貧昨,1
7650,忽不,1
7651,令訪,1
7652,訪其,1
7653,其鄰,1
7654,鄰奔,1
7655,自追,1
7656,追及,1
7657,及把,1
7658,把手,1
7659,手問,1
7660,問所,1
7661,所因,1
7662,因顧,1
7663,我卻,1
7664,卻興,1
7665,歎君,1
7666,君甯,1
7667,甯異,1
7668,於民,1
7669,民離,1
7670,合自,1
7671,古然,1
7672,然辭,1
7673,辭別,1
7674,別安,1
7675,足珍,1
7676,珍吾,1
7677,聞九,1
7678,好夙,1
7679,夙志,1
7680,志今,1
7681,今欲,1
7682,欲伸,1
7683,伸斑,1
7684,斑竹,1
7685,竹啼,1
7686,啼舜,1
7687,舜婦,1
7688,婦清,1
7689,湘沈,1
7690,沈楚,1
7691,楚臣,1
7692,臣衡,1
7693,衡山,1
7694,山與,1
7695,與洞,1
7696,庭此,1
7697,此固,1
7698,固道,1
7699,所循,1
7700,循尋,1
7701,尋崧,1
7702,崧方,1
7703,方抵,1
7704,抵洛,1
7705,洛曆,1
7706,曆華,1
7707,華遂,1
7708,遂之,1
7709,之秦,1
7710,秦浮,1
7711,游靡,1
7712,靡定,1
7713,處偶,1
7714,偶往,1
7715,往即,1
7716,即通,1
7717,通津,1
7718,津吾,1
7719,吾言,1
7720,去子,1
7721,道非,1
7722,吾遵,1
7723,遵江,1
7724,魚不,1
7725,不池,1
7726,池活,1
7727,活野,1
7728,野鳥,1
7729,鳥難,1
7730,難籠,1
7731,籠馴,1
7732,馴吾,1
7733,吾非,1
7734,非西,1
7735,西方,1
7736,方教,1
7737,教憐,1
7738,子狂,1
7739,狂且,1
7740,且醇,1
7741,醇吾,1
7742,吾嫉,1
7743,嫉惰,1
7744,惰遊,1
7745,者憐,1
7746,子愚,1
7747,愚且,1
7748,且諄,1
7749,諄去,1
7750,矣各,1
7751,各異,1
7752,趣何,1
7753,浪沾,1
7754,沾巾,1
7755,巾佛,1
7756,佛法,1
7757,法入,1
7758,國爾,1
7759,來六,1
7760,年齊,1
7761,齊民,1
7762,民逃,1
7763,逃賦,1
7764,賦役,1
7765,役高,1
7766,士著,1
7767,著幽,1
7768,幽禪,1
7769,禪官,1
7770,不之,1
7771,之制,1
7772,制紛,1
7773,紛聽,1
7774,其然,1
7775,然耕,1
7776,桑日,1
7777,日失,1
7778,失隸,1
7779,隸朝,1
7780,朝署,1
7781,署時,1
7782,時遺,1
7783,遺賢,1
7784,賢靈,1
7785,師皇,1
7786,甫姓,1
7787,姓胤,1
7788,胤胄,1
7789,胄本,1
7790,本蟬,1
7791,蟬聯,1
7792,聯少,1
7793,小涉,1
7794,涉書,1
7795,史早,1
7796,早能,1
7797,能綴,1
7798,綴文,1
7799,文篇,1
7800,篇中,1
7801,得意,1
7802,意失,1
7803,失跡,1
7804,跡成,1
7805,成延,1
7806,延遷,1
7807,遷逸,1
7808,逸志,1
7809,志不,1
7810,不拘,1
7811,拘教,1
7812,教軒,1
7813,騰斷,1
7814,斷牽,1
7815,牽攣,1
7816,攣圍,1
7817,圍棋,1
7818,棋鬥,1
7819,鬥白,1
7820,黑生,1
7821,死隨,1
7822,隨機,1
7823,機權,1
7824,權六,1
7825,六博,1
7826,博在,1
7827,擲梟,1
7828,梟盧,1
7829,盧叱,1
7830,叱迴,1
7831,旋戰,1
7832,戰詩,1
7833,詩誰,1
7834,與敵,1
7835,敵浩,1
7836,汗橫,1
7837,橫戈,1
7838,戈鋋,1
7839,鋋飲,1
7840,酒盡,1
7841,盡百,1
7842,百盞,1
7843,盞嘲,1
7844,嘲諧,1
7845,諧思,1
7846,思逾,1
7847,逾鮮,1
7848,鮮有,1
7849,時醉,1
7850,醉花,1
7851,花月,1
7852,唱清,1
7853,且綿,1
7854,綿四,1
7855,座咸,1
7856,咸寂,1
7857,寂默,1
7858,默杳,1
7859,杳如,1
7860,如奏,1
7861,奏湘,1
7862,湘弦,1
7863,弦尋,1
7864,尋勝,1
7865,勝不,1
7866,憚險,1
7867,險黔,1
7868,黔江,1
7869,江屢,1
7870,屢洄,1
7871,洄沿,1
7872,沿瞿,1
7873,瞿塘,1
7874,塘五,1
7875,六月,1
7876,月驚,1
7877,電讓,1
7878,讓歸,1
7879,歸船,1
7880,船怒,1
7881,怒水,1
7882,水忽,1
7883,忽中,1
7884,中裂,1
7885,裂千,1
7886,千尋,1
7887,尋墮,1
7888,墮幽,1
7889,幽泉,1
7890,泉環,1
7891,回勢,1
7892,益急,1
7893,急仰,1
7894,見團,1
7895,團天,1
7896,天投,1
7897,投身,1
7898,身豈,1
7899,得計,1
7900,計性,1
7901,命甘,1
7902,甘徒,1
7903,徒捐,1
7904,捐浪,1
7905,浪沫,1
7906,沫蹙,1
7907,蹙翻,1
7908,翻湧,1
7909,湧漂,1
7910,漂浮,1
7911,浮再,1
7912,再生,1
7913,全同,1
7914,十人,1
7915,人魂,1
7916,魂骨,1
7917,骨俱,1
7918,俱坑,1
7919,坑填,1
7920,填靈,1
7921,掛懷,1
7922,懷冒,1
7923,冒涉,1
7924,涉道,1
7925,道轉,1
7926,轉延,1
7927,延開,1
7928,開忠,1
7929,忠二,1
7930,二州,1
7931,州牧,1
7932,牧詩,1
7933,賦時,1
7934,時多,1
7935,多傳,1
7936,失職,1
7937,職不,1
7938,不把,1
7939,把筆,1
7940,筆珠,1
7941,珠璣,1
7942,璣為,1
7943,君編,1
7944,編強,1
7945,強留,1
7946,留費,1
7947,費日,1
7948,月密,1
7949,密席,1
7950,席羅,1
7951,羅嬋,1
7952,嬋娟,1
7953,娟昨,1
7954,者至,1
7955,至林,1
7956,林邑,1
7957,邑使,1
7958,君數,1
7959,數開,1
7960,筵逐,1
7961,逐客,1
7962,客三,1
7963,四公,1
7964,公盈,1
7965,盈懷,1
7966,懷贈,1
7967,贈蘭,1
7968,蘭荃,1
7969,荃湖,1
7970,湖遊,1
7971,遊泛,1
7972,泛漭,1
7973,漭沆,1
7974,沆溪,1
7975,溪宴,1
7976,宴駐,1
7977,駐潺,1
7978,湲別,1
7979,別語,1
7980,許出,1
7981,出行,1
7982,行裾,1
7983,裾動,1
7984,動遭,1
7985,遭牽,1
7986,牽鄰,1
7987,鄰州,1
7988,州競,1
7989,競招,1
7990,招請,1
7991,請書,1
7992,書劄,1
7993,劄何,1
7994,何翩,1
7995,翩翩,1
7996,翩十,1
7997,下桂,1
7998,桂嶺,1
7999,嶺乘,1
8000,乘寒,1
8001,寒恣,1
8002,恣窺,1
8003,窺緣,1
8004,緣落,1
8005,落王,1
8006,王員,1
8007,外爭,1
8008,爭迎,1
8009,迎獲,1
8010,獲其,1
8011,其先,1
8012,從入,1
8013,入賓,1
8014,賓館,1
8015,館占,1
8016,占吝,1
8017,吝久,1
8018,久能,1
8019,能專,1
8020,專吾,1
8021,徒頗,1
8022,頗攜,1
8023,攜被,1
8024,被接,1
8025,接宿,1
8026,宿窮,1
8027,窮歡,1
8028,歡妍,1
8029,妍聽,1
8030,聽說,1
8031,說兩,1
8032,兩京,1
8033,京事,1
8034,事分,1
8035,分明,1
8036,明皆,1
8037,前縱,1
8038,橫雜,1
8039,雜謠,1
8040,謠俗,1
8041,俗瑣,1
8042,瑣屑,1
8043,屑咸,1
8044,咸羅,1
8045,羅穿,1
8046,穿材,1
8047,材調,1
8048,調真,1
8049,惜朱,1
8050,朱丹,1
8051,丹在,1
8052,在磨,1
8053,磨研,1
8054,研方,1
8055,方將,1
8056,將斂,1
8057,斂之,1
8058,之道,1
8059,道且,1
8060,欲冠,1
8061,冠其,1
8062,其顛,1
8063,顛韶,1
8064,韶陽,1
8065,陽李,1
8066,李太,1
8067,守高,1
8068,高步,1
8069,步淩,1
8070,淩雲,1
8071,雲煙,1
8072,煙得,1
8073,得客,1
8074,客輒,1
8075,輒忘,1
8076,忘食,1
8077,食開,1
8078,開囊,1
8079,囊乞,1
8080,乞繒,1
8081,繒錢,1
8082,錢手,1
8083,持南,1
8084,南曹,1
8085,曹敘,1
8086,敘字,1
8087,字重,1
8088,重青,1
8089,青瑤,1
8090,瑤鐫,1
8091,鐫古,1
8092,古氣,1
8093,氣參,1
8094,參彖,1
8095,彖系,1
8096,系高,1
8097,標摧,1
8098,摧太,1
8099,太玄,1
8100,玄維,1
8101,舟事,1
8102,事幹,1
8103,幹謁,1
8104,謁披,1
8105,披讀,1
8106,讀頭,1
8107,頭風,1
8108,風痊,1
8109,痊還,1
8110,還如,1
8111,如舊,1
8112,舊相,1
8113,識傾,1
8114,傾壺,1
8115,壺暢,1
8116,暢幽,1
8117,幽悁,1
8118,悁以,1
8119,此複,1
8120,複留,1
8121,留滯,1
8122,滯歸,1
8123,歸驂,1
8124,驂幾,1
8125,時鞭,1
8126,鞭少,1
8127,小尚,1
8128,尚奇,1
8129,奇偉,1
8130,偉平,1
8131,足悲,1
8132,吒猶,1
8133,嫌子,1
8134,子夏,1
8135,夏儒,1
8136,儒肯,1
8137,肯學,1
8138,學樊,1
8139,樊遲,1
8140,遲稼,1
8141,稼事,1
8142,業窺,1
8143,窺皋,1
8144,皋稷,1
8145,稷文,1
8146,章蔑,1
8147,蔑曹,1
8148,曹謝,1
8149,謝濯,1
8150,濯纓,1
8151,纓起,1
8152,起江,1
8153,湖綴,1
8154,綴佩,1
8155,佩雜,1
8156,雜蘭,1
8157,蘭麝,1
8158,麝悠,1
8159,悠指,1
8160,指長,1
8161,長道,1
8162,道去,1
8163,去策,1
8164,策高,1
8165,高駕,1
8166,駕誰,1
8167,為傾,1
8168,傾國,1
8169,國謀,1
8170,謀自,1
8171,自許,1
8172,許連,1
8173,連城,1
8174,城價,1
8175,價初,1
8176,初隨,1
8177,隨計,1
8178,計吏,1
8179,吏貢,1
8180,貢屢,1
8181,屢入,1
8182,入澤,1
8183,澤宮,1
8184,宮射,1
8185,射雖,1
8186,雖免,1
8187,免十,1
8188,十上,1
8189,上勞,1
8190,一戰,1
8191,戰霸,1
8192,霸人,1
8193,情忌,1
8194,忌殊,1
8195,異世,1
8196,路多,1
8197,多權,1
8198,權詐,1
8199,詐蹉,1
8200,跎顏,1
8201,顏遂,1
8202,遂低,1
8203,低摧,1
8204,摧折,1
8205,折氣,1
8206,氣愈,1
8207,下冶,1
8208,冶長,1
8209,長信,1
8210,信非,1
8211,罪侯,1
8212,生或,1
8213,或遭,1
8214,遭罵,1
8215,罵懷,1
8216,懷書,1
8217,書出,1
8218,出皇,1
8219,都銜,1
8220,銜淚,1
8221,淚渡,1
8222,渡清,1
8223,清灞,1
8224,灞身,1
8225,老寂,1
8226,寞志,1
8227,欲死,1
8228,死閒,1
8229,暇朝,1
8230,盈腸,1
8231,腸冬,1
8232,衣才,1
8233,才掩,1
8234,掩髂,1
8235,髂軍,1
8236,軍書,1
8237,書既,1
8238,既頻,1
8239,頻召,1
8240,召戎,1
8241,馬乃,1
8242,乃連,1
8243,連跨,1
8244,跨大,1
8245,樑從,1
8246,公彭,1
8247,城赴,1
8248,赴僕,1
8249,射弓,1
8250,弓箭,1
8251,箭圍,1
8252,圍狐,1
8253,狐兔,1
8254,兔絲,1
8255,竹羅,1
8256,羅酒,1
8257,酒炙,1
8258,炙兩,1
8259,府變,1
8260,變荒,1
8261,涼三,1
8262,年就,1
8263,就休,1
8264,休假,1
8265,假求,1
8266,求官,1
8267,去東,1
8268,東洛,1
8269,洛犯,1
8270,犯雪,1
8271,雪過,1
8272,過西,1
8273,西華,1
8274,華塵,1
8275,埃紫,1
8276,紫陌,1
8277,陌春,1
8278,雨靈,1
8279,靈台,1
8280,台夜,1
8281,夜名,1
8282,聲荷,1
8283,荷朋,1
8284,朋友,1
8285,友援,1
8286,援引,1
8287,引乏,1
8288,乏姻,1
8289,姻婭,1
8290,婭雖,1
8291,雖陪,1
8292,陪彤,1
8293,彤庭,1
8294,庭臣,1
8295,臣詎,1
8296,詎縱,1
8297,縱青,1
8298,冥靶,1
8299,靶寒,1
8300,寒空,1
8301,空聳,1
8302,聳危,1
8303,危闕,1
8304,闕曉,1
8305,曉色,1
8306,色曜,1
8307,曜修,1
8308,修架,1
8309,架捐,1
8310,捐軀,1
8311,軀辰,1
8312,辰在,1
8313,在丁,1
8314,丁鎩,1
8315,鎩翮,1
8316,翮時,1
8317,方蠟,1
8318,蠟投,1
8319,投荒,1
8320,荒誠,1
8321,誠職,1
8322,職分,1
8323,分領,1
8324,領邑,1
8325,邑幸,1
8326,寬赦,1
8327,赦湖,1
8328,翻日,1
8329,日車,1
8330,車嶺,1
8331,嶺石,1
8332,石坼,1
8333,天罅,1
8334,罅毒,1
8335,毒霧,1
8336,霧恒,1
8337,恒熏,1
8338,熏晝,1
8339,晝炎,1
8340,風每,1
8341,每燒,1
8342,燒夏,1
8343,夏雷,1
8344,雷威,1
8345,威固,1
8346,已加,1
8347,加颶,1
8348,颶勢,1
8349,勢仍,1
8350,仍相,1
8351,相借,1
8352,借氣,1
8353,象杳,1
8354,杳難,1
8355,難測,1
8356,測聲,1
8357,音籲,1
8358,可怕,1
8359,怕夷,1
8360,夷言,1
8361,言聽,1
8362,聽未,1
8363,慣越,1
8364,俗循,1
8365,循猶,1
8366,猶乍,1
8367,乍指,1
8368,摘兩,1
8369,兩憎,1
8370,憎嫌,1
8371,嫌睢,1
8372,盱互,1
8373,互猜,1
8374,猜訝,1
8375,訝只,1
8376,只緣,1
8377,緣恩,1
8378,恩未,1
8379,報豈,1
8380,謂生,1
8381,足藉,1
8382,藉嗣,1
8383,皇新,1
8384,新繼,1
8385,繼明,1
8386,明率,1
8387,率土,1
8388,土日,1
8389,日流,1
8390,流化,1
8391,化惟,1
8392,惟思,1
8393,思滌,1
8394,瑕垢,1
8395,垢長,1
8396,長去,1
8397,桑柘,1
8398,柘劚,1
8399,劚嵩,1
8400,嵩開,1
8401,開雲,1
8402,雲扃,1
8403,扃壓,1
8404,壓潁,1
8405,潁抗,1
8406,抗風,1
8407,風榭,1
8408,榭禾,1
8409,禾麥,1
8410,麥種,1
8411,種滿,1
8412,地梨,1
8413,梨棗,1
8414,棗栽,1
8415,栽繞,1
8416,繞舍,1
8417,舍兒,1
8418,童稍,1
8419,稍長,1
8420,長成,1
8421,成雀,1
8422,鼠得,1
8423,得驅,1
8424,驅嚇,1
8425,嚇官,1
8426,官租,1
8427,租日,1
8428,日輸,1
8429,輸納,1
8430,納村,1
8431,村酒,1
8432,時邀,1
8433,邀迓,1
8434,迓閑,1
8435,閑愛,1
8436,愛老,1
8437,老農,1
8438,農愚,1
8439,愚歸,1
8440,歸弄,1
8441,弄小,1
8442,小女,1
8443,女姹,1
8444,姹如,1
8445,可爾,1
8446,用畢,1
8447,畢婚,1
8448,婚嫁,1
8449,嫁紅,1
8450,紅亭,1
8451,亭枕,1
8452,枕湘,1
8453,湘江,1
8454,江蒸,1
8455,蒸水,1
8456,水會,1
8457,會其,1
8458,其左,1
8459,左瞰,1
8460,瞰臨,1
8461,臨眇,1
8462,眇空,1
8463,空闊,1
8464,闊綠,1
8465,淨不,1
8466,可唾,1
8467,唾維,1
8468,維昔,1
8469,昔經,1
8470,營初,1
8471,初邦,1
8472,邦君,1
8473,君實,1
8474,實王,1
8475,王佐,1
8476,佐翦,1
8477,翦林,1
8478,林遷,1
8479,遷神,1
8480,神祠,1
8481,祠買,1
8482,買地,1
8483,地費,1
8484,費家,1
8485,家貨,1
8486,貨梁,1
8487,梁棟,1
8488,棟巨,1
8489,巨集,1
8490,集可,1
8491,可愛,1
8492,愛結,1
8493,構麗,1
8494,麗匪,1
8495,匪過,1
8496,過伊,1
8497,伊人,1
8498,去軒,1
8499,騰茲,1
8500,茲宇,1
8501,宇遂,1
8502,遂頹,1
8503,頹挫,1
8504,挫老,1
8505,老郎,1
8506,郎來,1
8507,何暮,1
8508,暮高,1
8509,唱久,1
8510,乃和,1
8511,和樹,1
8512,樹蘭,1
8513,蘭盈,1
8514,盈九,1
8515,九畹,1
8516,畹栽,1
8517,栽竹,1
8518,竹逾,1
8519,逾萬,1
8520,萬個,1
8521,個長,1
8522,長綆,1
8523,綆汲,1
8524,汲滄,1
8525,滄浪,1
8526,浪幽,1
8527,幽蹊,1
8528,蹊下,1
8529,下坎,1
8530,坎坷,1
8531,坷波,1
8532,濤夜,1
8533,夜俯,1
8534,俯聽,1
8535,聽雲,1
8536,雲樹,1
8537,樹朝,1
8538,朝對,1
8539,對臥,1
8540,臥初,1
8541,初如,1
8542,如遺,1
8543,遺宦,1
8544,宦情,1
8545,情終,1
8546,終乃,1
8547,乃最,1
8548,最郡,1
8549,郡課,1
8550,課人,1
8551,生誠,1
8552,誠無,1
8553,幾事,1
8554,事往,1
8555,往悲,1
8556,悲豈,1
8557,豈奈,1
8558,奈蕭,1
8559,條綿,1
8560,綿歲,1
8561,時契,1
8562,契闊,1
8563,闊繼,1
8564,繼庸,1
8565,庸懦,1
8566,懦勝,1
8567,論醜,1
8568,醜聲,1
8569,聲日,1
8570,已播,1
8571,播中,1
8572,丞黜,1
8573,黜凶,1
8574,凶邪,1
8575,邪天,1
8576,子閔,1
8577,閔窮,1
8578,窮餓,1
8579,餓君,1
8580,侯至,1
8581,至之,1
8582,初閭,1
8583,裏自,1
8584,賀淹,1
8585,淹滯,1
8586,滯樂,1
8587,樂閑,1
8588,閑曠,1
8589,曠勤,1
8590,苦勸,1
8591,勸慵,1
8592,慵惰,1
8593,惰為,1
8594,為餘,1
8595,餘掃,1
8596,掃塵,1
8597,塵階,1
8598,階命,1
8599,命樂,1
8600,樂醉,1
8601,醉眾,1
8602,眾座,1
8603,座窮,1
8604,秋感,1
8605,感平,1
8606,分新,1
8607,月憐,1
8608,憐半,1
8609,半破,1
8610,破願,1
8611,願書,1
8612,書岩,1
8613,岩上,1
8614,上石,1
8615,石勿,1
8616,勿使,1
8617,使泥,1
8618,泥塵,1
8619,塵涴,1
8620,涴長,1
8621,沙千,1
8622,里平,1
8623,平勝,1
8624,勝地,1
8625,地猶,1
8626,在險,1
8627,險況,1
8628,當江,1
8629,江闊,1
8630,闊處,1
8631,處鬥,1
8632,起勢,1
8633,勢匪,1
8634,匪漸,1
8635,漸深,1
8636,深林,1
8637,林高,1
8638,高玲,1
8639,瓏青,1
8640,青山,1
8641,山上,1
8642,上琬,1
8643,琬琰,1
8644,琰路,1
8645,路窮,1
8646,窮台,1
8647,台殿,1
8648,殿辟,1
8649,辟佛,1
8650,佛事,1
8651,事煥,1
8652,煥且,1
8653,且儼,1
8654,儼剖,1
8655,剖竹,1
8656,竹走,1
8657,走泉,1
8658,泉源,1
8659,源開,1
8660,開廊,1
8661,廊架,1
8662,架崖,1
8663,崖廣,1
8664,廣是,1
8665,時秋,1
8666,之殘,1
8667,殘暑,1
8668,暑氣,1
8669,尚未,1
8670,未斂,1
8671,斂群,1
8672,忘後,1
8673,先朋,1
8674,朋息,1
8675,息棄,1
8676,棄拘,1
8677,拘檢,1
8678,檢客,1
8679,客堂,1
8680,喜空,1
8681,涼華,1
8682,華榻,1
8683,榻有,1
8684,清簟,1
8685,簟澗,1
8686,澗蔬,1
8687,蔬煮,1
8688,煮蒿,1
8689,蒿芹,1
8690,芹水,1
8691,水果,1
8692,果剝,1
8693,剝菱,1
8694,菱芡,1
8695,芡伊,1
8696,伊餘,1
8697,餘夙,1
8698,夙所,1
8699,慕陪,1
8700,陪賞,1
8701,賞亦,1
8702,雲忝,1
8703,忝幸,1
8704,逢車,1
8705,馬歸,1
8706,歸獨,1
8707,宿門,1
8708,掩山,1
8709,山樓,1
8710,樓黑,1
8711,黑無,1
8712,無月,1
8713,月漁,1
8714,漁火,1
8715,火燦,1
8716,燦星,1
8717,星點,1
8718,點夜,1
8719,夜風,1
8720,何喧,1
8721,喧杉,1
8722,杉檜,1
8723,檜屢,1
8724,屢磨,1
8725,磨颭,1
8726,颭猶,1
8727,疑在,1
8728,在波,1
8729,濤怵,1
8730,怵惕,1
8731,惕夢,1
8732,夢成,1
8733,成魘,1
8734,魘靜,1
8735,靜思,1
8736,思屈,1
8737,原沈,1
8738,沈遠,1
8739,憶賈,1
8740,誼貶,1
8741,貶椒,1
8742,椒蘭,1
8743,蘭爭,1
8744,爭妒,1
8745,妒忌,1
8746,忌絳,1
8747,絳灌,1
8748,灌共,1
8749,共讒,1
8750,讒諂,1
8751,諂誰,1
8752,令悲,1
8753,悲生,1
8754,生腸,1
8755,腸坐,1
8756,坐使,1
8757,使淚,1
8758,淚盈,1
8759,盈臉,1
8760,臉翻,1
8761,翻飛,1
8762,飛乏,1
8763,乏羽,1
8764,羽翼,1
8765,翼指,1
8766,摘困,1
8767,困瑕,1
8768,瑕玷,1
8769,玷珥,1
8770,珥貂,1
8771,貂藩,1
8772,藩維,1
8773,維重,1
8774,重政,1
8775,政化,1
8776,化類,1
8777,類分,1
8778,分陝,1
8779,陝禮,1
8780,禮賢,1
8781,賢道,1
8782,何優,1
8783,優奉,1
8784,奉己,1
8785,己事,1
8786,苦儉,1
8787,儉大,1
8788,廈棟,1
8789,棟方,1
8790,方隆,1
8791,隆巨,1
8792,巨川,1
8793,川楫,1
8794,楫行,1
8795,行剡,1
8796,剡經,1
8797,營誠,1
8798,誠少,1
8799,少暇,1
8800,暇遊,1
8801,遊宴,1
8802,宴固,1
8803,已歉,1
8804,歉旅,1
8805,旅程,1
8806,程愧,1
8807,愧淹,1
8808,留徂,1
8809,徂歲,1
8810,歲嗟,1
8811,嗟荏,1
8812,荏苒,1
8813,苒平,1
8814,生每,1
8815,每多,1
8816,感柔,1
8817,柔翰,1
8818,翰遇,1
8819,遇頻,1
8820,頻染,1
8821,染輾,1
8822,轉嶺,1
8823,鳴曙,1
8824,曙燈,1
8825,燈青,1
8826,青睒,1
8827,睒洞,1
8828,庭九,1
8829,州間,1
8830,間厥,1
8831,厥大,1
8832,大誰,1
8833,讓南,1
8834,南匯,1
8835,匯群,1
8836,群崖,1
8837,崖水,1
8838,北注,1
8839,注何,1
8840,何奔,1
8841,奔放,1
8842,放瀦,1
8843,瀦為,1
8844,為七,1
8845,七百,1
8846,里吞,1
8847,吞納,1
8848,納各,1
8849,各殊,1
8850,殊狀,1
8851,狀自,1
8852,古澄,1
8853,澄不,1
8854,不清,1
8855,清環,1
8856,環混,1
8857,混無,1
8858,歸向,1
8859,向炎,1
8860,日搜,1
8861,搜攪,1
8862,攪幽,1
8863,幽怪,1
8864,怪多,1
8865,多冗,1
8866,冗長,1
8867,長軒,1
8868,軒然,1
8869,大波,1
8870,波起,1
8871,起宇,1
8872,宙隘,1
8873,隘而,1
8874,而妨,1
8875,妨巍,1
8876,巍峨,1
8877,峨拔,1
8878,拔嵩,1
8879,嵩華,1
8880,華騰,1
8881,騰踔,1
8882,踔較,1
8883,較健,1
8884,健壯,1
8885,壯聲,1
8886,音一,1
8887,何宏,1
8888,宏轟,1
8889,轟輵,1
8890,輵車,1
8891,車萬,1
8892,萬兩,1
8893,兩猶,1
8894,疑帝,1
8895,帝軒,1
8896,轅張,1
8897,張樂,1
8898,樂就,1
8899,就空,1
8900,空曠,1
8901,曠蛟,1
8902,螭露,1
8903,露筍,1
8904,筍簴,1
8905,簴縞,1
8906,縞練,1
8907,練吹,1
8908,吹組,1
8909,組帳,1
8910,帳鬼,1
8911,神非,1
8912,非人,1
8913,人世,1
8914,世節,1
8915,節奏,1
8916,奏頗,1
8917,頗跌,1
8918,跌踼,1
8919,踼陽,1
8920,陽施,1
8921,施見,1
8922,見誇,1
8923,誇麗,1
8924,麗陰,1
8925,陰閉,1
8926,閉感,1
8927,感悽,1
8928,悽愴,1
8929,愴朝,1
8930,過宜,1
8931,春口,1
8932,極北,1
8933,北缺,1
8934,缺堤,1
8935,堤障,1
8936,障夜,1
8937,夜纜,1
8938,纜巴,1
8939,巴陵,1
8940,陵洲,1
8941,洲叢,1
8942,叢芮,1
8943,芮才,1
8944,才可,1
8945,可傍,1
8946,傍星,1
8947,星河,1
8948,河盡,1
8949,盡涵,1
8950,泳俯,1
8951,仰迷,1
8952,迷下,1
8953,上餘,1
8954,餘瀾,1
8955,瀾怒,1
8956,已喧,1
8957,喧聒,1
8958,聒鳴,1
8959,鳴甕,1
8960,甕盎,1
8961,盎明,1
8962,明登,1
8963,登岳,1
8964,岳陽,1
8965,陽樓,1
8966,樓輝,1
8967,輝煥,1
8968,煥朝,1
8969,日亮,1
8970,亮飛,1
8971,廉戢,1
8972,戢其,1
8973,其威,1
8974,威清,1
8975,晏息,1
8976,息纖,1
8977,纖纊,1
8978,纊泓,1
8979,澄湛,1
8980,湛凝,1
8981,綠物,1
8982,物影,1
8983,影巧,1
8984,巧相,1
8985,相況,1
8986,況江,1
8987,江豚,1
8988,豚時,1
8989,出戲,1
8990,戲驚,1
8991,波忽,1
8992,漾時,1
8993,當冬,1
8994,冬之,1
8995,之孟,1
8996,孟隙,1
8997,隙竅,1
8998,竅縮,1
8999,縮寒,1
9000,寒漲,1
9001,漲前,1
9002,前臨,1
9003,臨指,1
9004,指近,1
9005,岸側,1
9006,側坐,1
9007,坐眇,1
9008,眇難,1
9009,難望,1
9010,望滌,1
9011,滌濯,1
9012,濯神,1
9013,神魂,1
9014,魂醒,1
9015,醒幽,1
9016,幽懷,1
9017,懷舒,1
9018,舒以,1
9019,以暢,1
9020,暢主,1
9021,人孩,1
9022,孩童,1
9023,童舊,1
9024,舊握,1
9025,握手,1
9026,手乍,1
9027,乍忻,1
9028,忻悵,1
9029,悵憐,1
9030,逐歸,1
9031,歸相,1
9032,見得,1
9033,無恙,1
9034,恙開,1
9035,筵交,1
9036,交履,1
9037,履舄,1
9038,舄爛,1
9039,漫倒,1
9040,倒家,1
9041,家釀,1
9042,釀杯,1
9043,無留,1
9044,留停,1
9045,停高,1
9046,高柱,1
9047,柱送,1
9048,送清,1
9049,清唱,1
9050,唱中,1
9051,中盤,1
9052,盤進,1
9053,進橙,1
9054,橙栗,1
9055,栗投,1
9056,投擲,1
9057,擲傾,1
9058,傾脯,1
9059,脯醬,1
9060,醬歡,1
9061,歡窮,1
9062,窮悲,1
9063,悲心,1
9064,心生,1
9065,生婉,1
9066,孌不,1
9067,忘念,1
9068,昔始,1
9069,始讀,1
9070,書志,1
9071,欲幹,1
9072,幹霸,1
9073,霸王,1
9074,王屠,1
9075,屠龍,1
9076,龍破,1
9077,破千,1
9078,金為,1
9079,為藝,1
9080,藝亦,1
9081,雲亢,1
9082,亢愛,1
9083,愛才,1
9084,擇行,1
9085,行觸,1
9086,事得,1
9087,得讒,1
9088,讒謗,1
9089,謗前,1
9090,年出,1
9091,出官,1
9092,官由,1
9093,由此,1
9094,禍最,1
9095,最無,1
9096,妄公,1
9097,卿采,1
9098,采虛,1
9099,虛名,1
9100,名擢,1
9101,擢拜,1
9102,拜識,1
9103,仗奸,1
9104,奸猜,1
9105,猜畏,1
9106,畏彈,1
9107,射斥,1
9108,斥逐,1
9109,逐恣,1
9110,欺誑,1
9111,誑新,1
9112,恩移,1
9113,移府,1
9114,府庭,1
9115,庭逼,1
9116,逼側,1
9117,側廁,1
9118,廁諸,1
9119,諸將,1
9120,將於,1
9121,於嗟,1
9122,嗟苦,1
9123,苦駑,1
9124,駑緩,1
9125,緩但,1
9126,但懼,1
9127,失宜,1
9128,宜當,1
9129,當追,1
9130,追思,1
9131,思南,1
9132,渡時,1
9133,時魚,1
9134,魚腹,1
9135,腹甘,1
9136,所葬,1
9137,葬嚴,1
9138,嚴程,1
9139,程迫,1
9140,迫風,1
9141,風帆,1
9142,帆劈,1
9143,劈箭,1
9144,箭入,1
9145,浪顛,1
9146,顛沈,1
9147,沈在,1
9148,在須,1
9149,臾忠,1
9150,忠鯁,1
9151,鯁誰,1
9152,複諒,1
9153,諒生,1
9154,還真,1
9155,喜克,1
9156,克己,1
9157,己自,1
9158,自懲,1
9159,創庶,1
9160,庶從,1
9161,日後,1
9162,後粗,1
9163,識得,1
9164,得與,1
9165,與喪,1
9166,喪事,1
9167,事多,1
9168,多改,1
9169,改前,1
9170,前好,1
9171,好趣,1
9172,趣有,1
9173,有獲,1
9174,獲新,1
9175,新尚,1
9176,尚誓,1
9177,誓耕,1
9178,耕十,1
9179,十畝,1
9180,畝田,1
9181,田不,1
9182,不取,1
9183,取萬,1
9184,萬乘,1
9185,乘相,1
9186,相細,1
9187,細君,1
9188,知蠶,1
9189,蠶織,1
9190,織稚,1
9191,子已,1
9192,已能,1
9193,能餉,1
9194,餉行,1
9195,當掛,1
9196,掛其,1
9197,其冠,1
9198,冠生,1
9199,死君,1
9200,君一,1
9201,一訪,1
9202,訪昔,1
9203,昔在,1
9204,在四,1
9205,門館,1
9206,館晨,1
9207,晨有,1
9208,來謁,1
9209,謁自,1
9210,自言,1
9211,言本,1
9212,本吳,1
9213,吳人,1
9214,小學,1
9215,學城,1
9216,城闕,1
9217,闕已,1
9218,已窮,1
9219,窮佛,1
9220,佛根,1
9221,源粗,1
9222,識事,1
9223,事輗,1
9224,輗軏,1
9225,軏攣,1
9226,攣拘,1
9227,拘屈,1
9228,屈吾,1
9229,吾真,1
9230,真戒,1
9231,戒轄,1
9232,轄思,1
9233,思遠,1
9234,遠發,1
9235,發薦,1
9236,薦紳,1
9237,紳秉,1
9238,秉筆,1
9239,筆徒,1
9240,徒聲,1
9241,聲譽,1
9242,譽耀,1
9243,耀前,1
9244,前閥,1
9245,閥從,1
9246,從求,1
9247,求送,1
9248,行詩,1
9249,詩屢,1
9250,屢造,1
9251,造忍,1
9252,忍顛,1
9253,蹶今,1
9254,今成,1
9255,成十,1
9256,餘卷,1
9257,卷浩,1
9258,汗羅,1
9259,羅斧,1
9260,斧鉞,1
9261,鉞先,1
9262,生閟,1
9263,閟窮,1
9264,窮巷,1
9265,巷未,1
9266,得窺,1
9267,窺剞,1
9268,剞劂,1
9269,劂又,1
9270,又聞,1
9271,聞識,1
9272,識大,1
9273,大道,1
9274,何路,1
9275,路補,1
9276,補黥,1
9277,黥刖,1
9278,刖出,1
9279,其囊,1
9280,囊中,1
9281,中文,1
9282,文滿,1
9283,滿聽,1
9284,聽實,1
9285,實清,1
9286,越謂,1
9287,謂僧,1
9288,僧當,1
9289,當少,1
9290,少安,1
9291,安草,1
9292,草序,1
9293,序頗,1
9294,頗排,1
9295,排訐,1
9296,訐上,1
9297,論古,1
9298,古之,1
9299,初所,1
9300,以施,1
9301,施賞,1
9302,賞罰,1
9303,罰下,1
9304,下開,1
9305,迷惑,1
9306,惑胸,1
9307,胸窙,1
9308,窙豁,1
9309,豁劚,1
9310,劚株,1
9311,株橛,1
9312,橛僧,1
9313,僧時,1
9314,不聽,1
9315,聽瑩,1
9316,瑩若,1
9317,若飲,1
9318,飲水,1
9319,水救,1
9320,救暍,1
9321,暍風,1
9322,一出,1
9323,門時,1
9324,日多,1
9325,如發,1
9326,發三,1
9327,年竄,1
9328,竄荒,1
9329,荒嶺,1
9330,嶺守,1
9331,守縣,1
9332,縣坐,1
9333,深樾,1
9334,樾征,1
9335,租聚,1
9336,聚異,1
9337,物詭,1
9338,詭制,1
9339,制怛,1
9340,怛巾,1
9341,巾襪,1
9342,襪幽,1
9343,幽窮,1
9344,窮誰,1
9345,誰共,1
9346,共語,1
9347,語思,1
9348,思想,1
9349,想甚,1
9350,甚含,1
9351,含噦,1
9352,噦昨,1
9353,得京,1
9354,京官,1
9355,官照,1
9356,照壁,1
9357,壁喜,1
9358,喜見,1
9359,見蠍,1
9360,蠍況,1
9361,況逢,1
9362,逢舊,1
9363,舊親,1
9364,親識,1
9365,識無,1
9366,比鶼,1
9367,鶼蟩,1
9368,蟩長,1
9369,安多,1
9370,多門,1
9371,戶吊,1
9372,吊慶,1
9373,慶少,1
9374,少休,1
9375,休歇,1
9376,歇而,1
9377,而能,1
9378,能勤,1
9379,過重,1
9380,重惠,1
9381,惠安,1
9382,可揭,1
9383,揭當,1
9384,聖政,1
9385,政初,1
9386,初恩,1
9387,澤完,1
9388,完狘,1
9389,狘胡,1
9390,自暇,1
9391,暇飄,1
9392,飄戾,1
9393,戾逐,1
9394,逐鸇,1
9395,鸇鷢,1
9396,鷢僕,1
9397,射領,1
9398,領北,1
9399,北門,1
9400,門威,1
9401,威德,1
9402,德壓,1
9403,壓胡,1
9404,胡羯,1
9405,羯相,1
9406,公鎮,1
9407,鎮幽,1
9408,都竹,1
9409,竹帛,1
9410,帛爛,1
9411,爛勳,1
9412,勳伐,1
9413,伐酒,1
9414,酒場,1
9415,場舞,1
9416,舞閨,1
9417,閨姝,1
9418,姝獵,1
9419,獵騎,1
9420,騎圍,1
9421,圍邊,1
9422,邊月,1
9423,月開,1
9424,張篋,1
9425,中寶,1
9426,寶自,1
9427,得津,1
9428,津筏,1
9429,筏從,1
9430,從茲,1
9431,茲富,1
9432,富裘,1
9433,裘馬,1
9434,馬寧,1
9435,寧複,1
9436,複茹,1
9437,茹藜,1
9438,藜蕨,1
9439,蕨余,1
9440,余期,1
9441,期報,1
9442,恩後,1
9443,後謝,1
9444,謝病,1
9445,病老,1
9446,老耕,1
9447,耕垡,1
9448,垡庇,1
9449,庇身,1
9450,身指,1
9451,指蓬,1
9452,蓬茅,1
9453,茅逞,1
9454,逞志,1
9455,志縱,1
9456,縱獫,1
9457,獫猲,1
9458,猲僧,1
9459,僧還,1
9460,相訪,1
9461,訪來,1
9462,來山,1
9463,山藥,1
9464,藥煮,1
9465,煮可,1
9466,可掘,1
9467,掘辱,1
9468,辱贈,1
9469,贈不,1
9470,知報,1
9471,歌爾,1
9472,其聆,1
9473,聆首,1
9474,首敘,1
9475,敘始,1
9476,識面,1
9477,面次,1
9478,次言,1
9479,言後,1
9480,分形,1
9481,形道,1
9482,途綿,1
9483,綿萬,1
9484,里日,1
9485,月垂,1
9486,垂十,1
9487,十齡,1
9488,齡浚,1
9489,浚郊,1
9490,郊避,1
9491,避兵,1
9492,兵亂,1
9493,亂睢,1
9494,睢岸,1
9495,岸連,1
9496,連門,1
9497,門停,1
9498,停肝,1
9499,膽一,1
9500,一古,1
9501,劍波,1
9502,濤兩,1
9503,兩浮,1
9504,萍漬,1
9505,漬墨,1
9506,墨竄,1
9507,竄舊,1
9508,舊史,1
9509,史磨,1
9510,磨丹,1
9511,丹注,1
9512,注前,1
9513,前經,1
9514,經義,1
9515,義苑,1
9516,苑手,1
9517,手秘,1
9518,秘寶,1
9519,寶文,1
9520,文堂,1
9521,堂耳,1
9522,驚霆,1
9523,霆暄,1
9524,暄晨,1
9525,晨躡,1
9526,躡露,1
9527,露舄,1
9528,舄暑,1
9529,暑夕,1
9530,夕眠,1
9531,眠風,1
9532,風欞,1
9533,欞結,1
9534,結友,1
9535,友子,1
9536,子讓,1
9537,讓抗,1
9538,抗請,1
9539,請師,1
9540,師我,1
9541,我慚,1
9542,慚丁,1
9543,丁初,1
9544,初味,1
9545,味猶,1
9546,猶啖,1
9547,啖蔗,1
9548,蔗遂,1
9549,遂通,1
9550,通斯,1
9551,斯建,1
9552,建瓴,1
9553,瓴搜,1
9554,搜奇,1
9555,奇日,1
9556,有富,1
9557,富嗜,1
9558,嗜善,1
9559,善心,1
9560,心無,1
9561,無寧,1
9562,寧石,1
9563,石樑,1
9564,樑平,1
9565,平侹,1
9566,侹侹,1
9567,侹沙,1
9568,水光,1
9569,光泠,1
9570,泠泠,1
9571,泠乘,1
9572,乘枯,1
9573,枯摘,1
9574,摘野,1
9575,野豔,1
9576,豔沈,1
9577,沈細,1
9578,細抽,1
9579,抽潛,1
9580,潛腥,1
9581,腥遊,1
9582,遊寺,1
9583,寺去,1
9584,去陟,1
9585,陟巘,1
9586,巘尋,1
9587,徑返,1
9588,返穿,1
9589,穿汀,1
9590,汀緣,1
9591,緣雲,1
9592,雲竹,1
9593,竹竦,1
9594,竦失,1
9595,失路,1
9596,路麻,1
9597,麻冥,1
9598,冥淫,1
9599,淫潦,1
9600,潦忽,1
9601,忽翻,1
9602,翻野,1
9603,野平,1
9604,平蕪,1
9605,蕪眇,1
9606,眇開,1
9607,開溟,1
9608,溟防,1
9609,防泄,1
9610,泄塹,1
9611,塹夜,1
9612,夜塞,1
9613,塞懼,1
9614,懼沖,1
9615,沖城,1
9616,城晝,1
9617,晝扃,1
9618,扃及,1
9619,及去,1
9620,事戎,1
9621,戎轡,1
9622,轡相,1
9623,逢宴,1
9624,宴軍,1
9625,軍伶,1
9626,伶觥,1
9627,觥秋,1
9628,秋縱,1
9629,縱兀,1
9630,兀獵,1
9631,獵旦,1
9632,旦馳,1
9633,馳駉,1
9634,駉駉,1
9635,駉從,1
9636,從賦,1
9637,賦始,1
9638,始分,1
9639,分手,1
9640,手朝,1
9641,朝京,1
9642,京忽,1
9643,忽同,1
9644,同舲,1
9645,舲急,1
9646,急時,1
9647,時促,1
9648,促暗,1
9649,暗棹,1
9650,棹戀,1
9651,戀月,1
9652,月留,1
9653,留虛,1
9654,虛亭,1
9655,亭畢,1
9656,畢事,1
9657,驅傳,1
9658,傳馬,1
9659,馬安,1
9660,安居,1
9661,居守,1
9662,守窗,1
9663,窗螢,1
9664,螢梅,1
9665,梅花,1
9666,花灞,1
9667,灞水,1
9668,水別,1
9669,別宮,1
9670,宮燭,1
9671,燭驪,1
9672,驪山,1
9673,山醒,1
9674,醒省,1
9675,省選,1
9676,選逮,1
9677,逮投,1
9678,投足,1
9679,足鄉,1
9680,鄉賓,1
9681,賓尚,1
9682,尚摧,1
9683,摧翎,1
9684,翎塵,1
9685,塵祛,1
9686,祛又,1
9687,又一,1
9688,一摻,1
9689,摻淚,1
9690,淚眥,1
9691,眥還,1
9692,還雙,1
9693,雙熒,1
9694,熒洛,1
9695,洛邑,1
9696,邑得,1
9697,得休,1
9698,休告,1
9699,告華,1
9700,山窮,1
9701,窮絕,1
9702,絕陘,1
9703,陘倚,1
9704,倚岩,1
9705,岩睨,1
9706,睨海,1
9707,海浪,1
9708,浪引,1
9709,拂天,1
9710,星日,1
9711,日駕,1
9712,駕此,1
9713,回轄,1
9714,轄金,1
9715,所司,1
9716,司刑,1
9717,刑泉,1
9718,泉紳,1
9719,紳拖,1
9720,拖修,1
9721,修白,1
9722,攢高,1
9723,高青,1
9724,青磴,1
9725,磴蘚,1
9726,蘚澾,1
9727,澾拳,1
9728,拳局,1
9729,局梯,1
9730,梯飆,1
9731,飆颭,1
9732,颭伶,1
9733,伶俜,1
9734,俜悔,1
9735,悔狂,1
9736,狂已,1
9737,已咋,1
9738,咋指,1
9739,指垂,1
9740,垂誡,1
9741,誡仍,1
9742,仍鐫,1
9743,鐫銘,1
9744,銘峨,1
9745,峨豸,1
9746,豸忝,1
9747,忝備,1
9748,備列,1
9749,列伏,1
9750,伏蒲,1
9751,蒲愧,1
9752,愧分,1
9753,分涇,1
9754,涇微,1
9755,微誠,1
9756,誠慕,1
9757,慕橫,1
9758,橫草,1
9759,草瑣,1
9760,瑣力,1
9761,力摧,1
9762,摧撞,1
9763,撞筳,1
9764,筳疊,1
9765,疊雪,1
9766,雪走,1
9767,走商,1
9768,商嶺,1
9769,嶺飛,1
9770,飛波,1
9771,波航,1
9772,航洞,1
9773,庭下,1
9774,下險,1
9775,疑墮,1
9776,墮井,1
9777,井守,1
9778,守官,1
9779,官類,1
9780,類拘,1
9781,拘囹,1
9782,囹荒,1
9783,荒餐,1
9784,餐茹,1
9785,茹獠,1
9786,獠蠱,1
9787,蠱幽,1
9788,幽夢,1
9789,夢感,1
9790,感湘,1
9791,湘靈,1
9792,靈刺,1
9793,史肅,1
9794,肅蓍,1
9795,蓍蔡,1
9796,蔡吏,1
9797,人沸,1
9798,沸蝗,1
9799,蝗螟,1
9800,螟點,1
9801,綴簿,1
9802,簿上,1
9803,上字,1
9804,字趨,1
9805,趨蹌,1
9806,蹌合,1
9807,合前,1
9808,前鈴,1
9809,鈴賴,1
9810,賴其,1
9811,其飽,1
9812,飽山,1
9813,水得,1
9814,得以,1
9815,娛瞻,1
9816,瞻聽,1
9817,聽紫,1
9818,紫樹,1
9819,樹雕,1
9820,雕斐,1
9821,斐亹,1
9822,亹碧,1
9823,碧流,1
9824,流滴,1
9825,滴瓏,1
9826,瓏玲,1
9827,玲映,1
9828,波鋪,1
9829,鋪遠,1
9830,遠錦,1
9831,錦插,1
9832,插地,1
9833,地列,1
9834,列長,1
9835,長屏,1
9836,屏愁,1
9837,愁狖,1
9838,狖酸,1
9839,酸骨,1
9840,骨死,1
9841,死怪,1
9842,怪花,1
9843,花醉,1
9844,醉魂,1
9845,魂馨,1
9846,馨潛,1
9847,潛苞,1
9848,苞絳,1
9849,絳實,1
9850,實坼,1
9851,坼幽,1
9852,幽乳,1
9853,乳翠,1
9854,翠毛,1
9855,毛零,1
9856,零赦,1
9857,赦行,1
9858,行五,1
9859,五百,1
9860,里月,1
9861,月變,1
9862,變三,1
9863,十蓂,1
9864,蓂漸,1
9865,漸階,1
9866,階群,1
9867,群振,1
9868,振鷺,1
9869,鷺入,1
9870,入學,1
9871,學誨,1
9872,誨螟,1
9873,螟蛉,1
9874,蛉蘋,1
9875,蘋甘,1
9876,甘謝,1
9877,謝鳴,1
9878,鳴鹿,1
9879,鹿罍,1
9880,罍滿,1
9881,滿慚,1
9882,慚罄,1
9883,罄瓶,1
9884,瓶冏,1
9885,冏抱,1
9886,抱瑚,1
9887,璉飛,1
9888,飛聯,1
9889,聯鶺,1
9890,鶺鴒,1
9891,鴒魚,1
9892,魚鬣,1
9893,鬣欲,1
9894,欲脫,1
9895,脫背,1
9896,背虯,1
9897,虯光,1
9898,光先,1
9899,先照,1
9900,照硎,1
9901,硎豈,1
9902,豈獨,1
9903,獨出,1
9904,出丑,1
9905,丑類,1
9906,類方,1
9907,當動,1
9908,廷勤,1
9909,得晤,1
9910,語勿,1
9911,憚宿,1
9912,宿寒,1
9913,寒廳,1
9914,廳周,1
9915,周詩,1
9916,百篇,1
9917,篇雅,1
9918,雅麗,1
9919,麗理,1
9920,理訓,1
9921,訓誥,1
9922,誥曾,1
9923,曾經,1
9924,經聖,1
9925,人手,1
9926,手議,1
9927,論安,1
9928,敢到,1
9929,到五,1
9930,五言,1
9931,言出,1
9932,出漢,1
9933,時蘇,1
9934,蘇李,1
9935,李首,1
9936,首更,1
9937,更號,1
9938,號東,1
9939,都漸,1
9940,漸彌,1
9941,彌漫,1
9942,漫派,1
9943,川導,1
9944,導建,1
9945,建安,1
9946,者七,1
9947,七卓,1
9948,犖變,1
9949,變風,1
9950,風操,1
9951,操逶,1
9952,迤抵,1
9953,抵晉,1
9954,晉宋,1
9955,宋氣,1
9956,象日,1
9957,凋耗,1
9958,耗中,1
9959,間數,1
9960,數鮑,1
9961,鮑謝,1
9962,謝比,1
9963,比近,1
9964,近最,1
9965,最清,1
9966,清奧,1
9967,奧齊,1
9968,齊梁,1
9969,梁及,1
9970,及陳,1
9971,陳隋,1
9972,隋眾,1
9973,眾作,1
9974,作等,1
9975,等蟬,1
9976,蟬噪,1
9977,噪搜,1
9978,搜春,1
9979,春摘,1
9980,摘花,1
9981,花卉,1
9982,卉沿,1
9983,沿襲,1
9984,襲傷,1
9985,傷剽,1
9986,剽盜,1
9987,盜國,1
9988,國朝,1
9989,朝盛,1
9990,盛文,1
9991,章子,1
9992,子昂,1
9993,始高,1
9994,高蹈,1
9995,蹈勃,1
9996,勃興,1
9997,興得,1
9998,得李,1
9999,杜萬,1
10000,類困,1
10001,困陵,1
10002,陵暴,1
10003,暴後,1
10004,相繼,1
10005,繼生,1
10006,生亦,1
10007,臻閫,1
10008,閫奧,1
10009,奧有,1
10010,有窮,1
10011,窮者,1
10012,者孟,1
10013,郊受,1
10014,受材,1
10015,材實,1
10016,實雄,1
10017,雄驁,1
10018,驁冥,1
10019,冥觀,1
10020,觀洞,1
10021,洞古,1
10022,古今,1
10023,今象,1
10024,象外,1
10025,外逐,1
10026,逐幽,1
10027,幽好,1
10028,好橫,1
10029,橫空,1
10030,空盤,1
10031,盤硬,1
10032,硬語,1
10033,語妥,1
10034,帖力,1
10035,力排,1
10036,排奡,1
10037,奡敷,1
10038,敷柔,1
10039,柔肆,1
10040,肆紆,1
10041,紆餘,1
10042,餘奮,1
10043,奮猛,1
10044,猛卷,1
10045,卷海,1
10046,海潦,1
10047,潦榮,1
10048,華肖,1
10049,肖天,1
10050,天秀,1
10051,秀捷,1
10052,捷疾,1
10053,疾逾,1
10054,逾響,1
10055,響報,1
10056,報行,1
10057,行身,1
10058,身踐,1
10059,踐規,1
10060,規矩,1
10061,矩甘,1
10062,甘辱,1
10063,辱恥,1
10064,恥媚,1
10065,媚灶,1
10066,灶孟,1
10067,孟軻,1
10068,軻分,1
10069,分邪,1
10070,邪正,1
10071,正眸,1
10072,子看,1
10073,看了,1
10074,了眊,1
10075,眊杳,1
10076,杳然,1
10077,然粹,1
10078,粹而,1
10079,而清,1
10080,清可,1
10081,以鎮,1
10082,鎮浮,1
10083,浮躁,1
10084,躁酸,1
10085,寒溧,1
10086,溧陽,1
10087,陽尉,1
10088,尉五,1
10089,十幾,1
10090,何耄,1
10091,耄孜,1
10092,孜孜,1
10093,孜營,1
10094,營甘,1
10095,旨辛,1
10096,苦久,1
10097,久所,1
10098,所冒,1
10099,冒俗,1
10100,俗流,1
10101,流知,1
10102,誰指,1
10103,指注,1
10104,注競,1
10105,競嘲,1
10106,嘲傲,1
10107,傲聖,1
10108,聖皇,1
10109,皇索,1
10110,索遺,1
10111,遺逸,1
10112,逸髦,1
10113,髦士,1
10114,士日,1
10115,登造,1
10116,造廟,1
10117,堂有,1
10118,有賢,1
10119,相愛,1
10120,愛遇,1
10121,遇均,1
10122,均覆,1
10123,覆燾,1
10124,燾況,1
10125,況承,1
10126,承歸,1
10127,歸與,1
10128,張二,1
10129,二公,1
10130,公迭,1
10131,嗟悼,1
10132,悼青,1
10133,冥送,1
10134,送吹,1
10135,噓強,1
10136,強箭,1
10137,箭射,1
10138,射魯,1
10139,魯縞,1
10140,縞胡,1
10141,久無,1
10142,無成,1
10143,使以,1
10144,以歸,1
10145,期告,1
10146,告霜,1
10147,破佳,1
10148,佳菊,1
10149,菊嘉,1
10150,嘉節,1
10151,節迫,1
10152,迫吹,1
10153,吹帽,1
10154,帽念,1
10155,念將,1
10156,將決,1
10157,決焉,1
10158,焉去,1
10159,去感,1
10160,感物,1
10161,物增,1
10162,增戀,1
10163,戀嫪,1
10164,嫪彼,1
10165,彼微,1
10166,微水,1
10167,中荇,1
10168,荇尚,1
10169,尚煩,1
10170,煩左,1
10171,右芼,1
10172,芼魯,1
10173,魯侯,1
10174,侯國,1
10175,國至,1
10176,至小,1
10177,小廟,1
10178,廟鼎,1
10179,鼎猶,1
10180,猶納,1
10181,納郜,1
10182,郜幸,1
10183,幸當,1
10184,當擇,1
10185,擇瑉,1
10186,瑉玉,1
10187,玉寧,1
10188,寧有,1
10189,棄珪,1
10190,珪瑁,1
10191,瑁悠,1
10192,悠我,1
10193,我之,1
10194,之思,1
10195,思擾,1
10196,擾風,1
10197,中纛,1
10198,纛上,1
10199,言愧,1
10200,愧無,1
10201,夜惟,1
10202,惟心,1
10203,心禱,1
10204,禱鶴,1
10205,鶴翎,1
10206,翎不,1
10207,不天,1
10208,天生,1
10209,生變,1
10210,化在,1
10211,在啄,1
10212,啄菢,1
10213,菢通,1
10214,通波,1
10215,波非,1
10216,非難,1
10217,難圖,1
10218,圖尺,1
10219,尺地,1
10220,地易,1
10221,易可,1
10222,可漕,1
10223,漕善,1
10224,善善,1
10225,善不,1
10226,不汲,1
10227,汲後,1
10228,時徒,1
10229,徒悔,1
10230,悔懊,1
10231,懊救,1
10232,救死,1
10233,死具,1
10234,具八,1
10235,八珍,1
10236,珍不,1
10237,如一,1
10238,一簞,1
10239,簞犒,1
10240,犒微,1
10241,微詩,1
10242,詩公,1
10243,公勿,1
10244,勿誚,1
10245,誚愷,1
10246,愷悌,1
10247,悌神,1
10248,所勞,1
10249,勞昔,1
10250,昔我,1
10251,在南,1
10252,南時,1
10253,時數,1
10254,君常,1
10255,常在,1
10256,在念,1
10257,念搖,1
10258,搖搖,1
10259,搖不,1
10260,可止,1
10261,止諷,1
10262,諷詠,1
10263,詠日,1
10264,日喁,1
10265,喁噞,1
10266,噞如,1
10267,以膏,1
10268,膏濯,1
10269,濯衣,1
10270,衣每,1
10271,每漬,1
10272,漬垢,1
10273,垢逾,1
10274,逾染,1
10275,染又,1
10276,如心,1
10277,心中,1
10278,中疾,1
10279,疾針,1
10280,針石,1
10281,石非,1
10282,所砭,1
10283,砭常,1
10284,常思,1
10285,思得,1
10286,得遊,1
10287,遊處,1
10288,處至,1
10289,倦厭,1
10290,厭地,1
10291,遐物,1
10292,物奇,1
10293,怪水,1
10294,水鏡,1
10295,鏡涵,1
10296,涵石,1
10297,劍荒,1
10298,荒花,1
10299,花窮,1
10300,窮漫,1
10301,漫亂,1
10302,亂幽,1
10303,幽獸,1
10304,獸工,1
10305,工騰,1
10306,騰閃,1
10307,閃礙,1
10308,礙目,1
10309,目不,1
10310,忍窺,1
10311,窺忽,1
10312,忽坐,1
10313,坐昏,1
10314,昏墊,1
10315,墊逢,1
10316,逢神,1
10317,神多,1
10318,所祝,1
10319,祝豈,1
10320,豈忘,1
10321,忘靈,1
10322,靈即,1
10323,即驗,1
10324,驗依,1
10325,依依,1
10326,依夢,1
10327,夢歸,1
10328,路歷,1
10329,歷想,1
10330,想行,1
10331,行店,1
10332,店今,1
10333,者誠,1
10334,幸所,1
10335,所懷,1
10336,懷無,1
10337,一欠,1
10338,欠孟,1
10339,生去,1
10340,去雖,1
10341,雖索,1
10342,索侯,1
10343,侯氏,1
10344,氏來,1
10345,還歉,1
10346,歉欹,1
10347,欹眠,1
10348,聽新,1
10349,詩屋,1
10350,屋角,1
10351,角月,1
10352,月豔,1
10353,豔雜,1
10354,雜作,1
10355,作承,1
10356,承間,1
10357,間騁,1
10358,騁交,1
10359,交驚,1
10360,驚舌,1
10361,舌互,1
10362,互繽,1
10363,紛指,1
10364,指瑕,1
10365,疵拒,1
10366,拒捍,1
10367,捍阻,1
10368,阻城,1
10369,城塹,1
10370,塹以,1
10371,以餘,1
10372,餘經,1
10373,經摧,1
10374,摧挫,1
10375,挫固,1
10376,固請,1
10377,請發,1
10378,發鉛,1
10379,槧居,1
10380,然妄,1
10381,妄推,1
10382,推讓,1
10383,讓見,1
10384,見謂,1
10385,謂爇,1
10386,爇天,1
10387,天焰,1
10388,焰比,1
10389,比疏,1
10390,疏語,1
10391,語徒,1
10392,徒妍,1
10393,妍悚,1
10394,悚息,1
10395,息不,1
10396,敢占,1
10397,占呼,1
10398,奴具,1
10399,盤餐,1
10400,餐飣,1
10401,餖魚,1
10402,魚菜,1
10403,菜贍,1
10404,贍人,1
10405,此朱,1
10406,紫安,1
10407,足僭,1
10408,僭今,1
10409,日曷,1
10410,不樂,1
10411,樂幸,1
10412,幸時,1
10413,用兵,1
10414,兵無,1
10415,無曰,1
10416,曰既,1
10417,既蹙,1
10418,蹙矣,1
10419,矣乃,1
10420,乃尚,1
10421,以生,1
10422,生彼,1
10423,彼州,1
10424,之賦,1
10425,賦去,1
10426,去汝,1
10427,顧此,1
10428,之役,1
10429,役去,1
10430,我奚,1
10431,奚適,1
10432,適一,1
10433,一邑,1
10434,邑之,1
10435,水可,1
10436,可走,1
10437,走而,1
10438,而違,1
10439,違天,1
10440,下湯,1
10441,湯曷,1
10442,曷其,1
10443,其而,1
10444,而歸,1
10445,歸好,1
10446,好我,1
10447,衣服,1
10448,服甘,1
10449,甘我,1
10450,我飲,1
10451,食無,1
10452,無念,1
10453,念百,1
10454,年聊,1
10455,聊樂,1
10456,樂一,1
10457,日駑,1
10458,駘誠,1
10459,誠齷,1
10460,齪市,1
10461,市者,1
10462,稠力,1
10463,力小,1
10464,小若,1
10465,若易,1
10466,易制,1
10467,制價,1
10468,價微,1
10469,微良,1
10470,良易,1
10471,易酬,1
10472,酬渴,1
10473,飲一,1
10474,一鬥,1
10475,鬥水,1
10476,水饑,1
10477,食一,1
10478,束芻,1
10479,芻嘶,1
10480,嘶鳴,1
10481,鳴當,1
10482,大路,1
10483,路志,1
10484,氣若,1
10485,餘騏,1
10486,驥生,1
10487,生絕,1
10488,絕域,1
10489,域自,1
10490,無匹,1
10491,匹儔,1
10492,儔牽,1
10493,牽驅,1
10494,驅入,1
10495,市門,1
10496,門行,1
10497,行者,1
10498,留借,1
10499,問價,1
10500,價幾,1
10501,何黃,1
10502,金比,1
10503,比嵩,1
10504,嵩丘,1
10505,丘借,1
10506,問行,1
10507,行幾,1
10508,何咫,1
10509,尺視,1
10510,視九,1
10511,州饑,1
10512,食玉,1
10513,山禾,1
10514,禾渴,1
10515,飲醴,1
10516,醴泉,1
10517,泉流,1
10518,流問,1
10519,為禦,1
10520,禦曠,1
10521,曠世,1
10522,求惟,1
10523,惟昔,1
10524,昔穆,1
10525,穆天,1
10526,子乘,1
10527,乘之,1
10528,之極,1
10529,極遐,1
10530,遐遊,1
10531,遊王,1
10532,王良,1
10533,良執,1
10534,執其,1
10535,其轡,1
10536,轡造,1
10537,造父,1
10538,父挾,1
10539,挾其,1
10540,其輈,1
10541,輈因,1
10542,因言,1
10543,外事,1
10544,事茫,1
10545,茫惚,1
10546,惚使,1
10547,人愁,1
10548,愁駑,1
10549,駘謂,1
10550,謂騏,1
10551,驥餓,1
10552,餓死,1
10553,死餘,1
10554,餘爾,1
10555,爾羞,1
10556,羞有,1
10557,有能,1
10558,見用,1
10559,用有,1
10560,有德,1
10561,德必,1
10562,見收,1
10563,收孰,1
10564,與命,1
10565,命通,1
10566,通塞,1
10567,塞皆,1
10568,皆自,1
10569,由騏,1
10570,驥不,1
10571,徊但,1
10572,但垂,1
10573,垂頭,1
10574,皆劣,1
10575,劣騏,1
10576,驥共,1
10577,共以,1
10578,以駑,1
10579,駘優,1
10580,優喟,1
10581,喟餘,1
10582,餘獨,1
10583,獨興,1
10584,歎才,1
10585,才命,1
10586,命不,1
10587,同謀,1
10588,謀寄,1
10589,詩同,1
10590,同心,1
10591,心子,1
10592,子為,1
10593,我商,1
10594,商聲,1
10595,聲謳,1
10596,謳彼,1
10597,彼其,1
10598,其得,1
10599,得志,1
10600,我虞,1
10601,虞一,1
10602,朝失,1
10603,其何,1
10604,如已,1
10605,已焉,1
10606,焉哉,1
10607,哉嗟,1
10608,嗟乎,1
10609,乎鄙,1
10610,夫長,1
10611,安百,1
10612,萬家,1
10613,家出,1
10614,所之,1
10615,豈敢,1
10616,敢尚,1
10617,尚幽,1
10618,幽獨,1
10619,獨與,1
10620,世實,1
10621,實參,1
10622,差古,1
10623,雖已,1
10624,已死,1
10625,死書,1
10626,有其,1
10627,其辭,1
10628,辭開,1
10629,開卷,1
10630,卷讀,1
10631,讀且,1
10632,且想,1
10633,想千,1
10634,載若,1
10635,期淮,1
10636,淮水,1
10637,出桐,1
10638,桐柏,1
10639,柏山,1
10640,東馳,1
10641,馳遙,1
10642,遙千,1
10643,休淝,1
10644,淝水,1
10645,其側,1
10646,側不,1
10647,能千,1
10648,里百,1
10649,里入,1
10650,淮流,1
10651,流壽,1
10652,壽州,1
10653,州屬,1
10654,屬縣,1
10655,縣有,1
10656,有安,1
10657,安豐,1
10658,豐唐,1
10659,唐貞,1
10660,貞元,1
10661,元時,1
10662,時縣,1
10663,縣人,1
10664,人董,1
10665,生召,1
10666,召南,1
10667,南隱,1
10668,隱居,1
10669,居行,1
10670,行義,1
10671,義於,1
10672,於其,1
10673,其中,1
10674,中刺,1
10675,史不,1
10676,能薦,1
10677,薦天,1
10678,聞名,1
10679,聲爵,1
10680,爵祿,1
10681,及門,1
10682,門門,1
10683,外惟,1
10684,有吏,1
10685,吏日,1
10686,來征,1
10687,租更,1
10688,更索,1
10689,索錢,1
10690,錢嗟,1
10691,生朝,1
10692,出耕,1
10693,耕夜,1
10694,歸讀,1
10695,書盡,1
10696,得息,1
10697,息或,1
10698,或山,1
10699,而樵,1
10700,樵或,1
10701,或水,1
10702,水而,1
10703,而漁,1
10704,漁入,1
10705,入廚,1
10706,廚具,1
10707,具甘,1
10708,旨上,1
10709,上堂,1
10710,堂問,1
10711,問起,1
10712,居父,1
10713,不戚,1
10714,戚妻,1
10715,不咨,1
10716,咨咨,1
10717,生孝,1
10718,孝且,1
10719,且慈,1
10720,慈人,1
10721,識惟,1
10722,有天,1
10723,天翁,1
10724,翁知,1
10725,知生,1
10726,生祥,1
10727,祥下,1
10728,下瑞,1
10729,瑞無,1
10730,時期,1
10731,期家,1
10732,家有,1
10733,有狗,1
10734,狗乳,1
10735,乳出,1
10736,出求,1
10737,食雞,1
10738,雞來,1
10739,來哺,1
10740,哺其,1
10741,兒啄,1
10742,啄庭,1
10743,中拾,1
10744,拾蟲,1
10745,蟲蟻,1
10746,蟻哺,1
10747,哺之,1
10748,食鳴,1
10749,聲悲,1
10750,悲彷,1
10751,徨躑,1
10752,躅久,1
10753,去以,1
10754,以翼,1
10755,翼來,1
10756,來覆,1
10757,覆待,1
10758,待狗,1
10759,狗歸,1
10760,歸嗟,1
10761,生誰,1
10762,將與,1
10763,儔時,1
10764,人夫,1
10765,夫妻,1
10766,妻相,1
10767,相虐,1
10768,虐兄,1
10769,兄弟,1
10770,弟為,1
10771,為讎,1
10772,讎食,1
10773,食君,1
10774,之祿,1
10775,祿而,1
10776,而令,1
10777,令父,1
10778,母愁,1
10779,愁亦,1
10780,亦獨,1
10781,心嗟,1
10782,生無,1
10783,儔登,1
10784,登高,1
10785,高望,1
10786,望烽,1
10787,烽火,1
10788,火誰,1
10789,謂塞,1
10790,塞塵,1
10791,塵飛,1
10792,飛王,1
10793,王城,1
10794,城富,1
10795,富且,1
10796,且樂,1
10797,樂曷,1
10798,事光,1
10799,輝勿,1
10800,勿言,1
10801,言日,1
10802,已暮,1
10803,暮相,1
10804,見恐,1
10805,恐行,1
10806,行稀,1
10807,稀願,1
10808,君熟,1
10809,熟念,1
10810,此秉,1
10811,秉燭,1
10812,燭夜,1
10813,中歸,1
10814,歌寧,1
10815,自感,1
10816,感乃,1
10817,獨淚,1
10818,淚沾,1
10819,衣汴,1
10820,州城,1
10821,門朝,1
10822,開天,1
10823,天狗,1
10824,狗墮,1
10825,墮地,1
10826,地聲,1
10827,聲如,1
10828,雷健,1
10829,健兒,1
10830,兒爭,1
10831,爭誇,1
10832,誇殺,1
10833,殺留,1
10834,後連,1
10835,連屋,1
10836,屋累,1
10837,累棟,1
10838,棟燒,1
10839,燒成,1
10840,成灰,1
10841,灰諸,1
10842,侯咫,1
10843,能救,1
10844,救孤,1
10845,孤士,1
10846,何者,1
10847,者自,1
10848,自興,1
10849,興哀,1
10850,哀母,1
10851,母從,1
10852,從子,1
10853,子走,1
10854,走者,1
10855,誰大,1
10856,夫夫,1
10857,夫人,1
10858,人留,1
10859,後兒,1
10860,兒昨,1
10861,日乘,1
10862,乘車,1
10863,車騎,1
10864,騎大,1
10865,大馬,1
10866,馬坐,1
10867,坐者,1
10868,者起,1
10869,起趨,1
10870,趨乘,1
10871,乘者,1
10872,者下,1
10873,下廟,1
10874,堂不,1
10875,肯用,1
10876,用干,1
10877,干戈,1
10878,戈嗚,1
10879,呼奈,1
10880,奈汝,1
10881,汝母,1
10882,母子,1
10883,子何,1
10884,何利,1
10885,利劍,1
10886,劍光,1
10887,光耿,1
10888,耿佩,1
10889,之使,1
10890,無邪,1
10891,邪心,1
10892,心故,1
10893,人念,1
10894,念我,1
10895,我寡,1
10896,寡徒,1
10897,徒侶,1
10898,侶持,1
10899,用贈,1
10900,贈我,1
10901,我比,1
10902,比知,1
10903,音我,1
10904,冰劍,1
10905,劍如,1
10906,如雪,1
10907,能刺,1
10908,刺讒,1
10909,讒夫,1
10910,夫使,1
10911,心腐,1
10912,腐劍,1
10913,鋒折,1
10914,折決,1
10915,決雲,1
10916,雲中,1
10917,斷開,1
10918,天噫,1
10919,噫劍,1
10920,劍與,1
10921,我俱,1
10922,俱變,1
10923,化歸,1
10924,歸黃,1
10925,泉大,1
10926,賢事,1
10927,業異,1
10928,異遠,1
10929,遠抱,1
10930,抱非,1
10931,非俗,1
10932,俗觀,1
10933,觀報,1
10934,國心,1
10935,潔念,1
10936,念時,1
10937,時涕,1
10938,涕汍,1
10939,瀾妖,1
10940,妖姬,1
10941,姬坐,1
10942,坐左,1
10943,右柔,1
10944,柔指,1
10945,指發,1
10946,發哀,1
10947,哀彈,1
10948,彈酒,1
10949,酒肴,1
10950,肴雖,1
10951,雖日,1
10952,日陳,1
10953,陳感,1
10954,激寧,1
10955,寧為,1
10956,為歡,1
10957,歡秋,1
10958,秋陰,1
10959,陰欺,1
10960,欺白,1
10961,日泥,1
10962,泥潦,1
10963,潦不,1
10964,不少,1
10965,少幹,1
10966,幹河,1
10967,河堤,1
10968,堤決,1
10969,決東,1
10970,郡老,1
10971,老弱,1
10972,弱隨,1
10973,隨驚,1
10974,驚湍,1
10975,湍天,1
10976,天意,1
10977,固有,1
10978,有屬,1
10979,屬誰,1
10980,能詰,1
10981,詰其,1
10982,其端,1
10983,端願,1
10984,願辱,1
10985,辱太,1
10986,守薦,1
10987,薦得,1
10988,得充,1
10989,充諫,1
10990,諫諍,1
10991,諍官,1
10992,官排,1
10993,排雲,1
10994,雲叫,1
10995,叫閶,1
10996,閶闔,1
10997,闔披,1
10998,披腹,1
10999,腹呈,1
11000,呈琅,1
11001,玕致,1
11002,致君,1
11003,無術,1
11004,術自,1
11005,自進,1
11006,進誠,1
11007,誠獨,1
11008,獨難,1
11009,難山,1
11010,石犖,1
11011,犖確,1
11012,確行,1
11013,行徑,1
11014,徑微,1
11015,微黃,1
11016,昏到,1
11017,到寺,1
11018,寺蝙,1
11019,蝙蝠,1
11020,蝠飛,1
11021,飛升,1
11022,升堂,1
11023,坐階,1
11024,階新,1
11025,新雨,1
11026,雨足,1
11027,足芭,1
11028,芭蕉,1
11029,蕉葉,1
11030,大支,1
11031,支子,1
11032,子肥,1
11033,肥僧,1
11034,僧言,1
11035,古壁,1
11036,壁佛,1
11037,佛畫,1
11038,畫好,1
11039,好以,1
11040,以火,1
11041,火來,1
11042,照所,1
11043,見稀,1
11044,稀鋪,1
11045,鋪床,1
11046,床拂,1
11047,拂席,1
11048,席置,1
11049,置羹,1
11050,羹飯,1
11051,飯疏,1
11052,疏糲,1
11053,糲亦,1
11054,足飽,1
11055,飽我,1
11056,我饑,1
11057,饑夜,1
11058,深靜,1
11059,臥百,1
11060,蟲絕,1
11061,絕清,1
11062,清月,1
11063,月出,1
11064,嶺光,1
11065,入扉,1
11066,扉天,1
11067,明獨,1
11068,獨去,1
11069,無道,1
11070,下窮,1
11071,窮煙,1
11072,煙霏,1
11073,霏山,1
11074,紅澗,1
11075,澗碧,1
11076,碧紛,1
11077,紛爛,1
11078,漫時,1
11079,見松,1
11080,松櫪,1
11081,櫪皆,1
11082,皆十,1
11083,十圍,1
11084,圍當,1
11085,當流,1
11086,流赤,1
11087,赤足,1
11088,足蹋,1
11089,蹋澗,1
11090,澗石,1
11091,石水,1
11092,水聲,1
11093,聲激,1
11094,激激,1
11095,激風,1
11096,吹衣,1
11097,衣人,1
11098,此自,1
11099,可樂,1
11100,樂豈,1
11101,必局,1
11102,局束,1
11103,束為,1
11104,人鞿,1
11105,鞿嗟,1
11106,哉吾,1
11107,吾黨,1
11108,黨二,1
11109,子安,1
11110,得至,1
11111,至老,1
11112,更歸,1
11113,星牢,1
11114,落雞,1
11115,雞喔,1
11116,喔咿,1
11117,咿僕,1
11118,僕夫,1
11119,夫起,1
11120,起餐,1
11121,餐車,1
11122,載脂,1
11123,脂正,1
11124,當窮,1
11125,已借,1
11126,問君,1
11127,行安,1
11128,安之,1
11129,之會,1
11130,會朝,1
11131,朝元,1
11132,元正,1
11133,正無,1
11134,不至,1
11135,至受,1
11136,受命,1
11137,命上,1
11138,宰須,1
11139,須及,1
11140,及期,1
11141,期侍,1
11142,從近,1
11143,近臣,1
11144,有虛,1
11145,虛位,1
11146,位公,1
11147,今此,1
11148,去歸,1
11149,時汴,1
11150,汴泗,1
11151,泗交,1
11152,流郡,1
11153,城角,1
11154,角築,1
11155,築場,1
11156,場十,1
11157,十步,1
11158,步平,1
11159,如削,1
11160,削短,1
11161,垣三,1
11162,三面,1
11163,面繚,1
11164,繚逶,1
11165,迤擊,1
11166,擊鼓,1
11167,鼓騰,1
11168,騰騰,1
11169,騰樹,1
11170,樹赤,1
11171,赤旗,1
11172,旗新,1
11173,秋朝,1
11174,朝涼,1
11175,涼未,1
11176,見日,1
11177,日公,1
11178,公早,1
11179,早結,1
11180,束來,1
11181,為分,1
11182,分曹,1
11183,曹決,1
11184,決勝,1
11185,勝約,1
11186,約前,1
11187,前定,1
11188,定百,1
11189,百馬,1
11190,馬攢,1
11191,攢蹄,1
11192,蹄近,1
11193,近相,1
11194,映球,1
11195,球驚,1
11196,驚杖,1
11197,杖奮,1
11198,奮合,1
11199,合且,1
11200,且離,1
11201,離紅,1
11202,紅牛,1
11203,牛纓,1
11204,纓紱,1
11205,紱黃,1
11206,金羈,1
11207,羈側,1
11208,身轉,1
11209,轉臂,1
11210,臂著,1
11211,著馬,1
11212,馬腹,1
11213,腹霹,1
11214,靂應,1
11215,應手,1
11216,手神,1
11217,神珠,1
11218,珠馳,1
11219,馳超,1
11220,超遙,1
11221,遙散,1
11222,漫兩,1
11223,兩閒,1
11224,暇揮,1
11225,霍紛,1
11226,紛紜,1
11227,紜爭,1
11228,爭變,1
11229,化發,1
11230,發難,1
11231,得巧,1
11232,巧意,1
11233,氣粗,1
11234,粗歡,1
11235,歡聲,1
11236,聲四,1
11237,四合,1
11238,合壯,1
11239,士呼,1
11240,呼此,1
11241,誠習,1
11242,習戰,1
11243,戰非,1
11244,非為,1
11245,為劇,1
11246,劇豈,1
11247,豈若,1
11248,若安,1
11249,安坐,1
11250,坐行,1
11251,行良,1
11252,良圖,1
11253,圖當,1
11254,今忠,1
11255,忠臣,1
11256,臣不,1
11257,得公,1
11258,公馬,1
11259,馬莫,1
11260,莫走,1
11261,走須,1
11262,須殺,1
11263,殺賊,1
11264,賊安,1
11265,翮大,1
11266,大翼,1
11267,翼如,1
11268,如雲,1
11269,雲生,1
11270,生我,1
11271,身乘,1
11272,風振,1
11273,振奮,1
11274,奮出,1
11275,出六,1
11276,合絕,1
11277,絕浮,1
11278,浮塵,1
11279,塵死,1
11280,死生,1
11281,生哀,1
11282,哀樂,1
11283,樂兩,1
11284,相棄,1
11285,棄是,1
11286,非得,1
11287,得失,1
11288,失付,1
11289,付閒,1
11290,人嗷,1
11291,嗷嗷,1
11292,嗷鳴,1
11293,鳴雁,1
11294,雁鳴,1
11295,且飛,1
11296,飛窮,1
11297,秋南,1
11298,去春,1
11299,春北,1
11300,去寒,1
11301,寒就,1
11302,就暖,1
11303,暖識,1
11304,識所,1
11305,所依,1
11306,依天,1
11307,天長,1
11308,長地,1
11309,闊棲,1
11310,棲息,1
11311,息稀,1
11312,稀風,1
11313,霜酸,1
11314,酸苦,1
11315,苦稻,1
11316,稻粱,1
11317,粱微,1
11318,微毛,1
11319,羽摧,1
11320,落身,1
11321,不肥,1
11322,肥裴,1
11323,回反,1
11324,反顧,1
11325,顧群,1
11326,群侶,1
11327,侶違,1
11328,違哀,1
11329,哀鳴,1
11330,鳴欲,1
11331,欲下,1
11332,下洲,1
11333,渚非,1
11334,非江,1
11335,南水,1
11336,水闊,1
11337,闊朝,1
11338,朝雲,1
11339,雲多,1
11340,多草,1
11341,草長,1
11342,沙軟,1
11343,軟無,1
11344,無網,1
11345,網羅,1
11346,羅閑,1
11347,閑飛,1
11348,飛靜,1
11349,靜集,1
11350,集鳴,1
11351,和違,1
11352,違憂,1
11353,憂懷,1
11354,懷惠,1
11355,惠性,1
11356,性匪,1
11357,匪他,1
11358,他淩,1
11359,淩風,1
11360,一舉,1
11361,舉君,1
11362,君謂,1
11363,謂何,1
11364,何天,1
11365,天昏,1
11366,昏地,1
11367,地黑,1
11368,黑蛟,1
11369,移雷,1
11370,激雄,1
11371,雌隨,1
11372,隨清,1
11373,丈化,1
11374,化為,1
11375,為土,1
11376,土魚,1
11377,鱉枯,1
11378,枯死,1
11379,死籲,1
11380,悲原,1
11381,原頭,1
11382,頭火,1
11383,燒靜,1
11384,靜兀,1
11385,兀野,1
11386,野雉,1
11387,雉畏,1
11388,畏鷹,1
11389,鷹出,1
11390,出複,1
11391,複沒,1
11392,沒將,1
11393,軍欲,1
11394,以巧,1
11395,巧伏,1
11396,伏人,1
11397,人盤,1
11398,盤馬,1
11399,馬彎,1
11400,彎弓,1
11401,弓惜,1
11402,發地,1
11403,地形,1
11404,形漸,1
11405,漸窄,1
11406,窄觀,1
11407,多雉,1
11408,雉驚,1
11409,驚弓,1
11410,弓滿,1
11411,滿勁,1
11412,勁箭,1
11413,箭加,1
11414,加沖,1
11415,沖人,1
11416,人決,1
11417,決起,1
11418,餘尺,1
11419,尺紅,1
11420,紅翎,1
11421,翎白,1
11422,白鏃,1
11423,鏃相,1
11424,相傾,1
11425,傾斜,1
11426,斜將,1
11427,軍仰,1
11428,仰笑,1
11429,笑軍,1
11430,軍吏,1
11431,吏賀,1
11432,賀五,1
11433,色離,1
11434,離披,1
11435,披馬,1
11436,馬前,1
11437,前墮,1
11438,墮尊,1
11439,載前,1
11440,前君,1
11441,夫我,1
11442,我少,1
11443,年尊,1
11444,載後,1
11445,後我,1
11446,夫君,1
11447,君白,1
11448,首我,1
11449,我材,1
11450,材與,1
11451,當戢,1
11452,戢鱗,1
11453,鱗委,1
11454,委翅,1
11455,翅無,1
11456,複望,1
11457,望當,1
11458,今賢,1
11459,俊皆,1
11460,皆周,1
11461,行君,1
11462,為乎,1
11463,乎亦,1
11464,亦遑,1
11465,遑杯,1
11466,行到,1
11467,莫停,1
11468,停手,1
11469,手破,1
11470,破除,1
11471,除萬,1
11472,無過,1
11473,過酒,1
11474,酒神,1
11475,仙有,1
11476,無何,1
11477,何渺,1
11478,渺茫,1
11479,茫桃,1
11480,源之,1
11481,之說,1
11482,說誠,1
11483,誠荒,1
11484,荒唐,1
11485,唐流,1
11486,水盤,1
11487,回山,1
11488,百轉,1
11489,轉生,1
11490,生綃,1
11491,綃數,1
11492,幅垂,1
11493,垂中,1
11494,堂武,1
11495,陵太,1
11496,守好,1
11497,事者,1
11498,者題,1
11499,題封,1
11500,封遠,1
11501,寄南,1
11502,下南,1
11503,宮先,1
11504,生忻,1
11505,忻得,1
11506,之波,1
11507,濤入,1
11508,入筆,1
11509,筆驅,1
11510,驅文,1
11511,辭文,1
11512,文工,1
11513,工畫,1
11514,畫妙,1
11515,妙各,1
11516,臻極,1
11517,極異,1
11518,異境,1
11519,境恍,1
11520,惚移,1
11521,移於,1
11522,斯架,1
11523,架岩,1
11524,岩鑿,1
11525,鑿穀,1
11526,穀開,1
11527,開宮,1
11528,室接,1
11529,接屋,1
11530,屋連,1
11531,牆千,1
11532,萬日,1
11533,日嬴,1
11534,嬴顛,1
11535,顛劉,1
11536,劉蹶,1
11537,蹶了,1
11538,了不,1
11539,聞地,1
11540,地坼,1
11541,天分,1
11542,分非,1
11543,所恤,1
11544,恤種,1
11545,種桃,1
11546,桃處,1
11547,處惟,1
11548,惟開,1
11549,花川,1
11550,原近,1
11551,遠蒸,1
11552,蒸紅,1
11553,紅霞,1
11554,霞初,1
11555,自念,1
11556,念鄉,1
11557,鄉邑,1
11558,邑歲,1
11559,歲久,1
11560,地還,1
11561,還成,1
11562,成家,1
11563,家漁,1
11564,漁舟,1
11565,舟之,1
11566,所物,1
11567,色相,1
11568,相猜,1
11569,猜更,1
11570,更問,1
11571,問語,1
11572,語大,1
11573,大蛇,1
11574,蛇中,1
11575,斷喪,1
11576,喪前,1
11577,前王,1
11578,王群,1
11579,群馬,1
11580,馬南,1
11581,渡開,1
11582,開新,1
11583,新主,1
11584,主聽,1
11585,終辭,1
11586,辭絕,1
11587,絕共,1
11588,共淒,1
11589,說經,1
11590,經今,1
11591,今六,1
11592,年當,1
11593,當時,1
11594,時萬,1
11595,眼見,1
11596,知幾,1
11597,許猶,1
11598,猶流,1
11599,傳爭,1
11600,爭持,1
11601,食來,1
11602,相饋,1
11603,饋禮,1
11604,禮數,1
11605,同樽,1
11606,樽俎,1
11607,俎異,1
11608,異月,1
11609,明伴,1
11610,伴宿,1
11611,宿玉,1
11612,玉堂,1
11613,堂空,1
11614,空骨,1
11615,骨冷,1
11616,冷魂,1
11617,魂清,1
11618,清無,1
11619,無夢,1
11620,夢寐,1
11621,寐夜,1
11622,半金,1
11623,金雞,1
11624,雞啁,1
11625,啁哳,1
11626,哳鳴,1
11627,鳴火,1
11628,火輪,1
11629,輪飛,1
11630,飛出,1
11631,出客,1
11632,客心,1
11633,心驚,1
11634,有累,1
11635,累不,1
11636,可住,1
11637,住依,1
11638,然離,1
11639,別難,1
11640,情船,1
11641,船開,1
11642,開棹,1
11643,棹進,1
11644,進一,1
11645,顧萬,1
11646,里蒼,1
11647,蒼煙,1
11648,煙水,1
11649,水暮,1
11650,暮世,1
11651,俗寧,1
11652,知偽,1
11653,偽與,1
11654,與真,1
11655,真至,1
11656,今傳,1
11657,傳者,1
11658,者武,1
11659,陵人,1
11660,方半,1
11661,半明,1
11662,大星,1
11663,星沒,1
11664,沒獨,1
11665,有太,1
11666,白配,1
11667,配殘,1
11668,月嗟,1
11669,爾殘,1
11670,月勿,1
11671,勿相,1
11672,相疑,1
11673,疑同,1
11674,同光,1
11675,光共,1
11676,共影,1
11677,影須,1
11678,臾期,1
11679,期殘,1
11680,月暉,1
11681,暉太,1
11682,白睒,1
11683,睒雞,1
11684,雞三,1
11685,三號,1
11686,號更,1
11687,更五,1
11688,五點,1
11689,點虎,1
11690,虎有,1
11691,有爪,1
11692,爪兮,1
11693,牛有,1
11694,有角,1
11695,角虎,1
11696,虎可,1
11697,可搏,1
11698,搏兮,1
11699,牛可,1
11700,可觸,1
11701,觸奈,1
11702,何君,1
11703,君獨,1
11704,抱奇,1
11705,奇材,1
11706,材手,1
11707,把鋤,1
11708,鋤犁,1
11709,犁餓,1
11710,餓空,1
11711,空穀,1
11712,穀當,1
11713,子急,1
11714,急賢,1
11715,良匭,1
11716,匭函,1
11717,函朝,1
11718,出開,1
11719,光胡,1
11720,不上,1
11721,自薦,1
11722,薦達,1
11723,達坐,1
11724,令四,1
11725,海如,1
11726,如虞,1
11727,虞唐,1
11728,唐江,1
11729,江盤,1
11730,盤峽,1
11731,峽束,1
11732,束春,1
11733,春湍,1
11734,湍豪,1
11735,豪風,1
11736,雷戰,1
11737,戰鬥,1
11738,鬥魚,1
11739,龍逃,1
11740,逃懸,1
11741,流轟,1
11742,轟射,1
11743,射水,1
11744,水府,1
11745,府一,1
11746,一瀉,1
11747,瀉百,1
11748,里翻,1
11749,翻雲,1
11750,雲濤,1
11751,濤漂,1
11752,漂船,1
11753,船擺,1
11754,擺石,1
11755,石萬,1
11756,萬瓦,1
11757,瓦裂,1
11758,裂咫,1
11759,尺性,1
11760,命輕,1
11761,輕鴻,1
11762,鴻毛,1
11763,毛吾,1
11764,党侯,1
11765,生字,1
11766,字叔,1
11767,叔呼,1
11768,呼我,1
11769,我持,1
11770,竿釣,1
11771,釣溫,1
11772,水平,1
11773,明鞭,1
11774,行荊,1
11775,棘裏,1
11776,裏溫,1
11777,水微,1
11778,茫絕,1
11779,絕又,1
11780,又流,1
11781,流深,1
11782,深如,1
11783,如車,1
11784,車轍,1
11785,轍闊,1
11786,闊容,1
11787,容輈,1
11788,輈蝦,1
11789,蟆跳,1
11790,跳過,1
11791,過雀,1
11792,雀兒,1
11793,兒浴,1
11794,浴此,1
11795,此縱,1
11796,魚何,1
11797,足求,1
11798,求我,1
11799,為侯,1
11800,生不,1
11801,能已,1
11802,已盤,1
11803,盤針,1
11804,針擘,1
11805,擘粒,1
11806,粒投,1
11807,投泥,1
11808,泥滓,1
11809,滓晡,1
11810,晡時,1
11811,時堅,1
11812,堅坐,1
11813,坐到,1
11814,到黃,1
11815,昏手,1
11816,手倦,1
11817,倦目,1
11818,目勞,1
11819,勞方,1
11820,方一,1
11821,一起,1
11822,起暫,1
11823,暫動,1
11824,動還,1
11825,還休,1
11826,休未,1
11827,期蝦,1
11828,蝦行,1
11829,行蛭,1
11830,蛭渡,1
11831,渡似,1
11832,似皆,1
11833,皆疑,1
11834,疑舉,1
11835,舉竿,1
11836,竿引,1
11837,引線,1
11838,線忽,1
11839,有得,1
11840,寸才,1
11841,才分,1
11842,分鱗,1
11843,鱗與,1
11844,與鬐,1
11845,鬐是,1
11846,日侯,1
11847,生與,1
11848,與韓,1
11849,子良,1
11850,良久,1
11851,久歎,1
11852,息相,1
11853,看悲,1
11854,悲我,1
11855,事盡,1
11856,盡如,1
11857,此此,1
11858,此事,1
11859,事正,1
11860,好為,1
11861,為吾,1
11862,吾規,1
11863,規半,1
11864,半世,1
11865,世遑,1
11866,遑就,1
11867,就舉,1
11868,舉選,1
11869,選一,1
11870,名始,1
11871,紅顏,1
11872,顏衰,1
11873,衰人,1
11874,勢豈,1
11875,見徒,1
11876,自辛,1
11877,為便,1
11878,當提,1
11879,攜妻,1
11880,妻與,1
11881,南入,1
11882,入箕,1
11883,箕潁,1
11884,潁無,1
11885,無還,1
11886,還時,1
11887,時叔,1
11888,叔君,1
11889,今氣,1
11890,方銳,1
11891,銳我,1
11892,言至,1
11893,至切,1
11894,切君,1
11895,君勿,1
11896,勿嗤,1
11897,嗤君,1
11898,魚須,1
11899,須遠,1
11900,去大,1
11901,大魚,1
11902,魚豈,1
11903,肯居,1
11904,居沮,1
11905,洳太,1
11906,華峰,1
11907,峰頭,1
11908,頭玉,1
11909,玉井,1
11910,井蓮,1
11911,蓮開,1
11912,花十,1
11913,十丈,1
11914,丈藕,1
11915,藕如,1
11916,如船,1
11917,船冷,1
11918,冷比,1
11919,比雪,1
11920,霜甘,1
11921,甘比,1
11922,比蜜,1
11923,蜜一,1
11924,片入,1
11925,入口,1
11926,口沈,1
11927,沈痾,1
11928,痾痊,1
11929,痊我,1
11930,欲求,1
11931,求之,1
11932,憚遠,1
11933,遠青,1
11934,青壁,1
11935,壁無,1
11936,難夤,1
11937,夤緣,1
11938,緣安,1
11939,長梯,1
11940,梯上,1
11941,上摘,1
11942,摘實,1
11943,實下,1
11944,下種,1
11945,種七,1
11946,七澤,1
11947,澤根,1
11948,根株,1
11949,株連,1
11950,連纖,1
11951,纖雲,1
11952,雲四,1
11953,四卷,1
11954,卷天,1
11955,無河,1
11956,河清,1
11957,吹空,1
11958,空月,1
11959,月舒,1
11960,舒波,1
11961,波沙,1
11962,沙平,1
11963,平水,1
11964,水息,1
11965,息聲,1
11966,聲影,1
11967,影絕,1
11968,絕一,1
11969,杯相,1
11970,屬君,1
11971,歌聲,1
11972,聲酸,1
11973,酸辭,1
11974,辭且,1
11975,且苦,1
11976,能聽,1
11977,終淚,1
11978,如雨,1
11979,雨洞,1
11980,庭連,1
11981,天九,1
11982,疑高,1
11983,高蛟,1
11984,龍出,1
11985,沒猩,1
11986,猩鼯,1
11987,鼯號,1
11988,號十,1
11989,十生,1
11990,生九,1
11991,九死,1
11992,死到,1
11993,到官,1
11994,官所,1
11995,所幽,1
11996,幽居,1
11997,居默,1
11998,默如,1
11999,如藏,1
12000,藏逃,1
12001,逃下,1
12002,下床,1
12003,床畏,1
12004,畏蛇,1
12005,蛇食,1
12006,食畏,1
12007,畏藥,1
12008,藥海,1
12009,氣濕,1
12010,濕蟄,1
12011,蟄熏,1
12012,熏腥,1
12013,臊昨,1
12014,者州,1
12015,州前,1
12016,前捶,1
12017,捶大,1
12018,大鼓,1
12019,鼓嗣,1
12020,皇繼,1
12021,繼聖,1
12022,聖登,1
12023,登夔,1
12024,夔皋,1
12025,皋赦,1
12026,赦書,1
12027,書一,1
12028,行萬,1
12029,里罪,1
12030,罪從,1
12031,從大,1
12032,大辟,1
12033,辟皆,1
12034,皆除,1
12035,除死,1
12036,死遷,1
12037,遷者,1
12038,者追,1
12039,追回,1
12040,回流,1
12041,流者,1
12042,者還,1
12043,還滌,1
12044,瑕蕩,1
12045,蕩垢,1
12046,垢清,1
12047,清朝,1
12048,朝班,1
12049,班州,1
12050,家申,1
12051,申名,1
12052,名使,1
12053,使家,1
12054,抑坎,1
12055,坎軻,1
12056,軻只,1
12057,只得,1
12058,得移,1
12059,移荊,1
12060,荊蠻,1
12061,蠻判,1
12062,判司,1
12063,司卑,1
12064,卑官,1
12065,堪說,1
12066,說未,1
12067,免捶,1
12068,捶楚,1
12069,楚塵,1
12070,埃間,1
12071,間同,1
12072,輩流,1
12073,流多,1
12074,多上,1
12075,上道,1
12076,道天,1
12077,天路,1
12078,路幽,1
12079,幽險,1
12080,險難,1
12081,難追,1
12082,攀君,1
12083,歌且,1
12084,且休,1
12085,休聽,1
12086,歌我,1
12087,歌今,1
12088,今與,1
12089,君殊,1
12090,殊科,1
12091,科一,1
12092,年明,1
12093,今宵,1
12094,宵多,1
12095,多人,1
12096,生由,1
12097,由命,1
12098,命非,1
12099,由他,1
12100,他有,1
12101,不飲,1
12102,飲奈,1
12103,奈明,1
12104,何五,1
12105,五嶽,1
12106,嶽祭,1
12107,祭秩,1
12108,秩皆,1
12109,皆三,1
12110,公四,1
12111,方環,1
12112,環鎮,1
12113,鎮嵩,1
12114,嵩當,1
12115,當中,1
12116,中火,1
12117,火維,1
12118,維地,1
12119,地荒,1
12120,荒足,1
12121,足妖,1
12122,妖怪,1
12123,怪天,1
12124,天假,1
12125,假神,1
12126,神柄,1
12127,柄專,1
12128,專其,1
12129,其雄,1
12130,雄噴,1
12131,噴雲,1
12132,雲泄,1
12133,泄霧,1
12134,霧藏,1
12135,藏半,1
12136,半腹,1
12137,腹雖,1
12138,有絕,1
12139,絕頂,1
12140,頂誰,1
12141,能窮,1
12142,窮我,1
12143,來正,1
12144,正逢,1
12145,逢秋,1
12146,秋雨,1
12147,雨節,1
12148,節陰,1
12149,氣晦,1
12150,晦昧,1
12151,昧無,1
12152,無清,1
12153,風潛,1
12154,潛心,1
12155,默禱,1
12156,禱若,1
12157,有應,1
12158,應豈,1
12159,非正,1
12160,直能,1
12161,能感,1
12162,感通,1
12163,通須,1
12164,臾靜,1
12165,靜掃,1
12166,掃眾,1
12167,眾峰,1
12168,峰出,1
12169,出仰,1
12170,見突,1
12171,兀撐,1
12172,撐青,1
12173,青空,1
12174,空紫,1
12175,蓋連,1
12176,延接,1
12177,接天,1
12178,天柱,1
12179,柱石,1
12180,石廩,1
12181,廩騰,1
12182,騰擲,1
12183,擲堆,1
12184,堆祝,1
12185,融森,1
12186,森然,1
12187,然魄,1
12188,魄動,1
12189,動下,1
12190,馬拜,1
12191,拜松,1
12192,柏一,1
12193,徑趨,1
12194,趨靈,1
12195,靈宮,1
12196,宮粉,1
12197,粉牆,1
12198,牆丹,1
12199,丹柱,1
12200,柱動,1
12201,動光,1
12202,彩鬼,1
12203,物圖,1
12204,圖畫,1
12205,畫填,1
12206,填青,1
12207,紅升,1
12208,階傴,1
12209,傴僂,1
12210,僂薦,1
12211,薦脯,1
12212,脯酒,1
12213,酒欲,1
12214,以菲,1
12215,菲薄,1
12216,薄明,1
12217,其衷,1
12218,衷廟,1
12219,廟令,1
12220,令老,1
12221,老人,1
12222,識神,1
12223,神意,1
12224,意睢,1
12225,盱偵,1
12226,偵伺,1
12227,伺能,1
12228,能鞠,1
12229,鞠躬,1
12230,躬手,1
12231,持杯,1
12232,杯珓,1
12233,珓導,1
12234,導我,1
12235,我擲,1
12236,擲雲,1
12237,雲此,1
12238,此最,1
12239,最吉,1
12240,吉餘,1
12241,餘難,1
12242,同竄,1
12243,逐蠻,1
12244,蠻荒,1
12245,荒幸,1
12246,幸不,1
12247,死衣,1
12248,食才,1
12249,才足,1
12250,足甘,1
12251,甘長,1
12252,終侯,1
12253,侯王,1
12254,王將,1
12255,望久,1
12256,久絕,1
12257,絕神,1
12258,神縱,1
12259,縱欲,1
12260,欲福,1
12261,福難,1
12262,功夜,1
12263,夜投,1
12264,投佛,1
12265,寺上,1
12266,閣星,1
12267,星月,1
12268,月掩,1
12269,掩映,1
12270,雲朣,1
12271,朣朧,1
12272,朧猿,1
12273,鳴鐘,1
12274,鐘動,1
12275,知曙,1
12276,曙杲,1
12277,杲杲,1
12278,杲寒,1
12279,生於,1
12280,於東,1
12281,東岣,1
12282,岣嶁,1
12283,嶁山,1
12284,山尖,1
12285,尖神,1
12286,神禹,1
12287,禹碑,1
12288,碑字,1
12289,字青,1
12290,青石,1
12291,石赤,1
12292,赤形,1
12293,模奇,1
12294,奇科,1
12295,鬥拳,1
12296,拳身,1
12297,身薤,1
12298,薤倒,1
12299,倒披,1
12300,披鸞,1
12301,鸞飄,1
12302,飄鳳,1
12303,鳳泊,1
12304,泊拿,1
12305,拿虎,1
12306,虎螭,1
12307,螭事,1
12308,事嚴,1
12309,嚴跡,1
12310,跡秘,1
12311,秘鬼,1
12312,鬼莫,1
12313,莫窺,1
12314,窺道,1
12315,人獨,1
12316,獨上,1
12317,上偶,1
12318,偶見,1
12319,來咨,1
12320,嗟涕,1
12321,涕漣,1
12322,漣洏,1
12323,洏千,1
12324,千搜,1
12325,搜萬,1
12326,萬索,1
12327,索何,1
12328,有森,1
12329,森綠,1
12330,綠樹,1
12331,樹猿,1
12332,猿猱,1
12333,猱悲,1
12334,悲君,1
12335,見太,1
12336,太皇,1
12337,皇諒,1
12338,諒陰,1
12339,陰未,1
12340,未出,1
12341,出令,1
12342,令小,1
12343,人乘,1
12344,時偷,1
12345,偷國,1
12346,國柄,1
12347,柄北,1
12348,北軍,1
12349,軍百,1
12350,萬虎,1
12351,虎與,1
12352,與貔,1
12353,貔天,1
12354,將非,1
12355,非他,1
12356,他師,1
12357,師一,1
12358,朝奪,1
12359,奪印,1
12360,印付,1
12361,付私,1
12362,私黨,1
12363,黨懍,1
12364,懍朝,1
12365,為狐,1
12366,鳴梟,1
12367,梟噪,1
12368,噪爭,1
12369,爭署,1
12370,署置,1
12371,置睗,1
12372,睗睒,1
12373,睒跳,1
12374,跳踉,1
12375,踉相,1
12376,相嫵,1
12377,嫵媚,1
12378,媚夜,1
12379,夜作,1
12380,作詔,1
12381,書朝,1
12382,朝拜,1
12383,拜官,1
12384,官超,1
12385,超資,1
12386,資越,1
12387,越序,1
12388,序曾,1
12389,無難,1
12390,難公,1
12391,公然,1
12392,日受,1
12393,受賄,1
12394,賄賂,1
12395,賂火,1
12396,火齊,1
12397,齊磊,1
12398,落堆,1
12399,盤元,1
12400,臣故,1
12401,故老,1
12402,敢語,1
12403,語晝,1
12404,晝臥,1
12405,臥涕,1
12406,涕泣,1
12407,泣何,1
12408,何汍,1
12409,瀾董,1
12410,董賢,1
12411,賢三,1
12412,複惜,1
12413,惜侯,1
12414,侯景,1
12415,景九,1
12416,九錫,1
12417,錫行,1
12418,歎國,1
12419,家功,1
12420,功高,1
12421,高德,1
12422,德且,1
12423,且厚,1
12424,厚天,1
12425,天位,1
12426,位未,1
12427,許庸,1
12428,庸夫,1
12429,夫幹,1
12430,幹嗣,1
12431,皇卓,1
12432,犖信,1
12433,信英,1
12434,英主,1
12435,主文,1
12436,如太,1
12437,太宗,1
12438,宗武,1
12439,武高,1
12440,高祖,1
12441,祖膺,1
12442,膺圖,1
12443,圖受,1
12444,受禪,1
12445,禪登,1
12446,登明,1
12447,堂共,1
12448,共流,1
12449,流幽,1
12450,幽州,1
12451,州鯀,1
12452,鯀死,1
12453,死羽,1
12454,羽四,1
12455,門肅,1
12456,穆賢,1
12457,俊登,1
12458,登數,1
12459,君匪,1
12460,匪親,1
12461,親豈,1
12462,其朋,1
12463,朋郎,1
12464,郎官,1
12465,官清,1
12466,清要,1
12467,要為,1
12468,為世,1
12469,世稱,1
12470,稱荒,1
12471,荒郡,1
12472,郡迫,1
12473,迫野,1
12474,野嗟,1
12475,可矜,1
12476,矜湖,1
12477,波連,1
12478,相騰,1
12479,騰蠻,1
12480,蠻俗,1
12481,俗生,1
12482,生梗,1
12483,梗瘴,1
12484,癘烝,1
12485,烝江,1
12486,江氛,1
12487,氛嶺,1
12488,嶺祲,1
12489,祲昏,1
12490,昏若,1
12491,若凝,1
12492,凝一,1
12493,一蛇,1
12494,蛇兩,1
12495,兩頭,1
12496,頭見,1
12497,見未,1
12498,曾怪,1
12499,怪鳥,1
12500,喚令,1
12501,人憎,1
12502,憎蠱,1
12503,蠱蟲,1
12504,蟲群,1
12505,夜撲,1
12506,撲燈,1
12507,燈雄,1
12508,雄虺,1
12509,虺毒,1
12510,毒螫,1
12511,螫墮,1
12512,墮股,1
12513,股肱,1
12514,肱食,1
12515,食中,1
12516,中置,1
12517,置藥,1
12518,藥肝,1
12519,肝心,1
12520,心崩,1
12521,崩左,1
12522,右使,1
12523,使令,1
12524,令詐,1
12525,詐難,1
12526,憑慎,1
12527,勿浪,1
12528,浪信,1
12529,信常,1
12530,常兢,1
12531,兢吾,1
12532,同僚,1
12533,僚情,1
12534,勝具,1
12535,具書,1
12536,書目,1
12537,目見,1
12538,見非,1
12539,非妄,1
12540,妄征,1
12541,征嗟,1
12542,爾既,1
12543,往宜,1
12544,宜為,1
12545,為懲,1
12546,懲十,1
12547,月陰,1
12548,氣盛,1
12549,盛北,1
12550,北風,1
12551,風無,1
12552,休蒼,1
12553,茫洞,1
12554,庭岸,1
12555,岸與,1
12556,子維,1
12557,維雙,1
12558,雙舟,1
12559,舟霧,1
12560,霧雨,1
12561,雨晦,1
12562,晦爭,1
12563,爭泄,1
12564,泄波,1
12565,濤怒,1
12566,怒相,1
12567,相投,1
12568,投犬,1
12569,雞斷,1
12570,斷四,1
12571,四聽,1
12572,聽糧,1
12573,糧絕,1
12574,絕誰,1
12575,與謀,1
12576,謀相,1
12577,容步,1
12578,步險,1
12579,險如,1
12580,如礙,1
12581,礙山,1
12582,山丘,1
12583,丘清,1
12584,清談,1
12585,談可,1
12586,以飽,1
12587,飽夢,1
12588,夢想,1
12589,想接,1
12590,接無,1
12591,由男,1
12592,女喧,1
12593,喧左,1
12594,右饑,1
12595,饑啼,1
12596,啼但,1
12597,但啾,1
12598,啾非,1
12599,非懷,1
12600,懷北,1
12601,歸興,1
12602,興何,1
12603,用勝,1
12604,勝羈,1
12605,羈愁,1
12606,愁雲,1
12607,雲外,1
12608,有白,1
12609,日寒,1
12610,光自,1
12611,自悠,1
12612,悠能,1
12613,能令,1
12614,令暫,1
12615,開霽,1
12616,霽過,1
12617,過是,1
12618,無求,1
12619,求江,1
12620,江陵,1
12621,陵城,1
12622,西二,1
12623,月尾,1
12624,尾花,1
12625,桃惟,1
12626,惟見,1
12627,見李,1
12628,李風,1
12629,風揉,1
12630,揉雨,1
12631,雨練,1
12632,練雪,1
12633,雪羞,1
12634,羞比,1
12635,比波,1
12636,翻空,1
12637,空杳,1
12638,杳無,1
12639,無涘,1
12640,涘君,1
12641,知此,1
12642,處花,1
12643,花何,1
12644,似白,1
12645,白花,1
12646,花倒,1
12647,倒燭,1
12648,燭天,1
12649,天夜,1
12650,夜明,1
12651,明群,1
12652,群雞,1
12653,雞驚,1
12654,驚鳴,1
12655,鳴官,1
12656,吏起,1
12657,起金,1
12658,烏海,1
12659,底初,1
12660,初飛,1
12661,來朱,1
12662,朱輝,1
12663,輝散,1
12664,散射,1
12665,射青,1
12666,霞開,1
12667,迷魂,1
12668,魂亂,1
12669,眼看,1
12670,得照,1
12671,耀萬,1
12672,萬樹,1
12673,樹繁,1
12674,繁如,1
12675,如堆,1
12676,堆念,1
12677,昔少,1
12678,年著,1
12679,著游,1
12680,游燕,1
12681,燕對,1
12682,對花,1
12683,花豈,1
12684,豈省,1
12685,省曾,1
12686,曾辭,1
12687,辭杯,1
12688,杯自,1
12689,從流,1
12690,落憂,1
12691,憂感,1
12692,感集,1
12693,集欲,1
12694,到先,1
12695,先思,1
12696,思回,1
12697,回只,1
12698,十已,1
12699,已如,1
12700,此後,1
12701,日更,1
12702,更老,1
12703,老誰,1
12704,論哉,1
12705,哉力,1
12706,力攜,1
12707,尊獨,1
12708,獨就,1
12709,忍虛,1
12710,虛擲,1
12711,擲委,1
12712,委黃,1
12713,黃埃,1
12714,埃居,1
12715,居鄰,1
12716,鄰北,1
12717,北郭,1
12718,郭古,1
12719,寺空,1
12720,空杏,1
12721,杏花,1
12722,花兩,1
12723,兩株,1
12724,株能,1
12725,能白,1
12726,白紅,1
12727,紅曲,1
12728,江滿,1
12729,滿園,1
12730,園不,1
12731,可到,1
12732,到看,1
12733,看此,1
12734,此寧,1
12735,寧避,1
12736,避雨,1
12737,雨與,1
12738,與風,1
12739,風二,1
12740,二年,1
12741,年流,1
12742,竄出,1
12743,嶺外,1
12744,外所,1
12745,木多,1
12746,多異,1
12747,異同,1
12748,同冬,1
12749,不嚴,1
12750,嚴地,1
12751,地恒,1
12752,恒泄,1
12753,泄陽,1
12754,氣發,1
12755,發亂,1
12756,亂無,1
12757,無全,1
12758,全功,1
12759,功浮,1
12760,浮花,1
12761,花浪,1
12762,浪蕊,1
12763,蕊鎮,1
12764,鎮長,1
12765,有才,1
12766,才開,1
12767,開還,1
12768,還落,1
12769,落瘴,1
12770,瘴霧,1
12771,霧中,1
12772,中山,1
12773,山榴,1
12774,榴躑,1
12775,躅少,1
12776,少意,1
12777,意思,1
12778,思照,1
12779,耀黃,1
12780,黃紫,1
12781,紫徒,1
12782,徒為,1
12783,為叢,1
12784,叢鷓,1
12785,鴣鉤,1
12786,鉤輈,1
12787,輈猿,1
12788,猿叫,1
12789,叫歇,1
12790,歇杳,1
12791,杳杳,1
12792,杳深,1
12793,谷攢,1
12794,攢青,1
12795,青楓,1
12796,楓豈,1
12797,來玩,1
12798,玩若,1
12799,若在,1
12800,國情,1
12801,情何,1
12802,何窮,1
12803,窮今,1
12804,今旦,1
12805,旦胡,1
12806,為忽,1
12807,忽惆,1
12808,悵萬,1
12809,片飄,1
12810,飄泊,1
12811,泊隨,1
12812,隨西,1
12813,西東,1
12814,東明,1
12815,年更,1
12816,更發,1
12817,發應,1
12818,應更,1
12819,好道,1
12820,忘鄰,1
12821,鄰家,1
12822,家翁,1
12823,翁我,1
12824,所思,1
12825,思兮,1
12826,兮在,1
12827,所情,1
12828,情多,1
12829,多地,1
12830,遐兮,1
12831,兮遍,1
12832,遍處,1
12833,北皆,1
12834,皆欲,1
12835,往千,1
12836,千江,1
12837,江隔,1
12838,隔兮,1
12839,兮萬,1
12840,萬山,1
12841,山阻,1
12842,阻春,1
12843,吹園,1
12844,園雜,1
12845,花開,1
12846,開朝,1
12847,日照,1
12848,照屋,1
12849,屋百,1
12850,鳥語,1
12851,語三,1
12852,三杯,1
12853,杯取,1
12854,復論,1
12855,論一,1
12856,恨奈,1
12857,何許,1
12858,許皇,1
12859,分成,1
12860,成四,1
12861,時春,1
12862,春氣,1
12863,氣漫,1
12864,漫誕,1
12865,誕最,1
12866,悲雜,1
12867,花妝,1
12868,妝林,1
12869,林草,1
12870,草蓋,1
12871,地白,1
12872,日坐,1
12873,坐上,1
12874,上傾,1
12875,傾天,1
12876,天維,1
12877,維蜂,1
12878,蜂喧,1
12879,喧鳥,1
12880,鳥咽,1
12881,咽留,1
12882,紅萼,1
12883,萼萬,1
12884,片從,1
12885,從風,1
12886,吹豈,1
12887,霜雖,1
12888,雖慘,1
12889,慘冽,1
12890,落老,1
12891,老物,1
12892,物誰,1
12893,誰惜,1
12894,惜之,1
12895,之為,1
12896,此徑,1
12897,徑須,1
12898,須沽,1
12899,酒飲,1
12900,飲自,1
12901,外天,1
12902,地棄,1
12903,棄不,1
12904,疑近,1
12905,近憐,1
12906,憐李,1
12907,杜無,1
12908,無檢,1
12909,檢束,1
12910,束爛,1
12911,漫長,1
12912,長醉,1
12913,醉多,1
12914,多文,1
12915,辭屈,1
12916,原離,1
12917,騷二,1
12918,五不,1
12919,肯餔,1
12920,餔啜,1
12921,啜糟,1
12922,糟與,1
12923,與醨,1
12924,醨惜,1
12925,哉此,1
12926,此子,1
12927,子巧,1
12928,巧言,1
12929,到聖,1
12930,聖處,1
12931,處寧,1
12932,寧非,1
12933,癡幸,1
12934,逢堯,1
12935,舜明,1
12936,明四,1
12937,目條,1
12938,條理,1
12939,理品,1
12940,品匯,1
12941,匯皆,1
12942,皆得,1
12943,得宜,1
12944,宜平,1
12945,門暮,1
12946,舍酩,1
12947,酊馬,1
12948,上知,1
12949,知為,1
12950,誰朝,1
12951,朝騎,1
12952,騎一,1
12953,一馬,1
12954,出暝,1
12955,暝就,1
12956,就一,1
12957,一床,1
12958,床臥,1
12959,臥詩,1
12960,書漸,1
12961,漸欲,1
12962,欲拋,1
12963,拋節,1
12964,節行,1
12965,行久,1
12966,久已,1
12967,已惰,1
12968,惰冠,1
12969,冠欹,1
12970,欹感,1
12971,感發,1
12972,禿語,1
12973,語誤,1
12974,誤驚,1
12975,驚齒,1
12976,齒墮,1
12977,墮孤,1
12978,孤負,1
12979,負平,1
12980,生心,1
12981,心已,1
12982,矣知,1
12983,何奈,1
12984,奈我,1
12985,我恨,1
12986,如江,1
12987,長網,1
12988,網橫,1
12989,橫江,1
12990,江遮,1
12991,遮紫,1
12992,紫鱗,1
12993,鱗獨,1
12994,宿荒,1
12995,荒陂,1
12996,陂射,1
12997,射鳧,1
12998,鳧雁,1
12999,雁賣,1
13000,賣納,1
13001,納租,1
13002,租賦,1
13003,賦官,1
13004,不嗔,1
13005,嗔歸,1
13006,來歡,1
13007,歡笑,1
13008,笑對,1
13009,對妻,1
13010,子衣,1
13011,食自,1
13012,自給,1
13013,給寧,1
13014,寧羞,1
13015,羞貧,1
13016,貧今,1
13017,者無,1
13018,端讀,1
13019,史智,1
13020,智慧,1
13021,慧只,1
13022,只足,1
13023,足勞,1
13024,勞精,1
13025,神畫,1
13026,畫蛇,1
13027,蛇著,1
13028,著足,1
13029,足無,1
13030,處用,1
13031,用兩,1
13032,兩鬢,1
13033,鬢霜,1
13034,霜白,1
13035,白趨,1
13036,趨埃,1
13037,塵幹,1
13038,幹愁,1
13039,愁漫,1
13040,漫解,1
13041,解坐,1
13042,坐自,1
13043,自累,1
13044,累與,1
13045,與眾,1
13046,眾異,1
13047,趣誰,1
13048,親數,1
13049,數杯,1
13050,杯澆,1
13051,澆腸,1
13052,腸雖,1
13053,雖暫,1
13054,暫醉,1
13055,醉皎,1
13056,皎萬,1
13057,萬慮,1
13058,慮醒,1
13059,醒還,1
13060,還新,1
13061,新百,1
13062,年未,1
13063,滿不,1
13064,死且,1
13065,可勤,1
13066,勤買,1
13067,買拋,1
13068,拋青,1
13069,青春,1
13070,春李,1
13071,李花,1
13072,發君,1
13073,君始,1
13074,始病,1
13075,病我,1
13076,往看,1
13077,看君,1
13078,君花,1
13079,花轉,1
13080,轉盛,1
13081,盛走,1
13082,馬城,1
13083,西惆,1
13084,悵歸,1
13085,忍千,1
13086,株雪,1
13087,雪相,1
13088,映邇,1
13089,邇來,1
13090,來又,1
13091,又見,1
13092,桃與,1
13093,梨交,1
13094,交開,1
13095,開紅,1
13096,紅白,1
13097,白如,1
13098,如爭,1
13099,爭競,1
13100,競可,1
13101,憐物,1
13102,色阻,1
13103,阻攜,1
13104,手空,1
13105,空展,1
13106,展霜,1
13107,霜縑,1
13108,縑吟,1
13109,吟九,1
13110,九詠,1
13111,詠紛,1
13112,落盡,1
13113,盡泥,1
13114,泥與,1
13115,與塵,1
13116,塵不,1
13117,共新,1
13118,妝比,1
13119,比端,1
13120,正桐,1
13121,桐華,1
13122,華最,1
13123,最晚,1
13124,晚今,1
13125,已繁,1
13126,繁君,1
13127,不強,1
13128,強起,1
13129,起時,1
13130,時難,1
13131,難更,1
13132,更關,1
13133,關山,1
13134,山遠,1
13135,遠別,1
13136,別固,1
13137,固其,1
13138,其理,1
13139,理寸,1
13140,步難,1
13141,見始,1
13142,始知,1
13143,知命,1
13144,命憶,1
13145,昔與,1
13146,君同,1
13147,同貶,1
13148,貶官,1
13149,官夜,1
13150,夜渡,1
13151,渡洞,1
13152,看斗,1
13153,柄豈,1
13154,豈料,1
13155,料生,1
13156,還得,1
13157,處引,1
13158,袖拭,1
13159,拭淚,1
13160,淚悲,1
13161,悲且,1
13162,且慶,1
13163,慶各,1
13164,各言,1
13165,死兩,1
13166,兩追,1
13167,隨直,1
13168,直置,1
13169,置心,1
13170,心親,1
13171,親無,1
13172,無貌,1
13173,貌敬,1
13174,敬念,1
13175,念君,1
13176,君又,1
13177,又署,1
13178,署南,1
13179,荒吏,1
13180,吏路,1
13181,路指,1
13182,指鬼,1
13183,鬼門,1
13184,門幽,1
13185,幽且,1
13186,且夐,1
13187,夐三,1
13188,公儘,1
13189,是知,1
13190,音人,1
13191,人曷,1
13192,不薦,1
13193,薦賢,1
13194,賢陛,1
13195,下聖,1
13196,聖囊,1
13197,囊空,1
13198,空甑,1
13199,甑倒,1
13200,誰救,1
13201,救之,1
13202,今一,1
13203,一食,1
13204,還並,1
13205,並自,1
13206,憂氣,1
13207,氣損,1
13208,損天,1
13209,天和,1
13210,和安,1
13211,得康,1
13212,康強,1
13213,強保,1
13214,保天,1
13215,性斷,1
13216,斷鶴,1
13217,鶴兩,1
13218,翅鳴,1
13219,鳴何,1
13220,何哀,1
13221,哀縶,1
13222,縶驥,1
13223,驥四,1
13224,四足,1
13225,足氣,1
13226,氣空,1
13227,空橫,1
13228,橫今,1
13229,朝寒,1
13230,食行,1
13231,行野,1
13232,野外,1
13233,外綠,1
13234,綠楊,1
13235,楊匝,1
13236,匝岸,1
13237,岸蒲,1
13238,蒲生,1
13239,生迸,1
13240,迸宋,1
13241,宋玉,1
13242,玉庭,1
13243,庭邊,1
13244,邊不,1
13245,人輕,1
13246,輕浪,1
13247,浪參,1
13248,差魚,1
13249,魚動,1
13250,動鏡,1
13251,鏡自,1
13252,自嗟,1
13253,嗟孤,1
13254,孤賤,1
13255,賤足,1
13256,足瑕,1
13257,疵特,1
13258,特見,1
13259,見放,1
13260,縱荷,1
13261,荷寬,1
13262,寬政,1
13263,政飲,1
13264,酒寧,1
13265,寧嫌,1
13266,嫌盞,1
13267,盞底,1
13268,底深,1
13269,深題,1
13270,題詩,1
13271,詩尚,1
13272,尚倚,1
13273,倚筆,1
13274,筆鋒,1
13275,鋒勁,1
13276,勁明,1
13277,明宵,1
13278,宵故,1
13279,故欲,1
13280,欲相,1
13281,醉有,1
13282,月莫,1
13283,愁當,1
13284,當火,1
13285,火令,1
13286,令憶,1
13287,憶昨,1
13288,昨夾,1
13289,夾鐘,1
13290,鐘之,1
13291,之呂,1
13292,呂初,1
13293,吹灰,1
13294,灰上,1
13295,上公,1
13296,公禮,1
13297,禮罷,1
13298,罷元,1
13299,元侯,1
13300,侯回,1
13301,回車,1
13302,載牲,1
13303,牲牢,1
13304,牢甕,1
13305,甕舁,1
13306,舁酒,1
13307,酒並,1
13308,並召,1
13309,召賓,1
13310,賓客,1
13311,客延,1
13312,延鄒,1
13313,鄒枚,1
13314,枚腰,1
13315,腰金,1
13316,金首,1
13317,首翠,1
13318,翠光,1
13319,耀絲,1
13320,竹迥,1
13321,迥發,1
13322,發清,1
13323,清以,1
13324,以哀,1
13325,哀青,1
13326,日花,1
13327,花草,1
13328,草麗,1
13329,麗玉,1
13330,玉斝,1
13331,斝屢,1
13332,屢舉,1
13333,舉傾,1
13334,傾金,1
13335,罍張,1
13336,張君,1
13337,君名,1
13338,聲座,1
13339,座所,1
13340,所屬,1
13341,屬起,1
13342,起舞,1
13343,舞先,1
13344,先醉,1
13345,醉長,1
13346,松摧,1
13347,摧宿,1
13348,宿酲,1
13349,酲未,1
13350,未解,1
13351,解舊,1
13352,舊痁,1
13353,痁作,1
13354,作深,1
13355,深室,1
13356,室靜,1
13357,臥聞,1
13358,聞風,1
13359,雷自,1
13360,期殞,1
13361,殞命,1
13362,命在,1
13363,在春,1
13364,序屈,1
13365,屈指,1
13366,指數,1
13367,日憐,1
13368,憐嬰,1
13369,嬰孩,1
13370,孩危,1
13371,危辭,1
13372,辭苦,1
13373,苦語,1
13374,語感,1
13375,感我,1
13376,我耳,1
13377,耳淚,1
13378,掩何,1
13379,何漼,1
13380,漼漼,1
13381,漼念,1
13382,從君,1
13383,君渡,1
13384,渡湘,1
13385,水大,1
13386,大帆,1
13387,帆夜,1
13388,夜劃,1
13389,劃窮,1
13390,窮高,1
13391,高桅,1
13392,桅陽,1
13393,陽山,1
13394,鳥路,1
13395,出臨,1
13396,臨武,1
13397,武驛,1
13398,馬拒,1
13399,拒地,1
13400,地驅,1
13401,驅頻,1
13402,頻隤,1
13403,隤踐,1
13404,踐蛇,1
13405,蛇茹,1
13406,茹蠱,1
13407,蠱不,1
13408,擇死,1
13409,死忽,1
13410,有飛,1
13411,飛詔,1
13412,詔從,1
13413,從天,1
13414,天來,1
13415,來伾,1
13416,伾文,1
13417,文未,1
13418,未揃,1
13419,揃崖,1
13420,崖州,1
13421,州熾,1
13422,熾雖,1
13423,得赦,1
13424,赦宥,1
13425,宥恒,1
13426,恒愁,1
13427,愁猜,1
13428,猜近,1
13429,近者,1
13430,者三,1
13431,三奸,1
13432,奸悉,1
13433,悉破,1
13434,碎羽,1
13435,羽窟,1
13436,窟無,1
13437,無底,1
13438,底幽,1
13439,幽黃,1
13440,黃能,1
13441,能眼,1
13442,眼中,1
13443,中了,1
13444,了了,1
13445,了見,1
13446,見鄉,1
13447,鄉國,1
13448,國知,1
13449,有歸,1
13450,日眉,1
13451,眉方,1
13452,方開,1
13453,開今,1
13454,君縱,1
13455,縱署,1
13456,署天,1
13457,涯吏,1
13458,吏投,1
13459,投檄,1
13460,檄北,1
13461,去何,1
13462,何難,1
13463,妄之,1
13464,之憂,1
13465,憂勿,1
13466,勿藥,1
13467,藥喜,1
13468,喜一,1
13469,一善,1
13470,善自,1
13471,足禳,1
13472,禳千,1
13473,千災,1
13474,災頭,1
13475,頭輕,1
13476,輕目,1
13477,目朗,1
13478,朗肌,1
13479,肌骨,1
13480,骨健,1
13481,健古,1
13482,劍新,1
13483,新劚,1
13484,劚磨,1
13485,磨塵,1
13486,埃殃,1
13487,殃消,1
13488,消禍,1
13489,禍散,1
13490,百福,1
13491,福並,1
13492,並從,1
13493,此直,1
13494,直至,1
13495,至耇,1
13496,耇與,1
13497,與鮐,1
13498,鮐嵩,1
13499,東頭,1
13500,頭伊,1
13501,洛岸,1
13502,岸勝,1
13503,假須,1
13504,須穿,1
13505,穿栽,1
13506,栽君,1
13507,當先,1
13508,先行,1
13509,行我,1
13510,我待,1
13511,待滿,1
13512,滿沮,1
13513,沮溺,1
13514,溺可,1
13515,繼窮,1
13516,年推,1
13517,推蘄,1
13518,蘄州,1
13519,州笛,1
13520,笛竹,1
13521,竹天,1
13522,下知,1
13523,知鄭,1
13524,鄭君,1
13525,君所,1
13526,所寶,1
13527,寶尤,1
13528,尤瑰,1
13529,瑰奇,1
13530,奇攜,1
13531,攜來,1
13532,來當,1
13533,晝不,1
13534,得臥,1
13535,臥一,1
13536,一府,1
13537,府傳,1
13538,傳看,1
13539,看黃,1
13540,黃琉,1
13541,琉璃,1
13542,璃體,1
13543,體堅,1
13544,堅色,1
13545,色淨,1
13546,淨又,1
13547,又藏,1
13548,藏節,1
13549,節盡,1
13550,盡眼,1
13551,眼凝,1
13552,凝滑,1
13553,滑無,1
13554,疵法,1
13555,曹貧,1
13556,賤眾,1
13557,所易,1
13558,易腰,1
13559,腰腹,1
13560,腹空,1
13561,空大,1
13562,大何,1
13563,從五,1
13564,月困,1
13565,困暑,1
13566,暑濕,1
13567,濕如,1
13568,如坐,1
13569,深甑,1
13570,甑遭,1
13571,遭蒸,1
13572,蒸炊,1
13573,炊手,1
13574,手磨,1
13575,磨袖,1
13576,拂心,1
13577,心語,1
13578,語口,1
13579,口慢,1
13580,慢膚,1
13581,膚多,1
13582,多汗,1
13583,汗真,1
13584,真相,1
13585,相宜,1
13586,宜日,1
13587,獨惆,1
13588,悵有,1
13589,有賣,1
13590,賣直,1
13591,直欲,1
13592,欲傾,1
13593,傾家,1
13594,家資,1
13595,資誰,1
13596,謂故,1
13597,意卷,1
13598,卷送,1
13599,送八,1
13600,尺含,1
13601,含風,1
13602,風漪,1
13603,漪呼,1
13604,奴掃,1
13605,地鋪,1
13606,鋪未,1
13607,未了,1
13608,了光,1
13609,彩照,1
13610,耀驚,1
13611,驚童,1
13612,兒青,1
13613,青蠅,1
13614,蠅側,1
13615,側翅,1
13616,翅蚤,1
13617,蚤虱,1
13618,虱避,1
13619,避肅,1
13620,肅疑,1
13621,疑有,1
13622,清飆,1
13623,吹倒,1
13624,倒身,1
13625,身甘,1
13626,甘寢,1
13627,寢百,1
13628,百疾,1
13629,疾愈,1
13630,愈卻,1
13631,卻願,1
13632,願天,1
13633,日恒,1
13634,恒炎,1
13635,炎曦,1
13636,曦明,1
13637,珠青,1
13638,青玉,1
13639,玉不,1
13640,足報,1
13641,報贈,1
13642,子相,1
13643,相好,1
13644,好無,1
13645,時衰,1
13646,衰羽,1
13647,羽衛,1
13648,衛煌,1
13649,煌一,1
13650,一百,1
13651,里曉,1
13652,曉出,1
13653,門葬,1
13654,葬天,1
13655,子群,1
13656,群臣,1
13657,臣雜,1
13658,雜遝,1
13659,遝馳,1
13660,馳後,1
13661,先宮,1
13662,官穰,1
13663,穰來,1
13664,已是,1
13665,秋七,1
13666,七月,1
13667,初金,1
13668,神按,1
13669,按節,1
13670,節炎,1
13671,炎氣,1
13672,氣除,1
13673,除清,1
13674,飄輕,1
13675,輕雨,1
13676,雨灑,1
13677,灑偃,1
13678,蹇旗,1
13679,旗旆,1
13680,旆卷,1
13681,卷以,1
13682,以舒,1
13683,舒逾,1
13684,逾梁,1
13685,梁下,1
13686,下阪,1
13687,阪笳,1
13688,咽嵽,1
13689,嵽嵲,1
13690,嵲遂,1
13691,遂走,1
13692,走玄,1
13693,玄宮,1
13694,宮閭,1
13695,閭哭,1
13696,哭聲,1
13697,聲訇,1
13698,訇天,1
13699,天百,1
13700,鳥噪,1
13701,噪幽,1
13702,幽坎,1
13703,坎晝,1
13704,晝閉,1
13705,閉空,1
13706,空靈,1
13707,靈輿,1
13708,輿皇,1
13709,皇帝,1
13710,帝孝,1
13711,孝心,1
13712,心深,1
13713,深且,1
13714,且遠,1
13715,遠資,1
13716,資送,1
13717,送禮,1
13718,禮備,1
13719,餘設,1
13720,設官,1
13721,官置,1
13722,置衛,1
13723,衛鎖,1
13724,鎖嬪,1
13725,嬪妓,1
13726,妓供,1
13727,供養,1
13728,養朝,1
13729,朝夕,1
13730,夕象,1
13731,象平,1
13732,平居,1
13733,居臣,1
13734,臣聞,1
13735,聞神,1
13736,神道,1
13737,道尚,1
13738,尚清,1
13739,清淨,1
13740,淨三,1
13741,三代,1
13742,代舊,1
13743,舊制,1
13744,制存,1
13745,存諸,1
13746,諸書,1
13747,書墓,1
13748,墓藏,1
13749,藏廟,1
13750,廟祭,1
13751,祭不,1
13752,可亂,1
13753,亂欲,1
13754,欲言,1
13755,言非,1
13756,職知,1
13757,秋灰,1
13758,灰初,1
13759,吹季,1
13760,季月,1
13761,月管,1
13762,管日,1
13763,出卯,1
13764,卯南,1
13765,南暉,1
13766,暉景,1
13767,景短,1
13768,短友,1
13769,生招,1
13770,招我,1
13771,我佛,1
13772,寺行,1
13773,值萬,1
13774,萬株,1
13775,株紅,1
13776,葉滿,1
13777,滿光,1
13778,光華,1
13779,華閃,1
13780,閃壁,1
13781,壁見,1
13782,見神,1
13783,神鬼,1
13784,鬼赫,1
13785,赫炎,1
13786,官張,1
13787,張火,1
13788,火傘,1
13789,傘然,1
13790,雲燒,1
13791,燒樹,1
13792,樹火,1
13793,火實,1
13794,實駢,1
13795,駢金,1
13796,烏下,1
13797,下啄,1
13798,啄赬,1
13799,赬虯,1
13800,虯卵,1
13801,卵魂,1
13802,魂翻,1
13803,翻眼,1
13804,眼倒,1
13805,倒忘,1
13806,忘處,1
13807,所赤,1
13808,赤氣,1
13809,氣沖,1
13810,沖融,1
13811,融無,1
13812,無間,1
13813,間斷,1
13814,斷有,1
13815,如流,1
13816,傳上,1
13817,上古,1
13818,古時,1
13819,時九,1
13820,九輪,1
13821,輪照,1
13822,燭乾,1
13823,坤旱,1
13824,旱二,1
13825,三道,1
13826,士席,1
13827,席其,1
13828,間靈,1
13829,靈液,1
13830,液屢,1
13831,屢進,1
13832,進玻,1
13833,玻黎,1
13834,黎碗,1
13835,碗忽,1
13836,驚顏,1
13837,色變,1
13838,變韶,1
13839,韶稚,1
13840,稚卻,1
13841,卻信,1
13842,信靈,1
13843,靈仙,1
13844,仙非,1
13845,非怪,1
13846,怪誕,1
13847,誕桃,1
13848,源迷,1
13849,迷路,1
13850,路竟,1
13851,竟茫,1
13852,茫棗,1
13853,棗下,1
13854,下悲,1
13855,悲歌,1
13856,歌徒,1
13857,徒纂,1
13858,纂纂,1
13859,纂前,1
13860,年嶺,1
13861,嶺隅,1
13862,隅鄉,1
13863,思發,1
13864,發躑,1
13865,躅成,1
13866,成山,1
13867,山開,1
13868,開不,1
13869,不算,1
13870,算去,1
13871,歲羈,1
13872,羈帆,1
13873,帆湘,1
13874,水明,1
13875,明霜,1
13876,霜楓,1
13877,楓千,1
13878,里隨,1
13879,隨歸,1
13880,歸伴,1
13881,伴猿,1
13882,猿呼,1
13883,呼鼯,1
13884,鼯嘯,1
13885,嘯鷓,1
13886,鴣啼,1
13887,啼惻,1
13888,惻耳,1
13889,耳酸,1
13890,酸腸,1
13891,腸難,1
13892,難濯,1
13893,濯浣,1
13894,浣思,1
13895,思君,1
13896,君攜,1
13897,手安,1
13898,能得,1
13899,者相,1
13900,從敢,1
13901,辭懶,1
13902,懶由,1
13903,來鈍,1
13904,鈍騃,1
13905,騃寡,1
13906,寡參,1
13907,參尋,1
13908,尋況,1
13909,況是,1
13910,是儒,1
13911,儒官,1
13912,官飽,1
13913,飽閒,1
13914,閒散,1
13915,散惟,1
13916,惟君,1
13917,君與,1
13918,我同,1
13919,同懷,1
13920,抱鋤,1
13921,鋤去,1
13922,去陵,1
13923,陵穀,1
13924,穀置,1
13925,置平,1
13926,平坦,1
13927,坦年,1
13928,少得,1
13929,得途,1
13930,途未,1
13931,未要,1
13932,要忙,1
13933,時清,1
13934,清諫,1
13935,諫疏,1
13936,疏尤,1
13937,尤宜,1
13938,宜罕,1
13939,罕何,1
13940,人有,1
13941,酒身,1
13942,多竹,1
13943,竹門,1
13944,門可,1
13945,可款,1
13946,款須,1
13947,知節,1
13948,節候,1
13949,候即,1
13950,即風,1
13951,風寒,1
13952,寒幸,1
13953,幸及,1
13954,及亭,1
13955,亭午,1
13956,午猶,1
13957,猶妍,1
13958,妍暖,1
13959,暖南,1
13960,山逼,1
13961,逼冬,1
13962,冬轉,1
13963,轉清,1
13964,清瘦,1
13965,瘦刻,1
13966,刻畫,1
13967,畫圭,1
13968,角出,1
13969,出崖,1
13970,崖窾,1
13971,窾當,1
13972,當憂,1
13973,憂複,1
13974,複被,1
13975,被冰,1
13976,雪埋,1
13977,埋汲,1
13978,汲來,1
13979,來窺,1
13980,窺戒,1
13981,戒遲,1
13982,遲緩,1
13983,緩崔,1
13984,崔侯,1
13985,侯文,1
13986,章苦,1
13987,苦捷,1
13988,捷敏,1
13989,敏高,1
13990,浪駕,1
13991,駕天,1
13992,天輸,1
13993,輸不,1
13994,不盡,1
13995,盡曾,1
13996,曾從,1
13997,從關,1
13998,關外,1
13999,來上,1
14000,上都,1
14001,都隨,1
14002,隨身,1
14003,身卷,1
14004,卷軸,1
14005,軸車,1
14006,車連,1
14007,連軫,1
14008,軫朝,1
14009,百賦,1
14010,賦猶,1
14011,猶鬱,1
14012,鬱怒,1
14013,怒暮,1
14014,作千,1
14015,千詩,1
14016,詩轉,1
14017,轉遒,1
14018,遒緊,1
14019,緊搖,1
14020,搖毫,1
14021,毫擲,1
14022,擲簡,1
14023,簡自,1
14024,自不,1
14025,不供,1
14026,供頃,1
14027,刻青,1
14028,紅浮,1
14029,浮海,1
14030,海蜃,1
14031,蜃才,1
14032,才豪,1
14033,豪氣,1
14034,氣猛,1
14035,猛易,1
14036,易語,1
14037,言往,1
14038,往蛟,1
14039,螭雜,1
14040,雜螻,1
14041,螻蚓,1
14042,蚓知,1
14043,音自,1
14044,古稱,1
14045,稱難,1
14046,難遇,1
14047,遇世,1
14048,俗乍,1
14049,乍見,1
14050,見那,1
14051,那妨,1
14052,妨哂,1
14053,哂勿,1
14054,勿嫌,1
14055,嫌法,1
14056,法官,1
14057,官未,1
14058,未登,1
14059,登朝,1
14060,朝猶,1
14061,猶勝,1
14062,勝赤,1
14063,赤尉,1
14064,尉長,1
14065,長趨,1
14066,趨尹,1
14067,尹時,1
14068,時命,1
14069,命雖,1
14070,雖乖,1
14071,乖心,1
14072,轉壯,1
14073,壯技,1
14074,技能,1
14075,能虛,1
14076,虛富,1
14077,富家,1
14078,家逾,1
14079,逾窘,1
14080,窘念,1
14081,昔塵,1
14082,埃兩,1
14083,逢爭,1
14084,名齟,1
14085,齟齬,1
14086,齬持,1
14087,持矛,1
14088,矛楯,1
14089,楯子,1
14090,時專,1
14091,專場,1
14092,場誇,1
14093,誇觜,1
14094,觜距,1
14095,距余,1
14096,余始,1
14097,始張,1
14098,張軍,1
14099,軍嚴,1
14100,嚴韅,1
14101,韅靷,1
14102,靷爾,1
14103,來但,1
14104,但欲,1
14105,保封,1
14106,疆莫,1
14107,莫學,1
14108,學龐,1
14109,龐涓,1
14110,涓怯,1
14111,怯孫,1
14112,孫臏,1
14113,臏竄,1
14114,逐新,1
14115,新歸,1
14116,歸厭,1
14117,厭聞,1
14118,聞鬧,1
14119,鬧齒,1
14120,齒發,1
14121,發早,1
14122,衰嗟,1
14123,可閔,1
14124,閔頻,1
14125,頻蒙,1
14126,蒙怨,1
14127,怨句,1
14128,句刺,1
14129,刺棄,1
14130,棄遺,1
14131,遺豈,1
14132,有閑,1
14133,敢推,1
14134,推引,1
14135,引深,1
14136,深藏,1
14137,藏篋,1
14138,篋笥,1
14139,笥時,1
14140,時一,1
14141,發戢,1
14142,戢已,1
14143,如束,1
14144,束筍,1
14145,筍可,1
14146,憐無,1
14147,益費,1
14148,費精,1
14149,神有,1
14150,金擲,1
14151,擲虛,1
14152,虛牝,1
14153,牝當,1
14154,人求,1
14155,求侍,1
14156,從拔,1
14157,擢杞,1
14158,梓收,1
14159,收楛,1
14160,楛箘,1
14161,箘東,1
14162,東馬,1
14163,馬嚴,1
14164,嚴徐,1
14165,徐已,1
14166,已奮,1
14167,奮飛,1
14168,飛枚,1
14169,枚皋,1
14170,皋即,1
14171,即召,1
14172,召窮,1
14173,窮且,1
14174,且忍,1
14175,忍複,1
14176,聞王,1
14177,西討,1
14178,討蜀,1
14179,蜀霜,1
14180,風冽,1
14181,冽冽,1
14182,摧朝,1
14183,菌走,1
14184,走章,1
14185,章馳,1
14186,馳檄,1
14187,檄在,1
14188,在得,1
14189,得賢,1
14190,賢燕,1
14191,燕雀,1
14192,雀紛,1
14193,拏要,1
14194,要鷹,1
14195,鷹隼,1
14196,隼竊,1
14197,竊料,1
14198,料二,1
14199,二途,1
14200,途必,1
14201,必處,1
14202,處一,1
14203,一豈,1
14204,比恒,1
14205,恒人,1
14206,長蠢,1
14207,蠢勸,1
14208,君韜,1
14209,韜養,1
14210,養待,1
14211,待征,1
14212,征招,1
14213,招不,1
14214,用雕,1
14215,琢愁,1
14216,愁肝,1
14217,肝腎,1
14218,腎牆,1
14219,牆根,1
14220,根菊,1
14221,花好,1
14222,好沽,1
14223,酒錢,1
14224,錢帛,1
14225,帛縱,1
14226,縱空,1
14227,空衣,1
14228,衣可,1
14229,可准,1
14230,准暉,1
14231,暉簷,1
14232,簷日,1
14233,日暖,1
14234,暖且,1
14235,且鮮,1
14236,鮮摵,1
14237,摵井,1
14238,井梧,1
14239,梧疏,1
14240,疏更,1
14241,更殞,1
14242,殞高,1
14243,士例,1
14244,例須,1
14245,須憐,1
14246,憐曲,1
14247,曲蘖,1
14248,蘖丈,1
14249,夫終,1
14250,莫生,1
14251,生畦,1
14252,畦畛,1
14253,畛能,1
14254,能來,1
14255,醉任,1
14256,任喧,1
14257,喧呼,1
14258,呼死,1
14259,死後,1
14260,後賢,1
14261,愚俱,1
14262,俱泯,1
14263,泯穆,1
14264,穆昔,1
14265,昔南,1
14266,南征,1
14267,征軍,1
14268,軍不,1
14269,不歸,1
14270,歸蟲,1
14271,蟲沙,1
14272,沙猿,1
14273,猿鶴,1
14274,鶴伏,1
14275,伏以,1
14276,以飛,1
14277,飛洶,1
14278,洶洞,1
14279,庭莽,1
14280,莽翠,1
14281,翠微,1
14282,微九,1
14283,疑鑱,1
14284,鑱天,1
14285,天荒,1
14286,荒是,1
14287,非野,1
14288,有象,1
14289,犀水,1
14290,水貝,1
14291,貝璣,1
14292,璣分,1
14293,百寶,1
14294,寶人,1
14295,人士,1
14296,士稀,1
14297,稀我,1
14298,于南,1
14299,南日,1
14300,日周,1
14301,周圍,1
14302,圍來,1
14303,來見,1
14304,見者,1
14305,者眾,1
14306,眾莫,1
14307,莫依,1
14308,依俙,1
14309,俙爰,1
14310,爰有,1
14311,有區,1
14312,區子,1
14313,子熒,1
14314,熒熒,1
14315,熒暉,1
14316,暉觀,1
14317,觀以,1
14318,以彝,1
14319,彝訓,1
14320,訓或,1
14321,或從,1
14322,從違,1
14323,違我,1
14324,念前,1
14325,人譬,1
14326,譬葑,1
14327,葑菲,1
14328,菲落,1
14329,落以,1
14330,以斧,1
14331,斧引,1
14332,引以,1
14333,以纆,1
14334,纆徽,1
14335,徽雖,1
14336,不逮,1
14337,逮驅,1
14338,驅騑,1
14339,騑騑,1
14340,騑或,1
14341,或采,1
14342,采于,1
14343,于薄,1
14344,薄漁,1
14345,漁於,1
14346,於磯,1
14347,磯服,1
14348,服役,1
14349,役不,1
14350,辱言,1
14351,言不,1
14352,不譏,1
14353,譏從,1
14354,從我,1
14355,我荊,1
14356,荊州,1
14357,州來,1
14358,京畿,1
14359,畿離,1
14360,離其,1
14361,其母,1
14362,母妻,1
14363,妻絕,1
14364,絕因,1
14365,因依,1
14366,依嗟,1
14367,我道,1
14368,自肥,1
14369,肥子,1
14370,雖勤,1
14371,何希,1
14372,希王,1
14373,王都,1
14374,都觀,1
14375,觀闕,1
14376,闕雙,1
14377,雙巍,1
14378,巍騰,1
14379,騰蹋,1
14380,蹋眾,1
14381,眾駿,1
14382,駿事,1
14383,事鞍,1
14384,鞍鞿,1
14385,鞿佩,1
14386,上色,1
14387,色紫,1
14388,紫與,1
14389,與緋,1
14390,緋獨,1
14391,獨子,1
14392,之節,1
14393,節可,1
14394,可嗟,1
14395,嗟唏,1
14396,唏母,1
14397,母附,1
14398,附書,1
14399,至妻,1
14400,妻寄,1
14401,寄衣,1
14402,衣開,1
14403,開書,1
14404,書拆,1
14405,拆衣,1
14406,淚痕,1
14407,痕晞,1
14408,晞雖,1
14409,不敕,1
14410,敕還,1
14411,還情,1
14412,情庶,1
14413,幾朝,1
14414,暮盤,1
14415,盤羞,1
14416,羞惻,1
14417,惻庭,1
14418,庭闈,1
14419,闈幽,1
14420,幽房,1
14421,房無,1
14422,人感,1
14423,感伊,1
14424,伊威,1
14425,威人,1
14426,生此,1
14427,此難,1
14428,難餘,1
14429,餘可,1
14430,可祈,1
14431,祈子,1
14432,矣時,1
14433,若發,1
14434,發機,1
14435,機蜃,1
14436,蜃沉,1
14437,沉海,1
14438,底氣,1
14439,氣升,1
14440,升霏,1
14441,霏彩,1
14442,彩雉,1
14443,雉野,1
14444,野伏,1
14445,伏朝,1
14446,朝扇,1
14447,扇翬,1
14448,翬處,1
14449,處子,1
14450,子窈,1
14451,窈窕,1
14452,窕王,1
14453,王所,1
14454,所妃,1
14455,妃苟,1
14456,苟有,1
14457,有令,1
14458,令德,1
14459,德隱,1
14460,隱不,1
14461,不腓,1
14462,腓況,1
14463,況今,1
14464,子鋪,1
14465,鋪德,1
14466,德威,1
14467,威蔽,1
14468,蔽能,1
14469,者誅,1
14470,誅薦,1
14471,薦受,1
14472,受禨,1
14473,禨出,1
14474,出送,1
14475,送撫,1
14476,撫背,1
14477,背我,1
14478,我涕,1
14479,涕揮,1
14480,揮行,1
14481,直慎,1
14482,慎脂,1
14483,脂韋,1
14484,韋業,1
14485,業成,1
14486,成志,1
14487,志樹,1
14488,樹來,1
14489,來頎,1
14490,頎頎,1
14491,頎我,1
14492,天扉,1
14493,扉我,1
14494,生之,1
14495,之辰,1
14496,辰月,1
14497,月宿,1
14498,宿南,1
14499,南斗,1
14500,斗牛,1
14501,牛奮,1
14502,奮其,1
14503,其角,1
14504,角箕,1
14505,箕張,1
14506,張其,1
14507,口牛,1
14508,牛不,1
14509,見服,1
14510,服箱,1
14511,箱鬥,1
14512,鬥不,1
14513,不挹,1
14514,挹酒,1
14515,酒漿,1
14516,漿箕,1
14517,箕獨,1
14518,靈無,1
14519,時停,1
14520,停簸,1
14521,簸揚,1
14522,揚無,1
14523,無善,1
14524,善名,1
14525,名已,1
14526,已聞,1
14527,聞無,1
14528,無惡,1
14529,惡聲,1
14530,已讙,1
14531,讙名,1
14532,相乘,1
14533,乘除,1
14534,除得,1
14535,得少,1
14536,少失,1
14537,失有,1
14538,餘三,1
14539,三星,1
14540,星各,1
14541,各在,1
14542,在天,1
14543,天什,1
14544,什伍,1
14545,伍東,1
14546,西陳,1
14547,陳嗟,1
14548,汝牛,1
14549,牛與,1
14550,與鬥,1
14551,鬥汝,1
14552,汝獨,1
14553,能神,1
14554,神剝,1
14555,剝剝,1
14556,剝啄,1
14557,啄有,1
14558,客至,1
14559,至門,1
14560,門我,1
14561,出應,1
14562,應客,1
14563,去而,1
14564,而嗔,1
14565,嗔從,1
14566,我子,1
14567,子胡,1
14568,不厭,1
14569,厭客,1
14570,客困,1
14571,困於,1
14572,於語,1
14573,言欲,1
14574,出納,1
14575,納以,1
14576,以堙,1
14577,源空,1
14578,堂幽,1
14579,幽有,1
14580,有秸,1
14581,秸有,1
14582,有莞,1
14583,莞門,1
14584,門以,1
14585,以兩,1
14586,兩板,1
14587,板叢,1
14588,叢書,1
14589,書於,1
14590,於間,1
14591,間窅,1
14592,窅深,1
14593,深塹,1
14594,塹其,1
14595,其墉,1
14596,墉甚,1
14597,甚完,1
14598,完彼,1
14599,彼寧,1
14600,寧可,1
14601,可隳,1
14602,隳此,1
14603,此不,1
14604,可幹,1
14605,幹從,1
14606,我嗟,1
14607,嗟子,1
14608,子誠,1
14609,難子,1
14610,雖云,1
14611,云爾,1
14612,口益,1
14613,益蕃,1
14614,蕃我,1
14615,子謀,1
14616,謀有,1
14617,有萬,1
14618,萬其,1
14619,其全,1
14620,全凡,1
14621,凡今,1
14622,今之,1
14623,人急,1
14624,急名,1
14625,名與,1
14626,與官,1
14627,官子,1
14628,不引,1
14629,引去,1
14630,去與,1
14631,為波,1
14632,瀾雖,1
14633,口雖,1
14634,開關,1
14635,關變,1
14636,化咀,1
14637,咀嚼,1
14638,嚼有,1
14639,鬼有,1
14640,神今,1
14641,今去,1
14642,勇其,1
14643,如後,1
14644,後艱,1
14645,艱我,1
14646,我謝,1
14647,謝再,1
14648,拜汝,1
14649,複雲,1
14650,雲往,1
14651,往追,1
14652,追不,1
14653,及來,1
14654,有年,1
14655,年青,1
14656,蒲下,1
14657,下有,1
14658,魚君,1
14659,今上,1
14660,上隴,1
14661,隴去,1
14662,在與,1
14663,誰居,1
14664,居青,1
14665,蒲長,1
14666,長在,1
14667,在水,1
14668,居寄,1
14669,寄語,1
14670,語浮,1
14671,萍草,1
14672,草相,1
14673,如青,1
14674,蒲葉,1
14675,葉短,1
14676,水婦,1
14677,婦人,1
14678,下堂,1
14679,堂行,1
14680,在萬,1
14681,里失,1
14682,失子,1
14683,子將,1
14684,將何,1
14685,何尤,1
14686,尤吾,1
14687,吾將,1
14688,將上,1
14689,上尤,1
14690,尤天,1
14691,女實,1
14692,實主,1
14693,與奪,1
14694,奪一,1
14695,何偏,1
14696,偏彼,1
14697,彼于,1
14698,于女,1
14699,女何,1
14700,有乃,1
14701,令蕃,1
14702,蕃且,1
14703,且延,1
14704,延此,1
14705,此獨,1
14706,罪辜,1
14707,辜生,1
14708,死旬,1
14709,日間,1
14710,間上,1
14711,上呼,1
14712,呼無,1
14713,時聞,1
14714,聞滴,1
14715,滴地,1
14716,地淚,1
14717,淚到,1
14718,到泉,1
14719,泉地,1
14720,祇為,1
14721,為之,1
14722,之悲,1
14723,悲瑟,1
14724,瑟縮,1
14725,縮久,1
14726,不安,1
14727,安乃,1
14728,乃呼,1
14729,靈龜,1
14730,龜騎,1
14731,騎雲,1
14732,雲款,1
14733,款天,1
14734,問天,1
14735,天主,1
14736,人薄,1
14737,薄厚,1
14738,厚胡,1
14739,不均,1
14740,均天,1
14741,天曰,1
14742,曰天,1
14743,地人,1
14744,相關,1
14745,關吾,1
14746,吾懸,1
14747,懸日,1
14748,日與,1
14749,與月,1
14750,月吾,1
14751,吾系,1
14752,系星,1
14753,星與,1
14754,與辰,1
14755,辰日,1
14756,月相,1
14757,相噬,1
14758,噬齧,1
14759,齧星,1
14760,辰踣,1
14761,踣而,1
14762,而顛,1
14763,顛吾,1
14764,吾不,1
14765,不女,1
14766,女之,1
14767,之罪,1
14768,罪知,1
14769,知非,1
14770,非女,1
14771,女由,1
14772,由因,1
14773,因且,1
14774,且物,1
14775,物各,1
14776,有分,1
14777,分孰,1
14778,之然,1
14779,子與,1
14780,與無,1
14781,子禍,1
14782,福未,1
14783,可原,1
14784,原魚,1
14785,魚子,1
14786,子滿,1
14787,滿母,1
14788,母腹,1
14789,腹一,1
14790,一欲,1
14791,憐細,1
14792,細腰,1
14793,腰不,1
14794,自乳,1
14795,乳舉,1
14796,族常,1
14797,常孤,1
14798,孤鰥,1
14799,鰥鴟,1
14800,梟啄,1
14801,啄母,1
14802,母腦,1
14803,腦母,1
14804,母死,1
14805,死子,1
14806,子始,1
14807,始翻,1
14808,翻蝮,1
14809,蛇生,1
14810,時坼,1
14811,裂腸,1
14812,與肝,1
14813,肝好,1
14814,好子,1
14815,雲好,1
14816,好未,1
14817,還恩,1
14818,恩與,1
14819,與勤,1
14820,勤惡,1
14821,惡子,1
14822,可說,1
14823,說鴟,1
14824,梟蝮,1
14825,蛇然,1
14826,子且,1
14827,且勿,1
14828,勿喜,1
14829,喜無,1
14830,固勿,1
14831,勿歎,1
14832,歎上,1
14833,上聖,1
14834,聖不,1
14835,待教,1
14836,教賢,1
14837,賢聞,1
14838,語而,1
14839,而遷,1
14840,遷下,1
14841,下愚,1
14842,愚聞,1
14843,語惑,1
14844,惑雖,1
14845,雖教,1
14846,教無,1
14847,由悛,1
14848,悛大,1
14849,靈頓,1
14850,頓頭,1
14851,受即,1
14852,即日,1
14853,以命,1
14854,命還,1
14855,還地,1
14856,祇謂,1
14857,謂大,1
14858,靈女,1
14859,女往,1
14860,往告,1
14861,告其,1
14862,野夜,1
14863,夜得,1
14864,得夢,1
14865,夢有,1
14866,有夫,1
14867,夫玄,1
14868,玄衣,1
14869,衣巾,1
14870,巾闖,1
14871,闖然,1
14872,然入,1
14873,其戶,1
14874,戶三,1
14875,三稱,1
14876,稱天,1
14877,言再,1
14878,謝玄,1
14879,玄夫,1
14880,夫收,1
14881,收悲,1
14882,悲以,1
14883,以歡,1
14884,歡忻,1
14885,忻皇,1
14886,甫補,1
14887,補官,1
14888,官古,1
14889,古賁,1
14890,賁渾,1
14891,渾時,1
14892,當玄,1
14893,玄冬,1
14894,冬澤,1
14895,澤幹,1
14896,幹源,1
14897,源山,1
14898,山狂,1
14899,狂穀,1
14900,穀很,1
14901,很相,1
14902,相吐,1
14903,吐吞,1
14904,吞風,1
14905,風怒,1
14906,休何,1
14907,何軒,1
14908,軒擺,1
14909,擺磨,1
14910,磨出,1
14911,出火,1
14912,火以,1
14913,以自,1
14914,自燔,1
14915,燔有,1
14916,有聲,1
14917,聲夜,1
14918,中驚,1
14919,驚莫,1
14920,莫原,1
14921,原天,1
14922,天跳,1
14923,跳地,1
14924,地踔,1
14925,踔顛,1
14926,顛乾,1
14927,坤赫,1
14928,赫上,1
14929,上照,1
14930,照窮,1
14931,崖垠,1
14932,垠截,1
14933,截然,1
14934,然高,1
14935,高周,1
14936,周燒,1
14937,燒四,1
14938,四垣,1
14939,垣神,1
14940,神焦,1
14941,焦鬼,1
14942,鬼爛,1
14943,爛無,1
14944,無逃,1
14945,逃門,1
14946,門三,1
14947,三光,1
14948,光弛,1
14949,弛隳,1
14950,隳不,1
14951,復暾,1
14952,暾虎,1
14953,虎熊,1
14954,熊麋,1
14955,麋豬,1
14956,豬逮,1
14957,逮猴,1
14958,猴猿,1
14959,龍鼉,1
14960,鼉龜,1
14961,魚與,1
14962,與黿,1
14963,黿鴉,1
14964,鴉鴟,1
14965,鴟雕,1
14966,雕鷹,1
14967,鷹雉,1
14968,雉鵠,1
14969,鵠鶤,1
14970,鶤燖,1
14971,燖炰,1
14972,炰煨,1
14973,煨爊,1
14974,爊孰,1
14975,孰飛,1
14976,飛奔,1
14977,奔祝,1
14978,融告,1
14979,告休,1
14980,休酌,1
14981,酌卑,1
14982,卑尊,1
14983,尊錯,1
14984,錯陳,1
14985,陳齊,1
14986,齊玫,1
14987,玫辟,1
14988,辟華,1
14989,華園,1
14990,園芙,1
14991,蓉披,1
14992,猖塞,1
14993,塞鮮,1
14994,鮮繁,1
14995,繁千,1
14996,千鐘,1
14997,鐘萬,1
14998,萬鼓,1
14999,咽耳,1
15000,耳喧,1
15001,喧攢,1
15002,攢雜,1
15003,雜啾,1
15004,啾嚄,1
15005,嚄沸,1
15006,沸篪,1
15007,篪塤,1
15008,塤彤,1
15009,彤幢,1
15010,幢絳,1
15011,絳旃,1
15012,旃紫,1
15013,紫纛,1
15014,纛幡,1
15015,幡炎,1
15016,官熱,1
15017,熱屬,1
15018,屬朱,1
15019,朱冠,1
15020,冠褌,1
15021,褌髹,1
15022,髹其,1
15023,其肉,1
15024,肉皮,1
15025,皮通,1
15026,通髀,1
15027,髀臀,1
15028,臀頹,1
15029,頹胸,1
15030,胸垤,1
15031,垤腹,1
15032,腹車,1
15033,車掀,1
15034,掀轅,1
15035,轅緹,1
15036,緹顏,1
15037,顏靺,1
15038,靺股,1
15039,股豹,1
15040,豹兩,1
15041,兩鞬,1
15042,鞬霞,1
15043,霞車,1
15044,車虹,1
15045,虹靷,1
15046,靷日,1
15047,日轂,1
15048,轂轓,1
15049,轓丹,1
15050,丹蕤,1
15051,蕤縓,1
15052,縓蓋,1
15053,蓋緋,1
15054,緋翻,1
15055,翻紅,1
15056,紅帷,1
15057,帷赤,1
15058,赤幕,1
15059,幕羅,1
15060,羅脤,1
15061,脤膰,1
15062,膰池,1
15063,池波,1
15064,波風,1
15065,風肉,1
15066,肉陵,1
15067,陵屯,1
15068,屯谽,1
15069,谽呀,1
15070,呀鉅,1
15071,鉅壑,1
15072,壑頗,1
15073,頗黎,1
15074,黎盆,1
15075,盆豆,1
15076,豆登,1
15077,登五,1
15078,山瀛,1
15079,瀛四,1
15080,四尊,1
15081,尊熙,1
15082,熙釂,1
15083,釂酬,1
15084,酬笑,1
15085,言雷,1
15086,公擘,1
15087,擘山,1
15088,翻齒,1
15089,牙嚼,1
15090,嚼齧,1
15091,齧舌,1
15092,舌齶,1
15093,齶反,1
15094,反電,1
15095,電光,1
15096,光磹,1
15097,磹赬,1
15098,赬目,1
15099,目頊,1
15100,頊冥,1
15101,冥收,1
15102,收威,1
15103,威避,1
15104,避玄,1
15105,玄根,1
15106,根斥,1
15107,斥棄,1
15108,棄輿,1
15109,輿馬,1
15110,馬背,1
15111,背厥,1
15112,厥孫,1
15113,孫縮,1
15114,縮身,1
15115,身潛,1
15116,潛喘,1
15117,喘拳,1
15118,拳肩,1
15119,肩跟,1
15120,跟君,1
15121,臣相,1
15122,憐加,1
15123,加愛,1
15124,愛恩,1
15125,恩命,1
15126,命黑,1
15127,黑螭,1
15128,螭偵,1
15129,偵焚,1
15130,焚其,1
15131,其元,1
15132,元天,1
15133,闕悠,1
15134,悠不,1
15135,可援,1
15136,援夢,1
15137,夢通,1
15138,通上,1
15139,上帝,1
15140,帝血,1
15141,血面,1
15142,面論,1
15143,論側,1
15144,身欲,1
15145,進叱,1
15146,叱於,1
15147,於閽,1
15148,閽帝,1
15149,帝賜,1
15150,賜九,1
15151,河湔,1
15152,湔涕,1
15153,涕痕,1
15154,痕又,1
15155,又詔,1
15156,詔巫,1
15157,巫陽,1
15158,陽反,1
15159,反其,1
15160,其魂,1
15161,魂徐,1
15162,徐命,1
15163,命之,1
15164,之前,1
15165,問何,1
15166,何冤,1
15167,冤火,1
15168,火行,1
15169,于冬,1
15170,冬古,1
15171,存我,1
15172,我如,1
15173,如禁,1
15174,禁之,1
15175,之絕,1
15176,其飧,1
15177,飧女,1
15178,女丁,1
15179,丁婦,1
15180,婦壬,1
15181,壬傳,1
15182,傳世,1
15183,世婚,1
15184,婚一,1
15185,朝結,1
15186,結讎,1
15187,讎奈,1
15188,奈後,1
15189,後昆,1
15190,昆時,1
15191,時行,1
15192,當反,1
15193,反慎,1
15194,慎藏,1
15195,藏蹲,1
15196,蹲視,1
15197,視桃,1
15198,桃著,1
15199,著花,1
15200,花可,1
15201,可小,1
15202,小騫,1
15203,騫月,1
15204,月及,1
15205,及申,1
15206,申酉,1
15207,酉利,1
15208,利複,1
15209,複怨,1
15210,怨助,1
15211,助汝,1
15212,汝五,1
15213,五龍,1
15214,龍從,1
15215,從九,1
15216,九鯤,1
15217,鯤溺,1
15218,溺厥,1
15219,厥邑,1
15220,邑囚,1
15221,囚之,1
15222,之昆,1
15223,侖皇,1
15224,甫作,1
15225,詩止,1
15226,止睡,1
15227,睡昏,1
15228,昏辭,1
15229,辭誇,1
15230,誇出,1
15231,真遂,1
15232,遂上,1
15233,上焚,1
15234,焚要,1
15235,要餘,1
15236,餘和,1
15237,和增,1
15238,增怪,1
15239,怪又,1
15240,又煩,1
15241,煩雖,1
15242,雖欲,1
15243,欲悔,1
15244,悔舌,1
15245,舌不,1
15246,可捫,1
15247,捫出,1
15248,出宰,1
15249,水縣,1
15250,縣讀,1
15251,書松,1
15252,林蕭,1
15253,條捐,1
15254,捐末,1
15255,末事,1
15256,事邂,1
15257,逅得,1
15258,得初,1
15259,初心,1
15260,心哀,1
15261,哀狖,1
15262,狖醒,1
15263,醒俗,1
15264,俗耳,1
15265,耳清,1
15266,泉潔,1
15267,潔塵,1
15268,塵襟,1
15269,襟詩,1
15270,成有,1
15271,有共,1
15272,共賦,1
15273,賦酒,1
15274,酒熟,1
15275,熟無,1
15276,無孤,1
15277,斟青,1
15278,青竹,1
15279,竹時,1
15280,時默,1
15281,默釣,1
15282,釣白,1
15283,白雲,1
15284,日幽,1
15285,尋南,1
15286,方本,1
15287,本多,1
15288,多毒,1
15289,毒北,1
15290,北客,1
15291,客恒,1
15292,恒懼,1
15293,懼侵,1
15294,侵謫,1
15295,謫譴,1
15296,譴甘,1
15297,甘自,1
15298,守滯,1
15299,滯留,1
15300,留愧,1
15301,愧難,1
15302,任投,1
15303,投章,1
15304,章類,1
15305,類縞,1
15306,帶佇,1
15307,佇答,1
15308,答逾,1
15309,逾兼,1
15310,金筍,1
15311,筍添,1
15312,添南,1
15313,南階,1
15314,階竹,1
15315,竹日,1
15316,日成,1
15317,成清,1
15318,清閟,1
15319,閟縹,1
15320,縹節,1
15321,節已,1
15322,已儲,1
15323,儲霜,1
15324,霜黃,1
15325,黃苞,1
15326,苞猶,1
15327,猶掩,1
15328,掩翠,1
15329,翠出,1
15330,出欄,1
15331,欄抽,1
15332,抽五,1
15333,六當,1
15334,當戶,1
15335,戶羅,1
15336,羅三,1
15337,四高,1
15338,標陵,1
15339,陵秋,1
15340,秋嚴,1
15341,嚴貞,1
15342,貞色,1
15343,色奪,1
15344,春媚,1
15345,媚稀,1
15346,稀生,1
15347,生巧,1
15348,巧補,1
15349,補林,1
15350,林並,1
15351,出疑,1
15352,疑爭,1
15353,爭地,1
15354,地縱,1
15355,橫乍,1
15356,乍依,1
15357,依行,1
15358,行爛,1
15359,爛熳,1
15360,熳忽,1
15361,無次,1
15362,次風,1
15363,風枝,1
15364,枝未,1
15365,未飄,1
15366,吹露,1
15367,露粉,1
15368,粉先,1
15369,先涵,1
15370,涵淚,1
15371,攜玩,1
15372,玩清,1
15373,清景,1
15374,景空,1
15375,空瞪,1
15376,瞪視,1
15377,視少,1
15378,年飲,1
15379,時踴,1
15380,躍見,1
15381,見菊,1
15382,花今,1
15383,復飲,1
15384,飲每,1
15385,每見,1
15386,見恒,1
15387,恒咨,1
15388,嗟佇,1
15389,立摘,1
15390,摘滿,1
15391,滿手,1
15392,手行,1
15393,行把,1
15394,把歸,1
15395,歸家,1
15396,家此,1
15397,時無,1
15398,與語,1
15399,語棄,1
15400,置奈,1
15401,奈悲,1
15402,悲何,1
15403,何去,1
15404,一牙,1
15405,牙今,1
15406,一齒,1
15407,齒俄,1
15408,俄然,1
15409,然落,1
15410,落六,1
15411,六七,1
15412,七落,1
15413,落勢,1
15414,勢殊,1
15415,已餘,1
15416,存皆,1
15417,皆動,1
15418,動搖,1
15419,搖盡,1
15420,盡落,1
15421,落應,1
15422,應始,1
15423,始止,1
15424,止憶,1
15425,憶初,1
15426,初落,1
15427,時但,1
15428,但念,1
15429,念豁,1
15430,可恥,1
15431,恥及,1
15432,及至,1
15433,至落,1
15434,落二,1
15435,三始,1
15436,始憂,1
15437,憂衰,1
15438,衰即,1
15439,即死,1
15440,死每,1
15441,每一,1
15442,一將,1
15443,將落,1
15444,落時,1
15445,時懍,1
15446,懍恒,1
15447,恒在,1
15448,在已,1
15449,已叉,1
15450,叉牙,1
15451,牙妨,1
15452,妨食,1
15453,食物,1
15454,物顛,1
15455,倒怯,1
15456,怯漱,1
15457,漱水,1
15458,水終,1
15459,終焉,1
15460,焉舍,1
15461,我落,1
15462,落意,1
15463,與崩,1
15464,崩山,1
15465,山比,1
15466,來落,1
15467,落既,1
15468,既熟,1
15469,熟見,1
15470,見落,1
15471,落空,1
15472,空相,1
15473,似餘,1
15474,存二,1
15475,餘次,1
15476,次第,1
15477,第知,1
15478,知落,1
15479,落矣,1
15480,矣倘,1
15481,倘常,1
15482,常歲,1
15483,歲落,1
15484,一自,1
15485,足支,1
15486,支兩,1
15487,兩紀,1
15488,紀如,1
15489,如其,1
15490,其落,1
15491,落並,1
15492,並空,1
15493,空與,1
15494,與漸,1
15495,漸亦,1
15496,亦同,1
15497,同指,1
15498,指人,1
15499,落壽,1
15500,壽命,1
15501,命理,1
15502,理難,1
15503,難恃,1
15504,恃我,1
15505,有涯,1
15506,涯長,1
15507,短俱,1
15508,死爾,1
15509,爾人,1
15510,之豁,1
15511,豁左,1
15512,驚諦,1
15513,諦視,1
15514,視我,1
15515,言莊,1
15516,莊周,1
15517,周雲,1
15518,水雁,1
15519,雁各,1
15520,有喜,1
15521,喜語,1
15522,語訛,1
15523,訛默,1
15524,默固,1
15525,固好,1
15526,好嚼,1
15527,嚼廢,1
15528,廢軟,1
15529,軟還,1
15530,還美,1
15531,美因,1
15532,因歌,1
15533,歌遂,1
15534,用詫,1
15535,詫妻,1
15536,子人,1
15537,皆期,1
15538,期七,1
15539,十才,1
15540,才半,1
15541,半豈,1
15542,豈蹉,1
15543,跎並,1
15544,出知,1
15545,知己,1
15546,己淚,1
15547,淚自,1
15548,髮多,1
15549,多晨,1
15550,興為,1
15551,誰慟,1
15552,慟還,1
15553,還坐,1
15554,坐久,1
15555,久滂,1
15556,沱論,1
15557,論文,1
15558,文與,1
15559,與晤,1
15560,語已,1
15561,矣可,1
15562,可如,1
15563,何四,1
15564,各平,1
15565,一氣,1
15566,可兼,1
15567,兼隆,1
15568,隆寒,1
15569,寒奪,1
15570,序顓,1
15571,顓頊,1
15572,頊固,1
15573,不廉,1
15574,廉太,1
15575,太昊,1
15576,昊弛,1
15577,弛維,1
15578,維綱,1
15579,綱畏,1
15580,畏避,1
15581,避但,1
15582,但守,1
15583,守謙,1
15584,謙遂,1
15585,令黃,1
15586,泉下,1
15587,下萌,1
15588,牙夭,1
15589,夭句,1
15590,句尖,1
15591,尖草,1
15592,木不,1
15593,復抽,1
15594,抽百,1
15595,百味,1
15596,味失,1
15597,失苦,1
15598,苦甜,1
15599,甜凶,1
15600,凶飆,1
15601,攪宇,1
15602,宙鋩,1
15603,鋩刃,1
15604,刃甚,1
15605,甚割,1
15606,割砭,1
15607,砭日,1
15608,月雖,1
15609,雲尊,1
15610,尊不,1
15611,能活,1
15612,活烏,1
15613,烏蟾,1
15614,蟾羲,1
15615,和送,1
15616,送日,1
15617,出恇,1
15618,恇怯,1
15619,怯頻,1
15620,頻窺,1
15621,窺覘,1
15622,覘炎,1
15623,帝持,1
15624,持祝,1
15625,融呵,1
15626,呵噓,1
15627,噓不,1
15628,相炎,1
15629,炎而,1
15630,當此,1
15631,時恩,1
15632,恩光,1
15633,光何,1
15634,由沾,1
15635,沾肌,1
15636,肌膚,1
15637,膚生,1
15638,生鱗,1
15639,鱗甲,1
15640,甲衣,1
15641,衣被,1
15642,被如,1
15643,刀鐮,1
15644,鐮氣,1
15645,氣寒,1
15646,寒鼻,1
15647,鼻莫,1
15648,莫嗅,1
15649,嗅血,1
15650,血凍,1
15651,凍指,1
15652,指不,1
15653,不拈,1
15654,拈濁,1
15655,濁醪,1
15656,醪沸,1
15657,沸入,1
15658,入喉,1
15659,喉口,1
15660,口角,1
15661,角如,1
15662,如銜,1
15663,銜箝,1
15664,箝將,1
15665,將持,1
15666,持匕,1
15667,匕箸,1
15668,箸食,1
15669,食觸,1
15670,觸指,1
15671,指如,1
15672,如排,1
15673,排簽,1
15674,簽侵,1
15675,侵爐,1
15676,爐不,1
15677,覺暖,1
15678,暖熾,1
15679,熾炭,1
15680,炭屢,1
15681,屢已,1
15682,已添,1
15683,添探,1
15684,探湯,1
15685,湯無,1
15686,所益,1
15687,益何,1
15688,況纊,1
15689,纊與,1
15690,與縑,1
15691,縑虎,1
15692,豹僵,1
15693,僵穴,1
15694,穴中,1
15695,中蛟,1
15696,螭死,1
15697,幽潛,1
15698,潛熒,1
15699,熒惑,1
15700,惑喪,1
15701,喪纏,1
15702,纏次,1
15703,次六,1
15704,六龍,1
15705,龍冰,1
15706,冰脫,1
15707,脫髯,1
15708,髯芒,1
15709,芒碭,1
15710,碭大,1
15711,大包,1
15712,包內,1
15713,內生,1
15714,生類,1
15715,類恐,1
15716,恐盡,1
15717,盡殲,1
15718,殲啾,1
15719,啾窗,1
15720,窗間,1
15721,間雀,1
15722,雀不,1
15723,微纖,1
15724,纖舉,1
15725,頭仰,1
15726,仰天,1
15727,天鳴,1
15728,鳴所,1
15729,願晷,1
15730,晷刻,1
15731,刻淹,1
15732,淹不,1
15733,如彈,1
15734,射死,1
15735,死卻,1
15736,卻得,1
15737,得親,1
15738,親炰,1
15739,炰燖,1
15740,燖鸞,1
15741,鸞皇,1
15742,皇苟,1
15743,苟不,1
15744,存爾,1
15745,爾固,1
15746,在占,1
15747,占其,1
15748,餘蠢,1
15749,蠢動,1
15750,動儔,1
15751,儔俱,1
15752,死誰,1
15753,誰恩,1
15754,恩嫌,1
15755,嫌伊,1
15756,我稱,1
15757,最靈,1
15758,靈不,1
15759,能女,1
15760,女覆,1
15761,覆苫,1
15762,苫悲,1
15763,悲哀,1
15764,哀激,1
15765,激憤,1
15766,憤歎,1
15767,歎五,1
15768,藏難,1
15769,安恬,1
15770,恬中,1
15771,宵倚,1
15772,倚牆,1
15773,牆立,1
15774,立淫,1
15775,淫淚,1
15776,何漸,1
15777,漸漸,1
15778,漸天,1
15779,王哀,1
15780,哀無,1
15781,辜惠,1
15782,惠我,1
15783,我下,1
15784,瞻褰,1
15785,褰旒,1
15786,旒去,1
15787,去耳,1
15788,耳纊,1
15789,纊調,1
15790,調和,1
15791,和進,1
15792,進梅,1
15793,梅鹽,1
15794,鹽賢,1
15795,賢能,1
15796,能日,1
15797,登禦,1
15798,禦黜,1
15799,黜彼,1
15800,彼傲,1
15801,傲與,1
15802,與憸,1
15803,憸生,1
15804,生風,1
15805,吹死,1
15806,死氣,1
15807,氣豁,1
15808,豁達,1
15809,達如,1
15810,如褰,1
15811,褰簾,1
15812,簾懸,1
15813,懸乳,1
15814,乳零,1
15815,落墮,1
15816,墮晨,1
15817,晨光,1
15818,入前,1
15819,簷雪,1
15820,霜頓,1
15821,頓銷,1
15822,銷釋,1
15823,釋土,1
15824,土脈,1
15825,脈膏,1
15826,膏且,1
15827,且黏,1
15828,黏豈,1
15829,豈徒,1
15830,徒蘭,1
15831,蕙榮,1
15832,榮施,1
15833,施及,1
15834,及艾,1
15835,艾與,1
15836,與蒹,1
15837,蒹日,1
15838,日萼,1
15839,萼行,1
15840,行鑠,1
15841,鑠鑠,1
15842,鑠風,1
15843,風條,1
15844,條坐,1
15845,坐襜,1
15846,襜襜,1
15847,襜天,1
15848,天乎,1
15849,乎苟,1
15850,苟其,1
15851,其能,1
15852,能吾,1
15853,吾死,1
15854,死意,1
15855,意亦,1
15856,亦厭,1
15857,厭赤,1
15858,赤藤,1
15859,藤為,1
15860,為杖,1
15861,杖世,1
15862,世未,1
15863,未窺,1
15864,窺台,1
15865,台郎,1
15866,郎始,1
15867,始攜,1
15868,攜自,1
15869,自滇,1
15870,滇池,1
15871,池滇,1
15872,滇王,1
15873,王掃,1
15874,掃宮,1
15875,宮避,1
15876,避使,1
15877,使者,1
15878,者跪,1
15879,跪進,1
15880,進再,1
15881,拜語,1
15882,語嗢,1
15883,嗢咿,1
15884,咿繩,1
15885,繩橋,1
15886,橋拄,1
15887,拄過,1
15888,過免,1
15889,免傾,1
15890,傾墮,1
15891,墮性,1
15892,命造,1
15893,次蒙,1
15894,蒙扶,1
15895,扶持,1
15896,持途,1
15897,途經,1
15898,經百,1
15899,百國,1
15900,國皆,1
15901,皆莫,1
15902,莫識,1
15903,識君,1
15904,臣聚,1
15905,聚觀,1
15906,觀逐,1
15907,逐旌,1
15908,麾共,1
15909,共傳,1
15910,傳滇,1
15911,滇神,1
15912,神出,1
15913,水獻,1
15914,獻赤,1
15915,龍拔,1
15916,拔須,1
15917,須血,1
15918,血淋,1
15919,漓又,1
15920,雲羲,1
15921,和操,1
15922,操火,1
15923,火鞭,1
15924,鞭暝,1
15925,暝到,1
15926,到西,1
15927,西極,1
15928,極睡,1
15929,睡所,1
15930,所遺,1
15931,遺幾,1
15932,重包,1
15933,包裹,1
15934,裹自,1
15935,自題,1
15936,題署,1
15937,署不,1
15938,以珍,1
15939,珍怪,1
15940,怪誇,1
15941,誇荒,1
15942,荒夷,1
15943,夷歸,1
15944,來捧,1
15945,同舍,1
15946,舍子,1
15947,子浮,1
15948,浮光,1
15949,照手,1
15950,手欲,1
15951,欲把,1
15952,把疑,1
15953,疑空,1
15954,堂晝,1
15955,晝眠,1
15956,眠倚,1
15957,倚牖,1
15958,牖戶,1
15959,戶飛,1
15960,飛電,1
15961,電著,1
15962,著壁,1
15963,壁搜,1
15964,搜蛟,1
15965,螭南,1
15966,宮清,1
15967,清深,1
15968,深禁,1
15969,禁闈,1
15970,闈密,1
15971,密唱,1
15972,唱和,1
15973,和有,1
15974,類吹,1
15975,吹塤,1
15976,篪妍,1
15977,妍辭,1
15978,辭麗,1
15979,麗句,1
15980,句不,1
15981,繼見,1
15982,見寄,1
15983,寄聊,1
15984,聊且,1
15985,且慰,1
15986,慰分,1
15987,分司,1
15988,司崔,1
15989,崔君,1
15990,君初,1
15991,來時,1
15992,識頗,1
15993,頗未,1
15994,慣但,1
15995,聞赤,1
15996,縣尉,1
15997,尉不,1
15998,比博,1
15999,士慢,1
16000,慢賃,1
16001,賃屋,1
16002,屋得,1
16003,得連,1
16004,牆往,1
16005,來忻,1
16006,忻莫,1
16007,亦新,1
16008,新居,1
16009,居觸,1
16010,苦難,1
16011,難辦,1
16012,辦蔬,1
16013,蔬飧,1
16014,飧要,1
16015,要同,1
16016,同吃,1
16017,吃破,1
16018,破襖,1
16019,襖請,1
16020,請來,1
16021,來綻,1
16022,綻謂,1
16023,言安,1
16024,安堵,1
16025,堵後,1
16026,後貸,1
16027,貸借,1
16028,借更,1
16029,更何,1
16030,何患,1
16031,知孤,1
16032,孤遺,1
16033,遺多,1
16034,多舉,1
16035,族仰,1
16036,仰薄,1
16037,薄宦,1
16038,宦有,1
16039,未朝,1
16040,餐得,1
16041,得米,1
16042,米日,1
16043,已晏,1
16044,晏隔,1
16045,牆聞,1
16046,聞讙,1
16047,讙呼,1
16048,呼眾,1
16049,極鵝,1
16050,鵝雁,1
16051,雁前,1
16052,前計,1
16053,計頓,1
16054,張居,1
16055,然見,1
16056,真贗,1
16057,贗嬌,1
16058,兒好,1
16059,好眉,1
16060,眉眼,1
16061,眼袴,1
16062,袴腳,1
16063,腳凍,1
16064,凍兩,1
16065,兩骭,1
16066,骭捧,1
16067,捧書,1
16068,書隨,1
16069,隨諸,1
16070,諸兄,1
16071,兄累,1
16072,累累,1
16073,累兩,1
16074,兩角,1
16075,角丱,1
16076,丱冬,1
16077,冬惟,1
16078,惟茹,1
16079,茹寒,1
16080,寒齏,1
16081,齏秋,1
16082,秋始,1
16083,識瓜,1
16084,瓜瓣,1
16085,瓣問,1
16086,言饑,1
16087,饑飫,1
16088,飫若,1
16089,若厭,1
16090,厭芻,1
16091,芻豢,1
16092,豢才,1
16093,才名,1
16094,名三,1
16095,年久,1
16096,久合,1
16097,合居,1
16098,居給,1
16099,給諫,1
16100,諫白,1
16101,頭趨,1
16102,走裏,1
16103,裏閉,1
16104,口絕,1
16105,絕謗,1
16106,謗訕,1
16107,訕府,1
16108,公舊,1
16109,舊同,1
16110,同袍,1
16111,袍拔,1
16112,擢宰,1
16113,山澗,1
16114,澗寄,1
16115,詩雜,1
16116,雜詼,1
16117,詼俳,1
16118,俳有,1
16119,類說,1
16120,說鵬,1
16121,鵬鷃,1
16122,鷃上,1
16123,言酒,1
16124,味酸,1
16125,酸冬,1
16126,衣竟,1
16127,竟未,1
16128,未擐,1
16129,擐下,1
16130,言人,1
16131,吏稀,1
16132,稀惟,1
16133,惟足,1
16134,足彪,1
16135,彪與,1
16136,與虥,1
16137,虥又,1
16138,言致,1
16139,致豬,1
16140,豬鹿,1
16141,鹿此,1
16142,此語,1
16143,語乃,1
16144,乃善,1
16145,善幻,1
16146,幻三,1
16147,年國,1
16148,國子,1
16149,子師,1
16150,師腸,1
16151,肚習,1
16152,習藜,1
16153,藜莧,1
16154,莧況,1
16155,況住,1
16156,住洛,1
16157,洛之,1
16158,之涯,1
16159,涯魴,1
16160,魴鱒,1
16161,鱒可,1
16162,可罩,1
16163,罩汕,1
16164,汕肯,1
16165,肯效,1
16166,效屠,1
16167,屠門,1
16168,門嚼,1
16169,嚼久,1
16170,久嫌,1
16171,嫌弋,1
16172,弋者,1
16173,者篡,1
16174,篡謀,1
16175,謀拙,1
16176,拙日,1
16177,日焦,1
16178,焦拳,1
16179,拳活,1
16180,活計,1
16181,計似,1
16182,似鋤,1
16183,鋤剗,1
16184,剗男,1
16185,男寒,1
16186,寒澀,1
16187,澀詩,1
16188,書妻,1
16189,妻瘦,1
16190,瘦剩,1
16191,剩腰,1
16192,腰襻,1
16193,襻為,1
16194,為官,1
16195,事職,1
16196,職厥,1
16197,厥罪,1
16198,罪在,1
16199,在欺,1
16200,謾行,1
16201,自劾,1
16202,劾去,1
16203,去漁,1
16204,漁釣,1
16205,釣老,1
16206,老葭,1
16207,葭薍,1
16208,薍歲,1
16209,歲窮,1
16210,窮寒,1
16211,氣驕,1
16212,驕冰,1
16213,雪滑,1
16214,滑磴,1
16215,磴棧,1
16216,棧音,1
16217,問難,1
16218,難屢,1
16219,屢通,1
16220,通何,1
16221,由覿,1
16222,清盼,1
16223,盼憶,1
16224,初及,1
16225,及第,1
16226,第各,1
16227,各以,1
16228,以少,1
16229,年稱,1
16230,稱君,1
16231,君頤,1
16232,頤始,1
16233,始生,1
16234,生須,1
16235,須我,1
16236,齒清,1
16237,清如,1
16238,冰爾,1
16239,爾時,1
16240,時心,1
16241,心氣,1
16242,氣壯,1
16243,百事,1
16244,事謂,1
16245,謂己,1
16246,己能,1
16247,一別,1
16248,別詎,1
16249,何忽,1
16250,興我,1
16251,齒豁,1
16252,可鄙,1
16253,鄙君,1
16254,顏老,1
16255,老可,1
16256,憎相,1
16257,逢風,1
16258,塵中,1
16259,相視,1
16260,視迭,1
16261,嗟矜,1
16262,矜幸,1
16263,幸同,1
16264,同學,1
16265,省官,1
16266,官末,1
16267,末路,1
16268,路再,1
16269,再得,1
16270,得朋,1
16271,朋東,1
16272,東司,1
16273,司絕,1
16274,絕教,1
16275,教授,1
16276,授游,1
16277,游宴,1
16278,宴以,1
16279,為恒,1
16280,恒秋,1
16281,秋漁,1
16282,漁蔭,1
16283,蔭密,1
16284,密樹,1
16285,樹夜,1
16286,夜博,1
16287,博然,1
16288,然明,1
16289,明燈,1
16290,燈雪,1
16291,雪徑,1
16292,徑抵,1
16293,抵樵,1
16294,樵叟,1
16295,叟風,1
16296,風廊,1
16297,廊折,1
16298,折談,1
16299,談僧,1
16300,僧陸,1
16301,陸渾,1
16302,渾桃,1
16303,花間,1
16304,有湯,1
16305,湯沸,1
16306,沸如,1
16307,如烝,1
16308,烝三,1
16309,月崧,1
16310,崧少,1
16311,少步,1
16312,步躑,1
16313,躅紅,1
16314,紅千,1
16315,千層,1
16316,層洲,1
16317,洲沙,1
16318,沙厭,1
16319,厭晚,1
16320,晚坐,1
16321,坐嶺,1
16322,嶺壁,1
16323,壁窮,1
16324,窮晨,1
16325,晨升,1
16326,升沈,1
16327,冥不,1
16328,日為,1
16329,為樂,1
16330,樂不,1
16331,勝遷,1
16332,遷滿,1
16333,滿一,1
16334,已異,1
16335,異乖,1
16336,離坐,1
16337,坐難,1
16338,憑行,1
16339,事結,1
16340,束人,1
16341,人馬,1
16342,馬何,1
16343,何蹻,1
16344,蹻騰,1
16345,騰感,1
16346,激生,1
16347,生膽,1
16348,膽勇,1
16349,勇從,1
16350,軍豈,1
16351,豈嘗,1
16352,嘗曾,1
16353,曾洸,1
16354,洸洸,1
16355,洸司,1
16356,公天,1
16357,子爪,1
16358,爪與,1
16359,與肱,1
16360,肱提,1
16361,提師,1
16362,師十,1
16363,十萬,1
16364,萬餘,1
16365,餘四,1
16366,海欽,1
16367,欽風,1
16368,風棱,1
16369,棱河,1
16370,河北,1
16371,北兵,1
16372,兵未,1
16373,未進,1
16374,進蔡,1
16375,州帥,1
16376,帥新,1
16377,新薨,1
16378,薨曷,1
16379,不請,1
16380,請掃,1
16381,除活,1
16382,活彼,1
16383,彼黎,1
16384,黎與,1
16385,與烝,1
16386,烝鄙,1
16387,夫誠,1
16388,誠怯,1
16389,怯弱,1
16390,弱受,1
16391,恩愧,1
16392,愧徒,1
16393,徒弘,1
16394,弘猶,1
16395,猶思,1
16396,思脫,1
16397,脫儒,1
16398,冠棄,1
16399,棄死,1
16400,死取,1
16401,取先,1
16402,先登,1
16403,登又,1
16404,又欲,1
16405,欲面,1
16406,面言,1
16407,書求,1
16408,求詔,1
16409,詔征,1
16410,征侵,1
16411,侵官,1
16412,官固,1
16413,固非,1
16414,非是,1
16415,是妄,1
16416,妄作,1
16417,作譴,1
16418,譴可,1
16419,可懲,1
16420,懲惟,1
16421,當待,1
16422,待責,1
16423,責免,1
16424,免耕,1
16425,耕劚,1
16426,劚歸,1
16427,歸溝,1
16428,溝塍,1
16429,塍今,1
16430,君得,1
16431,所附,1
16432,附勢,1
16433,勢若,1
16434,若脫,1
16435,脫鞲,1
16436,鞲鷹,1
16437,鷹檄,1
16438,檄筆,1
16439,筆無,1
16440,讓幕,1
16441,幕謀,1
16442,謀識,1
16443,識其,1
16444,其膺,1
16445,膺收,1
16446,收績,1
16447,績開,1
16448,開史,1
16449,史牒,1
16450,牒翰,1
16451,翰飛,1
16452,飛逐,1
16453,逐溟,1
16454,溟鵬,1
16455,鵬男,1
16456,兒貴,1
16457,貴立,1
16458,立事,1
16459,事流,1
16460,流景,1
16461,景不,1
16462,可乘,1
16463,乘歲,1
16464,老陰,1
16465,陰沴,1
16466,沴作,1
16467,雲頹,1
16468,頹雪,1
16469,雪翻,1
16470,翻崩,1
16471,崩別,1
16472,拂洛,1
16473,水征,1
16474,征車,1
16475,車轉,1
16476,轉崤,1
16477,崤陵,1
16478,陵勤,1
16479,勤酒,1
16480,不進,1
16481,進勉,1
16482,勉勉,1
16483,勉恨,1
16484,恨已,1
16485,已仍,1
16486,仍送,1
16487,君出,1
16488,門歸,1
16489,歸愁,1
16490,愁腸,1
16491,腸若,1
16492,若牽,1
16493,牽繩,1
16494,繩默,1
16495,默坐,1
16496,坐念,1
16497,念語,1
16498,語笑,1
16499,笑癡,1
16500,癡如,1
16501,遇寒,1
16502,寒蠅,1
16503,蠅策,1
16504,馬誰,1
16505,誰可,1
16506,可適,1
16507,適晤,1
16508,晤言,1
16509,言誰,1
16510,為應,1
16511,應席,1
16512,席塵,1
16513,塵惜,1
16514,掃殘,1
16515,殘尊,1
16516,尊對,1
16517,對空,1
16518,空凝,1
16519,凝信,1
16520,信知,1
16521,知後,1
16522,後會,1
16523,會時,1
16524,月屢,1
16525,屢環,1
16526,環縆,1
16527,縆生,1
16528,生期,1
16529,期理,1
16530,理行,1
16531,行役,1
16532,役歡,1
16533,歡緒,1
16534,緒絕,1
16535,絕難,1
16536,難承,1
16537,承寄,1
16538,書惟,1
16539,惟在,1
16540,在頻,1
16541,頻無,1
16542,無吝,1
16543,吝簡,1
16544,簡與,1
16545,與繒,1
16546,繒少,1
16547,年氣,1
16548,氣真,1
16549,真狂,1
16550,狂有,1
16551,與春,1
16552,春競,1
16553,競行,1
16554,行逢,1
16555,逢二,1
16556,月九,1
16557,州花,1
16558,花相,1
16559,映川,1
16560,原曉,1
16561,曉服,1
16562,服鮮,1
16563,鮮桃,1
16564,李晨,1
16565,晨妝,1
16566,妝靚,1
16567,靚荒,1
16568,荒乘,1
16569,乘不,1
16570,知疲,1
16571,疲醉,1
16572,醉死,1
16573,死豈,1
16574,豈辭,1
16575,辭病,1
16576,病飲,1
16577,飲啖,1
16578,啖惟,1
16579,惟所,1
16580,所便,1
16581,便文,1
16582,章倚,1
16583,倚豪,1
16584,豪橫,1
16585,橫爾,1
16586,時白,1
16587,髮忽,1
16588,忽滿,1
16589,滿鏡,1
16590,鏡舊,1
16591,遊喜,1
16592,喜乖,1
16593,張新,1
16594,新輩,1
16595,輩足,1
16596,足嘲,1
16597,嘲評,1
16598,評心,1
16599,心腸,1
16600,腸一,1
16601,一變,1
16602,化羞,1
16603,羞見,1
16604,見時,1
16605,節盛,1
16606,盛得,1
16607,閒無,1
16608,所作,1
16609,作貴,1
16610,貴欲,1
16611,辭視,1
16612,視聽,1
16613,聽深,1
16614,深居,1
16615,居疑,1
16616,疑避,1
16617,避仇,1
16618,仇默,1
16619,默臥,1
16620,臥如,1
16621,如當,1
16622,當暝,1
16623,暝朝,1
16624,朝曦,1
16625,曦入,1
16626,入牖,1
16627,牖來,1
16628,鳥喚,1
16629,喚昏,1
16630,不醒,1
16631,醒為,1
16632,生鄙,1
16633,鄙計,1
16634,計算,1
16635,算鹽,1
16636,鹽米,1
16637,米告,1
16638,告屢,1
16639,屢罄,1
16640,罄坐,1
16641,坐疲,1
16642,疲都,1
16643,都忘,1
16644,忘起,1
16645,起冠,1
16646,冠側,1
16647,側懶,1
16648,懶複,1
16649,複正,1
16650,正幸,1
16651,幸蒙,1
16652,蒙東,1
16653,都官,1
16654,官獲,1
16655,獲離,1
16656,離機,1
16657,機與,1
16658,與阱,1
16659,阱乖,1
16660,乖慵,1
16661,慵遭,1
16662,遭傲,1
16663,傲僻,1
16664,僻漸,1
16665,漸染,1
16666,染生,1
16667,生弊,1
16668,弊性,1
16669,性既,1
16670,既去,1
16671,去焉,1
16672,能追,1
16673,追有,1
16674,猶莫,1
16675,莫騁,1
16676,騁有,1
16677,有船,1
16678,船魏,1
16679,魏王,1
16680,王池,1
16681,池往,1
16682,往縱,1
16683,縱孤,1
16684,孤泳,1
16685,泳水,1
16686,水容,1
16687,容與,1
16688,與天,1
16689,天色,1
16690,色此,1
16691,處皆,1
16692,皆綠,1
16693,淨岸,1
16694,岸樹,1
16695,樹共,1
16696,披渚,1
16697,渚牙,1
16698,牙相,1
16699,相緯,1
16700,緯經,1
16701,經懷,1
16702,懷歸,1
16703,歸苦,1
16704,不果,1
16705,果即,1
16706,即事,1
16707,事取,1
16708,取幽,1
16709,幽迸,1
16710,迸貪,1
16711,貪求,1
16712,求匪,1
16713,匪名,1
16714,名利,1
16715,利所,1
16716,得亦,1
16717,已並,1
16718,並悠,1
16719,悠度,1
16720,度朝,1
16721,昏落,1
16722,落捐,1
16723,捐季,1
16724,季孟,1
16725,孟群,1
16726,公一,1
16727,何賢,1
16728,賢上,1
16729,上戴,1
16730,戴天,1
16731,子聖,1
16732,聖謀,1
16733,謀謨,1
16734,謨收,1
16735,收禹,1
16736,禹績,1
16737,績四,1
16738,面出,1
16739,出雄,1
16740,雄勁,1
16741,勁轉,1
16742,轉輸,1
16743,輸非,1
16744,非不,1
16745,不勤,1
16746,勤稽,1
16747,稽逋,1
16748,逋有,1
16749,有軍,1
16750,軍令,1
16751,令在,1
16752,在庭,1
16753,庭百,1
16754,百執,1
16755,執事,1
16756,事奉,1
16757,奉職,1
16758,職各,1
16759,各祗,1
16760,祗敬,1
16761,獨胡,1
16762,為哉,1
16763,哉坐,1
16764,坐與,1
16765,與億,1
16766,億兆,1
16767,兆慶,1
16768,慶譬,1
16769,鳥仰,1
16770,仰給,1
16771,給活,1
16772,活性,1
16773,命為,1
16774,詩告,1
16775,告友,1
16776,生負,1
16777,負愧,1
16778,愧終,1
16779,終究,1
16780,究竟,1
16781,竟辛,1
16782,夷高,1
16783,花最,1
16784,最先,1
16785,先開,1
16786,天露,1
16787,露坐,1
16788,坐始,1
16789,始此,1
16790,回已,1
16791,已呼,1
16792,呼孺,1
16793,孺人,1
16794,人戛,1
16795,戛鳴,1
16796,鳴瑟,1
16797,瑟更,1
16798,遣稚,1
16799,子傳,1
16800,傳清,1
16801,清杯,1
16802,杯選,1
16803,選壯,1
16804,壯軍,1
16805,軍興,1
16806,興不,1
16807,為用,1
16808,用坐,1
16809,坐狂,1
16810,狂朝,1
16811,朝論,1
16812,由陪,1
16813,陪如,1
16814,今到,1
16815,死得,1
16816,閒處,1
16817,處還,1
16818,賦歌,1
16819,歌康,1
16820,康哉,1
16821,哉洛,1
16822,風幾,1
16823,來川,1
16824,川波,1
16825,波岸,1
16826,岸柳,1
16827,柳春,1
16828,春全,1
16829,全回,1
16830,回宮,1
16831,宮門,1
16832,門一,1
16833,一鎖,1
16834,復啟,1
16835,啟雖,1
16836,有九,1
16837,九陌,1
16838,陌無,1
16839,埃策,1
16840,上橋,1
16841,橋朝,1
16842,出樓,1
16843,樓闕,1
16844,闕赤,1
16845,赤白,1
16846,白正,1
16847,正崔,1
16848,嵬孤,1
16849,孤吟,1
16850,吟屢,1
16851,屢闋,1
16852,闋莫,1
16853,與和,1
16854,和寸,1
16855,寸恨,1
16856,恨至,1
16857,至短,1
16858,短誰,1
16859,能裁,1
16860,裁春,1
16861,春田,1
16862,田可,1
16863,耕時,1
16864,已催,1
16865,催王,1
16866,師北,1
16867,北討,1
16868,討何,1
16869,當回,1
16870,回放,1
16871,放車,1
16872,載草,1
16873,草農,1
16874,農事,1
16875,事濟,1
16876,濟戰,1
16877,馬苦,1
16878,苦饑,1
16879,饑誰,1
16880,誰念,1
16881,念哉,1
16882,哉蔡,1
16883,州納,1
16884,納節,1
16885,節舊,1
16886,舊將,1
16887,死起,1
16888,居諫,1
16889,諫議,1
16890,議聯,1
16891,聯翩,1
16892,翩來,1
16893,廷未,1
16894,省有,1
16895,有遺,1
16896,遺策,1
16897,策肯,1
16898,肯不,1
16899,不垂,1
16900,垂意,1
16901,意瓶,1
16902,瓶與,1
16903,與罍,1
16904,罍前,1
16905,前隨,1
16906,隨杜,1
16907,杜尹,1
16908,尹拜,1
16909,拜表,1
16910,表回,1
16911,回笑,1
16912,言溢,1
16913,溢口,1
16914,口何,1
16915,何歡,1
16916,歡咍,1
16917,咍孔,1
16918,孔丞,1
16919,丞別,1
16920,我適,1
16921,適臨,1
16922,臨汝,1
16923,汝風,1
16924,骨峭,1
16925,峭峻,1
16926,峻遺,1
16927,遺塵,1
16928,埃音,1
16929,音容,1
16930,容不,1
16931,不接,1
16932,接只,1
16933,只隔,1
16934,隔夜,1
16935,夜凶,1
16936,凶訃,1
16937,訃詎,1
16938,相尋,1
16939,尋來,1
16940,來天,1
16941,公高,1
16942,居鬼,1
16943,神惡,1
16944,惡欲,1
16945,保性,1
16946,命誠,1
16947,哉辛,1
16948,夷花,1
16949,花房,1
16950,房忽,1
16951,忽全,1
16952,全開,1
16953,開將,1
16954,衰正,1
16955,正盛,1
16956,盛須,1
16957,須頻,1
16958,頻來,1
16959,來清,1
16960,清晨,1
16961,晨輝,1
16962,燭霞,1
16963,霞日,1
16964,暮耿,1
16965,耿和,1
16966,和煙,1
16967,煙埃,1
16968,埃朝,1
16969,朝明,1
16970,明夕,1
16971,夕暗,1
16972,暗已,1
16973,已足,1
16974,足歎,1
16975,歎況,1
16976,況乃,1
16977,乃滿,1
16978,地成,1
16979,成摧,1
16980,摧頹,1
16981,頹迎,1
16982,迎繁,1
16983,繁送,1
16984,送謝,1
16985,謝別,1
16986,別有,1
16987,意誰,1
16988,肯留,1
16989,留戀,1
16990,戀少,1
16991,少環,1
16992,回相,1
16993,公罷,1
16994,罷論,1
16995,論道,1
16996,道聿,1
16997,聿至,1
16998,至活,1
16999,活東,1
17000,東人,1
17001,人禦,1
17002,史坐,1
17003,坐言,1
17004,作吏,1
17005,吏府,1
17006,府中,1
17007,中塵,1
17008,塵遂,1
17009,令河,1
17010,河南,1
17011,南治,1
17012,治今,1
17013,今古,1
17014,古無,1
17015,無儔,1
17016,儔倫,1
17017,倫四,1
17018,海日,1
17019,日富,1
17020,富庶,1
17021,庶道,1
17022,途隘,1
17023,隘蹄,1
17024,蹄輪,1
17025,輪府,1
17026,府西,1
17027,西三,1
17028,里候,1
17029,候館,1
17030,館同,1
17031,同魚,1
17032,魚鱗,1
17033,鱗相,1
17034,公謂,1
17035,謂禦,1
17036,史勞,1
17037,勞子,1
17038,去自,1
17039,自巡,1
17040,巡是,1
17041,時山,1
17042,水秋,1
17043,秋光,1
17044,景何,1
17045,何鮮,1
17046,鮮新,1
17047,新哀,1
17048,哀鴻,1
17049,鴻鳴,1
17050,鳴清,1
17051,清耳,1
17052,耳宿,1
17053,宿霧,1
17054,霧褰,1
17055,褰高,1
17056,高旻,1
17057,旻遺,1
17058,行旅,1
17059,旅詩,1
17060,詩軒,1
17061,軒有,1
17062,有風,1
17063,風神,1
17064,神譬,1
17065,如黃,1
17066,盤照,1
17067,耀荊,1
17068,荊璞,1
17069,璞真,1
17070,真我,1
17071,已幸,1
17072,幸事,1
17073,賢友,1
17074,友其,1
17075,其仁,1
17076,仁持,1
17077,竿洛,1
17078,水側,1
17079,側孤,1
17080,孤坐,1
17081,坐屢,1
17082,屢窮,1
17083,窮辰,1
17084,辰多,1
17085,多才,1
17086,才自,1
17087,自勞,1
17088,勞苦,1
17089,無用,1
17090,用只,1
17091,只因,1
17092,循辭,1
17093,辭免,1
17094,免期,1
17095,期匪,1
17096,匪遠,1
17097,遠行,1
17098,行及,1
17099,及山,1
17100,山春,1
17101,春吾,1
17102,吾皇,1
17103,皇紹,1
17104,紹祖,1
17105,祖烈,1
17106,烈天,1
17107,下再,1
17108,再太,1
17109,平詔,1
17110,詔下,1
17111,下諸,1
17112,諸郡,1
17113,郡國,1
17114,國歲,1
17115,歲貢,1
17116,貢鄉,1
17117,鄉曲,1
17118,曲英,1
17119,英元,1
17120,和五,1
17121,年冬,1
17122,冬房,1
17123,房公,1
17124,公尹,1
17125,尹東,1
17126,東京,1
17127,京功,1
17128,功曹,1
17129,曹上,1
17130,言公,1
17131,公是,1
17132,是月,1
17133,月當,1
17134,當登,1
17135,登名,1
17136,名乃,1
17137,乃選,1
17138,選二,1
17139,十縣,1
17140,縣試,1
17141,試官,1
17142,官得,1
17143,得鴻,1
17144,鴻生,1
17145,生群,1
17146,群儒,1
17147,儒負,1
17148,負己,1
17149,己材,1
17150,材相,1
17151,賀簡,1
17152,簡擇,1
17153,擇精,1
17154,精怒,1
17155,怒起,1
17156,起簸,1
17157,簸羽,1
17158,羽翮,1
17159,翮引,1
17160,引吭,1
17161,吭吐,1
17162,吐鏗,1
17163,鏗轟,1
17164,轟此,1
17165,此都,1
17166,都自,1
17167,公文,1
17168,章繼,1
17169,繼名,1
17170,自非,1
17171,非絕,1
17172,絕殊,1
17173,殊尤,1
17174,尤難,1
17175,難使,1
17176,使耳,1
17177,目驚,1
17178,驚今,1
17179,者遭,1
17180,遭震,1
17181,震薄,1
17182,能出,1
17183,聲鳴,1
17184,鳴鄙,1
17185,夫忝,1
17186,尹愧,1
17187,愧栗,1
17188,栗難,1
17189,情惟,1
17190,惟求,1
17191,求文,1
17192,章寫,1
17193,寫不,1
17194,敢妒,1
17195,妒與,1
17196,與爭,1
17197,爭還,1
17198,家敕,1
17199,敕妻,1
17200,兒具,1
17201,具此,1
17202,此煎,1
17203,煎炰,1
17204,炰烹,1
17205,烹柿,1
17206,柿紅,1
17207,紅蒲,1
17208,蒲萄,1
17209,萄紫,1
17210,紫肴,1
17211,肴果,1
17212,果相,1
17213,相扶,1
17214,扶檠,1
17215,檠芳,1
17216,芳荼,1
17217,荼出,1
17218,出蜀,1
17219,蜀門,1
17220,門好,1
17221,好酒,1
17222,酒濃,1
17223,濃且,1
17224,且清,1
17225,清何,1
17226,充歡,1
17227,歡燕,1
17228,燕庶,1
17229,以露,1
17230,露厥,1
17231,厥誠,1
17232,誠昨,1
17233,昨聞,1
17234,聞詔,1
17235,書下,1
17236,下權,1
17237,權公,1
17238,作邦,1
17239,邦楨,1
17240,楨文,1
17241,其職,1
17242,職文,1
17243,文道,1
17244,道當,1
17245,大行,1
17246,行陰,1
17247,陰風,1
17248,風攪,1
17249,攪短,1
17250,短日,1
17251,日冷,1
17252,冷雨,1
17253,雨澀,1
17254,澀不,1
17255,不晴,1
17256,晴勉,1
17257,哉戒,1
17258,戒徒,1
17259,徒馭,1
17260,馭家,1
17261,家國,1
17262,國遲,1
17263,遲子,1
17264,子榮,1
17265,榮廣,1
17266,廣州,1
17267,州萬,1
17268,里途,1
17269,途山,1
17270,重江,1
17271,江逶,1
17272,迤行,1
17273,行何,1
17274,到誰,1
17275,能定,1
17276,定歸,1
17277,期揖,1
17278,揖我,1
17279,門去,1
17280,去顏,1
17281,色異,1
17282,異恒,1
17283,恒時,1
17284,時雖,1
17285,有追,1
17286,追送,1
17287,送足,1
17288,足跡,1
17289,絕自,1
17290,自茲,1
17291,茲人,1
17292,生一,1
17293,自張,1
17294,張與,1
17295,與弛,1
17296,弛譬,1
17297,如浮,1
17298,浮江,1
17299,江木,1
17300,木縱,1
17301,橫豈,1
17302,豈自,1
17303,知甯,1
17304,甯懷,1
17305,懷別,1
17306,別時,1
17307,時苦,1
17308,苦勿,1
17309,勿作,1
17310,作別,1
17311,後思,1
17312,思長,1
17313,長把,1
17314,把種,1
17315,種樹,1
17316,樹書,1
17317,書人,1
17318,人雲,1
17319,雲避,1
17320,避世,1
17321,世士,1
17322,士忽,1
17323,忽騎,1
17324,騎將,1
17325,軍馬,1
17326,馬自,1
17327,自號,1
17328,號報,1
17329,恩子,1
17330,子風,1
17331,雲入,1
17332,入壯,1
17333,壯懷,1
17334,懷泉,1
17335,泉石,1
17336,石別,1
17337,別幽,1
17338,幽耳,1
17339,耳鉅,1
17340,鉅鹿,1
17341,鹿師,1
17342,師欲,1
17343,欲老,1
17344,老常,1
17345,常山,1
17346,山險,1
17347,險猶,1
17348,猶恃,1
17349,恃豈,1
17350,彼相,1
17351,相憂,1
17352,憂固,1
17353,徒恥,1
17354,恥去,1
17355,事方,1
17356,方急,1
17357,急酒,1
17358,酒行,1
17359,以起,1
17360,起長,1
17361,沙入,1
17362,楚深,1
17363,深洞,1
17364,庭值,1
17365,值秋,1
17366,秋晚,1
17367,晚人,1
17368,人隨,1
17369,隨鴻,1
17370,雁少,1
17371,少江,1
17372,江共,1
17373,共蒹,1
17374,葭遠,1
17375,遠歷,1
17376,歷餘,1
17377,經悠,1
17378,悠子,1
17379,返孤,1
17380,孤游,1
17381,游懷,1
17382,懷耿,1
17383,耿介,1
17384,介旅,1
17385,旅宿,1
17386,宿夢,1
17387,夢婉,1
17388,娩風,1
17389,風土,1
17390,土稍,1
17391,稍殊,1
17392,殊音,1
17393,音魚,1
17394,蝦日,1
17395,日異,1
17396,異飯,1
17397,飯親,1
17398,交俱,1
17399,俱在,1
17400,此誰,1
17401,與同,1
17402,同息,1
17403,偃昔,1
17404,年因,1
17405,因讀,1
17406,讀李,1
17407,李白,1
17408,白杜,1
17409,杜甫,1
17410,甫詩,1
17411,詩長,1
17412,恨二,1
17413,二人,1
17414,從吾,1
17415,吾與,1
17416,與東,1
17417,野生,1
17418,生並,1
17419,並世,1
17420,世如,1
17421,何複,1
17422,複躡,1
17423,躡二,1
17424,子蹤,1
17425,蹤東,1
17426,得官,1
17427,官白,1
17428,首誇,1
17429,誇龍,1
17430,鍾韓,1
17431,子稍,1
17432,稍奸,1
17433,奸黠,1
17434,黠自,1
17435,自慚,1
17436,慚青,1
17437,青蒿,1
17438,蒿倚,1
17439,倚長,1
17440,松低,1
17441,頭拜,1
17442,拜東,1
17443,野原,1
17444,原得,1
17445,得終,1
17446,始如,1
17447,如駏,1
17448,駏蛩,1
17449,蛩東,1
17450,如寸,1
17451,寸筳,1
17452,筳撞,1
17453,撞巨,1
17454,巨鐘,1
17455,鐘我,1
17456,願身,1
17457,為雲,1
17458,野變,1
17459,變為,1
17460,龍四,1
17461,方上,1
17462,上下,1
17463,下逐,1
17464,野雖,1
17465,有離,1
17466,別無,1
17467,由逢,1
17468,逢平,1
17469,平旦,1
17470,旦入,1
17471,入西,1
17472,西園,1
17473,園梨,1
17474,花數,1
17475,數株,1
17476,株若,1
17477,誇旁,1
17478,一株,1
17479,株李,1
17480,李顏,1
17481,色慘,1
17482,慘慘,1
17483,慘似,1
17484,似含,1
17485,含嗟,1
17486,嗟問,1
17487,肯道,1
17488,以獨,1
17489,獨繞,1
17490,匝至,1
17491,日斜,1
17492,斜忽,1
17493,忽憶,1
17494,憶前,1
17495,前時,1
17496,時經,1
17497,經此,1
17498,樹正,1
17499,見芳,1
17500,意初,1
17501,初萌,1
17502,牙奈,1
17503,何趁,1
17504,趁酒,1
17505,省錄,1
17506,錄不,1
17507,見玉,1
17508,玉枝,1
17509,枝攢,1
17510,攢霜,1
17511,霜葩,1
17512,葩泫,1
17513,泫然,1
17514,然為,1
17515,為汝,1
17516,下雨,1
17517,雨淚,1
17518,淚無,1
17519,由反,1
17520,反旆,1
17521,旆羲,1
17522,和車,1
17523,車東,1
17524,風來,1
17525,來吹,1
17526,吹不,1
17527,解顏,1
17528,顏蒼,1
17529,茫夜,1
17530,氣生,1
17531,生相,1
17532,相遮,1
17533,遮冰,1
17534,冰盤,1
17535,盤夏,1
17536,夏薦,1
17537,薦碧,1
17538,碧實,1
17539,實脆,1
17540,脆斥,1
17541,斥去,1
17542,不禦,1
17543,禦慚,1
17544,慚其,1
17545,其花,1
17546,花當,1
17547,春天,1
17548,地爭,1
17549,爭奢,1
17550,華洛,1
17551,陽園,1
17552,園苑,1
17553,苑尤,1
17554,尤紛,1
17555,拏誰,1
17556,將平,1
17557,地萬,1
17558,萬堆,1
17559,堆雪,1
17560,雪剪,1
17561,剪刻,1
17562,刻作,1
17563,此連,1
17564,天花,1
17565,花日,1
17566,光赤,1
17567,赤色,1
17568,色照,1
17569,照未,1
17570,未好,1
17571,好明,1
17572,月暫,1
17573,暫入,1
17574,入都,1
17575,都交,1
17576,加夜,1
17577,夜領,1
17578,領張,1
17579,徹投,1
17580,投盧,1
17581,盧仝,1
17582,仝乘,1
17583,乘雲,1
17584,雲共,1
17585,共至,1
17586,至玉,1
17587,皇家,1
17588,家長,1
17589,長姬,1
17590,姬香,1
17591,香禦,1
17592,禦四,1
17593,四羅,1
17594,列縞,1
17595,縞裙,1
17596,裙練,1
17597,練帨,1
17598,帨無,1
17599,無等,1
17600,等差,1
17601,差靜,1
17602,靜濯,1
17603,濯明,1
17604,明妝,1
17605,妝有,1
17606,所奉,1
17607,奉顧,1
17608,我未,1
17609,肯置,1
17610,置齒,1
17611,牙清,1
17612,寒瑩,1
17613,瑩骨,1
17614,骨肝,1
17615,膽醒,1
17616,醒一,1
17617,生思,1
17618,慮無,1
17619,由邪,1
17620,邪柏,1
17621,柏生,1
17622,兩石,1
17623,萬歲,1
17624,歲終,1
17625,不大,1
17626,識人,1
17627,人難,1
17628,難以,1
17629,以駕,1
17630,駕車,1
17631,車蓋,1
17632,蓋柏,1
17633,柏移,1
17634,移就,1
17635,地馬,1
17636,馬羈,1
17637,羈入,1
17638,入廄,1
17639,廄中,1
17640,中馬,1
17641,馬思,1
17642,思自,1
17643,由悲,1
17644,悲柏,1
17645,柏有,1
17646,有傷,1
17647,根容,1
17648,容傷,1
17649,根柏,1
17650,丈日,1
17651,至馬,1
17652,馬悲,1
17653,悲罷,1
17654,罷還,1
17655,還樂,1
17656,樂振,1
17657,振迅,1
17658,迅矜,1
17659,矜鞍,1
17660,鞍轡,1
17661,轡之,1
17662,罘南,1
17663,來文,1
17664,字得,1
17665,得我,1
17666,我驚,1
17667,驚館,1
17668,置使,1
17669,使讀,1
17670,書日,1
17671,求歸,1
17672,歸聲,1
17673,聲我,1
17674,令之,1
17675,歸失,1
17676,失得,1
17677,得柏,1
17678,柏與,1
17679,與馬,1
17680,馬之,1
17681,去計,1
17682,計出,1
17683,出柏,1
17684,柏馬,1
17685,馬下,1
17686,自之,1
17687,歸入,1
17688,門思,1
17689,思而,1
17690,而悲,1
17691,悲之,1
17692,去能,1
17693,不思,1
17694,為灑,1
17695,灑掃,1
17696,掃縣,1
17697,縣中,1
17698,居引,1
17699,引水,1
17700,水經,1
17701,經竹,1
17702,竹間,1
17703,間囂,1
17704,囂嘩,1
17705,嘩所,1
17706,及何,1
17707,異山,1
17708,中閑,1
17709,閑前,1
17710,前陳,1
17711,陳百,1
17712,家書,1
17713,書食,1
17714,有肉,1
17715,肉與,1
17716,與魚,1
17717,魚先,1
17718,先王,1
17719,王遺,1
17720,遺文,1
17721,章綴,1
17722,綴緝,1
17723,緝實,1
17724,實在,1
17725,在餘,1
17726,餘禮,1
17727,禮稱,1
17728,稱獨,1
17729,獨學,1
17730,學陋,1
17731,陋易,1
17732,易貴,1
17733,貴不,1
17734,遠複,1
17735,複作,1
17736,詩招,1
17737,招之,1
17738,罘晨,1
17739,晨夕,1
17740,夕抱,1
17741,抱饑,1
17742,渴玉,1
17743,川先,1
17744,生洛,1
17745,洛城,1
17746,城裏,1
17747,裏破,1
17748,破屋,1
17749,屋數,1
17750,數間,1
17751,間而,1
17752,而已,1
17753,矣一,1
17754,一奴,1
17755,奴長,1
17756,須不,1
17757,不裹,1
17758,裹頭,1
17759,頭一,1
17760,一婢,1
17761,婢赤,1
17762,赤腳,1
17763,腳老,1
17764,無齒,1
17765,齒辛,1
17766,勤奉,1
17767,奉養,1
17768,養十,1
17769,餘人,1
17770,人上,1
17771,有慈,1
17772,慈親,1
17773,親下,1
17774,下妻,1
17775,子先,1
17776,生結,1
17777,結髮,1
17778,髮憎,1
17779,憎俗,1
17780,俗徒,1
17781,徒閉,1
17782,出動,1
17783,動一,1
17784,紀至,1
17785,今鄰,1
17786,鄰僧,1
17787,僧乞,1
17788,乞米,1
17789,米送,1
17790,送僕,1
17791,僕忝,1
17792,尹能,1
17793,不恥,1
17794,恥俸,1
17795,俸錢,1
17796,錢供,1
17797,供給,1
17798,給公,1
17799,公私,1
17800,私餘,1
17801,餘時,1
17802,時致,1
17803,致薄,1
17804,薄少,1
17805,少助,1
17806,助祭,1
17807,祭祀,1
17808,祀勸,1
17809,勸參,1
17810,參留,1
17811,留守,1
17812,守謁,1
17813,謁大,1
17814,大尹,1
17815,尹言,1
17816,語才,1
17817,才及,1
17818,及輒,1
17819,輒掩,1
17820,掩耳,1
17821,北山,1
17822,得名,1
17823,聲去,1
17824,年去,1
17825,去作,1
17826,作幕,1
17827,幕下,1
17828,士水,1
17829,人又,1
17830,又繼,1
17831,繼往,1
17832,往鞍,1
17833,鞍馬,1
17834,馬僕,1
17835,僕從,1
17836,從塞,1
17837,塞閭,1
17838,裏少,1
17839,少室,1
17840,室山,1
17841,人索,1
17842,索價,1
17843,價高,1
17844,兩以,1
17845,以諫,1
17846,諫官,1
17847,官征,1
17848,征不,1
17849,不起,1
17850,起彼,1
17851,彼皆,1
17852,皆刺,1
17853,刺口,1
17854,論世,1
17855,有力,1
17856,力未,1
17857,免遭,1
17858,遭驅,1
17859,驅使,1
17860,使先,1
17861,生事,1
17862,業不,1
17863,可量,1
17864,量惟,1
17865,用法,1
17866,法律,1
17867,律自,1
17868,自繩,1
17869,繩己,1
17870,己春,1
17871,秋三,1
17872,三傳,1
17873,傳束,1
17874,束高,1
17875,閣獨,1
17876,抱遺,1
17877,遺經,1
17878,經窮,1
17879,窮終,1
17880,始往,1
17881,往年,1
17882,年弄,1
17883,弄筆,1
17884,筆嘲,1
17885,嘲同,1
17886,同異,1
17887,異怪,1
17888,怪辭,1
17889,辭驚,1
17890,驚眾,1
17891,眾謗,1
17892,謗不,1
17893,已近,1
17894,說尋,1
17895,尋坦,1
17896,坦途,1
17897,途猶,1
17898,猶上,1
17899,上虛,1
17900,空跨,1
17901,跨綠,1
17902,綠駬,1
17903,駬去,1
17904,年生,1
17905,生兒,1
17906,兒名,1
17907,名添,1
17908,添丁,1
17909,丁意,1
17910,意令,1
17911,令與,1
17912,與國,1
17913,國充,1
17914,充耘,1
17915,耘耔,1
17916,耔國,1
17917,家丁,1
17918,丁口,1
17919,口連,1
17920,連四,1
17921,海豈,1
17922,無農,1
17923,農夫,1
17924,夫親,1
17925,親耒,1
17926,耜先,1
17927,生抱,1
17928,抱才,1
17929,才終,1
17930,終大,1
17931,大用,1
17932,用宰,1
17933,宰相,1
17934,相未,1
17935,許終,1
17936,不仕,1
17937,仕假,1
17938,假如,1
17939,力列,1
17940,列立,1
17941,立言,1
17942,言垂,1
17943,垂範,1
17944,範亦,1
17945,足恃,1
17946,恃苗,1
17947,苗裔,1
17948,裔當,1
17949,當蒙,1
17950,蒙十,1
17951,十世,1
17952,世宥,1
17953,宥豈,1
17954,謂貽,1
17955,貽厥,1
17956,厥無,1
17957,無基,1
17958,基址,1
17959,址故,1
17960,故知,1
17961,知忠,1
17962,孝生,1
17963,生天,1
17964,性潔,1
17965,潔身,1
17966,身亂,1
17967,亂倫,1
17968,倫定,1
17969,定足,1
17970,足擬,1
17971,擬昨,1
17972,昨晚,1
17973,晚長,1
17974,來下,1
17975,下狀,1
17976,狀隔,1
17977,牆惡,1
17978,惡少,1
17979,少惡,1
17980,惡難,1
17981,難似,1
17982,似每,1
17983,每騎,1
17984,騎屋,1
17985,屋山,1
17986,下窺,1
17987,窺闞,1
17988,闞渾,1
17989,渾舍,1
17990,舍驚,1
17991,驚怕,1
17992,怕走,1
17993,走折,1
17994,折趾,1
17995,趾憑,1
17996,憑依,1
17997,依婚,1
17998,媾欺,1
17999,欺官,1
18000,不信,1
18001,信令,1
18002,令行,1
18003,行能,1
18004,能禁,1
18005,禁止,1
18006,止先,1
18007,生受,1
18008,受屈,1
18009,屈未,1
18010,曾語,1
18011,語忽,1
18012,此來,1
18013,來告,1
18014,告良,1
18015,良有,1
18016,以嗟,1
18017,為赤,1
18018,縣令,1
18019,令操,1
18020,操權,1
18021,權不,1
18022,用欲,1
18023,俟立,1
18024,立召,1
18025,召賊,1
18026,賊曹,1
18027,曹呼,1
18028,呼伍,1
18029,伍伯,1
18030,伯盡,1
18031,盡取,1
18032,取鼠,1
18033,鼠輩,1
18034,輩屍,1
18035,屍諸,1
18036,諸市,1
18037,市先,1
18038,生又,1
18039,又遣,1
18040,來如,1
18041,處置,1
18042,置非,1
18043,所喜,1
18044,喜況,1
18045,當長,1
18046,長養,1
18047,養節,1
18048,節都,1
18049,邑未,1
18050,可猛,1
18051,猛政,1
18052,政理,1
18053,理先,1
18054,生固,1
18055,是余,1
18056,余所,1
18057,所畏,1
18058,畏度,1
18059,量不,1
18060,窺涯,1
18061,涯涘,1
18062,涘放,1
18063,縱是,1
18064,是誰,1
18065,誰之,1
18066,之過,1
18067,過歟,1
18068,歟效,1
18069,效尤,1
18070,尤戮,1
18071,戮僕,1
18072,僕愧,1
18073,愧前,1
18074,前史,1
18075,史買,1
18076,買羊,1
18077,羊沽,1
18078,酒謝,1
18079,不敏,1
18080,敏偶,1
18081,逢明,1
18082,月曜,1
18083,曜桃,1
18084,李先,1
18085,意許,1
18086,許降,1
18087,降臨,1
18088,臨更,1
18089,須致,1
18090,致雙,1
18091,雙鯉,1
18092,鯉長,1
18093,安雨,1
18094,雨洗,1
18095,洗新,1
18096,秋出,1
18097,出極,1
18098,極目,1
18099,目寒,1
18100,寒鏡,1
18101,鏡開,1
18102,開塵,1
18103,塵函,1
18104,函終,1
18105,終南,1
18106,南曉,1
18107,曉望,1
18108,望蹋,1
18109,蹋龍,1
18110,龍尾,1
18111,尾倚,1
18112,倚天,1
18113,天更,1
18114,更覺,1
18115,覺青,1
18116,青巉,1
18117,巉巉,1
18118,巉自,1
18119,知短,1
18120,短淺,1
18121,淺無,1
18122,所補,1
18123,補從,1
18124,事久,1
18125,此穿,1
18126,朝衫,1
18127,衫歸,1
18128,得便,1
18129,便即,1
18130,即遊,1
18131,遊覽,1
18132,覽暫,1
18133,暫似,1
18134,似壯,1
18135,壯馬,1
18136,馬脫,1
18137,脫重,1
18138,重銜,1
18139,銜曲,1
18140,江荷,1
18141,荷花,1
18142,花蓋,1
18143,蓋十,1
18144,裏江,1
18145,湖生,1
18146,生目,1
18147,目思,1
18148,思莫,1
18149,莫緘,1
18150,緘樂,1
18151,樂遊,1
18152,遊下,1
18153,下矚,1
18154,矚無,1
18155,無遠,1
18156,近綠,1
18157,槐萍,1
18158,萍合,1
18159,可芟,1
18160,芟白,1
18161,首寓,1
18162,寓居,1
18163,居誰,1
18164,誰借,1
18165,問平,1
18166,地寸,1
18167,步扃,1
18168,扃雲,1
18169,雲岩,1
18170,岩雲,1
18171,雲夫,1
18172,夫吾,1
18173,兄有,1
18174,有狂,1
18175,狂氣,1
18176,氣嗜,1
18177,嗜好,1
18178,好與,1
18179,與俗,1
18180,俗殊,1
18181,殊酸,1
18182,酸鹹,1
18183,鹹日,1
18184,來省,1
18185,省我,1
18186,肯去,1
18187,去論,1
18188,論詩,1
18189,詩說,1
18190,說賦,1
18191,賦相,1
18192,相喃,1
18193,喃喃,1
18194,喃望,1
18195,望秋,1
18196,秋一,1
18197,一章,1
18198,章已,1
18199,已驚,1
18200,驚絕,1
18201,絕猶,1
18202,猶言,1
18203,低抑,1
18204,抑避,1
18205,避謗,1
18206,謗讒,1
18207,讒若,1
18208,若使,1
18209,使乘,1
18210,乘酣,1
18211,酣騁,1
18212,雄怪,1
18213,怪造,1
18214,化何,1
18215,當鐫,1
18216,鐫劖,1
18217,劖嗟,1
18218,我小,1
18219,生值,1
18220,值強,1
18221,強伴,1
18222,伴怯,1
18223,怯膽,1
18224,膽變,1
18225,變勇,1
18226,勇神,1
18227,神明,1
18228,明鑒,1
18229,鑒馳,1
18230,馳坑,1
18231,坑跨,1
18232,跨穀,1
18233,穀終,1
18234,終未,1
18235,未悔,1
18236,悔為,1
18237,為利,1
18238,利而,1
18239,而止,1
18240,止真,1
18241,真貪,1
18242,貪饞,1
18243,饞高,1
18244,高揖,1
18245,揖群,1
18246,公謝,1
18247,謝名,1
18248,名譽,1
18249,譽遠,1
18250,遠追,1
18251,追甫,1
18252,甫白,1
18253,白感,1
18254,感至,1
18255,至諴,1
18256,諴樓,1
18257,樓頭,1
18258,頭完,1
18259,完月,1
18260,共宿,1
18261,宿其,1
18262,奈就,1
18263,就缺,1
18264,缺行,1
18265,行攕,1
18266,攕攕,1
18267,攕非,1
18268,癡非,1
18269,非狂,1
18270,狂誰,1
18271,誰氏,1
18272,氏子,1
18273,去入,1
18274,入王,1
18275,王屋,1
18276,屋稱,1
18277,稱道,1
18278,士白,1
18279,頭老,1
18280,老母,1
18281,母遮,1
18282,遮門,1
18283,門啼,1
18284,啼挽,1
18285,挽斷,1
18286,斷衫,1
18287,衫袖,1
18288,袖留,1
18289,不止,1
18290,止翠,1
18291,翠眉,1
18292,眉新,1
18293,新婦,1
18294,婦年,1
18295,年二,1
18296,載送,1
18297,送還,1
18298,家哭,1
18299,哭穿,1
18300,穿市,1
18301,市或,1
18302,或雲,1
18303,雲欲,1
18304,欲學,1
18305,學吹,1
18306,吹鳳,1
18307,鳳笙,1
18308,笙所,1
18309,慕靈,1
18310,靈妃,1
18311,妃媲,1
18312,媲蕭,1
18313,蕭史,1
18314,史又,1
18315,俗輕,1
18316,輕尋,1
18317,常力,1
18318,力行,1
18319,行險,1
18320,險怪,1
18321,怪取,1
18322,取貴,1
18323,貴仕,1
18324,仕神,1
18325,仙雖,1
18326,有傳,1
18327,傳說,1
18328,說知,1
18329,者盡,1
18330,盡知,1
18331,知其,1
18332,其妄,1
18333,妄矣,1
18334,矣聖,1
18335,聖君,1
18336,君賢,1
18337,相安,1
18338,可欺,1
18339,欺幹,1
18340,幹死,1
18341,死窮,1
18342,窮山,1
18343,山竟,1
18344,俟嗚,1
18345,呼余,1
18346,余心,1
18347,心誠,1
18348,誠豈,1
18349,豈弟,1
18350,弟願,1
18351,願往,1
18352,往教,1
18353,教誨,1
18354,誨究,1
18355,究終,1
18356,始罰,1
18357,罰一,1
18358,一勸,1
18359,勸百,1
18360,百政,1
18361,政之,1
18362,之經,1
18363,經不,1
18364,從而,1
18365,而誅,1
18366,誅未,1
18367,未晚,1
18368,晚耳,1
18369,耳誰,1
18370,誰其,1
18371,友親,1
18372,親能,1
18373,能哀,1
18374,哀憐,1
18375,憐寫,1
18376,寫吾,1
18377,吾此,1
18378,持送,1
18379,送似,1
18380,似灌,1
18381,灌池,1
18382,池才,1
18383,才盈,1
18384,盈五,1
18385,六丈,1
18386,丈築,1
18387,築台,1
18388,台不,1
18389,過七,1
18390,尺欲,1
18391,將層,1
18392,層級,1
18393,級壓,1
18394,壓籬,1
18395,籬落,1
18396,落未,1
18397,許波,1
18398,瀾量,1
18399,量鬥,1
18400,鬥石,1
18401,石規,1
18402,規摹,1
18403,摹雖,1
18404,巧何,1
18405,足誇,1
18406,誇景,1
18407,景趣,1
18408,趣不,1
18409,遠真,1
18410,惜長,1
18411,吏遠,1
18412,遠趨,1
18413,走已,1
18414,已有,1
18415,有蛙,1
18416,黽助,1
18417,助狼,1
18418,藉無,1
18419,無本,1
18420,本于,1
18421,于為,1
18422,文身,1
18423,身大,1
18424,及膽,1
18425,膽吾,1
18426,嘗示,1
18427,示之,1
18428,之難,1
18429,難勇,1
18430,勇往,1
18431,往無,1
18432,敢蛟,1
18433,龍弄,1
18434,弄角,1
18435,角牙,1
18436,牙造,1
18437,次欲,1
18438,欲手,1
18439,手攬,1
18440,攬眾,1
18441,眾鬼,1
18442,鬼囚,1
18443,囚大,1
18444,大幽,1
18445,幽下,1
18446,下覷,1
18447,覷襲,1
18448,襲玄,1
18449,玄窞,1
18450,窞天,1
18451,天陽,1
18452,陽熙,1
18453,熙四,1
18454,海注,1
18455,注視,1
18456,視首,1
18457,頷鯨,1
18458,鵬相,1
18459,相摩,1
18460,摩窣,1
18461,窣兩,1
18462,兩舉,1
18463,舉快,1
18464,快一,1
18465,一啖,1
18466,啖夫,1
18467,夫豈,1
18468,必然,1
18469,然固,1
18470,已謝,1
18471,謝黯,1
18472,黯黮,1
18473,黮狂,1
18474,狂詞,1
18475,詞肆,1
18476,肆滂,1
18477,滂葩,1
18478,葩低,1
18479,昂見,1
18480,見舒,1
18481,舒慘,1
18482,慘奸,1
18483,奸窮,1
18484,窮怪,1
18485,變得,1
18486,往造,1
18487,造平,1
18488,平澹,1
18489,澹蜂,1
18490,蜂蟬,1
18491,蟬碎,1
18492,碎錦,1
18493,錦纈,1
18494,纈綠,1
18495,綠池,1
18496,池披,1
18497,披菡,1
18498,萏芝,1
18499,芝英,1
18500,英擢,1
18501,擢荒,1
18502,荒榛,1
18503,榛孤,1
18504,孤翮,1
18505,翮起,1
18506,起連,1
18507,連菼,1
18508,菼家,1
18509,家住,1
18510,住幽,1
18511,都遠,1
18512,遠未,1
18513,識氣,1
18514,氣先,1
18515,先感,1
18516,感來,1
18517,來尋,1
18518,尋吾,1
18519,吾何,1
18520,無殊,1
18521,殊嗜,1
18522,嗜昌,1
18523,昌歜,1
18524,歜始,1
18525,見洛,1
18526,春桃,1
18527,桃枝,1
18528,枝綴,1
18529,綴紅,1
18530,紅糝,1
18531,糝遂,1
18532,來長,1
18533,安裏,1
18534,裏時,1
18535,時卦,1
18536,卦轉,1
18537,轉習,1
18538,習坎,1
18539,坎老,1
18540,老懶,1
18541,懶無,1
18542,無鬥,1
18543,鬥心,1
18544,心久,1
18545,事鉛,1
18546,槧欲,1
18547,以金,1
18548,帛酬,1
18549,酬舉,1
18550,舉室,1
18551,室常,1
18552,常頷,1
18553,頷念,1
18554,念當,1
18555,當委,1
18556,委我,1
18557,霜刻,1
18558,刻以,1
18559,以憯,1
18560,憯獰,1
18561,獰飆,1
18562,攪空,1
18563,空衢,1
18564,衢天,1
18565,地與,1
18566,與頓,1
18567,頓撼,1
18568,撼勉,1
18569,勉率,1
18570,率吐,1
18571,吐歌,1
18572,詩慰,1
18573,慰女,1
18574,女別,1
18575,後覽,1
18576,覽張,1
18577,生手,1
18578,持石,1
18579,鼓文,1
18580,文勸,1
18581,我試,1
18582,試作,1
18583,作石,1
18584,鼓歌,1
18585,歌少,1
18586,少陵,1
18587,陵無,1
18588,人謫,1
18589,謫仙,1
18590,仙死,1
18591,死才,1
18592,才薄,1
18593,薄將,1
18594,將奈,1
18595,奈石,1
18596,鼓何,1
18597,何周,1
18598,周綱,1
18599,綱陵,1
18600,陵遲,1
18601,遲四,1
18602,海沸,1
18603,沸宣,1
18604,宣王,1
18605,王憤,1
18606,憤起,1
18607,起揮,1
18608,揮天,1
18609,天戈,1
18610,戈大,1
18611,大開,1
18612,堂受,1
18613,受朝,1
18614,賀諸,1
18615,侯劍,1
18616,劍佩,1
18617,磨搜,1
18618,搜于,1
18619,于岐,1
18620,岐陽,1
18621,陽騁,1
18622,雄俊,1
18623,俊萬,1
18624,里禽,1
18625,獸皆,1
18626,皆遮,1
18627,遮羅,1
18628,羅鐫,1
18629,鐫功,1
18630,功勒,1
18631,勒成,1
18632,成告,1
18633,告萬,1
18634,萬世,1
18635,世鑿,1
18636,鑿石,1
18637,石作,1
18638,作鼓,1
18639,鼓隳,1
18640,隳嵯,1
18641,嵯峨,1
18642,峨從,1
18643,從臣,1
18644,臣才,1
18645,才藝,1
18646,藝咸,1
18647,咸第,1
18648,第一,1
18649,一揀,1
18650,揀選,1
18651,選撰,1
18652,撰刻,1
18653,刻留,1
18654,留山,1
18655,山阿,1
18656,阿雨,1
18657,雨淋,1
18658,淋日,1
18659,日炙,1
18660,炙野,1
18661,野火,1
18662,火燎,1
18663,燎鬼,1
18664,物守,1
18665,守護,1
18666,護煩,1
18667,煩撝,1
18668,撝呵,1
18669,呵公,1
18670,公從,1
18671,從何,1
18672,處得,1
18673,得紙,1
18674,紙本,1
18675,本毫,1
18676,毫髮,1
18677,髮盡,1
18678,盡備,1
18679,差訛,1
18680,訛辭,1
18681,辭嚴,1
18682,嚴義,1
18683,義密,1
18684,密讀,1
18685,讀難,1
18686,難曉,1
18687,曉字,1
18688,字體,1
18689,體不,1
18690,不類,1
18691,類隸,1
18692,隸與,1
18693,與科,1
18694,科年,1
18695,年深,1
18696,豈免,1
18697,免有,1
18698,有缺,1
18699,缺畫,1
18700,畫快,1
18701,快劍,1
18702,劍斫,1
18703,斫斷,1
18704,斷生,1
18705,生蛟,1
18706,鼉鸞,1
18707,鸞翔,1
18708,翔鳳,1
18709,鳳翥,1
18710,翥眾,1
18711,眾仙,1
18712,仙下,1
18713,下珊,1
18714,珊瑚,1
18715,瑚碧,1
18716,碧樹,1
18717,樹交,1
18718,交枝,1
18719,枝柯,1
18720,柯金,1
18721,金繩,1
18722,繩鐵,1
18723,鐵索,1
18724,索鎖,1
18725,鎖紐,1
18726,紐壯,1
18727,壯古,1
18728,古鼎,1
18729,鼎躍,1
18730,躍水,1
18731,龍騰,1
18732,騰梭,1
18733,梭陋,1
18734,陋儒,1
18735,儒編,1
18736,編詩,1
18737,詩不,1
18738,收入,1
18739,入二,1
18740,二雅,1
18741,雅褊,1
18742,褊迫,1
18743,迫無,1
18744,無委,1
18745,委蛇,1
18746,蛇孔,1
18747,子西,1
18748,西行,1
18749,行不,1
18750,到秦,1
18751,秦掎,1
18752,摭星,1
18753,宿遺,1
18754,遺羲,1
18755,羲娥,1
18756,娥嗟,1
18757,嗟予,1
18758,予好,1
18759,古生,1
18760,生苦,1
18761,苦晚,1
18762,晚對,1
18763,對此,1
18764,此涕,1
18765,涕淚,1
18766,淚雙,1
18767,雙滂,1
18768,沱憶,1
18769,初蒙,1
18770,蒙博,1
18771,士征,1
18772,征其,1
18773,其年,1
18774,年始,1
18775,始改,1
18776,改稱,1
18777,稱元,1
18778,和故,1
18779,人從,1
18780,軍在,1
18781,在右,1
18782,右輔,1
18783,輔為,1
18784,我度,1
18785,量掘,1
18786,掘臼,1
18787,臼科,1
18788,科濯,1
18789,濯冠,1
18790,冠沐,1
18791,沐浴,1
18792,浴告,1
18793,告祭,1
18794,祭酒,1
18795,此至,1
18796,寶存,1
18797,存豈,1
18798,豈多,1
18799,多氈,1
18800,氈包,1
18801,包席,1
18802,席裹,1
18803,裹可,1
18804,可立,1
18805,立致,1
18806,致十,1
18807,十鼓,1
18808,鼓只,1
18809,只載,1
18810,載數,1
18811,數駱,1
18812,駱駝,1
18813,駝薦,1
18814,薦諸,1
18815,諸太,1
18816,廟比,1
18817,比郜,1
18818,郜鼎,1
18819,鼎光,1
18820,光價,1
18821,價豈,1
18822,豈止,1
18823,止百,1
18824,百倍,1
18825,倍過,1
18826,過聖,1
18827,聖恩,1
18828,恩若,1
18829,若許,1
18830,許留,1
18831,留太,1
18832,學諸,1
18833,生講,1
18834,講解,1
18835,解得,1
18836,得切,1
18837,切磋,1
18838,磋觀,1
18839,觀經,1
18840,經鴻,1
18841,鴻都,1
18842,都尚,1
18843,尚填,1
18844,填咽,1
18845,咽坐,1
18846,見舉,1
18847,舉國,1
18848,來奔,1
18849,波剜,1
18850,剜苔,1
18851,苔剔,1
18852,剔蘚,1
18853,蘚露,1
18854,露節,1
18855,節角,1
18856,角安,1
18857,安置,1
18858,置妥,1
18859,帖平,1
18860,平不,1
18861,不頗,1
18862,頗大,1
18863,廈深,1
18864,深簷,1
18865,簷與,1
18866,與蓋,1
18867,蓋覆,1
18868,覆經,1
18869,經歷,1
18870,歷久,1
18871,久遠,1
18872,遠期,1
18873,期無,1
18874,無佗,1
18875,佗中,1
18876,中朝,1
18877,朝大,1
18878,大官,1
18879,官老,1
18880,老於,1
18881,於事,1
18882,事詎,1
18883,詎肯,1
18884,肯感,1
18885,激徒,1
18886,徒媕,1
18887,媕婀,1
18888,婀牧,1
18889,牧童,1
18890,童敲,1
18891,敲火,1
18892,火牛,1
18893,牛礪,1
18894,礪角,1
18895,角誰,1
18896,複著,1
18897,著手,1
18898,手為,1
18899,為摩,1
18900,摩挲,1
18901,挲日,1
18902,日銷,1
18903,銷月,1
18904,月鑠,1
18905,鑠就,1
18906,就埋,1
18907,沒六,1
18908,年西,1
18909,西顧,1
18910,顧空,1
18911,空吟,1
18912,哦羲,1
18913,羲之,1
18914,之俗,1
18915,俗書,1
18916,書趁,1
18917,趁姿,1
18918,姿媚,1
18919,媚數,1
18920,數紙,1
18921,紙尚,1
18922,可博,1
18923,博白,1
18924,白鵝,1
18925,鵝繼,1
18926,繼周,1
18927,周八,1
18928,八代,1
18929,代爭,1
18930,爭戰,1
18931,戰罷,1
18932,人收,1
18933,拾理,1
18934,理則,1
18935,則那,1
18936,那方,1
18937,今太,1
18938,平日,1
18939,事柄,1
18940,柄任,1
18941,任儒,1
18942,儒術,1
18943,術崇,1
18944,軻安,1
18945,此上,1
18946,論列,1
18947,列願,1
18948,借辨,1
18949,辨口,1
18950,口如,1
18951,如懸,1
18952,懸河,1
18953,河石,1
18954,鼓之,1
18955,之歌,1
18956,歌止,1
18957,止於,1
18958,此嗚,1
18959,呼吾,1
18960,吾意,1
18961,意其,1
18962,其蹉,1
18963,跎雙,1
18964,雙鳥,1
18965,鳥海,1
18966,來飛,1
18967,飛到,1
18968,到中,1
18969,鳥落,1
18970,落城,1
18971,城市,1
18972,市一,1
18973,鳥集,1
18974,集岩,1
18975,岩幽,1
18976,幽不,1
18977,相伴,1
18978,伴鳴,1
18979,鳴爾,1
18980,來三,1
18981,秋兩,1
18982,各閉,1
18983,口萬,1
18984,萬象,1
18985,象銜,1
18986,銜口,1
18987,口頭,1
18988,頭春,1
18989,風卷,1
18990,卷地,1
18991,地起,1
18992,鳥皆,1
18993,皆飄,1
18994,飄浮,1
18995,浮兩,1
18996,鳥忽,1
18997,忽相,1
18998,百日,1
18999,日鳴,1
19000,耳聒,1
19001,聒皆,1
19002,皆聾,1
19003,聾有,1
19004,口反,1
19005,反自,1
19006,自羞,1
19007,羞百,1
19008,百舌,1
19009,舌舊,1
19010,舊饒,1
19011,饒聲,1
19012,聲從,1
19013,此恒,1
19014,恒低,1
19015,頭得,1
19016,得病,1
19017,病不,1
19018,不呻,1
19019,呻喚,1
19020,喚泯,1
19021,泯默,1
19022,默至,1
19023,死休,1
19024,休雷,1
19025,公告,1
19026,告天,1
19027,公百,1
19028,物須,1
19029,須膏,1
19030,膏油,1
19031,油自,1
19032,從兩,1
19033,鳴聒,1
19034,聒亂,1
19035,亂雷,1
19036,雷聲,1
19037,聲收,1
19038,收鬼,1
19039,神怕,1
19040,怕嘲,1
19041,嘲詠,1
19042,詠造,1
19043,化皆,1
19044,皆停,1
19045,停留,1
19046,有微,1
19047,微情,1
19048,情挑,1
19049,挑抉,1
19050,抉示,1
19051,示九,1
19052,州蟲,1
19053,蟲鼠,1
19054,鼠誠,1
19055,誠微,1
19056,物不,1
19057,堪苦,1
19058,苦誅,1
19059,誅求,1
19060,求不,1
19061,鳴百,1
19062,物皆,1
19063,皆生,1
19064,生愁,1
19065,自此,1
19066,此無,1
19067,無春,1
19068,秋不,1
19069,鳴日,1
19070,月難,1
19071,難旋,1
19072,旋輈,1
19073,輈不,1
19074,鳴大,1
19075,大法,1
19076,法失,1
19077,失九,1
19078,九疇,1
19079,疇周,1
19080,公孔,1
19081,丘不,1
19082,為丘,1
19083,丘天,1
19084,公怪,1
19085,怪兩,1
19086,各捉,1
19087,捉一,1
19088,處囚,1
19089,囚百,1
19090,蟲與,1
19091,與百,1
19092,鳥然,1
19093,然後,1
19094,後鳴,1
19095,鳴啾,1
19096,啾兩,1
19097,鳥既,1
19098,既別,1
19099,別處,1
19100,處閉,1
19101,閉聲,1
19102,聲省,1
19103,省愆,1
19104,尤朝,1
19105,頭龍,1
19106,龍暮,1
19107,暮食,1
19108,頭牛,1
19109,牛朝,1
19110,朝飲,1
19111,飲河,1
19112,河生,1
19113,生塵,1
19114,塵暮,1
19115,暮飲,1
19116,飲海,1
19117,海絕,1
19118,絕流,1
19119,流還,1
19120,還當,1
19121,當三,1
19122,更起,1
19123,起鳴,1
19124,相酬,1
19125,酬羨,1
19126,羨君,1
19127,君齒,1
19128,牙牢,1
19129,牢且,1
19130,且潔,1
19131,潔大,1
19132,大肉,1
19133,肉硬,1
19134,硬餅,1
19135,餅如,1
19136,刀截,1
19137,截我,1
19138,今呀,1
19139,豁落,1
19140,落者,1
19141,存十,1
19142,餘皆,1
19143,皆兀,1
19144,兀臲,1
19145,臲匙,1
19146,匙抄,1
19147,抄爛,1
19148,爛飯,1
19149,飯穩,1
19150,穩送,1
19151,送之,1
19152,之合,1
19153,合口,1
19154,口軟,1
19155,軟嚼,1
19156,嚼如,1
19157,如牛,1
19158,牛呞,1
19159,呞妻,1
19160,兒恐,1
19161,恐我,1
19162,生悵,1
19163,悵望,1
19164,望盤,1
19165,中不,1
19166,不飣,1
19167,飣栗,1
19168,栗與,1
19169,梨只,1
19170,年才,1
19171,才四,1
19172,五後,1
19173,知漸,1
19174,漸莽,1
19175,莽鹵,1
19176,鹵朱,1
19177,朱顏,1
19178,顏皓,1
19179,皓頸,1
19180,頸訝,1
19181,訝莫,1
19182,莫親,1
19183,親此,1
19184,外諸,1
19185,諸餘,1
19186,餘誰,1
19187,誰更,1
19188,數憶,1
19189,昔太,1
19190,太公,1
19191,公仕,1
19192,仕進,1
19193,進初,1
19194,初口,1
19195,口含,1
19196,含兩,1
19197,兩齒,1
19198,齒無,1
19199,餘虞,1
19200,翻十,1
19201,十三,1
19202,三比,1
19203,比豈,1
19204,豈少,1
19205,少遂,1
19206,遂自,1
19207,自惋,1
19208,惋恨,1
19209,恨形,1
19210,形於,1
19211,於書,1
19212,書丈,1
19213,夫命,1
19214,存百,1
19215,無害,1
19216,害誰,1
19217,能點,1
19218,點檢,1
19219,檢形,1
19220,形骸,1
19221,骸外,1
19222,外巨,1
19223,巨緡,1
19224,緡東,1
19225,東釣,1
19226,釣倘,1
19227,期與,1
19228,共飽,1
19229,飽鯨,1
19230,鯨魚,1
19231,魚膾,1
19232,膾萬,1
19233,萬生,1
19234,生都,1
19235,都陽,1
19236,陽明,1
19237,幽暗,1
19238,暗鬼,1
19239,鬼所,1
19240,所寰,1
19241,寰嗟,1
19242,嗟龍,1
19243,龍獨,1
19244,何智,1
19245,智出,1
19246,入人,1
19247,鬼間,1
19248,為助,1
19249,助若,1
19250,若執,1
19251,執造,1
19252,化關,1
19253,關厭,1
19254,厭處,1
19255,處平,1
19256,地水,1
19257,水巢,1
19258,巢居,1
19259,居插,1
19260,插天,1
19261,天山,1
19262,山列,1
19263,列峰,1
19264,峰若,1
19265,攢指,1
19266,指石,1
19267,石盂,1
19268,盂仰,1
19269,仰環,1
19270,環巨,1
19271,靈高,1
19272,高其,1
19273,其捧,1
19274,捧保,1
19275,保此,1
19276,此一,1
19277,一掬,1
19278,掬慳,1
19279,慳森,1
19280,森沈,1
19281,沈固,1
19282,固含,1
19283,含蓄,1
19284,蓄本,1
19285,本以,1
19286,以儲,1
19287,儲陰,1
19288,陰奸,1
19289,奸魚,1
19290,鱉蒙,1
19291,蒙擁,1
19292,擁護,1
19293,護群,1
19294,群嬉,1
19295,嬉傲,1
19296,傲天,1
19297,天頑,1
19298,頑翾,1
19299,翾翾,1
19300,翾棲,1
19301,棲托,1
19302,托禽,1
19303,禽飛,1
19304,飛一,1
19305,何閑,1
19306,閑祠,1
19307,祠堂,1
19308,堂像,1
19309,像侔,1
19310,侔真,1
19311,真擢,1
19312,擢玉,1
19313,玉紆,1
19314,紆煙,1
19315,煙鬟,1
19316,鬟群,1
19317,群怪,1
19318,怪儼,1
19319,儼伺,1
19320,候恩,1
19321,恩威,1
19322,威在,1
19323,其顏,1
19324,顏我,1
19325,正中,1
19326,中悚,1
19327,悚惕,1
19328,惕思,1
19329,思先,1
19330,先還,1
19331,還寄,1
19332,寄立,1
19333,立尺,1
19334,尺寸,1
19335,寸地,1
19336,言來,1
19337,來途,1
19338,途艱,1
19339,艱籲,1
19340,籲無,1
19341,無吹,1
19342,吹毛,1
19343,毛刃,1
19344,刃血,1
19345,血此,1
19346,此牛,1
19347,牛蹄,1
19348,蹄殷,1
19349,殷至,1
19350,至令,1
19351,令乘,1
19352,乘水,1
19353,水旱,1
19354,旱鼓,1
19355,鼓舞,1
19356,舞寡,1
19357,寡與,1
19358,與鰥,1
19359,鰥林,1
19360,林叢,1
19361,叢鎮,1
19362,鎮冥,1
19363,冥窮,1
19364,由刪,1
19365,刪妍,1
19366,妍英,1
19367,英雜,1
19368,雜豔,1
19369,豔實,1
19370,實星,1
19371,星瑣,1
19372,瑣黃,1
19373,黃朱,1
19374,朱斑,1
19375,斑石,1
19376,石級,1
19377,級皆,1
19378,皆險,1
19379,險滑,1
19380,滑顛,1
19381,顛躋,1
19382,躋莫,1
19383,莫牽,1
19384,牽攀,1
19385,攀龍,1
19386,龍區,1
19387,區雛,1
19388,雛眾,1
19389,眾碎,1
19390,碎付,1
19391,付與,1
19392,與宿,1
19393,宿已,1
19394,已頒,1
19395,頒棄,1
19396,去可,1
19397,何吾,1
19398,其死,1
19399,茅菅,1
19400,菅昵,1
19401,昵昵,1
19402,昵兒,1
19403,女語,1
19404,語恩,1
19405,恩怨,1
19406,怨相,1
19407,相爾,1
19408,爾汝,1
19409,汝劃,1
19410,劃然,1
19411,然變,1
19412,變軒,1
19413,昂勇,1
19414,勇士,1
19415,士赴,1
19416,赴敵,1
19417,敵場,1
19418,場浮,1
19419,絮無,1
19420,無根,1
19421,根蒂,1
19422,蒂天,1
19423,闊遠,1
19424,遠隨,1
19425,飛揚,1
19426,揚喧,1
19427,喧啾,1
19428,啾百,1
19429,群忽,1
19430,孤鳳,1
19431,凰躋,1
19432,躋攀,1
19433,攀分,1
19434,分寸,1
19435,寸不,1
19436,上失,1
19437,失勢,1
19438,勢一,1
19439,一落,1
19440,落千,1
19441,丈強,1
19442,強嗟,1
19443,餘有,1
19444,有兩,1
19445,兩耳,1
19446,耳未,1
19447,省聽,1
19448,聽絲,1
19449,絲篁,1
19450,篁自,1
19451,自聞,1
19452,聞穎,1
19453,穎師,1
19454,師彈,1
19455,彈起,1
19456,坐在,1
19457,一旁,1
19458,旁推,1
19459,推手,1
19460,手遽,1
19461,遽止,1
19462,止之,1
19463,之濕,1
19464,濕衣,1
19465,淚滂,1
19466,滂滂,1
19467,滂穎,1
19468,穎乎,1
19469,乎爾,1
19470,爾誠,1
19471,誠能,1
19472,以冰,1
19473,冰炭,1
19474,炭置,1
19475,置我,1
19476,腸舉,1
19477,舉舉,1
19478,舉江,1
19479,南子,1
19480,子名,1
19481,名以,1
19482,能詩,1
19483,詩聞,1
19484,聞一,1
19485,第官,1
19486,官佐,1
19487,佐東,1
19488,東宮,1
19489,宮軍,1
19490,軍迎,1
19491,迎婦,1
19492,婦丞,1
19493,府誇,1
19494,誇映,1
19495,映秀,1
19496,秀士,1
19497,士群,1
19498,群鸞,1
19499,鸞鳴,1
19500,鳴桂,1
19501,樹間,1
19502,間觀,1
19503,何繽,1
19504,紛人,1
19505,事喜,1
19506,喜顛,1
19507,倒旦,1
19508,夕異,1
19509,異所,1
19510,所雲,1
19511,雲蕭,1
19512,蕭青,1
19513,雲幹,1
19514,幹遂,1
19515,遂逐,1
19516,逐荊,1
19517,棘焚,1
19518,焚歲,1
19519,晚鴻,1
19520,雁過,1
19521,過鄉,1
19522,思見,1
19523,見新,1
19524,新文,1
19525,文踐,1
19526,踐此,1
19527,此秦,1
19528,關雪,1
19529,雪家,1
19530,家彼,1
19531,彼吳,1
19532,吳洲,1
19533,洲雲,1
19534,雲悲,1
19535,啼上,1
19536,上車,1
19537,車女,1
19538,女骨,1
19539,肉不,1
19540,可分,1
19541,分感,1
19542,感慨,1
19543,慨都,1
19544,門別,1
19545,別丈,1
19546,夫酒,1
19547,酒方,1
19548,方醺,1
19549,醺我,1
19550,我實,1
19551,實門,1
19552,門下,1
19553,士力,1
19554,力薄,1
19555,薄蚋,1
19556,蚋與,1
19557,與蚊,1
19558,蚊受,1
19559,即報,1
19560,報永,1
19561,永負,1
19562,負湘,1
19563,湘中,1
19564,中墳,1
19565,墳猛,1
19566,虎落,1
19567,落檻,1
19568,檻阱,1
19569,阱坐,1
19570,食如,1
19571,如孤,1
19572,豚丈,1
19573,夫在,1
19574,在富,1
19575,必守,1
19576,門公,1
19577,公心,1
19578,心有,1
19579,有勇,1
19580,勇氣,1
19581,氣公,1
19582,公口,1
19583,口有,1
19584,有直,1
19585,言奈,1
19586,何任,1
19587,任埋,1
19588,沒不,1
19589,自求,1
19590,求騰,1
19591,騰軒,1
19592,軒僕,1
19593,僕本,1
19594,本亦,1
19595,亦進,1
19596,士頗,1
19597,頗嘗,1
19598,嘗究,1
19599,究根,1
19600,源由,1
19601,來骨,1
19602,骨鯁,1
19603,鯁材,1
19604,材喜,1
19605,喜被,1
19606,被軟,1
19607,弱吞,1
19608,吞低,1
19609,受侮,1
19610,侮笑,1
19611,笑隱,1
19612,隱忍,1
19613,忍硉,1
19614,硉兀,1
19615,兀冤,1
19616,冤泥,1
19617,泥雨,1
19618,雨城,1
19619,城東,1
19620,東路,1
19621,路夏,1
19622,夏槐,1
19623,槐作,1
19624,雲屯,1
19625,屯還,1
19626,家雖,1
19627,雖闕,1
19628,闕短,1
19629,短把,1
19630,把日,1
19631,親晨,1
19632,晨飧,1
19633,飧攜,1
19634,攜持,1
19635,持令,1
19636,令名,1
19637,名歸,1
19638,歸自,1
19639,足貽,1
19640,貽家,1
19641,家尊,1
19642,尊時,1
19643,節不,1
19644,可玩,1
19645,玩親,1
19646,交可,1
19647,可攀,1
19648,攀援,1
19649,援勉,1
19650,勉來,1
19651,取金,1
19652,紫勿,1
19653,勿久,1
19654,久休,1
19655,休中,1
19656,中園,1
19657,園魯,1
19658,魯連,1
19659,連細,1
19660,細而,1
19661,而黠,1
19662,黠有,1
19663,黃鷂,1
19664,鷂子,1
19665,子田,1
19666,田巴,1
19667,巴兀,1
19668,兀老,1
19669,老蒼,1
19670,蒼憐,1
19671,憐汝,1
19672,汝矜,1
19673,矜爪,1
19674,爪觜,1
19675,觜開,1
19676,開端,1
19677,端要,1
19678,要驚,1
19679,人雄,1
19680,雄跨,1
19681,跨吾,1
19682,吾厭,1
19683,厭矣,1
19684,矣高,1
19685,高拱,1
19686,拱禪,1
19687,禪鴻,1
19688,鴻聲,1
19689,若輟,1
19690,輟一,1
19691,杯水,1
19692,水獨,1
19693,獨稱,1
19694,稱唐,1
19695,虞賢,1
19696,賢顧,1
19697,顧未,1
19698,之耳,1
19699,耳吾,1
19700,老著,1
19701,著讀,1
19702,書餘,1
19703,掛眼,1
19704,有兒,1
19705,兒雖,1
19706,雖甚,1
19707,甚憐,1
19708,憐教,1
19709,教示,1
19710,示不,1
19711,不免,1
19712,免簡,1
19713,簡君,1
19714,來好,1
19715,好呼,1
19716,呼出,1
19717,出踉,1
19718,踉蹌,1
19719,蹌越,1
19720,越門,1
19721,限懼,1
19722,懼其,1
19723,所知,1
19724,知見,1
19725,見則,1
19726,則先,1
19727,先愧,1
19728,愧赧,1
19729,赧昨,1
19730,昨因,1
19731,因有,1
19732,有緣,1
19733,緣事,1
19734,馬插,1
19735,插手,1
19736,版留,1
19737,留君,1
19738,君住,1
19739,住廳,1
19740,廳食,1
19741,使立,1
19742,立侍,1
19743,侍盤,1
19744,盤盞,1
19745,盞薄,1
19746,歸見,1
19747,見君,1
19748,君迎,1
19749,我笑,1
19750,笑而,1
19751,而莞,1
19752,莞指,1
19753,指渠,1
19754,渠相,1
19755,賀言,1
19756,言此,1
19757,是萬,1
19758,萬金,1
19759,金產,1
19760,產吾,1
19761,吾愛,1
19762,愛其,1
19763,其風,1
19764,骨粹,1
19765,粹美,1
19766,美無,1
19767,可揀,1
19768,揀試,1
19769,試將,1
19770,詩義,1
19771,義授,1
19772,授如,1
19773,以肉,1
19774,肉貫,1
19775,貫丳,1
19776,丳開,1
19777,開祛,1
19778,祛露,1
19779,露毫,1
19780,毫末,1
19781,末自,1
19782,得高,1
19783,蹇嵼,1
19784,嵼我,1
19785,身蹈,1
19786,蹈丘,1
19787,軻爵,1
19788,爵位,1
19789,位不,1
19790,早綰,1
19791,綰固,1
19792,固宜,1
19793,宜長,1
19794,人文,1
19795,章紹,1
19796,紹編,1
19797,編剗,1
19798,剗感,1
19799,感荷,1
19800,荷君,1
19801,子德,1
19802,德恍,1
19803,恍若,1
19804,若乘,1
19805,乘朽,1
19806,朽棧,1
19807,棧召,1
19808,召令,1
19809,令吐,1
19810,吐所,1
19811,所記,1
19812,記解,1
19813,解摘,1
19814,摘了,1
19815,了瑟,1
19816,瑟僴,1
19817,僴顧,1
19818,顧視,1
19819,視窗,1
19820,窗壁,1
19821,壁間,1
19822,間親,1
19823,戚競,1
19824,競覘,1
19825,覘矕,1
19826,矕喜,1
19827,喜氣,1
19828,氣排,1
19829,排寒,1
19830,寒冬,1
19831,冬逼,1
19832,逼耳,1
19833,耳鳴,1
19834,鳴睍,1
19835,睍睆,1
19836,睆如,1
19837,誰恨,1
19838,恨便,1
19839,耕灞,1
19840,灞滻,1
19841,滻李,1
19842,杜文,1
19843,章在,1
19844,在光,1
19845,光焰,1
19846,焰萬,1
19847,丈長,1
19848,長不,1
19849,知群,1
19850,群兒,1
19851,兒愚,1
19852,愚那,1
19853,用故,1
19854,故謗,1
19855,謗傷,1
19856,傷蚍,1
19857,蚍蜉,1
19858,蜉撼,1
19859,撼大,1
19860,樹可,1
19861,可笑,1
19862,笑不,1
19863,量伊,1
19864,後舉,1
19865,舉頸,1
19866,頸遙,1
19867,遙相,1
19868,望夜,1
19869,夢多,1
19870,多見,1
19871,之晝,1
19872,晝思,1
19873,思反,1
19874,反微,1
19875,茫徒,1
19876,徒觀,1
19877,觀斧,1
19878,斧鑿,1
19879,鑿痕,1
19880,痕不,1
19881,不矚,1
19882,矚治,1
19883,治水,1
19884,水航,1
19885,航想,1
19886,想當,1
19887,當施,1
19888,施手,1
19889,手時,1
19890,時巨,1
19891,巨刃,1
19892,刃磨,1
19893,磨天,1
19894,天揚,1
19895,揚垠,1
19896,垠崖,1
19897,崖劃,1
19898,劃崩,1
19899,崩豁,1
19900,豁乾,1
19901,坤擺,1
19902,擺雷,1
19903,雷硠,1
19904,硠惟,1
19905,惟此,1
19906,此兩,1
19907,兩夫,1
19908,子家,1
19909,家居,1
19910,居率,1
19911,率荒,1
19912,涼帝,1
19913,帝欲,1
19914,欲長,1
19915,哦故,1
19916,故遣,1
19917,遣起,1
19918,起且,1
19919,僵剪,1
19920,剪翎,1
19921,翎送,1
19922,送籠,1
19923,使看,1
19924,看百,1
19925,鳥翔,1
19926,翔平,1
19927,生千,1
19928,萬篇,1
19929,篇金,1
19930,金薤,1
19931,薤垂,1
19932,垂琳,1
19933,琳琅,1
19934,琅仙,1
19935,仙官,1
19936,官敕,1
19937,敕六,1
19938,六丁,1
19939,丁雷,1
19940,電下,1
19941,下取,1
19942,取將,1
19943,將流,1
19944,間者,1
19945,者太,1
19946,山一,1
19947,一毫,1
19948,毫芒,1
19949,芒我,1
19950,願生,1
19951,翅捕,1
19952,捕逐,1
19953,逐出,1
19954,出八,1
19955,八荒,1
19956,荒精,1
19957,精誠,1
19958,誠忽,1
19959,忽交,1
19960,交通,1
19961,通百,1
19962,怪入,1
19963,腸刺,1
19964,刺手,1
19965,手拔,1
19966,拔鯨,1
19967,鯨牙,1
19968,牙舉,1
19969,舉瓢,1
19970,瓢酌,1
19971,酌天,1
19972,天漿,1
19973,漿騰,1
19974,騰身,1
19975,身跨,1
19976,跨汗,1
19977,著織,1
19978,織女,1
19979,女襄,1
19980,襄顧,1
19981,顧語,1
19982,語地,1
19983,地上,1
19984,上友,1
19985,友經,1
19986,營無,1
19987,無太,1
19988,太忙,1
19989,忙乞,1
19990,乞君,1
19991,君飛,1
19992,飛霞,1
19993,霞佩,1
19994,佩與,1
19995,我高,1
19996,高頡,1
19997,頡頏,1
19998,頏昔,1
19999,昔尋,1
20000,尋李,1
20001,李願,1
20002,願向,1
20003,向盤,1
20004,盤穀,1
20005,穀正,1
20006,高崖,1
20007,崖巨,1
20008,巨壁,1
20009,壁爭,1
20010,爭開,1
20011,張是,1
20012,新晴,1
20013,天井,1
20014,井溢,1
20015,溢誰,1
20016,誰把,1
20017,把長,1
20018,長劍,1
20019,劍倚,1
20020,倚太,1
20021,太行,1
20022,行沖,1
20023,吹破,1
20024,破落,1
20025,落天,1
20026,外飛,1
20027,飛雨,1
20028,雨白,1
20029,日灑,1
20030,灑洛,1
20031,東蹈,1
20032,蹈燕,1
20033,燕川,1
20034,川食,1
20035,食曠,1
20036,曠野,1
20037,有饋,1
20038,饋木,1
20039,木蕨,1
20040,蕨芽,1
20041,芽滿,1
20042,滿筐,1
20043,筐馬,1
20044,頭溪,1
20045,溪深,1
20046,深不,1
20047,可厲,1
20048,厲借,1
20049,借車,1
20050,載過,1
20051,過水,1
20052,水入,1
20053,入箱,1
20054,箱平,1
20055,平沙,1
20056,沙綠,1
20057,綠浪,1
20058,浪榜,1
20059,榜方,1
20060,口雁,1
20061,雁鴨,1
20062,鴨飛,1
20063,飛起,1
20064,起穿,1
20065,穿垂,1
20066,垂楊,1
20067,楊窮,1
20068,窮探,1
20069,探極,1
20070,極覽,1
20071,覽頗,1
20072,頗恣,1
20073,恣橫,1
20074,橫物,1
20075,物外,1
20076,外日,1
20077,月本,1
20078,本不,1
20079,不忙,1
20080,忙歸,1
20081,來辛,1
20082,苦欲,1
20083,為坐,1
20084,令再,1
20085,再往,1
20086,往之,1
20087,計墮,1
20088,墮眇,1
20089,芒閉,1
20090,安三,1
20091,日雪,1
20092,雪推,1
20093,推書,1
20094,書撲,1
20095,撲筆,1
20096,筆歌,1
20097,歌慨,1
20098,慨慷,1
20099,慷旁,1
20100,旁無,1
20101,無壯,1
20102,士遣,1
20103,遣屬,1
20104,和遠,1
20105,憶盧,1
20106,盧老,1
20107,老詩,1
20108,詩顛,1
20109,顛狂,1
20110,狂開,1
20111,開緘,1
20112,緘忽,1
20113,忽睹,1
20114,睹送,1
20115,歸作,1
20116,作字,1
20117,字向,1
20118,向紙,1
20119,紙上,1
20120,上皆,1
20121,皆軒,1
20122,昂又,1
20123,又知,1
20124,知李,1
20125,李侯,1
20126,侯竟,1
20127,顧方,1
20128,方冬,1
20129,冬獨,1
20130,獨入,1
20131,入崔,1
20132,嵬藏,1
20133,藏我,1
20134,今進,1
20135,退幾,1
20136,時決,1
20137,決十,1
20138,年蠢,1
20139,蠢隨,1
20140,隨朝,1
20141,行家,1
20142,家請,1
20143,請官,1
20144,官供,1
20145,供不,1
20146,報答,1
20147,答何,1
20148,異雀,1
20149,鼠偷,1
20150,偷太,1
20151,太倉,1
20152,倉行,1
20153,行抽,1
20154,抽手,1
20155,版付,1
20156,付丞,1
20157,相不,1
20158,不等,1
20159,等彈,1
20160,彈劾,1
20161,劾還,1
20162,還耕,1
20163,桑敲,1
20164,敲門,1
20165,門驚,1
20166,驚晝,1
20167,睡問,1
20168,問報,1
20169,報睦,1
20170,睦州,1
20171,州吏,1
20172,吏手,1
20173,把一,1
20174,封書,1
20175,有皇,1
20176,甫字,1
20177,字拆,1
20178,拆書,1
20179,書放,1
20180,放床,1
20181,床頭,1
20182,頭涕,1
20183,涕與,1
20184,與淚,1
20185,淚垂,1
20186,垂四,1
20187,四昏,1
20188,昏還,1
20189,還就,1
20190,就枕,1
20191,枕惘,1
20192,惘惘,1
20193,惘夢,1
20194,夢相,1
20195,值悲,1
20196,悲哉,1
20197,無奇,1
20198,術安,1
20199,得生,1
20200,翅中,1
20201,中虛,1
20202,虛得,1
20203,得暴,1
20204,暴下,1
20205,下避,1
20206,避冷,1
20207,冷臥,1
20208,臥北,1
20209,窗不,1
20210,不蹋,1
20211,蹋曉,1
20212,曉鼓,1
20213,鼓朝,1
20214,朝安,1
20215,聽逢,1
20216,逢逢,1
20217,逢籍,1
20218,籍也,1
20219,也處,1
20220,處閭,1
20221,裏抱,1
20222,抱能,1
20223,能未,1
20224,未施,1
20225,施邦,1
20226,邦文,1
20227,章自,1
20228,自娛,1
20229,娛戲,1
20230,戲金,1
20231,石日,1
20232,日擊,1
20233,擊撞,1
20234,撞龍,1
20235,龍文,1
20236,百斛,1
20237,斛鼎,1
20238,鼎筆,1
20239,筆力,1
20240,力可,1
20241,可獨,1
20242,獨扛,1
20243,扛談,1
20244,談舌,1
20245,舌久,1
20246,掉非,1
20247,非君,1
20248,君亮,1
20249,亮誰,1
20250,誰雙,1
20251,雙扶,1
20252,扶幾,1
20253,幾導,1
20254,導之,1
20255,言曲,1
20256,曲節,1
20257,節初,1
20258,初摐,1
20259,摐摐,1
20260,摐半,1
20261,半途,1
20262,途喜,1
20263,喜開,1
20264,開鑿,1
20265,鑿派,1
20266,別失,1
20267,失大,1
20268,大江,1
20269,江吾,1
20270,欲盈,1
20271,盈其,1
20272,其氣,1
20273,不令,1
20274,令見,1
20275,見麾,1
20276,麾幢,1
20277,幢牛,1
20278,羊滿,1
20279,滿田,1
20280,野解,1
20281,解旆,1
20282,旆束,1
20283,束空,1
20284,杠傾,1
20285,傾尊,1
20286,尊與,1
20287,與斟,1
20288,酌四,1
20289,壁堆,1
20290,堆罌,1
20291,罌缸,1
20292,缸玄,1
20293,玄帷,1
20294,帷隔,1
20295,隔雪,1
20296,雪風,1
20297,風照,1
20298,照爐,1
20299,爐釘,1
20300,釘明,1
20301,明釭,1
20302,釭夜,1
20303,夜闌,1
20304,闌縱,1
20305,縱捭,1
20306,捭闔,1
20307,闔哆,1
20308,哆口,1
20309,口疏,1
20310,疏眉,1
20311,眉厖,1
20312,厖勢,1
20313,勢侔,1
20314,侔高,1
20315,高陽,1
20316,陽翁,1
20317,翁坐,1
20318,坐約,1
20319,約齊,1
20320,齊橫,1
20321,橫降,1
20322,降連,1
20323,日挾,1
20324,挾所,1
20325,形軀,1
20326,軀頓,1
20327,頓胮,1
20328,胮肛,1
20329,肛將,1
20330,歸乃,1
20331,乃徐,1
20332,徐謂,1
20333,謂子,1
20334,言得,1
20335,無哤,1
20336,哤回,1
20337,回軍,1
20338,軍與,1
20339,與角,1
20340,逐斫,1
20341,斫樹,1
20342,樹收,1
20343,收窮,1
20344,窮龐,1
20345,龐雌,1
20346,雌聲,1
20347,聲吐,1
20348,吐款,1
20349,款要,1
20350,要酒,1
20351,酒壺,1
20352,壺綴,1
20353,綴羊,1
20354,羊腔,1
20355,腔君,1
20356,乃昆,1
20357,侖渠,1
20358,渠籍,1
20359,籍乃,1
20360,乃嶺,1
20361,嶺頭,1
20362,頭瀧,1
20363,瀧譬,1
20364,如蟻,1
20365,蟻蛭,1
20366,蛭微,1
20367,微詎,1
20368,可陵,1
20369,陵崆,1
20370,崆幸,1
20371,幸願,1
20372,願終,1
20373,終賜,1
20374,賜之,1
20375,之斬,1
20376,斬拔,1
20377,拔枿,1
20378,枿與,1
20379,與樁,1
20380,樁從,1
20381,此識,1
20382,識歸,1
20383,歸處,1
20384,東流,1
20385,水淙,1
20386,淙淙,1
20387,淙古,1
20388,古史,1
20389,史散,1
20390,散左,1
20391,右詩,1
20392,書置,1
20393,置後,1
20394,後前,1
20395,前豈,1
20396,豈殊,1
20397,殊蠹,1
20398,蠹書,1
20399,書蟲,1
20400,蟲生,1
20401,死文,1
20402,字間,1
20403,間古,1
20404,古道,1
20405,道自,1
20406,自愚,1
20407,蠢古,1
20408,古言,1
20409,言自,1
20410,自包,1
20411,包纏,1
20412,纏當,1
20413,今固,1
20414,固殊,1
20415,殊古,1
20416,古誰,1
20417,為欣,1
20418,欣歡,1
20419,歡獨,1
20420,獨攜,1
20421,攜無,1
20422,共升,1
20423,升昆,1
20424,侖顛,1
20425,顛長,1
20426,飄襟,1
20427,襟裾,1
20428,裾遂,1
20429,遂起,1
20430,起飛,1
20431,飛高,1
20432,高圓,1
20433,圓下,1
20434,視禹,1
20435,禹九,1
20436,一塵,1
20437,塵集,1
20438,集豪,1
20439,豪端,1
20440,端遨,1
20441,遨嬉,1
20442,嬉未,1
20443,幾下,1
20444,已億,1
20445,萬年,1
20446,年向,1
20447,向者,1
20448,者誇,1
20449,誇奪,1
20450,奪子,1
20451,子萬,1
20452,萬墳,1
20453,墳厭,1
20454,厭其,1
20455,其巔,1
20456,巔惜,1
20457,哉抱,1
20458,見白,1
20459,黑未,1
20460,及分,1
20461,分慷,1
20462,慨為,1
20463,為悲,1
20464,吒淚,1
20465,如九,1
20466,河翻,1
20467,翻指,1
20468,摘相,1
20469,相告,1
20470,告語,1
20471,語雖,1
20472,雖還,1
20473,還今,1
20474,今誰,1
20475,誰親,1
20476,親翩,1
20477,翩然,1
20478,下大,1
20479,大荒,1
20480,荒被,1
20481,被發,1
20482,發騎,1
20483,騎騏,1
20484,騏驎,1
20485,驎西,1
20486,西城,1
20487,城員,1
20488,外丞,1
20489,丞心,1
20490,心跡,1
20491,跡兩,1
20492,兩屈,1
20493,屈奇,1
20494,奇往,1
20495,往歲,1
20496,歲戰,1
20497,戰詞,1
20498,詞賦,1
20499,賦不,1
20500,不將,1
20501,將勢,1
20502,勢力,1
20503,力隨,1
20504,隨下,1
20505,下驢,1
20506,驢入,1
20507,入省,1
20508,省門,1
20509,門左,1
20510,驚紛,1
20511,披傲,1
20512,傲兀,1
20513,兀坐,1
20514,坐試,1
20515,試席,1
20516,席深,1
20517,深叢,1
20518,叢見,1
20519,孤羆,1
20520,羆文,1
20521,如翻,1
20522,翻水,1
20523,水成,1
20524,成初,1
20525,用意,1
20526,意為,1
20527,為四,1
20528,座各,1
20529,各低,1
20530,低面,1
20531,面不,1
20532,敢捩,1
20533,捩眼,1
20534,眼窺,1
20535,窺升,1
20536,階揖,1
20537,揖侍,1
20538,舍日,1
20539,未欹,1
20540,欹佳,1
20541,句喧,1
20542,喧眾,1
20543,口考,1
20544,考官,1
20545,敢瑕,1
20546,疵連,1
20547,連年,1
20548,年收,1
20549,收科,1
20550,科第,1
20551,第若,1
20552,若摘,1
20553,摘頷,1
20554,頷底,1
20555,底髭,1
20556,髭回,1
20557,首卿,1
20558,卿相,1
20559,相位,1
20560,位通,1
20561,通途,1
20562,途無,1
20563,無他,1
20564,他岐,1
20565,岐豈,1
20566,豈論,1
20567,論校,1
20568,校書,1
20569,書郎,1
20570,郎袍,1
20571,袍笏,1
20572,笏光,1
20573,光參,1
20574,差童,1
20575,童稚,1
20576,稚見,1
20577,見稱,1
20578,稱說,1
20579,說祝,1
20580,祝身,1
20581,身得,1
20582,得如,1
20583,如斯,1
20584,斯儕,1
20585,儕輩,1
20586,輩妒,1
20587,妒且,1
20588,且熱,1
20589,熱喘,1
20590,喘如,1
20591,如竹,1
20592,竹筒,1
20593,筒吹,1
20594,吹老,1
20595,老婦,1
20596,婦願,1
20597,願嫁,1
20598,嫁女,1
20599,女約,1
20600,約不,1
20601,論財,1
20602,財貲,1
20603,貲老,1
20604,翁不,1
20605,不量,1
20606,量分,1
20607,分累,1
20608,累月,1
20609,月笞,1
20610,笞其,1
20611,兒攪,1
20612,攪攪,1
20613,攪爭,1
20614,爭附,1
20615,附托,1
20616,托無,1
20617,雌由,1
20618,事翻,1
20619,覆不,1
20620,可知,1
20621,安有,1
20622,有巢,1
20623,巢中,1
20624,中鷇,1
20625,鷇插,1
20626,插翅,1
20627,翅飛,1
20628,飛天,1
20629,天陲,1
20630,陲駒,1
20631,駒麛,1
20632,麛著,1
20633,著爪,1
20634,牙猛,1
20635,虎借,1
20636,借與,1
20637,與皮,1
20638,皮汝,1
20639,有韁,1
20640,韁系,1
20641,系汝,1
20642,汝腳,1
20643,腳有,1
20644,有索,1
20645,索縻,1
20646,縻陷,1
20647,陷身,1
20648,身泥,1
20649,溝間,1
20650,間誰,1
20651,複稟,1
20652,稟指,1
20653,指撝,1
20654,撝不,1
20655,不脫,1
20656,脫吏,1
20657,吏部,1
20658,部選,1
20659,選可,1
20660,見偶,1
20661,偶與,1
20662,與奇,1
20663,奇又,1
20664,又作,1
20665,作朝,1
20666,士貶,1
20667,貶得,1
20668,非命,1
20669,命所,1
20670,所施,1
20671,施客,1
20672,客居,1
20673,居京,1
20674,城中,1
20675,中十,1
20676,日營,1
20677,營一,1
20678,一炊,1
20679,炊逼,1
20680,逼迫,1
20681,迫走,1
20682,走巴,1
20683,巴蠻,1
20684,蠻恩,1
20685,恩愛,1
20686,愛座,1
20687,上離,1
20688,離昨,1
20689,水頭,1
20690,頭始,1
20691,得完,1
20692,完孤,1
20693,孤羈,1
20694,羈桁,1
20695,桁掛,1
20696,掛新,1
20697,新衣,1
20698,衣裳,1
20699,裳盎,1
20700,盎棄,1
20701,棄食,1
20702,食殘,1
20703,殘糜,1
20704,糜苟,1
20705,苟無,1
20706,無饑,1
20707,饑寒,1
20708,寒苦,1
20709,苦那,1
20710,用分,1
20711,分高,1
20712,卑憐,1
20713,我還,1
20714,還好,1
20715,古宦,1
20716,途同,1
20717,同險,1
20718,險巇,1
20719,巇每,1
20720,每旬,1
20721,旬遺,1
20722,我書,1
20723,書竟,1
20724,竟歲,1
20725,歲無,1
20726,池新,1
20727,新篇,1
20728,篇奚,1
20729,奚其,1
20730,其思,1
20731,思風,1
20732,風幡,1
20733,幡肆,1
20734,肆逶,1
20735,迤又,1
20736,又論,1
20737,論諸,1
20738,諸毛,1
20739,毛功,1
20740,功劈,1
20741,劈水,1
20742,水看,1
20743,看蛟,1
20744,螭雷,1
20745,電生,1
20746,生睒,1
20747,睒睗,1
20748,睗角,1
20749,角鬣,1
20750,鬣相,1
20751,相撐,1
20752,撐披,1
20753,披屬,1
20754,屬我,1
20755,我感,1
20756,感窮,1
20757,窮景,1
20758,景抱,1
20759,抱華,1
20760,能摛,1
20761,摛唱,1
20762,唱來,1
20763,來和,1
20764,和相,1
20765,報愧,1
20766,愧歎,1
20767,歎俾,1
20768,俾我,1
20769,我疵,1
20770,疵又,1
20771,又寄,1
20772,寄百,1
20773,尺彩,1
20774,彩緋,1
20775,緋紅,1
20776,紅相,1
20777,相盛,1
20778,盛衰,1
20779,衰巧,1
20780,巧能,1
20781,能喻,1
20782,喻其,1
20783,其誠,1
20784,誠深,1
20785,深淺,1
20786,淺抽,1
20787,抽肝,1
20788,肝脾,1
20789,脾開,1
20790,開展,1
20791,展放,1
20792,我側,1
20793,側方,1
20794,方餐,1
20795,餐涕,1
20796,垂匙,1
20797,匙朋,1
20798,朋交,1
20799,交日,1
20800,凋謝,1
20801,謝存,1
20802,者逐,1
20803,逐利,1
20804,利移,1
20805,移子,1
20806,子寧,1
20807,寧獨,1
20808,獨迷,1
20809,迷誤,1
20810,誤綴,1
20811,綴綴,1
20812,綴意,1
20813,意益,1
20814,益彌,1
20815,彌舉,1
20816,頭庭,1
20817,樹豁,1
20818,豁狂,1
20819,狂飆,1
20820,飆卷,1
20821,卷寒,1
20822,寒曦,1
20823,曦迢,1
20824,遞山,1
20825,隔何,1
20826,由應,1
20827,應塤,1
20828,篪別,1
20829,來就,1
20830,就十,1
20831,年君,1
20832,君馬,1
20833,馬記,1
20834,記騧,1
20835,騧驪,1
20836,驪長,1
20837,女當,1
20838,當及,1
20839,及事,1
20840,誰助,1
20841,助出,1
20842,出帨,1
20843,帨縭,1
20844,縭諸,1
20845,諸男,1
20846,男皆,1
20847,皆秀,1
20848,秀朗,1
20849,朗幾,1
20850,幾能,1
20851,能守,1
20852,守家,1
20853,家規,1
20854,規文,1
20855,字銳,1
20856,銳氣,1
20857,氣在,1
20858,在輝,1
20859,輝見,1
20860,見旌,1
20861,麾摧,1
20862,摧腸,1
20863,與戚,1
20864,戚容,1
20865,容能,1
20866,能複,1
20867,複持,1
20868,酒卮,1
20869,卮我,1
20870,雖未,1
20871,未耋,1
20872,耋老,1
20873,老發,1
20874,禿骨,1
20875,骨力,1
20876,力羸,1
20877,羸所,1
20878,所餘,1
20879,餘十,1
20880,九齒,1
20881,齒飄,1
20882,颻盡,1
20883,盡浮,1
20884,浮危,1
20885,危玄,1
20886,玄花,1
20887,花著,1
20888,著兩,1
20889,眼視,1
20890,視物,1
20891,物隔,1
20892,隔褷,1
20893,褷褵,1
20894,褵燕,1
20895,席謝,1
20896,不詣,1
20897,詣游,1
20898,游鞍,1
20899,鞍懸,1
20900,懸莫,1
20901,莫騎,1
20902,騎敦,1
20903,敦敦,1
20904,敦憑,1
20905,憑書,1
20906,書案,1
20907,案譬,1
20908,彼鳥,1
20909,鳥黏,1
20910,黏黐,1
20911,黐且,1
20912,且吾,1
20913,之師,1
20914,以物,1
20915,物自,1
20916,自隳,1
20917,隳孤,1
20918,豚眠,1
20919,眠糞,1
20920,壤不,1
20921,不慕,1
20922,慕太,1
20923,廟犧,1
20924,犧君,1
20925,看一,1
20926,時人,1
20927,人幾,1
20928,幾輩,1
20929,輩先,1
20930,先騰,1
20931,騰馳,1
20932,馳過,1
20933,半黑,1
20934,黑頭,1
20935,頭死,1
20936,死陰,1
20937,陰蟲,1
20938,蟲食,1
20939,食枯,1
20940,枯骴,1
20941,骴歡,1
20942,歡華,1
20943,滿眼,1
20944,眼咎,1
20945,咎責,1
20946,責塞,1
20947,塞兩,1
20948,兩儀,1
20949,儀觀,1
20950,名計,1
20951,計之,1
20952,之利,1
20953,利詎,1
20954,詎足,1
20955,足相,1
20956,相陪,1
20957,陪裨,1
20958,裨仁,1
20959,仁者,1
20960,者恥,1
20961,恥貪,1
20962,貪冒,1
20963,冒受,1
20964,受祿,1
20965,祿量,1
20966,量所,1
20967,宜無,1
20968,食國,1
20969,國惠,1
20970,惠豈,1
20971,豈異,1
20972,異哀,1
20973,哀癃,1
20974,癃罷,1
20975,罷久,1
20976,久欲,1
20977,辭謝,1
20978,謝去,1
20979,去休,1
20980,休令,1
20981,令眾,1
20982,眾睢,1
20983,睢睢,1
20984,睢況,1
20985,又嬰,1
20986,嬰疹,1
20987,疹疾,1
20988,疾寧,1
20989,寧保,1
20990,保軀,1
20991,軀不,1
20992,不貲,1
20993,貲不,1
20994,能前,1
20995,前死,1
20996,死罷,1
20997,罷內,1
20998,內實,1
20999,實慚,1
21000,慚神,1
21001,神祇,1
21002,祇舊,1
21003,舊籍,1
21004,籍在,1
21005,在東,1
21006,郡茅,1
21007,茅屋,1
21008,屋枳,1
21009,枳棘,1
21010,棘籬,1
21011,籬還,1
21012,還歸,1
21013,歸非,1
21014,無指,1
21015,指灞,1
21016,灞渭,1
21017,渭揚,1
21018,揚春,1
21019,春澌,1
21020,澌生,1
21021,生兮,1
21022,兮耕,1
21023,耕吾,1
21024,吾疆,1
21025,疆死,1
21026,死也,1
21027,也埋,1
21028,埋吾,1
21029,吾陂,1
21030,陂文,1
21031,文書,1
21032,自傳,1
21033,傳道,1
21034,不仗,1
21035,仗史,1
21036,史筆,1
21037,筆垂,1
21038,垂夫,1
21039,固吾,1
21040,党新,1
21041,恩釋,1
21042,釋銜,1
21043,銜羈,1
21044,羈去,1
21045,去來,1
21046,來伊,1
21047,洛上,1
21048,上相,1
21049,待安,1
21050,安罛,1
21051,罛箄,1
21052,箄我,1
21053,雙飲,1
21054,飲盞,1
21055,盞其,1
21056,其銀,1
21057,銀得,1
21058,得朱,1
21059,朱提,1
21060,提黃,1
21061,金塗,1
21062,塗物,1
21063,象雕,1
21064,鐫妙,1
21065,妙工,1
21066,工倕,1
21067,倕乃,1
21068,令千,1
21069,里鯨,1
21070,鯨么,1
21071,么麼,1
21072,麼微,1
21073,微螽,1
21074,螽斯,1
21075,斯猶,1
21076,猶能,1
21077,爭明,1
21078,月擺,1
21079,擺掉,1
21080,掉出,1
21081,出渺,1
21082,渺彌,1
21083,彌野,1
21084,葉細,1
21085,不辨,1
21086,辨薋,1
21087,薋菉,1
21088,菉葹,1
21089,葹綿,1
21090,綿綿,1
21091,綿相,1
21092,相糾,1
21093,糾結,1
21094,結狀,1
21095,狀似,1
21096,似環,1
21097,環城,1
21098,城陴,1
21099,陴四,1
21100,四隅,1
21101,隅芙,1
21102,蓉樹,1
21103,樹擢,1
21104,擢豔,1
21105,豔皆,1
21106,皆猗,1
21107,猗鯨,1
21108,鯨以,1
21109,以興,1
21110,興君,1
21111,君身,1
21112,身失,1
21113,所逢,1
21114,百罹,1
21115,罹月,1
21116,月以,1
21117,以喻,1
21118,喻夫,1
21119,夫道,1
21120,道黽,1
21121,勉勵,1
21122,勵莫,1
21123,莫虧,1
21124,虧草,1
21125,木明,1
21126,明覆,1
21127,載妍,1
21128,妍醜,1
21129,醜齊,1
21130,齊榮,1
21131,榮萎,1
21132,萎願,1
21133,君恒,1
21134,恒禦,1
21135,禦之,1
21136,之行,1
21137,行止,1
21138,止雜,1
21139,雜燧,1
21140,燧觿,1
21141,觿異,1
21142,異日,1
21143,日期,1
21144,期對,1
21145,對舉,1
21146,舉當,1
21147,當如,1
21148,如合,1
21149,合分,1
21150,分支,1
21151,支元,1
21152,和庚,1
21153,庚寅,1
21154,寅鬥,1
21155,鬥插,1
21156,插子,1
21157,子月,1
21158,月十,1
21159,十四,1
21160,四日,1
21161,日三,1
21162,三更,1
21163,更中,1
21164,中森,1
21165,森萬,1
21166,木夜,1
21167,夜僵,1
21168,僵立,1
21169,立寒,1
21170,氣屭,1
21171,屭奰,1
21172,奰頑,1
21173,頑無,1
21174,月形,1
21175,形如,1
21176,如白,1
21177,白盤,1
21178,盤完,1
21179,完完,1
21180,完上,1
21181,天東,1
21182,東忽,1
21183,有物,1
21184,物來,1
21185,來啖,1
21186,啖之,1
21187,知是,1
21188,何蟲,1
21189,蟲如,1
21190,何至,1
21191,至神,1
21192,物遭,1
21193,遭此,1
21194,此狼,1
21195,狼狽,1
21196,狽凶,1
21197,凶星,1
21198,星如,1
21199,如撒,1
21200,撒沙,1
21201,沙出,1
21202,出攢,1
21203,攢集,1
21204,集爭,1
21205,爭強,1
21206,強雄,1
21207,雄油,1
21208,油燈,1
21209,燈不,1
21210,不照,1
21211,照席,1
21212,席是,1
21213,是夕,1
21214,夕吐,1
21215,吐焰,1
21216,焰如,1
21217,如長,1
21218,長虹,1
21219,虹玉,1
21220,子涕,1
21221,涕泗,1
21222,泗下,1
21223,下中,1
21224,中庭,1
21225,庭獨,1
21226,獨行,1
21227,行念,1
21228,月者,1
21229,為天,1
21230,之眼,1
21231,眼睛,1
21232,睛此,1
21233,此猶,1
21234,猶不,1
21235,保吾,1
21236,吾道,1
21237,由行,1
21238,行嘗,1
21239,古老,1
21240,老言,1
21241,言疑,1
21242,疑是,1
21243,蟆精,1
21244,精徑,1
21245,徑圓,1
21246,圓千,1
21247,里納,1
21248,納女,1
21249,女腹,1
21250,腹何,1
21251,處養,1
21252,養女,1
21253,女百,1
21254,百醜,1
21255,醜形,1
21256,形杷,1
21257,杷沙,1
21258,沙腳,1
21259,腳手,1
21260,手鈍,1
21261,鈍誰,1
21262,使女,1
21263,女解,1
21264,解緣,1
21265,緣青,1
21266,冥黃,1
21267,黃帝,1
21268,帝有,1
21269,有四,1
21270,目帝,1
21271,帝舜,1
21272,舜重,1
21273,重其,1
21274,其明,1
21275,明今,1
21276,天只,1
21277,只兩,1
21278,目何,1
21279,故許,1
21280,許食,1
21281,使偏,1
21282,偏盲,1
21283,盲堯,1
21284,堯呼,1
21285,水浸,1
21286,浸十,1
21287,不惜,1
21288,惜萬,1
21289,國赤,1
21290,子魚,1
21291,魚頭,1
21292,頭生,1
21293,生女,1
21294,女於,1
21295,若食,1
21296,日雖,1
21297,雖食,1
21298,食八,1
21299,九無,1
21300,無嚵,1
21301,嚵名,1
21302,名赤,1
21303,龍黑,1
21304,黑鳥,1
21305,鳥燒,1
21306,燒口,1
21307,口熱,1
21308,熱翎,1
21309,翎鬣,1
21310,鬣倒,1
21311,側相,1
21312,相搪,1
21313,搪撐,1
21314,撐婪,1
21315,婪酣,1
21316,酣大,1
21317,大肚,1
21318,肚遭,1
21319,遭一,1
21320,一飽,1
21321,飽饑,1
21322,饑腸,1
21323,腸徹,1
21324,徹死,1
21325,由鳴,1
21326,鳴後,1
21327,時食,1
21328,食月,1
21329,月罪,1
21330,當死,1
21331,死天,1
21332,天羅,1
21333,羅磕,1
21334,磕匝,1
21335,匝何,1
21336,處逃,1
21337,逃汝,1
21338,汝刑,1
21339,刑玉,1
21340,子立,1
21341,立於,1
21342,庭而,1
21343,而言,1
21344,言曰,1
21345,曰地,1
21346,賤臣,1
21347,臣仝,1
21348,仝再,1
21349,拜敢,1
21350,敢告,1
21351,告上,1
21352,公臣,1
21353,寸刃,1
21354,刃可,1
21355,可刳,1
21356,刳凶,1
21357,凶蟆,1
21358,蟆腸,1
21359,腸無,1
21360,無梯,1
21361,梯可,1
21362,天天,1
21363,天階,1
21364,階無,1
21365,由有,1
21366,有臣,1
21367,臣蹤,1
21368,蹤寄,1
21369,寄箋,1
21370,箋東,1
21371,南風,1
21372,風天,1
21373,門西,1
21374,西北,1
21375,北祈,1
21376,祈風,1
21377,風通,1
21378,丁甯,1
21379,甯附,1
21380,附耳,1
21381,耳莫,1
21382,莫漏,1
21383,泄薄,1
21384,薄命,1
21385,命正,1
21386,值飛,1
21387,廉慵,1
21388,慵東,1
21389,方青,1
21390,青色,1
21391,色龍,1
21392,龍牙,1
21393,牙角,1
21394,角何,1
21395,何呀,1
21396,呀從,1
21397,從官,1
21398,官百,1
21399,餘座,1
21400,座嚼,1
21401,嚼啜,1
21402,啜煩,1
21403,煩官,1
21404,官家,1
21405,家月,1
21406,蝕汝,1
21407,用為,1
21408,龍窟,1
21409,窟天,1
21410,河赤,1
21411,赤鳥,1
21412,鳥司,1
21413,司南,1
21414,方尾,1
21415,尾禿,1
21416,禿翅,1
21417,翅觰,1
21418,觰沙,1
21419,沙月,1
21420,蝕於,1
21421,口開,1
21422,開呀,1
21423,呀蝦,1
21424,蟆掠,1
21425,掠汝,1
21426,汝兩,1
21427,兩吻,1
21428,吻過,1
21429,過忍,1
21430,忍學,1
21431,省事,1
21432,以汝,1
21433,汝觜,1
21434,觜啄,1
21435,啄蝦,1
21436,蟆于,1
21437,于菟,1
21438,菟蹲,1
21439,蹲於,1
21440,於西,1
21441,西旗,1
21442,旗旄,1
21443,旄衛,1
21444,衛毿,1
21445,毿既,1
21446,既從,1
21447,從白,1
21448,白帝,1
21449,帝祠,1
21450,祠又,1
21451,又食,1
21452,食於,1
21453,於蠟,1
21454,蠟禮,1
21455,禮有,1
21456,有加,1
21457,加忍,1
21458,忍令,1
21459,令月,1
21460,月被,1
21461,被惡,1
21462,物食,1
21463,食枉,1
21464,枉於,1
21465,口插,1
21466,插齒,1
21467,牙烏,1
21468,烏龜,1
21469,龜怯,1
21470,怯奸,1
21471,奸怕,1
21472,怕寒,1
21473,寒縮,1
21474,縮頸,1
21475,頸以,1
21476,以殼,1
21477,殼自,1
21478,自遮,1
21479,遮終,1
21480,終令,1
21481,令誇,1
21482,蛾抉,1
21483,抉汝,1
21484,汝出,1
21485,出卜,1
21486,卜師,1
21487,師燒,1
21488,燒錐,1
21489,錐鑽,1
21490,鑽灼,1
21491,灼滿,1
21492,滿板,1
21493,板如,1
21494,如星,1
21495,星羅,1
21496,羅此,1
21497,外內,1
21498,內外,1
21499,外官,1
21500,官瑣,1
21501,瑣細,1
21502,足科,1
21503,科臣,1
21504,臣請,1
21505,請悉,1
21506,悉掃,1
21507,除慎,1
21508,勿許,1
21509,許語,1
21510,語令,1
21511,令啾,1
21512,啾嘩,1
21513,嘩並,1
21514,並光,1
21515,光全,1
21516,全耀,1
21517,耀歸,1
21518,我月,1
21519,月盲,1
21520,盲眼,1
21521,鏡淨,1
21522,無纖,1
21523,纖瑕,1
21524,瑕弊,1
21525,弊蛙,1
21526,蛙拘,1
21527,拘送,1
21528,送主,1
21529,主府,1
21530,府官,1
21531,官帝,1
21532,帝箸,1
21533,箸下,1
21534,下腹,1
21535,腹嘗,1
21536,嘗其,1
21537,其皤,1
21538,皤依,1
21539,依前,1
21540,前使,1
21541,使兔,1
21542,兔操,1
21543,操杵,1
21544,杵臼,1
21545,臼玉,1
21546,玉階,1
21547,階桂,1
21548,樹閑,1
21549,閑婆,1
21550,娑姮,1
21551,姮娥,1
21552,娥還,1
21553,還宮,1
21554,室太,1
21555,有室,1
21556,室家,1
21557,家天,1
21558,天雖,1
21559,雖高,1
21560,高耳,1
21561,耳屬,1
21562,屬地,1
21563,地感,1
21564,感臣,1
21565,臣赤,1
21566,赤心,1
21567,心使,1
21568,使臣,1
21569,知意,1
21570,意雖,1
21571,無明,1
21572,明言,1
21573,言潛,1
21574,潛喻,1
21575,喻厥,1
21576,厥旨,1
21577,旨有,1
21578,氣有,1
21579,形皆,1
21580,皆吾,1
21581,吾赤,1
21582,雖忿,1
21583,忿大,1
21584,大傷,1
21585,傷忍,1
21586,忍殺,1
21587,殺孩,1
21588,孩稚,1
21589,稚還,1
21590,還汝,1
21591,汝月,1
21592,明安,1
21593,行於,1
21594,於次,1
21595,次盡,1
21596,盡釋,1
21597,釋眾,1
21598,罪以,1
21599,以蛙,1
21600,蛙磔,1
21601,磔死,1
21602,死孟,1
21603,生江,1
21604,海士,1
21605,士古,1
21606,古貌,1
21607,貌又,1
21608,又古,1
21609,心嘗,1
21610,嘗讀,1
21611,書謂,1
21612,猶今,1
21613,今作,1
21614,首窅,1
21615,窅默,1
21616,默咸,1
21617,咸池,1
21618,池音,1
21619,音騎,1
21620,騎驢,1
21621,驢到,1
21622,國欲,1
21623,欲和,1
21624,和熏,1
21625,熏風,1
21626,風琴,1
21627,琴豈,1
21628,豈識,1
21629,子居,1
21630,居九,1
21631,重鬱,1
21632,鬱沉,1
21633,沉沉,1
21634,沉一,1
21635,門百,1
21636,百夫,1
21637,夫守,1
21638,守無,1
21639,無籍,1
21640,籍不,1
21641,可尋,1
21642,尋晶,1
21643,晶光,1
21644,光蕩,1
21645,射旗,1
21646,旗戟,1
21647,戟翩,1
21648,翩以,1
21649,以森,1
21650,森遷,1
21651,遷延,1
21652,延乍,1
21653,乍卻,1
21654,卻走,1
21655,走驚,1
21656,驚怪,1
21657,怪靡,1
21658,靡自,1
21659,自任,1
21660,任舉,1
21661,看白,1
21662,日泣,1
21663,泣涕,1
21664,涕下,1
21665,下沾,1
21666,沾襟,1
21667,襟朅,1
21668,來游,1
21669,游公,1
21670,卿莫,1
21671,肯低,1
21672,低華,1
21673,華簪,1
21674,簪諒,1
21675,諒非,1
21676,非軒,1
21677,軒冕,1
21678,冕族,1
21679,族應,1
21680,應對,1
21681,對多,1
21682,多差,1
21683,差參,1
21684,參萍,1
21685,萍蓬,1
21686,蓬風,1
21687,波急,1
21688,急桑,1
21689,榆日,1
21690,月侵,1
21691,侵奈,1
21692,何從,1
21693,從進,1
21694,士此,1
21695,此路,1
21696,路轉,1
21697,轉嶇,1
21698,嶇嶔,1
21699,嶔異,1
21700,異質,1
21701,質忌,1
21702,忌處,1
21703,處群,1
21704,群孤,1
21705,孤芳,1
21706,芳難,1
21707,難寄,1
21708,寄林,1
21709,林誰,1
21710,憐松,1
21711,桂性,1
21712,競愛,1
21713,愛桃,1
21714,李陰,1
21715,陰朝,1
21716,朝悲,1
21717,悲辭,1
21718,辭樹,1
21719,樹葉,1
21720,葉夕,1
21721,夕感,1
21722,感歸,1
21723,巢禽,1
21724,禽顧,1
21725,我多,1
21726,多慷,1
21727,慨窮,1
21728,窮簷,1
21729,簷時,1
21730,見臨,1
21731,臨清,1
21732,清宵,1
21733,宵靜,1
21734,靜相,1
21735,對發,1
21736,發白,1
21737,白聆,1
21738,聆苦,1
21739,苦吟,1
21740,吟采,1
21741,蘭起,1
21742,起幽,1
21743,幽念,1
21744,念眇,1
21745,眇然,1
21746,然望,1
21747,望東,1
21748,南秦,1
21749,秦吳,1
21750,吳修,1
21751,修且,1
21752,且阻,1
21753,阻兩,1
21754,數金,1
21755,金我,1
21756,我論,1
21757,論徐,1
21758,徐方,1
21759,方牧,1
21760,牧好,1
21761,古天,1
21762,下欽,1
21763,欽竹,1
21764,竹實,1
21765,實鳳,1
21766,鳳所,1
21767,所食,1
21768,食德,1
21769,德馨,1
21770,馨神,1
21771,所歆,1
21772,歆求,1
21773,眾丘,1
21774,丘小,1
21775,小必,1
21776,必上,1
21777,上泰,1
21778,泰山,1
21779,山岑,1
21780,岑求,1
21781,眾流,1
21782,流細,1
21783,細必,1
21784,必泛,1
21785,泛滄,1
21786,滄溟,1
21787,溟深,1
21788,深子,1
21789,其聽,1
21790,言可,1
21791,當所,1
21792,所箴,1
21793,箴既,1
21794,既獲,1
21795,獲則,1
21796,則思,1
21797,思返,1
21798,返無,1
21799,久滯,1
21800,滯淫,1
21801,淫卞,1
21802,卞和,1
21803,和試,1
21804,試三,1
21805,三獻,1
21806,獻期,1
21807,期子,1
21808,在秋,1
21809,秋砧,1
21810,砧有,1
21811,鳥夜,1
21812,夜飛,1
21813,飛名,1
21814,名訓,1
21815,訓狐,1
21816,狐矜,1
21817,矜凶,1
21818,凶挾,1
21819,挾狡,1
21820,狡誇,1
21821,誇自,1
21822,自呼,1
21823,呼乘,1
21824,時陰,1
21825,陰黑,1
21826,黑止,1
21827,止我,1
21828,我屋,1
21829,屋聲,1
21830,聲勢,1
21831,勢慷,1
21832,慨非,1
21833,非常,1
21834,常粗,1
21835,粗安,1
21836,大喚,1
21837,喚誰,1
21838,誰畏,1
21839,畏忌,1
21840,忌造,1
21841,作百,1
21842,怪非,1
21843,無須,1
21844,須聚,1
21845,聚鬼,1
21846,鬼征,1
21847,征妖,1
21848,妖自,1
21849,自朋,1
21850,朋扇,1
21851,扇罷,1
21852,罷掉,1
21853,掉栱,1
21854,栱桷,1
21855,桷頹,1
21856,頹墍,1
21857,墍塗,1
21858,塗慈,1
21859,慈母,1
21860,母抱,1
21861,抱兒,1
21862,兒怕,1
21863,怕入,1
21864,入席,1
21865,席那,1
21866,那暇,1
21867,暇更,1
21868,更護,1
21869,護雞,1
21870,雞窠,1
21871,窠雛,1
21872,雛我,1
21873,念乾,1
21874,坤德,1
21875,德泰,1
21876,泰大,1
21877,大卵,1
21878,卵此,1
21879,此惡,1
21880,物常,1
21881,常勤,1
21882,勤劬,1
21883,劬縱,1
21884,縱之,1
21885,豈即,1
21886,即遽,1
21887,遽有,1
21888,有害,1
21889,害斗,1
21890,柄行,1
21891,行拄,1
21892,拄西,1
21893,南隅,1
21894,隅誰,1
21895,謂停,1
21896,停奸,1
21897,奸計,1
21898,計尤,1
21899,尤劇,1
21900,劇意,1
21901,欲唐,1
21902,唐突,1
21903,突羲,1
21904,和烏,1
21905,烏侵,1
21906,侵更,1
21907,更曆,1
21908,曆漏,1
21909,漏氣,1
21910,氣彌,1
21911,彌厲,1
21912,厲何,1
21913,由僥,1
21914,倖休,1
21915,休須,1
21916,臾咨,1
21917,咨餘,1
21918,餘往,1
21919,往射,1
21920,射豈,1
21921,已候,1
21922,候女,1
21923,女兩,1
21924,眼張,1
21925,張睢,1
21926,盱梟,1
21927,梟驚,1
21928,驚墮,1
21929,墮梁,1
21930,梁蛇,1
21931,蛇走,1
21932,走竇,1
21933,竇一,1
21934,一夫,1
21935,夫斬,1
21936,斬頸,1
21937,頸群,1
21938,群雛,1
21939,雛枯,1
21940,枯君,1
21941,君門,1
21942,入勢,1
21943,勢利,1
21944,利互,1
21945,互相,1
21946,相推,1
21947,推借,1
21948,問讀,1
21949,書客,1
21950,客胡,1
21951,為在,1
21952,師舉,1
21953,頭未,1
21954,能對,1
21955,對閉,1
21956,閉眼,1
21957,眼聊,1
21958,自思,1
21959,思倏,1
21960,倏忽,1
21961,忽十,1
21962,年終,1
21963,朝苦,1
21964,饑宦,1
21965,途竟,1
21966,竟寥,1
21967,落鬢,1
21968,鬢髮,1
21969,髮坐,1
21970,坐差,1
21971,池潁,1
21972,且寂,1
21973,寂箕,1
21974,箕山,1
21975,山坦,1
21976,坦而,1
21977,而夷,1
21978,夷如,1
21979,去咄,1
21980,咄咄,1
21981,咄無,1
21982,無自,1
21983,疑規,1
21984,規模,1
21985,模背,1
21986,背時,1
21987,時利,1
21988,利文,1
21989,字覷,1
21990,覷天,1
21991,天巧,1
21992,巧人,1
21993,皆餘,1
21994,餘酒,1
21995,酒肉,1
21996,肉子,1
21997,子獨,1
21998,得飽,1
21999,飽才,1
22000,才春,1
22001,春思,1
22002,思已,1
22003,已亂,1
22004,亂始,1
22005,始秋,1
22006,秋悲,1
22007,悲又,1
22008,又攪,1
22009,攪朝,1
22010,餐動,1
22011,動及,1
22012,及午,1
22013,午夜,1
22014,夜諷,1
22015,諷恒,1
22016,恒至,1
22017,至卯,1
22018,卯名,1
22019,暫膻,1
22020,膻腥,1
22021,腥腸,1
22022,肚鎮,1
22023,鎮煎,1
22024,煎煼,1
22025,煼古,1
22026,心雖,1
22027,雖自,1
22028,自鞭,1
22029,鞭世,1
22030,路終,1
22031,終難,1
22032,難拗,1
22033,拗弱,1
22034,弱拒,1
22035,拒喜,1
22036,喜張,1
22037,張臂,1
22038,臂猛,1
22039,猛拿,1
22040,拿閑,1
22041,閑縮,1
22042,縮爪,1
22043,爪見,1
22044,見倒,1
22045,肯扶,1
22046,扶從,1
22047,從嗔,1
22048,嗔我,1
22049,我須,1
22050,須咬,1
22051,咬居,1
22052,居閑,1
22053,閑食,1
22054,足從,1
22055,從仕,1
22056,仕力,1
22057,力難,1
22058,任兩,1
22059,兩事,1
22060,皆害,1
22061,害性,1
22062,性一,1
22063,生恒,1
22064,恒苦,1
22065,苦心,1
22066,心黃,1
22067,昏歸,1
22068,歸私,1
22069,私室,1
22070,室惆,1
22071,悵起,1
22072,起歎,1
22073,歎音,1
22074,音棄,1
22075,間世,1
22076,世古,1
22077,古來,1
22078,非獨,1
22079,獨今,1
22080,今長,1
22081,檠八,1
22082,自長,1
22083,檠二,1
22084,二尺,1
22085,尺便,1
22086,便且,1
22087,且光,1
22088,光黃,1
22089,黃簾,1
22090,簾綠,1
22091,綠幕,1
22092,幕朱,1
22093,朱戶,1
22094,戶閉,1
22095,閉風,1
22096,露氣,1
22097,氣入,1
22098,入秋,1
22099,秋堂,1
22100,堂涼,1
22101,涼裁,1
22102,裁衣,1
22103,衣寄,1
22104,寄遠,1
22105,遠淚,1
22106,淚眼,1
22107,眼暗,1
22108,暗搔,1
22109,搔頭,1
22110,頭頻,1
22111,頻挑,1
22112,挑移,1
22113,移近,1
22114,近床,1
22115,床太,1
22116,學儒,1
22117,生東,1
22118,東魯,1
22119,魯客,1
22120,客二,1
22121,十辭,1
22122,家來,1
22123,來射,1
22124,射策,1
22125,策夜,1
22126,夜書,1
22127,書細,1
22128,細字,1
22129,字綴,1
22130,綴語,1
22131,言兩,1
22132,目眵,1
22133,眵昏,1
22134,昏頭,1
22135,頭雪,1
22136,雪白,1
22137,白此,1
22138,時提,1
22139,攜當,1
22140,當案,1
22141,案前,1
22142,前看,1
22143,看書,1
22144,書到,1
22145,曉那,1
22146,能眠,1
22147,眠一,1
22148,朝富,1
22149,貴還,1
22150,恣長,1
22151,檠高,1
22152,高張,1
22153,張照,1
22154,照珠,1
22155,翠籲,1
22156,不然,1
22157,然牆,1
22158,牆角,1
22159,角君,1
22160,看短,1
22161,檠棄,1
22162,棄夏,1
22163,夏半,1
22164,半陰,1
22165,氣始,1
22166,始淅,1
22167,淅然,1
22168,雲景,1
22169,景秋,1
22170,秋蟬,1
22171,蟬聲,1
22172,聲入,1
22173,入客,1
22174,客耳,1
22175,起不,1
22176,可留,1
22177,草草,1
22178,草具,1
22179,饌不,1
22180,待酒,1
22181,酒獻,1
22182,獻酬,1
22183,酬士,1
22184,士生,1
22185,生為,1
22186,為名,1
22187,名累,1
22188,累有,1
22189,似魚,1
22190,鉤齎,1
22191,齎材,1
22192,材入,1
22193,市賣,1
22194,賣貴,1
22195,貴者,1
22196,者恒,1
22197,恒難,1
22198,難售,1
22199,售豈,1
22200,不畏,1
22201,畏憔,1
22202,憔悴,1
22203,悴為,1
22204,功忌,1
22205,忌中,1
22206,休勉,1
22207,哉耘,1
22208,耘其,1
22209,其業,1
22210,業以,1
22211,以待,1
22212,待歲,1
22213,晚收,1
22214,收宣,1
22215,宣城,1
22216,國裏,1
22217,裏數,1
22218,數逾,1
22219,逾三,1
22220,千念,1
22221,汝欲,1
22222,我解,1
22223,解裝,1
22224,裝具,1
22225,盤筵,1
22226,筵日,1
22227,日昏,1
22228,能散,1
22229,散起,1
22230,坐相,1
22231,相引,1
22232,引牽,1
22233,牽冬,1
22234,冬夜,1
22235,夜豈,1
22236,不長,1
22237,長達,1
22238,達旦,1
22239,旦燈,1
22240,燈燭,1
22241,燭然,1
22242,然座,1
22243,中悉,1
22244,悉親,1
22245,故誰,1
22246,肯舍,1
22247,舍汝,1
22248,汝眠,1
22249,眠念,1
22250,將一,1
22251,身西,1
22252,幾年,1
22253,名科,1
22254,科掩,1
22255,掩眾,1
22256,眾俊,1
22257,俊州,1
22258,州考,1
22259,考居,1
22260,居吏,1
22261,吏前,1
22262,前今,1
22263,今從,1
22264,從府,1
22265,公召,1
22266,召府,1
22267,公又,1
22268,時賢,1
22269,賢時,1
22270,輩千,1
22271,千百,1
22272,百人,1
22273,人孰,1
22274,孰不,1
22275,汝妍,1
22276,妍汝,1
22277,汝來,1
22278,來江,1
22279,南近,1
22280,近裏,1
22281,閭故,1
22282,故依,1
22283,然昔,1
22284,昔日,1
22285,同戲,1
22286,戲兒,1
22287,兒看,1
22288,看汝,1
22289,汝立,1
22290,立路,1
22291,路邊,1
22292,邊人,1
22293,此其,1
22294,其實,1
22295,實亦,1
22296,憐吾,1
22297,老世,1
22298,世味,1
22299,薄因,1
22300,循致,1
22301,致留,1
22302,留連,1
22303,連強,1
22304,強顏,1
22305,顏班,1
22306,行內,1
22307,內何,1
22308,何實,1
22309,實非,1
22310,罪愆,1
22311,愆才,1
22312,才短,1
22313,短難,1
22314,難自,1
22315,自力,1
22316,力懼,1
22317,懼終,1
22318,莫洗,1
22319,洗湔,1
22320,湔臨,1
22321,臨分,1
22322,分不,1
22323,不汝,1
22324,汝誑,1
22325,誑有,1
22326,有路,1
22327,路即,1
22328,即歸,1
22329,歸田,1
22330,田初,1
22331,初正,1
22332,正候,1
22333,候才,1
22334,才兆,1
22335,兆涉,1
22336,涉七,1
22337,七氣,1
22338,氣已,1
22339,已弄,1
22340,弄靄,1
22341,靄靄,1
22342,靄野,1
22343,野浮,1
22344,浮陽,1
22345,陽暉,1
22346,暉水,1
22347,水披,1
22348,披凍,1
22349,凍聖,1
22350,朝身,1
22351,不廢,1
22352,廢佳,1
22353,節古,1
22354,所用,1
22355,用親,1
22356,交既,1
22357,既許,1
22358,許來,1
22359,來子,1
22360,子妷,1
22361,妷亦,1
22362,可從,1
22363,從盤,1
22364,盤蔬,1
22365,蔬冬,1
22366,冬春,1
22367,春雜,1
22368,雜尊,1
22369,酒清,1
22370,清濁,1
22371,濁共,1
22372,共令,1
22373,令征,1
22374,征前,1
22375,前事,1
22376,事為,1
22377,為觴,1
22378,觴詠,1
22379,詠新,1
22380,詩送,1
22381,送扶,1
22382,扶杖,1
22383,杖淩,1
22384,淩圮,1
22385,圮址,1
22386,址刺,1
22387,刺船,1
22388,船犯,1
22389,犯枯,1
22390,枯葑,1
22391,葑戀,1
22392,戀池,1
22393,池群,1
22394,群鴨,1
22395,鴨回,1
22396,回釋,1
22397,釋嶠,1
22398,嶠孤,1
22399,孤雲,1
22400,雲縱,1
22401,縱人,1
22402,生本,1
22403,本坦,1
22404,坦蕩,1
22405,蕩誰,1
22406,使妄,1
22407,妄倥,1
22408,倥傯,1
22409,傯直,1
22410,直指,1
22411,指桃,1
22412,李闌,1
22413,闌幽,1
22414,尋寧,1
22415,止重,1
22416,重屋,1
22417,屋東,1
22418,東惡,1
22419,惡水,1
22420,水溝,1
22421,溝有,1
22422,有鴟,1
22423,鴟墮,1
22424,墮鳴,1
22425,鳴悲,1
22426,悲青,1
22427,青泥,1
22428,泥掩,1
22429,掩兩,1
22430,翅拍,1
22431,拍拍,1
22432,拍不,1
22433,得離,1
22434,離君,1
22435,君童,1
22436,童叫,1
22437,相召,1
22438,召瓦,1
22439,礫爭,1
22440,爭先,1
22441,先之,1
22442,計校,1
22443,校生,1
22444,平事,1
22445,事殺,1
22446,殺卻,1
22447,卻理,1
22448,理亦,1
22449,亦宜,1
22450,宜奪,1
22451,奪攘,1
22452,攘不,1
22453,不愧,1
22454,愧恥,1
22455,恥飽,1
22456,飽滿,1
22457,盤天,1
22458,天嬉,1
22459,嬉晴,1
22460,晴日,1
22461,日占,1
22462,占光,1
22463,景高,1
22464,高風,1
22465,風恣,1
22466,恣追,1
22467,隨遂,1
22468,遂淩,1
22469,淩鸞,1
22470,鳳群,1
22471,群肯,1
22472,肯顧,1
22473,顧鴻,1
22474,鴻鵠,1
22475,鵠卑,1
22476,卑今,1
22477,者命,1
22478,命運,1
22479,窮遭,1
22480,逢巧,1
22481,巧丸,1
22482,丸兒,1
22483,兒中,1
22484,中汝,1
22485,汝要,1
22486,要害,1
22487,害處,1
22488,處汝,1
22489,汝能,1
22490,得施,1
22491,施于,1
22492,于吾,1
22493,吾乃,1
22494,乃何,1
22495,忍乘,1
22496,其危,1
22497,危丐,1
22498,丐汝,1
22499,死命,1
22500,命浴,1
22501,浴以,1
22502,以清,1
22503,清水,1
22504,水池,1
22505,池朝,1
22506,餐輟,1
22507,輟魚,1
22508,魚肉,1
22509,肉暝,1
22510,暝宿,1
22511,宿防,1
22512,防狐,1
22513,狸自,1
22514,以致,1
22515,致蒙,1
22516,蒙德,1
22517,德久,1
22518,久猶,1
22519,疑飽,1
22520,飽入,1
22521,入深,1
22522,深竹,1
22523,竹叢,1
22524,叢饑,1
22525,傍階,1
22526,階基,1
22527,基亮,1
22528,亮無,1
22529,無責,1
22530,責報,1
22531,報心,1
22532,心固,1
22533,固以,1
22534,以聽,1
22535,聽所,1
22536,為昨,1
22537,氣力,1
22538,力飛,1
22539,飛跳,1
22540,跳弄,1
22541,弄藩,1
22542,藩籬,1
22543,籬今,1
22544,晨忽,1
22545,忽徑,1
22546,徑去,1
22547,去曾,1
22548,知僥,1
22549,倖非,1
22550,非汝,1
22551,汝福,1
22552,福天,1
22553,天衢,1
22554,衢汝,1
22555,汝休,1
22556,休窺,1
22557,窺京,1
22558,城事,1
22559,事彈,1
22560,射豎,1
22561,易欺,1
22562,欺勿,1
22563,勿諱,1
22564,諱泥,1
22565,坑辱,1
22566,辱泥,1
22567,坑乃,1
22568,乃良,1
22569,良規,1
22570,規街,1
22571,東街,1
22572,街西,1
22573,西講,1
22574,講佛,1
22575,佛經,1
22576,經撞,1
22577,撞鐘,1
22578,鐘吹,1
22579,吹螺,1
22580,螺鬧,1
22581,鬧宮,1
22582,宮庭,1
22583,庭廣,1
22584,廣張,1
22585,張罪,1
22586,罪福,1
22587,福資,1
22588,資誘,1
22589,誘脅,1
22590,脅聽,1
22591,聽眾,1
22592,眾狎,1
22593,狎恰,1
22594,恰排,1
22595,排浮,1
22596,萍黃,1
22597,黃衣,1
22598,衣道,1
22599,士亦,1
22600,亦講,1
22601,講說,1
22602,說座,1
22603,座下,1
22604,下寥,1
22605,落如,1
22606,如明,1
22607,明星,1
22608,星華,1
22609,山女,1
22610,兒家,1
22611,家奉,1
22612,奉道,1
22613,道欲,1
22614,欲驅,1
22615,驅異,1
22616,異教,1
22617,教歸,1
22618,仙靈,1
22619,靈洗,1
22620,洗妝,1
22621,妝拭,1
22622,拭面,1
22623,面著,1
22624,著冠,1
22625,冠帔,1
22626,帔白,1
22627,白咽,1
22628,咽紅,1
22629,頰長,1
22630,長眉,1
22631,眉青,1
22632,青遂,1
22633,來升,1
22634,升座,1
22635,座演,1
22636,演真,1
22637,真訣,1
22638,訣觀,1
22639,觀門,1
22640,許人,1
22641,人開,1
22642,開扃,1
22643,扃不,1
22644,暗相,1
22645,報訇,1
22646,訇然,1
22647,然振,1
22648,振動,1
22649,動如,1
22650,霆掃,1
22651,除眾,1
22652,眾寺,1
22653,寺人,1
22654,人跡,1
22655,絕驊,1
22656,驊騮,1
22657,騮塞,1
22658,路連,1
22659,連輜,1
22660,輜輧,1
22661,輧觀,1
22662,觀中,1
22663,人滿,1
22664,滿坐,1
22665,坐觀,1
22666,觀外,1
22667,外後,1
22668,後至,1
22669,至無,1
22670,由聽,1
22671,聽抽,1
22672,抽簪,1
22673,簪脫,1
22674,脫釧,1
22675,釧解,1
22676,解環,1
22677,環佩,1
22678,佩堆,1
22679,金疊,1
22680,疊玉,1
22681,玉光,1
22682,光青,1
22683,熒天,1
22684,門貴,1
22685,貴人,1
22686,人傳,1
22687,傳詔,1
22688,詔召,1
22689,召六,1
22690,六宮,1
22691,宮願,1
22692,願識,1
22693,識師,1
22694,師顏,1
22695,顏形,1
22696,形玉,1
22697,皇頷,1
22698,頷首,1
22699,首許,1
22700,許歸,1
22701,去乘,1
22702,乘龍,1
22703,龍駕,1
22704,駕鶴,1
22705,鶴來,1
22706,來青,1
22707,冥豪,1
22708,豪家,1
22709,家少,1
22710,年豈,1
22711,來繞,1
22712,匝腳,1
22713,停雲,1
22714,雲窗,1
22715,窗霧,1
22716,霧閣,1
22717,閣事,1
22718,事恍,1
22719,惚重,1
22720,重重,1
22721,重翠,1
22722,翠幕,1
22723,幕深,1
22724,深金,1
22725,金屏,1
22726,屏仙,1
22727,仙梯,1
22728,梯難,1
22729,難攀,1
22730,攀俗,1
22731,俗緣,1
22732,緣重,1
22733,重浪,1
22734,浪憑,1
22735,憑青,1
22736,青鳥,1
22737,鳥通,1
22738,寧晉,1
22739,晉人,1
22740,人目,1
22741,目二,1
22742,其猶,1
22743,猶吹,1
22744,吹一,1
22745,一吷,1
22746,吷區,1
22747,區自,1
22748,自其,1
22749,顧肯,1
22750,肯掛,1
22751,掛牙,1
22752,舌春,1
22753,秋書,1
22754,書王,1
22755,王法,1
22756,法不,1
22757,不誅,1
22758,誅其,1
22759,人身,1
22760,身爾,1
22761,爾雅,1
22762,雅注,1
22763,注蟲,1
22764,魚定,1
22765,非磊,1
22766,人湜,1
22767,湜也,1
22768,也困,1
22769,困公,1
22770,公安,1
22771,自閑,1
22772,閑窮,1
22773,年枉,1
22774,枉智,1
22775,智思,1
22776,思掎,1
22777,摭糞,1
22778,壤污,1
22779,污穢,1
22780,穢豈,1
22781,有臧,1
22782,臧誠,1
22783,誠不,1
22784,如兩,1
22785,兩忘,1
22786,忘但,1
22787,但以,1
22788,以一,1
22789,一概,1
22790,概量,1
22791,量我,1
22792,一池,1
22793,水蒲,1
22794,蒲葦,1
22795,葦生,1
22796,間蟲,1
22797,魚沸,1
22798,沸相,1
22799,相嚼,1
22800,嚼日,1
22801,閒我,1
22802,我初,1
22803,初往,1
22804,往觀,1
22805,後益,1
22806,益不,1
22807,觀觀,1
22808,之亂,1
22809,亂我,1
22810,觀完,1
22811,完用,1
22812,用將,1
22813,濟諸,1
22814,人捨,1
22815,捨得,1
22816,得業,1
22817,業孔,1
22818,孔顏,1
22819,顏百,1
22820,年詎,1
22821,可閑,1
22822,閑堆,1
22823,堆堆,1
22824,堆路,1
22825,路傍,1
22826,傍堠,1
22827,堠一,1
22828,雙複,1
22829,一隻,1
22830,隻迎,1
22831,出秦,1
22832,關送,1
22833,送我,1
22834,我入,1
22835,楚澤,1
22836,澤千,1
22837,千以,1
22838,以高,1
22839,高山,1
22840,山遮,1
22841,遮萬,1
22842,萬以,1
22843,以遠,1
22844,遠水,1
22845,隔吾,1
22846,君勤,1
22847,勤聽,1
22848,聽治,1
22849,治照,1
22850,照與,1
22851,與日,1
22852,月敵,1
22853,敵臣,1
22854,臣愚,1
22855,愚幸,1
22856,幸可,1
22857,可哀,1
22858,哀臣,1
22859,罪庶,1
22860,庶可,1
22861,可釋,1
22862,釋何,1
22863,當迎,1
22864,迎送,1
22865,歸緣,1
22866,緣路,1
22867,路高,1
22868,高歷,1
22869,歷晨,1
22870,晨及,1
22871,及曲,1
22872,曲河,1
22873,河驛,1
22874,驛淒,1
22875,傷情,1
22876,情群,1
22877,群烏,1
22878,烏巢,1
22879,巢庭,1
22880,樹乳,1
22881,乳燕,1
22882,燕飛,1
22883,飛簷,1
22884,楹而,1
22885,抱重,1
22886,重罪,1
22887,罪孑,1
22888,孑孑,1
22889,孑萬,1
22890,里程,1
22891,程親,1
22892,戚頓,1
22893,乖角,1
22894,角圖,1
22895,圖史,1
22896,史棄,1
22897,棄縱,1
22898,橫下,1
22899,下負,1
22900,負明,1
22901,明義,1
22902,義重,1
22903,重上,1
22904,上孤,1
22905,孤朝,1
22906,朝命,1
22907,命榮,1
22908,榮殺,1
22909,殺身,1
22910,身諒,1
22911,諒無,1
22912,無補,1
22913,補何,1
22914,用答,1
22915,答生,1
22916,成南,1
22917,陽郭,1
22918,郭門,1
22919,外桑,1
22920,桑下,1
22921,下麥,1
22922,麥青,1
22923,青行,1
22924,已春,1
22925,春鳩,1
22926,停秦,1
22927,秦商,1
22928,商邈,1
22929,邈既,1
22930,遠湖,1
22931,湖海,1
22932,海浩,1
22933,浩將,1
22934,經孰,1
22935,孰忍,1
22936,忍生,1
22937,生以,1
22938,以戚,1
22939,戚吾,1
22940,其寄,1
22941,寄餘,1
22942,餘齡,1
22943,齡南,1
22944,南行,1
22945,行逾,1
22946,逾六,1
22947,旬始,1
22948,始下,1
22949,下昌,1
22950,昌樂,1
22951,樂瀧,1
22952,瀧險,1
22953,險惡,1
22954,可狀,1
22955,狀船,1
22956,船石,1
22957,石相,1
22958,相舂,1
22959,舂撞,1
22960,撞往,1
22961,往問,1
22962,問瀧,1
22963,瀧頭,1
22964,頭吏,1
22965,吏潮,1
22966,州尚,1
22967,尚幾,1
22968,幾裏,1
22969,裏行,1
22970,當何,1
22971,到土,1
22972,土風,1
22973,風複,1
22974,似東,1
22975,東吳,1
22976,吳遊,1
22977,遊宦,1
22978,宦鄉,1
22979,鄉官,1
22980,官知,1
22981,知自,1
22982,有由,1
22983,由潮,1
22984,州底,1
22985,底處,1
22986,有罪,1
22987,罪乃,1
22988,乃竄,1
22989,竄流,1
22990,流儂,1
22991,儂幸,1
22992,無負,1
22993,負犯,1
22994,犯何,1
22995,由到,1
22996,到而,1
22997,官今,1
22998,行自,1
22999,自到,1
23000,到那,1
23001,那遽,1
23002,遽妄,1
23003,妄問,1
23004,問為,1
23005,不虞,1
23006,虞卒,1
23007,卒見,1
23008,見困,1
23009,困汗,1
23010,汗出,1
23011,出愧,1
23012,愧且,1
23013,且駭,1
23014,駭吏,1
23015,吏曰,1
23016,曰聊,1
23017,聊戲,1
23018,戲官,1
23019,官儂,1
23020,儂嘗,1
23021,嘗使,1
23022,使往,1
23023,往罷,1
23024,罷嶺,1
23025,南大,1
23026,大抵,1
23027,抵同,1
23028,去道,1
23029,苦遼,1
23030,遼下,1
23031,下此,1
23032,此三,1
23033,里有,1
23034,有州,1
23035,州始,1
23036,始名,1
23037,名潮,1
23038,潮惡,1
23039,惡溪,1
23040,溪瘴,1
23041,瘴毒,1
23042,毒聚,1
23043,聚雷,1
23044,電常,1
23045,常洶,1
23046,洶鱷,1
23047,鱷魚,1
23048,魚大,1
23049,大於,1
23050,於船,1
23051,船牙,1
23052,牙眼,1
23053,眼怖,1
23054,怖殺,1
23055,殺儂,1
23056,儂州,1
23057,南數,1
23058,裏有,1
23059,有海,1
23060,無天,1
23061,地颶,1
23062,作掀,1
23063,掀簸,1
23064,簸真,1
23065,真差,1
23066,差事,1
23067,事聖,1
23068,人于,1
23069,于天,1
23070,下於,1
23071,於物,1
23072,物無,1
23073,容比,1
23074,比聞,1
23075,聞此,1
23076,州囚,1
23077,囚亦,1
23078,亦在,1
23079,在生,1
23080,還儂,1
23081,儂官,1
23082,官無,1
23083,嫌此,1
23084,州固,1
23085,固罪,1
23086,罪人,1
23087,人所,1
23088,所徙,1
23089,徙官,1
23090,官當,1
23091,當明,1
23092,待說,1
23093,說委,1
23094,委官,1
23095,自謹,1
23096,謹慎,1
23097,慎宜,1
23098,宜即,1
23099,即引,1
23100,引分,1
23101,分往,1
23102,往胡,1
23103,此水,1
23104,水邊,1
23105,邊神,1
23106,神色,1
23107,色久,1
23108,久戃,1
23109,戃慌,1
23110,慌大,1
23111,大瓶,1
23112,罌小,1
23113,小所,1
23114,任自,1
23115,有宜,1
23116,宜官,1
23117,官何,1
23118,量滿,1
23119,滿溢,1
23120,溢以,1
23121,以取,1
23122,取斯,1
23123,斯工,1
23124,工農,1
23125,農雖,1
23126,雖小,1
23127,業各,1
23128,有守,1
23129,守不,1
23130,朝有,1
23131,有益,1
23132,益國,1
23133,無虱,1
23134,虱其,1
23135,不武,1
23136,武亦,1
23137,亦不,1
23138,不文,1
23139,文仁,1
23140,義飭,1
23141,飭其,1
23142,其躬,1
23143,躬巧,1
23144,巧奸,1
23145,奸敗,1
23146,敗群,1
23147,群倫,1
23148,倫叩,1
23149,叩頭,1
23150,頭謝,1
23151,謝吏,1
23152,吏言,1
23153,言始,1
23154,始慚,1
23155,慚今,1
23156,更羞,1
23157,羞曆,1
23158,曆官,1
23159,官二,1
23160,餘國,1
23161,國恩,1
23162,恩並,1
23163,並未,1
23164,未酬,1
23165,酬凡,1
23166,凡吏,1
23167,吏之,1
23168,所訶,1
23169,訶嗟,1
23170,嗟實,1
23171,實頗,1
23172,頗有,1
23173,即金,1
23174,金木,1
23175,木誅,1
23176,誅敢,1
23177,識恩,1
23178,恩私,1
23179,私潮,1
23180,州雖,1
23181,雲遠,1
23182,遠雖,1
23183,雖惡,1
23184,過於,1
23185,於身,1
23186,身實,1
23187,實已,1
23188,多敢,1
23189,不持,1
23190,持自,1
23191,自賀,1
23192,賀知,1
23193,識久,1
23194,久去,1
23195,去眼,1
23196,眼吾,1
23197,吾行,1
23198,行其,1
23199,其既,1
23200,遠瞢,1
23201,瞢瞢,1
23202,瞢莫,1
23203,莫訾,1
23204,訾省,1
23205,省默,1
23206,默但,1
23207,但寢,1
23208,寢飯,1
23209,飯子,1
23210,兮何,1
23211,為者,1
23212,者冠,1
23213,冠佩,1
23214,佩立,1
23215,立憲,1
23216,憲憲,1
23217,憲何,1
23218,何氏,1
23219,氏之,1
23220,之從,1
23221,從學,1
23222,學蘭,1
23223,蕙已,1
23224,已滿,1
23225,滿畹,1
23226,畹于,1
23227,于何,1
23228,何玩,1
23229,玩其,1
23230,光以,1
23231,至歲,1
23232,歲向,1
23233,向晚,1
23234,晚治,1
23235,治惟,1
23236,惟尚,1
23237,尚和,1
23238,和同,1
23239,無俟,1
23240,俟於,1
23241,於謇,1
23242,謇謇,1
23243,謇或,1
23244,或師,1
23245,師絕,1
23246,絕學,1
23247,學賢,1
23248,賢不,1
23249,以藝,1
23250,藝自,1
23251,自挽,1
23252,挽子,1
23253,兮獨,1
23254,獨如,1
23255,媚婉,1
23256,娩金,1
23257,石出,1
23258,音宮,1
23259,室發,1
23260,發關,1
23261,關楗,1
23262,楗何,1
23263,識章,1
23264,章甫,1
23265,甫而,1
23266,知駿,1
23267,駿蹄,1
23268,蹄踠,1
23269,踠惜,1
23270,惜乎,1
23271,乎吾,1
23272,無居,1
23273,居不,1
23274,留息,1
23275,偃臨,1
23276,臨當,1
23277,當背,1
23278,背面,1
23279,面時,1
23280,時裁,1
23281,裁詩,1
23282,詩示,1
23283,示繾,1
23284,綣英,1
23285,英英,1
23286,英桂,1
23287,伯實,1
23288,實惟,1
23289,惟文,1
23290,武特,1
23291,特遠,1
23292,遠勞,1
23293,勞從,1
23294,賢來,1
23295,來吊,1
23296,吊逐,1
23297,逐臣,1
23298,臣色,1
23299,色南,1
23300,南裔,1
23301,裔多,1
23302,多山,1
23303,海道,1
23304,道裏,1
23305,裏屢,1
23306,屢紆,1
23307,紆直,1
23308,直風,1
23309,無程,1
23310,程期,1
23311,期所,1
23312,憂動,1
23313,不測,1
23314,測子,1
23315,行誠,1
23316,誠艱,1
23317,未窮,1
23318,窮極,1
23319,極臨,1
23320,臨別,1
23321,別且,1
23322,何言,1
23323,有淚,1
23324,淚不,1
23325,可拭,1
23326,拭吾,1
23327,友柳,1
23328,柳子,1
23329,子厚,1
23330,厚其,1
23331,人藝,1
23332,藝且,1
23333,且賢,1
23334,賢吾,1
23335,識子,1
23336,已覽,1
23337,覽贈,1
23338,子篇,1
23339,篇寤,1
23340,寤寐,1
23341,寐想,1
23342,想風,1
23343,風采,1
23344,采於,1
23345,於今,1
23346,年不,1
23347,不意,1
23348,意流,1
23349,竄路,1
23350,路旬,1
23351,同食,1
23352,食眠,1
23353,眠所,1
23354,聞昔,1
23355,昔已,1
23356,今過,1
23357,過前,1
23358,前如,1
23359,何又,1
23360,又須,1
23361,須別,1
23362,別使,1
23363,抱悁,1
23364,悁悁,1
23365,悁勢,1
23366,勢要,1
23367,要情,1
23368,所重,1
23369,重排,1
23370,排斥,1
23371,斥則,1
23372,則埃,1
23373,塵骨,1
23374,肉未,1
23375,免然,1
23376,又況,1
23377,況四,1
23378,海人,1
23379,人嶷,1
23380,嶷嶷,1
23381,嶷桂,1
23382,伯矯,1
23383,矯矯,1
23384,矯義,1
23385,義勇,1
23386,勇身,1
23387,身生,1
23388,平所,1
23389,所未,1
23390,識待,1
23391,待我,1
23392,我逾,1
23393,逾交,1
23394,交親,1
23395,親遺,1
23396,我數,1
23397,幅書,1
23398,書繼,1
23399,繼以,1
23400,以藥,1
23401,物珍,1
23402,珍藥,1
23403,物防,1
23404,防瘴,1
23405,癘書,1
23406,書勸,1
23407,勸養,1
23408,養形,1
23409,神不,1
23410,知四,1
23411,四罪,1
23412,罪地,1
23413,地豈,1
23414,有再,1
23415,再起,1
23416,起辰,1
23417,辰窮,1
23418,窮途,1
23419,途致,1
23420,致感,1
23421,激肝,1
23422,膽還,1
23423,還輪,1
23424,囷讀,1
23425,書患,1
23426,思義,1
23427,義患,1
23428,明患,1
23429,患足,1
23430,足已,1
23431,已不,1
23432,學既,1
23433,既學,1
23434,學患,1
23435,不行,1
23436,子今,1
23437,四美,1
23438,美具,1
23439,具實,1
23440,實大,1
23441,大華,1
23442,華亦,1
23443,亦榮,1
23444,榮王,1
23445,王官,1
23446,可闕,1
23447,闕未,1
23448,宜後,1
23449,後諸,1
23450,生嗟,1
23451,我擯,1
23452,擯南,1
23453,由助,1
23454,助飛,1
23455,飛鳴,1
23456,鳴寄,1
23457,書龍,1
23458,龍城,1
23459,城守,1
23460,守君,1
23461,君驥,1
23462,驥何,1
23463,時秣,1
23464,秣峽,1
23465,峽山,1
23466,山逢,1
23467,逢颶,1
23468,電助,1
23469,助撞,1
23470,撞捽,1
23471,捽乘,1
23472,乘潮,1
23473,潮簸,1
23474,簸扶,1
23475,扶胥,1
23476,胥近,1
23477,岸指,1
23478,指一,1
23479,發兩,1
23480,兩岩,1
23481,岩雖,1
23482,雲牢,1
23483,牢水,1
23484,石互,1
23485,互飛,1
23486,飛發,1
23487,發屯,1
23488,屯門,1
23489,高亦,1
23490,亦映,1
23491,波浪,1
23492,浪沒,1
23493,沒餘,1
23494,餘罪,1
23495,足惜,1
23496,惜子,1
23497,子生,1
23498,生未,1
23499,宜忽,1
23500,忽胡,1
23501,忍別,1
23502,別感,1
23503,感謝,1
23504,謝情,1
23505,情至,1
23506,至骨,1
23507,骨鱟,1
23508,鱟實,1
23509,實如,1
23510,如惠,1
23511,惠文,1
23512,文骨,1
23513,骨眼,1
23514,眼相,1
23515,相負,1
23516,負行,1
23517,行蠔,1
23518,蠔相,1
23519,相黏,1
23520,黏為,1
23521,為山,1
23522,百十,1
23523,十各,1
23524,各自,1
23525,生蒲,1
23526,蒲魚,1
23527,魚尾,1
23528,尾如,1
23529,如蛇,1
23530,蛇口,1
23531,相營,1
23532,營蛤,1
23533,蛤即,1
23534,蟆同,1
23535,同實,1
23536,實浪,1
23537,浪異,1
23538,異名,1
23539,名章,1
23540,章舉,1
23541,舉馬,1
23542,馬甲,1
23543,甲柱,1
23544,柱鬥,1
23545,鬥以,1
23546,以怪,1
23547,怪自,1
23548,自呈,1
23549,呈其,1
23550,餘數,1
23551,十種,1
23552,種莫,1
23553,莫不,1
23554,歎驚,1
23555,驚我,1
23556,來禦,1
23557,禦魑,1
23558,魅自,1
23559,宜味,1
23560,味南,1
23561,南烹,1
23562,烹調,1
23563,調以,1
23564,以鹹,1
23565,鹹與,1
23566,與酸,1
23567,酸芼,1
23568,芼以,1
23569,以椒,1
23570,椒與,1
23571,與橙,1
23572,橙腥,1
23573,臊始,1
23574,始發,1
23575,發越,1
23576,越咀,1
23577,咀吞,1
23578,吞面,1
23579,面汗,1
23580,汗騂,1
23581,騂惟,1
23582,惟蛇,1
23583,蛇舊,1
23584,舊所,1
23585,識實,1
23586,實憚,1
23587,憚口,1
23588,眼獰,1
23589,獰開,1
23590,開籠,1
23591,籠聽,1
23592,去郁,1
23593,郁屈,1
23594,屈尚,1
23595,不平,1
23596,平賣,1
23597,賣爾,1
23598,爾非,1
23599,不屠,1
23600,屠豈,1
23601,非情,1
23602,不祈,1
23603,祈靈,1
23604,靈珠,1
23605,珠報,1
23606,報幸,1
23607,嫌怨,1
23608,怨並,1
23609,並聊,1
23610,聊歌,1
23611,歌以,1
23612,以記,1
23613,記之,1
23614,之又,1
23615,以告,1
23616,告同,1
23617,行雲,1
23618,雲昏,1
23619,水奔,1
23620,流天,1
23621,天水,1
23622,水漭,1
23623,漭相,1
23624,相圍,1
23625,圍三,1
23626,三江,1
23627,江滅,1
23628,無口,1
23629,口其,1
23630,誰識,1
23631,識涯,1
23632,涯圻,1
23633,圻暮,1
23634,宿投,1
23635,投民,1
23636,民村,1
23637,村高,1
23638,水半,1
23639,半扉,1
23640,扉犬,1
23641,雞俱,1
23642,俱上,1
23643,上屋,1
23644,復走,1
23645,走與,1
23646,與飛,1
23647,飛篙,1
23648,篙舟,1
23649,其家,1
23650,家暝,1
23651,暝聞,1
23652,聞屋,1
23653,屋中,1
23654,中唏,1
23655,唏問,1
23656,問知,1
23657,知歲,1
23658,歲常,1
23659,常然,1
23660,然哀,1
23661,哀此,1
23662,此為,1
23663,生微,1
23664,微海,1
23665,海風,1
23666,吹寒,1
23667,寒晴,1
23668,晴波,1
23669,波揚,1
23670,揚眾,1
23671,眾星,1
23672,星輝,1
23673,輝仰,1
23674,視北,1
23675,斗高,1
23676,高不,1
23677,知路,1
23678,路所,1
23679,歸舟,1
23680,舟行,1
23681,忘故,1
23682,故道,1
23683,道屈,1
23684,曲高,1
23685,高林,1
23686,間林,1
23687,有奔,1
23688,流但,1
23689,但潺,1
23690,潺潺,1
23691,潺嗟,1
23692,亦拙,1
23693,謀致,1
23694,致身,1
23695,身落,1
23696,落南,1
23697,南蠻,1
23698,蠻茫,1
23699,茫然,1
23700,然失,1
23701,所詣,1
23702,詣無,1
23703,能還,1
23704,還蝦,1
23705,蟆雖,1
23706,雖水,1
23707,水居,1
23708,居水,1
23709,水特,1
23710,特變,1
23711,變形,1
23712,形貌,1
23713,貌強,1
23714,強號,1
23715,號為,1
23716,為蛙,1
23717,蛙哈,1
23718,哈於,1
23719,於實,1
23720,實無,1
23721,所校,1
23722,然兩,1
23723,兩股,1
23724,股長,1
23725,長其,1
23726,奈脊,1
23727,脊皴,1
23728,皴皰,1
23729,皰跳,1
23730,跳躑,1
23731,躑雖,1
23732,離濘,1
23733,濘淖,1
23734,淖鳴,1
23735,相呼,1
23736,呼和,1
23737,和無,1
23738,無理,1
23739,理只,1
23740,只取,1
23741,取鬧,1
23742,鬧周,1
23743,公所,1
23744,堪灑,1
23745,灑灰,1
23746,灰垂,1
23747,垂典,1
23748,典教,1
23749,教我,1
23750,我棄,1
23751,棄愁,1
23752,愁海,1
23753,海濱,1
23754,濱恒,1
23755,恒願,1
23756,願眠,1
23757,覺叵,1
23758,叵堪,1
23759,堪朋,1
23760,朋類,1
23761,類多,1
23762,多沸,1
23763,沸耳,1
23764,耳作,1
23765,作驚,1
23766,驚爆,1
23767,爆端,1
23768,端能,1
23769,能敗,1
23770,敗笙,1
23771,笙磬,1
23772,磬仍,1
23773,仍工,1
23774,工亂,1
23775,亂學,1
23776,學校,1
23777,雖蒙,1
23778,蒙勾,1
23779,勾踐,1
23780,踐禮,1
23781,禮竟,1
23782,報效,1
23783,效大,1
23784,大戰,1
23785,戰元,1
23786,元鼎,1
23787,鼎年,1
23788,年孰,1
23789,孰強,1
23790,強孰,1
23791,孰敗,1
23792,敗橈,1
23793,橈居,1
23794,然當,1
23795,鼎味,1
23796,味豈,1
23797,辱釣,1
23798,釣罩,1
23799,罩余,1
23800,余初,1
23801,下喉,1
23802,喉近,1
23803,近亦,1
23804,亦能,1
23805,能稍,1
23806,稍常,1
23807,常懼,1
23808,懼染,1
23809,染蠻,1
23810,蠻夷,1
23811,夷失,1
23812,失平,1
23813,生好,1
23814,好樂,1
23815,樂而,1
23816,而君,1
23817,君複,1
23818,為甘,1
23819,甘食,1
23820,食比,1
23821,比豢,1
23822,豢豹,1
23823,豹獵,1
23824,獵較,1
23825,較務,1
23826,務同,1
23827,同俗,1
23828,俗全,1
23829,全身,1
23830,身斯,1
23831,斯為,1
23832,為孝,1
23833,孝哀,1
23834,哀哉,1
23835,哉思,1
23836,慮深,1
23837,見許,1
23838,許回,1
23839,回棹,1
23840,棹我,1
23841,于揭,1
23842,陽君,1
23843,先揭,1
23844,陽居,1
23845,居揭,1
23846,陽去,1
23847,京華,1
23848,華其,1
23849,其裏,1
23850,裏萬,1
23851,萬有,1
23852,餘不,1
23853,謂小,1
23854,小郭,1
23855,郭中,1
23856,子可,1
23857,可與,1
23858,與娛,1
23859,娛心,1
23860,心平,1
23861,平而,1
23862,而行,1
23863,行高,1
23864,兩通,1
23865,通詩,1
23866,與書,1
23867,書婆,1
23868,娑海,1
23869,南簸,1
23870,簸弄,1
23871,弄明,1
23872,月珠,1
23873,珠及,1
23874,及我,1
23875,遷宜,1
23876,欲攜,1
23877,攜以,1
23878,以俱,1
23879,俱擺,1
23880,擺頭,1
23881,笑且,1
23882,且言,1
23883,言我,1
23884,我豈,1
23885,足歟,1
23886,歟又,1
23887,又奚,1
23888,為於,1
23889,於北,1
23890,北往,1
23891,來以,1
23892,以紛,1
23893,紛如,1
23894,如海,1
23895,海中,1
23896,中諸,1
23897,諸山,1
23898,中幽,1
23899,幽子,1
23900,子頗,1
23901,頗不,1
23902,不無,1
23903,期風,1
23904,風濤,1
23905,濤觀,1
23906,觀已,1
23907,已久,1
23908,可渝,1
23909,渝又,1
23910,又嘗,1
23911,嘗疑,1
23912,疑龍,1
23913,龍蝦,1
23914,蝦果,1
23915,果誰,1
23916,雄牙,1
23917,牙須,1
23918,須蚌,1
23919,蚌蠃,1
23920,蠃魚,1
23921,鱉蟲,1
23922,蟲瞿,1
23923,瞿瞿,1
23924,瞿以,1
23925,以狙,1
23926,狙狙,1
23927,狙識,1
23928,識一,1
23929,已忘,1
23930,忘十,1
23931,十大,1
23932,大同,1
23933,同細,1
23934,細自,1
23935,自殊,1
23936,殊欲,1
23937,欲一,1
23938,一窮,1
23939,窮究,1
23940,究之,1
23941,之時,1
23942,時歲,1
23943,歲屢,1
23944,屢謝,1
23945,謝除,1
23946,除今,1
23947,南且,1
23948,且北,1
23949,北豈,1
23950,非亦,1
23951,有圖,1
23952,圖人,1
23953,心未,1
23954,未嘗,1
23955,同不,1
23956,可一,1
23957,一理,1
23958,理區,1
23959,區宜,1
23960,宜各,1
23961,各從,1
23962,從所,1
23963,所務,1
23964,務未,1
23965,未用,1
23966,用相,1
23967,相賢,1
23968,愚盆,1
23969,盆城,1
23970,去鄂,1
23971,鄂渚,1
23972,渚風,1
23973,風便,1
23974,便一,1
23975,日耳,1
23976,不枉,1
23977,枉故,1
23978,書無,1
23979,無因,1
23980,因帆,1
23981,帆江,1
23982,水故,1
23983,人辭,1
23984,辭禮,1
23985,禮闈,1
23986,闈旌,1
23987,旌節,1
23988,節鎮,1
23989,鎮江,1
23990,江圻,1
23991,圻而,1
23992,逐者,1
23993,者龍,1
23994,鍾初,1
23995,初得,1
23996,歸別,1
23997,三歲,1
23998,歲望,1
23999,望望,1
24000,望長,1
24001,長迢,1
24002,遞咫,1
24003,相聞,1
24004,聞平,1
24005,生那,1
24006,那可,1
24007,可計,1
24008,計我,1
24009,齒落,1
24010,落且,1
24011,且盡,1
24012,盡君,1
24013,君鬢,1
24014,鬢白,1
24015,白幾,1
24016,年皆,1
24017,皆過,1
24018,百來,1
24019,年樂,1
24020,樂新,1
24021,新知,1
24022,知衰,1
24023,衰暮,1
24024,暮思,1
24025,故友,1
24026,友譬,1
24027,如親,1
24028,親骨,1
24029,肉寧,1
24030,寧免,1
24031,免相,1
24032,相可,1
24033,可不,1
24034,我昔,1
24035,昔實,1
24036,實愚,1
24037,蠢不,1
24038,能降,1
24039,降色,1
24040,色辭,1
24041,辭子,1
24042,子犯,1
24043,犯亦,1
24044,有言,1
24045,臣猶,1
24046,之公,1
24047,公其,1
24048,其務,1
24049,務貰,1
24050,貰過,1
24051,過我,1
24052,亦請,1
24053,請改,1
24054,改事,1
24055,榆倘,1
24056,收願,1
24057,願寄,1
24058,思字,1
24059,字南,1
24060,樹花,1
24061,葉何,1
24062,何衰,1
24063,衰衰,1
24064,衰上,1
24065,有鳳,1
24066,凰巢,1
24067,巢鳳,1
24068,凰乳,1
24069,乳且,1
24070,且棲,1
24071,棲四,1
24072,四旁,1
24073,旁多,1
24074,多長,1
24075,長枝,1
24076,枝群,1
24077,群鳥,1
24078,鳥所,1
24079,所托,1
24080,托依,1
24081,依黃,1
24082,鵠據,1
24083,據其,1
24084,其高,1
24085,高眾,1
24086,鳥接,1
24087,接其,1
24088,其卑,1
24089,卑不,1
24090,鳥羽,1
24091,羽毛,1
24092,毛有,1
24093,有光,1
24094,輝飛,1
24095,飛擇,1
24096,擇所,1
24097,所處,1
24098,處正,1
24099,正得,1
24100,得眾,1
24101,所希,1
24102,希上,1
24103,上承,1
24104,承鳳,1
24105,凰恩,1
24106,恩自,1
24107,期永,1
24108,永不,1
24109,不衰,1
24110,衰中,1
24111,中與,1
24112,與黃,1
24113,鵠群,1
24114,群不,1
24115,自隱,1
24116,隱其,1
24117,私下,1
24118,視眾,1
24119,群汝,1
24120,汝徒,1
24121,徒竟,1
24122,知挾,1
24123,挾丸,1
24124,丸子,1
24125,子心,1
24126,默有,1
24127,所規,1
24128,規彈,1
24129,彈汝,1
24130,汝枝,1
24131,葉間,1
24132,間汝,1
24133,汝翅,1
24134,翅不,1
24135,覺摧,1
24136,摧或,1
24137,或言,1
24138,言由,1
24139,由黃,1
24140,鵠黃,1
24141,鵠豈,1
24142,之慎,1
24143,勿猜,1
24144,猜眾,1
24145,鳥眾,1
24146,鳥不,1
24147,足猜,1
24148,猜無,1
24149,人語,1
24150,語鳳,1
24151,凰汝,1
24152,汝屈,1
24153,屈安,1
24154,知黃,1
24155,鵠得,1
24156,得汝,1
24157,去婆,1
24158,娑弄,1
24159,弄毛,1
24160,毛衣,1
24161,衣前,1
24162,前汝,1
24163,視鳥,1
24164,各議,1
24165,議汝,1
24166,汝瑕,1
24167,疵汝,1
24168,汝豈,1
24169,無朋,1
24170,朋匹,1
24171,匹有,1
24172,口莫,1
24173,肯開,1
24174,開汝,1
24175,汝落,1
24176,落蒿,1
24177,蒿艾,1
24178,艾間,1
24179,間幾,1
24180,時複,1
24181,複能,1
24182,能飛,1
24183,飛哀,1
24184,哀哀,1
24185,哀故,1
24186,故山,1
24187,山友,1
24188,友中,1
24189,夜思,1
24190,思汝,1
24191,汝悲,1
24192,悲路,1
24193,路遠,1
24194,遠翅,1
24195,翅翎,1
24196,翎短,1
24197,得持,1
24198,持汝,1
24199,汝歸,1
24200,歸猛,1
24201,虎雖,1
24202,雲惡,1
24203,惡亦,1
24204,有匹,1
24205,儕群,1
24206,行深,1
24207,谷間,1
24208,間百,1
24209,百獸,1
24210,獸望,1
24211,望風,1
24212,風低,1
24213,低身,1
24214,身食,1
24215,食黃,1
24216,黃熊,1
24217,熊父,1
24218,父子,1
24219,子食,1
24220,食赤,1
24221,赤豹,1
24222,豹麛,1
24223,麛擇,1
24224,擇肉,1
24225,肉于,1
24226,于熊,1
24227,豹肯,1
24228,肯視,1
24229,視兔,1
24230,兔與,1
24231,與狸,1
24232,狸正,1
24233,晝當,1
24234,當穀,1
24235,穀眠,1
24236,眠眼,1
24237,有百,1
24238,步威,1
24239,威自,1
24240,無當,1
24241,當對,1
24242,對氣,1
24243,氣性,1
24244,性縱,1
24245,縱以,1
24246,以乖,1
24247,乖朝,1
24248,朝怒,1
24249,怒殺,1
24250,殺其,1
24251,其子,1
24252,子暮,1
24253,暮還,1
24254,還食,1
24255,食其,1
24256,其妃,1
24257,妃匹,1
24258,儕四,1
24259,四散,1
24260,散走,1
24261,走猛,1
24262,虎還,1
24263,還孤,1
24264,孤棲,1
24265,棲狐,1
24266,鳴門,1
24267,門兩,1
24268,兩旁,1
24269,旁烏,1
24270,烏鵲,1
24271,鵲從,1
24272,從噪,1
24273,噪之,1
24274,之出,1
24275,出逐,1
24276,逐猴,1
24277,猴入,1
24278,入居,1
24279,居虎,1
24280,虎不,1
24281,歸誰,1
24282,雲猛,1
24283,虎惡,1
24284,惡中,1
24285,中路,1
24286,路正,1
24287,正悲,1
24288,啼豹,1
24289,豹來,1
24290,來銜,1
24291,銜其,1
24292,其尾,1
24293,尾熊,1
24294,熊來,1
24295,來攫,1
24296,攫其,1
24297,其頤,1
24298,頤猛,1
24299,虎死,1
24300,辭但,1
24301,但慚,1
24302,慚前,1
24303,前所,1
24304,為虎,1
24305,虎坐,1
24306,坐無,1
24307,無助,1
24308,助死,1
24309,死況,1
24310,況如,1
24311,如汝,1
24312,汝細,1
24313,細微,1
24314,微故,1
24315,故當,1
24316,以信,1
24317,信親,1
24318,親當,1
24319,以私,1
24320,私親,1
24321,故且,1
24322,且不,1
24323,不保,1
24324,保人,1
24325,誰信,1
24326,信汝,1
24327,汝為,1
24328,為浮,1
24329,屠西,1
24330,何施,1
24331,施為,1
24332,為擾,1
24333,擾四,1
24334,海爭,1
24335,爭賓,1
24336,賓士,1
24337,士構,1
24338,構樓,1
24339,樓架,1
24340,架閣,1
24341,星漢,1
24342,漢誇,1
24343,誇雄,1
24344,雄鬥,1
24345,鬥麗,1
24346,麗止,1
24347,止者,1
24348,誰僧,1
24349,僧伽,1
24350,伽後,1
24351,後出,1
24352,出淮,1
24353,泗上,1
24354,上勢,1
24355,勢到,1
24356,到眾,1
24357,眾佛,1
24358,佛尤,1
24359,尤恢,1
24360,恢奇,1
24361,奇越,1
24362,越商,1
24363,商胡,1
24364,胡賈,1
24365,賈脫,1
24366,身罪,1
24367,罪珪,1
24368,珪璧,1
24369,璧滿,1
24370,滿船,1
24371,船甯,1
24372,甯計,1
24373,計資,1
24374,資清,1
24375,清淮,1
24376,淮無,1
24377,無波,1
24378,如席,1
24379,席欄,1
24380,欄柱,1
24381,柱傾,1
24382,傾扶,1
24383,扶半,1
24384,半天,1
24385,天赤,1
24386,赤火,1
24387,燒水,1
24388,水轉,1
24389,轉掃,1
24390,空突,1
24391,兀便,1
24392,便高,1
24393,尺影,1
24394,影沈,1
24395,沈潭,1
24396,潭底,1
24397,底龍,1
24398,驚遁,1
24399,遁當,1
24400,晝無,1
24401,無雲,1
24402,雲跨,1
24403,跨虛,1
24404,虛碧,1
24405,碧借,1
24406,問經,1
24407,營本,1
24408,人道,1
24409,人澄,1
24410,名籍,1
24411,籍籍,1
24412,籍愈,1
24413,愈昔,1
24414,軍大,1
24415,樑下,1
24416,下往,1
24417,來滿,1
24418,滿屋,1
24419,屋賢,1
24420,賢豪,1
24421,豪者,1
24422,者皆,1
24423,皆言,1
24424,觀雖,1
24425,雖僧,1
24426,僧徒,1
24427,公才,1
24428,才吏,1
24429,吏用,1
24430,用當,1
24431,今無,1
24432,無後,1
24433,後從,1
24434,從徐,1
24435,徐州,1
24436,州辟,1
24437,辟書,1
24438,至紛,1
24439,紛過,1
24440,過客,1
24441,由記,1
24442,記人,1
24443,觀乃,1
24444,乃詩,1
24445,人一,1
24446,一座,1
24447,座競,1
24448,競吟,1
24449,句新,1
24450,新向,1
24451,向風,1
24452,風長,1
24453,長歎,1
24454,歎不,1
24455,欲收,1
24456,收斂,1
24457,斂加,1
24458,加冠,1
24459,冠巾,1
24460,巾洛,1
24461,陽窮,1
24462,秋厭,1
24463,厭窮,1
24464,窮獨,1
24465,獨丁,1
24466,丁丁,1
24467,丁啄,1
24468,啄門,1
24469,門疑,1
24470,疑啄,1
24471,啄木,1
24472,訪呼,1
24473,呼使,1
24474,前伏,1
24475,伏犀,1
24476,犀插,1
24477,插腦,1
24478,腦高,1
24479,高頰,1
24480,頰權,1
24481,權惜,1
24482,哉已,1
24483,已老,1
24484,所及,1
24485,及坐,1
24486,坐睨,1
24487,睨神,1
24488,神骨,1
24489,骨空,1
24490,空潸,1
24491,潸然,1
24492,然臨,1
24493,臨淮,1
24494,淮太,1
24495,守初,1
24496,到郡,1
24497,郡遠,1
24498,遠遣,1
24499,遣州,1
24500,州民,1
24501,民送,1
24502,送音,1
24503,問好,1
24504,好奇,1
24505,奇賞,1
24506,賞俊,1
24507,俊直,1
24508,直難,1
24509,難逢,1
24510,逢去,1
24511,去為,1
24512,為致,1
24513,致思,1
24514,思從,1
24515,容梁,1
24516,梁維,1
24517,維西,1
24518,南屏,1
24519,屏山,1
24520,山厲,1
24521,厲水,1
24522,水刻,1
24523,刻屈,1
24524,屈稟,1
24525,稟生,1
24526,生肖,1
24527,肖剿,1
24528,剿剛,1
24529,剛難,1
24530,難諧,1
24531,諧在,1
24532,在民,1
24533,民物,1
24534,物滎,1
24535,滎公,1
24536,公鼎,1
24537,鼎軸,1
24538,軸老,1
24539,老享,1
24540,享斡,1
24541,斡力,1
24542,力健,1
24543,健倔,1
24544,倔帝,1
24545,帝咨,1
24546,咨女,1
24547,女予,1
24548,予往,1
24549,往牙,1
24550,牙纛,1
24551,纛前,1
24552,前岔,1
24553,岔坲,1
24554,坲威,1
24555,威風,1
24556,風挾,1
24557,挾惠,1
24558,惠氣,1
24559,氣蓋,1
24560,蓋壤,1
24561,壤兩,1
24562,兩劘,1
24563,劘拂,1
24564,拂茫,1
24565,茫漫,1
24566,漫華,1
24567,華黑,1
24568,黑間,1
24569,間指,1
24570,指畫,1
24571,畫變,1
24572,變恍,1
24573,恍欻,1
24574,欻誠,1
24575,誠既,1
24576,既富,1
24577,富而,1
24578,而美,1
24579,美章,1
24580,章匯,1
24581,匯霍,1
24582,霍炳,1
24583,炳蔚,1
24584,蔚日,1
24585,日延,1
24586,延講,1
24587,講大,1
24588,大訓,1
24589,訓龜,1
24590,龜判,1
24591,判錯,1
24592,錯袞,1
24593,袞黻,1
24594,黻樊,1
24595,樊子,1
24596,子坐,1
24597,坐賓,1
24598,賓署,1
24599,署演,1
24600,演孔,1
24601,孔刮,1
24602,刮老,1
24603,老佛,1
24604,佛金,1
24605,金舂,1
24606,舂撼,1
24607,撼玉,1
24608,玉應,1
24609,應厥,1
24610,厥臭,1
24611,臭劇,1
24612,劇蕙,1
24613,蕙鬱,1
24614,鬱遺,1
24615,我一,1
24616,一言,1
24617,言重,1
24618,重跽,1
24619,跽受,1
24620,受惕,1
24621,惕齋,1
24622,齋栗,1
24623,栗辭,1
24624,辭慳,1
24625,慳義,1
24626,義卓,1
24627,卓闊,1
24628,闊呀,1
24629,豁疚,1
24630,疚掊,1
24631,掊掘,1
24632,掘如,1
24633,如新,1
24634,新去,1
24635,去耵,1
24636,耵聹,1
24637,聹雷,1
24638,霆逼,1
24639,逼颶,1
24640,颶綴,1
24641,綴此,1
24642,此豈,1
24643,為訓,1
24644,訓俚,1
24645,俚言,1
24646,言紹,1
24647,紹莊,1
24648,莊屈,1
24649,屈穆,1
24650,穆穆,1
24651,穆鸞,1
24652,鳳友,1
24653,友何,1
24654,年來,1
24655,來止,1
24656,止茲,1
24657,茲飄,1
24658,飄零,1
24659,零失,1
24660,失故,1
24661,故態,1
24662,態隔,1
24663,絕抱,1
24664,抱長,1
24665,長思,1
24666,思翠,1
24667,翠角,1
24668,角高,1
24669,高獨,1
24670,獨聳,1
24671,聳金,1
24672,金華,1
24673,華煥,1
24674,煥相,1
24675,相差,1
24676,差坐,1
24677,坐蒙,1
24678,蒙恩,1
24679,恩顧,1
24680,顧重,1
24681,重畢,1
24682,命守,1
24683,守階,1
24684,階墀,1
24685,墀偶,1
24686,坐藤,1
24687,藤樹,1
24688,下暮,1
24689,暮春,1
24690,春下,1
24691,下旬,1
24692,旬間,1
24693,間藤,1
24694,藤陰,1
24695,陰已,1
24696,已可,1
24697,可庇,1
24698,庇落,1
24699,落蕊,1
24700,蕊還,1
24701,還漫,1
24702,漫亹,1
24703,亹新,1
24704,新葉,1
24705,大瓏,1
24706,瓏瓏,1
24707,瓏晚,1
24708,晚花,1
24709,花幹,1
24710,幹青,1
24711,天高,1
24712,高寥,1
24713,寥兩,1
24714,兩蝶,1
24715,蝶飛,1
24716,飛翻,1
24717,翻時,1
24718,節適,1
24719,適當,1
24720,當爾,1
24721,爾懷,1
24722,懷悲,1
24723,悲自,1
24724,端黃,1
24725,黃黃,1
24726,黃蕪,1
24727,蕪菁,1
24728,菁花,1
24729,花桃,1
24730,李事,1
24731,已退,1
24732,退狂,1
24733,狂風,1
24734,風簸,1
24735,簸枯,1
24736,枯榆,1
24737,榆狼,1
24738,藉九,1
24739,衢內,1
24740,內春,1
24741,序一,1
24742,一如,1
24743,此汝,1
24744,汝顏,1
24745,顏安,1
24746,足賴,1
24747,賴誰,1
24748,能駕,1
24749,駕飛,1
24750,飛車,1
24751,車相,1
24752,從觀,1
24753,觀海,1
24754,外晨,1
24755,晨游,1
24756,游百,1
24757,花林,1
24758,林朱,1
24759,朱朱,1
24760,朱兼,1
24761,兼白,1
24762,白白,1
24763,白柳,1
24764,枝弱,1
24765,弱而,1
24766,而細,1
24767,細懸,1
24768,懸樹,1
24769,樹垂,1
24770,垂百,1
24771,尺左,1
24772,右同,1
24773,同來,1
24774,紫貴,1
24775,貴顯,1
24776,顯劇,1
24777,劇嬌,1
24778,嬌童,1
24779,童為,1
24780,歌哀,1
24781,哀響,1
24782,響跨,1
24783,跨箏,1
24784,箏笛,1
24785,笛豔,1
24786,豔姬,1
24787,姬蹋,1
24788,蹋筵,1
24789,筵舞,1
24790,舞清,1
24791,清眸,1
24792,眸刺,1
24793,刺劍,1
24794,心懷,1
24795,懷平,1
24796,生友,1
24797,友莫,1
24798,一在,1
24799,在燕,1
24800,席死,1
24801,死者,1
24802,者長,1
24803,長眇,1
24804,芒生,1
24805,生者,1
24806,者困,1
24807,困乖,1
24808,乖隔,1
24809,隔少,1
24810,年真,1
24811,喜老,1
24812,大百,1
24813,益天,1
24814,西異,1
24815,異祗,1
24816,祗命,1
24817,命遂,1
24818,成遊,1
24819,遊月,1
24820,明禦,1
24821,禦溝,1
24822,溝曉,1
24823,曉蟬,1
24824,蟬吟,1
24825,吟堤,1
24826,堤樹,1
24827,樹秋,1
24828,秋老,1
24829,老僧,1
24830,僧情,1
24831,薄僻,1
24832,僻寺,1
24833,寺境,1
24834,境還,1
24835,還幽,1
24836,幽寂,1
24837,寥二,1
24838,騎得,1
24839,相收,1
24840,收日,1
24841,薄風,1
24842,景曠,1
24843,曠出,1
24844,出歸,1
24845,歸偃,1
24846,偃前,1
24847,簷晴,1
24848,雲如,1
24849,如擘,1
24850,擘絮,1
24851,絮新,1
24852,月似,1
24853,似磨,1
24854,磨鐮,1
24855,鐮田,1
24856,野興,1
24857,興偶,1
24858,偶動,1
24859,動衣,1
24860,衣冠,1
24861,冠情,1
24862,情久,1
24863,久厭,1
24864,厭吾,1
24865,吾生,1
24866,生可,1
24867,手歎,1
24868,息歲,1
24869,歲將,1
24870,將淹,1
24871,淹君,1
24872,君居,1
24873,居泥,1
24874,溝上,1
24875,上溝,1
24876,溝濁,1
24877,濁萍,1
24878,萍青,1
24879,蛙讙,1
24880,讙橋,1
24881,橋未,1
24882,未掃,1
24883,掃蟬,1
24884,蟬嘒,1
24885,嘒門,1
24886,長扃,1
24887,扃名,1
24888,名秩,1
24889,秩後,1
24890,後千,1
24891,千品,1
24892,品詩,1
24893,文齊,1
24894,齊六,1
24895,六經,1
24896,經端,1
24897,來問,1
24898,問奇,1
24899,奇字,1
24900,字為,1
24901,我講,1
24902,講聲,1
24903,聲形,1
24904,形曲,1
24905,江千,1
24906,千頃,1
24907,頃秋,1
24908,秋波,1
24909,波淨,1
24910,淨平,1
24911,平鋪,1
24912,鋪紅,1
24913,雲蓋,1
24914,蓋明,1
24915,明鏡,1
24916,鏡大,1
24917,大明,1
24918,明宮,1
24919,宮中,1
24920,中給,1
24921,給事,1
24922,事歸,1
24923,歸走,1
24924,馬來,1
24925,看立,1
24926,立不,1
24927,不正,1
24928,正遺,1
24929,我明,1
24930,珠九,1
24931,九十,1
24932,六寒,1
24933,光映,1
24934,映骨,1
24935,骨睡,1
24936,睡驪,1
24937,驪目,1
24938,目我,1
24939,今官,1
24940,官閑,1
24941,閑得,1
24942,得婆,1
24943,娑問,1
24944,言何,1
24945,處芙,1
24946,蓉多,1
24947,多撐,1
24948,撐舟,1
24949,舟昆,1
24950,明度,1
24951,度雲,1
24952,雲錦,1
24953,錦腳,1
24954,腳敲,1
24955,敲兩,1
24956,兩舷,1
24957,舷叫,1
24958,叫吳,1
24959,吳歌,1
24960,歌太,1
24961,白山,1
24962,山高,1
24963,里負,1
24964,負雪,1
24965,雪崔,1
24966,嵬插,1
24967,插花,1
24968,裏玉,1
24969,山前,1
24970,前卻,1
24971,卻不,1
24972,復來,1
24973,來曲,1
24974,江汀,1
24975,汀瀅,1
24976,瀅水,1
24977,水準,1
24978,準杯,1
24979,杯我,1
24980,思不,1
24981,覺一,1
24982,首天,1
24983,門九,1
24984,九扇,1
24985,扇相,1
24986,當開,1
24987,開上,1
24988,上界,1
24989,界真,1
24990,真人,1
24991,人足,1
24992,足官,1
24993,官府,1
24994,府豈,1
24995,如散,1
24996,散仙,1
24997,仙鞭,1
24998,鞭笞,1
24999,笞鸞,1
25000,鳳終,1
25001,追陪,1
25002,陪翻,1
25003,翻江,1
25004,江浦,1
25005,浦荷,1
25006,荷而,1
25007,而今,1
25008,今生,1
25009,生在,1
25010,此擢,1
25011,擢擢,1
25012,擢菰,1
25013,菰葉,1
25014,葉長,1
25015,長芳,1
25016,芳根,1
25017,根複,1
25018,複誰,1
25019,誰徙,1
25020,徙露,1
25021,露涵,1
25022,涵兩,1
25023,兩鮮,1
25024,鮮翠,1
25025,翠風,1
25026,風蕩,1
25027,磨倚,1
25028,倚但,1
25029,但取,1
25030,取主,1
25031,言盆,1
25032,盆盎,1
25033,盎是,1
25034,夢神,1
25035,官與,1
25036,言羅,1
25037,羅縷,1
25038,縷道,1
25039,道妙,1
25040,妙角,1
25041,角與,1
25042,與根,1
25043,根挈,1
25044,挈攜,1
25045,攜陬,1
25046,陬維,1
25047,維口,1
25048,口瀾,1
25049,瀾翻,1
25050,翻百,1
25051,百二,1
25052,十刻,1
25053,刻須,1
25054,臾間,1
25055,我聽,1
25056,言未,1
25057,雲足,1
25058,足舍,1
25059,先度,1
25060,度橫,1
25061,橫山,1
25062,山腹,1
25063,腹我,1
25064,我徒,1
25065,徒三,1
25066,三人,1
25067,共追,1
25068,追之,1
25069,之一,1
25070,人前,1
25071,前度,1
25072,度安,1
25073,不危,1
25074,危我,1
25075,亦平,1
25076,平行,1
25077,行蹋,1
25078,蹋槱,1
25079,槱神,1
25080,神完,1
25081,完骨,1
25082,骨蹻,1
25083,蹻腳,1
25084,掉側,1
25085,上視,1
25086,視溪,1
25087,溪穀,1
25088,穀盲,1
25089,盲杖,1
25090,杖撞,1
25091,撞玉,1
25092,玉版,1
25093,版聲,1
25094,聲彭,1
25095,彭神,1
25096,官見,1
25097,我開,1
25098,開顏,1
25099,顏笑,1
25100,笑前,1
25101,對一,1
25102,人壯,1
25103,少石,1
25104,石壇,1
25105,壇坡,1
25106,坡陀,1
25107,陀可,1
25108,可坐,1
25109,臥我,1
25110,我手,1
25111,手承,1
25112,承頦,1
25113,頦肘,1
25114,肘拄,1
25115,拄座,1
25116,座隆,1
25117,隆樓,1
25118,樓傑,1
25119,傑閣,1
25120,閣磊,1
25121,磊嵬,1
25122,嵬高,1
25123,高天,1
25124,天風,1
25125,吹我,1
25126,我過,1
25127,過壯,1
25128,少者,1
25129,者哦,1
25130,哦七,1
25131,七言,1
25132,言六,1
25133,六字,1
25134,字常,1
25135,常語,1
25136,一字,1
25137,字難,1
25138,以指,1
25139,指撮,1
25140,撮白,1
25141,白玉,1
25142,玉丹,1
25143,丹行,1
25144,行且,1
25145,且咀,1
25146,咀噍,1
25147,噍行,1
25148,行詰,1
25149,詰盤,1
25150,盤口,1
25151,口前,1
25152,前截,1
25153,截斷,1
25154,斷第,1
25155,第二,1
25156,二句,1
25157,句綽,1
25158,綽虐,1
25159,虐顧,1
25160,我顏,1
25161,不歡,1
25162,歡乃,1
25163,乃知,1
25164,知仙,1
25165,仙人,1
25166,人未,1
25167,未賢,1
25168,賢聖,1
25169,聖護,1
25170,護短,1
25171,短憑,1
25172,憑愚,1
25173,愚邀,1
25174,邀我,1
25175,我敬,1
25176,我能,1
25177,能屈,1
25178,曲自,1
25179,自世,1
25180,間安,1
25181,能從,1
25182,從汝,1
25183,汝巢,1
25184,巢神,1
25185,神山,1
25186,山薄,1
25187,薄雲,1
25188,雲蔽,1
25189,蔽秋,1
25190,秋曦,1
25191,曦清,1
25192,成泥,1
25193,泥罷,1
25194,罷賀,1
25195,賀南,1
25196,南內,1
25197,內衙,1
25198,衙歸,1
25199,歸涼,1
25200,涼曉,1
25201,曉淒,1
25202,淒綠,1
25203,槐十,1
25204,十二,1
25205,二街,1
25206,街渙,1
25207,渙散,1
25208,散馳,1
25209,馳輪,1
25210,輪蹄,1
25211,蹄余,1
25212,余惟,1
25213,惟戇,1
25214,戇書,1
25215,書生,1
25216,生孤,1
25217,孤身,1
25218,所齎,1
25219,齎三,1
25220,三黜,1
25221,黜竟,1
25222,去致,1
25223,致官,1
25224,官九,1
25225,九列,1
25226,列齊,1
25227,齊豈,1
25228,身榮,1
25229,榮佩,1
25230,佩玉,1
25231,玉冠,1
25232,冠簪,1
25233,簪犀,1
25234,犀滉,1
25235,滉蕩,1
25236,蕩天,1
25237,門高,1
25238,高著,1
25239,著籍,1
25240,朝厥,1
25241,厥妻,1
25242,妻文,1
25243,如人,1
25244,人行,1
25245,行又,1
25246,又無,1
25247,無町,1
25248,町畦,1
25249,畦問,1
25250,之朝,1
25251,廷事,1
25252,事略,1
25253,略不,1
25254,知東,1
25255,西況,1
25256,況於,1
25257,於經,1
25258,經籍,1
25259,籍深,1
25260,豈究,1
25261,究端,1
25262,端與,1
25263,與倪,1
25264,倪君,1
25265,君恩,1
25266,恩太,1
25267,重不,1
25268,見酬,1
25269,酬稗,1
25270,稗稊,1
25271,稊所,1
25272,所職,1
25273,職事,1
25274,多又,1
25275,自提,1
25276,提撕,1
25277,撕明,1
25278,明庭,1
25279,庭集,1
25280,集孔,1
25281,孔鸞,1
25282,鸞曷,1
25283,曷取,1
25284,取於,1
25285,於鳧,1
25286,鳧鷖,1
25287,鷖樹,1
25288,樹以,1
25289,以松,1
25290,松與,1
25291,與柏,1
25292,宜間,1
25293,間蒿,1
25294,蒿藜,1
25295,藜婉,1
25296,孌自,1
25297,媚好,1
25298,好幾,1
25299,見擠,1
25300,擠貪,1
25301,貪食,1
25302,食以,1
25303,以忘,1
25304,忘軀,1
25305,軀鮮,1
25306,鮮不,1
25307,不調,1
25308,調鹽,1
25309,鹽醯,1
25310,醯法,1
25311,法吏,1
25312,吏多,1
25313,年磨,1
25314,磨淬,1
25315,淬出,1
25316,出角,1
25317,角圭,1
25318,圭將,1
25319,將舉,1
25320,舉汝,1
25321,汝愆,1
25322,尤以,1
25323,為己,1
25324,己階,1
25325,階梯,1
25326,梯收,1
25327,身歸,1
25328,歸關,1
25329,關東,1
25330,東期,1
25331,期不,1
25332,死迷,1
25333,迷峨,1
25334,峨進,1
25335,進賢,1
25336,賢冠,1
25337,冠耿,1
25338,耿水,1
25339,蒼佩,1
25340,服章,1
25341,章豈,1
25342,好不,1
25343,與德,1
25344,德相,1
25345,對顧,1
25346,顧影,1
25347,影聽,1
25348,聲赬,1
25349,赬顏,1
25350,顏汗,1
25351,汗漸,1
25352,漸背,1
25353,背進,1
25354,進乏,1
25355,乏犬,1
25356,雞效,1
25357,效又,1
25358,勇自,1
25359,自退,1
25360,食取,1
25361,取其,1
25362,其肥,1
25363,肥無,1
25364,無堪,1
25365,堪等,1
25366,等聾,1
25367,聾瞶,1
25368,瞶長,1
25369,吹天,1
25370,天墟,1
25371,墟秋,1
25372,日萬,1
25373,里曬,1
25374,曬抵,1
25375,抵暮,1
25376,暮但,1
25377,但昏,1
25378,昏眠,1
25379,成歌,1
25380,歌慷,1
25381,慨朝,1
25382,朝蠅,1
25383,蠅不,1
25384,不須,1
25385,須驅,1
25386,驅暮,1
25387,暮蚊,1
25388,蚊不,1
25389,可拍,1
25390,拍蠅,1
25391,蠅蚊,1
25392,蚊滿,1
25393,滿八,1
25394,八區,1
25395,區可,1
25396,可盡,1
25397,盡與,1
25398,與相,1
25399,相格,1
25400,格得,1
25401,時能,1
25402,能幾,1
25403,與汝,1
25404,汝恣,1
25405,恣啖,1
25406,啖咋,1
25407,咋涼,1
25408,風九,1
25409,九月,1
25410,月到,1
25411,到掃,1
25412,掃不,1
25413,見蹤,1
25414,蹤跡,1
25415,跡鵲,1
25416,鵲鳴,1
25417,聲楂,1
25418,楂楂,1
25419,楂烏,1
25420,烏雜,1
25421,雜訊,1
25422,訊護,1
25423,護護,1
25424,護爭,1
25425,爭鬥,1
25426,鬥庭,1
25427,庭宇,1
25428,宇間,1
25429,間持,1
25430,持身,1
25431,身博,1
25432,博彈,1
25433,射黃,1
25434,鵠能,1
25435,能忍,1
25436,忍饑,1
25437,饑兩,1
25438,翅久,1
25439,不擘,1
25440,擘蒼,1
25441,蒼雲,1
25442,雲海,1
25443,海路,1
25444,路歲,1
25445,晚將,1
25446,將無,1
25447,無獲,1
25448,獲截,1
25449,截橑,1
25450,橑為,1
25451,為欂,1
25452,欂櫨,1
25453,櫨斫,1
25454,斫楹,1
25455,楹以,1
25456,為椽,1
25457,椽束,1
25458,束蒿,1
25459,蒿以,1
25460,以代,1
25461,代之,1
25462,之小,1
25463,小大,1
25464,相權,1
25465,權雖,1
25466,雨災,1
25467,災得,1
25468,得不,1
25469,不覆,1
25470,覆且,1
25471,且顛,1
25472,顛解,1
25473,解轡,1
25474,轡棄,1
25475,棄騏,1
25476,驥蹇,1
25477,蹇驢,1
25478,驢鞭,1
25479,鞭使,1
25480,前昆,1
25481,侖高,1
25482,高萬,1
25483,里歲,1
25484,歲盡,1
25485,盡道,1
25486,苦邅,1
25487,邅停,1
25488,停車,1
25489,車臥,1
25490,臥輪,1
25491,輪下,1
25492,下絕,1
25493,絕意,1
25494,意于,1
25495,于神,1
25496,仙雀,1
25497,雀鳴,1
25498,鳴朝,1
25499,朝營,1
25500,營食,1
25501,食鳩,1
25502,鳴暮,1
25503,暮覓,1
25504,覓群,1
25505,群獨,1
25506,時鶴,1
25507,鶴雖,1
25508,雖鳴,1
25509,不緣,1
25510,緣身,1
25511,身喑,1
25512,喑蟬,1
25513,蟬終,1
25514,不鳴,1
25515,有抱,1
25516,抱不,1
25517,列陳,1
25518,陳蛙,1
25519,黽鳴,1
25520,鳴無,1
25521,無謂,1
25522,謂合,1
25523,合合,1
25524,合只,1
25525,只亂,1
25526,人嚴,1
25527,嚴嚴,1
25528,嚴王,1
25529,母宮,1
25530,下維,1
25531,維萬,1
25532,萬仙,1
25533,仙家,1
25534,家噫,1
25535,噫欠,1
25536,欠為,1
25537,為飄,1
25538,飄風,1
25539,風濯,1
25540,濯手,1
25541,手大,1
25542,大雨,1
25543,雨沱,1
25544,沱方,1
25545,朔乃,1
25546,乃豎,1
25547,子驕,1
25548,驕不,1
25549,不加,1
25550,加禁,1
25551,禁訶,1
25552,訶偷,1
25553,偷入,1
25554,入雷,1
25555,電室,1
25556,室輷,1
25557,輷輘,1
25558,輘掉,1
25559,掉狂,1
25560,狂車,1
25561,車王,1
25562,母聞,1
25563,聞以,1
25564,以笑,1
25565,笑衛,1
25566,衛官,1
25567,官助,1
25568,助呀,1
25569,知萬,1
25570,萬人,1
25571,身埋,1
25572,埋泥,1
25573,泥沙,1
25574,沙簸,1
25575,簸頓,1
25576,頓五,1
25577,山踣,1
25578,踣流,1
25579,流漂,1
25580,漂八,1
25581,八維,1
25582,維蹉,1
25583,蹉曰,1
25584,曰吾,1
25585,吾兒,1
25586,憎奈,1
25587,此狡,1
25588,獪何,1
25589,何方,1
25590,朔聞,1
25591,聞不,1
25592,不喜,1
25593,喜褫,1
25594,褫身,1
25595,身絡,1
25596,絡蛟,1
25597,蛟蛇,1
25598,蛇瞻,1
25599,瞻相,1
25600,相北,1
25601,柄兩,1
25602,兩手,1
25603,手自,1
25604,相挼,1
25605,挼群,1
25606,群仙,1
25607,仙急,1
25608,急乃,1
25609,乃言,1
25610,言百,1
25611,百犯,1
25612,犯庸,1
25613,庸不,1
25614,不科,1
25615,科向,1
25616,向觀,1
25617,觀睥,1
25618,睨處,1
25619,事在,1
25620,可赦,1
25621,赦欲,1
25622,不布,1
25623,布露,1
25624,露言,1
25625,言外,1
25626,外口,1
25627,口實,1
25628,實喧,1
25629,喧嘩,1
25630,嘩王,1
25631,已顏,1
25632,顏嚬,1
25633,嚬口,1
25634,口齎,1
25635,齎嗟,1
25636,嗟頷,1
25637,頭可,1
25638,可其,1
25639,其奏,1
25640,奏送,1
25641,送以,1
25642,以紫,1
25643,紫玉,1
25644,玉珂,1
25645,珂方,1
25646,朔不,1
25647,不懲,1
25648,創挾,1
25649,挾恩,1
25650,恩更,1
25651,更矜,1
25652,誇詆,1
25653,詆欺,1
25654,欺劉,1
25655,劉天,1
25656,子正,1
25657,晝溺,1
25658,溺殿,1
25659,殿衙,1
25660,衙一,1
25661,一旦,1
25662,旦不,1
25663,辭訣,1
25664,訣攝,1
25665,攝身,1
25666,身淩,1
25667,淩蒼,1
25668,蒼霞,1
25669,霞屑,1
25670,屑屑,1
25671,屑水,1
25672,水帝,1
25673,帝魂,1
25674,魂謝,1
25675,謝謝,1
25676,謝無,1
25677,無餘,1
25678,餘輝,1
25679,輝如,1
25680,不肖,1
25681,肖子,1
25682,子尚,1
25683,尚奮,1
25684,奮瘧,1
25685,瘧鬼,1
25686,鬼威,1
25687,威乘,1
25688,乘秋,1
25689,秋作,1
25690,作寒,1
25691,寒熱,1
25692,熱翁,1
25693,翁嫗,1
25694,嫗所,1
25695,所罵,1
25696,罵譏,1
25697,譏求,1
25698,食歐,1
25699,歐泄,1
25700,泄間,1
25701,知臭,1
25702,臭穢,1
25703,穢非,1
25704,非醫,1
25705,醫師,1
25706,師加,1
25707,加百,1
25708,百毒,1
25709,毒熏,1
25710,熏灌,1
25711,灌無,1
25712,停機,1
25713,機灸,1
25714,灸師,1
25715,師施,1
25716,施艾,1
25717,艾炷,1
25718,炷酷,1
25719,酷若,1
25720,若獵,1
25721,獵火,1
25722,火圍,1
25723,圍詛,1
25724,詛師,1
25725,師毒,1
25726,毒口,1
25727,口牙,1
25728,舌作,1
25729,作霹,1
25730,靂飛,1
25731,飛符,1
25732,符師,1
25733,師弄,1
25734,弄刀,1
25735,刀筆,1
25736,筆丹,1
25737,丹墨,1
25738,墨交,1
25739,交橫,1
25740,橫揮,1
25741,揮咨,1
25742,咨汝,1
25743,汝之,1
25744,之胄,1
25745,胄出,1
25746,戶何,1
25747,何巍,1
25748,巍祖,1
25749,祖軒,1
25750,軒而,1
25751,而父,1
25752,父頊,1
25753,頊未,1
25754,未沫,1
25755,沫於,1
25756,於前,1
25757,前徽,1
25758,徽不,1
25759,修其,1
25760,其操,1
25761,操行,1
25762,賤薄,1
25763,薄似,1
25764,似汝,1
25765,汝稀,1
25766,稀豈,1
25767,不忝,1
25768,忝厥,1
25769,厥祖,1
25770,祖靦,1
25771,靦然,1
25772,然不,1
25773,知歸,1
25774,歸湛,1
25775,湛湛,1
25776,湛江,1
25777,清歸,1
25778,歸居,1
25779,居安,1
25780,安汝,1
25781,汝妃,1
25782,妃清,1
25783,清波,1
25784,波為,1
25785,為裳,1
25786,裳衣,1
25787,衣白,1
25788,石為,1
25789,為門,1
25790,門畿,1
25791,畿呼,1
25792,呼吸,1
25793,吸明,1
25794,月光,1
25795,光手,1
25796,手掉,1
25797,掉芙,1
25798,蓉旗,1
25799,旗降,1
25800,降集,1
25801,集隨,1
25802,隨九,1
25803,九歌,1
25804,歌飲,1
25805,飲芳,1
25806,芳而,1
25807,而食,1
25808,食菲,1
25809,菲贈,1
25810,贈汝,1
25811,汝以,1
25812,以好,1
25813,好辭,1
25814,辭咄,1
25815,咄汝,1
25816,去莫,1
25817,莫違,1
25818,違始,1
25819,始我,1
25820,師止,1
25821,止攜,1
25822,束書,1
25823,書辛,1
25824,勤三,1
25825,年以,1
25826,屋廬,1
25827,廬此,1
25828,屋豈,1
25829,華於,1
25830,於我,1
25831,餘中,1
25832,堂高,1
25833,高且,1
25834,且新,1
25835,新四,1
25836,時登,1
25837,登牢,1
25838,牢蔬,1
25839,蔬前,1
25840,前榮,1
25841,榮饌,1
25842,饌賓,1
25843,賓親,1
25844,親冠,1
25845,冠婚,1
25846,婚之,1
25847,所於,1
25848,庭內,1
25849,內無,1
25850,樹八,1
25851,九株,1
25852,株有,1
25853,有藤,1
25854,藤婁,1
25855,婁絡,1
25856,絡之,1
25857,之春,1
25858,華夏,1
25859,陰敷,1
25860,敷東,1
25861,東堂,1
25862,見山,1
25863,山雲,1
25864,雲風,1
25865,風相,1
25866,相吹,1
25867,噓松,1
25868,松果,1
25869,果連,1
25870,連南,1
25871,南亭,1
25872,亭外,1
25873,有瓜,1
25874,瓜芋,1
25875,芋區,1
25876,區西,1
25877,偏屋,1
25878,多槐,1
25879,槐榆,1
25880,榆翳,1
25881,翳空,1
25882,虛山,1
25883,鳥旦,1
25884,夕鳴,1
25885,類澗,1
25886,澗谷,1
25887,谷居,1
25888,居主,1
25889,主婦,1
25890,婦治,1
25891,治北,1
25892,北堂,1
25893,堂膳,1
25894,膳服,1
25895,服適,1
25896,適戚,1
25897,戚疏,1
25898,疏恩,1
25899,恩封,1
25900,封高,1
25901,高平,1
25902,平君,1
25903,孫從,1
25904,從朝,1
25905,朝裾,1
25906,裾開,1
25907,開門,1
25908,誰來,1
25909,非卿,1
25910,卿大,1
25911,夫不,1
25912,官高,1
25913,卑玉,1
25914,玉帶,1
25915,帶懸,1
25916,懸金,1
25917,金魚,1
25918,魚問,1
25919,問客,1
25920,客之,1
25921,為峨,1
25922,冠講,1
25923,講唐,1
25924,虞酒,1
25925,為棋,1
25926,棋槊,1
25927,槊以,1
25928,以相,1
25929,相娛,1
25930,娛凡,1
25931,凡此,1
25932,九持,1
25933,持鈞,1
25934,鈞樞,1
25935,樞又,1
25936,又問,1
25937,與頻,1
25938,頻莫,1
25939,張樊,1
25940,樊如,1
25941,如來,1
25942,過亦,1
25943,事考,1
25944,考評,1
25945,評道,1
25946,道精,1
25947,精粗,1
25948,粗躚,1
25949,躚躚,1
25950,躚媚,1
25951,媚學,1
25952,學子,1
25953,子牆,1
25954,牆屏,1
25955,屏日,1
25956,徒以,1
25957,能問,1
25958,問不,1
25959,能其,1
25960,其蔽,1
25961,蔽豈,1
25962,豈可,1
25963,可祛,1
25964,祛嗟,1
25965,修飾,1
25966,飾事,1
25967,事與,1
25968,與庸,1
25969,庸人,1
25970,人俱,1
25971,俱安,1
25972,能坐,1
25973,坐如,1
25974,此比,1
25975,比肩,1
25976,肩於,1
25977,朝儒,1
25978,儒詩,1
25979,詩以,1
25980,以示,1
25981,示兒,1
25982,兒曹,1
25983,曹其,1
25984,無迷,1
25985,迷厥,1
25986,初下,1
25987,下葉,1
25988,葉各,1
25989,各垂,1
25990,垂地,1
25991,地樹,1
25992,樹顛,1
25993,顛各,1
25994,各雲,1
25995,雲連,1
25996,連朝,1
25997,其東,1
25998,東我,1
25999,偏夕,1
26000,夕日,1
26001,其西,1
26002,西我,1
26003,坐東,1
26004,東邊,1
26005,邊當,1
26006,晝日,1
26007,上我,1
26008,中央,1
26009,央間,1
26010,間仰,1
26011,視何,1
26012,何青,1
26013,青上,1
26014,見纖,1
26015,纖穿,1
26016,暮無,1
26017,日時,1
26018,時我,1
26019,我且,1
26020,且八,1
26021,九旋,1
26022,旋濯,1
26023,濯晨,1
26024,晨露,1
26025,露香,1
26026,香明,1
26027,珠何,1
26028,何聯,1
26029,聯聯,1
26030,聯夜,1
26031,夜月,1
26032,照之,1
26033,之蒨,1
26034,蒨蒨,1
26035,蒨自,1
26036,生煙,1
26037,煙我,1
26038,我已,1
26039,自頑,1
26040,頑鈍,1
26041,鈍重,1
26042,重遭,1
26043,遭五,1
26044,五楸,1
26045,楸牽,1
26046,牽客,1
26047,客來,1
26048,來尚,1
26049,見肯,1
26050,肯到,1
26051,到權,1
26052,門前,1
26053,前權,1
26054,門眾,1
26055,所趨,1
26056,趨有,1
26057,客動,1
26058,動百,1
26059,百千,1
26060,千九,1
26061,九牛,1
26062,牛亡,1
26063,亡一,1
26064,一毛,1
26065,毛未,1
26066,未在,1
26067,在多,1
26068,少間,1
26069,間往,1
26070,往既,1
26071,既無,1
26072,可顧,1
26073,顧不,1
26074,不往,1
26075,往自,1
26076,憐前,1
26077,前夕,1
26078,夕雖,1
26079,雖十,1
26080,月長,1
26081,長未,1
26082,滿規,1
26083,規君,1
26084,來晤,1
26085,晤我,1
26086,時風,1
26087,露渺,1
26088,渺無,1
26089,涯浮,1
26090,雲散,1
26091,散白,1
26092,石天,1
26093,天宇,1
26094,宇開,1
26095,青池,1
26096,池孤,1
26097,孤質,1
26098,質不,1
26099,自憚,1
26100,憚中,1
26101,中天,1
26102,天為,1
26103,君施,1
26104,施玩,1
26105,玩玩,1
26106,玩夜,1
26107,夜遂,1
26108,遂久,1
26109,久亭,1
26110,亭曙,1
26111,曙將,1
26112,將披,1
26113,披況,1
26114,夕圓,1
26115,圓又,1
26116,以嘉,1
26117,嘉客,1
26118,客隨,1
26119,隨惜,1
26120,惜無,1
26121,無酒,1
26122,食樂,1
26123,樂但,1
26124,但用,1
26125,用歌,1
26126,歌嘲,1
26127,嘲為,1
26128,為燦,1
26129,燦燦,1
26130,燦辰,1
26131,辰角,1
26132,角曙,1
26133,曙亭,1
26134,亭寒,1
26135,露朝,1
26136,朝川,1
26137,原共,1
26138,共澄,1
26139,澄映,1
26140,還浮,1
26141,浮飄,1
26142,飄上,1
26143,宰嚴,1
26144,嚴祀,1
26145,祀事,1
26146,事清,1
26147,清途,1
26148,途振,1
26149,振華,1
26150,華鑣,1
26151,鑣圓,1
26152,圓丘,1
26153,丘峻,1
26154,峻且,1
26155,且坦,1
26156,坦前,1
26157,山標,1
26158,標村,1
26159,村樹,1
26160,樹黃,1
26161,黃複,1
26162,複綠,1
26163,綠中,1
26164,中田,1
26165,田稼,1
26166,稼何,1
26167,何饒,1
26168,饒顧,1
26169,瞻想,1
26170,想岩,1
26171,岩穀,1
26172,穀興,1
26173,歎倦,1
26174,倦塵,1
26175,塵囂,1
26176,囂惟,1
26177,彼顛,1
26178,顛瞑,1
26179,瞑者,1
26180,者去,1
26181,去公,1
26182,公豈,1
26183,不遼,1
26184,遼為,1
26185,為仁,1
26186,仁朝,1
26187,朝自,1
26188,自治,1
26189,治用,1
26190,用靜,1
26191,靜兵,1
26192,兵以,1
26193,以銷,1
26194,銷勿,1
26195,憚吐,1
26196,吐捉,1
26197,捉勤,1
26198,勤可,1
26199,可歌,1
26200,歌風,1
26201,雨調,1
26202,調聖,1
26203,聖賢,1
26204,相遇,1
26205,遇少,1
26206,少功,1
26207,德今,1
26208,今宣,1
26209,宣昭,1
26210,昭公,1
26211,公乎,1
26212,乎真,1
26213,真愛,1
26214,山看,1
26215,看山,1
26216,山旦,1
26217,旦連,1
26218,連夕,1
26219,夕猶,1
26220,嫌山,1
26221,在眼,1
26222,得著,1
26223,著腳,1
26224,腳曆,1
26225,曆枉,1
26226,枉語,1
26227,語山,1
26228,人匄,1
26229,匄我,1
26230,我澗,1
26231,澗側,1
26232,側石,1
26233,石有,1
26234,應公,1
26235,公須,1
26236,歸必,1
26237,必載,1
26238,載金,1
26239,帛當,1
26240,當軒,1
26241,乍駢,1
26242,駢羅,1
26243,羅隨,1
26244,隨勢,1
26245,勢忽,1
26246,忽開,1
26247,開坼,1
26248,坼有,1
26249,有洞,1
26250,洞若,1
26251,若神,1
26252,神剜,1
26253,剜有,1
26254,有岩,1
26255,岩類,1
26256,天劃,1
26257,劃終,1
26258,朝岩,1
26259,洞間,1
26260,間歌,1
26261,歌鼓,1
26262,鼓燕,1
26263,燕賓,1
26264,賓戚,1
26265,戚孰,1
26266,孰謂,1
26267,謂衡,1
26268,衡霍,1
26269,霍期,1
26270,期近,1
26271,近在,1
26272,在王,1
26273,王侯,1
26274,侯宅,1
26275,宅傅,1
26276,傅氏,1
26277,氏築,1
26278,築已,1
26279,已卑,1
26280,卑磻,1
26281,磻溪,1
26282,溪釣,1
26283,釣何,1
26284,何激,1
26285,激逍,1
26286,遙功,1
26287,德下,1
26288,下不,1
26289,與事,1
26290,事相,1
26291,相摭,1
26292,摭樂,1
26293,樂我,1
26294,我盛,1
26295,盛明,1
26296,明朝,1
26297,朝於,1
26298,於焉,1
26299,焉傲,1
26300,傲今,1
26301,今昔,1
26302,昔一,1
26303,日復,1
26304,復一,1
26305,朝複,1
26306,朝只,1
26307,所超,1
26308,超食,1
26309,食作,1
26310,日味,1
26311,味事,1
26312,日調,1
26313,調不,1
26314,知久,1
26315,死憫,1
26316,憫憫,1
26317,憫尚,1
26318,誰要,1
26319,要富,1
26320,貴自,1
26321,自縶,1
26322,縶拘,1
26323,拘貧,1
26324,賤亦,1
26325,亦煎,1
26326,煎焦,1
26327,焦俯,1
26328,仰未,1
26329,所一,1
26330,世已,1
26331,已解,1
26332,解鑣,1
26333,鑣譬,1
26334,中鶴,1
26335,鶴六,1
26336,六翮,1
26337,翮無,1
26338,所搖,1
26339,搖譬,1
26340,如兔,1
26341,兔得,1
26342,得蹄,1
26343,蹄安,1
26344,用東,1
26345,西跳,1
26346,跳還,1
26347,還看,1
26348,看古,1
26349,書複,1
26350,複舉,1
26351,舉前,1
26352,人瓢,1
26353,瓢未,1
26354,窮竟,1
26355,竟且,1
26356,且作,1
26357,詩謠,1
26358,謠鄴,1
26359,鄴侯,1
26360,多書,1
26361,書插,1
26362,插架,1
26363,架三,1
26364,三萬,1
26365,萬軸,1
26366,軸一,1
26367,一懸,1
26368,懸牙,1
26369,牙籤,1
26370,籤新,1
26371,新若,1
26372,若手,1
26373,手未,1
26374,未觸,1
26375,觸為,1
26376,人強,1
26377,強記,1
26378,記覽,1
26379,覽過,1
26380,過眼,1
26381,再讀,1
26382,讀偉,1
26383,偉哉,1
26384,哉群,1
26385,群聖,1
26386,聖文,1
26387,文磊,1
26388,落載,1
26389,載其,1
26390,其腹,1
26391,腹行,1
26392,行年,1
26393,年五,1
26394,餘出,1
26395,出守,1
26396,守數,1
26397,數已,1
26398,已六,1
26399,六京,1
26400,京邑,1
26401,邑有,1
26402,有舊,1
26403,舊廬,1
26404,廬不,1
26405,容久,1
26406,久食,1
26407,食宿,1
26408,宿台,1
26409,閣多,1
26410,多官,1
26411,官員,1
26412,員無,1
26413,地寄,1
26414,寄一,1
26415,一足,1
26416,足我,1
26417,雖官,1
26418,朝氣,1
26419,氣勢,1
26420,勢日,1
26421,日局,1
26422,局縮,1
26423,縮屢,1
26424,屢為,1
26425,為丞,1
26426,相言,1
26427,言雖,1
26428,雖懇,1
26429,懇不,1
26430,見錄,1
26431,錄送,1
26432,行過,1
26433,過滻,1
26434,滻水,1
26435,東望,1
26436,望不,1
26437,不轉,1
26438,轉目,1
26439,目今,1
26440,子從,1
26441,從之,1
26442,之遊,1
26443,遊學,1
26444,學問,1
26445,問得,1
26446,所欲,1
26447,欲入,1
26448,入海,1
26449,海觀,1
26450,觀龍,1
26451,魚矯,1
26452,矯翮,1
26453,翮逐,1
26454,逐黃,1
26455,鵠勉,1
26456,勉為,1
26457,為新,1
26458,詩章,1
26459,章月,1
26460,月寄,1
26461,寄三,1
26462,四幅,1
26463,幅榜,1
26464,榜舟,1
26465,舟南,1
26466,上上,1
26467,返幽,1
26468,幽事,1
26469,隨去,1
26470,去多,1
26471,多孰,1
26472,能量,1
26473,量近,1
26474,遠陰,1
26475,陰沈,1
26476,沈過,1
26477,過連,1
26478,連樹,1
26479,樹藏,1
26480,藏昂,1
26481,昂抵,1
26482,抵橫,1
26483,橫阪,1
26484,阪石,1
26485,石粗,1
26486,粗肆,1
26487,肆磨,1
26488,磨礪,1
26489,礪波,1
26490,波惡,1
26491,惡厭,1
26492,厭牽,1
26493,牽挽,1
26494,挽或,1
26495,或倚,1
26496,倚偏,1
26497,偏岸,1
26498,岸漁,1
26499,漁竟,1
26500,竟就,1
26501,平洲,1
26502,洲飯,1
26503,飯點,1
26504,點暮,1
26505,暮雨,1
26506,雨飄,1
26507,飄梢,1
26508,梢新,1
26509,月偃,1
26510,偃餘,1
26511,餘年,1
26512,年懍,1
26513,懍無,1
26514,幾休,1
26515,休日,1
26516,日愴,1
26517,愴已,1
26518,已晚,1
26519,是病,1
26520,病使,1
26521,使然,1
26522,然非,1
26523,由取,1
26524,蹇南,1
26525,南溪,1
26526,溪亦,1
26527,亦清,1
26528,清駛,1
26529,駛而,1
26530,而無,1
26531,無楫,1
26532,楫與,1
26533,與舟,1
26534,山農,1
26535,農驚,1
26536,之隨,1
26537,我勸,1
26538,勸不,1
26539,休不,1
26540,不惟,1
26541,惟兒,1
26542,童輩,1
26543,輩或,1
26544,或有,1
26545,有杖,1
26546,杖白,1
26547,頭饋,1
26548,我籠,1
26549,中瓜,1
26550,瓜勸,1
26551,我此,1
26552,此淹,1
26553,我雲,1
26554,雲以,1
26555,以病,1
26556,病歸,1
26557,此已,1
26558,已頗,1
26559,頗自,1
26560,由幸,1
26561,有用,1
26562,用餘,1
26563,餘俸,1
26564,俸置,1
26565,置居,1
26566,居在,1
26567,西疇,1
26568,疇囷,1
26569,囷倉,1
26570,倉米,1
26571,米谷,1
26572,谷滿,1
26573,滿未,1
26574,有旦,1
26575,夕憂,1
26576,憂上,1
26577,上去,1
26578,無得,1
26579,得得,1
26580,得下,1
26581,下來,1
26582,亦悠,1
26583,悠但,1
26584,但恐,1
26585,恐煩,1
26586,煩裏,1
26587,閭時,1
26588,有緩,1
26589,緩急,1
26590,急投,1
26591,投願,1
26592,願為,1
26593,為同,1
26594,同社,1
26595,社人,1
26596,人雞,1
26597,雞豚,1
26598,豚燕,1
26599,燕春,1
26600,秋足,1
26601,足弱,1
26602,弱不,1
26603,能步,1
26604,步自,1
26605,宜收,1
26606,收朝,1
26607,朝跡,1
26608,跡羸,1
26609,羸形,1
26610,形可,1
26611,可輿,1
26612,輿致,1
26613,致佳,1
26614,佳觀,1
26615,觀安,1
26616,安事,1
26617,事擲,1
26618,擲即,1
26619,此南,1
26620,南阪,1
26621,阪下,1
26622,下久,1
26623,久聞,1
26624,有水,1
26625,石拖,1
26626,拖舟,1
26627,間溪,1
26628,流正,1
26629,正清,1
26630,清激,1
26631,激隨,1
26632,隨波,1
26633,波吾,1
26634,能峻,1
26635,峻瀨,1
26636,瀨乍,1
26637,可刺,1
26638,刺鷺,1
26639,鷺起,1
26640,起若,1
26641,若導,1
26642,導吾,1
26643,吾前,1
26644,前飛,1
26645,飛數,1
26646,十尺,1
26647,尺亭,1
26648,亭柳,1
26649,柳帶,1
26650,帶沙,1
26651,沙團,1
26652,團松,1
26653,松冠,1
26654,冠壁,1
26655,壁歸,1
26656,歸時,1
26657,時還,1
26658,還盡,1
26659,盡夜,1
26660,夜誰,1
26661,謂非,1
26662,非事,1
26663,事役,1
26664,役浩,1
26665,浩複,1
26666,複湯,1
26667,湯灘,1
26668,灘聲,1
26669,聲抑,1
26670,抑更,1
26671,更揚,1
26672,揚奔,1
26673,流疑,1
26674,疑激,1
26675,激電,1
26676,電驚,1
26677,驚浪,1
26678,浪似,1
26679,似浮,1
26680,浮霜,1
26681,霜夢,1
26682,夢覺,1
26683,覺燈,1
26684,燈生,1
26685,生暈,1
26686,暈宵,1
26687,宵殘,1
26688,殘雨,1
26689,雨送,1
26690,送涼,1
26691,涼如,1
26692,何連,1
26693,連曉,1
26694,曉語,1
26695,半是,1
26696,是思,1
26697,思鄉,1
26698,鄉叉,1
26699,叉魚,1
26700,魚春,1
26701,春岸,1
26702,岸闊,1
26703,闊此,1
26704,此興,1
26705,興在,1
26706,宵大,1
26707,大炬,1
26708,炬然,1
26709,然如,1
26710,如晝,1
26711,晝長,1
26712,長船,1
26713,船縛,1
26714,縛似,1
26715,似橋,1
26716,橋深,1
26717,深窺,1
26718,窺沙,1
26719,沙可,1
26720,可數,1
26721,數靜,1
26722,靜搒,1
26723,搒水,1
26724,水無,1
26725,無搖,1
26726,搖刃,1
26727,刃下,1
26728,下那,1
26729,能脫,1
26730,脫波,1
26731,波間,1
26732,間或,1
26733,自跳,1
26734,跳中,1
26735,中鱗,1
26736,鱗憐,1
26737,憐錦,1
26738,錦碎,1
26739,碎當,1
26740,當目,1
26741,目訝,1
26742,訝珠,1
26743,珠銷,1
26744,銷迷,1
26745,迷火,1
26746,火逃,1
26747,逃翻,1
26748,翻近,1
26749,近驚,1
26750,去暫,1
26751,暫遙,1
26752,遙競,1
26753,競多,1
26754,多心,1
26755,轉細,1
26756,得雋,1
26757,雋語,1
26758,語時,1
26759,時囂,1
26760,囂潭,1
26761,潭罄,1
26762,罄知,1
26763,知存,1
26764,存寡,1
26765,寡舷,1
26766,舷平,1
26767,平覺,1
26768,覺獲,1
26769,饒交,1
26770,交頭,1
26771,頭疑,1
26772,疑湊,1
26773,湊餌,1
26774,餌駢,1
26775,駢首,1
26776,首類,1
26777,類同,1
26778,同條,1
26779,條濡,1
26780,濡沫,1
26781,沫情,1
26782,情雖,1
26783,雖密,1
26784,密登,1
26785,登門,1
26786,門事,1
26787,已遼,1
26788,遼盈,1
26789,盈車,1
26790,車欺,1
26791,欺故,1
26792,故事,1
26793,事飼,1
26794,飼犬,1
26795,犬驗,1
26796,驗今,1
26797,朝血,1
26798,血浪,1
26799,浪凝,1
26800,凝猶,1
26801,猶沸,1
26802,沸腥,1
26803,腥風,1
26804,風遠,1
26805,遠更,1
26806,更飄,1
26807,飄蓋,1
26808,蓋江,1
26809,江煙,1
26810,煙冪,1
26811,冪冪,1
26812,冪拂,1
26813,拂棹,1
26814,棹影,1
26815,影寥,1
26816,寥獺,1
26817,獺去,1
26818,去愁,1
26819,愁無,1
26820,食龍,1
26821,移懼,1
26822,懼見,1
26823,見燒,1
26824,燒如,1
26825,如棠,1
26826,棠名,1
26827,名既,1
26828,既誤,1
26829,誤釣,1
26830,釣渭,1
26831,渭日,1
26832,日徒,1
26833,徒消,1
26834,消文,1
26835,文客,1
26836,客驚,1
26837,驚先,1
26838,先賦,1
26839,賦篙,1
26840,篙工,1
26841,工喜,1
26842,喜盡,1
26843,盡謠,1
26844,謠膾,1
26845,膾成,1
26846,成思,1
26847,友觀,1
26848,觀樂,1
26849,樂憶,1
26850,憶吾,1
26851,吾僚,1
26852,僚自,1
26853,可捐,1
26854,捐憂,1
26855,憂累,1
26856,累何,1
26857,須強,1
26858,強問,1
26859,問鴞,1
26860,鴞題,1
26861,題是,1
26862,是臨,1
26863,臨池,1
26864,池後,1
26865,分從,1
26866,從起,1
26867,起草,1
26868,草餘,1
26869,餘兔,1
26870,兔尖,1
26871,尖針,1
26872,針莫,1
26873,莫並,1
26874,並繭,1
26875,繭淨,1
26876,淨雪,1
26877,雪難,1
26878,難如,1
26879,如莫,1
26880,莫怪,1
26881,怪殷,1
26882,勤謝,1
26883,謝虞,1
26884,虞卿,1
26885,卿正,1
26886,正著,1
26887,著書,1
26888,書今,1
26889,日是,1
26890,何朝,1
26891,朝天,1
26892,天晴,1
26893,晴物,1
26894,色饒,1
26895,饒落,1
26896,落英,1
26897,英千,1
26898,千尺,1
26899,尺墮,1
26900,墮遊,1
26901,遊絲,1
26902,絲百,1
26903,丈飄,1
26904,飄泄,1
26905,泄乳,1
26906,乳交,1
26907,交岩,1
26908,岩脈,1
26909,脈懸,1
26910,流揭,1
26911,揭浪,1
26912,浪標,1
26913,標無,1
26914,思嶺,1
26915,北猿,1
26916,猿鳥,1
26917,莫相,1
26918,相撩,1
26919,撩山,1
26920,山淨,1
26921,淨江,1
26922,江空,1
26923,空水,1
26924,水見,1
26925,見沙,1
26926,沙哀,1
26927,哀猿,1
26928,猿啼,1
26929,啼處,1
26930,處兩,1
26931,兩三,1
26932,三家,1
26933,家筼,1
26934,筼簹,1
26935,簹競,1
26936,競長,1
26937,長纖,1
26938,纖筍,1
26939,筍躑,1
26940,躅閑,1
26941,閑開,1
26942,開豔,1
26943,豔花,1
26944,花未,1
26945,恩波,1
26946,波知,1
26947,知死,1
26948,死所,1
26949,所莫,1
26950,令炎,1
26951,炎瘴,1
26952,瘴送,1
26953,送生,1
26954,生涯,1
26955,涯吟,1
26956,吟君,1
26957,詩罷,1
26958,罷看,1
26959,看雙,1
26960,雙鬢,1
26961,鬢鬥,1
26962,鬥覺,1
26963,覺霜,1
26964,霜毛,1
26965,毛一,1
26966,半加,1
26967,加乞,1
26968,乞雨,1
26969,雨女,1
26970,女郎,1
26971,郎魂,1
26972,魂炰,1
26973,炰羞,1
26974,羞潔,1
26975,潔且,1
26976,且繁,1
26977,繁廟,1
26978,廟開,1
26979,開鼯,1
26980,鼯鼠,1
26981,鼠叫,1
26982,叫神,1
26983,神降,1
26984,降越,1
26985,越巫,1
26986,巫言,1
26987,言旱,1
26988,旱氣,1
26989,氣期,1
26990,期銷,1
26991,銷蕩,1
26992,蕩陰,1
26993,陰官,1
26994,官想,1
26995,想駿,1
26996,駿奔,1
26997,奔行,1
26998,行看,1
26999,看五,1
27000,五馬,1
27001,馬入,1
27002,入蕭,1
27003,蕭颯,1
27004,颯已,1
27005,已隨,1
27006,隨軒,1
27007,軒休,1
27008,休垂,1
27009,垂絕,1
27010,絕徼,1
27011,徼千,1
27012,千行,1
27013,行淚,1
27014,淚共,1
27015,共泛,1
27016,泛清,1
27017,湘一,1
27018,一葉,1
27019,葉舟,1
27020,舟今,1
27021,日嶺,1
27022,猿兼,1
27023,兼越,1
27024,越鳥,1
27025,鳥可,1
27026,憐同,1
27027,同聽,1
27028,知愁,1
27029,愁山,1
27030,山作,1
27031,作劍,1
27032,攢江,1
27033,江寫,1
27034,寫鏡,1
27035,鏡扁,1
27036,扁舟,1
27037,舟鬥,1
27038,鬥轉,1
27039,轉疾,1
27040,疾於,1
27041,於飛,1
27042,飛回,1
27043,笑向,1
27044,向張,1
27045,張公,1
27046,公子,1
27047,子終,1
27048,日思,1
27049,思歸,1
27050,日歸,1
27051,歸雪,1
27052,雪颭,1
27053,颭霜,1
27054,霜翻,1
27055,翻看,1
27056,不分,1
27057,分雷,1
27058,激語,1
27059,語難,1
27060,難聞,1
27061,聞沿,1
27062,沿涯,1
27063,涯宛,1
27064,宛轉,1
27065,轉到,1
27066,到深,1
27067,深處,1
27068,處何,1
27069,何限,1
27070,限青,1
27071,無片,1
27072,片雲,1
27073,雲火,1
27074,火透,1
27075,透波,1
27076,波穿,1
27077,穿不,1
27078,計春,1
27079,春根,1
27080,根如,1
27081,如頭,1
27082,頭面,1
27083,面幹,1
27084,幹如,1
27085,如身,1
27086,身偶,1
27087,偶然,1
27088,然題,1
27089,題作,1
27090,作木,1
27091,木居,1
27092,居士,1
27093,士便,1
27094,便有,1
27095,窮求,1
27096,求福,1
27097,福人,1
27098,人為,1
27099,為神,1
27100,神詎,1
27101,詎比,1
27102,比溝,1
27103,溝中,1
27104,斷遇,1
27105,遇賞,1
27106,賞還,1
27107,還同,1
27108,同爨,1
27109,爨下,1
27110,下餘,1
27111,餘朽,1
27112,朽蠹,1
27113,蠹不,1
27114,不勝,1
27115,勝刀,1
27116,刀鋸,1
27117,鋸力,1
27118,力匠,1
27119,匠人,1
27120,巧欲,1
27121,如郡,1
27122,城朝,1
27123,朝解,1
27124,解纜,1
27125,纜江,1
27126,江岸,1
27127,岸暮,1
27128,暮依,1
27129,依村,1
27130,村二,1
27131,二女,1
27132,女竹,1
27133,竹上,1
27134,上淚,1
27135,淚孤,1
27136,臣水,1
27137,水底,1
27138,底魂,1
27139,魂雙,1
27140,雙雙,1
27141,雙歸,1
27142,歸蟄,1
27143,蟄燕,1
27144,燕一,1
27145,一叫,1
27146,叫群,1
27147,群猿,1
27148,猿回,1
27149,首那,1
27150,那聞,1
27151,語空,1
27152,看別,1
27153,袖翻,1
27154,翻猿,1
27155,猿愁,1
27156,愁魚,1
27157,魚踴,1
27158,踴水,1
27159,翻波,1
27160,傳是,1
27161,是汨,1
27162,汨羅,1
27163,羅蘋,1
27164,蘋藻,1
27165,藻滿,1
27166,盤無,1
27167,處奠,1
27168,奠空,1
27169,聞漁,1
27170,漁父,1
27171,父扣,1
27172,扣舷,1
27173,舷歌,1
27174,歌山,1
27175,山僧,1
27176,僧愛,1
27177,山出,1
27178,出無,1
27179,期俗,1
27180,俗士,1
27181,士牽,1
27182,牽俗,1
27183,俗來,1
27184,時祝,1
27185,融峰,1
27186,峰下,1
27187,下一,1
27188,首即,1
27189,是此,1
27190,長別,1
27191,離宿,1
27192,雲寒,1
27193,不卷,1
27194,卷春,1
27195,春雪,1
27196,雪墮,1
27197,墮如,1
27198,如簁,1
27199,簁騁,1
27200,騁巧,1
27201,巧先,1
27202,先投,1
27203,投隙,1
27204,隙潛,1
27205,潛光,1
27206,光半,1
27207,半入,1
27208,入池,1
27209,池喜,1
27210,喜深,1
27211,深將,1
27212,將策,1
27213,策試,1
27214,試驚,1
27215,驚密,1
27216,密仰,1
27217,仰簷,1
27218,簷窺,1
27219,窺自,1
27220,自下,1
27221,下何,1
27222,何曾,1
27223,曾汙,1
27224,汙增,1
27225,增高,1
27226,高未,1
27227,覺危,1
27228,危比,1
27229,比心,1
27230,心明,1
27231,明可,1
27232,可燭,1
27233,燭拂,1
27234,拂面,1
27235,面愛,1
27236,愛還,1
27237,還吹,1
27238,吹妒,1
27239,妒舞,1
27240,舞時,1
27241,時飄,1
27242,飄袖,1
27243,袖欺,1
27244,欺梅,1
27245,梅並,1
27246,並壓,1
27247,壓枝,1
27248,枝地,1
27249,空迷,1
27250,迷界,1
27251,界限,1
27252,限砌,1
27253,砌滿,1
27254,滿接,1
27255,接高,1
27256,卑浩,1
27257,蕩乾,1
27258,坤合,1
27259,合霏,1
27260,霏微,1
27261,象移,1
27262,移為,1
27263,為祥,1
27264,祥矜,1
27265,矜大,1
27266,大熟,1
27267,熟布,1
27268,布澤,1
27269,澤荷,1
27270,荷平,1
27271,平施,1
27272,施已,1
27273,分年,1
27274,年華,1
27275,華晚,1
27276,晚猶,1
27277,猶憐,1
27278,憐曙,1
27279,曙色,1
27280,色隨,1
27281,隨氣,1
27282,氣嚴,1
27283,嚴當,1
27284,當酒,1
27285,酒換,1
27286,換灑,1
27287,灑急,1
27288,急聽,1
27289,聽窗,1
27290,窗知,1
27291,知照,1
27292,曜臨,1
27293,臨初,1
27294,初日,1
27295,日玲,1
27296,瓏滴,1
27297,滴晚,1
27298,晚澌,1
27299,澌聚,1
27300,聚庭,1
27301,看嶽,1
27302,嶽聳,1
27303,聳掃,1
27304,掃路,1
27305,路見,1
27306,見雲,1
27307,雲披,1
27308,披陣,1
27309,陣勢,1
27310,勢魚,1
27311,魚麗,1
27312,麗遠,1
27313,遠書,1
27314,書文,1
27315,文鳥,1
27316,鳥篆,1
27317,篆奇,1
27318,奇縱,1
27319,縱歡,1
27320,歡羅,1
27321,羅豔,1
27322,豔黠,1
27323,黠列,1
27324,列賀,1
27325,賀擁,1
27326,擁熊,1
27327,熊螭,1
27328,螭履,1
27329,履敝,1
27330,敝行,1
27331,行偏,1
27332,偏冷,1
27333,冷門,1
27334,門扃,1
27335,扃臥,1
27336,臥更,1
27337,更羸,1
27338,羸悲,1
27339,悲嘶,1
27340,嘶聞,1
27341,聞病,1
27342,病馬,1
27343,馬浪,1
27344,浪走,1
27345,走信,1
27346,信嬌,1
27347,兒灶,1
27348,灶靜,1
27349,靜愁,1
27350,愁煙,1
27351,煙絕,1
27352,絕絲,1
27353,絲繁,1
27354,繁念,1
27355,念鬢,1
27356,鬢衰,1
27357,衰擬,1
27358,擬鹽,1
27359,鹽吟,1
27360,吟舊,1
27361,舊句,1
27362,句授,1
27363,授簡,1
27364,簡慕,1
27365,慕前,1
27366,前規,1
27367,規捧,1
27368,同燕,1
27369,燕石,1
27370,石多,1
27371,多慚,1
27372,慚失,1
27373,宜看,1
27374,看雪,1
27375,雪乘,1
27376,乘清,1
27377,清旦,1
27378,旦無,1
27379,人坐,1
27380,坐獨,1
27381,獨謠,1
27382,謠拂,1
27383,拂花,1
27384,花輕,1
27385,輕尚,1
27386,尚起,1
27387,起落,1
27388,地暖,1
27389,暖初,1
27390,初銷,1
27391,銷已,1
27392,已訝,1
27393,訝陵,1
27394,陵歌,1
27395,歌扇,1
27396,扇還,1
27397,還來,1
27398,來伴,1
27399,伴舞,1
27400,舞腰,1
27401,腰灑,1
27402,灑篁,1
27403,篁留,1
27404,留密,1
27405,密節,1
27406,節著,1
27407,著柳,1
27408,柳送,1
27409,送長,1
27410,長條,1
27411,條入,1
27412,入鏡,1
27413,鏡鸞,1
27414,鸞窺,1
27415,窺沼,1
27416,沼行,1
27417,行天,1
27418,天馬,1
27419,馬度,1
27420,度橋,1
27421,橋遍,1
27422,遍階,1
27423,階憐,1
27424,憐可,1
27425,可掬,1
27426,掬滿,1
27427,滿樹,1
27428,樹戲,1
27429,戲成,1
27430,成搖,1
27431,搖江,1
27432,江浪,1
27433,浪迎,1
27434,迎濤,1
27435,濤日,1
27436,日風,1
27437,風毛,1
27438,毛縱,1
27439,縱獵,1
27440,獵朝,1
27441,朝弄,1
27442,弄閒,1
27443,閒時,1
27444,時細,1
27445,細轉,1
27446,轉爭,1
27447,爭急,1
27448,急忽,1
27449,驚飄,1
27450,飄城,1
27451,城險,1
27452,疑懸,1
27453,懸布,1
27454,布砧,1
27455,砧寒,1
27456,未搗,1
27457,搗綃,1
27458,綃莫,1
27459,愁陰,1
27460,陰景,1
27461,景促,1
27462,促夜,1
27463,夜色,1
27464,色自,1
27465,相饒,1
27466,饒桃,1
27467,桃溪,1
27468,溪惆,1
27469,悵不,1
27470,能過,1
27471,過紅,1
27472,豔紛,1
27473,地多,1
27474,多聞,1
27475,道郭,1
27476,郭西,1
27477,西千,1
27478,樹雪,1
27479,雪欲,1
27480,將君,1
27481,君去,1
27482,去醉,1
27483,何梅,1
27484,梅將,1
27485,將雪,1
27486,雪共,1
27487,共春,1
27488,春彩,1
27489,彩豔,1
27490,豔不,1
27491,相因,1
27492,因逐,1
27493,吹能,1
27494,爭密,1
27495,密排,1
27496,排枝,1
27497,枝巧,1
27498,巧妒,1
27499,妒新,1
27500,新誰,1
27501,令香,1
27502,香滿,1
27503,滿座,1
27504,座獨,1
27505,獨使,1
27506,使淨,1
27507,塵芳,1
27508,意饒,1
27509,饒呈,1
27510,呈瑞,1
27511,瑞寒,1
27512,光助,1
27513,助照,1
27514,照人,1
27515,人玲,1
27516,瓏開,1
27517,開已,1
27518,已遍,1
27519,遍點,1
27520,綴坐,1
27521,坐來,1
27522,來頻,1
27523,頻那,1
27524,那是,1
27525,是俱,1
27526,俱疑,1
27527,疑似,1
27528,似須,1
27529,知兩,1
27530,兩逼,1
27531,逼真,1
27532,真熒,1
27533,熒煌,1
27534,煌初,1
27535,初亂,1
27536,眼浩,1
27537,蕩忽,1
27538,忽迷,1
27539,迷神,1
27540,神未,1
27541,許瓊,1
27542,瓊華,1
27543,華比,1
27544,比從,1
27545,從將,1
27546,將玉,1
27547,玉樹,1
27548,樹親,1
27549,親先,1
27550,先期,1
27551,期迎,1
27552,迎獻,1
27553,歲更,1
27554,更伴,1
27555,伴占,1
27556,占茲,1
27557,茲晨,1
27558,晨願,1
27559,長輝,1
27560,輝映,1
27561,映輕,1
27562,輕微,1
27563,微敢,1
27564,敢自,1
27565,自珍,1
27566,珍朝,1
27567,朝鶯,1
27568,鶯雪,1
27569,雪裏,1
27570,裏新,1
27571,新雪,1
27572,雪樹,1
27573,樹眼,1
27574,前春,1
27575,春帶,1
27576,帶澀,1
27577,澀先,1
27578,先迎,1
27579,迎氣,1
27580,氣侵,1
27581,侵寒,1
27582,寒已,1
27583,已報,1
27584,報人,1
27585,共矜,1
27586,矜初,1
27587,初聽,1
27588,聽早,1
27589,早誰,1
27590,誰貴,1
27591,貴後,1
27592,後聞,1
27593,聞頻,1
27594,頻暫,1
27595,暫囀,1
27596,囀那,1
27597,那成,1
27598,成曲,1
27599,曲孤,1
27600,孤鳴,1
27601,鳴豈,1
27602,豈及,1
27603,及辰,1
27604,辰風,1
27605,霜徒,1
27606,保桃,1
27607,李詎,1
27608,親寄,1
27609,寄謝,1
27610,謝幽,1
27611,幽棲,1
27612,棲友,1
27613,友辛,1
27614,勤不,1
27615,為身,1
27616,身洛,1
27617,陽城,1
27618,城外,1
27619,外清,1
27620,清明,1
27621,明節,1
27622,節百,1
27623,花寥,1
27624,落梨,1
27625,花發,1
27626,發今,1
27627,逢瘴,1
27628,瘴海,1
27629,海頭,1
27630,頭共,1
27631,共驚,1
27632,驚爛,1
27633,漫開,1
27634,開正,1
27635,月早,1
27636,知皆,1
27637,皆是,1
27638,是自,1
27639,自拘,1
27640,拘囚,1
27641,囚不,1
27642,學因,1
27643,循到,1
27644,到白,1
27645,汝既,1
27646,既出,1
27647,出家,1
27648,家還,1
27649,還擾,1
27650,擾何,1
27651,人更,1
27652,更得,1
27653,死前,1
27654,前休,1
27655,休歲,1
27656,老豈,1
27657,充上,1
27658,上駟,1
27659,駟力,1
27660,力微,1
27661,微當,1
27662,自慎,1
27663,慎前,1
27664,前程,1
27665,程不,1
27666,故翻,1
27667,翻驤,1
27668,驤首,1
27669,首牽,1
27670,牽過,1
27671,過關,1
27672,關門,1
27673,門妄,1
27674,妄一,1
27675,一鳴,1
27676,鳴新,1
27677,新開,1
27678,開寒,1
27679,露叢,1
27680,叢遠,1
27681,遠比,1
27682,比水,1
27683,間紅,1
27684,豔色,1
27685,色寧,1
27686,寧相,1
27687,相妒,1
27688,妒嘉,1
27689,嘉名,1
27690,名偶,1
27691,偶自,1
27692,同采,1
27693,采江,1
27694,江官,1
27695,官渡,1
27696,渡晚,1
27697,晚搴,1
27698,搴木,1
27699,木古,1
27700,古祠,1
27701,祠空,1
27702,空願,1
27703,得勤,1
27704,看無,1
27705,令便,1
27706,便逐,1
27707,逐風,1
27708,風五,1
27709,月榴,1
27710,榴花,1
27711,花照,1
27712,照眼,1
27713,明枝,1
27714,枝間,1
27715,間時,1
27716,見子,1
27717,子初,1
27718,成可,1
27719,憐此,1
27720,無車,1
27721,倒青,1
27722,青苔,1
27723,苔落,1
27724,落絳,1
27725,絳英,1
27726,英賈,1
27727,誼宅,1
27728,宅中,1
27729,中今,1
27730,見葛,1
27731,葛洪,1
27732,洪山,1
27733,下昔,1
27734,昔曾,1
27735,曾窺,1
27736,窺寒,1
27737,寒泉,1
27738,看影,1
27739,影正,1
27740,正是,1
27741,是行,1
27742,人渴,1
27743,渴死,1
27744,死時,1
27745,新莖,1
27746,莖未,1
27747,未遍,1
27748,遍半,1
27749,半猶,1
27750,猶枯,1
27751,枯高,1
27752,高架,1
27753,架支,1
27754,支離,1
27755,離倒,1
27756,倒複,1
27757,複扶,1
27758,扶若,1
27759,若欲,1
27760,欲滿,1
27761,盤堆,1
27762,堆馬,1
27763,馬乳,1
27764,乳莫,1
27765,辭添,1
27766,添竹,1
27767,竹引,1
27768,龍須,1
27769,須居,1
27770,然鱗,1
27771,鱗介,1
27772,介不,1
27773,能容,1
27774,容石,1
27775,石眼,1
27776,眼環,1
27777,環水,1
27778,水一,1
27779,一鐘,1
27780,鐘聞,1
27781,說旱,1
27782,旱時,1
27783,時求,1
27784,求得,1
27785,得雨,1
27786,雨只,1
27787,只疑,1
27788,疑科,1
27789,鬥是,1
27790,是蛟,1
27791,龍定,1
27792,定諡,1
27793,諡芳,1
27794,芳聲,1
27795,聲遠,1
27796,遠移,1
27797,移封,1
27798,封大,1
27799,大國,1
27800,新巽,1
27801,巽宮,1
27802,宮尊,1
27803,尊長,1
27804,女台,1
27805,室屬,1
27806,屬良,1
27807,良人,1
27808,人河,1
27809,河漢,1
27810,漢重,1
27811,重泉,1
27812,泉夜,1
27813,夜梧,1
27814,桐半,1
27815,半樹,1
27816,樹春,1
27817,春龍,1
27818,龍輀,1
27819,輀非,1
27820,非厭,1
27821,厭翟,1
27822,翟還,1
27823,還輾,1
27824,輾禁,1
27825,禁城,1
27826,城塵,1
27827,塵秦,1
27828,秦地,1
27829,地吹,1
27830,吹簫,1
27831,簫女,1
27832,女湘,1
27833,湘波,1
27834,波鼓,1
27835,鼓瑟,1
27836,瑟妃,1
27837,妃佩,1
27838,佩蘭,1
27839,蘭初,1
27840,初應,1
27841,應夢,1
27842,夢奔,1
27843,奔月,1
27844,月竟,1
27845,竟淪,1
27846,淪輝,1
27847,輝夫,1
27848,夫族,1
27849,族迎,1
27850,迎魂,1
27851,魂去,1
27852,去宮,1
27853,官會,1
27854,會葬,1
27855,葬歸,1
27856,歸從,1
27857,今沁,1
27858,沁園,1
27859,園草,1
27860,草無,1
27861,複更,1
27862,更芳,1
27863,菲三,1
27864,三秋,1
27865,秋端,1
27866,今夜,1
27867,夜出,1
27868,出東,1
27869,東溟,1
27870,溟對,1
27871,對日,1
27872,日猶,1
27873,猶分,1
27874,分勢,1
27875,勢騰,1
27876,騰天,1
27877,天漸,1
27878,漸吐,1
27879,吐靈,1
27880,靈未,1
27881,未高,1
27882,高烝,1
27883,烝遠,1
27884,遠氣,1
27885,氣半,1
27886,半上,1
27887,上霽,1
27888,霽孤,1
27889,孤形,1
27890,形赫,1
27891,赫奕,1
27892,奕當,1
27893,當躔,1
27894,躔次,1
27895,次虛,1
27896,虛徐,1
27897,徐度,1
27898,度杳,1
27899,杳冥,1
27900,冥長,1
27901,河晴,1
27902,晴散,1
27903,散霧,1
27904,霧列,1
27905,列宿,1
27906,宿曙,1
27907,曙分,1
27908,分螢,1
27909,螢浩,1
27910,蕩英,1
27911,英華,1
27912,華溢,1
27913,溢蕭,1
27914,蕭疏,1
27915,疏物,1
27916,象泠,1
27917,泠池,1
27918,邊臨,1
27919,臨倒,1
27920,倒照,1
27921,照簷,1
27922,簷際,1
27923,際送,1
27924,送橫,1
27925,橫經,1
27926,經花,1
27927,樹參,1
27928,差見,1
27929,見皋,1
27930,皋禽,1
27931,禽斷,1
27932,斷續,1
27933,續聆,1
27934,聆牖,1
27935,牖光,1
27936,光窺,1
27937,窺寂,1
27938,寞砧,1
27939,砧影,1
27940,影伴,1
27941,伴娉,1
27942,娉婷,1
27943,婷幽,1
27944,幽坐,1
27945,坐看,1
27946,看侵,1
27947,侵戶,1
27948,戶閑,1
27949,閑吟,1
27950,吟愛,1
27951,愛滿,1
27952,滿庭,1
27953,庭輝,1
27954,輝斜,1
27955,斜通,1
27956,通壁,1
27957,壁練,1
27958,練彩,1
27959,彩碎,1
27960,碎射,1
27961,射沙,1
27962,沙星,1
27963,星清,1
27964,清潔,1
27965,潔雲,1
27966,雲間,1
27967,間路,1
27968,路空,1
27969,涼水,1
27970,上亭,1
27971,亭淨,1
27972,淨堪,1
27973,堪分,1
27974,分顧,1
27975,顧兔,1
27976,兔細,1
27977,得數,1
27978,數飄,1
27979,飄萍,1
27980,萍山,1
27981,山翠,1
27982,翠相,1
27983,相凝,1
27984,綠林,1
27985,林煙,1
27986,煙共,1
27987,共冪,1
27988,冪青,1
27989,青過,1
27990,過隅,1
27991,隅驚,1
27992,驚桂,1
27993,桂側,1
27994,側當,1
27995,當午,1
27996,午覺,1
27997,覺輪,1
27998,輪停,1
27999,停屬,1
28000,屬思,1
28001,思摛,1
28002,摛霞,1
28003,霞錦,1
28004,錦追,1
28005,追歡,1
28006,歡罄,1
28007,罄縹,1
28008,縹瓶,1
28009,瓶郡,1
28010,樓何,1
28011,望隴,1
28012,隴笛,1
28013,笛此,1
28014,時聽,1
28015,聽右,1
28016,掖連,1
28017,連台,1
28018,台座,1
28019,座重,1
28020,重門,1
28021,限禁,1
28022,禁扃,1
28023,扃風,1
28024,風台,1
28025,台觀,1
28026,觀滉,1
28027,滉漾,1
28028,漾冰,1
28029,冰砌,1
28030,砌步,1
28031,步青,1
28032,熒獨,1
28033,有虞,1
28034,虞庠,1
28035,庠客,1
28036,客無,1
28037,由拾,1
28038,拾落,1
28039,落蓂,1
28040,蓂只,1
28041,見縱,1
28042,橫落,1
28043,落寧,1
28044,知遠,1
28045,來飄,1
28046,颻還,1
28047,自弄,1
28048,弄曆,1
28049,曆亂,1
28050,亂竟,1
28051,誰催,1
28052,催座,1
28053,座暖,1
28054,暖銷,1
28055,銷那,1
28056,那怪,1
28057,怪池,1
28058,池清,1
28059,清失,1
28060,失可,1
28061,猜坳,1
28062,坳中,1
28063,中初,1
28064,初蓋,1
28065,蓋底,1
28066,底垤,1
28067,垤處,1
28068,處遂,1
28069,成堆,1
28070,堆慢,1
28071,慢有,1
28072,有先,1
28073,先居,1
28074,居後,1
28075,後輕,1
28076,輕多,1
28077,多去,1
28078,去卻,1
28079,卻回,1
28080,回度,1
28081,度前,1
28082,前鋪,1
28083,鋪瓦,1
28084,瓦隴,1
28085,隴發,1
28086,發本,1
28087,本積,1
28088,積牆,1
28089,牆隈,1
28090,隈穿,1
28091,穿細,1
28092,細時,1
28093,時雙,1
28094,雙透,1
28095,透乘,1
28096,乘危,1
28097,危忽,1
28098,忽半,1
28099,半摧,1
28100,摧舞,1
28101,舞深,1
28102,深逢,1
28103,逢坎,1
28104,坎井,1
28105,井集,1
28106,集早,1
28107,早值,1
28108,值層,1
28109,層台,1
28110,台砧,1
28111,砧練,1
28112,練終,1
28113,終宜,1
28114,宜搗,1
28115,搗階,1
28116,階紈,1
28117,紈未,1
28118,未暇,1
28119,暇裁,1
28120,裁城,1
28121,城寒,1
28122,寒裝,1
28123,裝睥,1
28124,睨樹,1
28125,樹凍,1
28126,凍裹,1
28127,裹莓,1
28128,莓苔,1
28129,苔片,1
28130,片勻,1
28131,勻如,1
28132,如剪,1
28133,剪紛,1
28134,紛碎,1
28135,若挼,1
28136,挼定,1
28137,非燖,1
28138,燖鵠,1
28139,鵠鷺,1
28140,鷺真,1
28141,真是,1
28142,是屑,1
28143,屑瓊,1
28144,瓊瑰,1
28145,瑰緯,1
28146,緯繣,1
28147,繣觀,1
28148,觀朝,1
28149,朝萼,1
28150,萼冥,1
28151,茫矚,1
28152,矚晚,1
28153,晚埃,1
28154,埃當,1
28155,當窗,1
28156,窗恒,1
28157,恒凜,1
28158,凜凜,1
28159,凜出,1
28160,戶即,1
28161,即皚,1
28162,皚壓,1
28163,壓野,1
28164,野榮,1
28165,榮芝,1
28166,芝菌,1
28167,菌傾,1
28168,傾都,1
28169,都委,1
28170,委貨,1
28171,貨財,1
28172,財娥,1
28173,娥嬉,1
28174,嬉華,1
28175,華蕩,1
28176,漾胥,1
28177,胥怒,1
28178,怒浪,1
28179,浪崔,1
28180,嵬磧,1
28181,磧迥,1
28182,迥疑,1
28183,疑浮,1
28184,浮地,1
28185,地雲,1
28186,雲平,1
28187,平想,1
28188,想輾,1
28189,輾雷,1
28190,雷隨,1
28191,車翻,1
28192,翻縞,1
28193,帶逐,1
28194,逐馬,1
28195,馬散,1
28196,散銀,1
28197,銀盃,1
28198,盃萬,1
28199,萬屋,1
28200,屋漫,1
28201,漫汗,1
28202,汗合,1
28203,合千,1
28204,株照,1
28205,曜開,1
28206,開松,1
28207,篁遭,1
28208,遭挫,1
28209,挫抑,1
28210,抑糞,1
28211,壤獲,1
28212,饒培,1
28213,培隔,1
28214,絕門,1
28215,門庭,1
28216,庭遽,1
28217,遽擠,1
28218,擠排,1
28219,排陛,1
28220,陛級,1
28221,級才,1
28222,才豈,1
28223,豈堪,1
28224,堪裨,1
28225,裨岳,1
28226,岳鎮,1
28227,鎮強,1
28228,強欲,1
28229,欲效,1
28230,效鹽,1
28231,鹽梅,1
28232,梅隱,1
28233,隱匿,1
28234,匿瑕,1
28235,疵盡,1
28236,盡包,1
28237,包羅,1
28238,羅委,1
28239,委瑣,1
28240,瑣該,1
28241,該誤,1
28242,誤雞,1
28243,雞宵,1
28244,宵呃,1
28245,呃喔,1
28246,喔驚,1
28247,驚雀,1
28248,雀暗,1
28249,暗裴,1
28250,回浩,1
28251,浩過,1
28252,過三,1
28253,三暮,1
28254,暮悠,1
28255,悠匝,1
28256,匝九,1
28257,九垓,1
28258,垓鯨,1
28259,鯨鯢,1
28260,鯢陸,1
28261,陸死,1
28262,死骨,1
28263,骨玉,1
28264,玉石,1
28265,石火,1
28266,火炎,1
28267,炎灰,1
28268,灰厚,1
28269,厚慮,1
28270,慮填,1
28271,填溟,1
28272,溟壑,1
28273,壑高,1
28274,高愁,1
28275,愁鬥,1
28276,鬥魁,1
28277,魁日,1
28278,輪埋,1
28279,埋欲,1
28280,欲側,1
28281,側坤,1
28282,坤軸,1
28283,軸壓,1
28284,壓將,1
28285,將頹,1
28286,頹岸,1
28287,岸類,1
28288,類長,1
28289,長蛇,1
28290,蛇攪,1
28291,攪陵,1
28292,陵猶,1
28293,猶巨,1
28294,巨象,1
28295,象豗,1
28296,豗水,1
28297,水官,1
28298,官誇,1
28299,誇傑,1
28300,傑黠,1
28301,黠木,1
28302,木氣,1
28303,氣怯,1
28304,怯胚,1
28305,胚胎,1
28306,胎著,1
28307,由卷,1
28308,卷連,1
28309,易推,1
28310,推龍,1
28311,魚冷,1
28312,冷蟄,1
28313,蟄苦,1
28314,苦虎,1
28315,豹餓,1
28316,餓號,1
28317,號哀,1
28318,哀巧,1
28319,巧借,1
28320,借奢,1
28321,華便,1
28322,便專,1
28323,專繩,1
28324,繩困,1
28325,困約,1
28326,約災,1
28327,災威,1
28328,威貪,1
28329,貪陵,1
28330,陵布,1
28331,布被,1
28332,被光,1
28333,光肯,1
28334,肯離,1
28335,離金,1
28336,罍賞,1
28337,賞玩,1
28338,玩捐,1
28339,捐他,1
28340,他事,1
28341,事歌,1
28342,歌謠,1
28343,謠放,1
28344,我才,1
28345,才狂,1
28346,狂教,1
28347,教詩,1
28348,詩硉,1
28349,硉矹,1
28350,矹興,1
28351,興與,1
28352,酒陪,1
28353,陪鰓,1
28354,鰓惟,1
28355,惟子,1
28356,子能,1
28357,能諳,1
28358,諳耳,1
28359,耳諸,1
28360,得語,1
28361,語哉,1
28362,哉助,1
28363,助留,1
28364,留風,1
28365,風作,1
28366,作黨,1
28367,黨勸,1
28368,勸坐,1
28369,坐火,1
28370,火為,1
28371,為媒,1
28372,媒雕,1
28373,雕刻,1
28374,刻文,1
28375,文刀,1
28376,刀利,1
28377,利搜,1
28378,搜求,1
28379,求智,1
28380,智網,1
28381,網恢,1
28382,恢莫,1
28383,莫煩,1
28384,煩相,1
28385,和傳,1
28386,傳示,1
28387,示及,1
28388,及提,1
28389,提孩,1
28390,孩三,1
28391,日柴,1
28392,柴門,1
28393,門擁,1
28394,擁不,1
28395,開階,1
28396,階平,1
28397,平庭,1
28398,庭滿,1
28399,滿白,1
28400,白皚,1
28401,皚今,1
28402,朝蹋,1
28403,蹋作,1
28404,作瓊,1
28405,瓊瑤,1
28406,瑤跡,1
28407,跡為,1
28408,為有,1
28409,詩從,1
28410,從鳳,1
28411,鳳沼,1
28412,沼來,1
28413,已作,1
28414,作龍,1
28415,鍾後,1
28416,時者,1
28417,者懶,1
28418,懶於,1
28419,於街,1
28420,街裏,1
28421,裏蹋,1
28422,蹋塵,1
28423,埃如,1
28424,便別,1
28425,長官,1
28426,去直,1
28427,年衙,1
28428,衙日,1
28429,鳥有,1
28430,有償,1
28431,償冤,1
28432,冤者,1
28433,者終,1
28434,終年,1
28435,年抱,1
28436,抱寸,1
28437,寸誠,1
28438,誠口,1
28439,口銜,1
28440,銜山,1
28441,石細,1
28442,細心,1
28443,心望,1
28444,望海,1
28445,海波,1
28446,平渺,1
28447,渺渺,1
28448,渺功,1
28449,功難,1
28450,見區,1
28451,區命,1
28452,命已,1
28453,已輕,1
28454,輕人,1
28455,皆譏,1
28456,譏造,1
28457,次我,1
28458,獨賞,1
28459,賞專,1
28460,專精,1
28461,精豈,1
28462,豈計,1
28463,計休,1
28464,休無,1
28465,日惟,1
28466,惟應,1
28467,應盡,1
28468,盡此,1
28469,何慚,1
28470,慚刺,1
28471,刺客,1
28472,客傳,1
28473,傳不,1
28474,著報,1
28475,報讎,1
28476,讎名,1
28477,名傾,1
28478,傾朝,1
28479,朝共,1
28480,共羨,1
28481,羨寵,1
28482,寵光,1
28483,光頻,1
28484,頻半,1
28485,半歲,1
28486,歲遷,1
28487,遷騰,1
28488,騰作,1
28489,作虎,1
28490,虎臣,1
28491,臣戎,1
28492,旆暫,1
28493,停辭,1
28494,辭社,1
28495,社樹,1
28496,樹裏,1
28497,裏門,1
28498,門先,1
28499,先下,1
28500,下敬,1
28501,敬鄉,1
28502,鄉人,1
28503,人橫,1
28504,橫飛,1
28505,飛玉,1
28506,玉盞,1
28507,盞家,1
28508,家山,1
28509,山曉,1
28510,曉遠,1
28511,遠蹀,1
28512,蹀金,1
28513,金珂,1
28514,珂塞,1
28515,塞草,1
28516,草春,1
28517,春自,1
28518,自笑,1
28519,笑平,1
28520,生誇,1
28521,誇膽,1
28522,膽氣,1
28523,離文,1
28524,字鬢,1
28525,鬢毛,1
28526,毛新,1
28527,新天,1
28528,仗宵,1
28529,宵嚴,1
28530,嚴建,1
28531,建羽,1
28532,羽旄,1
28533,旄春,1
28534,春雲,1
28535,雲送,1
28536,送色,1
28537,色曉,1
28538,曉雞,1
28539,雞號,1
28540,號金,1
28541,金爐,1
28542,爐香,1
28543,香動,1
28544,動螭,1
28545,螭頭,1
28546,頭暗,1
28547,暗玉,1
28548,佩聲,1
28549,聲來,1
28550,來雉,1
28551,雉尾,1
28552,尾高,1
28553,高戎,1
28554,戎服,1
28555,上趨,1
28556,趨承,1
28557,承北,1
28558,北極,1
28559,極儒,1
28560,冠列,1
28561,列侍,1
28562,侍映,1
28563,映東,1
28564,東曹,1
28565,曹太,1
28566,平時,1
28567,節難,1
28568,難身,1
28569,身遇,1
28570,遇郎,1
28571,郎署,1
28572,署何,1
28573,須歎,1
28574,歎二,1
28575,二毛,1
28576,毛寒,1
28577,食時,1
28578,時看,1
28579,看度,1
28580,度春,1
28581,春遊,1
28582,遊事,1
28583,已違,1
28584,違風,1
28585,光連,1
28586,日直,1
28587,直陰,1
28588,陰雨,1
28589,雨半,1
28590,半朝,1
28591,朝歸,1
28592,見紅,1
28593,紅球,1
28594,球上,1
28595,上那,1
28596,那論,1
28597,論彩,1
28598,彩索,1
28599,索飛,1
28600,飛惟,1
28601,惟將,1
28602,將新,1
28603,新賜,1
28604,賜火,1
28605,火向,1
28606,向曙,1
28607,曙著,1
28608,著朝,1
28609,朝衣,1
28610,衣早,1
28611,早日,1
28612,日羈,1
28613,羈游,1
28614,游所,1
28615,所春,1
28616,送客,1
28617,客歸,1
28618,花還,1
28619,還漠,1
28620,漠江,1
28621,江燕,1
28622,燕正,1
28623,正飛,1
28624,飛歌,1
28625,歌舞,1
28626,舞知,1
28627,誰在,1
28628,在賓,1
28629,賓僚,1
28630,僚逐,1
28631,逐使,1
28632,使非,1
28633,非宋,1
28634,宋亭,1
28635,亭池,1
28636,水綠,1
28637,綠莫,1
28638,忘蹋,1
28639,蹋芳,1
28640,菲百,1
28641,百葉,1
28642,葉雙,1
28643,雙桃,1
28644,桃晚,1
28645,晚更,1
28646,更紅,1
28647,紅窺,1
28648,窺窗,1
28649,窗映,1
28650,映竹,1
28651,竹見,1
28652,見玲,1
28653,瓏應,1
28654,應知,1
28655,知侍,1
28656,侍史,1
28657,史歸,1
28658,天上,1
28659,上故,1
28660,故伴,1
28661,伴仙,1
28662,仙郎,1
28663,郎宿,1
28664,宿禁,1
28665,禁中,1
28666,中新,1
28667,年都,1
28668,都未,1
28669,有芳,1
28670,芳華,1
28671,華二,1
28672,初驚,1
28673,草芽,1
28674,芽白,1
28675,白雪,1
28676,雪卻,1
28677,卻嫌,1
28678,嫌春,1
28679,色晚,1
28680,晚故,1
28681,穿庭,1
28682,樹作,1
28683,作飛,1
28684,飛花,1
28685,花幸,1
28686,同開,1
28687,開俱,1
28688,俱隱,1
28689,約何,1
28690,須相,1
28691,相倚,1
28692,倚鬥,1
28693,鬥輕,1
28694,輕盈,1
28695,盈陵,1
28696,陵晨,1
28697,晨並,1
28698,並作,1
28699,妝面,1
28700,面對,1
28701,對客,1
28702,客偏,1
28703,偏含,1
28704,含不,1
28705,語情,1
28706,情雙,1
28707,雙燕,1
28708,燕無,1
28709,無機,1
28710,機還,1
28711,還拂,1
28712,拂掠,1
28713,掠遊,1
28714,遊蜂,1
28715,蜂多,1
28716,思正,1
28717,正經,1
28718,營長,1
28719,長年,1
28720,年是,1
28721,是事,1
28722,皆拋,1
28723,拋盡,1
28724,盡今,1
28725,日欄,1
28726,欄邊,1
28727,邊暫,1
28728,暫眼,1
28729,明老,1
28730,翁真,1
28731,真個,1
28732,個似,1
28733,似童,1
28734,兒汲,1
28735,汲水,1
28736,水埋,1
28737,埋盆,1
28738,盆作,1
28739,作小,1
28740,小池,1
28741,池一,1
28742,一夜,1
28743,夜青,1
28744,蛙鳴,1
28745,鳴到,1
28746,曉恰,1
28747,恰如,1
28748,如方,1
28749,口釣,1
28750,魚時,1
28751,時莫,1
28752,道盆,1
28753,盆池,1
28754,池作,1
28755,作不,1
28756,成藕,1
28757,藕稍,1
28758,稍初,1
28759,初種,1
28760,種已,1
28761,已齊,1
28762,齊生,1
28763,生從,1
28764,今有,1
28765,有雨,1
28766,雨君,1
28767,君須,1
28768,須記,1
28769,記來,1
28770,來聽,1
28771,聽蕭,1
28772,蕭打,1
28773,打葉,1
28774,葉聲,1
28775,聲瓦,1
28776,瓦沼,1
28777,沼晨,1
28778,晨朝,1
28779,朝水,1
28780,水自,1
28781,自清,1
28782,清小,1
28783,小蟲,1
28784,蟲無,1
28785,名忽,1
28786,然分,1
28787,散無,1
28788,無蹤,1
28789,蹤影,1
28790,影惟,1
28791,魚兒,1
28792,兒作,1
28793,作隊,1
28794,隊行,1
28795,行泥,1
28796,泥盆,1
28797,盆淺,1
28798,淺小,1
28799,小詎,1
28800,詎成,1
28801,成池,1
28802,池夜,1
28803,半青,1
28804,蛙聖,1
28805,聖得,1
28806,知一,1
28807,一聽,1
28808,聽暗,1
28809,來將,1
28810,將伴,1
28811,侶不,1
28812,不煩,1
28813,喚鬥,1
28814,鬥雄,1
28815,雌池,1
28816,池光,1
28817,光天,1
28818,天影,1
28819,影共,1
28820,共青,1
28821,青拍,1
28822,拍岸,1
28823,岸才,1
28824,才添,1
28825,添水,1
28826,水數,1
28827,數瓶,1
28828,瓶且,1
28829,待夜,1
28830,深明,1
28831,月去,1
28832,去試,1
28833,試看,1
28834,看涵,1
28835,泳幾,1
28836,幾多,1
28837,多星,1
28838,星浩,1
28839,浩態,1
28840,態狂,1
28841,狂香,1
28842,香昔,1
28843,未逢,1
28844,逢紅,1
28845,紅燈,1
28846,燈爍,1
28847,爍爍,1
28848,爍綠,1
28849,綠盤,1
28850,盤籠,1
28851,籠覺,1
28852,覺來,1
28853,獨對,1
28854,對情,1
28855,情驚,1
28856,恐身,1
28857,身在,1
28858,在仙,1
28859,仙宮,1
28860,宮第,1
28861,第幾,1
28862,重湖,1
28863,湖上,1
28864,上新,1
28865,新亭,1
28866,亭好,1
28867,好公,1
28868,公來,1
28869,出初,1
28870,初水,1
28871,水文,1
28872,文浮,1
28873,浮枕,1
28874,枕簟,1
28875,簟瓦,1
28876,瓦影,1
28877,影蔭,1
28878,蔭龜,1
28879,魚汩,1
28880,汩汩,1
28881,汩幾,1
28882,休從,1
28883,從春,1
28884,春複,1
28885,複到,1
28886,到秋,1
28887,秋只,1
28888,只言,1
28889,言池,1
28890,池未,1
28891,滿池,1
28892,池滿,1
28893,滿強,1
28894,強交,1
28895,流竹,1
28896,竹洞,1
28897,洞何,1
28898,年有,1
28899,有公,1
28900,公初,1
28901,初斫,1
28902,斫竹,1
28903,竹開,1
28904,開洞,1
28905,洞門,1
28906,無鎖,1
28907,鎖鑰,1
28908,鑰俗,1
28909,俗客,1
28910,客不,1
28911,不曾,1
28912,曾來,1
28913,來南,1
28914,南館,1
28915,館城,1
28916,城陰,1
28917,陰闊,1
28918,闊東,1
28919,東湖,1
28920,湖水,1
28921,水氣,1
28922,氣多,1
28923,多直,1
28924,直須,1
28925,須臺,1
28926,臺上,1
28927,上看,1
28928,看始,1
28929,始奈,1
28930,奈月,1
28931,何自,1
28932,知處,1
28933,處那,1
28934,那無,1
28935,無步,1
28936,步往,1
28937,往蹤,1
28938,蹤莫,1
28939,莫教,1
28940,教安,1
28941,安四,1
28942,壁面,1
28943,面面,1
28944,面看,1
28945,看芙,1
28946,蓉藹,1
28947,藹溪,1
28948,流慢,1
28949,慢梢,1
28950,梢岸,1
28951,岸筱,1
28952,筱長,1
28953,長穿,1
28954,穿沙,1
28955,沙碧,1
28956,碧簳,1
28957,簳淨,1
28958,淨落,1
28959,落水,1
28960,水紫,1
28961,紫苞,1
28962,苞香,1
28963,香聞,1
28964,說遊,1
28965,遊湖,1
28966,湖棹,1
28967,棹尋,1
28968,常到,1
28969,到此,1
28970,回應,1
28971,應留,1
28972,留醒,1
28973,醒心,1
28974,心處,1
28975,處准,1
28976,准擬,1
28977,擬醉,1
28978,醉時,1
28979,來蜂,1
28980,蜂蝶,1
28981,蝶去,1
28982,去紛,1
28983,紛香,1
28984,香風,1
28985,風隔,1
28986,隔岸,1
28987,岸聞,1
28988,聞欲,1
28989,花島,1
28990,島處,1
28991,上覓,1
28992,覓紅,1
28993,柳樹,1
28994,樹誰,1
28995,人種,1
28996,種行,1
28997,行夾,1
28998,夾岸,1
28999,岸高,1
29000,高莫,1
29001,莫將,1
29002,將條,1
29003,系纜,1
29004,纜著,1
29005,著處,1
29006,有蟬,1
29007,蟬號,1
29008,號新,1
29009,月迎,1
29010,迎宵,1
29011,宵掛,1
29012,掛晴,1
29013,雲到,1
29014,到晚,1
29015,晚留,1
29016,留為,1
29017,為遮,1
29018,遮西,1
29019,西望,1
29020,望眼,1
29021,眼終,1
29022,終是,1
29023,是懶,1
29024,懶回,1
29025,頭無,1
29026,塵從,1
29027,從不,1
29028,掃有,1
29029,令彈,1
29030,彈若,1
29031,若要,1
29032,要添,1
29033,添風,1
29034,月應,1
29035,應除,1
29036,除數,1
29037,數百,1
29038,百竿,1
29039,竿風,1
29040,雨秋,1
29041,秋池,1
29042,高荷,1
29043,荷蓋,1
29044,蓋水,1
29045,水繁,1
29046,繁未,1
29047,未諳,1
29048,諳鳴,1
29049,鳴摵,1
29050,摵那,1
29051,那似,1
29052,似卷,1
29053,卷翻,1
29054,翻罫,1
29055,罫布,1
29056,布畦,1
29057,畦堪,1
29058,堪數,1
29059,數枝,1
29060,枝分,1
29061,分水,1
29062,水莫,1
29063,莫尋,1
29064,尋魚,1
29065,魚肥,1
29066,肥知,1
29067,已秀,1
29068,秀鶴,1
29069,鶴沒,1
29070,沒覺,1
29071,覺初,1
29072,初深,1
29073,深柳,1
29074,柳巷,1
29075,巷還,1
29076,還飛,1
29077,飛絮,1
29078,絮春,1
29079,春餘,1
29080,餘幾,1
29081,許時,1
29082,時吏,1
29083,人休,1
29084,休報,1
29085,報事,1
29086,事公,1
29087,作送,1
29088,送春,1
29089,春詩,1
29090,詩源,1
29091,源上,1
29092,上花,1
29093,發公,1
29094,公應,1
29095,應日,1
29096,來丁,1
29097,寧紅,1
29098,紅與,1
29099,與紫,1
29100,紫慎,1
29101,慎莫,1
29102,時開,1
29103,開郡,1
29104,樓乘,1
29105,乘曉,1
29106,曉上,1
29107,上盡,1
29108,回晚,1
29109,晚色,1
29110,將秋,1
29111,秋至,1
29112,至長,1
29113,送月,1
29114,非鑄,1
29115,鑄複,1
29116,非熔,1
29117,熔泓,1
29118,澄忽,1
29119,此逢,1
29120,逢魚,1
29121,蝦不,1
29122,用避,1
29123,避只,1
29124,只是,1
29125,是照,1
29126,照蛟,1
29127,龍朝,1
29128,朝游,1
29129,游孤,1
29130,嶼南,1
29131,南暮,1
29132,暮戲,1
29133,戲孤,1
29134,嶼北,1
29135,北所,1
29136,以孤,1
29137,嶼鳥,1
29138,鳥與,1
29139,與公,1
29140,公盡,1
29141,識非,1
29142,非閣,1
29143,閣複,1
29144,非船,1
29145,船可,1
29146,可居,1
29147,居兼,1
29148,兼可,1
29149,過君,1
29150,欲問,1
29151,問方,1
29152,橋方,1
29153,橋如,1
29154,此作,1
29155,作乍,1
29156,乍似,1
29157,似上,1
29158,上青,1
29159,冥初,1
29160,初疑,1
29161,疑躡,1
29162,躡菡,1
29163,萏自,1
29164,無飛,1
29165,飛仙,1
29166,仙骨,1
29167,骨欲,1
29168,欲度,1
29169,度何,1
29170,由敢,1
29171,敢寒,1
29172,寒池,1
29173,池月,1
29174,明新,1
29175,月池,1
29176,邊曲,1
29177,曲若,1
29178,若不,1
29179,不妒,1
29180,妒清,1
29181,清妍,1
29182,妍卻,1
29183,卻成,1
29184,成相,1
29185,映燭,1
29186,燭白,1
29187,白布,1
29188,布長,1
29189,長衫,1
29190,衫紫,1
29191,紫領,1
29192,領巾,1
29193,巾差,1
29194,差科,1
29195,科未,1
29196,未動,1
29197,動是,1
29198,是閒,1
29199,人麥,1
29200,麥苗,1
29201,苗含,1
29202,含穟,1
29203,穟桑,1
29204,桑生,1
29205,生葚,1
29206,葚共,1
29207,共向,1
29208,向田,1
29209,田頭,1
29210,頭樂,1
29211,樂社,1
29212,社神,1
29213,神榆,1
29214,莢車,1
29215,車前,1
29216,前蓋,1
29217,地皮,1
29218,皮薔,1
29219,薔薇,1
29220,薇蘸,1
29221,蘸水,1
29222,水筍,1
29223,筍穿,1
29224,穿籬,1
29225,籬馬,1
29226,馬蹄,1
29227,蹄無,1
29228,無入,1
29229,入朱,1
29230,朱門,1
29231,門跡,1
29232,跡縱,1
29233,縱使,1
29234,使春,1
29235,春歸,1
29236,歸可,1
29237,知草,1
29238,草樹,1
29239,樹知,1
29240,知春,1
29241,春不,1
29242,歸百,1
29243,般紅,1
29244,紫鬥,1
29245,鬥芳,1
29246,菲楊,1
29247,花榆,1
29248,莢無,1
29249,無才,1
29250,才思,1
29251,思惟,1
29252,惟解,1
29253,解漫,1
29254,漫天,1
29255,天作,1
29256,作雪,1
29257,雪飛,1
29258,分將,1
29259,將身,1
29260,身著,1
29261,地飛,1
29262,飛那,1
29263,那羞,1
29264,羞踐,1
29265,踐踏,1
29266,踏損,1
29267,損光,1
29268,光暉,1
29269,暉無,1
29270,端又,1
29271,又被,1
29272,被春,1
29273,風誤,1
29274,誤吹,1
29275,吹落,1
29276,落西,1
29277,西家,1
29278,歸幾,1
29279,幾歲,1
29280,歲生,1
29281,成為,1
29282,為大,1
29283,朝纏,1
29284,纏繞,1
29285,繞困,1
29286,困長,1
29287,長藤,1
29288,藤誰,1
29289,與脫,1
29290,脫青,1
29291,羅帔,1
29292,帔看,1
29293,看吐,1
29294,吐高,1
29295,花萬,1
29296,萬層,1
29297,層幸,1
29298,自枝,1
29299,枝條,1
29300,條能,1
29301,能樹,1
29302,樹立,1
29303,立可,1
29304,可煩,1
29305,煩蘿,1
29306,蘿蔓,1
29307,蔓作,1
29308,作交,1
29309,加傍,1
29310,傍人,1
29311,解尋,1
29312,本卻,1
29313,卻道,1
29314,道新,1
29315,新花,1
29316,花勝,1
29317,勝舊,1
29318,舊花,1
29319,花浮,1
29320,浮豔,1
29321,豔侵,1
29322,侵天,1
29323,天難,1
29324,難就,1
29325,就看,1
29326,看清,1
29327,清香,1
29328,香撲,1
29329,撲地,1
29330,地只,1
29331,只遙,1
29332,遙聞,1
29333,聞春,1
29334,風也,1
29335,也是,1
29336,是多,1
29337,情思,1
29338,故揀,1
29339,揀繁,1
29340,繁枝,1
29341,枝折,1
29342,折贈,1
29343,贈君,1
29344,君喚,1
29345,喚起,1
29346,起窗,1
29347,窗全,1
29348,全曙,1
29349,曙催,1
29350,催歸,1
29351,未西,1
29352,西無,1
29353,心花,1
29354,裏鳥,1
29355,鳥更,1
29356,更與,1
29357,與盡,1
29358,盡情,1
29359,情啼,1
29360,啼喜,1
29361,喜君,1
29362,君眸,1
29363,子重,1
29364,重清,1
29365,清朗,1
29366,朗攜,1
29367,手城,1
29368,南曆,1
29369,曆舊,1
29370,遊忽,1
29371,見孟,1
29372,生題,1
29373,題竹,1
29374,竹處,1
29375,處相,1
29376,看淚,1
29377,能收,1
29378,收昔,1
29379,昔者,1
29380,能比,1
29381,同寂,1
29382,寥青,1
29383,草曲,1
29384,曲散,1
29385,漫白,1
29386,白榆,1
29387,榆風,1
29388,風架,1
29389,架倒,1
29390,倒藤,1
29391,藤全,1
29392,全落,1
29393,落籬,1
29394,籬崩,1
29395,崩竹,1
29396,竹半,1
29397,半空,1
29398,空寧,1
29399,寧須,1
29400,須惆,1
29401,悵立,1
29402,立翻,1
29403,覆本,1
29404,本無,1
29405,窮廉,1
29406,廉纖,1
29407,纖晚,1
29408,晚雨,1
29409,能晴,1
29410,晴池,1
29411,池岸,1
29412,草間,1
29413,間蚯,1
29414,蚓鳴,1
29415,鳴投,1
29416,投竿,1
29417,竿跨,1
29418,跨馬,1
29419,馬蹋,1
29420,蹋歸,1
29421,路才,1
29422,才到,1
29423,到城,1
29424,門打,1
29425,打鼓,1
29426,出城,1
29427,門蹋,1
29428,蹋青,1
29429,草遠,1
29430,遠于,1
29431,于林,1
29432,林下,1
29433,見春,1
29434,春山,1
29435,山應,1
29436,應須,1
29437,須韋,1
29438,韋杜,1
29439,杜家,1
29440,家家,1
29441,家到,1
29442,到只,1
29443,有今,1
29444,朝一,1
29445,閑擾,1
29446,擾馳,1
29447,馳名,1
29448,名者,1
29449,閑我,1
29450,無伴,1
29451,侶把,1
29452,酒對,1
29453,直把,1
29454,把春,1
29455,春償,1
29456,償酒,1
29457,酒都,1
29458,都將,1
29459,將命,1
29460,命乞,1
29461,乞花,1
29462,花只,1
29463,只知,1
29464,知閑,1
29465,閑信,1
29466,信馬,1
29467,覺誤,1
29468,誤隨,1
29469,車青,1
29470,青幢,1
29471,幢紫,1
29472,蓋立,1
29473,立童,1
29474,童童,1
29475,童細,1
29476,細雨,1
29477,雨浮,1
29478,浮煙,1
29479,煙作,1
29480,作彩,1
29481,彩籠,1
29482,籠不,1
29483,得畫,1
29484,畫師,1
29485,師來,1
29486,來貌,1
29487,貌取,1
29488,取定,1
29489,見一,1
29490,生中,1
29491,斷送,1
29492,送一,1
29493,生惟,1
29494,酒尋,1
29495,尋思,1
29496,思百,1
29497,百計,1
29498,計不,1
29499,如閑,1
29500,閑莫,1
29501,莫憂,1
29502,憂世,1
29503,事兼,1
29504,兼身,1
29505,身事,1
29506,事須,1
29507,間比,1
29508,比夢,1
29509,夢間,1
29510,間絳,1
29511,絳闕,1
29512,闕銀,1
29513,銀河,1
29514,河曙,1
29515,曙東,1
29516,風右,1
29517,掖春,1
29518,春官,1
29519,官隨,1
29520,隨名,1
29521,名共,1
29522,共美,1
29523,美花,1
29524,花與,1
29525,與思,1
29526,思俱,1
29527,俱新,1
29528,新綺,1
29529,陌朝,1
29530,朝遊,1
29531,遊間,1
29532,間綾,1
29533,綾衾,1
29534,衾夜,1
29535,夜直,1
29536,直頻,1
29537,頻橫,1
29538,橫門,1
29539,門開,1
29540,開日,1
29541,辰庭,1
29542,庭變,1
29543,變寒,1
29544,寒前,1
29545,前草,1
29546,草天,1
29547,天銷,1
29548,銷霽,1
29549,霽後,1
29550,後塵,1
29551,塵溝,1
29552,溝聲,1
29553,聲通,1
29554,通苑,1
29555,苑急,1
29556,急柳,1
29557,色壓,1
29558,壓城,1
29559,城勻,1
29560,勻綸,1
29561,綸綍,1
29562,綍謀,1
29563,謀猷,1
29564,猷盛,1
29565,盛丹,1
29566,丹青,1
29567,青步,1
29568,步武,1
29569,武親,1
29570,親芳,1
29571,菲含,1
29572,含斧,1
29573,斧藻,1
29574,藻光,1
29575,景暢,1
29576,暢形,1
29577,神傍,1
29578,傍砌,1
29579,砌看,1
29580,看紅,1
29581,紅藥,1
29582,藥巡,1
29583,巡池,1
29584,池詠,1
29585,蘋多,1
29586,情懷,1
29587,懷酒,1
29588,酒伴,1
29589,伴餘,1
29590,人倚,1
29591,倚玉,1
29592,玉難,1
29593,難藏,1
29594,藏拙,1
29595,拙吹,1
29596,吹竽,1
29597,竽久,1
29598,久混,1
29599,混真,1
29600,真坐,1
29601,坐慚,1
29602,慚空,1
29603,自老,1
29604,老江,1
29605,海未,1
29606,還身,1
29607,身早,1
29608,晚飛,1
29609,來入,1
29610,入錦,1
29611,錦城,1
29612,城誰,1
29613,人教,1
29614,教解,1
29615,解百,1
29616,般鳴,1
29617,鳴春,1
29618,風紅,1
29619,紅樹,1
29620,樹驚,1
29621,驚眠,1
29622,眠處,1
29623,處似,1
29624,似妒,1
29625,妒歌,1
29626,歌童,1
29627,童作,1
29628,作豔,1
29629,豔聲,1
29630,聲公,1
29631,公主,1
29632,主當,1
29633,當年,1
29634,年欲,1
29635,欲占,1
29636,占春,1
29637,春故,1
29638,故將,1
29639,將台,1
29640,台榭,1
29641,榭押,1
29642,押城,1
29643,闉欲,1
29644,知前,1
29645,前面,1
29646,面花,1
29647,花多,1
29648,少直,1
29649,到南,1
29650,山不,1
29651,屬人,1
29652,誰收,1
29653,收春,1
29654,去慢,1
29655,慢綠,1
29656,綠妖,1
29657,妖紅,1
29658,紅半,1
29659,存榆,1
29660,莢只,1
29661,只能,1
29662,能隨,1
29663,隨柳,1
29664,絮等,1
29665,等閒,1
29666,閒撩,1
29667,撩亂,1
29668,亂走,1
29669,走空,1
29670,空園,1
29671,園一,1
29672,紀尊,1
29673,尊名,1
29674,名正,1
29675,正三,1
29676,三時,1
29677,時孝,1
29678,孝養,1
29679,養榮,1
29680,榮高,1
29681,居朝,1
29682,朝聖,1
29683,聖主,1
29684,主厚,1
29685,厚德,1
29686,德載,1
29687,載群,1
29688,群生,1
29689,生武,1
29690,武帳,1
29691,帳虛,1
29692,虛中,1
29693,中禁,1
29694,禁玄,1
29695,玄堂,1
29696,堂掩,1
29697,掩太,1
29698,平秋,1
29699,天笳,1
29700,鼓歇,1
29701,歇松,1
29702,柏遍,1
29703,遍山,1
29704,山鳴,1
29705,鳴威,1
29706,威儀,1
29707,儀備,1
29708,備吉,1
29709,凶文,1
29710,文物,1
29711,物雜,1
29712,雜軍,1
29713,軍容,1
29714,容配,1
29715,配地,1
29716,行新,1
29717,新祭,1
29718,祭因,1
29719,因山,1
29720,山托,1
29721,托故,1
29722,故封,1
29723,封鳳,1
29724,鳳飛,1
29725,飛終,1
29726,不返,1
29727,返劍,1
29728,劍化,1
29729,化會,1
29730,會相,1
29731,從無,1
29732,複臨,1
29733,臨長,1
29734,長樂,1
29735,樂空,1
29736,報曉,1
29737,曉鐘,1
29738,鐘追,1
29739,攀萬,1
29740,來警,1
29741,警衛,1
29742,衛百,1
29743,百神,1
29744,神陪,1
29745,陪畫,1
29746,畫翣,1
29747,翣登,1
29748,登秋,1
29749,秋殿,1
29750,殿容,1
29751,容衣,1
29752,衣入,1
29753,入夜,1
29754,夜台,1
29755,台雲,1
29756,雲隨,1
29757,隨仙,1
29758,仙馭,1
29759,馭遠,1
29760,遠風,1
29761,風助,1
29762,助聖,1
29763,聖情,1
29764,情哀,1
29765,哀只,1
29766,朝陵,1
29767,陵日,1
29768,日妝,1
29769,妝奩,1
29770,奩一,1
29771,一暫,1
29772,開三,1
29773,百六,1
29774,旬長,1
29775,長擾,1
29776,擾不,1
29777,不沖,1
29778,雨即,1
29779,即塵,1
29780,埃久,1
29781,久慚,1
29782,慚朝,1
29783,士無,1
29784,無裨,1
29785,裨補,1
29786,補空,1
29787,空愧,1
29788,愧高,1
29789,高僧,1
29790,僧數,1
29791,數往,1
29792,來學,1
29793,學道,1
29794,道窮,1
29795,年何,1
29796,得吟,1
29797,詩竟,1
29798,竟日,1
29799,回天,1
29800,天寒,1
29801,寒古,1
29802,寺遊,1
29803,遊人,1
29804,少紅,1
29805,葉窗,1
29806,前有,1
29807,有幾,1
29808,幾堆,1
29809,堆雨,1
29810,雨後,1
29811,來更,1
29812,好繞,1
29813,繞池,1
29814,池遍,1
29815,青柳,1
29816,花閑,1
29817,閑度,1
29818,度竹,1
29819,竹菱,1
29820,菱葉,1
29821,葉故,1
29822,穿萍,1
29823,萍獨,1
29824,獨坐,1
29825,坐殊,1
29826,未厭,1
29827,厭孤,1
29828,斟詎,1
29829,能醒,1
29830,醒持,1
29831,竿至,1
29832,暮幽,1
29833,幽詠,1
29834,詠欲,1
29835,誰聽,1
29836,聽茲,1
29837,茲遊,1
29838,遊苦,1
29839,不數,1
29840,數再,1
29841,再到,1
29842,到遂,1
29843,遂經,1
29844,經旬,1
29845,旬萍,1
29846,萍蓋,1
29847,蓋汙,1
29848,汙池,1
29849,池淨,1
29850,淨藤,1
29851,藤籠,1
29852,籠老,1
29853,樹新,1
29854,新林,1
29855,林烏,1
29856,烏鳴,1
29857,鳴訝,1
29858,訝客,1
29859,客岸,1
29860,岸竹,1
29861,竹長,1
29862,長遮,1
29863,遮鄰,1
29864,鄰子,1
29865,子雲,1
29866,雲只,1
29867,只自,1
29868,守奚,1
29869,奚事,1
29870,事九,1
29871,衢塵,1
29872,一壺,1
29873,壺情,1
29874,所寄,1
29875,寄四,1
29876,四句,1
29877,句意,1
29878,意能,1
29879,能多,1
29880,多秋,1
29881,秋到,1
29882,到無,1
29883,無詩,1
29884,酒其,1
29885,如月,1
29886,月色,1
29887,色何,1
29888,何竹,1
29889,竹亭,1
29890,亭人,1
29891,新筍,1
29892,筍滿,1
29893,滿前,1
29894,乍出,1
29895,真堪,1
29896,堪賞,1
29897,賞初,1
29898,初多,1
29899,多未,1
29900,覺煩,1
29901,煩成,1
29902,成行,1
29903,行齊,1
29904,齊婢,1
29905,婢僕,1
29906,僕環,1
29907,環立,1
29908,立比,1
29909,比兒,1
29910,兒孫,1
29911,孫驗,1
29912,驗長,1
29913,長常,1
29914,常攜,1
29915,攜尺,1
29916,尺愁,1
29917,愁幹,1
29918,幹屢,1
29919,屢側,1
29920,側盆,1
29921,盆對,1
29922,對吟,1
29923,吟忘,1
29924,忘膳,1
29925,膳飲,1
29926,飲偶,1
29927,坐變,1
29928,變朝,1
29929,昏滯,1
29930,滯雨,1
29931,雨膏,1
29932,膏腴,1
29933,腴濕,1
29934,濕驕,1
29935,驕陽,1
29936,氣候,1
29937,候溫,1
29938,溫得,1
29939,方張,1
29940,張王,1
29941,王挾,1
29942,挾勢,1
29943,勢欲,1
29944,欲騰,1
29945,騰騫,1
29946,騫見,1
29947,見角,1
29948,角牛,1
29949,羊沒,1
29950,沒看,1
29951,看皮,1
29952,皮虎,1
29953,豹存,1
29954,存攢,1
29955,攢生,1
29956,生猶,1
29957,有隙,1
29958,隙散,1
29959,散佈,1
29960,佈忽,1
29961,無垠,1
29962,垠詎,1
29963,可持,1
29964,持籌,1
29965,籌算,1
29966,算誰,1
29967,以理,1
29968,理言,1
29969,言縱,1
29970,橫公,1
29971,公占,1
29972,占地,1
29973,地羅,1
29974,列暗,1
29975,暗連,1
29976,連根,1
29977,根狂,1
29978,狂劇,1
29979,劇時,1
29980,時穿,1
29981,穿壁,1
29982,壁橫,1
29983,橫強,1
29984,強幾,1
29985,幾觸,1
29986,觸藩,1
29987,藩深,1
29988,深潛,1
29989,潛如,1
29990,如避,1
29991,避逐,1
29992,去若,1
29993,若追,1
29994,奔始,1
29995,始訝,1
29996,訝妨,1
29997,妨人,1
29998,人路,1
29999,路還,1
30000,還驚,1
30001,驚入,1
30002,入藥,1
30003,藥園,1
30004,園萌,1
30005,芽防,1
30006,防浸,1
30007,浸大,1
30008,大覆,1
30009,載莫,1
30010,莫偏,1
30011,偏恩,1
30012,恩已,1
30013,複侵,1
30014,侵危,1
30015,危砌,1
30016,砌非,1
30017,非徒,1
30018,徒出,1
30019,出短,1
30020,垣身,1
30021,身甯,1
30022,甯虞,1
30023,虞瓦,1
30024,礫計,1
30025,計擬,1
30026,擬掩,1
30027,掩蘭,1
30028,蘭蓀,1
30029,蓀且,1
30030,歎高,1
30031,高無,1
30032,數庸,1
30033,庸知,1
30034,知上,1
30035,上幾,1
30036,幾番,1
30037,番短,1
30038,短長,1
30039,不校,1
30040,校先,1
30041,後竟,1
30042,論外,1
30043,外恨,1
30044,恨苞,1
30045,苞藏,1
30046,藏密,1
30047,密中,1
30048,中仍,1
30049,仍節,1
30050,節目,1
30051,目繁,1
30052,繁暫,1
30053,暫須,1
30054,須回,1
30055,回步,1
30056,步履,1
30057,履要,1
30058,要取,1
30059,取助,1
30060,助盤,1
30061,盤飧,1
30062,飧穰,1
30063,穰疑,1
30064,疑翻,1
30065,翻地,1
30066,地森,1
30067,森競,1
30068,競塞,1
30069,塞門,1
30070,門戈,1
30071,矛頭,1
30072,頭戢,1
30073,戢蛇,1
30074,蛇虺,1
30075,虺首,1
30076,首掀,1
30077,掀掀,1
30078,掀婦,1
30079,婦懦,1
30080,懦咨,1
30081,咨料,1
30082,料揀,1
30083,揀兒,1
30084,兒癡,1
30085,癡謁,1
30086,謁盡,1
30087,盡髡,1
30088,髡侯,1
30089,生來,1
30090,來慰,1
30091,我詩,1
30092,句讀,1
30093,讀驚,1
30094,驚魂,1
30095,魂屬,1
30096,和才,1
30097,才將,1
30098,將竭,1
30099,竭呻,1
30100,呻吟,1
30101,吟至,1
30102,日暾,1
30103,暾龍,1
30104,龍疲,1
30105,疲虎,1
30106,虎困,1
30107,困割,1
30108,割川,1
30109,原億,1
30110,萬蒼,1
30111,蒼生,1
30112,生性,1
30113,存誰,1
30114,王回,1
30115,回馬,1
30116,馬首,1
30117,首真,1
30118,真成,1
30119,成一,1
30120,擲賭,1
30121,賭乾,1
30122,坤司,1
30123,徒東,1
30124,東鎮,1
30125,鎮馳,1
30126,馳書,1
30127,書謁,1
30128,謁丞,1
30129,相西,1
30130,來走,1
30131,馬迎,1
30132,迎兩,1
30133,府元,1
30134,臣今,1
30135,今轉,1
30136,轉密,1
30137,密一,1
30138,一方,1
30139,方逋,1
30140,逋寇,1
30141,寇不,1
30142,難平,1
30143,平紅,1
30144,紅旗,1
30145,旗照,1
30146,照海,1
30147,海壓,1
30148,壓南,1
30149,荒征,1
30150,征入,1
30151,中台,1
30152,台作,1
30153,作侍,1
30154,郎暫,1
30155,暫從,1
30156,平小,1
30157,小寇,1
30158,寇便,1
30159,便歸,1
30160,闕致,1
30161,致時,1
30162,時康,1
30163,康旗,1
30164,旗穿,1
30165,穿曉,1
30166,日雲,1
30167,雲霞,1
30168,霞雜,1
30169,雜山,1
30170,山倚,1
30171,倚秋,1
30172,空劍,1
30173,戟明,1
30174,明敢,1
30175,敢請,1
30176,請相,1
30177,賊後,1
30178,後暫,1
30179,暫攜,1
30180,攜諸,1
30181,諸吏,1
30182,吏上,1
30183,上崢,1
30184,嶸城,1
30185,城上,1
30186,上赤,1
30187,赤雲,1
30188,雲呈,1
30189,呈勝,1
30190,勝氣,1
30191,氣眉,1
30192,眉間,1
30193,間黃,1
30194,黃色,1
30195,色見,1
30196,見歸,1
30197,期幕,1
30198,幕中,1
30199,中無,1
30200,事惟,1
30201,惟須,1
30202,須飲,1
30203,飲即,1
30204,是連,1
30205,連鑣,1
30206,鑣向,1
30207,向闕,1
30208,闕時,1
30209,時為,1
30210,文無,1
30211,無出,1
30212,出相,1
30213,相如,1
30214,如右,1
30215,右謀,1
30216,謀帥,1
30217,帥難,1
30218,難居,1
30219,居郤,1
30220,郤縠,1
30221,縠先,1
30222,先歸,1
30223,雪銷,1
30224,銷溱,1
30225,溱洧,1
30226,洧動,1
30227,動西,1
30228,來旌,1
30229,旌旆,1
30230,旆拂,1
30231,拂晴,1
30232,天周,1
30233,周楚,1
30234,楚仍,1
30235,仍連,1
30236,連接,1
30237,接川,1
30238,原乍,1
30239,乍屈,1
30240,屈盤,1
30241,盤雲,1
30242,雲垂,1
30243,暖塵,1
30244,塵漲,1
30245,漲雪,1
30246,雪猶,1
30247,猶幹,1
30248,幹印,1
30249,印綬,1
30250,綬歸,1
30251,室旌,1
30252,旌旗,1
30253,旗別,1
30254,別將,1
30255,將壇,1
30256,壇欲,1
30257,知迎,1
30258,候盛,1
30259,盛騎,1
30260,火萬,1
30261,萬星,1
30262,星攢,1
30263,攢四,1
30264,面星,1
30265,辰著,1
30266,地明,1
30267,明散,1
30268,散燒,1
30269,燒煙,1
30270,火宿,1
30271,宿天,1
30272,天兵,1
30273,兵不,1
30274,不關,1
30275,關破,1
30276,賊須,1
30277,歸奏,1
30278,奏自,1
30279,自趁,1
30280,趁新,1
30281,年賀,1
30282,賀太,1
30283,平郾,1
30284,郾城,1
30285,城辭,1
30286,辭罷,1
30287,罷過,1
30288,過襄,1
30289,襄城,1
30290,城潁,1
30291,水嵩,1
30292,山刮,1
30293,刮眼,1
30294,明已,1
30295,去蔡,1
30296,州三,1
30297,里家,1
30298,用遠,1
30299,來迎,1
30300,迎荒,1
30301,山野,1
30302,野水,1
30303,水照,1
30304,照斜,1
30305,斜暉,1
30306,暉啄,1
30307,啄雪,1
30308,寒鴉,1
30309,鴉趁,1
30310,趁始,1
30311,始飛,1
30312,宿驛,1
30313,驛亭,1
30314,亭愁,1
30315,不睡,1
30316,睡幸,1
30317,幸來,1
30318,就蓋,1
30319,蓋征,1
30320,衣數,1
30321,日方,1
30322,方離,1
30323,離雪,1
30324,雪今,1
30325,朝又,1
30326,又出,1
30327,出山,1
30328,山試,1
30329,試憑,1
30330,望隱,1
30331,約見,1
30332,見潼,1
30333,關夾,1
30334,夾道,1
30335,道疏,1
30336,疏槐,1
30337,槐出,1
30338,出老,1
30339,老根,1
30340,根高,1
30341,高甍,1
30342,甍巨,1
30343,巨桷,1
30344,桷壓,1
30345,壓山,1
30346,山原,1
30347,原宮,1
30348,宮前,1
30349,前遺,1
30350,遺老,1
30351,老來,1
30352,相問,1
30353,問今,1
30354,今是,1
30355,是開,1
30356,開元,1
30357,元幾,1
30358,幾葉,1
30359,葉孫,1
30360,孫荊,1
30361,荊山,1
30362,山已,1
30363,去華,1
30364,出潼,1
30365,關四,1
30366,四扇,1
30367,扇開,1
30368,開刺,1
30369,史莫,1
30370,辭迎,1
30371,候遠,1
30372,遠相,1
30373,公親,1
30374,親破,1
30375,破蔡,1
30376,州回,1
30377,回暫,1
30378,暫辭,1
30379,辭堂,1
30380,堂印,1
30381,印執,1
30382,執兵,1
30383,兵權,1
30384,權儘,1
30385,儘管,1
30386,管諸,1
30387,諸軍,1
30388,軍破,1
30389,賊年,1
30390,年冠,1
30391,冠蓋,1
30392,蓋相,1
30393,望催,1
30394,催入,1
30395,入相,1
30396,待將,1
30397,將功,1
30398,德格,1
30399,格皇,1
30400,天西,1
30401,來騎,1
30402,火照,1
30403,照山,1
30404,紅夜,1
30405,宿桃,1
30406,桃林,1
30407,林臘,1
30408,臘月,1
30409,月中,1
30410,中手,1
30411,把命,1
30412,命珪,1
30413,珪兼,1
30414,兼相,1
30415,相印,1
30416,印一,1
30417,時重,1
30418,疊賞,1
30419,賞元,1
30420,功去,1
30421,年秋,1
30422,秋露,1
30423,下羈,1
30424,旅逐,1
30425,東征,1
30426,征今,1
30427,今歲,1
30428,歲春,1
30429,春光,1
30430,光動,1
30431,動驅,1
30432,馳別,1
30433,別上,1
30434,上京,1
30435,京飲,1
30436,飲中,1
30437,相顧,1
30438,顧色,1
30439,色送,1
30440,送後,1
30441,後獨,1
30442,獨歸,1
30443,歸情,1
30444,情兩,1
30445,無千,1
30446,里因,1
30447,因風,1
30448,風數,1
30449,數寄,1
30450,寄聲,1
30451,聲南,1
30452,南伐,1
30453,伐旋,1
30454,旋師,1
30455,師太,1
30456,華東,1
30457,東天,1
30458,天書,1
30459,書夜,1
30460,夜到,1
30461,到冊,1
30462,冊元,1
30463,功將,1
30464,軍舊,1
30465,舊壓,1
30466,壓三,1
30467,三司,1
30468,司貴,1
30469,相國,1
30470,新兼,1
30471,兼五,1
30472,五等,1
30473,等崇,1
30474,崇鵷,1
30475,鷺欲,1
30476,欲歸,1
30477,仙仗,1
30478,仗裏,1
30479,裏熊,1
30480,熊羆,1
30481,羆還,1
30482,還入,1
30483,禁營,1
30484,營中,1
30485,中長,1
30486,長慚,1
30487,慚典,1
30488,典午,1
30489,午非,1
30490,非材,1
30491,材職,1
30492,職得,1
30493,得就,1
30494,就閑,1
30495,官即,1
30496,即至,1
30497,至公,1
30498,公侯,1
30499,家林,1
30500,林館,1
30501,館勝,1
30502,勝偶,1
30503,偶入,1
30504,入得,1
30505,得垂,1
30506,垂竿,1
30507,竿曲,1
30508,曲樹,1
30509,樹行,1
30510,行藤,1
30511,藤角,1
30512,角平,1
30513,平池,1
30514,池散,1
30515,散芡,1
30516,芡盤,1
30517,盤羽,1
30518,羽沈,1
30519,沈知,1
30520,知食,1
30521,食駛,1
30522,駛緡,1
30523,緡細,1
30524,細覺,1
30525,覺牽,1
30526,牽難,1
30527,難聊,1
30528,聊取,1
30529,取誇,1
30530,誇兒,1
30531,女榆,1
30532,榆條,1
30533,系從,1
30534,從鞍,1
30535,鞍一,1
30536,徑向,1
30537,向池,1
30538,池斜,1
30539,斜池,1
30540,池塘,1
30541,塘野,1
30542,花雨,1
30543,雨多,1
30544,多添,1
30545,添柳,1
30546,柳耳,1
30547,水長,1
30548,長減,1
30549,減蒲,1
30550,蒲芽,1
30551,芽坐,1
30552,坐厭,1
30553,厭親,1
30554,親刑,1
30555,刑柄,1
30556,柄偷,1
30557,偷來,1
30558,傍釣,1
30559,釣車,1
30560,車太,1
30561,平公,1
30562,事少,1
30563,少吏,1
30564,吏隱,1
30565,隱詎,1
30566,相賒,1
30567,賒獨,1
30568,獨往,1
30569,往南,1
30570,南塘,1
30571,塘上,1
30572,秋晨,1
30573,晨景,1
30574,景氣,1
30575,氣醒,1
30576,醒露,1
30577,露排,1
30578,排四,1
30579,四岸,1
30580,草風,1
30581,風約,1
30582,約半,1
30583,半池,1
30584,池萍,1
30585,萍鳥,1
30586,鳥下,1
30587,人寂,1
30588,寂魚,1
30589,魚來,1
30590,來聞,1
30591,聞餌,1
30592,餌馨,1
30593,馨所,1
30594,所嗟,1
30595,嗟無,1
30596,可召,1
30597,召不,1
30598,得倒,1
30599,倒吾,1
30600,吾瓶,1
30601,瓶秋,1
30602,秋半,1
30603,物變,1
30604,變溪,1
30605,溪魚,1
30606,魚去,1
30607,不來,1
30608,風能,1
30609,能坼,1
30610,坼芡,1
30611,芡觜,1
30612,觜露,1
30613,露亦,1
30614,亦染,1
30615,染梨,1
30616,梨腮,1
30617,腮遠,1
30618,遠岫,1
30619,岫重,1
30620,疊出,1
30621,出寒,1
30622,寒花,1
30623,花散,1
30624,散亂,1
30625,亂開,1
30626,開所,1
30627,所期,1
30628,期終,1
30629,莫至,1
30630,暮與,1
30631,誰回,1
30632,回老,1
30633,樹無,1
30634,葉風,1
30635,霜不,1
30636,復侵,1
30637,侵腹,1
30638,腹穿,1
30639,穿人,1
30640,過皮,1
30641,皮剝,1
30642,剝蟻,1
30643,蟻還,1
30644,還尋,1
30645,尋寄,1
30646,寄託,1
30647,託惟,1
30648,惟朝,1
30649,菌依,1
30650,依投,1
30651,投絕,1
30652,絕暮,1
30653,暮禽,1
30654,禽猶,1
30655,猶堪,1
30656,堪持,1
30657,持改,1
30658,改火,1
30659,火未,1
30660,肯但,1
30661,但空,1
30662,空心,1
30663,心元,1
30664,元日,1
30665,日新,1
30666,詩已,1
30667,年蔡,1
30668,州遙,1
30669,遙寄,1
30670,寄荷,1
30671,荷相,1
30672,憐今,1
30673,朝縱,1
30674,人領,1
30675,領自,1
30676,是三,1
30677,三峰,1
30678,峰不,1
30679,敢眠,1
30680,眠今,1
30681,夕知,1
30682,何夕,1
30683,夕花,1
30684,花然,1
30685,然錦,1
30686,錦帳,1
30687,帳中,1
30688,中自,1
30689,自能,1
30690,能當,1
30691,當雪,1
30692,雪暖,1
30693,暖那,1
30694,那肯,1
30695,肯待,1
30696,待春,1
30697,春紅,1
30698,紅黃,1
30699,黃裏,1
30700,裏排,1
30701,排金,1
30702,金粟,1
30703,粟釵,1
30704,釵頭,1
30705,頭綴,1
30706,綴玉,1
30707,玉蟲,1
30708,蟲更,1
30709,更煩,1
30710,煩將,1
30711,將喜,1
30712,喜事,1
30713,事來,1
30714,來報,1
30715,報主,1
30716,人公,1
30717,公祖,1
30718,祖席,1
30719,席洛,1
30720,洛橋,1
30721,橋邊,1
30722,邊親,1
30723,交共,1
30724,共黯,1
30725,黯然,1
30726,然野,1
30727,野晴,1
30728,晴山,1
30729,山簇,1
30730,簇簇,1
30731,簇霜,1
30732,霜曉,1
30733,曉菊,1
30734,菊鮮,1
30735,鮮書,1
30736,書寄,1
30737,思處,1
30738,處杯,1
30739,杯銜,1
30740,銜欲,1
30741,別前,1
30742,前淮,1
30743,淮陽,1
30744,陽知,1
30745,薄終,1
30746,終願,1
30747,願早,1
30748,早回,1
30749,回船,1
30750,船淮,1
30751,淮南,1
30752,南悲,1
30753,悲木,1
30754,木落,1
30755,落而,1
30756,亦傷,1
30757,傷秋,1
30758,秋況,1
30759,況與,1
30760,人別,1
30761,別那,1
30762,堪羈,1
30763,羈宦,1
30764,宦愁,1
30765,愁榮,1
30766,華今,1
30767,今異,1
30768,異路,1
30769,路風,1
30770,雨昔,1
30771,昔同,1
30772,同憂,1
30773,憂莫,1
30774,莫以,1
30775,以宜,1
30776,春遠,1
30777,遠江,1
30778,多勝,1
30779,勝遊,1
30780,遊番,1
30781,番禺,1
30782,禺軍,1
30783,軍府,1
30784,府盛,1
30785,盛欲,1
30786,欲說,1
30787,說暫,1
30788,停杯,1
30789,杯蓋,1
30790,蓋海,1
30791,海旗,1
30792,旗幢,1
30793,幢出,1
30794,出連,1
30795,天觀,1
30796,觀閣,1
30797,閣開,1
30798,開衙,1
30799,衙時,1
30800,時龍,1
30801,龍戶,1
30802,戶集,1
30803,集上,1
30804,上日,1
30805,日馬,1
30806,馬人,1
30807,人來,1
30808,風靜,1
30809,靜鶢,1
30810,鶢鶋,1
30811,鶋去,1
30812,去官,1
30813,官廉,1
30814,廉蚌,1
30815,蚌蛤,1
30816,蛤回,1
30817,回貨,1
30818,貨通,1
30819,通師,1
30820,師子,1
30821,子國,1
30822,國樂,1
30823,樂奏,1
30824,奏武,1
30825,武王,1
30826,王台,1
30827,台事,1
30828,事事,1
30829,皆殊,1
30830,異無,1
30831,嫌屈,1
30832,屈大,1
30833,大才,1
30834,才軟,1
30835,軟濕,1
30836,濕青,1
30837,青黃,1
30838,黃狀,1
30839,狀可,1
30840,猜欲,1
30841,欲烹,1
30842,烹還,1
30843,還喚,1
30844,喚木,1
30845,木盤,1
30846,回煩,1
30847,煩君,1
30848,自入,1
30849,入華,1
30850,華陽,1
30851,陽洞,1
30852,洞直,1
30853,直割,1
30854,割乖,1
30855,乖龍,1
30856,龍左,1
30857,左耳,1
30858,耳來,1
30859,來一,1
30860,封朝,1
30861,朝奏,1
30862,奏九,1
30863,重天,1
30864,天夕,1
30865,夕貶,1
30866,貶潮,1
30867,州路,1
30868,千欲,1
30869,欲為,1
30870,為聖,1
30871,朝除,1
30872,除弊,1
30873,弊事,1
30874,事肯,1
30875,肯將,1
30876,衰朽,1
30877,朽惜,1
30878,惜殘,1
30879,殘年,1
30880,年雲,1
30881,雲橫,1
30882,橫秦,1
30883,秦嶺,1
30884,嶺家,1
30885,家何,1
30886,何在,1
30887,在雪,1
30888,雪擁,1
30889,擁藍,1
30890,藍關,1
30891,關馬,1
30892,不前,1
30893,前知,1
30894,知汝,1
30895,汝遠,1
30896,應有,1
30897,意好,1
30898,好收,1
30899,收吾,1
30900,吾骨,1
30901,骨瘴,1
30902,瘴江,1
30903,江邊,1
30904,邊嗟,1
30905,爾戎,1
30906,戎人,1
30907,莫慘,1
30908,慘然,1
30909,然湖,1
30910,湖南,1
30911,南地,1
30912,地近,1
30913,近保,1
30914,保生,1
30915,全我,1
30916,今罪,1
30917,罪重,1
30918,重無,1
30919,歸望,1
30920,望直,1
30921,直去,1
30922,去長,1
30923,安路,1
30924,千潮,1
30925,陽南,1
30926,去倍,1
30927,倍長,1
30928,沙戀,1
30929,戀闕,1
30930,闕那,1
30931,堪又,1
30932,又憶,1
30933,憶家,1
30934,家心,1
30935,心訝,1
30936,訝愁,1
30937,愁來,1
30938,來惟,1
30939,惟貯,1
30940,貯火,1
30941,火眼,1
30942,眼知,1
30943,知別,1
30944,自添,1
30945,添花,1
30946,花商,1
30947,商顏,1
30948,顏暮,1
30949,暮雪,1
30950,雪逢,1
30951,少鄧,1
30952,鄧鄙,1
30953,鄙春,1
30954,春泥,1
30955,泥見,1
30956,見驛,1
30957,驛賒,1
30958,賒早,1
30959,晚王,1
30960,師收,1
30961,收海,1
30962,海嶽,1
30963,嶽普,1
30964,普將,1
30965,將雷,1
30966,雷雨,1
30967,雨發,1
30968,發萌,1
30969,芽不,1
30970,覺離,1
30971,離家,1
30972,家已,1
30973,已五,1
30974,五千,1
30975,千仍,1
30976,仍將,1
30977,衰病,1
30978,病入,1
30979,入瀧,1
30980,瀧船,1
30981,船潮,1
30982,陽未,1
30983,到吾,1
30984,吾能,1
30985,能說,1
30986,說海,1
30987,氣昏,1
30988,水拍,1
30989,拍天,1
30990,天韶,1
30991,韶州,1
30992,去接,1
30993,接宣,1
30994,宣溪,1
30995,溪雲,1
30996,茫日,1
30997,日向,1
30998,向西,1
30999,西客,1
31000,客淚,1
31001,淚數,1
31002,數行,1
31003,行先,1
31004,自落,1
31005,落鷓,1
31006,鴣休,1
31007,休傍,1
31008,傍耳,1
31009,耳邊,1
31010,邊啼,1
31011,啼兼,1
31012,金那,1
31013,那足,1
31014,足比,1
31015,比清,1
31016,首相,1
31017,隨愧,1
31018,愧使,1
31019,君俱,1
31020,俱是,1
31021,是嶺,1
31022,南巡,1
31023,巡管,1
31024,管內,1
31025,內莫,1
31026,莫欺,1
31027,欺荒,1
31028,荒僻,1
31029,僻斷,1
31030,斷知,1
31031,知聞,1
31032,聞橋,1
31033,橋夾,1
31034,夾水,1
31035,水松,1
31036,松行,1
31037,行百,1
31038,步竹,1
31039,竹床,1
31040,床莞,1
31041,莞席,1
31042,席到,1
31043,到僧,1
31044,僧家,1
31045,家暫,1
31046,暫拳,1
31047,拳一,1
31048,一手,1
31049,手支,1
31050,支頭,1
31051,頭臥,1
31052,臥還,1
31053,還把,1
31054,把魚,1
31055,魚竿,1
31056,竿下,1
31057,下釣,1
31058,釣沙,1
31059,沙曲,1
31060,水聞,1
31061,聞來,1
31062,來久,1
31063,久恐,1
31064,恐不,1
31065,名訪,1
31066,訪倍,1
31067,倍難,1
31068,難願,1
31069,借圖,1
31070,圖經,1
31071,經將,1
31072,將入,1
31073,入界,1
31074,界每,1
31075,每逢,1
31076,逢佳,1
31077,佳處,1
31078,處便,1
31079,便開,1
31080,開看,1
31081,看憶,1
31082,憶作,1
31083,作兒,1
31084,童隨,1
31085,隨伯,1
31086,伯氏,1
31087,氏南,1
31088,南來,1
31089,來今,1
31090,今只,1
31091,只一,1
31092,身存,1
31093,存目,1
31094,目前,1
31095,前百,1
31096,口還,1
31097,相逐,1
31098,逐舊,1
31099,舊事,1
31100,可共,1
31101,共論,1
31102,論來,1
31103,來往,1
31104,往再,1
31105,再逢,1
31106,逢梅,1
31107,梅柳,1
31108,柳新,1
31109,新別,1
31110,離一,1
31111,一醉,1
31112,醉綺,1
31113,綺羅,1
31114,羅春,1
31115,春久,1
31116,久欽,1
31117,欽江,1
31118,江總,1
31119,總文,1
31120,才妙,1
31121,妙自,1
31122,自歎,1
31123,歎虞,1
31124,翻骨,1
31125,骨相,1
31126,相屯,1
31127,屯鳴,1
31128,鳴笛,1
31129,笛急,1
31130,急吹,1
31131,吹爭,1
31132,爭落,1
31133,日清,1
31134,清歌,1
31135,歌緩,1
31136,緩送,1
31137,送款,1
31138,款行,1
31139,人已,1
31140,已知,1
31141,知奏,1
31142,奏課,1
31143,課當,1
31144,當征,1
31145,征拜,1
31146,拜那,1
31147,那複,1
31148,複淹,1
31149,留詠,1
31150,蘋明,1
31151,時遠,1
31152,遠逐,1
31153,逐事,1
31154,事何,1
31155,遇赦,1
31156,赦移,1
31157,移官,1
31158,官罪,1
31159,罪未,1
31160,未除,1
31161,除北,1
31162,北望,1
31163,望詎,1
31164,詎令,1
31165,令隨,1
31166,隨塞,1
31167,塞雁,1
31168,雁南,1
31169,南遷,1
31170,遷才,1
31171,才免,1
31172,免葬,1
31173,葬江,1
31174,魚將,1
31175,經貴,1
31176,貴郡,1
31177,郡煩,1
31178,煩留,1
31179,留客,1
31180,客先,1
31181,先惠,1
31182,惠高,1
31183,高文,1
31184,文謝,1
31185,謝起,1
31186,起予,1
31187,予暫,1
31188,暫欲,1
31189,欲系,1
31190,系船,1
31191,船韶,1
31192,韶石,1
31193,石下,1
31194,上賓,1
31195,賓虞,1
31196,虞舜,1
31197,舜整,1
31198,整冠,1
31199,冠裾,1
31200,裾憑,1
31201,高試,1
31202,試回,1
31203,首一,1
31204,一望,1
31205,望豫,1
31206,豫章,1
31207,章城,1
31208,城人,1
31209,由戀,1
31210,戀德,1
31211,德泣,1
31212,泣馬,1
31213,馬亦,1
31214,亦別,1
31215,別群,1
31216,群鳴,1
31217,鳴寒,1
31218,日夕,1
31219,夕始,1
31220,始照,1
31221,照風,1
31222,風江,1
31223,江遠,1
31224,遠漸,1
31225,漸平,1
31226,平默,1
31227,默然,1
31228,然都,1
31229,都不,1
31230,語應,1
31231,應識,1
31232,識此,1
31233,時情,1
31234,情中,1
31235,中郎,1
31236,郎有,1
31237,有女,1
31238,女能,1
31239,能傳,1
31240,傳業,1
31241,業伯,1
31242,伯道,1
31243,無兒,1
31244,可保,1
31245,保家,1
31246,家偶,1
31247,偶到,1
31248,到匡,1
31249,匡山,1
31250,山曾,1
31251,曾住,1
31252,住處,1
31253,處幾,1
31254,幾行,1
31255,行衰,1
31256,衰淚,1
31257,落煙,1
31258,煙霞,1
31259,霞行,1
31260,行指,1
31261,指漢,1
31262,漢東,1
31263,東暫,1
31264,暫喜,1
31265,喜笑,1
31266,言同,1
31267,同雨,1
31268,雨雪,1
31269,雪離,1
31270,上蒹,1
31271,葭出,1
31272,出夢,1
31273,夢中,1
31274,中面,1
31275,面猶,1
31276,猶含,1
31277,含瘴,1
31278,瘴色,1
31279,色眼,1
31280,眼已,1
31281,已見,1
31282,見華,1
31283,華風,1
31284,風歲,1
31285,歲暮,1
31286,暮難,1
31287,難相,1
31288,值酣,1
31289,酣歌,1
31290,歌未,1
31291,可終,1
31292,終白,1
31293,白水,1
31294,龍飛,1
31295,已幾,1
31296,幾春,1
31297,春偶,1
31298,逢遺,1
31299,遺跡,1
31300,跡問,1
31301,問耕,1
31302,耕人,1
31303,人丘,1
31304,丘墳,1
31305,墳發,1
31306,發掘,1
31307,掘當,1
31308,當官,1
31309,官路,1
31310,處南,1
31311,有近,1
31312,近親,1
31313,親陸,1
31314,陸孟,1
31315,孟丘,1
31316,丘楊,1
31317,楊久,1
31318,久作,1
31319,作塵,1
31320,塵同,1
31321,時存,1
31322,者更,1
31323,金丹,1
31324,丹別,1
31325,後知,1
31326,知傳,1
31327,傳得,1
31328,得乞,1
31329,乞取,1
31330,取刀,1
31331,刀圭,1
31332,圭救,1
31333,救病,1
31334,身濁,1
31335,濁水,1
31336,水污,1
31337,污泥,1
31338,泥清,1
31339,清路,1
31340,路塵,1
31341,塵還,1
31342,還曾,1
31343,曾同,1
31344,同制,1
31345,制掌,1
31346,掌絲,1
31347,綸眼,1
31348,眼穿,1
31349,穿長,1
31350,長訝,1
31351,訝雙,1
31352,魚斷,1
31353,斷耳,1
31354,耳熱,1
31355,熱何,1
31356,何辭,1
31357,辭數,1
31358,數爵,1
31359,爵頻,1
31360,頻銀,1
31361,銀燭,1
31362,燭未,1
31363,銷窗,1
31364,窗送,1
31365,送曙,1
31366,曙金,1
31367,金釵,1
31368,釵半,1
31369,半醉,1
31370,醉座,1
31371,座添,1
31372,添春,1
31373,春知,1
31374,知公,1
31375,歸鈞,1
31376,鈞軸,1
31377,軸應,1
31378,應許,1
31379,許閑,1
31380,官寄,1
31381,寄病,1
31382,身數,1
31383,數條,1
31384,條藤,1
31385,藤束,1
31386,束木,1
31387,木皮,1
31388,皮棺,1
31389,棺草,1
31390,草殯,1
31391,殯荒,1
31392,山白,1
31393,白骨,1
31394,骨寒,1
31395,寒驚,1
31396,恐入,1
31397,入心,1
31398,心身,1
31399,病扶,1
31400,扶舁,1
31401,舁沿,1
31402,沿路,1
31403,路眾,1
31404,眾知,1
31405,難繞,1
31406,繞墳,1
31407,墳不,1
31408,不暇,1
31409,暇號,1
31410,號三,1
31411,三匝,1
31412,匝設,1
31413,設祭,1
31414,祭惟,1
31415,惟聞,1
31416,聞飯,1
31417,飯一,1
31418,一盤,1
31419,盤致,1
31420,致汝,1
31421,辜由,1
31422,由我,1
31423,罪百,1
31424,年慚,1
31425,慚痛,1
31426,痛淚,1
31427,淚闌,1
31428,闌幹,1
31429,幹司,1
31430,空遠,1
31431,寄養,1
31432,養初,1
31433,成毛,1
31434,毛色,1
31435,色桃,1
31436,花眼,1
31437,鏡明,1
31438,明落,1
31439,已曾,1
31440,曾交,1
31441,交轡,1
31442,轡語,1
31443,語春,1
31444,風還,1
31445,還擬,1
31446,擬並,1
31447,並鞍,1
31448,鞍行,1
31449,行長,1
31450,令奴,1
31451,奴僕,1
31452,僕知,1
31453,知饑,1
31454,渴須,1
31455,著賢,1
31456,良待,1
31457,待性,1
31458,情旦,1
31459,夕公,1
31460,公歸,1
31461,歸伸,1
31462,伸拜,1
31463,謝免,1
31464,免勞,1
31465,勞騎,1
31466,騎去,1
31467,去逐,1
31468,逐雙,1
31469,雙旌,1
31470,旌東,1
31471,風花,1
31472,下送,1
31473,送爾,1
31474,爾出,1
31475,出京,1
31476,城久,1
31477,久抱,1
31478,抱傷,1
31479,傷春,1
31480,意新,1
31481,新添,1
31482,添惜,1
31483,惜別,1
31484,別情,1
31485,情歸,1
31486,來身,1
31487,病相,1
31488,見眼,1
31489,眼還,1
31490,還明,1
31491,明更,1
31492,遣將,1
31493,逐後,1
31494,生放,1
31495,放朝,1
31496,朝還,1
31497,報半,1
31498,半路,1
31499,路蹋,1
31500,蹋泥,1
31501,歸雨,1
31502,雨慣,1
31503,慣曾,1
31504,無節,1
31505,節雷,1
31506,雷頻,1
31507,頻自,1
31508,自失,1
31509,失威,1
31510,威見,1
31511,見牆,1
31512,牆生,1
31513,生菌,1
31514,菌遍,1
31515,遍憂,1
31516,憂麥,1
31517,麥作,1
31518,作蛾,1
31519,蛾飛,1
31520,飛歲,1
31521,晚偏,1
31522,偏蕭,1
31523,蕭索,1
31524,索誰,1
31525,誰當,1
31526,當救,1
31527,救晉,1
31528,晉饑,1
31529,朝當,1
31530,當路,1
31531,日承,1
31532,承詔,1
31533,詔改,1
31534,改轅,1
31535,轅時,1
31536,時再,1
31537,再領,1
31538,領須,1
31539,須句,1
31540,句國,1
31541,國仍,1
31542,仍遷,1
31543,遷少,1
31544,少昊,1
31545,昊司,1
31546,司暖,1
31547,暖風,1
31548,風抽,1
31549,抽宿,1
31550,宿麥,1
31551,麥清,1
31552,雨卷,1
31553,卷歸,1
31554,歸旗,1
31555,旗賴,1
31556,賴寄,1
31557,寄新,1
31558,新珠,1
31559,珠玉,1
31560,玉長,1
31561,吟慰,1
31562,我思,1
31563,思牆,1
31564,下春,1
31565,春渠,1
31566,渠入,1
31567,禁溝,1
31568,溝渠,1
31569,渠冰,1
31570,冰初,1
31571,初破,1
31572,破滿,1
31573,滿渠,1
31574,渠浮,1
31575,浮鳳,1
31576,鳳池,1
31577,池近,1
31578,近日,1
31579,日長,1
31580,長先,1
31581,先暖,1
31582,暖流,1
31583,流到,1
31584,到池,1
31585,池時,1
31586,時更,1
31587,更不,1
31588,不流,1
31589,流朗,1
31590,朗朗,1
31591,朗聞,1
31592,聞街,1
31593,街鼓,1
31594,晨起,1
31595,似朝,1
31596,朝時,1
31597,翻走,1
31598,走驛,1
31599,馬春,1
31600,春儘,1
31601,是歸,1
31602,期地,1
31603,地失,1
31604,失嘉,1
31605,嘉禾,1
31606,禾處,1
31607,處風,1
31608,風存,1
31609,存蟋,1
31610,蟀辭,1
31611,辭暮,1
31612,暮齒,1
31613,齒良,1
31614,良多,1
31615,感無,1
31616,事涕,1
31617,垂頤,1
31618,頤風,1
31619,光欲,1
31620,欲動,1
31621,動別,1
31622,安春,1
31623,春半,1
31624,半城,1
31625,城邊,1
31626,邊特,1
31627,特地,1
31628,見園,1
31629,園花,1
31630,花兼,1
31631,兼巷,1
31632,巷柳,1
31633,柳馬,1
31634,頭惟,1
31635,月團,1
31636,團別,1
31637,來楊,1
31638,楊柳,1
31639,柳街,1
31640,街頭,1
31641,頭樹,1
31642,樹擺,1
31643,擺弄,1
31644,弄春,1
31645,風只,1
31646,只欲,1
31647,欲飛,1
31648,飛還,1
31649,有小,1
31650,小園,1
31651,園桃,1
31652,李在,1
31653,在留,1
31654,留花,1
31655,發待,1
31656,待郎,1
31657,歸漠,1
31658,漠輕,1
31659,輕陰,1
31660,陰晚,1
31661,自開,1
31662,日映,1
31663,映樓,1
31664,樓臺,1
31665,臺曲,1
31666,水滿,1
31667,滿花,1
31668,花千,1
31669,樹有,1
31670,有底,1
31671,底忙,1
31672,肯來,1
31673,漢家,1
31674,家舊,1
31675,舊種,1
31676,種明,1
31677,光殿,1
31678,殿炎,1
31679,帝還,1
31680,還書,1
31681,書本,1
31682,本草,1
31683,草經,1
31684,經豈,1
31685,豈似,1
31686,似滿,1
31687,滿朝,1
31688,朝承,1
31689,承雨,1
31690,雨露,1
31691,露共,1
31692,共看,1
31693,看傳,1
31694,傳賜,1
31695,賜出,1
31696,出青,1
31697,冥香,1
31698,香隨,1
31699,隨翠,1
31700,翠籠,1
31701,籠擎,1
31702,擎初,1
31703,到色,1
31704,色映,1
31705,映銀,1
31706,銀盤,1
31707,盤寫,1
31708,寫未,1
31709,未停,1
31710,停食,1
31711,罷自,1
31712,所報,1
31713,報空,1
31714,空然,1
31715,然慚,1
31716,慚汗,1
31717,汗仰,1
31718,仰皇,1
31719,皇扃,1
31720,扃天,1
31721,街小,1
31722,小雨,1
31723,雨潤,1
31724,潤如,1
31725,如酥,1
31726,酥草,1
31727,草色,1
31728,色遙,1
31729,遙看,1
31730,看近,1
31731,近卻,1
31732,無最,1
31733,最是,1
31734,是一,1
31735,年春,1
31736,春好,1
31737,好處,1
31738,處絕,1
31739,絕勝,1
31740,勝煙,1
31741,煙柳,1
31742,柳滿,1
31743,滿皇,1
31744,都莫,1
31745,道官,1
31746,官忙,1
31747,忙身,1
31748,身老,1
31749,大即,1
31750,即無,1
31751,無年,1
31752,少逐,1
31753,逐春,1
31754,春心,1
31755,心憑,1
31756,憑君,1
31757,先到,1
31758,看柳,1
31759,色如,1
31760,今深,1
31761,未深,1
31762,深蒼,1
31763,蒼森,1
31764,森八,1
31765,八桂,1
31766,桂茲,1
31767,地在,1
31768,在湘,1
31769,湘南,1
31770,南江,1
31771,江作,1
31772,作青,1
31773,羅帶,1
31774,帶山,1
31775,山如,1
31776,如碧,1
31777,碧玉,1
31778,玉篸,1
31779,篸戶,1
31780,戶多,1
31781,多輸,1
31782,輸翠,1
31783,翠羽,1
31784,羽家,1
31785,家自,1
31786,自種,1
31787,種黃,1
31788,黃甘,1
31789,甘遠,1
31790,遠勝,1
31791,勝登,1
31792,登仙,1
31793,仙去,1
31794,去飛,1
31795,飛鸞,1
31796,鸞不,1
31797,假驂,1
31798,驂天,1
31799,平篇,1
31800,篇什,1
31801,什外,1
31802,外政,1
31803,政事,1
31804,事亦,1
31805,無雙,1
31806,雙威,1
31807,威令,1
31808,令加,1
31809,加徐,1
31810,徐土,1
31811,土儒,1
31812,儒風,1
31813,風被,1
31814,被魯,1
31815,魯邦,1
31816,邦清,1
31817,清為,1
31818,公論,1
31819,論重,1
31820,重寬,1
31821,寬得,1
31822,得士,1
31823,士心,1
31824,心降,1
31825,降歲,1
31826,歲晏,1
31827,晏偏,1
31828,偏相,1
31829,相憶,1
31830,憶長,1
31831,長謠,1
31832,謠坐,1
31833,坐北,1
31834,窗竄,1
31835,逐三,1
31836,年海,1
31837,海上,1
31838,上歸,1
31839,歸逢,1
31840,逢公,1
31841,公複,1
31842,複此,1
31843,此著,1
31844,著征,1
31845,衣旋,1
31846,旋吟,1
31847,吟佳,1
31848,句還,1
31849,還鞭,1
31850,馬恨,1
31851,不身,1
31852,身先,1
31853,先去,1
31854,去鳥,1
31855,鳥飛,1
31856,飛銜,1
31857,銜命,1
31858,命山,1
31859,東撫,1
31860,撫亂,1
31861,亂師,1
31862,師日,1
31863,日馳,1
31864,馳三,1
31865,百自,1
31866,自嫌,1
31867,嫌遲,1
31868,遲風,1
31869,霜滿,1
31870,滿面,1
31871,面無,1
31872,識何,1
31873,處如,1
31874,更有,1
31875,武功,1
31876,功成,1
31877,成後,1
31878,後居,1
31879,居為,1
31880,百辟,1
31881,辟師,1
31882,師林,1
31883,園窮,1
31884,窮勝,1
31885,事鐘,1
31886,鐘鼓,1
31887,鼓樂,1
31888,樂清,1
31889,清時,1
31890,時擺,1
31891,擺落,1
31892,落遺,1
31893,遺高,1
31894,高論,1
31895,論雕,1
31896,鐫出,1
31897,出小,1
31898,小詩,1
31899,詩自,1
31900,然無,1
31901,可範,1
31902,範蠡,1
31903,蠡爾,1
31904,誰盡,1
31905,盡瘁,1
31906,瘁年,1
31907,年將,1
31908,將久,1
31909,久公,1
31910,始暫,1
31911,閑事,1
31912,隨憂,1
31913,憂共,1
31914,共減,1
31915,減詩,1
31916,酒俱,1
31917,俱還,1
31918,還放,1
31919,放意,1
31920,意機,1
31921,機衡,1
31922,衡外,1
31923,外收,1
31924,身矢,1
31925,矢石,1
31926,間秋,1
31927,秋颱,1
31928,颱風,1
31929,日迥,1
31930,迥正,1
31931,好看,1
31932,看前,1
31933,前山,1
31934,山山,1
31935,山公,1
31936,公自,1
31937,是林,1
31938,園主,1
31939,主嘆,1
31940,嘆惜,1
31941,惜前,1
31942,前賢,1
31943,賢造,1
31944,作時,1
31945,時岩,1
31946,洞幽,1
31947,幽深,1
31948,深門,1
31949,盡鎖,1
31950,不因,1
31951,因丞,1
31952,相幾,1
31953,幾人,1
31954,知耒,1
31955,耜興,1
31956,興姬,1
31957,姬國,1
31958,國輴,1
31959,輴欙,1
31960,欙建,1
31961,建夏,1
31962,夏家,1
31963,家在,1
31964,在功,1
31965,功誠,1
31966,尚於,1
31967,於道,1
31968,道詎,1
31969,詎為,1
31970,華象,1
31971,象帝,1
31972,帝威,1
31973,容大,1
31974,大仙,1
31975,仙宗,1
31976,宗寶,1
31977,寶曆,1
31978,曆賒,1
31979,賒衛,1
31980,衛門,1
31981,門羅,1
31982,羅戟,1
31983,戟槊,1
31984,槊圖,1
31985,圖壁,1
31986,壁雜,1
31987,雜龍,1
31988,蛇禮,1
31989,禮樂,1
31990,樂追,1
31991,追尊,1
31992,尊盛,1
31993,盛乾,1
31994,坤降,1
31995,降福,1
31996,福遐,1
31997,遐四,1
31998,四真,1
31999,真皆,1
32000,皆齒,1
32001,齒列,1
32002,列二,1
32003,二聖,1
32004,聖亦,1
32005,亦肩,1
32006,肩差,1
32007,差陽,1
32008,陽月,1
32009,月時,1
32010,之首,1
32011,首陰,1
32012,陰泉,1
32013,泉氣,1
32014,氣未,1
32015,未牙,1
32016,牙殿,1
32017,殿階,1
32018,階鋪,1
32019,鋪水,1
32020,水碧,1
32021,碧庭,1
32022,庭炬,1
32023,炬坼,1
32024,坼金,1
32025,金葩,1
32026,葩紫,1
32027,紫極,1
32028,極觀,1
32029,觀忘,1
32030,忘倦,1
32031,倦青,1
32032,青詞,1
32033,詞奏,1
32034,奏不,1
32035,不嘩,1
32036,嘩噌,1
32037,噌吰,1
32038,吰宮,1
32039,宮夜,1
32040,夜辟,1
32041,辟嘈,1
32042,嘈囐,1
32043,囐鼓,1
32044,晨撾,1
32045,撾褻,1
32046,褻味,1
32047,味陳,1
32048,陳奚,1
32049,奚取,1
32050,取名,1
32051,名香,1
32052,香薦,1
32053,薦孔,1
32054,孔嘉,1
32055,嘉垂,1
32056,垂祥,1
32057,祥紛,1
32058,紛可,1
32059,可錄,1
32060,錄俾,1
32061,俾壽,1
32062,壽浩,1
32063,浩無,1
32064,涯貴,1
32065,相山,1
32066,山瞻,1
32067,瞻峻,1
32068,峻清,1
32069,文玉,1
32070,玉絕,1
32071,絕瑕,1
32072,瑕代,1
32073,代工,1
32074,工聲,1
32075,聲問,1
32076,問遠,1
32077,遠攝,1
32078,攝事,1
32079,事敬,1
32080,敬恭,1
32081,恭加,1
32082,加皎,1
32083,潔當,1
32084,當天,1
32085,天月,1
32086,月葳,1
32087,蕤捧,1
32088,捧日,1
32089,日霞,1
32090,霞唱,1
32091,唱妍,1
32092,妍酬,1
32093,酬亦,1
32094,亦麗,1
32095,麗俯,1
32096,仰但,1
32097,但稱,1
32098,稱嗟,1
32099,嗟大,1
32100,大匠,1
32101,匠無,1
32102,無棄,1
32103,棄材,1
32104,材尋,1
32105,尋尺,1
32106,尺各,1
32107,有施,1
32108,施況,1
32109,當營,1
32110,營都,1
32111,邑杞,1
32112,梓用,1
32113,用不,1
32114,疑張,1
32115,張侯,1
32116,侯嵩,1
32117,嵩高,1
32118,高來,1
32119,來面,1
32120,面有,1
32121,有熊,1
32122,豹姿,1
32123,姿開,1
32124,論利,1
32125,害劍,1
32126,鋒白,1
32127,白差,1
32128,差差,1
32129,差恨,1
32130,恨無,1
32131,一尺,1
32132,尺捶,1
32133,捶為,1
32134,為國,1
32135,國苔,1
32136,苔羌,1
32137,羌夷,1
32138,夷詣,1
32139,詣闕,1
32140,闕三,1
32141,三上,1
32142,書臣,1
32143,臣非,1
32144,非黃,1
32145,黃冠,1
32146,冠師,1
32147,師臣,1
32148,有膽,1
32149,膽與,1
32150,與氣,1
32151,忍死,1
32152,茅茨,1
32153,茨又,1
32154,不媚,1
32155,媚笑,1
32156,能伴,1
32157,伴兒,1
32158,兒嬉,1
32159,嬉乃,1
32160,乃著,1
32161,著道,1
32162,士服,1
32163,服眾,1
32164,眾人,1
32165,莫臣,1
32166,知臣,1
32167,有平,1
32168,賊策,1
32169,策狂,1
32170,狂童,1
32171,童不,1
32172,難治,1
32173,治其,1
32174,言簡,1
32175,簡且,1
32176,且要,1
32177,要陛,1
32178,下幸,1
32179,幸聽,1
32180,聽之,1
32181,之天,1
32182,下照,1
32183,照理,1
32184,不遺,1
32185,遺或,1
32186,或是,1
32187,是章,1
32188,章奏,1
32189,奏繁,1
32190,繁裁,1
32191,裁擇,1
32192,擇未,1
32193,及斯,1
32194,斯寧,1
32195,寧當,1
32196,當不,1
32197,不俟,1
32198,俟報,1
32199,報歸,1
32200,歸袖,1
32201,袖風,1
32202,風披,1
32203,披披,1
32204,披答,1
32205,答我,1
32206,我事,1
32207,爾吾,1
32208,吾親,1
32209,親屬,1
32210,屬吾,1
32211,吾思,1
32212,思昨,1
32213,昨宵,1
32214,宵夢,1
32215,夢倚,1
32216,倚門,1
32217,門手,1
32218,手取,1
32219,取連,1
32220,連環,1
32221,環持,1
32222,持今,1
32223,有書,1
32224,至又,1
32225,言歸,1
32226,時霜,1
32227,霜天,1
32228,天熟,1
32229,熟柿,1
32230,柿栗,1
32231,栗收,1
32232,拾不,1
32233,可遲,1
32234,遲嶺,1
32235,北梁,1
32236,梁可,1
32237,可構,1
32238,構寒,1
32239,寒魚,1
32240,魚下,1
32241,下清,1
32242,清伊,1
32243,伊既,1
32244,既非,1
32245,公家,1
32246,家用,1
32247,用且,1
32248,複還,1
32249,還其,1
32250,私從,1
32251,容進,1
32252,退間,1
32253,一不,1
32254,不合,1
32255,合宜,1
32256,宜時,1
32257,有利,1
32258,利不,1
32259,不利,1
32260,利雖,1
32261,雖賢,1
32262,賢欲,1
32263,欲奚,1
32264,為但,1
32265,但當,1
32266,當勵,1
32267,勵前,1
32268,前操,1
32269,操富,1
32270,貴非,1
32271,公倦,1
32272,倦台,1
32273,台鼎,1
32274,鼎分,1
32275,分正,1
32276,正新,1
32277,新邑,1
32278,邑洛,1
32279,洛才,1
32280,才子,1
32281,子富,1
32282,富文,1
32283,文華,1
32284,華校,1
32285,校讎,1
32286,讎天,1
32287,天祿,1
32288,祿閣,1
32289,閣壽,1
32290,壽觴,1
32291,觴佳,1
32292,節過,1
32293,過歸,1
32294,衫薄,1
32295,薄鳥,1
32296,鳥哢,1
32297,哢正,1
32298,正交,1
32299,加楊,1
32300,花共,1
32301,紛泊,1
32302,泊親,1
32303,交誰,1
32304,誰不,1
32305,不羨,1
32306,羨去,1
32307,去翔,1
32308,翔寥,1
32309,廓我,1
32310,衣之,1
32311,之華,1
32312,華兮,1
32313,我佩,1
32314,之光,1
32315,光陸,1
32316,陸君,1
32317,之去,1
32318,去兮,1
32319,與翱,1
32320,翱翔,1
32321,翔斂,1
32322,斂此,1
32323,此大,1
32324,大惠,1
32325,惠兮,1
32326,兮施,1
32327,施於,1
32328,於一,1
32329,一州,1
32330,州今,1
32331,今其,1
32332,矣胡,1
32333,我作,1
32334,詩歌,1
32335,歌于,1
32336,于遠,1
32337,遠道,1
32338,無疾,1
32339,疾其,1
32340,其驅,1
32341,驅天,1
32342,有詔,1
32343,詔奉,1
32344,奉使,1
32345,使羌,1
32346,羌池,1
32347,池靜,1
32348,靜臨,1
32349,臨戎,1
32350,戎汴,1
32351,水安,1
32352,安沖,1
32353,沖天,1
32354,鵬翅,1
32355,翅闊,1
32356,闊報,1
32357,國劍,1
32358,劍鋩,1
32359,鋩寒,1
32360,寒曉,1
32361,日驅,1
32362,驅征,1
32363,征騎,1
32364,風詠,1
32365,詠采,1
32366,蘭誰,1
32367,臣子,1
32368,道忠,1
32369,孝兩,1
32370,兩全,1
32371,全難,1
32372,難昔,1
32373,日雨,1
32374,雨子,1
32375,桑苦,1
32376,饑哀,1
32377,哀歌,1
32378,歌坐,1
32379,室不,1
32380,不怨,1
32381,怨但,1
32382,但自,1
32383,自悲,1
32384,悲其,1
32385,友名,1
32386,名子,1
32387,輿忽,1
32388,憂且,1
32389,且思,1
32390,思搴,1
32391,搴裳,1
32392,裳觸,1
32393,觸泥,1
32394,泥水,1
32395,水裹,1
32396,裹飯,1
32397,飯往,1
32398,往食,1
32399,食之,1
32400,之入,1
32401,門相,1
32402,對語,1
32403,語天,1
32404,天命,1
32405,命良,1
32406,良不,1
32407,事漆,1
32408,漆園,1
32409,園吏,1
32410,吏書,1
32411,書之,1
32412,之存,1
32413,存雄,1
32414,雄詞,1
32415,詞千,1
32416,年事,1
32417,遠二,1
32418,二字,1
32419,字情,1
32420,可推,1
32421,推我,1
32422,我讀,1
32423,讀此,1
32424,此篇,1
32425,篇日,1
32426,當寒,1
32427,寒雪,1
32428,雪時,1
32429,時吾,1
32430,吾身,1
32431,身固,1
32432,已困,1
32433,困吾,1
32434,友複,1
32435,為薄,1
32436,薄粥,1
32437,粥不,1
32438,足裹,1
32439,裹深,1
32440,深泥,1
32441,泥諒,1
32442,諒難,1
32443,難馳,1
32444,馳曾,1
32445,輿事,1
32446,事空,1
32447,空賦,1
32448,賦子,1
32449,桑詩,1
32450,詩海,1
32451,海有,1
32452,有吞,1
32453,吞舟,1
32454,舟鯨,1
32455,鯨鄧,1
32456,鄧有,1
32457,有垂,1
32458,鵬苟,1
32459,苟非,1
32460,非鱗,1
32461,鱗羽,1
32462,羽大,1
32463,大蕩,1
32464,蕩薄,1
32465,可能,1
32466,能我,1
32467,鱗不,1
32468,盈寸,1
32469,寸我,1
32470,羽不,1
32471,盈尺,1
32472,尺一,1
32473,一木,1
32474,餘陰,1
32475,陰一,1
32476,一泉,1
32477,泉有,1
32478,餘澤,1
32479,澤我,1
32480,辭海,1
32481,水濯,1
32482,濯鱗,1
32483,鱗清,1
32484,清冷,1
32485,冷池,1
32486,池我,1
32487,辭鄧,1
32488,鄧林,1
32489,林刷,1
32490,刷羽,1
32491,羽蒙,1
32492,蒙籠,1
32493,籠枝,1
32494,枝我,1
32495,鱗日,1
32496,已大,1
32497,大我,1
32498,羽日,1
32499,已修,1
32500,修風,1
32501,所苦,1
32502,苦還,1
32503,作鯨,1
32504,鵬遊,1
32505,遊四,1
32506,海失,1
32507,失巢,1
32508,巢穴,1
32509,穴兩,1
32510,兩都,1
32511,都困,1
32512,困塵,1
32513,埃感,1
32514,恩由,1
32515,由未,1
32516,報惆,1
32517,悵空,1
32518,空一,1
32519,來裘,1
32520,裘破,1
32521,破氣,1
32522,暖馬,1
32523,馬羸,1
32524,羸鳴,1
32525,且哀,1
32526,哀主,1
32527,情更,1
32528,更重,1
32529,重空,1
32530,空使,1
32531,使劍,1
32532,鋒摧,1
32533,摧黃,1
32534,昏苦,1
32535,寒歌,1
32536,歌夜,1
32537,休豈,1
32538,有陽,1
32539,春節,1
32540,節歲,1
32541,歲聿,1
32542,聿其,1
32543,其周,1
32544,周君,1
32545,何愛,1
32546,愛重,1
32547,裘兼,1
32548,兼味,1
32549,味養,1
32550,養大,1
32551,賢冰,1
32552,冰食,1
32553,食葛,1
32554,葛制,1
32555,制神,1
32556,所憐,1
32557,憐填,1
32558,填窗,1
32559,窗塞,1
32560,塞戶,1
32561,戶慎,1
32562,勿出,1
32563,出暄,1
32564,暄風,1
32565,風暖,1
32566,暖景,1
32567,年日,1
32568,日丈,1
32569,人庭,1
32570,中開,1
32571,開好,1
32572,好花,1
32573,花更,1
32574,無凡,1
32575,凡木,1
32576,木爭,1
32577,爭春,1
32578,華翠,1
32579,翠莖,1
32580,莖紅,1
32581,紅蕊,1
32582,蕊天,1
32583,天力,1
32584,力與,1
32585,與此,1
32586,此恩,1
32587,屬黃,1
32588,黃鐘,1
32589,鐘家,1
32590,家溫,1
32591,溫馨,1
32592,馨熟,1
32593,熟美,1
32594,美鮮,1
32595,鮮香,1
32596,香起,1
32597,似笑,1
32598,笑無,1
32599,言習,1
32600,習君,1
32601,子霜,1
32602,霜刀,1
32603,刀翦,1
32604,翦汝,1
32605,汝天,1
32606,女勞,1
32607,事低,1
32608,頭學,1
32609,學桃,1
32610,李嬌,1
32611,嬌癡,1
32612,癡婢,1
32613,婢子,1
32614,無靈,1
32615,靈性,1
32616,競挽,1
32617,挽春,1
32618,衫來,1
32619,此並,1
32620,並欲,1
32621,將雙,1
32622,雙頰,1
32623,頰一,1
32624,一睎,1
32625,睎紅,1
32626,紅綠,1
32627,綠窗,1
32628,窗磨,1
32629,磨遍,1
32630,青銅,1
32631,銅鏡,1
32632,鏡一,1
32633,尊春,1
32634,酒甘,1
32635,甘若,1
32636,若飴,1
32637,飴丈,1
32638,人此,1
32639,此樂,1
32640,樂無,1
32641,花前,1
32642,前醉,1
32643,醉倒,1
32644,倒歌,1
32645,歌者,1
32646,誰楚,1
32647,楚狂,1
32648,狂小,1
32649,小子,1
32650,子韓,1
32651,韓退,1
32652,退之,1
32653,我年,1
32654,十八,1
32655,九壯,1
32656,氣起,1
32657,起胸,1
32658,胸中,1
32659,中作,1
32660,作書,1
32661,書獻,1
32662,獻雲,1
32663,闕辭,1
32664,逐秋,1
32665,秋蓬,1
32666,蓬歲,1
32667,易遷,1
32668,遷次,1
32669,次身,1
32670,身命,1
32671,命多,1
32672,多厄,1
32673,厄窮,1
32674,窮一,1
32675,名雖,1
32676,雲就,1
32677,就片,1
32678,片祿,1
32679,足充,1
32680,充今,1
32681,者複,1
32682,卑棲,1
32683,棲寄,1
32684,寄徐,1
32685,徐戎,1
32686,戎蕭,1
32687,條資,1
32688,資用,1
32689,用盡,1
32690,盡濩,1
32691,濩落,1
32692,落門,1
32693,門巷,1
32694,巷空,1
32695,空朝,1
32696,朝眠,1
32697,眠未,1
32698,能起,1
32699,起遠,1
32700,遠懷,1
32701,懷方,1
32702,方鬱,1
32703,鬱悰,1
32704,悰擊,1
32705,擊門,1
32706,門者,1
32707,子問,1
32708,言乃,1
32709,乃吾,1
32710,吾宗,1
32711,宗自,1
32712,自雲,1
32713,有奇,1
32714,術探,1
32715,探妙,1
32716,妙知,1
32717,知天,1
32718,天工,1
32719,工既,1
32720,往悵,1
32721,悵何,1
32722,何及,1
32723,將來,1
32724,來喜,1
32725,還通,1
32726,通期,1
32727,期我,1
32728,我語,1
32729,語非,1
32730,非佞,1
32731,佞當,1
32732,為佐,1
32733,佐時,1
32734,時雍,1
32735,雍澹,1
32736,澹師,1
32737,師晝,1
32738,睡時,1
32739,時聲,1
32740,聲氣,1
32741,氣一,1
32742,何猥,1
32743,猥頑,1
32744,頑飆,1
32745,吹肥,1
32746,肥脂,1
32747,脂坑,1
32748,坑穀,1
32749,穀相,1
32750,相嵬,1
32751,嵬磊,1
32752,磊雄,1
32753,雄哮,1
32754,哮乍,1
32755,乍咽,1
32756,絕每,1
32757,每發,1
32758,發壯,1
32759,壯益,1
32760,倍有,1
32761,如阿,1
32762,阿鼻,1
32763,鼻屍,1
32764,屍長,1
32765,長喚,1
32766,喚忍,1
32767,忍眾,1
32768,罪馬,1
32769,馬牛,1
32770,牛驚,1
32771,驚不,1
32772,食百,1
32773,百鬼,1
32774,鬼聚,1
32775,聚相,1
32776,待木,1
32777,木枕,1
32778,枕十,1
32779,十字,1
32780,字裂,1
32781,裂鏡,1
32782,面生,1
32783,生痱,1
32784,痱癗,1
32785,癗鐵,1
32786,鐵佛,1
32787,佛聞,1
32788,聞皺,1
32789,眉石,1
32790,石人,1
32791,人戰,1
32792,戰搖,1
32793,搖腿,1
32794,腿孰,1
32795,雲天,1
32796,地仁,1
32797,仁吾,1
32798,欲責,1
32799,責真,1
32800,真宰,1
32801,宰幽,1
32802,尋虱,1
32803,虱搜,1
32804,搜耳,1
32805,耳猛,1
32806,猛作,1
32807,作濤,1
32808,海太,1
32809,陽不,1
32810,忍明,1
32811,明飛,1
32812,飛禦,1
32813,禦皆,1
32814,皆惰,1
32815,惰怠,1
32816,怠乍,1
32817,如彭,1
32818,彭與,1
32819,與黥,1
32820,黥呼,1
32821,呼冤,1
32822,冤受,1
32823,受菹,1
32824,菹醢,1
32825,醢又,1
32826,如圈,1
32827,圈中,1
32828,中虎,1
32829,虎號,1
32830,號瘡,1
32831,瘡兼,1
32832,兼吼,1
32833,吼餒,1
32834,餒雖,1
32835,令伶,1
32836,伶倫,1
32837,倫吹,1
32838,吹苦,1
32839,苦韻,1
32840,韻難,1
32841,可改,1
32842,改雖,1
32843,令巫,1
32844,咸招,1
32845,招魂,1
32846,魂爽,1
32847,爽難,1
32848,難複,1
32849,複在,1
32850,有靈,1
32851,靈藥,1
32852,藥療,1
32853,療此,1
32854,此願,1
32855,願與,1
32856,與采,1
32857,采澹,1
32858,澹公,1
32859,公坐,1
32860,臥時,1
32861,時長,1
32862,長睡,1
32863,睡無,1
32864,不穩,1
32865,穩吾,1
32866,聞其,1
32867,聲深,1
32868,深慮,1
32869,慮五,1
32870,藏損,1
32871,損黃,1
32872,黃河,1
32873,河弄,1
32874,弄濆,1
32875,濆薄,1
32876,薄梗,1
32877,梗澀,1
32878,澀連,1
32879,連拙,1
32880,拙鯀,1
32881,鯀南,1
32882,南帝,1
32883,帝初,1
32884,初奮,1
32885,奮槌,1
32886,槌鑿,1
32887,鑿竅,1
32888,竅泄,1
32889,泄混,1
32890,混沌,1
32891,沌迥,1
32892,迥然,1
32893,然忽,1
32894,忽長,1
32895,長引,1
32896,引萬,1
32897,丈不,1
32898,可忖,1
32899,忖謂,1
32900,言絕,1
32901,絕於,1
32902,斯繼,1
32903,繼出,1
32904,出方,1
32905,方袞,1
32906,袞袞,1
32907,袞幽,1
32908,幽寸,1
32909,寸喉,1
32910,中草,1
32911,木森,1
32912,森苯,1
32913,苯盜,1
32914,盜賊,1
32915,賊雖,1
32916,雖狡,1
32917,獪亡,1
32918,亡魂,1
32919,魂敢,1
32920,窺閫,1
32921,閫鴻,1
32922,鴻蒙,1
32923,蒙總,1
32924,總合,1
32925,合雜,1
32926,雜詭,1
32927,詭譎,1
32928,譎騁,1
32929,騁戾,1
32930,戾很,1
32931,很乍,1
32932,如鬥,1
32933,鬥呶,1
32934,呶呶,1
32935,呶忽,1
32936,忽若,1
32937,若怨,1
32938,怨懇,1
32939,懇懇,1
32940,懇賦,1
32941,賦形,1
32942,形苦,1
32943,路尋,1
32944,能堙,1
32945,源惟,1
32946,有土,1
32947,土一,1
32948,一畚,1
32949,畚玉,1
32950,玉碗,1
32951,碗不,1
32952,不磨,1
32953,磨著,1
32954,著泥,1
32955,泥土,1
32956,土青,1
32957,天孔,1
32958,孔出,1
32959,出白,1
32960,石補,1
32961,補兔,1
32962,兔入,1
32963,入臼,1
32964,臼藏,1
32965,藏蛙,1
32966,蛙縮,1
32967,縮肚,1
32968,肚桂,1
32969,樹枯,1
32970,枯株,1
32971,株女,1
32972,女閉,1
32973,閉戶,1
32974,戶陰,1
32975,陰為,1
32976,為陽,1
32977,陽羞,1
32978,羞固,1
32979,固自,1
32980,古嗟,1
32981,下民,1
32982,民或,1
32983,或敢,1
32984,敢侮,1
32985,侮戲,1
32986,戲嘲,1
32987,嘲盜,1
32988,盜視,1
32989,視汝,1
32990,汝目,1
32991,目瞽,1
32992,瞽莫,1
32993,酒此,1
32994,此會,1
32995,會固,1
32996,固難,1
32997,同請,1
32998,請看,1
32999,看女,1
33000,女工,1
33001,工機,1
33002,機上,1
33003,上帛,1
33004,帛半,1
33005,半作,1
33006,作軍,1
33007,軍人,1
33008,人旗,1
33009,旗上,1
33010,上紅,1
33011,紅莫,1
33012,王之,1
33013,之爪,1
33014,牙春,1
33015,春雷,1
33016,雷三,1
33017,不作,1
33018,作響,1
33019,響戰,1
33020,戰士,1
33021,士豈,1
33022,得來,1
33023,抑逼,1
33024,逼教,1
33025,教唱,1
33026,唱歌,1
33027,歌不,1
33028,解看,1
33029,看豔,1
33030,豔詞,1
33031,詞坐,1
33032,坐中,1
33033,中把,1
33034,酒人,1
33035,人豈,1
33036,歡樂,1
33037,樂姿,1
33038,姿幸,1
33039,有伶,1
33040,伶者,1
33041,者婦,1
33042,婦腰,1
33043,腰身,1
33044,身如,1
33045,如柳,1
33046,枝但,1
33047,但令,1
33048,令送,1
33049,君酒,1
33050,如醉,1
33051,如憨,1
33052,憨癡,1
33053,癡聲,1
33054,自肉,1
33055,肉中,1
33056,中出,1
33057,出使,1
33058,人能,1
33059,能逶,1
33060,逶隨,1
33061,隨複,1
33062,複遣,1
33063,遣慳,1
33064,慳吝,1
33065,吝者,1
33066,者贈,1
33067,贈金,1
33068,金不,1
33069,不皺,1
33070,眉豈,1
33071,有長,1
33072,長直,1
33073,直夫,1
33074,夫喉,1
33075,中聲,1
33076,聲雌,1
33077,雌雌,1
33078,雌君,1
33079,君心,1
33080,心豈,1
33081,無恥,1
33082,恥君,1
33083,是女,1
33084,兒君,1
33085,教發,1
33086,發直,1
33087,言大,1
33088,大聲,1
33089,聲無,1
33090,無休,1
33091,休時,1
33092,教哭,1
33093,哭古,1
33094,古恨,1
33095,肯複,1
33096,複吞,1
33097,吞悲,1
33098,悲乍,1
33099,可阻,1
33100,阻君,1
33101,君意,1
33102,意豔,1
33103,豔歌,1
33104,歌難,1
33105,可為,1
33106,為秦,1
33107,秦客,1
33108,年駐,1
33109,駐仙,1
33110,仙源,1
33111,源此,1
33112,地深,1
33113,深還,1
33114,還隨,1
33115,隨躡,1
33116,躡鳧,1
33117,鳧騎,1
33118,騎來,1
33119,訪馭,1
33120,馭風,1
33121,風襟,1
33122,襟院,1
33123,院閉,1
33124,閉青,1
33125,霞入,1
33126,入松,1
33127,松高,1
33128,高老,1
33129,老鶴,1
33130,鶴尋,1
33131,尋猶,1
33132,疑隱,1
33133,隱形,1
33134,形坐,1
33135,坐敢,1
33136,敢起,1
33137,起竊,1
33138,竊桃,1
33139,桃心,1
33140,心片,1
33141,片驅,1
33142,驅鴻,1
33143,鴻急,1
33144,急紛,1
33145,紛逐,1
33146,吹斜,1
33147,斜到,1
33148,江還,1
33149,作水,1
33150,水著,1
33151,樹漸,1
33152,漸成,1
33153,成花,1
33154,花越,1
33155,越喜,1
33156,喜飛,1
33157,飛排,1
33158,排瘴,1
33159,瘴胡,1
33160,胡愁,1
33161,愁厚,1
33162,厚蓋,1
33163,蓋砂,1
33164,砂兼,1
33165,兼雲,1
33166,雲封,1
33167,封洞,1
33168,洞口,1
33169,口助,1
33170,助月,1
33171,月照,1
33172,照天,1
33173,涯暝,1
33174,暝見,1
33175,見迷,1
33176,迷巢,1
33177,巢鳥,1
33178,鳥朝,1
33179,朝逢,1
33180,逢失,1
33181,失轍,1
33182,轍車,1
33183,車呈,1
33184,呈豐,1
33185,豐盡,1
33186,賀寧,1
33187,止力,1
33188,力耕,1
33189,耕家,1
33190,家京,1
33191,城數,1
33192,數尺,1
33193,尺雪,1
33194,氣倍,1
33195,倍常,1
33196,常年,1
33197,年泯,1
33198,泯都,1
33199,都無,1
33200,地茫,1
33201,茫豈,1
33202,是天,1
33203,天崩,1
33204,崩奔,1
33205,奔驚,1
33206,驚亂,1
33207,亂射,1
33208,射揮,1
33209,霍訝,1
33210,訝相,1
33211,相纏,1
33212,纏不,1
33213,覺侵,1
33214,侵堂,1
33215,堂陛,1
33216,陛方,1
33217,方應,1
33218,應折,1
33219,折屋,1
33220,屋椽,1
33221,椽出,1
33222,門愁,1
33223,愁落,1
33224,落道,1
33225,道上,1
33226,馬恐,1
33227,恐平,1
33228,平韉,1
33229,韉朝,1
33230,鼓矜,1
33231,矜淩,1
33232,淩起,1
33233,起山,1
33234,山齋,1
33235,齋酩,1
33236,酊眠,1
33237,眠吾,1
33238,吾方,1
33239,方嗟,1
33240,嗟此,1
33241,此役,1
33242,役君,1
33243,乃詠,1
33244,詠其,1
33245,其妍,1
33246,妍冰,1
33247,冰玉,1
33248,玉清,1
33249,清顏,1
33250,顏隔,1
33251,隔波,1
33252,濤盛,1
33253,盛句,1
33254,句傳,1
33255,傳朝,1
33256,朝飧,1
33257,飧思,1
33258,思共,1
33259,共飯,1
33260,飯夜,1
33261,宿憶,1
33262,憶同,1
33263,同氈,1
33264,氈舉,1
33265,舉目,1
33266,目無,1
33267,非白,1
33268,白雄,1
33269,雄文,1
33270,文乃,1
33271,獨玄,1
33272,玄夜,1
33273,夜寒,1
33274,寒眠,1
33275,眠半,1
33276,半覺,1
33277,覺鼓,1
33278,鼓笛,1
33279,笛鬧,1
33280,鬧嘈,1
33281,嘈嘈,1
33282,嘈暗,1
33283,浪舂,1
33284,舂樓,1
33285,樓堞,1
33286,堞驚,1
33287,驚風,1
33288,破竹,1
33289,竹篙,1
33290,篙主,1
33291,人看,1
33292,看使,1
33293,使范,1
33294,范客,1
33295,子讀,1
33296,讀離,1
33297,騷聞,1
33298,道松,1
33299,松醪,1
33300,醪賤,1
33301,賤何,1
33302,須吝,1
33303,吝錯,1
33304,錯刀,1
33305,刀偶,1
33306,偶上,1
33307,上城,1
33308,南土,1
33309,土骨,1
33310,骨堆,1
33311,堆共,1
33312,共傾,1
33313,傾春,1
33314,酒三,1
33315,三五,1
33316,五杯,1
33317,杯為,1
33318,為逢,1
33319,逢桃,1
33320,桃樹,1
33321,相料,1
33322,料理,1
33323,覺中,1
33324,丞喝,1
33325,喝道,1
33326,來池,1
33327,有落,1
33328,落暉,1
33329,暉楊,1
33330,花晴,1
33331,晴後,1
33332,自飛,1
33333,飛為,1
33334,為將,1
33335,將纖,1
33336,纖質,1
33337,質淩,1
33338,淩清,1
33339,清鏡,1
33340,鏡濕,1
33341,濕卻,1
33342,窮不,1
33343,歸孟,1
33344,郊死,1
33345,死葬,1
33346,葬北,1
33347,北邙,1
33348,邙山,1
33349,山從,1
33350,此風,1
33351,雲得,1
33352,閑天,1
33353,天恐,1
33354,恐文,1
33355,章渾,1
33356,渾斷,1
33357,斷絕,1
33358,絕更,1
33359,更生,1
33360,生賈,1
33361,賈島,1
33362,島著,1
33363,里休,1
33364,休言,1
33365,言道,1
33366,路賒,1
33367,賒有,1
33368,誰教,1
33369,教汝,1
33370,汝度,1
33371,度流,1
33372,沙只,1
33373,今中,1
33374,國方,1
33375,方多,1
33376,多事,1
33377,用無,1
33378,端更,1
33379,更亂,1
33380,亂華,1
33381,華離,1
33382,別言,1
33383,期會,1
33384,合意,1
33385,彌重,1
33386,重張,1
33387,籍病,1
33388,病添,1
33389,添兒,1
33390,女戀,1
33391,戀老,1
33392,老喪,1
33393,喪丈,1
33394,夫勇,1
33395,勇韓,1
33396,愈劍,1
33397,劍心,1
33398,心知,1
33399,知未,1
33400,未死,1
33401,死詩,1
33402,詩思,1
33403,思猶,1
33404,猶孤,1
33405,孤聳,1
33406,聳孟,1
33407,郊愁,1
33408,愁去,1
33409,去劇,1
33410,劇箭,1
33411,箭飛,1
33412,飛歡,1
33413,歡來,1
33414,來若,1
33415,若泉,1
33416,泉湧,1
33417,湧張,1
33418,徹析,1
33419,析言,1
33420,多新,1
33421,新貫,1
33422,貫攄,1
33423,攄抱,1
33424,抱無,1
33425,無昔,1
33426,昔壅,1
33427,壅張,1
33428,籍念,1
33429,念難,1
33430,難須,1
33431,須勤,1
33432,勤追,1
33433,追悔,1
33434,悔易,1
33435,易勿,1
33436,勿輕,1
33437,輕踵,1
33438,踵韓,1
33439,吟巴,1
33440,巴山,1
33441,山犖,1
33442,犖嶨,1
33443,嶨說,1
33444,說楚,1
33445,楚波,1
33446,波堆,1
33447,堆壟,1
33448,壟孟,1
33449,郊馬,1
33450,馬辭,1
33451,辭虎,1
33452,豹怒,1
33453,怒舟,1
33454,舟出,1
33455,出蛟,1
33456,鼉恐,1
33457,恐張,1
33458,徹狂,1
33459,狂鯨,1
33460,鯨時,1
33461,時孤,1
33462,孤軒,1
33463,軒幽,1
33464,幽狖,1
33465,狖雜,1
33466,雜百,1
33467,百種,1
33468,種韓,1
33469,愈瘴,1
33470,瘴衣,1
33471,衣常,1
33472,常腥,1
33473,腥膩,1
33474,膩蠻,1
33475,蠻器,1
33476,器多,1
33477,多疏,1
33478,疏冗,1
33479,冗張,1
33480,籍剝,1
33481,剝苔,1
33482,苔吊,1
33483,吊斑,1
33484,斑林,1
33485,林角,1
33486,角飯,1
33487,飯餌,1
33488,餌沈,1
33489,沈塚,1
33490,塚韓,1
33491,愈忽,1
33492,爾銜,1
33493,銜遠,1
33494,遠命,1
33495,命歸,1
33496,歸歟,1
33497,歟舞,1
33498,舞新,1
33499,新寵,1
33500,寵孟,1
33501,郊鬼,1
33502,鬼窟,1
33503,窟脫,1
33504,脫幽,1
33505,幽妖,1
33506,妖天,1
33507,天居,1
33508,居覿,1
33509,清栱,1
33510,栱韓,1
33511,愈京,1
33512,京游,1
33513,游步,1
33514,步方,1
33515,方振,1
33516,振謫,1
33517,謫夢,1
33518,夢意,1
33519,意猶,1
33520,猶恟,1
33521,恟張,1
33522,籍詩,1
33523,書誇,1
33524,誇舊,1
33525,舊知,1
33526,知酒,1
33527,食接,1
33528,接新,1
33529,新奉,1
33530,奉韓,1
33531,愈嘉,1
33532,嘉言,1
33533,言寫,1
33534,寫清,1
33535,越愈,1
33536,愈病,1
33537,病失,1
33538,失肬,1
33539,肬腫,1
33540,腫孟,1
33541,郊夏,1
33542,陰偶,1
33543,偶高,1
33544,高庇,1
33545,庇宵,1
33546,宵魄,1
33547,魄接,1
33548,接虛,1
33549,虛擁,1
33550,擁韓,1
33551,雪弦,1
33552,弦寂,1
33553,寂寂,1
33554,寂聽,1
33555,聽茗,1
33556,茗碗,1
33557,碗纖,1
33558,纖捧,1
33559,捧孟,1
33560,馳輝,1
33561,燭浮,1
33562,浮螢,1
33563,螢幽,1
33564,幽響,1
33565,響泄,1
33566,泄潛,1
33567,潛蛩,1
33568,蛩韓,1
33569,愈詩,1
33570,詩老,1
33571,老獨,1
33572,心江,1
33573,江疾,1
33574,疾有,1
33575,餘孟,1
33576,家本,1
33577,本瀍,1
33578,瀍穀,1
33579,穀有,1
33580,有地,1
33581,地介,1
33582,介皋,1
33583,皋鞏,1
33584,鞏休,1
33585,休跡,1
33586,跡憶,1
33587,憶沈,1
33588,冥峨,1
33589,冠慚,1
33590,慚闒,1
33591,闒韓,1
33592,愈升,1
33593,升朝,1
33594,朝高,1
33595,高轡,1
33596,轡逸,1
33597,逸振,1
33598,振物,1
33599,群聽,1
33600,聽悚,1
33601,悚徒,1
33602,徒言,1
33603,言濯,1
33604,濯幽,1
33605,幽泌,1
33606,泌誰,1
33607,與薙,1
33608,薙荒,1
33609,荒茸,1
33610,茸張,1
33611,朝紳,1
33612,紳郁,1
33613,郁青,1
33614,青綠,1
33615,綠馬,1
33616,馬飾,1
33617,飾曜,1
33618,曜珪,1
33619,珪珙,1
33620,珙國,1
33621,國讎,1
33622,讎未,1
33623,銷鑠,1
33624,鑠我,1
33625,志蕩,1
33626,蕩邛,1
33627,邛隴,1
33628,隴孟,1
33629,君才,1
33630,才誠,1
33631,誠倜,1
33632,倜儻,1
33633,儻時,1
33634,時論,1
33635,論方,1
33636,方洶,1
33637,洶溶,1
33638,溶格,1
33639,格言,1
33640,多彪,1
33641,彪蔚,1
33642,蔚懸,1
33643,懸解,1
33644,解無,1
33645,無梏,1
33646,梏拲,1
33647,拲韓,1
33648,愈張,1
33649,生得,1
33650,得淵,1
33651,淵源,1
33652,源寒,1
33653,寒色,1
33654,色拔,1
33655,拔山,1
33656,山塚,1
33657,塚堅,1
33658,堅如,1
33659,如撞,1
33660,撞群,1
33661,群金,1
33662,金眇,1
33663,眇若,1
33664,抽獨,1
33665,獨蛹,1
33666,蛹韓,1
33667,愈伊,1
33668,伊余,1
33669,所擬,1
33670,擬跛,1
33671,跛鱉,1
33672,鱉詎,1
33673,能踴,1
33674,踴塊,1
33675,塊然,1
33676,然墮,1
33677,墮岳,1
33678,岳石,1
33679,石飄,1
33680,飄爾,1
33681,爾罥,1
33682,罥巢,1
33683,巢氄,1
33684,氄孟,1
33685,龍旆,1
33686,旆垂,1
33687,天衛,1
33688,衛雲,1
33689,韶凝,1
33690,凝禁,1
33691,禁甬,1
33692,甬君,1
33693,君胡,1
33694,胡眠,1
33695,眠安,1
33696,然朝,1
33697,聲洶,1
33698,洶韓,1
33699,大雞,1
33700,雞昂,1
33701,昂然,1
33702,然來,1
33703,來小,1
33704,小雞,1
33705,雞竦,1
33706,竦而,1
33707,而待,1
33708,待韓,1
33709,愈崢,1
33710,嶸顛,1
33711,顛盛,1
33712,盛氣,1
33713,氣洗,1
33714,洗刷,1
33715,刷凝,1
33716,凝鮮,1
33717,鮮彩,1
33718,彩孟,1
33719,郊高,1
33720,行若,1
33721,矜豪,1
33722,豪側,1
33723,側睨,1
33724,睨如,1
33725,如伺,1
33726,伺殆,1
33727,殆韓,1
33728,愈精,1
33729,精光,1
33730,光目,1
33731,目相,1
33732,射劍,1
33733,心獨,1
33734,獨在,1
33735,在孟,1
33736,郊既,1
33737,既取,1
33738,取冠,1
33739,冠為,1
33740,為胄,1
33741,胄複,1
33742,複以,1
33743,以距,1
33744,距為,1
33745,為鐓,1
33746,鐓天,1
33747,天時,1
33748,時得,1
33749,得清,1
33750,寒地,1
33751,地利,1
33752,利挾,1
33753,挾爽,1
33754,爽塏,1
33755,塏韓,1
33756,愈磔,1
33757,磔毛,1
33758,毛各,1
33759,各噤,1
33760,噤怒,1
33761,怒癭,1
33762,癭爭,1
33763,爭碨,1
33764,碨磊,1
33765,磊俄,1
33766,俄膺,1
33767,膺忽,1
33768,爾低,1
33769,低植,1
33770,植立,1
33771,立瞥,1
33772,瞥而,1
33773,而改,1
33774,改孟,1
33775,郊腷,1
33776,腷膊,1
33777,膊戰,1
33778,戰聲,1
33779,聲喧,1
33780,喧繽,1
33781,繽翻,1
33782,翻落,1
33783,落羽,1
33784,羽皠,1
33785,皠中,1
33786,休事,1
33787,事未,1
33788,未決,1
33789,決小,1
33790,小挫,1
33791,挫勢,1
33792,倍韓,1
33793,愈妒,1
33794,妒腸,1
33795,腸務,1
33796,務生,1
33797,生敵,1
33798,敵賊,1
33799,賊性,1
33800,性專,1
33801,專相,1
33802,相醢,1
33803,醢裂,1
33804,裂血,1
33805,血失,1
33806,失鳴,1
33807,聲啄,1
33808,啄殷,1
33809,殷甚,1
33810,甚饑,1
33811,饑餒,1
33812,餒孟,1
33813,郊對,1
33814,對起,1
33815,起何,1
33816,何急,1
33817,急驚,1
33818,驚隨,1
33819,隨旋,1
33820,旋誠,1
33821,誠巧,1
33822,巧紿,1
33823,紿毒,1
33824,毒手,1
33825,手飽,1
33826,飽李,1
33827,李陽,1
33828,陽神,1
33829,神槌,1
33830,槌因,1
33831,因朱,1
33832,朱亥,1
33833,亥韓,1
33834,愈惻,1
33835,惻心,1
33836,心我,1
33837,以仁,1
33838,仁碎,1
33839,碎首,1
33840,首爾,1
33841,罪獨,1
33842,獨勝,1
33843,有然,1
33844,然旁,1
33845,旁驚,1
33846,驚汗,1
33847,汗流,1
33848,流浼,1
33849,浼孟,1
33850,郊知,1
33851,知雄,1
33852,雄欣,1
33853,欣動,1
33854,動顏,1
33855,顏怯,1
33856,怯負,1
33857,負愁,1
33858,愁看,1
33859,看賄,1
33860,賄爭,1
33861,爭觀,1
33862,觀雲,1
33863,雲填,1
33864,填道,1
33865,道助,1
33866,助叫,1
33867,叫波,1
33868,海韓,1
33869,愈事,1
33870,事爪,1
33871,爪深,1
33872,深難,1
33873,難解,1
33874,解嗔,1
33875,嗔睛,1
33876,睛時,1
33877,未怠,1
33878,怠一,1
33879,一噴,1
33880,噴一,1
33881,一醒,1
33882,醒然,1
33883,然再,1
33884,再接,1
33885,接再,1
33886,再礪,1
33887,礪乃,1
33888,乃孟,1
33889,郊頭,1
33890,頭垂,1
33891,垂碎,1
33892,碎丹,1
33893,丹砂,1
33894,砂翼,1
33895,翼拓,1
33896,拓拖,1
33897,拖錦,1
33898,錦彩,1
33899,彩連,1
33900,連軒,1
33901,軒尚,1
33902,尚賈,1
33903,賈餘,1
33904,餘清,1
33905,清厲,1
33906,厲比,1
33907,比歸,1
33908,歸凱,1
33909,凱韓,1
33910,愈選,1
33911,選俊,1
33912,俊感,1
33913,感收,1
33914,收毛,1
33915,毛受,1
33916,恩慚,1
33917,慚始,1
33918,始隗,1
33919,隗英,1
33920,英心,1
33921,心甘,1
33922,甘鬥,1
33923,鬥死,1
33924,死義,1
33925,義肉,1
33926,肉恥,1
33927,恥庖,1
33928,庖宰,1
33929,宰孟,1
33930,看鬥,1
33931,鬥雞,1
33932,雞篇,1
33933,篇短,1
33934,短韻,1
33935,韻有,1
33936,有可,1
33937,可采,1
33938,采孟,1
33939,郊遞,1
33940,遞嘯,1
33941,嘯取,1
33942,取遙,1
33943,遙風,1
33944,風微,1
33945,微微,1
33946,微近,1
33947,近秋,1
33948,秋朔,1
33949,朔孟,1
33950,郊金,1
33951,金柔,1
33952,柔氣,1
33953,尚低,1
33954,低火,1
33955,火老,1
33956,老候,1
33957,候愈,1
33958,愈濁,1
33959,濁韓,1
33960,愈熙,1
33961,熙炎,1
33962,炎光,1
33963,光流,1
33964,流竦,1
33965,竦高,1
33966,高雲,1
33967,雲擢,1
33968,擢韓,1
33969,愈閃,1
33970,閃紅,1
33971,紅驚,1
33972,驚蚴,1
33973,蚴虯,1
33974,虯凝,1
33975,凝赤,1
33976,赤聳,1
33977,聳山,1
33978,山嶽,1
33979,嶽目,1
33980,目林,1
33981,林恐,1
33982,恐焚,1
33983,焚燒,1
33984,燒耳,1
33985,耳井,1
33986,井憶,1
33987,憶瀺,1
33988,瀺灂,1
33989,灂孟,1
33990,郊仰,1
33991,仰懼,1
33992,失交,1
33993,交泰,1
33994,泰非,1
33995,非時,1
33996,時結,1
33997,結冰,1
33998,冰雹,1
33999,雹化,1
34000,化鄧,1
34001,鄧渴,1
34002,渴且,1
34003,且多,1
34004,多奔,1
34005,奔河,1
34006,河誠,1
34007,誠已,1
34008,已愨,1
34009,愨孟,1
34010,郊暍,1
34011,暍道,1
34012,道者,1
34013,子叩,1
34014,叩商,1
34015,商者,1
34016,何樂,1
34017,樂洗,1
34018,洗矣,1
34019,矣得,1
34020,得滂,1
34021,沱感,1
34022,感然,1
34023,然鳴,1
34024,鳴鸑,1
34025,鸑鷟,1
34026,鷟孟,1
34027,郊嘉,1
34028,願苟,1
34029,苟未,1
34030,未從,1
34031,從前,1
34032,前心,1
34033,心空,1
34034,空緬,1
34035,緬邈,1
34036,邈清,1
34037,清砌,1
34038,砌千,1
34039,千回,1
34040,回坐,1
34041,坐冷,1
34042,冷環,1
34043,環再,1
34044,再三,1
34045,三握,1
34046,握孟,1
34047,郊煩,1
34048,煩懷,1
34049,懷卻,1
34050,卻星,1
34051,星星,1
34052,星高,1
34053,意還,1
34054,還卓,1
34055,卓卓,1
34056,卓孟,1
34057,龍沈,1
34058,沈劇,1
34059,劇煮,1
34060,煮鱗,1
34061,鱗牛,1
34062,牛喘,1
34063,喘甚,1
34064,甚焚,1
34065,焚角,1
34066,角蟬,1
34067,蟬煩,1
34068,鳴轉,1
34069,轉喝,1
34070,喝烏,1
34071,烏噪,1
34072,噪饑,1
34073,饑不,1
34074,不啄,1
34075,啄韓,1
34076,愈晝,1
34077,晝蠅,1
34078,蠅食,1
34079,案繁,1
34080,繁宵,1
34081,宵蚋,1
34082,蚋肌,1
34083,肌血,1
34084,血渥,1
34085,渥單,1
34086,單絺,1
34087,絺厭,1
34088,厭已,1
34089,已褫,1
34090,褫長,1
34091,長倦,1
34092,倦還,1
34093,還捉,1
34094,捉韓,1
34095,愈幸,1
34096,幸茲,1
34097,茲得,1
34098,得佳,1
34099,佳朋,1
34100,朋于,1
34101,于此,1
34102,此蔭,1
34103,蔭華,1
34104,華桷,1
34105,桷青,1
34106,熒文,1
34107,文簟,1
34108,簟施,1
34109,施淡,1
34110,淡澉,1
34111,澉甘,1
34112,甘瓜,1
34113,瓜濯,1
34114,濯韓,1
34115,大壁,1
34116,壁曠,1
34117,曠凝,1
34118,凝淨,1
34119,淨古,1
34120,古畫,1
34121,畫奇,1
34122,奇駁,1
34123,駁犖,1
34124,犖淒,1
34125,淒如,1
34126,如羾,1
34127,羾寒,1
34128,寒門,1
34129,門皓,1
34130,皓若,1
34131,攢玉,1
34132,玉璞,1
34133,璞韓,1
34134,愈掃,1
34135,掃寬,1
34136,寬延,1
34137,延鮮,1
34138,鮮飆,1
34139,飆汲,1
34140,汲冷,1
34141,冷漬,1
34142,漬香,1
34143,香穱,1
34144,穱篚,1
34145,篚實,1
34146,實摘,1
34147,摘林,1
34148,林珍,1
34149,珍盤,1
34150,盤殽,1
34151,殽饋,1
34152,饋禽,1
34153,禽韓,1
34154,愈空,1
34155,喜淹,1
34156,留貧,1
34157,貧饌,1
34158,饌羞,1
34159,羞齷,1
34160,齪韓,1
34161,愈殷,1
34162,勤相,1
34163,相勸,1
34164,勸勉,1
34165,勉左,1
34166,右加,1
34167,加礱,1
34168,礱斫,1
34169,斫賈,1
34170,賈勇,1
34171,勇發,1
34172,發霜,1
34173,霜硎,1
34174,硎爭,1
34175,爭前,1
34176,前曜,1
34177,曜冰,1
34178,冰槊,1
34179,槊孟,1
34180,微然,1
34181,然草,1
34182,草根,1
34183,根響,1
34184,響先,1
34185,先被,1
34186,被詩,1
34187,詩情,1
34188,情覺,1
34189,覺感,1
34190,感衰,1
34191,衰悲,1
34192,悲舊,1
34193,舊改,1
34194,改工,1
34195,工異,1
34196,異逞,1
34197,逞新,1
34198,新貌,1
34199,貌孟,1
34200,郊誰,1
34201,言擯,1
34202,擯朋,1
34203,朋老,1
34204,老猶,1
34205,將心,1
34206,心學,1
34207,學危,1
34208,危簷,1
34209,簷不,1
34210,敢憑,1
34211,憑朽,1
34212,朽機,1
34213,機懼,1
34214,懼傾,1
34215,傾撲,1
34216,撲孟,1
34217,郊青,1
34218,雲路,1
34219,難近,1
34220,近黃,1
34221,黃鶴,1
34222,鶴足,1
34223,足仍,1
34224,仍鐲,1
34225,鐲未,1
34226,能飲,1
34227,飲淵,1
34228,淵泉,1
34229,泉立,1
34230,立滯,1
34231,滯叫,1
34232,叫芳,1
34233,芳藥,1
34234,藥孟,1
34235,郊與,1
34236,子昔,1
34237,昔睽,1
34238,睽離,1
34239,離嗟,1
34240,餘苦,1
34241,苦屯,1
34242,屯剝,1
34243,剝直,1
34244,直道,1
34245,道敗,1
34246,敗邪,1
34247,邪徑,1
34248,徑拙,1
34249,謀傷,1
34250,傷巧,1
34251,巧諑,1
34252,諑韓,1
34253,愈炎,1
34254,炎湖,1
34255,湖度,1
34256,度氛,1
34257,氳熱,1
34258,熱石,1
34259,石行,1
34260,行犖,1
34261,犖硞,1
34262,硞痟,1
34263,痟肌,1
34264,肌夏,1
34265,夏尤,1
34266,尤甚,1
34267,甚瘧,1
34268,瘧渴,1
34269,渴秋,1
34270,數韓,1
34271,愈君,1
34272,可覿,1
34273,覿君,1
34274,君手,1
34275,由搦,1
34276,搦今,1
34277,來沐,1
34278,沐新,1
34279,恩庶,1
34280,庶見,1
34281,見返,1
34282,返鴻,1
34283,鴻樸,1
34284,樸韓,1
34285,儒庠,1
34286,庠恣,1
34287,恣遊,1
34288,遊息,1
34289,息聖,1
34290,聖籍,1
34291,籍飽,1
34292,飽商,1
34293,商榷,1
34294,榷危,1
34295,危行,1
34296,無低,1
34297,徊正,1
34298,正言,1
34299,言免,1
34300,免咿,1
34301,咿喔,1
34302,喔韓,1
34303,愈車,1
34304,馬獲,1
34305,獲同,1
34306,同驅,1
34307,驅酒,1
34308,醪欣,1
34309,欣共,1
34310,共欶,1
34311,欶惟,1
34312,憂棄,1
34313,棄菅,1
34314,蒯敢,1
34315,敢望,1
34316,望侍,1
34317,侍帷,1
34318,帷幄,1
34319,幄韓,1
34320,志且,1
34321,如希,1
34322,希君,1
34323,為追,1
34324,追琢,1
34325,琢韓,1
34326,愈萬,1
34327,木聲,1
34328,聲號,1
34329,呼百,1
34330,川氣,1
34331,氣交,1
34332,交會,1
34333,會孟,1
34334,郊庭,1
34335,庭翻,1
34336,翻樹,1
34337,樹離,1
34338,合牖,1
34339,牖變,1
34340,變景,1
34341,明藹,1
34342,藹韓,1
34343,愈潈,1
34344,潈瀉,1
34345,瀉殊,1
34346,未終,1
34347,終飛,1
34348,飛浮,1
34349,浮亦,1
34350,雲泰,1
34351,泰孟,1
34352,郊牽,1
34353,牽懷,1
34354,懷到,1
34355,到空,1
34356,空山,1
34357,山屬,1
34358,屬聽,1
34359,聽邇,1
34360,邇驚,1
34361,驚瀨,1
34362,瀨韓,1
34363,簷垂,1
34364,垂白,1
34365,白練,1
34366,練直,1
34367,直渠,1
34368,渠漲,1
34369,漲清,1
34370,湘大,1
34371,大孟,1
34372,郊甘,1
34373,甘津,1
34374,津澤,1
34375,澤祥,1
34376,祥禾,1
34377,禾伏,1
34378,伏潤,1
34379,潤肥,1
34380,肥荒,1
34381,荒艾,1
34382,艾韓,1
34383,愈主,1
34384,人吟,1
34385,吟有,1
34386,歡客,1
34387,子歌,1
34388,歌無,1
34389,無奈,1
34390,奈孟,1
34391,郊侵,1
34392,侵陽,1
34393,陽日,1
34394,日沈,1
34395,沈玄,1
34396,玄剝,1
34397,剝節,1
34398,節風,1
34399,風搜,1
34400,搜兌,1
34401,兌韓,1
34402,愈坱,1
34403,圠遊,1
34404,遊峽,1
34405,峽喧,1
34406,喧颼,1
34407,飀臥,1
34408,臥江,1
34409,江汰,1
34410,汰孟,1
34411,微飄,1
34412,飄來,1
34413,來枕,1
34414,枕前,1
34415,前高,1
34416,高灑,1
34417,灑自,1
34418,自天,1
34419,外韓,1
34420,愈蛩,1
34421,蛩穴,1
34422,穴何,1
34423,何迫,1
34424,迫迮,1
34425,迮蟬,1
34426,蟬枝,1
34427,枝掃,1
34428,掃鳴,1
34429,鳴噦,1
34430,噦孟,1
34431,郊楥,1
34432,楥菊,1
34433,菊茂,1
34434,茂新,1
34435,新芳,1
34436,芳徑,1
34437,徑蘭,1
34438,蘭銷,1
34439,銷晚,1
34440,晚馤,1
34441,馤韓,1
34442,愈地,1
34443,地鏡,1
34444,鏡時,1
34445,時昏,1
34446,昏曉,1
34447,曉池,1
34448,池星,1
34449,星競,1
34450,競漂,1
34451,漂沛,1
34452,郊歡,1
34453,歡呶,1
34454,呶尋,1
34455,尋一,1
34456,一聲,1
34457,聲灌,1
34458,灌注,1
34459,注咽,1
34460,咽群,1
34461,群籟,1
34462,籟韓,1
34463,儒宮,1
34464,宮煙,1
34465,火濕,1
34466,濕市,1
34467,市舍,1
34468,舍煎,1
34469,煎熬,1
34470,熬忲,1
34471,忲孟,1
34472,郊臥,1
34473,臥冷,1
34474,冷空,1
34475,空避,1
34476,避門,1
34477,門衣,1
34478,衣寒,1
34479,寒屢,1
34480,屢循,1
34481,循帶,1
34482,帶韓,1
34483,愈水,1
34484,水怒,1
34485,怒已,1
34486,已倒,1
34487,倒流,1
34488,流陰,1
34489,陰繁,1
34490,繁恐,1
34491,恐凝,1
34492,凝害,1
34493,害孟,1
34494,郊憂,1
34495,憂魚,1
34496,魚思,1
34497,思舟,1
34498,楫感,1
34499,感禹,1
34500,禹勤,1
34501,勤畎,1
34502,畎澮,1
34503,澮韓,1
34504,懷襄,1
34505,襄信,1
34506,畏疏,1
34507,疏決,1
34508,決須,1
34509,須有,1
34510,有賴,1
34511,賴孟,1
34512,郊筮,1
34513,筮命,1
34514,命或,1
34515,或馮,1
34516,馮蓍,1
34517,蓍蔔,1
34518,蔔晴,1
34519,晴將,1
34520,將問,1
34521,問蔡,1
34522,蔡韓,1
34523,愈庭,1
34524,庭商,1
34525,商忽,1
34526,驚舞,1
34527,舞墉,1
34528,墉禜,1
34529,禜亦,1
34530,亦親,1
34531,親酹,1
34532,酹孟,1
34533,郊氛,1
34534,氛醨,1
34535,醨稍,1
34536,稍疏,1
34537,疏映,1
34538,映雺,1
34539,雺亂,1
34540,亂還,1
34541,還擁,1
34542,擁薈,1
34543,薈陰,1
34544,陰旌,1
34545,旌時,1
34546,時摎,1
34547,摎流,1
34548,流帝,1
34549,帝鼓,1
34550,鼓鎮,1
34551,鎮訇,1
34552,訇磕,1
34553,磕韓,1
34554,愈棗,1
34555,棗圃,1
34556,圃落,1
34557,落青,1
34558,青璣,1
34559,璣瓜,1
34560,瓜畦,1
34561,畦爛,1
34562,爛文,1
34563,文貝,1
34564,貝貧,1
34565,貧薪,1
34566,薪不,1
34567,不燭,1
34568,燭灶,1
34569,灶富,1
34570,富粟,1
34571,粟空,1
34572,空填,1
34573,填廥,1
34574,廥韓,1
34575,愈秦,1
34576,秦俗,1
34577,俗動,1
34578,動言,1
34579,言利,1
34580,利魯,1
34581,魯儒,1
34582,儒欲,1
34583,何匄,1
34584,匄深,1
34585,深路,1
34586,路倒,1
34587,倒羸,1
34588,羸驂,1
34589,驂弱,1
34590,弱途,1
34591,途擁,1
34592,擁行,1
34593,行軑,1
34594,軑孟,1
34595,羽皆,1
34596,皆遭,1
34597,遭凍,1
34598,凍離,1
34599,離褷,1
34600,褷不,1
34601,能翽,1
34602,翽翻,1
34603,翻浪,1
34604,浪洗,1
34605,洗虛,1
34606,空傾,1
34607,傾濤,1
34608,濤敗,1
34609,敗藏,1
34610,藏蓋,1
34611,蓋孟,1
34612,郊吾,1
34613,吾人,1
34614,人猶,1
34615,陳僮,1
34616,僮僕,1
34617,僕誠,1
34618,自鄶,1
34619,鄶因,1
34620,因思,1
34621,思征,1
34622,征蜀,1
34623,蜀士,1
34624,士未,1
34625,免濕,1
34626,濕戎,1
34627,旆韓,1
34628,愈安,1
34629,得發,1
34630,發商,1
34631,商飆,1
34632,飆廓,1
34633,廓然,1
34634,然吹,1
34635,吹宿,1
34636,宿靄,1
34637,靄白,1
34638,懸大,1
34639,野幽,1
34640,幽泥,1
34641,泥化,1
34642,化輕,1
34643,輕壒,1
34644,壒韓,1
34645,戰場,1
34646,場暫,1
34647,暫一,1
34648,一干,1
34649,干賊,1
34650,賊肉,1
34651,肉行,1
34652,可膾,1
34653,膾韓,1
34654,愈搜,1
34655,搜心,1
34656,思有,1
34657,有效,1
34658,效抽,1
34659,抽策,1
34660,策期,1
34661,期稱,1
34662,最豈,1
34663,惟慮,1
34664,慮收,1
34665,收穫,1
34666,穫亦,1
34667,亦以,1
34668,以求,1
34669,求顛,1
34670,顛沛,1
34671,郊禽,1
34672,禽情,1
34673,情初,1
34674,初嘯,1
34675,嘯儔,1
34676,儔礎,1
34677,礎色,1
34678,色微,1
34679,微收,1
34680,收霈,1
34681,霈庶,1
34682,幾諧,1
34683,諧我,1
34684,願遂,1
34685,遂止,1
34686,止無,1
34687,已太,1
34688,太韓,1
34689,愈日,1
34690,日王,1
34691,王忿,1
34692,忿違,1
34693,違慠,1
34694,慠有,1
34695,有命,1
34696,命事,1
34697,事誅,1
34698,誅拔,1
34699,拔蜀,1
34700,蜀險,1
34701,險豁,1
34702,豁關,1
34703,關防,1
34704,防秦,1
34705,秦師,1
34706,師縱,1
34707,橫猾,1
34708,猾韓,1
34709,愈風,1
34710,風旗,1
34711,旗匝,1
34712,匝地,1
34713,地揚,1
34714,揚雷,1
34715,鼓轟,1
34716,轟天,1
34717,天殺,1
34718,殺竹,1
34719,竹兵,1
34720,兵彼,1
34721,彼皴,1
34722,皴脆,1
34723,脆鐵,1
34724,鐵刃,1
34725,刃我,1
34726,我槍,1
34727,槍孟,1
34728,郊刑,1
34729,刑神,1
34730,神吒,1
34731,吒犛,1
34732,犛旄,1
34733,旄陰,1
34734,陰焰,1
34735,焰颭,1
34736,颭犀,1
34737,犀劄,1
34738,劄翻,1
34739,翻霓,1
34740,霓紛,1
34741,紛偃,1
34742,蹇塞,1
34743,塞野,1
34744,野澒,1
34745,澒坱,1
34746,圠韓,1
34747,愈生,1
34748,獰競,1
34749,競掣,1
34750,掣跌,1
34751,跌癡,1
34752,癡突,1
34753,突爭,1
34754,爭填,1
34755,填軋,1
34756,軋渴,1
34757,渴鬥,1
34758,鬥信,1
34759,信豗,1
34760,豗呶,1
34761,呶啖,1
34762,啖奸,1
34763,奸何,1
34764,何噢,1
34765,噢嗗,1
34766,嗗孟,1
34767,郊更,1
34768,更呼,1
34769,呼相,1
34770,相簸,1
34771,簸蕩,1
34772,蕩交,1
34773,交斫,1
34774,斫雙,1
34775,雙缺,1
34776,缺齾,1
34777,齾火,1
34778,火發,1
34779,發激,1
34780,激鋩,1
34781,鋩腥,1
34782,腥血,1
34783,血漂,1
34784,漂騰,1
34785,騰足,1
34786,足滑,1
34787,滑韓,1
34788,愈飛,1
34789,飛猱,1
34790,猱無,1
34791,無整,1
34792,整陣,1
34793,陣翩,1
34794,翩鶻,1
34795,鶻有,1
34796,有邪,1
34797,邪戛,1
34798,戛江,1
34799,江倒,1
34800,倒沸,1
34801,沸鯨,1
34802,鯨鯤,1
34803,鯤山,1
34804,山搖,1
34805,搖潰,1
34806,潰貙,1
34807,貙猰,1
34808,猰孟,1
34809,郊中,1
34810,中離,1
34811,離分,1
34812,分二,1
34813,三外,1
34814,外變,1
34815,變迷,1
34816,迷七,1
34817,八逆,1
34818,逆頸,1
34819,頸盡,1
34820,盡徽,1
34821,徽索,1
34822,索仇,1
34823,仇頭,1
34824,頭恣,1
34825,恣髡,1
34826,髡鬝,1
34827,鬝韓,1
34828,愈怒,1
34829,怒須,1
34830,須猶,1
34831,猶鬇,1
34832,鬇鬡,1
34833,鬡斷,1
34834,斷臂,1
34835,臂仍,1
34836,仍韓,1
34837,愈石,1
34838,石潛,1
34839,潛設,1
34840,設奇,1
34841,奇伏,1
34842,伏穴,1
34843,穴覷,1
34844,覷騁,1
34845,騁精,1
34846,精察,1
34847,察中,1
34848,中矢,1
34849,矢類,1
34850,類妖,1
34851,妖跳,1
34852,跳鋒,1
34853,鋒狀,1
34854,狀驚,1
34855,驚豽,1
34856,豽孟,1
34857,郊蹋,1
34858,蹋翻,1
34859,翻聚,1
34860,聚林,1
34861,林嶺,1
34862,嶺鬥,1
34863,起成,1
34864,成埃,1
34865,埃圿,1
34866,圿孟,1
34867,郊旆,1
34868,旆亡,1
34869,亡多,1
34870,多空,1
34871,杠軸,1
34872,軸折,1
34873,折鮮,1
34874,鮮聯,1
34875,聯轄,1
34876,轄剟,1
34877,剟膚,1
34878,膚浹,1
34879,浹瘡,1
34880,痍敗,1
34881,敗面,1
34882,面碎,1
34883,碎黥,1
34884,黥韓,1
34885,愈渾,1
34886,渾奔,1
34887,奔肆,1
34888,肆狂,1
34889,狂勷,1
34890,勷捷,1
34891,捷竄,1
34892,竄脫,1
34893,脫趫,1
34894,趫黠,1
34895,黠岩,1
34896,岩鉤,1
34897,鉤踔,1
34898,踔狙,1
34899,狙猿,1
34900,水漉,1
34901,漉雜,1
34902,雜鱣,1
34903,鱣螖,1
34904,螖韓,1
34905,愈投,1
34906,投奅,1
34907,奅鬧,1
34908,鬧填,1
34909,填隍,1
34910,隍傄,1
34911,傄韓,1
34912,愈強,1
34913,強睛,1
34914,睛死,1
34915,不閉,1
34916,閉獷,1
34917,獷眼,1
34918,眼困,1
34919,困逾,1
34920,逾爇,1
34921,爇堞,1
34922,堞熇,1
34923,熇歊,1
34924,歊熹,1
34925,熹抉,1
34926,抉門,1
34927,門呀,1
34928,呀拗,1
34929,拗孟,1
34930,郊天,1
34931,天刀,1
34932,刀封,1
34933,封未,1
34934,未坼,1
34935,坼酋,1
34936,酋膽,1
34937,膽懾,1
34938,懾前,1
34939,前揠,1
34940,揠跧,1
34941,跧梁,1
34942,梁排,1
34943,排鬱,1
34944,鬱縮,1
34945,縮闖,1
34946,闖竇,1
34947,竇猰,1
34948,猰窋,1
34949,窋窡,1
34950,窡孟,1
34951,郊迫,1
34952,迫脅,1
34953,脅聞,1
34954,聞雜,1
34955,雜驅,1
34956,驅咿,1
34957,咿呦,1
34958,呦叫,1
34959,叫冤,1
34960,冤跀,1
34961,跀孟,1
34962,郊窮,1
34963,窮區,1
34964,區指,1
34965,指清,1
34966,清夷,1
34967,凶部,1
34968,部坐,1
34969,坐雕,1
34970,雕鎩,1
34971,鎩邛,1
34972,邛文,1
34973,文裁,1
34974,裁斐,1
34975,斐斖,1
34976,斖巴,1
34977,巴豔,1
34978,豔收,1
34979,收婠,1
34980,婠妠,1
34981,妠韓,1
34982,愈椎,1
34983,椎肥,1
34984,肥牛,1
34985,牛呼,1
34986,呼牟,1
34987,牟載,1
34988,載實,1
34989,實駝,1
34990,駝鳴,1
34991,鳴聖,1
34992,聖靈,1
34993,靈閔,1
34994,閔頑,1
34995,頑嚚,1
34996,嚚燾,1
34997,燾養,1
34998,養均,1
34999,均草,1
35000,草韓,1
35001,下書,1
35002,書遏,1
35003,遏雄,1
35004,雄虓,1
35005,虓解,1
35006,解罪,1
35007,罪吊,1
35008,吊攣,1
35009,攣瞎,1
35010,瞎韓,1
35011,戰血,1
35012,血時,1
35013,時銷,1
35014,銷洗,1
35015,洗劍,1
35016,劍霜,1
35017,霜夜,1
35018,夜清,1
35019,清刮,1
35020,刮漢,1
35021,漢棧,1
35022,棧罷,1
35023,罷囂,1
35024,囂闐,1
35025,闐獠,1
35026,獠江,1
35027,江息,1
35028,息澎,1
35029,澎汃,1
35030,汃孟,1
35031,郊戍,1
35032,戍寒,1
35033,寒絕,1
35034,絕朝,1
35035,朝乘,1
35036,乘刁,1
35037,刁暗,1
35038,暗歇,1
35039,歇宵,1
35040,宵詧,1
35041,詧始,1
35042,始去,1
35043,去杏,1
35044,杏飛,1
35045,飛蜂,1
35046,蜂及,1
35047,及歸,1
35048,柳嘶,1
35049,嘶孟,1
35050,郊廟,1
35051,廟獻,1
35052,獻繁,1
35053,繁馘,1
35054,馘級,1
35055,級樂,1
35056,樂聲,1
35057,聲洞,1
35058,洞椌,1
35059,椌楬,1
35060,楬孟,1
35061,郊台,1
35062,台圖,1
35063,圖煥,1
35064,煥丹,1
35065,丹玄,1
35066,玄郊,1
35067,郊告,1
35068,告儼,1
35069,儼匏,1
35070,匏秸,1
35071,秸念,1
35072,念齒,1
35073,齒慰,1
35074,慰黴,1
35075,黴黧,1
35076,黧視,1
35077,視傷,1
35078,傷悼,1
35079,悼瘢,1
35080,瘢痆,1
35081,痆韓,1
35082,愈休,1
35083,休輸,1
35084,輸任,1
35085,任訛,1
35086,訛寢,1
35087,寢報,1
35088,報力,1
35089,力厚,1
35090,厚麩,1
35091,麩秳,1
35092,秳公,1
35093,公歡,1
35094,歡鐘,1
35095,鐘晨,1
35096,晨撞,1
35097,撞室,1
35098,室宴,1
35099,宴絲,1
35100,絲曉,1
35101,曉扴,1
35102,扴韓,1
35103,愈杯,1
35104,杯盂,1
35105,盂酬,1
35106,酬酒,1
35107,醪箱,1
35108,箱篋,1
35109,篋饋,1
35110,饋巾,1
35111,巾帓,1
35112,帓小,1
35113,小臣,1
35114,臣昧,1
35115,昧戎,1
35116,戎經,1
35117,經維,1
35118,維用,1
35119,贊勳,1
35120,勳劼,1
35121,劼韓,1
35122,愈自,1
35123,從別,1
35124,別君,1
35125,來遠,1
35126,遠出,1
35127,出遭,1
35128,遭巧,1
35129,巧譖,1
35130,譖韓,1
35131,愈斑,1
35132,斑斑,1
35133,斑落,1
35134,落春,1
35135,春淚,1
35136,淚浩,1
35137,浩浮,1
35138,浮秋,1
35139,秋浸,1
35140,浸孟,1
35141,毛奇,1
35142,奇睹,1
35143,睹象,1
35144,犀羽,1
35145,羽怪,1
35146,怪見,1
35147,見鵩,1
35148,鵩鴆,1
35149,鴆韓,1
35150,愈朝,1
35151,多危,1
35152,危棧,1
35153,棧夜,1
35154,夜臥,1
35155,臥饒,1
35156,饒驚,1
35157,驚枕,1
35158,枕孟,1
35159,郊生,1
35160,生榮,1
35161,榮今,1
35162,今分,1
35163,分逾,1
35164,逾死,1
35165,死棄,1
35166,棄昔,1
35167,昔情,1
35168,情任,1
35169,任韓,1
35170,愈鵷,1
35171,鵷行,1
35172,行參,1
35173,參綺,1
35174,陌雞,1
35175,雞唱,1
35176,唱聞,1
35177,聞清,1
35178,清禁,1
35179,禁孟,1
35180,郊山,1
35181,山晴,1
35182,晴指,1
35183,指高,1
35184,標槐,1
35185,槐密,1
35186,密騖,1
35187,騖長,1
35188,長蔭,1
35189,蔭韓,1
35190,愈直,1
35191,直辭,1
35192,辭一,1
35193,一以,1
35194,以薦,1
35195,薦巧,1
35196,巧舌,1
35197,舌千,1
35198,千皆,1
35199,皆孟,1
35200,郊匡,1
35201,匡鼎,1
35202,鼎惟,1
35203,惟說,1
35204,說詩,1
35205,詩桓,1
35206,桓譚,1
35207,譚不,1
35208,不讀,1
35209,讀讖,1
35210,讖韓,1
35211,愈逸,1
35212,逸韻,1
35213,韻何,1
35214,何嘈,1
35215,嘈嗷,1
35216,嗷高,1
35217,高名,1
35218,名俟,1
35219,俟沽,1
35220,沽賃,1
35221,賃孟,1
35222,郊紛,1
35223,紛葩,1
35224,葩歡,1
35225,歡屢,1
35226,屢填,1
35227,填曠,1
35228,曠朗,1
35229,朗憂,1
35230,憂早,1
35231,早滲,1
35232,滲韓,1
35233,愈為,1
35234,君開,1
35235,開酒,1
35236,酒腸,1
35237,腸顛,1
35238,倒舞,1
35239,舞相,1
35240,相飲,1
35241,飲孟,1
35242,郊曦,1
35243,曦光,1
35244,光霽,1
35245,霽曙,1
35246,曙物,1
35247,物景,1
35248,景曜,1
35249,曜鑠,1
35250,鑠宵,1
35251,宵祲,1
35252,祲韓,1
35253,儒門,1
35254,雖大,1
35255,大啟,1
35256,啟奸,1
35257,奸首,1
35258,敢闖,1
35259,闖義,1
35260,義泉,1
35261,泉雖,1
35262,雖至,1
35263,至近,1
35264,近盜,1
35265,盜索,1
35266,索不,1
35267,敢沁,1
35268,沁孟,1
35269,郊清,1
35270,清琴,1
35271,琴試,1
35272,試一,1
35273,一揮,1
35274,揮白,1
35275,白鶴,1
35276,鶴叫,1
35277,相喑,1
35278,喑欲,1
35279,知心,1
35280,心同,1
35281,同樂,1
35282,樂雙,1
35283,雙繭,1
35284,繭抽,1
35285,抽作,1
35286,作紝,1
35287,紝孟,1
35288,郊冰,1
35289,冰溪,1
35290,溪時,1
35291,時咽,1
35292,絕風,1
35293,風櫪,1
35294,櫪方,1
35295,方軒,1
35296,軒舉,1
35297,舉韓,1
35298,處不,1
35299,不斷,1
35300,斷腸,1
35301,腸定,1
35302,無斷,1
35303,斷處,1
35304,處孟,1
35305,郊秋,1
35306,秋潦,1
35307,潦淹,1
35308,淹轍,1
35309,轍跡,1
35310,跡高,1
35311,居限,1
35312,限參,1
35313,參拜,1
35314,拜韓,1
35315,愈耿,1
35316,耿蓄,1
35317,蓄良,1
35318,良思,1
35319,思遙,1
35320,遙仰,1
35321,仰嘉,1
35322,嘉話,1
35323,話孟,1
35324,郊一,1
35325,一晨,1
35326,晨長,1
35327,長隔,1
35328,隔歲,1
35329,歲百,1
35330,步遠,1
35331,遠殊,1
35332,殊界,1
35333,界韓,1
35334,愈商,1
35335,商聽,1
35336,聽饒,1
35337,饒清,1
35338,清聳,1
35339,聳悶,1
35340,悶懷,1
35341,懷空,1
35342,空抑,1
35343,抑噫,1
35344,噫孟,1
35345,郊美,1
35346,美君,1
35347,道腴,1
35348,腴逸,1
35349,逸步,1
35350,步謝,1
35351,謝天,1
35352,天械,1
35353,械韓,1
35354,吟馨,1
35355,馨鑠,1
35356,鑠紛,1
35357,雜抱,1
35358,抱照,1
35359,照瑩,1
35360,瑩疑,1
35361,疑怪,1
35362,怪孟,1
35363,郊撞,1
35364,撞宏,1
35365,宏聲,1
35366,聲不,1
35367,掉輸,1
35368,輸邈,1
35369,邈瀾,1
35370,瀾逾,1
35371,逾殺,1
35372,殺韓,1
35373,簷瀉,1
35374,瀉碎,1
35375,碎江,1
35376,江喧,1
35377,喧街,1
35378,街流,1
35379,流淺,1
35380,淺溪,1
35381,溪邁,1
35382,邁孟,1
35383,郊念,1
35384,念初,1
35385,初相,1
35386,相遭,1
35387,逢倖,1
35388,倖免,1
35389,免因,1
35390,因媒,1
35391,媒介,1
35392,介祛,1
35393,祛煩,1
35394,煩類,1
35395,類決,1
35396,決癰,1
35397,癰愜,1
35398,愜興,1
35399,興劇,1
35400,劇爬,1
35401,爬疥,1
35402,疥韓,1
35403,愈研,1
35404,研文,1
35405,文較,1
35406,較幽,1
35407,幽玄,1
35408,玄呼,1
35409,呼博,1
35410,博騁,1
35411,雄快,1
35412,快今,1
35413,君軺,1
35414,軺方,1
35415,方馳,1
35416,馳伊,1
35417,羽已,1
35418,已鎩,1
35419,鎩韓,1
35420,愈溫,1
35421,溫存,1
35422,存感,1
35423,感深,1
35424,深惠,1
35425,惠琢,1
35426,琢切,1
35427,切奉,1
35428,奉明,1
35429,明誡,1
35430,誡韓,1
35431,愈迨,1
35432,迨茲,1
35433,茲更,1
35434,更凝,1
35435,凝情,1
35436,情暫,1
35437,暫阻,1
35438,阻若,1
35439,若嬰,1
35440,嬰瘵,1
35441,瘵欲,1
35442,從盡,1
35443,盡靈,1
35444,靈珀,1
35445,珀拾,1
35446,拾纖,1
35447,纖芥,1
35448,芥孟,1
35449,郊欲,1
35450,相益,1
35451,益多,1
35452,多神,1
35453,神藥,1
35454,藥銷,1
35455,銷宿,1
35456,宿憊,1
35457,憊德,1
35458,德符,1
35459,符仙,1
35460,仙山,1
35461,山岸,1
35462,岸永,1
35463,永立,1
35464,立難,1
35465,難欹,1
35466,欹壞,1
35467,壞孟,1
35468,氣涵,1
35469,涵秋,1
35470,河有,1
35471,有朗,1
35472,朗無,1
35473,無驚,1
35474,驚湃,1
35475,湃孟,1
35476,郊祥,1
35477,祥鳳,1
35478,鳳遺,1
35479,遺蒿,1
35480,蒿鷃,1
35481,鷃雲,1
35482,韶掩,1
35483,掩夷,1
35484,夷靺,1
35485,靺爭,1
35486,名求,1
35487,求鵠,1
35488,鵠徒,1
35489,徒騰,1
35490,騰口,1
35491,口甚,1
35492,甚蟬,1
35493,蟬喝,1
35494,喝韓,1
35495,愈未,1
35496,未來,1
35497,來聲,1
35498,已赫,1
35499,赫始,1
35500,始鼓,1
35501,鼓敵,1
35502,敵前,1
35503,前敗,1
35504,敗鬥,1
35505,鬥場,1
35506,場再,1
35507,再鳴,1
35508,鳴先,1
35509,先遐,1
35510,遐路,1
35511,路一,1
35512,一飛,1
35513,飛屆,1
35514,屆韓,1
35515,愈東,1
35516,野繼,1
35517,繼奇,1
35518,奇躅,1
35519,躅修,1
35520,修綸,1
35521,綸懸,1
35522,懸眾,1
35523,眾犗,1
35524,犗穿,1
35525,穿空,1
35526,空細,1
35527,細丘,1
35528,丘垤,1
35529,垤照,1
35530,照日,1
35531,日陋,1
35532,陋菅,1
35533,蒯韓,1
35534,愈小,1
35535,道積,1
35536,積慎,1
35537,慎如,1
35538,如觸,1
35539,觸蠆,1
35540,蠆愔,1
35541,愔愔,1
35542,愔抱,1
35543,所諾,1
35544,諾翼,1
35545,翼翼,1
35546,翼自,1
35547,自申,1
35548,申戒,1
35549,戒孟,1
35550,郊聖,1
35551,聖書,1
35552,書空,1
35553,空勘,1
35554,勘讀,1
35555,讀盜,1
35556,盜食,1
35557,食敢,1
35558,敢求,1
35559,求嘬,1
35560,嘬惟,1
35561,當騎,1
35562,騎款,1
35563,款段,1
35564,段豈,1
35565,豈望,1
35566,望覿,1
35567,覿珪,1
35568,珪玠,1
35569,玠孟,1
35570,郊弱,1
35571,弱操,1
35572,操愧,1
35573,愧筠,1
35574,筠杉,1
35575,杉微,1
35576,微芳,1
35577,芳比,1
35578,比蕭,1
35579,蕭何,1
35580,以驗,1
35581,驗高,1
35582,高明,1
35583,明柔,1
35584,柔中,1
35585,有剛,1
35586,剛夬,1
35587,夬孟,1
35588,郊別,1
35589,別腸,1
35590,腸車,1
35591,車輪,1
35592,輪轉,1
35593,轉一,1
35594,一萬,1
35595,萬周,1
35596,周孟,1
35597,郊離,1
35598,離思,1
35599,思春,1
35600,春冰,1
35601,冰泮,1
35602,泮爛,1
35603,收韓,1
35604,愈馳,1
35605,馳光,1
35606,光忽,1
35607,忽以,1
35608,以迫,1
35609,迫飛,1
35610,飛轡,1
35611,轡誰,1
35612,能留,1
35613,留孟,1
35614,郊取,1
35615,取之,1
35616,之詎,1
35617,詎灼,1
35618,灼此,1
35619,去信,1
35620,信悠,1
35621,悠李,1
35622,翱楚,1
35623,楚客,1
35624,客宿,1
35625,宿江,1
35626,上夜,1
35627,夜魂,1
35628,魂棲,1
35629,棲浪,1
35630,浪頭,1
35631,頭曉,1
35632,生遠,1
35633,遠岸,1
35634,岸水,1
35635,水芳,1
35636,芳綴,1
35637,綴孤,1
35638,舟孟,1
35639,郊村,1
35640,村飲,1
35641,飲泊,1
35642,泊好,1
35643,好木,1
35644,木野,1
35645,野蔬,1
35646,蔬拾,1
35647,拾新,1
35648,新柔,1
35649,柔獨,1
35650,獨含,1
35651,含淒,1
35652,淒別,1
35653,別中,1
35654,中結,1
35655,結鬱,1
35656,鬱鬱,1
35657,鬱愁,1
35658,愁孟,1
35659,郊人,1
35660,人憶,1
35661,憶舊,1
35662,舊行,1
35663,行樂,1
35664,樂鳥,1
35665,鳥吟,1
35666,吟新,1
35667,新得,1
35668,得儔,1
35669,儔孟,1
35670,郊靈,1
35671,靈瑟,1
35672,瑟時,1
35673,時窅,1
35674,窅霠,1
35675,霠猿,1
35676,猿夜,1
35677,夜啾,1
35678,啾憤,1
35679,憤濤,1
35680,濤氣,1
35681,尚盛,1
35682,盛恨,1
35683,恨竹,1
35684,竹淚,1
35685,淚空,1
35686,空幽,1
35687,幽韓,1
35688,愈長,1
35689,長懷,1
35690,懷絕,1
35691,絕無,1
35692,感良,1
35693,自尤,1
35694,即路,1
35695,路涉,1
35696,涉獻,1
35697,歲歸,1
35698,期眇,1
35699,眇涼,1
35700,涼秋,1
35701,秋韓,1
35702,愈兩,1
35703,兩歡,1
35704,歡日,1
35705,日牢,1
35706,落孤,1
35707,孤悲,1
35708,悲坐,1
35709,坐綢,1
35710,繆韓,1
35711,愈觀,1
35712,觀怪,1
35713,怪忽,1
35714,漾叩,1
35715,叩奇,1
35716,奇獨,1
35717,獨冥,1
35718,冥搜,1
35719,搜海,1
35720,海鯨,1
35721,鯨吞,1
35722,吞明,1
35723,月浪,1
35724,浪島,1
35725,島沒,1
35726,沒大,1
35727,大漚,1
35728,漚孟,1
35729,寸鉤,1
35730,鉤欲,1
35731,釣千,1
35732,丈流,1
35733,流良,1
35734,良知,1
35735,知忽,1
35736,然遠,1
35737,遠壯,1
35738,志鬱,1
35739,鬱無,1
35740,無抽,1
35741,抽孟,1
35742,郊魍,1
35743,魍魅,1
35744,魅暫,1
35745,沒蛟,1
35746,螭互,1
35747,互蟠,1
35748,蟠蟉,1
35749,蟉昌,1
35750,昌言,1
35751,言拜,1
35752,拜舜,1
35753,舜禹,1
35754,禹舉,1
35755,舉淩,1
35756,淩鬥,1
35757,牛韓,1
35758,懷糈,1
35759,糈饋,1
35760,饋賢,1
35761,賢屈,1
35762,屈乘,1
35763,桴追,1
35764,追聖,1
35765,聖丘,1
35766,丘飄,1
35767,飄然,1
35768,然天,1
35769,外步,1
35770,步豈,1
35771,肯區,1
35772,區中,1
35773,中囚,1
35774,囚韓,1
35775,愈楚,1
35776,楚些,1
35777,些待,1
35778,待誰,1
35779,誰吊,1
35780,吊賈,1
35781,賈辭,1
35782,辭緘,1
35783,緘恨,1
35784,恨投,1
35785,投翳,1
35786,翳明,1
35787,明弗,1
35788,弗可,1
35789,可曉,1
35790,曉秘,1
35791,秘魂,1
35792,魂安,1
35793,安所,1
35794,所求,1
35795,求孟,1
35796,氣毒,1
35797,毒放,1
35798,逐域,1
35799,域蓼,1
35800,蓼雜,1
35801,雜芳,1
35802,菲疇,1
35803,疇當,1
35804,春忽,1
35805,忽淒,1
35806,淒涼,1
35807,涼不,1
35808,不枯,1
35809,枯亦,1
35810,亦颼,1
35811,飀孟,1
35812,郊貉,1
35813,貉謠,1
35814,謠眾,1
35815,眾猥,1
35816,猥款,1
35817,款巴,1
35818,巴語,1
35819,語相,1
35820,相咿,1
35821,嚘默,1
35822,默誓,1
35823,誓去,1
35824,去外,1
35825,外俗,1
35826,俗嘉,1
35827,願還,1
35828,還中,1
35829,州孟,1
35830,郊江,1
35831,江生,1
35832,生行,1
35833,行既,1
35834,既樂,1
35835,樂躬,1
35836,躬輦,1
35837,輦自,1
35838,相戮,1
35839,戮飲,1
35840,飲醇,1
35841,醇趣,1
35842,趣明,1
35843,明代,1
35844,代味,1
35845,味腥,1
35846,腥謝,1
35847,謝荒,1
35848,荒陬,1
35849,陬孟,1
35850,馳深,1
35851,深鼓,1
35852,鼓利,1
35853,利楫,1
35854,楫趨,1
35855,趨險,1
35856,險驚,1
35857,驚蜚,1
35858,蜚輶,1
35859,輶系,1
35860,系石,1
35861,石沈,1
35862,沈靳,1
35863,靳尚,1
35864,尚開,1
35865,開弓,1
35866,弓射,1
35867,射鴅,1
35868,鴅吺,1
35869,吺韓,1
35870,愈路,1
35871,路暗,1
35872,暗執,1
35873,執屏,1
35874,屏翳,1
35875,翳波,1
35876,波驚,1
35877,驚戮,1
35878,戮陽,1
35879,陽侯,1
35880,侯廣,1
35881,廣泛,1
35882,泛信,1
35883,信縹,1
35884,縹緲,1
35885,緲高,1
35886,行恣,1
35887,恣浮,1
35888,游韓,1
35889,愈外,1
35890,外患,1
35891,患蕭,1
35892,蕭去,1
35893,去中,1
35894,中悒,1
35895,悒稍,1
35896,稍瘳,1
35897,瘳振,1
35898,振衣,1
35899,衣造,1
35900,造雲,1
35901,闕跪,1
35902,跪坐,1
35903,坐陳,1
35904,陳清,1
35905,清猷,1
35906,猷韓,1
35907,愈德,1
35908,德風,1
35909,風變,1
35910,變讒,1
35911,讒巧,1
35912,巧仁,1
35913,仁氣,1
35914,氣銷,1
35915,銷戈,1
35916,矛名,1
35917,聲照,1
35918,照西,1
35919,西海,1
35920,海淑,1
35921,淑問,1
35922,問無,1
35923,休韓,1
35924,愈歸,1
35925,歸哉,1
35926,哉孟,1
35927,孟夫,1
35928,無夷,1
35929,猶韓,1
35930,愈從,1
35931,軍古,1
35932,古雲,1
35933,雲樂,1
35934,樂談,1
35935,談笑,1
35936,笑青,1
35937,青油,1
35938,油幕,1
35939,幕燈,1
35940,燈明,1
35941,明夜,1
35942,夜觀,1
35943,觀棋,1
35944,棋月,1
35945,月暗,1
35946,暗秋,1
35947,秋城,1
35948,城柝,1
35949,柝李,1
35950,封羈,1
35951,羈客,1
35952,客方,1
35953,方寂,1
35954,寂曆,1
35955,曆驚,1
35956,驚烏,1
35957,烏時,1
35958,時落,1
35959,落泊,1
35960,泊語,1
35961,語闌,1
35962,闌壯,1
35963,氣衰,1
35964,衰酒,1
35965,酒醒,1
35966,醒寒,1
35967,寒砧,1
35968,砧作,1
35969,作韓,1
35970,愈遇,1
35971,遇主,1
35972,主貴,1
35973,貴陳,1
35974,力夷,1
35975,凶匪,1
35976,匪兼,1
35977,兼弱,1
35978,弱百,1
35979,百牢,1
35980,牢犒,1
35981,犒輿,1
35982,輿師,1
35983,師千,1
35984,千戶,1
35985,戶購,1
35986,購首,1
35987,首惡,1
35988,惡李,1
35989,封平,1
35990,生恥,1
35991,恥論,1
35992,論兵,1
35993,兵末,1
35994,末暮,1
35995,暮不,1
35996,不輕,1
35997,輕諾,1
35998,諾徒,1
35999,徒然,1
36000,恩義,1
36001,義誰,1
36002,論勳,1
36003,勳爵,1
36004,爵韓,1
36005,愈多,1
36006,多士,1
36007,士被,1
36008,被沾,1
36009,沾汙,1
36010,汙小,1
36011,小夷,1
36012,夷施,1
36013,施毒,1
36014,毒蠚,1
36015,蠚何,1
36016,當鑄,1
36017,鑄劍,1
36018,戟相,1
36019,相與,1
36020,與歸,1
36021,閣李,1
36022,封室,1
36023,室婦,1
36024,婦歎,1
36025,歎鳴,1
36026,鳴鸛,1
36027,鸛家,1
36028,人祝,1
36029,祝喜,1
36030,喜鵲,1
36031,鵲終,1
36032,朝考,1
36033,考蓍,1
36034,蓍龜,1
36035,龜何,1
36036,何日,1
36037,親烝,1
36038,烝礿,1
36039,礿韓,1
36040,愈間,1
36041,間使,1
36042,使斷,1
36043,斷津,1
36044,津梁,1
36045,梁潛,1
36046,潛軍,1
36047,軍索,1
36048,索林,1
36049,林薄,1
36050,薄紅,1
36051,紅塵,1
36052,塵羽,1
36053,羽書,1
36054,書靖,1
36055,靖大,1
36056,水沙,1
36057,沙囊,1
36058,囊涸,1
36059,涸李,1
36060,封銘,1
36061,銘山,1
36062,山子,1
36063,子所,1
36064,所工,1
36065,工插,1
36066,插羽,1
36067,羽余,1
36068,何怍,1
36069,怍未,1
36070,未足,1
36071,足煩,1
36072,煩刀,1
36073,刀俎,1
36074,俎只,1
36075,只應,1
36076,應輸,1
36077,輸管,1
36078,管鑰,1
36079,鑰韓,1
36080,愈雨,1
36081,雨矢,1
36082,矢逐,1
36083,逐天,1
36084,天狼,1
36085,狼電,1
36086,電矛,1
36087,矛驅,1
36088,驅海,1
36089,海若,1
36090,若靈,1
36091,靈誅,1
36092,誅固,1
36093,無縱,1
36094,縱力,1
36095,力戰,1
36096,誰敢,1
36097,敢卻,1
36098,卻李,1
36099,封峨,1
36100,峨雲,1
36101,雲梯,1
36102,梯翔,1
36103,翔赫,1
36104,赫火,1
36105,火箭,1
36106,箭著,1
36107,著連,1
36108,連空,1
36109,空隳,1
36110,隳雉,1
36111,雉堞,1
36112,堞照,1
36113,照夜,1
36114,夜焚,1
36115,焚城,1
36116,城郭,1
36117,郭韓,1
36118,愈軍,1
36119,門宣,1
36120,宣一,1
36121,一令,1
36122,令廟,1
36123,廟算,1
36124,算建,1
36125,建三,1
36126,三略,1
36127,略雷,1
36128,鼓揭,1
36129,揭千,1
36130,千槍,1
36131,槍浮,1
36132,浮橋,1
36133,橋交,1
36134,交萬,1
36135,萬筰,1
36136,筰李,1
36137,封蹂,1
36138,蹂野,1
36139,馬雲,1
36140,雲騰,1
36141,騰映,1
36142,映原,1
36143,原旗,1
36144,旗火,1
36145,火鑠,1
36146,鑠疲,1
36147,疲氓,1
36148,氓墜,1
36149,墜將,1
36150,將拯,1
36151,拯殘,1
36152,殘虜,1
36153,虜狂,1
36154,狂可,1
36155,可縛,1
36156,縛韓,1
36157,愈摧,1
36158,摧鋒,1
36159,鋒若,1
36160,若貙,1
36161,貙兕,1
36162,兕超,1
36163,超乘,1
36164,乘如,1
36165,如猱,1
36166,猱玃,1
36167,玃逢,1
36168,逢掖,1
36169,掖服,1
36170,服翻,1
36171,翻慚,1
36172,慚縵,1
36173,縵胡,1
36174,胡纓,1
36175,纓可,1
36176,可愕,1
36177,愕李,1
36178,封星,1
36179,星隕,1
36180,隕聞,1
36181,聞雊,1
36182,雊雉,1
36183,雉師,1
36184,師興,1
36185,興隨,1
36186,隨唳,1
36187,唳鶴,1
36188,鶴虎,1
36189,豹貪,1
36190,貪犬,1
36191,犬羊,1
36192,羊鷹,1
36193,鷹鸇,1
36194,鸇憎,1
36195,憎鳥,1
36196,鳥雀,1
36197,雀韓,1
36198,愈燒,1
36199,燒陂,1
36200,陂除,1
36201,除積,1
36202,積聚,1
36203,聚灌,1
36204,灌壘,1
36205,壘失,1
36206,失依,1
36207,依託,1
36208,託憑,1
36209,憑軾,1
36210,軾諭,1
36211,諭昏,1
36212,昏迷,1
36213,迷執,1
36214,執殳,1
36215,殳征,1
36216,征暴,1
36217,暴虐,1
36218,虐李,1
36219,封倉,1
36220,倉空,1
36221,空戰,1
36222,戰卒,1
36223,卒饑,1
36224,饑月,1
36225,月黑,1
36226,黑探,1
36227,探兵,1
36228,兵錯,1
36229,錯凶,1
36230,凶徒,1
36231,徒更,1
36232,更蹈,1
36233,蹈藉,1
36234,藉逆,1
36235,逆族,1
36236,族相,1
36237,相啖,1
36238,啖嚼,1
36239,嚼韓,1
36240,愈軸,1
36241,軸轤,1
36242,轤亙,1
36243,亙淮,1
36244,泗旆,1
36245,旆旌,1
36246,旌連,1
36247,連夏,1
36248,夏鄂,1
36249,鄂大,1
36250,野縱,1
36251,縱氐,1
36252,氐羌,1
36253,羌長,1
36254,河浴,1
36255,浴騮,1
36256,騮駱,1
36257,駱李,1
36258,封東,1
36259,西競,1
36260,競角,1
36261,近施,1
36262,施矰,1
36263,矰繳,1
36264,繳人,1
36265,人怨,1
36266,怨童,1
36267,童聚,1
36268,聚謠,1
36269,謠天,1
36270,天殃,1
36271,殃鬼,1
36272,鬼行,1
36273,行瘧,1
36274,瘧韓,1
36275,愈漢,1
36276,漢刑,1
36277,刑支,1
36278,支郡,1
36279,郡黜,1
36280,黜周,1
36281,周制,1
36282,制閒,1
36283,閒田,1
36284,田削,1
36285,削侯,1
36286,侯社,1
36287,社退,1
36288,退無,1
36289,無功,1
36290,功鬼,1
36291,鬼薪,1
36292,薪懲,1
36293,懲不,1
36294,不恪,1
36295,恪李,1
36296,封余,1
36297,余雖,1
36298,雖司,1
36299,司斧,1
36300,斧鑕,1
36301,鑕情,1
36302,情本,1
36303,本尚,1
36304,尚丘,1
36305,丘壑,1
36306,壑且,1
36307,待獻,1
36308,獻俘,1
36309,俘囚,1
36310,囚終,1
36311,終當,1
36312,返耕,1
36313,耕獲,1
36314,獲韓,1
36315,愈槁,1
36316,槁街,1
36317,街陳,1
36318,陳鈇,1
36319,鈇鉞,1
36320,鉞桃,1
36321,桃塞,1
36322,塞興,1
36323,興錢,1
36324,錢鎛,1
36325,鎛地,1
36326,地理,1
36327,理畫,1
36328,畫封,1
36329,疆天,1
36330,天文,1
36331,文掃,1
36332,掃寥,1
36333,廓李,1
36334,封天,1
36335,子憫,1
36336,憫瘡,1
36337,痍將,1
36338,軍禁,1
36339,禁鹵,1
36340,鹵掠,1
36341,掠策,1
36342,策勳,1
36343,勳封,1
36344,封龍,1
36345,龍額,1
36346,額歸,1
36347,歸獸,1
36348,獸獲,1
36349,獲麟,1
36350,麟腳,1
36351,腳韓,1
36352,愈詰,1
36353,詰誅,1
36354,誅敬,1
36355,敬王,1
36356,王怒,1
36357,怒給,1
36358,給複,1
36359,複哀,1
36360,哀人,1
36361,人瘼,1
36362,瘼澤,1
36363,澤發,1
36364,發解,1
36365,解兜,1
36366,鍪酡,1
36367,酡顏,1
36368,顏傾,1
36369,傾鑿,1
36370,鑿落,1
36371,落李,1
36372,封安,1
36373,安存,1
36374,存惟,1
36375,惟恐,1
36376,恐晚,1
36377,晚洗,1
36378,洗雪,1
36379,論昨,1
36380,昨暮,1
36381,暮鳥,1
36382,鳥已,1
36383,已安,1
36384,安巢,1
36385,巢春,1
36386,春蠶,1
36387,蠶看,1
36388,看滿,1
36389,滿箔,1
36390,箔韓,1
36391,愈聲,1
36392,聲明,1
36393,明動,1
36394,朝闕,1
36395,闕光,1
36396,光寵,1
36397,寵耀,1
36398,耀京,1
36399,京洛,1
36400,洛旁,1
36401,旁午,1
36402,午降,1
36403,降絲,1
36404,綸中,1
36405,中堅,1
36406,堅擁,1
36407,擁鼓,1
36408,鼓鐸,1
36409,鐸李,1
36410,封密,1
36411,密坐,1
36412,坐列,1
36413,列珠,1
36414,翠高,1
36415,門塗,1
36416,塗粉,1
36417,粉雘,1
36418,雘跋,1
36419,跋朝,1
36420,賀書,1
36421,書飛,1
36422,飛塞,1
36423,路歸,1
36424,歸鞍,1
36425,鞍躍,1
36426,躍韓,1
36427,愈魏,1
36428,魏闕,1
36429,闕橫,1
36430,雲漢,1
36431,漢秦,1
36432,關束,1
36433,束岩,1
36434,岩崿,1
36435,崿拜,1
36436,拜迎,1
36437,迎羅,1
36438,羅櫜,1
36439,櫜鞬,1
36440,鞬問,1
36441,問遺,1
36442,遺結,1
36443,結囊,1
36444,囊橐,1
36445,橐李,1
36446,封江,1
36447,江淮,1
36448,淮永,1
36449,永清,1
36450,晏宇,1
36451,宙重,1
36452,重開,1
36453,開拓,1
36454,拓是,1
36455,日號,1
36456,號升,1
36457,升平,1
36458,平此,1
36459,此年,1
36460,名作,1
36461,作噩,1
36462,噩韓,1
36463,愈洪,1
36464,洪赦,1
36465,赦方,1
36466,方下,1
36467,下究,1
36468,究武,1
36469,武飆,1
36470,飆亦,1
36471,亦旁,1
36472,旁魄,1
36473,魄南,1
36474,南據,1
36475,據定,1
36476,定蠻,1
36477,蠻陬,1
36478,陬北,1
36479,北攫,1
36480,攫空,1
36481,空朔,1
36482,朔漠,1
36483,漠李,1
36484,封儒,1
36485,生愜,1
36486,愜教,1
36487,教化,1
36488,化武,1
36489,武士,1
36490,士猛,1
36491,猛刺,1
36492,刺斫,1
36493,斫吾,1
36494,吾相,1
36495,相兩,1
36496,兩優,1
36497,優遊,1
36498,遊他,1
36499,他人,1
36500,人雙,1
36501,雙落,1
36502,落莫,1
36503,莫韓,1
36504,愈印,1
36505,印從,1
36506,從負,1
36507,負鼎,1
36508,鼎佩,1
36509,佩門,1
36510,為登,1
36511,登壇,1
36512,壇鑿,1
36513,鑿再,1
36514,再入,1
36515,入更,1
36516,更顯,1
36517,顯嚴,1
36518,嚴九,1
36519,九遷,1
36520,遷彌,1
36521,彌謇,1
36522,謇諤,1
36523,諤李,1
36524,封賓,1
36525,賓筵,1
36526,筵盡,1
36527,盡狐,1
36528,狐趙,1
36529,趙導,1
36530,導騎,1
36531,騎多,1
36532,多衛,1
36533,衛霍,1
36534,霍國,1
36535,國史,1
36536,史擅,1
36537,擅芬,1
36538,芳宮,1
36539,宮娃,1
36540,娃分,1
36541,分綽,1
36542,綽約,1
36543,約韓,1
36544,愈丹,1
36545,丹掖,1
36546,掖列,1
36547,列鵷,1
36548,鷺洪,1
36549,爐衣,1
36550,衣狐,1
36551,狐貉,1
36552,貉摛,1
36553,摛文,1
36554,文揮,1
36555,揮月,1
36556,月毫,1
36557,毫講,1
36558,講劍,1
36559,劍淬,1
36560,淬霜,1
36561,霜鍔,1
36562,鍔李,1
36563,封命,1
36564,命衣,1
36565,衣備,1
36566,備藻,1
36567,藻火,1
36568,火賜,1
36569,賜樂,1
36570,樂兼,1
36571,兼拊,1
36572,拊搏,1
36573,搏兩,1
36574,兩廂,1
36575,廂鋪,1
36576,鋪氍,1
36577,氍毹,1
36578,毹五,1
36579,五鼎,1
36580,鼎調,1
36581,調勺,1
36582,勺藥,1
36583,藥韓,1
36584,愈帶,1
36585,帶垂,1
36586,垂蒼,1
36587,蒼玉,1
36588,佩轡,1
36589,轡蹙,1
36590,蹙黃,1
36591,金絡,1
36592,絡誘,1
36593,誘接,1
36594,接喻,1
36595,喻登,1
36596,登龍,1
36597,龍趨,1
36598,趨馳,1
36599,馳狀,1
36600,狀傾,1
36601,傾藿,1
36602,藿李,1
36603,封青,1
36604,青娥,1
36605,娥翳,1
36606,翳長,1
36607,長袖,1
36608,袖紅,1
36609,頰吹,1
36610,吹鳴,1
36611,鳴鑰,1
36612,鑰儻,1
36613,儻不,1
36614,忍辛,1
36615,勤何,1
36616,由恣,1
36617,恣歡,1
36618,歡謔,1
36619,謔韓,1
36620,愈惟,1
36621,當早,1
36622,早富,1
36623,寞但,1
36624,但擲,1
36625,擲雇,1
36626,雇笑,1
36627,笑金,1
36628,金仍,1
36629,仍祈,1
36630,祈卻,1
36631,卻老,1
36632,老藥,1
36633,藥李,1
36634,封歿,1
36635,歿廟,1
36636,廟配,1
36637,配尊,1
36638,尊斝,1
36639,斝生,1
36640,生堂,1
36641,堂合,1
36642,合鑮,1
36643,鑮安,1
36644,行庇,1
36645,庇松,1
36646,篁高,1
36647,高臥,1
36648,臥枕,1
36649,枕莞,1
36650,莞蒻,1
36651,蒻韓,1
36652,愈洗,1
36653,洗沐,1
36654,沐恣,1
36655,恣蘭,1
36656,蘭芷,1
36657,芷割,1
36658,割烹,1
36659,烹厭,1
36660,厭腗,1
36661,腗臄,1
36662,臄喜,1
36663,喜顏,1
36664,顏非,1
36665,非忸,1
36666,忸怩,1
36667,怩達,1
36668,達志,1
36669,志無,1
36670,無隕,1
36671,隕獲,1
36672,獲李,1
36673,封詼,1
36674,詼諧,1
36675,諧酒,1
36676,酒席,1
36677,席展,1
36678,展慷,1
36679,慨戎,1
36680,戎裝,1
36681,裝著,1
36682,著斬,1
36683,斬馬,1
36684,馬祭,1
36685,祭旄,1
36686,旄纛,1
36687,纛炰,1
36688,炰羔,1
36689,羔禮,1
36690,禮芒,1
36691,芒屩,1
36692,屩韓,1
36693,愈山,1
36694,多離,1
36695,離隱,1
36696,隱豹,1
36697,豹野,1
36698,求伸,1
36699,伸蠖,1
36700,蠖推,1
36701,推選,1
36702,選閱,1
36703,閱群,1
36704,群材,1
36705,材薦,1
36706,薦延,1
36707,延搜,1
36708,搜一,1
36709,一鶚,1
36710,鶚李,1
36711,封左,1
36712,右供,1
36713,供諂,1
36714,諂譽,1
36715,譽親,1
36716,交獻,1
36717,獻諛,1
36718,諛噱,1
36719,噱名,1
36720,聲載,1
36721,載揄,1
36722,揄揚,1
36723,揚權,1
36724,權勢,1
36725,勢實,1
36726,實熏,1
36727,熏灼,1
36728,灼韓,1
36729,愈道,1
36730,道舊,1
36731,舊生,1
36732,生感,1
36733,激當,1
36734,歌發,1
36735,發酬,1
36736,酬酢,1
36737,酢群,1
36738,群孫,1
36739,孫輕,1
36740,輕綺,1
36741,綺紈,1
36742,紈下,1
36743,下客,1
36744,客豐,1
36745,豐醴,1
36746,醴酪,1
36747,酪李,1
36748,封窮,1
36749,窮天,1
36750,天貢,1
36751,貢琛,1
36752,琛異,1
36753,異匝,1
36754,匝海,1
36755,海賜,1
36756,賜酺,1
36757,酺醵,1
36758,醵作,1
36759,作樂,1
36760,樂鼓,1
36761,鼓還,1
36762,還槌,1
36763,槌從,1
36764,從禽,1
36765,禽弓,1
36766,弓始,1
36767,始彍,1
36768,彍韓,1
36769,愈取,1
36770,取歡,1
36771,歡移,1
36772,移日,1
36773,日飲,1
36774,飲求,1
36775,求勝,1
36776,勝通,1
36777,通宵,1
36778,宵博,1
36779,博五,1
36780,五白,1
36781,白氣,1
36782,爭呼,1
36783,呼六,1
36784,六奇,1
36785,奇心,1
36786,心運,1
36787,運度,1
36788,度李,1
36789,封恩,1
36790,澤誠,1
36791,誠布,1
36792,布濩,1
36793,濩嚚,1
36794,嚚頑,1
36795,頑已,1
36796,已簫,1
36797,簫勺,1
36798,勺告,1
36799,告成,1
36800,成上,1
36801,上雲,1
36802,雲亭,1
36803,亭考,1
36804,考古,1
36805,古垂,1
36806,垂矩,1
36807,矩矱,1
36808,矱韓,1
36809,愈前,1
36810,前堂,1
36811,堂清,1
36812,清夜,1
36813,夜吹,1
36814,吹東,1
36815,東第,1
36816,第良,1
36817,良晨,1
36818,晨酌,1
36819,酌池,1
36820,池蓮,1
36821,蓮拆,1
36822,拆秋,1
36823,秋房,1
36824,房院,1
36825,院竹,1
36826,竹翻,1
36827,翻夏,1
36828,夏籜,1
36829,籜李,1
36830,封五,1
36831,五狩,1
36832,狩朝,1
36833,朝恒,1
36834,恒岱,1
36835,岱三,1
36836,三畋,1
36837,畋宿,1
36838,宿楊,1
36839,楊柞,1
36840,柞農,1
36841,農書,1
36842,書乍,1
36843,乍討,1
36844,討論,1
36845,論馬,1
36846,馬法,1
36847,法長,1
36848,長懸,1
36849,懸格,1
36850,格韓,1
36851,雪下,1
36852,下收,1
36853,收新,1
36854,新息,1
36855,息陽,1
36856,陽生,1
36857,生過,1
36858,過京,1
36859,京索,1
36860,索爾,1
36861,爾牛,1
36862,牛時,1
36863,時寢,1
36864,寢訛,1
36865,訛我,1
36866,我僕,1
36867,僕或,1
36868,或歌,1
36869,歌咢,1
36870,咢李,1
36871,封帝,1
36872,帝載,1
36873,載彌,1
36874,彌天,1
36875,地臣,1
36876,臣辭,1
36877,辭劣,1
36878,劣螢,1
36879,螢爝,1
36880,爝為,1
36881,詩安,1
36882,能詳,1
36883,詳庶,1
36884,庶用,1
36885,用存,1
36886,存糟,1
36887,糟粕,1
36888,粕韓,1
36889,愈巧,1
36890,巧匠,1
36891,匠斫,1
36892,斫山,1
36893,山骨,1
36894,骨刳,1
36895,刳中,1
36896,中事,1
36897,事煎,1
36898,煎烹,1
36899,烹劉,1
36900,服直,1
36901,直柄,1
36902,柄未,1
36903,未當,1
36904,當權,1
36905,權塞,1
36906,塞口,1
36907,口且,1
36908,且吞,1
36909,吞聲,1
36910,聲侯,1
36911,喜龍,1
36912,龍頭,1
36913,頭縮,1
36914,縮菌,1
36915,菌蠢,1
36916,蠢豕,1
36917,豕腹,1
36918,腹漲,1
36919,漲彭,1
36920,彭亨,1
36921,亨軒,1
36922,明外,1
36923,外苞,1
36924,苞幹,1
36925,幹蘚,1
36926,蘚文,1
36927,文中,1
36928,有暗,1
36929,浪驚,1
36930,驚劉,1
36931,服在,1
36932,在冷,1
36933,冷足,1
36934,足自,1
36935,自安,1
36936,安遭,1
36937,遭焚,1
36938,焚意,1
36939,彌貞,1
36940,貞侯,1
36941,喜謬,1
36942,謬當,1
36943,鼎鼐,1
36944,鼐間,1
36945,間妄,1
36946,妄使,1
36947,使水,1
36948,水火,1
36949,火爭,1
36950,爭軒,1
36951,大似,1
36952,似烈,1
36953,烈士,1
36954,士膽,1
36955,膽圓,1
36956,圓如,1
36957,如戰,1
36958,馬纓,1
36959,纓劉,1
36960,上比,1
36961,比香,1
36962,香爐,1
36963,爐尖,1
36964,尖下,1
36965,下與,1
36966,與鏡,1
36967,面平,1
36968,平侯,1
36969,喜秋,1
36970,秋瓜,1
36971,瓜未,1
36972,未落,1
36973,落蒂,1
36974,蒂凍,1
36975,凍芋,1
36976,芋強,1
36977,強抽,1
36978,抽萌,1
36979,萌軒,1
36980,明一,1
36981,一塊,1
36982,塊元,1
36983,元氣,1
36984,氣閉,1
36985,閉細,1
36986,細泉,1
36987,泉幽,1
36988,幽竇,1
36989,竇傾,1
36990,傾劉,1
36991,服不,1
36992,不值,1
36993,值輸,1
36994,輸寫,1
36995,寫處,1
36996,處焉,1
36997,焉知,1
36998,知懷,1
36999,抱清,1
37000,清侯,1
37001,喜方,1
37002,當洪,1
37003,爐然,1
37004,然益,1
37005,益見,1
37006,見小,1
37007,小器,1
37008,器盈,1
37009,盈軒,1
37010,明睆,1
37011,睆睆,1
37012,睆無,1
37013,無刃,1
37014,刃跡,1
37015,跡團,1
37016,團類,1
37017,天成,1
37018,成劉,1
37019,服遙,1
37020,遙疑,1
37021,疑龜,1
37022,龜負,1
37023,負圖,1
37024,圖出,1
37025,出曝,1
37026,曝曉,1
37027,曉正,1
37028,正晴,1
37029,晴侯,1
37030,喜旁,1
37031,雙耳,1
37032,耳穿,1
37033,穿上,1
37034,有孤,1
37035,孤髻,1
37036,髻撐,1
37037,撐或,1
37038,或訝,1
37039,訝短,1
37040,短尾,1
37041,尾銚,1
37042,銚又,1
37043,又似,1
37044,似無,1
37045,無足,1
37046,足鐺,1
37047,鐺劉,1
37048,服可,1
37049,惜寒,1
37050,食球,1
37051,球擲,1
37052,擲此,1
37053,此傍,1
37054,傍路,1
37055,路坑,1
37056,坑侯,1
37057,喜何,1
37058,當出,1
37059,出灰,1
37060,灰灺,1
37061,灺無,1
37062,無計,1
37063,計離,1
37064,離瓶,1
37065,罌軒,1
37066,明陋,1
37067,陋質,1
37068,質荷,1
37069,荷斟,1
37070,酌狹,1
37071,狹中,1
37072,中愧,1
37073,愧提,1
37074,提擎,1
37075,擎劉,1
37076,服豈,1
37077,能煮,1
37078,煮仙,1
37079,仙藥,1
37080,藥但,1
37081,但未,1
37082,未汙,1
37083,汙羊,1
37084,羊羹,1
37085,羹侯,1
37086,喜形,1
37087,模婦,1
37088,婦女,1
37089,女笑,1
37090,笑度,1
37091,量兒,1
37092,童輕,1
37093,輕軒,1
37094,明徒,1
37095,徒示,1
37096,示堅,1
37097,堅重,1
37098,重性,1
37099,性不,1
37100,過升,1
37101,升合,1
37102,合盛,1
37103,盛劉,1
37104,服傍,1
37105,傍似,1
37106,似廢,1
37107,廢轂,1
37108,轂仰,1
37109,仰側,1
37110,側見,1
37111,見折,1
37112,折軸,1
37113,軸橫,1
37114,橫侯,1
37115,喜時,1
37116,時於,1
37117,於蚯,1
37118,蚓竅,1
37119,竅微,1
37120,微作,1
37121,作蒼,1
37122,蒼蠅,1
37123,蠅鳴,1
37124,鳴軒,1
37125,明以,1
37126,以茲,1
37127,茲翻,1
37128,翻溢,1
37129,溢愆,1
37130,愆實,1
37131,實負,1
37132,負任,1
37133,任使,1
37134,使誠,1
37135,誠劉,1
37136,服常,1
37137,常居,1
37138,居顧,1
37139,顧盼,1
37140,盼地,1
37141,有漏,1
37142,泄情,1
37143,情侯,1
37144,喜寧,1
37145,寧依,1
37146,依暖,1
37147,暖爇,1
37148,爇弊,1
37149,弊不,1
37150,與寒,1
37151,涼並,1
37152,並軒,1
37153,明區,1
37154,區徒,1
37155,自效,1
37156,效瑣,1
37157,瑣瑣,1
37158,瑣不,1
37159,足呈,1
37160,呈侯,1
37161,喜迴,1
37162,旋但,1
37163,但兀,1
37164,兀開,1
37165,開闔,1
37166,闔惟,1
37167,惟鏗,1
37168,鏗鏗,1
37169,鏗劉,1
37170,服全,1
37171,全勝,1
37172,勝瑚,1
37173,璉貴,1
37174,貴空,1
37175,空有,1
37176,口傳,1
37177,傳名,1
37178,名豈,1
37179,比俎,1
37180,俎豆,1
37181,豆古,1
37182,古不,1
37183,為手,1
37184,手所,1
37185,所撜,1
37186,撜軒,1
37187,明磨,1
37188,磨礱,1
37189,礱去,1
37190,去圭,1
37191,角浸,1
37192,浸潤,1
37193,潤著,1
37194,著光,1
37195,光精,1
37196,精願,1
37197,莫嘲,1
37198,嘲誚,1
37199,誚此,1
37200,此物,1
37201,物方,1
37202,方施,1
37203,施行,1
37204,行軒,1
